node	stage	mode	adaptive_id	fixed_id	seed_id	recipe_id	region_id	window_id	aggregate	line_number	iteration	calls	integral_fb	error_fb	relative_error	reported_err_pct	accuracy	efficiency_pct	row_kind	raw_line
P_A00_S0	adaptive	A00_S0	A00		S0					152	1	50002	11.55058	1.92	0.16622541898328913	16.62	37.17	3.97	iteration	1      50002  1.1550580E+01  1.92E+00   16.62   37.17*   3.97
P_A00_S0	adaptive	A00_S0	A00		S0					153	2	50005	11.703683	0.44	0.03759500321394556	3.76	8.41	0.76	iteration	2      50005  1.1703683E+01  4.40E-01    3.76    8.41*   0.76
P_A00_S0	adaptive	A00_S0	A00		S0					154	3	49999	11.537115	0.187	0.016208558205409236	1.62	3.62	1.87	iteration	3      49999  1.1537115E+01  1.87E-01    1.62    3.62*   1.87
P_A00_S0	adaptive	A00_S0	A00		S0					155	4	50004	11.464888	0.126	0.010990076832848259	1.1	2.45	4.03	iteration	4      50004  1.1464888E+01  1.26E-01    1.10    2.45*   4.03
P_A00_S0	adaptive	A00_S0	A00		S0					156	5	49996	11.63893	0.103	0.008849610746005002	0.88	1.98	6.53	iteration	5      49996  1.1638930E+01  1.03E-01    0.88    1.98*   6.53
P_A00_S0	adaptive	A00_S0	A00		S0					158	5	250006	11.567924	0.0722	0.006241396468372372	0.62	3.12	6.53	aggregate	5     250006  1.1567924E+01  7.22E-02    0.62    3.12    6.53    0.32   5
C_A00_S0_F0	fixed	A00_S0_F0	A00	F0	S0					148	1	50002	11.55058	1.92	0.16622541898328913	16.62	37.17	3.97	iteration	1      50002  1.1550580E+01  1.92E+00   16.62   37.17*   3.97
C_A00_S0_F0	fixed	A00_S0_F0	A00	F0	S0					149	2	50005	11.703683	0.44	0.03759500321394556	3.76	8.41	0.76	iteration	2      50005  1.1703683E+01  4.40E-01    3.76    8.41*   0.76
C_A00_S0_F0	fixed	A00_S0_F0	A00	F0	S0					150	3	49999	11.537115	0.187	0.016208558205409236	1.62	3.62	1.87	iteration	3      49999  1.1537115E+01  1.87E-01    1.62    3.62*   1.87
C_A00_S0_F0	fixed	A00_S0_F0	A00	F0	S0					151	4	50004	11.464888	0.126	0.010990076832848259	1.1	2.45	4.03	iteration	4      50004  1.1464888E+01  1.26E-01    1.10    2.45*   4.03
C_A00_S0_F0	fixed	A00_S0_F0	A00	F0	S0					152	5	49996	11.63893	0.103	0.008849610746005002	0.88	1.98	6.53	iteration	5      49996  1.1638930E+01  1.03E-01    0.88    1.98*   6.53
C_A00_S0_F0	fixed	A00_S0_F0	A00	F0	S0					154	5	250006	11.567924	0.0722	0.006241396468372372	0.62	3.12	6.53	aggregate	5     250006  1.1567924E+01  7.22E-02    0.62    3.12    6.53    0.32   5
C_A00_S0_F0	fixed	A00_S0_F0	A00	F0	S0					157	6	200001	11.498615	0.0444	0.0038613346042110294	0.39	1.73	6.6	iteration	6     200001  1.1498615E+01  4.44E-02    0.39    1.73*   6.60
C_A00_S0_F0	fixed	A00_S0_F0	A00	F0	S0					158	7	200001	11.538516	0.0446	0.003865315089046113	0.39	1.73	6.17	iteration	7     200001  1.1538516E+01  4.46E-02    0.39    1.73    6.17
C_A00_S0_F0	fixed	A00_S0_F0	A00	F0	S0					159	8	200001	11.455071	0.0444	0.003876012641039065	0.39	1.73	6.48	iteration	8     200001  1.1455071E+01  4.44E-02    0.39    1.73    6.48
C_A00_S0_F0	fixed	A00_S0_F0	A00	F0	S0					161	8	600003	11.497279	0.0257	0.002235311502834714	0.22	1.73	6.48	aggregate	8     600003  1.1497279E+01  2.57E-02    0.22    1.73    6.48    0.88   3
C_A00_S0_F1	fixed	A00_S0_F1	A00	F1	S0					148	1	50002	11.55058	1.92	0.16622541898328913	16.62	37.17	3.97	iteration	1      50002  1.1550580E+01  1.92E+00   16.62   37.17*   3.97
C_A00_S0_F1	fixed	A00_S0_F1	A00	F1	S0					149	2	50005	11.703683	0.44	0.03759500321394556	3.76	8.41	0.76	iteration	2      50005  1.1703683E+01  4.40E-01    3.76    8.41*   0.76
C_A00_S0_F1	fixed	A00_S0_F1	A00	F1	S0					150	3	49999	11.537115	0.187	0.016208558205409236	1.62	3.62	1.87	iteration	3      49999  1.1537115E+01  1.87E-01    1.62    3.62*   1.87
C_A00_S0_F1	fixed	A00_S0_F1	A00	F1	S0					151	4	50004	11.464888	0.126	0.010990076832848259	1.1	2.45	4.03	iteration	4      50004  1.1464888E+01  1.26E-01    1.10    2.45*   4.03
C_A00_S0_F1	fixed	A00_S0_F1	A00	F1	S0					152	5	49996	11.63893	0.103	0.008849610746005002	0.88	1.98	6.53	iteration	5      49996  1.1638930E+01  1.03E-01    0.88    1.98*   6.53
C_A00_S0_F1	fixed	A00_S0_F1	A00	F1	S0					154	5	250006	11.567924	0.0722	0.006241396468372372	0.62	3.12	6.53	aggregate	5     250006  1.1567924E+01  7.22E-02    0.62    3.12    6.53    0.32   5
C_A00_S0_F1	fixed	A00_S0_F1	A00	F1	S0					157	6	600003	11.491061	0.0256	0.0022278186496442758	0.22	1.73	5.68	iteration	6     600003  1.1491061E+01  2.56E-02    0.22    1.73*   5.68
C_A00_S0_F1	fixed	A00_S0_F1	A00	F1	S0					159	6	600003	11.491061	0.0256	0.0022278186496442758	0.22	1.73	5.68	iteration	6     600003  1.1491061E+01  2.56E-02    0.22    1.73    5.68
C_A00_S0_F2	fixed	A00_S0_F2	A00	F2	S0					148	1	50002	11.55058	1.92	0.16622541898328913	16.62	37.17	3.97	iteration	1      50002  1.1550580E+01  1.92E+00   16.62   37.17*   3.97
C_A00_S0_F2	fixed	A00_S0_F2	A00	F2	S0					149	2	50005	11.703683	0.44	0.03759500321394556	3.76	8.41	0.76	iteration	2      50005  1.1703683E+01  4.40E-01    3.76    8.41*   0.76
C_A00_S0_F2	fixed	A00_S0_F2	A00	F2	S0					150	3	49999	11.537115	0.187	0.016208558205409236	1.62	3.62	1.87	iteration	3      49999  1.1537115E+01  1.87E-01    1.62    3.62*   1.87
C_A00_S0_F2	fixed	A00_S0_F2	A00	F2	S0					151	4	50004	11.464888	0.126	0.010990076832848259	1.1	2.45	4.03	iteration	4      50004  1.1464888E+01  1.26E-01    1.10    2.45*   4.03
C_A00_S0_F2	fixed	A00_S0_F2	A00	F2	S0					152	5	49996	11.63893	0.103	0.008849610746005002	0.88	1.98	6.53	iteration	5      49996  1.1638930E+01  1.03E-01    0.88    1.98*   6.53
C_A00_S0_F2	fixed	A00_S0_F2	A00	F2	S0					154	5	250006	11.567924	0.0722	0.006241396468372372	0.62	3.12	6.53	aggregate	5     250006  1.1567924E+01  7.22E-02    0.62    3.12    6.53    0.32   5
C_A00_S0_F2	fixed	A00_S0_F2	A00	F2	S0					157	6	1939226	11.49313	0.014	0.0012181189980449189	0.12	1.7	4.97	iteration	6    1939226  1.1493130E+01  1.40E-02    0.12    1.70*   4.97
C_A00_S0_F2	fixed	A00_S0_F2	A00	F2	S0					159	6	1939226	11.49313	0.014	0.0012181189980449189	0.12	1.7	4.97	iteration	6    1939226  1.1493130E+01  1.40E-02    0.12    1.70    4.97
P_A00_S1	adaptive	A00_S1	A00		S1					152	1	50011	9.5305387	1.62	0.1699798984080512	17.02	38.07	5.24	iteration	1      50011  9.5305387E+00  1.62E+00   17.02   38.07*   5.24
P_A00_S1	adaptive	A00_S1	A00		S1					153	2	50003	11.63016	0.614	0.05279377067899324	5.28	11.81	0.38	iteration	2      50003  1.1630160E+01  6.14E-01    5.28   11.81*   0.38
P_A00_S1	adaptive	A00_S1	A00		S1					154	3	49994	11.619607	0.246	0.021171111897330088	2.12	4.74	1.24	iteration	3      49994  1.1619607E+01  2.46E-01    2.12    4.74*   1.24
P_A00_S1	adaptive	A00_S1	A00		S1					155	4	50001	11.307234	0.132	0.011673942539793553	1.17	2.62	3.12	iteration	4      50001  1.1307234E+01  1.32E-01    1.17    2.62*   3.12
P_A00_S1	adaptive	A00_S1	A00		S1					156	5	49998	11.393946	0.104	0.009127654282370655	0.91	2.04	4.69	iteration	5      49998  1.1393946E+01  1.04E-01    0.91    2.04*   4.69
P_A00_S1	adaptive	A00_S1	A00		S1					158	5	250007	11.386192	0.0768	0.006745011852953121	0.67	3.37	4.69	aggregate	5     250007  1.1386192E+01  7.68E-02    0.67    3.37    4.69    0.68   5
C_A00_S1_F0	fixed	A00_S1_F0	A00	F0	S1					148	1	50011	9.5305387	1.62	0.1699798984080512	17.02	38.07	5.24	iteration	1      50011  9.5305387E+00  1.62E+00   17.02   38.07*   5.24
C_A00_S1_F0	fixed	A00_S1_F0	A00	F0	S1					149	2	50003	11.63016	0.614	0.05279377067899324	5.28	11.81	0.38	iteration	2      50003  1.1630160E+01  6.14E-01    5.28   11.81*   0.38
C_A00_S1_F0	fixed	A00_S1_F0	A00	F0	S1					150	3	49994	11.619607	0.246	0.021171111897330088	2.12	4.74	1.24	iteration	3      49994  1.1619607E+01  2.46E-01    2.12    4.74*   1.24
C_A00_S1_F0	fixed	A00_S1_F0	A00	F0	S1					151	4	50001	11.307234	0.132	0.011673942539793553	1.17	2.62	3.12	iteration	4      50001  1.1307234E+01  1.32E-01    1.17    2.62*   3.12
C_A00_S1_F0	fixed	A00_S1_F0	A00	F0	S1					152	5	49998	11.393946	0.104	0.009127654282370655	0.91	2.04	4.69	iteration	5      49998  1.1393946E+01  1.04E-01    0.91    2.04*   4.69
C_A00_S1_F0	fixed	A00_S1_F0	A00	F0	S1					154	5	250007	11.386192	0.0768	0.006745011852953121	0.67	3.37	4.69	aggregate	5     250007  1.1386192E+01  7.68E-02    0.67    3.37    4.69    0.68   5
C_A00_S1_F0	fixed	A00_S1_F0	A00	F0	S1					157	6	199999	11.526166	0.0459	0.003982243531804071	0.4	1.78	6.31	iteration	6     199999  1.1526166E+01  4.59E-02    0.40    1.78*   6.31
C_A00_S1_F0	fixed	A00_S1_F0	A00	F0	S1					158	7	199999	11.552712	0.0461	0.003990405023513094	0.4	1.79	5.83	iteration	7     199999  1.1552712E+01  4.61E-02    0.40    1.79    5.83
C_A00_S1_F0	fixed	A00_S1_F0	A00	F0	S1					159	8	199999	11.447017	0.0456	0.003983570566899656	0.4	1.78	5.64	iteration	8     199999  1.1447017E+01  4.56E-02    0.40    1.78*   5.64
C_A00_S1_F0	fixed	A00_S1_F0	A00	F0	S1					161	8	599997	11.508203	0.0265	0.0023027052963872814	0.23	1.78	5.64	aggregate	8     599997  1.1508203E+01  2.65E-02    0.23    1.78    5.64    1.44   3
C_A00_S1_F1	fixed	A00_S1_F1	A00	F1	S1					148	1	50011	9.5305387	1.62	0.1699798984080512	17.02	38.07	5.24	iteration	1      50011  9.5305387E+00  1.62E+00   17.02   38.07*   5.24
C_A00_S1_F1	fixed	A00_S1_F1	A00	F1	S1					149	2	50003	11.63016	0.614	0.05279377067899324	5.28	11.81	0.38	iteration	2      50003  1.1630160E+01  6.14E-01    5.28   11.81*   0.38
C_A00_S1_F1	fixed	A00_S1_F1	A00	F1	S1					150	3	49994	11.619607	0.246	0.021171111897330088	2.12	4.74	1.24	iteration	3      49994  1.1619607E+01  2.46E-01    2.12    4.74*   1.24
C_A00_S1_F1	fixed	A00_S1_F1	A00	F1	S1					151	4	50001	11.307234	0.132	0.011673942539793553	1.17	2.62	3.12	iteration	4      50001  1.1307234E+01  1.32E-01    1.17    2.62*   3.12
C_A00_S1_F1	fixed	A00_S1_F1	A00	F1	S1					152	5	49998	11.393946	0.104	0.009127654282370655	0.91	2.04	4.69	iteration	5      49998  1.1393946E+01  1.04E-01    0.91    2.04*   4.69
C_A00_S1_F1	fixed	A00_S1_F1	A00	F1	S1					154	5	250007	11.386192	0.0768	0.006745011852953121	0.67	3.37	4.69	aggregate	5     250007  1.1386192E+01  7.68E-02    0.67    3.37    4.69    0.68   5
C_A00_S1_F1	fixed	A00_S1_F1	A00	F1	S1					157	6	600001	11.544507	0.0266	0.002304126109499522	0.23	1.78	4.73	iteration	6     600001  1.1544507E+01  2.66E-02    0.23    1.78*   4.73
C_A00_S1_F1	fixed	A00_S1_F1	A00	F1	S1					159	6	600001	11.544507	0.0266	0.002304126109499522	0.23	1.78	4.73	iteration	6     600001  1.1544507E+01  2.66E-02    0.23    1.78    4.73
C_A00_S1_F2	fixed	A00_S1_F2	A00	F2	S1					148	1	50011	9.5305387	1.62	0.1699798984080512	17.02	38.07	5.24	iteration	1      50011  9.5305387E+00  1.62E+00   17.02   38.07*   5.24
C_A00_S1_F2	fixed	A00_S1_F2	A00	F2	S1					149	2	50003	11.63016	0.614	0.05279377067899324	5.28	11.81	0.38	iteration	2      50003  1.1630160E+01  6.14E-01    5.28   11.81*   0.38
C_A00_S1_F2	fixed	A00_S1_F2	A00	F2	S1					150	3	49994	11.619607	0.246	0.021171111897330088	2.12	4.74	1.24	iteration	3      49994  1.1619607E+01  2.46E-01    2.12    4.74*   1.24
C_A00_S1_F2	fixed	A00_S1_F2	A00	F2	S1					151	4	50001	11.307234	0.132	0.011673942539793553	1.17	2.62	3.12	iteration	4      50001  1.1307234E+01  1.32E-01    1.17    2.62*   3.12
C_A00_S1_F2	fixed	A00_S1_F2	A00	F2	S1					152	5	49998	11.393946	0.104	0.009127654282370655	0.91	2.04	4.69	iteration	5      49998  1.1393946E+01  1.04E-01    0.91    2.04*   4.69
C_A00_S1_F2	fixed	A00_S1_F2	A00	F2	S1					154	5	250007	11.386192	0.0768	0.006745011852953121	0.67	3.37	4.69	aggregate	5     250007  1.1386192E+01  7.68E-02    0.67    3.37    4.69    0.68   5
C_A00_S1_F2	fixed	A00_S1_F2	A00	F2	S1					157	6	1929728	11.488659	0.0146	0.0012708184654101058	0.13	1.77	4.32	iteration	6    1929728  1.1488659E+01  1.46E-02    0.13    1.77*   4.32
C_A00_S1_F2	fixed	A00_S1_F2	A00	F2	S1					159	6	1929728	11.488659	0.0146	0.0012708184654101058	0.13	1.77	4.32	iteration	6    1929728  1.1488659E+01  1.46E-02    0.13    1.77    4.32
P_A00_S2	adaptive	A00_S2	A00		S2					152	1	49990	12.319105	2.22	0.18020789659638425	18.06	40.38	5.64	iteration	1      49990  1.2319105E+01  2.22E+00   18.06   40.38*   5.64
P_A00_S2	adaptive	A00_S2	A00		S2					153	2	49996	11.394047	0.398	0.034930521174785394	3.49	7.81	0.72	iteration	2      49996  1.1394047E+01  3.98E-01    3.49    7.81*   0.72
P_A00_S2	adaptive	A00_S2	A00		S2					154	3	50002	11.713681	0.185	0.015793498218023866	1.58	3.53	1.97	iteration	3      50002  1.1713681E+01  1.85E-01    1.58    3.53*   1.97
P_A00_S2	adaptive	A00_S2	A00		S2					155	4	49997	11.5163	0.123	0.010680513706659258	1.07	2.38	2.88	iteration	4      49997  1.1516300E+01  1.23E-01    1.07    2.38*   2.88
P_A00_S2	adaptive	A00_S2	A00		S2					156	5	50006	11.480334	0.1	0.008710547968377924	0.87	1.95	6.66	iteration	5      50006  1.1480334E+01  1.00E-01    0.87    1.95*   6.66
P_A00_S2	adaptive	A00_S2	A00		S2					158	5	249991	11.524139	0.0704	0.006108916249621773	0.61	3.05	6.66	aggregate	5     249991  1.1524139E+01  7.04E-02    0.61    3.05    6.66    0.37   5
C_A00_S2_F0	fixed	A00_S2_F0	A00	F0	S2					148	1	49990	12.319105	2.22	0.18020789659638425	18.06	40.38	5.64	iteration	1      49990  1.2319105E+01  2.22E+00   18.06   40.38*   5.64
C_A00_S2_F0	fixed	A00_S2_F0	A00	F0	S2					149	2	49996	11.394047	0.398	0.034930521174785394	3.49	7.81	0.72	iteration	2      49996  1.1394047E+01  3.98E-01    3.49    7.81*   0.72
C_A00_S2_F0	fixed	A00_S2_F0	A00	F0	S2					150	3	50002	11.713681	0.185	0.015793498218023866	1.58	3.53	1.97	iteration	3      50002  1.1713681E+01  1.85E-01    1.58    3.53*   1.97
C_A00_S2_F0	fixed	A00_S2_F0	A00	F0	S2					151	4	49997	11.5163	0.123	0.010680513706659258	1.07	2.38	2.88	iteration	4      49997  1.1516300E+01  1.23E-01    1.07    2.38*   2.88
C_A00_S2_F0	fixed	A00_S2_F0	A00	F0	S2					152	5	50006	11.480334	0.1	0.008710547968377924	0.87	1.95	6.66	iteration	5      50006  1.1480334E+01  1.00E-01    0.87    1.95*   6.66
C_A00_S2_F0	fixed	A00_S2_F0	A00	F0	S2					154	5	249991	11.524139	0.0704	0.006108916249621773	0.61	3.05	6.66	aggregate	5     249991  1.1524139E+01  7.04E-02    0.61    3.05    6.66    0.37   5
C_A00_S2_F0	fixed	A00_S2_F0	A00	F0	S2					157	6	200005	11.493467	0.0447	0.0038891659061621696	0.39	1.74	6.42	iteration	6     200005  1.1493467E+01  4.47E-02    0.39    1.74*   6.42
C_A00_S2_F0	fixed	A00_S2_F0	A00	F0	S2					158	7	200005	11.485885	0.0446	0.0038830268629713774	0.39	1.74	6.4	iteration	7     200005  1.1485885E+01  4.46E-02    0.39    1.74*   6.40
C_A00_S2_F0	fixed	A00_S2_F0	A00	F0	S2					159	8	200005	11.46813	0.0447	0.00389775839653021	0.39	1.74	5.77	iteration	8     200005  1.1468130E+01  4.47E-02    0.39    1.74    5.77
C_A00_S2_F0	fixed	A00_S2_F0	A00	F0	S2					161	8	600015	11.482492	0.0258	0.002246899018087711	0.22	1.74	5.77	aggregate	8     600015  1.1482492E+01  2.58E-02    0.22    1.74    5.77    0.08   3
C_A00_S2_F1	fixed	A00_S2_F1	A00	F1	S2					148	1	49990	12.319105	2.22	0.18020789659638425	18.06	40.38	5.64	iteration	1      49990  1.2319105E+01  2.22E+00   18.06   40.38*   5.64
C_A00_S2_F1	fixed	A00_S2_F1	A00	F1	S2					149	2	49996	11.394047	0.398	0.034930521174785394	3.49	7.81	0.72	iteration	2      49996  1.1394047E+01  3.98E-01    3.49    7.81*   0.72
C_A00_S2_F1	fixed	A00_S2_F1	A00	F1	S2					150	3	50002	11.713681	0.185	0.015793498218023866	1.58	3.53	1.97	iteration	3      50002  1.1713681E+01  1.85E-01    1.58    3.53*   1.97
C_A00_S2_F1	fixed	A00_S2_F1	A00	F1	S2					151	4	49997	11.5163	0.123	0.010680513706659258	1.07	2.38	2.88	iteration	4      49997  1.1516300E+01  1.23E-01    1.07    2.38*   2.88
C_A00_S2_F1	fixed	A00_S2_F1	A00	F1	S2					152	5	50006	11.480334	0.1	0.008710547968377924	0.87	1.95	6.66	iteration	5      50006  1.1480334E+01  1.00E-01    0.87    1.95*   6.66
C_A00_S2_F1	fixed	A00_S2_F1	A00	F1	S2					154	5	249991	11.524139	0.0704	0.006108916249621773	0.61	3.05	6.66	aggregate	5     249991  1.1524139E+01  7.04E-02    0.61    3.05    6.66    0.37   5
C_A00_S2_F1	fixed	A00_S2_F1	A00	F1	S2					157	6	600000	11.489031	0.0258	0.0022456201919900816	0.22	1.74	5.29	iteration	6     600000  1.1489031E+01  2.58E-02    0.22    1.74*   5.29
C_A00_S2_F1	fixed	A00_S2_F1	A00	F1	S2					159	6	600000	11.489031	0.0258	0.0022456201919900816	0.22	1.74	5.29	iteration	6     600000  1.1489031E+01  2.58E-02    0.22    1.74    5.29
C_A00_S2_F2	fixed	A00_S2_F2	A00	F2	S2					148	1	49990	12.319105	2.22	0.18020789659638425	18.06	40.38	5.64	iteration	1      49990  1.2319105E+01  2.22E+00   18.06   40.38*   5.64
C_A00_S2_F2	fixed	A00_S2_F2	A00	F2	S2					149	2	49996	11.394047	0.398	0.034930521174785394	3.49	7.81	0.72	iteration	2      49996  1.1394047E+01  3.98E-01    3.49    7.81*   0.72
C_A00_S2_F2	fixed	A00_S2_F2	A00	F2	S2					150	3	50002	11.713681	0.185	0.015793498218023866	1.58	3.53	1.97	iteration	3      50002  1.1713681E+01  1.85E-01    1.58    3.53*   1.97
C_A00_S2_F2	fixed	A00_S2_F2	A00	F2	S2					151	4	49997	11.5163	0.123	0.010680513706659258	1.07	2.38	2.88	iteration	4      49997  1.1516300E+01  1.23E-01    1.07    2.38*   2.88
C_A00_S2_F2	fixed	A00_S2_F2	A00	F2	S2					152	5	50006	11.480334	0.1	0.008710547968377924	0.87	1.95	6.66	iteration	5      50006  1.1480334E+01  1.00E-01    0.87    1.95*   6.66
C_A00_S2_F2	fixed	A00_S2_F2	A00	F2	S2					154	5	249991	11.524139	0.0704	0.006108916249621773	0.61	3.05	6.66	aggregate	5     249991  1.1524139E+01  7.04E-02    0.61    3.05    6.66    0.37   5
C_A00_S2_F2	fixed	A00_S2_F2	A00	F2	S2					157	6	1908144	11.486271	0.0144	0.0012536705776835667	0.13	1.73	4.4	iteration	6    1908144  1.1486271E+01  1.44E-02    0.13    1.73*   4.40
C_A00_S2_F2	fixed	A00_S2_F2	A00	F2	S2					159	6	1908144	11.486271	0.0144	0.0012536705776835667	0.13	1.73	4.4	iteration	6    1908144  1.1486271E+01  1.44E-02    0.13    1.73    4.40
P_A00_S3	adaptive	A00_S3	A00		S3					152	1	50007	9.6591324	2.21	0.22879901718709228	22.89	51.18	3.81	iteration	1      50007  9.6591324E+00  2.21E+00   22.89   51.18*   3.81
P_A00_S3	adaptive	A00_S3	A00		S3					153	2	49997	11.297129	0.66	0.058421922950512475	5.85	13.07	0.35	iteration	2      49997  1.1297129E+01  6.60E-01    5.85   13.07*   0.35
P_A00_S3	adaptive	A00_S3	A00		S3					154	3	50000	11.234113	0.27	0.024033940196257594	2.4	5.37	1.05	iteration	3      50000  1.1234113E+01  2.70E-01    2.40    5.37*   1.05
P_A00_S3	adaptive	A00_S3	A00		S3					155	4	50001	11.309373	0.136	0.012025423513752707	1.2	2.69	3.28	iteration	4      50001  1.1309373E+01  1.36E-01    1.20    2.69*   3.28
P_A00_S3	adaptive	A00_S3	A00		S3					156	5	50002	11.452188	0.102	0.008906594966830793	0.89	1.99	5.33	iteration	5      50002  1.1452188E+01  1.02E-01    0.89    1.99*   5.33
P_A00_S3	adaptive	A00_S3	A00		S3					158	5	250007	11.383322	0.0775	0.006808205899824322	0.68	3.41	5.33	aggregate	5     250007  1.1383322E+01  7.75E-02    0.68    3.41    5.33    0.42   5
C_A00_S3_F0	fixed	A00_S3_F0	A00	F0	S3					148	1	50007	9.6591324	2.21	0.22879901718709228	22.89	51.18	3.81	iteration	1      50007  9.6591324E+00  2.21E+00   22.89   51.18*   3.81
C_A00_S3_F0	fixed	A00_S3_F0	A00	F0	S3					149	2	49997	11.297129	0.66	0.058421922950512475	5.85	13.07	0.35	iteration	2      49997  1.1297129E+01  6.60E-01    5.85   13.07*   0.35
C_A00_S3_F0	fixed	A00_S3_F0	A00	F0	S3					150	3	50000	11.234113	0.27	0.024033940196257594	2.4	5.37	1.05	iteration	3      50000  1.1234113E+01  2.70E-01    2.40    5.37*   1.05
C_A00_S3_F0	fixed	A00_S3_F0	A00	F0	S3					151	4	50001	11.309373	0.136	0.012025423513752707	1.2	2.69	3.28	iteration	4      50001  1.1309373E+01  1.36E-01    1.20    2.69*   3.28
C_A00_S3_F0	fixed	A00_S3_F0	A00	F0	S3					152	5	50002	11.452188	0.102	0.008906594966830793	0.89	1.99	5.33	iteration	5      50002  1.1452188E+01  1.02E-01    0.89    1.99*   5.33
C_A00_S3_F0	fixed	A00_S3_F0	A00	F0	S3					154	5	250007	11.383322	0.0775	0.006808205899824322	0.68	3.41	5.33	aggregate	5     250007  1.1383322E+01  7.75E-02    0.68    3.41    5.33    0.42   5
C_A00_S3_F0	fixed	A00_S3_F0	A00	F0	S3					157	6	199999	11.497863	0.0447	0.0038876789539064776	0.39	1.74	6.25	iteration	6     199999  1.1497863E+01  4.47E-02    0.39    1.74*   6.25
C_A00_S3_F0	fixed	A00_S3_F0	A00	F0	S3					158	7	199999	11.488269	0.0445	0.0038735165410907417	0.39	1.73	6.96	iteration	7     199999  1.1488269E+01  4.45E-02    0.39    1.73*   6.96
C_A00_S3_F0	fixed	A00_S3_F0	A00	F0	S3					159	8	199999	11.50092	0.0446	0.003877950633514536	0.39	1.73	5.77	iteration	8     199999  1.1500920E+01  4.46E-02    0.39    1.73    5.77
C_A00_S3_F0	fixed	A00_S3_F0	A00	F0	S3					161	8	599997	11.495673	0.0258	0.0022443227116846487	0.22	1.74	5.77	aggregate	8     599997  1.1495673E+01  2.58E-02    0.22    1.74    5.77    0.02   3
C_A00_S3_F1	fixed	A00_S3_F1	A00	F1	S3					148	1	50007	9.6591324	2.21	0.22879901718709228	22.89	51.18	3.81	iteration	1      50007  9.6591324E+00  2.21E+00   22.89   51.18*   3.81
C_A00_S3_F1	fixed	A00_S3_F1	A00	F1	S3					149	2	49997	11.297129	0.66	0.058421922950512475	5.85	13.07	0.35	iteration	2      49997  1.1297129E+01  6.60E-01    5.85   13.07*   0.35
C_A00_S3_F1	fixed	A00_S3_F1	A00	F1	S3					150	3	50000	11.234113	0.27	0.024033940196257594	2.4	5.37	1.05	iteration	3      50000  1.1234113E+01  2.70E-01    2.40    5.37*   1.05
C_A00_S3_F1	fixed	A00_S3_F1	A00	F1	S3					151	4	50001	11.309373	0.136	0.012025423513752707	1.2	2.69	3.28	iteration	4      50001  1.1309373E+01  1.36E-01    1.20    2.69*   3.28
C_A00_S3_F1	fixed	A00_S3_F1	A00	F1	S3					152	5	50002	11.452188	0.102	0.008906594966830793	0.89	1.99	5.33	iteration	5      50002  1.1452188E+01  1.02E-01    0.89    1.99*   5.33
C_A00_S3_F1	fixed	A00_S3_F1	A00	F1	S3					154	5	250007	11.383322	0.0775	0.006808205899824322	0.68	3.41	5.33	aggregate	5     250007  1.1383322E+01  7.75E-02    0.68    3.41    5.33    0.42   5
C_A00_S3_F1	fixed	A00_S3_F1	A00	F1	S3					157	6	600000	11.479678	0.0258	0.0022474497978079177	0.22	1.74	5.74	iteration	6     600000  1.1479678E+01  2.58E-02    0.22    1.74*   5.74
C_A00_S3_F1	fixed	A00_S3_F1	A00	F1	S3					159	6	600000	11.479678	0.0258	0.0022474497978079177	0.22	1.74	5.74	iteration	6     600000  1.1479678E+01  2.58E-02    0.22    1.74    5.74
C_A00_S3_F2	fixed	A00_S3_F2	A00	F2	S3					148	1	50007	9.6591324	2.21	0.22879901718709228	22.89	51.18	3.81	iteration	1      50007  9.6591324E+00  2.21E+00   22.89   51.18*   3.81
C_A00_S3_F2	fixed	A00_S3_F2	A00	F2	S3					149	2	49997	11.297129	0.66	0.058421922950512475	5.85	13.07	0.35	iteration	2      49997  1.1297129E+01  6.60E-01    5.85   13.07*   0.35
C_A00_S3_F2	fixed	A00_S3_F2	A00	F2	S3					150	3	50000	11.234113	0.27	0.024033940196257594	2.4	5.37	1.05	iteration	3      50000  1.1234113E+01  2.70E-01    2.40    5.37*   1.05
C_A00_S3_F2	fixed	A00_S3_F2	A00	F2	S3					151	4	50001	11.309373	0.136	0.012025423513752707	1.2	2.69	3.28	iteration	4      50001  1.1309373E+01  1.36E-01    1.20    2.69*   3.28
C_A00_S3_F2	fixed	A00_S3_F2	A00	F2	S3					152	5	50002	11.452188	0.102	0.008906594966830793	0.89	1.99	5.33	iteration	5      50002  1.1452188E+01  1.02E-01    0.89    1.99*   5.33
C_A00_S3_F2	fixed	A00_S3_F2	A00	F2	S3					154	5	250007	11.383322	0.0775	0.006808205899824322	0.68	3.41	5.33	aggregate	5     250007  1.1383322E+01  7.75E-02    0.68    3.41    5.33    0.42   5
C_A00_S3_F2	fixed	A00_S3_F2	A00	F2	S3					157	6	1926418	11.497795	0.0141	0.0012263220904529955	0.12	1.71	4.67	iteration	6    1926418  1.1497795E+01  1.41E-02    0.12    1.71*   4.67
C_A00_S3_F2	fixed	A00_S3_F2	A00	F2	S3					159	6	1926418	11.497795	0.0141	0.0012263220904529955	0.12	1.71	4.67	iteration	6    1926418  1.1497795E+01  1.41E-02    0.12    1.71    4.67
P_A00_S4	adaptive	A00_S4	A00		S4					152	1	49989	12.423996	2.09	0.16822284875172205	16.83	37.62	5.44	iteration	1      49989  1.2423996E+01  2.09E+00   16.83   37.62*   5.44
P_A00_S4	adaptive	A00_S4	A00		S4					153	2	50001	11.679721	0.34	0.029110284398060536	2.91	6.52	1.13	iteration	2      50001  1.1679721E+01  3.40E-01    2.91    6.52*   1.13
P_A00_S4	adaptive	A00_S4	A00		S4					154	3	49995	11.60024	0.156	0.01344799762763529	1.34	3.0	2.76	iteration	3      49995  1.1600240E+01  1.56E-01    1.34    3.00*   2.76
P_A00_S4	adaptive	A00_S4	A00		S4					155	4	49997	11.555806	0.111	0.009605561048705732	0.96	2.14	4.84	iteration	4      49997  1.1555806E+01  1.11E-01    0.96    2.14*   4.84
P_A00_S4	adaptive	A00_S4	A00		S4					156	5	50002	11.51942	0.0965	0.008377157877740373	0.84	1.87	6.86	iteration	5      50002  1.1519420E+01  9.65E-02    0.84    1.87*   6.86
P_A00_S4	adaptive	A00_S4	A00		S4					158	5	249984	11.552447	0.0646	0.005591888887263452	0.56	2.8	6.86	aggregate	5     249984  1.1552447E+01  6.46E-02    0.56    2.80    6.86    0.13   5
C_A00_S4_F0	fixed	A00_S4_F0	A00	F0	S4					148	1	49989	12.423996	2.09	0.16822284875172205	16.83	37.62	5.44	iteration	1      49989  1.2423996E+01  2.09E+00   16.83   37.62*   5.44
C_A00_S4_F0	fixed	A00_S4_F0	A00	F0	S4					149	2	50001	11.679721	0.34	0.029110284398060536	2.91	6.52	1.13	iteration	2      50001  1.1679721E+01  3.40E-01    2.91    6.52*   1.13
C_A00_S4_F0	fixed	A00_S4_F0	A00	F0	S4					150	3	49995	11.60024	0.156	0.01344799762763529	1.34	3.0	2.76	iteration	3      49995  1.1600240E+01  1.56E-01    1.34    3.00*   2.76
C_A00_S4_F0	fixed	A00_S4_F0	A00	F0	S4					151	4	49997	11.555806	0.111	0.009605561048705732	0.96	2.14	4.84	iteration	4      49997  1.1555806E+01  1.11E-01    0.96    2.14*   4.84
C_A00_S4_F0	fixed	A00_S4_F0	A00	F0	S4					152	5	50002	11.51942	0.0965	0.008377157877740373	0.84	1.87	6.86	iteration	5      50002  1.1519420E+01  9.65E-02    0.84    1.87*   6.86
C_A00_S4_F0	fixed	A00_S4_F0	A00	F0	S4					154	5	249984	11.552447	0.0646	0.005591888887263452	0.56	2.8	6.86	aggregate	5     249984  1.1552447E+01  6.46E-02    0.56    2.80    6.86    0.13   5
C_A00_S4_F0	fixed	A00_S4_F0	A00	F0	S4					157	6	200001	11.430014	0.0439	0.003840765199412704	0.38	1.72	6.59	iteration	6     200001  1.1430014E+01  4.39E-02    0.38    1.72*   6.59
C_A00_S4_F0	fixed	A00_S4_F0	A00	F0	S4					158	7	200001	11.498848	0.0441	0.003835166792360417	0.38	1.72	6.69	iteration	7     200001  1.1498848E+01  4.41E-02    0.38    1.72    6.69
C_A00_S4_F0	fixed	A00_S4_F0	A00	F0	S4					159	8	200001	11.455472	0.0442	0.003858418055580774	0.39	1.73	6.61	iteration	8     200001  1.1455472E+01  4.42E-02    0.39    1.73    6.61
C_A00_S4_F0	fixed	A00_S4_F0	A00	F0	S4					161	8	600003	11.46131	0.0254	0.0022161515568464686	0.22	1.72	6.61	aggregate	8     600003  1.1461310E+01  2.54E-02    0.22    1.72    6.61    0.62   3
C_A00_S4_F1	fixed	A00_S4_F1	A00	F1	S4					148	1	49989	12.423996	2.09	0.16822284875172205	16.83	37.62	5.44	iteration	1      49989  1.2423996E+01  2.09E+00   16.83   37.62*   5.44
C_A00_S4_F1	fixed	A00_S4_F1	A00	F1	S4					149	2	50001	11.679721	0.34	0.029110284398060536	2.91	6.52	1.13	iteration	2      50001  1.1679721E+01  3.40E-01    2.91    6.52*   1.13
C_A00_S4_F1	fixed	A00_S4_F1	A00	F1	S4					150	3	49995	11.60024	0.156	0.01344799762763529	1.34	3.0	2.76	iteration	3      49995  1.1600240E+01  1.56E-01    1.34    3.00*   2.76
C_A00_S4_F1	fixed	A00_S4_F1	A00	F1	S4					151	4	49997	11.555806	0.111	0.009605561048705732	0.96	2.14	4.84	iteration	4      49997  1.1555806E+01  1.11E-01    0.96    2.14*   4.84
C_A00_S4_F1	fixed	A00_S4_F1	A00	F1	S4					152	5	50002	11.51942	0.0965	0.008377157877740373	0.84	1.87	6.86	iteration	5      50002  1.1519420E+01  9.65E-02    0.84    1.87*   6.86
C_A00_S4_F1	fixed	A00_S4_F1	A00	F1	S4					154	5	249984	11.552447	0.0646	0.005591888887263452	0.56	2.8	6.86	aggregate	5     249984  1.1552447E+01  6.46E-02    0.56    2.80    6.86    0.13   5
C_A00_S4_F1	fixed	A00_S4_F1	A00	F1	S4					157	6	600001	11.46277	0.0255	0.0022245931829740976	0.22	1.72	5.59	iteration	6     600001  1.1462770E+01  2.55E-02    0.22    1.72*   5.59
C_A00_S4_F1	fixed	A00_S4_F1	A00	F1	S4					159	6	600001	11.46277	0.0255	0.0022245931829740976	0.22	1.72	5.59	iteration	6     600001  1.1462770E+01  2.55E-02    0.22    1.72    5.59
C_A00_S4_F2	fixed	A00_S4_F2	A00	F2	S4					148	1	49989	12.423996	2.09	0.16822284875172205	16.83	37.62	5.44	iteration	1      49989  1.2423996E+01  2.09E+00   16.83   37.62*   5.44
C_A00_S4_F2	fixed	A00_S4_F2	A00	F2	S4					149	2	50001	11.679721	0.34	0.029110284398060536	2.91	6.52	1.13	iteration	2      50001  1.1679721E+01  3.40E-01    2.91    6.52*   1.13
C_A00_S4_F2	fixed	A00_S4_F2	A00	F2	S4					150	3	49995	11.60024	0.156	0.01344799762763529	1.34	3.0	2.76	iteration	3      49995  1.1600240E+01  1.56E-01    1.34    3.00*   2.76
C_A00_S4_F2	fixed	A00_S4_F2	A00	F2	S4					151	4	49997	11.555806	0.111	0.009605561048705732	0.96	2.14	4.84	iteration	4      49997  1.1555806E+01  1.11E-01    0.96    2.14*   4.84
C_A00_S4_F2	fixed	A00_S4_F2	A00	F2	S4					152	5	50002	11.51942	0.0965	0.008377157877740373	0.84	1.87	6.86	iteration	5      50002  1.1519420E+01  9.65E-02    0.84    1.87*   6.86
C_A00_S4_F2	fixed	A00_S4_F2	A00	F2	S4					154	5	249984	11.552447	0.0646	0.005591888887263452	0.56	2.8	6.86	aggregate	5     249984  1.1552447E+01  6.46E-02    0.56    2.80    6.86    0.13   5
C_A00_S4_F2	fixed	A00_S4_F2	A00	F2	S4					157	6	1911040	11.484828	0.0141	0.0012277066752762861	0.12	1.7	4.72	iteration	6    1911040  1.1484828E+01  1.41E-02    0.12    1.70*   4.72
C_A00_S4_F2	fixed	A00_S4_F2	A00	F2	S4					159	6	1911040	11.484828	0.0141	0.0012277066752762861	0.12	1.7	4.72	iteration	6    1911040  1.1484828E+01  1.41E-02    0.12    1.70    4.72
P_A00_S5	adaptive	A00_S5	A00		S5					152	1	50016	10.648693	2.2	0.20659812429562954	20.69	46.28	4.81	iteration	1      50016  1.0648693E+01  2.20E+00   20.69   46.28*   4.81
P_A00_S5	adaptive	A00_S5	A00		S5					153	2	49994	12.374664	0.815	0.06586037406753023	6.59	14.73	0.3	iteration	2      49994  1.2374664E+01  8.15E-01    6.59   14.73*   0.30
P_A00_S5	adaptive	A00_S5	A00		S5					154	3	49999	11.62938	0.253	0.021755244045684293	2.17	4.86	0.72	iteration	3      49999  1.1629380E+01  2.53E-01    2.17    4.86*   0.72
P_A00_S5	adaptive	A00_S5	A00		S5					155	4	49998	11.523551	0.138	0.01197547526799682	1.2	2.68	2.83	iteration	4      49998  1.1523551E+01  1.38E-01    1.20    2.68*   2.83
P_A00_S5	adaptive	A00_S5	A00		S5					156	5	49999	11.553489	0.105	0.009088163757285786	0.91	2.03	5.2	iteration	5      49999  1.1553489E+01  1.05E-01    0.91    2.03*   5.20
P_A00_S5	adaptive	A00_S5	A00		S5					158	5	250006	11.557616	0.0788	0.006818015064698464	0.68	3.41	5.2	aggregate	5     250006  1.1557616E+01  7.88E-02    0.68    3.41    5.20    0.33   5
C_A00_S5_F0	fixed	A00_S5_F0	A00	F0	S5					148	1	50016	10.648693	2.2	0.20659812429562954	20.69	46.28	4.81	iteration	1      50016  1.0648693E+01  2.20E+00   20.69   46.28*   4.81
C_A00_S5_F0	fixed	A00_S5_F0	A00	F0	S5					149	2	49994	12.374664	0.815	0.06586037406753023	6.59	14.73	0.3	iteration	2      49994  1.2374664E+01  8.15E-01    6.59   14.73*   0.30
C_A00_S5_F0	fixed	A00_S5_F0	A00	F0	S5					150	3	49999	11.62938	0.253	0.021755244045684293	2.17	4.86	0.72	iteration	3      49999  1.1629380E+01  2.53E-01    2.17    4.86*   0.72
C_A00_S5_F0	fixed	A00_S5_F0	A00	F0	S5					151	4	49998	11.523551	0.138	0.01197547526799682	1.2	2.68	2.83	iteration	4      49998  1.1523551E+01  1.38E-01    1.20    2.68*   2.83
C_A00_S5_F0	fixed	A00_S5_F0	A00	F0	S5					152	5	49999	11.553489	0.105	0.009088163757285786	0.91	2.03	5.2	iteration	5      49999  1.1553489E+01  1.05E-01    0.91    2.03*   5.20
C_A00_S5_F0	fixed	A00_S5_F0	A00	F0	S5					154	5	250006	11.557616	0.0788	0.006818015064698464	0.68	3.41	5.2	aggregate	5     250006  1.1557616E+01  7.88E-02    0.68    3.41    5.20    0.33   5
C_A00_S5_F0	fixed	A00_S5_F0	A00	F0	S5					157	6	200003	11.482838	0.046	0.0040059783130267975	0.4	1.79	5.03	iteration	6     200003  1.1482838E+01  4.60E-02    0.40    1.79*   5.03
C_A00_S5_F0	fixed	A00_S5_F0	A00	F0	S5					158	7	200003	11.497903	0.0458	0.003983335048138778	0.4	1.78	6.07	iteration	7     200003  1.1497903E+01  4.58E-02    0.40    1.78*   6.07
C_A00_S5_F0	fixed	A00_S5_F0	A00	F0	S5					159	8	200003	11.462613	0.0458	0.003995598560293364	0.4	1.79	5.11	iteration	8     200003  1.1462613E+01  4.58E-02    0.40    1.79    5.11
C_A00_S5_F0	fixed	A00_S5_F0	A00	F0	S5					161	8	600009	11.481106	0.0265	0.002308139999752637	0.23	1.79	5.11	aggregate	8     600009  1.1481106E+01  2.65E-02    0.23    1.79    5.11    0.15   3
C_A00_S5_F1	fixed	A00_S5_F1	A00	F1	S5					148	1	50016	10.648693	2.2	0.20659812429562954	20.69	46.28	4.81	iteration	1      50016  1.0648693E+01  2.20E+00   20.69   46.28*   4.81
C_A00_S5_F1	fixed	A00_S5_F1	A00	F1	S5					149	2	49994	12.374664	0.815	0.06586037406753023	6.59	14.73	0.3	iteration	2      49994  1.2374664E+01  8.15E-01    6.59   14.73*   0.30
C_A00_S5_F1	fixed	A00_S5_F1	A00	F1	S5					150	3	49999	11.62938	0.253	0.021755244045684293	2.17	4.86	0.72	iteration	3      49999  1.1629380E+01  2.53E-01    2.17    4.86*   0.72
C_A00_S5_F1	fixed	A00_S5_F1	A00	F1	S5					151	4	49998	11.523551	0.138	0.01197547526799682	1.2	2.68	2.83	iteration	4      49998  1.1523551E+01  1.38E-01    1.20    2.68*   2.83
C_A00_S5_F1	fixed	A00_S5_F1	A00	F1	S5					152	5	49999	11.553489	0.105	0.009088163757285786	0.91	2.03	5.2	iteration	5      49999  1.1553489E+01  1.05E-01    0.91    2.03*   5.20
C_A00_S5_F1	fixed	A00_S5_F1	A00	F1	S5					154	5	250006	11.557616	0.0788	0.006818015064698464	0.68	3.41	5.2	aggregate	5     250006  1.1557616E+01  7.88E-02    0.68    3.41    5.20    0.33   5
C_A00_S5_F1	fixed	A00_S5_F1	A00	F1	S5					157	6	600005	11.513014	0.0266	0.0023104288764002195	0.23	1.79	4.71	iteration	6     600005  1.1513014E+01  2.66E-02    0.23    1.79*   4.71
C_A00_S5_F1	fixed	A00_S5_F1	A00	F1	S5					159	6	600005	11.513014	0.0266	0.0023104288764002195	0.23	1.79	4.71	iteration	6     600005  1.1513014E+01  2.66E-02    0.23    1.79    4.71
C_A00_S5_F2	fixed	A00_S5_F2	A00	F2	S5					148	1	50016	10.648693	2.2	0.20659812429562954	20.69	46.28	4.81	iteration	1      50016  1.0648693E+01  2.20E+00   20.69   46.28*   4.81
C_A00_S5_F2	fixed	A00_S5_F2	A00	F2	S5					149	2	49994	12.374664	0.815	0.06586037406753023	6.59	14.73	0.3	iteration	2      49994  1.2374664E+01  8.15E-01    6.59   14.73*   0.30
C_A00_S5_F2	fixed	A00_S5_F2	A00	F2	S5					150	3	49999	11.62938	0.253	0.021755244045684293	2.17	4.86	0.72	iteration	3      49999  1.1629380E+01  2.53E-01    2.17    4.86*   0.72
C_A00_S5_F2	fixed	A00_S5_F2	A00	F2	S5					151	4	49998	11.523551	0.138	0.01197547526799682	1.2	2.68	2.83	iteration	4      49998  1.1523551E+01  1.38E-01    1.20    2.68*   2.83
C_A00_S5_F2	fixed	A00_S5_F2	A00	F2	S5					152	5	49999	11.553489	0.105	0.009088163757285786	0.91	2.03	5.2	iteration	5      49999  1.1553489E+01  1.05E-01    0.91    2.03*   5.20
C_A00_S5_F2	fixed	A00_S5_F2	A00	F2	S5					154	5	250006	11.557616	0.0788	0.006818015064698464	0.68	3.41	5.2	aggregate	5     250006  1.1557616E+01  7.88E-02    0.68    3.41    5.20    0.33   5
C_A00_S5_F2	fixed	A00_S5_F2	A00	F2	S5					157	6	1965566	11.5003	0.0143	0.0012434458231524396	0.12	1.74	4.01	iteration	6    1965566  1.1500300E+01  1.43E-02    0.12    1.74*   4.01
C_A00_S5_F2	fixed	A00_S5_F2	A00	F2	S5					159	6	1965566	11.5003	0.0143	0.0012434458231524396	0.12	1.74	4.01	iteration	6    1965566  1.1500300E+01  1.43E-02    0.12    1.74    4.01
P_A00_S6	adaptive	A00_S6	A00		S6					152	1	50011	11.0857	1.84	0.16597959533453008	16.62	37.16	5.24	iteration	1      50011  1.1085700E+01  1.84E+00   16.62   37.16*   5.24
P_A00_S6	adaptive	A00_S6	A00		S6					153	2	50000	10.777758	0.36	0.033402123150287844	3.34	7.46	1.01	iteration	2      50000  1.0777758E+01  3.60E-01    3.34    7.46*   1.01
P_A00_S6	adaptive	A00_S6	A00		S6					154	3	50005	11.526355	0.172	0.014922323666067891	1.49	3.34	2.41	iteration	3      50005  1.1526355E+01  1.72E-01    1.49    3.34*   2.41
P_A00_S6	adaptive	A00_S6	A00		S6					155	4	50002	11.541088	0.118	0.01022433933438511	1.02	2.28	5.22	iteration	4      50002  1.1541088E+01  1.18E-01    1.02    2.28*   5.22
P_A00_S6	adaptive	A00_S6	A00		S6					156	5	50000	11.313901	0.102	0.009015458063491981	0.9	2.02	5.6	iteration	5      50000  1.1313901E+01  1.02E-01    0.90    2.02*   5.60
P_A00_S6	adaptive	A00_S6	A00		S6					158	5	250018	11.40603	0.069	0.006049431747943852	0.61	3.03	5.6	aggregate	5     250018  1.1406030E+01  6.90E-02    0.61    3.03    5.60    1.43   5
C_A00_S6_F0	fixed	A00_S6_F0	A00	F0	S6					148	1	50011	11.0857	1.84	0.16597959533453008	16.62	37.16	5.24	iteration	1      50011  1.1085700E+01  1.84E+00   16.62   37.16*   5.24
C_A00_S6_F0	fixed	A00_S6_F0	A00	F0	S6					149	2	50000	10.777758	0.36	0.033402123150287844	3.34	7.46	1.01	iteration	2      50000  1.0777758E+01  3.60E-01    3.34    7.46*   1.01
C_A00_S6_F0	fixed	A00_S6_F0	A00	F0	S6					150	3	50005	11.526355	0.172	0.014922323666067891	1.49	3.34	2.41	iteration	3      50005  1.1526355E+01  1.72E-01    1.49    3.34*   2.41
C_A00_S6_F0	fixed	A00_S6_F0	A00	F0	S6					151	4	50002	11.541088	0.118	0.01022433933438511	1.02	2.28	5.22	iteration	4      50002  1.1541088E+01  1.18E-01    1.02    2.28*   5.22
C_A00_S6_F0	fixed	A00_S6_F0	A00	F0	S6					152	5	50000	11.313901	0.102	0.009015458063491981	0.9	2.02	5.6	iteration	5      50000  1.1313901E+01  1.02E-01    0.90    2.02*   5.60
C_A00_S6_F0	fixed	A00_S6_F0	A00	F0	S6					154	5	250018	11.40603	0.069	0.006049431747943852	0.61	3.03	5.6	aggregate	5     250018  1.1406030E+01  6.90E-02    0.61    3.03    5.60    1.43   5
C_A00_S6_F0	fixed	A00_S6_F0	A00	F0	S6					157	6	200001	11.556457	0.0465	0.00402372457233216	0.4	1.8	6.13	iteration	6     200001  1.1556457E+01  4.65E-02    0.40    1.80*   6.13
C_A00_S6_F0	fixed	A00_S6_F0	A00	F0	S6					158	7	200001	11.486978	0.046	0.004004534525964967	0.4	1.79	5.94	iteration	7     200001  1.1486978E+01  4.60E-02    0.40    1.79*   5.94
C_A00_S6_F0	fixed	A00_S6_F0	A00	F0	S6					159	8	200001	11.466105	0.0461	0.004020545773826422	0.4	1.8	6.2	iteration	8     200001  1.1466105E+01  4.61E-02    0.40    1.80    6.20
C_A00_S6_F0	fixed	A00_S6_F0	A00	F0	S6					161	8	600003	11.502847	0.0267	0.0023211644908430066	0.23	1.8	6.2	aggregate	8     600003  1.1502847E+01  2.67E-02    0.23    1.80    6.20    1.04   3
C_A00_S6_F1	fixed	A00_S6_F1	A00	F1	S6					148	1	50011	11.0857	1.84	0.16597959533453008	16.62	37.16	5.24	iteration	1      50011  1.1085700E+01  1.84E+00   16.62   37.16*   5.24
C_A00_S6_F1	fixed	A00_S6_F1	A00	F1	S6					149	2	50000	10.777758	0.36	0.033402123150287844	3.34	7.46	1.01	iteration	2      50000  1.0777758E+01  3.60E-01    3.34    7.46*   1.01
C_A00_S6_F1	fixed	A00_S6_F1	A00	F1	S6					150	3	50005	11.526355	0.172	0.014922323666067891	1.49	3.34	2.41	iteration	3      50005  1.1526355E+01  1.72E-01    1.49    3.34*   2.41
C_A00_S6_F1	fixed	A00_S6_F1	A00	F1	S6					151	4	50002	11.541088	0.118	0.01022433933438511	1.02	2.28	5.22	iteration	4      50002  1.1541088E+01  1.18E-01    1.02    2.28*   5.22
C_A00_S6_F1	fixed	A00_S6_F1	A00	F1	S6					152	5	50000	11.313901	0.102	0.009015458063491981	0.9	2.02	5.6	iteration	5      50000  1.1313901E+01  1.02E-01    0.90    2.02*   5.60
C_A00_S6_F1	fixed	A00_S6_F1	A00	F1	S6					154	5	250018	11.40603	0.069	0.006049431747943852	0.61	3.03	5.6	aggregate	5     250018  1.1406030E+01  6.90E-02    0.61    3.03    5.60    1.43   5
C_A00_S6_F1	fixed	A00_S6_F1	A00	F1	S6					157	6	600002	11.509421	0.0267	0.0023198386782445446	0.23	1.79	5.05	iteration	6     600002  1.1509421E+01  2.67E-02    0.23    1.79*   5.05
C_A00_S6_F1	fixed	A00_S6_F1	A00	F1	S6					159	6	600002	11.509421	0.0267	0.0023198386782445446	0.23	1.79	5.05	iteration	6     600002  1.1509421E+01  2.67E-02    0.23    1.79    5.05
C_A00_S6_F2	fixed	A00_S6_F2	A00	F2	S6					148	1	50011	11.0857	1.84	0.16597959533453008	16.62	37.16	5.24	iteration	1      50011  1.1085700E+01  1.84E+00   16.62   37.16*   5.24
C_A00_S6_F2	fixed	A00_S6_F2	A00	F2	S6					149	2	50000	10.777758	0.36	0.033402123150287844	3.34	7.46	1.01	iteration	2      50000  1.0777758E+01  3.60E-01    3.34    7.46*   1.01
C_A00_S6_F2	fixed	A00_S6_F2	A00	F2	S6					150	3	50005	11.526355	0.172	0.014922323666067891	1.49	3.34	2.41	iteration	3      50005  1.1526355E+01  1.72E-01    1.49    3.34*   2.41
C_A00_S6_F2	fixed	A00_S6_F2	A00	F2	S6					151	4	50002	11.541088	0.118	0.01022433933438511	1.02	2.28	5.22	iteration	4      50002  1.1541088E+01  1.18E-01    1.02    2.28*   5.22
C_A00_S6_F2	fixed	A00_S6_F2	A00	F2	S6					152	5	50000	11.313901	0.102	0.009015458063491981	0.9	2.02	5.6	iteration	5      50000  1.1313901E+01  1.02E-01    0.90    2.02*   5.60
C_A00_S6_F2	fixed	A00_S6_F2	A00	F2	S6					154	5	250018	11.40603	0.069	0.006049431747943852	0.61	3.03	5.6	aggregate	5     250018  1.1406030E+01  6.90E-02    0.61    3.03    5.60    1.43   5
C_A00_S6_F2	fixed	A00_S6_F2	A00	F2	S6					157	6	1988553	11.503961	0.0143	0.001243050111174751	0.12	1.75	4.64	iteration	6    1988553  1.1503961E+01  1.43E-02    0.12    1.75*   4.64
C_A00_S6_F2	fixed	A00_S6_F2	A00	F2	S6					159	6	1988553	11.503961	0.0143	0.001243050111174751	0.12	1.75	4.64	iteration	6    1988553  1.1503961E+01  1.43E-02    0.12    1.75    4.64
P_A00_S7	adaptive	A00_S7	A00		S7					152	1	50019	12.869594	2.11	0.16395233602551876	16.43	36.74	5.17	iteration	1      50019  1.2869594E+01  2.11E+00   16.43   36.74*   5.17
P_A00_S7	adaptive	A00_S7	A00		S7					153	2	50005	11.811814	0.621	0.052574481785778206	5.26	11.76	0.52	iteration	2      50005  1.1811814E+01  6.21E-01    5.26   11.76*   0.52
P_A00_S7	adaptive	A00_S7	A00		S7					154	3	50000	11.138247	0.211	0.018943735041968453	1.89	4.23	1.04	iteration	3      50000  1.1138247E+01  2.11E-01    1.89    4.23*   1.04
P_A00_S7	adaptive	A00_S7	A00		S7					155	4	49999	11.387469	0.125	0.010976978290786126	1.1	2.46	4.08	iteration	4      49999  1.1387469E+01  1.25E-01    1.10    2.46*   4.08
P_A00_S7	adaptive	A00_S7	A00		S7					156	5	49996	11.399156	0.1	0.008772579303239644	0.88	1.97	6.52	iteration	5      49996  1.1399156E+01  1.00E-01    0.88    1.97*   6.52
P_A00_S7	adaptive	A00_S7	A00		S7					158	5	250019	11.371481	0.0728	0.006401980533582214	0.64	3.2	6.52	aggregate	5     250019  1.1371481E+01  7.28E-02    0.64    3.20    6.52    0.58   5
C_A00_S7_F0	fixed	A00_S7_F0	A00	F0	S7					148	1	50019	12.869594	2.11	0.16395233602551876	16.43	36.74	5.17	iteration	1      50019  1.2869594E+01  2.11E+00   16.43   36.74*   5.17
C_A00_S7_F0	fixed	A00_S7_F0	A00	F0	S7					149	2	50005	11.811814	0.621	0.052574481785778206	5.26	11.76	0.52	iteration	2      50005  1.1811814E+01  6.21E-01    5.26   11.76*   0.52
C_A00_S7_F0	fixed	A00_S7_F0	A00	F0	S7					150	3	50000	11.138247	0.211	0.018943735041968453	1.89	4.23	1.04	iteration	3      50000  1.1138247E+01  2.11E-01    1.89    4.23*   1.04
C_A00_S7_F0	fixed	A00_S7_F0	A00	F0	S7					151	4	49999	11.387469	0.125	0.010976978290786126	1.1	2.46	4.08	iteration	4      49999  1.1387469E+01  1.25E-01    1.10    2.46*   4.08
C_A00_S7_F0	fixed	A00_S7_F0	A00	F0	S7					152	5	49996	11.399156	0.1	0.008772579303239644	0.88	1.97	6.52	iteration	5      49996  1.1399156E+01  1.00E-01    0.88    1.97*   6.52
C_A00_S7_F0	fixed	A00_S7_F0	A00	F0	S7					154	5	250019	11.371481	0.0728	0.006401980533582214	0.64	3.2	6.52	aggregate	5     250019  1.1371481E+01  7.28E-02    0.64    3.20    6.52    0.58   5
C_A00_S7_F0	fixed	A00_S7_F0	A00	F0	S7					157	6	200001	11.493438	0.0456	0.0039674812706172	0.4	1.77	5.65	iteration	6     200001  1.1493438E+01  4.56E-02    0.40    1.77*   5.65
C_A00_S7_F0	fixed	A00_S7_F0	A00	F0	S7					158	7	200001	11.427368	0.0451	0.003946665583885983	0.39	1.77	6.44	iteration	7     200001  1.1427368E+01  4.51E-02    0.39    1.77*   6.44
C_A00_S7_F0	fixed	A00_S7_F0	A00	F0	S7					159	8	200001	11.455202	0.0452	0.003945805582476852	0.39	1.77	5.97	iteration	8     200001  1.1455202E+01  4.52E-02    0.39    1.77*   5.97
C_A00_S7_F0	fixed	A00_S7_F0	A00	F0	S7					161	8	600003	11.458433	0.0262	0.0022865255659303505	0.23	1.77	5.97	aggregate	8     600003  1.1458433E+01  2.62E-02    0.23    1.77    5.97    0.53   3
C_A00_S7_F1	fixed	A00_S7_F1	A00	F1	S7					148	1	50019	12.869594	2.11	0.16395233602551876	16.43	36.74	5.17	iteration	1      50019  1.2869594E+01  2.11E+00   16.43   36.74*   5.17
C_A00_S7_F1	fixed	A00_S7_F1	A00	F1	S7					149	2	50005	11.811814	0.621	0.052574481785778206	5.26	11.76	0.52	iteration	2      50005  1.1811814E+01  6.21E-01    5.26   11.76*   0.52
C_A00_S7_F1	fixed	A00_S7_F1	A00	F1	S7					150	3	50000	11.138247	0.211	0.018943735041968453	1.89	4.23	1.04	iteration	3      50000  1.1138247E+01  2.11E-01    1.89    4.23*   1.04
C_A00_S7_F1	fixed	A00_S7_F1	A00	F1	S7					151	4	49999	11.387469	0.125	0.010976978290786126	1.1	2.46	4.08	iteration	4      49999  1.1387469E+01  1.25E-01    1.10    2.46*   4.08
C_A00_S7_F1	fixed	A00_S7_F1	A00	F1	S7					152	5	49996	11.399156	0.1	0.008772579303239644	0.88	1.97	6.52	iteration	5      49996  1.1399156E+01  1.00E-01    0.88    1.97*   6.52
C_A00_S7_F1	fixed	A00_S7_F1	A00	F1	S7					154	5	250019	11.371481	0.0728	0.006401980533582214	0.64	3.2	6.52	aggregate	5     250019  1.1371481E+01  7.28E-02    0.64    3.20    6.52    0.58   5
C_A00_S7_F1	fixed	A00_S7_F1	A00	F1	S7					157	6	599999	11.484383	0.0263	0.0022900664319537235	0.23	1.77	4.78	iteration	6     599999  1.1484383E+01  2.63E-02    0.23    1.77*   4.78
C_A00_S7_F1	fixed	A00_S7_F1	A00	F1	S7					159	6	599999	11.484383	0.0263	0.0022900664319537235	0.23	1.77	4.78	iteration	6     599999  1.1484383E+01  2.63E-02    0.23    1.77    4.78
C_A00_S7_F2	fixed	A00_S7_F2	A00	F2	S7					148	1	50019	12.869594	2.11	0.16395233602551876	16.43	36.74	5.17	iteration	1      50019  1.2869594E+01  2.11E+00   16.43   36.74*   5.17
C_A00_S7_F2	fixed	A00_S7_F2	A00	F2	S7					149	2	50005	11.811814	0.621	0.052574481785778206	5.26	11.76	0.52	iteration	2      50005  1.1811814E+01  6.21E-01    5.26   11.76*   0.52
C_A00_S7_F2	fixed	A00_S7_F2	A00	F2	S7					150	3	50000	11.138247	0.211	0.018943735041968453	1.89	4.23	1.04	iteration	3      50000  1.1138247E+01  2.11E-01    1.89    4.23*   1.04
C_A00_S7_F2	fixed	A00_S7_F2	A00	F2	S7					151	4	49999	11.387469	0.125	0.010976978290786126	1.1	2.46	4.08	iteration	4      49999  1.1387469E+01  1.25E-01    1.10    2.46*   4.08
C_A00_S7_F2	fixed	A00_S7_F2	A00	F2	S7					152	5	49996	11.399156	0.1	0.008772579303239644	0.88	1.97	6.52	iteration	5      49996  1.1399156E+01  1.00E-01    0.88    1.97*   6.52
C_A00_S7_F2	fixed	A00_S7_F2	A00	F2	S7					154	5	250019	11.371481	0.0728	0.006401980533582214	0.64	3.2	6.52	aggregate	5     250019  1.1371481E+01  7.28E-02    0.64    3.20    6.52    0.58   5
C_A00_S7_F2	fixed	A00_S7_F2	A00	F2	S7					157	6	1924334	11.508444	0.0145	0.0012599444373192414	0.13	1.75	4.33	iteration	6    1924334  1.1508444E+01  1.45E-02    0.13    1.75*   4.33
C_A00_S7_F2	fixed	A00_S7_F2	A00	F2	S7					159	6	1924334	11.508444	0.0145	0.0012599444373192414	0.13	1.75	4.33	iteration	6    1924334  1.1508444E+01  1.45E-02    0.13    1.75    4.33
P_A01_S0	adaptive	A01_S0	A01		S0					152	1	124999	12.53742	1.33	0.10608243163266447	10.62	37.53	2.69	iteration	1     124999  1.2537420E+01  1.33E+00   10.62   37.53*   2.69
P_A01_S0	adaptive	A01_S0	A01		S0					153	2	124994	11.704919	0.182	0.015549018322980277	1.55	5.48	0.9	iteration	2     124994  1.1704919E+01  1.82E-01    1.55    5.48*   0.90
P_A01_S0	adaptive	A01_S0	A01		S0					155	2	249993	11.720126	0.18	0.015358196661025657	1.53	7.67	0.9	aggregate	2     249993  1.1720126E+01  1.80E-01    1.53    7.67    0.90    0.38   2
C_A01_S0_F0	fixed	A01_S0_F0	A01	F0	S0					148	1	124999	12.53742	1.33	0.10608243163266447	10.62	37.53	2.69	iteration	1     124999  1.2537420E+01  1.33E+00   10.62   37.53*   2.69
C_A01_S0_F0	fixed	A01_S0_F0	A01	F0	S0					149	2	124994	11.704919	0.182	0.015549018322980277	1.55	5.48	0.9	iteration	2     124994  1.1704919E+01  1.82E-01    1.55    5.48*   0.90
C_A01_S0_F0	fixed	A01_S0_F0	A01	F0	S0					151	2	249993	11.720126	0.18	0.015358196661025657	1.53	7.67	0.9	aggregate	2     249993  1.1720126E+01  1.80E-01    1.53    7.67    0.90    0.38   2
C_A01_S0_F0	fixed	A01_S0_F0	A01	F0	S0					154	3	199993	11.420094	0.0635	0.005560374546829474	0.56	2.49	3.08	iteration	3     199993  1.1420094E+01  6.35E-02    0.56    2.49*   3.08
C_A01_S0_F0	fixed	A01_S0_F0	A01	F0	S0					155	4	199993	11.523134	0.0639	0.005545366390775287	0.55	2.48	3.27	iteration	4     199993  1.1523134E+01  6.39E-02    0.55    2.48*   3.27
C_A01_S0_F0	fixed	A01_S0_F0	A01	F0	S0					156	5	199993	11.37903	0.0634	0.005571652416770146	0.56	2.49	3.26	iteration	5     199993  1.1379030E+01  6.34E-02    0.56    2.49    3.26
C_A01_S0_F0	fixed	A01_S0_F0	A01	F0	S0					158	5	599979	11.440314	0.0367	0.003207953907558831	0.32	2.49	3.26	aggregate	5     599979  1.1440314E+01  3.67E-02    0.32    2.49    3.26    1.36   3
C_A01_S0_F1	fixed	A01_S0_F1	A01	F1	S0					148	1	124999	12.53742	1.33	0.10608243163266447	10.62	37.53	2.69	iteration	1     124999  1.2537420E+01  1.33E+00   10.62   37.53*   2.69
C_A01_S0_F1	fixed	A01_S0_F1	A01	F1	S0					149	2	124994	11.704919	0.182	0.015549018322980277	1.55	5.48	0.9	iteration	2     124994  1.1704919E+01  1.82E-01    1.55    5.48*   0.90
C_A01_S0_F1	fixed	A01_S0_F1	A01	F1	S0					151	2	249993	11.720126	0.18	0.015358196661025657	1.53	7.67	0.9	aggregate	2     249993  1.1720126E+01  1.80E-01    1.53    7.67    0.90    0.38   2
C_A01_S0_F1	fixed	A01_S0_F1	A01	F1	S0					154	3	599993	11.441514	0.0371	0.003242577861636144	0.32	2.51	1.8	iteration	3     599993  1.1441514E+01  3.71E-02    0.32    2.51*   1.80
C_A01_S0_F1	fixed	A01_S0_F1	A01	F1	S0					156	3	599993	11.441514	0.0371	0.003242577861636144	0.32	2.51	1.8	iteration	3     599993  1.1441514E+01  3.71E-02    0.32    2.51    1.80
C_A01_S0_F2	fixed	A01_S0_F2	A01	F2	S0					148	1	124999	12.53742	1.33	0.10608243163266447	10.62	37.53	2.69	iteration	1     124999  1.2537420E+01  1.33E+00   10.62   37.53*   2.69
C_A01_S0_F2	fixed	A01_S0_F2	A01	F2	S0					149	2	124994	11.704919	0.182	0.015549018322980277	1.55	5.48	0.9	iteration	2     124994  1.1704919E+01  1.82E-01    1.55    5.48*   0.90
C_A01_S0_F2	fixed	A01_S0_F2	A01	F2	S0					151	2	249993	11.720126	0.18	0.015358196661025657	1.53	7.67	0.9	aggregate	2     249993  1.1720126E+01  1.80E-01    1.53    7.67    0.90    0.38   2
C_A01_S0_F2	fixed	A01_S0_F2	A01	F2	S0					154	3	1967742	11.466477	0.0202	0.0017616570460133483	0.18	2.48	1.82	iteration	3    1967742  1.1466477E+01  2.02E-02    0.18    2.48*   1.82
C_A01_S0_F2	fixed	A01_S0_F2	A01	F2	S0					156	3	1967742	11.466477	0.0202	0.0017616570460133483	0.18	2.48	1.82	iteration	3    1967742  1.1466477E+01  2.02E-02    0.18    2.48    1.82
P_A01_S1	adaptive	A01_S1	A01		S1					152	1	124993	12.941347	1.36	0.10508952429758665	10.49	37.09	3.12	iteration	1     124993  1.2941347E+01  1.36E+00   10.49   37.09*   3.12
P_A01_S1	adaptive	A01_S1	A01		S1					153	2	124998	11.434573	0.159	0.013905197859159236	1.39	4.91	1.56	iteration	2     124998  1.1434573E+01  1.59E-01    1.39    4.91*   1.56
P_A01_S1	adaptive	A01_S1	A01		S1					155	2	249991	11.454941	0.158	0.01379317449125229	1.38	6.89	1.56	aggregate	2     249991  1.1454941E+01  1.58E-01    1.38    6.89    1.56    1.21   2
C_A01_S1_F0	fixed	A01_S1_F0	A01	F0	S1					148	1	124993	12.941347	1.36	0.10508952429758665	10.49	37.09	3.12	iteration	1     124993  1.2941347E+01  1.36E+00   10.49   37.09*   3.12
C_A01_S1_F0	fixed	A01_S1_F0	A01	F0	S1					149	2	124998	11.434573	0.159	0.013905197859159236	1.39	4.91	1.56	iteration	2     124998  1.1434573E+01  1.59E-01    1.39    4.91*   1.56
C_A01_S1_F0	fixed	A01_S1_F0	A01	F0	S1					151	2	249991	11.454941	0.158	0.01379317449125229	1.38	6.89	1.56	aggregate	2     249991  1.1454941E+01  1.58E-01    1.38    6.89    1.56    1.21   2
C_A01_S1_F0	fixed	A01_S1_F0	A01	F0	S1					154	3	199978	11.533837	0.0654	0.005670272607459252	0.57	2.53	3.11	iteration	3     199978  1.1533837E+01  6.54E-02    0.57    2.53*   3.11
C_A01_S1_F0	fixed	A01_S1_F0	A01	F0	S1					155	4	199978	11.529943	0.0648	0.0056201492062883576	0.56	2.51	3.36	iteration	4     199978  1.1529943E+01  6.48E-02    0.56    2.51*   3.36
C_A01_S1_F0	fixed	A01_S1_F0	A01	F0	S1					156	5	199978	11.493667	0.0641	0.005576984264464944	0.56	2.49	3.52	iteration	5     199978  1.1493667E+01  6.41E-02    0.56    2.49*   3.52
C_A01_S1_F0	fixed	A01_S1_F0	A01	F0	S1					158	5	599934	11.518862	0.0374	0.0032468485168066085	0.32	2.51	3.52	aggregate	5     599934  1.1518862E+01  3.74E-02    0.32    2.51    3.52    0.12   3
C_A01_S1_F1	fixed	A01_S1_F1	A01	F1	S1					148	1	124993	12.941347	1.36	0.10508952429758665	10.49	37.09	3.12	iteration	1     124993  1.2941347E+01  1.36E+00   10.49   37.09*   3.12
C_A01_S1_F1	fixed	A01_S1_F1	A01	F1	S1					149	2	124998	11.434573	0.159	0.013905197859159236	1.39	4.91	1.56	iteration	2     124998  1.1434573E+01  1.59E-01    1.39    4.91*   1.56
C_A01_S1_F1	fixed	A01_S1_F1	A01	F1	S1					151	2	249991	11.454941	0.158	0.01379317449125229	1.38	6.89	1.56	aggregate	2     249991  1.1454941E+01  1.58E-01    1.38    6.89    1.56    1.21   2
C_A01_S1_F1	fixed	A01_S1_F1	A01	F1	S1					154	3	600002	11.559364	0.0378	0.003270076104533087	0.33	2.53	2.38	iteration	3     600002  1.1559364E+01  3.78E-02    0.33    2.53*   2.38
C_A01_S1_F1	fixed	A01_S1_F1	A01	F1	S1					156	3	600002	11.559364	0.0378	0.003270076104533087	0.33	2.53	2.38	iteration	3     600002  1.1559364E+01  3.78E-02    0.33    2.53    2.38
C_A01_S1_F2	fixed	A01_S1_F2	A01	F2	S1					148	1	124993	12.941347	1.36	0.10508952429758665	10.49	37.09	3.12	iteration	1     124993  1.2941347E+01  1.36E+00   10.49   37.09*   3.12
C_A01_S1_F2	fixed	A01_S1_F2	A01	F2	S1					149	2	124998	11.434573	0.159	0.013905197859159236	1.39	4.91	1.56	iteration	2     124998  1.1434573E+01  1.59E-01    1.39    4.91*   1.56
C_A01_S1_F2	fixed	A01_S1_F2	A01	F2	S1					151	2	249991	11.454941	0.158	0.01379317449125229	1.38	6.89	1.56	aggregate	2     249991  1.1454941E+01  1.58E-01    1.38    6.89    1.56    1.21   2
C_A01_S1_F2	fixed	A01_S1_F2	A01	F2	S1					154	3	1944384	11.508632	0.0211	0.0018334064378807142	0.18	2.55	2.08	iteration	3    1944384  1.1508632E+01  2.11E-02    0.18    2.55*   2.08
C_A01_S1_F2	fixed	A01_S1_F2	A01	F2	S1					156	3	1944384	11.508632	0.0211	0.0018334064378807142	0.18	2.55	2.08	iteration	3    1944384  1.1508632E+01  2.11E-02    0.18    2.55    2.08
P_A01_S2	adaptive	A01_S2	A01		S2					152	1	125012	11.225638	1.19	0.10600733784574204	10.63	37.59	2.81	iteration	1     125012  1.1225638E+01  1.19E+00   10.63   37.59*   2.81
P_A01_S2	adaptive	A01_S2	A01		S2					153	2	124999	11.782522	0.17	0.014428150441815429	1.44	5.09	1.24	iteration	2     124999  1.1782522E+01  1.70E-01    1.44    5.09*   1.24
P_A01_S2	adaptive	A01_S2	A01		S2					155	2	250011	11.771491	0.168	0.014271768971322327	1.43	7.13	1.24	aggregate	2     250011  1.1771491E+01  1.68E-01    1.43    7.13    1.24    0.21   2
C_A01_S2_F0	fixed	A01_S2_F0	A01	F0	S2					148	1	125012	11.225638	1.19	0.10600733784574204	10.63	37.59	2.81	iteration	1     125012  1.1225638E+01  1.19E+00   10.63   37.59*   2.81
C_A01_S2_F0	fixed	A01_S2_F0	A01	F0	S2					149	2	124999	11.782522	0.17	0.014428150441815429	1.44	5.09	1.24	iteration	2     124999  1.1782522E+01  1.70E-01    1.44    5.09*   1.24
C_A01_S2_F0	fixed	A01_S2_F0	A01	F0	S2					151	2	250011	11.771491	0.168	0.014271768971322327	1.43	7.13	1.24	aggregate	2     250011  1.1771491E+01  1.68E-01    1.43    7.13    1.24    0.21   2
C_A01_S2_F0	fixed	A01_S2_F0	A01	F0	S2					154	3	200003	11.524742	0.0633	0.005492530765547723	0.55	2.46	2.98	iteration	3     200003  1.1524742E+01  6.33E-02    0.55    2.46*   2.98
C_A01_S2_F0	fixed	A01_S2_F0	A01	F0	S2					155	4	200003	11.463422	0.063	0.005495741149545049	0.55	2.46	2.7	iteration	4     200003  1.1463422E+01  6.30E-02    0.55    2.46*   2.70
C_A01_S2_F0	fixed	A01_S2_F0	A01	F0	S2					156	5	200003	11.471606	0.0631	0.005500537588198201	0.55	2.46	2.91	iteration	5     200003  1.1471606E+01  6.31E-02    0.55    2.46    2.91
C_A01_S2_F0	fixed	A01_S2_F0	A01	F0	S2					158	5	600009	11.486453	0.0364	0.0031689504148930923	0.32	2.46	2.91	aggregate	5     600009  1.1486453E+01  3.64E-02    0.32    2.46    2.91    0.28   3
C_A01_S2_F1	fixed	A01_S2_F1	A01	F1	S2					148	1	125012	11.225638	1.19	0.10600733784574204	10.63	37.59	2.81	iteration	1     125012  1.1225638E+01  1.19E+00   10.63   37.59*   2.81
C_A01_S2_F1	fixed	A01_S2_F1	A01	F1	S2					149	2	124999	11.782522	0.17	0.014428150441815429	1.44	5.09	1.24	iteration	2     124999  1.1782522E+01  1.70E-01    1.44    5.09*   1.24
C_A01_S2_F1	fixed	A01_S2_F1	A01	F1	S2					151	2	250011	11.771491	0.168	0.014271768971322327	1.43	7.13	1.24	aggregate	2     250011  1.1771491E+01  1.68E-01    1.43    7.13    1.24    0.21   2
C_A01_S2_F1	fixed	A01_S2_F1	A01	F1	S2					154	3	600001	11.510689	0.0366	0.0031796532770540496	0.32	2.46	2.24	iteration	3     600001  1.1510689E+01  3.66E-02    0.32    2.46*   2.24
C_A01_S2_F1	fixed	A01_S2_F1	A01	F1	S2					156	3	600001	11.510689	0.0366	0.0031796532770540496	0.32	2.46	2.24	iteration	3     600001  1.1510689E+01  3.66E-02    0.32    2.46    2.24
C_A01_S2_F2	fixed	A01_S2_F2	A01	F2	S2					148	1	125012	11.225638	1.19	0.10600733784574204	10.63	37.59	2.81	iteration	1     125012  1.1225638E+01  1.19E+00   10.63   37.59*   2.81
C_A01_S2_F2	fixed	A01_S2_F2	A01	F2	S2					149	2	124999	11.782522	0.17	0.014428150441815429	1.44	5.09	1.24	iteration	2     124999  1.1782522E+01  1.70E-01    1.44    5.09*   1.24
C_A01_S2_F2	fixed	A01_S2_F2	A01	F2	S2					151	2	250011	11.771491	0.168	0.014271768971322327	1.43	7.13	1.24	aggregate	2     250011  1.1771491E+01  1.68E-01    1.43    7.13    1.24    0.21   2
C_A01_S2_F2	fixed	A01_S2_F2	A01	F2	S2					154	3	1934102	11.493894	0.0205	0.001783555686175634	0.18	2.48	1.96	iteration	3    1934102  1.1493894E+01  2.05E-02    0.18    2.48*   1.96
C_A01_S2_F2	fixed	A01_S2_F2	A01	F2	S2					156	3	1934102	11.493894	0.0205	0.001783555686175634	0.18	2.48	1.96	iteration	3    1934102  1.1493894E+01  2.05E-02    0.18    2.48    1.96
P_A01_S3	adaptive	A01_S3	A01		S3					152	1	124990	10.419242	1.24	0.11901057677708224	11.9	42.06	2.83	iteration	1     124990  1.0419242E+01  1.24E+00   11.90   42.06*   2.83
P_A01_S3	adaptive	A01_S3	A01		S3					153	2	124997	11.261746	0.177	0.015716923468172696	1.57	5.54	0.81	iteration	2     124997  1.1261746E+01  1.77E-01    1.57    5.54*   0.81
P_A01_S3	adaptive	A01_S3	A01		S3					155	2	249987	11.24499	0.175	0.015562486049342862	1.55	7.77	0.81	aggregate	2     249987  1.1244990E+01  1.75E-01    1.55    7.77    0.81    0.45   2
C_A01_S3_F0	fixed	A01_S3_F0	A01	F0	S3					148	1	124990	10.419242	1.24	0.11901057677708224	11.9	42.06	2.83	iteration	1     124990  1.0419242E+01  1.24E+00   11.90   42.06*   2.83
C_A01_S3_F0	fixed	A01_S3_F0	A01	F0	S3					149	2	124997	11.261746	0.177	0.015716923468172696	1.57	5.54	0.81	iteration	2     124997  1.1261746E+01  1.77E-01    1.57    5.54*   0.81
C_A01_S3_F0	fixed	A01_S3_F0	A01	F0	S3					151	2	249987	11.24499	0.175	0.015562486049342862	1.55	7.77	0.81	aggregate	2     249987  1.1244990E+01  1.75E-01    1.55    7.77    0.81    0.45   2
C_A01_S3_F0	fixed	A01_S3_F0	A01	F0	S3					154	3	199997	11.443727	0.0655	0.00572365978321573	0.57	2.56	2.8	iteration	3     199997  1.1443727E+01  6.55E-02    0.57    2.56*   2.80
C_A01_S3_F0	fixed	A01_S3_F0	A01	F0	S3					155	4	199997	11.549836	0.0663	0.005740341248135471	0.57	2.57	2.65	iteration	4     199997  1.1549836E+01  6.63E-02    0.57    2.57    2.65
C_A01_S3_F0	fixed	A01_S3_F0	A01	F0	S3					156	5	199997	11.531284	0.0662	0.005740904482102773	0.57	2.57	2.7	iteration	5     199997  1.1531284E+01  6.62E-02    0.57    2.57*   2.70
C_A01_S3_F0	fixed	A01_S3_F0	A01	F0	S3					158	5	599991	11.5078	0.0381	0.0033107978936026	0.33	2.57	2.7	aggregate	5     599991  1.1507800E+01  3.81E-02    0.33    2.57    2.70    0.74   3
C_A01_S3_F1	fixed	A01_S3_F1	A01	F1	S3					148	1	124990	10.419242	1.24	0.11901057677708224	11.9	42.06	2.83	iteration	1     124990  1.0419242E+01  1.24E+00   11.90   42.06*   2.83
C_A01_S3_F1	fixed	A01_S3_F1	A01	F1	S3					149	2	124997	11.261746	0.177	0.015716923468172696	1.57	5.54	0.81	iteration	2     124997  1.1261746E+01  1.77E-01    1.57    5.54*   0.81
C_A01_S3_F1	fixed	A01_S3_F1	A01	F1	S3					151	2	249987	11.24499	0.175	0.015562486049342862	1.55	7.77	0.81	aggregate	2     249987  1.1244990E+01  1.75E-01    1.55    7.77    0.81    0.45   2
C_A01_S3_F1	fixed	A01_S3_F1	A01	F1	S3					154	3	599992	11.421745	0.0376	0.003291966332640065	0.33	2.55	2.32	iteration	3     599992  1.1421745E+01  3.76E-02    0.33    2.55*   2.32
C_A01_S3_F1	fixed	A01_S3_F1	A01	F1	S3					156	3	599992	11.421745	0.0376	0.003291966332640065	0.33	2.55	2.32	iteration	3     599992  1.1421745E+01  3.76E-02    0.33    2.55    2.32
C_A01_S3_F2	fixed	A01_S3_F2	A01	F2	S3					148	1	124990	10.419242	1.24	0.11901057677708224	11.9	42.06	2.83	iteration	1     124990  1.0419242E+01  1.24E+00   11.90   42.06*   2.83
C_A01_S3_F2	fixed	A01_S3_F2	A01	F2	S3					149	2	124997	11.261746	0.177	0.015716923468172696	1.57	5.54	0.81	iteration	2     124997  1.1261746E+01  1.77E-01    1.57    5.54*   0.81
C_A01_S3_F2	fixed	A01_S3_F2	A01	F2	S3					151	2	249987	11.24499	0.175	0.015562486049342862	1.55	7.77	0.81	aggregate	2     249987  1.1244990E+01  1.75E-01    1.55    7.77    0.81    0.45   2
C_A01_S3_F2	fixed	A01_S3_F2	A01	F2	S3					154	3	1937343	11.471676	0.0215	0.0018741812443098984	0.19	2.6	1.67	iteration	3    1937343  1.1471676E+01  2.15E-02    0.19    2.60*   1.67
C_A01_S3_F2	fixed	A01_S3_F2	A01	F2	S3					156	3	1937343	11.471676	0.0215	0.0018741812443098984	0.19	2.6	1.67	iteration	3    1937343  1.1471676E+01  2.15E-02    0.19    2.60    1.67
P_A01_S4	adaptive	A01_S4	A01		S4					152	1	124994	11.754659	1.29	0.10974371949028891	11.01	38.91	3.3	iteration	1     124994  1.1754659E+01  1.29E+00   11.01   38.91*   3.30
P_A01_S4	adaptive	A01_S4	A01		S4					153	2	125009	11.568183	0.151	0.01305304385312715	1.31	4.63	1.58	iteration	2     125009  1.1568183E+01  1.51E-01    1.31    4.63*   1.58
P_A01_S4	adaptive	A01_S4	A01		S4					155	2	250003	11.570701	0.15	0.012963778080515605	1.3	6.5	1.58	aggregate	2     250003  1.1570701E+01  1.50E-01    1.30    6.50    1.58    0.02   2
C_A01_S4_F0	fixed	A01_S4_F0	A01	F0	S4					148	1	124994	11.754659	1.29	0.10974371949028891	11.01	38.91	3.3	iteration	1     124994  1.1754659E+01  1.29E+00   11.01   38.91*   3.30
C_A01_S4_F0	fixed	A01_S4_F0	A01	F0	S4					149	2	125009	11.568183	0.151	0.01305304385312715	1.31	4.63	1.58	iteration	2     125009  1.1568183E+01  1.51E-01    1.31    4.63*   1.58
C_A01_S4_F0	fixed	A01_S4_F0	A01	F0	S4					151	2	250003	11.570701	0.15	0.012963778080515605	1.3	6.5	1.58	aggregate	2     250003  1.1570701E+01  1.50E-01    1.30    6.50    1.58    0.02   2
C_A01_S4_F0	fixed	A01_S4_F0	A01	F0	S4					154	3	199990	11.395099	0.0646	0.005669103884046993	0.57	2.54	3.11	iteration	3     199990  1.1395099E+01  6.46E-02    0.57    2.54*   3.11
C_A01_S4_F0	fixed	A01_S4_F0	A01	F0	S4					155	4	199990	11.498895	0.0648	0.005635324089836458	0.56	2.52	2.88	iteration	4     199990  1.1498895E+01  6.48E-02    0.56    2.52*   2.88
C_A01_S4_F0	fixed	A01_S4_F0	A01	F0	S4					156	5	199990	11.56749	0.0653	0.005645131311978658	0.56	2.52	3.7	iteration	5     199990  1.1567490E+01  6.53E-02    0.56    2.52    3.70
C_A01_S4_F0	fixed	A01_S4_F0	A01	F0	S4					158	5	599970	11.486608	0.0375	0.00326467134597089	0.33	2.53	3.7	aggregate	5     599970  1.1486608E+01  3.75E-02    0.33    2.53    3.70    1.79   3
C_A01_S4_F1	fixed	A01_S4_F1	A01	F1	S4					148	1	124994	11.754659	1.29	0.10974371949028891	11.01	38.91	3.3	iteration	1     124994  1.1754659E+01  1.29E+00   11.01   38.91*   3.30
C_A01_S4_F1	fixed	A01_S4_F1	A01	F1	S4					149	2	125009	11.568183	0.151	0.01305304385312715	1.31	4.63	1.58	iteration	2     125009  1.1568183E+01  1.51E-01    1.31    4.63*   1.58
C_A01_S4_F1	fixed	A01_S4_F1	A01	F1	S4					151	2	250003	11.570701	0.15	0.012963778080515605	1.3	6.5	1.58	aggregate	2     250003  1.1570701E+01  1.50E-01    1.30    6.50    1.58    0.02   2
C_A01_S4_F1	fixed	A01_S4_F1	A01	F1	S4					154	3	600003	11.467338	0.0373	0.0032527165415373645	0.33	2.52	2.92	iteration	3     600003  1.1467338E+01  3.73E-02    0.33    2.52*   2.92
C_A01_S4_F1	fixed	A01_S4_F1	A01	F1	S4					156	3	600003	11.467338	0.0373	0.0032527165415373645	0.33	2.52	2.92	iteration	3     600003  1.1467338E+01  3.73E-02    0.33    2.52    2.92
C_A01_S4_F2	fixed	A01_S4_F2	A01	F2	S4					148	1	124994	11.754659	1.29	0.10974371949028891	11.01	38.91	3.3	iteration	1     124994  1.1754659E+01  1.29E+00   11.01   38.91*   3.30
C_A01_S4_F2	fixed	A01_S4_F2	A01	F2	S4					149	2	125009	11.568183	0.151	0.01305304385312715	1.31	4.63	1.58	iteration	2     125009  1.1568183E+01  1.51E-01    1.31    4.63*   1.58
C_A01_S4_F2	fixed	A01_S4_F2	A01	F2	S4					151	2	250003	11.570701	0.15	0.012963778080515605	1.3	6.5	1.58	aggregate	2     250003  1.1570701E+01  1.50E-01    1.30    6.50    1.58    0.02   2
C_A01_S4_F2	fixed	A01_S4_F2	A01	F2	S4					154	3	1941475	11.496508	0.0211	0.0018353399136503015	0.18	2.55	2.1	iteration	3    1941475  1.1496508E+01  2.11E-02    0.18    2.55*   2.10
C_A01_S4_F2	fixed	A01_S4_F2	A01	F2	S4					156	3	1941475	11.496508	0.0211	0.0018353399136503015	0.18	2.55	2.1	iteration	3    1941475  1.1496508E+01  2.11E-02    0.18    2.55    2.10
P_A01_S5	adaptive	A01_S5	A01		S5					152	1	124996	12.342934	1.5	0.12152702104702172	12.15	42.95	2.7	iteration	1     124996  1.2342934E+01  1.50E+00   12.15   42.95*   2.70
P_A01_S5	adaptive	A01_S5	A01		S5					153	2	124986	11.619156	0.16	0.01377036335513526	1.38	4.87	1.4	iteration	2     124986  1.1619156E+01  1.60E-01    1.38    4.87*   1.40
P_A01_S5	adaptive	A01_S5	A01		S5					155	2	249982	11.627303	0.159	0.013674710291801978	1.37	6.84	1.4	aggregate	2     249982  1.1627303E+01  1.59E-01    1.37    6.84    1.40    0.23   2
C_A01_S5_F0	fixed	A01_S5_F0	A01	F0	S5					148	1	124996	12.342934	1.5	0.12152702104702172	12.15	42.95	2.7	iteration	1     124996  1.2342934E+01  1.50E+00   12.15   42.95*   2.70
C_A01_S5_F0	fixed	A01_S5_F0	A01	F0	S5					149	2	124986	11.619156	0.16	0.01377036335513526	1.38	4.87	1.4	iteration	2     124986  1.1619156E+01  1.60E-01    1.38    4.87*   1.40
C_A01_S5_F0	fixed	A01_S5_F0	A01	F0	S5					151	2	249982	11.627303	0.159	0.013674710291801978	1.37	6.84	1.4	aggregate	2     249982  1.1627303E+01  1.59E-01    1.37    6.84    1.40    0.23   2
C_A01_S5_F0	fixed	A01_S5_F0	A01	F0	S5					154	3	200010	11.520538	0.0659	0.005720218968940513	0.57	2.56	3.57	iteration	3     200010  1.1520538E+01  6.59E-02    0.57    2.56*   3.57
C_A01_S5_F0	fixed	A01_S5_F0	A01	F0	S5					155	4	200010	11.485076	0.066	0.005746588006905658	0.58	2.57	2.95	iteration	4     200010  1.1485076E+01  6.60E-02    0.58    2.57    2.95
C_A01_S5_F0	fixed	A01_S5_F0	A01	F0	S5					156	5	200010	11.444479	0.0658	0.005749497202974465	0.58	2.57	2.64	iteration	5     200010  1.1444479E+01  6.58E-02    0.58    2.57    2.64
C_A01_S5_F0	fixed	A01_S5_F0	A01	F0	S5					158	5	600030	11.483338	0.0381	0.0033178506110331336	0.33	2.57	2.64	aggregate	5     600030  1.1483338E+01  3.81E-02    0.33    2.57    2.64    0.33   3
C_A01_S5_F1	fixed	A01_S5_F1	A01	F1	S5					148	1	124996	12.342934	1.5	0.12152702104702172	12.15	42.95	2.7	iteration	1     124996  1.2342934E+01  1.50E+00   12.15   42.95*   2.70
C_A01_S5_F1	fixed	A01_S5_F1	A01	F1	S5					149	2	124986	11.619156	0.16	0.01377036335513526	1.38	4.87	1.4	iteration	2     124986  1.1619156E+01  1.60E-01    1.38    4.87*   1.40
C_A01_S5_F1	fixed	A01_S5_F1	A01	F1	S5					151	2	249982	11.627303	0.159	0.013674710291801978	1.37	6.84	1.4	aggregate	2     249982  1.1627303E+01  1.59E-01    1.37    6.84    1.40    0.23   2
C_A01_S5_F1	fixed	A01_S5_F1	A01	F1	S5					154	3	600000	11.507664	0.038	0.0033021471603619985	0.33	2.56	2.7	iteration	3     600000  1.1507664E+01  3.80E-02    0.33    2.56*   2.70
C_A01_S5_F1	fixed	A01_S5_F1	A01	F1	S5					156	3	600000	11.507664	0.038	0.0033021471603619985	0.33	2.56	2.7	iteration	3     600000  1.1507664E+01  3.80E-02    0.33    2.56    2.70
C_A01_S5_F2	fixed	A01_S5_F2	A01	F2	S5					148	1	124996	12.342934	1.5	0.12152702104702172	12.15	42.95	2.7	iteration	1     124996  1.2342934E+01  1.50E+00   12.15   42.95*   2.70
C_A01_S5_F2	fixed	A01_S5_F2	A01	F2	S5					149	2	124986	11.619156	0.16	0.01377036335513526	1.38	4.87	1.4	iteration	2     124986  1.1619156E+01  1.60E-01    1.38    4.87*   1.40
C_A01_S5_F2	fixed	A01_S5_F2	A01	F2	S5					151	2	249982	11.627303	0.159	0.013674710291801978	1.37	6.84	1.4	aggregate	2     249982  1.1627303E+01  1.59E-01    1.37    6.84    1.40    0.23   2
C_A01_S5_F2	fixed	A01_S5_F2	A01	F2	S5					154	3	1940916	11.478455	0.0214	0.0018643624076585218	0.19	2.59	2.2	iteration	3    1940916  1.1478455E+01  2.14E-02    0.19    2.59*   2.20
C_A01_S5_F2	fixed	A01_S5_F2	A01	F2	S5					156	3	1940916	11.478455	0.0214	0.0018643624076585218	0.19	2.59	2.2	iteration	3    1940916  1.1478455E+01  2.14E-02    0.19    2.59    2.20
P_A01_S6	adaptive	A01_S6	A01		S6					152	1	124999	12.236092	1.28	0.1046085629300597	10.47	37.02	3.34	iteration	1     124999  1.2236092E+01  1.28E+00   10.47   37.02*   3.34
P_A01_S6	adaptive	A01_S6	A01		S6					153	2	125009	11.284262	0.149	0.013204230812790416	1.32	4.67	1.56	iteration	2     125009  1.1284262E+01  1.49E-01    1.32    4.67*   1.56
P_A01_S6	adaptive	A01_S6	A01		S6					155	2	250008	11.296975	0.148	0.013100852219288792	1.31	6.55	1.56	aggregate	2     250008  1.1296975E+01  1.48E-01    1.31    6.55    1.56    0.54   2
C_A01_S6_F0	fixed	A01_S6_F0	A01	F0	S6					148	1	124999	12.236092	1.28	0.1046085629300597	10.47	37.02	3.34	iteration	1     124999  1.2236092E+01  1.28E+00   10.47   37.02*   3.34
C_A01_S6_F0	fixed	A01_S6_F0	A01	F0	S6					149	2	125009	11.284262	0.149	0.013204230812790416	1.32	4.67	1.56	iteration	2     125009  1.1284262E+01  1.49E-01    1.32    4.67*   1.56
C_A01_S6_F0	fixed	A01_S6_F0	A01	F0	S6					151	2	250008	11.296975	0.148	0.013100852219288792	1.31	6.55	1.56	aggregate	2     250008  1.1296975E+01  1.48E-01    1.31    6.55    1.56    0.54   2
C_A01_S6_F0	fixed	A01_S6_F0	A01	F0	S6					154	3	200010	11.583183	0.0652	0.005628850031981709	0.56	2.52	2.96	iteration	3     200010  1.1583183E+01  6.52E-02    0.56    2.52*   2.96
C_A01_S6_F0	fixed	A01_S6_F0	A01	F0	S6					155	4	200010	11.527521	0.0649	0.005630004924736203	0.56	2.52	3.05	iteration	4     200010  1.1527521E+01  6.49E-02    0.56    2.52    3.05
C_A01_S6_F0	fixed	A01_S6_F0	A01	F0	S6					156	5	200010	11.455095	0.0651	0.005683060681731579	0.57	2.54	2.91	iteration	5     200010  1.1455095E+01  6.51E-02    0.57    2.54    2.91
C_A01_S6_F0	fixed	A01_S6_F0	A01	F0	S6					158	5	600030	11.521856	0.0376	0.0032633631248298886	0.33	2.53	2.91	aggregate	5     600030  1.1521856E+01  3.76E-02    0.33    2.53    2.91    0.97   3
C_A01_S6_F1	fixed	A01_S6_F1	A01	F1	S6					148	1	124999	12.236092	1.28	0.1046085629300597	10.47	37.02	3.34	iteration	1     124999  1.2236092E+01  1.28E+00   10.47   37.02*   3.34
C_A01_S6_F1	fixed	A01_S6_F1	A01	F1	S6					149	2	125009	11.284262	0.149	0.013204230812790416	1.32	4.67	1.56	iteration	2     125009  1.1284262E+01  1.49E-01    1.32    4.67*   1.56
C_A01_S6_F1	fixed	A01_S6_F1	A01	F1	S6					151	2	250008	11.296975	0.148	0.013100852219288792	1.31	6.55	1.56	aggregate	2     250008  1.1296975E+01  1.48E-01    1.31    6.55    1.56    0.54   2
C_A01_S6_F1	fixed	A01_S6_F1	A01	F1	S6					154	3	600010	11.538813	0.0377	0.0032672338133913773	0.33	2.53	2.23	iteration	3     600010  1.1538813E+01  3.77E-02    0.33    2.53*   2.23
C_A01_S6_F1	fixed	A01_S6_F1	A01	F1	S6					156	3	600010	11.538813	0.0377	0.0032672338133913773	0.33	2.53	2.23	iteration	3     600010  1.1538813E+01  3.77E-02    0.33    2.53    2.23
C_A01_S6_F2	fixed	A01_S6_F2	A01	F2	S6					148	1	124999	12.236092	1.28	0.1046085629300597	10.47	37.02	3.34	iteration	1     124999  1.2236092E+01  1.28E+00   10.47   37.02*   3.34
C_A01_S6_F2	fixed	A01_S6_F2	A01	F2	S6					149	2	125009	11.284262	0.149	0.013204230812790416	1.32	4.67	1.56	iteration	2     125009  1.1284262E+01  1.49E-01    1.32    4.67*   1.56
C_A01_S6_F2	fixed	A01_S6_F2	A01	F2	S6					151	2	250008	11.296975	0.148	0.013100852219288792	1.31	6.55	1.56	aggregate	2     250008  1.1296975E+01  1.48E-01    1.31    6.55    1.56    0.54   2
C_A01_S6_F2	fixed	A01_S6_F2	A01	F2	S6					154	3	1913781	11.511014	0.0212	0.0018417143789417683	0.18	2.55	1.92	iteration	3    1913781  1.1511014E+01  2.12E-02    0.18    2.55*   1.92
C_A01_S6_F2	fixed	A01_S6_F2	A01	F2	S6					156	3	1913781	11.511014	0.0212	0.0018417143789417683	0.18	2.55	1.92	iteration	3    1913781  1.1511014E+01  2.12E-02    0.18    2.55    1.92
P_A01_S7	adaptive	A01_S7	A01		S7					152	1	124984	13.510319	1.43	0.1058450211279245	10.55	37.31	2.79	iteration	1     124984  1.3510319E+01  1.43E+00   10.55   37.31*   2.79
P_A01_S7	adaptive	A01_S7	A01		S7					153	2	124993	11.394191	0.146	0.01281354683276768	1.28	4.52	1.57	iteration	2     124993  1.1394191E+01  1.46E-01    1.28    4.52*   1.57
P_A01_S7	adaptive	A01_S7	A01		S7					155	2	249977	11.416011	0.145	0.012701459380163526	1.27	6.34	1.57	aggregate	2     249977  1.1416011E+01  1.45E-01    1.27    6.34    1.57    2.18   2
C_A01_S7_F0	fixed	A01_S7_F0	A01	F0	S7					148	1	124984	13.510319	1.43	0.1058450211279245	10.55	37.31	2.79	iteration	1     124984  1.3510319E+01  1.43E+00   10.55   37.31*   2.79
C_A01_S7_F0	fixed	A01_S7_F0	A01	F0	S7					149	2	124993	11.394191	0.146	0.01281354683276768	1.28	4.52	1.57	iteration	2     124993  1.1394191E+01  1.46E-01    1.28    4.52*   1.57
C_A01_S7_F0	fixed	A01_S7_F0	A01	F0	S7					151	2	249977	11.416011	0.145	0.012701459380163526	1.27	6.34	1.57	aggregate	2     249977  1.1416011E+01  1.45E-01    1.27    6.34    1.57    2.18   2
C_A01_S7_F0	fixed	A01_S7_F0	A01	F0	S7					154	3	200006	11.459851	0.0638	0.0055672626110060235	0.56	2.49	3.57	iteration	3     200006  1.1459851E+01  6.38E-02    0.56    2.49*   3.57
C_A01_S7_F0	fixed	A01_S7_F0	A01	F0	S7					155	4	200006	11.459575	0.064	0.0055848493508703426	0.56	2.5	3.51	iteration	4     200006  1.1459575E+01  6.40E-02    0.56    2.50    3.51
C_A01_S7_F0	fixed	A01_S7_F0	A01	F0	S7					156	5	200006	11.47552	0.0644	0.005611946125317197	0.56	2.51	3.18	iteration	5     200006  1.1475520E+01  6.44E-02    0.56    2.51    3.18
C_A01_S7_F0	fixed	A01_S7_F0	A01	F0	S7					158	5	600018	11.464931	0.037	0.003227232680249013	0.32	2.5	3.18	aggregate	5     600018  1.1464931E+01  3.70E-02    0.32    2.50    3.18    0.02   3
C_A01_S7_F1	fixed	A01_S7_F1	A01	F1	S7					148	1	124984	13.510319	1.43	0.1058450211279245	10.55	37.31	2.79	iteration	1     124984  1.3510319E+01  1.43E+00   10.55   37.31*   2.79
C_A01_S7_F1	fixed	A01_S7_F1	A01	F1	S7					149	2	124993	11.394191	0.146	0.01281354683276768	1.28	4.52	1.57	iteration	2     124993  1.1394191E+01  1.46E-01    1.28    4.52*   1.57
C_A01_S7_F1	fixed	A01_S7_F1	A01	F1	S7					151	2	249977	11.416011	0.145	0.012701459380163526	1.27	6.34	1.57	aggregate	2     249977  1.1416011E+01  1.45E-01    1.27    6.34    1.57    2.18   2
C_A01_S7_F1	fixed	A01_S7_F1	A01	F1	S7					154	3	600004	11.501732	0.0373	0.0032429898383999904	0.32	2.51	2.63	iteration	3     600004  1.1501732E+01  3.73E-02    0.32    2.51*   2.63
C_A01_S7_F1	fixed	A01_S7_F1	A01	F1	S7					156	3	600004	11.501732	0.0373	0.0032429898383999904	0.32	2.51	2.63	iteration	3     600004  1.1501732E+01  3.73E-02    0.32    2.51    2.63
C_A01_S7_F2	fixed	A01_S7_F2	A01	F2	S7					148	1	124984	13.510319	1.43	0.1058450211279245	10.55	37.31	2.79	iteration	1     124984  1.3510319E+01  1.43E+00   10.55   37.31*   2.79
C_A01_S7_F2	fixed	A01_S7_F2	A01	F2	S7					149	2	124993	11.394191	0.146	0.01281354683276768	1.28	4.52	1.57	iteration	2     124993  1.1394191E+01  1.46E-01    1.28    4.52*   1.57
C_A01_S7_F2	fixed	A01_S7_F2	A01	F2	S7					151	2	249977	11.416011	0.145	0.012701459380163526	1.27	6.34	1.57	aggregate	2     249977  1.1416011E+01  1.45E-01    1.27    6.34    1.57    2.18   2
C_A01_S7_F2	fixed	A01_S7_F2	A01	F2	S7					154	3	1960519	11.505184	0.0206	0.001790497222817123	0.18	2.51	2.36	iteration	3    1960519  1.1505184E+01  2.06E-02    0.18    2.51*   2.36
C_A01_S7_F2	fixed	A01_S7_F2	A01	F2	S7					156	3	1960519	11.505184	0.0206	0.001790497222817123	0.18	2.51	2.36	iteration	3    1960519  1.1505184E+01  2.06E-02    0.18    2.51    2.36
P_A02_S0	adaptive	A02_S0	A02		S0					152	1	250004	12.496459	0.949	0.07594151271172098	7.6	37.99	1.96	iteration	1     250004  1.2496459E+01  9.49E-01    7.60   37.99*   1.96
P_A02_S0	adaptive	A02_S0	A02		S0					154	1	250004	12.496459	0.949	0.07594151271172098	7.6	37.99	1.96	iteration	1     250004  1.2496459E+01  9.49E-01    7.60   37.99    1.96
C_A02_S0_F0	fixed	A02_S0_F0	A02	F0	S0					148	1	250004	12.496459	0.949	0.07594151271172098	7.6	37.99	1.96	iteration	1     250004  1.2496459E+01  9.49E-01    7.60   37.99*   1.96
C_A02_S0_F0	fixed	A02_S0_F0	A02	F0	S0					150	1	250004	12.496459	0.949	0.07594151271172098	7.6	37.99	1.96	iteration	1     250004  1.2496459E+01  9.49E-01    7.60   37.99    1.96
C_A02_S0_F0	fixed	A02_S0_F0	A02	F0	S0					153	2	200958	11.557924	0.11	0.009517280092860967	0.95	4.28	1.68	iteration	2     200958  1.1557924E+01  1.10E-01    0.95    4.28*   1.68
C_A02_S0_F0	fixed	A02_S0_F0	A02	F0	S0					154	3	200958	11.503211	0.11	0.009562547361775768	0.95	4.28	1.7	iteration	3     200958  1.1503211E+01  1.10E-01    0.95    4.28    1.70
C_A02_S0_F0	fixed	A02_S0_F0	A02	F0	S0					155	4	200958	11.49914	0.11	0.0095659327567105	0.96	4.31	1.65	iteration	4     200958  1.1499140E+01  1.10E-01    0.96    4.31    1.65
C_A02_S0_F0	fixed	A02_S0_F0	A02	F0	S0					157	4	602874	11.520073	0.0636	0.005520798349107684	0.55	4.29	1.65	aggregate	4     602874  1.1520073E+01  6.36E-02    0.55    4.29    1.65    0.09   3
C_A02_S0_F1	fixed	A02_S0_F1	A02	F1	S0					148	1	250004	12.496459	0.949	0.07594151271172098	7.6	37.99	1.96	iteration	1     250004  1.2496459E+01  9.49E-01    7.60   37.99*   1.96
C_A02_S0_F1	fixed	A02_S0_F1	A02	F1	S0					150	1	250004	12.496459	0.949	0.07594151271172098	7.6	37.99	1.96	iteration	1     250004  1.2496459E+01  9.49E-01    7.60   37.99    1.96
C_A02_S0_F1	fixed	A02_S0_F1	A02	F1	S0					153	2	600023	11.483551	0.0631	0.005494816019887925	0.55	4.26	1.29	iteration	2     600023  1.1483551E+01  6.31E-02    0.55    4.26*   1.29
C_A02_S0_F1	fixed	A02_S0_F1	A02	F1	S0					155	2	600023	11.483551	0.0631	0.005494816019887925	0.55	4.26	1.29	iteration	2     600023  1.1483551E+01  6.31E-02    0.55    4.26    1.29
C_A02_S0_F2	fixed	A02_S0_F2	A02	F2	S0					148	1	250004	12.496459	0.949	0.07594151271172098	7.6	37.99	1.96	iteration	1     250004  1.2496459E+01  9.49E-01    7.60   37.99*   1.96
C_A02_S0_F2	fixed	A02_S0_F2	A02	F2	S0					150	1	250004	12.496459	0.949	0.07594151271172098	7.6	37.99	1.96	iteration	1     250004  1.2496459E+01  9.49E-01    7.60   37.99    1.96
C_A02_S0_F2	fixed	A02_S0_F2	A02	F2	S0					153	2	2000004	11.485693	0.0344	0.0029950304261136007	0.3	4.23	0.99	iteration	2    2000004  1.1485693E+01  3.44E-02    0.30    4.23*   0.99
C_A02_S0_F2	fixed	A02_S0_F2	A02	F2	S0					155	2	2000004	11.485693	0.0344	0.0029950304261136007	0.3	4.23	0.99	iteration	2    2000004  1.1485693E+01  3.44E-02    0.30    4.23    0.99
P_A02_S1	adaptive	A02_S1	A02		S1					152	1	250003	12.121186	0.955	0.07878766978742839	7.88	39.38	2.24	iteration	1     250003  1.2121186E+01  9.55E-01    7.88   39.38*   2.24
P_A02_S1	adaptive	A02_S1	A02		S1					154	1	250003	12.121186	0.955	0.07878766978742839	7.88	39.38	2.24	iteration	1     250003  1.2121186E+01  9.55E-01    7.88   39.38    2.24
C_A02_S1_F0	fixed	A02_S1_F0	A02	F0	S1					148	1	250003	12.121186	0.955	0.07878766978742839	7.88	39.38	2.24	iteration	1     250003  1.2121186E+01  9.55E-01    7.88   39.38*   2.24
C_A02_S1_F0	fixed	A02_S1_F0	A02	F0	S1					150	1	250003	12.121186	0.955	0.07878766978742839	7.88	39.38	2.24	iteration	1     250003  1.2121186E+01  9.55E-01    7.88   39.38    2.24
C_A02_S1_F0	fixed	A02_S1_F0	A02	F0	S1					153	2	200940	11.593616	0.111	0.009574234647757869	0.96	4.29	1.72	iteration	2     200940  1.1593616E+01  1.11E-01    0.96    4.29*   1.72
C_A02_S1_F0	fixed	A02_S1_F0	A02	F0	S1					154	3	200940	11.464734	0.11	0.009594640398983527	0.96	4.29	1.61	iteration	3     200940  1.1464734E+01  1.10E-01    0.96    4.29    1.61
C_A02_S1_F0	fixed	A02_S1_F0	A02	F0	S1					155	4	200940	11.600141	0.109	0.009396437508819935	0.94	4.22	2.0	iteration	4     200940  1.1600141E+01  1.09E-01    0.94    4.22*   2.00
C_A02_S1_F0	fixed	A02_S1_F0	A02	F0	S1					157	4	602820	11.552766	0.0635	0.005496519188564886	0.55	4.27	2.0	aggregate	4     602820  1.1552766E+01  6.35E-02    0.55    4.27    2.00    0.48   3
C_A02_S1_F1	fixed	A02_S1_F1	A02	F1	S1					148	1	250003	12.121186	0.955	0.07878766978742839	7.88	39.38	2.24	iteration	1     250003  1.2121186E+01  9.55E-01    7.88   39.38*   2.24
C_A02_S1_F1	fixed	A02_S1_F1	A02	F1	S1					150	1	250003	12.121186	0.955	0.07878766978742839	7.88	39.38	2.24	iteration	1     250003  1.2121186E+01  9.55E-01    7.88   39.38    2.24
C_A02_S1_F1	fixed	A02_S1_F1	A02	F1	S1					153	2	600000	11.481448	0.0633	0.005513241883776331	0.55	4.27	1.35	iteration	2     600000  1.1481448E+01  6.33E-02    0.55    4.27*   1.35
C_A02_S1_F1	fixed	A02_S1_F1	A02	F1	S1					155	2	600000	11.481448	0.0633	0.005513241883776331	0.55	4.27	1.35	iteration	2     600000  1.1481448E+01  6.33E-02    0.55    4.27    1.35
C_A02_S1_F2	fixed	A02_S1_F2	A02	F2	S1					148	1	250003	12.121186	0.955	0.07878766978742839	7.88	39.38	2.24	iteration	1     250003  1.2121186E+01  9.55E-01    7.88   39.38*   2.24
C_A02_S1_F2	fixed	A02_S1_F2	A02	F2	S1					150	1	250003	12.121186	0.955	0.07878766978742839	7.88	39.38	2.24	iteration	1     250003  1.2121186E+01  9.55E-01    7.88   39.38    2.24
C_A02_S1_F2	fixed	A02_S1_F2	A02	F2	S1					153	2	1995835	11.51001	0.0343	0.002980014787128769	0.3	4.21	1.03	iteration	2    1995835  1.1510010E+01  3.43E-02    0.30    4.21*   1.03
C_A02_S1_F2	fixed	A02_S1_F2	A02	F2	S1					155	2	1995835	11.51001	0.0343	0.002980014787128769	0.3	4.21	1.03	iteration	2    1995835  1.1510010E+01  3.43E-02    0.30    4.21    1.03
P_A02_S2	adaptive	A02_S2	A02		S2					152	1	249984	11.674902	0.951	0.08145678653234091	8.14	40.72	1.83	iteration	1     249984  1.1674902E+01  9.51E-01    8.14   40.72*   1.83
P_A02_S2	adaptive	A02_S2	A02		S2					154	1	249984	11.674902	0.951	0.08145678653234091	8.14	40.72	1.83	iteration	1     249984  1.1674902E+01  9.51E-01    8.14   40.72    1.83
C_A02_S2_F0	fixed	A02_S2_F0	A02	F0	S2					148	1	249984	11.674902	0.951	0.08145678653234091	8.14	40.72	1.83	iteration	1     249984  1.1674902E+01  9.51E-01    8.14   40.72*   1.83
C_A02_S2_F0	fixed	A02_S2_F0	A02	F0	S2					150	1	249984	11.674902	0.951	0.08145678653234091	8.14	40.72	1.83	iteration	1     249984  1.1674902E+01  9.51E-01    8.14   40.72    1.83
C_A02_S2_F0	fixed	A02_S2_F0	A02	F0	S2					153	2	200944	11.685332	0.11	0.009413510886982073	0.94	4.23	1.71	iteration	2     200944  1.1685332E+01  1.10E-01    0.94    4.23*   1.71
C_A02_S2_F0	fixed	A02_S2_F0	A02	F0	S2					154	3	200944	11.516916	0.106	0.009203852836992125	0.92	4.13	1.39	iteration	3     200944  1.1516916E+01  1.06E-01    0.92    4.13*   1.39
C_A02_S2_F0	fixed	A02_S2_F0	A02	F0	S2					155	4	200944	11.546775	0.106	0.00918005243888445	0.92	4.12	1.76	iteration	4     200944  1.1546775E+01  1.06E-01    0.92    4.12*   1.76
C_A02_S2_F0	fixed	A02_S2_F0	A02	F0	S2					157	4	602832	11.580386	0.062	0.0053538802592590605	0.54	4.16	1.76	aggregate	4     602832  1.1580386E+01  6.20E-02    0.54    4.16    1.76    0.68   3
C_A02_S2_F1	fixed	A02_S2_F1	A02	F1	S2					148	1	249984	11.674902	0.951	0.08145678653234091	8.14	40.72	1.83	iteration	1     249984  1.1674902E+01  9.51E-01    8.14   40.72*   1.83
C_A02_S2_F1	fixed	A02_S2_F1	A02	F1	S2					150	1	249984	11.674902	0.951	0.08145678653234091	8.14	40.72	1.83	iteration	1     249984  1.1674902E+01  9.51E-01    8.14   40.72    1.83
C_A02_S2_F1	fixed	A02_S2_F1	A02	F1	S2					153	2	599995	11.515319	0.0609	0.0052886072891250345	0.53	4.1	1.38	iteration	2     599995  1.1515319E+01  6.09E-02    0.53    4.10*   1.38
C_A02_S2_F1	fixed	A02_S2_F1	A02	F1	S2					155	2	599995	11.515319	0.0609	0.0052886072891250345	0.53	4.1	1.38	iteration	2     599995  1.1515319E+01  6.09E-02    0.53    4.10    1.38
C_A02_S2_F2	fixed	A02_S2_F2	A02	F2	S2					148	1	249984	11.674902	0.951	0.08145678653234091	8.14	40.72	1.83	iteration	1     249984  1.1674902E+01  9.51E-01    8.14   40.72*   1.83
C_A02_S2_F2	fixed	A02_S2_F2	A02	F2	S2					150	1	249984	11.674902	0.951	0.08145678653234091	8.14	40.72	1.83	iteration	1     249984  1.1674902E+01  9.51E-01    8.14   40.72    1.83
C_A02_S2_F2	fixed	A02_S2_F2	A02	F2	S2					153	2	1993208	11.470361	0.0326	0.002842107584931285	0.28	4.01	1.1	iteration	2    1993208  1.1470361E+01  3.26E-02    0.28    4.01*   1.10
C_A02_S2_F2	fixed	A02_S2_F2	A02	F2	S2					155	2	1993208	11.470361	0.0326	0.002842107584931285	0.28	4.01	1.1	iteration	2    1993208  1.1470361E+01  3.26E-02    0.28    4.01    1.10
P_A02_S3	adaptive	A02_S3	A02		S3					152	1	250004	10.218202	0.804	0.07868311861519278	7.87	39.37	2.05	iteration	1     250004  1.0218202E+01  8.04E-01    7.87   39.37*   2.05
P_A02_S3	adaptive	A02_S3	A02		S3					154	1	250004	10.218202	0.804	0.07868311861519278	7.87	39.37	2.05	iteration	1     250004  1.0218202E+01  8.04E-01    7.87   39.37    2.05
C_A02_S3_F0	fixed	A02_S3_F0	A02	F0	S3					148	1	250004	10.218202	0.804	0.07868311861519278	7.87	39.37	2.05	iteration	1     250004  1.0218202E+01  8.04E-01    7.87   39.37*   2.05
C_A02_S3_F0	fixed	A02_S3_F0	A02	F0	S3					150	1	250004	10.218202	0.804	0.07868311861519278	7.87	39.37	2.05	iteration	1     250004  1.0218202E+01  8.04E-01    7.87   39.37    2.05
C_A02_S3_F0	fixed	A02_S3_F0	A02	F0	S3					153	2	200940	11.523675	0.11	0.009545565976131746	0.95	4.28	1.63	iteration	2     200940  1.1523675E+01  1.10E-01    0.95    4.28*   1.63
C_A02_S3_F0	fixed	A02_S3_F0	A02	F0	S3					154	3	200940	11.549058	0.108	0.009351412037241479	0.94	4.21	1.76	iteration	3     200940  1.1549058E+01  1.08E-01    0.94    4.21*   1.76
C_A02_S3_F0	fixed	A02_S3_F0	A02	F0	S3					155	4	200940	11.552328	0.111	0.009608452945588111	0.96	4.3	1.71	iteration	4     200940  1.1552328E+01  1.11E-01    0.96    4.30    1.71
C_A02_S3_F0	fixed	A02_S3_F0	A02	F0	S3					157	4	602820	11.541704	0.0634	0.005493123025854761	0.55	4.26	1.71	aggregate	4     602820  1.1541704E+01  6.34E-02    0.55    4.26    1.71    0.02   3
C_A02_S3_F1	fixed	A02_S3_F1	A02	F1	S3					148	1	250004	10.218202	0.804	0.07868311861519278	7.87	39.37	2.05	iteration	1     250004  1.0218202E+01  8.04E-01    7.87   39.37*   2.05
C_A02_S3_F1	fixed	A02_S3_F1	A02	F1	S3					150	1	250004	10.218202	0.804	0.07868311861519278	7.87	39.37	2.05	iteration	1     250004  1.0218202E+01  8.04E-01    7.87   39.37    2.05
C_A02_S3_F1	fixed	A02_S3_F1	A02	F1	S3					153	2	600003	11.56222	0.0635	0.0054920248879540435	0.55	4.25	1.26	iteration	2     600003  1.1562220E+01  6.35E-02    0.55    4.25*   1.26
C_A02_S3_F1	fixed	A02_S3_F1	A02	F1	S3					155	2	600003	11.56222	0.0635	0.0054920248879540435	0.55	4.25	1.26	iteration	2     600003  1.1562220E+01  6.35E-02    0.55    4.25    1.26
C_A02_S3_F2	fixed	A02_S3_F2	A02	F2	S3					148	1	250004	10.218202	0.804	0.07868311861519278	7.87	39.37	2.05	iteration	1     250004  1.0218202E+01  8.04E-01    7.87   39.37*   2.05
C_A02_S3_F2	fixed	A02_S3_F2	A02	F2	S3					150	1	250004	10.218202	0.804	0.07868311861519278	7.87	39.37	2.05	iteration	1     250004  1.0218202E+01  8.04E-01    7.87   39.37    2.05
C_A02_S3_F2	fixed	A02_S3_F2	A02	F2	S3					153	2	1991649	11.513684	0.0344	0.0029877491860989063	0.3	4.21	1.01	iteration	2    1991649  1.1513684E+01  3.44E-02    0.30    4.21*   1.01
C_A02_S3_F2	fixed	A02_S3_F2	A02	F2	S3					155	2	1991649	11.513684	0.0344	0.0029877491860989063	0.3	4.21	1.01	iteration	2    1991649  1.1513684E+01  3.44E-02    0.30    4.21    1.01
P_A02_S4	adaptive	A02_S4	A02		S4					152	1	249970	11.200673	0.897	0.08008447349547657	8.01	40.04	1.91	iteration	1     249970  1.1200673E+01  8.97E-01    8.01   40.04*   1.91
P_A02_S4	adaptive	A02_S4	A02		S4					154	1	249970	11.200673	0.897	0.08008447349547657	8.01	40.04	1.91	iteration	1     249970  1.1200673E+01  8.97E-01    8.01   40.04    1.91
C_A02_S4_F0	fixed	A02_S4_F0	A02	F0	S4					148	1	249970	11.200673	0.897	0.08008447349547657	8.01	40.04	1.91	iteration	1     249970  1.1200673E+01  8.97E-01    8.01   40.04*   1.91
C_A02_S4_F0	fixed	A02_S4_F0	A02	F0	S4					150	1	249970	11.200673	0.897	0.08008447349547657	8.01	40.04	1.91	iteration	1     249970  1.1200673E+01  8.97E-01    8.01   40.04    1.91
C_A02_S4_F0	fixed	A02_S4_F0	A02	F0	S4					153	2	200967	11.301847	0.104	0.009202035738052372	0.92	4.11	1.9	iteration	2     200967  1.1301847E+01  1.04E-01    0.92    4.11*   1.90
C_A02_S4_F0	fixed	A02_S4_F0	A02	F0	S4					154	3	200967	11.303474	0.104	0.009200711214976917	0.92	4.12	2.04	iteration	3     200967  1.1303474E+01  1.04E-01    0.92    4.12    2.04
C_A02_S4_F0	fixed	A02_S4_F0	A02	F0	S4					155	4	200967	11.556845	0.107	0.009258582251470882	0.93	4.16	1.85	iteration	4     200967  1.1556845E+01  1.07E-01    0.93    4.16    1.85
C_A02_S4_F0	fixed	A02_S4_F0	A02	F0	S4					157	4	602901	11.383754	0.0605	0.005314591302658157	0.53	4.13	1.85	aggregate	4     602901  1.1383754E+01  6.05E-02    0.53    4.13    1.85    1.92   3
C_A02_S4_F1	fixed	A02_S4_F1	A02	F1	S4					148	1	249970	11.200673	0.897	0.08008447349547657	8.01	40.04	1.91	iteration	1     249970  1.1200673E+01  8.97E-01    8.01   40.04*   1.91
C_A02_S4_F1	fixed	A02_S4_F1	A02	F1	S4					150	1	249970	11.200673	0.897	0.08008447349547657	8.01	40.04	1.91	iteration	1     249970  1.1200673E+01  8.97E-01    8.01   40.04    1.91
C_A02_S4_F1	fixed	A02_S4_F1	A02	F1	S4					153	2	600026	11.421901	0.0609	0.005331862007909191	0.53	4.13	1.48	iteration	2     600026  1.1421901E+01  6.09E-02    0.53    4.13*   1.48
C_A02_S4_F1	fixed	A02_S4_F1	A02	F1	S4					155	2	600026	11.421901	0.0609	0.005331862007909191	0.53	4.13	1.48	iteration	2     600026  1.1421901E+01  6.09E-02    0.53    4.13    1.48
C_A02_S4_F2	fixed	A02_S4_F2	A02	F2	S4					148	1	249970	11.200673	0.897	0.08008447349547657	8.01	40.04	1.91	iteration	1     249970  1.1200673E+01  8.97E-01    8.01   40.04*   1.91
C_A02_S4_F2	fixed	A02_S4_F2	A02	F2	S4					150	1	249970	11.200673	0.897	0.08008447349547657	8.01	40.04	1.91	iteration	1     249970  1.1200673E+01  8.97E-01    8.01   40.04    1.91
C_A02_S4_F2	fixed	A02_S4_F2	A02	F2	S4					153	2	1999990	11.466864	0.0335	0.002921461351595345	0.29	4.13	1.23	iteration	2    1999990  1.1466864E+01  3.35E-02    0.29    4.13*   1.23
C_A02_S4_F2	fixed	A02_S4_F2	A02	F2	S4					155	2	1999990	11.466864	0.0335	0.002921461351595345	0.29	4.13	1.23	iteration	2    1999990  1.1466864E+01  3.35E-02    0.29    4.13    1.23
P_A02_S5	adaptive	A02_S5	A02		S5					152	1	250016	11.860951	0.992	0.08363578940676848	8.37	41.83	1.63	iteration	1     250016  1.1860951E+01  9.92E-01    8.37   41.83*   1.63
P_A02_S5	adaptive	A02_S5	A02		S5					154	1	250016	11.860951	0.992	0.08363578940676848	8.37	41.83	1.63	iteration	1     250016  1.1860951E+01  9.92E-01    8.37   41.83    1.63
C_A02_S5_F0	fixed	A02_S5_F0	A02	F0	S5					148	1	250016	11.860951	0.992	0.08363578940676848	8.37	41.83	1.63	iteration	1     250016  1.1860951E+01  9.92E-01    8.37   41.83*   1.63
C_A02_S5_F0	fixed	A02_S5_F0	A02	F0	S5					150	1	250016	11.860951	0.992	0.08363578940676848	8.37	41.83	1.63	iteration	1     250016  1.1860951E+01  9.92E-01    8.37   41.83    1.63
C_A02_S5_F0	fixed	A02_S5_F0	A02	F0	S5					153	2	200946	11.55103	0.112	0.009696105022668974	0.97	4.35	1.78	iteration	2     200946  1.1551030E+01  1.12E-01    0.97    4.35*   1.78
C_A02_S5_F0	fixed	A02_S5_F0	A02	F0	S5					154	3	200946	11.574346	0.111	0.00959017468459989	0.96	4.3	1.85	iteration	3     200946  1.1574346E+01  1.11E-01    0.96    4.30*   1.85
C_A02_S5_F0	fixed	A02_S5_F0	A02	F0	S5					155	4	200946	11.373649	0.109	0.00958355581396964	0.95	4.28	1.98	iteration	4     200946  1.1373649E+01  1.09E-01    0.95    4.28*   1.98
C_A02_S5_F0	fixed	A02_S5_F0	A02	F0	S5					157	4	602838	11.49743	0.0638	0.005549066182616463	0.55	4.31	1.98	aggregate	4     602838  1.1497430E+01  6.38E-02    0.55    4.31    1.98    1.00   3
C_A02_S5_F1	fixed	A02_S5_F1	A02	F1	S5					148	1	250016	11.860951	0.992	0.08363578940676848	8.37	41.83	1.63	iteration	1     250016  1.1860951E+01  9.92E-01    8.37   41.83*   1.63
C_A02_S5_F1	fixed	A02_S5_F1	A02	F1	S5					150	1	250016	11.860951	0.992	0.08363578940676848	8.37	41.83	1.63	iteration	1     250016  1.1860951E+01  9.92E-01    8.37   41.83    1.63
C_A02_S5_F1	fixed	A02_S5_F1	A02	F1	S5					153	2	599988	11.567605	0.0642	0.005549982040361855	0.55	4.3	1.41	iteration	2     599988  1.1567605E+01  6.42E-02    0.55    4.30*   1.41
C_A02_S5_F1	fixed	A02_S5_F1	A02	F1	S5					155	2	599988	11.567605	0.0642	0.005549982040361855	0.55	4.3	1.41	iteration	2     599988  1.1567605E+01  6.42E-02    0.55    4.30    1.41
C_A02_S5_F2	fixed	A02_S5_F2	A02	F2	S5					148	1	250016	11.860951	0.992	0.08363578940676848	8.37	41.83	1.63	iteration	1     250016  1.1860951E+01  9.92E-01    8.37   41.83*   1.63
C_A02_S5_F2	fixed	A02_S5_F2	A02	F2	S5					150	1	250016	11.860951	0.992	0.08363578940676848	8.37	41.83	1.63	iteration	1     250016  1.1860951E+01  9.92E-01    8.37   41.83    1.63
C_A02_S5_F2	fixed	A02_S5_F2	A02	F2	S5					153	2	1999984	11.516996	0.0349	0.003030304082766027	0.3	4.29	1.06	iteration	2    1999984  1.1516996E+01  3.49E-02    0.30    4.29*   1.06
C_A02_S5_F2	fixed	A02_S5_F2	A02	F2	S5					155	2	1999984	11.516996	0.0349	0.003030304082766027	0.3	4.29	1.06	iteration	2    1999984  1.1516996E+01  3.49E-02    0.30    4.29    1.06
P_A02_S6	adaptive	A02_S6	A02		S6					152	1	250012	11.934491	0.875	0.07331690978693603	7.33	36.66	2.09	iteration	1     250012  1.1934491E+01  8.75E-01    7.33   36.66*   2.09
P_A02_S6	adaptive	A02_S6	A02		S6					154	1	250012	11.934491	0.875	0.07331690978693603	7.33	36.66	2.09	iteration	1     250012  1.1934491E+01  8.75E-01    7.33   36.66    2.09
C_A02_S6_F0	fixed	A02_S6_F0	A02	F0	S6					148	1	250012	11.934491	0.875	0.07331690978693603	7.33	36.66	2.09	iteration	1     250012  1.1934491E+01  8.75E-01    7.33   36.66*   2.09
C_A02_S6_F0	fixed	A02_S6_F0	A02	F0	S6					150	1	250012	11.934491	0.875	0.07331690978693603	7.33	36.66	2.09	iteration	1     250012  1.1934491E+01  8.75E-01    7.33   36.66    2.09
C_A02_S6_F0	fixed	A02_S6_F0	A02	F0	S6					153	2	200985	11.632527	0.107	0.00919834529505068	0.92	4.11	2.08	iteration	2     200985  1.1632527E+01  1.07E-01    0.92    4.11*   2.08
C_A02_S6_F0	fixed	A02_S6_F0	A02	F0	S6					154	3	200985	11.447837	0.104	0.009084685604800278	0.91	4.09	2.16	iteration	3     200985  1.1447837E+01  1.04E-01    0.91    4.09*   2.16
C_A02_S6_F0	fixed	A02_S6_F0	A02	F0	S6					155	4	200985	11.538678	0.106	0.009186494328033071	0.92	4.12	2.03	iteration	4     200985  1.1538678E+01  1.06E-01    0.92    4.12    2.03
C_A02_S6_F0	fixed	A02_S6_F0	A02	F0	S6					157	4	602955	11.538303	0.061	0.005286739306464737	0.53	4.11	2.03	aggregate	4     602955  1.1538303E+01  6.10E-02    0.53    4.11    2.03    0.77   3
C_A02_S6_F1	fixed	A02_S6_F1	A02	F1	S6					148	1	250012	11.934491	0.875	0.07331690978693603	7.33	36.66	2.09	iteration	1     250012  1.1934491E+01  8.75E-01    7.33   36.66*   2.09
C_A02_S6_F1	fixed	A02_S6_F1	A02	F1	S6					150	1	250012	11.934491	0.875	0.07331690978693603	7.33	36.66	2.09	iteration	1     250012  1.1934491E+01  8.75E-01    7.33   36.66    2.09
C_A02_S6_F1	fixed	A02_S6_F1	A02	F1	S6					153	2	599990	11.626968	0.0621	0.005341031298959454	0.53	4.13	1.65	iteration	2     599990  1.1626968E+01  6.21E-02    0.53    4.13*   1.65
C_A02_S6_F1	fixed	A02_S6_F1	A02	F1	S6					155	2	599990	11.626968	0.0621	0.005341031298959454	0.53	4.13	1.65	iteration	2     599990  1.1626968E+01  6.21E-02    0.53    4.13    1.65
C_A02_S6_F2	fixed	A02_S6_F2	A02	F2	S6					148	1	250012	11.934491	0.875	0.07331690978693603	7.33	36.66	2.09	iteration	1     250012  1.1934491E+01  8.75E-01    7.33   36.66*   2.09
C_A02_S6_F2	fixed	A02_S6_F2	A02	F2	S6					150	1	250012	11.934491	0.875	0.07331690978693603	7.33	36.66	2.09	iteration	1     250012  1.1934491E+01  8.75E-01    7.33   36.66    2.09
C_A02_S6_F2	fixed	A02_S6_F2	A02	F2	S6					153	2	1999991	11.547663	0.0335	0.002901019886015032	0.29	4.1	1.16	iteration	2    1999991  1.1547663E+01  3.35E-02    0.29    4.10*   1.16
C_A02_S6_F2	fixed	A02_S6_F2	A02	F2	S6					155	2	1999991	11.547663	0.0335	0.002901019886015032	0.29	4.1	1.16	iteration	2    1999991  1.1547663E+01  3.35E-02    0.29    4.10    1.16
P_A02_S7	adaptive	A02_S7	A02		S7					152	1	249983	12.75148	0.966	0.07575591225489119	7.58	37.89	2.05	iteration	1     249983  1.2751480E+01  9.66E-01    7.58   37.89*   2.05
P_A02_S7	adaptive	A02_S7	A02		S7					154	1	249983	12.75148	0.966	0.07575591225489119	7.58	37.89	2.05	iteration	1     249983  1.2751480E+01  9.66E-01    7.58   37.89    2.05
C_A02_S7_F0	fixed	A02_S7_F0	A02	F0	S7					148	1	249983	12.75148	0.966	0.07575591225489119	7.58	37.89	2.05	iteration	1     249983  1.2751480E+01  9.66E-01    7.58   37.89*   2.05
C_A02_S7_F0	fixed	A02_S7_F0	A02	F0	S7					150	1	249983	12.75148	0.966	0.07575591225489119	7.58	37.89	2.05	iteration	1     249983  1.2751480E+01  9.66E-01    7.58   37.89    2.05
C_A02_S7_F0	fixed	A02_S7_F0	A02	F0	S7					153	2	200857	11.482004	0.1	0.008709281062783118	0.87	3.91	1.82	iteration	2     200857  1.1482004E+01  1.00E-01    0.87    3.91*   1.82
C_A02_S7_F0	fixed	A02_S7_F0	A02	F0	S7					154	3	200857	11.620903	0.101	0.008691235095930153	0.87	3.91	2.02	iteration	3     200857  1.1620903E+01  1.01E-01    0.87    3.91*   2.02
C_A02_S7_F0	fixed	A02_S7_F0	A02	F0	S7					155	4	200857	11.461499	0.1	0.00872486225405595	0.88	3.93	1.9	iteration	4     200857  1.1461499E+01  1.00E-01    0.88    3.93    1.90
C_A02_S7_F0	fixed	A02_S7_F0	A02	F0	S7					157	4	602571	11.520801	0.0581	0.005043052128059498	0.5	3.92	1.9	aggregate	4     602571  1.1520801E+01  5.81E-02    0.50    3.92    1.90    0.74   3
C_A02_S7_F1	fixed	A02_S7_F1	A02	F1	S7					148	1	249983	12.75148	0.966	0.07575591225489119	7.58	37.89	2.05	iteration	1     249983  1.2751480E+01  9.66E-01    7.58   37.89*   2.05
C_A02_S7_F1	fixed	A02_S7_F1	A02	F1	S7					150	1	249983	12.75148	0.966	0.07575591225489119	7.58	37.89	2.05	iteration	1     249983  1.2751480E+01  9.66E-01    7.58   37.89    2.05
C_A02_S7_F1	fixed	A02_S7_F1	A02	F1	S7					153	2	599984	11.474896	0.0573	0.004993509309365418	0.5	3.87	1.46	iteration	2     599984  1.1474896E+01  5.73E-02    0.50    3.87*   1.46
C_A02_S7_F1	fixed	A02_S7_F1	A02	F1	S7					155	2	599984	11.474896	0.0573	0.004993509309365418	0.5	3.87	1.46	iteration	2     599984  1.1474896E+01  5.73E-02    0.50    3.87    1.46
C_A02_S7_F2	fixed	A02_S7_F2	A02	F2	S7					148	1	249983	12.75148	0.966	0.07575591225489119	7.58	37.89	2.05	iteration	1     249983  1.2751480E+01  9.66E-01    7.58   37.89*   2.05
C_A02_S7_F2	fixed	A02_S7_F2	A02	F2	S7					150	1	249983	12.75148	0.966	0.07575591225489119	7.58	37.89	2.05	iteration	1     249983  1.2751480E+01  9.66E-01    7.58   37.89    2.05
C_A02_S7_F2	fixed	A02_S7_F2	A02	F2	S7					153	2	2000032	11.470759	0.0316	0.002754830783211469	0.28	3.89	1.02	iteration	2    2000032  1.1470759E+01  3.16E-02    0.28    3.89*   1.02
C_A02_S7_F2	fixed	A02_S7_F2	A02	F2	S7					155	2	2000032	11.470759	0.0316	0.002754830783211469	0.28	3.89	1.02	iteration	2    2000032  1.1470759E+01  3.16E-02    0.28    3.89    1.02
P_A03_S0	adaptive	A03_S0	A03		S0					152	1	99998	12.575489	1.52	0.12087005125605851	12.11	38.3	3.01	iteration	1      99998  1.2575489E+01  1.52E+00   12.11   38.30*   3.01
P_A03_S0	adaptive	A03_S0	A03		S0					153	2	99991	11.494885	0.227	0.01974791396347158	1.97	6.24	0.75	iteration	2      99991  1.1494885E+01  2.27E-01    1.97    6.24*   0.75
P_A03_S0	adaptive	A03_S0	A03		S0					154	3	100010	11.581815	0.0995	0.008591054165517236	0.86	2.72	2.96	iteration	3     100010  1.1581815E+01  9.95E-02    0.86    2.72*   2.96
P_A03_S0	adaptive	A03_S0	A03		S0					155	4	100003	11.49424	0.0712	0.0061944069377357705	0.62	1.96	5.71	iteration	4     100003  1.1494240E+01  7.12E-02    0.62    1.96*   5.71
P_A03_S0	adaptive	A03_S0	A03		S0					156	5	100000	11.510578	0.0623	0.0054124128258372425	0.54	1.71	7.09	iteration	5     100000  1.1510578E+01  6.23E-02    0.54    1.71*   7.09
P_A03_S0	adaptive	A03_S0	A03		S0					158	5	500002	11.517743	0.0417	0.0036205009957245965	0.36	2.56	7.09	aggregate	5     500002  1.1517743E+01  4.17E-02    0.36    2.56    7.09    0.26   5
C_A03_S0_F0	fixed	A03_S0_F0	A03	F0	S0					148	1	99998	12.575489	1.52	0.12087005125605851	12.11	38.3	3.01	iteration	1      99998  1.2575489E+01  1.52E+00   12.11   38.30*   3.01
C_A03_S0_F0	fixed	A03_S0_F0	A03	F0	S0					149	2	99991	11.494885	0.227	0.01974791396347158	1.97	6.24	0.75	iteration	2      99991  1.1494885E+01  2.27E-01    1.97    6.24*   0.75
C_A03_S0_F0	fixed	A03_S0_F0	A03	F0	S0					150	3	100010	11.581815	0.0995	0.008591054165517236	0.86	2.72	2.96	iteration	3     100010  1.1581815E+01  9.95E-02    0.86    2.72*   2.96
C_A03_S0_F0	fixed	A03_S0_F0	A03	F0	S0					151	4	100003	11.49424	0.0712	0.0061944069377357705	0.62	1.96	5.71	iteration	4     100003  1.1494240E+01  7.12E-02    0.62    1.96*   5.71
C_A03_S0_F0	fixed	A03_S0_F0	A03	F0	S0					152	5	100000	11.510578	0.0623	0.0054124128258372425	0.54	1.71	7.09	iteration	5     100000  1.1510578E+01  6.23E-02    0.54    1.71*   7.09
C_A03_S0_F0	fixed	A03_S0_F0	A03	F0	S0					154	5	500002	11.517743	0.0417	0.0036205009957245965	0.36	2.56	7.09	aggregate	5     500002  1.1517743E+01  4.17E-02    0.36    2.56    7.09    0.26   5
C_A03_S0_F0	fixed	A03_S0_F0	A03	F0	S0					157	6	200000	11.475104	0.0403	0.003511950741361473	0.35	1.57	6.8	iteration	6     200000  1.1475104E+01  4.03E-02    0.35    1.57*   6.80
C_A03_S0_F0	fixed	A03_S0_F0	A03	F0	S0					158	7	200000	11.496052	0.0404	0.003514249935543089	0.35	1.57	6.29	iteration	7     200000  1.1496052E+01  4.04E-02    0.35    1.57    6.29
C_A03_S0_F0	fixed	A03_S0_F0	A03	F0	S0					159	8	200000	11.466191	0.0403	0.0035146806816666494	0.35	1.57	6.0	iteration	8     200000  1.1466191E+01  4.03E-02    0.35    1.57*   6.00
C_A03_S0_F0	fixed	A03_S0_F0	A03	F0	S0					161	8	600000	11.479082	0.0233	0.0020297790363375747	0.2	1.57	6.0	aggregate	8     600000  1.1479082E+01  2.33E-02    0.20    1.57    6.00    0.14   3
C_A03_S0_F1	fixed	A03_S0_F1	A03	F1	S0					148	1	99998	12.575489	1.52	0.12087005125605851	12.11	38.3	3.01	iteration	1      99998  1.2575489E+01  1.52E+00   12.11   38.30*   3.01
C_A03_S0_F1	fixed	A03_S0_F1	A03	F1	S0					149	2	99991	11.494885	0.227	0.01974791396347158	1.97	6.24	0.75	iteration	2      99991  1.1494885E+01  2.27E-01    1.97    6.24*   0.75
C_A03_S0_F1	fixed	A03_S0_F1	A03	F1	S0					150	3	100010	11.581815	0.0995	0.008591054165517236	0.86	2.72	2.96	iteration	3     100010  1.1581815E+01  9.95E-02    0.86    2.72*   2.96
C_A03_S0_F1	fixed	A03_S0_F1	A03	F1	S0					151	4	100003	11.49424	0.0712	0.0061944069377357705	0.62	1.96	5.71	iteration	4     100003  1.1494240E+01  7.12E-02    0.62    1.96*   5.71
C_A03_S0_F1	fixed	A03_S0_F1	A03	F1	S0					152	5	100000	11.510578	0.0623	0.0054124128258372425	0.54	1.71	7.09	iteration	5     100000  1.1510578E+01  6.23E-02    0.54    1.71*   7.09
C_A03_S0_F1	fixed	A03_S0_F1	A03	F1	S0					154	5	500002	11.517743	0.0417	0.0036205009957245965	0.36	2.56	7.09	aggregate	5     500002  1.1517743E+01  4.17E-02    0.36    2.56    7.09    0.26   5
C_A03_S0_F1	fixed	A03_S0_F1	A03	F1	S0					157	6	599998	11.487203	0.0233	0.0020283440625189614	0.2	1.57	5.97	iteration	6     599998  1.1487203E+01  2.33E-02    0.20    1.57*   5.97
C_A03_S0_F1	fixed	A03_S0_F1	A03	F1	S0					159	6	599998	11.487203	0.0233	0.0020283440625189614	0.2	1.57	5.97	iteration	6     599998  1.1487203E+01  2.33E-02    0.20    1.57    5.97
C_A03_S0_F2	fixed	A03_S0_F2	A03	F2	S0					148	1	99998	12.575489	1.52	0.12087005125605851	12.11	38.3	3.01	iteration	1      99998  1.2575489E+01  1.52E+00   12.11   38.30*   3.01
C_A03_S0_F2	fixed	A03_S0_F2	A03	F2	S0					149	2	99991	11.494885	0.227	0.01974791396347158	1.97	6.24	0.75	iteration	2      99991  1.1494885E+01  2.27E-01    1.97    6.24*   0.75
C_A03_S0_F2	fixed	A03_S0_F2	A03	F2	S0					150	3	100010	11.581815	0.0995	0.008591054165517236	0.86	2.72	2.96	iteration	3     100010  1.1581815E+01  9.95E-02    0.86    2.72*   2.96
C_A03_S0_F2	fixed	A03_S0_F2	A03	F2	S0					151	4	100003	11.49424	0.0712	0.0061944069377357705	0.62	1.96	5.71	iteration	4     100003  1.1494240E+01  7.12E-02    0.62    1.96*   5.71
C_A03_S0_F2	fixed	A03_S0_F2	A03	F2	S0					152	5	100000	11.510578	0.0623	0.0054124128258372425	0.54	1.71	7.09	iteration	5     100000  1.1510578E+01  6.23E-02    0.54    1.71*   7.09
C_A03_S0_F2	fixed	A03_S0_F2	A03	F2	S0					154	5	500002	11.517743	0.0417	0.0036205009957245965	0.36	2.56	7.09	aggregate	5     500002  1.1517743E+01  4.17E-02    0.36    2.56    7.09    0.26   5
C_A03_S0_F2	fixed	A03_S0_F2	A03	F2	S0					157	6	1954476	11.495504	0.0128	0.001113478800059571	0.11	1.56	4.27	iteration	6    1954476  1.1495504E+01  1.28E-02    0.11    1.56*   4.27
C_A03_S0_F2	fixed	A03_S0_F2	A03	F2	S0					159	6	1954476	11.495504	0.0128	0.001113478800059571	0.11	1.56	4.27	iteration	6    1954476  1.1495504E+01  1.28E-02    0.11    1.56    4.27
P_A03_S1	adaptive	A03_S1	A03		S1					152	1	99986	12.39349	1.51	0.12183815858164246	12.17	38.48	3.11	iteration	1      99986  1.2393490E+01  1.51E+00   12.17   38.48*   3.11
P_A03_S1	adaptive	A03_S1	A03		S1					153	2	100003	11.492653	0.211	0.018359555448163273	1.83	5.79	1.07	iteration	2     100003  1.1492653E+01  2.11E-01    1.83    5.79*   1.07
P_A03_S1	adaptive	A03_S1	A03		S1					154	3	100001	11.407556	0.101	0.0088537807747777	0.88	2.8	3.46	iteration	3     100001  1.1407556E+01  1.01E-01    0.88    2.80*   3.46
P_A03_S1	adaptive	A03_S1	A03		S1					155	4	100010	11.366971	0.0753	0.006624456066616165	0.66	2.1	4.46	iteration	4     100010  1.1366971E+01  7.53E-02    0.66    2.10*   4.46
P_A03_S1	adaptive	A03_S1	A03		S1					156	5	99995	11.45308	0.0649	0.0056665979806305375	0.57	1.79	5.77	iteration	5      99995  1.1453080E+01  6.49E-02    0.57    1.79*   5.77
P_A03_S1	adaptive	A03_S1	A03		S1					158	5	499995	11.418789	0.0432	0.003783238310122028	0.38	2.68	5.77	aggregate	5     499995  1.1418789E+01  4.32E-02    0.38    2.68    5.77    0.33   5
C_A03_S1_F0	fixed	A03_S1_F0	A03	F0	S1					148	1	99986	12.39349	1.51	0.12183815858164246	12.17	38.48	3.11	iteration	1      99986  1.2393490E+01  1.51E+00   12.17   38.48*   3.11
C_A03_S1_F0	fixed	A03_S1_F0	A03	F0	S1					149	2	100003	11.492653	0.211	0.018359555448163273	1.83	5.79	1.07	iteration	2     100003  1.1492653E+01  2.11E-01    1.83    5.79*   1.07
C_A03_S1_F0	fixed	A03_S1_F0	A03	F0	S1					150	3	100001	11.407556	0.101	0.0088537807747777	0.88	2.8	3.46	iteration	3     100001  1.1407556E+01  1.01E-01    0.88    2.80*   3.46
C_A03_S1_F0	fixed	A03_S1_F0	A03	F0	S1					151	4	100010	11.366971	0.0753	0.006624456066616165	0.66	2.1	4.46	iteration	4     100010  1.1366971E+01  7.53E-02    0.66    2.10*   4.46
C_A03_S1_F0	fixed	A03_S1_F0	A03	F0	S1					152	5	99995	11.45308	0.0649	0.0056665979806305375	0.57	1.79	5.77	iteration	5      99995  1.1453080E+01  6.49E-02    0.57    1.79*   5.77
C_A03_S1_F0	fixed	A03_S1_F0	A03	F0	S1					154	5	499995	11.418789	0.0432	0.003783238310122028	0.38	2.68	5.77	aggregate	5     499995  1.1418789E+01  4.32E-02    0.38    2.68    5.77    0.33   5
C_A03_S1_F0	fixed	A03_S1_F0	A03	F0	S1					157	6	199996	11.494173	0.0422	0.0036714255127358883	0.37	1.64	6.49	iteration	6     199996  1.1494173E+01  4.22E-02    0.37    1.64*   6.49
C_A03_S1_F0	fixed	A03_S1_F0	A03	F0	S1					158	7	199996	11.528087	0.0426	0.0036953225630583808	0.37	1.65	6.36	iteration	7     199996  1.1528087E+01  4.26E-02    0.37    1.65    6.36
C_A03_S1_F0	fixed	A03_S1_F0	A03	F0	S1					159	8	199996	11.508307	0.0424	0.0036842951791258263	0.37	1.65	6.23	iteration	8     199996  1.1508307E+01  4.24E-02    0.37    1.65*   6.23
C_A03_S1_F0	fixed	A03_S1_F0	A03	F0	S1					161	8	599988	11.510078	0.0245	0.0021285694154288097	0.21	1.65	6.23	aggregate	8     599988  1.1510078E+01  2.45E-02    0.21    1.65    6.23    0.16   3
C_A03_S1_F1	fixed	A03_S1_F1	A03	F1	S1					148	1	99986	12.39349	1.51	0.12183815858164246	12.17	38.48	3.11	iteration	1      99986  1.2393490E+01  1.51E+00   12.17   38.48*   3.11
C_A03_S1_F1	fixed	A03_S1_F1	A03	F1	S1					149	2	100003	11.492653	0.211	0.018359555448163273	1.83	5.79	1.07	iteration	2     100003  1.1492653E+01  2.11E-01    1.83    5.79*   1.07
C_A03_S1_F1	fixed	A03_S1_F1	A03	F1	S1					150	3	100001	11.407556	0.101	0.0088537807747777	0.88	2.8	3.46	iteration	3     100001  1.1407556E+01  1.01E-01    0.88    2.80*   3.46
C_A03_S1_F1	fixed	A03_S1_F1	A03	F1	S1					151	4	100010	11.366971	0.0753	0.006624456066616165	0.66	2.1	4.46	iteration	4     100010  1.1366971E+01  7.53E-02    0.66    2.10*   4.46
C_A03_S1_F1	fixed	A03_S1_F1	A03	F1	S1					152	5	99995	11.45308	0.0649	0.0056665979806305375	0.57	1.79	5.77	iteration	5      99995  1.1453080E+01  6.49E-02    0.57    1.79*   5.77
C_A03_S1_F1	fixed	A03_S1_F1	A03	F1	S1					154	5	499995	11.418789	0.0432	0.003783238310122028	0.38	2.68	5.77	aggregate	5     499995  1.1418789E+01  4.32E-02    0.38    2.68    5.77    0.33   5
C_A03_S1_F1	fixed	A03_S1_F1	A03	F1	S1					157	6	599997	11.500894	0.0244	0.002121574201101236	0.21	1.65	5.79	iteration	6     599997  1.1500894E+01  2.44E-02    0.21    1.65*   5.79
C_A03_S1_F1	fixed	A03_S1_F1	A03	F1	S1					159	6	599997	11.500894	0.0244	0.002121574201101236	0.21	1.65	5.79	iteration	6     599997  1.1500894E+01  2.44E-02    0.21    1.65    5.79
C_A03_S1_F2	fixed	A03_S1_F2	A03	F2	S1					148	1	99986	12.39349	1.51	0.12183815858164246	12.17	38.48	3.11	iteration	1      99986  1.2393490E+01  1.51E+00   12.17   38.48*   3.11
C_A03_S1_F2	fixed	A03_S1_F2	A03	F2	S1					149	2	100003	11.492653	0.211	0.018359555448163273	1.83	5.79	1.07	iteration	2     100003  1.1492653E+01  2.11E-01    1.83    5.79*   1.07
C_A03_S1_F2	fixed	A03_S1_F2	A03	F2	S1					150	3	100001	11.407556	0.101	0.0088537807747777	0.88	2.8	3.46	iteration	3     100001  1.1407556E+01  1.01E-01    0.88    2.80*   3.46
C_A03_S1_F2	fixed	A03_S1_F2	A03	F2	S1					151	4	100010	11.366971	0.0753	0.006624456066616165	0.66	2.1	4.46	iteration	4     100010  1.1366971E+01  7.53E-02    0.66    2.10*   4.46
C_A03_S1_F2	fixed	A03_S1_F2	A03	F2	S1					152	5	99995	11.45308	0.0649	0.0056665979806305375	0.57	1.79	5.77	iteration	5      99995  1.1453080E+01  6.49E-02    0.57    1.79*   5.77
C_A03_S1_F2	fixed	A03_S1_F2	A03	F2	S1					154	5	499995	11.418789	0.0432	0.003783238310122028	0.38	2.68	5.77	aggregate	5     499995  1.1418789E+01  4.32E-02    0.38    2.68    5.77    0.33   5
C_A03_S1_F2	fixed	A03_S1_F2	A03	F2	S1					157	6	1912550	11.482483	0.0137	0.0011931217315975997	0.12	1.65	5.04	iteration	6    1912550  1.1482483E+01  1.37E-02    0.12    1.65*   5.04
C_A03_S1_F2	fixed	A03_S1_F2	A03	F2	S1					159	6	1912550	11.482483	0.0137	0.0011931217315975997	0.12	1.65	5.04	iteration	6    1912550  1.1482483E+01  1.37E-02    0.12    1.65    5.04
P_A03_S2	adaptive	A03_S2	A03		S2					152	1	100000	11.587985	1.39	0.11995182941641709	11.99	37.93	3.32	iteration	1     100000  1.1587985E+01  1.39E+00   11.99   37.93*   3.32
P_A03_S2	adaptive	A03_S2	A03		S2					153	2	99999	11.728766	0.201	0.01713735272747363	1.71	5.42	0.97	iteration	2      99999  1.1728766E+01  2.01E-01    1.71    5.42*   0.97
P_A03_S2	adaptive	A03_S2	A03		S2					154	3	100001	11.586902	0.0934	0.008060825922235296	0.81	2.55	3.36	iteration	3     100001  1.1586902E+01  9.34E-02    0.81    2.55*   3.36
P_A03_S2	adaptive	A03_S2	A03		S2					155	4	99999	11.554162	0.0709	0.006136316939298584	0.61	1.94	5.57	iteration	4      99999  1.1554162E+01  7.09E-02    0.61    1.94*   5.57
P_A03_S2	adaptive	A03_S2	A03		S2					156	5	100006	11.513701	0.0633	0.0054977977975978354	0.55	1.74	5.91	iteration	5     100006  1.1513701E+01  6.33E-02    0.55    1.74*   5.91
P_A03_S2	adaptive	A03_S2	A03		S2					158	5	500005	11.550758	0.0412	0.003566865481901707	0.36	2.52	5.91	aggregate	5     500005  1.1550758E+01  4.12E-02    0.36    2.52    5.91    0.32   5
C_A03_S2_F0	fixed	A03_S2_F0	A03	F0	S2					148	1	100000	11.587985	1.39	0.11995182941641709	11.99	37.93	3.32	iteration	1     100000  1.1587985E+01  1.39E+00   11.99   37.93*   3.32
C_A03_S2_F0	fixed	A03_S2_F0	A03	F0	S2					149	2	99999	11.728766	0.201	0.01713735272747363	1.71	5.42	0.97	iteration	2      99999  1.1728766E+01  2.01E-01    1.71    5.42*   0.97
C_A03_S2_F0	fixed	A03_S2_F0	A03	F0	S2					150	3	100001	11.586902	0.0934	0.008060825922235296	0.81	2.55	3.36	iteration	3     100001  1.1586902E+01  9.34E-02    0.81    2.55*   3.36
C_A03_S2_F0	fixed	A03_S2_F0	A03	F0	S2					151	4	99999	11.554162	0.0709	0.006136316939298584	0.61	1.94	5.57	iteration	4      99999  1.1554162E+01  7.09E-02    0.61    1.94*   5.57
C_A03_S2_F0	fixed	A03_S2_F0	A03	F0	S2					152	5	100006	11.513701	0.0633	0.0054977977975978354	0.55	1.74	5.91	iteration	5     100006  1.1513701E+01  6.33E-02    0.55    1.74*   5.91
C_A03_S2_F0	fixed	A03_S2_F0	A03	F0	S2					154	5	500005	11.550758	0.0412	0.003566865481901707	0.36	2.52	5.91	aggregate	5     500005  1.1550758E+01  4.12E-02    0.36    2.52    5.91    0.32   5
C_A03_S2_F0	fixed	A03_S2_F0	A03	F0	S2					157	6	199997	11.511523	0.0411	0.003570335567239886	0.36	1.6	7.16	iteration	6     199997  1.1511523E+01  4.11E-02    0.36    1.60*   7.16
C_A03_S2_F0	fixed	A03_S2_F0	A03	F0	S2					158	7	199997	11.487537	0.041	0.0035690853487566573	0.36	1.6	6.28	iteration	7     199997  1.1487537E+01  4.10E-02    0.36    1.60*   6.28
C_A03_S2_F0	fixed	A03_S2_F0	A03	F0	S2					159	8	199997	11.476145	0.041	0.0035726282649792243	0.36	1.6	6.54	iteration	8     199997  1.1476145E+01  4.10E-02    0.36    1.60    6.54
C_A03_S2_F0	fixed	A03_S2_F0	A03	F0	S2					161	8	599991	11.49171	0.0237	0.00206235625507431	0.21	1.6	6.54	aggregate	8     599991  1.1491710E+01  2.37E-02    0.21    1.60    6.54    0.19   3
C_A03_S2_F1	fixed	A03_S2_F1	A03	F1	S2					148	1	100000	11.587985	1.39	0.11995182941641709	11.99	37.93	3.32	iteration	1     100000  1.1587985E+01  1.39E+00   11.99   37.93*   3.32
C_A03_S2_F1	fixed	A03_S2_F1	A03	F1	S2					149	2	99999	11.728766	0.201	0.01713735272747363	1.71	5.42	0.97	iteration	2      99999  1.1728766E+01  2.01E-01    1.71    5.42*   0.97
C_A03_S2_F1	fixed	A03_S2_F1	A03	F1	S2					150	3	100001	11.586902	0.0934	0.008060825922235296	0.81	2.55	3.36	iteration	3     100001  1.1586902E+01  9.34E-02    0.81    2.55*   3.36
C_A03_S2_F1	fixed	A03_S2_F1	A03	F1	S2					151	4	99999	11.554162	0.0709	0.006136316939298584	0.61	1.94	5.57	iteration	4      99999  1.1554162E+01  7.09E-02    0.61    1.94*   5.57
C_A03_S2_F1	fixed	A03_S2_F1	A03	F1	S2					152	5	100006	11.513701	0.0633	0.0054977977975978354	0.55	1.74	5.91	iteration	5     100006  1.1513701E+01  6.33E-02    0.55    1.74*   5.91
C_A03_S2_F1	fixed	A03_S2_F1	A03	F1	S2					154	5	500005	11.550758	0.0412	0.003566865481901707	0.36	2.52	5.91	aggregate	5     500005  1.1550758E+01  4.12E-02    0.36    2.52    5.91    0.32   5
C_A03_S2_F1	fixed	A03_S2_F1	A03	F1	S2					157	6	599994	11.513689	0.0238	0.002067104643872177	0.21	1.6	5.53	iteration	6     599994  1.1513689E+01  2.38E-02    0.21    1.60*   5.53
C_A03_S2_F1	fixed	A03_S2_F1	A03	F1	S2					159	6	599994	11.513689	0.0238	0.002067104643872177	0.21	1.6	5.53	iteration	6     599994  1.1513689E+01  2.38E-02    0.21    1.60    5.53
C_A03_S2_F2	fixed	A03_S2_F2	A03	F2	S2					148	1	100000	11.587985	1.39	0.11995182941641709	11.99	37.93	3.32	iteration	1     100000  1.1587985E+01  1.39E+00   11.99   37.93*   3.32
C_A03_S2_F2	fixed	A03_S2_F2	A03	F2	S2					149	2	99999	11.728766	0.201	0.01713735272747363	1.71	5.42	0.97	iteration	2      99999  1.1728766E+01  2.01E-01    1.71    5.42*   0.97
C_A03_S2_F2	fixed	A03_S2_F2	A03	F2	S2					150	3	100001	11.586902	0.0934	0.008060825922235296	0.81	2.55	3.36	iteration	3     100001  1.1586902E+01  9.34E-02    0.81    2.55*   3.36
C_A03_S2_F2	fixed	A03_S2_F2	A03	F2	S2					151	4	99999	11.554162	0.0709	0.006136316939298584	0.61	1.94	5.57	iteration	4      99999  1.1554162E+01  7.09E-02    0.61    1.94*   5.57
C_A03_S2_F2	fixed	A03_S2_F2	A03	F2	S2					152	5	100006	11.513701	0.0633	0.0054977977975978354	0.55	1.74	5.91	iteration	5     100006  1.1513701E+01  6.33E-02    0.55    1.74*   5.91
C_A03_S2_F2	fixed	A03_S2_F2	A03	F2	S2					154	5	500005	11.550758	0.0412	0.003566865481901707	0.36	2.52	5.91	aggregate	5     500005  1.1550758E+01  4.12E-02    0.36    2.52    5.91    0.32   5
C_A03_S2_F2	fixed	A03_S2_F2	A03	F2	S2					157	6	1934876	11.491584	0.013	0.0011312626701419056	0.11	1.58	4.28	iteration	6    1934876  1.1491584E+01  1.30E-02    0.11    1.58*   4.28
C_A03_S2_F2	fixed	A03_S2_F2	A03	F2	S2					159	6	1934876	11.491584	0.013	0.0011312626701419056	0.11	1.58	4.28	iteration	6    1934876  1.1491584E+01  1.30E-02    0.11    1.58    4.28
P_A03_S3	adaptive	A03_S3	A03		S3					152	1	100010	10.341782	1.43	0.13827404213316427	13.85	43.8	3.35	iteration	1     100010  1.0341782E+01  1.43E+00   13.85   43.80*   3.35
P_A03_S3	adaptive	A03_S3	A03		S3					153	2	100013	11.212543	0.208	0.0185506534958216	1.86	5.87	0.88	iteration	2     100013  1.1212543E+01  2.08E-01    1.86    5.87*   0.88
P_A03_S3	adaptive	A03_S3	A03		S3					154	3	100013	11.458103	0.097	0.008465624719903461	0.85	2.68	3.09	iteration	3     100013  1.1458103E+01  9.70E-02    0.85    2.68*   3.09
P_A03_S3	adaptive	A03_S3	A03		S3					155	4	99995	11.52965	0.0717	0.006218749051358888	0.62	1.97	5.25	iteration	4      99995  1.1529650E+01  7.17E-02    0.62    1.97*   5.25
P_A03_S3	adaptive	A03_S3	A03		S3					156	5	99998	11.469173	0.0627	0.005466828340631012	0.55	1.73	6.56	iteration	5      99998  1.1469173E+01  6.27E-02    0.55    1.73*   6.56
P_A03_S3	adaptive	A03_S3	A03		S3					158	5	500029	11.476292	0.0416	0.0036248641982968015	0.36	2.56	6.56	aggregate	5     500029  1.1476292E+01  4.16E-02    0.36    2.56    6.56    0.71   5
C_A03_S3_F0	fixed	A03_S3_F0	A03	F0	S3					148	1	100010	10.341782	1.43	0.13827404213316427	13.85	43.8	3.35	iteration	1     100010  1.0341782E+01  1.43E+00   13.85   43.80*   3.35
C_A03_S3_F0	fixed	A03_S3_F0	A03	F0	S3					149	2	100013	11.212543	0.208	0.0185506534958216	1.86	5.87	0.88	iteration	2     100013  1.1212543E+01  2.08E-01    1.86    5.87*   0.88
C_A03_S3_F0	fixed	A03_S3_F0	A03	F0	S3					150	3	100013	11.458103	0.097	0.008465624719903461	0.85	2.68	3.09	iteration	3     100013  1.1458103E+01  9.70E-02    0.85    2.68*   3.09
C_A03_S3_F0	fixed	A03_S3_F0	A03	F0	S3					151	4	99995	11.52965	0.0717	0.006218749051358888	0.62	1.97	5.25	iteration	4      99995  1.1529650E+01  7.17E-02    0.62    1.97*   5.25
C_A03_S3_F0	fixed	A03_S3_F0	A03	F0	S3					152	5	99998	11.469173	0.0627	0.005466828340631012	0.55	1.73	6.56	iteration	5      99998  1.1469173E+01  6.27E-02    0.55    1.73*   6.56
C_A03_S3_F0	fixed	A03_S3_F0	A03	F0	S3					154	5	500029	11.476292	0.0416	0.0036248641982968015	0.36	2.56	6.56	aggregate	5     500029  1.1476292E+01  4.16E-02    0.36    2.56    6.56    0.71   5
C_A03_S3_F0	fixed	A03_S3_F0	A03	F0	S3					157	6	200008	11.481164	0.0409	0.00356235656942101	0.36	1.59	6.97	iteration	6     200008  1.1481164E+01  4.09E-02    0.36    1.59*   6.97
C_A03_S3_F0	fixed	A03_S3_F0	A03	F0	S3					158	7	200008	11.494382	0.0409	0.003558260026506862	0.36	1.59	6.89	iteration	7     200008  1.1494382E+01  4.09E-02    0.36    1.59*   6.89
C_A03_S3_F0	fixed	A03_S3_F0	A03	F0	S3					159	8	200008	11.478215	0.041	0.0035719839713753403	0.36	1.6	6.2	iteration	8     200008  1.1478215E+01  4.10E-02    0.36    1.60    6.20
C_A03_S3_F0	fixed	A03_S3_F0	A03	F0	S3					161	8	600024	11.484596	0.0236	0.0020549264423406796	0.21	1.59	6.2	aggregate	8     600024  1.1484596E+01  2.36E-02    0.21    1.59    6.20    0.04   3
C_A03_S3_F1	fixed	A03_S3_F1	A03	F1	S3					148	1	100010	10.341782	1.43	0.13827404213316427	13.85	43.8	3.35	iteration	1     100010  1.0341782E+01  1.43E+00   13.85   43.80*   3.35
C_A03_S3_F1	fixed	A03_S3_F1	A03	F1	S3					149	2	100013	11.212543	0.208	0.0185506534958216	1.86	5.87	0.88	iteration	2     100013  1.1212543E+01  2.08E-01    1.86    5.87*   0.88
C_A03_S3_F1	fixed	A03_S3_F1	A03	F1	S3					150	3	100013	11.458103	0.097	0.008465624719903461	0.85	2.68	3.09	iteration	3     100013  1.1458103E+01  9.70E-02    0.85    2.68*   3.09
C_A03_S3_F1	fixed	A03_S3_F1	A03	F1	S3					151	4	99995	11.52965	0.0717	0.006218749051358888	0.62	1.97	5.25	iteration	4      99995  1.1529650E+01  7.17E-02    0.62    1.97*   5.25
C_A03_S3_F1	fixed	A03_S3_F1	A03	F1	S3					152	5	99998	11.469173	0.0627	0.005466828340631012	0.55	1.73	6.56	iteration	5      99998  1.1469173E+01  6.27E-02    0.55    1.73*   6.56
C_A03_S3_F1	fixed	A03_S3_F1	A03	F1	S3					154	5	500029	11.476292	0.0416	0.0036248641982968015	0.36	2.56	6.56	aggregate	5     500029  1.1476292E+01  4.16E-02    0.36    2.56    6.56    0.71   5
C_A03_S3_F1	fixed	A03_S3_F1	A03	F1	S3					157	6	599991	11.484381	0.0237	0.00206367239122422	0.21	1.6	5.54	iteration	6     599991  1.1484381E+01  2.37E-02    0.21    1.60*   5.54
C_A03_S3_F1	fixed	A03_S3_F1	A03	F1	S3					159	6	599991	11.484381	0.0237	0.00206367239122422	0.21	1.6	5.54	iteration	6     599991  1.1484381E+01  2.37E-02    0.21    1.60    5.54
C_A03_S3_F2	fixed	A03_S3_F2	A03	F2	S3					148	1	100010	10.341782	1.43	0.13827404213316427	13.85	43.8	3.35	iteration	1     100010  1.0341782E+01  1.43E+00   13.85   43.80*   3.35
C_A03_S3_F2	fixed	A03_S3_F2	A03	F2	S3					149	2	100013	11.212543	0.208	0.0185506534958216	1.86	5.87	0.88	iteration	2     100013  1.1212543E+01  2.08E-01    1.86    5.87*   0.88
C_A03_S3_F2	fixed	A03_S3_F2	A03	F2	S3					150	3	100013	11.458103	0.097	0.008465624719903461	0.85	2.68	3.09	iteration	3     100013  1.1458103E+01  9.70E-02    0.85    2.68*   3.09
C_A03_S3_F2	fixed	A03_S3_F2	A03	F2	S3					151	4	99995	11.52965	0.0717	0.006218749051358888	0.62	1.97	5.25	iteration	4      99995  1.1529650E+01  7.17E-02    0.62    1.97*   5.25
C_A03_S3_F2	fixed	A03_S3_F2	A03	F2	S3					152	5	99998	11.469173	0.0627	0.005466828340631012	0.55	1.73	6.56	iteration	5      99998  1.1469173E+01  6.27E-02    0.55    1.73*   6.56
C_A03_S3_F2	fixed	A03_S3_F2	A03	F2	S3					154	5	500029	11.476292	0.0416	0.0036248641982968015	0.36	2.56	6.56	aggregate	5     500029  1.1476292E+01  4.16E-02    0.36    2.56    6.56    0.71   5
C_A03_S3_F2	fixed	A03_S3_F2	A03	F2	S3					157	6	1949994	11.513388	0.0129	0.0011204347495281145	0.11	1.57	4.85	iteration	6    1949994  1.1513388E+01  1.29E-02    0.11    1.57*   4.85
C_A03_S3_F2	fixed	A03_S3_F2	A03	F2	S3					159	6	1949994	11.513388	0.0129	0.0011204347495281145	0.11	1.57	4.85	iteration	6    1949994  1.1513388E+01  1.29E-02    0.11    1.57    4.85
P_A03_S4	adaptive	A03_S4	A03		S4					152	1	99995	11.72115	1.47	0.12541431514825763	12.51	39.55	3.79	iteration	1      99995  1.1721150E+01  1.47E+00   12.51   39.55*   3.79
P_A03_S4	adaptive	A03_S4	A03		S4					153	2	100021	11.737794	0.182	0.015505468915198205	1.55	4.91	1.57	iteration	2     100021  1.1737794E+01  1.82E-01    1.55    4.91*   1.57
P_A03_S4	adaptive	A03_S4	A03		S4					154	3	99996	11.491096	0.0961	0.008362996880367199	0.84	2.64	3.1	iteration	3      99996  1.1491096E+01  9.61E-02    0.84    2.64*   3.10
P_A03_S4	adaptive	A03_S4	A03		S4					155	4	100001	11.537895	0.0747	0.00647431788900835	0.65	2.05	5.26	iteration	4     100001  1.1537895E+01  7.47E-02    0.65    2.05*   5.26
P_A03_S4	adaptive	A03_S4	A03		S4					156	5	100002	11.505501	0.066	0.005736386446796189	0.57	1.81	5.79	iteration	5     100002  1.1505501E+01  6.60E-02    0.57    1.81*   5.79
P_A03_S4	adaptive	A03_S4	A03		S4					158	5	500015	11.526196	0.0428	0.0037132806001216705	0.37	2.62	5.79	aggregate	5     500015  1.1526196E+01  4.28E-02    0.37    2.62    5.79    0.41   5
C_A03_S4_F0	fixed	A03_S4_F0	A03	F0	S4					148	1	99995	11.72115	1.47	0.12541431514825763	12.51	39.55	3.79	iteration	1      99995  1.1721150E+01  1.47E+00   12.51   39.55*   3.79
C_A03_S4_F0	fixed	A03_S4_F0	A03	F0	S4					149	2	100021	11.737794	0.182	0.015505468915198205	1.55	4.91	1.57	iteration	2     100021  1.1737794E+01  1.82E-01    1.55    4.91*   1.57
C_A03_S4_F0	fixed	A03_S4_F0	A03	F0	S4					150	3	99996	11.491096	0.0961	0.008362996880367199	0.84	2.64	3.1	iteration	3      99996  1.1491096E+01  9.61E-02    0.84    2.64*   3.10
C_A03_S4_F0	fixed	A03_S4_F0	A03	F0	S4					151	4	100001	11.537895	0.0747	0.00647431788900835	0.65	2.05	5.26	iteration	4     100001  1.1537895E+01  7.47E-02    0.65    2.05*   5.26
C_A03_S4_F0	fixed	A03_S4_F0	A03	F0	S4					152	5	100002	11.505501	0.066	0.005736386446796189	0.57	1.81	5.79	iteration	5     100002  1.1505501E+01  6.60E-02    0.57    1.81*   5.79
C_A03_S4_F0	fixed	A03_S4_F0	A03	F0	S4					154	5	500015	11.526196	0.0428	0.0037132806001216705	0.37	2.62	5.79	aggregate	5     500015  1.1526196E+01  4.28E-02    0.37    2.62    5.79    0.41   5
C_A03_S4_F0	fixed	A03_S4_F0	A03	F0	S4					157	6	200002	11.372851	0.0418	0.0036754196463138393	0.37	1.64	6.99	iteration	6     200002  1.1372851E+01  4.18E-02    0.37    1.64*   6.99
C_A03_S4_F0	fixed	A03_S4_F0	A03	F0	S4					158	7	200002	11.50999	0.0425	0.0036924445633749465	0.37	1.65	6.08	iteration	7     200002  1.1509990E+01  4.25E-02    0.37    1.65    6.08
C_A03_S4_F0	fixed	A03_S4_F0	A03	F0	S4					159	8	200002	11.506454	0.0423	0.003676197723468933	0.37	1.64	6.75	iteration	8     200002  1.1506454E+01  4.23E-02    0.37    1.64*   6.75
C_A03_S4_F0	fixed	A03_S4_F0	A03	F0	S4					161	8	600006	11.462329	0.0244	0.0021287122364050098	0.21	1.65	6.75	aggregate	8     600006  1.1462329E+01  2.44E-02    0.21    1.65    6.75    3.46   3
C_A03_S4_F1	fixed	A03_S4_F1	A03	F1	S4					148	1	99995	11.72115	1.47	0.12541431514825763	12.51	39.55	3.79	iteration	1      99995  1.1721150E+01  1.47E+00   12.51   39.55*   3.79
C_A03_S4_F1	fixed	A03_S4_F1	A03	F1	S4					149	2	100021	11.737794	0.182	0.015505468915198205	1.55	4.91	1.57	iteration	2     100021  1.1737794E+01  1.82E-01    1.55    4.91*   1.57
C_A03_S4_F1	fixed	A03_S4_F1	A03	F1	S4					150	3	99996	11.491096	0.0961	0.008362996880367199	0.84	2.64	3.1	iteration	3      99996  1.1491096E+01  9.61E-02    0.84    2.64*   3.10
C_A03_S4_F1	fixed	A03_S4_F1	A03	F1	S4					151	4	100001	11.537895	0.0747	0.00647431788900835	0.65	2.05	5.26	iteration	4     100001  1.1537895E+01  7.47E-02    0.65    2.05*   5.26
C_A03_S4_F1	fixed	A03_S4_F1	A03	F1	S4					152	5	100002	11.505501	0.066	0.005736386446796189	0.57	1.81	5.79	iteration	5     100002  1.1505501E+01  6.60E-02    0.57    1.81*   5.79
C_A03_S4_F1	fixed	A03_S4_F1	A03	F1	S4					154	5	500015	11.526196	0.0428	0.0037132806001216705	0.37	2.62	5.79	aggregate	5     500015  1.1526196E+01  4.28E-02    0.37    2.62    5.79    0.41   5
C_A03_S4_F1	fixed	A03_S4_F1	A03	F1	S4					157	6	600004	11.449628	0.0243	0.002122339695228526	0.21	1.64	5.88	iteration	6     600004  1.1449628E+01  2.43E-02    0.21    1.64*   5.88
C_A03_S4_F1	fixed	A03_S4_F1	A03	F1	S4					159	6	600004	11.449628	0.0243	0.002122339695228526	0.21	1.64	5.88	iteration	6     600004  1.1449628E+01  2.43E-02    0.21    1.64    5.88
C_A03_S4_F2	fixed	A03_S4_F2	A03	F2	S4					148	1	99995	11.72115	1.47	0.12541431514825763	12.51	39.55	3.79	iteration	1      99995  1.1721150E+01  1.47E+00   12.51   39.55*   3.79
C_A03_S4_F2	fixed	A03_S4_F2	A03	F2	S4					149	2	100021	11.737794	0.182	0.015505468915198205	1.55	4.91	1.57	iteration	2     100021  1.1737794E+01  1.82E-01    1.55    4.91*   1.57
C_A03_S4_F2	fixed	A03_S4_F2	A03	F2	S4					150	3	99996	11.491096	0.0961	0.008362996880367199	0.84	2.64	3.1	iteration	3      99996  1.1491096E+01  9.61E-02    0.84    2.64*   3.10
C_A03_S4_F2	fixed	A03_S4_F2	A03	F2	S4					151	4	100001	11.537895	0.0747	0.00647431788900835	0.65	2.05	5.26	iteration	4     100001  1.1537895E+01  7.47E-02    0.65    2.05*   5.26
C_A03_S4_F2	fixed	A03_S4_F2	A03	F2	S4					152	5	100002	11.505501	0.066	0.005736386446796189	0.57	1.81	5.79	iteration	5     100002  1.1505501E+01  6.60E-02    0.57    1.81*   5.79
C_A03_S4_F2	fixed	A03_S4_F2	A03	F2	S4					154	5	500015	11.526196	0.0428	0.0037132806001216705	0.37	2.62	5.79	aggregate	5     500015  1.1526196E+01  4.28E-02    0.37    2.62    5.79    0.41   5
C_A03_S4_F2	fixed	A03_S4_F2	A03	F2	S4					157	6	1928984	11.48862	0.0136	0.001183780123287218	0.12	1.64	4.7	iteration	6    1928984  1.1488620E+01  1.36E-02    0.12    1.64*   4.70
C_A03_S4_F2	fixed	A03_S4_F2	A03	F2	S4					159	6	1928984	11.48862	0.0136	0.001183780123287218	0.12	1.64	4.7	iteration	6    1928984  1.1488620E+01  1.36E-02    0.12    1.64    4.70
P_A03_S5	adaptive	A03_S5	A03		S5					152	1	100001	12.286906	1.64	0.1334754249768005	13.38	42.3	3.44	iteration	1     100001  1.2286906E+01  1.64E+00   13.38   42.30*   3.44
P_A03_S5	adaptive	A03_S5	A03		S5					153	2	100013	11.431489	0.184	0.0160958909202467	1.61	5.1	1.22	iteration	2     100013  1.1431489E+01  1.84E-01    1.61    5.10*   1.22
P_A03_S5	adaptive	A03_S5	A03		S5					154	3	99984	11.668087	0.102	0.008741792892013918	0.87	2.76	2.46	iteration	3      99984  1.1668087E+01  1.02E-01    0.87    2.76*   2.46
P_A03_S5	adaptive	A03_S5	A03		S5					155	4	100003	11.596059	0.0752	0.006484961830566747	0.65	2.05	5.57	iteration	4     100003  1.1596059E+01  7.52E-02    0.65    2.05*   5.57
P_A03_S5	adaptive	A03_S5	A03		S5					156	5	99997	11.498496	0.065	0.005652913215780569	0.57	1.79	6.7	iteration	5      99997  1.1498496E+01  6.50E-02    0.57    1.79*   6.70
P_A03_S5	adaptive	A03_S5	A03		S5					158	5	499998	11.557689	0.043	0.0037204669549422897	0.37	2.63	6.7	aggregate	5     499998  1.1557689E+01  4.30E-02    0.37    2.63    6.70    0.73   5
C_A03_S5_F0	fixed	A03_S5_F0	A03	F0	S5					148	1	100001	12.286906	1.64	0.1334754249768005	13.38	42.3	3.44	iteration	1     100001  1.2286906E+01  1.64E+00   13.38   42.30*   3.44
C_A03_S5_F0	fixed	A03_S5_F0	A03	F0	S5					149	2	100013	11.431489	0.184	0.0160958909202467	1.61	5.1	1.22	iteration	2     100013  1.1431489E+01  1.84E-01    1.61    5.10*   1.22
C_A03_S5_F0	fixed	A03_S5_F0	A03	F0	S5					150	3	99984	11.668087	0.102	0.008741792892013918	0.87	2.76	2.46	iteration	3      99984  1.1668087E+01  1.02E-01    0.87    2.76*   2.46
C_A03_S5_F0	fixed	A03_S5_F0	A03	F0	S5					151	4	100003	11.596059	0.0752	0.006484961830566747	0.65	2.05	5.57	iteration	4     100003  1.1596059E+01  7.52E-02    0.65    2.05*   5.57
C_A03_S5_F0	fixed	A03_S5_F0	A03	F0	S5					152	5	99997	11.498496	0.065	0.005652913215780569	0.57	1.79	6.7	iteration	5      99997  1.1498496E+01  6.50E-02    0.57    1.79*   6.70
C_A03_S5_F0	fixed	A03_S5_F0	A03	F0	S5					154	5	499998	11.557689	0.043	0.0037204669549422897	0.37	2.63	6.7	aggregate	5     499998  1.1557689E+01  4.30E-02    0.37    2.63    6.70    0.73   5
C_A03_S5_F0	fixed	A03_S5_F0	A03	F0	S5					157	6	200011	11.484423	0.0424	0.0036919573582408103	0.37	1.65	6.23	iteration	6     200011  1.1484423E+01  4.24E-02    0.37    1.65*   6.23
C_A03_S5_F0	fixed	A03_S5_F0	A03	F0	S5					158	7	200011	11.470491	0.0423	0.003687723568241324	0.37	1.65	5.94	iteration	7     200011  1.1470491E+01  4.23E-02    0.37    1.65*   5.94
C_A03_S5_F0	fixed	A03_S5_F0	A03	F0	S5					159	8	200011	11.479871	0.0425	0.0037021321929488586	0.37	1.66	6.18	iteration	8     200011  1.1479871E+01  4.25E-02    0.37    1.66    6.18
C_A03_S5_F0	fixed	A03_S5_F0	A03	F0	S5					161	8	600033	11.478243	0.0245	0.0021344730199561028	0.21	1.65	6.18	aggregate	8     600033  1.1478243E+01  2.45E-02    0.21    1.65    6.18    0.03   3
C_A03_S5_F1	fixed	A03_S5_F1	A03	F1	S5					148	1	100001	12.286906	1.64	0.1334754249768005	13.38	42.3	3.44	iteration	1     100001  1.2286906E+01  1.64E+00   13.38   42.30*   3.44
C_A03_S5_F1	fixed	A03_S5_F1	A03	F1	S5					149	2	100013	11.431489	0.184	0.0160958909202467	1.61	5.1	1.22	iteration	2     100013  1.1431489E+01  1.84E-01    1.61    5.10*   1.22
C_A03_S5_F1	fixed	A03_S5_F1	A03	F1	S5					150	3	99984	11.668087	0.102	0.008741792892013918	0.87	2.76	2.46	iteration	3      99984  1.1668087E+01  1.02E-01    0.87    2.76*   2.46
C_A03_S5_F1	fixed	A03_S5_F1	A03	F1	S5					151	4	100003	11.596059	0.0752	0.006484961830566747	0.65	2.05	5.57	iteration	4     100003  1.1596059E+01  7.52E-02    0.65    2.05*   5.57
C_A03_S5_F1	fixed	A03_S5_F1	A03	F1	S5					152	5	99997	11.498496	0.065	0.005652913215780569	0.57	1.79	6.7	iteration	5      99997  1.1498496E+01  6.50E-02    0.57    1.79*   6.70
C_A03_S5_F1	fixed	A03_S5_F1	A03	F1	S5					154	5	499998	11.557689	0.043	0.0037204669549422897	0.37	2.63	6.7	aggregate	5     499998  1.1557689E+01  4.30E-02    0.37    2.63    6.70    0.73   5
C_A03_S5_F1	fixed	A03_S5_F1	A03	F1	S5					157	6	600010	11.52765	0.0246	0.0021339995575854575	0.21	1.65	4.86	iteration	6     600010  1.1527650E+01  2.46E-02    0.21    1.65*   4.86
C_A03_S5_F1	fixed	A03_S5_F1	A03	F1	S5					159	6	600010	11.52765	0.0246	0.0021339995575854575	0.21	1.65	4.86	iteration	6     600010  1.1527650E+01  2.46E-02    0.21    1.65    4.86
C_A03_S5_F2	fixed	A03_S5_F2	A03	F2	S5					148	1	100001	12.286906	1.64	0.1334754249768005	13.38	42.3	3.44	iteration	1     100001  1.2286906E+01  1.64E+00   13.38   42.30*   3.44
C_A03_S5_F2	fixed	A03_S5_F2	A03	F2	S5					149	2	100013	11.431489	0.184	0.0160958909202467	1.61	5.1	1.22	iteration	2     100013  1.1431489E+01  1.84E-01    1.61    5.10*   1.22
C_A03_S5_F2	fixed	A03_S5_F2	A03	F2	S5					150	3	99984	11.668087	0.102	0.008741792892013918	0.87	2.76	2.46	iteration	3      99984  1.1668087E+01  1.02E-01    0.87    2.76*   2.46
C_A03_S5_F2	fixed	A03_S5_F2	A03	F2	S5					151	4	100003	11.596059	0.0752	0.006484961830566747	0.65	2.05	5.57	iteration	4     100003  1.1596059E+01  7.52E-02    0.65    2.05*   5.57
C_A03_S5_F2	fixed	A03_S5_F2	A03	F2	S5					152	5	99997	11.498496	0.065	0.005652913215780569	0.57	1.79	6.7	iteration	5      99997  1.1498496E+01  6.50E-02    0.57    1.79*   6.70
C_A03_S5_F2	fixed	A03_S5_F2	A03	F2	S5					154	5	499998	11.557689	0.043	0.0037204669549422897	0.37	2.63	6.7	aggregate	5     499998  1.1557689E+01  4.30E-02    0.37    2.63    6.70    0.73   5
C_A03_S5_F2	fixed	A03_S5_F2	A03	F2	S5					157	6	1951322	11.492508	0.0135	0.001174678320867821	0.12	1.64	4.29	iteration	6    1951322  1.1492508E+01  1.35E-02    0.12    1.64*   4.29
C_A03_S5_F2	fixed	A03_S5_F2	A03	F2	S5					159	6	1951322	11.492508	0.0135	0.001174678320867821	0.12	1.64	4.29	iteration	6    1951322  1.1492508E+01  1.35E-02    0.12    1.64    4.29
P_A03_S6	adaptive	A03_S6	A03		S6					152	1	99990	11.412462	1.36	0.1191679762000522	11.88	37.55	3.63	iteration	1      99990  1.1412462E+01  1.36E+00   11.88   37.55*   3.63
P_A03_S6	adaptive	A03_S6	A03		S6					153	2	100005	11.462866	0.198	0.01727316711195961	1.72	5.45	1.16	iteration	2     100005  1.1462866E+01  1.98E-01    1.72    5.45*   1.16
P_A03_S6	adaptive	A03_S6	A03		S6					154	3	100000	11.59625	0.0998	0.008606230462433978	0.86	2.72	2.76	iteration	3     100000  1.1596250E+01  9.98E-02    0.86    2.72*   2.76
P_A03_S6	adaptive	A03_S6	A03		S6					155	4	99998	11.512848	0.0727	0.0063146842553640945	0.63	2.0	6.11	iteration	4      99998  1.1512848E+01  7.27E-02    0.63    2.00*   6.11
P_A03_S6	adaptive	A03_S6	A03		S6					156	5	99992	11.528525	0.0648	0.0056208404804604225	0.56	1.78	5.82	iteration	5      99992  1.1528525E+01  6.48E-02    0.56    1.78*   5.82
P_A03_S6	adaptive	A03_S6	A03		S6					158	5	499985	11.532298	0.0425	0.003685301923346067	0.37	2.6	5.82	aggregate	5     499985  1.1532298E+01  4.25E-02    0.37    2.60    5.82    0.15   5
C_A03_S6_F0	fixed	A03_S6_F0	A03	F0	S6					148	1	99990	11.412462	1.36	0.1191679762000522	11.88	37.55	3.63	iteration	1      99990  1.1412462E+01  1.36E+00   11.88   37.55*   3.63
C_A03_S6_F0	fixed	A03_S6_F0	A03	F0	S6					149	2	100005	11.462866	0.198	0.01727316711195961	1.72	5.45	1.16	iteration	2     100005  1.1462866E+01  1.98E-01    1.72    5.45*   1.16
C_A03_S6_F0	fixed	A03_S6_F0	A03	F0	S6					150	3	100000	11.59625	0.0998	0.008606230462433978	0.86	2.72	2.76	iteration	3     100000  1.1596250E+01  9.98E-02    0.86    2.72*   2.76
C_A03_S6_F0	fixed	A03_S6_F0	A03	F0	S6					151	4	99998	11.512848	0.0727	0.0063146842553640945	0.63	2.0	6.11	iteration	4      99998  1.1512848E+01  7.27E-02    0.63    2.00*   6.11
C_A03_S6_F0	fixed	A03_S6_F0	A03	F0	S6					152	5	99992	11.528525	0.0648	0.0056208404804604225	0.56	1.78	5.82	iteration	5      99992  1.1528525E+01  6.48E-02    0.56    1.78*   5.82
C_A03_S6_F0	fixed	A03_S6_F0	A03	F0	S6					154	5	499985	11.532298	0.0425	0.003685301923346067	0.37	2.6	5.82	aggregate	5     499985  1.1532298E+01  4.25E-02    0.37    2.60    5.82    0.15   5
C_A03_S6_F0	fixed	A03_S6_F0	A03	F0	S6					157	6	200002	11.554313	0.0424	0.0036696253598115266	0.37	1.64	6.14	iteration	6     200002  1.1554313E+01  4.24E-02    0.37    1.64*   6.14
C_A03_S6_F0	fixed	A03_S6_F0	A03	F0	S6					158	7	200002	11.503626	0.0422	0.0036684085522251855	0.37	1.64	6.58	iteration	7     200002  1.1503626E+01  4.22E-02    0.37    1.64*   6.58
C_A03_S6_F0	fixed	A03_S6_F0	A03	F0	S6					159	8	200002	11.469497	0.042	0.0036618868290387973	0.37	1.64	7.0	iteration	8     200002  1.1469497E+01  4.20E-02    0.37    1.64*   7.00
C_A03_S6_F0	fixed	A03_S6_F0	A03	F0	S6					161	8	600006	11.508826	0.0244	0.0021201119905714105	0.21	1.64	7.0	aggregate	8     600006  1.1508826E+01  2.44E-02    0.21    1.64    7.00    1.02   3
C_A03_S6_F1	fixed	A03_S6_F1	A03	F1	S6					148	1	99990	11.412462	1.36	0.1191679762000522	11.88	37.55	3.63	iteration	1      99990  1.1412462E+01  1.36E+00   11.88   37.55*   3.63
C_A03_S6_F1	fixed	A03_S6_F1	A03	F1	S6					149	2	100005	11.462866	0.198	0.01727316711195961	1.72	5.45	1.16	iteration	2     100005  1.1462866E+01  1.98E-01    1.72    5.45*   1.16
C_A03_S6_F1	fixed	A03_S6_F1	A03	F1	S6					150	3	100000	11.59625	0.0998	0.008606230462433978	0.86	2.72	2.76	iteration	3     100000  1.1596250E+01  9.98E-02    0.86    2.72*   2.76
C_A03_S6_F1	fixed	A03_S6_F1	A03	F1	S6					151	4	99998	11.512848	0.0727	0.0063146842553640945	0.63	2.0	6.11	iteration	4      99998  1.1512848E+01  7.27E-02    0.63    2.00*   6.11
C_A03_S6_F1	fixed	A03_S6_F1	A03	F1	S6					152	5	99992	11.528525	0.0648	0.0056208404804604225	0.56	1.78	5.82	iteration	5      99992  1.1528525E+01  6.48E-02    0.56    1.78*   5.82
C_A03_S6_F1	fixed	A03_S6_F1	A03	F1	S6					154	5	499985	11.532298	0.0425	0.003685301923346067	0.37	2.6	5.82	aggregate	5     499985  1.1532298E+01  4.25E-02    0.37    2.60    5.82    0.15   5
C_A03_S6_F1	fixed	A03_S6_F1	A03	F1	S6					157	6	600003	11.493458	0.0243	0.0021142462085823083	0.21	1.64	5.67	iteration	6     600003  1.1493458E+01  2.43E-02    0.21    1.64*   5.67
C_A03_S6_F1	fixed	A03_S6_F1	A03	F1	S6					159	6	600003	11.493458	0.0243	0.0021142462085823083	0.21	1.64	5.67	iteration	6     600003  1.1493458E+01  2.43E-02    0.21    1.64    5.67
C_A03_S6_F2	fixed	A03_S6_F2	A03	F2	S6					148	1	99990	11.412462	1.36	0.1191679762000522	11.88	37.55	3.63	iteration	1      99990  1.1412462E+01  1.36E+00   11.88   37.55*   3.63
C_A03_S6_F2	fixed	A03_S6_F2	A03	F2	S6					149	2	100005	11.462866	0.198	0.01727316711195961	1.72	5.45	1.16	iteration	2     100005  1.1462866E+01  1.98E-01    1.72    5.45*   1.16
C_A03_S6_F2	fixed	A03_S6_F2	A03	F2	S6					150	3	100000	11.59625	0.0998	0.008606230462433978	0.86	2.72	2.76	iteration	3     100000  1.1596250E+01  9.98E-02    0.86    2.72*   2.76
C_A03_S6_F2	fixed	A03_S6_F2	A03	F2	S6					151	4	99998	11.512848	0.0727	0.0063146842553640945	0.63	2.0	6.11	iteration	4      99998  1.1512848E+01  7.27E-02    0.63    2.00*   6.11
C_A03_S6_F2	fixed	A03_S6_F2	A03	F2	S6					152	5	99992	11.528525	0.0648	0.0056208404804604225	0.56	1.78	5.82	iteration	5      99992  1.1528525E+01  6.48E-02    0.56    1.78*   5.82
C_A03_S6_F2	fixed	A03_S6_F2	A03	F2	S6					154	5	499985	11.532298	0.0425	0.003685301923346067	0.37	2.6	5.82	aggregate	5     499985  1.1532298E+01  4.25E-02    0.37    2.60    5.82    0.15   5
C_A03_S6_F2	fixed	A03_S6_F2	A03	F2	S6					157	6	1908800	11.504756	0.0136	0.0011821198120151352	0.12	1.63	4.99	iteration	6    1908800  1.1504756E+01  1.36E-02    0.12    1.63*   4.99
C_A03_S6_F2	fixed	A03_S6_F2	A03	F2	S6					159	6	1908800	11.504756	0.0136	0.0011821198120151352	0.12	1.63	4.99	iteration	6    1908800  1.1504756E+01  1.36E-02    0.12    1.63    4.99
P_A03_S7	adaptive	A03_S7	A03		S7					152	1	99986	13.531981	1.6	0.11823841609000191	11.82	37.39	3.12	iteration	1      99986  1.3531981E+01  1.60E+00   11.82   37.39*   3.12
P_A03_S7	adaptive	A03_S7	A03		S7					153	2	99986	11.320929	0.181	0.01598808719673094	1.6	5.06	1.24	iteration	2      99986  1.1320929E+01  1.81E-01    1.60    5.06*   1.24
P_A03_S7	adaptive	A03_S7	A03		S7					154	3	100009	11.510882	0.1	0.008687431597335461	0.87	2.76	3.24	iteration	3     100009  1.1510882E+01  1.00E-01    0.87    2.76*   3.24
P_A03_S7	adaptive	A03_S7	A03		S7					155	4	100008	11.468276	0.0753	0.006565938943220412	0.66	2.08	5.37	iteration	4     100008  1.1468276E+01  7.53E-02    0.66    2.08*   5.37
P_A03_S7	adaptive	A03_S7	A03		S7					156	5	100002	11.52661	0.0653	0.005665152199996356	0.57	1.79	6.55	iteration	5     100002  1.1526610E+01  6.53E-02    0.57    1.79*   6.55
P_A03_S7	adaptive	A03_S7	A03		S7					158	5	499991	11.494572	0.043	0.003740896137759631	0.37	2.64	6.55	aggregate	5     499991  1.1494572E+01  4.30E-02    0.37    2.64    6.55    0.73   5
C_A03_S7_F0	fixed	A03_S7_F0	A03	F0	S7					148	1	99986	13.531981	1.6	0.11823841609000191	11.82	37.39	3.12	iteration	1      99986  1.3531981E+01  1.60E+00   11.82   37.39*   3.12
C_A03_S7_F0	fixed	A03_S7_F0	A03	F0	S7					149	2	99986	11.320929	0.181	0.01598808719673094	1.6	5.06	1.24	iteration	2      99986  1.1320929E+01  1.81E-01    1.60    5.06*   1.24
C_A03_S7_F0	fixed	A03_S7_F0	A03	F0	S7					150	3	100009	11.510882	0.1	0.008687431597335461	0.87	2.76	3.24	iteration	3     100009  1.1510882E+01  1.00E-01    0.87    2.76*   3.24
C_A03_S7_F0	fixed	A03_S7_F0	A03	F0	S7					151	4	100008	11.468276	0.0753	0.006565938943220412	0.66	2.08	5.37	iteration	4     100008  1.1468276E+01  7.53E-02    0.66    2.08*   5.37
C_A03_S7_F0	fixed	A03_S7_F0	A03	F0	S7					152	5	100002	11.52661	0.0653	0.005665152199996356	0.57	1.79	6.55	iteration	5     100002  1.1526610E+01  6.53E-02    0.57    1.79*   6.55
C_A03_S7_F0	fixed	A03_S7_F0	A03	F0	S7					154	5	499991	11.494572	0.043	0.003740896137759631	0.37	2.64	6.55	aggregate	5     499991  1.1494572E+01  4.30E-02    0.37    2.64    6.55    0.73   5
C_A03_S7_F0	fixed	A03_S7_F0	A03	F0	S7					157	6	199997	11.481491	0.042	0.0036580614834780607	0.37	1.64	6.42	iteration	6     199997  1.1481491E+01  4.20E-02    0.37    1.64*   6.42
C_A03_S7_F0	fixed	A03_S7_F0	A03	F0	S7					158	7	199997	11.447633	0.0417	0.003642674428853546	0.36	1.63	6.5	iteration	7     199997  1.1447633E+01  4.17E-02    0.36    1.63*   6.50
C_A03_S7_F0	fixed	A03_S7_F0	A03	F0	S7					159	8	199997	11.463924	0.0417	0.0036374979457295775	0.36	1.63	6.35	iteration	8     199997  1.1463924E+01  4.17E-02    0.36    1.63*   6.35
C_A03_S7_F0	fixed	A03_S7_F0	A03	F0	S7					161	8	599991	11.464264	0.0241	0.0021021846670662855	0.21	1.63	6.35	aggregate	8     599991  1.1464264E+01  2.41E-02    0.21    1.63    6.35    0.16   3
C_A03_S7_F1	fixed	A03_S7_F1	A03	F1	S7					148	1	99986	13.531981	1.6	0.11823841609000191	11.82	37.39	3.12	iteration	1      99986  1.3531981E+01  1.60E+00   11.82   37.39*   3.12
C_A03_S7_F1	fixed	A03_S7_F1	A03	F1	S7					149	2	99986	11.320929	0.181	0.01598808719673094	1.6	5.06	1.24	iteration	2      99986  1.1320929E+01  1.81E-01    1.60    5.06*   1.24
C_A03_S7_F1	fixed	A03_S7_F1	A03	F1	S7					150	3	100009	11.510882	0.1	0.008687431597335461	0.87	2.76	3.24	iteration	3     100009  1.1510882E+01  1.00E-01    0.87    2.76*   3.24
C_A03_S7_F1	fixed	A03_S7_F1	A03	F1	S7					151	4	100008	11.468276	0.0753	0.006565938943220412	0.66	2.08	5.37	iteration	4     100008  1.1468276E+01  7.53E-02    0.66    2.08*   5.37
C_A03_S7_F1	fixed	A03_S7_F1	A03	F1	S7					152	5	100002	11.52661	0.0653	0.005665152199996356	0.57	1.79	6.55	iteration	5     100002  1.1526610E+01  6.53E-02    0.57    1.79*   6.55
C_A03_S7_F1	fixed	A03_S7_F1	A03	F1	S7					154	5	499991	11.494572	0.043	0.003740896137759631	0.37	2.64	6.55	aggregate	5     499991  1.1494572E+01  4.30E-02    0.37    2.64    6.55    0.73   5
C_A03_S7_F1	fixed	A03_S7_F1	A03	F1	S7					157	6	599997	11.500451	0.0243	0.002112960613457681	0.21	1.64	5.52	iteration	6     599997  1.1500451E+01  2.43E-02    0.21    1.64*   5.52
C_A03_S7_F1	fixed	A03_S7_F1	A03	F1	S7					159	6	599997	11.500451	0.0243	0.002112960613457681	0.21	1.64	5.52	iteration	6     599997  1.1500451E+01  2.43E-02    0.21    1.64    5.52
C_A03_S7_F2	fixed	A03_S7_F2	A03	F2	S7					148	1	99986	13.531981	1.6	0.11823841609000191	11.82	37.39	3.12	iteration	1      99986  1.3531981E+01  1.60E+00   11.82   37.39*   3.12
C_A03_S7_F2	fixed	A03_S7_F2	A03	F2	S7					149	2	99986	11.320929	0.181	0.01598808719673094	1.6	5.06	1.24	iteration	2      99986  1.1320929E+01  1.81E-01    1.60    5.06*   1.24
C_A03_S7_F2	fixed	A03_S7_F2	A03	F2	S7					150	3	100009	11.510882	0.1	0.008687431597335461	0.87	2.76	3.24	iteration	3     100009  1.1510882E+01  1.00E-01    0.87    2.76*   3.24
C_A03_S7_F2	fixed	A03_S7_F2	A03	F2	S7					151	4	100008	11.468276	0.0753	0.006565938943220412	0.66	2.08	5.37	iteration	4     100008  1.1468276E+01  7.53E-02    0.66    2.08*   5.37
C_A03_S7_F2	fixed	A03_S7_F2	A03	F2	S7					152	5	100002	11.52661	0.0653	0.005665152199996356	0.57	1.79	6.55	iteration	5     100002  1.1526610E+01  6.53E-02    0.57    1.79*   6.55
C_A03_S7_F2	fixed	A03_S7_F2	A03	F2	S7					154	5	499991	11.494572	0.043	0.003740896137759631	0.37	2.64	6.55	aggregate	5     499991  1.1494572E+01  4.30E-02    0.37    2.64    6.55    0.73   5
C_A03_S7_F2	fixed	A03_S7_F2	A03	F2	S7					157	6	1956209	11.491869	0.0134	0.0011660418335781588	0.12	1.63	4.53	iteration	6    1956209  1.1491869E+01  1.34E-02    0.12    1.63*   4.53
C_A03_S7_F2	fixed	A03_S7_F2	A03	F2	S7					159	6	1956209	11.491869	0.0134	0.0011660418335781588	0.12	1.63	4.53	iteration	6    1956209  1.1491869E+01  1.34E-02    0.12    1.63    4.53
P_A04_S0	adaptive	A04_S0	A04		S0					152	1	250004	12.496459	0.949	0.07594151271172098	7.6	37.99	1.96	iteration	1     250004  1.2496459E+01  9.49E-01    7.60   37.99*   1.96
P_A04_S0	adaptive	A04_S0	A04		S0					153	2	250006	11.539269	0.0969	0.00839741234908381	0.84	4.2	1.76	iteration	2     250006  1.1539269E+01  9.69E-02    0.84    4.20*   1.76
P_A04_S0	adaptive	A04_S0	A04		S0					155	2	500010	11.549129	0.0964	0.00834694980028364	0.83	5.9	1.76	aggregate	2     500010  1.1549129E+01  9.64E-02    0.83    5.90    1.76    1.01   2
C_A04_S0_F0	fixed	A04_S0_F0	A04	F0	S0					148	1	250004	12.496459	0.949	0.07594151271172098	7.6	37.99	1.96	iteration	1     250004  1.2496459E+01  9.49E-01    7.60   37.99*   1.96
C_A04_S0_F0	fixed	A04_S0_F0	A04	F0	S0					149	2	250006	11.539269	0.0969	0.00839741234908381	0.84	4.2	1.76	iteration	2     250006  1.1539269E+01  9.69E-02    0.84    4.20*   1.76
C_A04_S0_F0	fixed	A04_S0_F0	A04	F0	S0					151	2	500010	11.549129	0.0964	0.00834694980028364	0.83	5.9	1.76	aggregate	2     500010  1.1549129E+01  9.64E-02    0.83    5.90    1.76    1.01   2
C_A04_S0_F0	fixed	A04_S0_F0	A04	F0	S0					154	3	201296	11.457861	0.0576	0.0050271163177839214	0.5	2.25	3.8	iteration	3     201296  1.1457861E+01  5.76E-02    0.50    2.25*   3.80
C_A04_S0_F0	fixed	A04_S0_F0	A04	F0	S0					155	4	201296	11.458979	0.0574	0.005009172283150183	0.5	2.25	4.37	iteration	4     201296  1.1458979E+01  5.74E-02    0.50    2.25*   4.37
C_A04_S0_F0	fixed	A04_S0_F0	A04	F0	S0					156	5	201296	11.514599	0.0586	0.005089191555867468	0.51	2.28	3.44	iteration	5     201296  1.1514599E+01  5.86E-02    0.51    2.28    3.44
C_A04_S0_F0	fixed	A04_S0_F0	A04	F0	S0					158	5	603888	11.476689	0.0334	0.0029102470233357373	0.29	2.26	3.44	aggregate	5     603888  1.1476689E+01  3.34E-02    0.29    2.26    3.44    0.31   3
C_A04_S0_F1	fixed	A04_S0_F1	A04	F1	S0					148	1	250004	12.496459	0.949	0.07594151271172098	7.6	37.99	1.96	iteration	1     250004  1.2496459E+01  9.49E-01    7.60   37.99*   1.96
C_A04_S0_F1	fixed	A04_S0_F1	A04	F1	S0					149	2	250006	11.539269	0.0969	0.00839741234908381	0.84	4.2	1.76	iteration	2     250006  1.1539269E+01  9.69E-02    0.84    4.20*   1.76
C_A04_S0_F1	fixed	A04_S0_F1	A04	F1	S0					151	2	500010	11.549129	0.0964	0.00834694980028364	0.83	5.9	1.76	aggregate	2     500010  1.1549129E+01  9.64E-02    0.83    5.90    1.76    1.01   2
C_A04_S0_F1	fixed	A04_S0_F1	A04	F1	S0					154	3	599991	11.464168	0.0332	0.0028959798914321563	0.29	2.25	3.22	iteration	3     599991  1.1464168E+01  3.32E-02    0.29    2.25*   3.22
C_A04_S0_F1	fixed	A04_S0_F1	A04	F1	S0					156	3	599991	11.464168	0.0332	0.0028959798914321563	0.29	2.25	3.22	iteration	3     599991  1.1464168E+01  3.32E-02    0.29    2.25    3.22
C_A04_S0_F2	fixed	A04_S0_F2	A04	F2	S0					148	1	250004	12.496459	0.949	0.07594151271172098	7.6	37.99	1.96	iteration	1     250004  1.2496459E+01  9.49E-01    7.60   37.99*   1.96
C_A04_S0_F2	fixed	A04_S0_F2	A04	F2	S0					149	2	250006	11.539269	0.0969	0.00839741234908381	0.84	4.2	1.76	iteration	2     250006  1.1539269E+01  9.69E-02    0.84    4.20*   1.76
C_A04_S0_F2	fixed	A04_S0_F2	A04	F2	S0					151	2	500010	11.549129	0.0964	0.00834694980028364	0.83	5.9	1.76	aggregate	2     500010  1.1549129E+01  9.64E-02    0.83    5.90    1.76    1.01   2
C_A04_S0_F2	fixed	A04_S0_F2	A04	F2	S0					154	3	1995143	11.480333	0.018	0.0015678987708806008	0.16	2.21	2.59	iteration	3    1995143  1.1480333E+01  1.80E-02    0.16    2.21*   2.59
C_A04_S0_F2	fixed	A04_S0_F2	A04	F2	S0					156	3	1995143	11.480333	0.018	0.0015678987708806008	0.16	2.21	2.59	iteration	3    1995143  1.1480333E+01  1.80E-02    0.16    2.21    2.59
P_A04_S1	adaptive	A04_S1	A04		S1					152	1	250003	12.121186	0.955	0.07878766978742839	7.88	39.38	2.24	iteration	1     250003  1.2121186E+01  9.55E-01    7.88   39.38*   2.24
P_A04_S1	adaptive	A04_S1	A04		S1					153	2	250010	11.357213	0.0967	0.00851441282293464	0.85	4.26	1.65	iteration	2     250010  1.1357213E+01  9.67E-02    0.85    4.26*   1.65
P_A04_S1	adaptive	A04_S1	A04		S1					155	2	500013	11.364965	0.0962	0.008464610317761648	0.85	5.98	1.65	aggregate	2     500013  1.1364965E+01  9.62E-02    0.85    5.98    1.65    0.63   2
C_A04_S1_F0	fixed	A04_S1_F0	A04	F0	S1					148	1	250003	12.121186	0.955	0.07878766978742839	7.88	39.38	2.24	iteration	1     250003  1.2121186E+01  9.55E-01    7.88   39.38*   2.24
C_A04_S1_F0	fixed	A04_S1_F0	A04	F0	S1					149	2	250010	11.357213	0.0967	0.00851441282293464	0.85	4.26	1.65	iteration	2     250010  1.1357213E+01  9.67E-02    0.85    4.26*   1.65
C_A04_S1_F0	fixed	A04_S1_F0	A04	F0	S1					151	2	500013	11.364965	0.0962	0.008464610317761648	0.85	5.98	1.65	aggregate	2     500013  1.1364965E+01  9.62E-02    0.85    5.98    1.65    0.63   2
C_A04_S1_F0	fixed	A04_S1_F0	A04	F0	S1					154	3	201271	11.524446	0.0614	0.005327804911403117	0.53	2.39	3.15	iteration	3     201271  1.1524446E+01  6.14E-02    0.53    2.39*   3.15
C_A04_S1_F0	fixed	A04_S1_F0	A04	F0	S1					155	4	201271	11.462084	0.0607	0.005295721092255125	0.53	2.38	3.44	iteration	4     201271  1.1462084E+01  6.07E-02    0.53    2.38*   3.44
C_A04_S1_F0	fixed	A04_S1_F0	A04	F0	S1					156	5	201271	11.524742	0.0608	0.005275606169751999	0.53	2.37	4.07	iteration	5     201271  1.1524742E+01  6.08E-02    0.53    2.37*   4.07
C_A04_S1_F0	fixed	A04_S1_F0	A04	F0	S1					158	5	603813	11.503592	0.0352	0.0030599138077915147	0.31	2.38	4.07	aggregate	5     603813  1.1503592E+01  3.52E-02    0.31    2.38    4.07    0.35   3
C_A04_S1_F1	fixed	A04_S1_F1	A04	F1	S1					148	1	250003	12.121186	0.955	0.07878766978742839	7.88	39.38	2.24	iteration	1     250003  1.2121186E+01  9.55E-01    7.88   39.38*   2.24
C_A04_S1_F1	fixed	A04_S1_F1	A04	F1	S1					149	2	250010	11.357213	0.0967	0.00851441282293464	0.85	4.26	1.65	iteration	2     250010  1.1357213E+01  9.67E-02    0.85    4.26*   1.65
C_A04_S1_F1	fixed	A04_S1_F1	A04	F1	S1					151	2	500013	11.364965	0.0962	0.008464610317761648	0.85	5.98	1.65	aggregate	2     500013  1.1364965E+01  9.62E-02    0.85    5.98    1.65    0.63   2
C_A04_S1_F1	fixed	A04_S1_F1	A04	F1	S1					154	3	600003	11.526445	0.0354	0.0030711984484374844	0.31	2.38	2.67	iteration	3     600003  1.1526445E+01  3.54E-02    0.31    2.38*   2.67
C_A04_S1_F1	fixed	A04_S1_F1	A04	F1	S1					156	3	600003	11.526445	0.0354	0.0030711984484374844	0.31	2.38	2.67	iteration	3     600003  1.1526445E+01  3.54E-02    0.31    2.38    2.67
C_A04_S1_F2	fixed	A04_S1_F2	A04	F2	S1					148	1	250003	12.121186	0.955	0.07878766978742839	7.88	39.38	2.24	iteration	1     250003  1.2121186E+01  9.55E-01    7.88   39.38*   2.24
C_A04_S1_F2	fixed	A04_S1_F2	A04	F2	S1					149	2	250010	11.357213	0.0967	0.00851441282293464	0.85	4.26	1.65	iteration	2     250010  1.1357213E+01  9.67E-02    0.85    4.26*   1.65
C_A04_S1_F2	fixed	A04_S1_F2	A04	F2	S1					151	2	500013	11.364965	0.0962	0.008464610317761648	0.85	5.98	1.65	aggregate	2     500013  1.1364965E+01  9.62E-02    0.85    5.98    1.65    0.63   2
C_A04_S1_F2	fixed	A04_S1_F2	A04	F2	S1					154	3	1972849	11.492056	0.0193	0.0016794209843739014	0.17	2.36	2.0	iteration	3    1972849  1.1492056E+01  1.93E-02    0.17    2.36*   2.00
C_A04_S1_F2	fixed	A04_S1_F2	A04	F2	S1					156	3	1972849	11.492056	0.0193	0.0016794209843739014	0.17	2.36	2.0	iteration	3    1972849  1.1492056E+01  1.93E-02    0.17    2.36    2.00
P_A04_S2	adaptive	A04_S2	A04		S2					152	1	249984	11.674902	0.951	0.08145678653234091	8.14	40.72	1.83	iteration	1     249984  1.1674902E+01  9.51E-01    8.14   40.72*   1.83
P_A04_S2	adaptive	A04_S2	A04		S2					153	2	249987	11.676514	0.0967	0.008281581300720403	0.83	4.14	1.69	iteration	2     249987  1.1676514E+01  9.67E-02    0.83    4.14*   1.69
P_A04_S2	adaptive	A04_S2	A04		S2					155	2	499971	11.676497	0.0962	0.008238772296177527	0.82	5.83	1.69	aggregate	2     499971  1.1676497E+01  9.62E-02    0.82    5.83    1.69    0.00   2
C_A04_S2_F0	fixed	A04_S2_F0	A04	F0	S2					148	1	249984	11.674902	0.951	0.08145678653234091	8.14	40.72	1.83	iteration	1     249984  1.1674902E+01  9.51E-01    8.14   40.72*   1.83
C_A04_S2_F0	fixed	A04_S2_F0	A04	F0	S2					149	2	249987	11.676514	0.0967	0.008281581300720403	0.83	4.14	1.69	iteration	2     249987  1.1676514E+01  9.67E-02    0.83    4.14*   1.69
C_A04_S2_F0	fixed	A04_S2_F0	A04	F0	S2					151	2	499971	11.676497	0.0962	0.008238772296177527	0.82	5.83	1.69	aggregate	2     499971  1.1676497E+01  9.62E-02    0.82    5.83    1.69    0.00   2
C_A04_S2_F0	fixed	A04_S2_F0	A04	F0	S2					154	3	201282	11.542435	0.0582	0.005042263612487313	0.5	2.26	4.06	iteration	3     201282  1.1542435E+01  5.82E-02    0.50    2.26*   4.06
C_A04_S2_F0	fixed	A04_S2_F0	A04	F0	S2					155	4	201282	11.465449	0.0574	0.005006345586640349	0.5	2.25	3.96	iteration	4     201282  1.1465449E+01  5.74E-02    0.50    2.25*   3.96
C_A04_S2_F0	fixed	A04_S2_F0	A04	F0	S2					156	5	201282	11.487691	0.0579	0.005040177351566995	0.5	2.26	4.18	iteration	5     201282  1.1487691E+01  5.79E-02    0.50    2.26    4.18
C_A04_S2_F0	fixed	A04_S2_F0	A04	F0	S2					158	5	603846	11.498185	0.0334	0.002904806280295542	0.29	2.26	4.18	aggregate	5     603846  1.1498185E+01  3.34E-02    0.29    2.26    4.18    0.47   3
C_A04_S2_F1	fixed	A04_S2_F1	A04	F1	S2					148	1	249984	11.674902	0.951	0.08145678653234091	8.14	40.72	1.83	iteration	1     249984  1.1674902E+01  9.51E-01    8.14   40.72*   1.83
C_A04_S2_F1	fixed	A04_S2_F1	A04	F1	S2					149	2	249987	11.676514	0.0967	0.008281581300720403	0.83	4.14	1.69	iteration	2     249987  1.1676514E+01  9.67E-02    0.83    4.14*   1.69
C_A04_S2_F1	fixed	A04_S2_F1	A04	F1	S2					151	2	499971	11.676497	0.0962	0.008238772296177527	0.82	5.83	1.69	aggregate	2     499971  1.1676497E+01  9.62E-02    0.82    5.83    1.69    0.00   2
C_A04_S2_F1	fixed	A04_S2_F1	A04	F1	S2					154	3	600005	11.510827	0.0335	0.002910303490791756	0.29	2.25	3.28	iteration	3     600005  1.1510827E+01  3.35E-02    0.29    2.25*   3.28
C_A04_S2_F1	fixed	A04_S2_F1	A04	F1	S2					156	3	600005	11.510827	0.0335	0.002910303490791756	0.29	2.25	3.28	iteration	3     600005  1.1510827E+01  3.35E-02    0.29    2.25    3.28
C_A04_S2_F2	fixed	A04_S2_F2	A04	F2	S2					148	1	249984	11.674902	0.951	0.08145678653234091	8.14	40.72	1.83	iteration	1     249984  1.1674902E+01  9.51E-01    8.14   40.72*   1.83
C_A04_S2_F2	fixed	A04_S2_F2	A04	F2	S2					149	2	249987	11.676514	0.0967	0.008281581300720403	0.83	4.14	1.69	iteration	2     249987  1.1676514E+01  9.67E-02    0.83    4.14*   1.69
C_A04_S2_F2	fixed	A04_S2_F2	A04	F2	S2					151	2	499971	11.676497	0.0962	0.008238772296177527	0.82	5.83	1.69	aggregate	2     499971  1.1676497E+01  9.62E-02    0.82    5.83    1.69    0.00   2
C_A04_S2_F2	fixed	A04_S2_F2	A04	F2	S2					154	3	1975873	11.512501	0.0183	0.0015895764091573151	0.16	2.24	3.05	iteration	3    1975873  1.1512501E+01  1.83E-02    0.16    2.24*   3.05
C_A04_S2_F2	fixed	A04_S2_F2	A04	F2	S2					156	3	1975873	11.512501	0.0183	0.0015895764091573151	0.16	2.24	3.05	iteration	3    1975873  1.1512501E+01  1.83E-02    0.16    2.24    3.05
P_A04_S3	adaptive	A04_S3	A04		S3					152	1	250004	10.218202	0.804	0.07868311861519278	7.87	39.37	2.05	iteration	1     250004  1.0218202E+01  8.04E-01    7.87   39.37*   2.05
P_A04_S3	adaptive	A04_S3	A04		S3					153	2	249988	11.410797	0.0965	0.008456902703641122	0.85	4.23	1.61	iteration	2     249988  1.1410797E+01  9.65E-02    0.85    4.23*   1.61
P_A04_S3	adaptive	A04_S3	A04		S3					155	2	499992	11.393882	0.0958	0.008408021076574252	0.84	5.95	1.61	aggregate	2     499992  1.1393882E+01  9.58E-02    0.84    5.95    1.61    2.17   2
C_A04_S3_F0	fixed	A04_S3_F0	A04	F0	S3					148	1	250004	10.218202	0.804	0.07868311861519278	7.87	39.37	2.05	iteration	1     250004  1.0218202E+01  8.04E-01    7.87   39.37*   2.05
C_A04_S3_F0	fixed	A04_S3_F0	A04	F0	S3					149	2	249988	11.410797	0.0965	0.008456902703641122	0.85	4.23	1.61	iteration	2     249988  1.1410797E+01  9.65E-02    0.85    4.23*   1.61
C_A04_S3_F0	fixed	A04_S3_F0	A04	F0	S3					151	2	499992	11.393882	0.0958	0.008408021076574252	0.84	5.95	1.61	aggregate	2     499992  1.1393882E+01  9.58E-02    0.84    5.95    1.61    2.17   2
C_A04_S3_F0	fixed	A04_S3_F0	A04	F0	S3					154	3	201299	11.4934	0.0585	0.005089877668923035	0.51	2.29	4.4	iteration	3     201299  1.1493400E+01  5.85E-02    0.51    2.29*   4.40
C_A04_S3_F0	fixed	A04_S3_F0	A04	F0	S3					155	4	201299	11.515879	0.0582	0.005053891240086841	0.51	2.27	3.99	iteration	4     201299  1.1515879E+01  5.82E-02    0.51    2.27*   3.99
C_A04_S3_F0	fixed	A04_S3_F0	A04	F0	S3					156	5	201299	11.488232	0.0585	0.005092167358737185	0.51	2.28	4.24	iteration	5     201299  1.1488232E+01  5.85E-02    0.51    2.28    4.24
C_A04_S3_F0	fixed	A04_S3_F0	A04	F0	S3					158	5	603897	11.499232	0.0337	0.002930630497758459	0.29	2.28	4.24	aggregate	5     603897  1.1499232E+01  3.37E-02    0.29    2.28    4.24    0.06   3
C_A04_S3_F1	fixed	A04_S3_F1	A04	F1	S3					148	1	250004	10.218202	0.804	0.07868311861519278	7.87	39.37	2.05	iteration	1     250004  1.0218202E+01  8.04E-01    7.87   39.37*   2.05
C_A04_S3_F1	fixed	A04_S3_F1	A04	F1	S3					149	2	249988	11.410797	0.0965	0.008456902703641122	0.85	4.23	1.61	iteration	2     249988  1.1410797E+01  9.65E-02    0.85    4.23*   1.61
C_A04_S3_F1	fixed	A04_S3_F1	A04	F1	S3					151	2	499992	11.393882	0.0958	0.008408021076574252	0.84	5.95	1.61	aggregate	2     499992  1.1393882E+01  9.58E-02    0.84    5.95    1.61    2.17   2
C_A04_S3_F1	fixed	A04_S3_F1	A04	F1	S3					154	3	600013	11.483049	0.0337	0.0029347606197622253	0.29	2.27	3.42	iteration	3     600013  1.1483049E+01  3.37E-02    0.29    2.27*   3.42
C_A04_S3_F1	fixed	A04_S3_F1	A04	F1	S3					156	3	600013	11.483049	0.0337	0.0029347606197622253	0.29	2.27	3.42	iteration	3     600013  1.1483049E+01  3.37E-02    0.29    2.27    3.42
C_A04_S3_F2	fixed	A04_S3_F2	A04	F2	S3					148	1	250004	10.218202	0.804	0.07868311861519278	7.87	39.37	2.05	iteration	1     250004  1.0218202E+01  8.04E-01    7.87   39.37*   2.05
C_A04_S3_F2	fixed	A04_S3_F2	A04	F2	S3					149	2	249988	11.410797	0.0965	0.008456902703641122	0.85	4.23	1.61	iteration	2     249988  1.1410797E+01  9.65E-02    0.85    4.23*   1.61
C_A04_S3_F2	fixed	A04_S3_F2	A04	F2	S3					151	2	499992	11.393882	0.0958	0.008408021076574252	0.84	5.95	1.61	aggregate	2     499992  1.1393882E+01  9.58E-02    0.84    5.95    1.61    2.17   2
C_A04_S3_F2	fixed	A04_S3_F2	A04	F2	S3					154	3	1977328	11.498266	0.0184	0.0016002412885560311	0.16	2.26	2.63	iteration	3    1977328  1.1498266E+01  1.84E-02    0.16    2.26*   2.63
C_A04_S3_F2	fixed	A04_S3_F2	A04	F2	S3					156	3	1977328	11.498266	0.0184	0.0016002412885560311	0.16	2.26	2.63	iteration	3    1977328  1.1498266E+01  1.84E-02    0.16    2.26    2.63
P_A04_S4	adaptive	A04_S4	A04		S4					152	1	249970	11.200673	0.897	0.08008447349547657	8.01	40.04	1.91	iteration	1     249970  1.1200673E+01  8.97E-01    8.01   40.04*   1.91
P_A04_S4	adaptive	A04_S4	A04		S4					153	2	250003	11.360048	0.093	0.008186585127105095	0.82	4.09	2.03	iteration	2     250003  1.1360048E+01  9.30E-02    0.82    4.09*   2.03
P_A04_S4	adaptive	A04_S4	A04		S4					155	2	499973	11.358353	0.0925	0.008143786339445517	0.81	5.76	2.03	aggregate	2     499973  1.1358353E+01  9.25E-02    0.81    5.76    2.03    0.03   2
C_A04_S4_F0	fixed	A04_S4_F0	A04	F0	S4					148	1	249970	11.200673	0.897	0.08008447349547657	8.01	40.04	1.91	iteration	1     249970  1.1200673E+01  8.97E-01    8.01   40.04*   1.91
C_A04_S4_F0	fixed	A04_S4_F0	A04	F0	S4					149	2	250003	11.360048	0.093	0.008186585127105095	0.82	4.09	2.03	iteration	2     250003  1.1360048E+01  9.30E-02    0.82    4.09*   2.03
C_A04_S4_F0	fixed	A04_S4_F0	A04	F0	S4					151	2	499973	11.358353	0.0925	0.008143786339445517	0.81	5.76	2.03	aggregate	2     499973  1.1358353E+01  9.25E-02    0.81    5.76    2.03    0.03   2
C_A04_S4_F0	fixed	A04_S4_F0	A04	F0	S4					154	3	201307	11.396676	0.0609	0.00534366336289634	0.53	2.4	3.81	iteration	3     201307  1.1396676E+01  6.09E-02    0.53    2.40*   3.81
C_A04_S4_F0	fixed	A04_S4_F0	A04	F0	S4					155	4	201307	11.45442	0.0615	0.0053691064235465435	0.54	2.41	3.3	iteration	4     201307  1.1454420E+01  6.15E-02    0.54    2.41    3.30
C_A04_S4_F0	fixed	A04_S4_F0	A04	F0	S4					156	5	201307	11.514665	0.0617	0.005358384286472945	0.54	2.4	3.86	iteration	5     201307  1.1514665E+01  6.17E-02    0.54    2.40*   3.86
C_A04_S4_F0	fixed	A04_S4_F0	A04	F0	S4					158	5	603921	11.454762	0.0354	0.0030904177668641215	0.31	2.4	3.86	aggregate	5     603921  1.1454762E+01  3.54E-02    0.31    2.40    3.86    0.93   3
C_A04_S4_F1	fixed	A04_S4_F1	A04	F1	S4					148	1	249970	11.200673	0.897	0.08008447349547657	8.01	40.04	1.91	iteration	1     249970  1.1200673E+01  8.97E-01    8.01   40.04*   1.91
C_A04_S4_F1	fixed	A04_S4_F1	A04	F1	S4					149	2	250003	11.360048	0.093	0.008186585127105095	0.82	4.09	2.03	iteration	2     250003  1.1360048E+01  9.30E-02    0.82    4.09*   2.03
C_A04_S4_F1	fixed	A04_S4_F1	A04	F1	S4					151	2	499973	11.358353	0.0925	0.008143786339445517	0.81	5.76	2.03	aggregate	2     499973  1.1358353E+01  9.25E-02    0.81    5.76    2.03    0.03   2
C_A04_S4_F1	fixed	A04_S4_F1	A04	F1	S4					154	3	599996	11.461146	0.0355	0.003097421496942801	0.31	2.4	3.17	iteration	3     599996  1.1461146E+01  3.55E-02    0.31    2.40*   3.17
C_A04_S4_F1	fixed	A04_S4_F1	A04	F1	S4					156	3	599996	11.461146	0.0355	0.003097421496942801	0.31	2.4	3.17	iteration	3     599996  1.1461146E+01  3.55E-02    0.31    2.40    3.17
C_A04_S4_F2	fixed	A04_S4_F2	A04	F2	S4					148	1	249970	11.200673	0.897	0.08008447349547657	8.01	40.04	1.91	iteration	1     249970  1.1200673E+01  8.97E-01    8.01   40.04*   1.91
C_A04_S4_F2	fixed	A04_S4_F2	A04	F2	S4					149	2	250003	11.360048	0.093	0.008186585127105095	0.82	4.09	2.03	iteration	2     250003  1.1360048E+01  9.30E-02    0.82    4.09*   2.03
C_A04_S4_F2	fixed	A04_S4_F2	A04	F2	S4					151	2	499973	11.358353	0.0925	0.008143786339445517	0.81	5.76	2.03	aggregate	2     499973  1.1358353E+01  9.25E-02    0.81    5.76    2.03    0.03   2
C_A04_S4_F2	fixed	A04_S4_F2	A04	F2	S4					154	3	1987698	11.496531	0.0194	0.0016874655493905077	0.17	2.38	2.6	iteration	3    1987698  1.1496531E+01  1.94E-02    0.17    2.38*   2.60
C_A04_S4_F2	fixed	A04_S4_F2	A04	F2	S4					156	3	1987698	11.496531	0.0194	0.0016874655493905077	0.17	2.38	2.6	iteration	3    1987698  1.1496531E+01  1.94E-02    0.17    2.38    2.60
P_A04_S5	adaptive	A04_S5	A04		S5					152	1	250016	11.860951	0.992	0.08363578940676848	8.37	41.83	1.63	iteration	1     250016  1.1860951E+01  9.92E-01    8.37   41.83*   1.63
P_A04_S5	adaptive	A04_S5	A04		S5					153	2	249991	11.559807	0.0995	0.008607410141017062	0.86	4.3	1.69	iteration	2     249991  1.1559807E+01  9.95E-02    0.86    4.30*   1.69
P_A04_S5	adaptive	A04_S5	A04		S5					155	2	500007	11.562805	0.099	0.008561936312166467	0.86	6.05	1.69	aggregate	2     500007  1.1562805E+01  9.90E-02    0.86    6.05    1.69    0.09   2
C_A04_S5_F0	fixed	A04_S5_F0	A04	F0	S5					148	1	250016	11.860951	0.992	0.08363578940676848	8.37	41.83	1.63	iteration	1     250016  1.1860951E+01  9.92E-01    8.37   41.83*   1.63
C_A04_S5_F0	fixed	A04_S5_F0	A04	F0	S5					149	2	249991	11.559807	0.0995	0.008607410141017062	0.86	4.3	1.69	iteration	2     249991  1.1559807E+01  9.95E-02    0.86    4.30*   1.69
C_A04_S5_F0	fixed	A04_S5_F0	A04	F0	S5					151	2	500007	11.562805	0.099	0.008561936312166467	0.86	6.05	1.69	aggregate	2     500007  1.1562805E+01  9.90E-02    0.86    6.05    1.69    0.09   2
C_A04_S5_F0	fixed	A04_S5_F0	A04	F0	S5					154	3	201290	11.491431	0.0612	0.005325707477162766	0.53	2.39	4.21	iteration	3     201290  1.1491431E+01  6.12E-02    0.53    2.39*   4.21
C_A04_S5_F0	fixed	A04_S5_F0	A04	F0	S5					155	4	201290	11.508565	0.0618	0.005369913625200014	0.54	2.41	3.42	iteration	4     201290  1.1508565E+01  6.18E-02    0.54    2.41    3.42
C_A04_S5_F0	fixed	A04_S5_F0	A04	F0	S5					156	5	201290	11.492145	0.0615	0.00535148138141313	0.54	2.4	3.94	iteration	5     201290  1.1492145E+01  6.15E-02    0.54    2.40*   3.94
C_A04_S5_F0	fixed	A04_S5_F0	A04	F0	S5					158	5	603870	11.497324	0.0355	0.0030876750102893503	0.31	2.4	3.94	aggregate	5     603870  1.1497324E+01  3.55E-02    0.31    2.40    3.94    0.02   3
C_A04_S5_F1	fixed	A04_S5_F1	A04	F1	S5					148	1	250016	11.860951	0.992	0.08363578940676848	8.37	41.83	1.63	iteration	1     250016  1.1860951E+01  9.92E-01    8.37   41.83*   1.63
C_A04_S5_F1	fixed	A04_S5_F1	A04	F1	S5					149	2	249991	11.559807	0.0995	0.008607410141017062	0.86	4.3	1.69	iteration	2     249991  1.1559807E+01  9.95E-02    0.86    4.30*   1.69
C_A04_S5_F1	fixed	A04_S5_F1	A04	F1	S5					151	2	500007	11.562805	0.099	0.008561936312166467	0.86	6.05	1.69	aggregate	2     500007  1.1562805E+01  9.90E-02    0.86    6.05    1.69    0.09   2
C_A04_S5_F1	fixed	A04_S5_F1	A04	F1	S5					154	3	600006	11.555544	0.0357	0.0030894261663492436	0.31	2.39	3.13	iteration	3     600006  1.1555544E+01  3.57E-02    0.31    2.39*   3.13
C_A04_S5_F1	fixed	A04_S5_F1	A04	F1	S5					156	3	600006	11.555544	0.0357	0.0030894261663492436	0.31	2.39	3.13	iteration	3     600006  1.1555544E+01  3.57E-02    0.31    2.39    3.13
C_A04_S5_F2	fixed	A04_S5_F2	A04	F2	S5					148	1	250016	11.860951	0.992	0.08363578940676848	8.37	41.83	1.63	iteration	1     250016  1.1860951E+01  9.92E-01    8.37   41.83*   1.63
C_A04_S5_F2	fixed	A04_S5_F2	A04	F2	S5					149	2	249991	11.559807	0.0995	0.008607410141017062	0.86	4.3	1.69	iteration	2     249991  1.1559807E+01  9.95E-02    0.86    4.30*   1.69
C_A04_S5_F2	fixed	A04_S5_F2	A04	F2	S5					151	2	500007	11.562805	0.099	0.008561936312166467	0.86	6.05	1.69	aggregate	2     500007  1.1562805E+01  9.90E-02    0.86    6.05    1.69    0.09   2
C_A04_S5_F2	fixed	A04_S5_F2	A04	F2	S5					154	3	1986653	11.507905	0.0193	0.0016771080400820135	0.17	2.37	2.49	iteration	3    1986653  1.1507905E+01  1.93E-02    0.17    2.37*   2.49
C_A04_S5_F2	fixed	A04_S5_F2	A04	F2	S5					156	3	1986653	11.507905	0.0193	0.0016771080400820135	0.17	2.37	2.49	iteration	3    1986653  1.1507905E+01  1.93E-02    0.17    2.37    2.49
P_A04_S6	adaptive	A04_S6	A04		S6					152	1	250012	11.934491	0.875	0.07331690978693603	7.33	36.66	2.09	iteration	1     250012  1.1934491E+01  8.75E-01    7.33   36.66*   2.09
P_A04_S6	adaptive	A04_S6	A04		S6					153	2	250022	11.462402	0.093	0.00811348267143309	0.81	4.06	1.84	iteration	2     250022  1.1462402E+01  9.30E-02    0.81    4.06*   1.84
P_A04_S6	adaptive	A04_S6	A04		S6					155	2	500034	11.467673	0.0925	0.008066152566436103	0.81	5.7	1.84	aggregate	2     500034  1.1467673E+01  9.25E-02    0.81    5.70    1.84    0.29   2
C_A04_S6_F0	fixed	A04_S6_F0	A04	F0	S6					148	1	250012	11.934491	0.875	0.07331690978693603	7.33	36.66	2.09	iteration	1     250012  1.1934491E+01  8.75E-01    7.33   36.66*   2.09
C_A04_S6_F0	fixed	A04_S6_F0	A04	F0	S6					149	2	250022	11.462402	0.093	0.00811348267143309	0.81	4.06	1.84	iteration	2     250022  1.1462402E+01  9.30E-02    0.81    4.06*   1.84
C_A04_S6_F0	fixed	A04_S6_F0	A04	F0	S6					151	2	500034	11.467673	0.0925	0.008066152566436103	0.81	5.7	1.84	aggregate	2     500034  1.1467673E+01  9.25E-02    0.81    5.70    1.84    0.29   2
C_A04_S6_F0	fixed	A04_S6_F0	A04	F0	S6					154	3	201262	11.565105	0.0607	0.005248547246220418	0.52	2.35	3.86	iteration	3     201262  1.1565105E+01  6.07E-02    0.52    2.35*   3.86
C_A04_S6_F0	fixed	A04_S6_F0	A04	F0	S6					155	4	201262	11.512127	0.0604	0.005246641215823975	0.52	2.35	3.83	iteration	4     201262  1.1512127E+01  6.04E-02    0.52    2.35    3.83
C_A04_S6_F0	fixed	A04_S6_F0	A04	F0	S6					156	5	201262	11.527346	0.0607	0.005265739399164387	0.53	2.36	3.93	iteration	5     201262  1.1527346E+01  6.07E-02    0.53    2.36    3.93
C_A04_S6_F0	fixed	A04_S6_F0	A04	F0	S6					158	5	603786	11.534799	0.035	0.0030342964797219272	0.3	2.36	3.93	aggregate	5     603786  1.1534799E+01  3.50E-02    0.30    2.36    3.93    0.20   3
C_A04_S6_F1	fixed	A04_S6_F1	A04	F1	S6					148	1	250012	11.934491	0.875	0.07331690978693603	7.33	36.66	2.09	iteration	1     250012  1.1934491E+01  8.75E-01    7.33   36.66*   2.09
C_A04_S6_F1	fixed	A04_S6_F1	A04	F1	S6					149	2	250022	11.462402	0.093	0.00811348267143309	0.81	4.06	1.84	iteration	2     250022  1.1462402E+01  9.30E-02    0.81    4.06*   1.84
C_A04_S6_F1	fixed	A04_S6_F1	A04	F1	S6					151	2	500034	11.467673	0.0925	0.008066152566436103	0.81	5.7	1.84	aggregate	2     500034  1.1467673E+01  9.25E-02    0.81    5.70    1.84    0.29   2
C_A04_S6_F1	fixed	A04_S6_F1	A04	F1	S6					154	3	599998	11.554606	0.0351	0.0030377496212332985	0.3	2.35	2.79	iteration	3     599998  1.1554606E+01  3.51E-02    0.30    2.35*   2.79
C_A04_S6_F1	fixed	A04_S6_F1	A04	F1	S6					156	3	599998	11.554606	0.0351	0.0030377496212332985	0.3	2.35	2.79	iteration	3     599998  1.1554606E+01  3.51E-02    0.30    2.35    2.79
C_A04_S6_F2	fixed	A04_S6_F2	A04	F2	S6					148	1	250012	11.934491	0.875	0.07331690978693603	7.33	36.66	2.09	iteration	1     250012  1.1934491E+01  8.75E-01    7.33   36.66*   2.09
C_A04_S6_F2	fixed	A04_S6_F2	A04	F2	S6					149	2	250022	11.462402	0.093	0.00811348267143309	0.81	4.06	1.84	iteration	2     250022  1.1462402E+01  9.30E-02    0.81    4.06*   1.84
C_A04_S6_F2	fixed	A04_S6_F2	A04	F2	S6					151	2	500034	11.467673	0.0925	0.008066152566436103	0.81	5.7	1.84	aggregate	2     500034  1.1467673E+01  9.25E-02    0.81    5.70    1.84    0.29   2
C_A04_S6_F2	fixed	A04_S6_F2	A04	F2	S6					154	3	1984266	11.500417	0.0189	0.0016434186690795645	0.16	2.31	2.26	iteration	3    1984266  1.1500417E+01  1.89E-02    0.16    2.31*   2.26
C_A04_S6_F2	fixed	A04_S6_F2	A04	F2	S6					156	3	1984266	11.500417	0.0189	0.0016434186690795645	0.16	2.31	2.26	iteration	3    1984266  1.1500417E+01  1.89E-02    0.16    2.31    2.26
P_A04_S7	adaptive	A04_S7	A04		S7					152	1	249983	12.75148	0.966	0.07575591225489119	7.58	37.89	2.05	iteration	1     249983  1.2751480E+01  9.66E-01    7.58   37.89*   2.05
P_A04_S7	adaptive	A04_S7	A04		S7					153	2	250005	11.530872	0.0892	0.007735754936833919	0.77	3.87	1.97	iteration	2     250005  1.1530872E+01  8.92E-02    0.77    3.87*   1.97
P_A04_S7	adaptive	A04_S7	A04		S7					155	2	499988	11.54118	0.0888	0.007694187249484022	0.77	5.44	1.97	aggregate	2     499988  1.1541180E+01  8.88E-02    0.77    5.44    1.97    1.58   2
C_A04_S7_F0	fixed	A04_S7_F0	A04	F0	S7					148	1	249983	12.75148	0.966	0.07575591225489119	7.58	37.89	2.05	iteration	1     249983  1.2751480E+01  9.66E-01    7.58   37.89*   2.05
C_A04_S7_F0	fixed	A04_S7_F0	A04	F0	S7					149	2	250005	11.530872	0.0892	0.007735754936833919	0.77	3.87	1.97	iteration	2     250005  1.1530872E+01  8.92E-02    0.77    3.87*   1.97
C_A04_S7_F0	fixed	A04_S7_F0	A04	F0	S7					151	2	499988	11.54118	0.0888	0.007694187249484022	0.77	5.44	1.97	aggregate	2     499988  1.1541180E+01  8.88E-02    0.77    5.44    1.97    1.58   2
C_A04_S7_F0	fixed	A04_S7_F0	A04	F0	S7					154	3	201310	11.416585	0.0592	0.00518543855277213	0.52	2.33	4.09	iteration	3     201310  1.1416585E+01  5.92E-02    0.52    2.33*   4.09
C_A04_S7_F0	fixed	A04_S7_F0	A04	F0	S7					155	4	201310	11.476587	0.0593	0.005167041386084556	0.52	2.32	4.07	iteration	4     201310  1.1476587E+01  5.93E-02    0.52    2.32*   4.07
C_A04_S7_F0	fixed	A04_S7_F0	A04	F0	S7					156	5	201310	11.457712	0.0592	0.00516682562801369	0.52	2.32	3.62	iteration	5     201310  1.1457712E+01  5.92E-02    0.52    2.32    3.62
C_A04_S7_F0	fixed	A04_S7_F0	A04	F0	S7					158	5	603930	11.450295	0.0342	0.0029868226102471598	0.3	2.32	3.62	aggregate	5     603930  1.1450295E+01  3.42E-02    0.30    2.32    3.62    0.27   3
C_A04_S7_F1	fixed	A04_S7_F1	A04	F1	S7					148	1	249983	12.75148	0.966	0.07575591225489119	7.58	37.89	2.05	iteration	1     249983  1.2751480E+01  9.66E-01    7.58   37.89*   2.05
C_A04_S7_F1	fixed	A04_S7_F1	A04	F1	S7					149	2	250005	11.530872	0.0892	0.007735754936833919	0.77	3.87	1.97	iteration	2     250005  1.1530872E+01  8.92E-02    0.77    3.87*   1.97
C_A04_S7_F1	fixed	A04_S7_F1	A04	F1	S7					151	2	499988	11.54118	0.0888	0.007694187249484022	0.77	5.44	1.97	aggregate	2     499988  1.1541180E+01  8.88E-02    0.77    5.44    1.97    1.58   2
C_A04_S7_F1	fixed	A04_S7_F1	A04	F1	S7					154	3	599999	11.490395	0.0344	0.002993804825682668	0.3	2.32	3.39	iteration	3     599999  1.1490395E+01  3.44E-02    0.30    2.32*   3.39
C_A04_S7_F1	fixed	A04_S7_F1	A04	F1	S7					156	3	599999	11.490395	0.0344	0.002993804825682668	0.3	2.32	3.39	iteration	3     599999  1.1490395E+01  3.44E-02    0.30    2.32    3.39
C_A04_S7_F2	fixed	A04_S7_F2	A04	F2	S7					148	1	249983	12.75148	0.966	0.07575591225489119	7.58	37.89	2.05	iteration	1     249983  1.2751480E+01  9.66E-01    7.58   37.89*   2.05
C_A04_S7_F2	fixed	A04_S7_F2	A04	F2	S7					149	2	250005	11.530872	0.0892	0.007735754936833919	0.77	3.87	1.97	iteration	2     250005  1.1530872E+01  8.92E-02    0.77    3.87*   1.97
C_A04_S7_F2	fixed	A04_S7_F2	A04	F2	S7					151	2	499988	11.54118	0.0888	0.007694187249484022	0.77	5.44	1.97	aggregate	2     499988  1.1541180E+01  8.88E-02    0.77    5.44    1.97    1.58   2
C_A04_S7_F2	fixed	A04_S7_F2	A04	F2	S7					154	3	1989738	11.475126	0.0186	0.0016208972345924566	0.16	2.29	2.89	iteration	3    1989738  1.1475126E+01  1.86E-02    0.16    2.29*   2.89
C_A04_S7_F2	fixed	A04_S7_F2	A04	F2	S7					156	3	1989738	11.475126	0.0186	0.0016208972345924566	0.16	2.29	2.89	iteration	3    1989738  1.1475126E+01  1.86E-02    0.16    2.29    2.89
P_A05_S0	adaptive	A05_S0	A05		S0					152	1	499986	12.565393	0.697	0.05546981300147158	5.54	39.2	1.46	iteration	1     499986  1.2565393E+01  6.97E-01    5.54   39.20*   1.46
P_A05_S0	adaptive	A05_S0	A05		S0					154	1	499986	12.565393	0.697	0.05546981300147158	5.54	39.2	1.46	iteration	1     499986  1.2565393E+01  6.97E-01    5.54   39.20    1.46
C_A05_S0_F0	fixed	A05_S0_F0	A05	F0	S0					148	1	499986	12.565393	0.697	0.05546981300147158	5.54	39.2	1.46	iteration	1     499986  1.2565393E+01  6.97E-01    5.54   39.20*   1.46
C_A05_S0_F0	fixed	A05_S0_F0	A05	F0	S0					150	1	499986	12.565393	0.697	0.05546981300147158	5.54	39.2	1.46	iteration	1     499986  1.2565393E+01  6.97E-01    5.54   39.20    1.46
C_A05_S0_F0	fixed	A05_S0_F0	A05	F0	S0					153	2	202216	11.447562	0.0939	0.008202619911558462	0.82	3.69	2.71	iteration	2     202216  1.1447562E+01  9.39E-02    0.82    3.69*   2.71
C_A05_S0_F0	fixed	A05_S0_F0	A05	F0	S0					154	3	202216	11.48979	0.0938	0.00816376974687962	0.82	3.67	2.68	iteration	3     202216  1.1489790E+01  9.38E-02    0.82    3.67*   2.68
C_A05_S0_F0	fixed	A05_S0_F0	A05	F0	S0					155	4	202216	11.449047	0.094	0.008210290341196084	0.82	3.69	2.43	iteration	4     202216  1.1449047E+01  9.40E-02    0.82    3.69    2.43
C_A05_S0_F0	fixed	A05_S0_F0	A05	F0	S0					157	4	606648	11.462157	0.0542	0.004728603874471445	0.47	3.68	2.43	aggregate	4     606648  1.1462157E+01  5.42E-02    0.47    3.68    2.43    0.07   3
C_A05_S0_F1	fixed	A05_S0_F1	A05	F1	S0					148	1	499986	12.565393	0.697	0.05546981300147158	5.54	39.2	1.46	iteration	1     499986  1.2565393E+01  6.97E-01    5.54   39.20*   1.46
C_A05_S0_F1	fixed	A05_S0_F1	A05	F1	S0					150	1	499986	12.565393	0.697	0.05546981300147158	5.54	39.2	1.46	iteration	1     499986  1.2565393E+01  6.97E-01    5.54   39.20    1.46
C_A05_S0_F1	fixed	A05_S0_F1	A05	F1	S0					153	2	599976	11.414949	0.0538	0.004713117859746899	0.47	3.65	2.27	iteration	2     599976  1.1414949E+01  5.38E-02    0.47    3.65*   2.27
C_A05_S0_F1	fixed	A05_S0_F1	A05	F1	S0					155	2	599976	11.414949	0.0538	0.004713117859746899	0.47	3.65	2.27	iteration	2     599976  1.1414949E+01  5.38E-02    0.47    3.65    2.27
C_A05_S0_F2	fixed	A05_S0_F2	A05	F2	S0					148	1	499986	12.565393	0.697	0.05546981300147158	5.54	39.2	1.46	iteration	1     499986  1.2565393E+01  6.97E-01    5.54   39.20*   1.46
C_A05_S0_F2	fixed	A05_S0_F2	A05	F2	S0					150	1	499986	12.565393	0.697	0.05546981300147158	5.54	39.2	1.46	iteration	1     499986  1.2565393E+01  6.97E-01    5.54   39.20    1.46
C_A05_S0_F2	fixed	A05_S0_F2	A05	F2	S0					153	2	1999999	11.456468	0.0295	0.002574964640061841	0.26	3.64	1.74	iteration	2    1999999  1.1456468E+01  2.95E-02    0.26    3.64*   1.74
C_A05_S0_F2	fixed	A05_S0_F2	A05	F2	S0					155	2	1999999	11.456468	0.0295	0.002574964640061841	0.26	3.64	1.74	iteration	2    1999999  1.1456468E+01  2.95E-02    0.26    3.64    1.74
P_A05_S1	adaptive	A05_S1	A05		S1					152	1	499989	11.774702	0.649	0.05511816774641091	5.51	38.99	1.6	iteration	1     499989  1.1774702E+01  6.49E-01    5.51   38.99*   1.60
P_A05_S1	adaptive	A05_S1	A05		S1					154	1	499989	11.774702	0.649	0.05511816774641091	5.51	38.99	1.6	iteration	1     499989  1.1774702E+01  6.49E-01    5.51   38.99    1.60
C_A05_S1_F0	fixed	A05_S1_F0	A05	F0	S1					148	1	499989	11.774702	0.649	0.05511816774641091	5.51	38.99	1.6	iteration	1     499989  1.1774702E+01  6.49E-01    5.51   38.99*   1.60
C_A05_S1_F0	fixed	A05_S1_F0	A05	F0	S1					150	1	499989	11.774702	0.649	0.05511816774641091	5.51	38.99	1.6	iteration	1     499989  1.1774702E+01  6.49E-01    5.51   38.99    1.60
C_A05_S1_F0	fixed	A05_S1_F0	A05	F0	S1					153	2	202203	11.616549	0.0982	0.008453457218662789	0.85	3.8	2.37	iteration	2     202203  1.1616549E+01  9.82E-02    0.85    3.80*   2.37
C_A05_S1_F0	fixed	A05_S1_F0	A05	F0	S1					154	3	202203	11.555439	0.0974	0.008428931172584616	0.84	3.79	2.63	iteration	3     202203  1.1555439E+01  9.74E-02    0.84    3.79*   2.63
C_A05_S1_F0	fixed	A05_S1_F0	A05	F0	S1					155	4	202203	11.53478	0.0967	0.008383341511498268	0.84	3.77	2.47	iteration	4     202203  1.1534780E+01  9.67E-02    0.84    3.77*   2.47
C_A05_S1_F0	fixed	A05_S1_F0	A05	F0	S1					157	4	606609	11.568504	0.0562	0.004858017942510112	0.49	3.79	2.47	aggregate	4     606609  1.1568504E+01  5.62E-02    0.49    3.79    2.47    0.19   3
C_A05_S1_F1	fixed	A05_S1_F1	A05	F1	S1					148	1	499989	11.774702	0.649	0.05511816774641091	5.51	38.99	1.6	iteration	1     499989  1.1774702E+01  6.49E-01    5.51   38.99*   1.60
C_A05_S1_F1	fixed	A05_S1_F1	A05	F1	S1					150	1	499989	11.774702	0.649	0.05511816774641091	5.51	38.99	1.6	iteration	1     499989  1.1774702E+01  6.49E-01    5.51   38.99    1.60
C_A05_S1_F1	fixed	A05_S1_F1	A05	F1	S1					153	2	600022	11.535468	0.0564	0.004889268471812327	0.49	3.79	1.96	iteration	2     600022  1.1535468E+01  5.64E-02    0.49    3.79*   1.96
C_A05_S1_F1	fixed	A05_S1_F1	A05	F1	S1					155	2	600022	11.535468	0.0564	0.004889268471812327	0.49	3.79	1.96	iteration	2     600022  1.1535468E+01  5.64E-02    0.49    3.79    1.96
C_A05_S1_F2	fixed	A05_S1_F2	A05	F2	S1					148	1	499989	11.774702	0.649	0.05511816774641091	5.51	38.99	1.6	iteration	1     499989  1.1774702E+01  6.49E-01    5.51   38.99*   1.60
C_A05_S1_F2	fixed	A05_S1_F2	A05	F2	S1					150	1	499989	11.774702	0.649	0.05511816774641091	5.51	38.99	1.6	iteration	1     499989  1.1774702E+01  6.49E-01    5.51   38.99    1.60
C_A05_S1_F2	fixed	A05_S1_F2	A05	F2	S1					153	2	2000019	11.51521	0.0309	0.002683407423746506	0.27	3.8	1.44	iteration	2    2000019  1.1515210E+01  3.09E-02    0.27    3.80*   1.44
C_A05_S1_F2	fixed	A05_S1_F2	A05	F2	S1					155	2	2000019	11.51521	0.0309	0.002683407423746506	0.27	3.8	1.44	iteration	2    2000019  1.1515210E+01  3.09E-02    0.27    3.80    1.44
P_A05_S2	adaptive	A05_S2	A05		S2					152	1	500011	12.14997	0.715	0.05884788192892657	5.88	41.61	1.45	iteration	1     500011  1.2149970E+01  7.15E-01    5.88   41.61*   1.45
P_A05_S2	adaptive	A05_S2	A05		S2					154	1	500011	12.14997	0.715	0.05884788192892657	5.88	41.61	1.45	iteration	1     500011  1.2149970E+01  7.15E-01    5.88   41.61    1.45
C_A05_S2_F0	fixed	A05_S2_F0	A05	F0	S2					148	1	500011	12.14997	0.715	0.05884788192892657	5.88	41.61	1.45	iteration	1     500011  1.2149970E+01  7.15E-01    5.88   41.61*   1.45
C_A05_S2_F0	fixed	A05_S2_F0	A05	F0	S2					150	1	500011	12.14997	0.715	0.05884788192892657	5.88	41.61	1.45	iteration	1     500011  1.2149970E+01  7.15E-01    5.88   41.61    1.45
C_A05_S2_F0	fixed	A05_S2_F0	A05	F0	S2					153	2	202080	11.571865	0.0929	0.008028092273803746	0.8	3.61	3.0	iteration	2     202080  1.1571865E+01  9.29E-02    0.80    3.61*   3.00
C_A05_S2_F0	fixed	A05_S2_F0	A05	F0	S2					154	3	202080	11.471524	0.0908	0.007915251713721734	0.79	3.56	2.93	iteration	3     202080  1.1471524E+01  9.08E-02    0.79    3.56*   2.93
C_A05_S2_F0	fixed	A05_S2_F0	A05	F0	S2					155	4	202080	11.469274	0.0918	0.008003993975555908	0.8	3.6	3.02	iteration	4     202080  1.1469274E+01  9.18E-02    0.80    3.60    3.02
C_A05_S2_F0	fixed	A05_S2_F0	A05	F0	S2					157	4	606240	11.503485	0.053	0.004607299440126188	0.46	3.59	3.02	aggregate	4     606240  1.1503485E+01  5.30E-02    0.46    3.59    3.02    0.40   3
C_A05_S2_F1	fixed	A05_S2_F1	A05	F1	S2					148	1	500011	12.14997	0.715	0.05884788192892657	5.88	41.61	1.45	iteration	1     500011  1.2149970E+01  7.15E-01    5.88   41.61*   1.45
C_A05_S2_F1	fixed	A05_S2_F1	A05	F1	S2					150	1	500011	12.14997	0.715	0.05884788192892657	5.88	41.61	1.45	iteration	1     500011  1.2149970E+01  7.15E-01    5.88   41.61    1.45
C_A05_S2_F1	fixed	A05_S2_F1	A05	F1	S2					153	2	599996	11.504073	0.0529	0.004598371376815846	0.46	3.56	2.38	iteration	2     599996  1.1504073E+01  5.29E-02    0.46    3.56*   2.38
C_A05_S2_F1	fixed	A05_S2_F1	A05	F1	S2					155	2	599996	11.504073	0.0529	0.004598371376815846	0.46	3.56	2.38	iteration	2     599996  1.1504073E+01  5.29E-02    0.46    3.56    2.38
C_A05_S2_F2	fixed	A05_S2_F2	A05	F2	S2					148	1	500011	12.14997	0.715	0.05884788192892657	5.88	41.61	1.45	iteration	1     500011  1.2149970E+01  7.15E-01    5.88   41.61*   1.45
C_A05_S2_F2	fixed	A05_S2_F2	A05	F2	S2					150	1	500011	12.14997	0.715	0.05884788192892657	5.88	41.61	1.45	iteration	1     500011  1.2149970E+01  7.15E-01    5.88   41.61    1.45
C_A05_S2_F2	fixed	A05_S2_F2	A05	F2	S2					153	2	1999998	11.489365	0.029	0.0025240733495715388	0.25	3.56	1.97	iteration	2    1999998  1.1489365E+01  2.90E-02    0.25    3.56*   1.97
C_A05_S2_F2	fixed	A05_S2_F2	A05	F2	S2					155	2	1999998	11.489365	0.029	0.0025240733495715388	0.25	3.56	1.97	iteration	2    1999998  1.1489365E+01  2.90E-02    0.25    3.56    1.97
P_A05_S3	adaptive	A05_S3	A05		S3					152	1	499995	11.373148	0.669	0.058822763934840205	5.88	41.57	1.46	iteration	1     499995  1.1373148E+01  6.69E-01    5.88   41.57*   1.46
P_A05_S3	adaptive	A05_S3	A05		S3					154	1	499995	11.373148	0.669	0.058822763934840205	5.88	41.57	1.46	iteration	1     499995  1.1373148E+01  6.69E-01    5.88   41.57    1.46
C_A05_S3_F0	fixed	A05_S3_F0	A05	F0	S3					148	1	499995	11.373148	0.669	0.058822763934840205	5.88	41.57	1.46	iteration	1     499995  1.1373148E+01  6.69E-01    5.88   41.57*   1.46
C_A05_S3_F0	fixed	A05_S3_F0	A05	F0	S3					150	1	499995	11.373148	0.669	0.058822763934840205	5.88	41.57	1.46	iteration	1     499995  1.1373148E+01  6.69E-01    5.88   41.57    1.46
C_A05_S3_F0	fixed	A05_S3_F0	A05	F0	S3					153	2	202200	11.414078	0.0965	0.00845447174971119	0.85	3.8	2.65	iteration	2     202200  1.1414078E+01  9.65E-02    0.85    3.80*   2.65
C_A05_S3_F0	fixed	A05_S3_F0	A05	F0	S3					154	3	202200	11.582367	0.0971	0.008383433196340611	0.84	3.77	2.77	iteration	3     202200  1.1582367E+01  9.71E-02    0.84    3.77*   2.77
C_A05_S3_F0	fixed	A05_S3_F0	A05	F0	S3					155	4	202200	11.557232	0.0971	0.008401665727572139	0.84	3.78	2.74	iteration	4     202200  1.1557232E+01  9.71E-02    0.84    3.78    2.74
C_A05_S3_F0	fixed	A05_S3_F0	A05	F0	S3					157	4	606600	11.517443	0.056	0.00486219033165608	0.49	3.78	2.74	aggregate	4     606600  1.1517443E+01  5.60E-02    0.49    3.78    2.74    0.88   3
C_A05_S3_F1	fixed	A05_S3_F1	A05	F1	S3					148	1	499995	11.373148	0.669	0.058822763934840205	5.88	41.57	1.46	iteration	1     499995  1.1373148E+01  6.69E-01    5.88   41.57*   1.46
C_A05_S3_F1	fixed	A05_S3_F1	A05	F1	S3					150	1	499995	11.373148	0.669	0.058822763934840205	5.88	41.57	1.46	iteration	1     499995  1.1373148E+01  6.69E-01    5.88   41.57    1.46
C_A05_S3_F1	fixed	A05_S3_F1	A05	F1	S3					153	2	600009	11.47198	0.0562	0.004898892780496479	0.49	3.79	1.84	iteration	2     600009  1.1471980E+01  5.62E-02    0.49    3.79*   1.84
C_A05_S3_F1	fixed	A05_S3_F1	A05	F1	S3					155	2	600009	11.47198	0.0562	0.004898892780496479	0.49	3.79	1.84	iteration	2     600009  1.1471980E+01  5.62E-02    0.49    3.79    1.84
C_A05_S3_F2	fixed	A05_S3_F2	A05	F2	S3					148	1	499995	11.373148	0.669	0.058822763934840205	5.88	41.57	1.46	iteration	1     499995  1.1373148E+01  6.69E-01    5.88   41.57*   1.46
C_A05_S3_F2	fixed	A05_S3_F2	A05	F2	S3					150	1	499995	11.373148	0.669	0.058822763934840205	5.88	41.57	1.46	iteration	1     499995  1.1373148E+01  6.69E-01    5.88   41.57    1.46
C_A05_S3_F2	fixed	A05_S3_F2	A05	F2	S3					153	2	2000014	11.471755	0.0307	0.002676138045137819	0.27	3.78	1.54	iteration	2    2000014  1.1471755E+01  3.07E-02    0.27    3.78*   1.54
C_A05_S3_F2	fixed	A05_S3_F2	A05	F2	S3					155	2	2000014	11.471755	0.0307	0.002676138045137819	0.27	3.78	1.54	iteration	2    2000014  1.1471755E+01  3.07E-02    0.27    3.78    1.54
P_A05_S4	adaptive	A05_S4	A05		S4					152	1	499993	12.726722	0.747	0.058695396976534885	5.87	41.52	1.46	iteration	1     499993  1.2726722E+01  7.47E-01    5.87   41.52*   1.46
P_A05_S4	adaptive	A05_S4	A05		S4					154	1	499993	12.726722	0.747	0.058695396976534885	5.87	41.52	1.46	iteration	1     499993  1.2726722E+01  7.47E-01    5.87   41.52    1.46
C_A05_S4_F0	fixed	A05_S4_F0	A05	F0	S4					148	1	499993	12.726722	0.747	0.058695396976534885	5.87	41.52	1.46	iteration	1     499993  1.2726722E+01  7.47E-01    5.87   41.52*   1.46
C_A05_S4_F0	fixed	A05_S4_F0	A05	F0	S4					150	1	499993	12.726722	0.747	0.058695396976534885	5.87	41.52	1.46	iteration	1     499993  1.2726722E+01  7.47E-01    5.87   41.52    1.46
C_A05_S4_F0	fixed	A05_S4_F0	A05	F0	S4					153	2	202193	11.408465	0.0927	0.008125545373544995	0.81	3.65	2.6	iteration	2     202193  1.1408465E+01  9.27E-02    0.81    3.65*   2.60
C_A05_S4_F0	fixed	A05_S4_F0	A05	F0	S4					154	3	202193	11.311999	0.0918	0.008115276530699836	0.81	3.65	2.55	iteration	3     202193  1.1311999E+01  9.18E-02    0.81    3.65*   2.55
C_A05_S4_F0	fixed	A05_S4_F0	A05	F0	S4					155	4	202193	11.49981	0.0934	0.00812187331790699	0.81	3.65	2.56	iteration	4     202193  1.1499810E+01  9.34E-02    0.81    3.65    2.56
C_A05_S4_F0	fixed	A05_S4_F0	A05	F0	S4					157	4	606579	11.405661	0.0535	0.004690653176523482	0.47	3.65	2.56	aggregate	4     606579  1.1405661E+01  5.35E-02    0.47    3.65    2.56    1.03   3
C_A05_S4_F1	fixed	A05_S4_F1	A05	F1	S4					148	1	499993	12.726722	0.747	0.058695396976534885	5.87	41.52	1.46	iteration	1     499993  1.2726722E+01  7.47E-01    5.87   41.52*   1.46
C_A05_S4_F1	fixed	A05_S4_F1	A05	F1	S4					150	1	499993	12.726722	0.747	0.058695396976534885	5.87	41.52	1.46	iteration	1     499993  1.2726722E+01  7.47E-01    5.87   41.52    1.46
C_A05_S4_F1	fixed	A05_S4_F1	A05	F1	S4					153	2	600035	11.452723	0.0538	0.004697572795570102	0.47	3.64	2.08	iteration	2     600035  1.1452723E+01  5.38E-02    0.47    3.64*   2.08
C_A05_S4_F1	fixed	A05_S4_F1	A05	F1	S4					155	2	600035	11.452723	0.0538	0.004697572795570102	0.47	3.64	2.08	iteration	2     600035  1.1452723E+01  5.38E-02    0.47    3.64    2.08
C_A05_S4_F2	fixed	A05_S4_F2	A05	F2	S4					148	1	499993	12.726722	0.747	0.058695396976534885	5.87	41.52	1.46	iteration	1     499993  1.2726722E+01  7.47E-01    5.87   41.52*   1.46
C_A05_S4_F2	fixed	A05_S4_F2	A05	F2	S4					150	1	499993	12.726722	0.747	0.058695396976534885	5.87	41.52	1.46	iteration	1     499993  1.2726722E+01  7.47E-01    5.87   41.52    1.46
C_A05_S4_F2	fixed	A05_S4_F2	A05	F2	S4					153	2	1999998	11.43385	0.0294	0.0025713123750967523	0.26	3.63	1.75	iteration	2    1999998  1.1433850E+01  2.94E-02    0.26    3.63*   1.75
C_A05_S4_F2	fixed	A05_S4_F2	A05	F2	S4					155	2	1999998	11.43385	0.0294	0.0025713123750967523	0.26	3.63	1.75	iteration	2    1999998  1.1433850E+01  2.94E-02    0.26    3.63    1.75
P_A05_S5	adaptive	A05_S5	A05		S5					152	1	499983	11.720064	0.658	0.05614303812675426	5.62	39.71	1.18	iteration	1     499983  1.1720064E+01  6.58E-01    5.62   39.71*   1.18
P_A05_S5	adaptive	A05_S5	A05		S5					154	1	499983	11.720064	0.658	0.05614303812675426	5.62	39.71	1.18	iteration	1     499983  1.1720064E+01  6.58E-01    5.62   39.71    1.18
C_A05_S5_F0	fixed	A05_S5_F0	A05	F0	S5					148	1	499983	11.720064	0.658	0.05614303812675426	5.62	39.71	1.18	iteration	1     499983  1.1720064E+01  6.58E-01    5.62   39.71*   1.18
C_A05_S5_F0	fixed	A05_S5_F0	A05	F0	S5					150	1	499983	11.720064	0.658	0.05614303812675426	5.62	39.71	1.18	iteration	1     499983  1.1720064E+01  6.58E-01    5.62   39.71    1.18
C_A05_S5_F0	fixed	A05_S5_F0	A05	F0	S5					153	2	202206	11.350333	0.101	0.00889841734158813	0.89	4.0	2.48	iteration	2     202206  1.1350333E+01  1.01E-01    0.89    4.00*   2.48
C_A05_S5_F0	fixed	A05_S5_F0	A05	F0	S5					154	3	202206	11.469977	0.101	0.00880559743057898	0.88	3.95	2.63	iteration	3     202206  1.1469977E+01  1.01E-01    0.88    3.95*   2.63
C_A05_S5_F0	fixed	A05_S5_F0	A05	F0	S5					155	4	202206	11.417007	0.1	0.00875886298396769	0.88	3.95	2.39	iteration	4     202206  1.1417007E+01  1.00E-01    0.88    3.95*   2.39
C_A05_S5_F0	fixed	A05_S5_F0	A05	F0	S5					157	4	606618	11.412467	0.0581	0.0050909238116526425	0.51	3.97	2.39	aggregate	4     606618  1.1412467E+01  5.81E-02    0.51    3.97    2.39    0.35   3
C_A05_S5_F1	fixed	A05_S5_F1	A05	F1	S5					148	1	499983	11.720064	0.658	0.05614303812675426	5.62	39.71	1.18	iteration	1     499983  1.1720064E+01  6.58E-01    5.62   39.71*   1.18
C_A05_S5_F1	fixed	A05_S5_F1	A05	F1	S5					150	1	499983	11.720064	0.658	0.05614303812675426	5.62	39.71	1.18	iteration	1     499983  1.1720064E+01  6.58E-01    5.62   39.71    1.18
C_A05_S5_F1	fixed	A05_S5_F1	A05	F1	S5					153	2	600018	11.497539	0.0585	0.005088045363446908	0.51	3.94	1.98	iteration	2     600018  1.1497539E+01  5.85E-02    0.51    3.94*   1.98
C_A05_S5_F1	fixed	A05_S5_F1	A05	F1	S5					155	2	600018	11.497539	0.0585	0.005088045363446908	0.51	3.94	1.98	iteration	2     600018  1.1497539E+01  5.85E-02    0.51    3.94    1.98
C_A05_S5_F2	fixed	A05_S5_F2	A05	F2	S5					148	1	499983	11.720064	0.658	0.05614303812675426	5.62	39.71	1.18	iteration	1     499983  1.1720064E+01  6.58E-01    5.62   39.71*   1.18
C_A05_S5_F2	fixed	A05_S5_F2	A05	F2	S5					150	1	499983	11.720064	0.658	0.05614303812675426	5.62	39.71	1.18	iteration	1     499983  1.1720064E+01  6.58E-01    5.62   39.71    1.18
C_A05_S5_F2	fixed	A05_S5_F2	A05	F2	S5					153	2	2000012	11.506938	0.0321	0.00278962135713254	0.28	3.95	1.57	iteration	2    2000012  1.1506938E+01  3.21E-02    0.28    3.95*   1.57
C_A05_S5_F2	fixed	A05_S5_F2	A05	F2	S5					155	2	2000012	11.506938	0.0321	0.00278962135713254	0.28	3.95	1.57	iteration	2    2000012  1.1506938E+01  3.21E-02    0.28    3.95    1.57
P_A05_S6	adaptive	A05_S6	A05		S6					152	1	500006	12.147236	0.66	0.05433334793199046	5.44	38.44	1.5	iteration	1     500006  1.2147236E+01  6.60E-01    5.44   38.44*   1.50
P_A05_S6	adaptive	A05_S6	A05		S6					154	1	500006	12.147236	0.66	0.05433334793199046	5.44	38.44	1.5	iteration	1     500006  1.2147236E+01  6.60E-01    5.44   38.44    1.50
C_A05_S6_F0	fixed	A05_S6_F0	A05	F0	S6					148	1	500006	12.147236	0.66	0.05433334793199046	5.44	38.44	1.5	iteration	1     500006  1.2147236E+01  6.60E-01    5.44   38.44*   1.50
C_A05_S6_F0	fixed	A05_S6_F0	A05	F0	S6					150	1	500006	12.147236	0.66	0.05433334793199046	5.44	38.44	1.5	iteration	1     500006  1.2147236E+01  6.60E-01    5.44   38.44    1.50
C_A05_S6_F0	fixed	A05_S6_F0	A05	F0	S6					153	2	202129	11.617918	0.0982	0.008452461103615984	0.85	3.8	2.71	iteration	2     202129  1.1617918E+01  9.82E-02    0.85    3.80*   2.71
C_A05_S6_F0	fixed	A05_S6_F0	A05	F0	S6					154	3	202129	11.506228	0.0977	0.008491053714562234	0.85	3.82	2.52	iteration	3     202129  1.1506228E+01  9.77E-02    0.85    3.82    2.52
C_A05_S6_F0	fixed	A05_S6_F0	A05	F0	S6					155	4	202129	11.593044	0.0991	0.008548229438273502	0.85	3.84	2.86	iteration	4     202129  1.1593044E+01  9.91E-02    0.85    3.84    2.86
C_A05_S6_F0	fixed	A05_S6_F0	A05	F0	S6					157	4	606387	11.572057	0.0568	0.004908375408105924	0.49	3.82	2.86	aggregate	4     606387  1.1572057E+01  5.68E-02    0.49    3.82    2.86    0.36   3
C_A05_S6_F1	fixed	A05_S6_F1	A05	F1	S6					148	1	500006	12.147236	0.66	0.05433334793199046	5.44	38.44	1.5	iteration	1     500006  1.2147236E+01  6.60E-01    5.44   38.44*   1.50
C_A05_S6_F1	fixed	A05_S6_F1	A05	F1	S6					150	1	500006	12.147236	0.66	0.05433334793199046	5.44	38.44	1.5	iteration	1     500006  1.2147236E+01  6.60E-01    5.44   38.44    1.50
C_A05_S6_F1	fixed	A05_S6_F1	A05	F1	S6					153	2	599990	11.577124	0.0567	0.004897589418580988	0.49	3.79	2.21	iteration	2     599990  1.1577124E+01  5.67E-02    0.49    3.79*   2.21
C_A05_S6_F1	fixed	A05_S6_F1	A05	F1	S6					155	2	599990	11.577124	0.0567	0.004897589418580988	0.49	3.79	2.21	iteration	2     599990  1.1577124E+01  5.67E-02    0.49    3.79    2.21
C_A05_S6_F2	fixed	A05_S6_F2	A05	F2	S6					148	1	500006	12.147236	0.66	0.05433334793199046	5.44	38.44	1.5	iteration	1     500006  1.2147236E+01  6.60E-01    5.44   38.44*   1.50
C_A05_S6_F2	fixed	A05_S6_F2	A05	F2	S6					150	1	500006	12.147236	0.66	0.05433334793199046	5.44	38.44	1.5	iteration	1     500006  1.2147236E+01  6.60E-01    5.44   38.44    1.50
C_A05_S6_F2	fixed	A05_S6_F2	A05	F2	S6					153	2	1999984	11.5271	0.0309	0.0026806395363968387	0.27	3.79	1.7	iteration	2    1999984  1.1527100E+01  3.09E-02    0.27    3.79*   1.70
C_A05_S6_F2	fixed	A05_S6_F2	A05	F2	S6					155	2	1999984	11.5271	0.0309	0.0026806395363968387	0.27	3.79	1.7	iteration	2    1999984  1.1527100E+01  3.09E-02    0.27    3.79    1.70
P_A05_S7	adaptive	A05_S7	A05		S7					152	1	499993	12.081815	0.65	0.053799863679422334	5.38	38.02	1.42	iteration	1     499993  1.2081815E+01  6.50E-01    5.38   38.02*   1.42
P_A05_S7	adaptive	A05_S7	A05		S7					154	1	499993	12.081815	0.65	0.053799863679422334	5.38	38.02	1.42	iteration	1     499993  1.2081815E+01  6.50E-01    5.38   38.02    1.42
C_A05_S7_F0	fixed	A05_S7_F0	A05	F0	S7					148	1	499993	12.081815	0.65	0.053799863679422334	5.38	38.02	1.42	iteration	1     499993  1.2081815E+01  6.50E-01    5.38   38.02*   1.42
C_A05_S7_F0	fixed	A05_S7_F0	A05	F0	S7					150	1	499993	12.081815	0.65	0.053799863679422334	5.38	38.02	1.42	iteration	1     499993  1.2081815E+01  6.50E-01    5.38   38.02    1.42
C_A05_S7_F0	fixed	A05_S7_F0	A05	F0	S7					153	2	202052	11.488666	0.0953	0.008295131915228451	0.83	3.73	2.75	iteration	2     202052  1.1488666E+01  9.53E-02    0.83    3.73*   2.75
C_A05_S7_F0	fixed	A05_S7_F0	A05	F0	S7					154	3	202052	11.517408	0.0954	0.008283113700582632	0.83	3.72	2.55	iteration	3     202052  1.1517408E+01  9.54E-02    0.83    3.72*   2.55
C_A05_S7_F0	fixed	A05_S7_F0	A05	F0	S7					155	4	202052	11.382103	0.0934	0.00820586494429017	0.82	3.69	2.92	iteration	4     202052  1.1382103E+01  9.34E-02    0.82    3.69*   2.92
C_A05_S7_F0	fixed	A05_S7_F0	A05	F0	S7					157	4	606156	11.461585	0.0547	0.004772463843351509	0.48	3.71	2.92	aggregate	4     606156  1.1461585E+01  5.47E-02    0.48    3.71    2.92    0.57   3
C_A05_S7_F1	fixed	A05_S7_F1	A05	F1	S7					148	1	499993	12.081815	0.65	0.053799863679422334	5.38	38.02	1.42	iteration	1     499993  1.2081815E+01  6.50E-01    5.38   38.02*   1.42
C_A05_S7_F1	fixed	A05_S7_F1	A05	F1	S7					150	1	499993	12.081815	0.65	0.053799863679422334	5.38	38.02	1.42	iteration	1     499993  1.2081815E+01  6.50E-01    5.38   38.02    1.42
C_A05_S7_F1	fixed	A05_S7_F1	A05	F1	S7					153	2	600002	11.413241	0.0546	0.004783917206339549	0.48	3.7	2.04	iteration	2     600002  1.1413241E+01  5.46E-02    0.48    3.70*   2.04
C_A05_S7_F1	fixed	A05_S7_F1	A05	F1	S7					155	2	600002	11.413241	0.0546	0.004783917206339549	0.48	3.7	2.04	iteration	2     600002  1.1413241E+01  5.46E-02    0.48    3.70    2.04
C_A05_S7_F2	fixed	A05_S7_F2	A05	F2	S7					148	1	499993	12.081815	0.65	0.053799863679422334	5.38	38.02	1.42	iteration	1     499993  1.2081815E+01  6.50E-01    5.38   38.02*   1.42
C_A05_S7_F2	fixed	A05_S7_F2	A05	F2	S7					150	1	499993	12.081815	0.65	0.053799863679422334	5.38	38.02	1.42	iteration	1     499993  1.2081815E+01  6.50E-01    5.38   38.02    1.42
C_A05_S7_F2	fixed	A05_S7_F2	A05	F2	S7					153	2	1999981	11.465394	0.03	0.0026165694785543346	0.26	3.7	1.51	iteration	2    1999981  1.1465394E+01  3.00E-02    0.26    3.70*   1.51
C_A05_S7_F2	fixed	A05_S7_F2	A05	F2	S7					155	2	1999981	11.465394	0.03	0.0026165694785543346	0.26	3.7	1.51	iteration	2    1999981  1.1465394E+01  3.00E-02    0.26    3.70    1.51
P_A06_S0	adaptive	A06_S0	A06		S0					152	1	99998	12.575489	1.52	0.12087005125605851	12.11	38.3	3.01	iteration	1      99998  1.2575489E+01  1.52E+00   12.11   38.30*   3.01
P_A06_S0	adaptive	A06_S0	A06		S0					154	1	99998	12.575489	1.52	0.12087005125605851	12.11	38.3	3.01	iteration	1      99998  1.2575489E+01  1.52E+00   12.11   38.30    3.01
P_A06_S0	adaptive	A06_S0	A06		S0					156	2	200001	11.63696	0.156	0.013405562964898048	1.34	6.01	0.66	iteration	2     200001  1.1636960E+01  1.56E-01    1.34    6.01*   0.66
P_A06_S0	adaptive	A06_S0	A06		S0					158	2	200001	11.63696	0.156	0.013405562964898048	1.34	6.01	0.66	iteration	2     200001  1.1636960E+01  1.56E-01    1.34    6.01    0.66
P_A06_S0	adaptive	A06_S0	A06		S0					160	3	399997	11.53496	0.0468	0.0040572312344386114	0.41	2.57	2.44	iteration	3     399997  1.1534960E+01  4.68E-02    0.41    2.57*   2.44
P_A06_S0	adaptive	A06_S0	A06		S0					162	3	399997	11.53496	0.0468	0.0040572312344386114	0.41	2.57	2.44	iteration	3     399997  1.1534960E+01  4.68E-02    0.41    2.57    2.44
C_A06_S0_F0	fixed	A06_S0_F0	A06	F0	S0					148	1	99998	12.575489	1.52	0.12087005125605851	12.11	38.3	3.01	iteration	1      99998  1.2575489E+01  1.52E+00   12.11   38.30*   3.01
C_A06_S0_F0	fixed	A06_S0_F0	A06	F0	S0					150	1	99998	12.575489	1.52	0.12087005125605851	12.11	38.3	3.01	iteration	1      99998  1.2575489E+01  1.52E+00   12.11   38.30    3.01
C_A06_S0_F0	fixed	A06_S0_F0	A06	F0	S0					153	2	200001	11.63696	0.156	0.013405562964898048	1.34	6.01	0.66	iteration	2     200001  1.1636960E+01  1.56E-01    1.34    6.01*   0.66
C_A06_S0_F0	fixed	A06_S0_F0	A06	F0	S0					155	2	200001	11.63696	0.156	0.013405562964898048	1.34	6.01	0.66	iteration	2     200001  1.1636960E+01  1.56E-01    1.34    6.01    0.66
C_A06_S0_F0	fixed	A06_S0_F0	A06	F0	S0					158	3	399997	11.53496	0.0468	0.0040572312344386114	0.41	2.57	2.44	iteration	3     399997  1.1534960E+01  4.68E-02    0.41    2.57*   2.44
C_A06_S0_F0	fixed	A06_S0_F0	A06	F0	S0					160	3	399997	11.53496	0.0468	0.0040572312344386114	0.41	2.57	2.44	iteration	3     399997  1.1534960E+01  4.68E-02    0.41    2.57    2.44
C_A06_S0_F0	fixed	A06_S0_F0	A06	F0	S0					163	4	203642	11.419353	0.0487	0.004264689952224089	0.43	1.93	4.24	iteration	4     203642  1.1419353E+01  4.87E-02    0.43    1.93*   4.24
C_A06_S0_F0	fixed	A06_S0_F0	A06	F0	S0					164	5	203642	11.529334	0.049	0.004250028666009676	0.42	1.92	3.96	iteration	5     203642  1.1529334E+01  4.90E-02    0.42    1.92*   3.96
C_A06_S0_F0	fixed	A06_S0_F0	A06	F0	S0					165	6	203642	11.488247	0.049	0.004265228628876103	0.43	1.93	3.35	iteration	6     203642  1.1488247E+01  4.90E-02    0.43    1.93    3.35
C_A06_S0_F0	fixed	A06_S0_F0	A06	F0	S0					167	6	610926	11.47877	0.0282	0.002456709211875488	0.25	1.92	3.35	aggregate	6     610926  1.1478770E+01  2.82E-02    0.25    1.92    3.35    1.29   3
C_A06_S0_F1	fixed	A06_S0_F1	A06	F1	S0					148	1	99998	12.575489	1.52	0.12087005125605851	12.11	38.3	3.01	iteration	1      99998  1.2575489E+01  1.52E+00   12.11   38.30*   3.01
C_A06_S0_F1	fixed	A06_S0_F1	A06	F1	S0					150	1	99998	12.575489	1.52	0.12087005125605851	12.11	38.3	3.01	iteration	1      99998  1.2575489E+01  1.52E+00   12.11   38.30    3.01
C_A06_S0_F1	fixed	A06_S0_F1	A06	F1	S0					153	2	200001	11.63696	0.156	0.013405562964898048	1.34	6.01	0.66	iteration	2     200001  1.1636960E+01  1.56E-01    1.34    6.01*   0.66
C_A06_S0_F1	fixed	A06_S0_F1	A06	F1	S0					155	2	200001	11.63696	0.156	0.013405562964898048	1.34	6.01	0.66	iteration	2     200001  1.1636960E+01  1.56E-01    1.34    6.01    0.66
C_A06_S0_F1	fixed	A06_S0_F1	A06	F1	S0					158	3	399997	11.53496	0.0468	0.0040572312344386114	0.41	2.57	2.44	iteration	3     399997  1.1534960E+01  4.68E-02    0.41    2.57*   2.44
C_A06_S0_F1	fixed	A06_S0_F1	A06	F1	S0					160	3	399997	11.53496	0.0468	0.0040572312344386114	0.41	2.57	2.44	iteration	3     399997  1.1534960E+01  4.68E-02    0.41    2.57    2.44
C_A06_S0_F1	fixed	A06_S0_F1	A06	F1	S0					163	4	599993	11.458186	0.0281	0.0024523951697066186	0.25	1.9	3.1	iteration	4     599993  1.1458186E+01  2.81E-02    0.25    1.90*   3.10
C_A06_S0_F1	fixed	A06_S0_F1	A06	F1	S0					165	4	599993	11.458186	0.0281	0.0024523951697066186	0.25	1.9	3.1	iteration	4     599993  1.1458186E+01  2.81E-02    0.25    1.90    3.10
C_A06_S0_F2	fixed	A06_S0_F2	A06	F2	S0					148	1	99998	12.575489	1.52	0.12087005125605851	12.11	38.3	3.01	iteration	1      99998  1.2575489E+01  1.52E+00   12.11   38.30*   3.01
C_A06_S0_F2	fixed	A06_S0_F2	A06	F2	S0					150	1	99998	12.575489	1.52	0.12087005125605851	12.11	38.3	3.01	iteration	1      99998  1.2575489E+01  1.52E+00   12.11   38.30    3.01
C_A06_S0_F2	fixed	A06_S0_F2	A06	F2	S0					153	2	200001	11.63696	0.156	0.013405562964898048	1.34	6.01	0.66	iteration	2     200001  1.1636960E+01  1.56E-01    1.34    6.01*   0.66
C_A06_S0_F2	fixed	A06_S0_F2	A06	F2	S0					155	2	200001	11.63696	0.156	0.013405562964898048	1.34	6.01	0.66	iteration	2     200001  1.1636960E+01  1.56E-01    1.34    6.01    0.66
C_A06_S0_F2	fixed	A06_S0_F2	A06	F2	S0					158	3	399997	11.53496	0.0468	0.0040572312344386114	0.41	2.57	2.44	iteration	3     399997  1.1534960E+01  4.68E-02    0.41    2.57*   2.44
C_A06_S0_F2	fixed	A06_S0_F2	A06	F2	S0					160	3	399997	11.53496	0.0468	0.0040572312344386114	0.41	2.57	2.44	iteration	3     399997  1.1534960E+01  4.68E-02    0.41    2.57    2.44
C_A06_S0_F2	fixed	A06_S0_F2	A06	F2	S0					163	4	1925117	11.482874	0.0157	0.0013672535290381134	0.14	1.9	2.68	iteration	4    1925117  1.1482874E+01  1.57E-02    0.14    1.90*   2.68
C_A06_S0_F2	fixed	A06_S0_F2	A06	F2	S0					165	4	1925117	11.482874	0.0157	0.0013672535290381134	0.14	1.9	2.68	iteration	4    1925117  1.1482874E+01  1.57E-02    0.14    1.90    2.68
P_A06_S1	adaptive	A06_S1	A06		S1					152	1	99986	12.39349	1.51	0.12183815858164246	12.17	38.48	3.11	iteration	1      99986  1.2393490E+01  1.51E+00   12.17   38.48*   3.11
P_A06_S1	adaptive	A06_S1	A06		S1					154	1	99986	12.39349	1.51	0.12183815858164246	12.17	38.48	3.11	iteration	1      99986  1.2393490E+01  1.51E+00   12.17   38.48    3.11
P_A06_S1	adaptive	A06_S1	A06		S1					156	2	200004	11.301535	0.144	0.012741631999546964	1.27	5.69	0.88	iteration	2     200004  1.1301535E+01  1.44E-01    1.27    5.69*   0.88
P_A06_S1	adaptive	A06_S1	A06		S1					158	2	200004	11.301535	0.144	0.012741631999546964	1.27	5.69	0.88	iteration	2     200004  1.1301535E+01  1.44E-01    1.27    5.69    0.88
P_A06_S1	adaptive	A06_S1	A06		S1					160	3	400006	11.476063	0.0496	0.004322039709959766	0.43	2.74	2.25	iteration	3     400006  1.1476063E+01  4.96E-02    0.43    2.74*   2.25
P_A06_S1	adaptive	A06_S1	A06		S1					162	3	400006	11.476063	0.0496	0.004322039709959766	0.43	2.74	2.25	iteration	3     400006  1.1476063E+01  4.96E-02    0.43    2.74    2.25
C_A06_S1_F0	fixed	A06_S1_F0	A06	F0	S1					148	1	99986	12.39349	1.51	0.12183815858164246	12.17	38.48	3.11	iteration	1      99986  1.2393490E+01  1.51E+00   12.17   38.48*   3.11
C_A06_S1_F0	fixed	A06_S1_F0	A06	F0	S1					150	1	99986	12.39349	1.51	0.12183815858164246	12.17	38.48	3.11	iteration	1      99986  1.2393490E+01  1.51E+00   12.17   38.48    3.11
C_A06_S1_F0	fixed	A06_S1_F0	A06	F0	S1					153	2	200004	11.301535	0.144	0.012741631999546964	1.27	5.69	0.88	iteration	2     200004  1.1301535E+01  1.44E-01    1.27    5.69*   0.88
C_A06_S1_F0	fixed	A06_S1_F0	A06	F0	S1					155	2	200004	11.301535	0.144	0.012741631999546964	1.27	5.69	0.88	iteration	2     200004  1.1301535E+01  1.44E-01    1.27    5.69    0.88
C_A06_S1_F0	fixed	A06_S1_F0	A06	F0	S1					158	3	400006	11.476063	0.0496	0.004322039709959766	0.43	2.74	2.25	iteration	3     400006  1.1476063E+01  4.96E-02    0.43    2.74*   2.25
C_A06_S1_F0	fixed	A06_S1_F0	A06	F0	S1					160	3	400006	11.476063	0.0496	0.004322039709959766	0.43	2.74	2.25	iteration	3     400006  1.1476063E+01  4.96E-02    0.43    2.74    2.25
C_A06_S1_F0	fixed	A06_S1_F0	A06	F0	S1					163	4	203664	11.487027	0.0513	0.004465907497214031	0.45	2.02	4.3	iteration	4     203664  1.1487027E+01  5.13E-02    0.45    2.02*   4.30
C_A06_S1_F0	fixed	A06_S1_F0	A06	F0	S1					164	5	203664	11.537568	0.0514	0.004455011662769831	0.45	2.01	4.74	iteration	5     203664  1.1537568E+01  5.14E-02    0.45    2.01*   4.74
C_A06_S1_F0	fixed	A06_S1_F0	A06	F0	S1					165	6	203664	11.481663	0.0512	0.004459284338862759	0.45	2.01	4.03	iteration	6     203664  1.1481663E+01  5.12E-02    0.45    2.01    4.03
C_A06_S1_F0	fixed	A06_S1_F0	A06	F0	S1					167	6	610992	11.502026	0.0296	0.0025734596670186627	0.26	2.01	4.03	aggregate	6     610992  1.1502026E+01  2.96E-02    0.26    2.01    4.03    0.36   3
C_A06_S1_F1	fixed	A06_S1_F1	A06	F1	S1					148	1	99986	12.39349	1.51	0.12183815858164246	12.17	38.48	3.11	iteration	1      99986  1.2393490E+01  1.51E+00   12.17   38.48*   3.11
C_A06_S1_F1	fixed	A06_S1_F1	A06	F1	S1					150	1	99986	12.39349	1.51	0.12183815858164246	12.17	38.48	3.11	iteration	1      99986  1.2393490E+01  1.51E+00   12.17   38.48    3.11
C_A06_S1_F1	fixed	A06_S1_F1	A06	F1	S1					153	2	200004	11.301535	0.144	0.012741631999546964	1.27	5.69	0.88	iteration	2     200004  1.1301535E+01  1.44E-01    1.27    5.69*   0.88
C_A06_S1_F1	fixed	A06_S1_F1	A06	F1	S1					155	2	200004	11.301535	0.144	0.012741631999546964	1.27	5.69	0.88	iteration	2     200004  1.1301535E+01  1.44E-01    1.27    5.69    0.88
C_A06_S1_F1	fixed	A06_S1_F1	A06	F1	S1					158	3	400006	11.476063	0.0496	0.004322039709959766	0.43	2.74	2.25	iteration	3     400006  1.1476063E+01  4.96E-02    0.43    2.74*   2.25
C_A06_S1_F1	fixed	A06_S1_F1	A06	F1	S1					160	3	400006	11.476063	0.0496	0.004322039709959766	0.43	2.74	2.25	iteration	3     400006  1.1476063E+01  4.96E-02    0.43    2.74    2.25
C_A06_S1_F1	fixed	A06_S1_F1	A06	F1	S1					163	4	600011	11.510892	0.0298	0.0025888523669581817	0.26	2.01	3.76	iteration	4     600011  1.1510892E+01  2.98E-02    0.26    2.01*   3.76
C_A06_S1_F1	fixed	A06_S1_F1	A06	F1	S1					165	4	600011	11.510892	0.0298	0.0025888523669581817	0.26	2.01	3.76	iteration	4     600011  1.1510892E+01  2.98E-02    0.26    2.01    3.76
C_A06_S1_F2	fixed	A06_S1_F2	A06	F2	S1					148	1	99986	12.39349	1.51	0.12183815858164246	12.17	38.48	3.11	iteration	1      99986  1.2393490E+01  1.51E+00   12.17   38.48*   3.11
C_A06_S1_F2	fixed	A06_S1_F2	A06	F2	S1					150	1	99986	12.39349	1.51	0.12183815858164246	12.17	38.48	3.11	iteration	1      99986  1.2393490E+01  1.51E+00   12.17   38.48    3.11
C_A06_S1_F2	fixed	A06_S1_F2	A06	F2	S1					153	2	200004	11.301535	0.144	0.012741631999546964	1.27	5.69	0.88	iteration	2     200004  1.1301535E+01  1.44E-01    1.27    5.69*   0.88
C_A06_S1_F2	fixed	A06_S1_F2	A06	F2	S1					155	2	200004	11.301535	0.144	0.012741631999546964	1.27	5.69	0.88	iteration	2     200004  1.1301535E+01  1.44E-01    1.27    5.69    0.88
C_A06_S1_F2	fixed	A06_S1_F2	A06	F2	S1					158	3	400006	11.476063	0.0496	0.004322039709959766	0.43	2.74	2.25	iteration	3     400006  1.1476063E+01  4.96E-02    0.43    2.74*   2.25
C_A06_S1_F2	fixed	A06_S1_F2	A06	F2	S1					160	3	400006	11.476063	0.0496	0.004322039709959766	0.43	2.74	2.25	iteration	3     400006  1.1476063E+01  4.96E-02    0.43    2.74    2.25
C_A06_S1_F2	fixed	A06_S1_F2	A06	F2	S1					163	4	1935714	11.497126	0.0164	0.001426443443344015	0.14	1.99	2.6	iteration	4    1935714  1.1497126E+01  1.64E-02    0.14    1.99*   2.60
C_A06_S1_F2	fixed	A06_S1_F2	A06	F2	S1					165	4	1935714	11.497126	0.0164	0.001426443443344015	0.14	1.99	2.6	iteration	4    1935714  1.1497126E+01  1.64E-02    0.14    1.99    2.60
P_A06_S2	adaptive	A06_S2	A06		S2					152	1	100000	11.587985	1.39	0.11995182941641709	11.99	37.93	3.32	iteration	1     100000  1.1587985E+01  1.39E+00   11.99   37.93*   3.32
P_A06_S2	adaptive	A06_S2	A06		S2					154	1	100000	11.587985	1.39	0.11995182941641709	11.99	37.93	3.32	iteration	1     100000  1.1587985E+01  1.39E+00   11.99   37.93    3.32
P_A06_S2	adaptive	A06_S2	A06		S2					156	2	199998	11.547167	0.138	0.011950983301791687	1.19	5.34	0.81	iteration	2     199998  1.1547167E+01  1.38E-01    1.19    5.34*   0.81
P_A06_S2	adaptive	A06_S2	A06		S2					158	2	199998	11.547167	0.138	0.011950983301791687	1.19	5.34	0.81	iteration	2     199998  1.1547167E+01  1.38E-01    1.19    5.34    0.81
P_A06_S2	adaptive	A06_S2	A06		S2					160	3	400008	11.532895	0.0458	0.003971249196320611	0.4	2.51	2.13	iteration	3     400008  1.1532895E+01  4.58E-02    0.40    2.51*   2.13
P_A06_S2	adaptive	A06_S2	A06		S2					162	3	400008	11.532895	0.0458	0.003971249196320611	0.4	2.51	2.13	iteration	3     400008  1.1532895E+01  4.58E-02    0.40    2.51    2.13
C_A06_S2_F0	fixed	A06_S2_F0	A06	F0	S2					148	1	100000	11.587985	1.39	0.11995182941641709	11.99	37.93	3.32	iteration	1     100000  1.1587985E+01  1.39E+00   11.99   37.93*   3.32
C_A06_S2_F0	fixed	A06_S2_F0	A06	F0	S2					150	1	100000	11.587985	1.39	0.11995182941641709	11.99	37.93	3.32	iteration	1     100000  1.1587985E+01  1.39E+00   11.99   37.93    3.32
C_A06_S2_F0	fixed	A06_S2_F0	A06	F0	S2					153	2	199998	11.547167	0.138	0.011950983301791687	1.19	5.34	0.81	iteration	2     199998  1.1547167E+01  1.38E-01    1.19    5.34*   0.81
C_A06_S2_F0	fixed	A06_S2_F0	A06	F0	S2					155	2	199998	11.547167	0.138	0.011950983301791687	1.19	5.34	0.81	iteration	2     199998  1.1547167E+01  1.38E-01    1.19    5.34    0.81
C_A06_S2_F0	fixed	A06_S2_F0	A06	F0	S2					158	3	400008	11.532895	0.0458	0.003971249196320611	0.4	2.51	2.13	iteration	3     400008  1.1532895E+01  4.58E-02    0.40    2.51*   2.13
C_A06_S2_F0	fixed	A06_S2_F0	A06	F0	S2					160	3	400008	11.532895	0.0458	0.003971249196320611	0.4	2.51	2.13	iteration	3     400008  1.1532895E+01  4.58E-02    0.40    2.51    2.13
C_A06_S2_F0	fixed	A06_S2_F0	A06	F0	S2					163	4	203611	11.474687	0.0484	0.0042179799762729914	0.42	1.9	5.55	iteration	4     203611  1.1474687E+01  4.84E-02    0.42    1.90*   5.55
C_A06_S2_F0	fixed	A06_S2_F0	A06	F0	S2					164	5	203611	11.536207	0.0487	0.004221491517966001	0.42	1.9	4.95	iteration	5     203611  1.1536207E+01  4.87E-02    0.42    1.90*   4.95
C_A06_S2_F0	fixed	A06_S2_F0	A06	F0	S2					165	6	203611	11.475984	0.0485	0.004226217115673915	0.42	1.91	5.04	iteration	6     203611  1.1475984E+01  4.85E-02    0.42    1.91    5.04
C_A06_S2_F0	fixed	A06_S2_F0	A06	F0	S2					167	6	610833	11.495508	0.028	0.0024357340275871237	0.24	1.9	5.04	aggregate	6     610833  1.1495508E+01  2.80E-02    0.24    1.90    5.04    0.52   3
C_A06_S2_F1	fixed	A06_S2_F1	A06	F1	S2					148	1	100000	11.587985	1.39	0.11995182941641709	11.99	37.93	3.32	iteration	1     100000  1.1587985E+01  1.39E+00   11.99   37.93*   3.32
C_A06_S2_F1	fixed	A06_S2_F1	A06	F1	S2					150	1	100000	11.587985	1.39	0.11995182941641709	11.99	37.93	3.32	iteration	1     100000  1.1587985E+01  1.39E+00   11.99   37.93    3.32
C_A06_S2_F1	fixed	A06_S2_F1	A06	F1	S2					153	2	199998	11.547167	0.138	0.011950983301791687	1.19	5.34	0.81	iteration	2     199998  1.1547167E+01  1.38E-01    1.19    5.34*   0.81
C_A06_S2_F1	fixed	A06_S2_F1	A06	F1	S2					155	2	199998	11.547167	0.138	0.011950983301791687	1.19	5.34	0.81	iteration	2     199998  1.1547167E+01  1.38E-01    1.19    5.34    0.81
C_A06_S2_F1	fixed	A06_S2_F1	A06	F1	S2					158	3	400008	11.532895	0.0458	0.003971249196320611	0.4	2.51	2.13	iteration	3     400008  1.1532895E+01  4.58E-02    0.40    2.51*   2.13
C_A06_S2_F1	fixed	A06_S2_F1	A06	F1	S2					160	3	400008	11.532895	0.0458	0.003971249196320611	0.4	2.51	2.13	iteration	3     400008  1.1532895E+01  4.58E-02    0.40    2.51    2.13
C_A06_S2_F1	fixed	A06_S2_F1	A06	F1	S2					163	4	600008	11.518418	0.0281	0.0024395711286046397	0.24	1.89	4.69	iteration	4     600008  1.1518418E+01  2.81E-02    0.24    1.89*   4.69
C_A06_S2_F1	fixed	A06_S2_F1	A06	F1	S2					165	4	600008	11.518418	0.0281	0.0024395711286046397	0.24	1.89	4.69	iteration	4     600008  1.1518418E+01  2.81E-02    0.24    1.89    4.69
C_A06_S2_F2	fixed	A06_S2_F2	A06	F2	S2					148	1	100000	11.587985	1.39	0.11995182941641709	11.99	37.93	3.32	iteration	1     100000  1.1587985E+01  1.39E+00   11.99   37.93*   3.32
C_A06_S2_F2	fixed	A06_S2_F2	A06	F2	S2					150	1	100000	11.587985	1.39	0.11995182941641709	11.99	37.93	3.32	iteration	1     100000  1.1587985E+01  1.39E+00   11.99   37.93    3.32
C_A06_S2_F2	fixed	A06_S2_F2	A06	F2	S2					153	2	199998	11.547167	0.138	0.011950983301791687	1.19	5.34	0.81	iteration	2     199998  1.1547167E+01  1.38E-01    1.19    5.34*   0.81
C_A06_S2_F2	fixed	A06_S2_F2	A06	F2	S2					155	2	199998	11.547167	0.138	0.011950983301791687	1.19	5.34	0.81	iteration	2     199998  1.1547167E+01  1.38E-01    1.19    5.34    0.81
C_A06_S2_F2	fixed	A06_S2_F2	A06	F2	S2					158	3	400008	11.532895	0.0458	0.003971249196320611	0.4	2.51	2.13	iteration	3     400008  1.1532895E+01  4.58E-02    0.40    2.51*   2.13
C_A06_S2_F2	fixed	A06_S2_F2	A06	F2	S2					160	3	400008	11.532895	0.0458	0.003971249196320611	0.4	2.51	2.13	iteration	3     400008  1.1532895E+01  4.58E-02    0.40    2.51    2.13
C_A06_S2_F2	fixed	A06_S2_F2	A06	F2	S2					163	4	1934695	11.482016	0.0154	0.001341227881932929	0.13	1.86	3.98	iteration	4    1934695  1.1482016E+01  1.54E-02    0.13    1.86*   3.98
C_A06_S2_F2	fixed	A06_S2_F2	A06	F2	S2					165	4	1934695	11.482016	0.0154	0.001341227881932929	0.13	1.86	3.98	iteration	4    1934695  1.1482016E+01  1.54E-02    0.13    1.86    3.98
P_A06_S3	adaptive	A06_S3	A06		S3					152	1	100010	10.341782	1.43	0.13827404213316427	13.85	43.8	3.35	iteration	1     100010  1.0341782E+01  1.43E+00   13.85   43.80*   3.35
P_A06_S3	adaptive	A06_S3	A06		S3					154	1	100010	10.341782	1.43	0.13827404213316427	13.85	43.8	3.35	iteration	1     100010  1.0341782E+01  1.43E+00   13.85   43.80    3.35
P_A06_S3	adaptive	A06_S3	A06		S3					156	2	199994	11.326075	0.149	0.013155484137267323	1.31	5.86	0.77	iteration	2     199994  1.1326075E+01  1.49E-01    1.31    5.86*   0.77
P_A06_S3	adaptive	A06_S3	A06		S3					158	2	199994	11.326075	0.149	0.013155484137267323	1.31	5.86	0.77	iteration	2     199994  1.1326075E+01  1.49E-01    1.31    5.86    0.77
P_A06_S3	adaptive	A06_S3	A06		S3					160	3	399999	11.559389	0.0467	0.004040005920728163	0.4	2.56	2.3	iteration	3     399999  1.1559389E+01  4.67E-02    0.40    2.56*   2.30
P_A06_S3	adaptive	A06_S3	A06		S3					162	3	399999	11.559389	0.0467	0.004040005920728163	0.4	2.56	2.3	iteration	3     399999  1.1559389E+01  4.67E-02    0.40    2.56    2.30
C_A06_S3_F0	fixed	A06_S3_F0	A06	F0	S3					148	1	100010	10.341782	1.43	0.13827404213316427	13.85	43.8	3.35	iteration	1     100010  1.0341782E+01  1.43E+00   13.85   43.80*   3.35
C_A06_S3_F0	fixed	A06_S3_F0	A06	F0	S3					150	1	100010	10.341782	1.43	0.13827404213316427	13.85	43.8	3.35	iteration	1     100010  1.0341782E+01  1.43E+00   13.85   43.80    3.35
C_A06_S3_F0	fixed	A06_S3_F0	A06	F0	S3					153	2	199994	11.326075	0.149	0.013155484137267323	1.31	5.86	0.77	iteration	2     199994  1.1326075E+01  1.49E-01    1.31    5.86*   0.77
C_A06_S3_F0	fixed	A06_S3_F0	A06	F0	S3					155	2	199994	11.326075	0.149	0.013155484137267323	1.31	5.86	0.77	iteration	2     199994  1.1326075E+01  1.49E-01    1.31    5.86    0.77
C_A06_S3_F0	fixed	A06_S3_F0	A06	F0	S3					158	3	399999	11.559389	0.0467	0.004040005920728163	0.4	2.56	2.3	iteration	3     399999  1.1559389E+01  4.67E-02    0.40    2.56*   2.30
C_A06_S3_F0	fixed	A06_S3_F0	A06	F0	S3					160	3	399999	11.559389	0.0467	0.004040005920728163	0.4	2.56	2.3	iteration	3     399999  1.1559389E+01  4.67E-02    0.40    2.56    2.30
C_A06_S3_F0	fixed	A06_S3_F0	A06	F0	S3					163	4	203572	11.526413	0.0481	0.0041730241663213005	0.42	1.88	4.54	iteration	4     203572  1.1526413E+01  4.81E-02    0.42    1.88*   4.54
C_A06_S3_F0	fixed	A06_S3_F0	A06	F0	S3					164	5	203572	11.495958	0.0479	0.004166681889408433	0.42	1.88	4.94	iteration	5     203572  1.1495958E+01  4.79E-02    0.42    1.88*   4.94
C_A06_S3_F0	fixed	A06_S3_F0	A06	F0	S3					165	6	203572	11.463155	0.0479	0.004178605279262122	0.42	1.88	4.28	iteration	6     203572  1.1463155E+01  4.79E-02    0.42    1.88    4.28
C_A06_S3_F0	fixed	A06_S3_F0	A06	F0	S3					167	6	610716	11.495068	0.0277	0.002409729111650318	0.24	1.88	4.28	aggregate	6     610716  1.1495068E+01  2.77E-02    0.24    1.88    4.28    0.43   3
C_A06_S3_F1	fixed	A06_S3_F1	A06	F1	S3					148	1	100010	10.341782	1.43	0.13827404213316427	13.85	43.8	3.35	iteration	1     100010  1.0341782E+01  1.43E+00   13.85   43.80*   3.35
C_A06_S3_F1	fixed	A06_S3_F1	A06	F1	S3					150	1	100010	10.341782	1.43	0.13827404213316427	13.85	43.8	3.35	iteration	1     100010  1.0341782E+01  1.43E+00   13.85   43.80    3.35
C_A06_S3_F1	fixed	A06_S3_F1	A06	F1	S3					153	2	199994	11.326075	0.149	0.013155484137267323	1.31	5.86	0.77	iteration	2     199994  1.1326075E+01  1.49E-01    1.31    5.86*   0.77
C_A06_S3_F1	fixed	A06_S3_F1	A06	F1	S3					155	2	199994	11.326075	0.149	0.013155484137267323	1.31	5.86	0.77	iteration	2     199994  1.1326075E+01  1.49E-01    1.31    5.86    0.77
C_A06_S3_F1	fixed	A06_S3_F1	A06	F1	S3					158	3	399999	11.559389	0.0467	0.004040005920728163	0.4	2.56	2.3	iteration	3     399999  1.1559389E+01  4.67E-02    0.40    2.56*   2.30
C_A06_S3_F1	fixed	A06_S3_F1	A06	F1	S3					160	3	399999	11.559389	0.0467	0.004040005920728163	0.4	2.56	2.3	iteration	3     399999  1.1559389E+01  4.67E-02    0.40    2.56    2.30
C_A06_S3_F1	fixed	A06_S3_F1	A06	F1	S3					163	4	600004	11.479957	0.0277	0.0024129010239324067	0.24	1.87	3.26	iteration	4     600004  1.1479957E+01  2.77E-02    0.24    1.87*   3.26
C_A06_S3_F1	fixed	A06_S3_F1	A06	F1	S3					165	4	600004	11.479957	0.0277	0.0024129010239324067	0.24	1.87	3.26	iteration	4     600004  1.1479957E+01  2.77E-02    0.24    1.87    3.26
C_A06_S3_F2	fixed	A06_S3_F2	A06	F2	S3					148	1	100010	10.341782	1.43	0.13827404213316427	13.85	43.8	3.35	iteration	1     100010  1.0341782E+01  1.43E+00   13.85   43.80*   3.35
C_A06_S3_F2	fixed	A06_S3_F2	A06	F2	S3					150	1	100010	10.341782	1.43	0.13827404213316427	13.85	43.8	3.35	iteration	1     100010  1.0341782E+01  1.43E+00   13.85   43.80    3.35
C_A06_S3_F2	fixed	A06_S3_F2	A06	F2	S3					153	2	199994	11.326075	0.149	0.013155484137267323	1.31	5.86	0.77	iteration	2     199994  1.1326075E+01  1.49E-01    1.31    5.86*   0.77
C_A06_S3_F2	fixed	A06_S3_F2	A06	F2	S3					155	2	199994	11.326075	0.149	0.013155484137267323	1.31	5.86	0.77	iteration	2     199994  1.1326075E+01  1.49E-01    1.31    5.86    0.77
C_A06_S3_F2	fixed	A06_S3_F2	A06	F2	S3					158	3	399999	11.559389	0.0467	0.004040005920728163	0.4	2.56	2.3	iteration	3     399999  1.1559389E+01  4.67E-02    0.40    2.56*   2.30
C_A06_S3_F2	fixed	A06_S3_F2	A06	F2	S3					160	3	399999	11.559389	0.0467	0.004040005920728163	0.4	2.56	2.3	iteration	3     399999  1.1559389E+01  4.67E-02    0.40    2.56    2.30
C_A06_S3_F2	fixed	A06_S3_F2	A06	F2	S3					163	4	1955729	11.496246	0.0151	0.0013134722412864166	0.13	1.84	3.07	iteration	4    1955729  1.1496246E+01  1.51E-02    0.13    1.84*   3.07
C_A06_S3_F2	fixed	A06_S3_F2	A06	F2	S3					165	4	1955729	11.496246	0.0151	0.0013134722412864166	0.13	1.84	3.07	iteration	4    1955729  1.1496246E+01  1.51E-02    0.13    1.84    3.07
P_A06_S4	adaptive	A06_S4	A06		S4					152	1	99995	11.72115	1.47	0.12541431514825763	12.51	39.55	3.79	iteration	1      99995  1.1721150E+01  1.47E+00   12.51   39.55*   3.79
P_A06_S4	adaptive	A06_S4	A06		S4					154	1	99995	11.72115	1.47	0.12541431514825763	12.51	39.55	3.79	iteration	1      99995  1.1721150E+01  1.47E+00   12.51   39.55    3.79
P_A06_S4	adaptive	A06_S4	A06		S4					156	2	199987	11.515933	0.126	0.010941362718939055	1.09	4.9	1.36	iteration	2     199987  1.1515933E+01  1.26E-01    1.09    4.90*   1.36
P_A06_S4	adaptive	A06_S4	A06		S4					158	2	199987	11.515933	0.126	0.010941362718939055	1.09	4.9	1.36	iteration	2     199987  1.1515933E+01  1.26E-01    1.09    4.90    1.36
P_A06_S4	adaptive	A06_S4	A06		S4					160	3	399995	11.465797	0.0463	0.004038096959156001	0.4	2.56	2.48	iteration	3     399995  1.1465797E+01  4.63E-02    0.40    2.56*   2.48
P_A06_S4	adaptive	A06_S4	A06		S4					162	3	399995	11.465797	0.0463	0.004038096959156001	0.4	2.56	2.48	iteration	3     399995  1.1465797E+01  4.63E-02    0.40    2.56    2.48
C_A06_S4_F0	fixed	A06_S4_F0	A06	F0	S4					148	1	99995	11.72115	1.47	0.12541431514825763	12.51	39.55	3.79	iteration	1      99995  1.1721150E+01  1.47E+00   12.51   39.55*   3.79
C_A06_S4_F0	fixed	A06_S4_F0	A06	F0	S4					150	1	99995	11.72115	1.47	0.12541431514825763	12.51	39.55	3.79	iteration	1      99995  1.1721150E+01  1.47E+00   12.51   39.55    3.79
C_A06_S4_F0	fixed	A06_S4_F0	A06	F0	S4					153	2	199987	11.515933	0.126	0.010941362718939055	1.09	4.9	1.36	iteration	2     199987  1.1515933E+01  1.26E-01    1.09    4.90*   1.36
C_A06_S4_F0	fixed	A06_S4_F0	A06	F0	S4					155	2	199987	11.515933	0.126	0.010941362718939055	1.09	4.9	1.36	iteration	2     199987  1.1515933E+01  1.26E-01    1.09    4.90    1.36
C_A06_S4_F0	fixed	A06_S4_F0	A06	F0	S4					158	3	399995	11.465797	0.0463	0.004038096959156001	0.4	2.56	2.48	iteration	3     399995  1.1465797E+01  4.63E-02    0.40    2.56*   2.48
C_A06_S4_F0	fixed	A06_S4_F0	A06	F0	S4					160	3	399995	11.465797	0.0463	0.004038096959156001	0.4	2.56	2.48	iteration	3     399995  1.1465797E+01  4.63E-02    0.40    2.56    2.48
C_A06_S4_F0	fixed	A06_S4_F0	A06	F0	S4					163	4	203551	11.421685	0.0506	0.004430169453981615	0.44	2.0	4.75	iteration	4     203551  1.1421685E+01  5.06E-02    0.44    2.00*   4.75
C_A06_S4_F0	fixed	A06_S4_F0	A06	F0	S4					164	5	203551	11.484574	0.051	0.004440739377882017	0.44	2.0	4.43	iteration	5     203551  1.1484574E+01  5.10E-02    0.44    2.00    4.43
C_A06_S4_F0	fixed	A06_S4_F0	A06	F0	S4					165	6	203551	11.50559	0.0507	0.004406553683904954	0.44	1.99	4.91	iteration	6     203551  1.1505590E+01  5.07E-02    0.44    1.99*   4.91
C_A06_S4_F0	fixed	A06_S4_F0	A06	F0	S4					167	6	610653	11.47052	0.0293	0.002554374169610445	0.26	2.0	4.91	aggregate	6     610653  1.1470520E+01  2.93E-02    0.26    2.00    4.91    0.74   3
C_A06_S4_F1	fixed	A06_S4_F1	A06	F1	S4					148	1	99995	11.72115	1.47	0.12541431514825763	12.51	39.55	3.79	iteration	1      99995  1.1721150E+01  1.47E+00   12.51   39.55*   3.79
C_A06_S4_F1	fixed	A06_S4_F1	A06	F1	S4					150	1	99995	11.72115	1.47	0.12541431514825763	12.51	39.55	3.79	iteration	1      99995  1.1721150E+01  1.47E+00   12.51   39.55    3.79
C_A06_S4_F1	fixed	A06_S4_F1	A06	F1	S4					153	2	199987	11.515933	0.126	0.010941362718939055	1.09	4.9	1.36	iteration	2     199987  1.1515933E+01  1.26E-01    1.09    4.90*   1.36
C_A06_S4_F1	fixed	A06_S4_F1	A06	F1	S4					155	2	199987	11.515933	0.126	0.010941362718939055	1.09	4.9	1.36	iteration	2     199987  1.1515933E+01  1.26E-01    1.09    4.90    1.36
C_A06_S4_F1	fixed	A06_S4_F1	A06	F1	S4					158	3	399995	11.465797	0.0463	0.004038096959156001	0.4	2.56	2.48	iteration	3     399995  1.1465797E+01  4.63E-02    0.40    2.56*   2.48
C_A06_S4_F1	fixed	A06_S4_F1	A06	F1	S4					160	3	399995	11.465797	0.0463	0.004038096959156001	0.4	2.56	2.48	iteration	3     399995  1.1465797E+01  4.63E-02    0.40    2.56    2.48
C_A06_S4_F1	fixed	A06_S4_F1	A06	F1	S4					163	4	599991	11.473038	0.0293	0.0025538135583617868	0.26	1.98	4.2	iteration	4     599991  1.1473038E+01  2.93E-02    0.26    1.98*   4.20
C_A06_S4_F1	fixed	A06_S4_F1	A06	F1	S4					165	4	599991	11.473038	0.0293	0.0025538135583617868	0.26	1.98	4.2	iteration	4     599991  1.1473038E+01  2.93E-02    0.26    1.98    4.20
C_A06_S4_F2	fixed	A06_S4_F2	A06	F2	S4					148	1	99995	11.72115	1.47	0.12541431514825763	12.51	39.55	3.79	iteration	1      99995  1.1721150E+01  1.47E+00   12.51   39.55*   3.79
C_A06_S4_F2	fixed	A06_S4_F2	A06	F2	S4					150	1	99995	11.72115	1.47	0.12541431514825763	12.51	39.55	3.79	iteration	1      99995  1.1721150E+01  1.47E+00   12.51   39.55    3.79
C_A06_S4_F2	fixed	A06_S4_F2	A06	F2	S4					153	2	199987	11.515933	0.126	0.010941362718939055	1.09	4.9	1.36	iteration	2     199987  1.1515933E+01  1.26E-01    1.09    4.90*   1.36
C_A06_S4_F2	fixed	A06_S4_F2	A06	F2	S4					155	2	199987	11.515933	0.126	0.010941362718939055	1.09	4.9	1.36	iteration	2     199987  1.1515933E+01  1.26E-01    1.09    4.90    1.36
C_A06_S4_F2	fixed	A06_S4_F2	A06	F2	S4					158	3	399995	11.465797	0.0463	0.004038096959156001	0.4	2.56	2.48	iteration	3     399995  1.1465797E+01  4.63E-02    0.40    2.56*   2.48
C_A06_S4_F2	fixed	A06_S4_F2	A06	F2	S4					160	3	399995	11.465797	0.0463	0.004038096959156001	0.4	2.56	2.48	iteration	3     399995  1.1465797E+01  4.63E-02    0.40    2.56    2.48
C_A06_S4_F2	fixed	A06_S4_F2	A06	F2	S4					163	4	1943579	11.490294	0.0162	0.0014098855956166134	0.14	1.97	3.21	iteration	4    1943579  1.1490294E+01  1.62E-02    0.14    1.97*   3.21
C_A06_S4_F2	fixed	A06_S4_F2	A06	F2	S4					165	4	1943579	11.490294	0.0162	0.0014098855956166134	0.14	1.97	3.21	iteration	4    1943579  1.1490294E+01  1.62E-02    0.14    1.97    3.21
P_A06_S5	adaptive	A06_S5	A06		S5					152	1	100001	12.286906	1.64	0.1334754249768005	13.38	42.3	3.44	iteration	1     100001  1.2286906E+01  1.64E+00   13.38   42.30*   3.44
P_A06_S5	adaptive	A06_S5	A06		S5					154	1	100001	12.286906	1.64	0.1334754249768005	13.38	42.3	3.44	iteration	1     100001  1.2286906E+01  1.64E+00   13.38   42.30    3.44
P_A06_S5	adaptive	A06_S5	A06		S5					156	2	200007	11.363118	0.129	0.01135251785645454	1.14	5.08	1.09	iteration	2     200007  1.1363118E+01  1.29E-01    1.14    5.08*   1.09
P_A06_S5	adaptive	A06_S5	A06		S5					158	2	200007	11.363118	0.129	0.01135251785645454	1.14	5.08	1.09	iteration	2     200007  1.1363118E+01  1.29E-01    1.14    5.08    1.09
P_A06_S5	adaptive	A06_S5	A06		S5					160	3	400012	11.521342	0.0469	0.004070706346534978	0.41	2.57	2.75	iteration	3     400012  1.1521342E+01  4.69E-02    0.41    2.57*   2.75
P_A06_S5	adaptive	A06_S5	A06		S5					162	3	400012	11.521342	0.0469	0.004070706346534978	0.41	2.57	2.75	iteration	3     400012  1.1521342E+01  4.69E-02    0.41    2.57    2.75
C_A06_S5_F0	fixed	A06_S5_F0	A06	F0	S5					148	1	100001	12.286906	1.64	0.1334754249768005	13.38	42.3	3.44	iteration	1     100001  1.2286906E+01  1.64E+00   13.38   42.30*   3.44
C_A06_S5_F0	fixed	A06_S5_F0	A06	F0	S5					150	1	100001	12.286906	1.64	0.1334754249768005	13.38	42.3	3.44	iteration	1     100001  1.2286906E+01  1.64E+00   13.38   42.30    3.44
C_A06_S5_F0	fixed	A06_S5_F0	A06	F0	S5					153	2	200007	11.363118	0.129	0.01135251785645454	1.14	5.08	1.09	iteration	2     200007  1.1363118E+01  1.29E-01    1.14    5.08*   1.09
C_A06_S5_F0	fixed	A06_S5_F0	A06	F0	S5					155	2	200007	11.363118	0.129	0.01135251785645454	1.14	5.08	1.09	iteration	2     200007  1.1363118E+01  1.29E-01    1.14    5.08    1.09
C_A06_S5_F0	fixed	A06_S5_F0	A06	F0	S5					158	3	400012	11.521342	0.0469	0.004070706346534978	0.41	2.57	2.75	iteration	3     400012  1.1521342E+01  4.69E-02    0.41    2.57*   2.75
C_A06_S5_F0	fixed	A06_S5_F0	A06	F0	S5					160	3	400012	11.521342	0.0469	0.004070706346534978	0.41	2.57	2.75	iteration	3     400012  1.1521342E+01  4.69E-02    0.41    2.57    2.75
C_A06_S5_F0	fixed	A06_S5_F0	A06	F0	S5					163	4	203580	11.471305	0.0501	0.004367419399972366	0.44	1.97	4.81	iteration	4     203580  1.1471305E+01  5.01E-02    0.44    1.97*   4.81
C_A06_S5_F0	fixed	A06_S5_F0	A06	F0	S5					164	5	203580	11.477306	0.0499	0.004347710168222403	0.43	1.96	5.01	iteration	5     203580  1.1477306E+01  4.99E-02    0.43    1.96*   5.01
C_A06_S5_F0	fixed	A06_S5_F0	A06	F0	S5					165	6	203580	11.439122	0.0499	0.004362222904869797	0.44	1.97	4.04	iteration	6     203580  1.1439122E+01  4.99E-02    0.44    1.97    4.04
C_A06_S5_F0	fixed	A06_S5_F0	A06	F0	S5					167	6	610740	11.462561	0.0288	0.0025125275232995487	0.25	1.97	4.04	aggregate	6     610740  1.1462561E+01  2.88E-02    0.25    1.97    4.04    0.17   3
C_A06_S5_F1	fixed	A06_S5_F1	A06	F1	S5					148	1	100001	12.286906	1.64	0.1334754249768005	13.38	42.3	3.44	iteration	1     100001  1.2286906E+01  1.64E+00   13.38   42.30*   3.44
C_A06_S5_F1	fixed	A06_S5_F1	A06	F1	S5					150	1	100001	12.286906	1.64	0.1334754249768005	13.38	42.3	3.44	iteration	1     100001  1.2286906E+01  1.64E+00   13.38   42.30    3.44
C_A06_S5_F1	fixed	A06_S5_F1	A06	F1	S5					153	2	200007	11.363118	0.129	0.01135251785645454	1.14	5.08	1.09	iteration	2     200007  1.1363118E+01  1.29E-01    1.14    5.08*   1.09
C_A06_S5_F1	fixed	A06_S5_F1	A06	F1	S5					155	2	200007	11.363118	0.129	0.01135251785645454	1.14	5.08	1.09	iteration	2     200007  1.1363118E+01  1.29E-01    1.14    5.08    1.09
C_A06_S5_F1	fixed	A06_S5_F1	A06	F1	S5					158	3	400012	11.521342	0.0469	0.004070706346534978	0.41	2.57	2.75	iteration	3     400012  1.1521342E+01  4.69E-02    0.41    2.57*   2.75
C_A06_S5_F1	fixed	A06_S5_F1	A06	F1	S5					160	3	400012	11.521342	0.0469	0.004070706346534978	0.41	2.57	2.75	iteration	3     400012  1.1521342E+01  4.69E-02    0.41    2.57    2.75
C_A06_S5_F1	fixed	A06_S5_F1	A06	F1	S5					163	4	600005	11.518124	0.029	0.0025177711231447065	0.25	1.95	4.23	iteration	4     600005  1.1518124E+01  2.90E-02    0.25    1.95*   4.23
C_A06_S5_F1	fixed	A06_S5_F1	A06	F1	S5					165	4	600005	11.518124	0.029	0.0025177711231447065	0.25	1.95	4.23	iteration	4     600005  1.1518124E+01  2.90E-02    0.25    1.95    4.23
C_A06_S5_F2	fixed	A06_S5_F2	A06	F2	S5					148	1	100001	12.286906	1.64	0.1334754249768005	13.38	42.3	3.44	iteration	1     100001  1.2286906E+01  1.64E+00   13.38   42.30*   3.44
C_A06_S5_F2	fixed	A06_S5_F2	A06	F2	S5					150	1	100001	12.286906	1.64	0.1334754249768005	13.38	42.3	3.44	iteration	1     100001  1.2286906E+01  1.64E+00   13.38   42.30    3.44
C_A06_S5_F2	fixed	A06_S5_F2	A06	F2	S5					153	2	200007	11.363118	0.129	0.01135251785645454	1.14	5.08	1.09	iteration	2     200007  1.1363118E+01  1.29E-01    1.14    5.08*   1.09
C_A06_S5_F2	fixed	A06_S5_F2	A06	F2	S5					155	2	200007	11.363118	0.129	0.01135251785645454	1.14	5.08	1.09	iteration	2     200007  1.1363118E+01  1.29E-01    1.14    5.08    1.09
C_A06_S5_F2	fixed	A06_S5_F2	A06	F2	S5					158	3	400012	11.521342	0.0469	0.004070706346534978	0.41	2.57	2.75	iteration	3     400012  1.1521342E+01  4.69E-02    0.41    2.57*   2.75
C_A06_S5_F2	fixed	A06_S5_F2	A06	F2	S5					160	3	400012	11.521342	0.0469	0.004070706346534978	0.41	2.57	2.75	iteration	3     400012  1.1521342E+01  4.69E-02    0.41    2.57    2.75
C_A06_S5_F2	fixed	A06_S5_F2	A06	F2	S5					163	4	1962196	11.497403	0.0158	0.0013742233789665371	0.14	1.93	2.9	iteration	4    1962196  1.1497403E+01  1.58E-02    0.14    1.93*   2.90
C_A06_S5_F2	fixed	A06_S5_F2	A06	F2	S5					165	4	1962196	11.497403	0.0158	0.0013742233789665371	0.14	1.93	2.9	iteration	4    1962196  1.1497403E+01  1.58E-02    0.14    1.93    2.90
P_A06_S6	adaptive	A06_S6	A06		S6					152	1	99990	11.412462	1.36	0.1191679762000522	11.88	37.55	3.63	iteration	1      99990  1.1412462E+01  1.36E+00   11.88   37.55*   3.63
P_A06_S6	adaptive	A06_S6	A06		S6					154	1	99990	11.412462	1.36	0.1191679762000522	11.88	37.55	3.63	iteration	1      99990  1.1412462E+01  1.36E+00   11.88   37.55    3.63
P_A06_S6	adaptive	A06_S6	A06		S6					156	2	199998	11.56896	0.142	0.01227422343927198	1.23	5.48	0.88	iteration	2     199998  1.1568960E+01  1.42E-01    1.23    5.48*   0.88
P_A06_S6	adaptive	A06_S6	A06		S6					158	2	199998	11.56896	0.142	0.01227422343927198	1.23	5.48	0.88	iteration	2     199998  1.1568960E+01  1.42E-01    1.23    5.48    0.88
P_A06_S6	adaptive	A06_S6	A06		S6					160	3	400002	11.515101	0.0458	0.003977385869216431	0.4	2.51	2.31	iteration	3     400002  1.1515101E+01  4.58E-02    0.40    2.51*   2.31
P_A06_S6	adaptive	A06_S6	A06		S6					162	3	400002	11.515101	0.0458	0.003977385869216431	0.4	2.51	2.31	iteration	3     400002  1.1515101E+01  4.58E-02    0.40    2.51    2.31
C_A06_S6_F0	fixed	A06_S6_F0	A06	F0	S6					148	1	99990	11.412462	1.36	0.1191679762000522	11.88	37.55	3.63	iteration	1      99990  1.1412462E+01  1.36E+00   11.88   37.55*   3.63
C_A06_S6_F0	fixed	A06_S6_F0	A06	F0	S6					150	1	99990	11.412462	1.36	0.1191679762000522	11.88	37.55	3.63	iteration	1      99990  1.1412462E+01  1.36E+00   11.88   37.55    3.63
C_A06_S6_F0	fixed	A06_S6_F0	A06	F0	S6					153	2	199998	11.56896	0.142	0.01227422343927198	1.23	5.48	0.88	iteration	2     199998  1.1568960E+01  1.42E-01    1.23    5.48*   0.88
C_A06_S6_F0	fixed	A06_S6_F0	A06	F0	S6					155	2	199998	11.56896	0.142	0.01227422343927198	1.23	5.48	0.88	iteration	2     199998  1.1568960E+01  1.42E-01    1.23    5.48    0.88
C_A06_S6_F0	fixed	A06_S6_F0	A06	F0	S6					158	3	400002	11.515101	0.0458	0.003977385869216431	0.4	2.51	2.31	iteration	3     400002  1.1515101E+01  4.58E-02    0.40    2.51*   2.31
C_A06_S6_F0	fixed	A06_S6_F0	A06	F0	S6					160	3	400002	11.515101	0.0458	0.003977385869216431	0.4	2.51	2.31	iteration	3     400002  1.1515101E+01  4.58E-02    0.40    2.51    2.31
C_A06_S6_F0	fixed	A06_S6_F0	A06	F0	S6					163	4	203636	11.547626	0.0496	0.0042952551459494795	0.43	1.94	5.43	iteration	4     203636  1.1547626E+01  4.96E-02    0.43    1.94*   5.43
C_A06_S6_F0	fixed	A06_S6_F0	A06	F0	S6					164	5	203636	11.534283	0.0494	0.004282884337067159	0.43	1.93	5.45	iteration	5     203636  1.1534283E+01  4.94E-02    0.43    1.93*   5.45
C_A06_S6_F0	fixed	A06_S6_F0	A06	F0	S6					165	6	203636	11.403353	0.0488	0.004279443072576988	0.43	1.93	5.68	iteration	6     203636  1.1403353E+01  4.88E-02    0.43    1.93*   5.68
C_A06_S6_F0	fixed	A06_S6_F0	A06	F0	S6					167	6	610908	11.494244	0.0285	0.0024795019141754778	0.25	1.93	5.68	aggregate	6     610908  1.1494244E+01  2.85E-02    0.25    1.93    5.68    2.64   3
C_A06_S6_F1	fixed	A06_S6_F1	A06	F1	S6					148	1	99990	11.412462	1.36	0.1191679762000522	11.88	37.55	3.63	iteration	1      99990  1.1412462E+01  1.36E+00   11.88   37.55*   3.63
C_A06_S6_F1	fixed	A06_S6_F1	A06	F1	S6					150	1	99990	11.412462	1.36	0.1191679762000522	11.88	37.55	3.63	iteration	1      99990  1.1412462E+01  1.36E+00   11.88   37.55    3.63
C_A06_S6_F1	fixed	A06_S6_F1	A06	F1	S6					153	2	199998	11.56896	0.142	0.01227422343927198	1.23	5.48	0.88	iteration	2     199998  1.1568960E+01  1.42E-01    1.23    5.48*   0.88
C_A06_S6_F1	fixed	A06_S6_F1	A06	F1	S6					155	2	199998	11.56896	0.142	0.01227422343927198	1.23	5.48	0.88	iteration	2     199998  1.1568960E+01  1.42E-01    1.23    5.48    0.88
C_A06_S6_F1	fixed	A06_S6_F1	A06	F1	S6					158	3	400002	11.515101	0.0458	0.003977385869216431	0.4	2.51	2.31	iteration	3     400002  1.1515101E+01  4.58E-02    0.40    2.51*   2.31
C_A06_S6_F1	fixed	A06_S6_F1	A06	F1	S6					160	3	400002	11.515101	0.0458	0.003977385869216431	0.4	2.51	2.31	iteration	3     400002  1.1515101E+01  4.58E-02    0.40    2.51    2.31
C_A06_S6_F1	fixed	A06_S6_F1	A06	F1	S6					163	4	600015	11.510625	0.0285	0.002475973285551393	0.25	1.92	4.77	iteration	4     600015  1.1510625E+01  2.85E-02    0.25    1.92*   4.77
C_A06_S6_F1	fixed	A06_S6_F1	A06	F1	S6					165	4	600015	11.510625	0.0285	0.002475973285551393	0.25	1.92	4.77	iteration	4     600015  1.1510625E+01  2.85E-02    0.25    1.92    4.77
C_A06_S6_F2	fixed	A06_S6_F2	A06	F2	S6					148	1	99990	11.412462	1.36	0.1191679762000522	11.88	37.55	3.63	iteration	1      99990  1.1412462E+01  1.36E+00   11.88   37.55*   3.63
C_A06_S6_F2	fixed	A06_S6_F2	A06	F2	S6					150	1	99990	11.412462	1.36	0.1191679762000522	11.88	37.55	3.63	iteration	1      99990  1.1412462E+01  1.36E+00   11.88   37.55    3.63
C_A06_S6_F2	fixed	A06_S6_F2	A06	F2	S6					153	2	199998	11.56896	0.142	0.01227422343927198	1.23	5.48	0.88	iteration	2     199998  1.1568960E+01  1.42E-01    1.23    5.48*   0.88
C_A06_S6_F2	fixed	A06_S6_F2	A06	F2	S6					155	2	199998	11.56896	0.142	0.01227422343927198	1.23	5.48	0.88	iteration	2     199998  1.1568960E+01  1.42E-01    1.23    5.48    0.88
C_A06_S6_F2	fixed	A06_S6_F2	A06	F2	S6					158	3	400002	11.515101	0.0458	0.003977385869216431	0.4	2.51	2.31	iteration	3     400002  1.1515101E+01  4.58E-02    0.40    2.51*   2.31
C_A06_S6_F2	fixed	A06_S6_F2	A06	F2	S6					160	3	400002	11.515101	0.0458	0.003977385869216431	0.4	2.51	2.31	iteration	3     400002  1.1515101E+01  4.58E-02    0.40    2.51    2.31
C_A06_S6_F2	fixed	A06_S6_F2	A06	F2	S6					163	4	1914463	11.485549	0.0158	0.0013756416867839753	0.14	1.9	3.73	iteration	4    1914463  1.1485549E+01  1.58E-02    0.14    1.90*   3.73
C_A06_S6_F2	fixed	A06_S6_F2	A06	F2	S6					165	4	1914463	11.485549	0.0158	0.0013756416867839753	0.14	1.9	3.73	iteration	4    1914463  1.1485549E+01  1.58E-02    0.14    1.90    3.73
P_A06_S7	adaptive	A06_S7	A06		S7					152	1	99986	13.531981	1.6	0.11823841609000191	11.82	37.39	3.12	iteration	1      99986  1.3531981E+01  1.60E+00   11.82   37.39*   3.12
P_A06_S7	adaptive	A06_S7	A06		S7					154	1	99986	13.531981	1.6	0.11823841609000191	11.82	37.39	3.12	iteration	1      99986  1.3531981E+01  1.60E+00   11.82   37.39    3.12
P_A06_S7	adaptive	A06_S7	A06		S7					156	2	200007	11.50701	0.135	0.011731979028435712	1.17	5.24	0.97	iteration	2     200007  1.1507010E+01  1.35E-01    1.17    5.24*   0.97
P_A06_S7	adaptive	A06_S7	A06		S7					158	2	200007	11.50701	0.135	0.011731979028435712	1.17	5.24	0.97	iteration	2     200007  1.1507010E+01  1.35E-01    1.17    5.24    0.97
P_A06_S7	adaptive	A06_S7	A06		S7					160	3	400003	11.447899	0.0471	0.00411429206354808	0.41	2.6	2.39	iteration	3     400003  1.1447899E+01  4.71E-02    0.41    2.60*   2.39
P_A06_S7	adaptive	A06_S7	A06		S7					162	3	400003	11.447899	0.0471	0.00411429206354808	0.41	2.6	2.39	iteration	3     400003  1.1447899E+01  4.71E-02    0.41    2.60    2.39
C_A06_S7_F0	fixed	A06_S7_F0	A06	F0	S7					148	1	99986	13.531981	1.6	0.11823841609000191	11.82	37.39	3.12	iteration	1      99986  1.3531981E+01  1.60E+00   11.82   37.39*   3.12
C_A06_S7_F0	fixed	A06_S7_F0	A06	F0	S7					150	1	99986	13.531981	1.6	0.11823841609000191	11.82	37.39	3.12	iteration	1      99986  1.3531981E+01  1.60E+00   11.82   37.39    3.12
C_A06_S7_F0	fixed	A06_S7_F0	A06	F0	S7					153	2	200007	11.50701	0.135	0.011731979028435712	1.17	5.24	0.97	iteration	2     200007  1.1507010E+01  1.35E-01    1.17    5.24*   0.97
C_A06_S7_F0	fixed	A06_S7_F0	A06	F0	S7					155	2	200007	11.50701	0.135	0.011731979028435712	1.17	5.24	0.97	iteration	2     200007  1.1507010E+01  1.35E-01    1.17    5.24    0.97
C_A06_S7_F0	fixed	A06_S7_F0	A06	F0	S7					158	3	400003	11.447899	0.0471	0.00411429206354808	0.41	2.6	2.39	iteration	3     400003  1.1447899E+01  4.71E-02    0.41    2.60*   2.39
C_A06_S7_F0	fixed	A06_S7_F0	A06	F0	S7					160	3	400003	11.447899	0.0471	0.00411429206354808	0.41	2.6	2.39	iteration	3     400003  1.1447899E+01  4.71E-02    0.41    2.60    2.39
C_A06_S7_F0	fixed	A06_S7_F0	A06	F0	S7					163	4	203610	11.494631	0.0512	0.00445425346842365	0.45	2.01	4.45	iteration	4     203610  1.1494631E+01  5.12E-02    0.45    2.01*   4.45
C_A06_S7_F0	fixed	A06_S7_F0	A06	F0	S7					164	5	203610	11.38684	0.0506	0.004443726266461986	0.44	2.01	4.28	iteration	5     203610  1.1386840E+01  5.06E-02    0.44    2.01*   4.28
C_A06_S7_F0	fixed	A06_S7_F0	A06	F0	S7					165	6	203610	11.527609	0.0511	0.004432835985328788	0.44	2.0	4.78	iteration	6     203610  1.1527609E+01  5.11E-02    0.44    2.00*   4.78
C_A06_S7_F0	fixed	A06_S7_F0	A06	F0	S7					167	6	610830	11.46916	0.0294	0.0025633960987552704	0.26	2.01	4.78	aggregate	6     610830  1.1469160E+01  2.94E-02    0.26    2.01    4.78    2.10   3
C_A06_S7_F1	fixed	A06_S7_F1	A06	F1	S7					148	1	99986	13.531981	1.6	0.11823841609000191	11.82	37.39	3.12	iteration	1      99986  1.3531981E+01  1.60E+00   11.82   37.39*   3.12
C_A06_S7_F1	fixed	A06_S7_F1	A06	F1	S7					150	1	99986	13.531981	1.6	0.11823841609000191	11.82	37.39	3.12	iteration	1      99986  1.3531981E+01  1.60E+00   11.82   37.39    3.12
C_A06_S7_F1	fixed	A06_S7_F1	A06	F1	S7					153	2	200007	11.50701	0.135	0.011731979028435712	1.17	5.24	0.97	iteration	2     200007  1.1507010E+01  1.35E-01    1.17    5.24*   0.97
C_A06_S7_F1	fixed	A06_S7_F1	A06	F1	S7					155	2	200007	11.50701	0.135	0.011731979028435712	1.17	5.24	0.97	iteration	2     200007  1.1507010E+01  1.35E-01    1.17    5.24    0.97
C_A06_S7_F1	fixed	A06_S7_F1	A06	F1	S7					158	3	400003	11.447899	0.0471	0.00411429206354808	0.41	2.6	2.39	iteration	3     400003  1.1447899E+01  4.71E-02    0.41    2.60*   2.39
C_A06_S7_F1	fixed	A06_S7_F1	A06	F1	S7					160	3	400003	11.447899	0.0471	0.00411429206354808	0.41	2.6	2.39	iteration	3     400003  1.1447899E+01  4.71E-02    0.41    2.60    2.39
C_A06_S7_F1	fixed	A06_S7_F1	A06	F1	S7					163	4	600003	11.496999	0.0296	0.0025745848981982167	0.26	1.99	3.9	iteration	4     600003  1.1496999E+01  2.96E-02    0.26    1.99*   3.90
C_A06_S7_F1	fixed	A06_S7_F1	A06	F1	S7					165	4	600003	11.496999	0.0296	0.0025745848981982167	0.26	1.99	3.9	iteration	4     600003  1.1496999E+01  2.96E-02    0.26    1.99    3.90
C_A06_S7_F2	fixed	A06_S7_F2	A06	F2	S7					148	1	99986	13.531981	1.6	0.11823841609000191	11.82	37.39	3.12	iteration	1      99986  1.3531981E+01  1.60E+00   11.82   37.39*   3.12
C_A06_S7_F2	fixed	A06_S7_F2	A06	F2	S7					150	1	99986	13.531981	1.6	0.11823841609000191	11.82	37.39	3.12	iteration	1      99986  1.3531981E+01  1.60E+00   11.82   37.39    3.12
C_A06_S7_F2	fixed	A06_S7_F2	A06	F2	S7					153	2	200007	11.50701	0.135	0.011731979028435712	1.17	5.24	0.97	iteration	2     200007  1.1507010E+01  1.35E-01    1.17    5.24*   0.97
C_A06_S7_F2	fixed	A06_S7_F2	A06	F2	S7					155	2	200007	11.50701	0.135	0.011731979028435712	1.17	5.24	0.97	iteration	2     200007  1.1507010E+01  1.35E-01    1.17    5.24    0.97
C_A06_S7_F2	fixed	A06_S7_F2	A06	F2	S7					158	3	400003	11.447899	0.0471	0.00411429206354808	0.41	2.6	2.39	iteration	3     400003  1.1447899E+01  4.71E-02    0.41    2.60*   2.39
C_A06_S7_F2	fixed	A06_S7_F2	A06	F2	S7					160	3	400003	11.447899	0.0471	0.00411429206354808	0.41	2.6	2.39	iteration	3     400003  1.1447899E+01  4.71E-02    0.41    2.60    2.39
C_A06_S7_F2	fixed	A06_S7_F2	A06	F2	S7					163	4	1984124	11.499232	0.016	0.0013913972689654406	0.14	1.96	3.31	iteration	4    1984124  1.1499232E+01  1.60E-02    0.14    1.96*   3.31
C_A06_S7_F2	fixed	A06_S7_F2	A06	F2	S7					165	4	1984124	11.499232	0.016	0.0013913972689654406	0.14	1.96	3.31	iteration	4    1984124  1.1499232E+01  1.60E-02    0.14    1.96    3.31
P_A07_S0	adaptive	A07_S0	A07		S0					152	1	99998	12.575489	1.52	0.12087005125605851	12.11	38.3	3.01	iteration	1      99998  1.2575489E+01  1.52E+00   12.11   38.30*   3.01
P_A07_S0	adaptive	A07_S0	A07		S0					153	2	99991	11.494885	0.227	0.01974791396347158	1.97	6.24	0.75	iteration	2      99991  1.1494885E+01  2.27E-01    1.97    6.24*   0.75
P_A07_S0	adaptive	A07_S0	A07		S0					154	3	100010	11.581815	0.0995	0.008591054165517236	0.86	2.72	2.96	iteration	3     100010  1.1581815E+01  9.95E-02    0.86    2.72*   2.96
P_A07_S0	adaptive	A07_S0	A07		S0					155	4	100003	11.49424	0.0712	0.0061944069377357705	0.62	1.96	5.71	iteration	4     100003  1.1494240E+01  7.12E-02    0.62    1.96*   5.71
P_A07_S0	adaptive	A07_S0	A07		S0					156	5	100000	11.510578	0.0623	0.0054124128258372425	0.54	1.71	7.09	iteration	5     100000  1.1510578E+01  6.23E-02    0.54    1.71*   7.09
P_A07_S0	adaptive	A07_S0	A07		S0					157	6	100000	11.446996	0.0571	0.004988208260053554	0.5	1.58	6.63	iteration	6     100000  1.1446996E+01  5.71E-02    0.50    1.58*   6.63
P_A07_S0	adaptive	A07_S0	A07		S0					158	7	100001	11.485072	0.0547	0.004762704143256568	0.48	1.51	7.77	iteration	7     100001  1.1485072E+01  5.47E-02    0.48    1.51*   7.77
P_A07_S0	adaptive	A07_S0	A07		S0					159	8	99997	11.442935	0.053	0.004631678848127687	0.46	1.47	8.55	iteration	8      99997  1.1442935E+01  5.30E-02    0.46    1.47*   8.55
P_A07_S0	adaptive	A07_S0	A07		S0					160	9	100000	11.498255	0.053	0.004609395077774844	0.46	1.46	8.29	iteration	9     100000  1.1498255E+01  5.30E-02    0.46    1.46*   8.29
P_A07_S0	adaptive	A07_S0	A07		S0					161	10	100000	11.502876	0.0525	0.004564075975434317	0.46	1.44	8.56	iteration	10     100000  1.1502876E+01  5.25E-02    0.46    1.44*   8.56
P_A07_S0	adaptive	A07_S0	A07		S0					163	10	1000000	11.48652	0.0209	0.001819524103035558	0.18	1.82	8.56	aggregate	10    1000000  1.1486520E+01  2.09E-02    0.18    1.82    8.56    0.32  10
C_A07_S0_F0	fixed	A07_S0_F0	A07	F0	S0					148	1	99998	12.575489	1.52	0.12087005125605851	12.11	38.3	3.01	iteration	1      99998  1.2575489E+01  1.52E+00   12.11   38.30*   3.01
C_A07_S0_F0	fixed	A07_S0_F0	A07	F0	S0					149	2	99991	11.494885	0.227	0.01974791396347158	1.97	6.24	0.75	iteration	2      99991  1.1494885E+01  2.27E-01    1.97    6.24*   0.75
C_A07_S0_F0	fixed	A07_S0_F0	A07	F0	S0					150	3	100010	11.581815	0.0995	0.008591054165517236	0.86	2.72	2.96	iteration	3     100010  1.1581815E+01  9.95E-02    0.86    2.72*   2.96
C_A07_S0_F0	fixed	A07_S0_F0	A07	F0	S0					151	4	100003	11.49424	0.0712	0.0061944069377357705	0.62	1.96	5.71	iteration	4     100003  1.1494240E+01  7.12E-02    0.62    1.96*   5.71
C_A07_S0_F0	fixed	A07_S0_F0	A07	F0	S0					152	5	100000	11.510578	0.0623	0.0054124128258372425	0.54	1.71	7.09	iteration	5     100000  1.1510578E+01  6.23E-02    0.54    1.71*   7.09
C_A07_S0_F0	fixed	A07_S0_F0	A07	F0	S0					153	6	100000	11.446996	0.0571	0.004988208260053554	0.5	1.58	6.63	iteration	6     100000  1.1446996E+01  5.71E-02    0.50    1.58*   6.63
C_A07_S0_F0	fixed	A07_S0_F0	A07	F0	S0					154	7	100001	11.485072	0.0547	0.004762704143256568	0.48	1.51	7.77	iteration	7     100001  1.1485072E+01  5.47E-02    0.48    1.51*   7.77
C_A07_S0_F0	fixed	A07_S0_F0	A07	F0	S0					155	8	99997	11.442935	0.053	0.004631678848127687	0.46	1.47	8.55	iteration	8      99997  1.1442935E+01  5.30E-02    0.46    1.47*   8.55
C_A07_S0_F0	fixed	A07_S0_F0	A07	F0	S0					156	9	100000	11.498255	0.053	0.004609395077774844	0.46	1.46	8.29	iteration	9     100000  1.1498255E+01  5.30E-02    0.46    1.46*   8.29
C_A07_S0_F0	fixed	A07_S0_F0	A07	F0	S0					157	10	100000	11.502876	0.0525	0.004564075975434317	0.46	1.44	8.56	iteration	10     100000  1.1502876E+01  5.25E-02    0.46    1.44*   8.56
C_A07_S0_F0	fixed	A07_S0_F0	A07	F0	S0					159	10	1000000	11.48652	0.0209	0.001819524103035558	0.18	1.82	8.56	aggregate	10    1000000  1.1486520E+01  2.09E-02    0.18    1.82    8.56    0.32  10
C_A07_S0_F0	fixed	A07_S0_F0	A07	F0	S0					162	11	200007	11.478122	0.0371	0.003232236074856148	0.32	1.45	7.33	iteration	11     200007  1.1478122E+01  3.71E-02    0.32    1.45    7.33
C_A07_S0_F0	fixed	A07_S0_F0	A07	F0	S0					163	12	200007	11.440362	0.0373	0.0032603863409217293	0.33	1.46	6.48	iteration	12     200007  1.1440362E+01  3.73E-02    0.33    1.46    6.48
C_A07_S0_F0	fixed	A07_S0_F0	A07	F0	S0					164	13	200007	11.542674	0.0373	0.0032314869154235837	0.32	1.45	7.49	iteration	13     200007  1.1542674E+01  3.73E-02    0.32    1.45*   7.49
C_A07_S0_F0	fixed	A07_S0_F0	A07	F0	S0					166	13	600021	11.487035	0.0215	0.001871675327880519	0.19	1.45	7.49	aggregate	13     600021  1.1487035E+01  2.15E-02    0.19    1.45    7.49    1.92   3
C_A07_S0_F1	fixed	A07_S0_F1	A07	F1	S0					148	1	99998	12.575489	1.52	0.12087005125605851	12.11	38.3	3.01	iteration	1      99998  1.2575489E+01  1.52E+00   12.11   38.30*   3.01
C_A07_S0_F1	fixed	A07_S0_F1	A07	F1	S0					149	2	99991	11.494885	0.227	0.01974791396347158	1.97	6.24	0.75	iteration	2      99991  1.1494885E+01  2.27E-01    1.97    6.24*   0.75
C_A07_S0_F1	fixed	A07_S0_F1	A07	F1	S0					150	3	100010	11.581815	0.0995	0.008591054165517236	0.86	2.72	2.96	iteration	3     100010  1.1581815E+01  9.95E-02    0.86    2.72*   2.96
C_A07_S0_F1	fixed	A07_S0_F1	A07	F1	S0					151	4	100003	11.49424	0.0712	0.0061944069377357705	0.62	1.96	5.71	iteration	4     100003  1.1494240E+01  7.12E-02    0.62    1.96*   5.71
C_A07_S0_F1	fixed	A07_S0_F1	A07	F1	S0					152	5	100000	11.510578	0.0623	0.0054124128258372425	0.54	1.71	7.09	iteration	5     100000  1.1510578E+01  6.23E-02    0.54    1.71*   7.09
C_A07_S0_F1	fixed	A07_S0_F1	A07	F1	S0					153	6	100000	11.446996	0.0571	0.004988208260053554	0.5	1.58	6.63	iteration	6     100000  1.1446996E+01  5.71E-02    0.50    1.58*   6.63
C_A07_S0_F1	fixed	A07_S0_F1	A07	F1	S0					154	7	100001	11.485072	0.0547	0.004762704143256568	0.48	1.51	7.77	iteration	7     100001  1.1485072E+01  5.47E-02    0.48    1.51*   7.77
C_A07_S0_F1	fixed	A07_S0_F1	A07	F1	S0					155	8	99997	11.442935	0.053	0.004631678848127687	0.46	1.47	8.55	iteration	8      99997  1.1442935E+01  5.30E-02    0.46    1.47*   8.55
C_A07_S0_F1	fixed	A07_S0_F1	A07	F1	S0					156	9	100000	11.498255	0.053	0.004609395077774844	0.46	1.46	8.29	iteration	9     100000  1.1498255E+01  5.30E-02    0.46    1.46*   8.29
C_A07_S0_F1	fixed	A07_S0_F1	A07	F1	S0					157	10	100000	11.502876	0.0525	0.004564075975434317	0.46	1.44	8.56	iteration	10     100000  1.1502876E+01  5.25E-02    0.46    1.44*   8.56
C_A07_S0_F1	fixed	A07_S0_F1	A07	F1	S0					159	10	1000000	11.48652	0.0209	0.001819524103035558	0.18	1.82	8.56	aggregate	10    1000000  1.1486520E+01  2.09E-02    0.18    1.82    8.56    0.32  10
C_A07_S0_F1	fixed	A07_S0_F1	A07	F1	S0					162	11	600000	11.50635	0.0215	0.0018685334619579622	0.19	1.45	5.86	iteration	11     600000  1.1506350E+01  2.15E-02    0.19    1.45    5.86
C_A07_S0_F1	fixed	A07_S0_F1	A07	F1	S0					164	11	600000	11.50635	0.0215	0.0018685334619579622	0.19	1.45	5.86	iteration	11     600000  1.1506350E+01  2.15E-02    0.19    1.45    5.86
C_A07_S0_F2	fixed	A07_S0_F2	A07	F2	S0					148	1	99998	12.575489	1.52	0.12087005125605851	12.11	38.3	3.01	iteration	1      99998  1.2575489E+01  1.52E+00   12.11   38.30*   3.01
C_A07_S0_F2	fixed	A07_S0_F2	A07	F2	S0					149	2	99991	11.494885	0.227	0.01974791396347158	1.97	6.24	0.75	iteration	2      99991  1.1494885E+01  2.27E-01    1.97    6.24*   0.75
C_A07_S0_F2	fixed	A07_S0_F2	A07	F2	S0					150	3	100010	11.581815	0.0995	0.008591054165517236	0.86	2.72	2.96	iteration	3     100010  1.1581815E+01  9.95E-02    0.86    2.72*   2.96
C_A07_S0_F2	fixed	A07_S0_F2	A07	F2	S0					151	4	100003	11.49424	0.0712	0.0061944069377357705	0.62	1.96	5.71	iteration	4     100003  1.1494240E+01  7.12E-02    0.62    1.96*   5.71
C_A07_S0_F2	fixed	A07_S0_F2	A07	F2	S0					152	5	100000	11.510578	0.0623	0.0054124128258372425	0.54	1.71	7.09	iteration	5     100000  1.1510578E+01  6.23E-02    0.54    1.71*   7.09
C_A07_S0_F2	fixed	A07_S0_F2	A07	F2	S0					153	6	100000	11.446996	0.0571	0.004988208260053554	0.5	1.58	6.63	iteration	6     100000  1.1446996E+01  5.71E-02    0.50    1.58*   6.63
C_A07_S0_F2	fixed	A07_S0_F2	A07	F2	S0					154	7	100001	11.485072	0.0547	0.004762704143256568	0.48	1.51	7.77	iteration	7     100001  1.1485072E+01  5.47E-02    0.48    1.51*   7.77
C_A07_S0_F2	fixed	A07_S0_F2	A07	F2	S0					155	8	99997	11.442935	0.053	0.004631678848127687	0.46	1.47	8.55	iteration	8      99997  1.1442935E+01  5.30E-02    0.46    1.47*   8.55
C_A07_S0_F2	fixed	A07_S0_F2	A07	F2	S0					156	9	100000	11.498255	0.053	0.004609395077774844	0.46	1.46	8.29	iteration	9     100000  1.1498255E+01  5.30E-02    0.46    1.46*   8.29
C_A07_S0_F2	fixed	A07_S0_F2	A07	F2	S0					157	10	100000	11.502876	0.0525	0.004564075975434317	0.46	1.44	8.56	iteration	10     100000  1.1502876E+01  5.25E-02    0.46    1.44*   8.56
C_A07_S0_F2	fixed	A07_S0_F2	A07	F2	S0					159	10	1000000	11.48652	0.0209	0.001819524103035558	0.18	1.82	8.56	aggregate	10    1000000  1.1486520E+01  2.09E-02    0.18    1.82    8.56    0.32  10
C_A07_S0_F2	fixed	A07_S0_F2	A07	F2	S0					162	11	1996854	11.487225	0.0117	0.0010185227502725854	0.1	1.44	4.94	iteration	11    1996854  1.1487225E+01  1.17E-02    0.10    1.44*   4.94
C_A07_S0_F2	fixed	A07_S0_F2	A07	F2	S0					164	11	1996854	11.487225	0.0117	0.0010185227502725854	0.1	1.44	4.94	iteration	11    1996854  1.1487225E+01  1.17E-02    0.10    1.44    4.94
C_A07_S0_F3	fixed	A07_S0_F3	A07	F3	S0					148	1	99998	12.575489	1.52	0.12087005125605851	12.11	38.3	3.01	iteration	1      99998  1.2575489E+01  1.52E+00   12.11   38.30*   3.01
C_A07_S0_F3	fixed	A07_S0_F3	A07	F3	S0					149	2	99991	11.494885	0.227	0.01974791396347158	1.97	6.24	0.75	iteration	2      99991  1.1494885E+01  2.27E-01    1.97    6.24*   0.75
C_A07_S0_F3	fixed	A07_S0_F3	A07	F3	S0					150	3	100010	11.581815	0.0995	0.008591054165517236	0.86	2.72	2.96	iteration	3     100010  1.1581815E+01  9.95E-02    0.86    2.72*   2.96
C_A07_S0_F3	fixed	A07_S0_F3	A07	F3	S0					151	4	100003	11.49424	0.0712	0.0061944069377357705	0.62	1.96	5.71	iteration	4     100003  1.1494240E+01  7.12E-02    0.62    1.96*   5.71
C_A07_S0_F3	fixed	A07_S0_F3	A07	F3	S0					152	5	100000	11.510578	0.0623	0.0054124128258372425	0.54	1.71	7.09	iteration	5     100000  1.1510578E+01  6.23E-02    0.54    1.71*   7.09
C_A07_S0_F3	fixed	A07_S0_F3	A07	F3	S0					153	6	100000	11.446996	0.0571	0.004988208260053554	0.5	1.58	6.63	iteration	6     100000  1.1446996E+01  5.71E-02    0.50    1.58*   6.63
C_A07_S0_F3	fixed	A07_S0_F3	A07	F3	S0					154	7	100001	11.485072	0.0547	0.004762704143256568	0.48	1.51	7.77	iteration	7     100001  1.1485072E+01  5.47E-02    0.48    1.51*   7.77
C_A07_S0_F3	fixed	A07_S0_F3	A07	F3	S0					155	8	99997	11.442935	0.053	0.004631678848127687	0.46	1.47	8.55	iteration	8      99997  1.1442935E+01  5.30E-02    0.46    1.47*   8.55
C_A07_S0_F3	fixed	A07_S0_F3	A07	F3	S0					156	9	100000	11.498255	0.053	0.004609395077774844	0.46	1.46	8.29	iteration	9     100000  1.1498255E+01  5.30E-02    0.46    1.46*   8.29
C_A07_S0_F3	fixed	A07_S0_F3	A07	F3	S0					157	10	100000	11.502876	0.0525	0.004564075975434317	0.46	1.44	8.56	iteration	10     100000  1.1502876E+01  5.25E-02    0.46    1.44*   8.56
C_A07_S0_F3	fixed	A07_S0_F3	A07	F3	S0					159	10	1000000	11.48652	0.0209	0.001819524103035558	0.18	1.82	8.56	aggregate	10    1000000  1.1486520E+01  2.09E-02    0.18    1.82    8.56    0.32  10
C_A07_S0_F3	fixed	A07_S0_F3	A07	F3	S0					162	11	200007	11.478122	0.0371	0.003232236074856148	0.32	1.45	7.33	iteration	11     200007  1.1478122E+01  3.71E-02    0.32    1.45    7.33
C_A07_S0_F3	fixed	A07_S0_F3	A07	F3	S0					163	12	200007	11.440362	0.0373	0.0032603863409217293	0.33	1.46	6.48	iteration	12     200007  1.1440362E+01  3.73E-02    0.33    1.46    6.48
C_A07_S0_F3	fixed	A07_S0_F3	A07	F3	S0					164	13	200007	11.542674	0.0373	0.0032314869154235837	0.32	1.45	7.49	iteration	13     200007  1.1542674E+01  3.73E-02    0.32    1.45*   7.49
C_A07_S0_F3	fixed	A07_S0_F3	A07	F3	S0					165	14	200007	11.536988	0.0372	0.0032244117788802415	0.32	1.44	8.05	iteration	14     200007  1.1536988E+01  3.72E-02    0.32    1.44*   8.05
C_A07_S0_F3	fixed	A07_S0_F3	A07	F3	S0					166	15	200007	11.51656	0.0371	0.0032214480712990687	0.32	1.44	7.57	iteration	15     200007  1.1516560E+01  3.71E-02    0.32    1.44*   7.57
C_A07_S0_F3	fixed	A07_S0_F3	A07	F3	S0					167	16	200007	11.566689	0.0374	0.003233423151603713	0.32	1.45	6.93	iteration	16     200007  1.1566689E+01  3.74E-02    0.32    1.45    6.93
C_A07_S0_F3	fixed	A07_S0_F3	A07	F3	S0					168	17	200007	11.515247	0.0373	0.0032391836666638587	0.32	1.45	7.26	iteration	17     200007  1.1515247E+01  3.73E-02    0.32    1.45    7.26
C_A07_S0_F3	fixed	A07_S0_F3	A07	F3	S0					169	18	200007	11.541847	0.0375	0.0032490467080355506	0.32	1.45	7.23	iteration	18     200007  1.1541847E+01  3.75E-02    0.32    1.45    7.23
C_A07_S0_F3	fixed	A07_S0_F3	A07	F3	S0					170	19	200007	11.455768	0.037	0.003229814011596603	0.32	1.44	7.82	iteration	19     200007  1.1455768E+01  3.70E-02    0.32    1.44*   7.82
C_A07_S0_F3	fixed	A07_S0_F3	A07	F3	S0					171	20	200007	11.544267	0.0374	0.0032397033090104384	0.32	1.45	7.46	iteration	20     200007  1.1544267E+01  3.74E-02    0.32    1.45    7.46
C_A07_S0_F3	fixed	A07_S0_F3	A07	F3	S0					173	20	2000070	11.513669	0.0118	0.001024868788567745	0.1	1.45	7.46	aggregate	20    2000070  1.1513669E+01  1.18E-02    0.10    1.45    7.46    1.27  10
P_A07_S1	adaptive	A07_S1	A07		S1					152	1	99986	12.39349	1.51	0.12183815858164246	12.17	38.48	3.11	iteration	1      99986  1.2393490E+01  1.51E+00   12.17   38.48*   3.11
P_A07_S1	adaptive	A07_S1	A07		S1					153	2	100003	11.492653	0.211	0.018359555448163273	1.83	5.79	1.07	iteration	2     100003  1.1492653E+01  2.11E-01    1.83    5.79*   1.07
P_A07_S1	adaptive	A07_S1	A07		S1					154	3	100001	11.407556	0.101	0.0088537807747777	0.88	2.8	3.46	iteration	3     100001  1.1407556E+01  1.01E-01    0.88    2.80*   3.46
P_A07_S1	adaptive	A07_S1	A07		S1					155	4	100010	11.366971	0.0753	0.006624456066616165	0.66	2.1	4.46	iteration	4     100010  1.1366971E+01  7.53E-02    0.66    2.10*   4.46
P_A07_S1	adaptive	A07_S1	A07		S1					156	5	99995	11.45308	0.0649	0.0056665979806305375	0.57	1.79	5.77	iteration	5      99995  1.1453080E+01  6.49E-02    0.57    1.79*   5.77
P_A07_S1	adaptive	A07_S1	A07		S1					157	6	99998	11.526154	0.06	0.005205552519947244	0.52	1.65	7.49	iteration	6      99998  1.1526154E+01  6.00E-02    0.52    1.65*   7.49
P_A07_S1	adaptive	A07_S1	A07		S1					158	7	100001	11.506875	0.0573	0.004979631741893433	0.5	1.58	7.93	iteration	7     100001  1.1506875E+01  5.73E-02    0.50    1.58*   7.93
P_A07_S1	adaptive	A07_S1	A07		S1					159	8	99998	11.506821	0.0553	0.004805845159145171	0.48	1.52	8.24	iteration	8      99998  1.1506821E+01  5.53E-02    0.48    1.52*   8.24
P_A07_S1	adaptive	A07_S1	A07		S1					160	9	99997	11.559822	0.0551	0.004766509380507762	0.48	1.51	7.82	iteration	9      99997  1.1559822E+01  5.51E-02    0.48    1.51*   7.82
P_A07_S1	adaptive	A07_S1	A07		S1					161	10	100002	11.571229	0.0545	0.0047099577754445955	0.47	1.49	7.74	iteration	10     100002  1.1571229E+01  5.45E-02    0.47    1.49*   7.74
P_A07_S1	adaptive	A07_S1	A07		S1					163	10	999991	11.505618	0.0218	0.0018947265587993623	0.19	1.89	7.74	aggregate	10     999991  1.1505618E+01  2.18E-02    0.19    1.89    7.74    0.88  10
C_A07_S1_F0	fixed	A07_S1_F0	A07	F0	S1					148	1	99986	12.39349	1.51	0.12183815858164246	12.17	38.48	3.11	iteration	1      99986  1.2393490E+01  1.51E+00   12.17   38.48*   3.11
C_A07_S1_F0	fixed	A07_S1_F0	A07	F0	S1					149	2	100003	11.492653	0.211	0.018359555448163273	1.83	5.79	1.07	iteration	2     100003  1.1492653E+01  2.11E-01    1.83    5.79*   1.07
C_A07_S1_F0	fixed	A07_S1_F0	A07	F0	S1					150	3	100001	11.407556	0.101	0.0088537807747777	0.88	2.8	3.46	iteration	3     100001  1.1407556E+01  1.01E-01    0.88    2.80*   3.46
C_A07_S1_F0	fixed	A07_S1_F0	A07	F0	S1					151	4	100010	11.366971	0.0753	0.006624456066616165	0.66	2.1	4.46	iteration	4     100010  1.1366971E+01  7.53E-02    0.66    2.10*   4.46
C_A07_S1_F0	fixed	A07_S1_F0	A07	F0	S1					152	5	99995	11.45308	0.0649	0.0056665979806305375	0.57	1.79	5.77	iteration	5      99995  1.1453080E+01  6.49E-02    0.57    1.79*   5.77
C_A07_S1_F0	fixed	A07_S1_F0	A07	F0	S1					153	6	99998	11.526154	0.06	0.005205552519947244	0.52	1.65	7.49	iteration	6      99998  1.1526154E+01  6.00E-02    0.52    1.65*   7.49
C_A07_S1_F0	fixed	A07_S1_F0	A07	F0	S1					154	7	100001	11.506875	0.0573	0.004979631741893433	0.5	1.58	7.93	iteration	7     100001  1.1506875E+01  5.73E-02    0.50    1.58*   7.93
C_A07_S1_F0	fixed	A07_S1_F0	A07	F0	S1					155	8	99998	11.506821	0.0553	0.004805845159145171	0.48	1.52	8.24	iteration	8      99998  1.1506821E+01  5.53E-02    0.48    1.52*   8.24
C_A07_S1_F0	fixed	A07_S1_F0	A07	F0	S1					156	9	99997	11.559822	0.0551	0.004766509380507762	0.48	1.51	7.82	iteration	9      99997  1.1559822E+01  5.51E-02    0.48    1.51*   7.82
C_A07_S1_F0	fixed	A07_S1_F0	A07	F0	S1					157	10	100002	11.571229	0.0545	0.0047099577754445955	0.47	1.49	7.74	iteration	10     100002  1.1571229E+01  5.45E-02    0.47    1.49*   7.74
C_A07_S1_F0	fixed	A07_S1_F0	A07	F0	S1					159	10	999991	11.505618	0.0218	0.0018947265587993623	0.19	1.89	7.74	aggregate	10     999991  1.1505618E+01  2.18E-02    0.19    1.89    7.74    0.88  10
C_A07_S1_F0	fixed	A07_S1_F0	A07	F0	S1					162	11	200002	11.480076	0.0378	0.003292661128724235	0.33	1.47	7.69	iteration	11     200002  1.1480076E+01  3.78E-02    0.33    1.47*   7.69
C_A07_S1_F0	fixed	A07_S1_F0	A07	F0	S1					163	12	200002	11.483735	0.0378	0.0032916120060241727	0.33	1.47	7.99	iteration	12     200002  1.1483735E+01  3.78E-02    0.33    1.47    7.99
C_A07_S1_F0	fixed	A07_S1_F0	A07	F0	S1					164	13	200002	11.548156	0.038	0.003290568641435048	0.33	1.47	8.12	iteration	13     200002  1.1548156E+01  3.80E-02    0.33    1.47*   8.12
C_A07_S1_F0	fixed	A07_S1_F0	A07	F0	S1					166	13	600006	11.503852	0.0219	0.00190371016595137	0.19	1.47	8.12	aggregate	13     600006  1.1503852E+01  2.19E-02    0.19    1.47    8.12    1.02   3
C_A07_S1_F1	fixed	A07_S1_F1	A07	F1	S1					148	1	99986	12.39349	1.51	0.12183815858164246	12.17	38.48	3.11	iteration	1      99986  1.2393490E+01  1.51E+00   12.17   38.48*   3.11
C_A07_S1_F1	fixed	A07_S1_F1	A07	F1	S1					149	2	100003	11.492653	0.211	0.018359555448163273	1.83	5.79	1.07	iteration	2     100003  1.1492653E+01  2.11E-01    1.83    5.79*   1.07
C_A07_S1_F1	fixed	A07_S1_F1	A07	F1	S1					150	3	100001	11.407556	0.101	0.0088537807747777	0.88	2.8	3.46	iteration	3     100001  1.1407556E+01  1.01E-01    0.88    2.80*   3.46
C_A07_S1_F1	fixed	A07_S1_F1	A07	F1	S1					151	4	100010	11.366971	0.0753	0.006624456066616165	0.66	2.1	4.46	iteration	4     100010  1.1366971E+01  7.53E-02    0.66    2.10*   4.46
C_A07_S1_F1	fixed	A07_S1_F1	A07	F1	S1					152	5	99995	11.45308	0.0649	0.0056665979806305375	0.57	1.79	5.77	iteration	5      99995  1.1453080E+01  6.49E-02    0.57    1.79*   5.77
C_A07_S1_F1	fixed	A07_S1_F1	A07	F1	S1					153	6	99998	11.526154	0.06	0.005205552519947244	0.52	1.65	7.49	iteration	6      99998  1.1526154E+01  6.00E-02    0.52    1.65*   7.49
C_A07_S1_F1	fixed	A07_S1_F1	A07	F1	S1					154	7	100001	11.506875	0.0573	0.004979631741893433	0.5	1.58	7.93	iteration	7     100001  1.1506875E+01  5.73E-02    0.50    1.58*   7.93
C_A07_S1_F1	fixed	A07_S1_F1	A07	F1	S1					155	8	99998	11.506821	0.0553	0.004805845159145171	0.48	1.52	8.24	iteration	8      99998  1.1506821E+01  5.53E-02    0.48    1.52*   8.24
C_A07_S1_F1	fixed	A07_S1_F1	A07	F1	S1					156	9	99997	11.559822	0.0551	0.004766509380507762	0.48	1.51	7.82	iteration	9      99997  1.1559822E+01  5.51E-02    0.48    1.51*   7.82
C_A07_S1_F1	fixed	A07_S1_F1	A07	F1	S1					157	10	100002	11.571229	0.0545	0.0047099577754445955	0.47	1.49	7.74	iteration	10     100002  1.1571229E+01  5.45E-02    0.47    1.49*   7.74
C_A07_S1_F1	fixed	A07_S1_F1	A07	F1	S1					159	10	999991	11.505618	0.0218	0.0018947265587993623	0.19	1.89	7.74	aggregate	10     999991  1.1505618E+01  2.18E-02    0.19    1.89    7.74    0.88  10
C_A07_S1_F1	fixed	A07_S1_F1	A07	F1	S1					162	11	599996	11.477379	0.0218	0.0018993883533862564	0.19	1.47	6.16	iteration	11     599996  1.1477379E+01  2.18E-02    0.19    1.47*   6.16
C_A07_S1_F1	fixed	A07_S1_F1	A07	F1	S1					164	11	599996	11.477379	0.0218	0.0018993883533862564	0.19	1.47	6.16	iteration	11     599996  1.1477379E+01  2.18E-02    0.19    1.47    6.16
C_A07_S1_F2	fixed	A07_S1_F2	A07	F2	S1					148	1	99986	12.39349	1.51	0.12183815858164246	12.17	38.48	3.11	iteration	1      99986  1.2393490E+01  1.51E+00   12.17   38.48*   3.11
C_A07_S1_F2	fixed	A07_S1_F2	A07	F2	S1					149	2	100003	11.492653	0.211	0.018359555448163273	1.83	5.79	1.07	iteration	2     100003  1.1492653E+01  2.11E-01    1.83    5.79*   1.07
C_A07_S1_F2	fixed	A07_S1_F2	A07	F2	S1					150	3	100001	11.407556	0.101	0.0088537807747777	0.88	2.8	3.46	iteration	3     100001  1.1407556E+01  1.01E-01    0.88    2.80*   3.46
C_A07_S1_F2	fixed	A07_S1_F2	A07	F2	S1					151	4	100010	11.366971	0.0753	0.006624456066616165	0.66	2.1	4.46	iteration	4     100010  1.1366971E+01  7.53E-02    0.66    2.10*   4.46
C_A07_S1_F2	fixed	A07_S1_F2	A07	F2	S1					152	5	99995	11.45308	0.0649	0.0056665979806305375	0.57	1.79	5.77	iteration	5      99995  1.1453080E+01  6.49E-02    0.57    1.79*   5.77
C_A07_S1_F2	fixed	A07_S1_F2	A07	F2	S1					153	6	99998	11.526154	0.06	0.005205552519947244	0.52	1.65	7.49	iteration	6      99998  1.1526154E+01  6.00E-02    0.52    1.65*   7.49
C_A07_S1_F2	fixed	A07_S1_F2	A07	F2	S1					154	7	100001	11.506875	0.0573	0.004979631741893433	0.5	1.58	7.93	iteration	7     100001  1.1506875E+01  5.73E-02    0.50    1.58*   7.93
C_A07_S1_F2	fixed	A07_S1_F2	A07	F2	S1					155	8	99998	11.506821	0.0553	0.004805845159145171	0.48	1.52	8.24	iteration	8      99998  1.1506821E+01  5.53E-02    0.48    1.52*   8.24
C_A07_S1_F2	fixed	A07_S1_F2	A07	F2	S1					156	9	99997	11.559822	0.0551	0.004766509380507762	0.48	1.51	7.82	iteration	9      99997  1.1559822E+01  5.51E-02    0.48    1.51*   7.82
C_A07_S1_F2	fixed	A07_S1_F2	A07	F2	S1					157	10	100002	11.571229	0.0545	0.0047099577754445955	0.47	1.49	7.74	iteration	10     100002  1.1571229E+01  5.45E-02    0.47    1.49*   7.74
C_A07_S1_F2	fixed	A07_S1_F2	A07	F2	S1					159	10	999991	11.505618	0.0218	0.0018947265587993623	0.19	1.89	7.74	aggregate	10     999991  1.1505618E+01  2.18E-02    0.19    1.89    7.74    0.88  10
C_A07_S1_F2	fixed	A07_S1_F2	A07	F2	S1					162	11	1991440	11.478365	0.0119	0.0010367330190318917	0.1	1.47	5.24	iteration	11    1991440  1.1478365E+01  1.19E-02    0.10    1.47*   5.24
C_A07_S1_F2	fixed	A07_S1_F2	A07	F2	S1					164	11	1991440	11.478365	0.0119	0.0010367330190318917	0.1	1.47	5.24	iteration	11    1991440  1.1478365E+01  1.19E-02    0.10    1.47    5.24
C_A07_S1_F3	fixed	A07_S1_F3	A07	F3	S1					148	1	99986	12.39349	1.51	0.12183815858164246	12.17	38.48	3.11	iteration	1      99986  1.2393490E+01  1.51E+00   12.17   38.48*   3.11
C_A07_S1_F3	fixed	A07_S1_F3	A07	F3	S1					149	2	100003	11.492653	0.211	0.018359555448163273	1.83	5.79	1.07	iteration	2     100003  1.1492653E+01  2.11E-01    1.83    5.79*   1.07
C_A07_S1_F3	fixed	A07_S1_F3	A07	F3	S1					150	3	100001	11.407556	0.101	0.0088537807747777	0.88	2.8	3.46	iteration	3     100001  1.1407556E+01  1.01E-01    0.88    2.80*   3.46
C_A07_S1_F3	fixed	A07_S1_F3	A07	F3	S1					151	4	100010	11.366971	0.0753	0.006624456066616165	0.66	2.1	4.46	iteration	4     100010  1.1366971E+01  7.53E-02    0.66    2.10*   4.46
C_A07_S1_F3	fixed	A07_S1_F3	A07	F3	S1					152	5	99995	11.45308	0.0649	0.0056665979806305375	0.57	1.79	5.77	iteration	5      99995  1.1453080E+01  6.49E-02    0.57    1.79*   5.77
C_A07_S1_F3	fixed	A07_S1_F3	A07	F3	S1					153	6	99998	11.526154	0.06	0.005205552519947244	0.52	1.65	7.49	iteration	6      99998  1.1526154E+01  6.00E-02    0.52    1.65*   7.49
C_A07_S1_F3	fixed	A07_S1_F3	A07	F3	S1					154	7	100001	11.506875	0.0573	0.004979631741893433	0.5	1.58	7.93	iteration	7     100001  1.1506875E+01  5.73E-02    0.50    1.58*   7.93
C_A07_S1_F3	fixed	A07_S1_F3	A07	F3	S1					155	8	99998	11.506821	0.0553	0.004805845159145171	0.48	1.52	8.24	iteration	8      99998  1.1506821E+01  5.53E-02    0.48    1.52*   8.24
C_A07_S1_F3	fixed	A07_S1_F3	A07	F3	S1					156	9	99997	11.559822	0.0551	0.004766509380507762	0.48	1.51	7.82	iteration	9      99997  1.1559822E+01  5.51E-02    0.48    1.51*   7.82
C_A07_S1_F3	fixed	A07_S1_F3	A07	F3	S1					157	10	100002	11.571229	0.0545	0.0047099577754445955	0.47	1.49	7.74	iteration	10     100002  1.1571229E+01  5.45E-02    0.47    1.49*   7.74
C_A07_S1_F3	fixed	A07_S1_F3	A07	F3	S1					159	10	999991	11.505618	0.0218	0.0018947265587993623	0.19	1.89	7.74	aggregate	10     999991  1.1505618E+01  2.18E-02    0.19    1.89    7.74    0.88  10
C_A07_S1_F3	fixed	A07_S1_F3	A07	F3	S1					162	11	200002	11.480076	0.0378	0.003292661128724235	0.33	1.47	7.69	iteration	11     200002  1.1480076E+01  3.78E-02    0.33    1.47*   7.69
C_A07_S1_F3	fixed	A07_S1_F3	A07	F3	S1					163	12	200002	11.483735	0.0378	0.0032916120060241727	0.33	1.47	7.99	iteration	12     200002  1.1483735E+01  3.78E-02    0.33    1.47    7.99
C_A07_S1_F3	fixed	A07_S1_F3	A07	F3	S1					164	13	200002	11.548156	0.038	0.003290568641435048	0.33	1.47	8.12	iteration	13     200002  1.1548156E+01  3.80E-02    0.33    1.47*   8.12
C_A07_S1_F3	fixed	A07_S1_F3	A07	F3	S1					165	14	200002	11.485421	0.0379	0.003299835504506104	0.33	1.47	7.47	iteration	14     200002  1.1485421E+01  3.79E-02    0.33    1.47    7.47
C_A07_S1_F3	fixed	A07_S1_F3	A07	F3	S1					166	15	200002	11.432361	0.0377	0.003297656538312602	0.33	1.48	7.71	iteration	15     200002  1.1432361E+01  3.77E-02    0.33    1.48    7.71
C_A07_S1_F3	fixed	A07_S1_F3	A07	F3	S1					167	16	200002	11.549404	0.038	0.003290213070735079	0.33	1.47	7.44	iteration	16     200002  1.1549404E+01  3.80E-02    0.33    1.47*   7.44
C_A07_S1_F3	fixed	A07_S1_F3	A07	F3	S1					168	17	200002	11.422269	0.0378	0.003309324968620508	0.33	1.48	7.1	iteration	17     200002  1.1422269E+01  3.78E-02    0.33    1.48    7.10
C_A07_S1_F3	fixed	A07_S1_F3	A07	F3	S1					169	18	200002	11.434647	0.0377	0.003296997275036125	0.33	1.47	7.58	iteration	18     200002  1.1434647E+01  3.77E-02    0.33    1.47*   7.58
C_A07_S1_F3	fixed	A07_S1_F3	A07	F3	S1					170	19	200002	11.494523	0.0379	0.0032972225119737466	0.33	1.47	7.78	iteration	19     200002  1.1494523E+01  3.79E-02    0.33    1.47*   7.78
C_A07_S1_F3	fixed	A07_S1_F3	A07	F3	S1					171	20	200002	11.437473	0.0377	0.00329618264454045	0.33	1.47	7.21	iteration	20     200002  1.1437473E+01  3.77E-02    0.33    1.47    7.21
C_A07_S1_F3	fixed	A07_S1_F3	A07	F3	S1					173	20	2000020	11.476588	0.012	0.0010456069347440197	0.1	1.47	7.21	aggregate	20    2000020  1.1476588E+01  1.20E-02    0.10    1.47    7.21    1.48  10
P_A07_S2	adaptive	A07_S2	A07		S2					152	1	100000	11.587985	1.39	0.11995182941641709	11.99	37.93	3.32	iteration	1     100000  1.1587985E+01  1.39E+00   11.99   37.93*   3.32
P_A07_S2	adaptive	A07_S2	A07		S2					153	2	99999	11.728766	0.201	0.01713735272747363	1.71	5.42	0.97	iteration	2      99999  1.1728766E+01  2.01E-01    1.71    5.42*   0.97
P_A07_S2	adaptive	A07_S2	A07		S2					154	3	100001	11.586902	0.0934	0.008060825922235296	0.81	2.55	3.36	iteration	3     100001  1.1586902E+01  9.34E-02    0.81    2.55*   3.36
P_A07_S2	adaptive	A07_S2	A07		S2					155	4	99999	11.554162	0.0709	0.006136316939298584	0.61	1.94	5.57	iteration	4      99999  1.1554162E+01  7.09E-02    0.61    1.94*   5.57
P_A07_S2	adaptive	A07_S2	A07		S2					156	5	100006	11.513701	0.0633	0.0054977977975978354	0.55	1.74	5.91	iteration	5     100006  1.1513701E+01  6.33E-02    0.55    1.74*   5.91
P_A07_S2	adaptive	A07_S2	A07		S2					157	6	99995	11.483995	0.0584	0.0050853383339160285	0.51	1.61	6.33	iteration	6      99995  1.1483995E+01  5.84E-02    0.51    1.61*   6.33
P_A07_S2	adaptive	A07_S2	A07		S2					158	7	99999	11.473354	0.0561	0.004889590262794994	0.49	1.55	6.47	iteration	7      99999  1.1473354E+01  5.61E-02    0.49    1.55*   6.47
P_A07_S2	adaptive	A07_S2	A07		S2					159	8	99997	11.611991	0.055	0.004736483175021407	0.47	1.5	9.22	iteration	8      99997  1.1611991E+01  5.50E-02    0.47    1.50*   9.22
P_A07_S2	adaptive	A07_S2	A07		S2					160	9	100002	11.454331	0.054	0.004714373977842966	0.47	1.49	7.89	iteration	9     100002  1.1454331E+01  5.40E-02    0.47    1.49*   7.89
P_A07_S2	adaptive	A07_S2	A07		S2					161	10	100002	11.505206	0.0537	0.004667452282036497	0.47	1.48	7.68	iteration	10     100002  1.1505206E+01  5.37E-02    0.47    1.48*   7.68
P_A07_S2	adaptive	A07_S2	A07		S2					163	10	1000000	11.517962	0.0212	0.0018406033984137123	0.18	1.84	7.68	aggregate	10    1000000  1.1517962E+01  2.12E-02    0.18    1.84    7.68    0.81  10
C_A07_S2_F0	fixed	A07_S2_F0	A07	F0	S2					148	1	100000	11.587985	1.39	0.11995182941641709	11.99	37.93	3.32	iteration	1     100000  1.1587985E+01  1.39E+00   11.99   37.93*   3.32
C_A07_S2_F0	fixed	A07_S2_F0	A07	F0	S2					149	2	99999	11.728766	0.201	0.01713735272747363	1.71	5.42	0.97	iteration	2      99999  1.1728766E+01  2.01E-01    1.71    5.42*   0.97
C_A07_S2_F0	fixed	A07_S2_F0	A07	F0	S2					150	3	100001	11.586902	0.0934	0.008060825922235296	0.81	2.55	3.36	iteration	3     100001  1.1586902E+01  9.34E-02    0.81    2.55*   3.36
C_A07_S2_F0	fixed	A07_S2_F0	A07	F0	S2					151	4	99999	11.554162	0.0709	0.006136316939298584	0.61	1.94	5.57	iteration	4      99999  1.1554162E+01  7.09E-02    0.61    1.94*   5.57
C_A07_S2_F0	fixed	A07_S2_F0	A07	F0	S2					152	5	100006	11.513701	0.0633	0.0054977977975978354	0.55	1.74	5.91	iteration	5     100006  1.1513701E+01  6.33E-02    0.55    1.74*   5.91
C_A07_S2_F0	fixed	A07_S2_F0	A07	F0	S2					153	6	99995	11.483995	0.0584	0.0050853383339160285	0.51	1.61	6.33	iteration	6      99995  1.1483995E+01  5.84E-02    0.51    1.61*   6.33
C_A07_S2_F0	fixed	A07_S2_F0	A07	F0	S2					154	7	99999	11.473354	0.0561	0.004889590262794994	0.49	1.55	6.47	iteration	7      99999  1.1473354E+01  5.61E-02    0.49    1.55*   6.47
C_A07_S2_F0	fixed	A07_S2_F0	A07	F0	S2					155	8	99997	11.611991	0.055	0.004736483175021407	0.47	1.5	9.22	iteration	8      99997  1.1611991E+01  5.50E-02    0.47    1.50*   9.22
C_A07_S2_F0	fixed	A07_S2_F0	A07	F0	S2					156	9	100002	11.454331	0.054	0.004714373977842966	0.47	1.49	7.89	iteration	9     100002  1.1454331E+01  5.40E-02    0.47    1.49*   7.89
C_A07_S2_F0	fixed	A07_S2_F0	A07	F0	S2					157	10	100002	11.505206	0.0537	0.004667452282036497	0.47	1.48	7.68	iteration	10     100002  1.1505206E+01  5.37E-02    0.47    1.48*   7.68
C_A07_S2_F0	fixed	A07_S2_F0	A07	F0	S2					159	10	1000000	11.517962	0.0212	0.0018406033984137123	0.18	1.84	7.68	aggregate	10    1000000  1.1517962E+01  2.12E-02    0.18    1.84    7.68    0.81  10
C_A07_S2_F0	fixed	A07_S2_F0	A07	F0	S2					162	11	199998	11.506899	0.0377	0.0032762953772341266	0.33	1.46	7.23	iteration	11     199998  1.1506899E+01  3.77E-02    0.33    1.46*   7.23
C_A07_S2_F0	fixed	A07_S2_F0	A07	F0	S2					163	12	199998	11.46316	0.0375	0.0032713492614601905	0.33	1.46	7.23	iteration	12     199998  1.1463160E+01  3.75E-02    0.33    1.46*   7.23
C_A07_S2_F0	fixed	A07_S2_F0	A07	F0	S2					164	13	199998	11.520918	0.0375	0.0032549489545885143	0.33	1.45	7.73	iteration	13     199998  1.1520918E+01  3.75E-02    0.33    1.45*   7.73
C_A07_S2_F0	fixed	A07_S2_F0	A07	F0	S2					166	13	599994	11.496965	0.0217	0.0018874546456390884	0.19	1.46	7.73	aggregate	13     599994  1.1496965E+01  2.17E-02    0.19    1.46    7.73    0.65   3
C_A07_S2_F1	fixed	A07_S2_F1	A07	F1	S2					148	1	100000	11.587985	1.39	0.11995182941641709	11.99	37.93	3.32	iteration	1     100000  1.1587985E+01  1.39E+00   11.99   37.93*   3.32
C_A07_S2_F1	fixed	A07_S2_F1	A07	F1	S2					149	2	99999	11.728766	0.201	0.01713735272747363	1.71	5.42	0.97	iteration	2      99999  1.1728766E+01  2.01E-01    1.71    5.42*   0.97
C_A07_S2_F1	fixed	A07_S2_F1	A07	F1	S2					150	3	100001	11.586902	0.0934	0.008060825922235296	0.81	2.55	3.36	iteration	3     100001  1.1586902E+01  9.34E-02    0.81    2.55*   3.36
C_A07_S2_F1	fixed	A07_S2_F1	A07	F1	S2					151	4	99999	11.554162	0.0709	0.006136316939298584	0.61	1.94	5.57	iteration	4      99999  1.1554162E+01  7.09E-02    0.61    1.94*   5.57
C_A07_S2_F1	fixed	A07_S2_F1	A07	F1	S2					152	5	100006	11.513701	0.0633	0.0054977977975978354	0.55	1.74	5.91	iteration	5     100006  1.1513701E+01  6.33E-02    0.55    1.74*   5.91
C_A07_S2_F1	fixed	A07_S2_F1	A07	F1	S2					153	6	99995	11.483995	0.0584	0.0050853383339160285	0.51	1.61	6.33	iteration	6      99995  1.1483995E+01  5.84E-02    0.51    1.61*   6.33
C_A07_S2_F1	fixed	A07_S2_F1	A07	F1	S2					154	7	99999	11.473354	0.0561	0.004889590262794994	0.49	1.55	6.47	iteration	7      99999  1.1473354E+01  5.61E-02    0.49    1.55*   6.47
C_A07_S2_F1	fixed	A07_S2_F1	A07	F1	S2					155	8	99997	11.611991	0.055	0.004736483175021407	0.47	1.5	9.22	iteration	8      99997  1.1611991E+01  5.50E-02    0.47    1.50*   9.22
C_A07_S2_F1	fixed	A07_S2_F1	A07	F1	S2					156	9	100002	11.454331	0.054	0.004714373977842966	0.47	1.49	7.89	iteration	9     100002  1.1454331E+01  5.40E-02    0.47    1.49*   7.89
C_A07_S2_F1	fixed	A07_S2_F1	A07	F1	S2					157	10	100002	11.505206	0.0537	0.004667452282036497	0.47	1.48	7.68	iteration	10     100002  1.1505206E+01  5.37E-02    0.47    1.48*   7.68
C_A07_S2_F1	fixed	A07_S2_F1	A07	F1	S2					159	10	1000000	11.517962	0.0212	0.0018406033984137123	0.18	1.84	7.68	aggregate	10    1000000  1.1517962E+01  2.12E-02    0.18    1.84    7.68    0.81  10
C_A07_S2_F1	fixed	A07_S2_F1	A07	F1	S2					162	11	599997	11.508312	0.0218	0.0018942830190908971	0.19	1.46	5.39	iteration	11     599997  1.1508312E+01  2.18E-02    0.19    1.46*   5.39
C_A07_S2_F1	fixed	A07_S2_F1	A07	F1	S2					164	11	599997	11.508312	0.0218	0.0018942830190908971	0.19	1.46	5.39	iteration	11     599997  1.1508312E+01  2.18E-02    0.19    1.46    5.39
C_A07_S2_F2	fixed	A07_S2_F2	A07	F2	S2					148	1	100000	11.587985	1.39	0.11995182941641709	11.99	37.93	3.32	iteration	1     100000  1.1587985E+01  1.39E+00   11.99   37.93*   3.32
C_A07_S2_F2	fixed	A07_S2_F2	A07	F2	S2					149	2	99999	11.728766	0.201	0.01713735272747363	1.71	5.42	0.97	iteration	2      99999  1.1728766E+01  2.01E-01    1.71    5.42*   0.97
C_A07_S2_F2	fixed	A07_S2_F2	A07	F2	S2					150	3	100001	11.586902	0.0934	0.008060825922235296	0.81	2.55	3.36	iteration	3     100001  1.1586902E+01  9.34E-02    0.81    2.55*   3.36
C_A07_S2_F2	fixed	A07_S2_F2	A07	F2	S2					151	4	99999	11.554162	0.0709	0.006136316939298584	0.61	1.94	5.57	iteration	4      99999  1.1554162E+01  7.09E-02    0.61    1.94*   5.57
C_A07_S2_F2	fixed	A07_S2_F2	A07	F2	S2					152	5	100006	11.513701	0.0633	0.0054977977975978354	0.55	1.74	5.91	iteration	5     100006  1.1513701E+01  6.33E-02    0.55    1.74*   5.91
C_A07_S2_F2	fixed	A07_S2_F2	A07	F2	S2					153	6	99995	11.483995	0.0584	0.0050853383339160285	0.51	1.61	6.33	iteration	6      99995  1.1483995E+01  5.84E-02    0.51    1.61*   6.33
C_A07_S2_F2	fixed	A07_S2_F2	A07	F2	S2					154	7	99999	11.473354	0.0561	0.004889590262794994	0.49	1.55	6.47	iteration	7      99999  1.1473354E+01  5.61E-02    0.49    1.55*   6.47
C_A07_S2_F2	fixed	A07_S2_F2	A07	F2	S2					155	8	99997	11.611991	0.055	0.004736483175021407	0.47	1.5	9.22	iteration	8      99997  1.1611991E+01  5.50E-02    0.47    1.50*   9.22
C_A07_S2_F2	fixed	A07_S2_F2	A07	F2	S2					156	9	100002	11.454331	0.054	0.004714373977842966	0.47	1.49	7.89	iteration	9     100002  1.1454331E+01  5.40E-02    0.47    1.49*   7.89
C_A07_S2_F2	fixed	A07_S2_F2	A07	F2	S2					157	10	100002	11.505206	0.0537	0.004667452282036497	0.47	1.48	7.68	iteration	10     100002  1.1505206E+01  5.37E-02    0.47    1.48*   7.68
C_A07_S2_F2	fixed	A07_S2_F2	A07	F2	S2					159	10	1000000	11.517962	0.0212	0.0018406033984137123	0.18	1.84	7.68	aggregate	10    1000000  1.1517962E+01  2.12E-02    0.18    1.84    7.68    0.81  10
C_A07_S2_F2	fixed	A07_S2_F2	A07	F2	S2					162	11	2000006	11.496933	0.0119	0.0010350586543385093	0.1	1.46	4.64	iteration	11    2000006  1.1496933E+01  1.19E-02    0.10    1.46*   4.64
C_A07_S2_F2	fixed	A07_S2_F2	A07	F2	S2					164	11	2000006	11.496933	0.0119	0.0010350586543385093	0.1	1.46	4.64	iteration	11    2000006  1.1496933E+01  1.19E-02    0.10    1.46    4.64
C_A07_S2_F3	fixed	A07_S2_F3	A07	F3	S2					148	1	100000	11.587985	1.39	0.11995182941641709	11.99	37.93	3.32	iteration	1     100000  1.1587985E+01  1.39E+00   11.99   37.93*   3.32
C_A07_S2_F3	fixed	A07_S2_F3	A07	F3	S2					149	2	99999	11.728766	0.201	0.01713735272747363	1.71	5.42	0.97	iteration	2      99999  1.1728766E+01  2.01E-01    1.71    5.42*   0.97
C_A07_S2_F3	fixed	A07_S2_F3	A07	F3	S2					150	3	100001	11.586902	0.0934	0.008060825922235296	0.81	2.55	3.36	iteration	3     100001  1.1586902E+01  9.34E-02    0.81    2.55*   3.36
C_A07_S2_F3	fixed	A07_S2_F3	A07	F3	S2					151	4	99999	11.554162	0.0709	0.006136316939298584	0.61	1.94	5.57	iteration	4      99999  1.1554162E+01  7.09E-02    0.61    1.94*   5.57
C_A07_S2_F3	fixed	A07_S2_F3	A07	F3	S2					152	5	100006	11.513701	0.0633	0.0054977977975978354	0.55	1.74	5.91	iteration	5     100006  1.1513701E+01  6.33E-02    0.55    1.74*   5.91
C_A07_S2_F3	fixed	A07_S2_F3	A07	F3	S2					153	6	99995	11.483995	0.0584	0.0050853383339160285	0.51	1.61	6.33	iteration	6      99995  1.1483995E+01  5.84E-02    0.51    1.61*   6.33
C_A07_S2_F3	fixed	A07_S2_F3	A07	F3	S2					154	7	99999	11.473354	0.0561	0.004889590262794994	0.49	1.55	6.47	iteration	7      99999  1.1473354E+01  5.61E-02    0.49    1.55*   6.47
C_A07_S2_F3	fixed	A07_S2_F3	A07	F3	S2					155	8	99997	11.611991	0.055	0.004736483175021407	0.47	1.5	9.22	iteration	8      99997  1.1611991E+01  5.50E-02    0.47    1.50*   9.22
C_A07_S2_F3	fixed	A07_S2_F3	A07	F3	S2					156	9	100002	11.454331	0.054	0.004714373977842966	0.47	1.49	7.89	iteration	9     100002  1.1454331E+01  5.40E-02    0.47    1.49*   7.89
C_A07_S2_F3	fixed	A07_S2_F3	A07	F3	S2					157	10	100002	11.505206	0.0537	0.004667452282036497	0.47	1.48	7.68	iteration	10     100002  1.1505206E+01  5.37E-02    0.47    1.48*   7.68
C_A07_S2_F3	fixed	A07_S2_F3	A07	F3	S2					159	10	1000000	11.517962	0.0212	0.0018406033984137123	0.18	1.84	7.68	aggregate	10    1000000  1.1517962E+01  2.12E-02    0.18    1.84    7.68    0.81  10
C_A07_S2_F3	fixed	A07_S2_F3	A07	F3	S2					162	11	199998	11.506899	0.0377	0.0032762953772341266	0.33	1.46	7.23	iteration	11     199998  1.1506899E+01  3.77E-02    0.33    1.46*   7.23
C_A07_S2_F3	fixed	A07_S2_F3	A07	F3	S2					163	12	199998	11.46316	0.0375	0.0032713492614601905	0.33	1.46	7.23	iteration	12     199998  1.1463160E+01  3.75E-02    0.33    1.46*   7.23
C_A07_S2_F3	fixed	A07_S2_F3	A07	F3	S2					164	13	199998	11.520918	0.0375	0.0032549489545885143	0.33	1.45	7.73	iteration	13     199998  1.1520918E+01  3.75E-02    0.33    1.45*   7.73
C_A07_S2_F3	fixed	A07_S2_F3	A07	F3	S2					165	14	199998	11.49614	0.0377	0.003279361594413429	0.33	1.46	7.34	iteration	14     199998  1.1496140E+01  3.77E-02    0.33    1.46    7.34
C_A07_S2_F3	fixed	A07_S2_F3	A07	F3	S2					166	15	199998	11.501984	0.0377	0.0032776953958551843	0.33	1.47	6.28	iteration	15     199998  1.1501984E+01  3.77E-02    0.33    1.47    6.28
C_A07_S2_F3	fixed	A07_S2_F3	A07	F3	S2					167	16	199998	11.480879	0.0374	0.0032575902942623123	0.33	1.46	6.77	iteration	16     199998  1.1480879E+01  3.74E-02    0.33    1.46*   6.77
C_A07_S2_F3	fixed	A07_S2_F3	A07	F3	S2					168	17	199998	11.528262	0.0378	0.0032788984150429615	0.33	1.47	7.45	iteration	17     199998  1.1528262E+01  3.78E-02    0.33    1.47    7.45
C_A07_S2_F3	fixed	A07_S2_F3	A07	F3	S2					169	18	199998	11.540145	0.0376	0.003258191296556499	0.33	1.46	7.64	iteration	18     199998  1.1540145E+01  3.76E-02    0.33    1.46*   7.64
C_A07_S2_F3	fixed	A07_S2_F3	A07	F3	S2					170	19	199998	11.536883	0.0378	0.0032764482399622154	0.33	1.46	6.47	iteration	19     199998  1.1536883E+01  3.78E-02    0.33    1.46    6.47
C_A07_S2_F3	fixed	A07_S2_F3	A07	F3	S2					171	20	199998	11.530382	0.0377	0.0032696228104151276	0.33	1.46	7.72	iteration	20     199998  1.1530382E+01  3.77E-02    0.33    1.46*   7.72
C_A07_S2_F3	fixed	A07_S2_F3	A07	F3	S2					173	20	1999980	11.510478	0.0119	0.0010338406450192599	0.1	1.46	7.72	aggregate	20    1999980  1.1510478E+01  1.19E-02    0.10    1.46    7.72    0.46  10
P_A07_S3	adaptive	A07_S3	A07		S3					152	1	100010	10.341782	1.43	0.13827404213316427	13.85	43.8	3.35	iteration	1     100010  1.0341782E+01  1.43E+00   13.85   43.80*   3.35
P_A07_S3	adaptive	A07_S3	A07		S3					153	2	100013	11.212543	0.208	0.0185506534958216	1.86	5.87	0.88	iteration	2     100013  1.1212543E+01  2.08E-01    1.86    5.87*   0.88
P_A07_S3	adaptive	A07_S3	A07		S3					154	3	100013	11.458103	0.097	0.008465624719903461	0.85	2.68	3.09	iteration	3     100013  1.1458103E+01  9.70E-02    0.85    2.68*   3.09
P_A07_S3	adaptive	A07_S3	A07		S3					155	4	99995	11.52965	0.0717	0.006218749051358888	0.62	1.97	5.25	iteration	4      99995  1.1529650E+01  7.17E-02    0.62    1.97*   5.25
P_A07_S3	adaptive	A07_S3	A07		S3					156	5	99998	11.469173	0.0627	0.005466828340631012	0.55	1.73	6.56	iteration	5      99998  1.1469173E+01  6.27E-02    0.55    1.73*   6.56
P_A07_S3	adaptive	A07_S3	A07		S3					157	6	99998	11.461957	0.0577	0.005034044360836461	0.5	1.59	7.02	iteration	6      99998  1.1461957E+01  5.77E-02    0.50    1.59*   7.02
P_A07_S3	adaptive	A07_S3	A07		S3					158	7	100001	11.508022	0.0551	0.004787964430377349	0.48	1.51	7.89	iteration	7     100001  1.1508022E+01  5.51E-02    0.48    1.51*   7.89
P_A07_S3	adaptive	A07_S3	A07		S3					159	8	100001	11.541437	0.0539	0.00467012903159286	0.47	1.48	8.17	iteration	8     100001  1.1541437E+01  5.39E-02    0.47    1.48*   8.17
P_A07_S3	adaptive	A07_S3	A07		S3					160	9	100001	11.488704	0.0528	0.004595818640640406	0.46	1.45	8.43	iteration	9     100001  1.1488704E+01  5.28E-02    0.46    1.45*   8.43
P_A07_S3	adaptive	A07_S3	A07		S3					161	10	100000	11.486867	0.0527	0.004587848018088831	0.46	1.45	7.87	iteration	10     100000  1.1486867E+01  5.27E-02    0.46    1.45*   7.87
P_A07_S3	adaptive	A07_S3	A07		S3					163	10	1000030	11.492517	0.021	0.0018272759570423086	0.18	1.83	7.87	aggregate	10    1000030  1.1492517E+01  2.10E-02    0.18    1.83    7.87    0.47  10
C_A07_S3_F0	fixed	A07_S3_F0	A07	F0	S3					148	1	100010	10.341782	1.43	0.13827404213316427	13.85	43.8	3.35	iteration	1     100010  1.0341782E+01  1.43E+00   13.85   43.80*   3.35
C_A07_S3_F0	fixed	A07_S3_F0	A07	F0	S3					149	2	100013	11.212543	0.208	0.0185506534958216	1.86	5.87	0.88	iteration	2     100013  1.1212543E+01  2.08E-01    1.86    5.87*   0.88
C_A07_S3_F0	fixed	A07_S3_F0	A07	F0	S3					150	3	100013	11.458103	0.097	0.008465624719903461	0.85	2.68	3.09	iteration	3     100013  1.1458103E+01  9.70E-02    0.85    2.68*   3.09
C_A07_S3_F0	fixed	A07_S3_F0	A07	F0	S3					151	4	99995	11.52965	0.0717	0.006218749051358888	0.62	1.97	5.25	iteration	4      99995  1.1529650E+01  7.17E-02    0.62    1.97*   5.25
C_A07_S3_F0	fixed	A07_S3_F0	A07	F0	S3					152	5	99998	11.469173	0.0627	0.005466828340631012	0.55	1.73	6.56	iteration	5      99998  1.1469173E+01  6.27E-02    0.55    1.73*   6.56
C_A07_S3_F0	fixed	A07_S3_F0	A07	F0	S3					153	6	99998	11.461957	0.0577	0.005034044360836461	0.5	1.59	7.02	iteration	6      99998  1.1461957E+01  5.77E-02    0.50    1.59*   7.02
C_A07_S3_F0	fixed	A07_S3_F0	A07	F0	S3					154	7	100001	11.508022	0.0551	0.004787964430377349	0.48	1.51	7.89	iteration	7     100001  1.1508022E+01  5.51E-02    0.48    1.51*   7.89
C_A07_S3_F0	fixed	A07_S3_F0	A07	F0	S3					155	8	100001	11.541437	0.0539	0.00467012903159286	0.47	1.48	8.17	iteration	8     100001  1.1541437E+01  5.39E-02    0.47    1.48*   8.17
C_A07_S3_F0	fixed	A07_S3_F0	A07	F0	S3					156	9	100001	11.488704	0.0528	0.004595818640640406	0.46	1.45	8.43	iteration	9     100001  1.1488704E+01  5.28E-02    0.46    1.45*   8.43
C_A07_S3_F0	fixed	A07_S3_F0	A07	F0	S3					157	10	100000	11.486867	0.0527	0.004587848018088831	0.46	1.45	7.87	iteration	10     100000  1.1486867E+01  5.27E-02    0.46    1.45*   7.87
C_A07_S3_F0	fixed	A07_S3_F0	A07	F0	S3					159	10	1000030	11.492517	0.021	0.0018272759570423086	0.18	1.83	7.87	aggregate	10    1000030  1.1492517E+01  2.10E-02    0.18    1.83    7.87    0.47  10
C_A07_S3_F0	fixed	A07_S3_F0	A07	F0	S3					162	11	199997	11.535908	0.0374	0.0032420508207936477	0.32	1.45	7.1	iteration	11     199997  1.1535908E+01  3.74E-02    0.32    1.45*   7.10
C_A07_S3_F0	fixed	A07_S3_F0	A07	F0	S3					163	12	199997	11.487616	0.0372	0.0032382698028903473	0.32	1.45	7.19	iteration	12     199997  1.1487616E+01  3.72E-02    0.32    1.45    7.19
C_A07_S3_F0	fixed	A07_S3_F0	A07	F0	S3					164	13	199997	11.493867	0.0373	0.0032452089449094895	0.32	1.45	7.51	iteration	13     199997  1.1493867E+01  3.73E-02    0.32    1.45    7.51
C_A07_S3_F0	fixed	A07_S3_F0	A07	F0	S3					166	13	599991	11.50574	0.0215	0.00186863252602614	0.19	1.45	7.51	aggregate	13     599991  1.1505740E+01  2.15E-02    0.19    1.45    7.51    0.50   3
C_A07_S3_F1	fixed	A07_S3_F1	A07	F1	S3					148	1	100010	10.341782	1.43	0.13827404213316427	13.85	43.8	3.35	iteration	1     100010  1.0341782E+01  1.43E+00   13.85   43.80*   3.35
C_A07_S3_F1	fixed	A07_S3_F1	A07	F1	S3					149	2	100013	11.212543	0.208	0.0185506534958216	1.86	5.87	0.88	iteration	2     100013  1.1212543E+01  2.08E-01    1.86    5.87*   0.88
C_A07_S3_F1	fixed	A07_S3_F1	A07	F1	S3					150	3	100013	11.458103	0.097	0.008465624719903461	0.85	2.68	3.09	iteration	3     100013  1.1458103E+01  9.70E-02    0.85    2.68*   3.09
C_A07_S3_F1	fixed	A07_S3_F1	A07	F1	S3					151	4	99995	11.52965	0.0717	0.006218749051358888	0.62	1.97	5.25	iteration	4      99995  1.1529650E+01  7.17E-02    0.62    1.97*   5.25
C_A07_S3_F1	fixed	A07_S3_F1	A07	F1	S3					152	5	99998	11.469173	0.0627	0.005466828340631012	0.55	1.73	6.56	iteration	5      99998  1.1469173E+01  6.27E-02    0.55    1.73*   6.56
C_A07_S3_F1	fixed	A07_S3_F1	A07	F1	S3					153	6	99998	11.461957	0.0577	0.005034044360836461	0.5	1.59	7.02	iteration	6      99998  1.1461957E+01  5.77E-02    0.50    1.59*   7.02
C_A07_S3_F1	fixed	A07_S3_F1	A07	F1	S3					154	7	100001	11.508022	0.0551	0.004787964430377349	0.48	1.51	7.89	iteration	7     100001  1.1508022E+01  5.51E-02    0.48    1.51*   7.89
C_A07_S3_F1	fixed	A07_S3_F1	A07	F1	S3					155	8	100001	11.541437	0.0539	0.00467012903159286	0.47	1.48	8.17	iteration	8     100001  1.1541437E+01  5.39E-02    0.47    1.48*   8.17
C_A07_S3_F1	fixed	A07_S3_F1	A07	F1	S3					156	9	100001	11.488704	0.0528	0.004595818640640406	0.46	1.45	8.43	iteration	9     100001  1.1488704E+01  5.28E-02    0.46    1.45*   8.43
C_A07_S3_F1	fixed	A07_S3_F1	A07	F1	S3					157	10	100000	11.486867	0.0527	0.004587848018088831	0.46	1.45	7.87	iteration	10     100000  1.1486867E+01  5.27E-02    0.46    1.45*   7.87
C_A07_S3_F1	fixed	A07_S3_F1	A07	F1	S3					159	10	1000030	11.492517	0.021	0.0018272759570423086	0.18	1.83	7.87	aggregate	10    1000030  1.1492517E+01  2.10E-02    0.18    1.83    7.87    0.47  10
C_A07_S3_F1	fixed	A07_S3_F1	A07	F1	S3					162	11	599996	11.502757	0.0215	0.0018691171168790227	0.19	1.45	6.08	iteration	11     599996  1.1502757E+01  2.15E-02    0.19    1.45*   6.08
C_A07_S3_F1	fixed	A07_S3_F1	A07	F1	S3					164	11	599996	11.502757	0.0215	0.0018691171168790227	0.19	1.45	6.08	iteration	11     599996  1.1502757E+01  2.15E-02    0.19    1.45    6.08
C_A07_S3_F2	fixed	A07_S3_F2	A07	F2	S3					148	1	100010	10.341782	1.43	0.13827404213316427	13.85	43.8	3.35	iteration	1     100010  1.0341782E+01  1.43E+00   13.85   43.80*   3.35
C_A07_S3_F2	fixed	A07_S3_F2	A07	F2	S3					149	2	100013	11.212543	0.208	0.0185506534958216	1.86	5.87	0.88	iteration	2     100013  1.1212543E+01  2.08E-01    1.86    5.87*   0.88
C_A07_S3_F2	fixed	A07_S3_F2	A07	F2	S3					150	3	100013	11.458103	0.097	0.008465624719903461	0.85	2.68	3.09	iteration	3     100013  1.1458103E+01  9.70E-02    0.85    2.68*   3.09
C_A07_S3_F2	fixed	A07_S3_F2	A07	F2	S3					151	4	99995	11.52965	0.0717	0.006218749051358888	0.62	1.97	5.25	iteration	4      99995  1.1529650E+01  7.17E-02    0.62    1.97*   5.25
C_A07_S3_F2	fixed	A07_S3_F2	A07	F2	S3					152	5	99998	11.469173	0.0627	0.005466828340631012	0.55	1.73	6.56	iteration	5      99998  1.1469173E+01  6.27E-02    0.55    1.73*   6.56
C_A07_S3_F2	fixed	A07_S3_F2	A07	F2	S3					153	6	99998	11.461957	0.0577	0.005034044360836461	0.5	1.59	7.02	iteration	6      99998  1.1461957E+01  5.77E-02    0.50    1.59*   7.02
C_A07_S3_F2	fixed	A07_S3_F2	A07	F2	S3					154	7	100001	11.508022	0.0551	0.004787964430377349	0.48	1.51	7.89	iteration	7     100001  1.1508022E+01  5.51E-02    0.48    1.51*   7.89
C_A07_S3_F2	fixed	A07_S3_F2	A07	F2	S3					155	8	100001	11.541437	0.0539	0.00467012903159286	0.47	1.48	8.17	iteration	8     100001  1.1541437E+01  5.39E-02    0.47    1.48*   8.17
C_A07_S3_F2	fixed	A07_S3_F2	A07	F2	S3					156	9	100001	11.488704	0.0528	0.004595818640640406	0.46	1.45	8.43	iteration	9     100001  1.1488704E+01  5.28E-02    0.46    1.45*   8.43
C_A07_S3_F2	fixed	A07_S3_F2	A07	F2	S3					157	10	100000	11.486867	0.0527	0.004587848018088831	0.46	1.45	7.87	iteration	10     100000  1.1486867E+01  5.27E-02    0.46    1.45*   7.87
C_A07_S3_F2	fixed	A07_S3_F2	A07	F2	S3					159	10	1000030	11.492517	0.021	0.0018272759570423086	0.18	1.83	7.87	aggregate	10    1000030  1.1492517E+01  2.10E-02    0.18    1.83    7.87    0.47  10
C_A07_S3_F2	fixed	A07_S3_F2	A07	F2	S3					162	11	1999998	11.500926	0.0118	0.001026004340867857	0.1	1.45	5.34	iteration	11    1999998  1.1500926E+01  1.18E-02    0.10    1.45*   5.34
C_A07_S3_F2	fixed	A07_S3_F2	A07	F2	S3					164	11	1999998	11.500926	0.0118	0.001026004340867857	0.1	1.45	5.34	iteration	11    1999998  1.1500926E+01  1.18E-02    0.10    1.45    5.34
C_A07_S3_F3	fixed	A07_S3_F3	A07	F3	S3					148	1	100010	10.341782	1.43	0.13827404213316427	13.85	43.8	3.35	iteration	1     100010  1.0341782E+01  1.43E+00   13.85   43.80*   3.35
C_A07_S3_F3	fixed	A07_S3_F3	A07	F3	S3					149	2	100013	11.212543	0.208	0.0185506534958216	1.86	5.87	0.88	iteration	2     100013  1.1212543E+01  2.08E-01    1.86    5.87*   0.88
C_A07_S3_F3	fixed	A07_S3_F3	A07	F3	S3					150	3	100013	11.458103	0.097	0.008465624719903461	0.85	2.68	3.09	iteration	3     100013  1.1458103E+01  9.70E-02    0.85    2.68*   3.09
C_A07_S3_F3	fixed	A07_S3_F3	A07	F3	S3					151	4	99995	11.52965	0.0717	0.006218749051358888	0.62	1.97	5.25	iteration	4      99995  1.1529650E+01  7.17E-02    0.62    1.97*   5.25
C_A07_S3_F3	fixed	A07_S3_F3	A07	F3	S3					152	5	99998	11.469173	0.0627	0.005466828340631012	0.55	1.73	6.56	iteration	5      99998  1.1469173E+01  6.27E-02    0.55    1.73*   6.56
C_A07_S3_F3	fixed	A07_S3_F3	A07	F3	S3					153	6	99998	11.461957	0.0577	0.005034044360836461	0.5	1.59	7.02	iteration	6      99998  1.1461957E+01  5.77E-02    0.50    1.59*   7.02
C_A07_S3_F3	fixed	A07_S3_F3	A07	F3	S3					154	7	100001	11.508022	0.0551	0.004787964430377349	0.48	1.51	7.89	iteration	7     100001  1.1508022E+01  5.51E-02    0.48    1.51*   7.89
C_A07_S3_F3	fixed	A07_S3_F3	A07	F3	S3					155	8	100001	11.541437	0.0539	0.00467012903159286	0.47	1.48	8.17	iteration	8     100001  1.1541437E+01  5.39E-02    0.47    1.48*   8.17
C_A07_S3_F3	fixed	A07_S3_F3	A07	F3	S3					156	9	100001	11.488704	0.0528	0.004595818640640406	0.46	1.45	8.43	iteration	9     100001  1.1488704E+01  5.28E-02    0.46    1.45*   8.43
C_A07_S3_F3	fixed	A07_S3_F3	A07	F3	S3					157	10	100000	11.486867	0.0527	0.004587848018088831	0.46	1.45	7.87	iteration	10     100000  1.1486867E+01  5.27E-02    0.46    1.45*   7.87
C_A07_S3_F3	fixed	A07_S3_F3	A07	F3	S3					159	10	1000030	11.492517	0.021	0.0018272759570423086	0.18	1.83	7.87	aggregate	10    1000030  1.1492517E+01  2.10E-02    0.18    1.83    7.87    0.47  10
C_A07_S3_F3	fixed	A07_S3_F3	A07	F3	S3					162	11	199997	11.535908	0.0374	0.0032420508207936477	0.32	1.45	7.1	iteration	11     199997  1.1535908E+01  3.74E-02    0.32    1.45*   7.10
C_A07_S3_F3	fixed	A07_S3_F3	A07	F3	S3					163	12	199997	11.487616	0.0372	0.0032382698028903473	0.32	1.45	7.19	iteration	12     199997  1.1487616E+01  3.72E-02    0.32    1.45    7.19
C_A07_S3_F3	fixed	A07_S3_F3	A07	F3	S3					164	13	199997	11.493867	0.0373	0.0032452089449094895	0.32	1.45	7.51	iteration	13     199997  1.1493867E+01  3.73E-02    0.32    1.45    7.51
C_A07_S3_F3	fixed	A07_S3_F3	A07	F3	S3					165	14	199997	11.500359	0.0374	0.003252072391827073	0.33	1.45	7.75	iteration	14     199997  1.1500359E+01  3.74E-02    0.33    1.45    7.75
C_A07_S3_F3	fixed	A07_S3_F3	A07	F3	S3					166	15	199997	11.485975	0.0372	0.003238732454145164	0.32	1.45	7.53	iteration	15     199997  1.1485975E+01  3.72E-02    0.32    1.45*   7.53
C_A07_S3_F3	fixed	A07_S3_F3	A07	F3	S3					167	16	199997	11.501791	0.0373	0.0032429732030429	0.32	1.45	7.29	iteration	16     199997  1.1501791E+01  3.73E-02    0.32    1.45*   7.29
C_A07_S3_F3	fixed	A07_S3_F3	A07	F3	S3					168	17	199997	11.46658	0.0371	0.003235489570560708	0.32	1.45	7.91	iteration	17     199997  1.1466580E+01  3.71E-02    0.32    1.45*   7.91
C_A07_S3_F3	fixed	A07_S3_F3	A07	F3	S3					169	18	199997	11.537934	0.0373	0.0032328144709442785	0.32	1.45	7.43	iteration	18     199997  1.1537934E+01  3.73E-02    0.32    1.45*   7.43
C_A07_S3_F3	fixed	A07_S3_F3	A07	F3	S3					170	19	199997	11.503396	0.0374	0.0032512138154680583	0.32	1.45	6.96	iteration	19     199997  1.1503396E+01  3.74E-02    0.32    1.45    6.96
C_A07_S3_F3	fixed	A07_S3_F3	A07	F3	S3					171	20	199997	11.516829	0.0374	0.0032474216644182183	0.32	1.45	7.28	iteration	20     199997  1.1516829E+01  3.74E-02    0.32    1.45*   7.28
C_A07_S3_F3	fixed	A07_S3_F3	A07	F3	S3					173	20	1999970	11.502961	0.0118	0.0010258228294436535	0.1	1.45	7.28	aggregate	20    1999970  1.1502961E+01  1.18E-02    0.10    1.45    7.28    0.36  10
P_A07_S4	adaptive	A07_S4	A07		S4					152	1	99995	11.72115	1.47	0.12541431514825763	12.51	39.55	3.79	iteration	1      99995  1.1721150E+01  1.47E+00   12.51   39.55*   3.79
P_A07_S4	adaptive	A07_S4	A07		S4					153	2	100021	11.737794	0.182	0.015505468915198205	1.55	4.91	1.57	iteration	2     100021  1.1737794E+01  1.82E-01    1.55    4.91*   1.57
P_A07_S4	adaptive	A07_S4	A07		S4					154	3	99996	11.491096	0.0961	0.008362996880367199	0.84	2.64	3.1	iteration	3      99996  1.1491096E+01  9.61E-02    0.84    2.64*   3.10
P_A07_S4	adaptive	A07_S4	A07		S4					155	4	100001	11.537895	0.0747	0.00647431788900835	0.65	2.05	5.26	iteration	4     100001  1.1537895E+01  7.47E-02    0.65    2.05*   5.26
P_A07_S4	adaptive	A07_S4	A07		S4					156	5	100002	11.505501	0.066	0.005736386446796189	0.57	1.81	5.79	iteration	5     100002  1.1505501E+01  6.60E-02    0.57    1.81*   5.79
P_A07_S4	adaptive	A07_S4	A07		S4					157	6	99996	11.509745	0.0597	0.005186909006237758	0.52	1.64	7.52	iteration	6      99996  1.1509745E+01  5.97E-02    0.52    1.64*   7.52
P_A07_S4	adaptive	A07_S4	A07		S4					158	7	99998	11.489712	0.0569	0.004952256418611711	0.5	1.57	7.4	iteration	7      99998  1.1489712E+01  5.69E-02    0.50    1.57*   7.40
P_A07_S4	adaptive	A07_S4	A07		S4					159	8	99994	11.477406	0.0552	0.004809449103743476	0.48	1.52	7.25	iteration	8      99994  1.1477406E+01  5.52E-02    0.48    1.52*   7.25
P_A07_S4	adaptive	A07_S4	A07		S4					160	9	100004	11.561962	0.0547	0.004731030944401997	0.47	1.5	8.01	iteration	9     100004  1.1561962E+01  5.47E-02    0.47    1.50*   8.01
P_A07_S4	adaptive	A07_S4	A07		S4					161	10	100001	11.393298	0.0529	0.004643080519793303	0.46	1.47	8.49	iteration	10     100001  1.1393298E+01  5.29E-02    0.46    1.47*   8.49
P_A07_S4	adaptive	A07_S4	A07		S4					163	10	1000008	11.494915	0.0215	0.0018703922560540898	0.19	1.87	8.49	aggregate	10    1000008  1.1494915E+01  2.15E-02    0.19    1.87    8.49    0.83  10
C_A07_S4_F0	fixed	A07_S4_F0	A07	F0	S4					148	1	99995	11.72115	1.47	0.12541431514825763	12.51	39.55	3.79	iteration	1      99995  1.1721150E+01  1.47E+00   12.51   39.55*   3.79
C_A07_S4_F0	fixed	A07_S4_F0	A07	F0	S4					149	2	100021	11.737794	0.182	0.015505468915198205	1.55	4.91	1.57	iteration	2     100021  1.1737794E+01  1.82E-01    1.55    4.91*   1.57
C_A07_S4_F0	fixed	A07_S4_F0	A07	F0	S4					150	3	99996	11.491096	0.0961	0.008362996880367199	0.84	2.64	3.1	iteration	3      99996  1.1491096E+01  9.61E-02    0.84    2.64*   3.10
C_A07_S4_F0	fixed	A07_S4_F0	A07	F0	S4					151	4	100001	11.537895	0.0747	0.00647431788900835	0.65	2.05	5.26	iteration	4     100001  1.1537895E+01  7.47E-02    0.65    2.05*   5.26
C_A07_S4_F0	fixed	A07_S4_F0	A07	F0	S4					152	5	100002	11.505501	0.066	0.005736386446796189	0.57	1.81	5.79	iteration	5     100002  1.1505501E+01  6.60E-02    0.57    1.81*   5.79
C_A07_S4_F0	fixed	A07_S4_F0	A07	F0	S4					153	6	99996	11.509745	0.0597	0.005186909006237758	0.52	1.64	7.52	iteration	6      99996  1.1509745E+01  5.97E-02    0.52    1.64*   7.52
C_A07_S4_F0	fixed	A07_S4_F0	A07	F0	S4					154	7	99998	11.489712	0.0569	0.004952256418611711	0.5	1.57	7.4	iteration	7      99998  1.1489712E+01  5.69E-02    0.50    1.57*   7.40
C_A07_S4_F0	fixed	A07_S4_F0	A07	F0	S4					155	8	99994	11.477406	0.0552	0.004809449103743476	0.48	1.52	7.25	iteration	8      99994  1.1477406E+01  5.52E-02    0.48    1.52*   7.25
C_A07_S4_F0	fixed	A07_S4_F0	A07	F0	S4					156	9	100004	11.561962	0.0547	0.004731030944401997	0.47	1.5	8.01	iteration	9     100004  1.1561962E+01  5.47E-02    0.47    1.50*   8.01
C_A07_S4_F0	fixed	A07_S4_F0	A07	F0	S4					157	10	100001	11.393298	0.0529	0.004643080519793303	0.46	1.47	8.49	iteration	10     100001  1.1393298E+01  5.29E-02    0.46    1.47*   8.49
C_A07_S4_F0	fixed	A07_S4_F0	A07	F0	S4					159	10	1000008	11.494915	0.0215	0.0018703922560540898	0.19	1.87	8.49	aggregate	10    1000008  1.1494915E+01  2.15E-02    0.19    1.87    8.49    0.83  10
C_A07_S4_F0	fixed	A07_S4_F0	A07	F0	S4					162	11	200003	11.438274	0.0375	0.0032784666637641307	0.33	1.47	7.03	iteration	11     200003  1.1438274E+01  3.75E-02    0.33    1.47*   7.03
C_A07_S4_F0	fixed	A07_S4_F0	A07	F0	S4					163	12	200003	11.467693	0.0376	0.0032787762979005456	0.33	1.47	7.39	iteration	12     200003  1.1467693E+01  3.76E-02    0.33    1.47*   7.39
C_A07_S4_F0	fixed	A07_S4_F0	A07	F0	S4					164	13	200003	11.498886	0.0377	0.0032785784640355594	0.33	1.47	7.85	iteration	13     200003  1.1498886E+01  3.77E-02    0.33    1.47*   7.85
C_A07_S4_F0	fixed	A07_S4_F0	A07	F0	S4					166	13	600009	11.468216	0.0217	0.0018921861953070992	0.19	1.47	7.85	aggregate	13     600009  1.1468216E+01  2.17E-02    0.19    1.47    7.85    0.65   3
C_A07_S4_F1	fixed	A07_S4_F1	A07	F1	S4					148	1	99995	11.72115	1.47	0.12541431514825763	12.51	39.55	3.79	iteration	1      99995  1.1721150E+01  1.47E+00   12.51   39.55*   3.79
C_A07_S4_F1	fixed	A07_S4_F1	A07	F1	S4					149	2	100021	11.737794	0.182	0.015505468915198205	1.55	4.91	1.57	iteration	2     100021  1.1737794E+01  1.82E-01    1.55    4.91*   1.57
C_A07_S4_F1	fixed	A07_S4_F1	A07	F1	S4					150	3	99996	11.491096	0.0961	0.008362996880367199	0.84	2.64	3.1	iteration	3      99996  1.1491096E+01  9.61E-02    0.84    2.64*   3.10
C_A07_S4_F1	fixed	A07_S4_F1	A07	F1	S4					151	4	100001	11.537895	0.0747	0.00647431788900835	0.65	2.05	5.26	iteration	4     100001  1.1537895E+01  7.47E-02    0.65    2.05*   5.26
C_A07_S4_F1	fixed	A07_S4_F1	A07	F1	S4					152	5	100002	11.505501	0.066	0.005736386446796189	0.57	1.81	5.79	iteration	5     100002  1.1505501E+01  6.60E-02    0.57    1.81*   5.79
C_A07_S4_F1	fixed	A07_S4_F1	A07	F1	S4					153	6	99996	11.509745	0.0597	0.005186909006237758	0.52	1.64	7.52	iteration	6      99996  1.1509745E+01  5.97E-02    0.52    1.64*   7.52
C_A07_S4_F1	fixed	A07_S4_F1	A07	F1	S4					154	7	99998	11.489712	0.0569	0.004952256418611711	0.5	1.57	7.4	iteration	7      99998  1.1489712E+01  5.69E-02    0.50    1.57*   7.40
C_A07_S4_F1	fixed	A07_S4_F1	A07	F1	S4					155	8	99994	11.477406	0.0552	0.004809449103743476	0.48	1.52	7.25	iteration	8      99994  1.1477406E+01  5.52E-02    0.48    1.52*   7.25
C_A07_S4_F1	fixed	A07_S4_F1	A07	F1	S4					156	9	100004	11.561962	0.0547	0.004731030944401997	0.47	1.5	8.01	iteration	9     100004  1.1561962E+01  5.47E-02    0.47    1.50*   8.01
C_A07_S4_F1	fixed	A07_S4_F1	A07	F1	S4					157	10	100001	11.393298	0.0529	0.004643080519793303	0.46	1.47	8.49	iteration	10     100001  1.1393298E+01  5.29E-02    0.46    1.47*   8.49
C_A07_S4_F1	fixed	A07_S4_F1	A07	F1	S4					159	10	1000008	11.494915	0.0215	0.0018703922560540898	0.19	1.87	8.49	aggregate	10    1000008  1.1494915E+01  2.15E-02    0.19    1.87    8.49    0.83  10
C_A07_S4_F1	fixed	A07_S4_F1	A07	F1	S4					162	11	599993	11.480857	0.0217	0.0018901028033011821	0.19	1.47	6.24	iteration	11     599993  1.1480857E+01  2.17E-02    0.19    1.47*   6.24
C_A07_S4_F1	fixed	A07_S4_F1	A07	F1	S4					164	11	599993	11.480857	0.0217	0.0018901028033011821	0.19	1.47	6.24	iteration	11     599993  1.1480857E+01  2.17E-02    0.19    1.47    6.24
C_A07_S4_F2	fixed	A07_S4_F2	A07	F2	S4					148	1	99995	11.72115	1.47	0.12541431514825763	12.51	39.55	3.79	iteration	1      99995  1.1721150E+01  1.47E+00   12.51   39.55*   3.79
C_A07_S4_F2	fixed	A07_S4_F2	A07	F2	S4					149	2	100021	11.737794	0.182	0.015505468915198205	1.55	4.91	1.57	iteration	2     100021  1.1737794E+01  1.82E-01    1.55    4.91*   1.57
C_A07_S4_F2	fixed	A07_S4_F2	A07	F2	S4					150	3	99996	11.491096	0.0961	0.008362996880367199	0.84	2.64	3.1	iteration	3      99996  1.1491096E+01  9.61E-02    0.84    2.64*   3.10
C_A07_S4_F2	fixed	A07_S4_F2	A07	F2	S4					151	4	100001	11.537895	0.0747	0.00647431788900835	0.65	2.05	5.26	iteration	4     100001  1.1537895E+01  7.47E-02    0.65    2.05*   5.26
C_A07_S4_F2	fixed	A07_S4_F2	A07	F2	S4					152	5	100002	11.505501	0.066	0.005736386446796189	0.57	1.81	5.79	iteration	5     100002  1.1505501E+01  6.60E-02    0.57    1.81*   5.79
C_A07_S4_F2	fixed	A07_S4_F2	A07	F2	S4					153	6	99996	11.509745	0.0597	0.005186909006237758	0.52	1.64	7.52	iteration	6      99996  1.1509745E+01  5.97E-02    0.52    1.64*   7.52
C_A07_S4_F2	fixed	A07_S4_F2	A07	F2	S4					154	7	99998	11.489712	0.0569	0.004952256418611711	0.5	1.57	7.4	iteration	7      99998  1.1489712E+01  5.69E-02    0.50    1.57*   7.40
C_A07_S4_F2	fixed	A07_S4_F2	A07	F2	S4					155	8	99994	11.477406	0.0552	0.004809449103743476	0.48	1.52	7.25	iteration	8      99994  1.1477406E+01  5.52E-02    0.48    1.52*   7.25
C_A07_S4_F2	fixed	A07_S4_F2	A07	F2	S4					156	9	100004	11.561962	0.0547	0.004731030944401997	0.47	1.5	8.01	iteration	9     100004  1.1561962E+01  5.47E-02    0.47    1.50*   8.01
C_A07_S4_F2	fixed	A07_S4_F2	A07	F2	S4					157	10	100001	11.393298	0.0529	0.004643080519793303	0.46	1.47	8.49	iteration	10     100001  1.1393298E+01  5.29E-02    0.46    1.47*   8.49
C_A07_S4_F2	fixed	A07_S4_F2	A07	F2	S4					159	10	1000008	11.494915	0.0215	0.0018703922560540898	0.19	1.87	8.49	aggregate	10    1000008  1.1494915E+01  2.15E-02    0.19    1.87    8.49    0.83  10
C_A07_S4_F2	fixed	A07_S4_F2	A07	F2	S4					162	11	2000000	11.464056	0.0119	0.0010380270298749415	0.1	1.47	5.3	iteration	11    2000000  1.1464056E+01  1.19E-02    0.10    1.47*   5.30
C_A07_S4_F2	fixed	A07_S4_F2	A07	F2	S4					164	11	2000000	11.464056	0.0119	0.0010380270298749415	0.1	1.47	5.3	iteration	11    2000000  1.1464056E+01  1.19E-02    0.10    1.47    5.30
C_A07_S4_F3	fixed	A07_S4_F3	A07	F3	S4					148	1	99995	11.72115	1.47	0.12541431514825763	12.51	39.55	3.79	iteration	1      99995  1.1721150E+01  1.47E+00   12.51   39.55*   3.79
C_A07_S4_F3	fixed	A07_S4_F3	A07	F3	S4					149	2	100021	11.737794	0.182	0.015505468915198205	1.55	4.91	1.57	iteration	2     100021  1.1737794E+01  1.82E-01    1.55    4.91*   1.57
C_A07_S4_F3	fixed	A07_S4_F3	A07	F3	S4					150	3	99996	11.491096	0.0961	0.008362996880367199	0.84	2.64	3.1	iteration	3      99996  1.1491096E+01  9.61E-02    0.84    2.64*   3.10
C_A07_S4_F3	fixed	A07_S4_F3	A07	F3	S4					151	4	100001	11.537895	0.0747	0.00647431788900835	0.65	2.05	5.26	iteration	4     100001  1.1537895E+01  7.47E-02    0.65    2.05*   5.26
C_A07_S4_F3	fixed	A07_S4_F3	A07	F3	S4					152	5	100002	11.505501	0.066	0.005736386446796189	0.57	1.81	5.79	iteration	5     100002  1.1505501E+01  6.60E-02    0.57    1.81*   5.79
C_A07_S4_F3	fixed	A07_S4_F3	A07	F3	S4					153	6	99996	11.509745	0.0597	0.005186909006237758	0.52	1.64	7.52	iteration	6      99996  1.1509745E+01  5.97E-02    0.52    1.64*   7.52
C_A07_S4_F3	fixed	A07_S4_F3	A07	F3	S4					154	7	99998	11.489712	0.0569	0.004952256418611711	0.5	1.57	7.4	iteration	7      99998  1.1489712E+01  5.69E-02    0.50    1.57*   7.40
C_A07_S4_F3	fixed	A07_S4_F3	A07	F3	S4					155	8	99994	11.477406	0.0552	0.004809449103743476	0.48	1.52	7.25	iteration	8      99994  1.1477406E+01  5.52E-02    0.48    1.52*   7.25
C_A07_S4_F3	fixed	A07_S4_F3	A07	F3	S4					156	9	100004	11.561962	0.0547	0.004731030944401997	0.47	1.5	8.01	iteration	9     100004  1.1561962E+01  5.47E-02    0.47    1.50*   8.01
C_A07_S4_F3	fixed	A07_S4_F3	A07	F3	S4					157	10	100001	11.393298	0.0529	0.004643080519793303	0.46	1.47	8.49	iteration	10     100001  1.1393298E+01  5.29E-02    0.46    1.47*   8.49
C_A07_S4_F3	fixed	A07_S4_F3	A07	F3	S4					159	10	1000008	11.494915	0.0215	0.0018703922560540898	0.19	1.87	8.49	aggregate	10    1000008  1.1494915E+01  2.15E-02    0.19    1.87    8.49    0.83  10
C_A07_S4_F3	fixed	A07_S4_F3	A07	F3	S4					162	11	200003	11.438274	0.0375	0.0032784666637641307	0.33	1.47	7.03	iteration	11     200003  1.1438274E+01  3.75E-02    0.33    1.47*   7.03
C_A07_S4_F3	fixed	A07_S4_F3	A07	F3	S4					163	12	200003	11.467693	0.0376	0.0032787762979005456	0.33	1.47	7.39	iteration	12     200003  1.1467693E+01  3.76E-02    0.33    1.47*   7.39
C_A07_S4_F3	fixed	A07_S4_F3	A07	F3	S4					164	13	200003	11.498886	0.0377	0.0032785784640355594	0.33	1.47	7.85	iteration	13     200003  1.1498886E+01  3.77E-02    0.33    1.47*   7.85
C_A07_S4_F3	fixed	A07_S4_F3	A07	F3	S4					165	14	200003	11.424302	0.0373	0.003264969711059809	0.33	1.46	7.74	iteration	14     200003  1.1424302E+01  3.73E-02    0.33    1.46*   7.74
C_A07_S4_F3	fixed	A07_S4_F3	A07	F3	S4					166	15	200003	11.484829	0.0377	0.0032825913211245897	0.33	1.47	7.41	iteration	15     200003  1.1484829E+01  3.77E-02    0.33    1.47    7.41
C_A07_S4_F3	fixed	A07_S4_F3	A07	F3	S4					167	16	200003	11.505503	0.0377	0.0032766929007797397	0.33	1.46	6.99	iteration	16     200003  1.1505503E+01  3.77E-02    0.33    1.46*   6.99
C_A07_S4_F3	fixed	A07_S4_F3	A07	F3	S4					168	17	200003	11.542367	0.0377	0.0032662278023216553	0.33	1.46	7.68	iteration	17     200003  1.1542367E+01  3.77E-02    0.33    1.46*   7.68
C_A07_S4_F3	fixed	A07_S4_F3	A07	F3	S4					169	18	200003	11.480152	0.0376	0.0032752179587866082	0.33	1.47	7.76	iteration	18     200003  1.1480152E+01  3.76E-02    0.33    1.47    7.76
C_A07_S4_F3	fixed	A07_S4_F3	A07	F3	S4					170	19	200003	11.494323	0.0376	0.003271180042530561	0.33	1.46	7.65	iteration	19     200003  1.1494323E+01  3.76E-02    0.33    1.46*   7.65
C_A07_S4_F3	fixed	A07_S4_F3	A07	F3	S4					171	20	200003	11.540542	0.0379	0.0032840745261357744	0.33	1.47	7.47	iteration	20     200003  1.1540542E+01  3.79E-02    0.33    1.47    7.47
C_A07_S4_F3	fixed	A07_S4_F3	A07	F3	S4					173	20	2000030	11.487456	0.0119	0.001035912564104707	0.1	1.47	7.47	aggregate	20    2000030  1.1487456E+01  1.19E-02    0.10    1.47    7.47    1.04  10
P_A07_S5	adaptive	A07_S5	A07		S5					152	1	100001	12.286906	1.64	0.1334754249768005	13.38	42.3	3.44	iteration	1     100001  1.2286906E+01  1.64E+00   13.38   42.30*   3.44
P_A07_S5	adaptive	A07_S5	A07		S5					153	2	100013	11.431489	0.184	0.0160958909202467	1.61	5.1	1.22	iteration	2     100013  1.1431489E+01  1.84E-01    1.61    5.10*   1.22
P_A07_S5	adaptive	A07_S5	A07		S5					154	3	99984	11.668087	0.102	0.008741792892013918	0.87	2.76	2.46	iteration	3      99984  1.1668087E+01  1.02E-01    0.87    2.76*   2.46
P_A07_S5	adaptive	A07_S5	A07		S5					155	4	100003	11.596059	0.0752	0.006484961830566747	0.65	2.05	5.57	iteration	4     100003  1.1596059E+01  7.52E-02    0.65    2.05*   5.57
P_A07_S5	adaptive	A07_S5	A07		S5					156	5	99997	11.498496	0.065	0.005652913215780569	0.57	1.79	6.7	iteration	5      99997  1.1498496E+01  6.50E-02    0.57    1.79*   6.70
P_A07_S5	adaptive	A07_S5	A07		S5					157	6	99991	11.506926	0.0604	0.005249012638127681	0.53	1.66	6.41	iteration	6      99991  1.1506926E+01  6.04E-02    0.53    1.66*   6.41
P_A07_S5	adaptive	A07_S5	A07		S5					158	7	99997	11.392056	0.0566	0.004968374453215469	0.5	1.57	7.32	iteration	7      99997  1.1392056E+01  5.66E-02    0.50    1.57*   7.32
P_A07_S5	adaptive	A07_S5	A07		S5					159	8	99994	11.540765	0.0561	0.0048610295764622185	0.49	1.54	7.71	iteration	8      99994  1.1540765E+01  5.61E-02    0.49    1.54*   7.71
P_A07_S5	adaptive	A07_S5	A07		S5					160	9	99999	11.523735	0.0552	0.004790113622015779	0.48	1.51	7.09	iteration	9      99999  1.1523735E+01  5.52E-02    0.48    1.51*   7.09
P_A07_S5	adaptive	A07_S5	A07		S5					161	10	99999	11.480752	0.0541	0.004712234877994054	0.47	1.49	8.16	iteration	10      99999  1.1480752E+01  5.41E-02    0.47    1.49*   8.16
P_A07_S5	adaptive	A07_S5	A07		S5					163	10	999978	11.506425	0.0218	0.001894593672665489	0.19	1.89	8.16	aggregate	10     999978  1.1506425E+01  2.18E-02    0.19    1.89    8.16    1.01  10
C_A07_S5_F0	fixed	A07_S5_F0	A07	F0	S5					148	1	100001	12.286906	1.64	0.1334754249768005	13.38	42.3	3.44	iteration	1     100001  1.2286906E+01  1.64E+00   13.38   42.30*   3.44
C_A07_S5_F0	fixed	A07_S5_F0	A07	F0	S5					149	2	100013	11.431489	0.184	0.0160958909202467	1.61	5.1	1.22	iteration	2     100013  1.1431489E+01  1.84E-01    1.61    5.10*   1.22
C_A07_S5_F0	fixed	A07_S5_F0	A07	F0	S5					150	3	99984	11.668087	0.102	0.008741792892013918	0.87	2.76	2.46	iteration	3      99984  1.1668087E+01  1.02E-01    0.87    2.76*   2.46
C_A07_S5_F0	fixed	A07_S5_F0	A07	F0	S5					151	4	100003	11.596059	0.0752	0.006484961830566747	0.65	2.05	5.57	iteration	4     100003  1.1596059E+01  7.52E-02    0.65    2.05*   5.57
C_A07_S5_F0	fixed	A07_S5_F0	A07	F0	S5					152	5	99997	11.498496	0.065	0.005652913215780569	0.57	1.79	6.7	iteration	5      99997  1.1498496E+01  6.50E-02    0.57    1.79*   6.70
C_A07_S5_F0	fixed	A07_S5_F0	A07	F0	S5					153	6	99991	11.506926	0.0604	0.005249012638127681	0.53	1.66	6.41	iteration	6      99991  1.1506926E+01  6.04E-02    0.53    1.66*   6.41
C_A07_S5_F0	fixed	A07_S5_F0	A07	F0	S5					154	7	99997	11.392056	0.0566	0.004968374453215469	0.5	1.57	7.32	iteration	7      99997  1.1392056E+01  5.66E-02    0.50    1.57*   7.32
C_A07_S5_F0	fixed	A07_S5_F0	A07	F0	S5					155	8	99994	11.540765	0.0561	0.0048610295764622185	0.49	1.54	7.71	iteration	8      99994  1.1540765E+01  5.61E-02    0.49    1.54*   7.71
C_A07_S5_F0	fixed	A07_S5_F0	A07	F0	S5					156	9	99999	11.523735	0.0552	0.004790113622015779	0.48	1.51	7.09	iteration	9      99999  1.1523735E+01  5.52E-02    0.48    1.51*   7.09
C_A07_S5_F0	fixed	A07_S5_F0	A07	F0	S5					157	10	99999	11.480752	0.0541	0.004712234877994054	0.47	1.49	8.16	iteration	10      99999  1.1480752E+01  5.41E-02    0.47    1.49*   8.16
C_A07_S5_F0	fixed	A07_S5_F0	A07	F0	S5					159	10	999978	11.506425	0.0218	0.001894593672665489	0.19	1.89	8.16	aggregate	10     999978  1.1506425E+01  2.18E-02    0.19    1.89    8.16    1.01  10
C_A07_S5_F0	fixed	A07_S5_F0	A07	F0	S5					162	11	200001	11.490502	0.0383	0.0033331877058112866	0.33	1.49	7.16	iteration	11     200001  1.1490502E+01  3.83E-02    0.33    1.49    7.16
C_A07_S5_F0	fixed	A07_S5_F0	A07	F0	S5					163	12	200001	11.530307	0.0384	0.003330353649733697	0.33	1.49	6.79	iteration	12     200001  1.1530307E+01  3.84E-02    0.33    1.49*   6.79
C_A07_S5_F0	fixed	A07_S5_F0	A07	F0	S5					164	13	200001	11.478223	0.0382	0.0033280412830452937	0.33	1.49	7.07	iteration	13     200001  1.1478223E+01  3.82E-02    0.33    1.49*   7.07
C_A07_S5_F0	fixed	A07_S5_F0	A07	F0	S5					166	13	600003	11.499582	0.0221	0.001921808984013506	0.19	1.49	7.07	aggregate	13     600003  1.1499582E+01  2.21E-02    0.19    1.49    7.07    0.51   3
C_A07_S5_F1	fixed	A07_S5_F1	A07	F1	S5					148	1	100001	12.286906	1.64	0.1334754249768005	13.38	42.3	3.44	iteration	1     100001  1.2286906E+01  1.64E+00   13.38   42.30*   3.44
C_A07_S5_F1	fixed	A07_S5_F1	A07	F1	S5					149	2	100013	11.431489	0.184	0.0160958909202467	1.61	5.1	1.22	iteration	2     100013  1.1431489E+01  1.84E-01    1.61    5.10*   1.22
C_A07_S5_F1	fixed	A07_S5_F1	A07	F1	S5					150	3	99984	11.668087	0.102	0.008741792892013918	0.87	2.76	2.46	iteration	3      99984  1.1668087E+01  1.02E-01    0.87    2.76*   2.46
C_A07_S5_F1	fixed	A07_S5_F1	A07	F1	S5					151	4	100003	11.596059	0.0752	0.006484961830566747	0.65	2.05	5.57	iteration	4     100003  1.1596059E+01  7.52E-02    0.65    2.05*   5.57
C_A07_S5_F1	fixed	A07_S5_F1	A07	F1	S5					152	5	99997	11.498496	0.065	0.005652913215780569	0.57	1.79	6.7	iteration	5      99997  1.1498496E+01  6.50E-02    0.57    1.79*   6.70
C_A07_S5_F1	fixed	A07_S5_F1	A07	F1	S5					153	6	99991	11.506926	0.0604	0.005249012638127681	0.53	1.66	6.41	iteration	6      99991  1.1506926E+01  6.04E-02    0.53    1.66*   6.41
C_A07_S5_F1	fixed	A07_S5_F1	A07	F1	S5					154	7	99997	11.392056	0.0566	0.004968374453215469	0.5	1.57	7.32	iteration	7      99997  1.1392056E+01  5.66E-02    0.50    1.57*   7.32
C_A07_S5_F1	fixed	A07_S5_F1	A07	F1	S5					155	8	99994	11.540765	0.0561	0.0048610295764622185	0.49	1.54	7.71	iteration	8      99994  1.1540765E+01  5.61E-02    0.49    1.54*   7.71
C_A07_S5_F1	fixed	A07_S5_F1	A07	F1	S5					156	9	99999	11.523735	0.0552	0.004790113622015779	0.48	1.51	7.09	iteration	9      99999  1.1523735E+01  5.52E-02    0.48    1.51*   7.09
C_A07_S5_F1	fixed	A07_S5_F1	A07	F1	S5					157	10	99999	11.480752	0.0541	0.004712234877994054	0.47	1.49	8.16	iteration	10      99999  1.1480752E+01  5.41E-02    0.47    1.49*   8.16
C_A07_S5_F1	fixed	A07_S5_F1	A07	F1	S5					159	10	999978	11.506425	0.0218	0.001894593672665489	0.19	1.89	8.16	aggregate	10     999978  1.1506425E+01  2.18E-02    0.19    1.89    8.16    1.01  10
C_A07_S5_F1	fixed	A07_S5_F1	A07	F1	S5					162	11	599997	11.514763	0.0221	0.0019192752816536477	0.19	1.49	5.65	iteration	11     599997  1.1514763E+01  2.21E-02    0.19    1.49*   5.65
C_A07_S5_F1	fixed	A07_S5_F1	A07	F1	S5					164	11	599997	11.514763	0.0221	0.0019192752816536477	0.19	1.49	5.65	iteration	11     599997  1.1514763E+01  2.21E-02    0.19    1.49    5.65
C_A07_S5_F2	fixed	A07_S5_F2	A07	F2	S5					148	1	100001	12.286906	1.64	0.1334754249768005	13.38	42.3	3.44	iteration	1     100001  1.2286906E+01  1.64E+00   13.38   42.30*   3.44
C_A07_S5_F2	fixed	A07_S5_F2	A07	F2	S5					149	2	100013	11.431489	0.184	0.0160958909202467	1.61	5.1	1.22	iteration	2     100013  1.1431489E+01  1.84E-01    1.61    5.10*   1.22
C_A07_S5_F2	fixed	A07_S5_F2	A07	F2	S5					150	3	99984	11.668087	0.102	0.008741792892013918	0.87	2.76	2.46	iteration	3      99984  1.1668087E+01  1.02E-01    0.87    2.76*   2.46
C_A07_S5_F2	fixed	A07_S5_F2	A07	F2	S5					151	4	100003	11.596059	0.0752	0.006484961830566747	0.65	2.05	5.57	iteration	4     100003  1.1596059E+01  7.52E-02    0.65    2.05*   5.57
C_A07_S5_F2	fixed	A07_S5_F2	A07	F2	S5					152	5	99997	11.498496	0.065	0.005652913215780569	0.57	1.79	6.7	iteration	5      99997  1.1498496E+01  6.50E-02    0.57    1.79*   6.70
C_A07_S5_F2	fixed	A07_S5_F2	A07	F2	S5					153	6	99991	11.506926	0.0604	0.005249012638127681	0.53	1.66	6.41	iteration	6      99991  1.1506926E+01  6.04E-02    0.53    1.66*   6.41
C_A07_S5_F2	fixed	A07_S5_F2	A07	F2	S5					154	7	99997	11.392056	0.0566	0.004968374453215469	0.5	1.57	7.32	iteration	7      99997  1.1392056E+01  5.66E-02    0.50    1.57*   7.32
C_A07_S5_F2	fixed	A07_S5_F2	A07	F2	S5					155	8	99994	11.540765	0.0561	0.0048610295764622185	0.49	1.54	7.71	iteration	8      99994  1.1540765E+01  5.61E-02    0.49    1.54*   7.71
C_A07_S5_F2	fixed	A07_S5_F2	A07	F2	S5					156	9	99999	11.523735	0.0552	0.004790113622015779	0.48	1.51	7.09	iteration	9      99999  1.1523735E+01  5.52E-02    0.48    1.51*   7.09
C_A07_S5_F2	fixed	A07_S5_F2	A07	F2	S5					157	10	99999	11.480752	0.0541	0.004712234877994054	0.47	1.49	8.16	iteration	10      99999  1.1480752E+01  5.41E-02    0.47    1.49*   8.16
C_A07_S5_F2	fixed	A07_S5_F2	A07	F2	S5					159	10	999978	11.506425	0.0218	0.001894593672665489	0.19	1.89	8.16	aggregate	10     999978  1.1506425E+01  2.18E-02    0.19    1.89    8.16    1.01  10
C_A07_S5_F2	fixed	A07_S5_F2	A07	F2	S5					162	11	1998327	11.505659	0.0121	0.0010516564066430267	0.1	1.48	4.26	iteration	11    1998327  1.1505659E+01  1.21E-02    0.10    1.48*   4.26
C_A07_S5_F2	fixed	A07_S5_F2	A07	F2	S5					164	11	1998327	11.505659	0.0121	0.0010516564066430267	0.1	1.48	4.26	iteration	11    1998327  1.1505659E+01  1.21E-02    0.10    1.48    4.26
C_A07_S5_F3	fixed	A07_S5_F3	A07	F3	S5					148	1	100001	12.286906	1.64	0.1334754249768005	13.38	42.3	3.44	iteration	1     100001  1.2286906E+01  1.64E+00   13.38   42.30*   3.44
C_A07_S5_F3	fixed	A07_S5_F3	A07	F3	S5					149	2	100013	11.431489	0.184	0.0160958909202467	1.61	5.1	1.22	iteration	2     100013  1.1431489E+01  1.84E-01    1.61    5.10*   1.22
C_A07_S5_F3	fixed	A07_S5_F3	A07	F3	S5					150	3	99984	11.668087	0.102	0.008741792892013918	0.87	2.76	2.46	iteration	3      99984  1.1668087E+01  1.02E-01    0.87    2.76*   2.46
C_A07_S5_F3	fixed	A07_S5_F3	A07	F3	S5					151	4	100003	11.596059	0.0752	0.006484961830566747	0.65	2.05	5.57	iteration	4     100003  1.1596059E+01  7.52E-02    0.65    2.05*   5.57
C_A07_S5_F3	fixed	A07_S5_F3	A07	F3	S5					152	5	99997	11.498496	0.065	0.005652913215780569	0.57	1.79	6.7	iteration	5      99997  1.1498496E+01  6.50E-02    0.57    1.79*   6.70
C_A07_S5_F3	fixed	A07_S5_F3	A07	F3	S5					153	6	99991	11.506926	0.0604	0.005249012638127681	0.53	1.66	6.41	iteration	6      99991  1.1506926E+01  6.04E-02    0.53    1.66*   6.41
C_A07_S5_F3	fixed	A07_S5_F3	A07	F3	S5					154	7	99997	11.392056	0.0566	0.004968374453215469	0.5	1.57	7.32	iteration	7      99997  1.1392056E+01  5.66E-02    0.50    1.57*   7.32
C_A07_S5_F3	fixed	A07_S5_F3	A07	F3	S5					155	8	99994	11.540765	0.0561	0.0048610295764622185	0.49	1.54	7.71	iteration	8      99994  1.1540765E+01  5.61E-02    0.49    1.54*   7.71
C_A07_S5_F3	fixed	A07_S5_F3	A07	F3	S5					156	9	99999	11.523735	0.0552	0.004790113622015779	0.48	1.51	7.09	iteration	9      99999  1.1523735E+01  5.52E-02    0.48    1.51*   7.09
C_A07_S5_F3	fixed	A07_S5_F3	A07	F3	S5					157	10	99999	11.480752	0.0541	0.004712234877994054	0.47	1.49	8.16	iteration	10      99999  1.1480752E+01  5.41E-02    0.47    1.49*   8.16
C_A07_S5_F3	fixed	A07_S5_F3	A07	F3	S5					159	10	999978	11.506425	0.0218	0.001894593672665489	0.19	1.89	8.16	aggregate	10     999978  1.1506425E+01  2.18E-02    0.19    1.89    8.16    1.01  10
C_A07_S5_F3	fixed	A07_S5_F3	A07	F3	S5					162	11	200001	11.490502	0.0383	0.0033331877058112866	0.33	1.49	7.16	iteration	11     200001  1.1490502E+01  3.83E-02    0.33    1.49    7.16
C_A07_S5_F3	fixed	A07_S5_F3	A07	F3	S5					163	12	200001	11.530307	0.0384	0.003330353649733697	0.33	1.49	6.79	iteration	12     200001  1.1530307E+01  3.84E-02    0.33    1.49*   6.79
C_A07_S5_F3	fixed	A07_S5_F3	A07	F3	S5					164	13	200001	11.478223	0.0382	0.0033280412830452937	0.33	1.49	7.07	iteration	13     200001  1.1478223E+01  3.82E-02    0.33    1.49*   7.07
C_A07_S5_F3	fixed	A07_S5_F3	A07	F3	S5					165	14	200001	11.51946	0.0382	0.003316127665706552	0.33	1.48	7.4	iteration	14     200001  1.1519460E+01  3.82E-02    0.33    1.48*   7.40
C_A07_S5_F3	fixed	A07_S5_F3	A07	F3	S5					166	15	200001	11.491201	0.0382	0.0033242826402566624	0.33	1.49	6.99	iteration	15     200001  1.1491201E+01  3.82E-02    0.33    1.49    6.99
C_A07_S5_F3	fixed	A07_S5_F3	A07	F3	S5					167	16	200001	11.543862	0.0383	0.0033177804793577746	0.33	1.48	7.42	iteration	16     200001  1.1543862E+01  3.83E-02    0.33    1.48*   7.42
C_A07_S5_F3	fixed	A07_S5_F3	A07	F3	S5					168	17	200001	11.508174	0.0384	0.0033367587247116696	0.33	1.49	7.48	iteration	17     200001  1.1508174E+01  3.84E-02    0.33    1.49    7.48
C_A07_S5_F3	fixed	A07_S5_F3	A07	F3	S5					169	18	200001	11.485474	0.0382	0.00332594022675947	0.33	1.49	7.06	iteration	18     200001  1.1485474E+01  3.82E-02    0.33    1.49*   7.06
C_A07_S5_F3	fixed	A07_S5_F3	A07	F3	S5					170	19	200001	11.461079	0.0382	0.003333019517621334	0.33	1.49	7.05	iteration	19     200001  1.1461079E+01  3.82E-02    0.33    1.49    7.05
C_A07_S5_F3	fixed	A07_S5_F3	A07	F3	S5					171	20	200001	11.54689	0.0384	0.003325570781396549	0.33	1.49	7.28	iteration	20     200001  1.1546890E+01  3.84E-02    0.33    1.49*   7.28
C_A07_S5_F3	fixed	A07_S5_F3	A07	F3	S5					173	20	2000010	11.505409	0.0121	0.0010516792579907414	0.11	1.49	7.28	aggregate	20    2000010  1.1505409E+01  1.21E-02    0.11    1.49    7.28    0.57  10
P_A07_S6	adaptive	A07_S6	A07		S6					152	1	99990	11.412462	1.36	0.1191679762000522	11.88	37.55	3.63	iteration	1      99990  1.1412462E+01  1.36E+00   11.88   37.55*   3.63
P_A07_S6	adaptive	A07_S6	A07		S6					153	2	100005	11.462866	0.198	0.01727316711195961	1.72	5.45	1.16	iteration	2     100005  1.1462866E+01  1.98E-01    1.72    5.45*   1.16
P_A07_S6	adaptive	A07_S6	A07		S6					154	3	100000	11.59625	0.0998	0.008606230462433978	0.86	2.72	2.76	iteration	3     100000  1.1596250E+01  9.98E-02    0.86    2.72*   2.76
P_A07_S6	adaptive	A07_S6	A07		S6					155	4	99998	11.512848	0.0727	0.0063146842553640945	0.63	2.0	6.11	iteration	4      99998  1.1512848E+01  7.27E-02    0.63    2.00*   6.11
P_A07_S6	adaptive	A07_S6	A07		S6					156	5	99992	11.528525	0.0648	0.0056208404804604225	0.56	1.78	5.82	iteration	5      99992  1.1528525E+01  6.48E-02    0.56    1.78*   5.82
P_A07_S6	adaptive	A07_S6	A07		S6					157	6	99997	11.406691	0.0591	0.005181169543384667	0.52	1.64	7.56	iteration	6      99997  1.1406691E+01  5.91E-02    0.52    1.64*   7.56
P_A07_S6	adaptive	A07_S6	A07		S6					158	7	99996	11.555316	0.057	0.004932794568318167	0.49	1.56	7.58	iteration	7      99996  1.1555316E+01  5.70E-02    0.49    1.56*   7.58
P_A07_S6	adaptive	A07_S6	A07		S6					159	8	99995	11.449557	0.0548	0.004786211379182618	0.48	1.51	8.44	iteration	8      99995  1.1449557E+01  5.48E-02    0.48    1.51*   8.44
P_A07_S6	adaptive	A07_S6	A07		S6					160	9	100003	11.497609	0.0542	0.004714023585251507	0.47	1.49	7.65	iteration	9     100003  1.1497609E+01  5.42E-02    0.47    1.49*   7.65
P_A07_S6	adaptive	A07_S6	A07		S6					161	10	99999	11.446452	0.0535	0.004673937391254513	0.47	1.48	7.97	iteration	10      99999  1.1446452E+01  5.35E-02    0.47    1.48*   7.97
P_A07_S6	adaptive	A07_S6	A07		S6					163	10	999975	11.487045	0.0215	0.0018716736985012244	0.19	1.87	7.97	aggregate	10     999975  1.1487045E+01  2.15E-02    0.19    1.87    7.97    0.68  10
C_A07_S6_F0	fixed	A07_S6_F0	A07	F0	S6					148	1	99990	11.412462	1.36	0.1191679762000522	11.88	37.55	3.63	iteration	1      99990  1.1412462E+01  1.36E+00   11.88   37.55*   3.63
C_A07_S6_F0	fixed	A07_S6_F0	A07	F0	S6					149	2	100005	11.462866	0.198	0.01727316711195961	1.72	5.45	1.16	iteration	2     100005  1.1462866E+01  1.98E-01    1.72    5.45*   1.16
C_A07_S6_F0	fixed	A07_S6_F0	A07	F0	S6					150	3	100000	11.59625	0.0998	0.008606230462433978	0.86	2.72	2.76	iteration	3     100000  1.1596250E+01  9.98E-02    0.86    2.72*   2.76
C_A07_S6_F0	fixed	A07_S6_F0	A07	F0	S6					151	4	99998	11.512848	0.0727	0.0063146842553640945	0.63	2.0	6.11	iteration	4      99998  1.1512848E+01  7.27E-02    0.63    2.00*   6.11
C_A07_S6_F0	fixed	A07_S6_F0	A07	F0	S6					152	5	99992	11.528525	0.0648	0.0056208404804604225	0.56	1.78	5.82	iteration	5      99992  1.1528525E+01  6.48E-02    0.56    1.78*   5.82
C_A07_S6_F0	fixed	A07_S6_F0	A07	F0	S6					153	6	99997	11.406691	0.0591	0.005181169543384667	0.52	1.64	7.56	iteration	6      99997  1.1406691E+01  5.91E-02    0.52    1.64*   7.56
C_A07_S6_F0	fixed	A07_S6_F0	A07	F0	S6					154	7	99996	11.555316	0.057	0.004932794568318167	0.49	1.56	7.58	iteration	7      99996  1.1555316E+01  5.70E-02    0.49    1.56*   7.58
C_A07_S6_F0	fixed	A07_S6_F0	A07	F0	S6					155	8	99995	11.449557	0.0548	0.004786211379182618	0.48	1.51	8.44	iteration	8      99995  1.1449557E+01  5.48E-02    0.48    1.51*   8.44
C_A07_S6_F0	fixed	A07_S6_F0	A07	F0	S6					156	9	100003	11.497609	0.0542	0.004714023585251507	0.47	1.49	7.65	iteration	9     100003  1.1497609E+01  5.42E-02    0.47    1.49*   7.65
C_A07_S6_F0	fixed	A07_S6_F0	A07	F0	S6					157	10	99999	11.446452	0.0535	0.004673937391254513	0.47	1.48	7.97	iteration	10      99999  1.1446452E+01  5.35E-02    0.47    1.48*   7.97
C_A07_S6_F0	fixed	A07_S6_F0	A07	F0	S6					159	10	999975	11.487045	0.0215	0.0018716736985012244	0.19	1.87	7.97	aggregate	10     999975  1.1487045E+01  2.15E-02    0.19    1.87    7.97    0.68  10
C_A07_S6_F0	fixed	A07_S6_F0	A07	F0	S6					162	11	199996	11.520394	0.0377	0.003272457521852117	0.33	1.46	6.99	iteration	11     199996  1.1520394E+01  3.77E-02    0.33    1.46*   6.99
C_A07_S6_F0	fixed	A07_S6_F0	A07	F0	S6					163	12	199996	11.484055	0.0374	0.0032566893836715343	0.33	1.46	7.73	iteration	12     199996  1.1484055E+01  3.74E-02    0.33    1.46*   7.73
C_A07_S6_F0	fixed	A07_S6_F0	A07	F0	S6					164	13	199996	11.464091	0.0374	0.0032623607052665584	0.33	1.46	7.49	iteration	13     199996  1.1464091E+01  3.74E-02    0.33    1.46    7.49
C_A07_S6_F0	fixed	A07_S6_F0	A07	F0	S6					166	13	599988	11.489368	0.0216	0.0018799989694820464	0.19	1.46	7.49	aggregate	13     599988  1.1489368E+01  2.16E-02    0.19    1.46    7.49    0.58   3
C_A07_S6_F1	fixed	A07_S6_F1	A07	F1	S6					148	1	99990	11.412462	1.36	0.1191679762000522	11.88	37.55	3.63	iteration	1      99990  1.1412462E+01  1.36E+00   11.88   37.55*   3.63
C_A07_S6_F1	fixed	A07_S6_F1	A07	F1	S6					149	2	100005	11.462866	0.198	0.01727316711195961	1.72	5.45	1.16	iteration	2     100005  1.1462866E+01  1.98E-01    1.72    5.45*   1.16
C_A07_S6_F1	fixed	A07_S6_F1	A07	F1	S6					150	3	100000	11.59625	0.0998	0.008606230462433978	0.86	2.72	2.76	iteration	3     100000  1.1596250E+01  9.98E-02    0.86    2.72*   2.76
C_A07_S6_F1	fixed	A07_S6_F1	A07	F1	S6					151	4	99998	11.512848	0.0727	0.0063146842553640945	0.63	2.0	6.11	iteration	4      99998  1.1512848E+01  7.27E-02    0.63    2.00*   6.11
C_A07_S6_F1	fixed	A07_S6_F1	A07	F1	S6					152	5	99992	11.528525	0.0648	0.0056208404804604225	0.56	1.78	5.82	iteration	5      99992  1.1528525E+01  6.48E-02    0.56    1.78*   5.82
C_A07_S6_F1	fixed	A07_S6_F1	A07	F1	S6					153	6	99997	11.406691	0.0591	0.005181169543384667	0.52	1.64	7.56	iteration	6      99997  1.1406691E+01  5.91E-02    0.52    1.64*   7.56
C_A07_S6_F1	fixed	A07_S6_F1	A07	F1	S6					154	7	99996	11.555316	0.057	0.004932794568318167	0.49	1.56	7.58	iteration	7      99996  1.1555316E+01  5.70E-02    0.49    1.56*   7.58
C_A07_S6_F1	fixed	A07_S6_F1	A07	F1	S6					155	8	99995	11.449557	0.0548	0.004786211379182618	0.48	1.51	8.44	iteration	8      99995  1.1449557E+01  5.48E-02    0.48    1.51*   8.44
C_A07_S6_F1	fixed	A07_S6_F1	A07	F1	S6					156	9	100003	11.497609	0.0542	0.004714023585251507	0.47	1.49	7.65	iteration	9     100003  1.1497609E+01  5.42E-02    0.47    1.49*   7.65
C_A07_S6_F1	fixed	A07_S6_F1	A07	F1	S6					157	10	99999	11.446452	0.0535	0.004673937391254513	0.47	1.48	7.97	iteration	10      99999  1.1446452E+01  5.35E-02    0.47    1.48*   7.97
C_A07_S6_F1	fixed	A07_S6_F1	A07	F1	S6					159	10	999975	11.487045	0.0215	0.0018716736985012244	0.19	1.87	7.97	aggregate	10     999975  1.1487045E+01  2.15E-02    0.19    1.87    7.97    0.68  10
C_A07_S6_F1	fixed	A07_S6_F1	A07	F1	S6					162	11	599993	11.506044	0.0216	0.0018772742395214204	0.19	1.46	6.24	iteration	11     599993  1.1506044E+01  2.16E-02    0.19    1.46*   6.24
C_A07_S6_F1	fixed	A07_S6_F1	A07	F1	S6					164	11	599993	11.506044	0.0216	0.0018772742395214204	0.19	1.46	6.24	iteration	11     599993  1.1506044E+01  2.16E-02    0.19    1.46    6.24
C_A07_S6_F2	fixed	A07_S6_F2	A07	F2	S6					148	1	99990	11.412462	1.36	0.1191679762000522	11.88	37.55	3.63	iteration	1      99990  1.1412462E+01  1.36E+00   11.88   37.55*   3.63
C_A07_S6_F2	fixed	A07_S6_F2	A07	F2	S6					149	2	100005	11.462866	0.198	0.01727316711195961	1.72	5.45	1.16	iteration	2     100005  1.1462866E+01  1.98E-01    1.72    5.45*   1.16
C_A07_S6_F2	fixed	A07_S6_F2	A07	F2	S6					150	3	100000	11.59625	0.0998	0.008606230462433978	0.86	2.72	2.76	iteration	3     100000  1.1596250E+01  9.98E-02    0.86    2.72*   2.76
C_A07_S6_F2	fixed	A07_S6_F2	A07	F2	S6					151	4	99998	11.512848	0.0727	0.0063146842553640945	0.63	2.0	6.11	iteration	4      99998  1.1512848E+01  7.27E-02    0.63    2.00*   6.11
C_A07_S6_F2	fixed	A07_S6_F2	A07	F2	S6					152	5	99992	11.528525	0.0648	0.0056208404804604225	0.56	1.78	5.82	iteration	5      99992  1.1528525E+01  6.48E-02    0.56    1.78*   5.82
C_A07_S6_F2	fixed	A07_S6_F2	A07	F2	S6					153	6	99997	11.406691	0.0591	0.005181169543384667	0.52	1.64	7.56	iteration	6      99997  1.1406691E+01  5.91E-02    0.52    1.64*   7.56
C_A07_S6_F2	fixed	A07_S6_F2	A07	F2	S6					154	7	99996	11.555316	0.057	0.004932794568318167	0.49	1.56	7.58	iteration	7      99996  1.1555316E+01  5.70E-02    0.49    1.56*   7.58
C_A07_S6_F2	fixed	A07_S6_F2	A07	F2	S6					155	8	99995	11.449557	0.0548	0.004786211379182618	0.48	1.51	8.44	iteration	8      99995  1.1449557E+01  5.48E-02    0.48    1.51*   8.44
C_A07_S6_F2	fixed	A07_S6_F2	A07	F2	S6					156	9	100003	11.497609	0.0542	0.004714023585251507	0.47	1.49	7.65	iteration	9     100003  1.1497609E+01  5.42E-02    0.47    1.49*   7.65
C_A07_S6_F2	fixed	A07_S6_F2	A07	F2	S6					157	10	99999	11.446452	0.0535	0.004673937391254513	0.47	1.48	7.97	iteration	10      99999  1.1446452E+01  5.35E-02    0.47    1.48*   7.97
C_A07_S6_F2	fixed	A07_S6_F2	A07	F2	S6					159	10	999975	11.487045	0.0215	0.0018716736985012244	0.19	1.87	7.97	aggregate	10     999975  1.1487045E+01  2.15E-02    0.19    1.87    7.97    0.68  10
C_A07_S6_F2	fixed	A07_S6_F2	A07	F2	S6					162	11	1994241	11.488866	0.0118	0.0010270813498912774	0.1	1.45	4.83	iteration	11    1994241  1.1488866E+01  1.18E-02    0.10    1.45*   4.83
C_A07_S6_F2	fixed	A07_S6_F2	A07	F2	S6					164	11	1994241	11.488866	0.0118	0.0010270813498912774	0.1	1.45	4.83	iteration	11    1994241  1.1488866E+01  1.18E-02    0.10    1.45    4.83
C_A07_S6_F3	fixed	A07_S6_F3	A07	F3	S6					148	1	99990	11.412462	1.36	0.1191679762000522	11.88	37.55	3.63	iteration	1      99990  1.1412462E+01  1.36E+00   11.88   37.55*   3.63
C_A07_S6_F3	fixed	A07_S6_F3	A07	F3	S6					149	2	100005	11.462866	0.198	0.01727316711195961	1.72	5.45	1.16	iteration	2     100005  1.1462866E+01  1.98E-01    1.72    5.45*   1.16
C_A07_S6_F3	fixed	A07_S6_F3	A07	F3	S6					150	3	100000	11.59625	0.0998	0.008606230462433978	0.86	2.72	2.76	iteration	3     100000  1.1596250E+01  9.98E-02    0.86    2.72*   2.76
C_A07_S6_F3	fixed	A07_S6_F3	A07	F3	S6					151	4	99998	11.512848	0.0727	0.0063146842553640945	0.63	2.0	6.11	iteration	4      99998  1.1512848E+01  7.27E-02    0.63    2.00*   6.11
C_A07_S6_F3	fixed	A07_S6_F3	A07	F3	S6					152	5	99992	11.528525	0.0648	0.0056208404804604225	0.56	1.78	5.82	iteration	5      99992  1.1528525E+01  6.48E-02    0.56    1.78*   5.82
C_A07_S6_F3	fixed	A07_S6_F3	A07	F3	S6					153	6	99997	11.406691	0.0591	0.005181169543384667	0.52	1.64	7.56	iteration	6      99997  1.1406691E+01  5.91E-02    0.52    1.64*   7.56
C_A07_S6_F3	fixed	A07_S6_F3	A07	F3	S6					154	7	99996	11.555316	0.057	0.004932794568318167	0.49	1.56	7.58	iteration	7      99996  1.1555316E+01  5.70E-02    0.49    1.56*   7.58
C_A07_S6_F3	fixed	A07_S6_F3	A07	F3	S6					155	8	99995	11.449557	0.0548	0.004786211379182618	0.48	1.51	8.44	iteration	8      99995  1.1449557E+01  5.48E-02    0.48    1.51*   8.44
C_A07_S6_F3	fixed	A07_S6_F3	A07	F3	S6					156	9	100003	11.497609	0.0542	0.004714023585251507	0.47	1.49	7.65	iteration	9     100003  1.1497609E+01  5.42E-02    0.47    1.49*   7.65
C_A07_S6_F3	fixed	A07_S6_F3	A07	F3	S6					157	10	99999	11.446452	0.0535	0.004673937391254513	0.47	1.48	7.97	iteration	10      99999  1.1446452E+01  5.35E-02    0.47    1.48*   7.97
C_A07_S6_F3	fixed	A07_S6_F3	A07	F3	S6					159	10	999975	11.487045	0.0215	0.0018716736985012244	0.19	1.87	7.97	aggregate	10     999975  1.1487045E+01  2.15E-02    0.19    1.87    7.97    0.68  10
C_A07_S6_F3	fixed	A07_S6_F3	A07	F3	S6					162	11	199996	11.520394	0.0377	0.003272457521852117	0.33	1.46	6.99	iteration	11     199996  1.1520394E+01  3.77E-02    0.33    1.46*   6.99
C_A07_S6_F3	fixed	A07_S6_F3	A07	F3	S6					163	12	199996	11.484055	0.0374	0.0032566893836715343	0.33	1.46	7.73	iteration	12     199996  1.1484055E+01  3.74E-02    0.33    1.46*   7.73
C_A07_S6_F3	fixed	A07_S6_F3	A07	F3	S6					164	13	199996	11.464091	0.0374	0.0032623607052665584	0.33	1.46	7.49	iteration	13     199996  1.1464091E+01  3.74E-02    0.33    1.46    7.49
C_A07_S6_F3	fixed	A07_S6_F3	A07	F3	S6					165	14	199996	11.491596	0.0373	0.003245850271798626	0.32	1.45	7.72	iteration	14     199996  1.1491596E+01  3.73E-02    0.32    1.45*   7.72
C_A07_S6_F3	fixed	A07_S6_F3	A07	F3	S6					166	15	199996	11.477997	0.0374	0.00325840823969548	0.33	1.46	7.73	iteration	15     199996  1.1477997E+01  3.74E-02    0.33    1.46    7.73
C_A07_S6_F3	fixed	A07_S6_F3	A07	F3	S6					167	16	199996	11.535145	0.0375	0.0032509344269187773	0.33	1.46	7.09	iteration	16     199996  1.1535145E+01  3.75E-02    0.33    1.46*   7.09
C_A07_S6_F3	fixed	A07_S6_F3	A07	F3	S6					168	17	199996	11.45552	0.0373	0.0032560721817953267	0.33	1.46	7.48	iteration	17     199996  1.1455520E+01  3.73E-02    0.33    1.46    7.48
C_A07_S6_F3	fixed	A07_S6_F3	A07	F3	S6					169	18	199996	11.546817	0.0376	0.0032563086433256886	0.33	1.46	7.61	iteration	18     199996  1.1546817E+01  3.76E-02    0.33    1.46*   7.61
C_A07_S6_F3	fixed	A07_S6_F3	A07	F3	S6					170	19	199996	11.542334	0.0376	0.0032575733816054882	0.33	1.46	7.62	iteration	19     199996  1.1542334E+01  3.76E-02    0.33    1.46    7.62
C_A07_S6_F3	fixed	A07_S6_F3	A07	F3	S6					171	20	199996	11.480862	0.0374	0.0032575951178578752	0.33	1.46	7.7	iteration	20     199996  1.1480862E+01  3.74E-02    0.33    1.46*   7.70
C_A07_S6_F3	fixed	A07_S6_F3	A07	F3	S6					173	20	1999960	11.499704	0.0118	0.0010261133677875536	0.1	1.46	7.7	aggregate	20    1999960  1.1499704E+01  1.18E-02    0.10    1.46    7.70    0.80  10
P_A07_S7	adaptive	A07_S7	A07		S7					152	1	99986	13.531981	1.6	0.11823841609000191	11.82	37.39	3.12	iteration	1      99986  1.3531981E+01  1.60E+00   11.82   37.39*   3.12
P_A07_S7	adaptive	A07_S7	A07		S7					153	2	99986	11.320929	0.181	0.01598808719673094	1.6	5.06	1.24	iteration	2      99986  1.1320929E+01  1.81E-01    1.60    5.06*   1.24
P_A07_S7	adaptive	A07_S7	A07		S7					154	3	100009	11.510882	0.1	0.008687431597335461	0.87	2.76	3.24	iteration	3     100009  1.1510882E+01  1.00E-01    0.87    2.76*   3.24
P_A07_S7	adaptive	A07_S7	A07		S7					155	4	100008	11.468276	0.0753	0.006565938943220412	0.66	2.08	5.37	iteration	4     100008  1.1468276E+01  7.53E-02    0.66    2.08*   5.37
P_A07_S7	adaptive	A07_S7	A07		S7					156	5	100002	11.52661	0.0653	0.005665152199996356	0.57	1.79	6.55	iteration	5     100002  1.1526610E+01  6.53E-02    0.57    1.79*   6.55
P_A07_S7	adaptive	A07_S7	A07		S7					157	6	99998	11.491119	0.0594	0.005169209369426947	0.52	1.63	7.05	iteration	6      99998  1.1491119E+01  5.94E-02    0.52    1.63*   7.05
P_A07_S7	adaptive	A07_S7	A07		S7					158	7	99998	11.472482	0.0561	0.004889961910596155	0.49	1.55	8.02	iteration	7      99998  1.1472482E+01  5.61E-02    0.49    1.55*   8.02
P_A07_S7	adaptive	A07_S7	A07		S7					159	8	100002	11.531231	0.0543	0.004708950848352617	0.47	1.49	8.6	iteration	8     100002  1.1531231E+01  5.43E-02    0.47    1.49*   8.60
P_A07_S7	adaptive	A07_S7	A07		S7					160	9	99997	11.452992	0.0531	0.0046363430621448095	0.46	1.47	8.43	iteration	9      99997  1.1452992E+01  5.31E-02    0.46    1.47*   8.43
P_A07_S7	adaptive	A07_S7	A07		S7					161	10	99996	11.500409	0.0529	0.004599836405818263	0.46	1.46	8.68	iteration	10      99996  1.1500409E+01  5.29E-02    0.46    1.46*   8.68
P_A07_S7	adaptive	A07_S7	A07		S7					163	10	999982	11.490825	0.0214	0.0018623554009394453	0.19	1.86	8.68	aggregate	10     999982  1.1490825E+01  2.14E-02    0.19    1.86    8.68    0.46  10
C_A07_S7_F0	fixed	A07_S7_F0	A07	F0	S7					148	1	99986	13.531981	1.6	0.11823841609000191	11.82	37.39	3.12	iteration	1      99986  1.3531981E+01  1.60E+00   11.82   37.39*   3.12
C_A07_S7_F0	fixed	A07_S7_F0	A07	F0	S7					149	2	99986	11.320929	0.181	0.01598808719673094	1.6	5.06	1.24	iteration	2      99986  1.1320929E+01  1.81E-01    1.60    5.06*   1.24
C_A07_S7_F0	fixed	A07_S7_F0	A07	F0	S7					150	3	100009	11.510882	0.1	0.008687431597335461	0.87	2.76	3.24	iteration	3     100009  1.1510882E+01  1.00E-01    0.87    2.76*   3.24
C_A07_S7_F0	fixed	A07_S7_F0	A07	F0	S7					151	4	100008	11.468276	0.0753	0.006565938943220412	0.66	2.08	5.37	iteration	4     100008  1.1468276E+01  7.53E-02    0.66    2.08*   5.37
C_A07_S7_F0	fixed	A07_S7_F0	A07	F0	S7					152	5	100002	11.52661	0.0653	0.005665152199996356	0.57	1.79	6.55	iteration	5     100002  1.1526610E+01  6.53E-02    0.57    1.79*   6.55
C_A07_S7_F0	fixed	A07_S7_F0	A07	F0	S7					153	6	99998	11.491119	0.0594	0.005169209369426947	0.52	1.63	7.05	iteration	6      99998  1.1491119E+01  5.94E-02    0.52    1.63*   7.05
C_A07_S7_F0	fixed	A07_S7_F0	A07	F0	S7					154	7	99998	11.472482	0.0561	0.004889961910596155	0.49	1.55	8.02	iteration	7      99998  1.1472482E+01  5.61E-02    0.49    1.55*   8.02
C_A07_S7_F0	fixed	A07_S7_F0	A07	F0	S7					155	8	100002	11.531231	0.0543	0.004708950848352617	0.47	1.49	8.6	iteration	8     100002  1.1531231E+01  5.43E-02    0.47    1.49*   8.60
C_A07_S7_F0	fixed	A07_S7_F0	A07	F0	S7					156	9	99997	11.452992	0.0531	0.0046363430621448095	0.46	1.47	8.43	iteration	9      99997  1.1452992E+01  5.31E-02    0.46    1.47*   8.43
C_A07_S7_F0	fixed	A07_S7_F0	A07	F0	S7					157	10	99996	11.500409	0.0529	0.004599836405818263	0.46	1.46	8.68	iteration	10      99996  1.1500409E+01  5.29E-02    0.46    1.46*   8.68
C_A07_S7_F0	fixed	A07_S7_F0	A07	F0	S7					159	10	999982	11.490825	0.0214	0.0018623554009394453	0.19	1.86	8.68	aggregate	10     999982  1.1490825E+01  2.14E-02    0.19    1.86    8.68    0.46  10
C_A07_S7_F0	fixed	A07_S7_F0	A07	F0	S7					162	11	199996	11.514279	0.0374	0.0032481408518935492	0.32	1.45	7.66	iteration	11     199996  1.1514279E+01  3.74E-02    0.32    1.45*   7.66
C_A07_S7_F0	fixed	A07_S7_F0	A07	F0	S7					163	12	199996	11.464961	0.0371	0.003235946463315488	0.32	1.45	8.11	iteration	12     199996  1.1464961E+01  3.71E-02    0.32    1.45*   8.11
C_A07_S7_F0	fixed	A07_S7_F0	A07	F0	S7					164	13	199996	11.439647	0.037	0.003234365535929561	0.32	1.45	7.43	iteration	13     199996  1.1439647E+01  3.70E-02    0.32    1.45*   7.43
C_A07_S7_F0	fixed	A07_S7_F0	A07	F0	S7					166	13	599988	11.472726	0.0215	0.0018740097166096356	0.19	1.45	7.43	aggregate	13     599988  1.1472726E+01  2.15E-02    0.19    1.45    7.43    1.04   3
C_A07_S7_F1	fixed	A07_S7_F1	A07	F1	S7					148	1	99986	13.531981	1.6	0.11823841609000191	11.82	37.39	3.12	iteration	1      99986  1.3531981E+01  1.60E+00   11.82   37.39*   3.12
C_A07_S7_F1	fixed	A07_S7_F1	A07	F1	S7					149	2	99986	11.320929	0.181	0.01598808719673094	1.6	5.06	1.24	iteration	2      99986  1.1320929E+01  1.81E-01    1.60    5.06*   1.24
C_A07_S7_F1	fixed	A07_S7_F1	A07	F1	S7					150	3	100009	11.510882	0.1	0.008687431597335461	0.87	2.76	3.24	iteration	3     100009  1.1510882E+01  1.00E-01    0.87    2.76*   3.24
C_A07_S7_F1	fixed	A07_S7_F1	A07	F1	S7					151	4	100008	11.468276	0.0753	0.006565938943220412	0.66	2.08	5.37	iteration	4     100008  1.1468276E+01  7.53E-02    0.66    2.08*   5.37
C_A07_S7_F1	fixed	A07_S7_F1	A07	F1	S7					152	5	100002	11.52661	0.0653	0.005665152199996356	0.57	1.79	6.55	iteration	5     100002  1.1526610E+01  6.53E-02    0.57    1.79*   6.55
C_A07_S7_F1	fixed	A07_S7_F1	A07	F1	S7					153	6	99998	11.491119	0.0594	0.005169209369426947	0.52	1.63	7.05	iteration	6      99998  1.1491119E+01  5.94E-02    0.52    1.63*   7.05
C_A07_S7_F1	fixed	A07_S7_F1	A07	F1	S7					154	7	99998	11.472482	0.0561	0.004889961910596155	0.49	1.55	8.02	iteration	7      99998  1.1472482E+01  5.61E-02    0.49    1.55*   8.02
C_A07_S7_F1	fixed	A07_S7_F1	A07	F1	S7					155	8	100002	11.531231	0.0543	0.004708950848352617	0.47	1.49	8.6	iteration	8     100002  1.1531231E+01  5.43E-02    0.47    1.49*   8.60
C_A07_S7_F1	fixed	A07_S7_F1	A07	F1	S7					156	9	99997	11.452992	0.0531	0.0046363430621448095	0.46	1.47	8.43	iteration	9      99997  1.1452992E+01  5.31E-02    0.46    1.47*   8.43
C_A07_S7_F1	fixed	A07_S7_F1	A07	F1	S7					157	10	99996	11.500409	0.0529	0.004599836405818263	0.46	1.46	8.68	iteration	10      99996  1.1500409E+01  5.29E-02    0.46    1.46*   8.68
C_A07_S7_F1	fixed	A07_S7_F1	A07	F1	S7					159	10	999982	11.490825	0.0214	0.0018623554009394453	0.19	1.86	8.68	aggregate	10     999982  1.1490825E+01  2.14E-02    0.19    1.86    8.68    0.46  10
C_A07_S7_F1	fixed	A07_S7_F1	A07	F1	S7					162	11	599998	11.465602	0.0215	0.001875174107735468	0.19	1.45	6.42	iteration	11     599998  1.1465602E+01  2.15E-02    0.19    1.45*   6.42
C_A07_S7_F1	fixed	A07_S7_F1	A07	F1	S7					164	11	599998	11.465602	0.0215	0.001875174107735468	0.19	1.45	6.42	iteration	11     599998  1.1465602E+01  2.15E-02    0.19    1.45    6.42
C_A07_S7_F2	fixed	A07_S7_F2	A07	F2	S7					148	1	99986	13.531981	1.6	0.11823841609000191	11.82	37.39	3.12	iteration	1      99986  1.3531981E+01  1.60E+00   11.82   37.39*   3.12
C_A07_S7_F2	fixed	A07_S7_F2	A07	F2	S7					149	2	99986	11.320929	0.181	0.01598808719673094	1.6	5.06	1.24	iteration	2      99986  1.1320929E+01  1.81E-01    1.60    5.06*   1.24
C_A07_S7_F2	fixed	A07_S7_F2	A07	F2	S7					150	3	100009	11.510882	0.1	0.008687431597335461	0.87	2.76	3.24	iteration	3     100009  1.1510882E+01  1.00E-01    0.87    2.76*   3.24
C_A07_S7_F2	fixed	A07_S7_F2	A07	F2	S7					151	4	100008	11.468276	0.0753	0.006565938943220412	0.66	2.08	5.37	iteration	4     100008  1.1468276E+01  7.53E-02    0.66    2.08*   5.37
C_A07_S7_F2	fixed	A07_S7_F2	A07	F2	S7					152	5	100002	11.52661	0.0653	0.005665152199996356	0.57	1.79	6.55	iteration	5     100002  1.1526610E+01  6.53E-02    0.57    1.79*   6.55
C_A07_S7_F2	fixed	A07_S7_F2	A07	F2	S7					153	6	99998	11.491119	0.0594	0.005169209369426947	0.52	1.63	7.05	iteration	6      99998  1.1491119E+01  5.94E-02    0.52    1.63*   7.05
C_A07_S7_F2	fixed	A07_S7_F2	A07	F2	S7					154	7	99998	11.472482	0.0561	0.004889961910596155	0.49	1.55	8.02	iteration	7      99998  1.1472482E+01  5.61E-02    0.49    1.55*   8.02
C_A07_S7_F2	fixed	A07_S7_F2	A07	F2	S7					155	8	100002	11.531231	0.0543	0.004708950848352617	0.47	1.49	8.6	iteration	8     100002  1.1531231E+01  5.43E-02    0.47    1.49*   8.60
C_A07_S7_F2	fixed	A07_S7_F2	A07	F2	S7					156	9	99997	11.452992	0.0531	0.0046363430621448095	0.46	1.47	8.43	iteration	9      99997  1.1452992E+01  5.31E-02    0.46    1.47*   8.43
C_A07_S7_F2	fixed	A07_S7_F2	A07	F2	S7					157	10	99996	11.500409	0.0529	0.004599836405818263	0.46	1.46	8.68	iteration	10      99996  1.1500409E+01  5.29E-02    0.46    1.46*   8.68
C_A07_S7_F2	fixed	A07_S7_F2	A07	F2	S7					159	10	999982	11.490825	0.0214	0.0018623554009394453	0.19	1.86	8.68	aggregate	10     999982  1.1490825E+01  2.14E-02    0.19    1.86    8.68    0.46  10
C_A07_S7_F2	fixed	A07_S7_F2	A07	F2	S7					162	11	1994834	11.49038	0.0117	0.001018243086825675	0.1	1.44	5.05	iteration	11    1994834  1.1490380E+01  1.17E-02    0.10    1.44*   5.05
C_A07_S7_F2	fixed	A07_S7_F2	A07	F2	S7					164	11	1994834	11.49038	0.0117	0.001018243086825675	0.1	1.44	5.05	iteration	11    1994834  1.1490380E+01  1.17E-02    0.10    1.44    5.05
C_A07_S7_F3	fixed	A07_S7_F3	A07	F3	S7					148	1	99986	13.531981	1.6	0.11823841609000191	11.82	37.39	3.12	iteration	1      99986  1.3531981E+01  1.60E+00   11.82   37.39*   3.12
C_A07_S7_F3	fixed	A07_S7_F3	A07	F3	S7					149	2	99986	11.320929	0.181	0.01598808719673094	1.6	5.06	1.24	iteration	2      99986  1.1320929E+01  1.81E-01    1.60    5.06*   1.24
C_A07_S7_F3	fixed	A07_S7_F3	A07	F3	S7					150	3	100009	11.510882	0.1	0.008687431597335461	0.87	2.76	3.24	iteration	3     100009  1.1510882E+01  1.00E-01    0.87    2.76*   3.24
C_A07_S7_F3	fixed	A07_S7_F3	A07	F3	S7					151	4	100008	11.468276	0.0753	0.006565938943220412	0.66	2.08	5.37	iteration	4     100008  1.1468276E+01  7.53E-02    0.66    2.08*   5.37
C_A07_S7_F3	fixed	A07_S7_F3	A07	F3	S7					152	5	100002	11.52661	0.0653	0.005665152199996356	0.57	1.79	6.55	iteration	5     100002  1.1526610E+01  6.53E-02    0.57    1.79*   6.55
C_A07_S7_F3	fixed	A07_S7_F3	A07	F3	S7					153	6	99998	11.491119	0.0594	0.005169209369426947	0.52	1.63	7.05	iteration	6      99998  1.1491119E+01  5.94E-02    0.52    1.63*   7.05
C_A07_S7_F3	fixed	A07_S7_F3	A07	F3	S7					154	7	99998	11.472482	0.0561	0.004889961910596155	0.49	1.55	8.02	iteration	7      99998  1.1472482E+01  5.61E-02    0.49    1.55*   8.02
C_A07_S7_F3	fixed	A07_S7_F3	A07	F3	S7					155	8	100002	11.531231	0.0543	0.004708950848352617	0.47	1.49	8.6	iteration	8     100002  1.1531231E+01  5.43E-02    0.47    1.49*   8.60
C_A07_S7_F3	fixed	A07_S7_F3	A07	F3	S7					156	9	99997	11.452992	0.0531	0.0046363430621448095	0.46	1.47	8.43	iteration	9      99997  1.1452992E+01  5.31E-02    0.46    1.47*   8.43
C_A07_S7_F3	fixed	A07_S7_F3	A07	F3	S7					157	10	99996	11.500409	0.0529	0.004599836405818263	0.46	1.46	8.68	iteration	10      99996  1.1500409E+01  5.29E-02    0.46    1.46*   8.68
C_A07_S7_F3	fixed	A07_S7_F3	A07	F3	S7					159	10	999982	11.490825	0.0214	0.0018623554009394453	0.19	1.86	8.68	aggregate	10     999982  1.1490825E+01  2.14E-02    0.19    1.86    8.68    0.46  10
C_A07_S7_F3	fixed	A07_S7_F3	A07	F3	S7					162	11	199996	11.514279	0.0374	0.0032481408518935492	0.32	1.45	7.66	iteration	11     199996  1.1514279E+01  3.74E-02    0.32    1.45*   7.66
C_A07_S7_F3	fixed	A07_S7_F3	A07	F3	S7					163	12	199996	11.464961	0.0371	0.003235946463315488	0.32	1.45	8.11	iteration	12     199996  1.1464961E+01  3.71E-02    0.32    1.45*   8.11
C_A07_S7_F3	fixed	A07_S7_F3	A07	F3	S7					164	13	199996	11.439647	0.037	0.003234365535929561	0.32	1.45	7.43	iteration	13     199996  1.1439647E+01  3.70E-02    0.32    1.45*   7.43
C_A07_S7_F3	fixed	A07_S7_F3	A07	F3	S7					165	14	199996	11.460325	0.0373	0.003254707000019633	0.33	1.46	7.54	iteration	14     199996  1.1460325E+01  3.73E-02    0.33    1.46    7.54
C_A07_S7_F3	fixed	A07_S7_F3	A07	F3	S7					166	15	199996	11.479962	0.0372	0.003240428844625095	0.32	1.45	7.36	iteration	15     199996  1.1479962E+01  3.72E-02    0.32    1.45*   7.36
C_A07_S7_F3	fixed	A07_S7_F3	A07	F3	S7					167	16	199996	11.50186	0.0373	0.0032429537483502665	0.32	1.45	7.75	iteration	16     199996  1.1501860E+01  3.73E-02    0.32    1.45*   7.75
C_A07_S7_F3	fixed	A07_S7_F3	A07	F3	S7					168	17	199996	11.527267	0.0374	0.0032444811072737363	0.32	1.45	7.63	iteration	17     199996  1.1527267E+01  3.74E-02    0.32    1.45    7.63
C_A07_S7_F3	fixed	A07_S7_F3	A07	F3	S7					169	18	199996	11.512663	0.0373	0.0032399106965955663	0.32	1.45	7.08	iteration	18     199996  1.1512663E+01  3.73E-02    0.32    1.45*   7.08
C_A07_S7_F3	fixed	A07_S7_F3	A07	F3	S7					170	19	199996	11.506665	0.0374	0.0032502901579215177	0.32	1.45	7.21	iteration	19     199996  1.1506665E+01  3.74E-02    0.32    1.45    7.21
C_A07_S7_F3	fixed	A07_S7_F3	A07	F3	S7					171	20	199996	11.463126	0.0371	0.003236464468767071	0.32	1.45	7.89	iteration	20     199996  1.1463126E+01  3.71E-02    0.32    1.45*   7.89
C_A07_S7_F3	fixed	A07_S7_F3	A07	F3	S7					173	20	1999960	11.486932	0.0118	0.0010272542746836144	0.1	1.45	7.89	aggregate	20    1999960  1.1486932E+01  1.18E-02    0.10    1.45    7.89    0.62  10
P_A08_S0	adaptive	A08_S0	A08		S0					152	1	250004	12.496459	0.949	0.07594151271172098	7.6	37.99	1.96	iteration	1     250004  1.2496459E+01  9.49E-01    7.60   37.99*   1.96
P_A08_S0	adaptive	A08_S0	A08		S0					153	2	250006	11.539269	0.0969	0.00839741234908381	0.84	4.2	1.76	iteration	2     250006  1.1539269E+01  9.69E-02    0.84    4.20*   1.76
P_A08_S0	adaptive	A08_S0	A08		S0					154	3	249994	11.516027	0.0517	0.004489395518089702	0.45	2.25	4.04	iteration	3     249994  1.1516027E+01  5.17E-02    0.45    2.25*   4.04
P_A08_S0	adaptive	A08_S0	A08		S0					155	4	249996	11.490467	0.0418	0.0036377981852260656	0.36	1.82	5.32	iteration	4     249996  1.1490467E+01  4.18E-02    0.36    1.82*   5.32
P_A08_S0	adaptive	A08_S0	A08		S0					157	4	1000000	11.505541	0.0308	0.002676971035086486	0.27	2.68	5.32	aggregate	4    1000000  1.1505541E+01  3.08E-02    0.27    2.68    5.32    0.46   4
C_A08_S0_F0	fixed	A08_S0_F0	A08	F0	S0					148	1	250004	12.496459	0.949	0.07594151271172098	7.6	37.99	1.96	iteration	1     250004  1.2496459E+01  9.49E-01    7.60   37.99*   1.96
C_A08_S0_F0	fixed	A08_S0_F0	A08	F0	S0					149	2	250006	11.539269	0.0969	0.00839741234908381	0.84	4.2	1.76	iteration	2     250006  1.1539269E+01  9.69E-02    0.84    4.20*   1.76
C_A08_S0_F0	fixed	A08_S0_F0	A08	F0	S0					150	3	249994	11.516027	0.0517	0.004489395518089702	0.45	2.25	4.04	iteration	3     249994  1.1516027E+01  5.17E-02    0.45    2.25*   4.04
C_A08_S0_F0	fixed	A08_S0_F0	A08	F0	S0					151	4	249996	11.490467	0.0418	0.0036377981852260656	0.36	1.82	5.32	iteration	4     249996  1.1490467E+01  4.18E-02    0.36    1.82*   5.32
C_A08_S0_F0	fixed	A08_S0_F0	A08	F0	S0					153	4	1000000	11.505541	0.0308	0.002676971035086486	0.27	2.68	5.32	aggregate	4    1000000  1.1505541E+01  3.08E-02    0.27    2.68    5.32    0.46   4
C_A08_S0_F0	fixed	A08_S0_F0	A08	F0	S0					156	5	201450	11.469595	0.0425	0.0037054490590121103	0.37	1.66	5.43	iteration	5     201450  1.1469595E+01  4.25E-02    0.37    1.66*   5.43
C_A08_S0_F0	fixed	A08_S0_F0	A08	F0	S0					157	6	201450	11.522116	0.0427	0.0037059165174174605	0.37	1.66	5.88	iteration	6     201450  1.1522116E+01  4.27E-02    0.37    1.66    5.88
C_A08_S0_F0	fixed	A08_S0_F0	A08	F0	S0					158	7	201450	11.535304	0.0431	0.0037363557995524	0.37	1.68	5.04	iteration	7     201450  1.1535304E+01  4.31E-02    0.37    1.68    5.04
C_A08_S0_F0	fixed	A08_S0_F0	A08	F0	S0					160	7	604350	11.508736	0.0247	0.002146195724708604	0.21	1.67	5.04	aggregate	7     604350  1.1508736E+01  2.47E-02    0.21    1.67    5.04    0.66   3
C_A08_S0_F1	fixed	A08_S0_F1	A08	F1	S0					148	1	250004	12.496459	0.949	0.07594151271172098	7.6	37.99	1.96	iteration	1     250004  1.2496459E+01  9.49E-01    7.60   37.99*   1.96
C_A08_S0_F1	fixed	A08_S0_F1	A08	F1	S0					149	2	250006	11.539269	0.0969	0.00839741234908381	0.84	4.2	1.76	iteration	2     250006  1.1539269E+01  9.69E-02    0.84    4.20*   1.76
C_A08_S0_F1	fixed	A08_S0_F1	A08	F1	S0					150	3	249994	11.516027	0.0517	0.004489395518089702	0.45	2.25	4.04	iteration	3     249994  1.1516027E+01  5.17E-02    0.45    2.25*   4.04
C_A08_S0_F1	fixed	A08_S0_F1	A08	F1	S0					151	4	249996	11.490467	0.0418	0.0036377981852260656	0.36	1.82	5.32	iteration	4     249996  1.1490467E+01  4.18E-02    0.36    1.82*   5.32
C_A08_S0_F1	fixed	A08_S0_F1	A08	F1	S0					153	4	1000000	11.505541	0.0308	0.002676971035086486	0.27	2.68	5.32	aggregate	4    1000000  1.1505541E+01  3.08E-02    0.27    2.68    5.32    0.46   4
C_A08_S0_F1	fixed	A08_S0_F1	A08	F1	S0					156	5	600005	11.478726	0.0246	0.002143094974128662	0.21	1.66	4.43	iteration	5     600005  1.1478726E+01  2.46E-02    0.21    1.66*   4.43
C_A08_S0_F1	fixed	A08_S0_F1	A08	F1	S0					158	5	600005	11.478726	0.0246	0.002143094974128662	0.21	1.66	4.43	iteration	5     600005  1.1478726E+01  2.46E-02    0.21    1.66    4.43
C_A08_S0_F2	fixed	A08_S0_F2	A08	F2	S0					148	1	250004	12.496459	0.949	0.07594151271172098	7.6	37.99	1.96	iteration	1     250004  1.2496459E+01  9.49E-01    7.60   37.99*   1.96
C_A08_S0_F2	fixed	A08_S0_F2	A08	F2	S0					149	2	250006	11.539269	0.0969	0.00839741234908381	0.84	4.2	1.76	iteration	2     250006  1.1539269E+01  9.69E-02    0.84    4.20*   1.76
C_A08_S0_F2	fixed	A08_S0_F2	A08	F2	S0					150	3	249994	11.516027	0.0517	0.004489395518089702	0.45	2.25	4.04	iteration	3     249994  1.1516027E+01  5.17E-02    0.45    2.25*   4.04
C_A08_S0_F2	fixed	A08_S0_F2	A08	F2	S0					151	4	249996	11.490467	0.0418	0.0036377981852260656	0.36	1.82	5.32	iteration	4     249996  1.1490467E+01  4.18E-02    0.36    1.82*   5.32
C_A08_S0_F2	fixed	A08_S0_F2	A08	F2	S0					153	4	1000000	11.505541	0.0308	0.002676971035086486	0.27	2.68	5.32	aggregate	4    1000000  1.1505541E+01  3.08E-02    0.27    2.68    5.32    0.46   4
C_A08_S0_F2	fixed	A08_S0_F2	A08	F2	S0					156	5	1990942	11.49163	0.0134	0.0011660660846198494	0.12	1.64	3.41	iteration	5    1990942  1.1491630E+01  1.34E-02    0.12    1.64*   3.41
C_A08_S0_F2	fixed	A08_S0_F2	A08	F2	S0					158	5	1990942	11.49163	0.0134	0.0011660660846198494	0.12	1.64	3.41	iteration	5    1990942  1.1491630E+01  1.34E-02    0.12    1.64    3.41
P_A08_S1	adaptive	A08_S1	A08		S1					152	1	250003	12.121186	0.955	0.07878766978742839	7.88	39.38	2.24	iteration	1     250003  1.2121186E+01  9.55E-01    7.88   39.38*   2.24
P_A08_S1	adaptive	A08_S1	A08		S1					153	2	250010	11.357213	0.0967	0.00851441282293464	0.85	4.26	1.65	iteration	2     250010  1.1357213E+01  9.67E-02    0.85    4.26*   1.65
P_A08_S1	adaptive	A08_S1	A08		S1					154	3	249982	11.481365	0.0545	0.0047468223508267526	0.47	2.37	3.33	iteration	3     249982  1.1481365E+01  5.45E-02    0.47    2.37*   3.33
P_A08_S1	adaptive	A08_S1	A08		S1					155	4	249994	11.522193	0.0439	0.003810038592479748	0.38	1.91	5.76	iteration	4     249994  1.1522193E+01  4.39E-02    0.38    1.91*   5.76
P_A08_S1	adaptive	A08_S1	A08		S1					157	4	999989	11.490275	0.0322	0.0028023698301389652	0.28	2.8	5.76	aggregate	4     999989  1.1490275E+01  3.22E-02    0.28    2.80    5.76    0.96   4
C_A08_S1_F0	fixed	A08_S1_F0	A08	F0	S1					148	1	250003	12.121186	0.955	0.07878766978742839	7.88	39.38	2.24	iteration	1     250003  1.2121186E+01  9.55E-01    7.88   39.38*   2.24
C_A08_S1_F0	fixed	A08_S1_F0	A08	F0	S1					149	2	250010	11.357213	0.0967	0.00851441282293464	0.85	4.26	1.65	iteration	2     250010  1.1357213E+01  9.67E-02    0.85    4.26*   1.65
C_A08_S1_F0	fixed	A08_S1_F0	A08	F0	S1					150	3	249982	11.481365	0.0545	0.0047468223508267526	0.47	2.37	3.33	iteration	3     249982  1.1481365E+01  5.45E-02    0.47    2.37*   3.33
C_A08_S1_F0	fixed	A08_S1_F0	A08	F0	S1					151	4	249994	11.522193	0.0439	0.003810038592479748	0.38	1.91	5.76	iteration	4     249994  1.1522193E+01  4.39E-02    0.38    1.91*   5.76
C_A08_S1_F0	fixed	A08_S1_F0	A08	F0	S1					153	4	999989	11.490275	0.0322	0.0028023698301389652	0.28	2.8	5.76	aggregate	4     999989  1.1490275E+01  3.22E-02    0.28    2.80    5.76    0.96   4
C_A08_S1_F0	fixed	A08_S1_F0	A08	F0	S1					156	5	201465	11.501258	0.0439	0.0038169737606094916	0.38	1.71	5.97	iteration	5     201465  1.1501258E+01  4.39E-02    0.38    1.71*   5.97
C_A08_S1_F0	fixed	A08_S1_F0	A08	F0	S1					157	6	201465	11.521093	0.044	0.003819082095769906	0.38	1.71	6.22	iteration	6     201465  1.1521093E+01  4.40E-02    0.38    1.71*   6.22
C_A08_S1_F0	fixed	A08_S1_F0	A08	F0	S1					158	7	201465	11.481093	0.0436	0.0037975478467076264	0.38	1.71	5.79	iteration	7     201465  1.1481093E+01  4.36E-02    0.38    1.71*   5.79
C_A08_S1_F0	fixed	A08_S1_F0	A08	F0	S1					160	7	604395	11.501047	0.0253	0.002199799722581779	0.22	1.71	5.79	aggregate	7     604395  1.1501047E+01  2.53E-02    0.22    1.71    5.79    0.21   3
C_A08_S1_F1	fixed	A08_S1_F1	A08	F1	S1					148	1	250003	12.121186	0.955	0.07878766978742839	7.88	39.38	2.24	iteration	1     250003  1.2121186E+01  9.55E-01    7.88   39.38*   2.24
C_A08_S1_F1	fixed	A08_S1_F1	A08	F1	S1					149	2	250010	11.357213	0.0967	0.00851441282293464	0.85	4.26	1.65	iteration	2     250010  1.1357213E+01  9.67E-02    0.85    4.26*   1.65
C_A08_S1_F1	fixed	A08_S1_F1	A08	F1	S1					150	3	249982	11.481365	0.0545	0.0047468223508267526	0.47	2.37	3.33	iteration	3     249982  1.1481365E+01  5.45E-02    0.47    2.37*   3.33
C_A08_S1_F1	fixed	A08_S1_F1	A08	F1	S1					151	4	249994	11.522193	0.0439	0.003810038592479748	0.38	1.91	5.76	iteration	4     249994  1.1522193E+01  4.39E-02    0.38    1.91*   5.76
C_A08_S1_F1	fixed	A08_S1_F1	A08	F1	S1					153	4	999989	11.490275	0.0322	0.0028023698301389652	0.28	2.8	5.76	aggregate	4     999989  1.1490275E+01  3.22E-02    0.28    2.80    5.76    0.96   4
C_A08_S1_F1	fixed	A08_S1_F1	A08	F1	S1					156	5	599995	11.503072	0.0254	0.002208105799911537	0.22	1.71	4.87	iteration	5     599995  1.1503072E+01  2.54E-02    0.22    1.71*   4.87
C_A08_S1_F1	fixed	A08_S1_F1	A08	F1	S1					158	5	599995	11.503072	0.0254	0.002208105799911537	0.22	1.71	4.87	iteration	5     599995  1.1503072E+01  2.54E-02    0.22    1.71    4.87
C_A08_S1_F2	fixed	A08_S1_F2	A08	F2	S1					148	1	250003	12.121186	0.955	0.07878766978742839	7.88	39.38	2.24	iteration	1     250003  1.2121186E+01  9.55E-01    7.88   39.38*   2.24
C_A08_S1_F2	fixed	A08_S1_F2	A08	F2	S1					149	2	250010	11.357213	0.0967	0.00851441282293464	0.85	4.26	1.65	iteration	2     250010  1.1357213E+01  9.67E-02    0.85    4.26*   1.65
C_A08_S1_F2	fixed	A08_S1_F2	A08	F2	S1					150	3	249982	11.481365	0.0545	0.0047468223508267526	0.47	2.37	3.33	iteration	3     249982  1.1481365E+01  5.45E-02    0.47    2.37*   3.33
C_A08_S1_F2	fixed	A08_S1_F2	A08	F2	S1					151	4	249994	11.522193	0.0439	0.003810038592479748	0.38	1.91	5.76	iteration	4     249994  1.1522193E+01  4.39E-02    0.38    1.91*   5.76
C_A08_S1_F2	fixed	A08_S1_F2	A08	F2	S1					153	4	999989	11.490275	0.0322	0.0028023698301389652	0.28	2.8	5.76	aggregate	4     999989  1.1490275E+01  3.22E-02    0.28    2.80    5.76    0.96   4
C_A08_S1_F2	fixed	A08_S1_F2	A08	F2	S1					156	5	1969274	11.477055	0.0139	0.001211112084066862	0.12	1.7	3.42	iteration	5    1969274  1.1477055E+01  1.39E-02    0.12    1.70*   3.42
C_A08_S1_F2	fixed	A08_S1_F2	A08	F2	S1					158	5	1969274	11.477055	0.0139	0.001211112084066862	0.12	1.7	3.42	iteration	5    1969274  1.1477055E+01  1.39E-02    0.12    1.70    3.42
P_A08_S2	adaptive	A08_S2	A08		S2					152	1	249984	11.674902	0.951	0.08145678653234091	8.14	40.72	1.83	iteration	1     249984  1.1674902E+01  9.51E-01    8.14   40.72*   1.83
P_A08_S2	adaptive	A08_S2	A08		S2					153	2	249987	11.676514	0.0967	0.008281581300720403	0.83	4.14	1.69	iteration	2     249987  1.1676514E+01  9.67E-02    0.83    4.14*   1.69
P_A08_S2	adaptive	A08_S2	A08		S2					154	3	249999	11.551886	0.0521	0.004510086058674748	0.45	2.25	4.14	iteration	3     249999  1.1551886E+01  5.21E-02    0.45    2.25*   4.14
P_A08_S2	adaptive	A08_S2	A08		S2					155	4	250003	11.509183	0.0422	0.0036666373277755683	0.37	1.83	5.01	iteration	4     250003  1.1509183E+01  4.22E-02    0.37    1.83*   5.01
P_A08_S2	adaptive	A08_S2	A08		S2					157	4	999973	11.541783	0.031	0.002685893505362213	0.27	2.69	5.01	aggregate	4     999973  1.1541783E+01  3.10E-02    0.27    2.69    5.01    0.86   4
C_A08_S2_F0	fixed	A08_S2_F0	A08	F0	S2					148	1	249984	11.674902	0.951	0.08145678653234091	8.14	40.72	1.83	iteration	1     249984  1.1674902E+01  9.51E-01    8.14   40.72*   1.83
C_A08_S2_F0	fixed	A08_S2_F0	A08	F0	S2					149	2	249987	11.676514	0.0967	0.008281581300720403	0.83	4.14	1.69	iteration	2     249987  1.1676514E+01  9.67E-02    0.83    4.14*   1.69
C_A08_S2_F0	fixed	A08_S2_F0	A08	F0	S2					150	3	249999	11.551886	0.0521	0.004510086058674748	0.45	2.25	4.14	iteration	3     249999  1.1551886E+01  5.21E-02    0.45    2.25*   4.14
C_A08_S2_F0	fixed	A08_S2_F0	A08	F0	S2					151	4	250003	11.509183	0.0422	0.0036666373277755683	0.37	1.83	5.01	iteration	4     250003  1.1509183E+01  4.22E-02    0.37    1.83*   5.01
C_A08_S2_F0	fixed	A08_S2_F0	A08	F0	S2					153	4	999973	11.541783	0.031	0.002685893505362213	0.27	2.69	5.01	aggregate	4     999973  1.1541783E+01  3.10E-02    0.27    2.69    5.01    0.86   4
C_A08_S2_F0	fixed	A08_S2_F0	A08	F0	S2					156	5	201474	11.484899	0.0428	0.0037266326852330176	0.37	1.67	7.03	iteration	5     201474  1.1484899E+01  4.28E-02    0.37    1.67*   7.03
C_A08_S2_F0	fixed	A08_S2_F0	A08	F0	S2					157	6	201474	11.497357	0.0426	0.0037051993775612953	0.37	1.66	6.56	iteration	6     201474  1.1497357E+01  4.26E-02    0.37    1.66*   6.56
C_A08_S2_F0	fixed	A08_S2_F0	A08	F0	S2					158	7	201474	11.498338	0.0429	0.0037309739894583025	0.37	1.67	6.41	iteration	7     201474  1.1498338E+01  4.29E-02    0.37    1.67    6.41
C_A08_S2_F0	fixed	A08_S2_F0	A08	F0	S2					160	7	604422	11.49353	0.0247	0.002149035152820761	0.21	1.67	6.41	aggregate	7     604422  1.1493530E+01  2.47E-02    0.21    1.67    6.41    0.03   3
C_A08_S2_F1	fixed	A08_S2_F1	A08	F1	S2					148	1	249984	11.674902	0.951	0.08145678653234091	8.14	40.72	1.83	iteration	1     249984  1.1674902E+01  9.51E-01    8.14   40.72*   1.83
C_A08_S2_F1	fixed	A08_S2_F1	A08	F1	S2					149	2	249987	11.676514	0.0967	0.008281581300720403	0.83	4.14	1.69	iteration	2     249987  1.1676514E+01  9.67E-02    0.83    4.14*   1.69
C_A08_S2_F1	fixed	A08_S2_F1	A08	F1	S2					150	3	249999	11.551886	0.0521	0.004510086058674748	0.45	2.25	4.14	iteration	3     249999  1.1551886E+01  5.21E-02    0.45    2.25*   4.14
C_A08_S2_F1	fixed	A08_S2_F1	A08	F1	S2					151	4	250003	11.509183	0.0422	0.0036666373277755683	0.37	1.83	5.01	iteration	4     250003  1.1509183E+01  4.22E-02    0.37    1.83*   5.01
C_A08_S2_F1	fixed	A08_S2_F1	A08	F1	S2					153	4	999973	11.541783	0.031	0.002685893505362213	0.27	2.69	5.01	aggregate	4     999973  1.1541783E+01  3.10E-02    0.27    2.69    5.01    0.86   4
C_A08_S2_F1	fixed	A08_S2_F1	A08	F1	S2					156	5	599996	11.511423	0.0248	0.00215438178233916	0.22	1.67	5.3	iteration	5     599996  1.1511423E+01  2.48E-02    0.22    1.67*   5.30
C_A08_S2_F1	fixed	A08_S2_F1	A08	F1	S2					158	5	599996	11.511423	0.0248	0.00215438178233916	0.22	1.67	5.3	iteration	5     599996  1.1511423E+01  2.48E-02    0.22    1.67    5.30
C_A08_S2_F2	fixed	A08_S2_F2	A08	F2	S2					148	1	249984	11.674902	0.951	0.08145678653234091	8.14	40.72	1.83	iteration	1     249984  1.1674902E+01  9.51E-01    8.14   40.72*   1.83
C_A08_S2_F2	fixed	A08_S2_F2	A08	F2	S2					149	2	249987	11.676514	0.0967	0.008281581300720403	0.83	4.14	1.69	iteration	2     249987  1.1676514E+01  9.67E-02    0.83    4.14*   1.69
C_A08_S2_F2	fixed	A08_S2_F2	A08	F2	S2					150	3	249999	11.551886	0.0521	0.004510086058674748	0.45	2.25	4.14	iteration	3     249999  1.1551886E+01  5.21E-02    0.45    2.25*   4.14
C_A08_S2_F2	fixed	A08_S2_F2	A08	F2	S2					151	4	250003	11.509183	0.0422	0.0036666373277755683	0.37	1.83	5.01	iteration	4     250003  1.1509183E+01  4.22E-02    0.37    1.83*   5.01
C_A08_S2_F2	fixed	A08_S2_F2	A08	F2	S2					153	4	999973	11.541783	0.031	0.002685893505362213	0.27	2.69	5.01	aggregate	4     999973  1.1541783E+01  3.10E-02    0.27    2.69    5.01    0.86   4
C_A08_S2_F2	fixed	A08_S2_F2	A08	F2	S2					156	5	1976072	11.511756	0.0135	0.0011727142236162753	0.12	1.65	4.43	iteration	5    1976072  1.1511756E+01  1.35E-02    0.12    1.65*   4.43
C_A08_S2_F2	fixed	A08_S2_F2	A08	F2	S2					158	5	1976072	11.511756	0.0135	0.0011727142236162753	0.12	1.65	4.43	iteration	5    1976072  1.1511756E+01  1.35E-02    0.12    1.65    4.43
P_A08_S3	adaptive	A08_S3	A08		S3					152	1	250004	10.218202	0.804	0.07868311861519278	7.87	39.37	2.05	iteration	1     250004  1.0218202E+01  8.04E-01    7.87   39.37*   2.05
P_A08_S3	adaptive	A08_S3	A08		S3					153	2	249988	11.410797	0.0965	0.008456902703641122	0.85	4.23	1.61	iteration	2     249988  1.1410797E+01  9.65E-02    0.85    4.23*   1.61
P_A08_S3	adaptive	A08_S3	A08		S3					154	3	250000	11.529863	0.0526	0.00456206634892366	0.46	2.28	3.75	iteration	3     250000  1.1529863E+01  5.26E-02    0.46    2.28*   3.75
P_A08_S3	adaptive	A08_S3	A08		S3					155	4	250001	11.488545	0.0415	0.0036122938109220968	0.36	1.8	5.64	iteration	4     250001  1.1488545E+01  4.15E-02    0.36    1.80*   5.64
P_A08_S3	adaptive	A08_S3	A08		S3					157	4	999993	11.492927	0.0308	0.0026799091301980774	0.27	2.68	5.64	aggregate	4     999993  1.1492927E+01  3.08E-02    0.27    2.68    5.64    1.25   4
C_A08_S3_F0	fixed	A08_S3_F0	A08	F0	S3					148	1	250004	10.218202	0.804	0.07868311861519278	7.87	39.37	2.05	iteration	1     250004  1.0218202E+01  8.04E-01    7.87   39.37*   2.05
C_A08_S3_F0	fixed	A08_S3_F0	A08	F0	S3					149	2	249988	11.410797	0.0965	0.008456902703641122	0.85	4.23	1.61	iteration	2     249988  1.1410797E+01  9.65E-02    0.85    4.23*   1.61
C_A08_S3_F0	fixed	A08_S3_F0	A08	F0	S3					150	3	250000	11.529863	0.0526	0.00456206634892366	0.46	2.28	3.75	iteration	3     250000  1.1529863E+01  5.26E-02    0.46    2.28*   3.75
C_A08_S3_F0	fixed	A08_S3_F0	A08	F0	S3					151	4	250001	11.488545	0.0415	0.0036122938109220968	0.36	1.8	5.64	iteration	4     250001  1.1488545E+01  4.15E-02    0.36    1.80*   5.64
C_A08_S3_F0	fixed	A08_S3_F0	A08	F0	S3					153	4	999993	11.492927	0.0308	0.0026799091301980774	0.27	2.68	5.64	aggregate	4     999993  1.1492927E+01  3.08E-02    0.27    2.68    5.64    1.25   4
C_A08_S3_F0	fixed	A08_S3_F0	A08	F0	S3					156	5	201435	11.534435	0.0421	0.0036499403741925805	0.37	1.64	6.47	iteration	5     201435  1.1534435E+01  4.21E-02    0.37    1.64*   6.47
C_A08_S3_F0	fixed	A08_S3_F0	A08	F0	S3					157	6	201435	11.486691	0.0419	0.003647699759660985	0.36	1.64	6.71	iteration	6     201435  1.1486691E+01  4.19E-02    0.36    1.64*   6.71
C_A08_S3_F0	fixed	A08_S3_F0	A08	F0	S3					158	7	201435	11.482695	0.042	0.0036576779231704756	0.37	1.64	6.0	iteration	7     201435  1.1482695E+01  4.20E-02    0.37    1.64    6.00
C_A08_S3_F0	fixed	A08_S3_F0	A08	F0	S3					160	7	604305	11.501174	0.0243	0.0021128277861025314	0.21	1.64	6.0	aggregate	7     604305  1.1501174E+01  2.43E-02    0.21    1.64    6.00    0.47   3
C_A08_S3_F1	fixed	A08_S3_F1	A08	F1	S3					148	1	250004	10.218202	0.804	0.07868311861519278	7.87	39.37	2.05	iteration	1     250004  1.0218202E+01  8.04E-01    7.87   39.37*   2.05
C_A08_S3_F1	fixed	A08_S3_F1	A08	F1	S3					149	2	249988	11.410797	0.0965	0.008456902703641122	0.85	4.23	1.61	iteration	2     249988  1.1410797E+01  9.65E-02    0.85    4.23*   1.61
C_A08_S3_F1	fixed	A08_S3_F1	A08	F1	S3					150	3	250000	11.529863	0.0526	0.00456206634892366	0.46	2.28	3.75	iteration	3     250000  1.1529863E+01  5.26E-02    0.46    2.28*   3.75
C_A08_S3_F1	fixed	A08_S3_F1	A08	F1	S3					151	4	250001	11.488545	0.0415	0.0036122938109220968	0.36	1.8	5.64	iteration	4     250001  1.1488545E+01  4.15E-02    0.36    1.80*   5.64
C_A08_S3_F1	fixed	A08_S3_F1	A08	F1	S3					153	4	999993	11.492927	0.0308	0.0026799091301980774	0.27	2.68	5.64	aggregate	4     999993  1.1492927E+01  3.08E-02    0.27    2.68    5.64    1.25   4
C_A08_S3_F1	fixed	A08_S3_F1	A08	F1	S3					156	5	599989	11.501073	0.0243	0.0021128463405110116	0.21	1.64	5.02	iteration	5     599989  1.1501073E+01  2.43E-02    0.21    1.64*   5.02
C_A08_S3_F1	fixed	A08_S3_F1	A08	F1	S3					158	5	599989	11.501073	0.0243	0.0021128463405110116	0.21	1.64	5.02	iteration	5     599989  1.1501073E+01  2.43E-02    0.21    1.64    5.02
C_A08_S3_F2	fixed	A08_S3_F2	A08	F2	S3					148	1	250004	10.218202	0.804	0.07868311861519278	7.87	39.37	2.05	iteration	1     250004  1.0218202E+01  8.04E-01    7.87   39.37*   2.05
C_A08_S3_F2	fixed	A08_S3_F2	A08	F2	S3					149	2	249988	11.410797	0.0965	0.008456902703641122	0.85	4.23	1.61	iteration	2     249988  1.1410797E+01  9.65E-02    0.85    4.23*   1.61
C_A08_S3_F2	fixed	A08_S3_F2	A08	F2	S3					150	3	250000	11.529863	0.0526	0.00456206634892366	0.46	2.28	3.75	iteration	3     250000  1.1529863E+01  5.26E-02    0.46    2.28*   3.75
C_A08_S3_F2	fixed	A08_S3_F2	A08	F2	S3					151	4	250001	11.488545	0.0415	0.0036122938109220968	0.36	1.8	5.64	iteration	4     250001  1.1488545E+01  4.15E-02    0.36    1.80*   5.64
C_A08_S3_F2	fixed	A08_S3_F2	A08	F2	S3					153	4	999993	11.492927	0.0308	0.0026799091301980774	0.27	2.68	5.64	aggregate	4     999993  1.1492927E+01  3.08E-02    0.27    2.68    5.64    1.25   4
C_A08_S3_F2	fixed	A08_S3_F2	A08	F2	S3					156	5	1978501	11.509879	0.0133	0.001155529089402243	0.12	1.62	4.23	iteration	5    1978501  1.1509879E+01  1.33E-02    0.12    1.62*   4.23
C_A08_S3_F2	fixed	A08_S3_F2	A08	F2	S3					158	5	1978501	11.509879	0.0133	0.001155529089402243	0.12	1.62	4.23	iteration	5    1978501  1.1509879E+01  1.33E-02    0.12    1.62    4.23
P_A08_S4	adaptive	A08_S4	A08		S4					152	1	249970	11.200673	0.897	0.08008447349547657	8.01	40.04	1.91	iteration	1     249970  1.1200673E+01  8.97E-01    8.01   40.04*   1.91
P_A08_S4	adaptive	A08_S4	A08		S4					153	2	250003	11.360048	0.093	0.008186585127105095	0.82	4.09	2.03	iteration	2     250003  1.1360048E+01  9.30E-02    0.82    4.09*   2.03
P_A08_S4	adaptive	A08_S4	A08		S4					154	3	250002	11.467487	0.0552	0.004813609119417358	0.48	2.41	3.2	iteration	3     250002  1.1467487E+01  5.52E-02    0.48    2.41*   3.20
P_A08_S4	adaptive	A08_S4	A08		S4					155	4	250008	11.520767	0.0443	0.0038452300962253643	0.38	1.92	4.52	iteration	4     250008  1.1520767E+01  4.43E-02    0.38    1.92*   4.52
P_A08_S4	adaptive	A08_S4	A08		S4					157	4	999983	11.48256	0.0324	0.0028216704288939053	0.28	2.82	4.52	aggregate	4     999983  1.1482560E+01  3.24E-02    0.28    2.82    4.52    0.88   4
C_A08_S4_F0	fixed	A08_S4_F0	A08	F0	S4					148	1	249970	11.200673	0.897	0.08008447349547657	8.01	40.04	1.91	iteration	1     249970  1.1200673E+01  8.97E-01    8.01   40.04*   1.91
C_A08_S4_F0	fixed	A08_S4_F0	A08	F0	S4					149	2	250003	11.360048	0.093	0.008186585127105095	0.82	4.09	2.03	iteration	2     250003  1.1360048E+01  9.30E-02    0.82    4.09*   2.03
C_A08_S4_F0	fixed	A08_S4_F0	A08	F0	S4					150	3	250002	11.467487	0.0552	0.004813609119417358	0.48	2.41	3.2	iteration	3     250002  1.1467487E+01  5.52E-02    0.48    2.41*   3.20
C_A08_S4_F0	fixed	A08_S4_F0	A08	F0	S4					151	4	250008	11.520767	0.0443	0.0038452300962253643	0.38	1.92	4.52	iteration	4     250008  1.1520767E+01  4.43E-02    0.38    1.92*   4.52
C_A08_S4_F0	fixed	A08_S4_F0	A08	F0	S4					153	4	999983	11.48256	0.0324	0.0028216704288939053	0.28	2.82	4.52	aggregate	4     999983  1.1482560E+01  3.24E-02    0.28    2.82    4.52    0.88   4
C_A08_S4_F0	fixed	A08_S4_F0	A08	F0	S4					156	5	201448	11.440353	0.0438	0.0038285531923708998	0.38	1.72	5.65	iteration	5     201448  1.1440353E+01  4.38E-02    0.38    1.72*   5.65
C_A08_S4_F0	fixed	A08_S4_F0	A08	F0	S4					157	6	201448	11.450556	0.044	0.003842608166799935	0.38	1.73	5.72	iteration	6     201448  1.1450556E+01  4.40E-02    0.38    1.73    5.72
C_A08_S4_F0	fixed	A08_S4_F0	A08	F0	S4					158	7	201448	11.482131	0.0442	0.0038494596516970587	0.39	1.73	5.88	iteration	7     201448  1.1482131E+01  4.42E-02    0.39    1.73    5.88
C_A08_S4_F0	fixed	A08_S4_F0	A08	F0	S4					160	7	604344	11.457551	0.0254	0.0022168786331389664	0.22	1.72	5.88	aggregate	7     604344  1.1457551E+01  2.54E-02    0.22    1.72    5.88    0.24   3
C_A08_S4_F1	fixed	A08_S4_F1	A08	F1	S4					148	1	249970	11.200673	0.897	0.08008447349547657	8.01	40.04	1.91	iteration	1     249970  1.1200673E+01  8.97E-01    8.01   40.04*   1.91
C_A08_S4_F1	fixed	A08_S4_F1	A08	F1	S4					149	2	250003	11.360048	0.093	0.008186585127105095	0.82	4.09	2.03	iteration	2     250003  1.1360048E+01  9.30E-02    0.82    4.09*   2.03
C_A08_S4_F1	fixed	A08_S4_F1	A08	F1	S4					150	3	250002	11.467487	0.0552	0.004813609119417358	0.48	2.41	3.2	iteration	3     250002  1.1467487E+01  5.52E-02    0.48    2.41*   3.20
C_A08_S4_F1	fixed	A08_S4_F1	A08	F1	S4					151	4	250008	11.520767	0.0443	0.0038452300962253643	0.38	1.92	4.52	iteration	4     250008  1.1520767E+01  4.43E-02    0.38    1.92*   4.52
C_A08_S4_F1	fixed	A08_S4_F1	A08	F1	S4					153	4	999983	11.48256	0.0324	0.0028216704288939053	0.28	2.82	4.52	aggregate	4     999983  1.1482560E+01  3.24E-02    0.28    2.82    4.52    0.88   4
C_A08_S4_F1	fixed	A08_S4_F1	A08	F1	S4					156	5	600008	11.4711	0.0254	0.0022142601842892137	0.22	1.72	4.82	iteration	5     600008  1.1471100E+01  2.54E-02    0.22    1.72*   4.82
C_A08_S4_F1	fixed	A08_S4_F1	A08	F1	S4					158	5	600008	11.4711	0.0254	0.0022142601842892137	0.22	1.72	4.82	iteration	5     600008  1.1471100E+01  2.54E-02    0.22    1.72    4.82
C_A08_S4_F2	fixed	A08_S4_F2	A08	F2	S4					148	1	249970	11.200673	0.897	0.08008447349547657	8.01	40.04	1.91	iteration	1     249970  1.1200673E+01  8.97E-01    8.01   40.04*   1.91
C_A08_S4_F2	fixed	A08_S4_F2	A08	F2	S4					149	2	250003	11.360048	0.093	0.008186585127105095	0.82	4.09	2.03	iteration	2     250003  1.1360048E+01  9.30E-02    0.82    4.09*   2.03
C_A08_S4_F2	fixed	A08_S4_F2	A08	F2	S4					150	3	250002	11.467487	0.0552	0.004813609119417358	0.48	2.41	3.2	iteration	3     250002  1.1467487E+01  5.52E-02    0.48    2.41*   3.20
C_A08_S4_F2	fixed	A08_S4_F2	A08	F2	S4					151	4	250008	11.520767	0.0443	0.0038452300962253643	0.38	1.92	4.52	iteration	4     250008  1.1520767E+01  4.43E-02    0.38    1.92*   4.52
C_A08_S4_F2	fixed	A08_S4_F2	A08	F2	S4					153	4	999983	11.48256	0.0324	0.0028216704288939053	0.28	2.82	4.52	aggregate	4     999983  1.1482560E+01  3.24E-02    0.28    2.82    4.52    0.88   4
C_A08_S4_F2	fixed	A08_S4_F2	A08	F2	S4					156	5	1979862	11.482231	0.0139	0.0012105661347520354	0.12	1.71	3.92	iteration	5    1979862  1.1482231E+01  1.39E-02    0.12    1.71*   3.92
C_A08_S4_F2	fixed	A08_S4_F2	A08	F2	S4					158	5	1979862	11.482231	0.0139	0.0012105661347520354	0.12	1.71	3.92	iteration	5    1979862  1.1482231E+01  1.39E-02    0.12    1.71    3.92
P_A08_S5	adaptive	A08_S5	A08		S5					152	1	250016	11.860951	0.992	0.08363578940676848	8.37	41.83	1.63	iteration	1     250016  1.1860951E+01  9.92E-01    8.37   41.83*   1.63
P_A08_S5	adaptive	A08_S5	A08		S5					153	2	249991	11.559807	0.0995	0.008607410141017062	0.86	4.3	1.69	iteration	2     249991  1.1559807E+01  9.95E-02    0.86    4.30*   1.69
P_A08_S5	adaptive	A08_S5	A08		S5					154	3	249999	11.52504	0.0559	0.00485030854556687	0.49	2.43	2.52	iteration	3     249999  1.1525040E+01  5.59E-02    0.49    2.43*   2.52
P_A08_S5	adaptive	A08_S5	A08		S5					155	4	249994	11.479905	0.0436	0.0037979408366184213	0.38	1.9	5.27	iteration	4     249994  1.1479905E+01  4.36E-02    0.38    1.90*   5.27
P_A08_S5	adaptive	A08_S5	A08		S5					157	4	1000000	11.504036	0.0325	0.0028250954708417117	0.28	2.82	5.27	aggregate	4    1000000  1.1504036E+01  3.25E-02    0.28    2.82    5.27    0.30   4
C_A08_S5_F0	fixed	A08_S5_F0	A08	F0	S5					148	1	250016	11.860951	0.992	0.08363578940676848	8.37	41.83	1.63	iteration	1     250016  1.1860951E+01  9.92E-01    8.37   41.83*   1.63
C_A08_S5_F0	fixed	A08_S5_F0	A08	F0	S5					149	2	249991	11.559807	0.0995	0.008607410141017062	0.86	4.3	1.69	iteration	2     249991  1.1559807E+01  9.95E-02    0.86    4.30*   1.69
C_A08_S5_F0	fixed	A08_S5_F0	A08	F0	S5					150	3	249999	11.52504	0.0559	0.00485030854556687	0.49	2.43	2.52	iteration	3     249999  1.1525040E+01  5.59E-02    0.49    2.43*   2.52
C_A08_S5_F0	fixed	A08_S5_F0	A08	F0	S5					151	4	249994	11.479905	0.0436	0.0037979408366184213	0.38	1.9	5.27	iteration	4     249994  1.1479905E+01  4.36E-02    0.38    1.90*   5.27
C_A08_S5_F0	fixed	A08_S5_F0	A08	F0	S5					153	4	1000000	11.504036	0.0325	0.0028250954708417117	0.28	2.82	5.27	aggregate	4    1000000  1.1504036E+01  3.25E-02    0.28    2.82    5.27    0.30   4
C_A08_S5_F0	fixed	A08_S5_F0	A08	F0	S5					156	5	201436	11.509393	0.0431	0.0037447674260493147	0.37	1.68	6.25	iteration	5     201436  1.1509393E+01  4.31E-02    0.37    1.68*   6.25
C_A08_S5_F0	fixed	A08_S5_F0	A08	F0	S5					157	6	201436	11.519317	0.0432	0.003750222343911536	0.38	1.68	5.87	iteration	6     201436  1.1519317E+01  4.32E-02    0.38    1.68    5.87
C_A08_S5_F0	fixed	A08_S5_F0	A08	F0	S5					158	7	201436	11.497015	0.0433	0.0037661949645190515	0.38	1.69	5.54	iteration	7     201436  1.1497015E+01  4.33E-02    0.38    1.69    5.54
C_A08_S5_F0	fixed	A08_S5_F0	A08	F0	S5					160	7	604308	11.508583	0.0249	0.002163602591213879	0.22	1.68	5.54	aggregate	7     604308  1.1508583E+01  2.49E-02    0.22    1.68    5.54    0.07   3
C_A08_S5_F1	fixed	A08_S5_F1	A08	F1	S5					148	1	250016	11.860951	0.992	0.08363578940676848	8.37	41.83	1.63	iteration	1     250016  1.1860951E+01  9.92E-01    8.37   41.83*   1.63
C_A08_S5_F1	fixed	A08_S5_F1	A08	F1	S5					149	2	249991	11.559807	0.0995	0.008607410141017062	0.86	4.3	1.69	iteration	2     249991  1.1559807E+01  9.95E-02    0.86    4.30*   1.69
C_A08_S5_F1	fixed	A08_S5_F1	A08	F1	S5					150	3	249999	11.52504	0.0559	0.00485030854556687	0.49	2.43	2.52	iteration	3     249999  1.1525040E+01  5.59E-02    0.49    2.43*   2.52
C_A08_S5_F1	fixed	A08_S5_F1	A08	F1	S5					151	4	249994	11.479905	0.0436	0.0037979408366184213	0.38	1.9	5.27	iteration	4     249994  1.1479905E+01  4.36E-02    0.38    1.90*   5.27
C_A08_S5_F1	fixed	A08_S5_F1	A08	F1	S5					153	4	1000000	11.504036	0.0325	0.0028250954708417117	0.28	2.82	5.27	aggregate	4    1000000  1.1504036E+01  3.25E-02    0.28    2.82    5.27    0.30   4
C_A08_S5_F1	fixed	A08_S5_F1	A08	F1	S5					156	5	599992	11.541611	0.025	0.0021660754291580268	0.22	1.68	4.79	iteration	5     599992  1.1541611E+01  2.50E-02    0.22    1.68*   4.79
C_A08_S5_F1	fixed	A08_S5_F1	A08	F1	S5					158	5	599992	11.541611	0.025	0.0021660754291580268	0.22	1.68	4.79	iteration	5     599992  1.1541611E+01  2.50E-02    0.22    1.68    4.79
C_A08_S5_F2	fixed	A08_S5_F2	A08	F2	S5					148	1	250016	11.860951	0.992	0.08363578940676848	8.37	41.83	1.63	iteration	1     250016  1.1860951E+01  9.92E-01    8.37   41.83*   1.63
C_A08_S5_F2	fixed	A08_S5_F2	A08	F2	S5					149	2	249991	11.559807	0.0995	0.008607410141017062	0.86	4.3	1.69	iteration	2     249991  1.1559807E+01  9.95E-02    0.86    4.30*   1.69
C_A08_S5_F2	fixed	A08_S5_F2	A08	F2	S5					150	3	249999	11.52504	0.0559	0.00485030854556687	0.49	2.43	2.52	iteration	3     249999  1.1525040E+01  5.59E-02    0.49    2.43*   2.52
C_A08_S5_F2	fixed	A08_S5_F2	A08	F2	S5					151	4	249994	11.479905	0.0436	0.0037979408366184213	0.38	1.9	5.27	iteration	4     249994  1.1479905E+01  4.36E-02    0.38    1.90*   5.27
C_A08_S5_F2	fixed	A08_S5_F2	A08	F2	S5					153	4	1000000	11.504036	0.0325	0.0028250954708417117	0.28	2.82	5.27	aggregate	4    1000000  1.1504036E+01  3.25E-02    0.28    2.82    5.27    0.30   4
C_A08_S5_F2	fixed	A08_S5_F2	A08	F2	S5					156	5	1981191	11.52353	0.0136	0.0011801939162739195	0.12	1.66	4.02	iteration	5    1981191  1.1523530E+01  1.36E-02    0.12    1.66*   4.02
C_A08_S5_F2	fixed	A08_S5_F2	A08	F2	S5					158	5	1981191	11.52353	0.0136	0.0011801939162739195	0.12	1.66	4.02	iteration	5    1981191  1.1523530E+01  1.36E-02    0.12    1.66    4.02
P_A08_S6	adaptive	A08_S6	A08		S6					152	1	250012	11.934491	0.875	0.07331690978693603	7.33	36.66	2.09	iteration	1     250012  1.1934491E+01  8.75E-01    7.33   36.66*   2.09
P_A08_S6	adaptive	A08_S6	A08		S6					153	2	250022	11.462402	0.093	0.00811348267143309	0.81	4.06	1.84	iteration	2     250022  1.1462402E+01  9.30E-02    0.81    4.06*   1.84
P_A08_S6	adaptive	A08_S6	A08		S6					154	3	249984	11.504465	0.0543	0.00471990657540355	0.47	2.36	3.31	iteration	3     249984  1.1504465E+01  5.43E-02    0.47    2.36*   3.31
P_A08_S6	adaptive	A08_S6	A08		S6					155	4	250017	11.470682	0.0432	0.0037661230605120083	0.38	1.88	5.18	iteration	4     250017  1.1470682E+01  4.32E-02    0.38    1.88*   5.18
P_A08_S6	adaptive	A08_S6	A08		S6					157	4	1000035	11.481878	0.0318	0.002769581770508274	0.28	2.77	5.18	aggregate	4    1000035  1.1481878E+01  3.18E-02    0.28    2.77    5.18    0.18   4
C_A08_S6_F0	fixed	A08_S6_F0	A08	F0	S6					148	1	250012	11.934491	0.875	0.07331690978693603	7.33	36.66	2.09	iteration	1     250012  1.1934491E+01  8.75E-01    7.33   36.66*   2.09
C_A08_S6_F0	fixed	A08_S6_F0	A08	F0	S6					149	2	250022	11.462402	0.093	0.00811348267143309	0.81	4.06	1.84	iteration	2     250022  1.1462402E+01  9.30E-02    0.81    4.06*   1.84
C_A08_S6_F0	fixed	A08_S6_F0	A08	F0	S6					150	3	249984	11.504465	0.0543	0.00471990657540355	0.47	2.36	3.31	iteration	3     249984  1.1504465E+01  5.43E-02    0.47    2.36*   3.31
C_A08_S6_F0	fixed	A08_S6_F0	A08	F0	S6					151	4	250017	11.470682	0.0432	0.0037661230605120083	0.38	1.88	5.18	iteration	4     250017  1.1470682E+01  4.32E-02    0.38    1.88*   5.18
C_A08_S6_F0	fixed	A08_S6_F0	A08	F0	S6					153	4	1000035	11.481878	0.0318	0.002769581770508274	0.28	2.77	5.18	aggregate	4    1000035  1.1481878E+01  3.18E-02    0.28    2.77    5.18    0.18   4
C_A08_S6_F0	fixed	A08_S6_F0	A08	F0	S6					156	5	201453	11.5324	0.0437	0.003789323991536887	0.38	1.7	5.85	iteration	5     201453  1.1532400E+01  4.37E-02    0.38    1.70*   5.85
C_A08_S6_F0	fixed	A08_S6_F0	A08	F0	S6					157	6	201453	11.51424	0.0436	0.003786615529987216	0.38	1.7	5.65	iteration	6     201453  1.1514240E+01  4.36E-02    0.38    1.70    5.65
C_A08_S6_F0	fixed	A08_S6_F0	A08	F0	S6					158	7	201453	11.499641	0.0437	0.0038001186297902693	0.38	1.7	5.66	iteration	7     201453  1.1499641E+01  4.37E-02    0.38    1.70    5.66
C_A08_S6_F0	fixed	A08_S6_F0	A08	F0	S6					160	7	604359	11.515432	0.0252	0.002188367748600313	0.22	1.7	5.66	aggregate	7     604359  1.1515432E+01  2.52E-02    0.22    1.70    5.66    0.14   3
C_A08_S6_F1	fixed	A08_S6_F1	A08	F1	S6					148	1	250012	11.934491	0.875	0.07331690978693603	7.33	36.66	2.09	iteration	1     250012  1.1934491E+01  8.75E-01    7.33   36.66*   2.09
C_A08_S6_F1	fixed	A08_S6_F1	A08	F1	S6					149	2	250022	11.462402	0.093	0.00811348267143309	0.81	4.06	1.84	iteration	2     250022  1.1462402E+01  9.30E-02    0.81    4.06*   1.84
C_A08_S6_F1	fixed	A08_S6_F1	A08	F1	S6					150	3	249984	11.504465	0.0543	0.00471990657540355	0.47	2.36	3.31	iteration	3     249984  1.1504465E+01  5.43E-02    0.47    2.36*   3.31
C_A08_S6_F1	fixed	A08_S6_F1	A08	F1	S6					151	4	250017	11.470682	0.0432	0.0037661230605120083	0.38	1.88	5.18	iteration	4     250017  1.1470682E+01  4.32E-02    0.38    1.88*   5.18
C_A08_S6_F1	fixed	A08_S6_F1	A08	F1	S6					153	4	1000035	11.481878	0.0318	0.002769581770508274	0.28	2.77	5.18	aggregate	4    1000035  1.1481878E+01  3.18E-02    0.28    2.77    5.18    0.18   4
C_A08_S6_F1	fixed	A08_S6_F1	A08	F1	S6					156	5	600010	11.511725	0.0252	0.002189072445702099	0.22	1.69	4.73	iteration	5     600010  1.1511725E+01  2.52E-02    0.22    1.69*   4.73
C_A08_S6_F1	fixed	A08_S6_F1	A08	F1	S6					158	5	600010	11.511725	0.0252	0.002189072445702099	0.22	1.69	4.73	iteration	5     600010  1.1511725E+01  2.52E-02    0.22    1.69    4.73
C_A08_S6_F2	fixed	A08_S6_F2	A08	F2	S6					148	1	250012	11.934491	0.875	0.07331690978693603	7.33	36.66	2.09	iteration	1     250012  1.1934491E+01  8.75E-01    7.33   36.66*   2.09
C_A08_S6_F2	fixed	A08_S6_F2	A08	F2	S6					149	2	250022	11.462402	0.093	0.00811348267143309	0.81	4.06	1.84	iteration	2     250022  1.1462402E+01  9.30E-02    0.81    4.06*   1.84
C_A08_S6_F2	fixed	A08_S6_F2	A08	F2	S6					150	3	249984	11.504465	0.0543	0.00471990657540355	0.47	2.36	3.31	iteration	3     249984  1.1504465E+01  5.43E-02    0.47    2.36*   3.31
C_A08_S6_F2	fixed	A08_S6_F2	A08	F2	S6					151	4	250017	11.470682	0.0432	0.0037661230605120083	0.38	1.88	5.18	iteration	4     250017  1.1470682E+01  4.32E-02    0.38    1.88*   5.18
C_A08_S6_F2	fixed	A08_S6_F2	A08	F2	S6					153	4	1000035	11.481878	0.0318	0.002769581770508274	0.28	2.77	5.18	aggregate	4    1000035  1.1481878E+01  3.18E-02    0.28    2.77    5.18    0.18   4
C_A08_S6_F2	fixed	A08_S6_F2	A08	F2	S6					156	5	1978447	11.501557	0.0136	0.0011824486023935714	0.12	1.67	3.83	iteration	5    1978447  1.1501557E+01  1.36E-02    0.12    1.67*   3.83
C_A08_S6_F2	fixed	A08_S6_F2	A08	F2	S6					158	5	1978447	11.501557	0.0136	0.0011824486023935714	0.12	1.67	3.83	iteration	5    1978447  1.1501557E+01  1.36E-02    0.12    1.67    3.83
P_A08_S7	adaptive	A08_S7	A08		S7					152	1	249983	12.75148	0.966	0.07575591225489119	7.58	37.89	2.05	iteration	1     249983  1.2751480E+01  9.66E-01    7.58   37.89*   2.05
P_A08_S7	adaptive	A08_S7	A08		S7					153	2	250005	11.530872	0.0892	0.007735754936833919	0.77	3.87	1.97	iteration	2     250005  1.1530872E+01  8.92E-02    0.77    3.87*   1.97
P_A08_S7	adaptive	A08_S7	A08		S7					154	3	250002	11.50225	0.0534	0.004642569931969832	0.46	2.32	3.93	iteration	3     250002  1.1502250E+01  5.34E-02    0.46    2.32*   3.93
P_A08_S7	adaptive	A08_S7	A08		S7					155	4	249998	11.457188	0.0431	0.0037618305643583746	0.38	1.88	5.48	iteration	4     249998  1.1457188E+01  4.31E-02    0.38    1.88*   5.48
P_A08_S7	adaptive	A08_S7	A08		S7					157	4	999988	11.483211	0.0314	0.00273442680797209	0.27	2.73	5.48	aggregate	4     999988  1.1483211E+01  3.14E-02    0.27    2.73    5.48    0.83   4
C_A08_S7_F0	fixed	A08_S7_F0	A08	F0	S7					148	1	249983	12.75148	0.966	0.07575591225489119	7.58	37.89	2.05	iteration	1     249983  1.2751480E+01  9.66E-01    7.58   37.89*   2.05
C_A08_S7_F0	fixed	A08_S7_F0	A08	F0	S7					149	2	250005	11.530872	0.0892	0.007735754936833919	0.77	3.87	1.97	iteration	2     250005  1.1530872E+01  8.92E-02    0.77    3.87*   1.97
C_A08_S7_F0	fixed	A08_S7_F0	A08	F0	S7					150	3	250002	11.50225	0.0534	0.004642569931969832	0.46	2.32	3.93	iteration	3     250002  1.1502250E+01  5.34E-02    0.46    2.32*   3.93
C_A08_S7_F0	fixed	A08_S7_F0	A08	F0	S7					151	4	249998	11.457188	0.0431	0.0037618305643583746	0.38	1.88	5.48	iteration	4     249998  1.1457188E+01  4.31E-02    0.38    1.88*   5.48
C_A08_S7_F0	fixed	A08_S7_F0	A08	F0	S7					153	4	999988	11.483211	0.0314	0.00273442680797209	0.27	2.73	5.48	aggregate	4     999988  1.1483211E+01  3.14E-02    0.27    2.73    5.48    0.83   4
C_A08_S7_F0	fixed	A08_S7_F0	A08	F0	S7					156	5	201403	11.47306	0.0435	0.003791490674676154	0.38	1.7	6.98	iteration	5     201403  1.1473060E+01  4.35E-02    0.38    1.70*   6.98
C_A08_S7_F0	fixed	A08_S7_F0	A08	F0	S7					157	6	201403	11.494776	0.0436	0.0037930273717382574	0.38	1.7	6.35	iteration	6     201403  1.1494776E+01  4.36E-02    0.38    1.70    6.35
C_A08_S7_F0	fixed	A08_S7_F0	A08	F0	S7					158	7	201403	11.501915	0.0435	0.0037819789139460686	0.38	1.7	6.45	iteration	7     201403  1.1501915E+01  4.35E-02    0.38    1.70*   6.45
C_A08_S7_F0	fixed	A08_S7_F0	A08	F0	S7					160	7	604209	11.489912	0.0251	0.002184524998973012	0.22	1.7	6.45	aggregate	7     604209  1.1489912E+01  2.51E-02    0.22    1.70    6.45    0.12   3
C_A08_S7_F1	fixed	A08_S7_F1	A08	F1	S7					148	1	249983	12.75148	0.966	0.07575591225489119	7.58	37.89	2.05	iteration	1     249983  1.2751480E+01  9.66E-01    7.58   37.89*   2.05
C_A08_S7_F1	fixed	A08_S7_F1	A08	F1	S7					149	2	250005	11.530872	0.0892	0.007735754936833919	0.77	3.87	1.97	iteration	2     250005  1.1530872E+01  8.92E-02    0.77    3.87*   1.97
C_A08_S7_F1	fixed	A08_S7_F1	A08	F1	S7					150	3	250002	11.50225	0.0534	0.004642569931969832	0.46	2.32	3.93	iteration	3     250002  1.1502250E+01  5.34E-02    0.46    2.32*   3.93
C_A08_S7_F1	fixed	A08_S7_F1	A08	F1	S7					151	4	249998	11.457188	0.0431	0.0037618305643583746	0.38	1.88	5.48	iteration	4     249998  1.1457188E+01  4.31E-02    0.38    1.88*   5.48
C_A08_S7_F1	fixed	A08_S7_F1	A08	F1	S7					153	4	999988	11.483211	0.0314	0.00273442680797209	0.27	2.73	5.48	aggregate	4     999988  1.1483211E+01  3.14E-02    0.27    2.73    5.48    0.83   4
C_A08_S7_F1	fixed	A08_S7_F1	A08	F1	S7					156	5	599999	11.483892	0.0252	0.0021943780035548924	0.22	1.7	5.78	iteration	5     599999  1.1483892E+01  2.52E-02    0.22    1.70*   5.78
C_A08_S7_F1	fixed	A08_S7_F1	A08	F1	S7					158	5	599999	11.483892	0.0252	0.0021943780035548924	0.22	1.7	5.78	iteration	5     599999  1.1483892E+01  2.52E-02    0.22    1.70    5.78
C_A08_S7_F2	fixed	A08_S7_F2	A08	F2	S7					148	1	249983	12.75148	0.966	0.07575591225489119	7.58	37.89	2.05	iteration	1     249983  1.2751480E+01  9.66E-01    7.58   37.89*   2.05
C_A08_S7_F2	fixed	A08_S7_F2	A08	F2	S7					149	2	250005	11.530872	0.0892	0.007735754936833919	0.77	3.87	1.97	iteration	2     250005  1.1530872E+01  8.92E-02    0.77    3.87*   1.97
C_A08_S7_F2	fixed	A08_S7_F2	A08	F2	S7					150	3	250002	11.50225	0.0534	0.004642569931969832	0.46	2.32	3.93	iteration	3     250002  1.1502250E+01  5.34E-02    0.46    2.32*   3.93
C_A08_S7_F2	fixed	A08_S7_F2	A08	F2	S7					151	4	249998	11.457188	0.0431	0.0037618305643583746	0.38	1.88	5.48	iteration	4     249998  1.1457188E+01  4.31E-02    0.38    1.88*   5.48
C_A08_S7_F2	fixed	A08_S7_F2	A08	F2	S7					153	4	999988	11.483211	0.0314	0.00273442680797209	0.27	2.73	5.48	aggregate	4     999988  1.1483211E+01  3.14E-02    0.27    2.73    5.48    0.83   4
C_A08_S7_F2	fixed	A08_S7_F2	A08	F2	S7					156	5	1980067	11.479155	0.0137	0.00119346763764406	0.12	1.68	4.96	iteration	5    1980067  1.1479155E+01  1.37E-02    0.12    1.68*   4.96
C_A08_S7_F2	fixed	A08_S7_F2	A08	F2	S7					158	5	1980067	11.479155	0.0137	0.00119346763764406	0.12	1.68	4.96	iteration	5    1980067  1.1479155E+01  1.37E-02    0.12    1.68    4.96
P_A09_S0	adaptive	A09_S0	A09		S0					152	1	499986	12.565393	0.697	0.05546981300147158	5.54	39.2	1.46	iteration	1     499986  1.2565393E+01  6.97E-01    5.54   39.20*   1.46
P_A09_S0	adaptive	A09_S0	A09		S0					153	2	499989	11.515398	0.0592	0.005140942588349965	0.51	3.64	2.35	iteration	2     499989  1.1515398E+01  5.92E-02    0.51    3.64*   2.35
P_A09_S0	adaptive	A09_S0	A09		S0					155	2	999975	11.522925	0.059	0.005120227719958257	0.51	5.12	2.35	aggregate	2     999975  1.1522925E+01  5.90E-02    0.51    5.12    2.35    2.26   2
C_A09_S0_F0	fixed	A09_S0_F0	A09	F0	S0					148	1	499986	12.565393	0.697	0.05546981300147158	5.54	39.2	1.46	iteration	1     499986  1.2565393E+01  6.97E-01    5.54   39.20*   1.46
C_A09_S0_F0	fixed	A09_S0_F0	A09	F0	S0					149	2	499989	11.515398	0.0592	0.005140942588349965	0.51	3.64	2.35	iteration	2     499989  1.1515398E+01  5.92E-02    0.51    3.64*   2.35
C_A09_S0_F0	fixed	A09_S0_F0	A09	F0	S0					151	2	999975	11.522925	0.059	0.005120227719958257	0.51	5.12	2.35	aggregate	2     999975  1.1522925E+01  5.90E-02    0.51    5.12    2.35    2.26   2
C_A09_S0_F0	fixed	A09_S0_F0	A09	F0	S0					154	3	203603	11.466772	0.0555	0.0048400718179449275	0.48	2.18	4.58	iteration	3     203603  1.1466772E+01  5.55E-02    0.48    2.18*   4.58
C_A09_S0_F0	fixed	A09_S0_F0	A09	F0	S0					155	4	203603	11.520819	0.0559	0.004852085602594747	0.49	2.19	4.64	iteration	4     203603  1.1520819E+01  5.59E-02    0.49    2.19    4.64
C_A09_S0_F0	fixed	A09_S0_F0	A09	F0	S0					156	5	203603	11.497617	0.056	0.004870574485130267	0.49	2.2	4.24	iteration	5     203603  1.1497617E+01  5.60E-02    0.49    2.20    4.24
C_A09_S0_F0	fixed	A09_S0_F0	A09	F0	S0					158	5	610809	11.49492	0.0322	0.0028012374161803647	0.28	2.19	4.24	aggregate	5     610809  1.1494920E+01  3.22E-02    0.28    2.19    4.24    0.24   3
C_A09_S0_F1	fixed	A09_S0_F1	A09	F1	S0					148	1	499986	12.565393	0.697	0.05546981300147158	5.54	39.2	1.46	iteration	1     499986  1.2565393E+01  6.97E-01    5.54   39.20*   1.46
C_A09_S0_F1	fixed	A09_S0_F1	A09	F1	S0					149	2	499989	11.515398	0.0592	0.005140942588349965	0.51	3.64	2.35	iteration	2     499989  1.1515398E+01  5.92E-02    0.51    3.64*   2.35
C_A09_S0_F1	fixed	A09_S0_F1	A09	F1	S0					151	2	999975	11.522925	0.059	0.005120227719958257	0.51	5.12	2.35	aggregate	2     999975  1.1522925E+01  5.90E-02    0.51    5.12    2.35    2.26   2
C_A09_S0_F1	fixed	A09_S0_F1	A09	F1	S0					154	3	599989	11.481825	0.0321	0.0027957228053902576	0.28	2.17	3.57	iteration	3     599989  1.1481825E+01  3.21E-02    0.28    2.17*   3.57
C_A09_S0_F1	fixed	A09_S0_F1	A09	F1	S0					156	3	599989	11.481825	0.0321	0.0027957228053902576	0.28	2.17	3.57	iteration	3     599989  1.1481825E+01  3.21E-02    0.28    2.17    3.57
C_A09_S0_F2	fixed	A09_S0_F2	A09	F2	S0					148	1	499986	12.565393	0.697	0.05546981300147158	5.54	39.2	1.46	iteration	1     499986  1.2565393E+01  6.97E-01    5.54   39.20*   1.46
C_A09_S0_F2	fixed	A09_S0_F2	A09	F2	S0					149	2	499989	11.515398	0.0592	0.005140942588349965	0.51	3.64	2.35	iteration	2     499989  1.1515398E+01  5.92E-02    0.51    3.64*   2.35
C_A09_S0_F2	fixed	A09_S0_F2	A09	F2	S0					151	2	999975	11.522925	0.059	0.005120227719958257	0.51	5.12	2.35	aggregate	2     999975  1.1522925E+01  5.90E-02    0.51    5.12    2.35    2.26   2
C_A09_S0_F2	fixed	A09_S0_F2	A09	F2	S0					154	3	1944013	11.46625	0.0182	0.0015872669791780225	0.16	2.21	2.91	iteration	3    1944013  1.1466250E+01  1.82E-02    0.16    2.21*   2.91
C_A09_S0_F2	fixed	A09_S0_F2	A09	F2	S0					156	3	1944013	11.46625	0.0182	0.0015872669791780225	0.16	2.21	2.91	iteration	3    1944013  1.1466250E+01  1.82E-02    0.16    2.21    2.91
P_A09_S1	adaptive	A09_S1	A09		S1					152	1	499989	11.774702	0.649	0.05511816774641091	5.51	38.99	1.6	iteration	1     499989  1.1774702E+01  6.49E-01    5.51   38.99*   1.60
P_A09_S1	adaptive	A09_S1	A09		S1					153	2	500005	11.419803	0.0611	0.005350354992988933	0.54	3.78	1.98	iteration	2     500005  1.1419803E+01  6.11E-02    0.54    3.78*   1.98
P_A09_S1	adaptive	A09_S1	A09		S1					155	2	999994	11.42292	0.0608	0.005322632041544544	0.53	5.33	1.98	aggregate	2     999994  1.1422920E+01  6.08E-02    0.53    5.33    1.98    0.30   2
C_A09_S1_F0	fixed	A09_S1_F0	A09	F0	S1					148	1	499989	11.774702	0.649	0.05511816774641091	5.51	38.99	1.6	iteration	1     499989  1.1774702E+01  6.49E-01    5.51   38.99*   1.60
C_A09_S1_F0	fixed	A09_S1_F0	A09	F0	S1					149	2	500005	11.419803	0.0611	0.005350354992988933	0.54	3.78	1.98	iteration	2     500005  1.1419803E+01  6.11E-02    0.54    3.78*   1.98
C_A09_S1_F0	fixed	A09_S1_F0	A09	F0	S1					151	2	999994	11.42292	0.0608	0.005322632041544544	0.53	5.33	1.98	aggregate	2     999994  1.1422920E+01  6.08E-02    0.53    5.33    1.98    0.30   2
C_A09_S1_F0	fixed	A09_S1_F0	A09	F0	S1					154	3	203542	11.538183	0.0575	0.004983453633904056	0.5	2.25	4.56	iteration	3     203542  1.1538183E+01  5.75E-02    0.50    2.25*   4.56
C_A09_S1_F0	fixed	A09_S1_F0	A09	F0	S1					155	4	203542	11.529505	0.0573	0.004969857769262427	0.5	2.24	4.7	iteration	4     203542  1.1529505E+01  5.73E-02    0.50    2.24*   4.70
C_A09_S1_F0	fixed	A09_S1_F0	A09	F0	S1					156	5	203542	11.468179	0.0568	0.0049528351449693985	0.5	2.23	4.88	iteration	5     203542  1.1468179E+01  5.68E-02    0.50    2.23*   4.88
C_A09_S1_F0	fixed	A09_S1_F0	A09	F0	S1					158	5	610626	11.511621	0.033	0.002866668386667699	0.29	2.24	4.88	aggregate	5     610626  1.1511621E+01  3.30E-02    0.29    2.24    4.88    0.45   3
C_A09_S1_F1	fixed	A09_S1_F1	A09	F1	S1					148	1	499989	11.774702	0.649	0.05511816774641091	5.51	38.99	1.6	iteration	1     499989  1.1774702E+01  6.49E-01    5.51   38.99*   1.60
C_A09_S1_F1	fixed	A09_S1_F1	A09	F1	S1					149	2	500005	11.419803	0.0611	0.005350354992988933	0.54	3.78	1.98	iteration	2     500005  1.1419803E+01  6.11E-02    0.54    3.78*   1.98
C_A09_S1_F1	fixed	A09_S1_F1	A09	F1	S1					151	2	999994	11.42292	0.0608	0.005322632041544544	0.53	5.33	1.98	aggregate	2     999994  1.1422920E+01  6.08E-02    0.53    5.33    1.98    0.30   2
C_A09_S1_F1	fixed	A09_S1_F1	A09	F1	S1					154	3	600000	11.49613	0.0331	0.0028792297929825074	0.29	2.23	3.49	iteration	3     600000  1.1496130E+01  3.31E-02    0.29    2.23*   3.49
C_A09_S1_F1	fixed	A09_S1_F1	A09	F1	S1					156	3	600000	11.49613	0.0331	0.0028792297929825074	0.29	2.23	3.49	iteration	3     600000  1.1496130E+01  3.31E-02    0.29    2.23    3.49
C_A09_S1_F2	fixed	A09_S1_F2	A09	F2	S1					148	1	499989	11.774702	0.649	0.05511816774641091	5.51	38.99	1.6	iteration	1     499989  1.1774702E+01  6.49E-01    5.51   38.99*   1.60
C_A09_S1_F2	fixed	A09_S1_F2	A09	F2	S1					149	2	500005	11.419803	0.0611	0.005350354992988933	0.54	3.78	1.98	iteration	2     500005  1.1419803E+01  6.11E-02    0.54    3.78*   1.98
C_A09_S1_F2	fixed	A09_S1_F2	A09	F2	S1					151	2	999994	11.42292	0.0608	0.005322632041544544	0.53	5.33	1.98	aggregate	2     999994  1.1422920E+01  6.08E-02    0.53    5.33    1.98    0.30   2
C_A09_S1_F2	fixed	A09_S1_F2	A09	F2	S1					154	3	1936368	11.495405	0.0189	0.0016441352001082172	0.16	2.29	3.27	iteration	3    1936368  1.1495405E+01  1.89E-02    0.16    2.29*   3.27
C_A09_S1_F2	fixed	A09_S1_F2	A09	F2	S1					156	3	1936368	11.495405	0.0189	0.0016441352001082172	0.16	2.29	3.27	iteration	3    1936368  1.1495405E+01  1.89E-02    0.16    2.29    3.27
P_A09_S2	adaptive	A09_S2	A09		S2					152	1	500011	12.14997	0.715	0.05884788192892657	5.88	41.61	1.45	iteration	1     500011  1.2149970E+01  7.15E-01    5.88   41.61*   1.45
P_A09_S2	adaptive	A09_S2	A09		S2					153	2	499987	11.561759	0.0584	0.005051134520274986	0.51	3.57	2.56	iteration	2     499987  1.1561759E+01  5.84E-02    0.51    3.57*   2.56
P_A09_S2	adaptive	A09_S2	A09		S2					155	2	999998	11.565658	0.0582	0.005032139113918119	0.5	5.03	2.56	aggregate	2     999998  1.1565658E+01  5.82E-02    0.50    5.03    2.56    0.67   2
C_A09_S2_F0	fixed	A09_S2_F0	A09	F0	S2					148	1	500011	12.14997	0.715	0.05884788192892657	5.88	41.61	1.45	iteration	1     500011  1.2149970E+01  7.15E-01    5.88   41.61*   1.45
C_A09_S2_F0	fixed	A09_S2_F0	A09	F0	S2					149	2	499987	11.561759	0.0584	0.005051134520274986	0.51	3.57	2.56	iteration	2     499987  1.1561759E+01  5.84E-02    0.51    3.57*   2.56
C_A09_S2_F0	fixed	A09_S2_F0	A09	F0	S2					151	2	999998	11.565658	0.0582	0.005032139113918119	0.5	5.03	2.56	aggregate	2     999998  1.1565658E+01  5.82E-02    0.50    5.03    2.56    0.67   2
C_A09_S2_F0	fixed	A09_S2_F0	A09	F0	S2					154	3	203443	11.499636	0.0558	0.004852327499757384	0.49	2.19	5.53	iteration	3     203443  1.1499636E+01  5.58E-02    0.49    2.19*   5.53
C_A09_S2_F0	fixed	A09_S2_F0	A09	F0	S2					155	4	203443	11.493972	0.0561	0.004880819267699625	0.49	2.2	4.62	iteration	4     203443  1.1493972E+01  5.61E-02    0.49    2.20    4.62
C_A09_S2_F0	fixed	A09_S2_F0	A09	F0	S2					156	5	203443	11.479854	0.0562	0.00489553264353362	0.49	2.21	5.06	iteration	5     203443  1.1479854E+01  5.62E-02    0.49    2.21    5.06
C_A09_S2_F0	fixed	A09_S2_F0	A09	F0	S2					158	5	610329	11.491189	0.0323	0.002810849251543944	0.28	2.2	5.06	aggregate	5     610329  1.1491189E+01  3.23E-02    0.28    2.20    5.06    0.03   3
C_A09_S2_F1	fixed	A09_S2_F1	A09	F1	S2					148	1	500011	12.14997	0.715	0.05884788192892657	5.88	41.61	1.45	iteration	1     500011  1.2149970E+01  7.15E-01    5.88   41.61*   1.45
C_A09_S2_F1	fixed	A09_S2_F1	A09	F1	S2					149	2	499987	11.561759	0.0584	0.005051134520274986	0.51	3.57	2.56	iteration	2     499987  1.1561759E+01  5.84E-02    0.51    3.57*   2.56
C_A09_S2_F1	fixed	A09_S2_F1	A09	F1	S2					151	2	999998	11.565658	0.0582	0.005032139113918119	0.5	5.03	2.56	aggregate	2     999998  1.1565658E+01  5.82E-02    0.50    5.03    2.56    0.67   2
C_A09_S2_F1	fixed	A09_S2_F1	A09	F1	S2					154	3	600018	11.505432	0.0323	0.0028073695972476304	0.28	2.18	3.92	iteration	3     600018  1.1505432E+01  3.23E-02    0.28    2.18*   3.92
C_A09_S2_F1	fixed	A09_S2_F1	A09	F1	S2					156	3	600018	11.505432	0.0323	0.0028073695972476304	0.28	2.18	3.92	iteration	3     600018  1.1505432E+01  3.23E-02    0.28    2.18    3.92
C_A09_S2_F2	fixed	A09_S2_F2	A09	F2	S2					148	1	500011	12.14997	0.715	0.05884788192892657	5.88	41.61	1.45	iteration	1     500011  1.2149970E+01  7.15E-01    5.88   41.61*   1.45
C_A09_S2_F2	fixed	A09_S2_F2	A09	F2	S2					149	2	499987	11.561759	0.0584	0.005051134520274986	0.51	3.57	2.56	iteration	2     499987  1.1561759E+01  5.84E-02    0.51    3.57*   2.56
C_A09_S2_F2	fixed	A09_S2_F2	A09	F2	S2					151	2	999998	11.565658	0.0582	0.005032139113918119	0.5	5.03	2.56	aggregate	2     999998  1.1565658E+01  5.82E-02    0.50    5.03    2.56    0.67   2
C_A09_S2_F2	fixed	A09_S2_F2	A09	F2	S2					154	3	1995191	11.509562	0.0175	0.0015204748886186981	0.15	2.15	3.33	iteration	3    1995191  1.1509562E+01  1.75E-02    0.15    2.15*   3.33
C_A09_S2_F2	fixed	A09_S2_F2	A09	F2	S2					156	3	1995191	11.509562	0.0175	0.0015204748886186981	0.15	2.15	3.33	iteration	3    1995191  1.1509562E+01  1.75E-02    0.15    2.15    3.33
P_A09_S3	adaptive	A09_S3	A09		S3					152	1	499995	11.373148	0.669	0.058822763934840205	5.88	41.57	1.46	iteration	1     499995  1.1373148E+01  6.69E-01    5.88   41.57*   1.46
P_A09_S3	adaptive	A09_S3	A09		S3					153	2	499993	11.50649	0.061	0.005301356017343256	0.53	3.75	2.27	iteration	2     499993  1.1506490E+01  6.10E-02    0.53    3.75*   2.27
P_A09_S3	adaptive	A09_S3	A09		S3					155	2	999988	11.505389	0.0608	0.005284480168380227	0.53	5.28	2.27	aggregate	2     999988  1.1505389E+01  6.08E-02    0.53    5.28    2.27    0.04   2
C_A09_S3_F0	fixed	A09_S3_F0	A09	F0	S3					148	1	499995	11.373148	0.669	0.058822763934840205	5.88	41.57	1.46	iteration	1     499995  1.1373148E+01  6.69E-01    5.88   41.57*   1.46
C_A09_S3_F0	fixed	A09_S3_F0	A09	F0	S3					149	2	499993	11.50649	0.061	0.005301356017343256	0.53	3.75	2.27	iteration	2     499993  1.1506490E+01  6.10E-02    0.53    3.75*   2.27
C_A09_S3_F0	fixed	A09_S3_F0	A09	F0	S3					151	2	999988	11.505389	0.0608	0.005284480168380227	0.53	5.28	2.27	aggregate	2     999988  1.1505389E+01  6.08E-02    0.53    5.28    2.27    0.04   2
C_A09_S3_F0	fixed	A09_S3_F0	A09	F0	S3					154	3	203531	11.556593	0.0583	0.0050447393968101155	0.5	2.28	4.29	iteration	3     203531  1.1556593E+01  5.83E-02    0.50    2.28*   4.29
C_A09_S3_F0	fixed	A09_S3_F0	A09	F0	S3					155	4	203531	11.537485	0.0578	0.0050097573257950065	0.5	2.26	4.59	iteration	4     203531  1.1537485E+01  5.78E-02    0.50    2.26*   4.59
C_A09_S3_F0	fixed	A09_S3_F0	A09	F0	S3					156	5	203531	11.512122	0.0577	0.005012108106568016	0.5	2.26	5.11	iteration	5     203531  1.1512122E+01  5.77E-02    0.50    2.26    5.11
C_A09_S3_F0	fixed	A09_S3_F0	A09	F0	S3					158	5	610593	11.53526	0.0334	0.0028954700630935064	0.29	2.27	5.11	aggregate	5     610593  1.1535260E+01  3.34E-02    0.29    2.27    5.11    0.15   3
C_A09_S3_F1	fixed	A09_S3_F1	A09	F1	S3					148	1	499995	11.373148	0.669	0.058822763934840205	5.88	41.57	1.46	iteration	1     499995  1.1373148E+01  6.69E-01    5.88   41.57*   1.46
C_A09_S3_F1	fixed	A09_S3_F1	A09	F1	S3					149	2	499993	11.50649	0.061	0.005301356017343256	0.53	3.75	2.27	iteration	2     499993  1.1506490E+01  6.10E-02    0.53    3.75*   2.27
C_A09_S3_F1	fixed	A09_S3_F1	A09	F1	S3					151	2	999988	11.505389	0.0608	0.005284480168380227	0.53	5.28	2.27	aggregate	2     999988  1.1505389E+01  6.08E-02    0.53    5.28    2.27    0.04   2
C_A09_S3_F1	fixed	A09_S3_F1	A09	F1	S3					154	3	599992	11.509542	0.0335	0.002910628415969984	0.29	2.25	3.47	iteration	3     599992  1.1509542E+01  3.35E-02    0.29    2.25*   3.47
C_A09_S3_F1	fixed	A09_S3_F1	A09	F1	S3					156	3	599992	11.509542	0.0335	0.002910628415969984	0.29	2.25	3.47	iteration	3     599992  1.1509542E+01  3.35E-02    0.29    2.25    3.47
C_A09_S3_F2	fixed	A09_S3_F2	A09	F2	S3					148	1	499995	11.373148	0.669	0.058822763934840205	5.88	41.57	1.46	iteration	1     499995  1.1373148E+01  6.69E-01    5.88   41.57*   1.46
C_A09_S3_F2	fixed	A09_S3_F2	A09	F2	S3					149	2	499993	11.50649	0.061	0.005301356017343256	0.53	3.75	2.27	iteration	2     499993  1.1506490E+01  6.10E-02    0.53    3.75*   2.27
C_A09_S3_F2	fixed	A09_S3_F2	A09	F2	S3					151	2	999988	11.505389	0.0608	0.005284480168380227	0.53	5.28	2.27	aggregate	2     999988  1.1505389E+01  6.08E-02    0.53    5.28    2.27    0.04   2
C_A09_S3_F2	fixed	A09_S3_F2	A09	F2	S3					154	3	1992772	11.511694	0.018	0.0015636273862039765	0.16	2.21	2.93	iteration	3    1992772  1.1511694E+01  1.80E-02    0.16    2.21*   2.93
C_A09_S3_F2	fixed	A09_S3_F2	A09	F2	S3					156	3	1992772	11.511694	0.018	0.0015636273862039765	0.16	2.21	2.93	iteration	3    1992772  1.1511694E+01  1.80E-02    0.16    2.21    2.93
P_A09_S4	adaptive	A09_S4	A09		S4					152	1	499993	12.726722	0.747	0.058695396976534885	5.87	41.52	1.46	iteration	1     499993  1.2726722E+01  7.47E-01    5.87   41.52*   1.46
P_A09_S4	adaptive	A09_S4	A09		S4					153	2	500002	11.498793	0.0591	0.00513966987665575	0.51	3.64	2.25	iteration	2     500002  1.1498793E+01  5.91E-02    0.51    3.64*   2.25
P_A09_S4	adaptive	A09_S4	A09		S4					155	2	999995	11.506432	0.0589	0.005118876120764456	0.51	5.12	2.25	aggregate	2     999995  1.1506432E+01  5.89E-02    0.51    5.12    2.25    2.68   2
C_A09_S4_F0	fixed	A09_S4_F0	A09	F0	S4					148	1	499993	12.726722	0.747	0.058695396976534885	5.87	41.52	1.46	iteration	1     499993  1.2726722E+01  7.47E-01    5.87   41.52*   1.46
C_A09_S4_F0	fixed	A09_S4_F0	A09	F0	S4					149	2	500002	11.498793	0.0591	0.00513966987665575	0.51	3.64	2.25	iteration	2     500002  1.1498793E+01  5.91E-02    0.51    3.64*   2.25
C_A09_S4_F0	fixed	A09_S4_F0	A09	F0	S4					151	2	999995	11.506432	0.0589	0.005118876120764456	0.51	5.12	2.25	aggregate	2     999995  1.1506432E+01  5.89E-02    0.51    5.12    2.25    2.68   2
C_A09_S4_F0	fixed	A09_S4_F0	A09	F0	S4					154	3	203394	11.395805	0.0571	0.005010615748514476	0.5	2.26	4.42	iteration	3     203394  1.1395805E+01  5.71E-02    0.50    2.26*   4.42
C_A09_S4_F0	fixed	A09_S4_F0	A09	F0	S4					155	4	203394	11.415483	0.057	0.004993218420981399	0.5	2.25	4.5	iteration	4     203394  1.1415483E+01  5.70E-02    0.50    2.25*   4.50
C_A09_S4_F0	fixed	A09_S4_F0	A09	F0	S4					156	5	203394	11.533708	0.0578	0.005011397895629054	0.5	2.26	4.76	iteration	5     203394  1.1533708E+01  5.78E-02    0.50    2.26    4.76
C_A09_S4_F0	fixed	A09_S4_F0	A09	F0	S4					158	5	610182	11.447636	0.0331	0.002891426666606101	0.29	2.26	4.76	aggregate	5     610182  1.1447636E+01  3.31E-02    0.29    2.26    4.76    1.68   3
C_A09_S4_F1	fixed	A09_S4_F1	A09	F1	S4					148	1	499993	12.726722	0.747	0.058695396976534885	5.87	41.52	1.46	iteration	1     499993  1.2726722E+01  7.47E-01    5.87   41.52*   1.46
C_A09_S4_F1	fixed	A09_S4_F1	A09	F1	S4					149	2	500002	11.498793	0.0591	0.00513966987665575	0.51	3.64	2.25	iteration	2     500002  1.1498793E+01  5.91E-02    0.51    3.64*   2.25
C_A09_S4_F1	fixed	A09_S4_F1	A09	F1	S4					151	2	999995	11.506432	0.0589	0.005118876120764456	0.51	5.12	2.25	aggregate	2     999995  1.1506432E+01  5.89E-02    0.51    5.12    2.25    2.68   2
C_A09_S4_F1	fixed	A09_S4_F1	A09	F1	S4					154	3	599994	11.457815	0.0332	0.0028975856216913957	0.29	2.24	3.54	iteration	3     599994  1.1457815E+01  3.32E-02    0.29    2.24*   3.54
C_A09_S4_F1	fixed	A09_S4_F1	A09	F1	S4					156	3	599994	11.457815	0.0332	0.0028975856216913957	0.29	2.24	3.54	iteration	3     599994  1.1457815E+01  3.32E-02    0.29    2.24    3.54
C_A09_S4_F2	fixed	A09_S4_F2	A09	F2	S4					148	1	499993	12.726722	0.747	0.058695396976534885	5.87	41.52	1.46	iteration	1     499993  1.2726722E+01  7.47E-01    5.87   41.52*   1.46
C_A09_S4_F2	fixed	A09_S4_F2	A09	F2	S4					149	2	500002	11.498793	0.0591	0.00513966987665575	0.51	3.64	2.25	iteration	2     500002  1.1498793E+01  5.91E-02    0.51    3.64*   2.25
C_A09_S4_F2	fixed	A09_S4_F2	A09	F2	S4					151	2	999995	11.506432	0.0589	0.005118876120764456	0.51	5.12	2.25	aggregate	2     999995  1.1506432E+01  5.89E-02    0.51    5.12    2.25    2.68   2
C_A09_S4_F2	fixed	A09_S4_F2	A09	F2	S4					154	3	1937437	11.474698	0.019	0.0016558169984081498	0.17	2.3	3.02	iteration	3    1937437  1.1474698E+01  1.90E-02    0.17    2.30*   3.02
C_A09_S4_F2	fixed	A09_S4_F2	A09	F2	S4					156	3	1937437	11.474698	0.019	0.0016558169984081498	0.17	2.3	3.02	iteration	3    1937437  1.1474698E+01  1.90E-02    0.17    2.30    3.02
P_A09_S5	adaptive	A09_S5	A09		S5					152	1	499983	11.720064	0.658	0.05614303812675426	5.62	39.71	1.18	iteration	1     499983  1.1720064E+01  6.58E-01    5.62   39.71*   1.18
P_A09_S5	adaptive	A09_S5	A09		S5					153	2	499989	11.563019	0.0649	0.005612721037645964	0.56	3.97	1.84	iteration	2     499989  1.1563019E+01  6.49E-02    0.56    3.97*   1.84
P_A09_S5	adaptive	A09_S5	A09		S5					155	2	999972	11.564528	0.0645	0.00557740013254324	0.56	5.58	1.84	aggregate	2     999972  1.1564528E+01  6.45E-02    0.56    5.58    1.84    0.06   2
C_A09_S5_F0	fixed	A09_S5_F0	A09	F0	S5					148	1	499983	11.720064	0.658	0.05614303812675426	5.62	39.71	1.18	iteration	1     499983  1.1720064E+01  6.58E-01    5.62   39.71*   1.18
C_A09_S5_F0	fixed	A09_S5_F0	A09	F0	S5					149	2	499989	11.563019	0.0649	0.005612721037645964	0.56	3.97	1.84	iteration	2     499989  1.1563019E+01  6.49E-02    0.56    3.97*   1.84
C_A09_S5_F0	fixed	A09_S5_F0	A09	F0	S5					151	2	999972	11.564528	0.0645	0.00557740013254324	0.56	5.58	1.84	aggregate	2     999972  1.1564528E+01  6.45E-02    0.56    5.58    1.84    0.06   2
C_A09_S5_F0	fixed	A09_S5_F0	A09	F0	S5					154	3	203474	11.447105	0.0585	0.005110462426962974	0.51	2.3	4.28	iteration	3     203474  1.1447105E+01  5.85E-02    0.51    2.30*   4.28
C_A09_S5_F0	fixed	A09_S5_F0	A09	F0	S5					155	4	203474	11.50642	0.0592	0.005144953860540463	0.51	2.32	3.65	iteration	4     203474  1.1506420E+01  5.92E-02    0.51    2.32    3.65
C_A09_S5_F0	fixed	A09_S5_F0	A09	F0	S5					156	5	203474	11.463821	0.0584	0.005094287498034033	0.51	2.3	4.27	iteration	5     203474  1.1463821E+01  5.84E-02    0.51    2.30*   4.27
C_A09_S5_F0	fixed	A09_S5_F0	A09	F0	S5					158	5	610422	11.47216	0.0339	0.0029549797073959915	0.3	2.31	4.27	aggregate	5     610422  1.1472160E+01  3.39E-02    0.30    2.31    4.27    0.27   3
C_A09_S5_F1	fixed	A09_S5_F1	A09	F1	S5					148	1	499983	11.720064	0.658	0.05614303812675426	5.62	39.71	1.18	iteration	1     499983  1.1720064E+01  6.58E-01    5.62   39.71*   1.18
C_A09_S5_F1	fixed	A09_S5_F1	A09	F1	S5					149	2	499989	11.563019	0.0649	0.005612721037645964	0.56	3.97	1.84	iteration	2     499989  1.1563019E+01  6.49E-02    0.56    3.97*   1.84
C_A09_S5_F1	fixed	A09_S5_F1	A09	F1	S5					151	2	999972	11.564528	0.0645	0.00557740013254324	0.56	5.58	1.84	aggregate	2     999972  1.1564528E+01  6.45E-02    0.56    5.58    1.84    0.06   2
C_A09_S5_F1	fixed	A09_S5_F1	A09	F1	S5					154	3	599988	11.518965	0.034	0.0029516540765598303	0.3	2.29	3.41	iteration	3     599988  1.1518965E+01  3.40E-02    0.30    2.29*   3.41
C_A09_S5_F1	fixed	A09_S5_F1	A09	F1	S5					156	3	599988	11.518965	0.034	0.0029516540765598303	0.3	2.29	3.41	iteration	3     599988  1.1518965E+01  3.40E-02    0.30    2.29    3.41
C_A09_S5_F2	fixed	A09_S5_F2	A09	F2	S5					148	1	499983	11.720064	0.658	0.05614303812675426	5.62	39.71	1.18	iteration	1     499983  1.1720064E+01  6.58E-01    5.62   39.71*   1.18
C_A09_S5_F2	fixed	A09_S5_F2	A09	F2	S5					149	2	499989	11.563019	0.0649	0.005612721037645964	0.56	3.97	1.84	iteration	2     499989  1.1563019E+01  6.49E-02    0.56    3.97*   1.84
C_A09_S5_F2	fixed	A09_S5_F2	A09	F2	S5					151	2	999972	11.564528	0.0645	0.00557740013254324	0.56	5.58	1.84	aggregate	2     999972  1.1564528E+01  6.45E-02    0.56    5.58    1.84    0.06   2
C_A09_S5_F2	fixed	A09_S5_F2	A09	F2	S5					154	3	1950086	11.519526	0.0191	0.0016580543331383597	0.17	2.32	2.65	iteration	3    1950086  1.1519526E+01  1.91E-02    0.17    2.32*   2.65
C_A09_S5_F2	fixed	A09_S5_F2	A09	F2	S5					156	3	1950086	11.519526	0.0191	0.0016580543331383597	0.17	2.32	2.65	iteration	3    1950086  1.1519526E+01  1.91E-02    0.17    2.32    2.65
P_A09_S6	adaptive	A09_S6	A09		S6					152	1	500006	12.147236	0.66	0.05433334793199046	5.44	38.44	1.5	iteration	1     500006  1.2147236E+01  6.60E-01    5.44   38.44*   1.50
P_A09_S6	adaptive	A09_S6	A09		S6					153	2	499986	11.489199	0.0617	0.005370261234051216	0.54	3.8	2.27	iteration	2     499986  1.1489199E+01  6.17E-02    0.54    3.80*   2.27
P_A09_S6	adaptive	A09_S6	A09		S6					155	2	999992	11.494896	0.0614	0.005341501132328644	0.53	5.35	2.27	aggregate	2     999992  1.1494896E+01  6.14E-02    0.53    5.35    2.27    0.98   2
C_A09_S6_F0	fixed	A09_S6_F0	A09	F0	S6					148	1	500006	12.147236	0.66	0.05433334793199046	5.44	38.44	1.5	iteration	1     500006  1.2147236E+01  6.60E-01    5.44   38.44*   1.50
C_A09_S6_F0	fixed	A09_S6_F0	A09	F0	S6					149	2	499986	11.489199	0.0617	0.005370261234051216	0.54	3.8	2.27	iteration	2     499986  1.1489199E+01  6.17E-02    0.54    3.80*   2.27
C_A09_S6_F0	fixed	A09_S6_F0	A09	F0	S6					151	2	999992	11.494896	0.0614	0.005341501132328644	0.53	5.35	2.27	aggregate	2     999992  1.1494896E+01  6.14E-02    0.53    5.35    2.27    0.98   2
C_A09_S6_F0	fixed	A09_S6_F0	A09	F0	S6					154	3	203566	11.588143	0.0576	0.004970597963797996	0.5	2.24	4.56	iteration	3     203566  1.1588143E+01  5.76E-02    0.50    2.24*   4.56
C_A09_S6_F0	fixed	A09_S6_F0	A09	F0	S6					155	4	203566	11.461491	0.0568	0.004955725219345371	0.5	2.24	4.74	iteration	4     203566  1.1461491E+01  5.68E-02    0.50    2.24*   4.74
C_A09_S6_F0	fixed	A09_S6_F0	A09	F0	S6					156	5	203566	11.435698	0.0571	0.004993136404966273	0.5	2.25	4.46	iteration	5     203566  1.1435698E+01  5.71E-02    0.50    2.25    4.46
C_A09_S6_F0	fixed	A09_S6_F0	A09	F0	S6					158	5	610698	11.494474	0.033	0.0028709447687645384	0.29	2.24	4.46	aggregate	5     610698  1.1494474E+01  3.30E-02    0.29    2.24    4.46    2.02   3
C_A09_S6_F1	fixed	A09_S6_F1	A09	F1	S6					148	1	500006	12.147236	0.66	0.05433334793199046	5.44	38.44	1.5	iteration	1     500006  1.2147236E+01  6.60E-01    5.44   38.44*   1.50
C_A09_S6_F1	fixed	A09_S6_F1	A09	F1	S6					149	2	499986	11.489199	0.0617	0.005370261234051216	0.54	3.8	2.27	iteration	2     499986  1.1489199E+01  6.17E-02    0.54    3.80*   2.27
C_A09_S6_F1	fixed	A09_S6_F1	A09	F1	S6					151	2	999992	11.494896	0.0614	0.005341501132328644	0.53	5.35	2.27	aggregate	2     999992  1.1494896E+01  6.14E-02    0.53    5.35    2.27    0.98   2
C_A09_S6_F1	fixed	A09_S6_F1	A09	F1	S6					154	3	599999	11.511866	0.033	0.002866607377118532	0.29	2.22	3.73	iteration	3     599999  1.1511866E+01  3.30E-02    0.29    2.22*   3.73
C_A09_S6_F1	fixed	A09_S6_F1	A09	F1	S6					156	3	599999	11.511866	0.033	0.002866607377118532	0.29	2.22	3.73	iteration	3     599999  1.1511866E+01  3.30E-02    0.29    2.22    3.73
C_A09_S6_F2	fixed	A09_S6_F2	A09	F2	S6					148	1	500006	12.147236	0.66	0.05433334793199046	5.44	38.44	1.5	iteration	1     500006  1.2147236E+01  6.60E-01    5.44   38.44*   1.50
C_A09_S6_F2	fixed	A09_S6_F2	A09	F2	S6					149	2	499986	11.489199	0.0617	0.005370261234051216	0.54	3.8	2.27	iteration	2     499986  1.1489199E+01  6.17E-02    0.54    3.80*   2.27
C_A09_S6_F2	fixed	A09_S6_F2	A09	F2	S6					151	2	999992	11.494896	0.0614	0.005341501132328644	0.53	5.35	2.27	aggregate	2     999992  1.1494896E+01  6.14E-02    0.53    5.35    2.27    0.98   2
C_A09_S6_F2	fixed	A09_S6_F2	A09	F2	S6					154	3	1938537	11.479126	0.0188	0.0016377553482730305	0.16	2.28	2.91	iteration	3    1938537  1.1479126E+01  1.88E-02    0.16    2.28*   2.91
C_A09_S6_F2	fixed	A09_S6_F2	A09	F2	S6					156	3	1938537	11.479126	0.0188	0.0016377553482730305	0.16	2.28	2.91	iteration	3    1938537  1.1479126E+01  1.88E-02    0.16    2.28    2.91
P_A09_S7	adaptive	A09_S7	A09		S7					152	1	499993	12.081815	0.65	0.053799863679422334	5.38	38.02	1.42	iteration	1     499993  1.2081815E+01  6.50E-01    5.38   38.02*   1.42
P_A09_S7	adaptive	A09_S7	A09		S7					153	2	499998	11.576412	0.0606	0.00523478259066799	0.52	3.7	2.06	iteration	2     499998  1.1576412E+01  6.06E-02    0.52    3.70*   2.06
P_A09_S7	adaptive	A09_S7	A09		S7					155	2	999991	11.580773	0.0603	0.005206906309276591	0.52	5.21	2.06	aggregate	2     999991  1.1580773E+01  6.03E-02    0.52    5.21    2.06    0.60   2
C_A09_S7_F0	fixed	A09_S7_F0	A09	F0	S7					148	1	499993	12.081815	0.65	0.053799863679422334	5.38	38.02	1.42	iteration	1     499993  1.2081815E+01  6.50E-01    5.38   38.02*   1.42
C_A09_S7_F0	fixed	A09_S7_F0	A09	F0	S7					149	2	499998	11.576412	0.0606	0.00523478259066799	0.52	3.7	2.06	iteration	2     499998  1.1576412E+01  6.06E-02    0.52    3.70*   2.06
C_A09_S7_F0	fixed	A09_S7_F0	A09	F0	S7					151	2	999991	11.580773	0.0603	0.005206906309276591	0.52	5.21	2.06	aggregate	2     999991  1.1580773E+01  6.03E-02    0.52    5.21    2.06    0.60   2
C_A09_S7_F0	fixed	A09_S7_F0	A09	F0	S7					154	3	203516	11.456939	0.057	0.004975150867085877	0.5	2.24	4.33	iteration	3     203516  1.1456939E+01  5.70E-02    0.50    2.24*   4.33
C_A09_S7_F0	fixed	A09_S7_F0	A09	F0	S7					155	4	203516	11.494344	0.0573	0.004985060478440526	0.5	2.25	4.53	iteration	4     203516  1.1494344E+01  5.73E-02    0.50    2.25    4.53
C_A09_S7_F0	fixed	A09_S7_F0	A09	F0	S7					156	5	203516	11.476761	0.0568	0.004949131553754583	0.49	2.23	4.9	iteration	5     203516  1.1476761E+01  5.68E-02    0.49    2.23*   4.90
C_A09_S7_F0	fixed	A09_S7_F0	A09	F0	S7					158	5	610548	11.475939	0.0329	0.0028668678005346663	0.29	2.24	4.9	aggregate	5     610548  1.1475939E+01  3.29E-02    0.29    2.24    4.90    0.11   3
C_A09_S7_F1	fixed	A09_S7_F1	A09	F1	S7					148	1	499993	12.081815	0.65	0.053799863679422334	5.38	38.02	1.42	iteration	1     499993  1.2081815E+01  6.50E-01    5.38   38.02*   1.42
C_A09_S7_F1	fixed	A09_S7_F1	A09	F1	S7					149	2	499998	11.576412	0.0606	0.00523478259066799	0.52	3.7	2.06	iteration	2     499998  1.1576412E+01  6.06E-02    0.52    3.70*   2.06
C_A09_S7_F1	fixed	A09_S7_F1	A09	F1	S7					151	2	999991	11.580773	0.0603	0.005206906309276591	0.52	5.21	2.06	aggregate	2     999991  1.1580773E+01  6.03E-02    0.52    5.21    2.06    0.60   2
C_A09_S7_F1	fixed	A09_S7_F1	A09	F1	S7					154	3	600020	11.477584	0.033	0.002875169547876975	0.29	2.23	3.55	iteration	3     600020  1.1477584E+01  3.30E-02    0.29    2.23*   3.55
C_A09_S7_F1	fixed	A09_S7_F1	A09	F1	S7					156	3	600020	11.477584	0.033	0.002875169547876975	0.29	2.23	3.55	iteration	3     600020  1.1477584E+01  3.30E-02    0.29    2.23    3.55
C_A09_S7_F2	fixed	A09_S7_F2	A09	F2	S7					148	1	499993	12.081815	0.65	0.053799863679422334	5.38	38.02	1.42	iteration	1     499993  1.2081815E+01  6.50E-01    5.38   38.02*   1.42
C_A09_S7_F2	fixed	A09_S7_F2	A09	F2	S7					149	2	499998	11.576412	0.0606	0.00523478259066799	0.52	3.7	2.06	iteration	2     499998  1.1576412E+01  6.06E-02    0.52    3.70*   2.06
C_A09_S7_F2	fixed	A09_S7_F2	A09	F2	S7					151	2	999991	11.580773	0.0603	0.005206906309276591	0.52	5.21	2.06	aggregate	2     999991  1.1580773E+01  6.03E-02    0.52    5.21    2.06    0.60   2
C_A09_S7_F2	fixed	A09_S7_F2	A09	F2	S7					154	3	1951958	11.504685	0.0186	0.0016167326615200675	0.16	2.26	2.7	iteration	3    1951958  1.1504685E+01  1.86E-02    0.16    2.26*   2.70
C_A09_S7_F2	fixed	A09_S7_F2	A09	F2	S7					156	3	1951958	11.504685	0.0186	0.0016167326615200675	0.16	2.26	2.7	iteration	3    1951958  1.1504685E+01  1.86E-02    0.16    2.26    2.70
P_A10_S0	adaptive	A10_S0	A10		S0					152	1	1000027	12.308326	0.496	0.0402979251605783	4.03	40.3	1.07	iteration	1    1000027  1.2308326E+01  4.96E-01    4.03   40.30*   1.07
P_A10_S0	adaptive	A10_S0	A10		S0					154	1	1000027	12.308326	0.496	0.0402979251605783	4.03	40.3	1.07	iteration	1    1000027  1.2308326E+01  4.96E-01    4.03   40.30    1.07
C_A10_S0_F0	fixed	A10_S0_F0	A10	F0	S0					148	1	1000027	12.308326	0.496	0.0402979251605783	4.03	40.3	1.07	iteration	1    1000027  1.2308326E+01  4.96E-01    4.03   40.30*   1.07
C_A10_S0_F0	fixed	A10_S0_F0	A10	F0	S0					150	1	1000027	12.308326	0.496	0.0402979251605783	4.03	40.3	1.07	iteration	1    1000027  1.2308326E+01  4.96E-01    4.03   40.30    1.07
C_A10_S0_F0	fixed	A10_S0_F0	A10	F0	S0					153	2	202169	11.493816	0.0938	0.008160910179874116	0.82	3.67	3.31	iteration	2     202169  1.1493816E+01  9.38E-02    0.82    3.67*   3.31
C_A10_S0_F0	fixed	A10_S0_F0	A10	F0	S0					154	3	202169	11.536448	0.0938	0.00813075220379791	0.81	3.65	3.33	iteration	3     202169  1.1536448E+01  9.38E-02    0.81    3.65*   3.33
C_A10_S0_F0	fixed	A10_S0_F0	A10	F0	S0					155	4	202169	11.530578	0.0934	0.008100201048030723	0.81	3.64	3.34	iteration	4     202169  1.1530578E+01  9.34E-02    0.81    3.64*   3.34
C_A10_S0_F0	fixed	A10_S0_F0	A10	F0	S0					157	4	606507	11.520313	0.0541	0.004696052963144318	0.47	3.65	3.34	aggregate	4     606507  1.1520313E+01  5.41E-02    0.47    3.65    3.34    0.06   3
C_A10_S0_F1	fixed	A10_S0_F1	A10	F1	S0					148	1	1000027	12.308326	0.496	0.0402979251605783	4.03	40.3	1.07	iteration	1    1000027  1.2308326E+01  4.96E-01    4.03   40.30*   1.07
C_A10_S0_F1	fixed	A10_S0_F1	A10	F1	S0					150	1	1000027	12.308326	0.496	0.0402979251605783	4.03	40.3	1.07	iteration	1    1000027  1.2308326E+01  4.96E-01    4.03   40.30    1.07
C_A10_S0_F1	fixed	A10_S0_F1	A10	F1	S0					153	2	600826	11.462143	0.0537	0.0046849877898051005	0.47	3.63	2.77	iteration	2     600826  1.1462143E+01  5.37E-02    0.47    3.63*   2.77
C_A10_S0_F1	fixed	A10_S0_F1	A10	F1	S0					155	2	600826	11.462143	0.0537	0.0046849877898051005	0.47	3.63	2.77	iteration	2     600826  1.1462143E+01  5.37E-02    0.47    3.63    2.77
C_A10_S0_F2	fixed	A10_S0_F2	A10	F2	S0					148	1	1000027	12.308326	0.496	0.0402979251605783	4.03	40.3	1.07	iteration	1    1000027  1.2308326E+01  4.96E-01    4.03   40.30*   1.07
C_A10_S0_F2	fixed	A10_S0_F2	A10	F2	S0					150	1	1000027	12.308326	0.496	0.0402979251605783	4.03	40.3	1.07	iteration	1    1000027  1.2308326E+01  4.96E-01    4.03   40.30    1.07
C_A10_S0_F2	fixed	A10_S0_F2	A10	F2	S0					153	2	1999969	11.478581	0.0294	0.002561292201536061	0.26	3.62	2.3	iteration	2    1999969  1.1478581E+01  2.94E-02    0.26    3.62*   2.30
C_A10_S0_F2	fixed	A10_S0_F2	A10	F2	S0					155	2	1999969	11.478581	0.0294	0.002561292201536061	0.26	3.62	2.3	iteration	2    1999969  1.1478581E+01  2.94E-02    0.26    3.62    2.30
P_A10_S1	adaptive	A10_S1	A10		S1					152	1	999982	11.603961	0.46	0.03964163616199676	3.96	39.64	1.18	iteration	1     999982  1.1603961E+01  4.60E-01    3.96   39.64*   1.18
P_A10_S1	adaptive	A10_S1	A10		S1					154	1	999982	11.603961	0.46	0.03964163616199676	3.96	39.64	1.18	iteration	1     999982  1.1603961E+01  4.60E-01    3.96   39.64    1.18
C_A10_S1_F0	fixed	A10_S1_F0	A10	F0	S1					148	1	999982	11.603961	0.46	0.03964163616199676	3.96	39.64	1.18	iteration	1     999982  1.1603961E+01  4.60E-01    3.96   39.64*   1.18
C_A10_S1_F0	fixed	A10_S1_F0	A10	F0	S1					150	1	999982	11.603961	0.46	0.03964163616199676	3.96	39.64	1.18	iteration	1     999982  1.1603961E+01  4.60E-01    3.96   39.64    1.18
C_A10_S1_F0	fixed	A10_S1_F0	A10	F0	S1					153	2	202218	11.590641	0.0953	0.00822215095782882	0.82	3.7	3.27	iteration	2     202218  1.1590641E+01  9.53E-02    0.82    3.70*   3.27
C_A10_S1_F0	fixed	A10_S1_F0	A10	F0	S1					154	3	202218	11.532919	0.0951	0.008245960974840802	0.82	3.71	2.99	iteration	3     202218  1.1532919E+01  9.51E-02    0.82    3.71    2.99
C_A10_S1_F0	fixed	A10_S1_F0	A10	F0	S1					155	4	202218	11.516631	0.0946	0.00821420778350891	0.82	3.69	3.13	iteration	4     202218  1.1516631E+01  9.46E-02    0.82    3.69*   3.13
C_A10_S1_F0	fixed	A10_S1_F0	A10	F0	S1					157	4	606654	11.546576	0.0548	0.004745995696040108	0.47	3.7	3.13	aggregate	4     606654  1.1546576E+01  5.48E-02    0.47    3.70    3.13    0.17   3
C_A10_S1_F1	fixed	A10_S1_F1	A10	F1	S1					148	1	999982	11.603961	0.46	0.03964163616199676	3.96	39.64	1.18	iteration	1     999982  1.1603961E+01  4.60E-01    3.96   39.64*   1.18
C_A10_S1_F1	fixed	A10_S1_F1	A10	F1	S1					150	1	999982	11.603961	0.46	0.03964163616199676	3.96	39.64	1.18	iteration	1     999982  1.1603961E+01  4.60E-01    3.96   39.64    1.18
C_A10_S1_F1	fixed	A10_S1_F1	A10	F1	S1					153	2	600867	11.542608	0.0548	0.004747627226013394	0.48	3.68	2.57	iteration	2     600867  1.1542608E+01  5.48E-02    0.48    3.68*   2.57
C_A10_S1_F1	fixed	A10_S1_F1	A10	F1	S1					155	2	600867	11.542608	0.0548	0.004747627226013394	0.48	3.68	2.57	iteration	2     600867  1.1542608E+01  5.48E-02    0.48    3.68    2.57
C_A10_S1_F2	fixed	A10_S1_F2	A10	F2	S1					148	1	999982	11.603961	0.46	0.03964163616199676	3.96	39.64	1.18	iteration	1     999982  1.1603961E+01  4.60E-01    3.96   39.64*   1.18
C_A10_S1_F2	fixed	A10_S1_F2	A10	F2	S1					150	1	999982	11.603961	0.46	0.03964163616199676	3.96	39.64	1.18	iteration	1     999982  1.1603961E+01  4.60E-01    3.96   39.64    1.18
C_A10_S1_F2	fixed	A10_S1_F2	A10	F2	S1					153	2	2000020	11.538496	0.0301	0.0026086588754721586	0.26	3.69	1.96	iteration	2    2000020  1.1538496E+01  3.01E-02    0.26    3.69*   1.96
C_A10_S1_F2	fixed	A10_S1_F2	A10	F2	S1					155	2	2000020	11.538496	0.0301	0.0026086588754721586	0.26	3.69	1.96	iteration	2    2000020  1.1538496E+01  3.01E-02    0.26    3.69    1.96
P_A10_S2	adaptive	A10_S2	A10		S2					152	1	999978	12.163619	0.509	0.041846098599438206	4.19	41.88	1.07	iteration	1     999978  1.2163619E+01  5.09E-01    4.19   41.88*   1.07
P_A10_S2	adaptive	A10_S2	A10		S2					154	1	999978	12.163619	0.509	0.041846098599438206	4.19	41.88	1.07	iteration	1     999978  1.2163619E+01  5.09E-01    4.19   41.88    1.07
C_A10_S2_F0	fixed	A10_S2_F0	A10	F0	S2					148	1	999978	12.163619	0.509	0.041846098599438206	4.19	41.88	1.07	iteration	1     999978  1.2163619E+01  5.09E-01    4.19   41.88*   1.07
C_A10_S2_F0	fixed	A10_S2_F0	A10	F0	S2					150	1	999978	12.163619	0.509	0.041846098599438206	4.19	41.88	1.07	iteration	1     999978  1.2163619E+01  5.09E-01    4.19   41.88    1.07
C_A10_S2_F0	fixed	A10_S2_F0	A10	F0	S2					153	2	202096	11.46775	0.0912	0.007952737023391686	0.8	3.58	2.91	iteration	2     202096  1.1467750E+01  9.12E-02    0.80    3.58*   2.91
C_A10_S2_F0	fixed	A10_S2_F0	A10	F0	S2					154	3	202096	11.556267	0.0911	0.007883168500693174	0.79	3.54	3.28	iteration	3     202096  1.1556267E+01  9.11E-02    0.79    3.54*   3.28
C_A10_S2_F0	fixed	A10_S2_F0	A10	F0	S2					155	4	202096	11.470818	0.0906	0.007898303329370233	0.79	3.55	3.39	iteration	4     202096  1.1470818E+01  9.06E-02    0.79    3.55    3.39
C_A10_S2_F0	fixed	A10_S2_F0	A10	F0	S2					157	4	606288	11.498223	0.0525	0.004565922925655556	0.46	3.56	3.39	aggregate	4     606288  1.1498223E+01  5.25E-02    0.46    3.56    3.39    0.30   3
C_A10_S2_F1	fixed	A10_S2_F1	A10	F1	S2					148	1	999978	12.163619	0.509	0.041846098599438206	4.19	41.88	1.07	iteration	1     999978  1.2163619E+01  5.09E-01    4.19   41.88*   1.07
C_A10_S2_F1	fixed	A10_S2_F1	A10	F1	S2					150	1	999978	12.163619	0.509	0.041846098599438206	4.19	41.88	1.07	iteration	1     999978  1.2163619E+01  5.09E-01    4.19   41.88    1.07
C_A10_S2_F1	fixed	A10_S2_F1	A10	F1	S2					153	2	600807	11.468957	0.0523	0.00456013567755115	0.46	3.54	2.51	iteration	2     600807  1.1468957E+01  5.23E-02    0.46    3.54*   2.51
C_A10_S2_F1	fixed	A10_S2_F1	A10	F1	S2					155	2	600807	11.468957	0.0523	0.00456013567755115	0.46	3.54	2.51	iteration	2     600807  1.1468957E+01  5.23E-02    0.46    3.54    2.51
C_A10_S2_F2	fixed	A10_S2_F2	A10	F2	S2					148	1	999978	12.163619	0.509	0.041846098599438206	4.19	41.88	1.07	iteration	1     999978  1.2163619E+01  5.09E-01    4.19   41.88*   1.07
C_A10_S2_F2	fixed	A10_S2_F2	A10	F2	S2					150	1	999978	12.163619	0.509	0.041846098599438206	4.19	41.88	1.07	iteration	1     999978  1.2163619E+01  5.09E-01    4.19   41.88    1.07
C_A10_S2_F2	fixed	A10_S2_F2	A10	F2	S2					153	2	2000042	11.492782	0.0287	0.0024972195591981125	0.25	3.53	2.07	iteration	2    2000042  1.1492782E+01  2.87E-02    0.25    3.53*   2.07
C_A10_S2_F2	fixed	A10_S2_F2	A10	F2	S2					155	2	2000042	11.492782	0.0287	0.0024972195591981125	0.25	3.53	2.07	iteration	2    2000042  1.1492782E+01  2.87E-02    0.25    3.53    2.07
P_A10_S3	adaptive	A10_S3	A10		S3					152	1	999976	11.478528	0.468	0.04077177840224809	4.08	40.81	1.1	iteration	1     999976  1.1478528E+01  4.68E-01    4.08   40.81*   1.10
P_A10_S3	adaptive	A10_S3	A10		S3					154	1	999976	11.478528	0.468	0.04077177840224809	4.08	40.81	1.1	iteration	1     999976  1.1478528E+01  4.68E-01    4.08   40.81    1.10
C_A10_S3_F0	fixed	A10_S3_F0	A10	F0	S3					148	1	999976	11.478528	0.468	0.04077177840224809	4.08	40.81	1.1	iteration	1     999976  1.1478528E+01  4.68E-01    4.08   40.81*   1.10
C_A10_S3_F0	fixed	A10_S3_F0	A10	F0	S3					150	1	999976	11.478528	0.468	0.04077177840224809	4.08	40.81	1.1	iteration	1     999976  1.1478528E+01  4.68E-01    4.08   40.81    1.10
C_A10_S3_F0	fixed	A10_S3_F0	A10	F0	S3					153	2	202297	11.463052	0.0963	0.008400904052428621	0.84	3.78	2.98	iteration	2     202297  1.1463052E+01  9.63E-02    0.84    3.78*   2.98
C_A10_S3_F0	fixed	A10_S3_F0	A10	F0	S3					154	3	202297	11.660884	0.0965	0.008275530397180866	0.83	3.72	3.16	iteration	3     202297  1.1660884E+01  9.65E-02    0.83    3.72*   3.16
C_A10_S3_F0	fixed	A10_S3_F0	A10	F0	S3					155	4	202297	11.503265	0.0956	0.008310683966682502	0.83	3.74	3.22	iteration	4     202297  1.1503265E+01  9.56E-02    0.83    3.74    3.22
C_A10_S3_F0	fixed	A10_S3_F0	A10	F0	S3					157	4	606891	11.542025	0.0555	0.004808514970293341	0.48	3.75	3.22	aggregate	4     606891  1.1542025E+01  5.55E-02    0.48    3.75    3.22    1.18   3
C_A10_S3_F1	fixed	A10_S3_F1	A10	F1	S3					148	1	999976	11.478528	0.468	0.04077177840224809	4.08	40.81	1.1	iteration	1     999976  1.1478528E+01  4.68E-01    4.08   40.81*   1.10
C_A10_S3_F1	fixed	A10_S3_F1	A10	F1	S3					150	1	999976	11.478528	0.468	0.04077177840224809	4.08	40.81	1.1	iteration	1     999976  1.1478528E+01  4.68E-01    4.08   40.81    1.10
C_A10_S3_F1	fixed	A10_S3_F1	A10	F1	S3					153	2	600861	11.487067	0.0558	0.004857636853689458	0.49	3.76	2.31	iteration	2     600861  1.1487067E+01  5.58E-02    0.49    3.76*   2.31
C_A10_S3_F1	fixed	A10_S3_F1	A10	F1	S3					155	2	600861	11.487067	0.0558	0.004857636853689458	0.49	3.76	2.31	iteration	2     600861  1.1487067E+01  5.58E-02    0.49    3.76    2.31
C_A10_S3_F2	fixed	A10_S3_F2	A10	F2	S3					148	1	999976	11.478528	0.468	0.04077177840224809	4.08	40.81	1.1	iteration	1     999976  1.1478528E+01  4.68E-01    4.08   40.81*   1.10
C_A10_S3_F2	fixed	A10_S3_F2	A10	F2	S3					150	1	999976	11.478528	0.468	0.04077177840224809	4.08	40.81	1.1	iteration	1     999976  1.1478528E+01  4.68E-01    4.08   40.81    1.10
C_A10_S3_F2	fixed	A10_S3_F2	A10	F2	S3					153	2	1999999	11.474668	0.0303	0.002640599274854837	0.26	3.73	1.94	iteration	2    1999999  1.1474668E+01  3.03E-02    0.26    3.73*   1.94
C_A10_S3_F2	fixed	A10_S3_F2	A10	F2	S3					155	2	1999999	11.474668	0.0303	0.002640599274854837	0.26	3.73	1.94	iteration	2    1999999  1.1474668E+01  3.03E-02    0.26    3.73    1.94
P_A10_S4	adaptive	A10_S4	A10		S4					152	1	1000026	12.112179	0.509	0.04202381751458594	4.2	42.03	1.02	iteration	1    1000026  1.2112179E+01  5.09E-01    4.20   42.03*   1.02
P_A10_S4	adaptive	A10_S4	A10		S4					154	1	1000026	12.112179	0.509	0.04202381751458594	4.2	42.03	1.02	iteration	1    1000026  1.2112179E+01  5.09E-01    4.20   42.03    1.02
C_A10_S4_F0	fixed	A10_S4_F0	A10	F0	S4					148	1	1000026	12.112179	0.509	0.04202381751458594	4.2	42.03	1.02	iteration	1    1000026  1.2112179E+01  5.09E-01    4.20   42.03*   1.02
C_A10_S4_F0	fixed	A10_S4_F0	A10	F0	S4					150	1	1000026	12.112179	0.509	0.04202381751458594	4.2	42.03	1.02	iteration	1    1000026  1.2112179E+01  5.09E-01    4.20   42.03    1.02
C_A10_S4_F0	fixed	A10_S4_F0	A10	F0	S4					153	2	202125	11.474858	0.0908	0.007912951951126542	0.79	3.56	3.35	iteration	2     202125  1.1474858E+01  9.08E-02    0.79    3.56*   3.35
C_A10_S4_F0	fixed	A10_S4_F0	A10	F0	S4					154	3	202125	11.352079	0.0898	0.007910445302574093	0.79	3.56	3.14	iteration	3     202125  1.1352079E+01  8.98E-02    0.79    3.56*   3.14
C_A10_S4_F0	fixed	A10_S4_F0	A10	F0	S4					155	4	202125	11.568724	0.0912	0.007883324038156671	0.79	3.54	3.21	iteration	4     202125  1.1568724E+01  9.12E-02    0.79    3.54*   3.21
C_A10_S4_F0	fixed	A10_S4_F0	A10	F0	S4					157	4	606375	11.464125	0.0523	0.004562057723550642	0.46	3.55	3.21	aggregate	4     606375  1.1464125E+01  5.23E-02    0.46    3.55    3.21    1.44   3
C_A10_S4_F1	fixed	A10_S4_F1	A10	F1	S4					148	1	1000026	12.112179	0.509	0.04202381751458594	4.2	42.03	1.02	iteration	1    1000026  1.2112179E+01  5.09E-01    4.20   42.03*   1.02
C_A10_S4_F1	fixed	A10_S4_F1	A10	F1	S4					150	1	1000026	12.112179	0.509	0.04202381751458594	4.2	42.03	1.02	iteration	1    1000026  1.2112179E+01  5.09E-01    4.20   42.03    1.02
C_A10_S4_F1	fixed	A10_S4_F1	A10	F1	S4					153	2	600787	11.549704	0.0527	0.004562887499108202	0.46	3.54	2.54	iteration	2     600787  1.1549704E+01  5.27E-02    0.46    3.54*   2.54
C_A10_S4_F1	fixed	A10_S4_F1	A10	F1	S4					155	2	600787	11.549704	0.0527	0.004562887499108202	0.46	3.54	2.54	iteration	2     600787  1.1549704E+01  5.27E-02    0.46    3.54    2.54
C_A10_S4_F2	fixed	A10_S4_F2	A10	F2	S4					148	1	1000026	12.112179	0.509	0.04202381751458594	4.2	42.03	1.02	iteration	1    1000026  1.2112179E+01  5.09E-01    4.20   42.03*   1.02
C_A10_S4_F2	fixed	A10_S4_F2	A10	F2	S4					150	1	1000026	12.112179	0.509	0.04202381751458594	4.2	42.03	1.02	iteration	1    1000026  1.2112179E+01  5.09E-01    4.20   42.03    1.02
C_A10_S4_F2	fixed	A10_S4_F2	A10	F2	S4					153	2	2000007	11.466284	0.0287	0.0025029905067762144	0.25	3.54	2.11	iteration	2    2000007  1.1466284E+01  2.87E-02    0.25    3.54*   2.11
C_A10_S4_F2	fixed	A10_S4_F2	A10	F2	S4					155	2	2000007	11.466284	0.0287	0.0025029905067762144	0.25	3.54	2.11	iteration	2    2000007  1.1466284E+01  2.87E-02    0.25    3.54    2.11
P_A10_S5	adaptive	A10_S5	A10		S5					152	1	999988	11.779802	0.459	0.03896500127930843	3.9	38.98	1.03	iteration	1     999988  1.1779802E+01  4.59E-01    3.90   38.98*   1.03
P_A10_S5	adaptive	A10_S5	A10		S5					154	1	999988	11.779802	0.459	0.03896500127930843	3.9	38.98	1.03	iteration	1     999988  1.1779802E+01  4.59E-01    3.90   38.98    1.03
C_A10_S5_F0	fixed	A10_S5_F0	A10	F0	S5					148	1	999988	11.779802	0.459	0.03896500127930843	3.9	38.98	1.03	iteration	1     999988  1.1779802E+01  4.59E-01    3.90   38.98*   1.03
C_A10_S5_F0	fixed	A10_S5_F0	A10	F0	S5					150	1	999988	11.779802	0.459	0.03896500127930843	3.9	38.98	1.03	iteration	1     999988  1.1779802E+01  4.59E-01    3.90   38.98    1.03
C_A10_S5_F0	fixed	A10_S5_F0	A10	F0	S5					153	2	202167	11.362718	0.0941	0.008281469275220946	0.83	3.72	3.04	iteration	2     202167  1.1362718E+01  9.41E-02    0.83    3.72*   3.04
C_A10_S5_F0	fixed	A10_S5_F0	A10	F0	S5					154	3	202167	11.471601	0.0946	0.008246451388956084	0.82	3.71	3.0	iteration	3     202167  1.1471601E+01  9.46E-02    0.82    3.71*   3.00
C_A10_S5_F0	fixed	A10_S5_F0	A10	F0	S5					155	4	202167	11.518793	0.0949	0.008238710427385925	0.82	3.7	2.92	iteration	4     202167  1.1518793E+01  9.49E-02    0.82    3.70*   2.92
C_A10_S5_F0	fixed	A10_S5_F0	A10	F0	S5					157	4	606501	11.450552	0.0546	0.004768329072694487	0.48	3.71	2.92	aggregate	4     606501  1.1450552E+01  5.46E-02    0.48    3.71    2.92    0.72   3
C_A10_S5_F1	fixed	A10_S5_F1	A10	F1	S5					148	1	999988	11.779802	0.459	0.03896500127930843	3.9	38.98	1.03	iteration	1     999988  1.1779802E+01  4.59E-01    3.90   38.98*   1.03
C_A10_S5_F1	fixed	A10_S5_F1	A10	F1	S5					150	1	999988	11.779802	0.459	0.03896500127930843	3.9	38.98	1.03	iteration	1     999988  1.1779802E+01  4.59E-01    3.90   38.98    1.03
C_A10_S5_F1	fixed	A10_S5_F1	A10	F1	S5					153	2	600792	11.471794	0.0545	0.004750782658754158	0.47	3.68	2.55	iteration	2     600792  1.1471794E+01  5.45E-02    0.47    3.68*   2.55
C_A10_S5_F1	fixed	A10_S5_F1	A10	F1	S5					155	2	600792	11.471794	0.0545	0.004750782658754158	0.47	3.68	2.55	iteration	2     600792  1.1471794E+01  5.45E-02    0.47    3.68    2.55
C_A10_S5_F2	fixed	A10_S5_F2	A10	F2	S5					148	1	999988	11.779802	0.459	0.03896500127930843	3.9	38.98	1.03	iteration	1     999988  1.1779802E+01  4.59E-01    3.90   38.98*   1.03
C_A10_S5_F2	fixed	A10_S5_F2	A10	F2	S5					150	1	999988	11.779802	0.459	0.03896500127930843	3.9	38.98	1.03	iteration	1     999988  1.1779802E+01  4.59E-01    3.90   38.98    1.03
C_A10_S5_F2	fixed	A10_S5_F2	A10	F2	S5					153	2	1999997	11.482543	0.0299	0.0026039528003509328	0.26	3.69	2.09	iteration	2    1999997  1.1482543E+01  2.99E-02    0.26    3.69*   2.09
C_A10_S5_F2	fixed	A10_S5_F2	A10	F2	S5					155	2	1999997	11.482543	0.0299	0.0026039528003509328	0.26	3.69	2.09	iteration	2    1999997  1.1482543E+01  2.99E-02    0.26    3.69    2.09
P_A10_S6	adaptive	A10_S6	A10		S6					152	1	999991	12.215599	0.489	0.040030783590718724	4.01	40.05	1.02	iteration	1     999991  1.2215599E+01  4.89E-01    4.01   40.05*   1.02
P_A10_S6	adaptive	A10_S6	A10		S6					154	1	999991	12.215599	0.489	0.040030783590718724	4.01	40.05	1.02	iteration	1     999991  1.2215599E+01  4.89E-01    4.01   40.05    1.02
C_A10_S6_F0	fixed	A10_S6_F0	A10	F0	S6					148	1	999991	12.215599	0.489	0.040030783590718724	4.01	40.05	1.02	iteration	1     999991  1.2215599E+01  4.89E-01    4.01   40.05*   1.02
C_A10_S6_F0	fixed	A10_S6_F0	A10	F0	S6					150	1	999991	12.215599	0.489	0.040030783590718724	4.01	40.05	1.02	iteration	1     999991  1.2215599E+01  4.89E-01    4.01   40.05    1.02
C_A10_S6_F0	fixed	A10_S6_F0	A10	F0	S6					153	2	202273	11.56886	0.0982	0.008488303946974895	0.85	3.82	3.06	iteration	2     202273  1.1568860E+01  9.82E-02    0.85    3.82*   3.06
C_A10_S6_F0	fixed	A10_S6_F0	A10	F0	S6					154	3	202273	11.427262	0.0974	0.008523476577328847	0.85	3.83	3.19	iteration	3     202273  1.1427262E+01  9.74E-02    0.85    3.83    3.19
C_A10_S6_F0	fixed	A10_S6_F0	A10	F0	S6					155	4	202273	11.610179	0.1	0.00861313163216519	0.86	3.88	3.07	iteration	4     202273  1.1610179E+01  1.00E-01    0.86    3.88    3.07
C_A10_S6_F0	fixed	A10_S6_F0	A10	F0	S6					157	4	606819	11.533852	0.0569	0.004933304155454743	0.49	3.84	3.07	aggregate	4     606819  1.1533852E+01  5.69E-02    0.49    3.84    3.07    0.95   3
C_A10_S6_F1	fixed	A10_S6_F1	A10	F1	S6					148	1	999991	12.215599	0.489	0.040030783590718724	4.01	40.05	1.02	iteration	1     999991  1.2215599E+01  4.89E-01    4.01   40.05*   1.02
C_A10_S6_F1	fixed	A10_S6_F1	A10	F1	S6					150	1	999991	12.215599	0.489	0.040030783590718724	4.01	40.05	1.02	iteration	1     999991  1.2215599E+01  4.89E-01    4.01   40.05    1.02
C_A10_S6_F1	fixed	A10_S6_F1	A10	F1	S6					153	2	600860	11.558141	0.0567	0.004905633180976076	0.49	3.81	2.44	iteration	2     600860  1.1558141E+01  5.67E-02    0.49    3.81*   2.44
C_A10_S6_F1	fixed	A10_S6_F1	A10	F1	S6					155	2	600860	11.558141	0.0567	0.004905633180976076	0.49	3.81	2.44	iteration	2     600860  1.1558141E+01  5.67E-02    0.49    3.81    2.44
C_A10_S6_F2	fixed	A10_S6_F2	A10	F2	S6					148	1	999991	12.215599	0.489	0.040030783590718724	4.01	40.05	1.02	iteration	1     999991  1.2215599E+01  4.89E-01    4.01   40.05*   1.02
C_A10_S6_F2	fixed	A10_S6_F2	A10	F2	S6					150	1	999991	12.215599	0.489	0.040030783590718724	4.01	40.05	1.02	iteration	1     999991  1.2215599E+01  4.89E-01    4.01   40.05    1.02
C_A10_S6_F2	fixed	A10_S6_F2	A10	F2	S6					153	2	1999975	11.526557	0.0309	0.002680765817581087	0.27	3.8	1.96	iteration	2    1999975  1.1526557E+01  3.09E-02    0.27    3.80*   1.96
C_A10_S6_F2	fixed	A10_S6_F2	A10	F2	S6					155	2	1999975	11.526557	0.0309	0.002680765817581087	0.27	3.8	1.96	iteration	2    1999975  1.1526557E+01  3.09E-02    0.27    3.80    1.96
P_A10_S7	adaptive	A10_S7	A10		S7					152	1	1000009	11.750077	0.454	0.038638044669834934	3.86	38.62	1.03	iteration	1    1000009  1.1750077E+01  4.54E-01    3.86   38.62*   1.03
P_A10_S7	adaptive	A10_S7	A10		S7					154	1	1000009	11.750077	0.454	0.038638044669834934	3.86	38.62	1.03	iteration	1    1000009  1.1750077E+01  4.54E-01    3.86   38.62    1.03
C_A10_S7_F0	fixed	A10_S7_F0	A10	F0	S7					148	1	1000009	11.750077	0.454	0.038638044669834934	3.86	38.62	1.03	iteration	1    1000009  1.1750077E+01  4.54E-01    3.86   38.62*   1.03
C_A10_S7_F0	fixed	A10_S7_F0	A10	F0	S7					150	1	1000009	11.750077	0.454	0.038638044669834934	3.86	38.62	1.03	iteration	1    1000009  1.1750077E+01  4.54E-01    3.86   38.62    1.03
C_A10_S7_F0	fixed	A10_S7_F0	A10	F0	S7					153	2	202186	11.549801	0.0944	0.008173300994536616	0.82	3.67	3.22	iteration	2     202186  1.1549801E+01  9.44E-02    0.82    3.67*   3.22
C_A10_S7_F0	fixed	A10_S7_F0	A10	F0	S7					154	3	202186	11.506788	0.0941	0.008177781671131857	0.82	3.68	2.94	iteration	3     202186  1.1506788E+01  9.41E-02    0.82    3.68    2.94
C_A10_S7_F0	fixed	A10_S7_F0	A10	F0	S7					155	4	202186	11.51841	0.0939	0.008152166835526779	0.82	3.67	3.33	iteration	4     202186  1.1518410E+01  9.39E-02    0.82    3.67*   3.33
C_A10_S7_F0	fixed	A10_S7_F0	A10	F0	S7					157	4	606558	11.52494	0.0543	0.004711521274731148	0.47	3.67	3.33	aggregate	4     606558  1.1524940E+01  5.43E-02    0.47    3.67    3.33    0.06   3
C_A10_S7_F1	fixed	A10_S7_F1	A10	F1	S7					148	1	1000009	11.750077	0.454	0.038638044669834934	3.86	38.62	1.03	iteration	1    1000009  1.1750077E+01  4.54E-01    3.86   38.62*   1.03
C_A10_S7_F1	fixed	A10_S7_F1	A10	F1	S7					150	1	1000009	11.750077	0.454	0.038638044669834934	3.86	38.62	1.03	iteration	1    1000009  1.1750077E+01  4.54E-01    3.86   38.62    1.03
C_A10_S7_F1	fixed	A10_S7_F1	A10	F1	S7					153	2	600755	11.497659	0.054	0.004696608239990419	0.47	3.64	2.63	iteration	2     600755  1.1497659E+01  5.40E-02    0.47    3.64*   2.63
C_A10_S7_F1	fixed	A10_S7_F1	A10	F1	S7					155	2	600755	11.497659	0.054	0.004696608239990419	0.47	3.64	2.63	iteration	2     600755  1.1497659E+01  5.40E-02    0.47    3.64    2.63
C_A10_S7_F2	fixed	A10_S7_F2	A10	F2	S7					148	1	1000009	11.750077	0.454	0.038638044669834934	3.86	38.62	1.03	iteration	1    1000009  1.1750077E+01  4.54E-01    3.86   38.62*   1.03
C_A10_S7_F2	fixed	A10_S7_F2	A10	F2	S7					150	1	1000009	11.750077	0.454	0.038638044669834934	3.86	38.62	1.03	iteration	1    1000009  1.1750077E+01  4.54E-01    3.86   38.62    1.03
C_A10_S7_F2	fixed	A10_S7_F2	A10	F2	S7					153	2	1999991	11.451261	0.0295	0.0025761355015836243	0.26	3.64	1.96	iteration	2    1999991  1.1451261E+01  2.95E-02    0.26    3.64*   1.96
C_A10_S7_F2	fixed	A10_S7_F2	A10	F2	S7					155	2	1999991	11.451261	0.0295	0.0025761355015836243	0.26	3.64	1.96	iteration	2    1999991  1.1451261E+01  2.95E-02    0.26    3.64    1.96
P_A11_S0	adaptive	A11_S0	A11		S0					152	1	99998	12.575489	1.52	0.12087005125605851	12.11	38.3	3.01	iteration	1      99998  1.2575489E+01  1.52E+00   12.11   38.30*   3.01
P_A11_S0	adaptive	A11_S0	A11		S0					154	1	99998	12.575489	1.52	0.12087005125605851	12.11	38.3	3.01	iteration	1      99998  1.2575489E+01  1.52E+00   12.11   38.30    3.01
P_A11_S0	adaptive	A11_S0	A11		S0					156	2	300005	11.543324	0.124	0.010742139785732428	1.07	5.87	0.65	iteration	2     300005  1.1543324E+01  1.24E-01    1.07    5.87*   0.65
P_A11_S0	adaptive	A11_S0	A11		S0					158	2	300005	11.543324	0.124	0.010742139785732428	1.07	5.87	0.65	iteration	2     300005  1.1543324E+01  1.24E-01    1.07    5.87    0.65
P_A11_S0	adaptive	A11_S0	A11		S0					160	3	600010	11.49877	0.0377	0.0032786115384515037	0.33	2.54	2.05	iteration	3     600010  1.1498770E+01  3.77E-02    0.33    2.54*   2.05
P_A11_S0	adaptive	A11_S0	A11		S0					162	3	600010	11.49877	0.0377	0.0032786115384515037	0.33	2.54	2.05	iteration	3     600010  1.1498770E+01  3.77E-02    0.33    2.54    2.05
C_A11_S0_F0	fixed	A11_S0_F0	A11	F0	S0					148	1	99998	12.575489	1.52	0.12087005125605851	12.11	38.3	3.01	iteration	1      99998  1.2575489E+01  1.52E+00   12.11   38.30*   3.01
C_A11_S0_F0	fixed	A11_S0_F0	A11	F0	S0					150	1	99998	12.575489	1.52	0.12087005125605851	12.11	38.3	3.01	iteration	1      99998  1.2575489E+01  1.52E+00   12.11   38.30    3.01
C_A11_S0_F0	fixed	A11_S0_F0	A11	F0	S0					153	2	300005	11.543324	0.124	0.010742139785732428	1.07	5.87	0.65	iteration	2     300005  1.1543324E+01  1.24E-01    1.07    5.87*   0.65
C_A11_S0_F0	fixed	A11_S0_F0	A11	F0	S0					155	2	300005	11.543324	0.124	0.010742139785732428	1.07	5.87	0.65	iteration	2     300005  1.1543324E+01  1.24E-01    1.07    5.87    0.65
C_A11_S0_F0	fixed	A11_S0_F0	A11	F0	S0					158	3	600010	11.49877	0.0377	0.0032786115384515037	0.33	2.54	2.05	iteration	3     600010  1.1498770E+01  3.77E-02    0.33    2.54*   2.05
C_A11_S0_F0	fixed	A11_S0_F0	A11	F0	S0					160	3	600010	11.49877	0.0377	0.0032786115384515037	0.33	2.54	2.05	iteration	3     600010  1.1498770E+01  3.77E-02    0.33    2.54    2.05
C_A11_S0_F0	fixed	A11_S0_F0	A11	F0	S0					163	4	204800	11.419056	0.0482	0.004221014416603264	0.42	1.91	4.41	iteration	4     204800  1.1419056E+01  4.82E-02    0.42    1.91*   4.41
C_A11_S0_F0	fixed	A11_S0_F0	A11	F0	S0					164	5	204800	11.492788	0.0482	0.004193934491787372	0.42	1.9	4.4	iteration	5     204800  1.1492788E+01  4.82E-02    0.42    1.90*   4.40
C_A11_S0_F0	fixed	A11_S0_F0	A11	F0	S0					165	6	204800	11.464315	0.0485	0.004230518788082847	0.42	1.91	3.4	iteration	6     204800  1.1464315E+01  4.85E-02    0.42    1.91    3.40
C_A11_S0_F0	fixed	A11_S0_F0	A11	F0	S0					167	6	614400	11.458688	0.0279	0.0024348337261648105	0.24	1.91	3.4	aggregate	6     614400  1.1458688E+01  2.79E-02    0.24    1.91    3.40    0.60   3
C_A11_S0_F1	fixed	A11_S0_F1	A11	F1	S0					148	1	99998	12.575489	1.52	0.12087005125605851	12.11	38.3	3.01	iteration	1      99998  1.2575489E+01  1.52E+00   12.11   38.30*   3.01
C_A11_S0_F1	fixed	A11_S0_F1	A11	F1	S0					150	1	99998	12.575489	1.52	0.12087005125605851	12.11	38.3	3.01	iteration	1      99998  1.2575489E+01  1.52E+00   12.11   38.30    3.01
C_A11_S0_F1	fixed	A11_S0_F1	A11	F1	S0					153	2	300005	11.543324	0.124	0.010742139785732428	1.07	5.87	0.65	iteration	2     300005  1.1543324E+01  1.24E-01    1.07    5.87*   0.65
C_A11_S0_F1	fixed	A11_S0_F1	A11	F1	S0					155	2	300005	11.543324	0.124	0.010742139785732428	1.07	5.87	0.65	iteration	2     300005  1.1543324E+01  1.24E-01    1.07    5.87    0.65
C_A11_S0_F1	fixed	A11_S0_F1	A11	F1	S0					158	3	600010	11.49877	0.0377	0.0032786115384515037	0.33	2.54	2.05	iteration	3     600010  1.1498770E+01  3.77E-02    0.33    2.54*   2.05
C_A11_S0_F1	fixed	A11_S0_F1	A11	F1	S0					160	3	600010	11.49877	0.0377	0.0032786115384515037	0.33	2.54	2.05	iteration	3     600010  1.1498770E+01  3.77E-02    0.33    2.54    2.05
C_A11_S0_F1	fixed	A11_S0_F1	A11	F1	S0					163	4	600010	11.458957	0.0279	0.0024347765682339153	0.24	1.89	2.92	iteration	4     600010  1.1458957E+01  2.79E-02    0.24    1.89*   2.92
C_A11_S0_F1	fixed	A11_S0_F1	A11	F1	S0					165	4	600010	11.458957	0.0279	0.0024347765682339153	0.24	1.89	2.92	iteration	4     600010  1.1458957E+01  2.79E-02    0.24    1.89    2.92
C_A11_S0_F2	fixed	A11_S0_F2	A11	F2	S0					148	1	99998	12.575489	1.52	0.12087005125605851	12.11	38.3	3.01	iteration	1      99998  1.2575489E+01  1.52E+00   12.11   38.30*   3.01
C_A11_S0_F2	fixed	A11_S0_F2	A11	F2	S0					150	1	99998	12.575489	1.52	0.12087005125605851	12.11	38.3	3.01	iteration	1      99998  1.2575489E+01  1.52E+00   12.11   38.30    3.01
C_A11_S0_F2	fixed	A11_S0_F2	A11	F2	S0					153	2	300005	11.543324	0.124	0.010742139785732428	1.07	5.87	0.65	iteration	2     300005  1.1543324E+01  1.24E-01    1.07    5.87*   0.65
C_A11_S0_F2	fixed	A11_S0_F2	A11	F2	S0					155	2	300005	11.543324	0.124	0.010742139785732428	1.07	5.87	0.65	iteration	2     300005  1.1543324E+01  1.24E-01    1.07    5.87    0.65
C_A11_S0_F2	fixed	A11_S0_F2	A11	F2	S0					158	3	600010	11.49877	0.0377	0.0032786115384515037	0.33	2.54	2.05	iteration	3     600010  1.1498770E+01  3.77E-02    0.33    2.54*   2.05
C_A11_S0_F2	fixed	A11_S0_F2	A11	F2	S0					160	3	600010	11.49877	0.0377	0.0032786115384515037	0.33	2.54	2.05	iteration	3     600010  1.1498770E+01  3.77E-02    0.33    2.54    2.05
C_A11_S0_F2	fixed	A11_S0_F2	A11	F2	S0					163	4	1922971	11.490462	0.0156	0.0013576477603772588	0.14	1.89	2.49	iteration	4    1922971  1.1490462E+01  1.56E-02    0.14    1.89*   2.49
C_A11_S0_F2	fixed	A11_S0_F2	A11	F2	S0					165	4	1922971	11.490462	0.0156	0.0013576477603772588	0.14	1.89	2.49	iteration	4    1922971  1.1490462E+01  1.56E-02    0.14    1.89    2.49
P_A11_S1	adaptive	A11_S1	A11		S1					152	1	99986	12.39349	1.51	0.12183815858164246	12.17	38.48	3.11	iteration	1      99986  1.2393490E+01  1.51E+00   12.17   38.48*   3.11
P_A11_S1	adaptive	A11_S1	A11		S1					154	1	99986	12.39349	1.51	0.12183815858164246	12.17	38.48	3.11	iteration	1      99986  1.2393490E+01  1.51E+00   12.17   38.48    3.11
P_A11_S1	adaptive	A11_S1	A11		S1					156	2	299997	11.262752	0.121	0.010743377817428635	1.07	5.88	0.77	iteration	2     299997  1.1262752E+01  1.21E-01    1.07    5.88*   0.77
P_A11_S1	adaptive	A11_S1	A11		S1					158	2	299997	11.262752	0.121	0.010743377817428635	1.07	5.88	0.77	iteration	2     299997  1.1262752E+01  1.21E-01    1.07    5.88    0.77
P_A11_S1	adaptive	A11_S1	A11		S1					160	3	600002	11.439074	0.0394	0.003444334742480029	0.34	2.67	2.31	iteration	3     600002  1.1439074E+01  3.94E-02    0.34    2.67*   2.31
P_A11_S1	adaptive	A11_S1	A11		S1					162	3	600002	11.439074	0.0394	0.003444334742480029	0.34	2.67	2.31	iteration	3     600002  1.1439074E+01  3.94E-02    0.34    2.67    2.31
C_A11_S1_F0	fixed	A11_S1_F0	A11	F0	S1					148	1	99986	12.39349	1.51	0.12183815858164246	12.17	38.48	3.11	iteration	1      99986  1.2393490E+01  1.51E+00   12.17   38.48*   3.11
C_A11_S1_F0	fixed	A11_S1_F0	A11	F0	S1					150	1	99986	12.39349	1.51	0.12183815858164246	12.17	38.48	3.11	iteration	1      99986  1.2393490E+01  1.51E+00   12.17   38.48    3.11
C_A11_S1_F0	fixed	A11_S1_F0	A11	F0	S1					153	2	299997	11.262752	0.121	0.010743377817428635	1.07	5.88	0.77	iteration	2     299997  1.1262752E+01  1.21E-01    1.07    5.88*   0.77
C_A11_S1_F0	fixed	A11_S1_F0	A11	F0	S1					155	2	299997	11.262752	0.121	0.010743377817428635	1.07	5.88	0.77	iteration	2     299997  1.1262752E+01  1.21E-01    1.07    5.88    0.77
C_A11_S1_F0	fixed	A11_S1_F0	A11	F0	S1					158	3	600002	11.439074	0.0394	0.003444334742480029	0.34	2.67	2.31	iteration	3     600002  1.1439074E+01  3.94E-02    0.34    2.67*   2.31
C_A11_S1_F0	fixed	A11_S1_F0	A11	F0	S1					160	3	600002	11.439074	0.0394	0.003444334742480029	0.34	2.67	2.31	iteration	3     600002  1.1439074E+01  3.94E-02    0.34    2.67    2.31
C_A11_S1_F0	fixed	A11_S1_F0	A11	F0	S1					163	4	204800	11.480309	0.0517	0.004503363106341476	0.45	2.04	4.13	iteration	4     204800  1.1480309E+01  5.17E-02    0.45    2.04*   4.13
C_A11_S1_F0	fixed	A11_S1_F0	A11	F0	S1					164	5	204800	11.559565	0.052	0.004498439171370203	0.45	2.04	4.13	iteration	5     204800  1.1559565E+01  5.20E-02    0.45    2.04*   4.13
C_A11_S1_F0	fixed	A11_S1_F0	A11	F0	S1					165	6	204800	11.510985	0.0515	0.004473987239145911	0.45	2.02	4.16	iteration	6     204800  1.1510985E+01  5.15E-02    0.45    2.02*   4.16
C_A11_S1_F0	fixed	A11_S1_F0	A11	F0	S1					167	6	614400	11.516786	0.0299	0.0025962104357934584	0.26	2.03	4.16	aggregate	6     614400  1.1516786E+01  2.99E-02    0.26    2.03    4.16    0.59   3
C_A11_S1_F1	fixed	A11_S1_F1	A11	F1	S1					148	1	99986	12.39349	1.51	0.12183815858164246	12.17	38.48	3.11	iteration	1      99986  1.2393490E+01  1.51E+00   12.17   38.48*   3.11
C_A11_S1_F1	fixed	A11_S1_F1	A11	F1	S1					150	1	99986	12.39349	1.51	0.12183815858164246	12.17	38.48	3.11	iteration	1      99986  1.2393490E+01  1.51E+00   12.17   38.48    3.11
C_A11_S1_F1	fixed	A11_S1_F1	A11	F1	S1					153	2	299997	11.262752	0.121	0.010743377817428635	1.07	5.88	0.77	iteration	2     299997  1.1262752E+01  1.21E-01    1.07    5.88*   0.77
C_A11_S1_F1	fixed	A11_S1_F1	A11	F1	S1					155	2	299997	11.262752	0.121	0.010743377817428635	1.07	5.88	0.77	iteration	2     299997  1.1262752E+01  1.21E-01    1.07    5.88    0.77
C_A11_S1_F1	fixed	A11_S1_F1	A11	F1	S1					158	3	600002	11.439074	0.0394	0.003444334742480029	0.34	2.67	2.31	iteration	3     600002  1.1439074E+01  3.94E-02    0.34    2.67*   2.31
C_A11_S1_F1	fixed	A11_S1_F1	A11	F1	S1					160	3	600002	11.439074	0.0394	0.003444334742480029	0.34	2.67	2.31	iteration	3     600002  1.1439074E+01  3.94E-02    0.34    2.67    2.31
C_A11_S1_F1	fixed	A11_S1_F1	A11	F1	S1					163	4	600002	11.487408	0.0299	0.0026028500075909204	0.26	2.02	3.44	iteration	4     600002  1.1487408E+01  2.99E-02    0.26    2.02*   3.44
C_A11_S1_F1	fixed	A11_S1_F1	A11	F1	S1					165	4	600002	11.487408	0.0299	0.0026028500075909204	0.26	2.02	3.44	iteration	4     600002  1.1487408E+01  2.99E-02    0.26    2.02    3.44
C_A11_S1_F2	fixed	A11_S1_F2	A11	F2	S1					148	1	99986	12.39349	1.51	0.12183815858164246	12.17	38.48	3.11	iteration	1      99986  1.2393490E+01  1.51E+00   12.17   38.48*   3.11
C_A11_S1_F2	fixed	A11_S1_F2	A11	F2	S1					150	1	99986	12.39349	1.51	0.12183815858164246	12.17	38.48	3.11	iteration	1      99986  1.2393490E+01  1.51E+00   12.17   38.48    3.11
C_A11_S1_F2	fixed	A11_S1_F2	A11	F2	S1					153	2	299997	11.262752	0.121	0.010743377817428635	1.07	5.88	0.77	iteration	2     299997  1.1262752E+01  1.21E-01    1.07    5.88*   0.77
C_A11_S1_F2	fixed	A11_S1_F2	A11	F2	S1					155	2	299997	11.262752	0.121	0.010743377817428635	1.07	5.88	0.77	iteration	2     299997  1.1262752E+01  1.21E-01    1.07    5.88    0.77
C_A11_S1_F2	fixed	A11_S1_F2	A11	F2	S1					158	3	600002	11.439074	0.0394	0.003444334742480029	0.34	2.67	2.31	iteration	3     600002  1.1439074E+01  3.94E-02    0.34    2.67*   2.31
C_A11_S1_F2	fixed	A11_S1_F2	A11	F2	S1					160	3	600002	11.439074	0.0394	0.003444334742480029	0.34	2.67	2.31	iteration	3     600002  1.1439074E+01  3.94E-02    0.34    2.67    2.31
C_A11_S1_F2	fixed	A11_S1_F2	A11	F2	S1					163	4	1938750	11.495772	0.0164	0.001426611453323883	0.14	1.99	2.73	iteration	4    1938750  1.1495772E+01  1.64E-02    0.14    1.99*   2.73
C_A11_S1_F2	fixed	A11_S1_F2	A11	F2	S1					165	4	1938750	11.495772	0.0164	0.001426611453323883	0.14	1.99	2.73	iteration	4    1938750  1.1495772E+01  1.64E-02    0.14    1.99    2.73
P_A11_S2	adaptive	A11_S2	A11		S2					152	1	100000	11.587985	1.39	0.11995182941641709	11.99	37.93	3.32	iteration	1     100000  1.1587985E+01  1.39E+00   11.99   37.93*   3.32
P_A11_S2	adaptive	A11_S2	A11		S2					154	1	100000	11.587985	1.39	0.11995182941641709	11.99	37.93	3.32	iteration	1     100000  1.1587985E+01  1.39E+00   11.99   37.93    3.32
P_A11_S2	adaptive	A11_S2	A11		S2					156	2	299991	11.485211	0.112	0.00975167108379637	0.97	5.33	0.74	iteration	2     299991  1.1485211E+01  1.12E-01    0.97    5.33*   0.74
P_A11_S2	adaptive	A11_S2	A11		S2					158	2	299991	11.485211	0.112	0.00975167108379637	0.97	5.33	0.74	iteration	2     299991  1.1485211E+01  1.12E-01    0.97    5.33    0.74
P_A11_S2	adaptive	A11_S2	A11		S2					160	3	600000	11.515304	0.037	0.0032131153463252032	0.32	2.49	2.26	iteration	3     600000  1.1515304E+01  3.70E-02    0.32    2.49*   2.26
P_A11_S2	adaptive	A11_S2	A11		S2					162	3	600000	11.515304	0.037	0.0032131153463252032	0.32	2.49	2.26	iteration	3     600000  1.1515304E+01  3.70E-02    0.32    2.49    2.26
C_A11_S2_F0	fixed	A11_S2_F0	A11	F0	S2					148	1	100000	11.587985	1.39	0.11995182941641709	11.99	37.93	3.32	iteration	1     100000  1.1587985E+01  1.39E+00   11.99   37.93*   3.32
C_A11_S2_F0	fixed	A11_S2_F0	A11	F0	S2					150	1	100000	11.587985	1.39	0.11995182941641709	11.99	37.93	3.32	iteration	1     100000  1.1587985E+01  1.39E+00   11.99   37.93    3.32
C_A11_S2_F0	fixed	A11_S2_F0	A11	F0	S2					153	2	299991	11.485211	0.112	0.00975167108379637	0.97	5.33	0.74	iteration	2     299991  1.1485211E+01  1.12E-01    0.97    5.33*   0.74
C_A11_S2_F0	fixed	A11_S2_F0	A11	F0	S2					155	2	299991	11.485211	0.112	0.00975167108379637	0.97	5.33	0.74	iteration	2     299991  1.1485211E+01  1.12E-01    0.97    5.33    0.74
C_A11_S2_F0	fixed	A11_S2_F0	A11	F0	S2					158	3	600000	11.515304	0.037	0.0032131153463252032	0.32	2.49	2.26	iteration	3     600000  1.1515304E+01  3.70E-02    0.32    2.49*   2.26
C_A11_S2_F0	fixed	A11_S2_F0	A11	F0	S2					160	3	600000	11.515304	0.037	0.0032131153463252032	0.32	2.49	2.26	iteration	3     600000  1.1515304E+01  3.70E-02    0.32    2.49    2.26
C_A11_S2_F0	fixed	A11_S2_F0	A11	F0	S2					163	4	204715	11.45597	0.0485	0.004233600472068275	0.42	1.91	5.39	iteration	4     204715  1.1455970E+01  4.85E-02    0.42    1.91*   5.39
C_A11_S2_F0	fixed	A11_S2_F0	A11	F0	S2					164	5	204715	11.52301	0.0489	0.004243682857170132	0.42	1.92	4.31	iteration	5     204715  1.1523010E+01  4.89E-02    0.42    1.92    4.31
C_A11_S2_F0	fixed	A11_S2_F0	A11	F0	S2					165	6	204715	11.501847	0.0488	0.004242796830804653	0.42	1.92	4.65	iteration	6     204715  1.1501847E+01  4.88E-02    0.42    1.92*   4.65
C_A11_S2_F0	fixed	A11_S2_F0	A11	F0	S2					167	6	614145	11.493401	0.0281	0.0024448811974801888	0.24	1.92	4.65	aggregate	6     614145  1.1493401E+01  2.81E-02    0.24    1.92    4.65    0.50   3
C_A11_S2_F1	fixed	A11_S2_F1	A11	F1	S2					148	1	100000	11.587985	1.39	0.11995182941641709	11.99	37.93	3.32	iteration	1     100000  1.1587985E+01  1.39E+00   11.99   37.93*   3.32
C_A11_S2_F1	fixed	A11_S2_F1	A11	F1	S2					150	1	100000	11.587985	1.39	0.11995182941641709	11.99	37.93	3.32	iteration	1     100000  1.1587985E+01  1.39E+00   11.99   37.93    3.32
C_A11_S2_F1	fixed	A11_S2_F1	A11	F1	S2					153	2	299991	11.485211	0.112	0.00975167108379637	0.97	5.33	0.74	iteration	2     299991  1.1485211E+01  1.12E-01    0.97    5.33*   0.74
C_A11_S2_F1	fixed	A11_S2_F1	A11	F1	S2					155	2	299991	11.485211	0.112	0.00975167108379637	0.97	5.33	0.74	iteration	2     299991  1.1485211E+01  1.12E-01    0.97    5.33    0.74
C_A11_S2_F1	fixed	A11_S2_F1	A11	F1	S2					158	3	600000	11.515304	0.037	0.0032131153463252032	0.32	2.49	2.26	iteration	3     600000  1.1515304E+01  3.70E-02    0.32    2.49*   2.26
C_A11_S2_F1	fixed	A11_S2_F1	A11	F1	S2					160	3	600000	11.515304	0.037	0.0032131153463252032	0.32	2.49	2.26	iteration	3     600000  1.1515304E+01  3.70E-02    0.32    2.49    2.26
C_A11_S2_F1	fixed	A11_S2_F1	A11	F1	S2					163	4	600000	11.535674	0.0283	0.0024532593414134276	0.25	1.9	3.85	iteration	4     600000  1.1535674E+01  2.83E-02    0.25    1.90*   3.85
C_A11_S2_F1	fixed	A11_S2_F1	A11	F1	S2					165	4	600000	11.535674	0.0283	0.0024532593414134276	0.25	1.9	3.85	iteration	4     600000  1.1535674E+01  2.83E-02    0.25    1.90    3.85
C_A11_S2_F2	fixed	A11_S2_F2	A11	F2	S2					148	1	100000	11.587985	1.39	0.11995182941641709	11.99	37.93	3.32	iteration	1     100000  1.1587985E+01  1.39E+00   11.99   37.93*   3.32
C_A11_S2_F2	fixed	A11_S2_F2	A11	F2	S2					150	1	100000	11.587985	1.39	0.11995182941641709	11.99	37.93	3.32	iteration	1     100000  1.1587985E+01  1.39E+00   11.99   37.93    3.32
C_A11_S2_F2	fixed	A11_S2_F2	A11	F2	S2					153	2	299991	11.485211	0.112	0.00975167108379637	0.97	5.33	0.74	iteration	2     299991  1.1485211E+01  1.12E-01    0.97    5.33*   0.74
C_A11_S2_F2	fixed	A11_S2_F2	A11	F2	S2					155	2	299991	11.485211	0.112	0.00975167108379637	0.97	5.33	0.74	iteration	2     299991  1.1485211E+01  1.12E-01    0.97    5.33    0.74
C_A11_S2_F2	fixed	A11_S2_F2	A11	F2	S2					158	3	600000	11.515304	0.037	0.0032131153463252032	0.32	2.49	2.26	iteration	3     600000  1.1515304E+01  3.70E-02    0.32    2.49*   2.26
C_A11_S2_F2	fixed	A11_S2_F2	A11	F2	S2					160	3	600000	11.515304	0.037	0.0032131153463252032	0.32	2.49	2.26	iteration	3     600000  1.1515304E+01  3.70E-02    0.32    2.49    2.26
C_A11_S2_F2	fixed	A11_S2_F2	A11	F2	S2					163	4	1946723	11.483665	0.0154	0.001341035287950319	0.13	1.87	2.96	iteration	4    1946723  1.1483665E+01  1.54E-02    0.13    1.87*   2.96
C_A11_S2_F2	fixed	A11_S2_F2	A11	F2	S2					165	4	1946723	11.483665	0.0154	0.001341035287950319	0.13	1.87	2.96	iteration	4    1946723  1.1483665E+01  1.54E-02    0.13    1.87    2.96
P_A11_S3	adaptive	A11_S3	A11		S3					152	1	100010	10.341782	1.43	0.13827404213316427	13.85	43.8	3.35	iteration	1     100010  1.0341782E+01  1.43E+00   13.85   43.80*   3.35
P_A11_S3	adaptive	A11_S3	A11		S3					154	1	100010	10.341782	1.43	0.13827404213316427	13.85	43.8	3.35	iteration	1     100010  1.0341782E+01  1.43E+00   13.85   43.80    3.35
P_A11_S3	adaptive	A11_S3	A11		S3					156	2	299991	11.336827	0.122	0.010761388526084062	1.07	5.87	0.71	iteration	2     299991  1.1336827E+01  1.22E-01    1.07    5.87*   0.71
P_A11_S3	adaptive	A11_S3	A11		S3					158	2	299991	11.336827	0.122	0.010761388526084062	1.07	5.87	0.71	iteration	2     299991  1.1336827E+01  1.22E-01    1.07    5.87    0.71
P_A11_S3	adaptive	A11_S3	A11		S3					160	3	599995	11.571149	0.0377	0.0032581034087453197	0.33	2.52	2.3	iteration	3     599995  1.1571149E+01  3.77E-02    0.33    2.52*   2.30
P_A11_S3	adaptive	A11_S3	A11		S3					162	3	599995	11.571149	0.0377	0.0032581034087453197	0.33	2.52	2.3	iteration	3     599995  1.1571149E+01  3.77E-02    0.33    2.52    2.30
C_A11_S3_F0	fixed	A11_S3_F0	A11	F0	S3					148	1	100010	10.341782	1.43	0.13827404213316427	13.85	43.8	3.35	iteration	1     100010  1.0341782E+01  1.43E+00   13.85   43.80*   3.35
C_A11_S3_F0	fixed	A11_S3_F0	A11	F0	S3					150	1	100010	10.341782	1.43	0.13827404213316427	13.85	43.8	3.35	iteration	1     100010  1.0341782E+01  1.43E+00   13.85   43.80    3.35
C_A11_S3_F0	fixed	A11_S3_F0	A11	F0	S3					153	2	299991	11.336827	0.122	0.010761388526084062	1.07	5.87	0.71	iteration	2     299991  1.1336827E+01  1.22E-01    1.07    5.87*   0.71
C_A11_S3_F0	fixed	A11_S3_F0	A11	F0	S3					155	2	299991	11.336827	0.122	0.010761388526084062	1.07	5.87	0.71	iteration	2     299991  1.1336827E+01  1.22E-01    1.07    5.87    0.71
C_A11_S3_F0	fixed	A11_S3_F0	A11	F0	S3					158	3	599995	11.571149	0.0377	0.0032581034087453197	0.33	2.52	2.3	iteration	3     599995  1.1571149E+01  3.77E-02    0.33    2.52*   2.30
C_A11_S3_F0	fixed	A11_S3_F0	A11	F0	S3					160	3	599995	11.571149	0.0377	0.0032581034087453197	0.33	2.52	2.3	iteration	3     599995  1.1571149E+01  3.77E-02    0.33    2.52    2.30
C_A11_S3_F0	fixed	A11_S3_F0	A11	F0	S3					163	4	204693	11.495608	0.0476	0.004140711826638487	0.41	1.87	4.62	iteration	4     204693  1.1495608E+01  4.76E-02    0.41    1.87*   4.62
C_A11_S3_F0	fixed	A11_S3_F0	A11	F0	S3					164	5	204693	11.5091	0.0476	0.004135857712592644	0.41	1.87	4.93	iteration	5     204693  1.1509100E+01  4.76E-02    0.41    1.87*   4.93
C_A11_S3_F0	fixed	A11_S3_F0	A11	F0	S3					165	6	204693	11.474418	0.0476	0.004148358548555578	0.41	1.88	4.36	iteration	6     204693  1.1474418E+01  4.76E-02    0.41    1.88    4.36
C_A11_S3_F0	fixed	A11_S3_F0	A11	F0	S3					167	6	614079	11.493034	0.0275	0.0023927537323912905	0.24	1.87	4.36	aggregate	6     614079  1.1493034E+01  2.75E-02    0.24    1.87    4.36    0.14   3
C_A11_S3_F1	fixed	A11_S3_F1	A11	F1	S3					148	1	100010	10.341782	1.43	0.13827404213316427	13.85	43.8	3.35	iteration	1     100010  1.0341782E+01  1.43E+00   13.85   43.80*   3.35
C_A11_S3_F1	fixed	A11_S3_F1	A11	F1	S3					150	1	100010	10.341782	1.43	0.13827404213316427	13.85	43.8	3.35	iteration	1     100010  1.0341782E+01  1.43E+00   13.85   43.80    3.35
C_A11_S3_F1	fixed	A11_S3_F1	A11	F1	S3					153	2	299991	11.336827	0.122	0.010761388526084062	1.07	5.87	0.71	iteration	2     299991  1.1336827E+01  1.22E-01    1.07    5.87*   0.71
C_A11_S3_F1	fixed	A11_S3_F1	A11	F1	S3					155	2	299991	11.336827	0.122	0.010761388526084062	1.07	5.87	0.71	iteration	2     299991  1.1336827E+01  1.22E-01    1.07    5.87    0.71
C_A11_S3_F1	fixed	A11_S3_F1	A11	F1	S3					158	3	599995	11.571149	0.0377	0.0032581034087453197	0.33	2.52	2.3	iteration	3     599995  1.1571149E+01  3.77E-02    0.33    2.52*   2.30
C_A11_S3_F1	fixed	A11_S3_F1	A11	F1	S3					160	3	599995	11.571149	0.0377	0.0032581034087453197	0.33	2.52	2.3	iteration	3     599995  1.1571149E+01  3.77E-02    0.33    2.52    2.30
C_A11_S3_F1	fixed	A11_S3_F1	A11	F1	S3					163	4	599995	11.472287	0.0274	0.002388364238098297	0.24	1.85	3.32	iteration	4     599995  1.1472287E+01  2.74E-02    0.24    1.85*   3.32
C_A11_S3_F1	fixed	A11_S3_F1	A11	F1	S3					165	4	599995	11.472287	0.0274	0.002388364238098297	0.24	1.85	3.32	iteration	4     599995  1.1472287E+01  2.74E-02    0.24    1.85    3.32
C_A11_S3_F2	fixed	A11_S3_F2	A11	F2	S3					148	1	100010	10.341782	1.43	0.13827404213316427	13.85	43.8	3.35	iteration	1     100010  1.0341782E+01  1.43E+00   13.85   43.80*   3.35
C_A11_S3_F2	fixed	A11_S3_F2	A11	F2	S3					150	1	100010	10.341782	1.43	0.13827404213316427	13.85	43.8	3.35	iteration	1     100010  1.0341782E+01  1.43E+00   13.85   43.80    3.35
C_A11_S3_F2	fixed	A11_S3_F2	A11	F2	S3					153	2	299991	11.336827	0.122	0.010761388526084062	1.07	5.87	0.71	iteration	2     299991  1.1336827E+01  1.22E-01    1.07    5.87*   0.71
C_A11_S3_F2	fixed	A11_S3_F2	A11	F2	S3					155	2	299991	11.336827	0.122	0.010761388526084062	1.07	5.87	0.71	iteration	2     299991  1.1336827E+01  1.22E-01    1.07    5.87    0.71
C_A11_S3_F2	fixed	A11_S3_F2	A11	F2	S3					158	3	599995	11.571149	0.0377	0.0032581034087453197	0.33	2.52	2.3	iteration	3     599995  1.1571149E+01  3.77E-02    0.33    2.52*   2.30
C_A11_S3_F2	fixed	A11_S3_F2	A11	F2	S3					160	3	599995	11.571149	0.0377	0.0032581034087453197	0.33	2.52	2.3	iteration	3     599995  1.1571149E+01  3.77E-02    0.33    2.52    2.30
C_A11_S3_F2	fixed	A11_S3_F2	A11	F2	S3					163	4	1959867	11.497963	0.0149	0.001295881714004472	0.13	1.82	3.3	iteration	4    1959867  1.1497963E+01  1.49E-02    0.13    1.82*   3.30
C_A11_S3_F2	fixed	A11_S3_F2	A11	F2	S3					165	4	1959867	11.497963	0.0149	0.001295881714004472	0.13	1.82	3.3	iteration	4    1959867  1.1497963E+01  1.49E-02    0.13    1.82    3.30
P_A11_S4	adaptive	A11_S4	A11		S4					152	1	99995	11.72115	1.47	0.12541431514825763	12.51	39.55	3.79	iteration	1      99995  1.1721150E+01  1.47E+00   12.51   39.55*   3.79
P_A11_S4	adaptive	A11_S4	A11		S4					154	1	99995	11.72115	1.47	0.12541431514825763	12.51	39.55	3.79	iteration	1      99995  1.1721150E+01  1.47E+00   12.51   39.55    3.79
P_A11_S4	adaptive	A11_S4	A11		S4					156	2	300001	11.610297	0.103	0.008871435416337756	0.89	4.87	1.24	iteration	2     300001  1.1610297E+01  1.03E-01    0.89    4.87*   1.24
P_A11_S4	adaptive	A11_S4	A11		S4					158	2	300001	11.610297	0.103	0.008871435416337756	0.89	4.87	1.24	iteration	2     300001  1.1610297E+01  1.03E-01    0.89    4.87    1.24
P_A11_S4	adaptive	A11_S4	A11		S4					160	3	599999	11.50656	0.0375	0.0032590105122643083	0.33	2.52	2.72	iteration	3     599999  1.1506560E+01  3.75E-02    0.33    2.52*   2.72
P_A11_S4	adaptive	A11_S4	A11		S4					162	3	599999	11.50656	0.0375	0.0032590105122643083	0.33	2.52	2.72	iteration	3     599999  1.1506560E+01  3.75E-02    0.33    2.52    2.72
C_A11_S4_F0	fixed	A11_S4_F0	A11	F0	S4					148	1	99995	11.72115	1.47	0.12541431514825763	12.51	39.55	3.79	iteration	1      99995  1.1721150E+01  1.47E+00   12.51   39.55*   3.79
C_A11_S4_F0	fixed	A11_S4_F0	A11	F0	S4					150	1	99995	11.72115	1.47	0.12541431514825763	12.51	39.55	3.79	iteration	1      99995  1.1721150E+01  1.47E+00   12.51   39.55    3.79
C_A11_S4_F0	fixed	A11_S4_F0	A11	F0	S4					153	2	300001	11.610297	0.103	0.008871435416337756	0.89	4.87	1.24	iteration	2     300001  1.1610297E+01  1.03E-01    0.89    4.87*   1.24
C_A11_S4_F0	fixed	A11_S4_F0	A11	F0	S4					155	2	300001	11.610297	0.103	0.008871435416337756	0.89	4.87	1.24	iteration	2     300001  1.1610297E+01  1.03E-01    0.89    4.87    1.24
C_A11_S4_F0	fixed	A11_S4_F0	A11	F0	S4					158	3	599999	11.50656	0.0375	0.0032590105122643083	0.33	2.52	2.72	iteration	3     599999  1.1506560E+01  3.75E-02    0.33    2.52*   2.72
C_A11_S4_F0	fixed	A11_S4_F0	A11	F0	S4					160	3	599999	11.50656	0.0375	0.0032590105122643083	0.33	2.52	2.72	iteration	3     599999  1.1506560E+01  3.75E-02    0.33    2.52    2.72
C_A11_S4_F0	fixed	A11_S4_F0	A11	F0	S4					163	4	204668	11.422419	0.0506	0.004429884773094035	0.44	2.0	4.63	iteration	4     204668  1.1422419E+01  5.06E-02    0.44    2.00*   4.63
C_A11_S4_F0	fixed	A11_S4_F0	A11	F0	S4					164	5	204668	11.47434	0.0509	0.004435984989114843	0.44	2.01	4.3	iteration	5     204668  1.1474340E+01  5.09E-02    0.44    2.01    4.30
C_A11_S4_F0	fixed	A11_S4_F0	A11	F0	S4					165	6	204668	11.531472	0.0509	0.004414007162311975	0.44	2.0	4.89	iteration	6     204668  1.1531472E+01  5.09E-02    0.44    2.00*   4.89
C_A11_S4_F0	fixed	A11_S4_F0	A11	F0	S4					167	6	614004	11.475856	0.0293	0.002553186446396678	0.26	2.0	4.89	aggregate	6     614004  1.1475856E+01  2.93E-02    0.26    2.00    4.89    1.16   3
C_A11_S4_F1	fixed	A11_S4_F1	A11	F1	S4					148	1	99995	11.72115	1.47	0.12541431514825763	12.51	39.55	3.79	iteration	1      99995  1.1721150E+01  1.47E+00   12.51   39.55*   3.79
C_A11_S4_F1	fixed	A11_S4_F1	A11	F1	S4					150	1	99995	11.72115	1.47	0.12541431514825763	12.51	39.55	3.79	iteration	1      99995  1.1721150E+01  1.47E+00   12.51   39.55    3.79
C_A11_S4_F1	fixed	A11_S4_F1	A11	F1	S4					153	2	300001	11.610297	0.103	0.008871435416337756	0.89	4.87	1.24	iteration	2     300001  1.1610297E+01  1.03E-01    0.89    4.87*   1.24
C_A11_S4_F1	fixed	A11_S4_F1	A11	F1	S4					155	2	300001	11.610297	0.103	0.008871435416337756	0.89	4.87	1.24	iteration	2     300001  1.1610297E+01  1.03E-01    0.89    4.87    1.24
C_A11_S4_F1	fixed	A11_S4_F1	A11	F1	S4					158	3	599999	11.50656	0.0375	0.0032590105122643083	0.33	2.52	2.72	iteration	3     599999  1.1506560E+01  3.75E-02    0.33    2.52*   2.72
C_A11_S4_F1	fixed	A11_S4_F1	A11	F1	S4					160	3	599999	11.50656	0.0375	0.0032590105122643083	0.33	2.52	2.72	iteration	3     599999  1.1506560E+01  3.75E-02    0.33    2.52    2.72
C_A11_S4_F1	fixed	A11_S4_F1	A11	F1	S4					163	4	599999	11.478563	0.0293	0.0025525843261042344	0.26	1.98	3.93	iteration	4     599999  1.1478563E+01  2.93E-02    0.26    1.98*   3.93
C_A11_S4_F1	fixed	A11_S4_F1	A11	F1	S4					165	4	599999	11.478563	0.0293	0.0025525843261042344	0.26	1.98	3.93	iteration	4     599999  1.1478563E+01  2.93E-02    0.26    1.98    3.93
C_A11_S4_F2	fixed	A11_S4_F2	A11	F2	S4					148	1	99995	11.72115	1.47	0.12541431514825763	12.51	39.55	3.79	iteration	1      99995  1.1721150E+01  1.47E+00   12.51   39.55*   3.79
C_A11_S4_F2	fixed	A11_S4_F2	A11	F2	S4					150	1	99995	11.72115	1.47	0.12541431514825763	12.51	39.55	3.79	iteration	1      99995  1.1721150E+01  1.47E+00   12.51   39.55    3.79
C_A11_S4_F2	fixed	A11_S4_F2	A11	F2	S4					153	2	300001	11.610297	0.103	0.008871435416337756	0.89	4.87	1.24	iteration	2     300001  1.1610297E+01  1.03E-01    0.89    4.87*   1.24
C_A11_S4_F2	fixed	A11_S4_F2	A11	F2	S4					155	2	300001	11.610297	0.103	0.008871435416337756	0.89	4.87	1.24	iteration	2     300001  1.1610297E+01  1.03E-01    0.89    4.87    1.24
C_A11_S4_F2	fixed	A11_S4_F2	A11	F2	S4					158	3	599999	11.50656	0.0375	0.0032590105122643083	0.33	2.52	2.72	iteration	3     599999  1.1506560E+01  3.75E-02    0.33    2.52*   2.72
C_A11_S4_F2	fixed	A11_S4_F2	A11	F2	S4					160	3	599999	11.50656	0.0375	0.0032590105122643083	0.33	2.52	2.72	iteration	3     599999  1.1506560E+01  3.75E-02    0.33    2.52    2.72
C_A11_S4_F2	fixed	A11_S4_F2	A11	F2	S4					163	4	1950331	11.495644	0.0161	0.001400530496595058	0.14	1.96	3.27	iteration	4    1950331  1.1495644E+01  1.61E-02    0.14    1.96*   3.27
C_A11_S4_F2	fixed	A11_S4_F2	A11	F2	S4					165	4	1950331	11.495644	0.0161	0.001400530496595058	0.14	1.96	3.27	iteration	4    1950331  1.1495644E+01  1.61E-02    0.14    1.96    3.27
P_A11_S5	adaptive	A11_S5	A11		S5					152	1	100001	12.286906	1.64	0.1334754249768005	13.38	42.3	3.44	iteration	1     100001  1.2286906E+01  1.64E+00   13.38   42.30*   3.44
P_A11_S5	adaptive	A11_S5	A11		S5					154	1	100001	12.286906	1.64	0.1334754249768005	13.38	42.3	3.44	iteration	1     100001  1.2286906E+01  1.64E+00   13.38   42.30    3.44
P_A11_S5	adaptive	A11_S5	A11		S5					156	2	300011	11.381614	0.108	0.009488988117151046	0.94	5.17	0.95	iteration	2     300011  1.1381614E+01  1.08E-01    0.94    5.17*   0.95
P_A11_S5	adaptive	A11_S5	A11		S5					158	2	300011	11.381614	0.108	0.009488988117151046	0.94	5.17	0.95	iteration	2     300011  1.1381614E+01  1.08E-01    0.94    5.17    0.95
P_A11_S5	adaptive	A11_S5	A11		S5					160	3	600003	11.489735	0.0374	0.0032550794252434894	0.33	2.52	2.74	iteration	3     600003  1.1489735E+01  3.74E-02    0.33    2.52*   2.74
P_A11_S5	adaptive	A11_S5	A11		S5					162	3	600003	11.489735	0.0374	0.0032550794252434894	0.33	2.52	2.74	iteration	3     600003  1.1489735E+01  3.74E-02    0.33    2.52    2.74
C_A11_S5_F0	fixed	A11_S5_F0	A11	F0	S5					148	1	100001	12.286906	1.64	0.1334754249768005	13.38	42.3	3.44	iteration	1     100001  1.2286906E+01  1.64E+00   13.38   42.30*   3.44
C_A11_S5_F0	fixed	A11_S5_F0	A11	F0	S5					150	1	100001	12.286906	1.64	0.1334754249768005	13.38	42.3	3.44	iteration	1     100001  1.2286906E+01  1.64E+00   13.38   42.30    3.44
C_A11_S5_F0	fixed	A11_S5_F0	A11	F0	S5					153	2	300011	11.381614	0.108	0.009488988117151046	0.94	5.17	0.95	iteration	2     300011  1.1381614E+01  1.08E-01    0.94    5.17*   0.95
C_A11_S5_F0	fixed	A11_S5_F0	A11	F0	S5					155	2	300011	11.381614	0.108	0.009488988117151046	0.94	5.17	0.95	iteration	2     300011  1.1381614E+01  1.08E-01    0.94    5.17    0.95
C_A11_S5_F0	fixed	A11_S5_F0	A11	F0	S5					158	3	600003	11.489735	0.0374	0.0032550794252434894	0.33	2.52	2.74	iteration	3     600003  1.1489735E+01  3.74E-02    0.33    2.52*   2.74
C_A11_S5_F0	fixed	A11_S5_F0	A11	F0	S5					160	3	600003	11.489735	0.0374	0.0032550794252434894	0.33	2.52	2.74	iteration	3     600003  1.1489735E+01  3.74E-02    0.33    2.52    2.74
C_A11_S5_F0	fixed	A11_S5_F0	A11	F0	S5					163	4	204665	11.501781	0.0503	0.004373235762357152	0.44	1.98	4.56	iteration	4     204665  1.1501781E+01  5.03E-02    0.44    1.98*   4.56
C_A11_S5_F0	fixed	A11_S5_F0	A11	F0	S5					164	5	204665	11.475161	0.05	0.004357237340722278	0.44	1.97	4.81	iteration	5     204665  1.1475161E+01  5.00E-02    0.44    1.97*   4.81
C_A11_S5_F0	fixed	A11_S5_F0	A11	F0	S5					165	6	204665	11.454913	0.0501	0.0043736691845673555	0.44	1.98	4.49	iteration	6     204665  1.1454913E+01  5.01E-02    0.44    1.98    4.49
C_A11_S5_F0	fixed	A11_S5_F0	A11	F0	S5					167	6	613995	11.477193	0.0289	0.0025180372936135166	0.25	1.98	4.49	aggregate	6     613995  1.1477193E+01  2.89E-02    0.25    1.98    4.49    0.22   3
C_A11_S5_F1	fixed	A11_S5_F1	A11	F1	S5					148	1	100001	12.286906	1.64	0.1334754249768005	13.38	42.3	3.44	iteration	1     100001  1.2286906E+01  1.64E+00   13.38   42.30*   3.44
C_A11_S5_F1	fixed	A11_S5_F1	A11	F1	S5					150	1	100001	12.286906	1.64	0.1334754249768005	13.38	42.3	3.44	iteration	1     100001  1.2286906E+01  1.64E+00   13.38   42.30    3.44
C_A11_S5_F1	fixed	A11_S5_F1	A11	F1	S5					153	2	300011	11.381614	0.108	0.009488988117151046	0.94	5.17	0.95	iteration	2     300011  1.1381614E+01  1.08E-01    0.94    5.17*   0.95
C_A11_S5_F1	fixed	A11_S5_F1	A11	F1	S5					155	2	300011	11.381614	0.108	0.009488988117151046	0.94	5.17	0.95	iteration	2     300011  1.1381614E+01  1.08E-01    0.94    5.17    0.95
C_A11_S5_F1	fixed	A11_S5_F1	A11	F1	S5					158	3	600003	11.489735	0.0374	0.0032550794252434894	0.33	2.52	2.74	iteration	3     600003  1.1489735E+01  3.74E-02    0.33    2.52*   2.74
C_A11_S5_F1	fixed	A11_S5_F1	A11	F1	S5					160	3	600003	11.489735	0.0374	0.0032550794252434894	0.33	2.52	2.74	iteration	3     600003  1.1489735E+01  3.74E-02    0.33    2.52    2.74
C_A11_S5_F1	fixed	A11_S5_F1	A11	F1	S5					163	4	600003	11.511549	0.029	0.0025192091872258027	0.25	1.95	4.04	iteration	4     600003  1.1511549E+01  2.90E-02    0.25    1.95*   4.04
C_A11_S5_F1	fixed	A11_S5_F1	A11	F1	S5					165	4	600003	11.511549	0.029	0.0025192091872258027	0.25	1.95	4.04	iteration	4     600003  1.1511549E+01  2.90E-02    0.25    1.95    4.04
C_A11_S5_F2	fixed	A11_S5_F2	A11	F2	S5					148	1	100001	12.286906	1.64	0.1334754249768005	13.38	42.3	3.44	iteration	1     100001  1.2286906E+01  1.64E+00   13.38   42.30*   3.44
C_A11_S5_F2	fixed	A11_S5_F2	A11	F2	S5					150	1	100001	12.286906	1.64	0.1334754249768005	13.38	42.3	3.44	iteration	1     100001  1.2286906E+01  1.64E+00   13.38   42.30    3.44
C_A11_S5_F2	fixed	A11_S5_F2	A11	F2	S5					153	2	300011	11.381614	0.108	0.009488988117151046	0.94	5.17	0.95	iteration	2     300011  1.1381614E+01  1.08E-01    0.94    5.17*   0.95
C_A11_S5_F2	fixed	A11_S5_F2	A11	F2	S5					155	2	300011	11.381614	0.108	0.009488988117151046	0.94	5.17	0.95	iteration	2     300011  1.1381614E+01  1.08E-01    0.94    5.17    0.95
C_A11_S5_F2	fixed	A11_S5_F2	A11	F2	S5					158	3	600003	11.489735	0.0374	0.0032550794252434894	0.33	2.52	2.74	iteration	3     600003  1.1489735E+01  3.74E-02    0.33    2.52*   2.74
C_A11_S5_F2	fixed	A11_S5_F2	A11	F2	S5					160	3	600003	11.489735	0.0374	0.0032550794252434894	0.33	2.52	2.74	iteration	3     600003  1.1489735E+01  3.74E-02    0.33    2.52    2.74
C_A11_S5_F2	fixed	A11_S5_F2	A11	F2	S5					163	4	1967425	11.49902	0.0158	0.0013740301347419173	0.14	1.93	2.89	iteration	4    1967425  1.1499020E+01  1.58E-02    0.14    1.93*   2.89
C_A11_S5_F2	fixed	A11_S5_F2	A11	F2	S5					165	4	1967425	11.49902	0.0158	0.0013740301347419173	0.14	1.93	2.89	iteration	4    1967425  1.1499020E+01  1.58E-02    0.14    1.93    2.89
P_A11_S6	adaptive	A11_S6	A11		S6					152	1	99990	11.412462	1.36	0.1191679762000522	11.88	37.55	3.63	iteration	1      99990  1.1412462E+01  1.36E+00   11.88   37.55*   3.63
P_A11_S6	adaptive	A11_S6	A11		S6					154	1	99990	11.412462	1.36	0.1191679762000522	11.88	37.55	3.63	iteration	1      99990  1.1412462E+01  1.36E+00   11.88   37.55    3.63
P_A11_S6	adaptive	A11_S6	A11		S6					156	2	299999	11.574265	0.114	0.00984943752367861	0.98	5.39	0.86	iteration	2     299999  1.1574265E+01  1.14E-01    0.98    5.39*   0.86
P_A11_S6	adaptive	A11_S6	A11		S6					158	2	299999	11.574265	0.114	0.00984943752367861	0.98	5.39	0.86	iteration	2     299999  1.1574265E+01  1.14E-01    0.98    5.39    0.86
P_A11_S6	adaptive	A11_S6	A11		S6					160	3	599994	11.539845	0.0369	0.0031976166057689688	0.32	2.48	2.52	iteration	3     599994  1.1539845E+01  3.69E-02    0.32    2.48*   2.52
P_A11_S6	adaptive	A11_S6	A11		S6					162	3	599994	11.539845	0.0369	0.0031976166057689688	0.32	2.48	2.52	iteration	3     599994  1.1539845E+01  3.69E-02    0.32    2.48    2.52
C_A11_S6_F0	fixed	A11_S6_F0	A11	F0	S6					148	1	99990	11.412462	1.36	0.1191679762000522	11.88	37.55	3.63	iteration	1      99990  1.1412462E+01  1.36E+00   11.88   37.55*   3.63
C_A11_S6_F0	fixed	A11_S6_F0	A11	F0	S6					150	1	99990	11.412462	1.36	0.1191679762000522	11.88	37.55	3.63	iteration	1      99990  1.1412462E+01  1.36E+00   11.88   37.55    3.63
C_A11_S6_F0	fixed	A11_S6_F0	A11	F0	S6					153	2	299999	11.574265	0.114	0.00984943752367861	0.98	5.39	0.86	iteration	2     299999  1.1574265E+01  1.14E-01    0.98    5.39*   0.86
C_A11_S6_F0	fixed	A11_S6_F0	A11	F0	S6					155	2	299999	11.574265	0.114	0.00984943752367861	0.98	5.39	0.86	iteration	2     299999  1.1574265E+01  1.14E-01    0.98    5.39    0.86
C_A11_S6_F0	fixed	A11_S6_F0	A11	F0	S6					158	3	599994	11.539845	0.0369	0.0031976166057689688	0.32	2.48	2.52	iteration	3     599994  1.1539845E+01  3.69E-02    0.32    2.48*   2.52
C_A11_S6_F0	fixed	A11_S6_F0	A11	F0	S6					160	3	599994	11.539845	0.0369	0.0031976166057689688	0.32	2.48	2.52	iteration	3     599994  1.1539845E+01  3.69E-02    0.32    2.48    2.52
C_A11_S6_F0	fixed	A11_S6_F0	A11	F0	S6					163	4	204782	11.541659	0.0495	0.004288811513145555	0.43	1.94	5.4	iteration	4     204782  1.1541659E+01  4.95E-02    0.43    1.94*   5.40
C_A11_S6_F0	fixed	A11_S6_F0	A11	F0	S6					164	5	204782	11.536284	0.0494	0.004282141459069489	0.43	1.94	5.06	iteration	5     204782  1.1536284E+01  4.94E-02    0.43    1.94*   5.06
C_A11_S6_F0	fixed	A11_S6_F0	A11	F0	S6					165	6	204782	11.414751	0.0488	0.004275169909531973	0.43	1.93	5.35	iteration	6     204782  1.1414751E+01  4.88E-02    0.43    1.93*   5.35
C_A11_S6_F0	fixed	A11_S6_F0	A11	F0	S6					167	6	614346	11.496814	0.0284	0.002470249583928208	0.25	1.94	5.35	aggregate	6     614346  1.1496814E+01  2.84E-02    0.25    1.94    5.35    2.14   3
C_A11_S6_F1	fixed	A11_S6_F1	A11	F1	S6					148	1	99990	11.412462	1.36	0.1191679762000522	11.88	37.55	3.63	iteration	1      99990  1.1412462E+01  1.36E+00   11.88   37.55*   3.63
C_A11_S6_F1	fixed	A11_S6_F1	A11	F1	S6					150	1	99990	11.412462	1.36	0.1191679762000522	11.88	37.55	3.63	iteration	1      99990  1.1412462E+01  1.36E+00   11.88   37.55    3.63
C_A11_S6_F1	fixed	A11_S6_F1	A11	F1	S6					153	2	299999	11.574265	0.114	0.00984943752367861	0.98	5.39	0.86	iteration	2     299999  1.1574265E+01  1.14E-01    0.98    5.39*   0.86
C_A11_S6_F1	fixed	A11_S6_F1	A11	F1	S6					155	2	299999	11.574265	0.114	0.00984943752367861	0.98	5.39	0.86	iteration	2     299999  1.1574265E+01  1.14E-01    0.98    5.39    0.86
C_A11_S6_F1	fixed	A11_S6_F1	A11	F1	S6					158	3	599994	11.539845	0.0369	0.0031976166057689688	0.32	2.48	2.52	iteration	3     599994  1.1539845E+01  3.69E-02    0.32    2.48*   2.52
C_A11_S6_F1	fixed	A11_S6_F1	A11	F1	S6					160	3	599994	11.539845	0.0369	0.0031976166057689688	0.32	2.48	2.52	iteration	3     599994  1.1539845E+01  3.69E-02    0.32    2.48    2.52
C_A11_S6_F1	fixed	A11_S6_F1	A11	F1	S6					163	4	599994	11.50394	0.0284	0.002468719412653404	0.25	1.91	4.52	iteration	4     599994  1.1503940E+01  2.84E-02    0.25    1.91*   4.52
C_A11_S6_F1	fixed	A11_S6_F1	A11	F1	S6					165	4	599994	11.50394	0.0284	0.002468719412653404	0.25	1.91	4.52	iteration	4     599994  1.1503940E+01  2.84E-02    0.25    1.91    4.52
C_A11_S6_F2	fixed	A11_S6_F2	A11	F2	S6					148	1	99990	11.412462	1.36	0.1191679762000522	11.88	37.55	3.63	iteration	1      99990  1.1412462E+01  1.36E+00   11.88   37.55*   3.63
C_A11_S6_F2	fixed	A11_S6_F2	A11	F2	S6					150	1	99990	11.412462	1.36	0.1191679762000522	11.88	37.55	3.63	iteration	1      99990  1.1412462E+01  1.36E+00   11.88   37.55    3.63
C_A11_S6_F2	fixed	A11_S6_F2	A11	F2	S6					153	2	299999	11.574265	0.114	0.00984943752367861	0.98	5.39	0.86	iteration	2     299999  1.1574265E+01  1.14E-01    0.98    5.39*   0.86
C_A11_S6_F2	fixed	A11_S6_F2	A11	F2	S6					155	2	299999	11.574265	0.114	0.00984943752367861	0.98	5.39	0.86	iteration	2     299999  1.1574265E+01  1.14E-01    0.98    5.39    0.86
C_A11_S6_F2	fixed	A11_S6_F2	A11	F2	S6					158	3	599994	11.539845	0.0369	0.0031976166057689688	0.32	2.48	2.52	iteration	3     599994  1.1539845E+01  3.69E-02    0.32    2.48*   2.52
C_A11_S6_F2	fixed	A11_S6_F2	A11	F2	S6					160	3	599994	11.539845	0.0369	0.0031976166057689688	0.32	2.48	2.52	iteration	3     599994  1.1539845E+01  3.69E-02    0.32    2.48    2.52
C_A11_S6_F2	fixed	A11_S6_F2	A11	F2	S6					163	4	1918560	11.471902	0.0157	0.0013685612028415165	0.14	1.9	3.53	iteration	4    1918560  1.1471902E+01  1.57E-02    0.14    1.90*   3.53
C_A11_S6_F2	fixed	A11_S6_F2	A11	F2	S6					165	4	1918560	11.471902	0.0157	0.0013685612028415165	0.14	1.9	3.53	iteration	4    1918560  1.1471902E+01  1.57E-02    0.14    1.90    3.53
P_A11_S7	adaptive	A11_S7	A11		S7					152	1	99986	13.531981	1.6	0.11823841609000191	11.82	37.39	3.12	iteration	1      99986  1.3531981E+01  1.60E+00   11.82   37.39*   3.12
P_A11_S7	adaptive	A11_S7	A11		S7					154	1	99986	13.531981	1.6	0.11823841609000191	11.82	37.39	3.12	iteration	1      99986  1.3531981E+01  1.60E+00   11.82   37.39    3.12
P_A11_S7	adaptive	A11_S7	A11		S7					156	2	299978	11.434812	0.109	0.00953229489037511	0.95	5.23	0.9	iteration	2     299978  1.1434812E+01  1.09E-01    0.95    5.23*   0.90
P_A11_S7	adaptive	A11_S7	A11		S7					158	2	299978	11.434812	0.109	0.00953229489037511	0.95	5.23	0.9	iteration	2     299978  1.1434812E+01  1.09E-01    0.95    5.23    0.90
P_A11_S7	adaptive	A11_S7	A11		S7					160	3	600004	11.475388	0.0377	0.003285291965726997	0.33	2.54	2.55	iteration	3     600004  1.1475388E+01  3.77E-02    0.33    2.54*   2.55
P_A11_S7	adaptive	A11_S7	A11		S7					162	3	600004	11.475388	0.0377	0.003285291965726997	0.33	2.54	2.55	iteration	3     600004  1.1475388E+01  3.77E-02    0.33    2.54    2.55
C_A11_S7_F0	fixed	A11_S7_F0	A11	F0	S7					148	1	99986	13.531981	1.6	0.11823841609000191	11.82	37.39	3.12	iteration	1      99986  1.3531981E+01  1.60E+00   11.82   37.39*   3.12
C_A11_S7_F0	fixed	A11_S7_F0	A11	F0	S7					150	1	99986	13.531981	1.6	0.11823841609000191	11.82	37.39	3.12	iteration	1      99986  1.3531981E+01  1.60E+00   11.82   37.39    3.12
C_A11_S7_F0	fixed	A11_S7_F0	A11	F0	S7					153	2	299978	11.434812	0.109	0.00953229489037511	0.95	5.23	0.9	iteration	2     299978  1.1434812E+01  1.09E-01    0.95    5.23*   0.90
C_A11_S7_F0	fixed	A11_S7_F0	A11	F0	S7					155	2	299978	11.434812	0.109	0.00953229489037511	0.95	5.23	0.9	iteration	2     299978  1.1434812E+01  1.09E-01    0.95    5.23    0.90
C_A11_S7_F0	fixed	A11_S7_F0	A11	F0	S7					158	3	600004	11.475388	0.0377	0.003285291965726997	0.33	2.54	2.55	iteration	3     600004  1.1475388E+01  3.77E-02    0.33    2.54*   2.55
C_A11_S7_F0	fixed	A11_S7_F0	A11	F0	S7					160	3	600004	11.475388	0.0377	0.003285291965726997	0.33	2.54	2.55	iteration	3     600004  1.1475388E+01  3.77E-02    0.33    2.54    2.55
C_A11_S7_F0	fixed	A11_S7_F0	A11	F0	S7					163	4	204648	11.477496	0.0505	0.0043999144064175676	0.44	1.99	4.71	iteration	4     204648  1.1477496E+01  5.05E-02    0.44    1.99*   4.71
C_A11_S7_F0	fixed	A11_S7_F0	A11	F0	S7					164	5	204648	11.36433	0.0499	0.004390931977512093	0.44	1.99	4.88	iteration	5     204648  1.1364330E+01  4.99E-02    0.44    1.99*   4.88
C_A11_S7_F0	fixed	A11_S7_F0	A11	F0	S7					165	6	204648	11.52916	0.0506	0.004388871348823332	0.44	1.98	4.75	iteration	6     204648  1.1529160E+01  5.06E-02    0.44    1.98*   4.75
C_A11_S7_F0	fixed	A11_S7_F0	A11	F0	S7					167	6	613944	11.456206	0.029	0.0025313790621432613	0.25	1.99	4.75	aggregate	6     613944  1.1456206E+01  2.90E-02    0.25    1.99    4.75    2.82   3
C_A11_S7_F1	fixed	A11_S7_F1	A11	F1	S7					148	1	99986	13.531981	1.6	0.11823841609000191	11.82	37.39	3.12	iteration	1      99986  1.3531981E+01  1.60E+00   11.82   37.39*   3.12
C_A11_S7_F1	fixed	A11_S7_F1	A11	F1	S7					150	1	99986	13.531981	1.6	0.11823841609000191	11.82	37.39	3.12	iteration	1      99986  1.3531981E+01  1.60E+00   11.82   37.39    3.12
C_A11_S7_F1	fixed	A11_S7_F1	A11	F1	S7					153	2	299978	11.434812	0.109	0.00953229489037511	0.95	5.23	0.9	iteration	2     299978  1.1434812E+01  1.09E-01    0.95    5.23*   0.90
C_A11_S7_F1	fixed	A11_S7_F1	A11	F1	S7					155	2	299978	11.434812	0.109	0.00953229489037511	0.95	5.23	0.9	iteration	2     299978  1.1434812E+01  1.09E-01    0.95    5.23    0.90
C_A11_S7_F1	fixed	A11_S7_F1	A11	F1	S7					158	3	600004	11.475388	0.0377	0.003285291965726997	0.33	2.54	2.55	iteration	3     600004  1.1475388E+01  3.77E-02    0.33    2.54*   2.55
C_A11_S7_F1	fixed	A11_S7_F1	A11	F1	S7					160	3	600004	11.475388	0.0377	0.003285291965726997	0.33	2.54	2.55	iteration	3     600004  1.1475388E+01  3.77E-02    0.33    2.54    2.55
C_A11_S7_F1	fixed	A11_S7_F1	A11	F1	S7					163	4	600004	11.489103	0.0292	0.0025415387084614005	0.25	1.97	4.02	iteration	4     600004  1.1489103E+01  2.92E-02    0.25    1.97*   4.02
C_A11_S7_F1	fixed	A11_S7_F1	A11	F1	S7					165	4	600004	11.489103	0.0292	0.0025415387084614005	0.25	1.97	4.02	iteration	4     600004  1.1489103E+01  2.92E-02    0.25    1.97    4.02
C_A11_S7_F2	fixed	A11_S7_F2	A11	F2	S7					148	1	99986	13.531981	1.6	0.11823841609000191	11.82	37.39	3.12	iteration	1      99986  1.3531981E+01  1.60E+00   11.82   37.39*   3.12
C_A11_S7_F2	fixed	A11_S7_F2	A11	F2	S7					150	1	99986	13.531981	1.6	0.11823841609000191	11.82	37.39	3.12	iteration	1      99986  1.3531981E+01  1.60E+00   11.82   37.39    3.12
C_A11_S7_F2	fixed	A11_S7_F2	A11	F2	S7					153	2	299978	11.434812	0.109	0.00953229489037511	0.95	5.23	0.9	iteration	2     299978  1.1434812E+01  1.09E-01    0.95    5.23*   0.90
C_A11_S7_F2	fixed	A11_S7_F2	A11	F2	S7					155	2	299978	11.434812	0.109	0.00953229489037511	0.95	5.23	0.9	iteration	2     299978  1.1434812E+01  1.09E-01    0.95    5.23    0.90
C_A11_S7_F2	fixed	A11_S7_F2	A11	F2	S7					158	3	600004	11.475388	0.0377	0.003285291965726997	0.33	2.54	2.55	iteration	3     600004  1.1475388E+01  3.77E-02    0.33    2.54*   2.55
C_A11_S7_F2	fixed	A11_S7_F2	A11	F2	S7					160	3	600004	11.475388	0.0377	0.003285291965726997	0.33	2.54	2.55	iteration	3     600004  1.1475388E+01  3.77E-02    0.33    2.54    2.55
C_A11_S7_F2	fixed	A11_S7_F2	A11	F2	S7					163	4	1988524	11.498543	0.0158	0.0013740871343438906	0.14	1.94	3.26	iteration	4    1988524  1.1498543E+01  1.58E-02    0.14    1.94*   3.26
C_A11_S7_F2	fixed	A11_S7_F2	A11	F2	S7					165	4	1988524	11.498543	0.0158	0.0013740871343438906	0.14	1.94	3.26	iteration	4    1988524  1.1498543E+01  1.58E-02    0.14    1.94    3.26
P_A12_S0	adaptive	A12_S0	A12		S0					152	1	250004	12.496459	0.949	0.07594151271172098	7.6	37.99	1.96	iteration	1     250004  1.2496459E+01  9.49E-01    7.60   37.99*   1.96
P_A12_S0	adaptive	A12_S0	A12		S0					154	1	250004	12.496459	0.949	0.07594151271172098	7.6	37.99	1.96	iteration	1     250004  1.2496459E+01  9.49E-01    7.60   37.99    1.96
P_A12_S0	adaptive	A12_S0	A12		S0					156	2	500004	11.587713	0.0693	0.005980472591960121	0.6	4.23	1.38	iteration	2     500004  1.1587713E+01  6.93E-02    0.60    4.23*   1.38
P_A12_S0	adaptive	A12_S0	A12		S0					158	2	500004	11.587713	0.0693	0.005980472591960121	0.6	4.23	1.38	iteration	2     500004  1.1587713E+01  6.93E-02    0.60    4.23    1.38
P_A12_S0	adaptive	A12_S0	A12		S0					160	3	1000003	11.478084	0.0257	0.002239049653234808	0.22	2.24	3.13	iteration	3    1000003  1.1478084E+01  2.57E-02    0.22    2.24*   3.13
P_A12_S0	adaptive	A12_S0	A12		S0					162	3	1000003	11.478084	0.0257	0.002239049653234808	0.22	2.24	3.13	iteration	3    1000003  1.1478084E+01  2.57E-02    0.22    2.24    3.13
C_A12_S0_F0	fixed	A12_S0_F0	A12	F0	S0					148	1	250004	12.496459	0.949	0.07594151271172098	7.6	37.99	1.96	iteration	1     250004  1.2496459E+01  9.49E-01    7.60   37.99*   1.96
C_A12_S0_F0	fixed	A12_S0_F0	A12	F0	S0					150	1	250004	12.496459	0.949	0.07594151271172098	7.6	37.99	1.96	iteration	1     250004  1.2496459E+01  9.49E-01    7.60   37.99    1.96
C_A12_S0_F0	fixed	A12_S0_F0	A12	F0	S0					153	2	500004	11.587713	0.0693	0.005980472591960121	0.6	4.23	1.38	iteration	2     500004  1.1587713E+01  6.93E-02    0.60    4.23*   1.38
C_A12_S0_F0	fixed	A12_S0_F0	A12	F0	S0					155	2	500004	11.587713	0.0693	0.005980472591960121	0.6	4.23	1.38	iteration	2     500004  1.1587713E+01  6.93E-02    0.60    4.23    1.38
C_A12_S0_F0	fixed	A12_S0_F0	A12	F0	S0					158	3	1000003	11.478084	0.0257	0.002239049653234808	0.22	2.24	3.13	iteration	3    1000003  1.1478084E+01  2.57E-02    0.22    2.24*   3.13
C_A12_S0_F0	fixed	A12_S0_F0	A12	F0	S0					160	3	1000003	11.478084	0.0257	0.002239049653234808	0.22	2.24	3.13	iteration	3    1000003  1.1478084E+01  2.57E-02    0.22    2.24    3.13
C_A12_S0_F0	fixed	A12_S0_F0	A12	F0	S0					163	4	205237	11.460979	0.0466	0.004065970280549332	0.41	1.84	4.85	iteration	4     205237  1.1460979E+01  4.66E-02    0.41    1.84*   4.85
C_A12_S0_F0	fixed	A12_S0_F0	A12	F0	S0					164	5	205237	11.522746	0.0468	0.004061531860547824	0.41	1.84	5.36	iteration	5     205237  1.1522746E+01  4.68E-02    0.41    1.84*   5.36
C_A12_S0_F0	fixed	A12_S0_F0	A12	F0	S0					165	6	205237	11.497525	0.0468	0.004070441247137971	0.41	1.85	4.7	iteration	6     205237  1.1497525E+01  4.68E-02    0.41    1.85    4.70
C_A12_S0_F0	fixed	A12_S0_F0	A12	F0	S0					167	6	615711	11.493649	0.027	0.002349123415896901	0.23	1.84	4.7	aggregate	6     615711  1.1493649E+01  2.70E-02    0.23    1.84    4.70    0.44   3
C_A12_S0_F1	fixed	A12_S0_F1	A12	F1	S0					148	1	250004	12.496459	0.949	0.07594151271172098	7.6	37.99	1.96	iteration	1     250004  1.2496459E+01  9.49E-01    7.60   37.99*   1.96
C_A12_S0_F1	fixed	A12_S0_F1	A12	F1	S0					150	1	250004	12.496459	0.949	0.07594151271172098	7.6	37.99	1.96	iteration	1     250004  1.2496459E+01  9.49E-01    7.60   37.99    1.96
C_A12_S0_F1	fixed	A12_S0_F1	A12	F1	S0					153	2	500004	11.587713	0.0693	0.005980472591960121	0.6	4.23	1.38	iteration	2     500004  1.1587713E+01  6.93E-02    0.60    4.23*   1.38
C_A12_S0_F1	fixed	A12_S0_F1	A12	F1	S0					155	2	500004	11.587713	0.0693	0.005980472591960121	0.6	4.23	1.38	iteration	2     500004  1.1587713E+01  6.93E-02    0.60    4.23    1.38
C_A12_S0_F1	fixed	A12_S0_F1	A12	F1	S0					158	3	1000003	11.478084	0.0257	0.002239049653234808	0.22	2.24	3.13	iteration	3    1000003  1.1478084E+01  2.57E-02    0.22    2.24*   3.13
C_A12_S0_F1	fixed	A12_S0_F1	A12	F1	S0					160	3	1000003	11.478084	0.0257	0.002239049653234808	0.22	2.24	3.13	iteration	3    1000003  1.1478084E+01  2.57E-02    0.22    2.24    3.13
C_A12_S0_F1	fixed	A12_S0_F1	A12	F1	S0					163	4	602545	11.476931	0.0269	0.0023438321620997808	0.23	1.82	4.3	iteration	4     602545  1.1476931E+01  2.69E-02    0.23    1.82*   4.30
C_A12_S0_F1	fixed	A12_S0_F1	A12	F1	S0					165	4	602545	11.476931	0.0269	0.0023438321620997808	0.23	1.82	4.3	iteration	4     602545  1.1476931E+01  2.69E-02    0.23    1.82    4.30
C_A12_S0_F2	fixed	A12_S0_F2	A12	F2	S0					148	1	250004	12.496459	0.949	0.07594151271172098	7.6	37.99	1.96	iteration	1     250004  1.2496459E+01  9.49E-01    7.60   37.99*   1.96
C_A12_S0_F2	fixed	A12_S0_F2	A12	F2	S0					150	1	250004	12.496459	0.949	0.07594151271172098	7.6	37.99	1.96	iteration	1     250004  1.2496459E+01  9.49E-01    7.60   37.99    1.96
C_A12_S0_F2	fixed	A12_S0_F2	A12	F2	S0					153	2	500004	11.587713	0.0693	0.005980472591960121	0.6	4.23	1.38	iteration	2     500004  1.1587713E+01  6.93E-02    0.60    4.23*   1.38
C_A12_S0_F2	fixed	A12_S0_F2	A12	F2	S0					155	2	500004	11.587713	0.0693	0.005980472591960121	0.6	4.23	1.38	iteration	2     500004  1.1587713E+01  6.93E-02    0.60    4.23    1.38
C_A12_S0_F2	fixed	A12_S0_F2	A12	F2	S0					158	3	1000003	11.478084	0.0257	0.002239049653234808	0.22	2.24	3.13	iteration	3    1000003  1.1478084E+01  2.57E-02    0.22    2.24*   3.13
C_A12_S0_F2	fixed	A12_S0_F2	A12	F2	S0					160	3	1000003	11.478084	0.0257	0.002239049653234808	0.22	2.24	3.13	iteration	3    1000003  1.1478084E+01  2.57E-02    0.22    2.24    3.13
C_A12_S0_F2	fixed	A12_S0_F2	A12	F2	S0					163	4	1983115	11.491501	0.0147	0.0012792062586079922	0.13	1.8	3.28	iteration	4    1983115  1.1491501E+01  1.47E-02    0.13    1.80*   3.28
C_A12_S0_F2	fixed	A12_S0_F2	A12	F2	S0					165	4	1983115	11.491501	0.0147	0.0012792062586079922	0.13	1.8	3.28	iteration	4    1983115  1.1491501E+01  1.47E-02    0.13    1.80    3.28
P_A12_S1	adaptive	A12_S1	A12		S1					152	1	250003	12.121186	0.955	0.07878766978742839	7.88	39.38	2.24	iteration	1     250003  1.2121186E+01  9.55E-01    7.88   39.38*   2.24
P_A12_S1	adaptive	A12_S1	A12		S1					154	1	250003	12.121186	0.955	0.07878766978742839	7.88	39.38	2.24	iteration	1     250003  1.2121186E+01  9.55E-01    7.88   39.38    2.24
P_A12_S1	adaptive	A12_S1	A12		S1					156	2	500007	11.395046	0.0692	0.0060728144493668555	0.61	4.29	1.34	iteration	2     500007  1.1395046E+01  6.92E-02    0.61    4.29*   1.34
P_A12_S1	adaptive	A12_S1	A12		S1					158	2	500007	11.395046	0.0692	0.0060728144493668555	0.61	4.29	1.34	iteration	2     500007  1.1395046E+01  6.92E-02    0.61    4.29    1.34
P_A12_S1	adaptive	A12_S1	A12		S1					160	3	999977	11.473097	0.0271	0.002362047492494834	0.24	2.36	2.79	iteration	3     999977  1.1473097E+01  2.71E-02    0.24    2.36*   2.79
P_A12_S1	adaptive	A12_S1	A12		S1					162	3	999977	11.473097	0.0271	0.002362047492494834	0.24	2.36	2.79	iteration	3     999977  1.1473097E+01  2.71E-02    0.24    2.36    2.79
C_A12_S1_F0	fixed	A12_S1_F0	A12	F0	S1					148	1	250003	12.121186	0.955	0.07878766978742839	7.88	39.38	2.24	iteration	1     250003  1.2121186E+01  9.55E-01    7.88   39.38*   2.24
C_A12_S1_F0	fixed	A12_S1_F0	A12	F0	S1					150	1	250003	12.121186	0.955	0.07878766978742839	7.88	39.38	2.24	iteration	1     250003  1.2121186E+01  9.55E-01    7.88   39.38    2.24
C_A12_S1_F0	fixed	A12_S1_F0	A12	F0	S1					153	2	500007	11.395046	0.0692	0.0060728144493668555	0.61	4.29	1.34	iteration	2     500007  1.1395046E+01  6.92E-02    0.61    4.29*   1.34
C_A12_S1_F0	fixed	A12_S1_F0	A12	F0	S1					155	2	500007	11.395046	0.0692	0.0060728144493668555	0.61	4.29	1.34	iteration	2     500007  1.1395046E+01  6.92E-02    0.61    4.29    1.34
C_A12_S1_F0	fixed	A12_S1_F0	A12	F0	S1					158	3	999977	11.473097	0.0271	0.002362047492494834	0.24	2.36	2.79	iteration	3     999977  1.1473097E+01  2.71E-02    0.24    2.36*   2.79
C_A12_S1_F0	fixed	A12_S1_F0	A12	F0	S1					160	3	999977	11.473097	0.0271	0.002362047492494834	0.24	2.36	2.79	iteration	3     999977  1.1473097E+01  2.71E-02    0.24    2.36    2.79
C_A12_S1_F0	fixed	A12_S1_F0	A12	F0	S1					163	4	205171	11.476818	0.0487	0.0042433364369810515	0.42	1.92	4.85	iteration	4     205171  1.1476818E+01  4.87E-02    0.42    1.92*   4.85
C_A12_S1_F0	fixed	A12_S1_F0	A12	F0	S1					164	5	205171	11.510184	0.0487	0.00423103575060138	0.42	1.92	5.14	iteration	5     205171  1.1510184E+01  4.87E-02    0.42    1.92*   5.14
C_A12_S1_F0	fixed	A12_S1_F0	A12	F0	S1					165	6	205171	11.507384	0.0485	0.004214685110012841	0.42	1.91	5.41	iteration	6     205171  1.1507384E+01  4.85E-02    0.42    1.91*   5.41
C_A12_S1_F0	fixed	A12_S1_F0	A12	F0	S1					167	6	615513	11.498143	0.0281	0.0024438728932141478	0.24	1.92	5.41	aggregate	6     615513  1.1498143E+01  2.81E-02    0.24    1.92    5.41    0.14   3
C_A12_S1_F1	fixed	A12_S1_F1	A12	F1	S1					148	1	250003	12.121186	0.955	0.07878766978742839	7.88	39.38	2.24	iteration	1     250003  1.2121186E+01  9.55E-01    7.88   39.38*   2.24
C_A12_S1_F1	fixed	A12_S1_F1	A12	F1	S1					150	1	250003	12.121186	0.955	0.07878766978742839	7.88	39.38	2.24	iteration	1     250003  1.2121186E+01  9.55E-01    7.88   39.38    2.24
C_A12_S1_F1	fixed	A12_S1_F1	A12	F1	S1					153	2	500007	11.395046	0.0692	0.0060728144493668555	0.61	4.29	1.34	iteration	2     500007  1.1395046E+01  6.92E-02    0.61    4.29*   1.34
C_A12_S1_F1	fixed	A12_S1_F1	A12	F1	S1					155	2	500007	11.395046	0.0692	0.0060728144493668555	0.61	4.29	1.34	iteration	2     500007  1.1395046E+01  6.92E-02    0.61    4.29    1.34
C_A12_S1_F1	fixed	A12_S1_F1	A12	F1	S1					158	3	999977	11.473097	0.0271	0.002362047492494834	0.24	2.36	2.79	iteration	3     999977  1.1473097E+01  2.71E-02    0.24    2.36*   2.79
C_A12_S1_F1	fixed	A12_S1_F1	A12	F1	S1					160	3	999977	11.473097	0.0271	0.002362047492494834	0.24	2.36	2.79	iteration	3     999977  1.1473097E+01  2.71E-02    0.24    2.36    2.79
C_A12_S1_F1	fixed	A12_S1_F1	A12	F1	S1					163	4	602470	11.512401	0.0282	0.002449532465034878	0.24	1.9	4.09	iteration	4     602470  1.1512401E+01  2.82E-02    0.24    1.90*   4.09
C_A12_S1_F1	fixed	A12_S1_F1	A12	F1	S1					165	4	602470	11.512401	0.0282	0.002449532465034878	0.24	1.9	4.09	iteration	4     602470  1.1512401E+01  2.82E-02    0.24    1.90    4.09
C_A12_S1_F2	fixed	A12_S1_F2	A12	F2	S1					148	1	250003	12.121186	0.955	0.07878766978742839	7.88	39.38	2.24	iteration	1     250003  1.2121186E+01  9.55E-01    7.88   39.38*   2.24
C_A12_S1_F2	fixed	A12_S1_F2	A12	F2	S1					150	1	250003	12.121186	0.955	0.07878766978742839	7.88	39.38	2.24	iteration	1     250003  1.2121186E+01  9.55E-01    7.88   39.38    2.24
C_A12_S1_F2	fixed	A12_S1_F2	A12	F2	S1					153	2	500007	11.395046	0.0692	0.0060728144493668555	0.61	4.29	1.34	iteration	2     500007  1.1395046E+01  6.92E-02    0.61    4.29*   1.34
C_A12_S1_F2	fixed	A12_S1_F2	A12	F2	S1					155	2	500007	11.395046	0.0692	0.0060728144493668555	0.61	4.29	1.34	iteration	2     500007  1.1395046E+01  6.92E-02    0.61    4.29    1.34
C_A12_S1_F2	fixed	A12_S1_F2	A12	F2	S1					158	3	999977	11.473097	0.0271	0.002362047492494834	0.24	2.36	2.79	iteration	3     999977  1.1473097E+01  2.71E-02    0.24    2.36*   2.79
C_A12_S1_F2	fixed	A12_S1_F2	A12	F2	S1					160	3	999977	11.473097	0.0271	0.002362047492494834	0.24	2.36	2.79	iteration	3     999977  1.1473097E+01  2.71E-02    0.24    2.36    2.79
C_A12_S1_F2	fixed	A12_S1_F2	A12	F2	S1					163	4	1958739	11.488502	0.0155	0.0013491750273447313	0.14	1.89	3.37	iteration	4    1958739  1.1488502E+01  1.55E-02    0.14    1.89*   3.37
C_A12_S1_F2	fixed	A12_S1_F2	A12	F2	S1					165	4	1958739	11.488502	0.0155	0.0013491750273447313	0.14	1.89	3.37	iteration	4    1958739  1.1488502E+01  1.55E-02    0.14    1.89    3.37
P_A12_S2	adaptive	A12_S2	A12		S2					152	1	249984	11.674902	0.951	0.08145678653234091	8.14	40.72	1.83	iteration	1     249984  1.1674902E+01  9.51E-01    8.14   40.72*   1.83
P_A12_S2	adaptive	A12_S2	A12		S2					154	1	249984	11.674902	0.951	0.08145678653234091	8.14	40.72	1.83	iteration	1     249984  1.1674902E+01  9.51E-01    8.14   40.72    1.83
P_A12_S2	adaptive	A12_S2	A12		S2					156	2	500003	11.567698	0.0672	0.00580928029068532	0.58	4.11	1.46	iteration	2     500003  1.1567698E+01  6.72E-02    0.58    4.11*   1.46
P_A12_S2	adaptive	A12_S2	A12		S2					158	2	500003	11.567698	0.0672	0.00580928029068532	0.58	4.11	1.46	iteration	2     500003  1.1567698E+01  6.72E-02    0.58    4.11    1.46
P_A12_S2	adaptive	A12_S2	A12		S2					160	3	999996	11.534133	0.0261	0.002262848885130768	0.23	2.26	3.37	iteration	3     999996  1.1534133E+01  2.61E-02    0.23    2.26*   3.37
P_A12_S2	adaptive	A12_S2	A12		S2					162	3	999996	11.534133	0.0261	0.002262848885130768	0.23	2.26	3.37	iteration	3     999996  1.1534133E+01  2.61E-02    0.23    2.26    3.37
C_A12_S2_F0	fixed	A12_S2_F0	A12	F0	S2					148	1	249984	11.674902	0.951	0.08145678653234091	8.14	40.72	1.83	iteration	1     249984  1.1674902E+01  9.51E-01    8.14   40.72*   1.83
C_A12_S2_F0	fixed	A12_S2_F0	A12	F0	S2					150	1	249984	11.674902	0.951	0.08145678653234091	8.14	40.72	1.83	iteration	1     249984  1.1674902E+01  9.51E-01    8.14   40.72    1.83
C_A12_S2_F0	fixed	A12_S2_F0	A12	F0	S2					153	2	500003	11.567698	0.0672	0.00580928029068532	0.58	4.11	1.46	iteration	2     500003  1.1567698E+01  6.72E-02    0.58    4.11*   1.46
C_A12_S2_F0	fixed	A12_S2_F0	A12	F0	S2					155	2	500003	11.567698	0.0672	0.00580928029068532	0.58	4.11	1.46	iteration	2     500003  1.1567698E+01  6.72E-02    0.58    4.11    1.46
C_A12_S2_F0	fixed	A12_S2_F0	A12	F0	S2					158	3	999996	11.534133	0.0261	0.002262848885130768	0.23	2.26	3.37	iteration	3     999996  1.1534133E+01  2.61E-02    0.23    2.26*   3.37
C_A12_S2_F0	fixed	A12_S2_F0	A12	F0	S2					160	3	999996	11.534133	0.0261	0.002262848885130768	0.23	2.26	3.37	iteration	3     999996  1.1534133E+01  2.61E-02    0.23    2.26    3.37
C_A12_S2_F0	fixed	A12_S2_F0	A12	F0	S2					163	4	205217	11.515217	0.0469	0.0040728715750645425	0.41	1.85	5.56	iteration	4     205217  1.1515217E+01  4.69E-02    0.41    1.85*   5.56
C_A12_S2_F0	fixed	A12_S2_F0	A12	F0	S2					164	5	205217	11.476878	0.0465	0.004051624492305312	0.41	1.84	5.49	iteration	5     205217  1.1476878E+01  4.65E-02    0.41    1.84*   5.49
C_A12_S2_F0	fixed	A12_S2_F0	A12	F0	S2					165	6	205217	11.485501	0.0469	0.004083409160819367	0.41	1.85	5.71	iteration	6     205217  1.1485501E+01  4.69E-02    0.41    1.85    5.71
C_A12_S2_F0	fixed	A12_S2_F0	A12	F0	S2					167	6	615651	11.492435	0.027	0.00234937156485984	0.24	1.84	5.71	aggregate	6     615651  1.1492435E+01  2.70E-02    0.24    1.84    5.71    0.18   3
C_A12_S2_F1	fixed	A12_S2_F1	A12	F1	S2					148	1	249984	11.674902	0.951	0.08145678653234091	8.14	40.72	1.83	iteration	1     249984  1.1674902E+01  9.51E-01    8.14   40.72*   1.83
C_A12_S2_F1	fixed	A12_S2_F1	A12	F1	S2					150	1	249984	11.674902	0.951	0.08145678653234091	8.14	40.72	1.83	iteration	1     249984  1.1674902E+01  9.51E-01    8.14   40.72    1.83
C_A12_S2_F1	fixed	A12_S2_F1	A12	F1	S2					153	2	500003	11.567698	0.0672	0.00580928029068532	0.58	4.11	1.46	iteration	2     500003  1.1567698E+01  6.72E-02    0.58    4.11*   1.46
C_A12_S2_F1	fixed	A12_S2_F1	A12	F1	S2					155	2	500003	11.567698	0.0672	0.00580928029068532	0.58	4.11	1.46	iteration	2     500003  1.1567698E+01  6.72E-02    0.58    4.11    1.46
C_A12_S2_F1	fixed	A12_S2_F1	A12	F1	S2					158	3	999996	11.534133	0.0261	0.002262848885130768	0.23	2.26	3.37	iteration	3     999996  1.1534133E+01  2.61E-02    0.23    2.26*   3.37
C_A12_S2_F1	fixed	A12_S2_F1	A12	F1	S2					160	3	999996	11.534133	0.0261	0.002262848885130768	0.23	2.26	3.37	iteration	3     999996  1.1534133E+01  2.61E-02    0.23    2.26    3.37
C_A12_S2_F1	fixed	A12_S2_F1	A12	F1	S2					163	4	602579	11.51649	0.0271	0.0023531475301936614	0.24	1.83	4.23	iteration	4     602579  1.1516490E+01  2.71E-02    0.24    1.83*   4.23
C_A12_S2_F1	fixed	A12_S2_F1	A12	F1	S2					165	4	602579	11.51649	0.0271	0.0023531475301936614	0.24	1.83	4.23	iteration	4     602579  1.1516490E+01  2.71E-02    0.24    1.83    4.23
C_A12_S2_F2	fixed	A12_S2_F2	A12	F2	S2					148	1	249984	11.674902	0.951	0.08145678653234091	8.14	40.72	1.83	iteration	1     249984  1.1674902E+01  9.51E-01    8.14   40.72*   1.83
C_A12_S2_F2	fixed	A12_S2_F2	A12	F2	S2					150	1	249984	11.674902	0.951	0.08145678653234091	8.14	40.72	1.83	iteration	1     249984  1.1674902E+01  9.51E-01    8.14   40.72    1.83
C_A12_S2_F2	fixed	A12_S2_F2	A12	F2	S2					153	2	500003	11.567698	0.0672	0.00580928029068532	0.58	4.11	1.46	iteration	2     500003  1.1567698E+01  6.72E-02    0.58    4.11*   1.46
C_A12_S2_F2	fixed	A12_S2_F2	A12	F2	S2					155	2	500003	11.567698	0.0672	0.00580928029068532	0.58	4.11	1.46	iteration	2     500003  1.1567698E+01  6.72E-02    0.58    4.11    1.46
C_A12_S2_F2	fixed	A12_S2_F2	A12	F2	S2					158	3	999996	11.534133	0.0261	0.002262848885130768	0.23	2.26	3.37	iteration	3     999996  1.1534133E+01  2.61E-02    0.23    2.26*   3.37
C_A12_S2_F2	fixed	A12_S2_F2	A12	F2	S2					160	3	999996	11.534133	0.0261	0.002262848885130768	0.23	2.26	3.37	iteration	3     999996  1.1534133E+01  2.61E-02    0.23    2.26    3.37
C_A12_S2_F2	fixed	A12_S2_F2	A12	F2	S2					163	4	1964962	11.516194	0.0149	0.0012938302359269043	0.13	1.82	3.57	iteration	4    1964962  1.1516194E+01  1.49E-02    0.13    1.82*   3.57
C_A12_S2_F2	fixed	A12_S2_F2	A12	F2	S2					165	4	1964962	11.516194	0.0149	0.0012938302359269043	0.13	1.82	3.57	iteration	4    1964962  1.1516194E+01  1.49E-02    0.13    1.82    3.57
P_A12_S3	adaptive	A12_S3	A12		S3					152	1	250004	10.218202	0.804	0.07868311861519278	7.87	39.37	2.05	iteration	1     250004  1.0218202E+01  8.04E-01    7.87   39.37*   2.05
P_A12_S3	adaptive	A12_S3	A12		S3					154	1	250004	10.218202	0.804	0.07868311861519278	7.87	39.37	2.05	iteration	1     250004  1.0218202E+01  8.04E-01    7.87   39.37    2.05
P_A12_S3	adaptive	A12_S3	A12		S3					156	2	499983	11.480346	0.0688	0.005992850738122352	0.6	4.24	1.25	iteration	2     499983  1.1480346E+01  6.88E-02    0.60    4.24*   1.25
P_A12_S3	adaptive	A12_S3	A12		S3					158	2	499983	11.480346	0.0688	0.005992850738122352	0.6	4.24	1.25	iteration	2     499983  1.1480346E+01  6.88E-02    0.60    4.24    1.25
P_A12_S3	adaptive	A12_S3	A12		S3					160	3	1000001	11.517986	0.0259	0.002248657013474404	0.23	2.25	3.1	iteration	3    1000001  1.1517986E+01  2.59E-02    0.23    2.25*   3.10
P_A12_S3	adaptive	A12_S3	A12		S3					162	3	1000001	11.517986	0.0259	0.002248657013474404	0.23	2.25	3.1	iteration	3    1000001  1.1517986E+01  2.59E-02    0.23    2.25    3.10
C_A12_S3_F0	fixed	A12_S3_F0	A12	F0	S3					148	1	250004	10.218202	0.804	0.07868311861519278	7.87	39.37	2.05	iteration	1     250004  1.0218202E+01  8.04E-01    7.87   39.37*   2.05
C_A12_S3_F0	fixed	A12_S3_F0	A12	F0	S3					150	1	250004	10.218202	0.804	0.07868311861519278	7.87	39.37	2.05	iteration	1     250004  1.0218202E+01  8.04E-01    7.87   39.37    2.05
C_A12_S3_F0	fixed	A12_S3_F0	A12	F0	S3					153	2	499983	11.480346	0.0688	0.005992850738122352	0.6	4.24	1.25	iteration	2     499983  1.1480346E+01  6.88E-02    0.60    4.24*   1.25
C_A12_S3_F0	fixed	A12_S3_F0	A12	F0	S3					155	2	499983	11.480346	0.0688	0.005992850738122352	0.6	4.24	1.25	iteration	2     499983  1.1480346E+01  6.88E-02    0.60    4.24    1.25
C_A12_S3_F0	fixed	A12_S3_F0	A12	F0	S3					158	3	1000001	11.517986	0.0259	0.002248657013474404	0.23	2.25	3.1	iteration	3    1000001  1.1517986E+01  2.59E-02    0.23    2.25*   3.10
C_A12_S3_F0	fixed	A12_S3_F0	A12	F0	S3					160	3	1000001	11.517986	0.0259	0.002248657013474404	0.23	2.25	3.1	iteration	3    1000001  1.1517986E+01  2.59E-02    0.23    2.25    3.10
C_A12_S3_F0	fixed	A12_S3_F0	A12	F0	S3					163	4	205193	11.528171	0.0468	0.004059620559063532	0.41	1.84	6.12	iteration	4     205193  1.1528171E+01  4.68E-02    0.41    1.84*   6.12
C_A12_S3_F0	fixed	A12_S3_F0	A12	F0	S3					164	5	205193	11.462443	0.0464	0.00404800268145281	0.41	1.83	5.21	iteration	5     205193  1.1462443E+01  4.64E-02    0.41    1.83*   5.21
C_A12_S3_F0	fixed	A12_S3_F0	A12	F0	S3					165	6	205193	11.446408	0.0466	0.004071146162184678	0.41	1.84	5.35	iteration	6     205193  1.1446408E+01  4.66E-02    0.41    1.84    5.35
C_A12_S3_F0	fixed	A12_S3_F0	A12	F0	S3					167	6	615579	11.478829	0.0269	0.0023434446144288763	0.23	1.84	5.35	aggregate	6     615579  1.1478829E+01  2.69E-02    0.23    1.84    5.35    0.86   3
C_A12_S3_F1	fixed	A12_S3_F1	A12	F1	S3					148	1	250004	10.218202	0.804	0.07868311861519278	7.87	39.37	2.05	iteration	1     250004  1.0218202E+01  8.04E-01    7.87   39.37*   2.05
C_A12_S3_F1	fixed	A12_S3_F1	A12	F1	S3					150	1	250004	10.218202	0.804	0.07868311861519278	7.87	39.37	2.05	iteration	1     250004  1.0218202E+01  8.04E-01    7.87   39.37    2.05
C_A12_S3_F1	fixed	A12_S3_F1	A12	F1	S3					153	2	499983	11.480346	0.0688	0.005992850738122352	0.6	4.24	1.25	iteration	2     499983  1.1480346E+01  6.88E-02    0.60    4.24*   1.25
C_A12_S3_F1	fixed	A12_S3_F1	A12	F1	S3					155	2	499983	11.480346	0.0688	0.005992850738122352	0.6	4.24	1.25	iteration	2     499983  1.1480346E+01  6.88E-02    0.60    4.24    1.25
C_A12_S3_F1	fixed	A12_S3_F1	A12	F1	S3					158	3	1000001	11.517986	0.0259	0.002248657013474404	0.23	2.25	3.1	iteration	3    1000001  1.1517986E+01  2.59E-02    0.23    2.25*   3.10
C_A12_S3_F1	fixed	A12_S3_F1	A12	F1	S3					160	3	1000001	11.517986	0.0259	0.002248657013474404	0.23	2.25	3.1	iteration	3    1000001  1.1517986E+01  2.59E-02    0.23    2.25    3.10
C_A12_S3_F1	fixed	A12_S3_F1	A12	F1	S3					163	4	602532	11.499943	0.027	0.002347837724065241	0.24	1.83	4.42	iteration	4     602532  1.1499943E+01  2.70E-02    0.24    1.83*   4.42
C_A12_S3_F1	fixed	A12_S3_F1	A12	F1	S3					165	4	602532	11.499943	0.027	0.002347837724065241	0.24	1.83	4.42	iteration	4     602532  1.1499943E+01  2.70E-02    0.24    1.83    4.42
C_A12_S3_F2	fixed	A12_S3_F2	A12	F2	S3					148	1	250004	10.218202	0.804	0.07868311861519278	7.87	39.37	2.05	iteration	1     250004  1.0218202E+01  8.04E-01    7.87   39.37*   2.05
C_A12_S3_F2	fixed	A12_S3_F2	A12	F2	S3					150	1	250004	10.218202	0.804	0.07868311861519278	7.87	39.37	2.05	iteration	1     250004  1.0218202E+01  8.04E-01    7.87   39.37    2.05
C_A12_S3_F2	fixed	A12_S3_F2	A12	F2	S3					153	2	499983	11.480346	0.0688	0.005992850738122352	0.6	4.24	1.25	iteration	2     499983  1.1480346E+01  6.88E-02    0.60    4.24*   1.25
C_A12_S3_F2	fixed	A12_S3_F2	A12	F2	S3					155	2	499983	11.480346	0.0688	0.005992850738122352	0.6	4.24	1.25	iteration	2     499983  1.1480346E+01  6.88E-02    0.60    4.24    1.25
C_A12_S3_F2	fixed	A12_S3_F2	A12	F2	S3					158	3	1000001	11.517986	0.0259	0.002248657013474404	0.23	2.25	3.1	iteration	3    1000001  1.1517986E+01  2.59E-02    0.23    2.25*   3.10
C_A12_S3_F2	fixed	A12_S3_F2	A12	F2	S3					160	3	1000001	11.517986	0.0259	0.002248657013474404	0.23	2.25	3.1	iteration	3    1000001  1.1517986E+01  2.59E-02    0.23    2.25    3.10
C_A12_S3_F2	fixed	A12_S3_F2	A12	F2	S3					163	4	1964496	11.512225	0.0148	0.0012855898837974414	0.13	1.81	3.44	iteration	4    1964496  1.1512225E+01  1.48E-02    0.13    1.81*   3.44
C_A12_S3_F2	fixed	A12_S3_F2	A12	F2	S3					165	4	1964496	11.512225	0.0148	0.0012855898837974414	0.13	1.81	3.44	iteration	4    1964496  1.1512225E+01  1.48E-02    0.13    1.81    3.44
P_A12_S4	adaptive	A12_S4	A12		S4					152	1	249970	11.200673	0.897	0.08008447349547657	8.01	40.04	1.91	iteration	1     249970  1.1200673E+01  8.97E-01    8.01   40.04*   1.91
P_A12_S4	adaptive	A12_S4	A12		S4					154	1	249970	11.200673	0.897	0.08008447349547657	8.01	40.04	1.91	iteration	1     249970  1.1200673E+01  8.97E-01    8.01   40.04    1.91
P_A12_S4	adaptive	A12_S4	A12		S4					156	2	500012	11.485186	0.0666	0.005798774177449107	0.58	4.1	1.75	iteration	2     500012  1.1485186E+01  6.66E-02    0.58    4.10*   1.75
P_A12_S4	adaptive	A12_S4	A12		S4					158	2	500012	11.485186	0.0666	0.005798774177449107	0.58	4.1	1.75	iteration	2     500012  1.1485186E+01  6.66E-02    0.58    4.10    1.75
P_A12_S4	adaptive	A12_S4	A12		S4					160	3	999995	11.480483	0.0274	0.002386659167562898	0.24	2.38	2.74	iteration	3     999995  1.1480483E+01  2.74E-02    0.24    2.38*   2.74
P_A12_S4	adaptive	A12_S4	A12		S4					162	3	999995	11.480483	0.0274	0.002386659167562898	0.24	2.38	2.74	iteration	3     999995  1.1480483E+01  2.74E-02    0.24    2.38    2.74
C_A12_S4_F0	fixed	A12_S4_F0	A12	F0	S4					148	1	249970	11.200673	0.897	0.08008447349547657	8.01	40.04	1.91	iteration	1     249970  1.1200673E+01  8.97E-01    8.01   40.04*   1.91
C_A12_S4_F0	fixed	A12_S4_F0	A12	F0	S4					150	1	249970	11.200673	0.897	0.08008447349547657	8.01	40.04	1.91	iteration	1     249970  1.1200673E+01  8.97E-01    8.01   40.04    1.91
C_A12_S4_F0	fixed	A12_S4_F0	A12	F0	S4					153	2	500012	11.485186	0.0666	0.005798774177449107	0.58	4.1	1.75	iteration	2     500012  1.1485186E+01  6.66E-02    0.58    4.10*   1.75
C_A12_S4_F0	fixed	A12_S4_F0	A12	F0	S4					155	2	500012	11.485186	0.0666	0.005798774177449107	0.58	4.1	1.75	iteration	2     500012  1.1485186E+01  6.66E-02    0.58    4.10    1.75
C_A12_S4_F0	fixed	A12_S4_F0	A12	F0	S4					158	3	999995	11.480483	0.0274	0.002386659167562898	0.24	2.38	2.74	iteration	3     999995  1.1480483E+01  2.74E-02    0.24    2.38*   2.74
C_A12_S4_F0	fixed	A12_S4_F0	A12	F0	S4					160	3	999995	11.480483	0.0274	0.002386659167562898	0.24	2.38	2.74	iteration	3     999995  1.1480483E+01  2.74E-02    0.24    2.38    2.74
C_A12_S4_F0	fixed	A12_S4_F0	A12	F0	S4					163	4	205231	11.403431	0.0488	0.004279413800986739	0.43	1.94	4.67	iteration	4     205231  1.1403431E+01  4.88E-02    0.43    1.94*   4.67
C_A12_S4_F0	fixed	A12_S4_F0	A12	F0	S4					164	5	205231	11.473028	0.0491	0.004279602560021644	0.43	1.94	5.33	iteration	5     205231  1.1473028E+01  4.91E-02    0.43    1.94*   5.33
C_A12_S4_F0	fixed	A12_S4_F0	A12	F0	S4					165	6	205231	11.488816	0.0491	0.004273721504461382	0.43	1.94	5.16	iteration	6     205231  1.1488816E+01  4.91E-02    0.43    1.94*   5.16
C_A12_S4_F0	fixed	A12_S4_F0	A12	F0	S4					167	6	615693	11.454867	0.0283	0.002470565568330038	0.25	1.94	5.16	aggregate	6     615693  1.1454867E+01  2.83E-02    0.25    1.94    5.16    0.86   3
C_A12_S4_F1	fixed	A12_S4_F1	A12	F1	S4					148	1	249970	11.200673	0.897	0.08008447349547657	8.01	40.04	1.91	iteration	1     249970  1.1200673E+01  8.97E-01    8.01   40.04*   1.91
C_A12_S4_F1	fixed	A12_S4_F1	A12	F1	S4					150	1	249970	11.200673	0.897	0.08008447349547657	8.01	40.04	1.91	iteration	1     249970  1.1200673E+01  8.97E-01    8.01   40.04    1.91
C_A12_S4_F1	fixed	A12_S4_F1	A12	F1	S4					153	2	500012	11.485186	0.0666	0.005798774177449107	0.58	4.1	1.75	iteration	2     500012  1.1485186E+01  6.66E-02    0.58    4.10*   1.75
C_A12_S4_F1	fixed	A12_S4_F1	A12	F1	S4					155	2	500012	11.485186	0.0666	0.005798774177449107	0.58	4.1	1.75	iteration	2     500012  1.1485186E+01  6.66E-02    0.58    4.10    1.75
C_A12_S4_F1	fixed	A12_S4_F1	A12	F1	S4					158	3	999995	11.480483	0.0274	0.002386659167562898	0.24	2.38	2.74	iteration	3     999995  1.1480483E+01  2.74E-02    0.24    2.38*   2.74
C_A12_S4_F1	fixed	A12_S4_F1	A12	F1	S4					160	3	999995	11.480483	0.0274	0.002386659167562898	0.24	2.38	2.74	iteration	3     999995  1.1480483E+01  2.74E-02    0.24    2.38    2.74
C_A12_S4_F1	fixed	A12_S4_F1	A12	F1	S4					163	4	602533	11.459987	0.0283	0.00246946178909278	0.25	1.92	4.24	iteration	4     602533  1.1459987E+01  2.83E-02    0.25    1.92*   4.24
C_A12_S4_F1	fixed	A12_S4_F1	A12	F1	S4					165	4	602533	11.459987	0.0283	0.00246946178909278	0.25	1.92	4.24	iteration	4     602533  1.1459987E+01  2.83E-02    0.25    1.92    4.24
C_A12_S4_F2	fixed	A12_S4_F2	A12	F2	S4					148	1	249970	11.200673	0.897	0.08008447349547657	8.01	40.04	1.91	iteration	1     249970  1.1200673E+01  8.97E-01    8.01   40.04*   1.91
C_A12_S4_F2	fixed	A12_S4_F2	A12	F2	S4					150	1	249970	11.200673	0.897	0.08008447349547657	8.01	40.04	1.91	iteration	1     249970  1.1200673E+01  8.97E-01    8.01   40.04    1.91
C_A12_S4_F2	fixed	A12_S4_F2	A12	F2	S4					153	2	500012	11.485186	0.0666	0.005798774177449107	0.58	4.1	1.75	iteration	2     500012  1.1485186E+01  6.66E-02    0.58    4.10*   1.75
C_A12_S4_F2	fixed	A12_S4_F2	A12	F2	S4					155	2	500012	11.485186	0.0666	0.005798774177449107	0.58	4.1	1.75	iteration	2     500012  1.1485186E+01  6.66E-02    0.58    4.10    1.75
C_A12_S4_F2	fixed	A12_S4_F2	A12	F2	S4					158	3	999995	11.480483	0.0274	0.002386659167562898	0.24	2.38	2.74	iteration	3     999995  1.1480483E+01  2.74E-02    0.24    2.38*   2.74
C_A12_S4_F2	fixed	A12_S4_F2	A12	F2	S4					160	3	999995	11.480483	0.0274	0.002386659167562898	0.24	2.38	2.74	iteration	3     999995  1.1480483E+01  2.74E-02    0.24    2.38    2.74
C_A12_S4_F2	fixed	A12_S4_F2	A12	F2	S4					163	4	1971753	11.488438	0.0156	0.0013578869468590942	0.14	1.91	3.17	iteration	4    1971753  1.1488438E+01  1.56E-02    0.14    1.91*   3.17
C_A12_S4_F2	fixed	A12_S4_F2	A12	F2	S4					165	4	1971753	11.488438	0.0156	0.0013578869468590942	0.14	1.91	3.17	iteration	4    1971753  1.1488438E+01  1.56E-02    0.14    1.91    3.17
P_A12_S5	adaptive	A12_S5	A12		S5					152	1	250016	11.860951	0.992	0.08363578940676848	8.37	41.83	1.63	iteration	1     250016  1.1860951E+01  9.92E-01    8.37   41.83*   1.63
P_A12_S5	adaptive	A12_S5	A12		S5					154	1	250016	11.860951	0.992	0.08363578940676848	8.37	41.83	1.63	iteration	1     250016  1.1860951E+01  9.92E-01    8.37   41.83    1.63
P_A12_S5	adaptive	A12_S5	A12		S5					156	2	499994	11.566403	0.07	0.006052011156796111	0.61	4.28	1.55	iteration	2     499994  1.1566403E+01  7.00E-02    0.61    4.28*   1.55
P_A12_S5	adaptive	A12_S5	A12		S5					158	2	499994	11.566403	0.07	0.006052011156796111	0.61	4.28	1.55	iteration	2     499994  1.1566403E+01  7.00E-02    0.61    4.28    1.55
P_A12_S5	adaptive	A12_S5	A12		S5					160	3	1000004	11.49083	0.0276	0.0024019152663471654	0.24	2.4	2.2	iteration	3    1000004  1.1490830E+01  2.76E-02    0.24    2.40*   2.20
P_A12_S5	adaptive	A12_S5	A12		S5					162	3	1000004	11.49083	0.0276	0.0024019152663471654	0.24	2.4	2.2	iteration	3    1000004  1.1490830E+01  2.76E-02    0.24    2.40    2.20
C_A12_S5_F0	fixed	A12_S5_F0	A12	F0	S5					148	1	250016	11.860951	0.992	0.08363578940676848	8.37	41.83	1.63	iteration	1     250016  1.1860951E+01  9.92E-01    8.37   41.83*   1.63
C_A12_S5_F0	fixed	A12_S5_F0	A12	F0	S5					150	1	250016	11.860951	0.992	0.08363578940676848	8.37	41.83	1.63	iteration	1     250016  1.1860951E+01  9.92E-01    8.37   41.83    1.63
C_A12_S5_F0	fixed	A12_S5_F0	A12	F0	S5					153	2	499994	11.566403	0.07	0.006052011156796111	0.61	4.28	1.55	iteration	2     499994  1.1566403E+01  7.00E-02    0.61    4.28*   1.55
C_A12_S5_F0	fixed	A12_S5_F0	A12	F0	S5					155	2	499994	11.566403	0.07	0.006052011156796111	0.61	4.28	1.55	iteration	2     499994  1.1566403E+01  7.00E-02    0.61    4.28    1.55
C_A12_S5_F0	fixed	A12_S5_F0	A12	F0	S5					158	3	1000004	11.49083	0.0276	0.0024019152663471654	0.24	2.4	2.2	iteration	3    1000004  1.1490830E+01  2.76E-02    0.24    2.40*   2.20
C_A12_S5_F0	fixed	A12_S5_F0	A12	F0	S5					160	3	1000004	11.49083	0.0276	0.0024019152663471654	0.24	2.4	2.2	iteration	3    1000004  1.1490830E+01  2.76E-02    0.24    2.40    2.20
C_A12_S5_F0	fixed	A12_S5_F0	A12	F0	S5					163	4	205200	11.52734	0.0492	0.004268113892710721	0.43	1.93	5.31	iteration	4     205200  1.1527340E+01  4.92E-02    0.43    1.93*   5.31
C_A12_S5_F0	fixed	A12_S5_F0	A12	F0	S5					164	5	205200	11.512363	0.0493	0.004282352806283123	0.43	1.94	4.65	iteration	5     205200  1.1512363E+01  4.93E-02    0.43    1.94    4.65
C_A12_S5_F0	fixed	A12_S5_F0	A12	F0	S5					165	6	205200	11.502454	0.0491	0.004268654323677365	0.43	1.93	5.24	iteration	6     205200  1.1502454E+01  4.91E-02    0.43    1.93*   5.24
C_A12_S5_F0	fixed	A12_S5_F0	A12	F0	S5					167	6	615600	11.514032	0.0284	0.002466555590604577	0.25	1.94	5.24	aggregate	6     615600  1.1514032E+01  2.84E-02    0.25    1.94    5.24    0.06   3
C_A12_S5_F1	fixed	A12_S5_F1	A12	F1	S5					148	1	250016	11.860951	0.992	0.08363578940676848	8.37	41.83	1.63	iteration	1     250016  1.1860951E+01  9.92E-01    8.37   41.83*   1.63
C_A12_S5_F1	fixed	A12_S5_F1	A12	F1	S5					150	1	250016	11.860951	0.992	0.08363578940676848	8.37	41.83	1.63	iteration	1     250016  1.1860951E+01  9.92E-01    8.37   41.83    1.63
C_A12_S5_F1	fixed	A12_S5_F1	A12	F1	S5					153	2	499994	11.566403	0.07	0.006052011156796111	0.61	4.28	1.55	iteration	2     499994  1.1566403E+01  7.00E-02    0.61    4.28*   1.55
C_A12_S5_F1	fixed	A12_S5_F1	A12	F1	S5					155	2	499994	11.566403	0.07	0.006052011156796111	0.61	4.28	1.55	iteration	2     499994  1.1566403E+01  7.00E-02    0.61    4.28    1.55
C_A12_S5_F1	fixed	A12_S5_F1	A12	F1	S5					158	3	1000004	11.49083	0.0276	0.0024019152663471654	0.24	2.4	2.2	iteration	3    1000004  1.1490830E+01  2.76E-02    0.24    2.40*   2.20
C_A12_S5_F1	fixed	A12_S5_F1	A12	F1	S5					160	3	1000004	11.49083	0.0276	0.0024019152663471654	0.24	2.4	2.2	iteration	3    1000004  1.1490830E+01  2.76E-02    0.24    2.40    2.20
C_A12_S5_F1	fixed	A12_S5_F1	A12	F1	S5					163	4	602462	11.537757	0.0285	0.002470150827409522	0.25	1.92	4.4	iteration	4     602462  1.1537757E+01  2.85E-02    0.25    1.92*   4.40
C_A12_S5_F1	fixed	A12_S5_F1	A12	F1	S5					165	4	602462	11.537757	0.0285	0.002470150827409522	0.25	1.92	4.4	iteration	4     602462  1.1537757E+01  2.85E-02    0.25    1.92    4.40
C_A12_S5_F2	fixed	A12_S5_F2	A12	F2	S5					148	1	250016	11.860951	0.992	0.08363578940676848	8.37	41.83	1.63	iteration	1     250016  1.1860951E+01  9.92E-01    8.37   41.83*   1.63
C_A12_S5_F2	fixed	A12_S5_F2	A12	F2	S5					150	1	250016	11.860951	0.992	0.08363578940676848	8.37	41.83	1.63	iteration	1     250016  1.1860951E+01  9.92E-01    8.37   41.83    1.63
C_A12_S5_F2	fixed	A12_S5_F2	A12	F2	S5					153	2	499994	11.566403	0.07	0.006052011156796111	0.61	4.28	1.55	iteration	2     499994  1.1566403E+01  7.00E-02    0.61    4.28*   1.55
C_A12_S5_F2	fixed	A12_S5_F2	A12	F2	S5					155	2	499994	11.566403	0.07	0.006052011156796111	0.61	4.28	1.55	iteration	2     499994  1.1566403E+01  7.00E-02    0.61    4.28    1.55
C_A12_S5_F2	fixed	A12_S5_F2	A12	F2	S5					158	3	1000004	11.49083	0.0276	0.0024019152663471654	0.24	2.4	2.2	iteration	3    1000004  1.1490830E+01  2.76E-02    0.24    2.40*   2.20
C_A12_S5_F2	fixed	A12_S5_F2	A12	F2	S5					160	3	1000004	11.49083	0.0276	0.0024019152663471654	0.24	2.4	2.2	iteration	3    1000004  1.1490830E+01  2.76E-02    0.24    2.40    2.20
C_A12_S5_F2	fixed	A12_S5_F2	A12	F2	S5					163	4	1973449	11.51947	0.0155	0.001345548015663915	0.13	1.89	3.48	iteration	4    1973449  1.1519470E+01  1.55E-02    0.13    1.89*   3.48
C_A12_S5_F2	fixed	A12_S5_F2	A12	F2	S5					165	4	1973449	11.51947	0.0155	0.001345548015663915	0.13	1.89	3.48	iteration	4    1973449  1.1519470E+01  1.55E-02    0.13    1.89    3.48
P_A12_S6	adaptive	A12_S6	A12		S6					152	1	250012	11.934491	0.875	0.07331690978693603	7.33	36.66	2.09	iteration	1     250012  1.1934491E+01  8.75E-01    7.33   36.66*   2.09
P_A12_S6	adaptive	A12_S6	A12		S6					154	1	250012	11.934491	0.875	0.07331690978693603	7.33	36.66	2.09	iteration	1     250012  1.1934491E+01  8.75E-01    7.33   36.66    2.09
P_A12_S6	adaptive	A12_S6	A12		S6					156	2	500004	11.517897	0.0669	0.0058083519934238	0.58	4.11	1.61	iteration	2     500004  1.1517897E+01  6.69E-02    0.58    4.11*   1.61
P_A12_S6	adaptive	A12_S6	A12		S6					158	2	500004	11.517897	0.0669	0.0058083519934238	0.58	4.11	1.61	iteration	2     500004  1.1517897E+01  6.69E-02    0.58    4.11    1.61
P_A12_S6	adaptive	A12_S6	A12		S6					160	3	999992	11.502586	0.0266	0.0023125234621153884	0.23	2.32	2.58	iteration	3     999992  1.1502586E+01  2.66E-02    0.23    2.32*   2.58
P_A12_S6	adaptive	A12_S6	A12		S6					162	3	999992	11.502586	0.0266	0.0023125234621153884	0.23	2.32	2.58	iteration	3     999992  1.1502586E+01  2.66E-02    0.23    2.32    2.58
C_A12_S6_F0	fixed	A12_S6_F0	A12	F0	S6					148	1	250012	11.934491	0.875	0.07331690978693603	7.33	36.66	2.09	iteration	1     250012  1.1934491E+01  8.75E-01    7.33   36.66*   2.09
C_A12_S6_F0	fixed	A12_S6_F0	A12	F0	S6					150	1	250012	11.934491	0.875	0.07331690978693603	7.33	36.66	2.09	iteration	1     250012  1.1934491E+01  8.75E-01    7.33   36.66    2.09
C_A12_S6_F0	fixed	A12_S6_F0	A12	F0	S6					153	2	500004	11.517897	0.0669	0.0058083519934238	0.58	4.11	1.61	iteration	2     500004  1.1517897E+01  6.69E-02    0.58    4.11*   1.61
C_A12_S6_F0	fixed	A12_S6_F0	A12	F0	S6					155	2	500004	11.517897	0.0669	0.0058083519934238	0.58	4.11	1.61	iteration	2     500004  1.1517897E+01  6.69E-02    0.58    4.11    1.61
C_A12_S6_F0	fixed	A12_S6_F0	A12	F0	S6					158	3	999992	11.502586	0.0266	0.0023125234621153884	0.23	2.32	2.58	iteration	3     999992  1.1502586E+01  2.66E-02    0.23    2.32*   2.58
C_A12_S6_F0	fixed	A12_S6_F0	A12	F0	S6					160	3	999992	11.502586	0.0266	0.0023125234621153884	0.23	2.32	2.58	iteration	3     999992  1.1502586E+01  2.66E-02    0.23    2.32    2.58
C_A12_S6_F0	fixed	A12_S6_F0	A12	F0	S6					163	4	205155	11.509337	0.0481	0.00417921553604695	0.42	1.89	5.39	iteration	4     205155  1.1509337E+01  4.81E-02    0.42    1.89*   5.39
C_A12_S6_F0	fixed	A12_S6_F0	A12	F0	S6					164	5	205155	11.490185	0.0482	0.004194884590631047	0.42	1.9	4.73	iteration	5     205155  1.1490185E+01  4.82E-02    0.42    1.90    4.73
C_A12_S6_F0	fixed	A12_S6_F0	A12	F0	S6					165	6	205155	11.486244	0.0482	0.0041963238809832005	0.42	1.9	4.93	iteration	6     205155  1.1486244E+01  4.82E-02    0.42    1.90    4.93
C_A12_S6_F0	fixed	A12_S6_F0	A12	F0	S6					167	6	615465	11.495273	0.0278	0.0024183853658803927	0.24	1.9	4.93	aggregate	6     615465  1.1495273E+01  2.78E-02    0.24    1.90    4.93    0.07   3
C_A12_S6_F1	fixed	A12_S6_F1	A12	F1	S6					148	1	250012	11.934491	0.875	0.07331690978693603	7.33	36.66	2.09	iteration	1     250012  1.1934491E+01  8.75E-01    7.33   36.66*   2.09
C_A12_S6_F1	fixed	A12_S6_F1	A12	F1	S6					150	1	250012	11.934491	0.875	0.07331690978693603	7.33	36.66	2.09	iteration	1     250012  1.1934491E+01  8.75E-01    7.33   36.66    2.09
C_A12_S6_F1	fixed	A12_S6_F1	A12	F1	S6					153	2	500004	11.517897	0.0669	0.0058083519934238	0.58	4.11	1.61	iteration	2     500004  1.1517897E+01  6.69E-02    0.58    4.11*   1.61
C_A12_S6_F1	fixed	A12_S6_F1	A12	F1	S6					155	2	500004	11.517897	0.0669	0.0058083519934238	0.58	4.11	1.61	iteration	2     500004  1.1517897E+01  6.69E-02    0.58    4.11    1.61
C_A12_S6_F1	fixed	A12_S6_F1	A12	F1	S6					158	3	999992	11.502586	0.0266	0.0023125234621153884	0.23	2.32	2.58	iteration	3     999992  1.1502586E+01  2.66E-02    0.23    2.32*   2.58
C_A12_S6_F1	fixed	A12_S6_F1	A12	F1	S6					160	3	999992	11.502586	0.0266	0.0023125234621153884	0.23	2.32	2.58	iteration	3     999992  1.1502586E+01  2.66E-02    0.23    2.32    2.58
C_A12_S6_F1	fixed	A12_S6_F1	A12	F1	S6					163	4	602491	11.512449	0.0278	0.002414777255473618	0.24	1.88	4.1	iteration	4     602491  1.1512449E+01  2.78E-02    0.24    1.88*   4.10
C_A12_S6_F1	fixed	A12_S6_F1	A12	F1	S6					165	4	602491	11.512449	0.0278	0.002414777255473618	0.24	1.88	4.1	iteration	4     602491  1.1512449E+01  2.78E-02    0.24    1.88    4.10
C_A12_S6_F2	fixed	A12_S6_F2	A12	F2	S6					148	1	250012	11.934491	0.875	0.07331690978693603	7.33	36.66	2.09	iteration	1     250012  1.1934491E+01  8.75E-01    7.33   36.66*   2.09
C_A12_S6_F2	fixed	A12_S6_F2	A12	F2	S6					150	1	250012	11.934491	0.875	0.07331690978693603	7.33	36.66	2.09	iteration	1     250012  1.1934491E+01  8.75E-01    7.33   36.66    2.09
C_A12_S6_F2	fixed	A12_S6_F2	A12	F2	S6					153	2	500004	11.517897	0.0669	0.0058083519934238	0.58	4.11	1.61	iteration	2     500004  1.1517897E+01  6.69E-02    0.58    4.11*   1.61
C_A12_S6_F2	fixed	A12_S6_F2	A12	F2	S6					155	2	500004	11.517897	0.0669	0.0058083519934238	0.58	4.11	1.61	iteration	2     500004  1.1517897E+01  6.69E-02    0.58    4.11    1.61
C_A12_S6_F2	fixed	A12_S6_F2	A12	F2	S6					158	3	999992	11.502586	0.0266	0.0023125234621153884	0.23	2.32	2.58	iteration	3     999992  1.1502586E+01  2.66E-02    0.23    2.32*   2.58
C_A12_S6_F2	fixed	A12_S6_F2	A12	F2	S6					160	3	999992	11.502586	0.0266	0.0023125234621153884	0.23	2.32	2.58	iteration	3     999992  1.1502586E+01  2.66E-02    0.23    2.32    2.58
C_A12_S6_F2	fixed	A12_S6_F2	A12	F2	S6					163	4	1967093	11.513039	0.0153	0.0013289280093639916	0.13	1.86	3.43	iteration	4    1967093  1.1513039E+01  1.53E-02    0.13    1.86*   3.43
C_A12_S6_F2	fixed	A12_S6_F2	A12	F2	S6					165	4	1967093	11.513039	0.0153	0.0013289280093639916	0.13	1.86	3.43	iteration	4    1967093  1.1513039E+01  1.53E-02    0.13    1.86    3.43
P_A12_S7	adaptive	A12_S7	A12		S7					152	1	249983	12.75148	0.966	0.07575591225489119	7.58	37.89	2.05	iteration	1     249983  1.2751480E+01  9.66E-01    7.58   37.89*   2.05
P_A12_S7	adaptive	A12_S7	A12		S7					154	1	249983	12.75148	0.966	0.07575591225489119	7.58	37.89	2.05	iteration	1     249983  1.2751480E+01  9.66E-01    7.58   37.89    2.05
P_A12_S7	adaptive	A12_S7	A12		S7					156	2	499997	11.472447	0.0631	0.00550013436540609	0.55	3.89	1.65	iteration	2     499997  1.1472447E+01  6.31E-02    0.55    3.89*   1.65
P_A12_S7	adaptive	A12_S7	A12		S7					158	2	499997	11.472447	0.0631	0.00550013436540609	0.55	3.89	1.65	iteration	2     499997  1.1472447E+01  6.31E-02    0.55    3.89    1.65
P_A12_S7	adaptive	A12_S7	A12		S7					160	3	999995	11.469155	0.0263	0.0022931070336044807	0.23	2.29	3.29	iteration	3     999995  1.1469155E+01  2.63E-02    0.23    2.29*   3.29
P_A12_S7	adaptive	A12_S7	A12		S7					162	3	999995	11.469155	0.0263	0.0022931070336044807	0.23	2.29	3.29	iteration	3     999995  1.1469155E+01  2.63E-02    0.23    2.29    3.29
C_A12_S7_F0	fixed	A12_S7_F0	A12	F0	S7					148	1	249983	12.75148	0.966	0.07575591225489119	7.58	37.89	2.05	iteration	1     249983  1.2751480E+01  9.66E-01    7.58   37.89*   2.05
C_A12_S7_F0	fixed	A12_S7_F0	A12	F0	S7					150	1	249983	12.75148	0.966	0.07575591225489119	7.58	37.89	2.05	iteration	1     249983  1.2751480E+01  9.66E-01    7.58   37.89    2.05
C_A12_S7_F0	fixed	A12_S7_F0	A12	F0	S7					153	2	499997	11.472447	0.0631	0.00550013436540609	0.55	3.89	1.65	iteration	2     499997  1.1472447E+01  6.31E-02    0.55    3.89*   1.65
C_A12_S7_F0	fixed	A12_S7_F0	A12	F0	S7					155	2	499997	11.472447	0.0631	0.00550013436540609	0.55	3.89	1.65	iteration	2     499997  1.1472447E+01  6.31E-02    0.55    3.89    1.65
C_A12_S7_F0	fixed	A12_S7_F0	A12	F0	S7					158	3	999995	11.469155	0.0263	0.0022931070336044807	0.23	2.29	3.29	iteration	3     999995  1.1469155E+01  2.63E-02    0.23    2.29*   3.29
C_A12_S7_F0	fixed	A12_S7_F0	A12	F0	S7					160	3	999995	11.469155	0.0263	0.0022931070336044807	0.23	2.29	3.29	iteration	3     999995  1.1469155E+01  2.63E-02    0.23    2.29    3.29
C_A12_S7_F0	fixed	A12_S7_F0	A12	F0	S7					163	4	205257	11.438287	0.0479	0.004187689992391342	0.42	1.9	6.0	iteration	4     205257  1.1438287E+01  4.79E-02    0.42    1.90*   6.00
C_A12_S7_F0	fixed	A12_S7_F0	A12	F0	S7					164	5	205257	11.486144	0.0481	0.004187654272835166	0.42	1.9	5.96	iteration	5     205257  1.1486144E+01  4.81E-02    0.42    1.90    5.96
C_A12_S7_F0	fixed	A12_S7_F0	A12	F0	S7					165	6	205257	11.469897	0.0478	0.004167430622960259	0.42	1.89	5.71	iteration	6     205257  1.1469897E+01  4.78E-02    0.42    1.89*   5.71
C_A12_S7_F0	fixed	A12_S7_F0	A12	F0	S7					167	6	615771	11.464706	0.0277	0.0024161108012713105	0.24	1.89	5.71	aggregate	6     615771  1.1464706E+01  2.77E-02    0.24    1.89    5.71    0.26   3
C_A12_S7_F1	fixed	A12_S7_F1	A12	F1	S7					148	1	249983	12.75148	0.966	0.07575591225489119	7.58	37.89	2.05	iteration	1     249983  1.2751480E+01  9.66E-01    7.58   37.89*   2.05
C_A12_S7_F1	fixed	A12_S7_F1	A12	F1	S7					150	1	249983	12.75148	0.966	0.07575591225489119	7.58	37.89	2.05	iteration	1     249983  1.2751480E+01  9.66E-01    7.58   37.89    2.05
C_A12_S7_F1	fixed	A12_S7_F1	A12	F1	S7					153	2	499997	11.472447	0.0631	0.00550013436540609	0.55	3.89	1.65	iteration	2     499997  1.1472447E+01  6.31E-02    0.55    3.89*   1.65
C_A12_S7_F1	fixed	A12_S7_F1	A12	F1	S7					155	2	499997	11.472447	0.0631	0.00550013436540609	0.55	3.89	1.65	iteration	2     499997  1.1472447E+01  6.31E-02    0.55    3.89    1.65
C_A12_S7_F1	fixed	A12_S7_F1	A12	F1	S7					158	3	999995	11.469155	0.0263	0.0022931070336044807	0.23	2.29	3.29	iteration	3     999995  1.1469155E+01  2.63E-02    0.23    2.29*   3.29
C_A12_S7_F1	fixed	A12_S7_F1	A12	F1	S7					160	3	999995	11.469155	0.0263	0.0022931070336044807	0.23	2.29	3.29	iteration	3     999995  1.1469155E+01  2.63E-02    0.23    2.29    3.29
C_A12_S7_F1	fixed	A12_S7_F1	A12	F1	S7					163	4	602497	11.467526	0.0277	0.0024155166511067865	0.24	1.88	5.09	iteration	4     602497  1.1467526E+01  2.77E-02    0.24    1.88*   5.09
C_A12_S7_F1	fixed	A12_S7_F1	A12	F1	S7					165	4	602497	11.467526	0.0277	0.0024155166511067865	0.24	1.88	5.09	iteration	4     602497  1.1467526E+01  2.77E-02    0.24    1.88    5.09
C_A12_S7_F2	fixed	A12_S7_F2	A12	F2	S7					148	1	249983	12.75148	0.966	0.07575591225489119	7.58	37.89	2.05	iteration	1     249983  1.2751480E+01  9.66E-01    7.58   37.89*   2.05
C_A12_S7_F2	fixed	A12_S7_F2	A12	F2	S7					150	1	249983	12.75148	0.966	0.07575591225489119	7.58	37.89	2.05	iteration	1     249983  1.2751480E+01  9.66E-01    7.58   37.89    2.05
C_A12_S7_F2	fixed	A12_S7_F2	A12	F2	S7					153	2	499997	11.472447	0.0631	0.00550013436540609	0.55	3.89	1.65	iteration	2     499997  1.1472447E+01  6.31E-02    0.55    3.89*   1.65
C_A12_S7_F2	fixed	A12_S7_F2	A12	F2	S7					155	2	499997	11.472447	0.0631	0.00550013436540609	0.55	3.89	1.65	iteration	2     499997  1.1472447E+01  6.31E-02    0.55    3.89    1.65
C_A12_S7_F2	fixed	A12_S7_F2	A12	F2	S7					158	3	999995	11.469155	0.0263	0.0022931070336044807	0.23	2.29	3.29	iteration	3     999995  1.1469155E+01  2.63E-02    0.23    2.29*   3.29
C_A12_S7_F2	fixed	A12_S7_F2	A12	F2	S7					160	3	999995	11.469155	0.0263	0.0022931070336044807	0.23	2.29	3.29	iteration	3     999995  1.1469155E+01  2.63E-02    0.23    2.29    3.29
C_A12_S7_F2	fixed	A12_S7_F2	A12	F2	S7					163	4	1975484	11.465886	0.0152	0.0013256716489244704	0.13	1.86	4.29	iteration	4    1975484  1.1465886E+01  1.52E-02    0.13    1.86*   4.29
C_A12_S7_F2	fixed	A12_S7_F2	A12	F2	S7					165	4	1975484	11.465886	0.0152	0.0013256716489244704	0.13	1.86	4.29	iteration	4    1975484  1.1465886E+01  1.52E-02    0.13    1.86    4.29
P_A13_S0	adaptive	A13_S0	A13		S0					152	1	1000027	12.308326	0.496	0.0402979251605783	4.03	40.3	1.07	iteration	1    1000027  1.2308326E+01  4.96E-01    4.03   40.30*   1.07
P_A13_S0	adaptive	A13_S0	A13		S0					153	2	1000014	11.533026	0.0419	0.0036330447880720987	0.36	3.63	2.44	iteration	2    1000014  1.1533026E+01  4.19E-02    0.36    3.63*   2.44
P_A13_S0	adaptive	A13_S0	A13		S0					155	2	2000041	11.538515	0.0417	0.0036139832552109174	0.36	5.12	2.44	aggregate	2    2000041  1.1538515E+01  4.17E-02    0.36    5.12    2.44    2.43   2
C_A13_S0_F0	fixed	A13_S0_F0	A13	F0	S0					148	1	1000027	12.308326	0.496	0.0402979251605783	4.03	40.3	1.07	iteration	1    1000027  1.2308326E+01  4.96E-01    4.03   40.30*   1.07
C_A13_S0_F0	fixed	A13_S0_F0	A13	F0	S0					149	2	1000014	11.533026	0.0419	0.0036330447880720987	0.36	3.63	2.44	iteration	2    1000014  1.1533026E+01  4.19E-02    0.36    3.63*   2.44
C_A13_S0_F0	fixed	A13_S0_F0	A13	F0	S0					151	2	2000041	11.538515	0.0417	0.0036139832552109174	0.36	5.12	2.44	aggregate	2    2000041  1.1538515E+01  4.17E-02    0.36    5.12    2.44    2.43   2
C_A13_S0_F0	fixed	A13_S0_F0	A13	F0	S0					154	3	203981	11.486503	0.0561	0.004883992978541859	0.49	2.21	5.18	iteration	3     203981  1.1486503E+01  5.61E-02    0.49    2.21*   5.18
C_A13_S0_F0	fixed	A13_S0_F0	A13	F0	S0					155	4	203981	11.502031	0.0564	0.004903481828557061	0.49	2.22	5.6	iteration	4     203981  1.1502031E+01  5.64E-02    0.49    2.22    5.60
C_A13_S0_F0	fixed	A13_S0_F0	A13	F0	S0					156	5	203981	11.510003	0.0566	0.00491746179388485	0.49	2.22	4.75	iteration	5     203981  1.1510003E+01  5.66E-02    0.49    2.22    4.75
C_A13_S0_F0	fixed	A13_S0_F0	A13	F0	S0					158	5	611943	11.499432	0.0326	0.0028349226292220344	0.28	2.21	4.75	aggregate	5     611943  1.1499432E+01  3.26E-02    0.28    2.21    4.75    0.05   3
C_A13_S0_F1	fixed	A13_S0_F1	A13	F1	S0					148	1	1000027	12.308326	0.496	0.0402979251605783	4.03	40.3	1.07	iteration	1    1000027  1.2308326E+01  4.96E-01    4.03   40.30*   1.07
C_A13_S0_F1	fixed	A13_S0_F1	A13	F1	S0					149	2	1000014	11.533026	0.0419	0.0036330447880720987	0.36	3.63	2.44	iteration	2    1000014  1.1533026E+01  4.19E-02    0.36    3.63*   2.44
C_A13_S0_F1	fixed	A13_S0_F1	A13	F1	S0					151	2	2000041	11.538515	0.0417	0.0036139832552109174	0.36	5.12	2.44	aggregate	2    2000041  1.1538515E+01  4.17E-02    0.36    5.12    2.44    2.43   2
C_A13_S0_F1	fixed	A13_S0_F1	A13	F1	S0					154	3	601583	11.502587	0.0326	0.002834145049283261	0.28	2.2	4.1	iteration	3     601583  1.1502587E+01  3.26E-02    0.28    2.20*   4.10
C_A13_S0_F1	fixed	A13_S0_F1	A13	F1	S0					156	3	601583	11.502587	0.0326	0.002834145049283261	0.28	2.2	4.1	iteration	3     601583  1.1502587E+01  3.26E-02    0.28    2.20    4.10
C_A13_S0_F2	fixed	A13_S0_F2	A13	F2	S0					148	1	1000027	12.308326	0.496	0.0402979251605783	4.03	40.3	1.07	iteration	1    1000027  1.2308326E+01  4.96E-01    4.03   40.30*   1.07
C_A13_S0_F2	fixed	A13_S0_F2	A13	F2	S0					149	2	1000014	11.533026	0.0419	0.0036330447880720987	0.36	3.63	2.44	iteration	2    1000014  1.1533026E+01  4.19E-02    0.36    3.63*   2.44
C_A13_S0_F2	fixed	A13_S0_F2	A13	F2	S0					151	2	2000041	11.538515	0.0417	0.0036139832552109174	0.36	5.12	2.44	aggregate	2    2000041  1.1538515E+01  4.17E-02    0.36    5.12    2.44    2.43   2
C_A13_S0_F2	fixed	A13_S0_F2	A13	F2	S0					154	3	1956057	11.485057	0.0182	0.0015846677992107485	0.16	2.22	3.49	iteration	3    1956057  1.1485057E+01  1.82E-02    0.16    2.22*   3.49
C_A13_S0_F2	fixed	A13_S0_F2	A13	F2	S0					156	3	1956057	11.485057	0.0182	0.0015846677992107485	0.16	2.22	3.49	iteration	3    1956057  1.1485057E+01  1.82E-02    0.16    2.22    3.49
P_A13_S1	adaptive	A13_S1	A13		S1					152	1	999982	11.603961	0.46	0.03964163616199676	3.96	39.64	1.18	iteration	1     999982  1.1603961E+01  4.60E-01    3.96   39.64*   1.18
P_A13_S1	adaptive	A13_S1	A13		S1					153	2	999979	11.445432	0.0422	0.0036870604796743365	0.37	3.69	2.14	iteration	2     999979  1.1445432E+01  4.22E-02    0.37    3.69*   2.14
P_A13_S1	adaptive	A13_S1	A13		S1					155	2	1999961	11.446755	0.042	0.0036691621337226143	0.37	5.19	2.14	aggregate	2    1999961  1.1446755E+01  4.20E-02    0.37    5.19    2.14    0.12   2
C_A13_S1_F0	fixed	A13_S1_F0	A13	F0	S1					148	1	999982	11.603961	0.46	0.03964163616199676	3.96	39.64	1.18	iteration	1     999982  1.1603961E+01  4.60E-01    3.96   39.64*   1.18
C_A13_S1_F0	fixed	A13_S1_F0	A13	F0	S1					149	2	999979	11.445432	0.0422	0.0036870604796743365	0.37	3.69	2.14	iteration	2     999979  1.1445432E+01  4.22E-02    0.37    3.69*   2.14
C_A13_S1_F0	fixed	A13_S1_F0	A13	F0	S1					151	2	1999961	11.446755	0.042	0.0036691621337226143	0.37	5.19	2.14	aggregate	2    1999961  1.1446755E+01  4.20E-02    0.37    5.19    2.14    0.12   2
C_A13_S1_F0	fixed	A13_S1_F0	A13	F0	S1					154	3	203883	11.537926	0.0568	0.004922895154640444	0.49	2.22	4.51	iteration	3     203883  1.1537926E+01  5.68E-02    0.49    2.22*   4.51
C_A13_S1_F0	fixed	A13_S1_F0	A13	F0	S1					155	4	203883	11.540382	0.0565	0.004895851801092893	0.49	2.21	5.06	iteration	4     203883  1.1540382E+01  5.65E-02    0.49    2.21*   5.06
C_A13_S1_F0	fixed	A13_S1_F0	A13	F0	S1					156	5	203883	11.51495	0.0559	0.004854558638986708	0.49	2.19	5.72	iteration	5     203883  1.1514950E+01  5.59E-02    0.49    2.19*   5.72
C_A13_S1_F0	fixed	A13_S1_F0	A13	F0	S1					158	5	611649	11.53095	0.0326	0.0028271738234924263	0.28	2.21	5.72	aggregate	5     611649  1.1530950E+01  3.26E-02    0.28    2.21    5.72    0.06   3
C_A13_S1_F1	fixed	A13_S1_F1	A13	F1	S1					148	1	999982	11.603961	0.46	0.03964163616199676	3.96	39.64	1.18	iteration	1     999982  1.1603961E+01  4.60E-01    3.96   39.64*   1.18
C_A13_S1_F1	fixed	A13_S1_F1	A13	F1	S1					149	2	999979	11.445432	0.0422	0.0036870604796743365	0.37	3.69	2.14	iteration	2     999979  1.1445432E+01  4.22E-02    0.37    3.69*   2.14
C_A13_S1_F1	fixed	A13_S1_F1	A13	F1	S1					151	2	1999961	11.446755	0.042	0.0036691621337226143	0.37	5.19	2.14	aggregate	2    1999961  1.1446755E+01  4.20E-02    0.37    5.19    2.14    0.12   2
C_A13_S1_F1	fixed	A13_S1_F1	A13	F1	S1					154	3	601652	11.505866	0.0326	0.002833337360264755	0.28	2.2	3.79	iteration	3     601652  1.1505866E+01  3.26E-02    0.28    2.20*   3.79
C_A13_S1_F1	fixed	A13_S1_F1	A13	F1	S1					156	3	601652	11.505866	0.0326	0.002833337360264755	0.28	2.2	3.79	iteration	3     601652  1.1505866E+01  3.26E-02    0.28    2.20    3.79
C_A13_S1_F2	fixed	A13_S1_F2	A13	F2	S1					148	1	999982	11.603961	0.46	0.03964163616199676	3.96	39.64	1.18	iteration	1     999982  1.1603961E+01  4.60E-01    3.96   39.64*   1.18
C_A13_S1_F2	fixed	A13_S1_F2	A13	F2	S1					149	2	999979	11.445432	0.0422	0.0036870604796743365	0.37	3.69	2.14	iteration	2     999979  1.1445432E+01  4.22E-02    0.37    3.69*   2.14
C_A13_S1_F2	fixed	A13_S1_F2	A13	F2	S1					151	2	1999961	11.446755	0.042	0.0036691621337226143	0.37	5.19	2.14	aggregate	2    1999961  1.1446755E+01  4.20E-02    0.37    5.19    2.14    0.12   2
C_A13_S1_F2	fixed	A13_S1_F2	A13	F2	S1					154	3	1956487	11.500235	0.0183	0.0015912718305321587	0.16	2.22	3.28	iteration	3    1956487  1.1500235E+01  1.83E-02    0.16    2.22*   3.28
C_A13_S1_F2	fixed	A13_S1_F2	A13	F2	S1					156	3	1956487	11.500235	0.0183	0.0015912718305321587	0.16	2.22	3.28	iteration	3    1956487  1.1500235E+01  1.83E-02    0.16    2.22    3.28
P_A13_S2	adaptive	A13_S2	A13		S2					152	1	999978	12.163619	0.509	0.041846098599438206	4.19	41.88	1.07	iteration	1     999978  1.2163619E+01  5.09E-01    4.19   41.88*   1.07
P_A13_S2	adaptive	A13_S2	A13		S2					153	2	1000011	11.505993	0.0407	0.0035372870468459348	0.35	3.53	2.43	iteration	2    1000011  1.1505993E+01  4.07E-02    0.35    3.53*   2.43
P_A13_S2	adaptive	A13_S2	A13		S2					155	2	1999989	11.510157	0.0405	0.003518631413976369	0.35	4.98	2.43	aggregate	2    1999989  1.1510157E+01  4.05E-02    0.35    4.98    2.43    1.66   2
C_A13_S2_F0	fixed	A13_S2_F0	A13	F0	S2					148	1	999978	12.163619	0.509	0.041846098599438206	4.19	41.88	1.07	iteration	1     999978  1.2163619E+01  5.09E-01    4.19   41.88*   1.07
C_A13_S2_F0	fixed	A13_S2_F0	A13	F0	S2					149	2	1000011	11.505993	0.0407	0.0035372870468459348	0.35	3.53	2.43	iteration	2    1000011  1.1505993E+01  4.07E-02    0.35    3.53*   2.43
C_A13_S2_F0	fixed	A13_S2_F0	A13	F0	S2					151	2	1999989	11.510157	0.0405	0.003518631413976369	0.35	4.98	2.43	aggregate	2    1999989  1.1510157E+01  4.05E-02    0.35    4.98    2.43    1.66   2
C_A13_S2_F0	fixed	A13_S2_F0	A13	F0	S2					154	3	203981	11.458226	0.056	0.004887318508118098	0.49	2.21	5.04	iteration	3     203981  1.1458226E+01  5.60E-02    0.49    2.21*   5.04
C_A13_S2_F0	fixed	A13_S2_F0	A13	F0	S2					155	4	203981	11.546286	0.0562	0.004867366008429031	0.49	2.2	5.22	iteration	4     203981  1.1546286E+01  5.62E-02    0.49    2.20*   5.22
C_A13_S2_F0	fixed	A13_S2_F0	A13	F0	S2					156	5	203981	11.446028	0.0559	0.004883790254575649	0.49	2.21	4.98	iteration	5     203981  1.1446028E+01  5.59E-02    0.49    2.21    4.98
C_A13_S2_F0	fixed	A13_S2_F0	A13	F0	S2					158	5	611943	11.483327	0.0323	0.0028127736848388976	0.28	2.2	4.98	aggregate	5     611943  1.1483327E+01  3.23E-02    0.28    2.20    4.98    0.95   3
C_A13_S2_F1	fixed	A13_S2_F1	A13	F1	S2					148	1	999978	12.163619	0.509	0.041846098599438206	4.19	41.88	1.07	iteration	1     999978  1.2163619E+01  5.09E-01    4.19   41.88*   1.07
C_A13_S2_F1	fixed	A13_S2_F1	A13	F1	S2					149	2	1000011	11.505993	0.0407	0.0035372870468459348	0.35	3.53	2.43	iteration	2    1000011  1.1505993E+01  4.07E-02    0.35    3.53*   2.43
C_A13_S2_F1	fixed	A13_S2_F1	A13	F1	S2					151	2	1999989	11.510157	0.0405	0.003518631413976369	0.35	4.98	2.43	aggregate	2    1999989  1.1510157E+01  4.05E-02    0.35    4.98    2.43    1.66   2
C_A13_S2_F1	fixed	A13_S2_F1	A13	F1	S2					154	3	601686	11.474307	0.0323	0.002814984817819499	0.28	2.18	4.48	iteration	3     601686  1.1474307E+01  3.23E-02    0.28    2.18*   4.48
C_A13_S2_F1	fixed	A13_S2_F1	A13	F1	S2					156	3	601686	11.474307	0.0323	0.002814984817819499	0.28	2.18	4.48	iteration	3     601686  1.1474307E+01  3.23E-02    0.28    2.18    4.48
C_A13_S2_F2	fixed	A13_S2_F2	A13	F2	S2					148	1	999978	12.163619	0.509	0.041846098599438206	4.19	41.88	1.07	iteration	1     999978  1.2163619E+01  5.09E-01    4.19   41.88*   1.07
C_A13_S2_F2	fixed	A13_S2_F2	A13	F2	S2					149	2	1000011	11.505993	0.0407	0.0035372870468459348	0.35	3.53	2.43	iteration	2    1000011  1.1505993E+01  4.07E-02    0.35    3.53*   2.43
C_A13_S2_F2	fixed	A13_S2_F2	A13	F2	S2					151	2	1999989	11.510157	0.0405	0.003518631413976369	0.35	4.98	2.43	aggregate	2    1999989  1.1510157E+01  4.05E-02    0.35    4.98    2.43    1.66   2
C_A13_S2_F2	fixed	A13_S2_F2	A13	F2	S2					154	3	1951434	11.498937	0.0182	0.0015827549972662691	0.16	2.21	3.38	iteration	3    1951434  1.1498937E+01  1.82E-02    0.16    2.21*   3.38
C_A13_S2_F2	fixed	A13_S2_F2	A13	F2	S2					156	3	1951434	11.498937	0.0182	0.0015827549972662691	0.16	2.21	3.38	iteration	3    1951434  1.1498937E+01  1.82E-02    0.16    2.21    3.38
P_A13_S3	adaptive	A13_S3	A13		S3					152	1	999976	11.478528	0.468	0.04077177840224809	4.08	40.81	1.1	iteration	1     999976  1.1478528E+01  4.68E-01    4.08   40.81*   1.10
P_A13_S3	adaptive	A13_S3	A13		S3					153	2	1000003	11.489959	0.0427	0.00371628828266489	0.37	3.72	2.19	iteration	2    1000003  1.1489959E+01  4.27E-02    0.37    3.72*   2.19
P_A13_S3	adaptive	A13_S3	A13		S3					155	2	1999979	11.489865	0.0425	0.0036989120411771593	0.37	5.23	2.19	aggregate	2    1999979  1.1489865E+01  4.25E-02    0.37    5.23    2.19    0.00   2
C_A13_S3_F0	fixed	A13_S3_F0	A13	F0	S3					148	1	999976	11.478528	0.468	0.04077177840224809	4.08	40.81	1.1	iteration	1     999976  1.1478528E+01  4.68E-01    4.08   40.81*   1.10
C_A13_S3_F0	fixed	A13_S3_F0	A13	F0	S3					149	2	1000003	11.489959	0.0427	0.00371628828266489	0.37	3.72	2.19	iteration	2    1000003  1.1489959E+01  4.27E-02    0.37    3.72*   2.19
C_A13_S3_F0	fixed	A13_S3_F0	A13	F0	S3					151	2	1999979	11.489865	0.0425	0.0036989120411771593	0.37	5.23	2.19	aggregate	2    1999979  1.1489865E+01  4.25E-02    0.37    5.23    2.19    0.00   2
C_A13_S3_F0	fixed	A13_S3_F0	A13	F0	S3					154	3	204117	11.521395	0.0579	0.005025433118125019	0.5	2.27	4.44	iteration	3     204117  1.1521395E+01  5.79E-02    0.50    2.27*   4.44
C_A13_S3_F0	fixed	A13_S3_F0	A13	F0	S3					155	4	204117	11.576196	0.0575	0.004967089361652135	0.5	2.25	4.46	iteration	4     204117  1.1576196E+01  5.75E-02    0.50    2.25*   4.46
C_A13_S3_F0	fixed	A13_S3_F0	A13	F0	S3					156	5	204117	11.55356	0.0576	0.004985476338029145	0.5	2.25	5.27	iteration	5     204117  1.1553560E+01  5.76E-02    0.50    2.25    5.27
C_A13_S3_F0	fixed	A13_S3_F0	A13	F0	S3					158	5	612351	11.550488	0.0333	0.0028829950734549055	0.29	2.25	5.27	aggregate	5     612351  1.1550488E+01  3.33E-02    0.29    2.25    5.27    0.23   3
C_A13_S3_F1	fixed	A13_S3_F1	A13	F1	S3					148	1	999976	11.478528	0.468	0.04077177840224809	4.08	40.81	1.1	iteration	1     999976  1.1478528E+01  4.68E-01    4.08   40.81*   1.10
C_A13_S3_F1	fixed	A13_S3_F1	A13	F1	S3					149	2	1000003	11.489959	0.0427	0.00371628828266489	0.37	3.72	2.19	iteration	2    1000003  1.1489959E+01  4.27E-02    0.37    3.72*   2.19
C_A13_S3_F1	fixed	A13_S3_F1	A13	F1	S3					151	2	1999979	11.489865	0.0425	0.0036989120411771593	0.37	5.23	2.19	aggregate	2    1999979  1.1489865E+01  4.25E-02    0.37    5.23    2.19    0.00   2
C_A13_S3_F1	fixed	A13_S3_F1	A13	F1	S3					154	3	601739	11.487133	0.0332	0.002890190267667311	0.29	2.24	3.78	iteration	3     601739  1.1487133E+01  3.32E-02    0.29    2.24*   3.78
C_A13_S3_F1	fixed	A13_S3_F1	A13	F1	S3					156	3	601739	11.487133	0.0332	0.002890190267667311	0.29	2.24	3.78	iteration	3     601739  1.1487133E+01  3.32E-02    0.29    2.24    3.78
C_A13_S3_F2	fixed	A13_S3_F2	A13	F2	S3					148	1	999976	11.478528	0.468	0.04077177840224809	4.08	40.81	1.1	iteration	1     999976  1.1478528E+01  4.68E-01    4.08   40.81*   1.10
C_A13_S3_F2	fixed	A13_S3_F2	A13	F2	S3					149	2	1000003	11.489959	0.0427	0.00371628828266489	0.37	3.72	2.19	iteration	2    1000003  1.1489959E+01  4.27E-02    0.37    3.72*   2.19
C_A13_S3_F2	fixed	A13_S3_F2	A13	F2	S3					151	2	1999979	11.489865	0.0425	0.0036989120411771593	0.37	5.23	2.19	aggregate	2    1999979  1.1489865E+01  4.25E-02    0.37    5.23    2.19    0.00   2
C_A13_S3_F2	fixed	A13_S3_F2	A13	F2	S3					154	3	1949956	11.52835	0.0187	0.00162208815658789	0.16	2.27	3.03	iteration	3    1949956  1.1528350E+01  1.87E-02    0.16    2.27*   3.03
C_A13_S3_F2	fixed	A13_S3_F2	A13	F2	S3					156	3	1949956	11.52835	0.0187	0.00162208815658789	0.16	2.27	3.03	iteration	3    1949956  1.1528350E+01  1.87E-02    0.16    2.27    3.03
P_A13_S4	adaptive	A13_S4	A13		S4					152	1	1000026	12.112179	0.509	0.04202381751458594	4.2	42.03	1.02	iteration	1    1000026  1.2112179E+01  5.09E-01    4.20   42.03*   1.02
P_A13_S4	adaptive	A13_S4	A13		S4					153	2	999984	11.505846	0.0408	0.0035460234736324476	0.35	3.54	2.35	iteration	2     999984  1.1505846E+01  4.08E-02    0.35    3.54*   2.35
P_A13_S4	adaptive	A13_S4	A13		S4					155	2	2000010	11.509709	0.0406	0.0035274566889571227	0.35	4.99	2.35	aggregate	2    2000010  1.1509709E+01  4.06E-02    0.35    4.99    2.35    1.41   2
C_A13_S4_F0	fixed	A13_S4_F0	A13	F0	S4					148	1	1000026	12.112179	0.509	0.04202381751458594	4.2	42.03	1.02	iteration	1    1000026  1.2112179E+01  5.09E-01    4.20   42.03*   1.02
C_A13_S4_F0	fixed	A13_S4_F0	A13	F0	S4					149	2	999984	11.505846	0.0408	0.0035460234736324476	0.35	3.54	2.35	iteration	2     999984  1.1505846E+01  4.08E-02    0.35    3.54*   2.35
C_A13_S4_F0	fixed	A13_S4_F0	A13	F0	S4					151	2	2000010	11.509709	0.0406	0.0035274566889571227	0.35	4.99	2.35	aggregate	2    2000010  1.1509709E+01  4.06E-02    0.35    4.99    2.35    1.41   2
C_A13_S4_F0	fixed	A13_S4_F0	A13	F0	S4					154	3	203925	11.451597	0.0558	0.004872682823190513	0.49	2.2	4.92	iteration	3     203925  1.1451597E+01  5.58E-02    0.49    2.20*   4.92
C_A13_S4_F0	fixed	A13_S4_F0	A13	F0	S4					155	4	203925	11.436964	0.0559	0.004887660746330932	0.49	2.21	4.65	iteration	4     203925  1.1436964E+01  5.59E-02    0.49    2.21    4.65
C_A13_S4_F0	fixed	A13_S4_F0	A13	F0	S4					156	5	203925	11.569756	0.0563	0.004866135465605325	0.49	2.2	5.06	iteration	5     203925  1.1569756E+01  5.63E-02    0.49    2.20*   5.06
C_A13_S4_F0	fixed	A13_S4_F0	A13	F0	S4					158	5	611775	11.485601	0.0323	0.0028122167921382606	0.28	2.2	5.06	aggregate	5     611775  1.1485601E+01  3.23E-02    0.28    2.20    5.06    1.68   3
C_A13_S4_F1	fixed	A13_S4_F1	A13	F1	S4					148	1	1000026	12.112179	0.509	0.04202381751458594	4.2	42.03	1.02	iteration	1    1000026  1.2112179E+01  5.09E-01    4.20   42.03*   1.02
C_A13_S4_F1	fixed	A13_S4_F1	A13	F1	S4					149	2	999984	11.505846	0.0408	0.0035460234736324476	0.35	3.54	2.35	iteration	2     999984  1.1505846E+01  4.08E-02    0.35    3.54*   2.35
C_A13_S4_F1	fixed	A13_S4_F1	A13	F1	S4					151	2	2000010	11.509709	0.0406	0.0035274566889571227	0.35	4.99	2.35	aggregate	2    2000010  1.1509709E+01  4.06E-02    0.35    4.99    2.35    1.41   2
C_A13_S4_F1	fixed	A13_S4_F1	A13	F1	S4					154	3	601548	11.519105	0.0325	0.002821399752845382	0.28	2.19	3.8	iteration	3     601548  1.1519105E+01  3.25E-02    0.28    2.19*   3.80
C_A13_S4_F1	fixed	A13_S4_F1	A13	F1	S4					156	3	601548	11.519105	0.0325	0.002821399752845382	0.28	2.19	3.8	iteration	3     601548  1.1519105E+01  3.25E-02    0.28    2.19    3.80
C_A13_S4_F2	fixed	A13_S4_F2	A13	F2	S4					148	1	1000026	12.112179	0.509	0.04202381751458594	4.2	42.03	1.02	iteration	1    1000026  1.2112179E+01  5.09E-01    4.20   42.03*   1.02
C_A13_S4_F2	fixed	A13_S4_F2	A13	F2	S4					149	2	999984	11.505846	0.0408	0.0035460234736324476	0.35	3.54	2.35	iteration	2     999984  1.1505846E+01  4.08E-02    0.35    3.54*   2.35
C_A13_S4_F2	fixed	A13_S4_F2	A13	F2	S4					151	2	2000010	11.509709	0.0406	0.0035274566889571227	0.35	4.99	2.35	aggregate	2    2000010  1.1509709E+01  4.06E-02    0.35    4.99    2.35    1.41   2
C_A13_S4_F2	fixed	A13_S4_F2	A13	F2	S4					154	3	1954955	11.484523	0.0182	0.0015847414820798393	0.16	2.21	3.1	iteration	3    1954955  1.1484523E+01  1.82E-02    0.16    2.21*   3.10
C_A13_S4_F2	fixed	A13_S4_F2	A13	F2	S4					156	3	1954955	11.484523	0.0182	0.0015847414820798393	0.16	2.21	3.1	iteration	3    1954955  1.1484523E+01  1.82E-02    0.16    2.21    3.10
P_A13_S5	adaptive	A13_S5	A13		S5					152	1	999988	11.779802	0.459	0.03896500127930843	3.9	38.98	1.03	iteration	1     999988  1.1779802E+01  4.59E-01    3.90   38.98*   1.03
P_A13_S5	adaptive	A13_S5	A13		S5					153	2	1000010	11.544297	0.0424	0.0036728091801518964	0.37	3.67	2.4	iteration	2    1000010  1.1544297E+01  4.24E-02    0.37    3.67*   2.40
P_A13_S5	adaptive	A13_S5	A13		S5					155	2	1999998	11.546285	0.0422	0.003654855219665893	0.37	5.17	2.4	aggregate	2    1999998  1.1546285E+01  4.22E-02    0.37    5.17    2.40    0.26   2
C_A13_S5_F0	fixed	A13_S5_F0	A13	F0	S5					148	1	999988	11.779802	0.459	0.03896500127930843	3.9	38.98	1.03	iteration	1     999988  1.1779802E+01  4.59E-01    3.90   38.98*   1.03
C_A13_S5_F0	fixed	A13_S5_F0	A13	F0	S5					149	2	1000010	11.544297	0.0424	0.0036728091801518964	0.37	3.67	2.4	iteration	2    1000010  1.1544297E+01  4.24E-02    0.37    3.67*   2.40
C_A13_S5_F0	fixed	A13_S5_F0	A13	F0	S5					151	2	1999998	11.546285	0.0422	0.003654855219665893	0.37	5.17	2.4	aggregate	2    1999998  1.1546285E+01  4.22E-02    0.37    5.17    2.40    0.26   2
C_A13_S5_F0	fixed	A13_S5_F0	A13	F0	S5					154	3	203763	11.429473	0.0562	0.004917112101319107	0.49	2.22	4.86	iteration	3     203763  1.1429473E+01  5.62E-02    0.49    2.22*   4.86
C_A13_S5_F0	fixed	A13_S5_F0	A13	F0	S5					155	4	203763	11.515041	0.0569	0.004941363213556947	0.49	2.23	4.91	iteration	4     203763  1.1515041E+01  5.69E-02    0.49    2.23    4.91
C_A13_S5_F0	fixed	A13_S5_F0	A13	F0	S5					156	5	203763	11.506067	0.0569	0.0049452171623891985	0.49	2.23	4.84	iteration	5     203763  1.1506067E+01  5.69E-02    0.49    2.23    4.84
C_A13_S5_F0	fixed	A13_S5_F0	A13	F0	S5					158	5	611289	11.483051	0.0327	0.0028476752389238716	0.28	2.23	4.84	aggregate	5     611289  1.1483051E+01  3.27E-02    0.28    2.23    4.84    0.70   3
C_A13_S5_F1	fixed	A13_S5_F1	A13	F1	S5					148	1	999988	11.779802	0.459	0.03896500127930843	3.9	38.98	1.03	iteration	1     999988  1.1779802E+01  4.59E-01    3.90   38.98*   1.03
C_A13_S5_F1	fixed	A13_S5_F1	A13	F1	S5					149	2	1000010	11.544297	0.0424	0.0036728091801518964	0.37	3.67	2.4	iteration	2    1000010  1.1544297E+01  4.24E-02    0.37    3.67*   2.40
C_A13_S5_F1	fixed	A13_S5_F1	A13	F1	S5					151	2	1999998	11.546285	0.0422	0.003654855219665893	0.37	5.17	2.4	aggregate	2    1999998  1.1546285E+01  4.22E-02    0.37    5.17    2.40    0.26   2
C_A13_S5_F1	fixed	A13_S5_F1	A13	F1	S5					154	3	601641	11.482661	0.0327	0.0028477719580853253	0.28	2.21	3.86	iteration	3     601641  1.1482661E+01  3.27E-02    0.28    2.21*   3.86
C_A13_S5_F1	fixed	A13_S5_F1	A13	F1	S5					156	3	601641	11.482661	0.0327	0.0028477719580853253	0.28	2.21	3.86	iteration	3     601641  1.1482661E+01  3.27E-02    0.28    2.21    3.86
C_A13_S5_F2	fixed	A13_S5_F2	A13	F2	S5					148	1	999988	11.779802	0.459	0.03896500127930843	3.9	38.98	1.03	iteration	1     999988  1.1779802E+01  4.59E-01    3.90   38.98*   1.03
C_A13_S5_F2	fixed	A13_S5_F2	A13	F2	S5					149	2	1000010	11.544297	0.0424	0.0036728091801518964	0.37	3.67	2.4	iteration	2    1000010  1.1544297E+01  4.24E-02    0.37    3.67*   2.40
C_A13_S5_F2	fixed	A13_S5_F2	A13	F2	S5					151	2	1999998	11.546285	0.0422	0.003654855219665893	0.37	5.17	2.4	aggregate	2    1999998  1.1546285E+01  4.22E-02    0.37    5.17    2.40    0.26   2
C_A13_S5_F2	fixed	A13_S5_F2	A13	F2	S5					154	3	1963188	11.503097	0.0182	0.0015821826069970547	0.16	2.22	2.86	iteration	3    1963188  1.1503097E+01  1.82E-02    0.16    2.22*   2.86
C_A13_S5_F2	fixed	A13_S5_F2	A13	F2	S5					156	3	1963188	11.503097	0.0182	0.0015821826069970547	0.16	2.22	2.86	iteration	3    1963188  1.1503097E+01  1.82E-02    0.16    2.22    2.86
P_A13_S6	adaptive	A13_S6	A13		S6					152	1	999991	12.215599	0.489	0.040030783590718724	4.01	40.05	1.02	iteration	1     999991  1.2215599E+01  4.89E-01    4.01   40.05*   1.02
P_A13_S6	adaptive	A13_S6	A13		S6					153	2	1000012	11.480231	0.0435	0.003789122361736449	0.38	3.79	2.38	iteration	2    1000012  1.1480231E+01  4.35E-02    0.38    3.79*   2.38
P_A13_S6	adaptive	A13_S6	A13		S6					155	2	2000003	11.486	0.0433	0.0037698067212258396	0.38	5.34	2.38	aggregate	2    2000003  1.1486000E+01  4.33E-02    0.38    5.34    2.38    2.24   2
C_A13_S6_F0	fixed	A13_S6_F0	A13	F0	S6					148	1	999991	12.215599	0.489	0.040030783590718724	4.01	40.05	1.02	iteration	1     999991  1.2215599E+01  4.89E-01    4.01   40.05*   1.02
C_A13_S6_F0	fixed	A13_S6_F0	A13	F0	S6					149	2	1000012	11.480231	0.0435	0.003789122361736449	0.38	3.79	2.38	iteration	2    1000012  1.1480231E+01  4.35E-02    0.38    3.79*   2.38
C_A13_S6_F0	fixed	A13_S6_F0	A13	F0	S6					151	2	2000003	11.486	0.0433	0.0037698067212258396	0.38	5.34	2.38	aggregate	2    2000003  1.1486000E+01  4.33E-02    0.38    5.34    2.38    2.24   2
C_A13_S6_F0	fixed	A13_S6_F0	A13	F0	S6					154	3	204086	11.544518	0.0584	0.005058678066940517	0.51	2.28	4.64	iteration	3     204086  1.1544518E+01  5.84E-02    0.51    2.28*   4.64
C_A13_S6_F0	fixed	A13_S6_F0	A13	F0	S6					155	4	204086	11.50826	0.0585	0.005083305382394906	0.51	2.29	4.47	iteration	4     204086  1.1508260E+01  5.85E-02    0.51    2.29    4.47
C_A13_S6_F0	fixed	A13_S6_F0	A13	F0	S6					156	5	204086	11.481432	0.0585	0.005095183248918777	0.51	2.3	4.27	iteration	5     204086  1.1481432E+01  5.85E-02    0.51    2.30    4.27
C_A13_S6_F0	fixed	A13_S6_F0	A13	F0	S6					158	5	612258	11.511436	0.0337	0.0029275235513623148	0.29	2.29	4.27	aggregate	5     612258  1.1511436E+01  3.37E-02    0.29    2.29    4.27    0.29   3
C_A13_S6_F1	fixed	A13_S6_F1	A13	F1	S6					148	1	999991	12.215599	0.489	0.040030783590718724	4.01	40.05	1.02	iteration	1     999991  1.2215599E+01  4.89E-01    4.01   40.05*   1.02
C_A13_S6_F1	fixed	A13_S6_F1	A13	F1	S6					149	2	1000012	11.480231	0.0435	0.003789122361736449	0.38	3.79	2.38	iteration	2    1000012  1.1480231E+01  4.35E-02    0.38    3.79*   2.38
C_A13_S6_F1	fixed	A13_S6_F1	A13	F1	S6					151	2	2000003	11.486	0.0433	0.0037698067212258396	0.38	5.34	2.38	aggregate	2    2000003  1.1486000E+01  4.33E-02    0.38    5.34    2.38    2.24   2
C_A13_S6_F1	fixed	A13_S6_F1	A13	F1	S6					154	3	601797	11.526821	0.0336	0.0029149407282372127	0.29	2.26	3.87	iteration	3     601797  1.1526821E+01  3.36E-02    0.29    2.26*   3.87
C_A13_S6_F1	fixed	A13_S6_F1	A13	F1	S6					156	3	601797	11.526821	0.0336	0.0029149407282372127	0.29	2.26	3.87	iteration	3     601797  1.1526821E+01  3.36E-02    0.29    2.26    3.87
C_A13_S6_F2	fixed	A13_S6_F2	A13	F2	S6					148	1	999991	12.215599	0.489	0.040030783590718724	4.01	40.05	1.02	iteration	1     999991  1.2215599E+01  4.89E-01    4.01   40.05*   1.02
C_A13_S6_F2	fixed	A13_S6_F2	A13	F2	S6					149	2	1000012	11.480231	0.0435	0.003789122361736449	0.38	3.79	2.38	iteration	2    1000012  1.1480231E+01  4.35E-02    0.38    3.79*   2.38
C_A13_S6_F2	fixed	A13_S6_F2	A13	F2	S6					151	2	2000003	11.486	0.0433	0.0037698067212258396	0.38	5.34	2.38	aggregate	2    2000003  1.1486000E+01  4.33E-02    0.38    5.34    2.38    2.24   2
C_A13_S6_F2	fixed	A13_S6_F2	A13	F2	S6					154	3	1959338	11.488822	0.0188	0.0016363731634104872	0.16	2.29	2.94	iteration	3    1959338  1.1488822E+01  1.88E-02    0.16    2.29*   2.94
C_A13_S6_F2	fixed	A13_S6_F2	A13	F2	S6					156	3	1959338	11.488822	0.0188	0.0016363731634104872	0.16	2.29	2.94	iteration	3    1959338  1.1488822E+01  1.88E-02    0.16    2.29    2.94
P_A13_S7	adaptive	A13_S7	A13		S7					152	1	1000009	11.750077	0.454	0.038638044669834934	3.86	38.62	1.03	iteration	1    1000009  1.1750077E+01  4.54E-01    3.86   38.62*   1.03
P_A13_S7	adaptive	A13_S7	A13		S7					153	2	999995	11.539899	0.0422	0.0036568777595020548	0.37	3.66	2.37	iteration	2     999995  1.1539899E+01  4.22E-02    0.37    3.66*   2.37
P_A13_S7	adaptive	A13_S7	A13		S7					155	2	2000004	11.541705	0.0421	0.0036476413146931063	0.36	5.15	2.37	aggregate	2    2000004  1.1541705E+01  4.21E-02    0.36    5.15    2.37    0.21   2
C_A13_S7_F0	fixed	A13_S7_F0	A13	F0	S7					148	1	1000009	11.750077	0.454	0.038638044669834934	3.86	38.62	1.03	iteration	1    1000009  1.1750077E+01  4.54E-01    3.86   38.62*   1.03
C_A13_S7_F0	fixed	A13_S7_F0	A13	F0	S7					149	2	999995	11.539899	0.0422	0.0036568777595020548	0.37	3.66	2.37	iteration	2     999995  1.1539899E+01  4.22E-02    0.37    3.66*   2.37
C_A13_S7_F0	fixed	A13_S7_F0	A13	F0	S7					151	2	2000004	11.541705	0.0421	0.0036476413146931063	0.36	5.15	2.37	aggregate	2    2000004  1.1541705E+01  4.21E-02    0.36    5.15    2.37    0.21   2
C_A13_S7_F0	fixed	A13_S7_F0	A13	F0	S7					154	3	203958	11.435174	0.0551	0.004818466251584804	0.48	2.18	5.28	iteration	3     203958  1.1435174E+01  5.51E-02    0.48    2.18*   5.28
C_A13_S7_F0	fixed	A13_S7_F0	A13	F0	S7					155	4	203958	11.435832	0.0553	0.004835677893834048	0.48	2.18	4.98	iteration	4     203958  1.1435832E+01  5.53E-02    0.48    2.18    4.98
C_A13_S7_F0	fixed	A13_S7_F0	A13	F0	S7					156	5	203958	11.491563	0.0556	0.004838332261677546	0.48	2.19	5.04	iteration	5     203958  1.1491563E+01  5.56E-02    0.48    2.19    5.04
C_A13_S7_F0	fixed	A13_S7_F0	A13	F0	S7					158	5	611874	11.453993	0.032	0.0027937855383707673	0.28	2.18	5.04	aggregate	5     611874  1.1453993E+01  3.20E-02    0.28    2.18    5.04    0.34   3
C_A13_S7_F1	fixed	A13_S7_F1	A13	F1	S7					148	1	1000009	11.750077	0.454	0.038638044669834934	3.86	38.62	1.03	iteration	1    1000009  1.1750077E+01  4.54E-01    3.86   38.62*   1.03
C_A13_S7_F1	fixed	A13_S7_F1	A13	F1	S7					149	2	999995	11.539899	0.0422	0.0036568777595020548	0.37	3.66	2.37	iteration	2     999995  1.1539899E+01  4.22E-02    0.37    3.66*   2.37
C_A13_S7_F1	fixed	A13_S7_F1	A13	F1	S7					151	2	2000004	11.541705	0.0421	0.0036476413146931063	0.36	5.15	2.37	aggregate	2    2000004  1.1541705E+01  4.21E-02    0.36    5.15    2.37    0.21   2
C_A13_S7_F1	fixed	A13_S7_F1	A13	F1	S7					154	3	601678	11.461011	0.032	0.002792074800381921	0.28	2.16	4.12	iteration	3     601678  1.1461011E+01  3.20E-02    0.28    2.16*   4.12
C_A13_S7_F1	fixed	A13_S7_F1	A13	F1	S7					156	3	601678	11.461011	0.032	0.002792074800381921	0.28	2.16	4.12	iteration	3     601678  1.1461011E+01  3.20E-02    0.28    2.16    4.12
C_A13_S7_F2	fixed	A13_S7_F2	A13	F2	S7					148	1	1000009	11.750077	0.454	0.038638044669834934	3.86	38.62	1.03	iteration	1    1000009  1.1750077E+01  4.54E-01    3.86   38.62*   1.03
C_A13_S7_F2	fixed	A13_S7_F2	A13	F2	S7					149	2	999995	11.539899	0.0422	0.0036568777595020548	0.37	3.66	2.37	iteration	2     999995  1.1539899E+01  4.22E-02    0.37    3.66*   2.37
C_A13_S7_F2	fixed	A13_S7_F2	A13	F2	S7					151	2	2000004	11.541705	0.0421	0.0036476413146931063	0.36	5.15	2.37	aggregate	2    2000004  1.1541705E+01  4.21E-02    0.36    5.15    2.37    0.21   2
C_A13_S7_F2	fixed	A13_S7_F2	A13	F2	S7					154	3	1965042	11.49352	0.0178	0.0015486987450319832	0.16	2.18	3.16	iteration	3    1965042  1.1493520E+01  1.78E-02    0.16    2.18*   3.16
C_A13_S7_F2	fixed	A13_S7_F2	A13	F2	S7					156	3	1965042	11.49352	0.0178	0.0015486987450319832	0.16	2.18	3.16	iteration	3    1965042  1.1493520E+01  1.78E-02    0.16    2.18    3.16
P_A14_S0	adaptive	A14_S0	A14		S0					152	1	2000011	11.680035	0.335	0.028681420903276404	2.87	40.53	0.79	iteration	1    2000011  1.1680035E+01  3.35E-01    2.87   40.53*   0.79
P_A14_S0	adaptive	A14_S0	A14		S0					154	1	2000011	11.680035	0.335	0.028681420903276404	2.87	40.53	0.79	iteration	1    2000011  1.1680035E+01  3.35E-01    2.87   40.53    0.79
C_A14_S0_F0	fixed	A14_S0_F0	A14	F0	S0					148	1	2000011	11.680035	0.335	0.028681420903276404	2.87	40.53	0.79	iteration	1    2000011  1.1680035E+01  3.35E-01    2.87   40.53*   0.79
C_A14_S0_F0	fixed	A14_S0_F0	A14	F0	S0					150	1	2000011	11.680035	0.335	0.028681420903276404	2.87	40.53	0.79	iteration	1    2000011  1.1680035E+01  3.35E-01    2.87   40.53    0.79
C_A14_S0_F0	fixed	A14_S0_F0	A14	F0	S0					153	2	201956	11.482591	0.0942	0.00820372335825599	0.82	3.69	3.49	iteration	2     201956  1.1482591E+01  9.42E-02    0.82    3.69*   3.49
C_A14_S0_F0	fixed	A14_S0_F0	A14	F0	S0					154	3	201956	11.533761	0.0947	0.008210678199418214	0.82	3.69	3.67	iteration	3     201956  1.1533761E+01  9.47E-02    0.82    3.69    3.67
C_A14_S0_F0	fixed	A14_S0_F0	A14	F0	S0					155	4	201956	11.546853	0.0949	0.008218689542509981	0.82	3.69	3.54	iteration	4     201956  1.1546853E+01  9.49E-02    0.82    3.69    3.54
C_A14_S0_F0	fixed	A14_S0_F0	A14	F0	S0					157	4	605868	11.520904	0.0546	0.0047392114368803	0.47	3.69	3.54	aggregate	4     605868  1.1520904E+01  5.46E-02    0.47    3.69    3.54    0.13   3
C_A14_S0_F1	fixed	A14_S0_F1	A14	F1	S0					148	1	2000011	11.680035	0.335	0.028681420903276404	2.87	40.53	0.79	iteration	1    2000011  1.1680035E+01  3.35E-01    2.87   40.53*   0.79
C_A14_S0_F1	fixed	A14_S0_F1	A14	F1	S0					150	1	2000011	11.680035	0.335	0.028681420903276404	2.87	40.53	0.79	iteration	1    2000011  1.1680035E+01  3.35E-01    2.87   40.53    0.79
C_A14_S0_F1	fixed	A14_S0_F1	A14	F1	S0					153	2	601093	11.45735	0.0542	0.004730587788624769	0.47	3.67	2.61	iteration	2     601093  1.1457350E+01  5.42E-02    0.47    3.67*   2.61
C_A14_S0_F1	fixed	A14_S0_F1	A14	F1	S0					155	2	601093	11.45735	0.0542	0.004730587788624769	0.47	3.67	2.61	iteration	2     601093  1.1457350E+01  5.42E-02    0.47    3.67    2.61
C_A14_S0_F2	fixed	A14_S0_F2	A14	F2	S0					148	1	2000011	11.680035	0.335	0.028681420903276404	2.87	40.53	0.79	iteration	1    2000011  1.1680035E+01  3.35E-01    2.87   40.53*   0.79
C_A14_S0_F2	fixed	A14_S0_F2	A14	F2	S0					150	1	2000011	11.680035	0.335	0.028681420903276404	2.87	40.53	0.79	iteration	1    2000011  1.1680035E+01  3.35E-01    2.87   40.53    0.79
C_A14_S0_F2	fixed	A14_S0_F2	A14	F2	S0					153	2	2000011	11.503483	0.0298	0.002590519758233224	0.26	3.66	2.23	iteration	2    2000011  1.1503483E+01  2.98E-02    0.26    3.66*   2.23
C_A14_S0_F2	fixed	A14_S0_F2	A14	F2	S0					155	2	2000011	11.503483	0.0298	0.002590519758233224	0.26	3.66	2.23	iteration	2    2000011  1.1503483E+01  2.98E-02    0.26    3.66    2.23
P_A14_S1	adaptive	A14_S1	A14		S1					152	1	1999989	11.733097	0.333	0.02838125347467936	2.84	40.18	0.74	iteration	1    1999989  1.1733097E+01  3.33E-01    2.84   40.18*   0.74
P_A14_S1	adaptive	A14_S1	A14		S1					154	1	1999989	11.733097	0.333	0.02838125347467936	2.84	40.18	0.74	iteration	1    1999989  1.1733097E+01  3.33E-01    2.84   40.18    0.74
C_A14_S1_F0	fixed	A14_S1_F0	A14	F0	S1					148	1	1999989	11.733097	0.333	0.02838125347467936	2.84	40.18	0.74	iteration	1    1999989  1.1733097E+01  3.33E-01    2.84   40.18*   0.74
C_A14_S1_F0	fixed	A14_S1_F0	A14	F0	S1					150	1	1999989	11.733097	0.333	0.02838125347467936	2.84	40.18	0.74	iteration	1    1999989  1.1733097E+01  3.33E-01    2.84   40.18    0.74
C_A14_S1_F0	fixed	A14_S1_F0	A14	F0	S1					153	2	202010	11.565844	0.0976	0.00843864053500981	0.84	3.79	3.23	iteration	2     202010  1.1565844E+01  9.76E-02    0.84    3.79*   3.23
C_A14_S1_F0	fixed	A14_S1_F0	A14	F0	S1					154	3	202010	11.582602	0.098	0.00846096585205984	0.85	3.8	2.94	iteration	3     202010  1.1582602E+01  9.80E-02    0.85    3.80    2.94
C_A14_S1_F0	fixed	A14_S1_F0	A14	F0	S1					155	4	202010	11.497364	0.0966	0.008401925867529289	0.84	3.78	3.35	iteration	4     202010  1.1497364E+01  9.66E-02    0.84    3.78*   3.35
C_A14_S1_F0	fixed	A14_S1_F0	A14	F0	S1					157	4	606030	11.548164	0.0562	0.004866574461533452	0.49	3.79	3.35	aggregate	4     606030  1.1548164E+01  5.62E-02    0.49    3.79    3.35    0.22   3
C_A14_S1_F1	fixed	A14_S1_F1	A14	F1	S1					148	1	1999989	11.733097	0.333	0.02838125347467936	2.84	40.18	0.74	iteration	1    1999989  1.1733097E+01  3.33E-01    2.84   40.18*   0.74
C_A14_S1_F1	fixed	A14_S1_F1	A14	F1	S1					150	1	1999989	11.733097	0.333	0.02838125347467936	2.84	40.18	0.74	iteration	1    1999989  1.1733097E+01  3.33E-01    2.84   40.18    0.74
C_A14_S1_F1	fixed	A14_S1_F1	A14	F1	S1					153	2	601157	11.540714	0.0563	0.00487838100831543	0.49	3.78	2.59	iteration	2     601157  1.1540714E+01  5.63E-02    0.49    3.78*   2.59
C_A14_S1_F1	fixed	A14_S1_F1	A14	F1	S1					155	2	601157	11.540714	0.0563	0.00487838100831543	0.49	3.78	2.59	iteration	2     601157  1.1540714E+01  5.63E-02    0.49    3.78    2.59
C_A14_S1_F2	fixed	A14_S1_F2	A14	F2	S1					148	1	1999989	11.733097	0.333	0.02838125347467936	2.84	40.18	0.74	iteration	1    1999989  1.1733097E+01  3.33E-01    2.84   40.18*   0.74
C_A14_S1_F2	fixed	A14_S1_F2	A14	F2	S1					150	1	1999989	11.733097	0.333	0.02838125347467936	2.84	40.18	0.74	iteration	1    1999989  1.1733097E+01  3.33E-01    2.84   40.18    0.74
C_A14_S1_F2	fixed	A14_S1_F2	A14	F2	S1					153	2	1999989	11.502779	0.0307	0.0026689202670067817	0.27	3.78	2.11	iteration	2    1999989  1.1502779E+01  3.07E-02    0.27    3.78*   2.11
C_A14_S1_F2	fixed	A14_S1_F2	A14	F2	S1					155	2	1999989	11.502779	0.0307	0.0026689202670067817	0.27	3.78	2.11	iteration	2    1999989  1.1502779E+01  3.07E-02    0.27    3.78    2.11
P_A14_S2	adaptive	A14_S2	A14		S2					152	1	1999999	11.685417	0.338	0.028924941232306906	2.89	40.87	0.8	iteration	1    1999999  1.1685417E+01  3.38E-01    2.89   40.87*   0.80
P_A14_S2	adaptive	A14_S2	A14		S2					154	1	1999999	11.685417	0.338	0.028924941232306906	2.89	40.87	0.8	iteration	1    1999999  1.1685417E+01  3.38E-01    2.89   40.87    0.80
C_A14_S2_F0	fixed	A14_S2_F0	A14	F0	S2					148	1	1999999	11.685417	0.338	0.028924941232306906	2.89	40.87	0.8	iteration	1    1999999  1.1685417E+01  3.38E-01    2.89   40.87*   0.80
C_A14_S2_F0	fixed	A14_S2_F0	A14	F0	S2					150	1	1999999	11.685417	0.338	0.028924941232306906	2.89	40.87	0.8	iteration	1    1999999  1.1685417E+01  3.38E-01    2.89   40.87    0.80
C_A14_S2_F0	fixed	A14_S2_F0	A14	F0	S2					153	2	202017	11.438943	0.0935	0.00817383214515537	0.82	3.67	3.56	iteration	2     202017  1.1438943E+01  9.35E-02    0.82    3.67*   3.56
C_A14_S2_F0	fixed	A14_S2_F0	A14	F0	S2					154	3	202017	11.561488	0.0942	0.008147740152478643	0.81	3.66	3.59	iteration	3     202017  1.1561488E+01  9.42E-02    0.81    3.66*   3.59
C_A14_S2_F0	fixed	A14_S2_F0	A14	F0	S2					155	4	202017	11.471352	0.094	0.008194326178814843	0.82	3.68	3.67	iteration	4     202017  1.1471352E+01  9.40E-02    0.82    3.68    3.67
C_A14_S2_F0	fixed	A14_S2_F0	A14	F0	S2					157	4	606051	11.490315	0.0542	0.004717016026105463	0.47	3.67	3.67	aggregate	4     606051  1.1490315E+01  5.42E-02    0.47    3.67    3.67    0.46   3
C_A14_S2_F1	fixed	A14_S2_F1	A14	F1	S2					148	1	1999999	11.685417	0.338	0.028924941232306906	2.89	40.87	0.8	iteration	1    1999999  1.1685417E+01  3.38E-01    2.89   40.87*   0.80
C_A14_S2_F1	fixed	A14_S2_F1	A14	F1	S2					150	1	1999999	11.685417	0.338	0.028924941232306906	2.89	40.87	0.8	iteration	1    1999999  1.1685417E+01  3.38E-01    2.89   40.87    0.80
C_A14_S2_F1	fixed	A14_S2_F1	A14	F1	S2					153	2	601106	11.459076	0.0539	0.004703695132138054	0.47	3.65	3.08	iteration	2     601106  1.1459076E+01  5.39E-02    0.47    3.65*   3.08
C_A14_S2_F1	fixed	A14_S2_F1	A14	F1	S2					155	2	601106	11.459076	0.0539	0.004703695132138054	0.47	3.65	3.08	iteration	2     601106  1.1459076E+01  5.39E-02    0.47    3.65    3.08
C_A14_S2_F2	fixed	A14_S2_F2	A14	F2	S2					148	1	1999999	11.685417	0.338	0.028924941232306906	2.89	40.87	0.8	iteration	1    1999999  1.1685417E+01  3.38E-01    2.89   40.87*   0.80
C_A14_S2_F2	fixed	A14_S2_F2	A14	F2	S2					150	1	1999999	11.685417	0.338	0.028924941232306906	2.89	40.87	0.8	iteration	1    1999999  1.1685417E+01  3.38E-01    2.89   40.87    0.80
C_A14_S2_F2	fixed	A14_S2_F2	A14	F2	S2					153	2	1999999	11.503147	0.0296	0.002573208879274515	0.26	3.64	2.58	iteration	2    1999999  1.1503147E+01  2.96E-02    0.26    3.64*   2.58
C_A14_S2_F2	fixed	A14_S2_F2	A14	F2	S2					155	2	1999999	11.503147	0.0296	0.002573208879274515	0.26	3.64	2.58	iteration	2    1999999  1.1503147E+01  2.96E-02    0.26    3.64    2.58
P_A14_S3	adaptive	A14_S3	A14		S3					152	1	2000000	11.762462	0.329	0.027970334781952964	2.8	39.6	0.83	iteration	1    2000000  1.1762462E+01  3.29E-01    2.80   39.60*   0.83
P_A14_S3	adaptive	A14_S3	A14		S3					154	1	2000000	11.762462	0.329	0.027970334781952964	2.8	39.6	0.83	iteration	1    2000000  1.1762462E+01  3.29E-01    2.80   39.60    0.83
C_A14_S3_F0	fixed	A14_S3_F0	A14	F0	S3					148	1	2000000	11.762462	0.329	0.027970334781952964	2.8	39.6	0.83	iteration	1    2000000  1.1762462E+01  3.29E-01    2.80   39.60*   0.83
C_A14_S3_F0	fixed	A14_S3_F0	A14	F0	S3					150	1	2000000	11.762462	0.329	0.027970334781952964	2.8	39.6	0.83	iteration	1    2000000  1.1762462E+01  3.29E-01    2.80   39.60    0.83
C_A14_S3_F0	fixed	A14_S3_F0	A14	F0	S3					153	2	202029	11.38493	0.0968	0.00850246773585784	0.85	3.82	3.32	iteration	2     202029  1.1384930E+01  9.68E-02    0.85    3.82*   3.32
C_A14_S3_F0	fixed	A14_S3_F0	A14	F0	S3					154	3	202029	11.57785	0.0976	0.008429889832740968	0.84	3.79	3.48	iteration	3     202029  1.1577850E+01  9.76E-02    0.84    3.79*   3.48
C_A14_S3_F0	fixed	A14_S3_F0	A14	F0	S3					155	4	202029	11.538974	0.098	0.00849295613284162	0.85	3.82	3.47	iteration	4     202029  1.1538974E+01  9.80E-02    0.85    3.82    3.47
C_A14_S3_F0	fixed	A14_S3_F0	A14	F0	S3					157	4	606087	11.499832	0.0563	0.0048957236940504875	0.49	3.81	3.47	aggregate	4     606087  1.1499832E+01  5.63E-02    0.49    3.81    3.47    1.10   3
C_A14_S3_F1	fixed	A14_S3_F1	A14	F1	S3					148	1	2000000	11.762462	0.329	0.027970334781952964	2.8	39.6	0.83	iteration	1    2000000  1.1762462E+01  3.29E-01    2.80   39.60*   0.83
C_A14_S3_F1	fixed	A14_S3_F1	A14	F1	S3					150	1	2000000	11.762462	0.329	0.027970334781952964	2.8	39.6	0.83	iteration	1    2000000  1.1762462E+01  3.29E-01    2.80   39.60    0.83
C_A14_S3_F1	fixed	A14_S3_F1	A14	F1	S3					153	2	601071	11.458444	0.0564	0.0049221342793140145	0.49	3.82	2.63	iteration	2     601071  1.1458444E+01  5.64E-02    0.49    3.82*   2.63
C_A14_S3_F1	fixed	A14_S3_F1	A14	F1	S3					155	2	601071	11.458444	0.0564	0.0049221342793140145	0.49	3.82	2.63	iteration	2     601071  1.1458444E+01  5.64E-02    0.49    3.82    2.63
C_A14_S3_F2	fixed	A14_S3_F2	A14	F2	S3					148	1	2000000	11.762462	0.329	0.027970334781952964	2.8	39.6	0.83	iteration	1    2000000  1.1762462E+01  3.29E-01    2.80   39.60*   0.83
C_A14_S3_F2	fixed	A14_S3_F2	A14	F2	S3					150	1	2000000	11.762462	0.329	0.027970334781952964	2.8	39.6	0.83	iteration	1    2000000  1.1762462E+01  3.29E-01    2.80   39.60    0.83
C_A14_S3_F2	fixed	A14_S3_F2	A14	F2	S3					153	2	2000000	11.475693	0.0309	0.0026926478427054474	0.27	3.8	2.16	iteration	2    2000000  1.1475693E+01  3.09E-02    0.27    3.80*   2.16
C_A14_S3_F2	fixed	A14_S3_F2	A14	F2	S3					155	2	2000000	11.475693	0.0309	0.0026926478427054474	0.27	3.8	2.16	iteration	2    2000000  1.1475693E+01  3.09E-02    0.27    3.80    2.16
P_A14_S4	adaptive	A14_S4	A14		S4					152	1	1999992	11.915824	0.342	0.02870133026469676	2.87	40.61	0.81	iteration	1    1999992  1.1915824E+01  3.42E-01    2.87   40.61*   0.81
P_A14_S4	adaptive	A14_S4	A14		S4					154	1	1999992	11.915824	0.342	0.02870133026469676	2.87	40.61	0.81	iteration	1    1999992  1.1915824E+01  3.42E-01    2.87   40.61    0.81
C_A14_S4_F0	fixed	A14_S4_F0	A14	F0	S4					148	1	1999992	11.915824	0.342	0.02870133026469676	2.87	40.61	0.81	iteration	1    1999992  1.1915824E+01  3.42E-01    2.87   40.61*   0.81
C_A14_S4_F0	fixed	A14_S4_F0	A14	F0	S4					150	1	1999992	11.915824	0.342	0.02870133026469676	2.87	40.61	0.81	iteration	1    1999992  1.1915824E+01  3.42E-01    2.87   40.61    0.81
C_A14_S4_F0	fixed	A14_S4_F0	A14	F0	S4					153	2	201968	11.512492	0.0931	0.008086867725945	0.81	3.63	3.34	iteration	2     201968  1.1512492E+01  9.31E-02    0.81    3.63*   3.34
C_A14_S4_F0	fixed	A14_S4_F0	A14	F0	S4					154	3	201968	11.349203	0.092	0.008106296098501366	0.81	3.64	3.48	iteration	3     201968  1.1349203E+01  9.20E-02    0.81    3.64    3.48
C_A14_S4_F0	fixed	A14_S4_F0	A14	F0	S4					155	4	201968	11.55396	0.0939	0.008127083701172585	0.81	3.65	3.29	iteration	4     201968  1.1553960E+01  9.39E-02    0.81    3.65    3.29
C_A14_S4_F0	fixed	A14_S4_F0	A14	F0	S4					157	4	605904	11.470442	0.0537	0.004681598145912773	0.47	3.64	3.29	aggregate	4     605904  1.1470442E+01  5.37E-02    0.47    3.64    3.29    1.37   3
C_A14_S4_F1	fixed	A14_S4_F1	A14	F1	S4					148	1	1999992	11.915824	0.342	0.02870133026469676	2.87	40.61	0.81	iteration	1    1999992  1.1915824E+01  3.42E-01    2.87   40.61*   0.81
C_A14_S4_F1	fixed	A14_S4_F1	A14	F1	S4					150	1	1999992	11.915824	0.342	0.02870133026469676	2.87	40.61	0.81	iteration	1    1999992  1.1915824E+01  3.42E-01    2.87   40.61    0.81
C_A14_S4_F1	fixed	A14_S4_F1	A14	F1	S4					153	2	600988	11.475572	0.0537	0.004679505300476525	0.47	3.63	2.79	iteration	2     600988  1.1475572E+01  5.37E-02    0.47    3.63*   2.79
C_A14_S4_F1	fixed	A14_S4_F1	A14	F1	S4					155	2	600988	11.475572	0.0537	0.004679505300476525	0.47	3.63	2.79	iteration	2     600988  1.1475572E+01  5.37E-02    0.47    3.63    2.79
C_A14_S4_F2	fixed	A14_S4_F2	A14	F2	S4					148	1	1999992	11.915824	0.342	0.02870133026469676	2.87	40.61	0.81	iteration	1    1999992  1.1915824E+01  3.42E-01    2.87   40.61*   0.81
C_A14_S4_F2	fixed	A14_S4_F2	A14	F2	S4					150	1	1999992	11.915824	0.342	0.02870133026469676	2.87	40.61	0.81	iteration	1    1999992  1.1915824E+01  3.42E-01    2.87   40.61    0.81
C_A14_S4_F2	fixed	A14_S4_F2	A14	F2	S4					153	2	1999992	11.480377	0.0295	0.0025696020261355527	0.26	3.64	2.22	iteration	2    1999992  1.1480377E+01  2.95E-02    0.26    3.64*   2.22
C_A14_S4_F2	fixed	A14_S4_F2	A14	F2	S4					155	2	1999992	11.480377	0.0295	0.0025696020261355527	0.26	3.64	2.22	iteration	2    1999992  1.1480377E+01  2.95E-02    0.26    3.64    2.22
P_A14_S5	adaptive	A14_S5	A14		S5					152	1	1999996	11.524213	0.326	0.028288265758364586	2.83	39.96	0.73	iteration	1    1999996  1.1524213E+01  3.26E-01    2.83   39.96*   0.73
P_A14_S5	adaptive	A14_S5	A14		S5					154	1	1999996	11.524213	0.326	0.028288265758364586	2.83	39.96	0.73	iteration	1    1999996  1.1524213E+01  3.26E-01    2.83   39.96    0.73
C_A14_S5_F0	fixed	A14_S5_F0	A14	F0	S5					148	1	1999996	11.524213	0.326	0.028288265758364586	2.83	39.96	0.73	iteration	1    1999996  1.1524213E+01  3.26E-01    2.83   39.96*   0.73
C_A14_S5_F0	fixed	A14_S5_F0	A14	F0	S5					150	1	1999996	11.524213	0.326	0.028288265758364586	2.83	39.96	0.73	iteration	1    1999996  1.1524213E+01  3.26E-01    2.83   39.96    0.73
C_A14_S5_F0	fixed	A14_S5_F0	A14	F0	S5					153	2	201898	11.424501	0.0963	0.008429252183530817	0.84	3.79	3.16	iteration	2     201898  1.1424501E+01  9.63E-02    0.84    3.79*   3.16
C_A14_S5_F0	fixed	A14_S5_F0	A14	F0	S5					154	3	201898	11.477498	0.0964	0.008399043066703213	0.84	3.78	3.26	iteration	3     201898  1.1477498E+01  9.64E-02    0.84    3.78*   3.26
C_A14_S5_F0	fixed	A14_S5_F0	A14	F0	S5					155	4	201898	11.585228	0.0973	0.008398626250601195	0.84	3.77	3.35	iteration	4     201898  1.1585228E+01  9.73E-02    0.84    3.77*   3.35
C_A14_S5_F0	fixed	A14_S5_F0	A14	F0	S5					157	4	605694	11.495168	0.0558	0.00485421352693584	0.49	3.78	3.35	aggregate	4     605694  1.1495168E+01  5.58E-02    0.49    3.78    3.35    0.71   3
C_A14_S5_F1	fixed	A14_S5_F1	A14	F1	S5					148	1	1999996	11.524213	0.326	0.028288265758364586	2.83	39.96	0.73	iteration	1    1999996  1.1524213E+01  3.26E-01    2.83   39.96*   0.73
C_A14_S5_F1	fixed	A14_S5_F1	A14	F1	S5					150	1	1999996	11.524213	0.326	0.028288265758364586	2.83	39.96	0.73	iteration	1    1999996  1.1524213E+01  3.26E-01    2.83   39.96    0.73
C_A14_S5_F1	fixed	A14_S5_F1	A14	F1	S5					153	2	601049	11.502029	0.0558	0.004851317971811756	0.49	3.76	2.52	iteration	2     601049  1.1502029E+01  5.58E-02    0.49    3.76*   2.52
C_A14_S5_F1	fixed	A14_S5_F1	A14	F1	S5					155	2	601049	11.502029	0.0558	0.004851317971811756	0.49	3.76	2.52	iteration	2     601049  1.1502029E+01  5.58E-02    0.49    3.76    2.52
C_A14_S5_F2	fixed	A14_S5_F2	A14	F2	S5					148	1	1999996	11.524213	0.326	0.028288265758364586	2.83	39.96	0.73	iteration	1    1999996  1.1524213E+01  3.26E-01    2.83   39.96*   0.73
C_A14_S5_F2	fixed	A14_S5_F2	A14	F2	S5					150	1	1999996	11.524213	0.326	0.028288265758364586	2.83	39.96	0.73	iteration	1    1999996  1.1524213E+01  3.26E-01    2.83   39.96    0.73
C_A14_S5_F2	fixed	A14_S5_F2	A14	F2	S5					153	2	1999996	11.482819	0.0306	0.0026648508523908635	0.27	3.76	2.01	iteration	2    1999996  1.1482819E+01  3.06E-02    0.27    3.76*   2.01
C_A14_S5_F2	fixed	A14_S5_F2	A14	F2	S5					155	2	1999996	11.482819	0.0306	0.0026648508523908635	0.27	3.76	2.01	iteration	2    1999996  1.1482819E+01  3.06E-02    0.27    3.76    2.01
P_A14_S6	adaptive	A14_S6	A14		S6					152	1	2000011	11.834402	0.335	0.0283073027264073	2.83	40.08	0.76	iteration	1    2000011  1.1834402E+01  3.35E-01    2.83   40.08*   0.76
P_A14_S6	adaptive	A14_S6	A14		S6					154	1	2000011	11.834402	0.335	0.0283073027264073	2.83	40.08	0.76	iteration	1    2000011  1.1834402E+01  3.35E-01    2.83   40.08    0.76
C_A14_S6_F0	fixed	A14_S6_F0	A14	F0	S6					148	1	2000011	11.834402	0.335	0.0283073027264073	2.83	40.08	0.76	iteration	1    2000011  1.1834402E+01  3.35E-01    2.83   40.08*   0.76
C_A14_S6_F0	fixed	A14_S6_F0	A14	F0	S6					150	1	2000011	11.834402	0.335	0.0283073027264073	2.83	40.08	0.76	iteration	1    2000011  1.1834402E+01  3.35E-01    2.83   40.08    0.76
C_A14_S6_F0	fixed	A14_S6_F0	A14	F0	S6					153	2	201904	11.624083	0.0986	0.008482389535587451	0.85	3.81	3.02	iteration	2     201904  1.1624083E+01  9.86E-02    0.85    3.81*   3.02
C_A14_S6_F0	fixed	A14_S6_F0	A14	F0	S6					154	3	201904	11.489749	0.0977	0.008503231880870505	0.85	3.82	3.07	iteration	3     201904  1.1489749E+01  9.77E-02    0.85    3.82    3.07
C_A14_S6_F0	fixed	A14_S6_F0	A14	F0	S6					155	4	201904	11.657359	0.0999	0.008569694044766058	0.86	3.85	3.25	iteration	4     201904  1.1657359E+01  9.99E-02    0.86    3.85    3.25
C_A14_S6_F0	fixed	A14_S6_F0	A14	F0	S6					157	4	605712	11.589187	0.057	0.004918377794749537	0.49	3.83	3.25	aggregate	4     605712  1.1589187E+01  5.70E-02    0.49    3.83    3.25    0.81   3
C_A14_S6_F1	fixed	A14_S6_F1	A14	F1	S6					148	1	2000011	11.834402	0.335	0.0283073027264073	2.83	40.08	0.76	iteration	1    2000011  1.1834402E+01  3.35E-01    2.83   40.08*   0.76
C_A14_S6_F1	fixed	A14_S6_F1	A14	F1	S6					150	1	2000011	11.834402	0.335	0.0283073027264073	2.83	40.08	0.76	iteration	1    2000011  1.1834402E+01  3.35E-01    2.83   40.08    0.76
C_A14_S6_F1	fixed	A14_S6_F1	A14	F1	S6					153	2	601075	11.59192	0.0569	0.004908591501666678	0.49	3.8	2.33	iteration	2     601075  1.1591920E+01  5.69E-02    0.49    3.80*   2.33
C_A14_S6_F1	fixed	A14_S6_F1	A14	F1	S6					155	2	601075	11.59192	0.0569	0.004908591501666678	0.49	3.8	2.33	iteration	2     601075  1.1591920E+01  5.69E-02    0.49    3.80    2.33
C_A14_S6_F2	fixed	A14_S6_F2	A14	F2	S6					148	1	2000011	11.834402	0.335	0.0283073027264073	2.83	40.08	0.76	iteration	1    2000011  1.1834402E+01  3.35E-01    2.83   40.08*   0.76
C_A14_S6_F2	fixed	A14_S6_F2	A14	F2	S6					150	1	2000011	11.834402	0.335	0.0283073027264073	2.83	40.08	0.76	iteration	1    2000011  1.1834402E+01  3.35E-01    2.83   40.08    0.76
C_A14_S6_F2	fixed	A14_S6_F2	A14	F2	S6					153	2	2000011	11.515906	0.031	0.002691928885143731	0.27	3.8	2.0	iteration	2    2000011  1.1515906E+01  3.10E-02    0.27    3.80*   2.00
C_A14_S6_F2	fixed	A14_S6_F2	A14	F2	S6					155	2	2000011	11.515906	0.031	0.002691928885143731	0.27	3.8	2.0	iteration	2    2000011  1.1515906E+01  3.10E-02    0.27    3.80    2.00
P_A14_S7	adaptive	A14_S7	A14		S7					152	1	1999975	11.504381	0.318	0.027641643648623947	2.76	39.05	0.76	iteration	1    1999975  1.1504381E+01  3.18E-01    2.76   39.05*   0.76
P_A14_S7	adaptive	A14_S7	A14		S7					154	1	1999975	11.504381	0.318	0.027641643648623947	2.76	39.05	0.76	iteration	1    1999975  1.1504381E+01  3.18E-01    2.76   39.05    0.76
C_A14_S7_F0	fixed	A14_S7_F0	A14	F0	S7					148	1	1999975	11.504381	0.318	0.027641643648623947	2.76	39.05	0.76	iteration	1    1999975  1.1504381E+01  3.18E-01    2.76   39.05*   0.76
C_A14_S7_F0	fixed	A14_S7_F0	A14	F0	S7					150	1	1999975	11.504381	0.318	0.027641643648623947	2.76	39.05	0.76	iteration	1    1999975  1.1504381E+01  3.18E-01    2.76   39.05    0.76
C_A14_S7_F0	fixed	A14_S7_F0	A14	F0	S7					153	2	201981	11.535296	0.096	0.008322283190652412	0.83	3.74	3.35	iteration	2     201981  1.1535296E+01  9.60E-02    0.83    3.74*   3.35
C_A14_S7_F0	fixed	A14_S7_F0	A14	F0	S7					154	3	201981	11.488835	0.0957	0.008329826305278124	0.83	3.75	3.36	iteration	3     201981  1.1488835E+01  9.57E-02    0.83    3.75    3.36
C_A14_S7_F0	fixed	A14_S7_F0	A14	F0	S7					155	4	201981	11.478165	0.095	0.008276584279804306	0.83	3.72	3.49	iteration	4     201981  1.1478165E+01  9.50E-02    0.83    3.72*   3.49
C_A14_S7_F0	fixed	A14_S7_F0	A14	F0	S7					157	4	605943	11.500593	0.0552	0.004799752499718928	0.48	3.74	3.49	aggregate	4     605943  1.1500593E+01  5.52E-02    0.48    3.74    3.49    0.10   3
C_A14_S7_F1	fixed	A14_S7_F1	A14	F1	S7					148	1	1999975	11.504381	0.318	0.027641643648623947	2.76	39.05	0.76	iteration	1    1999975  1.1504381E+01  3.18E-01    2.76   39.05*   0.76
C_A14_S7_F1	fixed	A14_S7_F1	A14	F1	S7					150	1	1999975	11.504381	0.318	0.027641643648623947	2.76	39.05	0.76	iteration	1    1999975  1.1504381E+01  3.18E-01    2.76   39.05    0.76
C_A14_S7_F1	fixed	A14_S7_F1	A14	F1	S7					153	2	601033	11.50697	0.0552	0.0047970925447793815	0.48	3.72	2.82	iteration	2     601033  1.1506970E+01  5.52E-02    0.48    3.72*   2.82
C_A14_S7_F1	fixed	A14_S7_F1	A14	F1	S7					155	2	601033	11.50697	0.0552	0.0047970925447793815	0.48	3.72	2.82	iteration	2     601033  1.1506970E+01  5.52E-02    0.48    3.72    2.82
C_A14_S7_F2	fixed	A14_S7_F2	A14	F2	S7					148	1	1999975	11.504381	0.318	0.027641643648623947	2.76	39.05	0.76	iteration	1    1999975  1.1504381E+01  3.18E-01    2.76   39.05*   0.76
C_A14_S7_F2	fixed	A14_S7_F2	A14	F2	S7					150	1	1999975	11.504381	0.318	0.027641643648623947	2.76	39.05	0.76	iteration	1    1999975  1.1504381E+01  3.18E-01    2.76   39.05    0.76
C_A14_S7_F2	fixed	A14_S7_F2	A14	F2	S7					153	2	1999975	11.476712	0.0302	0.0026314156876987072	0.26	3.72	2.16	iteration	2    1999975  1.1476712E+01  3.02E-02    0.26    3.72*   2.16
C_A14_S7_F2	fixed	A14_S7_F2	A14	F2	S7					155	2	1999975	11.476712	0.0302	0.0026314156876987072	0.26	3.72	2.16	iteration	2    1999975  1.1476712E+01  3.02E-02    0.26    3.72    2.16
L_FCCLEGACY_S0	control	FCCLEGACY_S0	FCCLEGACY	F3	S0	FCCLEGACY				148	1	99680	10.855148	1.22	0.11238907106563632	11.27	35.59	3.76	iteration	1      99680  1.0855148E+01  1.22E+00   11.27   35.59*   3.76
L_FCCLEGACY_S0	control	FCCLEGACY_S0	FCCLEGACY	F3	S0	FCCLEGACY				149	2	98941	11.219826	0.165	0.014706110415616072	1.47	4.64	1.27	iteration	2      98941  1.1219826E+01  1.65E-01    1.47    4.64*   1.27
L_FCCLEGACY_S0	control	FCCLEGACY_S0	FCCLEGACY	F3	S0	FCCLEGACY				150	3	98226	11.554287	0.0842	0.0072873384571458194	0.73	2.28	2.91	iteration	3      98226  1.1554287E+01  8.42E-02    0.73    2.28*   2.91
L_FCCLEGACY_S0	control	FCCLEGACY_S0	FCCLEGACY	F3	S0	FCCLEGACY				151	4	97539	11.485879	0.0617	0.00537181351118186	0.54	1.68	6.2	iteration	4      97539  1.1485879E+01  6.17E-02    0.54    1.68*   6.20
L_FCCLEGACY_S0	control	FCCLEGACY_S0	FCCLEGACY	F3	S0	FCCLEGACY				152	5	96903	11.620956	0.0549	0.004724224065558806	0.47	1.47	7.23	iteration	5      96903  1.1620956E+01  5.49E-02    0.47    1.47*   7.23
L_FCCLEGACY_S0	control	FCCLEGACY_S0	FCCLEGACY	F3	S0	FCCLEGACY				153	6	96307	11.527795	0.0513	0.0044501138335648754	0.44	1.38	7.49	iteration	6      96307  1.1527795E+01  5.13E-02    0.44    1.38*   7.49
L_FCCLEGACY_S0	control	FCCLEGACY_S0	FCCLEGACY	F3	S0	FCCLEGACY				154	7	95763	11.599407	0.05	0.004310565186651353	0.43	1.33	8.03	iteration	7      95763  1.1599407E+01  5.00E-02    0.43    1.33*   8.03
L_FCCLEGACY_S0	control	FCCLEGACY_S0	FCCLEGACY	F3	S0	FCCLEGACY				155	8	95260	11.584488	0.0486	0.004195265254709573	0.42	1.3	8.52	iteration	8      95260  1.1584488E+01  4.86E-02    0.42    1.30*   8.52
L_FCCLEGACY_S0	control	FCCLEGACY_S0	FCCLEGACY	F3	S0	FCCLEGACY				156	9	94799	11.590765	0.0478	0.004123972835270149	0.41	1.27	8.74	iteration	9      94799  1.1590765E+01  4.78E-02    0.41    1.27*   8.74
L_FCCLEGACY_S0	control	FCCLEGACY_S0	FCCLEGACY	F3	S0	FCCLEGACY				157	10	94379	11.606221	0.0472	0.004066784528745403	0.41	1.25	9.28	iteration	10      94379  1.1606221E+01  4.72E-02    0.41    1.25*   9.28
L_FCCLEGACY_S0	control	FCCLEGACY_S0	FCCLEGACY	F3	S0	FCCLEGACY				159	10	967797	11.572273	0.0187	0.0016159314596190396	0.16	1.59	9.28	aggregate	10     967797  1.1572273E+01  1.87E-02    0.16    1.59    9.28    1.05  10
L_FCCLEGACY_S0	control	FCCLEGACY_S0	FCCLEGACY	F3	S0	FCCLEGACY				161	11	199975	11.538408	0.0324	0.002808013029180455	0.28	1.25	7.91	iteration	11     199975  1.1538408E+01  3.24E-02    0.28    1.25    7.91
L_FCCLEGACY_S0	control	FCCLEGACY_S0	FCCLEGACY	F3	S0	FCCLEGACY				162	12	199975	11.489325	0.0321	0.0027938978138402387	0.28	1.25	6.88	iteration	12     199975  1.1489325E+01  3.21E-02    0.28    1.25*   6.88
L_FCCLEGACY_S0	control	FCCLEGACY_S0	FCCLEGACY	F3	S0	FCCLEGACY				163	13	199975	11.473572	0.0321	0.0027977337833414036	0.28	1.25	6.57	iteration	13     199975  1.1473572E+01  3.21E-02    0.28    1.25    6.57
L_FCCLEGACY_S0	control	FCCLEGACY_S0	FCCLEGACY	F3	S0	FCCLEGACY				164	14	199975	11.467476	0.032	0.002790500716984278	0.28	1.25	6.35	iteration	14     199975  1.1467476E+01  3.20E-02    0.28    1.25*   6.35
L_FCCLEGACY_S0	control	FCCLEGACY_S0	FCCLEGACY	F3	S0	FCCLEGACY				165	15	199975	11.542367	0.0323	0.0027983861542437527	0.28	1.25	6.25	iteration	15     199975  1.1542367E+01  3.23E-02    0.28    1.25    6.25
L_FCCLEGACY_S0	control	FCCLEGACY_S0	FCCLEGACY	F3	S0	FCCLEGACY				166	16	199975	11.531255	0.0322	0.002792410713317848	0.28	1.25	6.21	iteration	16     199975  1.1531255E+01  3.22E-02    0.28    1.25*   6.21
L_FCCLEGACY_S0	control	FCCLEGACY_S0	FCCLEGACY	F3	S0	FCCLEGACY				167	17	199975	11.503453	0.0322	0.002799159521927894	0.28	1.25	6.09	iteration	17     199975  1.1503453E+01  3.22E-02    0.28    1.25    6.09
L_FCCLEGACY_S0	control	FCCLEGACY_S0	FCCLEGACY	F3	S0	FCCLEGACY				168	18	199975	11.518169	0.032	0.0027782193506624185	0.28	1.24	5.87	iteration	18     199975  1.1518169E+01  3.20E-02    0.28    1.24*   5.87
L_FCCLEGACY_S0	control	FCCLEGACY_S0	FCCLEGACY	F3	S0	FCCLEGACY				169	19	199975	11.487643	0.0322	0.0028030118972186026	0.28	1.25	5.79	iteration	19     199975  1.1487643E+01  3.22E-02    0.28    1.25    5.79
L_FCCLEGACY_S0	control	FCCLEGACY_S0	FCCLEGACY	F3	S0	FCCLEGACY				170	20	199975	11.400671	0.032	0.0028068523335161586	0.28	1.26	5.71	iteration	20     199975  1.1400671E+01  3.20E-02    0.28    1.26    5.71
L_FCCLEGACY_S0	control	FCCLEGACY_S0	FCCLEGACY	F3	S0	FCCLEGACY				172	20	1999750	11.495036	0.0102	0.0008873395437822031	0.09	1.25	5.71	aggregate	20    1999750  1.1495036E+01  1.02E-02    0.09    1.25    5.71    1.75  10
L_FCCLEGACY_S1	control	FCCLEGACY_S1	FCCLEGACY	F3	S1	FCCLEGACY				148	1	99680	9.4160346	1.09	0.11575998244526418	11.63	36.7	3.35	iteration	1      99680  9.4160346E+00  1.09E+00   11.63   36.70*   3.35
L_FCCLEGACY_S1	control	FCCLEGACY_S1	FCCLEGACY	F3	S1	FCCLEGACY				149	2	98951	11.596937	0.191	0.01646986613792935	1.65	5.19	1.11	iteration	2      98951  1.1596937E+01  1.91E-01    1.65    5.19*   1.11
L_FCCLEGACY_S1	control	FCCLEGACY_S1	FCCLEGACY	F3	S1	FCCLEGACY				150	3	98234	11.559189	0.0855	0.007396712693252096	0.74	2.32	3.2	iteration	3      98234  1.1559189E+01  8.55E-02    0.74    2.32*   3.20
L_FCCLEGACY_S1	control	FCCLEGACY_S1	FCCLEGACY	F3	S1	FCCLEGACY				151	4	97542	11.470367	0.0632	0.005509849859206772	0.55	1.72	5.87	iteration	4      97542  1.1470367E+01  6.32E-02    0.55    1.72*   5.87
L_FCCLEGACY_S1	control	FCCLEGACY_S1	FCCLEGACY	F3	S1	FCCLEGACY				152	5	96898	11.525549	0.0553	0.004798036084875437	0.48	1.49	7.49	iteration	5      96898  1.1525549E+01  5.53E-02    0.48    1.49*   7.49
L_FCCLEGACY_S1	control	FCCLEGACY_S1	FCCLEGACY	F3	S1	FCCLEGACY				153	6	96307	11.57398	0.0517	0.004466916307095744	0.45	1.39	8.08	iteration	6      96307  1.1573980E+01  5.17E-02    0.45    1.39*   8.08
L_FCCLEGACY_S1	control	FCCLEGACY_S1	FCCLEGACY	F3	S1	FCCLEGACY				154	7	95765	11.576623	0.0494	0.004267220242034313	0.43	1.32	7.7	iteration	7      95765  1.1576623E+01  4.94E-02    0.43    1.32*   7.70
L_FCCLEGACY_S1	control	FCCLEGACY_S1	FCCLEGACY	F3	S1	FCCLEGACY				155	8	95270	11.560972	0.0479	0.00414325023882075	0.41	1.28	8.34	iteration	8      95270  1.1560972E+01  4.79E-02    0.41    1.28*   8.34
L_FCCLEGACY_S1	control	FCCLEGACY_S1	FCCLEGACY	F3	S1	FCCLEGACY				156	9	94811	11.616964	0.0472	0.004063023695347597	0.41	1.25	8.58	iteration	9      94811  1.1616964E+01  4.72E-02    0.41    1.25*   8.58
L_FCCLEGACY_S1	control	FCCLEGACY_S1	FCCLEGACY	F3	S1	FCCLEGACY				157	10	94388	11.533313	0.0461	0.003997116873529749	0.4	1.23	10.04	iteration	10      94388  1.1533313E+01  4.61E-02    0.40    1.23*  10.04
L_FCCLEGACY_S1	control	FCCLEGACY_S1	FCCLEGACY	F3	S1	FCCLEGACY				159	10	967846	11.556823	0.0186	0.001609438857028441	0.16	1.59	10.04	aggregate	10     967846  1.1556823E+01  1.86E-02    0.16    1.59   10.04    0.91  10
L_FCCLEGACY_S1	control	FCCLEGACY_S1	FCCLEGACY	F3	S1	FCCLEGACY				161	11	199974	11.544505	0.0319	0.002763219384460399	0.28	1.23	7.95	iteration	11     199974  1.1544505E+01  3.19E-02    0.28    1.23    7.95
L_FCCLEGACY_S1	control	FCCLEGACY_S1	FCCLEGACY	F3	S1	FCCLEGACY				162	12	199974	11.527948	0.0316	0.0027411643425178534	0.27	1.23	7.01	iteration	12     199974  1.1527948E+01  3.16E-02    0.27    1.23*   7.01
L_FCCLEGACY_S1	control	FCCLEGACY_S1	FCCLEGACY	F3	S1	FCCLEGACY				163	13	199974	11.487433	0.0317	0.0027595373135146906	0.28	1.23	6.51	iteration	13     199974  1.1487433E+01  3.17E-02    0.28    1.23    6.51
L_FCCLEGACY_S1	control	FCCLEGACY_S1	FCCLEGACY	F3	S1	FCCLEGACY				164	14	199974	11.506362	0.0319	0.002772379315025896	0.28	1.24	6.29	iteration	14     199974  1.1506362E+01  3.19E-02    0.28    1.24    6.29
L_FCCLEGACY_S1	control	FCCLEGACY_S1	FCCLEGACY	F3	S1	FCCLEGACY				165	15	199974	11.500905	0.0317	0.0027563048299242537	0.28	1.23	5.9	iteration	15     199974  1.1500905E+01  3.17E-02    0.28    1.23*   5.90
L_FCCLEGACY_S1	control	FCCLEGACY_S1	FCCLEGACY	F3	S1	FCCLEGACY				166	16	199974	11.492758	0.0318	0.002766959854196878	0.28	1.24	5.69	iteration	16     199974  1.1492758E+01  3.18E-02    0.28    1.24    5.69
L_FCCLEGACY_S1	control	FCCLEGACY_S1	FCCLEGACY	F3	S1	FCCLEGACY				167	17	199974	11.536756	0.032	0.0027737433295806895	0.28	1.24	5.66	iteration	17     199974  1.1536756E+01  3.20E-02    0.28    1.24    5.66
L_FCCLEGACY_S1	control	FCCLEGACY_S1	FCCLEGACY	F3	S1	FCCLEGACY				168	18	199974	11.483167	0.0318	0.0027692708814563093	0.28	1.24	5.62	iteration	18     199974  1.1483167E+01  3.18E-02    0.28    1.24*   5.62
L_FCCLEGACY_S1	control	FCCLEGACY_S1	FCCLEGACY	F3	S1	FCCLEGACY				169	19	199974	11.529402	0.0318	0.00275816560130352	0.28	1.23	5.62	iteration	19     199974  1.1529402E+01  3.18E-02    0.28    1.23*   5.62
L_FCCLEGACY_S1	control	FCCLEGACY_S1	FCCLEGACY	F3	S1	FCCLEGACY				170	20	199974	11.4781	0.0317	0.0027617811310234274	0.28	1.23	5.55	iteration	20     199974  1.1478100E+01  3.17E-02    0.28    1.23    5.55
L_FCCLEGACY_S1	control	FCCLEGACY_S1	FCCLEGACY	F3	S1	FCCLEGACY				172	20	1999740	11.508669	0.0101	0.0008775993123097032	0.09	1.24	5.55	aggregate	20    1999740  1.1508669E+01  1.01E-02    0.09    1.24    5.55    0.57  10
L_FCCLEGACY_S2	control	FCCLEGACY_S2	FCCLEGACY	F3	S2	FCCLEGACY				148	1	99680	13.140387	1.48	0.11262986394540739	11.27	35.58	3.95	iteration	1      99680  1.3140387E+01  1.48E+00   11.27   35.58*   3.95
L_FCCLEGACY_S2	control	FCCLEGACY_S2	FCCLEGACY	F3	S2	FCCLEGACY				149	2	98942	11.255777	0.143	0.01270458716444009	1.27	3.99	2.1	iteration	2      98942  1.1255777E+01  1.43E-01    1.27    3.99*   2.10
L_FCCLEGACY_S2	control	FCCLEGACY_S2	FCCLEGACY	F3	S2	FCCLEGACY				150	3	98231	11.810918	0.0799	0.006764927163155312	0.68	2.12	3.25	iteration	3      98231  1.1810918E+01  7.99E-02    0.68    2.12*   3.25
L_FCCLEGACY_S2	control	FCCLEGACY_S2	FCCLEGACY	F3	S2	FCCLEGACY				151	4	97552	11.547535	0.0607	0.005256533104251253	0.53	1.64	5.89	iteration	4      97552  1.1547535E+01  6.07E-02    0.53    1.64*   5.89
L_FCCLEGACY_S2	control	FCCLEGACY_S2	FCCLEGACY	F3	S2	FCCLEGACY				152	5	96901	11.467141	0.0546	0.004761430944295531	0.48	1.48	4.83	iteration	5      96901  1.1467141E+01  5.46E-02    0.48    1.48*   4.83
L_FCCLEGACY_S2	control	FCCLEGACY_S2	FCCLEGACY	F3	S2	FCCLEGACY				153	6	96313	11.555107	0.0515	0.004456903774235929	0.45	1.38	8.44	iteration	6      96313  1.1555107E+01  5.15E-02    0.45    1.38*   8.44
L_FCCLEGACY_S2	control	FCCLEGACY_S2	FCCLEGACY	F3	S2	FCCLEGACY				154	7	95767	11.533037	0.0492	0.004266005562975303	0.43	1.32	8.55	iteration	7      95767  1.1533037E+01  4.92E-02    0.43    1.32*   8.55
L_FCCLEGACY_S2	control	FCCLEGACY_S2	FCCLEGACY	F3	S2	FCCLEGACY				155	8	95271	11.569566	0.0477	0.004122885854145264	0.41	1.27	9.1	iteration	8      95271  1.1569566E+01  4.77E-02    0.41    1.27*   9.10
L_FCCLEGACY_S2	control	FCCLEGACY_S2	FCCLEGACY	F3	S2	FCCLEGACY				156	9	94808	11.518307	0.0467	0.004054415288635734	0.41	1.25	9.33	iteration	9      94808  1.1518307E+01  4.67E-02    0.41    1.25*   9.33
L_FCCLEGACY_S2	control	FCCLEGACY_S2	FCCLEGACY	F3	S2	FCCLEGACY				157	10	94388	11.587676	0.0465	0.004012884033001958	0.4	1.23	8.74	iteration	10      94388  1.1587676E+01  4.65E-02    0.40    1.23*   8.74
L_FCCLEGACY_S2	control	FCCLEGACY_S2	FCCLEGACY	F3	S2	FCCLEGACY				159	10	967853	11.551716	0.0184	0.001592836943013488	0.16	1.56	8.74	aggregate	10     967853  1.1551716E+01  1.84E-02    0.16    1.56    8.74    2.20  10
L_FCCLEGACY_S2	control	FCCLEGACY_S2	FCCLEGACY	F3	S2	FCCLEGACY				161	11	199977	11.487919	0.0319	0.002776830163931344	0.28	1.24	7.77	iteration	11     199977  1.1487919E+01  3.19E-02    0.28    1.24    7.77
L_FCCLEGACY_S2	control	FCCLEGACY_S2	FCCLEGACY	F3	S2	FCCLEGACY				162	12	199977	11.519174	0.0317	0.0027519334285600688	0.28	1.23	7.4	iteration	12     199977  1.1519174E+01  3.17E-02    0.28    1.23*   7.40
L_FCCLEGACY_S2	control	FCCLEGACY_S2	FCCLEGACY	F3	S2	FCCLEGACY				163	13	199977	11.514549	0.0318	0.0027617234509141435	0.28	1.24	7.06	iteration	13     199977  1.1514549E+01  3.18E-02    0.28    1.24    7.06
L_FCCLEGACY_S2	control	FCCLEGACY_S2	FCCLEGACY	F3	S2	FCCLEGACY				164	14	199977	11.51968	0.0318	0.002760493347037418	0.28	1.23	6.73	iteration	14     199977  1.1519680E+01  3.18E-02    0.28    1.23*   6.73
L_FCCLEGACY_S2	control	FCCLEGACY_S2	FCCLEGACY	F3	S2	FCCLEGACY				165	15	199977	11.564574	0.0319	0.0027584241321816087	0.28	1.23	6.63	iteration	15     199977  1.1564574E+01  3.19E-02    0.28    1.23*   6.63
L_FCCLEGACY_S2	control	FCCLEGACY_S2	FCCLEGACY	F3	S2	FCCLEGACY				166	16	199977	11.51546	0.0318	0.0027615049681037496	0.28	1.24	6.54	iteration	16     199977  1.1515460E+01  3.18E-02    0.28    1.24    6.54
L_FCCLEGACY_S2	control	FCCLEGACY_S2	FCCLEGACY	F3	S2	FCCLEGACY				167	17	199977	11.458909	0.0319	0.002783860138866623	0.28	1.24	5.89	iteration	17     199977  1.1458909E+01  3.19E-02    0.28    1.24    5.89
L_FCCLEGACY_S2	control	FCCLEGACY_S2	FCCLEGACY	F3	S2	FCCLEGACY				168	18	199977	11.573548	0.0321	0.0027735660663437	0.28	1.24	5.87	iteration	18     199977  1.1573548E+01  3.21E-02    0.28    1.24*   5.87
L_FCCLEGACY_S2	control	FCCLEGACY_S2	FCCLEGACY	F3	S2	FCCLEGACY				169	19	199977	11.508364	0.0318	0.002763207698331405	0.28	1.23	5.84	iteration	19     199977  1.1508364E+01  3.18E-02    0.28    1.23*   5.84
L_FCCLEGACY_S2	control	FCCLEGACY_S2	FCCLEGACY	F3	S2	FCCLEGACY				170	20	199977	11.518849	0.0319	0.002769373919217102	0.28	1.24	5.79	iteration	20     199977  1.1518849E+01  3.19E-02    0.28    1.24    5.79
L_FCCLEGACY_S2	control	FCCLEGACY_S2	FCCLEGACY	F3	S2	FCCLEGACY				172	20	1999770	11.518021	0.0101	0.0008768867499026092	0.09	1.24	5.79	aggregate	20    1999770  1.1518021E+01  1.01E-02    0.09    1.24    5.79    1.06  10
L_FCCLEGACY_S3	control	FCCLEGACY_S3	FCCLEGACY	F3	S3	FCCLEGACY				148	1	99680	11.096624	1.39	0.1252633233314925	12.49	39.42	3.16	iteration	1      99680  1.1096624E+01  1.39E+00   12.49   39.42*   3.16
L_FCCLEGACY_S3	control	FCCLEGACY_S3	FCCLEGACY	F3	S3	FCCLEGACY				149	2	98950	11.56217	0.208	0.01798970262502627	1.8	5.65	1.0	iteration	2      98950  1.1562170E+01  2.08E-01    1.80    5.65*   1.00
L_FCCLEGACY_S3	control	FCCLEGACY_S3	FCCLEGACY	F3	S3	FCCLEGACY				150	3	98241	11.580226	0.0889	0.007676879535857073	0.77	2.41	2.72	iteration	3      98241  1.1580226E+01  8.89E-02    0.77    2.41*   2.72
L_FCCLEGACY_S3	control	FCCLEGACY_S3	FCCLEGACY	F3	S3	FCCLEGACY				151	4	97545	11.606909	0.0647	0.0055742661547531725	0.56	1.74	4.99	iteration	4      97545  1.1606909E+01  6.47E-02    0.56    1.74*   4.99
L_FCCLEGACY_S3	control	FCCLEGACY_S3	FCCLEGACY	F3	S3	FCCLEGACY				152	5	96897	11.534864	0.0563	0.004880855118881333	0.49	1.52	6.91	iteration	5      96897  1.1534864E+01  5.63E-02    0.49    1.52*   6.91
L_FCCLEGACY_S3	control	FCCLEGACY_S3	FCCLEGACY	F3	S3	FCCLEGACY				153	6	96296	11.560175	0.0519	0.004489551412500244	0.45	1.39	7.94	iteration	6      96296  1.1560175E+01  5.19E-02    0.45    1.39*   7.94
L_FCCLEGACY_S3	control	FCCLEGACY_S3	FCCLEGACY	F3	S3	FCCLEGACY				154	7	95748	11.621568	0.0504	0.004336764195674801	0.43	1.34	7.92	iteration	7      95748  1.1621568E+01  5.04E-02    0.43    1.34*   7.92
L_FCCLEGACY_S3	control	FCCLEGACY_S3	FCCLEGACY	F3	S3	FCCLEGACY				155	8	95242	11.542478	0.0485	0.00420187069015856	0.42	1.3	8.48	iteration	8      95242  1.1542478E+01  4.85E-02    0.42    1.30*   8.48
L_FCCLEGACY_S3	control	FCCLEGACY_S3	FCCLEGACY	F3	S3	FCCLEGACY				156	9	94789	11.574332	0.0479	0.004138467775073326	0.41	1.28	8.89	iteration	9      94789  1.1574332E+01  4.79E-02    0.41    1.28*   8.89
L_FCCLEGACY_S3	control	FCCLEGACY_S3	FCCLEGACY	F3	S3	FCCLEGACY				157	10	94364	11.549806	0.0473	0.004095306882210836	0.41	1.26	9.16	iteration	10      94364  1.1549806E+01  4.73E-02    0.41    1.26*   9.16
L_FCCLEGACY_S3	control	FCCLEGACY_S3	FCCLEGACY	F3	S3	FCCLEGACY				159	10	967752	11.568702	0.019	0.001642362297861938	0.16	1.61	9.16	aggregate	10     967752  1.1568702E+01  1.90E-02    0.16    1.61    9.16    0.27  10
L_FCCLEGACY_S3	control	FCCLEGACY_S3	FCCLEGACY	F3	S3	FCCLEGACY				161	11	199974	11.491065	0.0324	0.002819581996968949	0.28	1.26	7.8	iteration	11     199974  1.1491065E+01  3.24E-02    0.28    1.26    7.80
L_FCCLEGACY_S3	control	FCCLEGACY_S3	FCCLEGACY	F3	S3	FCCLEGACY				162	12	199974	11.540063	0.0322	0.0027902793944885743	0.28	1.25	7.1	iteration	12     199974  1.1540063E+01  3.22E-02    0.28    1.25*   7.10
L_FCCLEGACY_S3	control	FCCLEGACY_S3	FCCLEGACY	F3	S3	FCCLEGACY				163	13	199974	11.487096	0.0322	0.0028031453728601208	0.28	1.25	6.74	iteration	13     199974  1.1487096E+01  3.22E-02    0.28    1.25    6.74
L_FCCLEGACY_S3	control	FCCLEGACY_S3	FCCLEGACY	F3	S3	FCCLEGACY				164	14	199974	11.472745	0.0323	0.002815368074510503	0.28	1.26	6.48	iteration	14     199974  1.1472745E+01  3.23E-02    0.28    1.26    6.48
L_FCCLEGACY_S3	control	FCCLEGACY_S3	FCCLEGACY	F3	S3	FCCLEGACY				165	15	199974	11.514691	0.0323	0.0028051121823416715	0.28	1.25	6.41	iteration	15     199974  1.1514691E+01  3.23E-02    0.28    1.25*   6.41
L_FCCLEGACY_S3	control	FCCLEGACY_S3	FCCLEGACY	F3	S3	FCCLEGACY				166	16	199974	11.507779	0.0323	0.002806797037030343	0.28	1.25	6.39	iteration	16     199974  1.1507779E+01  3.23E-02    0.28    1.25*   6.39
L_FCCLEGACY_S3	control	FCCLEGACY_S3	FCCLEGACY	F3	S3	FCCLEGACY				167	17	199974	11.507673	0.0324	0.0028155127452787368	0.28	1.26	6.25	iteration	17     199974  1.1507673E+01  3.24E-02    0.28    1.26    6.25
L_FCCLEGACY_S3	control	FCCLEGACY_S3	FCCLEGACY	F3	S3	FCCLEGACY				168	18	199974	11.476518	0.0323	0.0028144424990227874	0.28	1.26	5.98	iteration	18     199974  1.1476518E+01  3.23E-02    0.28    1.26*   5.98
L_FCCLEGACY_S3	control	FCCLEGACY_S3	FCCLEGACY	F3	S3	FCCLEGACY				169	19	199974	11.502804	0.0322	0.0027993174533791935	0.28	1.25	5.98	iteration	19     199974  1.1502804E+01  3.22E-02    0.28    1.25*   5.98
L_FCCLEGACY_S3	control	FCCLEGACY_S3	FCCLEGACY	F3	S3	FCCLEGACY				170	20	199974	11.508768	0.0323	0.00280655583638492	0.28	1.25	5.91	iteration	20     199974  1.1508768E+01  3.23E-02    0.28    1.25    5.91
L_FCCLEGACY_S3	control	FCCLEGACY_S3	FCCLEGACY	F3	S3	FCCLEGACY				172	20	1999740	11.500931	0.0102	0.0008868847226368023	0.09	1.25	5.91	aggregate	20    1999740  1.1500931E+01  1.02E-02    0.09    1.25    5.91    0.38  10
L_FCCLEGACY_S4	control	FCCLEGACY_S4	FCCLEGACY	F3	S4	FCCLEGACY				148	1	99680	10.364265	1.19	0.11481759680980755	11.46	36.18	2.73	iteration	1      99680  1.0364265E+01  1.19E+00   11.46   36.18*   2.73
L_FCCLEGACY_S4	control	FCCLEGACY_S4	FCCLEGACY	F3	S4	FCCLEGACY				149	2	98951	11.66758	0.24	0.02056981824851426	2.06	6.47	0.8	iteration	2      98951  1.1667580E+01  2.40E-01    2.06    6.47*   0.80
L_FCCLEGACY_S4	control	FCCLEGACY_S4	FCCLEGACY	F3	S4	FCCLEGACY				150	3	98223	11.563125	0.096	0.00830225393221988	0.83	2.6	2.83	iteration	3      98223  1.1563125E+01  9.60E-02    0.83    2.60*   2.83
L_FCCLEGACY_S4	control	FCCLEGACY_S4	FCCLEGACY	F3	S4	FCCLEGACY				151	4	97533	11.565794	0.0659	0.005697836222917337	0.57	1.78	5.26	iteration	4      97533  1.1565794E+01  6.59E-02    0.57    1.78*   5.26
L_FCCLEGACY_S4	control	FCCLEGACY_S4	FCCLEGACY	F3	S4	FCCLEGACY				152	5	96892	11.604687	0.0564	0.004860105231618914	0.49	1.51	7.23	iteration	5      96892  1.1604687E+01  5.64E-02    0.49    1.51*   7.23
L_FCCLEGACY_S4	control	FCCLEGACY_S4	FCCLEGACY	F3	S4	FCCLEGACY				153	6	96306	11.620221	0.0524	0.004509380673568945	0.45	1.4	7.23	iteration	6      96306  1.1620221E+01  5.24E-02    0.45    1.40*   7.23
L_FCCLEGACY_S4	control	FCCLEGACY_S4	FCCLEGACY	F3	S4	FCCLEGACY				154	7	95763	11.560092	0.0499	0.004316574643177581	0.43	1.34	8.31	iteration	7      95763  1.1560092E+01  4.99E-02    0.43    1.34*   8.31
L_FCCLEGACY_S4	control	FCCLEGACY_S4	FCCLEGACY	F3	S4	FCCLEGACY				155	8	95270	11.596781	0.0481	0.004147702711640411	0.42	1.28	8.2	iteration	8      95270  1.1596781E+01  4.81E-02    0.42    1.28*   8.20
L_FCCLEGACY_S4	control	FCCLEGACY_S4	FCCLEGACY	F3	S4	FCCLEGACY				156	9	94816	11.459774	0.0475	0.0041449333992101415	0.41	1.28	8.09	iteration	9      94816  1.1459774E+01  4.75E-02    0.41    1.28*   8.09
L_FCCLEGACY_S4	control	FCCLEGACY_S4	FCCLEGACY	F3	S4	FCCLEGACY				157	10	94395	11.434617	0.047	0.004110325689089543	0.41	1.26	7.28	iteration	10      94395  1.1434617E+01  4.70E-02    0.41    1.26*   7.28
L_FCCLEGACY_S4	control	FCCLEGACY_S4	FCCLEGACY	F3	S4	FCCLEGACY				159	10	967829	11.54313	0.019	0.0016460006947855565	0.16	1.62	7.28	aggregate	10     967829  1.1543130E+01  1.90E-02    0.16    1.62    7.28    1.62  10
L_FCCLEGACY_S4	control	FCCLEGACY_S4	FCCLEGACY	F3	S4	FCCLEGACY				161	11	199970	11.464255	0.0322	0.002808730266380153	0.28	1.26	7.38	iteration	11     199970  1.1464255E+01  3.22E-02    0.28    1.26*   7.38
L_FCCLEGACY_S4	control	FCCLEGACY_S4	FCCLEGACY	F3	S4	FCCLEGACY				162	12	199970	11.517706	0.0324	0.0028130601701415194	0.28	1.26	6.47	iteration	12     199970  1.1517706E+01  3.24E-02    0.28    1.26    6.47
L_FCCLEGACY_S4	control	FCCLEGACY_S4	FCCLEGACY	F3	S4	FCCLEGACY				163	13	199970	11.512237	0.0325	0.0028230829507766386	0.28	1.26	5.87	iteration	13     199970  1.1512237E+01  3.25E-02    0.28    1.26    5.87
L_FCCLEGACY_S4	control	FCCLEGACY_S4	FCCLEGACY	F3	S4	FCCLEGACY				164	14	199970	11.457718	0.0322	0.002810332738159553	0.28	1.26	5.64	iteration	14     199970  1.1457718E+01  3.22E-02    0.28    1.26*   5.64
L_FCCLEGACY_S4	control	FCCLEGACY_S4	FCCLEGACY	F3	S4	FCCLEGACY				165	15	199970	11.502155	0.0322	0.002799475402652807	0.28	1.25	5.57	iteration	15     199970  1.1502155E+01  3.22E-02    0.28    1.25*   5.57
L_FCCLEGACY_S4	control	FCCLEGACY_S4	FCCLEGACY	F3	S4	FCCLEGACY				166	16	199970	11.553437	0.0327	0.0028303265945882595	0.28	1.27	4.92	iteration	16     199970  1.1553437E+01  3.27E-02    0.28    1.27    4.92
L_FCCLEGACY_S4	control	FCCLEGACY_S4	FCCLEGACY	F3	S4	FCCLEGACY				167	17	199970	11.485384	0.0322	0.0028035632069419707	0.28	1.25	4.89	iteration	17     199970  1.1485384E+01  3.22E-02    0.28    1.25*   4.89
L_FCCLEGACY_S4	control	FCCLEGACY_S4	FCCLEGACY	F3	S4	FCCLEGACY				168	18	199970	11.477792	0.0323	0.0028141301044660853	0.28	1.26	4.69	iteration	18     199970  1.1477792E+01  3.23E-02    0.28    1.26    4.69
L_FCCLEGACY_S4	control	FCCLEGACY_S4	FCCLEGACY	F3	S4	FCCLEGACY				169	19	199970	11.457582	0.0321	0.0028016382514216348	0.28	1.25	4.63	iteration	19     199970  1.1457582E+01  3.21E-02    0.28    1.25*   4.63
L_FCCLEGACY_S4	control	FCCLEGACY_S4	FCCLEGACY	F3	S4	FCCLEGACY				170	20	199970	11.449939	0.032	0.002794774714520313	0.28	1.25	4.48	iteration	20     199970  1.1449939E+01  3.20E-02    0.28    1.25*   4.48
L_FCCLEGACY_S4	control	FCCLEGACY_S4	FCCLEGACY	F3	S4	FCCLEGACY				172	20	1999700	11.487461	0.0102	0.000887924668471127	0.09	1.26	4.48	aggregate	20    1999700  1.1487461E+01  1.02E-02    0.09    1.26    4.48    1.05  10
L_FCCLEGACY_S5	control	FCCLEGACY_S5	FCCLEGACY	F3	S5	FCCLEGACY				148	1	99680	11.243664	1.37	0.12184640167119899	12.21	38.56	3.59	iteration	1      99680  1.1243664E+01  1.37E+00   12.21   38.56*   3.59
L_FCCLEGACY_S5	control	FCCLEGACY_S5	FCCLEGACY	F3	S5	FCCLEGACY				149	2	98966	11.479017	0.174	0.01515809236975605	1.52	4.77	1.2	iteration	2      98966  1.1479017E+01  1.74E-01    1.52    4.77*   1.20
L_FCCLEGACY_S5	control	FCCLEGACY_S5	FCCLEGACY	F3	S5	FCCLEGACY				150	3	98261	11.482196	0.0854	0.0074376016573833095	0.74	2.33	3.08	iteration	3      98261  1.1482196E+01  8.54E-02    0.74    2.33*   3.08
L_FCCLEGACY_S5	control	FCCLEGACY_S5	FCCLEGACY	F3	S5	FCCLEGACY				151	4	97568	11.6245	0.063	0.005419587939266206	0.54	1.69	4.79	iteration	4      97568  1.1624500E+01  6.30E-02    0.54    1.69*   4.79
L_FCCLEGACY_S5	control	FCCLEGACY_S5	FCCLEGACY	F3	S5	FCCLEGACY				152	5	96926	11.582397	0.055	0.004748585288520157	0.48	1.48	6.81	iteration	5      96926  1.1582397E+01  5.50E-02    0.48    1.48*   6.81
L_FCCLEGACY_S5	control	FCCLEGACY_S5	FCCLEGACY	F3	S5	FCCLEGACY				153	6	96329	11.563492	0.0511	0.004419080326254388	0.44	1.37	8.52	iteration	6      96329  1.1563492E+01  5.11E-02    0.44    1.37*   8.52
L_FCCLEGACY_S5	control	FCCLEGACY_S5	FCCLEGACY	F3	S5	FCCLEGACY				154	7	95782	11.533829	0.0491	0.004257042479128136	0.43	1.32	8.41	iteration	7      95782  1.1533829E+01  4.91E-02    0.43    1.32*   8.41
L_FCCLEGACY_S5	control	FCCLEGACY_S5	FCCLEGACY	F3	S5	FCCLEGACY				155	8	95280	11.529504	0.0481	0.004171905400267002	0.42	1.29	8.94	iteration	8      95280  1.1529504E+01  4.81E-02    0.42    1.29*   8.94
L_FCCLEGACY_S5	control	FCCLEGACY_S5	FCCLEGACY	F3	S5	FCCLEGACY				156	9	94816	11.598021	0.0472	0.004069659815239169	0.41	1.25	9.43	iteration	9      94816  1.1598021E+01  4.72E-02    0.41    1.25*   9.43
L_FCCLEGACY_S5	control	FCCLEGACY_S5	FCCLEGACY	F3	S5	FCCLEGACY				157	10	94395	11.555986	0.0463	0.004006581524068998	0.4	1.23	9.34	iteration	10      94395  1.1555986E+01  4.63E-02    0.40    1.23*   9.34
L_FCCLEGACY_S5	control	FCCLEGACY_S5	FCCLEGACY	F3	S5	FCCLEGACY				159	10	968003	11.560896	0.0186	0.0016088718383073422	0.16	1.58	9.34	aggregate	10     968003  1.1560896E+01  1.86E-02    0.16    1.58    9.34    0.41  10
L_FCCLEGACY_S5	control	FCCLEGACY_S5	FCCLEGACY	F3	S5	FCCLEGACY				161	11	199973	11.536544	0.032	0.0027737943009622295	0.28	1.24	8.55	iteration	11     199973  1.1536544E+01  3.20E-02    0.28    1.24    8.55
L_FCCLEGACY_S5	control	FCCLEGACY_S5	FCCLEGACY	F3	S5	FCCLEGACY				162	12	199973	11.496796	0.0317	0.0027572899440852913	0.28	1.23	7.95	iteration	12     199973  1.1496796E+01  3.17E-02    0.28    1.23*   7.95
L_FCCLEGACY_S5	control	FCCLEGACY_S5	FCCLEGACY	F3	S5	FCCLEGACY				163	13	199973	11.478104	0.0317	0.002761780168571395	0.28	1.23	7.11	iteration	13     199973  1.1478104E+01  3.17E-02    0.28    1.23    7.11
L_FCCLEGACY_S5	control	FCCLEGACY_S5	FCCLEGACY	F3	S5	FCCLEGACY				164	14	199973	11.481795	0.0318	0.0027696017913575364	0.28	1.24	6.47	iteration	14     199973  1.1481795E+01  3.18E-02    0.28    1.24    6.47
L_FCCLEGACY_S5	control	FCCLEGACY_S5	FCCLEGACY	F3	S5	FCCLEGACY				165	15	199973	11.492833	0.0318	0.0027669417975533105	0.28	1.24	6.42	iteration	15     199973  1.1492833E+01  3.18E-02    0.28    1.24*   6.42
L_FCCLEGACY_S5	control	FCCLEGACY_S5	FCCLEGACY	F3	S5	FCCLEGACY				166	16	199973	11.556349	0.0319	0.002760387385323859	0.28	1.23	6.34	iteration	16     199973  1.1556349E+01  3.19E-02    0.28    1.23*   6.34
L_FCCLEGACY_S5	control	FCCLEGACY_S5	FCCLEGACY	F3	S5	FCCLEGACY				167	17	199973	11.468924	0.0318	0.002772709976977788	0.28	1.24	5.86	iteration	17     199973  1.1468924E+01  3.18E-02    0.28    1.24    5.86
L_FCCLEGACY_S5	control	FCCLEGACY_S5	FCCLEGACY	F3	S5	FCCLEGACY				168	18	199973	11.527321	0.0319	0.002767338568952838	0.28	1.24	5.82	iteration	18     199973  1.1527321E+01  3.19E-02    0.28    1.24    5.82
L_FCCLEGACY_S5	control	FCCLEGACY_S5	FCCLEGACY	F3	S5	FCCLEGACY				169	19	199973	11.465461	0.0317	0.002764825592272304	0.28	1.24	5.78	iteration	19     199973  1.1465461E+01  3.17E-02    0.28    1.24*   5.78
L_FCCLEGACY_S5	control	FCCLEGACY_S5	FCCLEGACY	F3	S5	FCCLEGACY				170	20	199973	11.480044	0.0319	0.002778734994395492	0.28	1.24	5.69	iteration	20     199973  1.1480044E+01  3.19E-02    0.28    1.24    5.69
L_FCCLEGACY_S5	control	FCCLEGACY_S5	FCCLEGACY	F3	S5	FCCLEGACY				172	20	1999730	11.498294	0.0101	0.0008783911769867773	0.09	1.24	5.69	aggregate	20    1999730  1.1498294E+01  1.01E-02    0.09    1.24    5.69    0.95  10
L_FCCLEGACY_S6	control	FCCLEGACY_S6	FCCLEGACY	F3	S6	FCCLEGACY				148	1	99680	9.7419029	1.08	0.1108612979503214	11.06	34.93	3.89	iteration	1      99680  9.7419029E+00  1.08E+00   11.06   34.93*   3.89
L_FCCLEGACY_S6	control	FCCLEGACY_S6	FCCLEGACY	F3	S6	FCCLEGACY				149	2	98944	11.665437	0.149	0.012772774821894798	1.28	4.02	1.59	iteration	2      98944  1.1665437E+01  1.49E-01    1.28    4.02*   1.59
L_FCCLEGACY_S6	control	FCCLEGACY_S6	FCCLEGACY	F3	S6	FCCLEGACY				150	3	98231	11.645087	0.0759	0.006517770111979412	0.65	2.04	5.0	iteration	3      98231  1.1645087E+01  7.59E-02    0.65    2.04*   5.00
L_FCCLEGACY_S6	control	FCCLEGACY_S6	FCCLEGACY	F3	S6	FCCLEGACY				151	4	97535	11.46958	0.0593	0.0051701980368941145	0.52	1.61	6.34	iteration	4      97535  1.1469580E+01  5.93E-02    0.52    1.61*   6.34
L_FCCLEGACY_S6	control	FCCLEGACY_S6	FCCLEGACY	F3	S6	FCCLEGACY				152	5	96889	11.54016	0.0536	0.004644649640906192	0.46	1.45	7.44	iteration	5      96889  1.1540160E+01  5.36E-02    0.46    1.45*   7.44
L_FCCLEGACY_S6	control	FCCLEGACY_S6	FCCLEGACY	F3	S6	FCCLEGACY				153	6	96294	11.600996	0.0513	0.00442203410810589	0.44	1.37	7.93	iteration	6      96294  1.1600996E+01  5.13E-02    0.44    1.37*   7.93
L_FCCLEGACY_S6	control	FCCLEGACY_S6	FCCLEGACY	F3	S6	FCCLEGACY				154	7	95751	11.573181	0.0492	0.004251208030013528	0.42	1.31	8.3	iteration	7      95751  1.1573181E+01  4.92E-02    0.42    1.31*   8.30
L_FCCLEGACY_S6	control	FCCLEGACY_S6	FCCLEGACY	F3	S6	FCCLEGACY				155	8	95247	11.584225	0.0482	0.0041608307849683515	0.42	1.28	7.6	iteration	8      95247  1.1584225E+01  4.82E-02    0.42    1.28*   7.60
L_FCCLEGACY_S6	control	FCCLEGACY_S6	FCCLEGACY	F3	S6	FCCLEGACY				156	9	94786	11.543791	0.0472	0.004088778114572587	0.41	1.26	9.05	iteration	9      94786  1.1543791E+01  4.72E-02    0.41    1.26*   9.05
L_FCCLEGACY_S6	control	FCCLEGACY_S6	FCCLEGACY	F3	S6	FCCLEGACY				157	10	94367	11.519855	0.046	0.003993105816002024	0.4	1.23	9.84	iteration	10      94367  1.1519855E+01  4.60E-02    0.40    1.23*   9.84
L_FCCLEGACY_S6	control	FCCLEGACY_S6	FCCLEGACY	F3	S6	FCCLEGACY				159	10	967724	11.556834	0.0183	0.001583478658601482	0.16	1.55	9.84	aggregate	10     967724  1.1556834E+01  1.83E-02    0.16    1.55    9.84    0.99  10
L_FCCLEGACY_S6	control	FCCLEGACY_S6	FCCLEGACY	F3	S6	FCCLEGACY				161	11	199979	11.441778	0.0315	0.0027530686227262933	0.28	1.23	8.56	iteration	11     199979  1.1441778E+01  3.15E-02    0.28    1.23    8.56
L_FCCLEGACY_S6	control	FCCLEGACY_S6	FCCLEGACY	F3	S6	FCCLEGACY				162	12	199979	11.506145	0.0317	0.0027550495843742624	0.28	1.23	7.73	iteration	12     199979  1.1506145E+01  3.17E-02    0.28    1.23    7.73
L_FCCLEGACY_S6	control	FCCLEGACY_S6	FCCLEGACY	F3	S6	FCCLEGACY				163	13	199979	11.503771	0.0317	0.002755618136000795	0.28	1.23	7.19	iteration	13     199979  1.1503771E+01  3.17E-02    0.28    1.23    7.19
L_FCCLEGACY_S6	control	FCCLEGACY_S6	FCCLEGACY	F3	S6	FCCLEGACY				164	14	199979	11.465285	0.0316	0.0027561460530636617	0.28	1.23	6.73	iteration	14     199979  1.1465285E+01  3.16E-02    0.28    1.23    6.73
L_FCCLEGACY_S6	control	FCCLEGACY_S6	FCCLEGACY	F3	S6	FCCLEGACY				165	15	199979	11.52299	0.0316	0.0027423437840352204	0.27	1.23	6.56	iteration	15     199979  1.1522990E+01  3.16E-02    0.27    1.23*   6.56
L_FCCLEGACY_S6	control	FCCLEGACY_S6	FCCLEGACY	F3	S6	FCCLEGACY				166	16	199979	11.507357	0.0317	0.002754759411739811	0.28	1.23	6.48	iteration	16     199979  1.1507357E+01  3.17E-02    0.28    1.23    6.48
L_FCCLEGACY_S6	control	FCCLEGACY_S6	FCCLEGACY	F3	S6	FCCLEGACY				167	17	199979	11.418364	0.0314	0.0027499561233115355	0.28	1.23	6.2	iteration	17     199979  1.1418364E+01  3.14E-02    0.28    1.23*   6.20
L_FCCLEGACY_S6	control	FCCLEGACY_S6	FCCLEGACY	F3	S6	FCCLEGACY				168	18	199979	11.544934	0.0319	0.0027631167055610713	0.28	1.24	6.21	iteration	18     199979  1.1544934E+01  3.19E-02    0.28    1.24    6.21
L_FCCLEGACY_S6	control	FCCLEGACY_S6	FCCLEGACY	F3	S6	FCCLEGACY				169	19	199979	11.468121	0.0315	0.002746744649799213	0.28	1.23	6.05	iteration	19     199979  1.1468121E+01  3.15E-02    0.28    1.23*   6.05
L_FCCLEGACY_S6	control	FCCLEGACY_S6	FCCLEGACY	F3	S6	FCCLEGACY				170	20	199979	11.492121	0.0316	0.002749709996962267	0.27	1.23	5.96	iteration	20     199979  1.1492121E+01  3.16E-02    0.27    1.23*   5.96
L_FCCLEGACY_S6	control	FCCLEGACY_S6	FCCLEGACY	F3	S6	FCCLEGACY				172	20	1999790	11.486819	0.01	0.0008705630340305701	0.09	1.23	5.96	aggregate	20    1999790  1.1486819E+01  1.00E-02    0.09    1.23    5.96    1.48  10
L_FCCLEGACY_S7	control	FCCLEGACY_S7	FCCLEGACY	F3	S7	FCCLEGACY				148	1	99680	11.333546	1.28	0.1129390572023972	11.3	35.66	2.74	iteration	1      99680  1.1333546E+01  1.28E+00   11.30   35.66*   2.74
L_FCCLEGACY_S7	control	FCCLEGACY_S7	FCCLEGACY	F3	S7	FCCLEGACY				149	2	98944	11.572717	0.219	0.018923818840467625	1.89	5.94	1.01	iteration	2      98944  1.1572717E+01  2.19E-01    1.89    5.94*   1.01
L_FCCLEGACY_S7	control	FCCLEGACY_S7	FCCLEGACY	F3	S7	FCCLEGACY				150	3	98243	11.590455	0.0843	0.007273226115799595	0.73	2.28	3.8	iteration	3      98243  1.1590455E+01  8.43E-02    0.73    2.28*   3.80
L_FCCLEGACY_S7	control	FCCLEGACY_S7	FCCLEGACY	F3	S7	FCCLEGACY				151	4	97558	11.420729	0.0624	0.005463749293061765	0.55	1.71	6.04	iteration	4      97558  1.1420729E+01  6.24E-02    0.55    1.71*   6.04
L_FCCLEGACY_S7	control	FCCLEGACY_S7	FCCLEGACY	F3	S7	FCCLEGACY				152	5	96917	11.566622	0.0562	0.004858808388481961	0.49	1.51	6.79	iteration	5      96917  1.1566622E+01  5.62E-02    0.49    1.51*   6.79
L_FCCLEGACY_S7	control	FCCLEGACY_S7	FCCLEGACY	F3	S7	FCCLEGACY				153	6	96316	11.554114	0.0524	0.0045351811484636555	0.45	1.41	7.85	iteration	6      96316  1.1554114E+01  5.24E-02    0.45    1.41*   7.85
L_FCCLEGACY_S7	control	FCCLEGACY_S7	FCCLEGACY	F3	S7	FCCLEGACY				154	7	95767	11.564886	0.0499	0.00431478529057701	0.43	1.34	8.85	iteration	7      95767  1.1564886E+01  4.99E-02    0.43    1.34*   8.85
L_FCCLEGACY_S7	control	FCCLEGACY_S7	FCCLEGACY	F3	S7	FCCLEGACY				155	8	95269	11.550393	0.0483	0.004181675896222752	0.42	1.29	8.97	iteration	8      95269  1.1550393E+01  4.83E-02    0.42    1.29*   8.97
L_FCCLEGACY_S7	control	FCCLEGACY_S7	FCCLEGACY	F3	S7	FCCLEGACY				156	9	94807	11.626343	0.0481	0.00413715645581762	0.41	1.27	8.47	iteration	9      94807  1.1626343E+01  4.81E-02    0.41    1.27*   8.47
L_FCCLEGACY_S7	control	FCCLEGACY_S7	FCCLEGACY	F3	S7	FCCLEGACY				157	10	94385	11.530339	0.0473	0.004102221105554659	0.41	1.26	9.79	iteration	10      94385  1.1530339E+01  4.73E-02    0.41    1.26*   9.79
L_FCCLEGACY_S7	control	FCCLEGACY_S7	FCCLEGACY	F3	S7	FCCLEGACY				159	10	967886	11.553568	0.0189	0.001635858290702924	0.16	1.61	9.79	aggregate	10     967886  1.1553568E+01  1.89E-02    0.16    1.61    9.79    0.82  10
L_FCCLEGACY_S7	control	FCCLEGACY_S7	FCCLEGACY	F3	S7	FCCLEGACY				161	11	199978	11.534598	0.0324	0.0028089405456523057	0.28	1.26	8.71	iteration	11     199978  1.1534598E+01  3.24E-02    0.28    1.26*   8.71
L_FCCLEGACY_S7	control	FCCLEGACY_S7	FCCLEGACY	F3	S7	FCCLEGACY				162	12	199978	11.459771	0.0323	0.002818555449319188	0.28	1.26	7.63	iteration	12     199978  1.1459771E+01  3.23E-02    0.28    1.26    7.63
L_FCCLEGACY_S7	control	FCCLEGACY_S7	FCCLEGACY	F3	S7	FCCLEGACY				163	13	199978	11.487772	0.0323	0.002811685329409393	0.28	1.26	7.36	iteration	13     199978  1.1487772E+01  3.23E-02    0.28    1.26*   7.36
L_FCCLEGACY_S7	control	FCCLEGACY_S7	FCCLEGACY	F3	S7	FCCLEGACY				164	14	199978	11.523127	0.0324	0.0028117367794349567	0.28	1.26	7.1	iteration	14     199978  1.1523127E+01  3.24E-02    0.28    1.26*   7.10
L_FCCLEGACY_S7	control	FCCLEGACY_S7	FCCLEGACY	F3	S7	FCCLEGACY				165	15	199978	11.506159	0.0323	0.002807192217663601	0.28	1.25	6.76	iteration	15     199978  1.1506159E+01  3.23E-02    0.28    1.25*   6.76
L_FCCLEGACY_S7	control	FCCLEGACY_S7	FCCLEGACY	F3	S7	FCCLEGACY				166	16	199978	11.497569	0.0323	0.00280928951154805	0.28	1.26	6.7	iteration	16     199978  1.1497569E+01  3.23E-02    0.28    1.26    6.70
L_FCCLEGACY_S7	control	FCCLEGACY_S7	FCCLEGACY	F3	S7	FCCLEGACY				167	17	199978	11.511971	0.0324	0.0028144615722190403	0.28	1.26	6.54	iteration	17     199978  1.1511971E+01  3.24E-02    0.28    1.26    6.54
L_FCCLEGACY_S7	control	FCCLEGACY_S7	FCCLEGACY	F3	S7	FCCLEGACY				168	18	199978	11.484738	0.0322	0.0028037209033414607	0.28	1.25	6.33	iteration	18     199978  1.1484738E+01  3.22E-02    0.28    1.25*   6.33
L_FCCLEGACY_S7	control	FCCLEGACY_S7	FCCLEGACY	F3	S7	FCCLEGACY				169	19	199978	11.474726	0.0323	0.0028148820285556274	0.28	1.26	6.2	iteration	19     199978  1.1474726E+01  3.23E-02    0.28    1.26    6.20
L_FCCLEGACY_S7	control	FCCLEGACY_S7	FCCLEGACY	F3	S7	FCCLEGACY				170	20	199978	11.473944	0.0323	0.002815073875208037	0.28	1.26	5.67	iteration	20     199978  1.1473944E+01  3.23E-02    0.28    1.26*   5.67
L_FCCLEGACY_S7	control	FCCLEGACY_S7	FCCLEGACY	F3	S7	FCCLEGACY				172	20	1999780	11.495382	0.0102	0.0008873128357108969	0.09	1.26	5.67	aggregate	20    1999780  1.1495382E+01  1.02E-02    0.09    1.26    5.67    0.53  10
