node	stage	mode	parent_mode	adaptive_id	fixed_id	seed_id	adaptive_seed	fixed_seed	adaptive_schedule	fixed_schedule	recipe_id	region_id	window_id	output_dir	output_status	metadata_status	whizard_rc	phs_sha256	vg2_sha256	parent_vg2_sha256	reuse_message_count	new_grid_init_count	phs_unchanged	console_log	artifact_present
P_A00_S0	adaptive	A00_S0		A00		S0	1740114216	648318690	"5:50000:""gw"""					/eos/user/c/cglenn/FCCWork/whizard/whizard_ttbar_spinpol/production/full6f_365gev_ee_ttbar_spinpol_v1/phase11_diagnostics/excess_weight_rootcause_v1/ttbar_restricted_region_suite_v1/restricted/20260816T232058Z_WT_A15xS8_F012_FCC_np1_v1p0p2/adaptive/A00_S0	PASS	PASS	0	516cd15ab307b2e2200ab836ba104f2b55e21d3edc8455005dec435b7310526b	0a343fd2fa2b7f92e6840db3e70fc39d5a5252db51f1348f832f238cfaae65eb		0	1		/eos/user/c/cglenn/FCCWork/whizard/whizard_ttbar_spinpol/production/full6f_365gev_ee_ttbar_spinpol_v1/phase11_diagnostics/excess_weight_rootcause_v1/ttbar_restricted_region_suite_v1/restricted/20260816T232058Z_WT_A15xS8_F012_FCC_np1_v1p0p2/adaptive/A00_S0/console.log	1
C_A00_S0_F0	fixed	A00_S0_F0	A00_S0	A00	F0	S0	1740114216	648318690	"5:50000:""gw"""	"3:200000:"""""				/eos/user/c/cglenn/FCCWork/whizard/whizard_ttbar_spinpol/production/full6f_365gev_ee_ttbar_spinpol_v1/phase11_diagnostics/excess_weight_rootcause_v1/ttbar_restricted_region_suite_v1/restricted/20260816T232058Z_WT_A15xS8_F012_FCC_np1_v1p0p2/fixed/A00_S0/F0	PASS	PASS	0	516cd15ab307b2e2200ab836ba104f2b55e21d3edc8455005dec435b7310526b	a9c5c37b939d1734eca1e55843a5da3733bad5afb3cc2eac3b6398c39aa0fef6	0a343fd2fa2b7f92e6840db3e70fc39d5a5252db51f1348f832f238cfaae65eb	1	0	1	/eos/user/c/cglenn/FCCWork/whizard/whizard_ttbar_spinpol/production/full6f_365gev_ee_ttbar_spinpol_v1/phase11_diagnostics/excess_weight_rootcause_v1/ttbar_restricted_region_suite_v1/restricted/20260816T232058Z_WT_A15xS8_F012_FCC_np1_v1p0p2/fixed/A00_S0/F0/console.log	1
C_A00_S0_F1	fixed	A00_S0_F1	A00_S0	A00	F1	S0	1740114216	648318690	"5:50000:""gw"""	"1:600000:"""""				/eos/user/c/cglenn/FCCWork/whizard/whizard_ttbar_spinpol/production/full6f_365gev_ee_ttbar_spinpol_v1/phase11_diagnostics/excess_weight_rootcause_v1/ttbar_restricted_region_suite_v1/restricted/20260816T232058Z_WT_A15xS8_F012_FCC_np1_v1p0p2/fixed/A00_S0/F1	PASS	PASS	0	516cd15ab307b2e2200ab836ba104f2b55e21d3edc8455005dec435b7310526b	95f6bc31a55c492623fa87ecf4cf5e86af3a28f294df1413cceb82a8e5554c4e	0a343fd2fa2b7f92e6840db3e70fc39d5a5252db51f1348f832f238cfaae65eb	1	0	1	/eos/user/c/cglenn/FCCWork/whizard/whizard_ttbar_spinpol/production/full6f_365gev_ee_ttbar_spinpol_v1/phase11_diagnostics/excess_weight_rootcause_v1/ttbar_restricted_region_suite_v1/restricted/20260816T232058Z_WT_A15xS8_F012_FCC_np1_v1p0p2/fixed/A00_S0/F1/console.log	1
C_A00_S0_F2	fixed	A00_S0_F2	A00_S0	A00	F2	S0	1740114216	648318690	"5:50000:""gw"""	"1:2000000:"""""				/eos/user/c/cglenn/FCCWork/whizard/whizard_ttbar_spinpol/production/full6f_365gev_ee_ttbar_spinpol_v1/phase11_diagnostics/excess_weight_rootcause_v1/ttbar_restricted_region_suite_v1/restricted/20260816T232058Z_WT_A15xS8_F012_FCC_np1_v1p0p2/fixed/A00_S0/F2	PASS	PASS	0	516cd15ab307b2e2200ab836ba104f2b55e21d3edc8455005dec435b7310526b	02f19b8ed9d01a14c04946a93b2425becd793aeaceda7f90dd462ca8151378aa	0a343fd2fa2b7f92e6840db3e70fc39d5a5252db51f1348f832f238cfaae65eb	1	0	1	/eos/user/c/cglenn/FCCWork/whizard/whizard_ttbar_spinpol/production/full6f_365gev_ee_ttbar_spinpol_v1/phase11_diagnostics/excess_weight_rootcause_v1/ttbar_restricted_region_suite_v1/restricted/20260816T232058Z_WT_A15xS8_F012_FCC_np1_v1p0p2/fixed/A00_S0/F2/console.log	1
P_A00_S1	adaptive	A00_S1		A00		S1	1751949026	1404282457	"5:50000:""gw"""					/eos/user/c/cglenn/FCCWork/whizard/whizard_ttbar_spinpol/production/full6f_365gev_ee_ttbar_spinpol_v1/phase11_diagnostics/excess_weight_rootcause_v1/ttbar_restricted_region_suite_v1/restricted/20260816T232058Z_WT_A15xS8_F012_FCC_np1_v1p0p2/adaptive/A00_S1	PASS	PASS	0	516cd15ab307b2e2200ab836ba104f2b55e21d3edc8455005dec435b7310526b	8ef6e18dd5fa62a04d1cb653ea6d155051013df9f30eca7b99c66fc6f38e7f12		0	1		/eos/user/c/cglenn/FCCWork/whizard/whizard_ttbar_spinpol/production/full6f_365gev_ee_ttbar_spinpol_v1/phase11_diagnostics/excess_weight_rootcause_v1/ttbar_restricted_region_suite_v1/restricted/20260816T232058Z_WT_A15xS8_F012_FCC_np1_v1p0p2/adaptive/A00_S1/console.log	1
C_A00_S1_F0	fixed	A00_S1_F0	A00_S1	A00	F0	S1	1751949026	1404282457	"5:50000:""gw"""	"3:200000:"""""				/eos/user/c/cglenn/FCCWork/whizard/whizard_ttbar_spinpol/production/full6f_365gev_ee_ttbar_spinpol_v1/phase11_diagnostics/excess_weight_rootcause_v1/ttbar_restricted_region_suite_v1/restricted/20260816T232058Z_WT_A15xS8_F012_FCC_np1_v1p0p2/fixed/A00_S1/F0	PASS	PASS	0	516cd15ab307b2e2200ab836ba104f2b55e21d3edc8455005dec435b7310526b	88c4f966d29d3de93b09cde5cbf0f4db6d56ffcf8479ccaec59ab2c0170af8da	8ef6e18dd5fa62a04d1cb653ea6d155051013df9f30eca7b99c66fc6f38e7f12	1	0	1	/eos/user/c/cglenn/FCCWork/whizard/whizard_ttbar_spinpol/production/full6f_365gev_ee_ttbar_spinpol_v1/phase11_diagnostics/excess_weight_rootcause_v1/ttbar_restricted_region_suite_v1/restricted/20260816T232058Z_WT_A15xS8_F012_FCC_np1_v1p0p2/fixed/A00_S1/F0/console.log	1
C_A00_S1_F1	fixed	A00_S1_F1	A00_S1	A00	F1	S1	1751949026	1404282457	"5:50000:""gw"""	"1:600000:"""""				/eos/user/c/cglenn/FCCWork/whizard/whizard_ttbar_spinpol/production/full6f_365gev_ee_ttbar_spinpol_v1/phase11_diagnostics/excess_weight_rootcause_v1/ttbar_restricted_region_suite_v1/restricted/20260816T232058Z_WT_A15xS8_F012_FCC_np1_v1p0p2/fixed/A00_S1/F1	PASS	PASS	0	516cd15ab307b2e2200ab836ba104f2b55e21d3edc8455005dec435b7310526b	dcf37270770b4a4254b87b3e6a1cae7bb096be431be319b76867740e4bf5157d	8ef6e18dd5fa62a04d1cb653ea6d155051013df9f30eca7b99c66fc6f38e7f12	1	0	1	/eos/user/c/cglenn/FCCWork/whizard/whizard_ttbar_spinpol/production/full6f_365gev_ee_ttbar_spinpol_v1/phase11_diagnostics/excess_weight_rootcause_v1/ttbar_restricted_region_suite_v1/restricted/20260816T232058Z_WT_A15xS8_F012_FCC_np1_v1p0p2/fixed/A00_S1/F1/console.log	1
C_A00_S1_F2	fixed	A00_S1_F2	A00_S1	A00	F2	S1	1751949026	1404282457	"5:50000:""gw"""	"1:2000000:"""""				/eos/user/c/cglenn/FCCWork/whizard/whizard_ttbar_spinpol/production/full6f_365gev_ee_ttbar_spinpol_v1/phase11_diagnostics/excess_weight_rootcause_v1/ttbar_restricted_region_suite_v1/restricted/20260816T232058Z_WT_A15xS8_F012_FCC_np1_v1p0p2/fixed/A00_S1/F2	PASS	PASS	0	516cd15ab307b2e2200ab836ba104f2b55e21d3edc8455005dec435b7310526b	baf2f0d5d986eddbab997fbaeb4f4320daa517707a37aa9ca54d7f7b0d6eddf7	8ef6e18dd5fa62a04d1cb653ea6d155051013df9f30eca7b99c66fc6f38e7f12	1	0	1	/eos/user/c/cglenn/FCCWork/whizard/whizard_ttbar_spinpol/production/full6f_365gev_ee_ttbar_spinpol_v1/phase11_diagnostics/excess_weight_rootcause_v1/ttbar_restricted_region_suite_v1/restricted/20260816T232058Z_WT_A15xS8_F012_FCC_np1_v1p0p2/fixed/A00_S1/F2/console.log	1
P_A00_S2	adaptive	A00_S2		A00		S2	1885084773	1596606550	"5:50000:""gw"""					/eos/user/c/cglenn/FCCWork/whizard/whizard_ttbar_spinpol/production/full6f_365gev_ee_ttbar_spinpol_v1/phase11_diagnostics/excess_weight_rootcause_v1/ttbar_restricted_region_suite_v1/restricted/20260816T232058Z_WT_A15xS8_F012_FCC_np1_v1p0p2/adaptive/A00_S2	PASS	PASS	0	516cd15ab307b2e2200ab836ba104f2b55e21d3edc8455005dec435b7310526b	72c79c28e302fc30bb0b870cfd84e4419a603b09b90e5ee50325fcef8b8bfa51		0	1		/eos/user/c/cglenn/FCCWork/whizard/whizard_ttbar_spinpol/production/full6f_365gev_ee_ttbar_spinpol_v1/phase11_diagnostics/excess_weight_rootcause_v1/ttbar_restricted_region_suite_v1/restricted/20260816T232058Z_WT_A15xS8_F012_FCC_np1_v1p0p2/adaptive/A00_S2/console.log	1
C_A00_S2_F0	fixed	A00_S2_F0	A00_S2	A00	F0	S2	1885084773	1596606550	"5:50000:""gw"""	"3:200000:"""""				/eos/user/c/cglenn/FCCWork/whizard/whizard_ttbar_spinpol/production/full6f_365gev_ee_ttbar_spinpol_v1/phase11_diagnostics/excess_weight_rootcause_v1/ttbar_restricted_region_suite_v1/restricted/20260816T232058Z_WT_A15xS8_F012_FCC_np1_v1p0p2/fixed/A00_S2/F0	PASS	PASS	0	516cd15ab307b2e2200ab836ba104f2b55e21d3edc8455005dec435b7310526b	3bad9ffd6e747e65bbdaba82a9adc039d8094488a8ee56cfbad81f083eee05fa	72c79c28e302fc30bb0b870cfd84e4419a603b09b90e5ee50325fcef8b8bfa51	1	0	1	/eos/user/c/cglenn/FCCWork/whizard/whizard_ttbar_spinpol/production/full6f_365gev_ee_ttbar_spinpol_v1/phase11_diagnostics/excess_weight_rootcause_v1/ttbar_restricted_region_suite_v1/restricted/20260816T232058Z_WT_A15xS8_F012_FCC_np1_v1p0p2/fixed/A00_S2/F0/console.log	1
C_A00_S2_F1	fixed	A00_S2_F1	A00_S2	A00	F1	S2	1885084773	1596606550	"5:50000:""gw"""	"1:600000:"""""				/eos/user/c/cglenn/FCCWork/whizard/whizard_ttbar_spinpol/production/full6f_365gev_ee_ttbar_spinpol_v1/phase11_diagnostics/excess_weight_rootcause_v1/ttbar_restricted_region_suite_v1/restricted/20260816T232058Z_WT_A15xS8_F012_FCC_np1_v1p0p2/fixed/A00_S2/F1	PASS	PASS	0	516cd15ab307b2e2200ab836ba104f2b55e21d3edc8455005dec435b7310526b	475df559908921472ff0596fcfa132c4f094a0ef6bca25b3ed99a1b21ea0ba63	72c79c28e302fc30bb0b870cfd84e4419a603b09b90e5ee50325fcef8b8bfa51	1	0	1	/eos/user/c/cglenn/FCCWork/whizard/whizard_ttbar_spinpol/production/full6f_365gev_ee_ttbar_spinpol_v1/phase11_diagnostics/excess_weight_rootcause_v1/ttbar_restricted_region_suite_v1/restricted/20260816T232058Z_WT_A15xS8_F012_FCC_np1_v1p0p2/fixed/A00_S2/F1/console.log	1
C_A00_S2_F2	fixed	A00_S2_F2	A00_S2	A00	F2	S2	1885084773	1596606550	"5:50000:""gw"""	"1:2000000:"""""				/eos/user/c/cglenn/FCCWork/whizard/whizard_ttbar_spinpol/production/full6f_365gev_ee_ttbar_spinpol_v1/phase11_diagnostics/excess_weight_rootcause_v1/ttbar_restricted_region_suite_v1/restricted/20260816T232058Z_WT_A15xS8_F012_FCC_np1_v1p0p2/fixed/A00_S2/F2	PASS	PASS	0	516cd15ab307b2e2200ab836ba104f2b55e21d3edc8455005dec435b7310526b	ce44611d7f4ea1918169cb8225239623ee0c3011acdcf17d1f7702b8341c8244	72c79c28e302fc30bb0b870cfd84e4419a603b09b90e5ee50325fcef8b8bfa51	1	0	1	/eos/user/c/cglenn/FCCWork/whizard/whizard_ttbar_spinpol/production/full6f_365gev_ee_ttbar_spinpol_v1/phase11_diagnostics/excess_weight_rootcause_v1/ttbar_restricted_region_suite_v1/restricted/20260816T232058Z_WT_A15xS8_F012_FCC_np1_v1p0p2/fixed/A00_S2/F2/console.log	1
P_A00_S3	adaptive	A00_S3		A00		S3	134326786	769890491	"5:50000:""gw"""					/eos/user/c/cglenn/FCCWork/whizard/whizard_ttbar_spinpol/production/full6f_365gev_ee_ttbar_spinpol_v1/phase11_diagnostics/excess_weight_rootcause_v1/ttbar_restricted_region_suite_v1/restricted/20260816T232058Z_WT_A15xS8_F012_FCC_np1_v1p0p2/adaptive/A00_S3	PASS	PASS	0	516cd15ab307b2e2200ab836ba104f2b55e21d3edc8455005dec435b7310526b	2c29596f3b7abe225e5bdf196bc2667941b755aa5ed858bafc5b6af14d293055		0	1		/eos/user/c/cglenn/FCCWork/whizard/whizard_ttbar_spinpol/production/full6f_365gev_ee_ttbar_spinpol_v1/phase11_diagnostics/excess_weight_rootcause_v1/ttbar_restricted_region_suite_v1/restricted/20260816T232058Z_WT_A15xS8_F012_FCC_np1_v1p0p2/adaptive/A00_S3/console.log	1
C_A00_S3_F0	fixed	A00_S3_F0	A00_S3	A00	F0	S3	134326786	769890491	"5:50000:""gw"""	"3:200000:"""""				/eos/user/c/cglenn/FCCWork/whizard/whizard_ttbar_spinpol/production/full6f_365gev_ee_ttbar_spinpol_v1/phase11_diagnostics/excess_weight_rootcause_v1/ttbar_restricted_region_suite_v1/restricted/20260816T232058Z_WT_A15xS8_F012_FCC_np1_v1p0p2/fixed/A00_S3/F0	PASS	PASS	0	516cd15ab307b2e2200ab836ba104f2b55e21d3edc8455005dec435b7310526b	4a1351dd3fbf3e448ebfd51762ee37b3faecdb1203da2f7a95b492c84f6e27f7	2c29596f3b7abe225e5bdf196bc2667941b755aa5ed858bafc5b6af14d293055	1	0	1	/eos/user/c/cglenn/FCCWork/whizard/whizard_ttbar_spinpol/production/full6f_365gev_ee_ttbar_spinpol_v1/phase11_diagnostics/excess_weight_rootcause_v1/ttbar_restricted_region_suite_v1/restricted/20260816T232058Z_WT_A15xS8_F012_FCC_np1_v1p0p2/fixed/A00_S3/F0/console.log	1
C_A00_S3_F1	fixed	A00_S3_F1	A00_S3	A00	F1	S3	134326786	769890491	"5:50000:""gw"""	"1:600000:"""""				/eos/user/c/cglenn/FCCWork/whizard/whizard_ttbar_spinpol/production/full6f_365gev_ee_ttbar_spinpol_v1/phase11_diagnostics/excess_weight_rootcause_v1/ttbar_restricted_region_suite_v1/restricted/20260816T232058Z_WT_A15xS8_F012_FCC_np1_v1p0p2/fixed/A00_S3/F1	PASS	PASS	0	516cd15ab307b2e2200ab836ba104f2b55e21d3edc8455005dec435b7310526b	d68a0374491d3bfb881726f17016fed66927ea7d7e9a3063c90c561d828246ce	2c29596f3b7abe225e5bdf196bc2667941b755aa5ed858bafc5b6af14d293055	1	0	1	/eos/user/c/cglenn/FCCWork/whizard/whizard_ttbar_spinpol/production/full6f_365gev_ee_ttbar_spinpol_v1/phase11_diagnostics/excess_weight_rootcause_v1/ttbar_restricted_region_suite_v1/restricted/20260816T232058Z_WT_A15xS8_F012_FCC_np1_v1p0p2/fixed/A00_S3/F1/console.log	1
C_A00_S3_F2	fixed	A00_S3_F2	A00_S3	A00	F2	S3	134326786	769890491	"5:50000:""gw"""	"1:2000000:"""""				/eos/user/c/cglenn/FCCWork/whizard/whizard_ttbar_spinpol/production/full6f_365gev_ee_ttbar_spinpol_v1/phase11_diagnostics/excess_weight_rootcause_v1/ttbar_restricted_region_suite_v1/restricted/20260816T232058Z_WT_A15xS8_F012_FCC_np1_v1p0p2/fixed/A00_S3/F2	PASS	PASS	0	516cd15ab307b2e2200ab836ba104f2b55e21d3edc8455005dec435b7310526b	35e30974ca4c7f41c13c7c3c8eb9553bb44f8ce532f4708b735d89225884edc2	2c29596f3b7abe225e5bdf196bc2667941b755aa5ed858bafc5b6af14d293055	1	0	1	/eos/user/c/cglenn/FCCWork/whizard/whizard_ttbar_spinpol/production/full6f_365gev_ee_ttbar_spinpol_v1/phase11_diagnostics/excess_weight_rootcause_v1/ttbar_restricted_region_suite_v1/restricted/20260816T232058Z_WT_A15xS8_F012_FCC_np1_v1p0p2/fixed/A00_S3/F2/console.log	1
P_A00_S4	adaptive	A00_S4		A00		S4	249371675	462903030	"5:50000:""gw"""					/eos/user/c/cglenn/FCCWork/whizard/whizard_ttbar_spinpol/production/full6f_365gev_ee_ttbar_spinpol_v1/phase11_diagnostics/excess_weight_rootcause_v1/ttbar_restricted_region_suite_v1/restricted/20260816T232058Z_WT_A15xS8_F012_FCC_np1_v1p0p2/adaptive/A00_S4	PASS	PASS	0	516cd15ab307b2e2200ab836ba104f2b55e21d3edc8455005dec435b7310526b	f6d2766bacc4bba5314726031d9b65e447866a68f9353a4f0312abeecaf6b233		0	1		/eos/user/c/cglenn/FCCWork/whizard/whizard_ttbar_spinpol/production/full6f_365gev_ee_ttbar_spinpol_v1/phase11_diagnostics/excess_weight_rootcause_v1/ttbar_restricted_region_suite_v1/restricted/20260816T232058Z_WT_A15xS8_F012_FCC_np1_v1p0p2/adaptive/A00_S4/console.log	1
C_A00_S4_F0	fixed	A00_S4_F0	A00_S4	A00	F0	S4	249371675	462903030	"5:50000:""gw"""	"3:200000:"""""				/eos/user/c/cglenn/FCCWork/whizard/whizard_ttbar_spinpol/production/full6f_365gev_ee_ttbar_spinpol_v1/phase11_diagnostics/excess_weight_rootcause_v1/ttbar_restricted_region_suite_v1/restricted/20260816T232058Z_WT_A15xS8_F012_FCC_np1_v1p0p2/fixed/A00_S4/F0	PASS	PASS	0	516cd15ab307b2e2200ab836ba104f2b55e21d3edc8455005dec435b7310526b	c21820e632ad5156c98b2aa699b5eeb80b31c07ac57f007faf17fa43f30714c8	f6d2766bacc4bba5314726031d9b65e447866a68f9353a4f0312abeecaf6b233	1	0	1	/eos/user/c/cglenn/FCCWork/whizard/whizard_ttbar_spinpol/production/full6f_365gev_ee_ttbar_spinpol_v1/phase11_diagnostics/excess_weight_rootcause_v1/ttbar_restricted_region_suite_v1/restricted/20260816T232058Z_WT_A15xS8_F012_FCC_np1_v1p0p2/fixed/A00_S4/F0/console.log	1
C_A00_S4_F1	fixed	A00_S4_F1	A00_S4	A00	F1	S4	249371675	462903030	"5:50000:""gw"""	"1:600000:"""""				/eos/user/c/cglenn/FCCWork/whizard/whizard_ttbar_spinpol/production/full6f_365gev_ee_ttbar_spinpol_v1/phase11_diagnostics/excess_weight_rootcause_v1/ttbar_restricted_region_suite_v1/restricted/20260816T232058Z_WT_A15xS8_F012_FCC_np1_v1p0p2/fixed/A00_S4/F1	PASS	PASS	0	516cd15ab307b2e2200ab836ba104f2b55e21d3edc8455005dec435b7310526b	a1685155e1708faeb4a9a180c5a5de655559c983cad197fece2e61b56074923d	f6d2766bacc4bba5314726031d9b65e447866a68f9353a4f0312abeecaf6b233	1	0	1	/eos/user/c/cglenn/FCCWork/whizard/whizard_ttbar_spinpol/production/full6f_365gev_ee_ttbar_spinpol_v1/phase11_diagnostics/excess_weight_rootcause_v1/ttbar_restricted_region_suite_v1/restricted/20260816T232058Z_WT_A15xS8_F012_FCC_np1_v1p0p2/fixed/A00_S4/F1/console.log	1
C_A00_S4_F2	fixed	A00_S4_F2	A00_S4	A00	F2	S4	249371675	462903030	"5:50000:""gw"""	"1:2000000:"""""				/eos/user/c/cglenn/FCCWork/whizard/whizard_ttbar_spinpol/production/full6f_365gev_ee_ttbar_spinpol_v1/phase11_diagnostics/excess_weight_rootcause_v1/ttbar_restricted_region_suite_v1/restricted/20260816T232058Z_WT_A15xS8_F012_FCC_np1_v1p0p2/fixed/A00_S4/F2	PASS	PASS	0	516cd15ab307b2e2200ab836ba104f2b55e21d3edc8455005dec435b7310526b	09b32e7b0adcd032d8cd8df17d4803bb7ea44dbfb3a100691073c73399c40b8c	f6d2766bacc4bba5314726031d9b65e447866a68f9353a4f0312abeecaf6b233	1	0	1	/eos/user/c/cglenn/FCCWork/whizard/whizard_ttbar_spinpol/production/full6f_365gev_ee_ttbar_spinpol_v1/phase11_diagnostics/excess_weight_rootcause_v1/ttbar_restricted_region_suite_v1/restricted/20260816T232058Z_WT_A15xS8_F012_FCC_np1_v1p0p2/fixed/A00_S4/F2/console.log	1
P_A00_S5	adaptive	A00_S5		A00		S5	531087687	197846737	"5:50000:""gw"""					/eos/user/c/cglenn/FCCWork/whizard/whizard_ttbar_spinpol/production/full6f_365gev_ee_ttbar_spinpol_v1/phase11_diagnostics/excess_weight_rootcause_v1/ttbar_restricted_region_suite_v1/restricted/20260816T232058Z_WT_A15xS8_F012_FCC_np1_v1p0p2/adaptive/A00_S5	PASS	PASS	0	516cd15ab307b2e2200ab836ba104f2b55e21d3edc8455005dec435b7310526b	2143c8697d85fe3abbfb334d9ee05ff4d8fdf24fa4cd64370a197801d89b9b87		0	1		/eos/user/c/cglenn/FCCWork/whizard/whizard_ttbar_spinpol/production/full6f_365gev_ee_ttbar_spinpol_v1/phase11_diagnostics/excess_weight_rootcause_v1/ttbar_restricted_region_suite_v1/restricted/20260816T232058Z_WT_A15xS8_F012_FCC_np1_v1p0p2/adaptive/A00_S5/console.log	1
C_A00_S5_F0	fixed	A00_S5_F0	A00_S5	A00	F0	S5	531087687	197846737	"5:50000:""gw"""	"3:200000:"""""				/eos/user/c/cglenn/FCCWork/whizard/whizard_ttbar_spinpol/production/full6f_365gev_ee_ttbar_spinpol_v1/phase11_diagnostics/excess_weight_rootcause_v1/ttbar_restricted_region_suite_v1/restricted/20260816T232058Z_WT_A15xS8_F012_FCC_np1_v1p0p2/fixed/A00_S5/F0	PASS	PASS	0	516cd15ab307b2e2200ab836ba104f2b55e21d3edc8455005dec435b7310526b	75b457417bce7c0efcb95a5c7885069a944c887afa0ba2ab9e1dd8654a713847	2143c8697d85fe3abbfb334d9ee05ff4d8fdf24fa4cd64370a197801d89b9b87	1	0	1	/eos/user/c/cglenn/FCCWork/whizard/whizard_ttbar_spinpol/production/full6f_365gev_ee_ttbar_spinpol_v1/phase11_diagnostics/excess_weight_rootcause_v1/ttbar_restricted_region_suite_v1/restricted/20260816T232058Z_WT_A15xS8_F012_FCC_np1_v1p0p2/fixed/A00_S5/F0/console.log	1
C_A00_S5_F1	fixed	A00_S5_F1	A00_S5	A00	F1	S5	531087687	197846737	"5:50000:""gw"""	"1:600000:"""""				/eos/user/c/cglenn/FCCWork/whizard/whizard_ttbar_spinpol/production/full6f_365gev_ee_ttbar_spinpol_v1/phase11_diagnostics/excess_weight_rootcause_v1/ttbar_restricted_region_suite_v1/restricted/20260816T232058Z_WT_A15xS8_F012_FCC_np1_v1p0p2/fixed/A00_S5/F1	PASS	PASS	0	516cd15ab307b2e2200ab836ba104f2b55e21d3edc8455005dec435b7310526b	68cfb29d66829911834c1270d10fb41b28814133483eac9e1c7955822543f265	2143c8697d85fe3abbfb334d9ee05ff4d8fdf24fa4cd64370a197801d89b9b87	1	0	1	/eos/user/c/cglenn/FCCWork/whizard/whizard_ttbar_spinpol/production/full6f_365gev_ee_ttbar_spinpol_v1/phase11_diagnostics/excess_weight_rootcause_v1/ttbar_restricted_region_suite_v1/restricted/20260816T232058Z_WT_A15xS8_F012_FCC_np1_v1p0p2/fixed/A00_S5/F1/console.log	1
C_A00_S5_F2	fixed	A00_S5_F2	A00_S5	A00	F2	S5	531087687	197846737	"5:50000:""gw"""	"1:2000000:"""""				/eos/user/c/cglenn/FCCWork/whizard/whizard_ttbar_spinpol/production/full6f_365gev_ee_ttbar_spinpol_v1/phase11_diagnostics/excess_weight_rootcause_v1/ttbar_restricted_region_suite_v1/restricted/20260816T232058Z_WT_A15xS8_F012_FCC_np1_v1p0p2/fixed/A00_S5/F2	PASS	PASS	0	516cd15ab307b2e2200ab836ba104f2b55e21d3edc8455005dec435b7310526b	17b809c3aeb9044bc3a602a7ed1cfa4c95506872a92d1dae117817b4d4dd3b85	2143c8697d85fe3abbfb334d9ee05ff4d8fdf24fa4cd64370a197801d89b9b87	1	0	1	/eos/user/c/cglenn/FCCWork/whizard/whizard_ttbar_spinpol/production/full6f_365gev_ee_ttbar_spinpol_v1/phase11_diagnostics/excess_weight_rootcause_v1/ttbar_restricted_region_suite_v1/restricted/20260816T232058Z_WT_A15xS8_F012_FCC_np1_v1p0p2/fixed/A00_S5/F2/console.log	1
P_A00_S6	adaptive	A00_S6		A00		S6	519963689	958460417	"5:50000:""gw"""					/eos/user/c/cglenn/FCCWork/whizard/whizard_ttbar_spinpol/production/full6f_365gev_ee_ttbar_spinpol_v1/phase11_diagnostics/excess_weight_rootcause_v1/ttbar_restricted_region_suite_v1/restricted/20260816T232058Z_WT_A15xS8_F012_FCC_np1_v1p0p2/adaptive/A00_S6	PASS	PASS	0	516cd15ab307b2e2200ab836ba104f2b55e21d3edc8455005dec435b7310526b	ec08b6f6af56d3fe68dbc6f1b2174de791c0b316ca42f3e0ddcdade0dc5a1a2a		0	1		/eos/user/c/cglenn/FCCWork/whizard/whizard_ttbar_spinpol/production/full6f_365gev_ee_ttbar_spinpol_v1/phase11_diagnostics/excess_weight_rootcause_v1/ttbar_restricted_region_suite_v1/restricted/20260816T232058Z_WT_A15xS8_F012_FCC_np1_v1p0p2/adaptive/A00_S6/console.log	1
C_A00_S6_F0	fixed	A00_S6_F0	A00_S6	A00	F0	S6	519963689	958460417	"5:50000:""gw"""	"3:200000:"""""				/eos/user/c/cglenn/FCCWork/whizard/whizard_ttbar_spinpol/production/full6f_365gev_ee_ttbar_spinpol_v1/phase11_diagnostics/excess_weight_rootcause_v1/ttbar_restricted_region_suite_v1/restricted/20260816T232058Z_WT_A15xS8_F012_FCC_np1_v1p0p2/fixed/A00_S6/F0	PASS	PASS	0	516cd15ab307b2e2200ab836ba104f2b55e21d3edc8455005dec435b7310526b	522707f8696a85012daa65bc53fb5237d14b115aedf7c518939c71e05e0a7814	ec08b6f6af56d3fe68dbc6f1b2174de791c0b316ca42f3e0ddcdade0dc5a1a2a	1	0	1	/eos/user/c/cglenn/FCCWork/whizard/whizard_ttbar_spinpol/production/full6f_365gev_ee_ttbar_spinpol_v1/phase11_diagnostics/excess_weight_rootcause_v1/ttbar_restricted_region_suite_v1/restricted/20260816T232058Z_WT_A15xS8_F012_FCC_np1_v1p0p2/fixed/A00_S6/F0/console.log	1
C_A00_S6_F1	fixed	A00_S6_F1	A00_S6	A00	F1	S6	519963689	958460417	"5:50000:""gw"""	"1:600000:"""""				/eos/user/c/cglenn/FCCWork/whizard/whizard_ttbar_spinpol/production/full6f_365gev_ee_ttbar_spinpol_v1/phase11_diagnostics/excess_weight_rootcause_v1/ttbar_restricted_region_suite_v1/restricted/20260816T232058Z_WT_A15xS8_F012_FCC_np1_v1p0p2/fixed/A00_S6/F1	PASS	PASS	0	516cd15ab307b2e2200ab836ba104f2b55e21d3edc8455005dec435b7310526b	e6a105087a5d664877554ca347a9f5d0f38b0459d3167b8675faa0b31a1c31e7	ec08b6f6af56d3fe68dbc6f1b2174de791c0b316ca42f3e0ddcdade0dc5a1a2a	1	0	1	/eos/user/c/cglenn/FCCWork/whizard/whizard_ttbar_spinpol/production/full6f_365gev_ee_ttbar_spinpol_v1/phase11_diagnostics/excess_weight_rootcause_v1/ttbar_restricted_region_suite_v1/restricted/20260816T232058Z_WT_A15xS8_F012_FCC_np1_v1p0p2/fixed/A00_S6/F1/console.log	1
C_A00_S6_F2	fixed	A00_S6_F2	A00_S6	A00	F2	S6	519963689	958460417	"5:50000:""gw"""	"1:2000000:"""""				/eos/user/c/cglenn/FCCWork/whizard/whizard_ttbar_spinpol/production/full6f_365gev_ee_ttbar_spinpol_v1/phase11_diagnostics/excess_weight_rootcause_v1/ttbar_restricted_region_suite_v1/restricted/20260816T232058Z_WT_A15xS8_F012_FCC_np1_v1p0p2/fixed/A00_S6/F2	PASS	PASS	0	516cd15ab307b2e2200ab836ba104f2b55e21d3edc8455005dec435b7310526b	a99e790e95c388578d8ebd56f795caf58383a85b32f555e613e3c16ff64fe5d0	ec08b6f6af56d3fe68dbc6f1b2174de791c0b316ca42f3e0ddcdade0dc5a1a2a	1	0	1	/eos/user/c/cglenn/FCCWork/whizard/whizard_ttbar_spinpol/production/full6f_365gev_ee_ttbar_spinpol_v1/phase11_diagnostics/excess_weight_rootcause_v1/ttbar_restricted_region_suite_v1/restricted/20260816T232058Z_WT_A15xS8_F012_FCC_np1_v1p0p2/fixed/A00_S6/F2/console.log	1
P_A00_S7	adaptive	A00_S7		A00		S7	1552803368	239117595	"5:50000:""gw"""					/eos/user/c/cglenn/FCCWork/whizard/whizard_ttbar_spinpol/production/full6f_365gev_ee_ttbar_spinpol_v1/phase11_diagnostics/excess_weight_rootcause_v1/ttbar_restricted_region_suite_v1/restricted/20260816T232058Z_WT_A15xS8_F012_FCC_np1_v1p0p2/adaptive/A00_S7	PASS	PASS	0	516cd15ab307b2e2200ab836ba104f2b55e21d3edc8455005dec435b7310526b	45cfd111ecde985049d4be2a619c4fabfc5216aa56dd462c03cbdcb0461e4b80		0	1		/eos/user/c/cglenn/FCCWork/whizard/whizard_ttbar_spinpol/production/full6f_365gev_ee_ttbar_spinpol_v1/phase11_diagnostics/excess_weight_rootcause_v1/ttbar_restricted_region_suite_v1/restricted/20260816T232058Z_WT_A15xS8_F012_FCC_np1_v1p0p2/adaptive/A00_S7/console.log	1
C_A00_S7_F0	fixed	A00_S7_F0	A00_S7	A00	F0	S7	1552803368	239117595	"5:50000:""gw"""	"3:200000:"""""				/eos/user/c/cglenn/FCCWork/whizard/whizard_ttbar_spinpol/production/full6f_365gev_ee_ttbar_spinpol_v1/phase11_diagnostics/excess_weight_rootcause_v1/ttbar_restricted_region_suite_v1/restricted/20260816T232058Z_WT_A15xS8_F012_FCC_np1_v1p0p2/fixed/A00_S7/F0	PASS	PASS	0	516cd15ab307b2e2200ab836ba104f2b55e21d3edc8455005dec435b7310526b	564dd4cbe960cdd5b74dce3a4bc9a300cc19625037ca24ab99a2955904d706bb	45cfd111ecde985049d4be2a619c4fabfc5216aa56dd462c03cbdcb0461e4b80	1	0	1	/eos/user/c/cglenn/FCCWork/whizard/whizard_ttbar_spinpol/production/full6f_365gev_ee_ttbar_spinpol_v1/phase11_diagnostics/excess_weight_rootcause_v1/ttbar_restricted_region_suite_v1/restricted/20260816T232058Z_WT_A15xS8_F012_FCC_np1_v1p0p2/fixed/A00_S7/F0/console.log	1
C_A00_S7_F1	fixed	A00_S7_F1	A00_S7	A00	F1	S7	1552803368	239117595	"5:50000:""gw"""	"1:600000:"""""				/eos/user/c/cglenn/FCCWork/whizard/whizard_ttbar_spinpol/production/full6f_365gev_ee_ttbar_spinpol_v1/phase11_diagnostics/excess_weight_rootcause_v1/ttbar_restricted_region_suite_v1/restricted/20260816T232058Z_WT_A15xS8_F012_FCC_np1_v1p0p2/fixed/A00_S7/F1	PASS	PASS	0	516cd15ab307b2e2200ab836ba104f2b55e21d3edc8455005dec435b7310526b	82bf60e4a530e0c5f61e652cd6fc92ce2d1fc21ef56a03af03b638f07f760a74	45cfd111ecde985049d4be2a619c4fabfc5216aa56dd462c03cbdcb0461e4b80	1	0	1	/eos/user/c/cglenn/FCCWork/whizard/whizard_ttbar_spinpol/production/full6f_365gev_ee_ttbar_spinpol_v1/phase11_diagnostics/excess_weight_rootcause_v1/ttbar_restricted_region_suite_v1/restricted/20260816T232058Z_WT_A15xS8_F012_FCC_np1_v1p0p2/fixed/A00_S7/F1/console.log	1
C_A00_S7_F2	fixed	A00_S7_F2	A00_S7	A00	F2	S7	1552803368	239117595	"5:50000:""gw"""	"1:2000000:"""""				/eos/user/c/cglenn/FCCWork/whizard/whizard_ttbar_spinpol/production/full6f_365gev_ee_ttbar_spinpol_v1/phase11_diagnostics/excess_weight_rootcause_v1/ttbar_restricted_region_suite_v1/restricted/20260816T232058Z_WT_A15xS8_F012_FCC_np1_v1p0p2/fixed/A00_S7/F2	PASS	PASS	0	516cd15ab307b2e2200ab836ba104f2b55e21d3edc8455005dec435b7310526b	69c663d9e89471b6cdd02d5c295da15873df606cb2b7cb1abea904d32e77dcc2	45cfd111ecde985049d4be2a619c4fabfc5216aa56dd462c03cbdcb0461e4b80	1	0	1	/eos/user/c/cglenn/FCCWork/whizard/whizard_ttbar_spinpol/production/full6f_365gev_ee_ttbar_spinpol_v1/phase11_diagnostics/excess_weight_rootcause_v1/ttbar_restricted_region_suite_v1/restricted/20260816T232058Z_WT_A15xS8_F012_FCC_np1_v1p0p2/fixed/A00_S7/F2/console.log	1
P_A01_S0	adaptive	A01_S0		A01		S0	1740114216	648318690	"2:125000:""gw"""					/eos/user/c/cglenn/FCCWork/whizard/whizard_ttbar_spinpol/production/full6f_365gev_ee_ttbar_spinpol_v1/phase11_diagnostics/excess_weight_rootcause_v1/ttbar_restricted_region_suite_v1/restricted/20260816T232058Z_WT_A15xS8_F012_FCC_np1_v1p0p2/adaptive/A01_S0	PASS	PASS	0	516cd15ab307b2e2200ab836ba104f2b55e21d3edc8455005dec435b7310526b	211f620ef9cb9c27c5bcb6573d1fa49d67e83d23f633d56c410733f32e5ebeaf		0	1		/eos/user/c/cglenn/FCCWork/whizard/whizard_ttbar_spinpol/production/full6f_365gev_ee_ttbar_spinpol_v1/phase11_diagnostics/excess_weight_rootcause_v1/ttbar_restricted_region_suite_v1/restricted/20260816T232058Z_WT_A15xS8_F012_FCC_np1_v1p0p2/adaptive/A01_S0/console.log	1
C_A01_S0_F0	fixed	A01_S0_F0	A01_S0	A01	F0	S0	1740114216	648318690	"2:125000:""gw"""	"3:200000:"""""				/eos/user/c/cglenn/FCCWork/whizard/whizard_ttbar_spinpol/production/full6f_365gev_ee_ttbar_spinpol_v1/phase11_diagnostics/excess_weight_rootcause_v1/ttbar_restricted_region_suite_v1/restricted/20260816T232058Z_WT_A15xS8_F012_FCC_np1_v1p0p2/fixed/A01_S0/F0	PASS	PASS	0	516cd15ab307b2e2200ab836ba104f2b55e21d3edc8455005dec435b7310526b	71e3cf28abfed537f58169aad702caf9ec1003776e0e581227225bec713d9408	211f620ef9cb9c27c5bcb6573d1fa49d67e83d23f633d56c410733f32e5ebeaf	1	0	1	/eos/user/c/cglenn/FCCWork/whizard/whizard_ttbar_spinpol/production/full6f_365gev_ee_ttbar_spinpol_v1/phase11_diagnostics/excess_weight_rootcause_v1/ttbar_restricted_region_suite_v1/restricted/20260816T232058Z_WT_A15xS8_F012_FCC_np1_v1p0p2/fixed/A01_S0/F0/console.log	1
C_A01_S0_F1	fixed	A01_S0_F1	A01_S0	A01	F1	S0	1740114216	648318690	"2:125000:""gw"""	"1:600000:"""""				/eos/user/c/cglenn/FCCWork/whizard/whizard_ttbar_spinpol/production/full6f_365gev_ee_ttbar_spinpol_v1/phase11_diagnostics/excess_weight_rootcause_v1/ttbar_restricted_region_suite_v1/restricted/20260816T232058Z_WT_A15xS8_F012_FCC_np1_v1p0p2/fixed/A01_S0/F1	PASS	PASS	0	516cd15ab307b2e2200ab836ba104f2b55e21d3edc8455005dec435b7310526b	cfecf7ddf977c76f9c9f2eec444088dda4ade25b25c16387fd67ba6f62bbfda7	211f620ef9cb9c27c5bcb6573d1fa49d67e83d23f633d56c410733f32e5ebeaf	1	0	1	/eos/user/c/cglenn/FCCWork/whizard/whizard_ttbar_spinpol/production/full6f_365gev_ee_ttbar_spinpol_v1/phase11_diagnostics/excess_weight_rootcause_v1/ttbar_restricted_region_suite_v1/restricted/20260816T232058Z_WT_A15xS8_F012_FCC_np1_v1p0p2/fixed/A01_S0/F1/console.log	1
C_A01_S0_F2	fixed	A01_S0_F2	A01_S0	A01	F2	S0	1740114216	648318690	"2:125000:""gw"""	"1:2000000:"""""				/eos/user/c/cglenn/FCCWork/whizard/whizard_ttbar_spinpol/production/full6f_365gev_ee_ttbar_spinpol_v1/phase11_diagnostics/excess_weight_rootcause_v1/ttbar_restricted_region_suite_v1/restricted/20260816T232058Z_WT_A15xS8_F012_FCC_np1_v1p0p2/fixed/A01_S0/F2	PASS	PASS	0	516cd15ab307b2e2200ab836ba104f2b55e21d3edc8455005dec435b7310526b	c3cfd9f91b685dc4c7e5c68c4a58a876f9c251f465fe0833f8f6fb6991e6ad70	211f620ef9cb9c27c5bcb6573d1fa49d67e83d23f633d56c410733f32e5ebeaf	1	0	1	/eos/user/c/cglenn/FCCWork/whizard/whizard_ttbar_spinpol/production/full6f_365gev_ee_ttbar_spinpol_v1/phase11_diagnostics/excess_weight_rootcause_v1/ttbar_restricted_region_suite_v1/restricted/20260816T232058Z_WT_A15xS8_F012_FCC_np1_v1p0p2/fixed/A01_S0/F2/console.log	1
P_A01_S1	adaptive	A01_S1		A01		S1	1751949026	1404282457	"2:125000:""gw"""					/eos/user/c/cglenn/FCCWork/whizard/whizard_ttbar_spinpol/production/full6f_365gev_ee_ttbar_spinpol_v1/phase11_diagnostics/excess_weight_rootcause_v1/ttbar_restricted_region_suite_v1/restricted/20260816T232058Z_WT_A15xS8_F012_FCC_np1_v1p0p2/adaptive/A01_S1	PASS	PASS	0	516cd15ab307b2e2200ab836ba104f2b55e21d3edc8455005dec435b7310526b	e69fc308985219fc3b2c2a889a50afb2b0a51ddc7977cf0db80dce17a54a960f		0	1		/eos/user/c/cglenn/FCCWork/whizard/whizard_ttbar_spinpol/production/full6f_365gev_ee_ttbar_spinpol_v1/phase11_diagnostics/excess_weight_rootcause_v1/ttbar_restricted_region_suite_v1/restricted/20260816T232058Z_WT_A15xS8_F012_FCC_np1_v1p0p2/adaptive/A01_S1/console.log	1
C_A01_S1_F0	fixed	A01_S1_F0	A01_S1	A01	F0	S1	1751949026	1404282457	"2:125000:""gw"""	"3:200000:"""""				/eos/user/c/cglenn/FCCWork/whizard/whizard_ttbar_spinpol/production/full6f_365gev_ee_ttbar_spinpol_v1/phase11_diagnostics/excess_weight_rootcause_v1/ttbar_restricted_region_suite_v1/restricted/20260816T232058Z_WT_A15xS8_F012_FCC_np1_v1p0p2/fixed/A01_S1/F0	PASS	PASS	0	516cd15ab307b2e2200ab836ba104f2b55e21d3edc8455005dec435b7310526b	0bca06bec13d762b5e1f4d22eed17e0be82717336ccca21330712b41e180d2ab	e69fc308985219fc3b2c2a889a50afb2b0a51ddc7977cf0db80dce17a54a960f	1	0	1	/eos/user/c/cglenn/FCCWork/whizard/whizard_ttbar_spinpol/production/full6f_365gev_ee_ttbar_spinpol_v1/phase11_diagnostics/excess_weight_rootcause_v1/ttbar_restricted_region_suite_v1/restricted/20260816T232058Z_WT_A15xS8_F012_FCC_np1_v1p0p2/fixed/A01_S1/F0/console.log	1
C_A01_S1_F1	fixed	A01_S1_F1	A01_S1	A01	F1	S1	1751949026	1404282457	"2:125000:""gw"""	"1:600000:"""""				/eos/user/c/cglenn/FCCWork/whizard/whizard_ttbar_spinpol/production/full6f_365gev_ee_ttbar_spinpol_v1/phase11_diagnostics/excess_weight_rootcause_v1/ttbar_restricted_region_suite_v1/restricted/20260816T232058Z_WT_A15xS8_F012_FCC_np1_v1p0p2/fixed/A01_S1/F1	PASS	PASS	0	516cd15ab307b2e2200ab836ba104f2b55e21d3edc8455005dec435b7310526b	5d2f8f8f9c1d90b303b24ac29888d9c69411ce5b9864f79c2d9fe4e86b349876	e69fc308985219fc3b2c2a889a50afb2b0a51ddc7977cf0db80dce17a54a960f	1	0	1	/eos/user/c/cglenn/FCCWork/whizard/whizard_ttbar_spinpol/production/full6f_365gev_ee_ttbar_spinpol_v1/phase11_diagnostics/excess_weight_rootcause_v1/ttbar_restricted_region_suite_v1/restricted/20260816T232058Z_WT_A15xS8_F012_FCC_np1_v1p0p2/fixed/A01_S1/F1/console.log	1
C_A01_S1_F2	fixed	A01_S1_F2	A01_S1	A01	F2	S1	1751949026	1404282457	"2:125000:""gw"""	"1:2000000:"""""				/eos/user/c/cglenn/FCCWork/whizard/whizard_ttbar_spinpol/production/full6f_365gev_ee_ttbar_spinpol_v1/phase11_diagnostics/excess_weight_rootcause_v1/ttbar_restricted_region_suite_v1/restricted/20260816T232058Z_WT_A15xS8_F012_FCC_np1_v1p0p2/fixed/A01_S1/F2	PASS	PASS	0	516cd15ab307b2e2200ab836ba104f2b55e21d3edc8455005dec435b7310526b	0b43edf7a0d0d4ca690810abfdd04b47a04401a185e3d30c8c9afca385245330	e69fc308985219fc3b2c2a889a50afb2b0a51ddc7977cf0db80dce17a54a960f	1	0	1	/eos/user/c/cglenn/FCCWork/whizard/whizard_ttbar_spinpol/production/full6f_365gev_ee_ttbar_spinpol_v1/phase11_diagnostics/excess_weight_rootcause_v1/ttbar_restricted_region_suite_v1/restricted/20260816T232058Z_WT_A15xS8_F012_FCC_np1_v1p0p2/fixed/A01_S1/F2/console.log	1
P_A01_S2	adaptive	A01_S2		A01		S2	1885084773	1596606550	"2:125000:""gw"""					/eos/user/c/cglenn/FCCWork/whizard/whizard_ttbar_spinpol/production/full6f_365gev_ee_ttbar_spinpol_v1/phase11_diagnostics/excess_weight_rootcause_v1/ttbar_restricted_region_suite_v1/restricted/20260816T232058Z_WT_A15xS8_F012_FCC_np1_v1p0p2/adaptive/A01_S2	PASS	PASS	0	516cd15ab307b2e2200ab836ba104f2b55e21d3edc8455005dec435b7310526b	96820b592a413257146c892e0e19230a00e25f88965b595b56d49e9137e427e4		0	1		/eos/user/c/cglenn/FCCWork/whizard/whizard_ttbar_spinpol/production/full6f_365gev_ee_ttbar_spinpol_v1/phase11_diagnostics/excess_weight_rootcause_v1/ttbar_restricted_region_suite_v1/restricted/20260816T232058Z_WT_A15xS8_F012_FCC_np1_v1p0p2/adaptive/A01_S2/console.log	1
C_A01_S2_F0	fixed	A01_S2_F0	A01_S2	A01	F0	S2	1885084773	1596606550	"2:125000:""gw"""	"3:200000:"""""				/eos/user/c/cglenn/FCCWork/whizard/whizard_ttbar_spinpol/production/full6f_365gev_ee_ttbar_spinpol_v1/phase11_diagnostics/excess_weight_rootcause_v1/ttbar_restricted_region_suite_v1/restricted/20260816T232058Z_WT_A15xS8_F012_FCC_np1_v1p0p2/fixed/A01_S2/F0	PASS	PASS	0	516cd15ab307b2e2200ab836ba104f2b55e21d3edc8455005dec435b7310526b	9d5d1720bdb49d97fb32c2cf132d27f6fc5c1b21873c0f5a90e9dbda5416fc75	96820b592a413257146c892e0e19230a00e25f88965b595b56d49e9137e427e4	1	0	1	/eos/user/c/cglenn/FCCWork/whizard/whizard_ttbar_spinpol/production/full6f_365gev_ee_ttbar_spinpol_v1/phase11_diagnostics/excess_weight_rootcause_v1/ttbar_restricted_region_suite_v1/restricted/20260816T232058Z_WT_A15xS8_F012_FCC_np1_v1p0p2/fixed/A01_S2/F0/console.log	1
C_A01_S2_F1	fixed	A01_S2_F1	A01_S2	A01	F1	S2	1885084773	1596606550	"2:125000:""gw"""	"1:600000:"""""				/eos/user/c/cglenn/FCCWork/whizard/whizard_ttbar_spinpol/production/full6f_365gev_ee_ttbar_spinpol_v1/phase11_diagnostics/excess_weight_rootcause_v1/ttbar_restricted_region_suite_v1/restricted/20260816T232058Z_WT_A15xS8_F012_FCC_np1_v1p0p2/fixed/A01_S2/F1	PASS	PASS	0	516cd15ab307b2e2200ab836ba104f2b55e21d3edc8455005dec435b7310526b	be6d9fe2de965399ffff4930a824c2e1f2e5c3aff3ff71e23105e8352b95c65a	96820b592a413257146c892e0e19230a00e25f88965b595b56d49e9137e427e4	1	0	1	/eos/user/c/cglenn/FCCWork/whizard/whizard_ttbar_spinpol/production/full6f_365gev_ee_ttbar_spinpol_v1/phase11_diagnostics/excess_weight_rootcause_v1/ttbar_restricted_region_suite_v1/restricted/20260816T232058Z_WT_A15xS8_F012_FCC_np1_v1p0p2/fixed/A01_S2/F1/console.log	1
C_A01_S2_F2	fixed	A01_S2_F2	A01_S2	A01	F2	S2	1885084773	1596606550	"2:125000:""gw"""	"1:2000000:"""""				/eos/user/c/cglenn/FCCWork/whizard/whizard_ttbar_spinpol/production/full6f_365gev_ee_ttbar_spinpol_v1/phase11_diagnostics/excess_weight_rootcause_v1/ttbar_restricted_region_suite_v1/restricted/20260816T232058Z_WT_A15xS8_F012_FCC_np1_v1p0p2/fixed/A01_S2/F2	PASS	PASS	0	516cd15ab307b2e2200ab836ba104f2b55e21d3edc8455005dec435b7310526b	424d4492e36d80bb9cd66b8d20d0123314f133f67e2916af5ca6cf0fbd26a968	96820b592a413257146c892e0e19230a00e25f88965b595b56d49e9137e427e4	1	0	1	/eos/user/c/cglenn/FCCWork/whizard/whizard_ttbar_spinpol/production/full6f_365gev_ee_ttbar_spinpol_v1/phase11_diagnostics/excess_weight_rootcause_v1/ttbar_restricted_region_suite_v1/restricted/20260816T232058Z_WT_A15xS8_F012_FCC_np1_v1p0p2/fixed/A01_S2/F2/console.log	1
P_A01_S3	adaptive	A01_S3		A01		S3	134326786	769890491	"2:125000:""gw"""					/eos/user/c/cglenn/FCCWork/whizard/whizard_ttbar_spinpol/production/full6f_365gev_ee_ttbar_spinpol_v1/phase11_diagnostics/excess_weight_rootcause_v1/ttbar_restricted_region_suite_v1/restricted/20260816T232058Z_WT_A15xS8_F012_FCC_np1_v1p0p2/adaptive/A01_S3	PASS	PASS	0	516cd15ab307b2e2200ab836ba104f2b55e21d3edc8455005dec435b7310526b	ddbf3b5cb89cccb95af6a2a8506e4a8446ffcdcab8710c6bf4d5f52af91b4c51		0	1		/eos/user/c/cglenn/FCCWork/whizard/whizard_ttbar_spinpol/production/full6f_365gev_ee_ttbar_spinpol_v1/phase11_diagnostics/excess_weight_rootcause_v1/ttbar_restricted_region_suite_v1/restricted/20260816T232058Z_WT_A15xS8_F012_FCC_np1_v1p0p2/adaptive/A01_S3/console.log	1
C_A01_S3_F0	fixed	A01_S3_F0	A01_S3	A01	F0	S3	134326786	769890491	"2:125000:""gw"""	"3:200000:"""""				/eos/user/c/cglenn/FCCWork/whizard/whizard_ttbar_spinpol/production/full6f_365gev_ee_ttbar_spinpol_v1/phase11_diagnostics/excess_weight_rootcause_v1/ttbar_restricted_region_suite_v1/restricted/20260816T232058Z_WT_A15xS8_F012_FCC_np1_v1p0p2/fixed/A01_S3/F0	PASS	PASS	0	516cd15ab307b2e2200ab836ba104f2b55e21d3edc8455005dec435b7310526b	186b81071b38f01d3da161c67f6693daa7666a8b8cd8fde287aa19f87c146ca4	ddbf3b5cb89cccb95af6a2a8506e4a8446ffcdcab8710c6bf4d5f52af91b4c51	1	0	1	/eos/user/c/cglenn/FCCWork/whizard/whizard_ttbar_spinpol/production/full6f_365gev_ee_ttbar_spinpol_v1/phase11_diagnostics/excess_weight_rootcause_v1/ttbar_restricted_region_suite_v1/restricted/20260816T232058Z_WT_A15xS8_F012_FCC_np1_v1p0p2/fixed/A01_S3/F0/console.log	1
C_A01_S3_F1	fixed	A01_S3_F1	A01_S3	A01	F1	S3	134326786	769890491	"2:125000:""gw"""	"1:600000:"""""				/eos/user/c/cglenn/FCCWork/whizard/whizard_ttbar_spinpol/production/full6f_365gev_ee_ttbar_spinpol_v1/phase11_diagnostics/excess_weight_rootcause_v1/ttbar_restricted_region_suite_v1/restricted/20260816T232058Z_WT_A15xS8_F012_FCC_np1_v1p0p2/fixed/A01_S3/F1	PASS	PASS	0	516cd15ab307b2e2200ab836ba104f2b55e21d3edc8455005dec435b7310526b	29b88183946622866cfb3f187a17b0f678afd9894c028d9628894f4432bd6b7b	ddbf3b5cb89cccb95af6a2a8506e4a8446ffcdcab8710c6bf4d5f52af91b4c51	1	0	1	/eos/user/c/cglenn/FCCWork/whizard/whizard_ttbar_spinpol/production/full6f_365gev_ee_ttbar_spinpol_v1/phase11_diagnostics/excess_weight_rootcause_v1/ttbar_restricted_region_suite_v1/restricted/20260816T232058Z_WT_A15xS8_F012_FCC_np1_v1p0p2/fixed/A01_S3/F1/console.log	1
C_A01_S3_F2	fixed	A01_S3_F2	A01_S3	A01	F2	S3	134326786	769890491	"2:125000:""gw"""	"1:2000000:"""""				/eos/user/c/cglenn/FCCWork/whizard/whizard_ttbar_spinpol/production/full6f_365gev_ee_ttbar_spinpol_v1/phase11_diagnostics/excess_weight_rootcause_v1/ttbar_restricted_region_suite_v1/restricted/20260816T232058Z_WT_A15xS8_F012_FCC_np1_v1p0p2/fixed/A01_S3/F2	PASS	PASS	0	516cd15ab307b2e2200ab836ba104f2b55e21d3edc8455005dec435b7310526b	d0a5de0214db7f6561ed776cea44ce55432c0ea0c6495de58f2af7fd813f31ac	ddbf3b5cb89cccb95af6a2a8506e4a8446ffcdcab8710c6bf4d5f52af91b4c51	1	0	1	/eos/user/c/cglenn/FCCWork/whizard/whizard_ttbar_spinpol/production/full6f_365gev_ee_ttbar_spinpol_v1/phase11_diagnostics/excess_weight_rootcause_v1/ttbar_restricted_region_suite_v1/restricted/20260816T232058Z_WT_A15xS8_F012_FCC_np1_v1p0p2/fixed/A01_S3/F2/console.log	1
P_A01_S4	adaptive	A01_S4		A01		S4	249371675	462903030	"2:125000:""gw"""					/eos/user/c/cglenn/FCCWork/whizard/whizard_ttbar_spinpol/production/full6f_365gev_ee_ttbar_spinpol_v1/phase11_diagnostics/excess_weight_rootcause_v1/ttbar_restricted_region_suite_v1/restricted/20260816T232058Z_WT_A15xS8_F012_FCC_np1_v1p0p2/adaptive/A01_S4	PASS	PASS	0	516cd15ab307b2e2200ab836ba104f2b55e21d3edc8455005dec435b7310526b	f890215ffe7d001235ebc6f23e332a3287fe2629f7e0686432b46ed8e11dea42		0	1		/eos/user/c/cglenn/FCCWork/whizard/whizard_ttbar_spinpol/production/full6f_365gev_ee_ttbar_spinpol_v1/phase11_diagnostics/excess_weight_rootcause_v1/ttbar_restricted_region_suite_v1/restricted/20260816T232058Z_WT_A15xS8_F012_FCC_np1_v1p0p2/adaptive/A01_S4/console.log	1
C_A01_S4_F0	fixed	A01_S4_F0	A01_S4	A01	F0	S4	249371675	462903030	"2:125000:""gw"""	"3:200000:"""""				/eos/user/c/cglenn/FCCWork/whizard/whizard_ttbar_spinpol/production/full6f_365gev_ee_ttbar_spinpol_v1/phase11_diagnostics/excess_weight_rootcause_v1/ttbar_restricted_region_suite_v1/restricted/20260816T232058Z_WT_A15xS8_F012_FCC_np1_v1p0p2/fixed/A01_S4/F0	PASS	PASS	0	516cd15ab307b2e2200ab836ba104f2b55e21d3edc8455005dec435b7310526b	1a620c926d4320b5e27bd83c8617735a28fa03c05cbacc9b9b37aacac3e6fd18	f890215ffe7d001235ebc6f23e332a3287fe2629f7e0686432b46ed8e11dea42	1	0	1	/eos/user/c/cglenn/FCCWork/whizard/whizard_ttbar_spinpol/production/full6f_365gev_ee_ttbar_spinpol_v1/phase11_diagnostics/excess_weight_rootcause_v1/ttbar_restricted_region_suite_v1/restricted/20260816T232058Z_WT_A15xS8_F012_FCC_np1_v1p0p2/fixed/A01_S4/F0/console.log	1
C_A01_S4_F1	fixed	A01_S4_F1	A01_S4	A01	F1	S4	249371675	462903030	"2:125000:""gw"""	"1:600000:"""""				/eos/user/c/cglenn/FCCWork/whizard/whizard_ttbar_spinpol/production/full6f_365gev_ee_ttbar_spinpol_v1/phase11_diagnostics/excess_weight_rootcause_v1/ttbar_restricted_region_suite_v1/restricted/20260816T232058Z_WT_A15xS8_F012_FCC_np1_v1p0p2/fixed/A01_S4/F1	PASS	PASS	0	516cd15ab307b2e2200ab836ba104f2b55e21d3edc8455005dec435b7310526b	4452d63d68cc1baad9d300ecaf44a94fe7a7c0471ec6aff1bfb7e4c5b712faf2	f890215ffe7d001235ebc6f23e332a3287fe2629f7e0686432b46ed8e11dea42	1	0	1	/eos/user/c/cglenn/FCCWork/whizard/whizard_ttbar_spinpol/production/full6f_365gev_ee_ttbar_spinpol_v1/phase11_diagnostics/excess_weight_rootcause_v1/ttbar_restricted_region_suite_v1/restricted/20260816T232058Z_WT_A15xS8_F012_FCC_np1_v1p0p2/fixed/A01_S4/F1/console.log	1
C_A01_S4_F2	fixed	A01_S4_F2	A01_S4	A01	F2	S4	249371675	462903030	"2:125000:""gw"""	"1:2000000:"""""				/eos/user/c/cglenn/FCCWork/whizard/whizard_ttbar_spinpol/production/full6f_365gev_ee_ttbar_spinpol_v1/phase11_diagnostics/excess_weight_rootcause_v1/ttbar_restricted_region_suite_v1/restricted/20260816T232058Z_WT_A15xS8_F012_FCC_np1_v1p0p2/fixed/A01_S4/F2	PASS	PASS	0	516cd15ab307b2e2200ab836ba104f2b55e21d3edc8455005dec435b7310526b	fdb8285184adcdc778ec7b05044d6da2668c247ba1d10e013e769470ed94781c	f890215ffe7d001235ebc6f23e332a3287fe2629f7e0686432b46ed8e11dea42	1	0	1	/eos/user/c/cglenn/FCCWork/whizard/whizard_ttbar_spinpol/production/full6f_365gev_ee_ttbar_spinpol_v1/phase11_diagnostics/excess_weight_rootcause_v1/ttbar_restricted_region_suite_v1/restricted/20260816T232058Z_WT_A15xS8_F012_FCC_np1_v1p0p2/fixed/A01_S4/F2/console.log	1
P_A01_S5	adaptive	A01_S5		A01		S5	531087687	197846737	"2:125000:""gw"""					/eos/user/c/cglenn/FCCWork/whizard/whizard_ttbar_spinpol/production/full6f_365gev_ee_ttbar_spinpol_v1/phase11_diagnostics/excess_weight_rootcause_v1/ttbar_restricted_region_suite_v1/restricted/20260816T232058Z_WT_A15xS8_F012_FCC_np1_v1p0p2/adaptive/A01_S5	PASS	PASS	0	516cd15ab307b2e2200ab836ba104f2b55e21d3edc8455005dec435b7310526b	7ebea20f0beb04d1b57434a207669d0df1c65cb0b85c805f23e5d36a603f936e		0	1		/eos/user/c/cglenn/FCCWork/whizard/whizard_ttbar_spinpol/production/full6f_365gev_ee_ttbar_spinpol_v1/phase11_diagnostics/excess_weight_rootcause_v1/ttbar_restricted_region_suite_v1/restricted/20260816T232058Z_WT_A15xS8_F012_FCC_np1_v1p0p2/adaptive/A01_S5/console.log	1
C_A01_S5_F0	fixed	A01_S5_F0	A01_S5	A01	F0	S5	531087687	197846737	"2:125000:""gw"""	"3:200000:"""""				/eos/user/c/cglenn/FCCWork/whizard/whizard_ttbar_spinpol/production/full6f_365gev_ee_ttbar_spinpol_v1/phase11_diagnostics/excess_weight_rootcause_v1/ttbar_restricted_region_suite_v1/restricted/20260816T232058Z_WT_A15xS8_F012_FCC_np1_v1p0p2/fixed/A01_S5/F0	PASS	PASS	0	516cd15ab307b2e2200ab836ba104f2b55e21d3edc8455005dec435b7310526b	91985425d6ec8357b8277fc113d1ce225019e4799fdbbee858e5daf0c7d4d8d5	7ebea20f0beb04d1b57434a207669d0df1c65cb0b85c805f23e5d36a603f936e	1	0	1	/eos/user/c/cglenn/FCCWork/whizard/whizard_ttbar_spinpol/production/full6f_365gev_ee_ttbar_spinpol_v1/phase11_diagnostics/excess_weight_rootcause_v1/ttbar_restricted_region_suite_v1/restricted/20260816T232058Z_WT_A15xS8_F012_FCC_np1_v1p0p2/fixed/A01_S5/F0/console.log	1
C_A01_S5_F1	fixed	A01_S5_F1	A01_S5	A01	F1	S5	531087687	197846737	"2:125000:""gw"""	"1:600000:"""""				/eos/user/c/cglenn/FCCWork/whizard/whizard_ttbar_spinpol/production/full6f_365gev_ee_ttbar_spinpol_v1/phase11_diagnostics/excess_weight_rootcause_v1/ttbar_restricted_region_suite_v1/restricted/20260816T232058Z_WT_A15xS8_F012_FCC_np1_v1p0p2/fixed/A01_S5/F1	PASS	PASS	0	516cd15ab307b2e2200ab836ba104f2b55e21d3edc8455005dec435b7310526b	32728a39a8b8523d53c52889a59abaeba14a708efee1137b72d77d73fa61b129	7ebea20f0beb04d1b57434a207669d0df1c65cb0b85c805f23e5d36a603f936e	1	0	1	/eos/user/c/cglenn/FCCWork/whizard/whizard_ttbar_spinpol/production/full6f_365gev_ee_ttbar_spinpol_v1/phase11_diagnostics/excess_weight_rootcause_v1/ttbar_restricted_region_suite_v1/restricted/20260816T232058Z_WT_A15xS8_F012_FCC_np1_v1p0p2/fixed/A01_S5/F1/console.log	1
C_A01_S5_F2	fixed	A01_S5_F2	A01_S5	A01	F2	S5	531087687	197846737	"2:125000:""gw"""	"1:2000000:"""""				/eos/user/c/cglenn/FCCWork/whizard/whizard_ttbar_spinpol/production/full6f_365gev_ee_ttbar_spinpol_v1/phase11_diagnostics/excess_weight_rootcause_v1/ttbar_restricted_region_suite_v1/restricted/20260816T232058Z_WT_A15xS8_F012_FCC_np1_v1p0p2/fixed/A01_S5/F2	PASS	PASS	0	516cd15ab307b2e2200ab836ba104f2b55e21d3edc8455005dec435b7310526b	04ad394ac47d420eae49aaed4c02cfd209d1db3f0fb61b728879b1134ea4a03e	7ebea20f0beb04d1b57434a207669d0df1c65cb0b85c805f23e5d36a603f936e	1	0	1	/eos/user/c/cglenn/FCCWork/whizard/whizard_ttbar_spinpol/production/full6f_365gev_ee_ttbar_spinpol_v1/phase11_diagnostics/excess_weight_rootcause_v1/ttbar_restricted_region_suite_v1/restricted/20260816T232058Z_WT_A15xS8_F012_FCC_np1_v1p0p2/fixed/A01_S5/F2/console.log	1
P_A01_S6	adaptive	A01_S6		A01		S6	519963689	958460417	"2:125000:""gw"""					/eos/user/c/cglenn/FCCWork/whizard/whizard_ttbar_spinpol/production/full6f_365gev_ee_ttbar_spinpol_v1/phase11_diagnostics/excess_weight_rootcause_v1/ttbar_restricted_region_suite_v1/restricted/20260816T232058Z_WT_A15xS8_F012_FCC_np1_v1p0p2/adaptive/A01_S6	PASS	PASS	0	516cd15ab307b2e2200ab836ba104f2b55e21d3edc8455005dec435b7310526b	05bdd81d301c0c8f60fe1048d2f88c12e112511d484513806d62e41b2548c096		0	1		/eos/user/c/cglenn/FCCWork/whizard/whizard_ttbar_spinpol/production/full6f_365gev_ee_ttbar_spinpol_v1/phase11_diagnostics/excess_weight_rootcause_v1/ttbar_restricted_region_suite_v1/restricted/20260816T232058Z_WT_A15xS8_F012_FCC_np1_v1p0p2/adaptive/A01_S6/console.log	1
C_A01_S6_F0	fixed	A01_S6_F0	A01_S6	A01	F0	S6	519963689	958460417	"2:125000:""gw"""	"3:200000:"""""				/eos/user/c/cglenn/FCCWork/whizard/whizard_ttbar_spinpol/production/full6f_365gev_ee_ttbar_spinpol_v1/phase11_diagnostics/excess_weight_rootcause_v1/ttbar_restricted_region_suite_v1/restricted/20260816T232058Z_WT_A15xS8_F012_FCC_np1_v1p0p2/fixed/A01_S6/F0	PASS	PASS	0	516cd15ab307b2e2200ab836ba104f2b55e21d3edc8455005dec435b7310526b	f3ee8161b479fe9578a6da7b60769b5616c938099f8bc4e1e93ecb1485112128	05bdd81d301c0c8f60fe1048d2f88c12e112511d484513806d62e41b2548c096	1	0	1	/eos/user/c/cglenn/FCCWork/whizard/whizard_ttbar_spinpol/production/full6f_365gev_ee_ttbar_spinpol_v1/phase11_diagnostics/excess_weight_rootcause_v1/ttbar_restricted_region_suite_v1/restricted/20260816T232058Z_WT_A15xS8_F012_FCC_np1_v1p0p2/fixed/A01_S6/F0/console.log	1
C_A01_S6_F1	fixed	A01_S6_F1	A01_S6	A01	F1	S6	519963689	958460417	"2:125000:""gw"""	"1:600000:"""""				/eos/user/c/cglenn/FCCWork/whizard/whizard_ttbar_spinpol/production/full6f_365gev_ee_ttbar_spinpol_v1/phase11_diagnostics/excess_weight_rootcause_v1/ttbar_restricted_region_suite_v1/restricted/20260816T232058Z_WT_A15xS8_F012_FCC_np1_v1p0p2/fixed/A01_S6/F1	PASS	PASS	0	516cd15ab307b2e2200ab836ba104f2b55e21d3edc8455005dec435b7310526b	4b2d966b38e267558ee3a048270fdb1e6585ba43893e466a9afd7d0e0e5666c8	05bdd81d301c0c8f60fe1048d2f88c12e112511d484513806d62e41b2548c096	1	0	1	/eos/user/c/cglenn/FCCWork/whizard/whizard_ttbar_spinpol/production/full6f_365gev_ee_ttbar_spinpol_v1/phase11_diagnostics/excess_weight_rootcause_v1/ttbar_restricted_region_suite_v1/restricted/20260816T232058Z_WT_A15xS8_F012_FCC_np1_v1p0p2/fixed/A01_S6/F1/console.log	1
C_A01_S6_F2	fixed	A01_S6_F2	A01_S6	A01	F2	S6	519963689	958460417	"2:125000:""gw"""	"1:2000000:"""""				/eos/user/c/cglenn/FCCWork/whizard/whizard_ttbar_spinpol/production/full6f_365gev_ee_ttbar_spinpol_v1/phase11_diagnostics/excess_weight_rootcause_v1/ttbar_restricted_region_suite_v1/restricted/20260816T232058Z_WT_A15xS8_F012_FCC_np1_v1p0p2/fixed/A01_S6/F2	PASS	PASS	0	516cd15ab307b2e2200ab836ba104f2b55e21d3edc8455005dec435b7310526b	798445dd08e1618b290ff04d83e7b4d03cfb93d3c4f98cc022a5f449127a772b	05bdd81d301c0c8f60fe1048d2f88c12e112511d484513806d62e41b2548c096	1	0	1	/eos/user/c/cglenn/FCCWork/whizard/whizard_ttbar_spinpol/production/full6f_365gev_ee_ttbar_spinpol_v1/phase11_diagnostics/excess_weight_rootcause_v1/ttbar_restricted_region_suite_v1/restricted/20260816T232058Z_WT_A15xS8_F012_FCC_np1_v1p0p2/fixed/A01_S6/F2/console.log	1
P_A01_S7	adaptive	A01_S7		A01		S7	1552803368	239117595	"2:125000:""gw"""					/eos/user/c/cglenn/FCCWork/whizard/whizard_ttbar_spinpol/production/full6f_365gev_ee_ttbar_spinpol_v1/phase11_diagnostics/excess_weight_rootcause_v1/ttbar_restricted_region_suite_v1/restricted/20260816T232058Z_WT_A15xS8_F012_FCC_np1_v1p0p2/adaptive/A01_S7	PASS	PASS	0	516cd15ab307b2e2200ab836ba104f2b55e21d3edc8455005dec435b7310526b	b3caf1709211352a6f2c0e2438b13136b18be34f3e293a35c2bc53d7e90fddce		0	1		/eos/user/c/cglenn/FCCWork/whizard/whizard_ttbar_spinpol/production/full6f_365gev_ee_ttbar_spinpol_v1/phase11_diagnostics/excess_weight_rootcause_v1/ttbar_restricted_region_suite_v1/restricted/20260816T232058Z_WT_A15xS8_F012_FCC_np1_v1p0p2/adaptive/A01_S7/console.log	1
C_A01_S7_F0	fixed	A01_S7_F0	A01_S7	A01	F0	S7	1552803368	239117595	"2:125000:""gw"""	"3:200000:"""""				/eos/user/c/cglenn/FCCWork/whizard/whizard_ttbar_spinpol/production/full6f_365gev_ee_ttbar_spinpol_v1/phase11_diagnostics/excess_weight_rootcause_v1/ttbar_restricted_region_suite_v1/restricted/20260816T232058Z_WT_A15xS8_F012_FCC_np1_v1p0p2/fixed/A01_S7/F0	PASS	PASS	0	516cd15ab307b2e2200ab836ba104f2b55e21d3edc8455005dec435b7310526b	429bca63aa81f7f211dfb4f620e653f2ef7b7e727ff1db1ec1cfe8c2a7571950	b3caf1709211352a6f2c0e2438b13136b18be34f3e293a35c2bc53d7e90fddce	1	0	1	/eos/user/c/cglenn/FCCWork/whizard/whizard_ttbar_spinpol/production/full6f_365gev_ee_ttbar_spinpol_v1/phase11_diagnostics/excess_weight_rootcause_v1/ttbar_restricted_region_suite_v1/restricted/20260816T232058Z_WT_A15xS8_F012_FCC_np1_v1p0p2/fixed/A01_S7/F0/console.log	1
C_A01_S7_F1	fixed	A01_S7_F1	A01_S7	A01	F1	S7	1552803368	239117595	"2:125000:""gw"""	"1:600000:"""""				/eos/user/c/cglenn/FCCWork/whizard/whizard_ttbar_spinpol/production/full6f_365gev_ee_ttbar_spinpol_v1/phase11_diagnostics/excess_weight_rootcause_v1/ttbar_restricted_region_suite_v1/restricted/20260816T232058Z_WT_A15xS8_F012_FCC_np1_v1p0p2/fixed/A01_S7/F1	PASS	PASS	0	516cd15ab307b2e2200ab836ba104f2b55e21d3edc8455005dec435b7310526b	9a4dc407f4941cb874bfbefafad9ed35bb4572edf64a78b1b584da5426591364	b3caf1709211352a6f2c0e2438b13136b18be34f3e293a35c2bc53d7e90fddce	1	0	1	/eos/user/c/cglenn/FCCWork/whizard/whizard_ttbar_spinpol/production/full6f_365gev_ee_ttbar_spinpol_v1/phase11_diagnostics/excess_weight_rootcause_v1/ttbar_restricted_region_suite_v1/restricted/20260816T232058Z_WT_A15xS8_F012_FCC_np1_v1p0p2/fixed/A01_S7/F1/console.log	1
C_A01_S7_F2	fixed	A01_S7_F2	A01_S7	A01	F2	S7	1552803368	239117595	"2:125000:""gw"""	"1:2000000:"""""				/eos/user/c/cglenn/FCCWork/whizard/whizard_ttbar_spinpol/production/full6f_365gev_ee_ttbar_spinpol_v1/phase11_diagnostics/excess_weight_rootcause_v1/ttbar_restricted_region_suite_v1/restricted/20260816T232058Z_WT_A15xS8_F012_FCC_np1_v1p0p2/fixed/A01_S7/F2	PASS	PASS	0	516cd15ab307b2e2200ab836ba104f2b55e21d3edc8455005dec435b7310526b	dc94cd8b356ee6abb6ce04a88fcb90a4fb98bbcc4100d48b581fc9047d2b8af4	b3caf1709211352a6f2c0e2438b13136b18be34f3e293a35c2bc53d7e90fddce	1	0	1	/eos/user/c/cglenn/FCCWork/whizard/whizard_ttbar_spinpol/production/full6f_365gev_ee_ttbar_spinpol_v1/phase11_diagnostics/excess_weight_rootcause_v1/ttbar_restricted_region_suite_v1/restricted/20260816T232058Z_WT_A15xS8_F012_FCC_np1_v1p0p2/fixed/A01_S7/F2/console.log	1
P_A02_S0	adaptive	A02_S0		A02		S0	1740114216	648318690	"1:250000:""gw"""					/eos/user/c/cglenn/FCCWork/whizard/whizard_ttbar_spinpol/production/full6f_365gev_ee_ttbar_spinpol_v1/phase11_diagnostics/excess_weight_rootcause_v1/ttbar_restricted_region_suite_v1/restricted/20260816T232058Z_WT_A15xS8_F012_FCC_np1_v1p0p2/adaptive/A02_S0	PASS	PASS	0	516cd15ab307b2e2200ab836ba104f2b55e21d3edc8455005dec435b7310526b	0bdb843e19f493f31510c87433535fdb85bda9ca2fbde9c385663d5c9727044e		0	1		/eos/user/c/cglenn/FCCWork/whizard/whizard_ttbar_spinpol/production/full6f_365gev_ee_ttbar_spinpol_v1/phase11_diagnostics/excess_weight_rootcause_v1/ttbar_restricted_region_suite_v1/restricted/20260816T232058Z_WT_A15xS8_F012_FCC_np1_v1p0p2/adaptive/A02_S0/console.log	1
C_A02_S0_F0	fixed	A02_S0_F0	A02_S0	A02	F0	S0	1740114216	648318690	"1:250000:""gw"""	"3:200000:"""""				/eos/user/c/cglenn/FCCWork/whizard/whizard_ttbar_spinpol/production/full6f_365gev_ee_ttbar_spinpol_v1/phase11_diagnostics/excess_weight_rootcause_v1/ttbar_restricted_region_suite_v1/restricted/20260816T232058Z_WT_A15xS8_F012_FCC_np1_v1p0p2/fixed/A02_S0/F0	PASS	PASS	0	516cd15ab307b2e2200ab836ba104f2b55e21d3edc8455005dec435b7310526b	e13f788f62b83826999a850a35fb9acf016974b1a84e26154be7793e3d72089a	0bdb843e19f493f31510c87433535fdb85bda9ca2fbde9c385663d5c9727044e	1	0	1	/eos/user/c/cglenn/FCCWork/whizard/whizard_ttbar_spinpol/production/full6f_365gev_ee_ttbar_spinpol_v1/phase11_diagnostics/excess_weight_rootcause_v1/ttbar_restricted_region_suite_v1/restricted/20260816T232058Z_WT_A15xS8_F012_FCC_np1_v1p0p2/fixed/A02_S0/F0/console.log	1
C_A02_S0_F1	fixed	A02_S0_F1	A02_S0	A02	F1	S0	1740114216	648318690	"1:250000:""gw"""	"1:600000:"""""				/eos/user/c/cglenn/FCCWork/whizard/whizard_ttbar_spinpol/production/full6f_365gev_ee_ttbar_spinpol_v1/phase11_diagnostics/excess_weight_rootcause_v1/ttbar_restricted_region_suite_v1/restricted/20260816T232058Z_WT_A15xS8_F012_FCC_np1_v1p0p2/fixed/A02_S0/F1	PASS	PASS	0	516cd15ab307b2e2200ab836ba104f2b55e21d3edc8455005dec435b7310526b	6458ddb9d49d3dad968744b917bfd07d3996c416d61983de6e5fb5ecc3c7511f	0bdb843e19f493f31510c87433535fdb85bda9ca2fbde9c385663d5c9727044e	1	0	1	/eos/user/c/cglenn/FCCWork/whizard/whizard_ttbar_spinpol/production/full6f_365gev_ee_ttbar_spinpol_v1/phase11_diagnostics/excess_weight_rootcause_v1/ttbar_restricted_region_suite_v1/restricted/20260816T232058Z_WT_A15xS8_F012_FCC_np1_v1p0p2/fixed/A02_S0/F1/console.log	1
C_A02_S0_F2	fixed	A02_S0_F2	A02_S0	A02	F2	S0	1740114216	648318690	"1:250000:""gw"""	"1:2000000:"""""				/eos/user/c/cglenn/FCCWork/whizard/whizard_ttbar_spinpol/production/full6f_365gev_ee_ttbar_spinpol_v1/phase11_diagnostics/excess_weight_rootcause_v1/ttbar_restricted_region_suite_v1/restricted/20260816T232058Z_WT_A15xS8_F012_FCC_np1_v1p0p2/fixed/A02_S0/F2	PASS	PASS	0	516cd15ab307b2e2200ab836ba104f2b55e21d3edc8455005dec435b7310526b	698298414e0927940add7a4c7efc548b9c86a263378e8aa14a674159b4a860b7	0bdb843e19f493f31510c87433535fdb85bda9ca2fbde9c385663d5c9727044e	1	0	1	/eos/user/c/cglenn/FCCWork/whizard/whizard_ttbar_spinpol/production/full6f_365gev_ee_ttbar_spinpol_v1/phase11_diagnostics/excess_weight_rootcause_v1/ttbar_restricted_region_suite_v1/restricted/20260816T232058Z_WT_A15xS8_F012_FCC_np1_v1p0p2/fixed/A02_S0/F2/console.log	1
P_A02_S1	adaptive	A02_S1		A02		S1	1751949026	1404282457	"1:250000:""gw"""					/eos/user/c/cglenn/FCCWork/whizard/whizard_ttbar_spinpol/production/full6f_365gev_ee_ttbar_spinpol_v1/phase11_diagnostics/excess_weight_rootcause_v1/ttbar_restricted_region_suite_v1/restricted/20260816T232058Z_WT_A15xS8_F012_FCC_np1_v1p0p2/adaptive/A02_S1	PASS	PASS	0	516cd15ab307b2e2200ab836ba104f2b55e21d3edc8455005dec435b7310526b	1d46da6281464401db4a25c45e52c350a3f0cb556ee59c1874c69c970cc0ebb5		0	1		/eos/user/c/cglenn/FCCWork/whizard/whizard_ttbar_spinpol/production/full6f_365gev_ee_ttbar_spinpol_v1/phase11_diagnostics/excess_weight_rootcause_v1/ttbar_restricted_region_suite_v1/restricted/20260816T232058Z_WT_A15xS8_F012_FCC_np1_v1p0p2/adaptive/A02_S1/console.log	1
C_A02_S1_F0	fixed	A02_S1_F0	A02_S1	A02	F0	S1	1751949026	1404282457	"1:250000:""gw"""	"3:200000:"""""				/eos/user/c/cglenn/FCCWork/whizard/whizard_ttbar_spinpol/production/full6f_365gev_ee_ttbar_spinpol_v1/phase11_diagnostics/excess_weight_rootcause_v1/ttbar_restricted_region_suite_v1/restricted/20260816T232058Z_WT_A15xS8_F012_FCC_np1_v1p0p2/fixed/A02_S1/F0	PASS	PASS	0	516cd15ab307b2e2200ab836ba104f2b55e21d3edc8455005dec435b7310526b	e488f3ddebd884c87a5e204c385b2ffd05a430915acd5e9ebf59ddf5811a847b	1d46da6281464401db4a25c45e52c350a3f0cb556ee59c1874c69c970cc0ebb5	1	0	1	/eos/user/c/cglenn/FCCWork/whizard/whizard_ttbar_spinpol/production/full6f_365gev_ee_ttbar_spinpol_v1/phase11_diagnostics/excess_weight_rootcause_v1/ttbar_restricted_region_suite_v1/restricted/20260816T232058Z_WT_A15xS8_F012_FCC_np1_v1p0p2/fixed/A02_S1/F0/console.log	1
C_A02_S1_F1	fixed	A02_S1_F1	A02_S1	A02	F1	S1	1751949026	1404282457	"1:250000:""gw"""	"1:600000:"""""				/eos/user/c/cglenn/FCCWork/whizard/whizard_ttbar_spinpol/production/full6f_365gev_ee_ttbar_spinpol_v1/phase11_diagnostics/excess_weight_rootcause_v1/ttbar_restricted_region_suite_v1/restricted/20260816T232058Z_WT_A15xS8_F012_FCC_np1_v1p0p2/fixed/A02_S1/F1	PASS	PASS	0	516cd15ab307b2e2200ab836ba104f2b55e21d3edc8455005dec435b7310526b	42ddc1f283d8600bfa659d3092562b0aa91c8fe2cb35eb455364fcbcb1d8165e	1d46da6281464401db4a25c45e52c350a3f0cb556ee59c1874c69c970cc0ebb5	1	0	1	/eos/user/c/cglenn/FCCWork/whizard/whizard_ttbar_spinpol/production/full6f_365gev_ee_ttbar_spinpol_v1/phase11_diagnostics/excess_weight_rootcause_v1/ttbar_restricted_region_suite_v1/restricted/20260816T232058Z_WT_A15xS8_F012_FCC_np1_v1p0p2/fixed/A02_S1/F1/console.log	1
C_A02_S1_F2	fixed	A02_S1_F2	A02_S1	A02	F2	S1	1751949026	1404282457	"1:250000:""gw"""	"1:2000000:"""""				/eos/user/c/cglenn/FCCWork/whizard/whizard_ttbar_spinpol/production/full6f_365gev_ee_ttbar_spinpol_v1/phase11_diagnostics/excess_weight_rootcause_v1/ttbar_restricted_region_suite_v1/restricted/20260816T232058Z_WT_A15xS8_F012_FCC_np1_v1p0p2/fixed/A02_S1/F2	PASS	PASS	0	516cd15ab307b2e2200ab836ba104f2b55e21d3edc8455005dec435b7310526b	dc866ade4a0f32684e10390d950a9abef7b2daf8e6e3f8ffe4b9511d37535aae	1d46da6281464401db4a25c45e52c350a3f0cb556ee59c1874c69c970cc0ebb5	1	0	1	/eos/user/c/cglenn/FCCWork/whizard/whizard_ttbar_spinpol/production/full6f_365gev_ee_ttbar_spinpol_v1/phase11_diagnostics/excess_weight_rootcause_v1/ttbar_restricted_region_suite_v1/restricted/20260816T232058Z_WT_A15xS8_F012_FCC_np1_v1p0p2/fixed/A02_S1/F2/console.log	1
P_A02_S2	adaptive	A02_S2		A02		S2	1885084773	1596606550	"1:250000:""gw"""					/eos/user/c/cglenn/FCCWork/whizard/whizard_ttbar_spinpol/production/full6f_365gev_ee_ttbar_spinpol_v1/phase11_diagnostics/excess_weight_rootcause_v1/ttbar_restricted_region_suite_v1/restricted/20260816T232058Z_WT_A15xS8_F012_FCC_np1_v1p0p2/adaptive/A02_S2	PASS	PASS	0	516cd15ab307b2e2200ab836ba104f2b55e21d3edc8455005dec435b7310526b	57a8d08eb225d905c8ad005ec87b8519ac3e51f3aba54d1b4869a37e8f6a67b6		0	1		/eos/user/c/cglenn/FCCWork/whizard/whizard_ttbar_spinpol/production/full6f_365gev_ee_ttbar_spinpol_v1/phase11_diagnostics/excess_weight_rootcause_v1/ttbar_restricted_region_suite_v1/restricted/20260816T232058Z_WT_A15xS8_F012_FCC_np1_v1p0p2/adaptive/A02_S2/console.log	1
C_A02_S2_F0	fixed	A02_S2_F0	A02_S2	A02	F0	S2	1885084773	1596606550	"1:250000:""gw"""	"3:200000:"""""				/eos/user/c/cglenn/FCCWork/whizard/whizard_ttbar_spinpol/production/full6f_365gev_ee_ttbar_spinpol_v1/phase11_diagnostics/excess_weight_rootcause_v1/ttbar_restricted_region_suite_v1/restricted/20260816T232058Z_WT_A15xS8_F012_FCC_np1_v1p0p2/fixed/A02_S2/F0	PASS	PASS	0	516cd15ab307b2e2200ab836ba104f2b55e21d3edc8455005dec435b7310526b	9ebf873d37d55a4e79f4e38c477d7de156aa2cb44e79e620ba5c9998aa70191c	57a8d08eb225d905c8ad005ec87b8519ac3e51f3aba54d1b4869a37e8f6a67b6	1	0	1	/eos/user/c/cglenn/FCCWork/whizard/whizard_ttbar_spinpol/production/full6f_365gev_ee_ttbar_spinpol_v1/phase11_diagnostics/excess_weight_rootcause_v1/ttbar_restricted_region_suite_v1/restricted/20260816T232058Z_WT_A15xS8_F012_FCC_np1_v1p0p2/fixed/A02_S2/F0/console.log	1
C_A02_S2_F1	fixed	A02_S2_F1	A02_S2	A02	F1	S2	1885084773	1596606550	"1:250000:""gw"""	"1:600000:"""""				/eos/user/c/cglenn/FCCWork/whizard/whizard_ttbar_spinpol/production/full6f_365gev_ee_ttbar_spinpol_v1/phase11_diagnostics/excess_weight_rootcause_v1/ttbar_restricted_region_suite_v1/restricted/20260816T232058Z_WT_A15xS8_F012_FCC_np1_v1p0p2/fixed/A02_S2/F1	PASS	PASS	0	516cd15ab307b2e2200ab836ba104f2b55e21d3edc8455005dec435b7310526b	544681a921541821e174a1f763608de07f153997fe6411cebae55dd8bb497aec	57a8d08eb225d905c8ad005ec87b8519ac3e51f3aba54d1b4869a37e8f6a67b6	1	0	1	/eos/user/c/cglenn/FCCWork/whizard/whizard_ttbar_spinpol/production/full6f_365gev_ee_ttbar_spinpol_v1/phase11_diagnostics/excess_weight_rootcause_v1/ttbar_restricted_region_suite_v1/restricted/20260816T232058Z_WT_A15xS8_F012_FCC_np1_v1p0p2/fixed/A02_S2/F1/console.log	1
C_A02_S2_F2	fixed	A02_S2_F2	A02_S2	A02	F2	S2	1885084773	1596606550	"1:250000:""gw"""	"1:2000000:"""""				/eos/user/c/cglenn/FCCWork/whizard/whizard_ttbar_spinpol/production/full6f_365gev_ee_ttbar_spinpol_v1/phase11_diagnostics/excess_weight_rootcause_v1/ttbar_restricted_region_suite_v1/restricted/20260816T232058Z_WT_A15xS8_F012_FCC_np1_v1p0p2/fixed/A02_S2/F2	PASS	PASS	0	516cd15ab307b2e2200ab836ba104f2b55e21d3edc8455005dec435b7310526b	ee05223a4b4ccbf5a682c6338e4348f87fc93902363403c65f6c6bbd94d5f316	57a8d08eb225d905c8ad005ec87b8519ac3e51f3aba54d1b4869a37e8f6a67b6	1	0	1	/eos/user/c/cglenn/FCCWork/whizard/whizard_ttbar_spinpol/production/full6f_365gev_ee_ttbar_spinpol_v1/phase11_diagnostics/excess_weight_rootcause_v1/ttbar_restricted_region_suite_v1/restricted/20260816T232058Z_WT_A15xS8_F012_FCC_np1_v1p0p2/fixed/A02_S2/F2/console.log	1
P_A02_S3	adaptive	A02_S3		A02		S3	134326786	769890491	"1:250000:""gw"""					/eos/user/c/cglenn/FCCWork/whizard/whizard_ttbar_spinpol/production/full6f_365gev_ee_ttbar_spinpol_v1/phase11_diagnostics/excess_weight_rootcause_v1/ttbar_restricted_region_suite_v1/restricted/20260816T232058Z_WT_A15xS8_F012_FCC_np1_v1p0p2/adaptive/A02_S3	PASS	PASS	0	516cd15ab307b2e2200ab836ba104f2b55e21d3edc8455005dec435b7310526b	1219cb9bfe39e80599b4b37fa98e3333008fa73883ee06050415195134ea3a19		0	1		/eos/user/c/cglenn/FCCWork/whizard/whizard_ttbar_spinpol/production/full6f_365gev_ee_ttbar_spinpol_v1/phase11_diagnostics/excess_weight_rootcause_v1/ttbar_restricted_region_suite_v1/restricted/20260816T232058Z_WT_A15xS8_F012_FCC_np1_v1p0p2/adaptive/A02_S3/console.log	1
C_A02_S3_F0	fixed	A02_S3_F0	A02_S3	A02	F0	S3	134326786	769890491	"1:250000:""gw"""	"3:200000:"""""				/eos/user/c/cglenn/FCCWork/whizard/whizard_ttbar_spinpol/production/full6f_365gev_ee_ttbar_spinpol_v1/phase11_diagnostics/excess_weight_rootcause_v1/ttbar_restricted_region_suite_v1/restricted/20260816T232058Z_WT_A15xS8_F012_FCC_np1_v1p0p2/fixed/A02_S3/F0	PASS	PASS	0	516cd15ab307b2e2200ab836ba104f2b55e21d3edc8455005dec435b7310526b	563ef67b454779d09777733eba1697c8f8b60f6b059da3384c1eadcafa5e33b2	1219cb9bfe39e80599b4b37fa98e3333008fa73883ee06050415195134ea3a19	1	0	1	/eos/user/c/cglenn/FCCWork/whizard/whizard_ttbar_spinpol/production/full6f_365gev_ee_ttbar_spinpol_v1/phase11_diagnostics/excess_weight_rootcause_v1/ttbar_restricted_region_suite_v1/restricted/20260816T232058Z_WT_A15xS8_F012_FCC_np1_v1p0p2/fixed/A02_S3/F0/console.log	1
C_A02_S3_F1	fixed	A02_S3_F1	A02_S3	A02	F1	S3	134326786	769890491	"1:250000:""gw"""	"1:600000:"""""				/eos/user/c/cglenn/FCCWork/whizard/whizard_ttbar_spinpol/production/full6f_365gev_ee_ttbar_spinpol_v1/phase11_diagnostics/excess_weight_rootcause_v1/ttbar_restricted_region_suite_v1/restricted/20260816T232058Z_WT_A15xS8_F012_FCC_np1_v1p0p2/fixed/A02_S3/F1	PASS	PASS	0	516cd15ab307b2e2200ab836ba104f2b55e21d3edc8455005dec435b7310526b	ea65eb0526bfac25ae72031957ba6592bd751d2cacd58d8f443cf6a68d728d37	1219cb9bfe39e80599b4b37fa98e3333008fa73883ee06050415195134ea3a19	1	0	1	/eos/user/c/cglenn/FCCWork/whizard/whizard_ttbar_spinpol/production/full6f_365gev_ee_ttbar_spinpol_v1/phase11_diagnostics/excess_weight_rootcause_v1/ttbar_restricted_region_suite_v1/restricted/20260816T232058Z_WT_A15xS8_F012_FCC_np1_v1p0p2/fixed/A02_S3/F1/console.log	1
C_A02_S3_F2	fixed	A02_S3_F2	A02_S3	A02	F2	S3	134326786	769890491	"1:250000:""gw"""	"1:2000000:"""""				/eos/user/c/cglenn/FCCWork/whizard/whizard_ttbar_spinpol/production/full6f_365gev_ee_ttbar_spinpol_v1/phase11_diagnostics/excess_weight_rootcause_v1/ttbar_restricted_region_suite_v1/restricted/20260816T232058Z_WT_A15xS8_F012_FCC_np1_v1p0p2/fixed/A02_S3/F2	PASS	PASS	0	516cd15ab307b2e2200ab836ba104f2b55e21d3edc8455005dec435b7310526b	b103b7ed2c9642897ee1a4a9a521fdb22022c6ab79996f34dc92328aebc42ebb	1219cb9bfe39e80599b4b37fa98e3333008fa73883ee06050415195134ea3a19	1	0	1	/eos/user/c/cglenn/FCCWork/whizard/whizard_ttbar_spinpol/production/full6f_365gev_ee_ttbar_spinpol_v1/phase11_diagnostics/excess_weight_rootcause_v1/ttbar_restricted_region_suite_v1/restricted/20260816T232058Z_WT_A15xS8_F012_FCC_np1_v1p0p2/fixed/A02_S3/F2/console.log	1
P_A02_S4	adaptive	A02_S4		A02		S4	249371675	462903030	"1:250000:""gw"""					/eos/user/c/cglenn/FCCWork/whizard/whizard_ttbar_spinpol/production/full6f_365gev_ee_ttbar_spinpol_v1/phase11_diagnostics/excess_weight_rootcause_v1/ttbar_restricted_region_suite_v1/restricted/20260816T232058Z_WT_A15xS8_F012_FCC_np1_v1p0p2/adaptive/A02_S4	PASS	PASS	0	516cd15ab307b2e2200ab836ba104f2b55e21d3edc8455005dec435b7310526b	5c3c77eeec2d88b2bdf2679f829dec606730a5a1bca5c91a1a2a1a14a948c54a		0	1		/eos/user/c/cglenn/FCCWork/whizard/whizard_ttbar_spinpol/production/full6f_365gev_ee_ttbar_spinpol_v1/phase11_diagnostics/excess_weight_rootcause_v1/ttbar_restricted_region_suite_v1/restricted/20260816T232058Z_WT_A15xS8_F012_FCC_np1_v1p0p2/adaptive/A02_S4/console.log	1
C_A02_S4_F0	fixed	A02_S4_F0	A02_S4	A02	F0	S4	249371675	462903030	"1:250000:""gw"""	"3:200000:"""""				/eos/user/c/cglenn/FCCWork/whizard/whizard_ttbar_spinpol/production/full6f_365gev_ee_ttbar_spinpol_v1/phase11_diagnostics/excess_weight_rootcause_v1/ttbar_restricted_region_suite_v1/restricted/20260816T232058Z_WT_A15xS8_F012_FCC_np1_v1p0p2/fixed/A02_S4/F0	PASS	PASS	0	516cd15ab307b2e2200ab836ba104f2b55e21d3edc8455005dec435b7310526b	d9cf419c0a0b19ec51a9de2f0aa63500e671f218d7319837c7f97653aed141d4	5c3c77eeec2d88b2bdf2679f829dec606730a5a1bca5c91a1a2a1a14a948c54a	1	0	1	/eos/user/c/cglenn/FCCWork/whizard/whizard_ttbar_spinpol/production/full6f_365gev_ee_ttbar_spinpol_v1/phase11_diagnostics/excess_weight_rootcause_v1/ttbar_restricted_region_suite_v1/restricted/20260816T232058Z_WT_A15xS8_F012_FCC_np1_v1p0p2/fixed/A02_S4/F0/console.log	1
C_A02_S4_F1	fixed	A02_S4_F1	A02_S4	A02	F1	S4	249371675	462903030	"1:250000:""gw"""	"1:600000:"""""				/eos/user/c/cglenn/FCCWork/whizard/whizard_ttbar_spinpol/production/full6f_365gev_ee_ttbar_spinpol_v1/phase11_diagnostics/excess_weight_rootcause_v1/ttbar_restricted_region_suite_v1/restricted/20260816T232058Z_WT_A15xS8_F012_FCC_np1_v1p0p2/fixed/A02_S4/F1	PASS	PASS	0	516cd15ab307b2e2200ab836ba104f2b55e21d3edc8455005dec435b7310526b	ec37c610235dd441dc4461e728059c600acda40ca861497779737583be32885c	5c3c77eeec2d88b2bdf2679f829dec606730a5a1bca5c91a1a2a1a14a948c54a	1	0	1	/eos/user/c/cglenn/FCCWork/whizard/whizard_ttbar_spinpol/production/full6f_365gev_ee_ttbar_spinpol_v1/phase11_diagnostics/excess_weight_rootcause_v1/ttbar_restricted_region_suite_v1/restricted/20260816T232058Z_WT_A15xS8_F012_FCC_np1_v1p0p2/fixed/A02_S4/F1/console.log	1
C_A02_S4_F2	fixed	A02_S4_F2	A02_S4	A02	F2	S4	249371675	462903030	"1:250000:""gw"""	"1:2000000:"""""				/eos/user/c/cglenn/FCCWork/whizard/whizard_ttbar_spinpol/production/full6f_365gev_ee_ttbar_spinpol_v1/phase11_diagnostics/excess_weight_rootcause_v1/ttbar_restricted_region_suite_v1/restricted/20260816T232058Z_WT_A15xS8_F012_FCC_np1_v1p0p2/fixed/A02_S4/F2	PASS	PASS	0	516cd15ab307b2e2200ab836ba104f2b55e21d3edc8455005dec435b7310526b	341c96fd6ffd1629b85ad46cc01908731b6f4121c80d21f12d211dd465356f1f	5c3c77eeec2d88b2bdf2679f829dec606730a5a1bca5c91a1a2a1a14a948c54a	1	0	1	/eos/user/c/cglenn/FCCWork/whizard/whizard_ttbar_spinpol/production/full6f_365gev_ee_ttbar_spinpol_v1/phase11_diagnostics/excess_weight_rootcause_v1/ttbar_restricted_region_suite_v1/restricted/20260816T232058Z_WT_A15xS8_F012_FCC_np1_v1p0p2/fixed/A02_S4/F2/console.log	1
P_A02_S5	adaptive	A02_S5		A02		S5	531087687	197846737	"1:250000:""gw"""					/eos/user/c/cglenn/FCCWork/whizard/whizard_ttbar_spinpol/production/full6f_365gev_ee_ttbar_spinpol_v1/phase11_diagnostics/excess_weight_rootcause_v1/ttbar_restricted_region_suite_v1/restricted/20260816T232058Z_WT_A15xS8_F012_FCC_np1_v1p0p2/adaptive/A02_S5	PASS	PASS	0	516cd15ab307b2e2200ab836ba104f2b55e21d3edc8455005dec435b7310526b	d8eea55b69df4e2a33caadda42d71a59d5ec4be55a277690a30b995165e2205f		0	1		/eos/user/c/cglenn/FCCWork/whizard/whizard_ttbar_spinpol/production/full6f_365gev_ee_ttbar_spinpol_v1/phase11_diagnostics/excess_weight_rootcause_v1/ttbar_restricted_region_suite_v1/restricted/20260816T232058Z_WT_A15xS8_F012_FCC_np1_v1p0p2/adaptive/A02_S5/console.log	1
C_A02_S5_F0	fixed	A02_S5_F0	A02_S5	A02	F0	S5	531087687	197846737	"1:250000:""gw"""	"3:200000:"""""				/eos/user/c/cglenn/FCCWork/whizard/whizard_ttbar_spinpol/production/full6f_365gev_ee_ttbar_spinpol_v1/phase11_diagnostics/excess_weight_rootcause_v1/ttbar_restricted_region_suite_v1/restricted/20260816T232058Z_WT_A15xS8_F012_FCC_np1_v1p0p2/fixed/A02_S5/F0	PASS	PASS	0	516cd15ab307b2e2200ab836ba104f2b55e21d3edc8455005dec435b7310526b	d125781fc4d6146cdc458daaa7d39e67ab0bf9b822af8bb4f361325a33e019be	d8eea55b69df4e2a33caadda42d71a59d5ec4be55a277690a30b995165e2205f	1	0	1	/eos/user/c/cglenn/FCCWork/whizard/whizard_ttbar_spinpol/production/full6f_365gev_ee_ttbar_spinpol_v1/phase11_diagnostics/excess_weight_rootcause_v1/ttbar_restricted_region_suite_v1/restricted/20260816T232058Z_WT_A15xS8_F012_FCC_np1_v1p0p2/fixed/A02_S5/F0/console.log	1
C_A02_S5_F1	fixed	A02_S5_F1	A02_S5	A02	F1	S5	531087687	197846737	"1:250000:""gw"""	"1:600000:"""""				/eos/user/c/cglenn/FCCWork/whizard/whizard_ttbar_spinpol/production/full6f_365gev_ee_ttbar_spinpol_v1/phase11_diagnostics/excess_weight_rootcause_v1/ttbar_restricted_region_suite_v1/restricted/20260816T232058Z_WT_A15xS8_F012_FCC_np1_v1p0p2/fixed/A02_S5/F1	PASS	PASS	0	516cd15ab307b2e2200ab836ba104f2b55e21d3edc8455005dec435b7310526b	f6cda2b0c32dc1791def64e8463f2c67dc5a197a8f123125ed8ea271aa00d927	d8eea55b69df4e2a33caadda42d71a59d5ec4be55a277690a30b995165e2205f	1	0	1	/eos/user/c/cglenn/FCCWork/whizard/whizard_ttbar_spinpol/production/full6f_365gev_ee_ttbar_spinpol_v1/phase11_diagnostics/excess_weight_rootcause_v1/ttbar_restricted_region_suite_v1/restricted/20260816T232058Z_WT_A15xS8_F012_FCC_np1_v1p0p2/fixed/A02_S5/F1/console.log	1
C_A02_S5_F2	fixed	A02_S5_F2	A02_S5	A02	F2	S5	531087687	197846737	"1:250000:""gw"""	"1:2000000:"""""				/eos/user/c/cglenn/FCCWork/whizard/whizard_ttbar_spinpol/production/full6f_365gev_ee_ttbar_spinpol_v1/phase11_diagnostics/excess_weight_rootcause_v1/ttbar_restricted_region_suite_v1/restricted/20260816T232058Z_WT_A15xS8_F012_FCC_np1_v1p0p2/fixed/A02_S5/F2	PASS	PASS	0	516cd15ab307b2e2200ab836ba104f2b55e21d3edc8455005dec435b7310526b	0e54552a21650c9cf1e7674727e6e1b2dd35f2e4dd802816d7971949d483a890	d8eea55b69df4e2a33caadda42d71a59d5ec4be55a277690a30b995165e2205f	1	0	1	/eos/user/c/cglenn/FCCWork/whizard/whizard_ttbar_spinpol/production/full6f_365gev_ee_ttbar_spinpol_v1/phase11_diagnostics/excess_weight_rootcause_v1/ttbar_restricted_region_suite_v1/restricted/20260816T232058Z_WT_A15xS8_F012_FCC_np1_v1p0p2/fixed/A02_S5/F2/console.log	1
P_A02_S6	adaptive	A02_S6		A02		S6	519963689	958460417	"1:250000:""gw"""					/eos/user/c/cglenn/FCCWork/whizard/whizard_ttbar_spinpol/production/full6f_365gev_ee_ttbar_spinpol_v1/phase11_diagnostics/excess_weight_rootcause_v1/ttbar_restricted_region_suite_v1/restricted/20260816T232058Z_WT_A15xS8_F012_FCC_np1_v1p0p2/adaptive/A02_S6	PASS	PASS	0	516cd15ab307b2e2200ab836ba104f2b55e21d3edc8455005dec435b7310526b	a6626913b1122169b29b6cfc1e9346a95f8010a24a6c9c0b30a95538cd766317		0	1		/eos/user/c/cglenn/FCCWork/whizard/whizard_ttbar_spinpol/production/full6f_365gev_ee_ttbar_spinpol_v1/phase11_diagnostics/excess_weight_rootcause_v1/ttbar_restricted_region_suite_v1/restricted/20260816T232058Z_WT_A15xS8_F012_FCC_np1_v1p0p2/adaptive/A02_S6/console.log	1
C_A02_S6_F0	fixed	A02_S6_F0	A02_S6	A02	F0	S6	519963689	958460417	"1:250000:""gw"""	"3:200000:"""""				/eos/user/c/cglenn/FCCWork/whizard/whizard_ttbar_spinpol/production/full6f_365gev_ee_ttbar_spinpol_v1/phase11_diagnostics/excess_weight_rootcause_v1/ttbar_restricted_region_suite_v1/restricted/20260816T232058Z_WT_A15xS8_F012_FCC_np1_v1p0p2/fixed/A02_S6/F0	PASS	PASS	0	516cd15ab307b2e2200ab836ba104f2b55e21d3edc8455005dec435b7310526b	bf78678a1ae07df018d0718df658a33f31b3bb91eee63ae831464b37654c2688	a6626913b1122169b29b6cfc1e9346a95f8010a24a6c9c0b30a95538cd766317	1	0	1	/eos/user/c/cglenn/FCCWork/whizard/whizard_ttbar_spinpol/production/full6f_365gev_ee_ttbar_spinpol_v1/phase11_diagnostics/excess_weight_rootcause_v1/ttbar_restricted_region_suite_v1/restricted/20260816T232058Z_WT_A15xS8_F012_FCC_np1_v1p0p2/fixed/A02_S6/F0/console.log	1
C_A02_S6_F1	fixed	A02_S6_F1	A02_S6	A02	F1	S6	519963689	958460417	"1:250000:""gw"""	"1:600000:"""""				/eos/user/c/cglenn/FCCWork/whizard/whizard_ttbar_spinpol/production/full6f_365gev_ee_ttbar_spinpol_v1/phase11_diagnostics/excess_weight_rootcause_v1/ttbar_restricted_region_suite_v1/restricted/20260816T232058Z_WT_A15xS8_F012_FCC_np1_v1p0p2/fixed/A02_S6/F1	PASS	PASS	0	516cd15ab307b2e2200ab836ba104f2b55e21d3edc8455005dec435b7310526b	0a81341ea22269f1220ec663d5d6bd4d672025b84158e6fb1df7816740bc30da	a6626913b1122169b29b6cfc1e9346a95f8010a24a6c9c0b30a95538cd766317	1	0	1	/eos/user/c/cglenn/FCCWork/whizard/whizard_ttbar_spinpol/production/full6f_365gev_ee_ttbar_spinpol_v1/phase11_diagnostics/excess_weight_rootcause_v1/ttbar_restricted_region_suite_v1/restricted/20260816T232058Z_WT_A15xS8_F012_FCC_np1_v1p0p2/fixed/A02_S6/F1/console.log	1
C_A02_S6_F2	fixed	A02_S6_F2	A02_S6	A02	F2	S6	519963689	958460417	"1:250000:""gw"""	"1:2000000:"""""				/eos/user/c/cglenn/FCCWork/whizard/whizard_ttbar_spinpol/production/full6f_365gev_ee_ttbar_spinpol_v1/phase11_diagnostics/excess_weight_rootcause_v1/ttbar_restricted_region_suite_v1/restricted/20260816T232058Z_WT_A15xS8_F012_FCC_np1_v1p0p2/fixed/A02_S6/F2	PASS	PASS	0	516cd15ab307b2e2200ab836ba104f2b55e21d3edc8455005dec435b7310526b	09cfd176ea019c0049a2aa39b6c043fdf26739dbae233cb0e97641978cbdeb0f	a6626913b1122169b29b6cfc1e9346a95f8010a24a6c9c0b30a95538cd766317	1	0	1	/eos/user/c/cglenn/FCCWork/whizard/whizard_ttbar_spinpol/production/full6f_365gev_ee_ttbar_spinpol_v1/phase11_diagnostics/excess_weight_rootcause_v1/ttbar_restricted_region_suite_v1/restricted/20260816T232058Z_WT_A15xS8_F012_FCC_np1_v1p0p2/fixed/A02_S6/F2/console.log	1
P_A02_S7	adaptive	A02_S7		A02		S7	1552803368	239117595	"1:250000:""gw"""					/eos/user/c/cglenn/FCCWork/whizard/whizard_ttbar_spinpol/production/full6f_365gev_ee_ttbar_spinpol_v1/phase11_diagnostics/excess_weight_rootcause_v1/ttbar_restricted_region_suite_v1/restricted/20260816T232058Z_WT_A15xS8_F012_FCC_np1_v1p0p2/adaptive/A02_S7	PASS	PASS	0	516cd15ab307b2e2200ab836ba104f2b55e21d3edc8455005dec435b7310526b	27461dfbfe180480042bf823e7c651d5b8f4d8f17218a410de6c787e94144bc9		0	1		/eos/user/c/cglenn/FCCWork/whizard/whizard_ttbar_spinpol/production/full6f_365gev_ee_ttbar_spinpol_v1/phase11_diagnostics/excess_weight_rootcause_v1/ttbar_restricted_region_suite_v1/restricted/20260816T232058Z_WT_A15xS8_F012_FCC_np1_v1p0p2/adaptive/A02_S7/console.log	1
C_A02_S7_F0	fixed	A02_S7_F0	A02_S7	A02	F0	S7	1552803368	239117595	"1:250000:""gw"""	"3:200000:"""""				/eos/user/c/cglenn/FCCWork/whizard/whizard_ttbar_spinpol/production/full6f_365gev_ee_ttbar_spinpol_v1/phase11_diagnostics/excess_weight_rootcause_v1/ttbar_restricted_region_suite_v1/restricted/20260816T232058Z_WT_A15xS8_F012_FCC_np1_v1p0p2/fixed/A02_S7/F0	PASS	PASS	0	516cd15ab307b2e2200ab836ba104f2b55e21d3edc8455005dec435b7310526b	0fc53c614cd07dde3d5698d6b83e7ecb5998d41ddb2dcbf14c014c2d1fee013e	27461dfbfe180480042bf823e7c651d5b8f4d8f17218a410de6c787e94144bc9	1	0	1	/eos/user/c/cglenn/FCCWork/whizard/whizard_ttbar_spinpol/production/full6f_365gev_ee_ttbar_spinpol_v1/phase11_diagnostics/excess_weight_rootcause_v1/ttbar_restricted_region_suite_v1/restricted/20260816T232058Z_WT_A15xS8_F012_FCC_np1_v1p0p2/fixed/A02_S7/F0/console.log	1
C_A02_S7_F1	fixed	A02_S7_F1	A02_S7	A02	F1	S7	1552803368	239117595	"1:250000:""gw"""	"1:600000:"""""				/eos/user/c/cglenn/FCCWork/whizard/whizard_ttbar_spinpol/production/full6f_365gev_ee_ttbar_spinpol_v1/phase11_diagnostics/excess_weight_rootcause_v1/ttbar_restricted_region_suite_v1/restricted/20260816T232058Z_WT_A15xS8_F012_FCC_np1_v1p0p2/fixed/A02_S7/F1	PASS	PASS	0	516cd15ab307b2e2200ab836ba104f2b55e21d3edc8455005dec435b7310526b	4864631e160b8054608788e86e7c168d7001b9356118fe390f65fb265031292c	27461dfbfe180480042bf823e7c651d5b8f4d8f17218a410de6c787e94144bc9	1	0	1	/eos/user/c/cglenn/FCCWork/whizard/whizard_ttbar_spinpol/production/full6f_365gev_ee_ttbar_spinpol_v1/phase11_diagnostics/excess_weight_rootcause_v1/ttbar_restricted_region_suite_v1/restricted/20260816T232058Z_WT_A15xS8_F012_FCC_np1_v1p0p2/fixed/A02_S7/F1/console.log	1
C_A02_S7_F2	fixed	A02_S7_F2	A02_S7	A02	F2	S7	1552803368	239117595	"1:250000:""gw"""	"1:2000000:"""""				/eos/user/c/cglenn/FCCWork/whizard/whizard_ttbar_spinpol/production/full6f_365gev_ee_ttbar_spinpol_v1/phase11_diagnostics/excess_weight_rootcause_v1/ttbar_restricted_region_suite_v1/restricted/20260816T232058Z_WT_A15xS8_F012_FCC_np1_v1p0p2/fixed/A02_S7/F2	PASS	PASS	0	516cd15ab307b2e2200ab836ba104f2b55e21d3edc8455005dec435b7310526b	a470863c90ab4a443332ebf9eb15251037e31ca4374a596c98c625d137e12b68	27461dfbfe180480042bf823e7c651d5b8f4d8f17218a410de6c787e94144bc9	1	0	1	/eos/user/c/cglenn/FCCWork/whizard/whizard_ttbar_spinpol/production/full6f_365gev_ee_ttbar_spinpol_v1/phase11_diagnostics/excess_weight_rootcause_v1/ttbar_restricted_region_suite_v1/restricted/20260816T232058Z_WT_A15xS8_F012_FCC_np1_v1p0p2/fixed/A02_S7/F2/console.log	1
P_A03_S0	adaptive	A03_S0		A03		S0	1740114216	648318690	"5:100000:""gw"""					/eos/user/c/cglenn/FCCWork/whizard/whizard_ttbar_spinpol/production/full6f_365gev_ee_ttbar_spinpol_v1/phase11_diagnostics/excess_weight_rootcause_v1/ttbar_restricted_region_suite_v1/restricted/20260816T232058Z_WT_A15xS8_F012_FCC_np1_v1p0p2/adaptive/A03_S0	PASS	PASS	0	516cd15ab307b2e2200ab836ba104f2b55e21d3edc8455005dec435b7310526b	5ee441eca8f13df9d849f9f6b8022ab3dfed7ed891d26de918e0a60c939c5a1c		0	1		/eos/user/c/cglenn/FCCWork/whizard/whizard_ttbar_spinpol/production/full6f_365gev_ee_ttbar_spinpol_v1/phase11_diagnostics/excess_weight_rootcause_v1/ttbar_restricted_region_suite_v1/restricted/20260816T232058Z_WT_A15xS8_F012_FCC_np1_v1p0p2/adaptive/A03_S0/console.log	1
C_A03_S0_F0	fixed	A03_S0_F0	A03_S0	A03	F0	S0	1740114216	648318690	"5:100000:""gw"""	"3:200000:"""""				/eos/user/c/cglenn/FCCWork/whizard/whizard_ttbar_spinpol/production/full6f_365gev_ee_ttbar_spinpol_v1/phase11_diagnostics/excess_weight_rootcause_v1/ttbar_restricted_region_suite_v1/restricted/20260816T232058Z_WT_A15xS8_F012_FCC_np1_v1p0p2/fixed/A03_S0/F0	PASS	PASS	0	516cd15ab307b2e2200ab836ba104f2b55e21d3edc8455005dec435b7310526b	b0acc3b38c8249979ff44f73abeef60123f400abaa42a52f7ed99050733922b2	5ee441eca8f13df9d849f9f6b8022ab3dfed7ed891d26de918e0a60c939c5a1c	1	0	1	/eos/user/c/cglenn/FCCWork/whizard/whizard_ttbar_spinpol/production/full6f_365gev_ee_ttbar_spinpol_v1/phase11_diagnostics/excess_weight_rootcause_v1/ttbar_restricted_region_suite_v1/restricted/20260816T232058Z_WT_A15xS8_F012_FCC_np1_v1p0p2/fixed/A03_S0/F0/console.log	1
C_A03_S0_F1	fixed	A03_S0_F1	A03_S0	A03	F1	S0	1740114216	648318690	"5:100000:""gw"""	"1:600000:"""""				/eos/user/c/cglenn/FCCWork/whizard/whizard_ttbar_spinpol/production/full6f_365gev_ee_ttbar_spinpol_v1/phase11_diagnostics/excess_weight_rootcause_v1/ttbar_restricted_region_suite_v1/restricted/20260816T232058Z_WT_A15xS8_F012_FCC_np1_v1p0p2/fixed/A03_S0/F1	PASS	PASS	0	516cd15ab307b2e2200ab836ba104f2b55e21d3edc8455005dec435b7310526b	ea41e86b7c941123874bd3d66df19fa61a14fe9b0b6b23de3b458b464b3ab644	5ee441eca8f13df9d849f9f6b8022ab3dfed7ed891d26de918e0a60c939c5a1c	1	0	1	/eos/user/c/cglenn/FCCWork/whizard/whizard_ttbar_spinpol/production/full6f_365gev_ee_ttbar_spinpol_v1/phase11_diagnostics/excess_weight_rootcause_v1/ttbar_restricted_region_suite_v1/restricted/20260816T232058Z_WT_A15xS8_F012_FCC_np1_v1p0p2/fixed/A03_S0/F1/console.log	1
C_A03_S0_F2	fixed	A03_S0_F2	A03_S0	A03	F2	S0	1740114216	648318690	"5:100000:""gw"""	"1:2000000:"""""				/eos/user/c/cglenn/FCCWork/whizard/whizard_ttbar_spinpol/production/full6f_365gev_ee_ttbar_spinpol_v1/phase11_diagnostics/excess_weight_rootcause_v1/ttbar_restricted_region_suite_v1/restricted/20260816T232058Z_WT_A15xS8_F012_FCC_np1_v1p0p2/fixed/A03_S0/F2	PASS	PASS	0	516cd15ab307b2e2200ab836ba104f2b55e21d3edc8455005dec435b7310526b	cc1bcb7ef604dc2c32b2109c0df98e4b8c2877c682bbf2fe20e6a0093070aa5a	5ee441eca8f13df9d849f9f6b8022ab3dfed7ed891d26de918e0a60c939c5a1c	1	0	1	/eos/user/c/cglenn/FCCWork/whizard/whizard_ttbar_spinpol/production/full6f_365gev_ee_ttbar_spinpol_v1/phase11_diagnostics/excess_weight_rootcause_v1/ttbar_restricted_region_suite_v1/restricted/20260816T232058Z_WT_A15xS8_F012_FCC_np1_v1p0p2/fixed/A03_S0/F2/console.log	1
P_A03_S1	adaptive	A03_S1		A03		S1	1751949026	1404282457	"5:100000:""gw"""					/eos/user/c/cglenn/FCCWork/whizard/whizard_ttbar_spinpol/production/full6f_365gev_ee_ttbar_spinpol_v1/phase11_diagnostics/excess_weight_rootcause_v1/ttbar_restricted_region_suite_v1/restricted/20260816T232058Z_WT_A15xS8_F012_FCC_np1_v1p0p2/adaptive/A03_S1	PASS	PASS	0	516cd15ab307b2e2200ab836ba104f2b55e21d3edc8455005dec435b7310526b	30470ea98ac66bc1bbffe2ec190cfc70da6bcedd851c5c2416dd092cff91aba1		0	1		/eos/user/c/cglenn/FCCWork/whizard/whizard_ttbar_spinpol/production/full6f_365gev_ee_ttbar_spinpol_v1/phase11_diagnostics/excess_weight_rootcause_v1/ttbar_restricted_region_suite_v1/restricted/20260816T232058Z_WT_A15xS8_F012_FCC_np1_v1p0p2/adaptive/A03_S1/console.log	1
C_A03_S1_F0	fixed	A03_S1_F0	A03_S1	A03	F0	S1	1751949026	1404282457	"5:100000:""gw"""	"3:200000:"""""				/eos/user/c/cglenn/FCCWork/whizard/whizard_ttbar_spinpol/production/full6f_365gev_ee_ttbar_spinpol_v1/phase11_diagnostics/excess_weight_rootcause_v1/ttbar_restricted_region_suite_v1/restricted/20260816T232058Z_WT_A15xS8_F012_FCC_np1_v1p0p2/fixed/A03_S1/F0	PASS	PASS	0	516cd15ab307b2e2200ab836ba104f2b55e21d3edc8455005dec435b7310526b	ad9b5293b7e0d30fcfc27b4e66900b9a894d43dc7fa4511675aefd1f7fca978e	30470ea98ac66bc1bbffe2ec190cfc70da6bcedd851c5c2416dd092cff91aba1	1	0	1	/eos/user/c/cglenn/FCCWork/whizard/whizard_ttbar_spinpol/production/full6f_365gev_ee_ttbar_spinpol_v1/phase11_diagnostics/excess_weight_rootcause_v1/ttbar_restricted_region_suite_v1/restricted/20260816T232058Z_WT_A15xS8_F012_FCC_np1_v1p0p2/fixed/A03_S1/F0/console.log	1
C_A03_S1_F1	fixed	A03_S1_F1	A03_S1	A03	F1	S1	1751949026	1404282457	"5:100000:""gw"""	"1:600000:"""""				/eos/user/c/cglenn/FCCWork/whizard/whizard_ttbar_spinpol/production/full6f_365gev_ee_ttbar_spinpol_v1/phase11_diagnostics/excess_weight_rootcause_v1/ttbar_restricted_region_suite_v1/restricted/20260816T232058Z_WT_A15xS8_F012_FCC_np1_v1p0p2/fixed/A03_S1/F1	PASS	PASS	0	516cd15ab307b2e2200ab836ba104f2b55e21d3edc8455005dec435b7310526b	4af5962856c1237a9107994df32fada68318579f8ab2dbe8cad2cb46b1366be4	30470ea98ac66bc1bbffe2ec190cfc70da6bcedd851c5c2416dd092cff91aba1	1	0	1	/eos/user/c/cglenn/FCCWork/whizard/whizard_ttbar_spinpol/production/full6f_365gev_ee_ttbar_spinpol_v1/phase11_diagnostics/excess_weight_rootcause_v1/ttbar_restricted_region_suite_v1/restricted/20260816T232058Z_WT_A15xS8_F012_FCC_np1_v1p0p2/fixed/A03_S1/F1/console.log	1
C_A03_S1_F2	fixed	A03_S1_F2	A03_S1	A03	F2	S1	1751949026	1404282457	"5:100000:""gw"""	"1:2000000:"""""				/eos/user/c/cglenn/FCCWork/whizard/whizard_ttbar_spinpol/production/full6f_365gev_ee_ttbar_spinpol_v1/phase11_diagnostics/excess_weight_rootcause_v1/ttbar_restricted_region_suite_v1/restricted/20260816T232058Z_WT_A15xS8_F012_FCC_np1_v1p0p2/fixed/A03_S1/F2	PASS	PASS	0	516cd15ab307b2e2200ab836ba104f2b55e21d3edc8455005dec435b7310526b	e0146a47946ce4b5f5d7998b45e69bb14384ceee06fccc0a9fb0b535a7517a6c	30470ea98ac66bc1bbffe2ec190cfc70da6bcedd851c5c2416dd092cff91aba1	1	0	1	/eos/user/c/cglenn/FCCWork/whizard/whizard_ttbar_spinpol/production/full6f_365gev_ee_ttbar_spinpol_v1/phase11_diagnostics/excess_weight_rootcause_v1/ttbar_restricted_region_suite_v1/restricted/20260816T232058Z_WT_A15xS8_F012_FCC_np1_v1p0p2/fixed/A03_S1/F2/console.log	1
P_A03_S2	adaptive	A03_S2		A03		S2	1885084773	1596606550	"5:100000:""gw"""					/eos/user/c/cglenn/FCCWork/whizard/whizard_ttbar_spinpol/production/full6f_365gev_ee_ttbar_spinpol_v1/phase11_diagnostics/excess_weight_rootcause_v1/ttbar_restricted_region_suite_v1/restricted/20260816T232058Z_WT_A15xS8_F012_FCC_np1_v1p0p2/adaptive/A03_S2	PASS	PASS	0	516cd15ab307b2e2200ab836ba104f2b55e21d3edc8455005dec435b7310526b	240064b779bd4286f558fd675d413ad59ee1a4f64a683b011b9f981e5db6006a		0	1		/eos/user/c/cglenn/FCCWork/whizard/whizard_ttbar_spinpol/production/full6f_365gev_ee_ttbar_spinpol_v1/phase11_diagnostics/excess_weight_rootcause_v1/ttbar_restricted_region_suite_v1/restricted/20260816T232058Z_WT_A15xS8_F012_FCC_np1_v1p0p2/adaptive/A03_S2/console.log	1
C_A03_S2_F0	fixed	A03_S2_F0	A03_S2	A03	F0	S2	1885084773	1596606550	"5:100000:""gw"""	"3:200000:"""""				/eos/user/c/cglenn/FCCWork/whizard/whizard_ttbar_spinpol/production/full6f_365gev_ee_ttbar_spinpol_v1/phase11_diagnostics/excess_weight_rootcause_v1/ttbar_restricted_region_suite_v1/restricted/20260816T232058Z_WT_A15xS8_F012_FCC_np1_v1p0p2/fixed/A03_S2/F0	PASS	PASS	0	516cd15ab307b2e2200ab836ba104f2b55e21d3edc8455005dec435b7310526b	eba6b3d3f5507d074868421e10784debcdc400e079f1f9190c1a12674404ed87	240064b779bd4286f558fd675d413ad59ee1a4f64a683b011b9f981e5db6006a	1	0	1	/eos/user/c/cglenn/FCCWork/whizard/whizard_ttbar_spinpol/production/full6f_365gev_ee_ttbar_spinpol_v1/phase11_diagnostics/excess_weight_rootcause_v1/ttbar_restricted_region_suite_v1/restricted/20260816T232058Z_WT_A15xS8_F012_FCC_np1_v1p0p2/fixed/A03_S2/F0/console.log	1
C_A03_S2_F1	fixed	A03_S2_F1	A03_S2	A03	F1	S2	1885084773	1596606550	"5:100000:""gw"""	"1:600000:"""""				/eos/user/c/cglenn/FCCWork/whizard/whizard_ttbar_spinpol/production/full6f_365gev_ee_ttbar_spinpol_v1/phase11_diagnostics/excess_weight_rootcause_v1/ttbar_restricted_region_suite_v1/restricted/20260816T232058Z_WT_A15xS8_F012_FCC_np1_v1p0p2/fixed/A03_S2/F1	PASS	PASS	0	516cd15ab307b2e2200ab836ba104f2b55e21d3edc8455005dec435b7310526b	e8361534e572e95088396b1fc042051e26f0b8f9a80e6381f6259e3da8a25640	240064b779bd4286f558fd675d413ad59ee1a4f64a683b011b9f981e5db6006a	1	0	1	/eos/user/c/cglenn/FCCWork/whizard/whizard_ttbar_spinpol/production/full6f_365gev_ee_ttbar_spinpol_v1/phase11_diagnostics/excess_weight_rootcause_v1/ttbar_restricted_region_suite_v1/restricted/20260816T232058Z_WT_A15xS8_F012_FCC_np1_v1p0p2/fixed/A03_S2/F1/console.log	1
C_A03_S2_F2	fixed	A03_S2_F2	A03_S2	A03	F2	S2	1885084773	1596606550	"5:100000:""gw"""	"1:2000000:"""""				/eos/user/c/cglenn/FCCWork/whizard/whizard_ttbar_spinpol/production/full6f_365gev_ee_ttbar_spinpol_v1/phase11_diagnostics/excess_weight_rootcause_v1/ttbar_restricted_region_suite_v1/restricted/20260816T232058Z_WT_A15xS8_F012_FCC_np1_v1p0p2/fixed/A03_S2/F2	PASS	PASS	0	516cd15ab307b2e2200ab836ba104f2b55e21d3edc8455005dec435b7310526b	11a877f2842e18fa921c3c8ea87d77fdf720ffe5557196c91d6b8e3d5cef9ba5	240064b779bd4286f558fd675d413ad59ee1a4f64a683b011b9f981e5db6006a	1	0	1	/eos/user/c/cglenn/FCCWork/whizard/whizard_ttbar_spinpol/production/full6f_365gev_ee_ttbar_spinpol_v1/phase11_diagnostics/excess_weight_rootcause_v1/ttbar_restricted_region_suite_v1/restricted/20260816T232058Z_WT_A15xS8_F012_FCC_np1_v1p0p2/fixed/A03_S2/F2/console.log	1
P_A03_S3	adaptive	A03_S3		A03		S3	134326786	769890491	"5:100000:""gw"""					/eos/user/c/cglenn/FCCWork/whizard/whizard_ttbar_spinpol/production/full6f_365gev_ee_ttbar_spinpol_v1/phase11_diagnostics/excess_weight_rootcause_v1/ttbar_restricted_region_suite_v1/restricted/20260816T232058Z_WT_A15xS8_F012_FCC_np1_v1p0p2/adaptive/A03_S3	PASS	PASS	0	516cd15ab307b2e2200ab836ba104f2b55e21d3edc8455005dec435b7310526b	3dc32c48a509bc3fdc7bc0b42c624b1868145a350b778c88161daffd0a63e6c2		0	1		/eos/user/c/cglenn/FCCWork/whizard/whizard_ttbar_spinpol/production/full6f_365gev_ee_ttbar_spinpol_v1/phase11_diagnostics/excess_weight_rootcause_v1/ttbar_restricted_region_suite_v1/restricted/20260816T232058Z_WT_A15xS8_F012_FCC_np1_v1p0p2/adaptive/A03_S3/console.log	1
C_A03_S3_F0	fixed	A03_S3_F0	A03_S3	A03	F0	S3	134326786	769890491	"5:100000:""gw"""	"3:200000:"""""				/eos/user/c/cglenn/FCCWork/whizard/whizard_ttbar_spinpol/production/full6f_365gev_ee_ttbar_spinpol_v1/phase11_diagnostics/excess_weight_rootcause_v1/ttbar_restricted_region_suite_v1/restricted/20260816T232058Z_WT_A15xS8_F012_FCC_np1_v1p0p2/fixed/A03_S3/F0	PASS	PASS	0	516cd15ab307b2e2200ab836ba104f2b55e21d3edc8455005dec435b7310526b	74e70431db34fb0c14c080b2662dccc16ad681d4904670925ca32063fb7b7499	3dc32c48a509bc3fdc7bc0b42c624b1868145a350b778c88161daffd0a63e6c2	1	0	1	/eos/user/c/cglenn/FCCWork/whizard/whizard_ttbar_spinpol/production/full6f_365gev_ee_ttbar_spinpol_v1/phase11_diagnostics/excess_weight_rootcause_v1/ttbar_restricted_region_suite_v1/restricted/20260816T232058Z_WT_A15xS8_F012_FCC_np1_v1p0p2/fixed/A03_S3/F0/console.log	1
C_A03_S3_F1	fixed	A03_S3_F1	A03_S3	A03	F1	S3	134326786	769890491	"5:100000:""gw"""	"1:600000:"""""				/eos/user/c/cglenn/FCCWork/whizard/whizard_ttbar_spinpol/production/full6f_365gev_ee_ttbar_spinpol_v1/phase11_diagnostics/excess_weight_rootcause_v1/ttbar_restricted_region_suite_v1/restricted/20260816T232058Z_WT_A15xS8_F012_FCC_np1_v1p0p2/fixed/A03_S3/F1	PASS	PASS	0	516cd15ab307b2e2200ab836ba104f2b55e21d3edc8455005dec435b7310526b	5bfde7077194a0589f57f7edb2179e9349dd5f1308034396ea5df2d63513245c	3dc32c48a509bc3fdc7bc0b42c624b1868145a350b778c88161daffd0a63e6c2	1	0	1	/eos/user/c/cglenn/FCCWork/whizard/whizard_ttbar_spinpol/production/full6f_365gev_ee_ttbar_spinpol_v1/phase11_diagnostics/excess_weight_rootcause_v1/ttbar_restricted_region_suite_v1/restricted/20260816T232058Z_WT_A15xS8_F012_FCC_np1_v1p0p2/fixed/A03_S3/F1/console.log	1
C_A03_S3_F2	fixed	A03_S3_F2	A03_S3	A03	F2	S3	134326786	769890491	"5:100000:""gw"""	"1:2000000:"""""				/eos/user/c/cglenn/FCCWork/whizard/whizard_ttbar_spinpol/production/full6f_365gev_ee_ttbar_spinpol_v1/phase11_diagnostics/excess_weight_rootcause_v1/ttbar_restricted_region_suite_v1/restricted/20260816T232058Z_WT_A15xS8_F012_FCC_np1_v1p0p2/fixed/A03_S3/F2	PASS	PASS	0	516cd15ab307b2e2200ab836ba104f2b55e21d3edc8455005dec435b7310526b	b807b2826f38d98eeb5d6e1653c198c24542a0f147755f93a14c43386e09da18	3dc32c48a509bc3fdc7bc0b42c624b1868145a350b778c88161daffd0a63e6c2	1	0	1	/eos/user/c/cglenn/FCCWork/whizard/whizard_ttbar_spinpol/production/full6f_365gev_ee_ttbar_spinpol_v1/phase11_diagnostics/excess_weight_rootcause_v1/ttbar_restricted_region_suite_v1/restricted/20260816T232058Z_WT_A15xS8_F012_FCC_np1_v1p0p2/fixed/A03_S3/F2/console.log	1
P_A03_S4	adaptive	A03_S4		A03		S4	249371675	462903030	"5:100000:""gw"""					/eos/user/c/cglenn/FCCWork/whizard/whizard_ttbar_spinpol/production/full6f_365gev_ee_ttbar_spinpol_v1/phase11_diagnostics/excess_weight_rootcause_v1/ttbar_restricted_region_suite_v1/restricted/20260816T232058Z_WT_A15xS8_F012_FCC_np1_v1p0p2/adaptive/A03_S4	PASS	PASS	0	516cd15ab307b2e2200ab836ba104f2b55e21d3edc8455005dec435b7310526b	6d4e3dad384687cad461e98820d0718940684b6204b0e2f98b3a11ea32572b7f		0	1		/eos/user/c/cglenn/FCCWork/whizard/whizard_ttbar_spinpol/production/full6f_365gev_ee_ttbar_spinpol_v1/phase11_diagnostics/excess_weight_rootcause_v1/ttbar_restricted_region_suite_v1/restricted/20260816T232058Z_WT_A15xS8_F012_FCC_np1_v1p0p2/adaptive/A03_S4/console.log	1
C_A03_S4_F0	fixed	A03_S4_F0	A03_S4	A03	F0	S4	249371675	462903030	"5:100000:""gw"""	"3:200000:"""""				/eos/user/c/cglenn/FCCWork/whizard/whizard_ttbar_spinpol/production/full6f_365gev_ee_ttbar_spinpol_v1/phase11_diagnostics/excess_weight_rootcause_v1/ttbar_restricted_region_suite_v1/restricted/20260816T232058Z_WT_A15xS8_F012_FCC_np1_v1p0p2/fixed/A03_S4/F0	PASS	PASS	0	516cd15ab307b2e2200ab836ba104f2b55e21d3edc8455005dec435b7310526b	bc1525f115fcbc54113c0b71f2681ba42bcf2db042426eea31b39ee2ef9ddc68	6d4e3dad384687cad461e98820d0718940684b6204b0e2f98b3a11ea32572b7f	1	0	1	/eos/user/c/cglenn/FCCWork/whizard/whizard_ttbar_spinpol/production/full6f_365gev_ee_ttbar_spinpol_v1/phase11_diagnostics/excess_weight_rootcause_v1/ttbar_restricted_region_suite_v1/restricted/20260816T232058Z_WT_A15xS8_F012_FCC_np1_v1p0p2/fixed/A03_S4/F0/console.log	1
C_A03_S4_F1	fixed	A03_S4_F1	A03_S4	A03	F1	S4	249371675	462903030	"5:100000:""gw"""	"1:600000:"""""				/eos/user/c/cglenn/FCCWork/whizard/whizard_ttbar_spinpol/production/full6f_365gev_ee_ttbar_spinpol_v1/phase11_diagnostics/excess_weight_rootcause_v1/ttbar_restricted_region_suite_v1/restricted/20260816T232058Z_WT_A15xS8_F012_FCC_np1_v1p0p2/fixed/A03_S4/F1	PASS	PASS	0	516cd15ab307b2e2200ab836ba104f2b55e21d3edc8455005dec435b7310526b	e1a4a55ee3d819c7af04a1b8c82b4b1854aea8fc06dc6dc9c394cb065e800d6e	6d4e3dad384687cad461e98820d0718940684b6204b0e2f98b3a11ea32572b7f	1	0	1	/eos/user/c/cglenn/FCCWork/whizard/whizard_ttbar_spinpol/production/full6f_365gev_ee_ttbar_spinpol_v1/phase11_diagnostics/excess_weight_rootcause_v1/ttbar_restricted_region_suite_v1/restricted/20260816T232058Z_WT_A15xS8_F012_FCC_np1_v1p0p2/fixed/A03_S4/F1/console.log	1
C_A03_S4_F2	fixed	A03_S4_F2	A03_S4	A03	F2	S4	249371675	462903030	"5:100000:""gw"""	"1:2000000:"""""				/eos/user/c/cglenn/FCCWork/whizard/whizard_ttbar_spinpol/production/full6f_365gev_ee_ttbar_spinpol_v1/phase11_diagnostics/excess_weight_rootcause_v1/ttbar_restricted_region_suite_v1/restricted/20260816T232058Z_WT_A15xS8_F012_FCC_np1_v1p0p2/fixed/A03_S4/F2	PASS	PASS	0	516cd15ab307b2e2200ab836ba104f2b55e21d3edc8455005dec435b7310526b	c7f73ac89f8ecb3edecff3f16e7b1270da94e1be473eb98a409f22b54f1adedf	6d4e3dad384687cad461e98820d0718940684b6204b0e2f98b3a11ea32572b7f	1	0	1	/eos/user/c/cglenn/FCCWork/whizard/whizard_ttbar_spinpol/production/full6f_365gev_ee_ttbar_spinpol_v1/phase11_diagnostics/excess_weight_rootcause_v1/ttbar_restricted_region_suite_v1/restricted/20260816T232058Z_WT_A15xS8_F012_FCC_np1_v1p0p2/fixed/A03_S4/F2/console.log	1
P_A03_S5	adaptive	A03_S5		A03		S5	531087687	197846737	"5:100000:""gw"""					/eos/user/c/cglenn/FCCWork/whizard/whizard_ttbar_spinpol/production/full6f_365gev_ee_ttbar_spinpol_v1/phase11_diagnostics/excess_weight_rootcause_v1/ttbar_restricted_region_suite_v1/restricted/20260816T232058Z_WT_A15xS8_F012_FCC_np1_v1p0p2/adaptive/A03_S5	PASS	PASS	0	516cd15ab307b2e2200ab836ba104f2b55e21d3edc8455005dec435b7310526b	4e57705df9cd9cf2efae1890f30b291e93991ac704fd95ef7849c82a1d2f9d43		0	1		/eos/user/c/cglenn/FCCWork/whizard/whizard_ttbar_spinpol/production/full6f_365gev_ee_ttbar_spinpol_v1/phase11_diagnostics/excess_weight_rootcause_v1/ttbar_restricted_region_suite_v1/restricted/20260816T232058Z_WT_A15xS8_F012_FCC_np1_v1p0p2/adaptive/A03_S5/console.log	1
C_A03_S5_F0	fixed	A03_S5_F0	A03_S5	A03	F0	S5	531087687	197846737	"5:100000:""gw"""	"3:200000:"""""				/eos/user/c/cglenn/FCCWork/whizard/whizard_ttbar_spinpol/production/full6f_365gev_ee_ttbar_spinpol_v1/phase11_diagnostics/excess_weight_rootcause_v1/ttbar_restricted_region_suite_v1/restricted/20260816T232058Z_WT_A15xS8_F012_FCC_np1_v1p0p2/fixed/A03_S5/F0	PASS	PASS	0	516cd15ab307b2e2200ab836ba104f2b55e21d3edc8455005dec435b7310526b	a79a57b29ca7bd16ea8bf04f70ebedcfd9df146ae29752b5b5201b7f96c6d90f	4e57705df9cd9cf2efae1890f30b291e93991ac704fd95ef7849c82a1d2f9d43	1	0	1	/eos/user/c/cglenn/FCCWork/whizard/whizard_ttbar_spinpol/production/full6f_365gev_ee_ttbar_spinpol_v1/phase11_diagnostics/excess_weight_rootcause_v1/ttbar_restricted_region_suite_v1/restricted/20260816T232058Z_WT_A15xS8_F012_FCC_np1_v1p0p2/fixed/A03_S5/F0/console.log	1
C_A03_S5_F1	fixed	A03_S5_F1	A03_S5	A03	F1	S5	531087687	197846737	"5:100000:""gw"""	"1:600000:"""""				/eos/user/c/cglenn/FCCWork/whizard/whizard_ttbar_spinpol/production/full6f_365gev_ee_ttbar_spinpol_v1/phase11_diagnostics/excess_weight_rootcause_v1/ttbar_restricted_region_suite_v1/restricted/20260816T232058Z_WT_A15xS8_F012_FCC_np1_v1p0p2/fixed/A03_S5/F1	PASS	PASS	0	516cd15ab307b2e2200ab836ba104f2b55e21d3edc8455005dec435b7310526b	f18d2b00f74b2b5bf2bb4522ef2eebeb81f88aff774bd7daa3aaac11cbc6abf1	4e57705df9cd9cf2efae1890f30b291e93991ac704fd95ef7849c82a1d2f9d43	1	0	1	/eos/user/c/cglenn/FCCWork/whizard/whizard_ttbar_spinpol/production/full6f_365gev_ee_ttbar_spinpol_v1/phase11_diagnostics/excess_weight_rootcause_v1/ttbar_restricted_region_suite_v1/restricted/20260816T232058Z_WT_A15xS8_F012_FCC_np1_v1p0p2/fixed/A03_S5/F1/console.log	1
C_A03_S5_F2	fixed	A03_S5_F2	A03_S5	A03	F2	S5	531087687	197846737	"5:100000:""gw"""	"1:2000000:"""""				/eos/user/c/cglenn/FCCWork/whizard/whizard_ttbar_spinpol/production/full6f_365gev_ee_ttbar_spinpol_v1/phase11_diagnostics/excess_weight_rootcause_v1/ttbar_restricted_region_suite_v1/restricted/20260816T232058Z_WT_A15xS8_F012_FCC_np1_v1p0p2/fixed/A03_S5/F2	PASS	PASS	0	516cd15ab307b2e2200ab836ba104f2b55e21d3edc8455005dec435b7310526b	b905fd1ad89e557344aa075b8c4445d89d8c6103ad9b69b7548fc95ac431f171	4e57705df9cd9cf2efae1890f30b291e93991ac704fd95ef7849c82a1d2f9d43	1	0	1	/eos/user/c/cglenn/FCCWork/whizard/whizard_ttbar_spinpol/production/full6f_365gev_ee_ttbar_spinpol_v1/phase11_diagnostics/excess_weight_rootcause_v1/ttbar_restricted_region_suite_v1/restricted/20260816T232058Z_WT_A15xS8_F012_FCC_np1_v1p0p2/fixed/A03_S5/F2/console.log	1
P_A03_S6	adaptive	A03_S6		A03		S6	519963689	958460417	"5:100000:""gw"""					/eos/user/c/cglenn/FCCWork/whizard/whizard_ttbar_spinpol/production/full6f_365gev_ee_ttbar_spinpol_v1/phase11_diagnostics/excess_weight_rootcause_v1/ttbar_restricted_region_suite_v1/restricted/20260816T232058Z_WT_A15xS8_F012_FCC_np1_v1p0p2/adaptive/A03_S6	PASS	PASS	0	516cd15ab307b2e2200ab836ba104f2b55e21d3edc8455005dec435b7310526b	1e2a1ad05c911acebbec8ccee5cce5697cf0ab7aa4d9cfadba7d200e8afc52fc		0	1		/eos/user/c/cglenn/FCCWork/whizard/whizard_ttbar_spinpol/production/full6f_365gev_ee_ttbar_spinpol_v1/phase11_diagnostics/excess_weight_rootcause_v1/ttbar_restricted_region_suite_v1/restricted/20260816T232058Z_WT_A15xS8_F012_FCC_np1_v1p0p2/adaptive/A03_S6/console.log	1
C_A03_S6_F0	fixed	A03_S6_F0	A03_S6	A03	F0	S6	519963689	958460417	"5:100000:""gw"""	"3:200000:"""""				/eos/user/c/cglenn/FCCWork/whizard/whizard_ttbar_spinpol/production/full6f_365gev_ee_ttbar_spinpol_v1/phase11_diagnostics/excess_weight_rootcause_v1/ttbar_restricted_region_suite_v1/restricted/20260816T232058Z_WT_A15xS8_F012_FCC_np1_v1p0p2/fixed/A03_S6/F0	PASS	PASS	0	516cd15ab307b2e2200ab836ba104f2b55e21d3edc8455005dec435b7310526b	e54619a531605a0249d6713c1208f3aec69f65dd6ca0adf066fe998416355e1d	1e2a1ad05c911acebbec8ccee5cce5697cf0ab7aa4d9cfadba7d200e8afc52fc	1	0	1	/eos/user/c/cglenn/FCCWork/whizard/whizard_ttbar_spinpol/production/full6f_365gev_ee_ttbar_spinpol_v1/phase11_diagnostics/excess_weight_rootcause_v1/ttbar_restricted_region_suite_v1/restricted/20260816T232058Z_WT_A15xS8_F012_FCC_np1_v1p0p2/fixed/A03_S6/F0/console.log	1
C_A03_S6_F1	fixed	A03_S6_F1	A03_S6	A03	F1	S6	519963689	958460417	"5:100000:""gw"""	"1:600000:"""""				/eos/user/c/cglenn/FCCWork/whizard/whizard_ttbar_spinpol/production/full6f_365gev_ee_ttbar_spinpol_v1/phase11_diagnostics/excess_weight_rootcause_v1/ttbar_restricted_region_suite_v1/restricted/20260816T232058Z_WT_A15xS8_F012_FCC_np1_v1p0p2/fixed/A03_S6/F1	PASS	PASS	0	516cd15ab307b2e2200ab836ba104f2b55e21d3edc8455005dec435b7310526b	be64b9101071ec203d23d70b5d06aa779a796cdbc8d1389f302fe1f0ebf43e2b	1e2a1ad05c911acebbec8ccee5cce5697cf0ab7aa4d9cfadba7d200e8afc52fc	1	0	1	/eos/user/c/cglenn/FCCWork/whizard/whizard_ttbar_spinpol/production/full6f_365gev_ee_ttbar_spinpol_v1/phase11_diagnostics/excess_weight_rootcause_v1/ttbar_restricted_region_suite_v1/restricted/20260816T232058Z_WT_A15xS8_F012_FCC_np1_v1p0p2/fixed/A03_S6/F1/console.log	1
C_A03_S6_F2	fixed	A03_S6_F2	A03_S6	A03	F2	S6	519963689	958460417	"5:100000:""gw"""	"1:2000000:"""""				/eos/user/c/cglenn/FCCWork/whizard/whizard_ttbar_spinpol/production/full6f_365gev_ee_ttbar_spinpol_v1/phase11_diagnostics/excess_weight_rootcause_v1/ttbar_restricted_region_suite_v1/restricted/20260816T232058Z_WT_A15xS8_F012_FCC_np1_v1p0p2/fixed/A03_S6/F2	PASS	PASS	0	516cd15ab307b2e2200ab836ba104f2b55e21d3edc8455005dec435b7310526b	d2ccf612e3c9446307b368cedbff45a3b6a92e78366c78ea2c99a4bb33cacba0	1e2a1ad05c911acebbec8ccee5cce5697cf0ab7aa4d9cfadba7d200e8afc52fc	1	0	1	/eos/user/c/cglenn/FCCWork/whizard/whizard_ttbar_spinpol/production/full6f_365gev_ee_ttbar_spinpol_v1/phase11_diagnostics/excess_weight_rootcause_v1/ttbar_restricted_region_suite_v1/restricted/20260816T232058Z_WT_A15xS8_F012_FCC_np1_v1p0p2/fixed/A03_S6/F2/console.log	1
P_A03_S7	adaptive	A03_S7		A03		S7	1552803368	239117595	"5:100000:""gw"""					/eos/user/c/cglenn/FCCWork/whizard/whizard_ttbar_spinpol/production/full6f_365gev_ee_ttbar_spinpol_v1/phase11_diagnostics/excess_weight_rootcause_v1/ttbar_restricted_region_suite_v1/restricted/20260816T232058Z_WT_A15xS8_F012_FCC_np1_v1p0p2/adaptive/A03_S7	PASS	PASS	0	516cd15ab307b2e2200ab836ba104f2b55e21d3edc8455005dec435b7310526b	5b020784213f65cc0aaec707d4411200d917dc5df65f6ea09724c2645519ec29		0	1		/eos/user/c/cglenn/FCCWork/whizard/whizard_ttbar_spinpol/production/full6f_365gev_ee_ttbar_spinpol_v1/phase11_diagnostics/excess_weight_rootcause_v1/ttbar_restricted_region_suite_v1/restricted/20260816T232058Z_WT_A15xS8_F012_FCC_np1_v1p0p2/adaptive/A03_S7/console.log	1
C_A03_S7_F0	fixed	A03_S7_F0	A03_S7	A03	F0	S7	1552803368	239117595	"5:100000:""gw"""	"3:200000:"""""				/eos/user/c/cglenn/FCCWork/whizard/whizard_ttbar_spinpol/production/full6f_365gev_ee_ttbar_spinpol_v1/phase11_diagnostics/excess_weight_rootcause_v1/ttbar_restricted_region_suite_v1/restricted/20260816T232058Z_WT_A15xS8_F012_FCC_np1_v1p0p2/fixed/A03_S7/F0	PASS	PASS	0	516cd15ab307b2e2200ab836ba104f2b55e21d3edc8455005dec435b7310526b	683c5f5c2c6b0ace9bc97791cad862ba8b2eb0c99be109f4ec7faf8f7e4a6c43	5b020784213f65cc0aaec707d4411200d917dc5df65f6ea09724c2645519ec29	1	0	1	/eos/user/c/cglenn/FCCWork/whizard/whizard_ttbar_spinpol/production/full6f_365gev_ee_ttbar_spinpol_v1/phase11_diagnostics/excess_weight_rootcause_v1/ttbar_restricted_region_suite_v1/restricted/20260816T232058Z_WT_A15xS8_F012_FCC_np1_v1p0p2/fixed/A03_S7/F0/console.log	1
C_A03_S7_F1	fixed	A03_S7_F1	A03_S7	A03	F1	S7	1552803368	239117595	"5:100000:""gw"""	"1:600000:"""""				/eos/user/c/cglenn/FCCWork/whizard/whizard_ttbar_spinpol/production/full6f_365gev_ee_ttbar_spinpol_v1/phase11_diagnostics/excess_weight_rootcause_v1/ttbar_restricted_region_suite_v1/restricted/20260816T232058Z_WT_A15xS8_F012_FCC_np1_v1p0p2/fixed/A03_S7/F1	PASS	PASS	0	516cd15ab307b2e2200ab836ba104f2b55e21d3edc8455005dec435b7310526b	a54d45ee6a4925fc8090e48b9a345610a5f17102917b27a7402fdb3f68f1a01c	5b020784213f65cc0aaec707d4411200d917dc5df65f6ea09724c2645519ec29	1	0	1	/eos/user/c/cglenn/FCCWork/whizard/whizard_ttbar_spinpol/production/full6f_365gev_ee_ttbar_spinpol_v1/phase11_diagnostics/excess_weight_rootcause_v1/ttbar_restricted_region_suite_v1/restricted/20260816T232058Z_WT_A15xS8_F012_FCC_np1_v1p0p2/fixed/A03_S7/F1/console.log	1
C_A03_S7_F2	fixed	A03_S7_F2	A03_S7	A03	F2	S7	1552803368	239117595	"5:100000:""gw"""	"1:2000000:"""""				/eos/user/c/cglenn/FCCWork/whizard/whizard_ttbar_spinpol/production/full6f_365gev_ee_ttbar_spinpol_v1/phase11_diagnostics/excess_weight_rootcause_v1/ttbar_restricted_region_suite_v1/restricted/20260816T232058Z_WT_A15xS8_F012_FCC_np1_v1p0p2/fixed/A03_S7/F2	PASS	PASS	0	516cd15ab307b2e2200ab836ba104f2b55e21d3edc8455005dec435b7310526b	80b15638a20014fc86fa32e64170712b6502da20f234d5718a07e034cc378214	5b020784213f65cc0aaec707d4411200d917dc5df65f6ea09724c2645519ec29	1	0	1	/eos/user/c/cglenn/FCCWork/whizard/whizard_ttbar_spinpol/production/full6f_365gev_ee_ttbar_spinpol_v1/phase11_diagnostics/excess_weight_rootcause_v1/ttbar_restricted_region_suite_v1/restricted/20260816T232058Z_WT_A15xS8_F012_FCC_np1_v1p0p2/fixed/A03_S7/F2/console.log	1
P_A04_S0	adaptive	A04_S0		A04		S0	1740114216	648318690	"2:250000:""gw"""					/eos/user/c/cglenn/FCCWork/whizard/whizard_ttbar_spinpol/production/full6f_365gev_ee_ttbar_spinpol_v1/phase11_diagnostics/excess_weight_rootcause_v1/ttbar_restricted_region_suite_v1/restricted/20260816T232058Z_WT_A15xS8_F012_FCC_np1_v1p0p2/adaptive/A04_S0	PASS	PASS	0	516cd15ab307b2e2200ab836ba104f2b55e21d3edc8455005dec435b7310526b	a3daf1869d2345c68961173386ee031c292ede8e1439bceaec2943b0e894bb90		0	1		/eos/user/c/cglenn/FCCWork/whizard/whizard_ttbar_spinpol/production/full6f_365gev_ee_ttbar_spinpol_v1/phase11_diagnostics/excess_weight_rootcause_v1/ttbar_restricted_region_suite_v1/restricted/20260816T232058Z_WT_A15xS8_F012_FCC_np1_v1p0p2/adaptive/A04_S0/console.log	1
C_A04_S0_F0	fixed	A04_S0_F0	A04_S0	A04	F0	S0	1740114216	648318690	"2:250000:""gw"""	"3:200000:"""""				/eos/user/c/cglenn/FCCWork/whizard/whizard_ttbar_spinpol/production/full6f_365gev_ee_ttbar_spinpol_v1/phase11_diagnostics/excess_weight_rootcause_v1/ttbar_restricted_region_suite_v1/restricted/20260816T232058Z_WT_A15xS8_F012_FCC_np1_v1p0p2/fixed/A04_S0/F0	PASS	PASS	0	516cd15ab307b2e2200ab836ba104f2b55e21d3edc8455005dec435b7310526b	8c5169854fd203286fbeef8e3d2780ad97781ddb4e6478ae560dc4ba7cd2f34e	a3daf1869d2345c68961173386ee031c292ede8e1439bceaec2943b0e894bb90	1	0	1	/eos/user/c/cglenn/FCCWork/whizard/whizard_ttbar_spinpol/production/full6f_365gev_ee_ttbar_spinpol_v1/phase11_diagnostics/excess_weight_rootcause_v1/ttbar_restricted_region_suite_v1/restricted/20260816T232058Z_WT_A15xS8_F012_FCC_np1_v1p0p2/fixed/A04_S0/F0/console.log	1
C_A04_S0_F1	fixed	A04_S0_F1	A04_S0	A04	F1	S0	1740114216	648318690	"2:250000:""gw"""	"1:600000:"""""				/eos/user/c/cglenn/FCCWork/whizard/whizard_ttbar_spinpol/production/full6f_365gev_ee_ttbar_spinpol_v1/phase11_diagnostics/excess_weight_rootcause_v1/ttbar_restricted_region_suite_v1/restricted/20260816T232058Z_WT_A15xS8_F012_FCC_np1_v1p0p2/fixed/A04_S0/F1	PASS	PASS	0	516cd15ab307b2e2200ab836ba104f2b55e21d3edc8455005dec435b7310526b	8793f5771cfb3d0fda541d041c7298474976fdaa0b3ad5ca188f224877fdc794	a3daf1869d2345c68961173386ee031c292ede8e1439bceaec2943b0e894bb90	1	0	1	/eos/user/c/cglenn/FCCWork/whizard/whizard_ttbar_spinpol/production/full6f_365gev_ee_ttbar_spinpol_v1/phase11_diagnostics/excess_weight_rootcause_v1/ttbar_restricted_region_suite_v1/restricted/20260816T232058Z_WT_A15xS8_F012_FCC_np1_v1p0p2/fixed/A04_S0/F1/console.log	1
C_A04_S0_F2	fixed	A04_S0_F2	A04_S0	A04	F2	S0	1740114216	648318690	"2:250000:""gw"""	"1:2000000:"""""				/eos/user/c/cglenn/FCCWork/whizard/whizard_ttbar_spinpol/production/full6f_365gev_ee_ttbar_spinpol_v1/phase11_diagnostics/excess_weight_rootcause_v1/ttbar_restricted_region_suite_v1/restricted/20260816T232058Z_WT_A15xS8_F012_FCC_np1_v1p0p2/fixed/A04_S0/F2	PASS	PASS	0	516cd15ab307b2e2200ab836ba104f2b55e21d3edc8455005dec435b7310526b	137d527a3b5b5266c41cf89846c462a115c8310ec8bd8bd9bcb22292f64c3415	a3daf1869d2345c68961173386ee031c292ede8e1439bceaec2943b0e894bb90	1	0	1	/eos/user/c/cglenn/FCCWork/whizard/whizard_ttbar_spinpol/production/full6f_365gev_ee_ttbar_spinpol_v1/phase11_diagnostics/excess_weight_rootcause_v1/ttbar_restricted_region_suite_v1/restricted/20260816T232058Z_WT_A15xS8_F012_FCC_np1_v1p0p2/fixed/A04_S0/F2/console.log	1
P_A04_S1	adaptive	A04_S1		A04		S1	1751949026	1404282457	"2:250000:""gw"""					/eos/user/c/cglenn/FCCWork/whizard/whizard_ttbar_spinpol/production/full6f_365gev_ee_ttbar_spinpol_v1/phase11_diagnostics/excess_weight_rootcause_v1/ttbar_restricted_region_suite_v1/restricted/20260816T232058Z_WT_A15xS8_F012_FCC_np1_v1p0p2/adaptive/A04_S1	PASS	PASS	0	516cd15ab307b2e2200ab836ba104f2b55e21d3edc8455005dec435b7310526b	ebe6b98878d57b40116e9472baf97cf995a8273cb000899b2d3b23c85a3f914d		0	1		/eos/user/c/cglenn/FCCWork/whizard/whizard_ttbar_spinpol/production/full6f_365gev_ee_ttbar_spinpol_v1/phase11_diagnostics/excess_weight_rootcause_v1/ttbar_restricted_region_suite_v1/restricted/20260816T232058Z_WT_A15xS8_F012_FCC_np1_v1p0p2/adaptive/A04_S1/console.log	1
C_A04_S1_F0	fixed	A04_S1_F0	A04_S1	A04	F0	S1	1751949026	1404282457	"2:250000:""gw"""	"3:200000:"""""				/eos/user/c/cglenn/FCCWork/whizard/whizard_ttbar_spinpol/production/full6f_365gev_ee_ttbar_spinpol_v1/phase11_diagnostics/excess_weight_rootcause_v1/ttbar_restricted_region_suite_v1/restricted/20260816T232058Z_WT_A15xS8_F012_FCC_np1_v1p0p2/fixed/A04_S1/F0	PASS	PASS	0	516cd15ab307b2e2200ab836ba104f2b55e21d3edc8455005dec435b7310526b	cbb461f1faa3a8c1d4197cd176b3393e026f535a8f51c0b1fa2bd079e0b95da5	ebe6b98878d57b40116e9472baf97cf995a8273cb000899b2d3b23c85a3f914d	1	0	1	/eos/user/c/cglenn/FCCWork/whizard/whizard_ttbar_spinpol/production/full6f_365gev_ee_ttbar_spinpol_v1/phase11_diagnostics/excess_weight_rootcause_v1/ttbar_restricted_region_suite_v1/restricted/20260816T232058Z_WT_A15xS8_F012_FCC_np1_v1p0p2/fixed/A04_S1/F0/console.log	1
C_A04_S1_F1	fixed	A04_S1_F1	A04_S1	A04	F1	S1	1751949026	1404282457	"2:250000:""gw"""	"1:600000:"""""				/eos/user/c/cglenn/FCCWork/whizard/whizard_ttbar_spinpol/production/full6f_365gev_ee_ttbar_spinpol_v1/phase11_diagnostics/excess_weight_rootcause_v1/ttbar_restricted_region_suite_v1/restricted/20260816T232058Z_WT_A15xS8_F012_FCC_np1_v1p0p2/fixed/A04_S1/F1	PASS	PASS	0	516cd15ab307b2e2200ab836ba104f2b55e21d3edc8455005dec435b7310526b	06480eec29d2b190d7f4e8ddb4da5157aa6992a2258faf3dacae7baf3e32834c	ebe6b98878d57b40116e9472baf97cf995a8273cb000899b2d3b23c85a3f914d	1	0	1	/eos/user/c/cglenn/FCCWork/whizard/whizard_ttbar_spinpol/production/full6f_365gev_ee_ttbar_spinpol_v1/phase11_diagnostics/excess_weight_rootcause_v1/ttbar_restricted_region_suite_v1/restricted/20260816T232058Z_WT_A15xS8_F012_FCC_np1_v1p0p2/fixed/A04_S1/F1/console.log	1
C_A04_S1_F2	fixed	A04_S1_F2	A04_S1	A04	F2	S1	1751949026	1404282457	"2:250000:""gw"""	"1:2000000:"""""				/eos/user/c/cglenn/FCCWork/whizard/whizard_ttbar_spinpol/production/full6f_365gev_ee_ttbar_spinpol_v1/phase11_diagnostics/excess_weight_rootcause_v1/ttbar_restricted_region_suite_v1/restricted/20260816T232058Z_WT_A15xS8_F012_FCC_np1_v1p0p2/fixed/A04_S1/F2	PASS	PASS	0	516cd15ab307b2e2200ab836ba104f2b55e21d3edc8455005dec435b7310526b	fba77cc89ccdd71d21b01724d757eec2b80f286262e79f295d3368c3feee5205	ebe6b98878d57b40116e9472baf97cf995a8273cb000899b2d3b23c85a3f914d	1	0	1	/eos/user/c/cglenn/FCCWork/whizard/whizard_ttbar_spinpol/production/full6f_365gev_ee_ttbar_spinpol_v1/phase11_diagnostics/excess_weight_rootcause_v1/ttbar_restricted_region_suite_v1/restricted/20260816T232058Z_WT_A15xS8_F012_FCC_np1_v1p0p2/fixed/A04_S1/F2/console.log	1
P_A04_S2	adaptive	A04_S2		A04		S2	1885084773	1596606550	"2:250000:""gw"""					/eos/user/c/cglenn/FCCWork/whizard/whizard_ttbar_spinpol/production/full6f_365gev_ee_ttbar_spinpol_v1/phase11_diagnostics/excess_weight_rootcause_v1/ttbar_restricted_region_suite_v1/restricted/20260816T232058Z_WT_A15xS8_F012_FCC_np1_v1p0p2/adaptive/A04_S2	PASS	PASS	0	516cd15ab307b2e2200ab836ba104f2b55e21d3edc8455005dec435b7310526b	f728b8cf873a27cf2009d4a4ab12eb48edccc46f78cbb9a40db6748c0cfc8be3		0	1		/eos/user/c/cglenn/FCCWork/whizard/whizard_ttbar_spinpol/production/full6f_365gev_ee_ttbar_spinpol_v1/phase11_diagnostics/excess_weight_rootcause_v1/ttbar_restricted_region_suite_v1/restricted/20260816T232058Z_WT_A15xS8_F012_FCC_np1_v1p0p2/adaptive/A04_S2/console.log	1
C_A04_S2_F0	fixed	A04_S2_F0	A04_S2	A04	F0	S2	1885084773	1596606550	"2:250000:""gw"""	"3:200000:"""""				/eos/user/c/cglenn/FCCWork/whizard/whizard_ttbar_spinpol/production/full6f_365gev_ee_ttbar_spinpol_v1/phase11_diagnostics/excess_weight_rootcause_v1/ttbar_restricted_region_suite_v1/restricted/20260816T232058Z_WT_A15xS8_F012_FCC_np1_v1p0p2/fixed/A04_S2/F0	PASS	PASS	0	516cd15ab307b2e2200ab836ba104f2b55e21d3edc8455005dec435b7310526b	9296417547c8ac9cca73b6afe2ddfcec297c18ad978052bde11e880a72213465	f728b8cf873a27cf2009d4a4ab12eb48edccc46f78cbb9a40db6748c0cfc8be3	1	0	1	/eos/user/c/cglenn/FCCWork/whizard/whizard_ttbar_spinpol/production/full6f_365gev_ee_ttbar_spinpol_v1/phase11_diagnostics/excess_weight_rootcause_v1/ttbar_restricted_region_suite_v1/restricted/20260816T232058Z_WT_A15xS8_F012_FCC_np1_v1p0p2/fixed/A04_S2/F0/console.log	1
C_A04_S2_F1	fixed	A04_S2_F1	A04_S2	A04	F1	S2	1885084773	1596606550	"2:250000:""gw"""	"1:600000:"""""				/eos/user/c/cglenn/FCCWork/whizard/whizard_ttbar_spinpol/production/full6f_365gev_ee_ttbar_spinpol_v1/phase11_diagnostics/excess_weight_rootcause_v1/ttbar_restricted_region_suite_v1/restricted/20260816T232058Z_WT_A15xS8_F012_FCC_np1_v1p0p2/fixed/A04_S2/F1	PASS	PASS	0	516cd15ab307b2e2200ab836ba104f2b55e21d3edc8455005dec435b7310526b	431f89ba7947a104bd45a6c6248cd7629707669fd99f8332b28a7465948e53a3	f728b8cf873a27cf2009d4a4ab12eb48edccc46f78cbb9a40db6748c0cfc8be3	1	0	1	/eos/user/c/cglenn/FCCWork/whizard/whizard_ttbar_spinpol/production/full6f_365gev_ee_ttbar_spinpol_v1/phase11_diagnostics/excess_weight_rootcause_v1/ttbar_restricted_region_suite_v1/restricted/20260816T232058Z_WT_A15xS8_F012_FCC_np1_v1p0p2/fixed/A04_S2/F1/console.log	1
C_A04_S2_F2	fixed	A04_S2_F2	A04_S2	A04	F2	S2	1885084773	1596606550	"2:250000:""gw"""	"1:2000000:"""""				/eos/user/c/cglenn/FCCWork/whizard/whizard_ttbar_spinpol/production/full6f_365gev_ee_ttbar_spinpol_v1/phase11_diagnostics/excess_weight_rootcause_v1/ttbar_restricted_region_suite_v1/restricted/20260816T232058Z_WT_A15xS8_F012_FCC_np1_v1p0p2/fixed/A04_S2/F2	PASS	PASS	0	516cd15ab307b2e2200ab836ba104f2b55e21d3edc8455005dec435b7310526b	5a71ba8cf1443d7b5ff082404acc5695992652fc0f3c26892da9cd1e4f0d2f26	f728b8cf873a27cf2009d4a4ab12eb48edccc46f78cbb9a40db6748c0cfc8be3	1	0	1	/eos/user/c/cglenn/FCCWork/whizard/whizard_ttbar_spinpol/production/full6f_365gev_ee_ttbar_spinpol_v1/phase11_diagnostics/excess_weight_rootcause_v1/ttbar_restricted_region_suite_v1/restricted/20260816T232058Z_WT_A15xS8_F012_FCC_np1_v1p0p2/fixed/A04_S2/F2/console.log	1
P_A04_S3	adaptive	A04_S3		A04		S3	134326786	769890491	"2:250000:""gw"""					/eos/user/c/cglenn/FCCWork/whizard/whizard_ttbar_spinpol/production/full6f_365gev_ee_ttbar_spinpol_v1/phase11_diagnostics/excess_weight_rootcause_v1/ttbar_restricted_region_suite_v1/restricted/20260816T232058Z_WT_A15xS8_F012_FCC_np1_v1p0p2/adaptive/A04_S3	PASS	PASS	0	516cd15ab307b2e2200ab836ba104f2b55e21d3edc8455005dec435b7310526b	ef5e360cf6eb4b0a6eb81459143bcd6430510b614d87b13421063bbeec5c4142		0	1		/eos/user/c/cglenn/FCCWork/whizard/whizard_ttbar_spinpol/production/full6f_365gev_ee_ttbar_spinpol_v1/phase11_diagnostics/excess_weight_rootcause_v1/ttbar_restricted_region_suite_v1/restricted/20260816T232058Z_WT_A15xS8_F012_FCC_np1_v1p0p2/adaptive/A04_S3/console.log	1
C_A04_S3_F0	fixed	A04_S3_F0	A04_S3	A04	F0	S3	134326786	769890491	"2:250000:""gw"""	"3:200000:"""""				/eos/user/c/cglenn/FCCWork/whizard/whizard_ttbar_spinpol/production/full6f_365gev_ee_ttbar_spinpol_v1/phase11_diagnostics/excess_weight_rootcause_v1/ttbar_restricted_region_suite_v1/restricted/20260816T232058Z_WT_A15xS8_F012_FCC_np1_v1p0p2/fixed/A04_S3/F0	PASS	PASS	0	516cd15ab307b2e2200ab836ba104f2b55e21d3edc8455005dec435b7310526b	74fad65628d9b087074df2576c2717797b9edecc2e0d2ff76f978fa6b7909555	ef5e360cf6eb4b0a6eb81459143bcd6430510b614d87b13421063bbeec5c4142	1	0	1	/eos/user/c/cglenn/FCCWork/whizard/whizard_ttbar_spinpol/production/full6f_365gev_ee_ttbar_spinpol_v1/phase11_diagnostics/excess_weight_rootcause_v1/ttbar_restricted_region_suite_v1/restricted/20260816T232058Z_WT_A15xS8_F012_FCC_np1_v1p0p2/fixed/A04_S3/F0/console.log	1
C_A04_S3_F1	fixed	A04_S3_F1	A04_S3	A04	F1	S3	134326786	769890491	"2:250000:""gw"""	"1:600000:"""""				/eos/user/c/cglenn/FCCWork/whizard/whizard_ttbar_spinpol/production/full6f_365gev_ee_ttbar_spinpol_v1/phase11_diagnostics/excess_weight_rootcause_v1/ttbar_restricted_region_suite_v1/restricted/20260816T232058Z_WT_A15xS8_F012_FCC_np1_v1p0p2/fixed/A04_S3/F1	PASS	PASS	0	516cd15ab307b2e2200ab836ba104f2b55e21d3edc8455005dec435b7310526b	7ff3e4758b4274fae138ad74fdb35ccb90e29149ccfc44cc4a1406ac93246f68	ef5e360cf6eb4b0a6eb81459143bcd6430510b614d87b13421063bbeec5c4142	1	0	1	/eos/user/c/cglenn/FCCWork/whizard/whizard_ttbar_spinpol/production/full6f_365gev_ee_ttbar_spinpol_v1/phase11_diagnostics/excess_weight_rootcause_v1/ttbar_restricted_region_suite_v1/restricted/20260816T232058Z_WT_A15xS8_F012_FCC_np1_v1p0p2/fixed/A04_S3/F1/console.log	1
C_A04_S3_F2	fixed	A04_S3_F2	A04_S3	A04	F2	S3	134326786	769890491	"2:250000:""gw"""	"1:2000000:"""""				/eos/user/c/cglenn/FCCWork/whizard/whizard_ttbar_spinpol/production/full6f_365gev_ee_ttbar_spinpol_v1/phase11_diagnostics/excess_weight_rootcause_v1/ttbar_restricted_region_suite_v1/restricted/20260816T232058Z_WT_A15xS8_F012_FCC_np1_v1p0p2/fixed/A04_S3/F2	PASS	PASS	0	516cd15ab307b2e2200ab836ba104f2b55e21d3edc8455005dec435b7310526b	be8f7591a1777626fcde503b0b26cd5c5289b2c19657af1b9624f1361dc99724	ef5e360cf6eb4b0a6eb81459143bcd6430510b614d87b13421063bbeec5c4142	1	0	1	/eos/user/c/cglenn/FCCWork/whizard/whizard_ttbar_spinpol/production/full6f_365gev_ee_ttbar_spinpol_v1/phase11_diagnostics/excess_weight_rootcause_v1/ttbar_restricted_region_suite_v1/restricted/20260816T232058Z_WT_A15xS8_F012_FCC_np1_v1p0p2/fixed/A04_S3/F2/console.log	1
P_A04_S4	adaptive	A04_S4		A04		S4	249371675	462903030	"2:250000:""gw"""					/eos/user/c/cglenn/FCCWork/whizard/whizard_ttbar_spinpol/production/full6f_365gev_ee_ttbar_spinpol_v1/phase11_diagnostics/excess_weight_rootcause_v1/ttbar_restricted_region_suite_v1/restricted/20260816T232058Z_WT_A15xS8_F012_FCC_np1_v1p0p2/adaptive/A04_S4	PASS	PASS	0	516cd15ab307b2e2200ab836ba104f2b55e21d3edc8455005dec435b7310526b	a1e6b632426b8da542141babb3d52d613b925be4130babd3535791eae1110d3b		0	1		/eos/user/c/cglenn/FCCWork/whizard/whizard_ttbar_spinpol/production/full6f_365gev_ee_ttbar_spinpol_v1/phase11_diagnostics/excess_weight_rootcause_v1/ttbar_restricted_region_suite_v1/restricted/20260816T232058Z_WT_A15xS8_F012_FCC_np1_v1p0p2/adaptive/A04_S4/console.log	1
C_A04_S4_F0	fixed	A04_S4_F0	A04_S4	A04	F0	S4	249371675	462903030	"2:250000:""gw"""	"3:200000:"""""				/eos/user/c/cglenn/FCCWork/whizard/whizard_ttbar_spinpol/production/full6f_365gev_ee_ttbar_spinpol_v1/phase11_diagnostics/excess_weight_rootcause_v1/ttbar_restricted_region_suite_v1/restricted/20260816T232058Z_WT_A15xS8_F012_FCC_np1_v1p0p2/fixed/A04_S4/F0	PASS	PASS	0	516cd15ab307b2e2200ab836ba104f2b55e21d3edc8455005dec435b7310526b	278c3c88bedefedc13c19bd0143342e5964979c3cf4fa7c5c1f6c11a74ce09c6	a1e6b632426b8da542141babb3d52d613b925be4130babd3535791eae1110d3b	1	0	1	/eos/user/c/cglenn/FCCWork/whizard/whizard_ttbar_spinpol/production/full6f_365gev_ee_ttbar_spinpol_v1/phase11_diagnostics/excess_weight_rootcause_v1/ttbar_restricted_region_suite_v1/restricted/20260816T232058Z_WT_A15xS8_F012_FCC_np1_v1p0p2/fixed/A04_S4/F0/console.log	1
C_A04_S4_F1	fixed	A04_S4_F1	A04_S4	A04	F1	S4	249371675	462903030	"2:250000:""gw"""	"1:600000:"""""				/eos/user/c/cglenn/FCCWork/whizard/whizard_ttbar_spinpol/production/full6f_365gev_ee_ttbar_spinpol_v1/phase11_diagnostics/excess_weight_rootcause_v1/ttbar_restricted_region_suite_v1/restricted/20260816T232058Z_WT_A15xS8_F012_FCC_np1_v1p0p2/fixed/A04_S4/F1	PASS	PASS	0	516cd15ab307b2e2200ab836ba104f2b55e21d3edc8455005dec435b7310526b	c114cab966de80093b6eb44ba34bec40ebb2142cc47239e0a4b7b85c174011bb	a1e6b632426b8da542141babb3d52d613b925be4130babd3535791eae1110d3b	1	0	1	/eos/user/c/cglenn/FCCWork/whizard/whizard_ttbar_spinpol/production/full6f_365gev_ee_ttbar_spinpol_v1/phase11_diagnostics/excess_weight_rootcause_v1/ttbar_restricted_region_suite_v1/restricted/20260816T232058Z_WT_A15xS8_F012_FCC_np1_v1p0p2/fixed/A04_S4/F1/console.log	1
C_A04_S4_F2	fixed	A04_S4_F2	A04_S4	A04	F2	S4	249371675	462903030	"2:250000:""gw"""	"1:2000000:"""""				/eos/user/c/cglenn/FCCWork/whizard/whizard_ttbar_spinpol/production/full6f_365gev_ee_ttbar_spinpol_v1/phase11_diagnostics/excess_weight_rootcause_v1/ttbar_restricted_region_suite_v1/restricted/20260816T232058Z_WT_A15xS8_F012_FCC_np1_v1p0p2/fixed/A04_S4/F2	PASS	PASS	0	516cd15ab307b2e2200ab836ba104f2b55e21d3edc8455005dec435b7310526b	01b7b7ec3d25f5a335b1d13df0edc0c88cf962f61ba249f5515e4ef3fab34e43	a1e6b632426b8da542141babb3d52d613b925be4130babd3535791eae1110d3b	1	0	1	/eos/user/c/cglenn/FCCWork/whizard/whizard_ttbar_spinpol/production/full6f_365gev_ee_ttbar_spinpol_v1/phase11_diagnostics/excess_weight_rootcause_v1/ttbar_restricted_region_suite_v1/restricted/20260816T232058Z_WT_A15xS8_F012_FCC_np1_v1p0p2/fixed/A04_S4/F2/console.log	1
P_A04_S5	adaptive	A04_S5		A04		S5	531087687	197846737	"2:250000:""gw"""					/eos/user/c/cglenn/FCCWork/whizard/whizard_ttbar_spinpol/production/full6f_365gev_ee_ttbar_spinpol_v1/phase11_diagnostics/excess_weight_rootcause_v1/ttbar_restricted_region_suite_v1/restricted/20260816T232058Z_WT_A15xS8_F012_FCC_np1_v1p0p2/adaptive/A04_S5	PASS	PASS	0	516cd15ab307b2e2200ab836ba104f2b55e21d3edc8455005dec435b7310526b	216d8f41f10bbb9b60e78c311500b0ea6e8bc124ccc8cca6c7f383e174c7c231		0	1		/eos/user/c/cglenn/FCCWork/whizard/whizard_ttbar_spinpol/production/full6f_365gev_ee_ttbar_spinpol_v1/phase11_diagnostics/excess_weight_rootcause_v1/ttbar_restricted_region_suite_v1/restricted/20260816T232058Z_WT_A15xS8_F012_FCC_np1_v1p0p2/adaptive/A04_S5/console.log	1
C_A04_S5_F0	fixed	A04_S5_F0	A04_S5	A04	F0	S5	531087687	197846737	"2:250000:""gw"""	"3:200000:"""""				/eos/user/c/cglenn/FCCWork/whizard/whizard_ttbar_spinpol/production/full6f_365gev_ee_ttbar_spinpol_v1/phase11_diagnostics/excess_weight_rootcause_v1/ttbar_restricted_region_suite_v1/restricted/20260816T232058Z_WT_A15xS8_F012_FCC_np1_v1p0p2/fixed/A04_S5/F0	PASS	PASS	0	516cd15ab307b2e2200ab836ba104f2b55e21d3edc8455005dec435b7310526b	1f4c8df7b3a3dd2d14ca71a235d2f55b5576c18e757b6f3c0d51688e91270cb1	216d8f41f10bbb9b60e78c311500b0ea6e8bc124ccc8cca6c7f383e174c7c231	1	0	1	/eos/user/c/cglenn/FCCWork/whizard/whizard_ttbar_spinpol/production/full6f_365gev_ee_ttbar_spinpol_v1/phase11_diagnostics/excess_weight_rootcause_v1/ttbar_restricted_region_suite_v1/restricted/20260816T232058Z_WT_A15xS8_F012_FCC_np1_v1p0p2/fixed/A04_S5/F0/console.log	1
C_A04_S5_F1	fixed	A04_S5_F1	A04_S5	A04	F1	S5	531087687	197846737	"2:250000:""gw"""	"1:600000:"""""				/eos/user/c/cglenn/FCCWork/whizard/whizard_ttbar_spinpol/production/full6f_365gev_ee_ttbar_spinpol_v1/phase11_diagnostics/excess_weight_rootcause_v1/ttbar_restricted_region_suite_v1/restricted/20260816T232058Z_WT_A15xS8_F012_FCC_np1_v1p0p2/fixed/A04_S5/F1	PASS	PASS	0	516cd15ab307b2e2200ab836ba104f2b55e21d3edc8455005dec435b7310526b	4e246b6be245b044990d53ec278e44aad931af3487873892ef2d042fa861649b	216d8f41f10bbb9b60e78c311500b0ea6e8bc124ccc8cca6c7f383e174c7c231	1	0	1	/eos/user/c/cglenn/FCCWork/whizard/whizard_ttbar_spinpol/production/full6f_365gev_ee_ttbar_spinpol_v1/phase11_diagnostics/excess_weight_rootcause_v1/ttbar_restricted_region_suite_v1/restricted/20260816T232058Z_WT_A15xS8_F012_FCC_np1_v1p0p2/fixed/A04_S5/F1/console.log	1
C_A04_S5_F2	fixed	A04_S5_F2	A04_S5	A04	F2	S5	531087687	197846737	"2:250000:""gw"""	"1:2000000:"""""				/eos/user/c/cglenn/FCCWork/whizard/whizard_ttbar_spinpol/production/full6f_365gev_ee_ttbar_spinpol_v1/phase11_diagnostics/excess_weight_rootcause_v1/ttbar_restricted_region_suite_v1/restricted/20260816T232058Z_WT_A15xS8_F012_FCC_np1_v1p0p2/fixed/A04_S5/F2	PASS	PASS	0	516cd15ab307b2e2200ab836ba104f2b55e21d3edc8455005dec435b7310526b	70b9fd9efefb8d3a041c93a965d8271fe00784fac500177c37bfe8df731a4780	216d8f41f10bbb9b60e78c311500b0ea6e8bc124ccc8cca6c7f383e174c7c231	1	0	1	/eos/user/c/cglenn/FCCWork/whizard/whizard_ttbar_spinpol/production/full6f_365gev_ee_ttbar_spinpol_v1/phase11_diagnostics/excess_weight_rootcause_v1/ttbar_restricted_region_suite_v1/restricted/20260816T232058Z_WT_A15xS8_F012_FCC_np1_v1p0p2/fixed/A04_S5/F2/console.log	1
P_A04_S6	adaptive	A04_S6		A04		S6	519963689	958460417	"2:250000:""gw"""					/eos/user/c/cglenn/FCCWork/whizard/whizard_ttbar_spinpol/production/full6f_365gev_ee_ttbar_spinpol_v1/phase11_diagnostics/excess_weight_rootcause_v1/ttbar_restricted_region_suite_v1/restricted/20260816T232058Z_WT_A15xS8_F012_FCC_np1_v1p0p2/adaptive/A04_S6	PASS	PASS	0	516cd15ab307b2e2200ab836ba104f2b55e21d3edc8455005dec435b7310526b	166b78308503ff5d068db69b05ae9678578fdbfb937df6bdeae9861e7529eacb		0	1		/eos/user/c/cglenn/FCCWork/whizard/whizard_ttbar_spinpol/production/full6f_365gev_ee_ttbar_spinpol_v1/phase11_diagnostics/excess_weight_rootcause_v1/ttbar_restricted_region_suite_v1/restricted/20260816T232058Z_WT_A15xS8_F012_FCC_np1_v1p0p2/adaptive/A04_S6/console.log	1
C_A04_S6_F0	fixed	A04_S6_F0	A04_S6	A04	F0	S6	519963689	958460417	"2:250000:""gw"""	"3:200000:"""""				/eos/user/c/cglenn/FCCWork/whizard/whizard_ttbar_spinpol/production/full6f_365gev_ee_ttbar_spinpol_v1/phase11_diagnostics/excess_weight_rootcause_v1/ttbar_restricted_region_suite_v1/restricted/20260816T232058Z_WT_A15xS8_F012_FCC_np1_v1p0p2/fixed/A04_S6/F0	PASS	PASS	0	516cd15ab307b2e2200ab836ba104f2b55e21d3edc8455005dec435b7310526b	a48398b69e2633571bd4485682a4f7ea47aa3088a89e7105708ba7f28eab817c	166b78308503ff5d068db69b05ae9678578fdbfb937df6bdeae9861e7529eacb	1	0	1	/eos/user/c/cglenn/FCCWork/whizard/whizard_ttbar_spinpol/production/full6f_365gev_ee_ttbar_spinpol_v1/phase11_diagnostics/excess_weight_rootcause_v1/ttbar_restricted_region_suite_v1/restricted/20260816T232058Z_WT_A15xS8_F012_FCC_np1_v1p0p2/fixed/A04_S6/F0/console.log	1
C_A04_S6_F1	fixed	A04_S6_F1	A04_S6	A04	F1	S6	519963689	958460417	"2:250000:""gw"""	"1:600000:"""""				/eos/user/c/cglenn/FCCWork/whizard/whizard_ttbar_spinpol/production/full6f_365gev_ee_ttbar_spinpol_v1/phase11_diagnostics/excess_weight_rootcause_v1/ttbar_restricted_region_suite_v1/restricted/20260816T232058Z_WT_A15xS8_F012_FCC_np1_v1p0p2/fixed/A04_S6/F1	PASS	PASS	0	516cd15ab307b2e2200ab836ba104f2b55e21d3edc8455005dec435b7310526b	531c0736fd6197a7a2741b15e8e3a68f887f818ddd4cc9b7dca25b46f530c877	166b78308503ff5d068db69b05ae9678578fdbfb937df6bdeae9861e7529eacb	1	0	1	/eos/user/c/cglenn/FCCWork/whizard/whizard_ttbar_spinpol/production/full6f_365gev_ee_ttbar_spinpol_v1/phase11_diagnostics/excess_weight_rootcause_v1/ttbar_restricted_region_suite_v1/restricted/20260816T232058Z_WT_A15xS8_F012_FCC_np1_v1p0p2/fixed/A04_S6/F1/console.log	1
C_A04_S6_F2	fixed	A04_S6_F2	A04_S6	A04	F2	S6	519963689	958460417	"2:250000:""gw"""	"1:2000000:"""""				/eos/user/c/cglenn/FCCWork/whizard/whizard_ttbar_spinpol/production/full6f_365gev_ee_ttbar_spinpol_v1/phase11_diagnostics/excess_weight_rootcause_v1/ttbar_restricted_region_suite_v1/restricted/20260816T232058Z_WT_A15xS8_F012_FCC_np1_v1p0p2/fixed/A04_S6/F2	PASS	PASS	0	516cd15ab307b2e2200ab836ba104f2b55e21d3edc8455005dec435b7310526b	5a85eaea5b2ab746cf055d4cb90e1172c6a2fc61bf79897cd05078a64bae55f3	166b78308503ff5d068db69b05ae9678578fdbfb937df6bdeae9861e7529eacb	1	0	1	/eos/user/c/cglenn/FCCWork/whizard/whizard_ttbar_spinpol/production/full6f_365gev_ee_ttbar_spinpol_v1/phase11_diagnostics/excess_weight_rootcause_v1/ttbar_restricted_region_suite_v1/restricted/20260816T232058Z_WT_A15xS8_F012_FCC_np1_v1p0p2/fixed/A04_S6/F2/console.log	1
P_A04_S7	adaptive	A04_S7		A04		S7	1552803368	239117595	"2:250000:""gw"""					/eos/user/c/cglenn/FCCWork/whizard/whizard_ttbar_spinpol/production/full6f_365gev_ee_ttbar_spinpol_v1/phase11_diagnostics/excess_weight_rootcause_v1/ttbar_restricted_region_suite_v1/restricted/20260816T232058Z_WT_A15xS8_F012_FCC_np1_v1p0p2/adaptive/A04_S7	PASS	PASS	0	516cd15ab307b2e2200ab836ba104f2b55e21d3edc8455005dec435b7310526b	6fc16b953e50d48c7bc1e65055a0521333ddbad7458c168cd66ccf649aafc405		0	1		/eos/user/c/cglenn/FCCWork/whizard/whizard_ttbar_spinpol/production/full6f_365gev_ee_ttbar_spinpol_v1/phase11_diagnostics/excess_weight_rootcause_v1/ttbar_restricted_region_suite_v1/restricted/20260816T232058Z_WT_A15xS8_F012_FCC_np1_v1p0p2/adaptive/A04_S7/console.log	1
C_A04_S7_F0	fixed	A04_S7_F0	A04_S7	A04	F0	S7	1552803368	239117595	"2:250000:""gw"""	"3:200000:"""""				/eos/user/c/cglenn/FCCWork/whizard/whizard_ttbar_spinpol/production/full6f_365gev_ee_ttbar_spinpol_v1/phase11_diagnostics/excess_weight_rootcause_v1/ttbar_restricted_region_suite_v1/restricted/20260816T232058Z_WT_A15xS8_F012_FCC_np1_v1p0p2/fixed/A04_S7/F0	PASS	PASS	0	516cd15ab307b2e2200ab836ba104f2b55e21d3edc8455005dec435b7310526b	ee27149c07972501286da2e2066eb36d9fa04b5ae7b668b697d43eb7f4d6d217	6fc16b953e50d48c7bc1e65055a0521333ddbad7458c168cd66ccf649aafc405	1	0	1	/eos/user/c/cglenn/FCCWork/whizard/whizard_ttbar_spinpol/production/full6f_365gev_ee_ttbar_spinpol_v1/phase11_diagnostics/excess_weight_rootcause_v1/ttbar_restricted_region_suite_v1/restricted/20260816T232058Z_WT_A15xS8_F012_FCC_np1_v1p0p2/fixed/A04_S7/F0/console.log	1
C_A04_S7_F1	fixed	A04_S7_F1	A04_S7	A04	F1	S7	1552803368	239117595	"2:250000:""gw"""	"1:600000:"""""				/eos/user/c/cglenn/FCCWork/whizard/whizard_ttbar_spinpol/production/full6f_365gev_ee_ttbar_spinpol_v1/phase11_diagnostics/excess_weight_rootcause_v1/ttbar_restricted_region_suite_v1/restricted/20260816T232058Z_WT_A15xS8_F012_FCC_np1_v1p0p2/fixed/A04_S7/F1	PASS	PASS	0	516cd15ab307b2e2200ab836ba104f2b55e21d3edc8455005dec435b7310526b	733ad5f4ae53a9e73a3a3a520e5ca5dcb05f227902eb4e781bce52167fafd522	6fc16b953e50d48c7bc1e65055a0521333ddbad7458c168cd66ccf649aafc405	1	0	1	/eos/user/c/cglenn/FCCWork/whizard/whizard_ttbar_spinpol/production/full6f_365gev_ee_ttbar_spinpol_v1/phase11_diagnostics/excess_weight_rootcause_v1/ttbar_restricted_region_suite_v1/restricted/20260816T232058Z_WT_A15xS8_F012_FCC_np1_v1p0p2/fixed/A04_S7/F1/console.log	1
C_A04_S7_F2	fixed	A04_S7_F2	A04_S7	A04	F2	S7	1552803368	239117595	"2:250000:""gw"""	"1:2000000:"""""				/eos/user/c/cglenn/FCCWork/whizard/whizard_ttbar_spinpol/production/full6f_365gev_ee_ttbar_spinpol_v1/phase11_diagnostics/excess_weight_rootcause_v1/ttbar_restricted_region_suite_v1/restricted/20260816T232058Z_WT_A15xS8_F012_FCC_np1_v1p0p2/fixed/A04_S7/F2	PASS	PASS	0	516cd15ab307b2e2200ab836ba104f2b55e21d3edc8455005dec435b7310526b	e1e6dac81a49bb872c8714bc0c3c877d994067c1b14e30190459c5b73ed11816	6fc16b953e50d48c7bc1e65055a0521333ddbad7458c168cd66ccf649aafc405	1	0	1	/eos/user/c/cglenn/FCCWork/whizard/whizard_ttbar_spinpol/production/full6f_365gev_ee_ttbar_spinpol_v1/phase11_diagnostics/excess_weight_rootcause_v1/ttbar_restricted_region_suite_v1/restricted/20260816T232058Z_WT_A15xS8_F012_FCC_np1_v1p0p2/fixed/A04_S7/F2/console.log	1
P_A05_S0	adaptive	A05_S0		A05		S0	1740114216	648318690	"1:500000:""gw"""					/eos/user/c/cglenn/FCCWork/whizard/whizard_ttbar_spinpol/production/full6f_365gev_ee_ttbar_spinpol_v1/phase11_diagnostics/excess_weight_rootcause_v1/ttbar_restricted_region_suite_v1/restricted/20260816T232058Z_WT_A15xS8_F012_FCC_np1_v1p0p2/adaptive/A05_S0	PASS	PASS	0	516cd15ab307b2e2200ab836ba104f2b55e21d3edc8455005dec435b7310526b	4060a108710a29c29b8d82655b6383b41e4ba7436f91ae4694b1e55209c3bb81		0	1		/eos/user/c/cglenn/FCCWork/whizard/whizard_ttbar_spinpol/production/full6f_365gev_ee_ttbar_spinpol_v1/phase11_diagnostics/excess_weight_rootcause_v1/ttbar_restricted_region_suite_v1/restricted/20260816T232058Z_WT_A15xS8_F012_FCC_np1_v1p0p2/adaptive/A05_S0/console.log	1
C_A05_S0_F0	fixed	A05_S0_F0	A05_S0	A05	F0	S0	1740114216	648318690	"1:500000:""gw"""	"3:200000:"""""				/eos/user/c/cglenn/FCCWork/whizard/whizard_ttbar_spinpol/production/full6f_365gev_ee_ttbar_spinpol_v1/phase11_diagnostics/excess_weight_rootcause_v1/ttbar_restricted_region_suite_v1/restricted/20260816T232058Z_WT_A15xS8_F012_FCC_np1_v1p0p2/fixed/A05_S0/F0	PASS	PASS	0	516cd15ab307b2e2200ab836ba104f2b55e21d3edc8455005dec435b7310526b	05dd7b8624ae5ae5d943b79a3ab0ebfbbde6af56e453230e4c56be828be71414	4060a108710a29c29b8d82655b6383b41e4ba7436f91ae4694b1e55209c3bb81	1	0	1	/eos/user/c/cglenn/FCCWork/whizard/whizard_ttbar_spinpol/production/full6f_365gev_ee_ttbar_spinpol_v1/phase11_diagnostics/excess_weight_rootcause_v1/ttbar_restricted_region_suite_v1/restricted/20260816T232058Z_WT_A15xS8_F012_FCC_np1_v1p0p2/fixed/A05_S0/F0/console.log	1
C_A05_S0_F1	fixed	A05_S0_F1	A05_S0	A05	F1	S0	1740114216	648318690	"1:500000:""gw"""	"1:600000:"""""				/eos/user/c/cglenn/FCCWork/whizard/whizard_ttbar_spinpol/production/full6f_365gev_ee_ttbar_spinpol_v1/phase11_diagnostics/excess_weight_rootcause_v1/ttbar_restricted_region_suite_v1/restricted/20260816T232058Z_WT_A15xS8_F012_FCC_np1_v1p0p2/fixed/A05_S0/F1	PASS	PASS	0	516cd15ab307b2e2200ab836ba104f2b55e21d3edc8455005dec435b7310526b	a6a44537e62a4d474f1b8995be3758aab9306cd1f9185c2f3fea701d6ff802f4	4060a108710a29c29b8d82655b6383b41e4ba7436f91ae4694b1e55209c3bb81	1	0	1	/eos/user/c/cglenn/FCCWork/whizard/whizard_ttbar_spinpol/production/full6f_365gev_ee_ttbar_spinpol_v1/phase11_diagnostics/excess_weight_rootcause_v1/ttbar_restricted_region_suite_v1/restricted/20260816T232058Z_WT_A15xS8_F012_FCC_np1_v1p0p2/fixed/A05_S0/F1/console.log	1
C_A05_S0_F2	fixed	A05_S0_F2	A05_S0	A05	F2	S0	1740114216	648318690	"1:500000:""gw"""	"1:2000000:"""""				/eos/user/c/cglenn/FCCWork/whizard/whizard_ttbar_spinpol/production/full6f_365gev_ee_ttbar_spinpol_v1/phase11_diagnostics/excess_weight_rootcause_v1/ttbar_restricted_region_suite_v1/restricted/20260816T232058Z_WT_A15xS8_F012_FCC_np1_v1p0p2/fixed/A05_S0/F2	PASS	PASS	0	516cd15ab307b2e2200ab836ba104f2b55e21d3edc8455005dec435b7310526b	c054a89669ce29c5f76955fdb4887a4cbf16d924e5bec33c06783756817fdbac	4060a108710a29c29b8d82655b6383b41e4ba7436f91ae4694b1e55209c3bb81	1	0	1	/eos/user/c/cglenn/FCCWork/whizard/whizard_ttbar_spinpol/production/full6f_365gev_ee_ttbar_spinpol_v1/phase11_diagnostics/excess_weight_rootcause_v1/ttbar_restricted_region_suite_v1/restricted/20260816T232058Z_WT_A15xS8_F012_FCC_np1_v1p0p2/fixed/A05_S0/F2/console.log	1
P_A05_S1	adaptive	A05_S1		A05		S1	1751949026	1404282457	"1:500000:""gw"""					/eos/user/c/cglenn/FCCWork/whizard/whizard_ttbar_spinpol/production/full6f_365gev_ee_ttbar_spinpol_v1/phase11_diagnostics/excess_weight_rootcause_v1/ttbar_restricted_region_suite_v1/restricted/20260816T232058Z_WT_A15xS8_F012_FCC_np1_v1p0p2/adaptive/A05_S1	PASS	PASS	0	516cd15ab307b2e2200ab836ba104f2b55e21d3edc8455005dec435b7310526b	7e3d83a4b11f0a7d3917b9dae67ed833b8fef72731324b4a30923e696c0570b8		0	1		/eos/user/c/cglenn/FCCWork/whizard/whizard_ttbar_spinpol/production/full6f_365gev_ee_ttbar_spinpol_v1/phase11_diagnostics/excess_weight_rootcause_v1/ttbar_restricted_region_suite_v1/restricted/20260816T232058Z_WT_A15xS8_F012_FCC_np1_v1p0p2/adaptive/A05_S1/console.log	1
C_A05_S1_F0	fixed	A05_S1_F0	A05_S1	A05	F0	S1	1751949026	1404282457	"1:500000:""gw"""	"3:200000:"""""				/eos/user/c/cglenn/FCCWork/whizard/whizard_ttbar_spinpol/production/full6f_365gev_ee_ttbar_spinpol_v1/phase11_diagnostics/excess_weight_rootcause_v1/ttbar_restricted_region_suite_v1/restricted/20260816T232058Z_WT_A15xS8_F012_FCC_np1_v1p0p2/fixed/A05_S1/F0	PASS	PASS	0	516cd15ab307b2e2200ab836ba104f2b55e21d3edc8455005dec435b7310526b	0a01da7bb00a613399dd9df6b1a87bd4d1bee1b6f8f3c5b31f052063a9910804	7e3d83a4b11f0a7d3917b9dae67ed833b8fef72731324b4a30923e696c0570b8	1	0	1	/eos/user/c/cglenn/FCCWork/whizard/whizard_ttbar_spinpol/production/full6f_365gev_ee_ttbar_spinpol_v1/phase11_diagnostics/excess_weight_rootcause_v1/ttbar_restricted_region_suite_v1/restricted/20260816T232058Z_WT_A15xS8_F012_FCC_np1_v1p0p2/fixed/A05_S1/F0/console.log	1
C_A05_S1_F1	fixed	A05_S1_F1	A05_S1	A05	F1	S1	1751949026	1404282457	"1:500000:""gw"""	"1:600000:"""""				/eos/user/c/cglenn/FCCWork/whizard/whizard_ttbar_spinpol/production/full6f_365gev_ee_ttbar_spinpol_v1/phase11_diagnostics/excess_weight_rootcause_v1/ttbar_restricted_region_suite_v1/restricted/20260816T232058Z_WT_A15xS8_F012_FCC_np1_v1p0p2/fixed/A05_S1/F1	PASS	PASS	0	516cd15ab307b2e2200ab836ba104f2b55e21d3edc8455005dec435b7310526b	8b2fc65565af3fb647bdd283f295c5c6ae907c33e9e002627c6fd37a85af6693	7e3d83a4b11f0a7d3917b9dae67ed833b8fef72731324b4a30923e696c0570b8	1	0	1	/eos/user/c/cglenn/FCCWork/whizard/whizard_ttbar_spinpol/production/full6f_365gev_ee_ttbar_spinpol_v1/phase11_diagnostics/excess_weight_rootcause_v1/ttbar_restricted_region_suite_v1/restricted/20260816T232058Z_WT_A15xS8_F012_FCC_np1_v1p0p2/fixed/A05_S1/F1/console.log	1
C_A05_S1_F2	fixed	A05_S1_F2	A05_S1	A05	F2	S1	1751949026	1404282457	"1:500000:""gw"""	"1:2000000:"""""				/eos/user/c/cglenn/FCCWork/whizard/whizard_ttbar_spinpol/production/full6f_365gev_ee_ttbar_spinpol_v1/phase11_diagnostics/excess_weight_rootcause_v1/ttbar_restricted_region_suite_v1/restricted/20260816T232058Z_WT_A15xS8_F012_FCC_np1_v1p0p2/fixed/A05_S1/F2	PASS	PASS	0	516cd15ab307b2e2200ab836ba104f2b55e21d3edc8455005dec435b7310526b	f485d29b34a48f47397554f498a1cb54d23f9215b20ecafe0ce8de25081f742b	7e3d83a4b11f0a7d3917b9dae67ed833b8fef72731324b4a30923e696c0570b8	1	0	1	/eos/user/c/cglenn/FCCWork/whizard/whizard_ttbar_spinpol/production/full6f_365gev_ee_ttbar_spinpol_v1/phase11_diagnostics/excess_weight_rootcause_v1/ttbar_restricted_region_suite_v1/restricted/20260816T232058Z_WT_A15xS8_F012_FCC_np1_v1p0p2/fixed/A05_S1/F2/console.log	1
P_A05_S2	adaptive	A05_S2		A05		S2	1885084773	1596606550	"1:500000:""gw"""					/eos/user/c/cglenn/FCCWork/whizard/whizard_ttbar_spinpol/production/full6f_365gev_ee_ttbar_spinpol_v1/phase11_diagnostics/excess_weight_rootcause_v1/ttbar_restricted_region_suite_v1/restricted/20260816T232058Z_WT_A15xS8_F012_FCC_np1_v1p0p2/adaptive/A05_S2	PASS	PASS	0	516cd15ab307b2e2200ab836ba104f2b55e21d3edc8455005dec435b7310526b	3eab6dcafb9c1e194936164b2c18ec8bdd1b7ce25ce2828845de667f0553ff8c		0	1		/eos/user/c/cglenn/FCCWork/whizard/whizard_ttbar_spinpol/production/full6f_365gev_ee_ttbar_spinpol_v1/phase11_diagnostics/excess_weight_rootcause_v1/ttbar_restricted_region_suite_v1/restricted/20260816T232058Z_WT_A15xS8_F012_FCC_np1_v1p0p2/adaptive/A05_S2/console.log	1
C_A05_S2_F0	fixed	A05_S2_F0	A05_S2	A05	F0	S2	1885084773	1596606550	"1:500000:""gw"""	"3:200000:"""""				/eos/user/c/cglenn/FCCWork/whizard/whizard_ttbar_spinpol/production/full6f_365gev_ee_ttbar_spinpol_v1/phase11_diagnostics/excess_weight_rootcause_v1/ttbar_restricted_region_suite_v1/restricted/20260816T232058Z_WT_A15xS8_F012_FCC_np1_v1p0p2/fixed/A05_S2/F0	PASS	PASS	0	516cd15ab307b2e2200ab836ba104f2b55e21d3edc8455005dec435b7310526b	720006aa47fdd0c4121892ae4f6d1516cc7b33bec16272369a8da7d1ad98a139	3eab6dcafb9c1e194936164b2c18ec8bdd1b7ce25ce2828845de667f0553ff8c	1	0	1	/eos/user/c/cglenn/FCCWork/whizard/whizard_ttbar_spinpol/production/full6f_365gev_ee_ttbar_spinpol_v1/phase11_diagnostics/excess_weight_rootcause_v1/ttbar_restricted_region_suite_v1/restricted/20260816T232058Z_WT_A15xS8_F012_FCC_np1_v1p0p2/fixed/A05_S2/F0/console.log	1
C_A05_S2_F1	fixed	A05_S2_F1	A05_S2	A05	F1	S2	1885084773	1596606550	"1:500000:""gw"""	"1:600000:"""""				/eos/user/c/cglenn/FCCWork/whizard/whizard_ttbar_spinpol/production/full6f_365gev_ee_ttbar_spinpol_v1/phase11_diagnostics/excess_weight_rootcause_v1/ttbar_restricted_region_suite_v1/restricted/20260816T232058Z_WT_A15xS8_F012_FCC_np1_v1p0p2/fixed/A05_S2/F1	PASS	PASS	0	516cd15ab307b2e2200ab836ba104f2b55e21d3edc8455005dec435b7310526b	e0754d844d38d8a0a8b702a0bbaa9e88dd2c67cfde0641920dd8c7bb9a54a8bb	3eab6dcafb9c1e194936164b2c18ec8bdd1b7ce25ce2828845de667f0553ff8c	1	0	1	/eos/user/c/cglenn/FCCWork/whizard/whizard_ttbar_spinpol/production/full6f_365gev_ee_ttbar_spinpol_v1/phase11_diagnostics/excess_weight_rootcause_v1/ttbar_restricted_region_suite_v1/restricted/20260816T232058Z_WT_A15xS8_F012_FCC_np1_v1p0p2/fixed/A05_S2/F1/console.log	1
C_A05_S2_F2	fixed	A05_S2_F2	A05_S2	A05	F2	S2	1885084773	1596606550	"1:500000:""gw"""	"1:2000000:"""""				/eos/user/c/cglenn/FCCWork/whizard/whizard_ttbar_spinpol/production/full6f_365gev_ee_ttbar_spinpol_v1/phase11_diagnostics/excess_weight_rootcause_v1/ttbar_restricted_region_suite_v1/restricted/20260816T232058Z_WT_A15xS8_F012_FCC_np1_v1p0p2/fixed/A05_S2/F2	PASS	PASS	0	516cd15ab307b2e2200ab836ba104f2b55e21d3edc8455005dec435b7310526b	2217b7eb479b30de215fe2df62757ae843b24895cbb3dc7e4686347a78e8e65d	3eab6dcafb9c1e194936164b2c18ec8bdd1b7ce25ce2828845de667f0553ff8c	1	0	1	/eos/user/c/cglenn/FCCWork/whizard/whizard_ttbar_spinpol/production/full6f_365gev_ee_ttbar_spinpol_v1/phase11_diagnostics/excess_weight_rootcause_v1/ttbar_restricted_region_suite_v1/restricted/20260816T232058Z_WT_A15xS8_F012_FCC_np1_v1p0p2/fixed/A05_S2/F2/console.log	1
P_A05_S3	adaptive	A05_S3		A05		S3	134326786	769890491	"1:500000:""gw"""					/eos/user/c/cglenn/FCCWork/whizard/whizard_ttbar_spinpol/production/full6f_365gev_ee_ttbar_spinpol_v1/phase11_diagnostics/excess_weight_rootcause_v1/ttbar_restricted_region_suite_v1/restricted/20260816T232058Z_WT_A15xS8_F012_FCC_np1_v1p0p2/adaptive/A05_S3	PASS	PASS	0	516cd15ab307b2e2200ab836ba104f2b55e21d3edc8455005dec435b7310526b	1e915a03b1302382bceee270b35c5025e7197552af76963852bdb487da0ff859		0	1		/eos/user/c/cglenn/FCCWork/whizard/whizard_ttbar_spinpol/production/full6f_365gev_ee_ttbar_spinpol_v1/phase11_diagnostics/excess_weight_rootcause_v1/ttbar_restricted_region_suite_v1/restricted/20260816T232058Z_WT_A15xS8_F012_FCC_np1_v1p0p2/adaptive/A05_S3/console.log	1
C_A05_S3_F0	fixed	A05_S3_F0	A05_S3	A05	F0	S3	134326786	769890491	"1:500000:""gw"""	"3:200000:"""""				/eos/user/c/cglenn/FCCWork/whizard/whizard_ttbar_spinpol/production/full6f_365gev_ee_ttbar_spinpol_v1/phase11_diagnostics/excess_weight_rootcause_v1/ttbar_restricted_region_suite_v1/restricted/20260816T232058Z_WT_A15xS8_F012_FCC_np1_v1p0p2/fixed/A05_S3/F0	PASS	PASS	0	516cd15ab307b2e2200ab836ba104f2b55e21d3edc8455005dec435b7310526b	2a43d228757fce191185aade9ee14d2b2effc1f070bc0d9d07fc829fbbc57546	1e915a03b1302382bceee270b35c5025e7197552af76963852bdb487da0ff859	1	0	1	/eos/user/c/cglenn/FCCWork/whizard/whizard_ttbar_spinpol/production/full6f_365gev_ee_ttbar_spinpol_v1/phase11_diagnostics/excess_weight_rootcause_v1/ttbar_restricted_region_suite_v1/restricted/20260816T232058Z_WT_A15xS8_F012_FCC_np1_v1p0p2/fixed/A05_S3/F0/console.log	1
C_A05_S3_F1	fixed	A05_S3_F1	A05_S3	A05	F1	S3	134326786	769890491	"1:500000:""gw"""	"1:600000:"""""				/eos/user/c/cglenn/FCCWork/whizard/whizard_ttbar_spinpol/production/full6f_365gev_ee_ttbar_spinpol_v1/phase11_diagnostics/excess_weight_rootcause_v1/ttbar_restricted_region_suite_v1/restricted/20260816T232058Z_WT_A15xS8_F012_FCC_np1_v1p0p2/fixed/A05_S3/F1	PASS	PASS	0	516cd15ab307b2e2200ab836ba104f2b55e21d3edc8455005dec435b7310526b	bdbee696c0a43434c2c12f74b1751218ba1e9ec8d554aa0802052e1a8db55518	1e915a03b1302382bceee270b35c5025e7197552af76963852bdb487da0ff859	1	0	1	/eos/user/c/cglenn/FCCWork/whizard/whizard_ttbar_spinpol/production/full6f_365gev_ee_ttbar_spinpol_v1/phase11_diagnostics/excess_weight_rootcause_v1/ttbar_restricted_region_suite_v1/restricted/20260816T232058Z_WT_A15xS8_F012_FCC_np1_v1p0p2/fixed/A05_S3/F1/console.log	1
C_A05_S3_F2	fixed	A05_S3_F2	A05_S3	A05	F2	S3	134326786	769890491	"1:500000:""gw"""	"1:2000000:"""""				/eos/user/c/cglenn/FCCWork/whizard/whizard_ttbar_spinpol/production/full6f_365gev_ee_ttbar_spinpol_v1/phase11_diagnostics/excess_weight_rootcause_v1/ttbar_restricted_region_suite_v1/restricted/20260816T232058Z_WT_A15xS8_F012_FCC_np1_v1p0p2/fixed/A05_S3/F2	PASS	PASS	0	516cd15ab307b2e2200ab836ba104f2b55e21d3edc8455005dec435b7310526b	6cd799da47824d2816fa56ddad48ee014029b92e3af3d7d5a4ad8eeed6652d1e	1e915a03b1302382bceee270b35c5025e7197552af76963852bdb487da0ff859	1	0	1	/eos/user/c/cglenn/FCCWork/whizard/whizard_ttbar_spinpol/production/full6f_365gev_ee_ttbar_spinpol_v1/phase11_diagnostics/excess_weight_rootcause_v1/ttbar_restricted_region_suite_v1/restricted/20260816T232058Z_WT_A15xS8_F012_FCC_np1_v1p0p2/fixed/A05_S3/F2/console.log	1
P_A05_S4	adaptive	A05_S4		A05		S4	249371675	462903030	"1:500000:""gw"""					/eos/user/c/cglenn/FCCWork/whizard/whizard_ttbar_spinpol/production/full6f_365gev_ee_ttbar_spinpol_v1/phase11_diagnostics/excess_weight_rootcause_v1/ttbar_restricted_region_suite_v1/restricted/20260816T232058Z_WT_A15xS8_F012_FCC_np1_v1p0p2/adaptive/A05_S4	PASS	PASS	0	516cd15ab307b2e2200ab836ba104f2b55e21d3edc8455005dec435b7310526b	7c8771ca8caad2a32750b62a4f957d6b3f6f658987225b62057827371bf6ea69		0	1		/eos/user/c/cglenn/FCCWork/whizard/whizard_ttbar_spinpol/production/full6f_365gev_ee_ttbar_spinpol_v1/phase11_diagnostics/excess_weight_rootcause_v1/ttbar_restricted_region_suite_v1/restricted/20260816T232058Z_WT_A15xS8_F012_FCC_np1_v1p0p2/adaptive/A05_S4/console.log	1
C_A05_S4_F0	fixed	A05_S4_F0	A05_S4	A05	F0	S4	249371675	462903030	"1:500000:""gw"""	"3:200000:"""""				/eos/user/c/cglenn/FCCWork/whizard/whizard_ttbar_spinpol/production/full6f_365gev_ee_ttbar_spinpol_v1/phase11_diagnostics/excess_weight_rootcause_v1/ttbar_restricted_region_suite_v1/restricted/20260816T232058Z_WT_A15xS8_F012_FCC_np1_v1p0p2/fixed/A05_S4/F0	PASS	PASS	0	516cd15ab307b2e2200ab836ba104f2b55e21d3edc8455005dec435b7310526b	ec69fe822bf636027a93c3bc4a647dff80f10f624c0beeb46fc5e50ce4b4a560	7c8771ca8caad2a32750b62a4f957d6b3f6f658987225b62057827371bf6ea69	1	0	1	/eos/user/c/cglenn/FCCWork/whizard/whizard_ttbar_spinpol/production/full6f_365gev_ee_ttbar_spinpol_v1/phase11_diagnostics/excess_weight_rootcause_v1/ttbar_restricted_region_suite_v1/restricted/20260816T232058Z_WT_A15xS8_F012_FCC_np1_v1p0p2/fixed/A05_S4/F0/console.log	1
C_A05_S4_F1	fixed	A05_S4_F1	A05_S4	A05	F1	S4	249371675	462903030	"1:500000:""gw"""	"1:600000:"""""				/eos/user/c/cglenn/FCCWork/whizard/whizard_ttbar_spinpol/production/full6f_365gev_ee_ttbar_spinpol_v1/phase11_diagnostics/excess_weight_rootcause_v1/ttbar_restricted_region_suite_v1/restricted/20260816T232058Z_WT_A15xS8_F012_FCC_np1_v1p0p2/fixed/A05_S4/F1	PASS	PASS	0	516cd15ab307b2e2200ab836ba104f2b55e21d3edc8455005dec435b7310526b	9d621b011804f59cc90f3fb3999695e6a88ccabc812d0651c5c9806e0ccd19d3	7c8771ca8caad2a32750b62a4f957d6b3f6f658987225b62057827371bf6ea69	1	0	1	/eos/user/c/cglenn/FCCWork/whizard/whizard_ttbar_spinpol/production/full6f_365gev_ee_ttbar_spinpol_v1/phase11_diagnostics/excess_weight_rootcause_v1/ttbar_restricted_region_suite_v1/restricted/20260816T232058Z_WT_A15xS8_F012_FCC_np1_v1p0p2/fixed/A05_S4/F1/console.log	1
C_A05_S4_F2	fixed	A05_S4_F2	A05_S4	A05	F2	S4	249371675	462903030	"1:500000:""gw"""	"1:2000000:"""""				/eos/user/c/cglenn/FCCWork/whizard/whizard_ttbar_spinpol/production/full6f_365gev_ee_ttbar_spinpol_v1/phase11_diagnostics/excess_weight_rootcause_v1/ttbar_restricted_region_suite_v1/restricted/20260816T232058Z_WT_A15xS8_F012_FCC_np1_v1p0p2/fixed/A05_S4/F2	PASS	PASS	0	516cd15ab307b2e2200ab836ba104f2b55e21d3edc8455005dec435b7310526b	2bde95dbc88cceec67f79d8e54ea51955e375cdbd6a78ca152bff2bc96af71ca	7c8771ca8caad2a32750b62a4f957d6b3f6f658987225b62057827371bf6ea69	1	0	1	/eos/user/c/cglenn/FCCWork/whizard/whizard_ttbar_spinpol/production/full6f_365gev_ee_ttbar_spinpol_v1/phase11_diagnostics/excess_weight_rootcause_v1/ttbar_restricted_region_suite_v1/restricted/20260816T232058Z_WT_A15xS8_F012_FCC_np1_v1p0p2/fixed/A05_S4/F2/console.log	1
P_A05_S5	adaptive	A05_S5		A05		S5	531087687	197846737	"1:500000:""gw"""					/eos/user/c/cglenn/FCCWork/whizard/whizard_ttbar_spinpol/production/full6f_365gev_ee_ttbar_spinpol_v1/phase11_diagnostics/excess_weight_rootcause_v1/ttbar_restricted_region_suite_v1/restricted/20260816T232058Z_WT_A15xS8_F012_FCC_np1_v1p0p2/adaptive/A05_S5	PASS	PASS	0	516cd15ab307b2e2200ab836ba104f2b55e21d3edc8455005dec435b7310526b	6fff08a1824e39a5c36f13ee34dea8d467f56ff738816519fd28b430881ef379		0	1		/eos/user/c/cglenn/FCCWork/whizard/whizard_ttbar_spinpol/production/full6f_365gev_ee_ttbar_spinpol_v1/phase11_diagnostics/excess_weight_rootcause_v1/ttbar_restricted_region_suite_v1/restricted/20260816T232058Z_WT_A15xS8_F012_FCC_np1_v1p0p2/adaptive/A05_S5/console.log	1
C_A05_S5_F0	fixed	A05_S5_F0	A05_S5	A05	F0	S5	531087687	197846737	"1:500000:""gw"""	"3:200000:"""""				/eos/user/c/cglenn/FCCWork/whizard/whizard_ttbar_spinpol/production/full6f_365gev_ee_ttbar_spinpol_v1/phase11_diagnostics/excess_weight_rootcause_v1/ttbar_restricted_region_suite_v1/restricted/20260816T232058Z_WT_A15xS8_F012_FCC_np1_v1p0p2/fixed/A05_S5/F0	PASS	PASS	0	516cd15ab307b2e2200ab836ba104f2b55e21d3edc8455005dec435b7310526b	dcb9cf2c49d1f2047746dfb7cdbbaa1d3de564acc8e1f117eb545d8e13286333	6fff08a1824e39a5c36f13ee34dea8d467f56ff738816519fd28b430881ef379	1	0	1	/eos/user/c/cglenn/FCCWork/whizard/whizard_ttbar_spinpol/production/full6f_365gev_ee_ttbar_spinpol_v1/phase11_diagnostics/excess_weight_rootcause_v1/ttbar_restricted_region_suite_v1/restricted/20260816T232058Z_WT_A15xS8_F012_FCC_np1_v1p0p2/fixed/A05_S5/F0/console.log	1
C_A05_S5_F1	fixed	A05_S5_F1	A05_S5	A05	F1	S5	531087687	197846737	"1:500000:""gw"""	"1:600000:"""""				/eos/user/c/cglenn/FCCWork/whizard/whizard_ttbar_spinpol/production/full6f_365gev_ee_ttbar_spinpol_v1/phase11_diagnostics/excess_weight_rootcause_v1/ttbar_restricted_region_suite_v1/restricted/20260816T232058Z_WT_A15xS8_F012_FCC_np1_v1p0p2/fixed/A05_S5/F1	PASS	PASS	0	516cd15ab307b2e2200ab836ba104f2b55e21d3edc8455005dec435b7310526b	389600ef0e28089aafc1058e21b56cb6be0754df20f9db7dab183cc8409ee1f7	6fff08a1824e39a5c36f13ee34dea8d467f56ff738816519fd28b430881ef379	1	0	1	/eos/user/c/cglenn/FCCWork/whizard/whizard_ttbar_spinpol/production/full6f_365gev_ee_ttbar_spinpol_v1/phase11_diagnostics/excess_weight_rootcause_v1/ttbar_restricted_region_suite_v1/restricted/20260816T232058Z_WT_A15xS8_F012_FCC_np1_v1p0p2/fixed/A05_S5/F1/console.log	1
C_A05_S5_F2	fixed	A05_S5_F2	A05_S5	A05	F2	S5	531087687	197846737	"1:500000:""gw"""	"1:2000000:"""""				/eos/user/c/cglenn/FCCWork/whizard/whizard_ttbar_spinpol/production/full6f_365gev_ee_ttbar_spinpol_v1/phase11_diagnostics/excess_weight_rootcause_v1/ttbar_restricted_region_suite_v1/restricted/20260816T232058Z_WT_A15xS8_F012_FCC_np1_v1p0p2/fixed/A05_S5/F2	PASS	PASS	0	516cd15ab307b2e2200ab836ba104f2b55e21d3edc8455005dec435b7310526b	b857fade8c07f45cbe4178ca38e61d423c25d3443d1b2cc2187b83d49fc3326e	6fff08a1824e39a5c36f13ee34dea8d467f56ff738816519fd28b430881ef379	1	0	1	/eos/user/c/cglenn/FCCWork/whizard/whizard_ttbar_spinpol/production/full6f_365gev_ee_ttbar_spinpol_v1/phase11_diagnostics/excess_weight_rootcause_v1/ttbar_restricted_region_suite_v1/restricted/20260816T232058Z_WT_A15xS8_F012_FCC_np1_v1p0p2/fixed/A05_S5/F2/console.log	1
P_A05_S6	adaptive	A05_S6		A05		S6	519963689	958460417	"1:500000:""gw"""					/eos/user/c/cglenn/FCCWork/whizard/whizard_ttbar_spinpol/production/full6f_365gev_ee_ttbar_spinpol_v1/phase11_diagnostics/excess_weight_rootcause_v1/ttbar_restricted_region_suite_v1/restricted/20260816T232058Z_WT_A15xS8_F012_FCC_np1_v1p0p2/adaptive/A05_S6	PASS	PASS	0	516cd15ab307b2e2200ab836ba104f2b55e21d3edc8455005dec435b7310526b	22a12a1979c61398f074e9e1317805443c635d8334f0bd878e908d4ada25f4f5		0	1		/eos/user/c/cglenn/FCCWork/whizard/whizard_ttbar_spinpol/production/full6f_365gev_ee_ttbar_spinpol_v1/phase11_diagnostics/excess_weight_rootcause_v1/ttbar_restricted_region_suite_v1/restricted/20260816T232058Z_WT_A15xS8_F012_FCC_np1_v1p0p2/adaptive/A05_S6/console.log	1
C_A05_S6_F0	fixed	A05_S6_F0	A05_S6	A05	F0	S6	519963689	958460417	"1:500000:""gw"""	"3:200000:"""""				/eos/user/c/cglenn/FCCWork/whizard/whizard_ttbar_spinpol/production/full6f_365gev_ee_ttbar_spinpol_v1/phase11_diagnostics/excess_weight_rootcause_v1/ttbar_restricted_region_suite_v1/restricted/20260816T232058Z_WT_A15xS8_F012_FCC_np1_v1p0p2/fixed/A05_S6/F0	PASS	PASS	0	516cd15ab307b2e2200ab836ba104f2b55e21d3edc8455005dec435b7310526b	7dd1670e044847da5052a298ebed4b4d55e78caf05fe7b03ec939ca38ee8d15c	22a12a1979c61398f074e9e1317805443c635d8334f0bd878e908d4ada25f4f5	1	0	1	/eos/user/c/cglenn/FCCWork/whizard/whizard_ttbar_spinpol/production/full6f_365gev_ee_ttbar_spinpol_v1/phase11_diagnostics/excess_weight_rootcause_v1/ttbar_restricted_region_suite_v1/restricted/20260816T232058Z_WT_A15xS8_F012_FCC_np1_v1p0p2/fixed/A05_S6/F0/console.log	1
C_A05_S6_F1	fixed	A05_S6_F1	A05_S6	A05	F1	S6	519963689	958460417	"1:500000:""gw"""	"1:600000:"""""				/eos/user/c/cglenn/FCCWork/whizard/whizard_ttbar_spinpol/production/full6f_365gev_ee_ttbar_spinpol_v1/phase11_diagnostics/excess_weight_rootcause_v1/ttbar_restricted_region_suite_v1/restricted/20260816T232058Z_WT_A15xS8_F012_FCC_np1_v1p0p2/fixed/A05_S6/F1	PASS	PASS	0	516cd15ab307b2e2200ab836ba104f2b55e21d3edc8455005dec435b7310526b	afce3548d40ec9158332b005592cca1ac2ad6e0ad5a198e59c9291f3415ec1d6	22a12a1979c61398f074e9e1317805443c635d8334f0bd878e908d4ada25f4f5	1	0	1	/eos/user/c/cglenn/FCCWork/whizard/whizard_ttbar_spinpol/production/full6f_365gev_ee_ttbar_spinpol_v1/phase11_diagnostics/excess_weight_rootcause_v1/ttbar_restricted_region_suite_v1/restricted/20260816T232058Z_WT_A15xS8_F012_FCC_np1_v1p0p2/fixed/A05_S6/F1/console.log	1
C_A05_S6_F2	fixed	A05_S6_F2	A05_S6	A05	F2	S6	519963689	958460417	"1:500000:""gw"""	"1:2000000:"""""				/eos/user/c/cglenn/FCCWork/whizard/whizard_ttbar_spinpol/production/full6f_365gev_ee_ttbar_spinpol_v1/phase11_diagnostics/excess_weight_rootcause_v1/ttbar_restricted_region_suite_v1/restricted/20260816T232058Z_WT_A15xS8_F012_FCC_np1_v1p0p2/fixed/A05_S6/F2	PASS	PASS	0	516cd15ab307b2e2200ab836ba104f2b55e21d3edc8455005dec435b7310526b	1e10ac8179693625223bc397752d96577760a5d0e3461b2e8f477a3be411fab2	22a12a1979c61398f074e9e1317805443c635d8334f0bd878e908d4ada25f4f5	1	0	1	/eos/user/c/cglenn/FCCWork/whizard/whizard_ttbar_spinpol/production/full6f_365gev_ee_ttbar_spinpol_v1/phase11_diagnostics/excess_weight_rootcause_v1/ttbar_restricted_region_suite_v1/restricted/20260816T232058Z_WT_A15xS8_F012_FCC_np1_v1p0p2/fixed/A05_S6/F2/console.log	1
P_A05_S7	adaptive	A05_S7		A05		S7	1552803368	239117595	"1:500000:""gw"""					/eos/user/c/cglenn/FCCWork/whizard/whizard_ttbar_spinpol/production/full6f_365gev_ee_ttbar_spinpol_v1/phase11_diagnostics/excess_weight_rootcause_v1/ttbar_restricted_region_suite_v1/restricted/20260816T232058Z_WT_A15xS8_F012_FCC_np1_v1p0p2/adaptive/A05_S7	PASS	PASS	0	516cd15ab307b2e2200ab836ba104f2b55e21d3edc8455005dec435b7310526b	b4557400aab12bfa7faa52fbe7eb7b8fc0a9de240a6b56dd6fe15315575633d6		0	1		/eos/user/c/cglenn/FCCWork/whizard/whizard_ttbar_spinpol/production/full6f_365gev_ee_ttbar_spinpol_v1/phase11_diagnostics/excess_weight_rootcause_v1/ttbar_restricted_region_suite_v1/restricted/20260816T232058Z_WT_A15xS8_F012_FCC_np1_v1p0p2/adaptive/A05_S7/console.log	1
C_A05_S7_F0	fixed	A05_S7_F0	A05_S7	A05	F0	S7	1552803368	239117595	"1:500000:""gw"""	"3:200000:"""""				/eos/user/c/cglenn/FCCWork/whizard/whizard_ttbar_spinpol/production/full6f_365gev_ee_ttbar_spinpol_v1/phase11_diagnostics/excess_weight_rootcause_v1/ttbar_restricted_region_suite_v1/restricted/20260816T232058Z_WT_A15xS8_F012_FCC_np1_v1p0p2/fixed/A05_S7/F0	PASS	PASS	0	516cd15ab307b2e2200ab836ba104f2b55e21d3edc8455005dec435b7310526b	72ae57512453983164dee82d7272c9a4695c9b507cd8659dc0ac28bcaf734de8	b4557400aab12bfa7faa52fbe7eb7b8fc0a9de240a6b56dd6fe15315575633d6	1	0	1	/eos/user/c/cglenn/FCCWork/whizard/whizard_ttbar_spinpol/production/full6f_365gev_ee_ttbar_spinpol_v1/phase11_diagnostics/excess_weight_rootcause_v1/ttbar_restricted_region_suite_v1/restricted/20260816T232058Z_WT_A15xS8_F012_FCC_np1_v1p0p2/fixed/A05_S7/F0/console.log	1
C_A05_S7_F1	fixed	A05_S7_F1	A05_S7	A05	F1	S7	1552803368	239117595	"1:500000:""gw"""	"1:600000:"""""				/eos/user/c/cglenn/FCCWork/whizard/whizard_ttbar_spinpol/production/full6f_365gev_ee_ttbar_spinpol_v1/phase11_diagnostics/excess_weight_rootcause_v1/ttbar_restricted_region_suite_v1/restricted/20260816T232058Z_WT_A15xS8_F012_FCC_np1_v1p0p2/fixed/A05_S7/F1	PASS	PASS	0	516cd15ab307b2e2200ab836ba104f2b55e21d3edc8455005dec435b7310526b	b7b0d5d1058d0a06dfd01a946d9401a89c8f74b963f7a21bc11a73bf414b68a1	b4557400aab12bfa7faa52fbe7eb7b8fc0a9de240a6b56dd6fe15315575633d6	1	0	1	/eos/user/c/cglenn/FCCWork/whizard/whizard_ttbar_spinpol/production/full6f_365gev_ee_ttbar_spinpol_v1/phase11_diagnostics/excess_weight_rootcause_v1/ttbar_restricted_region_suite_v1/restricted/20260816T232058Z_WT_A15xS8_F012_FCC_np1_v1p0p2/fixed/A05_S7/F1/console.log	1
C_A05_S7_F2	fixed	A05_S7_F2	A05_S7	A05	F2	S7	1552803368	239117595	"1:500000:""gw"""	"1:2000000:"""""				/eos/user/c/cglenn/FCCWork/whizard/whizard_ttbar_spinpol/production/full6f_365gev_ee_ttbar_spinpol_v1/phase11_diagnostics/excess_weight_rootcause_v1/ttbar_restricted_region_suite_v1/restricted/20260816T232058Z_WT_A15xS8_F012_FCC_np1_v1p0p2/fixed/A05_S7/F2	PASS	PASS	0	516cd15ab307b2e2200ab836ba104f2b55e21d3edc8455005dec435b7310526b	b5dbb333b6b91a4f77ee57c00b1ad6f3885adb46cc214ee3485ce0d9fff61d02	b4557400aab12bfa7faa52fbe7eb7b8fc0a9de240a6b56dd6fe15315575633d6	1	0	1	/eos/user/c/cglenn/FCCWork/whizard/whizard_ttbar_spinpol/production/full6f_365gev_ee_ttbar_spinpol_v1/phase11_diagnostics/excess_weight_rootcause_v1/ttbar_restricted_region_suite_v1/restricted/20260816T232058Z_WT_A15xS8_F012_FCC_np1_v1p0p2/fixed/A05_S7/F2/console.log	1
P_A06_S0	adaptive	A06_S0		A06		S0	1740114216	648318690	"1:100000:""gw"",1:200000:""gw"",1:400000:""gw"""					/eos/user/c/cglenn/FCCWork/whizard/whizard_ttbar_spinpol/production/full6f_365gev_ee_ttbar_spinpol_v1/phase11_diagnostics/excess_weight_rootcause_v1/ttbar_restricted_region_suite_v1/restricted/20260816T232058Z_WT_A15xS8_F012_FCC_np1_v1p0p2/adaptive/A06_S0	PASS	PASS	0	516cd15ab307b2e2200ab836ba104f2b55e21d3edc8455005dec435b7310526b	b8be0cf727eb52dc51842cf339afa972efe44d34e049ad605fec07bbc2528770		0	1		/eos/user/c/cglenn/FCCWork/whizard/whizard_ttbar_spinpol/production/full6f_365gev_ee_ttbar_spinpol_v1/phase11_diagnostics/excess_weight_rootcause_v1/ttbar_restricted_region_suite_v1/restricted/20260816T232058Z_WT_A15xS8_F012_FCC_np1_v1p0p2/adaptive/A06_S0/console.log	1
C_A06_S0_F0	fixed	A06_S0_F0	A06_S0	A06	F0	S0	1740114216	648318690	"1:100000:""gw"",1:200000:""gw"",1:400000:""gw"""	"3:200000:"""""				/eos/user/c/cglenn/FCCWork/whizard/whizard_ttbar_spinpol/production/full6f_365gev_ee_ttbar_spinpol_v1/phase11_diagnostics/excess_weight_rootcause_v1/ttbar_restricted_region_suite_v1/restricted/20260816T232058Z_WT_A15xS8_F012_FCC_np1_v1p0p2/fixed/A06_S0/F0	PASS	PASS	0	516cd15ab307b2e2200ab836ba104f2b55e21d3edc8455005dec435b7310526b	2ce4e180720548d69537a3f7ff24ddba285f4116582a5e03fa5ff5ee1db6ba8a	b8be0cf727eb52dc51842cf339afa972efe44d34e049ad605fec07bbc2528770	3	0	1	/eos/user/c/cglenn/FCCWork/whizard/whizard_ttbar_spinpol/production/full6f_365gev_ee_ttbar_spinpol_v1/phase11_diagnostics/excess_weight_rootcause_v1/ttbar_restricted_region_suite_v1/restricted/20260816T232058Z_WT_A15xS8_F012_FCC_np1_v1p0p2/fixed/A06_S0/F0/console.log	1
C_A06_S0_F1	fixed	A06_S0_F1	A06_S0	A06	F1	S0	1740114216	648318690	"1:100000:""gw"",1:200000:""gw"",1:400000:""gw"""	"1:600000:"""""				/eos/user/c/cglenn/FCCWork/whizard/whizard_ttbar_spinpol/production/full6f_365gev_ee_ttbar_spinpol_v1/phase11_diagnostics/excess_weight_rootcause_v1/ttbar_restricted_region_suite_v1/restricted/20260816T232058Z_WT_A15xS8_F012_FCC_np1_v1p0p2/fixed/A06_S0/F1	PASS	PASS	0	516cd15ab307b2e2200ab836ba104f2b55e21d3edc8455005dec435b7310526b	0a5c68bd77131106ef6de1e035c30cd667bb057c6bdcb23efe8ca1c5be88e624	b8be0cf727eb52dc51842cf339afa972efe44d34e049ad605fec07bbc2528770	3	0	1	/eos/user/c/cglenn/FCCWork/whizard/whizard_ttbar_spinpol/production/full6f_365gev_ee_ttbar_spinpol_v1/phase11_diagnostics/excess_weight_rootcause_v1/ttbar_restricted_region_suite_v1/restricted/20260816T232058Z_WT_A15xS8_F012_FCC_np1_v1p0p2/fixed/A06_S0/F1/console.log	1
C_A06_S0_F2	fixed	A06_S0_F2	A06_S0	A06	F2	S0	1740114216	648318690	"1:100000:""gw"",1:200000:""gw"",1:400000:""gw"""	"1:2000000:"""""				/eos/user/c/cglenn/FCCWork/whizard/whizard_ttbar_spinpol/production/full6f_365gev_ee_ttbar_spinpol_v1/phase11_diagnostics/excess_weight_rootcause_v1/ttbar_restricted_region_suite_v1/restricted/20260816T232058Z_WT_A15xS8_F012_FCC_np1_v1p0p2/fixed/A06_S0/F2	PASS	PASS	0	516cd15ab307b2e2200ab836ba104f2b55e21d3edc8455005dec435b7310526b	b14048e7c896b6c9b870ef17178f7b1d3b9d7f88bec946962453cc2c4d367a47	b8be0cf727eb52dc51842cf339afa972efe44d34e049ad605fec07bbc2528770	3	0	1	/eos/user/c/cglenn/FCCWork/whizard/whizard_ttbar_spinpol/production/full6f_365gev_ee_ttbar_spinpol_v1/phase11_diagnostics/excess_weight_rootcause_v1/ttbar_restricted_region_suite_v1/restricted/20260816T232058Z_WT_A15xS8_F012_FCC_np1_v1p0p2/fixed/A06_S0/F2/console.log	1
P_A06_S1	adaptive	A06_S1		A06		S1	1751949026	1404282457	"1:100000:""gw"",1:200000:""gw"",1:400000:""gw"""					/eos/user/c/cglenn/FCCWork/whizard/whizard_ttbar_spinpol/production/full6f_365gev_ee_ttbar_spinpol_v1/phase11_diagnostics/excess_weight_rootcause_v1/ttbar_restricted_region_suite_v1/restricted/20260816T232058Z_WT_A15xS8_F012_FCC_np1_v1p0p2/adaptive/A06_S1	PASS	PASS	0	516cd15ab307b2e2200ab836ba104f2b55e21d3edc8455005dec435b7310526b	2cd6b807d83690840a413acfe2573dda256d05ce4b65da01ef5ced68684dcdaf		0	1		/eos/user/c/cglenn/FCCWork/whizard/whizard_ttbar_spinpol/production/full6f_365gev_ee_ttbar_spinpol_v1/phase11_diagnostics/excess_weight_rootcause_v1/ttbar_restricted_region_suite_v1/restricted/20260816T232058Z_WT_A15xS8_F012_FCC_np1_v1p0p2/adaptive/A06_S1/console.log	1
C_A06_S1_F0	fixed	A06_S1_F0	A06_S1	A06	F0	S1	1751949026	1404282457	"1:100000:""gw"",1:200000:""gw"",1:400000:""gw"""	"3:200000:"""""				/eos/user/c/cglenn/FCCWork/whizard/whizard_ttbar_spinpol/production/full6f_365gev_ee_ttbar_spinpol_v1/phase11_diagnostics/excess_weight_rootcause_v1/ttbar_restricted_region_suite_v1/restricted/20260816T232058Z_WT_A15xS8_F012_FCC_np1_v1p0p2/fixed/A06_S1/F0	PASS	PASS	0	516cd15ab307b2e2200ab836ba104f2b55e21d3edc8455005dec435b7310526b	7b48233f5fe8e43b683747183ebdbc1ccc37425848aa265233c3f88eb0a73001	2cd6b807d83690840a413acfe2573dda256d05ce4b65da01ef5ced68684dcdaf	3	0	1	/eos/user/c/cglenn/FCCWork/whizard/whizard_ttbar_spinpol/production/full6f_365gev_ee_ttbar_spinpol_v1/phase11_diagnostics/excess_weight_rootcause_v1/ttbar_restricted_region_suite_v1/restricted/20260816T232058Z_WT_A15xS8_F012_FCC_np1_v1p0p2/fixed/A06_S1/F0/console.log	1
C_A06_S1_F1	fixed	A06_S1_F1	A06_S1	A06	F1	S1	1751949026	1404282457	"1:100000:""gw"",1:200000:""gw"",1:400000:""gw"""	"1:600000:"""""				/eos/user/c/cglenn/FCCWork/whizard/whizard_ttbar_spinpol/production/full6f_365gev_ee_ttbar_spinpol_v1/phase11_diagnostics/excess_weight_rootcause_v1/ttbar_restricted_region_suite_v1/restricted/20260816T232058Z_WT_A15xS8_F012_FCC_np1_v1p0p2/fixed/A06_S1/F1	PASS	PASS	0	516cd15ab307b2e2200ab836ba104f2b55e21d3edc8455005dec435b7310526b	a40373479b9ef0a6b25663e28085bd4963475d0ce524d9f0e4783f537a8fc018	2cd6b807d83690840a413acfe2573dda256d05ce4b65da01ef5ced68684dcdaf	3	0	1	/eos/user/c/cglenn/FCCWork/whizard/whizard_ttbar_spinpol/production/full6f_365gev_ee_ttbar_spinpol_v1/phase11_diagnostics/excess_weight_rootcause_v1/ttbar_restricted_region_suite_v1/restricted/20260816T232058Z_WT_A15xS8_F012_FCC_np1_v1p0p2/fixed/A06_S1/F1/console.log	1
C_A06_S1_F2	fixed	A06_S1_F2	A06_S1	A06	F2	S1	1751949026	1404282457	"1:100000:""gw"",1:200000:""gw"",1:400000:""gw"""	"1:2000000:"""""				/eos/user/c/cglenn/FCCWork/whizard/whizard_ttbar_spinpol/production/full6f_365gev_ee_ttbar_spinpol_v1/phase11_diagnostics/excess_weight_rootcause_v1/ttbar_restricted_region_suite_v1/restricted/20260816T232058Z_WT_A15xS8_F012_FCC_np1_v1p0p2/fixed/A06_S1/F2	PASS	PASS	0	516cd15ab307b2e2200ab836ba104f2b55e21d3edc8455005dec435b7310526b	4878ba076504bcf3d7fab04badfe9001d67c4a5ed06e7a5d9f3fb9fedb9db519	2cd6b807d83690840a413acfe2573dda256d05ce4b65da01ef5ced68684dcdaf	3	0	1	/eos/user/c/cglenn/FCCWork/whizard/whizard_ttbar_spinpol/production/full6f_365gev_ee_ttbar_spinpol_v1/phase11_diagnostics/excess_weight_rootcause_v1/ttbar_restricted_region_suite_v1/restricted/20260816T232058Z_WT_A15xS8_F012_FCC_np1_v1p0p2/fixed/A06_S1/F2/console.log	1
P_A06_S2	adaptive	A06_S2		A06		S2	1885084773	1596606550	"1:100000:""gw"",1:200000:""gw"",1:400000:""gw"""					/eos/user/c/cglenn/FCCWork/whizard/whizard_ttbar_spinpol/production/full6f_365gev_ee_ttbar_spinpol_v1/phase11_diagnostics/excess_weight_rootcause_v1/ttbar_restricted_region_suite_v1/restricted/20260816T232058Z_WT_A15xS8_F012_FCC_np1_v1p0p2/adaptive/A06_S2	PASS	PASS	0	516cd15ab307b2e2200ab836ba104f2b55e21d3edc8455005dec435b7310526b	96224f9d66ffaa01727219f0a2a6be93c2a816f91c371f83acaa924e2fbe5a7e		0	1		/eos/user/c/cglenn/FCCWork/whizard/whizard_ttbar_spinpol/production/full6f_365gev_ee_ttbar_spinpol_v1/phase11_diagnostics/excess_weight_rootcause_v1/ttbar_restricted_region_suite_v1/restricted/20260816T232058Z_WT_A15xS8_F012_FCC_np1_v1p0p2/adaptive/A06_S2/console.log	1
C_A06_S2_F0	fixed	A06_S2_F0	A06_S2	A06	F0	S2	1885084773	1596606550	"1:100000:""gw"",1:200000:""gw"",1:400000:""gw"""	"3:200000:"""""				/eos/user/c/cglenn/FCCWork/whizard/whizard_ttbar_spinpol/production/full6f_365gev_ee_ttbar_spinpol_v1/phase11_diagnostics/excess_weight_rootcause_v1/ttbar_restricted_region_suite_v1/restricted/20260816T232058Z_WT_A15xS8_F012_FCC_np1_v1p0p2/fixed/A06_S2/F0	PASS	PASS	0	516cd15ab307b2e2200ab836ba104f2b55e21d3edc8455005dec435b7310526b	fd01a6f84dbd8d5644313602dc838c097e230805244af8eed4baee86be32d908	96224f9d66ffaa01727219f0a2a6be93c2a816f91c371f83acaa924e2fbe5a7e	3	0	1	/eos/user/c/cglenn/FCCWork/whizard/whizard_ttbar_spinpol/production/full6f_365gev_ee_ttbar_spinpol_v1/phase11_diagnostics/excess_weight_rootcause_v1/ttbar_restricted_region_suite_v1/restricted/20260816T232058Z_WT_A15xS8_F012_FCC_np1_v1p0p2/fixed/A06_S2/F0/console.log	1
C_A06_S2_F1	fixed	A06_S2_F1	A06_S2	A06	F1	S2	1885084773	1596606550	"1:100000:""gw"",1:200000:""gw"",1:400000:""gw"""	"1:600000:"""""				/eos/user/c/cglenn/FCCWork/whizard/whizard_ttbar_spinpol/production/full6f_365gev_ee_ttbar_spinpol_v1/phase11_diagnostics/excess_weight_rootcause_v1/ttbar_restricted_region_suite_v1/restricted/20260816T232058Z_WT_A15xS8_F012_FCC_np1_v1p0p2/fixed/A06_S2/F1	PASS	PASS	0	516cd15ab307b2e2200ab836ba104f2b55e21d3edc8455005dec435b7310526b	38bfed16b7ea13ae3b86d7af5866ec1b451fe632a96a53d3c2a14fce9b875f4c	96224f9d66ffaa01727219f0a2a6be93c2a816f91c371f83acaa924e2fbe5a7e	3	0	1	/eos/user/c/cglenn/FCCWork/whizard/whizard_ttbar_spinpol/production/full6f_365gev_ee_ttbar_spinpol_v1/phase11_diagnostics/excess_weight_rootcause_v1/ttbar_restricted_region_suite_v1/restricted/20260816T232058Z_WT_A15xS8_F012_FCC_np1_v1p0p2/fixed/A06_S2/F1/console.log	1
C_A06_S2_F2	fixed	A06_S2_F2	A06_S2	A06	F2	S2	1885084773	1596606550	"1:100000:""gw"",1:200000:""gw"",1:400000:""gw"""	"1:2000000:"""""				/eos/user/c/cglenn/FCCWork/whizard/whizard_ttbar_spinpol/production/full6f_365gev_ee_ttbar_spinpol_v1/phase11_diagnostics/excess_weight_rootcause_v1/ttbar_restricted_region_suite_v1/restricted/20260816T232058Z_WT_A15xS8_F012_FCC_np1_v1p0p2/fixed/A06_S2/F2	PASS	PASS	0	516cd15ab307b2e2200ab836ba104f2b55e21d3edc8455005dec435b7310526b	514a7db0db7eef127b31331afc71550f4ebb476c1c2a8077dacc0e1f45a82da7	96224f9d66ffaa01727219f0a2a6be93c2a816f91c371f83acaa924e2fbe5a7e	3	0	1	/eos/user/c/cglenn/FCCWork/whizard/whizard_ttbar_spinpol/production/full6f_365gev_ee_ttbar_spinpol_v1/phase11_diagnostics/excess_weight_rootcause_v1/ttbar_restricted_region_suite_v1/restricted/20260816T232058Z_WT_A15xS8_F012_FCC_np1_v1p0p2/fixed/A06_S2/F2/console.log	1
P_A06_S3	adaptive	A06_S3		A06		S3	134326786	769890491	"1:100000:""gw"",1:200000:""gw"",1:400000:""gw"""					/eos/user/c/cglenn/FCCWork/whizard/whizard_ttbar_spinpol/production/full6f_365gev_ee_ttbar_spinpol_v1/phase11_diagnostics/excess_weight_rootcause_v1/ttbar_restricted_region_suite_v1/restricted/20260816T232058Z_WT_A15xS8_F012_FCC_np1_v1p0p2/adaptive/A06_S3	PASS	PASS	0	516cd15ab307b2e2200ab836ba104f2b55e21d3edc8455005dec435b7310526b	8b639fb85582dd4cc7618f04c43ae37f32ddd858100514b95f4317e5959dd1c2		0	1		/eos/user/c/cglenn/FCCWork/whizard/whizard_ttbar_spinpol/production/full6f_365gev_ee_ttbar_spinpol_v1/phase11_diagnostics/excess_weight_rootcause_v1/ttbar_restricted_region_suite_v1/restricted/20260816T232058Z_WT_A15xS8_F012_FCC_np1_v1p0p2/adaptive/A06_S3/console.log	1
C_A06_S3_F0	fixed	A06_S3_F0	A06_S3	A06	F0	S3	134326786	769890491	"1:100000:""gw"",1:200000:""gw"",1:400000:""gw"""	"3:200000:"""""				/eos/user/c/cglenn/FCCWork/whizard/whizard_ttbar_spinpol/production/full6f_365gev_ee_ttbar_spinpol_v1/phase11_diagnostics/excess_weight_rootcause_v1/ttbar_restricted_region_suite_v1/restricted/20260816T232058Z_WT_A15xS8_F012_FCC_np1_v1p0p2/fixed/A06_S3/F0	PASS	PASS	0	516cd15ab307b2e2200ab836ba104f2b55e21d3edc8455005dec435b7310526b	18e715f3a178c5efba347bb5142a38c1e4167068f30a9b04376b1ba32192324a	8b639fb85582dd4cc7618f04c43ae37f32ddd858100514b95f4317e5959dd1c2	3	0	1	/eos/user/c/cglenn/FCCWork/whizard/whizard_ttbar_spinpol/production/full6f_365gev_ee_ttbar_spinpol_v1/phase11_diagnostics/excess_weight_rootcause_v1/ttbar_restricted_region_suite_v1/restricted/20260816T232058Z_WT_A15xS8_F012_FCC_np1_v1p0p2/fixed/A06_S3/F0/console.log	1
C_A06_S3_F1	fixed	A06_S3_F1	A06_S3	A06	F1	S3	134326786	769890491	"1:100000:""gw"",1:200000:""gw"",1:400000:""gw"""	"1:600000:"""""				/eos/user/c/cglenn/FCCWork/whizard/whizard_ttbar_spinpol/production/full6f_365gev_ee_ttbar_spinpol_v1/phase11_diagnostics/excess_weight_rootcause_v1/ttbar_restricted_region_suite_v1/restricted/20260816T232058Z_WT_A15xS8_F012_FCC_np1_v1p0p2/fixed/A06_S3/F1	PASS	PASS	0	516cd15ab307b2e2200ab836ba104f2b55e21d3edc8455005dec435b7310526b	a20d470ddb157cf90ce06bb266dbed874802e882c51b66277bd7a601b4b3889e	8b639fb85582dd4cc7618f04c43ae37f32ddd858100514b95f4317e5959dd1c2	3	0	1	/eos/user/c/cglenn/FCCWork/whizard/whizard_ttbar_spinpol/production/full6f_365gev_ee_ttbar_spinpol_v1/phase11_diagnostics/excess_weight_rootcause_v1/ttbar_restricted_region_suite_v1/restricted/20260816T232058Z_WT_A15xS8_F012_FCC_np1_v1p0p2/fixed/A06_S3/F1/console.log	1
C_A06_S3_F2	fixed	A06_S3_F2	A06_S3	A06	F2	S3	134326786	769890491	"1:100000:""gw"",1:200000:""gw"",1:400000:""gw"""	"1:2000000:"""""				/eos/user/c/cglenn/FCCWork/whizard/whizard_ttbar_spinpol/production/full6f_365gev_ee_ttbar_spinpol_v1/phase11_diagnostics/excess_weight_rootcause_v1/ttbar_restricted_region_suite_v1/restricted/20260816T232058Z_WT_A15xS8_F012_FCC_np1_v1p0p2/fixed/A06_S3/F2	PASS	PASS	0	516cd15ab307b2e2200ab836ba104f2b55e21d3edc8455005dec435b7310526b	20c6cffdc0a0c4fee8405cb1c679b041d73c14e8afea2d6ec092a17bea9f2381	8b639fb85582dd4cc7618f04c43ae37f32ddd858100514b95f4317e5959dd1c2	3	0	1	/eos/user/c/cglenn/FCCWork/whizard/whizard_ttbar_spinpol/production/full6f_365gev_ee_ttbar_spinpol_v1/phase11_diagnostics/excess_weight_rootcause_v1/ttbar_restricted_region_suite_v1/restricted/20260816T232058Z_WT_A15xS8_F012_FCC_np1_v1p0p2/fixed/A06_S3/F2/console.log	1
P_A06_S4	adaptive	A06_S4		A06		S4	249371675	462903030	"1:100000:""gw"",1:200000:""gw"",1:400000:""gw"""					/eos/user/c/cglenn/FCCWork/whizard/whizard_ttbar_spinpol/production/full6f_365gev_ee_ttbar_spinpol_v1/phase11_diagnostics/excess_weight_rootcause_v1/ttbar_restricted_region_suite_v1/restricted/20260816T232058Z_WT_A15xS8_F012_FCC_np1_v1p0p2/adaptive/A06_S4	PASS	PASS	0	516cd15ab307b2e2200ab836ba104f2b55e21d3edc8455005dec435b7310526b	00cd853eb50e0e985375ba233c5b409620d15e9c708ca4fea10f46e04fb227cc		0	1		/eos/user/c/cglenn/FCCWork/whizard/whizard_ttbar_spinpol/production/full6f_365gev_ee_ttbar_spinpol_v1/phase11_diagnostics/excess_weight_rootcause_v1/ttbar_restricted_region_suite_v1/restricted/20260816T232058Z_WT_A15xS8_F012_FCC_np1_v1p0p2/adaptive/A06_S4/console.log	1
C_A06_S4_F0	fixed	A06_S4_F0	A06_S4	A06	F0	S4	249371675	462903030	"1:100000:""gw"",1:200000:""gw"",1:400000:""gw"""	"3:200000:"""""				/eos/user/c/cglenn/FCCWork/whizard/whizard_ttbar_spinpol/production/full6f_365gev_ee_ttbar_spinpol_v1/phase11_diagnostics/excess_weight_rootcause_v1/ttbar_restricted_region_suite_v1/restricted/20260816T232058Z_WT_A15xS8_F012_FCC_np1_v1p0p2/fixed/A06_S4/F0	PASS	PASS	0	516cd15ab307b2e2200ab836ba104f2b55e21d3edc8455005dec435b7310526b	289b67315a0b9966c1e91f67aaa8a1b8e6fde7eedb81a8f31bf02f6d72e90784	00cd853eb50e0e985375ba233c5b409620d15e9c708ca4fea10f46e04fb227cc	3	0	1	/eos/user/c/cglenn/FCCWork/whizard/whizard_ttbar_spinpol/production/full6f_365gev_ee_ttbar_spinpol_v1/phase11_diagnostics/excess_weight_rootcause_v1/ttbar_restricted_region_suite_v1/restricted/20260816T232058Z_WT_A15xS8_F012_FCC_np1_v1p0p2/fixed/A06_S4/F0/console.log	1
C_A06_S4_F1	fixed	A06_S4_F1	A06_S4	A06	F1	S4	249371675	462903030	"1:100000:""gw"",1:200000:""gw"",1:400000:""gw"""	"1:600000:"""""				/eos/user/c/cglenn/FCCWork/whizard/whizard_ttbar_spinpol/production/full6f_365gev_ee_ttbar_spinpol_v1/phase11_diagnostics/excess_weight_rootcause_v1/ttbar_restricted_region_suite_v1/restricted/20260816T232058Z_WT_A15xS8_F012_FCC_np1_v1p0p2/fixed/A06_S4/F1	PASS	PASS	0	516cd15ab307b2e2200ab836ba104f2b55e21d3edc8455005dec435b7310526b	c1f3f390e1b3c05a33e82d3bd946b3855dbbff64d12df709a852fc4ae635c3df	00cd853eb50e0e985375ba233c5b409620d15e9c708ca4fea10f46e04fb227cc	3	0	1	/eos/user/c/cglenn/FCCWork/whizard/whizard_ttbar_spinpol/production/full6f_365gev_ee_ttbar_spinpol_v1/phase11_diagnostics/excess_weight_rootcause_v1/ttbar_restricted_region_suite_v1/restricted/20260816T232058Z_WT_A15xS8_F012_FCC_np1_v1p0p2/fixed/A06_S4/F1/console.log	1
C_A06_S4_F2	fixed	A06_S4_F2	A06_S4	A06	F2	S4	249371675	462903030	"1:100000:""gw"",1:200000:""gw"",1:400000:""gw"""	"1:2000000:"""""				/eos/user/c/cglenn/FCCWork/whizard/whizard_ttbar_spinpol/production/full6f_365gev_ee_ttbar_spinpol_v1/phase11_diagnostics/excess_weight_rootcause_v1/ttbar_restricted_region_suite_v1/restricted/20260816T232058Z_WT_A15xS8_F012_FCC_np1_v1p0p2/fixed/A06_S4/F2	PASS	PASS	0	516cd15ab307b2e2200ab836ba104f2b55e21d3edc8455005dec435b7310526b	3893de07b3bbce6db62c8b783ea4a5c2b114dbfca76646c3703aed04b7206396	00cd853eb50e0e985375ba233c5b409620d15e9c708ca4fea10f46e04fb227cc	3	0	1	/eos/user/c/cglenn/FCCWork/whizard/whizard_ttbar_spinpol/production/full6f_365gev_ee_ttbar_spinpol_v1/phase11_diagnostics/excess_weight_rootcause_v1/ttbar_restricted_region_suite_v1/restricted/20260816T232058Z_WT_A15xS8_F012_FCC_np1_v1p0p2/fixed/A06_S4/F2/console.log	1
P_A06_S5	adaptive	A06_S5		A06		S5	531087687	197846737	"1:100000:""gw"",1:200000:""gw"",1:400000:""gw"""					/eos/user/c/cglenn/FCCWork/whizard/whizard_ttbar_spinpol/production/full6f_365gev_ee_ttbar_spinpol_v1/phase11_diagnostics/excess_weight_rootcause_v1/ttbar_restricted_region_suite_v1/restricted/20260816T232058Z_WT_A15xS8_F012_FCC_np1_v1p0p2/adaptive/A06_S5	PASS	PASS	0	516cd15ab307b2e2200ab836ba104f2b55e21d3edc8455005dec435b7310526b	575fa668dd7ebd8228283a9377e9bb51f017ca6016a92bd3857dc20d5113f9b1		0	1		/eos/user/c/cglenn/FCCWork/whizard/whizard_ttbar_spinpol/production/full6f_365gev_ee_ttbar_spinpol_v1/phase11_diagnostics/excess_weight_rootcause_v1/ttbar_restricted_region_suite_v1/restricted/20260816T232058Z_WT_A15xS8_F012_FCC_np1_v1p0p2/adaptive/A06_S5/console.log	1
C_A06_S5_F0	fixed	A06_S5_F0	A06_S5	A06	F0	S5	531087687	197846737	"1:100000:""gw"",1:200000:""gw"",1:400000:""gw"""	"3:200000:"""""				/eos/user/c/cglenn/FCCWork/whizard/whizard_ttbar_spinpol/production/full6f_365gev_ee_ttbar_spinpol_v1/phase11_diagnostics/excess_weight_rootcause_v1/ttbar_restricted_region_suite_v1/restricted/20260816T232058Z_WT_A15xS8_F012_FCC_np1_v1p0p2/fixed/A06_S5/F0	PASS	PASS	0	516cd15ab307b2e2200ab836ba104f2b55e21d3edc8455005dec435b7310526b	a3e050dd9ed472de8ede541ec04aea06e51711c0083891ef08b31c7a174e979a	575fa668dd7ebd8228283a9377e9bb51f017ca6016a92bd3857dc20d5113f9b1	3	0	1	/eos/user/c/cglenn/FCCWork/whizard/whizard_ttbar_spinpol/production/full6f_365gev_ee_ttbar_spinpol_v1/phase11_diagnostics/excess_weight_rootcause_v1/ttbar_restricted_region_suite_v1/restricted/20260816T232058Z_WT_A15xS8_F012_FCC_np1_v1p0p2/fixed/A06_S5/F0/console.log	1
C_A06_S5_F1	fixed	A06_S5_F1	A06_S5	A06	F1	S5	531087687	197846737	"1:100000:""gw"",1:200000:""gw"",1:400000:""gw"""	"1:600000:"""""				/eos/user/c/cglenn/FCCWork/whizard/whizard_ttbar_spinpol/production/full6f_365gev_ee_ttbar_spinpol_v1/phase11_diagnostics/excess_weight_rootcause_v1/ttbar_restricted_region_suite_v1/restricted/20260816T232058Z_WT_A15xS8_F012_FCC_np1_v1p0p2/fixed/A06_S5/F1	PASS	PASS	0	516cd15ab307b2e2200ab836ba104f2b55e21d3edc8455005dec435b7310526b	67310619140832ce6b0426bed3b762861dca92c0f2cd27b72eb8def1043032c8	575fa668dd7ebd8228283a9377e9bb51f017ca6016a92bd3857dc20d5113f9b1	3	0	1	/eos/user/c/cglenn/FCCWork/whizard/whizard_ttbar_spinpol/production/full6f_365gev_ee_ttbar_spinpol_v1/phase11_diagnostics/excess_weight_rootcause_v1/ttbar_restricted_region_suite_v1/restricted/20260816T232058Z_WT_A15xS8_F012_FCC_np1_v1p0p2/fixed/A06_S5/F1/console.log	1
C_A06_S5_F2	fixed	A06_S5_F2	A06_S5	A06	F2	S5	531087687	197846737	"1:100000:""gw"",1:200000:""gw"",1:400000:""gw"""	"1:2000000:"""""				/eos/user/c/cglenn/FCCWork/whizard/whizard_ttbar_spinpol/production/full6f_365gev_ee_ttbar_spinpol_v1/phase11_diagnostics/excess_weight_rootcause_v1/ttbar_restricted_region_suite_v1/restricted/20260816T232058Z_WT_A15xS8_F012_FCC_np1_v1p0p2/fixed/A06_S5/F2	PASS	PASS	0	516cd15ab307b2e2200ab836ba104f2b55e21d3edc8455005dec435b7310526b	b8f434578f63e91fd91e0cccf5a28579311c0e10c47037651517ae685d013a89	575fa668dd7ebd8228283a9377e9bb51f017ca6016a92bd3857dc20d5113f9b1	3	0	1	/eos/user/c/cglenn/FCCWork/whizard/whizard_ttbar_spinpol/production/full6f_365gev_ee_ttbar_spinpol_v1/phase11_diagnostics/excess_weight_rootcause_v1/ttbar_restricted_region_suite_v1/restricted/20260816T232058Z_WT_A15xS8_F012_FCC_np1_v1p0p2/fixed/A06_S5/F2/console.log	1
P_A06_S6	adaptive	A06_S6		A06		S6	519963689	958460417	"1:100000:""gw"",1:200000:""gw"",1:400000:""gw"""					/eos/user/c/cglenn/FCCWork/whizard/whizard_ttbar_spinpol/production/full6f_365gev_ee_ttbar_spinpol_v1/phase11_diagnostics/excess_weight_rootcause_v1/ttbar_restricted_region_suite_v1/restricted/20260816T232058Z_WT_A15xS8_F012_FCC_np1_v1p0p2/adaptive/A06_S6	PASS	PASS	0	516cd15ab307b2e2200ab836ba104f2b55e21d3edc8455005dec435b7310526b	6b986f67cc2a03663d2f789ba6bfaf17d58c817743210177e7779b24960b3e5a		0	1		/eos/user/c/cglenn/FCCWork/whizard/whizard_ttbar_spinpol/production/full6f_365gev_ee_ttbar_spinpol_v1/phase11_diagnostics/excess_weight_rootcause_v1/ttbar_restricted_region_suite_v1/restricted/20260816T232058Z_WT_A15xS8_F012_FCC_np1_v1p0p2/adaptive/A06_S6/console.log	1
C_A06_S6_F0	fixed	A06_S6_F0	A06_S6	A06	F0	S6	519963689	958460417	"1:100000:""gw"",1:200000:""gw"",1:400000:""gw"""	"3:200000:"""""				/eos/user/c/cglenn/FCCWork/whizard/whizard_ttbar_spinpol/production/full6f_365gev_ee_ttbar_spinpol_v1/phase11_diagnostics/excess_weight_rootcause_v1/ttbar_restricted_region_suite_v1/restricted/20260816T232058Z_WT_A15xS8_F012_FCC_np1_v1p0p2/fixed/A06_S6/F0	PASS	PASS	0	516cd15ab307b2e2200ab836ba104f2b55e21d3edc8455005dec435b7310526b	b40ca9319c16505287124a44abb5bec34eb8abff93eac4019431e43ac55113e2	6b986f67cc2a03663d2f789ba6bfaf17d58c817743210177e7779b24960b3e5a	3	0	1	/eos/user/c/cglenn/FCCWork/whizard/whizard_ttbar_spinpol/production/full6f_365gev_ee_ttbar_spinpol_v1/phase11_diagnostics/excess_weight_rootcause_v1/ttbar_restricted_region_suite_v1/restricted/20260816T232058Z_WT_A15xS8_F012_FCC_np1_v1p0p2/fixed/A06_S6/F0/console.log	1
C_A06_S6_F1	fixed	A06_S6_F1	A06_S6	A06	F1	S6	519963689	958460417	"1:100000:""gw"",1:200000:""gw"",1:400000:""gw"""	"1:600000:"""""				/eos/user/c/cglenn/FCCWork/whizard/whizard_ttbar_spinpol/production/full6f_365gev_ee_ttbar_spinpol_v1/phase11_diagnostics/excess_weight_rootcause_v1/ttbar_restricted_region_suite_v1/restricted/20260816T232058Z_WT_A15xS8_F012_FCC_np1_v1p0p2/fixed/A06_S6/F1	PASS	PASS	0	516cd15ab307b2e2200ab836ba104f2b55e21d3edc8455005dec435b7310526b	3b9e7b15d26fb81be83348b8708e616a0434b1ac96bfe5d598b3671a70781ec4	6b986f67cc2a03663d2f789ba6bfaf17d58c817743210177e7779b24960b3e5a	3	0	1	/eos/user/c/cglenn/FCCWork/whizard/whizard_ttbar_spinpol/production/full6f_365gev_ee_ttbar_spinpol_v1/phase11_diagnostics/excess_weight_rootcause_v1/ttbar_restricted_region_suite_v1/restricted/20260816T232058Z_WT_A15xS8_F012_FCC_np1_v1p0p2/fixed/A06_S6/F1/console.log	1
C_A06_S6_F2	fixed	A06_S6_F2	A06_S6	A06	F2	S6	519963689	958460417	"1:100000:""gw"",1:200000:""gw"",1:400000:""gw"""	"1:2000000:"""""				/eos/user/c/cglenn/FCCWork/whizard/whizard_ttbar_spinpol/production/full6f_365gev_ee_ttbar_spinpol_v1/phase11_diagnostics/excess_weight_rootcause_v1/ttbar_restricted_region_suite_v1/restricted/20260816T232058Z_WT_A15xS8_F012_FCC_np1_v1p0p2/fixed/A06_S6/F2	PASS	PASS	0	516cd15ab307b2e2200ab836ba104f2b55e21d3edc8455005dec435b7310526b	acdd6382d40857bd0a622cb78c1b7c706d7bc2d027236ac21d658125fe163f28	6b986f67cc2a03663d2f789ba6bfaf17d58c817743210177e7779b24960b3e5a	3	0	1	/eos/user/c/cglenn/FCCWork/whizard/whizard_ttbar_spinpol/production/full6f_365gev_ee_ttbar_spinpol_v1/phase11_diagnostics/excess_weight_rootcause_v1/ttbar_restricted_region_suite_v1/restricted/20260816T232058Z_WT_A15xS8_F012_FCC_np1_v1p0p2/fixed/A06_S6/F2/console.log	1
P_A06_S7	adaptive	A06_S7		A06		S7	1552803368	239117595	"1:100000:""gw"",1:200000:""gw"",1:400000:""gw"""					/eos/user/c/cglenn/FCCWork/whizard/whizard_ttbar_spinpol/production/full6f_365gev_ee_ttbar_spinpol_v1/phase11_diagnostics/excess_weight_rootcause_v1/ttbar_restricted_region_suite_v1/restricted/20260816T232058Z_WT_A15xS8_F012_FCC_np1_v1p0p2/adaptive/A06_S7	PASS	PASS	0	516cd15ab307b2e2200ab836ba104f2b55e21d3edc8455005dec435b7310526b	082777ef5fa883113bf831177d4975cce1163c041ed629deb0f0d18ec2077009		0	1		/eos/user/c/cglenn/FCCWork/whizard/whizard_ttbar_spinpol/production/full6f_365gev_ee_ttbar_spinpol_v1/phase11_diagnostics/excess_weight_rootcause_v1/ttbar_restricted_region_suite_v1/restricted/20260816T232058Z_WT_A15xS8_F012_FCC_np1_v1p0p2/adaptive/A06_S7/console.log	1
C_A06_S7_F0	fixed	A06_S7_F0	A06_S7	A06	F0	S7	1552803368	239117595	"1:100000:""gw"",1:200000:""gw"",1:400000:""gw"""	"3:200000:"""""				/eos/user/c/cglenn/FCCWork/whizard/whizard_ttbar_spinpol/production/full6f_365gev_ee_ttbar_spinpol_v1/phase11_diagnostics/excess_weight_rootcause_v1/ttbar_restricted_region_suite_v1/restricted/20260816T232058Z_WT_A15xS8_F012_FCC_np1_v1p0p2/fixed/A06_S7/F0	PASS	PASS	0	516cd15ab307b2e2200ab836ba104f2b55e21d3edc8455005dec435b7310526b	d76c8e6835c90c6bc1c6a67803e65b2c13aba2f5182e1c2f694b2870e433ee5b	082777ef5fa883113bf831177d4975cce1163c041ed629deb0f0d18ec2077009	3	0	1	/eos/user/c/cglenn/FCCWork/whizard/whizard_ttbar_spinpol/production/full6f_365gev_ee_ttbar_spinpol_v1/phase11_diagnostics/excess_weight_rootcause_v1/ttbar_restricted_region_suite_v1/restricted/20260816T232058Z_WT_A15xS8_F012_FCC_np1_v1p0p2/fixed/A06_S7/F0/console.log	1
C_A06_S7_F1	fixed	A06_S7_F1	A06_S7	A06	F1	S7	1552803368	239117595	"1:100000:""gw"",1:200000:""gw"",1:400000:""gw"""	"1:600000:"""""				/eos/user/c/cglenn/FCCWork/whizard/whizard_ttbar_spinpol/production/full6f_365gev_ee_ttbar_spinpol_v1/phase11_diagnostics/excess_weight_rootcause_v1/ttbar_restricted_region_suite_v1/restricted/20260816T232058Z_WT_A15xS8_F012_FCC_np1_v1p0p2/fixed/A06_S7/F1	PASS	PASS	0	516cd15ab307b2e2200ab836ba104f2b55e21d3edc8455005dec435b7310526b	94bcfad5467085c5b28788793a87af06d06484e3f70ee79ca377a434b305c5d9	082777ef5fa883113bf831177d4975cce1163c041ed629deb0f0d18ec2077009	3	0	1	/eos/user/c/cglenn/FCCWork/whizard/whizard_ttbar_spinpol/production/full6f_365gev_ee_ttbar_spinpol_v1/phase11_diagnostics/excess_weight_rootcause_v1/ttbar_restricted_region_suite_v1/restricted/20260816T232058Z_WT_A15xS8_F012_FCC_np1_v1p0p2/fixed/A06_S7/F1/console.log	1
C_A06_S7_F2	fixed	A06_S7_F2	A06_S7	A06	F2	S7	1552803368	239117595	"1:100000:""gw"",1:200000:""gw"",1:400000:""gw"""	"1:2000000:"""""				/eos/user/c/cglenn/FCCWork/whizard/whizard_ttbar_spinpol/production/full6f_365gev_ee_ttbar_spinpol_v1/phase11_diagnostics/excess_weight_rootcause_v1/ttbar_restricted_region_suite_v1/restricted/20260816T232058Z_WT_A15xS8_F012_FCC_np1_v1p0p2/fixed/A06_S7/F2	PASS	PASS	0	516cd15ab307b2e2200ab836ba104f2b55e21d3edc8455005dec435b7310526b	eff7cc809d547351d687fdc6a03e43ab29a213662b416e78198ca30ea5907285	082777ef5fa883113bf831177d4975cce1163c041ed629deb0f0d18ec2077009	3	0	1	/eos/user/c/cglenn/FCCWork/whizard/whizard_ttbar_spinpol/production/full6f_365gev_ee_ttbar_spinpol_v1/phase11_diagnostics/excess_weight_rootcause_v1/ttbar_restricted_region_suite_v1/restricted/20260816T232058Z_WT_A15xS8_F012_FCC_np1_v1p0p2/fixed/A06_S7/F2/console.log	1
P_A07_S0	adaptive	A07_S0		A07		S0	1740114216	648318690	"10:100000:""gw"""					/eos/user/c/cglenn/FCCWork/whizard/whizard_ttbar_spinpol/production/full6f_365gev_ee_ttbar_spinpol_v1/phase11_diagnostics/excess_weight_rootcause_v1/ttbar_restricted_region_suite_v1/restricted/20260816T232058Z_WT_A15xS8_F012_FCC_np1_v1p0p2/adaptive/A07_S0	PASS	PASS	0	516cd15ab307b2e2200ab836ba104f2b55e21d3edc8455005dec435b7310526b	28c213fdaae5d2d0a116ab6681c27fa1fa496c759555f75a71e8401d0c0a876f		0	1		/eos/user/c/cglenn/FCCWork/whizard/whizard_ttbar_spinpol/production/full6f_365gev_ee_ttbar_spinpol_v1/phase11_diagnostics/excess_weight_rootcause_v1/ttbar_restricted_region_suite_v1/restricted/20260816T232058Z_WT_A15xS8_F012_FCC_np1_v1p0p2/adaptive/A07_S0/console.log	1
C_A07_S0_F0	fixed	A07_S0_F0	A07_S0	A07	F0	S0	1740114216	648318690	"10:100000:""gw"""	"3:200000:"""""				/eos/user/c/cglenn/FCCWork/whizard/whizard_ttbar_spinpol/production/full6f_365gev_ee_ttbar_spinpol_v1/phase11_diagnostics/excess_weight_rootcause_v1/ttbar_restricted_region_suite_v1/restricted/20260816T232058Z_WT_A15xS8_F012_FCC_np1_v1p0p2/fixed/A07_S0/F0	PASS	PASS	0	516cd15ab307b2e2200ab836ba104f2b55e21d3edc8455005dec435b7310526b	193f39b133c1f2e423cac02750ecbb615516adca279dd15551f05539a4e9da25	28c213fdaae5d2d0a116ab6681c27fa1fa496c759555f75a71e8401d0c0a876f	1	0	1	/eos/user/c/cglenn/FCCWork/whizard/whizard_ttbar_spinpol/production/full6f_365gev_ee_ttbar_spinpol_v1/phase11_diagnostics/excess_weight_rootcause_v1/ttbar_restricted_region_suite_v1/restricted/20260816T232058Z_WT_A15xS8_F012_FCC_np1_v1p0p2/fixed/A07_S0/F0/console.log	1
C_A07_S0_F1	fixed	A07_S0_F1	A07_S0	A07	F1	S0	1740114216	648318690	"10:100000:""gw"""	"1:600000:"""""				/eos/user/c/cglenn/FCCWork/whizard/whizard_ttbar_spinpol/production/full6f_365gev_ee_ttbar_spinpol_v1/phase11_diagnostics/excess_weight_rootcause_v1/ttbar_restricted_region_suite_v1/restricted/20260816T232058Z_WT_A15xS8_F012_FCC_np1_v1p0p2/fixed/A07_S0/F1	PASS	PASS	0	516cd15ab307b2e2200ab836ba104f2b55e21d3edc8455005dec435b7310526b	849f8827222452f96370112974f1e5ef25ccec84116ce996842dc0e93c565687	28c213fdaae5d2d0a116ab6681c27fa1fa496c759555f75a71e8401d0c0a876f	1	0	1	/eos/user/c/cglenn/FCCWork/whizard/whizard_ttbar_spinpol/production/full6f_365gev_ee_ttbar_spinpol_v1/phase11_diagnostics/excess_weight_rootcause_v1/ttbar_restricted_region_suite_v1/restricted/20260816T232058Z_WT_A15xS8_F012_FCC_np1_v1p0p2/fixed/A07_S0/F1/console.log	1
C_A07_S0_F2	fixed	A07_S0_F2	A07_S0	A07	F2	S0	1740114216	648318690	"10:100000:""gw"""	"1:2000000:"""""				/eos/user/c/cglenn/FCCWork/whizard/whizard_ttbar_spinpol/production/full6f_365gev_ee_ttbar_spinpol_v1/phase11_diagnostics/excess_weight_rootcause_v1/ttbar_restricted_region_suite_v1/restricted/20260816T232058Z_WT_A15xS8_F012_FCC_np1_v1p0p2/fixed/A07_S0/F2	PASS	PASS	0	516cd15ab307b2e2200ab836ba104f2b55e21d3edc8455005dec435b7310526b	efef8732c55d0655b06ec934ec8e2e38842dea69e424883af4f28749b57a0909	28c213fdaae5d2d0a116ab6681c27fa1fa496c759555f75a71e8401d0c0a876f	1	0	1	/eos/user/c/cglenn/FCCWork/whizard/whizard_ttbar_spinpol/production/full6f_365gev_ee_ttbar_spinpol_v1/phase11_diagnostics/excess_weight_rootcause_v1/ttbar_restricted_region_suite_v1/restricted/20260816T232058Z_WT_A15xS8_F012_FCC_np1_v1p0p2/fixed/A07_S0/F2/console.log	1
C_A07_S0_F3	fixed	A07_S0_F3	A07_S0	A07	F3	S0	1740114216	648318690	"10:100000:""gw"""	"10:200000:"""""				/eos/user/c/cglenn/FCCWork/whizard/whizard_ttbar_spinpol/production/full6f_365gev_ee_ttbar_spinpol_v1/phase11_diagnostics/excess_weight_rootcause_v1/ttbar_restricted_region_suite_v1/restricted/20260816T232058Z_WT_A15xS8_F012_FCC_np1_v1p0p2/fixed/A07_S0/F3	PASS	PASS	0	516cd15ab307b2e2200ab836ba104f2b55e21d3edc8455005dec435b7310526b	8737e7026dab11c30f4de1d4cc1fccbe65e6a917066d4d2fe25d6e4980a2c6e1	28c213fdaae5d2d0a116ab6681c27fa1fa496c759555f75a71e8401d0c0a876f	1	0	1	/eos/user/c/cglenn/FCCWork/whizard/whizard_ttbar_spinpol/production/full6f_365gev_ee_ttbar_spinpol_v1/phase11_diagnostics/excess_weight_rootcause_v1/ttbar_restricted_region_suite_v1/restricted/20260816T232058Z_WT_A15xS8_F012_FCC_np1_v1p0p2/fixed/A07_S0/F3/console.log	1
P_A07_S1	adaptive	A07_S1		A07		S1	1751949026	1404282457	"10:100000:""gw"""					/eos/user/c/cglenn/FCCWork/whizard/whizard_ttbar_spinpol/production/full6f_365gev_ee_ttbar_spinpol_v1/phase11_diagnostics/excess_weight_rootcause_v1/ttbar_restricted_region_suite_v1/restricted/20260816T232058Z_WT_A15xS8_F012_FCC_np1_v1p0p2/adaptive/A07_S1	PASS	PASS	0	516cd15ab307b2e2200ab836ba104f2b55e21d3edc8455005dec435b7310526b	e41833f7d69b6b0c78716004ed87797cc17bf6b970672e08e73799e2e6dbb24b		0	1		/eos/user/c/cglenn/FCCWork/whizard/whizard_ttbar_spinpol/production/full6f_365gev_ee_ttbar_spinpol_v1/phase11_diagnostics/excess_weight_rootcause_v1/ttbar_restricted_region_suite_v1/restricted/20260816T232058Z_WT_A15xS8_F012_FCC_np1_v1p0p2/adaptive/A07_S1/console.log	1
C_A07_S1_F0	fixed	A07_S1_F0	A07_S1	A07	F0	S1	1751949026	1404282457	"10:100000:""gw"""	"3:200000:"""""				/eos/user/c/cglenn/FCCWork/whizard/whizard_ttbar_spinpol/production/full6f_365gev_ee_ttbar_spinpol_v1/phase11_diagnostics/excess_weight_rootcause_v1/ttbar_restricted_region_suite_v1/restricted/20260816T232058Z_WT_A15xS8_F012_FCC_np1_v1p0p2/fixed/A07_S1/F0	PASS	PASS	0	516cd15ab307b2e2200ab836ba104f2b55e21d3edc8455005dec435b7310526b	4f1d4cadb0065e04a9bc32bb628e7acf70ec267ea9eab2493f2d3edca91ca4cd	e41833f7d69b6b0c78716004ed87797cc17bf6b970672e08e73799e2e6dbb24b	1	0	1	/eos/user/c/cglenn/FCCWork/whizard/whizard_ttbar_spinpol/production/full6f_365gev_ee_ttbar_spinpol_v1/phase11_diagnostics/excess_weight_rootcause_v1/ttbar_restricted_region_suite_v1/restricted/20260816T232058Z_WT_A15xS8_F012_FCC_np1_v1p0p2/fixed/A07_S1/F0/console.log	1
C_A07_S1_F1	fixed	A07_S1_F1	A07_S1	A07	F1	S1	1751949026	1404282457	"10:100000:""gw"""	"1:600000:"""""				/eos/user/c/cglenn/FCCWork/whizard/whizard_ttbar_spinpol/production/full6f_365gev_ee_ttbar_spinpol_v1/phase11_diagnostics/excess_weight_rootcause_v1/ttbar_restricted_region_suite_v1/restricted/20260816T232058Z_WT_A15xS8_F012_FCC_np1_v1p0p2/fixed/A07_S1/F1	PASS	PASS	0	516cd15ab307b2e2200ab836ba104f2b55e21d3edc8455005dec435b7310526b	aa67bff1d59fef394682ef1585cbc8e4b6a75a5cfa113c5f80beacceaaf9b835	e41833f7d69b6b0c78716004ed87797cc17bf6b970672e08e73799e2e6dbb24b	1	0	1	/eos/user/c/cglenn/FCCWork/whizard/whizard_ttbar_spinpol/production/full6f_365gev_ee_ttbar_spinpol_v1/phase11_diagnostics/excess_weight_rootcause_v1/ttbar_restricted_region_suite_v1/restricted/20260816T232058Z_WT_A15xS8_F012_FCC_np1_v1p0p2/fixed/A07_S1/F1/console.log	1
C_A07_S1_F2	fixed	A07_S1_F2	A07_S1	A07	F2	S1	1751949026	1404282457	"10:100000:""gw"""	"1:2000000:"""""				/eos/user/c/cglenn/FCCWork/whizard/whizard_ttbar_spinpol/production/full6f_365gev_ee_ttbar_spinpol_v1/phase11_diagnostics/excess_weight_rootcause_v1/ttbar_restricted_region_suite_v1/restricted/20260816T232058Z_WT_A15xS8_F012_FCC_np1_v1p0p2/fixed/A07_S1/F2	PASS	PASS	0	516cd15ab307b2e2200ab836ba104f2b55e21d3edc8455005dec435b7310526b	806fc1bd3d8cf4ee340bee9ce3c9affaa5e1699e513497fc24581ac51d3a9ea4	e41833f7d69b6b0c78716004ed87797cc17bf6b970672e08e73799e2e6dbb24b	1	0	1	/eos/user/c/cglenn/FCCWork/whizard/whizard_ttbar_spinpol/production/full6f_365gev_ee_ttbar_spinpol_v1/phase11_diagnostics/excess_weight_rootcause_v1/ttbar_restricted_region_suite_v1/restricted/20260816T232058Z_WT_A15xS8_F012_FCC_np1_v1p0p2/fixed/A07_S1/F2/console.log	1
C_A07_S1_F3	fixed	A07_S1_F3	A07_S1	A07	F3	S1	1751949026	1404282457	"10:100000:""gw"""	"10:200000:"""""				/eos/user/c/cglenn/FCCWork/whizard/whizard_ttbar_spinpol/production/full6f_365gev_ee_ttbar_spinpol_v1/phase11_diagnostics/excess_weight_rootcause_v1/ttbar_restricted_region_suite_v1/restricted/20260816T232058Z_WT_A15xS8_F012_FCC_np1_v1p0p2/fixed/A07_S1/F3	PASS	PASS	0	516cd15ab307b2e2200ab836ba104f2b55e21d3edc8455005dec435b7310526b	f093ec4fc2d855af91389d3365cd800ac03e5f46f01ae3f2becdeb4ea88931e0	e41833f7d69b6b0c78716004ed87797cc17bf6b970672e08e73799e2e6dbb24b	1	0	1	/eos/user/c/cglenn/FCCWork/whizard/whizard_ttbar_spinpol/production/full6f_365gev_ee_ttbar_spinpol_v1/phase11_diagnostics/excess_weight_rootcause_v1/ttbar_restricted_region_suite_v1/restricted/20260816T232058Z_WT_A15xS8_F012_FCC_np1_v1p0p2/fixed/A07_S1/F3/console.log	1
P_A07_S2	adaptive	A07_S2		A07		S2	1885084773	1596606550	"10:100000:""gw"""					/eos/user/c/cglenn/FCCWork/whizard/whizard_ttbar_spinpol/production/full6f_365gev_ee_ttbar_spinpol_v1/phase11_diagnostics/excess_weight_rootcause_v1/ttbar_restricted_region_suite_v1/restricted/20260816T232058Z_WT_A15xS8_F012_FCC_np1_v1p0p2/adaptive/A07_S2	PASS	PASS	0	516cd15ab307b2e2200ab836ba104f2b55e21d3edc8455005dec435b7310526b	c4ad6ef71879b67de9e2795d3951436ff838b4a1fd16d43066509cb1f5296e0f		0	1		/eos/user/c/cglenn/FCCWork/whizard/whizard_ttbar_spinpol/production/full6f_365gev_ee_ttbar_spinpol_v1/phase11_diagnostics/excess_weight_rootcause_v1/ttbar_restricted_region_suite_v1/restricted/20260816T232058Z_WT_A15xS8_F012_FCC_np1_v1p0p2/adaptive/A07_S2/console.log	1
C_A07_S2_F0	fixed	A07_S2_F0	A07_S2	A07	F0	S2	1885084773	1596606550	"10:100000:""gw"""	"3:200000:"""""				/eos/user/c/cglenn/FCCWork/whizard/whizard_ttbar_spinpol/production/full6f_365gev_ee_ttbar_spinpol_v1/phase11_diagnostics/excess_weight_rootcause_v1/ttbar_restricted_region_suite_v1/restricted/20260816T232058Z_WT_A15xS8_F012_FCC_np1_v1p0p2/fixed/A07_S2/F0	PASS	PASS	0	516cd15ab307b2e2200ab836ba104f2b55e21d3edc8455005dec435b7310526b	f33beb7d19be1b126e6c72c2588fddb75f445115af8f4db0595000176174e3c5	c4ad6ef71879b67de9e2795d3951436ff838b4a1fd16d43066509cb1f5296e0f	1	0	1	/eos/user/c/cglenn/FCCWork/whizard/whizard_ttbar_spinpol/production/full6f_365gev_ee_ttbar_spinpol_v1/phase11_diagnostics/excess_weight_rootcause_v1/ttbar_restricted_region_suite_v1/restricted/20260816T232058Z_WT_A15xS8_F012_FCC_np1_v1p0p2/fixed/A07_S2/F0/console.log	1
C_A07_S2_F1	fixed	A07_S2_F1	A07_S2	A07	F1	S2	1885084773	1596606550	"10:100000:""gw"""	"1:600000:"""""				/eos/user/c/cglenn/FCCWork/whizard/whizard_ttbar_spinpol/production/full6f_365gev_ee_ttbar_spinpol_v1/phase11_diagnostics/excess_weight_rootcause_v1/ttbar_restricted_region_suite_v1/restricted/20260816T232058Z_WT_A15xS8_F012_FCC_np1_v1p0p2/fixed/A07_S2/F1	PASS	PASS	0	516cd15ab307b2e2200ab836ba104f2b55e21d3edc8455005dec435b7310526b	3d8ec8b5bad31c4cef3a028b1031a3851bc0d792b64d9fff2bbc5b4ee1d428a5	c4ad6ef71879b67de9e2795d3951436ff838b4a1fd16d43066509cb1f5296e0f	1	0	1	/eos/user/c/cglenn/FCCWork/whizard/whizard_ttbar_spinpol/production/full6f_365gev_ee_ttbar_spinpol_v1/phase11_diagnostics/excess_weight_rootcause_v1/ttbar_restricted_region_suite_v1/restricted/20260816T232058Z_WT_A15xS8_F012_FCC_np1_v1p0p2/fixed/A07_S2/F1/console.log	1
C_A07_S2_F2	fixed	A07_S2_F2	A07_S2	A07	F2	S2	1885084773	1596606550	"10:100000:""gw"""	"1:2000000:"""""				/eos/user/c/cglenn/FCCWork/whizard/whizard_ttbar_spinpol/production/full6f_365gev_ee_ttbar_spinpol_v1/phase11_diagnostics/excess_weight_rootcause_v1/ttbar_restricted_region_suite_v1/restricted/20260816T232058Z_WT_A15xS8_F012_FCC_np1_v1p0p2/fixed/A07_S2/F2	PASS	PASS	0	516cd15ab307b2e2200ab836ba104f2b55e21d3edc8455005dec435b7310526b	5f098b81dadeb28e6f46ea6856cbe4403de5a99960e5bf9a40d7c10c49eaaeb7	c4ad6ef71879b67de9e2795d3951436ff838b4a1fd16d43066509cb1f5296e0f	1	0	1	/eos/user/c/cglenn/FCCWork/whizard/whizard_ttbar_spinpol/production/full6f_365gev_ee_ttbar_spinpol_v1/phase11_diagnostics/excess_weight_rootcause_v1/ttbar_restricted_region_suite_v1/restricted/20260816T232058Z_WT_A15xS8_F012_FCC_np1_v1p0p2/fixed/A07_S2/F2/console.log	1
C_A07_S2_F3	fixed	A07_S2_F3	A07_S2	A07	F3	S2	1885084773	1596606550	"10:100000:""gw"""	"10:200000:"""""				/eos/user/c/cglenn/FCCWork/whizard/whizard_ttbar_spinpol/production/full6f_365gev_ee_ttbar_spinpol_v1/phase11_diagnostics/excess_weight_rootcause_v1/ttbar_restricted_region_suite_v1/restricted/20260816T232058Z_WT_A15xS8_F012_FCC_np1_v1p0p2/fixed/A07_S2/F3	PASS	PASS	0	516cd15ab307b2e2200ab836ba104f2b55e21d3edc8455005dec435b7310526b	39dd47766ad9436892e7351c185421a8f7f06994f4ef573b5e75b2584a67a6fc	c4ad6ef71879b67de9e2795d3951436ff838b4a1fd16d43066509cb1f5296e0f	1	0	1	/eos/user/c/cglenn/FCCWork/whizard/whizard_ttbar_spinpol/production/full6f_365gev_ee_ttbar_spinpol_v1/phase11_diagnostics/excess_weight_rootcause_v1/ttbar_restricted_region_suite_v1/restricted/20260816T232058Z_WT_A15xS8_F012_FCC_np1_v1p0p2/fixed/A07_S2/F3/console.log	1
P_A07_S3	adaptive	A07_S3		A07		S3	134326786	769890491	"10:100000:""gw"""					/eos/user/c/cglenn/FCCWork/whizard/whizard_ttbar_spinpol/production/full6f_365gev_ee_ttbar_spinpol_v1/phase11_diagnostics/excess_weight_rootcause_v1/ttbar_restricted_region_suite_v1/restricted/20260816T232058Z_WT_A15xS8_F012_FCC_np1_v1p0p2/adaptive/A07_S3	PASS	PASS	0	516cd15ab307b2e2200ab836ba104f2b55e21d3edc8455005dec435b7310526b	4b7ac668f0c53916919a60c4310d26e77d0565c57c9cf66154776b0366790339		0	1		/eos/user/c/cglenn/FCCWork/whizard/whizard_ttbar_spinpol/production/full6f_365gev_ee_ttbar_spinpol_v1/phase11_diagnostics/excess_weight_rootcause_v1/ttbar_restricted_region_suite_v1/restricted/20260816T232058Z_WT_A15xS8_F012_FCC_np1_v1p0p2/adaptive/A07_S3/console.log	1
C_A07_S3_F0	fixed	A07_S3_F0	A07_S3	A07	F0	S3	134326786	769890491	"10:100000:""gw"""	"3:200000:"""""				/eos/user/c/cglenn/FCCWork/whizard/whizard_ttbar_spinpol/production/full6f_365gev_ee_ttbar_spinpol_v1/phase11_diagnostics/excess_weight_rootcause_v1/ttbar_restricted_region_suite_v1/restricted/20260816T232058Z_WT_A15xS8_F012_FCC_np1_v1p0p2/fixed/A07_S3/F0	PASS	PASS	0	516cd15ab307b2e2200ab836ba104f2b55e21d3edc8455005dec435b7310526b	850c920610252cf993206d2e32848c5d2dc6c4591ae09de50d1e5775028f5742	4b7ac668f0c53916919a60c4310d26e77d0565c57c9cf66154776b0366790339	1	0	1	/eos/user/c/cglenn/FCCWork/whizard/whizard_ttbar_spinpol/production/full6f_365gev_ee_ttbar_spinpol_v1/phase11_diagnostics/excess_weight_rootcause_v1/ttbar_restricted_region_suite_v1/restricted/20260816T232058Z_WT_A15xS8_F012_FCC_np1_v1p0p2/fixed/A07_S3/F0/console.log	1
C_A07_S3_F1	fixed	A07_S3_F1	A07_S3	A07	F1	S3	134326786	769890491	"10:100000:""gw"""	"1:600000:"""""				/eos/user/c/cglenn/FCCWork/whizard/whizard_ttbar_spinpol/production/full6f_365gev_ee_ttbar_spinpol_v1/phase11_diagnostics/excess_weight_rootcause_v1/ttbar_restricted_region_suite_v1/restricted/20260816T232058Z_WT_A15xS8_F012_FCC_np1_v1p0p2/fixed/A07_S3/F1	PASS	PASS	0	516cd15ab307b2e2200ab836ba104f2b55e21d3edc8455005dec435b7310526b	f10b5b4890c4b9c3630df6535f170aa5b097e827637010c5c2e8795bcf006db9	4b7ac668f0c53916919a60c4310d26e77d0565c57c9cf66154776b0366790339	1	0	1	/eos/user/c/cglenn/FCCWork/whizard/whizard_ttbar_spinpol/production/full6f_365gev_ee_ttbar_spinpol_v1/phase11_diagnostics/excess_weight_rootcause_v1/ttbar_restricted_region_suite_v1/restricted/20260816T232058Z_WT_A15xS8_F012_FCC_np1_v1p0p2/fixed/A07_S3/F1/console.log	1
C_A07_S3_F2	fixed	A07_S3_F2	A07_S3	A07	F2	S3	134326786	769890491	"10:100000:""gw"""	"1:2000000:"""""				/eos/user/c/cglenn/FCCWork/whizard/whizard_ttbar_spinpol/production/full6f_365gev_ee_ttbar_spinpol_v1/phase11_diagnostics/excess_weight_rootcause_v1/ttbar_restricted_region_suite_v1/restricted/20260816T232058Z_WT_A15xS8_F012_FCC_np1_v1p0p2/fixed/A07_S3/F2	PASS	PASS	0	516cd15ab307b2e2200ab836ba104f2b55e21d3edc8455005dec435b7310526b	8af6e59efe3b69d054365fd0479a962058b5e7d43f2d1a807dd298528acc6237	4b7ac668f0c53916919a60c4310d26e77d0565c57c9cf66154776b0366790339	1	0	1	/eos/user/c/cglenn/FCCWork/whizard/whizard_ttbar_spinpol/production/full6f_365gev_ee_ttbar_spinpol_v1/phase11_diagnostics/excess_weight_rootcause_v1/ttbar_restricted_region_suite_v1/restricted/20260816T232058Z_WT_A15xS8_F012_FCC_np1_v1p0p2/fixed/A07_S3/F2/console.log	1
C_A07_S3_F3	fixed	A07_S3_F3	A07_S3	A07	F3	S3	134326786	769890491	"10:100000:""gw"""	"10:200000:"""""				/eos/user/c/cglenn/FCCWork/whizard/whizard_ttbar_spinpol/production/full6f_365gev_ee_ttbar_spinpol_v1/phase11_diagnostics/excess_weight_rootcause_v1/ttbar_restricted_region_suite_v1/restricted/20260816T232058Z_WT_A15xS8_F012_FCC_np1_v1p0p2/fixed/A07_S3/F3	PASS	PASS	0	516cd15ab307b2e2200ab836ba104f2b55e21d3edc8455005dec435b7310526b	c350fb5534e05c991d58b2580b040e2db601a9256b81b29eaed82921143b5f9a	4b7ac668f0c53916919a60c4310d26e77d0565c57c9cf66154776b0366790339	1	0	1	/eos/user/c/cglenn/FCCWork/whizard/whizard_ttbar_spinpol/production/full6f_365gev_ee_ttbar_spinpol_v1/phase11_diagnostics/excess_weight_rootcause_v1/ttbar_restricted_region_suite_v1/restricted/20260816T232058Z_WT_A15xS8_F012_FCC_np1_v1p0p2/fixed/A07_S3/F3/console.log	1
P_A07_S4	adaptive	A07_S4		A07		S4	249371675	462903030	"10:100000:""gw"""					/eos/user/c/cglenn/FCCWork/whizard/whizard_ttbar_spinpol/production/full6f_365gev_ee_ttbar_spinpol_v1/phase11_diagnostics/excess_weight_rootcause_v1/ttbar_restricted_region_suite_v1/restricted/20260816T232058Z_WT_A15xS8_F012_FCC_np1_v1p0p2/adaptive/A07_S4	PASS	PASS	0	516cd15ab307b2e2200ab836ba104f2b55e21d3edc8455005dec435b7310526b	12a34b345057d38dcdac3c751b04eeb950e6d08933f9c504c855571c7b1a8c2b		0	1		/eos/user/c/cglenn/FCCWork/whizard/whizard_ttbar_spinpol/production/full6f_365gev_ee_ttbar_spinpol_v1/phase11_diagnostics/excess_weight_rootcause_v1/ttbar_restricted_region_suite_v1/restricted/20260816T232058Z_WT_A15xS8_F012_FCC_np1_v1p0p2/adaptive/A07_S4/console.log	1
C_A07_S4_F0	fixed	A07_S4_F0	A07_S4	A07	F0	S4	249371675	462903030	"10:100000:""gw"""	"3:200000:"""""				/eos/user/c/cglenn/FCCWork/whizard/whizard_ttbar_spinpol/production/full6f_365gev_ee_ttbar_spinpol_v1/phase11_diagnostics/excess_weight_rootcause_v1/ttbar_restricted_region_suite_v1/restricted/20260816T232058Z_WT_A15xS8_F012_FCC_np1_v1p0p2/fixed/A07_S4/F0	PASS	PASS	0	516cd15ab307b2e2200ab836ba104f2b55e21d3edc8455005dec435b7310526b	b98a49a4dfb2f666f54ca7f6f81b38b0d1497d7b191e56b6935bf55f08d58e16	12a34b345057d38dcdac3c751b04eeb950e6d08933f9c504c855571c7b1a8c2b	1	0	1	/eos/user/c/cglenn/FCCWork/whizard/whizard_ttbar_spinpol/production/full6f_365gev_ee_ttbar_spinpol_v1/phase11_diagnostics/excess_weight_rootcause_v1/ttbar_restricted_region_suite_v1/restricted/20260816T232058Z_WT_A15xS8_F012_FCC_np1_v1p0p2/fixed/A07_S4/F0/console.log	1
C_A07_S4_F1	fixed	A07_S4_F1	A07_S4	A07	F1	S4	249371675	462903030	"10:100000:""gw"""	"1:600000:"""""				/eos/user/c/cglenn/FCCWork/whizard/whizard_ttbar_spinpol/production/full6f_365gev_ee_ttbar_spinpol_v1/phase11_diagnostics/excess_weight_rootcause_v1/ttbar_restricted_region_suite_v1/restricted/20260816T232058Z_WT_A15xS8_F012_FCC_np1_v1p0p2/fixed/A07_S4/F1	PASS	PASS	0	516cd15ab307b2e2200ab836ba104f2b55e21d3edc8455005dec435b7310526b	2984d5998b76a24b5183cee51716ed35f562639fa74b4e3e22c449b65c4409ca	12a34b345057d38dcdac3c751b04eeb950e6d08933f9c504c855571c7b1a8c2b	1	0	1	/eos/user/c/cglenn/FCCWork/whizard/whizard_ttbar_spinpol/production/full6f_365gev_ee_ttbar_spinpol_v1/phase11_diagnostics/excess_weight_rootcause_v1/ttbar_restricted_region_suite_v1/restricted/20260816T232058Z_WT_A15xS8_F012_FCC_np1_v1p0p2/fixed/A07_S4/F1/console.log	1
C_A07_S4_F2	fixed	A07_S4_F2	A07_S4	A07	F2	S4	249371675	462903030	"10:100000:""gw"""	"1:2000000:"""""				/eos/user/c/cglenn/FCCWork/whizard/whizard_ttbar_spinpol/production/full6f_365gev_ee_ttbar_spinpol_v1/phase11_diagnostics/excess_weight_rootcause_v1/ttbar_restricted_region_suite_v1/restricted/20260816T232058Z_WT_A15xS8_F012_FCC_np1_v1p0p2/fixed/A07_S4/F2	PASS	PASS	0	516cd15ab307b2e2200ab836ba104f2b55e21d3edc8455005dec435b7310526b	b994a8989e1a452c46cb01d88c1188c05b98dbc61b1ee8f05d03222c416f37d3	12a34b345057d38dcdac3c751b04eeb950e6d08933f9c504c855571c7b1a8c2b	1	0	1	/eos/user/c/cglenn/FCCWork/whizard/whizard_ttbar_spinpol/production/full6f_365gev_ee_ttbar_spinpol_v1/phase11_diagnostics/excess_weight_rootcause_v1/ttbar_restricted_region_suite_v1/restricted/20260816T232058Z_WT_A15xS8_F012_FCC_np1_v1p0p2/fixed/A07_S4/F2/console.log	1
C_A07_S4_F3	fixed	A07_S4_F3	A07_S4	A07	F3	S4	249371675	462903030	"10:100000:""gw"""	"10:200000:"""""				/eos/user/c/cglenn/FCCWork/whizard/whizard_ttbar_spinpol/production/full6f_365gev_ee_ttbar_spinpol_v1/phase11_diagnostics/excess_weight_rootcause_v1/ttbar_restricted_region_suite_v1/restricted/20260816T232058Z_WT_A15xS8_F012_FCC_np1_v1p0p2/fixed/A07_S4/F3	PASS	PASS	0	516cd15ab307b2e2200ab836ba104f2b55e21d3edc8455005dec435b7310526b	79dd971c770774d59666d50c9d14939b66b40682eef71488b59cc3a268056f87	12a34b345057d38dcdac3c751b04eeb950e6d08933f9c504c855571c7b1a8c2b	1	0	1	/eos/user/c/cglenn/FCCWork/whizard/whizard_ttbar_spinpol/production/full6f_365gev_ee_ttbar_spinpol_v1/phase11_diagnostics/excess_weight_rootcause_v1/ttbar_restricted_region_suite_v1/restricted/20260816T232058Z_WT_A15xS8_F012_FCC_np1_v1p0p2/fixed/A07_S4/F3/console.log	1
P_A07_S5	adaptive	A07_S5		A07		S5	531087687	197846737	"10:100000:""gw"""					/eos/user/c/cglenn/FCCWork/whizard/whizard_ttbar_spinpol/production/full6f_365gev_ee_ttbar_spinpol_v1/phase11_diagnostics/excess_weight_rootcause_v1/ttbar_restricted_region_suite_v1/restricted/20260816T232058Z_WT_A15xS8_F012_FCC_np1_v1p0p2/adaptive/A07_S5	PASS	PASS	0	516cd15ab307b2e2200ab836ba104f2b55e21d3edc8455005dec435b7310526b	3826d25e51bcdb93ec48565c20adaf19e79c4fcdfaaa4cf8b427b1c3a4d3a46c		0	1		/eos/user/c/cglenn/FCCWork/whizard/whizard_ttbar_spinpol/production/full6f_365gev_ee_ttbar_spinpol_v1/phase11_diagnostics/excess_weight_rootcause_v1/ttbar_restricted_region_suite_v1/restricted/20260816T232058Z_WT_A15xS8_F012_FCC_np1_v1p0p2/adaptive/A07_S5/console.log	1
C_A07_S5_F0	fixed	A07_S5_F0	A07_S5	A07	F0	S5	531087687	197846737	"10:100000:""gw"""	"3:200000:"""""				/eos/user/c/cglenn/FCCWork/whizard/whizard_ttbar_spinpol/production/full6f_365gev_ee_ttbar_spinpol_v1/phase11_diagnostics/excess_weight_rootcause_v1/ttbar_restricted_region_suite_v1/restricted/20260816T232058Z_WT_A15xS8_F012_FCC_np1_v1p0p2/fixed/A07_S5/F0	PASS	PASS	0	516cd15ab307b2e2200ab836ba104f2b55e21d3edc8455005dec435b7310526b	dfbc437b435ade6858eee71ecea7fb721ab60ecc3fe6fdaf8e42544163681a7c	3826d25e51bcdb93ec48565c20adaf19e79c4fcdfaaa4cf8b427b1c3a4d3a46c	1	0	1	/eos/user/c/cglenn/FCCWork/whizard/whizard_ttbar_spinpol/production/full6f_365gev_ee_ttbar_spinpol_v1/phase11_diagnostics/excess_weight_rootcause_v1/ttbar_restricted_region_suite_v1/restricted/20260816T232058Z_WT_A15xS8_F012_FCC_np1_v1p0p2/fixed/A07_S5/F0/console.log	1
C_A07_S5_F1	fixed	A07_S5_F1	A07_S5	A07	F1	S5	531087687	197846737	"10:100000:""gw"""	"1:600000:"""""				/eos/user/c/cglenn/FCCWork/whizard/whizard_ttbar_spinpol/production/full6f_365gev_ee_ttbar_spinpol_v1/phase11_diagnostics/excess_weight_rootcause_v1/ttbar_restricted_region_suite_v1/restricted/20260816T232058Z_WT_A15xS8_F012_FCC_np1_v1p0p2/fixed/A07_S5/F1	PASS	PASS	0	516cd15ab307b2e2200ab836ba104f2b55e21d3edc8455005dec435b7310526b	4cf160a7f3a8dc2e5da3a71f1acf7b3012dacb39edccd66301e398ad765629dd	3826d25e51bcdb93ec48565c20adaf19e79c4fcdfaaa4cf8b427b1c3a4d3a46c	1	0	1	/eos/user/c/cglenn/FCCWork/whizard/whizard_ttbar_spinpol/production/full6f_365gev_ee_ttbar_spinpol_v1/phase11_diagnostics/excess_weight_rootcause_v1/ttbar_restricted_region_suite_v1/restricted/20260816T232058Z_WT_A15xS8_F012_FCC_np1_v1p0p2/fixed/A07_S5/F1/console.log	1
C_A07_S5_F2	fixed	A07_S5_F2	A07_S5	A07	F2	S5	531087687	197846737	"10:100000:""gw"""	"1:2000000:"""""				/eos/user/c/cglenn/FCCWork/whizard/whizard_ttbar_spinpol/production/full6f_365gev_ee_ttbar_spinpol_v1/phase11_diagnostics/excess_weight_rootcause_v1/ttbar_restricted_region_suite_v1/restricted/20260816T232058Z_WT_A15xS8_F012_FCC_np1_v1p0p2/fixed/A07_S5/F2	PASS	PASS	0	516cd15ab307b2e2200ab836ba104f2b55e21d3edc8455005dec435b7310526b	7c22f565d986d7ccd4f7d30572377e08564487c9b8b9467998f777dec650310b	3826d25e51bcdb93ec48565c20adaf19e79c4fcdfaaa4cf8b427b1c3a4d3a46c	1	0	1	/eos/user/c/cglenn/FCCWork/whizard/whizard_ttbar_spinpol/production/full6f_365gev_ee_ttbar_spinpol_v1/phase11_diagnostics/excess_weight_rootcause_v1/ttbar_restricted_region_suite_v1/restricted/20260816T232058Z_WT_A15xS8_F012_FCC_np1_v1p0p2/fixed/A07_S5/F2/console.log	1
C_A07_S5_F3	fixed	A07_S5_F3	A07_S5	A07	F3	S5	531087687	197846737	"10:100000:""gw"""	"10:200000:"""""				/eos/user/c/cglenn/FCCWork/whizard/whizard_ttbar_spinpol/production/full6f_365gev_ee_ttbar_spinpol_v1/phase11_diagnostics/excess_weight_rootcause_v1/ttbar_restricted_region_suite_v1/restricted/20260816T232058Z_WT_A15xS8_F012_FCC_np1_v1p0p2/fixed/A07_S5/F3	PASS	PASS	0	516cd15ab307b2e2200ab836ba104f2b55e21d3edc8455005dec435b7310526b	eb555d5f79a6f814f255e3ba74dc469f5861b2dacf4a9252b6277b8270122db6	3826d25e51bcdb93ec48565c20adaf19e79c4fcdfaaa4cf8b427b1c3a4d3a46c	1	0	1	/eos/user/c/cglenn/FCCWork/whizard/whizard_ttbar_spinpol/production/full6f_365gev_ee_ttbar_spinpol_v1/phase11_diagnostics/excess_weight_rootcause_v1/ttbar_restricted_region_suite_v1/restricted/20260816T232058Z_WT_A15xS8_F012_FCC_np1_v1p0p2/fixed/A07_S5/F3/console.log	1
P_A07_S6	adaptive	A07_S6		A07		S6	519963689	958460417	"10:100000:""gw"""					/eos/user/c/cglenn/FCCWork/whizard/whizard_ttbar_spinpol/production/full6f_365gev_ee_ttbar_spinpol_v1/phase11_diagnostics/excess_weight_rootcause_v1/ttbar_restricted_region_suite_v1/restricted/20260816T232058Z_WT_A15xS8_F012_FCC_np1_v1p0p2/adaptive/A07_S6	PASS	PASS	0	516cd15ab307b2e2200ab836ba104f2b55e21d3edc8455005dec435b7310526b	69f9b11f9108ad9a1ef01b6c155cc33a584928888f1e5314b3b84e2a07bb51d9		0	1		/eos/user/c/cglenn/FCCWork/whizard/whizard_ttbar_spinpol/production/full6f_365gev_ee_ttbar_spinpol_v1/phase11_diagnostics/excess_weight_rootcause_v1/ttbar_restricted_region_suite_v1/restricted/20260816T232058Z_WT_A15xS8_F012_FCC_np1_v1p0p2/adaptive/A07_S6/console.log	1
C_A07_S6_F0	fixed	A07_S6_F0	A07_S6	A07	F0	S6	519963689	958460417	"10:100000:""gw"""	"3:200000:"""""				/eos/user/c/cglenn/FCCWork/whizard/whizard_ttbar_spinpol/production/full6f_365gev_ee_ttbar_spinpol_v1/phase11_diagnostics/excess_weight_rootcause_v1/ttbar_restricted_region_suite_v1/restricted/20260816T232058Z_WT_A15xS8_F012_FCC_np1_v1p0p2/fixed/A07_S6/F0	PASS	PASS	0	516cd15ab307b2e2200ab836ba104f2b55e21d3edc8455005dec435b7310526b	0b266e0a1b204ebee631a75cf47824bf1fd709f5ded6afceb3dc17a703efdf5f	69f9b11f9108ad9a1ef01b6c155cc33a584928888f1e5314b3b84e2a07bb51d9	1	0	1	/eos/user/c/cglenn/FCCWork/whizard/whizard_ttbar_spinpol/production/full6f_365gev_ee_ttbar_spinpol_v1/phase11_diagnostics/excess_weight_rootcause_v1/ttbar_restricted_region_suite_v1/restricted/20260816T232058Z_WT_A15xS8_F012_FCC_np1_v1p0p2/fixed/A07_S6/F0/console.log	1
C_A07_S6_F1	fixed	A07_S6_F1	A07_S6	A07	F1	S6	519963689	958460417	"10:100000:""gw"""	"1:600000:"""""				/eos/user/c/cglenn/FCCWork/whizard/whizard_ttbar_spinpol/production/full6f_365gev_ee_ttbar_spinpol_v1/phase11_diagnostics/excess_weight_rootcause_v1/ttbar_restricted_region_suite_v1/restricted/20260816T232058Z_WT_A15xS8_F012_FCC_np1_v1p0p2/fixed/A07_S6/F1	PASS	PASS	0	516cd15ab307b2e2200ab836ba104f2b55e21d3edc8455005dec435b7310526b	4d77026e616c94a3e364445afef3968b30b0471fced6edcd3d1c12607eeb50b9	69f9b11f9108ad9a1ef01b6c155cc33a584928888f1e5314b3b84e2a07bb51d9	1	0	1	/eos/user/c/cglenn/FCCWork/whizard/whizard_ttbar_spinpol/production/full6f_365gev_ee_ttbar_spinpol_v1/phase11_diagnostics/excess_weight_rootcause_v1/ttbar_restricted_region_suite_v1/restricted/20260816T232058Z_WT_A15xS8_F012_FCC_np1_v1p0p2/fixed/A07_S6/F1/console.log	1
C_A07_S6_F2	fixed	A07_S6_F2	A07_S6	A07	F2	S6	519963689	958460417	"10:100000:""gw"""	"1:2000000:"""""				/eos/user/c/cglenn/FCCWork/whizard/whizard_ttbar_spinpol/production/full6f_365gev_ee_ttbar_spinpol_v1/phase11_diagnostics/excess_weight_rootcause_v1/ttbar_restricted_region_suite_v1/restricted/20260816T232058Z_WT_A15xS8_F012_FCC_np1_v1p0p2/fixed/A07_S6/F2	PASS	PASS	0	516cd15ab307b2e2200ab836ba104f2b55e21d3edc8455005dec435b7310526b	7f5d992e7ce1411b6a44c90a77ce543338254aa2300d17606fd4093609e82aba	69f9b11f9108ad9a1ef01b6c155cc33a584928888f1e5314b3b84e2a07bb51d9	1	0	1	/eos/user/c/cglenn/FCCWork/whizard/whizard_ttbar_spinpol/production/full6f_365gev_ee_ttbar_spinpol_v1/phase11_diagnostics/excess_weight_rootcause_v1/ttbar_restricted_region_suite_v1/restricted/20260816T232058Z_WT_A15xS8_F012_FCC_np1_v1p0p2/fixed/A07_S6/F2/console.log	1
C_A07_S6_F3	fixed	A07_S6_F3	A07_S6	A07	F3	S6	519963689	958460417	"10:100000:""gw"""	"10:200000:"""""				/eos/user/c/cglenn/FCCWork/whizard/whizard_ttbar_spinpol/production/full6f_365gev_ee_ttbar_spinpol_v1/phase11_diagnostics/excess_weight_rootcause_v1/ttbar_restricted_region_suite_v1/restricted/20260816T232058Z_WT_A15xS8_F012_FCC_np1_v1p0p2/fixed/A07_S6/F3	PASS	PASS	0	516cd15ab307b2e2200ab836ba104f2b55e21d3edc8455005dec435b7310526b	1e331e9b13335d6bfe0e729ae76110c42e983e32c41db6b77d340a265d867576	69f9b11f9108ad9a1ef01b6c155cc33a584928888f1e5314b3b84e2a07bb51d9	1	0	1	/eos/user/c/cglenn/FCCWork/whizard/whizard_ttbar_spinpol/production/full6f_365gev_ee_ttbar_spinpol_v1/phase11_diagnostics/excess_weight_rootcause_v1/ttbar_restricted_region_suite_v1/restricted/20260816T232058Z_WT_A15xS8_F012_FCC_np1_v1p0p2/fixed/A07_S6/F3/console.log	1
P_A07_S7	adaptive	A07_S7		A07		S7	1552803368	239117595	"10:100000:""gw"""					/eos/user/c/cglenn/FCCWork/whizard/whizard_ttbar_spinpol/production/full6f_365gev_ee_ttbar_spinpol_v1/phase11_diagnostics/excess_weight_rootcause_v1/ttbar_restricted_region_suite_v1/restricted/20260816T232058Z_WT_A15xS8_F012_FCC_np1_v1p0p2/adaptive/A07_S7	PASS	PASS	0	516cd15ab307b2e2200ab836ba104f2b55e21d3edc8455005dec435b7310526b	d0dc58ef55f4fd4a4b698fd690dd1b9d6385ec37c6c8847c52dcb2f57e61c83d		0	1		/eos/user/c/cglenn/FCCWork/whizard/whizard_ttbar_spinpol/production/full6f_365gev_ee_ttbar_spinpol_v1/phase11_diagnostics/excess_weight_rootcause_v1/ttbar_restricted_region_suite_v1/restricted/20260816T232058Z_WT_A15xS8_F012_FCC_np1_v1p0p2/adaptive/A07_S7/console.log	1
C_A07_S7_F0	fixed	A07_S7_F0	A07_S7	A07	F0	S7	1552803368	239117595	"10:100000:""gw"""	"3:200000:"""""				/eos/user/c/cglenn/FCCWork/whizard/whizard_ttbar_spinpol/production/full6f_365gev_ee_ttbar_spinpol_v1/phase11_diagnostics/excess_weight_rootcause_v1/ttbar_restricted_region_suite_v1/restricted/20260816T232058Z_WT_A15xS8_F012_FCC_np1_v1p0p2/fixed/A07_S7/F0	PASS	PASS	0	516cd15ab307b2e2200ab836ba104f2b55e21d3edc8455005dec435b7310526b	0ea16f83ed1bf899ad0e307579a2c85c6074e6953eb81e51f7acf85f1b684dcf	d0dc58ef55f4fd4a4b698fd690dd1b9d6385ec37c6c8847c52dcb2f57e61c83d	1	0	1	/eos/user/c/cglenn/FCCWork/whizard/whizard_ttbar_spinpol/production/full6f_365gev_ee_ttbar_spinpol_v1/phase11_diagnostics/excess_weight_rootcause_v1/ttbar_restricted_region_suite_v1/restricted/20260816T232058Z_WT_A15xS8_F012_FCC_np1_v1p0p2/fixed/A07_S7/F0/console.log	1
C_A07_S7_F1	fixed	A07_S7_F1	A07_S7	A07	F1	S7	1552803368	239117595	"10:100000:""gw"""	"1:600000:"""""				/eos/user/c/cglenn/FCCWork/whizard/whizard_ttbar_spinpol/production/full6f_365gev_ee_ttbar_spinpol_v1/phase11_diagnostics/excess_weight_rootcause_v1/ttbar_restricted_region_suite_v1/restricted/20260816T232058Z_WT_A15xS8_F012_FCC_np1_v1p0p2/fixed/A07_S7/F1	PASS	PASS	0	516cd15ab307b2e2200ab836ba104f2b55e21d3edc8455005dec435b7310526b	731207aa63d3548c340e3e7251333e8ef01638a837c1209171a9b3b41f1ad814	d0dc58ef55f4fd4a4b698fd690dd1b9d6385ec37c6c8847c52dcb2f57e61c83d	1	0	1	/eos/user/c/cglenn/FCCWork/whizard/whizard_ttbar_spinpol/production/full6f_365gev_ee_ttbar_spinpol_v1/phase11_diagnostics/excess_weight_rootcause_v1/ttbar_restricted_region_suite_v1/restricted/20260816T232058Z_WT_A15xS8_F012_FCC_np1_v1p0p2/fixed/A07_S7/F1/console.log	1
C_A07_S7_F2	fixed	A07_S7_F2	A07_S7	A07	F2	S7	1552803368	239117595	"10:100000:""gw"""	"1:2000000:"""""				/eos/user/c/cglenn/FCCWork/whizard/whizard_ttbar_spinpol/production/full6f_365gev_ee_ttbar_spinpol_v1/phase11_diagnostics/excess_weight_rootcause_v1/ttbar_restricted_region_suite_v1/restricted/20260816T232058Z_WT_A15xS8_F012_FCC_np1_v1p0p2/fixed/A07_S7/F2	PASS	PASS	0	516cd15ab307b2e2200ab836ba104f2b55e21d3edc8455005dec435b7310526b	4423668e504c393aeb089bc0ad9bfca292b43b281c24b5a249b1b98939bb0a8c	d0dc58ef55f4fd4a4b698fd690dd1b9d6385ec37c6c8847c52dcb2f57e61c83d	1	0	1	/eos/user/c/cglenn/FCCWork/whizard/whizard_ttbar_spinpol/production/full6f_365gev_ee_ttbar_spinpol_v1/phase11_diagnostics/excess_weight_rootcause_v1/ttbar_restricted_region_suite_v1/restricted/20260816T232058Z_WT_A15xS8_F012_FCC_np1_v1p0p2/fixed/A07_S7/F2/console.log	1
C_A07_S7_F3	fixed	A07_S7_F3	A07_S7	A07	F3	S7	1552803368	239117595	"10:100000:""gw"""	"10:200000:"""""				/eos/user/c/cglenn/FCCWork/whizard/whizard_ttbar_spinpol/production/full6f_365gev_ee_ttbar_spinpol_v1/phase11_diagnostics/excess_weight_rootcause_v1/ttbar_restricted_region_suite_v1/restricted/20260816T232058Z_WT_A15xS8_F012_FCC_np1_v1p0p2/fixed/A07_S7/F3	PASS	PASS	0	516cd15ab307b2e2200ab836ba104f2b55e21d3edc8455005dec435b7310526b	10634d6238e20d199c1fcd4c67e58df4a4a739b433eebf491374562f14fa0c71	d0dc58ef55f4fd4a4b698fd690dd1b9d6385ec37c6c8847c52dcb2f57e61c83d	1	0	1	/eos/user/c/cglenn/FCCWork/whizard/whizard_ttbar_spinpol/production/full6f_365gev_ee_ttbar_spinpol_v1/phase11_diagnostics/excess_weight_rootcause_v1/ttbar_restricted_region_suite_v1/restricted/20260816T232058Z_WT_A15xS8_F012_FCC_np1_v1p0p2/fixed/A07_S7/F3/console.log	1
P_A08_S0	adaptive	A08_S0		A08		S0	1740114216	648318690	"4:250000:""gw"""					/eos/user/c/cglenn/FCCWork/whizard/whizard_ttbar_spinpol/production/full6f_365gev_ee_ttbar_spinpol_v1/phase11_diagnostics/excess_weight_rootcause_v1/ttbar_restricted_region_suite_v1/restricted/20260816T232058Z_WT_A15xS8_F012_FCC_np1_v1p0p2/adaptive/A08_S0	PASS	PASS	0	516cd15ab307b2e2200ab836ba104f2b55e21d3edc8455005dec435b7310526b	d813d73a9c72a7c8d7744324f9faa9349d5414e61e5a6cdb03d1527a2a0a83f6		0	1		/eos/user/c/cglenn/FCCWork/whizard/whizard_ttbar_spinpol/production/full6f_365gev_ee_ttbar_spinpol_v1/phase11_diagnostics/excess_weight_rootcause_v1/ttbar_restricted_region_suite_v1/restricted/20260816T232058Z_WT_A15xS8_F012_FCC_np1_v1p0p2/adaptive/A08_S0/console.log	1
C_A08_S0_F0	fixed	A08_S0_F0	A08_S0	A08	F0	S0	1740114216	648318690	"4:250000:""gw"""	"3:200000:"""""				/eos/user/c/cglenn/FCCWork/whizard/whizard_ttbar_spinpol/production/full6f_365gev_ee_ttbar_spinpol_v1/phase11_diagnostics/excess_weight_rootcause_v1/ttbar_restricted_region_suite_v1/restricted/20260816T232058Z_WT_A15xS8_F012_FCC_np1_v1p0p2/fixed/A08_S0/F0	PASS	PASS	0	516cd15ab307b2e2200ab836ba104f2b55e21d3edc8455005dec435b7310526b	222f74c07b3b11b718d225113fa21700c6e6a59cb2f48fd78a3dc9a164966948	d813d73a9c72a7c8d7744324f9faa9349d5414e61e5a6cdb03d1527a2a0a83f6	1	0	1	/eos/user/c/cglenn/FCCWork/whizard/whizard_ttbar_spinpol/production/full6f_365gev_ee_ttbar_spinpol_v1/phase11_diagnostics/excess_weight_rootcause_v1/ttbar_restricted_region_suite_v1/restricted/20260816T232058Z_WT_A15xS8_F012_FCC_np1_v1p0p2/fixed/A08_S0/F0/console.log	1
C_A08_S0_F1	fixed	A08_S0_F1	A08_S0	A08	F1	S0	1740114216	648318690	"4:250000:""gw"""	"1:600000:"""""				/eos/user/c/cglenn/FCCWork/whizard/whizard_ttbar_spinpol/production/full6f_365gev_ee_ttbar_spinpol_v1/phase11_diagnostics/excess_weight_rootcause_v1/ttbar_restricted_region_suite_v1/restricted/20260816T232058Z_WT_A15xS8_F012_FCC_np1_v1p0p2/fixed/A08_S0/F1	PASS	PASS	0	516cd15ab307b2e2200ab836ba104f2b55e21d3edc8455005dec435b7310526b	db25e24810fb14f3a1f53d205812a3017e76606131504d75e826b8b2a899a42d	d813d73a9c72a7c8d7744324f9faa9349d5414e61e5a6cdb03d1527a2a0a83f6	1	0	1	/eos/user/c/cglenn/FCCWork/whizard/whizard_ttbar_spinpol/production/full6f_365gev_ee_ttbar_spinpol_v1/phase11_diagnostics/excess_weight_rootcause_v1/ttbar_restricted_region_suite_v1/restricted/20260816T232058Z_WT_A15xS8_F012_FCC_np1_v1p0p2/fixed/A08_S0/F1/console.log	1
C_A08_S0_F2	fixed	A08_S0_F2	A08_S0	A08	F2	S0	1740114216	648318690	"4:250000:""gw"""	"1:2000000:"""""				/eos/user/c/cglenn/FCCWork/whizard/whizard_ttbar_spinpol/production/full6f_365gev_ee_ttbar_spinpol_v1/phase11_diagnostics/excess_weight_rootcause_v1/ttbar_restricted_region_suite_v1/restricted/20260816T232058Z_WT_A15xS8_F012_FCC_np1_v1p0p2/fixed/A08_S0/F2	PASS	PASS	0	516cd15ab307b2e2200ab836ba104f2b55e21d3edc8455005dec435b7310526b	31df738e6cbeae2774ea2344968fc1ca4b460a4973b765829684f53f317ce3d7	d813d73a9c72a7c8d7744324f9faa9349d5414e61e5a6cdb03d1527a2a0a83f6	1	0	1	/eos/user/c/cglenn/FCCWork/whizard/whizard_ttbar_spinpol/production/full6f_365gev_ee_ttbar_spinpol_v1/phase11_diagnostics/excess_weight_rootcause_v1/ttbar_restricted_region_suite_v1/restricted/20260816T232058Z_WT_A15xS8_F012_FCC_np1_v1p0p2/fixed/A08_S0/F2/console.log	1
P_A08_S1	adaptive	A08_S1		A08		S1	1751949026	1404282457	"4:250000:""gw"""					/eos/user/c/cglenn/FCCWork/whizard/whizard_ttbar_spinpol/production/full6f_365gev_ee_ttbar_spinpol_v1/phase11_diagnostics/excess_weight_rootcause_v1/ttbar_restricted_region_suite_v1/restricted/20260816T232058Z_WT_A15xS8_F012_FCC_np1_v1p0p2/adaptive/A08_S1	PASS	PASS	0	516cd15ab307b2e2200ab836ba104f2b55e21d3edc8455005dec435b7310526b	43b9e0069bff6e6d5aee6daece036448d77708e8271679c69536376b08fcf9d2		0	1		/eos/user/c/cglenn/FCCWork/whizard/whizard_ttbar_spinpol/production/full6f_365gev_ee_ttbar_spinpol_v1/phase11_diagnostics/excess_weight_rootcause_v1/ttbar_restricted_region_suite_v1/restricted/20260816T232058Z_WT_A15xS8_F012_FCC_np1_v1p0p2/adaptive/A08_S1/console.log	1
C_A08_S1_F0	fixed	A08_S1_F0	A08_S1	A08	F0	S1	1751949026	1404282457	"4:250000:""gw"""	"3:200000:"""""				/eos/user/c/cglenn/FCCWork/whizard/whizard_ttbar_spinpol/production/full6f_365gev_ee_ttbar_spinpol_v1/phase11_diagnostics/excess_weight_rootcause_v1/ttbar_restricted_region_suite_v1/restricted/20260816T232058Z_WT_A15xS8_F012_FCC_np1_v1p0p2/fixed/A08_S1/F0	PASS	PASS	0	516cd15ab307b2e2200ab836ba104f2b55e21d3edc8455005dec435b7310526b	54adde3661e58589c185e53a4aac08289512608c509066ebda79fd10061ef652	43b9e0069bff6e6d5aee6daece036448d77708e8271679c69536376b08fcf9d2	1	0	1	/eos/user/c/cglenn/FCCWork/whizard/whizard_ttbar_spinpol/production/full6f_365gev_ee_ttbar_spinpol_v1/phase11_diagnostics/excess_weight_rootcause_v1/ttbar_restricted_region_suite_v1/restricted/20260816T232058Z_WT_A15xS8_F012_FCC_np1_v1p0p2/fixed/A08_S1/F0/console.log	1
C_A08_S1_F1	fixed	A08_S1_F1	A08_S1	A08	F1	S1	1751949026	1404282457	"4:250000:""gw"""	"1:600000:"""""				/eos/user/c/cglenn/FCCWork/whizard/whizard_ttbar_spinpol/production/full6f_365gev_ee_ttbar_spinpol_v1/phase11_diagnostics/excess_weight_rootcause_v1/ttbar_restricted_region_suite_v1/restricted/20260816T232058Z_WT_A15xS8_F012_FCC_np1_v1p0p2/fixed/A08_S1/F1	PASS	PASS	0	516cd15ab307b2e2200ab836ba104f2b55e21d3edc8455005dec435b7310526b	765c45061b346a5764dca6b32fd2f4c1f9848161f0ff150101bcdf7296f45485	43b9e0069bff6e6d5aee6daece036448d77708e8271679c69536376b08fcf9d2	1	0	1	/eos/user/c/cglenn/FCCWork/whizard/whizard_ttbar_spinpol/production/full6f_365gev_ee_ttbar_spinpol_v1/phase11_diagnostics/excess_weight_rootcause_v1/ttbar_restricted_region_suite_v1/restricted/20260816T232058Z_WT_A15xS8_F012_FCC_np1_v1p0p2/fixed/A08_S1/F1/console.log	1
C_A08_S1_F2	fixed	A08_S1_F2	A08_S1	A08	F2	S1	1751949026	1404282457	"4:250000:""gw"""	"1:2000000:"""""				/eos/user/c/cglenn/FCCWork/whizard/whizard_ttbar_spinpol/production/full6f_365gev_ee_ttbar_spinpol_v1/phase11_diagnostics/excess_weight_rootcause_v1/ttbar_restricted_region_suite_v1/restricted/20260816T232058Z_WT_A15xS8_F012_FCC_np1_v1p0p2/fixed/A08_S1/F2	PASS	PASS	0	516cd15ab307b2e2200ab836ba104f2b55e21d3edc8455005dec435b7310526b	372c88e91af93ba52281076fc4f4b67dc3a1cdb485f5b8e371abde8972e73378	43b9e0069bff6e6d5aee6daece036448d77708e8271679c69536376b08fcf9d2	1	0	1	/eos/user/c/cglenn/FCCWork/whizard/whizard_ttbar_spinpol/production/full6f_365gev_ee_ttbar_spinpol_v1/phase11_diagnostics/excess_weight_rootcause_v1/ttbar_restricted_region_suite_v1/restricted/20260816T232058Z_WT_A15xS8_F012_FCC_np1_v1p0p2/fixed/A08_S1/F2/console.log	1
P_A08_S2	adaptive	A08_S2		A08		S2	1885084773	1596606550	"4:250000:""gw"""					/eos/user/c/cglenn/FCCWork/whizard/whizard_ttbar_spinpol/production/full6f_365gev_ee_ttbar_spinpol_v1/phase11_diagnostics/excess_weight_rootcause_v1/ttbar_restricted_region_suite_v1/restricted/20260816T232058Z_WT_A15xS8_F012_FCC_np1_v1p0p2/adaptive/A08_S2	PASS	PASS	0	516cd15ab307b2e2200ab836ba104f2b55e21d3edc8455005dec435b7310526b	9a0d3bf510122e82ec694bad3a5bc603ad1362aa785099424e28e95bb6e4daf1		0	1		/eos/user/c/cglenn/FCCWork/whizard/whizard_ttbar_spinpol/production/full6f_365gev_ee_ttbar_spinpol_v1/phase11_diagnostics/excess_weight_rootcause_v1/ttbar_restricted_region_suite_v1/restricted/20260816T232058Z_WT_A15xS8_F012_FCC_np1_v1p0p2/adaptive/A08_S2/console.log	1
C_A08_S2_F0	fixed	A08_S2_F0	A08_S2	A08	F0	S2	1885084773	1596606550	"4:250000:""gw"""	"3:200000:"""""				/eos/user/c/cglenn/FCCWork/whizard/whizard_ttbar_spinpol/production/full6f_365gev_ee_ttbar_spinpol_v1/phase11_diagnostics/excess_weight_rootcause_v1/ttbar_restricted_region_suite_v1/restricted/20260816T232058Z_WT_A15xS8_F012_FCC_np1_v1p0p2/fixed/A08_S2/F0	PASS	PASS	0	516cd15ab307b2e2200ab836ba104f2b55e21d3edc8455005dec435b7310526b	189ada7b45817068dee46dbbfeb277170e40506405c5965e0dc57c4e823d3551	9a0d3bf510122e82ec694bad3a5bc603ad1362aa785099424e28e95bb6e4daf1	1	0	1	/eos/user/c/cglenn/FCCWork/whizard/whizard_ttbar_spinpol/production/full6f_365gev_ee_ttbar_spinpol_v1/phase11_diagnostics/excess_weight_rootcause_v1/ttbar_restricted_region_suite_v1/restricted/20260816T232058Z_WT_A15xS8_F012_FCC_np1_v1p0p2/fixed/A08_S2/F0/console.log	1
C_A08_S2_F1	fixed	A08_S2_F1	A08_S2	A08	F1	S2	1885084773	1596606550	"4:250000:""gw"""	"1:600000:"""""				/eos/user/c/cglenn/FCCWork/whizard/whizard_ttbar_spinpol/production/full6f_365gev_ee_ttbar_spinpol_v1/phase11_diagnostics/excess_weight_rootcause_v1/ttbar_restricted_region_suite_v1/restricted/20260816T232058Z_WT_A15xS8_F012_FCC_np1_v1p0p2/fixed/A08_S2/F1	PASS	PASS	0	516cd15ab307b2e2200ab836ba104f2b55e21d3edc8455005dec435b7310526b	62b6107214674bad2fb5eb1d5e0cbbc73c89cc7fcdd42cca1153a5c60816b308	9a0d3bf510122e82ec694bad3a5bc603ad1362aa785099424e28e95bb6e4daf1	1	0	1	/eos/user/c/cglenn/FCCWork/whizard/whizard_ttbar_spinpol/production/full6f_365gev_ee_ttbar_spinpol_v1/phase11_diagnostics/excess_weight_rootcause_v1/ttbar_restricted_region_suite_v1/restricted/20260816T232058Z_WT_A15xS8_F012_FCC_np1_v1p0p2/fixed/A08_S2/F1/console.log	1
C_A08_S2_F2	fixed	A08_S2_F2	A08_S2	A08	F2	S2	1885084773	1596606550	"4:250000:""gw"""	"1:2000000:"""""				/eos/user/c/cglenn/FCCWork/whizard/whizard_ttbar_spinpol/production/full6f_365gev_ee_ttbar_spinpol_v1/phase11_diagnostics/excess_weight_rootcause_v1/ttbar_restricted_region_suite_v1/restricted/20260816T232058Z_WT_A15xS8_F012_FCC_np1_v1p0p2/fixed/A08_S2/F2	PASS	PASS	0	516cd15ab307b2e2200ab836ba104f2b55e21d3edc8455005dec435b7310526b	0afc4b79541682bc8974907077bad5bc4bc5fc64815453f5f23e639a698d7f81	9a0d3bf510122e82ec694bad3a5bc603ad1362aa785099424e28e95bb6e4daf1	1	0	1	/eos/user/c/cglenn/FCCWork/whizard/whizard_ttbar_spinpol/production/full6f_365gev_ee_ttbar_spinpol_v1/phase11_diagnostics/excess_weight_rootcause_v1/ttbar_restricted_region_suite_v1/restricted/20260816T232058Z_WT_A15xS8_F012_FCC_np1_v1p0p2/fixed/A08_S2/F2/console.log	1
P_A08_S3	adaptive	A08_S3		A08		S3	134326786	769890491	"4:250000:""gw"""					/eos/user/c/cglenn/FCCWork/whizard/whizard_ttbar_spinpol/production/full6f_365gev_ee_ttbar_spinpol_v1/phase11_diagnostics/excess_weight_rootcause_v1/ttbar_restricted_region_suite_v1/restricted/20260816T232058Z_WT_A15xS8_F012_FCC_np1_v1p0p2/adaptive/A08_S3	PASS	PASS	0	516cd15ab307b2e2200ab836ba104f2b55e21d3edc8455005dec435b7310526b	6b5870c3cd0b03f724237dfc9d6237da8126c5073a16cc25af33a5415c6f9a94		0	1		/eos/user/c/cglenn/FCCWork/whizard/whizard_ttbar_spinpol/production/full6f_365gev_ee_ttbar_spinpol_v1/phase11_diagnostics/excess_weight_rootcause_v1/ttbar_restricted_region_suite_v1/restricted/20260816T232058Z_WT_A15xS8_F012_FCC_np1_v1p0p2/adaptive/A08_S3/console.log	1
C_A08_S3_F0	fixed	A08_S3_F0	A08_S3	A08	F0	S3	134326786	769890491	"4:250000:""gw"""	"3:200000:"""""				/eos/user/c/cglenn/FCCWork/whizard/whizard_ttbar_spinpol/production/full6f_365gev_ee_ttbar_spinpol_v1/phase11_diagnostics/excess_weight_rootcause_v1/ttbar_restricted_region_suite_v1/restricted/20260816T232058Z_WT_A15xS8_F012_FCC_np1_v1p0p2/fixed/A08_S3/F0	PASS	PASS	0	516cd15ab307b2e2200ab836ba104f2b55e21d3edc8455005dec435b7310526b	ea3fd4401f5f633981cae705110962797d76ef6890f686b15e33e08ba0ecb1d8	6b5870c3cd0b03f724237dfc9d6237da8126c5073a16cc25af33a5415c6f9a94	1	0	1	/eos/user/c/cglenn/FCCWork/whizard/whizard_ttbar_spinpol/production/full6f_365gev_ee_ttbar_spinpol_v1/phase11_diagnostics/excess_weight_rootcause_v1/ttbar_restricted_region_suite_v1/restricted/20260816T232058Z_WT_A15xS8_F012_FCC_np1_v1p0p2/fixed/A08_S3/F0/console.log	1
C_A08_S3_F1	fixed	A08_S3_F1	A08_S3	A08	F1	S3	134326786	769890491	"4:250000:""gw"""	"1:600000:"""""				/eos/user/c/cglenn/FCCWork/whizard/whizard_ttbar_spinpol/production/full6f_365gev_ee_ttbar_spinpol_v1/phase11_diagnostics/excess_weight_rootcause_v1/ttbar_restricted_region_suite_v1/restricted/20260816T232058Z_WT_A15xS8_F012_FCC_np1_v1p0p2/fixed/A08_S3/F1	PASS	PASS	0	516cd15ab307b2e2200ab836ba104f2b55e21d3edc8455005dec435b7310526b	62e08701362f8afa49dcea6aa3e52d6b2c86ddf921a0496d734d54d0c807581e	6b5870c3cd0b03f724237dfc9d6237da8126c5073a16cc25af33a5415c6f9a94	1	0	1	/eos/user/c/cglenn/FCCWork/whizard/whizard_ttbar_spinpol/production/full6f_365gev_ee_ttbar_spinpol_v1/phase11_diagnostics/excess_weight_rootcause_v1/ttbar_restricted_region_suite_v1/restricted/20260816T232058Z_WT_A15xS8_F012_FCC_np1_v1p0p2/fixed/A08_S3/F1/console.log	1
C_A08_S3_F2	fixed	A08_S3_F2	A08_S3	A08	F2	S3	134326786	769890491	"4:250000:""gw"""	"1:2000000:"""""				/eos/user/c/cglenn/FCCWork/whizard/whizard_ttbar_spinpol/production/full6f_365gev_ee_ttbar_spinpol_v1/phase11_diagnostics/excess_weight_rootcause_v1/ttbar_restricted_region_suite_v1/restricted/20260816T232058Z_WT_A15xS8_F012_FCC_np1_v1p0p2/fixed/A08_S3/F2	PASS	PASS	0	516cd15ab307b2e2200ab836ba104f2b55e21d3edc8455005dec435b7310526b	72491038aefead8f6fdcb19a394e679cbc054f1d39689b3eaa6bb7ea3a9ad28c	6b5870c3cd0b03f724237dfc9d6237da8126c5073a16cc25af33a5415c6f9a94	1	0	1	/eos/user/c/cglenn/FCCWork/whizard/whizard_ttbar_spinpol/production/full6f_365gev_ee_ttbar_spinpol_v1/phase11_diagnostics/excess_weight_rootcause_v1/ttbar_restricted_region_suite_v1/restricted/20260816T232058Z_WT_A15xS8_F012_FCC_np1_v1p0p2/fixed/A08_S3/F2/console.log	1
P_A08_S4	adaptive	A08_S4		A08		S4	249371675	462903030	"4:250000:""gw"""					/eos/user/c/cglenn/FCCWork/whizard/whizard_ttbar_spinpol/production/full6f_365gev_ee_ttbar_spinpol_v1/phase11_diagnostics/excess_weight_rootcause_v1/ttbar_restricted_region_suite_v1/restricted/20260816T232058Z_WT_A15xS8_F012_FCC_np1_v1p0p2/adaptive/A08_S4	PASS	PASS	0	516cd15ab307b2e2200ab836ba104f2b55e21d3edc8455005dec435b7310526b	52bf6e4c48535c1011e493bcca2e284a02cb64ef78e5e632193d36fff0c1a4b3		0	1		/eos/user/c/cglenn/FCCWork/whizard/whizard_ttbar_spinpol/production/full6f_365gev_ee_ttbar_spinpol_v1/phase11_diagnostics/excess_weight_rootcause_v1/ttbar_restricted_region_suite_v1/restricted/20260816T232058Z_WT_A15xS8_F012_FCC_np1_v1p0p2/adaptive/A08_S4/console.log	1
C_A08_S4_F0	fixed	A08_S4_F0	A08_S4	A08	F0	S4	249371675	462903030	"4:250000:""gw"""	"3:200000:"""""				/eos/user/c/cglenn/FCCWork/whizard/whizard_ttbar_spinpol/production/full6f_365gev_ee_ttbar_spinpol_v1/phase11_diagnostics/excess_weight_rootcause_v1/ttbar_restricted_region_suite_v1/restricted/20260816T232058Z_WT_A15xS8_F012_FCC_np1_v1p0p2/fixed/A08_S4/F0	PASS	PASS	0	516cd15ab307b2e2200ab836ba104f2b55e21d3edc8455005dec435b7310526b	7f221cd56cd420d0a1a910d678315524cb00b1005213cf16f37c0aa182addf4f	52bf6e4c48535c1011e493bcca2e284a02cb64ef78e5e632193d36fff0c1a4b3	1	0	1	/eos/user/c/cglenn/FCCWork/whizard/whizard_ttbar_spinpol/production/full6f_365gev_ee_ttbar_spinpol_v1/phase11_diagnostics/excess_weight_rootcause_v1/ttbar_restricted_region_suite_v1/restricted/20260816T232058Z_WT_A15xS8_F012_FCC_np1_v1p0p2/fixed/A08_S4/F0/console.log	1
C_A08_S4_F1	fixed	A08_S4_F1	A08_S4	A08	F1	S4	249371675	462903030	"4:250000:""gw"""	"1:600000:"""""				/eos/user/c/cglenn/FCCWork/whizard/whizard_ttbar_spinpol/production/full6f_365gev_ee_ttbar_spinpol_v1/phase11_diagnostics/excess_weight_rootcause_v1/ttbar_restricted_region_suite_v1/restricted/20260816T232058Z_WT_A15xS8_F012_FCC_np1_v1p0p2/fixed/A08_S4/F1	PASS	PASS	0	516cd15ab307b2e2200ab836ba104f2b55e21d3edc8455005dec435b7310526b	b30ca9e7d0cbd31aeacfa3d38d8115c9e9b04803c66f3adb102766f88182a51d	52bf6e4c48535c1011e493bcca2e284a02cb64ef78e5e632193d36fff0c1a4b3	1	0	1	/eos/user/c/cglenn/FCCWork/whizard/whizard_ttbar_spinpol/production/full6f_365gev_ee_ttbar_spinpol_v1/phase11_diagnostics/excess_weight_rootcause_v1/ttbar_restricted_region_suite_v1/restricted/20260816T232058Z_WT_A15xS8_F012_FCC_np1_v1p0p2/fixed/A08_S4/F1/console.log	1
C_A08_S4_F2	fixed	A08_S4_F2	A08_S4	A08	F2	S4	249371675	462903030	"4:250000:""gw"""	"1:2000000:"""""				/eos/user/c/cglenn/FCCWork/whizard/whizard_ttbar_spinpol/production/full6f_365gev_ee_ttbar_spinpol_v1/phase11_diagnostics/excess_weight_rootcause_v1/ttbar_restricted_region_suite_v1/restricted/20260816T232058Z_WT_A15xS8_F012_FCC_np1_v1p0p2/fixed/A08_S4/F2	PASS	PASS	0	516cd15ab307b2e2200ab836ba104f2b55e21d3edc8455005dec435b7310526b	3cdc12cb77fba878834eefcb1dd6a415dd0bf6d37b6967077ddf49a082b2367f	52bf6e4c48535c1011e493bcca2e284a02cb64ef78e5e632193d36fff0c1a4b3	1	0	1	/eos/user/c/cglenn/FCCWork/whizard/whizard_ttbar_spinpol/production/full6f_365gev_ee_ttbar_spinpol_v1/phase11_diagnostics/excess_weight_rootcause_v1/ttbar_restricted_region_suite_v1/restricted/20260816T232058Z_WT_A15xS8_F012_FCC_np1_v1p0p2/fixed/A08_S4/F2/console.log	1
P_A08_S5	adaptive	A08_S5		A08		S5	531087687	197846737	"4:250000:""gw"""					/eos/user/c/cglenn/FCCWork/whizard/whizard_ttbar_spinpol/production/full6f_365gev_ee_ttbar_spinpol_v1/phase11_diagnostics/excess_weight_rootcause_v1/ttbar_restricted_region_suite_v1/restricted/20260816T232058Z_WT_A15xS8_F012_FCC_np1_v1p0p2/adaptive/A08_S5	PASS	PASS	0	516cd15ab307b2e2200ab836ba104f2b55e21d3edc8455005dec435b7310526b	fd50448c86d87ed468b8e8320d776014eafc8d7f1c039498f495440bf7f51ec7		0	1		/eos/user/c/cglenn/FCCWork/whizard/whizard_ttbar_spinpol/production/full6f_365gev_ee_ttbar_spinpol_v1/phase11_diagnostics/excess_weight_rootcause_v1/ttbar_restricted_region_suite_v1/restricted/20260816T232058Z_WT_A15xS8_F012_FCC_np1_v1p0p2/adaptive/A08_S5/console.log	1
C_A08_S5_F0	fixed	A08_S5_F0	A08_S5	A08	F0	S5	531087687	197846737	"4:250000:""gw"""	"3:200000:"""""				/eos/user/c/cglenn/FCCWork/whizard/whizard_ttbar_spinpol/production/full6f_365gev_ee_ttbar_spinpol_v1/phase11_diagnostics/excess_weight_rootcause_v1/ttbar_restricted_region_suite_v1/restricted/20260816T232058Z_WT_A15xS8_F012_FCC_np1_v1p0p2/fixed/A08_S5/F0	PASS	PASS	0	516cd15ab307b2e2200ab836ba104f2b55e21d3edc8455005dec435b7310526b	f720fe06af45f49545e18783b4c4124c3a6c95bb93f1d937d2183d90004cb5dc	fd50448c86d87ed468b8e8320d776014eafc8d7f1c039498f495440bf7f51ec7	1	0	1	/eos/user/c/cglenn/FCCWork/whizard/whizard_ttbar_spinpol/production/full6f_365gev_ee_ttbar_spinpol_v1/phase11_diagnostics/excess_weight_rootcause_v1/ttbar_restricted_region_suite_v1/restricted/20260816T232058Z_WT_A15xS8_F012_FCC_np1_v1p0p2/fixed/A08_S5/F0/console.log	1
C_A08_S5_F1	fixed	A08_S5_F1	A08_S5	A08	F1	S5	531087687	197846737	"4:250000:""gw"""	"1:600000:"""""				/eos/user/c/cglenn/FCCWork/whizard/whizard_ttbar_spinpol/production/full6f_365gev_ee_ttbar_spinpol_v1/phase11_diagnostics/excess_weight_rootcause_v1/ttbar_restricted_region_suite_v1/restricted/20260816T232058Z_WT_A15xS8_F012_FCC_np1_v1p0p2/fixed/A08_S5/F1	PASS	PASS	0	516cd15ab307b2e2200ab836ba104f2b55e21d3edc8455005dec435b7310526b	534db9d39313d05d516f36e001e7fa8c91919d7cdee38d954970a4505a3e514f	fd50448c86d87ed468b8e8320d776014eafc8d7f1c039498f495440bf7f51ec7	1	0	1	/eos/user/c/cglenn/FCCWork/whizard/whizard_ttbar_spinpol/production/full6f_365gev_ee_ttbar_spinpol_v1/phase11_diagnostics/excess_weight_rootcause_v1/ttbar_restricted_region_suite_v1/restricted/20260816T232058Z_WT_A15xS8_F012_FCC_np1_v1p0p2/fixed/A08_S5/F1/console.log	1
C_A08_S5_F2	fixed	A08_S5_F2	A08_S5	A08	F2	S5	531087687	197846737	"4:250000:""gw"""	"1:2000000:"""""				/eos/user/c/cglenn/FCCWork/whizard/whizard_ttbar_spinpol/production/full6f_365gev_ee_ttbar_spinpol_v1/phase11_diagnostics/excess_weight_rootcause_v1/ttbar_restricted_region_suite_v1/restricted/20260816T232058Z_WT_A15xS8_F012_FCC_np1_v1p0p2/fixed/A08_S5/F2	PASS	PASS	0	516cd15ab307b2e2200ab836ba104f2b55e21d3edc8455005dec435b7310526b	91054ebd6eaacdb190217b9db547bfa39d527e55a59d93a67385e16008de9789	fd50448c86d87ed468b8e8320d776014eafc8d7f1c039498f495440bf7f51ec7	1	0	1	/eos/user/c/cglenn/FCCWork/whizard/whizard_ttbar_spinpol/production/full6f_365gev_ee_ttbar_spinpol_v1/phase11_diagnostics/excess_weight_rootcause_v1/ttbar_restricted_region_suite_v1/restricted/20260816T232058Z_WT_A15xS8_F012_FCC_np1_v1p0p2/fixed/A08_S5/F2/console.log	1
P_A08_S6	adaptive	A08_S6		A08		S6	519963689	958460417	"4:250000:""gw"""					/eos/user/c/cglenn/FCCWork/whizard/whizard_ttbar_spinpol/production/full6f_365gev_ee_ttbar_spinpol_v1/phase11_diagnostics/excess_weight_rootcause_v1/ttbar_restricted_region_suite_v1/restricted/20260816T232058Z_WT_A15xS8_F012_FCC_np1_v1p0p2/adaptive/A08_S6	PASS	PASS	0	516cd15ab307b2e2200ab836ba104f2b55e21d3edc8455005dec435b7310526b	7841ed61ed6da7c7813215e7f8178d22da318de59439efa690502ec0c1400a47		0	1		/eos/user/c/cglenn/FCCWork/whizard/whizard_ttbar_spinpol/production/full6f_365gev_ee_ttbar_spinpol_v1/phase11_diagnostics/excess_weight_rootcause_v1/ttbar_restricted_region_suite_v1/restricted/20260816T232058Z_WT_A15xS8_F012_FCC_np1_v1p0p2/adaptive/A08_S6/console.log	1
C_A08_S6_F0	fixed	A08_S6_F0	A08_S6	A08	F0	S6	519963689	958460417	"4:250000:""gw"""	"3:200000:"""""				/eos/user/c/cglenn/FCCWork/whizard/whizard_ttbar_spinpol/production/full6f_365gev_ee_ttbar_spinpol_v1/phase11_diagnostics/excess_weight_rootcause_v1/ttbar_restricted_region_suite_v1/restricted/20260816T232058Z_WT_A15xS8_F012_FCC_np1_v1p0p2/fixed/A08_S6/F0	PASS	PASS	0	516cd15ab307b2e2200ab836ba104f2b55e21d3edc8455005dec435b7310526b	aa70dd038a5500cbb3ee1156b72e5d518bdae93dea3fb8c1d9f73a78b1f82bc9	7841ed61ed6da7c7813215e7f8178d22da318de59439efa690502ec0c1400a47	1	0	1	/eos/user/c/cglenn/FCCWork/whizard/whizard_ttbar_spinpol/production/full6f_365gev_ee_ttbar_spinpol_v1/phase11_diagnostics/excess_weight_rootcause_v1/ttbar_restricted_region_suite_v1/restricted/20260816T232058Z_WT_A15xS8_F012_FCC_np1_v1p0p2/fixed/A08_S6/F0/console.log	1
C_A08_S6_F1	fixed	A08_S6_F1	A08_S6	A08	F1	S6	519963689	958460417	"4:250000:""gw"""	"1:600000:"""""				/eos/user/c/cglenn/FCCWork/whizard/whizard_ttbar_spinpol/production/full6f_365gev_ee_ttbar_spinpol_v1/phase11_diagnostics/excess_weight_rootcause_v1/ttbar_restricted_region_suite_v1/restricted/20260816T232058Z_WT_A15xS8_F012_FCC_np1_v1p0p2/fixed/A08_S6/F1	PASS	PASS	0	516cd15ab307b2e2200ab836ba104f2b55e21d3edc8455005dec435b7310526b	1fde34d8645ea036d5b1c3ad2f9b7e621246b9d4e5255b7498892c09a291489c	7841ed61ed6da7c7813215e7f8178d22da318de59439efa690502ec0c1400a47	1	0	1	/eos/user/c/cglenn/FCCWork/whizard/whizard_ttbar_spinpol/production/full6f_365gev_ee_ttbar_spinpol_v1/phase11_diagnostics/excess_weight_rootcause_v1/ttbar_restricted_region_suite_v1/restricted/20260816T232058Z_WT_A15xS8_F012_FCC_np1_v1p0p2/fixed/A08_S6/F1/console.log	1
C_A08_S6_F2	fixed	A08_S6_F2	A08_S6	A08	F2	S6	519963689	958460417	"4:250000:""gw"""	"1:2000000:"""""				/eos/user/c/cglenn/FCCWork/whizard/whizard_ttbar_spinpol/production/full6f_365gev_ee_ttbar_spinpol_v1/phase11_diagnostics/excess_weight_rootcause_v1/ttbar_restricted_region_suite_v1/restricted/20260816T232058Z_WT_A15xS8_F012_FCC_np1_v1p0p2/fixed/A08_S6/F2	PASS	PASS	0	516cd15ab307b2e2200ab836ba104f2b55e21d3edc8455005dec435b7310526b	a484c1ebb18d32335462e65fb567cb4a81fc5edd2290d69962c65b3af804a4db	7841ed61ed6da7c7813215e7f8178d22da318de59439efa690502ec0c1400a47	1	0	1	/eos/user/c/cglenn/FCCWork/whizard/whizard_ttbar_spinpol/production/full6f_365gev_ee_ttbar_spinpol_v1/phase11_diagnostics/excess_weight_rootcause_v1/ttbar_restricted_region_suite_v1/restricted/20260816T232058Z_WT_A15xS8_F012_FCC_np1_v1p0p2/fixed/A08_S6/F2/console.log	1
P_A08_S7	adaptive	A08_S7		A08		S7	1552803368	239117595	"4:250000:""gw"""					/eos/user/c/cglenn/FCCWork/whizard/whizard_ttbar_spinpol/production/full6f_365gev_ee_ttbar_spinpol_v1/phase11_diagnostics/excess_weight_rootcause_v1/ttbar_restricted_region_suite_v1/restricted/20260816T232058Z_WT_A15xS8_F012_FCC_np1_v1p0p2/adaptive/A08_S7	PASS	PASS	0	516cd15ab307b2e2200ab836ba104f2b55e21d3edc8455005dec435b7310526b	6e7fa13b285a05eff0228e31b1a67aa4db759d106344846efa83e7c6010400d8		0	1		/eos/user/c/cglenn/FCCWork/whizard/whizard_ttbar_spinpol/production/full6f_365gev_ee_ttbar_spinpol_v1/phase11_diagnostics/excess_weight_rootcause_v1/ttbar_restricted_region_suite_v1/restricted/20260816T232058Z_WT_A15xS8_F012_FCC_np1_v1p0p2/adaptive/A08_S7/console.log	1
C_A08_S7_F0	fixed	A08_S7_F0	A08_S7	A08	F0	S7	1552803368	239117595	"4:250000:""gw"""	"3:200000:"""""				/eos/user/c/cglenn/FCCWork/whizard/whizard_ttbar_spinpol/production/full6f_365gev_ee_ttbar_spinpol_v1/phase11_diagnostics/excess_weight_rootcause_v1/ttbar_restricted_region_suite_v1/restricted/20260816T232058Z_WT_A15xS8_F012_FCC_np1_v1p0p2/fixed/A08_S7/F0	PASS	PASS	0	516cd15ab307b2e2200ab836ba104f2b55e21d3edc8455005dec435b7310526b	2f4640400c9826f04f5f0624d39d10f0370864e2ed975891a0f70f97407df5c8	6e7fa13b285a05eff0228e31b1a67aa4db759d106344846efa83e7c6010400d8	1	0	1	/eos/user/c/cglenn/FCCWork/whizard/whizard_ttbar_spinpol/production/full6f_365gev_ee_ttbar_spinpol_v1/phase11_diagnostics/excess_weight_rootcause_v1/ttbar_restricted_region_suite_v1/restricted/20260816T232058Z_WT_A15xS8_F012_FCC_np1_v1p0p2/fixed/A08_S7/F0/console.log	1
C_A08_S7_F1	fixed	A08_S7_F1	A08_S7	A08	F1	S7	1552803368	239117595	"4:250000:""gw"""	"1:600000:"""""				/eos/user/c/cglenn/FCCWork/whizard/whizard_ttbar_spinpol/production/full6f_365gev_ee_ttbar_spinpol_v1/phase11_diagnostics/excess_weight_rootcause_v1/ttbar_restricted_region_suite_v1/restricted/20260816T232058Z_WT_A15xS8_F012_FCC_np1_v1p0p2/fixed/A08_S7/F1	PASS	PASS	0	516cd15ab307b2e2200ab836ba104f2b55e21d3edc8455005dec435b7310526b	abc4051b2f88afe247f012e72f3822b02273c93e9d63ff8afa52687728d4b1e5	6e7fa13b285a05eff0228e31b1a67aa4db759d106344846efa83e7c6010400d8	1	0	1	/eos/user/c/cglenn/FCCWork/whizard/whizard_ttbar_spinpol/production/full6f_365gev_ee_ttbar_spinpol_v1/phase11_diagnostics/excess_weight_rootcause_v1/ttbar_restricted_region_suite_v1/restricted/20260816T232058Z_WT_A15xS8_F012_FCC_np1_v1p0p2/fixed/A08_S7/F1/console.log	1
C_A08_S7_F2	fixed	A08_S7_F2	A08_S7	A08	F2	S7	1552803368	239117595	"4:250000:""gw"""	"1:2000000:"""""				/eos/user/c/cglenn/FCCWork/whizard/whizard_ttbar_spinpol/production/full6f_365gev_ee_ttbar_spinpol_v1/phase11_diagnostics/excess_weight_rootcause_v1/ttbar_restricted_region_suite_v1/restricted/20260816T232058Z_WT_A15xS8_F012_FCC_np1_v1p0p2/fixed/A08_S7/F2	PASS	PASS	0	516cd15ab307b2e2200ab836ba104f2b55e21d3edc8455005dec435b7310526b	4de1f33f51ff60cd652b9d08a1aa5db3c8a43387901e361ac1002ac7f0e8bc0c	6e7fa13b285a05eff0228e31b1a67aa4db759d106344846efa83e7c6010400d8	1	0	1	/eos/user/c/cglenn/FCCWork/whizard/whizard_ttbar_spinpol/production/full6f_365gev_ee_ttbar_spinpol_v1/phase11_diagnostics/excess_weight_rootcause_v1/ttbar_restricted_region_suite_v1/restricted/20260816T232058Z_WT_A15xS8_F012_FCC_np1_v1p0p2/fixed/A08_S7/F2/console.log	1
P_A09_S0	adaptive	A09_S0		A09		S0	1740114216	648318690	"2:500000:""gw"""					/eos/user/c/cglenn/FCCWork/whizard/whizard_ttbar_spinpol/production/full6f_365gev_ee_ttbar_spinpol_v1/phase11_diagnostics/excess_weight_rootcause_v1/ttbar_restricted_region_suite_v1/restricted/20260816T232058Z_WT_A15xS8_F012_FCC_np1_v1p0p2/adaptive/A09_S0	PASS	PASS	0	516cd15ab307b2e2200ab836ba104f2b55e21d3edc8455005dec435b7310526b	a83929a5c3a4eafa7df0198c9728b60be10e1ed77dec69091c71563a1df1fff8		0	1		/eos/user/c/cglenn/FCCWork/whizard/whizard_ttbar_spinpol/production/full6f_365gev_ee_ttbar_spinpol_v1/phase11_diagnostics/excess_weight_rootcause_v1/ttbar_restricted_region_suite_v1/restricted/20260816T232058Z_WT_A15xS8_F012_FCC_np1_v1p0p2/adaptive/A09_S0/console.log	1
C_A09_S0_F0	fixed	A09_S0_F0	A09_S0	A09	F0	S0	1740114216	648318690	"2:500000:""gw"""	"3:200000:"""""				/eos/user/c/cglenn/FCCWork/whizard/whizard_ttbar_spinpol/production/full6f_365gev_ee_ttbar_spinpol_v1/phase11_diagnostics/excess_weight_rootcause_v1/ttbar_restricted_region_suite_v1/restricted/20260816T232058Z_WT_A15xS8_F012_FCC_np1_v1p0p2/fixed/A09_S0/F0	PASS	PASS	0	516cd15ab307b2e2200ab836ba104f2b55e21d3edc8455005dec435b7310526b	95d2963bb5bc0cf8cf6758a8522b684e69bb98c042f42a5608f6c2832d39b12f	a83929a5c3a4eafa7df0198c9728b60be10e1ed77dec69091c71563a1df1fff8	1	0	1	/eos/user/c/cglenn/FCCWork/whizard/whizard_ttbar_spinpol/production/full6f_365gev_ee_ttbar_spinpol_v1/phase11_diagnostics/excess_weight_rootcause_v1/ttbar_restricted_region_suite_v1/restricted/20260816T232058Z_WT_A15xS8_F012_FCC_np1_v1p0p2/fixed/A09_S0/F0/console.log	1
C_A09_S0_F1	fixed	A09_S0_F1	A09_S0	A09	F1	S0	1740114216	648318690	"2:500000:""gw"""	"1:600000:"""""				/eos/user/c/cglenn/FCCWork/whizard/whizard_ttbar_spinpol/production/full6f_365gev_ee_ttbar_spinpol_v1/phase11_diagnostics/excess_weight_rootcause_v1/ttbar_restricted_region_suite_v1/restricted/20260816T232058Z_WT_A15xS8_F012_FCC_np1_v1p0p2/fixed/A09_S0/F1	PASS	PASS	0	516cd15ab307b2e2200ab836ba104f2b55e21d3edc8455005dec435b7310526b	3345280f2b82de0a050c1db567c0e35402db7112f088fc2dbb580c94f198d269	a83929a5c3a4eafa7df0198c9728b60be10e1ed77dec69091c71563a1df1fff8	1	0	1	/eos/user/c/cglenn/FCCWork/whizard/whizard_ttbar_spinpol/production/full6f_365gev_ee_ttbar_spinpol_v1/phase11_diagnostics/excess_weight_rootcause_v1/ttbar_restricted_region_suite_v1/restricted/20260816T232058Z_WT_A15xS8_F012_FCC_np1_v1p0p2/fixed/A09_S0/F1/console.log	1
C_A09_S0_F2	fixed	A09_S0_F2	A09_S0	A09	F2	S0	1740114216	648318690	"2:500000:""gw"""	"1:2000000:"""""				/eos/user/c/cglenn/FCCWork/whizard/whizard_ttbar_spinpol/production/full6f_365gev_ee_ttbar_spinpol_v1/phase11_diagnostics/excess_weight_rootcause_v1/ttbar_restricted_region_suite_v1/restricted/20260816T232058Z_WT_A15xS8_F012_FCC_np1_v1p0p2/fixed/A09_S0/F2	PASS	PASS	0	516cd15ab307b2e2200ab836ba104f2b55e21d3edc8455005dec435b7310526b	b049ff82979daa502baa5ac4deb7c87b4e4e516ad216919157a296734014b34a	a83929a5c3a4eafa7df0198c9728b60be10e1ed77dec69091c71563a1df1fff8	1	0	1	/eos/user/c/cglenn/FCCWork/whizard/whizard_ttbar_spinpol/production/full6f_365gev_ee_ttbar_spinpol_v1/phase11_diagnostics/excess_weight_rootcause_v1/ttbar_restricted_region_suite_v1/restricted/20260816T232058Z_WT_A15xS8_F012_FCC_np1_v1p0p2/fixed/A09_S0/F2/console.log	1
P_A09_S1	adaptive	A09_S1		A09		S1	1751949026	1404282457	"2:500000:""gw"""					/eos/user/c/cglenn/FCCWork/whizard/whizard_ttbar_spinpol/production/full6f_365gev_ee_ttbar_spinpol_v1/phase11_diagnostics/excess_weight_rootcause_v1/ttbar_restricted_region_suite_v1/restricted/20260816T232058Z_WT_A15xS8_F012_FCC_np1_v1p0p2/adaptive/A09_S1	PASS	PASS	0	516cd15ab307b2e2200ab836ba104f2b55e21d3edc8455005dec435b7310526b	24d8c09088c962d9d7c95fcb2ea22055abb8cb6fd03c130edbf3219e0c24aae4		0	1		/eos/user/c/cglenn/FCCWork/whizard/whizard_ttbar_spinpol/production/full6f_365gev_ee_ttbar_spinpol_v1/phase11_diagnostics/excess_weight_rootcause_v1/ttbar_restricted_region_suite_v1/restricted/20260816T232058Z_WT_A15xS8_F012_FCC_np1_v1p0p2/adaptive/A09_S1/console.log	1
C_A09_S1_F0	fixed	A09_S1_F0	A09_S1	A09	F0	S1	1751949026	1404282457	"2:500000:""gw"""	"3:200000:"""""				/eos/user/c/cglenn/FCCWork/whizard/whizard_ttbar_spinpol/production/full6f_365gev_ee_ttbar_spinpol_v1/phase11_diagnostics/excess_weight_rootcause_v1/ttbar_restricted_region_suite_v1/restricted/20260816T232058Z_WT_A15xS8_F012_FCC_np1_v1p0p2/fixed/A09_S1/F0	PASS	PASS	0	516cd15ab307b2e2200ab836ba104f2b55e21d3edc8455005dec435b7310526b	23ffe4d828ac52900adbe15db7c98f3788daa14d2b98e3691ee2edf1582f3cfa	24d8c09088c962d9d7c95fcb2ea22055abb8cb6fd03c130edbf3219e0c24aae4	1	0	1	/eos/user/c/cglenn/FCCWork/whizard/whizard_ttbar_spinpol/production/full6f_365gev_ee_ttbar_spinpol_v1/phase11_diagnostics/excess_weight_rootcause_v1/ttbar_restricted_region_suite_v1/restricted/20260816T232058Z_WT_A15xS8_F012_FCC_np1_v1p0p2/fixed/A09_S1/F0/console.log	1
C_A09_S1_F1	fixed	A09_S1_F1	A09_S1	A09	F1	S1	1751949026	1404282457	"2:500000:""gw"""	"1:600000:"""""				/eos/user/c/cglenn/FCCWork/whizard/whizard_ttbar_spinpol/production/full6f_365gev_ee_ttbar_spinpol_v1/phase11_diagnostics/excess_weight_rootcause_v1/ttbar_restricted_region_suite_v1/restricted/20260816T232058Z_WT_A15xS8_F012_FCC_np1_v1p0p2/fixed/A09_S1/F1	PASS	PASS	0	516cd15ab307b2e2200ab836ba104f2b55e21d3edc8455005dec435b7310526b	31bb67b4acb57de9659520171ab761117b6653309dd94c09942bf6f111a6e337	24d8c09088c962d9d7c95fcb2ea22055abb8cb6fd03c130edbf3219e0c24aae4	1	0	1	/eos/user/c/cglenn/FCCWork/whizard/whizard_ttbar_spinpol/production/full6f_365gev_ee_ttbar_spinpol_v1/phase11_diagnostics/excess_weight_rootcause_v1/ttbar_restricted_region_suite_v1/restricted/20260816T232058Z_WT_A15xS8_F012_FCC_np1_v1p0p2/fixed/A09_S1/F1/console.log	1
C_A09_S1_F2	fixed	A09_S1_F2	A09_S1	A09	F2	S1	1751949026	1404282457	"2:500000:""gw"""	"1:2000000:"""""				/eos/user/c/cglenn/FCCWork/whizard/whizard_ttbar_spinpol/production/full6f_365gev_ee_ttbar_spinpol_v1/phase11_diagnostics/excess_weight_rootcause_v1/ttbar_restricted_region_suite_v1/restricted/20260816T232058Z_WT_A15xS8_F012_FCC_np1_v1p0p2/fixed/A09_S1/F2	PASS	PASS	0	516cd15ab307b2e2200ab836ba104f2b55e21d3edc8455005dec435b7310526b	ff432af565cd3a220e818a24dc893c575d05708f467f32d42aebc319af534164	24d8c09088c962d9d7c95fcb2ea22055abb8cb6fd03c130edbf3219e0c24aae4	1	0	1	/eos/user/c/cglenn/FCCWork/whizard/whizard_ttbar_spinpol/production/full6f_365gev_ee_ttbar_spinpol_v1/phase11_diagnostics/excess_weight_rootcause_v1/ttbar_restricted_region_suite_v1/restricted/20260816T232058Z_WT_A15xS8_F012_FCC_np1_v1p0p2/fixed/A09_S1/F2/console.log	1
P_A09_S2	adaptive	A09_S2		A09		S2	1885084773	1596606550	"2:500000:""gw"""					/eos/user/c/cglenn/FCCWork/whizard/whizard_ttbar_spinpol/production/full6f_365gev_ee_ttbar_spinpol_v1/phase11_diagnostics/excess_weight_rootcause_v1/ttbar_restricted_region_suite_v1/restricted/20260816T232058Z_WT_A15xS8_F012_FCC_np1_v1p0p2/adaptive/A09_S2	PASS	PASS	0	516cd15ab307b2e2200ab836ba104f2b55e21d3edc8455005dec435b7310526b	f584cac081d0d2f73bad9cba68edcbe110d5eee96a046a2826cf0d2aa68aed32		0	1		/eos/user/c/cglenn/FCCWork/whizard/whizard_ttbar_spinpol/production/full6f_365gev_ee_ttbar_spinpol_v1/phase11_diagnostics/excess_weight_rootcause_v1/ttbar_restricted_region_suite_v1/restricted/20260816T232058Z_WT_A15xS8_F012_FCC_np1_v1p0p2/adaptive/A09_S2/console.log	1
C_A09_S2_F0	fixed	A09_S2_F0	A09_S2	A09	F0	S2	1885084773	1596606550	"2:500000:""gw"""	"3:200000:"""""				/eos/user/c/cglenn/FCCWork/whizard/whizard_ttbar_spinpol/production/full6f_365gev_ee_ttbar_spinpol_v1/phase11_diagnostics/excess_weight_rootcause_v1/ttbar_restricted_region_suite_v1/restricted/20260816T232058Z_WT_A15xS8_F012_FCC_np1_v1p0p2/fixed/A09_S2/F0	PASS	PASS	0	516cd15ab307b2e2200ab836ba104f2b55e21d3edc8455005dec435b7310526b	9c55817d483cfb2f5ea3f74a32d4455eda7396c04219a150fb1881faf8e89c33	f584cac081d0d2f73bad9cba68edcbe110d5eee96a046a2826cf0d2aa68aed32	1	0	1	/eos/user/c/cglenn/FCCWork/whizard/whizard_ttbar_spinpol/production/full6f_365gev_ee_ttbar_spinpol_v1/phase11_diagnostics/excess_weight_rootcause_v1/ttbar_restricted_region_suite_v1/restricted/20260816T232058Z_WT_A15xS8_F012_FCC_np1_v1p0p2/fixed/A09_S2/F0/console.log	1
C_A09_S2_F1	fixed	A09_S2_F1	A09_S2	A09	F1	S2	1885084773	1596606550	"2:500000:""gw"""	"1:600000:"""""				/eos/user/c/cglenn/FCCWork/whizard/whizard_ttbar_spinpol/production/full6f_365gev_ee_ttbar_spinpol_v1/phase11_diagnostics/excess_weight_rootcause_v1/ttbar_restricted_region_suite_v1/restricted/20260816T232058Z_WT_A15xS8_F012_FCC_np1_v1p0p2/fixed/A09_S2/F1	PASS	PASS	0	516cd15ab307b2e2200ab836ba104f2b55e21d3edc8455005dec435b7310526b	a4629a57c0b4e6efc15b96d82e2df968b6113989a7960818b5231c40b86fbc8b	f584cac081d0d2f73bad9cba68edcbe110d5eee96a046a2826cf0d2aa68aed32	1	0	1	/eos/user/c/cglenn/FCCWork/whizard/whizard_ttbar_spinpol/production/full6f_365gev_ee_ttbar_spinpol_v1/phase11_diagnostics/excess_weight_rootcause_v1/ttbar_restricted_region_suite_v1/restricted/20260816T232058Z_WT_A15xS8_F012_FCC_np1_v1p0p2/fixed/A09_S2/F1/console.log	1
C_A09_S2_F2	fixed	A09_S2_F2	A09_S2	A09	F2	S2	1885084773	1596606550	"2:500000:""gw"""	"1:2000000:"""""				/eos/user/c/cglenn/FCCWork/whizard/whizard_ttbar_spinpol/production/full6f_365gev_ee_ttbar_spinpol_v1/phase11_diagnostics/excess_weight_rootcause_v1/ttbar_restricted_region_suite_v1/restricted/20260816T232058Z_WT_A15xS8_F012_FCC_np1_v1p0p2/fixed/A09_S2/F2	PASS	PASS	0	516cd15ab307b2e2200ab836ba104f2b55e21d3edc8455005dec435b7310526b	984b09aaac4a30859486e718bf2c6a57365d44d1492a8b0d2a4cb240def79cec	f584cac081d0d2f73bad9cba68edcbe110d5eee96a046a2826cf0d2aa68aed32	1	0	1	/eos/user/c/cglenn/FCCWork/whizard/whizard_ttbar_spinpol/production/full6f_365gev_ee_ttbar_spinpol_v1/phase11_diagnostics/excess_weight_rootcause_v1/ttbar_restricted_region_suite_v1/restricted/20260816T232058Z_WT_A15xS8_F012_FCC_np1_v1p0p2/fixed/A09_S2/F2/console.log	1
P_A09_S3	adaptive	A09_S3		A09		S3	134326786	769890491	"2:500000:""gw"""					/eos/user/c/cglenn/FCCWork/whizard/whizard_ttbar_spinpol/production/full6f_365gev_ee_ttbar_spinpol_v1/phase11_diagnostics/excess_weight_rootcause_v1/ttbar_restricted_region_suite_v1/restricted/20260816T232058Z_WT_A15xS8_F012_FCC_np1_v1p0p2/adaptive/A09_S3	PASS	PASS	0	516cd15ab307b2e2200ab836ba104f2b55e21d3edc8455005dec435b7310526b	9a9d1215815fd254ebbfe0330de9379f412a1e19e905ae752c370b220c4d8a76		0	1		/eos/user/c/cglenn/FCCWork/whizard/whizard_ttbar_spinpol/production/full6f_365gev_ee_ttbar_spinpol_v1/phase11_diagnostics/excess_weight_rootcause_v1/ttbar_restricted_region_suite_v1/restricted/20260816T232058Z_WT_A15xS8_F012_FCC_np1_v1p0p2/adaptive/A09_S3/console.log	1
C_A09_S3_F0	fixed	A09_S3_F0	A09_S3	A09	F0	S3	134326786	769890491	"2:500000:""gw"""	"3:200000:"""""				/eos/user/c/cglenn/FCCWork/whizard/whizard_ttbar_spinpol/production/full6f_365gev_ee_ttbar_spinpol_v1/phase11_diagnostics/excess_weight_rootcause_v1/ttbar_restricted_region_suite_v1/restricted/20260816T232058Z_WT_A15xS8_F012_FCC_np1_v1p0p2/fixed/A09_S3/F0	PASS	PASS	0	516cd15ab307b2e2200ab836ba104f2b55e21d3edc8455005dec435b7310526b	732d05520e4120e2258725c693ebe30c687f571936c23aa59f52e6ef920855b7	9a9d1215815fd254ebbfe0330de9379f412a1e19e905ae752c370b220c4d8a76	1	0	1	/eos/user/c/cglenn/FCCWork/whizard/whizard_ttbar_spinpol/production/full6f_365gev_ee_ttbar_spinpol_v1/phase11_diagnostics/excess_weight_rootcause_v1/ttbar_restricted_region_suite_v1/restricted/20260816T232058Z_WT_A15xS8_F012_FCC_np1_v1p0p2/fixed/A09_S3/F0/console.log	1
C_A09_S3_F1	fixed	A09_S3_F1	A09_S3	A09	F1	S3	134326786	769890491	"2:500000:""gw"""	"1:600000:"""""				/eos/user/c/cglenn/FCCWork/whizard/whizard_ttbar_spinpol/production/full6f_365gev_ee_ttbar_spinpol_v1/phase11_diagnostics/excess_weight_rootcause_v1/ttbar_restricted_region_suite_v1/restricted/20260816T232058Z_WT_A15xS8_F012_FCC_np1_v1p0p2/fixed/A09_S3/F1	PASS	PASS	0	516cd15ab307b2e2200ab836ba104f2b55e21d3edc8455005dec435b7310526b	2c3339208dc8e1d371063911b58de50cf73060d3a8f359d8f64600c1e0bb6555	9a9d1215815fd254ebbfe0330de9379f412a1e19e905ae752c370b220c4d8a76	1	0	1	/eos/user/c/cglenn/FCCWork/whizard/whizard_ttbar_spinpol/production/full6f_365gev_ee_ttbar_spinpol_v1/phase11_diagnostics/excess_weight_rootcause_v1/ttbar_restricted_region_suite_v1/restricted/20260816T232058Z_WT_A15xS8_F012_FCC_np1_v1p0p2/fixed/A09_S3/F1/console.log	1
C_A09_S3_F2	fixed	A09_S3_F2	A09_S3	A09	F2	S3	134326786	769890491	"2:500000:""gw"""	"1:2000000:"""""				/eos/user/c/cglenn/FCCWork/whizard/whizard_ttbar_spinpol/production/full6f_365gev_ee_ttbar_spinpol_v1/phase11_diagnostics/excess_weight_rootcause_v1/ttbar_restricted_region_suite_v1/restricted/20260816T232058Z_WT_A15xS8_F012_FCC_np1_v1p0p2/fixed/A09_S3/F2	PASS	PASS	0	516cd15ab307b2e2200ab836ba104f2b55e21d3edc8455005dec435b7310526b	b131912013baa1a01920af568c2508274ea25a7cfb6124cdfd1e1353b87c943b	9a9d1215815fd254ebbfe0330de9379f412a1e19e905ae752c370b220c4d8a76	1	0	1	/eos/user/c/cglenn/FCCWork/whizard/whizard_ttbar_spinpol/production/full6f_365gev_ee_ttbar_spinpol_v1/phase11_diagnostics/excess_weight_rootcause_v1/ttbar_restricted_region_suite_v1/restricted/20260816T232058Z_WT_A15xS8_F012_FCC_np1_v1p0p2/fixed/A09_S3/F2/console.log	1
P_A09_S4	adaptive	A09_S4		A09		S4	249371675	462903030	"2:500000:""gw"""					/eos/user/c/cglenn/FCCWork/whizard/whizard_ttbar_spinpol/production/full6f_365gev_ee_ttbar_spinpol_v1/phase11_diagnostics/excess_weight_rootcause_v1/ttbar_restricted_region_suite_v1/restricted/20260816T232058Z_WT_A15xS8_F012_FCC_np1_v1p0p2/adaptive/A09_S4	PASS	PASS	0	516cd15ab307b2e2200ab836ba104f2b55e21d3edc8455005dec435b7310526b	ae3a35b41f2f238b9b8fb0ee94c6f274f755dfa0914aed20060e6da6870b348a		0	1		/eos/user/c/cglenn/FCCWork/whizard/whizard_ttbar_spinpol/production/full6f_365gev_ee_ttbar_spinpol_v1/phase11_diagnostics/excess_weight_rootcause_v1/ttbar_restricted_region_suite_v1/restricted/20260816T232058Z_WT_A15xS8_F012_FCC_np1_v1p0p2/adaptive/A09_S4/console.log	1
C_A09_S4_F0	fixed	A09_S4_F0	A09_S4	A09	F0	S4	249371675	462903030	"2:500000:""gw"""	"3:200000:"""""				/eos/user/c/cglenn/FCCWork/whizard/whizard_ttbar_spinpol/production/full6f_365gev_ee_ttbar_spinpol_v1/phase11_diagnostics/excess_weight_rootcause_v1/ttbar_restricted_region_suite_v1/restricted/20260816T232058Z_WT_A15xS8_F012_FCC_np1_v1p0p2/fixed/A09_S4/F0	PASS	PASS	0	516cd15ab307b2e2200ab836ba104f2b55e21d3edc8455005dec435b7310526b	78b9dbd51c4d43974207bd68075583627bde8519bbc311744eb4f90a93cb994a	ae3a35b41f2f238b9b8fb0ee94c6f274f755dfa0914aed20060e6da6870b348a	1	0	1	/eos/user/c/cglenn/FCCWork/whizard/whizard_ttbar_spinpol/production/full6f_365gev_ee_ttbar_spinpol_v1/phase11_diagnostics/excess_weight_rootcause_v1/ttbar_restricted_region_suite_v1/restricted/20260816T232058Z_WT_A15xS8_F012_FCC_np1_v1p0p2/fixed/A09_S4/F0/console.log	1
C_A09_S4_F1	fixed	A09_S4_F1	A09_S4	A09	F1	S4	249371675	462903030	"2:500000:""gw"""	"1:600000:"""""				/eos/user/c/cglenn/FCCWork/whizard/whizard_ttbar_spinpol/production/full6f_365gev_ee_ttbar_spinpol_v1/phase11_diagnostics/excess_weight_rootcause_v1/ttbar_restricted_region_suite_v1/restricted/20260816T232058Z_WT_A15xS8_F012_FCC_np1_v1p0p2/fixed/A09_S4/F1	PASS	PASS	0	516cd15ab307b2e2200ab836ba104f2b55e21d3edc8455005dec435b7310526b	cf01f9a3ae9750e3dec77f23ba62d49ec4649f01d6f6564e456bfb1f14baacf0	ae3a35b41f2f238b9b8fb0ee94c6f274f755dfa0914aed20060e6da6870b348a	1	0	1	/eos/user/c/cglenn/FCCWork/whizard/whizard_ttbar_spinpol/production/full6f_365gev_ee_ttbar_spinpol_v1/phase11_diagnostics/excess_weight_rootcause_v1/ttbar_restricted_region_suite_v1/restricted/20260816T232058Z_WT_A15xS8_F012_FCC_np1_v1p0p2/fixed/A09_S4/F1/console.log	1
C_A09_S4_F2	fixed	A09_S4_F2	A09_S4	A09	F2	S4	249371675	462903030	"2:500000:""gw"""	"1:2000000:"""""				/eos/user/c/cglenn/FCCWork/whizard/whizard_ttbar_spinpol/production/full6f_365gev_ee_ttbar_spinpol_v1/phase11_diagnostics/excess_weight_rootcause_v1/ttbar_restricted_region_suite_v1/restricted/20260816T232058Z_WT_A15xS8_F012_FCC_np1_v1p0p2/fixed/A09_S4/F2	PASS	PASS	0	516cd15ab307b2e2200ab836ba104f2b55e21d3edc8455005dec435b7310526b	0e7b4f2ffb5527a0a2cafbbe6ed802acc6095f7efd16993d7b793fe5c6e3e206	ae3a35b41f2f238b9b8fb0ee94c6f274f755dfa0914aed20060e6da6870b348a	1	0	1	/eos/user/c/cglenn/FCCWork/whizard/whizard_ttbar_spinpol/production/full6f_365gev_ee_ttbar_spinpol_v1/phase11_diagnostics/excess_weight_rootcause_v1/ttbar_restricted_region_suite_v1/restricted/20260816T232058Z_WT_A15xS8_F012_FCC_np1_v1p0p2/fixed/A09_S4/F2/console.log	1
P_A09_S5	adaptive	A09_S5		A09		S5	531087687	197846737	"2:500000:""gw"""					/eos/user/c/cglenn/FCCWork/whizard/whizard_ttbar_spinpol/production/full6f_365gev_ee_ttbar_spinpol_v1/phase11_diagnostics/excess_weight_rootcause_v1/ttbar_restricted_region_suite_v1/restricted/20260816T232058Z_WT_A15xS8_F012_FCC_np1_v1p0p2/adaptive/A09_S5	PASS	PASS	0	516cd15ab307b2e2200ab836ba104f2b55e21d3edc8455005dec435b7310526b	7105a2e52f11b1c075efea8d0b160063ed62b2eeb8dce440be66ceda55e0d735		0	1		/eos/user/c/cglenn/FCCWork/whizard/whizard_ttbar_spinpol/production/full6f_365gev_ee_ttbar_spinpol_v1/phase11_diagnostics/excess_weight_rootcause_v1/ttbar_restricted_region_suite_v1/restricted/20260816T232058Z_WT_A15xS8_F012_FCC_np1_v1p0p2/adaptive/A09_S5/console.log	1
C_A09_S5_F0	fixed	A09_S5_F0	A09_S5	A09	F0	S5	531087687	197846737	"2:500000:""gw"""	"3:200000:"""""				/eos/user/c/cglenn/FCCWork/whizard/whizard_ttbar_spinpol/production/full6f_365gev_ee_ttbar_spinpol_v1/phase11_diagnostics/excess_weight_rootcause_v1/ttbar_restricted_region_suite_v1/restricted/20260816T232058Z_WT_A15xS8_F012_FCC_np1_v1p0p2/fixed/A09_S5/F0	PASS	PASS	0	516cd15ab307b2e2200ab836ba104f2b55e21d3edc8455005dec435b7310526b	19a72a2bffe26893e4054c499f65b9e216b3decce4240413b5afa9d6bff3441b	7105a2e52f11b1c075efea8d0b160063ed62b2eeb8dce440be66ceda55e0d735	1	0	1	/eos/user/c/cglenn/FCCWork/whizard/whizard_ttbar_spinpol/production/full6f_365gev_ee_ttbar_spinpol_v1/phase11_diagnostics/excess_weight_rootcause_v1/ttbar_restricted_region_suite_v1/restricted/20260816T232058Z_WT_A15xS8_F012_FCC_np1_v1p0p2/fixed/A09_S5/F0/console.log	1
C_A09_S5_F1	fixed	A09_S5_F1	A09_S5	A09	F1	S5	531087687	197846737	"2:500000:""gw"""	"1:600000:"""""				/eos/user/c/cglenn/FCCWork/whizard/whizard_ttbar_spinpol/production/full6f_365gev_ee_ttbar_spinpol_v1/phase11_diagnostics/excess_weight_rootcause_v1/ttbar_restricted_region_suite_v1/restricted/20260816T232058Z_WT_A15xS8_F012_FCC_np1_v1p0p2/fixed/A09_S5/F1	PASS	PASS	0	516cd15ab307b2e2200ab836ba104f2b55e21d3edc8455005dec435b7310526b	ce2dcfdb04ddab6b3c71bd9e999039fc7595ed08bf57f36fe3784483adcabe41	7105a2e52f11b1c075efea8d0b160063ed62b2eeb8dce440be66ceda55e0d735	1	0	1	/eos/user/c/cglenn/FCCWork/whizard/whizard_ttbar_spinpol/production/full6f_365gev_ee_ttbar_spinpol_v1/phase11_diagnostics/excess_weight_rootcause_v1/ttbar_restricted_region_suite_v1/restricted/20260816T232058Z_WT_A15xS8_F012_FCC_np1_v1p0p2/fixed/A09_S5/F1/console.log	1
C_A09_S5_F2	fixed	A09_S5_F2	A09_S5	A09	F2	S5	531087687	197846737	"2:500000:""gw"""	"1:2000000:"""""				/eos/user/c/cglenn/FCCWork/whizard/whizard_ttbar_spinpol/production/full6f_365gev_ee_ttbar_spinpol_v1/phase11_diagnostics/excess_weight_rootcause_v1/ttbar_restricted_region_suite_v1/restricted/20260816T232058Z_WT_A15xS8_F012_FCC_np1_v1p0p2/fixed/A09_S5/F2	PASS	PASS	0	516cd15ab307b2e2200ab836ba104f2b55e21d3edc8455005dec435b7310526b	c1c9cc56bb20bffce47ef907d2abaca602f8a954e7bba61227268800149ba791	7105a2e52f11b1c075efea8d0b160063ed62b2eeb8dce440be66ceda55e0d735	1	0	1	/eos/user/c/cglenn/FCCWork/whizard/whizard_ttbar_spinpol/production/full6f_365gev_ee_ttbar_spinpol_v1/phase11_diagnostics/excess_weight_rootcause_v1/ttbar_restricted_region_suite_v1/restricted/20260816T232058Z_WT_A15xS8_F012_FCC_np1_v1p0p2/fixed/A09_S5/F2/console.log	1
P_A09_S6	adaptive	A09_S6		A09		S6	519963689	958460417	"2:500000:""gw"""					/eos/user/c/cglenn/FCCWork/whizard/whizard_ttbar_spinpol/production/full6f_365gev_ee_ttbar_spinpol_v1/phase11_diagnostics/excess_weight_rootcause_v1/ttbar_restricted_region_suite_v1/restricted/20260816T232058Z_WT_A15xS8_F012_FCC_np1_v1p0p2/adaptive/A09_S6	PASS	PASS	0	516cd15ab307b2e2200ab836ba104f2b55e21d3edc8455005dec435b7310526b	6a3a2b5c5bdc09f39786a3492f357e0f8c8fd94cb2701cc949828e404b8901f0		0	1		/eos/user/c/cglenn/FCCWork/whizard/whizard_ttbar_spinpol/production/full6f_365gev_ee_ttbar_spinpol_v1/phase11_diagnostics/excess_weight_rootcause_v1/ttbar_restricted_region_suite_v1/restricted/20260816T232058Z_WT_A15xS8_F012_FCC_np1_v1p0p2/adaptive/A09_S6/console.log	1
C_A09_S6_F0	fixed	A09_S6_F0	A09_S6	A09	F0	S6	519963689	958460417	"2:500000:""gw"""	"3:200000:"""""				/eos/user/c/cglenn/FCCWork/whizard/whizard_ttbar_spinpol/production/full6f_365gev_ee_ttbar_spinpol_v1/phase11_diagnostics/excess_weight_rootcause_v1/ttbar_restricted_region_suite_v1/restricted/20260816T232058Z_WT_A15xS8_F012_FCC_np1_v1p0p2/fixed/A09_S6/F0	PASS	PASS	0	516cd15ab307b2e2200ab836ba104f2b55e21d3edc8455005dec435b7310526b	606367d1bbd249c57f03938fdc1f11d08e951758ceca933aae355009be837e38	6a3a2b5c5bdc09f39786a3492f357e0f8c8fd94cb2701cc949828e404b8901f0	1	0	1	/eos/user/c/cglenn/FCCWork/whizard/whizard_ttbar_spinpol/production/full6f_365gev_ee_ttbar_spinpol_v1/phase11_diagnostics/excess_weight_rootcause_v1/ttbar_restricted_region_suite_v1/restricted/20260816T232058Z_WT_A15xS8_F012_FCC_np1_v1p0p2/fixed/A09_S6/F0/console.log	1
C_A09_S6_F1	fixed	A09_S6_F1	A09_S6	A09	F1	S6	519963689	958460417	"2:500000:""gw"""	"1:600000:"""""				/eos/user/c/cglenn/FCCWork/whizard/whizard_ttbar_spinpol/production/full6f_365gev_ee_ttbar_spinpol_v1/phase11_diagnostics/excess_weight_rootcause_v1/ttbar_restricted_region_suite_v1/restricted/20260816T232058Z_WT_A15xS8_F012_FCC_np1_v1p0p2/fixed/A09_S6/F1	PASS	PASS	0	516cd15ab307b2e2200ab836ba104f2b55e21d3edc8455005dec435b7310526b	77b981397cf9d39ebbb2644af07007960e42d572dcbed344690087799f693f83	6a3a2b5c5bdc09f39786a3492f357e0f8c8fd94cb2701cc949828e404b8901f0	1	0	1	/eos/user/c/cglenn/FCCWork/whizard/whizard_ttbar_spinpol/production/full6f_365gev_ee_ttbar_spinpol_v1/phase11_diagnostics/excess_weight_rootcause_v1/ttbar_restricted_region_suite_v1/restricted/20260816T232058Z_WT_A15xS8_F012_FCC_np1_v1p0p2/fixed/A09_S6/F1/console.log	1
C_A09_S6_F2	fixed	A09_S6_F2	A09_S6	A09	F2	S6	519963689	958460417	"2:500000:""gw"""	"1:2000000:"""""				/eos/user/c/cglenn/FCCWork/whizard/whizard_ttbar_spinpol/production/full6f_365gev_ee_ttbar_spinpol_v1/phase11_diagnostics/excess_weight_rootcause_v1/ttbar_restricted_region_suite_v1/restricted/20260816T232058Z_WT_A15xS8_F012_FCC_np1_v1p0p2/fixed/A09_S6/F2	PASS	PASS	0	516cd15ab307b2e2200ab836ba104f2b55e21d3edc8455005dec435b7310526b	c4c2142f05e8fd21a97239b8e703e9f558b51f53e962197e3da94ca6aba2b6bc	6a3a2b5c5bdc09f39786a3492f357e0f8c8fd94cb2701cc949828e404b8901f0	1	0	1	/eos/user/c/cglenn/FCCWork/whizard/whizard_ttbar_spinpol/production/full6f_365gev_ee_ttbar_spinpol_v1/phase11_diagnostics/excess_weight_rootcause_v1/ttbar_restricted_region_suite_v1/restricted/20260816T232058Z_WT_A15xS8_F012_FCC_np1_v1p0p2/fixed/A09_S6/F2/console.log	1
P_A09_S7	adaptive	A09_S7		A09		S7	1552803368	239117595	"2:500000:""gw"""					/eos/user/c/cglenn/FCCWork/whizard/whizard_ttbar_spinpol/production/full6f_365gev_ee_ttbar_spinpol_v1/phase11_diagnostics/excess_weight_rootcause_v1/ttbar_restricted_region_suite_v1/restricted/20260816T232058Z_WT_A15xS8_F012_FCC_np1_v1p0p2/adaptive/A09_S7	PASS	PASS	0	516cd15ab307b2e2200ab836ba104f2b55e21d3edc8455005dec435b7310526b	adbe55a5f0827a273b26464f808bb8a191d19194f973dc7f1da71eaa80b25b0b		0	1		/eos/user/c/cglenn/FCCWork/whizard/whizard_ttbar_spinpol/production/full6f_365gev_ee_ttbar_spinpol_v1/phase11_diagnostics/excess_weight_rootcause_v1/ttbar_restricted_region_suite_v1/restricted/20260816T232058Z_WT_A15xS8_F012_FCC_np1_v1p0p2/adaptive/A09_S7/console.log	1
C_A09_S7_F0	fixed	A09_S7_F0	A09_S7	A09	F0	S7	1552803368	239117595	"2:500000:""gw"""	"3:200000:"""""				/eos/user/c/cglenn/FCCWork/whizard/whizard_ttbar_spinpol/production/full6f_365gev_ee_ttbar_spinpol_v1/phase11_diagnostics/excess_weight_rootcause_v1/ttbar_restricted_region_suite_v1/restricted/20260816T232058Z_WT_A15xS8_F012_FCC_np1_v1p0p2/fixed/A09_S7/F0	PASS	PASS	0	516cd15ab307b2e2200ab836ba104f2b55e21d3edc8455005dec435b7310526b	ca394b7f221faf5538b0a5cbbd30f8a397c0d4ee7dfb719f02f9bb39191b06bc	adbe55a5f0827a273b26464f808bb8a191d19194f973dc7f1da71eaa80b25b0b	1	0	1	/eos/user/c/cglenn/FCCWork/whizard/whizard_ttbar_spinpol/production/full6f_365gev_ee_ttbar_spinpol_v1/phase11_diagnostics/excess_weight_rootcause_v1/ttbar_restricted_region_suite_v1/restricted/20260816T232058Z_WT_A15xS8_F012_FCC_np1_v1p0p2/fixed/A09_S7/F0/console.log	1
C_A09_S7_F1	fixed	A09_S7_F1	A09_S7	A09	F1	S7	1552803368	239117595	"2:500000:""gw"""	"1:600000:"""""				/eos/user/c/cglenn/FCCWork/whizard/whizard_ttbar_spinpol/production/full6f_365gev_ee_ttbar_spinpol_v1/phase11_diagnostics/excess_weight_rootcause_v1/ttbar_restricted_region_suite_v1/restricted/20260816T232058Z_WT_A15xS8_F012_FCC_np1_v1p0p2/fixed/A09_S7/F1	PASS	PASS	0	516cd15ab307b2e2200ab836ba104f2b55e21d3edc8455005dec435b7310526b	2756e9b3cae6b85a692835995a4e8ad7715f31470feab3a749721ff9700d0e39	adbe55a5f0827a273b26464f808bb8a191d19194f973dc7f1da71eaa80b25b0b	1	0	1	/eos/user/c/cglenn/FCCWork/whizard/whizard_ttbar_spinpol/production/full6f_365gev_ee_ttbar_spinpol_v1/phase11_diagnostics/excess_weight_rootcause_v1/ttbar_restricted_region_suite_v1/restricted/20260816T232058Z_WT_A15xS8_F012_FCC_np1_v1p0p2/fixed/A09_S7/F1/console.log	1
C_A09_S7_F2	fixed	A09_S7_F2	A09_S7	A09	F2	S7	1552803368	239117595	"2:500000:""gw"""	"1:2000000:"""""				/eos/user/c/cglenn/FCCWork/whizard/whizard_ttbar_spinpol/production/full6f_365gev_ee_ttbar_spinpol_v1/phase11_diagnostics/excess_weight_rootcause_v1/ttbar_restricted_region_suite_v1/restricted/20260816T232058Z_WT_A15xS8_F012_FCC_np1_v1p0p2/fixed/A09_S7/F2	PASS	PASS	0	516cd15ab307b2e2200ab836ba104f2b55e21d3edc8455005dec435b7310526b	8cfece8359c9dee1d29a54dc70475a6a19b475531b9f247612906dc35faf2ce2	adbe55a5f0827a273b26464f808bb8a191d19194f973dc7f1da71eaa80b25b0b	1	0	1	/eos/user/c/cglenn/FCCWork/whizard/whizard_ttbar_spinpol/production/full6f_365gev_ee_ttbar_spinpol_v1/phase11_diagnostics/excess_weight_rootcause_v1/ttbar_restricted_region_suite_v1/restricted/20260816T232058Z_WT_A15xS8_F012_FCC_np1_v1p0p2/fixed/A09_S7/F2/console.log	1
P_A10_S0	adaptive	A10_S0		A10		S0	1740114216	648318690	"1:1000000:""gw"""					/eos/user/c/cglenn/FCCWork/whizard/whizard_ttbar_spinpol/production/full6f_365gev_ee_ttbar_spinpol_v1/phase11_diagnostics/excess_weight_rootcause_v1/ttbar_restricted_region_suite_v1/restricted/20260816T232058Z_WT_A15xS8_F012_FCC_np1_v1p0p2/adaptive/A10_S0	PASS	PASS	0	516cd15ab307b2e2200ab836ba104f2b55e21d3edc8455005dec435b7310526b	4867fac3ac51bb2f85ade36abd5691eb9b53594df1e57970577c34a507d93e2e		0	1		/eos/user/c/cglenn/FCCWork/whizard/whizard_ttbar_spinpol/production/full6f_365gev_ee_ttbar_spinpol_v1/phase11_diagnostics/excess_weight_rootcause_v1/ttbar_restricted_region_suite_v1/restricted/20260816T232058Z_WT_A15xS8_F012_FCC_np1_v1p0p2/adaptive/A10_S0/console.log	1
C_A10_S0_F0	fixed	A10_S0_F0	A10_S0	A10	F0	S0	1740114216	648318690	"1:1000000:""gw"""	"3:200000:"""""				/eos/user/c/cglenn/FCCWork/whizard/whizard_ttbar_spinpol/production/full6f_365gev_ee_ttbar_spinpol_v1/phase11_diagnostics/excess_weight_rootcause_v1/ttbar_restricted_region_suite_v1/restricted/20260816T232058Z_WT_A15xS8_F012_FCC_np1_v1p0p2/fixed/A10_S0/F0	PASS	PASS	0	516cd15ab307b2e2200ab836ba104f2b55e21d3edc8455005dec435b7310526b	ebe47175a96f110f5c9ea11b36e810d2996493634cae0b35f5cf949bb16dc0b0	4867fac3ac51bb2f85ade36abd5691eb9b53594df1e57970577c34a507d93e2e	1	0	1	/eos/user/c/cglenn/FCCWork/whizard/whizard_ttbar_spinpol/production/full6f_365gev_ee_ttbar_spinpol_v1/phase11_diagnostics/excess_weight_rootcause_v1/ttbar_restricted_region_suite_v1/restricted/20260816T232058Z_WT_A15xS8_F012_FCC_np1_v1p0p2/fixed/A10_S0/F0/console.log	1
C_A10_S0_F1	fixed	A10_S0_F1	A10_S0	A10	F1	S0	1740114216	648318690	"1:1000000:""gw"""	"1:600000:"""""				/eos/user/c/cglenn/FCCWork/whizard/whizard_ttbar_spinpol/production/full6f_365gev_ee_ttbar_spinpol_v1/phase11_diagnostics/excess_weight_rootcause_v1/ttbar_restricted_region_suite_v1/restricted/20260816T232058Z_WT_A15xS8_F012_FCC_np1_v1p0p2/fixed/A10_S0/F1	PASS	PASS	0	516cd15ab307b2e2200ab836ba104f2b55e21d3edc8455005dec435b7310526b	5b703b8337e305803d590ee0d04274d37538e61fdb1a8e1544ae84ffa96e09b4	4867fac3ac51bb2f85ade36abd5691eb9b53594df1e57970577c34a507d93e2e	1	0	1	/eos/user/c/cglenn/FCCWork/whizard/whizard_ttbar_spinpol/production/full6f_365gev_ee_ttbar_spinpol_v1/phase11_diagnostics/excess_weight_rootcause_v1/ttbar_restricted_region_suite_v1/restricted/20260816T232058Z_WT_A15xS8_F012_FCC_np1_v1p0p2/fixed/A10_S0/F1/console.log	1
C_A10_S0_F2	fixed	A10_S0_F2	A10_S0	A10	F2	S0	1740114216	648318690	"1:1000000:""gw"""	"1:2000000:"""""				/eos/user/c/cglenn/FCCWork/whizard/whizard_ttbar_spinpol/production/full6f_365gev_ee_ttbar_spinpol_v1/phase11_diagnostics/excess_weight_rootcause_v1/ttbar_restricted_region_suite_v1/restricted/20260816T232058Z_WT_A15xS8_F012_FCC_np1_v1p0p2/fixed/A10_S0/F2	PASS	PASS	0	516cd15ab307b2e2200ab836ba104f2b55e21d3edc8455005dec435b7310526b	9c813ef3d9cf6d0311866de50c34bd24ea006850f818819b51c567f11530b583	4867fac3ac51bb2f85ade36abd5691eb9b53594df1e57970577c34a507d93e2e	1	0	1	/eos/user/c/cglenn/FCCWork/whizard/whizard_ttbar_spinpol/production/full6f_365gev_ee_ttbar_spinpol_v1/phase11_diagnostics/excess_weight_rootcause_v1/ttbar_restricted_region_suite_v1/restricted/20260816T232058Z_WT_A15xS8_F012_FCC_np1_v1p0p2/fixed/A10_S0/F2/console.log	1
P_A10_S1	adaptive	A10_S1		A10		S1	1751949026	1404282457	"1:1000000:""gw"""					/eos/user/c/cglenn/FCCWork/whizard/whizard_ttbar_spinpol/production/full6f_365gev_ee_ttbar_spinpol_v1/phase11_diagnostics/excess_weight_rootcause_v1/ttbar_restricted_region_suite_v1/restricted/20260816T232058Z_WT_A15xS8_F012_FCC_np1_v1p0p2/adaptive/A10_S1	PASS	PASS	0	516cd15ab307b2e2200ab836ba104f2b55e21d3edc8455005dec435b7310526b	a71d96c202e8952df6c3a377cfd6a9e826f0cc8fd998810f6b59f543f341dc07		0	1		/eos/user/c/cglenn/FCCWork/whizard/whizard_ttbar_spinpol/production/full6f_365gev_ee_ttbar_spinpol_v1/phase11_diagnostics/excess_weight_rootcause_v1/ttbar_restricted_region_suite_v1/restricted/20260816T232058Z_WT_A15xS8_F012_FCC_np1_v1p0p2/adaptive/A10_S1/console.log	1
C_A10_S1_F0	fixed	A10_S1_F0	A10_S1	A10	F0	S1	1751949026	1404282457	"1:1000000:""gw"""	"3:200000:"""""				/eos/user/c/cglenn/FCCWork/whizard/whizard_ttbar_spinpol/production/full6f_365gev_ee_ttbar_spinpol_v1/phase11_diagnostics/excess_weight_rootcause_v1/ttbar_restricted_region_suite_v1/restricted/20260816T232058Z_WT_A15xS8_F012_FCC_np1_v1p0p2/fixed/A10_S1/F0	PASS	PASS	0	516cd15ab307b2e2200ab836ba104f2b55e21d3edc8455005dec435b7310526b	faa7031be6d109814b35856443e225077be50aab5346c763278a2c89e8aac457	a71d96c202e8952df6c3a377cfd6a9e826f0cc8fd998810f6b59f543f341dc07	1	0	1	/eos/user/c/cglenn/FCCWork/whizard/whizard_ttbar_spinpol/production/full6f_365gev_ee_ttbar_spinpol_v1/phase11_diagnostics/excess_weight_rootcause_v1/ttbar_restricted_region_suite_v1/restricted/20260816T232058Z_WT_A15xS8_F012_FCC_np1_v1p0p2/fixed/A10_S1/F0/console.log	1
C_A10_S1_F1	fixed	A10_S1_F1	A10_S1	A10	F1	S1	1751949026	1404282457	"1:1000000:""gw"""	"1:600000:"""""				/eos/user/c/cglenn/FCCWork/whizard/whizard_ttbar_spinpol/production/full6f_365gev_ee_ttbar_spinpol_v1/phase11_diagnostics/excess_weight_rootcause_v1/ttbar_restricted_region_suite_v1/restricted/20260816T232058Z_WT_A15xS8_F012_FCC_np1_v1p0p2/fixed/A10_S1/F1	PASS	PASS	0	516cd15ab307b2e2200ab836ba104f2b55e21d3edc8455005dec435b7310526b	be6902d9ae4b5a995851a1a12f40976d9c046dfd70d9bab88dbac6772293f987	a71d96c202e8952df6c3a377cfd6a9e826f0cc8fd998810f6b59f543f341dc07	1	0	1	/eos/user/c/cglenn/FCCWork/whizard/whizard_ttbar_spinpol/production/full6f_365gev_ee_ttbar_spinpol_v1/phase11_diagnostics/excess_weight_rootcause_v1/ttbar_restricted_region_suite_v1/restricted/20260816T232058Z_WT_A15xS8_F012_FCC_np1_v1p0p2/fixed/A10_S1/F1/console.log	1
C_A10_S1_F2	fixed	A10_S1_F2	A10_S1	A10	F2	S1	1751949026	1404282457	"1:1000000:""gw"""	"1:2000000:"""""				/eos/user/c/cglenn/FCCWork/whizard/whizard_ttbar_spinpol/production/full6f_365gev_ee_ttbar_spinpol_v1/phase11_diagnostics/excess_weight_rootcause_v1/ttbar_restricted_region_suite_v1/restricted/20260816T232058Z_WT_A15xS8_F012_FCC_np1_v1p0p2/fixed/A10_S1/F2	PASS	PASS	0	516cd15ab307b2e2200ab836ba104f2b55e21d3edc8455005dec435b7310526b	91885e12f962162da57897da7e7428302f73872c1f854259148ac12c87fe2db2	a71d96c202e8952df6c3a377cfd6a9e826f0cc8fd998810f6b59f543f341dc07	1	0	1	/eos/user/c/cglenn/FCCWork/whizard/whizard_ttbar_spinpol/production/full6f_365gev_ee_ttbar_spinpol_v1/phase11_diagnostics/excess_weight_rootcause_v1/ttbar_restricted_region_suite_v1/restricted/20260816T232058Z_WT_A15xS8_F012_FCC_np1_v1p0p2/fixed/A10_S1/F2/console.log	1
P_A10_S2	adaptive	A10_S2		A10		S2	1885084773	1596606550	"1:1000000:""gw"""					/eos/user/c/cglenn/FCCWork/whizard/whizard_ttbar_spinpol/production/full6f_365gev_ee_ttbar_spinpol_v1/phase11_diagnostics/excess_weight_rootcause_v1/ttbar_restricted_region_suite_v1/restricted/20260816T232058Z_WT_A15xS8_F012_FCC_np1_v1p0p2/adaptive/A10_S2	PASS	PASS	0	516cd15ab307b2e2200ab836ba104f2b55e21d3edc8455005dec435b7310526b	b15e1b8a1b62a5ed3da8dd023bab6a6f3ff1e5911e33ac6229dd84e3e9ace1fc		0	1		/eos/user/c/cglenn/FCCWork/whizard/whizard_ttbar_spinpol/production/full6f_365gev_ee_ttbar_spinpol_v1/phase11_diagnostics/excess_weight_rootcause_v1/ttbar_restricted_region_suite_v1/restricted/20260816T232058Z_WT_A15xS8_F012_FCC_np1_v1p0p2/adaptive/A10_S2/console.log	1
C_A10_S2_F0	fixed	A10_S2_F0	A10_S2	A10	F0	S2	1885084773	1596606550	"1:1000000:""gw"""	"3:200000:"""""				/eos/user/c/cglenn/FCCWork/whizard/whizard_ttbar_spinpol/production/full6f_365gev_ee_ttbar_spinpol_v1/phase11_diagnostics/excess_weight_rootcause_v1/ttbar_restricted_region_suite_v1/restricted/20260816T232058Z_WT_A15xS8_F012_FCC_np1_v1p0p2/fixed/A10_S2/F0	PASS	PASS	0	516cd15ab307b2e2200ab836ba104f2b55e21d3edc8455005dec435b7310526b	7adc7762bf4e559b295867f8206a2d679cefb9f2f7737741a9638c2bd7b102b0	b15e1b8a1b62a5ed3da8dd023bab6a6f3ff1e5911e33ac6229dd84e3e9ace1fc	1	0	1	/eos/user/c/cglenn/FCCWork/whizard/whizard_ttbar_spinpol/production/full6f_365gev_ee_ttbar_spinpol_v1/phase11_diagnostics/excess_weight_rootcause_v1/ttbar_restricted_region_suite_v1/restricted/20260816T232058Z_WT_A15xS8_F012_FCC_np1_v1p0p2/fixed/A10_S2/F0/console.log	1
C_A10_S2_F1	fixed	A10_S2_F1	A10_S2	A10	F1	S2	1885084773	1596606550	"1:1000000:""gw"""	"1:600000:"""""				/eos/user/c/cglenn/FCCWork/whizard/whizard_ttbar_spinpol/production/full6f_365gev_ee_ttbar_spinpol_v1/phase11_diagnostics/excess_weight_rootcause_v1/ttbar_restricted_region_suite_v1/restricted/20260816T232058Z_WT_A15xS8_F012_FCC_np1_v1p0p2/fixed/A10_S2/F1	PASS	PASS	0	516cd15ab307b2e2200ab836ba104f2b55e21d3edc8455005dec435b7310526b	09c47a4fa47ac8c061276be7bce8839a3e82c124af2d0f9a8e9fa1d0145f9613	b15e1b8a1b62a5ed3da8dd023bab6a6f3ff1e5911e33ac6229dd84e3e9ace1fc	1	0	1	/eos/user/c/cglenn/FCCWork/whizard/whizard_ttbar_spinpol/production/full6f_365gev_ee_ttbar_spinpol_v1/phase11_diagnostics/excess_weight_rootcause_v1/ttbar_restricted_region_suite_v1/restricted/20260816T232058Z_WT_A15xS8_F012_FCC_np1_v1p0p2/fixed/A10_S2/F1/console.log	1
C_A10_S2_F2	fixed	A10_S2_F2	A10_S2	A10	F2	S2	1885084773	1596606550	"1:1000000:""gw"""	"1:2000000:"""""				/eos/user/c/cglenn/FCCWork/whizard/whizard_ttbar_spinpol/production/full6f_365gev_ee_ttbar_spinpol_v1/phase11_diagnostics/excess_weight_rootcause_v1/ttbar_restricted_region_suite_v1/restricted/20260816T232058Z_WT_A15xS8_F012_FCC_np1_v1p0p2/fixed/A10_S2/F2	PASS	PASS	0	516cd15ab307b2e2200ab836ba104f2b55e21d3edc8455005dec435b7310526b	3032731362352f60e01afb07b2cbce310c2d1ee8dedaf03f07cbd36a3205fd40	b15e1b8a1b62a5ed3da8dd023bab6a6f3ff1e5911e33ac6229dd84e3e9ace1fc	1	0	1	/eos/user/c/cglenn/FCCWork/whizard/whizard_ttbar_spinpol/production/full6f_365gev_ee_ttbar_spinpol_v1/phase11_diagnostics/excess_weight_rootcause_v1/ttbar_restricted_region_suite_v1/restricted/20260816T232058Z_WT_A15xS8_F012_FCC_np1_v1p0p2/fixed/A10_S2/F2/console.log	1
P_A10_S3	adaptive	A10_S3		A10		S3	134326786	769890491	"1:1000000:""gw"""					/eos/user/c/cglenn/FCCWork/whizard/whizard_ttbar_spinpol/production/full6f_365gev_ee_ttbar_spinpol_v1/phase11_diagnostics/excess_weight_rootcause_v1/ttbar_restricted_region_suite_v1/restricted/20260816T232058Z_WT_A15xS8_F012_FCC_np1_v1p0p2/adaptive/A10_S3	PASS	PASS	0	516cd15ab307b2e2200ab836ba104f2b55e21d3edc8455005dec435b7310526b	13bfb6bbbe4506f425c8c150395a4deff6f465e5a5eea3ae1c01ae8df5e3dc87		0	1		/eos/user/c/cglenn/FCCWork/whizard/whizard_ttbar_spinpol/production/full6f_365gev_ee_ttbar_spinpol_v1/phase11_diagnostics/excess_weight_rootcause_v1/ttbar_restricted_region_suite_v1/restricted/20260816T232058Z_WT_A15xS8_F012_FCC_np1_v1p0p2/adaptive/A10_S3/console.log	1
C_A10_S3_F0	fixed	A10_S3_F0	A10_S3	A10	F0	S3	134326786	769890491	"1:1000000:""gw"""	"3:200000:"""""				/eos/user/c/cglenn/FCCWork/whizard/whizard_ttbar_spinpol/production/full6f_365gev_ee_ttbar_spinpol_v1/phase11_diagnostics/excess_weight_rootcause_v1/ttbar_restricted_region_suite_v1/restricted/20260816T232058Z_WT_A15xS8_F012_FCC_np1_v1p0p2/fixed/A10_S3/F0	PASS	PASS	0	516cd15ab307b2e2200ab836ba104f2b55e21d3edc8455005dec435b7310526b	a1c43e69d3211bd610cf4dd3ecf2a2c7886ba5ea380fc1855932ce4016ee5df0	13bfb6bbbe4506f425c8c150395a4deff6f465e5a5eea3ae1c01ae8df5e3dc87	1	0	1	/eos/user/c/cglenn/FCCWork/whizard/whizard_ttbar_spinpol/production/full6f_365gev_ee_ttbar_spinpol_v1/phase11_diagnostics/excess_weight_rootcause_v1/ttbar_restricted_region_suite_v1/restricted/20260816T232058Z_WT_A15xS8_F012_FCC_np1_v1p0p2/fixed/A10_S3/F0/console.log	1
C_A10_S3_F1	fixed	A10_S3_F1	A10_S3	A10	F1	S3	134326786	769890491	"1:1000000:""gw"""	"1:600000:"""""				/eos/user/c/cglenn/FCCWork/whizard/whizard_ttbar_spinpol/production/full6f_365gev_ee_ttbar_spinpol_v1/phase11_diagnostics/excess_weight_rootcause_v1/ttbar_restricted_region_suite_v1/restricted/20260816T232058Z_WT_A15xS8_F012_FCC_np1_v1p0p2/fixed/A10_S3/F1	PASS	PASS	0	516cd15ab307b2e2200ab836ba104f2b55e21d3edc8455005dec435b7310526b	1eb063090e606b395ed6bda21c54f19f6b425c8a2f920e4dea33acc99e41325c	13bfb6bbbe4506f425c8c150395a4deff6f465e5a5eea3ae1c01ae8df5e3dc87	1	0	1	/eos/user/c/cglenn/FCCWork/whizard/whizard_ttbar_spinpol/production/full6f_365gev_ee_ttbar_spinpol_v1/phase11_diagnostics/excess_weight_rootcause_v1/ttbar_restricted_region_suite_v1/restricted/20260816T232058Z_WT_A15xS8_F012_FCC_np1_v1p0p2/fixed/A10_S3/F1/console.log	1
C_A10_S3_F2	fixed	A10_S3_F2	A10_S3	A10	F2	S3	134326786	769890491	"1:1000000:""gw"""	"1:2000000:"""""				/eos/user/c/cglenn/FCCWork/whizard/whizard_ttbar_spinpol/production/full6f_365gev_ee_ttbar_spinpol_v1/phase11_diagnostics/excess_weight_rootcause_v1/ttbar_restricted_region_suite_v1/restricted/20260816T232058Z_WT_A15xS8_F012_FCC_np1_v1p0p2/fixed/A10_S3/F2	PASS	PASS	0	516cd15ab307b2e2200ab836ba104f2b55e21d3edc8455005dec435b7310526b	e9df217ed5adb67ff1c24e946fd7bdfdcd857dd46a8e849b4948807d5e47de54	13bfb6bbbe4506f425c8c150395a4deff6f465e5a5eea3ae1c01ae8df5e3dc87	1	0	1	/eos/user/c/cglenn/FCCWork/whizard/whizard_ttbar_spinpol/production/full6f_365gev_ee_ttbar_spinpol_v1/phase11_diagnostics/excess_weight_rootcause_v1/ttbar_restricted_region_suite_v1/restricted/20260816T232058Z_WT_A15xS8_F012_FCC_np1_v1p0p2/fixed/A10_S3/F2/console.log	1
P_A10_S4	adaptive	A10_S4		A10		S4	249371675	462903030	"1:1000000:""gw"""					/eos/user/c/cglenn/FCCWork/whizard/whizard_ttbar_spinpol/production/full6f_365gev_ee_ttbar_spinpol_v1/phase11_diagnostics/excess_weight_rootcause_v1/ttbar_restricted_region_suite_v1/restricted/20260816T232058Z_WT_A15xS8_F012_FCC_np1_v1p0p2/adaptive/A10_S4	PASS	PASS	0	516cd15ab307b2e2200ab836ba104f2b55e21d3edc8455005dec435b7310526b	edcafad4cd4664094864a0942cf212646fd954e791319f5e43f2ce0710fe89fb		0	1		/eos/user/c/cglenn/FCCWork/whizard/whizard_ttbar_spinpol/production/full6f_365gev_ee_ttbar_spinpol_v1/phase11_diagnostics/excess_weight_rootcause_v1/ttbar_restricted_region_suite_v1/restricted/20260816T232058Z_WT_A15xS8_F012_FCC_np1_v1p0p2/adaptive/A10_S4/console.log	1
C_A10_S4_F0	fixed	A10_S4_F0	A10_S4	A10	F0	S4	249371675	462903030	"1:1000000:""gw"""	"3:200000:"""""				/eos/user/c/cglenn/FCCWork/whizard/whizard_ttbar_spinpol/production/full6f_365gev_ee_ttbar_spinpol_v1/phase11_diagnostics/excess_weight_rootcause_v1/ttbar_restricted_region_suite_v1/restricted/20260816T232058Z_WT_A15xS8_F012_FCC_np1_v1p0p2/fixed/A10_S4/F0	PASS	PASS	0	516cd15ab307b2e2200ab836ba104f2b55e21d3edc8455005dec435b7310526b	288b188d788579acffdc581daf1229031d401d38086612c7226702f5dbd1a0df	edcafad4cd4664094864a0942cf212646fd954e791319f5e43f2ce0710fe89fb	1	0	1	/eos/user/c/cglenn/FCCWork/whizard/whizard_ttbar_spinpol/production/full6f_365gev_ee_ttbar_spinpol_v1/phase11_diagnostics/excess_weight_rootcause_v1/ttbar_restricted_region_suite_v1/restricted/20260816T232058Z_WT_A15xS8_F012_FCC_np1_v1p0p2/fixed/A10_S4/F0/console.log	1
C_A10_S4_F1	fixed	A10_S4_F1	A10_S4	A10	F1	S4	249371675	462903030	"1:1000000:""gw"""	"1:600000:"""""				/eos/user/c/cglenn/FCCWork/whizard/whizard_ttbar_spinpol/production/full6f_365gev_ee_ttbar_spinpol_v1/phase11_diagnostics/excess_weight_rootcause_v1/ttbar_restricted_region_suite_v1/restricted/20260816T232058Z_WT_A15xS8_F012_FCC_np1_v1p0p2/fixed/A10_S4/F1	PASS	PASS	0	516cd15ab307b2e2200ab836ba104f2b55e21d3edc8455005dec435b7310526b	d5d5872685b87665097b0983d154d553ee4ee1f98e46dd2e8fffac04f6c680f0	edcafad4cd4664094864a0942cf212646fd954e791319f5e43f2ce0710fe89fb	1	0	1	/eos/user/c/cglenn/FCCWork/whizard/whizard_ttbar_spinpol/production/full6f_365gev_ee_ttbar_spinpol_v1/phase11_diagnostics/excess_weight_rootcause_v1/ttbar_restricted_region_suite_v1/restricted/20260816T232058Z_WT_A15xS8_F012_FCC_np1_v1p0p2/fixed/A10_S4/F1/console.log	1
C_A10_S4_F2	fixed	A10_S4_F2	A10_S4	A10	F2	S4	249371675	462903030	"1:1000000:""gw"""	"1:2000000:"""""				/eos/user/c/cglenn/FCCWork/whizard/whizard_ttbar_spinpol/production/full6f_365gev_ee_ttbar_spinpol_v1/phase11_diagnostics/excess_weight_rootcause_v1/ttbar_restricted_region_suite_v1/restricted/20260816T232058Z_WT_A15xS8_F012_FCC_np1_v1p0p2/fixed/A10_S4/F2	PASS	PASS	0	516cd15ab307b2e2200ab836ba104f2b55e21d3edc8455005dec435b7310526b	769113dbbc549d3ef4c667ccd7e1bdcd7772e6c586b3bb16c0f05ef946bb7f69	edcafad4cd4664094864a0942cf212646fd954e791319f5e43f2ce0710fe89fb	1	0	1	/eos/user/c/cglenn/FCCWork/whizard/whizard_ttbar_spinpol/production/full6f_365gev_ee_ttbar_spinpol_v1/phase11_diagnostics/excess_weight_rootcause_v1/ttbar_restricted_region_suite_v1/restricted/20260816T232058Z_WT_A15xS8_F012_FCC_np1_v1p0p2/fixed/A10_S4/F2/console.log	1
P_A10_S5	adaptive	A10_S5		A10		S5	531087687	197846737	"1:1000000:""gw"""					/eos/user/c/cglenn/FCCWork/whizard/whizard_ttbar_spinpol/production/full6f_365gev_ee_ttbar_spinpol_v1/phase11_diagnostics/excess_weight_rootcause_v1/ttbar_restricted_region_suite_v1/restricted/20260816T232058Z_WT_A15xS8_F012_FCC_np1_v1p0p2/adaptive/A10_S5	PASS	PASS	0	516cd15ab307b2e2200ab836ba104f2b55e21d3edc8455005dec435b7310526b	b631c6ee1bdf87efb592cfc78abaf3e39de18602edcc6fd233d1422f27ff24b3		0	1		/eos/user/c/cglenn/FCCWork/whizard/whizard_ttbar_spinpol/production/full6f_365gev_ee_ttbar_spinpol_v1/phase11_diagnostics/excess_weight_rootcause_v1/ttbar_restricted_region_suite_v1/restricted/20260816T232058Z_WT_A15xS8_F012_FCC_np1_v1p0p2/adaptive/A10_S5/console.log	1
C_A10_S5_F0	fixed	A10_S5_F0	A10_S5	A10	F0	S5	531087687	197846737	"1:1000000:""gw"""	"3:200000:"""""				/eos/user/c/cglenn/FCCWork/whizard/whizard_ttbar_spinpol/production/full6f_365gev_ee_ttbar_spinpol_v1/phase11_diagnostics/excess_weight_rootcause_v1/ttbar_restricted_region_suite_v1/restricted/20260816T232058Z_WT_A15xS8_F012_FCC_np1_v1p0p2/fixed/A10_S5/F0	PASS	PASS	0	516cd15ab307b2e2200ab836ba104f2b55e21d3edc8455005dec435b7310526b	cef8ed2786ef3c690a8343646787111fef249c54a753a090934f799539e14fe7	b631c6ee1bdf87efb592cfc78abaf3e39de18602edcc6fd233d1422f27ff24b3	1	0	1	/eos/user/c/cglenn/FCCWork/whizard/whizard_ttbar_spinpol/production/full6f_365gev_ee_ttbar_spinpol_v1/phase11_diagnostics/excess_weight_rootcause_v1/ttbar_restricted_region_suite_v1/restricted/20260816T232058Z_WT_A15xS8_F012_FCC_np1_v1p0p2/fixed/A10_S5/F0/console.log	1
C_A10_S5_F1	fixed	A10_S5_F1	A10_S5	A10	F1	S5	531087687	197846737	"1:1000000:""gw"""	"1:600000:"""""				/eos/user/c/cglenn/FCCWork/whizard/whizard_ttbar_spinpol/production/full6f_365gev_ee_ttbar_spinpol_v1/phase11_diagnostics/excess_weight_rootcause_v1/ttbar_restricted_region_suite_v1/restricted/20260816T232058Z_WT_A15xS8_F012_FCC_np1_v1p0p2/fixed/A10_S5/F1	PASS	PASS	0	516cd15ab307b2e2200ab836ba104f2b55e21d3edc8455005dec435b7310526b	43eda763b0081ea44556af5d84ac14e652de468f6467f9fb029a14d73ac7c09b	b631c6ee1bdf87efb592cfc78abaf3e39de18602edcc6fd233d1422f27ff24b3	1	0	1	/eos/user/c/cglenn/FCCWork/whizard/whizard_ttbar_spinpol/production/full6f_365gev_ee_ttbar_spinpol_v1/phase11_diagnostics/excess_weight_rootcause_v1/ttbar_restricted_region_suite_v1/restricted/20260816T232058Z_WT_A15xS8_F012_FCC_np1_v1p0p2/fixed/A10_S5/F1/console.log	1
C_A10_S5_F2	fixed	A10_S5_F2	A10_S5	A10	F2	S5	531087687	197846737	"1:1000000:""gw"""	"1:2000000:"""""				/eos/user/c/cglenn/FCCWork/whizard/whizard_ttbar_spinpol/production/full6f_365gev_ee_ttbar_spinpol_v1/phase11_diagnostics/excess_weight_rootcause_v1/ttbar_restricted_region_suite_v1/restricted/20260816T232058Z_WT_A15xS8_F012_FCC_np1_v1p0p2/fixed/A10_S5/F2	PASS	PASS	0	516cd15ab307b2e2200ab836ba104f2b55e21d3edc8455005dec435b7310526b	e5920f3a0c12c695adbb3324b785fe7397e513b939d9d2ce3de16d63ccb0ff3e	b631c6ee1bdf87efb592cfc78abaf3e39de18602edcc6fd233d1422f27ff24b3	1	0	1	/eos/user/c/cglenn/FCCWork/whizard/whizard_ttbar_spinpol/production/full6f_365gev_ee_ttbar_spinpol_v1/phase11_diagnostics/excess_weight_rootcause_v1/ttbar_restricted_region_suite_v1/restricted/20260816T232058Z_WT_A15xS8_F012_FCC_np1_v1p0p2/fixed/A10_S5/F2/console.log	1
P_A10_S6	adaptive	A10_S6		A10		S6	519963689	958460417	"1:1000000:""gw"""					/eos/user/c/cglenn/FCCWork/whizard/whizard_ttbar_spinpol/production/full6f_365gev_ee_ttbar_spinpol_v1/phase11_diagnostics/excess_weight_rootcause_v1/ttbar_restricted_region_suite_v1/restricted/20260816T232058Z_WT_A15xS8_F012_FCC_np1_v1p0p2/adaptive/A10_S6	PASS	PASS	0	516cd15ab307b2e2200ab836ba104f2b55e21d3edc8455005dec435b7310526b	13e088d5de8d76023ae7ca7563fbc5589de7a311d0f944f42c766f950d6a1f93		0	1		/eos/user/c/cglenn/FCCWork/whizard/whizard_ttbar_spinpol/production/full6f_365gev_ee_ttbar_spinpol_v1/phase11_diagnostics/excess_weight_rootcause_v1/ttbar_restricted_region_suite_v1/restricted/20260816T232058Z_WT_A15xS8_F012_FCC_np1_v1p0p2/adaptive/A10_S6/console.log	1
C_A10_S6_F0	fixed	A10_S6_F0	A10_S6	A10	F0	S6	519963689	958460417	"1:1000000:""gw"""	"3:200000:"""""				/eos/user/c/cglenn/FCCWork/whizard/whizard_ttbar_spinpol/production/full6f_365gev_ee_ttbar_spinpol_v1/phase11_diagnostics/excess_weight_rootcause_v1/ttbar_restricted_region_suite_v1/restricted/20260816T232058Z_WT_A15xS8_F012_FCC_np1_v1p0p2/fixed/A10_S6/F0	PASS	PASS	0	516cd15ab307b2e2200ab836ba104f2b55e21d3edc8455005dec435b7310526b	cdd816a7b25a988ae451caac5a72cf26d19fd019299c97ac39ed40db1a54d559	13e088d5de8d76023ae7ca7563fbc5589de7a311d0f944f42c766f950d6a1f93	1	0	1	/eos/user/c/cglenn/FCCWork/whizard/whizard_ttbar_spinpol/production/full6f_365gev_ee_ttbar_spinpol_v1/phase11_diagnostics/excess_weight_rootcause_v1/ttbar_restricted_region_suite_v1/restricted/20260816T232058Z_WT_A15xS8_F012_FCC_np1_v1p0p2/fixed/A10_S6/F0/console.log	1
C_A10_S6_F1	fixed	A10_S6_F1	A10_S6	A10	F1	S6	519963689	958460417	"1:1000000:""gw"""	"1:600000:"""""				/eos/user/c/cglenn/FCCWork/whizard/whizard_ttbar_spinpol/production/full6f_365gev_ee_ttbar_spinpol_v1/phase11_diagnostics/excess_weight_rootcause_v1/ttbar_restricted_region_suite_v1/restricted/20260816T232058Z_WT_A15xS8_F012_FCC_np1_v1p0p2/fixed/A10_S6/F1	PASS	PASS	0	516cd15ab307b2e2200ab836ba104f2b55e21d3edc8455005dec435b7310526b	d80b7e573f3b5c52757cd259ad19266b7a71894d98d4b2f82da9c427430c70e4	13e088d5de8d76023ae7ca7563fbc5589de7a311d0f944f42c766f950d6a1f93	1	0	1	/eos/user/c/cglenn/FCCWork/whizard/whizard_ttbar_spinpol/production/full6f_365gev_ee_ttbar_spinpol_v1/phase11_diagnostics/excess_weight_rootcause_v1/ttbar_restricted_region_suite_v1/restricted/20260816T232058Z_WT_A15xS8_F012_FCC_np1_v1p0p2/fixed/A10_S6/F1/console.log	1
C_A10_S6_F2	fixed	A10_S6_F2	A10_S6	A10	F2	S6	519963689	958460417	"1:1000000:""gw"""	"1:2000000:"""""				/eos/user/c/cglenn/FCCWork/whizard/whizard_ttbar_spinpol/production/full6f_365gev_ee_ttbar_spinpol_v1/phase11_diagnostics/excess_weight_rootcause_v1/ttbar_restricted_region_suite_v1/restricted/20260816T232058Z_WT_A15xS8_F012_FCC_np1_v1p0p2/fixed/A10_S6/F2	PASS	PASS	0	516cd15ab307b2e2200ab836ba104f2b55e21d3edc8455005dec435b7310526b	2a467d92477c78b664bd5b16a19e4e54e0ee977443f6cfa08dc3c81f3433ec9b	13e088d5de8d76023ae7ca7563fbc5589de7a311d0f944f42c766f950d6a1f93	1	0	1	/eos/user/c/cglenn/FCCWork/whizard/whizard_ttbar_spinpol/production/full6f_365gev_ee_ttbar_spinpol_v1/phase11_diagnostics/excess_weight_rootcause_v1/ttbar_restricted_region_suite_v1/restricted/20260816T232058Z_WT_A15xS8_F012_FCC_np1_v1p0p2/fixed/A10_S6/F2/console.log	1
P_A10_S7	adaptive	A10_S7		A10		S7	1552803368	239117595	"1:1000000:""gw"""					/eos/user/c/cglenn/FCCWork/whizard/whizard_ttbar_spinpol/production/full6f_365gev_ee_ttbar_spinpol_v1/phase11_diagnostics/excess_weight_rootcause_v1/ttbar_restricted_region_suite_v1/restricted/20260816T232058Z_WT_A15xS8_F012_FCC_np1_v1p0p2/adaptive/A10_S7	PASS	PASS	0	516cd15ab307b2e2200ab836ba104f2b55e21d3edc8455005dec435b7310526b	1c880575ae6e1a795dfb0f7761204bff861602835e4205e103b0548484c6f351		0	1		/eos/user/c/cglenn/FCCWork/whizard/whizard_ttbar_spinpol/production/full6f_365gev_ee_ttbar_spinpol_v1/phase11_diagnostics/excess_weight_rootcause_v1/ttbar_restricted_region_suite_v1/restricted/20260816T232058Z_WT_A15xS8_F012_FCC_np1_v1p0p2/adaptive/A10_S7/console.log	1
C_A10_S7_F0	fixed	A10_S7_F0	A10_S7	A10	F0	S7	1552803368	239117595	"1:1000000:""gw"""	"3:200000:"""""				/eos/user/c/cglenn/FCCWork/whizard/whizard_ttbar_spinpol/production/full6f_365gev_ee_ttbar_spinpol_v1/phase11_diagnostics/excess_weight_rootcause_v1/ttbar_restricted_region_suite_v1/restricted/20260816T232058Z_WT_A15xS8_F012_FCC_np1_v1p0p2/fixed/A10_S7/F0	PASS	PASS	0	516cd15ab307b2e2200ab836ba104f2b55e21d3edc8455005dec435b7310526b	8374c4c07e394771387683b59732fdc40e6680962b6c8e596e11d500c76951be	1c880575ae6e1a795dfb0f7761204bff861602835e4205e103b0548484c6f351	1	0	1	/eos/user/c/cglenn/FCCWork/whizard/whizard_ttbar_spinpol/production/full6f_365gev_ee_ttbar_spinpol_v1/phase11_diagnostics/excess_weight_rootcause_v1/ttbar_restricted_region_suite_v1/restricted/20260816T232058Z_WT_A15xS8_F012_FCC_np1_v1p0p2/fixed/A10_S7/F0/console.log	1
C_A10_S7_F1	fixed	A10_S7_F1	A10_S7	A10	F1	S7	1552803368	239117595	"1:1000000:""gw"""	"1:600000:"""""				/eos/user/c/cglenn/FCCWork/whizard/whizard_ttbar_spinpol/production/full6f_365gev_ee_ttbar_spinpol_v1/phase11_diagnostics/excess_weight_rootcause_v1/ttbar_restricted_region_suite_v1/restricted/20260816T232058Z_WT_A15xS8_F012_FCC_np1_v1p0p2/fixed/A10_S7/F1	PASS	PASS	0	516cd15ab307b2e2200ab836ba104f2b55e21d3edc8455005dec435b7310526b	eff24eae44717fd5d5348d5a20d2aaf0b23289272870dbcebbdc838729c9cf0c	1c880575ae6e1a795dfb0f7761204bff861602835e4205e103b0548484c6f351	1	0	1	/eos/user/c/cglenn/FCCWork/whizard/whizard_ttbar_spinpol/production/full6f_365gev_ee_ttbar_spinpol_v1/phase11_diagnostics/excess_weight_rootcause_v1/ttbar_restricted_region_suite_v1/restricted/20260816T232058Z_WT_A15xS8_F012_FCC_np1_v1p0p2/fixed/A10_S7/F1/console.log	1
C_A10_S7_F2	fixed	A10_S7_F2	A10_S7	A10	F2	S7	1552803368	239117595	"1:1000000:""gw"""	"1:2000000:"""""				/eos/user/c/cglenn/FCCWork/whizard/whizard_ttbar_spinpol/production/full6f_365gev_ee_ttbar_spinpol_v1/phase11_diagnostics/excess_weight_rootcause_v1/ttbar_restricted_region_suite_v1/restricted/20260816T232058Z_WT_A15xS8_F012_FCC_np1_v1p0p2/fixed/A10_S7/F2	PASS	PASS	0	516cd15ab307b2e2200ab836ba104f2b55e21d3edc8455005dec435b7310526b	83b1c4e36a06d6d1db51678dfda10d8efbe97a41f2d0a84a66b4a06ba11d57d8	1c880575ae6e1a795dfb0f7761204bff861602835e4205e103b0548484c6f351	1	0	1	/eos/user/c/cglenn/FCCWork/whizard/whizard_ttbar_spinpol/production/full6f_365gev_ee_ttbar_spinpol_v1/phase11_diagnostics/excess_weight_rootcause_v1/ttbar_restricted_region_suite_v1/restricted/20260816T232058Z_WT_A15xS8_F012_FCC_np1_v1p0p2/fixed/A10_S7/F2/console.log	1
P_A11_S0	adaptive	A11_S0		A11		S0	1740114216	648318690	"1:100000:""gw"",1:300000:""gw"",1:600000:""gw"""					/eos/user/c/cglenn/FCCWork/whizard/whizard_ttbar_spinpol/production/full6f_365gev_ee_ttbar_spinpol_v1/phase11_diagnostics/excess_weight_rootcause_v1/ttbar_restricted_region_suite_v1/restricted/20260816T232058Z_WT_A15xS8_F012_FCC_np1_v1p0p2/adaptive/A11_S0	PASS	PASS	0	516cd15ab307b2e2200ab836ba104f2b55e21d3edc8455005dec435b7310526b	1f1163ed950e6095b3fd5c522da91bafc6aea2f244cf2064d821cb294b21916a		0	1		/eos/user/c/cglenn/FCCWork/whizard/whizard_ttbar_spinpol/production/full6f_365gev_ee_ttbar_spinpol_v1/phase11_diagnostics/excess_weight_rootcause_v1/ttbar_restricted_region_suite_v1/restricted/20260816T232058Z_WT_A15xS8_F012_FCC_np1_v1p0p2/adaptive/A11_S0/console.log	1
C_A11_S0_F0	fixed	A11_S0_F0	A11_S0	A11	F0	S0	1740114216	648318690	"1:100000:""gw"",1:300000:""gw"",1:600000:""gw"""	"3:200000:"""""				/eos/user/c/cglenn/FCCWork/whizard/whizard_ttbar_spinpol/production/full6f_365gev_ee_ttbar_spinpol_v1/phase11_diagnostics/excess_weight_rootcause_v1/ttbar_restricted_region_suite_v1/restricted/20260816T232058Z_WT_A15xS8_F012_FCC_np1_v1p0p2/fixed/A11_S0/F0	PASS	PASS	0	516cd15ab307b2e2200ab836ba104f2b55e21d3edc8455005dec435b7310526b	23f4e1b530c6f11f58be345de4e359273a16680e5cab4dee6d7e765b74a7d3b4	1f1163ed950e6095b3fd5c522da91bafc6aea2f244cf2064d821cb294b21916a	3	0	1	/eos/user/c/cglenn/FCCWork/whizard/whizard_ttbar_spinpol/production/full6f_365gev_ee_ttbar_spinpol_v1/phase11_diagnostics/excess_weight_rootcause_v1/ttbar_restricted_region_suite_v1/restricted/20260816T232058Z_WT_A15xS8_F012_FCC_np1_v1p0p2/fixed/A11_S0/F0/console.log	1
C_A11_S0_F1	fixed	A11_S0_F1	A11_S0	A11	F1	S0	1740114216	648318690	"1:100000:""gw"",1:300000:""gw"",1:600000:""gw"""	"1:600000:"""""				/eos/user/c/cglenn/FCCWork/whizard/whizard_ttbar_spinpol/production/full6f_365gev_ee_ttbar_spinpol_v1/phase11_diagnostics/excess_weight_rootcause_v1/ttbar_restricted_region_suite_v1/restricted/20260816T232058Z_WT_A15xS8_F012_FCC_np1_v1p0p2/fixed/A11_S0/F1	PASS	PASS	0	516cd15ab307b2e2200ab836ba104f2b55e21d3edc8455005dec435b7310526b	2a68c9cb891ee51950d0d124382529b47000cf6cc04b24e230de32fbfe1822e8	1f1163ed950e6095b3fd5c522da91bafc6aea2f244cf2064d821cb294b21916a	3	0	1	/eos/user/c/cglenn/FCCWork/whizard/whizard_ttbar_spinpol/production/full6f_365gev_ee_ttbar_spinpol_v1/phase11_diagnostics/excess_weight_rootcause_v1/ttbar_restricted_region_suite_v1/restricted/20260816T232058Z_WT_A15xS8_F012_FCC_np1_v1p0p2/fixed/A11_S0/F1/console.log	1
C_A11_S0_F2	fixed	A11_S0_F2	A11_S0	A11	F2	S0	1740114216	648318690	"1:100000:""gw"",1:300000:""gw"",1:600000:""gw"""	"1:2000000:"""""				/eos/user/c/cglenn/FCCWork/whizard/whizard_ttbar_spinpol/production/full6f_365gev_ee_ttbar_spinpol_v1/phase11_diagnostics/excess_weight_rootcause_v1/ttbar_restricted_region_suite_v1/restricted/20260816T232058Z_WT_A15xS8_F012_FCC_np1_v1p0p2/fixed/A11_S0/F2	PASS	PASS	0	516cd15ab307b2e2200ab836ba104f2b55e21d3edc8455005dec435b7310526b	4127e713d73fdcd493c983d413451ce4476473a4cf2967dea7770aab0cd027ae	1f1163ed950e6095b3fd5c522da91bafc6aea2f244cf2064d821cb294b21916a	3	0	1	/eos/user/c/cglenn/FCCWork/whizard/whizard_ttbar_spinpol/production/full6f_365gev_ee_ttbar_spinpol_v1/phase11_diagnostics/excess_weight_rootcause_v1/ttbar_restricted_region_suite_v1/restricted/20260816T232058Z_WT_A15xS8_F012_FCC_np1_v1p0p2/fixed/A11_S0/F2/console.log	1
P_A11_S1	adaptive	A11_S1		A11		S1	1751949026	1404282457	"1:100000:""gw"",1:300000:""gw"",1:600000:""gw"""					/eos/user/c/cglenn/FCCWork/whizard/whizard_ttbar_spinpol/production/full6f_365gev_ee_ttbar_spinpol_v1/phase11_diagnostics/excess_weight_rootcause_v1/ttbar_restricted_region_suite_v1/restricted/20260816T232058Z_WT_A15xS8_F012_FCC_np1_v1p0p2/adaptive/A11_S1	PASS	PASS	0	516cd15ab307b2e2200ab836ba104f2b55e21d3edc8455005dec435b7310526b	f59b8b6baa3ff82dcc41a1cc0683e9e6c8fd04783b628ef9124d11055f7d47d4		0	1		/eos/user/c/cglenn/FCCWork/whizard/whizard_ttbar_spinpol/production/full6f_365gev_ee_ttbar_spinpol_v1/phase11_diagnostics/excess_weight_rootcause_v1/ttbar_restricted_region_suite_v1/restricted/20260816T232058Z_WT_A15xS8_F012_FCC_np1_v1p0p2/adaptive/A11_S1/console.log	1
C_A11_S1_F0	fixed	A11_S1_F0	A11_S1	A11	F0	S1	1751949026	1404282457	"1:100000:""gw"",1:300000:""gw"",1:600000:""gw"""	"3:200000:"""""				/eos/user/c/cglenn/FCCWork/whizard/whizard_ttbar_spinpol/production/full6f_365gev_ee_ttbar_spinpol_v1/phase11_diagnostics/excess_weight_rootcause_v1/ttbar_restricted_region_suite_v1/restricted/20260816T232058Z_WT_A15xS8_F012_FCC_np1_v1p0p2/fixed/A11_S1/F0	PASS	PASS	0	516cd15ab307b2e2200ab836ba104f2b55e21d3edc8455005dec435b7310526b	996eebbcba8983047d48df3fc0b278b581a07284b6dd8d597bc0a88278a55cb5	f59b8b6baa3ff82dcc41a1cc0683e9e6c8fd04783b628ef9124d11055f7d47d4	3	0	1	/eos/user/c/cglenn/FCCWork/whizard/whizard_ttbar_spinpol/production/full6f_365gev_ee_ttbar_spinpol_v1/phase11_diagnostics/excess_weight_rootcause_v1/ttbar_restricted_region_suite_v1/restricted/20260816T232058Z_WT_A15xS8_F012_FCC_np1_v1p0p2/fixed/A11_S1/F0/console.log	1
C_A11_S1_F1	fixed	A11_S1_F1	A11_S1	A11	F1	S1	1751949026	1404282457	"1:100000:""gw"",1:300000:""gw"",1:600000:""gw"""	"1:600000:"""""				/eos/user/c/cglenn/FCCWork/whizard/whizard_ttbar_spinpol/production/full6f_365gev_ee_ttbar_spinpol_v1/phase11_diagnostics/excess_weight_rootcause_v1/ttbar_restricted_region_suite_v1/restricted/20260816T232058Z_WT_A15xS8_F012_FCC_np1_v1p0p2/fixed/A11_S1/F1	PASS	PASS	0	516cd15ab307b2e2200ab836ba104f2b55e21d3edc8455005dec435b7310526b	5919876c7d73d056cae15d4957fff3993d4b8f94847bc5eb47a8d4ad6955072f	f59b8b6baa3ff82dcc41a1cc0683e9e6c8fd04783b628ef9124d11055f7d47d4	3	0	1	/eos/user/c/cglenn/FCCWork/whizard/whizard_ttbar_spinpol/production/full6f_365gev_ee_ttbar_spinpol_v1/phase11_diagnostics/excess_weight_rootcause_v1/ttbar_restricted_region_suite_v1/restricted/20260816T232058Z_WT_A15xS8_F012_FCC_np1_v1p0p2/fixed/A11_S1/F1/console.log	1
C_A11_S1_F2	fixed	A11_S1_F2	A11_S1	A11	F2	S1	1751949026	1404282457	"1:100000:""gw"",1:300000:""gw"",1:600000:""gw"""	"1:2000000:"""""				/eos/user/c/cglenn/FCCWork/whizard/whizard_ttbar_spinpol/production/full6f_365gev_ee_ttbar_spinpol_v1/phase11_diagnostics/excess_weight_rootcause_v1/ttbar_restricted_region_suite_v1/restricted/20260816T232058Z_WT_A15xS8_F012_FCC_np1_v1p0p2/fixed/A11_S1/F2	PASS	PASS	0	516cd15ab307b2e2200ab836ba104f2b55e21d3edc8455005dec435b7310526b	1c403d19b697b2a43e66d2a23fc9a5cccafb1224f5a2d43113fb9fcf50324135	f59b8b6baa3ff82dcc41a1cc0683e9e6c8fd04783b628ef9124d11055f7d47d4	3	0	1	/eos/user/c/cglenn/FCCWork/whizard/whizard_ttbar_spinpol/production/full6f_365gev_ee_ttbar_spinpol_v1/phase11_diagnostics/excess_weight_rootcause_v1/ttbar_restricted_region_suite_v1/restricted/20260816T232058Z_WT_A15xS8_F012_FCC_np1_v1p0p2/fixed/A11_S1/F2/console.log	1
P_A11_S2	adaptive	A11_S2		A11		S2	1885084773	1596606550	"1:100000:""gw"",1:300000:""gw"",1:600000:""gw"""					/eos/user/c/cglenn/FCCWork/whizard/whizard_ttbar_spinpol/production/full6f_365gev_ee_ttbar_spinpol_v1/phase11_diagnostics/excess_weight_rootcause_v1/ttbar_restricted_region_suite_v1/restricted/20260816T232058Z_WT_A15xS8_F012_FCC_np1_v1p0p2/adaptive/A11_S2	PASS	PASS	0	516cd15ab307b2e2200ab836ba104f2b55e21d3edc8455005dec435b7310526b	5fc5fcaabdf28072b721bc66e1abc9ce7cbea3f9e18d62ca8a0753251dba99ca		0	1		/eos/user/c/cglenn/FCCWork/whizard/whizard_ttbar_spinpol/production/full6f_365gev_ee_ttbar_spinpol_v1/phase11_diagnostics/excess_weight_rootcause_v1/ttbar_restricted_region_suite_v1/restricted/20260816T232058Z_WT_A15xS8_F012_FCC_np1_v1p0p2/adaptive/A11_S2/console.log	1
C_A11_S2_F0	fixed	A11_S2_F0	A11_S2	A11	F0	S2	1885084773	1596606550	"1:100000:""gw"",1:300000:""gw"",1:600000:""gw"""	"3:200000:"""""				/eos/user/c/cglenn/FCCWork/whizard/whizard_ttbar_spinpol/production/full6f_365gev_ee_ttbar_spinpol_v1/phase11_diagnostics/excess_weight_rootcause_v1/ttbar_restricted_region_suite_v1/restricted/20260816T232058Z_WT_A15xS8_F012_FCC_np1_v1p0p2/fixed/A11_S2/F0	PASS	PASS	0	516cd15ab307b2e2200ab836ba104f2b55e21d3edc8455005dec435b7310526b	181ff8f0067f7467ceb64f4ac9f8e77842aa856a69efd35861aa55167b24ded5	5fc5fcaabdf28072b721bc66e1abc9ce7cbea3f9e18d62ca8a0753251dba99ca	3	0	1	/eos/user/c/cglenn/FCCWork/whizard/whizard_ttbar_spinpol/production/full6f_365gev_ee_ttbar_spinpol_v1/phase11_diagnostics/excess_weight_rootcause_v1/ttbar_restricted_region_suite_v1/restricted/20260816T232058Z_WT_A15xS8_F012_FCC_np1_v1p0p2/fixed/A11_S2/F0/console.log	1
C_A11_S2_F1	fixed	A11_S2_F1	A11_S2	A11	F1	S2	1885084773	1596606550	"1:100000:""gw"",1:300000:""gw"",1:600000:""gw"""	"1:600000:"""""				/eos/user/c/cglenn/FCCWork/whizard/whizard_ttbar_spinpol/production/full6f_365gev_ee_ttbar_spinpol_v1/phase11_diagnostics/excess_weight_rootcause_v1/ttbar_restricted_region_suite_v1/restricted/20260816T232058Z_WT_A15xS8_F012_FCC_np1_v1p0p2/fixed/A11_S2/F1	PASS	PASS	0	516cd15ab307b2e2200ab836ba104f2b55e21d3edc8455005dec435b7310526b	bef1e9686987ee69ede96779fc395dc605af6919084f269b832a3c72dc2b9f04	5fc5fcaabdf28072b721bc66e1abc9ce7cbea3f9e18d62ca8a0753251dba99ca	3	0	1	/eos/user/c/cglenn/FCCWork/whizard/whizard_ttbar_spinpol/production/full6f_365gev_ee_ttbar_spinpol_v1/phase11_diagnostics/excess_weight_rootcause_v1/ttbar_restricted_region_suite_v1/restricted/20260816T232058Z_WT_A15xS8_F012_FCC_np1_v1p0p2/fixed/A11_S2/F1/console.log	1
C_A11_S2_F2	fixed	A11_S2_F2	A11_S2	A11	F2	S2	1885084773	1596606550	"1:100000:""gw"",1:300000:""gw"",1:600000:""gw"""	"1:2000000:"""""				/eos/user/c/cglenn/FCCWork/whizard/whizard_ttbar_spinpol/production/full6f_365gev_ee_ttbar_spinpol_v1/phase11_diagnostics/excess_weight_rootcause_v1/ttbar_restricted_region_suite_v1/restricted/20260816T232058Z_WT_A15xS8_F012_FCC_np1_v1p0p2/fixed/A11_S2/F2	PASS	PASS	0	516cd15ab307b2e2200ab836ba104f2b55e21d3edc8455005dec435b7310526b	840581aa954dcba0db2f2fa68904797adc47aeef2241501a8af8639c3960d3eb	5fc5fcaabdf28072b721bc66e1abc9ce7cbea3f9e18d62ca8a0753251dba99ca	3	0	1	/eos/user/c/cglenn/FCCWork/whizard/whizard_ttbar_spinpol/production/full6f_365gev_ee_ttbar_spinpol_v1/phase11_diagnostics/excess_weight_rootcause_v1/ttbar_restricted_region_suite_v1/restricted/20260816T232058Z_WT_A15xS8_F012_FCC_np1_v1p0p2/fixed/A11_S2/F2/console.log	1
P_A11_S3	adaptive	A11_S3		A11		S3	134326786	769890491	"1:100000:""gw"",1:300000:""gw"",1:600000:""gw"""					/eos/user/c/cglenn/FCCWork/whizard/whizard_ttbar_spinpol/production/full6f_365gev_ee_ttbar_spinpol_v1/phase11_diagnostics/excess_weight_rootcause_v1/ttbar_restricted_region_suite_v1/restricted/20260816T232058Z_WT_A15xS8_F012_FCC_np1_v1p0p2/adaptive/A11_S3	PASS	PASS	0	516cd15ab307b2e2200ab836ba104f2b55e21d3edc8455005dec435b7310526b	b973410c438d0b0b32bbac3ee1302b94102bd2d6115a94c205404c86b7a43e67		0	1		/eos/user/c/cglenn/FCCWork/whizard/whizard_ttbar_spinpol/production/full6f_365gev_ee_ttbar_spinpol_v1/phase11_diagnostics/excess_weight_rootcause_v1/ttbar_restricted_region_suite_v1/restricted/20260816T232058Z_WT_A15xS8_F012_FCC_np1_v1p0p2/adaptive/A11_S3/console.log	1
C_A11_S3_F0	fixed	A11_S3_F0	A11_S3	A11	F0	S3	134326786	769890491	"1:100000:""gw"",1:300000:""gw"",1:600000:""gw"""	"3:200000:"""""				/eos/user/c/cglenn/FCCWork/whizard/whizard_ttbar_spinpol/production/full6f_365gev_ee_ttbar_spinpol_v1/phase11_diagnostics/excess_weight_rootcause_v1/ttbar_restricted_region_suite_v1/restricted/20260816T232058Z_WT_A15xS8_F012_FCC_np1_v1p0p2/fixed/A11_S3/F0	PASS	PASS	0	516cd15ab307b2e2200ab836ba104f2b55e21d3edc8455005dec435b7310526b	d396439abeaa3907c694a9f5de4d65aa4b16ccd0f439b99392bcd272ee676bc7	b973410c438d0b0b32bbac3ee1302b94102bd2d6115a94c205404c86b7a43e67	3	0	1	/eos/user/c/cglenn/FCCWork/whizard/whizard_ttbar_spinpol/production/full6f_365gev_ee_ttbar_spinpol_v1/phase11_diagnostics/excess_weight_rootcause_v1/ttbar_restricted_region_suite_v1/restricted/20260816T232058Z_WT_A15xS8_F012_FCC_np1_v1p0p2/fixed/A11_S3/F0/console.log	1
C_A11_S3_F1	fixed	A11_S3_F1	A11_S3	A11	F1	S3	134326786	769890491	"1:100000:""gw"",1:300000:""gw"",1:600000:""gw"""	"1:600000:"""""				/eos/user/c/cglenn/FCCWork/whizard/whizard_ttbar_spinpol/production/full6f_365gev_ee_ttbar_spinpol_v1/phase11_diagnostics/excess_weight_rootcause_v1/ttbar_restricted_region_suite_v1/restricted/20260816T232058Z_WT_A15xS8_F012_FCC_np1_v1p0p2/fixed/A11_S3/F1	PASS	PASS	0	516cd15ab307b2e2200ab836ba104f2b55e21d3edc8455005dec435b7310526b	da3d9fcbcac4ff65e9896d41c95c848a063eb9ffd3d367383e673f0cb3f26711	b973410c438d0b0b32bbac3ee1302b94102bd2d6115a94c205404c86b7a43e67	3	0	1	/eos/user/c/cglenn/FCCWork/whizard/whizard_ttbar_spinpol/production/full6f_365gev_ee_ttbar_spinpol_v1/phase11_diagnostics/excess_weight_rootcause_v1/ttbar_restricted_region_suite_v1/restricted/20260816T232058Z_WT_A15xS8_F012_FCC_np1_v1p0p2/fixed/A11_S3/F1/console.log	1
C_A11_S3_F2	fixed	A11_S3_F2	A11_S3	A11	F2	S3	134326786	769890491	"1:100000:""gw"",1:300000:""gw"",1:600000:""gw"""	"1:2000000:"""""				/eos/user/c/cglenn/FCCWork/whizard/whizard_ttbar_spinpol/production/full6f_365gev_ee_ttbar_spinpol_v1/phase11_diagnostics/excess_weight_rootcause_v1/ttbar_restricted_region_suite_v1/restricted/20260816T232058Z_WT_A15xS8_F012_FCC_np1_v1p0p2/fixed/A11_S3/F2	PASS	PASS	0	516cd15ab307b2e2200ab836ba104f2b55e21d3edc8455005dec435b7310526b	56b3eb00a12aa6a8feb30586b5d4e198f9a2cbf533b3fc892ed6b1cc5b9a60cb	b973410c438d0b0b32bbac3ee1302b94102bd2d6115a94c205404c86b7a43e67	3	0	1	/eos/user/c/cglenn/FCCWork/whizard/whizard_ttbar_spinpol/production/full6f_365gev_ee_ttbar_spinpol_v1/phase11_diagnostics/excess_weight_rootcause_v1/ttbar_restricted_region_suite_v1/restricted/20260816T232058Z_WT_A15xS8_F012_FCC_np1_v1p0p2/fixed/A11_S3/F2/console.log	1
P_A11_S4	adaptive	A11_S4		A11		S4	249371675	462903030	"1:100000:""gw"",1:300000:""gw"",1:600000:""gw"""					/eos/user/c/cglenn/FCCWork/whizard/whizard_ttbar_spinpol/production/full6f_365gev_ee_ttbar_spinpol_v1/phase11_diagnostics/excess_weight_rootcause_v1/ttbar_restricted_region_suite_v1/restricted/20260816T232058Z_WT_A15xS8_F012_FCC_np1_v1p0p2/adaptive/A11_S4	PASS	PASS	0	516cd15ab307b2e2200ab836ba104f2b55e21d3edc8455005dec435b7310526b	b1f28196030d356faa61505b5f5d4175e07c0341c6d4a17c59c371d9a5309112		0	1		/eos/user/c/cglenn/FCCWork/whizard/whizard_ttbar_spinpol/production/full6f_365gev_ee_ttbar_spinpol_v1/phase11_diagnostics/excess_weight_rootcause_v1/ttbar_restricted_region_suite_v1/restricted/20260816T232058Z_WT_A15xS8_F012_FCC_np1_v1p0p2/adaptive/A11_S4/console.log	1
C_A11_S4_F0	fixed	A11_S4_F0	A11_S4	A11	F0	S4	249371675	462903030	"1:100000:""gw"",1:300000:""gw"",1:600000:""gw"""	"3:200000:"""""				/eos/user/c/cglenn/FCCWork/whizard/whizard_ttbar_spinpol/production/full6f_365gev_ee_ttbar_spinpol_v1/phase11_diagnostics/excess_weight_rootcause_v1/ttbar_restricted_region_suite_v1/restricted/20260816T232058Z_WT_A15xS8_F012_FCC_np1_v1p0p2/fixed/A11_S4/F0	PASS	PASS	0	516cd15ab307b2e2200ab836ba104f2b55e21d3edc8455005dec435b7310526b	3eb61d9a2fac8d4b167d0ed0571ed0db7c5ac911d499c3d9fbc8110ce41b184a	b1f28196030d356faa61505b5f5d4175e07c0341c6d4a17c59c371d9a5309112	3	0	1	/eos/user/c/cglenn/FCCWork/whizard/whizard_ttbar_spinpol/production/full6f_365gev_ee_ttbar_spinpol_v1/phase11_diagnostics/excess_weight_rootcause_v1/ttbar_restricted_region_suite_v1/restricted/20260816T232058Z_WT_A15xS8_F012_FCC_np1_v1p0p2/fixed/A11_S4/F0/console.log	1
C_A11_S4_F1	fixed	A11_S4_F1	A11_S4	A11	F1	S4	249371675	462903030	"1:100000:""gw"",1:300000:""gw"",1:600000:""gw"""	"1:600000:"""""				/eos/user/c/cglenn/FCCWork/whizard/whizard_ttbar_spinpol/production/full6f_365gev_ee_ttbar_spinpol_v1/phase11_diagnostics/excess_weight_rootcause_v1/ttbar_restricted_region_suite_v1/restricted/20260816T232058Z_WT_A15xS8_F012_FCC_np1_v1p0p2/fixed/A11_S4/F1	PASS	PASS	0	516cd15ab307b2e2200ab836ba104f2b55e21d3edc8455005dec435b7310526b	0ab36ff26c9700277b606efb86f7804001a7e506de3d9485c4a992f22446df62	b1f28196030d356faa61505b5f5d4175e07c0341c6d4a17c59c371d9a5309112	3	0	1	/eos/user/c/cglenn/FCCWork/whizard/whizard_ttbar_spinpol/production/full6f_365gev_ee_ttbar_spinpol_v1/phase11_diagnostics/excess_weight_rootcause_v1/ttbar_restricted_region_suite_v1/restricted/20260816T232058Z_WT_A15xS8_F012_FCC_np1_v1p0p2/fixed/A11_S4/F1/console.log	1
C_A11_S4_F2	fixed	A11_S4_F2	A11_S4	A11	F2	S4	249371675	462903030	"1:100000:""gw"",1:300000:""gw"",1:600000:""gw"""	"1:2000000:"""""				/eos/user/c/cglenn/FCCWork/whizard/whizard_ttbar_spinpol/production/full6f_365gev_ee_ttbar_spinpol_v1/phase11_diagnostics/excess_weight_rootcause_v1/ttbar_restricted_region_suite_v1/restricted/20260816T232058Z_WT_A15xS8_F012_FCC_np1_v1p0p2/fixed/A11_S4/F2	PASS	PASS	0	516cd15ab307b2e2200ab836ba104f2b55e21d3edc8455005dec435b7310526b	019fe9830ca329c2b0ee9367187b47b295c90768fa1dacf9c60a621992199cb6	b1f28196030d356faa61505b5f5d4175e07c0341c6d4a17c59c371d9a5309112	3	0	1	/eos/user/c/cglenn/FCCWork/whizard/whizard_ttbar_spinpol/production/full6f_365gev_ee_ttbar_spinpol_v1/phase11_diagnostics/excess_weight_rootcause_v1/ttbar_restricted_region_suite_v1/restricted/20260816T232058Z_WT_A15xS8_F012_FCC_np1_v1p0p2/fixed/A11_S4/F2/console.log	1
P_A11_S5	adaptive	A11_S5		A11		S5	531087687	197846737	"1:100000:""gw"",1:300000:""gw"",1:600000:""gw"""					/eos/user/c/cglenn/FCCWork/whizard/whizard_ttbar_spinpol/production/full6f_365gev_ee_ttbar_spinpol_v1/phase11_diagnostics/excess_weight_rootcause_v1/ttbar_restricted_region_suite_v1/restricted/20260816T232058Z_WT_A15xS8_F012_FCC_np1_v1p0p2/adaptive/A11_S5	PASS	PASS	0	516cd15ab307b2e2200ab836ba104f2b55e21d3edc8455005dec435b7310526b	4ffa833d34a1ed272c983354bb889184b25e80d4aa89a92605579a3d02431fe7		0	1		/eos/user/c/cglenn/FCCWork/whizard/whizard_ttbar_spinpol/production/full6f_365gev_ee_ttbar_spinpol_v1/phase11_diagnostics/excess_weight_rootcause_v1/ttbar_restricted_region_suite_v1/restricted/20260816T232058Z_WT_A15xS8_F012_FCC_np1_v1p0p2/adaptive/A11_S5/console.log	1
C_A11_S5_F0	fixed	A11_S5_F0	A11_S5	A11	F0	S5	531087687	197846737	"1:100000:""gw"",1:300000:""gw"",1:600000:""gw"""	"3:200000:"""""				/eos/user/c/cglenn/FCCWork/whizard/whizard_ttbar_spinpol/production/full6f_365gev_ee_ttbar_spinpol_v1/phase11_diagnostics/excess_weight_rootcause_v1/ttbar_restricted_region_suite_v1/restricted/20260816T232058Z_WT_A15xS8_F012_FCC_np1_v1p0p2/fixed/A11_S5/F0	PASS	PASS	0	516cd15ab307b2e2200ab836ba104f2b55e21d3edc8455005dec435b7310526b	c8f1f379e6a2165818983321367b59b2a357896559c9c10294584ecd86668f7b	4ffa833d34a1ed272c983354bb889184b25e80d4aa89a92605579a3d02431fe7	3	0	1	/eos/user/c/cglenn/FCCWork/whizard/whizard_ttbar_spinpol/production/full6f_365gev_ee_ttbar_spinpol_v1/phase11_diagnostics/excess_weight_rootcause_v1/ttbar_restricted_region_suite_v1/restricted/20260816T232058Z_WT_A15xS8_F012_FCC_np1_v1p0p2/fixed/A11_S5/F0/console.log	1
C_A11_S5_F1	fixed	A11_S5_F1	A11_S5	A11	F1	S5	531087687	197846737	"1:100000:""gw"",1:300000:""gw"",1:600000:""gw"""	"1:600000:"""""				/eos/user/c/cglenn/FCCWork/whizard/whizard_ttbar_spinpol/production/full6f_365gev_ee_ttbar_spinpol_v1/phase11_diagnostics/excess_weight_rootcause_v1/ttbar_restricted_region_suite_v1/restricted/20260816T232058Z_WT_A15xS8_F012_FCC_np1_v1p0p2/fixed/A11_S5/F1	PASS	PASS	0	516cd15ab307b2e2200ab836ba104f2b55e21d3edc8455005dec435b7310526b	652316ef4caf5c798b4633ecddf550e7ead989b137513a15a5190fec5204acdd	4ffa833d34a1ed272c983354bb889184b25e80d4aa89a92605579a3d02431fe7	3	0	1	/eos/user/c/cglenn/FCCWork/whizard/whizard_ttbar_spinpol/production/full6f_365gev_ee_ttbar_spinpol_v1/phase11_diagnostics/excess_weight_rootcause_v1/ttbar_restricted_region_suite_v1/restricted/20260816T232058Z_WT_A15xS8_F012_FCC_np1_v1p0p2/fixed/A11_S5/F1/console.log	1
C_A11_S5_F2	fixed	A11_S5_F2	A11_S5	A11	F2	S5	531087687	197846737	"1:100000:""gw"",1:300000:""gw"",1:600000:""gw"""	"1:2000000:"""""				/eos/user/c/cglenn/FCCWork/whizard/whizard_ttbar_spinpol/production/full6f_365gev_ee_ttbar_spinpol_v1/phase11_diagnostics/excess_weight_rootcause_v1/ttbar_restricted_region_suite_v1/restricted/20260816T232058Z_WT_A15xS8_F012_FCC_np1_v1p0p2/fixed/A11_S5/F2	PASS	PASS	0	516cd15ab307b2e2200ab836ba104f2b55e21d3edc8455005dec435b7310526b	b169bd18686a8c49fd7dce0107e029f314120d17822ef0c03cf68d13d49df691	4ffa833d34a1ed272c983354bb889184b25e80d4aa89a92605579a3d02431fe7	3	0	1	/eos/user/c/cglenn/FCCWork/whizard/whizard_ttbar_spinpol/production/full6f_365gev_ee_ttbar_spinpol_v1/phase11_diagnostics/excess_weight_rootcause_v1/ttbar_restricted_region_suite_v1/restricted/20260816T232058Z_WT_A15xS8_F012_FCC_np1_v1p0p2/fixed/A11_S5/F2/console.log	1
P_A11_S6	adaptive	A11_S6		A11		S6	519963689	958460417	"1:100000:""gw"",1:300000:""gw"",1:600000:""gw"""					/eos/user/c/cglenn/FCCWork/whizard/whizard_ttbar_spinpol/production/full6f_365gev_ee_ttbar_spinpol_v1/phase11_diagnostics/excess_weight_rootcause_v1/ttbar_restricted_region_suite_v1/restricted/20260816T232058Z_WT_A15xS8_F012_FCC_np1_v1p0p2/adaptive/A11_S6	PASS	PASS	0	516cd15ab307b2e2200ab836ba104f2b55e21d3edc8455005dec435b7310526b	2ca6e2d02a22411908948cab004eda6221bfd9e276209ff36e811d4907a55a7e		0	1		/eos/user/c/cglenn/FCCWork/whizard/whizard_ttbar_spinpol/production/full6f_365gev_ee_ttbar_spinpol_v1/phase11_diagnostics/excess_weight_rootcause_v1/ttbar_restricted_region_suite_v1/restricted/20260816T232058Z_WT_A15xS8_F012_FCC_np1_v1p0p2/adaptive/A11_S6/console.log	1
C_A11_S6_F0	fixed	A11_S6_F0	A11_S6	A11	F0	S6	519963689	958460417	"1:100000:""gw"",1:300000:""gw"",1:600000:""gw"""	"3:200000:"""""				/eos/user/c/cglenn/FCCWork/whizard/whizard_ttbar_spinpol/production/full6f_365gev_ee_ttbar_spinpol_v1/phase11_diagnostics/excess_weight_rootcause_v1/ttbar_restricted_region_suite_v1/restricted/20260816T232058Z_WT_A15xS8_F012_FCC_np1_v1p0p2/fixed/A11_S6/F0	PASS	PASS	0	516cd15ab307b2e2200ab836ba104f2b55e21d3edc8455005dec435b7310526b	6a0056eaf27c163979088ebdcd8ee714aded2a3f8b75f2cbfbec50a83217cb85	2ca6e2d02a22411908948cab004eda6221bfd9e276209ff36e811d4907a55a7e	3	0	1	/eos/user/c/cglenn/FCCWork/whizard/whizard_ttbar_spinpol/production/full6f_365gev_ee_ttbar_spinpol_v1/phase11_diagnostics/excess_weight_rootcause_v1/ttbar_restricted_region_suite_v1/restricted/20260816T232058Z_WT_A15xS8_F012_FCC_np1_v1p0p2/fixed/A11_S6/F0/console.log	1
C_A11_S6_F1	fixed	A11_S6_F1	A11_S6	A11	F1	S6	519963689	958460417	"1:100000:""gw"",1:300000:""gw"",1:600000:""gw"""	"1:600000:"""""				/eos/user/c/cglenn/FCCWork/whizard/whizard_ttbar_spinpol/production/full6f_365gev_ee_ttbar_spinpol_v1/phase11_diagnostics/excess_weight_rootcause_v1/ttbar_restricted_region_suite_v1/restricted/20260816T232058Z_WT_A15xS8_F012_FCC_np1_v1p0p2/fixed/A11_S6/F1	PASS	PASS	0	516cd15ab307b2e2200ab836ba104f2b55e21d3edc8455005dec435b7310526b	7e6617274743fb5c8a094af0f08796bd6879da6e24d39cb19035ade44308ee52	2ca6e2d02a22411908948cab004eda6221bfd9e276209ff36e811d4907a55a7e	3	0	1	/eos/user/c/cglenn/FCCWork/whizard/whizard_ttbar_spinpol/production/full6f_365gev_ee_ttbar_spinpol_v1/phase11_diagnostics/excess_weight_rootcause_v1/ttbar_restricted_region_suite_v1/restricted/20260816T232058Z_WT_A15xS8_F012_FCC_np1_v1p0p2/fixed/A11_S6/F1/console.log	1
C_A11_S6_F2	fixed	A11_S6_F2	A11_S6	A11	F2	S6	519963689	958460417	"1:100000:""gw"",1:300000:""gw"",1:600000:""gw"""	"1:2000000:"""""				/eos/user/c/cglenn/FCCWork/whizard/whizard_ttbar_spinpol/production/full6f_365gev_ee_ttbar_spinpol_v1/phase11_diagnostics/excess_weight_rootcause_v1/ttbar_restricted_region_suite_v1/restricted/20260816T232058Z_WT_A15xS8_F012_FCC_np1_v1p0p2/fixed/A11_S6/F2	PASS	PASS	0	516cd15ab307b2e2200ab836ba104f2b55e21d3edc8455005dec435b7310526b	7837f2b8bacf6ee26588b907b5ccd3be1e794f21e37dfb8828a4a5774e0f315a	2ca6e2d02a22411908948cab004eda6221bfd9e276209ff36e811d4907a55a7e	3	0	1	/eos/user/c/cglenn/FCCWork/whizard/whizard_ttbar_spinpol/production/full6f_365gev_ee_ttbar_spinpol_v1/phase11_diagnostics/excess_weight_rootcause_v1/ttbar_restricted_region_suite_v1/restricted/20260816T232058Z_WT_A15xS8_F012_FCC_np1_v1p0p2/fixed/A11_S6/F2/console.log	1
P_A11_S7	adaptive	A11_S7		A11		S7	1552803368	239117595	"1:100000:""gw"",1:300000:""gw"",1:600000:""gw"""					/eos/user/c/cglenn/FCCWork/whizard/whizard_ttbar_spinpol/production/full6f_365gev_ee_ttbar_spinpol_v1/phase11_diagnostics/excess_weight_rootcause_v1/ttbar_restricted_region_suite_v1/restricted/20260816T232058Z_WT_A15xS8_F012_FCC_np1_v1p0p2/adaptive/A11_S7	PASS	PASS	0	516cd15ab307b2e2200ab836ba104f2b55e21d3edc8455005dec435b7310526b	2155f168edf95b276ab48c79b069b3c8a8c0ed739b2bb8c1ebe94c6a26340353		0	1		/eos/user/c/cglenn/FCCWork/whizard/whizard_ttbar_spinpol/production/full6f_365gev_ee_ttbar_spinpol_v1/phase11_diagnostics/excess_weight_rootcause_v1/ttbar_restricted_region_suite_v1/restricted/20260816T232058Z_WT_A15xS8_F012_FCC_np1_v1p0p2/adaptive/A11_S7/console.log	1
C_A11_S7_F0	fixed	A11_S7_F0	A11_S7	A11	F0	S7	1552803368	239117595	"1:100000:""gw"",1:300000:""gw"",1:600000:""gw"""	"3:200000:"""""				/eos/user/c/cglenn/FCCWork/whizard/whizard_ttbar_spinpol/production/full6f_365gev_ee_ttbar_spinpol_v1/phase11_diagnostics/excess_weight_rootcause_v1/ttbar_restricted_region_suite_v1/restricted/20260816T232058Z_WT_A15xS8_F012_FCC_np1_v1p0p2/fixed/A11_S7/F0	PASS	PASS	0	516cd15ab307b2e2200ab836ba104f2b55e21d3edc8455005dec435b7310526b	544c51615bda6e03982b117dde1743e216fc17c7706059cab1ec90c5999cfa75	2155f168edf95b276ab48c79b069b3c8a8c0ed739b2bb8c1ebe94c6a26340353	3	0	1	/eos/user/c/cglenn/FCCWork/whizard/whizard_ttbar_spinpol/production/full6f_365gev_ee_ttbar_spinpol_v1/phase11_diagnostics/excess_weight_rootcause_v1/ttbar_restricted_region_suite_v1/restricted/20260816T232058Z_WT_A15xS8_F012_FCC_np1_v1p0p2/fixed/A11_S7/F0/console.log	1
C_A11_S7_F1	fixed	A11_S7_F1	A11_S7	A11	F1	S7	1552803368	239117595	"1:100000:""gw"",1:300000:""gw"",1:600000:""gw"""	"1:600000:"""""				/eos/user/c/cglenn/FCCWork/whizard/whizard_ttbar_spinpol/production/full6f_365gev_ee_ttbar_spinpol_v1/phase11_diagnostics/excess_weight_rootcause_v1/ttbar_restricted_region_suite_v1/restricted/20260816T232058Z_WT_A15xS8_F012_FCC_np1_v1p0p2/fixed/A11_S7/F1	PASS	PASS	0	516cd15ab307b2e2200ab836ba104f2b55e21d3edc8455005dec435b7310526b	74b15f50213a7387aba64e4ed2afc8f18b0e2aef30d20ba5975358b159193c66	2155f168edf95b276ab48c79b069b3c8a8c0ed739b2bb8c1ebe94c6a26340353	3	0	1	/eos/user/c/cglenn/FCCWork/whizard/whizard_ttbar_spinpol/production/full6f_365gev_ee_ttbar_spinpol_v1/phase11_diagnostics/excess_weight_rootcause_v1/ttbar_restricted_region_suite_v1/restricted/20260816T232058Z_WT_A15xS8_F012_FCC_np1_v1p0p2/fixed/A11_S7/F1/console.log	1
C_A11_S7_F2	fixed	A11_S7_F2	A11_S7	A11	F2	S7	1552803368	239117595	"1:100000:""gw"",1:300000:""gw"",1:600000:""gw"""	"1:2000000:"""""				/eos/user/c/cglenn/FCCWork/whizard/whizard_ttbar_spinpol/production/full6f_365gev_ee_ttbar_spinpol_v1/phase11_diagnostics/excess_weight_rootcause_v1/ttbar_restricted_region_suite_v1/restricted/20260816T232058Z_WT_A15xS8_F012_FCC_np1_v1p0p2/fixed/A11_S7/F2	PASS	PASS	0	516cd15ab307b2e2200ab836ba104f2b55e21d3edc8455005dec435b7310526b	f042f5e35b49b82752bd4bf2b94db8b20a7900c47d88533c51886bccecad4684	2155f168edf95b276ab48c79b069b3c8a8c0ed739b2bb8c1ebe94c6a26340353	3	0	1	/eos/user/c/cglenn/FCCWork/whizard/whizard_ttbar_spinpol/production/full6f_365gev_ee_ttbar_spinpol_v1/phase11_diagnostics/excess_weight_rootcause_v1/ttbar_restricted_region_suite_v1/restricted/20260816T232058Z_WT_A15xS8_F012_FCC_np1_v1p0p2/fixed/A11_S7/F2/console.log	1
P_A12_S0	adaptive	A12_S0		A12		S0	1740114216	648318690	"1:250000:""gw"",1:500000:""gw"",1:1000000:""gw"""					/eos/user/c/cglenn/FCCWork/whizard/whizard_ttbar_spinpol/production/full6f_365gev_ee_ttbar_spinpol_v1/phase11_diagnostics/excess_weight_rootcause_v1/ttbar_restricted_region_suite_v1/restricted/20260816T232058Z_WT_A15xS8_F012_FCC_np1_v1p0p2/adaptive/A12_S0	PASS	PASS	0	516cd15ab307b2e2200ab836ba104f2b55e21d3edc8455005dec435b7310526b	682efd4dd4ff5d0c32ba6ff24456338f058161b2c4b88a6bc1f0249adf38ad4c		0	1		/eos/user/c/cglenn/FCCWork/whizard/whizard_ttbar_spinpol/production/full6f_365gev_ee_ttbar_spinpol_v1/phase11_diagnostics/excess_weight_rootcause_v1/ttbar_restricted_region_suite_v1/restricted/20260816T232058Z_WT_A15xS8_F012_FCC_np1_v1p0p2/adaptive/A12_S0/console.log	1
C_A12_S0_F0	fixed	A12_S0_F0	A12_S0	A12	F0	S0	1740114216	648318690	"1:250000:""gw"",1:500000:""gw"",1:1000000:""gw"""	"3:200000:"""""				/eos/user/c/cglenn/FCCWork/whizard/whizard_ttbar_spinpol/production/full6f_365gev_ee_ttbar_spinpol_v1/phase11_diagnostics/excess_weight_rootcause_v1/ttbar_restricted_region_suite_v1/restricted/20260816T232058Z_WT_A15xS8_F012_FCC_np1_v1p0p2/fixed/A12_S0/F0	PASS	PASS	0	516cd15ab307b2e2200ab836ba104f2b55e21d3edc8455005dec435b7310526b	47b56a23ed1907390884fe6487dc914efade21b6e561a8693266c353790b49dc	682efd4dd4ff5d0c32ba6ff24456338f058161b2c4b88a6bc1f0249adf38ad4c	3	0	1	/eos/user/c/cglenn/FCCWork/whizard/whizard_ttbar_spinpol/production/full6f_365gev_ee_ttbar_spinpol_v1/phase11_diagnostics/excess_weight_rootcause_v1/ttbar_restricted_region_suite_v1/restricted/20260816T232058Z_WT_A15xS8_F012_FCC_np1_v1p0p2/fixed/A12_S0/F0/console.log	1
C_A12_S0_F1	fixed	A12_S0_F1	A12_S0	A12	F1	S0	1740114216	648318690	"1:250000:""gw"",1:500000:""gw"",1:1000000:""gw"""	"1:600000:"""""				/eos/user/c/cglenn/FCCWork/whizard/whizard_ttbar_spinpol/production/full6f_365gev_ee_ttbar_spinpol_v1/phase11_diagnostics/excess_weight_rootcause_v1/ttbar_restricted_region_suite_v1/restricted/20260816T232058Z_WT_A15xS8_F012_FCC_np1_v1p0p2/fixed/A12_S0/F1	PASS	PASS	0	516cd15ab307b2e2200ab836ba104f2b55e21d3edc8455005dec435b7310526b	2563d6239ee874829a2073e1f4015371f6e32cc458ab8d4e64ae2d7f0ae88b6a	682efd4dd4ff5d0c32ba6ff24456338f058161b2c4b88a6bc1f0249adf38ad4c	3	0	1	/eos/user/c/cglenn/FCCWork/whizard/whizard_ttbar_spinpol/production/full6f_365gev_ee_ttbar_spinpol_v1/phase11_diagnostics/excess_weight_rootcause_v1/ttbar_restricted_region_suite_v1/restricted/20260816T232058Z_WT_A15xS8_F012_FCC_np1_v1p0p2/fixed/A12_S0/F1/console.log	1
C_A12_S0_F2	fixed	A12_S0_F2	A12_S0	A12	F2	S0	1740114216	648318690	"1:250000:""gw"",1:500000:""gw"",1:1000000:""gw"""	"1:2000000:"""""				/eos/user/c/cglenn/FCCWork/whizard/whizard_ttbar_spinpol/production/full6f_365gev_ee_ttbar_spinpol_v1/phase11_diagnostics/excess_weight_rootcause_v1/ttbar_restricted_region_suite_v1/restricted/20260816T232058Z_WT_A15xS8_F012_FCC_np1_v1p0p2/fixed/A12_S0/F2	PASS	PASS	0	516cd15ab307b2e2200ab836ba104f2b55e21d3edc8455005dec435b7310526b	3a4fbd4153e8889e21b1620eeb88bf37993579ee0dc0944e04f6fb78858aea3c	682efd4dd4ff5d0c32ba6ff24456338f058161b2c4b88a6bc1f0249adf38ad4c	3	0	1	/eos/user/c/cglenn/FCCWork/whizard/whizard_ttbar_spinpol/production/full6f_365gev_ee_ttbar_spinpol_v1/phase11_diagnostics/excess_weight_rootcause_v1/ttbar_restricted_region_suite_v1/restricted/20260816T232058Z_WT_A15xS8_F012_FCC_np1_v1p0p2/fixed/A12_S0/F2/console.log	1
P_A12_S1	adaptive	A12_S1		A12		S1	1751949026	1404282457	"1:250000:""gw"",1:500000:""gw"",1:1000000:""gw"""					/eos/user/c/cglenn/FCCWork/whizard/whizard_ttbar_spinpol/production/full6f_365gev_ee_ttbar_spinpol_v1/phase11_diagnostics/excess_weight_rootcause_v1/ttbar_restricted_region_suite_v1/restricted/20260816T232058Z_WT_A15xS8_F012_FCC_np1_v1p0p2/adaptive/A12_S1	PASS	PASS	0	516cd15ab307b2e2200ab836ba104f2b55e21d3edc8455005dec435b7310526b	1c59e994f98c186170190fdc048785e25afd4073922ba68d132b9ff21490885b		0	1		/eos/user/c/cglenn/FCCWork/whizard/whizard_ttbar_spinpol/production/full6f_365gev_ee_ttbar_spinpol_v1/phase11_diagnostics/excess_weight_rootcause_v1/ttbar_restricted_region_suite_v1/restricted/20260816T232058Z_WT_A15xS8_F012_FCC_np1_v1p0p2/adaptive/A12_S1/console.log	1
C_A12_S1_F0	fixed	A12_S1_F0	A12_S1	A12	F0	S1	1751949026	1404282457	"1:250000:""gw"",1:500000:""gw"",1:1000000:""gw"""	"3:200000:"""""				/eos/user/c/cglenn/FCCWork/whizard/whizard_ttbar_spinpol/production/full6f_365gev_ee_ttbar_spinpol_v1/phase11_diagnostics/excess_weight_rootcause_v1/ttbar_restricted_region_suite_v1/restricted/20260816T232058Z_WT_A15xS8_F012_FCC_np1_v1p0p2/fixed/A12_S1/F0	PASS	PASS	0	516cd15ab307b2e2200ab836ba104f2b55e21d3edc8455005dec435b7310526b	7b48c7b0e52c5a6cb2ad442e815de46936273158d77091ddf1043b2d9665db89	1c59e994f98c186170190fdc048785e25afd4073922ba68d132b9ff21490885b	3	0	1	/eos/user/c/cglenn/FCCWork/whizard/whizard_ttbar_spinpol/production/full6f_365gev_ee_ttbar_spinpol_v1/phase11_diagnostics/excess_weight_rootcause_v1/ttbar_restricted_region_suite_v1/restricted/20260816T232058Z_WT_A15xS8_F012_FCC_np1_v1p0p2/fixed/A12_S1/F0/console.log	1
C_A12_S1_F1	fixed	A12_S1_F1	A12_S1	A12	F1	S1	1751949026	1404282457	"1:250000:""gw"",1:500000:""gw"",1:1000000:""gw"""	"1:600000:"""""				/eos/user/c/cglenn/FCCWork/whizard/whizard_ttbar_spinpol/production/full6f_365gev_ee_ttbar_spinpol_v1/phase11_diagnostics/excess_weight_rootcause_v1/ttbar_restricted_region_suite_v1/restricted/20260816T232058Z_WT_A15xS8_F012_FCC_np1_v1p0p2/fixed/A12_S1/F1	PASS	PASS	0	516cd15ab307b2e2200ab836ba104f2b55e21d3edc8455005dec435b7310526b	e9be4ecd71753c66291615c330b92bdf848204e392fd2f19cb98abb3963cfe93	1c59e994f98c186170190fdc048785e25afd4073922ba68d132b9ff21490885b	3	0	1	/eos/user/c/cglenn/FCCWork/whizard/whizard_ttbar_spinpol/production/full6f_365gev_ee_ttbar_spinpol_v1/phase11_diagnostics/excess_weight_rootcause_v1/ttbar_restricted_region_suite_v1/restricted/20260816T232058Z_WT_A15xS8_F012_FCC_np1_v1p0p2/fixed/A12_S1/F1/console.log	1
C_A12_S1_F2	fixed	A12_S1_F2	A12_S1	A12	F2	S1	1751949026	1404282457	"1:250000:""gw"",1:500000:""gw"",1:1000000:""gw"""	"1:2000000:"""""				/eos/user/c/cglenn/FCCWork/whizard/whizard_ttbar_spinpol/production/full6f_365gev_ee_ttbar_spinpol_v1/phase11_diagnostics/excess_weight_rootcause_v1/ttbar_restricted_region_suite_v1/restricted/20260816T232058Z_WT_A15xS8_F012_FCC_np1_v1p0p2/fixed/A12_S1/F2	PASS	PASS	0	516cd15ab307b2e2200ab836ba104f2b55e21d3edc8455005dec435b7310526b	7f9dea6de46660435f065bc635459b9be836d94bd4a6c3bf36fd25eff43f8dea	1c59e994f98c186170190fdc048785e25afd4073922ba68d132b9ff21490885b	3	0	1	/eos/user/c/cglenn/FCCWork/whizard/whizard_ttbar_spinpol/production/full6f_365gev_ee_ttbar_spinpol_v1/phase11_diagnostics/excess_weight_rootcause_v1/ttbar_restricted_region_suite_v1/restricted/20260816T232058Z_WT_A15xS8_F012_FCC_np1_v1p0p2/fixed/A12_S1/F2/console.log	1
P_A12_S2	adaptive	A12_S2		A12		S2	1885084773	1596606550	"1:250000:""gw"",1:500000:""gw"",1:1000000:""gw"""					/eos/user/c/cglenn/FCCWork/whizard/whizard_ttbar_spinpol/production/full6f_365gev_ee_ttbar_spinpol_v1/phase11_diagnostics/excess_weight_rootcause_v1/ttbar_restricted_region_suite_v1/restricted/20260816T232058Z_WT_A15xS8_F012_FCC_np1_v1p0p2/adaptive/A12_S2	PASS	PASS	0	516cd15ab307b2e2200ab836ba104f2b55e21d3edc8455005dec435b7310526b	fc1f9a2ad1a8e4f8ebc4560e564f5755e50a4ce4532c2c8d5f08c2f1d9952a49		0	1		/eos/user/c/cglenn/FCCWork/whizard/whizard_ttbar_spinpol/production/full6f_365gev_ee_ttbar_spinpol_v1/phase11_diagnostics/excess_weight_rootcause_v1/ttbar_restricted_region_suite_v1/restricted/20260816T232058Z_WT_A15xS8_F012_FCC_np1_v1p0p2/adaptive/A12_S2/console.log	1
C_A12_S2_F0	fixed	A12_S2_F0	A12_S2	A12	F0	S2	1885084773	1596606550	"1:250000:""gw"",1:500000:""gw"",1:1000000:""gw"""	"3:200000:"""""				/eos/user/c/cglenn/FCCWork/whizard/whizard_ttbar_spinpol/production/full6f_365gev_ee_ttbar_spinpol_v1/phase11_diagnostics/excess_weight_rootcause_v1/ttbar_restricted_region_suite_v1/restricted/20260816T232058Z_WT_A15xS8_F012_FCC_np1_v1p0p2/fixed/A12_S2/F0	PASS	PASS	0	516cd15ab307b2e2200ab836ba104f2b55e21d3edc8455005dec435b7310526b	e3ec533ef10945a06a04b855cd58abdd4ddf899ba98da96bbd496033bf80d34a	fc1f9a2ad1a8e4f8ebc4560e564f5755e50a4ce4532c2c8d5f08c2f1d9952a49	3	0	1	/eos/user/c/cglenn/FCCWork/whizard/whizard_ttbar_spinpol/production/full6f_365gev_ee_ttbar_spinpol_v1/phase11_diagnostics/excess_weight_rootcause_v1/ttbar_restricted_region_suite_v1/restricted/20260816T232058Z_WT_A15xS8_F012_FCC_np1_v1p0p2/fixed/A12_S2/F0/console.log	1
C_A12_S2_F1	fixed	A12_S2_F1	A12_S2	A12	F1	S2	1885084773	1596606550	"1:250000:""gw"",1:500000:""gw"",1:1000000:""gw"""	"1:600000:"""""				/eos/user/c/cglenn/FCCWork/whizard/whizard_ttbar_spinpol/production/full6f_365gev_ee_ttbar_spinpol_v1/phase11_diagnostics/excess_weight_rootcause_v1/ttbar_restricted_region_suite_v1/restricted/20260816T232058Z_WT_A15xS8_F012_FCC_np1_v1p0p2/fixed/A12_S2/F1	PASS	PASS	0	516cd15ab307b2e2200ab836ba104f2b55e21d3edc8455005dec435b7310526b	44e8eeca831a5ed283e0f65b4c9c12eef3bea84ba3735841a6d98500c16cd49e	fc1f9a2ad1a8e4f8ebc4560e564f5755e50a4ce4532c2c8d5f08c2f1d9952a49	3	0	1	/eos/user/c/cglenn/FCCWork/whizard/whizard_ttbar_spinpol/production/full6f_365gev_ee_ttbar_spinpol_v1/phase11_diagnostics/excess_weight_rootcause_v1/ttbar_restricted_region_suite_v1/restricted/20260816T232058Z_WT_A15xS8_F012_FCC_np1_v1p0p2/fixed/A12_S2/F1/console.log	1
C_A12_S2_F2	fixed	A12_S2_F2	A12_S2	A12	F2	S2	1885084773	1596606550	"1:250000:""gw"",1:500000:""gw"",1:1000000:""gw"""	"1:2000000:"""""				/eos/user/c/cglenn/FCCWork/whizard/whizard_ttbar_spinpol/production/full6f_365gev_ee_ttbar_spinpol_v1/phase11_diagnostics/excess_weight_rootcause_v1/ttbar_restricted_region_suite_v1/restricted/20260816T232058Z_WT_A15xS8_F012_FCC_np1_v1p0p2/fixed/A12_S2/F2	PASS	PASS	0	516cd15ab307b2e2200ab836ba104f2b55e21d3edc8455005dec435b7310526b	08e4db2a73f6c4c143a7d278ac1a5e784e3d26e208bcf9d7084b059c37935c48	fc1f9a2ad1a8e4f8ebc4560e564f5755e50a4ce4532c2c8d5f08c2f1d9952a49	3	0	1	/eos/user/c/cglenn/FCCWork/whizard/whizard_ttbar_spinpol/production/full6f_365gev_ee_ttbar_spinpol_v1/phase11_diagnostics/excess_weight_rootcause_v1/ttbar_restricted_region_suite_v1/restricted/20260816T232058Z_WT_A15xS8_F012_FCC_np1_v1p0p2/fixed/A12_S2/F2/console.log	1
P_A12_S3	adaptive	A12_S3		A12		S3	134326786	769890491	"1:250000:""gw"",1:500000:""gw"",1:1000000:""gw"""					/eos/user/c/cglenn/FCCWork/whizard/whizard_ttbar_spinpol/production/full6f_365gev_ee_ttbar_spinpol_v1/phase11_diagnostics/excess_weight_rootcause_v1/ttbar_restricted_region_suite_v1/restricted/20260816T232058Z_WT_A15xS8_F012_FCC_np1_v1p0p2/adaptive/A12_S3	PASS	PASS	0	516cd15ab307b2e2200ab836ba104f2b55e21d3edc8455005dec435b7310526b	e048fd7066777421071c40ff27335449740e754e506755b44982bedf796bdc89		0	1		/eos/user/c/cglenn/FCCWork/whizard/whizard_ttbar_spinpol/production/full6f_365gev_ee_ttbar_spinpol_v1/phase11_diagnostics/excess_weight_rootcause_v1/ttbar_restricted_region_suite_v1/restricted/20260816T232058Z_WT_A15xS8_F012_FCC_np1_v1p0p2/adaptive/A12_S3/console.log	1
C_A12_S3_F0	fixed	A12_S3_F0	A12_S3	A12	F0	S3	134326786	769890491	"1:250000:""gw"",1:500000:""gw"",1:1000000:""gw"""	"3:200000:"""""				/eos/user/c/cglenn/FCCWork/whizard/whizard_ttbar_spinpol/production/full6f_365gev_ee_ttbar_spinpol_v1/phase11_diagnostics/excess_weight_rootcause_v1/ttbar_restricted_region_suite_v1/restricted/20260816T232058Z_WT_A15xS8_F012_FCC_np1_v1p0p2/fixed/A12_S3/F0	PASS	PASS	0	516cd15ab307b2e2200ab836ba104f2b55e21d3edc8455005dec435b7310526b	e5874aef4aa91fcdf55dc1b2ddebafd5a1273bb38805ac05edc48b7f780f6448	e048fd7066777421071c40ff27335449740e754e506755b44982bedf796bdc89	3	0	1	/eos/user/c/cglenn/FCCWork/whizard/whizard_ttbar_spinpol/production/full6f_365gev_ee_ttbar_spinpol_v1/phase11_diagnostics/excess_weight_rootcause_v1/ttbar_restricted_region_suite_v1/restricted/20260816T232058Z_WT_A15xS8_F012_FCC_np1_v1p0p2/fixed/A12_S3/F0/console.log	1
C_A12_S3_F1	fixed	A12_S3_F1	A12_S3	A12	F1	S3	134326786	769890491	"1:250000:""gw"",1:500000:""gw"",1:1000000:""gw"""	"1:600000:"""""				/eos/user/c/cglenn/FCCWork/whizard/whizard_ttbar_spinpol/production/full6f_365gev_ee_ttbar_spinpol_v1/phase11_diagnostics/excess_weight_rootcause_v1/ttbar_restricted_region_suite_v1/restricted/20260816T232058Z_WT_A15xS8_F012_FCC_np1_v1p0p2/fixed/A12_S3/F1	PASS	PASS	0	516cd15ab307b2e2200ab836ba104f2b55e21d3edc8455005dec435b7310526b	3d9bf91ffa8990baf05ad0d37a24e898bbf4c74378099fa336b4e4c8bee24d9c	e048fd7066777421071c40ff27335449740e754e506755b44982bedf796bdc89	3	0	1	/eos/user/c/cglenn/FCCWork/whizard/whizard_ttbar_spinpol/production/full6f_365gev_ee_ttbar_spinpol_v1/phase11_diagnostics/excess_weight_rootcause_v1/ttbar_restricted_region_suite_v1/restricted/20260816T232058Z_WT_A15xS8_F012_FCC_np1_v1p0p2/fixed/A12_S3/F1/console.log	1
C_A12_S3_F2	fixed	A12_S3_F2	A12_S3	A12	F2	S3	134326786	769890491	"1:250000:""gw"",1:500000:""gw"",1:1000000:""gw"""	"1:2000000:"""""				/eos/user/c/cglenn/FCCWork/whizard/whizard_ttbar_spinpol/production/full6f_365gev_ee_ttbar_spinpol_v1/phase11_diagnostics/excess_weight_rootcause_v1/ttbar_restricted_region_suite_v1/restricted/20260816T232058Z_WT_A15xS8_F012_FCC_np1_v1p0p2/fixed/A12_S3/F2	PASS	PASS	0	516cd15ab307b2e2200ab836ba104f2b55e21d3edc8455005dec435b7310526b	7cc0f4bad845ec3760d6c07fb9f5b7778061ca21934b9b2efbbafe55ba4cb29c	e048fd7066777421071c40ff27335449740e754e506755b44982bedf796bdc89	3	0	1	/eos/user/c/cglenn/FCCWork/whizard/whizard_ttbar_spinpol/production/full6f_365gev_ee_ttbar_spinpol_v1/phase11_diagnostics/excess_weight_rootcause_v1/ttbar_restricted_region_suite_v1/restricted/20260816T232058Z_WT_A15xS8_F012_FCC_np1_v1p0p2/fixed/A12_S3/F2/console.log	1
P_A12_S4	adaptive	A12_S4		A12		S4	249371675	462903030	"1:250000:""gw"",1:500000:""gw"",1:1000000:""gw"""					/eos/user/c/cglenn/FCCWork/whizard/whizard_ttbar_spinpol/production/full6f_365gev_ee_ttbar_spinpol_v1/phase11_diagnostics/excess_weight_rootcause_v1/ttbar_restricted_region_suite_v1/restricted/20260816T232058Z_WT_A15xS8_F012_FCC_np1_v1p0p2/adaptive/A12_S4	PASS	PASS	0	516cd15ab307b2e2200ab836ba104f2b55e21d3edc8455005dec435b7310526b	5f00baa403043fd2fc2d2022192e854cebf65c5b0b1ce5b10a883631524bfbef		0	1		/eos/user/c/cglenn/FCCWork/whizard/whizard_ttbar_spinpol/production/full6f_365gev_ee_ttbar_spinpol_v1/phase11_diagnostics/excess_weight_rootcause_v1/ttbar_restricted_region_suite_v1/restricted/20260816T232058Z_WT_A15xS8_F012_FCC_np1_v1p0p2/adaptive/A12_S4/console.log	1
C_A12_S4_F0	fixed	A12_S4_F0	A12_S4	A12	F0	S4	249371675	462903030	"1:250000:""gw"",1:500000:""gw"",1:1000000:""gw"""	"3:200000:"""""				/eos/user/c/cglenn/FCCWork/whizard/whizard_ttbar_spinpol/production/full6f_365gev_ee_ttbar_spinpol_v1/phase11_diagnostics/excess_weight_rootcause_v1/ttbar_restricted_region_suite_v1/restricted/20260816T232058Z_WT_A15xS8_F012_FCC_np1_v1p0p2/fixed/A12_S4/F0	PASS	PASS	0	516cd15ab307b2e2200ab836ba104f2b55e21d3edc8455005dec435b7310526b	1a287c3052db8a98790c4d352ddcab57f4249d45d33ffc5420bbd9f7d98d8a61	5f00baa403043fd2fc2d2022192e854cebf65c5b0b1ce5b10a883631524bfbef	3	0	1	/eos/user/c/cglenn/FCCWork/whizard/whizard_ttbar_spinpol/production/full6f_365gev_ee_ttbar_spinpol_v1/phase11_diagnostics/excess_weight_rootcause_v1/ttbar_restricted_region_suite_v1/restricted/20260816T232058Z_WT_A15xS8_F012_FCC_np1_v1p0p2/fixed/A12_S4/F0/console.log	1
C_A12_S4_F1	fixed	A12_S4_F1	A12_S4	A12	F1	S4	249371675	462903030	"1:250000:""gw"",1:500000:""gw"",1:1000000:""gw"""	"1:600000:"""""				/eos/user/c/cglenn/FCCWork/whizard/whizard_ttbar_spinpol/production/full6f_365gev_ee_ttbar_spinpol_v1/phase11_diagnostics/excess_weight_rootcause_v1/ttbar_restricted_region_suite_v1/restricted/20260816T232058Z_WT_A15xS8_F012_FCC_np1_v1p0p2/fixed/A12_S4/F1	PASS	PASS	0	516cd15ab307b2e2200ab836ba104f2b55e21d3edc8455005dec435b7310526b	8b85799c8716c7ec9f0d8a36dd02c43bfb4df3a1f539dcc2d5a0cbfb2aa566e5	5f00baa403043fd2fc2d2022192e854cebf65c5b0b1ce5b10a883631524bfbef	3	0	1	/eos/user/c/cglenn/FCCWork/whizard/whizard_ttbar_spinpol/production/full6f_365gev_ee_ttbar_spinpol_v1/phase11_diagnostics/excess_weight_rootcause_v1/ttbar_restricted_region_suite_v1/restricted/20260816T232058Z_WT_A15xS8_F012_FCC_np1_v1p0p2/fixed/A12_S4/F1/console.log	1
C_A12_S4_F2	fixed	A12_S4_F2	A12_S4	A12	F2	S4	249371675	462903030	"1:250000:""gw"",1:500000:""gw"",1:1000000:""gw"""	"1:2000000:"""""				/eos/user/c/cglenn/FCCWork/whizard/whizard_ttbar_spinpol/production/full6f_365gev_ee_ttbar_spinpol_v1/phase11_diagnostics/excess_weight_rootcause_v1/ttbar_restricted_region_suite_v1/restricted/20260816T232058Z_WT_A15xS8_F012_FCC_np1_v1p0p2/fixed/A12_S4/F2	PASS	PASS	0	516cd15ab307b2e2200ab836ba104f2b55e21d3edc8455005dec435b7310526b	b99ccb1005e5cea861805f766522519c9556c8a3d676ee66d93a8ae51af4d972	5f00baa403043fd2fc2d2022192e854cebf65c5b0b1ce5b10a883631524bfbef	3	0	1	/eos/user/c/cglenn/FCCWork/whizard/whizard_ttbar_spinpol/production/full6f_365gev_ee_ttbar_spinpol_v1/phase11_diagnostics/excess_weight_rootcause_v1/ttbar_restricted_region_suite_v1/restricted/20260816T232058Z_WT_A15xS8_F012_FCC_np1_v1p0p2/fixed/A12_S4/F2/console.log	1
P_A12_S5	adaptive	A12_S5		A12		S5	531087687	197846737	"1:250000:""gw"",1:500000:""gw"",1:1000000:""gw"""					/eos/user/c/cglenn/FCCWork/whizard/whizard_ttbar_spinpol/production/full6f_365gev_ee_ttbar_spinpol_v1/phase11_diagnostics/excess_weight_rootcause_v1/ttbar_restricted_region_suite_v1/restricted/20260816T232058Z_WT_A15xS8_F012_FCC_np1_v1p0p2/adaptive/A12_S5	PASS	PASS	0	516cd15ab307b2e2200ab836ba104f2b55e21d3edc8455005dec435b7310526b	58a32a87cc77e39c88b460a26897d8d83dcf5f9ad4685107dfa97f82c09fbbd1		0	1		/eos/user/c/cglenn/FCCWork/whizard/whizard_ttbar_spinpol/production/full6f_365gev_ee_ttbar_spinpol_v1/phase11_diagnostics/excess_weight_rootcause_v1/ttbar_restricted_region_suite_v1/restricted/20260816T232058Z_WT_A15xS8_F012_FCC_np1_v1p0p2/adaptive/A12_S5/console.log	1
C_A12_S5_F0	fixed	A12_S5_F0	A12_S5	A12	F0	S5	531087687	197846737	"1:250000:""gw"",1:500000:""gw"",1:1000000:""gw"""	"3:200000:"""""				/eos/user/c/cglenn/FCCWork/whizard/whizard_ttbar_spinpol/production/full6f_365gev_ee_ttbar_spinpol_v1/phase11_diagnostics/excess_weight_rootcause_v1/ttbar_restricted_region_suite_v1/restricted/20260816T232058Z_WT_A15xS8_F012_FCC_np1_v1p0p2/fixed/A12_S5/F0	PASS	PASS	0	516cd15ab307b2e2200ab836ba104f2b55e21d3edc8455005dec435b7310526b	39020ab4efce144ababc7c2439a4ba281ff0b9c89273db7c12f6c2faa09cc018	58a32a87cc77e39c88b460a26897d8d83dcf5f9ad4685107dfa97f82c09fbbd1	3	0	1	/eos/user/c/cglenn/FCCWork/whizard/whizard_ttbar_spinpol/production/full6f_365gev_ee_ttbar_spinpol_v1/phase11_diagnostics/excess_weight_rootcause_v1/ttbar_restricted_region_suite_v1/restricted/20260816T232058Z_WT_A15xS8_F012_FCC_np1_v1p0p2/fixed/A12_S5/F0/console.log	1
C_A12_S5_F1	fixed	A12_S5_F1	A12_S5	A12	F1	S5	531087687	197846737	"1:250000:""gw"",1:500000:""gw"",1:1000000:""gw"""	"1:600000:"""""				/eos/user/c/cglenn/FCCWork/whizard/whizard_ttbar_spinpol/production/full6f_365gev_ee_ttbar_spinpol_v1/phase11_diagnostics/excess_weight_rootcause_v1/ttbar_restricted_region_suite_v1/restricted/20260816T232058Z_WT_A15xS8_F012_FCC_np1_v1p0p2/fixed/A12_S5/F1	PASS	PASS	0	516cd15ab307b2e2200ab836ba104f2b55e21d3edc8455005dec435b7310526b	0cf1160efa3742da72c8e4b98e186179e810fc3f2247c9f63bc393bb86137dbb	58a32a87cc77e39c88b460a26897d8d83dcf5f9ad4685107dfa97f82c09fbbd1	3	0	1	/eos/user/c/cglenn/FCCWork/whizard/whizard_ttbar_spinpol/production/full6f_365gev_ee_ttbar_spinpol_v1/phase11_diagnostics/excess_weight_rootcause_v1/ttbar_restricted_region_suite_v1/restricted/20260816T232058Z_WT_A15xS8_F012_FCC_np1_v1p0p2/fixed/A12_S5/F1/console.log	1
C_A12_S5_F2	fixed	A12_S5_F2	A12_S5	A12	F2	S5	531087687	197846737	"1:250000:""gw"",1:500000:""gw"",1:1000000:""gw"""	"1:2000000:"""""				/eos/user/c/cglenn/FCCWork/whizard/whizard_ttbar_spinpol/production/full6f_365gev_ee_ttbar_spinpol_v1/phase11_diagnostics/excess_weight_rootcause_v1/ttbar_restricted_region_suite_v1/restricted/20260816T232058Z_WT_A15xS8_F012_FCC_np1_v1p0p2/fixed/A12_S5/F2	PASS	PASS	0	516cd15ab307b2e2200ab836ba104f2b55e21d3edc8455005dec435b7310526b	19cf83d927beeb440e98e9c92bff0511a0b437c1fe337b092ae1f8e0a81c54b6	58a32a87cc77e39c88b460a26897d8d83dcf5f9ad4685107dfa97f82c09fbbd1	3	0	1	/eos/user/c/cglenn/FCCWork/whizard/whizard_ttbar_spinpol/production/full6f_365gev_ee_ttbar_spinpol_v1/phase11_diagnostics/excess_weight_rootcause_v1/ttbar_restricted_region_suite_v1/restricted/20260816T232058Z_WT_A15xS8_F012_FCC_np1_v1p0p2/fixed/A12_S5/F2/console.log	1
P_A12_S6	adaptive	A12_S6		A12		S6	519963689	958460417	"1:250000:""gw"",1:500000:""gw"",1:1000000:""gw"""					/eos/user/c/cglenn/FCCWork/whizard/whizard_ttbar_spinpol/production/full6f_365gev_ee_ttbar_spinpol_v1/phase11_diagnostics/excess_weight_rootcause_v1/ttbar_restricted_region_suite_v1/restricted/20260816T232058Z_WT_A15xS8_F012_FCC_np1_v1p0p2/adaptive/A12_S6	PASS	PASS	0	516cd15ab307b2e2200ab836ba104f2b55e21d3edc8455005dec435b7310526b	f971c08172a7c9d8c744050e16522dd5cffa53711e845ec7ee01a95a24a1e313		0	1		/eos/user/c/cglenn/FCCWork/whizard/whizard_ttbar_spinpol/production/full6f_365gev_ee_ttbar_spinpol_v1/phase11_diagnostics/excess_weight_rootcause_v1/ttbar_restricted_region_suite_v1/restricted/20260816T232058Z_WT_A15xS8_F012_FCC_np1_v1p0p2/adaptive/A12_S6/console.log	1
C_A12_S6_F0	fixed	A12_S6_F0	A12_S6	A12	F0	S6	519963689	958460417	"1:250000:""gw"",1:500000:""gw"",1:1000000:""gw"""	"3:200000:"""""				/eos/user/c/cglenn/FCCWork/whizard/whizard_ttbar_spinpol/production/full6f_365gev_ee_ttbar_spinpol_v1/phase11_diagnostics/excess_weight_rootcause_v1/ttbar_restricted_region_suite_v1/restricted/20260816T232058Z_WT_A15xS8_F012_FCC_np1_v1p0p2/fixed/A12_S6/F0	PASS	PASS	0	516cd15ab307b2e2200ab836ba104f2b55e21d3edc8455005dec435b7310526b	47ce16c3a75a1c81706d999b979f3b647519ef012f820ed27fc8f38967670334	f971c08172a7c9d8c744050e16522dd5cffa53711e845ec7ee01a95a24a1e313	3	0	1	/eos/user/c/cglenn/FCCWork/whizard/whizard_ttbar_spinpol/production/full6f_365gev_ee_ttbar_spinpol_v1/phase11_diagnostics/excess_weight_rootcause_v1/ttbar_restricted_region_suite_v1/restricted/20260816T232058Z_WT_A15xS8_F012_FCC_np1_v1p0p2/fixed/A12_S6/F0/console.log	1
C_A12_S6_F1	fixed	A12_S6_F1	A12_S6	A12	F1	S6	519963689	958460417	"1:250000:""gw"",1:500000:""gw"",1:1000000:""gw"""	"1:600000:"""""				/eos/user/c/cglenn/FCCWork/whizard/whizard_ttbar_spinpol/production/full6f_365gev_ee_ttbar_spinpol_v1/phase11_diagnostics/excess_weight_rootcause_v1/ttbar_restricted_region_suite_v1/restricted/20260816T232058Z_WT_A15xS8_F012_FCC_np1_v1p0p2/fixed/A12_S6/F1	PASS	PASS	0	516cd15ab307b2e2200ab836ba104f2b55e21d3edc8455005dec435b7310526b	77374dfbd347179cc05efd3235b7d75ca760d2a92dc31043753bb430c2c28923	f971c08172a7c9d8c744050e16522dd5cffa53711e845ec7ee01a95a24a1e313	3	0	1	/eos/user/c/cglenn/FCCWork/whizard/whizard_ttbar_spinpol/production/full6f_365gev_ee_ttbar_spinpol_v1/phase11_diagnostics/excess_weight_rootcause_v1/ttbar_restricted_region_suite_v1/restricted/20260816T232058Z_WT_A15xS8_F012_FCC_np1_v1p0p2/fixed/A12_S6/F1/console.log	1
C_A12_S6_F2	fixed	A12_S6_F2	A12_S6	A12	F2	S6	519963689	958460417	"1:250000:""gw"",1:500000:""gw"",1:1000000:""gw"""	"1:2000000:"""""				/eos/user/c/cglenn/FCCWork/whizard/whizard_ttbar_spinpol/production/full6f_365gev_ee_ttbar_spinpol_v1/phase11_diagnostics/excess_weight_rootcause_v1/ttbar_restricted_region_suite_v1/restricted/20260816T232058Z_WT_A15xS8_F012_FCC_np1_v1p0p2/fixed/A12_S6/F2	PASS	PASS	0	516cd15ab307b2e2200ab836ba104f2b55e21d3edc8455005dec435b7310526b	6f4c731dea3d7d2cadf249cf7e6d995096994687bafc667fdaadb5d4f9e95aed	f971c08172a7c9d8c744050e16522dd5cffa53711e845ec7ee01a95a24a1e313	3	0	1	/eos/user/c/cglenn/FCCWork/whizard/whizard_ttbar_spinpol/production/full6f_365gev_ee_ttbar_spinpol_v1/phase11_diagnostics/excess_weight_rootcause_v1/ttbar_restricted_region_suite_v1/restricted/20260816T232058Z_WT_A15xS8_F012_FCC_np1_v1p0p2/fixed/A12_S6/F2/console.log	1
P_A12_S7	adaptive	A12_S7		A12		S7	1552803368	239117595	"1:250000:""gw"",1:500000:""gw"",1:1000000:""gw"""					/eos/user/c/cglenn/FCCWork/whizard/whizard_ttbar_spinpol/production/full6f_365gev_ee_ttbar_spinpol_v1/phase11_diagnostics/excess_weight_rootcause_v1/ttbar_restricted_region_suite_v1/restricted/20260816T232058Z_WT_A15xS8_F012_FCC_np1_v1p0p2/adaptive/A12_S7	PASS	PASS	0	516cd15ab307b2e2200ab836ba104f2b55e21d3edc8455005dec435b7310526b	b4312283ce645c0ff8b9bc7f534c9b5f65c7dad0082a04fc84a199c0c6179cc4		0	1		/eos/user/c/cglenn/FCCWork/whizard/whizard_ttbar_spinpol/production/full6f_365gev_ee_ttbar_spinpol_v1/phase11_diagnostics/excess_weight_rootcause_v1/ttbar_restricted_region_suite_v1/restricted/20260816T232058Z_WT_A15xS8_F012_FCC_np1_v1p0p2/adaptive/A12_S7/console.log	1
C_A12_S7_F0	fixed	A12_S7_F0	A12_S7	A12	F0	S7	1552803368	239117595	"1:250000:""gw"",1:500000:""gw"",1:1000000:""gw"""	"3:200000:"""""				/eos/user/c/cglenn/FCCWork/whizard/whizard_ttbar_spinpol/production/full6f_365gev_ee_ttbar_spinpol_v1/phase11_diagnostics/excess_weight_rootcause_v1/ttbar_restricted_region_suite_v1/restricted/20260816T232058Z_WT_A15xS8_F012_FCC_np1_v1p0p2/fixed/A12_S7/F0	PASS	PASS	0	516cd15ab307b2e2200ab836ba104f2b55e21d3edc8455005dec435b7310526b	663ff4bf573f4bac372b52c8f9ac4e62030777480f528f3d2ed69d7716acc8ee	b4312283ce645c0ff8b9bc7f534c9b5f65c7dad0082a04fc84a199c0c6179cc4	3	0	1	/eos/user/c/cglenn/FCCWork/whizard/whizard_ttbar_spinpol/production/full6f_365gev_ee_ttbar_spinpol_v1/phase11_diagnostics/excess_weight_rootcause_v1/ttbar_restricted_region_suite_v1/restricted/20260816T232058Z_WT_A15xS8_F012_FCC_np1_v1p0p2/fixed/A12_S7/F0/console.log	1
C_A12_S7_F1	fixed	A12_S7_F1	A12_S7	A12	F1	S7	1552803368	239117595	"1:250000:""gw"",1:500000:""gw"",1:1000000:""gw"""	"1:600000:"""""				/eos/user/c/cglenn/FCCWork/whizard/whizard_ttbar_spinpol/production/full6f_365gev_ee_ttbar_spinpol_v1/phase11_diagnostics/excess_weight_rootcause_v1/ttbar_restricted_region_suite_v1/restricted/20260816T232058Z_WT_A15xS8_F012_FCC_np1_v1p0p2/fixed/A12_S7/F1	PASS	PASS	0	516cd15ab307b2e2200ab836ba104f2b55e21d3edc8455005dec435b7310526b	c582a1edc80d454a32c279d90044509afaec137eab1fae944ebc4fe2011bd07c	b4312283ce645c0ff8b9bc7f534c9b5f65c7dad0082a04fc84a199c0c6179cc4	3	0	1	/eos/user/c/cglenn/FCCWork/whizard/whizard_ttbar_spinpol/production/full6f_365gev_ee_ttbar_spinpol_v1/phase11_diagnostics/excess_weight_rootcause_v1/ttbar_restricted_region_suite_v1/restricted/20260816T232058Z_WT_A15xS8_F012_FCC_np1_v1p0p2/fixed/A12_S7/F1/console.log	1
C_A12_S7_F2	fixed	A12_S7_F2	A12_S7	A12	F2	S7	1552803368	239117595	"1:250000:""gw"",1:500000:""gw"",1:1000000:""gw"""	"1:2000000:"""""				/eos/user/c/cglenn/FCCWork/whizard/whizard_ttbar_spinpol/production/full6f_365gev_ee_ttbar_spinpol_v1/phase11_diagnostics/excess_weight_rootcause_v1/ttbar_restricted_region_suite_v1/restricted/20260816T232058Z_WT_A15xS8_F012_FCC_np1_v1p0p2/fixed/A12_S7/F2	PASS	PASS	0	516cd15ab307b2e2200ab836ba104f2b55e21d3edc8455005dec435b7310526b	a22c97ee7cb7ca3544580373a86005af0f67c91d5f0a8031cad3078274ac80e6	b4312283ce645c0ff8b9bc7f534c9b5f65c7dad0082a04fc84a199c0c6179cc4	3	0	1	/eos/user/c/cglenn/FCCWork/whizard/whizard_ttbar_spinpol/production/full6f_365gev_ee_ttbar_spinpol_v1/phase11_diagnostics/excess_weight_rootcause_v1/ttbar_restricted_region_suite_v1/restricted/20260816T232058Z_WT_A15xS8_F012_FCC_np1_v1p0p2/fixed/A12_S7/F2/console.log	1
P_A13_S0	adaptive	A13_S0		A13		S0	1740114216	648318690	"2:1000000:""gw"""					/eos/user/c/cglenn/FCCWork/whizard/whizard_ttbar_spinpol/production/full6f_365gev_ee_ttbar_spinpol_v1/phase11_diagnostics/excess_weight_rootcause_v1/ttbar_restricted_region_suite_v1/restricted/20260816T232058Z_WT_A15xS8_F012_FCC_np1_v1p0p2/adaptive/A13_S0	PASS	PASS	0	516cd15ab307b2e2200ab836ba104f2b55e21d3edc8455005dec435b7310526b	c3769436ddd47d24f10b3496160a170848a44763d2a5bf211f0e43e1880a6c6f		0	1		/eos/user/c/cglenn/FCCWork/whizard/whizard_ttbar_spinpol/production/full6f_365gev_ee_ttbar_spinpol_v1/phase11_diagnostics/excess_weight_rootcause_v1/ttbar_restricted_region_suite_v1/restricted/20260816T232058Z_WT_A15xS8_F012_FCC_np1_v1p0p2/adaptive/A13_S0/console.log	1
C_A13_S0_F0	fixed	A13_S0_F0	A13_S0	A13	F0	S0	1740114216	648318690	"2:1000000:""gw"""	"3:200000:"""""				/eos/user/c/cglenn/FCCWork/whizard/whizard_ttbar_spinpol/production/full6f_365gev_ee_ttbar_spinpol_v1/phase11_diagnostics/excess_weight_rootcause_v1/ttbar_restricted_region_suite_v1/restricted/20260816T232058Z_WT_A15xS8_F012_FCC_np1_v1p0p2/fixed/A13_S0/F0	PASS	PASS	0	516cd15ab307b2e2200ab836ba104f2b55e21d3edc8455005dec435b7310526b	36c14d47cc4458f139f8da3d49680d15af86b45cc79b15d2230783baa662e539	c3769436ddd47d24f10b3496160a170848a44763d2a5bf211f0e43e1880a6c6f	1	0	1	/eos/user/c/cglenn/FCCWork/whizard/whizard_ttbar_spinpol/production/full6f_365gev_ee_ttbar_spinpol_v1/phase11_diagnostics/excess_weight_rootcause_v1/ttbar_restricted_region_suite_v1/restricted/20260816T232058Z_WT_A15xS8_F012_FCC_np1_v1p0p2/fixed/A13_S0/F0/console.log	1
C_A13_S0_F1	fixed	A13_S0_F1	A13_S0	A13	F1	S0	1740114216	648318690	"2:1000000:""gw"""	"1:600000:"""""				/eos/user/c/cglenn/FCCWork/whizard/whizard_ttbar_spinpol/production/full6f_365gev_ee_ttbar_spinpol_v1/phase11_diagnostics/excess_weight_rootcause_v1/ttbar_restricted_region_suite_v1/restricted/20260816T232058Z_WT_A15xS8_F012_FCC_np1_v1p0p2/fixed/A13_S0/F1	PASS	PASS	0	516cd15ab307b2e2200ab836ba104f2b55e21d3edc8455005dec435b7310526b	685fc6b152916aebbedf28f6db2d6c5c680300f4469cd8880fe54660167e1ece	c3769436ddd47d24f10b3496160a170848a44763d2a5bf211f0e43e1880a6c6f	1	0	1	/eos/user/c/cglenn/FCCWork/whizard/whizard_ttbar_spinpol/production/full6f_365gev_ee_ttbar_spinpol_v1/phase11_diagnostics/excess_weight_rootcause_v1/ttbar_restricted_region_suite_v1/restricted/20260816T232058Z_WT_A15xS8_F012_FCC_np1_v1p0p2/fixed/A13_S0/F1/console.log	1
C_A13_S0_F2	fixed	A13_S0_F2	A13_S0	A13	F2	S0	1740114216	648318690	"2:1000000:""gw"""	"1:2000000:"""""				/eos/user/c/cglenn/FCCWork/whizard/whizard_ttbar_spinpol/production/full6f_365gev_ee_ttbar_spinpol_v1/phase11_diagnostics/excess_weight_rootcause_v1/ttbar_restricted_region_suite_v1/restricted/20260816T232058Z_WT_A15xS8_F012_FCC_np1_v1p0p2/fixed/A13_S0/F2	PASS	PASS	0	516cd15ab307b2e2200ab836ba104f2b55e21d3edc8455005dec435b7310526b	e41fabfbd72d5944366ea636c14897255decc484f97d6e456d255f81cefe496b	c3769436ddd47d24f10b3496160a170848a44763d2a5bf211f0e43e1880a6c6f	1	0	1	/eos/user/c/cglenn/FCCWork/whizard/whizard_ttbar_spinpol/production/full6f_365gev_ee_ttbar_spinpol_v1/phase11_diagnostics/excess_weight_rootcause_v1/ttbar_restricted_region_suite_v1/restricted/20260816T232058Z_WT_A15xS8_F012_FCC_np1_v1p0p2/fixed/A13_S0/F2/console.log	1
P_A13_S1	adaptive	A13_S1		A13		S1	1751949026	1404282457	"2:1000000:""gw"""					/eos/user/c/cglenn/FCCWork/whizard/whizard_ttbar_spinpol/production/full6f_365gev_ee_ttbar_spinpol_v1/phase11_diagnostics/excess_weight_rootcause_v1/ttbar_restricted_region_suite_v1/restricted/20260816T232058Z_WT_A15xS8_F012_FCC_np1_v1p0p2/adaptive/A13_S1	PASS	PASS	0	516cd15ab307b2e2200ab836ba104f2b55e21d3edc8455005dec435b7310526b	342e3936eaaaf917930f9b9dfaabae36922a1e07f8ae9a5de16875244e50c232		0	1		/eos/user/c/cglenn/FCCWork/whizard/whizard_ttbar_spinpol/production/full6f_365gev_ee_ttbar_spinpol_v1/phase11_diagnostics/excess_weight_rootcause_v1/ttbar_restricted_region_suite_v1/restricted/20260816T232058Z_WT_A15xS8_F012_FCC_np1_v1p0p2/adaptive/A13_S1/console.log	1
C_A13_S1_F0	fixed	A13_S1_F0	A13_S1	A13	F0	S1	1751949026	1404282457	"2:1000000:""gw"""	"3:200000:"""""				/eos/user/c/cglenn/FCCWork/whizard/whizard_ttbar_spinpol/production/full6f_365gev_ee_ttbar_spinpol_v1/phase11_diagnostics/excess_weight_rootcause_v1/ttbar_restricted_region_suite_v1/restricted/20260816T232058Z_WT_A15xS8_F012_FCC_np1_v1p0p2/fixed/A13_S1/F0	PASS	PASS	0	516cd15ab307b2e2200ab836ba104f2b55e21d3edc8455005dec435b7310526b	dc68f5d998de3d8f4b81bdbe369459709caa94306f218d69cf98fa677ea2f2e8	342e3936eaaaf917930f9b9dfaabae36922a1e07f8ae9a5de16875244e50c232	1	0	1	/eos/user/c/cglenn/FCCWork/whizard/whizard_ttbar_spinpol/production/full6f_365gev_ee_ttbar_spinpol_v1/phase11_diagnostics/excess_weight_rootcause_v1/ttbar_restricted_region_suite_v1/restricted/20260816T232058Z_WT_A15xS8_F012_FCC_np1_v1p0p2/fixed/A13_S1/F0/console.log	1
C_A13_S1_F1	fixed	A13_S1_F1	A13_S1	A13	F1	S1	1751949026	1404282457	"2:1000000:""gw"""	"1:600000:"""""				/eos/user/c/cglenn/FCCWork/whizard/whizard_ttbar_spinpol/production/full6f_365gev_ee_ttbar_spinpol_v1/phase11_diagnostics/excess_weight_rootcause_v1/ttbar_restricted_region_suite_v1/restricted/20260816T232058Z_WT_A15xS8_F012_FCC_np1_v1p0p2/fixed/A13_S1/F1	PASS	PASS	0	516cd15ab307b2e2200ab836ba104f2b55e21d3edc8455005dec435b7310526b	fef748b0593407337a3b93b871a53b5e97277fa61059817dd3a67a167c5f988a	342e3936eaaaf917930f9b9dfaabae36922a1e07f8ae9a5de16875244e50c232	1	0	1	/eos/user/c/cglenn/FCCWork/whizard/whizard_ttbar_spinpol/production/full6f_365gev_ee_ttbar_spinpol_v1/phase11_diagnostics/excess_weight_rootcause_v1/ttbar_restricted_region_suite_v1/restricted/20260816T232058Z_WT_A15xS8_F012_FCC_np1_v1p0p2/fixed/A13_S1/F1/console.log	1
C_A13_S1_F2	fixed	A13_S1_F2	A13_S1	A13	F2	S1	1751949026	1404282457	"2:1000000:""gw"""	"1:2000000:"""""				/eos/user/c/cglenn/FCCWork/whizard/whizard_ttbar_spinpol/production/full6f_365gev_ee_ttbar_spinpol_v1/phase11_diagnostics/excess_weight_rootcause_v1/ttbar_restricted_region_suite_v1/restricted/20260816T232058Z_WT_A15xS8_F012_FCC_np1_v1p0p2/fixed/A13_S1/F2	PASS	PASS	0	516cd15ab307b2e2200ab836ba104f2b55e21d3edc8455005dec435b7310526b	8524711be1d724d1076d739ef79618f34fe503efa7d6b7ef53ddcd3117cd635a	342e3936eaaaf917930f9b9dfaabae36922a1e07f8ae9a5de16875244e50c232	1	0	1	/eos/user/c/cglenn/FCCWork/whizard/whizard_ttbar_spinpol/production/full6f_365gev_ee_ttbar_spinpol_v1/phase11_diagnostics/excess_weight_rootcause_v1/ttbar_restricted_region_suite_v1/restricted/20260816T232058Z_WT_A15xS8_F012_FCC_np1_v1p0p2/fixed/A13_S1/F2/console.log	1
P_A13_S2	adaptive	A13_S2		A13		S2	1885084773	1596606550	"2:1000000:""gw"""					/eos/user/c/cglenn/FCCWork/whizard/whizard_ttbar_spinpol/production/full6f_365gev_ee_ttbar_spinpol_v1/phase11_diagnostics/excess_weight_rootcause_v1/ttbar_restricted_region_suite_v1/restricted/20260816T232058Z_WT_A15xS8_F012_FCC_np1_v1p0p2/adaptive/A13_S2	PASS	PASS	0	516cd15ab307b2e2200ab836ba104f2b55e21d3edc8455005dec435b7310526b	1bef61d27e5e89ea4f14b52750ce5d18534b7c61b08eecc233b20fbe4d97f393		0	1		/eos/user/c/cglenn/FCCWork/whizard/whizard_ttbar_spinpol/production/full6f_365gev_ee_ttbar_spinpol_v1/phase11_diagnostics/excess_weight_rootcause_v1/ttbar_restricted_region_suite_v1/restricted/20260816T232058Z_WT_A15xS8_F012_FCC_np1_v1p0p2/adaptive/A13_S2/console.log	1
C_A13_S2_F0	fixed	A13_S2_F0	A13_S2	A13	F0	S2	1885084773	1596606550	"2:1000000:""gw"""	"3:200000:"""""				/eos/user/c/cglenn/FCCWork/whizard/whizard_ttbar_spinpol/production/full6f_365gev_ee_ttbar_spinpol_v1/phase11_diagnostics/excess_weight_rootcause_v1/ttbar_restricted_region_suite_v1/restricted/20260816T232058Z_WT_A15xS8_F012_FCC_np1_v1p0p2/fixed/A13_S2/F0	PASS	PASS	0	516cd15ab307b2e2200ab836ba104f2b55e21d3edc8455005dec435b7310526b	635ef0ad6b4f3bf43337556382641df1ae9f10233a8878e077de5c55a6d425a9	1bef61d27e5e89ea4f14b52750ce5d18534b7c61b08eecc233b20fbe4d97f393	1	0	1	/eos/user/c/cglenn/FCCWork/whizard/whizard_ttbar_spinpol/production/full6f_365gev_ee_ttbar_spinpol_v1/phase11_diagnostics/excess_weight_rootcause_v1/ttbar_restricted_region_suite_v1/restricted/20260816T232058Z_WT_A15xS8_F012_FCC_np1_v1p0p2/fixed/A13_S2/F0/console.log	1
C_A13_S2_F1	fixed	A13_S2_F1	A13_S2	A13	F1	S2	1885084773	1596606550	"2:1000000:""gw"""	"1:600000:"""""				/eos/user/c/cglenn/FCCWork/whizard/whizard_ttbar_spinpol/production/full6f_365gev_ee_ttbar_spinpol_v1/phase11_diagnostics/excess_weight_rootcause_v1/ttbar_restricted_region_suite_v1/restricted/20260816T232058Z_WT_A15xS8_F012_FCC_np1_v1p0p2/fixed/A13_S2/F1	PASS	PASS	0	516cd15ab307b2e2200ab836ba104f2b55e21d3edc8455005dec435b7310526b	5a73c6cffa23dcad709505a5f3800cad29da21114cf4b4ac33ea0b3ebb5a4ece	1bef61d27e5e89ea4f14b52750ce5d18534b7c61b08eecc233b20fbe4d97f393	1	0	1	/eos/user/c/cglenn/FCCWork/whizard/whizard_ttbar_spinpol/production/full6f_365gev_ee_ttbar_spinpol_v1/phase11_diagnostics/excess_weight_rootcause_v1/ttbar_restricted_region_suite_v1/restricted/20260816T232058Z_WT_A15xS8_F012_FCC_np1_v1p0p2/fixed/A13_S2/F1/console.log	1
C_A13_S2_F2	fixed	A13_S2_F2	A13_S2	A13	F2	S2	1885084773	1596606550	"2:1000000:""gw"""	"1:2000000:"""""				/eos/user/c/cglenn/FCCWork/whizard/whizard_ttbar_spinpol/production/full6f_365gev_ee_ttbar_spinpol_v1/phase11_diagnostics/excess_weight_rootcause_v1/ttbar_restricted_region_suite_v1/restricted/20260816T232058Z_WT_A15xS8_F012_FCC_np1_v1p0p2/fixed/A13_S2/F2	PASS	PASS	0	516cd15ab307b2e2200ab836ba104f2b55e21d3edc8455005dec435b7310526b	bc83bb03d1602803b6a6a6d28b14ebe62b8937a5f823162b40731fa4588086d2	1bef61d27e5e89ea4f14b52750ce5d18534b7c61b08eecc233b20fbe4d97f393	1	0	1	/eos/user/c/cglenn/FCCWork/whizard/whizard_ttbar_spinpol/production/full6f_365gev_ee_ttbar_spinpol_v1/phase11_diagnostics/excess_weight_rootcause_v1/ttbar_restricted_region_suite_v1/restricted/20260816T232058Z_WT_A15xS8_F012_FCC_np1_v1p0p2/fixed/A13_S2/F2/console.log	1
P_A13_S3	adaptive	A13_S3		A13		S3	134326786	769890491	"2:1000000:""gw"""					/eos/user/c/cglenn/FCCWork/whizard/whizard_ttbar_spinpol/production/full6f_365gev_ee_ttbar_spinpol_v1/phase11_diagnostics/excess_weight_rootcause_v1/ttbar_restricted_region_suite_v1/restricted/20260816T232058Z_WT_A15xS8_F012_FCC_np1_v1p0p2/adaptive/A13_S3	PASS	PASS	0	516cd15ab307b2e2200ab836ba104f2b55e21d3edc8455005dec435b7310526b	b22a1e73729e3fadc40e2d3eab2085bc12460f8b75e98c8846750a2ef857c3a7		0	1		/eos/user/c/cglenn/FCCWork/whizard/whizard_ttbar_spinpol/production/full6f_365gev_ee_ttbar_spinpol_v1/phase11_diagnostics/excess_weight_rootcause_v1/ttbar_restricted_region_suite_v1/restricted/20260816T232058Z_WT_A15xS8_F012_FCC_np1_v1p0p2/adaptive/A13_S3/console.log	1
C_A13_S3_F0	fixed	A13_S3_F0	A13_S3	A13	F0	S3	134326786	769890491	"2:1000000:""gw"""	"3:200000:"""""				/eos/user/c/cglenn/FCCWork/whizard/whizard_ttbar_spinpol/production/full6f_365gev_ee_ttbar_spinpol_v1/phase11_diagnostics/excess_weight_rootcause_v1/ttbar_restricted_region_suite_v1/restricted/20260816T232058Z_WT_A15xS8_F012_FCC_np1_v1p0p2/fixed/A13_S3/F0	PASS	PASS	0	516cd15ab307b2e2200ab836ba104f2b55e21d3edc8455005dec435b7310526b	8d6f3d512654eb52431a2d52c5d8f49bdddd839e502b9d90d345c47b26096888	b22a1e73729e3fadc40e2d3eab2085bc12460f8b75e98c8846750a2ef857c3a7	1	0	1	/eos/user/c/cglenn/FCCWork/whizard/whizard_ttbar_spinpol/production/full6f_365gev_ee_ttbar_spinpol_v1/phase11_diagnostics/excess_weight_rootcause_v1/ttbar_restricted_region_suite_v1/restricted/20260816T232058Z_WT_A15xS8_F012_FCC_np1_v1p0p2/fixed/A13_S3/F0/console.log	1
C_A13_S3_F1	fixed	A13_S3_F1	A13_S3	A13	F1	S3	134326786	769890491	"2:1000000:""gw"""	"1:600000:"""""				/eos/user/c/cglenn/FCCWork/whizard/whizard_ttbar_spinpol/production/full6f_365gev_ee_ttbar_spinpol_v1/phase11_diagnostics/excess_weight_rootcause_v1/ttbar_restricted_region_suite_v1/restricted/20260816T232058Z_WT_A15xS8_F012_FCC_np1_v1p0p2/fixed/A13_S3/F1	PASS	PASS	0	516cd15ab307b2e2200ab836ba104f2b55e21d3edc8455005dec435b7310526b	7eb7e3591a8c13e81032cdee7f9050c0af679382f32bde1722ba02c8c34be6b1	b22a1e73729e3fadc40e2d3eab2085bc12460f8b75e98c8846750a2ef857c3a7	1	0	1	/eos/user/c/cglenn/FCCWork/whizard/whizard_ttbar_spinpol/production/full6f_365gev_ee_ttbar_spinpol_v1/phase11_diagnostics/excess_weight_rootcause_v1/ttbar_restricted_region_suite_v1/restricted/20260816T232058Z_WT_A15xS8_F012_FCC_np1_v1p0p2/fixed/A13_S3/F1/console.log	1
C_A13_S3_F2	fixed	A13_S3_F2	A13_S3	A13	F2	S3	134326786	769890491	"2:1000000:""gw"""	"1:2000000:"""""				/eos/user/c/cglenn/FCCWork/whizard/whizard_ttbar_spinpol/production/full6f_365gev_ee_ttbar_spinpol_v1/phase11_diagnostics/excess_weight_rootcause_v1/ttbar_restricted_region_suite_v1/restricted/20260816T232058Z_WT_A15xS8_F012_FCC_np1_v1p0p2/fixed/A13_S3/F2	PASS	PASS	0	516cd15ab307b2e2200ab836ba104f2b55e21d3edc8455005dec435b7310526b	53ec2a63496bf762f611a3f45240549f4de6d5a768352cd531a8abaa1ced1b3b	b22a1e73729e3fadc40e2d3eab2085bc12460f8b75e98c8846750a2ef857c3a7	1	0	1	/eos/user/c/cglenn/FCCWork/whizard/whizard_ttbar_spinpol/production/full6f_365gev_ee_ttbar_spinpol_v1/phase11_diagnostics/excess_weight_rootcause_v1/ttbar_restricted_region_suite_v1/restricted/20260816T232058Z_WT_A15xS8_F012_FCC_np1_v1p0p2/fixed/A13_S3/F2/console.log	1
P_A13_S4	adaptive	A13_S4		A13		S4	249371675	462903030	"2:1000000:""gw"""					/eos/user/c/cglenn/FCCWork/whizard/whizard_ttbar_spinpol/production/full6f_365gev_ee_ttbar_spinpol_v1/phase11_diagnostics/excess_weight_rootcause_v1/ttbar_restricted_region_suite_v1/restricted/20260816T232058Z_WT_A15xS8_F012_FCC_np1_v1p0p2/adaptive/A13_S4	PASS	PASS	0	516cd15ab307b2e2200ab836ba104f2b55e21d3edc8455005dec435b7310526b	21753f5f59298857a41140f2fc96a1741e7503dcb7002c525bab1531ecc71f39		0	1		/eos/user/c/cglenn/FCCWork/whizard/whizard_ttbar_spinpol/production/full6f_365gev_ee_ttbar_spinpol_v1/phase11_diagnostics/excess_weight_rootcause_v1/ttbar_restricted_region_suite_v1/restricted/20260816T232058Z_WT_A15xS8_F012_FCC_np1_v1p0p2/adaptive/A13_S4/console.log	1
C_A13_S4_F0	fixed	A13_S4_F0	A13_S4	A13	F0	S4	249371675	462903030	"2:1000000:""gw"""	"3:200000:"""""				/eos/user/c/cglenn/FCCWork/whizard/whizard_ttbar_spinpol/production/full6f_365gev_ee_ttbar_spinpol_v1/phase11_diagnostics/excess_weight_rootcause_v1/ttbar_restricted_region_suite_v1/restricted/20260816T232058Z_WT_A15xS8_F012_FCC_np1_v1p0p2/fixed/A13_S4/F0	PASS	PASS	0	516cd15ab307b2e2200ab836ba104f2b55e21d3edc8455005dec435b7310526b	5c98bb6e8af1e93bc63fb90fa3b57826145875501753debdaeb1cdbcc2363e6c	21753f5f59298857a41140f2fc96a1741e7503dcb7002c525bab1531ecc71f39	1	0	1	/eos/user/c/cglenn/FCCWork/whizard/whizard_ttbar_spinpol/production/full6f_365gev_ee_ttbar_spinpol_v1/phase11_diagnostics/excess_weight_rootcause_v1/ttbar_restricted_region_suite_v1/restricted/20260816T232058Z_WT_A15xS8_F012_FCC_np1_v1p0p2/fixed/A13_S4/F0/console.log	1
C_A13_S4_F1	fixed	A13_S4_F1	A13_S4	A13	F1	S4	249371675	462903030	"2:1000000:""gw"""	"1:600000:"""""				/eos/user/c/cglenn/FCCWork/whizard/whizard_ttbar_spinpol/production/full6f_365gev_ee_ttbar_spinpol_v1/phase11_diagnostics/excess_weight_rootcause_v1/ttbar_restricted_region_suite_v1/restricted/20260816T232058Z_WT_A15xS8_F012_FCC_np1_v1p0p2/fixed/A13_S4/F1	PASS	PASS	0	516cd15ab307b2e2200ab836ba104f2b55e21d3edc8455005dec435b7310526b	ee60d839439b90fa5e30d36013bb374f63cf38808c0e90a9fef24b30cd57f6ad	21753f5f59298857a41140f2fc96a1741e7503dcb7002c525bab1531ecc71f39	1	0	1	/eos/user/c/cglenn/FCCWork/whizard/whizard_ttbar_spinpol/production/full6f_365gev_ee_ttbar_spinpol_v1/phase11_diagnostics/excess_weight_rootcause_v1/ttbar_restricted_region_suite_v1/restricted/20260816T232058Z_WT_A15xS8_F012_FCC_np1_v1p0p2/fixed/A13_S4/F1/console.log	1
C_A13_S4_F2	fixed	A13_S4_F2	A13_S4	A13	F2	S4	249371675	462903030	"2:1000000:""gw"""	"1:2000000:"""""				/eos/user/c/cglenn/FCCWork/whizard/whizard_ttbar_spinpol/production/full6f_365gev_ee_ttbar_spinpol_v1/phase11_diagnostics/excess_weight_rootcause_v1/ttbar_restricted_region_suite_v1/restricted/20260816T232058Z_WT_A15xS8_F012_FCC_np1_v1p0p2/fixed/A13_S4/F2	PASS	PASS	0	516cd15ab307b2e2200ab836ba104f2b55e21d3edc8455005dec435b7310526b	33b44927cf7b77ece9c52c2d70f1b8c69e13bf09b9954f7e4e70a0d633894daa	21753f5f59298857a41140f2fc96a1741e7503dcb7002c525bab1531ecc71f39	1	0	1	/eos/user/c/cglenn/FCCWork/whizard/whizard_ttbar_spinpol/production/full6f_365gev_ee_ttbar_spinpol_v1/phase11_diagnostics/excess_weight_rootcause_v1/ttbar_restricted_region_suite_v1/restricted/20260816T232058Z_WT_A15xS8_F012_FCC_np1_v1p0p2/fixed/A13_S4/F2/console.log	1
P_A13_S5	adaptive	A13_S5		A13		S5	531087687	197846737	"2:1000000:""gw"""					/eos/user/c/cglenn/FCCWork/whizard/whizard_ttbar_spinpol/production/full6f_365gev_ee_ttbar_spinpol_v1/phase11_diagnostics/excess_weight_rootcause_v1/ttbar_restricted_region_suite_v1/restricted/20260816T232058Z_WT_A15xS8_F012_FCC_np1_v1p0p2/adaptive/A13_S5	PASS	PASS	0	516cd15ab307b2e2200ab836ba104f2b55e21d3edc8455005dec435b7310526b	c2af2b04c68bf0762fed4bd01d97cc078687e3315e7735760c569bc74e060988		0	1		/eos/user/c/cglenn/FCCWork/whizard/whizard_ttbar_spinpol/production/full6f_365gev_ee_ttbar_spinpol_v1/phase11_diagnostics/excess_weight_rootcause_v1/ttbar_restricted_region_suite_v1/restricted/20260816T232058Z_WT_A15xS8_F012_FCC_np1_v1p0p2/adaptive/A13_S5/console.log	1
C_A13_S5_F0	fixed	A13_S5_F0	A13_S5	A13	F0	S5	531087687	197846737	"2:1000000:""gw"""	"3:200000:"""""				/eos/user/c/cglenn/FCCWork/whizard/whizard_ttbar_spinpol/production/full6f_365gev_ee_ttbar_spinpol_v1/phase11_diagnostics/excess_weight_rootcause_v1/ttbar_restricted_region_suite_v1/restricted/20260816T232058Z_WT_A15xS8_F012_FCC_np1_v1p0p2/fixed/A13_S5/F0	PASS	PASS	0	516cd15ab307b2e2200ab836ba104f2b55e21d3edc8455005dec435b7310526b	b5c679e21f5ee670250ba67ff4b6d857c4aff48f03c587d71fd6ea4dd6d3a616	c2af2b04c68bf0762fed4bd01d97cc078687e3315e7735760c569bc74e060988	1	0	1	/eos/user/c/cglenn/FCCWork/whizard/whizard_ttbar_spinpol/production/full6f_365gev_ee_ttbar_spinpol_v1/phase11_diagnostics/excess_weight_rootcause_v1/ttbar_restricted_region_suite_v1/restricted/20260816T232058Z_WT_A15xS8_F012_FCC_np1_v1p0p2/fixed/A13_S5/F0/console.log	1
C_A13_S5_F1	fixed	A13_S5_F1	A13_S5	A13	F1	S5	531087687	197846737	"2:1000000:""gw"""	"1:600000:"""""				/eos/user/c/cglenn/FCCWork/whizard/whizard_ttbar_spinpol/production/full6f_365gev_ee_ttbar_spinpol_v1/phase11_diagnostics/excess_weight_rootcause_v1/ttbar_restricted_region_suite_v1/restricted/20260816T232058Z_WT_A15xS8_F012_FCC_np1_v1p0p2/fixed/A13_S5/F1	PASS	PASS	0	516cd15ab307b2e2200ab836ba104f2b55e21d3edc8455005dec435b7310526b	b19779a0a2f7076dfb9a63e392d53f3e5f1ff7ce9ed7cbd8ff16b77ae9d21407	c2af2b04c68bf0762fed4bd01d97cc078687e3315e7735760c569bc74e060988	1	0	1	/eos/user/c/cglenn/FCCWork/whizard/whizard_ttbar_spinpol/production/full6f_365gev_ee_ttbar_spinpol_v1/phase11_diagnostics/excess_weight_rootcause_v1/ttbar_restricted_region_suite_v1/restricted/20260816T232058Z_WT_A15xS8_F012_FCC_np1_v1p0p2/fixed/A13_S5/F1/console.log	1
C_A13_S5_F2	fixed	A13_S5_F2	A13_S5	A13	F2	S5	531087687	197846737	"2:1000000:""gw"""	"1:2000000:"""""				/eos/user/c/cglenn/FCCWork/whizard/whizard_ttbar_spinpol/production/full6f_365gev_ee_ttbar_spinpol_v1/phase11_diagnostics/excess_weight_rootcause_v1/ttbar_restricted_region_suite_v1/restricted/20260816T232058Z_WT_A15xS8_F012_FCC_np1_v1p0p2/fixed/A13_S5/F2	PASS	PASS	0	516cd15ab307b2e2200ab836ba104f2b55e21d3edc8455005dec435b7310526b	b4ff5e66712ec464a9598ac570b86841b8b5014653dc553903cffc40fdaea55b	c2af2b04c68bf0762fed4bd01d97cc078687e3315e7735760c569bc74e060988	1	0	1	/eos/user/c/cglenn/FCCWork/whizard/whizard_ttbar_spinpol/production/full6f_365gev_ee_ttbar_spinpol_v1/phase11_diagnostics/excess_weight_rootcause_v1/ttbar_restricted_region_suite_v1/restricted/20260816T232058Z_WT_A15xS8_F012_FCC_np1_v1p0p2/fixed/A13_S5/F2/console.log	1
P_A13_S6	adaptive	A13_S6		A13		S6	519963689	958460417	"2:1000000:""gw"""					/eos/user/c/cglenn/FCCWork/whizard/whizard_ttbar_spinpol/production/full6f_365gev_ee_ttbar_spinpol_v1/phase11_diagnostics/excess_weight_rootcause_v1/ttbar_restricted_region_suite_v1/restricted/20260816T232058Z_WT_A15xS8_F012_FCC_np1_v1p0p2/adaptive/A13_S6	PASS	PASS	0	516cd15ab307b2e2200ab836ba104f2b55e21d3edc8455005dec435b7310526b	e062a912bb30f9afcf36f0a14b923bb39d0f1602b210257d85992715ece07832		0	1		/eos/user/c/cglenn/FCCWork/whizard/whizard_ttbar_spinpol/production/full6f_365gev_ee_ttbar_spinpol_v1/phase11_diagnostics/excess_weight_rootcause_v1/ttbar_restricted_region_suite_v1/restricted/20260816T232058Z_WT_A15xS8_F012_FCC_np1_v1p0p2/adaptive/A13_S6/console.log	1
C_A13_S6_F0	fixed	A13_S6_F0	A13_S6	A13	F0	S6	519963689	958460417	"2:1000000:""gw"""	"3:200000:"""""				/eos/user/c/cglenn/FCCWork/whizard/whizard_ttbar_spinpol/production/full6f_365gev_ee_ttbar_spinpol_v1/phase11_diagnostics/excess_weight_rootcause_v1/ttbar_restricted_region_suite_v1/restricted/20260816T232058Z_WT_A15xS8_F012_FCC_np1_v1p0p2/fixed/A13_S6/F0	PASS	PASS	0	516cd15ab307b2e2200ab836ba104f2b55e21d3edc8455005dec435b7310526b	bfcefcd522379d6fafd710412ad1f04972dba0b8099eeac10bad9d9551c7f83b	e062a912bb30f9afcf36f0a14b923bb39d0f1602b210257d85992715ece07832	1	0	1	/eos/user/c/cglenn/FCCWork/whizard/whizard_ttbar_spinpol/production/full6f_365gev_ee_ttbar_spinpol_v1/phase11_diagnostics/excess_weight_rootcause_v1/ttbar_restricted_region_suite_v1/restricted/20260816T232058Z_WT_A15xS8_F012_FCC_np1_v1p0p2/fixed/A13_S6/F0/console.log	1
C_A13_S6_F1	fixed	A13_S6_F1	A13_S6	A13	F1	S6	519963689	958460417	"2:1000000:""gw"""	"1:600000:"""""				/eos/user/c/cglenn/FCCWork/whizard/whizard_ttbar_spinpol/production/full6f_365gev_ee_ttbar_spinpol_v1/phase11_diagnostics/excess_weight_rootcause_v1/ttbar_restricted_region_suite_v1/restricted/20260816T232058Z_WT_A15xS8_F012_FCC_np1_v1p0p2/fixed/A13_S6/F1	PASS	PASS	0	516cd15ab307b2e2200ab836ba104f2b55e21d3edc8455005dec435b7310526b	c150f71e77225baa8f2f3b95a5918fcbae9d88de13ea1bc00720c53b81647f6f	e062a912bb30f9afcf36f0a14b923bb39d0f1602b210257d85992715ece07832	1	0	1	/eos/user/c/cglenn/FCCWork/whizard/whizard_ttbar_spinpol/production/full6f_365gev_ee_ttbar_spinpol_v1/phase11_diagnostics/excess_weight_rootcause_v1/ttbar_restricted_region_suite_v1/restricted/20260816T232058Z_WT_A15xS8_F012_FCC_np1_v1p0p2/fixed/A13_S6/F1/console.log	1
C_A13_S6_F2	fixed	A13_S6_F2	A13_S6	A13	F2	S6	519963689	958460417	"2:1000000:""gw"""	"1:2000000:"""""				/eos/user/c/cglenn/FCCWork/whizard/whizard_ttbar_spinpol/production/full6f_365gev_ee_ttbar_spinpol_v1/phase11_diagnostics/excess_weight_rootcause_v1/ttbar_restricted_region_suite_v1/restricted/20260816T232058Z_WT_A15xS8_F012_FCC_np1_v1p0p2/fixed/A13_S6/F2	PASS	PASS	0	516cd15ab307b2e2200ab836ba104f2b55e21d3edc8455005dec435b7310526b	ea1d67ed1eaad5d1bcec24625df153c118525a63fca2c0adfc4bc64a6ac135d3	e062a912bb30f9afcf36f0a14b923bb39d0f1602b210257d85992715ece07832	1	0	1	/eos/user/c/cglenn/FCCWork/whizard/whizard_ttbar_spinpol/production/full6f_365gev_ee_ttbar_spinpol_v1/phase11_diagnostics/excess_weight_rootcause_v1/ttbar_restricted_region_suite_v1/restricted/20260816T232058Z_WT_A15xS8_F012_FCC_np1_v1p0p2/fixed/A13_S6/F2/console.log	1
P_A13_S7	adaptive	A13_S7		A13		S7	1552803368	239117595	"2:1000000:""gw"""					/eos/user/c/cglenn/FCCWork/whizard/whizard_ttbar_spinpol/production/full6f_365gev_ee_ttbar_spinpol_v1/phase11_diagnostics/excess_weight_rootcause_v1/ttbar_restricted_region_suite_v1/restricted/20260816T232058Z_WT_A15xS8_F012_FCC_np1_v1p0p2/adaptive/A13_S7	PASS	PASS	0	516cd15ab307b2e2200ab836ba104f2b55e21d3edc8455005dec435b7310526b	1ad68f982c9702a03b37608ff620cdcbdeee11b1f21aff02d2ad6e03d694b82d		0	1		/eos/user/c/cglenn/FCCWork/whizard/whizard_ttbar_spinpol/production/full6f_365gev_ee_ttbar_spinpol_v1/phase11_diagnostics/excess_weight_rootcause_v1/ttbar_restricted_region_suite_v1/restricted/20260816T232058Z_WT_A15xS8_F012_FCC_np1_v1p0p2/adaptive/A13_S7/console.log	1
C_A13_S7_F0	fixed	A13_S7_F0	A13_S7	A13	F0	S7	1552803368	239117595	"2:1000000:""gw"""	"3:200000:"""""				/eos/user/c/cglenn/FCCWork/whizard/whizard_ttbar_spinpol/production/full6f_365gev_ee_ttbar_spinpol_v1/phase11_diagnostics/excess_weight_rootcause_v1/ttbar_restricted_region_suite_v1/restricted/20260816T232058Z_WT_A15xS8_F012_FCC_np1_v1p0p2/fixed/A13_S7/F0	PASS	PASS	0	516cd15ab307b2e2200ab836ba104f2b55e21d3edc8455005dec435b7310526b	729f31f38b2ba730cd683816d876debd1f172531ece00afd3d93abffa084771f	1ad68f982c9702a03b37608ff620cdcbdeee11b1f21aff02d2ad6e03d694b82d	1	0	1	/eos/user/c/cglenn/FCCWork/whizard/whizard_ttbar_spinpol/production/full6f_365gev_ee_ttbar_spinpol_v1/phase11_diagnostics/excess_weight_rootcause_v1/ttbar_restricted_region_suite_v1/restricted/20260816T232058Z_WT_A15xS8_F012_FCC_np1_v1p0p2/fixed/A13_S7/F0/console.log	1
C_A13_S7_F1	fixed	A13_S7_F1	A13_S7	A13	F1	S7	1552803368	239117595	"2:1000000:""gw"""	"1:600000:"""""				/eos/user/c/cglenn/FCCWork/whizard/whizard_ttbar_spinpol/production/full6f_365gev_ee_ttbar_spinpol_v1/phase11_diagnostics/excess_weight_rootcause_v1/ttbar_restricted_region_suite_v1/restricted/20260816T232058Z_WT_A15xS8_F012_FCC_np1_v1p0p2/fixed/A13_S7/F1	PASS	PASS	0	516cd15ab307b2e2200ab836ba104f2b55e21d3edc8455005dec435b7310526b	2ea1710f107bfeffc21a6faf29ecbfd9c644a5a9cfd5378368d428733362dd53	1ad68f982c9702a03b37608ff620cdcbdeee11b1f21aff02d2ad6e03d694b82d	1	0	1	/eos/user/c/cglenn/FCCWork/whizard/whizard_ttbar_spinpol/production/full6f_365gev_ee_ttbar_spinpol_v1/phase11_diagnostics/excess_weight_rootcause_v1/ttbar_restricted_region_suite_v1/restricted/20260816T232058Z_WT_A15xS8_F012_FCC_np1_v1p0p2/fixed/A13_S7/F1/console.log	1
C_A13_S7_F2	fixed	A13_S7_F2	A13_S7	A13	F2	S7	1552803368	239117595	"2:1000000:""gw"""	"1:2000000:"""""				/eos/user/c/cglenn/FCCWork/whizard/whizard_ttbar_spinpol/production/full6f_365gev_ee_ttbar_spinpol_v1/phase11_diagnostics/excess_weight_rootcause_v1/ttbar_restricted_region_suite_v1/restricted/20260816T232058Z_WT_A15xS8_F012_FCC_np1_v1p0p2/fixed/A13_S7/F2	PASS	PASS	0	516cd15ab307b2e2200ab836ba104f2b55e21d3edc8455005dec435b7310526b	7c1890b372d7e6ee7e321aa16906c0f3985943783158debd2168382ffdb19008	1ad68f982c9702a03b37608ff620cdcbdeee11b1f21aff02d2ad6e03d694b82d	1	0	1	/eos/user/c/cglenn/FCCWork/whizard/whizard_ttbar_spinpol/production/full6f_365gev_ee_ttbar_spinpol_v1/phase11_diagnostics/excess_weight_rootcause_v1/ttbar_restricted_region_suite_v1/restricted/20260816T232058Z_WT_A15xS8_F012_FCC_np1_v1p0p2/fixed/A13_S7/F2/console.log	1
P_A14_S0	adaptive	A14_S0		A14		S0	1740114216	648318690	"1:2000000:""gw"""					/eos/user/c/cglenn/FCCWork/whizard/whizard_ttbar_spinpol/production/full6f_365gev_ee_ttbar_spinpol_v1/phase11_diagnostics/excess_weight_rootcause_v1/ttbar_restricted_region_suite_v1/restricted/20260816T232058Z_WT_A15xS8_F012_FCC_np1_v1p0p2/adaptive/A14_S0	PASS	PASS	0	516cd15ab307b2e2200ab836ba104f2b55e21d3edc8455005dec435b7310526b	cf61287733843e6a90af03b48729a4e302a733318eb4e7a4c7a9ca21e791ea9b		0	1		/eos/user/c/cglenn/FCCWork/whizard/whizard_ttbar_spinpol/production/full6f_365gev_ee_ttbar_spinpol_v1/phase11_diagnostics/excess_weight_rootcause_v1/ttbar_restricted_region_suite_v1/restricted/20260816T232058Z_WT_A15xS8_F012_FCC_np1_v1p0p2/adaptive/A14_S0/console.log	1
C_A14_S0_F0	fixed	A14_S0_F0	A14_S0	A14	F0	S0	1740114216	648318690	"1:2000000:""gw"""	"3:200000:"""""				/eos/user/c/cglenn/FCCWork/whizard/whizard_ttbar_spinpol/production/full6f_365gev_ee_ttbar_spinpol_v1/phase11_diagnostics/excess_weight_rootcause_v1/ttbar_restricted_region_suite_v1/restricted/20260816T232058Z_WT_A15xS8_F012_FCC_np1_v1p0p2/fixed/A14_S0/F0	PASS	PASS	0	516cd15ab307b2e2200ab836ba104f2b55e21d3edc8455005dec435b7310526b	37e683826d5305264d2844082896c098cd809f7d4a45280e3a7603e324dc2a69	cf61287733843e6a90af03b48729a4e302a733318eb4e7a4c7a9ca21e791ea9b	1	0	1	/eos/user/c/cglenn/FCCWork/whizard/whizard_ttbar_spinpol/production/full6f_365gev_ee_ttbar_spinpol_v1/phase11_diagnostics/excess_weight_rootcause_v1/ttbar_restricted_region_suite_v1/restricted/20260816T232058Z_WT_A15xS8_F012_FCC_np1_v1p0p2/fixed/A14_S0/F0/console.log	1
C_A14_S0_F1	fixed	A14_S0_F1	A14_S0	A14	F1	S0	1740114216	648318690	"1:2000000:""gw"""	"1:600000:"""""				/eos/user/c/cglenn/FCCWork/whizard/whizard_ttbar_spinpol/production/full6f_365gev_ee_ttbar_spinpol_v1/phase11_diagnostics/excess_weight_rootcause_v1/ttbar_restricted_region_suite_v1/restricted/20260816T232058Z_WT_A15xS8_F012_FCC_np1_v1p0p2/fixed/A14_S0/F1	PASS	PASS	0	516cd15ab307b2e2200ab836ba104f2b55e21d3edc8455005dec435b7310526b	535ea2cb0594346633e6d798fcda92ac32f0cb17d8865d5765eeac20ecef0000	cf61287733843e6a90af03b48729a4e302a733318eb4e7a4c7a9ca21e791ea9b	1	0	1	/eos/user/c/cglenn/FCCWork/whizard/whizard_ttbar_spinpol/production/full6f_365gev_ee_ttbar_spinpol_v1/phase11_diagnostics/excess_weight_rootcause_v1/ttbar_restricted_region_suite_v1/restricted/20260816T232058Z_WT_A15xS8_F012_FCC_np1_v1p0p2/fixed/A14_S0/F1/console.log	1
C_A14_S0_F2	fixed	A14_S0_F2	A14_S0	A14	F2	S0	1740114216	648318690	"1:2000000:""gw"""	"1:2000000:"""""				/eos/user/c/cglenn/FCCWork/whizard/whizard_ttbar_spinpol/production/full6f_365gev_ee_ttbar_spinpol_v1/phase11_diagnostics/excess_weight_rootcause_v1/ttbar_restricted_region_suite_v1/restricted/20260816T232058Z_WT_A15xS8_F012_FCC_np1_v1p0p2/fixed/A14_S0/F2	PASS	PASS	0	516cd15ab307b2e2200ab836ba104f2b55e21d3edc8455005dec435b7310526b	a6f1db538ac77987669fe258917b9fc99c0d721e98f90ca18dbf4641d57d222f	cf61287733843e6a90af03b48729a4e302a733318eb4e7a4c7a9ca21e791ea9b	1	0	1	/eos/user/c/cglenn/FCCWork/whizard/whizard_ttbar_spinpol/production/full6f_365gev_ee_ttbar_spinpol_v1/phase11_diagnostics/excess_weight_rootcause_v1/ttbar_restricted_region_suite_v1/restricted/20260816T232058Z_WT_A15xS8_F012_FCC_np1_v1p0p2/fixed/A14_S0/F2/console.log	1
P_A14_S1	adaptive	A14_S1		A14		S1	1751949026	1404282457	"1:2000000:""gw"""					/eos/user/c/cglenn/FCCWork/whizard/whizard_ttbar_spinpol/production/full6f_365gev_ee_ttbar_spinpol_v1/phase11_diagnostics/excess_weight_rootcause_v1/ttbar_restricted_region_suite_v1/restricted/20260816T232058Z_WT_A15xS8_F012_FCC_np1_v1p0p2/adaptive/A14_S1	PASS	PASS	0	516cd15ab307b2e2200ab836ba104f2b55e21d3edc8455005dec435b7310526b	04499fb5fb43207dc6eb77a404d937dcec54c4ec8276ea2ddc8128f3c1b3310c		0	1		/eos/user/c/cglenn/FCCWork/whizard/whizard_ttbar_spinpol/production/full6f_365gev_ee_ttbar_spinpol_v1/phase11_diagnostics/excess_weight_rootcause_v1/ttbar_restricted_region_suite_v1/restricted/20260816T232058Z_WT_A15xS8_F012_FCC_np1_v1p0p2/adaptive/A14_S1/console.log	1
C_A14_S1_F0	fixed	A14_S1_F0	A14_S1	A14	F0	S1	1751949026	1404282457	"1:2000000:""gw"""	"3:200000:"""""				/eos/user/c/cglenn/FCCWork/whizard/whizard_ttbar_spinpol/production/full6f_365gev_ee_ttbar_spinpol_v1/phase11_diagnostics/excess_weight_rootcause_v1/ttbar_restricted_region_suite_v1/restricted/20260816T232058Z_WT_A15xS8_F012_FCC_np1_v1p0p2/fixed/A14_S1/F0	PASS	PASS	0	516cd15ab307b2e2200ab836ba104f2b55e21d3edc8455005dec435b7310526b	c3280706a94c01652c351d5765c3585840b486c063cec4a98f34572251bf88f0	04499fb5fb43207dc6eb77a404d937dcec54c4ec8276ea2ddc8128f3c1b3310c	1	0	1	/eos/user/c/cglenn/FCCWork/whizard/whizard_ttbar_spinpol/production/full6f_365gev_ee_ttbar_spinpol_v1/phase11_diagnostics/excess_weight_rootcause_v1/ttbar_restricted_region_suite_v1/restricted/20260816T232058Z_WT_A15xS8_F012_FCC_np1_v1p0p2/fixed/A14_S1/F0/console.log	1
C_A14_S1_F1	fixed	A14_S1_F1	A14_S1	A14	F1	S1	1751949026	1404282457	"1:2000000:""gw"""	"1:600000:"""""				/eos/user/c/cglenn/FCCWork/whizard/whizard_ttbar_spinpol/production/full6f_365gev_ee_ttbar_spinpol_v1/phase11_diagnostics/excess_weight_rootcause_v1/ttbar_restricted_region_suite_v1/restricted/20260816T232058Z_WT_A15xS8_F012_FCC_np1_v1p0p2/fixed/A14_S1/F1	PASS	PASS	0	516cd15ab307b2e2200ab836ba104f2b55e21d3edc8455005dec435b7310526b	0ef45b7892f6ccbd5a91d3c775162cab7d3fcafc2d758e025ed58d73d3549393	04499fb5fb43207dc6eb77a404d937dcec54c4ec8276ea2ddc8128f3c1b3310c	1	0	1	/eos/user/c/cglenn/FCCWork/whizard/whizard_ttbar_spinpol/production/full6f_365gev_ee_ttbar_spinpol_v1/phase11_diagnostics/excess_weight_rootcause_v1/ttbar_restricted_region_suite_v1/restricted/20260816T232058Z_WT_A15xS8_F012_FCC_np1_v1p0p2/fixed/A14_S1/F1/console.log	1
C_A14_S1_F2	fixed	A14_S1_F2	A14_S1	A14	F2	S1	1751949026	1404282457	"1:2000000:""gw"""	"1:2000000:"""""				/eos/user/c/cglenn/FCCWork/whizard/whizard_ttbar_spinpol/production/full6f_365gev_ee_ttbar_spinpol_v1/phase11_diagnostics/excess_weight_rootcause_v1/ttbar_restricted_region_suite_v1/restricted/20260816T232058Z_WT_A15xS8_F012_FCC_np1_v1p0p2/fixed/A14_S1/F2	PASS	PASS	0	516cd15ab307b2e2200ab836ba104f2b55e21d3edc8455005dec435b7310526b	fa8cf6ac1286bd04dde713822a099434d9bda1c41b8b5a84d9813b03f477f0f1	04499fb5fb43207dc6eb77a404d937dcec54c4ec8276ea2ddc8128f3c1b3310c	1	0	1	/eos/user/c/cglenn/FCCWork/whizard/whizard_ttbar_spinpol/production/full6f_365gev_ee_ttbar_spinpol_v1/phase11_diagnostics/excess_weight_rootcause_v1/ttbar_restricted_region_suite_v1/restricted/20260816T232058Z_WT_A15xS8_F012_FCC_np1_v1p0p2/fixed/A14_S1/F2/console.log	1
P_A14_S2	adaptive	A14_S2		A14		S2	1885084773	1596606550	"1:2000000:""gw"""					/eos/user/c/cglenn/FCCWork/whizard/whizard_ttbar_spinpol/production/full6f_365gev_ee_ttbar_spinpol_v1/phase11_diagnostics/excess_weight_rootcause_v1/ttbar_restricted_region_suite_v1/restricted/20260816T232058Z_WT_A15xS8_F012_FCC_np1_v1p0p2/adaptive/A14_S2	PASS	PASS	0	516cd15ab307b2e2200ab836ba104f2b55e21d3edc8455005dec435b7310526b	6ff9753f96b1b172d7b5a06cd808a259ca38b59a0c19478196924ae10a1c8099		0	1		/eos/user/c/cglenn/FCCWork/whizard/whizard_ttbar_spinpol/production/full6f_365gev_ee_ttbar_spinpol_v1/phase11_diagnostics/excess_weight_rootcause_v1/ttbar_restricted_region_suite_v1/restricted/20260816T232058Z_WT_A15xS8_F012_FCC_np1_v1p0p2/adaptive/A14_S2/console.log	1
C_A14_S2_F0	fixed	A14_S2_F0	A14_S2	A14	F0	S2	1885084773	1596606550	"1:2000000:""gw"""	"3:200000:"""""				/eos/user/c/cglenn/FCCWork/whizard/whizard_ttbar_spinpol/production/full6f_365gev_ee_ttbar_spinpol_v1/phase11_diagnostics/excess_weight_rootcause_v1/ttbar_restricted_region_suite_v1/restricted/20260816T232058Z_WT_A15xS8_F012_FCC_np1_v1p0p2/fixed/A14_S2/F0	PASS	PASS	0	516cd15ab307b2e2200ab836ba104f2b55e21d3edc8455005dec435b7310526b	06603732831a9a41a40036d467c696bb5f3822f90a7bada099f602d8691472a0	6ff9753f96b1b172d7b5a06cd808a259ca38b59a0c19478196924ae10a1c8099	1	0	1	/eos/user/c/cglenn/FCCWork/whizard/whizard_ttbar_spinpol/production/full6f_365gev_ee_ttbar_spinpol_v1/phase11_diagnostics/excess_weight_rootcause_v1/ttbar_restricted_region_suite_v1/restricted/20260816T232058Z_WT_A15xS8_F012_FCC_np1_v1p0p2/fixed/A14_S2/F0/console.log	1
C_A14_S2_F1	fixed	A14_S2_F1	A14_S2	A14	F1	S2	1885084773	1596606550	"1:2000000:""gw"""	"1:600000:"""""				/eos/user/c/cglenn/FCCWork/whizard/whizard_ttbar_spinpol/production/full6f_365gev_ee_ttbar_spinpol_v1/phase11_diagnostics/excess_weight_rootcause_v1/ttbar_restricted_region_suite_v1/restricted/20260816T232058Z_WT_A15xS8_F012_FCC_np1_v1p0p2/fixed/A14_S2/F1	PASS	PASS	0	516cd15ab307b2e2200ab836ba104f2b55e21d3edc8455005dec435b7310526b	433e12322a2a308d1dc567b6d85ce67de2f0f66082cbc1255390fb9be59a8f8d	6ff9753f96b1b172d7b5a06cd808a259ca38b59a0c19478196924ae10a1c8099	1	0	1	/eos/user/c/cglenn/FCCWork/whizard/whizard_ttbar_spinpol/production/full6f_365gev_ee_ttbar_spinpol_v1/phase11_diagnostics/excess_weight_rootcause_v1/ttbar_restricted_region_suite_v1/restricted/20260816T232058Z_WT_A15xS8_F012_FCC_np1_v1p0p2/fixed/A14_S2/F1/console.log	1
C_A14_S2_F2	fixed	A14_S2_F2	A14_S2	A14	F2	S2	1885084773	1596606550	"1:2000000:""gw"""	"1:2000000:"""""				/eos/user/c/cglenn/FCCWork/whizard/whizard_ttbar_spinpol/production/full6f_365gev_ee_ttbar_spinpol_v1/phase11_diagnostics/excess_weight_rootcause_v1/ttbar_restricted_region_suite_v1/restricted/20260816T232058Z_WT_A15xS8_F012_FCC_np1_v1p0p2/fixed/A14_S2/F2	PASS	PASS	0	516cd15ab307b2e2200ab836ba104f2b55e21d3edc8455005dec435b7310526b	5244feafa2b9d1fba57f51941fe2ded3d064b1d31ab6caa6045acb6f900de6e5	6ff9753f96b1b172d7b5a06cd808a259ca38b59a0c19478196924ae10a1c8099	1	0	1	/eos/user/c/cglenn/FCCWork/whizard/whizard_ttbar_spinpol/production/full6f_365gev_ee_ttbar_spinpol_v1/phase11_diagnostics/excess_weight_rootcause_v1/ttbar_restricted_region_suite_v1/restricted/20260816T232058Z_WT_A15xS8_F012_FCC_np1_v1p0p2/fixed/A14_S2/F2/console.log	1
P_A14_S3	adaptive	A14_S3		A14		S3	134326786	769890491	"1:2000000:""gw"""					/eos/user/c/cglenn/FCCWork/whizard/whizard_ttbar_spinpol/production/full6f_365gev_ee_ttbar_spinpol_v1/phase11_diagnostics/excess_weight_rootcause_v1/ttbar_restricted_region_suite_v1/restricted/20260816T232058Z_WT_A15xS8_F012_FCC_np1_v1p0p2/adaptive/A14_S3	PASS	PASS	0	516cd15ab307b2e2200ab836ba104f2b55e21d3edc8455005dec435b7310526b	eb9d3e7db0e7dd5534bf6eaf3a8af72acb4ffc1d393766fefa6659286d39eb86		0	1		/eos/user/c/cglenn/FCCWork/whizard/whizard_ttbar_spinpol/production/full6f_365gev_ee_ttbar_spinpol_v1/phase11_diagnostics/excess_weight_rootcause_v1/ttbar_restricted_region_suite_v1/restricted/20260816T232058Z_WT_A15xS8_F012_FCC_np1_v1p0p2/adaptive/A14_S3/console.log	1
C_A14_S3_F0	fixed	A14_S3_F0	A14_S3	A14	F0	S3	134326786	769890491	"1:2000000:""gw"""	"3:200000:"""""				/eos/user/c/cglenn/FCCWork/whizard/whizard_ttbar_spinpol/production/full6f_365gev_ee_ttbar_spinpol_v1/phase11_diagnostics/excess_weight_rootcause_v1/ttbar_restricted_region_suite_v1/restricted/20260816T232058Z_WT_A15xS8_F012_FCC_np1_v1p0p2/fixed/A14_S3/F0	PASS	PASS	0	516cd15ab307b2e2200ab836ba104f2b55e21d3edc8455005dec435b7310526b	805f3f915562f8a09047367a709064fbacbd8ab52ed4520e97c043580f6e59ab	eb9d3e7db0e7dd5534bf6eaf3a8af72acb4ffc1d393766fefa6659286d39eb86	1	0	1	/eos/user/c/cglenn/FCCWork/whizard/whizard_ttbar_spinpol/production/full6f_365gev_ee_ttbar_spinpol_v1/phase11_diagnostics/excess_weight_rootcause_v1/ttbar_restricted_region_suite_v1/restricted/20260816T232058Z_WT_A15xS8_F012_FCC_np1_v1p0p2/fixed/A14_S3/F0/console.log	1
C_A14_S3_F1	fixed	A14_S3_F1	A14_S3	A14	F1	S3	134326786	769890491	"1:2000000:""gw"""	"1:600000:"""""				/eos/user/c/cglenn/FCCWork/whizard/whizard_ttbar_spinpol/production/full6f_365gev_ee_ttbar_spinpol_v1/phase11_diagnostics/excess_weight_rootcause_v1/ttbar_restricted_region_suite_v1/restricted/20260816T232058Z_WT_A15xS8_F012_FCC_np1_v1p0p2/fixed/A14_S3/F1	PASS	PASS	0	516cd15ab307b2e2200ab836ba104f2b55e21d3edc8455005dec435b7310526b	e66fbdef9016e8c0acf35d23ababb5a3a54310aef858acee6387fe0faedaafe6	eb9d3e7db0e7dd5534bf6eaf3a8af72acb4ffc1d393766fefa6659286d39eb86	1	0	1	/eos/user/c/cglenn/FCCWork/whizard/whizard_ttbar_spinpol/production/full6f_365gev_ee_ttbar_spinpol_v1/phase11_diagnostics/excess_weight_rootcause_v1/ttbar_restricted_region_suite_v1/restricted/20260816T232058Z_WT_A15xS8_F012_FCC_np1_v1p0p2/fixed/A14_S3/F1/console.log	1
C_A14_S3_F2	fixed	A14_S3_F2	A14_S3	A14	F2	S3	134326786	769890491	"1:2000000:""gw"""	"1:2000000:"""""				/eos/user/c/cglenn/FCCWork/whizard/whizard_ttbar_spinpol/production/full6f_365gev_ee_ttbar_spinpol_v1/phase11_diagnostics/excess_weight_rootcause_v1/ttbar_restricted_region_suite_v1/restricted/20260816T232058Z_WT_A15xS8_F012_FCC_np1_v1p0p2/fixed/A14_S3/F2	PASS	PASS	0	516cd15ab307b2e2200ab836ba104f2b55e21d3edc8455005dec435b7310526b	413e2c74b1a92e98cae9c2793a47f446f508eefc4ec807b465b2ebbf6d615095	eb9d3e7db0e7dd5534bf6eaf3a8af72acb4ffc1d393766fefa6659286d39eb86	1	0	1	/eos/user/c/cglenn/FCCWork/whizard/whizard_ttbar_spinpol/production/full6f_365gev_ee_ttbar_spinpol_v1/phase11_diagnostics/excess_weight_rootcause_v1/ttbar_restricted_region_suite_v1/restricted/20260816T232058Z_WT_A15xS8_F012_FCC_np1_v1p0p2/fixed/A14_S3/F2/console.log	1
P_A14_S4	adaptive	A14_S4		A14		S4	249371675	462903030	"1:2000000:""gw"""					/eos/user/c/cglenn/FCCWork/whizard/whizard_ttbar_spinpol/production/full6f_365gev_ee_ttbar_spinpol_v1/phase11_diagnostics/excess_weight_rootcause_v1/ttbar_restricted_region_suite_v1/restricted/20260816T232058Z_WT_A15xS8_F012_FCC_np1_v1p0p2/adaptive/A14_S4	PASS	PASS	0	516cd15ab307b2e2200ab836ba104f2b55e21d3edc8455005dec435b7310526b	f5dd3c0ca97d966b54f0c01625b5f3e38d3800ac033e79afd126bc8ea7212641		0	1		/eos/user/c/cglenn/FCCWork/whizard/whizard_ttbar_spinpol/production/full6f_365gev_ee_ttbar_spinpol_v1/phase11_diagnostics/excess_weight_rootcause_v1/ttbar_restricted_region_suite_v1/restricted/20260816T232058Z_WT_A15xS8_F012_FCC_np1_v1p0p2/adaptive/A14_S4/console.log	1
C_A14_S4_F0	fixed	A14_S4_F0	A14_S4	A14	F0	S4	249371675	462903030	"1:2000000:""gw"""	"3:200000:"""""				/eos/user/c/cglenn/FCCWork/whizard/whizard_ttbar_spinpol/production/full6f_365gev_ee_ttbar_spinpol_v1/phase11_diagnostics/excess_weight_rootcause_v1/ttbar_restricted_region_suite_v1/restricted/20260816T232058Z_WT_A15xS8_F012_FCC_np1_v1p0p2/fixed/A14_S4/F0	PASS	PASS	0	516cd15ab307b2e2200ab836ba104f2b55e21d3edc8455005dec435b7310526b	aa9a5a3877c2f6b236ef55014161aa753a8e9cb998820d55c028a4893aed6743	f5dd3c0ca97d966b54f0c01625b5f3e38d3800ac033e79afd126bc8ea7212641	1	0	1	/eos/user/c/cglenn/FCCWork/whizard/whizard_ttbar_spinpol/production/full6f_365gev_ee_ttbar_spinpol_v1/phase11_diagnostics/excess_weight_rootcause_v1/ttbar_restricted_region_suite_v1/restricted/20260816T232058Z_WT_A15xS8_F012_FCC_np1_v1p0p2/fixed/A14_S4/F0/console.log	1
C_A14_S4_F1	fixed	A14_S4_F1	A14_S4	A14	F1	S4	249371675	462903030	"1:2000000:""gw"""	"1:600000:"""""				/eos/user/c/cglenn/FCCWork/whizard/whizard_ttbar_spinpol/production/full6f_365gev_ee_ttbar_spinpol_v1/phase11_diagnostics/excess_weight_rootcause_v1/ttbar_restricted_region_suite_v1/restricted/20260816T232058Z_WT_A15xS8_F012_FCC_np1_v1p0p2/fixed/A14_S4/F1	PASS	PASS	0	516cd15ab307b2e2200ab836ba104f2b55e21d3edc8455005dec435b7310526b	bd3a7c585ab43eb4463f003c7de2c267f8e040fd7d04c6a2bfc5f45bfa7e1747	f5dd3c0ca97d966b54f0c01625b5f3e38d3800ac033e79afd126bc8ea7212641	1	0	1	/eos/user/c/cglenn/FCCWork/whizard/whizard_ttbar_spinpol/production/full6f_365gev_ee_ttbar_spinpol_v1/phase11_diagnostics/excess_weight_rootcause_v1/ttbar_restricted_region_suite_v1/restricted/20260816T232058Z_WT_A15xS8_F012_FCC_np1_v1p0p2/fixed/A14_S4/F1/console.log	1
C_A14_S4_F2	fixed	A14_S4_F2	A14_S4	A14	F2	S4	249371675	462903030	"1:2000000:""gw"""	"1:2000000:"""""				/eos/user/c/cglenn/FCCWork/whizard/whizard_ttbar_spinpol/production/full6f_365gev_ee_ttbar_spinpol_v1/phase11_diagnostics/excess_weight_rootcause_v1/ttbar_restricted_region_suite_v1/restricted/20260816T232058Z_WT_A15xS8_F012_FCC_np1_v1p0p2/fixed/A14_S4/F2	PASS	PASS	0	516cd15ab307b2e2200ab836ba104f2b55e21d3edc8455005dec435b7310526b	b88df45e538601e7c1bff5dc758e8b658074f79149bacfbffc515c8dada60b59	f5dd3c0ca97d966b54f0c01625b5f3e38d3800ac033e79afd126bc8ea7212641	1	0	1	/eos/user/c/cglenn/FCCWork/whizard/whizard_ttbar_spinpol/production/full6f_365gev_ee_ttbar_spinpol_v1/phase11_diagnostics/excess_weight_rootcause_v1/ttbar_restricted_region_suite_v1/restricted/20260816T232058Z_WT_A15xS8_F012_FCC_np1_v1p0p2/fixed/A14_S4/F2/console.log	1
P_A14_S5	adaptive	A14_S5		A14		S5	531087687	197846737	"1:2000000:""gw"""					/eos/user/c/cglenn/FCCWork/whizard/whizard_ttbar_spinpol/production/full6f_365gev_ee_ttbar_spinpol_v1/phase11_diagnostics/excess_weight_rootcause_v1/ttbar_restricted_region_suite_v1/restricted/20260816T232058Z_WT_A15xS8_F012_FCC_np1_v1p0p2/adaptive/A14_S5	PASS	PASS	0	516cd15ab307b2e2200ab836ba104f2b55e21d3edc8455005dec435b7310526b	405834c81788a6fab7019c5e56f245ebdd45bfbd0b6c06d91b82ca7193d5d6ca		0	1		/eos/user/c/cglenn/FCCWork/whizard/whizard_ttbar_spinpol/production/full6f_365gev_ee_ttbar_spinpol_v1/phase11_diagnostics/excess_weight_rootcause_v1/ttbar_restricted_region_suite_v1/restricted/20260816T232058Z_WT_A15xS8_F012_FCC_np1_v1p0p2/adaptive/A14_S5/console.log	1
C_A14_S5_F0	fixed	A14_S5_F0	A14_S5	A14	F0	S5	531087687	197846737	"1:2000000:""gw"""	"3:200000:"""""				/eos/user/c/cglenn/FCCWork/whizard/whizard_ttbar_spinpol/production/full6f_365gev_ee_ttbar_spinpol_v1/phase11_diagnostics/excess_weight_rootcause_v1/ttbar_restricted_region_suite_v1/restricted/20260816T232058Z_WT_A15xS8_F012_FCC_np1_v1p0p2/fixed/A14_S5/F0	PASS	PASS	0	516cd15ab307b2e2200ab836ba104f2b55e21d3edc8455005dec435b7310526b	6281aae59ac4971ba21673ab97e56d771b4d71e472e201cb80430d0cfc8a4299	405834c81788a6fab7019c5e56f245ebdd45bfbd0b6c06d91b82ca7193d5d6ca	1	0	1	/eos/user/c/cglenn/FCCWork/whizard/whizard_ttbar_spinpol/production/full6f_365gev_ee_ttbar_spinpol_v1/phase11_diagnostics/excess_weight_rootcause_v1/ttbar_restricted_region_suite_v1/restricted/20260816T232058Z_WT_A15xS8_F012_FCC_np1_v1p0p2/fixed/A14_S5/F0/console.log	1
C_A14_S5_F1	fixed	A14_S5_F1	A14_S5	A14	F1	S5	531087687	197846737	"1:2000000:""gw"""	"1:600000:"""""				/eos/user/c/cglenn/FCCWork/whizard/whizard_ttbar_spinpol/production/full6f_365gev_ee_ttbar_spinpol_v1/phase11_diagnostics/excess_weight_rootcause_v1/ttbar_restricted_region_suite_v1/restricted/20260816T232058Z_WT_A15xS8_F012_FCC_np1_v1p0p2/fixed/A14_S5/F1	PASS	PASS	0	516cd15ab307b2e2200ab836ba104f2b55e21d3edc8455005dec435b7310526b	5d3fc7439732125a4927633ce012aee3020b40e73686c382d23d45ec993b7fbe	405834c81788a6fab7019c5e56f245ebdd45bfbd0b6c06d91b82ca7193d5d6ca	1	0	1	/eos/user/c/cglenn/FCCWork/whizard/whizard_ttbar_spinpol/production/full6f_365gev_ee_ttbar_spinpol_v1/phase11_diagnostics/excess_weight_rootcause_v1/ttbar_restricted_region_suite_v1/restricted/20260816T232058Z_WT_A15xS8_F012_FCC_np1_v1p0p2/fixed/A14_S5/F1/console.log	1
C_A14_S5_F2	fixed	A14_S5_F2	A14_S5	A14	F2	S5	531087687	197846737	"1:2000000:""gw"""	"1:2000000:"""""				/eos/user/c/cglenn/FCCWork/whizard/whizard_ttbar_spinpol/production/full6f_365gev_ee_ttbar_spinpol_v1/phase11_diagnostics/excess_weight_rootcause_v1/ttbar_restricted_region_suite_v1/restricted/20260816T232058Z_WT_A15xS8_F012_FCC_np1_v1p0p2/fixed/A14_S5/F2	PASS	PASS	0	516cd15ab307b2e2200ab836ba104f2b55e21d3edc8455005dec435b7310526b	3da605c1f9aa0804b49961735a2901ea216ee87ca0613854c82a2fa290fd5440	405834c81788a6fab7019c5e56f245ebdd45bfbd0b6c06d91b82ca7193d5d6ca	1	0	1	/eos/user/c/cglenn/FCCWork/whizard/whizard_ttbar_spinpol/production/full6f_365gev_ee_ttbar_spinpol_v1/phase11_diagnostics/excess_weight_rootcause_v1/ttbar_restricted_region_suite_v1/restricted/20260816T232058Z_WT_A15xS8_F012_FCC_np1_v1p0p2/fixed/A14_S5/F2/console.log	1
P_A14_S6	adaptive	A14_S6		A14		S6	519963689	958460417	"1:2000000:""gw"""					/eos/user/c/cglenn/FCCWork/whizard/whizard_ttbar_spinpol/production/full6f_365gev_ee_ttbar_spinpol_v1/phase11_diagnostics/excess_weight_rootcause_v1/ttbar_restricted_region_suite_v1/restricted/20260816T232058Z_WT_A15xS8_F012_FCC_np1_v1p0p2/adaptive/A14_S6	PASS	PASS	0	516cd15ab307b2e2200ab836ba104f2b55e21d3edc8455005dec435b7310526b	fe458c2140be6a6a8102a78e2dd8184a371ef0e0e0e060c0bd29f33734e90451		0	1		/eos/user/c/cglenn/FCCWork/whizard/whizard_ttbar_spinpol/production/full6f_365gev_ee_ttbar_spinpol_v1/phase11_diagnostics/excess_weight_rootcause_v1/ttbar_restricted_region_suite_v1/restricted/20260816T232058Z_WT_A15xS8_F012_FCC_np1_v1p0p2/adaptive/A14_S6/console.log	1
C_A14_S6_F0	fixed	A14_S6_F0	A14_S6	A14	F0	S6	519963689	958460417	"1:2000000:""gw"""	"3:200000:"""""				/eos/user/c/cglenn/FCCWork/whizard/whizard_ttbar_spinpol/production/full6f_365gev_ee_ttbar_spinpol_v1/phase11_diagnostics/excess_weight_rootcause_v1/ttbar_restricted_region_suite_v1/restricted/20260816T232058Z_WT_A15xS8_F012_FCC_np1_v1p0p2/fixed/A14_S6/F0	PASS	PASS	0	516cd15ab307b2e2200ab836ba104f2b55e21d3edc8455005dec435b7310526b	b0644788589b7ff20b797ab1fba1f803fdbb3ea55dc46929cc5fd6474ba8ec28	fe458c2140be6a6a8102a78e2dd8184a371ef0e0e0e060c0bd29f33734e90451	1	0	1	/eos/user/c/cglenn/FCCWork/whizard/whizard_ttbar_spinpol/production/full6f_365gev_ee_ttbar_spinpol_v1/phase11_diagnostics/excess_weight_rootcause_v1/ttbar_restricted_region_suite_v1/restricted/20260816T232058Z_WT_A15xS8_F012_FCC_np1_v1p0p2/fixed/A14_S6/F0/console.log	1
C_A14_S6_F1	fixed	A14_S6_F1	A14_S6	A14	F1	S6	519963689	958460417	"1:2000000:""gw"""	"1:600000:"""""				/eos/user/c/cglenn/FCCWork/whizard/whizard_ttbar_spinpol/production/full6f_365gev_ee_ttbar_spinpol_v1/phase11_diagnostics/excess_weight_rootcause_v1/ttbar_restricted_region_suite_v1/restricted/20260816T232058Z_WT_A15xS8_F012_FCC_np1_v1p0p2/fixed/A14_S6/F1	PASS	PASS	0	516cd15ab307b2e2200ab836ba104f2b55e21d3edc8455005dec435b7310526b	6327d2fd63b07d375463b06ea225c761b170999825d6eedfb936648b954b7330	fe458c2140be6a6a8102a78e2dd8184a371ef0e0e0e060c0bd29f33734e90451	1	0	1	/eos/user/c/cglenn/FCCWork/whizard/whizard_ttbar_spinpol/production/full6f_365gev_ee_ttbar_spinpol_v1/phase11_diagnostics/excess_weight_rootcause_v1/ttbar_restricted_region_suite_v1/restricted/20260816T232058Z_WT_A15xS8_F012_FCC_np1_v1p0p2/fixed/A14_S6/F1/console.log	1
C_A14_S6_F2	fixed	A14_S6_F2	A14_S6	A14	F2	S6	519963689	958460417	"1:2000000:""gw"""	"1:2000000:"""""				/eos/user/c/cglenn/FCCWork/whizard/whizard_ttbar_spinpol/production/full6f_365gev_ee_ttbar_spinpol_v1/phase11_diagnostics/excess_weight_rootcause_v1/ttbar_restricted_region_suite_v1/restricted/20260816T232058Z_WT_A15xS8_F012_FCC_np1_v1p0p2/fixed/A14_S6/F2	PASS	PASS	0	516cd15ab307b2e2200ab836ba104f2b55e21d3edc8455005dec435b7310526b	5954551c0e263286684910ac49fa5946818da5f59881f65e8e2c689e5a4d3848	fe458c2140be6a6a8102a78e2dd8184a371ef0e0e0e060c0bd29f33734e90451	1	0	1	/eos/user/c/cglenn/FCCWork/whizard/whizard_ttbar_spinpol/production/full6f_365gev_ee_ttbar_spinpol_v1/phase11_diagnostics/excess_weight_rootcause_v1/ttbar_restricted_region_suite_v1/restricted/20260816T232058Z_WT_A15xS8_F012_FCC_np1_v1p0p2/fixed/A14_S6/F2/console.log	1
P_A14_S7	adaptive	A14_S7		A14		S7	1552803368	239117595	"1:2000000:""gw"""					/eos/user/c/cglenn/FCCWork/whizard/whizard_ttbar_spinpol/production/full6f_365gev_ee_ttbar_spinpol_v1/phase11_diagnostics/excess_weight_rootcause_v1/ttbar_restricted_region_suite_v1/restricted/20260816T232058Z_WT_A15xS8_F012_FCC_np1_v1p0p2/adaptive/A14_S7	PASS	PASS	0	516cd15ab307b2e2200ab836ba104f2b55e21d3edc8455005dec435b7310526b	a65173bdb7b9db1bededd27acffba9a2734bc3c2f95de05c28cfec0696d7aade		0	1		/eos/user/c/cglenn/FCCWork/whizard/whizard_ttbar_spinpol/production/full6f_365gev_ee_ttbar_spinpol_v1/phase11_diagnostics/excess_weight_rootcause_v1/ttbar_restricted_region_suite_v1/restricted/20260816T232058Z_WT_A15xS8_F012_FCC_np1_v1p0p2/adaptive/A14_S7/console.log	1
C_A14_S7_F0	fixed	A14_S7_F0	A14_S7	A14	F0	S7	1552803368	239117595	"1:2000000:""gw"""	"3:200000:"""""				/eos/user/c/cglenn/FCCWork/whizard/whizard_ttbar_spinpol/production/full6f_365gev_ee_ttbar_spinpol_v1/phase11_diagnostics/excess_weight_rootcause_v1/ttbar_restricted_region_suite_v1/restricted/20260816T232058Z_WT_A15xS8_F012_FCC_np1_v1p0p2/fixed/A14_S7/F0	PASS	PASS	0	516cd15ab307b2e2200ab836ba104f2b55e21d3edc8455005dec435b7310526b	6df9ecc4c80d94906220b29e6f93c2892fa6ad750def3357513f55a07acd7d08	a65173bdb7b9db1bededd27acffba9a2734bc3c2f95de05c28cfec0696d7aade	1	0	1	/eos/user/c/cglenn/FCCWork/whizard/whizard_ttbar_spinpol/production/full6f_365gev_ee_ttbar_spinpol_v1/phase11_diagnostics/excess_weight_rootcause_v1/ttbar_restricted_region_suite_v1/restricted/20260816T232058Z_WT_A15xS8_F012_FCC_np1_v1p0p2/fixed/A14_S7/F0/console.log	1
C_A14_S7_F1	fixed	A14_S7_F1	A14_S7	A14	F1	S7	1552803368	239117595	"1:2000000:""gw"""	"1:600000:"""""				/eos/user/c/cglenn/FCCWork/whizard/whizard_ttbar_spinpol/production/full6f_365gev_ee_ttbar_spinpol_v1/phase11_diagnostics/excess_weight_rootcause_v1/ttbar_restricted_region_suite_v1/restricted/20260816T232058Z_WT_A15xS8_F012_FCC_np1_v1p0p2/fixed/A14_S7/F1	PASS	PASS	0	516cd15ab307b2e2200ab836ba104f2b55e21d3edc8455005dec435b7310526b	948ff15a8b3db3620cfadcd112eeb652c5be33e7af0b1a4c8d7d4ad538cd1ac8	a65173bdb7b9db1bededd27acffba9a2734bc3c2f95de05c28cfec0696d7aade	1	0	1	/eos/user/c/cglenn/FCCWork/whizard/whizard_ttbar_spinpol/production/full6f_365gev_ee_ttbar_spinpol_v1/phase11_diagnostics/excess_weight_rootcause_v1/ttbar_restricted_region_suite_v1/restricted/20260816T232058Z_WT_A15xS8_F012_FCC_np1_v1p0p2/fixed/A14_S7/F1/console.log	1
C_A14_S7_F2	fixed	A14_S7_F2	A14_S7	A14	F2	S7	1552803368	239117595	"1:2000000:""gw"""	"1:2000000:"""""				/eos/user/c/cglenn/FCCWork/whizard/whizard_ttbar_spinpol/production/full6f_365gev_ee_ttbar_spinpol_v1/phase11_diagnostics/excess_weight_rootcause_v1/ttbar_restricted_region_suite_v1/restricted/20260816T232058Z_WT_A15xS8_F012_FCC_np1_v1p0p2/fixed/A14_S7/F2	PASS	PASS	0	516cd15ab307b2e2200ab836ba104f2b55e21d3edc8455005dec435b7310526b	e46a169491bf679bb6244303e42618c49a5a79a1c78d47c6a6663fe57b565053	a65173bdb7b9db1bededd27acffba9a2734bc3c2f95de05c28cfec0696d7aade	1	0	1	/eos/user/c/cglenn/FCCWork/whizard/whizard_ttbar_spinpol/production/full6f_365gev_ee_ttbar_spinpol_v1/phase11_diagnostics/excess_weight_rootcause_v1/ttbar_restricted_region_suite_v1/restricted/20260816T232058Z_WT_A15xS8_F012_FCC_np1_v1p0p2/fixed/A14_S7/F2/console.log	1
L_FCCLEGACY_S0	control	FCCLEGACY_S0		FCCLEGACY	F3	S0	1740114216	648318690	"10:100000:""gw"""	"10:200000:"""""	FCCLEGACY			/eos/user/c/cglenn/FCCWork/whizard/whizard_ttbar_spinpol/production/full6f_365gev_ee_ttbar_spinpol_v1/phase11_diagnostics/excess_weight_rootcause_v1/ttbar_restricted_region_suite_v1/restricted/20260816T232058Z_WT_A15xS8_F012_FCC_np1_v1p0p2/control/FCCLEGACY_S0	PASS	PASS	0							/eos/user/c/cglenn/FCCWork/whizard/whizard_ttbar_spinpol/production/full6f_365gev_ee_ttbar_spinpol_v1/phase11_diagnostics/excess_weight_rootcause_v1/ttbar_restricted_region_suite_v1/restricted/20260816T232058Z_WT_A15xS8_F012_FCC_np1_v1p0p2/control/FCCLEGACY_S0/console.log	1
L_FCCLEGACY_S1	control	FCCLEGACY_S1		FCCLEGACY	F3	S1	1751949026	1404282457	"10:100000:""gw"""	"10:200000:"""""	FCCLEGACY			/eos/user/c/cglenn/FCCWork/whizard/whizard_ttbar_spinpol/production/full6f_365gev_ee_ttbar_spinpol_v1/phase11_diagnostics/excess_weight_rootcause_v1/ttbar_restricted_region_suite_v1/restricted/20260816T232058Z_WT_A15xS8_F012_FCC_np1_v1p0p2/control/FCCLEGACY_S1	PASS	PASS	0							/eos/user/c/cglenn/FCCWork/whizard/whizard_ttbar_spinpol/production/full6f_365gev_ee_ttbar_spinpol_v1/phase11_diagnostics/excess_weight_rootcause_v1/ttbar_restricted_region_suite_v1/restricted/20260816T232058Z_WT_A15xS8_F012_FCC_np1_v1p0p2/control/FCCLEGACY_S1/console.log	1
L_FCCLEGACY_S2	control	FCCLEGACY_S2		FCCLEGACY	F3	S2	1885084773	1596606550	"10:100000:""gw"""	"10:200000:"""""	FCCLEGACY			/eos/user/c/cglenn/FCCWork/whizard/whizard_ttbar_spinpol/production/full6f_365gev_ee_ttbar_spinpol_v1/phase11_diagnostics/excess_weight_rootcause_v1/ttbar_restricted_region_suite_v1/restricted/20260816T232058Z_WT_A15xS8_F012_FCC_np1_v1p0p2/control/FCCLEGACY_S2	PASS	PASS	0							/eos/user/c/cglenn/FCCWork/whizard/whizard_ttbar_spinpol/production/full6f_365gev_ee_ttbar_spinpol_v1/phase11_diagnostics/excess_weight_rootcause_v1/ttbar_restricted_region_suite_v1/restricted/20260816T232058Z_WT_A15xS8_F012_FCC_np1_v1p0p2/control/FCCLEGACY_S2/console.log	1
L_FCCLEGACY_S3	control	FCCLEGACY_S3		FCCLEGACY	F3	S3	134326786	769890491	"10:100000:""gw"""	"10:200000:"""""	FCCLEGACY			/eos/user/c/cglenn/FCCWork/whizard/whizard_ttbar_spinpol/production/full6f_365gev_ee_ttbar_spinpol_v1/phase11_diagnostics/excess_weight_rootcause_v1/ttbar_restricted_region_suite_v1/restricted/20260816T232058Z_WT_A15xS8_F012_FCC_np1_v1p0p2/control/FCCLEGACY_S3	PASS	PASS	0							/eos/user/c/cglenn/FCCWork/whizard/whizard_ttbar_spinpol/production/full6f_365gev_ee_ttbar_spinpol_v1/phase11_diagnostics/excess_weight_rootcause_v1/ttbar_restricted_region_suite_v1/restricted/20260816T232058Z_WT_A15xS8_F012_FCC_np1_v1p0p2/control/FCCLEGACY_S3/console.log	1
L_FCCLEGACY_S4	control	FCCLEGACY_S4		FCCLEGACY	F3	S4	249371675	462903030	"10:100000:""gw"""	"10:200000:"""""	FCCLEGACY			/eos/user/c/cglenn/FCCWork/whizard/whizard_ttbar_spinpol/production/full6f_365gev_ee_ttbar_spinpol_v1/phase11_diagnostics/excess_weight_rootcause_v1/ttbar_restricted_region_suite_v1/restricted/20260816T232058Z_WT_A15xS8_F012_FCC_np1_v1p0p2/control/FCCLEGACY_S4	PASS	PASS	0							/eos/user/c/cglenn/FCCWork/whizard/whizard_ttbar_spinpol/production/full6f_365gev_ee_ttbar_spinpol_v1/phase11_diagnostics/excess_weight_rootcause_v1/ttbar_restricted_region_suite_v1/restricted/20260816T232058Z_WT_A15xS8_F012_FCC_np1_v1p0p2/control/FCCLEGACY_S4/console.log	1
L_FCCLEGACY_S5	control	FCCLEGACY_S5		FCCLEGACY	F3	S5	531087687	197846737	"10:100000:""gw"""	"10:200000:"""""	FCCLEGACY			/eos/user/c/cglenn/FCCWork/whizard/whizard_ttbar_spinpol/production/full6f_365gev_ee_ttbar_spinpol_v1/phase11_diagnostics/excess_weight_rootcause_v1/ttbar_restricted_region_suite_v1/restricted/20260816T232058Z_WT_A15xS8_F012_FCC_np1_v1p0p2/control/FCCLEGACY_S5	PASS	PASS	0							/eos/user/c/cglenn/FCCWork/whizard/whizard_ttbar_spinpol/production/full6f_365gev_ee_ttbar_spinpol_v1/phase11_diagnostics/excess_weight_rootcause_v1/ttbar_restricted_region_suite_v1/restricted/20260816T232058Z_WT_A15xS8_F012_FCC_np1_v1p0p2/control/FCCLEGACY_S5/console.log	1
L_FCCLEGACY_S6	control	FCCLEGACY_S6		FCCLEGACY	F3	S6	519963689	958460417	"10:100000:""gw"""	"10:200000:"""""	FCCLEGACY			/eos/user/c/cglenn/FCCWork/whizard/whizard_ttbar_spinpol/production/full6f_365gev_ee_ttbar_spinpol_v1/phase11_diagnostics/excess_weight_rootcause_v1/ttbar_restricted_region_suite_v1/restricted/20260816T232058Z_WT_A15xS8_F012_FCC_np1_v1p0p2/control/FCCLEGACY_S6	PASS	PASS	0							/eos/user/c/cglenn/FCCWork/whizard/whizard_ttbar_spinpol/production/full6f_365gev_ee_ttbar_spinpol_v1/phase11_diagnostics/excess_weight_rootcause_v1/ttbar_restricted_region_suite_v1/restricted/20260816T232058Z_WT_A15xS8_F012_FCC_np1_v1p0p2/control/FCCLEGACY_S6/console.log	1
L_FCCLEGACY_S7	control	FCCLEGACY_S7		FCCLEGACY	F3	S7	1552803368	239117595	"10:100000:""gw"""	"10:200000:"""""	FCCLEGACY			/eos/user/c/cglenn/FCCWork/whizard/whizard_ttbar_spinpol/production/full6f_365gev_ee_ttbar_spinpol_v1/phase11_diagnostics/excess_weight_rootcause_v1/ttbar_restricted_region_suite_v1/restricted/20260816T232058Z_WT_A15xS8_F012_FCC_np1_v1p0p2/control/FCCLEGACY_S7	PASS	PASS	0							/eos/user/c/cglenn/FCCWork/whizard/whizard_ttbar_spinpol/production/full6f_365gev_ee_ttbar_spinpol_v1/phase11_diagnostics/excess_weight_rootcause_v1/ttbar_restricted_region_suite_v1/restricted/20260816T232058Z_WT_A15xS8_F012_FCC_np1_v1p0p2/control/FCCLEGACY_S7/console.log	1
