###############################################################################
 Process [scattering]: 'proc_epmum'
   Run ID        = ''
   Library name  = 'default_lib'
   Process index = 1
   Process components:
     1: 'proc_epmum_i1':   e-, e+ => e+, nue, b, mu-, numubar, bbar [omega]
------------------------------------------------------------------------
###############################################################################
   Integral   =  1.0290864008E+01
   Error      =  2.7148330122E+00
   Accuracy   =  3.6914554042E+01
   Chi2       =  0.0000000000E+00
   Efficiency =  1.3129586355E-01
   T(10k evt) =  0d:00h:00m:31s
|=============================================================================|
| It      Calls  Integral[fb]  Error[fb]   Err[%]    Acc  Eff[%]   Chi2 N[It] |
|=============================================================================|
   1      19580  1.0290864E+01  2.71E+00   26.38   36.91*  13.13
|-----------------------------------------------------------------------------|
   1      19580  1.0290864E+01  2.71E+00   26.38   36.91   13.13
|=============================================================================|
###############################################################################
| Phase-space chain (grove) weight history: (numbers in %)
| chain |   1   2   3   4   5   6   7   8   9  10  11  12  13  14  15  16  17  18  19  20  21  22  23  24  25  26  27  28  29  30  31  32  33  34  35  36  37  38  39  40  41  42  43  44  45  46  47  48  49  50  51  52  53  54  55  56  57  58  59  60  61  62  63  64  65  66  67  68  69  70  71  72  73  74  75  76  77  78  79  80  81  82  83  84  85  86  87  88  89  90  91  92  93  94  95  96  97  98  99 100 101 102 103 104 105 106 107 108 109 110 111 112 113 114 115 116 117 118 119 120 121 122 123 124 125 126 127 128 129 130 131 132 133 134 135 136 137 138 139 140 141 142 143 144 145 146 147 148 149 150 151 152 153 154 155 156 157 158 159 160 161 162 163 164 165 166 167 168 169 170 171 172 173 174 175 176 177 178 179 180 181 182 183 184 185 186 187 188 189 190 191 192 193 194 195 196 197 198 199 200 201 202 203 204 205 206 207 208 209 210 211 212 213 214 215 216 217 218 219 220 221 222 223 224 225 226 227 228 229 230 231 232 233 234 235 236 237 238 239
|=============================================================================|
      1 |   0   0   0   0   0   0   0   0   0   0   0   0   0   0   0   0   0   0   1   1   1   0   0   1   1   1   1   0   1   1   1   1   1   0   1   0   0   0   0   0   1   0   1   0   0   1   0   0   0   0   0   1   0   0   1   0   0   0   1   0   1   1   1   1   2   0   1   1   1   1   2   0   1   1   2   1   0   0   0   0   0   0   0   0   1   0   0   0   1   0   0   1   0   0   0   0   0   0   0   1   0   0   0   0   1   0   0   1   1   1   1   0   0   0   0   1   0   0   0   0   0   0   0   0   0   0   0   0   0   0   0   0   0   0   0   0   0   0   0   0   0   0   0   0   0   0   0   0   0   0   0   0   0   1   1   0   0   0   0   0   0   0   0   0   0   0   0   0   0   0   0   0   0   0   0   0   0   0   0   0   0   0   1   1   0   0   0   0   0   0   0   0   0   0   0   0   0   0   0   0   0   0   1   0   0   0   0   0   0   0   0   0   0   0   0   0   0   0   0   0   0   0   0   0   0   0   0   0   0   0   0   0   0   0   0   0   0   0   0
|=============================================================================|
###############################################################################
 Call statistics (current run):
   total       = 19580
   failed kin. = 16715
   failed cuts = 0
   passed cuts = 0
   evaluated   = 2865
###############################################################################
 MC Integrator is VAMP2
------------------------------------------------------------------------
Inequivalent channels:
  Channel 1:    Mult. = 1    Symm. = 1    Invar.: FFFFFFTFFFFFFFFF
  Channel 2:    Mult. = 1    Symm. = 1    Invar.: FFFFFFTFFFFFFFFF
  Channel 3:    Mult. = 1    Symm. = 1    Invar.: FFFFFFTFFFFFFFFF
  Channel 4:    Mult. = 1    Symm. = 1    Invar.: FFFFFFTFFFFFFFFF
  Channel 5:    Mult. = 1    Symm. = 1    Invar.: FFFFFFTFFFFFFFFF
  Channel 6:    Mult. = 1    Symm. = 1    Invar.: FFFFFFTFFFFFFFFF
  Channel 7:    Mult. = 1    Symm. = 1    Invar.: FFFFFFTFFFFFFFFF
  Channel 8:    Mult. = 1    Symm. = 1    Invar.: FFFFFFTFFFFFFFFF
  Channel 9:    Mult. = 1    Symm. = 1    Invar.: FFFFFFTFFFFFFFFF
  Channel 10:    Mult. = 1    Symm. = 1    Invar.: FFFFFFTFFFFFFFFF
  Channel 11:    Mult. = 1    Symm. = 1    Invar.: FFFFFFTFFFFFFFFF
  Channel 12:    Mult. = 1    Symm. = 1    Invar.: FFFFFFTFFFFFFFFF
  Channel 13:    Mult. = 1    Symm. = 1    Invar.: FFFFFFTFFFFFFFFF
  Channel 14:    Mult. = 1    Symm. = 1    Invar.: FFFFFFTFFFFFFFFF
  Channel 15:    Mult. = 1    Symm. = 1    Invar.: FFFFFFTFFFFFFFFF
  Channel 16:    Mult. = 1    Symm. = 1    Invar.: FFFFFFTFFFFFFFFF
  Channel 17:    Mult. = 1    Symm. = 1    Invar.: FFFFFFTFFFFFFFFF
  Channel 18:    Mult. = 1    Symm. = 1    Invar.: FFFFFFTFFFFFFFFF
  Channel 19:    Mult. = 1    Symm. = 1    Invar.: FFFFFFTFFFFFFFFF
  Channel 20:    Mult. = 1    Symm. = 1    Invar.: FFFFFFTFFFFFFFFF
  Channel 21:    Mult. = 1    Symm. = 1    Invar.: FFFFFFTFFFFFFFFF
  Channel 22:    Mult. = 1    Symm. = 1    Invar.: FFFFFFTFFFFFFFFF
  Channel 23:    Mult. = 1    Symm. = 1    Invar.: FFFFFFTFFFFFFFFF
  Channel 24:    Mult. = 1    Symm. = 1    Invar.: FFFFFFTFFFFFFFFF
  Channel 25:    Mult. = 1    Symm. = 1    Invar.: FFFFFFTFFFFFFFFF
  Channel 26:    Mult. = 1    Symm. = 1    Invar.: FFFFFFTFFFFFFFFF
  Channel 27:    Mult. = 1    Symm. = 1    Invar.: FFFFFFTFFFFFFFFF
  Channel 28:    Mult. = 1    Symm. = 1    Invar.: FFFFFFTFFFFFFFFF
  Channel 29:    Mult. = 1    Symm. = 1    Invar.: FFFFFFTFFFFFFFFF
  Channel 30:    Mult. = 1    Symm. = 1    Invar.: FFFFFFTFFFFFFFFF
  Channel 31:    Mult. = 1    Symm. = 1    Invar.: FFFFFFTFFFFFFFFF
  Channel 32:    Mult. = 1    Symm. = 1    Invar.: FFFFFFTFFFFFFFFF
  Channel 33:    Mult. = 1    Symm. = 1    Invar.: FFFFFFTFFFFFFFFF
  Channel 34:    Mult. = 1    Symm. = 1    Invar.: FFFFFFTFFFFFFFFF
  Channel 35:    Mult. = 1    Symm. = 1    Invar.: FFFFFFTFFFFFFFFF
  Channel 36:    Mult. = 1    Symm. = 1    Invar.: FFFFFFTFFFFFFFFF
  Channel 37:    Mult. = 1    Symm. = 1    Invar.: FFFFFFTFFFFFFFFF
  Channel 38:    Mult. = 1    Symm. = 1    Invar.: FFFFFFTFFFFFFFFF
  Channel 39:    Mult. = 1    Symm. = 1    Invar.: FFFFFFTFFFFFFFFF
  Channel 40:    Mult. = 1    Symm. = 1    Invar.: FFFFFFTFFFFFFFFF
  Channel 41:    Mult. = 1    Symm. = 1    Invar.: FFFFFFTFFFFFFFFF
  Channel 42:    Mult. = 1    Symm. = 1    Invar.: FFFFFFTFFFFFFFFF
  Channel 43:    Mult. = 1    Symm. = 1    Invar.: FFFFFFTFFFFFFFFF
  Channel 44:    Mult. = 1    Symm. = 1    Invar.: FFFFFFTFFFFFFFFF
  Channel 45:    Mult. = 1    Symm. = 1    Invar.: FFFFFFTFFFFFFFFF
  Channel 46:    Mult. = 1    Symm. = 1    Invar.: FFFFFFTFFFFFFFFF
  Channel 47:    Mult. = 1    Symm. = 1    Invar.: FFFFFFTFFFFFFFFF
  Channel 48:    Mult. = 1    Symm. = 1    Invar.: FFFFFFTFFFFFFFFF
  Channel 49:    Mult. = 1    Symm. = 1    Invar.: FFFFFFTFFFFFFFFF
  Channel 50:    Mult. = 1    Symm. = 1    Invar.: FFFFFFTFFFFFFFFF
  Channel 51:    Mult. = 1    Symm. = 1    Invar.: FFFFFFTFFFFFFFFF
  Channel 52:    Mult. = 1    Symm. = 1    Invar.: FFFFFFTFFFFFFFFF
  Channel 53:    Mult. = 1    Symm. = 1    Invar.: FFFFFFTFFFFFFFFF
  Channel 54:    Mult. = 1    Symm. = 1    Invar.: FFFFFFTFFFFFFFFF
  Channel 55:    Mult. = 1    Symm. = 1    Invar.: FFFFFFTFFFFFFFFF
  Channel 56:    Mult. = 1    Symm. = 1    Invar.: FFFFFFTFFFFFFFFF
  Channel 57:    Mult. = 1    Symm. = 1    Invar.: FFFFFFTFFFFFFFFF
  Channel 58:    Mult. = 1    Symm. = 1    Invar.: FFFFFFTFFFFFFFFF
  Channel 59:    Mult. = 1    Symm. = 1    Invar.: FFFFFFTFFFFFFFFF
  Channel 60:    Mult. = 1    Symm. = 1    Invar.: FFFFFFTFFFFFFFFF
  Channel 61:    Mult. = 1    Symm. = 1    Invar.: FFFFFFTFFFFFFFFF
  Channel 62:    Mult. = 1    Symm. = 1    Invar.: FFFFFFTFFFFFFFFF
  Channel 63:    Mult. = 1    Symm. = 1    Invar.: FFFFFFTFFFFFFFFF
  Channel 64:    Mult. = 1    Symm. = 1    Invar.: FFFFFFTFFFFFFFFF
  Channel 65:    Mult. = 1    Symm. = 1    Invar.: FFFFFFTFFFFFFFFF
  Channel 66:    Mult. = 1    Symm. = 1    Invar.: FFFFFFTFFFFFFFFF
  Channel 67:    Mult. = 1    Symm. = 1    Invar.: FFFFFFTFFFFFFFFF
  Channel 68:    Mult. = 1    Symm. = 1    Invar.: FFFFFFTFFFFFFFFF
  Channel 69:    Mult. = 1    Symm. = 1    Invar.: FFFFFFTFFFFFFFFF
  Channel 70:    Mult. = 1    Symm. = 1    Invar.: FFFFFFTFFFFFFFFF
  Channel 71:    Mult. = 1    Symm. = 1    Invar.: FFFFFFTFFFFFFFFF
  Channel 72:    Mult. = 1    Symm. = 1    Invar.: FFFFFFTFFFFFFFFF
  Channel 73:    Mult. = 1    Symm. = 1    Invar.: FFFFFFTFFFFFFFFF
  Channel 74:    Mult. = 1    Symm. = 1    Invar.: FFFFFFTFFFFFFFFF
  Channel 75:    Mult. = 1    Symm. = 1    Invar.: FFFFFFTFFFFFFFFF
  Channel 76:    Mult. = 1    Symm. = 1    Invar.: FFFFFFTFFFFFFFFF
  Channel 77:    Mult. = 1    Symm. = 1    Invar.: FFFFFFTFFFFFFFFF
  Channel 78:    Mult. = 1    Symm. = 1    Invar.: FFFFFFTFFFFFFFFF
  Channel 79:    Mult. = 1    Symm. = 1    Invar.: FFFFFFTFFFFFFFFF
  Channel 80:    Mult. = 1    Symm. = 1    Invar.: FFFFFFTFFFFFFFFF
  Channel 81:    Mult. = 1    Symm. = 1    Invar.: FFFFFFTFFFFFFFFF
  Channel 82:    Mult. = 1    Symm. = 1    Invar.: FFFFFFTFFFFFFFFF
  Channel 83:    Mult. = 1    Symm. = 1    Invar.: FFFFFFTFFFFFFFFF
  Channel 84:    Mult. = 1    Symm. = 1    Invar.: FFFFFFTFFFFFFFFF
  Channel 85:    Mult. = 1    Symm. = 1    Invar.: FFFFFFTFFFFFFFFF
  Channel 86:    Mult. = 1    Symm. = 1    Invar.: FFFFFFTFFFFFFFFF
  Channel 87:    Mult. = 1    Symm. = 1    Invar.: FFFFFFTFFFFFFFFF
  Channel 88:    Mult. = 1    Symm. = 1    Invar.: FFFFFFTFFFFFFFFF
  Channel 89:    Mult. = 1    Symm. = 1    Invar.: FFFFFFTFFFFFFFFF
  Channel 90:    Mult. = 1    Symm. = 1    Invar.: FFFFFFTFFFFFFFFF
  Channel 91:    Mult. = 1    Symm. = 1    Invar.: FFFFFFTFFFFFFFFF
  Channel 92:    Mult. = 1    Symm. = 1    Invar.: FFFFFFTFFFFFFFFF
  Channel 93:    Mult. = 1    Symm. = 1    Invar.: FFFFFFTFFFFFFFFF
  Channel 94:    Mult. = 1    Symm. = 1    Invar.: FFFFFFTFFFFFFFFF
  Channel 95:    Mult. = 1    Symm. = 1    Invar.: FFFFFFTFFFFFFFFF
  Channel 96:    Mult. = 1    Symm. = 1    Invar.: FFFFFFTFFFFFFFFF
  Channel 97:    Mult. = 1    Symm. = 1    Invar.: FFFFFFTFFFFFFFFF
  Channel 98:    Mult. = 1    Symm. = 1    Invar.: FFFFFFTFFFFFFFFF
  Channel 99:    Mult. = 1    Symm. = 1    Invar.: FFFFFFTFFFFFFFFF
  Channel 100:    Mult. = 1    Symm. = 1    Invar.: FFFFFFTFFFFFFFFF
  Channel 101:    Mult. = 1    Symm. = 1    Invar.: FFFFFFTFFFFFFFFF
  Channel 102:    Mult. = 1    Symm. = 1    Invar.: FFFFFFTFFFFFFFFF
  Channel 103:    Mult. = 1    Symm. = 1    Invar.: FFFFFFTFFFFFFFFF
  Channel 104:    Mult. = 1    Symm. = 1    Invar.: FFFFFFTFFFFFFFFF
  Channel 105:    Mult. = 1    Symm. = 1    Invar.: FFFFFFTFFFFFFFFF
  Channel 106:    Mult. = 1    Symm. = 1    Invar.: FFFFFFTFFFFFFFFF
  Channel 107:    Mult. = 1    Symm. = 1    Invar.: FFFFFFTFFFFFFFFF
  Channel 108:    Mult. = 1    Symm. = 1    Invar.: FFFFFFTFFFFFFFFF
  Channel 109:    Mult. = 1    Symm. = 1    Invar.: FFFFFFTFFFFFFFFF
  Channel 110:    Mult. = 1    Symm. = 1    Invar.: FFFFFFTFFFFFFFFF
  Channel 111:    Mult. = 1    Symm. = 1    Invar.: FFFFFFTFFFFFFFFF
  Channel 112:    Mult. = 1    Symm. = 1    Invar.: FFFFFFTFFFFFFFFF
  Channel 113:    Mult. = 1    Symm. = 1    Invar.: FFFFFFTFFFFFFFFF
  Channel 114:    Mult. = 1    Symm. = 1    Invar.: FFFFFFTFFFFFFFFF
  Channel 115:    Mult. = 1    Symm. = 1    Invar.: FFFFFFTFFFFFFFFF
  Channel 116:    Mult. = 1    Symm. = 1    Invar.: FFFFFFTFFFFFFFFF
  Channel 117:    Mult. = 1    Symm. = 1    Invar.: FFFFFFTFFFFFFFFF
  Channel 118:    Mult. = 1    Symm. = 1    Invar.: FFFFFFTFFFFFFFFF
  Channel 119:    Mult. = 1    Symm. = 1    Invar.: FFFFFFTFFFFFFFFF
  Channel 120:    Mult. = 1    Symm. = 1    Invar.: FFFFFFTFFFFFFFFF
  Channel 121:    Mult. = 1    Symm. = 1    Invar.: FFFFFFTFFFFFFFFF
  Channel 122:    Mult. = 1    Symm. = 1    Invar.: FFFFFFTFFFFFFFFF
  Channel 123:    Mult. = 1    Symm. = 1    Invar.: FFFFFFTFFFFFFFFF
  Channel 124:    Mult. = 1    Symm. = 1    Invar.: FFFFFFTFFFFFFFFF
  Channel 125:    Mult. = 1    Symm. = 1    Invar.: FFFFFFTFFFFFFFFF
  Channel 126:    Mult. = 1    Symm. = 1    Invar.: FFFFFFTFFFFFFFFF
  Channel 127:    Mult. = 1    Symm. = 1    Invar.: FFFFFFTFFFFFFFFF
  Channel 128:    Mult. = 1    Symm. = 1    Invar.: FFFFFFTFFFFFFFFF
  Channel 129:    Mult. = 1    Symm. = 1    Invar.: FFFFFFTFFFFFFFFF
  Channel 130:    Mult. = 1    Symm. = 1    Invar.: FFFFFFTFFFFFFFFF
  Channel 131:    Mult. = 1    Symm. = 1    Invar.: FFFFFFTFFFFFFFFF
  Channel 132:    Mult. = 1    Symm. = 1    Invar.: FFFFFFTFFFFFFFFF
  Channel 133:    Mult. = 1    Symm. = 1    Invar.: FFFFFFTFFFFFFFFF
  Channel 134:    Mult. = 1    Symm. = 1    Invar.: FFFFFFTFFFFFFFFF
  Channel 135:    Mult. = 1    Symm. = 1    Invar.: FFFFFFTFFFFFFFFF
  Channel 136:    Mult. = 1    Symm. = 1    Invar.: FFFFFFTFFFFFFFFF
  Channel 137:    Mult. = 1    Symm. = 1    Invar.: FFFFFFTFFFFFFFFF
  Channel 138:    Mult. = 1    Symm. = 1    Invar.: FFFFFFTFFFFFFFFF
  Channel 139:    Mult. = 1    Symm. = 1    Invar.: FFFFFFTFFFFFFFFF
  Channel 140:    Mult. = 1    Symm. = 1    Invar.: FFFFFFTFFFFFFFFF
  Channel 141:    Mult. = 1    Symm. = 1    Invar.: FFFFFFTFFFFFFFFF
  Channel 142:    Mult. = 1    Symm. = 1    Invar.: FFFFFFTFFFFFFFFF
  Channel 143:    Mult. = 1    Symm. = 1    Invar.: FFFFFFTFFFFFFFFF
  Channel 144:    Mult. = 1    Symm. = 1    Invar.: FFFFFFTFFFFFFFFF
  Channel 145:    Mult. = 1    Symm. = 1    Invar.: FFFFFFTFFFFFFFFF
  Channel 146:    Mult. = 1    Symm. = 1    Invar.: FFFFFFTFFFFFFFFF
  Channel 147:    Mult. = 1    Symm. = 1    Invar.: FFFFFFTFFFFFFFFF
  Channel 148:    Mult. = 1    Symm. = 1    Invar.: FFFFFFTFFFFFFFFF
  Channel 149:    Mult. = 1    Symm. = 1    Invar.: FFFFFFTFFFFFFFFF
  Channel 150:    Mult. = 1    Symm. = 1    Invar.: FFFFFFTFFFFFFFFF
  Channel 151:    Mult. = 1    Symm. = 1    Invar.: FFFFFFTFFFFFFFFF
  Channel 152:    Mult. = 1    Symm. = 1    Invar.: FFFFFFTFFFFFFFFF
  Channel 153:    Mult. = 1    Symm. = 1    Invar.: FFFFFFTFFFFFFFFF
  Channel 154:    Mult. = 1    Symm. = 1    Invar.: FFFFFFTFFFFFFFFF
  Channel 155:    Mult. = 1    Symm. = 1    Invar.: FFFFFFTFFFFFFFFF
  Channel 156:    Mult. = 1    Symm. = 1    Invar.: FFFFFFTFFFFFFFFF
  Channel 157:    Mult. = 1    Symm. = 1    Invar.: FFFFFFTFFFFFFFFF
  Channel 158:    Mult. = 1    Symm. = 1    Invar.: FFFFFFTFFFFFFFFF
  Channel 159:    Mult. = 1    Symm. = 1    Invar.: FFFFFFTFFFFFFFFF
  Channel 160:    Mult. = 1    Symm. = 1    Invar.: FFFFFFTFFFFFFFFF
  Channel 161:    Mult. = 1    Symm. = 1    Invar.: FFFFFFTFFFFFFFFF
  Channel 162:    Mult. = 1    Symm. = 1    Invar.: FFFFFFTFFFFFFFFF
  Channel 163:    Mult. = 1    Symm. = 1    Invar.: FFFFFFTFFFFFFFFF
  Channel 164:    Mult. = 1    Symm. = 1    Invar.: FFFFFFTFFFFFFFFF
  Channel 165:    Mult. = 1    Symm. = 1    Invar.: FFFFFFTFFFFFFFFF
  Channel 166:    Mult. = 1    Symm. = 1    Invar.: FFFFFFTFFFFFFFFF
  Channel 167:    Mult. = 1    Symm. = 1    Invar.: FFFFFFTFFFFFFFFF
  Channel 168:    Mult. = 1    Symm. = 1    Invar.: FFFFFFTFFFFFFFFF
  Channel 169:    Mult. = 1    Symm. = 1    Invar.: FFFFFFTFFFFFFFFF
  Channel 170:    Mult. = 1    Symm. = 1    Invar.: FFFFFFTFFFFFFFFF
  Channel 171:    Mult. = 1    Symm. = 1    Invar.: FFFFFFTFFFFFFFFF
  Channel 172:    Mult. = 1    Symm. = 1    Invar.: FFFFFFTFFFFFFFFF
  Channel 173:    Mult. = 1    Symm. = 1    Invar.: FFFFFFTFFFFFFFFF
  Channel 174:    Mult. = 1    Symm. = 1    Invar.: FFFFFFTFFFFFFFFF
  Channel 175:    Mult. = 1    Symm. = 1    Invar.: FFFFFFTFFFFFFFFF
  Channel 176:    Mult. = 1    Symm. = 1    Invar.: FFFFFFTFFFFFFFFF
  Channel 177:    Mult. = 1    Symm. = 1    Invar.: FFFFFFTFFFFFFFFF
  Channel 178:    Mult. = 1    Symm. = 1    Invar.: FFFFFFTFFFFFFFFF
  Channel 179:    Mult. = 1    Symm. = 1    Invar.: FFFFFFTFFFFFFFFF
  Channel 180:    Mult. = 1    Symm. = 1    Invar.: FFFFFFTFFFFFFFFF
  Channel 181:    Mult. = 1    Symm. = 1    Invar.: FFFFFFTFFFFFFFFF
  Channel 182:    Mult. = 1    Symm. = 1    Invar.: FFFFFFTFFFFFFFFF
  Channel 183:    Mult. = 1    Symm. = 1    Invar.: FFFFFFTFFFFFFFFF
  Channel 184:    Mult. = 1    Symm. = 1    Invar.: FFFFFFTFFFFFFFFF
  Channel 185:    Mult. = 1    Symm. = 1    Invar.: FFFFFFTFFFFFFFFF
  Channel 186:    Mult. = 1    Symm. = 1    Invar.: FFFFFFTFFFFFFFFF
  Channel 187:    Mult. = 1    Symm. = 1    Invar.: FFFFFFTFFFFFFFFF
  Channel 188:    Mult. = 1    Symm. = 1    Invar.: FFFFFFTFFFFFFFFF
  Channel 189:    Mult. = 1    Symm. = 1    Invar.: FFFFFFTFFFFFFFFF
  Channel 190:    Mult. = 1    Symm. = 1    Invar.: FFFFFFTFFFFFFFFF
  Channel 191:    Mult. = 1    Symm. = 1    Invar.: FFFFFFTFFFFFFFFF
  Channel 192:    Mult. = 1    Symm. = 1    Invar.: FFFFFFTFFFFFFFFF
  Channel 193:    Mult. = 1    Symm. = 1    Invar.: FFFFFFTFFFFFFFFF
  Channel 194:    Mult. = 1    Symm. = 1    Invar.: FFFFFFTFFFFFFFFF
  Channel 195:    Mult. = 1    Symm. = 1    Invar.: FFFFFFTFFFFFFFFF
  Channel 196:    Mult. = 1    Symm. = 1    Invar.: FFFFFFTFFFFFFFFF
  Channel 197:    Mult. = 1    Symm. = 1    Invar.: FFFFFFTFFFFFFFFF
  Channel 198:    Mult. = 1    Symm. = 1    Invar.: FFFFFFTFFFFFFFFF
  Channel 199:    Mult. = 1    Symm. = 1    Invar.: FFFFFFTFFFFFFFFF
  Channel 200:    Mult. = 1    Symm. = 1    Invar.: FFFFFFTFFFFFFFFF
  Channel 201:    Mult. = 1    Symm. = 1    Invar.: FFFFFFTFFFFFFFFF
  Channel 202:    Mult. = 1    Symm. = 1    Invar.: FFFFFFTFFFFFFFFF
  Channel 203:    Mult. = 1    Symm. = 1    Invar.: FFFFFFTFFFFFFFFF
  Channel 204:    Mult. = 1    Symm. = 1    Invar.: FFFFFFTFFFFFFFFF
  Channel 205:    Mult. = 1    Symm. = 1    Invar.: FFFFFFTFFFFFFFFF
  Channel 206:    Mult. = 1    Symm. = 1    Invar.: FFFFFFTFFFFFFFFF
  Channel 207:    Mult. = 1    Symm. = 1    Invar.: FFFFFFTFFFFFFFFF
  Channel 208:    Mult. = 1    Symm. = 1    Invar.: FFFFFFTFFFFFFFFF
  Channel 209:    Mult. = 1    Symm. = 1    Invar.: FFFFFFTFFFFFFFFF
  Channel 210:    Mult. = 1    Symm. = 1    Invar.: FFFFFFTFFFFFFFFF
  Channel 211:    Mult. = 1    Symm. = 1    Invar.: FFFFFFTFFFFFFFFF
  Channel 212:    Mult. = 1    Symm. = 1    Invar.: FFFFFFTFFFFFFFFF
  Channel 213:    Mult. = 1    Symm. = 1    Invar.: FFFFFFTFFFFFFFFF
  Channel 214:    Mult. = 1    Symm. = 1    Invar.: FFFFFFTFFFFFFFFF
  Channel 215:    Mult. = 1    Symm. = 1    Invar.: FFFFFFTFFFFFFFFF
  Channel 216:    Mult. = 1    Symm. = 1    Invar.: FFFFFFTFFFFFFFFF
  Channel 217:    Mult. = 1    Symm. = 1    Invar.: FFFFFFTFFFFFFFFF
  Channel 218:    Mult. = 1    Symm. = 1    Invar.: FFFFFFTFFFFFFFFF
  Channel 219:    Mult. = 1    Symm. = 1    Invar.: FFFFFFTFFFFFFFFF
  Channel 220:    Mult. = 1    Symm. = 1    Invar.: FFFFFFTFFFFFFFFF
  Channel 221:    Mult. = 1    Symm. = 1    Invar.: FFFFFFTFFFFFFFFF
  Channel 222:    Mult. = 1    Symm. = 1    Invar.: FFFFFFTFFFFFFFFF
  Channel 223:    Mult. = 1    Symm. = 1    Invar.: FFFFFFTFFFFFFFFF
  Channel 224:    Mult. = 1    Symm. = 1    Invar.: FFFFFFTFFFFFFFFF
  Channel 225:    Mult. = 1    Symm. = 1    Invar.: FFFFFFTFFFFFFFFF
  Channel 226:    Mult. = 1    Symm. = 1    Invar.: FFFFFFTFFFFFFFFF
  Channel 227:    Mult. = 1    Symm. = 1    Invar.: FFFFFFTFFFFFFFFF
  Channel 228:    Mult. = 1    Symm. = 1    Invar.: FFFFFFTFFFFFFFFF
  Channel 229:    Mult. = 1    Symm. = 1    Invar.: FFFFFFTFFFFFFFFF
  Channel 230:    Mult. = 1    Symm. = 1    Invar.: FFFFFFTFFFFFFFFF
  Channel 231:    Mult. = 1    Symm. = 1    Invar.: FFFFFFTFFFFFFFFF
  Channel 232:    Mult. = 1    Symm. = 1    Invar.: FFFFFFTFFFFFFFFF
  Channel 233:    Mult. = 1    Symm. = 1    Invar.: FFFFFFTFFFFFFFFF
  Channel 234:    Mult. = 1    Symm. = 1    Invar.: FFFFFFTFFFFFFFFF
  Channel 235:    Mult. = 1    Symm. = 1    Invar.: FFFFFFTFFFFFFFFF
  Channel 236:    Mult. = 1    Symm. = 1    Invar.: FFFFFFTFFFFFFFFF
  Channel 237:    Mult. = 1    Symm. = 1    Invar.: FFFFFFTFFFFFFFFF
  Channel 238:    Mult. = 1    Symm. = 1    Invar.: FFFFFFTFFFFFFFFF
  Channel 239:    Mult. = 1    Symm. = 1    Invar.: FFFFFFTFFFFFFFFF
  Channel 240:    Mult. = 1    Symm. = 1    Invar.: FFFFFFTFFFFFFFFF
  Channel 241:    Mult. = 1    Symm. = 1    Invar.: FFFFFFTFFFFFFFFF
  Channel 242:    Mult. = 1    Symm. = 1    Invar.: FFFFFFTFFFFFFFFF
  Channel 243:    Mult. = 1    Symm. = 1    Invar.: FFFFFFTFFFFFFFFF
  Channel 244:    Mult. = 1    Symm. = 1    Invar.: FFFFFFTFFFFFFFFF
  Channel 245:    Mult. = 2    Symm. = 1    Invar.: FFFFFFTFFFFFFFFF
  Channel 247:    Mult. = 2    Symm. = 1    Invar.: FFFFFFTFFFFFFFFF
  Channel 248:    Mult. = 2    Symm. = 1    Invar.: FFFFFFTFFFFFFFFF
  Channel 249:    Mult. = 2    Symm. = 1    Invar.: FFFFFFTFFFFFFFFF
  Channel 250:    Mult. = 2    Symm. = 1    Invar.: FFFFFFTFFFFFFFFF
  Channel 251:    Mult. = 2    Symm. = 1    Invar.: FFFFFFTFFFFFFFFF
  Channel 257:    Mult. = 2    Symm. = 1    Invar.: FFFFFFTFFFFFFFFF
  Channel 258:    Mult. = 2    Symm. = 1    Invar.: FFFFFFTFFFFFFFFF
  Channel 259:    Mult. = 2    Symm. = 1    Invar.: FFFFFFTFFFFFFFFF
  Channel 260:    Mult. = 2    Symm. = 1    Invar.: FFFFFFTFFFFFFFFF
  Channel 261:    Mult. = 2    Symm. = 1    Invar.: FFFFFFTFFFFFFFFF
  Channel 262:    Mult. = 2    Symm. = 1    Invar.: FFFFFFTFFFFFFFFF
  Channel 269:    Mult. = 2    Symm. = 1    Invar.: FFFFFFTFFFFFFFFF
  Channel 270:    Mult. = 2    Symm. = 1    Invar.: FFFFFFTFFFFFFFFF
  Channel 271:    Mult. = 2    Symm. = 1    Invar.: FFFFFFTFFFFFFFFF
  Channel 272:    Mult. = 2    Symm. = 1    Invar.: FFFFFFTFFFFFFFFF
  Channel 273:    Mult. = 2    Symm. = 1    Invar.: FFFFFFTFFFFFFFFF
  Channel 279:    Mult. = 2    Symm. = 1    Invar.: FFFFFFTFFFFFFFFF
  Channel 280:    Mult. = 2    Symm. = 1    Invar.: FFFFFFTFFFFFFFFF
  Channel 281:    Mult. = 2    Symm. = 1    Invar.: FFFFFFTFFFFFFFFF
  Channel 282:    Mult. = 2    Symm. = 1    Invar.: FFFFFFTFFFFFFFFF
  Channel 283:    Mult. = 2    Symm. = 1    Invar.: FFFFFFTFFFFFFFFF
  Channel 284:    Mult. = 2    Symm. = 1    Invar.: FFFFFFTFFFFFFFFF
  Channel 291:    Mult. = 2    Symm. = 1    Invar.: FFFFFFTFFFFFFFFF
  Channel 292:    Mult. = 2    Symm. = 1    Invar.: FFFFFFTFFFFFFFFF
  Channel 293:    Mult. = 2    Symm. = 1    Invar.: FFFFFFTFFFFFFFFF
  Channel 294:    Mult. = 2    Symm. = 1    Invar.: FFFFFFTFFFFFFFFF
  Channel 295:    Mult. = 2    Symm. = 1    Invar.: FFFFFFTFFFFFFFFF
  Channel 296:    Mult. = 2    Symm. = 1    Invar.: FFFFFFTFFFFFFFFF
  Channel 297:    Mult. = 2    Symm. = 1    Invar.: FFFFFFTFFFFFFFFF
  Channel 298:    Mult. = 2    Symm. = 1    Invar.: FFFFFFTFFFFFFFFF
  Channel 307:    Mult. = 2    Symm. = 1    Invar.: FFFFFFTFFFFFFFFF
  Channel 309:    Mult. = 2    Symm. = 1    Invar.: FFFFFFTFFFFFFFFF
  Channel 310:    Mult. = 2    Symm. = 1    Invar.: FFFFFFTFFFFFFFFF
  Channel 311:    Mult. = 2    Symm. = 1    Invar.: FFFFFFTFFFFFFFFF
  Channel 312:    Mult. = 2    Symm. = 1    Invar.: FFFFFFTFFFFFFFFF
  Channel 313:    Mult. = 2    Symm. = 1    Invar.: FFFFFFTFFFFFFFFF
  Channel 319:    Mult. = 2    Symm. = 1    Invar.: FFFFFFTFFFFFFFFF
  Channel 320:    Mult. = 2    Symm. = 1    Invar.: FFFFFFTFFFFFFFFF
  Channel 321:    Mult. = 2    Symm. = 1    Invar.: FFFFFFTFFFFFFFFF
  Channel 322:    Mult. = 2    Symm. = 1    Invar.: FFFFFFTFFFFFFFFF
  Channel 323:    Mult. = 2    Symm. = 1    Invar.: FFFFFFTFFFFFFFFF
  Channel 324:    Mult. = 2    Symm. = 1    Invar.: FFFFFFTFFFFFFFFF
  Channel 331:    Mult. = 2    Symm. = 1    Invar.: FFFFFFTFFFFFFFFF
  Channel 332:    Mult. = 2    Symm. = 1    Invar.: FFFFFFTFFFFFFFFF
  Channel 333:    Mult. = 2    Symm. = 1    Invar.: FFFFFFTFFFFFFFFF
  Channel 334:    Mult. = 2    Symm. = 1    Invar.: FFFFFFTFFFFFFFFF
  Channel 335:    Mult. = 2    Symm. = 1    Invar.: FFFFFFTFFFFFFFFF
  Channel 341:    Mult. = 2    Symm. = 1    Invar.: FFFFFFTFFFFFFFFF
  Channel 342:    Mult. = 2    Symm. = 1    Invar.: FFFFFFTFFFFFFFFF
  Channel 343:    Mult. = 2    Symm. = 1    Invar.: FFFFFFTFFFFFFFFF
  Channel 344:    Mult. = 2    Symm. = 1    Invar.: FFFFFFTFFFFFFFFF
  Channel 345:    Mult. = 2    Symm. = 1    Invar.: FFFFFFTFFFFFFFFF
  Channel 346:    Mult. = 2    Symm. = 1    Invar.: FFFFFFTFFFFFFFFF
  Channel 353:    Mult. = 2    Symm. = 1    Invar.: FFFFFFTFFFFFFFFF
  Channel 354:    Mult. = 2    Symm. = 1    Invar.: FFFFFFTFFFFFFFFF
  Channel 355:    Mult. = 2    Symm. = 1    Invar.: FFFFFFTFFFFFFFFF
  Channel 356:    Mult. = 2    Symm. = 1    Invar.: FFFFFFTFFFFFFFFF
  Channel 357:    Mult. = 2    Symm. = 1    Invar.: FFFFFFTFFFFFFFFF
  Channel 358:    Mult. = 2    Symm. = 1    Invar.: FFFFFFTFFFFFFFFF
  Channel 359:    Mult. = 2    Symm. = 1    Invar.: FFFFFFTFFFFFFFFF
  Channel 360:    Mult. = 2    Symm. = 1    Invar.: FFFFFFTFFFFFFFFF
  Channel 369:    Mult. = 2    Symm. = 1    Invar.: FFFFFFTFFFFFFFFF
  Channel 371:    Mult. = 2    Symm. = 1    Invar.: FFFFFFTFFFFFFFFF
  Channel 372:    Mult. = 2    Symm. = 1    Invar.: FFFFFFTFFFFFFFFF
  Channel 373:    Mult. = 2    Symm. = 1    Invar.: FFFFFFTFFFFFFFFF
  Channel 374:    Mult. = 2    Symm. = 1    Invar.: FFFFFFTFFFFFFFFF
  Channel 375:    Mult. = 2    Symm. = 1    Invar.: FFFFFFTFFFFFFFFF
  Channel 376:    Mult. = 2    Symm. = 1    Invar.: FFFFFFTFFFFFFFFF
  Channel 383:    Mult. = 2    Symm. = 1    Invar.: FFFFFFTFFFFFFFFF
  Channel 384:    Mult. = 2    Symm. = 1    Invar.: FFFFFFTFFFFFFFFF
  Channel 385:    Mult. = 2    Symm. = 1    Invar.: FFFFFFTFFFFFFFFF
  Channel 386:    Mult. = 2    Symm. = 1    Invar.: FFFFFFTFFFFFFFFF
  Channel 387:    Mult. = 2    Symm. = 1    Invar.: FFFFFFTFFFFFFFFF
  Channel 388:    Mult. = 2    Symm. = 1    Invar.: FFFFFFTFFFFFFFFF
  Channel 395:    Mult. = 2    Symm. = 1    Invar.: FFFFFFTFFFFFFFFF
  Channel 396:    Mult. = 2    Symm. = 1    Invar.: FFFFFFTFFFFFFFFF
  Channel 397:    Mult. = 2    Symm. = 1    Invar.: FFFFFFTFFFFFFFFF
  Channel 398:    Mult. = 2    Symm. = 1    Invar.: FFFFFFTFFFFFFFFF
  Channel 399:    Mult. = 2    Symm. = 1    Invar.: FFFFFFTFFFFFFFFF
  Channel 400:    Mult. = 2    Symm. = 1    Invar.: FFFFFFTFFFFFFFFF
  Channel 401:    Mult. = 2    Symm. = 1    Invar.: FFFFFFTFFFFFFFFF
  Channel 402:    Mult. = 2    Symm. = 1    Invar.: FFFFFFTFFFFFFFFF
  Channel 411:    Mult. = 1    Symm. = 1    Invar.: FFFFFFTFFFFFFFFF
  Channel 412:    Mult. = 1    Symm. = 1    Invar.: FFFFFFTFFFFFFFFF
  Channel 413:    Mult. = 1    Symm. = 1    Invar.: FFFFFFTFFFFFFFFF
  Channel 414:    Mult. = 1    Symm. = 1    Invar.: FFFFFFTFFFFFFFFF
  Channel 415:    Mult. = 1    Symm. = 1    Invar.: FFFFFFTFFFFFFFFF
  Channel 416:    Mult. = 2    Symm. = 1    Invar.: FFFFFFTFFFFFFFFF
  Channel 418:    Mult. = 2    Symm. = 1    Invar.: FFFFFFTFFFFFFFFF
  Channel 419:    Mult. = 1    Symm. = 1    Invar.: FFFFFFTFFFFFFFFF
  Channel 421:    Mult. = 1    Symm. = 1    Invar.: FFFFFFTFFFFFFFFF
  Channel 422:    Mult. = 1    Symm. = 1    Invar.: FFFFFFTFFFFFFFFF
  Channel 423:    Mult. = 1    Symm. = 1    Invar.: FFFFFFTFFFFFFFFF
  Channel 424:    Mult. = 1    Symm. = 1    Invar.: FFFFFFTFFFFFFFFF
  Channel 425:    Mult. = 1    Symm. = 1    Invar.: FFFFFFTFFFFFFFFF
  Channel 426:    Mult. = 1    Symm. = 1    Invar.: FFFFFFTFFFFFFFFF
  Channel 427:    Mult. = 1    Symm. = 1    Invar.: FFFFFFTFFFFFFFFF
  Channel 428:    Mult. = 1    Symm. = 1    Invar.: FFFFFFTFFFFFFFFF
  Channel 429:    Mult. = 1    Symm. = 1    Invar.: FFFFFFTFFFFFFFFF
  Channel 430:    Mult. = 1    Symm. = 1    Invar.: FFFFFFTFFFFFFFFF
  Channel 431:    Mult. = 1    Symm. = 1    Invar.: FFFFFFTFFFFFFFFF
  Channel 432:    Mult. = 1    Symm. = 1    Invar.: FFFFFFTFFFFFFFFF
  Channel 433:    Mult. = 1    Symm. = 1    Invar.: FFFFFFTFFFFFFFFF
  Channel 434:    Mult. = 1    Symm. = 1    Invar.: FFFFFFTFFFFFFFFF
  Channel 435:    Mult. = 1    Symm. = 1    Invar.: FFFFFFTFFFFFFFFF
  Channel 436:    Mult. = 1    Symm. = 1    Invar.: FFFFFFTFFFFFFFFF
  Channel 437:    Mult. = 1    Symm. = 1    Invar.: FFFFFFTFFFFFFFFF
  Channel 438:    Mult. = 1    Symm. = 1    Invar.: FFFFFFTFFFFFFFFF
  Channel 439:    Mult. = 1    Symm. = 1    Invar.: FFFFFFTFFFFFFFFF
  Channel 440:    Mult. = 1    Symm. = 1    Invar.: FFFFFFTFFFFFFFFF
  Channel 441:    Mult. = 1    Symm. = 1    Invar.: FFFFFFTFFFFFFFFF
  Channel 442:    Mult. = 1    Symm. = 1    Invar.: FFFFFFTFFFFFFFFF
  Channel 443:    Mult. = 1    Symm. = 1    Invar.: FFFFFFTFFFFFFFFF
  Channel 444:    Mult. = 1    Symm. = 1    Invar.: FFFFFFTFFFFFFFFF
  Channel 445:    Mult. = 1    Symm. = 1    Invar.: FFFFFFTFFFFFFFFF
  Channel 446:    Mult. = 1    Symm. = 1    Invar.: FFFFFFTFFFFFFFFF
  Channel 447:    Mult. = 1    Symm. = 1    Invar.: FFFFFFTFFFFFFFFF
  Channel 448:    Mult. = 1    Symm. = 1    Invar.: FFFFFFTFFFFFFFFF
  Channel 449:    Mult. = 1    Symm. = 1    Invar.: FFFFFFTFFFFFFFFF
  Channel 450:    Mult. = 1    Symm. = 1    Invar.: FFFFFFTFFFFFFFFF
  Channel 451:    Mult. = 1    Symm. = 1    Invar.: FFFFFFTFFFFFFFFF
  Channel 452:    Mult. = 1    Symm. = 1    Invar.: FFFFFFTFFFFFFFFF
  Channel 453:    Mult. = 1    Symm. = 1    Invar.: FFFFFFTFFFFFFFFF
  Channel 454:    Mult. = 1    Symm. = 1    Invar.: FFFFFFTFFFFFFFFF
  Channel 455:    Mult. = 1    Symm. = 1    Invar.: FFFFFFTFFFFFFFFF
  Channel 456:    Mult. = 1    Symm. = 1    Invar.: FFFFFFTFFFFFFFFF
  Channel 457:    Mult. = 1    Symm. = 1    Invar.: FFFFFFTFFFFFFFFF
  Channel 458:    Mult. = 1    Symm. = 1    Invar.: FFFFFFTFFFFFFFFF
  Channel 459:    Mult. = 1    Symm. = 1    Invar.: FFFFFFTFFFFFFFFF
  Channel 460:    Mult. = 1    Symm. = 1    Invar.: FFFFFFTFFFFFFFFF
  Channel 461:    Mult. = 1    Symm. = 1    Invar.: FFFFFFTFFFFFFFFF
  Channel 462:    Mult. = 1    Symm. = 1    Invar.: FFFFFFTFFFFFFFFF
  Channel 463:    Mult. = 1    Symm. = 1    Invar.: FFFFFFTFFFFFFFFF
  Channel 464:    Mult. = 1    Symm. = 1    Invar.: FFFFFFTFFFFFFFFF
  Channel 465:    Mult. = 1    Symm. = 1    Invar.: FFFFFFTFFFFFFFFF
  Channel 466:    Mult. = 1    Symm. = 1    Invar.: FFFFFFTFFFFFFFFF
  Channel 467:    Mult. = 1    Symm. = 1    Invar.: FFFFFFTFFFFFFFFF
  Channel 468:    Mult. = 1    Symm. = 1    Invar.: FFFFFFTFFFFFFFFF
  Channel 469:    Mult. = 1    Symm. = 1    Invar.: FFFFFFTFFFFFFFFF
  Channel 470:    Mult. = 1    Symm. = 1    Invar.: FFFFFFTFFFFFFFFF
  Channel 471:    Mult. = 1    Symm. = 1    Invar.: FFFFFFTFFFFFFFFF
  Channel 472:    Mult. = 1    Symm. = 1    Invar.: FFFFFFTFFFFFFFFF
  Channel 473:    Mult. = 1    Symm. = 1    Invar.: FFFFFFTFFFFFFFFF
  Channel 474:    Mult. = 1    Symm. = 1    Invar.: FFFFFFTFFFFFFFFF
  Channel 475:    Mult. = 1    Symm. = 1    Invar.: FFFFFFTFFFFFFFFF
  Channel 476:    Mult. = 1    Symm. = 1    Invar.: FFFFFFTFFFFFFFFF
  Channel 477:    Mult. = 1    Symm. = 1    Invar.: FFFFFFTFFFFFFFFF
  Channel 478:    Mult. = 1    Symm. = 1    Invar.: FFFFFFTFFFFFFFFF
  Channel 479:    Mult. = 1    Symm. = 1    Invar.: FFFFFFTFFFFFFFFF
  Channel 480:    Mult. = 1    Symm. = 1    Invar.: FFFFFFTFFFFFFFFF
  Channel 481:    Mult. = 1    Symm. = 1    Invar.: FFFFFFTFFFFFFFFF
  Channel 482:    Mult. = 1    Symm. = 1    Invar.: FFFFFFTFFFFFFFFF
  Channel 483:    Mult. = 1    Symm. = 1    Invar.: FFFFFFTFFFFFFFFF
  Channel 484:    Mult. = 1    Symm. = 1    Invar.: FFFFFFTFFFFFFFFF
  Channel 485:    Mult. = 1    Symm. = 1    Invar.: FFFFFFTFFFFFFFFF
  Channel 486:    Mult. = 1    Symm. = 1    Invar.: FFFFFFTFFFFFFFFF
  Channel 487:    Mult. = 1    Symm. = 1    Invar.: FFFFFFTFFFFFFFFF
  Channel 488:    Mult. = 1    Symm. = 1    Invar.: FFFFFFTFFFFFFFFF
  Channel 489:    Mult. = 1    Symm. = 1    Invar.: FFFFFFTFFFFFFFFF
  Channel 490:    Mult. = 1    Symm. = 1    Invar.: FFFFFFTFFFFFFFFF
  Channel 491:    Mult. = 1    Symm. = 1    Invar.: FFFFFFTFFFFFFFFF
  Channel 492:    Mult. = 1    Symm. = 1    Invar.: FFFFFFTFFFFFFFFF
  Channel 493:    Mult. = 1    Symm. = 1    Invar.: FFFFFFTFFFFFFFFF
  Channel 494:    Mult. = 1    Symm. = 1    Invar.: FFFFFFTFFFFFFFFF
  Channel 495:    Mult. = 1    Symm. = 1    Invar.: FFFFFFTFFFFFFFFF
  Channel 496:    Mult. = 1    Symm. = 1    Invar.: FFFFFFTFFFFFFFFF
  Channel 497:    Mult. = 1    Symm. = 1    Invar.: FFFFFFTFFFFFFFFF
  Channel 498:    Mult. = 1    Symm. = 1    Invar.: FFFFFFTFFFFFFFFF
  Channel 499:    Mult. = 1    Symm. = 1    Invar.: FFFFFFTFFFFFFFFF
  Channel 500:    Mult. = 1    Symm. = 1    Invar.: FFFFFFTFFFFFFFFF
  Channel 501:    Mult. = 1    Symm. = 1    Invar.: FFFFFFTFFFFFFFFF
  Channel 502:    Mult. = 1    Symm. = 1    Invar.: FFFFFFTFFFFFFFFF
  Channel 503:    Mult. = 1    Symm. = 1    Invar.: FFFFFFTFFFFFFFFF
  Channel 504:    Mult. = 1    Symm. = 1    Invar.: FFFFFFTFFFFFFFFF
  Channel 505:    Mult. = 1    Symm. = 1    Invar.: FFFFFFTFFFFFFFFF
  Channel 506:    Mult. = 1    Symm. = 1    Invar.: FFFFFFTFFFFFFFFF
  Channel 507:    Mult. = 1    Symm. = 1    Invar.: FFFFFFTFFFFFFFFF
  Channel 508:    Mult. = 1    Symm. = 1    Invar.: FFFFFFTFFFFFFFFF
  Channel 509:    Mult. = 1    Symm. = 1    Invar.: FFFFFFTFFFFFFFFF
  Channel 510:    Mult. = 1    Symm. = 1    Invar.: FFFFFFTFFFFFFFFF
  Channel 511:    Mult. = 1    Symm. = 1    Invar.: FFFFFFTFFFFFFFFF
  Channel 512:    Mult. = 1    Symm. = 1    Invar.: FFFFFFTFFFFFFFFF
  Channel 513:    Mult. = 1    Symm. = 1    Invar.: FFFFFFTFFFFFFFFF
  Channel 514:    Mult. = 1    Symm. = 1    Invar.: FFFFFFTFFFFFFFFF
  Channel 515:    Mult. = 1    Symm. = 1    Invar.: FFFFFFTFFFFFFFFF
  Channel 516:    Mult. = 1    Symm. = 1    Invar.: FFFFFFTFFFFFFFFF
  Channel 517:    Mult. = 1    Symm. = 1    Invar.: FFFFFFTFFFFFFFFF
  Channel 518:    Mult. = 1    Symm. = 1    Invar.: FFFFFFTFFFFFFFFF
  Channel 519:    Mult. = 1    Symm. = 1    Invar.: FFFFFFTFFFFFFFFF
  Channel 520:    Mult. = 1    Symm. = 1    Invar.: FFFFFFTFFFFFFFFF
  Channel 521:    Mult. = 1    Symm. = 1    Invar.: FFFFFFTFFFFFFFFF
  Channel 522:    Mult. = 1    Symm. = 1    Invar.: FFFFFFTFFFFFFFFF
  Channel 523:    Mult. = 1    Symm. = 1    Invar.: FFFFFFTFFFFFFFFF
  Channel 524:    Mult. = 1    Symm. = 1    Invar.: FFFFFFTFFFFFFFFF
  Channel 525:    Mult. = 1    Symm. = 1    Invar.: FFFFFFTFFFFFFFFF
  Channel 526:    Mult. = 1    Symm. = 1    Invar.: FFFFFFTFFFFFFFFF
  Channel 527:    Mult. = 1    Symm. = 1    Invar.: FFFFFFTFFFFFFFFF
  Channel 528:    Mult. = 1    Symm. = 1    Invar.: FFFFFFTFFFFFFFFF
  Channel 529:    Mult. = 1    Symm. = 1    Invar.: FFFFFFTFFFFFFFFF
  Channel 530:    Mult. = 1    Symm. = 1    Invar.: FFFFFFTFFFFFFFFF
  Channel 531:    Mult. = 1    Symm. = 1    Invar.: FFFFFFTFFFFFFFFF
  Channel 532:    Mult. = 1    Symm. = 1    Invar.: FFFFFFTFFFFFFFFF
  Channel 533:    Mult. = 1    Symm. = 1    Invar.: FFFFFFTFFFFFFFFF
  Channel 534:    Mult. = 1    Symm. = 1    Invar.: FFFFFFTFFFFFFFFF
  Channel 535:    Mult. = 1    Symm. = 1    Invar.: FFFFFFTFFFFFFFFF
  Channel 536:    Mult. = 1    Symm. = 1    Invar.: FFFFFFTFFFFFFFFF
  Channel 537:    Mult. = 1    Symm. = 1    Invar.: FFFFFFTFFFFFFFFF
  Channel 538:    Mult. = 1    Symm. = 1    Invar.: FFFFFFTFFFFFFFFF
  Channel 539:    Mult. = 1    Symm. = 1    Invar.: FFFFFFTFFFFFFFFF
  Channel 540:    Mult. = 1    Symm. = 1    Invar.: FFFFFFTFFFFFFFFF
  Channel 541:    Mult. = 1    Symm. = 1    Invar.: FFFFFFTFFFFFFFFF
  Channel 542:    Mult. = 1    Symm. = 1    Invar.: FFFFFFTFFFFFFFFF
  Channel 543:    Mult. = 1    Symm. = 1    Invar.: FFFFFFTFFFFFFFFF
  Channel 544:    Mult. = 1    Symm. = 1    Invar.: FFFFFFTFFFFFFFFF
  Channel 545:    Mult. = 1    Symm. = 1    Invar.: FFFFFFTFFFFFFFFF
  Channel 546:    Mult. = 1    Symm. = 1    Invar.: FFFFFFTFFFFFFFFF
  Channel 547:    Mult. = 1    Symm. = 1    Invar.: FFFFFFTFFFFFFFFF
  Channel 548:    Mult. = 1    Symm. = 1    Invar.: FFFFFFTFFFFFFFFF
  Channel 549:    Mult. = 1    Symm. = 1    Invar.: FFFFFFTFFFFFFFFF
  Channel 550:    Mult. = 1    Symm. = 1    Invar.: FFFFFFTFFFFFFFFF
  Channel 551:    Mult. = 1    Symm. = 1    Invar.: FFFFFFTFFFFFFFFF
  Channel 552:    Mult. = 1    Symm. = 1    Invar.: FFFFFFTFFFFFFFFF
  Channel 553:    Mult. = 1    Symm. = 1    Invar.: FFFFFFTFFFFFFFFF
  Channel 554:    Mult. = 1    Symm. = 1    Invar.: FFFFFFTFFFFFFFFF
  Channel 555:    Mult. = 1    Symm. = 1    Invar.: FFFFFFTFFFFFFFFF
  Channel 556:    Mult. = 1    Symm. = 1    Invar.: FFFFFFTFFFFFFFFF
  Channel 557:    Mult. = 1    Symm. = 1    Invar.: FFFFFFTFFFFFFFFF
  Channel 558:    Mult. = 1    Symm. = 1    Invar.: FFFFFFTFFFFFFFFF
  Channel 559:    Mult. = 1    Symm. = 1    Invar.: FFFFFFTFFFFFFFFF
  Channel 560:    Mult. = 1    Symm. = 1    Invar.: FFFFFFTFFFFFFFFF
  Channel 561:    Mult. = 1    Symm. = 1    Invar.: FFFFFFTFFFFFFFFF
  Channel 562:    Mult. = 1    Symm. = 1    Invar.: FFFFFFTFFFFFFFFF
  Channel 563:    Mult. = 1    Symm. = 1    Invar.: FFFFFFTFFFFFFFFF
  Channel 564:    Mult. = 1    Symm. = 1    Invar.: FFFFFFTFFFFFFFFF
  Channel 565:    Mult. = 1    Symm. = 1    Invar.: FFFFFFTFFFFFFFFF
  Channel 566:    Mult. = 1    Symm. = 1    Invar.: FFFFFFTFFFFFFFFF
  Channel 567:    Mult. = 1    Symm. = 1    Invar.: FFFFFFTFFFFFFFFF
  Channel 568:    Mult. = 1    Symm. = 1    Invar.: FFFFFFTFFFFFFFFF
  Channel 569:    Mult. = 1    Symm. = 1    Invar.: FFFFFFTFFFFFFFFF
  Channel 570:    Mult. = 1    Symm. = 1    Invar.: FFFFFFTFFFFFFFFF
  Channel 571:    Mult. = 1    Symm. = 1    Invar.: FFFFFFTFFFFFFFFF
  Channel 572:    Mult. = 1    Symm. = 1    Invar.: FFFFFFTFFFFFFFFF
  Channel 573:    Mult. = 1    Symm. = 1    Invar.: FFFFFFTFFFFFFFFF
  Channel 574:    Mult. = 1    Symm. = 1    Invar.: FFFFFFTFFFFFFFFF
  Channel 575:    Mult. = 1    Symm. = 1    Invar.: FFFFFFTFFFFFFFFF
  Channel 576:    Mult. = 1    Symm. = 1    Invar.: FFFFFFTFFFFFFFFF
  Channel 577:    Mult. = 1    Symm. = 1    Invar.: FFFFFFTFFFFFFFFF
  Channel 578:    Mult. = 1    Symm. = 1    Invar.: FFFFFFTFFFFFFFFF
  Channel 579:    Mult. = 1    Symm. = 1    Invar.: FFFFFFTFFFFFFFFF
  Channel 580:    Mult. = 1    Symm. = 1    Invar.: FFFFFFTFFFFFFFFF
  Channel 581:    Mult. = 1    Symm. = 1    Invar.: FFFFFFTFFFFFFFFF
  Channel 582:    Mult. = 1    Symm. = 1    Invar.: FFFFFFTFFFFFFFFF
  Channel 583:    Mult. = 1    Symm. = 1    Invar.: FFFFFFTFFFFFFFFF
  Channel 584:    Mult. = 1    Symm. = 1    Invar.: FFFFFFTFFFFFFFFF
  Channel 585:    Mult. = 1    Symm. = 1    Invar.: FFFFFFTFFFFFFFFF
  Channel 586:    Mult. = 1    Symm. = 1    Invar.: FFFFFFTFFFFFFFFF
  Channel 587:    Mult. = 1    Symm. = 1    Invar.: FFFFFFTFFFFFFFFF
  Channel 588:    Mult. = 1    Symm. = 1    Invar.: FFFFFFTFFFFFFFFF
  Channel 589:    Mult. = 1    Symm. = 1    Invar.: FFFFFFTFFFFFFFFF
  Channel 590:    Mult. = 1    Symm. = 1    Invar.: FFFFFFTFFFFFFFFF
  Channel 591:    Mult. = 1    Symm. = 1    Invar.: FFFFFFTFFFFFFFFF
  Channel 592:    Mult. = 1    Symm. = 1    Invar.: FFFFFFTFFFFFFFFF
  Channel 593:    Mult. = 1    Symm. = 1    Invar.: FFFFFFTFFFFFFFFF
  Channel 594:    Mult. = 1    Symm. = 1    Invar.: FFFFFFTFFFFFFFFF
  Channel 595:    Mult. = 1    Symm. = 1    Invar.: FFFFFFTFFFFFFFFF
  Channel 596:    Mult. = 1    Symm. = 1    Invar.: FFFFFFTFFFFFFFFF
  Channel 597:    Mult. = 1    Symm. = 1    Invar.: FFFFFFTFFFFFFFFF
  Channel 598:    Mult. = 1    Symm. = 1    Invar.: FFFFFFTFFFFFFFFF
  Channel 599:    Mult. = 1    Symm. = 1    Invar.: FFFFFFTFFFFFFFFF
  Channel 600:    Mult. = 1    Symm. = 1    Invar.: FFFFFFTFFFFFFFFF
  Channel 601:    Mult. = 1    Symm. = 1    Invar.: FFFFFFTFFFFFFFFF
  Channel 602:    Mult. = 1    Symm. = 1    Invar.: FFFFFFTFFFFFFFFF
  Channel 603:    Mult. = 1    Symm. = 1    Invar.: FFFFFFTFFFFFFFFF
  Channel 604:    Mult. = 1    Symm. = 1    Invar.: FFFFFFTFFFFFFFFF
  Channel 605:    Mult. = 1    Symm. = 1    Invar.: FFFFFFTFFFFFFFFF
  Channel 606:    Mult. = 1    Symm. = 1    Invar.: FFFFFFTFFFFFFFFF
  Channel 607:    Mult. = 1    Symm. = 1    Invar.: FFFFFFTFFFFFFFFF
  Channel 608:    Mult. = 1    Symm. = 1    Invar.: FFFFFFTFFFFFFFFF
  Channel 609:    Mult. = 1    Symm. = 1    Invar.: FFFFFFTFFFFFFFFF
  Channel 610:    Mult. = 1    Symm. = 1    Invar.: FFFFFFTFFFFFFFFF
  Channel 611:    Mult. = 1    Symm. = 1    Invar.: FFFFFFTFFFFFFFFF
  Channel 612:    Mult. = 1    Symm. = 1    Invar.: FFFFFFTFFFFFFFFF
  Channel 613:    Mult. = 1    Symm. = 1    Invar.: FFFFFFTFFFFFFFFF
  Channel 614:    Mult. = 1    Symm. = 1    Invar.: FFFFFFTFFFFFFFFF
  Channel 615:    Mult. = 1    Symm. = 1    Invar.: FFFFFFTFFFFFFFFF
  Channel 616:    Mult. = 1    Symm. = 1    Invar.: FFFFFFTFFFFFFFFF
  Channel 617:    Mult. = 1    Symm. = 1    Invar.: FFFFFFTFFFFFFFFF
  Channel 618:    Mult. = 1    Symm. = 1    Invar.: FFFFFFTFFFFFFFFF
  Channel 619:    Mult. = 1    Symm. = 1    Invar.: FFFFFFTFFFFFFFFF
  Channel 620:    Mult. = 1    Symm. = 1    Invar.: FFFFFFTFFFFFFFFF
  Channel 621:    Mult. = 1    Symm. = 1    Invar.: FFFFFFTFFFFFFFFF
  Channel 622:    Mult. = 1    Symm. = 1    Invar.: FFFFFFTFFFFFFFFF
  Channel 623:    Mult. = 1    Symm. = 1    Invar.: FFFFFFTFFFFFFFFF
  Channel 624:    Mult. = 1    Symm. = 1    Invar.: FFFFFFTFFFFFFFFF
  Channel 625:    Mult. = 1    Symm. = 1    Invar.: FFFFFFTFFFFFFFFF
  Channel 626:    Mult. = 1    Symm. = 1    Invar.: FFFFFFTFFFFFFFFF
  Channel 627:    Mult. = 1    Symm. = 1    Invar.: FFFFFFTFFFFFFFFF
  Channel 628:    Mult. = 1    Symm. = 1    Invar.: FFFFFFTFFFFFFFFF
  Channel 629:    Mult. = 1    Symm. = 1    Invar.: FFFFFFTFFFFFFFFF
  Channel 630:    Mult. = 1    Symm. = 1    Invar.: FFFFFFTFFFFFFFFF
  Channel 631:    Mult. = 1    Symm. = 1    Invar.: FFFFFFTFFFFFFFFF
  Channel 632:    Mult. = 1    Symm. = 1    Invar.: FFFFFFTFFFFFFFFF
  Channel 633:    Mult. = 1    Symm. = 1    Invar.: FFFFFFTFFFFFFFFF
  Channel 634:    Mult. = 1    Symm. = 1    Invar.: FFFFFFTFFFFFFFFF
  Channel 635:    Mult. = 1    Symm. = 1    Invar.: FFFFFFTFFFFFFFFF
  Channel 636:    Mult. = 1    Symm. = 1    Invar.: FFFFFFTFFFFFFFFF
  Channel 637:    Mult. = 1    Symm. = 1    Invar.: FFFFFFTFFFFFFFFF
  Channel 638:    Mult. = 1    Symm. = 1    Invar.: FFFFFFTFFFFFFFFF
  Channel 639:    Mult. = 1    Symm. = 1    Invar.: FFFFFFTFFFFFFFFF
  Channel 640:    Mult. = 1    Symm. = 1    Invar.: FFFFFFTFFFFFFFFF
  Channel 641:    Mult. = 1    Symm. = 1    Invar.: FFFFFFTFFFFFFFFF
  Channel 642:    Mult. = 1    Symm. = 1    Invar.: FFFFFFTFFFFFFFFF
  Channel 643:    Mult. = 1    Symm. = 1    Invar.: FFFFFFTFFFFFFFFF
  Channel 644:    Mult. = 1    Symm. = 1    Invar.: FFFFFFTFFFFFFFFF
  Channel 645:    Mult. = 1    Symm. = 1    Invar.: FFFFFFTFFFFFFFFF
  Channel 646:    Mult. = 1    Symm. = 1    Invar.: FFFFFFTFFFFFFFFF
  Channel 647:    Mult. = 1    Symm. = 1    Invar.: FFFFFFTFFFFFFFFF
  Channel 648:    Mult. = 1    Symm. = 1    Invar.: FFFFFFTFFFFFFFFF
  Channel 649:    Mult. = 1    Symm. = 1    Invar.: FFFFFFTFFFFFFFFF
  Channel 650:    Mult. = 1    Symm. = 1    Invar.: FFFFFFTFFFFFFFFF
  Channel 651:    Mult. = 1    Symm. = 1    Invar.: FFFFFFTFFFFFFFFF
  Channel 652:    Mult. = 1    Symm. = 1    Invar.: FFFFFFTFFFFFFFFF
  Channel 653:    Mult. = 1    Symm. = 1    Invar.: FFFFFFTFFFFFFFFF
  Channel 654:    Mult. = 1    Symm. = 1    Invar.: FFFFFFTFFFFFFFFF
  Channel 655:    Mult. = 1    Symm. = 1    Invar.: FFFFFFTFFFFFFFFF
  Channel 656:    Mult. = 1    Symm. = 1    Invar.: FFFFFFTFFFFFFFFF
  Channel 657:    Mult. = 1    Symm. = 1    Invar.: FFFFFFTFFFFFFFFF
  Channel 658:    Mult. = 1    Symm. = 1    Invar.: FFFFFFTFFFFFFFFF
  Channel 659:    Mult. = 1    Symm. = 1    Invar.: FFFFFFTFFFFFFFFF
  Channel 660:    Mult. = 1    Symm. = 1    Invar.: FFFFFFTFFFFFFFFF
  Channel 661:    Mult. = 1    Symm. = 1    Invar.: FFFFFFTFFFFFFFFF
  Channel 662:    Mult. = 1    Symm. = 1    Invar.: FFFFFFTFFFFFFFFF
  Channel 663:    Mult. = 1    Symm. = 1    Invar.: FFFFFFTFFFFFFFFF
  Channel 664:    Mult. = 1    Symm. = 1    Invar.: FFFFFFTFFFFFFFFF
  Channel 665:    Mult. = 1    Symm. = 1    Invar.: FFFFFFTFFFFFFFFF
  Channel 666:    Mult. = 1    Symm. = 1    Invar.: FFFFFFTFFFFFFFFF
  Channel 667:    Mult. = 1    Symm. = 1    Invar.: FFFFFFTFFFFFFFFF
  Channel 668:    Mult. = 1    Symm. = 1    Invar.: FFFFFFTFFFFFFFFF
  Channel 669:    Mult. = 1    Symm. = 1    Invar.: FFFFFFTFFFFFFFFF
  Channel 670:    Mult. = 1    Symm. = 1    Invar.: FFFFFFTFFFFFFFFF
  Channel 671:    Mult. = 1    Symm. = 1    Invar.: FFFFFFTFFFFFFFFF
  Channel 672:    Mult. = 1    Symm. = 1    Invar.: FFFFFFTFFFFFFFFF
  Channel 673:    Mult. = 1    Symm. = 1    Invar.: FFFFFFTFFFFFFFFF
  Channel 674:    Mult. = 1    Symm. = 1    Invar.: FFFFFFTFFFFFFFFF
  Channel 675:    Mult. = 1    Symm. = 1    Invar.: FFFFFFTFFFFFFFFF
  Channel 676:    Mult. = 1    Symm. = 1    Invar.: FFFFFFTFFFFFFFFF
  Channel 677:    Mult. = 1    Symm. = 1    Invar.: FFFFFFTFFFFFFFFF
  Channel 678:    Mult. = 1    Symm. = 1    Invar.: FFFFFFTFFFFFFFFF
  Channel 679:    Mult. = 1    Symm. = 1    Invar.: FFFFFFTFFFFFFFFF
  Channel 680:    Mult. = 1    Symm. = 1    Invar.: FFFFFFTFFFFFFFFF
  Channel 681:    Mult. = 1    Symm. = 1    Invar.: FFFFFFTFFFFFFFFF
  Channel 682:    Mult. = 1    Symm. = 1    Invar.: FFFFFFTFFFFFFFFF
  Channel 683:    Mult. = 1    Symm. = 1    Invar.: FFFFFFTFFFFFFFFF
  Channel 684:    Mult. = 1    Symm. = 1    Invar.: FFFFFFTFFFFFFFFF
  Channel 685:    Mult. = 1    Symm. = 1    Invar.: FFFFFFTFFFFFFFFF
  Channel 686:    Mult. = 1    Symm. = 1    Invar.: FFFFFFTFFFFFFFFF
  Channel 687:    Mult. = 1    Symm. = 1    Invar.: FFFFFFTFFFFFFFFF
  Channel 688:    Mult. = 1    Symm. = 1    Invar.: FFFFFFTFFFFFFFFF
  Channel 689:    Mult. = 1    Symm. = 1    Invar.: FFFFFFTFFFFFFFFF
  Channel 690:    Mult. = 1    Symm. = 1    Invar.: FFFFFFTFFFFFFFFF
  Channel 691:    Mult. = 1    Symm. = 1    Invar.: FFFFFFTFFFFFFFFF
  Channel 692:    Mult. = 1    Symm. = 1    Invar.: FFFFFFTFFFFFFFFF
  Channel 693:    Mult. = 1    Symm. = 1    Invar.: FFFFFFTFFFFFFFFF
  Channel 694:    Mult. = 1    Symm. = 1    Invar.: FFFFFFTFFFFFFFFF
  Channel 695:    Mult. = 1    Symm. = 1    Invar.: FFFFFFTFFFFFFFFF
  Channel 696:    Mult. = 1    Symm. = 1    Invar.: FFFFFFTFFFFFFFFF
  Channel 697:    Mult. = 1    Symm. = 1    Invar.: FFFFFFTFFFFFFFFF
  Channel 698:    Mult. = 1    Symm. = 1    Invar.: FFFFFFTFFFFFFFFF
  Channel 699:    Mult. = 1    Symm. = 1    Invar.: FFFFFFTFFFFFFFFF
  Channel 700:    Mult. = 1    Symm. = 1    Invar.: FFFFFFTFFFFFFFFF
  Channel 701:    Mult. = 1    Symm. = 1    Invar.: FFFFFFTFFFFFFFFF
  Channel 702:    Mult. = 1    Symm. = 1    Invar.: FFFFFFTFFFFFFFFF
  Channel 703:    Mult. = 1    Symm. = 1    Invar.: FFFFFFTFFFFFFFFF
  Channel 704:    Mult. = 1    Symm. = 1    Invar.: FFFFFFTFFFFFFFFF
  Channel 705:    Mult. = 1    Symm. = 1    Invar.: FFFFFFTFFFFFFFFF
  Channel 706:    Mult. = 1    Symm. = 1    Invar.: FFFFFFTFFFFFFFFF
  Channel 707:    Mult. = 1    Symm. = 1    Invar.: FFFFFFTFFFFFFFFF
  Channel 708:    Mult. = 1    Symm. = 1    Invar.: FFFFFFTFFFFFFFFF
  Channel 709:    Mult. = 1    Symm. = 1    Invar.: FFFFFFTFFFFFFFFF
  Channel 710:    Mult. = 1    Symm. = 1    Invar.: FFFFFFTFFFFFFFFF
  Channel 711:    Mult. = 1    Symm. = 1    Invar.: FFFFFFTFFFFFFFFF
  Channel 712:    Mult. = 1    Symm. = 1    Invar.: FFFFFFTFFFFFFFFF
  Channel 713:    Mult. = 1    Symm. = 1    Invar.: FFFFFFTFFFFFFFFF
  Channel 714:    Mult. = 1    Symm. = 1    Invar.: FFFFFFTFFFFFFFFF
  Channel 715:    Mult. = 1    Symm. = 1    Invar.: FFFFFFTFFFFFFFFF
  Channel 716:    Mult. = 1    Symm. = 1    Invar.: FFFFFFTFFFFFFFFF
  Channel 717:    Mult. = 1    Symm. = 1    Invar.: FFFFFFTFFFFFFFFF
  Channel 718:    Mult. = 1    Symm. = 1    Invar.: FFFFFFTFFFFFFFFF
  Channel 719:    Mult. = 1    Symm. = 1    Invar.: FFFFFFTFFFFFFFFF
  Channel 720:    Mult. = 1    Symm. = 1    Invar.: FFFFFFTFFFFFFFFF
  Channel 721:    Mult. = 1    Symm. = 1    Invar.: FFFFFFTFFFFFFFFF
  Channel 722:    Mult. = 1    Symm. = 1    Invar.: FFFFFFTFFFFFFFFF
  Channel 723:    Mult. = 1    Symm. = 1    Invar.: FFFFFFTFFFFFFFFF
  Channel 724:    Mult. = 1    Symm. = 1    Invar.: FFFFFFTFFFFFFFFF
  Channel 725:    Mult. = 1    Symm. = 1    Invar.: FFFFFFTFFFFFFFFF
  Channel 726:    Mult. = 1    Symm. = 1    Invar.: FFFFFFTFFFFFFFFF
  Channel 727:    Mult. = 1    Symm. = 1    Invar.: FFFFFFTFFFFFFFFF
  Channel 728:    Mult. = 1    Symm. = 1    Invar.: FFFFFFTFFFFFFFFF
  Channel 729:    Mult. = 1    Symm. = 1    Invar.: FFFFFFTFFFFFFFFF
  Channel 730:    Mult. = 1    Symm. = 1    Invar.: FFFFFFTFFFFFFFFF
  Channel 731:    Mult. = 1    Symm. = 1    Invar.: FFFFFFTFFFFFFFFF
  Channel 732:    Mult. = 1    Symm. = 1    Invar.: FFFFFFTFFFFFFFFF
  Channel 733:    Mult. = 1    Symm. = 1    Invar.: FFFFFFTFFFFFFFFF
  Channel 734:    Mult. = 1    Symm. = 1    Invar.: FFFFFFTFFFFFFFFF
  Channel 735:    Mult. = 1    Symm. = 1    Invar.: FFFFFFTFFFFFFFFF
  Channel 736:    Mult. = 1    Symm. = 1    Invar.: FFFFFFTFFFFFFFFF
  Channel 737:    Mult. = 1    Symm. = 1    Invar.: FFFFFFTFFFFFFFFF
  Channel 738:    Mult. = 1    Symm. = 1    Invar.: FFFFFFTFFFFFFFFF
  Channel 739:    Mult. = 1    Symm. = 1    Invar.: FFFFFFTFFFFFFFFF
  Channel 740:    Mult. = 1    Symm. = 1    Invar.: FFFFFFTFFFFFFFFF
  Channel 741:    Mult. = 1    Symm. = 1    Invar.: FFFFFFTFFFFFFFFF
  Channel 742:    Mult. = 1    Symm. = 1    Invar.: FFFFFFTFFFFFFFFF
  Channel 743:    Mult. = 1    Symm. = 1    Invar.: FFFFFFTFFFFFFFFF
  Channel 744:    Mult. = 1    Symm. = 1    Invar.: FFFFFFTFFFFFFFFF
  Channel 745:    Mult. = 1    Symm. = 1    Invar.: FFFFFFTFFFFFFFFF
  Channel 746:    Mult. = 1    Symm. = 1    Invar.: FFFFFFTFFFFFFFFF
  Channel 747:    Mult. = 1    Symm. = 1    Invar.: FFFFFFTFFFFFFFFF
  Channel 748:    Mult. = 1    Symm. = 1    Invar.: FFFFFFTFFFFFFFFF
  Channel 749:    Mult. = 1    Symm. = 1    Invar.: FFFFFFTFFFFFFFFF
  Channel 750:    Mult. = 1    Symm. = 1    Invar.: FFFFFFTFFFFFFFFF
  Channel 751:    Mult. = 1    Symm. = 1    Invar.: FFFFFFTFFFFFFFFF
  Channel 752:    Mult. = 1    Symm. = 1    Invar.: FFFFFFTFFFFFFFFF
  Channel 753:    Mult. = 1    Symm. = 1    Invar.: FFFFFFTFFFFFFFFF
  Channel 754:    Mult. = 1    Symm. = 1    Invar.: FFFFFFTFFFFFFFFF
  Channel 755:    Mult. = 1    Symm. = 1    Invar.: FFFFFFTFFFFFFFFF
  Channel 756:    Mult. = 1    Symm. = 1    Invar.: FFFFFFTFFFFFFFFF
  Channel 757:    Mult. = 1    Symm. = 1    Invar.: FFFFFFTFFFFFFFFF
  Channel 758:    Mult. = 1    Symm. = 1    Invar.: FFFFFFTFFFFFFFFF
  Channel 759:    Mult. = 1    Symm. = 1    Invar.: FFFFFFTFFFFFFFFF
  Channel 760:    Mult. = 1    Symm. = 1    Invar.: FFFFFFTFFFFFFFFF
  Channel 761:    Mult. = 1    Symm. = 1    Invar.: FFFFFFTFFFFFFFFF
  Channel 762:    Mult. = 1    Symm. = 1    Invar.: FFFFFFTFFFFFFFFF
  Channel 763:    Mult. = 1    Symm. = 1    Invar.: FFFFFFTFFFFFFFFF
  Channel 764:    Mult. = 1    Symm. = 1    Invar.: FFFFFFTFFFFFFFFF
  Channel 765:    Mult. = 1    Symm. = 1    Invar.: FFFFFFTFFFFFFFFF
  Channel 766:    Mult. = 1    Symm. = 1    Invar.: FFFFFFTFFFFFFFFF
  Channel 767:    Mult. = 1    Symm. = 1    Invar.: FFFFFFTFFFFFFFFF
  Channel 768:    Mult. = 1    Symm. = 1    Invar.: FFFFFFTFFFFFFFFF
  Channel 769:    Mult. = 1    Symm. = 1    Invar.: FFFFFFTFFFFFFFFF
  Channel 770:    Mult. = 1    Symm. = 1    Invar.: FFFFFFTFFFFFFFFF
  Channel 771:    Mult. = 1    Symm. = 1    Invar.: FFFFFFTFFFFFFFFF
  Channel 772:    Mult. = 1    Symm. = 1    Invar.: FFFFFFTFFFFFFFFF
  Channel 773:    Mult. = 1    Symm. = 1    Invar.: FFFFFFTFFFFFFFFF
  Channel 774:    Mult. = 1    Symm. = 1    Invar.: FFFFFFTFFFFFFFFF
  Channel 775:    Mult. = 1    Symm. = 1    Invar.: FFFFFFTFFFFFFFFF
  Channel 776:    Mult. = 1    Symm. = 1    Invar.: FFFFFFTFFFFFFFFF
  Channel 777:    Mult. = 1    Symm. = 1    Invar.: FFFFFFTFFFFFFFFF
  Channel 778:    Mult. = 1    Symm. = 1    Invar.: FFFFFFTFFFFFFFFF
  Channel 779:    Mult. = 1    Symm. = 1    Invar.: FFFFFFTFFFFFFFFF
  Channel 780:    Mult. = 1    Symm. = 1    Invar.: FFFFFFTFFFFFFFFF
  Channel 781:    Mult. = 1    Symm. = 1    Invar.: FFFFFFTFFFFFFFFF
  Channel 782:    Mult. = 1    Symm. = 1    Invar.: FFFFFFTFFFFFFFFF
  Channel 783:    Mult. = 1    Symm. = 1    Invar.: FFFFFFTFFFFFFFFF
  Channel 784:    Mult. = 1    Symm. = 1    Invar.: FFFFFFTFFFFFFFFF
  Channel 785:    Mult. = 1    Symm. = 1    Invar.: FFFFFFTFFFFFFFFF
  Channel 786:    Mult. = 1    Symm. = 1    Invar.: FFFFFFTFFFFFFFFF
  Channel 787:    Mult. = 1    Symm. = 1    Invar.: FFFFFFTFFFFFFFFF
  Channel 788:    Mult. = 1    Symm. = 1    Invar.: FFFFFFTFFFFFFFFF
  Channel 789:    Mult. = 1    Symm. = 1    Invar.: FFFFFFTFFFFFFFFF
  Channel 790:    Mult. = 1    Symm. = 1    Invar.: FFFFFFTFFFFFFFFF
  Channel 791:    Mult. = 1    Symm. = 1    Invar.: FFFFFFTFFFFFFFFF
  Channel 792:    Mult. = 1    Symm. = 1    Invar.: FFFFFFTFFFFFFFFF
  Channel 793:    Mult. = 1    Symm. = 1    Invar.: FFFFFFTFFFFFFFFF
  Channel 794:    Mult. = 1    Symm. = 1    Invar.: FFFFFFTFFFFFFFFF
  Channel 795:    Mult. = 1    Symm. = 1    Invar.: FFFFFFTFFFFFFFFF
  Channel 796:    Mult. = 1    Symm. = 1    Invar.: FFFFFFTFFFFFFFFF
  Channel 797:    Mult. = 1    Symm. = 1    Invar.: FFFFFFTFFFFFFFFF
  Channel 798:    Mult. = 1    Symm. = 1    Invar.: FFFFFFTFFFFFFFFF
  Channel 799:    Mult. = 1    Symm. = 1    Invar.: FFFFFFTFFFFFFFFF
  Channel 800:    Mult. = 1    Symm. = 1    Invar.: FFFFFFTFFFFFFFFF
  Channel 801:    Mult. = 1    Symm. = 1    Invar.: FFFFFFTFFFFFFFFF
  Channel 802:    Mult. = 1    Symm. = 1    Invar.: FFFFFFTFFFFFFFFF
  Channel 803:    Mult. = 1    Symm. = 1    Invar.: FFFFFFTFFFFFFFFF
  Channel 804:    Mult. = 1    Symm. = 1    Invar.: FFFFFFTFFFFFFFFF
  Channel 805:    Mult. = 1    Symm. = 1    Invar.: FFFFFFTFFFFFFFFF
  Channel 806:    Mult. = 1    Symm. = 1    Invar.: FFFFFFTFFFFFFFFF
  Channel 807:    Mult. = 1    Symm. = 1    Invar.: FFFFFFTFFFFFFFFF
  Channel 808:    Mult. = 1    Symm. = 1    Invar.: FFFFFFTFFFFFFFFF
  Channel 809:    Mult. = 1    Symm. = 1    Invar.: FFFFFFTFFFFFFFFF
  Channel 810:    Mult. = 1    Symm. = 1    Invar.: FFFFFFTFFFFFFFFF
  Channel 811:    Mult. = 1    Symm. = 1    Invar.: FFFFFFTFFFFFFFFF
  Channel 812:    Mult. = 1    Symm. = 1    Invar.: FFFFFFTFFFFFFFFF
  Channel 813:    Mult. = 1    Symm. = 1    Invar.: FFFFFFTFFFFFFFFF
  Channel 814:    Mult. = 1    Symm. = 1    Invar.: FFFFFFTFFFFFFFFF
  Channel 815:    Mult. = 1    Symm. = 1    Invar.: FFFFFFTFFFFFFFFF
  Channel 816:    Mult. = 1    Symm. = 1    Invar.: FFFFFFTFFFFFFFFF
  Channel 817:    Mult. = 1    Symm. = 1    Invar.: FFFFFFTFFFFFFFFF
  Channel 818:    Mult. = 1    Symm. = 1    Invar.: FFFFFFTFFFFFFFFF
  Channel 819:    Mult. = 1    Symm. = 1    Invar.: FFFFFFTFFFFFFFFF
  Channel 820:    Mult. = 1    Symm. = 1    Invar.: FFFFFFTFFFFFFFFF
  Channel 821:    Mult. = 1    Symm. = 1    Invar.: FFFFFFTFFFFFFFFF
  Channel 822:    Mult. = 1    Symm. = 1    Invar.: FFFFFFTFFFFFFFFF
  Channel 823:    Mult. = 1    Symm. = 1    Invar.: FFFFFFTFFFFFFFFF
  Channel 824:    Mult. = 1    Symm. = 1    Invar.: FFFFFFTFFFFFFFFF
  Channel 825:    Mult. = 1    Symm. = 1    Invar.: FFFFFFTFFFFFFFFF
  Channel 826:    Mult. = 1    Symm. = 1    Invar.: FFFFFFTFFFFFFFFF
  Channel 827:    Mult. = 1    Symm. = 1    Invar.: FFFFFFTFFFFFFFFF
  Channel 828:    Mult. = 1    Symm. = 1    Invar.: FFFFFFTFFFFFFFFF
  Channel 829:    Mult. = 1    Symm. = 1    Invar.: FFFFFFTFFFFFFFFF
  Channel 830:    Mult. = 1    Symm. = 1    Invar.: FFFFFFTFFFFFFFFF
  Channel 831:    Mult. = 1    Symm. = 1    Invar.: FFFFFFTFFFFFFFFF
  Channel 832:    Mult. = 1    Symm. = 1    Invar.: FFFFFFTFFFFFFFFF
  Channel 833:    Mult. = 1    Symm. = 1    Invar.: FFFFFFTFFFFFFFFF
  Channel 834:    Mult. = 1    Symm. = 1    Invar.: FFFFFFTFFFFFFFFF
  Channel 835:    Mult. = 1    Symm. = 1    Invar.: FFFFFFTFFFFFFFFF
  Channel 836:    Mult. = 1    Symm. = 1    Invar.: FFFFFFTFFFFFFFFF
  Channel 837:    Mult. = 1    Symm. = 1    Invar.: FFFFFFTFFFFFFFFF
  Channel 838:    Mult. = 1    Symm. = 1    Invar.: FFFFFFTFFFFFFFFF
  Channel 839:    Mult. = 1    Symm. = 1    Invar.: FFFFFFTFFFFFFFFF
  Channel 840:    Mult. = 1    Symm. = 1    Invar.: FFFFFFTFFFFFFFFF
  Channel 841:    Mult. = 1    Symm. = 1    Invar.: FFFFFFTFFFFFFFFF
  Channel 842:    Mult. = 1    Symm. = 1    Invar.: FFFFFFTFFFFFFFFF
  Channel 843:    Mult. = 1    Symm. = 1    Invar.: FFFFFFTFFFFFFFFF
  Channel 844:    Mult. = 1    Symm. = 1    Invar.: FFFFFFTFFFFFFFFF
  Channel 845:    Mult. = 1    Symm. = 1    Invar.: FFFFFFTFFFFFFFFF
  Channel 846:    Mult. = 1    Symm. = 1    Invar.: FFFFFFTFFFFFFFFF
  Channel 847:    Mult. = 1    Symm. = 1    Invar.: FFFFFFTFFFFFFFFF
  Channel 848:    Mult. = 1    Symm. = 1    Invar.: FFFFFFTFFFFFFFFF
  Channel 849:    Mult. = 1    Symm. = 1    Invar.: FFFFFFTFFFFFFFFF
  Channel 850:    Mult. = 1    Symm. = 1    Invar.: FFFFFFTFFFFFFFFF
  Channel 851:    Mult. = 1    Symm. = 1    Invar.: FFFFFFTFFFFFFFFF
  Channel 852:    Mult. = 1    Symm. = 1    Invar.: FFFFFFTFFFFFFFFF
  Channel 853:    Mult. = 1    Symm. = 1    Invar.: FFFFFFTFFFFFFFFF
  Channel 854:    Mult. = 1    Symm. = 1    Invar.: FFFFFFTFFFFFFFFF
  Channel 855:    Mult. = 1    Symm. = 1    Invar.: FFFFFFTFFFFFFFFF
  Channel 856:    Mult. = 1    Symm. = 1    Invar.: FFFFFFTFFFFFFFFF
  Channel 857:    Mult. = 1    Symm. = 1    Invar.: FFFFFFTFFFFFFFFF
  Channel 858:    Mult. = 1    Symm. = 1    Invar.: FFFFFFTFFFFFFFFF
  Channel 859:    Mult. = 1    Symm. = 1    Invar.: FFFFFFTFFFFFFFFF
  Channel 860:    Mult. = 1    Symm. = 1    Invar.: FFFFFFTFFFFFFFFF
  Channel 861:    Mult. = 1    Symm. = 1    Invar.: FFFFFFTFFFFFFFFF
  Channel 862:    Mult. = 1    Symm. = 1    Invar.: FFFFFFTFFFFFFFFF
  Channel 863:    Mult. = 1    Symm. = 1    Invar.: FFFFFFTFFFFFFFFF
  Channel 864:    Mult. = 1    Symm. = 1    Invar.: FFFFFFTFFFFFFFFF
  Channel 865:    Mult. = 1    Symm. = 1    Invar.: FFFFFFTFFFFFFFFF
  Channel 866:    Mult. = 1    Symm. = 1    Invar.: FFFFFFTFFFFFFFFF
  Channel 867:    Mult. = 1    Symm. = 1    Invar.: FFFFFFTFFFFFFFFF
  Channel 868:    Mult. = 1    Symm. = 1    Invar.: FFFFFFTFFFFFFFFF
  Channel 869:    Mult. = 1    Symm. = 1    Invar.: FFFFFFTFFFFFFFFF
  Channel 870:    Mult. = 1    Symm. = 1    Invar.: FFFFFFTFFFFFFFFF
  Channel 871:    Mult. = 1    Symm. = 1    Invar.: FFFFFFTFFFFFFFFF
  Channel 872:    Mult. = 1    Symm. = 1    Invar.: FFFFFFTFFFFFFFFF
  Channel 873:    Mult. = 1    Symm. = 1    Invar.: FFFFFFTFFFFFFFFF
  Channel 874:    Mult. = 1    Symm. = 1    Invar.: FFFFFFTFFFFFFFFF
  Channel 875:    Mult. = 1    Symm. = 1    Invar.: FFFFFFTFFFFFFFFF
  Channel 876:    Mult. = 1    Symm. = 1    Invar.: FFFFFFTFFFFFFFFF
  Channel 877:    Mult. = 1    Symm. = 1    Invar.: FFFFFFTFFFFFFFFF
  Channel 878:    Mult. = 1    Symm. = 1    Invar.: FFFFFFTFFFFFFFFF
  Channel 879:    Mult. = 1    Symm. = 1    Invar.: FFFFFFTFFFFFFFFF
  Channel 880:    Mult. = 1    Symm. = 1    Invar.: FFFFFFTFFFFFFFFF
  Channel 881:    Mult. = 1    Symm. = 1    Invar.: FFFFFFTFFFFFFFFF
  Channel 882:    Mult. = 1    Symm. = 1    Invar.: FFFFFFTFFFFFFFFF
  Channel 883:    Mult. = 1    Symm. = 1    Invar.: FFFFFFTFFFFFFFFF
  Channel 884:    Mult. = 1    Symm. = 1    Invar.: FFFFFFTFFFFFFFFF
  Channel 885:    Mult. = 1    Symm. = 1    Invar.: FFFFFFTFFFFFFFFF
  Channel 886:    Mult. = 1    Symm. = 1    Invar.: FFFFFFTFFFFFFFFF
  Channel 887:    Mult. = 1    Symm. = 1    Invar.: FFFFFFTFFFFFFFFF
  Channel 888:    Mult. = 1    Symm. = 1    Invar.: FFFFFFTFFFFFFFFF
  Channel 889:    Mult. = 1    Symm. = 1    Invar.: FFFFFFTFFFFFFFFF
  Channel 890:    Mult. = 1    Symm. = 1    Invar.: FFFFFFTFFFFFFFFF
Equivalence list:
  i_eqv: 1
         src: 1-> dest: 1
         Perm:  1 2 3 4 5 6 7 8 9 10 11 12 13 14 15 16
         Mode:  0 0 0 0 0 0 3 0 2 0 2 0 2 0 2 0
  i_eqv: 2
         src: 2-> dest: 2
         Perm:  1 2 3 4 5 6 7 8 9 10 11 12 13 14 15 16
         Mode:  0 0 0 0 0 0 3 0 2 0 2 0 2 0 2 0
  i_eqv: 3
         src: 3-> dest: 3
         Perm:  1 2 3 4 5 6 7 8 9 10 11 12 13 14 15 16
         Mode:  0 0 0 0 0 0 3 0 2 0 2 0 2 0 2 0
  i_eqv: 4
         src: 4-> dest: 4
         Perm:  1 2 3 4 5 6 7 8 9 10 11 12 13 14 15 16
         Mode:  0 0 0 0 0 0 3 0 2 0 2 0 2 0 2 0
  i_eqv: 5
         src: 5-> dest: 5
         Perm:  1 2 3 4 5 6 7 8 9 10 11 12 13 14 15 16
         Mode:  0 0 0 0 0 0 3 0 2 0 2 0 2 0 2 0
  i_eqv: 6
         src: 6-> dest: 6
         Perm:  1 2 3 4 5 6 7 8 9 10 11 12 13 14 15 16
         Mode:  0 0 0 0 0 0 3 0 2 0 2 0 2 0 2 0
  i_eqv: 7
         src: 7-> dest: 7
         Perm:  1 2 3 4 5 6 7 8 9 10 11 12 13 14 15 16
         Mode:  0 0 0 0 0 0 3 0 2 0 2 0 2 0 2 0
  i_eqv: 8
         src: 8-> dest: 8
         Perm:  1 2 3 4 5 6 7 8 9 10 11 12 13 14 15 16
         Mode:  0 0 0 0 0 0 3 0 2 0 2 0 2 0 2 0
  i_eqv: 9
         src: 9-> dest: 9
         Perm:  1 2 3 4 5 6 7 8 9 10 11 12 13 14 15 16
         Mode:  0 0 0 0 0 0 3 0 2 0 2 0 2 0 2 0
  i_eqv: 10
         src: 10-> dest: 10
         Perm:  1 2 3 4 5 6 7 8 9 10 11 12 13 14 15 16
         Mode:  0 0 0 0 0 0 3 0 2 0 2 0 2 0 2 0
  i_eqv: 11
         src: 11-> dest: 11
         Perm:  1 2 3 4 5 6 7 8 9 10 11 12 13 14 15 16
         Mode:  0 0 0 0 0 0 3 0 2 0 2 0 2 0 2 0
  i_eqv: 12
         src: 12-> dest: 12
         Perm:  1 2 3 4 5 6 7 8 9 10 11 12 13 14 15 16
         Mode:  0 0 0 0 0 0 3 0 2 0 2 0 2 0 2 0
  i_eqv: 13
         src: 13-> dest: 13
         Perm:  1 2 3 4 5 6 7 8 9 10 11 12 13 14 15 16
         Mode:  0 0 0 0 0 0 3 0 2 0 2 0 2 0 2 0
  i_eqv: 14
         src: 14-> dest: 14
         Perm:  1 2 3 4 5 6 7 8 9 10 11 12 13 14 15 16
         Mode:  0 0 0 0 0 0 3 0 2 0 2 0 2 0 2 0
  i_eqv: 15
         src: 15-> dest: 15
         Perm:  1 2 3 4 5 6 7 8 9 10 11 12 13 14 15 16
         Mode:  0 0 0 0 0 0 3 0 2 0 2 0 2 0 2 0
  i_eqv: 16
         src: 16-> dest: 16
         Perm:  1 2 3 4 5 6 7 8 9 10 11 12 13 14 15 16
         Mode:  0 0 0 0 0 0 3 0 2 0 2 0 2 0 2 0
  i_eqv: 17
         src: 17-> dest: 17
         Perm:  1 2 3 4 5 6 7 8 9 10 11 12 13 14 15 16
         Mode:  0 0 0 0 0 0 3 0 2 0 2 0 2 0 2 0
  i_eqv: 18
         src: 18-> dest: 18
         Perm:  1 2 3 4 5 6 7 8 9 10 11 12 13 14 15 16
         Mode:  0 0 0 0 0 0 3 0 2 0 2 0 2 0 2 0
  i_eqv: 19
         src: 19-> dest: 19
         Perm:  1 2 3 4 5 6 7 8 9 10 11 12 13 14 15 16
         Mode:  0 0 0 0 0 0 3 0 2 0 2 0 2 0 2 0
  i_eqv: 20
         src: 20-> dest: 20
         Perm:  1 2 3 4 5 6 7 8 9 10 11 12 13 14 15 16
         Mode:  0 0 0 0 0 0 3 0 2 0 2 0 2 0 2 0
  i_eqv: 21
         src: 21-> dest: 21
         Perm:  1 2 3 4 5 6 7 8 9 10 11 12 13 14 15 16
         Mode:  0 0 0 0 0 0 3 0 2 0 2 0 2 0 2 0
  i_eqv: 22
         src: 22-> dest: 22
         Perm:  1 2 3 4 5 6 7 8 9 10 11 12 13 14 15 16
         Mode:  0 0 0 0 0 0 3 0 2 0 2 0 2 0 2 0
  i_eqv: 23
         src: 23-> dest: 23
         Perm:  1 2 3 4 5 6 7 8 9 10 11 12 13 14 15 16
         Mode:  0 0 0 0 0 0 3 0 2 0 2 0 2 0 2 0
  i_eqv: 24
         src: 24-> dest: 24
         Perm:  1 2 3 4 5 6 7 8 9 10 11 12 13 14 15 16
         Mode:  0 0 0 0 0 0 3 0 2 0 2 0 2 0 2 0
  i_eqv: 25
         src: 25-> dest: 25
         Perm:  1 2 3 4 5 6 7 8 9 10 11 12 13 14 15 16
         Mode:  0 0 0 0 0 0 3 0 2 0 2 0 2 0 2 0
  i_eqv: 26
         src: 26-> dest: 26
         Perm:  1 2 3 4 5 6 7 8 9 10 11 12 13 14 15 16
         Mode:  0 0 0 0 0 0 3 0 2 0 2 0 2 0 2 0
  i_eqv: 27
         src: 27-> dest: 27
         Perm:  1 2 3 4 5 6 7 8 9 10 11 12 13 14 15 16
         Mode:  0 0 0 0 0 0 3 0 2 0 2 0 2 0 2 0
  i_eqv: 28
         src: 28-> dest: 28
         Perm:  1 2 3 4 5 6 7 8 9 10 11 12 13 14 15 16
         Mode:  0 0 0 0 0 0 3 0 2 0 2 0 2 0 2 0
  i_eqv: 29
         src: 29-> dest: 29
         Perm:  1 2 3 4 5 6 7 8 9 10 11 12 13 14 15 16
         Mode:  0 0 0 0 0 0 3 0 2 0 2 0 2 0 2 0
  i_eqv: 30
         src: 30-> dest: 30
         Perm:  1 2 3 4 5 6 7 8 9 10 11 12 13 14 15 16
         Mode:  0 0 0 0 0 0 3 0 2 0 2 0 2 0 2 0
  i_eqv: 31
         src: 31-> dest: 31
         Perm:  1 2 3 4 5 6 7 8 9 10 11 12 13 14 15 16
         Mode:  0 0 0 0 0 0 3 0 2 0 2 0 2 0 2 0
  i_eqv: 32
         src: 32-> dest: 32
         Perm:  1 2 3 4 5 6 7 8 9 10 11 12 13 14 15 16
         Mode:  0 0 0 0 0 0 3 0 2 0 2 0 2 0 2 0
  i_eqv: 33
         src: 33-> dest: 33
         Perm:  1 2 3 4 5 6 7 8 9 10 11 12 13 14 15 16
         Mode:  0 0 0 0 0 0 3 0 2 0 2 0 2 0 2 0
  i_eqv: 34
         src: 34-> dest: 34
         Perm:  1 2 3 4 5 6 7 8 9 10 11 12 13 14 15 16
         Mode:  0 0 0 0 0 0 3 0 2 0 2 0 2 0 2 0
  i_eqv: 35
         src: 35-> dest: 35
         Perm:  1 2 3 4 5 6 7 8 9 10 11 12 13 14 15 16
         Mode:  0 0 0 0 0 0 3 0 2 0 2 0 2 0 2 0
  i_eqv: 36
         src: 36-> dest: 36
         Perm:  1 2 3 4 5 6 7 8 9 10 11 12 13 14 15 16
         Mode:  0 0 0 0 0 0 3 0 2 0 2 0 2 0 2 0
  i_eqv: 37
         src: 37-> dest: 37
         Perm:  1 2 3 4 5 6 7 8 9 10 11 12 13 14 15 16
         Mode:  0 0 0 0 0 0 3 0 2 0 2 0 2 0 2 0
  i_eqv: 38
         src: 38-> dest: 38
         Perm:  1 2 3 4 5 6 7 8 9 10 11 12 13 14 15 16
         Mode:  0 0 0 0 0 0 3 0 2 0 2 0 2 0 2 0
  i_eqv: 39
         src: 39-> dest: 39
         Perm:  1 2 3 4 5 6 7 8 9 10 11 12 13 14 15 16
         Mode:  0 0 0 0 0 0 3 0 2 0 2 0 2 0 2 0
  i_eqv: 40
         src: 40-> dest: 40
         Perm:  1 2 3 4 5 6 7 8 9 10 11 12 13 14 15 16
         Mode:  0 0 0 0 0 0 3 0 2 0 2 0 2 0 2 0
  i_eqv: 41
         src: 41-> dest: 41
         Perm:  1 2 3 4 5 6 7 8 9 10 11 12 13 14 15 16
         Mode:  0 0 0 0 0 0 3 0 2 0 2 0 2 0 2 0
  i_eqv: 42
         src: 42-> dest: 42
         Perm:  1 2 3 4 5 6 7 8 9 10 11 12 13 14 15 16
         Mode:  0 0 0 0 0 0 3 0 2 0 2 0 2 0 2 0
  i_eqv: 43
         src: 43-> dest: 43
         Perm:  1 2 3 4 5 6 7 8 9 10 11 12 13 14 15 16
         Mode:  0 0 0 0 0 0 3 0 2 0 2 0 2 0 2 0
  i_eqv: 44
         src: 44-> dest: 44
         Perm:  1 2 3 4 5 6 7 8 9 10 11 12 13 14 15 16
         Mode:  0 0 0 0 0 0 3 0 2 0 2 0 2 0 2 0
  i_eqv: 45
         src: 45-> dest: 45
         Perm:  1 2 3 4 5 6 7 8 9 10 11 12 13 14 15 16
         Mode:  0 0 0 0 0 0 3 0 2 0 2 0 2 0 2 0
  i_eqv: 46
         src: 46-> dest: 46
         Perm:  1 2 3 4 5 6 7 8 9 10 11 12 13 14 15 16
         Mode:  0 0 0 0 0 0 3 0 2 0 2 0 2 0 2 0
  i_eqv: 47
         src: 47-> dest: 47
         Perm:  1 2 3 4 5 6 7 8 9 10 11 12 13 14 15 16
         Mode:  0 0 0 0 0 0 3 0 2 0 2 0 2 0 2 0
  i_eqv: 48
         src: 48-> dest: 48
         Perm:  1 2 3 4 5 6 7 8 9 10 11 12 13 14 15 16
         Mode:  0 0 0 0 0 0 3 0 2 0 2 0 2 0 2 0
  i_eqv: 49
         src: 49-> dest: 49
         Perm:  1 2 3 4 5 6 7 8 9 10 11 12 13 14 15 16
         Mode:  0 0 0 0 0 0 3 0 2 0 2 0 2 0 2 0
  i_eqv: 50
         src: 50-> dest: 50
         Perm:  1 2 3 4 5 6 7 8 9 10 11 12 13 14 15 16
         Mode:  0 0 0 0 0 0 3 0 2 0 2 0 2 0 2 0
  i_eqv: 51
         src: 51-> dest: 51
         Perm:  1 2 3 4 5 6 7 8 9 10 11 12 13 14 15 16
         Mode:  0 0 0 0 0 0 3 0 2 0 2 0 2 0 2 0
  i_eqv: 52
         src: 52-> dest: 52
         Perm:  1 2 3 4 5 6 7 8 9 10 11 12 13 14 15 16
         Mode:  0 0 0 0 0 0 3 0 2 0 2 0 2 0 2 0
  i_eqv: 53
         src: 53-> dest: 53
         Perm:  1 2 3 4 5 6 7 8 9 10 11 12 13 14 15 16
         Mode:  0 0 0 0 0 0 3 0 2 0 2 0 2 0 2 0
  i_eqv: 54
         src: 54-> dest: 54
         Perm:  1 2 3 4 5 6 7 8 9 10 11 12 13 14 15 16
         Mode:  0 0 0 0 0 0 3 0 2 0 2 0 2 0 2 0
  i_eqv: 55
         src: 55-> dest: 55
         Perm:  1 2 3 4 5 6 7 8 9 10 11 12 13 14 15 16
         Mode:  0 0 0 0 0 0 3 0 2 0 2 0 2 0 2 0
  i_eqv: 56
         src: 56-> dest: 56
         Perm:  1 2 3 4 5 6 7 8 9 10 11 12 13 14 15 16
         Mode:  0 0 0 0 0 0 3 0 2 0 2 0 2 0 2 0
  i_eqv: 57
         src: 57-> dest: 57
         Perm:  1 2 3 4 5 6 7 8 9 10 11 12 13 14 15 16
         Mode:  0 0 0 0 0 0 3 0 2 0 2 0 2 0 2 0
  i_eqv: 58
         src: 58-> dest: 58
         Perm:  1 2 3 4 5 6 7 8 9 10 11 12 13 14 15 16
         Mode:  0 0 0 0 0 0 3 0 2 0 2 0 2 0 2 0
  i_eqv: 59
         src: 59-> dest: 59
         Perm:  1 2 3 4 5 6 7 8 9 10 11 12 13 14 15 16
         Mode:  0 0 0 0 0 0 3 0 2 0 2 0 2 0 2 0
  i_eqv: 60
         src: 60-> dest: 60
         Perm:  1 2 3 4 5 6 7 8 9 10 11 12 13 14 15 16
         Mode:  0 0 0 0 0 0 3 0 2 0 2 0 2 0 2 0
  i_eqv: 61
         src: 61-> dest: 61
         Perm:  1 2 3 4 5 6 7 8 9 10 11 12 13 14 15 16
         Mode:  0 0 0 0 0 0 3 0 2 0 2 0 2 0 2 0
  i_eqv: 62
         src: 62-> dest: 62
         Perm:  1 2 3 4 5 6 7 8 9 10 11 12 13 14 15 16
         Mode:  0 0 0 0 0 0 3 0 2 0 2 0 2 0 2 0
  i_eqv: 63
         src: 63-> dest: 63
         Perm:  1 2 3 4 5 6 7 8 9 10 11 12 13 14 15 16
         Mode:  0 0 0 0 0 0 3 0 2 0 2 0 2 0 2 0
  i_eqv: 64
         src: 64-> dest: 64
         Perm:  1 2 3 4 5 6 7 8 9 10 11 12 13 14 15 16
         Mode:  0 0 0 0 0 0 3 0 2 0 2 0 2 0 2 0
  i_eqv: 65
         src: 65-> dest: 65
         Perm:  1 2 3 4 5 6 7 8 9 10 11 12 13 14 15 16
         Mode:  0 0 0 0 0 0 3 0 2 0 2 0 2 0 2 0
  i_eqv: 66
         src: 66-> dest: 66
         Perm:  1 2 3 4 5 6 7 8 9 10 11 12 13 14 15 16
         Mode:  0 0 0 0 0 0 3 0 2 0 2 0 2 0 2 0
  i_eqv: 67
         src: 67-> dest: 67
         Perm:  1 2 3 4 5 6 7 8 9 10 11 12 13 14 15 16
         Mode:  0 0 0 0 0 0 3 0 2 0 2 0 2 0 2 0
  i_eqv: 68
         src: 68-> dest: 68
         Perm:  1 2 3 4 5 6 7 8 9 10 11 12 13 14 15 16
         Mode:  0 0 0 0 0 0 3 0 2 0 2 0 2 0 2 0
  i_eqv: 69
         src: 69-> dest: 69
         Perm:  1 2 3 4 5 6 7 8 9 10 11 12 13 14 15 16
         Mode:  0 0 0 0 0 0 3 0 2 0 2 0 2 0 2 0
  i_eqv: 70
         src: 70-> dest: 70
         Perm:  1 2 3 4 5 6 7 8 9 10 11 12 13 14 15 16
         Mode:  0 0 0 0 0 0 3 0 2 0 2 0 2 0 2 0
  i_eqv: 71
         src: 71-> dest: 71
         Perm:  1 2 3 4 5 6 7 8 9 10 11 12 13 14 15 16
         Mode:  0 0 0 0 0 0 3 0 2 0 2 0 2 0 2 0
  i_eqv: 72
         src: 72-> dest: 72
         Perm:  1 2 3 4 5 6 7 8 9 10 11 12 13 14 15 16
         Mode:  0 0 0 0 0 0 3 0 2 0 2 0 2 0 2 0
  i_eqv: 73
         src: 73-> dest: 73
         Perm:  1 2 3 4 5 6 7 8 9 10 11 12 13 14 15 16
         Mode:  0 0 0 0 0 0 3 0 2 0 2 0 2 0 2 0
  i_eqv: 74
         src: 74-> dest: 74
         Perm:  1 2 3 4 5 6 7 8 9 10 11 12 13 14 15 16
         Mode:  0 0 0 0 0 0 3 0 2 0 2 0 2 0 2 0
  i_eqv: 75
         src: 75-> dest: 75
         Perm:  1 2 3 4 5 6 7 8 9 10 11 12 13 14 15 16
         Mode:  0 0 0 0 0 0 3 0 2 0 2 0 2 0 2 0
  i_eqv: 76
         src: 76-> dest: 76
         Perm:  1 2 3 4 5 6 7 8 9 10 11 12 13 14 15 16
         Mode:  0 0 0 0 0 0 3 0 2 0 2 0 2 0 2 0
  i_eqv: 77
         src: 77-> dest: 77
         Perm:  1 2 3 4 5 6 7 8 9 10 11 12 13 14 15 16
         Mode:  0 0 0 0 0 0 3 0 2 0 2 0 2 0 2 0
  i_eqv: 78
         src: 78-> dest: 78
         Perm:  1 2 3 4 5 6 7 8 9 10 11 12 13 14 15 16
         Mode:  0 0 0 0 0 0 3 0 2 0 2 0 2 0 2 0
  i_eqv: 79
         src: 79-> dest: 79
         Perm:  1 2 3 4 5 6 7 8 9 10 11 12 13 14 15 16
         Mode:  0 0 0 0 0 0 3 0 2 0 2 0 2 0 2 0
  i_eqv: 80
         src: 80-> dest: 80
         Perm:  1 2 3 4 5 6 7 8 9 10 11 12 13 14 15 16
         Mode:  0 0 0 0 0 0 3 0 2 0 2 0 2 0 2 0
  i_eqv: 81
         src: 81-> dest: 81
         Perm:  1 2 3 4 5 6 7 8 9 10 11 12 13 14 15 16
         Mode:  0 0 0 0 0 0 3 0 2 0 2 0 2 0 2 0
  i_eqv: 82
         src: 82-> dest: 82
         Perm:  1 2 3 4 5 6 7 8 9 10 11 12 13 14 15 16
         Mode:  0 0 0 0 0 0 3 0 2 0 2 0 2 0 2 0
  i_eqv: 83
         src: 83-> dest: 83
         Perm:  1 2 3 4 5 6 7 8 9 10 11 12 13 14 15 16
         Mode:  0 0 0 0 0 0 3 0 2 0 2 0 2 0 2 0
  i_eqv: 84
         src: 84-> dest: 84
         Perm:  1 2 3 4 5 6 7 8 9 10 11 12 13 14 15 16
         Mode:  0 0 0 0 0 0 3 0 2 0 2 0 2 0 2 0
  i_eqv: 85
         src: 85-> dest: 85
         Perm:  1 2 3 4 5 6 7 8 9 10 11 12 13 14 15 16
         Mode:  0 0 0 0 0 0 3 0 2 0 2 0 2 0 2 0
  i_eqv: 86
         src: 86-> dest: 86
         Perm:  1 2 3 4 5 6 7 8 9 10 11 12 13 14 15 16
         Mode:  0 0 0 0 0 0 3 0 2 0 2 0 2 0 2 0
  i_eqv: 87
         src: 87-> dest: 87
         Perm:  1 2 3 4 5 6 7 8 9 10 11 12 13 14 15 16
         Mode:  0 0 0 0 0 0 3 0 2 0 2 0 2 0 2 0
  i_eqv: 88
         src: 88-> dest: 88
         Perm:  1 2 3 4 5 6 7 8 9 10 11 12 13 14 15 16
         Mode:  0 0 0 0 0 0 3 0 2 0 2 0 2 0 2 0
  i_eqv: 89
         src: 89-> dest: 89
         Perm:  1 2 3 4 5 6 7 8 9 10 11 12 13 14 15 16
         Mode:  0 0 0 0 0 0 3 0 2 0 2 0 2 0 2 0
  i_eqv: 90
         src: 90-> dest: 90
         Perm:  1 2 3 4 5 6 7 8 9 10 11 12 13 14 15 16
         Mode:  0 0 0 0 0 0 3 0 2 0 2 0 2 0 2 0
  i_eqv: 91
         src: 91-> dest: 91
         Perm:  1 2 3 4 5 6 7 8 9 10 11 12 13 14 15 16
         Mode:  0 0 0 0 0 0 3 0 2 0 2 0 2 0 2 0
  i_eqv: 92
         src: 92-> dest: 92
         Perm:  1 2 3 4 5 6 7 8 9 10 11 12 13 14 15 16
         Mode:  0 0 0 0 0 0 3 0 2 0 2 0 2 0 2 0
  i_eqv: 93
         src: 93-> dest: 93
         Perm:  1 2 3 4 5 6 7 8 9 10 11 12 13 14 15 16
         Mode:  0 0 0 0 0 0 3 0 2 0 2 0 2 0 2 0
  i_eqv: 94
         src: 94-> dest: 94
         Perm:  1 2 3 4 5 6 7 8 9 10 11 12 13 14 15 16
         Mode:  0 0 0 0 0 0 3 0 2 0 2 0 2 0 2 0
  i_eqv: 95
         src: 95-> dest: 95
         Perm:  1 2 3 4 5 6 7 8 9 10 11 12 13 14 15 16
         Mode:  0 0 0 0 0 0 3 0 2 0 2 0 2 0 2 0
  i_eqv: 96
         src: 96-> dest: 96
         Perm:  1 2 3 4 5 6 7 8 9 10 11 12 13 14 15 16
         Mode:  0 0 0 0 0 0 3 0 2 0 2 0 2 0 2 0
  i_eqv: 97
         src: 97-> dest: 97
         Perm:  1 2 3 4 5 6 7 8 9 10 11 12 13 14 15 16
         Mode:  0 0 0 0 0 0 3 0 2 0 2 0 2 0 2 0
  i_eqv: 98
         src: 98-> dest: 98
         Perm:  1 2 3 4 5 6 7 8 9 10 11 12 13 14 15 16
         Mode:  0 0 0 0 0 0 3 0 2 0 2 0 2 0 2 0
  i_eqv: 99
         src: 99-> dest: 99
         Perm:  1 2 3 4 5 6 7 8 9 10 11 12 13 14 15 16
         Mode:  0 0 0 0 0 0 3 0 2 0 2 0 2 0 2 0
  i_eqv: 100
         src: 100-> dest: 100
         Perm:  1 2 3 4 5 6 7 8 9 10 11 12 13 14 15 16
         Mode:  0 0 0 0 0 0 3 0 2 0 2 0 2 0 2 0
  i_eqv: 101
         src: 101-> dest: 101
         Perm:  1 2 3 4 5 6 7 8 9 10 11 12 13 14 15 16
         Mode:  0 0 0 0 0 0 3 0 2 0 2 0 2 0 2 0
  i_eqv: 102
         src: 102-> dest: 102
         Perm:  1 2 3 4 5 6 7 8 9 10 11 12 13 14 15 16
         Mode:  0 0 0 0 0 0 3 0 2 0 2 0 2 0 2 0
  i_eqv: 103
         src: 103-> dest: 103
         Perm:  1 2 3 4 5 6 7 8 9 10 11 12 13 14 15 16
         Mode:  0 0 0 0 0 0 3 0 2 0 2 0 2 0 2 0
  i_eqv: 104
         src: 104-> dest: 104
         Perm:  1 2 3 4 5 6 7 8 9 10 11 12 13 14 15 16
         Mode:  0 0 0 0 0 0 3 0 2 0 2 0 2 0 2 0
  i_eqv: 105
         src: 105-> dest: 105
         Perm:  1 2 3 4 5 6 7 8 9 10 11 12 13 14 15 16
         Mode:  0 0 0 0 0 0 3 0 2 0 2 0 2 0 2 0
  i_eqv: 106
         src: 106-> dest: 106
         Perm:  1 2 3 4 5 6 7 8 9 10 11 12 13 14 15 16
         Mode:  0 0 0 0 0 0 3 0 2 0 2 0 2 0 2 0
  i_eqv: 107
         src: 107-> dest: 107
         Perm:  1 2 3 4 5 6 7 8 9 10 11 12 13 14 15 16
         Mode:  0 0 0 0 0 0 3 0 2 0 2 0 2 0 2 0
  i_eqv: 108
         src: 108-> dest: 108
         Perm:  1 2 3 4 5 6 7 8 9 10 11 12 13 14 15 16
         Mode:  0 0 0 0 0 0 3 0 2 0 2 0 2 0 2 0
  i_eqv: 109
         src: 109-> dest: 109
         Perm:  1 2 3 4 5 6 7 8 9 10 11 12 13 14 15 16
         Mode:  0 0 0 0 0 0 3 0 2 0 2 0 2 0 2 0
  i_eqv: 110
         src: 110-> dest: 110
         Perm:  1 2 3 4 5 6 7 8 9 10 11 12 13 14 15 16
         Mode:  0 0 0 0 0 0 3 0 2 0 2 0 2 0 2 0
  i_eqv: 111
         src: 111-> dest: 111
         Perm:  1 2 3 4 5 6 7 8 9 10 11 12 13 14 15 16
         Mode:  0 0 0 0 0 0 3 0 2 0 2 0 2 0 2 0
  i_eqv: 112
         src: 112-> dest: 112
         Perm:  1 2 3 4 5 6 7 8 9 10 11 12 13 14 15 16
         Mode:  0 0 0 0 0 0 3 0 2 0 2 0 2 0 2 0
  i_eqv: 113
         src: 113-> dest: 113
         Perm:  1 2 3 4 5 6 7 8 9 10 11 12 13 14 15 16
         Mode:  0 0 0 0 0 0 3 0 2 0 2 0 2 0 2 0
  i_eqv: 114
         src: 114-> dest: 114
         Perm:  1 2 3 4 5 6 7 8 9 10 11 12 13 14 15 16
         Mode:  0 0 0 0 0 0 3 0 2 0 2 0 2 0 2 0
  i_eqv: 115
         src: 115-> dest: 115
         Perm:  1 2 3 4 5 6 7 8 9 10 11 12 13 14 15 16
         Mode:  0 0 0 0 0 0 3 0 2 0 2 0 2 0 2 0
  i_eqv: 116
         src: 116-> dest: 116
         Perm:  1 2 3 4 5 6 7 8 9 10 11 12 13 14 15 16
         Mode:  0 0 0 0 0 0 3 0 2 0 2 0 2 0 2 0
  i_eqv: 117
         src: 117-> dest: 117
         Perm:  1 2 3 4 5 6 7 8 9 10 11 12 13 14 15 16
         Mode:  0 0 0 0 0 0 3 0 2 0 2 0 2 0 2 0
  i_eqv: 118
         src: 118-> dest: 118
         Perm:  1 2 3 4 5 6 7 8 9 10 11 12 13 14 15 16
         Mode:  0 0 0 0 0 0 3 0 2 0 2 0 2 0 2 0
  i_eqv: 119
         src: 119-> dest: 119
         Perm:  1 2 3 4 5 6 7 8 9 10 11 12 13 14 15 16
         Mode:  0 0 0 0 0 0 3 0 2 0 2 0 2 0 2 0
  i_eqv: 120
         src: 120-> dest: 120
         Perm:  1 2 3 4 5 6 7 8 9 10 11 12 13 14 15 16
         Mode:  0 0 0 0 0 0 3 0 2 0 2 0 2 0 2 0
  i_eqv: 121
         src: 121-> dest: 121
         Perm:  1 2 3 4 5 6 7 8 9 10 11 12 13 14 15 16
         Mode:  0 0 0 0 0 0 3 0 2 0 2 0 2 0 2 0
  i_eqv: 122
         src: 122-> dest: 122
         Perm:  1 2 3 4 5 6 7 8 9 10 11 12 13 14 15 16
         Mode:  0 0 0 0 0 0 3 0 2 0 2 0 2 0 2 0
  i_eqv: 123
         src: 123-> dest: 123
         Perm:  1 2 3 4 5 6 7 8 9 10 11 12 13 14 15 16
         Mode:  0 0 0 0 0 0 3 0 2 0 2 0 2 0 2 0
  i_eqv: 124
         src: 124-> dest: 124
         Perm:  1 2 3 4 5 6 7 8 9 10 11 12 13 14 15 16
         Mode:  0 0 0 0 0 0 3 0 2 0 2 0 2 0 2 0
  i_eqv: 125
         src: 125-> dest: 125
         Perm:  1 2 3 4 5 6 7 8 9 10 11 12 13 14 15 16
         Mode:  0 0 0 0 0 0 3 0 2 0 2 0 2 0 2 0
  i_eqv: 126
         src: 126-> dest: 126
         Perm:  1 2 3 4 5 6 7 8 9 10 11 12 13 14 15 16
         Mode:  0 0 0 0 0 0 3 0 2 0 2 0 2 0 2 0
  i_eqv: 127
         src: 127-> dest: 127
         Perm:  1 2 3 4 5 6 7 8 9 10 11 12 13 14 15 16
         Mode:  0 0 0 0 0 0 3 0 2 0 2 0 2 0 2 0
  i_eqv: 128
         src: 128-> dest: 128
         Perm:  1 2 3 4 5 6 7 8 9 10 11 12 13 14 15 16
         Mode:  0 0 0 0 0 0 3 0 2 0 2 0 2 0 2 0
  i_eqv: 129
         src: 129-> dest: 129
         Perm:  1 2 3 4 5 6 7 8 9 10 11 12 13 14 15 16
         Mode:  0 0 0 0 0 0 3 0 2 0 2 0 2 0 2 0
  i_eqv: 130
         src: 130-> dest: 130
         Perm:  1 2 3 4 5 6 7 8 9 10 11 12 13 14 15 16
         Mode:  0 0 0 0 0 0 3 0 2 0 2 0 2 0 2 0
  i_eqv: 131
         src: 131-> dest: 131
         Perm:  1 2 3 4 5 6 7 8 9 10 11 12 13 14 15 16
         Mode:  0 0 0 0 0 0 3 0 2 0 2 0 2 0 2 0
  i_eqv: 132
         src: 132-> dest: 132
         Perm:  1 2 3 4 5 6 7 8 9 10 11 12 13 14 15 16
         Mode:  0 0 0 0 0 0 3 0 2 0 2 0 2 0 2 0
  i_eqv: 133
         src: 133-> dest: 133
         Perm:  1 2 3 4 5 6 7 8 9 10 11 12 13 14 15 16
         Mode:  0 0 0 0 0 0 3 0 2 0 2 0 2 0 2 0
  i_eqv: 134
         src: 134-> dest: 134
         Perm:  1 2 3 4 5 6 7 8 9 10 11 12 13 14 15 16
         Mode:  0 0 0 0 0 0 3 0 2 0 2 0 2 0 2 0
  i_eqv: 135
         src: 135-> dest: 135
         Perm:  1 2 3 4 5 6 7 8 9 10 11 12 13 14 15 16
         Mode:  0 0 0 0 0 0 3 0 2 0 2 0 2 0 2 0
  i_eqv: 136
         src: 136-> dest: 136
         Perm:  1 2 3 4 5 6 7 8 9 10 11 12 13 14 15 16
         Mode:  0 0 0 0 0 0 3 0 2 0 2 0 2 0 2 0
  i_eqv: 137
         src: 137-> dest: 137
         Perm:  1 2 3 4 5 6 7 8 9 10 11 12 13 14 15 16
         Mode:  0 0 0 0 0 0 3 0 2 0 2 0 2 0 2 0
  i_eqv: 138
         src: 138-> dest: 138
         Perm:  1 2 3 4 5 6 7 8 9 10 11 12 13 14 15 16
         Mode:  0 0 0 0 0 0 3 0 2 0 2 0 2 0 2 0
  i_eqv: 139
         src: 139-> dest: 139
         Perm:  1 2 3 4 5 6 7 8 9 10 11 12 13 14 15 16
         Mode:  0 0 0 0 0 0 3 0 2 0 2 0 2 0 2 0
  i_eqv: 140
         src: 140-> dest: 140
         Perm:  1 2 3 4 5 6 7 8 9 10 11 12 13 14 15 16
         Mode:  0 0 0 0 0 0 3 0 2 0 2 0 2 0 2 0
  i_eqv: 141
         src: 141-> dest: 141
         Perm:  1 2 3 4 5 6 7 8 9 10 11 12 13 14 15 16
         Mode:  0 0 0 0 0 0 3 0 2 0 2 0 2 0 2 0
  i_eqv: 142
         src: 142-> dest: 142
         Perm:  1 2 3 4 5 6 7 8 9 10 11 12 13 14 15 16
         Mode:  0 0 0 0 0 0 3 0 2 0 2 0 2 0 2 0
  i_eqv: 143
         src: 143-> dest: 143
         Perm:  1 2 3 4 5 6 7 8 9 10 11 12 13 14 15 16
         Mode:  0 0 0 0 0 0 3 0 2 0 2 0 2 0 2 0
  i_eqv: 144
         src: 144-> dest: 144
         Perm:  1 2 3 4 5 6 7 8 9 10 11 12 13 14 15 16
         Mode:  0 0 0 0 0 0 3 0 2 0 2 0 2 0 2 0
  i_eqv: 145
         src: 145-> dest: 145
         Perm:  1 2 3 4 5 6 7 8 9 10 11 12 13 14 15 16
         Mode:  0 0 0 0 0 0 3 0 2 0 2 0 2 0 2 0
  i_eqv: 146
         src: 146-> dest: 146
         Perm:  1 2 3 4 5 6 7 8 9 10 11 12 13 14 15 16
         Mode:  0 0 0 0 0 0 3 0 2 0 2 0 2 0 2 0
  i_eqv: 147
         src: 147-> dest: 147
         Perm:  1 2 3 4 5 6 7 8 9 10 11 12 13 14 15 16
         Mode:  0 0 0 0 0 0 3 0 2 0 2 0 2 0 2 0
  i_eqv: 148
         src: 148-> dest: 148
         Perm:  1 2 3 4 5 6 7 8 9 10 11 12 13 14 15 16
         Mode:  0 0 0 0 0 0 3 0 2 0 2 0 2 0 2 0
  i_eqv: 149
         src: 149-> dest: 149
         Perm:  1 2 3 4 5 6 7 8 9 10 11 12 13 14 15 16
         Mode:  0 0 0 0 0 0 3 0 2 0 2 0 2 0 2 0
  i_eqv: 150
         src: 150-> dest: 150
         Perm:  1 2 3 4 5 6 7 8 9 10 11 12 13 14 15 16
         Mode:  0 0 0 0 0 0 3 0 2 0 2 0 2 0 2 0
  i_eqv: 151
         src: 151-> dest: 151
         Perm:  1 2 3 4 5 6 7 8 9 10 11 12 13 14 15 16
         Mode:  0 0 0 0 0 0 3 0 2 0 2 0 2 0 2 0
  i_eqv: 152
         src: 152-> dest: 152
         Perm:  1 2 3 4 5 6 7 8 9 10 11 12 13 14 15 16
         Mode:  0 0 0 0 0 0 3 0 2 0 2 0 2 0 2 0
  i_eqv: 153
         src: 153-> dest: 153
         Perm:  1 2 3 4 5 6 7 8 9 10 11 12 13 14 15 16
         Mode:  0 0 0 0 0 0 3 0 2 0 2 0 2 0 2 0
  i_eqv: 154
         src: 154-> dest: 154
         Perm:  1 2 3 4 5 6 7 8 9 10 11 12 13 14 15 16
         Mode:  0 0 0 0 0 0 3 0 2 0 2 0 2 0 2 0
  i_eqv: 155
         src: 155-> dest: 155
         Perm:  1 2 3 4 5 6 7 8 9 10 11 12 13 14 15 16
         Mode:  0 0 0 0 0 0 3 0 2 0 2 0 2 0 2 0
  i_eqv: 156
         src: 156-> dest: 156
         Perm:  1 2 3 4 5 6 7 8 9 10 11 12 13 14 15 16
         Mode:  0 0 0 0 0 0 3 0 2 0 2 0 2 0 2 0
  i_eqv: 157
         src: 157-> dest: 157
         Perm:  1 2 3 4 5 6 7 8 9 10 11 12 13 14 15 16
         Mode:  0 0 0 0 0 0 3 0 2 0 2 0 2 0 2 0
  i_eqv: 158
         src: 158-> dest: 158
         Perm:  1 2 3 4 5 6 7 8 9 10 11 12 13 14 15 16
         Mode:  0 0 0 0 0 0 3 0 2 0 2 0 2 0 2 0
  i_eqv: 159
         src: 159-> dest: 159
         Perm:  1 2 3 4 5 6 7 8 9 10 11 12 13 14 15 16
         Mode:  0 0 0 0 0 0 3 0 2 0 2 0 2 0 2 0
  i_eqv: 160
         src: 160-> dest: 160
         Perm:  1 2 3 4 5 6 7 8 9 10 11 12 13 14 15 16
         Mode:  0 0 0 0 0 0 3 0 2 0 2 0 2 0 2 0
  i_eqv: 161
         src: 161-> dest: 161
         Perm:  1 2 3 4 5 6 7 8 9 10 11 12 13 14 15 16
         Mode:  0 0 0 0 0 0 3 0 2 0 2 0 2 0 2 0
  i_eqv: 162
         src: 162-> dest: 162
         Perm:  1 2 3 4 5 6 7 8 9 10 11 12 13 14 15 16
         Mode:  0 0 0 0 0 0 3 0 2 0 2 0 2 0 2 0
  i_eqv: 163
         src: 163-> dest: 163
         Perm:  1 2 3 4 5 6 7 8 9 10 11 12 13 14 15 16
         Mode:  0 0 0 0 0 0 3 0 2 0 2 0 2 0 2 0
  i_eqv: 164
         src: 164-> dest: 164
         Perm:  1 2 3 4 5 6 7 8 9 10 11 12 13 14 15 16
         Mode:  0 0 0 0 0 0 3 0 2 0 2 0 2 0 2 0
  i_eqv: 165
         src: 165-> dest: 165
         Perm:  1 2 3 4 5 6 7 8 9 10 11 12 13 14 15 16
         Mode:  0 0 0 0 0 0 3 0 2 0 2 0 2 0 2 0
  i_eqv: 166
         src: 166-> dest: 166
         Perm:  1 2 3 4 5 6 7 8 9 10 11 12 13 14 15 16
         Mode:  0 0 0 0 0 0 3 0 2 0 2 0 2 0 2 0
  i_eqv: 167
         src: 167-> dest: 167
         Perm:  1 2 3 4 5 6 7 8 9 10 11 12 13 14 15 16
         Mode:  0 0 0 0 0 0 3 0 2 0 2 0 2 0 2 0
  i_eqv: 168
         src: 168-> dest: 168
         Perm:  1 2 3 4 5 6 7 8 9 10 11 12 13 14 15 16
         Mode:  0 0 0 0 0 0 3 0 2 0 2 0 2 0 2 0
  i_eqv: 169
         src: 169-> dest: 169
         Perm:  1 2 3 4 5 6 7 8 9 10 11 12 13 14 15 16
         Mode:  0 0 0 0 0 0 3 0 2 0 2 0 2 0 2 0
  i_eqv: 170
         src: 170-> dest: 170
         Perm:  1 2 3 4 5 6 7 8 9 10 11 12 13 14 15 16
         Mode:  0 0 0 0 0 0 3 0 2 0 2 0 2 0 2 0
  i_eqv: 171
         src: 171-> dest: 171
         Perm:  1 2 3 4 5 6 7 8 9 10 11 12 13 14 15 16
         Mode:  0 0 0 0 0 0 3 0 2 0 2 0 2 0 2 0
  i_eqv: 172
         src: 172-> dest: 172
         Perm:  1 2 3 4 5 6 7 8 9 10 11 12 13 14 15 16
         Mode:  0 0 0 0 0 0 3 0 2 0 2 0 2 0 2 0
  i_eqv: 173
         src: 173-> dest: 173
         Perm:  1 2 3 4 5 6 7 8 9 10 11 12 13 14 15 16
         Mode:  0 0 0 0 0 0 3 0 2 0 2 0 2 0 2 0
  i_eqv: 174
         src: 174-> dest: 174
         Perm:  1 2 3 4 5 6 7 8 9 10 11 12 13 14 15 16
         Mode:  0 0 0 0 0 0 3 0 2 0 2 0 2 0 2 0
  i_eqv: 175
         src: 175-> dest: 175
         Perm:  1 2 3 4 5 6 7 8 9 10 11 12 13 14 15 16
         Mode:  0 0 0 0 0 0 3 0 2 0 2 0 2 0 2 0
  i_eqv: 176
         src: 176-> dest: 176
         Perm:  1 2 3 4 5 6 7 8 9 10 11 12 13 14 15 16
         Mode:  0 0 0 0 0 0 3 0 2 0 2 0 2 0 2 0
  i_eqv: 177
         src: 177-> dest: 177
         Perm:  1 2 3 4 5 6 7 8 9 10 11 12 13 14 15 16
         Mode:  0 0 0 0 0 0 3 0 2 0 2 0 2 0 2 0
  i_eqv: 178
         src: 178-> dest: 178
         Perm:  1 2 3 4 5 6 7 8 9 10 11 12 13 14 15 16
         Mode:  0 0 0 0 0 0 3 0 2 0 2 0 2 0 2 0
  i_eqv: 179
         src: 179-> dest: 179
         Perm:  1 2 3 4 5 6 7 8 9 10 11 12 13 14 15 16
         Mode:  0 0 0 0 0 0 3 0 2 0 2 0 2 0 2 0
  i_eqv: 180
         src: 180-> dest: 180
         Perm:  1 2 3 4 5 6 7 8 9 10 11 12 13 14 15 16
         Mode:  0 0 0 0 0 0 3 0 2 0 2 0 2 0 2 0
  i_eqv: 181
         src: 181-> dest: 181
         Perm:  1 2 3 4 5 6 7 8 9 10 11 12 13 14 15 16
         Mode:  0 0 0 0 0 0 3 0 2 0 2 0 2 0 2 0
  i_eqv: 182
         src: 182-> dest: 182
         Perm:  1 2 3 4 5 6 7 8 9 10 11 12 13 14 15 16
         Mode:  0 0 0 0 0 0 3 0 2 0 2 0 2 0 2 0
  i_eqv: 183
         src: 183-> dest: 183
         Perm:  1 2 3 4 5 6 7 8 9 10 11 12 13 14 15 16
         Mode:  0 0 0 0 0 0 3 0 2 0 2 0 2 0 2 0
  i_eqv: 184
         src: 184-> dest: 184
         Perm:  1 2 3 4 5 6 7 8 9 10 11 12 13 14 15 16
         Mode:  0 0 0 0 0 0 3 0 2 0 2 0 2 0 2 0
  i_eqv: 185
         src: 185-> dest: 185
         Perm:  1 2 3 4 5 6 7 8 9 10 11 12 13 14 15 16
         Mode:  0 0 0 0 0 0 3 0 2 0 2 0 2 0 2 0
  i_eqv: 186
         src: 186-> dest: 186
         Perm:  1 2 3 4 5 6 7 8 9 10 11 12 13 14 15 16
         Mode:  0 0 0 0 0 0 3 0 2 0 2 0 2 0 2 0
  i_eqv: 187
         src: 187-> dest: 187
         Perm:  1 2 3 4 5 6 7 8 9 10 11 12 13 14 15 16
         Mode:  0 0 0 0 0 0 3 0 2 0 2 0 2 0 2 0
  i_eqv: 188
         src: 188-> dest: 188
         Perm:  1 2 3 4 5 6 7 8 9 10 11 12 13 14 15 16
         Mode:  0 0 0 0 0 0 3 0 2 0 2 0 2 0 2 0
  i_eqv: 189
         src: 189-> dest: 189
         Perm:  1 2 3 4 5 6 7 8 9 10 11 12 13 14 15 16
         Mode:  0 0 0 0 0 0 3 0 2 0 2 0 2 0 2 0
  i_eqv: 190
         src: 190-> dest: 190
         Perm:  1 2 3 4 5 6 7 8 9 10 11 12 13 14 15 16
         Mode:  0 0 0 0 0 0 3 0 2 0 2 0 2 0 2 0
  i_eqv: 191
         src: 191-> dest: 191
         Perm:  1 2 3 4 5 6 7 8 9 10 11 12 13 14 15 16
         Mode:  0 0 0 0 0 0 3 0 2 0 2 0 2 0 2 0
  i_eqv: 192
         src: 192-> dest: 192
         Perm:  1 2 3 4 5 6 7 8 9 10 11 12 13 14 15 16
         Mode:  0 0 0 0 0 0 3 0 2 0 2 0 2 0 2 0
  i_eqv: 193
         src: 193-> dest: 193
         Perm:  1 2 3 4 5 6 7 8 9 10 11 12 13 14 15 16
         Mode:  0 0 0 0 0 0 3 0 2 0 2 0 2 0 2 0
  i_eqv: 194
         src: 194-> dest: 194
         Perm:  1 2 3 4 5 6 7 8 9 10 11 12 13 14 15 16
         Mode:  0 0 0 0 0 0 3 0 2 0 2 0 2 0 2 0
  i_eqv: 195
         src: 195-> dest: 195
         Perm:  1 2 3 4 5 6 7 8 9 10 11 12 13 14 15 16
         Mode:  0 0 0 0 0 0 3 0 2 0 2 0 2 0 2 0
  i_eqv: 196
         src: 196-> dest: 196
         Perm:  1 2 3 4 5 6 7 8 9 10 11 12 13 14 15 16
         Mode:  0 0 0 0 0 0 3 0 2 0 2 0 2 0 2 0
  i_eqv: 197
         src: 197-> dest: 197
         Perm:  1 2 3 4 5 6 7 8 9 10 11 12 13 14 15 16
         Mode:  0 0 0 0 0 0 3 0 2 0 2 0 2 0 2 0
  i_eqv: 198
         src: 198-> dest: 198
         Perm:  1 2 3 4 5 6 7 8 9 10 11 12 13 14 15 16
         Mode:  0 0 0 0 0 0 3 0 2 0 2 0 2 0 2 0
  i_eqv: 199
         src: 199-> dest: 199
         Perm:  1 2 3 4 5 6 7 8 9 10 11 12 13 14 15 16
         Mode:  0 0 0 0 0 0 3 0 2 0 2 0 2 0 2 0
  i_eqv: 200
         src: 200-> dest: 200
         Perm:  1 2 3 4 5 6 7 8 9 10 11 12 13 14 15 16
         Mode:  0 0 0 0 0 0 3 0 2 0 2 0 2 0 2 0
  i_eqv: 201
         src: 201-> dest: 201
         Perm:  1 2 3 4 5 6 7 8 9 10 11 12 13 14 15 16
         Mode:  0 0 0 0 0 0 3 0 2 0 2 0 2 0 2 0
  i_eqv: 202
         src: 202-> dest: 202
         Perm:  1 2 3 4 5 6 7 8 9 10 11 12 13 14 15 16
         Mode:  0 0 0 0 0 0 3 0 2 0 2 0 2 0 2 0
  i_eqv: 203
         src: 203-> dest: 203
         Perm:  1 2 3 4 5 6 7 8 9 10 11 12 13 14 15 16
         Mode:  0 0 0 0 0 0 3 0 2 0 2 0 2 0 2 0
  i_eqv: 204
         src: 204-> dest: 204
         Perm:  1 2 3 4 5 6 7 8 9 10 11 12 13 14 15 16
         Mode:  0 0 0 0 0 0 3 0 2 0 2 0 2 0 2 0
  i_eqv: 205
         src: 205-> dest: 205
         Perm:  1 2 3 4 5 6 7 8 9 10 11 12 13 14 15 16
         Mode:  0 0 0 0 0 0 3 0 2 0 2 0 2 0 2 0
  i_eqv: 206
         src: 206-> dest: 206
         Perm:  1 2 3 4 5 6 7 8 9 10 11 12 13 14 15 16
         Mode:  0 0 0 0 0 0 3 0 2 0 2 0 2 0 2 0
  i_eqv: 207
         src: 207-> dest: 207
         Perm:  1 2 3 4 5 6 7 8 9 10 11 12 13 14 15 16
         Mode:  0 0 0 0 0 0 3 0 2 0 2 0 2 0 2 0
  i_eqv: 208
         src: 208-> dest: 208
         Perm:  1 2 3 4 5 6 7 8 9 10 11 12 13 14 15 16
         Mode:  0 0 0 0 0 0 3 0 2 0 2 0 2 0 2 0
  i_eqv: 209
         src: 209-> dest: 209
         Perm:  1 2 3 4 5 6 7 8 9 10 11 12 13 14 15 16
         Mode:  0 0 0 0 0 0 3 0 2 0 2 0 2 0 2 0
  i_eqv: 210
         src: 210-> dest: 210
         Perm:  1 2 3 4 5 6 7 8 9 10 11 12 13 14 15 16
         Mode:  0 0 0 0 0 0 3 0 2 0 2 0 2 0 2 0
  i_eqv: 211
         src: 211-> dest: 211
         Perm:  1 2 3 4 5 6 7 8 9 10 11 12 13 14 15 16
         Mode:  0 0 0 0 0 0 3 0 2 0 2 0 2 0 2 0
  i_eqv: 212
         src: 212-> dest: 212
         Perm:  1 2 3 4 5 6 7 8 9 10 11 12 13 14 15 16
         Mode:  0 0 0 0 0 0 3 0 2 0 2 0 2 0 2 0
  i_eqv: 213
         src: 213-> dest: 213
         Perm:  1 2 3 4 5 6 7 8 9 10 11 12 13 14 15 16
         Mode:  0 0 0 0 0 0 3 0 2 0 2 0 2 0 2 0
  i_eqv: 214
         src: 214-> dest: 214
         Perm:  1 2 3 4 5 6 7 8 9 10 11 12 13 14 15 16
         Mode:  0 0 0 0 0 0 3 0 2 0 2 0 2 0 2 0
  i_eqv: 215
         src: 215-> dest: 215
         Perm:  1 2 3 4 5 6 7 8 9 10 11 12 13 14 15 16
         Mode:  0 0 0 0 0 0 3 0 2 0 2 0 2 0 2 0
  i_eqv: 216
         src: 216-> dest: 216
         Perm:  1 2 3 4 5 6 7 8 9 10 11 12 13 14 15 16
         Mode:  0 0 0 0 0 0 3 0 2 0 2 0 2 0 2 0
  i_eqv: 217
         src: 217-> dest: 217
         Perm:  1 2 3 4 5 6 7 8 9 10 11 12 13 14 15 16
         Mode:  0 0 0 0 0 0 3 0 2 0 2 0 2 0 2 0
  i_eqv: 218
         src: 218-> dest: 218
         Perm:  1 2 3 4 5 6 7 8 9 10 11 12 13 14 15 16
         Mode:  0 0 0 0 0 0 3 0 2 0 2 0 2 0 2 0
  i_eqv: 219
         src: 219-> dest: 219
         Perm:  1 2 3 4 5 6 7 8 9 10 11 12 13 14 15 16
         Mode:  0 0 0 0 0 0 3 0 2 0 2 0 2 0 2 0
  i_eqv: 220
         src: 220-> dest: 220
         Perm:  1 2 3 4 5 6 7 8 9 10 11 12 13 14 15 16
         Mode:  0 0 0 0 0 0 3 0 2 0 2 0 2 0 2 0
  i_eqv: 221
         src: 221-> dest: 221
         Perm:  1 2 3 4 5 6 7 8 9 10 11 12 13 14 15 16
         Mode:  0 0 0 0 0 0 3 0 2 0 2 0 2 0 2 0
  i_eqv: 222
         src: 222-> dest: 222
         Perm:  1 2 3 4 5 6 7 8 9 10 11 12 13 14 15 16
         Mode:  0 0 0 0 0 0 3 0 2 0 2 0 2 0 2 0
  i_eqv: 223
         src: 223-> dest: 223
         Perm:  1 2 3 4 5 6 7 8 9 10 11 12 13 14 15 16
         Mode:  0 0 0 0 0 0 3 0 2 0 2 0 2 0 2 0
  i_eqv: 224
         src: 224-> dest: 224
         Perm:  1 2 3 4 5 6 7 8 9 10 11 12 13 14 15 16
         Mode:  0 0 0 0 0 0 3 0 2 0 2 0 2 0 2 0
  i_eqv: 225
         src: 225-> dest: 225
         Perm:  1 2 3 4 5 6 7 8 9 10 11 12 13 14 15 16
         Mode:  0 0 0 0 0 0 3 0 2 0 2 0 2 0 2 0
  i_eqv: 226
         src: 226-> dest: 226
         Perm:  1 2 3 4 5 6 7 8 9 10 11 12 13 14 15 16
         Mode:  0 0 0 0 0 0 3 0 2 0 2 0 2 0 2 0
  i_eqv: 227
         src: 227-> dest: 227
         Perm:  1 2 3 4 5 6 7 8 9 10 11 12 13 14 15 16
         Mode:  0 0 0 0 0 0 3 0 2 0 2 0 2 0 2 0
  i_eqv: 228
         src: 228-> dest: 228
         Perm:  1 2 3 4 5 6 7 8 9 10 11 12 13 14 15 16
         Mode:  0 0 0 0 0 0 3 0 2 0 2 0 2 0 2 0
  i_eqv: 229
         src: 229-> dest: 229
         Perm:  1 2 3 4 5 6 7 8 9 10 11 12 13 14 15 16
         Mode:  0 0 0 0 0 0 3 0 2 0 2 0 2 0 2 0
  i_eqv: 230
         src: 230-> dest: 230
         Perm:  1 2 3 4 5 6 7 8 9 10 11 12 13 14 15 16
         Mode:  0 0 0 0 0 0 3 0 2 0 2 0 2 0 2 0
  i_eqv: 231
         src: 231-> dest: 231
         Perm:  1 2 3 4 5 6 7 8 9 10 11 12 13 14 15 16
         Mode:  0 0 0 0 0 0 3 0 2 0 2 0 2 0 2 0
  i_eqv: 232
         src: 232-> dest: 232
         Perm:  1 2 3 4 5 6 7 8 9 10 11 12 13 14 15 16
         Mode:  0 0 0 0 0 0 3 0 2 0 2 0 2 0 2 0
  i_eqv: 233
         src: 233-> dest: 233
         Perm:  1 2 3 4 5 6 7 8 9 10 11 12 13 14 15 16
         Mode:  0 0 0 0 0 0 3 0 2 0 2 0 2 0 2 0
  i_eqv: 234
         src: 234-> dest: 234
         Perm:  1 2 3 4 5 6 7 8 9 10 11 12 13 14 15 16
         Mode:  0 0 0 0 0 0 3 0 2 0 2 0 2 0 2 0
  i_eqv: 235
         src: 235-> dest: 235
         Perm:  1 2 3 4 5 6 7 8 9 10 11 12 13 14 15 16
         Mode:  0 0 0 0 0 0 3 0 2 0 2 0 2 0 2 0
  i_eqv: 236
         src: 236-> dest: 236
         Perm:  1 2 3 4 5 6 7 8 9 10 11 12 13 14 15 16
         Mode:  0 0 0 0 0 0 3 0 2 0 2 0 2 0 2 0
  i_eqv: 237
         src: 237-> dest: 237
         Perm:  1 2 3 4 5 6 7 8 9 10 11 12 13 14 15 16
         Mode:  0 0 0 0 0 0 3 0 2 0 2 0 2 0 2 0
  i_eqv: 238
         src: 238-> dest: 238
         Perm:  1 2 3 4 5 6 7 8 9 10 11 12 13 14 15 16
         Mode:  0 0 0 0 0 0 3 0 2 0 2 0 2 0 2 0
  i_eqv: 239
         src: 239-> dest: 239
         Perm:  1 2 3 4 5 6 7 8 9 10 11 12 13 14 15 16
         Mode:  0 0 0 0 0 0 3 0 2 0 2 0 2 0 2 0
  i_eqv: 240
         src: 240-> dest: 240
         Perm:  1 2 3 4 5 6 7 8 9 10 11 12 13 14 15 16
         Mode:  0 0 0 0 0 0 3 0 2 0 2 0 2 0 2 0
  i_eqv: 241
         src: 241-> dest: 241
         Perm:  1 2 3 4 5 6 7 8 9 10 11 12 13 14 15 16
         Mode:  0 0 0 0 0 0 3 0 2 0 2 0 2 0 2 0
  i_eqv: 242
         src: 242-> dest: 242
         Perm:  1 2 3 4 5 6 7 8 9 10 11 12 13 14 15 16
         Mode:  0 0 0 0 0 0 3 0 2 0 2 0 2 0 2 0
  i_eqv: 243
         src: 243-> dest: 243
         Perm:  1 2 3 4 5 6 7 8 9 10 11 12 13 14 15 16
         Mode:  0 0 0 0 0 0 3 0 2 0 2 0 2 0 2 0
  i_eqv: 244
         src: 244-> dest: 244
         Perm:  1 2 3 4 5 6 7 8 9 10 11 12 13 14 15 16
         Mode:  0 0 0 0 0 0 3 0 2 0 2 0 2 0 2 0
  i_eqv: 245
         src: 245-> dest: 245
         Perm:  1 2 3 4 5 6 7 8 9 10 11 12 13 14 15 16
         Mode:  0 0 0 0 0 0 3 0 2 0 2 0 2 0 2 0
  i_eqv: 246
         src: 246-> dest: 245
         Perm:  1 2 3 4 5 6 7 8 9 10 11 12 13 14 15 16
         Mode:  0 0 0 0 0 0 3 0 2 0 2 0 2 0 2 0
  i_eqv: 247
         src: 245-> dest: 246
         Perm:  1 2 3 4 5 6 7 8 9 10 11 12 13 14 15 16
         Mode:  0 0 0 0 0 0 3 0 2 0 2 0 2 0 2 0
  i_eqv: 248
         src: 246-> dest: 246
         Perm:  1 2 3 4 5 6 7 8 9 10 11 12 13 14 15 16
         Mode:  0 0 0 0 0 0 3 0 2 0 2 0 2 0 2 0
  i_eqv: 249
         src: 247-> dest: 247
         Perm:  1 2 3 4 5 6 7 8 9 10 11 12 13 14 15 16
         Mode:  0 0 0 0 0 0 3 0 2 0 2 0 2 0 2 0
  i_eqv: 250
         src: 252-> dest: 247
         Perm:  1 2 3 4 5 6 7 8 9 10 11 12 13 14 15 16
         Mode:  0 0 0 0 0 0 3 0 2 0 2 0 2 0 2 0
  i_eqv: 251
         src: 248-> dest: 248
         Perm:  1 2 3 4 5 6 7 8 9 10 11 12 13 14 15 16
         Mode:  0 0 0 0 0 0 3 0 2 0 2 0 2 0 2 0
  i_eqv: 252
         src: 253-> dest: 248
         Perm:  1 2 3 4 5 6 7 8 9 10 11 12 13 14 15 16
         Mode:  0 0 0 0 0 0 3 0 2 0 2 0 2 0 2 0
  i_eqv: 253
         src: 249-> dest: 249
         Perm:  1 2 3 4 5 6 7 8 9 10 11 12 13 14 15 16
         Mode:  0 0 0 0 0 0 3 0 2 0 2 0 2 0 2 0
  i_eqv: 254
         src: 254-> dest: 249
         Perm:  1 2 3 4 5 6 7 8 9 10 11 12 13 14 15 16
         Mode:  0 0 0 0 0 0 3 0 2 0 2 0 2 0 2 0
  i_eqv: 255
         src: 250-> dest: 250
         Perm:  1 2 3 4 5 6 7 8 9 10 11 12 13 14 15 16
         Mode:  0 0 0 0 0 0 3 0 2 0 2 0 2 0 2 0
  i_eqv: 256
         src: 255-> dest: 250
         Perm:  1 2 3 4 5 6 7 8 9 10 11 12 13 14 15 16
         Mode:  0 0 0 0 0 0 3 0 2 0 2 0 2 0 2 0
  i_eqv: 257
         src: 251-> dest: 251
         Perm:  1 2 3 4 5 6 7 8 9 10 11 12 13 14 15 16
         Mode:  0 0 0 0 0 0 3 0 2 0 2 0 2 0 2 0
  i_eqv: 258
         src: 256-> dest: 251
         Perm:  1 2 3 4 5 6 7 8 9 10 11 12 13 14 15 16
         Mode:  0 0 0 0 0 0 3 0 2 0 2 0 2 0 2 0
  i_eqv: 259
         src: 247-> dest: 252
         Perm:  1 2 3 4 5 6 7 8 9 10 11 12 13 14 15 16
         Mode:  0 0 0 0 0 0 3 0 2 0 2 0 2 0 2 0
  i_eqv: 260
         src: 252-> dest: 252
         Perm:  1 2 3 4 5 6 7 8 9 10 11 12 13 14 15 16
         Mode:  0 0 0 0 0 0 3 0 2 0 2 0 2 0 2 0
  i_eqv: 261
         src: 248-> dest: 253
         Perm:  1 2 3 4 5 6 7 8 9 10 11 12 13 14 15 16
         Mode:  0 0 0 0 0 0 3 0 2 0 2 0 2 0 2 0
  i_eqv: 262
         src: 253-> dest: 253
         Perm:  1 2 3 4 5 6 7 8 9 10 11 12 13 14 15 16
         Mode:  0 0 0 0 0 0 3 0 2 0 2 0 2 0 2 0
  i_eqv: 263
         src: 249-> dest: 254
         Perm:  1 2 3 4 5 6 7 8 9 10 11 12 13 14 15 16
         Mode:  0 0 0 0 0 0 3 0 2 0 2 0 2 0 2 0
  i_eqv: 264
         src: 254-> dest: 254
         Perm:  1 2 3 4 5 6 7 8 9 10 11 12 13 14 15 16
         Mode:  0 0 0 0 0 0 3 0 2 0 2 0 2 0 2 0
  i_eqv: 265
         src: 250-> dest: 255
         Perm:  1 2 3 4 5 6 7 8 9 10 11 12 13 14 15 16
         Mode:  0 0 0 0 0 0 3 0 2 0 2 0 2 0 2 0
  i_eqv: 266
         src: 255-> dest: 255
         Perm:  1 2 3 4 5 6 7 8 9 10 11 12 13 14 15 16
         Mode:  0 0 0 0 0 0 3 0 2 0 2 0 2 0 2 0
  i_eqv: 267
         src: 251-> dest: 256
         Perm:  1 2 3 4 5 6 7 8 9 10 11 12 13 14 15 16
         Mode:  0 0 0 0 0 0 3 0 2 0 2 0 2 0 2 0
  i_eqv: 268
         src: 256-> dest: 256
         Perm:  1 2 3 4 5 6 7 8 9 10 11 12 13 14 15 16
         Mode:  0 0 0 0 0 0 3 0 2 0 2 0 2 0 2 0
  i_eqv: 269
         src: 257-> dest: 257
         Perm:  1 2 3 4 5 6 7 8 9 10 11 12 13 14 15 16
         Mode:  0 0 0 0 0 0 3 0 2 0 2 0 2 0 2 0
  i_eqv: 270
         src: 263-> dest: 257
         Perm:  1 2 3 4 5 6 7 8 9 10 11 12 13 14 15 16
         Mode:  0 0 0 0 0 0 3 0 2 0 2 0 2 0 2 0
  i_eqv: 271
         src: 258-> dest: 258
         Perm:  1 2 3 4 5 6 7 8 9 10 11 12 13 14 15 16
         Mode:  0 0 0 0 0 0 3 0 2 0 2 0 2 0 2 0
  i_eqv: 272
         src: 264-> dest: 258
         Perm:  1 2 3 4 5 6 7 8 9 10 11 12 13 14 15 16
         Mode:  0 0 0 0 0 0 3 0 2 0 2 0 2 0 2 0
  i_eqv: 273
         src: 259-> dest: 259
         Perm:  1 2 3 4 5 6 7 8 9 10 11 12 13 14 15 16
         Mode:  0 0 0 0 0 0 3 0 2 0 2 0 2 0 2 0
  i_eqv: 274
         src: 265-> dest: 259
         Perm:  1 2 3 4 5 6 7 8 9 10 11 12 13 14 15 16
         Mode:  0 0 0 0 0 0 3 0 2 0 2 0 2 0 2 0
  i_eqv: 275
         src: 260-> dest: 260
         Perm:  1 2 3 4 5 6 7 8 9 10 11 12 13 14 15 16
         Mode:  0 0 0 0 0 0 3 0 2 0 2 0 2 0 2 0
  i_eqv: 276
         src: 266-> dest: 260
         Perm:  1 2 3 4 5 6 7 8 9 10 11 12 13 14 15 16
         Mode:  0 0 0 0 0 0 3 0 2 0 2 0 2 0 2 0
  i_eqv: 277
         src: 261-> dest: 261
         Perm:  1 2 3 4 5 6 7 8 9 10 11 12 13 14 15 16
         Mode:  0 0 0 0 0 0 3 0 2 0 2 0 2 0 2 0
  i_eqv: 278
         src: 267-> dest: 261
         Perm:  1 2 3 4 5 6 7 8 9 10 11 12 13 14 15 16
         Mode:  0 0 0 0 0 0 3 0 2 0 2 0 2 0 2 0
  i_eqv: 279
         src: 262-> dest: 262
         Perm:  1 2 3 4 5 6 7 8 9 10 11 12 13 14 15 16
         Mode:  0 0 0 0 0 0 3 0 2 0 2 0 2 0 2 0
  i_eqv: 280
         src: 268-> dest: 262
         Perm:  1 2 3 4 5 6 7 8 9 10 11 12 13 14 15 16
         Mode:  0 0 0 0 0 0 3 0 2 0 2 0 2 0 2 0
  i_eqv: 281
         src: 257-> dest: 263
         Perm:  1 2 3 4 5 6 7 8 9 10 11 12 13 14 15 16
         Mode:  0 0 0 0 0 0 3 0 2 0 2 0 2 0 2 0
  i_eqv: 282
         src: 263-> dest: 263
         Perm:  1 2 3 4 5 6 7 8 9 10 11 12 13 14 15 16
         Mode:  0 0 0 0 0 0 3 0 2 0 2 0 2 0 2 0
  i_eqv: 283
         src: 258-> dest: 264
         Perm:  1 2 3 4 5 6 7 8 9 10 11 12 13 14 15 16
         Mode:  0 0 0 0 0 0 3 0 2 0 2 0 2 0 2 0
  i_eqv: 284
         src: 264-> dest: 264
         Perm:  1 2 3 4 5 6 7 8 9 10 11 12 13 14 15 16
         Mode:  0 0 0 0 0 0 3 0 2 0 2 0 2 0 2 0
  i_eqv: 285
         src: 259-> dest: 265
         Perm:  1 2 3 4 5 6 7 8 9 10 11 12 13 14 15 16
         Mode:  0 0 0 0 0 0 3 0 2 0 2 0 2 0 2 0
  i_eqv: 286
         src: 265-> dest: 265
         Perm:  1 2 3 4 5 6 7 8 9 10 11 12 13 14 15 16
         Mode:  0 0 0 0 0 0 3 0 2 0 2 0 2 0 2 0
  i_eqv: 287
         src: 260-> dest: 266
         Perm:  1 2 3 4 5 6 7 8 9 10 11 12 13 14 15 16
         Mode:  0 0 0 0 0 0 3 0 2 0 2 0 2 0 2 0
  i_eqv: 288
         src: 266-> dest: 266
         Perm:  1 2 3 4 5 6 7 8 9 10 11 12 13 14 15 16
         Mode:  0 0 0 0 0 0 3 0 2 0 2 0 2 0 2 0
  i_eqv: 289
         src: 261-> dest: 267
         Perm:  1 2 3 4 5 6 7 8 9 10 11 12 13 14 15 16
         Mode:  0 0 0 0 0 0 3 0 2 0 2 0 2 0 2 0
  i_eqv: 290
         src: 267-> dest: 267
         Perm:  1 2 3 4 5 6 7 8 9 10 11 12 13 14 15 16
         Mode:  0 0 0 0 0 0 3 0 2 0 2 0 2 0 2 0
  i_eqv: 291
         src: 262-> dest: 268
         Perm:  1 2 3 4 5 6 7 8 9 10 11 12 13 14 15 16
         Mode:  0 0 0 0 0 0 3 0 2 0 2 0 2 0 2 0
  i_eqv: 292
         src: 268-> dest: 268
         Perm:  1 2 3 4 5 6 7 8 9 10 11 12 13 14 15 16
         Mode:  0 0 0 0 0 0 3 0 2 0 2 0 2 0 2 0
  i_eqv: 293
         src: 269-> dest: 269
         Perm:  1 2 3 4 5 6 7 8 9 10 11 12 13 14 15 16
         Mode:  0 0 0 0 0 0 3 0 2 0 2 0 2 0 2 0
  i_eqv: 294
         src: 274-> dest: 269
         Perm:  1 2 3 4 5 6 7 8 9 10 11 12 13 14 15 16
         Mode:  0 0 0 0 0 0 3 0 2 0 2 0 2 0 2 0
  i_eqv: 295
         src: 270-> dest: 270
         Perm:  1 2 3 4 5 6 7 8 9 10 11 12 13 14 15 16
         Mode:  0 0 0 0 0 0 3 0 2 0 2 0 2 0 2 0
  i_eqv: 296
         src: 275-> dest: 270
         Perm:  1 2 3 4 5 6 7 8 9 10 11 12 13 14 15 16
         Mode:  0 0 0 0 0 0 3 0 2 0 2 0 2 0 2 0
  i_eqv: 297
         src: 271-> dest: 271
         Perm:  1 2 3 4 5 6 7 8 9 10 11 12 13 14 15 16
         Mode:  0 0 0 0 0 0 3 0 2 0 2 0 2 0 2 0
  i_eqv: 298
         src: 276-> dest: 271
         Perm:  1 2 3 4 5 6 7 8 9 10 11 12 13 14 15 16
         Mode:  0 0 0 0 0 0 3 0 2 0 2 0 2 0 2 0
  i_eqv: 299
         src: 272-> dest: 272
         Perm:  1 2 3 4 5 6 7 8 9 10 11 12 13 14 15 16
         Mode:  0 0 0 0 0 0 3 0 2 0 2 0 2 0 2 0
  i_eqv: 300
         src: 277-> dest: 272
         Perm:  1 2 3 4 5 6 7 8 9 10 11 12 13 14 15 16
         Mode:  0 0 0 0 0 0 3 0 2 0 2 0 2 0 2 0
  i_eqv: 301
         src: 273-> dest: 273
         Perm:  1 2 3 4 5 6 7 8 9 10 11 12 13 14 15 16
         Mode:  0 0 0 0 0 0 3 0 2 0 2 0 2 0 2 0
  i_eqv: 302
         src: 278-> dest: 273
         Perm:  1 2 3 4 5 6 7 8 9 10 11 12 13 14 15 16
         Mode:  0 0 0 0 0 0 3 0 2 0 2 0 2 0 2 0
  i_eqv: 303
         src: 269-> dest: 274
         Perm:  1 2 3 4 5 6 7 8 9 10 11 12 13 14 15 16
         Mode:  0 0 0 0 0 0 3 0 2 0 2 0 2 0 2 0
  i_eqv: 304
         src: 274-> dest: 274
         Perm:  1 2 3 4 5 6 7 8 9 10 11 12 13 14 15 16
         Mode:  0 0 0 0 0 0 3 0 2 0 2 0 2 0 2 0
  i_eqv: 305
         src: 270-> dest: 275
         Perm:  1 2 3 4 5 6 7 8 9 10 11 12 13 14 15 16
         Mode:  0 0 0 0 0 0 3 0 2 0 2 0 2 0 2 0
  i_eqv: 306
         src: 275-> dest: 275
         Perm:  1 2 3 4 5 6 7 8 9 10 11 12 13 14 15 16
         Mode:  0 0 0 0 0 0 3 0 2 0 2 0 2 0 2 0
  i_eqv: 307
         src: 271-> dest: 276
         Perm:  1 2 3 4 5 6 7 8 9 10 11 12 13 14 15 16
         Mode:  0 0 0 0 0 0 3 0 2 0 2 0 2 0 2 0
  i_eqv: 308
         src: 276-> dest: 276
         Perm:  1 2 3 4 5 6 7 8 9 10 11 12 13 14 15 16
         Mode:  0 0 0 0 0 0 3 0 2 0 2 0 2 0 2 0
  i_eqv: 309
         src: 272-> dest: 277
         Perm:  1 2 3 4 5 6 7 8 9 10 11 12 13 14 15 16
         Mode:  0 0 0 0 0 0 3 0 2 0 2 0 2 0 2 0
  i_eqv: 310
         src: 277-> dest: 277
         Perm:  1 2 3 4 5 6 7 8 9 10 11 12 13 14 15 16
         Mode:  0 0 0 0 0 0 3 0 2 0 2 0 2 0 2 0
  i_eqv: 311
         src: 273-> dest: 278
         Perm:  1 2 3 4 5 6 7 8 9 10 11 12 13 14 15 16
         Mode:  0 0 0 0 0 0 3 0 2 0 2 0 2 0 2 0
  i_eqv: 312
         src: 278-> dest: 278
         Perm:  1 2 3 4 5 6 7 8 9 10 11 12 13 14 15 16
         Mode:  0 0 0 0 0 0 3 0 2 0 2 0 2 0 2 0
  i_eqv: 313
         src: 279-> dest: 279
         Perm:  1 2 3 4 5 6 7 8 9 10 11 12 13 14 15 16
         Mode:  0 0 0 0 0 0 3 0 2 0 2 0 2 0 2 0
  i_eqv: 314
         src: 285-> dest: 279
         Perm:  1 2 3 4 5 6 7 8 9 10 11 12 13 14 15 16
         Mode:  0 0 0 0 0 0 3 0 2 0 2 0 2 0 2 0
  i_eqv: 315
         src: 280-> dest: 280
         Perm:  1 2 3 4 5 6 7 8 9 10 11 12 13 14 15 16
         Mode:  0 0 0 0 0 0 3 0 2 0 2 0 2 0 2 0
  i_eqv: 316
         src: 286-> dest: 280
         Perm:  1 2 3 4 5 6 7 8 9 10 11 12 13 14 15 16
         Mode:  0 0 0 0 0 0 3 0 2 0 2 0 2 0 2 0
  i_eqv: 317
         src: 281-> dest: 281
         Perm:  1 2 3 4 5 6 7 8 9 10 11 12 13 14 15 16
         Mode:  0 0 0 0 0 0 3 0 2 0 2 0 2 0 2 0
  i_eqv: 318
         src: 287-> dest: 281
         Perm:  1 2 3 4 5 6 7 8 9 10 11 12 13 14 15 16
         Mode:  0 0 0 0 0 0 3 0 2 0 2 0 2 0 2 0
  i_eqv: 319
         src: 282-> dest: 282
         Perm:  1 2 3 4 5 6 7 8 9 10 11 12 13 14 15 16
         Mode:  0 0 0 0 0 0 3 0 2 0 2 0 2 0 2 0
  i_eqv: 320
         src: 288-> dest: 282
         Perm:  1 2 3 4 5 6 7 8 9 10 11 12 13 14 15 16
         Mode:  0 0 0 0 0 0 3 0 2 0 2 0 2 0 2 0
  i_eqv: 321
         src: 283-> dest: 283
         Perm:  1 2 3 4 5 6 7 8 9 10 11 12 13 14 15 16
         Mode:  0 0 0 0 0 0 3 0 2 0 2 0 2 0 2 0
  i_eqv: 322
         src: 289-> dest: 283
         Perm:  1 2 3 4 5 6 7 8 9 10 11 12 13 14 15 16
         Mode:  0 0 0 0 0 0 3 0 2 0 2 0 2 0 2 0
  i_eqv: 323
         src: 284-> dest: 284
         Perm:  1 2 3 4 5 6 7 8 9 10 11 12 13 14 15 16
         Mode:  0 0 0 0 0 0 3 0 2 0 2 0 2 0 2 0
  i_eqv: 324
         src: 290-> dest: 284
         Perm:  1 2 3 4 5 6 7 8 9 10 11 12 13 14 15 16
         Mode:  0 0 0 0 0 0 3 0 2 0 2 0 2 0 2 0
  i_eqv: 325
         src: 279-> dest: 285
         Perm:  1 2 3 4 5 6 7 8 9 10 11 12 13 14 15 16
         Mode:  0 0 0 0 0 0 3 0 2 0 2 0 2 0 2 0
  i_eqv: 326
         src: 285-> dest: 285
         Perm:  1 2 3 4 5 6 7 8 9 10 11 12 13 14 15 16
         Mode:  0 0 0 0 0 0 3 0 2 0 2 0 2 0 2 0
  i_eqv: 327
         src: 280-> dest: 286
         Perm:  1 2 3 4 5 6 7 8 9 10 11 12 13 14 15 16
         Mode:  0 0 0 0 0 0 3 0 2 0 2 0 2 0 2 0
  i_eqv: 328
         src: 286-> dest: 286
         Perm:  1 2 3 4 5 6 7 8 9 10 11 12 13 14 15 16
         Mode:  0 0 0 0 0 0 3 0 2 0 2 0 2 0 2 0
  i_eqv: 329
         src: 281-> dest: 287
         Perm:  1 2 3 4 5 6 7 8 9 10 11 12 13 14 15 16
         Mode:  0 0 0 0 0 0 3 0 2 0 2 0 2 0 2 0
  i_eqv: 330
         src: 287-> dest: 287
         Perm:  1 2 3 4 5 6 7 8 9 10 11 12 13 14 15 16
         Mode:  0 0 0 0 0 0 3 0 2 0 2 0 2 0 2 0
  i_eqv: 331
         src: 282-> dest: 288
         Perm:  1 2 3 4 5 6 7 8 9 10 11 12 13 14 15 16
         Mode:  0 0 0 0 0 0 3 0 2 0 2 0 2 0 2 0
  i_eqv: 332
         src: 288-> dest: 288
         Perm:  1 2 3 4 5 6 7 8 9 10 11 12 13 14 15 16
         Mode:  0 0 0 0 0 0 3 0 2 0 2 0 2 0 2 0
  i_eqv: 333
         src: 283-> dest: 289
         Perm:  1 2 3 4 5 6 7 8 9 10 11 12 13 14 15 16
         Mode:  0 0 0 0 0 0 3 0 2 0 2 0 2 0 2 0
  i_eqv: 334
         src: 289-> dest: 289
         Perm:  1 2 3 4 5 6 7 8 9 10 11 12 13 14 15 16
         Mode:  0 0 0 0 0 0 3 0 2 0 2 0 2 0 2 0
  i_eqv: 335
         src: 284-> dest: 290
         Perm:  1 2 3 4 5 6 7 8 9 10 11 12 13 14 15 16
         Mode:  0 0 0 0 0 0 3 0 2 0 2 0 2 0 2 0
  i_eqv: 336
         src: 290-> dest: 290
         Perm:  1 2 3 4 5 6 7 8 9 10 11 12 13 14 15 16
         Mode:  0 0 0 0 0 0 3 0 2 0 2 0 2 0 2 0
  i_eqv: 337
         src: 291-> dest: 291
         Perm:  1 2 3 4 5 6 7 8 9 10 11 12 13 14 15 16
         Mode:  0 0 0 0 0 0 3 0 2 0 2 0 2 0 2 0
  i_eqv: 338
         src: 299-> dest: 291
         Perm:  1 2 3 4 5 6 7 8 9 10 11 12 13 14 15 16
         Mode:  0 0 0 0 0 0 3 0 2 0 2 0 2 0 2 0
  i_eqv: 339
         src: 292-> dest: 292
         Perm:  1 2 3 4 5 6 7 8 9 10 11 12 13 14 15 16
         Mode:  0 0 0 0 0 0 3 0 2 0 2 0 2 0 2 0
  i_eqv: 340
         src: 300-> dest: 292
         Perm:  1 2 3 4 5 6 7 8 9 10 11 12 13 14 15 16
         Mode:  0 0 0 0 0 0 3 0 2 0 2 0 2 0 2 0
  i_eqv: 341
         src: 293-> dest: 293
         Perm:  1 2 3 4 5 6 7 8 9 10 11 12 13 14 15 16
         Mode:  0 0 0 0 0 0 3 0 2 0 2 0 2 0 2 0
  i_eqv: 342
         src: 301-> dest: 293
         Perm:  1 2 3 4 5 6 7 8 9 10 11 12 13 14 15 16
         Mode:  0 0 0 0 0 0 3 0 2 0 2 0 2 0 2 0
  i_eqv: 343
         src: 294-> dest: 294
         Perm:  1 2 3 4 5 6 7 8 9 10 11 12 13 14 15 16
         Mode:  0 0 0 0 0 0 3 0 2 0 2 0 2 0 2 0
  i_eqv: 344
         src: 302-> dest: 294
         Perm:  1 2 3 4 5 6 7 8 9 10 11 12 13 14 15 16
         Mode:  0 0 0 0 0 0 3 0 2 0 2 0 2 0 2 0
  i_eqv: 345
         src: 295-> dest: 295
         Perm:  1 2 3 4 5 6 7 8 9 10 11 12 13 14 15 16
         Mode:  0 0 0 0 0 0 3 0 2 0 2 0 2 0 2 0
  i_eqv: 346
         src: 303-> dest: 295
         Perm:  1 2 3 4 5 6 7 8 9 10 11 12 13 14 15 16
         Mode:  0 0 0 0 0 0 3 0 2 0 2 0 2 0 2 0
  i_eqv: 347
         src: 296-> dest: 296
         Perm:  1 2 3 4 5 6 7 8 9 10 11 12 13 14 15 16
         Mode:  0 0 0 0 0 0 3 0 2 0 2 0 2 0 2 0
  i_eqv: 348
         src: 304-> dest: 296
         Perm:  1 2 3 4 5 6 7 8 9 10 11 12 13 14 15 16
         Mode:  0 0 0 0 0 0 3 0 2 0 2 0 2 0 2 0
  i_eqv: 349
         src: 297-> dest: 297
         Perm:  1 2 3 4 5 6 7 8 9 10 11 12 13 14 15 16
         Mode:  0 0 0 0 0 0 3 0 2 0 2 0 2 0 2 0
  i_eqv: 350
         src: 305-> dest: 297
         Perm:  1 2 3 4 5 6 7 8 9 10 11 12 13 14 15 16
         Mode:  0 0 0 0 0 0 3 0 2 0 2 0 2 0 2 0
  i_eqv: 351
         src: 298-> dest: 298
         Perm:  1 2 3 4 5 6 7 8 9 10 11 12 13 14 15 16
         Mode:  0 0 0 0 0 0 3 0 2 0 2 0 2 0 2 0
  i_eqv: 352
         src: 306-> dest: 298
         Perm:  1 2 3 4 5 6 7 8 9 10 11 12 13 14 15 16
         Mode:  0 0 0 0 0 0 3 0 2 0 2 0 2 0 2 0
  i_eqv: 353
         src: 291-> dest: 299
         Perm:  1 2 3 4 5 6 7 8 9 10 11 12 13 14 15 16
         Mode:  0 0 0 0 0 0 3 0 2 0 2 0 2 0 2 0
  i_eqv: 354
         src: 299-> dest: 299
         Perm:  1 2 3 4 5 6 7 8 9 10 11 12 13 14 15 16
         Mode:  0 0 0 0 0 0 3 0 2 0 2 0 2 0 2 0
  i_eqv: 355
         src: 292-> dest: 300
         Perm:  1 2 3 4 5 6 7 8 9 10 11 12 13 14 15 16
         Mode:  0 0 0 0 0 0 3 0 2 0 2 0 2 0 2 0
  i_eqv: 356
         src: 300-> dest: 300
         Perm:  1 2 3 4 5 6 7 8 9 10 11 12 13 14 15 16
         Mode:  0 0 0 0 0 0 3 0 2 0 2 0 2 0 2 0
  i_eqv: 357
         src: 293-> dest: 301
         Perm:  1 2 3 4 5 6 7 8 9 10 11 12 13 14 15 16
         Mode:  0 0 0 0 0 0 3 0 2 0 2 0 2 0 2 0
  i_eqv: 358
         src: 301-> dest: 301
         Perm:  1 2 3 4 5 6 7 8 9 10 11 12 13 14 15 16
         Mode:  0 0 0 0 0 0 3 0 2 0 2 0 2 0 2 0
  i_eqv: 359
         src: 294-> dest: 302
         Perm:  1 2 3 4 5 6 7 8 9 10 11 12 13 14 15 16
         Mode:  0 0 0 0 0 0 3 0 2 0 2 0 2 0 2 0
  i_eqv: 360
         src: 302-> dest: 302
         Perm:  1 2 3 4 5 6 7 8 9 10 11 12 13 14 15 16
         Mode:  0 0 0 0 0 0 3 0 2 0 2 0 2 0 2 0
  i_eqv: 361
         src: 295-> dest: 303
         Perm:  1 2 3 4 5 6 7 8 9 10 11 12 13 14 15 16
         Mode:  0 0 0 0 0 0 3 0 2 0 2 0 2 0 2 0
  i_eqv: 362
         src: 303-> dest: 303
         Perm:  1 2 3 4 5 6 7 8 9 10 11 12 13 14 15 16
         Mode:  0 0 0 0 0 0 3 0 2 0 2 0 2 0 2 0
  i_eqv: 363
         src: 296-> dest: 304
         Perm:  1 2 3 4 5 6 7 8 9 10 11 12 13 14 15 16
         Mode:  0 0 0 0 0 0 3 0 2 0 2 0 2 0 2 0
  i_eqv: 364
         src: 304-> dest: 304
         Perm:  1 2 3 4 5 6 7 8 9 10 11 12 13 14 15 16
         Mode:  0 0 0 0 0 0 3 0 2 0 2 0 2 0 2 0
  i_eqv: 365
         src: 297-> dest: 305
         Perm:  1 2 3 4 5 6 7 8 9 10 11 12 13 14 15 16
         Mode:  0 0 0 0 0 0 3 0 2 0 2 0 2 0 2 0
  i_eqv: 366
         src: 305-> dest: 305
         Perm:  1 2 3 4 5 6 7 8 9 10 11 12 13 14 15 16
         Mode:  0 0 0 0 0 0 3 0 2 0 2 0 2 0 2 0
  i_eqv: 367
         src: 298-> dest: 306
         Perm:  1 2 3 4 5 6 7 8 9 10 11 12 13 14 15 16
         Mode:  0 0 0 0 0 0 3 0 2 0 2 0 2 0 2 0
  i_eqv: 368
         src: 306-> dest: 306
         Perm:  1 2 3 4 5 6 7 8 9 10 11 12 13 14 15 16
         Mode:  0 0 0 0 0 0 3 0 2 0 2 0 2 0 2 0
  i_eqv: 369
         src: 307-> dest: 307
         Perm:  1 2 3 4 5 6 7 8 9 10 11 12 13 14 15 16
         Mode:  0 0 0 0 0 0 3 0 2 0 2 0 2 0 2 0
  i_eqv: 370
         src: 308-> dest: 307
         Perm:  1 2 3 4 5 6 7 8 9 10 11 12 13 14 15 16
         Mode:  0 0 0 0 0 0 3 0 2 0 2 0 2 0 2 0
  i_eqv: 371
         src: 307-> dest: 308
         Perm:  1 2 3 4 5 6 7 8 9 10 11 12 13 14 15 16
         Mode:  0 0 0 0 0 0 3 0 2 0 2 0 2 0 2 0
  i_eqv: 372
         src: 308-> dest: 308
         Perm:  1 2 3 4 5 6 7 8 9 10 11 12 13 14 15 16
         Mode:  0 0 0 0 0 0 3 0 2 0 2 0 2 0 2 0
  i_eqv: 373
         src: 309-> dest: 309
         Perm:  1 2 3 4 5 6 7 8 9 10 11 12 13 14 15 16
         Mode:  0 0 0 0 0 0 3 0 2 0 2 0 2 0 2 0
  i_eqv: 374
         src: 314-> dest: 309
         Perm:  1 2 3 4 5 6 7 8 9 10 11 12 13 14 15 16
         Mode:  0 0 0 0 0 0 3 0 2 0 2 0 2 0 2 0
  i_eqv: 375
         src: 310-> dest: 310
         Perm:  1 2 3 4 5 6 7 8 9 10 11 12 13 14 15 16
         Mode:  0 0 0 0 0 0 3 0 2 0 2 0 2 0 2 0
  i_eqv: 376
         src: 315-> dest: 310
         Perm:  1 2 3 4 5 6 7 8 9 10 11 12 13 14 15 16
         Mode:  0 0 0 0 0 0 3 0 2 0 2 0 2 0 2 0
  i_eqv: 377
         src: 311-> dest: 311
         Perm:  1 2 3 4 5 6 7 8 9 10 11 12 13 14 15 16
         Mode:  0 0 0 0 0 0 3 0 2 0 2 0 2 0 2 0
  i_eqv: 378
         src: 316-> dest: 311
         Perm:  1 2 3 4 5 6 7 8 9 10 11 12 13 14 15 16
         Mode:  0 0 0 0 0 0 3 0 2 0 2 0 2 0 2 0
  i_eqv: 379
         src: 312-> dest: 312
         Perm:  1 2 3 4 5 6 7 8 9 10 11 12 13 14 15 16
         Mode:  0 0 0 0 0 0 3 0 2 0 2 0 2 0 2 0
  i_eqv: 380
         src: 317-> dest: 312
         Perm:  1 2 3 4 5 6 7 8 9 10 11 12 13 14 15 16
         Mode:  0 0 0 0 0 0 3 0 2 0 2 0 2 0 2 0
  i_eqv: 381
         src: 313-> dest: 313
         Perm:  1 2 3 4 5 6 7 8 9 10 11 12 13 14 15 16
         Mode:  0 0 0 0 0 0 3 0 2 0 2 0 2 0 2 0
  i_eqv: 382
         src: 318-> dest: 313
         Perm:  1 2 3 4 5 6 7 8 9 10 11 12 13 14 15 16
         Mode:  0 0 0 0 0 0 3 0 2 0 2 0 2 0 2 0
  i_eqv: 383
         src: 309-> dest: 314
         Perm:  1 2 3 4 5 6 7 8 9 10 11 12 13 14 15 16
         Mode:  0 0 0 0 0 0 3 0 2 0 2 0 2 0 2 0
  i_eqv: 384
         src: 314-> dest: 314
         Perm:  1 2 3 4 5 6 7 8 9 10 11 12 13 14 15 16
         Mode:  0 0 0 0 0 0 3 0 2 0 2 0 2 0 2 0
  i_eqv: 385
         src: 310-> dest: 315
         Perm:  1 2 3 4 5 6 7 8 9 10 11 12 13 14 15 16
         Mode:  0 0 0 0 0 0 3 0 2 0 2 0 2 0 2 0
  i_eqv: 386
         src: 315-> dest: 315
         Perm:  1 2 3 4 5 6 7 8 9 10 11 12 13 14 15 16
         Mode:  0 0 0 0 0 0 3 0 2 0 2 0 2 0 2 0
  i_eqv: 387
         src: 311-> dest: 316
         Perm:  1 2 3 4 5 6 7 8 9 10 11 12 13 14 15 16
         Mode:  0 0 0 0 0 0 3 0 2 0 2 0 2 0 2 0
  i_eqv: 388
         src: 316-> dest: 316
         Perm:  1 2 3 4 5 6 7 8 9 10 11 12 13 14 15 16
         Mode:  0 0 0 0 0 0 3 0 2 0 2 0 2 0 2 0
  i_eqv: 389
         src: 312-> dest: 317
         Perm:  1 2 3 4 5 6 7 8 9 10 11 12 13 14 15 16
         Mode:  0 0 0 0 0 0 3 0 2 0 2 0 2 0 2 0
  i_eqv: 390
         src: 317-> dest: 317
         Perm:  1 2 3 4 5 6 7 8 9 10 11 12 13 14 15 16
         Mode:  0 0 0 0 0 0 3 0 2 0 2 0 2 0 2 0
  i_eqv: 391
         src: 313-> dest: 318
         Perm:  1 2 3 4 5 6 7 8 9 10 11 12 13 14 15 16
         Mode:  0 0 0 0 0 0 3 0 2 0 2 0 2 0 2 0
  i_eqv: 392
         src: 318-> dest: 318
         Perm:  1 2 3 4 5 6 7 8 9 10 11 12 13 14 15 16
         Mode:  0 0 0 0 0 0 3 0 2 0 2 0 2 0 2 0
  i_eqv: 393
         src: 319-> dest: 319
         Perm:  1 2 3 4 5 6 7 8 9 10 11 12 13 14 15 16
         Mode:  0 0 0 0 0 0 3 0 2 0 2 0 2 0 2 0
  i_eqv: 394
         src: 325-> dest: 319
         Perm:  1 2 3 4 5 6 7 8 9 10 11 12 13 14 15 16
         Mode:  0 0 0 0 0 0 3 0 2 0 2 0 2 0 2 0
  i_eqv: 395
         src: 320-> dest: 320
         Perm:  1 2 3 4 5 6 7 8 9 10 11 12 13 14 15 16
         Mode:  0 0 0 0 0 0 3 0 2 0 2 0 2 0 2 0
  i_eqv: 396
         src: 326-> dest: 320
         Perm:  1 2 3 4 5 6 7 8 9 10 11 12 13 14 15 16
         Mode:  0 0 0 0 0 0 3 0 2 0 2 0 2 0 2 0
  i_eqv: 397
         src: 321-> dest: 321
         Perm:  1 2 3 4 5 6 7 8 9 10 11 12 13 14 15 16
         Mode:  0 0 0 0 0 0 3 0 2 0 2 0 2 0 2 0
  i_eqv: 398
         src: 327-> dest: 321
         Perm:  1 2 3 4 5 6 7 8 9 10 11 12 13 14 15 16
         Mode:  0 0 0 0 0 0 3 0 2 0 2 0 2 0 2 0
  i_eqv: 399
         src: 322-> dest: 322
         Perm:  1 2 3 4 5 6 7 8 9 10 11 12 13 14 15 16
         Mode:  0 0 0 0 0 0 3 0 2 0 2 0 2 0 2 0
  i_eqv: 400
         src: 328-> dest: 322
         Perm:  1 2 3 4 5 6 7 8 9 10 11 12 13 14 15 16
         Mode:  0 0 0 0 0 0 3 0 2 0 2 0 2 0 2 0
  i_eqv: 401
         src: 323-> dest: 323
         Perm:  1 2 3 4 5 6 7 8 9 10 11 12 13 14 15 16
         Mode:  0 0 0 0 0 0 3 0 2 0 2 0 2 0 2 0
  i_eqv: 402
         src: 329-> dest: 323
         Perm:  1 2 3 4 5 6 7 8 9 10 11 12 13 14 15 16
         Mode:  0 0 0 0 0 0 3 0 2 0 2 0 2 0 2 0
  i_eqv: 403
         src: 324-> dest: 324
         Perm:  1 2 3 4 5 6 7 8 9 10 11 12 13 14 15 16
         Mode:  0 0 0 0 0 0 3 0 2 0 2 0 2 0 2 0
  i_eqv: 404
         src: 330-> dest: 324
         Perm:  1 2 3 4 5 6 7 8 9 10 11 12 13 14 15 16
         Mode:  0 0 0 0 0 0 3 0 2 0 2 0 2 0 2 0
  i_eqv: 405
         src: 319-> dest: 325
         Perm:  1 2 3 4 5 6 7 8 9 10 11 12 13 14 15 16
         Mode:  0 0 0 0 0 0 3 0 2 0 2 0 2 0 2 0
  i_eqv: 406
         src: 325-> dest: 325
         Perm:  1 2 3 4 5 6 7 8 9 10 11 12 13 14 15 16
         Mode:  0 0 0 0 0 0 3 0 2 0 2 0 2 0 2 0
  i_eqv: 407
         src: 320-> dest: 326
         Perm:  1 2 3 4 5 6 7 8 9 10 11 12 13 14 15 16
         Mode:  0 0 0 0 0 0 3 0 2 0 2 0 2 0 2 0
  i_eqv: 408
         src: 326-> dest: 326
         Perm:  1 2 3 4 5 6 7 8 9 10 11 12 13 14 15 16
         Mode:  0 0 0 0 0 0 3 0 2 0 2 0 2 0 2 0
  i_eqv: 409
         src: 321-> dest: 327
         Perm:  1 2 3 4 5 6 7 8 9 10 11 12 13 14 15 16
         Mode:  0 0 0 0 0 0 3 0 2 0 2 0 2 0 2 0
  i_eqv: 410
         src: 327-> dest: 327
         Perm:  1 2 3 4 5 6 7 8 9 10 11 12 13 14 15 16
         Mode:  0 0 0 0 0 0 3 0 2 0 2 0 2 0 2 0
  i_eqv: 411
         src: 322-> dest: 328
         Perm:  1 2 3 4 5 6 7 8 9 10 11 12 13 14 15 16
         Mode:  0 0 0 0 0 0 3 0 2 0 2 0 2 0 2 0
  i_eqv: 412
         src: 328-> dest: 328
         Perm:  1 2 3 4 5 6 7 8 9 10 11 12 13 14 15 16
         Mode:  0 0 0 0 0 0 3 0 2 0 2 0 2 0 2 0
  i_eqv: 413
         src: 323-> dest: 329
         Perm:  1 2 3 4 5 6 7 8 9 10 11 12 13 14 15 16
         Mode:  0 0 0 0 0 0 3 0 2 0 2 0 2 0 2 0
  i_eqv: 414
         src: 329-> dest: 329
         Perm:  1 2 3 4 5 6 7 8 9 10 11 12 13 14 15 16
         Mode:  0 0 0 0 0 0 3 0 2 0 2 0 2 0 2 0
  i_eqv: 415
         src: 324-> dest: 330
         Perm:  1 2 3 4 5 6 7 8 9 10 11 12 13 14 15 16
         Mode:  0 0 0 0 0 0 3 0 2 0 2 0 2 0 2 0
  i_eqv: 416
         src: 330-> dest: 330
         Perm:  1 2 3 4 5 6 7 8 9 10 11 12 13 14 15 16
         Mode:  0 0 0 0 0 0 3 0 2 0 2 0 2 0 2 0
  i_eqv: 417
         src: 331-> dest: 331
         Perm:  1 2 3 4 5 6 7 8 9 10 11 12 13 14 15 16
         Mode:  0 0 0 0 0 0 3 0 2 0 2 0 2 0 2 0
  i_eqv: 418
         src: 336-> dest: 331
         Perm:  1 2 3 4 5 6 7 8 9 10 11 12 13 14 15 16
         Mode:  0 0 0 0 0 0 3 0 2 0 2 0 2 0 2 0
  i_eqv: 419
         src: 332-> dest: 332
         Perm:  1 2 3 4 5 6 7 8 9 10 11 12 13 14 15 16
         Mode:  0 0 0 0 0 0 3 0 2 0 2 0 2 0 2 0
  i_eqv: 420
         src: 337-> dest: 332
         Perm:  1 2 3 4 5 6 7 8 9 10 11 12 13 14 15 16
         Mode:  0 0 0 0 0 0 3 0 2 0 2 0 2 0 2 0
  i_eqv: 421
         src: 333-> dest: 333
         Perm:  1 2 3 4 5 6 7 8 9 10 11 12 13 14 15 16
         Mode:  0 0 0 0 0 0 3 0 2 0 2 0 2 0 2 0
  i_eqv: 422
         src: 338-> dest: 333
         Perm:  1 2 3 4 5 6 7 8 9 10 11 12 13 14 15 16
         Mode:  0 0 0 0 0 0 3 0 2 0 2 0 2 0 2 0
  i_eqv: 423
         src: 334-> dest: 334
         Perm:  1 2 3 4 5 6 7 8 9 10 11 12 13 14 15 16
         Mode:  0 0 0 0 0 0 3 0 2 0 2 0 2 0 2 0
  i_eqv: 424
         src: 339-> dest: 334
         Perm:  1 2 3 4 5 6 7 8 9 10 11 12 13 14 15 16
         Mode:  0 0 0 0 0 0 3 0 2 0 2 0 2 0 2 0
  i_eqv: 425
         src: 335-> dest: 335
         Perm:  1 2 3 4 5 6 7 8 9 10 11 12 13 14 15 16
         Mode:  0 0 0 0 0 0 3 0 2 0 2 0 2 0 2 0
  i_eqv: 426
         src: 340-> dest: 335
         Perm:  1 2 3 4 5 6 7 8 9 10 11 12 13 14 15 16
         Mode:  0 0 0 0 0 0 3 0 2 0 2 0 2 0 2 0
  i_eqv: 427
         src: 331-> dest: 336
         Perm:  1 2 3 4 5 6 7 8 9 10 11 12 13 14 15 16
         Mode:  0 0 0 0 0 0 3 0 2 0 2 0 2 0 2 0
  i_eqv: 428
         src: 336-> dest: 336
         Perm:  1 2 3 4 5 6 7 8 9 10 11 12 13 14 15 16
         Mode:  0 0 0 0 0 0 3 0 2 0 2 0 2 0 2 0
  i_eqv: 429
         src: 332-> dest: 337
         Perm:  1 2 3 4 5 6 7 8 9 10 11 12 13 14 15 16
         Mode:  0 0 0 0 0 0 3 0 2 0 2 0 2 0 2 0
  i_eqv: 430
         src: 337-> dest: 337
         Perm:  1 2 3 4 5 6 7 8 9 10 11 12 13 14 15 16
         Mode:  0 0 0 0 0 0 3 0 2 0 2 0 2 0 2 0
  i_eqv: 431
         src: 333-> dest: 338
         Perm:  1 2 3 4 5 6 7 8 9 10 11 12 13 14 15 16
         Mode:  0 0 0 0 0 0 3 0 2 0 2 0 2 0 2 0
  i_eqv: 432
         src: 338-> dest: 338
         Perm:  1 2 3 4 5 6 7 8 9 10 11 12 13 14 15 16
         Mode:  0 0 0 0 0 0 3 0 2 0 2 0 2 0 2 0
  i_eqv: 433
         src: 334-> dest: 339
         Perm:  1 2 3 4 5 6 7 8 9 10 11 12 13 14 15 16
         Mode:  0 0 0 0 0 0 3 0 2 0 2 0 2 0 2 0
  i_eqv: 434
         src: 339-> dest: 339
         Perm:  1 2 3 4 5 6 7 8 9 10 11 12 13 14 15 16
         Mode:  0 0 0 0 0 0 3 0 2 0 2 0 2 0 2 0
  i_eqv: 435
         src: 335-> dest: 340
         Perm:  1 2 3 4 5 6 7 8 9 10 11 12 13 14 15 16
         Mode:  0 0 0 0 0 0 3 0 2 0 2 0 2 0 2 0
  i_eqv: 436
         src: 340-> dest: 340
         Perm:  1 2 3 4 5 6 7 8 9 10 11 12 13 14 15 16
         Mode:  0 0 0 0 0 0 3 0 2 0 2 0 2 0 2 0
  i_eqv: 437
         src: 341-> dest: 341
         Perm:  1 2 3 4 5 6 7 8 9 10 11 12 13 14 15 16
         Mode:  0 0 0 0 0 0 3 0 2 0 2 0 2 0 2 0
  i_eqv: 438
         src: 347-> dest: 341
         Perm:  1 2 3 4 5 6 7 8 9 10 11 12 13 14 15 16
         Mode:  0 0 0 0 0 0 3 0 2 0 2 0 2 0 2 0
  i_eqv: 439
         src: 342-> dest: 342
         Perm:  1 2 3 4 5 6 7 8 9 10 11 12 13 14 15 16
         Mode:  0 0 0 0 0 0 3 0 2 0 2 0 2 0 2 0
  i_eqv: 440
         src: 348-> dest: 342
         Perm:  1 2 3 4 5 6 7 8 9 10 11 12 13 14 15 16
         Mode:  0 0 0 0 0 0 3 0 2 0 2 0 2 0 2 0
  i_eqv: 441
         src: 343-> dest: 343
         Perm:  1 2 3 4 5 6 7 8 9 10 11 12 13 14 15 16
         Mode:  0 0 0 0 0 0 3 0 2 0 2 0 2 0 2 0
  i_eqv: 442
         src: 349-> dest: 343
         Perm:  1 2 3 4 5 6 7 8 9 10 11 12 13 14 15 16
         Mode:  0 0 0 0 0 0 3 0 2 0 2 0 2 0 2 0
  i_eqv: 443
         src: 344-> dest: 344
         Perm:  1 2 3 4 5 6 7 8 9 10 11 12 13 14 15 16
         Mode:  0 0 0 0 0 0 3 0 2 0 2 0 2 0 2 0
  i_eqv: 444
         src: 350-> dest: 344
         Perm:  1 2 3 4 5 6 7 8 9 10 11 12 13 14 15 16
         Mode:  0 0 0 0 0 0 3 0 2 0 2 0 2 0 2 0
  i_eqv: 445
         src: 345-> dest: 345
         Perm:  1 2 3 4 5 6 7 8 9 10 11 12 13 14 15 16
         Mode:  0 0 0 0 0 0 3 0 2 0 2 0 2 0 2 0
  i_eqv: 446
         src: 351-> dest: 345
         Perm:  1 2 3 4 5 6 7 8 9 10 11 12 13 14 15 16
         Mode:  0 0 0 0 0 0 3 0 2 0 2 0 2 0 2 0
  i_eqv: 447
         src: 346-> dest: 346
         Perm:  1 2 3 4 5 6 7 8 9 10 11 12 13 14 15 16
         Mode:  0 0 0 0 0 0 3 0 2 0 2 0 2 0 2 0
  i_eqv: 448
         src: 352-> dest: 346
         Perm:  1 2 3 4 5 6 7 8 9 10 11 12 13 14 15 16
         Mode:  0 0 0 0 0 0 3 0 2 0 2 0 2 0 2 0
  i_eqv: 449
         src: 341-> dest: 347
         Perm:  1 2 3 4 5 6 7 8 9 10 11 12 13 14 15 16
         Mode:  0 0 0 0 0 0 3 0 2 0 2 0 2 0 2 0
  i_eqv: 450
         src: 347-> dest: 347
         Perm:  1 2 3 4 5 6 7 8 9 10 11 12 13 14 15 16
         Mode:  0 0 0 0 0 0 3 0 2 0 2 0 2 0 2 0
  i_eqv: 451
         src: 342-> dest: 348
         Perm:  1 2 3 4 5 6 7 8 9 10 11 12 13 14 15 16
         Mode:  0 0 0 0 0 0 3 0 2 0 2 0 2 0 2 0
  i_eqv: 452
         src: 348-> dest: 348
         Perm:  1 2 3 4 5 6 7 8 9 10 11 12 13 14 15 16
         Mode:  0 0 0 0 0 0 3 0 2 0 2 0 2 0 2 0
  i_eqv: 453
         src: 343-> dest: 349
         Perm:  1 2 3 4 5 6 7 8 9 10 11 12 13 14 15 16
         Mode:  0 0 0 0 0 0 3 0 2 0 2 0 2 0 2 0
  i_eqv: 454
         src: 349-> dest: 349
         Perm:  1 2 3 4 5 6 7 8 9 10 11 12 13 14 15 16
         Mode:  0 0 0 0 0 0 3 0 2 0 2 0 2 0 2 0
  i_eqv: 455
         src: 344-> dest: 350
         Perm:  1 2 3 4 5 6 7 8 9 10 11 12 13 14 15 16
         Mode:  0 0 0 0 0 0 3 0 2 0 2 0 2 0 2 0
  i_eqv: 456
         src: 350-> dest: 350
         Perm:  1 2 3 4 5 6 7 8 9 10 11 12 13 14 15 16
         Mode:  0 0 0 0 0 0 3 0 2 0 2 0 2 0 2 0
  i_eqv: 457
         src: 345-> dest: 351
         Perm:  1 2 3 4 5 6 7 8 9 10 11 12 13 14 15 16
         Mode:  0 0 0 0 0 0 3 0 2 0 2 0 2 0 2 0
  i_eqv: 458
         src: 351-> dest: 351
         Perm:  1 2 3 4 5 6 7 8 9 10 11 12 13 14 15 16
         Mode:  0 0 0 0 0 0 3 0 2 0 2 0 2 0 2 0
  i_eqv: 459
         src: 346-> dest: 352
         Perm:  1 2 3 4 5 6 7 8 9 10 11 12 13 14 15 16
         Mode:  0 0 0 0 0 0 3 0 2 0 2 0 2 0 2 0
  i_eqv: 460
         src: 352-> dest: 352
         Perm:  1 2 3 4 5 6 7 8 9 10 11 12 13 14 15 16
         Mode:  0 0 0 0 0 0 3 0 2 0 2 0 2 0 2 0
  i_eqv: 461
         src: 353-> dest: 353
         Perm:  1 2 3 4 5 6 7 8 9 10 11 12 13 14 15 16
         Mode:  0 0 0 0 0 0 3 0 2 0 2 0 2 0 2 0
  i_eqv: 462
         src: 361-> dest: 353
         Perm:  1 2 3 4 5 6 7 8 9 10 11 12 13 14 15 16
         Mode:  0 0 0 0 0 0 3 0 2 0 2 0 2 0 2 0
  i_eqv: 463
         src: 354-> dest: 354
         Perm:  1 2 3 4 5 6 7 8 9 10 11 12 13 14 15 16
         Mode:  0 0 0 0 0 0 3 0 2 0 2 0 2 0 2 0
  i_eqv: 464
         src: 362-> dest: 354
         Perm:  1 2 3 4 5 6 7 8 9 10 11 12 13 14 15 16
         Mode:  0 0 0 0 0 0 3 0 2 0 2 0 2 0 2 0
  i_eqv: 465
         src: 355-> dest: 355
         Perm:  1 2 3 4 5 6 7 8 9 10 11 12 13 14 15 16
         Mode:  0 0 0 0 0 0 3 0 2 0 2 0 2 0 2 0
  i_eqv: 466
         src: 363-> dest: 355
         Perm:  1 2 3 4 5 6 7 8 9 10 11 12 13 14 15 16
         Mode:  0 0 0 0 0 0 3 0 2 0 2 0 2 0 2 0
  i_eqv: 467
         src: 356-> dest: 356
         Perm:  1 2 3 4 5 6 7 8 9 10 11 12 13 14 15 16
         Mode:  0 0 0 0 0 0 3 0 2 0 2 0 2 0 2 0
  i_eqv: 468
         src: 364-> dest: 356
         Perm:  1 2 3 4 5 6 7 8 9 10 11 12 13 14 15 16
         Mode:  0 0 0 0 0 0 3 0 2 0 2 0 2 0 2 0
  i_eqv: 469
         src: 357-> dest: 357
         Perm:  1 2 3 4 5 6 7 8 9 10 11 12 13 14 15 16
         Mode:  0 0 0 0 0 0 3 0 2 0 2 0 2 0 2 0
  i_eqv: 470
         src: 365-> dest: 357
         Perm:  1 2 3 4 5 6 7 8 9 10 11 12 13 14 15 16
         Mode:  0 0 0 0 0 0 3 0 2 0 2 0 2 0 2 0
  i_eqv: 471
         src: 358-> dest: 358
         Perm:  1 2 3 4 5 6 7 8 9 10 11 12 13 14 15 16
         Mode:  0 0 0 0 0 0 3 0 2 0 2 0 2 0 2 0
  i_eqv: 472
         src: 366-> dest: 358
         Perm:  1 2 3 4 5 6 7 8 9 10 11 12 13 14 15 16
         Mode:  0 0 0 0 0 0 3 0 2 0 2 0 2 0 2 0
  i_eqv: 473
         src: 359-> dest: 359
         Perm:  1 2 3 4 5 6 7 8 9 10 11 12 13 14 15 16
         Mode:  0 0 0 0 0 0 3 0 2 0 2 0 2 0 2 0
  i_eqv: 474
         src: 367-> dest: 359
         Perm:  1 2 3 4 5 6 7 8 9 10 11 12 13 14 15 16
         Mode:  0 0 0 0 0 0 3 0 2 0 2 0 2 0 2 0
  i_eqv: 475
         src: 360-> dest: 360
         Perm:  1 2 3 4 5 6 7 8 9 10 11 12 13 14 15 16
         Mode:  0 0 0 0 0 0 3 0 2 0 2 0 2 0 2 0
  i_eqv: 476
         src: 368-> dest: 360
         Perm:  1 2 3 4 5 6 7 8 9 10 11 12 13 14 15 16
         Mode:  0 0 0 0 0 0 3 0 2 0 2 0 2 0 2 0
  i_eqv: 477
         src: 353-> dest: 361
         Perm:  1 2 3 4 5 6 7 8 9 10 11 12 13 14 15 16
         Mode:  0 0 0 0 0 0 3 0 2 0 2 0 2 0 2 0
  i_eqv: 478
         src: 361-> dest: 361
         Perm:  1 2 3 4 5 6 7 8 9 10 11 12 13 14 15 16
         Mode:  0 0 0 0 0 0 3 0 2 0 2 0 2 0 2 0
  i_eqv: 479
         src: 354-> dest: 362
         Perm:  1 2 3 4 5 6 7 8 9 10 11 12 13 14 15 16
         Mode:  0 0 0 0 0 0 3 0 2 0 2 0 2 0 2 0
  i_eqv: 480
         src: 362-> dest: 362
         Perm:  1 2 3 4 5 6 7 8 9 10 11 12 13 14 15 16
         Mode:  0 0 0 0 0 0 3 0 2 0 2 0 2 0 2 0
  i_eqv: 481
         src: 355-> dest: 363
         Perm:  1 2 3 4 5 6 7 8 9 10 11 12 13 14 15 16
         Mode:  0 0 0 0 0 0 3 0 2 0 2 0 2 0 2 0
  i_eqv: 482
         src: 363-> dest: 363
         Perm:  1 2 3 4 5 6 7 8 9 10 11 12 13 14 15 16
         Mode:  0 0 0 0 0 0 3 0 2 0 2 0 2 0 2 0
  i_eqv: 483
         src: 356-> dest: 364
         Perm:  1 2 3 4 5 6 7 8 9 10 11 12 13 14 15 16
         Mode:  0 0 0 0 0 0 3 0 2 0 2 0 2 0 2 0
  i_eqv: 484
         src: 364-> dest: 364
         Perm:  1 2 3 4 5 6 7 8 9 10 11 12 13 14 15 16
         Mode:  0 0 0 0 0 0 3 0 2 0 2 0 2 0 2 0
  i_eqv: 485
         src: 357-> dest: 365
         Perm:  1 2 3 4 5 6 7 8 9 10 11 12 13 14 15 16
         Mode:  0 0 0 0 0 0 3 0 2 0 2 0 2 0 2 0
  i_eqv: 486
         src: 365-> dest: 365
         Perm:  1 2 3 4 5 6 7 8 9 10 11 12 13 14 15 16
         Mode:  0 0 0 0 0 0 3 0 2 0 2 0 2 0 2 0
  i_eqv: 487
         src: 358-> dest: 366
         Perm:  1 2 3 4 5 6 7 8 9 10 11 12 13 14 15 16
         Mode:  0 0 0 0 0 0 3 0 2 0 2 0 2 0 2 0
  i_eqv: 488
         src: 366-> dest: 366
         Perm:  1 2 3 4 5 6 7 8 9 10 11 12 13 14 15 16
         Mode:  0 0 0 0 0 0 3 0 2 0 2 0 2 0 2 0
  i_eqv: 489
         src: 359-> dest: 367
         Perm:  1 2 3 4 5 6 7 8 9 10 11 12 13 14 15 16
         Mode:  0 0 0 0 0 0 3 0 2 0 2 0 2 0 2 0
  i_eqv: 490
         src: 367-> dest: 367
         Perm:  1 2 3 4 5 6 7 8 9 10 11 12 13 14 15 16
         Mode:  0 0 0 0 0 0 3 0 2 0 2 0 2 0 2 0
  i_eqv: 491
         src: 360-> dest: 368
         Perm:  1 2 3 4 5 6 7 8 9 10 11 12 13 14 15 16
         Mode:  0 0 0 0 0 0 3 0 2 0 2 0 2 0 2 0
  i_eqv: 492
         src: 368-> dest: 368
         Perm:  1 2 3 4 5 6 7 8 9 10 11 12 13 14 15 16
         Mode:  0 0 0 0 0 0 3 0 2 0 2 0 2 0 2 0
  i_eqv: 493
         src: 369-> dest: 369
         Perm:  1 2 3 4 5 6 7 8 9 10 11 12 13 14 15 16
         Mode:  0 0 0 0 0 0 3 0 2 0 2 0 2 0 2 0
  i_eqv: 494
         src: 370-> dest: 369
         Perm:  1 2 3 4 5 6 7 8 9 10 11 12 13 14 15 16
         Mode:  0 0 0 0 0 0 3 0 2 0 2 0 2 0 2 0
  i_eqv: 495
         src: 369-> dest: 370
         Perm:  1 2 3 4 5 6 7 8 9 10 11 12 13 14 15 16
         Mode:  0 0 0 0 0 0 3 0 2 0 2 0 2 0 2 0
  i_eqv: 496
         src: 370-> dest: 370
         Perm:  1 2 3 4 5 6 7 8 9 10 11 12 13 14 15 16
         Mode:  0 0 0 0 0 0 3 0 2 0 2 0 2 0 2 0
  i_eqv: 497
         src: 371-> dest: 371
         Perm:  1 2 3 4 5 6 7 8 9 10 11 12 13 14 15 16
         Mode:  0 0 0 0 0 0 3 0 2 0 2 0 2 0 2 0
  i_eqv: 498
         src: 377-> dest: 371
         Perm:  1 2 3 4 5 6 7 8 9 10 11 12 13 14 15 16
         Mode:  0 0 0 0 0 0 3 0 2 0 2 0 2 0 2 0
  i_eqv: 499
         src: 372-> dest: 372
         Perm:  1 2 3 4 5 6 7 8 9 10 11 12 13 14 15 16
         Mode:  0 0 0 0 0 0 3 0 2 0 2 0 2 0 2 0
  i_eqv: 500
         src: 378-> dest: 372
         Perm:  1 2 3 4 5 6 7 8 9 10 11 12 13 14 15 16
         Mode:  0 0 0 0 0 0 3 0 2 0 2 0 2 0 2 0
  i_eqv: 501
         src: 373-> dest: 373
         Perm:  1 2 3 4 5 6 7 8 9 10 11 12 13 14 15 16
         Mode:  0 0 0 0 0 0 3 0 2 0 2 0 2 0 2 0
  i_eqv: 502
         src: 379-> dest: 373
         Perm:  1 2 3 4 5 6 7 8 9 10 11 12 13 14 15 16
         Mode:  0 0 0 0 0 0 3 0 2 0 2 0 2 0 2 0
  i_eqv: 503
         src: 374-> dest: 374
         Perm:  1 2 3 4 5 6 7 8 9 10 11 12 13 14 15 16
         Mode:  0 0 0 0 0 0 3 0 2 0 2 0 2 0 2 0
  i_eqv: 504
         src: 380-> dest: 374
         Perm:  1 2 3 4 5 6 7 8 9 10 11 12 13 14 15 16
         Mode:  0 0 0 0 0 0 3 0 2 0 2 0 2 0 2 0
  i_eqv: 505
         src: 375-> dest: 375
         Perm:  1 2 3 4 5 6 7 8 9 10 11 12 13 14 15 16
         Mode:  0 0 0 0 0 0 3 0 2 0 2 0 2 0 2 0
  i_eqv: 506
         src: 381-> dest: 375
         Perm:  1 2 3 4 5 6 7 8 9 10 11 12 13 14 15 16
         Mode:  0 0 0 0 0 0 3 0 2 0 2 0 2 0 2 0
  i_eqv: 507
         src: 376-> dest: 376
         Perm:  1 2 3 4 5 6 7 8 9 10 11 12 13 14 15 16
         Mode:  0 0 0 0 0 0 3 0 2 0 2 0 2 0 2 0
  i_eqv: 508
         src: 382-> dest: 376
         Perm:  1 2 3 4 5 6 7 8 9 10 11 12 13 14 15 16
         Mode:  0 0 0 0 0 0 3 0 2 0 2 0 2 0 2 0
  i_eqv: 509
         src: 371-> dest: 377
         Perm:  1 2 3 4 5 6 7 8 9 10 11 12 13 14 15 16
         Mode:  0 0 0 0 0 0 3 0 2 0 2 0 2 0 2 0
  i_eqv: 510
         src: 377-> dest: 377
         Perm:  1 2 3 4 5 6 7 8 9 10 11 12 13 14 15 16
         Mode:  0 0 0 0 0 0 3 0 2 0 2 0 2 0 2 0
  i_eqv: 511
         src: 372-> dest: 378
         Perm:  1 2 3 4 5 6 7 8 9 10 11 12 13 14 15 16
         Mode:  0 0 0 0 0 0 3 0 2 0 2 0 2 0 2 0
  i_eqv: 512
         src: 378-> dest: 378
         Perm:  1 2 3 4 5 6 7 8 9 10 11 12 13 14 15 16
         Mode:  0 0 0 0 0 0 3 0 2 0 2 0 2 0 2 0
  i_eqv: 513
         src: 373-> dest: 379
         Perm:  1 2 3 4 5 6 7 8 9 10 11 12 13 14 15 16
         Mode:  0 0 0 0 0 0 3 0 2 0 2 0 2 0 2 0
  i_eqv: 514
         src: 379-> dest: 379
         Perm:  1 2 3 4 5 6 7 8 9 10 11 12 13 14 15 16
         Mode:  0 0 0 0 0 0 3 0 2 0 2 0 2 0 2 0
  i_eqv: 515
         src: 374-> dest: 380
         Perm:  1 2 3 4 5 6 7 8 9 10 11 12 13 14 15 16
         Mode:  0 0 0 0 0 0 3 0 2 0 2 0 2 0 2 0
  i_eqv: 516
         src: 380-> dest: 380
         Perm:  1 2 3 4 5 6 7 8 9 10 11 12 13 14 15 16
         Mode:  0 0 0 0 0 0 3 0 2 0 2 0 2 0 2 0
  i_eqv: 517
         src: 375-> dest: 381
         Perm:  1 2 3 4 5 6 7 8 9 10 11 12 13 14 15 16
         Mode:  0 0 0 0 0 0 3 0 2 0 2 0 2 0 2 0
  i_eqv: 518
         src: 381-> dest: 381
         Perm:  1 2 3 4 5 6 7 8 9 10 11 12 13 14 15 16
         Mode:  0 0 0 0 0 0 3 0 2 0 2 0 2 0 2 0
  i_eqv: 519
         src: 376-> dest: 382
         Perm:  1 2 3 4 5 6 7 8 9 10 11 12 13 14 15 16
         Mode:  0 0 0 0 0 0 3 0 2 0 2 0 2 0 2 0
  i_eqv: 520
         src: 382-> dest: 382
         Perm:  1 2 3 4 5 6 7 8 9 10 11 12 13 14 15 16
         Mode:  0 0 0 0 0 0 3 0 2 0 2 0 2 0 2 0
  i_eqv: 521
         src: 383-> dest: 383
         Perm:  1 2 3 4 5 6 7 8 9 10 11 12 13 14 15 16
         Mode:  0 0 0 0 0 0 3 0 2 0 2 0 2 0 2 0
  i_eqv: 522
         src: 389-> dest: 383
         Perm:  1 2 3 4 5 6 7 8 9 10 11 12 13 14 15 16
         Mode:  0 0 0 0 0 0 3 0 2 0 2 0 2 0 2 0
  i_eqv: 523
         src: 384-> dest: 384
         Perm:  1 2 3 4 5 6 7 8 9 10 11 12 13 14 15 16
         Mode:  0 0 0 0 0 0 3 0 2 0 2 0 2 0 2 0
  i_eqv: 524
         src: 390-> dest: 384
         Perm:  1 2 3 4 5 6 7 8 9 10 11 12 13 14 15 16
         Mode:  0 0 0 0 0 0 3 0 2 0 2 0 2 0 2 0
  i_eqv: 525
         src: 385-> dest: 385
         Perm:  1 2 3 4 5 6 7 8 9 10 11 12 13 14 15 16
         Mode:  0 0 0 0 0 0 3 0 2 0 2 0 2 0 2 0
  i_eqv: 526
         src: 391-> dest: 385
         Perm:  1 2 3 4 5 6 7 8 9 10 11 12 13 14 15 16
         Mode:  0 0 0 0 0 0 3 0 2 0 2 0 2 0 2 0
  i_eqv: 527
         src: 386-> dest: 386
         Perm:  1 2 3 4 5 6 7 8 9 10 11 12 13 14 15 16
         Mode:  0 0 0 0 0 0 3 0 2 0 2 0 2 0 2 0
  i_eqv: 528
         src: 392-> dest: 386
         Perm:  1 2 3 4 5 6 7 8 9 10 11 12 13 14 15 16
         Mode:  0 0 0 0 0 0 3 0 2 0 2 0 2 0 2 0
  i_eqv: 529
         src: 387-> dest: 387
         Perm:  1 2 3 4 5 6 7 8 9 10 11 12 13 14 15 16
         Mode:  0 0 0 0 0 0 3 0 2 0 2 0 2 0 2 0
  i_eqv: 530
         src: 393-> dest: 387
         Perm:  1 2 3 4 5 6 7 8 9 10 11 12 13 14 15 16
         Mode:  0 0 0 0 0 0 3 0 2 0 2 0 2 0 2 0
  i_eqv: 531
         src: 388-> dest: 388
         Perm:  1 2 3 4 5 6 7 8 9 10 11 12 13 14 15 16
         Mode:  0 0 0 0 0 0 3 0 2 0 2 0 2 0 2 0
  i_eqv: 532
         src: 394-> dest: 388
         Perm:  1 2 3 4 5 6 7 8 9 10 11 12 13 14 15 16
         Mode:  0 0 0 0 0 0 3 0 2 0 2 0 2 0 2 0
  i_eqv: 533
         src: 383-> dest: 389
         Perm:  1 2 3 4 5 6 7 8 9 10 11 12 13 14 15 16
         Mode:  0 0 0 0 0 0 3 0 2 0 2 0 2 0 2 0
  i_eqv: 534
         src: 389-> dest: 389
         Perm:  1 2 3 4 5 6 7 8 9 10 11 12 13 14 15 16
         Mode:  0 0 0 0 0 0 3 0 2 0 2 0 2 0 2 0
  i_eqv: 535
         src: 384-> dest: 390
         Perm:  1 2 3 4 5 6 7 8 9 10 11 12 13 14 15 16
         Mode:  0 0 0 0 0 0 3 0 2 0 2 0 2 0 2 0
  i_eqv: 536
         src: 390-> dest: 390
         Perm:  1 2 3 4 5 6 7 8 9 10 11 12 13 14 15 16
         Mode:  0 0 0 0 0 0 3 0 2 0 2 0 2 0 2 0
  i_eqv: 537
         src: 385-> dest: 391
         Perm:  1 2 3 4 5 6 7 8 9 10 11 12 13 14 15 16
         Mode:  0 0 0 0 0 0 3 0 2 0 2 0 2 0 2 0
  i_eqv: 538
         src: 391-> dest: 391
         Perm:  1 2 3 4 5 6 7 8 9 10 11 12 13 14 15 16
         Mode:  0 0 0 0 0 0 3 0 2 0 2 0 2 0 2 0
  i_eqv: 539
         src: 386-> dest: 392
         Perm:  1 2 3 4 5 6 7 8 9 10 11 12 13 14 15 16
         Mode:  0 0 0 0 0 0 3 0 2 0 2 0 2 0 2 0
  i_eqv: 540
         src: 392-> dest: 392
         Perm:  1 2 3 4 5 6 7 8 9 10 11 12 13 14 15 16
         Mode:  0 0 0 0 0 0 3 0 2 0 2 0 2 0 2 0
  i_eqv: 541
         src: 387-> dest: 393
         Perm:  1 2 3 4 5 6 7 8 9 10 11 12 13 14 15 16
         Mode:  0 0 0 0 0 0 3 0 2 0 2 0 2 0 2 0
  i_eqv: 542
         src: 393-> dest: 393
         Perm:  1 2 3 4 5 6 7 8 9 10 11 12 13 14 15 16
         Mode:  0 0 0 0 0 0 3 0 2 0 2 0 2 0 2 0
  i_eqv: 543
         src: 388-> dest: 394
         Perm:  1 2 3 4 5 6 7 8 9 10 11 12 13 14 15 16
         Mode:  0 0 0 0 0 0 3 0 2 0 2 0 2 0 2 0
  i_eqv: 544
         src: 394-> dest: 394
         Perm:  1 2 3 4 5 6 7 8 9 10 11 12 13 14 15 16
         Mode:  0 0 0 0 0 0 3 0 2 0 2 0 2 0 2 0
  i_eqv: 545
         src: 395-> dest: 395
         Perm:  1 2 3 4 5 6 7 8 9 10 11 12 13 14 15 16
         Mode:  0 0 0 0 0 0 3 0 2 0 2 0 2 0 2 0
  i_eqv: 546
         src: 403-> dest: 395
         Perm:  1 2 3 4 5 6 7 8 9 10 11 12 13 14 15 16
         Mode:  0 0 0 0 0 0 3 0 2 0 2 0 2 0 2 0
  i_eqv: 547
         src: 396-> dest: 396
         Perm:  1 2 3 4 5 6 7 8 9 10 11 12 13 14 15 16
         Mode:  0 0 0 0 0 0 3 0 2 0 2 0 2 0 2 0
  i_eqv: 548
         src: 404-> dest: 396
         Perm:  1 2 3 4 5 6 7 8 9 10 11 12 13 14 15 16
         Mode:  0 0 0 0 0 0 3 0 2 0 2 0 2 0 2 0
  i_eqv: 549
         src: 397-> dest: 397
         Perm:  1 2 3 4 5 6 7 8 9 10 11 12 13 14 15 16
         Mode:  0 0 0 0 0 0 3 0 2 0 2 0 2 0 2 0
  i_eqv: 550
         src: 405-> dest: 397
         Perm:  1 2 3 4 5 6 7 8 9 10 11 12 13 14 15 16
         Mode:  0 0 0 0 0 0 3 0 2 0 2 0 2 0 2 0
  i_eqv: 551
         src: 398-> dest: 398
         Perm:  1 2 3 4 5 6 7 8 9 10 11 12 13 14 15 16
         Mode:  0 0 0 0 0 0 3 0 2 0 2 0 2 0 2 0
  i_eqv: 552
         src: 406-> dest: 398
         Perm:  1 2 3 4 5 6 7 8 9 10 11 12 13 14 15 16
         Mode:  0 0 0 0 0 0 3 0 2 0 2 0 2 0 2 0
  i_eqv: 553
         src: 399-> dest: 399
         Perm:  1 2 3 4 5 6 7 8 9 10 11 12 13 14 15 16
         Mode:  0 0 0 0 0 0 3 0 2 0 2 0 2 0 2 0
  i_eqv: 554
         src: 407-> dest: 399
         Perm:  1 2 3 4 5 6 7 8 9 10 11 12 13 14 15 16
         Mode:  0 0 0 0 0 0 3 0 2 0 2 0 2 0 2 0
  i_eqv: 555
         src: 400-> dest: 400
         Perm:  1 2 3 4 5 6 7 8 9 10 11 12 13 14 15 16
         Mode:  0 0 0 0 0 0 3 0 2 0 2 0 2 0 2 0
  i_eqv: 556
         src: 408-> dest: 400
         Perm:  1 2 3 4 5 6 7 8 9 10 11 12 13 14 15 16
         Mode:  0 0 0 0 0 0 3 0 2 0 2 0 2 0 2 0
  i_eqv: 557
         src: 401-> dest: 401
         Perm:  1 2 3 4 5 6 7 8 9 10 11 12 13 14 15 16
         Mode:  0 0 0 0 0 0 3 0 2 0 2 0 2 0 2 0
  i_eqv: 558
         src: 409-> dest: 401
         Perm:  1 2 3 4 5 6 7 8 9 10 11 12 13 14 15 16
         Mode:  0 0 0 0 0 0 3 0 2 0 2 0 2 0 2 0
  i_eqv: 559
         src: 402-> dest: 402
         Perm:  1 2 3 4 5 6 7 8 9 10 11 12 13 14 15 16
         Mode:  0 0 0 0 0 0 3 0 2 0 2 0 2 0 2 0
  i_eqv: 560
         src: 410-> dest: 402
         Perm:  1 2 3 4 5 6 7 8 9 10 11 12 13 14 15 16
         Mode:  0 0 0 0 0 0 3 0 2 0 2 0 2 0 2 0
  i_eqv: 561
         src: 395-> dest: 403
         Perm:  1 2 3 4 5 6 7 8 9 10 11 12 13 14 15 16
         Mode:  0 0 0 0 0 0 3 0 2 0 2 0 2 0 2 0
  i_eqv: 562
         src: 403-> dest: 403
         Perm:  1 2 3 4 5 6 7 8 9 10 11 12 13 14 15 16
         Mode:  0 0 0 0 0 0 3 0 2 0 2 0 2 0 2 0
  i_eqv: 563
         src: 396-> dest: 404
         Perm:  1 2 3 4 5 6 7 8 9 10 11 12 13 14 15 16
         Mode:  0 0 0 0 0 0 3 0 2 0 2 0 2 0 2 0
  i_eqv: 564
         src: 404-> dest: 404
         Perm:  1 2 3 4 5 6 7 8 9 10 11 12 13 14 15 16
         Mode:  0 0 0 0 0 0 3 0 2 0 2 0 2 0 2 0
  i_eqv: 565
         src: 397-> dest: 405
         Perm:  1 2 3 4 5 6 7 8 9 10 11 12 13 14 15 16
         Mode:  0 0 0 0 0 0 3 0 2 0 2 0 2 0 2 0
  i_eqv: 566
         src: 405-> dest: 405
         Perm:  1 2 3 4 5 6 7 8 9 10 11 12 13 14 15 16
         Mode:  0 0 0 0 0 0 3 0 2 0 2 0 2 0 2 0
  i_eqv: 567
         src: 398-> dest: 406
         Perm:  1 2 3 4 5 6 7 8 9 10 11 12 13 14 15 16
         Mode:  0 0 0 0 0 0 3 0 2 0 2 0 2 0 2 0
  i_eqv: 568
         src: 406-> dest: 406
         Perm:  1 2 3 4 5 6 7 8 9 10 11 12 13 14 15 16
         Mode:  0 0 0 0 0 0 3 0 2 0 2 0 2 0 2 0
  i_eqv: 569
         src: 399-> dest: 407
         Perm:  1 2 3 4 5 6 7 8 9 10 11 12 13 14 15 16
         Mode:  0 0 0 0 0 0 3 0 2 0 2 0 2 0 2 0
  i_eqv: 570
         src: 407-> dest: 407
         Perm:  1 2 3 4 5 6 7 8 9 10 11 12 13 14 15 16
         Mode:  0 0 0 0 0 0 3 0 2 0 2 0 2 0 2 0
  i_eqv: 571
         src: 400-> dest: 408
         Perm:  1 2 3 4 5 6 7 8 9 10 11 12 13 14 15 16
         Mode:  0 0 0 0 0 0 3 0 2 0 2 0 2 0 2 0
  i_eqv: 572
         src: 408-> dest: 408
         Perm:  1 2 3 4 5 6 7 8 9 10 11 12 13 14 15 16
         Mode:  0 0 0 0 0 0 3 0 2 0 2 0 2 0 2 0
  i_eqv: 573
         src: 401-> dest: 409
         Perm:  1 2 3 4 5 6 7 8 9 10 11 12 13 14 15 16
         Mode:  0 0 0 0 0 0 3 0 2 0 2 0 2 0 2 0
  i_eqv: 574
         src: 409-> dest: 409
         Perm:  1 2 3 4 5 6 7 8 9 10 11 12 13 14 15 16
         Mode:  0 0 0 0 0 0 3 0 2 0 2 0 2 0 2 0
  i_eqv: 575
         src: 402-> dest: 410
         Perm:  1 2 3 4 5 6 7 8 9 10 11 12 13 14 15 16
         Mode:  0 0 0 0 0 0 3 0 2 0 2 0 2 0 2 0
  i_eqv: 576
         src: 410-> dest: 410
         Perm:  1 2 3 4 5 6 7 8 9 10 11 12 13 14 15 16
         Mode:  0 0 0 0 0 0 3 0 2 0 2 0 2 0 2 0
  i_eqv: 577
         src: 411-> dest: 411
         Perm:  1 2 3 4 5 6 7 8 9 10 11 12 13 14 15 16
         Mode:  0 0 0 0 0 0 3 0 2 0 2 0 2 0 2 0
  i_eqv: 578
         src: 412-> dest: 412
         Perm:  1 2 3 4 5 6 7 8 9 10 11 12 13 14 15 16
         Mode:  0 0 0 0 0 0 3 0 2 0 2 0 2 0 2 0
  i_eqv: 579
         src: 413-> dest: 413
         Perm:  1 2 3 4 5 6 7 8 9 10 11 12 13 14 15 16
         Mode:  0 0 0 0 0 0 3 0 2 0 2 0 2 0 2 0
  i_eqv: 580
         src: 414-> dest: 414
         Perm:  1 2 3 4 5 6 7 8 9 10 11 12 13 14 15 16
         Mode:  0 0 0 0 0 0 3 0 2 0 2 0 2 0 2 0
  i_eqv: 581
         src: 415-> dest: 415
         Perm:  1 2 3 4 5 6 7 8 9 10 11 12 13 14 15 16
         Mode:  0 0 0 0 0 0 3 0 2 0 2 0 2 0 2 0
  i_eqv: 582
         src: 416-> dest: 416
         Perm:  1 2 3 4 5 6 7 8 9 10 11 12 13 14 15 16
         Mode:  0 0 0 0 0 0 3 0 2 0 2 0 2 0 2 0
  i_eqv: 583
         src: 417-> dest: 416
         Perm:  1 2 3 4 5 6 7 8 9 10 11 12 13 14 15 16
         Mode:  0 0 0 0 0 0 3 0 2 0 2 0 2 0 2 0
  i_eqv: 584
         src: 416-> dest: 417
         Perm:  1 2 3 4 5 6 7 8 9 10 11 12 13 14 15 16
         Mode:  0 0 0 0 0 0 3 0 2 0 2 0 2 0 2 0
  i_eqv: 585
         src: 417-> dest: 417
         Perm:  1 2 3 4 5 6 7 8 9 10 11 12 13 14 15 16
         Mode:  0 0 0 0 0 0 3 0 2 0 2 0 2 0 2 0
  i_eqv: 586
         src: 418-> dest: 418
         Perm:  1 2 3 4 5 6 7 8 9 10 11 12 13 14 15 16
         Mode:  0 0 0 0 0 0 3 0 2 0 2 0 2 0 2 0
  i_eqv: 587
         src: 420-> dest: 418
         Perm:  1 2 3 4 5 6 7 8 9 10 11 12 13 14 15 16
         Mode:  0 0 0 0 0 0 3 0 2 0 2 0 2 0 2 0
  i_eqv: 588
         src: 419-> dest: 419
         Perm:  1 2 3 4 5 6 7 8 9 10 11 12 13 14 15 16
         Mode:  0 0 0 0 0 0 3 0 2 0 2 0 2 0 2 0
  i_eqv: 589
         src: 418-> dest: 420
         Perm:  1 2 3 4 5 6 7 8 9 10 11 12 13 14 15 16
         Mode:  0 0 0 0 0 0 3 0 2 0 2 0 2 0 2 0
  i_eqv: 590
         src: 420-> dest: 420
         Perm:  1 2 3 4 5 6 7 8 9 10 11 12 13 14 15 16
         Mode:  0 0 0 0 0 0 3 0 2 0 2 0 2 0 2 0
  i_eqv: 591
         src: 421-> dest: 421
         Perm:  1 2 3 4 5 6 7 8 9 10 11 12 13 14 15 16
         Mode:  0 0 0 0 0 0 3 0 2 0 2 0 2 0 2 0
  i_eqv: 592
         src: 422-> dest: 422
         Perm:  1 2 3 4 5 6 7 8 9 10 11 12 13 14 15 16
         Mode:  0 0 0 0 0 0 3 0 2 0 2 0 2 0 2 0
  i_eqv: 593
         src: 423-> dest: 423
         Perm:  1 2 3 4 5 6 7 8 9 10 11 12 13 14 15 16
         Mode:  0 0 0 0 0 0 3 0 2 0 2 0 2 0 2 0
  i_eqv: 594
         src: 424-> dest: 424
         Perm:  1 2 3 4 5 6 7 8 9 10 11 12 13 14 15 16
         Mode:  0 0 0 0 0 0 3 0 2 0 2 0 2 0 2 0
  i_eqv: 595
         src: 425-> dest: 425
         Perm:  1 2 3 4 5 6 7 8 9 10 11 12 13 14 15 16
         Mode:  0 0 0 0 0 0 3 0 2 0 2 0 2 0 2 0
  i_eqv: 596
         src: 426-> dest: 426
         Perm:  1 2 3 4 5 6 7 8 9 10 11 12 13 14 15 16
         Mode:  0 0 0 0 0 0 3 0 2 0 2 0 2 0 2 0
  i_eqv: 597
         src: 427-> dest: 427
         Perm:  1 2 3 4 5 6 7 8 9 10 11 12 13 14 15 16
         Mode:  0 0 0 0 0 0 3 0 2 0 2 0 2 0 2 0
  i_eqv: 598
         src: 428-> dest: 428
         Perm:  1 2 3 4 5 6 7 8 9 10 11 12 13 14 15 16
         Mode:  0 0 0 0 0 0 3 0 2 0 2 0 2 0 2 0
  i_eqv: 599
         src: 429-> dest: 429
         Perm:  1 2 3 4 5 6 7 8 9 10 11 12 13 14 15 16
         Mode:  0 0 0 0 0 0 3 0 2 0 2 0 2 0 2 0
  i_eqv: 600
         src: 430-> dest: 430
         Perm:  1 2 3 4 5 6 7 8 9 10 11 12 13 14 15 16
         Mode:  0 0 0 0 0 0 3 0 2 0 2 0 2 0 2 0
  i_eqv: 601
         src: 431-> dest: 431
         Perm:  1 2 3 4 5 6 7 8 9 10 11 12 13 14 15 16
         Mode:  0 0 0 0 0 0 3 0 2 0 2 0 2 0 2 0
  i_eqv: 602
         src: 432-> dest: 432
         Perm:  1 2 3 4 5 6 7 8 9 10 11 12 13 14 15 16
         Mode:  0 0 0 0 0 0 3 0 2 0 2 0 2 0 2 0
  i_eqv: 603
         src: 433-> dest: 433
         Perm:  1 2 3 4 5 6 7 8 9 10 11 12 13 14 15 16
         Mode:  0 0 0 0 0 0 3 0 2 0 2 0 2 0 2 0
  i_eqv: 604
         src: 434-> dest: 434
         Perm:  1 2 3 4 5 6 7 8 9 10 11 12 13 14 15 16
         Mode:  0 0 0 0 0 0 3 0 2 0 2 0 2 0 2 0
  i_eqv: 605
         src: 435-> dest: 435
         Perm:  1 2 3 4 5 6 7 8 9 10 11 12 13 14 15 16
         Mode:  0 0 0 0 0 0 3 0 2 0 2 0 2 0 2 0
  i_eqv: 606
         src: 436-> dest: 436
         Perm:  1 2 3 4 5 6 7 8 9 10 11 12 13 14 15 16
         Mode:  0 0 0 0 0 0 3 0 2 0 2 0 2 0 2 0
  i_eqv: 607
         src: 437-> dest: 437
         Perm:  1 2 3 4 5 6 7 8 9 10 11 12 13 14 15 16
         Mode:  0 0 0 0 0 0 3 0 2 0 2 0 2 0 2 0
  i_eqv: 608
         src: 438-> dest: 438
         Perm:  1 2 3 4 5 6 7 8 9 10 11 12 13 14 15 16
         Mode:  0 0 0 0 0 0 3 0 2 0 2 0 2 0 2 0
  i_eqv: 609
         src: 439-> dest: 439
         Perm:  1 2 3 4 5 6 7 8 9 10 11 12 13 14 15 16
         Mode:  0 0 0 0 0 0 3 0 2 0 2 0 2 0 2 0
  i_eqv: 610
         src: 440-> dest: 440
         Perm:  1 2 3 4 5 6 7 8 9 10 11 12 13 14 15 16
         Mode:  0 0 0 0 0 0 3 0 2 0 2 0 2 0 2 0
  i_eqv: 611
         src: 441-> dest: 441
         Perm:  1 2 3 4 5 6 7 8 9 10 11 12 13 14 15 16
         Mode:  0 0 0 0 0 0 3 0 2 0 2 0 2 0 2 0
  i_eqv: 612
         src: 442-> dest: 442
         Perm:  1 2 3 4 5 6 7 8 9 10 11 12 13 14 15 16
         Mode:  0 0 0 0 0 0 3 0 2 0 2 0 2 0 2 0
  i_eqv: 613
         src: 443-> dest: 443
         Perm:  1 2 3 4 5 6 7 8 9 10 11 12 13 14 15 16
         Mode:  0 0 0 0 0 0 3 0 2 0 2 0 2 0 2 0
  i_eqv: 614
         src: 444-> dest: 444
         Perm:  1 2 3 4 5 6 7 8 9 10 11 12 13 14 15 16
         Mode:  0 0 0 0 0 0 3 0 2 0 2 0 2 0 2 0
  i_eqv: 615
         src: 445-> dest: 445
         Perm:  1 2 3 4 5 6 7 8 9 10 11 12 13 14 15 16
         Mode:  0 0 0 0 0 0 3 0 2 0 2 0 2 0 2 0
  i_eqv: 616
         src: 446-> dest: 446
         Perm:  1 2 3 4 5 6 7 8 9 10 11 12 13 14 15 16
         Mode:  0 0 0 0 0 0 3 0 2 0 2 0 2 0 2 0
  i_eqv: 617
         src: 447-> dest: 447
         Perm:  1 2 3 4 5 6 7 8 9 10 11 12 13 14 15 16
         Mode:  0 0 0 0 0 0 3 0 2 0 2 0 2 0 2 0
  i_eqv: 618
         src: 448-> dest: 448
         Perm:  1 2 3 4 5 6 7 8 9 10 11 12 13 14 15 16
         Mode:  0 0 0 0 0 0 3 0 2 0 2 0 2 0 2 0
  i_eqv: 619
         src: 449-> dest: 449
         Perm:  1 2 3 4 5 6 7 8 9 10 11 12 13 14 15 16
         Mode:  0 0 0 0 0 0 3 0 2 0 2 0 2 0 2 0
  i_eqv: 620
         src: 450-> dest: 450
         Perm:  1 2 3 4 5 6 7 8 9 10 11 12 13 14 15 16
         Mode:  0 0 0 0 0 0 3 0 2 0 2 0 2 0 2 0
  i_eqv: 621
         src: 451-> dest: 451
         Perm:  1 2 3 4 5 6 7 8 9 10 11 12 13 14 15 16
         Mode:  0 0 0 0 0 0 3 0 2 0 2 0 2 0 2 0
  i_eqv: 622
         src: 452-> dest: 452
         Perm:  1 2 3 4 5 6 7 8 9 10 11 12 13 14 15 16
         Mode:  0 0 0 0 0 0 3 0 2 0 2 0 2 0 2 0
  i_eqv: 623
         src: 453-> dest: 453
         Perm:  1 2 3 4 5 6 7 8 9 10 11 12 13 14 15 16
         Mode:  0 0 0 0 0 0 3 0 2 0 2 0 2 0 2 0
  i_eqv: 624
         src: 454-> dest: 454
         Perm:  1 2 3 4 5 6 7 8 9 10 11 12 13 14 15 16
         Mode:  0 0 0 0 0 0 3 0 2 0 2 0 2 0 2 0
  i_eqv: 625
         src: 455-> dest: 455
         Perm:  1 2 3 4 5 6 7 8 9 10 11 12 13 14 15 16
         Mode:  0 0 0 0 0 0 3 0 2 0 2 0 2 0 2 0
  i_eqv: 626
         src: 456-> dest: 456
         Perm:  1 2 3 4 5 6 7 8 9 10 11 12 13 14 15 16
         Mode:  0 0 0 0 0 0 3 0 2 0 2 0 2 0 2 0
  i_eqv: 627
         src: 457-> dest: 457
         Perm:  1 2 3 4 5 6 7 8 9 10 11 12 13 14 15 16
         Mode:  0 0 0 0 0 0 3 0 2 0 2 0 2 0 2 0
  i_eqv: 628
         src: 458-> dest: 458
         Perm:  1 2 3 4 5 6 7 8 9 10 11 12 13 14 15 16
         Mode:  0 0 0 0 0 0 3 0 2 0 2 0 2 0 2 0
  i_eqv: 629
         src: 459-> dest: 459
         Perm:  1 2 3 4 5 6 7 8 9 10 11 12 13 14 15 16
         Mode:  0 0 0 0 0 0 3 0 2 0 2 0 2 0 2 0
  i_eqv: 630
         src: 460-> dest: 460
         Perm:  1 2 3 4 5 6 7 8 9 10 11 12 13 14 15 16
         Mode:  0 0 0 0 0 0 3 0 2 0 2 0 2 0 2 0
  i_eqv: 631
         src: 461-> dest: 461
         Perm:  1 2 3 4 5 6 7 8 9 10 11 12 13 14 15 16
         Mode:  0 0 0 0 0 0 3 0 2 0 2 0 2 0 2 0
  i_eqv: 632
         src: 462-> dest: 462
         Perm:  1 2 3 4 5 6 7 8 9 10 11 12 13 14 15 16
         Mode:  0 0 0 0 0 0 3 0 2 0 2 0 2 0 2 0
  i_eqv: 633
         src: 463-> dest: 463
         Perm:  1 2 3 4 5 6 7 8 9 10 11 12 13 14 15 16
         Mode:  0 0 0 0 0 0 3 0 2 0 2 0 2 0 2 0
  i_eqv: 634
         src: 464-> dest: 464
         Perm:  1 2 3 4 5 6 7 8 9 10 11 12 13 14 15 16
         Mode:  0 0 0 0 0 0 3 0 2 0 2 0 2 0 2 0
  i_eqv: 635
         src: 465-> dest: 465
         Perm:  1 2 3 4 5 6 7 8 9 10 11 12 13 14 15 16
         Mode:  0 0 0 0 0 0 3 0 2 0 2 0 2 0 2 0
  i_eqv: 636
         src: 466-> dest: 466
         Perm:  1 2 3 4 5 6 7 8 9 10 11 12 13 14 15 16
         Mode:  0 0 0 0 0 0 3 0 2 0 2 0 2 0 2 0
  i_eqv: 637
         src: 467-> dest: 467
         Perm:  1 2 3 4 5 6 7 8 9 10 11 12 13 14 15 16
         Mode:  0 0 0 0 0 0 3 0 2 0 2 0 2 0 2 0
  i_eqv: 638
         src: 468-> dest: 468
         Perm:  1 2 3 4 5 6 7 8 9 10 11 12 13 14 15 16
         Mode:  0 0 0 0 0 0 3 0 2 0 2 0 2 0 2 0
  i_eqv: 639
         src: 469-> dest: 469
         Perm:  1 2 3 4 5 6 7 8 9 10 11 12 13 14 15 16
         Mode:  0 0 0 0 0 0 3 0 2 0 2 0 2 0 2 0
  i_eqv: 640
         src: 470-> dest: 470
         Perm:  1 2 3 4 5 6 7 8 9 10 11 12 13 14 15 16
         Mode:  0 0 0 0 0 0 3 0 2 0 2 0 2 0 2 0
  i_eqv: 641
         src: 471-> dest: 471
         Perm:  1 2 3 4 5 6 7 8 9 10 11 12 13 14 15 16
         Mode:  0 0 0 0 0 0 3 0 2 0 2 0 2 0 2 0
  i_eqv: 642
         src: 472-> dest: 472
         Perm:  1 2 3 4 5 6 7 8 9 10 11 12 13 14 15 16
         Mode:  0 0 0 0 0 0 3 0 2 0 2 0 2 0 2 0
  i_eqv: 643
         src: 473-> dest: 473
         Perm:  1 2 3 4 5 6 7 8 9 10 11 12 13 14 15 16
         Mode:  0 0 0 0 0 0 3 0 2 0 2 0 2 0 2 0
  i_eqv: 644
         src: 474-> dest: 474
         Perm:  1 2 3 4 5 6 7 8 9 10 11 12 13 14 15 16
         Mode:  0 0 0 0 0 0 3 0 2 0 2 0 2 0 2 0
  i_eqv: 645
         src: 475-> dest: 475
         Perm:  1 2 3 4 5 6 7 8 9 10 11 12 13 14 15 16
         Mode:  0 0 0 0 0 0 3 0 2 0 2 0 2 0 2 0
  i_eqv: 646
         src: 476-> dest: 476
         Perm:  1 2 3 4 5 6 7 8 9 10 11 12 13 14 15 16
         Mode:  0 0 0 0 0 0 3 0 2 0 2 0 2 0 2 0
  i_eqv: 647
         src: 477-> dest: 477
         Perm:  1 2 3 4 5 6 7 8 9 10 11 12 13 14 15 16
         Mode:  0 0 0 0 0 0 3 0 2 0 2 0 2 0 2 0
  i_eqv: 648
         src: 478-> dest: 478
         Perm:  1 2 3 4 5 6 7 8 9 10 11 12 13 14 15 16
         Mode:  0 0 0 0 0 0 3 0 2 0 2 0 2 0 2 0
  i_eqv: 649
         src: 479-> dest: 479
         Perm:  1 2 3 4 5 6 7 8 9 10 11 12 13 14 15 16
         Mode:  0 0 0 0 0 0 3 0 2 0 2 0 2 0 2 0
  i_eqv: 650
         src: 480-> dest: 480
         Perm:  1 2 3 4 5 6 7 8 9 10 11 12 13 14 15 16
         Mode:  0 0 0 0 0 0 3 0 2 0 2 0 2 0 2 0
  i_eqv: 651
         src: 481-> dest: 481
         Perm:  1 2 3 4 5 6 7 8 9 10 11 12 13 14 15 16
         Mode:  0 0 0 0 0 0 3 0 2 0 2 0 2 0 2 0
  i_eqv: 652
         src: 482-> dest: 482
         Perm:  1 2 3 4 5 6 7 8 9 10 11 12 13 14 15 16
         Mode:  0 0 0 0 0 0 3 0 2 0 2 0 2 0 2 0
  i_eqv: 653
         src: 483-> dest: 483
         Perm:  1 2 3 4 5 6 7 8 9 10 11 12 13 14 15 16
         Mode:  0 0 0 0 0 0 3 0 2 0 2 0 2 0 2 0
  i_eqv: 654
         src: 484-> dest: 484
         Perm:  1 2 3 4 5 6 7 8 9 10 11 12 13 14 15 16
         Mode:  0 0 0 0 0 0 3 0 2 0 2 0 2 0 2 0
  i_eqv: 655
         src: 485-> dest: 485
         Perm:  1 2 3 4 5 6 7 8 9 10 11 12 13 14 15 16
         Mode:  0 0 0 0 0 0 3 0 2 0 2 0 2 0 2 0
  i_eqv: 656
         src: 486-> dest: 486
         Perm:  1 2 3 4 5 6 7 8 9 10 11 12 13 14 15 16
         Mode:  0 0 0 0 0 0 3 0 2 0 2 0 2 0 2 0
  i_eqv: 657
         src: 487-> dest: 487
         Perm:  1 2 3 4 5 6 7 8 9 10 11 12 13 14 15 16
         Mode:  0 0 0 0 0 0 3 0 2 0 2 0 2 0 2 0
  i_eqv: 658
         src: 488-> dest: 488
         Perm:  1 2 3 4 5 6 7 8 9 10 11 12 13 14 15 16
         Mode:  0 0 0 0 0 0 3 0 2 0 2 0 2 0 2 0
  i_eqv: 659
         src: 489-> dest: 489
         Perm:  1 2 3 4 5 6 7 8 9 10 11 12 13 14 15 16
         Mode:  0 0 0 0 0 0 3 0 2 0 2 0 2 0 2 0
  i_eqv: 660
         src: 490-> dest: 490
         Perm:  1 2 3 4 5 6 7 8 9 10 11 12 13 14 15 16
         Mode:  0 0 0 0 0 0 3 0 2 0 2 0 2 0 2 0
  i_eqv: 661
         src: 491-> dest: 491
         Perm:  1 2 3 4 5 6 7 8 9 10 11 12 13 14 15 16
         Mode:  0 0 0 0 0 0 3 0 2 0 2 0 2 0 2 0
  i_eqv: 662
         src: 492-> dest: 492
         Perm:  1 2 3 4 5 6 7 8 9 10 11 12 13 14 15 16
         Mode:  0 0 0 0 0 0 3 0 2 0 2 0 2 0 2 0
  i_eqv: 663
         src: 493-> dest: 493
         Perm:  1 2 3 4 5 6 7 8 9 10 11 12 13 14 15 16
         Mode:  0 0 0 0 0 0 3 0 2 0 2 0 2 0 2 0
  i_eqv: 664
         src: 494-> dest: 494
         Perm:  1 2 3 4 5 6 7 8 9 10 11 12 13 14 15 16
         Mode:  0 0 0 0 0 0 3 0 2 0 2 0 2 0 2 0
  i_eqv: 665
         src: 495-> dest: 495
         Perm:  1 2 3 4 5 6 7 8 9 10 11 12 13 14 15 16
         Mode:  0 0 0 0 0 0 3 0 2 0 2 0 2 0 2 0
  i_eqv: 666
         src: 496-> dest: 496
         Perm:  1 2 3 4 5 6 7 8 9 10 11 12 13 14 15 16
         Mode:  0 0 0 0 0 0 3 0 2 0 2 0 2 0 2 0
  i_eqv: 667
         src: 497-> dest: 497
         Perm:  1 2 3 4 5 6 7 8 9 10 11 12 13 14 15 16
         Mode:  0 0 0 0 0 0 3 0 2 0 2 0 2 0 2 0
  i_eqv: 668
         src: 498-> dest: 498
         Perm:  1 2 3 4 5 6 7 8 9 10 11 12 13 14 15 16
         Mode:  0 0 0 0 0 0 3 0 2 0 2 0 2 0 2 0
  i_eqv: 669
         src: 499-> dest: 499
         Perm:  1 2 3 4 5 6 7 8 9 10 11 12 13 14 15 16
         Mode:  0 0 0 0 0 0 3 0 2 0 2 0 2 0 2 0
  i_eqv: 670
         src: 500-> dest: 500
         Perm:  1 2 3 4 5 6 7 8 9 10 11 12 13 14 15 16
         Mode:  0 0 0 0 0 0 3 0 2 0 2 0 2 0 2 0
  i_eqv: 671
         src: 501-> dest: 501
         Perm:  1 2 3 4 5 6 7 8 9 10 11 12 13 14 15 16
         Mode:  0 0 0 0 0 0 3 0 2 0 2 0 2 0 2 0
  i_eqv: 672
         src: 502-> dest: 502
         Perm:  1 2 3 4 5 6 7 8 9 10 11 12 13 14 15 16
         Mode:  0 0 0 0 0 0 3 0 2 0 2 0 2 0 2 0
  i_eqv: 673
         src: 503-> dest: 503
         Perm:  1 2 3 4 5 6 7 8 9 10 11 12 13 14 15 16
         Mode:  0 0 0 0 0 0 3 0 2 0 2 0 2 0 2 0
  i_eqv: 674
         src: 504-> dest: 504
         Perm:  1 2 3 4 5 6 7 8 9 10 11 12 13 14 15 16
         Mode:  0 0 0 0 0 0 3 0 2 0 2 0 2 0 2 0
  i_eqv: 675
         src: 505-> dest: 505
         Perm:  1 2 3 4 5 6 7 8 9 10 11 12 13 14 15 16
         Mode:  0 0 0 0 0 0 3 0 2 0 2 0 2 0 2 0
  i_eqv: 676
         src: 506-> dest: 506
         Perm:  1 2 3 4 5 6 7 8 9 10 11 12 13 14 15 16
         Mode:  0 0 0 0 0 0 3 0 2 0 2 0 2 0 2 0
  i_eqv: 677
         src: 507-> dest: 507
         Perm:  1 2 3 4 5 6 7 8 9 10 11 12 13 14 15 16
         Mode:  0 0 0 0 0 0 3 0 2 0 2 0 2 0 2 0
  i_eqv: 678
         src: 508-> dest: 508
         Perm:  1 2 3 4 5 6 7 8 9 10 11 12 13 14 15 16
         Mode:  0 0 0 0 0 0 3 0 2 0 2 0 2 0 2 0
  i_eqv: 679
         src: 509-> dest: 509
         Perm:  1 2 3 4 5 6 7 8 9 10 11 12 13 14 15 16
         Mode:  0 0 0 0 0 0 3 0 2 0 2 0 2 0 2 0
  i_eqv: 680
         src: 510-> dest: 510
         Perm:  1 2 3 4 5 6 7 8 9 10 11 12 13 14 15 16
         Mode:  0 0 0 0 0 0 3 0 2 0 2 0 2 0 2 0
  i_eqv: 681
         src: 511-> dest: 511
         Perm:  1 2 3 4 5 6 7 8 9 10 11 12 13 14 15 16
         Mode:  0 0 0 0 0 0 3 0 2 0 2 0 2 0 2 0
  i_eqv: 682
         src: 512-> dest: 512
         Perm:  1 2 3 4 5 6 7 8 9 10 11 12 13 14 15 16
         Mode:  0 0 0 0 0 0 3 0 2 0 2 0 2 0 2 0
  i_eqv: 683
         src: 513-> dest: 513
         Perm:  1 2 3 4 5 6 7 8 9 10 11 12 13 14 15 16
         Mode:  0 0 0 0 0 0 3 0 2 0 2 0 2 0 2 0
  i_eqv: 684
         src: 514-> dest: 514
         Perm:  1 2 3 4 5 6 7 8 9 10 11 12 13 14 15 16
         Mode:  0 0 0 0 0 0 3 0 2 0 2 0 2 0 2 0
  i_eqv: 685
         src: 515-> dest: 515
         Perm:  1 2 3 4 5 6 7 8 9 10 11 12 13 14 15 16
         Mode:  0 0 0 0 0 0 3 0 2 0 2 0 2 0 2 0
  i_eqv: 686
         src: 516-> dest: 516
         Perm:  1 2 3 4 5 6 7 8 9 10 11 12 13 14 15 16
         Mode:  0 0 0 0 0 0 3 0 2 0 2 0 2 0 2 0
  i_eqv: 687
         src: 517-> dest: 517
         Perm:  1 2 3 4 5 6 7 8 9 10 11 12 13 14 15 16
         Mode:  0 0 0 0 0 0 3 0 2 0 2 0 2 0 2 0
  i_eqv: 688
         src: 518-> dest: 518
         Perm:  1 2 3 4 5 6 7 8 9 10 11 12 13 14 15 16
         Mode:  0 0 0 0 0 0 3 0 2 0 2 0 2 0 2 0
  i_eqv: 689
         src: 519-> dest: 519
         Perm:  1 2 3 4 5 6 7 8 9 10 11 12 13 14 15 16
         Mode:  0 0 0 0 0 0 3 0 2 0 2 0 2 0 2 0
  i_eqv: 690
         src: 520-> dest: 520
         Perm:  1 2 3 4 5 6 7 8 9 10 11 12 13 14 15 16
         Mode:  0 0 0 0 0 0 3 0 2 0 2 0 2 0 2 0
  i_eqv: 691
         src: 521-> dest: 521
         Perm:  1 2 3 4 5 6 7 8 9 10 11 12 13 14 15 16
         Mode:  0 0 0 0 0 0 3 0 2 0 2 0 2 0 2 0
  i_eqv: 692
         src: 522-> dest: 522
         Perm:  1 2 3 4 5 6 7 8 9 10 11 12 13 14 15 16
         Mode:  0 0 0 0 0 0 3 0 2 0 2 0 2 0 2 0
  i_eqv: 693
         src: 523-> dest: 523
         Perm:  1 2 3 4 5 6 7 8 9 10 11 12 13 14 15 16
         Mode:  0 0 0 0 0 0 3 0 2 0 2 0 2 0 2 0
  i_eqv: 694
         src: 524-> dest: 524
         Perm:  1 2 3 4 5 6 7 8 9 10 11 12 13 14 15 16
         Mode:  0 0 0 0 0 0 3 0 2 0 2 0 2 0 2 0
  i_eqv: 695
         src: 525-> dest: 525
         Perm:  1 2 3 4 5 6 7 8 9 10 11 12 13 14 15 16
         Mode:  0 0 0 0 0 0 3 0 2 0 2 0 2 0 2 0
  i_eqv: 696
         src: 526-> dest: 526
         Perm:  1 2 3 4 5 6 7 8 9 10 11 12 13 14 15 16
         Mode:  0 0 0 0 0 0 3 0 2 0 2 0 2 0 2 0
  i_eqv: 697
         src: 527-> dest: 527
         Perm:  1 2 3 4 5 6 7 8 9 10 11 12 13 14 15 16
         Mode:  0 0 0 0 0 0 3 0 2 0 2 0 2 0 2 0
  i_eqv: 698
         src: 528-> dest: 528
         Perm:  1 2 3 4 5 6 7 8 9 10 11 12 13 14 15 16
         Mode:  0 0 0 0 0 0 3 0 2 0 2 0 2 0 2 0
  i_eqv: 699
         src: 529-> dest: 529
         Perm:  1 2 3 4 5 6 7 8 9 10 11 12 13 14 15 16
         Mode:  0 0 0 0 0 0 3 0 2 0 2 0 2 0 2 0
  i_eqv: 700
         src: 530-> dest: 530
         Perm:  1 2 3 4 5 6 7 8 9 10 11 12 13 14 15 16
         Mode:  0 0 0 0 0 0 3 0 2 0 2 0 2 0 2 0
  i_eqv: 701
         src: 531-> dest: 531
         Perm:  1 2 3 4 5 6 7 8 9 10 11 12 13 14 15 16
         Mode:  0 0 0 0 0 0 3 0 2 0 2 0 2 0 2 0
  i_eqv: 702
         src: 532-> dest: 532
         Perm:  1 2 3 4 5 6 7 8 9 10 11 12 13 14 15 16
         Mode:  0 0 0 0 0 0 3 0 2 0 2 0 2 0 2 0
  i_eqv: 703
         src: 533-> dest: 533
         Perm:  1 2 3 4 5 6 7 8 9 10 11 12 13 14 15 16
         Mode:  0 0 0 0 0 0 3 0 2 0 2 0 2 0 2 0
  i_eqv: 704
         src: 534-> dest: 534
         Perm:  1 2 3 4 5 6 7 8 9 10 11 12 13 14 15 16
         Mode:  0 0 0 0 0 0 3 0 2 0 2 0 2 0 2 0
  i_eqv: 705
         src: 535-> dest: 535
         Perm:  1 2 3 4 5 6 7 8 9 10 11 12 13 14 15 16
         Mode:  0 0 0 0 0 0 3 0 2 0 2 0 2 0 2 0
  i_eqv: 706
         src: 536-> dest: 536
         Perm:  1 2 3 4 5 6 7 8 9 10 11 12 13 14 15 16
         Mode:  0 0 0 0 0 0 3 0 2 0 2 0 2 0 2 0
  i_eqv: 707
         src: 537-> dest: 537
         Perm:  1 2 3 4 5 6 7 8 9 10 11 12 13 14 15 16
         Mode:  0 0 0 0 0 0 3 0 2 0 2 0 2 0 2 0
  i_eqv: 708
         src: 538-> dest: 538
         Perm:  1 2 3 4 5 6 7 8 9 10 11 12 13 14 15 16
         Mode:  0 0 0 0 0 0 3 0 2 0 2 0 2 0 2 0
  i_eqv: 709
         src: 539-> dest: 539
         Perm:  1 2 3 4 5 6 7 8 9 10 11 12 13 14 15 16
         Mode:  0 0 0 0 0 0 3 0 2 0 2 0 2 0 2 0
  i_eqv: 710
         src: 540-> dest: 540
         Perm:  1 2 3 4 5 6 7 8 9 10 11 12 13 14 15 16
         Mode:  0 0 0 0 0 0 3 0 2 0 2 0 2 0 2 0
  i_eqv: 711
         src: 541-> dest: 541
         Perm:  1 2 3 4 5 6 7 8 9 10 11 12 13 14 15 16
         Mode:  0 0 0 0 0 0 3 0 2 0 2 0 2 0 2 0
  i_eqv: 712
         src: 542-> dest: 542
         Perm:  1 2 3 4 5 6 7 8 9 10 11 12 13 14 15 16
         Mode:  0 0 0 0 0 0 3 0 2 0 2 0 2 0 2 0
  i_eqv: 713
         src: 543-> dest: 543
         Perm:  1 2 3 4 5 6 7 8 9 10 11 12 13 14 15 16
         Mode:  0 0 0 0 0 0 3 0 2 0 2 0 2 0 2 0
  i_eqv: 714
         src: 544-> dest: 544
         Perm:  1 2 3 4 5 6 7 8 9 10 11 12 13 14 15 16
         Mode:  0 0 0 0 0 0 3 0 2 0 2 0 2 0 2 0
  i_eqv: 715
         src: 545-> dest: 545
         Perm:  1 2 3 4 5 6 7 8 9 10 11 12 13 14 15 16
         Mode:  0 0 0 0 0 0 3 0 2 0 2 0 2 0 2 0
  i_eqv: 716
         src: 546-> dest: 546
         Perm:  1 2 3 4 5 6 7 8 9 10 11 12 13 14 15 16
         Mode:  0 0 0 0 0 0 3 0 2 0 2 0 2 0 2 0
  i_eqv: 717
         src: 547-> dest: 547
         Perm:  1 2 3 4 5 6 7 8 9 10 11 12 13 14 15 16
         Mode:  0 0 0 0 0 0 3 0 2 0 2 0 2 0 2 0
  i_eqv: 718
         src: 548-> dest: 548
         Perm:  1 2 3 4 5 6 7 8 9 10 11 12 13 14 15 16
         Mode:  0 0 0 0 0 0 3 0 2 0 2 0 2 0 2 0
  i_eqv: 719
         src: 549-> dest: 549
         Perm:  1 2 3 4 5 6 7 8 9 10 11 12 13 14 15 16
         Mode:  0 0 0 0 0 0 3 0 2 0 2 0 2 0 2 0
  i_eqv: 720
         src: 550-> dest: 550
         Perm:  1 2 3 4 5 6 7 8 9 10 11 12 13 14 15 16
         Mode:  0 0 0 0 0 0 3 0 2 0 2 0 2 0 2 0
  i_eqv: 721
         src: 551-> dest: 551
         Perm:  1 2 3 4 5 6 7 8 9 10 11 12 13 14 15 16
         Mode:  0 0 0 0 0 0 3 0 2 0 2 0 2 0 2 0
  i_eqv: 722
         src: 552-> dest: 552
         Perm:  1 2 3 4 5 6 7 8 9 10 11 12 13 14 15 16
         Mode:  0 0 0 0 0 0 3 0 2 0 2 0 2 0 2 0
  i_eqv: 723
         src: 553-> dest: 553
         Perm:  1 2 3 4 5 6 7 8 9 10 11 12 13 14 15 16
         Mode:  0 0 0 0 0 0 3 0 2 0 2 0 2 0 2 0
  i_eqv: 724
         src: 554-> dest: 554
         Perm:  1 2 3 4 5 6 7 8 9 10 11 12 13 14 15 16
         Mode:  0 0 0 0 0 0 3 0 2 0 2 0 2 0 2 0
  i_eqv: 725
         src: 555-> dest: 555
         Perm:  1 2 3 4 5 6 7 8 9 10 11 12 13 14 15 16
         Mode:  0 0 0 0 0 0 3 0 2 0 2 0 2 0 2 0
  i_eqv: 726
         src: 556-> dest: 556
         Perm:  1 2 3 4 5 6 7 8 9 10 11 12 13 14 15 16
         Mode:  0 0 0 0 0 0 3 0 2 0 2 0 2 0 2 0
  i_eqv: 727
         src: 557-> dest: 557
         Perm:  1 2 3 4 5 6 7 8 9 10 11 12 13 14 15 16
         Mode:  0 0 0 0 0 0 3 0 2 0 2 0 2 0 2 0
  i_eqv: 728
         src: 558-> dest: 558
         Perm:  1 2 3 4 5 6 7 8 9 10 11 12 13 14 15 16
         Mode:  0 0 0 0 0 0 3 0 2 0 2 0 2 0 2 0
  i_eqv: 729
         src: 559-> dest: 559
         Perm:  1 2 3 4 5 6 7 8 9 10 11 12 13 14 15 16
         Mode:  0 0 0 0 0 0 3 0 2 0 2 0 2 0 2 0
  i_eqv: 730
         src: 560-> dest: 560
         Perm:  1 2 3 4 5 6 7 8 9 10 11 12 13 14 15 16
         Mode:  0 0 0 0 0 0 3 0 2 0 2 0 2 0 2 0
  i_eqv: 731
         src: 561-> dest: 561
         Perm:  1 2 3 4 5 6 7 8 9 10 11 12 13 14 15 16
         Mode:  0 0 0 0 0 0 3 0 2 0 2 0 2 0 2 0
  i_eqv: 732
         src: 562-> dest: 562
         Perm:  1 2 3 4 5 6 7 8 9 10 11 12 13 14 15 16
         Mode:  0 0 0 0 0 0 3 0 2 0 2 0 2 0 2 0
  i_eqv: 733
         src: 563-> dest: 563
         Perm:  1 2 3 4 5 6 7 8 9 10 11 12 13 14 15 16
         Mode:  0 0 0 0 0 0 3 0 2 0 2 0 2 0 2 0
  i_eqv: 734
         src: 564-> dest: 564
         Perm:  1 2 3 4 5 6 7 8 9 10 11 12 13 14 15 16
         Mode:  0 0 0 0 0 0 3 0 2 0 2 0 2 0 2 0
  i_eqv: 735
         src: 565-> dest: 565
         Perm:  1 2 3 4 5 6 7 8 9 10 11 12 13 14 15 16
         Mode:  0 0 0 0 0 0 3 0 2 0 2 0 2 0 2 0
  i_eqv: 736
         src: 566-> dest: 566
         Perm:  1 2 3 4 5 6 7 8 9 10 11 12 13 14 15 16
         Mode:  0 0 0 0 0 0 3 0 2 0 2 0 2 0 2 0
  i_eqv: 737
         src: 567-> dest: 567
         Perm:  1 2 3 4 5 6 7 8 9 10 11 12 13 14 15 16
         Mode:  0 0 0 0 0 0 3 0 2 0 2 0 2 0 2 0
  i_eqv: 738
         src: 568-> dest: 568
         Perm:  1 2 3 4 5 6 7 8 9 10 11 12 13 14 15 16
         Mode:  0 0 0 0 0 0 3 0 2 0 2 0 2 0 2 0
  i_eqv: 739
         src: 569-> dest: 569
         Perm:  1 2 3 4 5 6 7 8 9 10 11 12 13 14 15 16
         Mode:  0 0 0 0 0 0 3 0 2 0 2 0 2 0 2 0
  i_eqv: 740
         src: 570-> dest: 570
         Perm:  1 2 3 4 5 6 7 8 9 10 11 12 13 14 15 16
         Mode:  0 0 0 0 0 0 3 0 2 0 2 0 2 0 2 0
  i_eqv: 741
         src: 571-> dest: 571
         Perm:  1 2 3 4 5 6 7 8 9 10 11 12 13 14 15 16
         Mode:  0 0 0 0 0 0 3 0 2 0 2 0 2 0 2 0
  i_eqv: 742
         src: 572-> dest: 572
         Perm:  1 2 3 4 5 6 7 8 9 10 11 12 13 14 15 16
         Mode:  0 0 0 0 0 0 3 0 2 0 2 0 2 0 2 0
  i_eqv: 743
         src: 573-> dest: 573
         Perm:  1 2 3 4 5 6 7 8 9 10 11 12 13 14 15 16
         Mode:  0 0 0 0 0 0 3 0 2 0 2 0 2 0 2 0
  i_eqv: 744
         src: 574-> dest: 574
         Perm:  1 2 3 4 5 6 7 8 9 10 11 12 13 14 15 16
         Mode:  0 0 0 0 0 0 3 0 2 0 2 0 2 0 2 0
  i_eqv: 745
         src: 575-> dest: 575
         Perm:  1 2 3 4 5 6 7 8 9 10 11 12 13 14 15 16
         Mode:  0 0 0 0 0 0 3 0 2 0 2 0 2 0 2 0
  i_eqv: 746
         src: 576-> dest: 576
         Perm:  1 2 3 4 5 6 7 8 9 10 11 12 13 14 15 16
         Mode:  0 0 0 0 0 0 3 0 2 0 2 0 2 0 2 0
  i_eqv: 747
         src: 577-> dest: 577
         Perm:  1 2 3 4 5 6 7 8 9 10 11 12 13 14 15 16
         Mode:  0 0 0 0 0 0 3 0 2 0 2 0 2 0 2 0
  i_eqv: 748
         src: 578-> dest: 578
         Perm:  1 2 3 4 5 6 7 8 9 10 11 12 13 14 15 16
         Mode:  0 0 0 0 0 0 3 0 2 0 2 0 2 0 2 0
  i_eqv: 749
         src: 579-> dest: 579
         Perm:  1 2 3 4 5 6 7 8 9 10 11 12 13 14 15 16
         Mode:  0 0 0 0 0 0 3 0 2 0 2 0 2 0 2 0
  i_eqv: 750
         src: 580-> dest: 580
         Perm:  1 2 3 4 5 6 7 8 9 10 11 12 13 14 15 16
         Mode:  0 0 0 0 0 0 3 0 2 0 2 0 2 0 2 0
  i_eqv: 751
         src: 581-> dest: 581
         Perm:  1 2 3 4 5 6 7 8 9 10 11 12 13 14 15 16
         Mode:  0 0 0 0 0 0 3 0 2 0 2 0 2 0 2 0
  i_eqv: 752
         src: 582-> dest: 582
         Perm:  1 2 3 4 5 6 7 8 9 10 11 12 13 14 15 16
         Mode:  0 0 0 0 0 0 3 0 2 0 2 0 2 0 2 0
  i_eqv: 753
         src: 583-> dest: 583
         Perm:  1 2 3 4 5 6 7 8 9 10 11 12 13 14 15 16
         Mode:  0 0 0 0 0 0 3 0 2 0 2 0 2 0 2 0
  i_eqv: 754
         src: 584-> dest: 584
         Perm:  1 2 3 4 5 6 7 8 9 10 11 12 13 14 15 16
         Mode:  0 0 0 0 0 0 3 0 2 0 2 0 2 0 2 0
  i_eqv: 755
         src: 585-> dest: 585
         Perm:  1 2 3 4 5 6 7 8 9 10 11 12 13 14 15 16
         Mode:  0 0 0 0 0 0 3 0 2 0 2 0 2 0 2 0
  i_eqv: 756
         src: 586-> dest: 586
         Perm:  1 2 3 4 5 6 7 8 9 10 11 12 13 14 15 16
         Mode:  0 0 0 0 0 0 3 0 2 0 2 0 2 0 2 0
  i_eqv: 757
         src: 587-> dest: 587
         Perm:  1 2 3 4 5 6 7 8 9 10 11 12 13 14 15 16
         Mode:  0 0 0 0 0 0 3 0 2 0 2 0 2 0 2 0
  i_eqv: 758
         src: 588-> dest: 588
         Perm:  1 2 3 4 5 6 7 8 9 10 11 12 13 14 15 16
         Mode:  0 0 0 0 0 0 3 0 2 0 2 0 2 0 2 0
  i_eqv: 759
         src: 589-> dest: 589
         Perm:  1 2 3 4 5 6 7 8 9 10 11 12 13 14 15 16
         Mode:  0 0 0 0 0 0 3 0 2 0 2 0 2 0 2 0
  i_eqv: 760
         src: 590-> dest: 590
         Perm:  1 2 3 4 5 6 7 8 9 10 11 12 13 14 15 16
         Mode:  0 0 0 0 0 0 3 0 2 0 2 0 2 0 2 0
  i_eqv: 761
         src: 591-> dest: 591
         Perm:  1 2 3 4 5 6 7 8 9 10 11 12 13 14 15 16
         Mode:  0 0 0 0 0 0 3 0 2 0 2 0 2 0 2 0
  i_eqv: 762
         src: 592-> dest: 592
         Perm:  1 2 3 4 5 6 7 8 9 10 11 12 13 14 15 16
         Mode:  0 0 0 0 0 0 3 0 2 0 2 0 2 0 2 0
  i_eqv: 763
         src: 593-> dest: 593
         Perm:  1 2 3 4 5 6 7 8 9 10 11 12 13 14 15 16
         Mode:  0 0 0 0 0 0 3 0 2 0 2 0 2 0 2 0
  i_eqv: 764
         src: 594-> dest: 594
         Perm:  1 2 3 4 5 6 7 8 9 10 11 12 13 14 15 16
         Mode:  0 0 0 0 0 0 3 0 2 0 2 0 2 0 2 0
  i_eqv: 765
         src: 595-> dest: 595
         Perm:  1 2 3 4 5 6 7 8 9 10 11 12 13 14 15 16
         Mode:  0 0 0 0 0 0 3 0 2 0 2 0 2 0 2 0
  i_eqv: 766
         src: 596-> dest: 596
         Perm:  1 2 3 4 5 6 7 8 9 10 11 12 13 14 15 16
         Mode:  0 0 0 0 0 0 3 0 2 0 2 0 2 0 2 0
  i_eqv: 767
         src: 597-> dest: 597
         Perm:  1 2 3 4 5 6 7 8 9 10 11 12 13 14 15 16
         Mode:  0 0 0 0 0 0 3 0 2 0 2 0 2 0 2 0
  i_eqv: 768
         src: 598-> dest: 598
         Perm:  1 2 3 4 5 6 7 8 9 10 11 12 13 14 15 16
         Mode:  0 0 0 0 0 0 3 0 2 0 2 0 2 0 2 0
  i_eqv: 769
         src: 599-> dest: 599
         Perm:  1 2 3 4 5 6 7 8 9 10 11 12 13 14 15 16
         Mode:  0 0 0 0 0 0 3 0 2 0 2 0 2 0 2 0
  i_eqv: 770
         src: 600-> dest: 600
         Perm:  1 2 3 4 5 6 7 8 9 10 11 12 13 14 15 16
         Mode:  0 0 0 0 0 0 3 0 2 0 2 0 2 0 2 0
  i_eqv: 771
         src: 601-> dest: 601
         Perm:  1 2 3 4 5 6 7 8 9 10 11 12 13 14 15 16
         Mode:  0 0 0 0 0 0 3 0 2 0 2 0 2 0 2 0
  i_eqv: 772
         src: 602-> dest: 602
         Perm:  1 2 3 4 5 6 7 8 9 10 11 12 13 14 15 16
         Mode:  0 0 0 0 0 0 3 0 2 0 2 0 2 0 2 0
  i_eqv: 773
         src: 603-> dest: 603
         Perm:  1 2 3 4 5 6 7 8 9 10 11 12 13 14 15 16
         Mode:  0 0 0 0 0 0 3 0 2 0 2 0 2 0 2 0
  i_eqv: 774
         src: 604-> dest: 604
         Perm:  1 2 3 4 5 6 7 8 9 10 11 12 13 14 15 16
         Mode:  0 0 0 0 0 0 3 0 2 0 2 0 2 0 2 0
  i_eqv: 775
         src: 605-> dest: 605
         Perm:  1 2 3 4 5 6 7 8 9 10 11 12 13 14 15 16
         Mode:  0 0 0 0 0 0 3 0 2 0 2 0 2 0 2 0
  i_eqv: 776
         src: 606-> dest: 606
         Perm:  1 2 3 4 5 6 7 8 9 10 11 12 13 14 15 16
         Mode:  0 0 0 0 0 0 3 0 2 0 2 0 2 0 2 0
  i_eqv: 777
         src: 607-> dest: 607
         Perm:  1 2 3 4 5 6 7 8 9 10 11 12 13 14 15 16
         Mode:  0 0 0 0 0 0 3 0 2 0 2 0 2 0 2 0
  i_eqv: 778
         src: 608-> dest: 608
         Perm:  1 2 3 4 5 6 7 8 9 10 11 12 13 14 15 16
         Mode:  0 0 0 0 0 0 3 0 2 0 2 0 2 0 2 0
  i_eqv: 779
         src: 609-> dest: 609
         Perm:  1 2 3 4 5 6 7 8 9 10 11 12 13 14 15 16
         Mode:  0 0 0 0 0 0 3 0 2 0 2 0 2 0 2 0
  i_eqv: 780
         src: 610-> dest: 610
         Perm:  1 2 3 4 5 6 7 8 9 10 11 12 13 14 15 16
         Mode:  0 0 0 0 0 0 3 0 2 0 2 0 2 0 2 0
  i_eqv: 781
         src: 611-> dest: 611
         Perm:  1 2 3 4 5 6 7 8 9 10 11 12 13 14 15 16
         Mode:  0 0 0 0 0 0 3 0 2 0 2 0 2 0 2 0
  i_eqv: 782
         src: 612-> dest: 612
         Perm:  1 2 3 4 5 6 7 8 9 10 11 12 13 14 15 16
         Mode:  0 0 0 0 0 0 3 0 2 0 2 0 2 0 2 0
  i_eqv: 783
         src: 613-> dest: 613
         Perm:  1 2 3 4 5 6 7 8 9 10 11 12 13 14 15 16
         Mode:  0 0 0 0 0 0 3 0 2 0 2 0 2 0 2 0
  i_eqv: 784
         src: 614-> dest: 614
         Perm:  1 2 3 4 5 6 7 8 9 10 11 12 13 14 15 16
         Mode:  0 0 0 0 0 0 3 0 2 0 2 0 2 0 2 0
  i_eqv: 785
         src: 615-> dest: 615
         Perm:  1 2 3 4 5 6 7 8 9 10 11 12 13 14 15 16
         Mode:  0 0 0 0 0 0 3 0 2 0 2 0 2 0 2 0
  i_eqv: 786
         src: 616-> dest: 616
         Perm:  1 2 3 4 5 6 7 8 9 10 11 12 13 14 15 16
         Mode:  0 0 0 0 0 0 3 0 2 0 2 0 2 0 2 0
  i_eqv: 787
         src: 617-> dest: 617
         Perm:  1 2 3 4 5 6 7 8 9 10 11 12 13 14 15 16
         Mode:  0 0 0 0 0 0 3 0 2 0 2 0 2 0 2 0
  i_eqv: 788
         src: 618-> dest: 618
         Perm:  1 2 3 4 5 6 7 8 9 10 11 12 13 14 15 16
         Mode:  0 0 0 0 0 0 3 0 2 0 2 0 2 0 2 0
  i_eqv: 789
         src: 619-> dest: 619
         Perm:  1 2 3 4 5 6 7 8 9 10 11 12 13 14 15 16
         Mode:  0 0 0 0 0 0 3 0 2 0 2 0 2 0 2 0
  i_eqv: 790
         src: 620-> dest: 620
         Perm:  1 2 3 4 5 6 7 8 9 10 11 12 13 14 15 16
         Mode:  0 0 0 0 0 0 3 0 2 0 2 0 2 0 2 0
  i_eqv: 791
         src: 621-> dest: 621
         Perm:  1 2 3 4 5 6 7 8 9 10 11 12 13 14 15 16
         Mode:  0 0 0 0 0 0 3 0 2 0 2 0 2 0 2 0
  i_eqv: 792
         src: 622-> dest: 622
         Perm:  1 2 3 4 5 6 7 8 9 10 11 12 13 14 15 16
         Mode:  0 0 0 0 0 0 3 0 2 0 2 0 2 0 2 0
  i_eqv: 793
         src: 623-> dest: 623
         Perm:  1 2 3 4 5 6 7 8 9 10 11 12 13 14 15 16
         Mode:  0 0 0 0 0 0 3 0 2 0 2 0 2 0 2 0
  i_eqv: 794
         src: 624-> dest: 624
         Perm:  1 2 3 4 5 6 7 8 9 10 11 12 13 14 15 16
         Mode:  0 0 0 0 0 0 3 0 2 0 2 0 2 0 2 0
  i_eqv: 795
         src: 625-> dest: 625
         Perm:  1 2 3 4 5 6 7 8 9 10 11 12 13 14 15 16
         Mode:  0 0 0 0 0 0 3 0 2 0 2 0 2 0 2 0
  i_eqv: 796
         src: 626-> dest: 626
         Perm:  1 2 3 4 5 6 7 8 9 10 11 12 13 14 15 16
         Mode:  0 0 0 0 0 0 3 0 2 0 2 0 2 0 2 0
  i_eqv: 797
         src: 627-> dest: 627
         Perm:  1 2 3 4 5 6 7 8 9 10 11 12 13 14 15 16
         Mode:  0 0 0 0 0 0 3 0 2 0 2 0 2 0 2 0
  i_eqv: 798
         src: 628-> dest: 628
         Perm:  1 2 3 4 5 6 7 8 9 10 11 12 13 14 15 16
         Mode:  0 0 0 0 0 0 3 0 2 0 2 0 2 0 2 0
  i_eqv: 799
         src: 629-> dest: 629
         Perm:  1 2 3 4 5 6 7 8 9 10 11 12 13 14 15 16
         Mode:  0 0 0 0 0 0 3 0 2 0 2 0 2 0 2 0
  i_eqv: 800
         src: 630-> dest: 630
         Perm:  1 2 3 4 5 6 7 8 9 10 11 12 13 14 15 16
         Mode:  0 0 0 0 0 0 3 0 2 0 2 0 2 0 2 0
  i_eqv: 801
         src: 631-> dest: 631
         Perm:  1 2 3 4 5 6 7 8 9 10 11 12 13 14 15 16
         Mode:  0 0 0 0 0 0 3 0 2 0 2 0 2 0 2 0
  i_eqv: 802
         src: 632-> dest: 632
         Perm:  1 2 3 4 5 6 7 8 9 10 11 12 13 14 15 16
         Mode:  0 0 0 0 0 0 3 0 2 0 2 0 2 0 2 0
  i_eqv: 803
         src: 633-> dest: 633
         Perm:  1 2 3 4 5 6 7 8 9 10 11 12 13 14 15 16
         Mode:  0 0 0 0 0 0 3 0 2 0 2 0 2 0 2 0
  i_eqv: 804
         src: 634-> dest: 634
         Perm:  1 2 3 4 5 6 7 8 9 10 11 12 13 14 15 16
         Mode:  0 0 0 0 0 0 3 0 2 0 2 0 2 0 2 0
  i_eqv: 805
         src: 635-> dest: 635
         Perm:  1 2 3 4 5 6 7 8 9 10 11 12 13 14 15 16
         Mode:  0 0 0 0 0 0 3 0 2 0 2 0 2 0 2 0
  i_eqv: 806
         src: 636-> dest: 636
         Perm:  1 2 3 4 5 6 7 8 9 10 11 12 13 14 15 16
         Mode:  0 0 0 0 0 0 3 0 2 0 2 0 2 0 2 0
  i_eqv: 807
         src: 637-> dest: 637
         Perm:  1 2 3 4 5 6 7 8 9 10 11 12 13 14 15 16
         Mode:  0 0 0 0 0 0 3 0 2 0 2 0 2 0 2 0
  i_eqv: 808
         src: 638-> dest: 638
         Perm:  1 2 3 4 5 6 7 8 9 10 11 12 13 14 15 16
         Mode:  0 0 0 0 0 0 3 0 2 0 2 0 2 0 2 0
  i_eqv: 809
         src: 639-> dest: 639
         Perm:  1 2 3 4 5 6 7 8 9 10 11 12 13 14 15 16
         Mode:  0 0 0 0 0 0 3 0 2 0 2 0 2 0 2 0
  i_eqv: 810
         src: 640-> dest: 640
         Perm:  1 2 3 4 5 6 7 8 9 10 11 12 13 14 15 16
         Mode:  0 0 0 0 0 0 3 0 2 0 2 0 2 0 2 0
  i_eqv: 811
         src: 641-> dest: 641
         Perm:  1 2 3 4 5 6 7 8 9 10 11 12 13 14 15 16
         Mode:  0 0 0 0 0 0 3 0 2 0 2 0 2 0 2 0
  i_eqv: 812
         src: 642-> dest: 642
         Perm:  1 2 3 4 5 6 7 8 9 10 11 12 13 14 15 16
         Mode:  0 0 0 0 0 0 3 0 2 0 2 0 2 0 2 0
  i_eqv: 813
         src: 643-> dest: 643
         Perm:  1 2 3 4 5 6 7 8 9 10 11 12 13 14 15 16
         Mode:  0 0 0 0 0 0 3 0 2 0 2 0 2 0 2 0
  i_eqv: 814
         src: 644-> dest: 644
         Perm:  1 2 3 4 5 6 7 8 9 10 11 12 13 14 15 16
         Mode:  0 0 0 0 0 0 3 0 2 0 2 0 2 0 2 0
  i_eqv: 815
         src: 645-> dest: 645
         Perm:  1 2 3 4 5 6 7 8 9 10 11 12 13 14 15 16
         Mode:  0 0 0 0 0 0 3 0 2 0 2 0 2 0 2 0
  i_eqv: 816
         src: 646-> dest: 646
         Perm:  1 2 3 4 5 6 7 8 9 10 11 12 13 14 15 16
         Mode:  0 0 0 0 0 0 3 0 2 0 2 0 2 0 2 0
  i_eqv: 817
         src: 647-> dest: 647
         Perm:  1 2 3 4 5 6 7 8 9 10 11 12 13 14 15 16
         Mode:  0 0 0 0 0 0 3 0 2 0 2 0 2 0 2 0
  i_eqv: 818
         src: 648-> dest: 648
         Perm:  1 2 3 4 5 6 7 8 9 10 11 12 13 14 15 16
         Mode:  0 0 0 0 0 0 3 0 2 0 2 0 2 0 2 0
  i_eqv: 819
         src: 649-> dest: 649
         Perm:  1 2 3 4 5 6 7 8 9 10 11 12 13 14 15 16
         Mode:  0 0 0 0 0 0 3 0 2 0 2 0 2 0 2 0
  i_eqv: 820
         src: 650-> dest: 650
         Perm:  1 2 3 4 5 6 7 8 9 10 11 12 13 14 15 16
         Mode:  0 0 0 0 0 0 3 0 2 0 2 0 2 0 2 0
  i_eqv: 821
         src: 651-> dest: 651
         Perm:  1 2 3 4 5 6 7 8 9 10 11 12 13 14 15 16
         Mode:  0 0 0 0 0 0 3 0 2 0 2 0 2 0 2 0
  i_eqv: 822
         src: 652-> dest: 652
         Perm:  1 2 3 4 5 6 7 8 9 10 11 12 13 14 15 16
         Mode:  0 0 0 0 0 0 3 0 2 0 2 0 2 0 2 0
  i_eqv: 823
         src: 653-> dest: 653
         Perm:  1 2 3 4 5 6 7 8 9 10 11 12 13 14 15 16
         Mode:  0 0 0 0 0 0 3 0 2 0 2 0 2 0 2 0
  i_eqv: 824
         src: 654-> dest: 654
         Perm:  1 2 3 4 5 6 7 8 9 10 11 12 13 14 15 16
         Mode:  0 0 0 0 0 0 3 0 2 0 2 0 2 0 2 0
  i_eqv: 825
         src: 655-> dest: 655
         Perm:  1 2 3 4 5 6 7 8 9 10 11 12 13 14 15 16
         Mode:  0 0 0 0 0 0 3 0 2 0 2 0 2 0 2 0
  i_eqv: 826
         src: 656-> dest: 656
         Perm:  1 2 3 4 5 6 7 8 9 10 11 12 13 14 15 16
         Mode:  0 0 0 0 0 0 3 0 2 0 2 0 2 0 2 0
  i_eqv: 827
         src: 657-> dest: 657
         Perm:  1 2 3 4 5 6 7 8 9 10 11 12 13 14 15 16
         Mode:  0 0 0 0 0 0 3 0 2 0 2 0 2 0 2 0
  i_eqv: 828
         src: 658-> dest: 658
         Perm:  1 2 3 4 5 6 7 8 9 10 11 12 13 14 15 16
         Mode:  0 0 0 0 0 0 3 0 2 0 2 0 2 0 2 0
  i_eqv: 829
         src: 659-> dest: 659
         Perm:  1 2 3 4 5 6 7 8 9 10 11 12 13 14 15 16
         Mode:  0 0 0 0 0 0 3 0 2 0 2 0 2 0 2 0
  i_eqv: 830
         src: 660-> dest: 660
         Perm:  1 2 3 4 5 6 7 8 9 10 11 12 13 14 15 16
         Mode:  0 0 0 0 0 0 3 0 2 0 2 0 2 0 2 0
  i_eqv: 831
         src: 661-> dest: 661
         Perm:  1 2 3 4 5 6 7 8 9 10 11 12 13 14 15 16
         Mode:  0 0 0 0 0 0 3 0 2 0 2 0 2 0 2 0
  i_eqv: 832
         src: 662-> dest: 662
         Perm:  1 2 3 4 5 6 7 8 9 10 11 12 13 14 15 16
         Mode:  0 0 0 0 0 0 3 0 2 0 2 0 2 0 2 0
  i_eqv: 833
         src: 663-> dest: 663
         Perm:  1 2 3 4 5 6 7 8 9 10 11 12 13 14 15 16
         Mode:  0 0 0 0 0 0 3 0 2 0 2 0 2 0 2 0
  i_eqv: 834
         src: 664-> dest: 664
         Perm:  1 2 3 4 5 6 7 8 9 10 11 12 13 14 15 16
         Mode:  0 0 0 0 0 0 3 0 2 0 2 0 2 0 2 0
  i_eqv: 835
         src: 665-> dest: 665
         Perm:  1 2 3 4 5 6 7 8 9 10 11 12 13 14 15 16
         Mode:  0 0 0 0 0 0 3 0 2 0 2 0 2 0 2 0
  i_eqv: 836
         src: 666-> dest: 666
         Perm:  1 2 3 4 5 6 7 8 9 10 11 12 13 14 15 16
         Mode:  0 0 0 0 0 0 3 0 2 0 2 0 2 0 2 0
  i_eqv: 837
         src: 667-> dest: 667
         Perm:  1 2 3 4 5 6 7 8 9 10 11 12 13 14 15 16
         Mode:  0 0 0 0 0 0 3 0 2 0 2 0 2 0 2 0
  i_eqv: 838
         src: 668-> dest: 668
         Perm:  1 2 3 4 5 6 7 8 9 10 11 12 13 14 15 16
         Mode:  0 0 0 0 0 0 3 0 2 0 2 0 2 0 2 0
  i_eqv: 839
         src: 669-> dest: 669
         Perm:  1 2 3 4 5 6 7 8 9 10 11 12 13 14 15 16
         Mode:  0 0 0 0 0 0 3 0 2 0 2 0 2 0 2 0
  i_eqv: 840
         src: 670-> dest: 670
         Perm:  1 2 3 4 5 6 7 8 9 10 11 12 13 14 15 16
         Mode:  0 0 0 0 0 0 3 0 2 0 2 0 2 0 2 0
  i_eqv: 841
         src: 671-> dest: 671
         Perm:  1 2 3 4 5 6 7 8 9 10 11 12 13 14 15 16
         Mode:  0 0 0 0 0 0 3 0 2 0 2 0 2 0 2 0
  i_eqv: 842
         src: 672-> dest: 672
         Perm:  1 2 3 4 5 6 7 8 9 10 11 12 13 14 15 16
         Mode:  0 0 0 0 0 0 3 0 2 0 2 0 2 0 2 0
  i_eqv: 843
         src: 673-> dest: 673
         Perm:  1 2 3 4 5 6 7 8 9 10 11 12 13 14 15 16
         Mode:  0 0 0 0 0 0 3 0 2 0 2 0 2 0 2 0
  i_eqv: 844
         src: 674-> dest: 674
         Perm:  1 2 3 4 5 6 7 8 9 10 11 12 13 14 15 16
         Mode:  0 0 0 0 0 0 3 0 2 0 2 0 2 0 2 0
  i_eqv: 845
         src: 675-> dest: 675
         Perm:  1 2 3 4 5 6 7 8 9 10 11 12 13 14 15 16
         Mode:  0 0 0 0 0 0 3 0 2 0 2 0 2 0 2 0
  i_eqv: 846
         src: 676-> dest: 676
         Perm:  1 2 3 4 5 6 7 8 9 10 11 12 13 14 15 16
         Mode:  0 0 0 0 0 0 3 0 2 0 2 0 2 0 2 0
  i_eqv: 847
         src: 677-> dest: 677
         Perm:  1 2 3 4 5 6 7 8 9 10 11 12 13 14 15 16
         Mode:  0 0 0 0 0 0 3 0 2 0 2 0 2 0 2 0
  i_eqv: 848
         src: 678-> dest: 678
         Perm:  1 2 3 4 5 6 7 8 9 10 11 12 13 14 15 16
         Mode:  0 0 0 0 0 0 3 0 2 0 2 0 2 0 2 0
  i_eqv: 849
         src: 679-> dest: 679
         Perm:  1 2 3 4 5 6 7 8 9 10 11 12 13 14 15 16
         Mode:  0 0 0 0 0 0 3 0 2 0 2 0 2 0 2 0
  i_eqv: 850
         src: 680-> dest: 680
         Perm:  1 2 3 4 5 6 7 8 9 10 11 12 13 14 15 16
         Mode:  0 0 0 0 0 0 3 0 2 0 2 0 2 0 2 0
  i_eqv: 851
         src: 681-> dest: 681
         Perm:  1 2 3 4 5 6 7 8 9 10 11 12 13 14 15 16
         Mode:  0 0 0 0 0 0 3 0 2 0 2 0 2 0 2 0
  i_eqv: 852
         src: 682-> dest: 682
         Perm:  1 2 3 4 5 6 7 8 9 10 11 12 13 14 15 16
         Mode:  0 0 0 0 0 0 3 0 2 0 2 0 2 0 2 0
  i_eqv: 853
         src: 683-> dest: 683
         Perm:  1 2 3 4 5 6 7 8 9 10 11 12 13 14 15 16
         Mode:  0 0 0 0 0 0 3 0 2 0 2 0 2 0 2 0
  i_eqv: 854
         src: 684-> dest: 684
         Perm:  1 2 3 4 5 6 7 8 9 10 11 12 13 14 15 16
         Mode:  0 0 0 0 0 0 3 0 2 0 2 0 2 0 2 0
  i_eqv: 855
         src: 685-> dest: 685
         Perm:  1 2 3 4 5 6 7 8 9 10 11 12 13 14 15 16
         Mode:  0 0 0 0 0 0 3 0 2 0 2 0 2 0 2 0
  i_eqv: 856
         src: 686-> dest: 686
         Perm:  1 2 3 4 5 6 7 8 9 10 11 12 13 14 15 16
         Mode:  0 0 0 0 0 0 3 0 2 0 2 0 2 0 2 0
  i_eqv: 857
         src: 687-> dest: 687
         Perm:  1 2 3 4 5 6 7 8 9 10 11 12 13 14 15 16
         Mode:  0 0 0 0 0 0 3 0 2 0 2 0 2 0 2 0
  i_eqv: 858
         src: 688-> dest: 688
         Perm:  1 2 3 4 5 6 7 8 9 10 11 12 13 14 15 16
         Mode:  0 0 0 0 0 0 3 0 2 0 2 0 2 0 2 0
  i_eqv: 859
         src: 689-> dest: 689
         Perm:  1 2 3 4 5 6 7 8 9 10 11 12 13 14 15 16
         Mode:  0 0 0 0 0 0 3 0 2 0 2 0 2 0 2 0
  i_eqv: 860
         src: 690-> dest: 690
         Perm:  1 2 3 4 5 6 7 8 9 10 11 12 13 14 15 16
         Mode:  0 0 0 0 0 0 3 0 2 0 2 0 2 0 2 0
  i_eqv: 861
         src: 691-> dest: 691
         Perm:  1 2 3 4 5 6 7 8 9 10 11 12 13 14 15 16
         Mode:  0 0 0 0 0 0 3 0 2 0 2 0 2 0 2 0
  i_eqv: 862
         src: 692-> dest: 692
         Perm:  1 2 3 4 5 6 7 8 9 10 11 12 13 14 15 16
         Mode:  0 0 0 0 0 0 3 0 2 0 2 0 2 0 2 0
  i_eqv: 863
         src: 693-> dest: 693
         Perm:  1 2 3 4 5 6 7 8 9 10 11 12 13 14 15 16
         Mode:  0 0 0 0 0 0 3 0 2 0 2 0 2 0 2 0
  i_eqv: 864
         src: 694-> dest: 694
         Perm:  1 2 3 4 5 6 7 8 9 10 11 12 13 14 15 16
         Mode:  0 0 0 0 0 0 3 0 2 0 2 0 2 0 2 0
  i_eqv: 865
         src: 695-> dest: 695
         Perm:  1 2 3 4 5 6 7 8 9 10 11 12 13 14 15 16
         Mode:  0 0 0 0 0 0 3 0 2 0 2 0 2 0 2 0
  i_eqv: 866
         src: 696-> dest: 696
         Perm:  1 2 3 4 5 6 7 8 9 10 11 12 13 14 15 16
         Mode:  0 0 0 0 0 0 3 0 2 0 2 0 2 0 2 0
  i_eqv: 867
         src: 697-> dest: 697
         Perm:  1 2 3 4 5 6 7 8 9 10 11 12 13 14 15 16
         Mode:  0 0 0 0 0 0 3 0 2 0 2 0 2 0 2 0
  i_eqv: 868
         src: 698-> dest: 698
         Perm:  1 2 3 4 5 6 7 8 9 10 11 12 13 14 15 16
         Mode:  0 0 0 0 0 0 3 0 2 0 2 0 2 0 2 0
  i_eqv: 869
         src: 699-> dest: 699
         Perm:  1 2 3 4 5 6 7 8 9 10 11 12 13 14 15 16
         Mode:  0 0 0 0 0 0 3 0 2 0 2 0 2 0 2 0
  i_eqv: 870
         src: 700-> dest: 700
         Perm:  1 2 3 4 5 6 7 8 9 10 11 12 13 14 15 16
         Mode:  0 0 0 0 0 0 3 0 2 0 2 0 2 0 2 0
  i_eqv: 871
         src: 701-> dest: 701
         Perm:  1 2 3 4 5 6 7 8 9 10 11 12 13 14 15 16
         Mode:  0 0 0 0 0 0 3 0 2 0 2 0 2 0 2 0
  i_eqv: 872
         src: 702-> dest: 702
         Perm:  1 2 3 4 5 6 7 8 9 10 11 12 13 14 15 16
         Mode:  0 0 0 0 0 0 3 0 2 0 2 0 2 0 2 0
  i_eqv: 873
         src: 703-> dest: 703
         Perm:  1 2 3 4 5 6 7 8 9 10 11 12 13 14 15 16
         Mode:  0 0 0 0 0 0 3 0 2 0 2 0 2 0 2 0
  i_eqv: 874
         src: 704-> dest: 704
         Perm:  1 2 3 4 5 6 7 8 9 10 11 12 13 14 15 16
         Mode:  0 0 0 0 0 0 3 0 2 0 2 0 2 0 2 0
  i_eqv: 875
         src: 705-> dest: 705
         Perm:  1 2 3 4 5 6 7 8 9 10 11 12 13 14 15 16
         Mode:  0 0 0 0 0 0 3 0 2 0 2 0 2 0 2 0
  i_eqv: 876
         src: 706-> dest: 706
         Perm:  1 2 3 4 5 6 7 8 9 10 11 12 13 14 15 16
         Mode:  0 0 0 0 0 0 3 0 2 0 2 0 2 0 2 0
  i_eqv: 877
         src: 707-> dest: 707
         Perm:  1 2 3 4 5 6 7 8 9 10 11 12 13 14 15 16
         Mode:  0 0 0 0 0 0 3 0 2 0 2 0 2 0 2 0
  i_eqv: 878
         src: 708-> dest: 708
         Perm:  1 2 3 4 5 6 7 8 9 10 11 12 13 14 15 16
         Mode:  0 0 0 0 0 0 3 0 2 0 2 0 2 0 2 0
  i_eqv: 879
         src: 709-> dest: 709
         Perm:  1 2 3 4 5 6 7 8 9 10 11 12 13 14 15 16
         Mode:  0 0 0 0 0 0 3 0 2 0 2 0 2 0 2 0
  i_eqv: 880
         src: 710-> dest: 710
         Perm:  1 2 3 4 5 6 7 8 9 10 11 12 13 14 15 16
         Mode:  0 0 0 0 0 0 3 0 2 0 2 0 2 0 2 0
  i_eqv: 881
         src: 711-> dest: 711
         Perm:  1 2 3 4 5 6 7 8 9 10 11 12 13 14 15 16
         Mode:  0 0 0 0 0 0 3 0 2 0 2 0 2 0 2 0
  i_eqv: 882
         src: 712-> dest: 712
         Perm:  1 2 3 4 5 6 7 8 9 10 11 12 13 14 15 16
         Mode:  0 0 0 0 0 0 3 0 2 0 2 0 2 0 2 0
  i_eqv: 883
         src: 713-> dest: 713
         Perm:  1 2 3 4 5 6 7 8 9 10 11 12 13 14 15 16
         Mode:  0 0 0 0 0 0 3 0 2 0 2 0 2 0 2 0
  i_eqv: 884
         src: 714-> dest: 714
         Perm:  1 2 3 4 5 6 7 8 9 10 11 12 13 14 15 16
         Mode:  0 0 0 0 0 0 3 0 2 0 2 0 2 0 2 0
  i_eqv: 885
         src: 715-> dest: 715
         Perm:  1 2 3 4 5 6 7 8 9 10 11 12 13 14 15 16
         Mode:  0 0 0 0 0 0 3 0 2 0 2 0 2 0 2 0
  i_eqv: 886
         src: 716-> dest: 716
         Perm:  1 2 3 4 5 6 7 8 9 10 11 12 13 14 15 16
         Mode:  0 0 0 0 0 0 3 0 2 0 2 0 2 0 2 0
  i_eqv: 887
         src: 717-> dest: 717
         Perm:  1 2 3 4 5 6 7 8 9 10 11 12 13 14 15 16
         Mode:  0 0 0 0 0 0 3 0 2 0 2 0 2 0 2 0
  i_eqv: 888
         src: 718-> dest: 718
         Perm:  1 2 3 4 5 6 7 8 9 10 11 12 13 14 15 16
         Mode:  0 0 0 0 0 0 3 0 2 0 2 0 2 0 2 0
  i_eqv: 889
         src: 719-> dest: 719
         Perm:  1 2 3 4 5 6 7 8 9 10 11 12 13 14 15 16
         Mode:  0 0 0 0 0 0 3 0 2 0 2 0 2 0 2 0
  i_eqv: 890
         src: 720-> dest: 720
         Perm:  1 2 3 4 5 6 7 8 9 10 11 12 13 14 15 16
         Mode:  0 0 0 0 0 0 3 0 2 0 2 0 2 0 2 0
  i_eqv: 891
         src: 721-> dest: 721
         Perm:  1 2 3 4 5 6 7 8 9 10 11 12 13 14 15 16
         Mode:  0 0 0 0 0 0 3 0 2 0 2 0 2 0 2 0
  i_eqv: 892
         src: 722-> dest: 722
         Perm:  1 2 3 4 5 6 7 8 9 10 11 12 13 14 15 16
         Mode:  0 0 0 0 0 0 3 0 2 0 2 0 2 0 2 0
  i_eqv: 893
         src: 723-> dest: 723
         Perm:  1 2 3 4 5 6 7 8 9 10 11 12 13 14 15 16
         Mode:  0 0 0 0 0 0 3 0 2 0 2 0 2 0 2 0
  i_eqv: 894
         src: 724-> dest: 724
         Perm:  1 2 3 4 5 6 7 8 9 10 11 12 13 14 15 16
         Mode:  0 0 0 0 0 0 3 0 2 0 2 0 2 0 2 0
  i_eqv: 895
         src: 725-> dest: 725
         Perm:  1 2 3 4 5 6 7 8 9 10 11 12 13 14 15 16
         Mode:  0 0 0 0 0 0 3 0 2 0 2 0 2 0 2 0
  i_eqv: 896
         src: 726-> dest: 726
         Perm:  1 2 3 4 5 6 7 8 9 10 11 12 13 14 15 16
         Mode:  0 0 0 0 0 0 3 0 2 0 2 0 2 0 2 0
  i_eqv: 897
         src: 727-> dest: 727
         Perm:  1 2 3 4 5 6 7 8 9 10 11 12 13 14 15 16
         Mode:  0 0 0 0 0 0 3 0 2 0 2 0 2 0 2 0
  i_eqv: 898
         src: 728-> dest: 728
         Perm:  1 2 3 4 5 6 7 8 9 10 11 12 13 14 15 16
         Mode:  0 0 0 0 0 0 3 0 2 0 2 0 2 0 2 0
  i_eqv: 899
         src: 729-> dest: 729
         Perm:  1 2 3 4 5 6 7 8 9 10 11 12 13 14 15 16
         Mode:  0 0 0 0 0 0 3 0 2 0 2 0 2 0 2 0
  i_eqv: 900
         src: 730-> dest: 730
         Perm:  1 2 3 4 5 6 7 8 9 10 11 12 13 14 15 16
         Mode:  0 0 0 0 0 0 3 0 2 0 2 0 2 0 2 0
  i_eqv: 901
         src: 731-> dest: 731
         Perm:  1 2 3 4 5 6 7 8 9 10 11 12 13 14 15 16
         Mode:  0 0 0 0 0 0 3 0 2 0 2 0 2 0 2 0
  i_eqv: 902
         src: 732-> dest: 732
         Perm:  1 2 3 4 5 6 7 8 9 10 11 12 13 14 15 16
         Mode:  0 0 0 0 0 0 3 0 2 0 2 0 2 0 2 0
  i_eqv: 903
         src: 733-> dest: 733
         Perm:  1 2 3 4 5 6 7 8 9 10 11 12 13 14 15 16
         Mode:  0 0 0 0 0 0 3 0 2 0 2 0 2 0 2 0
  i_eqv: 904
         src: 734-> dest: 734
         Perm:  1 2 3 4 5 6 7 8 9 10 11 12 13 14 15 16
         Mode:  0 0 0 0 0 0 3 0 2 0 2 0 2 0 2 0
  i_eqv: 905
         src: 735-> dest: 735
         Perm:  1 2 3 4 5 6 7 8 9 10 11 12 13 14 15 16
         Mode:  0 0 0 0 0 0 3 0 2 0 2 0 2 0 2 0
  i_eqv: 906
         src: 736-> dest: 736
         Perm:  1 2 3 4 5 6 7 8 9 10 11 12 13 14 15 16
         Mode:  0 0 0 0 0 0 3 0 2 0 2 0 2 0 2 0
  i_eqv: 907
         src: 737-> dest: 737
         Perm:  1 2 3 4 5 6 7 8 9 10 11 12 13 14 15 16
         Mode:  0 0 0 0 0 0 3 0 2 0 2 0 2 0 2 0
  i_eqv: 908
         src: 738-> dest: 738
         Perm:  1 2 3 4 5 6 7 8 9 10 11 12 13 14 15 16
         Mode:  0 0 0 0 0 0 3 0 2 0 2 0 2 0 2 0
  i_eqv: 909
         src: 739-> dest: 739
         Perm:  1 2 3 4 5 6 7 8 9 10 11 12 13 14 15 16
         Mode:  0 0 0 0 0 0 3 0 2 0 2 0 2 0 2 0
  i_eqv: 910
         src: 740-> dest: 740
         Perm:  1 2 3 4 5 6 7 8 9 10 11 12 13 14 15 16
         Mode:  0 0 0 0 0 0 3 0 2 0 2 0 2 0 2 0
  i_eqv: 911
         src: 741-> dest: 741
         Perm:  1 2 3 4 5 6 7 8 9 10 11 12 13 14 15 16
         Mode:  0 0 0 0 0 0 3 0 2 0 2 0 2 0 2 0
  i_eqv: 912
         src: 742-> dest: 742
         Perm:  1 2 3 4 5 6 7 8 9 10 11 12 13 14 15 16
         Mode:  0 0 0 0 0 0 3 0 2 0 2 0 2 0 2 0
  i_eqv: 913
         src: 743-> dest: 743
         Perm:  1 2 3 4 5 6 7 8 9 10 11 12 13 14 15 16
         Mode:  0 0 0 0 0 0 3 0 2 0 2 0 2 0 2 0
  i_eqv: 914
         src: 744-> dest: 744
         Perm:  1 2 3 4 5 6 7 8 9 10 11 12 13 14 15 16
         Mode:  0 0 0 0 0 0 3 0 2 0 2 0 2 0 2 0
  i_eqv: 915
         src: 745-> dest: 745
         Perm:  1 2 3 4 5 6 7 8 9 10 11 12 13 14 15 16
         Mode:  0 0 0 0 0 0 3 0 2 0 2 0 2 0 2 0
  i_eqv: 916
         src: 746-> dest: 746
         Perm:  1 2 3 4 5 6 7 8 9 10 11 12 13 14 15 16
         Mode:  0 0 0 0 0 0 3 0 2 0 2 0 2 0 2 0
  i_eqv: 917
         src: 747-> dest: 747
         Perm:  1 2 3 4 5 6 7 8 9 10 11 12 13 14 15 16
         Mode:  0 0 0 0 0 0 3 0 2 0 2 0 2 0 2 0
  i_eqv: 918
         src: 748-> dest: 748
         Perm:  1 2 3 4 5 6 7 8 9 10 11 12 13 14 15 16
         Mode:  0 0 0 0 0 0 3 0 2 0 2 0 2 0 2 0
  i_eqv: 919
         src: 749-> dest: 749
         Perm:  1 2 3 4 5 6 7 8 9 10 11 12 13 14 15 16
         Mode:  0 0 0 0 0 0 3 0 2 0 2 0 2 0 2 0
  i_eqv: 920
         src: 750-> dest: 750
         Perm:  1 2 3 4 5 6 7 8 9 10 11 12 13 14 15 16
         Mode:  0 0 0 0 0 0 3 0 2 0 2 0 2 0 2 0
  i_eqv: 921
         src: 751-> dest: 751
         Perm:  1 2 3 4 5 6 7 8 9 10 11 12 13 14 15 16
         Mode:  0 0 0 0 0 0 3 0 2 0 2 0 2 0 2 0
  i_eqv: 922
         src: 752-> dest: 752
         Perm:  1 2 3 4 5 6 7 8 9 10 11 12 13 14 15 16
         Mode:  0 0 0 0 0 0 3 0 2 0 2 0 2 0 2 0
  i_eqv: 923
         src: 753-> dest: 753
         Perm:  1 2 3 4 5 6 7 8 9 10 11 12 13 14 15 16
         Mode:  0 0 0 0 0 0 3 0 2 0 2 0 2 0 2 0
  i_eqv: 924
         src: 754-> dest: 754
         Perm:  1 2 3 4 5 6 7 8 9 10 11 12 13 14 15 16
         Mode:  0 0 0 0 0 0 3 0 2 0 2 0 2 0 2 0
  i_eqv: 925
         src: 755-> dest: 755
         Perm:  1 2 3 4 5 6 7 8 9 10 11 12 13 14 15 16
         Mode:  0 0 0 0 0 0 3 0 2 0 2 0 2 0 2 0
  i_eqv: 926
         src: 756-> dest: 756
         Perm:  1 2 3 4 5 6 7 8 9 10 11 12 13 14 15 16
         Mode:  0 0 0 0 0 0 3 0 2 0 2 0 2 0 2 0
  i_eqv: 927
         src: 757-> dest: 757
         Perm:  1 2 3 4 5 6 7 8 9 10 11 12 13 14 15 16
         Mode:  0 0 0 0 0 0 3 0 2 0 2 0 2 0 2 0
  i_eqv: 928
         src: 758-> dest: 758
         Perm:  1 2 3 4 5 6 7 8 9 10 11 12 13 14 15 16
         Mode:  0 0 0 0 0 0 3 0 2 0 2 0 2 0 2 0
  i_eqv: 929
         src: 759-> dest: 759
         Perm:  1 2 3 4 5 6 7 8 9 10 11 12 13 14 15 16
         Mode:  0 0 0 0 0 0 3 0 2 0 2 0 2 0 2 0
  i_eqv: 930
         src: 760-> dest: 760
         Perm:  1 2 3 4 5 6 7 8 9 10 11 12 13 14 15 16
         Mode:  0 0 0 0 0 0 3 0 2 0 2 0 2 0 2 0
  i_eqv: 931
         src: 761-> dest: 761
         Perm:  1 2 3 4 5 6 7 8 9 10 11 12 13 14 15 16
         Mode:  0 0 0 0 0 0 3 0 2 0 2 0 2 0 2 0
  i_eqv: 932
         src: 762-> dest: 762
         Perm:  1 2 3 4 5 6 7 8 9 10 11 12 13 14 15 16
         Mode:  0 0 0 0 0 0 3 0 2 0 2 0 2 0 2 0
  i_eqv: 933
         src: 763-> dest: 763
         Perm:  1 2 3 4 5 6 7 8 9 10 11 12 13 14 15 16
         Mode:  0 0 0 0 0 0 3 0 2 0 2 0 2 0 2 0
  i_eqv: 934
         src: 764-> dest: 764
         Perm:  1 2 3 4 5 6 7 8 9 10 11 12 13 14 15 16
         Mode:  0 0 0 0 0 0 3 0 2 0 2 0 2 0 2 0
  i_eqv: 935
         src: 765-> dest: 765
         Perm:  1 2 3 4 5 6 7 8 9 10 11 12 13 14 15 16
         Mode:  0 0 0 0 0 0 3 0 2 0 2 0 2 0 2 0
  i_eqv: 936
         src: 766-> dest: 766
         Perm:  1 2 3 4 5 6 7 8 9 10 11 12 13 14 15 16
         Mode:  0 0 0 0 0 0 3 0 2 0 2 0 2 0 2 0
  i_eqv: 937
         src: 767-> dest: 767
         Perm:  1 2 3 4 5 6 7 8 9 10 11 12 13 14 15 16
         Mode:  0 0 0 0 0 0 3 0 2 0 2 0 2 0 2 0
  i_eqv: 938
         src: 768-> dest: 768
         Perm:  1 2 3 4 5 6 7 8 9 10 11 12 13 14 15 16
         Mode:  0 0 0 0 0 0 3 0 2 0 2 0 2 0 2 0
  i_eqv: 939
         src: 769-> dest: 769
         Perm:  1 2 3 4 5 6 7 8 9 10 11 12 13 14 15 16
         Mode:  0 0 0 0 0 0 3 0 2 0 2 0 2 0 2 0
  i_eqv: 940
         src: 770-> dest: 770
         Perm:  1 2 3 4 5 6 7 8 9 10 11 12 13 14 15 16
         Mode:  0 0 0 0 0 0 3 0 2 0 2 0 2 0 2 0
  i_eqv: 941
         src: 771-> dest: 771
         Perm:  1 2 3 4 5 6 7 8 9 10 11 12 13 14 15 16
         Mode:  0 0 0 0 0 0 3 0 2 0 2 0 2 0 2 0
  i_eqv: 942
         src: 772-> dest: 772
         Perm:  1 2 3 4 5 6 7 8 9 10 11 12 13 14 15 16
         Mode:  0 0 0 0 0 0 3 0 2 0 2 0 2 0 2 0
  i_eqv: 943
         src: 773-> dest: 773
         Perm:  1 2 3 4 5 6 7 8 9 10 11 12 13 14 15 16
         Mode:  0 0 0 0 0 0 3 0 2 0 2 0 2 0 2 0
  i_eqv: 944
         src: 774-> dest: 774
         Perm:  1 2 3 4 5 6 7 8 9 10 11 12 13 14 15 16
         Mode:  0 0 0 0 0 0 3 0 2 0 2 0 2 0 2 0
  i_eqv: 945
         src: 775-> dest: 775
         Perm:  1 2 3 4 5 6 7 8 9 10 11 12 13 14 15 16
         Mode:  0 0 0 0 0 0 3 0 2 0 2 0 2 0 2 0
  i_eqv: 946
         src: 776-> dest: 776
         Perm:  1 2 3 4 5 6 7 8 9 10 11 12 13 14 15 16
         Mode:  0 0 0 0 0 0 3 0 2 0 2 0 2 0 2 0
  i_eqv: 947
         src: 777-> dest: 777
         Perm:  1 2 3 4 5 6 7 8 9 10 11 12 13 14 15 16
         Mode:  0 0 0 0 0 0 3 0 2 0 2 0 2 0 2 0
  i_eqv: 948
         src: 778-> dest: 778
         Perm:  1 2 3 4 5 6 7 8 9 10 11 12 13 14 15 16
         Mode:  0 0 0 0 0 0 3 0 2 0 2 0 2 0 2 0
  i_eqv: 949
         src: 779-> dest: 779
         Perm:  1 2 3 4 5 6 7 8 9 10 11 12 13 14 15 16
         Mode:  0 0 0 0 0 0 3 0 2 0 2 0 2 0 2 0
  i_eqv: 950
         src: 780-> dest: 780
         Perm:  1 2 3 4 5 6 7 8 9 10 11 12 13 14 15 16
         Mode:  0 0 0 0 0 0 3 0 2 0 2 0 2 0 2 0
  i_eqv: 951
         src: 781-> dest: 781
         Perm:  1 2 3 4 5 6 7 8 9 10 11 12 13 14 15 16
         Mode:  0 0 0 0 0 0 3 0 2 0 2 0 2 0 2 0
  i_eqv: 952
         src: 782-> dest: 782
         Perm:  1 2 3 4 5 6 7 8 9 10 11 12 13 14 15 16
         Mode:  0 0 0 0 0 0 3 0 2 0 2 0 2 0 2 0
  i_eqv: 953
         src: 783-> dest: 783
         Perm:  1 2 3 4 5 6 7 8 9 10 11 12 13 14 15 16
         Mode:  0 0 0 0 0 0 3 0 2 0 2 0 2 0 2 0
  i_eqv: 954
         src: 784-> dest: 784
         Perm:  1 2 3 4 5 6 7 8 9 10 11 12 13 14 15 16
         Mode:  0 0 0 0 0 0 3 0 2 0 2 0 2 0 2 0
  i_eqv: 955
         src: 785-> dest: 785
         Perm:  1 2 3 4 5 6 7 8 9 10 11 12 13 14 15 16
         Mode:  0 0 0 0 0 0 3 0 2 0 2 0 2 0 2 0
  i_eqv: 956
         src: 786-> dest: 786
         Perm:  1 2 3 4 5 6 7 8 9 10 11 12 13 14 15 16
         Mode:  0 0 0 0 0 0 3 0 2 0 2 0 2 0 2 0
  i_eqv: 957
         src: 787-> dest: 787
         Perm:  1 2 3 4 5 6 7 8 9 10 11 12 13 14 15 16
         Mode:  0 0 0 0 0 0 3 0 2 0 2 0 2 0 2 0
  i_eqv: 958
         src: 788-> dest: 788
         Perm:  1 2 3 4 5 6 7 8 9 10 11 12 13 14 15 16
         Mode:  0 0 0 0 0 0 3 0 2 0 2 0 2 0 2 0
  i_eqv: 959
         src: 789-> dest: 789
         Perm:  1 2 3 4 5 6 7 8 9 10 11 12 13 14 15 16
         Mode:  0 0 0 0 0 0 3 0 2 0 2 0 2 0 2 0
  i_eqv: 960
         src: 790-> dest: 790
         Perm:  1 2 3 4 5 6 7 8 9 10 11 12 13 14 15 16
         Mode:  0 0 0 0 0 0 3 0 2 0 2 0 2 0 2 0
  i_eqv: 961
         src: 791-> dest: 791
         Perm:  1 2 3 4 5 6 7 8 9 10 11 12 13 14 15 16
         Mode:  0 0 0 0 0 0 3 0 2 0 2 0 2 0 2 0
  i_eqv: 962
         src: 792-> dest: 792
         Perm:  1 2 3 4 5 6 7 8 9 10 11 12 13 14 15 16
         Mode:  0 0 0 0 0 0 3 0 2 0 2 0 2 0 2 0
  i_eqv: 963
         src: 793-> dest: 793
         Perm:  1 2 3 4 5 6 7 8 9 10 11 12 13 14 15 16
         Mode:  0 0 0 0 0 0 3 0 2 0 2 0 2 0 2 0
  i_eqv: 964
         src: 794-> dest: 794
         Perm:  1 2 3 4 5 6 7 8 9 10 11 12 13 14 15 16
         Mode:  0 0 0 0 0 0 3 0 2 0 2 0 2 0 2 0
  i_eqv: 965
         src: 795-> dest: 795
         Perm:  1 2 3 4 5 6 7 8 9 10 11 12 13 14 15 16
         Mode:  0 0 0 0 0 0 3 0 2 0 2 0 2 0 2 0
  i_eqv: 966
         src: 796-> dest: 796
         Perm:  1 2 3 4 5 6 7 8 9 10 11 12 13 14 15 16
         Mode:  0 0 0 0 0 0 3 0 2 0 2 0 2 0 2 0
  i_eqv: 967
         src: 797-> dest: 797
         Perm:  1 2 3 4 5 6 7 8 9 10 11 12 13 14 15 16
         Mode:  0 0 0 0 0 0 3 0 2 0 2 0 2 0 2 0
  i_eqv: 968
         src: 798-> dest: 798
         Perm:  1 2 3 4 5 6 7 8 9 10 11 12 13 14 15 16
         Mode:  0 0 0 0 0 0 3 0 2 0 2 0 2 0 2 0
  i_eqv: 969
         src: 799-> dest: 799
         Perm:  1 2 3 4 5 6 7 8 9 10 11 12 13 14 15 16
         Mode:  0 0 0 0 0 0 3 0 2 0 2 0 2 0 2 0
  i_eqv: 970
         src: 800-> dest: 800
         Perm:  1 2 3 4 5 6 7 8 9 10 11 12 13 14 15 16
         Mode:  0 0 0 0 0 0 3 0 2 0 2 0 2 0 2 0
  i_eqv: 971
         src: 801-> dest: 801
         Perm:  1 2 3 4 5 6 7 8 9 10 11 12 13 14 15 16
         Mode:  0 0 0 0 0 0 3 0 2 0 2 0 2 0 2 0
  i_eqv: 972
         src: 802-> dest: 802
         Perm:  1 2 3 4 5 6 7 8 9 10 11 12 13 14 15 16
         Mode:  0 0 0 0 0 0 3 0 2 0 2 0 2 0 2 0
  i_eqv: 973
         src: 803-> dest: 803
         Perm:  1 2 3 4 5 6 7 8 9 10 11 12 13 14 15 16
         Mode:  0 0 0 0 0 0 3 0 2 0 2 0 2 0 2 0
  i_eqv: 974
         src: 804-> dest: 804
         Perm:  1 2 3 4 5 6 7 8 9 10 11 12 13 14 15 16
         Mode:  0 0 0 0 0 0 3 0 2 0 2 0 2 0 2 0
  i_eqv: 975
         src: 805-> dest: 805
         Perm:  1 2 3 4 5 6 7 8 9 10 11 12 13 14 15 16
         Mode:  0 0 0 0 0 0 3 0 2 0 2 0 2 0 2 0
  i_eqv: 976
         src: 806-> dest: 806
         Perm:  1 2 3 4 5 6 7 8 9 10 11 12 13 14 15 16
         Mode:  0 0 0 0 0 0 3 0 2 0 2 0 2 0 2 0
  i_eqv: 977
         src: 807-> dest: 807
         Perm:  1 2 3 4 5 6 7 8 9 10 11 12 13 14 15 16
         Mode:  0 0 0 0 0 0 3 0 2 0 2 0 2 0 2 0
  i_eqv: 978
         src: 808-> dest: 808
         Perm:  1 2 3 4 5 6 7 8 9 10 11 12 13 14 15 16
         Mode:  0 0 0 0 0 0 3 0 2 0 2 0 2 0 2 0
  i_eqv: 979
         src: 809-> dest: 809
         Perm:  1 2 3 4 5 6 7 8 9 10 11 12 13 14 15 16
         Mode:  0 0 0 0 0 0 3 0 2 0 2 0 2 0 2 0
  i_eqv: 980
         src: 810-> dest: 810
         Perm:  1 2 3 4 5 6 7 8 9 10 11 12 13 14 15 16
         Mode:  0 0 0 0 0 0 3 0 2 0 2 0 2 0 2 0
  i_eqv: 981
         src: 811-> dest: 811
         Perm:  1 2 3 4 5 6 7 8 9 10 11 12 13 14 15 16
         Mode:  0 0 0 0 0 0 3 0 2 0 2 0 2 0 2 0
  i_eqv: 982
         src: 812-> dest: 812
         Perm:  1 2 3 4 5 6 7 8 9 10 11 12 13 14 15 16
         Mode:  0 0 0 0 0 0 3 0 2 0 2 0 2 0 2 0
  i_eqv: 983
         src: 813-> dest: 813
         Perm:  1 2 3 4 5 6 7 8 9 10 11 12 13 14 15 16
         Mode:  0 0 0 0 0 0 3 0 2 0 2 0 2 0 2 0
  i_eqv: 984
         src: 814-> dest: 814
         Perm:  1 2 3 4 5 6 7 8 9 10 11 12 13 14 15 16
         Mode:  0 0 0 0 0 0 3 0 2 0 2 0 2 0 2 0
  i_eqv: 985
         src: 815-> dest: 815
         Perm:  1 2 3 4 5 6 7 8 9 10 11 12 13 14 15 16
         Mode:  0 0 0 0 0 0 3 0 2 0 2 0 2 0 2 0
  i_eqv: 986
         src: 816-> dest: 816
         Perm:  1 2 3 4 5 6 7 8 9 10 11 12 13 14 15 16
         Mode:  0 0 0 0 0 0 3 0 2 0 2 0 2 0 2 0
  i_eqv: 987
         src: 817-> dest: 817
         Perm:  1 2 3 4 5 6 7 8 9 10 11 12 13 14 15 16
         Mode:  0 0 0 0 0 0 3 0 2 0 2 0 2 0 2 0
  i_eqv: 988
         src: 818-> dest: 818
         Perm:  1 2 3 4 5 6 7 8 9 10 11 12 13 14 15 16
         Mode:  0 0 0 0 0 0 3 0 2 0 2 0 2 0 2 0
  i_eqv: 989
         src: 819-> dest: 819
         Perm:  1 2 3 4 5 6 7 8 9 10 11 12 13 14 15 16
         Mode:  0 0 0 0 0 0 3 0 2 0 2 0 2 0 2 0
  i_eqv: 990
         src: 820-> dest: 820
         Perm:  1 2 3 4 5 6 7 8 9 10 11 12 13 14 15 16
         Mode:  0 0 0 0 0 0 3 0 2 0 2 0 2 0 2 0
  i_eqv: 991
         src: 821-> dest: 821
         Perm:  1 2 3 4 5 6 7 8 9 10 11 12 13 14 15 16
         Mode:  0 0 0 0 0 0 3 0 2 0 2 0 2 0 2 0
  i_eqv: 992
         src: 822-> dest: 822
         Perm:  1 2 3 4 5 6 7 8 9 10 11 12 13 14 15 16
         Mode:  0 0 0 0 0 0 3 0 2 0 2 0 2 0 2 0
  i_eqv: 993
         src: 823-> dest: 823
         Perm:  1 2 3 4 5 6 7 8 9 10 11 12 13 14 15 16
         Mode:  0 0 0 0 0 0 3 0 2 0 2 0 2 0 2 0
  i_eqv: 994
         src: 824-> dest: 824
         Perm:  1 2 3 4 5 6 7 8 9 10 11 12 13 14 15 16
         Mode:  0 0 0 0 0 0 3 0 2 0 2 0 2 0 2 0
  i_eqv: 995
         src: 825-> dest: 825
         Perm:  1 2 3 4 5 6 7 8 9 10 11 12 13 14 15 16
         Mode:  0 0 0 0 0 0 3 0 2 0 2 0 2 0 2 0
  i_eqv: 996
         src: 826-> dest: 826
         Perm:  1 2 3 4 5 6 7 8 9 10 11 12 13 14 15 16
         Mode:  0 0 0 0 0 0 3 0 2 0 2 0 2 0 2 0
  i_eqv: 997
         src: 827-> dest: 827
         Perm:  1 2 3 4 5 6 7 8 9 10 11 12 13 14 15 16
         Mode:  0 0 0 0 0 0 3 0 2 0 2 0 2 0 2 0
  i_eqv: 998
         src: 828-> dest: 828
         Perm:  1 2 3 4 5 6 7 8 9 10 11 12 13 14 15 16
         Mode:  0 0 0 0 0 0 3 0 2 0 2 0 2 0 2 0
  i_eqv: 999
         src: 829-> dest: 829
         Perm:  1 2 3 4 5 6 7 8 9 10 11 12 13 14 15 16
         Mode:  0 0 0 0 0 0 3 0 2 0 2 0 2 0 2 0
  i_eqv: 1000
         src: 830-> dest: 830
         Perm:  1 2 3 4 5 6 7 8 9 10 11 12 13 14 15 16
         Mode:  0 0 0 0 0 0 3 0 2 0 2 0 2 0 2 0
  i_eqv: 1001
         src: 831-> dest: 831
         Perm:  1 2 3 4 5 6 7 8 9 10 11 12 13 14 15 16
         Mode:  0 0 0 0 0 0 3 0 2 0 2 0 2 0 2 0
  i_eqv: 1002
         src: 832-> dest: 832
         Perm:  1 2 3 4 5 6 7 8 9 10 11 12 13 14 15 16
         Mode:  0 0 0 0 0 0 3 0 2 0 2 0 2 0 2 0
  i_eqv: 1003
         src: 833-> dest: 833
         Perm:  1 2 3 4 5 6 7 8 9 10 11 12 13 14 15 16
         Mode:  0 0 0 0 0 0 3 0 2 0 2 0 2 0 2 0
  i_eqv: 1004
         src: 834-> dest: 834
         Perm:  1 2 3 4 5 6 7 8 9 10 11 12 13 14 15 16
         Mode:  0 0 0 0 0 0 3 0 2 0 2 0 2 0 2 0
  i_eqv: 1005
         src: 835-> dest: 835
         Perm:  1 2 3 4 5 6 7 8 9 10 11 12 13 14 15 16
         Mode:  0 0 0 0 0 0 3 0 2 0 2 0 2 0 2 0
  i_eqv: 1006
         src: 836-> dest: 836
         Perm:  1 2 3 4 5 6 7 8 9 10 11 12 13 14 15 16
         Mode:  0 0 0 0 0 0 3 0 2 0 2 0 2 0 2 0
  i_eqv: 1007
         src: 837-> dest: 837
         Perm:  1 2 3 4 5 6 7 8 9 10 11 12 13 14 15 16
         Mode:  0 0 0 0 0 0 3 0 2 0 2 0 2 0 2 0
  i_eqv: 1008
         src: 838-> dest: 838
         Perm:  1 2 3 4 5 6 7 8 9 10 11 12 13 14 15 16
         Mode:  0 0 0 0 0 0 3 0 2 0 2 0 2 0 2 0
  i_eqv: 1009
         src: 839-> dest: 839
         Perm:  1 2 3 4 5 6 7 8 9 10 11 12 13 14 15 16
         Mode:  0 0 0 0 0 0 3 0 2 0 2 0 2 0 2 0
  i_eqv: 1010
         src: 840-> dest: 840
         Perm:  1 2 3 4 5 6 7 8 9 10 11 12 13 14 15 16
         Mode:  0 0 0 0 0 0 3 0 2 0 2 0 2 0 2 0
  i_eqv: 1011
         src: 841-> dest: 841
         Perm:  1 2 3 4 5 6 7 8 9 10 11 12 13 14 15 16
         Mode:  0 0 0 0 0 0 3 0 2 0 2 0 2 0 2 0
  i_eqv: 1012
         src: 842-> dest: 842
         Perm:  1 2 3 4 5 6 7 8 9 10 11 12 13 14 15 16
         Mode:  0 0 0 0 0 0 3 0 2 0 2 0 2 0 2 0
  i_eqv: 1013
         src: 843-> dest: 843
         Perm:  1 2 3 4 5 6 7 8 9 10 11 12 13 14 15 16
         Mode:  0 0 0 0 0 0 3 0 2 0 2 0 2 0 2 0
  i_eqv: 1014
         src: 844-> dest: 844
         Perm:  1 2 3 4 5 6 7 8 9 10 11 12 13 14 15 16
         Mode:  0 0 0 0 0 0 3 0 2 0 2 0 2 0 2 0
  i_eqv: 1015
         src: 845-> dest: 845
         Perm:  1 2 3 4 5 6 7 8 9 10 11 12 13 14 15 16
         Mode:  0 0 0 0 0 0 3 0 2 0 2 0 2 0 2 0
  i_eqv: 1016
         src: 846-> dest: 846
         Perm:  1 2 3 4 5 6 7 8 9 10 11 12 13 14 15 16
         Mode:  0 0 0 0 0 0 3 0 2 0 2 0 2 0 2 0
  i_eqv: 1017
         src: 847-> dest: 847
         Perm:  1 2 3 4 5 6 7 8 9 10 11 12 13 14 15 16
         Mode:  0 0 0 0 0 0 3 0 2 0 2 0 2 0 2 0
  i_eqv: 1018
         src: 848-> dest: 848
         Perm:  1 2 3 4 5 6 7 8 9 10 11 12 13 14 15 16
         Mode:  0 0 0 0 0 0 3 0 2 0 2 0 2 0 2 0
  i_eqv: 1019
         src: 849-> dest: 849
         Perm:  1 2 3 4 5 6 7 8 9 10 11 12 13 14 15 16
         Mode:  0 0 0 0 0 0 3 0 2 0 2 0 2 0 2 0
  i_eqv: 1020
         src: 850-> dest: 850
         Perm:  1 2 3 4 5 6 7 8 9 10 11 12 13 14 15 16
         Mode:  0 0 0 0 0 0 3 0 2 0 2 0 2 0 2 0
  i_eqv: 1021
         src: 851-> dest: 851
         Perm:  1 2 3 4 5 6 7 8 9 10 11 12 13 14 15 16
         Mode:  0 0 0 0 0 0 3 0 2 0 2 0 2 0 2 0
  i_eqv: 1022
         src: 852-> dest: 852
         Perm:  1 2 3 4 5 6 7 8 9 10 11 12 13 14 15 16
         Mode:  0 0 0 0 0 0 3 0 2 0 2 0 2 0 2 0
  i_eqv: 1023
         src: 853-> dest: 853
         Perm:  1 2 3 4 5 6 7 8 9 10 11 12 13 14 15 16
         Mode:  0 0 0 0 0 0 3 0 2 0 2 0 2 0 2 0
  i_eqv: 1024
         src: 854-> dest: 854
         Perm:  1 2 3 4 5 6 7 8 9 10 11 12 13 14 15 16
         Mode:  0 0 0 0 0 0 3 0 2 0 2 0 2 0 2 0
  i_eqv: 1025
         src: 855-> dest: 855
         Perm:  1 2 3 4 5 6 7 8 9 10 11 12 13 14 15 16
         Mode:  0 0 0 0 0 0 3 0 2 0 2 0 2 0 2 0
  i_eqv: 1026
         src: 856-> dest: 856
         Perm:  1 2 3 4 5 6 7 8 9 10 11 12 13 14 15 16
         Mode:  0 0 0 0 0 0 3 0 2 0 2 0 2 0 2 0
  i_eqv: 1027
         src: 857-> dest: 857
         Perm:  1 2 3 4 5 6 7 8 9 10 11 12 13 14 15 16
         Mode:  0 0 0 0 0 0 3 0 2 0 2 0 2 0 2 0
  i_eqv: 1028
         src: 858-> dest: 858
         Perm:  1 2 3 4 5 6 7 8 9 10 11 12 13 14 15 16
         Mode:  0 0 0 0 0 0 3 0 2 0 2 0 2 0 2 0
  i_eqv: 1029
         src: 859-> dest: 859
         Perm:  1 2 3 4 5 6 7 8 9 10 11 12 13 14 15 16
         Mode:  0 0 0 0 0 0 3 0 2 0 2 0 2 0 2 0
  i_eqv: 1030
         src: 860-> dest: 860
         Perm:  1 2 3 4 5 6 7 8 9 10 11 12 13 14 15 16
         Mode:  0 0 0 0 0 0 3 0 2 0 2 0 2 0 2 0
  i_eqv: 1031
         src: 861-> dest: 861
         Perm:  1 2 3 4 5 6 7 8 9 10 11 12 13 14 15 16
         Mode:  0 0 0 0 0 0 3 0 2 0 2 0 2 0 2 0
  i_eqv: 1032
         src: 862-> dest: 862
         Perm:  1 2 3 4 5 6 7 8 9 10 11 12 13 14 15 16
         Mode:  0 0 0 0 0 0 3 0 2 0 2 0 2 0 2 0
  i_eqv: 1033
         src: 863-> dest: 863
         Perm:  1 2 3 4 5 6 7 8 9 10 11 12 13 14 15 16
         Mode:  0 0 0 0 0 0 3 0 2 0 2 0 2 0 2 0
  i_eqv: 1034
         src: 864-> dest: 864
         Perm:  1 2 3 4 5 6 7 8 9 10 11 12 13 14 15 16
         Mode:  0 0 0 0 0 0 3 0 2 0 2 0 2 0 2 0
  i_eqv: 1035
         src: 865-> dest: 865
         Perm:  1 2 3 4 5 6 7 8 9 10 11 12 13 14 15 16
         Mode:  0 0 0 0 0 0 3 0 2 0 2 0 2 0 2 0
  i_eqv: 1036
         src: 866-> dest: 866
         Perm:  1 2 3 4 5 6 7 8 9 10 11 12 13 14 15 16
         Mode:  0 0 0 0 0 0 3 0 2 0 2 0 2 0 2 0
  i_eqv: 1037
         src: 867-> dest: 867
         Perm:  1 2 3 4 5 6 7 8 9 10 11 12 13 14 15 16
         Mode:  0 0 0 0 0 0 3 0 2 0 2 0 2 0 2 0
  i_eqv: 1038
         src: 868-> dest: 868
         Perm:  1 2 3 4 5 6 7 8 9 10 11 12 13 14 15 16
         Mode:  0 0 0 0 0 0 3 0 2 0 2 0 2 0 2 0
  i_eqv: 1039
         src: 869-> dest: 869
         Perm:  1 2 3 4 5 6 7 8 9 10 11 12 13 14 15 16
         Mode:  0 0 0 0 0 0 3 0 2 0 2 0 2 0 2 0
  i_eqv: 1040
         src: 870-> dest: 870
         Perm:  1 2 3 4 5 6 7 8 9 10 11 12 13 14 15 16
         Mode:  0 0 0 0 0 0 3 0 2 0 2 0 2 0 2 0
  i_eqv: 1041
         src: 871-> dest: 871
         Perm:  1 2 3 4 5 6 7 8 9 10 11 12 13 14 15 16
         Mode:  0 0 0 0 0 0 3 0 2 0 2 0 2 0 2 0
  i_eqv: 1042
         src: 872-> dest: 872
         Perm:  1 2 3 4 5 6 7 8 9 10 11 12 13 14 15 16
         Mode:  0 0 0 0 0 0 3 0 2 0 2 0 2 0 2 0
  i_eqv: 1043
         src: 873-> dest: 873
         Perm:  1 2 3 4 5 6 7 8 9 10 11 12 13 14 15 16
         Mode:  0 0 0 0 0 0 3 0 2 0 2 0 2 0 2 0
  i_eqv: 1044
         src: 874-> dest: 874
         Perm:  1 2 3 4 5 6 7 8 9 10 11 12 13 14 15 16
         Mode:  0 0 0 0 0 0 3 0 2 0 2 0 2 0 2 0
  i_eqv: 1045
         src: 875-> dest: 875
         Perm:  1 2 3 4 5 6 7 8 9 10 11 12 13 14 15 16
         Mode:  0 0 0 0 0 0 3 0 2 0 2 0 2 0 2 0
  i_eqv: 1046
         src: 876-> dest: 876
         Perm:  1 2 3 4 5 6 7 8 9 10 11 12 13 14 15 16
         Mode:  0 0 0 0 0 0 3 0 2 0 2 0 2 0 2 0
  i_eqv: 1047
         src: 877-> dest: 877
         Perm:  1 2 3 4 5 6 7 8 9 10 11 12 13 14 15 16
         Mode:  0 0 0 0 0 0 3 0 2 0 2 0 2 0 2 0
  i_eqv: 1048
         src: 878-> dest: 878
         Perm:  1 2 3 4 5 6 7 8 9 10 11 12 13 14 15 16
         Mode:  0 0 0 0 0 0 3 0 2 0 2 0 2 0 2 0
  i_eqv: 1049
         src: 879-> dest: 879
         Perm:  1 2 3 4 5 6 7 8 9 10 11 12 13 14 15 16
         Mode:  0 0 0 0 0 0 3 0 2 0 2 0 2 0 2 0
  i_eqv: 1050
         src: 880-> dest: 880
         Perm:  1 2 3 4 5 6 7 8 9 10 11 12 13 14 15 16
         Mode:  0 0 0 0 0 0 3 0 2 0 2 0 2 0 2 0
  i_eqv: 1051
         src: 881-> dest: 881
         Perm:  1 2 3 4 5 6 7 8 9 10 11 12 13 14 15 16
         Mode:  0 0 0 0 0 0 3 0 2 0 2 0 2 0 2 0
  i_eqv: 1052
         src: 882-> dest: 882
         Perm:  1 2 3 4 5 6 7 8 9 10 11 12 13 14 15 16
         Mode:  0 0 0 0 0 0 3 0 2 0 2 0 2 0 2 0
  i_eqv: 1053
         src: 883-> dest: 883
         Perm:  1 2 3 4 5 6 7 8 9 10 11 12 13 14 15 16
         Mode:  0 0 0 0 0 0 3 0 2 0 2 0 2 0 2 0
  i_eqv: 1054
         src: 884-> dest: 884
         Perm:  1 2 3 4 5 6 7 8 9 10 11 12 13 14 15 16
         Mode:  0 0 0 0 0 0 3 0 2 0 2 0 2 0 2 0
  i_eqv: 1055
         src: 885-> dest: 885
         Perm:  1 2 3 4 5 6 7 8 9 10 11 12 13 14 15 16
         Mode:  0 0 0 0 0 0 3 0 2 0 2 0 2 0 2 0
  i_eqv: 1056
         src: 886-> dest: 886
         Perm:  1 2 3 4 5 6 7 8 9 10 11 12 13 14 15 16
         Mode:  0 0 0 0 0 0 3 0 2 0 2 0 2 0 2 0
  i_eqv: 1057
         src: 887-> dest: 887
         Perm:  1 2 3 4 5 6 7 8 9 10 11 12 13 14 15 16
         Mode:  0 0 0 0 0 0 3 0 2 0 2 0 2 0 2 0
  i_eqv: 1058
         src: 888-> dest: 888
         Perm:  1 2 3 4 5 6 7 8 9 10 11 12 13 14 15 16
         Mode:  0 0 0 0 0 0 3 0 2 0 2 0 2 0 2 0
  i_eqv: 1059
         src: 889-> dest: 889
         Perm:  1 2 3 4 5 6 7 8 9 10 11 12 13 14 15 16
         Mode:  0 0 0 0 0 0 3 0 2 0 2 0 2 0 2 0
  i_eqv: 1060
         src: 890-> dest: 890
         Perm:  1 2 3 4 5 6 7 8 9 10 11 12 13 14 15 16
         Mode:  0 0 0 0 0 0 3 0 2 0 2 0 2 0 2 0
------------------------------------------------------------------------
 Weights of channel chains (groves):
     1 0.0011235955
     2 0.0033707865
     3 0.0011235955
     4 0.0033707865
     5 0.0033707865
     6 0.0033707865
     7 0.0033707865
     8 0.0044943820
     9 0.0033707865
    10 0.0011235955
    11 0.0033707865
    12 0.0011235955
    13 0.0044943820
    14 0.0033707865
    15 0.0022471910
    16 0.0033707865
    17 0.0033707865
    18 0.0044943820
    19 0.0067415730
    20 0.0112359551
    21 0.0112359551
    22 0.0033707865
    23 0.0033707865
    24 0.0067415730
    25 0.0067415730
    26 0.0101123596
    27 0.0101123596
    28 0.0044943820
    29 0.0067415730
    30 0.0101123596
    31 0.0101123596
    32 0.0067415730
    33 0.0089887640
    34 0.0044943820
    35 0.0056179775
    36 0.0022471910
    37 0.0044943820
    38 0.0011235955
    39 0.0011235955
    40 0.0011235955
    41 0.0067415730
    42 0.0044943820
    43 0.0089887640
    44 0.0044943820
    45 0.0022471910
    46 0.0067415730
    47 0.0044943820
    48 0.0022471910
    49 0.0022471910
    50 0.0011235955
    51 0.0011235955
    52 0.0134831461
    53 0.0022471910
    54 0.0044943820
    55 0.0067415730
    56 0.0022471910
    57 0.0011235955
    58 0.0011235955
    59 0.0067415730
    60 0.0022471910
    61 0.0112359551
    62 0.0134831461
    63 0.0112359551
    64 0.0134831461
    65 0.0179775281
    66 0.0022471910
    67 0.0112359551
    68 0.0134831461
    69 0.0112359551
    70 0.0134831461
    71 0.0179775281
    72 0.0022471910
    73 0.0134831461
    74 0.0134831461
    75 0.0179775281
    76 0.0056179775
    77 0.0022471910
    78 0.0044943820
    79 0.0022471910
    80 0.0044943820
    81 0.0044943820
    82 0.0022471910
    83 0.0011235955
    84 0.0011235955
    85 0.0067415730
    86 0.0022471910
    87 0.0022471910
    88 0.0044943820
    89 0.0067415730
    90 0.0044943820
    91 0.0044943820
    92 0.0089887640
    93 0.0044943820
    94 0.0044943820
    95 0.0044943820
    96 0.0044943820
    97 0.0044943820
    98 0.0022471910
    99 0.0044943820
   100 0.0067415730
   101 0.0011235955
   102 0.0011235955
   103 0.0011235955
   104 0.0011235955
   105 0.0067415730
   106 0.0022471910
   107 0.0044943820
   108 0.0067415730
   109 0.0056179775
   110 0.0101123596
   111 0.0067415730
   112 0.0011235955
   113 0.0011235955
   114 0.0011235955
   115 0.0011235955
   116 0.0067415730
   117 0.0022471910
   118 0.0044943820
   119 0.0044943820
   120 0.0044943820
   121 0.0044943820
   122 0.0044943820
   123 0.0044943820
   124 0.0022471910
   125 0.0022471910
   126 0.0022471910
   127 0.0022471910
   128 0.0044943820
   129 0.0044943820
   130 0.0044943820
   131 0.0044943820
   132 0.0044943820
   133 0.0022471910
   134 0.0022471910
   135 0.0022471910
   136 0.0044943820
   137 0.0044943820
   138 0.0044943820
   139 0.0044943820
   140 0.0044943820
   141 0.0022471910
   142 0.0022471910
   143 0.0022471910
   144 0.0033707865
   145 0.0022471910
   146 0.0022471910
   147 0.0022471910
   148 0.0022471910
   149 0.0044943820
   150 0.0044943820
   151 0.0011235955
   152 0.0011235955
   153 0.0011235955
   154 0.0089887640
   155 0.0089887640
   156 0.0044943820
   157 0.0044943820
   158 0.0044943820
   159 0.0022471910
   160 0.0022471910
   161 0.0022471910
   162 0.0011235955
   163 0.0044943820
   164 0.0044943820
   165 0.0044943820
   166 0.0022471910
   167 0.0022471910
   168 0.0022471910
   169 0.0011235955
   170 0.0011235955
   171 0.0011235955
   172 0.0044943820
   173 0.0044943820
   174 0.0044943820
   175 0.0044943820
   176 0.0044943820
   177 0.0044943820
   178 0.0044943820
   179 0.0022471910
   180 0.0022471910
   181 0.0022471910
   182 0.0022471910
   183 0.0089887640
   184 0.0089887640
   185 0.0044943820
   186 0.0011235955
   187 0.0022471910
   188 0.0044943820
   189 0.0044943820
   190 0.0044943820
   191 0.0044943820
   192 0.0033707865
   193 0.0044943820
   194 0.0044943820
   195 0.0044943820
   196 0.0022471910
   197 0.0022471910
   198 0.0022471910
   199 0.0011235955
   200 0.0022471910
   201 0.0022471910
   202 0.0022471910
   203 0.0056179775
   204 0.0044943820
   205 0.0044943820
   206 0.0044943820
   207 0.0022471910
   208 0.0022471910
   209 0.0022471910
   210 0.0022471910
   211 0.0022471910
   212 0.0022471910
   213 0.0033707865
   214 0.0044943820
   215 0.0044943820
   216 0.0022471910
   217 0.0022471910
   218 0.0011235955
   219 0.0011235955
   220 0.0011235955
   221 0.0011235955
   222 0.0011235955
   223 0.0011235955
   224 0.0011235955
   225 0.0011235955
   226 0.0011235955
   227 0.0011235955
   228 0.0011235955
   229 0.0011235955
   230 0.0022471910
   231 0.0022471910
   232 0.0011235955
   233 0.0011235955
   234 0.0011235955
   235 0.0011235955
   236 0.0011235955
   237 0.0011235955
   238 0.0011235955
   239 0.0011235955
###############################################################################
 Beam data (collision):
   e-  (mass = 5.1099700E-04 GeV)  polarized
   e+  (mass = 5.1099700E-04 GeV)  polarized
   sqrts = 3.650000000000E+02 GeV
###############################################################################
   No cuts used.
------------------------------------------------------------------------
   No scale expression was given.
------------------------------------------------------------------------
   No factorization scale expression was given.
------------------------------------------------------------------------
   No renormalization scale expression was given.
------------------------------------------------------------------------
   No weight expression was given.
###############################################################################
 Summary of quantum-number states:
  + sign: allowed and contributing
  no +  : switched off at runtime
------------------------------------------------------------------------
 Term #1
   1  [f(11) h(-1) / f(-11) h(-1) / f(-11) h(-1) / f(12) h(-1) / f(5) c(1 ) h(-1) / f(13) h(-1) / f(-14) h(-1) / f(-5) c(-1 ) h(-1)]
   2  [f(11) h(-1) / f(-11) h(-1) / f(-11) h(-1) / f(12) h(-1) / f(5) c(1 ) h(-1) / f(13) h(-1) / f(-14) h(-1) / f(-5) c(-1 ) h(1)]
   3  [f(11) h(-1) / f(-11) h(-1) / f(-11) h(-1) / f(12) h(-1) / f(5) c(1 ) h(-1) / f(13) h(-1) / f(-14) h(1) / f(-5) c(-1 ) h(-1)]
 + 4  [f(11) h(-1) / f(-11) h(-1) / f(-11) h(-1) / f(12) h(-1) / f(5) c(1 ) h(-1) / f(13) h(-1) / f(-14) h(1) / f(-5) c(-1 ) h(1)]
   5  [f(11) h(-1) / f(-11) h(-1) / f(-11) h(-1) / f(12) h(-1) / f(5) c(1 ) h(-1) / f(13) h(1) / f(-14) h(-1) / f(-5) c(-1 ) h(-1)]
   6  [f(11) h(-1) / f(-11) h(-1) / f(-11) h(-1) / f(12) h(-1) / f(5) c(1 ) h(-1) / f(13) h(1) / f(-14) h(-1) / f(-5) c(-1 ) h(1)]
   7  [f(11) h(-1) / f(-11) h(-1) / f(-11) h(-1) / f(12) h(-1) / f(5) c(1 ) h(-1) / f(13) h(1) / f(-14) h(1) / f(-5) c(-1 ) h(-1)]
   8  [f(11) h(-1) / f(-11) h(-1) / f(-11) h(-1) / f(12) h(-1) / f(5) c(1 ) h(-1) / f(13) h(1) / f(-14) h(1) / f(-5) c(-1 ) h(1)]
   9  [f(11) h(-1) / f(-11) h(-1) / f(-11) h(-1) / f(12) h(-1) / f(5) c(1 ) h(1) / f(13) h(-1) / f(-14) h(-1) / f(-5) c(-1 ) h(-1)]
   10  [f(11) h(-1) / f(-11) h(-1) / f(-11) h(-1) / f(12) h(-1) / f(5) c(1 ) h(1) / f(13) h(-1) / f(-14) h(-1) / f(-5) c(-1 ) h(1)]
   11  [f(11) h(-1) / f(-11) h(-1) / f(-11) h(-1) / f(12) h(-1) / f(5) c(1 ) h(1) / f(13) h(-1) / f(-14) h(1) / f(-5) c(-1 ) h(-1)]
   12  [f(11) h(-1) / f(-11) h(-1) / f(-11) h(-1) / f(12) h(-1) / f(5) c(1 ) h(1) / f(13) h(-1) / f(-14) h(1) / f(-5) c(-1 ) h(1)]
   13  [f(11) h(-1) / f(-11) h(-1) / f(-11) h(-1) / f(12) h(-1) / f(5) c(1 ) h(1) / f(13) h(1) / f(-14) h(-1) / f(-5) c(-1 ) h(-1)]
   14  [f(11) h(-1) / f(-11) h(-1) / f(-11) h(-1) / f(12) h(-1) / f(5) c(1 ) h(1) / f(13) h(1) / f(-14) h(-1) / f(-5) c(-1 ) h(1)]
   15  [f(11) h(-1) / f(-11) h(-1) / f(-11) h(-1) / f(12) h(-1) / f(5) c(1 ) h(1) / f(13) h(1) / f(-14) h(1) / f(-5) c(-1 ) h(-1)]
   16  [f(11) h(-1) / f(-11) h(-1) / f(-11) h(-1) / f(12) h(-1) / f(5) c(1 ) h(1) / f(13) h(1) / f(-14) h(1) / f(-5) c(-1 ) h(1)]
   17  [f(11) h(-1) / f(-11) h(-1) / f(-11) h(-1) / f(12) h(1) / f(5) c(1 ) h(-1) / f(13) h(-1) / f(-14) h(-1) / f(-5) c(-1 ) h(-1)]
   18  [f(11) h(-1) / f(-11) h(-1) / f(-11) h(-1) / f(12) h(1) / f(5) c(1 ) h(-1) / f(13) h(-1) / f(-14) h(-1) / f(-5) c(-1 ) h(1)]
   19  [f(11) h(-1) / f(-11) h(-1) / f(-11) h(-1) / f(12) h(1) / f(5) c(1 ) h(-1) / f(13) h(-1) / f(-14) h(1) / f(-5) c(-1 ) h(-1)]
   20  [f(11) h(-1) / f(-11) h(-1) / f(-11) h(-1) / f(12) h(1) / f(5) c(1 ) h(-1) / f(13) h(-1) / f(-14) h(1) / f(-5) c(-1 ) h(1)]
   21  [f(11) h(-1) / f(-11) h(-1) / f(-11) h(-1) / f(12) h(1) / f(5) c(1 ) h(-1) / f(13) h(1) / f(-14) h(-1) / f(-5) c(-1 ) h(-1)]
   22  [f(11) h(-1) / f(-11) h(-1) / f(-11) h(-1) / f(12) h(1) / f(5) c(1 ) h(-1) / f(13) h(1) / f(-14) h(-1) / f(-5) c(-1 ) h(1)]
   23  [f(11) h(-1) / f(-11) h(-1) / f(-11) h(-1) / f(12) h(1) / f(5) c(1 ) h(-1) / f(13) h(1) / f(-14) h(1) / f(-5) c(-1 ) h(-1)]
   24  [f(11) h(-1) / f(-11) h(-1) / f(-11) h(-1) / f(12) h(1) / f(5) c(1 ) h(-1) / f(13) h(1) / f(-14) h(1) / f(-5) c(-1 ) h(1)]
   25  [f(11) h(-1) / f(-11) h(-1) / f(-11) h(-1) / f(12) h(1) / f(5) c(1 ) h(1) / f(13) h(-1) / f(-14) h(-1) / f(-5) c(-1 ) h(-1)]
   26  [f(11) h(-1) / f(-11) h(-1) / f(-11) h(-1) / f(12) h(1) / f(5) c(1 ) h(1) / f(13) h(-1) / f(-14) h(-1) / f(-5) c(-1 ) h(1)]
   27  [f(11) h(-1) / f(-11) h(-1) / f(-11) h(-1) / f(12) h(1) / f(5) c(1 ) h(1) / f(13) h(-1) / f(-14) h(1) / f(-5) c(-1 ) h(-1)]
   28  [f(11) h(-1) / f(-11) h(-1) / f(-11) h(-1) / f(12) h(1) / f(5) c(1 ) h(1) / f(13) h(-1) / f(-14) h(1) / f(-5) c(-1 ) h(1)]
   29  [f(11) h(-1) / f(-11) h(-1) / f(-11) h(-1) / f(12) h(1) / f(5) c(1 ) h(1) / f(13) h(1) / f(-14) h(-1) / f(-5) c(-1 ) h(-1)]
   30  [f(11) h(-1) / f(-11) h(-1) / f(-11) h(-1) / f(12) h(1) / f(5) c(1 ) h(1) / f(13) h(1) / f(-14) h(-1) / f(-5) c(-1 ) h(1)]
   31  [f(11) h(-1) / f(-11) h(-1) / f(-11) h(-1) / f(12) h(1) / f(5) c(1 ) h(1) / f(13) h(1) / f(-14) h(1) / f(-5) c(-1 ) h(-1)]
   32  [f(11) h(-1) / f(-11) h(-1) / f(-11) h(-1) / f(12) h(1) / f(5) c(1 ) h(1) / f(13) h(1) / f(-14) h(1) / f(-5) c(-1 ) h(1)]
   33  [f(11) h(-1) / f(-11) h(-1) / f(-11) h(1) / f(12) h(-1) / f(5) c(1 ) h(-1) / f(13) h(-1) / f(-14) h(-1) / f(-5) c(-1 ) h(-1)]
   34  [f(11) h(-1) / f(-11) h(-1) / f(-11) h(1) / f(12) h(-1) / f(5) c(1 ) h(-1) / f(13) h(-1) / f(-14) h(-1) / f(-5) c(-1 ) h(1)]
 + 35  [f(11) h(-1) / f(-11) h(-1) / f(-11) h(1) / f(12) h(-1) / f(5) c(1 ) h(-1) / f(13) h(-1) / f(-14) h(1) / f(-5) c(-1 ) h(-1)]
 + 36  [f(11) h(-1) / f(-11) h(-1) / f(-11) h(1) / f(12) h(-1) / f(5) c(1 ) h(-1) / f(13) h(-1) / f(-14) h(1) / f(-5) c(-1 ) h(1)]
   37  [f(11) h(-1) / f(-11) h(-1) / f(-11) h(1) / f(12) h(-1) / f(5) c(1 ) h(-1) / f(13) h(1) / f(-14) h(-1) / f(-5) c(-1 ) h(-1)]
   38  [f(11) h(-1) / f(-11) h(-1) / f(-11) h(1) / f(12) h(-1) / f(5) c(1 ) h(-1) / f(13) h(1) / f(-14) h(-1) / f(-5) c(-1 ) h(1)]
 + 39  [f(11) h(-1) / f(-11) h(-1) / f(-11) h(1) / f(12) h(-1) / f(5) c(1 ) h(-1) / f(13) h(1) / f(-14) h(1) / f(-5) c(-1 ) h(-1)]
 + 40  [f(11) h(-1) / f(-11) h(-1) / f(-11) h(1) / f(12) h(-1) / f(5) c(1 ) h(-1) / f(13) h(1) / f(-14) h(1) / f(-5) c(-1 ) h(1)]
   41  [f(11) h(-1) / f(-11) h(-1) / f(-11) h(1) / f(12) h(-1) / f(5) c(1 ) h(1) / f(13) h(-1) / f(-14) h(-1) / f(-5) c(-1 ) h(-1)]
   42  [f(11) h(-1) / f(-11) h(-1) / f(-11) h(1) / f(12) h(-1) / f(5) c(1 ) h(1) / f(13) h(-1) / f(-14) h(-1) / f(-5) c(-1 ) h(1)]
 + 43  [f(11) h(-1) / f(-11) h(-1) / f(-11) h(1) / f(12) h(-1) / f(5) c(1 ) h(1) / f(13) h(-1) / f(-14) h(1) / f(-5) c(-1 ) h(-1)]
 + 44  [f(11) h(-1) / f(-11) h(-1) / f(-11) h(1) / f(12) h(-1) / f(5) c(1 ) h(1) / f(13) h(-1) / f(-14) h(1) / f(-5) c(-1 ) h(1)]
   45  [f(11) h(-1) / f(-11) h(-1) / f(-11) h(1) / f(12) h(-1) / f(5) c(1 ) h(1) / f(13) h(1) / f(-14) h(-1) / f(-5) c(-1 ) h(-1)]
   46  [f(11) h(-1) / f(-11) h(-1) / f(-11) h(1) / f(12) h(-1) / f(5) c(1 ) h(1) / f(13) h(1) / f(-14) h(-1) / f(-5) c(-1 ) h(1)]
   47  [f(11) h(-1) / f(-11) h(-1) / f(-11) h(1) / f(12) h(-1) / f(5) c(1 ) h(1) / f(13) h(1) / f(-14) h(1) / f(-5) c(-1 ) h(-1)]
 + 48  [f(11) h(-1) / f(-11) h(-1) / f(-11) h(1) / f(12) h(-1) / f(5) c(1 ) h(1) / f(13) h(1) / f(-14) h(1) / f(-5) c(-1 ) h(1)]
   49  [f(11) h(-1) / f(-11) h(-1) / f(-11) h(1) / f(12) h(1) / f(5) c(1 ) h(-1) / f(13) h(-1) / f(-14) h(-1) / f(-5) c(-1 ) h(-1)]
   50  [f(11) h(-1) / f(-11) h(-1) / f(-11) h(1) / f(12) h(1) / f(5) c(1 ) h(-1) / f(13) h(-1) / f(-14) h(-1) / f(-5) c(-1 ) h(1)]
   51  [f(11) h(-1) / f(-11) h(-1) / f(-11) h(1) / f(12) h(1) / f(5) c(1 ) h(-1) / f(13) h(-1) / f(-14) h(1) / f(-5) c(-1 ) h(-1)]
   52  [f(11) h(-1) / f(-11) h(-1) / f(-11) h(1) / f(12) h(1) / f(5) c(1 ) h(-1) / f(13) h(-1) / f(-14) h(1) / f(-5) c(-1 ) h(1)]
   53  [f(11) h(-1) / f(-11) h(-1) / f(-11) h(1) / f(12) h(1) / f(5) c(1 ) h(-1) / f(13) h(1) / f(-14) h(-1) / f(-5) c(-1 ) h(-1)]
   54  [f(11) h(-1) / f(-11) h(-1) / f(-11) h(1) / f(12) h(1) / f(5) c(1 ) h(-1) / f(13) h(1) / f(-14) h(-1) / f(-5) c(-1 ) h(1)]
   55  [f(11) h(-1) / f(-11) h(-1) / f(-11) h(1) / f(12) h(1) / f(5) c(1 ) h(-1) / f(13) h(1) / f(-14) h(1) / f(-5) c(-1 ) h(-1)]
   56  [f(11) h(-1) / f(-11) h(-1) / f(-11) h(1) / f(12) h(1) / f(5) c(1 ) h(-1) / f(13) h(1) / f(-14) h(1) / f(-5) c(-1 ) h(1)]
   57  [f(11) h(-1) / f(-11) h(-1) / f(-11) h(1) / f(12) h(1) / f(5) c(1 ) h(1) / f(13) h(-1) / f(-14) h(-1) / f(-5) c(-1 ) h(-1)]
   58  [f(11) h(-1) / f(-11) h(-1) / f(-11) h(1) / f(12) h(1) / f(5) c(1 ) h(1) / f(13) h(-1) / f(-14) h(-1) / f(-5) c(-1 ) h(1)]
   59  [f(11) h(-1) / f(-11) h(-1) / f(-11) h(1) / f(12) h(1) / f(5) c(1 ) h(1) / f(13) h(-1) / f(-14) h(1) / f(-5) c(-1 ) h(-1)]
   60  [f(11) h(-1) / f(-11) h(-1) / f(-11) h(1) / f(12) h(1) / f(5) c(1 ) h(1) / f(13) h(-1) / f(-14) h(1) / f(-5) c(-1 ) h(1)]
   61  [f(11) h(-1) / f(-11) h(-1) / f(-11) h(1) / f(12) h(1) / f(5) c(1 ) h(1) / f(13) h(1) / f(-14) h(-1) / f(-5) c(-1 ) h(-1)]
   62  [f(11) h(-1) / f(-11) h(-1) / f(-11) h(1) / f(12) h(1) / f(5) c(1 ) h(1) / f(13) h(1) / f(-14) h(-1) / f(-5) c(-1 ) h(1)]
   63  [f(11) h(-1) / f(-11) h(-1) / f(-11) h(1) / f(12) h(1) / f(5) c(1 ) h(1) / f(13) h(1) / f(-14) h(1) / f(-5) c(-1 ) h(-1)]
   64  [f(11) h(-1) / f(-11) h(-1) / f(-11) h(1) / f(12) h(1) / f(5) c(1 ) h(1) / f(13) h(1) / f(-14) h(1) / f(-5) c(-1 ) h(1)]
   65  [f(11) h(-1) / f(-11) h(1) / f(-11) h(-1) / f(12) h(-1) / f(5) c(1 ) h(-1) / f(13) h(-1) / f(-14) h(-1) / f(-5) c(-1 ) h(-1)]
   66  [f(11) h(-1) / f(-11) h(1) / f(-11) h(-1) / f(12) h(-1) / f(5) c(1 ) h(-1) / f(13) h(-1) / f(-14) h(-1) / f(-5) c(-1 ) h(1)]
 + 67  [f(11) h(-1) / f(-11) h(1) / f(-11) h(-1) / f(12) h(-1) / f(5) c(1 ) h(-1) / f(13) h(-1) / f(-14) h(1) / f(-5) c(-1 ) h(-1)]
 + 68  [f(11) h(-1) / f(-11) h(1) / f(-11) h(-1) / f(12) h(-1) / f(5) c(1 ) h(-1) / f(13) h(-1) / f(-14) h(1) / f(-5) c(-1 ) h(1)]
   69  [f(11) h(-1) / f(-11) h(1) / f(-11) h(-1) / f(12) h(-1) / f(5) c(1 ) h(-1) / f(13) h(1) / f(-14) h(-1) / f(-5) c(-1 ) h(-1)]
   70  [f(11) h(-1) / f(-11) h(1) / f(-11) h(-1) / f(12) h(-1) / f(5) c(1 ) h(-1) / f(13) h(1) / f(-14) h(-1) / f(-5) c(-1 ) h(1)]
   71  [f(11) h(-1) / f(-11) h(1) / f(-11) h(-1) / f(12) h(-1) / f(5) c(1 ) h(-1) / f(13) h(1) / f(-14) h(1) / f(-5) c(-1 ) h(-1)]
 + 72  [f(11) h(-1) / f(-11) h(1) / f(-11) h(-1) / f(12) h(-1) / f(5) c(1 ) h(-1) / f(13) h(1) / f(-14) h(1) / f(-5) c(-1 ) h(1)]
   73  [f(11) h(-1) / f(-11) h(1) / f(-11) h(-1) / f(12) h(-1) / f(5) c(1 ) h(1) / f(13) h(-1) / f(-14) h(-1) / f(-5) c(-1 ) h(-1)]
   74  [f(11) h(-1) / f(-11) h(1) / f(-11) h(-1) / f(12) h(-1) / f(5) c(1 ) h(1) / f(13) h(-1) / f(-14) h(-1) / f(-5) c(-1 ) h(1)]
 + 75  [f(11) h(-1) / f(-11) h(1) / f(-11) h(-1) / f(12) h(-1) / f(5) c(1 ) h(1) / f(13) h(-1) / f(-14) h(1) / f(-5) c(-1 ) h(-1)]
 + 76  [f(11) h(-1) / f(-11) h(1) / f(-11) h(-1) / f(12) h(-1) / f(5) c(1 ) h(1) / f(13) h(-1) / f(-14) h(1) / f(-5) c(-1 ) h(1)]
   77  [f(11) h(-1) / f(-11) h(1) / f(-11) h(-1) / f(12) h(-1) / f(5) c(1 ) h(1) / f(13) h(1) / f(-14) h(-1) / f(-5) c(-1 ) h(-1)]
   78  [f(11) h(-1) / f(-11) h(1) / f(-11) h(-1) / f(12) h(-1) / f(5) c(1 ) h(1) / f(13) h(1) / f(-14) h(-1) / f(-5) c(-1 ) h(1)]
   79  [f(11) h(-1) / f(-11) h(1) / f(-11) h(-1) / f(12) h(-1) / f(5) c(1 ) h(1) / f(13) h(1) / f(-14) h(1) / f(-5) c(-1 ) h(-1)]
   80  [f(11) h(-1) / f(-11) h(1) / f(-11) h(-1) / f(12) h(-1) / f(5) c(1 ) h(1) / f(13) h(1) / f(-14) h(1) / f(-5) c(-1 ) h(1)]
   81  [f(11) h(-1) / f(-11) h(1) / f(-11) h(-1) / f(12) h(1) / f(5) c(1 ) h(-1) / f(13) h(-1) / f(-14) h(-1) / f(-5) c(-1 ) h(-1)]
   82  [f(11) h(-1) / f(-11) h(1) / f(-11) h(-1) / f(12) h(1) / f(5) c(1 ) h(-1) / f(13) h(-1) / f(-14) h(-1) / f(-5) c(-1 ) h(1)]
   83  [f(11) h(-1) / f(-11) h(1) / f(-11) h(-1) / f(12) h(1) / f(5) c(1 ) h(-1) / f(13) h(-1) / f(-14) h(1) / f(-5) c(-1 ) h(-1)]
   84  [f(11) h(-1) / f(-11) h(1) / f(-11) h(-1) / f(12) h(1) / f(5) c(1 ) h(-1) / f(13) h(-1) / f(-14) h(1) / f(-5) c(-1 ) h(1)]
   85  [f(11) h(-1) / f(-11) h(1) / f(-11) h(-1) / f(12) h(1) / f(5) c(1 ) h(-1) / f(13) h(1) / f(-14) h(-1) / f(-5) c(-1 ) h(-1)]
   86  [f(11) h(-1) / f(-11) h(1) / f(-11) h(-1) / f(12) h(1) / f(5) c(1 ) h(-1) / f(13) h(1) / f(-14) h(-1) / f(-5) c(-1 ) h(1)]
   87  [f(11) h(-1) / f(-11) h(1) / f(-11) h(-1) / f(12) h(1) / f(5) c(1 ) h(-1) / f(13) h(1) / f(-14) h(1) / f(-5) c(-1 ) h(-1)]
   88  [f(11) h(-1) / f(-11) h(1) / f(-11) h(-1) / f(12) h(1) / f(5) c(1 ) h(-1) / f(13) h(1) / f(-14) h(1) / f(-5) c(-1 ) h(1)]
   89  [f(11) h(-1) / f(-11) h(1) / f(-11) h(-1) / f(12) h(1) / f(5) c(1 ) h(1) / f(13) h(-1) / f(-14) h(-1) / f(-5) c(-1 ) h(-1)]
   90  [f(11) h(-1) / f(-11) h(1) / f(-11) h(-1) / f(12) h(1) / f(5) c(1 ) h(1) / f(13) h(-1) / f(-14) h(-1) / f(-5) c(-1 ) h(1)]
   91  [f(11) h(-1) / f(-11) h(1) / f(-11) h(-1) / f(12) h(1) / f(5) c(1 ) h(1) / f(13) h(-1) / f(-14) h(1) / f(-5) c(-1 ) h(-1)]
   92  [f(11) h(-1) / f(-11) h(1) / f(-11) h(-1) / f(12) h(1) / f(5) c(1 ) h(1) / f(13) h(-1) / f(-14) h(1) / f(-5) c(-1 ) h(1)]
   93  [f(11) h(-1) / f(-11) h(1) / f(-11) h(-1) / f(12) h(1) / f(5) c(1 ) h(1) / f(13) h(1) / f(-14) h(-1) / f(-5) c(-1 ) h(-1)]
   94  [f(11) h(-1) / f(-11) h(1) / f(-11) h(-1) / f(12) h(1) / f(5) c(1 ) h(1) / f(13) h(1) / f(-14) h(-1) / f(-5) c(-1 ) h(1)]
   95  [f(11) h(-1) / f(-11) h(1) / f(-11) h(-1) / f(12) h(1) / f(5) c(1 ) h(1) / f(13) h(1) / f(-14) h(1) / f(-5) c(-1 ) h(-1)]
   96  [f(11) h(-1) / f(-11) h(1) / f(-11) h(-1) / f(12) h(1) / f(5) c(1 ) h(1) / f(13) h(1) / f(-14) h(1) / f(-5) c(-1 ) h(1)]
   97  [f(11) h(-1) / f(-11) h(1) / f(-11) h(1) / f(12) h(-1) / f(5) c(1 ) h(-1) / f(13) h(-1) / f(-14) h(-1) / f(-5) c(-1 ) h(-1)]
   98  [f(11) h(-1) / f(-11) h(1) / f(-11) h(1) / f(12) h(-1) / f(5) c(1 ) h(-1) / f(13) h(-1) / f(-14) h(-1) / f(-5) c(-1 ) h(1)]
 + 99  [f(11) h(-1) / f(-11) h(1) / f(-11) h(1) / f(12) h(-1) / f(5) c(1 ) h(-1) / f(13) h(-1) / f(-14) h(1) / f(-5) c(-1 ) h(-1)]
 + 100  [f(11) h(-1) / f(-11) h(1) / f(-11) h(1) / f(12) h(-1) / f(5) c(1 ) h(-1) / f(13) h(-1) / f(-14) h(1) / f(-5) c(-1 ) h(1)]
   101  [f(11) h(-1) / f(-11) h(1) / f(-11) h(1) / f(12) h(-1) / f(5) c(1 ) h(-1) / f(13) h(1) / f(-14) h(-1) / f(-5) c(-1 ) h(-1)]
   102  [f(11) h(-1) / f(-11) h(1) / f(-11) h(1) / f(12) h(-1) / f(5) c(1 ) h(-1) / f(13) h(1) / f(-14) h(-1) / f(-5) c(-1 ) h(1)]
 + 103  [f(11) h(-1) / f(-11) h(1) / f(-11) h(1) / f(12) h(-1) / f(5) c(1 ) h(-1) / f(13) h(1) / f(-14) h(1) / f(-5) c(-1 ) h(-1)]
 + 104  [f(11) h(-1) / f(-11) h(1) / f(-11) h(1) / f(12) h(-1) / f(5) c(1 ) h(-1) / f(13) h(1) / f(-14) h(1) / f(-5) c(-1 ) h(1)]
   105  [f(11) h(-1) / f(-11) h(1) / f(-11) h(1) / f(12) h(-1) / f(5) c(1 ) h(1) / f(13) h(-1) / f(-14) h(-1) / f(-5) c(-1 ) h(-1)]
   106  [f(11) h(-1) / f(-11) h(1) / f(-11) h(1) / f(12) h(-1) / f(5) c(1 ) h(1) / f(13) h(-1) / f(-14) h(-1) / f(-5) c(-1 ) h(1)]
 + 107  [f(11) h(-1) / f(-11) h(1) / f(-11) h(1) / f(12) h(-1) / f(5) c(1 ) h(1) / f(13) h(-1) / f(-14) h(1) / f(-5) c(-1 ) h(-1)]
 + 108  [f(11) h(-1) / f(-11) h(1) / f(-11) h(1) / f(12) h(-1) / f(5) c(1 ) h(1) / f(13) h(-1) / f(-14) h(1) / f(-5) c(-1 ) h(1)]
   109  [f(11) h(-1) / f(-11) h(1) / f(-11) h(1) / f(12) h(-1) / f(5) c(1 ) h(1) / f(13) h(1) / f(-14) h(-1) / f(-5) c(-1 ) h(-1)]
   110  [f(11) h(-1) / f(-11) h(1) / f(-11) h(1) / f(12) h(-1) / f(5) c(1 ) h(1) / f(13) h(1) / f(-14) h(-1) / f(-5) c(-1 ) h(1)]
 + 111  [f(11) h(-1) / f(-11) h(1) / f(-11) h(1) / f(12) h(-1) / f(5) c(1 ) h(1) / f(13) h(1) / f(-14) h(1) / f(-5) c(-1 ) h(-1)]
 + 112  [f(11) h(-1) / f(-11) h(1) / f(-11) h(1) / f(12) h(-1) / f(5) c(1 ) h(1) / f(13) h(1) / f(-14) h(1) / f(-5) c(-1 ) h(1)]
   113  [f(11) h(-1) / f(-11) h(1) / f(-11) h(1) / f(12) h(1) / f(5) c(1 ) h(-1) / f(13) h(-1) / f(-14) h(-1) / f(-5) c(-1 ) h(-1)]
   114  [f(11) h(-1) / f(-11) h(1) / f(-11) h(1) / f(12) h(1) / f(5) c(1 ) h(-1) / f(13) h(-1) / f(-14) h(-1) / f(-5) c(-1 ) h(1)]
   115  [f(11) h(-1) / f(-11) h(1) / f(-11) h(1) / f(12) h(1) / f(5) c(1 ) h(-1) / f(13) h(-1) / f(-14) h(1) / f(-5) c(-1 ) h(-1)]
   116  [f(11) h(-1) / f(-11) h(1) / f(-11) h(1) / f(12) h(1) / f(5) c(1 ) h(-1) / f(13) h(-1) / f(-14) h(1) / f(-5) c(-1 ) h(1)]
   117  [f(11) h(-1) / f(-11) h(1) / f(-11) h(1) / f(12) h(1) / f(5) c(1 ) h(-1) / f(13) h(1) / f(-14) h(-1) / f(-5) c(-1 ) h(-1)]
   118  [f(11) h(-1) / f(-11) h(1) / f(-11) h(1) / f(12) h(1) / f(5) c(1 ) h(-1) / f(13) h(1) / f(-14) h(-1) / f(-5) c(-1 ) h(1)]
   119  [f(11) h(-1) / f(-11) h(1) / f(-11) h(1) / f(12) h(1) / f(5) c(1 ) h(-1) / f(13) h(1) / f(-14) h(1) / f(-5) c(-1 ) h(-1)]
   120  [f(11) h(-1) / f(-11) h(1) / f(-11) h(1) / f(12) h(1) / f(5) c(1 ) h(-1) / f(13) h(1) / f(-14) h(1) / f(-5) c(-1 ) h(1)]
   121  [f(11) h(-1) / f(-11) h(1) / f(-11) h(1) / f(12) h(1) / f(5) c(1 ) h(1) / f(13) h(-1) / f(-14) h(-1) / f(-5) c(-1 ) h(-1)]
   122  [f(11) h(-1) / f(-11) h(1) / f(-11) h(1) / f(12) h(1) / f(5) c(1 ) h(1) / f(13) h(-1) / f(-14) h(-1) / f(-5) c(-1 ) h(1)]
   123  [f(11) h(-1) / f(-11) h(1) / f(-11) h(1) / f(12) h(1) / f(5) c(1 ) h(1) / f(13) h(-1) / f(-14) h(1) / f(-5) c(-1 ) h(-1)]
   124  [f(11) h(-1) / f(-11) h(1) / f(-11) h(1) / f(12) h(1) / f(5) c(1 ) h(1) / f(13) h(-1) / f(-14) h(1) / f(-5) c(-1 ) h(1)]
   125  [f(11) h(-1) / f(-11) h(1) / f(-11) h(1) / f(12) h(1) / f(5) c(1 ) h(1) / f(13) h(1) / f(-14) h(-1) / f(-5) c(-1 ) h(-1)]
   126  [f(11) h(-1) / f(-11) h(1) / f(-11) h(1) / f(12) h(1) / f(5) c(1 ) h(1) / f(13) h(1) / f(-14) h(-1) / f(-5) c(-1 ) h(1)]
   127  [f(11) h(-1) / f(-11) h(1) / f(-11) h(1) / f(12) h(1) / f(5) c(1 ) h(1) / f(13) h(1) / f(-14) h(1) / f(-5) c(-1 ) h(-1)]
   128  [f(11) h(-1) / f(-11) h(1) / f(-11) h(1) / f(12) h(1) / f(5) c(1 ) h(1) / f(13) h(1) / f(-14) h(1) / f(-5) c(-1 ) h(1)]
   129  [f(11) h(1) / f(-11) h(-1) / f(-11) h(-1) / f(12) h(-1) / f(5) c(1 ) h(-1) / f(13) h(-1) / f(-14) h(-1) / f(-5) c(-1 ) h(-1)]
   130  [f(11) h(1) / f(-11) h(-1) / f(-11) h(-1) / f(12) h(-1) / f(5) c(1 ) h(-1) / f(13) h(-1) / f(-14) h(-1) / f(-5) c(-1 ) h(1)]
 + 131  [f(11) h(1) / f(-11) h(-1) / f(-11) h(-1) / f(12) h(-1) / f(5) c(1 ) h(-1) / f(13) h(-1) / f(-14) h(1) / f(-5) c(-1 ) h(-1)]
 + 132  [f(11) h(1) / f(-11) h(-1) / f(-11) h(-1) / f(12) h(-1) / f(5) c(1 ) h(-1) / f(13) h(-1) / f(-14) h(1) / f(-5) c(-1 ) h(1)]
   133  [f(11) h(1) / f(-11) h(-1) / f(-11) h(-1) / f(12) h(-1) / f(5) c(1 ) h(-1) / f(13) h(1) / f(-14) h(-1) / f(-5) c(-1 ) h(-1)]
   134  [f(11) h(1) / f(-11) h(-1) / f(-11) h(-1) / f(12) h(-1) / f(5) c(1 ) h(-1) / f(13) h(1) / f(-14) h(-1) / f(-5) c(-1 ) h(1)]
   135  [f(11) h(1) / f(-11) h(-1) / f(-11) h(-1) / f(12) h(-1) / f(5) c(1 ) h(-1) / f(13) h(1) / f(-14) h(1) / f(-5) c(-1 ) h(-1)]
 + 136  [f(11) h(1) / f(-11) h(-1) / f(-11) h(-1) / f(12) h(-1) / f(5) c(1 ) h(-1) / f(13) h(1) / f(-14) h(1) / f(-5) c(-1 ) h(1)]
   137  [f(11) h(1) / f(-11) h(-1) / f(-11) h(-1) / f(12) h(-1) / f(5) c(1 ) h(1) / f(13) h(-1) / f(-14) h(-1) / f(-5) c(-1 ) h(-1)]
   138  [f(11) h(1) / f(-11) h(-1) / f(-11) h(-1) / f(12) h(-1) / f(5) c(1 ) h(1) / f(13) h(-1) / f(-14) h(-1) / f(-5) c(-1 ) h(1)]
 + 139  [f(11) h(1) / f(-11) h(-1) / f(-11) h(-1) / f(12) h(-1) / f(5) c(1 ) h(1) / f(13) h(-1) / f(-14) h(1) / f(-5) c(-1 ) h(-1)]
 + 140  [f(11) h(1) / f(-11) h(-1) / f(-11) h(-1) / f(12) h(-1) / f(5) c(1 ) h(1) / f(13) h(-1) / f(-14) h(1) / f(-5) c(-1 ) h(1)]
   141  [f(11) h(1) / f(-11) h(-1) / f(-11) h(-1) / f(12) h(-1) / f(5) c(1 ) h(1) / f(13) h(1) / f(-14) h(-1) / f(-5) c(-1 ) h(-1)]
   142  [f(11) h(1) / f(-11) h(-1) / f(-11) h(-1) / f(12) h(-1) / f(5) c(1 ) h(1) / f(13) h(1) / f(-14) h(-1) / f(-5) c(-1 ) h(1)]
   143  [f(11) h(1) / f(-11) h(-1) / f(-11) h(-1) / f(12) h(-1) / f(5) c(1 ) h(1) / f(13) h(1) / f(-14) h(1) / f(-5) c(-1 ) h(-1)]
   144  [f(11) h(1) / f(-11) h(-1) / f(-11) h(-1) / f(12) h(-1) / f(5) c(1 ) h(1) / f(13) h(1) / f(-14) h(1) / f(-5) c(-1 ) h(1)]
   145  [f(11) h(1) / f(-11) h(-1) / f(-11) h(-1) / f(12) h(1) / f(5) c(1 ) h(-1) / f(13) h(-1) / f(-14) h(-1) / f(-5) c(-1 ) h(-1)]
   146  [f(11) h(1) / f(-11) h(-1) / f(-11) h(-1) / f(12) h(1) / f(5) c(1 ) h(-1) / f(13) h(-1) / f(-14) h(-1) / f(-5) c(-1 ) h(1)]
   147  [f(11) h(1) / f(-11) h(-1) / f(-11) h(-1) / f(12) h(1) / f(5) c(1 ) h(-1) / f(13) h(-1) / f(-14) h(1) / f(-5) c(-1 ) h(-1)]
   148  [f(11) h(1) / f(-11) h(-1) / f(-11) h(-1) / f(12) h(1) / f(5) c(1 ) h(-1) / f(13) h(-1) / f(-14) h(1) / f(-5) c(-1 ) h(1)]
   149  [f(11) h(1) / f(-11) h(-1) / f(-11) h(-1) / f(12) h(1) / f(5) c(1 ) h(-1) / f(13) h(1) / f(-14) h(-1) / f(-5) c(-1 ) h(-1)]
   150  [f(11) h(1) / f(-11) h(-1) / f(-11) h(-1) / f(12) h(1) / f(5) c(1 ) h(-1) / f(13) h(1) / f(-14) h(-1) / f(-5) c(-1 ) h(1)]
   151  [f(11) h(1) / f(-11) h(-1) / f(-11) h(-1) / f(12) h(1) / f(5) c(1 ) h(-1) / f(13) h(1) / f(-14) h(1) / f(-5) c(-1 ) h(-1)]
   152  [f(11) h(1) / f(-11) h(-1) / f(-11) h(-1) / f(12) h(1) / f(5) c(1 ) h(-1) / f(13) h(1) / f(-14) h(1) / f(-5) c(-1 ) h(1)]
   153  [f(11) h(1) / f(-11) h(-1) / f(-11) h(-1) / f(12) h(1) / f(5) c(1 ) h(1) / f(13) h(-1) / f(-14) h(-1) / f(-5) c(-1 ) h(-1)]
   154  [f(11) h(1) / f(-11) h(-1) / f(-11) h(-1) / f(12) h(1) / f(5) c(1 ) h(1) / f(13) h(-1) / f(-14) h(-1) / f(-5) c(-1 ) h(1)]
   155  [f(11) h(1) / f(-11) h(-1) / f(-11) h(-1) / f(12) h(1) / f(5) c(1 ) h(1) / f(13) h(-1) / f(-14) h(1) / f(-5) c(-1 ) h(-1)]
   156  [f(11) h(1) / f(-11) h(-1) / f(-11) h(-1) / f(12) h(1) / f(5) c(1 ) h(1) / f(13) h(-1) / f(-14) h(1) / f(-5) c(-1 ) h(1)]
   157  [f(11) h(1) / f(-11) h(-1) / f(-11) h(-1) / f(12) h(1) / f(5) c(1 ) h(1) / f(13) h(1) / f(-14) h(-1) / f(-5) c(-1 ) h(-1)]
   158  [f(11) h(1) / f(-11) h(-1) / f(-11) h(-1) / f(12) h(1) / f(5) c(1 ) h(1) / f(13) h(1) / f(-14) h(-1) / f(-5) c(-1 ) h(1)]
   159  [f(11) h(1) / f(-11) h(-1) / f(-11) h(-1) / f(12) h(1) / f(5) c(1 ) h(1) / f(13) h(1) / f(-14) h(1) / f(-5) c(-1 ) h(-1)]
   160  [f(11) h(1) / f(-11) h(-1) / f(-11) h(-1) / f(12) h(1) / f(5) c(1 ) h(1) / f(13) h(1) / f(-14) h(1) / f(-5) c(-1 ) h(1)]
   161  [f(11) h(1) / f(-11) h(-1) / f(-11) h(1) / f(12) h(-1) / f(5) c(1 ) h(-1) / f(13) h(-1) / f(-14) h(-1) / f(-5) c(-1 ) h(-1)]
   162  [f(11) h(1) / f(-11) h(-1) / f(-11) h(1) / f(12) h(-1) / f(5) c(1 ) h(-1) / f(13) h(-1) / f(-14) h(-1) / f(-5) c(-1 ) h(1)]
 + 163  [f(11) h(1) / f(-11) h(-1) / f(-11) h(1) / f(12) h(-1) / f(5) c(1 ) h(-1) / f(13) h(-1) / f(-14) h(1) / f(-5) c(-1 ) h(-1)]
 + 164  [f(11) h(1) / f(-11) h(-1) / f(-11) h(1) / f(12) h(-1) / f(5) c(1 ) h(-1) / f(13) h(-1) / f(-14) h(1) / f(-5) c(-1 ) h(1)]
   165  [f(11) h(1) / f(-11) h(-1) / f(-11) h(1) / f(12) h(-1) / f(5) c(1 ) h(-1) / f(13) h(1) / f(-14) h(-1) / f(-5) c(-1 ) h(-1)]
   166  [f(11) h(1) / f(-11) h(-1) / f(-11) h(1) / f(12) h(-1) / f(5) c(1 ) h(-1) / f(13) h(1) / f(-14) h(-1) / f(-5) c(-1 ) h(1)]
 + 167  [f(11) h(1) / f(-11) h(-1) / f(-11) h(1) / f(12) h(-1) / f(5) c(1 ) h(-1) / f(13) h(1) / f(-14) h(1) / f(-5) c(-1 ) h(-1)]
 + 168  [f(11) h(1) / f(-11) h(-1) / f(-11) h(1) / f(12) h(-1) / f(5) c(1 ) h(-1) / f(13) h(1) / f(-14) h(1) / f(-5) c(-1 ) h(1)]
   169  [f(11) h(1) / f(-11) h(-1) / f(-11) h(1) / f(12) h(-1) / f(5) c(1 ) h(1) / f(13) h(-1) / f(-14) h(-1) / f(-5) c(-1 ) h(-1)]
   170  [f(11) h(1) / f(-11) h(-1) / f(-11) h(1) / f(12) h(-1) / f(5) c(1 ) h(1) / f(13) h(-1) / f(-14) h(-1) / f(-5) c(-1 ) h(1)]
 + 171  [f(11) h(1) / f(-11) h(-1) / f(-11) h(1) / f(12) h(-1) / f(5) c(1 ) h(1) / f(13) h(-1) / f(-14) h(1) / f(-5) c(-1 ) h(-1)]
 + 172  [f(11) h(1) / f(-11) h(-1) / f(-11) h(1) / f(12) h(-1) / f(5) c(1 ) h(1) / f(13) h(-1) / f(-14) h(1) / f(-5) c(-1 ) h(1)]
   173  [f(11) h(1) / f(-11) h(-1) / f(-11) h(1) / f(12) h(-1) / f(5) c(1 ) h(1) / f(13) h(1) / f(-14) h(-1) / f(-5) c(-1 ) h(-1)]
   174  [f(11) h(1) / f(-11) h(-1) / f(-11) h(1) / f(12) h(-1) / f(5) c(1 ) h(1) / f(13) h(1) / f(-14) h(-1) / f(-5) c(-1 ) h(1)]
 + 175  [f(11) h(1) / f(-11) h(-1) / f(-11) h(1) / f(12) h(-1) / f(5) c(1 ) h(1) / f(13) h(1) / f(-14) h(1) / f(-5) c(-1 ) h(-1)]
 + 176  [f(11) h(1) / f(-11) h(-1) / f(-11) h(1) / f(12) h(-1) / f(5) c(1 ) h(1) / f(13) h(1) / f(-14) h(1) / f(-5) c(-1 ) h(1)]
   177  [f(11) h(1) / f(-11) h(-1) / f(-11) h(1) / f(12) h(1) / f(5) c(1 ) h(-1) / f(13) h(-1) / f(-14) h(-1) / f(-5) c(-1 ) h(-1)]
   178  [f(11) h(1) / f(-11) h(-1) / f(-11) h(1) / f(12) h(1) / f(5) c(1 ) h(-1) / f(13) h(-1) / f(-14) h(-1) / f(-5) c(-1 ) h(1)]
   179  [f(11) h(1) / f(-11) h(-1) / f(-11) h(1) / f(12) h(1) / f(5) c(1 ) h(-1) / f(13) h(-1) / f(-14) h(1) / f(-5) c(-1 ) h(-1)]
   180  [f(11) h(1) / f(-11) h(-1) / f(-11) h(1) / f(12) h(1) / f(5) c(1 ) h(-1) / f(13) h(-1) / f(-14) h(1) / f(-5) c(-1 ) h(1)]
   181  [f(11) h(1) / f(-11) h(-1) / f(-11) h(1) / f(12) h(1) / f(5) c(1 ) h(-1) / f(13) h(1) / f(-14) h(-1) / f(-5) c(-1 ) h(-1)]
   182  [f(11) h(1) / f(-11) h(-1) / f(-11) h(1) / f(12) h(1) / f(5) c(1 ) h(-1) / f(13) h(1) / f(-14) h(-1) / f(-5) c(-1 ) h(1)]
   183  [f(11) h(1) / f(-11) h(-1) / f(-11) h(1) / f(12) h(1) / f(5) c(1 ) h(-1) / f(13) h(1) / f(-14) h(1) / f(-5) c(-1 ) h(-1)]
   184  [f(11) h(1) / f(-11) h(-1) / f(-11) h(1) / f(12) h(1) / f(5) c(1 ) h(-1) / f(13) h(1) / f(-14) h(1) / f(-5) c(-1 ) h(1)]
   185  [f(11) h(1) / f(-11) h(-1) / f(-11) h(1) / f(12) h(1) / f(5) c(1 ) h(1) / f(13) h(-1) / f(-14) h(-1) / f(-5) c(-1 ) h(-1)]
   186  [f(11) h(1) / f(-11) h(-1) / f(-11) h(1) / f(12) h(1) / f(5) c(1 ) h(1) / f(13) h(-1) / f(-14) h(-1) / f(-5) c(-1 ) h(1)]
   187  [f(11) h(1) / f(-11) h(-1) / f(-11) h(1) / f(12) h(1) / f(5) c(1 ) h(1) / f(13) h(-1) / f(-14) h(1) / f(-5) c(-1 ) h(-1)]
   188  [f(11) h(1) / f(-11) h(-1) / f(-11) h(1) / f(12) h(1) / f(5) c(1 ) h(1) / f(13) h(-1) / f(-14) h(1) / f(-5) c(-1 ) h(1)]
   189  [f(11) h(1) / f(-11) h(-1) / f(-11) h(1) / f(12) h(1) / f(5) c(1 ) h(1) / f(13) h(1) / f(-14) h(-1) / f(-5) c(-1 ) h(-1)]
   190  [f(11) h(1) / f(-11) h(-1) / f(-11) h(1) / f(12) h(1) / f(5) c(1 ) h(1) / f(13) h(1) / f(-14) h(-1) / f(-5) c(-1 ) h(1)]
   191  [f(11) h(1) / f(-11) h(-1) / f(-11) h(1) / f(12) h(1) / f(5) c(1 ) h(1) / f(13) h(1) / f(-14) h(1) / f(-5) c(-1 ) h(-1)]
   192  [f(11) h(1) / f(-11) h(-1) / f(-11) h(1) / f(12) h(1) / f(5) c(1 ) h(1) / f(13) h(1) / f(-14) h(1) / f(-5) c(-1 ) h(1)]
   193  [f(11) h(1) / f(-11) h(1) / f(-11) h(-1) / f(12) h(-1) / f(5) c(1 ) h(-1) / f(13) h(-1) / f(-14) h(-1) / f(-5) c(-1 ) h(-1)]
   194  [f(11) h(1) / f(-11) h(1) / f(-11) h(-1) / f(12) h(-1) / f(5) c(1 ) h(-1) / f(13) h(-1) / f(-14) h(-1) / f(-5) c(-1 ) h(1)]
   195  [f(11) h(1) / f(-11) h(1) / f(-11) h(-1) / f(12) h(-1) / f(5) c(1 ) h(-1) / f(13) h(-1) / f(-14) h(1) / f(-5) c(-1 ) h(-1)]
 + 196  [f(11) h(1) / f(-11) h(1) / f(-11) h(-1) / f(12) h(-1) / f(5) c(1 ) h(-1) / f(13) h(-1) / f(-14) h(1) / f(-5) c(-1 ) h(1)]
   197  [f(11) h(1) / f(-11) h(1) / f(-11) h(-1) / f(12) h(-1) / f(5) c(1 ) h(-1) / f(13) h(1) / f(-14) h(-1) / f(-5) c(-1 ) h(-1)]
   198  [f(11) h(1) / f(-11) h(1) / f(-11) h(-1) / f(12) h(-1) / f(5) c(1 ) h(-1) / f(13) h(1) / f(-14) h(-1) / f(-5) c(-1 ) h(1)]
   199  [f(11) h(1) / f(-11) h(1) / f(-11) h(-1) / f(12) h(-1) / f(5) c(1 ) h(-1) / f(13) h(1) / f(-14) h(1) / f(-5) c(-1 ) h(-1)]
   200  [f(11) h(1) / f(-11) h(1) / f(-11) h(-1) / f(12) h(-1) / f(5) c(1 ) h(-1) / f(13) h(1) / f(-14) h(1) / f(-5) c(-1 ) h(1)]
   201  [f(11) h(1) / f(-11) h(1) / f(-11) h(-1) / f(12) h(-1) / f(5) c(1 ) h(1) / f(13) h(-1) / f(-14) h(-1) / f(-5) c(-1 ) h(-1)]
   202  [f(11) h(1) / f(-11) h(1) / f(-11) h(-1) / f(12) h(-1) / f(5) c(1 ) h(1) / f(13) h(-1) / f(-14) h(-1) / f(-5) c(-1 ) h(1)]
   203  [f(11) h(1) / f(-11) h(1) / f(-11) h(-1) / f(12) h(-1) / f(5) c(1 ) h(1) / f(13) h(-1) / f(-14) h(1) / f(-5) c(-1 ) h(-1)]
   204  [f(11) h(1) / f(-11) h(1) / f(-11) h(-1) / f(12) h(-1) / f(5) c(1 ) h(1) / f(13) h(-1) / f(-14) h(1) / f(-5) c(-1 ) h(1)]
   205  [f(11) h(1) / f(-11) h(1) / f(-11) h(-1) / f(12) h(-1) / f(5) c(1 ) h(1) / f(13) h(1) / f(-14) h(-1) / f(-5) c(-1 ) h(-1)]
   206  [f(11) h(1) / f(-11) h(1) / f(-11) h(-1) / f(12) h(-1) / f(5) c(1 ) h(1) / f(13) h(1) / f(-14) h(-1) / f(-5) c(-1 ) h(1)]
   207  [f(11) h(1) / f(-11) h(1) / f(-11) h(-1) / f(12) h(-1) / f(5) c(1 ) h(1) / f(13) h(1) / f(-14) h(1) / f(-5) c(-1 ) h(-1)]
   208  [f(11) h(1) / f(-11) h(1) / f(-11) h(-1) / f(12) h(-1) / f(5) c(1 ) h(1) / f(13) h(1) / f(-14) h(1) / f(-5) c(-1 ) h(1)]
   209  [f(11) h(1) / f(-11) h(1) / f(-11) h(-1) / f(12) h(1) / f(5) c(1 ) h(-1) / f(13) h(-1) / f(-14) h(-1) / f(-5) c(-1 ) h(-1)]
   210  [f(11) h(1) / f(-11) h(1) / f(-11) h(-1) / f(12) h(1) / f(5) c(1 ) h(-1) / f(13) h(-1) / f(-14) h(-1) / f(-5) c(-1 ) h(1)]
   211  [f(11) h(1) / f(-11) h(1) / f(-11) h(-1) / f(12) h(1) / f(5) c(1 ) h(-1) / f(13) h(-1) / f(-14) h(1) / f(-5) c(-1 ) h(-1)]
   212  [f(11) h(1) / f(-11) h(1) / f(-11) h(-1) / f(12) h(1) / f(5) c(1 ) h(-1) / f(13) h(-1) / f(-14) h(1) / f(-5) c(-1 ) h(1)]
   213  [f(11) h(1) / f(-11) h(1) / f(-11) h(-1) / f(12) h(1) / f(5) c(1 ) h(-1) / f(13) h(1) / f(-14) h(-1) / f(-5) c(-1 ) h(-1)]
   214  [f(11) h(1) / f(-11) h(1) / f(-11) h(-1) / f(12) h(1) / f(5) c(1 ) h(-1) / f(13) h(1) / f(-14) h(-1) / f(-5) c(-1 ) h(1)]
   215  [f(11) h(1) / f(-11) h(1) / f(-11) h(-1) / f(12) h(1) / f(5) c(1 ) h(-1) / f(13) h(1) / f(-14) h(1) / f(-5) c(-1 ) h(-1)]
   216  [f(11) h(1) / f(-11) h(1) / f(-11) h(-1) / f(12) h(1) / f(5) c(1 ) h(-1) / f(13) h(1) / f(-14) h(1) / f(-5) c(-1 ) h(1)]
   217  [f(11) h(1) / f(-11) h(1) / f(-11) h(-1) / f(12) h(1) / f(5) c(1 ) h(1) / f(13) h(-1) / f(-14) h(-1) / f(-5) c(-1 ) h(-1)]
   218  [f(11) h(1) / f(-11) h(1) / f(-11) h(-1) / f(12) h(1) / f(5) c(1 ) h(1) / f(13) h(-1) / f(-14) h(-1) / f(-5) c(-1 ) h(1)]
   219  [f(11) h(1) / f(-11) h(1) / f(-11) h(-1) / f(12) h(1) / f(5) c(1 ) h(1) / f(13) h(-1) / f(-14) h(1) / f(-5) c(-1 ) h(-1)]
   220  [f(11) h(1) / f(-11) h(1) / f(-11) h(-1) / f(12) h(1) / f(5) c(1 ) h(1) / f(13) h(-1) / f(-14) h(1) / f(-5) c(-1 ) h(1)]
   221  [f(11) h(1) / f(-11) h(1) / f(-11) h(-1) / f(12) h(1) / f(5) c(1 ) h(1) / f(13) h(1) / f(-14) h(-1) / f(-5) c(-1 ) h(-1)]
   222  [f(11) h(1) / f(-11) h(1) / f(-11) h(-1) / f(12) h(1) / f(5) c(1 ) h(1) / f(13) h(1) / f(-14) h(-1) / f(-5) c(-1 ) h(1)]
   223  [f(11) h(1) / f(-11) h(1) / f(-11) h(-1) / f(12) h(1) / f(5) c(1 ) h(1) / f(13) h(1) / f(-14) h(1) / f(-5) c(-1 ) h(-1)]
   224  [f(11) h(1) / f(-11) h(1) / f(-11) h(-1) / f(12) h(1) / f(5) c(1 ) h(1) / f(13) h(1) / f(-14) h(1) / f(-5) c(-1 ) h(1)]
   225  [f(11) h(1) / f(-11) h(1) / f(-11) h(1) / f(12) h(-1) / f(5) c(1 ) h(-1) / f(13) h(-1) / f(-14) h(-1) / f(-5) c(-1 ) h(-1)]
   226  [f(11) h(1) / f(-11) h(1) / f(-11) h(1) / f(12) h(-1) / f(5) c(1 ) h(-1) / f(13) h(-1) / f(-14) h(-1) / f(-5) c(-1 ) h(1)]
 + 227  [f(11) h(1) / f(-11) h(1) / f(-11) h(1) / f(12) h(-1) / f(5) c(1 ) h(-1) / f(13) h(-1) / f(-14) h(1) / f(-5) c(-1 ) h(-1)]
 + 228  [f(11) h(1) / f(-11) h(1) / f(-11) h(1) / f(12) h(-1) / f(5) c(1 ) h(-1) / f(13) h(-1) / f(-14) h(1) / f(-5) c(-1 ) h(1)]
   229  [f(11) h(1) / f(-11) h(1) / f(-11) h(1) / f(12) h(-1) / f(5) c(1 ) h(-1) / f(13) h(1) / f(-14) h(-1) / f(-5) c(-1 ) h(-1)]
   230  [f(11) h(1) / f(-11) h(1) / f(-11) h(1) / f(12) h(-1) / f(5) c(1 ) h(-1) / f(13) h(1) / f(-14) h(-1) / f(-5) c(-1 ) h(1)]
 + 231  [f(11) h(1) / f(-11) h(1) / f(-11) h(1) / f(12) h(-1) / f(5) c(1 ) h(-1) / f(13) h(1) / f(-14) h(1) / f(-5) c(-1 ) h(-1)]
 + 232  [f(11) h(1) / f(-11) h(1) / f(-11) h(1) / f(12) h(-1) / f(5) c(1 ) h(-1) / f(13) h(1) / f(-14) h(1) / f(-5) c(-1 ) h(1)]
   233  [f(11) h(1) / f(-11) h(1) / f(-11) h(1) / f(12) h(-1) / f(5) c(1 ) h(1) / f(13) h(-1) / f(-14) h(-1) / f(-5) c(-1 ) h(-1)]
   234  [f(11) h(1) / f(-11) h(1) / f(-11) h(1) / f(12) h(-1) / f(5) c(1 ) h(1) / f(13) h(-1) / f(-14) h(-1) / f(-5) c(-1 ) h(1)]
 + 235  [f(11) h(1) / f(-11) h(1) / f(-11) h(1) / f(12) h(-1) / f(5) c(1 ) h(1) / f(13) h(-1) / f(-14) h(1) / f(-5) c(-1 ) h(-1)]
 + 236  [f(11) h(1) / f(-11) h(1) / f(-11) h(1) / f(12) h(-1) / f(5) c(1 ) h(1) / f(13) h(-1) / f(-14) h(1) / f(-5) c(-1 ) h(1)]
   237  [f(11) h(1) / f(-11) h(1) / f(-11) h(1) / f(12) h(-1) / f(5) c(1 ) h(1) / f(13) h(1) / f(-14) h(-1) / f(-5) c(-1 ) h(-1)]
   238  [f(11) h(1) / f(-11) h(1) / f(-11) h(1) / f(12) h(-1) / f(5) c(1 ) h(1) / f(13) h(1) / f(-14) h(-1) / f(-5) c(-1 ) h(1)]
   239  [f(11) h(1) / f(-11) h(1) / f(-11) h(1) / f(12) h(-1) / f(5) c(1 ) h(1) / f(13) h(1) / f(-14) h(1) / f(-5) c(-1 ) h(-1)]
 + 240  [f(11) h(1) / f(-11) h(1) / f(-11) h(1) / f(12) h(-1) / f(5) c(1 ) h(1) / f(13) h(1) / f(-14) h(1) / f(-5) c(-1 ) h(1)]
   241  [f(11) h(1) / f(-11) h(1) / f(-11) h(1) / f(12) h(1) / f(5) c(1 ) h(-1) / f(13) h(-1) / f(-14) h(-1) / f(-5) c(-1 ) h(-1)]
   242  [f(11) h(1) / f(-11) h(1) / f(-11) h(1) / f(12) h(1) / f(5) c(1 ) h(-1) / f(13) h(-1) / f(-14) h(-1) / f(-5) c(-1 ) h(1)]
   243  [f(11) h(1) / f(-11) h(1) / f(-11) h(1) / f(12) h(1) / f(5) c(1 ) h(-1) / f(13) h(-1) / f(-14) h(1) / f(-5) c(-1 ) h(-1)]
   244  [f(11) h(1) / f(-11) h(1) / f(-11) h(1) / f(12) h(1) / f(5) c(1 ) h(-1) / f(13) h(-1) / f(-14) h(1) / f(-5) c(-1 ) h(1)]
   245  [f(11) h(1) / f(-11) h(1) / f(-11) h(1) / f(12) h(1) / f(5) c(1 ) h(-1) / f(13) h(1) / f(-14) h(-1) / f(-5) c(-1 ) h(-1)]
   246  [f(11) h(1) / f(-11) h(1) / f(-11) h(1) / f(12) h(1) / f(5) c(1 ) h(-1) / f(13) h(1) / f(-14) h(-1) / f(-5) c(-1 ) h(1)]
   247  [f(11) h(1) / f(-11) h(1) / f(-11) h(1) / f(12) h(1) / f(5) c(1 ) h(-1) / f(13) h(1) / f(-14) h(1) / f(-5) c(-1 ) h(-1)]
   248  [f(11) h(1) / f(-11) h(1) / f(-11) h(1) / f(12) h(1) / f(5) c(1 ) h(-1) / f(13) h(1) / f(-14) h(1) / f(-5) c(-1 ) h(1)]
   249  [f(11) h(1) / f(-11) h(1) / f(-11) h(1) / f(12) h(1) / f(5) c(1 ) h(1) / f(13) h(-1) / f(-14) h(-1) / f(-5) c(-1 ) h(-1)]
   250  [f(11) h(1) / f(-11) h(1) / f(-11) h(1) / f(12) h(1) / f(5) c(1 ) h(1) / f(13) h(-1) / f(-14) h(-1) / f(-5) c(-1 ) h(1)]
   251  [f(11) h(1) / f(-11) h(1) / f(-11) h(1) / f(12) h(1) / f(5) c(1 ) h(1) / f(13) h(-1) / f(-14) h(1) / f(-5) c(-1 ) h(-1)]
   252  [f(11) h(1) / f(-11) h(1) / f(-11) h(1) / f(12) h(1) / f(5) c(1 ) h(1) / f(13) h(-1) / f(-14) h(1) / f(-5) c(-1 ) h(1)]
   253  [f(11) h(1) / f(-11) h(1) / f(-11) h(1) / f(12) h(1) / f(5) c(1 ) h(1) / f(13) h(1) / f(-14) h(-1) / f(-5) c(-1 ) h(-1)]
   254  [f(11) h(1) / f(-11) h(1) / f(-11) h(1) / f(12) h(1) / f(5) c(1 ) h(1) / f(13) h(1) / f(-14) h(-1) / f(-5) c(-1 ) h(1)]
   255  [f(11) h(1) / f(-11) h(1) / f(-11) h(1) / f(12) h(1) / f(5) c(1 ) h(1) / f(13) h(1) / f(-14) h(1) / f(-5) c(-1 ) h(-1)]
   256  [f(11) h(1) / f(-11) h(1) / f(-11) h(1) / f(12) h(1) / f(5) c(1 ) h(1) / f(13) h(1) / f(-14) h(1) / f(-5) c(-1 ) h(1)]
###############################################################################
 Variable list:
------------------------------------------------------------------------
GF =  1.166390000000E-05
mZ =  9.118820000000E+01
mW =  8.041900000000E+01
mH =  1.250000000000E+02
alphas =  1.178000000000E-01
me =  5.109970000000E-04
mmu =  1.056583890000E-01
mtau =  1.777050000000E+00
ms =  9.500000000000E-02
mc =  1.200000000000E+00
mb =  4.200000000000E+00
mtop =  1.731000000000E+02
wtop =  1.523000000000E+00
wZ =  2.443000000000E+00
wW =  2.049000000000E+00
wH =  4.143000000000E-03
khgaz =  0.000000000000E+00
khgaga =  0.000000000000E+00
khgg =  0.000000000000E+00
xi0 =  0.000000000000E+00
xipm =  0.000000000000E+00
v =  2.462184581018E+02
cw =  8.819013863636E-01
sw =  4.714339240339E-01
ee =  3.079561542961E-01
alpha_em_i =  1.325049458125E+02
particle = PDG(0)
D_QUARK = PDG(1)
d = PDG(1)
down = PDG(1)
dbar = PDG(-1)
D = PDG(-1)
d~ = PDG(-1)
U_QUARK = PDG(2)
u = PDG(2)
up = PDG(2)
ubar = PDG(-2)
U = PDG(-2)
u~ = PDG(-2)
S_QUARK = PDG(3)
s = PDG(3)
strange = PDG(3)
sbar = PDG(-3)
S = PDG(-3)
s~ = PDG(-3)
C_QUARK = PDG(4)
c = PDG(4)
charm = PDG(4)
cbar = PDG(-4)
C = PDG(-4)
c~ = PDG(-4)
B_QUARK = PDG(5)
b = PDG(5)
bottom = PDG(5)
bbar = PDG(-5)
B = PDG(-5)
b~ = PDG(-5)
T_QUARK = PDG(6)
t = PDG(6)
top = PDG(6)
tbar = PDG(-6)
T = PDG(-6)
t~ = PDG(-6)
E_LEPTON = PDG(11)
e- = PDG(11)
e1 = PDG(11)
electron = PDG(11)
e = PDG(11)
e+ = PDG(-11)
E1 = PDG(-11)
positron = PDG(-11)
E_NEUTRINO = PDG(12)
nue = PDG(12)
n1 = PDG(12)
nu_e = PDG(12)
ve = PDG(12)
e-neutrino = PDG(12)
nuebar = PDG(-12)
N1 = PDG(-12)
ve~ = PDG(-12)
MU_LEPTON = PDG(13)
mu- = PDG(13)
e2 = PDG(13)
mu = PDG(13)
muon = PDG(13)
mu+ = PDG(-13)
E2 = PDG(-13)
MU_NEUTRINO = PDG(14)
numu = PDG(14)
nu_mu = PDG(14)
n2 = PDG(14)
vm = PDG(14)
mu-neutrino = PDG(14)
numubar = PDG(-14)
N2 = PDG(-14)
vm~ = PDG(-14)
TAU_LEPTON = PDG(15)
tau- = PDG(15)
e3 = PDG(15)
tau = PDG(15)
ta- = PDG(15)
tauon = PDG(15)
tau+ = PDG(-15)
E3 = PDG(-15)
ta+ = PDG(-15)
TAU_NEUTRINO = PDG(16)
nutau = PDG(16)
nu_tau = PDG(16)
n3 = PDG(16)
vt = PDG(16)
tau_neutrino = PDG(16)
nutaubar = PDG(-16)
N3 = PDG(-16)
vt~ = PDG(-16)
GLUON = PDG(21)
gl = PDG(21)
g = PDG(21)
G = PDG(21)
gluon = PDG(21)
PHOTON = PDG(22)
A = PDG(22)
gamma = PDG(22)
photon = PDG(22)
Z_BOSON = PDG(23)
Z = PDG(23)
W_BOSON = PDG(24)
W+ = PDG(24)
Wp = PDG(24)
W- = PDG(-24)
Wm = PDG(-24)
HIGGS = PDG(25)
H = PDG(25)
h = PDG(25)
Higgs = PDG(25)
PROTON = PDG(2212)
p = PDG(2212)
p+ = PDG(2212)
pbar = PDG(-2212)
p- = PDG(-2212)
HADRON_REMNANT = PDG(90)
hr = PDG(90)
HADRON_REMNANT_SINGLET = PDG(91)
hr1 = PDG(91)
HADRON_REMNANT_TRIPLET = PDG(92)
hr3 = PDG(92)
hr3bar = PDG(-92)
HADRON_REMNANT_OCTET = PDG(93)
hr8 = PDG(93)
charged = PDG(1, 2, 3, 4, 5, 6, 11, 13, 15, 24, 2212, -1, -2, -3, -4, -5, -6, -11, -13, -15, -24, -2212)
neutral = PDG(12, 14, 16, 21, 22, 23, 25, 90, 91, 92, 93, -12, -14, -16, -92)
colored = PDG(1, 2, 3, 4, 5, 6, 21, 92, 93, -1, -2, -3, -4, -5, -6, -92)
sqrts =  3.650000000000E+02
luminosity =  0.000000000000E+00
?sf_trace = false
$sf_trace_file = ""
?sf_allow_s_mapping = true
$lhapdf_dir = ""
$lhapdf_file = ""
$lhapdf_photon_file = ""
lhapdf_member = 0
lhapdf_photon_scheme = 0
$pdf_builtin_set = "CTEQ6L"
?hoppet_b_matching = false
isr_alpha =  0.000000000000E+00
isr_q_max =  0.000000000000E+00
isr_mass =  5.109970000000E-04
isr_order = 3
isr_log_order = 0
isr_q_in = -1.000000000000E+00
?epdf_isr_mode = false
?isr_legacy = false
isr_nlep = 1
?isr_running_coupling = false
?isr_recoil = false
?isr_keep_energy = false
?isr_handler = true
$isr_handler_mode = "recoil"
?isr_handler_keep_mass = true
$epa_mode = "default"
epa_alpha =  0.000000000000E+00
epa_x_min =  0.000000000000E+00
epa_q_min =  0.000000000000E+00
epa_q_max =  0.000000000000E+00
epa_mass =  0.000000000000E+00
?epa_recoil = false
?epa_keep_energy = false
?epa_handler = false
$epa_handler_mode = "trivial"
ewa_x_min =  0.000000000000E+00
ewa_pt_max =  0.000000000000E+00
ewa_mass =  0.000000000000E+00
$ewa_mode = "default"
?ewa_recoil = false
?ewa_keep_energy = false
?circe1_photon1 = false
?circe1_photon2 = false
[undefined] circe1_sqrts = [unknown real]
?circe1_generate = true
?circe1_map = true
circe1_mapping_slope =  2.000000000000E+00
circe1_eps =  1.000000000000E-05
circe1_ver = 0
circe1_rev = 0
$circe1_acc = "SBAND"
circe1_chat = 0
?circe1_with_radiation = false
?circe2_polarized = true
[undefined] $circe2_file = [unknown string]
$circe2_design = "*"
gaussian_spread1 =  0.000000000000E+00
gaussian_spread2 =  0.000000000000E+00
[undefined] $beam_events_file = [unknown string]
?beam_events_warn_eof = true
?energy_scan_normalize = false
$negative_sf = "default"
?logging = true
[undefined] $job_id = [unknown string]
[undefined] $compile_workspace = [unknown string]
seed = 1740114216
$model_name = "SM"
[undefined] process_num_id = [unknown integer]
?proc_as_run_id = true
lcio_run_id = 0
$method = "omega"
?report_progress = true
[user variable] ?me_verbose = false
$restrictions = ""
?omega_write_phs_output = false
$omega_flags = ""
?read_color_factors = true
?slha_read_input = true
?slha_read_spectrum = true
?slha_read_decays = false
$library_name = "default_lib"
?alphas_is_fixed = true
?alpha_is_fixed = true
?alphas_from_lhapdf = false
?alphas_from_pdf_builtin = false
?alpha_evolve_analytic = true
alphas_order = 0
alpha_order = 0
alphas_nf = 5
alpha_nf = -1
alpha_nlep = 1
?alphas_from_mz = false
?alphas_from_lambda_qcd = false
lambda_qcd =  2.000000000000E-01
?fatal_beam_decay = true
?helicity_selection_active = true
helicity_selection_threshold =  1.000000000000E+10
helicity_selection_cutoff = 1000
$rng_method = "rng_stream"
?vis_diags = false
?vis_diags_color = false
?check_event_file = true
$event_file_version = ""
n_events = 0
event_index_offset = 0
?unweighted = true
safety_factor =  1.000000000000E+00
?negative_weights = false
?resonance_history = true
resonance_on_shell_limit =  1.000000000000E+01
resonance_on_shell_turnoff =  0.000000000000E+00
resonance_background_factor =  0.000000000000E+00
?keep_beams = true
?keep_remnants = true
?rescan_force = false
?recover_beams = true
?update_event = false
?update_sqme = false
?update_weight = false
?use_alphas_from_file = false
?use_scale_from_file = false
?allow_decays = true
?auto_decays = false
auto_decays_multiplicity = 2
?auto_decays_radiative = false
?decay_rest_frame = false
?isotropic_decay = false
?diagonal_decay = false
[undefined] decay_helicity = [unknown integer]
?polarized_events = false
$polarization_mode = "helicity"
?colorize_subevt = false
tolerance =  0.000000000000E+00
checkpoint = 0
event_callback_interval = 0
?pacify = false
$out_file = ""
?out_advance = true
real_range = 307
real_precision = 15
real_epsilon =  2.220446049250E-16
real_tiny =  2.225073858507-308
$integration_method = "vamp2"
threshold_calls = 10
min_calls_per_channel = 10
min_calls_per_bin = 10
min_bins = 3
max_bins = 20
?stratified = true
?use_vamp_equivalences = true
?vamp_verbose = false
?vamp_history_global = true
?vamp_history_global_verbose = false
?vamp_history_channels = false
?vamp_history_channels_verbose = false
$run_id = ""
n_calls_test = 0
?integration_timer = true
?check_grid_file = true
accuracy_goal =  0.000000000000E+00
error_goal =  0.000000000000E+00
relative_error_goal =  0.000000000000E+00
integration_results_verbosity = 1
error_threshold =  0.000000000000E+00
channel_weights_power =  2.500000000000E-01
[undefined] $integrate_workspace = [unknown string]
vamp_grid_checkpoint = 1
$vamp_grid_format = "ascii"
$vamp_parallel_method = "simple"
$phs_method = "default"
?vis_channels = false
?check_phs_file = true
$phs_file = ""
?phs_only = false
phs_threshold_s =  5.000000000000E+01
phs_threshold_t =  1.000000000000E+02
phs_off_shell = 2
phs_t_channel = 6
phs_e_scale =  1.000000000000E+01
phs_m_scale =  1.000000000000E+01
phs_q_scale =  1.000000000000E+01
?phs_keep_nonresonant = true
?phs_step_mapping = true
?phs_step_mapping_exp = true
?phs_s_mapping = true
?vis_history = false
n_bins = 20
?normalize_bins = false
$obs_label = ""
$obs_unit = ""
$title = ""
$description = ""
$x_label = ""
$y_label = ""
graph_width_mm = 130
graph_height_mm = 90
?y_log = false
?x_log = false
[undefined] x_min = [unknown real]
[undefined] x_max = [unknown real]
[undefined] y_min = [unknown real]
[undefined] y_max = [unknown real]
$gmlcode_bg = ""
$gmlcode_fg = ""
[undefined] ?draw_histogram = [unknown logical]
[undefined] ?draw_base = [unknown logical]
[undefined] ?draw_piecewise = [unknown logical]
[undefined] ?fill_curve = [unknown logical]
[undefined] ?draw_curve = [unknown logical]
[undefined] ?draw_errors = [unknown logical]
[undefined] ?draw_symbols = [unknown logical]
[undefined] $fill_options = [unknown string]
[undefined] $draw_options = [unknown string]
[undefined] $err_options = [unknown string]
[undefined] $symbol = [unknown string]
?analysis_file_only = false
kt_algorithm = 0
cambridge_algorithm = 1
antikt_algorithm = 2
genkt_algorithm = 3
cambridge_for_passive_algorithm = 11
genkt_for_passive_algorithm = 13
ee_kt_algorithm = 50
ee_genkt_algorithm = 53
plugin_algorithm = 99
undefined_jet_algorithm = 999
jet_algorithm = 999
jet_r =  0.000000000000E+00
jet_p =  0.000000000000E+00
jet_ycut =  0.000000000000E+00
jet_dcut =  0.000000000000E+00
?keep_flavors_when_clustering = false
photon_iso_eps =  1.000000000000E+00
photon_iso_n =  1.000000000000E+00
photon_iso_r0 =  4.000000000000E-01
photon_rec_r0 =  1.000000000000E-01
?keep_flavors_when_recombining = true
$sample = ""
$sample_normalization = "auto"
?sample_pacify = false
?sample_select = true
sample_max_tries = 10000
sample_split_n_evt = 0
sample_split_n_kbytes = 0
sample_split_index = 0
$rescan_input_format = "raw"
?read_raw = true
?write_raw = true
$extension_raw = "evx"
$extension_default = "evt"
$debug_extension = "debug"
?debug_process = true
?debug_transforms = true
?debug_decay = true
?debug_verbose = true
$dump_extension = "pset.dat"
?dump_compressed = false
?dump_weights = false
?dump_summary = false
?dump_screen = false
?hepevt_ensure_order = false
$extension_hepevt = "hepevt"
$extension_ascii_short = "short.evt"
$extension_ascii_long = "long.evt"
$extension_athena = "athena.evt"
$extension_mokka = "mokka.evt"
$lhef_version = "2.0"
$lhef_extension = "lhe"
?lhef_write_sqme_prc = true
?lhef_write_sqme_ref = false
?lhef_write_sqme_alt = true
$extension_lha = "lha"
$extension_hepmc = "hepmc"
?hepmc_output_cross_section = false
?hepmc3_write_flows = false
$hepmc3_mode = "HepMC3"
$extension_lcio = "slcio"
$extension_stdhep = "hep"
$extension_stdhep_up = "up.hep"
$extension_stdhep_ev4 = "ev4.hep"
$extension_hepevt_verb = "hepevt.verb"
$extension_lha_verb = "lha.verb"
?allow_shower = true
?ps_fsr_active = false
?ps_isr_active = false
?ps_taudec_active = false
?muli_active = false
$shower_method = "WHIZARD"
?shower_verbose = false
$ps_PYTHIA_PYGIVE = ""
$ps_PYTHIA8_config = ""
$ps_PYTHIA8_config_file = ""
ps_mass_cutoff =  1.000000000000E+00
ps_fsr_lambda =  2.900000000000E-01
ps_isr_lambda =  2.900000000000E-01
ps_max_n_flavors = 5
?ps_isr_alphas_running = true
?ps_fsr_alphas_running = true
ps_fixed_alphas =  0.000000000000E+00
?ps_isr_pt_ordered = false
?ps_isr_angular_ordered = true
ps_isr_primordial_kt_width =  0.000000000000E+00
ps_isr_primordial_kt_cutoff =  5.000000000000E+00
ps_isr_z_cutoff =  9.990000000000E-01
ps_isr_minenergy =  1.000000000000E+00
ps_isr_tscalefactor =  1.000000000000E+00
?ps_isr_only_onshell_emitted_partons = false
?allow_hadronization = true
?hadronization_active = false
$hadronization_method = "PYTHIA6"
hadron_enhanced_fraction =  1.000000000000E-02
hadron_enhanced_width =  2.000000000000E+00
?ps_tauola_photos = false
?ps_tauola_transverse = false
?ps_tauola_dec_rad_cor = true
ps_tauola_dec_mode1 = 0
ps_tauola_dec_mode2 = 0
ps_tauola_mh =  1.250000000000E+02
ps_tauola_mix_angle =  9.000000000000E+01
?ps_tauola_pol_vector = false
?mlm_matching = false
mlm_Qcut_ME =  0.000000000000E+00
mlm_Qcut_PS =  0.000000000000E+00
mlm_ptmin =  0.000000000000E+00
mlm_etamax =  0.000000000000E+00
mlm_Rmin =  0.000000000000E+00
mlm_Emin =  0.000000000000E+00
mlm_nmaxMEjets = 0
mlm_ETclusfactor =  2.000000000000E-01
mlm_ETclusminE =  5.000000000000E+00
mlm_etaclusfactor =  1.000000000000E+00
mlm_Rclusfactor =  1.000000000000E+00
mlm_Eclusfactor =  1.000000000000E+00
?powheg_matching = false
?powheg_use_singular_jacobian = false
powheg_grid_size_xi = 5
powheg_grid_size_y = 5
powheg_pt_min =  1.000000000000E+00
powheg_lambda =  0.000000000000E+00
?powheg_test_sudakov = false
?powheg_disable_sudakov = false
?ckkw_matching = false
?omega_openmp = false
?openmp_is_active = true
openmp_num_threads_default = 16
openmp_num_threads = 1
?openmp_logging = true
?mpi_logging = false
$born_me_method = ""
$loop_me_method = ""
$correlation_me_method = ""
$real_tree_me_method = ""
$dglap_me_method = ""
?test_soft_limit = false
?test_coll_limit = false
?test_anti_coll_limit = false
$select_alpha_regions = ""
$virtual_selection = "Full"
?virtual_collinear_resonance_aware = true
blha_top_yukawa = -1.000000000000E+00
$blha_ew_scheme = "alpha_internal"
openloops_verbosity = 1
?openloops_use_cms = true
openloops_phs_tolerance = 7
openloops_stability_log = 0
?openloops_switch_off_muon_yukawa = false
$openloops_extra_cmd = ""
$openloops_allowed_libs = ""
recola_gfermi_scheme = 1
recola_gfermi_mixed_scheme = -1
[user variable] recola_thdm_z2type = 1
[user variable] recola_thdm_tb =  1.000000000000E+00
recola_thdm_cab =  0.000000000000E+00
recola_thdm_l5 =  0.000000000000E+00
recola_thdm_muMS =  9.100000000000E+01
recola_thdm_muMS_BSM =  1.000000000000E+02
$recola_thdm_renormalise_scheme = "OS"
$recola_thdm_alpha_os_scheme = "BFM"
$recola_thdm_beta_os_scheme = "BFM"
$recola_thdm_alpha_msbar_scheme = "FJ"
$recola_thdm_beta_msbar_scheme = "FJ"
?recola_loopinduced = false
openloops_wf_v_select = 3
ellis_sexton_scale = -1.000000000000E+00
?disable_subtraction = false
fks_dij_exp1 =  1.000000000000E+00
fks_dij_exp2 =  1.000000000000E+00
fks_xi_min =  0.000000000000E+00
fks_y_max =  1.000000000000E+00
?vis_fks_regions = false
fks_xi_cut =  1.000000000000E+00
fks_delta_o =  2.000000000000E+00
fks_delta_i =  2.000000000000E+00
$fks_mapping_type = "default"
$resonances_exclude_particles = "default"
alpha_power = 2
alphas_power = 0
?combined_nlo_integration = false
?fixed_order_nlo_events = false
?check_event_weights_against_xsection = false
?keep_failed_events = false
gks_multiplicity = 0
$gosam_filter_lo = ""
$gosam_filter_nlo = ""
$gosam_filter_ct = ""
$gosam_symmetries = "family,generation"
form_threads = 2
form_workspace = 1000
$gosam_fc = ""
$gosam_extra_cmd = ""
gosam_eftcount = 0
mult_call_real =  1.000000000000E+00
mult_call_virt =  1.000000000000E+00
mult_call_dglap =  1.000000000000E+00
$dalitz_plot = ""
$nlo_correction_type = "QCD"
?nlo_massless_leptons = false
$exclude_gauge_splittings = "c:b:t:e2:e3"
?nlo_use_born_scale = false
?nlo_cut_all_real_sqmes = false
$real_partition_mode = "default"
real_partition_scale =  1.000000000000E+01
?nlo_reuse_amplitudes_fks = false
$fc = "mpifort"
$fcflags = " -fopenmp -lmpi -lmpi_usempif08 -g -O2"
$fclibs = " -L/afs/cern.ch/user/c/cglenn/FCCWork/whizard/whizard_ttbar_spinpol/local/el9-link-compat/lib -L/cvmfs/sft.cern.ch/lcg/releases/openmpi/4.1.8-6c42d/x86_64-el9-gcc14-opt/lib -L/cvmfs/sft.cern.ch/lcg/releases/gcc/14.2.0-2f0a0/x86_64-el9/bin/../lib/gcc/x86_64-pc-linux-gnu/14.2.0 -L/cvmfs/sft.cern.ch/lcg/releases/gcc/14.2.0-2f0a0/x86_64-el9/bin/../lib/gcc -L/cvmfs/sft.cern.ch/lcg/releases/gcc/14.2.0-2f0a0/x86_64-el9/bin/../lib/gcc/x86_64-pc-linux-gnu/14.2.0/../../../../lib64 -L/lib/../lib64 -L/usr/lib/../lib64 -L/cvmfs/sft.cern.ch/lcg/releases/gcc/14.2.0-2f0a0/x86_64-el9/bin/../lib/gcc/x86_64-pc-linux-gnu/14.2.0/../../.. -lmpi_usempif08 -lmpi_usempi_ignore_tkr -lmpi_mpifh -lmpi -lgfortran -lm -lquadmath"
?rebuild_library = false
?recompile_library = false
?rebuild_phase_space = false
?rebuild_grids = false
?rebuild_events = false
[undefined] num_id(proc_epmum) = [unknown integer]
[undefined] integral(proc_epmum) = [unknown real]
[undefined] error(proc_epmum) = [unknown real]
------------------------------------------------------------------------
------------------------------------------------------------------------
 Beam structure: e-, e+ => isr
   polarization (beam 1):
     @(-1: -1: ( 1.000000000000E+00, 0.000000000000E+00))
   polarization (beam 2):
     @(+1: +1: ( 1.000000000000E+00, 0.000000000000E+00))
   polarization degree = 1.0000000, 1.0000000
###############################################################################
