node	stage	mode	parent_mode	adaptive_id	fixed_id	seed_id	adaptive_seed	fixed_seed	adaptive_schedule	fixed_schedule	recipe_id	region_id	window_id	output_dir
P_A00_S0	adaptive	A00_S0		A00		S0	1740114216	648318690	"5:50000:""gw"""					/eos/user/c/cglenn/FCCWork/whizard/whizard_ttbar_spinpol/production/full6f_365gev_ee_ttbar_spinpol_v1/phase11_diagnostics/excess_weight_rootcause_v1/ttbar_restricted_region_suite_v1/restricted/20260816T230807Z_WT_A15xS8_F012_FCC_np1/adaptive/A00_S0
C_A00_S0_F0	fixed	A00_S0_F0	A00_S0	A00	F0	S0	1740114216	648318690	"5:50000:""gw"""	"3:200000:"""""				/eos/user/c/cglenn/FCCWork/whizard/whizard_ttbar_spinpol/production/full6f_365gev_ee_ttbar_spinpol_v1/phase11_diagnostics/excess_weight_rootcause_v1/ttbar_restricted_region_suite_v1/restricted/20260816T230807Z_WT_A15xS8_F012_FCC_np1/fixed/A00_S0/F0
C_A00_S0_F1	fixed	A00_S0_F1	A00_S0	A00	F1	S0	1740114216	648318690	"5:50000:""gw"""	"1:600000:"""""				/eos/user/c/cglenn/FCCWork/whizard/whizard_ttbar_spinpol/production/full6f_365gev_ee_ttbar_spinpol_v1/phase11_diagnostics/excess_weight_rootcause_v1/ttbar_restricted_region_suite_v1/restricted/20260816T230807Z_WT_A15xS8_F012_FCC_np1/fixed/A00_S0/F1
C_A00_S0_F2	fixed	A00_S0_F2	A00_S0	A00	F2	S0	1740114216	648318690	"5:50000:""gw"""	"1:2000000:"""""				/eos/user/c/cglenn/FCCWork/whizard/whizard_ttbar_spinpol/production/full6f_365gev_ee_ttbar_spinpol_v1/phase11_diagnostics/excess_weight_rootcause_v1/ttbar_restricted_region_suite_v1/restricted/20260816T230807Z_WT_A15xS8_F012_FCC_np1/fixed/A00_S0/F2
P_A00_S1	adaptive	A00_S1		A00		S1	1751949026	1404282457	"5:50000:""gw"""					/eos/user/c/cglenn/FCCWork/whizard/whizard_ttbar_spinpol/production/full6f_365gev_ee_ttbar_spinpol_v1/phase11_diagnostics/excess_weight_rootcause_v1/ttbar_restricted_region_suite_v1/restricted/20260816T230807Z_WT_A15xS8_F012_FCC_np1/adaptive/A00_S1
C_A00_S1_F0	fixed	A00_S1_F0	A00_S1	A00	F0	S1	1751949026	1404282457	"5:50000:""gw"""	"3:200000:"""""				/eos/user/c/cglenn/FCCWork/whizard/whizard_ttbar_spinpol/production/full6f_365gev_ee_ttbar_spinpol_v1/phase11_diagnostics/excess_weight_rootcause_v1/ttbar_restricted_region_suite_v1/restricted/20260816T230807Z_WT_A15xS8_F012_FCC_np1/fixed/A00_S1/F0
C_A00_S1_F1	fixed	A00_S1_F1	A00_S1	A00	F1	S1	1751949026	1404282457	"5:50000:""gw"""	"1:600000:"""""				/eos/user/c/cglenn/FCCWork/whizard/whizard_ttbar_spinpol/production/full6f_365gev_ee_ttbar_spinpol_v1/phase11_diagnostics/excess_weight_rootcause_v1/ttbar_restricted_region_suite_v1/restricted/20260816T230807Z_WT_A15xS8_F012_FCC_np1/fixed/A00_S1/F1
C_A00_S1_F2	fixed	A00_S1_F2	A00_S1	A00	F2	S1	1751949026	1404282457	"5:50000:""gw"""	"1:2000000:"""""				/eos/user/c/cglenn/FCCWork/whizard/whizard_ttbar_spinpol/production/full6f_365gev_ee_ttbar_spinpol_v1/phase11_diagnostics/excess_weight_rootcause_v1/ttbar_restricted_region_suite_v1/restricted/20260816T230807Z_WT_A15xS8_F012_FCC_np1/fixed/A00_S1/F2
P_A00_S2	adaptive	A00_S2		A00		S2	1885084773	1596606550	"5:50000:""gw"""					/eos/user/c/cglenn/FCCWork/whizard/whizard_ttbar_spinpol/production/full6f_365gev_ee_ttbar_spinpol_v1/phase11_diagnostics/excess_weight_rootcause_v1/ttbar_restricted_region_suite_v1/restricted/20260816T230807Z_WT_A15xS8_F012_FCC_np1/adaptive/A00_S2
C_A00_S2_F0	fixed	A00_S2_F0	A00_S2	A00	F0	S2	1885084773	1596606550	"5:50000:""gw"""	"3:200000:"""""				/eos/user/c/cglenn/FCCWork/whizard/whizard_ttbar_spinpol/production/full6f_365gev_ee_ttbar_spinpol_v1/phase11_diagnostics/excess_weight_rootcause_v1/ttbar_restricted_region_suite_v1/restricted/20260816T230807Z_WT_A15xS8_F012_FCC_np1/fixed/A00_S2/F0
C_A00_S2_F1	fixed	A00_S2_F1	A00_S2	A00	F1	S2	1885084773	1596606550	"5:50000:""gw"""	"1:600000:"""""				/eos/user/c/cglenn/FCCWork/whizard/whizard_ttbar_spinpol/production/full6f_365gev_ee_ttbar_spinpol_v1/phase11_diagnostics/excess_weight_rootcause_v1/ttbar_restricted_region_suite_v1/restricted/20260816T230807Z_WT_A15xS8_F012_FCC_np1/fixed/A00_S2/F1
C_A00_S2_F2	fixed	A00_S2_F2	A00_S2	A00	F2	S2	1885084773	1596606550	"5:50000:""gw"""	"1:2000000:"""""				/eos/user/c/cglenn/FCCWork/whizard/whizard_ttbar_spinpol/production/full6f_365gev_ee_ttbar_spinpol_v1/phase11_diagnostics/excess_weight_rootcause_v1/ttbar_restricted_region_suite_v1/restricted/20260816T230807Z_WT_A15xS8_F012_FCC_np1/fixed/A00_S2/F2
P_A00_S3	adaptive	A00_S3		A00		S3	134326786	769890491	"5:50000:""gw"""					/eos/user/c/cglenn/FCCWork/whizard/whizard_ttbar_spinpol/production/full6f_365gev_ee_ttbar_spinpol_v1/phase11_diagnostics/excess_weight_rootcause_v1/ttbar_restricted_region_suite_v1/restricted/20260816T230807Z_WT_A15xS8_F012_FCC_np1/adaptive/A00_S3
C_A00_S3_F0	fixed	A00_S3_F0	A00_S3	A00	F0	S3	134326786	769890491	"5:50000:""gw"""	"3:200000:"""""				/eos/user/c/cglenn/FCCWork/whizard/whizard_ttbar_spinpol/production/full6f_365gev_ee_ttbar_spinpol_v1/phase11_diagnostics/excess_weight_rootcause_v1/ttbar_restricted_region_suite_v1/restricted/20260816T230807Z_WT_A15xS8_F012_FCC_np1/fixed/A00_S3/F0
C_A00_S3_F1	fixed	A00_S3_F1	A00_S3	A00	F1	S3	134326786	769890491	"5:50000:""gw"""	"1:600000:"""""				/eos/user/c/cglenn/FCCWork/whizard/whizard_ttbar_spinpol/production/full6f_365gev_ee_ttbar_spinpol_v1/phase11_diagnostics/excess_weight_rootcause_v1/ttbar_restricted_region_suite_v1/restricted/20260816T230807Z_WT_A15xS8_F012_FCC_np1/fixed/A00_S3/F1
C_A00_S3_F2	fixed	A00_S3_F2	A00_S3	A00	F2	S3	134326786	769890491	"5:50000:""gw"""	"1:2000000:"""""				/eos/user/c/cglenn/FCCWork/whizard/whizard_ttbar_spinpol/production/full6f_365gev_ee_ttbar_spinpol_v1/phase11_diagnostics/excess_weight_rootcause_v1/ttbar_restricted_region_suite_v1/restricted/20260816T230807Z_WT_A15xS8_F012_FCC_np1/fixed/A00_S3/F2
P_A00_S4	adaptive	A00_S4		A00		S4	249371675	462903030	"5:50000:""gw"""					/eos/user/c/cglenn/FCCWork/whizard/whizard_ttbar_spinpol/production/full6f_365gev_ee_ttbar_spinpol_v1/phase11_diagnostics/excess_weight_rootcause_v1/ttbar_restricted_region_suite_v1/restricted/20260816T230807Z_WT_A15xS8_F012_FCC_np1/adaptive/A00_S4
C_A00_S4_F0	fixed	A00_S4_F0	A00_S4	A00	F0	S4	249371675	462903030	"5:50000:""gw"""	"3:200000:"""""				/eos/user/c/cglenn/FCCWork/whizard/whizard_ttbar_spinpol/production/full6f_365gev_ee_ttbar_spinpol_v1/phase11_diagnostics/excess_weight_rootcause_v1/ttbar_restricted_region_suite_v1/restricted/20260816T230807Z_WT_A15xS8_F012_FCC_np1/fixed/A00_S4/F0
C_A00_S4_F1	fixed	A00_S4_F1	A00_S4	A00	F1	S4	249371675	462903030	"5:50000:""gw"""	"1:600000:"""""				/eos/user/c/cglenn/FCCWork/whizard/whizard_ttbar_spinpol/production/full6f_365gev_ee_ttbar_spinpol_v1/phase11_diagnostics/excess_weight_rootcause_v1/ttbar_restricted_region_suite_v1/restricted/20260816T230807Z_WT_A15xS8_F012_FCC_np1/fixed/A00_S4/F1
C_A00_S4_F2	fixed	A00_S4_F2	A00_S4	A00	F2	S4	249371675	462903030	"5:50000:""gw"""	"1:2000000:"""""				/eos/user/c/cglenn/FCCWork/whizard/whizard_ttbar_spinpol/production/full6f_365gev_ee_ttbar_spinpol_v1/phase11_diagnostics/excess_weight_rootcause_v1/ttbar_restricted_region_suite_v1/restricted/20260816T230807Z_WT_A15xS8_F012_FCC_np1/fixed/A00_S4/F2
P_A00_S5	adaptive	A00_S5		A00		S5	531087687	197846737	"5:50000:""gw"""					/eos/user/c/cglenn/FCCWork/whizard/whizard_ttbar_spinpol/production/full6f_365gev_ee_ttbar_spinpol_v1/phase11_diagnostics/excess_weight_rootcause_v1/ttbar_restricted_region_suite_v1/restricted/20260816T230807Z_WT_A15xS8_F012_FCC_np1/adaptive/A00_S5
C_A00_S5_F0	fixed	A00_S5_F0	A00_S5	A00	F0	S5	531087687	197846737	"5:50000:""gw"""	"3:200000:"""""				/eos/user/c/cglenn/FCCWork/whizard/whizard_ttbar_spinpol/production/full6f_365gev_ee_ttbar_spinpol_v1/phase11_diagnostics/excess_weight_rootcause_v1/ttbar_restricted_region_suite_v1/restricted/20260816T230807Z_WT_A15xS8_F012_FCC_np1/fixed/A00_S5/F0
C_A00_S5_F1	fixed	A00_S5_F1	A00_S5	A00	F1	S5	531087687	197846737	"5:50000:""gw"""	"1:600000:"""""				/eos/user/c/cglenn/FCCWork/whizard/whizard_ttbar_spinpol/production/full6f_365gev_ee_ttbar_spinpol_v1/phase11_diagnostics/excess_weight_rootcause_v1/ttbar_restricted_region_suite_v1/restricted/20260816T230807Z_WT_A15xS8_F012_FCC_np1/fixed/A00_S5/F1
C_A00_S5_F2	fixed	A00_S5_F2	A00_S5	A00	F2	S5	531087687	197846737	"5:50000:""gw"""	"1:2000000:"""""				/eos/user/c/cglenn/FCCWork/whizard/whizard_ttbar_spinpol/production/full6f_365gev_ee_ttbar_spinpol_v1/phase11_diagnostics/excess_weight_rootcause_v1/ttbar_restricted_region_suite_v1/restricted/20260816T230807Z_WT_A15xS8_F012_FCC_np1/fixed/A00_S5/F2
P_A00_S6	adaptive	A00_S6		A00		S6	519963689	958460417	"5:50000:""gw"""					/eos/user/c/cglenn/FCCWork/whizard/whizard_ttbar_spinpol/production/full6f_365gev_ee_ttbar_spinpol_v1/phase11_diagnostics/excess_weight_rootcause_v1/ttbar_restricted_region_suite_v1/restricted/20260816T230807Z_WT_A15xS8_F012_FCC_np1/adaptive/A00_S6
C_A00_S6_F0	fixed	A00_S6_F0	A00_S6	A00	F0	S6	519963689	958460417	"5:50000:""gw"""	"3:200000:"""""				/eos/user/c/cglenn/FCCWork/whizard/whizard_ttbar_spinpol/production/full6f_365gev_ee_ttbar_spinpol_v1/phase11_diagnostics/excess_weight_rootcause_v1/ttbar_restricted_region_suite_v1/restricted/20260816T230807Z_WT_A15xS8_F012_FCC_np1/fixed/A00_S6/F0
C_A00_S6_F1	fixed	A00_S6_F1	A00_S6	A00	F1	S6	519963689	958460417	"5:50000:""gw"""	"1:600000:"""""				/eos/user/c/cglenn/FCCWork/whizard/whizard_ttbar_spinpol/production/full6f_365gev_ee_ttbar_spinpol_v1/phase11_diagnostics/excess_weight_rootcause_v1/ttbar_restricted_region_suite_v1/restricted/20260816T230807Z_WT_A15xS8_F012_FCC_np1/fixed/A00_S6/F1
C_A00_S6_F2	fixed	A00_S6_F2	A00_S6	A00	F2	S6	519963689	958460417	"5:50000:""gw"""	"1:2000000:"""""				/eos/user/c/cglenn/FCCWork/whizard/whizard_ttbar_spinpol/production/full6f_365gev_ee_ttbar_spinpol_v1/phase11_diagnostics/excess_weight_rootcause_v1/ttbar_restricted_region_suite_v1/restricted/20260816T230807Z_WT_A15xS8_F012_FCC_np1/fixed/A00_S6/F2
P_A00_S7	adaptive	A00_S7		A00		S7	1552803368	239117595	"5:50000:""gw"""					/eos/user/c/cglenn/FCCWork/whizard/whizard_ttbar_spinpol/production/full6f_365gev_ee_ttbar_spinpol_v1/phase11_diagnostics/excess_weight_rootcause_v1/ttbar_restricted_region_suite_v1/restricted/20260816T230807Z_WT_A15xS8_F012_FCC_np1/adaptive/A00_S7
C_A00_S7_F0	fixed	A00_S7_F0	A00_S7	A00	F0	S7	1552803368	239117595	"5:50000:""gw"""	"3:200000:"""""				/eos/user/c/cglenn/FCCWork/whizard/whizard_ttbar_spinpol/production/full6f_365gev_ee_ttbar_spinpol_v1/phase11_diagnostics/excess_weight_rootcause_v1/ttbar_restricted_region_suite_v1/restricted/20260816T230807Z_WT_A15xS8_F012_FCC_np1/fixed/A00_S7/F0
C_A00_S7_F1	fixed	A00_S7_F1	A00_S7	A00	F1	S7	1552803368	239117595	"5:50000:""gw"""	"1:600000:"""""				/eos/user/c/cglenn/FCCWork/whizard/whizard_ttbar_spinpol/production/full6f_365gev_ee_ttbar_spinpol_v1/phase11_diagnostics/excess_weight_rootcause_v1/ttbar_restricted_region_suite_v1/restricted/20260816T230807Z_WT_A15xS8_F012_FCC_np1/fixed/A00_S7/F1
C_A00_S7_F2	fixed	A00_S7_F2	A00_S7	A00	F2	S7	1552803368	239117595	"5:50000:""gw"""	"1:2000000:"""""				/eos/user/c/cglenn/FCCWork/whizard/whizard_ttbar_spinpol/production/full6f_365gev_ee_ttbar_spinpol_v1/phase11_diagnostics/excess_weight_rootcause_v1/ttbar_restricted_region_suite_v1/restricted/20260816T230807Z_WT_A15xS8_F012_FCC_np1/fixed/A00_S7/F2
P_A01_S0	adaptive	A01_S0		A01		S0	1740114216	648318690	"2:125000:""gw"""					/eos/user/c/cglenn/FCCWork/whizard/whizard_ttbar_spinpol/production/full6f_365gev_ee_ttbar_spinpol_v1/phase11_diagnostics/excess_weight_rootcause_v1/ttbar_restricted_region_suite_v1/restricted/20260816T230807Z_WT_A15xS8_F012_FCC_np1/adaptive/A01_S0
C_A01_S0_F0	fixed	A01_S0_F0	A01_S0	A01	F0	S0	1740114216	648318690	"2:125000:""gw"""	"3:200000:"""""				/eos/user/c/cglenn/FCCWork/whizard/whizard_ttbar_spinpol/production/full6f_365gev_ee_ttbar_spinpol_v1/phase11_diagnostics/excess_weight_rootcause_v1/ttbar_restricted_region_suite_v1/restricted/20260816T230807Z_WT_A15xS8_F012_FCC_np1/fixed/A01_S0/F0
C_A01_S0_F1	fixed	A01_S0_F1	A01_S0	A01	F1	S0	1740114216	648318690	"2:125000:""gw"""	"1:600000:"""""				/eos/user/c/cglenn/FCCWork/whizard/whizard_ttbar_spinpol/production/full6f_365gev_ee_ttbar_spinpol_v1/phase11_diagnostics/excess_weight_rootcause_v1/ttbar_restricted_region_suite_v1/restricted/20260816T230807Z_WT_A15xS8_F012_FCC_np1/fixed/A01_S0/F1
C_A01_S0_F2	fixed	A01_S0_F2	A01_S0	A01	F2	S0	1740114216	648318690	"2:125000:""gw"""	"1:2000000:"""""				/eos/user/c/cglenn/FCCWork/whizard/whizard_ttbar_spinpol/production/full6f_365gev_ee_ttbar_spinpol_v1/phase11_diagnostics/excess_weight_rootcause_v1/ttbar_restricted_region_suite_v1/restricted/20260816T230807Z_WT_A15xS8_F012_FCC_np1/fixed/A01_S0/F2
P_A01_S1	adaptive	A01_S1		A01		S1	1751949026	1404282457	"2:125000:""gw"""					/eos/user/c/cglenn/FCCWork/whizard/whizard_ttbar_spinpol/production/full6f_365gev_ee_ttbar_spinpol_v1/phase11_diagnostics/excess_weight_rootcause_v1/ttbar_restricted_region_suite_v1/restricted/20260816T230807Z_WT_A15xS8_F012_FCC_np1/adaptive/A01_S1
C_A01_S1_F0	fixed	A01_S1_F0	A01_S1	A01	F0	S1	1751949026	1404282457	"2:125000:""gw"""	"3:200000:"""""				/eos/user/c/cglenn/FCCWork/whizard/whizard_ttbar_spinpol/production/full6f_365gev_ee_ttbar_spinpol_v1/phase11_diagnostics/excess_weight_rootcause_v1/ttbar_restricted_region_suite_v1/restricted/20260816T230807Z_WT_A15xS8_F012_FCC_np1/fixed/A01_S1/F0
C_A01_S1_F1	fixed	A01_S1_F1	A01_S1	A01	F1	S1	1751949026	1404282457	"2:125000:""gw"""	"1:600000:"""""				/eos/user/c/cglenn/FCCWork/whizard/whizard_ttbar_spinpol/production/full6f_365gev_ee_ttbar_spinpol_v1/phase11_diagnostics/excess_weight_rootcause_v1/ttbar_restricted_region_suite_v1/restricted/20260816T230807Z_WT_A15xS8_F012_FCC_np1/fixed/A01_S1/F1
C_A01_S1_F2	fixed	A01_S1_F2	A01_S1	A01	F2	S1	1751949026	1404282457	"2:125000:""gw"""	"1:2000000:"""""				/eos/user/c/cglenn/FCCWork/whizard/whizard_ttbar_spinpol/production/full6f_365gev_ee_ttbar_spinpol_v1/phase11_diagnostics/excess_weight_rootcause_v1/ttbar_restricted_region_suite_v1/restricted/20260816T230807Z_WT_A15xS8_F012_FCC_np1/fixed/A01_S1/F2
P_A01_S2	adaptive	A01_S2		A01		S2	1885084773	1596606550	"2:125000:""gw"""					/eos/user/c/cglenn/FCCWork/whizard/whizard_ttbar_spinpol/production/full6f_365gev_ee_ttbar_spinpol_v1/phase11_diagnostics/excess_weight_rootcause_v1/ttbar_restricted_region_suite_v1/restricted/20260816T230807Z_WT_A15xS8_F012_FCC_np1/adaptive/A01_S2
C_A01_S2_F0	fixed	A01_S2_F0	A01_S2	A01	F0	S2	1885084773	1596606550	"2:125000:""gw"""	"3:200000:"""""				/eos/user/c/cglenn/FCCWork/whizard/whizard_ttbar_spinpol/production/full6f_365gev_ee_ttbar_spinpol_v1/phase11_diagnostics/excess_weight_rootcause_v1/ttbar_restricted_region_suite_v1/restricted/20260816T230807Z_WT_A15xS8_F012_FCC_np1/fixed/A01_S2/F0
C_A01_S2_F1	fixed	A01_S2_F1	A01_S2	A01	F1	S2	1885084773	1596606550	"2:125000:""gw"""	"1:600000:"""""				/eos/user/c/cglenn/FCCWork/whizard/whizard_ttbar_spinpol/production/full6f_365gev_ee_ttbar_spinpol_v1/phase11_diagnostics/excess_weight_rootcause_v1/ttbar_restricted_region_suite_v1/restricted/20260816T230807Z_WT_A15xS8_F012_FCC_np1/fixed/A01_S2/F1
C_A01_S2_F2	fixed	A01_S2_F2	A01_S2	A01	F2	S2	1885084773	1596606550	"2:125000:""gw"""	"1:2000000:"""""				/eos/user/c/cglenn/FCCWork/whizard/whizard_ttbar_spinpol/production/full6f_365gev_ee_ttbar_spinpol_v1/phase11_diagnostics/excess_weight_rootcause_v1/ttbar_restricted_region_suite_v1/restricted/20260816T230807Z_WT_A15xS8_F012_FCC_np1/fixed/A01_S2/F2
P_A01_S3	adaptive	A01_S3		A01		S3	134326786	769890491	"2:125000:""gw"""					/eos/user/c/cglenn/FCCWork/whizard/whizard_ttbar_spinpol/production/full6f_365gev_ee_ttbar_spinpol_v1/phase11_diagnostics/excess_weight_rootcause_v1/ttbar_restricted_region_suite_v1/restricted/20260816T230807Z_WT_A15xS8_F012_FCC_np1/adaptive/A01_S3
C_A01_S3_F0	fixed	A01_S3_F0	A01_S3	A01	F0	S3	134326786	769890491	"2:125000:""gw"""	"3:200000:"""""				/eos/user/c/cglenn/FCCWork/whizard/whizard_ttbar_spinpol/production/full6f_365gev_ee_ttbar_spinpol_v1/phase11_diagnostics/excess_weight_rootcause_v1/ttbar_restricted_region_suite_v1/restricted/20260816T230807Z_WT_A15xS8_F012_FCC_np1/fixed/A01_S3/F0
C_A01_S3_F1	fixed	A01_S3_F1	A01_S3	A01	F1	S3	134326786	769890491	"2:125000:""gw"""	"1:600000:"""""				/eos/user/c/cglenn/FCCWork/whizard/whizard_ttbar_spinpol/production/full6f_365gev_ee_ttbar_spinpol_v1/phase11_diagnostics/excess_weight_rootcause_v1/ttbar_restricted_region_suite_v1/restricted/20260816T230807Z_WT_A15xS8_F012_FCC_np1/fixed/A01_S3/F1
C_A01_S3_F2	fixed	A01_S3_F2	A01_S3	A01	F2	S3	134326786	769890491	"2:125000:""gw"""	"1:2000000:"""""				/eos/user/c/cglenn/FCCWork/whizard/whizard_ttbar_spinpol/production/full6f_365gev_ee_ttbar_spinpol_v1/phase11_diagnostics/excess_weight_rootcause_v1/ttbar_restricted_region_suite_v1/restricted/20260816T230807Z_WT_A15xS8_F012_FCC_np1/fixed/A01_S3/F2
P_A01_S4	adaptive	A01_S4		A01		S4	249371675	462903030	"2:125000:""gw"""					/eos/user/c/cglenn/FCCWork/whizard/whizard_ttbar_spinpol/production/full6f_365gev_ee_ttbar_spinpol_v1/phase11_diagnostics/excess_weight_rootcause_v1/ttbar_restricted_region_suite_v1/restricted/20260816T230807Z_WT_A15xS8_F012_FCC_np1/adaptive/A01_S4
C_A01_S4_F0	fixed	A01_S4_F0	A01_S4	A01	F0	S4	249371675	462903030	"2:125000:""gw"""	"3:200000:"""""				/eos/user/c/cglenn/FCCWork/whizard/whizard_ttbar_spinpol/production/full6f_365gev_ee_ttbar_spinpol_v1/phase11_diagnostics/excess_weight_rootcause_v1/ttbar_restricted_region_suite_v1/restricted/20260816T230807Z_WT_A15xS8_F012_FCC_np1/fixed/A01_S4/F0
C_A01_S4_F1	fixed	A01_S4_F1	A01_S4	A01	F1	S4	249371675	462903030	"2:125000:""gw"""	"1:600000:"""""				/eos/user/c/cglenn/FCCWork/whizard/whizard_ttbar_spinpol/production/full6f_365gev_ee_ttbar_spinpol_v1/phase11_diagnostics/excess_weight_rootcause_v1/ttbar_restricted_region_suite_v1/restricted/20260816T230807Z_WT_A15xS8_F012_FCC_np1/fixed/A01_S4/F1
C_A01_S4_F2	fixed	A01_S4_F2	A01_S4	A01	F2	S4	249371675	462903030	"2:125000:""gw"""	"1:2000000:"""""				/eos/user/c/cglenn/FCCWork/whizard/whizard_ttbar_spinpol/production/full6f_365gev_ee_ttbar_spinpol_v1/phase11_diagnostics/excess_weight_rootcause_v1/ttbar_restricted_region_suite_v1/restricted/20260816T230807Z_WT_A15xS8_F012_FCC_np1/fixed/A01_S4/F2
P_A01_S5	adaptive	A01_S5		A01		S5	531087687	197846737	"2:125000:""gw"""					/eos/user/c/cglenn/FCCWork/whizard/whizard_ttbar_spinpol/production/full6f_365gev_ee_ttbar_spinpol_v1/phase11_diagnostics/excess_weight_rootcause_v1/ttbar_restricted_region_suite_v1/restricted/20260816T230807Z_WT_A15xS8_F012_FCC_np1/adaptive/A01_S5
C_A01_S5_F0	fixed	A01_S5_F0	A01_S5	A01	F0	S5	531087687	197846737	"2:125000:""gw"""	"3:200000:"""""				/eos/user/c/cglenn/FCCWork/whizard/whizard_ttbar_spinpol/production/full6f_365gev_ee_ttbar_spinpol_v1/phase11_diagnostics/excess_weight_rootcause_v1/ttbar_restricted_region_suite_v1/restricted/20260816T230807Z_WT_A15xS8_F012_FCC_np1/fixed/A01_S5/F0
C_A01_S5_F1	fixed	A01_S5_F1	A01_S5	A01	F1	S5	531087687	197846737	"2:125000:""gw"""	"1:600000:"""""				/eos/user/c/cglenn/FCCWork/whizard/whizard_ttbar_spinpol/production/full6f_365gev_ee_ttbar_spinpol_v1/phase11_diagnostics/excess_weight_rootcause_v1/ttbar_restricted_region_suite_v1/restricted/20260816T230807Z_WT_A15xS8_F012_FCC_np1/fixed/A01_S5/F1
C_A01_S5_F2	fixed	A01_S5_F2	A01_S5	A01	F2	S5	531087687	197846737	"2:125000:""gw"""	"1:2000000:"""""				/eos/user/c/cglenn/FCCWork/whizard/whizard_ttbar_spinpol/production/full6f_365gev_ee_ttbar_spinpol_v1/phase11_diagnostics/excess_weight_rootcause_v1/ttbar_restricted_region_suite_v1/restricted/20260816T230807Z_WT_A15xS8_F012_FCC_np1/fixed/A01_S5/F2
P_A01_S6	adaptive	A01_S6		A01		S6	519963689	958460417	"2:125000:""gw"""					/eos/user/c/cglenn/FCCWork/whizard/whizard_ttbar_spinpol/production/full6f_365gev_ee_ttbar_spinpol_v1/phase11_diagnostics/excess_weight_rootcause_v1/ttbar_restricted_region_suite_v1/restricted/20260816T230807Z_WT_A15xS8_F012_FCC_np1/adaptive/A01_S6
C_A01_S6_F0	fixed	A01_S6_F0	A01_S6	A01	F0	S6	519963689	958460417	"2:125000:""gw"""	"3:200000:"""""				/eos/user/c/cglenn/FCCWork/whizard/whizard_ttbar_spinpol/production/full6f_365gev_ee_ttbar_spinpol_v1/phase11_diagnostics/excess_weight_rootcause_v1/ttbar_restricted_region_suite_v1/restricted/20260816T230807Z_WT_A15xS8_F012_FCC_np1/fixed/A01_S6/F0
C_A01_S6_F1	fixed	A01_S6_F1	A01_S6	A01	F1	S6	519963689	958460417	"2:125000:""gw"""	"1:600000:"""""				/eos/user/c/cglenn/FCCWork/whizard/whizard_ttbar_spinpol/production/full6f_365gev_ee_ttbar_spinpol_v1/phase11_diagnostics/excess_weight_rootcause_v1/ttbar_restricted_region_suite_v1/restricted/20260816T230807Z_WT_A15xS8_F012_FCC_np1/fixed/A01_S6/F1
C_A01_S6_F2	fixed	A01_S6_F2	A01_S6	A01	F2	S6	519963689	958460417	"2:125000:""gw"""	"1:2000000:"""""				/eos/user/c/cglenn/FCCWork/whizard/whizard_ttbar_spinpol/production/full6f_365gev_ee_ttbar_spinpol_v1/phase11_diagnostics/excess_weight_rootcause_v1/ttbar_restricted_region_suite_v1/restricted/20260816T230807Z_WT_A15xS8_F012_FCC_np1/fixed/A01_S6/F2
P_A01_S7	adaptive	A01_S7		A01		S7	1552803368	239117595	"2:125000:""gw"""					/eos/user/c/cglenn/FCCWork/whizard/whizard_ttbar_spinpol/production/full6f_365gev_ee_ttbar_spinpol_v1/phase11_diagnostics/excess_weight_rootcause_v1/ttbar_restricted_region_suite_v1/restricted/20260816T230807Z_WT_A15xS8_F012_FCC_np1/adaptive/A01_S7
C_A01_S7_F0	fixed	A01_S7_F0	A01_S7	A01	F0	S7	1552803368	239117595	"2:125000:""gw"""	"3:200000:"""""				/eos/user/c/cglenn/FCCWork/whizard/whizard_ttbar_spinpol/production/full6f_365gev_ee_ttbar_spinpol_v1/phase11_diagnostics/excess_weight_rootcause_v1/ttbar_restricted_region_suite_v1/restricted/20260816T230807Z_WT_A15xS8_F012_FCC_np1/fixed/A01_S7/F0
C_A01_S7_F1	fixed	A01_S7_F1	A01_S7	A01	F1	S7	1552803368	239117595	"2:125000:""gw"""	"1:600000:"""""				/eos/user/c/cglenn/FCCWork/whizard/whizard_ttbar_spinpol/production/full6f_365gev_ee_ttbar_spinpol_v1/phase11_diagnostics/excess_weight_rootcause_v1/ttbar_restricted_region_suite_v1/restricted/20260816T230807Z_WT_A15xS8_F012_FCC_np1/fixed/A01_S7/F1
C_A01_S7_F2	fixed	A01_S7_F2	A01_S7	A01	F2	S7	1552803368	239117595	"2:125000:""gw"""	"1:2000000:"""""				/eos/user/c/cglenn/FCCWork/whizard/whizard_ttbar_spinpol/production/full6f_365gev_ee_ttbar_spinpol_v1/phase11_diagnostics/excess_weight_rootcause_v1/ttbar_restricted_region_suite_v1/restricted/20260816T230807Z_WT_A15xS8_F012_FCC_np1/fixed/A01_S7/F2
P_A02_S0	adaptive	A02_S0		A02		S0	1740114216	648318690	"1:250000:""gw"""					/eos/user/c/cglenn/FCCWork/whizard/whizard_ttbar_spinpol/production/full6f_365gev_ee_ttbar_spinpol_v1/phase11_diagnostics/excess_weight_rootcause_v1/ttbar_restricted_region_suite_v1/restricted/20260816T230807Z_WT_A15xS8_F012_FCC_np1/adaptive/A02_S0
C_A02_S0_F0	fixed	A02_S0_F0	A02_S0	A02	F0	S0	1740114216	648318690	"1:250000:""gw"""	"3:200000:"""""				/eos/user/c/cglenn/FCCWork/whizard/whizard_ttbar_spinpol/production/full6f_365gev_ee_ttbar_spinpol_v1/phase11_diagnostics/excess_weight_rootcause_v1/ttbar_restricted_region_suite_v1/restricted/20260816T230807Z_WT_A15xS8_F012_FCC_np1/fixed/A02_S0/F0
C_A02_S0_F1	fixed	A02_S0_F1	A02_S0	A02	F1	S0	1740114216	648318690	"1:250000:""gw"""	"1:600000:"""""				/eos/user/c/cglenn/FCCWork/whizard/whizard_ttbar_spinpol/production/full6f_365gev_ee_ttbar_spinpol_v1/phase11_diagnostics/excess_weight_rootcause_v1/ttbar_restricted_region_suite_v1/restricted/20260816T230807Z_WT_A15xS8_F012_FCC_np1/fixed/A02_S0/F1
C_A02_S0_F2	fixed	A02_S0_F2	A02_S0	A02	F2	S0	1740114216	648318690	"1:250000:""gw"""	"1:2000000:"""""				/eos/user/c/cglenn/FCCWork/whizard/whizard_ttbar_spinpol/production/full6f_365gev_ee_ttbar_spinpol_v1/phase11_diagnostics/excess_weight_rootcause_v1/ttbar_restricted_region_suite_v1/restricted/20260816T230807Z_WT_A15xS8_F012_FCC_np1/fixed/A02_S0/F2
P_A02_S1	adaptive	A02_S1		A02		S1	1751949026	1404282457	"1:250000:""gw"""					/eos/user/c/cglenn/FCCWork/whizard/whizard_ttbar_spinpol/production/full6f_365gev_ee_ttbar_spinpol_v1/phase11_diagnostics/excess_weight_rootcause_v1/ttbar_restricted_region_suite_v1/restricted/20260816T230807Z_WT_A15xS8_F012_FCC_np1/adaptive/A02_S1
C_A02_S1_F0	fixed	A02_S1_F0	A02_S1	A02	F0	S1	1751949026	1404282457	"1:250000:""gw"""	"3:200000:"""""				/eos/user/c/cglenn/FCCWork/whizard/whizard_ttbar_spinpol/production/full6f_365gev_ee_ttbar_spinpol_v1/phase11_diagnostics/excess_weight_rootcause_v1/ttbar_restricted_region_suite_v1/restricted/20260816T230807Z_WT_A15xS8_F012_FCC_np1/fixed/A02_S1/F0
C_A02_S1_F1	fixed	A02_S1_F1	A02_S1	A02	F1	S1	1751949026	1404282457	"1:250000:""gw"""	"1:600000:"""""				/eos/user/c/cglenn/FCCWork/whizard/whizard_ttbar_spinpol/production/full6f_365gev_ee_ttbar_spinpol_v1/phase11_diagnostics/excess_weight_rootcause_v1/ttbar_restricted_region_suite_v1/restricted/20260816T230807Z_WT_A15xS8_F012_FCC_np1/fixed/A02_S1/F1
C_A02_S1_F2	fixed	A02_S1_F2	A02_S1	A02	F2	S1	1751949026	1404282457	"1:250000:""gw"""	"1:2000000:"""""				/eos/user/c/cglenn/FCCWork/whizard/whizard_ttbar_spinpol/production/full6f_365gev_ee_ttbar_spinpol_v1/phase11_diagnostics/excess_weight_rootcause_v1/ttbar_restricted_region_suite_v1/restricted/20260816T230807Z_WT_A15xS8_F012_FCC_np1/fixed/A02_S1/F2
P_A02_S2	adaptive	A02_S2		A02		S2	1885084773	1596606550	"1:250000:""gw"""					/eos/user/c/cglenn/FCCWork/whizard/whizard_ttbar_spinpol/production/full6f_365gev_ee_ttbar_spinpol_v1/phase11_diagnostics/excess_weight_rootcause_v1/ttbar_restricted_region_suite_v1/restricted/20260816T230807Z_WT_A15xS8_F012_FCC_np1/adaptive/A02_S2
C_A02_S2_F0	fixed	A02_S2_F0	A02_S2	A02	F0	S2	1885084773	1596606550	"1:250000:""gw"""	"3:200000:"""""				/eos/user/c/cglenn/FCCWork/whizard/whizard_ttbar_spinpol/production/full6f_365gev_ee_ttbar_spinpol_v1/phase11_diagnostics/excess_weight_rootcause_v1/ttbar_restricted_region_suite_v1/restricted/20260816T230807Z_WT_A15xS8_F012_FCC_np1/fixed/A02_S2/F0
C_A02_S2_F1	fixed	A02_S2_F1	A02_S2	A02	F1	S2	1885084773	1596606550	"1:250000:""gw"""	"1:600000:"""""				/eos/user/c/cglenn/FCCWork/whizard/whizard_ttbar_spinpol/production/full6f_365gev_ee_ttbar_spinpol_v1/phase11_diagnostics/excess_weight_rootcause_v1/ttbar_restricted_region_suite_v1/restricted/20260816T230807Z_WT_A15xS8_F012_FCC_np1/fixed/A02_S2/F1
C_A02_S2_F2	fixed	A02_S2_F2	A02_S2	A02	F2	S2	1885084773	1596606550	"1:250000:""gw"""	"1:2000000:"""""				/eos/user/c/cglenn/FCCWork/whizard/whizard_ttbar_spinpol/production/full6f_365gev_ee_ttbar_spinpol_v1/phase11_diagnostics/excess_weight_rootcause_v1/ttbar_restricted_region_suite_v1/restricted/20260816T230807Z_WT_A15xS8_F012_FCC_np1/fixed/A02_S2/F2
P_A02_S3	adaptive	A02_S3		A02		S3	134326786	769890491	"1:250000:""gw"""					/eos/user/c/cglenn/FCCWork/whizard/whizard_ttbar_spinpol/production/full6f_365gev_ee_ttbar_spinpol_v1/phase11_diagnostics/excess_weight_rootcause_v1/ttbar_restricted_region_suite_v1/restricted/20260816T230807Z_WT_A15xS8_F012_FCC_np1/adaptive/A02_S3
C_A02_S3_F0	fixed	A02_S3_F0	A02_S3	A02	F0	S3	134326786	769890491	"1:250000:""gw"""	"3:200000:"""""				/eos/user/c/cglenn/FCCWork/whizard/whizard_ttbar_spinpol/production/full6f_365gev_ee_ttbar_spinpol_v1/phase11_diagnostics/excess_weight_rootcause_v1/ttbar_restricted_region_suite_v1/restricted/20260816T230807Z_WT_A15xS8_F012_FCC_np1/fixed/A02_S3/F0
C_A02_S3_F1	fixed	A02_S3_F1	A02_S3	A02	F1	S3	134326786	769890491	"1:250000:""gw"""	"1:600000:"""""				/eos/user/c/cglenn/FCCWork/whizard/whizard_ttbar_spinpol/production/full6f_365gev_ee_ttbar_spinpol_v1/phase11_diagnostics/excess_weight_rootcause_v1/ttbar_restricted_region_suite_v1/restricted/20260816T230807Z_WT_A15xS8_F012_FCC_np1/fixed/A02_S3/F1
C_A02_S3_F2	fixed	A02_S3_F2	A02_S3	A02	F2	S3	134326786	769890491	"1:250000:""gw"""	"1:2000000:"""""				/eos/user/c/cglenn/FCCWork/whizard/whizard_ttbar_spinpol/production/full6f_365gev_ee_ttbar_spinpol_v1/phase11_diagnostics/excess_weight_rootcause_v1/ttbar_restricted_region_suite_v1/restricted/20260816T230807Z_WT_A15xS8_F012_FCC_np1/fixed/A02_S3/F2
P_A02_S4	adaptive	A02_S4		A02		S4	249371675	462903030	"1:250000:""gw"""					/eos/user/c/cglenn/FCCWork/whizard/whizard_ttbar_spinpol/production/full6f_365gev_ee_ttbar_spinpol_v1/phase11_diagnostics/excess_weight_rootcause_v1/ttbar_restricted_region_suite_v1/restricted/20260816T230807Z_WT_A15xS8_F012_FCC_np1/adaptive/A02_S4
C_A02_S4_F0	fixed	A02_S4_F0	A02_S4	A02	F0	S4	249371675	462903030	"1:250000:""gw"""	"3:200000:"""""				/eos/user/c/cglenn/FCCWork/whizard/whizard_ttbar_spinpol/production/full6f_365gev_ee_ttbar_spinpol_v1/phase11_diagnostics/excess_weight_rootcause_v1/ttbar_restricted_region_suite_v1/restricted/20260816T230807Z_WT_A15xS8_F012_FCC_np1/fixed/A02_S4/F0
C_A02_S4_F1	fixed	A02_S4_F1	A02_S4	A02	F1	S4	249371675	462903030	"1:250000:""gw"""	"1:600000:"""""				/eos/user/c/cglenn/FCCWork/whizard/whizard_ttbar_spinpol/production/full6f_365gev_ee_ttbar_spinpol_v1/phase11_diagnostics/excess_weight_rootcause_v1/ttbar_restricted_region_suite_v1/restricted/20260816T230807Z_WT_A15xS8_F012_FCC_np1/fixed/A02_S4/F1
C_A02_S4_F2	fixed	A02_S4_F2	A02_S4	A02	F2	S4	249371675	462903030	"1:250000:""gw"""	"1:2000000:"""""				/eos/user/c/cglenn/FCCWork/whizard/whizard_ttbar_spinpol/production/full6f_365gev_ee_ttbar_spinpol_v1/phase11_diagnostics/excess_weight_rootcause_v1/ttbar_restricted_region_suite_v1/restricted/20260816T230807Z_WT_A15xS8_F012_FCC_np1/fixed/A02_S4/F2
P_A02_S5	adaptive	A02_S5		A02		S5	531087687	197846737	"1:250000:""gw"""					/eos/user/c/cglenn/FCCWork/whizard/whizard_ttbar_spinpol/production/full6f_365gev_ee_ttbar_spinpol_v1/phase11_diagnostics/excess_weight_rootcause_v1/ttbar_restricted_region_suite_v1/restricted/20260816T230807Z_WT_A15xS8_F012_FCC_np1/adaptive/A02_S5
C_A02_S5_F0	fixed	A02_S5_F0	A02_S5	A02	F0	S5	531087687	197846737	"1:250000:""gw"""	"3:200000:"""""				/eos/user/c/cglenn/FCCWork/whizard/whizard_ttbar_spinpol/production/full6f_365gev_ee_ttbar_spinpol_v1/phase11_diagnostics/excess_weight_rootcause_v1/ttbar_restricted_region_suite_v1/restricted/20260816T230807Z_WT_A15xS8_F012_FCC_np1/fixed/A02_S5/F0
C_A02_S5_F1	fixed	A02_S5_F1	A02_S5	A02	F1	S5	531087687	197846737	"1:250000:""gw"""	"1:600000:"""""				/eos/user/c/cglenn/FCCWork/whizard/whizard_ttbar_spinpol/production/full6f_365gev_ee_ttbar_spinpol_v1/phase11_diagnostics/excess_weight_rootcause_v1/ttbar_restricted_region_suite_v1/restricted/20260816T230807Z_WT_A15xS8_F012_FCC_np1/fixed/A02_S5/F1
C_A02_S5_F2	fixed	A02_S5_F2	A02_S5	A02	F2	S5	531087687	197846737	"1:250000:""gw"""	"1:2000000:"""""				/eos/user/c/cglenn/FCCWork/whizard/whizard_ttbar_spinpol/production/full6f_365gev_ee_ttbar_spinpol_v1/phase11_diagnostics/excess_weight_rootcause_v1/ttbar_restricted_region_suite_v1/restricted/20260816T230807Z_WT_A15xS8_F012_FCC_np1/fixed/A02_S5/F2
P_A02_S6	adaptive	A02_S6		A02		S6	519963689	958460417	"1:250000:""gw"""					/eos/user/c/cglenn/FCCWork/whizard/whizard_ttbar_spinpol/production/full6f_365gev_ee_ttbar_spinpol_v1/phase11_diagnostics/excess_weight_rootcause_v1/ttbar_restricted_region_suite_v1/restricted/20260816T230807Z_WT_A15xS8_F012_FCC_np1/adaptive/A02_S6
C_A02_S6_F0	fixed	A02_S6_F0	A02_S6	A02	F0	S6	519963689	958460417	"1:250000:""gw"""	"3:200000:"""""				/eos/user/c/cglenn/FCCWork/whizard/whizard_ttbar_spinpol/production/full6f_365gev_ee_ttbar_spinpol_v1/phase11_diagnostics/excess_weight_rootcause_v1/ttbar_restricted_region_suite_v1/restricted/20260816T230807Z_WT_A15xS8_F012_FCC_np1/fixed/A02_S6/F0
C_A02_S6_F1	fixed	A02_S6_F1	A02_S6	A02	F1	S6	519963689	958460417	"1:250000:""gw"""	"1:600000:"""""				/eos/user/c/cglenn/FCCWork/whizard/whizard_ttbar_spinpol/production/full6f_365gev_ee_ttbar_spinpol_v1/phase11_diagnostics/excess_weight_rootcause_v1/ttbar_restricted_region_suite_v1/restricted/20260816T230807Z_WT_A15xS8_F012_FCC_np1/fixed/A02_S6/F1
C_A02_S6_F2	fixed	A02_S6_F2	A02_S6	A02	F2	S6	519963689	958460417	"1:250000:""gw"""	"1:2000000:"""""				/eos/user/c/cglenn/FCCWork/whizard/whizard_ttbar_spinpol/production/full6f_365gev_ee_ttbar_spinpol_v1/phase11_diagnostics/excess_weight_rootcause_v1/ttbar_restricted_region_suite_v1/restricted/20260816T230807Z_WT_A15xS8_F012_FCC_np1/fixed/A02_S6/F2
P_A02_S7	adaptive	A02_S7		A02		S7	1552803368	239117595	"1:250000:""gw"""					/eos/user/c/cglenn/FCCWork/whizard/whizard_ttbar_spinpol/production/full6f_365gev_ee_ttbar_spinpol_v1/phase11_diagnostics/excess_weight_rootcause_v1/ttbar_restricted_region_suite_v1/restricted/20260816T230807Z_WT_A15xS8_F012_FCC_np1/adaptive/A02_S7
C_A02_S7_F0	fixed	A02_S7_F0	A02_S7	A02	F0	S7	1552803368	239117595	"1:250000:""gw"""	"3:200000:"""""				/eos/user/c/cglenn/FCCWork/whizard/whizard_ttbar_spinpol/production/full6f_365gev_ee_ttbar_spinpol_v1/phase11_diagnostics/excess_weight_rootcause_v1/ttbar_restricted_region_suite_v1/restricted/20260816T230807Z_WT_A15xS8_F012_FCC_np1/fixed/A02_S7/F0
C_A02_S7_F1	fixed	A02_S7_F1	A02_S7	A02	F1	S7	1552803368	239117595	"1:250000:""gw"""	"1:600000:"""""				/eos/user/c/cglenn/FCCWork/whizard/whizard_ttbar_spinpol/production/full6f_365gev_ee_ttbar_spinpol_v1/phase11_diagnostics/excess_weight_rootcause_v1/ttbar_restricted_region_suite_v1/restricted/20260816T230807Z_WT_A15xS8_F012_FCC_np1/fixed/A02_S7/F1
C_A02_S7_F2	fixed	A02_S7_F2	A02_S7	A02	F2	S7	1552803368	239117595	"1:250000:""gw"""	"1:2000000:"""""				/eos/user/c/cglenn/FCCWork/whizard/whizard_ttbar_spinpol/production/full6f_365gev_ee_ttbar_spinpol_v1/phase11_diagnostics/excess_weight_rootcause_v1/ttbar_restricted_region_suite_v1/restricted/20260816T230807Z_WT_A15xS8_F012_FCC_np1/fixed/A02_S7/F2
P_A03_S0	adaptive	A03_S0		A03		S0	1740114216	648318690	"5:100000:""gw"""					/eos/user/c/cglenn/FCCWork/whizard/whizard_ttbar_spinpol/production/full6f_365gev_ee_ttbar_spinpol_v1/phase11_diagnostics/excess_weight_rootcause_v1/ttbar_restricted_region_suite_v1/restricted/20260816T230807Z_WT_A15xS8_F012_FCC_np1/adaptive/A03_S0
C_A03_S0_F0	fixed	A03_S0_F0	A03_S0	A03	F0	S0	1740114216	648318690	"5:100000:""gw"""	"3:200000:"""""				/eos/user/c/cglenn/FCCWork/whizard/whizard_ttbar_spinpol/production/full6f_365gev_ee_ttbar_spinpol_v1/phase11_diagnostics/excess_weight_rootcause_v1/ttbar_restricted_region_suite_v1/restricted/20260816T230807Z_WT_A15xS8_F012_FCC_np1/fixed/A03_S0/F0
C_A03_S0_F1	fixed	A03_S0_F1	A03_S0	A03	F1	S0	1740114216	648318690	"5:100000:""gw"""	"1:600000:"""""				/eos/user/c/cglenn/FCCWork/whizard/whizard_ttbar_spinpol/production/full6f_365gev_ee_ttbar_spinpol_v1/phase11_diagnostics/excess_weight_rootcause_v1/ttbar_restricted_region_suite_v1/restricted/20260816T230807Z_WT_A15xS8_F012_FCC_np1/fixed/A03_S0/F1
C_A03_S0_F2	fixed	A03_S0_F2	A03_S0	A03	F2	S0	1740114216	648318690	"5:100000:""gw"""	"1:2000000:"""""				/eos/user/c/cglenn/FCCWork/whizard/whizard_ttbar_spinpol/production/full6f_365gev_ee_ttbar_spinpol_v1/phase11_diagnostics/excess_weight_rootcause_v1/ttbar_restricted_region_suite_v1/restricted/20260816T230807Z_WT_A15xS8_F012_FCC_np1/fixed/A03_S0/F2
P_A03_S1	adaptive	A03_S1		A03		S1	1751949026	1404282457	"5:100000:""gw"""					/eos/user/c/cglenn/FCCWork/whizard/whizard_ttbar_spinpol/production/full6f_365gev_ee_ttbar_spinpol_v1/phase11_diagnostics/excess_weight_rootcause_v1/ttbar_restricted_region_suite_v1/restricted/20260816T230807Z_WT_A15xS8_F012_FCC_np1/adaptive/A03_S1
C_A03_S1_F0	fixed	A03_S1_F0	A03_S1	A03	F0	S1	1751949026	1404282457	"5:100000:""gw"""	"3:200000:"""""				/eos/user/c/cglenn/FCCWork/whizard/whizard_ttbar_spinpol/production/full6f_365gev_ee_ttbar_spinpol_v1/phase11_diagnostics/excess_weight_rootcause_v1/ttbar_restricted_region_suite_v1/restricted/20260816T230807Z_WT_A15xS8_F012_FCC_np1/fixed/A03_S1/F0
C_A03_S1_F1	fixed	A03_S1_F1	A03_S1	A03	F1	S1	1751949026	1404282457	"5:100000:""gw"""	"1:600000:"""""				/eos/user/c/cglenn/FCCWork/whizard/whizard_ttbar_spinpol/production/full6f_365gev_ee_ttbar_spinpol_v1/phase11_diagnostics/excess_weight_rootcause_v1/ttbar_restricted_region_suite_v1/restricted/20260816T230807Z_WT_A15xS8_F012_FCC_np1/fixed/A03_S1/F1
C_A03_S1_F2	fixed	A03_S1_F2	A03_S1	A03	F2	S1	1751949026	1404282457	"5:100000:""gw"""	"1:2000000:"""""				/eos/user/c/cglenn/FCCWork/whizard/whizard_ttbar_spinpol/production/full6f_365gev_ee_ttbar_spinpol_v1/phase11_diagnostics/excess_weight_rootcause_v1/ttbar_restricted_region_suite_v1/restricted/20260816T230807Z_WT_A15xS8_F012_FCC_np1/fixed/A03_S1/F2
P_A03_S2	adaptive	A03_S2		A03		S2	1885084773	1596606550	"5:100000:""gw"""					/eos/user/c/cglenn/FCCWork/whizard/whizard_ttbar_spinpol/production/full6f_365gev_ee_ttbar_spinpol_v1/phase11_diagnostics/excess_weight_rootcause_v1/ttbar_restricted_region_suite_v1/restricted/20260816T230807Z_WT_A15xS8_F012_FCC_np1/adaptive/A03_S2
C_A03_S2_F0	fixed	A03_S2_F0	A03_S2	A03	F0	S2	1885084773	1596606550	"5:100000:""gw"""	"3:200000:"""""				/eos/user/c/cglenn/FCCWork/whizard/whizard_ttbar_spinpol/production/full6f_365gev_ee_ttbar_spinpol_v1/phase11_diagnostics/excess_weight_rootcause_v1/ttbar_restricted_region_suite_v1/restricted/20260816T230807Z_WT_A15xS8_F012_FCC_np1/fixed/A03_S2/F0
C_A03_S2_F1	fixed	A03_S2_F1	A03_S2	A03	F1	S2	1885084773	1596606550	"5:100000:""gw"""	"1:600000:"""""				/eos/user/c/cglenn/FCCWork/whizard/whizard_ttbar_spinpol/production/full6f_365gev_ee_ttbar_spinpol_v1/phase11_diagnostics/excess_weight_rootcause_v1/ttbar_restricted_region_suite_v1/restricted/20260816T230807Z_WT_A15xS8_F012_FCC_np1/fixed/A03_S2/F1
C_A03_S2_F2	fixed	A03_S2_F2	A03_S2	A03	F2	S2	1885084773	1596606550	"5:100000:""gw"""	"1:2000000:"""""				/eos/user/c/cglenn/FCCWork/whizard/whizard_ttbar_spinpol/production/full6f_365gev_ee_ttbar_spinpol_v1/phase11_diagnostics/excess_weight_rootcause_v1/ttbar_restricted_region_suite_v1/restricted/20260816T230807Z_WT_A15xS8_F012_FCC_np1/fixed/A03_S2/F2
P_A03_S3	adaptive	A03_S3		A03		S3	134326786	769890491	"5:100000:""gw"""					/eos/user/c/cglenn/FCCWork/whizard/whizard_ttbar_spinpol/production/full6f_365gev_ee_ttbar_spinpol_v1/phase11_diagnostics/excess_weight_rootcause_v1/ttbar_restricted_region_suite_v1/restricted/20260816T230807Z_WT_A15xS8_F012_FCC_np1/adaptive/A03_S3
C_A03_S3_F0	fixed	A03_S3_F0	A03_S3	A03	F0	S3	134326786	769890491	"5:100000:""gw"""	"3:200000:"""""				/eos/user/c/cglenn/FCCWork/whizard/whizard_ttbar_spinpol/production/full6f_365gev_ee_ttbar_spinpol_v1/phase11_diagnostics/excess_weight_rootcause_v1/ttbar_restricted_region_suite_v1/restricted/20260816T230807Z_WT_A15xS8_F012_FCC_np1/fixed/A03_S3/F0
C_A03_S3_F1	fixed	A03_S3_F1	A03_S3	A03	F1	S3	134326786	769890491	"5:100000:""gw"""	"1:600000:"""""				/eos/user/c/cglenn/FCCWork/whizard/whizard_ttbar_spinpol/production/full6f_365gev_ee_ttbar_spinpol_v1/phase11_diagnostics/excess_weight_rootcause_v1/ttbar_restricted_region_suite_v1/restricted/20260816T230807Z_WT_A15xS8_F012_FCC_np1/fixed/A03_S3/F1
C_A03_S3_F2	fixed	A03_S3_F2	A03_S3	A03	F2	S3	134326786	769890491	"5:100000:""gw"""	"1:2000000:"""""				/eos/user/c/cglenn/FCCWork/whizard/whizard_ttbar_spinpol/production/full6f_365gev_ee_ttbar_spinpol_v1/phase11_diagnostics/excess_weight_rootcause_v1/ttbar_restricted_region_suite_v1/restricted/20260816T230807Z_WT_A15xS8_F012_FCC_np1/fixed/A03_S3/F2
P_A03_S4	adaptive	A03_S4		A03		S4	249371675	462903030	"5:100000:""gw"""					/eos/user/c/cglenn/FCCWork/whizard/whizard_ttbar_spinpol/production/full6f_365gev_ee_ttbar_spinpol_v1/phase11_diagnostics/excess_weight_rootcause_v1/ttbar_restricted_region_suite_v1/restricted/20260816T230807Z_WT_A15xS8_F012_FCC_np1/adaptive/A03_S4
C_A03_S4_F0	fixed	A03_S4_F0	A03_S4	A03	F0	S4	249371675	462903030	"5:100000:""gw"""	"3:200000:"""""				/eos/user/c/cglenn/FCCWork/whizard/whizard_ttbar_spinpol/production/full6f_365gev_ee_ttbar_spinpol_v1/phase11_diagnostics/excess_weight_rootcause_v1/ttbar_restricted_region_suite_v1/restricted/20260816T230807Z_WT_A15xS8_F012_FCC_np1/fixed/A03_S4/F0
C_A03_S4_F1	fixed	A03_S4_F1	A03_S4	A03	F1	S4	249371675	462903030	"5:100000:""gw"""	"1:600000:"""""				/eos/user/c/cglenn/FCCWork/whizard/whizard_ttbar_spinpol/production/full6f_365gev_ee_ttbar_spinpol_v1/phase11_diagnostics/excess_weight_rootcause_v1/ttbar_restricted_region_suite_v1/restricted/20260816T230807Z_WT_A15xS8_F012_FCC_np1/fixed/A03_S4/F1
C_A03_S4_F2	fixed	A03_S4_F2	A03_S4	A03	F2	S4	249371675	462903030	"5:100000:""gw"""	"1:2000000:"""""				/eos/user/c/cglenn/FCCWork/whizard/whizard_ttbar_spinpol/production/full6f_365gev_ee_ttbar_spinpol_v1/phase11_diagnostics/excess_weight_rootcause_v1/ttbar_restricted_region_suite_v1/restricted/20260816T230807Z_WT_A15xS8_F012_FCC_np1/fixed/A03_S4/F2
P_A03_S5	adaptive	A03_S5		A03		S5	531087687	197846737	"5:100000:""gw"""					/eos/user/c/cglenn/FCCWork/whizard/whizard_ttbar_spinpol/production/full6f_365gev_ee_ttbar_spinpol_v1/phase11_diagnostics/excess_weight_rootcause_v1/ttbar_restricted_region_suite_v1/restricted/20260816T230807Z_WT_A15xS8_F012_FCC_np1/adaptive/A03_S5
C_A03_S5_F0	fixed	A03_S5_F0	A03_S5	A03	F0	S5	531087687	197846737	"5:100000:""gw"""	"3:200000:"""""				/eos/user/c/cglenn/FCCWork/whizard/whizard_ttbar_spinpol/production/full6f_365gev_ee_ttbar_spinpol_v1/phase11_diagnostics/excess_weight_rootcause_v1/ttbar_restricted_region_suite_v1/restricted/20260816T230807Z_WT_A15xS8_F012_FCC_np1/fixed/A03_S5/F0
C_A03_S5_F1	fixed	A03_S5_F1	A03_S5	A03	F1	S5	531087687	197846737	"5:100000:""gw"""	"1:600000:"""""				/eos/user/c/cglenn/FCCWork/whizard/whizard_ttbar_spinpol/production/full6f_365gev_ee_ttbar_spinpol_v1/phase11_diagnostics/excess_weight_rootcause_v1/ttbar_restricted_region_suite_v1/restricted/20260816T230807Z_WT_A15xS8_F012_FCC_np1/fixed/A03_S5/F1
C_A03_S5_F2	fixed	A03_S5_F2	A03_S5	A03	F2	S5	531087687	197846737	"5:100000:""gw"""	"1:2000000:"""""				/eos/user/c/cglenn/FCCWork/whizard/whizard_ttbar_spinpol/production/full6f_365gev_ee_ttbar_spinpol_v1/phase11_diagnostics/excess_weight_rootcause_v1/ttbar_restricted_region_suite_v1/restricted/20260816T230807Z_WT_A15xS8_F012_FCC_np1/fixed/A03_S5/F2
P_A03_S6	adaptive	A03_S6		A03		S6	519963689	958460417	"5:100000:""gw"""					/eos/user/c/cglenn/FCCWork/whizard/whizard_ttbar_spinpol/production/full6f_365gev_ee_ttbar_spinpol_v1/phase11_diagnostics/excess_weight_rootcause_v1/ttbar_restricted_region_suite_v1/restricted/20260816T230807Z_WT_A15xS8_F012_FCC_np1/adaptive/A03_S6
C_A03_S6_F0	fixed	A03_S6_F0	A03_S6	A03	F0	S6	519963689	958460417	"5:100000:""gw"""	"3:200000:"""""				/eos/user/c/cglenn/FCCWork/whizard/whizard_ttbar_spinpol/production/full6f_365gev_ee_ttbar_spinpol_v1/phase11_diagnostics/excess_weight_rootcause_v1/ttbar_restricted_region_suite_v1/restricted/20260816T230807Z_WT_A15xS8_F012_FCC_np1/fixed/A03_S6/F0
C_A03_S6_F1	fixed	A03_S6_F1	A03_S6	A03	F1	S6	519963689	958460417	"5:100000:""gw"""	"1:600000:"""""				/eos/user/c/cglenn/FCCWork/whizard/whizard_ttbar_spinpol/production/full6f_365gev_ee_ttbar_spinpol_v1/phase11_diagnostics/excess_weight_rootcause_v1/ttbar_restricted_region_suite_v1/restricted/20260816T230807Z_WT_A15xS8_F012_FCC_np1/fixed/A03_S6/F1
C_A03_S6_F2	fixed	A03_S6_F2	A03_S6	A03	F2	S6	519963689	958460417	"5:100000:""gw"""	"1:2000000:"""""				/eos/user/c/cglenn/FCCWork/whizard/whizard_ttbar_spinpol/production/full6f_365gev_ee_ttbar_spinpol_v1/phase11_diagnostics/excess_weight_rootcause_v1/ttbar_restricted_region_suite_v1/restricted/20260816T230807Z_WT_A15xS8_F012_FCC_np1/fixed/A03_S6/F2
P_A03_S7	adaptive	A03_S7		A03		S7	1552803368	239117595	"5:100000:""gw"""					/eos/user/c/cglenn/FCCWork/whizard/whizard_ttbar_spinpol/production/full6f_365gev_ee_ttbar_spinpol_v1/phase11_diagnostics/excess_weight_rootcause_v1/ttbar_restricted_region_suite_v1/restricted/20260816T230807Z_WT_A15xS8_F012_FCC_np1/adaptive/A03_S7
C_A03_S7_F0	fixed	A03_S7_F0	A03_S7	A03	F0	S7	1552803368	239117595	"5:100000:""gw"""	"3:200000:"""""				/eos/user/c/cglenn/FCCWork/whizard/whizard_ttbar_spinpol/production/full6f_365gev_ee_ttbar_spinpol_v1/phase11_diagnostics/excess_weight_rootcause_v1/ttbar_restricted_region_suite_v1/restricted/20260816T230807Z_WT_A15xS8_F012_FCC_np1/fixed/A03_S7/F0
C_A03_S7_F1	fixed	A03_S7_F1	A03_S7	A03	F1	S7	1552803368	239117595	"5:100000:""gw"""	"1:600000:"""""				/eos/user/c/cglenn/FCCWork/whizard/whizard_ttbar_spinpol/production/full6f_365gev_ee_ttbar_spinpol_v1/phase11_diagnostics/excess_weight_rootcause_v1/ttbar_restricted_region_suite_v1/restricted/20260816T230807Z_WT_A15xS8_F012_FCC_np1/fixed/A03_S7/F1
C_A03_S7_F2	fixed	A03_S7_F2	A03_S7	A03	F2	S7	1552803368	239117595	"5:100000:""gw"""	"1:2000000:"""""				/eos/user/c/cglenn/FCCWork/whizard/whizard_ttbar_spinpol/production/full6f_365gev_ee_ttbar_spinpol_v1/phase11_diagnostics/excess_weight_rootcause_v1/ttbar_restricted_region_suite_v1/restricted/20260816T230807Z_WT_A15xS8_F012_FCC_np1/fixed/A03_S7/F2
P_A04_S0	adaptive	A04_S0		A04		S0	1740114216	648318690	"2:250000:""gw"""					/eos/user/c/cglenn/FCCWork/whizard/whizard_ttbar_spinpol/production/full6f_365gev_ee_ttbar_spinpol_v1/phase11_diagnostics/excess_weight_rootcause_v1/ttbar_restricted_region_suite_v1/restricted/20260816T230807Z_WT_A15xS8_F012_FCC_np1/adaptive/A04_S0
C_A04_S0_F0	fixed	A04_S0_F0	A04_S0	A04	F0	S0	1740114216	648318690	"2:250000:""gw"""	"3:200000:"""""				/eos/user/c/cglenn/FCCWork/whizard/whizard_ttbar_spinpol/production/full6f_365gev_ee_ttbar_spinpol_v1/phase11_diagnostics/excess_weight_rootcause_v1/ttbar_restricted_region_suite_v1/restricted/20260816T230807Z_WT_A15xS8_F012_FCC_np1/fixed/A04_S0/F0
C_A04_S0_F1	fixed	A04_S0_F1	A04_S0	A04	F1	S0	1740114216	648318690	"2:250000:""gw"""	"1:600000:"""""				/eos/user/c/cglenn/FCCWork/whizard/whizard_ttbar_spinpol/production/full6f_365gev_ee_ttbar_spinpol_v1/phase11_diagnostics/excess_weight_rootcause_v1/ttbar_restricted_region_suite_v1/restricted/20260816T230807Z_WT_A15xS8_F012_FCC_np1/fixed/A04_S0/F1
C_A04_S0_F2	fixed	A04_S0_F2	A04_S0	A04	F2	S0	1740114216	648318690	"2:250000:""gw"""	"1:2000000:"""""				/eos/user/c/cglenn/FCCWork/whizard/whizard_ttbar_spinpol/production/full6f_365gev_ee_ttbar_spinpol_v1/phase11_diagnostics/excess_weight_rootcause_v1/ttbar_restricted_region_suite_v1/restricted/20260816T230807Z_WT_A15xS8_F012_FCC_np1/fixed/A04_S0/F2
P_A04_S1	adaptive	A04_S1		A04		S1	1751949026	1404282457	"2:250000:""gw"""					/eos/user/c/cglenn/FCCWork/whizard/whizard_ttbar_spinpol/production/full6f_365gev_ee_ttbar_spinpol_v1/phase11_diagnostics/excess_weight_rootcause_v1/ttbar_restricted_region_suite_v1/restricted/20260816T230807Z_WT_A15xS8_F012_FCC_np1/adaptive/A04_S1
C_A04_S1_F0	fixed	A04_S1_F0	A04_S1	A04	F0	S1	1751949026	1404282457	"2:250000:""gw"""	"3:200000:"""""				/eos/user/c/cglenn/FCCWork/whizard/whizard_ttbar_spinpol/production/full6f_365gev_ee_ttbar_spinpol_v1/phase11_diagnostics/excess_weight_rootcause_v1/ttbar_restricted_region_suite_v1/restricted/20260816T230807Z_WT_A15xS8_F012_FCC_np1/fixed/A04_S1/F0
C_A04_S1_F1	fixed	A04_S1_F1	A04_S1	A04	F1	S1	1751949026	1404282457	"2:250000:""gw"""	"1:600000:"""""				/eos/user/c/cglenn/FCCWork/whizard/whizard_ttbar_spinpol/production/full6f_365gev_ee_ttbar_spinpol_v1/phase11_diagnostics/excess_weight_rootcause_v1/ttbar_restricted_region_suite_v1/restricted/20260816T230807Z_WT_A15xS8_F012_FCC_np1/fixed/A04_S1/F1
C_A04_S1_F2	fixed	A04_S1_F2	A04_S1	A04	F2	S1	1751949026	1404282457	"2:250000:""gw"""	"1:2000000:"""""				/eos/user/c/cglenn/FCCWork/whizard/whizard_ttbar_spinpol/production/full6f_365gev_ee_ttbar_spinpol_v1/phase11_diagnostics/excess_weight_rootcause_v1/ttbar_restricted_region_suite_v1/restricted/20260816T230807Z_WT_A15xS8_F012_FCC_np1/fixed/A04_S1/F2
P_A04_S2	adaptive	A04_S2		A04		S2	1885084773	1596606550	"2:250000:""gw"""					/eos/user/c/cglenn/FCCWork/whizard/whizard_ttbar_spinpol/production/full6f_365gev_ee_ttbar_spinpol_v1/phase11_diagnostics/excess_weight_rootcause_v1/ttbar_restricted_region_suite_v1/restricted/20260816T230807Z_WT_A15xS8_F012_FCC_np1/adaptive/A04_S2
C_A04_S2_F0	fixed	A04_S2_F0	A04_S2	A04	F0	S2	1885084773	1596606550	"2:250000:""gw"""	"3:200000:"""""				/eos/user/c/cglenn/FCCWork/whizard/whizard_ttbar_spinpol/production/full6f_365gev_ee_ttbar_spinpol_v1/phase11_diagnostics/excess_weight_rootcause_v1/ttbar_restricted_region_suite_v1/restricted/20260816T230807Z_WT_A15xS8_F012_FCC_np1/fixed/A04_S2/F0
C_A04_S2_F1	fixed	A04_S2_F1	A04_S2	A04	F1	S2	1885084773	1596606550	"2:250000:""gw"""	"1:600000:"""""				/eos/user/c/cglenn/FCCWork/whizard/whizard_ttbar_spinpol/production/full6f_365gev_ee_ttbar_spinpol_v1/phase11_diagnostics/excess_weight_rootcause_v1/ttbar_restricted_region_suite_v1/restricted/20260816T230807Z_WT_A15xS8_F012_FCC_np1/fixed/A04_S2/F1
C_A04_S2_F2	fixed	A04_S2_F2	A04_S2	A04	F2	S2	1885084773	1596606550	"2:250000:""gw"""	"1:2000000:"""""				/eos/user/c/cglenn/FCCWork/whizard/whizard_ttbar_spinpol/production/full6f_365gev_ee_ttbar_spinpol_v1/phase11_diagnostics/excess_weight_rootcause_v1/ttbar_restricted_region_suite_v1/restricted/20260816T230807Z_WT_A15xS8_F012_FCC_np1/fixed/A04_S2/F2
P_A04_S3	adaptive	A04_S3		A04		S3	134326786	769890491	"2:250000:""gw"""					/eos/user/c/cglenn/FCCWork/whizard/whizard_ttbar_spinpol/production/full6f_365gev_ee_ttbar_spinpol_v1/phase11_diagnostics/excess_weight_rootcause_v1/ttbar_restricted_region_suite_v1/restricted/20260816T230807Z_WT_A15xS8_F012_FCC_np1/adaptive/A04_S3
C_A04_S3_F0	fixed	A04_S3_F0	A04_S3	A04	F0	S3	134326786	769890491	"2:250000:""gw"""	"3:200000:"""""				/eos/user/c/cglenn/FCCWork/whizard/whizard_ttbar_spinpol/production/full6f_365gev_ee_ttbar_spinpol_v1/phase11_diagnostics/excess_weight_rootcause_v1/ttbar_restricted_region_suite_v1/restricted/20260816T230807Z_WT_A15xS8_F012_FCC_np1/fixed/A04_S3/F0
C_A04_S3_F1	fixed	A04_S3_F1	A04_S3	A04	F1	S3	134326786	769890491	"2:250000:""gw"""	"1:600000:"""""				/eos/user/c/cglenn/FCCWork/whizard/whizard_ttbar_spinpol/production/full6f_365gev_ee_ttbar_spinpol_v1/phase11_diagnostics/excess_weight_rootcause_v1/ttbar_restricted_region_suite_v1/restricted/20260816T230807Z_WT_A15xS8_F012_FCC_np1/fixed/A04_S3/F1
C_A04_S3_F2	fixed	A04_S3_F2	A04_S3	A04	F2	S3	134326786	769890491	"2:250000:""gw"""	"1:2000000:"""""				/eos/user/c/cglenn/FCCWork/whizard/whizard_ttbar_spinpol/production/full6f_365gev_ee_ttbar_spinpol_v1/phase11_diagnostics/excess_weight_rootcause_v1/ttbar_restricted_region_suite_v1/restricted/20260816T230807Z_WT_A15xS8_F012_FCC_np1/fixed/A04_S3/F2
P_A04_S4	adaptive	A04_S4		A04		S4	249371675	462903030	"2:250000:""gw"""					/eos/user/c/cglenn/FCCWork/whizard/whizard_ttbar_spinpol/production/full6f_365gev_ee_ttbar_spinpol_v1/phase11_diagnostics/excess_weight_rootcause_v1/ttbar_restricted_region_suite_v1/restricted/20260816T230807Z_WT_A15xS8_F012_FCC_np1/adaptive/A04_S4
C_A04_S4_F0	fixed	A04_S4_F0	A04_S4	A04	F0	S4	249371675	462903030	"2:250000:""gw"""	"3:200000:"""""				/eos/user/c/cglenn/FCCWork/whizard/whizard_ttbar_spinpol/production/full6f_365gev_ee_ttbar_spinpol_v1/phase11_diagnostics/excess_weight_rootcause_v1/ttbar_restricted_region_suite_v1/restricted/20260816T230807Z_WT_A15xS8_F012_FCC_np1/fixed/A04_S4/F0
C_A04_S4_F1	fixed	A04_S4_F1	A04_S4	A04	F1	S4	249371675	462903030	"2:250000:""gw"""	"1:600000:"""""				/eos/user/c/cglenn/FCCWork/whizard/whizard_ttbar_spinpol/production/full6f_365gev_ee_ttbar_spinpol_v1/phase11_diagnostics/excess_weight_rootcause_v1/ttbar_restricted_region_suite_v1/restricted/20260816T230807Z_WT_A15xS8_F012_FCC_np1/fixed/A04_S4/F1
C_A04_S4_F2	fixed	A04_S4_F2	A04_S4	A04	F2	S4	249371675	462903030	"2:250000:""gw"""	"1:2000000:"""""				/eos/user/c/cglenn/FCCWork/whizard/whizard_ttbar_spinpol/production/full6f_365gev_ee_ttbar_spinpol_v1/phase11_diagnostics/excess_weight_rootcause_v1/ttbar_restricted_region_suite_v1/restricted/20260816T230807Z_WT_A15xS8_F012_FCC_np1/fixed/A04_S4/F2
P_A04_S5	adaptive	A04_S5		A04		S5	531087687	197846737	"2:250000:""gw"""					/eos/user/c/cglenn/FCCWork/whizard/whizard_ttbar_spinpol/production/full6f_365gev_ee_ttbar_spinpol_v1/phase11_diagnostics/excess_weight_rootcause_v1/ttbar_restricted_region_suite_v1/restricted/20260816T230807Z_WT_A15xS8_F012_FCC_np1/adaptive/A04_S5
C_A04_S5_F0	fixed	A04_S5_F0	A04_S5	A04	F0	S5	531087687	197846737	"2:250000:""gw"""	"3:200000:"""""				/eos/user/c/cglenn/FCCWork/whizard/whizard_ttbar_spinpol/production/full6f_365gev_ee_ttbar_spinpol_v1/phase11_diagnostics/excess_weight_rootcause_v1/ttbar_restricted_region_suite_v1/restricted/20260816T230807Z_WT_A15xS8_F012_FCC_np1/fixed/A04_S5/F0
C_A04_S5_F1	fixed	A04_S5_F1	A04_S5	A04	F1	S5	531087687	197846737	"2:250000:""gw"""	"1:600000:"""""				/eos/user/c/cglenn/FCCWork/whizard/whizard_ttbar_spinpol/production/full6f_365gev_ee_ttbar_spinpol_v1/phase11_diagnostics/excess_weight_rootcause_v1/ttbar_restricted_region_suite_v1/restricted/20260816T230807Z_WT_A15xS8_F012_FCC_np1/fixed/A04_S5/F1
C_A04_S5_F2	fixed	A04_S5_F2	A04_S5	A04	F2	S5	531087687	197846737	"2:250000:""gw"""	"1:2000000:"""""				/eos/user/c/cglenn/FCCWork/whizard/whizard_ttbar_spinpol/production/full6f_365gev_ee_ttbar_spinpol_v1/phase11_diagnostics/excess_weight_rootcause_v1/ttbar_restricted_region_suite_v1/restricted/20260816T230807Z_WT_A15xS8_F012_FCC_np1/fixed/A04_S5/F2
P_A04_S6	adaptive	A04_S6		A04		S6	519963689	958460417	"2:250000:""gw"""					/eos/user/c/cglenn/FCCWork/whizard/whizard_ttbar_spinpol/production/full6f_365gev_ee_ttbar_spinpol_v1/phase11_diagnostics/excess_weight_rootcause_v1/ttbar_restricted_region_suite_v1/restricted/20260816T230807Z_WT_A15xS8_F012_FCC_np1/adaptive/A04_S6
C_A04_S6_F0	fixed	A04_S6_F0	A04_S6	A04	F0	S6	519963689	958460417	"2:250000:""gw"""	"3:200000:"""""				/eos/user/c/cglenn/FCCWork/whizard/whizard_ttbar_spinpol/production/full6f_365gev_ee_ttbar_spinpol_v1/phase11_diagnostics/excess_weight_rootcause_v1/ttbar_restricted_region_suite_v1/restricted/20260816T230807Z_WT_A15xS8_F012_FCC_np1/fixed/A04_S6/F0
C_A04_S6_F1	fixed	A04_S6_F1	A04_S6	A04	F1	S6	519963689	958460417	"2:250000:""gw"""	"1:600000:"""""				/eos/user/c/cglenn/FCCWork/whizard/whizard_ttbar_spinpol/production/full6f_365gev_ee_ttbar_spinpol_v1/phase11_diagnostics/excess_weight_rootcause_v1/ttbar_restricted_region_suite_v1/restricted/20260816T230807Z_WT_A15xS8_F012_FCC_np1/fixed/A04_S6/F1
C_A04_S6_F2	fixed	A04_S6_F2	A04_S6	A04	F2	S6	519963689	958460417	"2:250000:""gw"""	"1:2000000:"""""				/eos/user/c/cglenn/FCCWork/whizard/whizard_ttbar_spinpol/production/full6f_365gev_ee_ttbar_spinpol_v1/phase11_diagnostics/excess_weight_rootcause_v1/ttbar_restricted_region_suite_v1/restricted/20260816T230807Z_WT_A15xS8_F012_FCC_np1/fixed/A04_S6/F2
P_A04_S7	adaptive	A04_S7		A04		S7	1552803368	239117595	"2:250000:""gw"""					/eos/user/c/cglenn/FCCWork/whizard/whizard_ttbar_spinpol/production/full6f_365gev_ee_ttbar_spinpol_v1/phase11_diagnostics/excess_weight_rootcause_v1/ttbar_restricted_region_suite_v1/restricted/20260816T230807Z_WT_A15xS8_F012_FCC_np1/adaptive/A04_S7
C_A04_S7_F0	fixed	A04_S7_F0	A04_S7	A04	F0	S7	1552803368	239117595	"2:250000:""gw"""	"3:200000:"""""				/eos/user/c/cglenn/FCCWork/whizard/whizard_ttbar_spinpol/production/full6f_365gev_ee_ttbar_spinpol_v1/phase11_diagnostics/excess_weight_rootcause_v1/ttbar_restricted_region_suite_v1/restricted/20260816T230807Z_WT_A15xS8_F012_FCC_np1/fixed/A04_S7/F0
C_A04_S7_F1	fixed	A04_S7_F1	A04_S7	A04	F1	S7	1552803368	239117595	"2:250000:""gw"""	"1:600000:"""""				/eos/user/c/cglenn/FCCWork/whizard/whizard_ttbar_spinpol/production/full6f_365gev_ee_ttbar_spinpol_v1/phase11_diagnostics/excess_weight_rootcause_v1/ttbar_restricted_region_suite_v1/restricted/20260816T230807Z_WT_A15xS8_F012_FCC_np1/fixed/A04_S7/F1
C_A04_S7_F2	fixed	A04_S7_F2	A04_S7	A04	F2	S7	1552803368	239117595	"2:250000:""gw"""	"1:2000000:"""""				/eos/user/c/cglenn/FCCWork/whizard/whizard_ttbar_spinpol/production/full6f_365gev_ee_ttbar_spinpol_v1/phase11_diagnostics/excess_weight_rootcause_v1/ttbar_restricted_region_suite_v1/restricted/20260816T230807Z_WT_A15xS8_F012_FCC_np1/fixed/A04_S7/F2
P_A05_S0	adaptive	A05_S0		A05		S0	1740114216	648318690	"1:500000:""gw"""					/eos/user/c/cglenn/FCCWork/whizard/whizard_ttbar_spinpol/production/full6f_365gev_ee_ttbar_spinpol_v1/phase11_diagnostics/excess_weight_rootcause_v1/ttbar_restricted_region_suite_v1/restricted/20260816T230807Z_WT_A15xS8_F012_FCC_np1/adaptive/A05_S0
C_A05_S0_F0	fixed	A05_S0_F0	A05_S0	A05	F0	S0	1740114216	648318690	"1:500000:""gw"""	"3:200000:"""""				/eos/user/c/cglenn/FCCWork/whizard/whizard_ttbar_spinpol/production/full6f_365gev_ee_ttbar_spinpol_v1/phase11_diagnostics/excess_weight_rootcause_v1/ttbar_restricted_region_suite_v1/restricted/20260816T230807Z_WT_A15xS8_F012_FCC_np1/fixed/A05_S0/F0
C_A05_S0_F1	fixed	A05_S0_F1	A05_S0	A05	F1	S0	1740114216	648318690	"1:500000:""gw"""	"1:600000:"""""				/eos/user/c/cglenn/FCCWork/whizard/whizard_ttbar_spinpol/production/full6f_365gev_ee_ttbar_spinpol_v1/phase11_diagnostics/excess_weight_rootcause_v1/ttbar_restricted_region_suite_v1/restricted/20260816T230807Z_WT_A15xS8_F012_FCC_np1/fixed/A05_S0/F1
C_A05_S0_F2	fixed	A05_S0_F2	A05_S0	A05	F2	S0	1740114216	648318690	"1:500000:""gw"""	"1:2000000:"""""				/eos/user/c/cglenn/FCCWork/whizard/whizard_ttbar_spinpol/production/full6f_365gev_ee_ttbar_spinpol_v1/phase11_diagnostics/excess_weight_rootcause_v1/ttbar_restricted_region_suite_v1/restricted/20260816T230807Z_WT_A15xS8_F012_FCC_np1/fixed/A05_S0/F2
P_A05_S1	adaptive	A05_S1		A05		S1	1751949026	1404282457	"1:500000:""gw"""					/eos/user/c/cglenn/FCCWork/whizard/whizard_ttbar_spinpol/production/full6f_365gev_ee_ttbar_spinpol_v1/phase11_diagnostics/excess_weight_rootcause_v1/ttbar_restricted_region_suite_v1/restricted/20260816T230807Z_WT_A15xS8_F012_FCC_np1/adaptive/A05_S1
C_A05_S1_F0	fixed	A05_S1_F0	A05_S1	A05	F0	S1	1751949026	1404282457	"1:500000:""gw"""	"3:200000:"""""				/eos/user/c/cglenn/FCCWork/whizard/whizard_ttbar_spinpol/production/full6f_365gev_ee_ttbar_spinpol_v1/phase11_diagnostics/excess_weight_rootcause_v1/ttbar_restricted_region_suite_v1/restricted/20260816T230807Z_WT_A15xS8_F012_FCC_np1/fixed/A05_S1/F0
C_A05_S1_F1	fixed	A05_S1_F1	A05_S1	A05	F1	S1	1751949026	1404282457	"1:500000:""gw"""	"1:600000:"""""				/eos/user/c/cglenn/FCCWork/whizard/whizard_ttbar_spinpol/production/full6f_365gev_ee_ttbar_spinpol_v1/phase11_diagnostics/excess_weight_rootcause_v1/ttbar_restricted_region_suite_v1/restricted/20260816T230807Z_WT_A15xS8_F012_FCC_np1/fixed/A05_S1/F1
C_A05_S1_F2	fixed	A05_S1_F2	A05_S1	A05	F2	S1	1751949026	1404282457	"1:500000:""gw"""	"1:2000000:"""""				/eos/user/c/cglenn/FCCWork/whizard/whizard_ttbar_spinpol/production/full6f_365gev_ee_ttbar_spinpol_v1/phase11_diagnostics/excess_weight_rootcause_v1/ttbar_restricted_region_suite_v1/restricted/20260816T230807Z_WT_A15xS8_F012_FCC_np1/fixed/A05_S1/F2
P_A05_S2	adaptive	A05_S2		A05		S2	1885084773	1596606550	"1:500000:""gw"""					/eos/user/c/cglenn/FCCWork/whizard/whizard_ttbar_spinpol/production/full6f_365gev_ee_ttbar_spinpol_v1/phase11_diagnostics/excess_weight_rootcause_v1/ttbar_restricted_region_suite_v1/restricted/20260816T230807Z_WT_A15xS8_F012_FCC_np1/adaptive/A05_S2
C_A05_S2_F0	fixed	A05_S2_F0	A05_S2	A05	F0	S2	1885084773	1596606550	"1:500000:""gw"""	"3:200000:"""""				/eos/user/c/cglenn/FCCWork/whizard/whizard_ttbar_spinpol/production/full6f_365gev_ee_ttbar_spinpol_v1/phase11_diagnostics/excess_weight_rootcause_v1/ttbar_restricted_region_suite_v1/restricted/20260816T230807Z_WT_A15xS8_F012_FCC_np1/fixed/A05_S2/F0
C_A05_S2_F1	fixed	A05_S2_F1	A05_S2	A05	F1	S2	1885084773	1596606550	"1:500000:""gw"""	"1:600000:"""""				/eos/user/c/cglenn/FCCWork/whizard/whizard_ttbar_spinpol/production/full6f_365gev_ee_ttbar_spinpol_v1/phase11_diagnostics/excess_weight_rootcause_v1/ttbar_restricted_region_suite_v1/restricted/20260816T230807Z_WT_A15xS8_F012_FCC_np1/fixed/A05_S2/F1
C_A05_S2_F2	fixed	A05_S2_F2	A05_S2	A05	F2	S2	1885084773	1596606550	"1:500000:""gw"""	"1:2000000:"""""				/eos/user/c/cglenn/FCCWork/whizard/whizard_ttbar_spinpol/production/full6f_365gev_ee_ttbar_spinpol_v1/phase11_diagnostics/excess_weight_rootcause_v1/ttbar_restricted_region_suite_v1/restricted/20260816T230807Z_WT_A15xS8_F012_FCC_np1/fixed/A05_S2/F2
P_A05_S3	adaptive	A05_S3		A05		S3	134326786	769890491	"1:500000:""gw"""					/eos/user/c/cglenn/FCCWork/whizard/whizard_ttbar_spinpol/production/full6f_365gev_ee_ttbar_spinpol_v1/phase11_diagnostics/excess_weight_rootcause_v1/ttbar_restricted_region_suite_v1/restricted/20260816T230807Z_WT_A15xS8_F012_FCC_np1/adaptive/A05_S3
C_A05_S3_F0	fixed	A05_S3_F0	A05_S3	A05	F0	S3	134326786	769890491	"1:500000:""gw"""	"3:200000:"""""				/eos/user/c/cglenn/FCCWork/whizard/whizard_ttbar_spinpol/production/full6f_365gev_ee_ttbar_spinpol_v1/phase11_diagnostics/excess_weight_rootcause_v1/ttbar_restricted_region_suite_v1/restricted/20260816T230807Z_WT_A15xS8_F012_FCC_np1/fixed/A05_S3/F0
C_A05_S3_F1	fixed	A05_S3_F1	A05_S3	A05	F1	S3	134326786	769890491	"1:500000:""gw"""	"1:600000:"""""				/eos/user/c/cglenn/FCCWork/whizard/whizard_ttbar_spinpol/production/full6f_365gev_ee_ttbar_spinpol_v1/phase11_diagnostics/excess_weight_rootcause_v1/ttbar_restricted_region_suite_v1/restricted/20260816T230807Z_WT_A15xS8_F012_FCC_np1/fixed/A05_S3/F1
C_A05_S3_F2	fixed	A05_S3_F2	A05_S3	A05	F2	S3	134326786	769890491	"1:500000:""gw"""	"1:2000000:"""""				/eos/user/c/cglenn/FCCWork/whizard/whizard_ttbar_spinpol/production/full6f_365gev_ee_ttbar_spinpol_v1/phase11_diagnostics/excess_weight_rootcause_v1/ttbar_restricted_region_suite_v1/restricted/20260816T230807Z_WT_A15xS8_F012_FCC_np1/fixed/A05_S3/F2
P_A05_S4	adaptive	A05_S4		A05		S4	249371675	462903030	"1:500000:""gw"""					/eos/user/c/cglenn/FCCWork/whizard/whizard_ttbar_spinpol/production/full6f_365gev_ee_ttbar_spinpol_v1/phase11_diagnostics/excess_weight_rootcause_v1/ttbar_restricted_region_suite_v1/restricted/20260816T230807Z_WT_A15xS8_F012_FCC_np1/adaptive/A05_S4
C_A05_S4_F0	fixed	A05_S4_F0	A05_S4	A05	F0	S4	249371675	462903030	"1:500000:""gw"""	"3:200000:"""""				/eos/user/c/cglenn/FCCWork/whizard/whizard_ttbar_spinpol/production/full6f_365gev_ee_ttbar_spinpol_v1/phase11_diagnostics/excess_weight_rootcause_v1/ttbar_restricted_region_suite_v1/restricted/20260816T230807Z_WT_A15xS8_F012_FCC_np1/fixed/A05_S4/F0
C_A05_S4_F1	fixed	A05_S4_F1	A05_S4	A05	F1	S4	249371675	462903030	"1:500000:""gw"""	"1:600000:"""""				/eos/user/c/cglenn/FCCWork/whizard/whizard_ttbar_spinpol/production/full6f_365gev_ee_ttbar_spinpol_v1/phase11_diagnostics/excess_weight_rootcause_v1/ttbar_restricted_region_suite_v1/restricted/20260816T230807Z_WT_A15xS8_F012_FCC_np1/fixed/A05_S4/F1
C_A05_S4_F2	fixed	A05_S4_F2	A05_S4	A05	F2	S4	249371675	462903030	"1:500000:""gw"""	"1:2000000:"""""				/eos/user/c/cglenn/FCCWork/whizard/whizard_ttbar_spinpol/production/full6f_365gev_ee_ttbar_spinpol_v1/phase11_diagnostics/excess_weight_rootcause_v1/ttbar_restricted_region_suite_v1/restricted/20260816T230807Z_WT_A15xS8_F012_FCC_np1/fixed/A05_S4/F2
P_A05_S5	adaptive	A05_S5		A05		S5	531087687	197846737	"1:500000:""gw"""					/eos/user/c/cglenn/FCCWork/whizard/whizard_ttbar_spinpol/production/full6f_365gev_ee_ttbar_spinpol_v1/phase11_diagnostics/excess_weight_rootcause_v1/ttbar_restricted_region_suite_v1/restricted/20260816T230807Z_WT_A15xS8_F012_FCC_np1/adaptive/A05_S5
C_A05_S5_F0	fixed	A05_S5_F0	A05_S5	A05	F0	S5	531087687	197846737	"1:500000:""gw"""	"3:200000:"""""				/eos/user/c/cglenn/FCCWork/whizard/whizard_ttbar_spinpol/production/full6f_365gev_ee_ttbar_spinpol_v1/phase11_diagnostics/excess_weight_rootcause_v1/ttbar_restricted_region_suite_v1/restricted/20260816T230807Z_WT_A15xS8_F012_FCC_np1/fixed/A05_S5/F0
C_A05_S5_F1	fixed	A05_S5_F1	A05_S5	A05	F1	S5	531087687	197846737	"1:500000:""gw"""	"1:600000:"""""				/eos/user/c/cglenn/FCCWork/whizard/whizard_ttbar_spinpol/production/full6f_365gev_ee_ttbar_spinpol_v1/phase11_diagnostics/excess_weight_rootcause_v1/ttbar_restricted_region_suite_v1/restricted/20260816T230807Z_WT_A15xS8_F012_FCC_np1/fixed/A05_S5/F1
C_A05_S5_F2	fixed	A05_S5_F2	A05_S5	A05	F2	S5	531087687	197846737	"1:500000:""gw"""	"1:2000000:"""""				/eos/user/c/cglenn/FCCWork/whizard/whizard_ttbar_spinpol/production/full6f_365gev_ee_ttbar_spinpol_v1/phase11_diagnostics/excess_weight_rootcause_v1/ttbar_restricted_region_suite_v1/restricted/20260816T230807Z_WT_A15xS8_F012_FCC_np1/fixed/A05_S5/F2
P_A05_S6	adaptive	A05_S6		A05		S6	519963689	958460417	"1:500000:""gw"""					/eos/user/c/cglenn/FCCWork/whizard/whizard_ttbar_spinpol/production/full6f_365gev_ee_ttbar_spinpol_v1/phase11_diagnostics/excess_weight_rootcause_v1/ttbar_restricted_region_suite_v1/restricted/20260816T230807Z_WT_A15xS8_F012_FCC_np1/adaptive/A05_S6
C_A05_S6_F0	fixed	A05_S6_F0	A05_S6	A05	F0	S6	519963689	958460417	"1:500000:""gw"""	"3:200000:"""""				/eos/user/c/cglenn/FCCWork/whizard/whizard_ttbar_spinpol/production/full6f_365gev_ee_ttbar_spinpol_v1/phase11_diagnostics/excess_weight_rootcause_v1/ttbar_restricted_region_suite_v1/restricted/20260816T230807Z_WT_A15xS8_F012_FCC_np1/fixed/A05_S6/F0
C_A05_S6_F1	fixed	A05_S6_F1	A05_S6	A05	F1	S6	519963689	958460417	"1:500000:""gw"""	"1:600000:"""""				/eos/user/c/cglenn/FCCWork/whizard/whizard_ttbar_spinpol/production/full6f_365gev_ee_ttbar_spinpol_v1/phase11_diagnostics/excess_weight_rootcause_v1/ttbar_restricted_region_suite_v1/restricted/20260816T230807Z_WT_A15xS8_F012_FCC_np1/fixed/A05_S6/F1
C_A05_S6_F2	fixed	A05_S6_F2	A05_S6	A05	F2	S6	519963689	958460417	"1:500000:""gw"""	"1:2000000:"""""				/eos/user/c/cglenn/FCCWork/whizard/whizard_ttbar_spinpol/production/full6f_365gev_ee_ttbar_spinpol_v1/phase11_diagnostics/excess_weight_rootcause_v1/ttbar_restricted_region_suite_v1/restricted/20260816T230807Z_WT_A15xS8_F012_FCC_np1/fixed/A05_S6/F2
P_A05_S7	adaptive	A05_S7		A05		S7	1552803368	239117595	"1:500000:""gw"""					/eos/user/c/cglenn/FCCWork/whizard/whizard_ttbar_spinpol/production/full6f_365gev_ee_ttbar_spinpol_v1/phase11_diagnostics/excess_weight_rootcause_v1/ttbar_restricted_region_suite_v1/restricted/20260816T230807Z_WT_A15xS8_F012_FCC_np1/adaptive/A05_S7
C_A05_S7_F0	fixed	A05_S7_F0	A05_S7	A05	F0	S7	1552803368	239117595	"1:500000:""gw"""	"3:200000:"""""				/eos/user/c/cglenn/FCCWork/whizard/whizard_ttbar_spinpol/production/full6f_365gev_ee_ttbar_spinpol_v1/phase11_diagnostics/excess_weight_rootcause_v1/ttbar_restricted_region_suite_v1/restricted/20260816T230807Z_WT_A15xS8_F012_FCC_np1/fixed/A05_S7/F0
C_A05_S7_F1	fixed	A05_S7_F1	A05_S7	A05	F1	S7	1552803368	239117595	"1:500000:""gw"""	"1:600000:"""""				/eos/user/c/cglenn/FCCWork/whizard/whizard_ttbar_spinpol/production/full6f_365gev_ee_ttbar_spinpol_v1/phase11_diagnostics/excess_weight_rootcause_v1/ttbar_restricted_region_suite_v1/restricted/20260816T230807Z_WT_A15xS8_F012_FCC_np1/fixed/A05_S7/F1
C_A05_S7_F2	fixed	A05_S7_F2	A05_S7	A05	F2	S7	1552803368	239117595	"1:500000:""gw"""	"1:2000000:"""""				/eos/user/c/cglenn/FCCWork/whizard/whizard_ttbar_spinpol/production/full6f_365gev_ee_ttbar_spinpol_v1/phase11_diagnostics/excess_weight_rootcause_v1/ttbar_restricted_region_suite_v1/restricted/20260816T230807Z_WT_A15xS8_F012_FCC_np1/fixed/A05_S7/F2
P_A06_S0	adaptive	A06_S0		A06		S0	1740114216	648318690	"1:100000:""gw"",1:200000:""gw"",1:400000:""gw"""					/eos/user/c/cglenn/FCCWork/whizard/whizard_ttbar_spinpol/production/full6f_365gev_ee_ttbar_spinpol_v1/phase11_diagnostics/excess_weight_rootcause_v1/ttbar_restricted_region_suite_v1/restricted/20260816T230807Z_WT_A15xS8_F012_FCC_np1/adaptive/A06_S0
C_A06_S0_F0	fixed	A06_S0_F0	A06_S0	A06	F0	S0	1740114216	648318690	"1:100000:""gw"",1:200000:""gw"",1:400000:""gw"""	"3:200000:"""""				/eos/user/c/cglenn/FCCWork/whizard/whizard_ttbar_spinpol/production/full6f_365gev_ee_ttbar_spinpol_v1/phase11_diagnostics/excess_weight_rootcause_v1/ttbar_restricted_region_suite_v1/restricted/20260816T230807Z_WT_A15xS8_F012_FCC_np1/fixed/A06_S0/F0
C_A06_S0_F1	fixed	A06_S0_F1	A06_S0	A06	F1	S0	1740114216	648318690	"1:100000:""gw"",1:200000:""gw"",1:400000:""gw"""	"1:600000:"""""				/eos/user/c/cglenn/FCCWork/whizard/whizard_ttbar_spinpol/production/full6f_365gev_ee_ttbar_spinpol_v1/phase11_diagnostics/excess_weight_rootcause_v1/ttbar_restricted_region_suite_v1/restricted/20260816T230807Z_WT_A15xS8_F012_FCC_np1/fixed/A06_S0/F1
C_A06_S0_F2	fixed	A06_S0_F2	A06_S0	A06	F2	S0	1740114216	648318690	"1:100000:""gw"",1:200000:""gw"",1:400000:""gw"""	"1:2000000:"""""				/eos/user/c/cglenn/FCCWork/whizard/whizard_ttbar_spinpol/production/full6f_365gev_ee_ttbar_spinpol_v1/phase11_diagnostics/excess_weight_rootcause_v1/ttbar_restricted_region_suite_v1/restricted/20260816T230807Z_WT_A15xS8_F012_FCC_np1/fixed/A06_S0/F2
P_A06_S1	adaptive	A06_S1		A06		S1	1751949026	1404282457	"1:100000:""gw"",1:200000:""gw"",1:400000:""gw"""					/eos/user/c/cglenn/FCCWork/whizard/whizard_ttbar_spinpol/production/full6f_365gev_ee_ttbar_spinpol_v1/phase11_diagnostics/excess_weight_rootcause_v1/ttbar_restricted_region_suite_v1/restricted/20260816T230807Z_WT_A15xS8_F012_FCC_np1/adaptive/A06_S1
C_A06_S1_F0	fixed	A06_S1_F0	A06_S1	A06	F0	S1	1751949026	1404282457	"1:100000:""gw"",1:200000:""gw"",1:400000:""gw"""	"3:200000:"""""				/eos/user/c/cglenn/FCCWork/whizard/whizard_ttbar_spinpol/production/full6f_365gev_ee_ttbar_spinpol_v1/phase11_diagnostics/excess_weight_rootcause_v1/ttbar_restricted_region_suite_v1/restricted/20260816T230807Z_WT_A15xS8_F012_FCC_np1/fixed/A06_S1/F0
C_A06_S1_F1	fixed	A06_S1_F1	A06_S1	A06	F1	S1	1751949026	1404282457	"1:100000:""gw"",1:200000:""gw"",1:400000:""gw"""	"1:600000:"""""				/eos/user/c/cglenn/FCCWork/whizard/whizard_ttbar_spinpol/production/full6f_365gev_ee_ttbar_spinpol_v1/phase11_diagnostics/excess_weight_rootcause_v1/ttbar_restricted_region_suite_v1/restricted/20260816T230807Z_WT_A15xS8_F012_FCC_np1/fixed/A06_S1/F1
C_A06_S1_F2	fixed	A06_S1_F2	A06_S1	A06	F2	S1	1751949026	1404282457	"1:100000:""gw"",1:200000:""gw"",1:400000:""gw"""	"1:2000000:"""""				/eos/user/c/cglenn/FCCWork/whizard/whizard_ttbar_spinpol/production/full6f_365gev_ee_ttbar_spinpol_v1/phase11_diagnostics/excess_weight_rootcause_v1/ttbar_restricted_region_suite_v1/restricted/20260816T230807Z_WT_A15xS8_F012_FCC_np1/fixed/A06_S1/F2
P_A06_S2	adaptive	A06_S2		A06		S2	1885084773	1596606550	"1:100000:""gw"",1:200000:""gw"",1:400000:""gw"""					/eos/user/c/cglenn/FCCWork/whizard/whizard_ttbar_spinpol/production/full6f_365gev_ee_ttbar_spinpol_v1/phase11_diagnostics/excess_weight_rootcause_v1/ttbar_restricted_region_suite_v1/restricted/20260816T230807Z_WT_A15xS8_F012_FCC_np1/adaptive/A06_S2
C_A06_S2_F0	fixed	A06_S2_F0	A06_S2	A06	F0	S2	1885084773	1596606550	"1:100000:""gw"",1:200000:""gw"",1:400000:""gw"""	"3:200000:"""""				/eos/user/c/cglenn/FCCWork/whizard/whizard_ttbar_spinpol/production/full6f_365gev_ee_ttbar_spinpol_v1/phase11_diagnostics/excess_weight_rootcause_v1/ttbar_restricted_region_suite_v1/restricted/20260816T230807Z_WT_A15xS8_F012_FCC_np1/fixed/A06_S2/F0
C_A06_S2_F1	fixed	A06_S2_F1	A06_S2	A06	F1	S2	1885084773	1596606550	"1:100000:""gw"",1:200000:""gw"",1:400000:""gw"""	"1:600000:"""""				/eos/user/c/cglenn/FCCWork/whizard/whizard_ttbar_spinpol/production/full6f_365gev_ee_ttbar_spinpol_v1/phase11_diagnostics/excess_weight_rootcause_v1/ttbar_restricted_region_suite_v1/restricted/20260816T230807Z_WT_A15xS8_F012_FCC_np1/fixed/A06_S2/F1
C_A06_S2_F2	fixed	A06_S2_F2	A06_S2	A06	F2	S2	1885084773	1596606550	"1:100000:""gw"",1:200000:""gw"",1:400000:""gw"""	"1:2000000:"""""				/eos/user/c/cglenn/FCCWork/whizard/whizard_ttbar_spinpol/production/full6f_365gev_ee_ttbar_spinpol_v1/phase11_diagnostics/excess_weight_rootcause_v1/ttbar_restricted_region_suite_v1/restricted/20260816T230807Z_WT_A15xS8_F012_FCC_np1/fixed/A06_S2/F2
P_A06_S3	adaptive	A06_S3		A06		S3	134326786	769890491	"1:100000:""gw"",1:200000:""gw"",1:400000:""gw"""					/eos/user/c/cglenn/FCCWork/whizard/whizard_ttbar_spinpol/production/full6f_365gev_ee_ttbar_spinpol_v1/phase11_diagnostics/excess_weight_rootcause_v1/ttbar_restricted_region_suite_v1/restricted/20260816T230807Z_WT_A15xS8_F012_FCC_np1/adaptive/A06_S3
C_A06_S3_F0	fixed	A06_S3_F0	A06_S3	A06	F0	S3	134326786	769890491	"1:100000:""gw"",1:200000:""gw"",1:400000:""gw"""	"3:200000:"""""				/eos/user/c/cglenn/FCCWork/whizard/whizard_ttbar_spinpol/production/full6f_365gev_ee_ttbar_spinpol_v1/phase11_diagnostics/excess_weight_rootcause_v1/ttbar_restricted_region_suite_v1/restricted/20260816T230807Z_WT_A15xS8_F012_FCC_np1/fixed/A06_S3/F0
C_A06_S3_F1	fixed	A06_S3_F1	A06_S3	A06	F1	S3	134326786	769890491	"1:100000:""gw"",1:200000:""gw"",1:400000:""gw"""	"1:600000:"""""				/eos/user/c/cglenn/FCCWork/whizard/whizard_ttbar_spinpol/production/full6f_365gev_ee_ttbar_spinpol_v1/phase11_diagnostics/excess_weight_rootcause_v1/ttbar_restricted_region_suite_v1/restricted/20260816T230807Z_WT_A15xS8_F012_FCC_np1/fixed/A06_S3/F1
C_A06_S3_F2	fixed	A06_S3_F2	A06_S3	A06	F2	S3	134326786	769890491	"1:100000:""gw"",1:200000:""gw"",1:400000:""gw"""	"1:2000000:"""""				/eos/user/c/cglenn/FCCWork/whizard/whizard_ttbar_spinpol/production/full6f_365gev_ee_ttbar_spinpol_v1/phase11_diagnostics/excess_weight_rootcause_v1/ttbar_restricted_region_suite_v1/restricted/20260816T230807Z_WT_A15xS8_F012_FCC_np1/fixed/A06_S3/F2
P_A06_S4	adaptive	A06_S4		A06		S4	249371675	462903030	"1:100000:""gw"",1:200000:""gw"",1:400000:""gw"""					/eos/user/c/cglenn/FCCWork/whizard/whizard_ttbar_spinpol/production/full6f_365gev_ee_ttbar_spinpol_v1/phase11_diagnostics/excess_weight_rootcause_v1/ttbar_restricted_region_suite_v1/restricted/20260816T230807Z_WT_A15xS8_F012_FCC_np1/adaptive/A06_S4
C_A06_S4_F0	fixed	A06_S4_F0	A06_S4	A06	F0	S4	249371675	462903030	"1:100000:""gw"",1:200000:""gw"",1:400000:""gw"""	"3:200000:"""""				/eos/user/c/cglenn/FCCWork/whizard/whizard_ttbar_spinpol/production/full6f_365gev_ee_ttbar_spinpol_v1/phase11_diagnostics/excess_weight_rootcause_v1/ttbar_restricted_region_suite_v1/restricted/20260816T230807Z_WT_A15xS8_F012_FCC_np1/fixed/A06_S4/F0
C_A06_S4_F1	fixed	A06_S4_F1	A06_S4	A06	F1	S4	249371675	462903030	"1:100000:""gw"",1:200000:""gw"",1:400000:""gw"""	"1:600000:"""""				/eos/user/c/cglenn/FCCWork/whizard/whizard_ttbar_spinpol/production/full6f_365gev_ee_ttbar_spinpol_v1/phase11_diagnostics/excess_weight_rootcause_v1/ttbar_restricted_region_suite_v1/restricted/20260816T230807Z_WT_A15xS8_F012_FCC_np1/fixed/A06_S4/F1
C_A06_S4_F2	fixed	A06_S4_F2	A06_S4	A06	F2	S4	249371675	462903030	"1:100000:""gw"",1:200000:""gw"",1:400000:""gw"""	"1:2000000:"""""				/eos/user/c/cglenn/FCCWork/whizard/whizard_ttbar_spinpol/production/full6f_365gev_ee_ttbar_spinpol_v1/phase11_diagnostics/excess_weight_rootcause_v1/ttbar_restricted_region_suite_v1/restricted/20260816T230807Z_WT_A15xS8_F012_FCC_np1/fixed/A06_S4/F2
P_A06_S5	adaptive	A06_S5		A06		S5	531087687	197846737	"1:100000:""gw"",1:200000:""gw"",1:400000:""gw"""					/eos/user/c/cglenn/FCCWork/whizard/whizard_ttbar_spinpol/production/full6f_365gev_ee_ttbar_spinpol_v1/phase11_diagnostics/excess_weight_rootcause_v1/ttbar_restricted_region_suite_v1/restricted/20260816T230807Z_WT_A15xS8_F012_FCC_np1/adaptive/A06_S5
C_A06_S5_F0	fixed	A06_S5_F0	A06_S5	A06	F0	S5	531087687	197846737	"1:100000:""gw"",1:200000:""gw"",1:400000:""gw"""	"3:200000:"""""				/eos/user/c/cglenn/FCCWork/whizard/whizard_ttbar_spinpol/production/full6f_365gev_ee_ttbar_spinpol_v1/phase11_diagnostics/excess_weight_rootcause_v1/ttbar_restricted_region_suite_v1/restricted/20260816T230807Z_WT_A15xS8_F012_FCC_np1/fixed/A06_S5/F0
C_A06_S5_F1	fixed	A06_S5_F1	A06_S5	A06	F1	S5	531087687	197846737	"1:100000:""gw"",1:200000:""gw"",1:400000:""gw"""	"1:600000:"""""				/eos/user/c/cglenn/FCCWork/whizard/whizard_ttbar_spinpol/production/full6f_365gev_ee_ttbar_spinpol_v1/phase11_diagnostics/excess_weight_rootcause_v1/ttbar_restricted_region_suite_v1/restricted/20260816T230807Z_WT_A15xS8_F012_FCC_np1/fixed/A06_S5/F1
C_A06_S5_F2	fixed	A06_S5_F2	A06_S5	A06	F2	S5	531087687	197846737	"1:100000:""gw"",1:200000:""gw"",1:400000:""gw"""	"1:2000000:"""""				/eos/user/c/cglenn/FCCWork/whizard/whizard_ttbar_spinpol/production/full6f_365gev_ee_ttbar_spinpol_v1/phase11_diagnostics/excess_weight_rootcause_v1/ttbar_restricted_region_suite_v1/restricted/20260816T230807Z_WT_A15xS8_F012_FCC_np1/fixed/A06_S5/F2
P_A06_S6	adaptive	A06_S6		A06		S6	519963689	958460417	"1:100000:""gw"",1:200000:""gw"",1:400000:""gw"""					/eos/user/c/cglenn/FCCWork/whizard/whizard_ttbar_spinpol/production/full6f_365gev_ee_ttbar_spinpol_v1/phase11_diagnostics/excess_weight_rootcause_v1/ttbar_restricted_region_suite_v1/restricted/20260816T230807Z_WT_A15xS8_F012_FCC_np1/adaptive/A06_S6
C_A06_S6_F0	fixed	A06_S6_F0	A06_S6	A06	F0	S6	519963689	958460417	"1:100000:""gw"",1:200000:""gw"",1:400000:""gw"""	"3:200000:"""""				/eos/user/c/cglenn/FCCWork/whizard/whizard_ttbar_spinpol/production/full6f_365gev_ee_ttbar_spinpol_v1/phase11_diagnostics/excess_weight_rootcause_v1/ttbar_restricted_region_suite_v1/restricted/20260816T230807Z_WT_A15xS8_F012_FCC_np1/fixed/A06_S6/F0
C_A06_S6_F1	fixed	A06_S6_F1	A06_S6	A06	F1	S6	519963689	958460417	"1:100000:""gw"",1:200000:""gw"",1:400000:""gw"""	"1:600000:"""""				/eos/user/c/cglenn/FCCWork/whizard/whizard_ttbar_spinpol/production/full6f_365gev_ee_ttbar_spinpol_v1/phase11_diagnostics/excess_weight_rootcause_v1/ttbar_restricted_region_suite_v1/restricted/20260816T230807Z_WT_A15xS8_F012_FCC_np1/fixed/A06_S6/F1
C_A06_S6_F2	fixed	A06_S6_F2	A06_S6	A06	F2	S6	519963689	958460417	"1:100000:""gw"",1:200000:""gw"",1:400000:""gw"""	"1:2000000:"""""				/eos/user/c/cglenn/FCCWork/whizard/whizard_ttbar_spinpol/production/full6f_365gev_ee_ttbar_spinpol_v1/phase11_diagnostics/excess_weight_rootcause_v1/ttbar_restricted_region_suite_v1/restricted/20260816T230807Z_WT_A15xS8_F012_FCC_np1/fixed/A06_S6/F2
P_A06_S7	adaptive	A06_S7		A06		S7	1552803368	239117595	"1:100000:""gw"",1:200000:""gw"",1:400000:""gw"""					/eos/user/c/cglenn/FCCWork/whizard/whizard_ttbar_spinpol/production/full6f_365gev_ee_ttbar_spinpol_v1/phase11_diagnostics/excess_weight_rootcause_v1/ttbar_restricted_region_suite_v1/restricted/20260816T230807Z_WT_A15xS8_F012_FCC_np1/adaptive/A06_S7
C_A06_S7_F0	fixed	A06_S7_F0	A06_S7	A06	F0	S7	1552803368	239117595	"1:100000:""gw"",1:200000:""gw"",1:400000:""gw"""	"3:200000:"""""				/eos/user/c/cglenn/FCCWork/whizard/whizard_ttbar_spinpol/production/full6f_365gev_ee_ttbar_spinpol_v1/phase11_diagnostics/excess_weight_rootcause_v1/ttbar_restricted_region_suite_v1/restricted/20260816T230807Z_WT_A15xS8_F012_FCC_np1/fixed/A06_S7/F0
C_A06_S7_F1	fixed	A06_S7_F1	A06_S7	A06	F1	S7	1552803368	239117595	"1:100000:""gw"",1:200000:""gw"",1:400000:""gw"""	"1:600000:"""""				/eos/user/c/cglenn/FCCWork/whizard/whizard_ttbar_spinpol/production/full6f_365gev_ee_ttbar_spinpol_v1/phase11_diagnostics/excess_weight_rootcause_v1/ttbar_restricted_region_suite_v1/restricted/20260816T230807Z_WT_A15xS8_F012_FCC_np1/fixed/A06_S7/F1
C_A06_S7_F2	fixed	A06_S7_F2	A06_S7	A06	F2	S7	1552803368	239117595	"1:100000:""gw"",1:200000:""gw"",1:400000:""gw"""	"1:2000000:"""""				/eos/user/c/cglenn/FCCWork/whizard/whizard_ttbar_spinpol/production/full6f_365gev_ee_ttbar_spinpol_v1/phase11_diagnostics/excess_weight_rootcause_v1/ttbar_restricted_region_suite_v1/restricted/20260816T230807Z_WT_A15xS8_F012_FCC_np1/fixed/A06_S7/F2
P_A07_S0	adaptive	A07_S0		A07		S0	1740114216	648318690	"10:100000:""gw"""					/eos/user/c/cglenn/FCCWork/whizard/whizard_ttbar_spinpol/production/full6f_365gev_ee_ttbar_spinpol_v1/phase11_diagnostics/excess_weight_rootcause_v1/ttbar_restricted_region_suite_v1/restricted/20260816T230807Z_WT_A15xS8_F012_FCC_np1/adaptive/A07_S0
C_A07_S0_F0	fixed	A07_S0_F0	A07_S0	A07	F0	S0	1740114216	648318690	"10:100000:""gw"""	"3:200000:"""""				/eos/user/c/cglenn/FCCWork/whizard/whizard_ttbar_spinpol/production/full6f_365gev_ee_ttbar_spinpol_v1/phase11_diagnostics/excess_weight_rootcause_v1/ttbar_restricted_region_suite_v1/restricted/20260816T230807Z_WT_A15xS8_F012_FCC_np1/fixed/A07_S0/F0
C_A07_S0_F1	fixed	A07_S0_F1	A07_S0	A07	F1	S0	1740114216	648318690	"10:100000:""gw"""	"1:600000:"""""				/eos/user/c/cglenn/FCCWork/whizard/whizard_ttbar_spinpol/production/full6f_365gev_ee_ttbar_spinpol_v1/phase11_diagnostics/excess_weight_rootcause_v1/ttbar_restricted_region_suite_v1/restricted/20260816T230807Z_WT_A15xS8_F012_FCC_np1/fixed/A07_S0/F1
C_A07_S0_F2	fixed	A07_S0_F2	A07_S0	A07	F2	S0	1740114216	648318690	"10:100000:""gw"""	"1:2000000:"""""				/eos/user/c/cglenn/FCCWork/whizard/whizard_ttbar_spinpol/production/full6f_365gev_ee_ttbar_spinpol_v1/phase11_diagnostics/excess_weight_rootcause_v1/ttbar_restricted_region_suite_v1/restricted/20260816T230807Z_WT_A15xS8_F012_FCC_np1/fixed/A07_S0/F2
C_A07_S0_F3	fixed	A07_S0_F3	A07_S0	A07	F3	S0	1740114216	648318690	"10:100000:""gw"""	"10:200000:"""""				/eos/user/c/cglenn/FCCWork/whizard/whizard_ttbar_spinpol/production/full6f_365gev_ee_ttbar_spinpol_v1/phase11_diagnostics/excess_weight_rootcause_v1/ttbar_restricted_region_suite_v1/restricted/20260816T230807Z_WT_A15xS8_F012_FCC_np1/fixed/A07_S0/F3
P_A07_S1	adaptive	A07_S1		A07		S1	1751949026	1404282457	"10:100000:""gw"""					/eos/user/c/cglenn/FCCWork/whizard/whizard_ttbar_spinpol/production/full6f_365gev_ee_ttbar_spinpol_v1/phase11_diagnostics/excess_weight_rootcause_v1/ttbar_restricted_region_suite_v1/restricted/20260816T230807Z_WT_A15xS8_F012_FCC_np1/adaptive/A07_S1
C_A07_S1_F0	fixed	A07_S1_F0	A07_S1	A07	F0	S1	1751949026	1404282457	"10:100000:""gw"""	"3:200000:"""""				/eos/user/c/cglenn/FCCWork/whizard/whizard_ttbar_spinpol/production/full6f_365gev_ee_ttbar_spinpol_v1/phase11_diagnostics/excess_weight_rootcause_v1/ttbar_restricted_region_suite_v1/restricted/20260816T230807Z_WT_A15xS8_F012_FCC_np1/fixed/A07_S1/F0
C_A07_S1_F1	fixed	A07_S1_F1	A07_S1	A07	F1	S1	1751949026	1404282457	"10:100000:""gw"""	"1:600000:"""""				/eos/user/c/cglenn/FCCWork/whizard/whizard_ttbar_spinpol/production/full6f_365gev_ee_ttbar_spinpol_v1/phase11_diagnostics/excess_weight_rootcause_v1/ttbar_restricted_region_suite_v1/restricted/20260816T230807Z_WT_A15xS8_F012_FCC_np1/fixed/A07_S1/F1
C_A07_S1_F2	fixed	A07_S1_F2	A07_S1	A07	F2	S1	1751949026	1404282457	"10:100000:""gw"""	"1:2000000:"""""				/eos/user/c/cglenn/FCCWork/whizard/whizard_ttbar_spinpol/production/full6f_365gev_ee_ttbar_spinpol_v1/phase11_diagnostics/excess_weight_rootcause_v1/ttbar_restricted_region_suite_v1/restricted/20260816T230807Z_WT_A15xS8_F012_FCC_np1/fixed/A07_S1/F2
C_A07_S1_F3	fixed	A07_S1_F3	A07_S1	A07	F3	S1	1751949026	1404282457	"10:100000:""gw"""	"10:200000:"""""				/eos/user/c/cglenn/FCCWork/whizard/whizard_ttbar_spinpol/production/full6f_365gev_ee_ttbar_spinpol_v1/phase11_diagnostics/excess_weight_rootcause_v1/ttbar_restricted_region_suite_v1/restricted/20260816T230807Z_WT_A15xS8_F012_FCC_np1/fixed/A07_S1/F3
P_A07_S2	adaptive	A07_S2		A07		S2	1885084773	1596606550	"10:100000:""gw"""					/eos/user/c/cglenn/FCCWork/whizard/whizard_ttbar_spinpol/production/full6f_365gev_ee_ttbar_spinpol_v1/phase11_diagnostics/excess_weight_rootcause_v1/ttbar_restricted_region_suite_v1/restricted/20260816T230807Z_WT_A15xS8_F012_FCC_np1/adaptive/A07_S2
C_A07_S2_F0	fixed	A07_S2_F0	A07_S2	A07	F0	S2	1885084773	1596606550	"10:100000:""gw"""	"3:200000:"""""				/eos/user/c/cglenn/FCCWork/whizard/whizard_ttbar_spinpol/production/full6f_365gev_ee_ttbar_spinpol_v1/phase11_diagnostics/excess_weight_rootcause_v1/ttbar_restricted_region_suite_v1/restricted/20260816T230807Z_WT_A15xS8_F012_FCC_np1/fixed/A07_S2/F0
C_A07_S2_F1	fixed	A07_S2_F1	A07_S2	A07	F1	S2	1885084773	1596606550	"10:100000:""gw"""	"1:600000:"""""				/eos/user/c/cglenn/FCCWork/whizard/whizard_ttbar_spinpol/production/full6f_365gev_ee_ttbar_spinpol_v1/phase11_diagnostics/excess_weight_rootcause_v1/ttbar_restricted_region_suite_v1/restricted/20260816T230807Z_WT_A15xS8_F012_FCC_np1/fixed/A07_S2/F1
C_A07_S2_F2	fixed	A07_S2_F2	A07_S2	A07	F2	S2	1885084773	1596606550	"10:100000:""gw"""	"1:2000000:"""""				/eos/user/c/cglenn/FCCWork/whizard/whizard_ttbar_spinpol/production/full6f_365gev_ee_ttbar_spinpol_v1/phase11_diagnostics/excess_weight_rootcause_v1/ttbar_restricted_region_suite_v1/restricted/20260816T230807Z_WT_A15xS8_F012_FCC_np1/fixed/A07_S2/F2
C_A07_S2_F3	fixed	A07_S2_F3	A07_S2	A07	F3	S2	1885084773	1596606550	"10:100000:""gw"""	"10:200000:"""""				/eos/user/c/cglenn/FCCWork/whizard/whizard_ttbar_spinpol/production/full6f_365gev_ee_ttbar_spinpol_v1/phase11_diagnostics/excess_weight_rootcause_v1/ttbar_restricted_region_suite_v1/restricted/20260816T230807Z_WT_A15xS8_F012_FCC_np1/fixed/A07_S2/F3
P_A07_S3	adaptive	A07_S3		A07		S3	134326786	769890491	"10:100000:""gw"""					/eos/user/c/cglenn/FCCWork/whizard/whizard_ttbar_spinpol/production/full6f_365gev_ee_ttbar_spinpol_v1/phase11_diagnostics/excess_weight_rootcause_v1/ttbar_restricted_region_suite_v1/restricted/20260816T230807Z_WT_A15xS8_F012_FCC_np1/adaptive/A07_S3
C_A07_S3_F0	fixed	A07_S3_F0	A07_S3	A07	F0	S3	134326786	769890491	"10:100000:""gw"""	"3:200000:"""""				/eos/user/c/cglenn/FCCWork/whizard/whizard_ttbar_spinpol/production/full6f_365gev_ee_ttbar_spinpol_v1/phase11_diagnostics/excess_weight_rootcause_v1/ttbar_restricted_region_suite_v1/restricted/20260816T230807Z_WT_A15xS8_F012_FCC_np1/fixed/A07_S3/F0
C_A07_S3_F1	fixed	A07_S3_F1	A07_S3	A07	F1	S3	134326786	769890491	"10:100000:""gw"""	"1:600000:"""""				/eos/user/c/cglenn/FCCWork/whizard/whizard_ttbar_spinpol/production/full6f_365gev_ee_ttbar_spinpol_v1/phase11_diagnostics/excess_weight_rootcause_v1/ttbar_restricted_region_suite_v1/restricted/20260816T230807Z_WT_A15xS8_F012_FCC_np1/fixed/A07_S3/F1
C_A07_S3_F2	fixed	A07_S3_F2	A07_S3	A07	F2	S3	134326786	769890491	"10:100000:""gw"""	"1:2000000:"""""				/eos/user/c/cglenn/FCCWork/whizard/whizard_ttbar_spinpol/production/full6f_365gev_ee_ttbar_spinpol_v1/phase11_diagnostics/excess_weight_rootcause_v1/ttbar_restricted_region_suite_v1/restricted/20260816T230807Z_WT_A15xS8_F012_FCC_np1/fixed/A07_S3/F2
C_A07_S3_F3	fixed	A07_S3_F3	A07_S3	A07	F3	S3	134326786	769890491	"10:100000:""gw"""	"10:200000:"""""				/eos/user/c/cglenn/FCCWork/whizard/whizard_ttbar_spinpol/production/full6f_365gev_ee_ttbar_spinpol_v1/phase11_diagnostics/excess_weight_rootcause_v1/ttbar_restricted_region_suite_v1/restricted/20260816T230807Z_WT_A15xS8_F012_FCC_np1/fixed/A07_S3/F3
P_A07_S4	adaptive	A07_S4		A07		S4	249371675	462903030	"10:100000:""gw"""					/eos/user/c/cglenn/FCCWork/whizard/whizard_ttbar_spinpol/production/full6f_365gev_ee_ttbar_spinpol_v1/phase11_diagnostics/excess_weight_rootcause_v1/ttbar_restricted_region_suite_v1/restricted/20260816T230807Z_WT_A15xS8_F012_FCC_np1/adaptive/A07_S4
C_A07_S4_F0	fixed	A07_S4_F0	A07_S4	A07	F0	S4	249371675	462903030	"10:100000:""gw"""	"3:200000:"""""				/eos/user/c/cglenn/FCCWork/whizard/whizard_ttbar_spinpol/production/full6f_365gev_ee_ttbar_spinpol_v1/phase11_diagnostics/excess_weight_rootcause_v1/ttbar_restricted_region_suite_v1/restricted/20260816T230807Z_WT_A15xS8_F012_FCC_np1/fixed/A07_S4/F0
C_A07_S4_F1	fixed	A07_S4_F1	A07_S4	A07	F1	S4	249371675	462903030	"10:100000:""gw"""	"1:600000:"""""				/eos/user/c/cglenn/FCCWork/whizard/whizard_ttbar_spinpol/production/full6f_365gev_ee_ttbar_spinpol_v1/phase11_diagnostics/excess_weight_rootcause_v1/ttbar_restricted_region_suite_v1/restricted/20260816T230807Z_WT_A15xS8_F012_FCC_np1/fixed/A07_S4/F1
C_A07_S4_F2	fixed	A07_S4_F2	A07_S4	A07	F2	S4	249371675	462903030	"10:100000:""gw"""	"1:2000000:"""""				/eos/user/c/cglenn/FCCWork/whizard/whizard_ttbar_spinpol/production/full6f_365gev_ee_ttbar_spinpol_v1/phase11_diagnostics/excess_weight_rootcause_v1/ttbar_restricted_region_suite_v1/restricted/20260816T230807Z_WT_A15xS8_F012_FCC_np1/fixed/A07_S4/F2
C_A07_S4_F3	fixed	A07_S4_F3	A07_S4	A07	F3	S4	249371675	462903030	"10:100000:""gw"""	"10:200000:"""""				/eos/user/c/cglenn/FCCWork/whizard/whizard_ttbar_spinpol/production/full6f_365gev_ee_ttbar_spinpol_v1/phase11_diagnostics/excess_weight_rootcause_v1/ttbar_restricted_region_suite_v1/restricted/20260816T230807Z_WT_A15xS8_F012_FCC_np1/fixed/A07_S4/F3
P_A07_S5	adaptive	A07_S5		A07		S5	531087687	197846737	"10:100000:""gw"""					/eos/user/c/cglenn/FCCWork/whizard/whizard_ttbar_spinpol/production/full6f_365gev_ee_ttbar_spinpol_v1/phase11_diagnostics/excess_weight_rootcause_v1/ttbar_restricted_region_suite_v1/restricted/20260816T230807Z_WT_A15xS8_F012_FCC_np1/adaptive/A07_S5
C_A07_S5_F0	fixed	A07_S5_F0	A07_S5	A07	F0	S5	531087687	197846737	"10:100000:""gw"""	"3:200000:"""""				/eos/user/c/cglenn/FCCWork/whizard/whizard_ttbar_spinpol/production/full6f_365gev_ee_ttbar_spinpol_v1/phase11_diagnostics/excess_weight_rootcause_v1/ttbar_restricted_region_suite_v1/restricted/20260816T230807Z_WT_A15xS8_F012_FCC_np1/fixed/A07_S5/F0
C_A07_S5_F1	fixed	A07_S5_F1	A07_S5	A07	F1	S5	531087687	197846737	"10:100000:""gw"""	"1:600000:"""""				/eos/user/c/cglenn/FCCWork/whizard/whizard_ttbar_spinpol/production/full6f_365gev_ee_ttbar_spinpol_v1/phase11_diagnostics/excess_weight_rootcause_v1/ttbar_restricted_region_suite_v1/restricted/20260816T230807Z_WT_A15xS8_F012_FCC_np1/fixed/A07_S5/F1
C_A07_S5_F2	fixed	A07_S5_F2	A07_S5	A07	F2	S5	531087687	197846737	"10:100000:""gw"""	"1:2000000:"""""				/eos/user/c/cglenn/FCCWork/whizard/whizard_ttbar_spinpol/production/full6f_365gev_ee_ttbar_spinpol_v1/phase11_diagnostics/excess_weight_rootcause_v1/ttbar_restricted_region_suite_v1/restricted/20260816T230807Z_WT_A15xS8_F012_FCC_np1/fixed/A07_S5/F2
C_A07_S5_F3	fixed	A07_S5_F3	A07_S5	A07	F3	S5	531087687	197846737	"10:100000:""gw"""	"10:200000:"""""				/eos/user/c/cglenn/FCCWork/whizard/whizard_ttbar_spinpol/production/full6f_365gev_ee_ttbar_spinpol_v1/phase11_diagnostics/excess_weight_rootcause_v1/ttbar_restricted_region_suite_v1/restricted/20260816T230807Z_WT_A15xS8_F012_FCC_np1/fixed/A07_S5/F3
P_A07_S6	adaptive	A07_S6		A07		S6	519963689	958460417	"10:100000:""gw"""					/eos/user/c/cglenn/FCCWork/whizard/whizard_ttbar_spinpol/production/full6f_365gev_ee_ttbar_spinpol_v1/phase11_diagnostics/excess_weight_rootcause_v1/ttbar_restricted_region_suite_v1/restricted/20260816T230807Z_WT_A15xS8_F012_FCC_np1/adaptive/A07_S6
C_A07_S6_F0	fixed	A07_S6_F0	A07_S6	A07	F0	S6	519963689	958460417	"10:100000:""gw"""	"3:200000:"""""				/eos/user/c/cglenn/FCCWork/whizard/whizard_ttbar_spinpol/production/full6f_365gev_ee_ttbar_spinpol_v1/phase11_diagnostics/excess_weight_rootcause_v1/ttbar_restricted_region_suite_v1/restricted/20260816T230807Z_WT_A15xS8_F012_FCC_np1/fixed/A07_S6/F0
C_A07_S6_F1	fixed	A07_S6_F1	A07_S6	A07	F1	S6	519963689	958460417	"10:100000:""gw"""	"1:600000:"""""				/eos/user/c/cglenn/FCCWork/whizard/whizard_ttbar_spinpol/production/full6f_365gev_ee_ttbar_spinpol_v1/phase11_diagnostics/excess_weight_rootcause_v1/ttbar_restricted_region_suite_v1/restricted/20260816T230807Z_WT_A15xS8_F012_FCC_np1/fixed/A07_S6/F1
C_A07_S6_F2	fixed	A07_S6_F2	A07_S6	A07	F2	S6	519963689	958460417	"10:100000:""gw"""	"1:2000000:"""""				/eos/user/c/cglenn/FCCWork/whizard/whizard_ttbar_spinpol/production/full6f_365gev_ee_ttbar_spinpol_v1/phase11_diagnostics/excess_weight_rootcause_v1/ttbar_restricted_region_suite_v1/restricted/20260816T230807Z_WT_A15xS8_F012_FCC_np1/fixed/A07_S6/F2
C_A07_S6_F3	fixed	A07_S6_F3	A07_S6	A07	F3	S6	519963689	958460417	"10:100000:""gw"""	"10:200000:"""""				/eos/user/c/cglenn/FCCWork/whizard/whizard_ttbar_spinpol/production/full6f_365gev_ee_ttbar_spinpol_v1/phase11_diagnostics/excess_weight_rootcause_v1/ttbar_restricted_region_suite_v1/restricted/20260816T230807Z_WT_A15xS8_F012_FCC_np1/fixed/A07_S6/F3
P_A07_S7	adaptive	A07_S7		A07		S7	1552803368	239117595	"10:100000:""gw"""					/eos/user/c/cglenn/FCCWork/whizard/whizard_ttbar_spinpol/production/full6f_365gev_ee_ttbar_spinpol_v1/phase11_diagnostics/excess_weight_rootcause_v1/ttbar_restricted_region_suite_v1/restricted/20260816T230807Z_WT_A15xS8_F012_FCC_np1/adaptive/A07_S7
C_A07_S7_F0	fixed	A07_S7_F0	A07_S7	A07	F0	S7	1552803368	239117595	"10:100000:""gw"""	"3:200000:"""""				/eos/user/c/cglenn/FCCWork/whizard/whizard_ttbar_spinpol/production/full6f_365gev_ee_ttbar_spinpol_v1/phase11_diagnostics/excess_weight_rootcause_v1/ttbar_restricted_region_suite_v1/restricted/20260816T230807Z_WT_A15xS8_F012_FCC_np1/fixed/A07_S7/F0
C_A07_S7_F1	fixed	A07_S7_F1	A07_S7	A07	F1	S7	1552803368	239117595	"10:100000:""gw"""	"1:600000:"""""				/eos/user/c/cglenn/FCCWork/whizard/whizard_ttbar_spinpol/production/full6f_365gev_ee_ttbar_spinpol_v1/phase11_diagnostics/excess_weight_rootcause_v1/ttbar_restricted_region_suite_v1/restricted/20260816T230807Z_WT_A15xS8_F012_FCC_np1/fixed/A07_S7/F1
C_A07_S7_F2	fixed	A07_S7_F2	A07_S7	A07	F2	S7	1552803368	239117595	"10:100000:""gw"""	"1:2000000:"""""				/eos/user/c/cglenn/FCCWork/whizard/whizard_ttbar_spinpol/production/full6f_365gev_ee_ttbar_spinpol_v1/phase11_diagnostics/excess_weight_rootcause_v1/ttbar_restricted_region_suite_v1/restricted/20260816T230807Z_WT_A15xS8_F012_FCC_np1/fixed/A07_S7/F2
C_A07_S7_F3	fixed	A07_S7_F3	A07_S7	A07	F3	S7	1552803368	239117595	"10:100000:""gw"""	"10:200000:"""""				/eos/user/c/cglenn/FCCWork/whizard/whizard_ttbar_spinpol/production/full6f_365gev_ee_ttbar_spinpol_v1/phase11_diagnostics/excess_weight_rootcause_v1/ttbar_restricted_region_suite_v1/restricted/20260816T230807Z_WT_A15xS8_F012_FCC_np1/fixed/A07_S7/F3
P_A08_S0	adaptive	A08_S0		A08		S0	1740114216	648318690	"4:250000:""gw"""					/eos/user/c/cglenn/FCCWork/whizard/whizard_ttbar_spinpol/production/full6f_365gev_ee_ttbar_spinpol_v1/phase11_diagnostics/excess_weight_rootcause_v1/ttbar_restricted_region_suite_v1/restricted/20260816T230807Z_WT_A15xS8_F012_FCC_np1/adaptive/A08_S0
C_A08_S0_F0	fixed	A08_S0_F0	A08_S0	A08	F0	S0	1740114216	648318690	"4:250000:""gw"""	"3:200000:"""""				/eos/user/c/cglenn/FCCWork/whizard/whizard_ttbar_spinpol/production/full6f_365gev_ee_ttbar_spinpol_v1/phase11_diagnostics/excess_weight_rootcause_v1/ttbar_restricted_region_suite_v1/restricted/20260816T230807Z_WT_A15xS8_F012_FCC_np1/fixed/A08_S0/F0
C_A08_S0_F1	fixed	A08_S0_F1	A08_S0	A08	F1	S0	1740114216	648318690	"4:250000:""gw"""	"1:600000:"""""				/eos/user/c/cglenn/FCCWork/whizard/whizard_ttbar_spinpol/production/full6f_365gev_ee_ttbar_spinpol_v1/phase11_diagnostics/excess_weight_rootcause_v1/ttbar_restricted_region_suite_v1/restricted/20260816T230807Z_WT_A15xS8_F012_FCC_np1/fixed/A08_S0/F1
C_A08_S0_F2	fixed	A08_S0_F2	A08_S0	A08	F2	S0	1740114216	648318690	"4:250000:""gw"""	"1:2000000:"""""				/eos/user/c/cglenn/FCCWork/whizard/whizard_ttbar_spinpol/production/full6f_365gev_ee_ttbar_spinpol_v1/phase11_diagnostics/excess_weight_rootcause_v1/ttbar_restricted_region_suite_v1/restricted/20260816T230807Z_WT_A15xS8_F012_FCC_np1/fixed/A08_S0/F2
P_A08_S1	adaptive	A08_S1		A08		S1	1751949026	1404282457	"4:250000:""gw"""					/eos/user/c/cglenn/FCCWork/whizard/whizard_ttbar_spinpol/production/full6f_365gev_ee_ttbar_spinpol_v1/phase11_diagnostics/excess_weight_rootcause_v1/ttbar_restricted_region_suite_v1/restricted/20260816T230807Z_WT_A15xS8_F012_FCC_np1/adaptive/A08_S1
C_A08_S1_F0	fixed	A08_S1_F0	A08_S1	A08	F0	S1	1751949026	1404282457	"4:250000:""gw"""	"3:200000:"""""				/eos/user/c/cglenn/FCCWork/whizard/whizard_ttbar_spinpol/production/full6f_365gev_ee_ttbar_spinpol_v1/phase11_diagnostics/excess_weight_rootcause_v1/ttbar_restricted_region_suite_v1/restricted/20260816T230807Z_WT_A15xS8_F012_FCC_np1/fixed/A08_S1/F0
C_A08_S1_F1	fixed	A08_S1_F1	A08_S1	A08	F1	S1	1751949026	1404282457	"4:250000:""gw"""	"1:600000:"""""				/eos/user/c/cglenn/FCCWork/whizard/whizard_ttbar_spinpol/production/full6f_365gev_ee_ttbar_spinpol_v1/phase11_diagnostics/excess_weight_rootcause_v1/ttbar_restricted_region_suite_v1/restricted/20260816T230807Z_WT_A15xS8_F012_FCC_np1/fixed/A08_S1/F1
C_A08_S1_F2	fixed	A08_S1_F2	A08_S1	A08	F2	S1	1751949026	1404282457	"4:250000:""gw"""	"1:2000000:"""""				/eos/user/c/cglenn/FCCWork/whizard/whizard_ttbar_spinpol/production/full6f_365gev_ee_ttbar_spinpol_v1/phase11_diagnostics/excess_weight_rootcause_v1/ttbar_restricted_region_suite_v1/restricted/20260816T230807Z_WT_A15xS8_F012_FCC_np1/fixed/A08_S1/F2
P_A08_S2	adaptive	A08_S2		A08		S2	1885084773	1596606550	"4:250000:""gw"""					/eos/user/c/cglenn/FCCWork/whizard/whizard_ttbar_spinpol/production/full6f_365gev_ee_ttbar_spinpol_v1/phase11_diagnostics/excess_weight_rootcause_v1/ttbar_restricted_region_suite_v1/restricted/20260816T230807Z_WT_A15xS8_F012_FCC_np1/adaptive/A08_S2
C_A08_S2_F0	fixed	A08_S2_F0	A08_S2	A08	F0	S2	1885084773	1596606550	"4:250000:""gw"""	"3:200000:"""""				/eos/user/c/cglenn/FCCWork/whizard/whizard_ttbar_spinpol/production/full6f_365gev_ee_ttbar_spinpol_v1/phase11_diagnostics/excess_weight_rootcause_v1/ttbar_restricted_region_suite_v1/restricted/20260816T230807Z_WT_A15xS8_F012_FCC_np1/fixed/A08_S2/F0
C_A08_S2_F1	fixed	A08_S2_F1	A08_S2	A08	F1	S2	1885084773	1596606550	"4:250000:""gw"""	"1:600000:"""""				/eos/user/c/cglenn/FCCWork/whizard/whizard_ttbar_spinpol/production/full6f_365gev_ee_ttbar_spinpol_v1/phase11_diagnostics/excess_weight_rootcause_v1/ttbar_restricted_region_suite_v1/restricted/20260816T230807Z_WT_A15xS8_F012_FCC_np1/fixed/A08_S2/F1
C_A08_S2_F2	fixed	A08_S2_F2	A08_S2	A08	F2	S2	1885084773	1596606550	"4:250000:""gw"""	"1:2000000:"""""				/eos/user/c/cglenn/FCCWork/whizard/whizard_ttbar_spinpol/production/full6f_365gev_ee_ttbar_spinpol_v1/phase11_diagnostics/excess_weight_rootcause_v1/ttbar_restricted_region_suite_v1/restricted/20260816T230807Z_WT_A15xS8_F012_FCC_np1/fixed/A08_S2/F2
P_A08_S3	adaptive	A08_S3		A08		S3	134326786	769890491	"4:250000:""gw"""					/eos/user/c/cglenn/FCCWork/whizard/whizard_ttbar_spinpol/production/full6f_365gev_ee_ttbar_spinpol_v1/phase11_diagnostics/excess_weight_rootcause_v1/ttbar_restricted_region_suite_v1/restricted/20260816T230807Z_WT_A15xS8_F012_FCC_np1/adaptive/A08_S3
C_A08_S3_F0	fixed	A08_S3_F0	A08_S3	A08	F0	S3	134326786	769890491	"4:250000:""gw"""	"3:200000:"""""				/eos/user/c/cglenn/FCCWork/whizard/whizard_ttbar_spinpol/production/full6f_365gev_ee_ttbar_spinpol_v1/phase11_diagnostics/excess_weight_rootcause_v1/ttbar_restricted_region_suite_v1/restricted/20260816T230807Z_WT_A15xS8_F012_FCC_np1/fixed/A08_S3/F0
C_A08_S3_F1	fixed	A08_S3_F1	A08_S3	A08	F1	S3	134326786	769890491	"4:250000:""gw"""	"1:600000:"""""				/eos/user/c/cglenn/FCCWork/whizard/whizard_ttbar_spinpol/production/full6f_365gev_ee_ttbar_spinpol_v1/phase11_diagnostics/excess_weight_rootcause_v1/ttbar_restricted_region_suite_v1/restricted/20260816T230807Z_WT_A15xS8_F012_FCC_np1/fixed/A08_S3/F1
C_A08_S3_F2	fixed	A08_S3_F2	A08_S3	A08	F2	S3	134326786	769890491	"4:250000:""gw"""	"1:2000000:"""""				/eos/user/c/cglenn/FCCWork/whizard/whizard_ttbar_spinpol/production/full6f_365gev_ee_ttbar_spinpol_v1/phase11_diagnostics/excess_weight_rootcause_v1/ttbar_restricted_region_suite_v1/restricted/20260816T230807Z_WT_A15xS8_F012_FCC_np1/fixed/A08_S3/F2
P_A08_S4	adaptive	A08_S4		A08		S4	249371675	462903030	"4:250000:""gw"""					/eos/user/c/cglenn/FCCWork/whizard/whizard_ttbar_spinpol/production/full6f_365gev_ee_ttbar_spinpol_v1/phase11_diagnostics/excess_weight_rootcause_v1/ttbar_restricted_region_suite_v1/restricted/20260816T230807Z_WT_A15xS8_F012_FCC_np1/adaptive/A08_S4
C_A08_S4_F0	fixed	A08_S4_F0	A08_S4	A08	F0	S4	249371675	462903030	"4:250000:""gw"""	"3:200000:"""""				/eos/user/c/cglenn/FCCWork/whizard/whizard_ttbar_spinpol/production/full6f_365gev_ee_ttbar_spinpol_v1/phase11_diagnostics/excess_weight_rootcause_v1/ttbar_restricted_region_suite_v1/restricted/20260816T230807Z_WT_A15xS8_F012_FCC_np1/fixed/A08_S4/F0
C_A08_S4_F1	fixed	A08_S4_F1	A08_S4	A08	F1	S4	249371675	462903030	"4:250000:""gw"""	"1:600000:"""""				/eos/user/c/cglenn/FCCWork/whizard/whizard_ttbar_spinpol/production/full6f_365gev_ee_ttbar_spinpol_v1/phase11_diagnostics/excess_weight_rootcause_v1/ttbar_restricted_region_suite_v1/restricted/20260816T230807Z_WT_A15xS8_F012_FCC_np1/fixed/A08_S4/F1
C_A08_S4_F2	fixed	A08_S4_F2	A08_S4	A08	F2	S4	249371675	462903030	"4:250000:""gw"""	"1:2000000:"""""				/eos/user/c/cglenn/FCCWork/whizard/whizard_ttbar_spinpol/production/full6f_365gev_ee_ttbar_spinpol_v1/phase11_diagnostics/excess_weight_rootcause_v1/ttbar_restricted_region_suite_v1/restricted/20260816T230807Z_WT_A15xS8_F012_FCC_np1/fixed/A08_S4/F2
P_A08_S5	adaptive	A08_S5		A08		S5	531087687	197846737	"4:250000:""gw"""					/eos/user/c/cglenn/FCCWork/whizard/whizard_ttbar_spinpol/production/full6f_365gev_ee_ttbar_spinpol_v1/phase11_diagnostics/excess_weight_rootcause_v1/ttbar_restricted_region_suite_v1/restricted/20260816T230807Z_WT_A15xS8_F012_FCC_np1/adaptive/A08_S5
C_A08_S5_F0	fixed	A08_S5_F0	A08_S5	A08	F0	S5	531087687	197846737	"4:250000:""gw"""	"3:200000:"""""				/eos/user/c/cglenn/FCCWork/whizard/whizard_ttbar_spinpol/production/full6f_365gev_ee_ttbar_spinpol_v1/phase11_diagnostics/excess_weight_rootcause_v1/ttbar_restricted_region_suite_v1/restricted/20260816T230807Z_WT_A15xS8_F012_FCC_np1/fixed/A08_S5/F0
C_A08_S5_F1	fixed	A08_S5_F1	A08_S5	A08	F1	S5	531087687	197846737	"4:250000:""gw"""	"1:600000:"""""				/eos/user/c/cglenn/FCCWork/whizard/whizard_ttbar_spinpol/production/full6f_365gev_ee_ttbar_spinpol_v1/phase11_diagnostics/excess_weight_rootcause_v1/ttbar_restricted_region_suite_v1/restricted/20260816T230807Z_WT_A15xS8_F012_FCC_np1/fixed/A08_S5/F1
C_A08_S5_F2	fixed	A08_S5_F2	A08_S5	A08	F2	S5	531087687	197846737	"4:250000:""gw"""	"1:2000000:"""""				/eos/user/c/cglenn/FCCWork/whizard/whizard_ttbar_spinpol/production/full6f_365gev_ee_ttbar_spinpol_v1/phase11_diagnostics/excess_weight_rootcause_v1/ttbar_restricted_region_suite_v1/restricted/20260816T230807Z_WT_A15xS8_F012_FCC_np1/fixed/A08_S5/F2
P_A08_S6	adaptive	A08_S6		A08		S6	519963689	958460417	"4:250000:""gw"""					/eos/user/c/cglenn/FCCWork/whizard/whizard_ttbar_spinpol/production/full6f_365gev_ee_ttbar_spinpol_v1/phase11_diagnostics/excess_weight_rootcause_v1/ttbar_restricted_region_suite_v1/restricted/20260816T230807Z_WT_A15xS8_F012_FCC_np1/adaptive/A08_S6
C_A08_S6_F0	fixed	A08_S6_F0	A08_S6	A08	F0	S6	519963689	958460417	"4:250000:""gw"""	"3:200000:"""""				/eos/user/c/cglenn/FCCWork/whizard/whizard_ttbar_spinpol/production/full6f_365gev_ee_ttbar_spinpol_v1/phase11_diagnostics/excess_weight_rootcause_v1/ttbar_restricted_region_suite_v1/restricted/20260816T230807Z_WT_A15xS8_F012_FCC_np1/fixed/A08_S6/F0
C_A08_S6_F1	fixed	A08_S6_F1	A08_S6	A08	F1	S6	519963689	958460417	"4:250000:""gw"""	"1:600000:"""""				/eos/user/c/cglenn/FCCWork/whizard/whizard_ttbar_spinpol/production/full6f_365gev_ee_ttbar_spinpol_v1/phase11_diagnostics/excess_weight_rootcause_v1/ttbar_restricted_region_suite_v1/restricted/20260816T230807Z_WT_A15xS8_F012_FCC_np1/fixed/A08_S6/F1
C_A08_S6_F2	fixed	A08_S6_F2	A08_S6	A08	F2	S6	519963689	958460417	"4:250000:""gw"""	"1:2000000:"""""				/eos/user/c/cglenn/FCCWork/whizard/whizard_ttbar_spinpol/production/full6f_365gev_ee_ttbar_spinpol_v1/phase11_diagnostics/excess_weight_rootcause_v1/ttbar_restricted_region_suite_v1/restricted/20260816T230807Z_WT_A15xS8_F012_FCC_np1/fixed/A08_S6/F2
P_A08_S7	adaptive	A08_S7		A08		S7	1552803368	239117595	"4:250000:""gw"""					/eos/user/c/cglenn/FCCWork/whizard/whizard_ttbar_spinpol/production/full6f_365gev_ee_ttbar_spinpol_v1/phase11_diagnostics/excess_weight_rootcause_v1/ttbar_restricted_region_suite_v1/restricted/20260816T230807Z_WT_A15xS8_F012_FCC_np1/adaptive/A08_S7
C_A08_S7_F0	fixed	A08_S7_F0	A08_S7	A08	F0	S7	1552803368	239117595	"4:250000:""gw"""	"3:200000:"""""				/eos/user/c/cglenn/FCCWork/whizard/whizard_ttbar_spinpol/production/full6f_365gev_ee_ttbar_spinpol_v1/phase11_diagnostics/excess_weight_rootcause_v1/ttbar_restricted_region_suite_v1/restricted/20260816T230807Z_WT_A15xS8_F012_FCC_np1/fixed/A08_S7/F0
C_A08_S7_F1	fixed	A08_S7_F1	A08_S7	A08	F1	S7	1552803368	239117595	"4:250000:""gw"""	"1:600000:"""""				/eos/user/c/cglenn/FCCWork/whizard/whizard_ttbar_spinpol/production/full6f_365gev_ee_ttbar_spinpol_v1/phase11_diagnostics/excess_weight_rootcause_v1/ttbar_restricted_region_suite_v1/restricted/20260816T230807Z_WT_A15xS8_F012_FCC_np1/fixed/A08_S7/F1
C_A08_S7_F2	fixed	A08_S7_F2	A08_S7	A08	F2	S7	1552803368	239117595	"4:250000:""gw"""	"1:2000000:"""""				/eos/user/c/cglenn/FCCWork/whizard/whizard_ttbar_spinpol/production/full6f_365gev_ee_ttbar_spinpol_v1/phase11_diagnostics/excess_weight_rootcause_v1/ttbar_restricted_region_suite_v1/restricted/20260816T230807Z_WT_A15xS8_F012_FCC_np1/fixed/A08_S7/F2
P_A09_S0	adaptive	A09_S0		A09		S0	1740114216	648318690	"2:500000:""gw"""					/eos/user/c/cglenn/FCCWork/whizard/whizard_ttbar_spinpol/production/full6f_365gev_ee_ttbar_spinpol_v1/phase11_diagnostics/excess_weight_rootcause_v1/ttbar_restricted_region_suite_v1/restricted/20260816T230807Z_WT_A15xS8_F012_FCC_np1/adaptive/A09_S0
C_A09_S0_F0	fixed	A09_S0_F0	A09_S0	A09	F0	S0	1740114216	648318690	"2:500000:""gw"""	"3:200000:"""""				/eos/user/c/cglenn/FCCWork/whizard/whizard_ttbar_spinpol/production/full6f_365gev_ee_ttbar_spinpol_v1/phase11_diagnostics/excess_weight_rootcause_v1/ttbar_restricted_region_suite_v1/restricted/20260816T230807Z_WT_A15xS8_F012_FCC_np1/fixed/A09_S0/F0
C_A09_S0_F1	fixed	A09_S0_F1	A09_S0	A09	F1	S0	1740114216	648318690	"2:500000:""gw"""	"1:600000:"""""				/eos/user/c/cglenn/FCCWork/whizard/whizard_ttbar_spinpol/production/full6f_365gev_ee_ttbar_spinpol_v1/phase11_diagnostics/excess_weight_rootcause_v1/ttbar_restricted_region_suite_v1/restricted/20260816T230807Z_WT_A15xS8_F012_FCC_np1/fixed/A09_S0/F1
C_A09_S0_F2	fixed	A09_S0_F2	A09_S0	A09	F2	S0	1740114216	648318690	"2:500000:""gw"""	"1:2000000:"""""				/eos/user/c/cglenn/FCCWork/whizard/whizard_ttbar_spinpol/production/full6f_365gev_ee_ttbar_spinpol_v1/phase11_diagnostics/excess_weight_rootcause_v1/ttbar_restricted_region_suite_v1/restricted/20260816T230807Z_WT_A15xS8_F012_FCC_np1/fixed/A09_S0/F2
P_A09_S1	adaptive	A09_S1		A09		S1	1751949026	1404282457	"2:500000:""gw"""					/eos/user/c/cglenn/FCCWork/whizard/whizard_ttbar_spinpol/production/full6f_365gev_ee_ttbar_spinpol_v1/phase11_diagnostics/excess_weight_rootcause_v1/ttbar_restricted_region_suite_v1/restricted/20260816T230807Z_WT_A15xS8_F012_FCC_np1/adaptive/A09_S1
C_A09_S1_F0	fixed	A09_S1_F0	A09_S1	A09	F0	S1	1751949026	1404282457	"2:500000:""gw"""	"3:200000:"""""				/eos/user/c/cglenn/FCCWork/whizard/whizard_ttbar_spinpol/production/full6f_365gev_ee_ttbar_spinpol_v1/phase11_diagnostics/excess_weight_rootcause_v1/ttbar_restricted_region_suite_v1/restricted/20260816T230807Z_WT_A15xS8_F012_FCC_np1/fixed/A09_S1/F0
C_A09_S1_F1	fixed	A09_S1_F1	A09_S1	A09	F1	S1	1751949026	1404282457	"2:500000:""gw"""	"1:600000:"""""				/eos/user/c/cglenn/FCCWork/whizard/whizard_ttbar_spinpol/production/full6f_365gev_ee_ttbar_spinpol_v1/phase11_diagnostics/excess_weight_rootcause_v1/ttbar_restricted_region_suite_v1/restricted/20260816T230807Z_WT_A15xS8_F012_FCC_np1/fixed/A09_S1/F1
C_A09_S1_F2	fixed	A09_S1_F2	A09_S1	A09	F2	S1	1751949026	1404282457	"2:500000:""gw"""	"1:2000000:"""""				/eos/user/c/cglenn/FCCWork/whizard/whizard_ttbar_spinpol/production/full6f_365gev_ee_ttbar_spinpol_v1/phase11_diagnostics/excess_weight_rootcause_v1/ttbar_restricted_region_suite_v1/restricted/20260816T230807Z_WT_A15xS8_F012_FCC_np1/fixed/A09_S1/F2
P_A09_S2	adaptive	A09_S2		A09		S2	1885084773	1596606550	"2:500000:""gw"""					/eos/user/c/cglenn/FCCWork/whizard/whizard_ttbar_spinpol/production/full6f_365gev_ee_ttbar_spinpol_v1/phase11_diagnostics/excess_weight_rootcause_v1/ttbar_restricted_region_suite_v1/restricted/20260816T230807Z_WT_A15xS8_F012_FCC_np1/adaptive/A09_S2
C_A09_S2_F0	fixed	A09_S2_F0	A09_S2	A09	F0	S2	1885084773	1596606550	"2:500000:""gw"""	"3:200000:"""""				/eos/user/c/cglenn/FCCWork/whizard/whizard_ttbar_spinpol/production/full6f_365gev_ee_ttbar_spinpol_v1/phase11_diagnostics/excess_weight_rootcause_v1/ttbar_restricted_region_suite_v1/restricted/20260816T230807Z_WT_A15xS8_F012_FCC_np1/fixed/A09_S2/F0
C_A09_S2_F1	fixed	A09_S2_F1	A09_S2	A09	F1	S2	1885084773	1596606550	"2:500000:""gw"""	"1:600000:"""""				/eos/user/c/cglenn/FCCWork/whizard/whizard_ttbar_spinpol/production/full6f_365gev_ee_ttbar_spinpol_v1/phase11_diagnostics/excess_weight_rootcause_v1/ttbar_restricted_region_suite_v1/restricted/20260816T230807Z_WT_A15xS8_F012_FCC_np1/fixed/A09_S2/F1
C_A09_S2_F2	fixed	A09_S2_F2	A09_S2	A09	F2	S2	1885084773	1596606550	"2:500000:""gw"""	"1:2000000:"""""				/eos/user/c/cglenn/FCCWork/whizard/whizard_ttbar_spinpol/production/full6f_365gev_ee_ttbar_spinpol_v1/phase11_diagnostics/excess_weight_rootcause_v1/ttbar_restricted_region_suite_v1/restricted/20260816T230807Z_WT_A15xS8_F012_FCC_np1/fixed/A09_S2/F2
P_A09_S3	adaptive	A09_S3		A09		S3	134326786	769890491	"2:500000:""gw"""					/eos/user/c/cglenn/FCCWork/whizard/whizard_ttbar_spinpol/production/full6f_365gev_ee_ttbar_spinpol_v1/phase11_diagnostics/excess_weight_rootcause_v1/ttbar_restricted_region_suite_v1/restricted/20260816T230807Z_WT_A15xS8_F012_FCC_np1/adaptive/A09_S3
C_A09_S3_F0	fixed	A09_S3_F0	A09_S3	A09	F0	S3	134326786	769890491	"2:500000:""gw"""	"3:200000:"""""				/eos/user/c/cglenn/FCCWork/whizard/whizard_ttbar_spinpol/production/full6f_365gev_ee_ttbar_spinpol_v1/phase11_diagnostics/excess_weight_rootcause_v1/ttbar_restricted_region_suite_v1/restricted/20260816T230807Z_WT_A15xS8_F012_FCC_np1/fixed/A09_S3/F0
C_A09_S3_F1	fixed	A09_S3_F1	A09_S3	A09	F1	S3	134326786	769890491	"2:500000:""gw"""	"1:600000:"""""				/eos/user/c/cglenn/FCCWork/whizard/whizard_ttbar_spinpol/production/full6f_365gev_ee_ttbar_spinpol_v1/phase11_diagnostics/excess_weight_rootcause_v1/ttbar_restricted_region_suite_v1/restricted/20260816T230807Z_WT_A15xS8_F012_FCC_np1/fixed/A09_S3/F1
C_A09_S3_F2	fixed	A09_S3_F2	A09_S3	A09	F2	S3	134326786	769890491	"2:500000:""gw"""	"1:2000000:"""""				/eos/user/c/cglenn/FCCWork/whizard/whizard_ttbar_spinpol/production/full6f_365gev_ee_ttbar_spinpol_v1/phase11_diagnostics/excess_weight_rootcause_v1/ttbar_restricted_region_suite_v1/restricted/20260816T230807Z_WT_A15xS8_F012_FCC_np1/fixed/A09_S3/F2
P_A09_S4	adaptive	A09_S4		A09		S4	249371675	462903030	"2:500000:""gw"""					/eos/user/c/cglenn/FCCWork/whizard/whizard_ttbar_spinpol/production/full6f_365gev_ee_ttbar_spinpol_v1/phase11_diagnostics/excess_weight_rootcause_v1/ttbar_restricted_region_suite_v1/restricted/20260816T230807Z_WT_A15xS8_F012_FCC_np1/adaptive/A09_S4
C_A09_S4_F0	fixed	A09_S4_F0	A09_S4	A09	F0	S4	249371675	462903030	"2:500000:""gw"""	"3:200000:"""""				/eos/user/c/cglenn/FCCWork/whizard/whizard_ttbar_spinpol/production/full6f_365gev_ee_ttbar_spinpol_v1/phase11_diagnostics/excess_weight_rootcause_v1/ttbar_restricted_region_suite_v1/restricted/20260816T230807Z_WT_A15xS8_F012_FCC_np1/fixed/A09_S4/F0
C_A09_S4_F1	fixed	A09_S4_F1	A09_S4	A09	F1	S4	249371675	462903030	"2:500000:""gw"""	"1:600000:"""""				/eos/user/c/cglenn/FCCWork/whizard/whizard_ttbar_spinpol/production/full6f_365gev_ee_ttbar_spinpol_v1/phase11_diagnostics/excess_weight_rootcause_v1/ttbar_restricted_region_suite_v1/restricted/20260816T230807Z_WT_A15xS8_F012_FCC_np1/fixed/A09_S4/F1
C_A09_S4_F2	fixed	A09_S4_F2	A09_S4	A09	F2	S4	249371675	462903030	"2:500000:""gw"""	"1:2000000:"""""				/eos/user/c/cglenn/FCCWork/whizard/whizard_ttbar_spinpol/production/full6f_365gev_ee_ttbar_spinpol_v1/phase11_diagnostics/excess_weight_rootcause_v1/ttbar_restricted_region_suite_v1/restricted/20260816T230807Z_WT_A15xS8_F012_FCC_np1/fixed/A09_S4/F2
P_A09_S5	adaptive	A09_S5		A09		S5	531087687	197846737	"2:500000:""gw"""					/eos/user/c/cglenn/FCCWork/whizard/whizard_ttbar_spinpol/production/full6f_365gev_ee_ttbar_spinpol_v1/phase11_diagnostics/excess_weight_rootcause_v1/ttbar_restricted_region_suite_v1/restricted/20260816T230807Z_WT_A15xS8_F012_FCC_np1/adaptive/A09_S5
C_A09_S5_F0	fixed	A09_S5_F0	A09_S5	A09	F0	S5	531087687	197846737	"2:500000:""gw"""	"3:200000:"""""				/eos/user/c/cglenn/FCCWork/whizard/whizard_ttbar_spinpol/production/full6f_365gev_ee_ttbar_spinpol_v1/phase11_diagnostics/excess_weight_rootcause_v1/ttbar_restricted_region_suite_v1/restricted/20260816T230807Z_WT_A15xS8_F012_FCC_np1/fixed/A09_S5/F0
C_A09_S5_F1	fixed	A09_S5_F1	A09_S5	A09	F1	S5	531087687	197846737	"2:500000:""gw"""	"1:600000:"""""				/eos/user/c/cglenn/FCCWork/whizard/whizard_ttbar_spinpol/production/full6f_365gev_ee_ttbar_spinpol_v1/phase11_diagnostics/excess_weight_rootcause_v1/ttbar_restricted_region_suite_v1/restricted/20260816T230807Z_WT_A15xS8_F012_FCC_np1/fixed/A09_S5/F1
C_A09_S5_F2	fixed	A09_S5_F2	A09_S5	A09	F2	S5	531087687	197846737	"2:500000:""gw"""	"1:2000000:"""""				/eos/user/c/cglenn/FCCWork/whizard/whizard_ttbar_spinpol/production/full6f_365gev_ee_ttbar_spinpol_v1/phase11_diagnostics/excess_weight_rootcause_v1/ttbar_restricted_region_suite_v1/restricted/20260816T230807Z_WT_A15xS8_F012_FCC_np1/fixed/A09_S5/F2
P_A09_S6	adaptive	A09_S6		A09		S6	519963689	958460417	"2:500000:""gw"""					/eos/user/c/cglenn/FCCWork/whizard/whizard_ttbar_spinpol/production/full6f_365gev_ee_ttbar_spinpol_v1/phase11_diagnostics/excess_weight_rootcause_v1/ttbar_restricted_region_suite_v1/restricted/20260816T230807Z_WT_A15xS8_F012_FCC_np1/adaptive/A09_S6
C_A09_S6_F0	fixed	A09_S6_F0	A09_S6	A09	F0	S6	519963689	958460417	"2:500000:""gw"""	"3:200000:"""""				/eos/user/c/cglenn/FCCWork/whizard/whizard_ttbar_spinpol/production/full6f_365gev_ee_ttbar_spinpol_v1/phase11_diagnostics/excess_weight_rootcause_v1/ttbar_restricted_region_suite_v1/restricted/20260816T230807Z_WT_A15xS8_F012_FCC_np1/fixed/A09_S6/F0
C_A09_S6_F1	fixed	A09_S6_F1	A09_S6	A09	F1	S6	519963689	958460417	"2:500000:""gw"""	"1:600000:"""""				/eos/user/c/cglenn/FCCWork/whizard/whizard_ttbar_spinpol/production/full6f_365gev_ee_ttbar_spinpol_v1/phase11_diagnostics/excess_weight_rootcause_v1/ttbar_restricted_region_suite_v1/restricted/20260816T230807Z_WT_A15xS8_F012_FCC_np1/fixed/A09_S6/F1
C_A09_S6_F2	fixed	A09_S6_F2	A09_S6	A09	F2	S6	519963689	958460417	"2:500000:""gw"""	"1:2000000:"""""				/eos/user/c/cglenn/FCCWork/whizard/whizard_ttbar_spinpol/production/full6f_365gev_ee_ttbar_spinpol_v1/phase11_diagnostics/excess_weight_rootcause_v1/ttbar_restricted_region_suite_v1/restricted/20260816T230807Z_WT_A15xS8_F012_FCC_np1/fixed/A09_S6/F2
P_A09_S7	adaptive	A09_S7		A09		S7	1552803368	239117595	"2:500000:""gw"""					/eos/user/c/cglenn/FCCWork/whizard/whizard_ttbar_spinpol/production/full6f_365gev_ee_ttbar_spinpol_v1/phase11_diagnostics/excess_weight_rootcause_v1/ttbar_restricted_region_suite_v1/restricted/20260816T230807Z_WT_A15xS8_F012_FCC_np1/adaptive/A09_S7
C_A09_S7_F0	fixed	A09_S7_F0	A09_S7	A09	F0	S7	1552803368	239117595	"2:500000:""gw"""	"3:200000:"""""				/eos/user/c/cglenn/FCCWork/whizard/whizard_ttbar_spinpol/production/full6f_365gev_ee_ttbar_spinpol_v1/phase11_diagnostics/excess_weight_rootcause_v1/ttbar_restricted_region_suite_v1/restricted/20260816T230807Z_WT_A15xS8_F012_FCC_np1/fixed/A09_S7/F0
C_A09_S7_F1	fixed	A09_S7_F1	A09_S7	A09	F1	S7	1552803368	239117595	"2:500000:""gw"""	"1:600000:"""""				/eos/user/c/cglenn/FCCWork/whizard/whizard_ttbar_spinpol/production/full6f_365gev_ee_ttbar_spinpol_v1/phase11_diagnostics/excess_weight_rootcause_v1/ttbar_restricted_region_suite_v1/restricted/20260816T230807Z_WT_A15xS8_F012_FCC_np1/fixed/A09_S7/F1
C_A09_S7_F2	fixed	A09_S7_F2	A09_S7	A09	F2	S7	1552803368	239117595	"2:500000:""gw"""	"1:2000000:"""""				/eos/user/c/cglenn/FCCWork/whizard/whizard_ttbar_spinpol/production/full6f_365gev_ee_ttbar_spinpol_v1/phase11_diagnostics/excess_weight_rootcause_v1/ttbar_restricted_region_suite_v1/restricted/20260816T230807Z_WT_A15xS8_F012_FCC_np1/fixed/A09_S7/F2
P_A10_S0	adaptive	A10_S0		A10		S0	1740114216	648318690	"1:1000000:""gw"""					/eos/user/c/cglenn/FCCWork/whizard/whizard_ttbar_spinpol/production/full6f_365gev_ee_ttbar_spinpol_v1/phase11_diagnostics/excess_weight_rootcause_v1/ttbar_restricted_region_suite_v1/restricted/20260816T230807Z_WT_A15xS8_F012_FCC_np1/adaptive/A10_S0
C_A10_S0_F0	fixed	A10_S0_F0	A10_S0	A10	F0	S0	1740114216	648318690	"1:1000000:""gw"""	"3:200000:"""""				/eos/user/c/cglenn/FCCWork/whizard/whizard_ttbar_spinpol/production/full6f_365gev_ee_ttbar_spinpol_v1/phase11_diagnostics/excess_weight_rootcause_v1/ttbar_restricted_region_suite_v1/restricted/20260816T230807Z_WT_A15xS8_F012_FCC_np1/fixed/A10_S0/F0
C_A10_S0_F1	fixed	A10_S0_F1	A10_S0	A10	F1	S0	1740114216	648318690	"1:1000000:""gw"""	"1:600000:"""""				/eos/user/c/cglenn/FCCWork/whizard/whizard_ttbar_spinpol/production/full6f_365gev_ee_ttbar_spinpol_v1/phase11_diagnostics/excess_weight_rootcause_v1/ttbar_restricted_region_suite_v1/restricted/20260816T230807Z_WT_A15xS8_F012_FCC_np1/fixed/A10_S0/F1
C_A10_S0_F2	fixed	A10_S0_F2	A10_S0	A10	F2	S0	1740114216	648318690	"1:1000000:""gw"""	"1:2000000:"""""				/eos/user/c/cglenn/FCCWork/whizard/whizard_ttbar_spinpol/production/full6f_365gev_ee_ttbar_spinpol_v1/phase11_diagnostics/excess_weight_rootcause_v1/ttbar_restricted_region_suite_v1/restricted/20260816T230807Z_WT_A15xS8_F012_FCC_np1/fixed/A10_S0/F2
P_A10_S1	adaptive	A10_S1		A10		S1	1751949026	1404282457	"1:1000000:""gw"""					/eos/user/c/cglenn/FCCWork/whizard/whizard_ttbar_spinpol/production/full6f_365gev_ee_ttbar_spinpol_v1/phase11_diagnostics/excess_weight_rootcause_v1/ttbar_restricted_region_suite_v1/restricted/20260816T230807Z_WT_A15xS8_F012_FCC_np1/adaptive/A10_S1
C_A10_S1_F0	fixed	A10_S1_F0	A10_S1	A10	F0	S1	1751949026	1404282457	"1:1000000:""gw"""	"3:200000:"""""				/eos/user/c/cglenn/FCCWork/whizard/whizard_ttbar_spinpol/production/full6f_365gev_ee_ttbar_spinpol_v1/phase11_diagnostics/excess_weight_rootcause_v1/ttbar_restricted_region_suite_v1/restricted/20260816T230807Z_WT_A15xS8_F012_FCC_np1/fixed/A10_S1/F0
C_A10_S1_F1	fixed	A10_S1_F1	A10_S1	A10	F1	S1	1751949026	1404282457	"1:1000000:""gw"""	"1:600000:"""""				/eos/user/c/cglenn/FCCWork/whizard/whizard_ttbar_spinpol/production/full6f_365gev_ee_ttbar_spinpol_v1/phase11_diagnostics/excess_weight_rootcause_v1/ttbar_restricted_region_suite_v1/restricted/20260816T230807Z_WT_A15xS8_F012_FCC_np1/fixed/A10_S1/F1
C_A10_S1_F2	fixed	A10_S1_F2	A10_S1	A10	F2	S1	1751949026	1404282457	"1:1000000:""gw"""	"1:2000000:"""""				/eos/user/c/cglenn/FCCWork/whizard/whizard_ttbar_spinpol/production/full6f_365gev_ee_ttbar_spinpol_v1/phase11_diagnostics/excess_weight_rootcause_v1/ttbar_restricted_region_suite_v1/restricted/20260816T230807Z_WT_A15xS8_F012_FCC_np1/fixed/A10_S1/F2
P_A10_S2	adaptive	A10_S2		A10		S2	1885084773	1596606550	"1:1000000:""gw"""					/eos/user/c/cglenn/FCCWork/whizard/whizard_ttbar_spinpol/production/full6f_365gev_ee_ttbar_spinpol_v1/phase11_diagnostics/excess_weight_rootcause_v1/ttbar_restricted_region_suite_v1/restricted/20260816T230807Z_WT_A15xS8_F012_FCC_np1/adaptive/A10_S2
C_A10_S2_F0	fixed	A10_S2_F0	A10_S2	A10	F0	S2	1885084773	1596606550	"1:1000000:""gw"""	"3:200000:"""""				/eos/user/c/cglenn/FCCWork/whizard/whizard_ttbar_spinpol/production/full6f_365gev_ee_ttbar_spinpol_v1/phase11_diagnostics/excess_weight_rootcause_v1/ttbar_restricted_region_suite_v1/restricted/20260816T230807Z_WT_A15xS8_F012_FCC_np1/fixed/A10_S2/F0
C_A10_S2_F1	fixed	A10_S2_F1	A10_S2	A10	F1	S2	1885084773	1596606550	"1:1000000:""gw"""	"1:600000:"""""				/eos/user/c/cglenn/FCCWork/whizard/whizard_ttbar_spinpol/production/full6f_365gev_ee_ttbar_spinpol_v1/phase11_diagnostics/excess_weight_rootcause_v1/ttbar_restricted_region_suite_v1/restricted/20260816T230807Z_WT_A15xS8_F012_FCC_np1/fixed/A10_S2/F1
C_A10_S2_F2	fixed	A10_S2_F2	A10_S2	A10	F2	S2	1885084773	1596606550	"1:1000000:""gw"""	"1:2000000:"""""				/eos/user/c/cglenn/FCCWork/whizard/whizard_ttbar_spinpol/production/full6f_365gev_ee_ttbar_spinpol_v1/phase11_diagnostics/excess_weight_rootcause_v1/ttbar_restricted_region_suite_v1/restricted/20260816T230807Z_WT_A15xS8_F012_FCC_np1/fixed/A10_S2/F2
P_A10_S3	adaptive	A10_S3		A10		S3	134326786	769890491	"1:1000000:""gw"""					/eos/user/c/cglenn/FCCWork/whizard/whizard_ttbar_spinpol/production/full6f_365gev_ee_ttbar_spinpol_v1/phase11_diagnostics/excess_weight_rootcause_v1/ttbar_restricted_region_suite_v1/restricted/20260816T230807Z_WT_A15xS8_F012_FCC_np1/adaptive/A10_S3
C_A10_S3_F0	fixed	A10_S3_F0	A10_S3	A10	F0	S3	134326786	769890491	"1:1000000:""gw"""	"3:200000:"""""				/eos/user/c/cglenn/FCCWork/whizard/whizard_ttbar_spinpol/production/full6f_365gev_ee_ttbar_spinpol_v1/phase11_diagnostics/excess_weight_rootcause_v1/ttbar_restricted_region_suite_v1/restricted/20260816T230807Z_WT_A15xS8_F012_FCC_np1/fixed/A10_S3/F0
C_A10_S3_F1	fixed	A10_S3_F1	A10_S3	A10	F1	S3	134326786	769890491	"1:1000000:""gw"""	"1:600000:"""""				/eos/user/c/cglenn/FCCWork/whizard/whizard_ttbar_spinpol/production/full6f_365gev_ee_ttbar_spinpol_v1/phase11_diagnostics/excess_weight_rootcause_v1/ttbar_restricted_region_suite_v1/restricted/20260816T230807Z_WT_A15xS8_F012_FCC_np1/fixed/A10_S3/F1
C_A10_S3_F2	fixed	A10_S3_F2	A10_S3	A10	F2	S3	134326786	769890491	"1:1000000:""gw"""	"1:2000000:"""""				/eos/user/c/cglenn/FCCWork/whizard/whizard_ttbar_spinpol/production/full6f_365gev_ee_ttbar_spinpol_v1/phase11_diagnostics/excess_weight_rootcause_v1/ttbar_restricted_region_suite_v1/restricted/20260816T230807Z_WT_A15xS8_F012_FCC_np1/fixed/A10_S3/F2
P_A10_S4	adaptive	A10_S4		A10		S4	249371675	462903030	"1:1000000:""gw"""					/eos/user/c/cglenn/FCCWork/whizard/whizard_ttbar_spinpol/production/full6f_365gev_ee_ttbar_spinpol_v1/phase11_diagnostics/excess_weight_rootcause_v1/ttbar_restricted_region_suite_v1/restricted/20260816T230807Z_WT_A15xS8_F012_FCC_np1/adaptive/A10_S4
C_A10_S4_F0	fixed	A10_S4_F0	A10_S4	A10	F0	S4	249371675	462903030	"1:1000000:""gw"""	"3:200000:"""""				/eos/user/c/cglenn/FCCWork/whizard/whizard_ttbar_spinpol/production/full6f_365gev_ee_ttbar_spinpol_v1/phase11_diagnostics/excess_weight_rootcause_v1/ttbar_restricted_region_suite_v1/restricted/20260816T230807Z_WT_A15xS8_F012_FCC_np1/fixed/A10_S4/F0
C_A10_S4_F1	fixed	A10_S4_F1	A10_S4	A10	F1	S4	249371675	462903030	"1:1000000:""gw"""	"1:600000:"""""				/eos/user/c/cglenn/FCCWork/whizard/whizard_ttbar_spinpol/production/full6f_365gev_ee_ttbar_spinpol_v1/phase11_diagnostics/excess_weight_rootcause_v1/ttbar_restricted_region_suite_v1/restricted/20260816T230807Z_WT_A15xS8_F012_FCC_np1/fixed/A10_S4/F1
C_A10_S4_F2	fixed	A10_S4_F2	A10_S4	A10	F2	S4	249371675	462903030	"1:1000000:""gw"""	"1:2000000:"""""				/eos/user/c/cglenn/FCCWork/whizard/whizard_ttbar_spinpol/production/full6f_365gev_ee_ttbar_spinpol_v1/phase11_diagnostics/excess_weight_rootcause_v1/ttbar_restricted_region_suite_v1/restricted/20260816T230807Z_WT_A15xS8_F012_FCC_np1/fixed/A10_S4/F2
P_A10_S5	adaptive	A10_S5		A10		S5	531087687	197846737	"1:1000000:""gw"""					/eos/user/c/cglenn/FCCWork/whizard/whizard_ttbar_spinpol/production/full6f_365gev_ee_ttbar_spinpol_v1/phase11_diagnostics/excess_weight_rootcause_v1/ttbar_restricted_region_suite_v1/restricted/20260816T230807Z_WT_A15xS8_F012_FCC_np1/adaptive/A10_S5
C_A10_S5_F0	fixed	A10_S5_F0	A10_S5	A10	F0	S5	531087687	197846737	"1:1000000:""gw"""	"3:200000:"""""				/eos/user/c/cglenn/FCCWork/whizard/whizard_ttbar_spinpol/production/full6f_365gev_ee_ttbar_spinpol_v1/phase11_diagnostics/excess_weight_rootcause_v1/ttbar_restricted_region_suite_v1/restricted/20260816T230807Z_WT_A15xS8_F012_FCC_np1/fixed/A10_S5/F0
C_A10_S5_F1	fixed	A10_S5_F1	A10_S5	A10	F1	S5	531087687	197846737	"1:1000000:""gw"""	"1:600000:"""""				/eos/user/c/cglenn/FCCWork/whizard/whizard_ttbar_spinpol/production/full6f_365gev_ee_ttbar_spinpol_v1/phase11_diagnostics/excess_weight_rootcause_v1/ttbar_restricted_region_suite_v1/restricted/20260816T230807Z_WT_A15xS8_F012_FCC_np1/fixed/A10_S5/F1
C_A10_S5_F2	fixed	A10_S5_F2	A10_S5	A10	F2	S5	531087687	197846737	"1:1000000:""gw"""	"1:2000000:"""""				/eos/user/c/cglenn/FCCWork/whizard/whizard_ttbar_spinpol/production/full6f_365gev_ee_ttbar_spinpol_v1/phase11_diagnostics/excess_weight_rootcause_v1/ttbar_restricted_region_suite_v1/restricted/20260816T230807Z_WT_A15xS8_F012_FCC_np1/fixed/A10_S5/F2
P_A10_S6	adaptive	A10_S6		A10		S6	519963689	958460417	"1:1000000:""gw"""					/eos/user/c/cglenn/FCCWork/whizard/whizard_ttbar_spinpol/production/full6f_365gev_ee_ttbar_spinpol_v1/phase11_diagnostics/excess_weight_rootcause_v1/ttbar_restricted_region_suite_v1/restricted/20260816T230807Z_WT_A15xS8_F012_FCC_np1/adaptive/A10_S6
C_A10_S6_F0	fixed	A10_S6_F0	A10_S6	A10	F0	S6	519963689	958460417	"1:1000000:""gw"""	"3:200000:"""""				/eos/user/c/cglenn/FCCWork/whizard/whizard_ttbar_spinpol/production/full6f_365gev_ee_ttbar_spinpol_v1/phase11_diagnostics/excess_weight_rootcause_v1/ttbar_restricted_region_suite_v1/restricted/20260816T230807Z_WT_A15xS8_F012_FCC_np1/fixed/A10_S6/F0
C_A10_S6_F1	fixed	A10_S6_F1	A10_S6	A10	F1	S6	519963689	958460417	"1:1000000:""gw"""	"1:600000:"""""				/eos/user/c/cglenn/FCCWork/whizard/whizard_ttbar_spinpol/production/full6f_365gev_ee_ttbar_spinpol_v1/phase11_diagnostics/excess_weight_rootcause_v1/ttbar_restricted_region_suite_v1/restricted/20260816T230807Z_WT_A15xS8_F012_FCC_np1/fixed/A10_S6/F1
C_A10_S6_F2	fixed	A10_S6_F2	A10_S6	A10	F2	S6	519963689	958460417	"1:1000000:""gw"""	"1:2000000:"""""				/eos/user/c/cglenn/FCCWork/whizard/whizard_ttbar_spinpol/production/full6f_365gev_ee_ttbar_spinpol_v1/phase11_diagnostics/excess_weight_rootcause_v1/ttbar_restricted_region_suite_v1/restricted/20260816T230807Z_WT_A15xS8_F012_FCC_np1/fixed/A10_S6/F2
P_A10_S7	adaptive	A10_S7		A10		S7	1552803368	239117595	"1:1000000:""gw"""					/eos/user/c/cglenn/FCCWork/whizard/whizard_ttbar_spinpol/production/full6f_365gev_ee_ttbar_spinpol_v1/phase11_diagnostics/excess_weight_rootcause_v1/ttbar_restricted_region_suite_v1/restricted/20260816T230807Z_WT_A15xS8_F012_FCC_np1/adaptive/A10_S7
C_A10_S7_F0	fixed	A10_S7_F0	A10_S7	A10	F0	S7	1552803368	239117595	"1:1000000:""gw"""	"3:200000:"""""				/eos/user/c/cglenn/FCCWork/whizard/whizard_ttbar_spinpol/production/full6f_365gev_ee_ttbar_spinpol_v1/phase11_diagnostics/excess_weight_rootcause_v1/ttbar_restricted_region_suite_v1/restricted/20260816T230807Z_WT_A15xS8_F012_FCC_np1/fixed/A10_S7/F0
C_A10_S7_F1	fixed	A10_S7_F1	A10_S7	A10	F1	S7	1552803368	239117595	"1:1000000:""gw"""	"1:600000:"""""				/eos/user/c/cglenn/FCCWork/whizard/whizard_ttbar_spinpol/production/full6f_365gev_ee_ttbar_spinpol_v1/phase11_diagnostics/excess_weight_rootcause_v1/ttbar_restricted_region_suite_v1/restricted/20260816T230807Z_WT_A15xS8_F012_FCC_np1/fixed/A10_S7/F1
C_A10_S7_F2	fixed	A10_S7_F2	A10_S7	A10	F2	S7	1552803368	239117595	"1:1000000:""gw"""	"1:2000000:"""""				/eos/user/c/cglenn/FCCWork/whizard/whizard_ttbar_spinpol/production/full6f_365gev_ee_ttbar_spinpol_v1/phase11_diagnostics/excess_weight_rootcause_v1/ttbar_restricted_region_suite_v1/restricted/20260816T230807Z_WT_A15xS8_F012_FCC_np1/fixed/A10_S7/F2
P_A11_S0	adaptive	A11_S0		A11		S0	1740114216	648318690	"1:100000:""gw"",1:300000:""gw"",1:600000:""gw"""					/eos/user/c/cglenn/FCCWork/whizard/whizard_ttbar_spinpol/production/full6f_365gev_ee_ttbar_spinpol_v1/phase11_diagnostics/excess_weight_rootcause_v1/ttbar_restricted_region_suite_v1/restricted/20260816T230807Z_WT_A15xS8_F012_FCC_np1/adaptive/A11_S0
C_A11_S0_F0	fixed	A11_S0_F0	A11_S0	A11	F0	S0	1740114216	648318690	"1:100000:""gw"",1:300000:""gw"",1:600000:""gw"""	"3:200000:"""""				/eos/user/c/cglenn/FCCWork/whizard/whizard_ttbar_spinpol/production/full6f_365gev_ee_ttbar_spinpol_v1/phase11_diagnostics/excess_weight_rootcause_v1/ttbar_restricted_region_suite_v1/restricted/20260816T230807Z_WT_A15xS8_F012_FCC_np1/fixed/A11_S0/F0
C_A11_S0_F1	fixed	A11_S0_F1	A11_S0	A11	F1	S0	1740114216	648318690	"1:100000:""gw"",1:300000:""gw"",1:600000:""gw"""	"1:600000:"""""				/eos/user/c/cglenn/FCCWork/whizard/whizard_ttbar_spinpol/production/full6f_365gev_ee_ttbar_spinpol_v1/phase11_diagnostics/excess_weight_rootcause_v1/ttbar_restricted_region_suite_v1/restricted/20260816T230807Z_WT_A15xS8_F012_FCC_np1/fixed/A11_S0/F1
C_A11_S0_F2	fixed	A11_S0_F2	A11_S0	A11	F2	S0	1740114216	648318690	"1:100000:""gw"",1:300000:""gw"",1:600000:""gw"""	"1:2000000:"""""				/eos/user/c/cglenn/FCCWork/whizard/whizard_ttbar_spinpol/production/full6f_365gev_ee_ttbar_spinpol_v1/phase11_diagnostics/excess_weight_rootcause_v1/ttbar_restricted_region_suite_v1/restricted/20260816T230807Z_WT_A15xS8_F012_FCC_np1/fixed/A11_S0/F2
P_A11_S1	adaptive	A11_S1		A11		S1	1751949026	1404282457	"1:100000:""gw"",1:300000:""gw"",1:600000:""gw"""					/eos/user/c/cglenn/FCCWork/whizard/whizard_ttbar_spinpol/production/full6f_365gev_ee_ttbar_spinpol_v1/phase11_diagnostics/excess_weight_rootcause_v1/ttbar_restricted_region_suite_v1/restricted/20260816T230807Z_WT_A15xS8_F012_FCC_np1/adaptive/A11_S1
C_A11_S1_F0	fixed	A11_S1_F0	A11_S1	A11	F0	S1	1751949026	1404282457	"1:100000:""gw"",1:300000:""gw"",1:600000:""gw"""	"3:200000:"""""				/eos/user/c/cglenn/FCCWork/whizard/whizard_ttbar_spinpol/production/full6f_365gev_ee_ttbar_spinpol_v1/phase11_diagnostics/excess_weight_rootcause_v1/ttbar_restricted_region_suite_v1/restricted/20260816T230807Z_WT_A15xS8_F012_FCC_np1/fixed/A11_S1/F0
C_A11_S1_F1	fixed	A11_S1_F1	A11_S1	A11	F1	S1	1751949026	1404282457	"1:100000:""gw"",1:300000:""gw"",1:600000:""gw"""	"1:600000:"""""				/eos/user/c/cglenn/FCCWork/whizard/whizard_ttbar_spinpol/production/full6f_365gev_ee_ttbar_spinpol_v1/phase11_diagnostics/excess_weight_rootcause_v1/ttbar_restricted_region_suite_v1/restricted/20260816T230807Z_WT_A15xS8_F012_FCC_np1/fixed/A11_S1/F1
C_A11_S1_F2	fixed	A11_S1_F2	A11_S1	A11	F2	S1	1751949026	1404282457	"1:100000:""gw"",1:300000:""gw"",1:600000:""gw"""	"1:2000000:"""""				/eos/user/c/cglenn/FCCWork/whizard/whizard_ttbar_spinpol/production/full6f_365gev_ee_ttbar_spinpol_v1/phase11_diagnostics/excess_weight_rootcause_v1/ttbar_restricted_region_suite_v1/restricted/20260816T230807Z_WT_A15xS8_F012_FCC_np1/fixed/A11_S1/F2
P_A11_S2	adaptive	A11_S2		A11		S2	1885084773	1596606550	"1:100000:""gw"",1:300000:""gw"",1:600000:""gw"""					/eos/user/c/cglenn/FCCWork/whizard/whizard_ttbar_spinpol/production/full6f_365gev_ee_ttbar_spinpol_v1/phase11_diagnostics/excess_weight_rootcause_v1/ttbar_restricted_region_suite_v1/restricted/20260816T230807Z_WT_A15xS8_F012_FCC_np1/adaptive/A11_S2
C_A11_S2_F0	fixed	A11_S2_F0	A11_S2	A11	F0	S2	1885084773	1596606550	"1:100000:""gw"",1:300000:""gw"",1:600000:""gw"""	"3:200000:"""""				/eos/user/c/cglenn/FCCWork/whizard/whizard_ttbar_spinpol/production/full6f_365gev_ee_ttbar_spinpol_v1/phase11_diagnostics/excess_weight_rootcause_v1/ttbar_restricted_region_suite_v1/restricted/20260816T230807Z_WT_A15xS8_F012_FCC_np1/fixed/A11_S2/F0
C_A11_S2_F1	fixed	A11_S2_F1	A11_S2	A11	F1	S2	1885084773	1596606550	"1:100000:""gw"",1:300000:""gw"",1:600000:""gw"""	"1:600000:"""""				/eos/user/c/cglenn/FCCWork/whizard/whizard_ttbar_spinpol/production/full6f_365gev_ee_ttbar_spinpol_v1/phase11_diagnostics/excess_weight_rootcause_v1/ttbar_restricted_region_suite_v1/restricted/20260816T230807Z_WT_A15xS8_F012_FCC_np1/fixed/A11_S2/F1
C_A11_S2_F2	fixed	A11_S2_F2	A11_S2	A11	F2	S2	1885084773	1596606550	"1:100000:""gw"",1:300000:""gw"",1:600000:""gw"""	"1:2000000:"""""				/eos/user/c/cglenn/FCCWork/whizard/whizard_ttbar_spinpol/production/full6f_365gev_ee_ttbar_spinpol_v1/phase11_diagnostics/excess_weight_rootcause_v1/ttbar_restricted_region_suite_v1/restricted/20260816T230807Z_WT_A15xS8_F012_FCC_np1/fixed/A11_S2/F2
P_A11_S3	adaptive	A11_S3		A11		S3	134326786	769890491	"1:100000:""gw"",1:300000:""gw"",1:600000:""gw"""					/eos/user/c/cglenn/FCCWork/whizard/whizard_ttbar_spinpol/production/full6f_365gev_ee_ttbar_spinpol_v1/phase11_diagnostics/excess_weight_rootcause_v1/ttbar_restricted_region_suite_v1/restricted/20260816T230807Z_WT_A15xS8_F012_FCC_np1/adaptive/A11_S3
C_A11_S3_F0	fixed	A11_S3_F0	A11_S3	A11	F0	S3	134326786	769890491	"1:100000:""gw"",1:300000:""gw"",1:600000:""gw"""	"3:200000:"""""				/eos/user/c/cglenn/FCCWork/whizard/whizard_ttbar_spinpol/production/full6f_365gev_ee_ttbar_spinpol_v1/phase11_diagnostics/excess_weight_rootcause_v1/ttbar_restricted_region_suite_v1/restricted/20260816T230807Z_WT_A15xS8_F012_FCC_np1/fixed/A11_S3/F0
C_A11_S3_F1	fixed	A11_S3_F1	A11_S3	A11	F1	S3	134326786	769890491	"1:100000:""gw"",1:300000:""gw"",1:600000:""gw"""	"1:600000:"""""				/eos/user/c/cglenn/FCCWork/whizard/whizard_ttbar_spinpol/production/full6f_365gev_ee_ttbar_spinpol_v1/phase11_diagnostics/excess_weight_rootcause_v1/ttbar_restricted_region_suite_v1/restricted/20260816T230807Z_WT_A15xS8_F012_FCC_np1/fixed/A11_S3/F1
C_A11_S3_F2	fixed	A11_S3_F2	A11_S3	A11	F2	S3	134326786	769890491	"1:100000:""gw"",1:300000:""gw"",1:600000:""gw"""	"1:2000000:"""""				/eos/user/c/cglenn/FCCWork/whizard/whizard_ttbar_spinpol/production/full6f_365gev_ee_ttbar_spinpol_v1/phase11_diagnostics/excess_weight_rootcause_v1/ttbar_restricted_region_suite_v1/restricted/20260816T230807Z_WT_A15xS8_F012_FCC_np1/fixed/A11_S3/F2
P_A11_S4	adaptive	A11_S4		A11		S4	249371675	462903030	"1:100000:""gw"",1:300000:""gw"",1:600000:""gw"""					/eos/user/c/cglenn/FCCWork/whizard/whizard_ttbar_spinpol/production/full6f_365gev_ee_ttbar_spinpol_v1/phase11_diagnostics/excess_weight_rootcause_v1/ttbar_restricted_region_suite_v1/restricted/20260816T230807Z_WT_A15xS8_F012_FCC_np1/adaptive/A11_S4
C_A11_S4_F0	fixed	A11_S4_F0	A11_S4	A11	F0	S4	249371675	462903030	"1:100000:""gw"",1:300000:""gw"",1:600000:""gw"""	"3:200000:"""""				/eos/user/c/cglenn/FCCWork/whizard/whizard_ttbar_spinpol/production/full6f_365gev_ee_ttbar_spinpol_v1/phase11_diagnostics/excess_weight_rootcause_v1/ttbar_restricted_region_suite_v1/restricted/20260816T230807Z_WT_A15xS8_F012_FCC_np1/fixed/A11_S4/F0
C_A11_S4_F1	fixed	A11_S4_F1	A11_S4	A11	F1	S4	249371675	462903030	"1:100000:""gw"",1:300000:""gw"",1:600000:""gw"""	"1:600000:"""""				/eos/user/c/cglenn/FCCWork/whizard/whizard_ttbar_spinpol/production/full6f_365gev_ee_ttbar_spinpol_v1/phase11_diagnostics/excess_weight_rootcause_v1/ttbar_restricted_region_suite_v1/restricted/20260816T230807Z_WT_A15xS8_F012_FCC_np1/fixed/A11_S4/F1
C_A11_S4_F2	fixed	A11_S4_F2	A11_S4	A11	F2	S4	249371675	462903030	"1:100000:""gw"",1:300000:""gw"",1:600000:""gw"""	"1:2000000:"""""				/eos/user/c/cglenn/FCCWork/whizard/whizard_ttbar_spinpol/production/full6f_365gev_ee_ttbar_spinpol_v1/phase11_diagnostics/excess_weight_rootcause_v1/ttbar_restricted_region_suite_v1/restricted/20260816T230807Z_WT_A15xS8_F012_FCC_np1/fixed/A11_S4/F2
P_A11_S5	adaptive	A11_S5		A11		S5	531087687	197846737	"1:100000:""gw"",1:300000:""gw"",1:600000:""gw"""					/eos/user/c/cglenn/FCCWork/whizard/whizard_ttbar_spinpol/production/full6f_365gev_ee_ttbar_spinpol_v1/phase11_diagnostics/excess_weight_rootcause_v1/ttbar_restricted_region_suite_v1/restricted/20260816T230807Z_WT_A15xS8_F012_FCC_np1/adaptive/A11_S5
C_A11_S5_F0	fixed	A11_S5_F0	A11_S5	A11	F0	S5	531087687	197846737	"1:100000:""gw"",1:300000:""gw"",1:600000:""gw"""	"3:200000:"""""				/eos/user/c/cglenn/FCCWork/whizard/whizard_ttbar_spinpol/production/full6f_365gev_ee_ttbar_spinpol_v1/phase11_diagnostics/excess_weight_rootcause_v1/ttbar_restricted_region_suite_v1/restricted/20260816T230807Z_WT_A15xS8_F012_FCC_np1/fixed/A11_S5/F0
C_A11_S5_F1	fixed	A11_S5_F1	A11_S5	A11	F1	S5	531087687	197846737	"1:100000:""gw"",1:300000:""gw"",1:600000:""gw"""	"1:600000:"""""				/eos/user/c/cglenn/FCCWork/whizard/whizard_ttbar_spinpol/production/full6f_365gev_ee_ttbar_spinpol_v1/phase11_diagnostics/excess_weight_rootcause_v1/ttbar_restricted_region_suite_v1/restricted/20260816T230807Z_WT_A15xS8_F012_FCC_np1/fixed/A11_S5/F1
C_A11_S5_F2	fixed	A11_S5_F2	A11_S5	A11	F2	S5	531087687	197846737	"1:100000:""gw"",1:300000:""gw"",1:600000:""gw"""	"1:2000000:"""""				/eos/user/c/cglenn/FCCWork/whizard/whizard_ttbar_spinpol/production/full6f_365gev_ee_ttbar_spinpol_v1/phase11_diagnostics/excess_weight_rootcause_v1/ttbar_restricted_region_suite_v1/restricted/20260816T230807Z_WT_A15xS8_F012_FCC_np1/fixed/A11_S5/F2
P_A11_S6	adaptive	A11_S6		A11		S6	519963689	958460417	"1:100000:""gw"",1:300000:""gw"",1:600000:""gw"""					/eos/user/c/cglenn/FCCWork/whizard/whizard_ttbar_spinpol/production/full6f_365gev_ee_ttbar_spinpol_v1/phase11_diagnostics/excess_weight_rootcause_v1/ttbar_restricted_region_suite_v1/restricted/20260816T230807Z_WT_A15xS8_F012_FCC_np1/adaptive/A11_S6
C_A11_S6_F0	fixed	A11_S6_F0	A11_S6	A11	F0	S6	519963689	958460417	"1:100000:""gw"",1:300000:""gw"",1:600000:""gw"""	"3:200000:"""""				/eos/user/c/cglenn/FCCWork/whizard/whizard_ttbar_spinpol/production/full6f_365gev_ee_ttbar_spinpol_v1/phase11_diagnostics/excess_weight_rootcause_v1/ttbar_restricted_region_suite_v1/restricted/20260816T230807Z_WT_A15xS8_F012_FCC_np1/fixed/A11_S6/F0
C_A11_S6_F1	fixed	A11_S6_F1	A11_S6	A11	F1	S6	519963689	958460417	"1:100000:""gw"",1:300000:""gw"",1:600000:""gw"""	"1:600000:"""""				/eos/user/c/cglenn/FCCWork/whizard/whizard_ttbar_spinpol/production/full6f_365gev_ee_ttbar_spinpol_v1/phase11_diagnostics/excess_weight_rootcause_v1/ttbar_restricted_region_suite_v1/restricted/20260816T230807Z_WT_A15xS8_F012_FCC_np1/fixed/A11_S6/F1
C_A11_S6_F2	fixed	A11_S6_F2	A11_S6	A11	F2	S6	519963689	958460417	"1:100000:""gw"",1:300000:""gw"",1:600000:""gw"""	"1:2000000:"""""				/eos/user/c/cglenn/FCCWork/whizard/whizard_ttbar_spinpol/production/full6f_365gev_ee_ttbar_spinpol_v1/phase11_diagnostics/excess_weight_rootcause_v1/ttbar_restricted_region_suite_v1/restricted/20260816T230807Z_WT_A15xS8_F012_FCC_np1/fixed/A11_S6/F2
P_A11_S7	adaptive	A11_S7		A11		S7	1552803368	239117595	"1:100000:""gw"",1:300000:""gw"",1:600000:""gw"""					/eos/user/c/cglenn/FCCWork/whizard/whizard_ttbar_spinpol/production/full6f_365gev_ee_ttbar_spinpol_v1/phase11_diagnostics/excess_weight_rootcause_v1/ttbar_restricted_region_suite_v1/restricted/20260816T230807Z_WT_A15xS8_F012_FCC_np1/adaptive/A11_S7
C_A11_S7_F0	fixed	A11_S7_F0	A11_S7	A11	F0	S7	1552803368	239117595	"1:100000:""gw"",1:300000:""gw"",1:600000:""gw"""	"3:200000:"""""				/eos/user/c/cglenn/FCCWork/whizard/whizard_ttbar_spinpol/production/full6f_365gev_ee_ttbar_spinpol_v1/phase11_diagnostics/excess_weight_rootcause_v1/ttbar_restricted_region_suite_v1/restricted/20260816T230807Z_WT_A15xS8_F012_FCC_np1/fixed/A11_S7/F0
C_A11_S7_F1	fixed	A11_S7_F1	A11_S7	A11	F1	S7	1552803368	239117595	"1:100000:""gw"",1:300000:""gw"",1:600000:""gw"""	"1:600000:"""""				/eos/user/c/cglenn/FCCWork/whizard/whizard_ttbar_spinpol/production/full6f_365gev_ee_ttbar_spinpol_v1/phase11_diagnostics/excess_weight_rootcause_v1/ttbar_restricted_region_suite_v1/restricted/20260816T230807Z_WT_A15xS8_F012_FCC_np1/fixed/A11_S7/F1
C_A11_S7_F2	fixed	A11_S7_F2	A11_S7	A11	F2	S7	1552803368	239117595	"1:100000:""gw"",1:300000:""gw"",1:600000:""gw"""	"1:2000000:"""""				/eos/user/c/cglenn/FCCWork/whizard/whizard_ttbar_spinpol/production/full6f_365gev_ee_ttbar_spinpol_v1/phase11_diagnostics/excess_weight_rootcause_v1/ttbar_restricted_region_suite_v1/restricted/20260816T230807Z_WT_A15xS8_F012_FCC_np1/fixed/A11_S7/F2
P_A12_S0	adaptive	A12_S0		A12		S0	1740114216	648318690	"1:250000:""gw"",1:500000:""gw"",1:1000000:""gw"""					/eos/user/c/cglenn/FCCWork/whizard/whizard_ttbar_spinpol/production/full6f_365gev_ee_ttbar_spinpol_v1/phase11_diagnostics/excess_weight_rootcause_v1/ttbar_restricted_region_suite_v1/restricted/20260816T230807Z_WT_A15xS8_F012_FCC_np1/adaptive/A12_S0
C_A12_S0_F0	fixed	A12_S0_F0	A12_S0	A12	F0	S0	1740114216	648318690	"1:250000:""gw"",1:500000:""gw"",1:1000000:""gw"""	"3:200000:"""""				/eos/user/c/cglenn/FCCWork/whizard/whizard_ttbar_spinpol/production/full6f_365gev_ee_ttbar_spinpol_v1/phase11_diagnostics/excess_weight_rootcause_v1/ttbar_restricted_region_suite_v1/restricted/20260816T230807Z_WT_A15xS8_F012_FCC_np1/fixed/A12_S0/F0
C_A12_S0_F1	fixed	A12_S0_F1	A12_S0	A12	F1	S0	1740114216	648318690	"1:250000:""gw"",1:500000:""gw"",1:1000000:""gw"""	"1:600000:"""""				/eos/user/c/cglenn/FCCWork/whizard/whizard_ttbar_spinpol/production/full6f_365gev_ee_ttbar_spinpol_v1/phase11_diagnostics/excess_weight_rootcause_v1/ttbar_restricted_region_suite_v1/restricted/20260816T230807Z_WT_A15xS8_F012_FCC_np1/fixed/A12_S0/F1
C_A12_S0_F2	fixed	A12_S0_F2	A12_S0	A12	F2	S0	1740114216	648318690	"1:250000:""gw"",1:500000:""gw"",1:1000000:""gw"""	"1:2000000:"""""				/eos/user/c/cglenn/FCCWork/whizard/whizard_ttbar_spinpol/production/full6f_365gev_ee_ttbar_spinpol_v1/phase11_diagnostics/excess_weight_rootcause_v1/ttbar_restricted_region_suite_v1/restricted/20260816T230807Z_WT_A15xS8_F012_FCC_np1/fixed/A12_S0/F2
P_A12_S1	adaptive	A12_S1		A12		S1	1751949026	1404282457	"1:250000:""gw"",1:500000:""gw"",1:1000000:""gw"""					/eos/user/c/cglenn/FCCWork/whizard/whizard_ttbar_spinpol/production/full6f_365gev_ee_ttbar_spinpol_v1/phase11_diagnostics/excess_weight_rootcause_v1/ttbar_restricted_region_suite_v1/restricted/20260816T230807Z_WT_A15xS8_F012_FCC_np1/adaptive/A12_S1
C_A12_S1_F0	fixed	A12_S1_F0	A12_S1	A12	F0	S1	1751949026	1404282457	"1:250000:""gw"",1:500000:""gw"",1:1000000:""gw"""	"3:200000:"""""				/eos/user/c/cglenn/FCCWork/whizard/whizard_ttbar_spinpol/production/full6f_365gev_ee_ttbar_spinpol_v1/phase11_diagnostics/excess_weight_rootcause_v1/ttbar_restricted_region_suite_v1/restricted/20260816T230807Z_WT_A15xS8_F012_FCC_np1/fixed/A12_S1/F0
C_A12_S1_F1	fixed	A12_S1_F1	A12_S1	A12	F1	S1	1751949026	1404282457	"1:250000:""gw"",1:500000:""gw"",1:1000000:""gw"""	"1:600000:"""""				/eos/user/c/cglenn/FCCWork/whizard/whizard_ttbar_spinpol/production/full6f_365gev_ee_ttbar_spinpol_v1/phase11_diagnostics/excess_weight_rootcause_v1/ttbar_restricted_region_suite_v1/restricted/20260816T230807Z_WT_A15xS8_F012_FCC_np1/fixed/A12_S1/F1
C_A12_S1_F2	fixed	A12_S1_F2	A12_S1	A12	F2	S1	1751949026	1404282457	"1:250000:""gw"",1:500000:""gw"",1:1000000:""gw"""	"1:2000000:"""""				/eos/user/c/cglenn/FCCWork/whizard/whizard_ttbar_spinpol/production/full6f_365gev_ee_ttbar_spinpol_v1/phase11_diagnostics/excess_weight_rootcause_v1/ttbar_restricted_region_suite_v1/restricted/20260816T230807Z_WT_A15xS8_F012_FCC_np1/fixed/A12_S1/F2
P_A12_S2	adaptive	A12_S2		A12		S2	1885084773	1596606550	"1:250000:""gw"",1:500000:""gw"",1:1000000:""gw"""					/eos/user/c/cglenn/FCCWork/whizard/whizard_ttbar_spinpol/production/full6f_365gev_ee_ttbar_spinpol_v1/phase11_diagnostics/excess_weight_rootcause_v1/ttbar_restricted_region_suite_v1/restricted/20260816T230807Z_WT_A15xS8_F012_FCC_np1/adaptive/A12_S2
C_A12_S2_F0	fixed	A12_S2_F0	A12_S2	A12	F0	S2	1885084773	1596606550	"1:250000:""gw"",1:500000:""gw"",1:1000000:""gw"""	"3:200000:"""""				/eos/user/c/cglenn/FCCWork/whizard/whizard_ttbar_spinpol/production/full6f_365gev_ee_ttbar_spinpol_v1/phase11_diagnostics/excess_weight_rootcause_v1/ttbar_restricted_region_suite_v1/restricted/20260816T230807Z_WT_A15xS8_F012_FCC_np1/fixed/A12_S2/F0
C_A12_S2_F1	fixed	A12_S2_F1	A12_S2	A12	F1	S2	1885084773	1596606550	"1:250000:""gw"",1:500000:""gw"",1:1000000:""gw"""	"1:600000:"""""				/eos/user/c/cglenn/FCCWork/whizard/whizard_ttbar_spinpol/production/full6f_365gev_ee_ttbar_spinpol_v1/phase11_diagnostics/excess_weight_rootcause_v1/ttbar_restricted_region_suite_v1/restricted/20260816T230807Z_WT_A15xS8_F012_FCC_np1/fixed/A12_S2/F1
C_A12_S2_F2	fixed	A12_S2_F2	A12_S2	A12	F2	S2	1885084773	1596606550	"1:250000:""gw"",1:500000:""gw"",1:1000000:""gw"""	"1:2000000:"""""				/eos/user/c/cglenn/FCCWork/whizard/whizard_ttbar_spinpol/production/full6f_365gev_ee_ttbar_spinpol_v1/phase11_diagnostics/excess_weight_rootcause_v1/ttbar_restricted_region_suite_v1/restricted/20260816T230807Z_WT_A15xS8_F012_FCC_np1/fixed/A12_S2/F2
P_A12_S3	adaptive	A12_S3		A12		S3	134326786	769890491	"1:250000:""gw"",1:500000:""gw"",1:1000000:""gw"""					/eos/user/c/cglenn/FCCWork/whizard/whizard_ttbar_spinpol/production/full6f_365gev_ee_ttbar_spinpol_v1/phase11_diagnostics/excess_weight_rootcause_v1/ttbar_restricted_region_suite_v1/restricted/20260816T230807Z_WT_A15xS8_F012_FCC_np1/adaptive/A12_S3
C_A12_S3_F0	fixed	A12_S3_F0	A12_S3	A12	F0	S3	134326786	769890491	"1:250000:""gw"",1:500000:""gw"",1:1000000:""gw"""	"3:200000:"""""				/eos/user/c/cglenn/FCCWork/whizard/whizard_ttbar_spinpol/production/full6f_365gev_ee_ttbar_spinpol_v1/phase11_diagnostics/excess_weight_rootcause_v1/ttbar_restricted_region_suite_v1/restricted/20260816T230807Z_WT_A15xS8_F012_FCC_np1/fixed/A12_S3/F0
C_A12_S3_F1	fixed	A12_S3_F1	A12_S3	A12	F1	S3	134326786	769890491	"1:250000:""gw"",1:500000:""gw"",1:1000000:""gw"""	"1:600000:"""""				/eos/user/c/cglenn/FCCWork/whizard/whizard_ttbar_spinpol/production/full6f_365gev_ee_ttbar_spinpol_v1/phase11_diagnostics/excess_weight_rootcause_v1/ttbar_restricted_region_suite_v1/restricted/20260816T230807Z_WT_A15xS8_F012_FCC_np1/fixed/A12_S3/F1
C_A12_S3_F2	fixed	A12_S3_F2	A12_S3	A12	F2	S3	134326786	769890491	"1:250000:""gw"",1:500000:""gw"",1:1000000:""gw"""	"1:2000000:"""""				/eos/user/c/cglenn/FCCWork/whizard/whizard_ttbar_spinpol/production/full6f_365gev_ee_ttbar_spinpol_v1/phase11_diagnostics/excess_weight_rootcause_v1/ttbar_restricted_region_suite_v1/restricted/20260816T230807Z_WT_A15xS8_F012_FCC_np1/fixed/A12_S3/F2
P_A12_S4	adaptive	A12_S4		A12		S4	249371675	462903030	"1:250000:""gw"",1:500000:""gw"",1:1000000:""gw"""					/eos/user/c/cglenn/FCCWork/whizard/whizard_ttbar_spinpol/production/full6f_365gev_ee_ttbar_spinpol_v1/phase11_diagnostics/excess_weight_rootcause_v1/ttbar_restricted_region_suite_v1/restricted/20260816T230807Z_WT_A15xS8_F012_FCC_np1/adaptive/A12_S4
C_A12_S4_F0	fixed	A12_S4_F0	A12_S4	A12	F0	S4	249371675	462903030	"1:250000:""gw"",1:500000:""gw"",1:1000000:""gw"""	"3:200000:"""""				/eos/user/c/cglenn/FCCWork/whizard/whizard_ttbar_spinpol/production/full6f_365gev_ee_ttbar_spinpol_v1/phase11_diagnostics/excess_weight_rootcause_v1/ttbar_restricted_region_suite_v1/restricted/20260816T230807Z_WT_A15xS8_F012_FCC_np1/fixed/A12_S4/F0
C_A12_S4_F1	fixed	A12_S4_F1	A12_S4	A12	F1	S4	249371675	462903030	"1:250000:""gw"",1:500000:""gw"",1:1000000:""gw"""	"1:600000:"""""				/eos/user/c/cglenn/FCCWork/whizard/whizard_ttbar_spinpol/production/full6f_365gev_ee_ttbar_spinpol_v1/phase11_diagnostics/excess_weight_rootcause_v1/ttbar_restricted_region_suite_v1/restricted/20260816T230807Z_WT_A15xS8_F012_FCC_np1/fixed/A12_S4/F1
C_A12_S4_F2	fixed	A12_S4_F2	A12_S4	A12	F2	S4	249371675	462903030	"1:250000:""gw"",1:500000:""gw"",1:1000000:""gw"""	"1:2000000:"""""				/eos/user/c/cglenn/FCCWork/whizard/whizard_ttbar_spinpol/production/full6f_365gev_ee_ttbar_spinpol_v1/phase11_diagnostics/excess_weight_rootcause_v1/ttbar_restricted_region_suite_v1/restricted/20260816T230807Z_WT_A15xS8_F012_FCC_np1/fixed/A12_S4/F2
P_A12_S5	adaptive	A12_S5		A12		S5	531087687	197846737	"1:250000:""gw"",1:500000:""gw"",1:1000000:""gw"""					/eos/user/c/cglenn/FCCWork/whizard/whizard_ttbar_spinpol/production/full6f_365gev_ee_ttbar_spinpol_v1/phase11_diagnostics/excess_weight_rootcause_v1/ttbar_restricted_region_suite_v1/restricted/20260816T230807Z_WT_A15xS8_F012_FCC_np1/adaptive/A12_S5
C_A12_S5_F0	fixed	A12_S5_F0	A12_S5	A12	F0	S5	531087687	197846737	"1:250000:""gw"",1:500000:""gw"",1:1000000:""gw"""	"3:200000:"""""				/eos/user/c/cglenn/FCCWork/whizard/whizard_ttbar_spinpol/production/full6f_365gev_ee_ttbar_spinpol_v1/phase11_diagnostics/excess_weight_rootcause_v1/ttbar_restricted_region_suite_v1/restricted/20260816T230807Z_WT_A15xS8_F012_FCC_np1/fixed/A12_S5/F0
C_A12_S5_F1	fixed	A12_S5_F1	A12_S5	A12	F1	S5	531087687	197846737	"1:250000:""gw"",1:500000:""gw"",1:1000000:""gw"""	"1:600000:"""""				/eos/user/c/cglenn/FCCWork/whizard/whizard_ttbar_spinpol/production/full6f_365gev_ee_ttbar_spinpol_v1/phase11_diagnostics/excess_weight_rootcause_v1/ttbar_restricted_region_suite_v1/restricted/20260816T230807Z_WT_A15xS8_F012_FCC_np1/fixed/A12_S5/F1
C_A12_S5_F2	fixed	A12_S5_F2	A12_S5	A12	F2	S5	531087687	197846737	"1:250000:""gw"",1:500000:""gw"",1:1000000:""gw"""	"1:2000000:"""""				/eos/user/c/cglenn/FCCWork/whizard/whizard_ttbar_spinpol/production/full6f_365gev_ee_ttbar_spinpol_v1/phase11_diagnostics/excess_weight_rootcause_v1/ttbar_restricted_region_suite_v1/restricted/20260816T230807Z_WT_A15xS8_F012_FCC_np1/fixed/A12_S5/F2
P_A12_S6	adaptive	A12_S6		A12		S6	519963689	958460417	"1:250000:""gw"",1:500000:""gw"",1:1000000:""gw"""					/eos/user/c/cglenn/FCCWork/whizard/whizard_ttbar_spinpol/production/full6f_365gev_ee_ttbar_spinpol_v1/phase11_diagnostics/excess_weight_rootcause_v1/ttbar_restricted_region_suite_v1/restricted/20260816T230807Z_WT_A15xS8_F012_FCC_np1/adaptive/A12_S6
C_A12_S6_F0	fixed	A12_S6_F0	A12_S6	A12	F0	S6	519963689	958460417	"1:250000:""gw"",1:500000:""gw"",1:1000000:""gw"""	"3:200000:"""""				/eos/user/c/cglenn/FCCWork/whizard/whizard_ttbar_spinpol/production/full6f_365gev_ee_ttbar_spinpol_v1/phase11_diagnostics/excess_weight_rootcause_v1/ttbar_restricted_region_suite_v1/restricted/20260816T230807Z_WT_A15xS8_F012_FCC_np1/fixed/A12_S6/F0
C_A12_S6_F1	fixed	A12_S6_F1	A12_S6	A12	F1	S6	519963689	958460417	"1:250000:""gw"",1:500000:""gw"",1:1000000:""gw"""	"1:600000:"""""				/eos/user/c/cglenn/FCCWork/whizard/whizard_ttbar_spinpol/production/full6f_365gev_ee_ttbar_spinpol_v1/phase11_diagnostics/excess_weight_rootcause_v1/ttbar_restricted_region_suite_v1/restricted/20260816T230807Z_WT_A15xS8_F012_FCC_np1/fixed/A12_S6/F1
C_A12_S6_F2	fixed	A12_S6_F2	A12_S6	A12	F2	S6	519963689	958460417	"1:250000:""gw"",1:500000:""gw"",1:1000000:""gw"""	"1:2000000:"""""				/eos/user/c/cglenn/FCCWork/whizard/whizard_ttbar_spinpol/production/full6f_365gev_ee_ttbar_spinpol_v1/phase11_diagnostics/excess_weight_rootcause_v1/ttbar_restricted_region_suite_v1/restricted/20260816T230807Z_WT_A15xS8_F012_FCC_np1/fixed/A12_S6/F2
P_A12_S7	adaptive	A12_S7		A12		S7	1552803368	239117595	"1:250000:""gw"",1:500000:""gw"",1:1000000:""gw"""					/eos/user/c/cglenn/FCCWork/whizard/whizard_ttbar_spinpol/production/full6f_365gev_ee_ttbar_spinpol_v1/phase11_diagnostics/excess_weight_rootcause_v1/ttbar_restricted_region_suite_v1/restricted/20260816T230807Z_WT_A15xS8_F012_FCC_np1/adaptive/A12_S7
C_A12_S7_F0	fixed	A12_S7_F0	A12_S7	A12	F0	S7	1552803368	239117595	"1:250000:""gw"",1:500000:""gw"",1:1000000:""gw"""	"3:200000:"""""				/eos/user/c/cglenn/FCCWork/whizard/whizard_ttbar_spinpol/production/full6f_365gev_ee_ttbar_spinpol_v1/phase11_diagnostics/excess_weight_rootcause_v1/ttbar_restricted_region_suite_v1/restricted/20260816T230807Z_WT_A15xS8_F012_FCC_np1/fixed/A12_S7/F0
C_A12_S7_F1	fixed	A12_S7_F1	A12_S7	A12	F1	S7	1552803368	239117595	"1:250000:""gw"",1:500000:""gw"",1:1000000:""gw"""	"1:600000:"""""				/eos/user/c/cglenn/FCCWork/whizard/whizard_ttbar_spinpol/production/full6f_365gev_ee_ttbar_spinpol_v1/phase11_diagnostics/excess_weight_rootcause_v1/ttbar_restricted_region_suite_v1/restricted/20260816T230807Z_WT_A15xS8_F012_FCC_np1/fixed/A12_S7/F1
C_A12_S7_F2	fixed	A12_S7_F2	A12_S7	A12	F2	S7	1552803368	239117595	"1:250000:""gw"",1:500000:""gw"",1:1000000:""gw"""	"1:2000000:"""""				/eos/user/c/cglenn/FCCWork/whizard/whizard_ttbar_spinpol/production/full6f_365gev_ee_ttbar_spinpol_v1/phase11_diagnostics/excess_weight_rootcause_v1/ttbar_restricted_region_suite_v1/restricted/20260816T230807Z_WT_A15xS8_F012_FCC_np1/fixed/A12_S7/F2
P_A13_S0	adaptive	A13_S0		A13		S0	1740114216	648318690	"2:1000000:""gw"""					/eos/user/c/cglenn/FCCWork/whizard/whizard_ttbar_spinpol/production/full6f_365gev_ee_ttbar_spinpol_v1/phase11_diagnostics/excess_weight_rootcause_v1/ttbar_restricted_region_suite_v1/restricted/20260816T230807Z_WT_A15xS8_F012_FCC_np1/adaptive/A13_S0
C_A13_S0_F0	fixed	A13_S0_F0	A13_S0	A13	F0	S0	1740114216	648318690	"2:1000000:""gw"""	"3:200000:"""""				/eos/user/c/cglenn/FCCWork/whizard/whizard_ttbar_spinpol/production/full6f_365gev_ee_ttbar_spinpol_v1/phase11_diagnostics/excess_weight_rootcause_v1/ttbar_restricted_region_suite_v1/restricted/20260816T230807Z_WT_A15xS8_F012_FCC_np1/fixed/A13_S0/F0
C_A13_S0_F1	fixed	A13_S0_F1	A13_S0	A13	F1	S0	1740114216	648318690	"2:1000000:""gw"""	"1:600000:"""""				/eos/user/c/cglenn/FCCWork/whizard/whizard_ttbar_spinpol/production/full6f_365gev_ee_ttbar_spinpol_v1/phase11_diagnostics/excess_weight_rootcause_v1/ttbar_restricted_region_suite_v1/restricted/20260816T230807Z_WT_A15xS8_F012_FCC_np1/fixed/A13_S0/F1
C_A13_S0_F2	fixed	A13_S0_F2	A13_S0	A13	F2	S0	1740114216	648318690	"2:1000000:""gw"""	"1:2000000:"""""				/eos/user/c/cglenn/FCCWork/whizard/whizard_ttbar_spinpol/production/full6f_365gev_ee_ttbar_spinpol_v1/phase11_diagnostics/excess_weight_rootcause_v1/ttbar_restricted_region_suite_v1/restricted/20260816T230807Z_WT_A15xS8_F012_FCC_np1/fixed/A13_S0/F2
P_A13_S1	adaptive	A13_S1		A13		S1	1751949026	1404282457	"2:1000000:""gw"""					/eos/user/c/cglenn/FCCWork/whizard/whizard_ttbar_spinpol/production/full6f_365gev_ee_ttbar_spinpol_v1/phase11_diagnostics/excess_weight_rootcause_v1/ttbar_restricted_region_suite_v1/restricted/20260816T230807Z_WT_A15xS8_F012_FCC_np1/adaptive/A13_S1
C_A13_S1_F0	fixed	A13_S1_F0	A13_S1	A13	F0	S1	1751949026	1404282457	"2:1000000:""gw"""	"3:200000:"""""				/eos/user/c/cglenn/FCCWork/whizard/whizard_ttbar_spinpol/production/full6f_365gev_ee_ttbar_spinpol_v1/phase11_diagnostics/excess_weight_rootcause_v1/ttbar_restricted_region_suite_v1/restricted/20260816T230807Z_WT_A15xS8_F012_FCC_np1/fixed/A13_S1/F0
C_A13_S1_F1	fixed	A13_S1_F1	A13_S1	A13	F1	S1	1751949026	1404282457	"2:1000000:""gw"""	"1:600000:"""""				/eos/user/c/cglenn/FCCWork/whizard/whizard_ttbar_spinpol/production/full6f_365gev_ee_ttbar_spinpol_v1/phase11_diagnostics/excess_weight_rootcause_v1/ttbar_restricted_region_suite_v1/restricted/20260816T230807Z_WT_A15xS8_F012_FCC_np1/fixed/A13_S1/F1
C_A13_S1_F2	fixed	A13_S1_F2	A13_S1	A13	F2	S1	1751949026	1404282457	"2:1000000:""gw"""	"1:2000000:"""""				/eos/user/c/cglenn/FCCWork/whizard/whizard_ttbar_spinpol/production/full6f_365gev_ee_ttbar_spinpol_v1/phase11_diagnostics/excess_weight_rootcause_v1/ttbar_restricted_region_suite_v1/restricted/20260816T230807Z_WT_A15xS8_F012_FCC_np1/fixed/A13_S1/F2
P_A13_S2	adaptive	A13_S2		A13		S2	1885084773	1596606550	"2:1000000:""gw"""					/eos/user/c/cglenn/FCCWork/whizard/whizard_ttbar_spinpol/production/full6f_365gev_ee_ttbar_spinpol_v1/phase11_diagnostics/excess_weight_rootcause_v1/ttbar_restricted_region_suite_v1/restricted/20260816T230807Z_WT_A15xS8_F012_FCC_np1/adaptive/A13_S2
C_A13_S2_F0	fixed	A13_S2_F0	A13_S2	A13	F0	S2	1885084773	1596606550	"2:1000000:""gw"""	"3:200000:"""""				/eos/user/c/cglenn/FCCWork/whizard/whizard_ttbar_spinpol/production/full6f_365gev_ee_ttbar_spinpol_v1/phase11_diagnostics/excess_weight_rootcause_v1/ttbar_restricted_region_suite_v1/restricted/20260816T230807Z_WT_A15xS8_F012_FCC_np1/fixed/A13_S2/F0
C_A13_S2_F1	fixed	A13_S2_F1	A13_S2	A13	F1	S2	1885084773	1596606550	"2:1000000:""gw"""	"1:600000:"""""				/eos/user/c/cglenn/FCCWork/whizard/whizard_ttbar_spinpol/production/full6f_365gev_ee_ttbar_spinpol_v1/phase11_diagnostics/excess_weight_rootcause_v1/ttbar_restricted_region_suite_v1/restricted/20260816T230807Z_WT_A15xS8_F012_FCC_np1/fixed/A13_S2/F1
C_A13_S2_F2	fixed	A13_S2_F2	A13_S2	A13	F2	S2	1885084773	1596606550	"2:1000000:""gw"""	"1:2000000:"""""				/eos/user/c/cglenn/FCCWork/whizard/whizard_ttbar_spinpol/production/full6f_365gev_ee_ttbar_spinpol_v1/phase11_diagnostics/excess_weight_rootcause_v1/ttbar_restricted_region_suite_v1/restricted/20260816T230807Z_WT_A15xS8_F012_FCC_np1/fixed/A13_S2/F2
P_A13_S3	adaptive	A13_S3		A13		S3	134326786	769890491	"2:1000000:""gw"""					/eos/user/c/cglenn/FCCWork/whizard/whizard_ttbar_spinpol/production/full6f_365gev_ee_ttbar_spinpol_v1/phase11_diagnostics/excess_weight_rootcause_v1/ttbar_restricted_region_suite_v1/restricted/20260816T230807Z_WT_A15xS8_F012_FCC_np1/adaptive/A13_S3
C_A13_S3_F0	fixed	A13_S3_F0	A13_S3	A13	F0	S3	134326786	769890491	"2:1000000:""gw"""	"3:200000:"""""				/eos/user/c/cglenn/FCCWork/whizard/whizard_ttbar_spinpol/production/full6f_365gev_ee_ttbar_spinpol_v1/phase11_diagnostics/excess_weight_rootcause_v1/ttbar_restricted_region_suite_v1/restricted/20260816T230807Z_WT_A15xS8_F012_FCC_np1/fixed/A13_S3/F0
C_A13_S3_F1	fixed	A13_S3_F1	A13_S3	A13	F1	S3	134326786	769890491	"2:1000000:""gw"""	"1:600000:"""""				/eos/user/c/cglenn/FCCWork/whizard/whizard_ttbar_spinpol/production/full6f_365gev_ee_ttbar_spinpol_v1/phase11_diagnostics/excess_weight_rootcause_v1/ttbar_restricted_region_suite_v1/restricted/20260816T230807Z_WT_A15xS8_F012_FCC_np1/fixed/A13_S3/F1
C_A13_S3_F2	fixed	A13_S3_F2	A13_S3	A13	F2	S3	134326786	769890491	"2:1000000:""gw"""	"1:2000000:"""""				/eos/user/c/cglenn/FCCWork/whizard/whizard_ttbar_spinpol/production/full6f_365gev_ee_ttbar_spinpol_v1/phase11_diagnostics/excess_weight_rootcause_v1/ttbar_restricted_region_suite_v1/restricted/20260816T230807Z_WT_A15xS8_F012_FCC_np1/fixed/A13_S3/F2
P_A13_S4	adaptive	A13_S4		A13		S4	249371675	462903030	"2:1000000:""gw"""					/eos/user/c/cglenn/FCCWork/whizard/whizard_ttbar_spinpol/production/full6f_365gev_ee_ttbar_spinpol_v1/phase11_diagnostics/excess_weight_rootcause_v1/ttbar_restricted_region_suite_v1/restricted/20260816T230807Z_WT_A15xS8_F012_FCC_np1/adaptive/A13_S4
C_A13_S4_F0	fixed	A13_S4_F0	A13_S4	A13	F0	S4	249371675	462903030	"2:1000000:""gw"""	"3:200000:"""""				/eos/user/c/cglenn/FCCWork/whizard/whizard_ttbar_spinpol/production/full6f_365gev_ee_ttbar_spinpol_v1/phase11_diagnostics/excess_weight_rootcause_v1/ttbar_restricted_region_suite_v1/restricted/20260816T230807Z_WT_A15xS8_F012_FCC_np1/fixed/A13_S4/F0
C_A13_S4_F1	fixed	A13_S4_F1	A13_S4	A13	F1	S4	249371675	462903030	"2:1000000:""gw"""	"1:600000:"""""				/eos/user/c/cglenn/FCCWork/whizard/whizard_ttbar_spinpol/production/full6f_365gev_ee_ttbar_spinpol_v1/phase11_diagnostics/excess_weight_rootcause_v1/ttbar_restricted_region_suite_v1/restricted/20260816T230807Z_WT_A15xS8_F012_FCC_np1/fixed/A13_S4/F1
C_A13_S4_F2	fixed	A13_S4_F2	A13_S4	A13	F2	S4	249371675	462903030	"2:1000000:""gw"""	"1:2000000:"""""				/eos/user/c/cglenn/FCCWork/whizard/whizard_ttbar_spinpol/production/full6f_365gev_ee_ttbar_spinpol_v1/phase11_diagnostics/excess_weight_rootcause_v1/ttbar_restricted_region_suite_v1/restricted/20260816T230807Z_WT_A15xS8_F012_FCC_np1/fixed/A13_S4/F2
P_A13_S5	adaptive	A13_S5		A13		S5	531087687	197846737	"2:1000000:""gw"""					/eos/user/c/cglenn/FCCWork/whizard/whizard_ttbar_spinpol/production/full6f_365gev_ee_ttbar_spinpol_v1/phase11_diagnostics/excess_weight_rootcause_v1/ttbar_restricted_region_suite_v1/restricted/20260816T230807Z_WT_A15xS8_F012_FCC_np1/adaptive/A13_S5
C_A13_S5_F0	fixed	A13_S5_F0	A13_S5	A13	F0	S5	531087687	197846737	"2:1000000:""gw"""	"3:200000:"""""				/eos/user/c/cglenn/FCCWork/whizard/whizard_ttbar_spinpol/production/full6f_365gev_ee_ttbar_spinpol_v1/phase11_diagnostics/excess_weight_rootcause_v1/ttbar_restricted_region_suite_v1/restricted/20260816T230807Z_WT_A15xS8_F012_FCC_np1/fixed/A13_S5/F0
C_A13_S5_F1	fixed	A13_S5_F1	A13_S5	A13	F1	S5	531087687	197846737	"2:1000000:""gw"""	"1:600000:"""""				/eos/user/c/cglenn/FCCWork/whizard/whizard_ttbar_spinpol/production/full6f_365gev_ee_ttbar_spinpol_v1/phase11_diagnostics/excess_weight_rootcause_v1/ttbar_restricted_region_suite_v1/restricted/20260816T230807Z_WT_A15xS8_F012_FCC_np1/fixed/A13_S5/F1
C_A13_S5_F2	fixed	A13_S5_F2	A13_S5	A13	F2	S5	531087687	197846737	"2:1000000:""gw"""	"1:2000000:"""""				/eos/user/c/cglenn/FCCWork/whizard/whizard_ttbar_spinpol/production/full6f_365gev_ee_ttbar_spinpol_v1/phase11_diagnostics/excess_weight_rootcause_v1/ttbar_restricted_region_suite_v1/restricted/20260816T230807Z_WT_A15xS8_F012_FCC_np1/fixed/A13_S5/F2
P_A13_S6	adaptive	A13_S6		A13		S6	519963689	958460417	"2:1000000:""gw"""					/eos/user/c/cglenn/FCCWork/whizard/whizard_ttbar_spinpol/production/full6f_365gev_ee_ttbar_spinpol_v1/phase11_diagnostics/excess_weight_rootcause_v1/ttbar_restricted_region_suite_v1/restricted/20260816T230807Z_WT_A15xS8_F012_FCC_np1/adaptive/A13_S6
C_A13_S6_F0	fixed	A13_S6_F0	A13_S6	A13	F0	S6	519963689	958460417	"2:1000000:""gw"""	"3:200000:"""""				/eos/user/c/cglenn/FCCWork/whizard/whizard_ttbar_spinpol/production/full6f_365gev_ee_ttbar_spinpol_v1/phase11_diagnostics/excess_weight_rootcause_v1/ttbar_restricted_region_suite_v1/restricted/20260816T230807Z_WT_A15xS8_F012_FCC_np1/fixed/A13_S6/F0
C_A13_S6_F1	fixed	A13_S6_F1	A13_S6	A13	F1	S6	519963689	958460417	"2:1000000:""gw"""	"1:600000:"""""				/eos/user/c/cglenn/FCCWork/whizard/whizard_ttbar_spinpol/production/full6f_365gev_ee_ttbar_spinpol_v1/phase11_diagnostics/excess_weight_rootcause_v1/ttbar_restricted_region_suite_v1/restricted/20260816T230807Z_WT_A15xS8_F012_FCC_np1/fixed/A13_S6/F1
C_A13_S6_F2	fixed	A13_S6_F2	A13_S6	A13	F2	S6	519963689	958460417	"2:1000000:""gw"""	"1:2000000:"""""				/eos/user/c/cglenn/FCCWork/whizard/whizard_ttbar_spinpol/production/full6f_365gev_ee_ttbar_spinpol_v1/phase11_diagnostics/excess_weight_rootcause_v1/ttbar_restricted_region_suite_v1/restricted/20260816T230807Z_WT_A15xS8_F012_FCC_np1/fixed/A13_S6/F2
P_A13_S7	adaptive	A13_S7		A13		S7	1552803368	239117595	"2:1000000:""gw"""					/eos/user/c/cglenn/FCCWork/whizard/whizard_ttbar_spinpol/production/full6f_365gev_ee_ttbar_spinpol_v1/phase11_diagnostics/excess_weight_rootcause_v1/ttbar_restricted_region_suite_v1/restricted/20260816T230807Z_WT_A15xS8_F012_FCC_np1/adaptive/A13_S7
C_A13_S7_F0	fixed	A13_S7_F0	A13_S7	A13	F0	S7	1552803368	239117595	"2:1000000:""gw"""	"3:200000:"""""				/eos/user/c/cglenn/FCCWork/whizard/whizard_ttbar_spinpol/production/full6f_365gev_ee_ttbar_spinpol_v1/phase11_diagnostics/excess_weight_rootcause_v1/ttbar_restricted_region_suite_v1/restricted/20260816T230807Z_WT_A15xS8_F012_FCC_np1/fixed/A13_S7/F0
C_A13_S7_F1	fixed	A13_S7_F1	A13_S7	A13	F1	S7	1552803368	239117595	"2:1000000:""gw"""	"1:600000:"""""				/eos/user/c/cglenn/FCCWork/whizard/whizard_ttbar_spinpol/production/full6f_365gev_ee_ttbar_spinpol_v1/phase11_diagnostics/excess_weight_rootcause_v1/ttbar_restricted_region_suite_v1/restricted/20260816T230807Z_WT_A15xS8_F012_FCC_np1/fixed/A13_S7/F1
C_A13_S7_F2	fixed	A13_S7_F2	A13_S7	A13	F2	S7	1552803368	239117595	"2:1000000:""gw"""	"1:2000000:"""""				/eos/user/c/cglenn/FCCWork/whizard/whizard_ttbar_spinpol/production/full6f_365gev_ee_ttbar_spinpol_v1/phase11_diagnostics/excess_weight_rootcause_v1/ttbar_restricted_region_suite_v1/restricted/20260816T230807Z_WT_A15xS8_F012_FCC_np1/fixed/A13_S7/F2
P_A14_S0	adaptive	A14_S0		A14		S0	1740114216	648318690	"1:2000000:""gw"""					/eos/user/c/cglenn/FCCWork/whizard/whizard_ttbar_spinpol/production/full6f_365gev_ee_ttbar_spinpol_v1/phase11_diagnostics/excess_weight_rootcause_v1/ttbar_restricted_region_suite_v1/restricted/20260816T230807Z_WT_A15xS8_F012_FCC_np1/adaptive/A14_S0
C_A14_S0_F0	fixed	A14_S0_F0	A14_S0	A14	F0	S0	1740114216	648318690	"1:2000000:""gw"""	"3:200000:"""""				/eos/user/c/cglenn/FCCWork/whizard/whizard_ttbar_spinpol/production/full6f_365gev_ee_ttbar_spinpol_v1/phase11_diagnostics/excess_weight_rootcause_v1/ttbar_restricted_region_suite_v1/restricted/20260816T230807Z_WT_A15xS8_F012_FCC_np1/fixed/A14_S0/F0
C_A14_S0_F1	fixed	A14_S0_F1	A14_S0	A14	F1	S0	1740114216	648318690	"1:2000000:""gw"""	"1:600000:"""""				/eos/user/c/cglenn/FCCWork/whizard/whizard_ttbar_spinpol/production/full6f_365gev_ee_ttbar_spinpol_v1/phase11_diagnostics/excess_weight_rootcause_v1/ttbar_restricted_region_suite_v1/restricted/20260816T230807Z_WT_A15xS8_F012_FCC_np1/fixed/A14_S0/F1
C_A14_S0_F2	fixed	A14_S0_F2	A14_S0	A14	F2	S0	1740114216	648318690	"1:2000000:""gw"""	"1:2000000:"""""				/eos/user/c/cglenn/FCCWork/whizard/whizard_ttbar_spinpol/production/full6f_365gev_ee_ttbar_spinpol_v1/phase11_diagnostics/excess_weight_rootcause_v1/ttbar_restricted_region_suite_v1/restricted/20260816T230807Z_WT_A15xS8_F012_FCC_np1/fixed/A14_S0/F2
P_A14_S1	adaptive	A14_S1		A14		S1	1751949026	1404282457	"1:2000000:""gw"""					/eos/user/c/cglenn/FCCWork/whizard/whizard_ttbar_spinpol/production/full6f_365gev_ee_ttbar_spinpol_v1/phase11_diagnostics/excess_weight_rootcause_v1/ttbar_restricted_region_suite_v1/restricted/20260816T230807Z_WT_A15xS8_F012_FCC_np1/adaptive/A14_S1
C_A14_S1_F0	fixed	A14_S1_F0	A14_S1	A14	F0	S1	1751949026	1404282457	"1:2000000:""gw"""	"3:200000:"""""				/eos/user/c/cglenn/FCCWork/whizard/whizard_ttbar_spinpol/production/full6f_365gev_ee_ttbar_spinpol_v1/phase11_diagnostics/excess_weight_rootcause_v1/ttbar_restricted_region_suite_v1/restricted/20260816T230807Z_WT_A15xS8_F012_FCC_np1/fixed/A14_S1/F0
C_A14_S1_F1	fixed	A14_S1_F1	A14_S1	A14	F1	S1	1751949026	1404282457	"1:2000000:""gw"""	"1:600000:"""""				/eos/user/c/cglenn/FCCWork/whizard/whizard_ttbar_spinpol/production/full6f_365gev_ee_ttbar_spinpol_v1/phase11_diagnostics/excess_weight_rootcause_v1/ttbar_restricted_region_suite_v1/restricted/20260816T230807Z_WT_A15xS8_F012_FCC_np1/fixed/A14_S1/F1
C_A14_S1_F2	fixed	A14_S1_F2	A14_S1	A14	F2	S1	1751949026	1404282457	"1:2000000:""gw"""	"1:2000000:"""""				/eos/user/c/cglenn/FCCWork/whizard/whizard_ttbar_spinpol/production/full6f_365gev_ee_ttbar_spinpol_v1/phase11_diagnostics/excess_weight_rootcause_v1/ttbar_restricted_region_suite_v1/restricted/20260816T230807Z_WT_A15xS8_F012_FCC_np1/fixed/A14_S1/F2
P_A14_S2	adaptive	A14_S2		A14		S2	1885084773	1596606550	"1:2000000:""gw"""					/eos/user/c/cglenn/FCCWork/whizard/whizard_ttbar_spinpol/production/full6f_365gev_ee_ttbar_spinpol_v1/phase11_diagnostics/excess_weight_rootcause_v1/ttbar_restricted_region_suite_v1/restricted/20260816T230807Z_WT_A15xS8_F012_FCC_np1/adaptive/A14_S2
C_A14_S2_F0	fixed	A14_S2_F0	A14_S2	A14	F0	S2	1885084773	1596606550	"1:2000000:""gw"""	"3:200000:"""""				/eos/user/c/cglenn/FCCWork/whizard/whizard_ttbar_spinpol/production/full6f_365gev_ee_ttbar_spinpol_v1/phase11_diagnostics/excess_weight_rootcause_v1/ttbar_restricted_region_suite_v1/restricted/20260816T230807Z_WT_A15xS8_F012_FCC_np1/fixed/A14_S2/F0
C_A14_S2_F1	fixed	A14_S2_F1	A14_S2	A14	F1	S2	1885084773	1596606550	"1:2000000:""gw"""	"1:600000:"""""				/eos/user/c/cglenn/FCCWork/whizard/whizard_ttbar_spinpol/production/full6f_365gev_ee_ttbar_spinpol_v1/phase11_diagnostics/excess_weight_rootcause_v1/ttbar_restricted_region_suite_v1/restricted/20260816T230807Z_WT_A15xS8_F012_FCC_np1/fixed/A14_S2/F1
C_A14_S2_F2	fixed	A14_S2_F2	A14_S2	A14	F2	S2	1885084773	1596606550	"1:2000000:""gw"""	"1:2000000:"""""				/eos/user/c/cglenn/FCCWork/whizard/whizard_ttbar_spinpol/production/full6f_365gev_ee_ttbar_spinpol_v1/phase11_diagnostics/excess_weight_rootcause_v1/ttbar_restricted_region_suite_v1/restricted/20260816T230807Z_WT_A15xS8_F012_FCC_np1/fixed/A14_S2/F2
P_A14_S3	adaptive	A14_S3		A14		S3	134326786	769890491	"1:2000000:""gw"""					/eos/user/c/cglenn/FCCWork/whizard/whizard_ttbar_spinpol/production/full6f_365gev_ee_ttbar_spinpol_v1/phase11_diagnostics/excess_weight_rootcause_v1/ttbar_restricted_region_suite_v1/restricted/20260816T230807Z_WT_A15xS8_F012_FCC_np1/adaptive/A14_S3
C_A14_S3_F0	fixed	A14_S3_F0	A14_S3	A14	F0	S3	134326786	769890491	"1:2000000:""gw"""	"3:200000:"""""				/eos/user/c/cglenn/FCCWork/whizard/whizard_ttbar_spinpol/production/full6f_365gev_ee_ttbar_spinpol_v1/phase11_diagnostics/excess_weight_rootcause_v1/ttbar_restricted_region_suite_v1/restricted/20260816T230807Z_WT_A15xS8_F012_FCC_np1/fixed/A14_S3/F0
C_A14_S3_F1	fixed	A14_S3_F1	A14_S3	A14	F1	S3	134326786	769890491	"1:2000000:""gw"""	"1:600000:"""""				/eos/user/c/cglenn/FCCWork/whizard/whizard_ttbar_spinpol/production/full6f_365gev_ee_ttbar_spinpol_v1/phase11_diagnostics/excess_weight_rootcause_v1/ttbar_restricted_region_suite_v1/restricted/20260816T230807Z_WT_A15xS8_F012_FCC_np1/fixed/A14_S3/F1
C_A14_S3_F2	fixed	A14_S3_F2	A14_S3	A14	F2	S3	134326786	769890491	"1:2000000:""gw"""	"1:2000000:"""""				/eos/user/c/cglenn/FCCWork/whizard/whizard_ttbar_spinpol/production/full6f_365gev_ee_ttbar_spinpol_v1/phase11_diagnostics/excess_weight_rootcause_v1/ttbar_restricted_region_suite_v1/restricted/20260816T230807Z_WT_A15xS8_F012_FCC_np1/fixed/A14_S3/F2
P_A14_S4	adaptive	A14_S4		A14		S4	249371675	462903030	"1:2000000:""gw"""					/eos/user/c/cglenn/FCCWork/whizard/whizard_ttbar_spinpol/production/full6f_365gev_ee_ttbar_spinpol_v1/phase11_diagnostics/excess_weight_rootcause_v1/ttbar_restricted_region_suite_v1/restricted/20260816T230807Z_WT_A15xS8_F012_FCC_np1/adaptive/A14_S4
C_A14_S4_F0	fixed	A14_S4_F0	A14_S4	A14	F0	S4	249371675	462903030	"1:2000000:""gw"""	"3:200000:"""""				/eos/user/c/cglenn/FCCWork/whizard/whizard_ttbar_spinpol/production/full6f_365gev_ee_ttbar_spinpol_v1/phase11_diagnostics/excess_weight_rootcause_v1/ttbar_restricted_region_suite_v1/restricted/20260816T230807Z_WT_A15xS8_F012_FCC_np1/fixed/A14_S4/F0
C_A14_S4_F1	fixed	A14_S4_F1	A14_S4	A14	F1	S4	249371675	462903030	"1:2000000:""gw"""	"1:600000:"""""				/eos/user/c/cglenn/FCCWork/whizard/whizard_ttbar_spinpol/production/full6f_365gev_ee_ttbar_spinpol_v1/phase11_diagnostics/excess_weight_rootcause_v1/ttbar_restricted_region_suite_v1/restricted/20260816T230807Z_WT_A15xS8_F012_FCC_np1/fixed/A14_S4/F1
C_A14_S4_F2	fixed	A14_S4_F2	A14_S4	A14	F2	S4	249371675	462903030	"1:2000000:""gw"""	"1:2000000:"""""				/eos/user/c/cglenn/FCCWork/whizard/whizard_ttbar_spinpol/production/full6f_365gev_ee_ttbar_spinpol_v1/phase11_diagnostics/excess_weight_rootcause_v1/ttbar_restricted_region_suite_v1/restricted/20260816T230807Z_WT_A15xS8_F012_FCC_np1/fixed/A14_S4/F2
P_A14_S5	adaptive	A14_S5		A14		S5	531087687	197846737	"1:2000000:""gw"""					/eos/user/c/cglenn/FCCWork/whizard/whizard_ttbar_spinpol/production/full6f_365gev_ee_ttbar_spinpol_v1/phase11_diagnostics/excess_weight_rootcause_v1/ttbar_restricted_region_suite_v1/restricted/20260816T230807Z_WT_A15xS8_F012_FCC_np1/adaptive/A14_S5
C_A14_S5_F0	fixed	A14_S5_F0	A14_S5	A14	F0	S5	531087687	197846737	"1:2000000:""gw"""	"3:200000:"""""				/eos/user/c/cglenn/FCCWork/whizard/whizard_ttbar_spinpol/production/full6f_365gev_ee_ttbar_spinpol_v1/phase11_diagnostics/excess_weight_rootcause_v1/ttbar_restricted_region_suite_v1/restricted/20260816T230807Z_WT_A15xS8_F012_FCC_np1/fixed/A14_S5/F0
C_A14_S5_F1	fixed	A14_S5_F1	A14_S5	A14	F1	S5	531087687	197846737	"1:2000000:""gw"""	"1:600000:"""""				/eos/user/c/cglenn/FCCWork/whizard/whizard_ttbar_spinpol/production/full6f_365gev_ee_ttbar_spinpol_v1/phase11_diagnostics/excess_weight_rootcause_v1/ttbar_restricted_region_suite_v1/restricted/20260816T230807Z_WT_A15xS8_F012_FCC_np1/fixed/A14_S5/F1
C_A14_S5_F2	fixed	A14_S5_F2	A14_S5	A14	F2	S5	531087687	197846737	"1:2000000:""gw"""	"1:2000000:"""""				/eos/user/c/cglenn/FCCWork/whizard/whizard_ttbar_spinpol/production/full6f_365gev_ee_ttbar_spinpol_v1/phase11_diagnostics/excess_weight_rootcause_v1/ttbar_restricted_region_suite_v1/restricted/20260816T230807Z_WT_A15xS8_F012_FCC_np1/fixed/A14_S5/F2
P_A14_S6	adaptive	A14_S6		A14		S6	519963689	958460417	"1:2000000:""gw"""					/eos/user/c/cglenn/FCCWork/whizard/whizard_ttbar_spinpol/production/full6f_365gev_ee_ttbar_spinpol_v1/phase11_diagnostics/excess_weight_rootcause_v1/ttbar_restricted_region_suite_v1/restricted/20260816T230807Z_WT_A15xS8_F012_FCC_np1/adaptive/A14_S6
C_A14_S6_F0	fixed	A14_S6_F0	A14_S6	A14	F0	S6	519963689	958460417	"1:2000000:""gw"""	"3:200000:"""""				/eos/user/c/cglenn/FCCWork/whizard/whizard_ttbar_spinpol/production/full6f_365gev_ee_ttbar_spinpol_v1/phase11_diagnostics/excess_weight_rootcause_v1/ttbar_restricted_region_suite_v1/restricted/20260816T230807Z_WT_A15xS8_F012_FCC_np1/fixed/A14_S6/F0
C_A14_S6_F1	fixed	A14_S6_F1	A14_S6	A14	F1	S6	519963689	958460417	"1:2000000:""gw"""	"1:600000:"""""				/eos/user/c/cglenn/FCCWork/whizard/whizard_ttbar_spinpol/production/full6f_365gev_ee_ttbar_spinpol_v1/phase11_diagnostics/excess_weight_rootcause_v1/ttbar_restricted_region_suite_v1/restricted/20260816T230807Z_WT_A15xS8_F012_FCC_np1/fixed/A14_S6/F1
C_A14_S6_F2	fixed	A14_S6_F2	A14_S6	A14	F2	S6	519963689	958460417	"1:2000000:""gw"""	"1:2000000:"""""				/eos/user/c/cglenn/FCCWork/whizard/whizard_ttbar_spinpol/production/full6f_365gev_ee_ttbar_spinpol_v1/phase11_diagnostics/excess_weight_rootcause_v1/ttbar_restricted_region_suite_v1/restricted/20260816T230807Z_WT_A15xS8_F012_FCC_np1/fixed/A14_S6/F2
P_A14_S7	adaptive	A14_S7		A14		S7	1552803368	239117595	"1:2000000:""gw"""					/eos/user/c/cglenn/FCCWork/whizard/whizard_ttbar_spinpol/production/full6f_365gev_ee_ttbar_spinpol_v1/phase11_diagnostics/excess_weight_rootcause_v1/ttbar_restricted_region_suite_v1/restricted/20260816T230807Z_WT_A15xS8_F012_FCC_np1/adaptive/A14_S7
C_A14_S7_F0	fixed	A14_S7_F0	A14_S7	A14	F0	S7	1552803368	239117595	"1:2000000:""gw"""	"3:200000:"""""				/eos/user/c/cglenn/FCCWork/whizard/whizard_ttbar_spinpol/production/full6f_365gev_ee_ttbar_spinpol_v1/phase11_diagnostics/excess_weight_rootcause_v1/ttbar_restricted_region_suite_v1/restricted/20260816T230807Z_WT_A15xS8_F012_FCC_np1/fixed/A14_S7/F0
C_A14_S7_F1	fixed	A14_S7_F1	A14_S7	A14	F1	S7	1552803368	239117595	"1:2000000:""gw"""	"1:600000:"""""				/eos/user/c/cglenn/FCCWork/whizard/whizard_ttbar_spinpol/production/full6f_365gev_ee_ttbar_spinpol_v1/phase11_diagnostics/excess_weight_rootcause_v1/ttbar_restricted_region_suite_v1/restricted/20260816T230807Z_WT_A15xS8_F012_FCC_np1/fixed/A14_S7/F1
C_A14_S7_F2	fixed	A14_S7_F2	A14_S7	A14	F2	S7	1552803368	239117595	"1:2000000:""gw"""	"1:2000000:"""""				/eos/user/c/cglenn/FCCWork/whizard/whizard_ttbar_spinpol/production/full6f_365gev_ee_ttbar_spinpol_v1/phase11_diagnostics/excess_weight_rootcause_v1/ttbar_restricted_region_suite_v1/restricted/20260816T230807Z_WT_A15xS8_F012_FCC_np1/fixed/A14_S7/F2
L_FCCLEGACY_S0	control	FCCLEGACY_S0		FCCLEGACY	F3	S0	1740114216	648318690	"10:100000:""gw"""	"10:200000:"""""	FCCLEGACY			/eos/user/c/cglenn/FCCWork/whizard/whizard_ttbar_spinpol/production/full6f_365gev_ee_ttbar_spinpol_v1/phase11_diagnostics/excess_weight_rootcause_v1/ttbar_restricted_region_suite_v1/restricted/20260816T230807Z_WT_A15xS8_F012_FCC_np1/control/FCCLEGACY_S0
L_FCCLEGACY_S1	control	FCCLEGACY_S1		FCCLEGACY	F3	S1	1751949026	1404282457	"10:100000:""gw"""	"10:200000:"""""	FCCLEGACY			/eos/user/c/cglenn/FCCWork/whizard/whizard_ttbar_spinpol/production/full6f_365gev_ee_ttbar_spinpol_v1/phase11_diagnostics/excess_weight_rootcause_v1/ttbar_restricted_region_suite_v1/restricted/20260816T230807Z_WT_A15xS8_F012_FCC_np1/control/FCCLEGACY_S1
L_FCCLEGACY_S2	control	FCCLEGACY_S2		FCCLEGACY	F3	S2	1885084773	1596606550	"10:100000:""gw"""	"10:200000:"""""	FCCLEGACY			/eos/user/c/cglenn/FCCWork/whizard/whizard_ttbar_spinpol/production/full6f_365gev_ee_ttbar_spinpol_v1/phase11_diagnostics/excess_weight_rootcause_v1/ttbar_restricted_region_suite_v1/restricted/20260816T230807Z_WT_A15xS8_F012_FCC_np1/control/FCCLEGACY_S2
L_FCCLEGACY_S3	control	FCCLEGACY_S3		FCCLEGACY	F3	S3	134326786	769890491	"10:100000:""gw"""	"10:200000:"""""	FCCLEGACY			/eos/user/c/cglenn/FCCWork/whizard/whizard_ttbar_spinpol/production/full6f_365gev_ee_ttbar_spinpol_v1/phase11_diagnostics/excess_weight_rootcause_v1/ttbar_restricted_region_suite_v1/restricted/20260816T230807Z_WT_A15xS8_F012_FCC_np1/control/FCCLEGACY_S3
L_FCCLEGACY_S4	control	FCCLEGACY_S4		FCCLEGACY	F3	S4	249371675	462903030	"10:100000:""gw"""	"10:200000:"""""	FCCLEGACY			/eos/user/c/cglenn/FCCWork/whizard/whizard_ttbar_spinpol/production/full6f_365gev_ee_ttbar_spinpol_v1/phase11_diagnostics/excess_weight_rootcause_v1/ttbar_restricted_region_suite_v1/restricted/20260816T230807Z_WT_A15xS8_F012_FCC_np1/control/FCCLEGACY_S4
L_FCCLEGACY_S5	control	FCCLEGACY_S5		FCCLEGACY	F3	S5	531087687	197846737	"10:100000:""gw"""	"10:200000:"""""	FCCLEGACY			/eos/user/c/cglenn/FCCWork/whizard/whizard_ttbar_spinpol/production/full6f_365gev_ee_ttbar_spinpol_v1/phase11_diagnostics/excess_weight_rootcause_v1/ttbar_restricted_region_suite_v1/restricted/20260816T230807Z_WT_A15xS8_F012_FCC_np1/control/FCCLEGACY_S5
L_FCCLEGACY_S6	control	FCCLEGACY_S6		FCCLEGACY	F3	S6	519963689	958460417	"10:100000:""gw"""	"10:200000:"""""	FCCLEGACY			/eos/user/c/cglenn/FCCWork/whizard/whizard_ttbar_spinpol/production/full6f_365gev_ee_ttbar_spinpol_v1/phase11_diagnostics/excess_weight_rootcause_v1/ttbar_restricted_region_suite_v1/restricted/20260816T230807Z_WT_A15xS8_F012_FCC_np1/control/FCCLEGACY_S6
L_FCCLEGACY_S7	control	FCCLEGACY_S7		FCCLEGACY	F3	S7	1552803368	239117595	"10:100000:""gw"""	"10:200000:"""""	FCCLEGACY			/eos/user/c/cglenn/FCCWork/whizard/whizard_ttbar_spinpol/production/full6f_365gev_ee_ttbar_spinpol_v1/phase11_diagnostics/excess_weight_rootcause_v1/ttbar_restricted_region_suite_v1/restricted/20260816T230807Z_WT_A15xS8_F012_FCC_np1/control/FCCLEGACY_S7
