08/17/26 01:09:20 ******************************************************
08/17/26 01:09:20 ** condor_scheduniv_exec.6053002.0 (CONDOR_DAGMAN) STARTING UP
08/17/26 01:09:20 ** /usr/bin/condor_dagman
08/17/26 01:09:20 ** SubsystemInfo: name=DAGMAN type=DAGMAN(9) class=CLIENT(2)
08/17/26 01:09:20 ** Configuration: subsystem:DAGMAN local:<NONE> class:CLIENT
08/17/26 01:09:20 ** $CondorVersion: 24.12.22 2026-07-07 BuildID: 930046 PackageID: 24.12.22-1 $
08/17/26 01:09:20 ** $CondorPlatform: x86_64_AlmaLinux9 $
08/17/26 01:09:20 ** PID = 554182 RealUID = 177189
08/17/26 01:09:20 ** Log last touched time unavailable (No such file or directory)
08/17/26 01:09:20 ******************************************************
08/17/26 01:09:20 Using config source: /etc/condor/condor_config
08/17/26 01:09:20 Using local config sources: 
08/17/26 01:09:20    /etc/condor/config.d/00-security
08/17/26 01:09:20    /etc/condor/config.d/10-stash-plugin.conf
08/17/26 01:09:20    /etc/condor/config.d/10_security.config
08/17/26 01:09:20    /etc/condor/config.d/12_resourcelimits.config
08/17/26 01:09:20    /etc/condor/config.d/14_network.config
08/17/26 01:09:20    /etc/condor/config.d/21_schedd.config
08/17/26 01:09:20    /etc/condor/config.d/21_submit_requirements.config
08/17/26 01:09:20    /etc/condor/config.d/31_krbrenewal.config
08/17/26 01:09:20    /etc/condor/config.d/41_job_transform.config
08/17/26 01:09:20    /etc/condor/config.d/80_banning_rules.config
08/17/26 01:09:20    /etc/condor/condor_config.local
08/17/26 01:09:20 config Macros = 276, Sorted = 276, StringBytes = 33492, TablesBytes = 10064
08/17/26 01:09:20 CLASSAD_CACHING is ENABLED
08/17/26 01:09:20 Daemon Log is logging: D_ALWAYS D_ERROR D_STATUS
08/17/26 01:09:20 Daemoncore: Listening at <0.0.0.0:24993> on TCP (ReliSock) and UDP (SafeSock).
08/17/26 01:09:20 Daemoncore: Listening at <[::]:24993> on TCP (ReliSock) and UDP (SafeSock).
08/17/26 01:09:20 DaemonCore: command socket at <188.185.133.2:24993?addrs=188.185.133.2-24993+[2001-1458-d03-2--100-208]-24993&alias=bigbird102.cern.ch>
08/17/26 01:09:20 DaemonCore: private command socket at <188.185.133.2:24993?addrs=188.185.133.2-24993+[2001-1458-d03-2--100-208]-24993&alias=bigbird102.cern.ch>
08/17/26 01:09:20 DAGMAN_USE_STRICT setting: 1
08/17/26 01:09:20 DAGMAN_VERBOSITY setting: 3
08/17/26 01:09:20 DAGMAN_DEBUG_CACHE_SIZE setting: 5242880
08/17/26 01:09:20 DAGMAN_DEBUG_CACHE_ENABLE setting: False
08/17/26 01:09:20 DAGMAN_SUBMIT_DELAY setting: 0
08/17/26 01:09:20 DAGMAN_MAX_SUBMIT_ATTEMPTS setting: 6
08/17/26 01:09:20 DAGMAN_STARTUP_CYCLE_DETECT setting: False
08/17/26 01:09:20 DAGMAN_USE_JOIN_NODES setting: True
08/17/26 01:09:20 DAGMAN_REPORT_GRAPH_METRICS setting: False
08/17/26 01:09:20 DAGMAN_MAX_SUBMITS_PER_INTERVAL setting: 100
08/17/26 01:09:20 DAGMAN_AGGRESSIVE_SUBMIT setting: False
08/17/26 01:09:20 DAGMAN_USER_LOG_SCAN_INTERVAL setting: 5
08/17/26 01:09:20 DAGMAN_QUEUE_UPDATE_INTERVAL setting: 300.000000
08/17/26 01:09:20 DAGMAN_DEFAULT_PRIORITY setting: 0
08/17/26 01:09:20 DAGMAN_SUPPRESS_NOTIFICATION setting: False
08/17/26 01:09:20 allow_events (DAGMAN_ALLOW_EVENTS) setting: 114
08/17/26 01:09:20 DAGMAN_RETRY_SUBMIT_FIRST setting: True
08/17/26 01:09:20 DAGMAN_RETRY_NODE_FIRST setting: False
08/17/26 01:09:20 DAGMAN_MAX_JOBS_IDLE setting: 1000
08/17/26 01:09:20 DAGMAN_MAX_JOBS_SUBMITTED setting: 0
08/17/26 01:09:20 DAGMAN_MAX_PRE_SCRIPTS setting: 20
08/17/26 01:09:20 DAGMAN_MAX_POST_SCRIPTS setting: 20
08/17/26 01:09:20 DAGMAN_MAX_HOLD_SCRIPTS setting: 20
08/17/26 01:09:20 DAGMAN_MUNGE_NODE_NAMES setting: True
08/17/26 01:09:20 DAGMAN_ALLOW_ANY_NODE_NAME_CHARACTERS setting: False
08/17/26 01:09:20 DAGMAN_PROHIBIT_MULTI_JOBS setting: False
08/17/26 01:09:20 DAGMAN_SUBMIT_DEPTH_FIRST setting: False
08/17/26 01:09:20 DAGMAN_ALWAYS_RUN_POST setting: False
08/17/26 01:09:20 DAGMAN_CONDOR_SUBMIT_EXE setting: /usr/bin/condor_submit
08/17/26 01:09:20 DAGMAN_CONDOR_RM_EXE setting: /usr/bin/condor_rm
08/17/26 01:09:20 DAGMAN_USE_DIRECT_SUBMIT setting: True
08/17/26 01:09:20 DAGMAN_PRODUCE_JOB_CREDENTIALS setting: True
08/17/26 01:09:20 DAGMAN_DEFAULT_APPEND_VARS setting: False
08/17/26 01:09:20 DAGMAN_INHERIT_ATTRS_PREFIX setting: 
08/17/26 01:09:20 DAGMAN_INHERIT_ATTRS setting: 
08/17/26 01:09:20 DAGMAN_ABORT_DUPLICATES setting: True
08/17/26 01:09:20 DAGMAN_ABORT_ON_SCARY_SUBMIT setting: True
08/17/26 01:09:20 DAGMAN_PENDING_REPORT_INTERVAL setting: 600
08/17/26 01:09:20 DAGMAN_CHECK_QUEUE_INTERVAL setting: 28800
08/17/26 01:09:20 DAGMAN_PRINT_JOB_TABLE_INTERVAL setting: 900
08/17/26 01:09:20 DAGMAN_AUTO_RESCUE setting: True
08/17/26 01:09:20 DAGMAN_MAX_RESCUE_NUM setting: 100
08/17/26 01:09:20 DAGMAN_WRITE_PARTIAL_RESCUE setting: True
08/17/26 01:09:20 DAGMAN_RESET_RETRIES_UPON_RESCUE setting: True
08/17/26 01:09:20 DAGMAN_METRICS_FILE_VERSION setting: 2
08/17/26 01:09:20 DAGMAN_DEFAULT_NODE_LOG setting: @(DAG_DIR)/@(DAG_FILE).nodes.log
08/17/26 01:09:20 DAGMAN_LOG_ON_NFS_IS_ERROR setting: False
08/17/26 01:09:20 DAGMAN_GENERATE_SUBDAG_SUBMITS setting: True
08/17/26 01:09:20 DAGMAN_MAX_JOB_HOLDS setting: 100
08/17/26 01:09:20 DAGMAN_NODE_JOB_FAILURE_TOLERANCE setting: 0
08/17/26 01:09:20 DAGMAN_HOLD_CLAIM_TIME setting: 20
08/17/26 01:09:20 DAGMAN_SUPPRESS_JOB_LOGS setting: False
08/17/26 01:09:20 DAGMAN_REMOVE_NODE_JOBS setting: True
08/17/26 01:09:20 DAGMAN_PUT_FAILED_JOBS_ON_HOLD setting: False
08/17/26 01:09:20 DAGMAN_REMOVE_JOBS_AFTER_LIMIT_CHANGE setting: False
08/17/26 01:09:20 DAGMAN will adjust edges after parsing
08/17/26 01:09:20 argv[0] == "condor_scheduniv_exec.6053002.0"
08/17/26 01:09:20 argv[1] == "-Lockfile"
08/17/26 01:09:20 argv[2] == "campaign.dag.lock"
08/17/26 01:09:20 argv[3] == "-Dag"
08/17/26 01:09:20 argv[4] == "campaign.dag"
08/17/26 01:09:20 argv[5] == "-CsdVersion"
08/17/26 01:09:20 argv[6] == "$CondorVersion: 24.12.16 2026-01-29 BuildID: 869053 PackageID: 24.12.16-1 GitSHA: d5741e8b $"
08/17/26 01:09:20 argv[7] == "-dagman"
08/17/26 01:09:20 argv[8] == "/usr/bin/condor_dagman"
08/17/26 01:09:20 argv[9] == "-AutoRescue"
08/17/26 01:09:20 argv[10] == "1"
08/17/26 01:09:20 argv[11] == "-DoRescueFrom"
08/17/26 01:09:20 argv[12] == "0"
08/17/26 01:09:20 argv[13] == "-force"
08/17/26 01:09:20 Workflow batch-id: <6053002.0>
08/17/26 01:09:20 Workflow batch-name: <campaign.dag+6053002>
08/17/26 01:09:20 Workflow accounting_group: <>
08/17/26 01:09:20 Workflow accounting_group_user: <>
08/17/26 01:09:20 Warning: failed to get attribute DAGNodeName
08/17/26 01:09:20 Default node log file is: </afs/cern.ch/user/c/cglenn/FCCWork/whizard/whizard_ttbar_spinpol/phase11_diagnostics/excess_weight_rootcause_v1/ttbar_restricted_region_suite_v1/restricted/submissions/20260816T230807Z_WT_A15xS8_F012_FCC_np1/./campaign.dag.nodes.log>
08/17/26 01:09:20 Note: the version ($CondorVersion: 24.12.16 2026-01-29 BuildID: 869053 PackageID: 24.12.16-1 GitSHA: d5741e8b $) of this DAG's HTCondor submit file differs from condor_dagman version ($CondorVersion: 24.12.22 2026-07-07 BuildID: 930046 PackageID: 24.12.22-1 $), but the difference is permissible
08/17/26 01:09:20 DAG Lockfile will be written to campaign.dag.lock
08/17/26 01:09:20 DAG Input file is campaign.dag
08/17/26 01:09:20 Parsing 1 dagfiles
08/17/26 01:09:20 Parsing campaign.dag ...
08/17/26 01:09:20 Adjusting edges
08/17/26 01:09:20 Dag contains 496 total nodes
08/17/26 01:09:20 Bootstrapping...
08/17/26 01:09:20 Number of pre-completed nodes: 0
08/17/26 01:09:20 MultiLogFiles: truncating log file /afs/cern.ch/user/c/cglenn/FCCWork/whizard/whizard_ttbar_spinpol/phase11_diagnostics/excess_weight_rootcause_v1/ttbar_restricted_region_suite_v1/restricted/submissions/20260816T230807Z_WT_A15xS8_F012_FCC_np1/./campaign.dag.nodes.log
08/17/26 01:09:20 DAG status: 0 (DAG_STATUS_OK)
08/17/26 01:09:20 Of 496 nodes total:
08/17/26 01:09:20  Done     Pre   Queued    Post   Ready   Un-Ready   Failed   Futile
08/17/26 01:09:20   ===     ===      ===     ===     ===        ===      ===      ===
08/17/26 01:09:20     0       0        0       0     128        368        0        0
08/17/26 01:09:20 0 job proc(s) currently held
08/17/26 01:09:20 DAGMan Runtime Statistics: [EventCycleTimeSum=0.000; SleepCycleTimeSum=0.000; SubmitCycleTimeSum=0.000; EventCycleTimeCount=0.000; SleepCycleTimeCount=0.000; SubmitCycleTimeCount=0.000; LogProcessCycleTimeSum=0.000; LogProcessCycleTimeCount=0.000; ]
08/17/26 01:09:20 Registering condor_event_timer...
08/17/26 01:09:21 Submitting HTCondor Node P_A00_S0 job(s)...
08/17/26 01:09:21 Submitting node P_A00_S0 from file /afs/cern.ch/user/c/cglenn/FCCWork/whizard/whizard_ttbar_spinpol/phase11_diagnostics/excess_weight_rootcause_v1/ttbar_restricted_region_suite_v1/restricted/submissions/20260816T230807Z_WT_A15xS8_F012_FCC_np1/adaptive_parent.sub using direct job submission
08/17/26 01:09:21 	assigned HTCondor ID (6053003.0.0)
08/17/26 01:09:21 Submitting HTCondor Node P_A00_S1 job(s)...
08/17/26 01:09:21 Submitting node P_A00_S1 from file /afs/cern.ch/user/c/cglenn/FCCWork/whizard/whizard_ttbar_spinpol/phase11_diagnostics/excess_weight_rootcause_v1/ttbar_restricted_region_suite_v1/restricted/submissions/20260816T230807Z_WT_A15xS8_F012_FCC_np1/adaptive_parent.sub using direct job submission
08/17/26 01:09:21 	assigned HTCondor ID (6053004.0.0)
08/17/26 01:09:21 Submitting HTCondor Node P_A00_S2 job(s)...
08/17/26 01:09:21 Submitting node P_A00_S2 from file /afs/cern.ch/user/c/cglenn/FCCWork/whizard/whizard_ttbar_spinpol/phase11_diagnostics/excess_weight_rootcause_v1/ttbar_restricted_region_suite_v1/restricted/submissions/20260816T230807Z_WT_A15xS8_F012_FCC_np1/adaptive_parent.sub using direct job submission
08/17/26 01:09:21 	assigned HTCondor ID (6053005.0.0)
08/17/26 01:09:21 Submitting HTCondor Node P_A00_S3 job(s)...
08/17/26 01:09:21 Submitting node P_A00_S3 from file /afs/cern.ch/user/c/cglenn/FCCWork/whizard/whizard_ttbar_spinpol/phase11_diagnostics/excess_weight_rootcause_v1/ttbar_restricted_region_suite_v1/restricted/submissions/20260816T230807Z_WT_A15xS8_F012_FCC_np1/adaptive_parent.sub using direct job submission
08/17/26 01:09:21 	assigned HTCondor ID (6053006.0.0)
08/17/26 01:09:21 Submitting HTCondor Node P_A00_S4 job(s)...
08/17/26 01:09:21 Submitting node P_A00_S4 from file /afs/cern.ch/user/c/cglenn/FCCWork/whizard/whizard_ttbar_spinpol/phase11_diagnostics/excess_weight_rootcause_v1/ttbar_restricted_region_suite_v1/restricted/submissions/20260816T230807Z_WT_A15xS8_F012_FCC_np1/adaptive_parent.sub using direct job submission
08/17/26 01:09:21 	assigned HTCondor ID (6053007.0.0)
08/17/26 01:09:21 Submitting HTCondor Node P_A00_S5 job(s)...
08/17/26 01:09:21 Submitting node P_A00_S5 from file /afs/cern.ch/user/c/cglenn/FCCWork/whizard/whizard_ttbar_spinpol/phase11_diagnostics/excess_weight_rootcause_v1/ttbar_restricted_region_suite_v1/restricted/submissions/20260816T230807Z_WT_A15xS8_F012_FCC_np1/adaptive_parent.sub using direct job submission
08/17/26 01:09:21 	assigned HTCondor ID (6053008.0.0)
08/17/26 01:09:21 Submitting HTCondor Node P_A00_S6 job(s)...
08/17/26 01:09:21 Submitting node P_A00_S6 from file /afs/cern.ch/user/c/cglenn/FCCWork/whizard/whizard_ttbar_spinpol/phase11_diagnostics/excess_weight_rootcause_v1/ttbar_restricted_region_suite_v1/restricted/submissions/20260816T230807Z_WT_A15xS8_F012_FCC_np1/adaptive_parent.sub using direct job submission
08/17/26 01:09:21 	assigned HTCondor ID (6053009.0.0)
08/17/26 01:09:21 Submitting HTCondor Node P_A00_S7 job(s)...
08/17/26 01:09:21 Submitting node P_A00_S7 from file /afs/cern.ch/user/c/cglenn/FCCWork/whizard/whizard_ttbar_spinpol/phase11_diagnostics/excess_weight_rootcause_v1/ttbar_restricted_region_suite_v1/restricted/submissions/20260816T230807Z_WT_A15xS8_F012_FCC_np1/adaptive_parent.sub using direct job submission
08/17/26 01:09:21 	assigned HTCondor ID (6053010.0.0)
08/17/26 01:09:21 Submitting HTCondor Node P_A01_S0 job(s)...
08/17/26 01:09:21 Submitting node P_A01_S0 from file /afs/cern.ch/user/c/cglenn/FCCWork/whizard/whizard_ttbar_spinpol/phase11_diagnostics/excess_weight_rootcause_v1/ttbar_restricted_region_suite_v1/restricted/submissions/20260816T230807Z_WT_A15xS8_F012_FCC_np1/adaptive_parent.sub using direct job submission
08/17/26 01:09:21 	assigned HTCondor ID (6053011.0.0)
08/17/26 01:09:21 Submitting HTCondor Node P_A01_S1 job(s)...
08/17/26 01:09:21 Submitting node P_A01_S1 from file /afs/cern.ch/user/c/cglenn/FCCWork/whizard/whizard_ttbar_spinpol/phase11_diagnostics/excess_weight_rootcause_v1/ttbar_restricted_region_suite_v1/restricted/submissions/20260816T230807Z_WT_A15xS8_F012_FCC_np1/adaptive_parent.sub using direct job submission
08/17/26 01:09:21 	assigned HTCondor ID (6053012.0.0)
08/17/26 01:09:21 Submitting HTCondor Node P_A01_S2 job(s)...
08/17/26 01:09:21 Submitting node P_A01_S2 from file /afs/cern.ch/user/c/cglenn/FCCWork/whizard/whizard_ttbar_spinpol/phase11_diagnostics/excess_weight_rootcause_v1/ttbar_restricted_region_suite_v1/restricted/submissions/20260816T230807Z_WT_A15xS8_F012_FCC_np1/adaptive_parent.sub using direct job submission
08/17/26 01:09:21 	assigned HTCondor ID (6053013.0.0)
08/17/26 01:09:21 Submitting HTCondor Node P_A01_S3 job(s)...
08/17/26 01:09:21 Submitting node P_A01_S3 from file /afs/cern.ch/user/c/cglenn/FCCWork/whizard/whizard_ttbar_spinpol/phase11_diagnostics/excess_weight_rootcause_v1/ttbar_restricted_region_suite_v1/restricted/submissions/20260816T230807Z_WT_A15xS8_F012_FCC_np1/adaptive_parent.sub using direct job submission
08/17/26 01:09:21 	assigned HTCondor ID (6053014.0.0)
08/17/26 01:09:21 Submitting HTCondor Node P_A01_S4 job(s)...
08/17/26 01:09:21 Submitting node P_A01_S4 from file /afs/cern.ch/user/c/cglenn/FCCWork/whizard/whizard_ttbar_spinpol/phase11_diagnostics/excess_weight_rootcause_v1/ttbar_restricted_region_suite_v1/restricted/submissions/20260816T230807Z_WT_A15xS8_F012_FCC_np1/adaptive_parent.sub using direct job submission
08/17/26 01:09:21 	assigned HTCondor ID (6053015.0.0)
08/17/26 01:09:21 Submitting HTCondor Node P_A01_S5 job(s)...
08/17/26 01:09:21 Submitting node P_A01_S5 from file /afs/cern.ch/user/c/cglenn/FCCWork/whizard/whizard_ttbar_spinpol/phase11_diagnostics/excess_weight_rootcause_v1/ttbar_restricted_region_suite_v1/restricted/submissions/20260816T230807Z_WT_A15xS8_F012_FCC_np1/adaptive_parent.sub using direct job submission
08/17/26 01:09:21 	assigned HTCondor ID (6053016.0.0)
08/17/26 01:09:21 Submitting HTCondor Node P_A01_S6 job(s)...
08/17/26 01:09:21 Submitting node P_A01_S6 from file /afs/cern.ch/user/c/cglenn/FCCWork/whizard/whizard_ttbar_spinpol/phase11_diagnostics/excess_weight_rootcause_v1/ttbar_restricted_region_suite_v1/restricted/submissions/20260816T230807Z_WT_A15xS8_F012_FCC_np1/adaptive_parent.sub using direct job submission
08/17/26 01:09:21 	assigned HTCondor ID (6053017.0.0)
08/17/26 01:09:21 Submitting HTCondor Node P_A01_S7 job(s)...
08/17/26 01:09:21 Submitting node P_A01_S7 from file /afs/cern.ch/user/c/cglenn/FCCWork/whizard/whizard_ttbar_spinpol/phase11_diagnostics/excess_weight_rootcause_v1/ttbar_restricted_region_suite_v1/restricted/submissions/20260816T230807Z_WT_A15xS8_F012_FCC_np1/adaptive_parent.sub using direct job submission
08/17/26 01:09:21 	assigned HTCondor ID (6053018.0.0)
08/17/26 01:09:21 Submitting HTCondor Node P_A02_S0 job(s)...
08/17/26 01:09:21 Submitting node P_A02_S0 from file /afs/cern.ch/user/c/cglenn/FCCWork/whizard/whizard_ttbar_spinpol/phase11_diagnostics/excess_weight_rootcause_v1/ttbar_restricted_region_suite_v1/restricted/submissions/20260816T230807Z_WT_A15xS8_F012_FCC_np1/adaptive_parent.sub using direct job submission
08/17/26 01:09:21 	assigned HTCondor ID (6053019.0.0)
08/17/26 01:09:21 Submitting HTCondor Node P_A02_S1 job(s)...
08/17/26 01:09:21 Submitting node P_A02_S1 from file /afs/cern.ch/user/c/cglenn/FCCWork/whizard/whizard_ttbar_spinpol/phase11_diagnostics/excess_weight_rootcause_v1/ttbar_restricted_region_suite_v1/restricted/submissions/20260816T230807Z_WT_A15xS8_F012_FCC_np1/adaptive_parent.sub using direct job submission
08/17/26 01:09:21 	assigned HTCondor ID (6053020.0.0)
08/17/26 01:09:21 Submitting HTCondor Node P_A02_S2 job(s)...
08/17/26 01:09:21 Submitting node P_A02_S2 from file /afs/cern.ch/user/c/cglenn/FCCWork/whizard/whizard_ttbar_spinpol/phase11_diagnostics/excess_weight_rootcause_v1/ttbar_restricted_region_suite_v1/restricted/submissions/20260816T230807Z_WT_A15xS8_F012_FCC_np1/adaptive_parent.sub using direct job submission
08/17/26 01:09:21 	assigned HTCondor ID (6053021.0.0)
08/17/26 01:09:21 Submitting HTCondor Node P_A02_S3 job(s)...
08/17/26 01:09:21 Submitting node P_A02_S3 from file /afs/cern.ch/user/c/cglenn/FCCWork/whizard/whizard_ttbar_spinpol/phase11_diagnostics/excess_weight_rootcause_v1/ttbar_restricted_region_suite_v1/restricted/submissions/20260816T230807Z_WT_A15xS8_F012_FCC_np1/adaptive_parent.sub using direct job submission
08/17/26 01:09:21 	assigned HTCondor ID (6053022.0.0)
08/17/26 01:09:21 Submitting HTCondor Node P_A02_S4 job(s)...
08/17/26 01:09:21 Submitting node P_A02_S4 from file /afs/cern.ch/user/c/cglenn/FCCWork/whizard/whizard_ttbar_spinpol/phase11_diagnostics/excess_weight_rootcause_v1/ttbar_restricted_region_suite_v1/restricted/submissions/20260816T230807Z_WT_A15xS8_F012_FCC_np1/adaptive_parent.sub using direct job submission
08/17/26 01:09:21 	assigned HTCondor ID (6053023.0.0)
08/17/26 01:09:21 Submitting HTCondor Node P_A02_S5 job(s)...
08/17/26 01:09:21 Submitting node P_A02_S5 from file /afs/cern.ch/user/c/cglenn/FCCWork/whizard/whizard_ttbar_spinpol/phase11_diagnostics/excess_weight_rootcause_v1/ttbar_restricted_region_suite_v1/restricted/submissions/20260816T230807Z_WT_A15xS8_F012_FCC_np1/adaptive_parent.sub using direct job submission
08/17/26 01:09:21 	assigned HTCondor ID (6053024.0.0)
08/17/26 01:09:21 Submitting HTCondor Node P_A02_S6 job(s)...
08/17/26 01:09:21 Submitting node P_A02_S6 from file /afs/cern.ch/user/c/cglenn/FCCWork/whizard/whizard_ttbar_spinpol/phase11_diagnostics/excess_weight_rootcause_v1/ttbar_restricted_region_suite_v1/restricted/submissions/20260816T230807Z_WT_A15xS8_F012_FCC_np1/adaptive_parent.sub using direct job submission
08/17/26 01:09:21 	assigned HTCondor ID (6053025.0.0)
08/17/26 01:09:21 Submitting HTCondor Node P_A02_S7 job(s)...
08/17/26 01:09:21 Submitting node P_A02_S7 from file /afs/cern.ch/user/c/cglenn/FCCWork/whizard/whizard_ttbar_spinpol/phase11_diagnostics/excess_weight_rootcause_v1/ttbar_restricted_region_suite_v1/restricted/submissions/20260816T230807Z_WT_A15xS8_F012_FCC_np1/adaptive_parent.sub using direct job submission
08/17/26 01:09:21 	assigned HTCondor ID (6053026.0.0)
08/17/26 01:09:21 Submitting HTCondor Node P_A03_S0 job(s)...
08/17/26 01:09:21 Submitting node P_A03_S0 from file /afs/cern.ch/user/c/cglenn/FCCWork/whizard/whizard_ttbar_spinpol/phase11_diagnostics/excess_weight_rootcause_v1/ttbar_restricted_region_suite_v1/restricted/submissions/20260816T230807Z_WT_A15xS8_F012_FCC_np1/adaptive_parent.sub using direct job submission
08/17/26 01:09:21 	assigned HTCondor ID (6053027.0.0)
08/17/26 01:09:21 Submitting HTCondor Node P_A03_S1 job(s)...
08/17/26 01:09:21 Submitting node P_A03_S1 from file /afs/cern.ch/user/c/cglenn/FCCWork/whizard/whizard_ttbar_spinpol/phase11_diagnostics/excess_weight_rootcause_v1/ttbar_restricted_region_suite_v1/restricted/submissions/20260816T230807Z_WT_A15xS8_F012_FCC_np1/adaptive_parent.sub using direct job submission
08/17/26 01:09:21 	assigned HTCondor ID (6053028.0.0)
08/17/26 01:09:21 Submitting HTCondor Node P_A03_S2 job(s)...
08/17/26 01:09:21 Submitting node P_A03_S2 from file /afs/cern.ch/user/c/cglenn/FCCWork/whizard/whizard_ttbar_spinpol/phase11_diagnostics/excess_weight_rootcause_v1/ttbar_restricted_region_suite_v1/restricted/submissions/20260816T230807Z_WT_A15xS8_F012_FCC_np1/adaptive_parent.sub using direct job submission
08/17/26 01:09:21 	assigned HTCondor ID (6053029.0.0)
08/17/26 01:09:21 Submitting HTCondor Node P_A03_S3 job(s)...
08/17/26 01:09:21 Submitting node P_A03_S3 from file /afs/cern.ch/user/c/cglenn/FCCWork/whizard/whizard_ttbar_spinpol/phase11_diagnostics/excess_weight_rootcause_v1/ttbar_restricted_region_suite_v1/restricted/submissions/20260816T230807Z_WT_A15xS8_F012_FCC_np1/adaptive_parent.sub using direct job submission
08/17/26 01:09:21 	assigned HTCondor ID (6053030.0.0)
08/17/26 01:09:21 Submitting HTCondor Node P_A03_S4 job(s)...
08/17/26 01:09:21 Submitting node P_A03_S4 from file /afs/cern.ch/user/c/cglenn/FCCWork/whizard/whizard_ttbar_spinpol/phase11_diagnostics/excess_weight_rootcause_v1/ttbar_restricted_region_suite_v1/restricted/submissions/20260816T230807Z_WT_A15xS8_F012_FCC_np1/adaptive_parent.sub using direct job submission
08/17/26 01:09:21 	assigned HTCondor ID (6053031.0.0)
08/17/26 01:09:21 Submitting HTCondor Node P_A03_S5 job(s)...
08/17/26 01:09:21 Submitting node P_A03_S5 from file /afs/cern.ch/user/c/cglenn/FCCWork/whizard/whizard_ttbar_spinpol/phase11_diagnostics/excess_weight_rootcause_v1/ttbar_restricted_region_suite_v1/restricted/submissions/20260816T230807Z_WT_A15xS8_F012_FCC_np1/adaptive_parent.sub using direct job submission
08/17/26 01:09:21 	assigned HTCondor ID (6053032.0.0)
08/17/26 01:09:21 Submitting HTCondor Node P_A03_S6 job(s)...
08/17/26 01:09:21 Submitting node P_A03_S6 from file /afs/cern.ch/user/c/cglenn/FCCWork/whizard/whizard_ttbar_spinpol/phase11_diagnostics/excess_weight_rootcause_v1/ttbar_restricted_region_suite_v1/restricted/submissions/20260816T230807Z_WT_A15xS8_F012_FCC_np1/adaptive_parent.sub using direct job submission
08/17/26 01:09:21 	assigned HTCondor ID (6053033.0.0)
08/17/26 01:09:21 Submitting HTCondor Node P_A03_S7 job(s)...
08/17/26 01:09:21 Submitting node P_A03_S7 from file /afs/cern.ch/user/c/cglenn/FCCWork/whizard/whizard_ttbar_spinpol/phase11_diagnostics/excess_weight_rootcause_v1/ttbar_restricted_region_suite_v1/restricted/submissions/20260816T230807Z_WT_A15xS8_F012_FCC_np1/adaptive_parent.sub using direct job submission
08/17/26 01:09:21 	assigned HTCondor ID (6053034.0.0)
08/17/26 01:09:21 Submitting HTCondor Node P_A04_S0 job(s)...
08/17/26 01:09:21 Submitting node P_A04_S0 from file /afs/cern.ch/user/c/cglenn/FCCWork/whizard/whizard_ttbar_spinpol/phase11_diagnostics/excess_weight_rootcause_v1/ttbar_restricted_region_suite_v1/restricted/submissions/20260816T230807Z_WT_A15xS8_F012_FCC_np1/adaptive_parent.sub using direct job submission
08/17/26 01:09:21 	assigned HTCondor ID (6053035.0.0)
08/17/26 01:09:21 Submitting HTCondor Node P_A04_S1 job(s)...
08/17/26 01:09:21 Submitting node P_A04_S1 from file /afs/cern.ch/user/c/cglenn/FCCWork/whizard/whizard_ttbar_spinpol/phase11_diagnostics/excess_weight_rootcause_v1/ttbar_restricted_region_suite_v1/restricted/submissions/20260816T230807Z_WT_A15xS8_F012_FCC_np1/adaptive_parent.sub using direct job submission
08/17/26 01:09:21 	assigned HTCondor ID (6053036.0.0)
08/17/26 01:09:21 Submitting HTCondor Node P_A04_S2 job(s)...
08/17/26 01:09:21 Submitting node P_A04_S2 from file /afs/cern.ch/user/c/cglenn/FCCWork/whizard/whizard_ttbar_spinpol/phase11_diagnostics/excess_weight_rootcause_v1/ttbar_restricted_region_suite_v1/restricted/submissions/20260816T230807Z_WT_A15xS8_F012_FCC_np1/adaptive_parent.sub using direct job submission
08/17/26 01:09:21 	assigned HTCondor ID (6053037.0.0)
08/17/26 01:09:21 Submitting HTCondor Node P_A04_S3 job(s)...
08/17/26 01:09:21 Submitting node P_A04_S3 from file /afs/cern.ch/user/c/cglenn/FCCWork/whizard/whizard_ttbar_spinpol/phase11_diagnostics/excess_weight_rootcause_v1/ttbar_restricted_region_suite_v1/restricted/submissions/20260816T230807Z_WT_A15xS8_F012_FCC_np1/adaptive_parent.sub using direct job submission
08/17/26 01:09:21 	assigned HTCondor ID (6053038.0.0)
08/17/26 01:09:21 Submitting HTCondor Node P_A04_S4 job(s)...
08/17/26 01:09:21 Submitting node P_A04_S4 from file /afs/cern.ch/user/c/cglenn/FCCWork/whizard/whizard_ttbar_spinpol/phase11_diagnostics/excess_weight_rootcause_v1/ttbar_restricted_region_suite_v1/restricted/submissions/20260816T230807Z_WT_A15xS8_F012_FCC_np1/adaptive_parent.sub using direct job submission
08/17/26 01:09:21 	assigned HTCondor ID (6053039.0.0)
08/17/26 01:09:21 Submitting HTCondor Node P_A04_S5 job(s)...
08/17/26 01:09:21 Submitting node P_A04_S5 from file /afs/cern.ch/user/c/cglenn/FCCWork/whizard/whizard_ttbar_spinpol/phase11_diagnostics/excess_weight_rootcause_v1/ttbar_restricted_region_suite_v1/restricted/submissions/20260816T230807Z_WT_A15xS8_F012_FCC_np1/adaptive_parent.sub using direct job submission
08/17/26 01:09:21 	assigned HTCondor ID (6053040.0.0)
08/17/26 01:09:21 Submitting HTCondor Node P_A04_S6 job(s)...
08/17/26 01:09:21 Submitting node P_A04_S6 from file /afs/cern.ch/user/c/cglenn/FCCWork/whizard/whizard_ttbar_spinpol/phase11_diagnostics/excess_weight_rootcause_v1/ttbar_restricted_region_suite_v1/restricted/submissions/20260816T230807Z_WT_A15xS8_F012_FCC_np1/adaptive_parent.sub using direct job submission
08/17/26 01:09:21 	assigned HTCondor ID (6053041.0.0)
08/17/26 01:09:21 Submitting HTCondor Node P_A04_S7 job(s)...
08/17/26 01:09:21 Submitting node P_A04_S7 from file /afs/cern.ch/user/c/cglenn/FCCWork/whizard/whizard_ttbar_spinpol/phase11_diagnostics/excess_weight_rootcause_v1/ttbar_restricted_region_suite_v1/restricted/submissions/20260816T230807Z_WT_A15xS8_F012_FCC_np1/adaptive_parent.sub using direct job submission
08/17/26 01:09:21 	assigned HTCondor ID (6053042.0.0)
08/17/26 01:09:21 Submitting HTCondor Node P_A05_S0 job(s)...
08/17/26 01:09:21 Submitting node P_A05_S0 from file /afs/cern.ch/user/c/cglenn/FCCWork/whizard/whizard_ttbar_spinpol/phase11_diagnostics/excess_weight_rootcause_v1/ttbar_restricted_region_suite_v1/restricted/submissions/20260816T230807Z_WT_A15xS8_F012_FCC_np1/adaptive_parent.sub using direct job submission
08/17/26 01:09:21 	assigned HTCondor ID (6053043.0.0)
08/17/26 01:09:21 Submitting HTCondor Node P_A05_S1 job(s)...
08/17/26 01:09:21 Submitting node P_A05_S1 from file /afs/cern.ch/user/c/cglenn/FCCWork/whizard/whizard_ttbar_spinpol/phase11_diagnostics/excess_weight_rootcause_v1/ttbar_restricted_region_suite_v1/restricted/submissions/20260816T230807Z_WT_A15xS8_F012_FCC_np1/adaptive_parent.sub using direct job submission
08/17/26 01:09:22 	assigned HTCondor ID (6053044.0.0)
08/17/26 01:09:22 Submitting HTCondor Node P_A05_S2 job(s)...
08/17/26 01:09:22 Submitting node P_A05_S2 from file /afs/cern.ch/user/c/cglenn/FCCWork/whizard/whizard_ttbar_spinpol/phase11_diagnostics/excess_weight_rootcause_v1/ttbar_restricted_region_suite_v1/restricted/submissions/20260816T230807Z_WT_A15xS8_F012_FCC_np1/adaptive_parent.sub using direct job submission
08/17/26 01:09:22 	assigned HTCondor ID (6053045.0.0)
08/17/26 01:09:22 Submitting HTCondor Node P_A05_S3 job(s)...
08/17/26 01:09:22 Submitting node P_A05_S3 from file /afs/cern.ch/user/c/cglenn/FCCWork/whizard/whizard_ttbar_spinpol/phase11_diagnostics/excess_weight_rootcause_v1/ttbar_restricted_region_suite_v1/restricted/submissions/20260816T230807Z_WT_A15xS8_F012_FCC_np1/adaptive_parent.sub using direct job submission
08/17/26 01:09:22 	assigned HTCondor ID (6053046.0.0)
08/17/26 01:09:22 Submitting HTCondor Node P_A05_S4 job(s)...
08/17/26 01:09:22 Submitting node P_A05_S4 from file /afs/cern.ch/user/c/cglenn/FCCWork/whizard/whizard_ttbar_spinpol/phase11_diagnostics/excess_weight_rootcause_v1/ttbar_restricted_region_suite_v1/restricted/submissions/20260816T230807Z_WT_A15xS8_F012_FCC_np1/adaptive_parent.sub using direct job submission
08/17/26 01:09:22 	assigned HTCondor ID (6053047.0.0)
08/17/26 01:09:22 Submitting HTCondor Node P_A05_S5 job(s)...
08/17/26 01:09:22 Submitting node P_A05_S5 from file /afs/cern.ch/user/c/cglenn/FCCWork/whizard/whizard_ttbar_spinpol/phase11_diagnostics/excess_weight_rootcause_v1/ttbar_restricted_region_suite_v1/restricted/submissions/20260816T230807Z_WT_A15xS8_F012_FCC_np1/adaptive_parent.sub using direct job submission
08/17/26 01:09:22 	assigned HTCondor ID (6053048.0.0)
08/17/26 01:09:22 Submitting HTCondor Node P_A05_S6 job(s)...
08/17/26 01:09:22 Submitting node P_A05_S6 from file /afs/cern.ch/user/c/cglenn/FCCWork/whizard/whizard_ttbar_spinpol/phase11_diagnostics/excess_weight_rootcause_v1/ttbar_restricted_region_suite_v1/restricted/submissions/20260816T230807Z_WT_A15xS8_F012_FCC_np1/adaptive_parent.sub using direct job submission
08/17/26 01:09:22 	assigned HTCondor ID (6053049.0.0)
08/17/26 01:09:22 Submitting HTCondor Node P_A05_S7 job(s)...
08/17/26 01:09:22 Submitting node P_A05_S7 from file /afs/cern.ch/user/c/cglenn/FCCWork/whizard/whizard_ttbar_spinpol/phase11_diagnostics/excess_weight_rootcause_v1/ttbar_restricted_region_suite_v1/restricted/submissions/20260816T230807Z_WT_A15xS8_F012_FCC_np1/adaptive_parent.sub using direct job submission
08/17/26 01:09:22 	assigned HTCondor ID (6053050.0.0)
08/17/26 01:09:22 Submitting HTCondor Node P_A06_S0 job(s)...
08/17/26 01:09:22 Submitting node P_A06_S0 from file /afs/cern.ch/user/c/cglenn/FCCWork/whizard/whizard_ttbar_spinpol/phase11_diagnostics/excess_weight_rootcause_v1/ttbar_restricted_region_suite_v1/restricted/submissions/20260816T230807Z_WT_A15xS8_F012_FCC_np1/adaptive_parent.sub using direct job submission
08/17/26 01:09:22 	assigned HTCondor ID (6053051.0.0)
08/17/26 01:09:22 Submitting HTCondor Node P_A06_S1 job(s)...
08/17/26 01:09:22 Submitting node P_A06_S1 from file /afs/cern.ch/user/c/cglenn/FCCWork/whizard/whizard_ttbar_spinpol/phase11_diagnostics/excess_weight_rootcause_v1/ttbar_restricted_region_suite_v1/restricted/submissions/20260816T230807Z_WT_A15xS8_F012_FCC_np1/adaptive_parent.sub using direct job submission
08/17/26 01:09:22 	assigned HTCondor ID (6053052.0.0)
08/17/26 01:09:22 Submitting HTCondor Node P_A06_S2 job(s)...
08/17/26 01:09:22 Submitting node P_A06_S2 from file /afs/cern.ch/user/c/cglenn/FCCWork/whizard/whizard_ttbar_spinpol/phase11_diagnostics/excess_weight_rootcause_v1/ttbar_restricted_region_suite_v1/restricted/submissions/20260816T230807Z_WT_A15xS8_F012_FCC_np1/adaptive_parent.sub using direct job submission
08/17/26 01:09:22 	assigned HTCondor ID (6053053.0.0)
08/17/26 01:09:22 Submitting HTCondor Node P_A06_S3 job(s)...
08/17/26 01:09:22 Submitting node P_A06_S3 from file /afs/cern.ch/user/c/cglenn/FCCWork/whizard/whizard_ttbar_spinpol/phase11_diagnostics/excess_weight_rootcause_v1/ttbar_restricted_region_suite_v1/restricted/submissions/20260816T230807Z_WT_A15xS8_F012_FCC_np1/adaptive_parent.sub using direct job submission
08/17/26 01:09:22 	assigned HTCondor ID (6053054.0.0)
08/17/26 01:09:22 Submitting HTCondor Node P_A06_S4 job(s)...
08/17/26 01:09:22 Submitting node P_A06_S4 from file /afs/cern.ch/user/c/cglenn/FCCWork/whizard/whizard_ttbar_spinpol/phase11_diagnostics/excess_weight_rootcause_v1/ttbar_restricted_region_suite_v1/restricted/submissions/20260816T230807Z_WT_A15xS8_F012_FCC_np1/adaptive_parent.sub using direct job submission
08/17/26 01:09:22 	assigned HTCondor ID (6053055.0.0)
08/17/26 01:09:22 Submitting HTCondor Node P_A06_S5 job(s)...
08/17/26 01:09:22 Submitting node P_A06_S5 from file /afs/cern.ch/user/c/cglenn/FCCWork/whizard/whizard_ttbar_spinpol/phase11_diagnostics/excess_weight_rootcause_v1/ttbar_restricted_region_suite_v1/restricted/submissions/20260816T230807Z_WT_A15xS8_F012_FCC_np1/adaptive_parent.sub using direct job submission
08/17/26 01:09:22 	assigned HTCondor ID (6053056.0.0)
08/17/26 01:09:22 Submitting HTCondor Node P_A06_S6 job(s)...
08/17/26 01:09:22 Submitting node P_A06_S6 from file /afs/cern.ch/user/c/cglenn/FCCWork/whizard/whizard_ttbar_spinpol/phase11_diagnostics/excess_weight_rootcause_v1/ttbar_restricted_region_suite_v1/restricted/submissions/20260816T230807Z_WT_A15xS8_F012_FCC_np1/adaptive_parent.sub using direct job submission
08/17/26 01:09:22 	assigned HTCondor ID (6053057.0.0)
08/17/26 01:09:22 Submitting HTCondor Node P_A06_S7 job(s)...
08/17/26 01:09:22 Submitting node P_A06_S7 from file /afs/cern.ch/user/c/cglenn/FCCWork/whizard/whizard_ttbar_spinpol/phase11_diagnostics/excess_weight_rootcause_v1/ttbar_restricted_region_suite_v1/restricted/submissions/20260816T230807Z_WT_A15xS8_F012_FCC_np1/adaptive_parent.sub using direct job submission
08/17/26 01:09:22 	assigned HTCondor ID (6053058.0.0)
08/17/26 01:09:22 Submitting HTCondor Node P_A07_S0 job(s)...
08/17/26 01:09:22 Submitting node P_A07_S0 from file /afs/cern.ch/user/c/cglenn/FCCWork/whizard/whizard_ttbar_spinpol/phase11_diagnostics/excess_weight_rootcause_v1/ttbar_restricted_region_suite_v1/restricted/submissions/20260816T230807Z_WT_A15xS8_F012_FCC_np1/adaptive_parent.sub using direct job submission
08/17/26 01:09:22 	assigned HTCondor ID (6053059.0.0)
08/17/26 01:09:22 Submitting HTCondor Node P_A07_S1 job(s)...
08/17/26 01:09:22 Submitting node P_A07_S1 from file /afs/cern.ch/user/c/cglenn/FCCWork/whizard/whizard_ttbar_spinpol/phase11_diagnostics/excess_weight_rootcause_v1/ttbar_restricted_region_suite_v1/restricted/submissions/20260816T230807Z_WT_A15xS8_F012_FCC_np1/adaptive_parent.sub using direct job submission
08/17/26 01:09:22 	assigned HTCondor ID (6053060.0.0)
08/17/26 01:09:22 Submitting HTCondor Node P_A07_S2 job(s)...
08/17/26 01:09:22 Submitting node P_A07_S2 from file /afs/cern.ch/user/c/cglenn/FCCWork/whizard/whizard_ttbar_spinpol/phase11_diagnostics/excess_weight_rootcause_v1/ttbar_restricted_region_suite_v1/restricted/submissions/20260816T230807Z_WT_A15xS8_F012_FCC_np1/adaptive_parent.sub using direct job submission
08/17/26 01:09:22 	assigned HTCondor ID (6053061.0.0)
08/17/26 01:09:22 Submitting HTCondor Node P_A07_S3 job(s)...
08/17/26 01:09:22 Submitting node P_A07_S3 from file /afs/cern.ch/user/c/cglenn/FCCWork/whizard/whizard_ttbar_spinpol/phase11_diagnostics/excess_weight_rootcause_v1/ttbar_restricted_region_suite_v1/restricted/submissions/20260816T230807Z_WT_A15xS8_F012_FCC_np1/adaptive_parent.sub using direct job submission
08/17/26 01:09:22 	assigned HTCondor ID (6053062.0.0)
08/17/26 01:09:22 Submitting HTCondor Node P_A07_S4 job(s)...
08/17/26 01:09:22 Submitting node P_A07_S4 from file /afs/cern.ch/user/c/cglenn/FCCWork/whizard/whizard_ttbar_spinpol/phase11_diagnostics/excess_weight_rootcause_v1/ttbar_restricted_region_suite_v1/restricted/submissions/20260816T230807Z_WT_A15xS8_F012_FCC_np1/adaptive_parent.sub using direct job submission
08/17/26 01:09:22 	assigned HTCondor ID (6053063.0.0)
08/17/26 01:09:22 Submitting HTCondor Node P_A07_S5 job(s)...
08/17/26 01:09:22 Submitting node P_A07_S5 from file /afs/cern.ch/user/c/cglenn/FCCWork/whizard/whizard_ttbar_spinpol/phase11_diagnostics/excess_weight_rootcause_v1/ttbar_restricted_region_suite_v1/restricted/submissions/20260816T230807Z_WT_A15xS8_F012_FCC_np1/adaptive_parent.sub using direct job submission
08/17/26 01:09:22 	assigned HTCondor ID (6053064.0.0)
08/17/26 01:09:22 Submitting HTCondor Node P_A07_S6 job(s)...
08/17/26 01:09:22 Submitting node P_A07_S6 from file /afs/cern.ch/user/c/cglenn/FCCWork/whizard/whizard_ttbar_spinpol/phase11_diagnostics/excess_weight_rootcause_v1/ttbar_restricted_region_suite_v1/restricted/submissions/20260816T230807Z_WT_A15xS8_F012_FCC_np1/adaptive_parent.sub using direct job submission
08/17/26 01:09:22 	assigned HTCondor ID (6053065.0.0)
08/17/26 01:09:22 Submitting HTCondor Node P_A07_S7 job(s)...
08/17/26 01:09:22 Submitting node P_A07_S7 from file /afs/cern.ch/user/c/cglenn/FCCWork/whizard/whizard_ttbar_spinpol/phase11_diagnostics/excess_weight_rootcause_v1/ttbar_restricted_region_suite_v1/restricted/submissions/20260816T230807Z_WT_A15xS8_F012_FCC_np1/adaptive_parent.sub using direct job submission
08/17/26 01:09:22 	assigned HTCondor ID (6053066.0.0)
08/17/26 01:09:22 Submitting HTCondor Node P_A08_S0 job(s)...
08/17/26 01:09:22 Submitting node P_A08_S0 from file /afs/cern.ch/user/c/cglenn/FCCWork/whizard/whizard_ttbar_spinpol/phase11_diagnostics/excess_weight_rootcause_v1/ttbar_restricted_region_suite_v1/restricted/submissions/20260816T230807Z_WT_A15xS8_F012_FCC_np1/adaptive_parent.sub using direct job submission
08/17/26 01:09:22 	assigned HTCondor ID (6053067.0.0)
08/17/26 01:09:22 Submitting HTCondor Node P_A08_S1 job(s)...
08/17/26 01:09:22 Submitting node P_A08_S1 from file /afs/cern.ch/user/c/cglenn/FCCWork/whizard/whizard_ttbar_spinpol/phase11_diagnostics/excess_weight_rootcause_v1/ttbar_restricted_region_suite_v1/restricted/submissions/20260816T230807Z_WT_A15xS8_F012_FCC_np1/adaptive_parent.sub using direct job submission
08/17/26 01:09:22 	assigned HTCondor ID (6053068.0.0)
08/17/26 01:09:22 Submitting HTCondor Node P_A08_S2 job(s)...
08/17/26 01:09:22 Submitting node P_A08_S2 from file /afs/cern.ch/user/c/cglenn/FCCWork/whizard/whizard_ttbar_spinpol/phase11_diagnostics/excess_weight_rootcause_v1/ttbar_restricted_region_suite_v1/restricted/submissions/20260816T230807Z_WT_A15xS8_F012_FCC_np1/adaptive_parent.sub using direct job submission
08/17/26 01:09:22 	assigned HTCondor ID (6053069.0.0)
08/17/26 01:09:22 Submitting HTCondor Node P_A08_S3 job(s)...
08/17/26 01:09:22 Submitting node P_A08_S3 from file /afs/cern.ch/user/c/cglenn/FCCWork/whizard/whizard_ttbar_spinpol/phase11_diagnostics/excess_weight_rootcause_v1/ttbar_restricted_region_suite_v1/restricted/submissions/20260816T230807Z_WT_A15xS8_F012_FCC_np1/adaptive_parent.sub using direct job submission
08/17/26 01:09:22 	assigned HTCondor ID (6053070.0.0)
08/17/26 01:09:22 Submitting HTCondor Node P_A08_S4 job(s)...
08/17/26 01:09:22 Submitting node P_A08_S4 from file /afs/cern.ch/user/c/cglenn/FCCWork/whizard/whizard_ttbar_spinpol/phase11_diagnostics/excess_weight_rootcause_v1/ttbar_restricted_region_suite_v1/restricted/submissions/20260816T230807Z_WT_A15xS8_F012_FCC_np1/adaptive_parent.sub using direct job submission
08/17/26 01:09:22 	assigned HTCondor ID (6053071.0.0)
08/17/26 01:09:22 Submitting HTCondor Node P_A08_S5 job(s)...
08/17/26 01:09:22 Submitting node P_A08_S5 from file /afs/cern.ch/user/c/cglenn/FCCWork/whizard/whizard_ttbar_spinpol/phase11_diagnostics/excess_weight_rootcause_v1/ttbar_restricted_region_suite_v1/restricted/submissions/20260816T230807Z_WT_A15xS8_F012_FCC_np1/adaptive_parent.sub using direct job submission
08/17/26 01:09:22 	assigned HTCondor ID (6053072.0.0)
08/17/26 01:09:22 Submitting HTCondor Node P_A08_S6 job(s)...
08/17/26 01:09:22 Submitting node P_A08_S6 from file /afs/cern.ch/user/c/cglenn/FCCWork/whizard/whizard_ttbar_spinpol/phase11_diagnostics/excess_weight_rootcause_v1/ttbar_restricted_region_suite_v1/restricted/submissions/20260816T230807Z_WT_A15xS8_F012_FCC_np1/adaptive_parent.sub using direct job submission
08/17/26 01:09:22 	assigned HTCondor ID (6053073.0.0)
08/17/26 01:09:22 Submitting HTCondor Node P_A08_S7 job(s)...
08/17/26 01:09:22 Submitting node P_A08_S7 from file /afs/cern.ch/user/c/cglenn/FCCWork/whizard/whizard_ttbar_spinpol/phase11_diagnostics/excess_weight_rootcause_v1/ttbar_restricted_region_suite_v1/restricted/submissions/20260816T230807Z_WT_A15xS8_F012_FCC_np1/adaptive_parent.sub using direct job submission
08/17/26 01:09:22 	assigned HTCondor ID (6053074.0.0)
08/17/26 01:09:22 Submitting HTCondor Node P_A09_S0 job(s)...
08/17/26 01:09:22 Submitting node P_A09_S0 from file /afs/cern.ch/user/c/cglenn/FCCWork/whizard/whizard_ttbar_spinpol/phase11_diagnostics/excess_weight_rootcause_v1/ttbar_restricted_region_suite_v1/restricted/submissions/20260816T230807Z_WT_A15xS8_F012_FCC_np1/adaptive_parent.sub using direct job submission
08/17/26 01:09:22 	assigned HTCondor ID (6053075.0.0)
08/17/26 01:09:22 Submitting HTCondor Node P_A09_S1 job(s)...
08/17/26 01:09:22 Submitting node P_A09_S1 from file /afs/cern.ch/user/c/cglenn/FCCWork/whizard/whizard_ttbar_spinpol/phase11_diagnostics/excess_weight_rootcause_v1/ttbar_restricted_region_suite_v1/restricted/submissions/20260816T230807Z_WT_A15xS8_F012_FCC_np1/adaptive_parent.sub using direct job submission
08/17/26 01:09:22 	assigned HTCondor ID (6053076.0.0)
08/17/26 01:09:22 Submitting HTCondor Node P_A09_S2 job(s)...
08/17/26 01:09:22 Submitting node P_A09_S2 from file /afs/cern.ch/user/c/cglenn/FCCWork/whizard/whizard_ttbar_spinpol/phase11_diagnostics/excess_weight_rootcause_v1/ttbar_restricted_region_suite_v1/restricted/submissions/20260816T230807Z_WT_A15xS8_F012_FCC_np1/adaptive_parent.sub using direct job submission
08/17/26 01:09:22 	assigned HTCondor ID (6053077.0.0)
08/17/26 01:09:22 Submitting HTCondor Node P_A09_S3 job(s)...
08/17/26 01:09:22 Submitting node P_A09_S3 from file /afs/cern.ch/user/c/cglenn/FCCWork/whizard/whizard_ttbar_spinpol/phase11_diagnostics/excess_weight_rootcause_v1/ttbar_restricted_region_suite_v1/restricted/submissions/20260816T230807Z_WT_A15xS8_F012_FCC_np1/adaptive_parent.sub using direct job submission
08/17/26 01:09:22 	assigned HTCondor ID (6053078.0.0)
08/17/26 01:09:22 Submitting HTCondor Node P_A09_S4 job(s)...
08/17/26 01:09:22 Submitting node P_A09_S4 from file /afs/cern.ch/user/c/cglenn/FCCWork/whizard/whizard_ttbar_spinpol/phase11_diagnostics/excess_weight_rootcause_v1/ttbar_restricted_region_suite_v1/restricted/submissions/20260816T230807Z_WT_A15xS8_F012_FCC_np1/adaptive_parent.sub using direct job submission
08/17/26 01:09:22 	assigned HTCondor ID (6053079.0.0)
08/17/26 01:09:22 Submitting HTCondor Node P_A09_S5 job(s)...
08/17/26 01:09:22 Submitting node P_A09_S5 from file /afs/cern.ch/user/c/cglenn/FCCWork/whizard/whizard_ttbar_spinpol/phase11_diagnostics/excess_weight_rootcause_v1/ttbar_restricted_region_suite_v1/restricted/submissions/20260816T230807Z_WT_A15xS8_F012_FCC_np1/adaptive_parent.sub using direct job submission
08/17/26 01:09:22 	assigned HTCondor ID (6053080.0.0)
08/17/26 01:09:22 Submitting HTCondor Node P_A09_S6 job(s)...
08/17/26 01:09:22 Submitting node P_A09_S6 from file /afs/cern.ch/user/c/cglenn/FCCWork/whizard/whizard_ttbar_spinpol/phase11_diagnostics/excess_weight_rootcause_v1/ttbar_restricted_region_suite_v1/restricted/submissions/20260816T230807Z_WT_A15xS8_F012_FCC_np1/adaptive_parent.sub using direct job submission
08/17/26 01:09:22 	assigned HTCondor ID (6053081.0.0)
08/17/26 01:09:22 Submitting HTCondor Node P_A09_S7 job(s)...
08/17/26 01:09:22 Submitting node P_A09_S7 from file /afs/cern.ch/user/c/cglenn/FCCWork/whizard/whizard_ttbar_spinpol/phase11_diagnostics/excess_weight_rootcause_v1/ttbar_restricted_region_suite_v1/restricted/submissions/20260816T230807Z_WT_A15xS8_F012_FCC_np1/adaptive_parent.sub using direct job submission
08/17/26 01:09:22 	assigned HTCondor ID (6053082.0.0)
08/17/26 01:09:22 Submitting HTCondor Node P_A10_S0 job(s)...
08/17/26 01:09:22 Submitting node P_A10_S0 from file /afs/cern.ch/user/c/cglenn/FCCWork/whizard/whizard_ttbar_spinpol/phase11_diagnostics/excess_weight_rootcause_v1/ttbar_restricted_region_suite_v1/restricted/submissions/20260816T230807Z_WT_A15xS8_F012_FCC_np1/adaptive_parent.sub using direct job submission
08/17/26 01:09:22 	assigned HTCondor ID (6053083.0.0)
08/17/26 01:09:22 Submitting HTCondor Node P_A10_S1 job(s)...
08/17/26 01:09:22 Submitting node P_A10_S1 from file /afs/cern.ch/user/c/cglenn/FCCWork/whizard/whizard_ttbar_spinpol/phase11_diagnostics/excess_weight_rootcause_v1/ttbar_restricted_region_suite_v1/restricted/submissions/20260816T230807Z_WT_A15xS8_F012_FCC_np1/adaptive_parent.sub using direct job submission
08/17/26 01:09:22 	assigned HTCondor ID (6053084.0.0)
08/17/26 01:09:22 Submitting HTCondor Node P_A10_S2 job(s)...
08/17/26 01:09:22 Submitting node P_A10_S2 from file /afs/cern.ch/user/c/cglenn/FCCWork/whizard/whizard_ttbar_spinpol/phase11_diagnostics/excess_weight_rootcause_v1/ttbar_restricted_region_suite_v1/restricted/submissions/20260816T230807Z_WT_A15xS8_F012_FCC_np1/adaptive_parent.sub using direct job submission
08/17/26 01:09:22 	assigned HTCondor ID (6053085.0.0)
08/17/26 01:09:22 Submitting HTCondor Node P_A10_S3 job(s)...
08/17/26 01:09:22 Submitting node P_A10_S3 from file /afs/cern.ch/user/c/cglenn/FCCWork/whizard/whizard_ttbar_spinpol/phase11_diagnostics/excess_weight_rootcause_v1/ttbar_restricted_region_suite_v1/restricted/submissions/20260816T230807Z_WT_A15xS8_F012_FCC_np1/adaptive_parent.sub using direct job submission
08/17/26 01:09:22 	assigned HTCondor ID (6053086.0.0)
08/17/26 01:09:22 Submitting HTCondor Node P_A10_S4 job(s)...
08/17/26 01:09:22 Submitting node P_A10_S4 from file /afs/cern.ch/user/c/cglenn/FCCWork/whizard/whizard_ttbar_spinpol/phase11_diagnostics/excess_weight_rootcause_v1/ttbar_restricted_region_suite_v1/restricted/submissions/20260816T230807Z_WT_A15xS8_F012_FCC_np1/adaptive_parent.sub using direct job submission
08/17/26 01:09:22 	assigned HTCondor ID (6053087.0.0)
08/17/26 01:09:22 Submitting HTCondor Node P_A10_S5 job(s)...
08/17/26 01:09:22 Submitting node P_A10_S5 from file /afs/cern.ch/user/c/cglenn/FCCWork/whizard/whizard_ttbar_spinpol/phase11_diagnostics/excess_weight_rootcause_v1/ttbar_restricted_region_suite_v1/restricted/submissions/20260816T230807Z_WT_A15xS8_F012_FCC_np1/adaptive_parent.sub using direct job submission
08/17/26 01:09:22 	assigned HTCondor ID (6053088.0.0)
08/17/26 01:09:22 Submitting HTCondor Node P_A10_S6 job(s)...
08/17/26 01:09:22 Submitting node P_A10_S6 from file /afs/cern.ch/user/c/cglenn/FCCWork/whizard/whizard_ttbar_spinpol/phase11_diagnostics/excess_weight_rootcause_v1/ttbar_restricted_region_suite_v1/restricted/submissions/20260816T230807Z_WT_A15xS8_F012_FCC_np1/adaptive_parent.sub using direct job submission
08/17/26 01:09:22 	assigned HTCondor ID (6053089.0.0)
08/17/26 01:09:22 Submitting HTCondor Node P_A10_S7 job(s)...
08/17/26 01:09:22 Submitting node P_A10_S7 from file /afs/cern.ch/user/c/cglenn/FCCWork/whizard/whizard_ttbar_spinpol/phase11_diagnostics/excess_weight_rootcause_v1/ttbar_restricted_region_suite_v1/restricted/submissions/20260816T230807Z_WT_A15xS8_F012_FCC_np1/adaptive_parent.sub using direct job submission
08/17/26 01:09:22 	assigned HTCondor ID (6053090.0.0)
08/17/26 01:09:22 Submitting HTCondor Node P_A11_S0 job(s)...
08/17/26 01:09:22 Submitting node P_A11_S0 from file /afs/cern.ch/user/c/cglenn/FCCWork/whizard/whizard_ttbar_spinpol/phase11_diagnostics/excess_weight_rootcause_v1/ttbar_restricted_region_suite_v1/restricted/submissions/20260816T230807Z_WT_A15xS8_F012_FCC_np1/adaptive_parent.sub using direct job submission
08/17/26 01:09:22 	assigned HTCondor ID (6053091.0.0)
08/17/26 01:09:22 Submitting HTCondor Node P_A11_S1 job(s)...
08/17/26 01:09:22 Submitting node P_A11_S1 from file /afs/cern.ch/user/c/cglenn/FCCWork/whizard/whizard_ttbar_spinpol/phase11_diagnostics/excess_weight_rootcause_v1/ttbar_restricted_region_suite_v1/restricted/submissions/20260816T230807Z_WT_A15xS8_F012_FCC_np1/adaptive_parent.sub using direct job submission
08/17/26 01:09:22 	assigned HTCondor ID (6053092.0.0)
08/17/26 01:09:22 Submitting HTCondor Node P_A11_S2 job(s)...
08/17/26 01:09:22 Submitting node P_A11_S2 from file /afs/cern.ch/user/c/cglenn/FCCWork/whizard/whizard_ttbar_spinpol/phase11_diagnostics/excess_weight_rootcause_v1/ttbar_restricted_region_suite_v1/restricted/submissions/20260816T230807Z_WT_A15xS8_F012_FCC_np1/adaptive_parent.sub using direct job submission
08/17/26 01:09:22 	assigned HTCondor ID (6053093.0.0)
08/17/26 01:09:22 Submitting HTCondor Node P_A11_S3 job(s)...
08/17/26 01:09:22 Submitting node P_A11_S3 from file /afs/cern.ch/user/c/cglenn/FCCWork/whizard/whizard_ttbar_spinpol/phase11_diagnostics/excess_weight_rootcause_v1/ttbar_restricted_region_suite_v1/restricted/submissions/20260816T230807Z_WT_A15xS8_F012_FCC_np1/adaptive_parent.sub using direct job submission
08/17/26 01:09:22 	assigned HTCondor ID (6053094.0.0)
08/17/26 01:09:22 Submitting HTCondor Node P_A11_S4 job(s)...
08/17/26 01:09:23 Submitting node P_A11_S4 from file /afs/cern.ch/user/c/cglenn/FCCWork/whizard/whizard_ttbar_spinpol/phase11_diagnostics/excess_weight_rootcause_v1/ttbar_restricted_region_suite_v1/restricted/submissions/20260816T230807Z_WT_A15xS8_F012_FCC_np1/adaptive_parent.sub using direct job submission
08/17/26 01:09:23 	assigned HTCondor ID (6053095.0.0)
08/17/26 01:09:23 Submitting HTCondor Node P_A11_S5 job(s)...
08/17/26 01:09:23 Submitting node P_A11_S5 from file /afs/cern.ch/user/c/cglenn/FCCWork/whizard/whizard_ttbar_spinpol/phase11_diagnostics/excess_weight_rootcause_v1/ttbar_restricted_region_suite_v1/restricted/submissions/20260816T230807Z_WT_A15xS8_F012_FCC_np1/adaptive_parent.sub using direct job submission
08/17/26 01:09:23 	assigned HTCondor ID (6053096.0.0)
08/17/26 01:09:23 Submitting HTCondor Node P_A11_S6 job(s)...
08/17/26 01:09:23 Submitting node P_A11_S6 from file /afs/cern.ch/user/c/cglenn/FCCWork/whizard/whizard_ttbar_spinpol/phase11_diagnostics/excess_weight_rootcause_v1/ttbar_restricted_region_suite_v1/restricted/submissions/20260816T230807Z_WT_A15xS8_F012_FCC_np1/adaptive_parent.sub using direct job submission
08/17/26 01:09:23 	assigned HTCondor ID (6053097.0.0)
08/17/26 01:09:23 Submitting HTCondor Node P_A11_S7 job(s)...
08/17/26 01:09:23 Submitting node P_A11_S7 from file /afs/cern.ch/user/c/cglenn/FCCWork/whizard/whizard_ttbar_spinpol/phase11_diagnostics/excess_weight_rootcause_v1/ttbar_restricted_region_suite_v1/restricted/submissions/20260816T230807Z_WT_A15xS8_F012_FCC_np1/adaptive_parent.sub using direct job submission
08/17/26 01:09:23 	assigned HTCondor ID (6053098.0.0)
08/17/26 01:09:23 Submitting HTCondor Node P_A12_S0 job(s)...
08/17/26 01:09:23 Submitting node P_A12_S0 from file /afs/cern.ch/user/c/cglenn/FCCWork/whizard/whizard_ttbar_spinpol/phase11_diagnostics/excess_weight_rootcause_v1/ttbar_restricted_region_suite_v1/restricted/submissions/20260816T230807Z_WT_A15xS8_F012_FCC_np1/adaptive_parent.sub using direct job submission
08/17/26 01:09:23 	assigned HTCondor ID (6053099.0.0)
08/17/26 01:09:23 Submitting HTCondor Node P_A12_S1 job(s)...
08/17/26 01:09:23 Submitting node P_A12_S1 from file /afs/cern.ch/user/c/cglenn/FCCWork/whizard/whizard_ttbar_spinpol/phase11_diagnostics/excess_weight_rootcause_v1/ttbar_restricted_region_suite_v1/restricted/submissions/20260816T230807Z_WT_A15xS8_F012_FCC_np1/adaptive_parent.sub using direct job submission
08/17/26 01:09:23 	assigned HTCondor ID (6053100.0.0)
08/17/26 01:09:23 Submitting HTCondor Node P_A12_S2 job(s)...
08/17/26 01:09:23 Submitting node P_A12_S2 from file /afs/cern.ch/user/c/cglenn/FCCWork/whizard/whizard_ttbar_spinpol/phase11_diagnostics/excess_weight_rootcause_v1/ttbar_restricted_region_suite_v1/restricted/submissions/20260816T230807Z_WT_A15xS8_F012_FCC_np1/adaptive_parent.sub using direct job submission
08/17/26 01:09:23 	assigned HTCondor ID (6053101.0.0)
08/17/26 01:09:23 Submitting HTCondor Node P_A12_S3 job(s)...
08/17/26 01:09:23 Submitting node P_A12_S3 from file /afs/cern.ch/user/c/cglenn/FCCWork/whizard/whizard_ttbar_spinpol/phase11_diagnostics/excess_weight_rootcause_v1/ttbar_restricted_region_suite_v1/restricted/submissions/20260816T230807Z_WT_A15xS8_F012_FCC_np1/adaptive_parent.sub using direct job submission
08/17/26 01:09:23 	assigned HTCondor ID (6053102.0.0)
08/17/26 01:09:23 Just submitted 100 jobs this cycle...
08/17/26 01:09:23 DAG status: 0 (DAG_STATUS_OK)
08/17/26 01:09:23 Of 496 nodes total:
08/17/26 01:09:23  Done     Pre   Queued    Post   Ready   Un-Ready   Failed   Futile
08/17/26 01:09:23   ===     ===      ===     ===     ===        ===      ===      ===
08/17/26 01:09:23     0       0      100       0      28        368        0        0
08/17/26 01:09:23 0 job proc(s) currently held
08/17/26 01:09:23 DAGMan Runtime Statistics: [EventCycleTimeSum=0.000; SleepCycleTimeSum=0.000; SubmitCycleTimeAvg=1.836; SubmitCycleTimeMax=1.836; SubmitCycleTimeMin=1.836; SubmitCycleTimeStd=1.836; SubmitCycleTimeSum=1.836; EventCycleTimeCount=0.000; SleepCycleTimeCount=0.000; SubmitCycleTimeCount=1.000; LogProcessCycleTimeSum=0.000; LogProcessCycleTimeCount=0.000; ]
08/17/26 01:09:28 Submitting HTCondor Node P_A12_S4 job(s)...
08/17/26 01:09:28 Submitting node P_A12_S4 from file /afs/cern.ch/user/c/cglenn/FCCWork/whizard/whizard_ttbar_spinpol/phase11_diagnostics/excess_weight_rootcause_v1/ttbar_restricted_region_suite_v1/restricted/submissions/20260816T230807Z_WT_A15xS8_F012_FCC_np1/adaptive_parent.sub using direct job submission
08/17/26 01:09:28 	assigned HTCondor ID (6053103.0.0)
08/17/26 01:09:28 Submitting HTCondor Node P_A12_S5 job(s)...
08/17/26 01:09:28 Submitting node P_A12_S5 from file /afs/cern.ch/user/c/cglenn/FCCWork/whizard/whizard_ttbar_spinpol/phase11_diagnostics/excess_weight_rootcause_v1/ttbar_restricted_region_suite_v1/restricted/submissions/20260816T230807Z_WT_A15xS8_F012_FCC_np1/adaptive_parent.sub using direct job submission
08/17/26 01:09:28 	assigned HTCondor ID (6053104.0.0)
08/17/26 01:09:28 Submitting HTCondor Node P_A12_S6 job(s)...
08/17/26 01:09:28 Submitting node P_A12_S6 from file /afs/cern.ch/user/c/cglenn/FCCWork/whizard/whizard_ttbar_spinpol/phase11_diagnostics/excess_weight_rootcause_v1/ttbar_restricted_region_suite_v1/restricted/submissions/20260816T230807Z_WT_A15xS8_F012_FCC_np1/adaptive_parent.sub using direct job submission
08/17/26 01:09:28 	assigned HTCondor ID (6053105.0.0)
08/17/26 01:09:28 Submitting HTCondor Node P_A12_S7 job(s)...
08/17/26 01:09:28 Submitting node P_A12_S7 from file /afs/cern.ch/user/c/cglenn/FCCWork/whizard/whizard_ttbar_spinpol/phase11_diagnostics/excess_weight_rootcause_v1/ttbar_restricted_region_suite_v1/restricted/submissions/20260816T230807Z_WT_A15xS8_F012_FCC_np1/adaptive_parent.sub using direct job submission
08/17/26 01:09:28 	assigned HTCondor ID (6053106.0.0)
08/17/26 01:09:28 Submitting HTCondor Node P_A13_S0 job(s)...
08/17/26 01:09:28 Submitting node P_A13_S0 from file /afs/cern.ch/user/c/cglenn/FCCWork/whizard/whizard_ttbar_spinpol/phase11_diagnostics/excess_weight_rootcause_v1/ttbar_restricted_region_suite_v1/restricted/submissions/20260816T230807Z_WT_A15xS8_F012_FCC_np1/adaptive_parent.sub using direct job submission
08/17/26 01:09:28 	assigned HTCondor ID (6053107.0.0)
08/17/26 01:09:28 Submitting HTCondor Node P_A13_S1 job(s)...
08/17/26 01:09:28 Submitting node P_A13_S1 from file /afs/cern.ch/user/c/cglenn/FCCWork/whizard/whizard_ttbar_spinpol/phase11_diagnostics/excess_weight_rootcause_v1/ttbar_restricted_region_suite_v1/restricted/submissions/20260816T230807Z_WT_A15xS8_F012_FCC_np1/adaptive_parent.sub using direct job submission
08/17/26 01:09:28 	assigned HTCondor ID (6053108.0.0)
08/17/26 01:09:28 Submitting HTCondor Node P_A13_S2 job(s)...
08/17/26 01:09:28 Submitting node P_A13_S2 from file /afs/cern.ch/user/c/cglenn/FCCWork/whizard/whizard_ttbar_spinpol/phase11_diagnostics/excess_weight_rootcause_v1/ttbar_restricted_region_suite_v1/restricted/submissions/20260816T230807Z_WT_A15xS8_F012_FCC_np1/adaptive_parent.sub using direct job submission
08/17/26 01:09:28 	assigned HTCondor ID (6053109.0.0)
08/17/26 01:09:28 Submitting HTCondor Node P_A13_S3 job(s)...
08/17/26 01:09:28 Submitting node P_A13_S3 from file /afs/cern.ch/user/c/cglenn/FCCWork/whizard/whizard_ttbar_spinpol/phase11_diagnostics/excess_weight_rootcause_v1/ttbar_restricted_region_suite_v1/restricted/submissions/20260816T230807Z_WT_A15xS8_F012_FCC_np1/adaptive_parent.sub using direct job submission
08/17/26 01:09:28 	assigned HTCondor ID (6053110.0.0)
08/17/26 01:09:28 Submitting HTCondor Node P_A13_S4 job(s)...
08/17/26 01:09:28 Submitting node P_A13_S4 from file /afs/cern.ch/user/c/cglenn/FCCWork/whizard/whizard_ttbar_spinpol/phase11_diagnostics/excess_weight_rootcause_v1/ttbar_restricted_region_suite_v1/restricted/submissions/20260816T230807Z_WT_A15xS8_F012_FCC_np1/adaptive_parent.sub using direct job submission
08/17/26 01:09:28 	assigned HTCondor ID (6053111.0.0)
08/17/26 01:09:28 Submitting HTCondor Node P_A13_S5 job(s)...
08/17/26 01:09:28 Submitting node P_A13_S5 from file /afs/cern.ch/user/c/cglenn/FCCWork/whizard/whizard_ttbar_spinpol/phase11_diagnostics/excess_weight_rootcause_v1/ttbar_restricted_region_suite_v1/restricted/submissions/20260816T230807Z_WT_A15xS8_F012_FCC_np1/adaptive_parent.sub using direct job submission
08/17/26 01:09:28 	assigned HTCondor ID (6053112.0.0)
08/17/26 01:09:28 Submitting HTCondor Node P_A13_S6 job(s)...
08/17/26 01:09:28 Submitting node P_A13_S6 from file /afs/cern.ch/user/c/cglenn/FCCWork/whizard/whizard_ttbar_spinpol/phase11_diagnostics/excess_weight_rootcause_v1/ttbar_restricted_region_suite_v1/restricted/submissions/20260816T230807Z_WT_A15xS8_F012_FCC_np1/adaptive_parent.sub using direct job submission
08/17/26 01:09:28 	assigned HTCondor ID (6053113.0.0)
08/17/26 01:09:28 Submitting HTCondor Node P_A13_S7 job(s)...
08/17/26 01:09:28 Submitting node P_A13_S7 from file /afs/cern.ch/user/c/cglenn/FCCWork/whizard/whizard_ttbar_spinpol/phase11_diagnostics/excess_weight_rootcause_v1/ttbar_restricted_region_suite_v1/restricted/submissions/20260816T230807Z_WT_A15xS8_F012_FCC_np1/adaptive_parent.sub using direct job submission
08/17/26 01:09:28 	assigned HTCondor ID (6053114.0.0)
08/17/26 01:09:28 Submitting HTCondor Node P_A14_S0 job(s)...
08/17/26 01:09:28 Submitting node P_A14_S0 from file /afs/cern.ch/user/c/cglenn/FCCWork/whizard/whizard_ttbar_spinpol/phase11_diagnostics/excess_weight_rootcause_v1/ttbar_restricted_region_suite_v1/restricted/submissions/20260816T230807Z_WT_A15xS8_F012_FCC_np1/adaptive_parent.sub using direct job submission
08/17/26 01:09:28 	assigned HTCondor ID (6053115.0.0)
08/17/26 01:09:28 Submitting HTCondor Node P_A14_S1 job(s)...
08/17/26 01:09:28 Submitting node P_A14_S1 from file /afs/cern.ch/user/c/cglenn/FCCWork/whizard/whizard_ttbar_spinpol/phase11_diagnostics/excess_weight_rootcause_v1/ttbar_restricted_region_suite_v1/restricted/submissions/20260816T230807Z_WT_A15xS8_F012_FCC_np1/adaptive_parent.sub using direct job submission
08/17/26 01:09:28 	assigned HTCondor ID (6053116.0.0)
08/17/26 01:09:28 Submitting HTCondor Node P_A14_S2 job(s)...
08/17/26 01:09:28 Submitting node P_A14_S2 from file /afs/cern.ch/user/c/cglenn/FCCWork/whizard/whizard_ttbar_spinpol/phase11_diagnostics/excess_weight_rootcause_v1/ttbar_restricted_region_suite_v1/restricted/submissions/20260816T230807Z_WT_A15xS8_F012_FCC_np1/adaptive_parent.sub using direct job submission
08/17/26 01:09:28 	assigned HTCondor ID (6053117.0.0)
08/17/26 01:09:28 Submitting HTCondor Node P_A14_S3 job(s)...
08/17/26 01:09:28 Submitting node P_A14_S3 from file /afs/cern.ch/user/c/cglenn/FCCWork/whizard/whizard_ttbar_spinpol/phase11_diagnostics/excess_weight_rootcause_v1/ttbar_restricted_region_suite_v1/restricted/submissions/20260816T230807Z_WT_A15xS8_F012_FCC_np1/adaptive_parent.sub using direct job submission
08/17/26 01:09:28 	assigned HTCondor ID (6053118.0.0)
08/17/26 01:09:28 Submitting HTCondor Node P_A14_S4 job(s)...
08/17/26 01:09:28 Submitting node P_A14_S4 from file /afs/cern.ch/user/c/cglenn/FCCWork/whizard/whizard_ttbar_spinpol/phase11_diagnostics/excess_weight_rootcause_v1/ttbar_restricted_region_suite_v1/restricted/submissions/20260816T230807Z_WT_A15xS8_F012_FCC_np1/adaptive_parent.sub using direct job submission
08/17/26 01:09:28 	assigned HTCondor ID (6053119.0.0)
08/17/26 01:09:28 Submitting HTCondor Node P_A14_S5 job(s)...
08/17/26 01:09:28 Submitting node P_A14_S5 from file /afs/cern.ch/user/c/cglenn/FCCWork/whizard/whizard_ttbar_spinpol/phase11_diagnostics/excess_weight_rootcause_v1/ttbar_restricted_region_suite_v1/restricted/submissions/20260816T230807Z_WT_A15xS8_F012_FCC_np1/adaptive_parent.sub using direct job submission
08/17/26 01:09:28 	assigned HTCondor ID (6053120.0.0)
08/17/26 01:09:28 Submitting HTCondor Node P_A14_S6 job(s)...
08/17/26 01:09:28 Submitting node P_A14_S6 from file /afs/cern.ch/user/c/cglenn/FCCWork/whizard/whizard_ttbar_spinpol/phase11_diagnostics/excess_weight_rootcause_v1/ttbar_restricted_region_suite_v1/restricted/submissions/20260816T230807Z_WT_A15xS8_F012_FCC_np1/adaptive_parent.sub using direct job submission
08/17/26 01:09:28 	assigned HTCondor ID (6053121.0.0)
08/17/26 01:09:28 Submitting HTCondor Node P_A14_S7 job(s)...
08/17/26 01:09:28 Submitting node P_A14_S7 from file /afs/cern.ch/user/c/cglenn/FCCWork/whizard/whizard_ttbar_spinpol/phase11_diagnostics/excess_weight_rootcause_v1/ttbar_restricted_region_suite_v1/restricted/submissions/20260816T230807Z_WT_A15xS8_F012_FCC_np1/adaptive_parent.sub using direct job submission
08/17/26 01:09:28 	assigned HTCondor ID (6053122.0.0)
08/17/26 01:09:28 Submitting HTCondor Node L_FCCLEGACY_S0 job(s)...
08/17/26 01:09:28 Submitting node L_FCCLEGACY_S0 from file /afs/cern.ch/user/c/cglenn/FCCWork/whizard/whizard_ttbar_spinpol/phase11_diagnostics/excess_weight_rootcause_v1/ttbar_restricted_region_suite_v1/restricted/submissions/20260816T230807Z_WT_A15xS8_F012_FCC_np1/full_control.sub using direct job submission
08/17/26 01:09:28 	assigned HTCondor ID (6053123.0.0)
08/17/26 01:09:28 Submitting HTCondor Node L_FCCLEGACY_S1 job(s)...
08/17/26 01:09:28 Submitting node L_FCCLEGACY_S1 from file /afs/cern.ch/user/c/cglenn/FCCWork/whizard/whizard_ttbar_spinpol/phase11_diagnostics/excess_weight_rootcause_v1/ttbar_restricted_region_suite_v1/restricted/submissions/20260816T230807Z_WT_A15xS8_F012_FCC_np1/full_control.sub using direct job submission
08/17/26 01:09:28 	assigned HTCondor ID (6053124.0.0)
08/17/26 01:09:28 Submitting HTCondor Node L_FCCLEGACY_S2 job(s)...
08/17/26 01:09:28 Submitting node L_FCCLEGACY_S2 from file /afs/cern.ch/user/c/cglenn/FCCWork/whizard/whizard_ttbar_spinpol/phase11_diagnostics/excess_weight_rootcause_v1/ttbar_restricted_region_suite_v1/restricted/submissions/20260816T230807Z_WT_A15xS8_F012_FCC_np1/full_control.sub using direct job submission
08/17/26 01:09:28 	assigned HTCondor ID (6053125.0.0)
08/17/26 01:09:28 Submitting HTCondor Node L_FCCLEGACY_S3 job(s)...
08/17/26 01:09:28 Submitting node L_FCCLEGACY_S3 from file /afs/cern.ch/user/c/cglenn/FCCWork/whizard/whizard_ttbar_spinpol/phase11_diagnostics/excess_weight_rootcause_v1/ttbar_restricted_region_suite_v1/restricted/submissions/20260816T230807Z_WT_A15xS8_F012_FCC_np1/full_control.sub using direct job submission
08/17/26 01:09:28 	assigned HTCondor ID (6053126.0.0)
08/17/26 01:09:28 Submitting HTCondor Node L_FCCLEGACY_S4 job(s)...
08/17/26 01:09:28 Submitting node L_FCCLEGACY_S4 from file /afs/cern.ch/user/c/cglenn/FCCWork/whizard/whizard_ttbar_spinpol/phase11_diagnostics/excess_weight_rootcause_v1/ttbar_restricted_region_suite_v1/restricted/submissions/20260816T230807Z_WT_A15xS8_F012_FCC_np1/full_control.sub using direct job submission
08/17/26 01:09:28 	assigned HTCondor ID (6053127.0.0)
08/17/26 01:09:28 Submitting HTCondor Node L_FCCLEGACY_S5 job(s)...
08/17/26 01:09:28 Submitting node L_FCCLEGACY_S5 from file /afs/cern.ch/user/c/cglenn/FCCWork/whizard/whizard_ttbar_spinpol/phase11_diagnostics/excess_weight_rootcause_v1/ttbar_restricted_region_suite_v1/restricted/submissions/20260816T230807Z_WT_A15xS8_F012_FCC_np1/full_control.sub using direct job submission
08/17/26 01:09:28 	assigned HTCondor ID (6053128.0.0)
08/17/26 01:09:28 Submitting HTCondor Node L_FCCLEGACY_S6 job(s)...
08/17/26 01:09:28 Submitting node L_FCCLEGACY_S6 from file /afs/cern.ch/user/c/cglenn/FCCWork/whizard/whizard_ttbar_spinpol/phase11_diagnostics/excess_weight_rootcause_v1/ttbar_restricted_region_suite_v1/restricted/submissions/20260816T230807Z_WT_A15xS8_F012_FCC_np1/full_control.sub using direct job submission
08/17/26 01:09:28 	assigned HTCondor ID (6053129.0.0)
08/17/26 01:09:28 Submitting HTCondor Node L_FCCLEGACY_S7 job(s)...
08/17/26 01:09:28 Submitting node L_FCCLEGACY_S7 from file /afs/cern.ch/user/c/cglenn/FCCWork/whizard/whizard_ttbar_spinpol/phase11_diagnostics/excess_weight_rootcause_v1/ttbar_restricted_region_suite_v1/restricted/submissions/20260816T230807Z_WT_A15xS8_F012_FCC_np1/full_control.sub using direct job submission
08/17/26 01:09:28 	assigned HTCondor ID (6053130.0.0)
08/17/26 01:09:28 Just submitted 28 jobs this cycle...
08/17/26 01:09:28 Currently monitoring 1 HTCondor log file(s)
08/17/26 01:09:28 Reassigning the id of job P_A00_S0 from (6053003.0.0) to (6053003.0.0)
08/17/26 01:09:28 Event: ULOG_SUBMIT for HTCondor Node P_A00_S0 (6053003.0.0) {08/17/26 01:09:21}
08/17/26 01:09:28 Number of idle job procs: 1
08/17/26 01:09:28 Reassigning the id of job P_A00_S1 from (6053004.0.0) to (6053004.0.0)
08/17/26 01:09:28 Event: ULOG_SUBMIT for HTCondor Node P_A00_S1 (6053004.0.0) {08/17/26 01:09:21}
08/17/26 01:09:28 Number of idle job procs: 2
08/17/26 01:09:28 Reassigning the id of job P_A00_S2 from (6053005.0.0) to (6053005.0.0)
08/17/26 01:09:28 Event: ULOG_SUBMIT for HTCondor Node P_A00_S2 (6053005.0.0) {08/17/26 01:09:21}
08/17/26 01:09:28 Number of idle job procs: 3
08/17/26 01:09:28 Reassigning the id of job P_A00_S3 from (6053006.0.0) to (6053006.0.0)
08/17/26 01:09:28 Event: ULOG_SUBMIT for HTCondor Node P_A00_S3 (6053006.0.0) {08/17/26 01:09:21}
08/17/26 01:09:28 Number of idle job procs: 4
08/17/26 01:09:28 Reassigning the id of job P_A00_S4 from (6053007.0.0) to (6053007.0.0)
08/17/26 01:09:28 Event: ULOG_SUBMIT for HTCondor Node P_A00_S4 (6053007.0.0) {08/17/26 01:09:21}
08/17/26 01:09:28 Number of idle job procs: 5
08/17/26 01:09:28 Reassigning the id of job P_A00_S5 from (6053008.0.0) to (6053008.0.0)
08/17/26 01:09:28 Event: ULOG_SUBMIT for HTCondor Node P_A00_S5 (6053008.0.0) {08/17/26 01:09:21}
08/17/26 01:09:28 Number of idle job procs: 6
08/17/26 01:09:28 Reassigning the id of job P_A00_S6 from (6053009.0.0) to (6053009.0.0)
08/17/26 01:09:28 Event: ULOG_SUBMIT for HTCondor Node P_A00_S6 (6053009.0.0) {08/17/26 01:09:21}
08/17/26 01:09:28 Number of idle job procs: 7
08/17/26 01:09:28 Reassigning the id of job P_A00_S7 from (6053010.0.0) to (6053010.0.0)
08/17/26 01:09:28 Event: ULOG_SUBMIT for HTCondor Node P_A00_S7 (6053010.0.0) {08/17/26 01:09:21}
08/17/26 01:09:28 Number of idle job procs: 8
08/17/26 01:09:28 Reassigning the id of job P_A01_S0 from (6053011.0.0) to (6053011.0.0)
08/17/26 01:09:28 Event: ULOG_SUBMIT for HTCondor Node P_A01_S0 (6053011.0.0) {08/17/26 01:09:21}
08/17/26 01:09:28 Number of idle job procs: 9
08/17/26 01:09:28 Reassigning the id of job P_A01_S1 from (6053012.0.0) to (6053012.0.0)
08/17/26 01:09:28 Event: ULOG_SUBMIT for HTCondor Node P_A01_S1 (6053012.0.0) {08/17/26 01:09:21}
08/17/26 01:09:28 Number of idle job procs: 10
08/17/26 01:09:28 Reassigning the id of job P_A01_S2 from (6053013.0.0) to (6053013.0.0)
08/17/26 01:09:28 Event: ULOG_SUBMIT for HTCondor Node P_A01_S2 (6053013.0.0) {08/17/26 01:09:21}
08/17/26 01:09:29 Number of idle job procs: 11
08/17/26 01:09:29 Reassigning the id of job P_A01_S3 from (6053014.0.0) to (6053014.0.0)
08/17/26 01:09:29 Event: ULOG_SUBMIT for HTCondor Node P_A01_S3 (6053014.0.0) {08/17/26 01:09:21}
08/17/26 01:09:29 Number of idle job procs: 12
08/17/26 01:09:29 Reassigning the id of job P_A01_S4 from (6053015.0.0) to (6053015.0.0)
08/17/26 01:09:29 Event: ULOG_SUBMIT for HTCondor Node P_A01_S4 (6053015.0.0) {08/17/26 01:09:21}
08/17/26 01:09:29 Number of idle job procs: 13
08/17/26 01:09:29 Reassigning the id of job P_A01_S5 from (6053016.0.0) to (6053016.0.0)
08/17/26 01:09:29 Event: ULOG_SUBMIT for HTCondor Node P_A01_S5 (6053016.0.0) {08/17/26 01:09:21}
08/17/26 01:09:29 Number of idle job procs: 14
08/17/26 01:09:29 Reassigning the id of job P_A01_S6 from (6053017.0.0) to (6053017.0.0)
08/17/26 01:09:29 Event: ULOG_SUBMIT for HTCondor Node P_A01_S6 (6053017.0.0) {08/17/26 01:09:21}
08/17/26 01:09:29 Number of idle job procs: 15
08/17/26 01:09:29 Reassigning the id of job P_A01_S7 from (6053018.0.0) to (6053018.0.0)
08/17/26 01:09:29 Event: ULOG_SUBMIT for HTCondor Node P_A01_S7 (6053018.0.0) {08/17/26 01:09:21}
08/17/26 01:09:29 Number of idle job procs: 16
08/17/26 01:09:29 Reassigning the id of job P_A02_S0 from (6053019.0.0) to (6053019.0.0)
08/17/26 01:09:29 Event: ULOG_SUBMIT for HTCondor Node P_A02_S0 (6053019.0.0) {08/17/26 01:09:21}
08/17/26 01:09:29 Number of idle job procs: 17
08/17/26 01:09:29 Reassigning the id of job P_A02_S1 from (6053020.0.0) to (6053020.0.0)
08/17/26 01:09:29 Event: ULOG_SUBMIT for HTCondor Node P_A02_S1 (6053020.0.0) {08/17/26 01:09:21}
08/17/26 01:09:29 Number of idle job procs: 18
08/17/26 01:09:29 Reassigning the id of job P_A02_S2 from (6053021.0.0) to (6053021.0.0)
08/17/26 01:09:29 Event: ULOG_SUBMIT for HTCondor Node P_A02_S2 (6053021.0.0) {08/17/26 01:09:21}
08/17/26 01:09:29 Number of idle job procs: 19
08/17/26 01:09:29 Reassigning the id of job P_A02_S3 from (6053022.0.0) to (6053022.0.0)
08/17/26 01:09:29 Event: ULOG_SUBMIT for HTCondor Node P_A02_S3 (6053022.0.0) {08/17/26 01:09:21}
08/17/26 01:09:29 Number of idle job procs: 20
08/17/26 01:09:29 Reassigning the id of job P_A02_S4 from (6053023.0.0) to (6053023.0.0)
08/17/26 01:09:29 Event: ULOG_SUBMIT for HTCondor Node P_A02_S4 (6053023.0.0) {08/17/26 01:09:21}
08/17/26 01:09:29 Number of idle job procs: 21
08/17/26 01:09:29 Reassigning the id of job P_A02_S5 from (6053024.0.0) to (6053024.0.0)
08/17/26 01:09:29 Event: ULOG_SUBMIT for HTCondor Node P_A02_S5 (6053024.0.0) {08/17/26 01:09:21}
08/17/26 01:09:29 Number of idle job procs: 22
08/17/26 01:09:29 Reassigning the id of job P_A02_S6 from (6053025.0.0) to (6053025.0.0)
08/17/26 01:09:29 Event: ULOG_SUBMIT for HTCondor Node P_A02_S6 (6053025.0.0) {08/17/26 01:09:21}
08/17/26 01:09:29 Number of idle job procs: 23
08/17/26 01:09:29 Reassigning the id of job P_A02_S7 from (6053026.0.0) to (6053026.0.0)
08/17/26 01:09:29 Event: ULOG_SUBMIT for HTCondor Node P_A02_S7 (6053026.0.0) {08/17/26 01:09:21}
08/17/26 01:09:29 Number of idle job procs: 24
08/17/26 01:09:29 Reassigning the id of job P_A03_S0 from (6053027.0.0) to (6053027.0.0)
08/17/26 01:09:29 Event: ULOG_SUBMIT for HTCondor Node P_A03_S0 (6053027.0.0) {08/17/26 01:09:21}
08/17/26 01:09:29 Number of idle job procs: 25
08/17/26 01:09:29 Reassigning the id of job P_A03_S1 from (6053028.0.0) to (6053028.0.0)
08/17/26 01:09:29 Event: ULOG_SUBMIT for HTCondor Node P_A03_S1 (6053028.0.0) {08/17/26 01:09:21}
08/17/26 01:09:29 Number of idle job procs: 26
08/17/26 01:09:29 Reassigning the id of job P_A03_S2 from (6053029.0.0) to (6053029.0.0)
08/17/26 01:09:29 Event: ULOG_SUBMIT for HTCondor Node P_A03_S2 (6053029.0.0) {08/17/26 01:09:21}
08/17/26 01:09:29 Number of idle job procs: 27
08/17/26 01:09:29 Reassigning the id of job P_A03_S3 from (6053030.0.0) to (6053030.0.0)
08/17/26 01:09:29 Event: ULOG_SUBMIT for HTCondor Node P_A03_S3 (6053030.0.0) {08/17/26 01:09:21}
08/17/26 01:09:29 Number of idle job procs: 28
08/17/26 01:09:29 Reassigning the id of job P_A03_S4 from (6053031.0.0) to (6053031.0.0)
08/17/26 01:09:29 Event: ULOG_SUBMIT for HTCondor Node P_A03_S4 (6053031.0.0) {08/17/26 01:09:21}
08/17/26 01:09:29 Number of idle job procs: 29
08/17/26 01:09:29 Reassigning the id of job P_A03_S5 from (6053032.0.0) to (6053032.0.0)
08/17/26 01:09:29 Event: ULOG_SUBMIT for HTCondor Node P_A03_S5 (6053032.0.0) {08/17/26 01:09:21}
08/17/26 01:09:29 Number of idle job procs: 30
08/17/26 01:09:29 Reassigning the id of job P_A03_S6 from (6053033.0.0) to (6053033.0.0)
08/17/26 01:09:29 Event: ULOG_SUBMIT for HTCondor Node P_A03_S6 (6053033.0.0) {08/17/26 01:09:21}
08/17/26 01:09:29 Number of idle job procs: 31
08/17/26 01:09:29 Reassigning the id of job P_A03_S7 from (6053034.0.0) to (6053034.0.0)
08/17/26 01:09:29 Event: ULOG_SUBMIT for HTCondor Node P_A03_S7 (6053034.0.0) {08/17/26 01:09:21}
08/17/26 01:09:29 Number of idle job procs: 32
08/17/26 01:09:29 Reassigning the id of job P_A04_S0 from (6053035.0.0) to (6053035.0.0)
08/17/26 01:09:29 Event: ULOG_SUBMIT for HTCondor Node P_A04_S0 (6053035.0.0) {08/17/26 01:09:21}
08/17/26 01:09:29 Number of idle job procs: 33
08/17/26 01:09:29 Reassigning the id of job P_A04_S1 from (6053036.0.0) to (6053036.0.0)
08/17/26 01:09:29 Event: ULOG_SUBMIT for HTCondor Node P_A04_S1 (6053036.0.0) {08/17/26 01:09:21}
08/17/26 01:09:29 Number of idle job procs: 34
08/17/26 01:09:29 Reassigning the id of job P_A04_S2 from (6053037.0.0) to (6053037.0.0)
08/17/26 01:09:29 Event: ULOG_SUBMIT for HTCondor Node P_A04_S2 (6053037.0.0) {08/17/26 01:09:21}
08/17/26 01:09:29 Number of idle job procs: 35
08/17/26 01:09:29 Reassigning the id of job P_A04_S3 from (6053038.0.0) to (6053038.0.0)
08/17/26 01:09:29 Event: ULOG_SUBMIT for HTCondor Node P_A04_S3 (6053038.0.0) {08/17/26 01:09:21}
08/17/26 01:09:29 Number of idle job procs: 36
08/17/26 01:09:29 Reassigning the id of job P_A04_S4 from (6053039.0.0) to (6053039.0.0)
08/17/26 01:09:29 Event: ULOG_SUBMIT for HTCondor Node P_A04_S4 (6053039.0.0) {08/17/26 01:09:21}
08/17/26 01:09:29 Number of idle job procs: 37
08/17/26 01:09:29 Reassigning the id of job P_A04_S5 from (6053040.0.0) to (6053040.0.0)
08/17/26 01:09:29 Event: ULOG_SUBMIT for HTCondor Node P_A04_S5 (6053040.0.0) {08/17/26 01:09:21}
08/17/26 01:09:29 Number of idle job procs: 38
08/17/26 01:09:29 Reassigning the id of job P_A04_S6 from (6053041.0.0) to (6053041.0.0)
08/17/26 01:09:29 Event: ULOG_SUBMIT for HTCondor Node P_A04_S6 (6053041.0.0) {08/17/26 01:09:21}
08/17/26 01:09:29 Number of idle job procs: 39
08/17/26 01:09:29 Reassigning the id of job P_A04_S7 from (6053042.0.0) to (6053042.0.0)
08/17/26 01:09:29 Event: ULOG_SUBMIT for HTCondor Node P_A04_S7 (6053042.0.0) {08/17/26 01:09:21}
08/17/26 01:09:29 Number of idle job procs: 40
08/17/26 01:09:29 Reassigning the id of job P_A05_S0 from (6053043.0.0) to (6053043.0.0)
08/17/26 01:09:29 Event: ULOG_SUBMIT for HTCondor Node P_A05_S0 (6053043.0.0) {08/17/26 01:09:21}
08/17/26 01:09:29 Number of idle job procs: 41
08/17/26 01:09:29 Reassigning the id of job P_A05_S1 from (6053044.0.0) to (6053044.0.0)
08/17/26 01:09:29 Event: ULOG_SUBMIT for HTCondor Node P_A05_S1 (6053044.0.0) {08/17/26 01:09:22}
08/17/26 01:09:29 Number of idle job procs: 42
08/17/26 01:09:29 Reassigning the id of job P_A05_S2 from (6053045.0.0) to (6053045.0.0)
08/17/26 01:09:29 Event: ULOG_SUBMIT for HTCondor Node P_A05_S2 (6053045.0.0) {08/17/26 01:09:22}
08/17/26 01:09:29 Number of idle job procs: 43
08/17/26 01:09:29 Reassigning the id of job P_A05_S3 from (6053046.0.0) to (6053046.0.0)
08/17/26 01:09:29 Event: ULOG_SUBMIT for HTCondor Node P_A05_S3 (6053046.0.0) {08/17/26 01:09:22}
08/17/26 01:09:29 Number of idle job procs: 44
08/17/26 01:09:29 Reassigning the id of job P_A05_S4 from (6053047.0.0) to (6053047.0.0)
08/17/26 01:09:29 Event: ULOG_SUBMIT for HTCondor Node P_A05_S4 (6053047.0.0) {08/17/26 01:09:22}
08/17/26 01:09:29 Number of idle job procs: 45
08/17/26 01:09:29 Reassigning the id of job P_A05_S5 from (6053048.0.0) to (6053048.0.0)
08/17/26 01:09:29 Event: ULOG_SUBMIT for HTCondor Node P_A05_S5 (6053048.0.0) {08/17/26 01:09:22}
08/17/26 01:09:29 Number of idle job procs: 46
08/17/26 01:09:29 Reassigning the id of job P_A05_S6 from (6053049.0.0) to (6053049.0.0)
08/17/26 01:09:29 Event: ULOG_SUBMIT for HTCondor Node P_A05_S6 (6053049.0.0) {08/17/26 01:09:22}
08/17/26 01:09:29 Number of idle job procs: 47
08/17/26 01:09:29 Reassigning the id of job P_A05_S7 from (6053050.0.0) to (6053050.0.0)
08/17/26 01:09:29 Event: ULOG_SUBMIT for HTCondor Node P_A05_S7 (6053050.0.0) {08/17/26 01:09:22}
08/17/26 01:09:29 Number of idle job procs: 48
08/17/26 01:09:29 Reassigning the id of job P_A06_S0 from (6053051.0.0) to (6053051.0.0)
08/17/26 01:09:29 Event: ULOG_SUBMIT for HTCondor Node P_A06_S0 (6053051.0.0) {08/17/26 01:09:22}
08/17/26 01:09:29 Number of idle job procs: 49
08/17/26 01:09:29 Reassigning the id of job P_A06_S1 from (6053052.0.0) to (6053052.0.0)
08/17/26 01:09:29 Event: ULOG_SUBMIT for HTCondor Node P_A06_S1 (6053052.0.0) {08/17/26 01:09:22}
08/17/26 01:09:29 Number of idle job procs: 50
08/17/26 01:09:29 Reassigning the id of job P_A06_S2 from (6053053.0.0) to (6053053.0.0)
08/17/26 01:09:29 Event: ULOG_SUBMIT for HTCondor Node P_A06_S2 (6053053.0.0) {08/17/26 01:09:22}
08/17/26 01:09:29 Number of idle job procs: 51
08/17/26 01:09:29 Reassigning the id of job P_A06_S3 from (6053054.0.0) to (6053054.0.0)
08/17/26 01:09:29 Event: ULOG_SUBMIT for HTCondor Node P_A06_S3 (6053054.0.0) {08/17/26 01:09:22}
08/17/26 01:09:29 Number of idle job procs: 52
08/17/26 01:09:29 Reassigning the id of job P_A06_S4 from (6053055.0.0) to (6053055.0.0)
08/17/26 01:09:29 Event: ULOG_SUBMIT for HTCondor Node P_A06_S4 (6053055.0.0) {08/17/26 01:09:22}
08/17/26 01:09:29 Number of idle job procs: 53
08/17/26 01:09:29 Reassigning the id of job P_A06_S5 from (6053056.0.0) to (6053056.0.0)
08/17/26 01:09:29 Event: ULOG_SUBMIT for HTCondor Node P_A06_S5 (6053056.0.0) {08/17/26 01:09:22}
08/17/26 01:09:29 Number of idle job procs: 54
08/17/26 01:09:29 Reassigning the id of job P_A06_S6 from (6053057.0.0) to (6053057.0.0)
08/17/26 01:09:29 Event: ULOG_SUBMIT for HTCondor Node P_A06_S6 (6053057.0.0) {08/17/26 01:09:22}
08/17/26 01:09:29 Number of idle job procs: 55
08/17/26 01:09:29 Reassigning the id of job P_A06_S7 from (6053058.0.0) to (6053058.0.0)
08/17/26 01:09:29 Event: ULOG_SUBMIT for HTCondor Node P_A06_S7 (6053058.0.0) {08/17/26 01:09:22}
08/17/26 01:09:29 Number of idle job procs: 56
08/17/26 01:09:29 Reassigning the id of job P_A07_S0 from (6053059.0.0) to (6053059.0.0)
08/17/26 01:09:29 Event: ULOG_SUBMIT for HTCondor Node P_A07_S0 (6053059.0.0) {08/17/26 01:09:22}
08/17/26 01:09:29 Number of idle job procs: 57
08/17/26 01:09:29 Reassigning the id of job P_A07_S1 from (6053060.0.0) to (6053060.0.0)
08/17/26 01:09:29 Event: ULOG_SUBMIT for HTCondor Node P_A07_S1 (6053060.0.0) {08/17/26 01:09:22}
08/17/26 01:09:29 Number of idle job procs: 58
08/17/26 01:09:29 Reassigning the id of job P_A07_S2 from (6053061.0.0) to (6053061.0.0)
08/17/26 01:09:29 Event: ULOG_SUBMIT for HTCondor Node P_A07_S2 (6053061.0.0) {08/17/26 01:09:22}
08/17/26 01:09:29 Number of idle job procs: 59
08/17/26 01:09:29 Reassigning the id of job P_A07_S3 from (6053062.0.0) to (6053062.0.0)
08/17/26 01:09:29 Event: ULOG_SUBMIT for HTCondor Node P_A07_S3 (6053062.0.0) {08/17/26 01:09:22}
08/17/26 01:09:29 Number of idle job procs: 60
08/17/26 01:09:29 Reassigning the id of job P_A07_S4 from (6053063.0.0) to (6053063.0.0)
08/17/26 01:09:29 Event: ULOG_SUBMIT for HTCondor Node P_A07_S4 (6053063.0.0) {08/17/26 01:09:22}
08/17/26 01:09:29 Number of idle job procs: 61
08/17/26 01:09:29 Reassigning the id of job P_A07_S5 from (6053064.0.0) to (6053064.0.0)
08/17/26 01:09:29 Event: ULOG_SUBMIT for HTCondor Node P_A07_S5 (6053064.0.0) {08/17/26 01:09:22}
08/17/26 01:09:29 Number of idle job procs: 62
08/17/26 01:09:29 Reassigning the id of job P_A07_S6 from (6053065.0.0) to (6053065.0.0)
08/17/26 01:09:29 Event: ULOG_SUBMIT for HTCondor Node P_A07_S6 (6053065.0.0) {08/17/26 01:09:22}
08/17/26 01:09:29 Number of idle job procs: 63
08/17/26 01:09:29 Reassigning the id of job P_A07_S7 from (6053066.0.0) to (6053066.0.0)
08/17/26 01:09:29 Event: ULOG_SUBMIT for HTCondor Node P_A07_S7 (6053066.0.0) {08/17/26 01:09:22}
08/17/26 01:09:29 Number of idle job procs: 64
08/17/26 01:09:29 Reassigning the id of job P_A08_S0 from (6053067.0.0) to (6053067.0.0)
08/17/26 01:09:29 Event: ULOG_SUBMIT for HTCondor Node P_A08_S0 (6053067.0.0) {08/17/26 01:09:22}
08/17/26 01:09:29 Number of idle job procs: 65
08/17/26 01:09:29 Reassigning the id of job P_A08_S1 from (6053068.0.0) to (6053068.0.0)
08/17/26 01:09:29 Event: ULOG_SUBMIT for HTCondor Node P_A08_S1 (6053068.0.0) {08/17/26 01:09:22}
08/17/26 01:09:29 Number of idle job procs: 66
08/17/26 01:09:29 Reassigning the id of job P_A08_S2 from (6053069.0.0) to (6053069.0.0)
08/17/26 01:09:29 Event: ULOG_SUBMIT for HTCondor Node P_A08_S2 (6053069.0.0) {08/17/26 01:09:22}
08/17/26 01:09:29 Number of idle job procs: 67
08/17/26 01:09:29 Reassigning the id of job P_A08_S3 from (6053070.0.0) to (6053070.0.0)
08/17/26 01:09:29 Event: ULOG_SUBMIT for HTCondor Node P_A08_S3 (6053070.0.0) {08/17/26 01:09:22}
08/17/26 01:09:29 Number of idle job procs: 68
08/17/26 01:09:29 Reassigning the id of job P_A08_S4 from (6053071.0.0) to (6053071.0.0)
08/17/26 01:09:29 Event: ULOG_SUBMIT for HTCondor Node P_A08_S4 (6053071.0.0) {08/17/26 01:09:22}
08/17/26 01:09:29 Number of idle job procs: 69
08/17/26 01:09:29 Reassigning the id of job P_A08_S5 from (6053072.0.0) to (6053072.0.0)
08/17/26 01:09:29 Event: ULOG_SUBMIT for HTCondor Node P_A08_S5 (6053072.0.0) {08/17/26 01:09:22}
08/17/26 01:09:29 Number of idle job procs: 70
08/17/26 01:09:29 Reassigning the id of job P_A08_S6 from (6053073.0.0) to (6053073.0.0)
08/17/26 01:09:29 Event: ULOG_SUBMIT for HTCondor Node P_A08_S6 (6053073.0.0) {08/17/26 01:09:22}
08/17/26 01:09:29 Number of idle job procs: 71
08/17/26 01:09:29 Reassigning the id of job P_A08_S7 from (6053074.0.0) to (6053074.0.0)
08/17/26 01:09:29 Event: ULOG_SUBMIT for HTCondor Node P_A08_S7 (6053074.0.0) {08/17/26 01:09:22}
08/17/26 01:09:29 Number of idle job procs: 72
08/17/26 01:09:29 Reassigning the id of job P_A09_S0 from (6053075.0.0) to (6053075.0.0)
08/17/26 01:09:29 Event: ULOG_SUBMIT for HTCondor Node P_A09_S0 (6053075.0.0) {08/17/26 01:09:22}
08/17/26 01:09:29 Number of idle job procs: 73
08/17/26 01:09:29 Reassigning the id of job P_A09_S1 from (6053076.0.0) to (6053076.0.0)
08/17/26 01:09:29 Event: ULOG_SUBMIT for HTCondor Node P_A09_S1 (6053076.0.0) {08/17/26 01:09:22}
08/17/26 01:09:29 Number of idle job procs: 74
08/17/26 01:09:29 Reassigning the id of job P_A09_S2 from (6053077.0.0) to (6053077.0.0)
08/17/26 01:09:29 Event: ULOG_SUBMIT for HTCondor Node P_A09_S2 (6053077.0.0) {08/17/26 01:09:22}
08/17/26 01:09:29 Number of idle job procs: 75
08/17/26 01:09:29 Reassigning the id of job P_A09_S3 from (6053078.0.0) to (6053078.0.0)
08/17/26 01:09:29 Event: ULOG_SUBMIT for HTCondor Node P_A09_S3 (6053078.0.0) {08/17/26 01:09:22}
08/17/26 01:09:29 Number of idle job procs: 76
08/17/26 01:09:29 Reassigning the id of job P_A09_S4 from (6053079.0.0) to (6053079.0.0)
08/17/26 01:09:29 Event: ULOG_SUBMIT for HTCondor Node P_A09_S4 (6053079.0.0) {08/17/26 01:09:22}
08/17/26 01:09:29 Number of idle job procs: 77
08/17/26 01:09:29 Reassigning the id of job P_A09_S5 from (6053080.0.0) to (6053080.0.0)
08/17/26 01:09:29 Event: ULOG_SUBMIT for HTCondor Node P_A09_S5 (6053080.0.0) {08/17/26 01:09:22}
08/17/26 01:09:29 Number of idle job procs: 78
08/17/26 01:09:29 Reassigning the id of job P_A09_S6 from (6053081.0.0) to (6053081.0.0)
08/17/26 01:09:29 Event: ULOG_SUBMIT for HTCondor Node P_A09_S6 (6053081.0.0) {08/17/26 01:09:22}
08/17/26 01:09:29 Number of idle job procs: 79
08/17/26 01:09:29 Reassigning the id of job P_A09_S7 from (6053082.0.0) to (6053082.0.0)
08/17/26 01:09:29 Event: ULOG_SUBMIT for HTCondor Node P_A09_S7 (6053082.0.0) {08/17/26 01:09:22}
08/17/26 01:09:29 Number of idle job procs: 80
08/17/26 01:09:29 Reassigning the id of job P_A10_S0 from (6053083.0.0) to (6053083.0.0)
08/17/26 01:09:29 Event: ULOG_SUBMIT for HTCondor Node P_A10_S0 (6053083.0.0) {08/17/26 01:09:22}
08/17/26 01:09:29 Number of idle job procs: 81
08/17/26 01:09:29 Reassigning the id of job P_A10_S1 from (6053084.0.0) to (6053084.0.0)
08/17/26 01:09:29 Event: ULOG_SUBMIT for HTCondor Node P_A10_S1 (6053084.0.0) {08/17/26 01:09:22}
08/17/26 01:09:29 Number of idle job procs: 82
08/17/26 01:09:29 Reassigning the id of job P_A10_S2 from (6053085.0.0) to (6053085.0.0)
08/17/26 01:09:29 Event: ULOG_SUBMIT for HTCondor Node P_A10_S2 (6053085.0.0) {08/17/26 01:09:22}
08/17/26 01:09:29 Number of idle job procs: 83
08/17/26 01:09:30 Reassigning the id of job P_A10_S3 from (6053086.0.0) to (6053086.0.0)
08/17/26 01:09:30 Event: ULOG_SUBMIT for HTCondor Node P_A10_S3 (6053086.0.0) {08/17/26 01:09:22}
08/17/26 01:09:30 Number of idle job procs: 84
08/17/26 01:09:30 Reassigning the id of job P_A10_S4 from (6053087.0.0) to (6053087.0.0)
08/17/26 01:09:30 Event: ULOG_SUBMIT for HTCondor Node P_A10_S4 (6053087.0.0) {08/17/26 01:09:22}
08/17/26 01:09:30 Number of idle job procs: 85
08/17/26 01:09:30 Reassigning the id of job P_A10_S5 from (6053088.0.0) to (6053088.0.0)
08/17/26 01:09:30 Event: ULOG_SUBMIT for HTCondor Node P_A10_S5 (6053088.0.0) {08/17/26 01:09:22}
08/17/26 01:09:30 Number of idle job procs: 86
08/17/26 01:09:30 Reassigning the id of job P_A10_S6 from (6053089.0.0) to (6053089.0.0)
08/17/26 01:09:30 Event: ULOG_SUBMIT for HTCondor Node P_A10_S6 (6053089.0.0) {08/17/26 01:09:22}
08/17/26 01:09:30 Number of idle job procs: 87
08/17/26 01:09:30 Reassigning the id of job P_A10_S7 from (6053090.0.0) to (6053090.0.0)
08/17/26 01:09:30 Event: ULOG_SUBMIT for HTCondor Node P_A10_S7 (6053090.0.0) {08/17/26 01:09:22}
08/17/26 01:09:30 Number of idle job procs: 88
08/17/26 01:09:30 Reassigning the id of job P_A11_S0 from (6053091.0.0) to (6053091.0.0)
08/17/26 01:09:30 Event: ULOG_SUBMIT for HTCondor Node P_A11_S0 (6053091.0.0) {08/17/26 01:09:22}
08/17/26 01:09:30 Number of idle job procs: 89
08/17/26 01:09:30 Reassigning the id of job P_A11_S1 from (6053092.0.0) to (6053092.0.0)
08/17/26 01:09:30 Event: ULOG_SUBMIT for HTCondor Node P_A11_S1 (6053092.0.0) {08/17/26 01:09:22}
08/17/26 01:09:30 Number of idle job procs: 90
08/17/26 01:09:30 Reassigning the id of job P_A11_S2 from (6053093.0.0) to (6053093.0.0)
08/17/26 01:09:30 Event: ULOG_SUBMIT for HTCondor Node P_A11_S2 (6053093.0.0) {08/17/26 01:09:22}
08/17/26 01:09:30 Number of idle job procs: 91
08/17/26 01:09:30 Reassigning the id of job P_A11_S3 from (6053094.0.0) to (6053094.0.0)
08/17/26 01:09:30 Event: ULOG_SUBMIT for HTCondor Node P_A11_S3 (6053094.0.0) {08/17/26 01:09:22}
08/17/26 01:09:30 Number of idle job procs: 92
08/17/26 01:09:30 Reassigning the id of job P_A11_S4 from (6053095.0.0) to (6053095.0.0)
08/17/26 01:09:30 Event: ULOG_SUBMIT for HTCondor Node P_A11_S4 (6053095.0.0) {08/17/26 01:09:23}
08/17/26 01:09:30 Number of idle job procs: 93
08/17/26 01:09:30 Reassigning the id of job P_A11_S5 from (6053096.0.0) to (6053096.0.0)
08/17/26 01:09:30 Event: ULOG_SUBMIT for HTCondor Node P_A11_S5 (6053096.0.0) {08/17/26 01:09:23}
08/17/26 01:09:30 Number of idle job procs: 94
08/17/26 01:09:30 Reassigning the id of job P_A11_S6 from (6053097.0.0) to (6053097.0.0)
08/17/26 01:09:30 Event: ULOG_SUBMIT for HTCondor Node P_A11_S6 (6053097.0.0) {08/17/26 01:09:23}
08/17/26 01:09:30 Number of idle job procs: 95
08/17/26 01:09:30 Reassigning the id of job P_A11_S7 from (6053098.0.0) to (6053098.0.0)
08/17/26 01:09:30 Event: ULOG_SUBMIT for HTCondor Node P_A11_S7 (6053098.0.0) {08/17/26 01:09:23}
08/17/26 01:09:30 Number of idle job procs: 96
08/17/26 01:09:30 Reassigning the id of job P_A12_S0 from (6053099.0.0) to (6053099.0.0)
08/17/26 01:09:30 Event: ULOG_SUBMIT for HTCondor Node P_A12_S0 (6053099.0.0) {08/17/26 01:09:23}
08/17/26 01:09:30 Number of idle job procs: 97
08/17/26 01:09:30 Reassigning the id of job P_A12_S1 from (6053100.0.0) to (6053100.0.0)
08/17/26 01:09:30 Event: ULOG_SUBMIT for HTCondor Node P_A12_S1 (6053100.0.0) {08/17/26 01:09:23}
08/17/26 01:09:30 Number of idle job procs: 98
08/17/26 01:09:30 Reassigning the id of job P_A12_S2 from (6053101.0.0) to (6053101.0.0)
08/17/26 01:09:30 Event: ULOG_SUBMIT for HTCondor Node P_A12_S2 (6053101.0.0) {08/17/26 01:09:23}
08/17/26 01:09:30 Number of idle job procs: 99
08/17/26 01:09:30 Reassigning the id of job P_A12_S3 from (6053102.0.0) to (6053102.0.0)
08/17/26 01:09:30 Event: ULOG_SUBMIT for HTCondor Node P_A12_S3 (6053102.0.0) {08/17/26 01:09:23}
08/17/26 01:09:30 Number of idle job procs: 100
08/17/26 01:09:30 Reassigning the id of job P_A12_S4 from (6053103.0.0) to (6053103.0.0)
08/17/26 01:09:30 Event: ULOG_SUBMIT for HTCondor Node P_A12_S4 (6053103.0.0) {08/17/26 01:09:28}
08/17/26 01:09:30 Number of idle job procs: 101
08/17/26 01:09:30 Reassigning the id of job P_A12_S5 from (6053104.0.0) to (6053104.0.0)
08/17/26 01:09:30 Event: ULOG_SUBMIT for HTCondor Node P_A12_S5 (6053104.0.0) {08/17/26 01:09:28}
08/17/26 01:09:30 Number of idle job procs: 102
08/17/26 01:09:30 Reassigning the id of job P_A12_S6 from (6053105.0.0) to (6053105.0.0)
08/17/26 01:09:30 Event: ULOG_SUBMIT for HTCondor Node P_A12_S6 (6053105.0.0) {08/17/26 01:09:28}
08/17/26 01:09:30 Number of idle job procs: 103
08/17/26 01:09:30 Reassigning the id of job P_A12_S7 from (6053106.0.0) to (6053106.0.0)
08/17/26 01:09:30 Event: ULOG_SUBMIT for HTCondor Node P_A12_S7 (6053106.0.0) {08/17/26 01:09:28}
08/17/26 01:09:30 Number of idle job procs: 104
08/17/26 01:09:30 Reassigning the id of job P_A13_S0 from (6053107.0.0) to (6053107.0.0)
08/17/26 01:09:30 Event: ULOG_SUBMIT for HTCondor Node P_A13_S0 (6053107.0.0) {08/17/26 01:09:28}
08/17/26 01:09:30 Number of idle job procs: 105
08/17/26 01:09:30 Reassigning the id of job P_A13_S1 from (6053108.0.0) to (6053108.0.0)
08/17/26 01:09:30 Event: ULOG_SUBMIT for HTCondor Node P_A13_S1 (6053108.0.0) {08/17/26 01:09:28}
08/17/26 01:09:30 Number of idle job procs: 106
08/17/26 01:09:30 Reassigning the id of job P_A13_S2 from (6053109.0.0) to (6053109.0.0)
08/17/26 01:09:30 Event: ULOG_SUBMIT for HTCondor Node P_A13_S2 (6053109.0.0) {08/17/26 01:09:28}
08/17/26 01:09:30 Number of idle job procs: 107
08/17/26 01:09:30 Reassigning the id of job P_A13_S3 from (6053110.0.0) to (6053110.0.0)
08/17/26 01:09:30 Event: ULOG_SUBMIT for HTCondor Node P_A13_S3 (6053110.0.0) {08/17/26 01:09:28}
08/17/26 01:09:30 Number of idle job procs: 108
08/17/26 01:09:30 Reassigning the id of job P_A13_S4 from (6053111.0.0) to (6053111.0.0)
08/17/26 01:09:30 Event: ULOG_SUBMIT for HTCondor Node P_A13_S4 (6053111.0.0) {08/17/26 01:09:28}
08/17/26 01:09:30 Number of idle job procs: 109
08/17/26 01:09:30 Reassigning the id of job P_A13_S5 from (6053112.0.0) to (6053112.0.0)
08/17/26 01:09:30 Event: ULOG_SUBMIT for HTCondor Node P_A13_S5 (6053112.0.0) {08/17/26 01:09:28}
08/17/26 01:09:30 Number of idle job procs: 110
08/17/26 01:09:30 Reassigning the id of job P_A13_S6 from (6053113.0.0) to (6053113.0.0)
08/17/26 01:09:30 Event: ULOG_SUBMIT for HTCondor Node P_A13_S6 (6053113.0.0) {08/17/26 01:09:28}
08/17/26 01:09:30 Number of idle job procs: 111
08/17/26 01:09:30 Reassigning the id of job P_A13_S7 from (6053114.0.0) to (6053114.0.0)
08/17/26 01:09:30 Event: ULOG_SUBMIT for HTCondor Node P_A13_S7 (6053114.0.0) {08/17/26 01:09:28}
08/17/26 01:09:30 Number of idle job procs: 112
08/17/26 01:09:30 Reassigning the id of job P_A14_S0 from (6053115.0.0) to (6053115.0.0)
08/17/26 01:09:30 Event: ULOG_SUBMIT for HTCondor Node P_A14_S0 (6053115.0.0) {08/17/26 01:09:28}
08/17/26 01:09:30 Number of idle job procs: 113
08/17/26 01:09:30 Reassigning the id of job P_A14_S1 from (6053116.0.0) to (6053116.0.0)
08/17/26 01:09:30 Event: ULOG_SUBMIT for HTCondor Node P_A14_S1 (6053116.0.0) {08/17/26 01:09:28}
08/17/26 01:09:30 Number of idle job procs: 114
08/17/26 01:09:30 Reassigning the id of job P_A14_S2 from (6053117.0.0) to (6053117.0.0)
08/17/26 01:09:30 Event: ULOG_SUBMIT for HTCondor Node P_A14_S2 (6053117.0.0) {08/17/26 01:09:28}
08/17/26 01:09:30 Number of idle job procs: 115
08/17/26 01:09:30 Reassigning the id of job P_A14_S3 from (6053118.0.0) to (6053118.0.0)
08/17/26 01:09:30 Event: ULOG_SUBMIT for HTCondor Node P_A14_S3 (6053118.0.0) {08/17/26 01:09:28}
08/17/26 01:09:30 Number of idle job procs: 116
08/17/26 01:09:30 Reassigning the id of job P_A14_S4 from (6053119.0.0) to (6053119.0.0)
08/17/26 01:09:30 Event: ULOG_SUBMIT for HTCondor Node P_A14_S4 (6053119.0.0) {08/17/26 01:09:28}
08/17/26 01:09:30 Number of idle job procs: 117
08/17/26 01:09:30 Reassigning the id of job P_A14_S5 from (6053120.0.0) to (6053120.0.0)
08/17/26 01:09:30 Event: ULOG_SUBMIT for HTCondor Node P_A14_S5 (6053120.0.0) {08/17/26 01:09:28}
08/17/26 01:09:30 Number of idle job procs: 118
08/17/26 01:09:30 Reassigning the id of job P_A14_S6 from (6053121.0.0) to (6053121.0.0)
08/17/26 01:09:30 Event: ULOG_SUBMIT for HTCondor Node P_A14_S6 (6053121.0.0) {08/17/26 01:09:28}
08/17/26 01:09:30 Number of idle job procs: 119
08/17/26 01:09:30 Reassigning the id of job P_A14_S7 from (6053122.0.0) to (6053122.0.0)
08/17/26 01:09:30 Event: ULOG_SUBMIT for HTCondor Node P_A14_S7 (6053122.0.0) {08/17/26 01:09:28}
08/17/26 01:09:30 Number of idle job procs: 120
08/17/26 01:09:30 Reassigning the id of job L_FCCLEGACY_S0 from (6053123.0.0) to (6053123.0.0)
08/17/26 01:09:30 Event: ULOG_SUBMIT for HTCondor Node L_FCCLEGACY_S0 (6053123.0.0) {08/17/26 01:09:28}
08/17/26 01:09:30 Number of idle job procs: 121
08/17/26 01:09:30 Reassigning the id of job L_FCCLEGACY_S1 from (6053124.0.0) to (6053124.0.0)
08/17/26 01:09:30 Event: ULOG_SUBMIT for HTCondor Node L_FCCLEGACY_S1 (6053124.0.0) {08/17/26 01:09:28}
08/17/26 01:09:30 Number of idle job procs: 122
08/17/26 01:09:30 Reassigning the id of job L_FCCLEGACY_S2 from (6053125.0.0) to (6053125.0.0)
08/17/26 01:09:30 Event: ULOG_SUBMIT for HTCondor Node L_FCCLEGACY_S2 (6053125.0.0) {08/17/26 01:09:28}
08/17/26 01:09:30 Number of idle job procs: 123
08/17/26 01:09:30 Reassigning the id of job L_FCCLEGACY_S3 from (6053126.0.0) to (6053126.0.0)
08/17/26 01:09:30 Event: ULOG_SUBMIT for HTCondor Node L_FCCLEGACY_S3 (6053126.0.0) {08/17/26 01:09:28}
08/17/26 01:09:30 Number of idle job procs: 124
08/17/26 01:09:30 Reassigning the id of job L_FCCLEGACY_S4 from (6053127.0.0) to (6053127.0.0)
08/17/26 01:09:30 Event: ULOG_SUBMIT for HTCondor Node L_FCCLEGACY_S4 (6053127.0.0) {08/17/26 01:09:28}
08/17/26 01:09:30 Number of idle job procs: 125
08/17/26 01:09:30 Reassigning the id of job L_FCCLEGACY_S5 from (6053128.0.0) to (6053128.0.0)
08/17/26 01:09:30 Event: ULOG_SUBMIT for HTCondor Node L_FCCLEGACY_S5 (6053128.0.0) {08/17/26 01:09:28}
08/17/26 01:09:30 Number of idle job procs: 126
08/17/26 01:09:30 Reassigning the id of job L_FCCLEGACY_S6 from (6053129.0.0) to (6053129.0.0)
08/17/26 01:09:30 Event: ULOG_SUBMIT for HTCondor Node L_FCCLEGACY_S6 (6053129.0.0) {08/17/26 01:09:28}
08/17/26 01:09:30 Number of idle job procs: 127
08/17/26 01:09:30 Reassigning the id of job L_FCCLEGACY_S7 from (6053130.0.0) to (6053130.0.0)
08/17/26 01:09:30 Event: ULOG_SUBMIT for HTCondor Node L_FCCLEGACY_S7 (6053130.0.0) {08/17/26 01:09:28}
08/17/26 01:09:30 Number of idle job procs: 128
08/17/26 01:09:30 DAG status: 0 (DAG_STATUS_OK)
08/17/26 01:09:30 Of 496 nodes total:
08/17/26 01:09:30  Done     Pre   Queued    Post   Ready   Un-Ready   Failed   Futile
08/17/26 01:09:30   ===     ===      ===     ===     ===        ===      ===      ===
08/17/26 01:09:30     0       0      128       0       0        368        0        0
08/17/26 01:09:30 0 job proc(s) currently held
08/17/26 01:09:30 DAGMan Runtime Statistics: [EventCycleTimeAvg=1.866; EventCycleTimeMax=1.866; EventCycleTimeMin=1.866; EventCycleTimeStd=1.866; EventCycleTimeSum=1.866; SleepCycleTimeAvg=5.005; SleepCycleTimeMax=5.005; SleepCycleTimeMin=5.005; SleepCycleTimeStd=5.005; SleepCycleTimeSum=5.005; SubmitCycleTimeAvg=1.243; SubmitCycleTimeMax=1.836; SubmitCycleTimeMin=0.650; SubmitCycleTimeStd=0.839; SubmitCycleTimeSum=2.485; EventCycleTimeCount=1.000; SleepCycleTimeCount=1.000; SubmitCycleTimeCount=2.000; LogProcessCycleTimeAvg=1.850; LogProcessCycleTimeMax=1.850; LogProcessCycleTimeMin=1.850; LogProcessCycleTimeStd=1.850; LogProcessCycleTimeSum=1.850; LogProcessCycleTimeCount=1.000; ]
08/17/26 01:09:35 Currently monitoring 1 HTCondor log file(s)
08/17/26 01:11:15 Currently monitoring 1 HTCondor log file(s)
08/17/26 01:11:15 Event: ULOG_EXECUTE for HTCondor Node P_A00_S7 (6053010.0.0) {08/17/26 01:11:12}
08/17/26 01:11:15 Number of idle job procs: 127
08/17/26 01:11:15 Event: ULOG_EXECUTE for HTCondor Node P_A00_S0 (6053003.0.0) {08/17/26 01:11:12}
08/17/26 01:11:15 Number of idle job procs: 126
08/17/26 01:11:15 Event: ULOG_EXECUTE for HTCondor Node P_A00_S1 (6053004.0.0) {08/17/26 01:11:12}
08/17/26 01:11:15 Number of idle job procs: 125
08/17/26 01:11:15 Event: ULOG_JOB_TERMINATED for HTCondor Node P_A00_S7 (6053010.0.0) {08/17/26 01:11:13}
08/17/26 01:11:15 Number of idle job procs: 125
08/17/26 01:11:15 Node P_A00_S7 job proc (6053010.0.0) failed with status 1.
08/17/26 01:11:15 Node P_A00_S7 job(s) have exited the queue
08/17/26 01:11:15 Event: ULOG_JOB_TERMINATED for HTCondor Node P_A00_S0 (6053003.0.0) {08/17/26 01:11:13}
08/17/26 01:11:15 Number of idle job procs: 125
08/17/26 01:11:15 Node P_A00_S0 job proc (6053003.0.0) failed with status 1.
08/17/26 01:11:15 Node P_A00_S0 job(s) have exited the queue
08/17/26 01:11:15 Event: ULOG_JOB_TERMINATED for HTCondor Node P_A00_S1 (6053004.0.0) {08/17/26 01:11:13}
08/17/26 01:11:15 Number of idle job procs: 125
08/17/26 01:11:15 Node P_A00_S1 job proc (6053004.0.0) failed with status 1.
08/17/26 01:11:15 Node P_A00_S1 job(s) have exited the queue
08/17/26 01:11:15 Event: ULOG_EXECUTE for HTCondor Node P_A00_S4 (6053007.0.0) {08/17/26 01:11:13}
08/17/26 01:11:15 Number of idle job procs: 124
08/17/26 01:11:15 Event: ULOG_EXECUTE for HTCondor Node P_A00_S3 (6053006.0.0) {08/17/26 01:11:13}
08/17/26 01:11:15 Number of idle job procs: 123
08/17/26 01:11:16 Event: ULOG_EXECUTE for HTCondor Node P_A00_S6 (6053009.0.0) {08/17/26 01:11:13}
08/17/26 01:11:16 Number of idle job procs: 122
08/17/26 01:11:16 Event: ULOG_EXECUTE for HTCondor Node P_A00_S2 (6053005.0.0) {08/17/26 01:11:13}
08/17/26 01:11:16 Number of idle job procs: 121
08/17/26 01:11:16 Event: ULOG_JOB_TERMINATED for HTCondor Node P_A00_S3 (6053006.0.0) {08/17/26 01:11:14}
08/17/26 01:11:16 Number of idle job procs: 121
08/17/26 01:11:16 Node P_A00_S3 job proc (6053006.0.0) failed with status 1.
08/17/26 01:11:16 Node P_A00_S3 job(s) have exited the queue
08/17/26 01:11:16 Event: ULOG_JOB_TERMINATED for HTCondor Node P_A00_S4 (6053007.0.0) {08/17/26 01:11:14}
08/17/26 01:11:16 Number of idle job procs: 121
08/17/26 01:11:16 Node P_A00_S4 job proc (6053007.0.0) failed with status 1.
08/17/26 01:11:16 Node P_A00_S4 job(s) have exited the queue
08/17/26 01:11:16 Event: ULOG_EXECUTE for HTCondor Node P_A01_S0 (6053011.0.0) {08/17/26 01:11:14}
08/17/26 01:11:16 Number of idle job procs: 120
08/17/26 01:11:16 Event: ULOG_JOB_TERMINATED for HTCondor Node P_A00_S2 (6053005.0.0) {08/17/26 01:11:14}
08/17/26 01:11:16 Number of idle job procs: 120
08/17/26 01:11:16 Node P_A00_S2 job proc (6053005.0.0) failed with status 1.
08/17/26 01:11:16 Node P_A00_S2 job(s) have exited the queue
08/17/26 01:11:16 Event: ULOG_JOB_TERMINATED for HTCondor Node P_A00_S6 (6053009.0.0) {08/17/26 01:11:14}
08/17/26 01:11:16 Number of idle job procs: 120
08/17/26 01:11:16 Node P_A00_S6 job proc (6053009.0.0) failed with status 1.
08/17/26 01:11:16 Node P_A00_S6 job(s) have exited the queue
08/17/26 01:11:16 Event: ULOG_EXECUTE for HTCondor Node P_A00_S5 (6053008.0.0) {08/17/26 01:11:15}
08/17/26 01:11:16 Number of idle job procs: 119
08/17/26 01:11:16 Event: ULOG_EXECUTE for HTCondor Node P_A01_S1 (6053012.0.0) {08/17/26 01:11:15}
08/17/26 01:11:16 Number of idle job procs: 118
08/17/26 01:11:16 Event: ULOG_EXECUTE for HTCondor Node P_A01_S3 (6053014.0.0) {08/17/26 01:11:15}
08/17/26 01:11:16 Number of idle job procs: 117
08/17/26 01:11:16 Event: ULOG_EXECUTE for HTCondor Node P_A01_S2 (6053013.0.0) {08/17/26 01:11:15}
08/17/26 01:11:16 Number of idle job procs: 116
08/17/26 01:11:16 Event: ULOG_JOB_TERMINATED for HTCondor Node P_A01_S0 (6053011.0.0) {08/17/26 01:11:15}
08/17/26 01:11:16 Number of idle job procs: 116
08/17/26 01:11:16 Node P_A01_S0 job proc (6053011.0.0) failed with status 1.
08/17/26 01:11:16 Node P_A01_S0 job(s) have exited the queue
08/17/26 01:11:16 DAG status: 2 (DAG_STATUS_NODE_FAILED)
08/17/26 01:11:16 Of 496 nodes total:
08/17/26 01:11:16  Done     Pre   Queued    Post   Ready   Un-Ready   Failed   Futile
08/17/26 01:11:16   ===     ===      ===     ===     ===        ===      ===      ===
08/17/26 01:11:16     0       0      120       0       0        344        8       24
08/17/26 01:11:16 0 job proc(s) currently held
08/17/26 01:11:16 DAGMan Runtime Statistics: [EventCycleTimeAvg=0.201; EventCycleTimeMax=2.551; EventCycleTimeMin=0.000; EventCycleTimeStd=0.658; EventCycleTimeSum=4.425; SleepCycleTimeAvg=5.005; SleepCycleTimeMax=5.006; SleepCycleTimeMin=5.005; SleepCycleTimeStd=0.000; SleepCycleTimeSum=110.113; SubmitCycleTimeAvg=0.108; SubmitCycleTimeMax=1.836; SubmitCycleTimeMin=0.000; SubmitCycleTimeStd=0.400; SubmitCycleTimeSum=2.485; EventCycleTimeCount=22.000; SleepCycleTimeCount=22.000; SubmitCycleTimeCount=23.000; LogProcessCycleTimeAvg=0.724; LogProcessCycleTimeMax=1.850; LogProcessCycleTimeMin=0.006; LogProcessCycleTimeStd=0.988; LogProcessCycleTimeSum=2.171; LogProcessCycleTimeCount=3.000; ]
08/17/26 01:11:21 Currently monitoring 1 HTCondor log file(s)
08/17/26 01:11:21 Event: ULOG_JOB_TERMINATED for HTCondor Node P_A01_S1 (6053012.0.0) {08/17/26 01:11:16}
08/17/26 01:11:21 Number of idle job procs: 116
08/17/26 01:11:21 Node P_A01_S1 job proc (6053012.0.0) failed with status 1.
08/17/26 01:11:21 Node P_A01_S1 job(s) have exited the queue
08/17/26 01:11:21 Event: ULOG_EXECUTE for HTCondor Node P_A01_S6 (6053017.0.0) {08/17/26 01:11:16}
08/17/26 01:11:21 Number of idle job procs: 115
08/17/26 01:11:21 Event: ULOG_EXECUTE for HTCondor Node P_A01_S4 (6053015.0.0) {08/17/26 01:11:16}
08/17/26 01:11:21 Number of idle job procs: 114
08/17/26 01:11:21 Event: ULOG_EXECUTE for HTCondor Node P_A01_S5 (6053016.0.0) {08/17/26 01:11:16}
08/17/26 01:11:21 Number of idle job procs: 113
08/17/26 01:11:21 Event: ULOG_JOB_TERMINATED for HTCondor Node P_A01_S3 (6053014.0.0) {08/17/26 01:11:16}
08/17/26 01:11:21 Number of idle job procs: 113
08/17/26 01:11:21 Node P_A01_S3 job proc (6053014.0.0) failed with status 1.
08/17/26 01:11:21 Node P_A01_S3 job(s) have exited the queue
08/17/26 01:11:21 Event: ULOG_JOB_TERMINATED for HTCondor Node P_A01_S2 (6053013.0.0) {08/17/26 01:11:16}
08/17/26 01:11:21 Number of idle job procs: 113
08/17/26 01:11:21 Node P_A01_S2 job proc (6053013.0.0) failed with status 1.
08/17/26 01:11:21 Node P_A01_S2 job(s) have exited the queue
08/17/26 01:11:21 Event: ULOG_JOB_TERMINATED for HTCondor Node P_A01_S6 (6053017.0.0) {08/17/26 01:11:17}
08/17/26 01:11:21 Number of idle job procs: 113
08/17/26 01:11:21 Node P_A01_S6 job proc (6053017.0.0) failed with status 1.
08/17/26 01:11:21 Node P_A01_S6 job(s) have exited the queue
08/17/26 01:11:21 Event: ULOG_JOB_TERMINATED for HTCondor Node P_A01_S4 (6053015.0.0) {08/17/26 01:11:17}
08/17/26 01:11:21 Number of idle job procs: 113
08/17/26 01:11:21 Node P_A01_S4 job proc (6053015.0.0) failed with status 1.
08/17/26 01:11:21 Node P_A01_S4 job(s) have exited the queue
08/17/26 01:11:21 Event: ULOG_EXECUTE for HTCondor Node P_A02_S1 (6053020.0.0) {08/17/26 01:11:17}
08/17/26 01:11:21 Number of idle job procs: 112
08/17/26 01:11:21 Event: ULOG_EXECUTE for HTCondor Node P_A02_S0 (6053019.0.0) {08/17/26 01:11:17}
08/17/26 01:11:21 Number of idle job procs: 111
08/17/26 01:11:21 Event: ULOG_EXECUTE for HTCondor Node P_A01_S7 (6053018.0.0) {08/17/26 01:11:17}
08/17/26 01:11:21 Number of idle job procs: 110
08/17/26 01:11:21 Event: ULOG_JOB_TERMINATED for HTCondor Node P_A01_S5 (6053016.0.0) {08/17/26 01:11:17}
08/17/26 01:11:21 Number of idle job procs: 110
08/17/26 01:11:21 Node P_A01_S5 job proc (6053016.0.0) failed with status 1.
08/17/26 01:11:21 Node P_A01_S5 job(s) have exited the queue
08/17/26 01:11:21 Event: ULOG_JOB_TERMINATED for HTCondor Node P_A02_S1 (6053020.0.0) {08/17/26 01:11:17}
08/17/26 01:11:21 Number of idle job procs: 110
08/17/26 01:11:21 Node P_A02_S1 job proc (6053020.0.0) failed with status 1.
08/17/26 01:11:21 Node P_A02_S1 job(s) have exited the queue
08/17/26 01:11:21 Event: ULOG_JOB_TERMINATED for HTCondor Node P_A02_S0 (6053019.0.0) {08/17/26 01:11:18}
08/17/26 01:11:21 Number of idle job procs: 110
08/17/26 01:11:21 Node P_A02_S0 job proc (6053019.0.0) failed with status 1.
08/17/26 01:11:21 Node P_A02_S0 job(s) have exited the queue
08/17/26 01:11:21 Event: ULOG_JOB_TERMINATED for HTCondor Node P_A01_S7 (6053018.0.0) {08/17/26 01:11:18}
08/17/26 01:11:21 Number of idle job procs: 110
08/17/26 01:11:21 Node P_A01_S7 job proc (6053018.0.0) failed with status 1.
08/17/26 01:11:21 Node P_A01_S7 job(s) have exited the queue
08/17/26 01:11:21 Event: ULOG_EXECUTE for HTCondor Node P_A02_S5 (6053024.0.0) {08/17/26 01:11:18}
08/17/26 01:11:21 Number of idle job procs: 109
08/17/26 01:11:21 Event: ULOG_EXECUTE for HTCondor Node P_A02_S6 (6053025.0.0) {08/17/26 01:11:18}
08/17/26 01:11:21 Number of idle job procs: 108
08/17/26 01:11:21 Event: ULOG_EXECUTE for HTCondor Node P_A02_S2 (6053021.0.0) {08/17/26 01:11:18}
08/17/26 01:11:21 Number of idle job procs: 107
08/17/26 01:11:21 Event: ULOG_EXECUTE for HTCondor Node P_A02_S3 (6053022.0.0) {08/17/26 01:11:18}
08/17/26 01:11:21 Number of idle job procs: 106
08/17/26 01:11:21 Event: ULOG_EXECUTE for HTCondor Node P_A02_S4 (6053023.0.0) {08/17/26 01:11:18}
08/17/26 01:11:21 Number of idle job procs: 105
08/17/26 01:11:21 Event: ULOG_JOB_TERMINATED for HTCondor Node P_A00_S5 (6053008.0.0) {08/17/26 01:11:18}
08/17/26 01:11:21 Number of idle job procs: 105
08/17/26 01:11:21 Node P_A00_S5 job proc (6053008.0.0) failed with status 1.
08/17/26 01:11:21 Node P_A00_S5 job(s) have exited the queue
08/17/26 01:11:21 Event: ULOG_JOB_TERMINATED for HTCondor Node P_A02_S5 (6053024.0.0) {08/17/26 01:11:19}
08/17/26 01:11:21 Number of idle job procs: 105
08/17/26 01:11:21 Node P_A02_S5 job proc (6053024.0.0) failed with status 1.
08/17/26 01:11:21 Node P_A02_S5 job(s) have exited the queue
08/17/26 01:11:21 Event: ULOG_EXECUTE for HTCondor Node P_A02_S7 (6053026.0.0) {08/17/26 01:11:19}
08/17/26 01:11:21 Number of idle job procs: 104
08/17/26 01:11:21 Event: ULOG_JOB_TERMINATED for HTCondor Node P_A02_S2 (6053021.0.0) {08/17/26 01:11:19}
08/17/26 01:11:21 Number of idle job procs: 104
08/17/26 01:11:21 Node P_A02_S2 job proc (6053021.0.0) failed with status 1.
08/17/26 01:11:21 Node P_A02_S2 job(s) have exited the queue
08/17/26 01:11:21 Event: ULOG_JOB_TERMINATED for HTCondor Node P_A02_S4 (6053023.0.0) {08/17/26 01:11:19}
08/17/26 01:11:21 Number of idle job procs: 104
08/17/26 01:11:21 Node P_A02_S4 job proc (6053023.0.0) failed with status 1.
08/17/26 01:11:21 Node P_A02_S4 job(s) have exited the queue
08/17/26 01:11:21 Event: ULOG_JOB_TERMINATED for HTCondor Node P_A02_S3 (6053022.0.0) {08/17/26 01:11:19}
08/17/26 01:11:21 Number of idle job procs: 104
08/17/26 01:11:21 Node P_A02_S3 job proc (6053022.0.0) failed with status 1.
08/17/26 01:11:21 Node P_A02_S3 job(s) have exited the queue
08/17/26 01:11:21 Event: ULOG_JOB_TERMINATED for HTCondor Node P_A02_S6 (6053025.0.0) {08/17/26 01:11:19}
08/17/26 01:11:21 Number of idle job procs: 104
08/17/26 01:11:21 Node P_A02_S6 job proc (6053025.0.0) failed with status 1.
08/17/26 01:11:21 Node P_A02_S6 job(s) have exited the queue
08/17/26 01:11:21 Event: ULOG_JOB_TERMINATED for HTCondor Node P_A02_S7 (6053026.0.0) {08/17/26 01:11:20}
08/17/26 01:11:21 Number of idle job procs: 104
08/17/26 01:11:21 Node P_A02_S7 job proc (6053026.0.0) failed with status 1.
08/17/26 01:11:21 Node P_A02_S7 job(s) have exited the queue
08/17/26 01:11:21 Event: ULOG_EXECUTE for HTCondor Node P_A03_S2 (6053029.0.0) {08/17/26 01:11:20}
08/17/26 01:11:21 Number of idle job procs: 103
08/17/26 01:11:21 Event: ULOG_EXECUTE for HTCondor Node P_A03_S1 (6053028.0.0) {08/17/26 01:11:20}
08/17/26 01:11:21 Number of idle job procs: 102
08/17/26 01:11:21 Event: ULOG_EXECUTE for HTCondor Node P_A03_S0 (6053027.0.0) {08/17/26 01:11:20}
08/17/26 01:11:21 Number of idle job procs: 101
08/17/26 01:11:21 Event: ULOG_JOB_TERMINATED for HTCondor Node P_A03_S2 (6053029.0.0) {08/17/26 01:11:21}
08/17/26 01:11:21 Number of idle job procs: 101
08/17/26 01:11:21 Node P_A03_S2 job proc (6053029.0.0) failed with status 1.
08/17/26 01:11:21 Node P_A03_S2 job(s) have exited the queue
08/17/26 01:11:21 Event: ULOG_JOB_TERMINATED for HTCondor Node P_A03_S1 (6053028.0.0) {08/17/26 01:11:21}
08/17/26 01:11:21 Number of idle job procs: 101
08/17/26 01:11:21 Node P_A03_S1 job proc (6053028.0.0) failed with status 1.
08/17/26 01:11:21 Node P_A03_S1 job(s) have exited the queue
08/17/26 01:11:21 Event: ULOG_EXECUTE for HTCondor Node P_A03_S3 (6053030.0.0) {08/17/26 01:11:21}
08/17/26 01:11:21 Number of idle job procs: 100
08/17/26 01:11:21 Event: ULOG_EXECUTE for HTCondor Node P_A03_S5 (6053032.0.0) {08/17/26 01:11:21}
08/17/26 01:11:21 Number of idle job procs: 99
08/17/26 01:11:21 Event: ULOG_EXECUTE for HTCondor Node P_A03_S4 (6053031.0.0) {08/17/26 01:11:21}
08/17/26 01:11:21 Number of idle job procs: 98
08/17/26 01:11:21 Event: ULOG_EXECUTE for HTCondor Node P_A04_S0 (6053035.0.0) {08/17/26 01:11:21}
08/17/26 01:11:21 Number of idle job procs: 97
08/17/26 01:11:21 Event: ULOG_JOB_TERMINATED for HTCondor Node P_A03_S0 (6053027.0.0) {08/17/26 01:11:21}
08/17/26 01:11:21 Number of idle job procs: 97
08/17/26 01:11:21 Node P_A03_S0 job proc (6053027.0.0) failed with status 1.
08/17/26 01:11:21 Node P_A03_S0 job(s) have exited the queue
08/17/26 01:11:21 DAG status: 2 (DAG_STATUS_NODE_FAILED)
08/17/26 01:11:21 Of 496 nodes total:
08/17/26 01:11:21  Done     Pre   Queued    Post   Ready   Un-Ready   Failed   Futile
08/17/26 01:11:21   ===     ===      ===     ===     ===        ===      ===      ===
08/17/26 01:11:21     0       0      101       0       0        287       27       81
08/17/26 01:11:21 0 job proc(s) currently held
08/17/26 01:11:21 DAGMan Runtime Statistics: [EventCycleTimeAvg=0.208; EventCycleTimeMax=2.551; EventCycleTimeMin=0.000; EventCycleTimeStd=0.644; EventCycleTimeSum=4.780; SleepCycleTimeAvg=5.005; SleepCycleTimeMax=5.006; SleepCycleTimeMin=5.004; SleepCycleTimeStd=0.000; SleepCycleTimeSum=115.118; SubmitCycleTimeAvg=0.104; SubmitCycleTimeMax=1.836; SubmitCycleTimeMin=0.000; SubmitCycleTimeStd=0.392; SubmitCycleTimeSum=2.485; EventCycleTimeCount=23.000; SleepCycleTimeCount=23.000; SubmitCycleTimeCount=24.000; LogProcessCycleTimeAvg=0.716; LogProcessCycleTimeMax=1.850; LogProcessCycleTimeMin=0.006; LogProcessCycleTimeStd=0.807; LogProcessCycleTimeSum=2.863; LogProcessCycleTimeCount=4.000; ]
08/17/26 01:11:26 Currently monitoring 1 HTCondor log file(s)
08/17/26 01:11:26 Event: ULOG_JOB_TERMINATED for HTCondor Node P_A03_S3 (6053030.0.0) {08/17/26 01:11:22}
08/17/26 01:11:26 Number of idle job procs: 97
08/17/26 01:11:26 Node P_A03_S3 job proc (6053030.0.0) failed with status 1.
08/17/26 01:11:27 Node P_A03_S3 job(s) have exited the queue
08/17/26 01:11:27 Event: ULOG_JOB_TERMINATED for HTCondor Node P_A03_S5 (6053032.0.0) {08/17/26 01:11:22}
08/17/26 01:11:27 Number of idle job procs: 97
08/17/26 01:11:27 Node P_A03_S5 job proc (6053032.0.0) failed with status 1.
08/17/26 01:11:27 Node P_A03_S5 job(s) have exited the queue
08/17/26 01:11:27 Event: ULOG_JOB_TERMINATED for HTCondor Node P_A03_S4 (6053031.0.0) {08/17/26 01:11:22}
08/17/26 01:11:27 Number of idle job procs: 97
08/17/26 01:11:27 Node P_A03_S4 job proc (6053031.0.0) failed with status 1.
08/17/26 01:11:27 Node P_A03_S4 job(s) have exited the queue
08/17/26 01:11:27 Event: ULOG_JOB_TERMINATED for HTCondor Node P_A04_S0 (6053035.0.0) {08/17/26 01:11:22}
08/17/26 01:11:27 Number of idle job procs: 97
08/17/26 01:11:27 Node P_A04_S0 job proc (6053035.0.0) failed with status 1.
08/17/26 01:11:27 Node P_A04_S0 job(s) have exited the queue
08/17/26 01:11:27 Event: ULOG_EXECUTE for HTCondor Node P_A03_S7 (6053034.0.0) {08/17/26 01:11:22}
08/17/26 01:11:27 Number of idle job procs: 96
08/17/26 01:11:27 Event: ULOG_EXECUTE for HTCondor Node P_A03_S6 (6053033.0.0) {08/17/26 01:11:22}
08/17/26 01:11:27 Number of idle job procs: 95
08/17/26 01:11:27 Event: ULOG_JOB_TERMINATED for HTCondor Node P_A03_S7 (6053034.0.0) {08/17/26 01:11:23}
08/17/26 01:11:27 Number of idle job procs: 95
08/17/26 01:11:27 Node P_A03_S7 job proc (6053034.0.0) failed with status 1.
08/17/26 01:11:27 Node P_A03_S7 job(s) have exited the queue
08/17/26 01:11:27 Event: ULOG_EXECUTE for HTCondor Node P_A04_S2 (6053037.0.0) {08/17/26 01:11:23}
08/17/26 01:11:27 Number of idle job procs: 94
08/17/26 01:11:27 Event: ULOG_EXECUTE for HTCondor Node P_A04_S1 (6053036.0.0) {08/17/26 01:11:23}
08/17/26 01:11:27 Number of idle job procs: 93
08/17/26 01:11:27 Event: ULOG_EXECUTE for HTCondor Node P_A04_S3 (6053038.0.0) {08/17/26 01:11:23}
08/17/26 01:11:27 Number of idle job procs: 92
08/17/26 01:11:27 Event: ULOG_JOB_TERMINATED for HTCondor Node P_A03_S6 (6053033.0.0) {08/17/26 01:11:23}
08/17/26 01:11:27 Number of idle job procs: 92
08/17/26 01:11:27 Node P_A03_S6 job proc (6053033.0.0) failed with status 1.
08/17/26 01:11:27 Node P_A03_S6 job(s) have exited the queue
08/17/26 01:11:27 Event: ULOG_JOB_TERMINATED for HTCondor Node P_A04_S2 (6053037.0.0) {08/17/26 01:11:23}
08/17/26 01:11:27 Number of idle job procs: 92
08/17/26 01:11:27 Node P_A04_S2 job proc (6053037.0.0) failed with status 1.
08/17/26 01:11:27 Node P_A04_S2 job(s) have exited the queue
08/17/26 01:11:27 Event: ULOG_JOB_TERMINATED for HTCondor Node P_A04_S3 (6053038.0.0) {08/17/26 01:11:24}
08/17/26 01:11:27 Number of idle job procs: 92
08/17/26 01:11:27 Node P_A04_S3 job proc (6053038.0.0) failed with status 1.
08/17/26 01:11:27 Node P_A04_S3 job(s) have exited the queue
08/17/26 01:11:27 Event: ULOG_EXECUTE for HTCondor Node P_A04_S5 (6053040.0.0) {08/17/26 01:11:24}
08/17/26 01:11:27 Number of idle job procs: 91
08/17/26 01:11:27 Event: ULOG_JOB_TERMINATED for HTCondor Node P_A04_S1 (6053036.0.0) {08/17/26 01:11:24}
08/17/26 01:11:27 Number of idle job procs: 91
08/17/26 01:11:27 Node P_A04_S1 job proc (6053036.0.0) failed with status 1.
08/17/26 01:11:27 Node P_A04_S1 job(s) have exited the queue
08/17/26 01:11:27 Event: ULOG_EXECUTE for HTCondor Node P_A04_S6 (6053041.0.0) {08/17/26 01:11:24}
08/17/26 01:11:27 Number of idle job procs: 90
08/17/26 01:11:27 Event: ULOG_EXECUTE for HTCondor Node P_A04_S4 (6053039.0.0) {08/17/26 01:11:24}
08/17/26 01:11:27 Number of idle job procs: 89
08/17/26 01:11:27 Event: ULOG_JOB_TERMINATED for HTCondor Node P_A04_S5 (6053040.0.0) {08/17/26 01:11:25}
08/17/26 01:11:27 Number of idle job procs: 89
08/17/26 01:11:27 Node P_A04_S5 job proc (6053040.0.0) failed with status 1.
08/17/26 01:11:27 Node P_A04_S5 job(s) have exited the queue
08/17/26 01:11:27 Event: ULOG_JOB_TERMINATED for HTCondor Node P_A04_S4 (6053039.0.0) {08/17/26 01:11:25}
08/17/26 01:11:27 Number of idle job procs: 89
08/17/26 01:11:27 Node P_A04_S4 job proc (6053039.0.0) failed with status 1.
08/17/26 01:11:27 Node P_A04_S4 job(s) have exited the queue
08/17/26 01:11:27 Event: ULOG_EXECUTE for HTCondor Node P_A05_S1 (6053044.0.0) {08/17/26 01:11:25}
08/17/26 01:11:27 Number of idle job procs: 88
08/17/26 01:11:27 Event: ULOG_EXECUTE for HTCondor Node P_A05_S0 (6053043.0.0) {08/17/26 01:11:25}
08/17/26 01:11:27 Number of idle job procs: 87
08/17/26 01:11:27 Event: ULOG_EXECUTE for HTCondor Node P_A04_S7 (6053042.0.0) {08/17/26 01:11:25}
08/17/26 01:11:27 Number of idle job procs: 86
08/17/26 01:11:27 Event: ULOG_JOB_TERMINATED for HTCondor Node P_A04_S6 (6053041.0.0) {08/17/26 01:11:25}
08/17/26 01:11:27 Number of idle job procs: 86
08/17/26 01:11:27 Node P_A04_S6 job proc (6053041.0.0) failed with status 1.
08/17/26 01:11:27 Node P_A04_S6 job(s) have exited the queue
08/17/26 01:11:27 Event: ULOG_EXECUTE for HTCondor Node P_A05_S6 (6053049.0.0) {08/17/26 01:11:26}
08/17/26 01:11:27 Number of idle job procs: 85
08/17/26 01:11:27 Event: ULOG_EXECUTE for HTCondor Node P_A05_S2 (6053045.0.0) {08/17/26 01:11:26}
08/17/26 01:11:27 Number of idle job procs: 84
08/17/26 01:11:27 Event: ULOG_EXECUTE for HTCondor Node P_A05_S4 (6053047.0.0) {08/17/26 01:11:26}
08/17/26 01:11:27 Number of idle job procs: 83
08/17/26 01:11:27 Event: ULOG_JOB_TERMINATED for HTCondor Node P_A04_S7 (6053042.0.0) {08/17/26 01:11:26}
08/17/26 01:11:27 Number of idle job procs: 83
08/17/26 01:11:27 Node P_A04_S7 job proc (6053042.0.0) failed with status 1.
08/17/26 01:11:27 Node P_A04_S7 job(s) have exited the queue
08/17/26 01:11:27 Event: ULOG_EXECUTE for HTCondor Node P_A05_S3 (6053046.0.0) {08/17/26 01:11:26}
08/17/26 01:11:27 Number of idle job procs: 82
08/17/26 01:11:27 Event: ULOG_JOB_TERMINATED for HTCondor Node P_A05_S1 (6053044.0.0) {08/17/26 01:11:26}
08/17/26 01:11:27 Number of idle job procs: 82
08/17/26 01:11:27 Node P_A05_S1 job proc (6053044.0.0) failed with status 1.
08/17/26 01:11:27 Node P_A05_S1 job(s) have exited the queue
08/17/26 01:11:27 Event: ULOG_JOB_TERMINATED for HTCondor Node P_A05_S0 (6053043.0.0) {08/17/26 01:11:26}
08/17/26 01:11:27 Number of idle job procs: 82
08/17/26 01:11:27 Node P_A05_S0 job proc (6053043.0.0) failed with status 1.
08/17/26 01:11:27 Node P_A05_S0 job(s) have exited the queue
08/17/26 01:11:27 Event: ULOG_EXECUTE for HTCondor Node P_A05_S7 (6053050.0.0) {08/17/26 01:11:26}
08/17/26 01:11:27 Number of idle job procs: 81
08/17/26 01:11:27 Event: ULOG_JOB_TERMINATED for HTCondor Node P_A05_S6 (6053049.0.0) {08/17/26 01:11:26}
08/17/26 01:11:27 Number of idle job procs: 81
08/17/26 01:11:27 Node P_A05_S6 job proc (6053049.0.0) failed with status 1.
08/17/26 01:11:27 Node P_A05_S6 job(s) have exited the queue
08/17/26 01:11:27 Event: ULOG_JOB_TERMINATED for HTCondor Node P_A05_S4 (6053047.0.0) {08/17/26 01:11:27}
08/17/26 01:11:27 Number of idle job procs: 81
08/17/26 01:11:27 Node P_A05_S4 job proc (6053047.0.0) failed with status 1.
08/17/26 01:11:27 Node P_A05_S4 job(s) have exited the queue
08/17/26 01:11:27 Event: ULOG_JOB_TERMINATED for HTCondor Node P_A05_S2 (6053045.0.0) {08/17/26 01:11:27}
08/17/26 01:11:27 Number of idle job procs: 81
08/17/26 01:11:27 Node P_A05_S2 job proc (6053045.0.0) failed with status 1.
08/17/26 01:11:27 Node P_A05_S2 job(s) have exited the queue
08/17/26 01:11:27 Event: ULOG_EXECUTE for HTCondor Node P_A06_S0 (6053051.0.0) {08/17/26 01:11:27}
08/17/26 01:11:27 Number of idle job procs: 80
08/17/26 01:11:27 Event: ULOG_EXECUTE for HTCondor Node P_A05_S5 (6053048.0.0) {08/17/26 01:11:27}
08/17/26 01:11:27 Number of idle job procs: 79
08/17/26 01:11:27 Event: ULOG_JOB_TERMINATED for HTCondor Node P_A05_S3 (6053046.0.0) {08/17/26 01:11:27}
08/17/26 01:11:27 Number of idle job procs: 79
08/17/26 01:11:27 Node P_A05_S3 job proc (6053046.0.0) failed with status 1.
08/17/26 01:11:27 Node P_A05_S3 job(s) have exited the queue
08/17/26 01:11:27 Event: ULOG_JOB_TERMINATED for HTCondor Node P_A05_S7 (6053050.0.0) {08/17/26 01:11:27}
08/17/26 01:11:27 Number of idle job procs: 79
08/17/26 01:11:27 Node P_A05_S7 job proc (6053050.0.0) failed with status 1.
08/17/26 01:11:27 Node P_A05_S7 job(s) have exited the queue
08/17/26 01:11:27 Event: ULOG_EXECUTE for HTCondor Node P_A06_S2 (6053053.0.0) {08/17/26 01:11:27}
08/17/26 01:11:27 Number of idle job procs: 78
08/17/26 01:11:27 DAG status: 2 (DAG_STATUS_NODE_FAILED)
08/17/26 01:11:27 Of 496 nodes total:
08/17/26 01:11:27  Done     Pre   Queued    Post   Ready   Un-Ready   Failed   Futile
08/17/26 01:11:27   ===     ===      ===     ===     ===        ===      ===      ===
08/17/26 01:11:27     0       0       81       0       0        227       47      141
08/17/26 01:11:27 0 job proc(s) currently held
08/17/26 01:11:27 DAGMan Runtime Statistics: [EventCycleTimeAvg=0.230; EventCycleTimeMax=2.551; EventCycleTimeMin=0.000; EventCycleTimeStd=0.639; EventCycleTimeSum=5.515; SleepCycleTimeAvg=5.005; SleepCycleTimeMax=5.006; SleepCycleTimeMin=5.004; SleepCycleTimeStd=0.000; SleepCycleTimeSum=120.122; SubmitCycleTimeAvg=0.099; SubmitCycleTimeMax=1.836; SubmitCycleTimeMin=0.000; SubmitCycleTimeStd=0.384; SubmitCycleTimeSum=2.485; EventCycleTimeCount=24.000; SleepCycleTimeCount=24.000; SubmitCycleTimeCount=25.000; LogProcessCycleTimeAvg=0.731; LogProcessCycleTimeMax=1.850; LogProcessCycleTimeMin=0.006; LogProcessCycleTimeStd=0.700; LogProcessCycleTimeSum=3.653; LogProcessCycleTimeCount=5.000; ]
08/17/26 01:11:32 Currently monitoring 1 HTCondor log file(s)
08/17/26 01:11:32 Event: ULOG_JOB_TERMINATED for HTCondor Node P_A06_S0 (6053051.0.0) {08/17/26 01:11:27}
08/17/26 01:11:32 Number of idle job procs: 78
08/17/26 01:11:32 Node P_A06_S0 job proc (6053051.0.0) failed with status 1.
08/17/26 01:11:32 Node P_A06_S0 job(s) have exited the queue
08/17/26 01:11:32 Event: ULOG_JOB_TERMINATED for HTCondor Node P_A05_S5 (6053048.0.0) {08/17/26 01:11:28}
08/17/26 01:11:32 Number of idle job procs: 78
08/17/26 01:11:32 Node P_A05_S5 job proc (6053048.0.0) failed with status 1.
08/17/26 01:11:32 Node P_A05_S5 job(s) have exited the queue
08/17/26 01:11:32 Event: ULOG_EXECUTE for HTCondor Node P_A06_S1 (6053052.0.0) {08/17/26 01:11:28}
08/17/26 01:11:32 Number of idle job procs: 77
08/17/26 01:11:32 Event: ULOG_JOB_TERMINATED for HTCondor Node P_A06_S2 (6053053.0.0) {08/17/26 01:11:28}
08/17/26 01:11:32 Number of idle job procs: 77
08/17/26 01:11:32 Node P_A06_S2 job proc (6053053.0.0) failed with status 1.
08/17/26 01:11:32 Node P_A06_S2 job(s) have exited the queue
08/17/26 01:11:32 Event: ULOG_JOB_TERMINATED for HTCondor Node P_A06_S1 (6053052.0.0) {08/17/26 01:11:29}
08/17/26 01:11:32 Number of idle job procs: 77
08/17/26 01:11:32 Node P_A06_S1 job proc (6053052.0.0) failed with status 1.
08/17/26 01:11:32 Node P_A06_S1 job(s) have exited the queue
08/17/26 01:11:32 Event: ULOG_EXECUTE for HTCondor Node P_A07_S0 (6053059.0.0) {08/17/26 01:11:29}
08/17/26 01:11:32 Number of idle job procs: 76
08/17/26 01:11:32 Event: ULOG_EXECUTE for HTCondor Node P_A06_S3 (6053054.0.0) {08/17/26 01:11:29}
08/17/26 01:11:32 Number of idle job procs: 75
08/17/26 01:11:32 Event: ULOG_EXECUTE for HTCondor Node P_A07_S3 (6053062.0.0) {08/17/26 01:11:29}
08/17/26 01:11:32 Number of idle job procs: 74
08/17/26 01:11:32 Event: ULOG_EXECUTE for HTCondor Node P_A06_S6 (6053057.0.0) {08/17/26 01:11:29}
08/17/26 01:11:32 Number of idle job procs: 73
08/17/26 01:11:33 Event: ULOG_JOB_TERMINATED for HTCondor Node P_A06_S3 (6053054.0.0) {08/17/26 01:11:30}
08/17/26 01:11:33 Number of idle job procs: 73
08/17/26 01:11:33 Node P_A06_S3 job proc (6053054.0.0) failed with status 1.
08/17/26 01:11:33 Node P_A06_S3 job(s) have exited the queue
08/17/26 01:11:33 Event: ULOG_JOB_TERMINATED for HTCondor Node P_A06_S6 (6053057.0.0) {08/17/26 01:11:30}
08/17/26 01:11:33 Number of idle job procs: 73
08/17/26 01:11:33 Node P_A06_S6 job proc (6053057.0.0) failed with status 1.
08/17/26 01:11:33 Node P_A06_S6 job(s) have exited the queue
08/17/26 01:11:33 Event: ULOG_EXECUTE for HTCondor Node P_A06_S4 (6053055.0.0) {08/17/26 01:11:30}
08/17/26 01:11:33 Number of idle job procs: 72
08/17/26 01:11:33 Event: ULOG_EXECUTE for HTCondor Node P_A08_S5 (6053072.0.0) {08/17/26 01:11:30}
08/17/26 01:11:33 Number of idle job procs: 71
08/17/26 01:11:33 Event: ULOG_JOB_TERMINATED for HTCondor Node P_A07_S0 (6053059.0.0) {08/17/26 01:11:30}
08/17/26 01:11:33 Number of idle job procs: 71
08/17/26 01:11:33 Node P_A07_S0 job proc (6053059.0.0) failed with status 1.
08/17/26 01:11:33 Node P_A07_S0 job(s) have exited the queue
08/17/26 01:11:33 Event: ULOG_EXECUTE for HTCondor Node P_A06_S7 (6053058.0.0) {08/17/26 01:11:31}
08/17/26 01:11:33 Number of idle job procs: 70
08/17/26 01:11:33 Event: ULOG_EXECUTE for HTCondor Node P_A07_S4 (6053063.0.0) {08/17/26 01:11:31}
08/17/26 01:11:33 Number of idle job procs: 69
08/17/26 01:11:33 Event: ULOG_EXECUTE for HTCondor Node P_A07_S1 (6053060.0.0) {08/17/26 01:11:31}
08/17/26 01:11:33 Number of idle job procs: 68
08/17/26 01:11:33 Event: ULOG_JOB_TERMINATED for HTCondor Node P_A06_S4 (6053055.0.0) {08/17/26 01:11:31}
08/17/26 01:11:33 Number of idle job procs: 68
08/17/26 01:11:33 Node P_A06_S4 job proc (6053055.0.0) failed with status 1.
08/17/26 01:11:33 Node P_A06_S4 job(s) have exited the queue
08/17/26 01:11:33 Event: ULOG_JOB_TERMINATED for HTCondor Node P_A06_S7 (6053058.0.0) {08/17/26 01:11:32}
08/17/26 01:11:33 Number of idle job procs: 68
08/17/26 01:11:33 Node P_A06_S7 job proc (6053058.0.0) failed with status 1.
08/17/26 01:11:33 Node P_A06_S7 job(s) have exited the queue
08/17/26 01:11:33 Event: ULOG_JOB_TERMINATED for HTCondor Node P_A08_S5 (6053072.0.0) {08/17/26 01:11:32}
08/17/26 01:11:33 Number of idle job procs: 68
08/17/26 01:11:33 Node P_A08_S5 job proc (6053072.0.0) failed with status 1.
08/17/26 01:11:33 Node P_A08_S5 job(s) have exited the queue
08/17/26 01:11:33 Event: ULOG_EXECUTE for HTCondor Node P_A07_S5 (6053064.0.0) {08/17/26 01:11:32}
08/17/26 01:11:33 Number of idle job procs: 67
08/17/26 01:11:33 Event: ULOG_EXECUTE for HTCondor Node P_A07_S7 (6053066.0.0) {08/17/26 01:11:32}
08/17/26 01:11:33 Number of idle job procs: 66
08/17/26 01:11:33 Event: ULOG_EXECUTE for HTCondor Node P_A07_S6 (6053065.0.0) {08/17/26 01:11:32}
08/17/26 01:11:33 Number of idle job procs: 65
08/17/26 01:11:33 Event: ULOG_JOB_TERMINATED for HTCondor Node P_A07_S1 (6053060.0.0) {08/17/26 01:11:32}
08/17/26 01:11:33 Number of idle job procs: 65
08/17/26 01:11:33 Node P_A07_S1 job proc (6053060.0.0) failed with status 1.
08/17/26 01:11:33 Node P_A07_S1 job(s) have exited the queue
08/17/26 01:11:33 Event: ULOG_JOB_TERMINATED for HTCondor Node P_A07_S4 (6053063.0.0) {08/17/26 01:11:32}
08/17/26 01:11:33 Number of idle job procs: 65
08/17/26 01:11:33 Node P_A07_S4 job proc (6053063.0.0) failed with status 1.
08/17/26 01:11:33 Node P_A07_S4 job(s) have exited the queue
08/17/26 01:11:33 Event: ULOG_EXECUTE for HTCondor Node P_A08_S0 (6053067.0.0) {08/17/26 01:11:32}
08/17/26 01:11:33 Number of idle job procs: 64
08/17/26 01:11:33 Event: ULOG_JOB_TERMINATED for HTCondor Node P_A07_S5 (6053064.0.0) {08/17/26 01:11:33}
08/17/26 01:11:33 Number of idle job procs: 64
08/17/26 01:11:33 Node P_A07_S5 job proc (6053064.0.0) failed with status 1.
08/17/26 01:11:33 Node P_A07_S5 job(s) have exited the queue
08/17/26 01:11:33 Event: ULOG_JOB_TERMINATED for HTCondor Node P_A07_S7 (6053066.0.0) {08/17/26 01:11:33}
08/17/26 01:11:33 Number of idle job procs: 64
08/17/26 01:11:33 Node P_A07_S7 job proc (6053066.0.0) failed with status 1.
08/17/26 01:11:33 Node P_A07_S7 job(s) have exited the queue
08/17/26 01:11:33 Event: ULOG_JOB_TERMINATED for HTCondor Node P_A08_S0 (6053067.0.0) {08/17/26 01:11:33}
08/17/26 01:11:33 Number of idle job procs: 64
08/17/26 01:11:33 Node P_A08_S0 job proc (6053067.0.0) failed with status 1.
08/17/26 01:11:33 Node P_A08_S0 job(s) have exited the queue
08/17/26 01:11:33 DAG status: 2 (DAG_STATUS_NODE_FAILED)
08/17/26 01:11:33 Of 496 nodes total:
08/17/26 01:11:33  Done     Pre   Queued    Post   Ready   Un-Ready   Failed   Futile
08/17/26 01:11:33   ===     ===      ===     ===     ===        ===      ===      ===
08/17/26 01:11:33     0       0       66       0       0        177       62      191
08/17/26 01:11:33 0 job proc(s) currently held
08/17/26 01:11:33 DAGMan Runtime Statistics: [EventCycleTimeAvg=0.254; EventCycleTimeMax=2.551; EventCycleTimeMin=0.000; EventCycleTimeStd=0.637; EventCycleTimeSum=6.351; SleepCycleTimeAvg=5.005; SleepCycleTimeMax=5.006; SleepCycleTimeMin=5.004; SleepCycleTimeStd=0.000; SleepCycleTimeSum=125.127; SubmitCycleTimeAvg=0.096; SubmitCycleTimeMax=1.836; SubmitCycleTimeMin=0.000; SubmitCycleTimeStd=0.377; SubmitCycleTimeSum=2.485; EventCycleTimeCount=25.000; SleepCycleTimeCount=25.000; SubmitCycleTimeCount=26.000; LogProcessCycleTimeAvg=0.715; LogProcessCycleTimeMax=1.850; LogProcessCycleTimeMin=0.006; LogProcessCycleTimeStd=0.627; LogProcessCycleTimeSum=4.288; LogProcessCycleTimeCount=6.000; ]
08/17/26 01:11:38 Currently monitoring 1 HTCondor log file(s)
08/17/26 01:11:38 Event: ULOG_EXECUTE for HTCondor Node P_A08_S2 (6053069.0.0) {08/17/26 01:11:33}
08/17/26 01:11:38 Number of idle job procs: 63
08/17/26 01:11:38 Event: ULOG_EXECUTE for HTCondor Node P_A08_S1 (6053068.0.0) {08/17/26 01:11:33}
08/17/26 01:11:38 Number of idle job procs: 62
08/17/26 01:11:38 Event: ULOG_JOB_TERMINATED for HTCondor Node P_A07_S6 (6053065.0.0) {08/17/26 01:11:33}
08/17/26 01:11:38 Number of idle job procs: 62
08/17/26 01:11:38 Node P_A07_S6 job proc (6053065.0.0) failed with status 1.
08/17/26 01:11:38 Node P_A07_S6 job(s) have exited the queue
08/17/26 01:11:38 Event: ULOG_JOB_TERMINATED for HTCondor Node P_A08_S2 (6053069.0.0) {08/17/26 01:11:34}
08/17/26 01:11:38 Number of idle job procs: 62
08/17/26 01:11:38 Node P_A08_S2 job proc (6053069.0.0) failed with status 1.
08/17/26 01:11:38 Node P_A08_S2 job(s) have exited the queue
08/17/26 01:11:38 Event: ULOG_EXECUTE for HTCondor Node P_A08_S4 (6053071.0.0) {08/17/26 01:11:34}
08/17/26 01:11:38 Number of idle job procs: 61
08/17/26 01:11:38 Event: ULOG_EXECUTE for HTCondor Node P_A09_S0 (6053075.0.0) {08/17/26 01:11:34}
08/17/26 01:11:38 Number of idle job procs: 60
08/17/26 01:11:38 Event: ULOG_JOB_TERMINATED for HTCondor Node P_A08_S1 (6053068.0.0) {08/17/26 01:11:34}
08/17/26 01:11:38 Number of idle job procs: 60
08/17/26 01:11:38 Node P_A08_S1 job proc (6053068.0.0) failed with status 1.
08/17/26 01:11:38 Node P_A08_S1 job(s) have exited the queue
08/17/26 01:11:38 Event: ULOG_EXECUTE for HTCondor Node P_A08_S3 (6053070.0.0) {08/17/26 01:11:34}
08/17/26 01:11:38 Number of idle job procs: 59
08/17/26 01:11:38 Event: ULOG_EXECUTE for HTCondor Node P_A08_S6 (6053073.0.0) {08/17/26 01:11:34}
08/17/26 01:11:38 Number of idle job procs: 58
08/17/26 01:11:38 Event: ULOG_JOB_TERMINATED for HTCondor Node P_A08_S4 (6053071.0.0) {08/17/26 01:11:35}
08/17/26 01:11:38 Number of idle job procs: 58
08/17/26 01:11:38 Node P_A08_S4 job proc (6053071.0.0) failed with status 1.
08/17/26 01:11:38 Node P_A08_S4 job(s) have exited the queue
08/17/26 01:11:38 Event: ULOG_JOB_TERMINATED for HTCondor Node P_A08_S3 (6053070.0.0) {08/17/26 01:11:35}
08/17/26 01:11:38 Number of idle job procs: 58
08/17/26 01:11:38 Node P_A08_S3 job proc (6053070.0.0) failed with status 1.
08/17/26 01:11:38 Node P_A08_S3 job(s) have exited the queue
08/17/26 01:11:38 Event: ULOG_JOB_TERMINATED for HTCondor Node P_A09_S0 (6053075.0.0) {08/17/26 01:11:35}
08/17/26 01:11:38 Number of idle job procs: 58
08/17/26 01:11:38 Node P_A09_S0 job proc (6053075.0.0) failed with status 1.
08/17/26 01:11:38 Node P_A09_S0 job(s) have exited the queue
08/17/26 01:11:38 Event: ULOG_EXECUTE for HTCondor Node P_A08_S7 (6053074.0.0) {08/17/26 01:11:35}
08/17/26 01:11:38 Number of idle job procs: 57
08/17/26 01:11:38 Event: ULOG_EXECUTE for HTCondor Node P_A09_S1 (6053076.0.0) {08/17/26 01:11:35}
08/17/26 01:11:38 Number of idle job procs: 56
08/17/26 01:11:38 Event: ULOG_EXECUTE for HTCondor Node P_A09_S4 (6053079.0.0) {08/17/26 01:11:36}
08/17/26 01:11:38 Number of idle job procs: 55
08/17/26 01:11:38 Event: ULOG_EXECUTE for HTCondor Node P_A09_S2 (6053077.0.0) {08/17/26 01:11:36}
08/17/26 01:11:38 Number of idle job procs: 54
08/17/26 01:11:38 Event: ULOG_JOB_TERMINATED for HTCondor Node P_A08_S7 (6053074.0.0) {08/17/26 01:11:36}
08/17/26 01:11:38 Number of idle job procs: 54
08/17/26 01:11:38 Node P_A08_S7 job proc (6053074.0.0) failed with status 1.
08/17/26 01:11:38 Node P_A08_S7 job(s) have exited the queue
08/17/26 01:11:38 Event: ULOG_JOB_TERMINATED for HTCondor Node P_A09_S1 (6053076.0.0) {08/17/26 01:11:36}
08/17/26 01:11:38 Number of idle job procs: 54
08/17/26 01:11:38 Node P_A09_S1 job proc (6053076.0.0) failed with status 1.
08/17/26 01:11:38 Node P_A09_S1 job(s) have exited the queue
08/17/26 01:11:38 Event: ULOG_EXECUTE for HTCondor Node P_A09_S3 (6053078.0.0) {08/17/26 01:11:36}
08/17/26 01:11:38 Number of idle job procs: 53
08/17/26 01:11:38 Event: ULOG_JOB_TERMINATED for HTCondor Node P_A07_S3 (6053062.0.0) {08/17/26 01:11:36}
08/17/26 01:11:38 Number of idle job procs: 53
08/17/26 01:11:38 Node P_A07_S3 job proc (6053062.0.0) failed with status 1.
08/17/26 01:11:38 Node P_A07_S3 job(s) have exited the queue
08/17/26 01:11:38 Event: ULOG_JOB_TERMINATED for HTCondor Node P_A09_S2 (6053077.0.0) {08/17/26 01:11:37}
08/17/26 01:11:38 Number of idle job procs: 53
08/17/26 01:11:38 Node P_A09_S2 job proc (6053077.0.0) failed with status 1.
08/17/26 01:11:38 Node P_A09_S2 job(s) have exited the queue
08/17/26 01:11:38 Event: ULOG_EXECUTE for HTCondor Node P_A09_S6 (6053081.0.0) {08/17/26 01:11:37}
08/17/26 01:11:38 Number of idle job procs: 52
08/17/26 01:11:38 Event: ULOG_EXECUTE for HTCondor Node P_A09_S7 (6053082.0.0) {08/17/26 01:11:37}
08/17/26 01:11:38 Number of idle job procs: 51
08/17/26 01:11:38 Event: ULOG_EXECUTE for HTCondor Node P_A09_S5 (6053080.0.0) {08/17/26 01:11:37}
08/17/26 01:11:39 Number of idle job procs: 50
08/17/26 01:11:39 Event: ULOG_JOB_TERMINATED for HTCondor Node P_A09_S4 (6053079.0.0) {08/17/26 01:11:37}
08/17/26 01:11:39 Number of idle job procs: 50
08/17/26 01:11:39 Node P_A09_S4 job proc (6053079.0.0) failed with status 1.
08/17/26 01:11:39 Node P_A09_S4 job(s) have exited the queue
08/17/26 01:11:39 Event: ULOG_JOB_TERMINATED for HTCondor Node P_A08_S6 (6053073.0.0) {08/17/26 01:11:37}
08/17/26 01:11:39 Number of idle job procs: 50
08/17/26 01:11:39 Node P_A08_S6 job proc (6053073.0.0) failed with status 1.
08/17/26 01:11:39 Node P_A08_S6 job(s) have exited the queue
08/17/26 01:11:39 Event: ULOG_JOB_TERMINATED for HTCondor Node P_A09_S3 (6053078.0.0) {08/17/26 01:11:37}
08/17/26 01:11:39 Number of idle job procs: 50
08/17/26 01:11:39 Node P_A09_S3 job proc (6053078.0.0) failed with status 1.
08/17/26 01:11:39 Node P_A09_S3 job(s) have exited the queue
08/17/26 01:11:39 Event: ULOG_JOB_TERMINATED for HTCondor Node P_A09_S6 (6053081.0.0) {08/17/26 01:11:38}
08/17/26 01:11:39 Number of idle job procs: 50
08/17/26 01:11:39 Node P_A09_S6 job proc (6053081.0.0) failed with status 1.
08/17/26 01:11:39 Node P_A09_S6 job(s) have exited the queue
08/17/26 01:11:39 Event: ULOG_JOB_TERMINATED for HTCondor Node P_A09_S5 (6053080.0.0) {08/17/26 01:11:38}
08/17/26 01:11:39 Number of idle job procs: 50
08/17/26 01:11:39 Node P_A09_S5 job proc (6053080.0.0) failed with status 1.
08/17/26 01:11:39 Node P_A09_S5 job(s) have exited the queue
08/17/26 01:11:39 Event: ULOG_JOB_TERMINATED for HTCondor Node P_A09_S7 (6053082.0.0) {08/17/26 01:11:38}
08/17/26 01:11:39 Number of idle job procs: 50
08/17/26 01:11:39 Node P_A09_S7 job proc (6053082.0.0) failed with status 1.
08/17/26 01:11:39 Node P_A09_S7 job(s) have exited the queue
08/17/26 01:11:39 Event: ULOG_EXECUTE for HTCondor Node P_A10_S0 (6053083.0.0) {08/17/26 01:11:38}
08/17/26 01:11:39 Number of idle job procs: 49
08/17/26 01:11:39 Event: ULOG_EXECUTE for HTCondor Node P_A10_S1 (6053084.0.0) {08/17/26 01:11:38}
08/17/26 01:11:39 Number of idle job procs: 48
08/17/26 01:11:39 Event: ULOG_EXECUTE for HTCondor Node P_A10_S2 (6053085.0.0) {08/17/26 01:11:38}
08/17/26 01:11:39 Number of idle job procs: 47
08/17/26 01:11:39 DAG status: 2 (DAG_STATUS_NODE_FAILED)
08/17/26 01:11:39 Of 496 nodes total:
08/17/26 01:11:39  Done     Pre   Queued    Post   Ready   Un-Ready   Failed   Futile
08/17/26 01:11:39   ===     ===      ===     ===     ===        ===      ===      ===
08/17/26 01:11:39     0       0       50       0       0        127       78      241
08/17/26 01:11:39 0 job proc(s) currently held
08/17/26 01:11:39 DAGMan Runtime Statistics: [EventCycleTimeAvg=0.271; EventCycleTimeMax=2.551; EventCycleTimeMin=0.000; EventCycleTimeStd=0.630; EventCycleTimeSum=7.035; SleepCycleTimeAvg=5.005; SleepCycleTimeMax=5.006; SleepCycleTimeMin=5.004; SleepCycleTimeStd=0.000; SleepCycleTimeSum=130.132; SubmitCycleTimeAvg=0.092; SubmitCycleTimeMax=1.836; SubmitCycleTimeMin=0.000; SubmitCycleTimeStd=0.370; SubmitCycleTimeSum=2.485; EventCycleTimeCount=26.000; SleepCycleTimeCount=26.000; SubmitCycleTimeCount=27.000; LogProcessCycleTimeAvg=0.715; LogProcessCycleTimeMax=1.850; LogProcessCycleTimeMin=0.006; LogProcessCycleTimeStd=0.572; LogProcessCycleTimeSum=5.008; LogProcessCycleTimeCount=7.000; ]
08/17/26 01:11:44 Currently monitoring 1 HTCondor log file(s)
08/17/26 01:11:44 Event: ULOG_EXECUTE for HTCondor Node P_A10_S3 (6053086.0.0) {08/17/26 01:11:39}
08/17/26 01:11:44 Number of idle job procs: 46
08/17/26 01:11:44 Event: ULOG_EXECUTE for HTCondor Node P_A10_S6 (6053089.0.0) {08/17/26 01:11:39}
08/17/26 01:11:44 Number of idle job procs: 45
08/17/26 01:11:44 Event: ULOG_EXECUTE for HTCondor Node P_A10_S4 (6053087.0.0) {08/17/26 01:11:39}
08/17/26 01:11:44 Number of idle job procs: 44
08/17/26 01:11:44 Event: ULOG_JOB_TERMINATED for HTCondor Node P_A10_S0 (6053083.0.0) {08/17/26 01:11:39}
08/17/26 01:11:44 Number of idle job procs: 44
08/17/26 01:11:44 Node P_A10_S0 job proc (6053083.0.0) failed with status 1.
08/17/26 01:11:44 Node P_A10_S0 job(s) have exited the queue
08/17/26 01:11:44 Event: ULOG_JOB_TERMINATED for HTCondor Node P_A10_S1 (6053084.0.0) {08/17/26 01:11:39}
08/17/26 01:11:44 Number of idle job procs: 44
08/17/26 01:11:44 Node P_A10_S1 job proc (6053084.0.0) failed with status 1.
08/17/26 01:11:44 Node P_A10_S1 job(s) have exited the queue
08/17/26 01:11:44 Event: ULOG_EXECUTE for HTCondor Node P_A10_S7 (6053090.0.0) {08/17/26 01:11:39}
08/17/26 01:11:44 Number of idle job procs: 43
08/17/26 01:11:44 Event: ULOG_JOB_TERMINATED for HTCondor Node P_A10_S2 (6053085.0.0) {08/17/26 01:11:39}
08/17/26 01:11:44 Number of idle job procs: 43
08/17/26 01:11:44 Node P_A10_S2 job proc (6053085.0.0) failed with status 1.
08/17/26 01:11:44 Node P_A10_S2 job(s) have exited the queue
08/17/26 01:11:44 Event: ULOG_JOB_TERMINATED for HTCondor Node P_A10_S3 (6053086.0.0) {08/17/26 01:11:40}
08/17/26 01:11:44 Number of idle job procs: 43
08/17/26 01:11:44 Node P_A10_S3 job proc (6053086.0.0) failed with status 1.
08/17/26 01:11:44 Node P_A10_S3 job(s) have exited the queue
08/17/26 01:11:44 Event: ULOG_JOB_TERMINATED for HTCondor Node P_A10_S7 (6053090.0.0) {08/17/26 01:11:40}
08/17/26 01:11:44 Number of idle job procs: 43
08/17/26 01:11:44 Node P_A10_S7 job proc (6053090.0.0) failed with status 1.
08/17/26 01:11:44 Node P_A10_S7 job(s) have exited the queue
08/17/26 01:11:44 Event: ULOG_JOB_TERMINATED for HTCondor Node P_A10_S6 (6053089.0.0) {08/17/26 01:11:40}
08/17/26 01:11:44 Number of idle job procs: 43
08/17/26 01:11:44 Node P_A10_S6 job proc (6053089.0.0) failed with status 1.
08/17/26 01:11:44 Node P_A10_S6 job(s) have exited the queue
08/17/26 01:11:44 Event: ULOG_EXECUTE for HTCondor Node P_A11_S0 (6053091.0.0) {08/17/26 01:11:40}
08/17/26 01:11:44 Number of idle job procs: 42
08/17/26 01:11:44 Event: ULOG_EXECUTE for HTCondor Node P_A11_S1 (6053092.0.0) {08/17/26 01:11:40}
08/17/26 01:11:44 Number of idle job procs: 41
08/17/26 01:11:44 Event: ULOG_JOB_TERMINATED for HTCondor Node P_A10_S4 (6053087.0.0) {08/17/26 01:11:40}
08/17/26 01:11:44 Number of idle job procs: 41
08/17/26 01:11:44 Node P_A10_S4 job proc (6053087.0.0) failed with status 1.
08/17/26 01:11:44 Node P_A10_S4 job(s) have exited the queue
08/17/26 01:11:44 Event: ULOG_JOB_TERMINATED for HTCondor Node P_A11_S0 (6053091.0.0) {08/17/26 01:11:41}
08/17/26 01:11:44 Number of idle job procs: 41
08/17/26 01:11:44 Node P_A11_S0 job proc (6053091.0.0) failed with status 1.
08/17/26 01:11:44 Node P_A11_S0 job(s) have exited the queue
08/17/26 01:11:44 Event: ULOG_EXECUTE for HTCondor Node P_A11_S2 (6053093.0.0) {08/17/26 01:11:41}
08/17/26 01:11:44 Number of idle job procs: 40
08/17/26 01:11:44 Event: ULOG_JOB_TERMINATED for HTCondor Node P_A11_S1 (6053092.0.0) {08/17/26 01:11:41}
08/17/26 01:11:44 Number of idle job procs: 40
08/17/26 01:11:44 Node P_A11_S1 job proc (6053092.0.0) failed with status 1.
08/17/26 01:11:44 Node P_A11_S1 job(s) have exited the queue
08/17/26 01:11:44 Event: ULOG_EXECUTE for HTCondor Node P_A11_S3 (6053094.0.0) {08/17/26 01:11:41}
08/17/26 01:11:44 Number of idle job procs: 39
08/17/26 01:11:44 Event: ULOG_EXECUTE for HTCondor Node P_A11_S4 (6053095.0.0) {08/17/26 01:11:41}
08/17/26 01:11:44 Number of idle job procs: 38
08/17/26 01:11:44 Event: ULOG_JOB_TERMINATED for HTCondor Node P_A11_S2 (6053093.0.0) {08/17/26 01:11:42}
08/17/26 01:11:44 Number of idle job procs: 38
08/17/26 01:11:44 Node P_A11_S2 job proc (6053093.0.0) failed with status 1.
08/17/26 01:11:44 Node P_A11_S2 job(s) have exited the queue
08/17/26 01:11:44 Event: ULOG_EXECUTE for HTCondor Node P_A11_S5 (6053096.0.0) {08/17/26 01:11:42}
08/17/26 01:11:44 Number of idle job procs: 37
08/17/26 01:11:44 Event: ULOG_EXECUTE for HTCondor Node P_A11_S7 (6053098.0.0) {08/17/26 01:11:42}
08/17/26 01:11:44 Number of idle job procs: 36
08/17/26 01:11:44 Event: ULOG_EXECUTE for HTCondor Node P_A11_S6 (6053097.0.0) {08/17/26 01:11:42}
08/17/26 01:11:44 Number of idle job procs: 35
08/17/26 01:11:44 Event: ULOG_JOB_TERMINATED for HTCondor Node P_A11_S3 (6053094.0.0) {08/17/26 01:11:42}
08/17/26 01:11:44 Number of idle job procs: 35
08/17/26 01:11:44 Node P_A11_S3 job proc (6053094.0.0) failed with status 1.
08/17/26 01:11:44 Node P_A11_S3 job(s) have exited the queue
08/17/26 01:11:44 Event: ULOG_JOB_TERMINATED for HTCondor Node P_A11_S4 (6053095.0.0) {08/17/26 01:11:43}
08/17/26 01:11:44 Number of idle job procs: 35
08/17/26 01:11:44 Node P_A11_S4 job proc (6053095.0.0) failed with status 1.
08/17/26 01:11:44 Node P_A11_S4 job(s) have exited the queue
08/17/26 01:11:44 Event: ULOG_JOB_TERMINATED for HTCondor Node P_A11_S5 (6053096.0.0) {08/17/26 01:11:43}
08/17/26 01:11:44 Number of idle job procs: 35
08/17/26 01:11:44 Node P_A11_S5 job proc (6053096.0.0) failed with status 1.
08/17/26 01:11:44 Node P_A11_S5 job(s) have exited the queue
08/17/26 01:11:44 Event: ULOG_EXECUTE for HTCondor Node P_A12_S2 (6053101.0.0) {08/17/26 01:11:43}
08/17/26 01:11:44 Number of idle job procs: 34
08/17/26 01:11:44 Event: ULOG_JOB_TERMINATED for HTCondor Node P_A11_S7 (6053098.0.0) {08/17/26 01:11:43}
08/17/26 01:11:44 Number of idle job procs: 34
08/17/26 01:11:44 Node P_A11_S7 job proc (6053098.0.0) failed with status 1.
08/17/26 01:11:44 Node P_A11_S7 job(s) have exited the queue
08/17/26 01:11:44 Event: ULOG_EXECUTE for HTCondor Node P_A12_S3 (6053102.0.0) {08/17/26 01:11:43}
08/17/26 01:11:44 Number of idle job procs: 33
08/17/26 01:11:44 Event: ULOG_EXECUTE for HTCondor Node P_A12_S0 (6053099.0.0) {08/17/26 01:11:43}
08/17/26 01:11:44 Number of idle job procs: 32
08/17/26 01:11:44 Event: ULOG_JOB_TERMINATED for HTCondor Node P_A11_S6 (6053097.0.0) {08/17/26 01:11:43}
08/17/26 01:11:44 Number of idle job procs: 32
08/17/26 01:11:44 Node P_A11_S6 job proc (6053097.0.0) failed with status 1.
08/17/26 01:11:44 Node P_A11_S6 job(s) have exited the queue
08/17/26 01:11:44 Event: ULOG_JOB_TERMINATED for HTCondor Node P_A12_S2 (6053101.0.0) {08/17/26 01:11:43}
08/17/26 01:11:44 Number of idle job procs: 32
08/17/26 01:11:44 Node P_A12_S2 job proc (6053101.0.0) failed with status 1.
08/17/26 01:11:44 Node P_A12_S2 job(s) have exited the queue
08/17/26 01:11:45 Event: ULOG_JOB_TERMINATED for HTCondor Node P_A12_S0 (6053099.0.0) {08/17/26 01:11:44}
08/17/26 01:11:45 Number of idle job procs: 32
08/17/26 01:11:45 Node P_A12_S0 job proc (6053099.0.0) failed with status 1.
08/17/26 01:11:45 Node P_A12_S0 job(s) have exited the queue
08/17/26 01:11:45 Event: ULOG_JOB_TERMINATED for HTCondor Node P_A12_S3 (6053102.0.0) {08/17/26 01:11:44}
08/17/26 01:11:45 Number of idle job procs: 32
08/17/26 01:11:45 Node P_A12_S3 job proc (6053102.0.0) failed with status 1.
08/17/26 01:11:45 Node P_A12_S3 job(s) have exited the queue
08/17/26 01:11:45 Event: ULOG_EXECUTE for HTCondor Node P_A12_S6 (6053105.0.0) {08/17/26 01:11:44}
08/17/26 01:11:45 Number of idle job procs: 31
08/17/26 01:11:45 Event: ULOG_EXECUTE for HTCondor Node P_A12_S4 (6053103.0.0) {08/17/26 01:11:44}
08/17/26 01:11:45 Number of idle job procs: 30
08/17/26 01:11:45 Event: ULOG_EXECUTE for HTCondor Node P_A12_S5 (6053104.0.0) {08/17/26 01:11:44}
08/17/26 01:11:45 Number of idle job procs: 29
08/17/26 01:11:45 DAG status: 2 (DAG_STATUS_NODE_FAILED)
08/17/26 01:11:45 Of 496 nodes total:
08/17/26 01:11:45  Done     Pre   Queued    Post   Ready   Un-Ready   Failed   Futile
08/17/26 01:11:45   ===     ===      ===     ===     ===        ===      ===      ===
08/17/26 01:11:45     0       0       32       0       0         73       96      295
08/17/26 01:11:45 0 job proc(s) currently held
08/17/26 01:11:45 DAGMan Runtime Statistics: [EventCycleTimeAvg=0.289; EventCycleTimeMax=2.551; EventCycleTimeMin=0.000; EventCycleTimeStd=0.625; EventCycleTimeSum=7.805; SleepCycleTimeAvg=5.005; SleepCycleTimeMax=5.006; SleepCycleTimeMin=5.004; SleepCycleTimeStd=0.000; SleepCycleTimeSum=135.137; SubmitCycleTimeAvg=0.089; SubmitCycleTimeMax=1.836; SubmitCycleTimeMin=0.000; SubmitCycleTimeStd=0.364; SubmitCycleTimeSum=2.485; EventCycleTimeCount=27.000; SleepCycleTimeCount=27.000; SubmitCycleTimeCount=28.000; LogProcessCycleTimeAvg=0.729; LogProcessCycleTimeMax=1.850; LogProcessCycleTimeMin=0.006; LogProcessCycleTimeStd=0.531; LogProcessCycleTimeSum=5.833; LogProcessCycleTimeCount=8.000; ]
08/17/26 01:11:50 Currently monitoring 1 HTCondor log file(s)
08/17/26 01:11:50 Event: ULOG_EXECUTE for HTCondor Node P_A12_S7 (6053106.0.0) {08/17/26 01:11:45}
08/17/26 01:11:50 Number of idle job procs: 28
08/17/26 01:11:50 Event: ULOG_EXECUTE for HTCondor Node P_A13_S1 (6053108.0.0) {08/17/26 01:11:45}
08/17/26 01:11:50 Number of idle job procs: 27
08/17/26 01:11:50 Event: ULOG_EXECUTE for HTCondor Node P_A13_S0 (6053107.0.0) {08/17/26 01:11:45}
08/17/26 01:11:50 Number of idle job procs: 26
08/17/26 01:11:50 Event: ULOG_JOB_TERMINATED for HTCondor Node P_A12_S6 (6053105.0.0) {08/17/26 01:11:45}
08/17/26 01:11:50 Number of idle job procs: 26
08/17/26 01:11:50 Node P_A12_S6 job proc (6053105.0.0) failed with status 1.
08/17/26 01:11:50 Node P_A12_S6 job(s) have exited the queue
08/17/26 01:11:50 Event: ULOG_JOB_TERMINATED for HTCondor Node P_A12_S5 (6053104.0.0) {08/17/26 01:11:45}
08/17/26 01:11:50 Number of idle job procs: 26
08/17/26 01:11:50 Node P_A12_S5 job proc (6053104.0.0) failed with status 1.
08/17/26 01:11:50 Node P_A12_S5 job(s) have exited the queue
08/17/26 01:11:50 Event: ULOG_JOB_TERMINATED for HTCondor Node P_A12_S7 (6053106.0.0) {08/17/26 01:11:46}
08/17/26 01:11:50 Number of idle job procs: 26
08/17/26 01:11:50 Node P_A12_S7 job proc (6053106.0.0) failed with status 1.
08/17/26 01:11:50 Node P_A12_S7 job(s) have exited the queue
08/17/26 01:11:50 Event: ULOG_JOB_TERMINATED for HTCondor Node P_A13_S1 (6053108.0.0) {08/17/26 01:11:46}
08/17/26 01:11:50 Number of idle job procs: 26
08/17/26 01:11:50 Node P_A13_S1 job proc (6053108.0.0) failed with status 1.
08/17/26 01:11:50 Node P_A13_S1 job(s) have exited the queue
08/17/26 01:11:50 Event: ULOG_JOB_TERMINATED for HTCondor Node P_A12_S4 (6053103.0.0) {08/17/26 01:11:46}
08/17/26 01:11:50 Number of idle job procs: 26
08/17/26 01:11:50 Node P_A12_S4 job proc (6053103.0.0) failed with status 1.
08/17/26 01:11:50 Node P_A12_S4 job(s) have exited the queue
08/17/26 01:11:50 Event: ULOG_EXECUTE for HTCondor Node P_A13_S3 (6053110.0.0) {08/17/26 01:11:46}
08/17/26 01:11:50 Number of idle job procs: 25
08/17/26 01:11:50 Event: ULOG_EXECUTE for HTCondor Node P_A13_S5 (6053112.0.0) {08/17/26 01:11:46}
08/17/26 01:11:50 Number of idle job procs: 24
08/17/26 01:11:50 Event: ULOG_EXECUTE for HTCondor Node P_A13_S4 (6053111.0.0) {08/17/26 01:11:46}
08/17/26 01:11:50 Number of idle job procs: 23
08/17/26 01:11:50 Event: ULOG_JOB_TERMINATED for HTCondor Node P_A13_S0 (6053107.0.0) {08/17/26 01:11:46}
08/17/26 01:11:50 Number of idle job procs: 23
08/17/26 01:11:50 Node P_A13_S0 job proc (6053107.0.0) failed with status 1.
08/17/26 01:11:50 Node P_A13_S0 job(s) have exited the queue
08/17/26 01:11:50 Event: ULOG_EXECUTE for HTCondor Node P_A14_S0 (6053115.0.0) {08/17/26 01:11:47}
08/17/26 01:11:50 Number of idle job procs: 22
08/17/26 01:11:50 Event: ULOG_EXECUTE for HTCondor Node P_A13_S6 (6053113.0.0) {08/17/26 01:11:47}
08/17/26 01:11:50 Number of idle job procs: 21
08/17/26 01:11:50 Event: ULOG_EXECUTE for HTCondor Node P_A13_S7 (6053114.0.0) {08/17/26 01:11:47}
08/17/26 01:11:50 Number of idle job procs: 20
08/17/26 01:11:50 Event: ULOG_JOB_TERMINATED for HTCondor Node P_A13_S3 (6053110.0.0) {08/17/26 01:11:47}
08/17/26 01:11:50 Number of idle job procs: 20
08/17/26 01:11:50 Node P_A13_S3 job proc (6053110.0.0) failed with status 1.
08/17/26 01:11:50 Node P_A13_S3 job(s) have exited the queue
08/17/26 01:11:50 Event: ULOG_JOB_TERMINATED for HTCondor Node P_A13_S4 (6053111.0.0) {08/17/26 01:11:47}
08/17/26 01:11:50 Number of idle job procs: 20
08/17/26 01:11:50 Node P_A13_S4 job proc (6053111.0.0) failed with status 1.
08/17/26 01:11:50 Node P_A13_S4 job(s) have exited the queue
08/17/26 01:11:50 Event: ULOG_JOB_TERMINATED for HTCondor Node P_A13_S5 (6053112.0.0) {08/17/26 01:11:47}
08/17/26 01:11:50 Number of idle job procs: 20
08/17/26 01:11:50 Node P_A13_S5 job proc (6053112.0.0) failed with status 1.
08/17/26 01:11:50 Node P_A13_S5 job(s) have exited the queue
08/17/26 01:11:50 Event: ULOG_JOB_TERMINATED for HTCondor Node P_A13_S6 (6053113.0.0) {08/17/26 01:11:48}
08/17/26 01:11:50 Number of idle job procs: 20
08/17/26 01:11:50 Node P_A13_S6 job proc (6053113.0.0) failed with status 1.
08/17/26 01:11:50 Node P_A13_S6 job(s) have exited the queue
08/17/26 01:11:50 Event: ULOG_EXECUTE for HTCondor Node P_A14_S1 (6053116.0.0) {08/17/26 01:11:48}
08/17/26 01:11:50 Number of idle job procs: 19
08/17/26 01:11:50 Event: ULOG_EXECUTE for HTCondor Node P_A14_S2 (6053117.0.0) {08/17/26 01:11:48}
08/17/26 01:11:50 Number of idle job procs: 18
08/17/26 01:11:50 Event: ULOG_EXECUTE for HTCondor Node P_A14_S4 (6053119.0.0) {08/17/26 01:11:48}
08/17/26 01:11:50 Number of idle job procs: 17
08/17/26 01:11:50 Event: ULOG_JOB_TERMINATED for HTCondor Node P_A14_S0 (6053115.0.0) {08/17/26 01:11:48}
08/17/26 01:11:50 Number of idle job procs: 17
08/17/26 01:11:50 Node P_A14_S0 job proc (6053115.0.0) failed with status 1.
08/17/26 01:11:50 Node P_A14_S0 job(s) have exited the queue
08/17/26 01:11:50 Event: ULOG_JOB_TERMINATED for HTCondor Node P_A13_S7 (6053114.0.0) {08/17/26 01:11:48}
08/17/26 01:11:50 Number of idle job procs: 17
08/17/26 01:11:50 Node P_A13_S7 job proc (6053114.0.0) failed with status 1.
08/17/26 01:11:50 Node P_A13_S7 job(s) have exited the queue
08/17/26 01:11:50 Event: ULOG_JOB_TERMINATED for HTCondor Node P_A14_S1 (6053116.0.0) {08/17/26 01:11:49}
08/17/26 01:11:50 Number of idle job procs: 17
08/17/26 01:11:50 Node P_A14_S1 job proc (6053116.0.0) failed with status 1.
08/17/26 01:11:50 Node P_A14_S1 job(s) have exited the queue
08/17/26 01:11:50 Event: ULOG_JOB_TERMINATED for HTCondor Node P_A14_S4 (6053119.0.0) {08/17/26 01:11:49}
08/17/26 01:11:50 Number of idle job procs: 17
08/17/26 01:11:50 Node P_A14_S4 job proc (6053119.0.0) failed with status 1.
08/17/26 01:11:50 Node P_A14_S4 job(s) have exited the queue
08/17/26 01:11:50 Event: ULOG_JOB_TERMINATED for HTCondor Node P_A14_S2 (6053117.0.0) {08/17/26 01:11:49}
08/17/26 01:11:50 Number of idle job procs: 17
08/17/26 01:11:50 Node P_A14_S2 job proc (6053117.0.0) failed with status 1.
08/17/26 01:11:50 Node P_A14_S2 job(s) have exited the queue
08/17/26 01:11:50 Event: ULOG_EXECUTE for HTCondor Node P_A14_S7 (6053122.0.0) {08/17/26 01:11:49}
08/17/26 01:11:50 Number of idle job procs: 16
08/17/26 01:11:50 Event: ULOG_EXECUTE for HTCondor Node P_A14_S5 (6053120.0.0) {08/17/26 01:11:49}
08/17/26 01:11:50 Number of idle job procs: 15
08/17/26 01:11:50 Event: ULOG_EXECUTE for HTCondor Node L_FCCLEGACY_S0 (6053123.0.0) {08/17/26 01:11:49}
08/17/26 01:11:50 Number of idle job procs: 14
08/17/26 01:11:50 Event: ULOG_EXECUTE for HTCondor Node L_FCCLEGACY_S4 (6053127.0.0) {08/17/26 01:11:50}
08/17/26 01:11:50 Number of idle job procs: 13
08/17/26 01:11:50 Event: ULOG_EXECUTE for HTCondor Node L_FCCLEGACY_S1 (6053124.0.0) {08/17/26 01:11:50}
08/17/26 01:11:50 Number of idle job procs: 12
08/17/26 01:11:50 Event: ULOG_EXECUTE for HTCondor Node L_FCCLEGACY_S2 (6053125.0.0) {08/17/26 01:11:50}
08/17/26 01:11:50 Number of idle job procs: 11
08/17/26 01:11:50 Event: ULOG_EXECUTE for HTCondor Node L_FCCLEGACY_S3 (6053126.0.0) {08/17/26 01:11:50}
08/17/26 01:11:50 Number of idle job procs: 10
08/17/26 01:11:50 Event: ULOG_JOB_TERMINATED for HTCondor Node L_FCCLEGACY_S0 (6053123.0.0) {08/17/26 01:11:50}
08/17/26 01:11:50 Number of idle job procs: 10
08/17/26 01:11:50 Node L_FCCLEGACY_S0 job proc (6053123.0.0) failed with status 1.
08/17/26 01:11:50 Node L_FCCLEGACY_S0 job(s) have exited the queue
08/17/26 01:11:50 Event: ULOG_JOB_TERMINATED for HTCondor Node P_A14_S7 (6053122.0.0) {08/17/26 01:11:50}
08/17/26 01:11:51 Number of idle job procs: 10
08/17/26 01:11:51 Node P_A14_S7 job proc (6053122.0.0) failed with status 1.
08/17/26 01:11:51 Node P_A14_S7 job(s) have exited the queue
08/17/26 01:11:51 DAG status: 2 (DAG_STATUS_NODE_FAILED)
08/17/26 01:11:51 Of 496 nodes total:
08/17/26 01:11:51  Done     Pre   Queued    Post   Ready   Un-Ready   Failed   Futile
08/17/26 01:11:51   ===     ===      ===     ===     ===        ===      ===      ===
08/17/26 01:11:51     0       0       15       0       0         25      113      343
08/17/26 01:11:51 0 job proc(s) currently held
08/17/26 01:11:51 DAGMan Runtime Statistics: [EventCycleTimeAvg=0.310; EventCycleTimeMax=2.551; EventCycleTimeMin=0.000; EventCycleTimeStd=0.623; EventCycleTimeSum=8.683; SleepCycleTimeAvg=5.005; SleepCycleTimeMax=5.006; SleepCycleTimeMin=5.004; SleepCycleTimeStd=0.000; SleepCycleTimeSum=140.142; SubmitCycleTimeAvg=0.086; SubmitCycleTimeMax=1.836; SubmitCycleTimeMin=0.000; SubmitCycleTimeStd=0.358; SubmitCycleTimeSum=2.485; EventCycleTimeCount=28.000; SleepCycleTimeCount=28.000; SubmitCycleTimeCount=29.000; LogProcessCycleTimeAvg=0.744; LogProcessCycleTimeMax=1.850; LogProcessCycleTimeMin=0.006; LogProcessCycleTimeStd=0.499; LogProcessCycleTimeSum=6.695; LogProcessCycleTimeCount=9.000; ]
08/17/26 01:11:56 Currently monitoring 1 HTCondor log file(s)
08/17/26 01:11:56 Event: ULOG_JOB_TERMINATED for HTCondor Node L_FCCLEGACY_S1 (6053124.0.0) {08/17/26 01:11:51}
08/17/26 01:11:56 Number of idle job procs: 10
08/17/26 01:11:56 Node L_FCCLEGACY_S1 job proc (6053124.0.0) failed with status 1.
08/17/26 01:11:56 Node L_FCCLEGACY_S1 job(s) have exited the queue
08/17/26 01:11:56 Event: ULOG_JOB_TERMINATED for HTCondor Node L_FCCLEGACY_S2 (6053125.0.0) {08/17/26 01:11:51}
08/17/26 01:11:56 Number of idle job procs: 10
08/17/26 01:11:56 Node L_FCCLEGACY_S2 job proc (6053125.0.0) failed with status 1.
08/17/26 01:11:56 Node L_FCCLEGACY_S2 job(s) have exited the queue
08/17/26 01:11:56 Event: ULOG_EXECUTE for HTCondor Node L_FCCLEGACY_S5 (6053128.0.0) {08/17/26 01:11:51}
08/17/26 01:11:56 Number of idle job procs: 9
08/17/26 01:11:56 Event: ULOG_JOB_TERMINATED for HTCondor Node L_FCCLEGACY_S4 (6053127.0.0) {08/17/26 01:11:51}
08/17/26 01:11:56 Number of idle job procs: 9
08/17/26 01:11:56 Node L_FCCLEGACY_S4 job proc (6053127.0.0) failed with status 1.
08/17/26 01:11:56 Node L_FCCLEGACY_S4 job(s) have exited the queue
08/17/26 01:11:56 Event: ULOG_JOB_TERMINATED for HTCondor Node L_FCCLEGACY_S3 (6053126.0.0) {08/17/26 01:11:51}
08/17/26 01:11:56 Number of idle job procs: 9
08/17/26 01:11:56 Node L_FCCLEGACY_S3 job proc (6053126.0.0) failed with status 1.
08/17/26 01:11:56 Node L_FCCLEGACY_S3 job(s) have exited the queue
08/17/26 01:11:56 Event: ULOG_EXECUTE for HTCondor Node P_A07_S2 (6053061.0.0) {08/17/26 01:11:51}
08/17/26 01:11:56 Number of idle job procs: 8
08/17/26 01:11:56 Event: ULOG_JOB_TERMINATED for HTCondor Node L_FCCLEGACY_S5 (6053128.0.0) {08/17/26 01:11:52}
08/17/26 01:11:56 Number of idle job procs: 8
08/17/26 01:11:56 Node L_FCCLEGACY_S5 job proc (6053128.0.0) failed with status 1.
08/17/26 01:11:56 Node L_FCCLEGACY_S5 job(s) have exited the queue
08/17/26 01:11:56 Event: ULOG_EXECUTE for HTCondor Node L_FCCLEGACY_S7 (6053130.0.0) {08/17/26 01:11:52}
08/17/26 01:11:56 Number of idle job procs: 7
08/17/26 01:11:56 Event: ULOG_JOB_TERMINATED for HTCondor Node P_A14_S5 (6053120.0.0) {08/17/26 01:11:52}
08/17/26 01:11:56 Number of idle job procs: 7
08/17/26 01:11:56 Node P_A14_S5 job proc (6053120.0.0) failed with status 1.
08/17/26 01:11:56 Node P_A14_S5 job(s) have exited the queue
08/17/26 01:11:56 Event: ULOG_JOB_TERMINATED for HTCondor Node P_A07_S2 (6053061.0.0) {08/17/26 01:11:52}
08/17/26 01:11:56 Number of idle job procs: 7
08/17/26 01:11:56 Node P_A07_S2 job proc (6053061.0.0) failed with status 1.
08/17/26 01:11:56 Node P_A07_S2 job(s) have exited the queue
08/17/26 01:11:56 Event: ULOG_EXECUTE for HTCondor Node P_A06_S5 (6053056.0.0) {08/17/26 01:11:52}
08/17/26 01:11:56 Number of idle job procs: 6
08/17/26 01:11:56 Event: ULOG_EXECUTE for HTCondor Node P_A12_S1 (6053100.0.0) {08/17/26 01:11:52}
08/17/26 01:11:56 Number of idle job procs: 5
08/17/26 01:11:56 Event: ULOG_JOB_TERMINATED for HTCondor Node L_FCCLEGACY_S7 (6053130.0.0) {08/17/26 01:11:53}
08/17/26 01:11:56 Number of idle job procs: 5
08/17/26 01:11:56 Node L_FCCLEGACY_S7 job proc (6053130.0.0) failed with status 1.
08/17/26 01:11:56 Node L_FCCLEGACY_S7 job(s) have exited the queue
08/17/26 01:11:56 Event: ULOG_EXECUTE for HTCondor Node L_FCCLEGACY_S6 (6053129.0.0) {08/17/26 01:11:53}
08/17/26 01:11:56 Number of idle job procs: 4
08/17/26 01:11:56 Event: ULOG_EXECUTE for HTCondor Node P_A10_S5 (6053088.0.0) {08/17/26 01:11:53}
08/17/26 01:11:56 Number of idle job procs: 3
08/17/26 01:11:56 Event: ULOG_EXECUTE for HTCondor Node P_A13_S2 (6053109.0.0) {08/17/26 01:11:53}
08/17/26 01:11:56 Number of idle job procs: 2
08/17/26 01:11:56 Event: ULOG_JOB_TERMINATED for HTCondor Node P_A06_S5 (6053056.0.0) {08/17/26 01:11:53}
08/17/26 01:11:56 Number of idle job procs: 2
08/17/26 01:11:56 Node P_A06_S5 job proc (6053056.0.0) failed with status 1.
08/17/26 01:11:56 Node P_A06_S5 job(s) have exited the queue
08/17/26 01:11:56 Event: ULOG_JOB_TERMINATED for HTCondor Node L_FCCLEGACY_S6 (6053129.0.0) {08/17/26 01:11:54}
08/17/26 01:11:56 Number of idle job procs: 2
08/17/26 01:11:56 Node L_FCCLEGACY_S6 job proc (6053129.0.0) failed with status 1.
08/17/26 01:11:56 Node L_FCCLEGACY_S6 job(s) have exited the queue
08/17/26 01:11:56 Event: ULOG_JOB_TERMINATED for HTCondor Node P_A13_S2 (6053109.0.0) {08/17/26 01:11:54}
08/17/26 01:11:56 Number of idle job procs: 2
08/17/26 01:11:56 Node P_A13_S2 job proc (6053109.0.0) failed with status 1.
08/17/26 01:11:56 Node P_A13_S2 job(s) have exited the queue
08/17/26 01:11:56 Event: ULOG_JOB_TERMINATED for HTCondor Node P_A10_S5 (6053088.0.0) {08/17/26 01:11:54}
08/17/26 01:11:56 Number of idle job procs: 2
08/17/26 01:11:56 Node P_A10_S5 job proc (6053088.0.0) failed with status 1.
08/17/26 01:11:56 Node P_A10_S5 job(s) have exited the queue
08/17/26 01:11:56 Event: ULOG_EXECUTE for HTCondor Node P_A14_S3 (6053118.0.0) {08/17/26 01:11:54}
08/17/26 01:11:56 Number of idle job procs: 1
08/17/26 01:11:56 Event: ULOG_EXECUTE for HTCondor Node P_A14_S6 (6053121.0.0) {08/17/26 01:11:54}
08/17/26 01:11:56 Number of idle job procs: 0
08/17/26 01:11:56 Event: ULOG_JOB_TERMINATED for HTCondor Node P_A12_S1 (6053100.0.0) {08/17/26 01:11:54}
08/17/26 01:11:56 Number of idle job procs: 0
08/17/26 01:11:56 Node P_A12_S1 job proc (6053100.0.0) failed with status 1.
08/17/26 01:11:56 Node P_A12_S1 job(s) have exited the queue
08/17/26 01:11:56 Event: ULOG_JOB_TERMINATED for HTCondor Node P_A14_S6 (6053121.0.0) {08/17/26 01:11:55}
08/17/26 01:11:56 Number of idle job procs: 0
08/17/26 01:11:56 Node P_A14_S6 job proc (6053121.0.0) failed with status 1.
08/17/26 01:11:56 Node P_A14_S6 job(s) have exited the queue
08/17/26 01:11:56 Event: ULOG_JOB_TERMINATED for HTCondor Node P_A14_S3 (6053118.0.0) {08/17/26 01:11:55}
08/17/26 01:11:56 Number of idle job procs: 0
08/17/26 01:11:56 Node P_A14_S3 job proc (6053118.0.0) failed with status 1.
08/17/26 01:11:56 Node P_A14_S3 job(s) have exited the queue
08/17/26 01:11:56 DAG status: 2 (DAG_STATUS_NODE_FAILED)
08/17/26 01:11:56 Of 496 nodes total:
08/17/26 01:11:56  Done     Pre   Queued    Post   Ready   Un-Ready   Failed   Futile
08/17/26 01:11:56   ===     ===      ===     ===     ===        ===      ===      ===
08/17/26 01:11:56     0       0        0       0       0          0      128      368
08/17/26 01:11:56 0 job proc(s) currently held
08/17/26 01:11:56 DAGMan Runtime Statistics: [EventCycleTimeAvg=0.331; EventCycleTimeMax=2.551; EventCycleTimeMin=0.000; EventCycleTimeStd=0.623; EventCycleTimeSum=9.604; SleepCycleTimeAvg=5.005; SleepCycleTimeMax=5.006; SleepCycleTimeMin=5.004; SleepCycleTimeStd=0.000; SleepCycleTimeSum=145.147; SubmitCycleTimeAvg=0.083; SubmitCycleTimeMax=1.836; SubmitCycleTimeMin=0.000; SubmitCycleTimeStd=0.352; SubmitCycleTimeSum=2.485; EventCycleTimeCount=29.000; SleepCycleTimeCount=29.000; SubmitCycleTimeCount=30.000; LogProcessCycleTimeAvg=0.734; LogProcessCycleTimeMax=1.850; LogProcessCycleTimeMin=0.006; LogProcessCycleTimeStd=0.472; LogProcessCycleTimeSum=7.336; LogProcessCycleTimeCount=10.000; ]
08/17/26 01:11:56 ERROR: the following job(s) failed:
08/17/26 01:11:56 ---------------------- Node ----------------------
08/17/26 01:11:56       Node Name: P_A00_S0
08/17/26 01:11:56            Noop: false
08/17/26 01:11:56          NodeID: 0
08/17/26 01:11:56     Node Status: STATUS_ERROR    
08/17/26 01:11:56 Node return val: 1
08/17/26 01:11:56           Error: Job proc (6053003.0.0) failed with status 1
08/17/26 01:11:56 Job Submit File: /afs/cern.ch/user/c/cglenn/FCCWork/whizard/whizard_ttbar_spinpol/phase11_diagnostics/excess_weight_rootcause_v1/ttbar_restricted_region_suite_v1/restricted/submissions/20260816T230807Z_WT_A15xS8_F012_FCC_np1/adaptive_parent.sub
08/17/26 01:11:56  HTCondor Job ID: (6053003.0.0)
08/17/26 01:11:56 PARENTS:  WAITING: 0 CHILDREN: C_A00_S0_F0 C_A00_S0_F1 C_A00_S0_F2
08/17/26 01:11:56 ---------------------- Node ----------------------
08/17/26 01:11:56       Node Name: P_A00_S1
08/17/26 01:11:56            Noop: false
08/17/26 01:11:56          NodeID: 4
08/17/26 01:11:56     Node Status: STATUS_ERROR    
08/17/26 01:11:56 Node return val: 1
08/17/26 01:11:56           Error: Job proc (6053004.0.0) failed with status 1
08/17/26 01:11:56 Job Submit File: /afs/cern.ch/user/c/cglenn/FCCWork/whizard/whizard_ttbar_spinpol/phase11_diagnostics/excess_weight_rootcause_v1/ttbar_restricted_region_suite_v1/restricted/submissions/20260816T230807Z_WT_A15xS8_F012_FCC_np1/adaptive_parent.sub
08/17/26 01:11:56  HTCondor Job ID: (6053004.0.0)
08/17/26 01:11:56 PARENTS:  WAITING: 0 CHILDREN: C_A00_S1_F0 C_A00_S1_F1 C_A00_S1_F2
08/17/26 01:11:56 ---------------------- Node ----------------------
08/17/26 01:11:56       Node Name: P_A00_S2
08/17/26 01:11:56            Noop: false
08/17/26 01:11:56          NodeID: 8
08/17/26 01:11:56     Node Status: STATUS_ERROR    
08/17/26 01:11:56 Node return val: 1
08/17/26 01:11:57           Error: Job proc (6053005.0.0) failed with status 1
08/17/26 01:11:57 Job Submit File: /afs/cern.ch/user/c/cglenn/FCCWork/whizard/whizard_ttbar_spinpol/phase11_diagnostics/excess_weight_rootcause_v1/ttbar_restricted_region_suite_v1/restricted/submissions/20260816T230807Z_WT_A15xS8_F012_FCC_np1/adaptive_parent.sub
08/17/26 01:11:57  HTCondor Job ID: (6053005.0.0)
08/17/26 01:11:57 PARENTS:  WAITING: 0 CHILDREN: C_A00_S2_F0 C_A00_S2_F1 C_A00_S2_F2
08/17/26 01:11:57 ---------------------- Node ----------------------
08/17/26 01:11:57       Node Name: P_A00_S3
08/17/26 01:11:57            Noop: false
08/17/26 01:11:57          NodeID: 12
08/17/26 01:11:57     Node Status: STATUS_ERROR    
08/17/26 01:11:57 Node return val: 1
08/17/26 01:11:57           Error: Job proc (6053006.0.0) failed with status 1
08/17/26 01:11:57 Job Submit File: /afs/cern.ch/user/c/cglenn/FCCWork/whizard/whizard_ttbar_spinpol/phase11_diagnostics/excess_weight_rootcause_v1/ttbar_restricted_region_suite_v1/restricted/submissions/20260816T230807Z_WT_A15xS8_F012_FCC_np1/adaptive_parent.sub
08/17/26 01:11:57  HTCondor Job ID: (6053006.0.0)
08/17/26 01:11:57 PARENTS:  WAITING: 0 CHILDREN: C_A00_S3_F0 C_A00_S3_F1 C_A00_S3_F2
08/17/26 01:11:57 ---------------------- Node ----------------------
08/17/26 01:11:57       Node Name: P_A00_S4
08/17/26 01:11:57            Noop: false
08/17/26 01:11:57          NodeID: 16
08/17/26 01:11:57     Node Status: STATUS_ERROR    
08/17/26 01:11:57 Node return val: 1
08/17/26 01:11:57           Error: Job proc (6053007.0.0) failed with status 1
08/17/26 01:11:57 Job Submit File: /afs/cern.ch/user/c/cglenn/FCCWork/whizard/whizard_ttbar_spinpol/phase11_diagnostics/excess_weight_rootcause_v1/ttbar_restricted_region_suite_v1/restricted/submissions/20260816T230807Z_WT_A15xS8_F012_FCC_np1/adaptive_parent.sub
08/17/26 01:11:57  HTCondor Job ID: (6053007.0.0)
08/17/26 01:11:57 PARENTS:  WAITING: 0 CHILDREN: C_A00_S4_F0 C_A00_S4_F1 C_A00_S4_F2
08/17/26 01:11:57 ---------------------- Node ----------------------
08/17/26 01:11:57       Node Name: P_A00_S5
08/17/26 01:11:57            Noop: false
08/17/26 01:11:57          NodeID: 20
08/17/26 01:11:57     Node Status: STATUS_ERROR    
08/17/26 01:11:57 Node return val: 1
08/17/26 01:11:57           Error: Job proc (6053008.0.0) failed with status 1
08/17/26 01:11:57 Job Submit File: /afs/cern.ch/user/c/cglenn/FCCWork/whizard/whizard_ttbar_spinpol/phase11_diagnostics/excess_weight_rootcause_v1/ttbar_restricted_region_suite_v1/restricted/submissions/20260816T230807Z_WT_A15xS8_F012_FCC_np1/adaptive_parent.sub
08/17/26 01:11:57  HTCondor Job ID: (6053008.0.0)
08/17/26 01:11:57 PARENTS:  WAITING: 0 CHILDREN: C_A00_S5_F0 C_A00_S5_F1 C_A00_S5_F2
08/17/26 01:11:57 ---------------------- Node ----------------------
08/17/26 01:11:57       Node Name: P_A00_S6
08/17/26 01:11:57            Noop: false
08/17/26 01:11:57          NodeID: 24
08/17/26 01:11:57     Node Status: STATUS_ERROR    
08/17/26 01:11:57 Node return val: 1
08/17/26 01:11:57           Error: Job proc (6053009.0.0) failed with status 1
08/17/26 01:11:57 Job Submit File: /afs/cern.ch/user/c/cglenn/FCCWork/whizard/whizard_ttbar_spinpol/phase11_diagnostics/excess_weight_rootcause_v1/ttbar_restricted_region_suite_v1/restricted/submissions/20260816T230807Z_WT_A15xS8_F012_FCC_np1/adaptive_parent.sub
08/17/26 01:11:57  HTCondor Job ID: (6053009.0.0)
08/17/26 01:11:57 PARENTS:  WAITING: 0 CHILDREN: C_A00_S6_F0 C_A00_S6_F1 C_A00_S6_F2
08/17/26 01:11:57 ---------------------- Node ----------------------
08/17/26 01:11:57       Node Name: P_A00_S7
08/17/26 01:11:57            Noop: false
08/17/26 01:11:57          NodeID: 28
08/17/26 01:11:57     Node Status: STATUS_ERROR    
08/17/26 01:11:57 Node return val: 1
08/17/26 01:11:57           Error: Job proc (6053010.0.0) failed with status 1
08/17/26 01:11:57 Job Submit File: /afs/cern.ch/user/c/cglenn/FCCWork/whizard/whizard_ttbar_spinpol/phase11_diagnostics/excess_weight_rootcause_v1/ttbar_restricted_region_suite_v1/restricted/submissions/20260816T230807Z_WT_A15xS8_F012_FCC_np1/adaptive_parent.sub
08/17/26 01:11:57  HTCondor Job ID: (6053010.0.0)
08/17/26 01:11:57 PARENTS:  WAITING: 0 CHILDREN: C_A00_S7_F0 C_A00_S7_F1 C_A00_S7_F2
08/17/26 01:11:57 ---------------------- Node ----------------------
08/17/26 01:11:57       Node Name: P_A01_S0
08/17/26 01:11:57            Noop: false
08/17/26 01:11:57          NodeID: 32
08/17/26 01:11:57     Node Status: STATUS_ERROR    
08/17/26 01:11:57 Node return val: 1
08/17/26 01:11:57           Error: Job proc (6053011.0.0) failed with status 1
08/17/26 01:11:57 Job Submit File: /afs/cern.ch/user/c/cglenn/FCCWork/whizard/whizard_ttbar_spinpol/phase11_diagnostics/excess_weight_rootcause_v1/ttbar_restricted_region_suite_v1/restricted/submissions/20260816T230807Z_WT_A15xS8_F012_FCC_np1/adaptive_parent.sub
08/17/26 01:11:57  HTCondor Job ID: (6053011.0.0)
08/17/26 01:11:57 PARENTS:  WAITING: 0 CHILDREN: C_A01_S0_F0 C_A01_S0_F1 C_A01_S0_F2
08/17/26 01:11:57 ---------------------- Node ----------------------
08/17/26 01:11:57       Node Name: P_A01_S1
08/17/26 01:11:57            Noop: false
08/17/26 01:11:57          NodeID: 36
08/17/26 01:11:57     Node Status: STATUS_ERROR    
08/17/26 01:11:57 Node return val: 1
08/17/26 01:11:57           Error: Job proc (6053012.0.0) failed with status 1
08/17/26 01:11:57 Job Submit File: /afs/cern.ch/user/c/cglenn/FCCWork/whizard/whizard_ttbar_spinpol/phase11_diagnostics/excess_weight_rootcause_v1/ttbar_restricted_region_suite_v1/restricted/submissions/20260816T230807Z_WT_A15xS8_F012_FCC_np1/adaptive_parent.sub
08/17/26 01:11:57  HTCondor Job ID: (6053012.0.0)
08/17/26 01:11:57 PARENTS:  WAITING: 0 CHILDREN: C_A01_S1_F0 C_A01_S1_F1 C_A01_S1_F2
08/17/26 01:11:57 ---------------------- Node ----------------------
08/17/26 01:11:57       Node Name: P_A01_S2
08/17/26 01:11:57            Noop: false
08/17/26 01:11:57          NodeID: 40
08/17/26 01:11:57     Node Status: STATUS_ERROR    
08/17/26 01:11:57 Node return val: 1
08/17/26 01:11:57           Error: Job proc (6053013.0.0) failed with status 1
08/17/26 01:11:57 Job Submit File: /afs/cern.ch/user/c/cglenn/FCCWork/whizard/whizard_ttbar_spinpol/phase11_diagnostics/excess_weight_rootcause_v1/ttbar_restricted_region_suite_v1/restricted/submissions/20260816T230807Z_WT_A15xS8_F012_FCC_np1/adaptive_parent.sub
08/17/26 01:11:57  HTCondor Job ID: (6053013.0.0)
08/17/26 01:11:57 PARENTS:  WAITING: 0 CHILDREN: C_A01_S2_F0 C_A01_S2_F1 C_A01_S2_F2
08/17/26 01:11:57 ---------------------- Node ----------------------
08/17/26 01:11:57       Node Name: P_A01_S3
08/17/26 01:11:57            Noop: false
08/17/26 01:11:57          NodeID: 44
08/17/26 01:11:57     Node Status: STATUS_ERROR    
08/17/26 01:11:57 Node return val: 1
08/17/26 01:11:57           Error: Job proc (6053014.0.0) failed with status 1
08/17/26 01:11:57 Job Submit File: /afs/cern.ch/user/c/cglenn/FCCWork/whizard/whizard_ttbar_spinpol/phase11_diagnostics/excess_weight_rootcause_v1/ttbar_restricted_region_suite_v1/restricted/submissions/20260816T230807Z_WT_A15xS8_F012_FCC_np1/adaptive_parent.sub
08/17/26 01:11:57  HTCondor Job ID: (6053014.0.0)
08/17/26 01:11:57 PARENTS:  WAITING: 0 CHILDREN: C_A01_S3_F0 C_A01_S3_F1 C_A01_S3_F2
08/17/26 01:11:57 ---------------------- Node ----------------------
08/17/26 01:11:57       Node Name: P_A01_S4
08/17/26 01:11:57            Noop: false
08/17/26 01:11:57          NodeID: 48
08/17/26 01:11:57     Node Status: STATUS_ERROR    
08/17/26 01:11:57 Node return val: 1
08/17/26 01:11:57           Error: Job proc (6053015.0.0) failed with status 1
08/17/26 01:11:57 Job Submit File: /afs/cern.ch/user/c/cglenn/FCCWork/whizard/whizard_ttbar_spinpol/phase11_diagnostics/excess_weight_rootcause_v1/ttbar_restricted_region_suite_v1/restricted/submissions/20260816T230807Z_WT_A15xS8_F012_FCC_np1/adaptive_parent.sub
08/17/26 01:11:57  HTCondor Job ID: (6053015.0.0)
08/17/26 01:11:57 PARENTS:  WAITING: 0 CHILDREN: C_A01_S4_F0 C_A01_S4_F1 C_A01_S4_F2
08/17/26 01:11:57 ---------------------- Node ----------------------
08/17/26 01:11:57       Node Name: P_A01_S5
08/17/26 01:11:57            Noop: false
08/17/26 01:11:57          NodeID: 52
08/17/26 01:11:57     Node Status: STATUS_ERROR    
08/17/26 01:11:57 Node return val: 1
08/17/26 01:11:57           Error: Job proc (6053016.0.0) failed with status 1
08/17/26 01:11:57 Job Submit File: /afs/cern.ch/user/c/cglenn/FCCWork/whizard/whizard_ttbar_spinpol/phase11_diagnostics/excess_weight_rootcause_v1/ttbar_restricted_region_suite_v1/restricted/submissions/20260816T230807Z_WT_A15xS8_F012_FCC_np1/adaptive_parent.sub
08/17/26 01:11:57  HTCondor Job ID: (6053016.0.0)
08/17/26 01:11:57 PARENTS:  WAITING: 0 CHILDREN: C_A01_S5_F0 C_A01_S5_F1 C_A01_S5_F2
08/17/26 01:11:57 ---------------------- Node ----------------------
08/17/26 01:11:57       Node Name: P_A01_S6
08/17/26 01:11:57            Noop: false
08/17/26 01:11:57          NodeID: 56
08/17/26 01:11:57     Node Status: STATUS_ERROR    
08/17/26 01:11:57 Node return val: 1
08/17/26 01:11:57           Error: Job proc (6053017.0.0) failed with status 1
08/17/26 01:11:57 Job Submit File: /afs/cern.ch/user/c/cglenn/FCCWork/whizard/whizard_ttbar_spinpol/phase11_diagnostics/excess_weight_rootcause_v1/ttbar_restricted_region_suite_v1/restricted/submissions/20260816T230807Z_WT_A15xS8_F012_FCC_np1/adaptive_parent.sub
08/17/26 01:11:57  HTCondor Job ID: (6053017.0.0)
08/17/26 01:11:58 PARENTS:  WAITING: 0 CHILDREN: C_A01_S6_F0 C_A01_S6_F1 C_A01_S6_F2
08/17/26 01:11:58 ---------------------- Node ----------------------
08/17/26 01:11:58       Node Name: P_A01_S7
08/17/26 01:11:58            Noop: false
08/17/26 01:11:58          NodeID: 60
08/17/26 01:11:58     Node Status: STATUS_ERROR    
08/17/26 01:11:58 Node return val: 1
08/17/26 01:11:58           Error: Job proc (6053018.0.0) failed with status 1
08/17/26 01:11:58 Job Submit File: /afs/cern.ch/user/c/cglenn/FCCWork/whizard/whizard_ttbar_spinpol/phase11_diagnostics/excess_weight_rootcause_v1/ttbar_restricted_region_suite_v1/restricted/submissions/20260816T230807Z_WT_A15xS8_F012_FCC_np1/adaptive_parent.sub
08/17/26 01:11:58  HTCondor Job ID: (6053018.0.0)
08/17/26 01:11:58 PARENTS:  WAITING: 0 CHILDREN: C_A01_S7_F0 C_A01_S7_F1 C_A01_S7_F2
08/17/26 01:11:58 ---------------------- Node ----------------------
08/17/26 01:11:58       Node Name: P_A02_S0
08/17/26 01:11:58            Noop: false
08/17/26 01:11:58          NodeID: 64
08/17/26 01:11:58     Node Status: STATUS_ERROR    
08/17/26 01:11:58 Node return val: 1
08/17/26 01:11:58           Error: Job proc (6053019.0.0) failed with status 1
08/17/26 01:11:58 Job Submit File: /afs/cern.ch/user/c/cglenn/FCCWork/whizard/whizard_ttbar_spinpol/phase11_diagnostics/excess_weight_rootcause_v1/ttbar_restricted_region_suite_v1/restricted/submissions/20260816T230807Z_WT_A15xS8_F012_FCC_np1/adaptive_parent.sub
08/17/26 01:11:58  HTCondor Job ID: (6053019.0.0)
08/17/26 01:11:58 PARENTS:  WAITING: 0 CHILDREN: C_A02_S0_F0 C_A02_S0_F1 C_A02_S0_F2
08/17/26 01:11:58 ---------------------- Node ----------------------
08/17/26 01:11:58       Node Name: P_A02_S1
08/17/26 01:11:58            Noop: false
08/17/26 01:11:58          NodeID: 68
08/17/26 01:11:58     Node Status: STATUS_ERROR    
08/17/26 01:11:58 Node return val: 1
08/17/26 01:11:58           Error: Job proc (6053020.0.0) failed with status 1
08/17/26 01:11:58 Job Submit File: /afs/cern.ch/user/c/cglenn/FCCWork/whizard/whizard_ttbar_spinpol/phase11_diagnostics/excess_weight_rootcause_v1/ttbar_restricted_region_suite_v1/restricted/submissions/20260816T230807Z_WT_A15xS8_F012_FCC_np1/adaptive_parent.sub
08/17/26 01:11:58  HTCondor Job ID: (6053020.0.0)
08/17/26 01:11:58 PARENTS:  WAITING: 0 CHILDREN: C_A02_S1_F0 C_A02_S1_F1 C_A02_S1_F2
08/17/26 01:11:58 ---------------------- Node ----------------------
08/17/26 01:11:58       Node Name: P_A02_S2
08/17/26 01:11:58            Noop: false
08/17/26 01:11:58          NodeID: 72
08/17/26 01:11:58     Node Status: STATUS_ERROR    
08/17/26 01:11:58 Node return val: 1
08/17/26 01:11:58           Error: Job proc (6053021.0.0) failed with status 1
08/17/26 01:11:58 Job Submit File: /afs/cern.ch/user/c/cglenn/FCCWork/whizard/whizard_ttbar_spinpol/phase11_diagnostics/excess_weight_rootcause_v1/ttbar_restricted_region_suite_v1/restricted/submissions/20260816T230807Z_WT_A15xS8_F012_FCC_np1/adaptive_parent.sub
08/17/26 01:11:58  HTCondor Job ID: (6053021.0.0)
08/17/26 01:11:58 PARENTS:  WAITING: 0 CHILDREN: C_A02_S2_F0 C_A02_S2_F1 C_A02_S2_F2
08/17/26 01:11:58 ---------------------- Node ----------------------
08/17/26 01:11:58       Node Name: P_A02_S3
08/17/26 01:11:58            Noop: false
08/17/26 01:11:58          NodeID: 76
08/17/26 01:11:58     Node Status: STATUS_ERROR    
08/17/26 01:11:58 Node return val: 1
08/17/26 01:11:58           Error: Job proc (6053022.0.0) failed with status 1
08/17/26 01:11:58 Job Submit File: /afs/cern.ch/user/c/cglenn/FCCWork/whizard/whizard_ttbar_spinpol/phase11_diagnostics/excess_weight_rootcause_v1/ttbar_restricted_region_suite_v1/restricted/submissions/20260816T230807Z_WT_A15xS8_F012_FCC_np1/adaptive_parent.sub
08/17/26 01:11:58  HTCondor Job ID: (6053022.0.0)
08/17/26 01:11:58 PARENTS:  WAITING: 0 CHILDREN: C_A02_S3_F0 C_A02_S3_F1 C_A02_S3_F2
08/17/26 01:11:58 ---------------------- Node ----------------------
08/17/26 01:11:58       Node Name: P_A02_S4
08/17/26 01:11:58            Noop: false
08/17/26 01:11:58          NodeID: 80
08/17/26 01:11:58     Node Status: STATUS_ERROR    
08/17/26 01:11:58 Node return val: 1
08/17/26 01:11:58           Error: Job proc (6053023.0.0) failed with status 1
08/17/26 01:11:58 Job Submit File: /afs/cern.ch/user/c/cglenn/FCCWork/whizard/whizard_ttbar_spinpol/phase11_diagnostics/excess_weight_rootcause_v1/ttbar_restricted_region_suite_v1/restricted/submissions/20260816T230807Z_WT_A15xS8_F012_FCC_np1/adaptive_parent.sub
08/17/26 01:11:58  HTCondor Job ID: (6053023.0.0)
08/17/26 01:11:58 PARENTS:  WAITING: 0 CHILDREN: C_A02_S4_F0 C_A02_S4_F1 C_A02_S4_F2
08/17/26 01:11:58 ---------------------- Node ----------------------
08/17/26 01:11:58       Node Name: P_A02_S5
08/17/26 01:11:58            Noop: false
08/17/26 01:11:58          NodeID: 84
08/17/26 01:11:58     Node Status: STATUS_ERROR    
08/17/26 01:11:58 Node return val: 1
08/17/26 01:11:58           Error: Job proc (6053024.0.0) failed with status 1
08/17/26 01:11:58 Job Submit File: /afs/cern.ch/user/c/cglenn/FCCWork/whizard/whizard_ttbar_spinpol/phase11_diagnostics/excess_weight_rootcause_v1/ttbar_restricted_region_suite_v1/restricted/submissions/20260816T230807Z_WT_A15xS8_F012_FCC_np1/adaptive_parent.sub
08/17/26 01:11:58  HTCondor Job ID: (6053024.0.0)
08/17/26 01:11:58 PARENTS:  WAITING: 0 CHILDREN: C_A02_S5_F0 C_A02_S5_F1 C_A02_S5_F2
08/17/26 01:11:58 ---------------------- Node ----------------------
08/17/26 01:11:58       Node Name: P_A02_S6
08/17/26 01:11:58            Noop: false
08/17/26 01:11:58          NodeID: 88
08/17/26 01:11:58     Node Status: STATUS_ERROR    
08/17/26 01:11:58 Node return val: 1
08/17/26 01:11:58           Error: Job proc (6053025.0.0) failed with status 1
08/17/26 01:11:58 Job Submit File: /afs/cern.ch/user/c/cglenn/FCCWork/whizard/whizard_ttbar_spinpol/phase11_diagnostics/excess_weight_rootcause_v1/ttbar_restricted_region_suite_v1/restricted/submissions/20260816T230807Z_WT_A15xS8_F012_FCC_np1/adaptive_parent.sub
08/17/26 01:11:58  HTCondor Job ID: (6053025.0.0)
08/17/26 01:11:58 PARENTS:  WAITING: 0 CHILDREN: C_A02_S6_F0 C_A02_S6_F1 C_A02_S6_F2
08/17/26 01:11:58 ---------------------- Node ----------------------
08/17/26 01:11:58       Node Name: P_A02_S7
08/17/26 01:11:58            Noop: false
08/17/26 01:11:58          NodeID: 92
08/17/26 01:11:58     Node Status: STATUS_ERROR    
08/17/26 01:11:58 Node return val: 1
08/17/26 01:11:58           Error: Job proc (6053026.0.0) failed with status 1
08/17/26 01:11:58 Job Submit File: /afs/cern.ch/user/c/cglenn/FCCWork/whizard/whizard_ttbar_spinpol/phase11_diagnostics/excess_weight_rootcause_v1/ttbar_restricted_region_suite_v1/restricted/submissions/20260816T230807Z_WT_A15xS8_F012_FCC_np1/adaptive_parent.sub
08/17/26 01:11:58  HTCondor Job ID: (6053026.0.0)
08/17/26 01:11:58 PARENTS:  WAITING: 0 CHILDREN: C_A02_S7_F0 C_A02_S7_F1 C_A02_S7_F2
08/17/26 01:11:58 ---------------------- Node ----------------------
08/17/26 01:11:58       Node Name: P_A03_S0
08/17/26 01:11:58            Noop: false
08/17/26 01:11:58          NodeID: 96
08/17/26 01:11:58     Node Status: STATUS_ERROR    
08/17/26 01:11:58 Node return val: 1
08/17/26 01:11:58           Error: Job proc (6053027.0.0) failed with status 1
08/17/26 01:11:58 Job Submit File: /afs/cern.ch/user/c/cglenn/FCCWork/whizard/whizard_ttbar_spinpol/phase11_diagnostics/excess_weight_rootcause_v1/ttbar_restricted_region_suite_v1/restricted/submissions/20260816T230807Z_WT_A15xS8_F012_FCC_np1/adaptive_parent.sub
08/17/26 01:11:58  HTCondor Job ID: (6053027.0.0)
08/17/26 01:11:58 PARENTS:  WAITING: 0 CHILDREN: C_A03_S0_F0 C_A03_S0_F1 C_A03_S0_F2
08/17/26 01:11:58 ---------------------- Node ----------------------
08/17/26 01:11:58       Node Name: P_A03_S1
08/17/26 01:11:58            Noop: false
08/17/26 01:11:58          NodeID: 100
08/17/26 01:11:58     Node Status: STATUS_ERROR    
08/17/26 01:11:58 Node return val: 1
08/17/26 01:11:58           Error: Job proc (6053028.0.0) failed with status 1
08/17/26 01:11:58 Job Submit File: /afs/cern.ch/user/c/cglenn/FCCWork/whizard/whizard_ttbar_spinpol/phase11_diagnostics/excess_weight_rootcause_v1/ttbar_restricted_region_suite_v1/restricted/submissions/20260816T230807Z_WT_A15xS8_F012_FCC_np1/adaptive_parent.sub
08/17/26 01:11:58  HTCondor Job ID: (6053028.0.0)
08/17/26 01:11:58 PARENTS:  WAITING: 0 CHILDREN: C_A03_S1_F0 C_A03_S1_F1 C_A03_S1_F2
08/17/26 01:11:58 ---------------------- Node ----------------------
08/17/26 01:11:58       Node Name: P_A03_S2
08/17/26 01:11:58            Noop: false
08/17/26 01:11:58          NodeID: 104
08/17/26 01:11:59     Node Status: STATUS_ERROR    
08/17/26 01:11:59 Node return val: 1
08/17/26 01:11:59           Error: Job proc (6053029.0.0) failed with status 1
08/17/26 01:11:59 Job Submit File: /afs/cern.ch/user/c/cglenn/FCCWork/whizard/whizard_ttbar_spinpol/phase11_diagnostics/excess_weight_rootcause_v1/ttbar_restricted_region_suite_v1/restricted/submissions/20260816T230807Z_WT_A15xS8_F012_FCC_np1/adaptive_parent.sub
08/17/26 01:11:59  HTCondor Job ID: (6053029.0.0)
08/17/26 01:11:59 PARENTS:  WAITING: 0 CHILDREN: C_A03_S2_F0 C_A03_S2_F1 C_A03_S2_F2
08/17/26 01:11:59 ---------------------- Node ----------------------
08/17/26 01:11:59       Node Name: P_A03_S3
08/17/26 01:11:59            Noop: false
08/17/26 01:11:59          NodeID: 108
08/17/26 01:11:59     Node Status: STATUS_ERROR    
08/17/26 01:11:59 Node return val: 1
08/17/26 01:11:59           Error: Job proc (6053030.0.0) failed with status 1
08/17/26 01:11:59 Job Submit File: /afs/cern.ch/user/c/cglenn/FCCWork/whizard/whizard_ttbar_spinpol/phase11_diagnostics/excess_weight_rootcause_v1/ttbar_restricted_region_suite_v1/restricted/submissions/20260816T230807Z_WT_A15xS8_F012_FCC_np1/adaptive_parent.sub
08/17/26 01:11:59  HTCondor Job ID: (6053030.0.0)
08/17/26 01:11:59 PARENTS:  WAITING: 0 CHILDREN: C_A03_S3_F0 C_A03_S3_F1 C_A03_S3_F2
08/17/26 01:11:59 ---------------------- Node ----------------------
08/17/26 01:11:59       Node Name: P_A03_S4
08/17/26 01:11:59            Noop: false
08/17/26 01:11:59          NodeID: 112
08/17/26 01:11:59     Node Status: STATUS_ERROR    
08/17/26 01:11:59 Node return val: 1
08/17/26 01:11:59           Error: Job proc (6053031.0.0) failed with status 1
08/17/26 01:11:59 Job Submit File: /afs/cern.ch/user/c/cglenn/FCCWork/whizard/whizard_ttbar_spinpol/phase11_diagnostics/excess_weight_rootcause_v1/ttbar_restricted_region_suite_v1/restricted/submissions/20260816T230807Z_WT_A15xS8_F012_FCC_np1/adaptive_parent.sub
08/17/26 01:11:59  HTCondor Job ID: (6053031.0.0)
08/17/26 01:11:59 PARENTS:  WAITING: 0 CHILDREN: C_A03_S4_F0 C_A03_S4_F1 C_A03_S4_F2
08/17/26 01:11:59 ---------------------- Node ----------------------
08/17/26 01:11:59       Node Name: P_A03_S5
08/17/26 01:11:59            Noop: false
08/17/26 01:11:59          NodeID: 116
08/17/26 01:11:59     Node Status: STATUS_ERROR    
08/17/26 01:11:59 Node return val: 1
08/17/26 01:11:59           Error: Job proc (6053032.0.0) failed with status 1
08/17/26 01:11:59 Job Submit File: /afs/cern.ch/user/c/cglenn/FCCWork/whizard/whizard_ttbar_spinpol/phase11_diagnostics/excess_weight_rootcause_v1/ttbar_restricted_region_suite_v1/restricted/submissions/20260816T230807Z_WT_A15xS8_F012_FCC_np1/adaptive_parent.sub
08/17/26 01:11:59  HTCondor Job ID: (6053032.0.0)
08/17/26 01:11:59 PARENTS:  WAITING: 0 CHILDREN: C_A03_S5_F0 C_A03_S5_F1 C_A03_S5_F2
08/17/26 01:11:59 ---------------------- Node ----------------------
08/17/26 01:11:59       Node Name: P_A03_S6
08/17/26 01:11:59            Noop: false
08/17/26 01:11:59          NodeID: 120
08/17/26 01:11:59     Node Status: STATUS_ERROR    
08/17/26 01:11:59 Node return val: 1
08/17/26 01:11:59           Error: Job proc (6053033.0.0) failed with status 1
08/17/26 01:11:59 Job Submit File: /afs/cern.ch/user/c/cglenn/FCCWork/whizard/whizard_ttbar_spinpol/phase11_diagnostics/excess_weight_rootcause_v1/ttbar_restricted_region_suite_v1/restricted/submissions/20260816T230807Z_WT_A15xS8_F012_FCC_np1/adaptive_parent.sub
08/17/26 01:11:59  HTCondor Job ID: (6053033.0.0)
08/17/26 01:11:59 PARENTS:  WAITING: 0 CHILDREN: C_A03_S6_F0 C_A03_S6_F1 C_A03_S6_F2
08/17/26 01:11:59 ---------------------- Node ----------------------
08/17/26 01:11:59       Node Name: P_A03_S7
08/17/26 01:11:59            Noop: false
08/17/26 01:11:59          NodeID: 124
08/17/26 01:11:59     Node Status: STATUS_ERROR    
08/17/26 01:11:59 Node return val: 1
08/17/26 01:11:59           Error: Job proc (6053034.0.0) failed with status 1
08/17/26 01:11:59 Job Submit File: /afs/cern.ch/user/c/cglenn/FCCWork/whizard/whizard_ttbar_spinpol/phase11_diagnostics/excess_weight_rootcause_v1/ttbar_restricted_region_suite_v1/restricted/submissions/20260816T230807Z_WT_A15xS8_F012_FCC_np1/adaptive_parent.sub
08/17/26 01:11:59  HTCondor Job ID: (6053034.0.0)
08/17/26 01:11:59 PARENTS:  WAITING: 0 CHILDREN: C_A03_S7_F0 C_A03_S7_F1 C_A03_S7_F2
08/17/26 01:11:59 ---------------------- Node ----------------------
08/17/26 01:11:59       Node Name: P_A04_S0
08/17/26 01:11:59            Noop: false
08/17/26 01:11:59          NodeID: 128
08/17/26 01:11:59     Node Status: STATUS_ERROR    
08/17/26 01:11:59 Node return val: 1
08/17/26 01:11:59           Error: Job proc (6053035.0.0) failed with status 1
08/17/26 01:11:59 Job Submit File: /afs/cern.ch/user/c/cglenn/FCCWork/whizard/whizard_ttbar_spinpol/phase11_diagnostics/excess_weight_rootcause_v1/ttbar_restricted_region_suite_v1/restricted/submissions/20260816T230807Z_WT_A15xS8_F012_FCC_np1/adaptive_parent.sub
08/17/26 01:11:59  HTCondor Job ID: (6053035.0.0)
08/17/26 01:11:59 PARENTS:  WAITING: 0 CHILDREN: C_A04_S0_F0 C_A04_S0_F1 C_A04_S0_F2
08/17/26 01:11:59 ---------------------- Node ----------------------
08/17/26 01:11:59       Node Name: P_A04_S1
08/17/26 01:11:59            Noop: false
08/17/26 01:11:59          NodeID: 132
08/17/26 01:11:59     Node Status: STATUS_ERROR    
08/17/26 01:11:59 Node return val: 1
08/17/26 01:11:59           Error: Job proc (6053036.0.0) failed with status 1
08/17/26 01:11:59 Job Submit File: /afs/cern.ch/user/c/cglenn/FCCWork/whizard/whizard_ttbar_spinpol/phase11_diagnostics/excess_weight_rootcause_v1/ttbar_restricted_region_suite_v1/restricted/submissions/20260816T230807Z_WT_A15xS8_F012_FCC_np1/adaptive_parent.sub
08/17/26 01:11:59  HTCondor Job ID: (6053036.0.0)
08/17/26 01:11:59 PARENTS:  WAITING: 0 CHILDREN: C_A04_S1_F0 C_A04_S1_F1 C_A04_S1_F2
08/17/26 01:11:59 ---------------------- Node ----------------------
08/17/26 01:11:59       Node Name: P_A04_S2
08/17/26 01:11:59            Noop: false
08/17/26 01:11:59          NodeID: 136
08/17/26 01:11:59     Node Status: STATUS_ERROR    
08/17/26 01:11:59 Node return val: 1
08/17/26 01:11:59           Error: Job proc (6053037.0.0) failed with status 1
08/17/26 01:11:59 Job Submit File: /afs/cern.ch/user/c/cglenn/FCCWork/whizard/whizard_ttbar_spinpol/phase11_diagnostics/excess_weight_rootcause_v1/ttbar_restricted_region_suite_v1/restricted/submissions/20260816T230807Z_WT_A15xS8_F012_FCC_np1/adaptive_parent.sub
08/17/26 01:11:59  HTCondor Job ID: (6053037.0.0)
08/17/26 01:11:59 PARENTS:  WAITING: 0 CHILDREN: C_A04_S2_F0 C_A04_S2_F1 C_A04_S2_F2
08/17/26 01:11:59 ---------------------- Node ----------------------
08/17/26 01:11:59       Node Name: P_A04_S3
08/17/26 01:11:59            Noop: false
08/17/26 01:11:59          NodeID: 140
08/17/26 01:11:59     Node Status: STATUS_ERROR    
08/17/26 01:11:59 Node return val: 1
08/17/26 01:11:59           Error: Job proc (6053038.0.0) failed with status 1
08/17/26 01:11:59 Job Submit File: /afs/cern.ch/user/c/cglenn/FCCWork/whizard/whizard_ttbar_spinpol/phase11_diagnostics/excess_weight_rootcause_v1/ttbar_restricted_region_suite_v1/restricted/submissions/20260816T230807Z_WT_A15xS8_F012_FCC_np1/adaptive_parent.sub
08/17/26 01:11:59  HTCondor Job ID: (6053038.0.0)
08/17/26 01:11:59 PARENTS:  WAITING: 0 CHILDREN: C_A04_S3_F0 C_A04_S3_F1 C_A04_S3_F2
08/17/26 01:11:59 ---------------------- Node ----------------------
08/17/26 01:11:59       Node Name: P_A04_S4
08/17/26 01:11:59            Noop: false
08/17/26 01:11:59          NodeID: 144
08/17/26 01:11:59     Node Status: STATUS_ERROR    
08/17/26 01:11:59 Node return val: 1
08/17/26 01:11:59           Error: Job proc (6053039.0.0) failed with status 1
08/17/26 01:11:59 Job Submit File: /afs/cern.ch/user/c/cglenn/FCCWork/whizard/whizard_ttbar_spinpol/phase11_diagnostics/excess_weight_rootcause_v1/ttbar_restricted_region_suite_v1/restricted/submissions/20260816T230807Z_WT_A15xS8_F012_FCC_np1/adaptive_parent.sub
08/17/26 01:11:59  HTCondor Job ID: (6053039.0.0)
08/17/26 01:11:59 PARENTS:  WAITING: 0 CHILDREN: C_A04_S4_F0 C_A04_S4_F1 C_A04_S4_F2
08/17/26 01:11:59 ---------------------- Node ----------------------
08/17/26 01:12:00       Node Name: P_A04_S5
08/17/26 01:12:00            Noop: false
08/17/26 01:12:00          NodeID: 148
08/17/26 01:12:00     Node Status: STATUS_ERROR    
08/17/26 01:12:00 Node return val: 1
08/17/26 01:12:00           Error: Job proc (6053040.0.0) failed with status 1
08/17/26 01:12:00 Job Submit File: /afs/cern.ch/user/c/cglenn/FCCWork/whizard/whizard_ttbar_spinpol/phase11_diagnostics/excess_weight_rootcause_v1/ttbar_restricted_region_suite_v1/restricted/submissions/20260816T230807Z_WT_A15xS8_F012_FCC_np1/adaptive_parent.sub
08/17/26 01:12:00  HTCondor Job ID: (6053040.0.0)
08/17/26 01:12:00 PARENTS:  WAITING: 0 CHILDREN: C_A04_S5_F0 C_A04_S5_F1 C_A04_S5_F2
08/17/26 01:12:00 ---------------------- Node ----------------------
08/17/26 01:12:00       Node Name: P_A04_S6
08/17/26 01:12:00            Noop: false
08/17/26 01:12:00          NodeID: 152
08/17/26 01:12:00     Node Status: STATUS_ERROR    
08/17/26 01:12:00 Node return val: 1
08/17/26 01:12:00           Error: Job proc (6053041.0.0) failed with status 1
08/17/26 01:12:00 Job Submit File: /afs/cern.ch/user/c/cglenn/FCCWork/whizard/whizard_ttbar_spinpol/phase11_diagnostics/excess_weight_rootcause_v1/ttbar_restricted_region_suite_v1/restricted/submissions/20260816T230807Z_WT_A15xS8_F012_FCC_np1/adaptive_parent.sub
08/17/26 01:12:00  HTCondor Job ID: (6053041.0.0)
08/17/26 01:12:00 PARENTS:  WAITING: 0 CHILDREN: C_A04_S6_F0 C_A04_S6_F1 C_A04_S6_F2
08/17/26 01:12:00 ---------------------- Node ----------------------
08/17/26 01:12:00       Node Name: P_A04_S7
08/17/26 01:12:00            Noop: false
08/17/26 01:12:00          NodeID: 156
08/17/26 01:12:00     Node Status: STATUS_ERROR    
08/17/26 01:12:00 Node return val: 1
08/17/26 01:12:00           Error: Job proc (6053042.0.0) failed with status 1
08/17/26 01:12:00 Job Submit File: /afs/cern.ch/user/c/cglenn/FCCWork/whizard/whizard_ttbar_spinpol/phase11_diagnostics/excess_weight_rootcause_v1/ttbar_restricted_region_suite_v1/restricted/submissions/20260816T230807Z_WT_A15xS8_F012_FCC_np1/adaptive_parent.sub
08/17/26 01:12:00  HTCondor Job ID: (6053042.0.0)
08/17/26 01:12:00 PARENTS:  WAITING: 0 CHILDREN: C_A04_S7_F0 C_A04_S7_F1 C_A04_S7_F2
08/17/26 01:12:00 ---------------------- Node ----------------------
08/17/26 01:12:00       Node Name: P_A05_S0
08/17/26 01:12:00            Noop: false
08/17/26 01:12:00          NodeID: 160
08/17/26 01:12:00     Node Status: STATUS_ERROR    
08/17/26 01:12:00 Node return val: 1
08/17/26 01:12:00           Error: Job proc (6053043.0.0) failed with status 1
08/17/26 01:12:00 Job Submit File: /afs/cern.ch/user/c/cglenn/FCCWork/whizard/whizard_ttbar_spinpol/phase11_diagnostics/excess_weight_rootcause_v1/ttbar_restricted_region_suite_v1/restricted/submissions/20260816T230807Z_WT_A15xS8_F012_FCC_np1/adaptive_parent.sub
08/17/26 01:12:00  HTCondor Job ID: (6053043.0.0)
08/17/26 01:12:00 PARENTS:  WAITING: 0 CHILDREN: C_A05_S0_F0 C_A05_S0_F1 C_A05_S0_F2
08/17/26 01:12:00 ---------------------- Node ----------------------
08/17/26 01:12:00       Node Name: P_A05_S1
08/17/26 01:12:00            Noop: false
08/17/26 01:12:00          NodeID: 164
08/17/26 01:12:00     Node Status: STATUS_ERROR    
08/17/26 01:12:00 Node return val: 1
08/17/26 01:12:00           Error: Job proc (6053044.0.0) failed with status 1
08/17/26 01:12:00 Job Submit File: /afs/cern.ch/user/c/cglenn/FCCWork/whizard/whizard_ttbar_spinpol/phase11_diagnostics/excess_weight_rootcause_v1/ttbar_restricted_region_suite_v1/restricted/submissions/20260816T230807Z_WT_A15xS8_F012_FCC_np1/adaptive_parent.sub
08/17/26 01:12:00  HTCondor Job ID: (6053044.0.0)
08/17/26 01:12:00 PARENTS:  WAITING: 0 CHILDREN: C_A05_S1_F0 C_A05_S1_F1 C_A05_S1_F2
08/17/26 01:12:00 ---------------------- Node ----------------------
08/17/26 01:12:00       Node Name: P_A05_S2
08/17/26 01:12:00            Noop: false
08/17/26 01:12:00          NodeID: 168
08/17/26 01:12:00     Node Status: STATUS_ERROR    
08/17/26 01:12:00 Node return val: 1
08/17/26 01:12:00           Error: Job proc (6053045.0.0) failed with status 1
08/17/26 01:12:00 Job Submit File: /afs/cern.ch/user/c/cglenn/FCCWork/whizard/whizard_ttbar_spinpol/phase11_diagnostics/excess_weight_rootcause_v1/ttbar_restricted_region_suite_v1/restricted/submissions/20260816T230807Z_WT_A15xS8_F012_FCC_np1/adaptive_parent.sub
08/17/26 01:12:00  HTCondor Job ID: (6053045.0.0)
08/17/26 01:12:00 PARENTS:  WAITING: 0 CHILDREN: C_A05_S2_F0 C_A05_S2_F1 C_A05_S2_F2
08/17/26 01:12:00 ---------------------- Node ----------------------
08/17/26 01:12:00       Node Name: P_A05_S3
08/17/26 01:12:00            Noop: false
08/17/26 01:12:00          NodeID: 172
08/17/26 01:12:00     Node Status: STATUS_ERROR    
08/17/26 01:12:00 Node return val: 1
08/17/26 01:12:00           Error: Job proc (6053046.0.0) failed with status 1
08/17/26 01:12:00 Job Submit File: /afs/cern.ch/user/c/cglenn/FCCWork/whizard/whizard_ttbar_spinpol/phase11_diagnostics/excess_weight_rootcause_v1/ttbar_restricted_region_suite_v1/restricted/submissions/20260816T230807Z_WT_A15xS8_F012_FCC_np1/adaptive_parent.sub
08/17/26 01:12:00  HTCondor Job ID: (6053046.0.0)
08/17/26 01:12:00 PARENTS:  WAITING: 0 CHILDREN: C_A05_S3_F0 C_A05_S3_F1 C_A05_S3_F2
08/17/26 01:12:00 ---------------------- Node ----------------------
08/17/26 01:12:00       Node Name: P_A05_S4
08/17/26 01:12:00            Noop: false
08/17/26 01:12:00          NodeID: 176
08/17/26 01:12:00     Node Status: STATUS_ERROR    
08/17/26 01:12:00 Node return val: 1
08/17/26 01:12:00           Error: Job proc (6053047.0.0) failed with status 1
08/17/26 01:12:00 Job Submit File: /afs/cern.ch/user/c/cglenn/FCCWork/whizard/whizard_ttbar_spinpol/phase11_diagnostics/excess_weight_rootcause_v1/ttbar_restricted_region_suite_v1/restricted/submissions/20260816T230807Z_WT_A15xS8_F012_FCC_np1/adaptive_parent.sub
08/17/26 01:12:00  HTCondor Job ID: (6053047.0.0)
08/17/26 01:12:00 PARENTS:  WAITING: 0 CHILDREN: C_A05_S4_F0 C_A05_S4_F1 C_A05_S4_F2
08/17/26 01:12:00 ---------------------- Node ----------------------
08/17/26 01:12:00       Node Name: P_A05_S5
08/17/26 01:12:00            Noop: false
08/17/26 01:12:00          NodeID: 180
08/17/26 01:12:00     Node Status: STATUS_ERROR    
08/17/26 01:12:00 Node return val: 1
08/17/26 01:12:00           Error: Job proc (6053048.0.0) failed with status 1
08/17/26 01:12:00 Job Submit File: /afs/cern.ch/user/c/cglenn/FCCWork/whizard/whizard_ttbar_spinpol/phase11_diagnostics/excess_weight_rootcause_v1/ttbar_restricted_region_suite_v1/restricted/submissions/20260816T230807Z_WT_A15xS8_F012_FCC_np1/adaptive_parent.sub
08/17/26 01:12:00  HTCondor Job ID: (6053048.0.0)
08/17/26 01:12:00 PARENTS:  WAITING: 0 CHILDREN: C_A05_S5_F0 C_A05_S5_F1 C_A05_S5_F2
08/17/26 01:12:00 ---------------------- Node ----------------------
08/17/26 01:12:00       Node Name: P_A05_S6
08/17/26 01:12:00            Noop: false
08/17/26 01:12:00          NodeID: 184
08/17/26 01:12:00     Node Status: STATUS_ERROR    
08/17/26 01:12:00 Node return val: 1
08/17/26 01:12:00           Error: Job proc (6053049.0.0) failed with status 1
08/17/26 01:12:00 Job Submit File: /afs/cern.ch/user/c/cglenn/FCCWork/whizard/whizard_ttbar_spinpol/phase11_diagnostics/excess_weight_rootcause_v1/ttbar_restricted_region_suite_v1/restricted/submissions/20260816T230807Z_WT_A15xS8_F012_FCC_np1/adaptive_parent.sub
08/17/26 01:12:00  HTCondor Job ID: (6053049.0.0)
08/17/26 01:12:00 PARENTS:  WAITING: 0 CHILDREN: C_A05_S6_F0 C_A05_S6_F1 C_A05_S6_F2
08/17/26 01:12:00 ---------------------- Node ----------------------
08/17/26 01:12:00       Node Name: P_A05_S7
08/17/26 01:12:00            Noop: false
08/17/26 01:12:00          NodeID: 188
08/17/26 01:12:00     Node Status: STATUS_ERROR    
08/17/26 01:12:00 Node return val: 1
08/17/26 01:12:00           Error: Job proc (6053050.0.0) failed with status 1
08/17/26 01:12:00 Job Submit File: /afs/cern.ch/user/c/cglenn/FCCWork/whizard/whizard_ttbar_spinpol/phase11_diagnostics/excess_weight_rootcause_v1/ttbar_restricted_region_suite_v1/restricted/submissions/20260816T230807Z_WT_A15xS8_F012_FCC_np1/adaptive_parent.sub
08/17/26 01:12:01  HTCondor Job ID: (6053050.0.0)
08/17/26 01:12:01 PARENTS:  WAITING: 0 CHILDREN: C_A05_S7_F0 C_A05_S7_F1 C_A05_S7_F2
08/17/26 01:12:01 ---------------------- Node ----------------------
08/17/26 01:12:01       Node Name: P_A06_S0
08/17/26 01:12:01            Noop: false
08/17/26 01:12:01          NodeID: 192
08/17/26 01:12:01     Node Status: STATUS_ERROR    
08/17/26 01:12:01 Node return val: 1
08/17/26 01:12:01           Error: Job proc (6053051.0.0) failed with status 1
08/17/26 01:12:01 Job Submit File: /afs/cern.ch/user/c/cglenn/FCCWork/whizard/whizard_ttbar_spinpol/phase11_diagnostics/excess_weight_rootcause_v1/ttbar_restricted_region_suite_v1/restricted/submissions/20260816T230807Z_WT_A15xS8_F012_FCC_np1/adaptive_parent.sub
08/17/26 01:12:01  HTCondor Job ID: (6053051.0.0)
08/17/26 01:12:01 PARENTS:  WAITING: 0 CHILDREN: C_A06_S0_F0 C_A06_S0_F1 C_A06_S0_F2
08/17/26 01:12:01 ---------------------- Node ----------------------
08/17/26 01:12:01       Node Name: P_A06_S1
08/17/26 01:12:01            Noop: false
08/17/26 01:12:01          NodeID: 196
08/17/26 01:12:01     Node Status: STATUS_ERROR    
08/17/26 01:12:01 Node return val: 1
08/17/26 01:12:01           Error: Job proc (6053052.0.0) failed with status 1
08/17/26 01:12:01 Job Submit File: /afs/cern.ch/user/c/cglenn/FCCWork/whizard/whizard_ttbar_spinpol/phase11_diagnostics/excess_weight_rootcause_v1/ttbar_restricted_region_suite_v1/restricted/submissions/20260816T230807Z_WT_A15xS8_F012_FCC_np1/adaptive_parent.sub
08/17/26 01:12:01  HTCondor Job ID: (6053052.0.0)
08/17/26 01:12:01 PARENTS:  WAITING: 0 CHILDREN: C_A06_S1_F0 C_A06_S1_F1 C_A06_S1_F2
08/17/26 01:12:01 ---------------------- Node ----------------------
08/17/26 01:12:01       Node Name: P_A06_S2
08/17/26 01:12:01            Noop: false
08/17/26 01:12:01          NodeID: 200
08/17/26 01:12:01     Node Status: STATUS_ERROR    
08/17/26 01:12:01 Node return val: 1
08/17/26 01:12:01           Error: Job proc (6053053.0.0) failed with status 1
08/17/26 01:12:01 Job Submit File: /afs/cern.ch/user/c/cglenn/FCCWork/whizard/whizard_ttbar_spinpol/phase11_diagnostics/excess_weight_rootcause_v1/ttbar_restricted_region_suite_v1/restricted/submissions/20260816T230807Z_WT_A15xS8_F012_FCC_np1/adaptive_parent.sub
08/17/26 01:12:01  HTCondor Job ID: (6053053.0.0)
08/17/26 01:12:01 PARENTS:  WAITING: 0 CHILDREN: C_A06_S2_F0 C_A06_S2_F1 C_A06_S2_F2
08/17/26 01:12:01 ---------------------- Node ----------------------
08/17/26 01:12:01       Node Name: P_A06_S3
08/17/26 01:12:01            Noop: false
08/17/26 01:12:01          NodeID: 204
08/17/26 01:12:01     Node Status: STATUS_ERROR    
08/17/26 01:12:01 Node return val: 1
08/17/26 01:12:01           Error: Job proc (6053054.0.0) failed with status 1
08/17/26 01:12:01 Job Submit File: /afs/cern.ch/user/c/cglenn/FCCWork/whizard/whizard_ttbar_spinpol/phase11_diagnostics/excess_weight_rootcause_v1/ttbar_restricted_region_suite_v1/restricted/submissions/20260816T230807Z_WT_A15xS8_F012_FCC_np1/adaptive_parent.sub
08/17/26 01:12:01  HTCondor Job ID: (6053054.0.0)
08/17/26 01:12:01 PARENTS:  WAITING: 0 CHILDREN: C_A06_S3_F0 C_A06_S3_F1 C_A06_S3_F2
08/17/26 01:12:01 ---------------------- Node ----------------------
08/17/26 01:12:01       Node Name: P_A06_S4
08/17/26 01:12:01            Noop: false
08/17/26 01:12:01          NodeID: 208
08/17/26 01:12:01     Node Status: STATUS_ERROR    
08/17/26 01:12:01 Node return val: 1
08/17/26 01:12:01           Error: Job proc (6053055.0.0) failed with status 1
08/17/26 01:12:01 Job Submit File: /afs/cern.ch/user/c/cglenn/FCCWork/whizard/whizard_ttbar_spinpol/phase11_diagnostics/excess_weight_rootcause_v1/ttbar_restricted_region_suite_v1/restricted/submissions/20260816T230807Z_WT_A15xS8_F012_FCC_np1/adaptive_parent.sub
08/17/26 01:12:01  HTCondor Job ID: (6053055.0.0)
08/17/26 01:12:01 PARENTS:  WAITING: 0 CHILDREN: C_A06_S4_F0 C_A06_S4_F1 C_A06_S4_F2
08/17/26 01:12:01 ---------------------- Node ----------------------
08/17/26 01:12:01       Node Name: P_A06_S5
08/17/26 01:12:01            Noop: false
08/17/26 01:12:01          NodeID: 212
08/17/26 01:12:01     Node Status: STATUS_ERROR    
08/17/26 01:12:01 Node return val: 1
08/17/26 01:12:01           Error: Job proc (6053056.0.0) failed with status 1
08/17/26 01:12:01 Job Submit File: /afs/cern.ch/user/c/cglenn/FCCWork/whizard/whizard_ttbar_spinpol/phase11_diagnostics/excess_weight_rootcause_v1/ttbar_restricted_region_suite_v1/restricted/submissions/20260816T230807Z_WT_A15xS8_F012_FCC_np1/adaptive_parent.sub
08/17/26 01:12:01  HTCondor Job ID: (6053056.0.0)
08/17/26 01:12:01 PARENTS:  WAITING: 0 CHILDREN: C_A06_S5_F0 C_A06_S5_F1 C_A06_S5_F2
08/17/26 01:12:01 ---------------------- Node ----------------------
08/17/26 01:12:01       Node Name: P_A06_S6
08/17/26 01:12:01            Noop: false
08/17/26 01:12:01          NodeID: 216
08/17/26 01:12:01     Node Status: STATUS_ERROR    
08/17/26 01:12:01 Node return val: 1
08/17/26 01:12:01           Error: Job proc (6053057.0.0) failed with status 1
08/17/26 01:12:01 Job Submit File: /afs/cern.ch/user/c/cglenn/FCCWork/whizard/whizard_ttbar_spinpol/phase11_diagnostics/excess_weight_rootcause_v1/ttbar_restricted_region_suite_v1/restricted/submissions/20260816T230807Z_WT_A15xS8_F012_FCC_np1/adaptive_parent.sub
08/17/26 01:12:01  HTCondor Job ID: (6053057.0.0)
08/17/26 01:12:01 PARENTS:  WAITING: 0 CHILDREN: C_A06_S6_F0 C_A06_S6_F1 C_A06_S6_F2
08/17/26 01:12:01 ---------------------- Node ----------------------
08/17/26 01:12:01       Node Name: P_A06_S7
08/17/26 01:12:01            Noop: false
08/17/26 01:12:01          NodeID: 220
08/17/26 01:12:01     Node Status: STATUS_ERROR    
08/17/26 01:12:01 Node return val: 1
08/17/26 01:12:01           Error: Job proc (6053058.0.0) failed with status 1
08/17/26 01:12:01 Job Submit File: /afs/cern.ch/user/c/cglenn/FCCWork/whizard/whizard_ttbar_spinpol/phase11_diagnostics/excess_weight_rootcause_v1/ttbar_restricted_region_suite_v1/restricted/submissions/20260816T230807Z_WT_A15xS8_F012_FCC_np1/adaptive_parent.sub
08/17/26 01:12:01  HTCondor Job ID: (6053058.0.0)
08/17/26 01:12:01 PARENTS:  WAITING: 0 CHILDREN: C_A06_S7_F0 C_A06_S7_F1 C_A06_S7_F2
08/17/26 01:12:01 ---------------------- Node ----------------------
08/17/26 01:12:01       Node Name: P_A07_S0
08/17/26 01:12:01            Noop: false
08/17/26 01:12:01          NodeID: 224
08/17/26 01:12:01     Node Status: STATUS_ERROR    
08/17/26 01:12:01 Node return val: 1
08/17/26 01:12:01           Error: Job proc (6053059.0.0) failed with status 1
08/17/26 01:12:01 Job Submit File: /afs/cern.ch/user/c/cglenn/FCCWork/whizard/whizard_ttbar_spinpol/phase11_diagnostics/excess_weight_rootcause_v1/ttbar_restricted_region_suite_v1/restricted/submissions/20260816T230807Z_WT_A15xS8_F012_FCC_np1/adaptive_parent.sub
08/17/26 01:12:01  HTCondor Job ID: (6053059.0.0)
08/17/26 01:12:01 PARENTS:  WAITING: 0 CHILDREN: C_A07_S0_F0 C_A07_S0_F1 C_A07_S0_F2 C_A07_S0_F3
08/17/26 01:12:01 ---------------------- Node ----------------------
08/17/26 01:12:01       Node Name: P_A07_S1
08/17/26 01:12:01            Noop: false
08/17/26 01:12:01          NodeID: 229
08/17/26 01:12:01     Node Status: STATUS_ERROR    
08/17/26 01:12:01 Node return val: 1
08/17/26 01:12:01           Error: Job proc (6053060.0.0) failed with status 1
08/17/26 01:12:01 Job Submit File: /afs/cern.ch/user/c/cglenn/FCCWork/whizard/whizard_ttbar_spinpol/phase11_diagnostics/excess_weight_rootcause_v1/ttbar_restricted_region_suite_v1/restricted/submissions/20260816T230807Z_WT_A15xS8_F012_FCC_np1/adaptive_parent.sub
08/17/26 01:12:01  HTCondor Job ID: (6053060.0.0)
08/17/26 01:12:01 PARENTS:  WAITING: 0 CHILDREN: C_A07_S1_F0 C_A07_S1_F1 C_A07_S1_F2 C_A07_S1_F3
08/17/26 01:12:01 ---------------------- Node ----------------------
08/17/26 01:12:01       Node Name: P_A07_S2
08/17/26 01:12:01            Noop: false
08/17/26 01:12:02          NodeID: 234
08/17/26 01:12:02     Node Status: STATUS_ERROR    
08/17/26 01:12:02 Node return val: 1
08/17/26 01:12:02           Error: Job proc (6053061.0.0) failed with status 1
08/17/26 01:12:02 Job Submit File: /afs/cern.ch/user/c/cglenn/FCCWork/whizard/whizard_ttbar_spinpol/phase11_diagnostics/excess_weight_rootcause_v1/ttbar_restricted_region_suite_v1/restricted/submissions/20260816T230807Z_WT_A15xS8_F012_FCC_np1/adaptive_parent.sub
08/17/26 01:12:02  HTCondor Job ID: (6053061.0.0)
08/17/26 01:12:02 PARENTS:  WAITING: 0 CHILDREN: C_A07_S2_F0 C_A07_S2_F1 C_A07_S2_F2 C_A07_S2_F3
08/17/26 01:12:02 ---------------------- Node ----------------------
08/17/26 01:12:02       Node Name: P_A07_S3
08/17/26 01:12:02            Noop: false
08/17/26 01:12:02          NodeID: 239
08/17/26 01:12:02     Node Status: STATUS_ERROR    
08/17/26 01:12:02 Node return val: 1
08/17/26 01:12:02           Error: Job proc (6053062.0.0) failed with status 1
08/17/26 01:12:02 Job Submit File: /afs/cern.ch/user/c/cglenn/FCCWork/whizard/whizard_ttbar_spinpol/phase11_diagnostics/excess_weight_rootcause_v1/ttbar_restricted_region_suite_v1/restricted/submissions/20260816T230807Z_WT_A15xS8_F012_FCC_np1/adaptive_parent.sub
08/17/26 01:12:02  HTCondor Job ID: (6053062.0.0)
08/17/26 01:12:02 PARENTS:  WAITING: 0 CHILDREN: C_A07_S3_F0 C_A07_S3_F1 C_A07_S3_F2 C_A07_S3_F3
08/17/26 01:12:02 ---------------------- Node ----------------------
08/17/26 01:12:02       Node Name: P_A07_S4
08/17/26 01:12:02            Noop: false
08/17/26 01:12:02          NodeID: 244
08/17/26 01:12:02     Node Status: STATUS_ERROR    
08/17/26 01:12:02 Node return val: 1
08/17/26 01:12:02           Error: Job proc (6053063.0.0) failed with status 1
08/17/26 01:12:02 Job Submit File: /afs/cern.ch/user/c/cglenn/FCCWork/whizard/whizard_ttbar_spinpol/phase11_diagnostics/excess_weight_rootcause_v1/ttbar_restricted_region_suite_v1/restricted/submissions/20260816T230807Z_WT_A15xS8_F012_FCC_np1/adaptive_parent.sub
08/17/26 01:12:02  HTCondor Job ID: (6053063.0.0)
08/17/26 01:12:02 PARENTS:  WAITING: 0 CHILDREN: C_A07_S4_F0 C_A07_S4_F1 C_A07_S4_F2 C_A07_S4_F3
08/17/26 01:12:02 ---------------------- Node ----------------------
08/17/26 01:12:02       Node Name: P_A07_S5
08/17/26 01:12:02            Noop: false
08/17/26 01:12:02          NodeID: 249
08/17/26 01:12:02     Node Status: STATUS_ERROR    
08/17/26 01:12:02 Node return val: 1
08/17/26 01:12:02           Error: Job proc (6053064.0.0) failed with status 1
08/17/26 01:12:02 Job Submit File: /afs/cern.ch/user/c/cglenn/FCCWork/whizard/whizard_ttbar_spinpol/phase11_diagnostics/excess_weight_rootcause_v1/ttbar_restricted_region_suite_v1/restricted/submissions/20260816T230807Z_WT_A15xS8_F012_FCC_np1/adaptive_parent.sub
08/17/26 01:12:02  HTCondor Job ID: (6053064.0.0)
08/17/26 01:12:02 PARENTS:  WAITING: 0 CHILDREN: C_A07_S5_F0 C_A07_S5_F1 C_A07_S5_F2 C_A07_S5_F3
08/17/26 01:12:02 ---------------------- Node ----------------------
08/17/26 01:12:02       Node Name: P_A07_S6
08/17/26 01:12:02            Noop: false
08/17/26 01:12:02          NodeID: 254
08/17/26 01:12:02     Node Status: STATUS_ERROR    
08/17/26 01:12:02 Node return val: 1
08/17/26 01:12:02           Error: Job proc (6053065.0.0) failed with status 1
08/17/26 01:12:02 Job Submit File: /afs/cern.ch/user/c/cglenn/FCCWork/whizard/whizard_ttbar_spinpol/phase11_diagnostics/excess_weight_rootcause_v1/ttbar_restricted_region_suite_v1/restricted/submissions/20260816T230807Z_WT_A15xS8_F012_FCC_np1/adaptive_parent.sub
08/17/26 01:12:02  HTCondor Job ID: (6053065.0.0)
08/17/26 01:12:02 PARENTS:  WAITING: 0 CHILDREN: C_A07_S6_F0 C_A07_S6_F1 C_A07_S6_F2 C_A07_S6_F3
08/17/26 01:12:02 ---------------------- Node ----------------------
08/17/26 01:12:02       Node Name: P_A07_S7
08/17/26 01:12:02            Noop: false
08/17/26 01:12:02          NodeID: 259
08/17/26 01:12:02     Node Status: STATUS_ERROR    
08/17/26 01:12:02 Node return val: 1
08/17/26 01:12:02           Error: Job proc (6053066.0.0) failed with status 1
08/17/26 01:12:02 Job Submit File: /afs/cern.ch/user/c/cglenn/FCCWork/whizard/whizard_ttbar_spinpol/phase11_diagnostics/excess_weight_rootcause_v1/ttbar_restricted_region_suite_v1/restricted/submissions/20260816T230807Z_WT_A15xS8_F012_FCC_np1/adaptive_parent.sub
08/17/26 01:12:02  HTCondor Job ID: (6053066.0.0)
08/17/26 01:12:02 PARENTS:  WAITING: 0 CHILDREN: C_A07_S7_F0 C_A07_S7_F1 C_A07_S7_F2 C_A07_S7_F3
08/17/26 01:12:02 ---------------------- Node ----------------------
08/17/26 01:12:02       Node Name: P_A08_S0
08/17/26 01:12:02            Noop: false
08/17/26 01:12:02          NodeID: 264
08/17/26 01:12:02     Node Status: STATUS_ERROR    
08/17/26 01:12:02 Node return val: 1
08/17/26 01:12:02           Error: Job proc (6053067.0.0) failed with status 1
08/17/26 01:12:02 Job Submit File: /afs/cern.ch/user/c/cglenn/FCCWork/whizard/whizard_ttbar_spinpol/phase11_diagnostics/excess_weight_rootcause_v1/ttbar_restricted_region_suite_v1/restricted/submissions/20260816T230807Z_WT_A15xS8_F012_FCC_np1/adaptive_parent.sub
08/17/26 01:12:02  HTCondor Job ID: (6053067.0.0)
08/17/26 01:12:02 PARENTS:  WAITING: 0 CHILDREN: C_A08_S0_F0 C_A08_S0_F1 C_A08_S0_F2
08/17/26 01:12:02 ---------------------- Node ----------------------
08/17/26 01:12:02       Node Name: P_A08_S1
08/17/26 01:12:02            Noop: false
08/17/26 01:12:02          NodeID: 268
08/17/26 01:12:02     Node Status: STATUS_ERROR    
08/17/26 01:12:02 Node return val: 1
08/17/26 01:12:02           Error: Job proc (6053068.0.0) failed with status 1
08/17/26 01:12:02 Job Submit File: /afs/cern.ch/user/c/cglenn/FCCWork/whizard/whizard_ttbar_spinpol/phase11_diagnostics/excess_weight_rootcause_v1/ttbar_restricted_region_suite_v1/restricted/submissions/20260816T230807Z_WT_A15xS8_F012_FCC_np1/adaptive_parent.sub
08/17/26 01:12:02  HTCondor Job ID: (6053068.0.0)
08/17/26 01:12:02 PARENTS:  WAITING: 0 CHILDREN: C_A08_S1_F0 C_A08_S1_F1 C_A08_S1_F2
08/17/26 01:12:02 ---------------------- Node ----------------------
08/17/26 01:12:02       Node Name: P_A08_S2
08/17/26 01:12:02            Noop: false
08/17/26 01:12:02          NodeID: 272
08/17/26 01:12:02     Node Status: STATUS_ERROR    
08/17/26 01:12:02 Node return val: 1
08/17/26 01:12:02           Error: Job proc (6053069.0.0) failed with status 1
08/17/26 01:12:02 Job Submit File: /afs/cern.ch/user/c/cglenn/FCCWork/whizard/whizard_ttbar_spinpol/phase11_diagnostics/excess_weight_rootcause_v1/ttbar_restricted_region_suite_v1/restricted/submissions/20260816T230807Z_WT_A15xS8_F012_FCC_np1/adaptive_parent.sub
08/17/26 01:12:02  HTCondor Job ID: (6053069.0.0)
08/17/26 01:12:02 PARENTS:  WAITING: 0 CHILDREN: C_A08_S2_F0 C_A08_S2_F1 C_A08_S2_F2
08/17/26 01:12:02 ---------------------- Node ----------------------
08/17/26 01:12:02       Node Name: P_A08_S3
08/17/26 01:12:02            Noop: false
08/17/26 01:12:02          NodeID: 276
08/17/26 01:12:02     Node Status: STATUS_ERROR    
08/17/26 01:12:02 Node return val: 1
08/17/26 01:12:02           Error: Job proc (6053070.0.0) failed with status 1
08/17/26 01:12:02 Job Submit File: /afs/cern.ch/user/c/cglenn/FCCWork/whizard/whizard_ttbar_spinpol/phase11_diagnostics/excess_weight_rootcause_v1/ttbar_restricted_region_suite_v1/restricted/submissions/20260816T230807Z_WT_A15xS8_F012_FCC_np1/adaptive_parent.sub
08/17/26 01:12:02  HTCondor Job ID: (6053070.0.0)
08/17/26 01:12:02 PARENTS:  WAITING: 0 CHILDREN: C_A08_S3_F0 C_A08_S3_F1 C_A08_S3_F2
08/17/26 01:12:02 ---------------------- Node ----------------------
08/17/26 01:12:02       Node Name: P_A08_S4
08/17/26 01:12:02            Noop: false
08/17/26 01:12:02          NodeID: 280
08/17/26 01:12:02     Node Status: STATUS_ERROR    
08/17/26 01:12:02 Node return val: 1
08/17/26 01:12:03           Error: Job proc (6053071.0.0) failed with status 1
08/17/26 01:12:03 Job Submit File: /afs/cern.ch/user/c/cglenn/FCCWork/whizard/whizard_ttbar_spinpol/phase11_diagnostics/excess_weight_rootcause_v1/ttbar_restricted_region_suite_v1/restricted/submissions/20260816T230807Z_WT_A15xS8_F012_FCC_np1/adaptive_parent.sub
08/17/26 01:12:03  HTCondor Job ID: (6053071.0.0)
08/17/26 01:12:03 PARENTS:  WAITING: 0 CHILDREN: C_A08_S4_F0 C_A08_S4_F1 C_A08_S4_F2
08/17/26 01:12:03 ---------------------- Node ----------------------
08/17/26 01:12:03       Node Name: P_A08_S5
08/17/26 01:12:03            Noop: false
08/17/26 01:12:03          NodeID: 284
08/17/26 01:12:03     Node Status: STATUS_ERROR    
08/17/26 01:12:03 Node return val: 1
08/17/26 01:12:03           Error: Job proc (6053072.0.0) failed with status 1
08/17/26 01:12:03 Job Submit File: /afs/cern.ch/user/c/cglenn/FCCWork/whizard/whizard_ttbar_spinpol/phase11_diagnostics/excess_weight_rootcause_v1/ttbar_restricted_region_suite_v1/restricted/submissions/20260816T230807Z_WT_A15xS8_F012_FCC_np1/adaptive_parent.sub
08/17/26 01:12:03  HTCondor Job ID: (6053072.0.0)
08/17/26 01:12:03 PARENTS:  WAITING: 0 CHILDREN: C_A08_S5_F0 C_A08_S5_F1 C_A08_S5_F2
08/17/26 01:12:03 ---------------------- Node ----------------------
08/17/26 01:12:03       Node Name: P_A08_S6
08/17/26 01:12:03            Noop: false
08/17/26 01:12:03          NodeID: 288
08/17/26 01:12:03     Node Status: STATUS_ERROR    
08/17/26 01:12:03 Node return val: 1
08/17/26 01:12:03           Error: Job proc (6053073.0.0) failed with status 1
08/17/26 01:12:03 Job Submit File: /afs/cern.ch/user/c/cglenn/FCCWork/whizard/whizard_ttbar_spinpol/phase11_diagnostics/excess_weight_rootcause_v1/ttbar_restricted_region_suite_v1/restricted/submissions/20260816T230807Z_WT_A15xS8_F012_FCC_np1/adaptive_parent.sub
08/17/26 01:12:03  HTCondor Job ID: (6053073.0.0)
08/17/26 01:12:03 PARENTS:  WAITING: 0 CHILDREN: C_A08_S6_F0 C_A08_S6_F1 C_A08_S6_F2
08/17/26 01:12:03 ---------------------- Node ----------------------
08/17/26 01:12:03       Node Name: P_A08_S7
08/17/26 01:12:03            Noop: false
08/17/26 01:12:03          NodeID: 292
08/17/26 01:12:03     Node Status: STATUS_ERROR    
08/17/26 01:12:03 Node return val: 1
08/17/26 01:12:03           Error: Job proc (6053074.0.0) failed with status 1
08/17/26 01:12:03 Job Submit File: /afs/cern.ch/user/c/cglenn/FCCWork/whizard/whizard_ttbar_spinpol/phase11_diagnostics/excess_weight_rootcause_v1/ttbar_restricted_region_suite_v1/restricted/submissions/20260816T230807Z_WT_A15xS8_F012_FCC_np1/adaptive_parent.sub
08/17/26 01:12:03  HTCondor Job ID: (6053074.0.0)
08/17/26 01:12:03 PARENTS:  WAITING: 0 CHILDREN: C_A08_S7_F0 C_A08_S7_F1 C_A08_S7_F2
08/17/26 01:12:03 ---------------------- Node ----------------------
08/17/26 01:12:03       Node Name: P_A09_S0
08/17/26 01:12:03            Noop: false
08/17/26 01:12:03          NodeID: 296
08/17/26 01:12:03     Node Status: STATUS_ERROR    
08/17/26 01:12:03 Node return val: 1
08/17/26 01:12:03           Error: Job proc (6053075.0.0) failed with status 1
08/17/26 01:12:03 Job Submit File: /afs/cern.ch/user/c/cglenn/FCCWork/whizard/whizard_ttbar_spinpol/phase11_diagnostics/excess_weight_rootcause_v1/ttbar_restricted_region_suite_v1/restricted/submissions/20260816T230807Z_WT_A15xS8_F012_FCC_np1/adaptive_parent.sub
08/17/26 01:12:03  HTCondor Job ID: (6053075.0.0)
08/17/26 01:12:03 PARENTS:  WAITING: 0 CHILDREN: C_A09_S0_F0 C_A09_S0_F1 C_A09_S0_F2
08/17/26 01:12:03 ---------------------- Node ----------------------
08/17/26 01:12:03       Node Name: P_A09_S1
08/17/26 01:12:03            Noop: false
08/17/26 01:12:03          NodeID: 300
08/17/26 01:12:03     Node Status: STATUS_ERROR    
08/17/26 01:12:03 Node return val: 1
08/17/26 01:12:03           Error: Job proc (6053076.0.0) failed with status 1
08/17/26 01:12:03 Job Submit File: /afs/cern.ch/user/c/cglenn/FCCWork/whizard/whizard_ttbar_spinpol/phase11_diagnostics/excess_weight_rootcause_v1/ttbar_restricted_region_suite_v1/restricted/submissions/20260816T230807Z_WT_A15xS8_F012_FCC_np1/adaptive_parent.sub
08/17/26 01:12:03  HTCondor Job ID: (6053076.0.0)
08/17/26 01:12:03 PARENTS:  WAITING: 0 CHILDREN: C_A09_S1_F0 C_A09_S1_F1 C_A09_S1_F2
08/17/26 01:12:03 ---------------------- Node ----------------------
08/17/26 01:12:03       Node Name: P_A09_S2
08/17/26 01:12:03            Noop: false
08/17/26 01:12:03          NodeID: 304
08/17/26 01:12:03     Node Status: STATUS_ERROR    
08/17/26 01:12:03 Node return val: 1
08/17/26 01:12:03           Error: Job proc (6053077.0.0) failed with status 1
08/17/26 01:12:03 Job Submit File: /afs/cern.ch/user/c/cglenn/FCCWork/whizard/whizard_ttbar_spinpol/phase11_diagnostics/excess_weight_rootcause_v1/ttbar_restricted_region_suite_v1/restricted/submissions/20260816T230807Z_WT_A15xS8_F012_FCC_np1/adaptive_parent.sub
08/17/26 01:12:03  HTCondor Job ID: (6053077.0.0)
08/17/26 01:12:03 PARENTS:  WAITING: 0 CHILDREN: C_A09_S2_F0 C_A09_S2_F1 C_A09_S2_F2
08/17/26 01:12:03 ---------------------- Node ----------------------
08/17/26 01:12:03       Node Name: P_A09_S3
08/17/26 01:12:03            Noop: false
08/17/26 01:12:03          NodeID: 308
08/17/26 01:12:03     Node Status: STATUS_ERROR    
08/17/26 01:12:03 Node return val: 1
08/17/26 01:12:03           Error: Job proc (6053078.0.0) failed with status 1
08/17/26 01:12:03 Job Submit File: /afs/cern.ch/user/c/cglenn/FCCWork/whizard/whizard_ttbar_spinpol/phase11_diagnostics/excess_weight_rootcause_v1/ttbar_restricted_region_suite_v1/restricted/submissions/20260816T230807Z_WT_A15xS8_F012_FCC_np1/adaptive_parent.sub
08/17/26 01:12:03  HTCondor Job ID: (6053078.0.0)
08/17/26 01:12:03 PARENTS:  WAITING: 0 CHILDREN: C_A09_S3_F0 C_A09_S3_F1 C_A09_S3_F2
08/17/26 01:12:03 ---------------------- Node ----------------------
08/17/26 01:12:03       Node Name: P_A09_S4
08/17/26 01:12:03            Noop: false
08/17/26 01:12:03          NodeID: 312
08/17/26 01:12:03     Node Status: STATUS_ERROR    
08/17/26 01:12:03 Node return val: 1
08/17/26 01:12:03           Error: Job proc (6053079.0.0) failed with status 1
08/17/26 01:12:03 Job Submit File: /afs/cern.ch/user/c/cglenn/FCCWork/whizard/whizard_ttbar_spinpol/phase11_diagnostics/excess_weight_rootcause_v1/ttbar_restricted_region_suite_v1/restricted/submissions/20260816T230807Z_WT_A15xS8_F012_FCC_np1/adaptive_parent.sub
08/17/26 01:12:03  HTCondor Job ID: (6053079.0.0)
08/17/26 01:12:03 PARENTS:  WAITING: 0 CHILDREN: C_A09_S4_F0 C_A09_S4_F1 C_A09_S4_F2
08/17/26 01:12:03 ---------------------- Node ----------------------
08/17/26 01:12:03       Node Name: P_A09_S5
08/17/26 01:12:03            Noop: false
08/17/26 01:12:03          NodeID: 316
08/17/26 01:12:03     Node Status: STATUS_ERROR    
08/17/26 01:12:03 Node return val: 1
08/17/26 01:12:03           Error: Job proc (6053080.0.0) failed with status 1
08/17/26 01:12:03 Job Submit File: /afs/cern.ch/user/c/cglenn/FCCWork/whizard/whizard_ttbar_spinpol/phase11_diagnostics/excess_weight_rootcause_v1/ttbar_restricted_region_suite_v1/restricted/submissions/20260816T230807Z_WT_A15xS8_F012_FCC_np1/adaptive_parent.sub
08/17/26 01:12:03  HTCondor Job ID: (6053080.0.0)
08/17/26 01:12:03 PARENTS:  WAITING: 0 CHILDREN: C_A09_S5_F0 C_A09_S5_F1 C_A09_S5_F2
08/17/26 01:12:03 ---------------------- Node ----------------------
08/17/26 01:12:03       Node Name: P_A09_S6
08/17/26 01:12:03            Noop: false
08/17/26 01:12:03          NodeID: 320
08/17/26 01:12:03     Node Status: STATUS_ERROR    
08/17/26 01:12:03 Node return val: 1
08/17/26 01:12:04           Error: Job proc (6053081.0.0) failed with status 1
08/17/26 01:12:04 Job Submit File: /afs/cern.ch/user/c/cglenn/FCCWork/whizard/whizard_ttbar_spinpol/phase11_diagnostics/excess_weight_rootcause_v1/ttbar_restricted_region_suite_v1/restricted/submissions/20260816T230807Z_WT_A15xS8_F012_FCC_np1/adaptive_parent.sub
08/17/26 01:12:04  HTCondor Job ID: (6053081.0.0)
08/17/26 01:12:04 PARENTS:  WAITING: 0 CHILDREN: C_A09_S6_F0 C_A09_S6_F1 C_A09_S6_F2
08/17/26 01:12:04 ---------------------- Node ----------------------
08/17/26 01:12:04       Node Name: P_A09_S7
08/17/26 01:12:04            Noop: false
08/17/26 01:12:04          NodeID: 324
08/17/26 01:12:04     Node Status: STATUS_ERROR    
08/17/26 01:12:04 Node return val: 1
08/17/26 01:12:04           Error: Job proc (6053082.0.0) failed with status 1
08/17/26 01:12:04 Job Submit File: /afs/cern.ch/user/c/cglenn/FCCWork/whizard/whizard_ttbar_spinpol/phase11_diagnostics/excess_weight_rootcause_v1/ttbar_restricted_region_suite_v1/restricted/submissions/20260816T230807Z_WT_A15xS8_F012_FCC_np1/adaptive_parent.sub
08/17/26 01:12:04  HTCondor Job ID: (6053082.0.0)
08/17/26 01:12:04 PARENTS:  WAITING: 0 CHILDREN: C_A09_S7_F0 C_A09_S7_F1 C_A09_S7_F2
08/17/26 01:12:04 ---------------------- Node ----------------------
08/17/26 01:12:04       Node Name: P_A10_S0
08/17/26 01:12:04            Noop: false
08/17/26 01:12:04          NodeID: 328
08/17/26 01:12:04     Node Status: STATUS_ERROR    
08/17/26 01:12:04 Node return val: 1
08/17/26 01:12:04           Error: Job proc (6053083.0.0) failed with status 1
08/17/26 01:12:04 Job Submit File: /afs/cern.ch/user/c/cglenn/FCCWork/whizard/whizard_ttbar_spinpol/phase11_diagnostics/excess_weight_rootcause_v1/ttbar_restricted_region_suite_v1/restricted/submissions/20260816T230807Z_WT_A15xS8_F012_FCC_np1/adaptive_parent.sub
08/17/26 01:12:04  HTCondor Job ID: (6053083.0.0)
08/17/26 01:12:04 PARENTS:  WAITING: 0 CHILDREN: C_A10_S0_F0 C_A10_S0_F1 C_A10_S0_F2
08/17/26 01:12:04 ---------------------- Node ----------------------
08/17/26 01:12:04       Node Name: P_A10_S1
08/17/26 01:12:04            Noop: false
08/17/26 01:12:04          NodeID: 332
08/17/26 01:12:04     Node Status: STATUS_ERROR    
08/17/26 01:12:04 Node return val: 1
08/17/26 01:12:04           Error: Job proc (6053084.0.0) failed with status 1
08/17/26 01:12:04 Job Submit File: /afs/cern.ch/user/c/cglenn/FCCWork/whizard/whizard_ttbar_spinpol/phase11_diagnostics/excess_weight_rootcause_v1/ttbar_restricted_region_suite_v1/restricted/submissions/20260816T230807Z_WT_A15xS8_F012_FCC_np1/adaptive_parent.sub
08/17/26 01:12:04  HTCondor Job ID: (6053084.0.0)
08/17/26 01:12:04 PARENTS:  WAITING: 0 CHILDREN: C_A10_S1_F0 C_A10_S1_F1 C_A10_S1_F2
08/17/26 01:12:04 ---------------------- Node ----------------------
08/17/26 01:12:04       Node Name: P_A10_S2
08/17/26 01:12:04            Noop: false
08/17/26 01:12:04          NodeID: 336
08/17/26 01:12:04     Node Status: STATUS_ERROR    
08/17/26 01:12:04 Node return val: 1
08/17/26 01:12:04           Error: Job proc (6053085.0.0) failed with status 1
08/17/26 01:12:04 Job Submit File: /afs/cern.ch/user/c/cglenn/FCCWork/whizard/whizard_ttbar_spinpol/phase11_diagnostics/excess_weight_rootcause_v1/ttbar_restricted_region_suite_v1/restricted/submissions/20260816T230807Z_WT_A15xS8_F012_FCC_np1/adaptive_parent.sub
08/17/26 01:12:04  HTCondor Job ID: (6053085.0.0)
08/17/26 01:12:04 PARENTS:  WAITING: 0 CHILDREN: C_A10_S2_F0 C_A10_S2_F1 C_A10_S2_F2
08/17/26 01:12:04 ---------------------- Node ----------------------
08/17/26 01:12:04       Node Name: P_A10_S3
08/17/26 01:12:04            Noop: false
08/17/26 01:12:04          NodeID: 340
08/17/26 01:12:04     Node Status: STATUS_ERROR    
08/17/26 01:12:04 Node return val: 1
08/17/26 01:12:04           Error: Job proc (6053086.0.0) failed with status 1
08/17/26 01:12:04 Job Submit File: /afs/cern.ch/user/c/cglenn/FCCWork/whizard/whizard_ttbar_spinpol/phase11_diagnostics/excess_weight_rootcause_v1/ttbar_restricted_region_suite_v1/restricted/submissions/20260816T230807Z_WT_A15xS8_F012_FCC_np1/adaptive_parent.sub
08/17/26 01:12:04  HTCondor Job ID: (6053086.0.0)
08/17/26 01:12:04 PARENTS:  WAITING: 0 CHILDREN: C_A10_S3_F0 C_A10_S3_F1 C_A10_S3_F2
08/17/26 01:12:04 ---------------------- Node ----------------------
08/17/26 01:12:04       Node Name: P_A10_S4
08/17/26 01:12:04            Noop: false
08/17/26 01:12:04          NodeID: 344
08/17/26 01:12:04     Node Status: STATUS_ERROR    
08/17/26 01:12:04 Node return val: 1
08/17/26 01:12:04           Error: Job proc (6053087.0.0) failed with status 1
08/17/26 01:12:04 Job Submit File: /afs/cern.ch/user/c/cglenn/FCCWork/whizard/whizard_ttbar_spinpol/phase11_diagnostics/excess_weight_rootcause_v1/ttbar_restricted_region_suite_v1/restricted/submissions/20260816T230807Z_WT_A15xS8_F012_FCC_np1/adaptive_parent.sub
08/17/26 01:12:04  HTCondor Job ID: (6053087.0.0)
08/17/26 01:12:04 PARENTS:  WAITING: 0 CHILDREN: C_A10_S4_F0 C_A10_S4_F1 C_A10_S4_F2
08/17/26 01:12:04 ---------------------- Node ----------------------
08/17/26 01:12:04       Node Name: P_A10_S5
08/17/26 01:12:04            Noop: false
08/17/26 01:12:04          NodeID: 348
08/17/26 01:12:04     Node Status: STATUS_ERROR    
08/17/26 01:12:04 Node return val: 1
08/17/26 01:12:04           Error: Job proc (6053088.0.0) failed with status 1
08/17/26 01:12:04 Job Submit File: /afs/cern.ch/user/c/cglenn/FCCWork/whizard/whizard_ttbar_spinpol/phase11_diagnostics/excess_weight_rootcause_v1/ttbar_restricted_region_suite_v1/restricted/submissions/20260816T230807Z_WT_A15xS8_F012_FCC_np1/adaptive_parent.sub
08/17/26 01:12:04  HTCondor Job ID: (6053088.0.0)
08/17/26 01:12:04 PARENTS:  WAITING: 0 CHILDREN: C_A10_S5_F0 C_A10_S5_F1 C_A10_S5_F2
08/17/26 01:12:04 ---------------------- Node ----------------------
08/17/26 01:12:04       Node Name: P_A10_S6
08/17/26 01:12:04            Noop: false
08/17/26 01:12:04          NodeID: 352
08/17/26 01:12:04     Node Status: STATUS_ERROR    
08/17/26 01:12:04 Node return val: 1
08/17/26 01:12:04           Error: Job proc (6053089.0.0) failed with status 1
08/17/26 01:12:04 Job Submit File: /afs/cern.ch/user/c/cglenn/FCCWork/whizard/whizard_ttbar_spinpol/phase11_diagnostics/excess_weight_rootcause_v1/ttbar_restricted_region_suite_v1/restricted/submissions/20260816T230807Z_WT_A15xS8_F012_FCC_np1/adaptive_parent.sub
08/17/26 01:12:04  HTCondor Job ID: (6053089.0.0)
08/17/26 01:12:04 PARENTS:  WAITING: 0 CHILDREN: C_A10_S6_F0 C_A10_S6_F1 C_A10_S6_F2
08/17/26 01:12:04 ---------------------- Node ----------------------
08/17/26 01:12:04       Node Name: P_A10_S7
08/17/26 01:12:04            Noop: false
08/17/26 01:12:04          NodeID: 356
08/17/26 01:12:04     Node Status: STATUS_ERROR    
08/17/26 01:12:04 Node return val: 1
08/17/26 01:12:04           Error: Job proc (6053090.0.0) failed with status 1
08/17/26 01:12:04 Job Submit File: /afs/cern.ch/user/c/cglenn/FCCWork/whizard/whizard_ttbar_spinpol/phase11_diagnostics/excess_weight_rootcause_v1/ttbar_restricted_region_suite_v1/restricted/submissions/20260816T230807Z_WT_A15xS8_F012_FCC_np1/adaptive_parent.sub
08/17/26 01:12:04  HTCondor Job ID: (6053090.0.0)
08/17/26 01:12:04 PARENTS:  WAITING: 0 CHILDREN: C_A10_S7_F0 C_A10_S7_F1 C_A10_S7_F2
08/17/26 01:12:05 ---------------------- Node ----------------------
08/17/26 01:12:05       Node Name: P_A11_S0
08/17/26 01:12:05            Noop: false
08/17/26 01:12:05          NodeID: 360
08/17/26 01:12:05     Node Status: STATUS_ERROR    
08/17/26 01:12:05 Node return val: 1
08/17/26 01:12:05           Error: Job proc (6053091.0.0) failed with status 1
08/17/26 01:12:05 Job Submit File: /afs/cern.ch/user/c/cglenn/FCCWork/whizard/whizard_ttbar_spinpol/phase11_diagnostics/excess_weight_rootcause_v1/ttbar_restricted_region_suite_v1/restricted/submissions/20260816T230807Z_WT_A15xS8_F012_FCC_np1/adaptive_parent.sub
08/17/26 01:12:05  HTCondor Job ID: (6053091.0.0)
08/17/26 01:12:05 PARENTS:  WAITING: 0 CHILDREN: C_A11_S0_F0 C_A11_S0_F1 C_A11_S0_F2
08/17/26 01:12:05 ---------------------- Node ----------------------
08/17/26 01:12:05       Node Name: P_A11_S1
08/17/26 01:12:05            Noop: false
08/17/26 01:12:05          NodeID: 364
08/17/26 01:12:05     Node Status: STATUS_ERROR    
08/17/26 01:12:05 Node return val: 1
08/17/26 01:12:05           Error: Job proc (6053092.0.0) failed with status 1
08/17/26 01:12:05 Job Submit File: /afs/cern.ch/user/c/cglenn/FCCWork/whizard/whizard_ttbar_spinpol/phase11_diagnostics/excess_weight_rootcause_v1/ttbar_restricted_region_suite_v1/restricted/submissions/20260816T230807Z_WT_A15xS8_F012_FCC_np1/adaptive_parent.sub
08/17/26 01:12:05  HTCondor Job ID: (6053092.0.0)
08/17/26 01:12:05 PARENTS:  WAITING: 0 CHILDREN: C_A11_S1_F0 C_A11_S1_F1 C_A11_S1_F2
08/17/26 01:12:05 ---------------------- Node ----------------------
08/17/26 01:12:05       Node Name: P_A11_S2
08/17/26 01:12:05            Noop: false
08/17/26 01:12:05          NodeID: 368
08/17/26 01:12:05     Node Status: STATUS_ERROR    
08/17/26 01:12:05 Node return val: 1
08/17/26 01:12:05           Error: Job proc (6053093.0.0) failed with status 1
08/17/26 01:12:05 Job Submit File: /afs/cern.ch/user/c/cglenn/FCCWork/whizard/whizard_ttbar_spinpol/phase11_diagnostics/excess_weight_rootcause_v1/ttbar_restricted_region_suite_v1/restricted/submissions/20260816T230807Z_WT_A15xS8_F012_FCC_np1/adaptive_parent.sub
08/17/26 01:12:05  HTCondor Job ID: (6053093.0.0)
08/17/26 01:12:05 PARENTS:  WAITING: 0 CHILDREN: C_A11_S2_F0 C_A11_S2_F1 C_A11_S2_F2
08/17/26 01:12:05 ---------------------- Node ----------------------
08/17/26 01:12:05       Node Name: P_A11_S3
08/17/26 01:12:05            Noop: false
08/17/26 01:12:05          NodeID: 372
08/17/26 01:12:05     Node Status: STATUS_ERROR    
08/17/26 01:12:05 Node return val: 1
08/17/26 01:12:05           Error: Job proc (6053094.0.0) failed with status 1
08/17/26 01:12:05 Job Submit File: /afs/cern.ch/user/c/cglenn/FCCWork/whizard/whizard_ttbar_spinpol/phase11_diagnostics/excess_weight_rootcause_v1/ttbar_restricted_region_suite_v1/restricted/submissions/20260816T230807Z_WT_A15xS8_F012_FCC_np1/adaptive_parent.sub
08/17/26 01:12:05  HTCondor Job ID: (6053094.0.0)
08/17/26 01:12:05 PARENTS:  WAITING: 0 CHILDREN: C_A11_S3_F0 C_A11_S3_F1 C_A11_S3_F2
08/17/26 01:12:05 ---------------------- Node ----------------------
08/17/26 01:12:05       Node Name: P_A11_S4
08/17/26 01:12:05            Noop: false
08/17/26 01:12:05          NodeID: 376
08/17/26 01:12:05     Node Status: STATUS_ERROR    
08/17/26 01:12:05 Node return val: 1
08/17/26 01:12:05           Error: Job proc (6053095.0.0) failed with status 1
08/17/26 01:12:05 Job Submit File: /afs/cern.ch/user/c/cglenn/FCCWork/whizard/whizard_ttbar_spinpol/phase11_diagnostics/excess_weight_rootcause_v1/ttbar_restricted_region_suite_v1/restricted/submissions/20260816T230807Z_WT_A15xS8_F012_FCC_np1/adaptive_parent.sub
08/17/26 01:12:05  HTCondor Job ID: (6053095.0.0)
08/17/26 01:12:05 PARENTS:  WAITING: 0 CHILDREN: C_A11_S4_F0 C_A11_S4_F1 C_A11_S4_F2
08/17/26 01:12:05 ---------------------- Node ----------------------
08/17/26 01:12:05       Node Name: P_A11_S5
08/17/26 01:12:05            Noop: false
08/17/26 01:12:05          NodeID: 380
08/17/26 01:12:05     Node Status: STATUS_ERROR    
08/17/26 01:12:05 Node return val: 1
08/17/26 01:12:05           Error: Job proc (6053096.0.0) failed with status 1
08/17/26 01:12:05 Job Submit File: /afs/cern.ch/user/c/cglenn/FCCWork/whizard/whizard_ttbar_spinpol/phase11_diagnostics/excess_weight_rootcause_v1/ttbar_restricted_region_suite_v1/restricted/submissions/20260816T230807Z_WT_A15xS8_F012_FCC_np1/adaptive_parent.sub
08/17/26 01:12:05  HTCondor Job ID: (6053096.0.0)
08/17/26 01:12:05 PARENTS:  WAITING: 0 CHILDREN: C_A11_S5_F0 C_A11_S5_F1 C_A11_S5_F2
08/17/26 01:12:05 ---------------------- Node ----------------------
08/17/26 01:12:05       Node Name: P_A11_S6
08/17/26 01:12:05            Noop: false
08/17/26 01:12:05          NodeID: 384
08/17/26 01:12:05     Node Status: STATUS_ERROR    
08/17/26 01:12:05 Node return val: 1
08/17/26 01:12:05           Error: Job proc (6053097.0.0) failed with status 1
08/17/26 01:12:05 Job Submit File: /afs/cern.ch/user/c/cglenn/FCCWork/whizard/whizard_ttbar_spinpol/phase11_diagnostics/excess_weight_rootcause_v1/ttbar_restricted_region_suite_v1/restricted/submissions/20260816T230807Z_WT_A15xS8_F012_FCC_np1/adaptive_parent.sub
08/17/26 01:12:05  HTCondor Job ID: (6053097.0.0)
08/17/26 01:12:05 PARENTS:  WAITING: 0 CHILDREN: C_A11_S6_F0 C_A11_S6_F1 C_A11_S6_F2
08/17/26 01:12:05 ---------------------- Node ----------------------
08/17/26 01:12:05       Node Name: P_A11_S7
08/17/26 01:12:05            Noop: false
08/17/26 01:12:05          NodeID: 388
08/17/26 01:12:05     Node Status: STATUS_ERROR    
08/17/26 01:12:05 Node return val: 1
08/17/26 01:12:05           Error: Job proc (6053098.0.0) failed with status 1
08/17/26 01:12:05 Job Submit File: /afs/cern.ch/user/c/cglenn/FCCWork/whizard/whizard_ttbar_spinpol/phase11_diagnostics/excess_weight_rootcause_v1/ttbar_restricted_region_suite_v1/restricted/submissions/20260816T230807Z_WT_A15xS8_F012_FCC_np1/adaptive_parent.sub
08/17/26 01:12:05  HTCondor Job ID: (6053098.0.0)
08/17/26 01:12:05 PARENTS:  WAITING: 0 CHILDREN: C_A11_S7_F0 C_A11_S7_F1 C_A11_S7_F2
08/17/26 01:12:05 ---------------------- Node ----------------------
08/17/26 01:12:05       Node Name: P_A12_S0
08/17/26 01:12:05            Noop: false
08/17/26 01:12:05          NodeID: 392
08/17/26 01:12:05     Node Status: STATUS_ERROR    
08/17/26 01:12:05 Node return val: 1
08/17/26 01:12:05           Error: Job proc (6053099.0.0) failed with status 1
08/17/26 01:12:05 Job Submit File: /afs/cern.ch/user/c/cglenn/FCCWork/whizard/whizard_ttbar_spinpol/phase11_diagnostics/excess_weight_rootcause_v1/ttbar_restricted_region_suite_v1/restricted/submissions/20260816T230807Z_WT_A15xS8_F012_FCC_np1/adaptive_parent.sub
08/17/26 01:12:05  HTCondor Job ID: (6053099.0.0)
08/17/26 01:12:05 PARENTS:  WAITING: 0 CHILDREN: C_A12_S0_F0 C_A12_S0_F1 C_A12_S0_F2
08/17/26 01:12:05 ---------------------- Node ----------------------
08/17/26 01:12:06       Node Name: P_A12_S1
08/17/26 01:12:06            Noop: false
08/17/26 01:12:06          NodeID: 396
08/17/26 01:12:06     Node Status: STATUS_ERROR    
08/17/26 01:12:06 Node return val: 1
08/17/26 01:12:06           Error: Job proc (6053100.0.0) failed with status 1
08/17/26 01:12:06 Job Submit File: /afs/cern.ch/user/c/cglenn/FCCWork/whizard/whizard_ttbar_spinpol/phase11_diagnostics/excess_weight_rootcause_v1/ttbar_restricted_region_suite_v1/restricted/submissions/20260816T230807Z_WT_A15xS8_F012_FCC_np1/adaptive_parent.sub
08/17/26 01:12:06  HTCondor Job ID: (6053100.0.0)
08/17/26 01:12:06 PARENTS:  WAITING: 0 CHILDREN: C_A12_S1_F0 C_A12_S1_F1 C_A12_S1_F2
08/17/26 01:12:06 ---------------------- Node ----------------------
08/17/26 01:12:06       Node Name: P_A12_S2
08/17/26 01:12:06            Noop: false
08/17/26 01:12:06          NodeID: 400
08/17/26 01:12:06     Node Status: STATUS_ERROR    
08/17/26 01:12:06 Node return val: 1
08/17/26 01:12:06           Error: Job proc (6053101.0.0) failed with status 1
08/17/26 01:12:06 Job Submit File: /afs/cern.ch/user/c/cglenn/FCCWork/whizard/whizard_ttbar_spinpol/phase11_diagnostics/excess_weight_rootcause_v1/ttbar_restricted_region_suite_v1/restricted/submissions/20260816T230807Z_WT_A15xS8_F012_FCC_np1/adaptive_parent.sub
08/17/26 01:12:06  HTCondor Job ID: (6053101.0.0)
08/17/26 01:12:06 PARENTS:  WAITING: 0 CHILDREN: C_A12_S2_F0 C_A12_S2_F1 C_A12_S2_F2
08/17/26 01:12:06 ---------------------- Node ----------------------
08/17/26 01:12:06       Node Name: P_A12_S3
08/17/26 01:12:06            Noop: false
08/17/26 01:12:06          NodeID: 404
08/17/26 01:12:06     Node Status: STATUS_ERROR    
08/17/26 01:12:06 Node return val: 1
08/17/26 01:12:06           Error: Job proc (6053102.0.0) failed with status 1
08/17/26 01:12:06 Job Submit File: /afs/cern.ch/user/c/cglenn/FCCWork/whizard/whizard_ttbar_spinpol/phase11_diagnostics/excess_weight_rootcause_v1/ttbar_restricted_region_suite_v1/restricted/submissions/20260816T230807Z_WT_A15xS8_F012_FCC_np1/adaptive_parent.sub
08/17/26 01:12:06  HTCondor Job ID: (6053102.0.0)
08/17/26 01:12:06 PARENTS:  WAITING: 0 CHILDREN: C_A12_S3_F0 C_A12_S3_F1 C_A12_S3_F2
08/17/26 01:12:06 ---------------------- Node ----------------------
08/17/26 01:12:06       Node Name: P_A12_S4
08/17/26 01:12:06            Noop: false
08/17/26 01:12:06          NodeID: 408
08/17/26 01:12:06     Node Status: STATUS_ERROR    
08/17/26 01:12:06 Node return val: 1
08/17/26 01:12:06           Error: Job proc (6053103.0.0) failed with status 1
08/17/26 01:12:06 Job Submit File: /afs/cern.ch/user/c/cglenn/FCCWork/whizard/whizard_ttbar_spinpol/phase11_diagnostics/excess_weight_rootcause_v1/ttbar_restricted_region_suite_v1/restricted/submissions/20260816T230807Z_WT_A15xS8_F012_FCC_np1/adaptive_parent.sub
08/17/26 01:12:06  HTCondor Job ID: (6053103.0.0)
08/17/26 01:12:06 PARENTS:  WAITING: 0 CHILDREN: C_A12_S4_F0 C_A12_S4_F1 C_A12_S4_F2
08/17/26 01:12:06 ---------------------- Node ----------------------
08/17/26 01:12:06       Node Name: P_A12_S5
08/17/26 01:12:06            Noop: false
08/17/26 01:12:06          NodeID: 412
08/17/26 01:12:06     Node Status: STATUS_ERROR    
08/17/26 01:12:06 Node return val: 1
08/17/26 01:12:06           Error: Job proc (6053104.0.0) failed with status 1
08/17/26 01:12:06 Job Submit File: /afs/cern.ch/user/c/cglenn/FCCWork/whizard/whizard_ttbar_spinpol/phase11_diagnostics/excess_weight_rootcause_v1/ttbar_restricted_region_suite_v1/restricted/submissions/20260816T230807Z_WT_A15xS8_F012_FCC_np1/adaptive_parent.sub
08/17/26 01:12:06  HTCondor Job ID: (6053104.0.0)
08/17/26 01:12:06 PARENTS:  WAITING: 0 CHILDREN: C_A12_S5_F0 C_A12_S5_F1 C_A12_S5_F2
08/17/26 01:12:06 ---------------------- Node ----------------------
08/17/26 01:12:06       Node Name: P_A12_S6
08/17/26 01:12:06            Noop: false
08/17/26 01:12:06          NodeID: 416
08/17/26 01:12:06     Node Status: STATUS_ERROR    
08/17/26 01:12:06 Node return val: 1
08/17/26 01:12:06           Error: Job proc (6053105.0.0) failed with status 1
08/17/26 01:12:06 Job Submit File: /afs/cern.ch/user/c/cglenn/FCCWork/whizard/whizard_ttbar_spinpol/phase11_diagnostics/excess_weight_rootcause_v1/ttbar_restricted_region_suite_v1/restricted/submissions/20260816T230807Z_WT_A15xS8_F012_FCC_np1/adaptive_parent.sub
08/17/26 01:12:06  HTCondor Job ID: (6053105.0.0)
08/17/26 01:12:06 PARENTS:  WAITING: 0 CHILDREN: C_A12_S6_F0 C_A12_S6_F1 C_A12_S6_F2
08/17/26 01:12:06 ---------------------- Node ----------------------
08/17/26 01:12:06       Node Name: P_A12_S7
08/17/26 01:12:06            Noop: false
08/17/26 01:12:06          NodeID: 420
08/17/26 01:12:06     Node Status: STATUS_ERROR    
08/17/26 01:12:06 Node return val: 1
08/17/26 01:12:06           Error: Job proc (6053106.0.0) failed with status 1
08/17/26 01:12:06 Job Submit File: /afs/cern.ch/user/c/cglenn/FCCWork/whizard/whizard_ttbar_spinpol/phase11_diagnostics/excess_weight_rootcause_v1/ttbar_restricted_region_suite_v1/restricted/submissions/20260816T230807Z_WT_A15xS8_F012_FCC_np1/adaptive_parent.sub
08/17/26 01:12:06  HTCondor Job ID: (6053106.0.0)
08/17/26 01:12:06 PARENTS:  WAITING: 0 CHILDREN: C_A12_S7_F0 C_A12_S7_F1 C_A12_S7_F2
08/17/26 01:12:06 ---------------------- Node ----------------------
08/17/26 01:12:06       Node Name: P_A13_S0
08/17/26 01:12:06            Noop: false
08/17/26 01:12:06          NodeID: 424
08/17/26 01:12:06     Node Status: STATUS_ERROR    
08/17/26 01:12:06 Node return val: 1
08/17/26 01:12:06           Error: Job proc (6053107.0.0) failed with status 1
08/17/26 01:12:06 Job Submit File: /afs/cern.ch/user/c/cglenn/FCCWork/whizard/whizard_ttbar_spinpol/phase11_diagnostics/excess_weight_rootcause_v1/ttbar_restricted_region_suite_v1/restricted/submissions/20260816T230807Z_WT_A15xS8_F012_FCC_np1/adaptive_parent.sub
08/17/26 01:12:06  HTCondor Job ID: (6053107.0.0)
08/17/26 01:12:06 PARENTS:  WAITING: 0 CHILDREN: C_A13_S0_F0 C_A13_S0_F1 C_A13_S0_F2
08/17/26 01:12:06 ---------------------- Node ----------------------
08/17/26 01:12:06       Node Name: P_A13_S1
08/17/26 01:12:06            Noop: false
08/17/26 01:12:06          NodeID: 428
08/17/26 01:12:06     Node Status: STATUS_ERROR    
08/17/26 01:12:06 Node return val: 1
08/17/26 01:12:06           Error: Job proc (6053108.0.0) failed with status 1
08/17/26 01:12:06 Job Submit File: /afs/cern.ch/user/c/cglenn/FCCWork/whizard/whizard_ttbar_spinpol/phase11_diagnostics/excess_weight_rootcause_v1/ttbar_restricted_region_suite_v1/restricted/submissions/20260816T230807Z_WT_A15xS8_F012_FCC_np1/adaptive_parent.sub
08/17/26 01:12:06  HTCondor Job ID: (6053108.0.0)
08/17/26 01:12:06 PARENTS:  WAITING: 0 CHILDREN: C_A13_S1_F0 C_A13_S1_F1 C_A13_S1_F2
08/17/26 01:12:06 ---------------------- Node ----------------------
08/17/26 01:12:07       Node Name: P_A13_S2
08/17/26 01:12:07            Noop: false
08/17/26 01:12:07          NodeID: 432
08/17/26 01:12:07     Node Status: STATUS_ERROR    
08/17/26 01:12:07 Node return val: 1
08/17/26 01:12:07           Error: Job proc (6053109.0.0) failed with status 1
08/17/26 01:12:07 Job Submit File: /afs/cern.ch/user/c/cglenn/FCCWork/whizard/whizard_ttbar_spinpol/phase11_diagnostics/excess_weight_rootcause_v1/ttbar_restricted_region_suite_v1/restricted/submissions/20260816T230807Z_WT_A15xS8_F012_FCC_np1/adaptive_parent.sub
08/17/26 01:12:07  HTCondor Job ID: (6053109.0.0)
08/17/26 01:12:07 PARENTS:  WAITING: 0 CHILDREN: C_A13_S2_F0 C_A13_S2_F1 C_A13_S2_F2
08/17/26 01:12:07 ---------------------- Node ----------------------
08/17/26 01:12:07       Node Name: P_A13_S3
08/17/26 01:12:07            Noop: false
08/17/26 01:12:07          NodeID: 436
08/17/26 01:12:07     Node Status: STATUS_ERROR    
08/17/26 01:12:07 Node return val: 1
08/17/26 01:12:07           Error: Job proc (6053110.0.0) failed with status 1
08/17/26 01:12:07 Job Submit File: /afs/cern.ch/user/c/cglenn/FCCWork/whizard/whizard_ttbar_spinpol/phase11_diagnostics/excess_weight_rootcause_v1/ttbar_restricted_region_suite_v1/restricted/submissions/20260816T230807Z_WT_A15xS8_F012_FCC_np1/adaptive_parent.sub
08/17/26 01:12:07  HTCondor Job ID: (6053110.0.0)
08/17/26 01:12:07 PARENTS:  WAITING: 0 CHILDREN: C_A13_S3_F0 C_A13_S3_F1 C_A13_S3_F2
08/17/26 01:12:07 ---------------------- Node ----------------------
08/17/26 01:12:07       Node Name: P_A13_S4
08/17/26 01:12:07            Noop: false
08/17/26 01:12:07          NodeID: 440
08/17/26 01:12:07     Node Status: STATUS_ERROR    
08/17/26 01:12:07 Node return val: 1
08/17/26 01:12:07           Error: Job proc (6053111.0.0) failed with status 1
08/17/26 01:12:07 Job Submit File: /afs/cern.ch/user/c/cglenn/FCCWork/whizard/whizard_ttbar_spinpol/phase11_diagnostics/excess_weight_rootcause_v1/ttbar_restricted_region_suite_v1/restricted/submissions/20260816T230807Z_WT_A15xS8_F012_FCC_np1/adaptive_parent.sub
08/17/26 01:12:07  HTCondor Job ID: (6053111.0.0)
08/17/26 01:12:07 PARENTS:  WAITING: 0 CHILDREN: C_A13_S4_F0 C_A13_S4_F1 C_A13_S4_F2
08/17/26 01:12:07 ---------------------- Node ----------------------
08/17/26 01:12:07       Node Name: P_A13_S5
08/17/26 01:12:07            Noop: false
08/17/26 01:12:07          NodeID: 444
08/17/26 01:12:07     Node Status: STATUS_ERROR    
08/17/26 01:12:07 Node return val: 1
08/17/26 01:12:07           Error: Job proc (6053112.0.0) failed with status 1
08/17/26 01:12:07 Job Submit File: /afs/cern.ch/user/c/cglenn/FCCWork/whizard/whizard_ttbar_spinpol/phase11_diagnostics/excess_weight_rootcause_v1/ttbar_restricted_region_suite_v1/restricted/submissions/20260816T230807Z_WT_A15xS8_F012_FCC_np1/adaptive_parent.sub
08/17/26 01:12:07  HTCondor Job ID: (6053112.0.0)
08/17/26 01:12:07 PARENTS:  WAITING: 0 CHILDREN: C_A13_S5_F0 C_A13_S5_F1 C_A13_S5_F2
08/17/26 01:12:07 ---------------------- Node ----------------------
08/17/26 01:12:07       Node Name: P_A13_S6
08/17/26 01:12:07            Noop: false
08/17/26 01:12:07          NodeID: 448
08/17/26 01:12:07     Node Status: STATUS_ERROR    
08/17/26 01:12:07 Node return val: 1
08/17/26 01:12:07           Error: Job proc (6053113.0.0) failed with status 1
08/17/26 01:12:07 Job Submit File: /afs/cern.ch/user/c/cglenn/FCCWork/whizard/whizard_ttbar_spinpol/phase11_diagnostics/excess_weight_rootcause_v1/ttbar_restricted_region_suite_v1/restricted/submissions/20260816T230807Z_WT_A15xS8_F012_FCC_np1/adaptive_parent.sub
08/17/26 01:12:07  HTCondor Job ID: (6053113.0.0)
08/17/26 01:12:07 PARENTS:  WAITING: 0 CHILDREN: C_A13_S6_F0 C_A13_S6_F1 C_A13_S6_F2
08/17/26 01:12:07 ---------------------- Node ----------------------
08/17/26 01:12:07       Node Name: P_A13_S7
08/17/26 01:12:07            Noop: false
08/17/26 01:12:07          NodeID: 452
08/17/26 01:12:07     Node Status: STATUS_ERROR    
08/17/26 01:12:07 Node return val: 1
08/17/26 01:12:07           Error: Job proc (6053114.0.0) failed with status 1
08/17/26 01:12:07 Job Submit File: /afs/cern.ch/user/c/cglenn/FCCWork/whizard/whizard_ttbar_spinpol/phase11_diagnostics/excess_weight_rootcause_v1/ttbar_restricted_region_suite_v1/restricted/submissions/20260816T230807Z_WT_A15xS8_F012_FCC_np1/adaptive_parent.sub
08/17/26 01:12:07  HTCondor Job ID: (6053114.0.0)
08/17/26 01:12:07 PARENTS:  WAITING: 0 CHILDREN: C_A13_S7_F0 C_A13_S7_F1 C_A13_S7_F2
08/17/26 01:12:07 ---------------------- Node ----------------------
08/17/26 01:12:07       Node Name: P_A14_S0
08/17/26 01:12:07            Noop: false
08/17/26 01:12:07          NodeID: 456
08/17/26 01:12:07     Node Status: STATUS_ERROR    
08/17/26 01:12:07 Node return val: 1
08/17/26 01:12:07           Error: Job proc (6053115.0.0) failed with status 1
08/17/26 01:12:07 Job Submit File: /afs/cern.ch/user/c/cglenn/FCCWork/whizard/whizard_ttbar_spinpol/phase11_diagnostics/excess_weight_rootcause_v1/ttbar_restricted_region_suite_v1/restricted/submissions/20260816T230807Z_WT_A15xS8_F012_FCC_np1/adaptive_parent.sub
08/17/26 01:12:07  HTCondor Job ID: (6053115.0.0)
08/17/26 01:12:07 PARENTS:  WAITING: 0 CHILDREN: C_A14_S0_F0 C_A14_S0_F1 C_A14_S0_F2
08/17/26 01:12:07 ---------------------- Node ----------------------
08/17/26 01:12:07       Node Name: P_A14_S1
08/17/26 01:12:07            Noop: false
08/17/26 01:12:07          NodeID: 460
08/17/26 01:12:07     Node Status: STATUS_ERROR    
08/17/26 01:12:07 Node return val: 1
08/17/26 01:12:07           Error: Job proc (6053116.0.0) failed with status 1
08/17/26 01:12:07 Job Submit File: /afs/cern.ch/user/c/cglenn/FCCWork/whizard/whizard_ttbar_spinpol/phase11_diagnostics/excess_weight_rootcause_v1/ttbar_restricted_region_suite_v1/restricted/submissions/20260816T230807Z_WT_A15xS8_F012_FCC_np1/adaptive_parent.sub
08/17/26 01:12:07  HTCondor Job ID: (6053116.0.0)
08/17/26 01:12:07 PARENTS:  WAITING: 0 CHILDREN: C_A14_S1_F0 C_A14_S1_F1 C_A14_S1_F2
08/17/26 01:12:07 ---------------------- Node ----------------------
08/17/26 01:12:07       Node Name: P_A14_S2
08/17/26 01:12:07            Noop: false
08/17/26 01:12:07          NodeID: 464
08/17/26 01:12:07     Node Status: STATUS_ERROR    
08/17/26 01:12:07 Node return val: 1
08/17/26 01:12:07           Error: Job proc (6053117.0.0) failed with status 1
08/17/26 01:12:07 Job Submit File: /afs/cern.ch/user/c/cglenn/FCCWork/whizard/whizard_ttbar_spinpol/phase11_diagnostics/excess_weight_rootcause_v1/ttbar_restricted_region_suite_v1/restricted/submissions/20260816T230807Z_WT_A15xS8_F012_FCC_np1/adaptive_parent.sub
08/17/26 01:12:07  HTCondor Job ID: (6053117.0.0)
08/17/26 01:12:07 PARENTS:  WAITING: 0 CHILDREN: C_A14_S2_F0 C_A14_S2_F1 C_A14_S2_F2
08/17/26 01:12:08 ---------------------- Node ----------------------
08/17/26 01:12:08       Node Name: P_A14_S3
08/17/26 01:12:08            Noop: false
08/17/26 01:12:08          NodeID: 468
08/17/26 01:12:08     Node Status: STATUS_ERROR    
08/17/26 01:12:08 Node return val: 1
08/17/26 01:12:08           Error: Job proc (6053118.0.0) failed with status 1
08/17/26 01:12:08 Job Submit File: /afs/cern.ch/user/c/cglenn/FCCWork/whizard/whizard_ttbar_spinpol/phase11_diagnostics/excess_weight_rootcause_v1/ttbar_restricted_region_suite_v1/restricted/submissions/20260816T230807Z_WT_A15xS8_F012_FCC_np1/adaptive_parent.sub
08/17/26 01:12:08  HTCondor Job ID: (6053118.0.0)
08/17/26 01:12:08 PARENTS:  WAITING: 0 CHILDREN: C_A14_S3_F0 C_A14_S3_F1 C_A14_S3_F2
08/17/26 01:12:08 ---------------------- Node ----------------------
08/17/26 01:12:08       Node Name: P_A14_S4
08/17/26 01:12:08            Noop: false
08/17/26 01:12:08          NodeID: 472
08/17/26 01:12:08     Node Status: STATUS_ERROR    
08/17/26 01:12:08 Node return val: 1
08/17/26 01:12:08           Error: Job proc (6053119.0.0) failed with status 1
08/17/26 01:12:08 Job Submit File: /afs/cern.ch/user/c/cglenn/FCCWork/whizard/whizard_ttbar_spinpol/phase11_diagnostics/excess_weight_rootcause_v1/ttbar_restricted_region_suite_v1/restricted/submissions/20260816T230807Z_WT_A15xS8_F012_FCC_np1/adaptive_parent.sub
08/17/26 01:12:08  HTCondor Job ID: (6053119.0.0)
08/17/26 01:12:08 PARENTS:  WAITING: 0 CHILDREN: C_A14_S4_F0 C_A14_S4_F1 C_A14_S4_F2
08/17/26 01:12:08 ---------------------- Node ----------------------
08/17/26 01:12:08       Node Name: P_A14_S5
08/17/26 01:12:08            Noop: false
08/17/26 01:12:08          NodeID: 476
08/17/26 01:12:08     Node Status: STATUS_ERROR    
08/17/26 01:12:08 Node return val: 1
08/17/26 01:12:08           Error: Job proc (6053120.0.0) failed with status 1
08/17/26 01:12:08 Job Submit File: /afs/cern.ch/user/c/cglenn/FCCWork/whizard/whizard_ttbar_spinpol/phase11_diagnostics/excess_weight_rootcause_v1/ttbar_restricted_region_suite_v1/restricted/submissions/20260816T230807Z_WT_A15xS8_F012_FCC_np1/adaptive_parent.sub
08/17/26 01:12:08  HTCondor Job ID: (6053120.0.0)
08/17/26 01:12:08 PARENTS:  WAITING: 0 CHILDREN: C_A14_S5_F0 C_A14_S5_F1 C_A14_S5_F2
08/17/26 01:12:08 ---------------------- Node ----------------------
08/17/26 01:12:08       Node Name: P_A14_S6
08/17/26 01:12:08            Noop: false
08/17/26 01:12:08          NodeID: 480
08/17/26 01:12:08     Node Status: STATUS_ERROR    
08/17/26 01:12:08 Node return val: 1
08/17/26 01:12:08           Error: Job proc (6053121.0.0) failed with status 1
08/17/26 01:12:08 Job Submit File: /afs/cern.ch/user/c/cglenn/FCCWork/whizard/whizard_ttbar_spinpol/phase11_diagnostics/excess_weight_rootcause_v1/ttbar_restricted_region_suite_v1/restricted/submissions/20260816T230807Z_WT_A15xS8_F012_FCC_np1/adaptive_parent.sub
08/17/26 01:12:08  HTCondor Job ID: (6053121.0.0)
08/17/26 01:12:08 PARENTS:  WAITING: 0 CHILDREN: C_A14_S6_F0 C_A14_S6_F1 C_A14_S6_F2
08/17/26 01:12:08 ---------------------- Node ----------------------
08/17/26 01:12:08       Node Name: P_A14_S7
08/17/26 01:12:08            Noop: false
08/17/26 01:12:08          NodeID: 484
08/17/26 01:12:08     Node Status: STATUS_ERROR    
08/17/26 01:12:08 Node return val: 1
08/17/26 01:12:08           Error: Job proc (6053122.0.0) failed with status 1
08/17/26 01:12:08 Job Submit File: /afs/cern.ch/user/c/cglenn/FCCWork/whizard/whizard_ttbar_spinpol/phase11_diagnostics/excess_weight_rootcause_v1/ttbar_restricted_region_suite_v1/restricted/submissions/20260816T230807Z_WT_A15xS8_F012_FCC_np1/adaptive_parent.sub
08/17/26 01:12:08  HTCondor Job ID: (6053122.0.0)
08/17/26 01:12:08 PARENTS:  WAITING: 0 CHILDREN: C_A14_S7_F0 C_A14_S7_F1 C_A14_S7_F2
08/17/26 01:12:08 ---------------------- Node ----------------------
08/17/26 01:12:08       Node Name: L_FCCLEGACY_S0
08/17/26 01:12:08            Noop: false
08/17/26 01:12:08          NodeID: 488
08/17/26 01:12:08     Node Status: STATUS_ERROR    
08/17/26 01:12:08 Node return val: 1
08/17/26 01:12:08           Error: Job proc (6053123.0.0) failed with status 1
08/17/26 01:12:08 Job Submit File: /afs/cern.ch/user/c/cglenn/FCCWork/whizard/whizard_ttbar_spinpol/phase11_diagnostics/excess_weight_rootcause_v1/ttbar_restricted_region_suite_v1/restricted/submissions/20260816T230807Z_WT_A15xS8_F012_FCC_np1/full_control.sub
08/17/26 01:12:08  HTCondor Job ID: (6053123.0.0)
08/17/26 01:12:08 PARENTS:  WAITING: 0 CHILDREN: 
08/17/26 01:12:08 ---------------------- Node ----------------------
08/17/26 01:12:08       Node Name: L_FCCLEGACY_S1
08/17/26 01:12:08            Noop: false
08/17/26 01:12:08          NodeID: 489
08/17/26 01:12:08     Node Status: STATUS_ERROR    
08/17/26 01:12:08 Node return val: 1
08/17/26 01:12:08           Error: Job proc (6053124.0.0) failed with status 1
08/17/26 01:12:08 Job Submit File: /afs/cern.ch/user/c/cglenn/FCCWork/whizard/whizard_ttbar_spinpol/phase11_diagnostics/excess_weight_rootcause_v1/ttbar_restricted_region_suite_v1/restricted/submissions/20260816T230807Z_WT_A15xS8_F012_FCC_np1/full_control.sub
08/17/26 01:12:08  HTCondor Job ID: (6053124.0.0)
08/17/26 01:12:08 PARENTS:  WAITING: 0 CHILDREN: 
08/17/26 01:12:08 ---------------------- Node ----------------------
08/17/26 01:12:08       Node Name: L_FCCLEGACY_S2
08/17/26 01:12:08            Noop: false
08/17/26 01:12:08          NodeID: 490
08/17/26 01:12:08     Node Status: STATUS_ERROR    
08/17/26 01:12:08 Node return val: 1
08/17/26 01:12:08           Error: Job proc (6053125.0.0) failed with status 1
08/17/26 01:12:08 Job Submit File: /afs/cern.ch/user/c/cglenn/FCCWork/whizard/whizard_ttbar_spinpol/phase11_diagnostics/excess_weight_rootcause_v1/ttbar_restricted_region_suite_v1/restricted/submissions/20260816T230807Z_WT_A15xS8_F012_FCC_np1/full_control.sub
08/17/26 01:12:08  HTCondor Job ID: (6053125.0.0)
08/17/26 01:12:08 PARENTS:  WAITING: 0 CHILDREN: 
08/17/26 01:12:08 ---------------------- Node ----------------------
08/17/26 01:12:08       Node Name: L_FCCLEGACY_S3
08/17/26 01:12:08            Noop: false
08/17/26 01:12:08          NodeID: 491
08/17/26 01:12:08     Node Status: STATUS_ERROR    
08/17/26 01:12:08 Node return val: 1
08/17/26 01:12:08           Error: Job proc (6053126.0.0) failed with status 1
08/17/26 01:12:08 Job Submit File: /afs/cern.ch/user/c/cglenn/FCCWork/whizard/whizard_ttbar_spinpol/phase11_diagnostics/excess_weight_rootcause_v1/ttbar_restricted_region_suite_v1/restricted/submissions/20260816T230807Z_WT_A15xS8_F012_FCC_np1/full_control.sub
08/17/26 01:12:08  HTCondor Job ID: (6053126.0.0)
08/17/26 01:12:09 PARENTS:  WAITING: 0 CHILDREN: 
08/17/26 01:12:09 ---------------------- Node ----------------------
08/17/26 01:12:09       Node Name: L_FCCLEGACY_S4
08/17/26 01:12:09            Noop: false
08/17/26 01:12:09          NodeID: 492
08/17/26 01:12:09     Node Status: STATUS_ERROR    
08/17/26 01:12:09 Node return val: 1
08/17/26 01:12:09           Error: Job proc (6053127.0.0) failed with status 1
08/17/26 01:12:09 Job Submit File: /afs/cern.ch/user/c/cglenn/FCCWork/whizard/whizard_ttbar_spinpol/phase11_diagnostics/excess_weight_rootcause_v1/ttbar_restricted_region_suite_v1/restricted/submissions/20260816T230807Z_WT_A15xS8_F012_FCC_np1/full_control.sub
08/17/26 01:12:09  HTCondor Job ID: (6053127.0.0)
08/17/26 01:12:09 PARENTS:  WAITING: 0 CHILDREN: 
08/17/26 01:12:09 ---------------------- Node ----------------------
08/17/26 01:12:09       Node Name: L_FCCLEGACY_S5
08/17/26 01:12:09            Noop: false
08/17/26 01:12:09          NodeID: 493
08/17/26 01:12:09     Node Status: STATUS_ERROR    
08/17/26 01:12:09 Node return val: 1
08/17/26 01:12:09           Error: Job proc (6053128.0.0) failed with status 1
08/17/26 01:12:09 Job Submit File: /afs/cern.ch/user/c/cglenn/FCCWork/whizard/whizard_ttbar_spinpol/phase11_diagnostics/excess_weight_rootcause_v1/ttbar_restricted_region_suite_v1/restricted/submissions/20260816T230807Z_WT_A15xS8_F012_FCC_np1/full_control.sub
08/17/26 01:12:09  HTCondor Job ID: (6053128.0.0)
08/17/26 01:12:09 PARENTS:  WAITING: 0 CHILDREN: 
08/17/26 01:12:09 ---------------------- Node ----------------------
08/17/26 01:12:09       Node Name: L_FCCLEGACY_S6
08/17/26 01:12:09            Noop: false
08/17/26 01:12:09          NodeID: 494
08/17/26 01:12:09     Node Status: STATUS_ERROR    
08/17/26 01:12:09 Node return val: 1
08/17/26 01:12:09           Error: Job proc (6053129.0.0) failed with status 1
08/17/26 01:12:09 Job Submit File: /afs/cern.ch/user/c/cglenn/FCCWork/whizard/whizard_ttbar_spinpol/phase11_diagnostics/excess_weight_rootcause_v1/ttbar_restricted_region_suite_v1/restricted/submissions/20260816T230807Z_WT_A15xS8_F012_FCC_np1/full_control.sub
08/17/26 01:12:09  HTCondor Job ID: (6053129.0.0)
08/17/26 01:12:09 PARENTS:  WAITING: 0 CHILDREN: 
08/17/26 01:12:09 ---------------------- Node ----------------------
08/17/26 01:12:09       Node Name: L_FCCLEGACY_S7
08/17/26 01:12:09            Noop: false
08/17/26 01:12:09          NodeID: 495
08/17/26 01:12:09     Node Status: STATUS_ERROR    
08/17/26 01:12:09 Node return val: 1
08/17/26 01:12:09           Error: Job proc (6053130.0.0) failed with status 1
08/17/26 01:12:09 Job Submit File: /afs/cern.ch/user/c/cglenn/FCCWork/whizard/whizard_ttbar_spinpol/phase11_diagnostics/excess_weight_rootcause_v1/ttbar_restricted_region_suite_v1/restricted/submissions/20260816T230807Z_WT_A15xS8_F012_FCC_np1/full_control.sub
08/17/26 01:12:09  HTCondor Job ID: (6053130.0.0)
08/17/26 01:12:09 PARENTS:  WAITING: 0 CHILDREN: 
08/17/26 01:12:09 ---------------------------------------	<END>
08/17/26 01:12:09 Aborting DAG...
08/17/26 01:12:09 Writing Rescue DAG to campaign.dag.rescue001...
08/17/26 01:12:09 Removing submitted jobs...
08/17/26 01:12:09 Removing any/all submitted HTCondor jobs...
08/17/26 01:12:09 Running: /usr/bin/condor_rm -const DAGManJobId==6053002 -reason DAG' 'Abort:' 'DAG' 'is' 'exiting' 'and' 'writing' 'rescue' 'file.
08/17/26 01:12:09 Note: 0 total node deferrals because of -MaxJobs limit (0)
08/17/26 01:12:09 Note: 0 total node deferrals because of -MaxIdle limit (1000)
08/17/26 01:12:09 Note: 0 total node deferrals because of node category throttles
08/17/26 01:12:09 Note: 0 total PRE script deferrals because of -MaxPre limit (20) or DEFER
08/17/26 01:12:09 Note: 0 total POST script deferrals because of -MaxPost limit (20) or DEFER
08/17/26 01:12:09 Note: 0 total HOLD script deferrals because of -MaxHold limit (20) or DEFER
08/17/26 01:12:09 DAG status: 2 (DAG_STATUS_NODE_FAILED)
08/17/26 01:12:09 Of 496 nodes total:
08/17/26 01:12:09  Done     Pre   Queued    Post   Ready   Un-Ready   Failed   Futile
08/17/26 01:12:09   ===     ===      ===     ===     ===        ===      ===      ===
08/17/26 01:12:09     0       0        0       0       0          0      128      368
08/17/26 01:12:09 0 job proc(s) currently held
08/17/26 01:12:09 DAGMan Runtime Statistics: [EventCycleTimeAvg=0.331; EventCycleTimeMax=2.551; EventCycleTimeMin=0.000; EventCycleTimeStd=0.623; EventCycleTimeSum=9.604; SleepCycleTimeAvg=5.005; SleepCycleTimeMax=5.006; SleepCycleTimeMin=5.004; SleepCycleTimeStd=0.000; SleepCycleTimeSum=145.147; SubmitCycleTimeAvg=0.083; SubmitCycleTimeMax=1.836; SubmitCycleTimeMin=0.000; SubmitCycleTimeStd=0.352; SubmitCycleTimeSum=2.485; EventCycleTimeCount=29.000; SleepCycleTimeCount=29.000; SubmitCycleTimeCount=30.000; LogProcessCycleTimeAvg=0.734; LogProcessCycleTimeMax=1.850; LogProcessCycleTimeMin=0.006; LogProcessCycleTimeStd=0.472; LogProcessCycleTimeSum=7.336; LogProcessCycleTimeCount=10.000; ]
08/17/26 01:12:09 Wrote metrics file campaign.dag.metrics.
08/17/26 01:12:09 DAGMan Runtime Statistics: [EventCycleTimeAvg=0.331; EventCycleTimeMax=2.551; EventCycleTimeMin=0.000; EventCycleTimeStd=0.623; EventCycleTimeSum=9.604; SleepCycleTimeAvg=5.005; SleepCycleTimeMax=5.006; SleepCycleTimeMin=5.004; SleepCycleTimeStd=0.000; SleepCycleTimeSum=145.147; SubmitCycleTimeAvg=0.083; SubmitCycleTimeMax=1.836; SubmitCycleTimeMin=0.000; SubmitCycleTimeStd=0.352; SubmitCycleTimeSum=2.485; EventCycleTimeCount=29.000; SleepCycleTimeCount=29.000; SubmitCycleTimeCount=30.000; LogProcessCycleTimeAvg=0.734; LogProcessCycleTimeMax=1.850; LogProcessCycleTimeMin=0.006; LogProcessCycleTimeStd=0.472; LogProcessCycleTimeSum=7.336; LogProcessCycleTimeCount=10.000; ]
08/17/26 01:12:09 **** condor_scheduniv_exec.6053002.0 (condor_DAGMAN) pid 554182 EXITING WITH STATUS 1
