stage	mode	adaptive_id	fixed_id	seed_id	line_number	iteration	calls	integral_fb	error_fb	relative_error	reported_err_pct	accuracy	efficiency_pct	raw_line
adaptive	A00_S0	A00		S0	148	1	50010	12.110393	1.88	0.1552385624479734	15.56	34.8	4.06	1      50010  1.2110393E+01  1.88E+00   15.56   34.80*   4.06
adaptive	A00_S0	A00		S0	149	2	50002	12.282396	0.499	0.040627252207142646	4.06	9.08	0.96	2      50002  1.2282396E+01  4.99E-01    4.06    9.08*   0.96
adaptive	A00_S0	A00		S0	150	3	50014	12.188001	0.217	0.017804396307483074	1.78	3.98	1.91	3      50014  1.2188001E+01  2.17E-01    1.78    3.98*   1.91
adaptive	A00_S0	A00		S0	151	4	50000	12.945057	0.976	0.07539557376997258	7.54	16.86	2.1	4      50000  1.2945057E+01  9.76E-01    7.54   16.86    2.10
adaptive	A00_S0	A00		S0	152	5	50002	12.21892	0.123	0.010066356110032638	1.01	2.25	6.14	5      50002  1.2218920E+01  1.23E-01    1.01    2.25*   6.14
adaptive	A00_S0	A00		S0	154	5	250028	12.222498	0.104	0.008508898917389882	0.85	4.25	6.14	5     250028  1.2222498E+01  1.04E-01    0.85    4.25    6.14    0.15   5
fixed	A00_S0_F0	A00	F0	S0	144	1	50010	12.110393	1.88	0.1552385624479734	15.56	34.8	4.06	1      50010  1.2110393E+01  1.88E+00   15.56   34.80*   4.06
fixed	A00_S0_F0	A00	F0	S0	145	2	50002	12.282396	0.499	0.040627252207142646	4.06	9.08	0.96	2      50002  1.2282396E+01  4.99E-01    4.06    9.08*   0.96
fixed	A00_S0_F0	A00	F0	S0	146	3	50014	12.188001	0.217	0.017804396307483074	1.78	3.98	1.91	3      50014  1.2188001E+01  2.17E-01    1.78    3.98*   1.91
fixed	A00_S0_F0	A00	F0	S0	147	4	50000	12.945057	0.976	0.07539557376997258	7.54	16.86	2.1	4      50000  1.2945057E+01  9.76E-01    7.54   16.86    2.10
fixed	A00_S0_F0	A00	F0	S0	148	5	50002	12.21892	0.123	0.010066356110032638	1.01	2.25	6.14	5      50002  1.2218920E+01  1.23E-01    1.01    2.25*   6.14
fixed	A00_S0_F0	A00	F0	S0	150	5	250028	12.222498	0.104	0.008508898917389882	0.85	4.25	6.14	5     250028  1.2222498E+01  1.04E-01    0.85    4.25    6.14    0.15   5
fixed	A00_S0_F0	A00	F0	S0	153	6	200006	11.951949	0.0507	0.004241985972329701	0.42	1.9	5.47	6     200006  1.1951949E+01  5.07E-02    0.42    1.90*   5.47
fixed	A00_S0_F0	A00	F0	S0	154	7	200006	12.0547	0.0525	0.004355147784681494	0.44	1.95	3.7	7     200006  1.2054700E+01  5.25E-02    0.44    1.95    3.70
fixed	A00_S0_F0	A00	F0	S0	155	8	200006	12.040723	0.0517	0.004293762093854331	0.43	1.92	5.31	8     200006  1.2040723E+01  5.17E-02    0.43    1.92*   5.31
fixed	A00_S0_F0	A00	F0	S0	157	8	600018	12.014565	0.0298	0.0024803228414844816	0.25	1.92	5.31	8     600018  1.2014565E+01  2.98E-02    0.25    1.92    5.31    1.18   3
fixed	A00_S0_F1	A00	F1	S0	144	1	50010	12.110393	1.88	0.1552385624479734	15.56	34.8	4.06	1      50010  1.2110393E+01  1.88E+00   15.56   34.80*   4.06
fixed	A00_S0_F1	A00	F1	S0	145	2	50002	12.282396	0.499	0.040627252207142646	4.06	9.08	0.96	2      50002  1.2282396E+01  4.99E-01    4.06    9.08*   0.96
fixed	A00_S0_F1	A00	F1	S0	146	3	50014	12.188001	0.217	0.017804396307483074	1.78	3.98	1.91	3      50014  1.2188001E+01  2.17E-01    1.78    3.98*   1.91
fixed	A00_S0_F1	A00	F1	S0	147	4	50000	12.945057	0.976	0.07539557376997258	7.54	16.86	2.1	4      50000  1.2945057E+01  9.76E-01    7.54   16.86    2.10
fixed	A00_S0_F1	A00	F1	S0	148	5	50002	12.21892	0.123	0.010066356110032638	1.01	2.25	6.14	5      50002  1.2218920E+01  1.23E-01    1.01    2.25*   6.14
fixed	A00_S0_F1	A00	F1	S0	150	5	250028	12.222498	0.104	0.008508898917389882	0.85	4.25	6.14	5     250028  1.2222498E+01  1.04E-01    0.85    4.25    6.14    0.15   5
fixed	A00_S0_F1	A00	F1	S0	153	6	600004	12.030934	0.0323	0.002684745839350461	0.27	2.08	3.02	6     600004  1.2030934E+01  3.23E-02    0.27    2.08*   3.02
fixed	A00_S0_F1	A00	F1	S0	155	6	600004	12.030934	0.0323	0.002684745839350461	0.27	2.08	3.02	6     600004  1.2030934E+01  3.23E-02    0.27    2.08    3.02
fixed	A00_S0_F2	A00	F2	S0	144	1	50010	12.110393	1.88	0.1552385624479734	15.56	34.8	4.06	1      50010  1.2110393E+01  1.88E+00   15.56   34.80*   4.06
fixed	A00_S0_F2	A00	F2	S0	145	2	50002	12.282396	0.499	0.040627252207142646	4.06	9.08	0.96	2      50002  1.2282396E+01  4.99E-01    4.06    9.08*   0.96
fixed	A00_S0_F2	A00	F2	S0	146	3	50014	12.188001	0.217	0.017804396307483074	1.78	3.98	1.91	3      50014  1.2188001E+01  2.17E-01    1.78    3.98*   1.91
fixed	A00_S0_F2	A00	F2	S0	147	4	50000	12.945057	0.976	0.07539557376997258	7.54	16.86	2.1	4      50000  1.2945057E+01  9.76E-01    7.54   16.86    2.10
fixed	A00_S0_F2	A00	F2	S0	148	5	50002	12.21892	0.123	0.010066356110032638	1.01	2.25	6.14	5      50002  1.2218920E+01  1.23E-01    1.01    2.25*   6.14
fixed	A00_S0_F2	A00	F2	S0	150	5	250028	12.222498	0.104	0.008508898917389882	0.85	4.25	6.14	5     250028  1.2222498E+01  1.04E-01    0.85    4.25    6.14    0.15   5
fixed	A00_S0_F2	A00	F2	S0	153	6	1964154	12.075358	0.0348	0.002881902134909789	0.29	4.04	0.3	6    1964154  1.2075358E+01  3.48E-02    0.29    4.04    0.30
fixed	A00_S0_F2	A00	F2	S0	155	6	1964154	12.075358	0.0348	0.002881902134909789	0.29	4.04	0.3	6    1964154  1.2075358E+01  3.48E-02    0.29    4.04    0.30
adaptive	A00_S1	A00		S1	148	1	50002	10.056328	1.62	0.16109259761614778	16.15	36.12	5.23	1      50002  1.0056328E+01  1.62E+00   16.15   36.12*   5.23
adaptive	A00_S1	A00		S1	149	2	49983	11.951582	0.67	0.056059524170105686	5.61	12.53	0.47	2      49983  1.1951582E+01  6.70E-01    5.61   12.53*   0.47
adaptive	A00_S1	A00		S1	150	3	50002	12.286442	0.289	0.023521862553862218	2.36	5.27	0.99	3      50002  1.2286442E+01  2.89E-01    2.36    5.27*   0.99
adaptive	A00_S1	A00		S1	151	4	50000	11.71423	0.141	0.012036642613300232	1.2	2.69	3.16	4      50000  1.1714230E+01  1.41E-01    1.20    2.69*   3.16
adaptive	A00_S1	A00		S1	152	5	50009	12.079123	0.118	0.009768921137734917	0.98	2.18	4.73	5      50009  1.2079123E+01  1.18E-01    0.98    2.18*   4.73
adaptive	A00_S1	A00		S1	154	5	249996	11.955476	0.0855	0.0071515345771259965	0.71	3.57	4.73	5     249996  1.1955476E+01  8.55E-02    0.71    3.57    4.73    1.68   5
fixed	A00_S1_F0	A00	F0	S1	144	1	50002	10.056328	1.62	0.16109259761614778	16.15	36.12	5.23	1      50002  1.0056328E+01  1.62E+00   16.15   36.12*   5.23
fixed	A00_S1_F0	A00	F0	S1	145	2	49983	11.951582	0.67	0.056059524170105686	5.61	12.53	0.47	2      49983  1.1951582E+01  6.70E-01    5.61   12.53*   0.47
fixed	A00_S1_F0	A00	F0	S1	146	3	50002	12.286442	0.289	0.023521862553862218	2.36	5.27	0.99	3      50002  1.2286442E+01  2.89E-01    2.36    5.27*   0.99
fixed	A00_S1_F0	A00	F0	S1	147	4	50000	11.71423	0.141	0.012036642613300232	1.2	2.69	3.16	4      50000  1.1714230E+01  1.41E-01    1.20    2.69*   3.16
fixed	A00_S1_F0	A00	F0	S1	148	5	50009	12.079123	0.118	0.009768921137734917	0.98	2.18	4.73	5      50009  1.2079123E+01  1.18E-01    0.98    2.18*   4.73
fixed	A00_S1_F0	A00	F0	S1	150	5	249996	11.955476	0.0855	0.0071515345771259965	0.71	3.57	4.73	5     249996  1.1955476E+01  8.55E-02    0.71    3.57    4.73    1.68   5
fixed	A00_S1_F0	A00	F0	S1	153	6	199999	12.048177	0.0556	0.004614806040781107	0.46	2.06	4.54	6     199999  1.2048177E+01  5.56E-02    0.46    2.06*   4.54
fixed	A00_S1_F0	A00	F0	S1	154	7	199999	12.261801	0.218	0.017778791223246895	1.78	7.95	1.07	7     199999  1.2261801E+01  2.18E-01    1.78    7.95    1.07
fixed	A00_S1_F0	A00	F0	S1	155	8	199999	12.061121	0.0568	0.004709346668522769	0.47	2.11	3.46	8     199999  1.2061121E+01  5.68E-02    0.47    2.11*   3.46
fixed	A00_S1_F0	A00	F0	S1	157	8	599997	12.061171	0.0391	0.003241807947171962	0.32	2.51	3.46	8     599997  1.2061171E+01  3.91E-02    0.32    2.51    3.46    0.45   3
fixed	A00_S1_F1	A00	F1	S1	144	1	50002	10.056328	1.62	0.16109259761614778	16.15	36.12	5.23	1      50002  1.0056328E+01  1.62E+00   16.15   36.12*   5.23
fixed	A00_S1_F1	A00	F1	S1	145	2	49983	11.951582	0.67	0.056059524170105686	5.61	12.53	0.47	2      49983  1.1951582E+01  6.70E-01    5.61   12.53*   0.47
fixed	A00_S1_F1	A00	F1	S1	146	3	50002	12.286442	0.289	0.023521862553862218	2.36	5.27	0.99	3      50002  1.2286442E+01  2.89E-01    2.36    5.27*   0.99
fixed	A00_S1_F1	A00	F1	S1	147	4	50000	11.71423	0.141	0.012036642613300232	1.2	2.69	3.16	4      50000  1.1714230E+01  1.41E-01    1.20    2.69*   3.16
fixed	A00_S1_F1	A00	F1	S1	148	5	50009	12.079123	0.118	0.009768921137734917	0.98	2.18	4.73	5      50009  1.2079123E+01  1.18E-01    0.98    2.18*   4.73
fixed	A00_S1_F1	A00	F1	S1	150	5	249996	11.955476	0.0855	0.0071515345771259965	0.71	3.57	4.73	5     249996  1.1955476E+01  8.55E-02    0.71    3.57    4.73    1.68   5
fixed	A00_S1_F1	A00	F1	S1	153	6	599998	12.113099	0.0461	0.003805797343850653	0.38	2.95	0.58	6     599998  1.2113099E+01  4.61E-02    0.38    2.95    0.58
fixed	A00_S1_F1	A00	F1	S1	155	6	599998	12.113099	0.0461	0.003805797343850653	0.38	2.95	0.58	6     599998  1.2113099E+01  4.61E-02    0.38    2.95    0.58
fixed	A00_S1_F2	A00	F2	S1	144	1	50002	10.056328	1.62	0.16109259761614778	16.15	36.12	5.23	1      50002  1.0056328E+01  1.62E+00   16.15   36.12*   5.23
fixed	A00_S1_F2	A00	F2	S1	145	2	49983	11.951582	0.67	0.056059524170105686	5.61	12.53	0.47	2      49983  1.1951582E+01  6.70E-01    5.61   12.53*   0.47
fixed	A00_S1_F2	A00	F2	S1	146	3	50002	12.286442	0.289	0.023521862553862218	2.36	5.27	0.99	3      50002  1.2286442E+01  2.89E-01    2.36    5.27*   0.99
fixed	A00_S1_F2	A00	F2	S1	147	4	50000	11.71423	0.141	0.012036642613300232	1.2	2.69	3.16	4      50000  1.1714230E+01  1.41E-01    1.20    2.69*   3.16
fixed	A00_S1_F2	A00	F2	S1	148	5	50009	12.079123	0.118	0.009768921137734917	0.98	2.18	4.73	5      50009  1.2079123E+01  1.18E-01    0.98    2.18*   4.73
fixed	A00_S1_F2	A00	F2	S1	150	5	249996	11.955476	0.0855	0.0071515345771259965	0.71	3.57	4.73	5     249996  1.1955476E+01  8.55E-02    0.71    3.57    4.73    1.68   5
fixed	A00_S1_F2	A00	F2	S1	153	6	1902866	12.031117	0.0177	0.0014711850944513299	0.15	2.03	0.95	6    1902866  1.2031117E+01  1.77E-02    0.15    2.03*   0.95
fixed	A00_S1_F2	A00	F2	S1	155	6	1902866	12.031117	0.0177	0.0014711850944513299	0.15	2.03	0.95	6    1902866  1.2031117E+01  1.77E-02    0.15    2.03    0.95
adaptive	A00_S2	A00		S2	148	1	50027	13.193789	2.3	0.17432444917832168	17.41	38.94	5.57	1      50027  1.3193789E+01  2.30E+00   17.41   38.94*   5.57
adaptive	A00_S2	A00		S2	149	2	50020	11.999358	0.497	0.04141888257688452	4.14	9.27	0.68	2      50020  1.1999358E+01  4.97E-01    4.14    9.27*   0.68
adaptive	A00_S2	A00		S2	150	3	50003	12.181034	0.224	0.018389243474732933	1.84	4.11	1.56	3      50003  1.2181034E+01  2.24E-01    1.84    4.11*   1.56
adaptive	A00_S2	A00		S2	151	4	50007	12.196368	0.18	0.014758492036317697	1.47	3.3	2.4	4      50007  1.2196368E+01  1.80E-01    1.47    3.30*   2.40
adaptive	A00_S2	A00		S2	152	5	49997	12.020324	0.114	0.009483937371405297	0.95	2.12	4.41	5      49997  1.2020324E+01  1.14E-01    0.95    2.12*   4.41
adaptive	A00_S2	A00		S2	154	5	250054	12.086974	0.087	0.007197831318243921	0.72	3.6	4.41	5     250054  1.2086974E+01  8.70E-02    0.72    3.60    4.41    0.29   5
fixed	A00_S2_F0	A00	F0	S2	144	1	50027	13.193789	2.3	0.17432444917832168	17.41	38.94	5.57	1      50027  1.3193789E+01  2.30E+00   17.41   38.94*   5.57
fixed	A00_S2_F0	A00	F0	S2	145	2	50020	11.999358	0.497	0.04141888257688452	4.14	9.27	0.68	2      50020  1.1999358E+01  4.97E-01    4.14    9.27*   0.68
fixed	A00_S2_F0	A00	F0	S2	146	3	50003	12.181034	0.224	0.018389243474732933	1.84	4.11	1.56	3      50003  1.2181034E+01  2.24E-01    1.84    4.11*   1.56
fixed	A00_S2_F0	A00	F0	S2	147	4	50007	12.196368	0.18	0.014758492036317697	1.47	3.3	2.4	4      50007  1.2196368E+01  1.80E-01    1.47    3.30*   2.40
fixed	A00_S2_F0	A00	F0	S2	148	5	49997	12.020324	0.114	0.009483937371405297	0.95	2.12	4.41	5      49997  1.2020324E+01  1.14E-01    0.95    2.12*   4.41
fixed	A00_S2_F0	A00	F0	S2	150	5	250054	12.086974	0.087	0.007197831318243921	0.72	3.6	4.41	5     250054  1.2086974E+01  8.70E-02    0.72    3.60    4.41    0.29   5
fixed	A00_S2_F0	A00	F0	S2	153	6	200002	12.070774	0.0509	0.004216796702514685	0.42	1.88	4.8	6     200002  1.2070774E+01  5.09E-02    0.42    1.88*   4.80
fixed	A00_S2_F0	A00	F0	S2	154	7	200002	12.028059	0.0506	0.0042068300463108796	0.42	1.88	5.56	7     200002  1.2028059E+01  5.06E-02    0.42    1.88*   5.56
fixed	A00_S2_F0	A00	F0	S2	155	8	200002	12.06898	0.0543	0.004499137458177907	0.45	2.01	2.93	8     200002  1.2068980E+01  5.43E-02    0.45    2.01    2.93
fixed	A00_S2_F0	A00	F0	S2	157	8	600006	12.055278	0.0299	0.0024802414344986486	0.25	1.92	2.93	8     600006  1.2055278E+01  2.99E-02    0.25    1.92    2.93    0.22   3
fixed	A00_S2_F1	A00	F1	S2	144	1	50027	13.193789	2.3	0.17432444917832168	17.41	38.94	5.57	1      50027  1.3193789E+01  2.30E+00   17.41   38.94*   5.57
fixed	A00_S2_F1	A00	F1	S2	145	2	50020	11.999358	0.497	0.04141888257688452	4.14	9.27	0.68	2      50020  1.1999358E+01  4.97E-01    4.14    9.27*   0.68
fixed	A00_S2_F1	A00	F1	S2	146	3	50003	12.181034	0.224	0.018389243474732933	1.84	4.11	1.56	3      50003  1.2181034E+01  2.24E-01    1.84    4.11*   1.56
fixed	A00_S2_F1	A00	F1	S2	147	4	50007	12.196368	0.18	0.014758492036317697	1.47	3.3	2.4	4      50007  1.2196368E+01  1.80E-01    1.47    3.30*   2.40
fixed	A00_S2_F1	A00	F1	S2	148	5	49997	12.020324	0.114	0.009483937371405297	0.95	2.12	4.41	5      49997  1.2020324E+01  1.14E-01    0.95    2.12*   4.41
fixed	A00_S2_F1	A00	F1	S2	150	5	250054	12.086974	0.087	0.007197831318243921	0.72	3.6	4.41	5     250054  1.2086974E+01  8.70E-02    0.72    3.60    4.41    0.29   5
fixed	A00_S2_F1	A00	F1	S2	153	6	600005	12.069729	0.03	0.002485557049375342	0.25	1.92	3.77	6     600005  1.2069729E+01  3.00E-02    0.25    1.92*   3.77
fixed	A00_S2_F1	A00	F1	S2	155	6	600005	12.069729	0.03	0.002485557049375342	0.25	1.92	3.77	6     600005  1.2069729E+01  3.00E-02    0.25    1.92    3.77
fixed	A00_S2_F2	A00	F2	S2	144	1	50027	13.193789	2.3	0.17432444917832168	17.41	38.94	5.57	1      50027  1.3193789E+01  2.30E+00   17.41   38.94*   5.57
fixed	A00_S2_F2	A00	F2	S2	145	2	50020	11.999358	0.497	0.04141888257688452	4.14	9.27	0.68	2      50020  1.1999358E+01  4.97E-01    4.14    9.27*   0.68
fixed	A00_S2_F2	A00	F2	S2	146	3	50003	12.181034	0.224	0.018389243474732933	1.84	4.11	1.56	3      50003  1.2181034E+01  2.24E-01    1.84    4.11*   1.56
fixed	A00_S2_F2	A00	F2	S2	147	4	50007	12.196368	0.18	0.014758492036317697	1.47	3.3	2.4	4      50007  1.2196368E+01  1.80E-01    1.47    3.30*   2.40
fixed	A00_S2_F2	A00	F2	S2	148	5	49997	12.020324	0.114	0.009483937371405297	0.95	2.12	4.41	5      49997  1.2020324E+01  1.14E-01    0.95    2.12*   4.41
fixed	A00_S2_F2	A00	F2	S2	150	5	250054	12.086974	0.087	0.007197831318243921	0.72	3.6	4.41	5     250054  1.2086974E+01  8.70E-02    0.72    3.60    4.41    0.29   5
fixed	A00_S2_F2	A00	F2	S2	153	6	1967382	24.597676	12.5	0.5081780896699347	50.97	714.86	0.0	6    1967382  2.4597676E+01  1.25E+01   50.97  714.86    0.00
fixed	A00_S2_F2	A00	F2	S2	155	6	1967382	24.597676	12.5	0.5081780896699347	50.97	714.86	0.0	6    1967382  2.4597676E+01  1.25E+01   50.97  714.86    0.00
adaptive	A00_S3	A00		S3	148	1	50018	10.373132	2.28	0.21979861048717012	21.97	49.14	3.87	1      50018  1.0373132E+01  2.28E+00   21.97   49.14*   3.87
adaptive	A00_S3	A00		S3	149	2	50005	11.923455	0.777	0.06516567555293327	6.52	14.57	0.39	2      50005  1.1923455E+01  7.77E-01    6.52   14.57*   0.39
adaptive	A00_S3	A00		S3	150	3	49993	14.002981	2.19	0.15639527040706547	15.62	34.92	0.29	3      49993  1.4002981E+01  2.19E+00   15.62   34.92    0.29
adaptive	A00_S3	A00		S3	151	4	50020	11.909732	0.183	0.015365585052627547	1.54	3.43	1.98	4      50020  1.1909732E+01  1.83E-01    1.54    3.43*   1.98
adaptive	A00_S3	A00		S3	152	5	49999	12.521942	0.283	0.022600328287736837	2.26	5.05	3.4	5      49999  1.2521942E+01  2.83E-01    2.26    5.05    3.40
adaptive	A00_S3	A00		S3	154	5	250035	12.085491	0.15	0.01241157682381295	1.24	6.21	3.4	5     250035  1.2085491E+01  1.50E-01    1.24    6.21    3.40    1.17   5
fixed	A00_S3_F0	A00	F0	S3	144	1	50018	10.373132	2.28	0.21979861048717012	21.97	49.14	3.87	1      50018  1.0373132E+01  2.28E+00   21.97   49.14*   3.87
fixed	A00_S3_F0	A00	F0	S3	145	2	50005	11.923455	0.777	0.06516567555293327	6.52	14.57	0.39	2      50005  1.1923455E+01  7.77E-01    6.52   14.57*   0.39
fixed	A00_S3_F0	A00	F0	S3	146	3	49993	14.002981	2.19	0.15639527040706547	15.62	34.92	0.29	3      49993  1.4002981E+01  2.19E+00   15.62   34.92    0.29
fixed	A00_S3_F0	A00	F0	S3	147	4	50020	11.909732	0.183	0.015365585052627547	1.54	3.43	1.98	4      50020  1.1909732E+01  1.83E-01    1.54    3.43*   1.98
fixed	A00_S3_F0	A00	F0	S3	148	5	49999	12.521942	0.283	0.022600328287736837	2.26	5.05	3.4	5      49999  1.2521942E+01  2.83E-01    2.26    5.05    3.40
fixed	A00_S3_F0	A00	F0	S3	150	5	250035	12.085491	0.15	0.01241157682381295	1.24	6.21	3.4	5     250035  1.2085491E+01  1.50E-01    1.24    6.21    3.40    1.17   5
fixed	A00_S3_F0	A00	F0	S3	153	6	199999	12.103357	0.0663	0.005477819087712606	0.55	2.45	3.18	6     199999  1.2103357E+01  6.63E-02    0.55    2.45*   3.18
fixed	A00_S3_F0	A00	F0	S3	154	7	199999	12.153595	0.07	0.005759612690730604	0.58	2.58	1.58	7     199999  1.2153595E+01  7.00E-02    0.58    2.58    1.58
fixed	A00_S3_F0	A00	F0	S3	155	8	199999	12.133655	0.0704	0.005802043984273495	0.58	2.6	1.77	8     199999  1.2133655E+01  7.04E-02    0.58    2.60    1.77
fixed	A00_S3_F0	A00	F0	S3	157	8	599997	12.129176	0.0397	0.003273099508161148	0.33	2.54	1.77	8     599997  1.2129176E+01  3.97E-02    0.33    2.54    1.77    0.14   3
fixed	A00_S3_F1	A00	F1	S3	144	1	50018	10.373132	2.28	0.21979861048717012	21.97	49.14	3.87	1      50018  1.0373132E+01  2.28E+00   21.97   49.14*   3.87
fixed	A00_S3_F1	A00	F1	S3	145	2	50005	11.923455	0.777	0.06516567555293327	6.52	14.57	0.39	2      50005  1.1923455E+01  7.77E-01    6.52   14.57*   0.39
fixed	A00_S3_F1	A00	F1	S3	146	3	49993	14.002981	2.19	0.15639527040706547	15.62	34.92	0.29	3      49993  1.4002981E+01  2.19E+00   15.62   34.92    0.29
fixed	A00_S3_F1	A00	F1	S3	147	4	50020	11.909732	0.183	0.015365585052627547	1.54	3.43	1.98	4      50020  1.1909732E+01  1.83E-01    1.54    3.43*   1.98
fixed	A00_S3_F1	A00	F1	S3	148	5	49999	12.521942	0.283	0.022600328287736837	2.26	5.05	3.4	5      49999  1.2521942E+01  2.83E-01    2.26    5.05    3.40
fixed	A00_S3_F1	A00	F1	S3	150	5	250035	12.085491	0.15	0.01241157682381295	1.24	6.21	3.4	5     250035  1.2085491E+01  1.50E-01    1.24    6.21    3.40    1.17   5
fixed	A00_S3_F1	A00	F1	S3	153	6	600001	12.054561	0.0363	0.003011308333833144	0.3	2.33	2.3	6     600001  1.2054561E+01  3.63E-02    0.30    2.33*   2.30
fixed	A00_S3_F1	A00	F1	S3	155	6	600001	12.054561	0.0363	0.003011308333833144	0.3	2.33	2.3	6     600001  1.2054561E+01  3.63E-02    0.30    2.33    2.30
fixed	A00_S3_F2	A00	F2	S3	144	1	50018	10.373132	2.28	0.21979861048717012	21.97	49.14	3.87	1      50018  1.0373132E+01  2.28E+00   21.97   49.14*   3.87
fixed	A00_S3_F2	A00	F2	S3	145	2	50005	11.923455	0.777	0.06516567555293327	6.52	14.57	0.39	2      50005  1.1923455E+01  7.77E-01    6.52   14.57*   0.39
fixed	A00_S3_F2	A00	F2	S3	146	3	49993	14.002981	2.19	0.15639527040706547	15.62	34.92	0.29	3      49993  1.4002981E+01  2.19E+00   15.62   34.92    0.29
fixed	A00_S3_F2	A00	F2	S3	147	4	50020	11.909732	0.183	0.015365585052627547	1.54	3.43	1.98	4      50020  1.1909732E+01  1.83E-01    1.54    3.43*   1.98
fixed	A00_S3_F2	A00	F2	S3	148	5	49999	12.521942	0.283	0.022600328287736837	2.26	5.05	3.4	5      49999  1.2521942E+01  2.83E-01    2.26    5.05    3.40
fixed	A00_S3_F2	A00	F2	S3	150	5	250035	12.085491	0.15	0.01241157682381295	1.24	6.21	3.4	5     250035  1.2085491E+01  1.50E-01    1.24    6.21    3.40    1.17   5
fixed	A00_S3_F2	A00	F2	S3	153	6	1984873	12.722185	0.569	0.04472502168456126	4.47	62.97	0.1	6    1984873  1.2722185E+01  5.69E-01    4.47   62.97    0.10
fixed	A00_S3_F2	A00	F2	S3	155	6	1984873	12.722185	0.569	0.04472502168456126	4.47	62.97	0.1	6    1984873  1.2722185E+01  5.69E-01    4.47   62.97    0.10
adaptive	A00_S4	A00		S4	148	1	49991	13.306071	2.12	0.15932576941758392	15.94	35.65	5.35	1      49991  1.3306071E+01  2.12E+00   15.94   35.65*   5.35
adaptive	A00_S4	A00		S4	149	2	50001	12.393508	0.397	0.032032899805285155	3.2	7.16	1.33	2      50001  1.2393508E+01  3.97E-01    3.20    7.16*   1.33
adaptive	A00_S4	A00		S4	150	3	50000	12.239397	0.178	0.014543200126607543	1.45	3.25	2.87	3      50000  1.2239397E+01  1.78E-01    1.45    3.25*   2.87
adaptive	A00_S4	A00		S4	151	4	50008	12.003336	0.123	0.01024715129194084	1.02	2.29	5.55	4      50008  1.2003336E+01  1.23E-01    1.02    2.29*   5.55
adaptive	A00_S4	A00		S4	152	5	50013	12.254521	0.156	0.012729995729739253	1.27	2.85	4.91	5      50013  1.2254521E+01  1.56E-01    1.27    2.85    4.91
adaptive	A00_S4	A00		S4	154	5	250013	12.14469	0.083	0.006834262546018054	0.68	3.42	4.91	5     250013  1.2144690E+01  8.30E-02    0.68    3.42    4.91    0.70   5
fixed	A00_S4_F0	A00	F0	S4	144	1	49991	13.306071	2.12	0.15932576941758392	15.94	35.65	5.35	1      49991  1.3306071E+01  2.12E+00   15.94   35.65*   5.35
fixed	A00_S4_F0	A00	F0	S4	145	2	50001	12.393508	0.397	0.032032899805285155	3.2	7.16	1.33	2      50001  1.2393508E+01  3.97E-01    3.20    7.16*   1.33
fixed	A00_S4_F0	A00	F0	S4	146	3	50000	12.239397	0.178	0.014543200126607543	1.45	3.25	2.87	3      50000  1.2239397E+01  1.78E-01    1.45    3.25*   2.87
fixed	A00_S4_F0	A00	F0	S4	147	4	50008	12.003336	0.123	0.01024715129194084	1.02	2.29	5.55	4      50008  1.2003336E+01  1.23E-01    1.02    2.29*   5.55
fixed	A00_S4_F0	A00	F0	S4	148	5	50013	12.254521	0.156	0.012729995729739253	1.27	2.85	4.91	5      50013  1.2254521E+01  1.56E-01    1.27    2.85    4.91
fixed	A00_S4_F0	A00	F0	S4	150	5	250013	12.14469	0.083	0.006834262546018054	0.68	3.42	4.91	5     250013  1.2144690E+01  8.30E-02    0.68    3.42    4.91    0.70   5
fixed	A00_S4_F0	A00	F0	S4	153	6	199996	12.19604	0.142	0.011643123505662493	1.17	5.21	1.94	6     199996  1.2196040E+01  1.42E-01    1.17    5.21    1.94
fixed	A00_S4_F0	A00	F0	S4	154	7	199996	15.091465	2.91	0.19282422216796052	19.28	86.22	0.06	7     199996  1.5091465E+01  2.91E+00   19.28   86.22    0.06
fixed	A00_S4_F0	A00	F0	S4	155	8	199996	12.098081	0.0633	0.005232234765166475	0.52	2.34	3.48	8     199996  1.2098081E+01  6.33E-02    0.52    2.34*   3.48
fixed	A00_S4_F0	A00	F0	S4	157	8	599988	12.115448	0.0578	0.004770768691343481	0.48	3.69	3.48	8     599988  1.2115448E+01  5.78E-02    0.48    3.69    3.48    0.72   3
fixed	A00_S4_F1	A00	F1	S4	144	1	49991	13.306071	2.12	0.15932576941758392	15.94	35.65	5.35	1      49991  1.3306071E+01  2.12E+00   15.94   35.65*   5.35
fixed	A00_S4_F1	A00	F1	S4	145	2	50001	12.393508	0.397	0.032032899805285155	3.2	7.16	1.33	2      50001  1.2393508E+01  3.97E-01    3.20    7.16*   1.33
fixed	A00_S4_F1	A00	F1	S4	146	3	50000	12.239397	0.178	0.014543200126607543	1.45	3.25	2.87	3      50000  1.2239397E+01  1.78E-01    1.45    3.25*   2.87
fixed	A00_S4_F1	A00	F1	S4	147	4	50008	12.003336	0.123	0.01024715129194084	1.02	2.29	5.55	4      50008  1.2003336E+01  1.23E-01    1.02    2.29*   5.55
fixed	A00_S4_F1	A00	F1	S4	148	5	50013	12.254521	0.156	0.012729995729739253	1.27	2.85	4.91	5      50013  1.2254521E+01  1.56E-01    1.27    2.85    4.91
fixed	A00_S4_F1	A00	F1	S4	150	5	250013	12.14469	0.083	0.006834262546018054	0.68	3.42	4.91	5     250013  1.2144690E+01  8.30E-02    0.68    3.42    4.91    0.70   5
fixed	A00_S4_F1	A00	F1	S4	153	6	599999	12.109544	0.0536	0.004426260807178206	0.44	3.43	1.57	6     599999  1.2109544E+01  5.36E-02    0.44    3.43    1.57
fixed	A00_S4_F1	A00	F1	S4	155	6	599999	12.109544	0.0536	0.004426260807178206	0.44	3.43	1.57	6     599999  1.2109544E+01  5.36E-02    0.44    3.43    1.57
fixed	A00_S4_F2	A00	F2	S4	144	1	49991	13.306071	2.12	0.15932576941758392	15.94	35.65	5.35	1      49991  1.3306071E+01  2.12E+00   15.94   35.65*   5.35
fixed	A00_S4_F2	A00	F2	S4	145	2	50001	12.393508	0.397	0.032032899805285155	3.2	7.16	1.33	2      50001  1.2393508E+01  3.97E-01    3.20    7.16*   1.33
fixed	A00_S4_F2	A00	F2	S4	146	3	50000	12.239397	0.178	0.014543200126607543	1.45	3.25	2.87	3      50000  1.2239397E+01  1.78E-01    1.45    3.25*   2.87
fixed	A00_S4_F2	A00	F2	S4	147	4	50008	12.003336	0.123	0.01024715129194084	1.02	2.29	5.55	4      50008  1.2003336E+01  1.23E-01    1.02    2.29*   5.55
fixed	A00_S4_F2	A00	F2	S4	148	5	50013	12.254521	0.156	0.012729995729739253	1.27	2.85	4.91	5      50013  1.2254521E+01  1.56E-01    1.27    2.85    4.91
fixed	A00_S4_F2	A00	F2	S4	150	5	250013	12.14469	0.083	0.006834262546018054	0.68	3.42	4.91	5     250013  1.2144690E+01  8.30E-02    0.68    3.42    4.91    0.70   5
fixed	A00_S4_F2	A00	F2	S4	153	6	1947598	12.379362	0.154	0.01244005951195223	1.25	17.4	0.09	6    1947598  1.2379362E+01  1.54E-01    1.25   17.40    0.09
fixed	A00_S4_F2	A00	F2	S4	155	6	1947598	12.379362	0.154	0.01244005951195223	1.25	17.4	0.09	6    1947598  1.2379362E+01  1.54E-01    1.25   17.40    0.09
adaptive	A00_S5	A00		S5	148	1	49996	11.573752	2.29	0.19786150593169785	19.76	44.18	4.8	1      49996  1.1573752E+01  2.29E+00   19.76   44.18*   4.80
adaptive	A00_S5	A00		S5	149	2	50010	13.145592	0.924	0.07028972145187527	7.03	15.71	0.36	2      50010  1.3145592E+01  9.24E-01    7.03   15.71*   0.36
adaptive	A00_S5	A00		S5	150	3	50006	12.049375	0.266	0.022075833808807514	2.21	4.93	1.06	3      50006  1.2049375E+01  2.66E-01    2.21    4.93*   1.06
adaptive	A00_S5	A00		S5	151	4	50001	12.199428	0.168	0.01377113746644515	1.37	3.07	2.7	4      50001  1.2199428E+01  1.68E-01    1.37    3.07*   2.70
adaptive	A00_S5	A00		S5	152	5	49997	12.181585	0.141	0.011574848429001644	1.16	2.58	4.92	5      49997  1.2181585E+01  1.41E-01    1.16    2.58*   4.92
adaptive	A00_S5	A00		S5	154	5	250010	12.179378	0.0992	0.008144915117996995	0.81	4.07	4.92	5     250010  1.2179378E+01  9.92E-02    0.81    4.07    4.92    0.35   5
fixed	A00_S5_F0	A00	F0	S5	144	1	49996	11.573752	2.29	0.19786150593169785	19.76	44.18	4.8	1      49996  1.1573752E+01  2.29E+00   19.76   44.18*   4.80
fixed	A00_S5_F0	A00	F0	S5	145	2	50010	13.145592	0.924	0.07028972145187527	7.03	15.71	0.36	2      50010  1.3145592E+01  9.24E-01    7.03   15.71*   0.36
fixed	A00_S5_F0	A00	F0	S5	146	3	50006	12.049375	0.266	0.022075833808807514	2.21	4.93	1.06	3      50006  1.2049375E+01  2.66E-01    2.21    4.93*   1.06
fixed	A00_S5_F0	A00	F0	S5	147	4	50001	12.199428	0.168	0.01377113746644515	1.37	3.07	2.7	4      50001  1.2199428E+01  1.68E-01    1.37    3.07*   2.70
fixed	A00_S5_F0	A00	F0	S5	148	5	49997	12.181585	0.141	0.011574848429001644	1.16	2.58	4.92	5      49997  1.2181585E+01  1.41E-01    1.16    2.58*   4.92
fixed	A00_S5_F0	A00	F0	S5	150	5	250010	12.179378	0.0992	0.008144915117996995	0.81	4.07	4.92	5     250010  1.2179378E+01  9.92E-02    0.81    4.07    4.92    0.35   5
fixed	A00_S5_F0	A00	F0	S5	153	6	200001	12.37895	0.269	0.021730437557304944	2.17	9.7	3.32	6     200001  1.2378950E+01  2.69E-01    2.17    9.70    3.32
fixed	A00_S5_F0	A00	F0	S5	154	7	200001	35.781133	23.6	0.6595654754699914	65.99	295.13	0.02	7     200001  3.5781133E+01  2.36E+01   65.99  295.13    0.02
fixed	A00_S5_F0	A00	F0	S5	155	8	200001	12.072967	0.0646	0.005350797364061378	0.54	2.39	3.55	8     200001  1.2072967E+01  6.46E-02    0.54    2.39*   3.55
fixed	A00_S5_F0	A00	F0	S5	157	8	600003	12.089864	0.0628	0.005194433948967498	0.52	4.02	3.55	8     600003  1.2089864E+01  6.28E-02    0.52    4.02    3.55    1.12   3
fixed	A00_S5_F1	A00	F1	S5	144	1	49996	11.573752	2.29	0.19786150593169785	19.76	44.18	4.8	1      49996  1.1573752E+01  2.29E+00   19.76   44.18*   4.80
fixed	A00_S5_F1	A00	F1	S5	145	2	50010	13.145592	0.924	0.07028972145187527	7.03	15.71	0.36	2      50010  1.3145592E+01  9.24E-01    7.03   15.71*   0.36
fixed	A00_S5_F1	A00	F1	S5	146	3	50006	12.049375	0.266	0.022075833808807514	2.21	4.93	1.06	3      50006  1.2049375E+01  2.66E-01    2.21    4.93*   1.06
fixed	A00_S5_F1	A00	F1	S5	147	4	50001	12.199428	0.168	0.01377113746644515	1.37	3.07	2.7	4      50001  1.2199428E+01  1.68E-01    1.37    3.07*   2.70
fixed	A00_S5_F1	A00	F1	S5	148	5	49997	12.181585	0.141	0.011574848429001644	1.16	2.58	4.92	5      49997  1.2181585E+01  1.41E-01    1.16    2.58*   4.92
fixed	A00_S5_F1	A00	F1	S5	150	5	250010	12.179378	0.0992	0.008144915117996995	0.81	4.07	4.92	5     250010  1.2179378E+01  9.92E-02    0.81    4.07    4.92    0.35   5
fixed	A00_S5_F1	A00	F1	S5	153	6	599995	13.192121	0.999	0.07572701918061546	7.57	58.64	0.09	6     599995  1.3192121E+01  9.99E-01    7.57   58.64    0.09
fixed	A00_S5_F1	A00	F1	S5	155	6	599995	13.192121	0.999	0.07572701918061546	7.57	58.64	0.09	6     599995  1.3192121E+01  9.99E-01    7.57   58.64    0.09
fixed	A00_S5_F2	A00	F2	S5	144	1	49996	11.573752	2.29	0.19786150593169785	19.76	44.18	4.8	1      49996  1.1573752E+01  2.29E+00   19.76   44.18*   4.80
fixed	A00_S5_F2	A00	F2	S5	145	2	50010	13.145592	0.924	0.07028972145187527	7.03	15.71	0.36	2      50010  1.3145592E+01  9.24E-01    7.03   15.71*   0.36
fixed	A00_S5_F2	A00	F2	S5	146	3	50006	12.049375	0.266	0.022075833808807514	2.21	4.93	1.06	3      50006  1.2049375E+01  2.66E-01    2.21    4.93*   1.06
fixed	A00_S5_F2	A00	F2	S5	147	4	50001	12.199428	0.168	0.01377113746644515	1.37	3.07	2.7	4      50001  1.2199428E+01  1.68E-01    1.37    3.07*   2.70
fixed	A00_S5_F2	A00	F2	S5	148	5	49997	12.181585	0.141	0.011574848429001644	1.16	2.58	4.92	5      49997  1.2181585E+01  1.41E-01    1.16    2.58*   4.92
fixed	A00_S5_F2	A00	F2	S5	150	5	250010	12.179378	0.0992	0.008144915117996995	0.81	4.07	4.92	5     250010  1.2179378E+01  9.92E-02    0.81    4.07    4.92    0.35   5
fixed	A00_S5_F2	A00	F2	S5	153	6	1963970	12.49576	0.306	0.024488306433542256	2.45	34.31	0.08	6    1963970  1.2495760E+01  3.06E-01    2.45   34.31    0.08
fixed	A00_S5_F2	A00	F2	S5	155	6	1963970	12.49576	0.306	0.024488306433542256	2.45	34.31	0.08	6    1963970  1.2495760E+01  3.06E-01    2.45   34.31    0.08
adaptive	A00_S6	A00		S6	148	1	50000	11.90476	1.9	0.15960002553600408	16.0	35.77	5.19	1      50000  1.1904760E+01  1.90E+00   16.00   35.77*   5.19
adaptive	A00_S6	A00		S6	149	2	50008	11.538993	0.422	0.036571648843187615	3.66	8.18	1.02	2      50008  1.1538993E+01  4.22E-01    3.66    8.18*   1.02
adaptive	A00_S6	A00		S6	150	3	50019	11.933958	0.187	0.015669570816320956	1.57	3.51	2.8	3      50019  1.1933958E+01  1.87E-01    1.57    3.51*   2.80
adaptive	A00_S6	A00		S6	151	4	50018	12.109389	0.134	0.01106579365812759	1.11	2.47	4.38	4      50018  1.2109389E+01  1.34E-01    1.11    2.47*   4.38
adaptive	A00_S6	A00		S6	152	5	49990	12.189999	0.369	0.030270716182995584	3.03	6.77	5.33	5      49990  1.2189999E+01  3.69E-01    3.03    6.77    5.33
adaptive	A00_S6	A00		S6	154	5	250035	12.030823	0.101	0.008395103144647711	0.84	4.21	5.33	5     250035  1.2030823E+01  1.01E-01    0.84    4.21    5.33    0.54   5
fixed	A00_S6_F0	A00	F0	S6	144	1	50000	11.90476	1.9	0.15960002553600408	16.0	35.77	5.19	1      50000  1.1904760E+01  1.90E+00   16.00   35.77*   5.19
fixed	A00_S6_F0	A00	F0	S6	145	2	50008	11.538993	0.422	0.036571648843187615	3.66	8.18	1.02	2      50008  1.1538993E+01  4.22E-01    3.66    8.18*   1.02
fixed	A00_S6_F0	A00	F0	S6	146	3	50019	11.933958	0.187	0.015669570816320956	1.57	3.51	2.8	3      50019  1.1933958E+01  1.87E-01    1.57    3.51*   2.80
fixed	A00_S6_F0	A00	F0	S6	147	4	50018	12.109389	0.134	0.01106579365812759	1.11	2.47	4.38	4      50018  1.2109389E+01  1.34E-01    1.11    2.47*   4.38
fixed	A00_S6_F0	A00	F0	S6	148	5	49990	12.189999	0.369	0.030270716182995584	3.03	6.77	5.33	5      49990  1.2189999E+01  3.69E-01    3.03    6.77    5.33
fixed	A00_S6_F0	A00	F0	S6	150	5	250035	12.030823	0.101	0.008395103144647711	0.84	4.21	5.33	5     250035  1.2030823E+01  1.01E-01    0.84    4.21    5.33    0.54   5
fixed	A00_S6_F0	A00	F0	S6	153	6	199993	12.084434	0.058	0.0047995628094787066	0.48	2.15	3.64	6     199993  1.2084434E+01  5.80E-02    0.48    2.15*   3.64
fixed	A00_S6_F0	A00	F0	S6	154	7	199993	12.286915	0.179	0.014568343640368634	1.45	6.5	1.09	7     199993  1.2286915E+01  1.79E-01    1.45    6.50    1.09
fixed	A00_S6_F0	A00	F0	S6	155	8	199993	12.030486	0.0572	0.004754587636775439	0.48	2.13	3.56	8     199993  1.2030486E+01  5.72E-02    0.48    2.13*   3.56
fixed	A00_S6_F0	A00	F0	S6	157	8	599979	12.068474	0.0397	0.0032895625412127497	0.33	2.55	3.56	8     599979  1.2068474E+01  3.97E-02    0.33    2.55    3.56    1.01   3
fixed	A00_S6_F1	A00	F1	S6	144	1	50000	11.90476	1.9	0.15960002553600408	16.0	35.77	5.19	1      50000  1.1904760E+01  1.90E+00   16.00   35.77*   5.19
fixed	A00_S6_F1	A00	F1	S6	145	2	50008	11.538993	0.422	0.036571648843187615	3.66	8.18	1.02	2      50008  1.1538993E+01  4.22E-01    3.66    8.18*   1.02
fixed	A00_S6_F1	A00	F1	S6	146	3	50019	11.933958	0.187	0.015669570816320956	1.57	3.51	2.8	3      50019  1.1933958E+01  1.87E-01    1.57    3.51*   2.80
fixed	A00_S6_F1	A00	F1	S6	147	4	50018	12.109389	0.134	0.01106579365812759	1.11	2.47	4.38	4      50018  1.2109389E+01  1.34E-01    1.11    2.47*   4.38
fixed	A00_S6_F1	A00	F1	S6	148	5	49990	12.189999	0.369	0.030270716182995584	3.03	6.77	5.33	5      49990  1.2189999E+01  3.69E-01    3.03    6.77    5.33
fixed	A00_S6_F1	A00	F1	S6	150	5	250035	12.030823	0.101	0.008395103144647711	0.84	4.21	5.33	5     250035  1.2030823E+01  1.01E-01    0.84    4.21    5.33    0.54   5
fixed	A00_S6_F1	A00	F1	S6	153	6	599996	12.064304	0.034	0.002818231370827526	0.28	2.18	1.92	6     599996  1.2064304E+01  3.40E-02    0.28    2.18*   1.92
fixed	A00_S6_F1	A00	F1	S6	155	6	599996	12.064304	0.034	0.002818231370827526	0.28	2.18	1.92	6     599996  1.2064304E+01  3.40E-02    0.28    2.18    1.92
fixed	A00_S6_F2	A00	F2	S6	144	1	50000	11.90476	1.9	0.15960002553600408	16.0	35.77	5.19	1      50000  1.1904760E+01  1.90E+00   16.00   35.77*   5.19
fixed	A00_S6_F2	A00	F2	S6	145	2	50008	11.538993	0.422	0.036571648843187615	3.66	8.18	1.02	2      50008  1.1538993E+01  4.22E-01    3.66    8.18*   1.02
fixed	A00_S6_F2	A00	F2	S6	146	3	50019	11.933958	0.187	0.015669570816320956	1.57	3.51	2.8	3      50019  1.1933958E+01  1.87E-01    1.57    3.51*   2.80
fixed	A00_S6_F2	A00	F2	S6	147	4	50018	12.109389	0.134	0.01106579365812759	1.11	2.47	4.38	4      50018  1.2109389E+01  1.34E-01    1.11    2.47*   4.38
fixed	A00_S6_F2	A00	F2	S6	148	5	49990	12.189999	0.369	0.030270716182995584	3.03	6.77	5.33	5      49990  1.2189999E+01  3.69E-01    3.03    6.77    5.33
fixed	A00_S6_F2	A00	F2	S6	150	5	250035	12.030823	0.101	0.008395103144647711	0.84	4.21	5.33	5     250035  1.2030823E+01  1.01E-01    0.84    4.21    5.33    0.54   5
fixed	A00_S6_F2	A00	F2	S6	153	6	1991985	12.083597	0.0382	0.0031613103283732484	0.32	4.46	1.18	6    1991985  1.2083597E+01  3.82E-02    0.32    4.46*   1.18
fixed	A00_S6_F2	A00	F2	S6	155	6	1991985	12.083597	0.0382	0.0031613103283732484	0.32	4.46	1.18	6    1991985  1.2083597E+01  3.82E-02    0.32    4.46    1.18
adaptive	A00_S7	A00		S7	148	1	50002	13.562599	2.12	0.15631222304810458	15.66	35.01	5.03	1      50002  1.3562599E+01  2.12E+00   15.66   35.01*   5.03
adaptive	A00_S7	A00		S7	149	2	50007	12.204198	0.584	0.04785238653125752	4.79	10.71	0.78	2      50007  1.2204198E+01  5.84E-01    4.79   10.71*   0.78
adaptive	A00_S7	A00		S7	150	3	49995	12.083694	0.236	0.019530451532453568	1.95	4.37	1.55	3      49995  1.2083694E+01  2.36E-01    1.95    4.37*   1.55
adaptive	A00_S7	A00		S7	151	4	50006	11.985593	0.145	0.012097857819800823	1.21	2.7	3.11	4      50006  1.1985593E+01  1.45E-01    1.21    2.70*   3.11
adaptive	A00_S7	A00		S7	152	5	50003	12.029557	0.121	0.010058558266110714	1.0	2.24	5.14	5      50003  1.2029557E+01  1.21E-01    1.00    2.24*   5.14
adaptive	A00_S7	A00		S7	154	5	250013	12.02752	0.0852	0.0070837545894748034	0.71	3.54	5.14	5     250013  1.2027520E+01  8.52E-02    0.71    3.54    5.14    0.19   5
fixed	A00_S7_F0	A00	F0	S7	144	1	50002	13.562599	2.12	0.15631222304810458	15.66	35.01	5.03	1      50002  1.3562599E+01  2.12E+00   15.66   35.01*   5.03
fixed	A00_S7_F0	A00	F0	S7	145	2	50007	12.204198	0.584	0.04785238653125752	4.79	10.71	0.78	2      50007  1.2204198E+01  5.84E-01    4.79   10.71*   0.78
fixed	A00_S7_F0	A00	F0	S7	146	3	49995	12.083694	0.236	0.019530451532453568	1.95	4.37	1.55	3      49995  1.2083694E+01  2.36E-01    1.95    4.37*   1.55
fixed	A00_S7_F0	A00	F0	S7	147	4	50006	11.985593	0.145	0.012097857819800823	1.21	2.7	3.11	4      50006  1.1985593E+01  1.45E-01    1.21    2.70*   3.11
fixed	A00_S7_F0	A00	F0	S7	148	5	50003	12.029557	0.121	0.010058558266110714	1.0	2.24	5.14	5      50003  1.2029557E+01  1.21E-01    1.00    2.24*   5.14
fixed	A00_S7_F0	A00	F0	S7	150	5	250013	12.02752	0.0852	0.0070837545894748034	0.71	3.54	5.14	5     250013  1.2027520E+01  8.52E-02    0.71    3.54    5.14    0.19   5
fixed	A00_S7_F0	A00	F0	S7	153	6	200001	12.052224	0.0601	0.004986631512988806	0.5	2.23	4.38	6     200001  1.2052224E+01  6.01E-02    0.50    2.23*   4.38
fixed	A00_S7_F0	A00	F0	S7	154	7	200001	12.058769	0.0773	0.006410272889380333	0.64	2.87	3.98	7     200001  1.2058769E+01  7.73E-02    0.64    2.87    3.98
fixed	A00_S7_F0	A00	F0	S7	155	8	200001	12.297454	0.195	0.015856940794411592	1.59	7.1	1.7	8     200001  1.2297454E+01  1.95E-01    1.59    7.10    1.70
fixed	A00_S7_F0	A00	F0	S7	157	8	600003	12.068255	0.0461	0.003819939170990338	0.38	2.96	1.7	8     600003  1.2068255E+01  4.61E-02    0.38    2.96    1.70    0.73   3
fixed	A00_S7_F1	A00	F1	S7	144	1	50002	13.562599	2.12	0.15631222304810458	15.66	35.01	5.03	1      50002  1.3562599E+01  2.12E+00   15.66   35.01*   5.03
fixed	A00_S7_F1	A00	F1	S7	145	2	50007	12.204198	0.584	0.04785238653125752	4.79	10.71	0.78	2      50007  1.2204198E+01  5.84E-01    4.79   10.71*   0.78
fixed	A00_S7_F1	A00	F1	S7	146	3	49995	12.083694	0.236	0.019530451532453568	1.95	4.37	1.55	3      49995  1.2083694E+01  2.36E-01    1.95    4.37*   1.55
fixed	A00_S7_F1	A00	F1	S7	147	4	50006	11.985593	0.145	0.012097857819800823	1.21	2.7	3.11	4      50006  1.1985593E+01  1.45E-01    1.21    2.70*   3.11
fixed	A00_S7_F1	A00	F1	S7	148	5	50003	12.029557	0.121	0.010058558266110714	1.0	2.24	5.14	5      50003  1.2029557E+01  1.21E-01    1.00    2.24*   5.14
fixed	A00_S7_F1	A00	F1	S7	150	5	250013	12.02752	0.0852	0.0070837545894748034	0.71	3.54	5.14	5     250013  1.2027520E+01  8.52E-02    0.71    3.54    5.14    0.19   5
fixed	A00_S7_F1	A00	F1	S7	153	6	599999	13.31862	1.27	0.09535522449022497	9.5	73.59	0.11	6     599999  1.3318620E+01  1.27E+00    9.50   73.59    0.11
fixed	A00_S7_F1	A00	F1	S7	155	6	599999	13.31862	1.27	0.09535522449022497	9.5	73.59	0.11	6     599999  1.3318620E+01  1.27E+00    9.50   73.59    0.11
fixed	A00_S7_F2	A00	F2	S7	144	1	50002	13.562599	2.12	0.15631222304810458	15.66	35.01	5.03	1      50002  1.3562599E+01  2.12E+00   15.66   35.01*   5.03
fixed	A00_S7_F2	A00	F2	S7	145	2	50007	12.204198	0.584	0.04785238653125752	4.79	10.71	0.78	2      50007  1.2204198E+01  5.84E-01    4.79   10.71*   0.78
fixed	A00_S7_F2	A00	F2	S7	146	3	49995	12.083694	0.236	0.019530451532453568	1.95	4.37	1.55	3      49995  1.2083694E+01  2.36E-01    1.95    4.37*   1.55
fixed	A00_S7_F2	A00	F2	S7	147	4	50006	11.985593	0.145	0.012097857819800823	1.21	2.7	3.11	4      50006  1.1985593E+01  1.45E-01    1.21    2.70*   3.11
fixed	A00_S7_F2	A00	F2	S7	148	5	50003	12.029557	0.121	0.010058558266110714	1.0	2.24	5.14	5      50003  1.2029557E+01  1.21E-01    1.00    2.24*   5.14
fixed	A00_S7_F2	A00	F2	S7	150	5	250013	12.02752	0.0852	0.0070837545894748034	0.71	3.54	5.14	5     250013  1.2027520E+01  8.52E-02    0.71    3.54    5.14    0.19   5
fixed	A00_S7_F2	A00	F2	S7	153	6	1947802	21.476691	9.03	0.4204558327910012	42.07	587.11	0.01	6    1947802  2.1476691E+01  9.03E+00   42.07  587.11    0.01
fixed	A00_S7_F2	A00	F2	S7	155	6	1947802	21.476691	9.03	0.4204558327910012	42.07	587.11	0.01	6    1947802  2.1476691E+01  9.03E+00   42.07  587.11    0.01
adaptive	A01_S0	A01		S0	148	1	124976	13.373262	1.35	0.10094769697924112	10.09	35.68	2.64	1     124976  1.3373262E+01  1.35E+00   10.09   35.68*   2.64
adaptive	A01_S0	A01		S0	149	2	124988	14.72972	2.51	0.17040378228506717	17.07	60.35	1.14	2     124988  1.4729720E+01  2.51E+00   17.07   60.35    1.14
adaptive	A01_S0	A01		S0	151	2	249964	13.676645	1.19	0.08700964308132586	8.69	43.47	1.14	2     249964  1.3676645E+01  1.19E+00    8.69   43.47    1.14    0.23   2
fixed	A01_S0_F0	A01	F0	S0	144	1	124976	13.373262	1.35	0.10094769697924112	10.09	35.68	2.64	1     124976  1.3373262E+01  1.35E+00   10.09   35.68*   2.64
fixed	A01_S0_F0	A01	F0	S0	145	2	124988	14.72972	2.51	0.17040378228506717	17.07	60.35	1.14	2     124988  1.4729720E+01  2.51E+00   17.07   60.35    1.14
fixed	A01_S0_F0	A01	F0	S0	147	2	249964	13.676645	1.19	0.08700964308132586	8.69	43.47	1.14	2     249964  1.3676645E+01  1.19E+00    8.69   43.47    1.14    0.23   2
fixed	A01_S0_F0	A01	F0	S0	150	3	199991	12.19878	0.0983	0.008058182867467074	0.81	3.6	3.32	3     199991  1.2198780E+01  9.83E-02    0.81    3.60*   3.32
fixed	A01_S0_F0	A01	F0	S0	151	4	199991	13.69371	1.4	0.10223672036285272	10.25	45.84	1.12	4     199991  1.3693710E+01  1.40E+00   10.25   45.84    1.12
fixed	A01_S0_F0	A01	F0	S0	152	5	199991	12.152626	0.105	0.008640107907541958	0.86	3.87	2.92	5     199991  1.2152626E+01  1.05E-01    0.86    3.87*   2.92
fixed	A01_S0_F0	A01	F0	S0	154	5	599973	12.181187	0.0717	0.005886125875910123	0.59	4.56	2.92	5     599973  1.2181187E+01  7.17E-02    0.59    4.56    2.92    0.63   3
fixed	A01_S0_F1	A01	F1	S0	144	1	124976	13.373262	1.35	0.10094769697924112	10.09	35.68	2.64	1     124976  1.3373262E+01  1.35E+00   10.09   35.68*   2.64
fixed	A01_S0_F1	A01	F1	S0	145	2	124988	14.72972	2.51	0.17040378228506717	17.07	60.35	1.14	2     124988  1.4729720E+01  2.51E+00   17.07   60.35    1.14
fixed	A01_S0_F1	A01	F1	S0	147	2	249964	13.676645	1.19	0.08700964308132586	8.69	43.47	1.14	2     249964  1.3676645E+01  1.19E+00    8.69   43.47    1.14    0.23   2
fixed	A01_S0_F1	A01	F1	S0	150	3	599999	12.212972	0.0509	0.004167699721247212	0.42	3.23	2.07	3     599999  1.2212972E+01  5.09E-02    0.42    3.23*   2.07
fixed	A01_S0_F1	A01	F1	S0	152	3	599999	12.212972	0.0509	0.004167699721247212	0.42	3.23	2.07	3     599999  1.2212972E+01  5.09E-02    0.42    3.23    2.07
fixed	A01_S0_F2	A01	F2	S0	144	1	124976	13.373262	1.35	0.10094769697924112	10.09	35.68	2.64	1     124976  1.3373262E+01  1.35E+00   10.09   35.68*   2.64
fixed	A01_S0_F2	A01	F2	S0	145	2	124988	14.72972	2.51	0.17040378228506717	17.07	60.35	1.14	2     124988  1.4729720E+01  2.51E+00   17.07   60.35    1.14
fixed	A01_S0_F2	A01	F2	S0	147	2	249964	13.676645	1.19	0.08700964308132586	8.69	43.47	1.14	2     249964  1.3676645E+01  1.19E+00    8.69   43.47    1.14    0.23   2
fixed	A01_S0_F2	A01	F2	S0	150	3	1942487	12.483612	0.137	0.010974387861461892	1.1	15.33	0.68	3    1942487  1.2483612E+01  1.37E-01    1.10   15.33*   0.68
fixed	A01_S0_F2	A01	F2	S0	152	3	1942487	12.483612	0.137	0.010974387861461892	1.1	15.33	0.68	3    1942487  1.2483612E+01  1.37E-01    1.10   15.33    0.68
adaptive	A01_S1	A01		S1	148	1	124981	13.581602	1.35	0.09939917249820751	9.95	35.17	2.99	1     124981  1.3581602E+01  1.35E+00    9.95   35.17*   2.99
adaptive	A01_S1	A01		S1	149	2	124993	12.073348	0.183	0.01515735320476143	1.52	5.36	1.91	2     124993  1.2073348E+01  1.83E-01    1.52    5.36*   1.91
adaptive	A01_S1	A01		S1	151	2	249974	12.100566	0.182	0.01504061876113894	1.5	7.5	1.91	2     249974  1.2100566E+01  1.82E-01    1.50    7.50    1.91    1.22   2
fixed	A01_S1_F0	A01	F0	S1	144	1	124981	13.581602	1.35	0.09939917249820751	9.95	35.17	2.99	1     124981  1.3581602E+01  1.35E+00    9.95   35.17*   2.99
fixed	A01_S1_F0	A01	F0	S1	145	2	124993	12.073348	0.183	0.01515735320476143	1.52	5.36	1.91	2     124993  1.2073348E+01  1.83E-01    1.52    5.36*   1.91
fixed	A01_S1_F0	A01	F0	S1	147	2	249974	12.100566	0.182	0.01504061876113894	1.5	7.5	1.91	2     249974  1.2100566E+01  1.82E-01    1.50    7.50    1.91    1.22   2
fixed	A01_S1_F0	A01	F0	S1	150	3	199993	12.428918	0.141	0.011344511243858877	1.13	5.07	3.03	3     199993  1.2428918E+01  1.41E-01    1.13    5.07*   3.03
fixed	A01_S1_F0	A01	F0	S1	151	4	199993	12.189963	0.0803	0.0065873866885404	0.66	2.95	3.19	4     199993  1.2189963E+01  8.03E-02    0.66    2.95*   3.19
fixed	A01_S1_F0	A01	F0	S1	152	5	199993	12.223822	0.0958	0.007837156005707543	0.78	3.51	3.02	5     199993  1.2223822E+01  9.58E-02    0.78    3.51    3.02
fixed	A01_S1_F0	A01	F0	S1	154	5	599979	12.239992	0.0564	0.004607846148919051	0.46	3.57	3.02	5     599979  1.2239992E+01  5.64E-02    0.46    3.57    3.02    1.11   3
fixed	A01_S1_F1	A01	F1	S1	144	1	124981	13.581602	1.35	0.09939917249820751	9.95	35.17	2.99	1     124981  1.3581602E+01  1.35E+00    9.95   35.17*   2.99
fixed	A01_S1_F1	A01	F1	S1	145	2	124993	12.073348	0.183	0.01515735320476143	1.52	5.36	1.91	2     124993  1.2073348E+01  1.83E-01    1.52    5.36*   1.91
fixed	A01_S1_F1	A01	F1	S1	147	2	249974	12.100566	0.182	0.01504061876113894	1.5	7.5	1.91	2     249974  1.2100566E+01  1.82E-01    1.50    7.50    1.91    1.22   2
fixed	A01_S1_F1	A01	F1	S1	150	3	599997	12.842227	0.45	0.03504065143841485	3.5	27.13	1.13	3     599997  1.2842227E+01  4.50E-01    3.50   27.13    1.13
fixed	A01_S1_F1	A01	F1	S1	152	3	599997	12.842227	0.45	0.03504065143841485	3.5	27.13	1.13	3     599997  1.2842227E+01  4.50E-01    3.50   27.13    1.13
fixed	A01_S1_F2	A01	F2	S1	144	1	124981	13.581602	1.35	0.09939917249820751	9.95	35.17	2.99	1     124981  1.3581602E+01  1.35E+00    9.95   35.17*   2.99
fixed	A01_S1_F2	A01	F2	S1	145	2	124993	12.073348	0.183	0.01515735320476143	1.52	5.36	1.91	2     124993  1.2073348E+01  1.83E-01    1.52    5.36*   1.91
fixed	A01_S1_F2	A01	F2	S1	147	2	249974	12.100566	0.182	0.01504061876113894	1.5	7.5	1.91	2     249974  1.2100566E+01  1.82E-01    1.50    7.50    1.91    1.22   2
fixed	A01_S1_F2	A01	F2	S1	150	3	1977643	221.72243	209.0	0.9426200136810696	94.33	1326.53	0.02	3    1977643  2.2172243E+02  2.09E+02   94.33 1326.53    0.02
fixed	A01_S1_F2	A01	F2	S1	152	3	1977643	221.72243	209.0	0.9426200136810696	94.33	1326.53	0.02	3    1977643  2.2172243E+02  2.09E+02   94.33 1326.53    0.02
adaptive	A01_S2	A01		S2	148	1	125006	11.994676	1.21	0.10087808957907658	10.13	35.8	2.72	1     125006  1.1994676E+01  1.21E+00   10.13   35.80*   2.72
adaptive	A01_S2	A01		S2	149	2	124992	12.52399	0.202	0.01612904513657389	1.61	5.7	1.3	2     124992  1.2523990E+01  2.02E-01    1.61    5.70*   1.30
adaptive	A01_S2	A01		S2	151	2	249998	12.50975	0.199	0.01590759207817902	1.59	7.96	1.3	2     249998  1.2509750E+01  1.99E-01    1.59    7.96    1.30    0.18   2
fixed	A01_S2_F0	A01	F0	S2	144	1	125006	11.994676	1.21	0.10087808957907658	10.13	35.8	2.72	1     125006  1.1994676E+01  1.21E+00   10.13   35.80*   2.72
fixed	A01_S2_F0	A01	F0	S2	145	2	124992	12.52399	0.202	0.01612904513657389	1.61	5.7	1.3	2     124992  1.2523990E+01  2.02E-01    1.61    5.70*   1.30
fixed	A01_S2_F0	A01	F0	S2	147	2	249998	12.50975	0.199	0.01590759207817902	1.59	7.96	1.3	2     249998  1.2509750E+01  1.99E-01    1.59    7.96    1.30    0.18   2
fixed	A01_S2_F0	A01	F0	S2	150	3	199991	12.194339	0.075	0.006150394867651293	0.62	2.75	2.67	3     199991  1.2194339E+01  7.50E-02    0.62    2.75*   2.67
fixed	A01_S2_F0	A01	F0	S2	151	4	199991	12.164453	0.0731	0.006009312543687743	0.6	2.69	2.95	4     199991  1.2164453E+01  7.31E-02    0.60    2.69*   2.95
fixed	A01_S2_F0	A01	F0	S2	152	5	199991	12.26303	0.098	0.00799149965383759	0.8	3.58	2.23	5     199991  1.2263030E+01  9.80E-02    0.80    3.58    2.23
fixed	A01_S2_F0	A01	F0	S2	154	5	599973	12.197637	0.0462	0.003787618864211158	0.38	2.93	2.23	5     599973  1.2197637E+01  4.62E-02    0.38    2.93    2.23    0.33   3
fixed	A01_S2_F1	A01	F1	S2	144	1	125006	11.994676	1.21	0.10087808957907658	10.13	35.8	2.72	1     125006  1.1994676E+01  1.21E+00   10.13   35.80*   2.72
fixed	A01_S2_F1	A01	F1	S2	145	2	124992	12.52399	0.202	0.01612904513657389	1.61	5.7	1.3	2     124992  1.2523990E+01  2.02E-01    1.61    5.70*   1.30
fixed	A01_S2_F1	A01	F1	S2	147	2	249998	12.50975	0.199	0.01590759207817902	1.59	7.96	1.3	2     249998  1.2509750E+01  1.99E-01    1.59    7.96    1.30    0.18   2
fixed	A01_S2_F1	A01	F1	S2	150	3	599996	12.759579	0.526	0.04122393066417003	4.12	31.92	1.78	3     599996  1.2759579E+01  5.26E-01    4.12   31.92    1.78
fixed	A01_S2_F1	A01	F1	S2	152	3	599996	12.759579	0.526	0.04122393066417003	4.12	31.92	1.78	3     599996  1.2759579E+01  5.26E-01    4.12   31.92    1.78
fixed	A01_S2_F2	A01	F2	S2	144	1	125006	11.994676	1.21	0.10087808957907658	10.13	35.8	2.72	1     125006  1.1994676E+01  1.21E+00   10.13   35.80*   2.72
fixed	A01_S2_F2	A01	F2	S2	145	2	124992	12.52399	0.202	0.01612904513657389	1.61	5.7	1.3	2     124992  1.2523990E+01  2.02E-01    1.61    5.70*   1.30
fixed	A01_S2_F2	A01	F2	S2	147	2	249998	12.50975	0.199	0.01590759207817902	1.59	7.96	1.3	2     249998  1.2509750E+01  1.99E-01    1.59    7.96    1.30    0.18   2
fixed	A01_S2_F2	A01	F2	S2	150	3	1989061	12.838946	0.427	0.03325818178532724	3.33	46.92	0.1	3    1989061  1.2838946E+01  4.27E-01    3.33   46.92    0.10
fixed	A01_S2_F2	A01	F2	S2	152	3	1989061	12.838946	0.427	0.03325818178532724	3.33	46.92	0.1	3    1989061  1.2838946E+01  4.27E-01    3.33   46.92    0.10
adaptive	A01_S3	A01		S3	148	1	125001	11.287919	1.28	0.11339556919216022	11.35	40.13	2.73	1     125001  1.1287919E+01  1.28E+00   11.35   40.13*   2.73
adaptive	A01_S3	A01		S3	149	2	125002	12.25119	0.246	0.020079682055375844	2.01	7.11	0.93	2     125002  1.2251190E+01  2.46E-01    2.01    7.11*   0.93
adaptive	A01_S3	A01		S3	151	2	250003	12.216853	0.242	0.019808701962772245	1.98	9.9	0.93	2     250003  1.2216853E+01  2.42E-01    1.98    9.90    0.93    0.55   2
fixed	A01_S3_F0	A01	F0	S3	144	1	125001	11.287919	1.28	0.11339556919216022	11.35	40.13	2.73	1     125001  1.1287919E+01  1.28E+00   11.35   40.13*   2.73
fixed	A01_S3_F0	A01	F0	S3	145	2	125002	12.25119	0.246	0.020079682055375844	2.01	7.11	0.93	2     125002  1.2251190E+01  2.46E-01    2.01    7.11*   0.93
fixed	A01_S3_F0	A01	F0	S3	147	2	250003	12.216853	0.242	0.019808701962772245	1.98	9.9	0.93	2     250003  1.2216853E+01  2.42E-01    1.98    9.90    0.93    0.55   2
fixed	A01_S3_F0	A01	F0	S3	150	3	199997	14.590046	1.74	0.11925939095736916	11.96	53.49	0.48	3     199997  1.4590046E+01  1.74E+00   11.96   53.49    0.48
fixed	A01_S3_F0	A01	F0	S3	151	4	199997	12.149758	0.0759	0.006247038006847543	0.62	2.79	2.5	4     199997  1.2149758E+01  7.59E-02    0.62    2.79*   2.50
fixed	A01_S3_F0	A01	F0	S3	152	5	199997	12.231505	0.0786	0.006426028522246445	0.64	2.88	2.33	5     199997  1.2231505E+01  7.86E-02    0.64    2.88    2.33
fixed	A01_S3_F0	A01	F0	S3	154	5	599991	12.191545	0.0546	0.004478513592821911	0.45	3.47	2.33	5     599991  1.2191545E+01  5.46E-02    0.45    3.47    2.33    1.23   3
fixed	A01_S3_F1	A01	F1	S3	144	1	125001	11.287919	1.28	0.11339556919216022	11.35	40.13	2.73	1     125001  1.1287919E+01  1.28E+00   11.35   40.13*   2.73
fixed	A01_S3_F1	A01	F1	S3	145	2	125002	12.25119	0.246	0.020079682055375844	2.01	7.11	0.93	2     125002  1.2251190E+01  2.46E-01    2.01    7.11*   0.93
fixed	A01_S3_F1	A01	F1	S3	147	2	250003	12.216853	0.242	0.019808701962772245	1.98	9.9	0.93	2     250003  1.2216853E+01  2.42E-01    1.98    9.90    0.93    0.55   2
fixed	A01_S3_F1	A01	F1	S3	150	3	600010	13.174986	0.597	0.04531314112971353	4.53	35.12	0.42	3     600010  1.3174986E+01  5.97E-01    4.53   35.12    0.42
fixed	A01_S3_F1	A01	F1	S3	152	3	600010	13.174986	0.597	0.04531314112971353	4.53	35.12	0.42	3     600010  1.3174986E+01  5.97E-01    4.53   35.12    0.42
fixed	A01_S3_F2	A01	F2	S3	144	1	125001	11.287919	1.28	0.11339556919216022	11.35	40.13	2.73	1     125001  1.1287919E+01  1.28E+00   11.35   40.13*   2.73
fixed	A01_S3_F2	A01	F2	S3	145	2	125002	12.25119	0.246	0.020079682055375844	2.01	7.11	0.93	2     125002  1.2251190E+01  2.46E-01    2.01    7.11*   0.93
fixed	A01_S3_F2	A01	F2	S3	147	2	250003	12.216853	0.242	0.019808701962772245	1.98	9.9	0.93	2     250003  1.2216853E+01  2.42E-01    1.98    9.90    0.93    0.55   2
fixed	A01_S3_F2	A01	F2	S3	150	3	1987982	15.115071	1.47	0.09725392623031674	9.74	137.37	0.05	3    1987982  1.5115071E+01  1.47E+00    9.74  137.37    0.05
fixed	A01_S3_F2	A01	F2	S3	152	3	1987982	15.115071	1.47	0.09725392623031674	9.74	137.37	0.05	3    1987982  1.5115071E+01  1.47E+00    9.74  137.37    0.05
adaptive	A01_S4	A01		S4	148	1	124973	12.502392	1.3	0.10398010236761093	10.43	36.88	3.28	1     124973  1.2502392E+01  1.30E+00   10.43   36.88*   3.28
adaptive	A01_S4	A01		S4	149	2	124992	12.337047	0.175	0.014184917995367934	1.42	5.01	1.92	2     124992  1.2337047E+01  1.75E-01    1.42    5.01*   1.92
adaptive	A01_S4	A01		S4	151	2	249965	12.33996	0.173	0.014019494390581493	1.4	7.01	1.92	2     249965  1.2339960E+01  1.73E-01    1.40    7.01    1.92    0.02   2
fixed	A01_S4_F0	A01	F0	S4	144	1	124973	12.502392	1.3	0.10398010236761093	10.43	36.88	3.28	1     124973  1.2502392E+01  1.30E+00   10.43   36.88*   3.28
fixed	A01_S4_F0	A01	F0	S4	145	2	124992	12.337047	0.175	0.014184917995367934	1.42	5.01	1.92	2     124992  1.2337047E+01  1.75E-01    1.42    5.01*   1.92
fixed	A01_S4_F0	A01	F0	S4	147	2	249965	12.33996	0.173	0.014019494390581493	1.4	7.01	1.92	2     249965  1.2339960E+01  1.73E-01    1.40    7.01    1.92    0.02   2
fixed	A01_S4_F0	A01	F0	S4	150	3	200017	12.110166	0.0831	0.006862003377988378	0.69	3.07	3.36	3     200017  1.2110166E+01  8.31E-02    0.69    3.07*   3.36
fixed	A01_S4_F0	A01	F0	S4	151	4	200017	15.76765	3.49	0.22133926108202556	22.15	99.06	0.37	4     200017  1.5767650E+01  3.49E+00   22.15   99.06    0.37
fixed	A01_S4_F0	A01	F0	S4	152	5	200017	12.169222	0.0746	0.0061302193353034405	0.61	2.74	3.69	5     200017  1.2169222E+01  7.46E-02    0.61    2.74*   3.69
fixed	A01_S4_F0	A01	F0	S4	154	5	600051	12.143771	0.0555	0.004570244284086055	0.46	3.54	3.69	5     600051  1.2143771E+01  5.55E-02    0.46    3.54    3.69    0.68   3
fixed	A01_S4_F1	A01	F1	S4	144	1	124973	12.502392	1.3	0.10398010236761093	10.43	36.88	3.28	1     124973  1.2502392E+01  1.30E+00   10.43   36.88*   3.28
fixed	A01_S4_F1	A01	F1	S4	145	2	124992	12.337047	0.175	0.014184917995367934	1.42	5.01	1.92	2     124992  1.2337047E+01  1.75E-01    1.42    5.01*   1.92
fixed	A01_S4_F1	A01	F1	S4	147	2	249965	12.33996	0.173	0.014019494390581493	1.4	7.01	1.92	2     249965  1.2339960E+01  1.73E-01    1.40    7.01    1.92    0.02   2
fixed	A01_S4_F1	A01	F1	S4	150	3	600023	12.182954	0.0458	0.0037593509751411686	0.38	2.91	1.5	3     600023  1.2182954E+01  4.58E-02    0.38    2.91*   1.50
fixed	A01_S4_F1	A01	F1	S4	152	3	600023	12.182954	0.0458	0.0037593509751411686	0.38	2.91	1.5	3     600023  1.2182954E+01  4.58E-02    0.38    2.91    1.50
fixed	A01_S4_F2	A01	F2	S4	144	1	124973	12.502392	1.3	0.10398010236761093	10.43	36.88	3.28	1     124973  1.2502392E+01  1.30E+00   10.43   36.88*   3.28
fixed	A01_S4_F2	A01	F2	S4	145	2	124992	12.337047	0.175	0.014184917995367934	1.42	5.01	1.92	2     124992  1.2337047E+01  1.75E-01    1.42    5.01*   1.92
fixed	A01_S4_F2	A01	F2	S4	147	2	249965	12.33996	0.173	0.014019494390581493	1.4	7.01	1.92	2     249965  1.2339960E+01  1.73E-01    1.40    7.01    1.92    0.02   2
fixed	A01_S4_F2	A01	F2	S4	150	3	1986368	12.242962	0.0315	0.0025729067851390864	0.26	3.62	0.9	3    1986368  1.2242962E+01  3.15E-02    0.26    3.62*   0.90
fixed	A01_S4_F2	A01	F2	S4	152	3	1986368	12.242962	0.0315	0.0025729067851390864	0.26	3.62	0.9	3    1986368  1.2242962E+01  3.15E-02    0.26    3.62    0.90
adaptive	A01_S5	A01		S5	148	1	124991	13.108455	1.52	0.11595569424466881	11.61	41.05	2.68	1     124991  1.3108455E+01  1.52E+00   11.61   41.05*   2.68
adaptive	A01_S5	A01		S5	149	2	124985	12.236815	0.182	0.014873151224399486	1.49	5.27	1.69	2     124985  1.2236815E+01  1.82E-01    1.49    5.27*   1.69
adaptive	A01_S5	A01		S5	151	2	249976	12.249155	0.181	0.014776529483054137	1.48	7.39	1.69	2     249976  1.2249155E+01  1.81E-01    1.48    7.39    1.69    0.32   2
fixed	A01_S5_F0	A01	F0	S5	144	1	124991	13.108455	1.52	0.11595569424466881	11.61	41.05	2.68	1     124991  1.3108455E+01  1.52E+00   11.61   41.05*   2.68
fixed	A01_S5_F0	A01	F0	S5	145	2	124985	12.236815	0.182	0.014873151224399486	1.49	5.27	1.69	2     124985  1.2236815E+01  1.82E-01    1.49    5.27*   1.69
fixed	A01_S5_F0	A01	F0	S5	147	2	249976	12.249155	0.181	0.014776529483054137	1.48	7.39	1.69	2     249976  1.2249155E+01  1.81E-01    1.48    7.39    1.69    0.32   2
fixed	A01_S5_F0	A01	F0	S5	150	3	199999	12.738636	0.386	0.030301517368107544	3.03	13.54	3.17	3     199999  1.2738636E+01  3.86E-01    3.03   13.54    3.17
fixed	A01_S5_F0	A01	F0	S5	151	4	199999	17.331199	5.26	0.3034989096830519	30.34	135.7	1.77	4     199999  1.7331199E+01  5.26E+00   30.34  135.70    1.77
fixed	A01_S5_F0	A01	F0	S5	152	5	199999	35.851274	23.7	0.6610643738908694	66.11	295.64	0.21	5     199999  3.5851274E+01  2.37E+01   66.11  295.64    0.21
fixed	A01_S5_F0	A01	F0	S5	154	5	599997	12.769266	0.384	0.03007220618632269	3.01	23.32	0.21	5     599997  1.2769266E+01  3.84E-01    3.01   23.32    0.21    0.85   3
fixed	A01_S5_F1	A01	F1	S5	144	1	124991	13.108455	1.52	0.11595569424466881	11.61	41.05	2.68	1     124991  1.3108455E+01  1.52E+00   11.61   41.05*   2.68
fixed	A01_S5_F1	A01	F1	S5	145	2	124985	12.236815	0.182	0.014873151224399486	1.49	5.27	1.69	2     124985  1.2236815E+01  1.82E-01    1.49    5.27*   1.69
fixed	A01_S5_F1	A01	F1	S5	147	2	249976	12.249155	0.181	0.014776529483054137	1.48	7.39	1.69	2     249976  1.2249155E+01  1.81E-01    1.48    7.39    1.69    0.32   2
fixed	A01_S5_F1	A01	F1	S5	150	3	600014	12.424783	0.138	0.011106833817540315	1.11	8.63	2.04	3     600014  1.2424783E+01  1.38E-01    1.11    8.63    2.04
fixed	A01_S5_F1	A01	F1	S5	152	3	600014	12.424783	0.138	0.011106833817540315	1.11	8.63	2.04	3     600014  1.2424783E+01  1.38E-01    1.11    8.63    2.04
fixed	A01_S5_F2	A01	F2	S5	144	1	124991	13.108455	1.52	0.11595569424466881	11.61	41.05	2.68	1     124991  1.3108455E+01  1.52E+00   11.61   41.05*   2.68
fixed	A01_S5_F2	A01	F2	S5	145	2	124985	12.236815	0.182	0.014873151224399486	1.49	5.27	1.69	2     124985  1.2236815E+01  1.82E-01    1.49    5.27*   1.69
fixed	A01_S5_F2	A01	F2	S5	147	2	249976	12.249155	0.181	0.014776529483054137	1.48	7.39	1.69	2     249976  1.2249155E+01  1.81E-01    1.48    7.39    1.69    0.32   2
fixed	A01_S5_F2	A01	F2	S5	150	3	1977784	12.493322	0.158	0.012646756403140814	1.26	17.75	0.86	3    1977784  1.2493322E+01  1.58E-01    1.26   17.75    0.86
fixed	A01_S5_F2	A01	F2	S5	152	3	1977784	12.493322	0.158	0.012646756403140814	1.26	17.75	0.86	3    1977784  1.2493322E+01  1.58E-01    1.26   17.75    0.86
adaptive	A01_S6	A01		S6	148	1	125013	12.997023	1.3	0.10002290524530118	9.96	35.23	3.43	1     125013  1.2997023E+01  1.30E+00    9.96   35.23*   3.43
adaptive	A01_S6	A01		S6	149	2	124999	12.089336	0.186	0.015385460375987566	1.54	5.45	1.59	2     124999  1.2089336E+01  1.86E-01    1.54    5.45*   1.59
adaptive	A01_S6	A01		S6	151	2	250012	12.107767	0.185	0.015279448307850654	1.52	7.62	1.59	2     250012  1.2107767E+01  1.85E-01    1.52    7.62    1.59    0.48   2
fixed	A01_S6_F0	A01	F0	S6	144	1	125013	12.997023	1.3	0.10002290524530118	9.96	35.23	3.43	1     125013  1.2997023E+01  1.30E+00    9.96   35.23*   3.43
fixed	A01_S6_F0	A01	F0	S6	145	2	124999	12.089336	0.186	0.015385460375987566	1.54	5.45	1.59	2     124999  1.2089336E+01  1.86E-01    1.54    5.45*   1.59
fixed	A01_S6_F0	A01	F0	S6	147	2	250012	12.107767	0.185	0.015279448307850654	1.52	7.62	1.59	2     250012  1.2107767E+01  1.85E-01    1.52    7.62    1.59    0.48   2
fixed	A01_S6_F0	A01	F0	S6	150	3	199997	12.467546	0.111	0.00890311533641023	0.89	3.98	2.74	3     199997  1.2467546E+01  1.11E-01    0.89    3.98*   2.74
fixed	A01_S6_F0	A01	F0	S6	151	4	199997	12.222435	0.078	0.0063817070820994335	0.64	2.85	2.85	4     199997  1.2222435E+01  7.80E-02    0.64    2.85*   2.85
fixed	A01_S6_F0	A01	F0	S6	152	5	199997	12.528584	0.27	0.021550719538616654	2.16	9.65	2.06	5     199997  1.2528584E+01  2.70E-01    2.16    9.65    2.06
fixed	A01_S6_F0	A01	F0	S6	154	5	599991	12.315461	0.0621	0.005042442178981363	0.5	3.91	2.06	5     599991  1.2315461E+01  6.21E-02    0.50    3.91    2.06    1.96   3
fixed	A01_S6_F1	A01	F1	S6	144	1	125013	12.997023	1.3	0.10002290524530118	9.96	35.23	3.43	1     125013  1.2997023E+01  1.30E+00    9.96   35.23*   3.43
fixed	A01_S6_F1	A01	F1	S6	145	2	124999	12.089336	0.186	0.015385460375987566	1.54	5.45	1.59	2     124999  1.2089336E+01  1.86E-01    1.54    5.45*   1.59
fixed	A01_S6_F1	A01	F1	S6	147	2	250012	12.107767	0.185	0.015279448307850654	1.52	7.62	1.59	2     250012  1.2107767E+01  1.85E-01    1.52    7.62    1.59    0.48   2
fixed	A01_S6_F1	A01	F1	S6	150	3	600003	13.35831	0.689	0.05157838079816983	5.16	39.94	0.29	3     600003  1.3358310E+01  6.89E-01    5.16   39.94    0.29
fixed	A01_S6_F1	A01	F1	S6	152	3	600003	13.35831	0.689	0.05157838079816983	5.16	39.94	0.29	3     600003  1.3358310E+01  6.89E-01    5.16   39.94    0.29
fixed	A01_S6_F2	A01	F2	S6	144	1	125013	12.997023	1.3	0.10002290524530118	9.96	35.23	3.43	1     125013  1.2997023E+01  1.30E+00    9.96   35.23*   3.43
fixed	A01_S6_F2	A01	F2	S6	145	2	124999	12.089336	0.186	0.015385460375987566	1.54	5.45	1.59	2     124999  1.2089336E+01  1.86E-01    1.54    5.45*   1.59
fixed	A01_S6_F2	A01	F2	S6	147	2	250012	12.107767	0.185	0.015279448307850654	1.52	7.62	1.59	2     250012  1.2107767E+01  1.85E-01    1.52    7.62    1.59    0.48   2
fixed	A01_S6_F2	A01	F2	S6	150	3	1994576	16.673549	3.51	0.21051307073257167	21.03	297.06	0.01	3    1994576  1.6673549E+01  3.51E+00   21.03  297.06    0.01
fixed	A01_S6_F2	A01	F2	S6	152	3	1994576	16.673549	3.51	0.21051307073257167	21.03	297.06	0.01	3    1994576  1.6673549E+01  3.51E+00   21.03  297.06    0.01
adaptive	A01_S7	A01		S7	148	1	124982	14.077421	1.4	0.09945003420725998	9.95	35.17	2.83	1     124982  1.4077421E+01  1.40E+00    9.95   35.17*   2.83
adaptive	A01_S7	A01		S7	149	2	125020	12.151094	0.17	0.013990509825699646	1.4	4.93	1.75	2     125020  1.2151094E+01  1.70E-01    1.40    4.93*   1.75
adaptive	A01_S7	A01		S7	151	2	250002	12.178924	0.168	0.013794322059978369	1.38	6.91	1.75	2     250002  1.2178924E+01  1.68E-01    1.38    6.91    1.75    1.86   2
fixed	A01_S7_F0	A01	F0	S7	144	1	124982	14.077421	1.4	0.09945003420725998	9.95	35.17	2.83	1     124982  1.4077421E+01  1.40E+00    9.95   35.17*   2.83
fixed	A01_S7_F0	A01	F0	S7	145	2	125020	12.151094	0.17	0.013990509825699646	1.4	4.93	1.75	2     125020  1.2151094E+01  1.70E-01    1.40    4.93*   1.75
fixed	A01_S7_F0	A01	F0	S7	147	2	250002	12.178924	0.168	0.013794322059978369	1.38	6.91	1.75	2     250002  1.2178924E+01  1.68E-01    1.38    6.91    1.75    1.86   2
fixed	A01_S7_F0	A01	F0	S7	150	3	199999	12.281026	0.107	0.00871262710460836	0.87	3.89	3.29	3     199999  1.2281026E+01  1.07E-01    0.87    3.89*   3.29
fixed	A01_S7_F0	A01	F0	S7	151	4	199999	12.325024	0.255	0.0206896148843199	2.07	9.26	3.15	4     199999  1.2325024E+01  2.55E-01    2.07    9.26    3.15
fixed	A01_S7_F0	A01	F0	S7	152	5	199999	14.560209	1.69	0.1160697624601405	11.62	51.97	1.56	5     199999  1.4560209E+01  1.69E+00   11.62   51.97    1.56
fixed	A01_S7_F0	A01	F0	S7	154	5	599997	12.295281	0.0984	0.008003070446295616	0.8	6.2	1.56	5     599997  1.2295281E+01  9.84E-02    0.80    6.20    1.56    0.91   3
fixed	A01_S7_F1	A01	F1	S7	144	1	124982	14.077421	1.4	0.09945003420725998	9.95	35.17	2.83	1     124982  1.4077421E+01  1.40E+00    9.95   35.17*   2.83
fixed	A01_S7_F1	A01	F1	S7	145	2	125020	12.151094	0.17	0.013990509825699646	1.4	4.93	1.75	2     125020  1.2151094E+01  1.70E-01    1.40    4.93*   1.75
fixed	A01_S7_F1	A01	F1	S7	147	2	250002	12.178924	0.168	0.013794322059978369	1.38	6.91	1.75	2     250002  1.2178924E+01  1.68E-01    1.38    6.91    1.75    1.86   2
fixed	A01_S7_F1	A01	F1	S7	150	3	599994	12.258158	0.0516	0.004209441581679727	0.42	3.26	2.51	3     599994  1.2258158E+01  5.16E-02    0.42    3.26*   2.51
fixed	A01_S7_F1	A01	F1	S7	152	3	599994	12.258158	0.0516	0.004209441581679727	0.42	3.26	2.51	3     599994  1.2258158E+01  5.16E-02    0.42    3.26    2.51
fixed	A01_S7_F2	A01	F2	S7	144	1	124982	14.077421	1.4	0.09945003420725998	9.95	35.17	2.83	1     124982  1.4077421E+01  1.40E+00    9.95   35.17*   2.83
fixed	A01_S7_F2	A01	F2	S7	145	2	125020	12.151094	0.17	0.013990509825699646	1.4	4.93	1.75	2     125020  1.2151094E+01  1.70E-01    1.40    4.93*   1.75
fixed	A01_S7_F2	A01	F2	S7	147	2	250002	12.178924	0.168	0.013794322059978369	1.38	6.91	1.75	2     250002  1.2178924E+01  1.68E-01    1.38    6.91    1.75    1.86   2
fixed	A01_S7_F2	A01	F2	S7	150	3	1937280	17.820478	5.26	0.29516604436760896	29.52	410.86	0.27	3    1937280  1.7820478E+01  5.26E+00   29.52  410.86    0.27
fixed	A01_S7_F2	A01	F2	S7	152	3	1937280	17.820478	5.26	0.29516604436760896	29.52	410.86	0.27	3    1937280  1.7820478E+01  5.26E+00   29.52  410.86    0.27
adaptive	A02_S0	A02		S0	148	1	249999	13.582165	1.03	0.07583474357733101	7.58	37.88	1.73	1     249999  1.3582165E+01  1.03E+00    7.58   37.88*   1.73
adaptive	A02_S0	A02		S0	150	1	249999	13.582165	1.03	0.07583474357733101	7.58	37.88	1.73	1     249999  1.3582165E+01  1.03E+00    7.58   37.88    1.73
fixed	A02_S0_F0	A02	F0	S0	144	1	249999	13.582165	1.03	0.07583474357733101	7.58	37.88	1.73	1     249999  1.3582165E+01  1.03E+00    7.58   37.88*   1.73
fixed	A02_S0_F0	A02	F0	S0	146	1	249999	13.582165	1.03	0.07583474357733101	7.58	37.88	1.73	1     249999  1.3582165E+01  1.03E+00    7.58   37.88    1.73
fixed	A02_S0_F0	A02	F0	S0	149	2	200378	12.671944	0.275	0.021701484791915117	2.17	9.73	1.44	2     200378  1.2671944E+01  2.75E-01    2.17    9.73*   1.44
fixed	A02_S0_F0	A02	F0	S0	150	3	200378	12.59144	0.335	0.026605376350917767	2.66	11.92	1.55	3     200378  1.2591440E+01  3.35E-01    2.66   11.92    1.55
fixed	A02_S0_F0	A02	F0	S0	151	4	200378	12.141569	0.126	0.010377571465434162	1.04	4.65	1.75	4     200378  1.2141569E+01  1.26E-01    1.04    4.65*   1.75
fixed	A02_S0_F0	A02	F0	S0	153	4	601134	12.270945	0.108	0.008801278141170057	0.88	6.85	1.75	4     601134  1.2270945E+01  1.08E-01    0.88    6.85    1.75    2.04   3
fixed	A02_S0_F1	A02	F1	S0	144	1	249999	13.582165	1.03	0.07583474357733101	7.58	37.88	1.73	1     249999  1.3582165E+01  1.03E+00    7.58   37.88*   1.73
fixed	A02_S0_F1	A02	F1	S0	146	1	249999	13.582165	1.03	0.07583474357733101	7.58	37.88	1.73	1     249999  1.3582165E+01  1.03E+00    7.58   37.88    1.73
fixed	A02_S0_F1	A02	F1	S0	149	2	599974	12.658927	0.357	0.028201442349734696	2.82	21.84	0.89	2     599974  1.2658927E+01  3.57E-01    2.82   21.84*   0.89
fixed	A02_S0_F1	A02	F1	S0	151	2	599974	12.658927	0.357	0.028201442349734696	2.82	21.84	0.89	2     599974  1.2658927E+01  3.57E-01    2.82   21.84    0.89
fixed	A02_S0_F2	A02	F2	S0	144	1	249999	13.582165	1.03	0.07583474357733101	7.58	37.88	1.73	1     249999  1.3582165E+01  1.03E+00    7.58   37.88*   1.73
fixed	A02_S0_F2	A02	F2	S0	146	1	249999	13.582165	1.03	0.07583474357733101	7.58	37.88	1.73	1     249999  1.3582165E+01  1.03E+00    7.58   37.88    1.73
fixed	A02_S0_F2	A02	F2	S0	149	2	1999990	12.697205	0.228	0.01795670779514074	1.79	25.35	0.38	2    1999990  1.2697205E+01  2.28E-01    1.79   25.35*   0.38
fixed	A02_S0_F2	A02	F2	S0	151	2	1999990	12.697205	0.228	0.01795670779514074	1.79	25.35	0.38	2    1999990  1.2697205E+01  2.28E-01    1.79   25.35    0.38
adaptive	A02_S1	A02		S1	148	1	250013	12.926452	0.966	0.07473048288888552	7.47	37.35	2.06	1     250013  1.2926452E+01  9.66E-01    7.47   37.35*   2.06
adaptive	A02_S1	A02		S1	150	1	250013	12.926452	0.966	0.07473048288888552	7.47	37.35	2.06	1     250013  1.2926452E+01  9.66E-01    7.47   37.35    2.06
fixed	A02_S1_F0	A02	F0	S1	144	1	250013	12.926452	0.966	0.07473048288888552	7.47	37.35	2.06	1     250013  1.2926452E+01  9.66E-01    7.47   37.35*   2.06
fixed	A02_S1_F0	A02	F0	S1	146	1	250013	12.926452	0.966	0.07473048288888552	7.47	37.35	2.06	1     250013  1.2926452E+01  9.66E-01    7.47   37.35    2.06
fixed	A02_S1_F0	A02	F0	S1	149	2	200407	12.693406	0.222	0.017489395675203332	1.75	7.84	1.64	2     200407  1.2693406E+01  2.22E-01    1.75    7.84*   1.64
fixed	A02_S1_F0	A02	F0	S1	150	3	200407	12.062511	0.125	0.010362684850608633	1.04	4.65	1.88	3     200407  1.2062511E+01  1.25E-01    1.04    4.65*   1.88
fixed	A02_S1_F0	A02	F0	S1	151	4	200407	12.586408	0.2	0.01589015706466849	1.59	7.12	1.73	4     200407  1.2586408E+01  2.00E-01    1.59    7.12    1.73
fixed	A02_S1_F0	A02	F0	S1	153	4	601221	12.299627	0.0958	0.007788854084762083	0.78	6.04	1.73	4     601221  1.2299627E+01  9.58E-02    0.78    6.04    1.73    4.39   3
fixed	A02_S1_F1	A02	F1	S1	144	1	250013	12.926452	0.966	0.07473048288888552	7.47	37.35	2.06	1     250013  1.2926452E+01  9.66E-01    7.47   37.35*   2.06
fixed	A02_S1_F1	A02	F1	S1	146	1	250013	12.926452	0.966	0.07473048288888552	7.47	37.35	2.06	1     250013  1.2926452E+01  9.66E-01    7.47   37.35    2.06
fixed	A02_S1_F1	A02	F1	S1	149	2	600028	12.560128	0.178	0.014171830095999021	1.41	10.95	0.99	2     600028  1.2560128E+01  1.78E-01    1.41   10.95*   0.99
fixed	A02_S1_F1	A02	F1	S1	151	2	600028	12.560128	0.178	0.014171830095999021	1.41	10.95	0.99	2     600028  1.2560128E+01  1.78E-01    1.41   10.95    0.99
fixed	A02_S1_F2	A02	F2	S1	144	1	250013	12.926452	0.966	0.07473048288888552	7.47	37.35	2.06	1     250013  1.2926452E+01  9.66E-01    7.47   37.35*   2.06
fixed	A02_S1_F2	A02	F2	S1	146	1	250013	12.926452	0.966	0.07473048288888552	7.47	37.35	2.06	1     250013  1.2926452E+01  9.66E-01    7.47   37.35    2.06
fixed	A02_S1_F2	A02	F2	S1	149	2	2000042	42.790065	19.5	0.4557132596082759	45.54	644.05	0.04	2    2000042  4.2790065E+01  1.95E+01   45.54  644.05    0.04
fixed	A02_S1_F2	A02	F2	S1	151	2	2000042	42.790065	19.5	0.4557132596082759	45.54	644.05	0.04	2    2000042  4.2790065E+01  1.95E+01   45.54  644.05    0.04
adaptive	A02_S2	A02		S2	148	1	249992	12.427462	0.954	0.07676547311108253	7.68	38.4	1.81	1     249992  1.2427462E+01  9.54E-01    7.68   38.40*   1.81
adaptive	A02_S2	A02		S2	150	1	249992	12.427462	0.954	0.07676547311108253	7.68	38.4	1.81	1     249992  1.2427462E+01  9.54E-01    7.68   38.40    1.81
fixed	A02_S2_F0	A02	F0	S2	144	1	249992	12.427462	0.954	0.07676547311108253	7.68	38.4	1.81	1     249992  1.2427462E+01  9.54E-01    7.68   38.40*   1.81
fixed	A02_S2_F0	A02	F0	S2	146	1	249992	12.427462	0.954	0.07676547311108253	7.68	38.4	1.81	1     249992  1.2427462E+01  9.54E-01    7.68   38.40    1.81
fixed	A02_S2_F0	A02	F0	S2	149	2	200333	12.427014	0.168	0.013518935441772257	1.35	6.04	1.69	2     200333  1.2427014E+01  1.68E-01    1.35    6.04*   1.69
fixed	A02_S2_F0	A02	F0	S2	150	3	200333	12.531694	0.359	0.028647364035540607	2.87	12.84	1.22	3     200333  1.2531694E+01  3.59E-01    2.87   12.84    1.22
fixed	A02_S2_F0	A02	F0	S2	151	4	200333	12.295051	0.124	0.0100853587349902	1.01	4.52	1.92	4     200333  1.2295051E+01  1.24E-01    1.01    4.52*   1.92
fixed	A02_S2_F0	A02	F0	S2	153	4	600999	12.355427	0.0962	0.0077860522343744165	0.78	6.03	1.92	4     600999  1.2355427E+01  9.62E-02    0.78    6.03    1.92    0.33   3
fixed	A02_S2_F1	A02	F1	S2	144	1	249992	12.427462	0.954	0.07676547311108253	7.68	38.4	1.81	1     249992  1.2427462E+01  9.54E-01    7.68   38.40*   1.81
fixed	A02_S2_F1	A02	F1	S2	146	1	249992	12.427462	0.954	0.07676547311108253	7.68	38.4	1.81	1     249992  1.2427462E+01  9.54E-01    7.68   38.40    1.81
fixed	A02_S2_F1	A02	F1	S2	149	2	600030	12.370057	0.105	0.008488238979011981	0.85	6.57	1.34	2     600030  1.2370057E+01  1.05E-01    0.85    6.57*   1.34
fixed	A02_S2_F1	A02	F1	S2	151	2	600030	12.370057	0.105	0.008488238979011981	0.85	6.57	1.34	2     600030  1.2370057E+01  1.05E-01    0.85    6.57    1.34
fixed	A02_S2_F2	A02	F2	S2	144	1	249992	12.427462	0.954	0.07676547311108253	7.68	38.4	1.81	1     249992  1.2427462E+01  9.54E-01    7.68   38.40*   1.81
fixed	A02_S2_F2	A02	F2	S2	146	1	249992	12.427462	0.954	0.07676547311108253	7.68	38.4	1.81	1     249992  1.2427462E+01  9.54E-01    7.68   38.40    1.81
fixed	A02_S2_F2	A02	F2	S2	149	2	2000019	15.603148	3.12	0.19995964916823197	19.99	282.66	0.07	2    2000019  1.5603148E+01  3.12E+00   19.99  282.66    0.07
fixed	A02_S2_F2	A02	F2	S2	151	2	2000019	15.603148	3.12	0.19995964916823197	19.99	282.66	0.07	2    2000019  1.5603148E+01  3.12E+00   19.99  282.66    0.07
adaptive	A02_S3	A02		S3	148	1	249986	11.035796	0.824	0.07466611379913148	7.46	37.32	1.97	1     249986  1.1035796E+01  8.24E-01    7.46   37.32*   1.97
adaptive	A02_S3	A02		S3	150	1	249986	11.035796	0.824	0.07466611379913148	7.46	37.32	1.97	1     249986  1.1035796E+01  8.24E-01    7.46   37.32    1.97
fixed	A02_S3_F0	A02	F0	S3	144	1	249986	11.035796	0.824	0.07466611379913148	7.46	37.32	1.97	1     249986  1.1035796E+01  8.24E-01    7.46   37.32*   1.97
fixed	A02_S3_F0	A02	F0	S3	146	1	249986	11.035796	0.824	0.07466611379913148	7.46	37.32	1.97	1     249986  1.1035796E+01  8.24E-01    7.46   37.32    1.97
fixed	A02_S3_F0	A02	F0	S3	149	2	200389	12.238961	0.139	0.011357173211026656	1.14	5.1	1.71	2     200389  1.2238961E+01  1.39E-01    1.14    5.10*   1.71
fixed	A02_S3_F0	A02	F0	S3	150	3	200389	12.499272	0.17	0.013600792110132496	1.36	6.1	1.68	3     200389  1.2499272E+01  1.70E-01    1.36    6.10    1.68
fixed	A02_S3_F0	A02	F0	S3	151	4	200389	12.356458	0.134	0.01084453166109576	1.08	4.85	1.94	4     200389  1.2356458E+01  1.34E-01    1.08    4.85*   1.94
fixed	A02_S3_F0	A02	F0	S3	153	4	601167	12.348446	0.084	0.0068024753884011	0.68	5.28	1.94	4     601167  1.2348446E+01  8.40E-02    0.68    5.28    1.94    0.70   3
fixed	A02_S3_F1	A02	F1	S3	144	1	249986	11.035796	0.824	0.07466611379913148	7.46	37.32	1.97	1     249986  1.1035796E+01  8.24E-01    7.46   37.32*   1.97
fixed	A02_S3_F1	A02	F1	S3	146	1	249986	11.035796	0.824	0.07466611379913148	7.46	37.32	1.97	1     249986  1.1035796E+01  8.24E-01    7.46   37.32    1.97
fixed	A02_S3_F1	A02	F1	S3	149	2	599974	13.173658	0.745	0.05655224995213934	5.65	43.79	0.4	2     599974  1.3173658E+01  7.45E-01    5.65   43.79    0.40
fixed	A02_S3_F1	A02	F1	S3	151	2	599974	13.173658	0.745	0.05655224995213934	5.65	43.79	0.4	2     599974  1.3173658E+01  7.45E-01    5.65   43.79    0.40
fixed	A02_S3_F2	A02	F2	S3	144	1	249986	11.035796	0.824	0.07466611379913148	7.46	37.32	1.97	1     249986  1.1035796E+01  8.24E-01    7.46   37.32*   1.97
fixed	A02_S3_F2	A02	F2	S3	146	1	249986	11.035796	0.824	0.07466611379913148	7.46	37.32	1.97	1     249986  1.1035796E+01  8.24E-01    7.46   37.32    1.97
fixed	A02_S3_F2	A02	F2	S3	149	2	2000005	16.153832	3.53	0.21852400099245797	21.82	308.63	0.09	2    2000005  1.6153832E+01  3.53E+00   21.82  308.63    0.09
fixed	A02_S3_F2	A02	F2	S3	151	2	2000005	16.153832	3.53	0.21852400099245797	21.82	308.63	0.09	2    2000005  1.6153832E+01  3.53E+00   21.82  308.63    0.09
adaptive	A02_S4	A02		S4	148	1	249996	12.022316	0.904	0.07519349849064025	7.52	37.61	1.9	1     249996  1.2022316E+01  9.04E-01    7.52   37.61*   1.90
adaptive	A02_S4	A02		S4	150	1	249996	12.022316	0.904	0.07519349849064025	7.52	37.61	1.9	1     249996  1.2022316E+01  9.04E-01    7.52   37.61    1.90
fixed	A02_S4_F0	A02	F0	S4	144	1	249996	12.022316	0.904	0.07519349849064025	7.52	37.61	1.9	1     249996  1.2022316E+01  9.04E-01    7.52   37.61*   1.90
fixed	A02_S4_F0	A02	F0	S4	146	1	249996	12.022316	0.904	0.07519349849064025	7.52	37.61	1.9	1     249996  1.2022316E+01  9.04E-01    7.52   37.61    1.90
fixed	A02_S4_F0	A02	F0	S4	149	2	200420	12.042794	0.123	0.010213576683284625	1.02	4.57	1.84	2     200420  1.2042794E+01  1.23E-01    1.02    4.57*   1.84
fixed	A02_S4_F0	A02	F0	S4	150	3	200420	14.579107	1.78	0.1220925259688402	12.21	54.64	0.78	3     200420  1.4579107E+01  1.78E+00   12.21   54.64    0.78
fixed	A02_S4_F0	A02	F0	S4	151	4	200420	15.510078	2.57	0.16569871537718894	16.57	74.16	1.15	4     200420  1.5510078E+01  2.57E+00   16.57   74.16    1.15
fixed	A02_S4_F0	A02	F0	S4	153	4	601260	12.06269	0.122	0.010113830331377164	1.02	7.87	1.15	4     601260  1.2062690E+01  1.22E-01    1.02    7.87    1.15    1.91   3
fixed	A02_S4_F1	A02	F1	S4	144	1	249996	12.022316	0.904	0.07519349849064025	7.52	37.61	1.9	1     249996  1.2022316E+01  9.04E-01    7.52   37.61*   1.90
fixed	A02_S4_F1	A02	F1	S4	146	1	249996	12.022316	0.904	0.07519349849064025	7.52	37.61	1.9	1     249996  1.2022316E+01  9.04E-01    7.52   37.61    1.90
fixed	A02_S4_F1	A02	F1	S4	149	2	600011	12.132005	0.0822	0.0067754670394547314	0.68	5.25	1.38	2     600011  1.2132005E+01  8.22E-02    0.68    5.25*   1.38
fixed	A02_S4_F1	A02	F1	S4	151	2	600011	12.132005	0.0822	0.0067754670394547314	0.68	5.25	1.38	2     600011  1.2132005E+01  8.22E-02    0.68    5.25    1.38
fixed	A02_S4_F2	A02	F2	S4	144	1	249996	12.022316	0.904	0.07519349849064025	7.52	37.61	1.9	1     249996  1.2022316E+01  9.04E-01    7.52   37.61*   1.90
fixed	A02_S4_F2	A02	F2	S4	146	1	249996	12.022316	0.904	0.07519349849064025	7.52	37.61	1.9	1     249996  1.2022316E+01  9.04E-01    7.52   37.61    1.90
fixed	A02_S4_F2	A02	F2	S4	149	2	2000026	49.251581	36.6	0.7431233527305449	74.36	1051.61	0.28	2    2000026  4.9251581E+01  3.66E+01   74.36 1051.61    0.28
fixed	A02_S4_F2	A02	F2	S4	151	2	2000026	49.251581	36.6	0.7431233527305449	74.36	1051.61	0.28	2    2000026  4.9251581E+01  3.66E+01   74.36 1051.61    0.28
adaptive	A02_S5	A02		S5	148	1	249981	12.51131	1.01	0.08072695824817705	8.04	40.18	1.63	1     249981  1.2511310E+01  1.01E+00    8.04   40.18*   1.63
adaptive	A02_S5	A02		S5	150	1	249981	12.51131	1.01	0.08072695824817705	8.04	40.18	1.63	1     249981  1.2511310E+01  1.01E+00    8.04   40.18    1.63
fixed	A02_S5_F0	A02	F0	S5	144	1	249981	12.51131	1.01	0.08072695824817705	8.04	40.18	1.63	1     249981  1.2511310E+01  1.01E+00    8.04   40.18*   1.63
fixed	A02_S5_F0	A02	F0	S5	146	1	249981	12.51131	1.01	0.08072695824817705	8.04	40.18	1.63	1     249981  1.2511310E+01  1.01E+00    8.04   40.18    1.63
fixed	A02_S5_F0	A02	F0	S5	149	2	200358	12.348508	0.133	0.010770531954143773	1.08	4.82	1.73	2     200358  1.2348508E+01  1.33E-01    1.08    4.82*   1.73
fixed	A02_S5_F0	A02	F0	S5	150	3	200358	12.538485	0.157	0.012521448962932922	1.26	5.62	1.73	3     200358  1.2538485E+01  1.57E-01    1.26    5.62    1.73
fixed	A02_S5_F0	A02	F0	S5	151	4	200358	13.164355	0.926	0.07034146374812894	7.03	31.48	1.38	4     200358  1.3164355E+01  9.26E-01    7.03   31.48    1.38
fixed	A02_S5_F0	A02	F0	S5	153	4	601074	12.43626	0.101	0.008121412707678997	0.81	6.29	1.38	4     601074  1.2436260E+01  1.01E-01    0.81    6.29    1.38    0.74   3
fixed	A02_S5_F1	A02	F1	S5	144	1	249981	12.51131	1.01	0.08072695824817705	8.04	40.18	1.63	1     249981  1.2511310E+01  1.01E+00    8.04   40.18*   1.63
fixed	A02_S5_F1	A02	F1	S5	146	1	249981	12.51131	1.01	0.08072695824817705	8.04	40.18	1.63	1     249981  1.2511310E+01  1.01E+00    8.04   40.18    1.63
fixed	A02_S5_F1	A02	F1	S5	149	2	600019	12.407504	0.0967	0.007793670668975807	0.78	6.03	1.22	2     600019  1.2407504E+01  9.67E-02    0.78    6.03*   1.22
fixed	A02_S5_F1	A02	F1	S5	151	2	600019	12.407504	0.0967	0.007793670668975807	0.78	6.03	1.22	2     600019  1.2407504E+01  9.67E-02    0.78    6.03    1.22
fixed	A02_S5_F2	A02	F2	S5	144	1	249981	12.51131	1.01	0.08072695824817705	8.04	40.18	1.63	1     249981  1.2511310E+01  1.01E+00    8.04   40.18*   1.63
fixed	A02_S5_F2	A02	F2	S5	146	1	249981	12.51131	1.01	0.08072695824817705	8.04	40.18	1.63	1     249981  1.2511310E+01  1.01E+00    8.04   40.18    1.63
fixed	A02_S5_F2	A02	F2	S5	149	2	1999995	12.493712	0.106	0.008484267926137564	0.85	12.05	0.68	2    1999995  1.2493712E+01  1.06E-01    0.85   12.05*   0.68
fixed	A02_S5_F2	A02	F2	S5	151	2	1999995	12.493712	0.106	0.008484267926137564	0.85	12.05	0.68	2    1999995  1.2493712E+01  1.06E-01    0.85   12.05    0.68
adaptive	A02_S6	A02		S6	148	1	249994	12.644785	0.877	0.06935665572803333	6.93	34.66	2.05	1     249994  1.2644785E+01  8.77E-01    6.93   34.66*   2.05
adaptive	A02_S6	A02		S6	150	1	249994	12.644785	0.877	0.06935665572803333	6.93	34.66	2.05	1     249994  1.2644785E+01  8.77E-01    6.93   34.66    2.05
fixed	A02_S6_F0	A02	F0	S6	144	1	249994	12.644785	0.877	0.06935665572803333	6.93	34.66	2.05	1     249994  1.2644785E+01  8.77E-01    6.93   34.66*   2.05
fixed	A02_S6_F0	A02	F0	S6	146	1	249994	12.644785	0.877	0.06935665572803333	6.93	34.66	2.05	1     249994  1.2644785E+01  8.77E-01    6.93   34.66    2.05
fixed	A02_S6_F0	A02	F0	S6	149	2	200406	12.416062	0.136	0.01095355355023195	1.09	4.9	2.02	2     200406  1.2416062E+01  1.36E-01    1.09    4.90*   2.02
fixed	A02_S6_F0	A02	F0	S6	150	3	200406	12.09469	0.127	0.010500475828648772	1.05	4.72	2.38	3     200406  1.2094690E+01  1.27E-01    1.05    4.72*   2.38
fixed	A02_S6_F0	A02	F0	S6	151	4	200406	13.881056	0.932	0.06714186586380749	6.71	30.05	1.07	4     200406  1.3881056E+01  9.32E-01    6.71   30.05    1.07
fixed	A02_S6_F0	A02	F0	S6	153	4	601218	12.261177	0.0925	0.007544137075910412	0.75	5.85	1.07	4     601218  1.2261177E+01  9.25E-02    0.75    5.85    1.07    3.01   3
fixed	A02_S6_F1	A02	F1	S6	144	1	249994	12.644785	0.877	0.06935665572803333	6.93	34.66	2.05	1     249994  1.2644785E+01  8.77E-01    6.93   34.66*   2.05
fixed	A02_S6_F1	A02	F1	S6	146	1	249994	12.644785	0.877	0.06935665572803333	6.93	34.66	2.05	1     249994  1.2644785E+01  8.77E-01    6.93   34.66    2.05
fixed	A02_S6_F1	A02	F1	S6	149	2	600032	12.607134	0.14	0.011104823665711812	1.11	8.58	1.34	2     600032  1.2607134E+01  1.40E-01    1.11    8.58*   1.34
fixed	A02_S6_F1	A02	F1	S6	151	2	600032	12.607134	0.14	0.011104823665711812	1.11	8.58	1.34	2     600032  1.2607134E+01  1.40E-01    1.11    8.58    1.34
fixed	A02_S6_F2	A02	F2	S6	144	1	249994	12.644785	0.877	0.06935665572803333	6.93	34.66	2.05	1     249994  1.2644785E+01  8.77E-01    6.93   34.66*   2.05
fixed	A02_S6_F2	A02	F2	S6	146	1	249994	12.644785	0.877	0.06935665572803333	6.93	34.66	2.05	1     249994  1.2644785E+01  8.77E-01    6.93   34.66    2.05
fixed	A02_S6_F2	A02	F2	S6	149	2	2000001	21.667123	8.08	0.37291522275476996	37.31	527.65	0.1	2    2000001  2.1667123E+01  8.08E+00   37.31  527.65    0.10
fixed	A02_S6_F2	A02	F2	S6	151	2	2000001	21.667123	8.08	0.37291522275476996	37.31	527.65	0.1	2    2000001  2.1667123E+01  8.08E+00   37.31  527.65    0.10
adaptive	A02_S7	A02		S7	148	1	250007	13.256689	0.959	0.07234083865134047	7.23	36.17	2.11	1     250007  1.3256689E+01  9.59E-01    7.23   36.17*   2.11
adaptive	A02_S7	A02		S7	150	1	250007	13.256689	0.959	0.07234083865134047	7.23	36.17	2.11	1     250007  1.3256689E+01  9.59E-01    7.23   36.17    2.11
fixed	A02_S7_F0	A02	F0	S7	144	1	250007	13.256689	0.959	0.07234083865134047	7.23	36.17	2.11	1     250007  1.3256689E+01  9.59E-01    7.23   36.17*   2.11
fixed	A02_S7_F0	A02	F0	S7	146	1	250007	13.256689	0.959	0.07234083865134047	7.23	36.17	2.11	1     250007  1.3256689E+01  9.59E-01    7.23   36.17    2.11
fixed	A02_S7_F0	A02	F0	S7	149	2	200339	12.336143	0.129	0.010457077224218299	1.05	4.68	1.87	2     200339  1.2336143E+01  1.29E-01    1.05    4.68*   1.87
fixed	A02_S7_F0	A02	F0	S7	150	3	200339	12.364261	0.135	0.010918566018624162	1.09	4.88	2.11	3     200339  1.2364261E+01  1.35E-01    1.09    4.88    2.11
fixed	A02_S7_F0	A02	F0	S7	151	4	200339	12.231207	0.119	0.009729211516083408	0.97	4.34	2.31	4     200339  1.2231207E+01  1.19E-01    0.97    4.34*   2.31
fixed	A02_S7_F0	A02	F0	S7	153	4	601017	12.304417	0.0733	0.005957210325365273	0.6	4.62	2.31	4     601017  1.2304417E+01  7.33E-02    0.60    4.62    2.31    0.32   3
fixed	A02_S7_F1	A02	F1	S7	144	1	250007	13.256689	0.959	0.07234083865134047	7.23	36.17	2.11	1     250007  1.3256689E+01  9.59E-01    7.23   36.17*   2.11
fixed	A02_S7_F1	A02	F1	S7	146	1	250007	13.256689	0.959	0.07234083865134047	7.23	36.17	2.11	1     250007  1.3256689E+01  9.59E-01    7.23   36.17    2.11
fixed	A02_S7_F1	A02	F1	S7	149	2	600017	12.315288	0.0862	0.006999430301589373	0.7	5.42	1.07	2     600017  1.2315288E+01  8.62E-02    0.70    5.42*   1.07
fixed	A02_S7_F1	A02	F1	S7	151	2	600017	12.315288	0.0862	0.006999430301589373	0.7	5.42	1.07	2     600017  1.2315288E+01  8.62E-02    0.70    5.42    1.07
fixed	A02_S7_F2	A02	F2	S7	144	1	250007	13.256689	0.959	0.07234083865134047	7.23	36.17	2.11	1     250007  1.3256689E+01  9.59E-01    7.23   36.17*   2.11
fixed	A02_S7_F2	A02	F2	S7	146	1	250007	13.256689	0.959	0.07234083865134047	7.23	36.17	2.11	1     250007  1.3256689E+01  9.59E-01    7.23   36.17    2.11
fixed	A02_S7_F2	A02	F2	S7	149	2	2000021	14.525605	1.51	0.10395436196977681	10.39	146.91	0.11	2    2000021  1.4525605E+01  1.51E+00   10.39  146.91    0.11
fixed	A02_S7_F2	A02	F2	S7	151	2	2000021	14.525605	1.51	0.10395436196977681	10.39	146.91	0.11	2    2000021  1.4525605E+01  1.51E+00   10.39  146.91    0.11
adaptive	A03_S0	A03		S0	148	1	100006	13.448615	1.55	0.11525350379946188	11.49	36.35	2.98	1     100006  1.3448615E+01  1.55E+00   11.49   36.35*   2.98
adaptive	A03_S0	A03		S0	149	2	99998	12.225828	0.25	0.020448512771486724	2.05	6.48	0.95	2      99998  1.2225828E+01  2.50E-01    2.05    6.48*   0.95
adaptive	A03_S0	A03		S0	150	3	99988	12.181747	0.115	0.009440353670126297	0.95	2.99	2.72	3      99988  1.2181747E+01  1.15E-01    0.95    2.99*   2.72
adaptive	A03_S0	A03		S0	151	4	100004	12.319232	0.22	0.017858256099081503	1.78	5.64	2.76	4     100004  1.2319232E+01  2.20E-01    1.78    5.64    2.76
adaptive	A03_S0	A03		S0	152	5	100000	12.315563	0.105	0.008525797805589562	0.85	2.68	4.24	5     100000  1.2315563E+01  1.05E-01    0.85    2.68*   4.24
adaptive	A03_S0	A03		S0	154	5	499996	12.261855	0.07	0.005708761031670983	0.57	4.04	4.24	5     499996  1.2261855E+01  7.00E-02    0.57    4.04    4.24    0.36   5
fixed	A03_S0_F0	A03	F0	S0	144	1	100006	13.448615	1.55	0.11525350379946188	11.49	36.35	2.98	1     100006  1.3448615E+01  1.55E+00   11.49   36.35*   2.98
fixed	A03_S0_F0	A03	F0	S0	145	2	99998	12.225828	0.25	0.020448512771486724	2.05	6.48	0.95	2      99998  1.2225828E+01  2.50E-01    2.05    6.48*   0.95
fixed	A03_S0_F0	A03	F0	S0	146	3	99988	12.181747	0.115	0.009440353670126297	0.95	2.99	2.72	3      99988  1.2181747E+01  1.15E-01    0.95    2.99*   2.72
fixed	A03_S0_F0	A03	F0	S0	147	4	100004	12.319232	0.22	0.017858256099081503	1.78	5.64	2.76	4     100004  1.2319232E+01  2.20E-01    1.78    5.64    2.76
fixed	A03_S0_F0	A03	F0	S0	148	5	100000	12.315563	0.105	0.008525797805589562	0.85	2.68	4.24	5     100000  1.2315563E+01  1.05E-01    0.85    2.68*   4.24
fixed	A03_S0_F0	A03	F0	S0	150	5	499996	12.261855	0.07	0.005708761031670983	0.57	4.04	4.24	5     499996  1.2261855E+01  7.00E-02    0.57    4.04    4.24    0.36   5
fixed	A03_S0_F0	A03	F0	S0	153	6	200002	13.083346	0.697	0.0532738337731036	5.33	23.82	0.28	6     200002  1.3083346E+01  6.97E-01    5.33   23.82    0.28
fixed	A03_S0_F0	A03	F0	S0	154	7	200002	12.223721	0.0573	0.004687606989721051	0.47	2.1	5.17	7     200002  1.2223721E+01  5.73E-02    0.47    2.10*   5.17
fixed	A03_S0_F0	A03	F0	S0	155	8	200002	12.15787	0.0528	0.004342865978991386	0.43	1.94	4.57	8     200002  1.2157870E+01  5.28E-02    0.43    1.94*   4.57
fixed	A03_S0_F0	A03	F0	S0	157	8	600006	12.190907	0.0388	0.003182700023878453	0.32	2.46	4.57	8     600006  1.2190907E+01  3.88E-02    0.32    2.46    4.57    1.18   3
fixed	A03_S0_F1	A03	F1	S0	144	1	100006	13.448615	1.55	0.11525350379946188	11.49	36.35	2.98	1     100006  1.3448615E+01  1.55E+00   11.49   36.35*   2.98
fixed	A03_S0_F1	A03	F1	S0	145	2	99998	12.225828	0.25	0.020448512771486724	2.05	6.48	0.95	2      99998  1.2225828E+01  2.50E-01    2.05    6.48*   0.95
fixed	A03_S0_F1	A03	F1	S0	146	3	99988	12.181747	0.115	0.009440353670126297	0.95	2.99	2.72	3      99988  1.2181747E+01  1.15E-01    0.95    2.99*   2.72
fixed	A03_S0_F1	A03	F1	S0	147	4	100004	12.319232	0.22	0.017858256099081503	1.78	5.64	2.76	4     100004  1.2319232E+01  2.20E-01    1.78    5.64    2.76
fixed	A03_S0_F1	A03	F1	S0	148	5	100000	12.315563	0.105	0.008525797805589562	0.85	2.68	4.24	5     100000  1.2315563E+01  1.05E-01    0.85    2.68*   4.24
fixed	A03_S0_F1	A03	F1	S0	150	5	499996	12.261855	0.07	0.005708761031670983	0.57	4.04	4.24	5     499996  1.2261855E+01  7.00E-02    0.57    4.04    4.24    0.36   5
fixed	A03_S0_F1	A03	F1	S0	153	6	600018	12.779065	0.323	0.02527571461605368	2.53	19.6	0.25	6     600018  1.2779065E+01  3.23E-01    2.53   19.60    0.25
fixed	A03_S0_F1	A03	F1	S0	155	6	600018	12.779065	0.323	0.02527571461605368	2.53	19.6	0.25	6     600018  1.2779065E+01  3.23E-01    2.53   19.60    0.25
fixed	A03_S0_F2	A03	F2	S0	144	1	100006	13.448615	1.55	0.11525350379946188	11.49	36.35	2.98	1     100006  1.3448615E+01  1.55E+00   11.49   36.35*   2.98
fixed	A03_S0_F2	A03	F2	S0	145	2	99998	12.225828	0.25	0.020448512771486724	2.05	6.48	0.95	2      99998  1.2225828E+01  2.50E-01    2.05    6.48*   0.95
fixed	A03_S0_F2	A03	F2	S0	146	3	99988	12.181747	0.115	0.009440353670126297	0.95	2.99	2.72	3      99988  1.2181747E+01  1.15E-01    0.95    2.99*   2.72
fixed	A03_S0_F2	A03	F2	S0	147	4	100004	12.319232	0.22	0.017858256099081503	1.78	5.64	2.76	4     100004  1.2319232E+01  2.20E-01    1.78    5.64    2.76
fixed	A03_S0_F2	A03	F2	S0	148	5	100000	12.315563	0.105	0.008525797805589562	0.85	2.68	4.24	5     100000  1.2315563E+01  1.05E-01    0.85    2.68*   4.24
fixed	A03_S0_F2	A03	F2	S0	150	5	499996	12.261855	0.07	0.005708761031670983	0.57	4.04	4.24	5     499996  1.2261855E+01  7.00E-02    0.57    4.04    4.24    0.36   5
fixed	A03_S0_F2	A03	F2	S0	153	6	1953503	12.789542	0.224	0.017514309738378434	1.75	24.47	0.11	6    1953503  1.2789542E+01  2.24E-01    1.75   24.47    0.11
fixed	A03_S0_F2	A03	F2	S0	155	6	1953503	12.789542	0.224	0.017514309738378434	1.75	24.47	0.11	6    1953503  1.2789542E+01  2.24E-01    1.75   24.47    0.11
adaptive	A03_S1	A03		S1	148	1	99998	13.040086	1.5	0.11502991621374276	11.51	36.41	2.99	1      99998  1.3040086E+01  1.50E+00   11.51   36.41*   2.99
adaptive	A03_S1	A03		S1	149	2	99992	12.454194	0.269	0.021599149651916456	2.16	6.83	1.23	2      99992  1.2454194E+01  2.69E-01    2.16    6.83*   1.23
adaptive	A03_S1	A03		S1	150	3	99994	12.203012	0.126	0.010325319683369975	1.03	3.26	3.05	3      99994  1.2203012E+01  1.26E-01    1.03    3.26*   3.05
adaptive	A03_S1	A03		S1	151	4	99996	12.46947	0.465	0.03729107973314023	3.73	11.8	2.0	4      99996  1.2469470E+01  4.65E-01    3.73   11.80    2.00
adaptive	A03_S1	A03		S1	152	5	99999	12.288799	0.134	0.010904238892669659	1.09	3.44	1.54	5      99999  1.2288799E+01  1.34E-01    1.09    3.44*   1.54
adaptive	A03_S1	A03		S1	154	5	499979	12.27447	0.0851	0.006933089575354373	0.69	4.9	1.54	5     499979  1.2274470E+01  8.51E-02    0.69    4.90    1.54    0.30   5
fixed	A03_S1_F0	A03	F0	S1	144	1	99998	13.040086	1.5	0.11502991621374276	11.51	36.41	2.99	1      99998  1.3040086E+01  1.50E+00   11.51   36.41*   2.99
fixed	A03_S1_F0	A03	F0	S1	145	2	99992	12.454194	0.269	0.021599149651916456	2.16	6.83	1.23	2      99992  1.2454194E+01  2.69E-01    2.16    6.83*   1.23
fixed	A03_S1_F0	A03	F0	S1	146	3	99994	12.203012	0.126	0.010325319683369975	1.03	3.26	3.05	3      99994  1.2203012E+01  1.26E-01    1.03    3.26*   3.05
fixed	A03_S1_F0	A03	F0	S1	147	4	99996	12.46947	0.465	0.03729107973314023	3.73	11.8	2.0	4      99996  1.2469470E+01  4.65E-01    3.73   11.80    2.00
fixed	A03_S1_F0	A03	F0	S1	148	5	99999	12.288799	0.134	0.010904238892669659	1.09	3.44	1.54	5      99999  1.2288799E+01  1.34E-01    1.09    3.44*   1.54
fixed	A03_S1_F0	A03	F0	S1	150	5	499979	12.27447	0.0851	0.006933089575354373	0.69	4.9	1.54	5     499979  1.2274470E+01  8.51E-02    0.69    4.90    1.54    0.30   5
fixed	A03_S1_F0	A03	F0	S1	153	6	199990	37.310417	22.1	0.5923278745450634	59.33	265.33	0.02	6     199990  3.7310417E+01  2.21E+01   59.33  265.33    0.02
fixed	A03_S1_F0	A03	F0	S1	154	7	199990	15.039128	1.04	0.06915294556971655	6.92	30.93	0.09	7     199990  1.5039128E+01  1.04E+00    6.92   30.93*   0.09
fixed	A03_S1_F0	A03	F0	S1	155	8	199990	20.569053	5.46	0.265447320302009	26.54	118.67	0.02	8     199990  2.0569053E+01  5.46E+00   26.54  118.67    0.02
fixed	A03_S1_F0	A03	F0	S1	157	8	599970	15.279896	1.02	0.06675438105076108	6.68	51.75	0.02	8     599970  1.5279896E+01  1.02E+00    6.68   51.75    0.02    0.99   3
fixed	A03_S1_F1	A03	F1	S1	144	1	99998	13.040086	1.5	0.11502991621374276	11.51	36.41	2.99	1      99998  1.3040086E+01  1.50E+00   11.51   36.41*   2.99
fixed	A03_S1_F1	A03	F1	S1	145	2	99992	12.454194	0.269	0.021599149651916456	2.16	6.83	1.23	2      99992  1.2454194E+01  2.69E-01    2.16    6.83*   1.23
fixed	A03_S1_F1	A03	F1	S1	146	3	99994	12.203012	0.126	0.010325319683369975	1.03	3.26	3.05	3      99994  1.2203012E+01  1.26E-01    1.03    3.26*   3.05
fixed	A03_S1_F1	A03	F1	S1	147	4	99996	12.46947	0.465	0.03729107973314023	3.73	11.8	2.0	4      99996  1.2469470E+01  4.65E-01    3.73   11.80    2.00
fixed	A03_S1_F1	A03	F1	S1	148	5	99999	12.288799	0.134	0.010904238892669659	1.09	3.44	1.54	5      99999  1.2288799E+01  1.34E-01    1.09    3.44*   1.54
fixed	A03_S1_F1	A03	F1	S1	150	5	499979	12.27447	0.0851	0.006933089575354373	0.69	4.9	1.54	5     499979  1.2274470E+01  8.51E-02    0.69    4.90    1.54    0.30   5
fixed	A03_S1_F1	A03	F1	S1	153	6	599990	28.64878	10.1	0.3525455534232173	35.17	272.4	0.0	6     599990  2.8648780E+01  1.01E+01   35.17  272.40    0.00
fixed	A03_S1_F1	A03	F1	S1	155	6	599990	28.64878	10.1	0.3525455534232173	35.17	272.4	0.0	6     599990  2.8648780E+01  1.01E+01   35.17  272.40    0.00
fixed	A03_S1_F2	A03	F2	S1	144	1	99998	13.040086	1.5	0.11502991621374276	11.51	36.41	2.99	1      99998  1.3040086E+01  1.50E+00   11.51   36.41*   2.99
fixed	A03_S1_F2	A03	F2	S1	145	2	99992	12.454194	0.269	0.021599149651916456	2.16	6.83	1.23	2      99992  1.2454194E+01  2.69E-01    2.16    6.83*   1.23
fixed	A03_S1_F2	A03	F2	S1	146	3	99994	12.203012	0.126	0.010325319683369975	1.03	3.26	3.05	3      99994  1.2203012E+01  1.26E-01    1.03    3.26*   3.05
fixed	A03_S1_F2	A03	F2	S1	147	4	99996	12.46947	0.465	0.03729107973314023	3.73	11.8	2.0	4      99996  1.2469470E+01  4.65E-01    3.73   11.80    2.00
fixed	A03_S1_F2	A03	F2	S1	148	5	99999	12.288799	0.134	0.010904238892669659	1.09	3.44	1.54	5      99999  1.2288799E+01  1.34E-01    1.09    3.44*   1.54
fixed	A03_S1_F2	A03	F2	S1	150	5	499979	12.27447	0.0851	0.006933089575354373	0.69	4.9	1.54	5     499979  1.2274470E+01  8.51E-02    0.69    4.90    1.54    0.30   5
fixed	A03_S1_F2	A03	F2	S1	153	6	1889182	63.658128	39.5	0.6205020669159483	62.11	853.7	0.0	6    1889182  6.3658128E+01  3.95E+01   62.11  853.70    0.00
fixed	A03_S1_F2	A03	F2	S1	155	6	1889182	63.658128	39.5	0.6205020669159483	62.11	853.7	0.0	6    1889182  6.3658128E+01  3.95E+01   62.11  853.70    0.00
adaptive	A03_S2	A03		S2	148	1	100019	12.293927	1.41	0.11469077374544358	11.47	36.27	3.24	1     100019  1.2293927E+01  1.41E+00   11.47   36.27*   3.24
adaptive	A03_S2	A03		S2	149	2	100021	12.443046	0.233	0.018725318543385598	1.88	5.93	1.13	2     100021  1.2443046E+01  2.33E-01    1.88    5.93*   1.13
adaptive	A03_S2	A03		S2	150	3	100004	12.31257	0.107	0.008690305923133839	0.87	2.74	2.96	3     100004  1.2312570E+01  1.07E-01    0.87    2.74*   2.96
adaptive	A03_S2	A03		S2	151	4	99997	12.202138	0.0847	0.006941406497779324	0.69	2.2	4.35	4      99997  1.2202138E+01  8.47E-02    0.69    2.20*   4.35
adaptive	A03_S2	A03		S2	152	5	100005	12.059645	0.0742	0.0061527515942633474	0.62	1.95	5.34	5     100005  1.2059645E+01  7.42E-02    0.62    1.95*   5.34
adaptive	A03_S2	A03		S2	154	5	500046	12.174745	0.0484	0.003975442606806138	0.4	2.81	5.34	5     500046  1.2174745E+01  4.84E-02    0.40    2.81    5.34    1.38   5
fixed	A03_S2_F0	A03	F0	S2	144	1	100019	12.293927	1.41	0.11469077374544358	11.47	36.27	3.24	1     100019  1.2293927E+01  1.41E+00   11.47   36.27*   3.24
fixed	A03_S2_F0	A03	F0	S2	145	2	100021	12.443046	0.233	0.018725318543385598	1.88	5.93	1.13	2     100021  1.2443046E+01  2.33E-01    1.88    5.93*   1.13
fixed	A03_S2_F0	A03	F0	S2	146	3	100004	12.31257	0.107	0.008690305923133839	0.87	2.74	2.96	3     100004  1.2312570E+01  1.07E-01    0.87    2.74*   2.96
fixed	A03_S2_F0	A03	F0	S2	147	4	99997	12.202138	0.0847	0.006941406497779324	0.69	2.2	4.35	4      99997  1.2202138E+01  8.47E-02    0.69    2.20*   4.35
fixed	A03_S2_F0	A03	F0	S2	148	5	100005	12.059645	0.0742	0.0061527515942633474	0.62	1.95	5.34	5     100005  1.2059645E+01  7.42E-02    0.62    1.95*   5.34
fixed	A03_S2_F0	A03	F0	S2	150	5	500046	12.174745	0.0484	0.003975442606806138	0.4	2.81	5.34	5     500046  1.2174745E+01  4.84E-02    0.40    2.81    5.34    1.38   5
fixed	A03_S2_F0	A03	F0	S2	153	6	199999	12.064946	0.0481	0.003986756343542689	0.4	1.78	6.18	6     199999  1.2064946E+01  4.81E-02    0.40    1.78*   6.18
fixed	A03_S2_F0	A03	F0	S2	154	7	199999	12.122341	0.0512	0.004223606644954139	0.42	1.89	4.7	7     199999  1.2122341E+01  5.12E-02    0.42    1.89    4.70
fixed	A03_S2_F0	A03	F0	S2	155	8	199999	12.162287	0.0532	0.0043741773237220925	0.44	1.96	4.09	8     199999  1.2162287E+01  5.32E-02    0.44    1.96    4.09
fixed	A03_S2_F0	A03	F0	S2	157	8	599997	12.113122	0.0293	0.00241886443478403	0.24	1.87	4.09	8     599997  1.2113122E+01  2.93E-02    0.24    1.87    4.09    0.95   3
fixed	A03_S2_F1	A03	F1	S2	144	1	100019	12.293927	1.41	0.11469077374544358	11.47	36.27	3.24	1     100019  1.2293927E+01  1.41E+00   11.47   36.27*   3.24
fixed	A03_S2_F1	A03	F1	S2	145	2	100021	12.443046	0.233	0.018725318543385598	1.88	5.93	1.13	2     100021  1.2443046E+01  2.33E-01    1.88    5.93*   1.13
fixed	A03_S2_F1	A03	F1	S2	146	3	100004	12.31257	0.107	0.008690305923133839	0.87	2.74	2.96	3     100004  1.2312570E+01  1.07E-01    0.87    2.74*   2.96
fixed	A03_S2_F1	A03	F1	S2	147	4	99997	12.202138	0.0847	0.006941406497779324	0.69	2.2	4.35	4      99997  1.2202138E+01  8.47E-02    0.69    2.20*   4.35
fixed	A03_S2_F1	A03	F1	S2	148	5	100005	12.059645	0.0742	0.0061527515942633474	0.62	1.95	5.34	5     100005  1.2059645E+01  7.42E-02    0.62    1.95*   5.34
fixed	A03_S2_F1	A03	F1	S2	150	5	500046	12.174745	0.0484	0.003975442606806138	0.4	2.81	5.34	5     500046  1.2174745E+01  4.84E-02    0.40    2.81    5.34    1.38   5
fixed	A03_S2_F1	A03	F1	S2	153	6	599991	12.169699	0.0438	0.003599102985209412	0.36	2.79	3.39	6     599991  1.2169699E+01  4.38E-02    0.36    2.79    3.39
fixed	A03_S2_F1	A03	F1	S2	155	6	599991	12.169699	0.0438	0.003599102985209412	0.36	2.79	3.39	6     599991  1.2169699E+01  4.38E-02    0.36    2.79    3.39
fixed	A03_S2_F2	A03	F2	S2	144	1	100019	12.293927	1.41	0.11469077374544358	11.47	36.27	3.24	1     100019  1.2293927E+01  1.41E+00   11.47   36.27*   3.24
fixed	A03_S2_F2	A03	F2	S2	145	2	100021	12.443046	0.233	0.018725318543385598	1.88	5.93	1.13	2     100021  1.2443046E+01  2.33E-01    1.88    5.93*   1.13
fixed	A03_S2_F2	A03	F2	S2	146	3	100004	12.31257	0.107	0.008690305923133839	0.87	2.74	2.96	3     100004  1.2312570E+01  1.07E-01    0.87    2.74*   2.96
fixed	A03_S2_F2	A03	F2	S2	147	4	99997	12.202138	0.0847	0.006941406497779324	0.69	2.2	4.35	4      99997  1.2202138E+01  8.47E-02    0.69    2.20*   4.35
fixed	A03_S2_F2	A03	F2	S2	148	5	100005	12.059645	0.0742	0.0061527515942633474	0.62	1.95	5.34	5     100005  1.2059645E+01  7.42E-02    0.62    1.95*   5.34
fixed	A03_S2_F2	A03	F2	S2	150	5	500046	12.174745	0.0484	0.003975442606806138	0.4	2.81	5.34	5     500046  1.2174745E+01  4.84E-02    0.40    2.81    5.34    1.38   5
fixed	A03_S2_F2	A03	F2	S2	153	6	1994333	12.169455	0.0217	0.0017831529842544307	0.18	2.52	1.84	6    1994333  1.2169455E+01  2.17E-02    0.18    2.52    1.84
fixed	A03_S2_F2	A03	F2	S2	155	6	1994333	12.169455	0.0217	0.0017831529842544307	0.18	2.52	1.84	6    1994333  1.2169455E+01  2.17E-02    0.18    2.52    1.84
adaptive	A03_S3	A03		S3	148	1	100002	11.119445	1.48	0.13310016821882745	13.34	42.18	3.35	1     100002  1.1119445E+01  1.48E+00   13.34   42.18*   3.35
adaptive	A03_S3	A03		S3	149	2	99998	12.219772	0.236	0.019312962631381336	1.93	6.1	1.13	2      99998  1.2219772E+01  2.36E-01    1.93    6.10*   1.13
adaptive	A03_S3	A03		S3	150	3	99998	12.09179	0.12	0.009924088989305966	0.99	3.13	2.61	3      99998  1.2091790E+01  1.20E-01    0.99    3.13*   2.61
adaptive	A03_S3	A03		S3	151	4	99992	12.30681	0.0986	0.008011824347657922	0.8	2.53	4.43	4      99992  1.2306810E+01  9.86E-02    0.80    2.53*   4.43
adaptive	A03_S3	A03		S3	152	5	99992	12.269855	0.11	0.008965061119304181	0.89	2.82	5.64	5      99992  1.2269855E+01  1.10E-01    0.89    2.82    5.64
adaptive	A03_S3	A03		S3	154	5	499982	12.233299	0.0604	0.0049373435571222445	0.49	3.49	5.64	5     499982  1.2233299E+01  6.04E-02    0.49    3.49    5.64    0.66   5
fixed	A03_S3_F0	A03	F0	S3	144	1	100002	11.119445	1.48	0.13310016821882745	13.34	42.18	3.35	1     100002  1.1119445E+01  1.48E+00   13.34   42.18*   3.35
fixed	A03_S3_F0	A03	F0	S3	145	2	99998	12.219772	0.236	0.019312962631381336	1.93	6.1	1.13	2      99998  1.2219772E+01  2.36E-01    1.93    6.10*   1.13
fixed	A03_S3_F0	A03	F0	S3	146	3	99998	12.09179	0.12	0.009924088989305966	0.99	3.13	2.61	3      99998  1.2091790E+01  1.20E-01    0.99    3.13*   2.61
fixed	A03_S3_F0	A03	F0	S3	147	4	99992	12.30681	0.0986	0.008011824347657922	0.8	2.53	4.43	4      99992  1.2306810E+01  9.86E-02    0.80    2.53*   4.43
fixed	A03_S3_F0	A03	F0	S3	148	5	99992	12.269855	0.11	0.008965061119304181	0.89	2.82	5.64	5      99992  1.2269855E+01  1.10E-01    0.89    2.82    5.64
fixed	A03_S3_F0	A03	F0	S3	150	5	499982	12.233299	0.0604	0.0049373435571222445	0.49	3.49	5.64	5     499982  1.2233299E+01  6.04E-02    0.49    3.49    5.64    0.66   5
fixed	A03_S3_F0	A03	F0	S3	153	6	200001	736.39859	724.0	0.9831632078491622	98.33	439.75	0.04	6     200001  7.3639859E+02  7.24E+02   98.33  439.75    0.04
fixed	A03_S3_F0	A03	F0	S3	154	7	200001	12.263135	0.0641	0.005227048385262007	0.52	2.34	4.13	7     200001  1.2263135E+01  6.41E-02    0.52    2.34*   4.13
fixed	A03_S3_F0	A03	F0	S3	155	8	200001	12.979615	0.525	0.040448041024329306	4.04	18.07	0.87	8     200001  1.2979615E+01  5.25E-01    4.04   18.07    0.87
fixed	A03_S3_F0	A03	F0	S3	157	8	600003	12.273698	0.0637	0.005189959863767221	0.52	4.02	0.87	8     600003  1.2273698E+01  6.37E-02    0.52    4.02    0.87    1.42   3
fixed	A03_S3_F1	A03	F1	S3	144	1	100002	11.119445	1.48	0.13310016821882745	13.34	42.18	3.35	1     100002  1.1119445E+01  1.48E+00   13.34   42.18*   3.35
fixed	A03_S3_F1	A03	F1	S3	145	2	99998	12.219772	0.236	0.019312962631381336	1.93	6.1	1.13	2      99998  1.2219772E+01  2.36E-01    1.93    6.10*   1.13
fixed	A03_S3_F1	A03	F1	S3	146	3	99998	12.09179	0.12	0.009924088989305966	0.99	3.13	2.61	3      99998  1.2091790E+01  1.20E-01    0.99    3.13*   2.61
fixed	A03_S3_F1	A03	F1	S3	147	4	99992	12.30681	0.0986	0.008011824347657922	0.8	2.53	4.43	4      99992  1.2306810E+01  9.86E-02    0.80    2.53*   4.43
fixed	A03_S3_F1	A03	F1	S3	148	5	99992	12.269855	0.11	0.008965061119304181	0.89	2.82	5.64	5      99992  1.2269855E+01  1.10E-01    0.89    2.82    5.64
fixed	A03_S3_F1	A03	F1	S3	150	5	499982	12.233299	0.0604	0.0049373435571222445	0.49	3.49	5.64	5     499982  1.2233299E+01  6.04E-02    0.49    3.49    5.64    0.66   5
fixed	A03_S3_F1	A03	F1	S3	153	6	600005	253.98653	241.0	0.9488692175919723	95.02	736.03	0.01	6     600005  2.5398653E+02  2.41E+02   95.02  736.03    0.01
fixed	A03_S3_F1	A03	F1	S3	155	6	600005	253.98653	241.0	0.9488692175919723	95.02	736.03	0.01	6     600005  2.5398653E+02  2.41E+02   95.02  736.03    0.01
fixed	A03_S3_F2	A03	F2	S3	144	1	100002	11.119445	1.48	0.13310016821882745	13.34	42.18	3.35	1     100002  1.1119445E+01  1.48E+00   13.34   42.18*   3.35
fixed	A03_S3_F2	A03	F2	S3	145	2	99998	12.219772	0.236	0.019312962631381336	1.93	6.1	1.13	2      99998  1.2219772E+01  2.36E-01    1.93    6.10*   1.13
fixed	A03_S3_F2	A03	F2	S3	146	3	99998	12.09179	0.12	0.009924088989305966	0.99	3.13	2.61	3      99998  1.2091790E+01  1.20E-01    0.99    3.13*   2.61
fixed	A03_S3_F2	A03	F2	S3	147	4	99992	12.30681	0.0986	0.008011824347657922	0.8	2.53	4.43	4      99992  1.2306810E+01  9.86E-02    0.80    2.53*   4.43
fixed	A03_S3_F2	A03	F2	S3	148	5	99992	12.269855	0.11	0.008965061119304181	0.89	2.82	5.64	5      99992  1.2269855E+01  1.10E-01    0.89    2.82    5.64
fixed	A03_S3_F2	A03	F2	S3	150	5	499982	12.233299	0.0604	0.0049373435571222445	0.49	3.49	5.64	5     499982  1.2233299E+01  6.04E-02    0.49    3.49    5.64    0.66   5
fixed	A03_S3_F2	A03	F2	S3	153	6	1942830	712.02447	608.0	0.8539032373423908	85.37	1189.88	0.0	6    1942830  7.1202447E+02  6.08E+02   85.37 1189.88    0.00
fixed	A03_S3_F2	A03	F2	S3	155	6	1942830	712.02447	608.0	0.8539032373423908	85.37	1189.88	0.0	6    1942830  7.1202447E+02  6.08E+02   85.37 1189.88    0.00
adaptive	A03_S4	A03		S4	148	1	99999	12.501869	1.48	0.11838229947858196	11.85	37.47	3.71	1      99999  1.2501869E+01  1.48E+00   11.85   37.47*   3.71
adaptive	A03_S4	A03		S4	149	2	99979	12.389828	0.21	0.016949387836538165	1.69	5.35	1.79	2      99979  1.2389828E+01  2.10E-01    1.69    5.35*   1.79
adaptive	A03_S4	A03		S4	150	3	100017	12.107594	0.117	0.009663356732972712	0.97	3.06	3.96	3     100017  1.2107594E+01  1.17E-01    0.97    3.06*   3.96
adaptive	A03_S4	A03		S4	151	4	99997	12.070674	0.0871	0.007215835669159816	0.72	2.28	4.97	4      99997  1.2070674E+01  8.71E-02    0.72    2.28*   4.97
adaptive	A03_S4	A03		S4	152	5	100009	12.426131	0.188	0.015129407536424652	1.51	4.78	5.41	5     100009  1.2426131E+01  1.88E-01    1.51    4.78    5.41
adaptive	A03_S4	A03		S4	154	5	500001	12.149561	0.0624	0.005135988041049384	0.51	3.63	5.41	5     500001  1.2149561E+01  6.24E-02    0.51    3.63    5.41    1.12   5
fixed	A03_S4_F0	A03	F0	S4	144	1	99999	12.501869	1.48	0.11838229947858196	11.85	37.47	3.71	1      99999  1.2501869E+01  1.48E+00   11.85   37.47*   3.71
fixed	A03_S4_F0	A03	F0	S4	145	2	99979	12.389828	0.21	0.016949387836538165	1.69	5.35	1.79	2      99979  1.2389828E+01  2.10E-01    1.69    5.35*   1.79
fixed	A03_S4_F0	A03	F0	S4	146	3	100017	12.107594	0.117	0.009663356732972712	0.97	3.06	3.96	3     100017  1.2107594E+01  1.17E-01    0.97    3.06*   3.96
fixed	A03_S4_F0	A03	F0	S4	147	4	99997	12.070674	0.0871	0.007215835669159816	0.72	2.28	4.97	4      99997  1.2070674E+01  8.71E-02    0.72    2.28*   4.97
fixed	A03_S4_F0	A03	F0	S4	148	5	100009	12.426131	0.188	0.015129407536424652	1.51	4.78	5.41	5     100009  1.2426131E+01  1.88E-01    1.51    4.78    5.41
fixed	A03_S4_F0	A03	F0	S4	150	5	500001	12.149561	0.0624	0.005135988041049384	0.51	3.63	5.41	5     500001  1.2149561E+01  6.24E-02    0.51    3.63    5.41    1.12   5
fixed	A03_S4_F0	A03	F0	S4	153	6	199994	12.16944	0.0827	0.006795711224181228	0.68	3.04	3.75	6     199994  1.2169440E+01  8.27E-02    0.68    3.04*   3.75
fixed	A03_S4_F0	A03	F0	S4	154	7	199994	12.444513	0.38	0.030535546067572108	3.05	13.65	1.54	7     199994  1.2444513E+01  3.80E-01    3.05   13.65    1.54
fixed	A03_S4_F0	A03	F0	S4	155	8	199994	12.721829	0.51	0.040088575314131326	4.01	17.94	3.63	8     199994  1.2721829E+01  5.10E-01    4.01   17.94    3.63
fixed	A03_S4_F0	A03	F0	S4	157	8	599982	12.195111	0.0798	0.006543605876158076	0.65	5.07	3.63	8     599982  1.2195111E+01  7.98E-02    0.65    5.07    3.63    0.80   3
fixed	A03_S4_F1	A03	F1	S4	144	1	99999	12.501869	1.48	0.11838229947858196	11.85	37.47	3.71	1      99999  1.2501869E+01  1.48E+00   11.85   37.47*   3.71
fixed	A03_S4_F1	A03	F1	S4	145	2	99979	12.389828	0.21	0.016949387836538165	1.69	5.35	1.79	2      99979  1.2389828E+01  2.10E-01    1.69    5.35*   1.79
fixed	A03_S4_F1	A03	F1	S4	146	3	100017	12.107594	0.117	0.009663356732972712	0.97	3.06	3.96	3     100017  1.2107594E+01  1.17E-01    0.97    3.06*   3.96
fixed	A03_S4_F1	A03	F1	S4	147	4	99997	12.070674	0.0871	0.007215835669159816	0.72	2.28	4.97	4      99997  1.2070674E+01  8.71E-02    0.72    2.28*   4.97
fixed	A03_S4_F1	A03	F1	S4	148	5	100009	12.426131	0.188	0.015129407536424652	1.51	4.78	5.41	5     100009  1.2426131E+01  1.88E-01    1.51    4.78    5.41
fixed	A03_S4_F1	A03	F1	S4	150	5	500001	12.149561	0.0624	0.005135988041049384	0.51	3.63	5.41	5     500001  1.2149561E+01  6.24E-02    0.51    3.63    5.41    1.12   5
fixed	A03_S4_F1	A03	F1	S4	153	6	600004	12.981905	0.588	0.04529381473674318	4.53	35.09	0.5	6     600004  1.2981905E+01  5.88E-01    4.53   35.09    0.50
fixed	A03_S4_F1	A03	F1	S4	155	6	600004	12.981905	0.588	0.04529381473674318	4.53	35.09	0.5	6     600004  1.2981905E+01  5.88E-01    4.53   35.09    0.50
fixed	A03_S4_F2	A03	F2	S4	144	1	99999	12.501869	1.48	0.11838229947858196	11.85	37.47	3.71	1      99999  1.2501869E+01  1.48E+00   11.85   37.47*   3.71
fixed	A03_S4_F2	A03	F2	S4	145	2	99979	12.389828	0.21	0.016949387836538165	1.69	5.35	1.79	2      99979  1.2389828E+01  2.10E-01    1.69    5.35*   1.79
fixed	A03_S4_F2	A03	F2	S4	146	3	100017	12.107594	0.117	0.009663356732972712	0.97	3.06	3.96	3     100017  1.2107594E+01  1.17E-01    0.97    3.06*   3.96
fixed	A03_S4_F2	A03	F2	S4	147	4	99997	12.070674	0.0871	0.007215835669159816	0.72	2.28	4.97	4      99997  1.2070674E+01  8.71E-02    0.72    2.28*   4.97
fixed	A03_S4_F2	A03	F2	S4	148	5	100009	12.426131	0.188	0.015129407536424652	1.51	4.78	5.41	5     100009  1.2426131E+01  1.88E-01    1.51    4.78    5.41
fixed	A03_S4_F2	A03	F2	S4	150	5	500001	12.149561	0.0624	0.005135988041049384	0.51	3.63	5.41	5     500001  1.2149561E+01  6.24E-02    0.51    3.63    5.41    1.12   5
fixed	A03_S4_F2	A03	F2	S4	153	6	1988649	12.423462	0.178	0.014327729259364257	1.43	20.15	0.42	6    1988649  1.2423462E+01  1.78E-01    1.43   20.15    0.42
fixed	A03_S4_F2	A03	F2	S4	155	6	1988649	12.423462	0.178	0.014327729259364257	1.43	20.15	0.42	6    1988649  1.2423462E+01  1.78E-01    1.43   20.15    0.42
adaptive	A03_S5	A03		S5	148	1	100022	13.089363	1.67	0.12758451270699728	12.8	40.47	3.43	1     100022  1.3089363E+01  1.67E+00   12.80   40.47*   3.43
adaptive	A03_S5	A03		S5	149	2	99988	11.903931	0.202	0.016969184381193072	1.69	5.36	1.74	2      99988  1.1903931E+01  2.02E-01    1.69    5.36*   1.74
adaptive	A03_S5	A03		S5	150	3	99993	12.293837	0.113	0.009191597383306774	0.92	2.91	2.73	3      99993  1.2293837E+01  1.13E-01    0.92    2.91*   2.73
adaptive	A03_S5	A03		S5	151	4	99999	2204.7089	2200.0	0.9978641624751458	99.59	314.92	0.29	4      99999  2.2047089E+03  2.20E+03   99.59  314.92    0.29
adaptive	A03_S5	A03		S5	152	5	100007	12.130913	0.191	0.01574489900306762	1.58	4.99	6.43	5     100007  1.2130913E+01  1.91E-01    1.58    4.99*   6.43
adaptive	A03_S5	A03		S5	154	5	500009	12.188446	0.0875	0.0071789299472631695	0.72	5.08	6.43	5     500009  1.2188446E+01  8.75E-02    0.72    5.08    6.43    1.06   5
fixed	A03_S5_F0	A03	F0	S5	144	1	100022	13.089363	1.67	0.12758451270699728	12.8	40.47	3.43	1     100022  1.3089363E+01  1.67E+00   12.80   40.47*   3.43
fixed	A03_S5_F0	A03	F0	S5	145	2	99988	11.903931	0.202	0.016969184381193072	1.69	5.36	1.74	2      99988  1.1903931E+01  2.02E-01    1.69    5.36*   1.74
fixed	A03_S5_F0	A03	F0	S5	146	3	99993	12.293837	0.113	0.009191597383306774	0.92	2.91	2.73	3      99993  1.2293837E+01  1.13E-01    0.92    2.91*   2.73
fixed	A03_S5_F0	A03	F0	S5	147	4	99999	2204.7089	2200.0	0.9978641624751458	99.59	314.92	0.29	4      99999  2.2047089E+03  2.20E+03   99.59  314.92    0.29
fixed	A03_S5_F0	A03	F0	S5	148	5	100007	12.130913	0.191	0.01574489900306762	1.58	4.99	6.43	5     100007  1.2130913E+01  1.91E-01    1.58    4.99*   6.43
fixed	A03_S5_F0	A03	F0	S5	150	5	500009	12.188446	0.0875	0.0071789299472631695	0.72	5.08	6.43	5     500009  1.2188446E+01  8.75E-02    0.72    5.08    6.43    1.06   5
fixed	A03_S5_F0	A03	F0	S5	153	6	199998	13.210999	1.15	0.08704867815068337	8.73	39.05	3.3	6     199998  1.3210999E+01  1.15E+00    8.73   39.05    3.30
fixed	A03_S5_F0	A03	F0	S5	154	7	199998	12.590615	0.292	0.02319187744204711	2.32	10.36	2.6	7     199998  1.2590615E+01  2.92E-01    2.32   10.36*   2.60
fixed	A03_S5_F0	A03	F0	S5	155	8	199998	12.109821	0.102	0.008422915582319506	0.84	3.77	1.75	8     199998  1.2109821E+01  1.02E-01    0.84    3.77*   1.75
fixed	A03_S5_F0	A03	F0	S5	157	8	599994	12.169432	0.0959	0.007880400662906864	0.79	6.11	1.75	8     599994  1.2169432E+01  9.59E-02    0.79    6.11    1.75    1.62   3
fixed	A03_S5_F1	A03	F1	S5	144	1	100022	13.089363	1.67	0.12758451270699728	12.8	40.47	3.43	1     100022  1.3089363E+01  1.67E+00   12.80   40.47*   3.43
fixed	A03_S5_F1	A03	F1	S5	145	2	99988	11.903931	0.202	0.016969184381193072	1.69	5.36	1.74	2      99988  1.1903931E+01  2.02E-01    1.69    5.36*   1.74
fixed	A03_S5_F1	A03	F1	S5	146	3	99993	12.293837	0.113	0.009191597383306774	0.92	2.91	2.73	3      99993  1.2293837E+01  1.13E-01    0.92    2.91*   2.73
fixed	A03_S5_F1	A03	F1	S5	147	4	99999	2204.7089	2200.0	0.9978641624751458	99.59	314.92	0.29	4      99999  2.2047089E+03  2.20E+03   99.59  314.92    0.29
fixed	A03_S5_F1	A03	F1	S5	148	5	100007	12.130913	0.191	0.01574489900306762	1.58	4.99	6.43	5     100007  1.2130913E+01  1.91E-01    1.58    4.99*   6.43
fixed	A03_S5_F1	A03	F1	S5	150	5	500009	12.188446	0.0875	0.0071789299472631695	0.72	5.08	6.43	5     500009  1.2188446E+01  8.75E-02    0.72    5.08    6.43    1.06   5
fixed	A03_S5_F1	A03	F1	S5	153	6	600001	12.544383	0.387	0.030850461118733383	3.08	23.89	0.66	6     600001  1.2544383E+01  3.87E-01    3.08   23.89    0.66
fixed	A03_S5_F1	A03	F1	S5	155	6	600001	12.544383	0.387	0.030850461118733383	3.08	23.89	0.66	6     600001  1.2544383E+01  3.87E-01    3.08   23.89    0.66
fixed	A03_S5_F2	A03	F2	S5	144	1	100022	13.089363	1.67	0.12758451270699728	12.8	40.47	3.43	1     100022  1.3089363E+01  1.67E+00   12.80   40.47*   3.43
fixed	A03_S5_F2	A03	F2	S5	145	2	99988	11.903931	0.202	0.016969184381193072	1.69	5.36	1.74	2      99988  1.1903931E+01  2.02E-01    1.69    5.36*   1.74
fixed	A03_S5_F2	A03	F2	S5	146	3	99993	12.293837	0.113	0.009191597383306774	0.92	2.91	2.73	3      99993  1.2293837E+01  1.13E-01    0.92    2.91*   2.73
fixed	A03_S5_F2	A03	F2	S5	147	4	99999	2204.7089	2200.0	0.9978641624751458	99.59	314.92	0.29	4      99999  2.2047089E+03  2.20E+03   99.59  314.92    0.29
fixed	A03_S5_F2	A03	F2	S5	148	5	100007	12.130913	0.191	0.01574489900306762	1.58	4.99	6.43	5     100007  1.2130913E+01  1.91E-01    1.58    4.99*   6.43
fixed	A03_S5_F2	A03	F2	S5	150	5	500009	12.188446	0.0875	0.0071789299472631695	0.72	5.08	6.43	5     500009  1.2188446E+01  8.75E-02    0.72    5.08    6.43    1.06   5
fixed	A03_S5_F2	A03	F2	S5	153	6	1937326	12.26955	0.119	0.009698807209718366	0.97	13.47	0.88	6    1937326  1.2269550E+01  1.19E-01    0.97   13.47    0.88
fixed	A03_S5_F2	A03	F2	S5	155	6	1937326	12.26955	0.119	0.009698807209718366	0.97	13.47	0.88	6    1937326  1.2269550E+01  1.19E-01    0.97   13.47    0.88
adaptive	A03_S6	A03		S6	148	1	99990	12.134832	1.38	0.11372221716790146	11.37	35.96	3.73	1      99990  1.2134832E+01  1.38E+00   11.37   35.96*   3.73
adaptive	A03_S6	A03		S6	149	2	99996	11.941528	0.206	0.017250723692981335	1.72	5.44	1.77	2      99996  1.1941528E+01  2.06E-01    1.72    5.44*   1.77
adaptive	A03_S6	A03		S6	150	3	99998	12.145767	0.107	0.008809653601950376	0.88	2.77	3.1	3      99998  1.2145767E+01  1.07E-01    0.88    2.77*   3.10
adaptive	A03_S6	A03		S6	151	4	100006	12.232084	0.0851	0.006957113767367849	0.7	2.2	5.7	4     100006  1.2232084E+01  8.51E-02    0.70    2.20*   5.70
adaptive	A03_S6	A03		S6	152	5	100006	13.550525	0.998	0.07365028292261738	7.37	23.3	0.65	5     100006  1.3550525E+01  9.98E-01    7.37   23.30    0.65
adaptive	A03_S6	A03		S6	154	5	499996	12.179507	0.0631	0.005180833674138042	0.52	3.66	0.65	5     499996  1.2179507E+01  6.31E-02    0.52    3.66    0.65    0.93   5
fixed	A03_S6_F0	A03	F0	S6	144	1	99990	12.134832	1.38	0.11372221716790146	11.37	35.96	3.73	1      99990  1.2134832E+01  1.38E+00   11.37   35.96*   3.73
fixed	A03_S6_F0	A03	F0	S6	145	2	99996	11.941528	0.206	0.017250723692981335	1.72	5.44	1.77	2      99996  1.1941528E+01  2.06E-01    1.72    5.44*   1.77
fixed	A03_S6_F0	A03	F0	S6	146	3	99998	12.145767	0.107	0.008809653601950376	0.88	2.77	3.1	3      99998  1.2145767E+01  1.07E-01    0.88    2.77*   3.10
fixed	A03_S6_F0	A03	F0	S6	147	4	100006	12.232084	0.0851	0.006957113767367849	0.7	2.2	5.7	4     100006  1.2232084E+01  8.51E-02    0.70    2.20*   5.70
fixed	A03_S6_F0	A03	F0	S6	148	5	100006	13.550525	0.998	0.07365028292261738	7.37	23.3	0.65	5     100006  1.3550525E+01  9.98E-01    7.37   23.30    0.65
fixed	A03_S6_F0	A03	F0	S6	150	5	499996	12.179507	0.0631	0.005180833674138042	0.52	3.66	0.65	5     499996  1.2179507E+01  6.31E-02    0.52    3.66    0.65    0.93   5
fixed	A03_S6_F0	A03	F0	S6	153	6	200000	24.410422	8.66	0.3547665009642193	35.49	158.72	0.01	6     200000  2.4410422E+01  8.66E+00   35.49  158.72    0.01
fixed	A03_S6_F0	A03	F0	S6	154	7	200000	14.915444	1.28	0.08581708999075052	8.57	38.34	0.04	7     200000  1.4915444E+01  1.28E+00    8.57   38.34*   0.04
fixed	A03_S6_F0	A03	F0	S6	155	8	200000	14.470762	0.956	0.06606424734233068	6.6	29.54	0.05	8     200000  1.4470762E+01  9.56E-01    6.60   29.54*   0.05
fixed	A03_S6_F0	A03	F0	S6	157	8	600000	14.705912	0.763	0.05188389540206687	5.19	40.17	0.05	8     600000  1.4705912E+01  7.63E-01    5.19   40.17    0.05    0.67   3
fixed	A03_S6_F1	A03	F1	S6	144	1	99990	12.134832	1.38	0.11372221716790146	11.37	35.96	3.73	1      99990  1.2134832E+01  1.38E+00   11.37   35.96*   3.73
fixed	A03_S6_F1	A03	F1	S6	145	2	99996	11.941528	0.206	0.017250723692981335	1.72	5.44	1.77	2      99996  1.1941528E+01  2.06E-01    1.72    5.44*   1.77
fixed	A03_S6_F1	A03	F1	S6	146	3	99998	12.145767	0.107	0.008809653601950376	0.88	2.77	3.1	3      99998  1.2145767E+01  1.07E-01    0.88    2.77*   3.10
fixed	A03_S6_F1	A03	F1	S6	147	4	100006	12.232084	0.0851	0.006957113767367849	0.7	2.2	5.7	4     100006  1.2232084E+01  8.51E-02    0.70    2.20*   5.70
fixed	A03_S6_F1	A03	F1	S6	148	5	100006	13.550525	0.998	0.07365028292261738	7.37	23.3	0.65	5     100006  1.3550525E+01  9.98E-01    7.37   23.30    0.65
fixed	A03_S6_F1	A03	F1	S6	150	5	499996	12.179507	0.0631	0.005180833674138042	0.52	3.66	0.65	5     499996  1.2179507E+01  6.31E-02    0.52    3.66    0.65    0.93   5
fixed	A03_S6_F1	A03	F1	S6	153	6	600001	17.320931	2.91	0.16800482606852946	16.77	129.92	0.01	6     600001  1.7320931E+01  2.91E+00   16.77  129.92    0.01
fixed	A03_S6_F1	A03	F1	S6	155	6	600001	17.320931	2.91	0.16800482606852946	16.77	129.92	0.01	6     600001  1.7320931E+01  2.91E+00   16.77  129.92    0.01
fixed	A03_S6_F2	A03	F2	S6	144	1	99990	12.134832	1.38	0.11372221716790146	11.37	35.96	3.73	1      99990  1.2134832E+01  1.38E+00   11.37   35.96*   3.73
fixed	A03_S6_F2	A03	F2	S6	145	2	99996	11.941528	0.206	0.017250723692981335	1.72	5.44	1.77	2      99996  1.1941528E+01  2.06E-01    1.72    5.44*   1.77
fixed	A03_S6_F2	A03	F2	S6	146	3	99998	12.145767	0.107	0.008809653601950376	0.88	2.77	3.1	3      99998  1.2145767E+01  1.07E-01    0.88    2.77*   3.10
fixed	A03_S6_F2	A03	F2	S6	147	4	100006	12.232084	0.0851	0.006957113767367849	0.7	2.2	5.7	4     100006  1.2232084E+01  8.51E-02    0.70    2.20*   5.70
fixed	A03_S6_F2	A03	F2	S6	148	5	100006	13.550525	0.998	0.07365028292261738	7.37	23.3	0.65	5     100006  1.3550525E+01  9.98E-01    7.37   23.30    0.65
fixed	A03_S6_F2	A03	F2	S6	150	5	499996	12.179507	0.0631	0.005180833674138042	0.52	3.66	0.65	5     499996  1.2179507E+01  6.31E-02    0.52    3.66    0.65    0.93   5
fixed	A03_S6_F2	A03	F2	S6	153	6	1933739	47.830587	24.2	0.5059523940193332	50.54	702.76	0.0	6    1933739  4.7830587E+01  2.42E+01   50.54  702.76    0.00
fixed	A03_S6_F2	A03	F2	S6	155	6	1933739	47.830587	24.2	0.5059523940193332	50.54	702.76	0.0	6    1933739  4.7830587E+01  2.42E+01   50.54  702.76    0.00
adaptive	A03_S7	A03		S7	148	1	100004	14.120871	1.58	0.11189111493193303	11.18	35.35	3.15	1     100004  1.4120871E+01  1.58E+00   11.18   35.35*   3.15
adaptive	A03_S7	A03		S7	149	2	99998	11.971462	0.204	0.017040525209034617	1.7	5.39	1.56	2      99998  1.1971462E+01  2.04E-01    1.70    5.39*   1.56
adaptive	A03_S7	A03		S7	150	3	99994	12.139513	0.111	0.009143694644093219	0.92	2.9	3.12	3      99994  1.2139513E+01  1.11E-01    0.92    2.90*   3.12
adaptive	A03_S7	A03		S7	151	4	99988	12.234888	0.116	0.009481083929824287	0.95	3.0	1.17	4      99988  1.2234888E+01  1.16E-01    0.95    3.00    1.17
adaptive	A03_S7	A03		S7	152	5	100006	12.119149	0.0927	0.007649051926005696	0.77	2.42	3.17	5     100006  1.2119149E+01  9.27E-02    0.77    2.42*   3.17
adaptive	A03_S7	A03		S7	154	5	499990	12.14444	0.0582	0.0047923164839218605	0.48	3.39	3.17	5     499990  1.2144440E+01  5.82E-02    0.48    3.39    3.17    0.74   5
fixed	A03_S7_F0	A03	F0	S7	144	1	100004	14.120871	1.58	0.11189111493193303	11.18	35.35	3.15	1     100004  1.4120871E+01  1.58E+00   11.18   35.35*   3.15
fixed	A03_S7_F0	A03	F0	S7	145	2	99998	11.971462	0.204	0.017040525209034617	1.7	5.39	1.56	2      99998  1.1971462E+01  2.04E-01    1.70    5.39*   1.56
fixed	A03_S7_F0	A03	F0	S7	146	3	99994	12.139513	0.111	0.009143694644093219	0.92	2.9	3.12	3      99994  1.2139513E+01  1.11E-01    0.92    2.90*   3.12
fixed	A03_S7_F0	A03	F0	S7	147	4	99988	12.234888	0.116	0.009481083929824287	0.95	3.0	1.17	4      99988  1.2234888E+01  1.16E-01    0.95    3.00    1.17
fixed	A03_S7_F0	A03	F0	S7	148	5	100006	12.119149	0.0927	0.007649051926005696	0.77	2.42	3.17	5     100006  1.2119149E+01  9.27E-02    0.77    2.42*   3.17
fixed	A03_S7_F0	A03	F0	S7	150	5	499990	12.14444	0.0582	0.0047923164839218605	0.48	3.39	3.17	5     499990  1.2144440E+01  5.82E-02    0.48    3.39    3.17    0.74   5
fixed	A03_S7_F0	A03	F0	S7	153	6	200001	12.159193	0.055	0.004523326506948282	0.45	2.02	4.51	6     200001  1.2159193E+01  5.50E-02    0.45    2.02*   4.51
fixed	A03_S7_F0	A03	F0	S7	154	7	200001	13.038332	0.915	0.07017768837302195	7.02	31.38	2.13	7     200001  1.3038332E+01  9.15E-01    7.02   31.38    2.13
fixed	A03_S7_F0	A03	F0	S7	155	8	200001	12.505714	0.386	0.030865890584096202	3.08	13.79	1.74	8     200001  1.2505714E+01  3.86E-01    3.08   13.79*   1.74
fixed	A03_S7_F0	A03	F0	S7	157	8	600003	12.169184	0.0544	0.004470307951626009	0.45	3.46	1.74	8     600003  1.2169184E+01  5.44E-02    0.45    3.46    1.74    0.85   3
fixed	A03_S7_F1	A03	F1	S7	144	1	100004	14.120871	1.58	0.11189111493193303	11.18	35.35	3.15	1     100004  1.4120871E+01  1.58E+00   11.18   35.35*   3.15
fixed	A03_S7_F1	A03	F1	S7	145	2	99998	11.971462	0.204	0.017040525209034617	1.7	5.39	1.56	2      99998  1.1971462E+01  2.04E-01    1.70    5.39*   1.56
fixed	A03_S7_F1	A03	F1	S7	146	3	99994	12.139513	0.111	0.009143694644093219	0.92	2.9	3.12	3      99994  1.2139513E+01  1.11E-01    0.92    2.90*   3.12
fixed	A03_S7_F1	A03	F1	S7	147	4	99988	12.234888	0.116	0.009481083929824287	0.95	3.0	1.17	4      99988  1.2234888E+01  1.16E-01    0.95    3.00    1.17
fixed	A03_S7_F1	A03	F1	S7	148	5	100006	12.119149	0.0927	0.007649051926005696	0.77	2.42	3.17	5     100006  1.2119149E+01  9.27E-02    0.77    2.42*   3.17
fixed	A03_S7_F1	A03	F1	S7	150	5	499990	12.14444	0.0582	0.0047923164839218605	0.48	3.39	3.17	5     499990  1.2144440E+01  5.82E-02    0.48    3.39    3.17    0.74   5
fixed	A03_S7_F1	A03	F1	S7	153	6	600014	14.342599	2.19	0.15269199117956236	15.25	118.14	0.1	6     600014  1.4342599E+01  2.19E+00   15.25  118.14    0.10
fixed	A03_S7_F1	A03	F1	S7	155	6	600014	14.342599	2.19	0.15269199117956236	15.25	118.14	0.1	6     600014  1.4342599E+01  2.19E+00   15.25  118.14    0.10
fixed	A03_S7_F2	A03	F2	S7	144	1	100004	14.120871	1.58	0.11189111493193303	11.18	35.35	3.15	1     100004  1.4120871E+01  1.58E+00   11.18   35.35*   3.15
fixed	A03_S7_F2	A03	F2	S7	145	2	99998	11.971462	0.204	0.017040525209034617	1.7	5.39	1.56	2      99998  1.1971462E+01  2.04E-01    1.70    5.39*   1.56
fixed	A03_S7_F2	A03	F2	S7	146	3	99994	12.139513	0.111	0.009143694644093219	0.92	2.9	3.12	3      99994  1.2139513E+01  1.11E-01    0.92    2.90*   3.12
fixed	A03_S7_F2	A03	F2	S7	147	4	99988	12.234888	0.116	0.009481083929824287	0.95	3.0	1.17	4      99988  1.2234888E+01  1.16E-01    0.95    3.00    1.17
fixed	A03_S7_F2	A03	F2	S7	148	5	100006	12.119149	0.0927	0.007649051926005696	0.77	2.42	3.17	5     100006  1.2119149E+01  9.27E-02    0.77    2.42*   3.17
fixed	A03_S7_F2	A03	F2	S7	150	5	499990	12.14444	0.0582	0.0047923164839218605	0.48	3.39	3.17	5     499990  1.2144440E+01  5.82E-02    0.48    3.39    3.17    0.74   5
fixed	A03_S7_F2	A03	F2	S7	153	6	1994601	12.883999	0.658	0.05107109989685656	5.11	72.13	0.08	6    1994601  1.2883999E+01  6.58E-01    5.11   72.13    0.08
fixed	A03_S7_F2	A03	F2	S7	155	6	1994601	12.883999	0.658	0.05107109989685656	5.11	72.13	0.08	6    1994601  1.2883999E+01  6.58E-01    5.11   72.13    0.08
adaptive	A04_S0	A04		S0	148	1	249999	13.582165	1.03	0.07583474357733101	7.58	37.88	1.73	1     249999  1.3582165E+01  1.03E+00    7.58   37.88*   1.73
adaptive	A04_S0	A04		S0	149	2	250003	19.1057	6.99	0.36585940321474747	36.57	182.83	1.42	2     250003  1.9105700E+01  6.99E+00   36.57  182.83    1.42
adaptive	A04_S0	A04		S0	151	2	500002	13.69948	1.02	0.0744553807881759	7.43	52.55	1.42	2     500002  1.3699480E+01  1.02E+00    7.43   52.55    1.42    0.61   2
fixed	A04_S0_F0	A04	F0	S0	144	1	249999	13.582165	1.03	0.07583474357733101	7.58	37.88	1.73	1     249999  1.3582165E+01  1.03E+00    7.58   37.88*   1.73
fixed	A04_S0_F0	A04	F0	S0	145	2	250003	19.1057	6.99	0.36585940321474747	36.57	182.83	1.42	2     250003  1.9105700E+01  6.99E+00   36.57  182.83    1.42
fixed	A04_S0_F0	A04	F0	S0	147	2	500002	13.69948	1.02	0.0744553807881759	7.43	52.55	1.42	2     500002  1.3699480E+01  1.02E+00    7.43   52.55    1.42    0.61   2
fixed	A04_S0_F0	A04	F0	S0	150	3	201033	12.304275	0.133	0.010809251256169095	1.08	4.84	3.46	3     201033  1.2304275E+01  1.33E-01    1.08    4.84*   3.46
fixed	A04_S0_F0	A04	F0	S0	151	4	201033	12.374334	0.119	0.009616679168349586	0.96	4.31	3.75	4     201033  1.2374334E+01  1.19E-01    0.96    4.31*   3.75
fixed	A04_S0_F0	A04	F0	S0	152	5	201033	15.981947	3.66	0.22900839303246345	22.91	102.71	1.1	5     201033  1.5981947E+01  3.66E+00   22.91  102.71    1.10
fixed	A04_S0_F0	A04	F0	S0	154	5	603099	12.345245	0.0886	0.007176852302242685	0.72	5.58	1.1	5     603099  1.2345245E+01  8.86E-02    0.72    5.58    1.10    0.57   3
fixed	A04_S0_F1	A04	F1	S0	144	1	249999	13.582165	1.03	0.07583474357733101	7.58	37.88	1.73	1     249999  1.3582165E+01  1.03E+00    7.58   37.88*   1.73
fixed	A04_S0_F1	A04	F1	S0	145	2	250003	19.1057	6.99	0.36585940321474747	36.57	182.83	1.42	2     250003  1.9105700E+01  6.99E+00   36.57  182.83    1.42
fixed	A04_S0_F1	A04	F1	S0	147	2	500002	13.69948	1.02	0.0744553807881759	7.43	52.55	1.42	2     500002  1.3699480E+01  1.02E+00    7.43   52.55    1.42    0.61   2
fixed	A04_S0_F1	A04	F1	S0	150	3	600026	14.06058	1.81	0.1287286868678248	12.88	99.77	2.09	3     600026  1.4060580E+01  1.81E+00   12.88   99.77*   2.09
fixed	A04_S0_F1	A04	F1	S0	152	3	600026	14.06058	1.81	0.1287286868678248	12.88	99.77	2.09	3     600026  1.4060580E+01  1.81E+00   12.88   99.77    2.09
fixed	A04_S0_F2	A04	F2	S0	144	1	249999	13.582165	1.03	0.07583474357733101	7.58	37.88	1.73	1     249999  1.3582165E+01  1.03E+00    7.58   37.88*   1.73
fixed	A04_S0_F2	A04	F2	S0	145	2	250003	19.1057	6.99	0.36585940321474747	36.57	182.83	1.42	2     250003  1.9105700E+01  6.99E+00   36.57  182.83    1.42
fixed	A04_S0_F2	A04	F2	S0	147	2	500002	13.69948	1.02	0.0744553807881759	7.43	52.55	1.42	2     500002  1.3699480E+01  1.02E+00    7.43   52.55    1.42    0.61   2
fixed	A04_S0_F2	A04	F2	S0	150	3	1979911	13.159274	0.571	0.04339145153448434	4.34	61.06	0.7	3    1979911  1.3159274E+01  5.71E-01    4.34   61.06*   0.70
fixed	A04_S0_F2	A04	F2	S0	152	3	1979911	13.159274	0.571	0.04339145153448434	4.34	61.06	0.7	3    1979911  1.3159274E+01  5.71E-01    4.34   61.06    0.70
adaptive	A04_S1	A04		S1	148	1	250013	12.926452	0.966	0.07473048288888552	7.47	37.35	2.06	1     250013  1.2926452E+01  9.66E-01    7.47   37.35*   2.06
adaptive	A04_S1	A04		S1	149	2	250005	12.452728	0.241	0.019353189116473112	1.94	9.69	1.48	2     250005  1.2452728E+01  2.41E-01    1.94    9.69*   1.48
adaptive	A04_S1	A04		S1	151	2	500018	12.480593	0.234	0.018749109116850456	1.88	13.27	1.48	2     500018  1.2480593E+01  2.34E-01    1.88   13.27    1.48    0.23   2
fixed	A04_S1_F0	A04	F0	S1	144	1	250013	12.926452	0.966	0.07473048288888552	7.47	37.35	2.06	1     250013  1.2926452E+01  9.66E-01    7.47   37.35*   2.06
fixed	A04_S1_F0	A04	F0	S1	145	2	250005	12.452728	0.241	0.019353189116473112	1.94	9.69	1.48	2     250005  1.2452728E+01  2.41E-01    1.94    9.69*   1.48
fixed	A04_S1_F0	A04	F0	S1	147	2	500018	12.480593	0.234	0.018749109116850456	1.88	13.27	1.48	2     500018  1.2480593E+01  2.34E-01    1.88   13.27    1.48    0.23   2
fixed	A04_S1_F0	A04	F0	S1	150	3	201011	13.147386	0.66	0.05020009300708141	5.02	22.5	0.43	3     201011  1.3147386E+01  6.60E-01    5.02   22.50    0.43
fixed	A04_S1_F0	A04	F0	S1	151	4	201011	12.364652	0.116	0.009381582271785734	0.94	4.22	2.64	4     201011  1.2364652E+01  1.16E-01    0.94    4.22*   2.64
fixed	A04_S1_F0	A04	F0	S1	152	5	201011	12.31386	0.105	0.00852697691869162	0.85	3.82	3.48	5     201011  1.2313860E+01  1.05E-01    0.85    3.82*   3.48
fixed	A04_S1_F0	A04	F0	S1	154	5	603033	12.347751	0.0774	0.0062683479768906895	0.63	4.87	3.48	5     603033  1.2347751E+01  7.74E-02    0.63    4.87    3.48    0.80   3
fixed	A04_S1_F1	A04	F1	S1	144	1	250013	12.926452	0.966	0.07473048288888552	7.47	37.35	2.06	1     250013  1.2926452E+01  9.66E-01    7.47   37.35*   2.06
fixed	A04_S1_F1	A04	F1	S1	145	2	250005	12.452728	0.241	0.019353189116473112	1.94	9.69	1.48	2     250005  1.2452728E+01  2.41E-01    1.94    9.69*   1.48
fixed	A04_S1_F1	A04	F1	S1	147	2	500018	12.480593	0.234	0.018749109116850456	1.88	13.27	1.48	2     500018  1.2480593E+01  2.34E-01    1.88   13.27    1.48    0.23   2
fixed	A04_S1_F1	A04	F1	S1	150	3	600006	12.917084	0.399	0.03088932455653304	3.09	23.94	0.35	3     600006  1.2917084E+01  3.99E-01    3.09   23.94    0.35
fixed	A04_S1_F1	A04	F1	S1	152	3	600006	12.917084	0.399	0.03088932455653304	3.09	23.94	0.35	3     600006  1.2917084E+01  3.99E-01    3.09   23.94    0.35
fixed	A04_S1_F2	A04	F2	S1	144	1	250013	12.926452	0.966	0.07473048288888552	7.47	37.35	2.06	1     250013  1.2926452E+01  9.66E-01    7.47   37.35*   2.06
fixed	A04_S1_F2	A04	F2	S1	145	2	250005	12.452728	0.241	0.019353189116473112	1.94	9.69	1.48	2     250005  1.2452728E+01  2.41E-01    1.94    9.69*   1.48
fixed	A04_S1_F2	A04	F2	S1	147	2	500018	12.480593	0.234	0.018749109116850456	1.88	13.27	1.48	2     500018  1.2480593E+01  2.34E-01    1.88   13.27    1.48    0.23   2
fixed	A04_S1_F2	A04	F2	S1	150	3	1956958	18.75058	5.51	0.29385757667229495	29.38	411.04	0.01	3    1956958  1.8750580E+01  5.51E+00   29.38  411.04    0.01
fixed	A04_S1_F2	A04	F2	S1	152	3	1956958	18.75058	5.51	0.29385757667229495	29.38	411.04	0.01	3    1956958  1.8750580E+01  5.51E+00   29.38  411.04    0.01
adaptive	A04_S2	A04		S2	148	1	249992	12.427462	0.954	0.07676547311108253	7.68	38.4	1.81	1     249992  1.2427462E+01  9.54E-01    7.68   38.40*   1.81
adaptive	A04_S2	A04		S2	149	2	249995	137.8287	109.0	0.7908367415494741	79.28	396.4	0.12	2     249995  1.3782870E+02  1.09E+02   79.28  396.40    0.12
adaptive	A04_S2	A04		S2	151	2	499987	12.437026	0.954	0.07670644091280343	7.67	54.26	0.12	2     499987  1.2437026E+01  9.54E-01    7.67   54.26    0.12    1.32   2
fixed	A04_S2_F0	A04	F0	S2	144	1	249992	12.427462	0.954	0.07676547311108253	7.68	38.4	1.81	1     249992  1.2427462E+01  9.54E-01    7.68   38.40*   1.81
fixed	A04_S2_F0	A04	F0	S2	145	2	249995	137.8287	109.0	0.7908367415494741	79.28	396.4	0.12	2     249995  1.3782870E+02  1.09E+02   79.28  396.40    0.12
fixed	A04_S2_F0	A04	F0	S2	147	2	499987	12.437026	0.954	0.07670644091280343	7.67	54.26	0.12	2     499987  1.2437026E+01  9.54E-01    7.67   54.26    0.12    1.32   2
fixed	A04_S2_F0	A04	F0	S2	150	3	201116	13.015403	0.716	0.05501174262525717	5.5	24.66	0.72	3     201116  1.3015403E+01  7.16E-01    5.50   24.66*   0.72
fixed	A04_S2_F0	A04	F0	S2	151	4	201116	12.187607	0.109	0.008943511224147611	0.89	3.99	0.79	4     201116  1.2187607E+01  1.09E-01    0.89    3.99*   0.79
fixed	A04_S2_F0	A04	F0	S2	152	5	201116	104.74326	82.6	0.7885948938385151	78.87	353.72	0.02	5     201116  1.0474326E+02  8.26E+01   78.87  353.72    0.02
fixed	A04_S2_F0	A04	F0	S2	154	5	603348	12.206364	0.107	0.00876591915495884	0.88	6.83	0.02	5     603348  1.2206364E+01  1.07E-01    0.88    6.83    0.02    1.28   3
fixed	A04_S2_F1	A04	F1	S2	144	1	249992	12.427462	0.954	0.07676547311108253	7.68	38.4	1.81	1     249992  1.2427462E+01  9.54E-01    7.68   38.40*   1.81
fixed	A04_S2_F1	A04	F1	S2	145	2	249995	137.8287	109.0	0.7908367415494741	79.28	396.4	0.12	2     249995  1.3782870E+02  1.09E+02   79.28  396.40    0.12
fixed	A04_S2_F1	A04	F1	S2	147	2	499987	12.437026	0.954	0.07670644091280343	7.67	54.26	0.12	2     499987  1.2437026E+01  9.54E-01    7.67   54.26    0.12    1.32   2
fixed	A04_S2_F1	A04	F1	S2	150	3	596886	12.620928	0.254	0.0201253029888135	2.01	15.54	0.13	3     596886  1.2620928E+01  2.54E-01    2.01   15.54*   0.13
fixed	A04_S2_F1	A04	F1	S2	152	3	596886	12.620928	0.254	0.0201253029888135	2.01	15.54	0.13	3     596886  1.2620928E+01  2.54E-01    2.01   15.54    0.13
fixed	A04_S2_F2	A04	F2	S2	144	1	249992	12.427462	0.954	0.07676547311108253	7.68	38.4	1.81	1     249992  1.2427462E+01  9.54E-01    7.68   38.40*   1.81
fixed	A04_S2_F2	A04	F2	S2	145	2	249995	137.8287	109.0	0.7908367415494741	79.28	396.4	0.12	2     249995  1.3782870E+02  1.09E+02   79.28  396.40    0.12
fixed	A04_S2_F2	A04	F2	S2	147	2	499987	12.437026	0.954	0.07670644091280343	7.67	54.26	0.12	2     499987  1.2437026E+01  9.54E-01    7.67   54.26    0.12    1.32   2
fixed	A04_S2_F2	A04	F2	S2	150	3	1967785	59.290286	38.9	0.6560939847718056	65.58	920.0	0.0	3    1967785  5.9290286E+01  3.89E+01   65.58  920.00    0.00
fixed	A04_S2_F2	A04	F2	S2	152	3	1967785	59.290286	38.9	0.6560939847718056	65.58	920.0	0.0	3    1967785  5.9290286E+01  3.89E+01   65.58  920.00    0.00
adaptive	A04_S3	A04		S3	148	1	249986	11.035796	0.824	0.07466611379913148	7.46	37.32	1.97	1     249986  1.1035796E+01  8.24E-01    7.46   37.32*   1.97
adaptive	A04_S3	A04		S3	149	2	250012	12.145401	0.151	0.01243268954232141	1.24	6.22	1.85	2     250012  1.2145401E+01  1.51E-01    1.24    6.22*   1.85
adaptive	A04_S3	A04		S3	151	2	499998	12.109243	0.149	0.012304650257658551	1.23	8.68	1.85	2     499998  1.2109243E+01  1.49E-01    1.23    8.68    1.85    1.76   2
fixed	A04_S3_F0	A04	F0	S3	144	1	249986	11.035796	0.824	0.07466611379913148	7.46	37.32	1.97	1     249986  1.1035796E+01  8.24E-01    7.46   37.32*   1.97
fixed	A04_S3_F0	A04	F0	S3	145	2	250012	12.145401	0.151	0.01243268954232141	1.24	6.22	1.85	2     250012  1.2145401E+01  1.51E-01    1.24    6.22*   1.85
fixed	A04_S3_F0	A04	F0	S3	147	2	499998	12.109243	0.149	0.012304650257658551	1.23	8.68	1.85	2     499998  1.2109243E+01  1.49E-01    1.23    8.68    1.85    1.76   2
fixed	A04_S3_F0	A04	F0	S3	150	3	200971	14.428571	1.71	0.11851485500539173	11.82	53.01	2.1	3     200971  1.4428571E+01  1.71E+00   11.82   53.01    2.10
fixed	A04_S3_F0	A04	F0	S3	151	4	200971	20.671525	6.7	0.32411735467025293	32.4	145.24	0.82	4     200971  2.0671525E+01  6.70E+00   32.40  145.24    0.82
fixed	A04_S3_F0	A04	F0	S3	152	5	200971	13.893624	1.61	0.11588049309525002	11.61	52.06	3.33	5     200971  1.3893624E+01  1.61E+00   11.61   52.06*   3.33
fixed	A04_S3_F0	A04	F0	S3	154	5	602913	14.340129	1.15	0.08019453660423835	8.05	62.52	3.33	5     602913  1.4340129E+01  1.15E+00    8.05   62.52    3.33    0.49   3
fixed	A04_S3_F1	A04	F1	S3	144	1	249986	11.035796	0.824	0.07466611379913148	7.46	37.32	1.97	1     249986  1.1035796E+01  8.24E-01    7.46   37.32*   1.97
fixed	A04_S3_F1	A04	F1	S3	145	2	250012	12.145401	0.151	0.01243268954232141	1.24	6.22	1.85	2     250012  1.2145401E+01  1.51E-01    1.24    6.22*   1.85
fixed	A04_S3_F1	A04	F1	S3	147	2	499998	12.109243	0.149	0.012304650257658551	1.23	8.68	1.85	2     499998  1.2109243E+01  1.49E-01    1.23    8.68    1.85    1.76   2
fixed	A04_S3_F1	A04	F1	S3	150	3	599989	13.89738	0.711	0.05116072238076529	5.11	39.6	0.55	3     599989  1.3897380E+01  7.11E-01    5.11   39.60    0.55
fixed	A04_S3_F1	A04	F1	S3	152	3	599989	13.89738	0.711	0.05116072238076529	5.11	39.6	0.55	3     599989  1.3897380E+01  7.11E-01    5.11   39.60    0.55
fixed	A04_S3_F2	A04	F2	S3	144	1	249986	11.035796	0.824	0.07466611379913148	7.46	37.32	1.97	1     249986  1.1035796E+01  8.24E-01    7.46   37.32*   1.97
fixed	A04_S3_F2	A04	F2	S3	145	2	250012	12.145401	0.151	0.01243268954232141	1.24	6.22	1.85	2     250012  1.2145401E+01  1.51E-01    1.24    6.22*   1.85
fixed	A04_S3_F2	A04	F2	S3	147	2	499998	12.109243	0.149	0.012304650257658551	1.23	8.68	1.85	2     499998  1.2109243E+01  1.49E-01    1.23    8.68    1.85    1.76   2
fixed	A04_S3_F2	A04	F2	S3	150	3	1950116	21.40845	5.66	0.2643815876441312	26.43	369.02	0.02	3    1950116  2.1408450E+01  5.66E+00   26.43  369.02    0.02
fixed	A04_S3_F2	A04	F2	S3	152	3	1950116	21.40845	5.66	0.2643815876441312	26.43	369.02	0.02	3    1950116  2.1408450E+01  5.66E+00   26.43  369.02    0.02
adaptive	A04_S4	A04		S4	148	1	249996	12.022316	0.904	0.07519349849064025	7.52	37.61	1.9	1     249996  1.2022316E+01  9.04E-01    7.52   37.61*   1.90
adaptive	A04_S4	A04		S4	149	2	250028	12.984942	0.837	0.06445927906339512	6.45	32.24	0.44	2     250028  1.2984942E+01  8.37E-01    6.45   32.24*   0.44
adaptive	A04_S4	A04		S4	151	2	500024	12.54063	0.614	0.04896085762836476	4.9	34.64	0.44	2     500024  1.2540630E+01  6.14E-01    4.90   34.64    0.44    0.61   2
fixed	A04_S4_F0	A04	F0	S4	144	1	249996	12.022316	0.904	0.07519349849064025	7.52	37.61	1.9	1     249996  1.2022316E+01  9.04E-01    7.52   37.61*   1.90
fixed	A04_S4_F0	A04	F0	S4	145	2	250028	12.984942	0.837	0.06445927906339512	6.45	32.24	0.44	2     250028  1.2984942E+01  8.37E-01    6.45   32.24*   0.44
fixed	A04_S4_F0	A04	F0	S4	147	2	500024	12.54063	0.614	0.04896085762836476	4.9	34.64	0.44	2     500024  1.2540630E+01  6.14E-01    4.90   34.64    0.44    0.61   2
fixed	A04_S4_F0	A04	F0	S4	150	3	200907	12.076734	0.0769	0.006367615615281416	0.64	2.85	3.66	3     200907  1.2076734E+01  7.69E-02    0.64    2.85*   3.66
fixed	A04_S4_F0	A04	F0	S4	151	4	200907	12.677193	0.544	0.04291170766272944	4.29	19.23	1.77	4     200907  1.2677193E+01  5.44E-01    4.29   19.23    1.77
fixed	A04_S4_F0	A04	F0	S4	152	5	200907	13.115768	0.637	0.04856749524694246	4.85	21.76	1.53	5     200907  1.3115768E+01  6.37E-01    4.85   21.76    1.53
fixed	A04_S4_F0	A04	F0	S4	154	5	602721	12.102965	0.0756	0.006246403257383625	0.62	4.85	1.53	5     602721  1.2102965E+01  7.56E-02    0.62    4.85    1.53    1.88   3
fixed	A04_S4_F1	A04	F1	S4	144	1	249996	12.022316	0.904	0.07519349849064025	7.52	37.61	1.9	1     249996  1.2022316E+01  9.04E-01    7.52   37.61*   1.90
fixed	A04_S4_F1	A04	F1	S4	145	2	250028	12.984942	0.837	0.06445927906339512	6.45	32.24	0.44	2     250028  1.2984942E+01  8.37E-01    6.45   32.24*   0.44
fixed	A04_S4_F1	A04	F1	S4	147	2	500024	12.54063	0.614	0.04896085762836476	4.9	34.64	0.44	2     500024  1.2540630E+01  6.14E-01    4.90   34.64    0.44    0.61   2
fixed	A04_S4_F1	A04	F1	S4	150	3	600007	13.576099	1.28	0.09428334310172606	9.46	73.27	0.99	3     600007  1.3576099E+01  1.28E+00    9.46   73.27    0.99
fixed	A04_S4_F1	A04	F1	S4	152	3	600007	13.576099	1.28	0.09428334310172606	9.46	73.27	0.99	3     600007  1.3576099E+01  1.28E+00    9.46   73.27    0.99
fixed	A04_S4_F2	A04	F2	S4	144	1	249996	12.022316	0.904	0.07519349849064025	7.52	37.61	1.9	1     249996  1.2022316E+01  9.04E-01    7.52   37.61*   1.90
fixed	A04_S4_F2	A04	F2	S4	145	2	250028	12.984942	0.837	0.06445927906339512	6.45	32.24	0.44	2     250028  1.2984942E+01  8.37E-01    6.45   32.24*   0.44
fixed	A04_S4_F2	A04	F2	S4	147	2	500024	12.54063	0.614	0.04896085762836476	4.9	34.64	0.44	2     500024  1.2540630E+01  6.14E-01    4.90   34.64    0.44    0.61   2
fixed	A04_S4_F2	A04	F2	S4	150	3	1935029	12.88231	0.399	0.030972705982079303	3.09	43.05	0.13	3    1935029  1.2882310E+01  3.99E-01    3.09   43.05    0.13
fixed	A04_S4_F2	A04	F2	S4	152	3	1935029	12.88231	0.399	0.030972705982079303	3.09	43.05	0.13	3    1935029  1.2882310E+01  3.99E-01    3.09   43.05    0.13
adaptive	A04_S5	A04		S5	148	1	249981	12.51131	1.01	0.08072695824817705	8.04	40.18	1.63	1     249981  1.2511310E+01  1.01E+00    8.04   40.18*   1.63
adaptive	A04_S5	A04		S5	149	2	250034	12.36242	0.127	0.010273069512279957	1.03	5.14	1.64	2     250034  1.2362420E+01  1.27E-01    1.03    5.14*   1.64
adaptive	A04_S5	A04		S5	151	2	500015	12.364763	0.126	0.010190247884249784	1.02	7.21	1.64	2     500015  1.2364763E+01  1.26E-01    1.02    7.21    1.64    0.02   2
fixed	A04_S5_F0	A04	F0	S5	144	1	249981	12.51131	1.01	0.08072695824817705	8.04	40.18	1.63	1     249981  1.2511310E+01  1.01E+00    8.04   40.18*   1.63
fixed	A04_S5_F0	A04	F0	S5	145	2	250034	12.36242	0.127	0.010273069512279957	1.03	5.14	1.64	2     250034  1.2362420E+01  1.27E-01    1.03    5.14*   1.64
fixed	A04_S5_F0	A04	F0	S5	147	2	500015	12.364763	0.126	0.010190247884249784	1.02	7.21	1.64	2     500015  1.2364763E+01  1.26E-01    1.02    7.21    1.64    0.02   2
fixed	A04_S5_F0	A04	F0	S5	150	3	200976	12.207381	0.0775	0.006348618102441465	0.63	2.85	3.6	3     200976  1.2207381E+01  7.75E-02    0.63    2.85*   3.60
fixed	A04_S5_F0	A04	F0	S5	151	4	200976	64.091245	52.0	0.8113432653711127	81.06	363.38	0.47	4     200976  6.4091245E+01  5.20E+01   81.06  363.38    0.47
fixed	A04_S5_F0	A04	F0	S5	152	5	200976	12.192992	0.0721	0.0059132327815847	0.59	2.65	4.0	5     200976  1.2192992E+01  7.21E-02    0.59    2.65*   4.00
fixed	A04_S5_F0	A04	F0	S5	154	5	602928	12.199721	0.0528	0.004327967828116725	0.43	3.36	4.0	5     602928  1.2199721E+01  5.28E-02    0.43    3.36    4.00    0.51   3
fixed	A04_S5_F1	A04	F1	S5	144	1	249981	12.51131	1.01	0.08072695824817705	8.04	40.18	1.63	1     249981  1.2511310E+01  1.01E+00    8.04   40.18*   1.63
fixed	A04_S5_F1	A04	F1	S5	145	2	250034	12.36242	0.127	0.010273069512279957	1.03	5.14	1.64	2     250034  1.2362420E+01  1.27E-01    1.03    5.14*   1.64
fixed	A04_S5_F1	A04	F1	S5	147	2	500015	12.364763	0.126	0.010190247884249784	1.02	7.21	1.64	2     500015  1.2364763E+01  1.26E-01    1.02    7.21    1.64    0.02   2
fixed	A04_S5_F1	A04	F1	S5	150	3	600003	12.410313	0.077	0.0062045171624599636	0.62	4.81	1.6	3     600003  1.2410313E+01  7.70E-02    0.62    4.81*   1.60
fixed	A04_S5_F1	A04	F1	S5	152	3	600003	12.410313	0.077	0.0062045171624599636	0.62	4.81	1.6	3     600003  1.2410313E+01  7.70E-02    0.62    4.81    1.60
fixed	A04_S5_F2	A04	F2	S5	144	1	249981	12.51131	1.01	0.08072695824817705	8.04	40.18	1.63	1     249981  1.2511310E+01  1.01E+00    8.04   40.18*   1.63
fixed	A04_S5_F2	A04	F2	S5	145	2	250034	12.36242	0.127	0.010273069512279957	1.03	5.14	1.64	2     250034  1.2362420E+01  1.27E-01    1.03    5.14*   1.64
fixed	A04_S5_F2	A04	F2	S5	147	2	500015	12.364763	0.126	0.010190247884249784	1.02	7.21	1.64	2     500015  1.2364763E+01  1.26E-01    1.02    7.21    1.64    0.02   2
fixed	A04_S5_F2	A04	F2	S5	150	3	1955455	56.972091	44.5	0.7810841978750613	78.06	1091.56	0.05	3    1955455  5.6972091E+01  4.45E+01   78.06 1091.56    0.05
fixed	A04_S5_F2	A04	F2	S5	152	3	1955455	56.972091	44.5	0.7810841978750613	78.06	1091.56	0.05	3    1955455  5.6972091E+01  4.45E+01   78.06 1091.56    0.05
adaptive	A04_S6	A04		S6	148	1	249994	12.644785	0.877	0.06935665572803333	6.93	34.66	2.05	1     249994  1.2644785E+01  8.77E-01    6.93   34.66*   2.05
adaptive	A04_S6	A04		S6	149	2	249997	12.215403	0.116	0.009496207370317623	0.95	4.76	1.92	2     249997  1.2215403E+01  1.16E-01    0.95    4.76*   1.92
adaptive	A04_S6	A04		S6	151	2	499991	12.222832	0.115	0.009408621504410762	0.94	6.67	1.92	2     499991  1.2222832E+01  1.15E-01    0.94    6.67    1.92    0.24   2
fixed	A04_S6_F0	A04	F0	S6	144	1	249994	12.644785	0.877	0.06935665572803333	6.93	34.66	2.05	1     249994  1.2644785E+01  8.77E-01    6.93   34.66*   2.05
fixed	A04_S6_F0	A04	F0	S6	145	2	249997	12.215403	0.116	0.009496207370317623	0.95	4.76	1.92	2     249997  1.2215403E+01  1.16E-01    0.95    4.76*   1.92
fixed	A04_S6_F0	A04	F0	S6	147	2	499991	12.222832	0.115	0.009408621504410762	0.94	6.67	1.92	2     499991  1.2222832E+01  1.15E-01    0.94    6.67    1.92    0.24   2
fixed	A04_S6_F0	A04	F0	S6	150	3	200942	4525.4182	4520.0	0.998802718387441	99.88	447.73	0.31	3     200942  4.5254182E+03  4.52E+03   99.88  447.73    0.31
fixed	A04_S6_F0	A04	F0	S6	151	4	200942	12.691487	0.408	0.03214753322443619	3.22	14.42	2.63	4     200942  1.2691487E+01  4.08E-01    3.22   14.42*   2.63
fixed	A04_S6_F0	A04	F0	S6	152	5	200942	13.856583	1.13	0.08154968652805672	8.17	36.64	0.96	5     200942  1.3856583E+01  1.13E+00    8.17   36.64    0.96
fixed	A04_S6_F0	A04	F0	S6	154	5	602826	12.825536	0.384	0.029940269163019777	2.99	23.25	0.96	5     602826  1.2825536E+01  3.84E-01    2.99   23.25    0.96    0.97   3
fixed	A04_S6_F1	A04	F1	S6	144	1	249994	12.644785	0.877	0.06935665572803333	6.93	34.66	2.05	1     249994  1.2644785E+01  8.77E-01    6.93   34.66*   2.05
fixed	A04_S6_F1	A04	F1	S6	145	2	249997	12.215403	0.116	0.009496207370317623	0.95	4.76	1.92	2     249997  1.2215403E+01  1.16E-01    0.95    4.76*   1.92
fixed	A04_S6_F1	A04	F1	S6	147	2	499991	12.222832	0.115	0.009408621504410762	0.94	6.67	1.92	2     499991  1.2222832E+01  1.15E-01    0.94    6.67    1.92    0.24   2
fixed	A04_S6_F1	A04	F1	S6	150	3	599981	1515.1544	1500.0	0.989998115043589	99.24	768.66	0.1	3     599981  1.5151544E+03  1.50E+03   99.24  768.66    0.10
fixed	A04_S6_F1	A04	F1	S6	152	3	599981	1515.1544	1500.0	0.989998115043589	99.24	768.66	0.1	3     599981  1.5151544E+03  1.50E+03   99.24  768.66    0.10
fixed	A04_S6_F2	A04	F2	S6	144	1	249994	12.644785	0.877	0.06935665572803333	6.93	34.66	2.05	1     249994  1.2644785E+01  8.77E-01    6.93   34.66*   2.05
fixed	A04_S6_F2	A04	F2	S6	145	2	249997	12.215403	0.116	0.009496207370317623	0.95	4.76	1.92	2     249997  1.2215403E+01  1.16E-01    0.95    4.76*   1.92
fixed	A04_S6_F2	A04	F2	S6	147	2	499991	12.222832	0.115	0.009408621504410762	0.94	6.67	1.92	2     499991  1.2222832E+01  1.15E-01    0.94    6.67    1.92    0.24   2
fixed	A04_S6_F2	A04	F2	S6	150	3	1959514	696.94868	473.0	0.6786726391389392	67.9	950.5	0.02	3    1959514  6.9694868E+02  4.73E+02   67.90  950.50    0.02
fixed	A04_S6_F2	A04	F2	S6	152	3	1959514	696.94868	473.0	0.6786726391389392	67.9	950.5	0.02	3    1959514  6.9694868E+02  4.73E+02   67.90  950.50    0.02
adaptive	A04_S7	A04		S7	148	1	250007	13.256689	0.959	0.07234083865134047	7.23	36.17	2.11	1     250007  1.3256689E+01  9.59E-01    7.23   36.17*   2.11
adaptive	A04_S7	A04		S7	149	2	250012	12.29622	0.102	0.008295232193308187	0.83	4.14	1.99	2     250012  1.2296220E+01  1.02E-01    0.83    4.14*   1.99
adaptive	A04_S7	A04		S7	151	2	500019	12.306935	0.101	0.008206754971891866	0.82	5.82	1.99	2     500019  1.2306935E+01  1.01E-01    0.82    5.82    1.99    0.99   2
fixed	A04_S7_F0	A04	F0	S7	144	1	250007	13.256689	0.959	0.07234083865134047	7.23	36.17	2.11	1     250007  1.3256689E+01  9.59E-01    7.23   36.17*   2.11
fixed	A04_S7_F0	A04	F0	S7	145	2	250012	12.29622	0.102	0.008295232193308187	0.83	4.14	1.99	2     250012  1.2296220E+01  1.02E-01    0.83    4.14*   1.99
fixed	A04_S7_F0	A04	F0	S7	147	2	500019	12.306935	0.101	0.008206754971891866	0.82	5.82	1.99	2     500019  1.2306935E+01  1.01E-01    0.82    5.82    1.99    0.99   2
fixed	A04_S7_F0	A04	F0	S7	150	3	200982	12.52507	0.328	0.02618747839333433	2.62	11.73	3.49	3     200982  1.2525070E+01  3.28E-01    2.62   11.73    3.49
fixed	A04_S7_F0	A04	F0	S7	151	4	200982	12.32254	0.14	0.011361294018927917	1.13	5.08	3.74	4     200982  1.2322540E+01  1.40E-01    1.13    5.08*   3.74
fixed	A04_S7_F0	A04	F0	S7	152	5	200982	12.156983	0.0677	0.005568815881374515	0.56	2.5	4.17	5     200982  1.2156983E+01  6.77E-02    0.56    2.50*   4.17
fixed	A04_S7_F0	A04	F0	S7	154	5	602946	12.199726	0.0599	0.00490994633813907	0.49	3.81	4.17	5     602946  1.2199726E+01  5.99E-02    0.49    3.81    4.17    1.08   3
fixed	A04_S7_F1	A04	F1	S7	144	1	250007	13.256689	0.959	0.07234083865134047	7.23	36.17	2.11	1     250007  1.3256689E+01  9.59E-01    7.23   36.17*   2.11
fixed	A04_S7_F1	A04	F1	S7	145	2	250012	12.29622	0.102	0.008295232193308187	0.83	4.14	1.99	2     250012  1.2296220E+01  1.02E-01    0.83    4.14*   1.99
fixed	A04_S7_F1	A04	F1	S7	147	2	500019	12.306935	0.101	0.008206754971891866	0.82	5.82	1.99	2     500019  1.2306935E+01  1.01E-01    0.82    5.82    1.99    0.99   2
fixed	A04_S7_F1	A04	F1	S7	150	3	600004	13.220877	0.518	0.03918045678815407	3.92	30.37	0.35	3     600004  1.3220877E+01  5.18E-01    3.92   30.37    0.35
fixed	A04_S7_F1	A04	F1	S7	152	3	600004	13.220877	0.518	0.03918045678815407	3.92	30.37	0.35	3     600004  1.3220877E+01  5.18E-01    3.92   30.37    0.35
fixed	A04_S7_F2	A04	F2	S7	144	1	250007	13.256689	0.959	0.07234083865134047	7.23	36.17	2.11	1     250007  1.3256689E+01  9.59E-01    7.23   36.17*   2.11
fixed	A04_S7_F2	A04	F2	S7	145	2	250012	12.29622	0.102	0.008295232193308187	0.83	4.14	1.99	2     250012  1.2296220E+01  1.02E-01    0.83    4.14*   1.99
fixed	A04_S7_F2	A04	F2	S7	147	2	500019	12.306935	0.101	0.008206754971891866	0.82	5.82	1.99	2     500019  1.2306935E+01  1.01E-01    0.82    5.82    1.99    0.99   2
fixed	A04_S7_F2	A04	F2	S7	150	3	1958918	71.362104	56.8	0.795940657803475	79.61	1114.19	0.0	3    1958918  7.1362104E+01  5.68E+01   79.61 1114.19    0.00
fixed	A04_S7_F2	A04	F2	S7	152	3	1958918	71.362104	56.8	0.795940657803475	79.61	1114.19	0.0	3    1958918  7.1362104E+01  5.68E+01   79.61 1114.19    0.00
adaptive	A05_S0	A05		S0	148	1	499997	13.476999	0.729	0.05409216102190109	5.41	38.25	1.34	1     499997  1.3476999E+01  7.29E-01    5.41   38.25*   1.34
adaptive	A05_S0	A05		S0	150	1	499997	13.476999	0.729	0.05409216102190109	5.41	38.25	1.34	1     499997  1.3476999E+01  7.29E-01    5.41   38.25    1.34
fixed	A05_S0_F0	A05	F0	S0	144	1	499997	13.476999	0.729	0.05409216102190109	5.41	38.25	1.34	1     499997  1.3476999E+01  7.29E-01    5.41   38.25*   1.34
fixed	A05_S0_F0	A05	F0	S0	146	1	499997	13.476999	0.729	0.05409216102190109	5.41	38.25	1.34	1     499997  1.3476999E+01  7.29E-01    5.41   38.25    1.34
fixed	A05_S0_F0	A05	F0	S0	149	2	200685	12.285779	0.124	0.010092970091680796	1.01	4.51	2.65	2     200685  1.2285779E+01  1.24E-01    1.01    4.51*   2.65
fixed	A05_S0_F0	A05	F0	S0	150	3	200685	12.975505	0.505	0.038919487141348255	3.89	17.43	2.36	3     200685  1.2975505E+01  5.05E-01    3.89   17.43    2.36
fixed	A05_S0_F0	A05	F0	S0	151	4	200685	45.608489	33.4	0.7323198100248399	73.24	328.09	0.35	4     200685  4.5608489E+01  3.34E+01   73.24  328.09    0.35
fixed	A05_S0_F0	A05	F0	S0	153	4	602055	12.32526	0.12	0.009736102930080176	0.97	7.56	0.35	4     602055  1.2325260E+01  1.20E-01    0.97    7.56    0.35    1.38   3
fixed	A05_S0_F1	A05	F1	S0	144	1	499997	13.476999	0.729	0.05409216102190109	5.41	38.25	1.34	1     499997  1.3476999E+01  7.29E-01    5.41   38.25*   1.34
fixed	A05_S0_F1	A05	F1	S0	146	1	499997	13.476999	0.729	0.05409216102190109	5.41	38.25	1.34	1     499997  1.3476999E+01  7.29E-01    5.41   38.25    1.34
fixed	A05_S0_F1	A05	F1	S0	149	2	599988	12.777179	0.494	0.03866268133208434	3.87	29.96	1.31	2     599988  1.2777179E+01  4.94E-01    3.87   29.96*   1.31
fixed	A05_S0_F1	A05	F1	S0	151	2	599988	12.777179	0.494	0.03866268133208434	3.87	29.96	1.31	2     599988  1.2777179E+01  4.94E-01    3.87   29.96    1.31
fixed	A05_S0_F2	A05	F2	S0	144	1	499997	13.476999	0.729	0.05409216102190109	5.41	38.25	1.34	1     499997  1.3476999E+01  7.29E-01    5.41   38.25*   1.34
fixed	A05_S0_F2	A05	F2	S0	146	1	499997	13.476999	0.729	0.05409216102190109	5.41	38.25	1.34	1     499997  1.3476999E+01  7.29E-01    5.41   38.25    1.34
fixed	A05_S0_F2	A05	F2	S0	149	2	1999996	12.769903	0.289	0.022631338703199232	2.26	32.03	0.4	2    1999996  1.2769903E+01  2.89E-01    2.26   32.03*   0.40
fixed	A05_S0_F2	A05	F2	S0	151	2	1999996	12.769903	0.289	0.022631338703199232	2.26	32.03	0.4	2    1999996  1.2769903E+01  2.89E-01    2.26   32.03    0.40
adaptive	A05_S1	A05		S1	148	1	499994	12.80044	0.71	0.05546684332726062	5.55	39.23	1.27	1     499994  1.2800440E+01  7.10E-01    5.55   39.23*   1.27
adaptive	A05_S1	A05		S1	150	1	499994	12.80044	0.71	0.05546684332726062	5.55	39.23	1.27	1     499994  1.2800440E+01  7.10E-01    5.55   39.23    1.27
fixed	A05_S1_F0	A05	F0	S1	144	1	499994	12.80044	0.71	0.05546684332726062	5.55	39.23	1.27	1     499994  1.2800440E+01  7.10E-01    5.55   39.23*   1.27
fixed	A05_S1_F0	A05	F0	S1	146	1	499994	12.80044	0.71	0.05546684332726062	5.55	39.23	1.27	1     499994  1.2800440E+01  7.10E-01    5.55   39.23    1.27
fixed	A05_S1_F0	A05	F0	S1	149	2	200801	13.067007	0.457	0.03497357887693792	3.5	15.68	2.01	2     200801  1.3067007E+01  4.57E-01    3.50   15.68*   2.01
fixed	A05_S1_F0	A05	F0	S1	150	3	200801	23.890012	11.5	0.4813727176026534	48.11	215.59	1.1	3     200801  2.3890012E+01  1.15E+01   48.11  215.59    1.10
fixed	A05_S1_F0	A05	F0	S1	151	4	200801	12.27632	0.118	0.009612000990524847	0.96	4.32	2.24	4     200801  1.2276320E+01  1.18E-01    0.96    4.32*   2.24
fixed	A05_S1_F0	A05	F0	S1	153	4	602403	12.327035	0.114	0.009247965954505687	0.93	7.21	2.24	4     602403  1.2327035E+01  1.14E-01    0.93    7.21    2.24    1.91   3
fixed	A05_S1_F1	A05	F1	S1	144	1	499994	12.80044	0.71	0.05546684332726062	5.55	39.23	1.27	1     499994  1.2800440E+01  7.10E-01    5.55   39.23*   1.27
fixed	A05_S1_F1	A05	F1	S1	146	1	499994	12.80044	0.71	0.05546684332726062	5.55	39.23	1.27	1     499994  1.2800440E+01  7.10E-01    5.55   39.23    1.27
fixed	A05_S1_F1	A05	F1	S1	149	2	600015	13.900978	0.798	0.057406032870493	5.74	44.46	0.65	2     600015  1.3900978E+01  7.98E-01    5.74   44.46    0.65
fixed	A05_S1_F1	A05	F1	S1	151	2	600015	13.900978	0.798	0.057406032870493	5.74	44.46	0.65	2     600015  1.3900978E+01  7.98E-01    5.74   44.46    0.65
fixed	A05_S1_F2	A05	F2	S1	144	1	499994	12.80044	0.71	0.05546684332726062	5.55	39.23	1.27	1     499994  1.2800440E+01  7.10E-01    5.55   39.23*   1.27
fixed	A05_S1_F2	A05	F2	S1	146	1	499994	12.80044	0.71	0.05546684332726062	5.55	39.23	1.27	1     499994  1.2800440E+01  7.10E-01    5.55   39.23    1.27
fixed	A05_S1_F2	A05	F2	S1	149	2	1999991	24.423528	7.34	0.3005298824969103	30.07	425.22	0.1	2    1999991  2.4423528E+01  7.34E+00   30.07  425.22    0.10
fixed	A05_S1_F2	A05	F2	S1	151	2	1999991	24.423528	7.34	0.3005298824969103	30.07	425.22	0.1	2    1999991  2.4423528E+01  7.34E+00   30.07  425.22    0.10
adaptive	A05_S2	A05		S2	148	1	499988	12.84457	0.716	0.05574339974012365	5.57	39.41	1.47	1     499988  1.2844570E+01  7.16E-01    5.57   39.41*   1.47
adaptive	A05_S2	A05		S2	150	1	499988	12.84457	0.716	0.05574339974012365	5.57	39.41	1.47	1     499988  1.2844570E+01  7.16E-01    5.57   39.41    1.47
fixed	A05_S2_F0	A05	F0	S2	144	1	499988	12.84457	0.716	0.05574339974012365	5.57	39.41	1.47	1     499988  1.2844570E+01  7.16E-01    5.57   39.41*   1.47
fixed	A05_S2_F0	A05	F0	S2	146	1	499988	12.84457	0.716	0.05574339974012365	5.57	39.41	1.47	1     499988  1.2844570E+01  7.16E-01    5.57   39.41    1.47
fixed	A05_S2_F0	A05	F0	S2	149	2	200630	12.242182	0.109	0.008903641524035503	0.89	3.99	3.01	2     200630  1.2242182E+01  1.09E-01    0.89    3.99*   3.01
fixed	A05_S2_F0	A05	F0	S2	150	3	200630	14.037045	1.86	0.1325065211374616	13.26	59.4	1.51	3     200630  1.4037045E+01  1.86E+00   13.26   59.40    1.51
fixed	A05_S2_F0	A05	F0	S2	151	4	200630	16.504649	4.14	0.2508384152852932	25.06	112.26	0.31	4     200630  1.6504649E+01  4.14E+00   25.06  112.26    0.31
fixed	A05_S2_F0	A05	F0	S2	153	4	601890	12.251273	0.109	0.0088970346183617	0.89	6.89	0.31	4     601890  1.2251273E+01  1.09E-01    0.89    6.89    0.31    0.99   3
fixed	A05_S2_F1	A05	F1	S2	144	1	499988	12.84457	0.716	0.05574339974012365	5.57	39.41	1.47	1     499988  1.2844570E+01  7.16E-01    5.57   39.41*   1.47
fixed	A05_S2_F1	A05	F1	S2	146	1	499988	12.84457	0.716	0.05574339974012365	5.57	39.41	1.47	1     499988  1.2844570E+01  7.16E-01    5.57   39.41    1.47
fixed	A05_S2_F1	A05	F1	S2	149	2	600019	13.060494	0.523	0.040044427109724945	4.01	31.05	1.13	2     600019  1.3060494E+01  5.23E-01    4.01   31.05*   1.13
fixed	A05_S2_F1	A05	F1	S2	151	2	600019	13.060494	0.523	0.040044427109724945	4.01	31.05	1.13	2     600019  1.3060494E+01  5.23E-01    4.01   31.05    1.13
fixed	A05_S2_F2	A05	F2	S2	144	1	499988	12.84457	0.716	0.05574339974012365	5.57	39.41	1.47	1     499988  1.2844570E+01  7.16E-01    5.57   39.41*   1.47
fixed	A05_S2_F2	A05	F2	S2	146	1	499988	12.84457	0.716	0.05574339974012365	5.57	39.41	1.47	1     499988  1.2844570E+01  7.16E-01    5.57   39.41    1.47
fixed	A05_S2_F2	A05	F2	S2	149	2	2000030	20.597235	7.83	0.3801481121131064	38.01	537.49	0.05	2    2000030  2.0597235E+01  7.83E+00   38.01  537.49    0.05
fixed	A05_S2_F2	A05	F2	S2	151	2	2000030	20.597235	7.83	0.3801481121131064	38.01	537.49	0.05	2    2000030  2.0597235E+01  7.83E+00   38.01  537.49    0.05
adaptive	A05_S3	A05		S3	148	1	500009	12.482538	0.735	0.05888225615656047	5.88	41.61	1.22	1     500009  1.2482538E+01  7.35E-01    5.88   41.61*   1.22
adaptive	A05_S3	A05		S3	150	1	500009	12.482538	0.735	0.05888225615656047	5.88	41.61	1.22	1     500009  1.2482538E+01  7.35E-01    5.88   41.61    1.22
fixed	A05_S3_F0	A05	F0	S3	144	1	500009	12.482538	0.735	0.05888225615656047	5.88	41.61	1.22	1     500009  1.2482538E+01  7.35E-01    5.88   41.61*   1.22
fixed	A05_S3_F0	A05	F0	S3	146	1	500009	12.482538	0.735	0.05888225615656047	5.88	41.61	1.22	1     500009  1.2482538E+01  7.35E-01    5.88   41.61    1.22
fixed	A05_S3_F0	A05	F0	S3	149	2	200804	12.858737	0.581	0.045183286663379146	4.52	20.26	1.55	2     200804  1.2858737E+01  5.81E-01    4.52   20.26*   1.55
fixed	A05_S3_F0	A05	F0	S3	150	3	200804	12.493428	0.158	0.01264664910223199	1.27	5.68	2.43	3     200804  1.2493428E+01  1.58E-01    1.27    5.68*   2.43
fixed	A05_S3_F0	A05	F0	S3	151	4	200804	13.758398	1.36	0.09884871770681442	9.9	44.35	0.88	4     200804  1.3758398E+01  1.36E+00    9.90   44.35    0.88
fixed	A05_S3_F0	A05	F0	S3	153	4	602412	12.53406	0.152	0.012126956469013232	1.21	9.4	0.88	4     602412  1.2534060E+01  1.52E-01    1.21    9.40    0.88    0.59   3
fixed	A05_S3_F1	A05	F1	S3	144	1	500009	12.482538	0.735	0.05888225615656047	5.88	41.61	1.22	1     500009  1.2482538E+01  7.35E-01    5.88   41.61*   1.22
fixed	A05_S3_F1	A05	F1	S3	146	1	500009	12.482538	0.735	0.05888225615656047	5.88	41.61	1.22	1     500009  1.2482538E+01  7.35E-01    5.88   41.61    1.22
fixed	A05_S3_F1	A05	F1	S3	149	2	599963	24.198646	11.6	0.4793656636821746	47.9	370.99	0.26	2     599963  2.4198646E+01  1.16E+01   47.90  370.99    0.26
fixed	A05_S3_F1	A05	F1	S3	151	2	599963	24.198646	11.6	0.4793656636821746	47.9	370.99	0.26	2     599963  2.4198646E+01  1.16E+01   47.90  370.99    0.26
fixed	A05_S3_F2	A05	F2	S3	144	1	500009	12.482538	0.735	0.05888225615656047	5.88	41.61	1.22	1     500009  1.2482538E+01  7.35E-01    5.88   41.61*   1.22
fixed	A05_S3_F2	A05	F2	S3	146	1	500009	12.482538	0.735	0.05888225615656047	5.88	41.61	1.22	1     500009  1.2482538E+01  7.35E-01    5.88   41.61    1.22
fixed	A05_S3_F2	A05	F2	S3	149	2	1999980	17.607382	3.66	0.20786735927010613	20.77	293.74	0.1	2    1999980  1.7607382E+01  3.66E+00   20.77  293.74    0.10
fixed	A05_S3_F2	A05	F2	S3	151	2	1999980	17.607382	3.66	0.20786735927010613	20.77	293.74	0.1	2    1999980  1.7607382E+01  3.66E+00   20.77  293.74    0.10
adaptive	A05_S4	A05		S4	148	1	499978	13.534866	0.755	0.05578185997556238	5.58	39.44	1.43	1     499978  1.3534866E+01  7.55E-01    5.58   39.44*   1.43
adaptive	A05_S4	A05		S4	150	1	499978	13.534866	0.755	0.05578185997556238	5.58	39.44	1.43	1     499978  1.3534866E+01  7.55E-01    5.58   39.44    1.43
fixed	A05_S4_F0	A05	F0	S4	144	1	499978	13.534866	0.755	0.05578185997556238	5.58	39.44	1.43	1     499978  1.3534866E+01  7.55E-01    5.58   39.44*   1.43
fixed	A05_S4_F0	A05	F0	S4	146	1	499978	13.534866	0.755	0.05578185997556238	5.58	39.44	1.43	1     499978  1.3534866E+01  7.55E-01    5.58   39.44    1.43
fixed	A05_S4_F0	A05	F0	S4	149	2	200758	12.227147	0.127	0.010386723902149864	1.04	4.64	2.37	2     200758  1.2227147E+01  1.27E-01    1.04    4.64*   2.37
fixed	A05_S4_F0	A05	F0	S4	150	3	200758	12.135964	0.127	0.010464764068186095	1.05	4.7	2.23	3     200758  1.2135964E+01  1.27E-01    1.05    4.70    2.23
fixed	A05_S4_F0	A05	F0	S4	151	4	200758	13.618155	1.33	0.09766374373033646	9.76	43.74	1.34	4     200758  1.3618155E+01  1.33E+00    9.76   43.74    1.34
fixed	A05_S4_F0	A05	F0	S4	153	4	602274	12.188346	0.0896	0.0073512845795483655	0.73	5.7	1.34	4     602274  1.2188346E+01  8.96E-02    0.73    5.70    1.34    0.71   3
fixed	A05_S4_F1	A05	F1	S4	144	1	499978	13.534866	0.755	0.05578185997556238	5.58	39.44	1.43	1     499978  1.3534866E+01  7.55E-01    5.58   39.44*   1.43
fixed	A05_S4_F1	A05	F1	S4	146	1	499978	13.534866	0.755	0.05578185997556238	5.58	39.44	1.43	1     499978  1.3534866E+01  7.55E-01    5.58   39.44    1.43
fixed	A05_S4_F1	A05	F1	S4	149	2	600016	12.188525	0.0778	0.006383052912473002	0.64	4.94	1.78	2     600016  1.2188525E+01  7.78E-02    0.64    4.94*   1.78
fixed	A05_S4_F1	A05	F1	S4	151	2	600016	12.188525	0.0778	0.006383052912473002	0.64	4.94	1.78	2     600016  1.2188525E+01  7.78E-02    0.64    4.94    1.78
fixed	A05_S4_F2	A05	F2	S4	144	1	499978	13.534866	0.755	0.05578185997556238	5.58	39.44	1.43	1     499978  1.3534866E+01  7.55E-01    5.58   39.44*   1.43
fixed	A05_S4_F2	A05	F2	S4	146	1	499978	13.534866	0.755	0.05578185997556238	5.58	39.44	1.43	1     499978  1.3534866E+01  7.55E-01    5.58   39.44    1.43
fixed	A05_S4_F2	A05	F2	S4	149	2	2000006	17.423804	4.85	0.27835482997857414	27.82	393.44	0.42	2    2000006  1.7423804E+01  4.85E+00   27.82  393.44    0.42
fixed	A05_S4_F2	A05	F2	S4	151	2	2000006	17.423804	4.85	0.27835482997857414	27.82	393.44	0.42	2    2000006  1.7423804E+01  4.85E+00   27.82  393.44    0.42
adaptive	A05_S5	A05		S5	148	1	500008	12.397673	0.665	0.053639098240452064	5.36	37.92	1.2	1     500008  1.2397673E+01  6.65E-01    5.36   37.92*   1.20
adaptive	A05_S5	A05		S5	150	1	500008	12.397673	0.665	0.053639098240452064	5.36	37.92	1.2	1     500008  1.2397673E+01  6.65E-01    5.36   37.92    1.20
fixed	A05_S5_F0	A05	F0	S5	144	1	500008	12.397673	0.665	0.053639098240452064	5.36	37.92	1.2	1     500008  1.2397673E+01  6.65E-01    5.36   37.92*   1.20
fixed	A05_S5_F0	A05	F0	S5	146	1	500008	12.397673	0.665	0.053639098240452064	5.36	37.92	1.2	1     500008  1.2397673E+01  6.65E-01    5.36   37.92    1.20
fixed	A05_S5_F0	A05	F0	S5	149	2	200650	12.26213	0.168	0.013700719206206425	1.37	6.13	2.49	2     200650  1.2262130E+01  1.68E-01    1.37    6.13*   2.49
fixed	A05_S5_F0	A05	F0	S5	150	3	200650	15.018674	2.78	0.18510289257227366	18.51	82.89	0.19	3     200650  1.5018674E+01  2.78E+00   18.51   82.89    0.19
fixed	A05_S5_F0	A05	F0	S5	151	4	200650	12.656383	0.364	0.028760191596603864	2.88	12.88	1.87	4     200650  1.2656383E+01  3.64E-01    2.88   12.88*   1.87
fixed	A05_S5_F0	A05	F0	S5	153	4	601950	12.339194	0.152	0.012318470720210735	1.23	9.56	1.87	4     601950  1.2339194E+01  1.52E-01    1.23    9.56    1.87    0.95   3
fixed	A05_S5_F1	A05	F1	S5	144	1	500008	12.397673	0.665	0.053639098240452064	5.36	37.92	1.2	1     500008  1.2397673E+01  6.65E-01    5.36   37.92*   1.20
fixed	A05_S5_F1	A05	F1	S5	146	1	500008	12.397673	0.665	0.053639098240452064	5.36	37.92	1.2	1     500008  1.2397673E+01  6.65E-01    5.36   37.92    1.20
fixed	A05_S5_F1	A05	F1	S5	149	2	600005	12.268217	0.0785	0.00639864782306997	0.64	4.96	1.92	2     600005  1.2268217E+01  7.85E-02    0.64    4.96*   1.92
fixed	A05_S5_F1	A05	F1	S5	151	2	600005	12.268217	0.0785	0.00639864782306997	0.64	4.96	1.92	2     600005  1.2268217E+01  7.85E-02    0.64    4.96    1.92
fixed	A05_S5_F2	A05	F2	S5	144	1	500008	12.397673	0.665	0.053639098240452064	5.36	37.92	1.2	1     500008  1.2397673E+01  6.65E-01    5.36   37.92*   1.20
fixed	A05_S5_F2	A05	F2	S5	146	1	500008	12.397673	0.665	0.053639098240452064	5.36	37.92	1.2	1     500008  1.2397673E+01  6.65E-01    5.36   37.92    1.20
fixed	A05_S5_F2	A05	F2	S5	149	2	2000004	12.954436	0.536	0.04137578818560685	4.14	58.5	0.45	2    2000004  1.2954436E+01  5.36E-01    4.14   58.50    0.45
fixed	A05_S5_F2	A05	F2	S5	151	2	2000004	12.954436	0.536	0.04137578818560685	4.14	58.5	0.45	2    2000004  1.2954436E+01  5.36E-01    4.14   58.50    0.45
adaptive	A05_S6	A05		S6	148	1	499988	12.857104	0.666	0.05180015655158425	5.18	36.65	1.47	1     499988  1.2857104E+01  6.66E-01    5.18   36.65*   1.47
adaptive	A05_S6	A05		S6	150	1	499988	12.857104	0.666	0.05180015655158425	5.18	36.65	1.47	1     499988  1.2857104E+01  6.66E-01    5.18   36.65    1.47
fixed	A05_S6_F0	A05	F0	S6	144	1	499988	12.857104	0.666	0.05180015655158425	5.18	36.65	1.47	1     499988  1.2857104E+01  6.66E-01    5.18   36.65*   1.47
fixed	A05_S6_F0	A05	F0	S6	146	1	499988	12.857104	0.666	0.05180015655158425	5.18	36.65	1.47	1     499988  1.2857104E+01  6.66E-01    5.18   36.65    1.47
fixed	A05_S6_F0	A05	F0	S6	149	2	200677	12.378527	0.125	0.010098132031379823	1.01	4.51	2.88	2     200677  1.2378527E+01  1.25E-01    1.01    4.51*   2.88
fixed	A05_S6_F0	A05	F0	S6	150	3	200677	12.15215	0.113	0.009298766061972573	0.93	4.18	2.55	3     200677  1.2152150E+01  1.13E-01    0.93    4.18*   2.55
fixed	A05_S6_F0	A05	F0	S6	151	4	200677	13.244205	0.632	0.047718983510146515	4.77	21.39	1.32	4     200677  1.3244205E+01  6.32E-01    4.77   21.39    1.32
fixed	A05_S6_F0	A05	F0	S6	153	4	602031	12.271733	0.0831	0.006771659715868981	0.68	5.25	1.32	4     602031  1.2271733E+01  8.31E-02    0.68    5.25    1.32    2.11   3
fixed	A05_S6_F1	A05	F1	S6	144	1	499988	12.857104	0.666	0.05180015655158425	5.18	36.65	1.47	1     499988  1.2857104E+01  6.66E-01    5.18   36.65*   1.47
fixed	A05_S6_F1	A05	F1	S6	146	1	499988	12.857104	0.666	0.05180015655158425	5.18	36.65	1.47	1     499988  1.2857104E+01  6.66E-01    5.18   36.65    1.47
fixed	A05_S6_F1	A05	F1	S6	149	2	600021	12.94274	0.594	0.04589445511537742	4.59	35.57	0.82	2     600021  1.2942740E+01  5.94E-01    4.59   35.57*   0.82
fixed	A05_S6_F1	A05	F1	S6	151	2	600021	12.94274	0.594	0.04589445511537742	4.59	35.57	0.82	2     600021  1.2942740E+01  5.94E-01    4.59   35.57    0.82
fixed	A05_S6_F2	A05	F2	S6	144	1	499988	12.857104	0.666	0.05180015655158425	5.18	36.65	1.47	1     499988  1.2857104E+01  6.66E-01    5.18   36.65*   1.47
fixed	A05_S6_F2	A05	F2	S6	146	1	499988	12.857104	0.666	0.05180015655158425	5.18	36.65	1.47	1     499988  1.2857104E+01  6.66E-01    5.18   36.65    1.47
fixed	A05_S6_F2	A05	F2	S6	149	2	1999978	13.939957	1.03	0.07388831974158888	7.41	104.78	0.22	2    1999978  1.3939957E+01  1.03E+00    7.41  104.78    0.22
fixed	A05_S6_F2	A05	F2	S6	151	2	1999978	13.939957	1.03	0.07388831974158888	7.41	104.78	0.22	2    1999978  1.3939957E+01  1.03E+00    7.41  104.78    0.22
adaptive	A05_S7	A05		S7	148	1	499998	13.800606	1.33	0.09637257958092565	9.66	68.33	0.9	1     499998  1.3800606E+01  1.33E+00    9.66   68.33*   0.90
adaptive	A05_S7	A05		S7	150	1	499998	13.800606	1.33	0.09637257958092565	9.66	68.33	0.9	1     499998  1.3800606E+01  1.33E+00    9.66   68.33    0.90
fixed	A05_S7_F0	A05	F0	S7	144	1	499998	13.800606	1.33	0.09637257958092565	9.66	68.33	0.9	1     499998  1.3800606E+01  1.33E+00    9.66   68.33*   0.90
fixed	A05_S7_F0	A05	F0	S7	146	1	499998	13.800606	1.33	0.09637257958092565	9.66	68.33	0.9	1     499998  1.3800606E+01  1.33E+00    9.66   68.33    0.90
fixed	A05_S7_F0	A05	F0	S7	149	2	200663	14.283475	2.02	0.14142216792482223	14.13	63.3	0.05	2     200663  1.4283475E+01  2.02E+00   14.13   63.30*   0.05
fixed	A05_S7_F0	A05	F0	S7	150	3	200663	12.507152	0.205	0.016390621941749808	1.64	7.34	2.39	3     200663  1.2507152E+01  2.05E-01    1.64    7.34*   2.39
fixed	A05_S7_F0	A05	F0	S7	151	4	200663	12.368018	0.219	0.017706959999573092	1.77	7.93	2.55	4     200663  1.2368018E+01  2.19E-01    1.77    7.93    2.55
fixed	A05_S7_F0	A05	F0	S7	153	4	601989	12.45228	0.149	0.011965680180657677	1.2	9.3	2.55	4     601989  1.2452280E+01  1.49E-01    1.20    9.30    2.55    0.52   3
fixed	A05_S7_F1	A05	F1	S7	144	1	499998	13.800606	1.33	0.09637257958092565	9.66	68.33	0.9	1     499998  1.3800606E+01  1.33E+00    9.66   68.33*   0.90
fixed	A05_S7_F1	A05	F1	S7	146	1	499998	13.800606	1.33	0.09637257958092565	9.66	68.33	0.9	1     499998  1.3800606E+01  1.33E+00    9.66   68.33    0.90
fixed	A05_S7_F1	A05	F1	S7	149	2	599985	13.129095	0.706	0.0537736987964517	5.38	41.66	0.05	2     599985  1.3129095E+01  7.06E-01    5.38   41.66*   0.05
fixed	A05_S7_F1	A05	F1	S7	151	2	599985	13.129095	0.706	0.0537736987964517	5.38	41.66	0.05	2     599985  1.3129095E+01  7.06E-01    5.38   41.66    0.05
fixed	A05_S7_F2	A05	F2	S7	144	1	499998	13.800606	1.33	0.09637257958092565	9.66	68.33	0.9	1     499998  1.3800606E+01  1.33E+00    9.66   68.33*   0.90
fixed	A05_S7_F2	A05	F2	S7	146	1	499998	13.800606	1.33	0.09637257958092565	9.66	68.33	0.9	1     499998  1.3800606E+01  1.33E+00    9.66   68.33    0.90
fixed	A05_S7_F2	A05	F2	S7	149	2	1994015	47.351667	34.7	0.7328147496898051	73.23	1034.1	0.02	2    1994015  4.7351667E+01  3.47E+01   73.23 1034.10    0.02
fixed	A05_S7_F2	A05	F2	S7	151	2	1994015	47.351667	34.7	0.7328147496898051	73.23	1034.1	0.02	2    1994015  4.7351667E+01  3.47E+01   73.23 1034.10    0.02
adaptive	A06_S0	A06		S0	148	1	100006	13.448615	1.55	0.11525350379946188	11.49	36.35	2.98	1     100006  1.3448615E+01  1.55E+00   11.49   36.35*   2.98
adaptive	A06_S0	A06		S0	150	1	100006	13.448615	1.55	0.11525350379946188	11.49	36.35	2.98	1     100006  1.3448615E+01  1.55E+00   11.49   36.35    2.98
adaptive	A06_S0	A06		S0	152	2	200012	13.717755	1.47	0.10716039176964452	10.71	47.89	0.89	2     200012  1.3717755E+01  1.47E+00   10.71   47.89    0.89
adaptive	A06_S0	A06		S0	154	2	200012	13.717755	1.47	0.10716039176964452	10.71	47.89	0.89	2     200012  1.3717755E+01  1.47E+00   10.71   47.89    0.89
adaptive	A06_S0	A06		S0	156	3	399993	12.301304	0.101	0.00821051166608028	0.82	5.22	2.12	3     399993  1.2301304E+01  1.01E-01    0.82    5.22*   2.12
adaptive	A06_S0	A06		S0	158	3	399993	12.301304	0.101	0.00821051166608028	0.82	5.22	2.12	3     399993  1.2301304E+01  1.01E-01    0.82    5.22    2.12
fixed	A06_S0_F0	A06	F0	S0	144	1	100006	13.448615	1.55	0.11525350379946188	11.49	36.35	2.98	1     100006  1.3448615E+01  1.55E+00   11.49   36.35*   2.98
fixed	A06_S0_F0	A06	F0	S0	146	1	100006	13.448615	1.55	0.11525350379946188	11.49	36.35	2.98	1     100006  1.3448615E+01  1.55E+00   11.49   36.35    2.98
fixed	A06_S0_F0	A06	F0	S0	149	2	200012	13.717755	1.47	0.10716039176964452	10.71	47.89	0.89	2     200012  1.3717755E+01  1.47E+00   10.71   47.89    0.89
fixed	A06_S0_F0	A06	F0	S0	151	2	200012	13.717755	1.47	0.10716039176964452	10.71	47.89	0.89	2     200012  1.3717755E+01  1.47E+00   10.71   47.89    0.89
fixed	A06_S0_F0	A06	F0	S0	154	3	399993	12.301304	0.101	0.00821051166608028	0.82	5.22	2.12	3     399993  1.2301304E+01  1.01E-01    0.82    5.22*   2.12
fixed	A06_S0_F0	A06	F0	S0	156	3	399993	12.301304	0.101	0.00821051166608028	0.82	5.22	2.12	3     399993  1.2301304E+01  1.01E-01    0.82    5.22    2.12
fixed	A06_S0_F0	A06	F0	S0	159	4	203089	12.83542	0.486	0.03786397328642148	3.79	17.06	0.46	4     203089  1.2835420E+01  4.86E-01    3.79   17.06    0.46
fixed	A06_S0_F0	A06	F0	S0	160	5	203089	13.545471	1.29	0.09523478364096753	9.55	43.03	0.38	5     203089  1.3545471E+01  1.29E+00    9.55   43.03    0.38
fixed	A06_S0_F0	A06	F0	S0	161	6	203089	12.288169	0.132	0.010742039761985695	1.07	4.82	2.4	6     203089  1.2288169E+01  1.32E-01    1.07    4.82*   2.40
fixed	A06_S0_F0	A06	F0	S0	163	6	609267	12.337139	0.126	0.01021306479565481	1.02	7.99	2.4	6     609267  1.2337139E+01  1.26E-01    1.02    7.99    2.40    1.03   3
fixed	A06_S0_F1	A06	F1	S0	144	1	100006	13.448615	1.55	0.11525350379946188	11.49	36.35	2.98	1     100006  1.3448615E+01  1.55E+00   11.49   36.35*   2.98
fixed	A06_S0_F1	A06	F1	S0	146	1	100006	13.448615	1.55	0.11525350379946188	11.49	36.35	2.98	1     100006  1.3448615E+01  1.55E+00   11.49   36.35    2.98
fixed	A06_S0_F1	A06	F1	S0	149	2	200012	13.717755	1.47	0.10716039176964452	10.71	47.89	0.89	2     200012  1.3717755E+01  1.47E+00   10.71   47.89    0.89
fixed	A06_S0_F1	A06	F1	S0	151	2	200012	13.717755	1.47	0.10716039176964452	10.71	47.89	0.89	2     200012  1.3717755E+01  1.47E+00   10.71   47.89    0.89
fixed	A06_S0_F1	A06	F1	S0	154	3	399993	12.301304	0.101	0.00821051166608028	0.82	5.22	2.12	3     399993  1.2301304E+01  1.01E-01    0.82    5.22*   2.12
fixed	A06_S0_F1	A06	F1	S0	156	3	399993	12.301304	0.101	0.00821051166608028	0.82	5.22	2.12	3     399993  1.2301304E+01  1.01E-01    0.82    5.22    2.12
fixed	A06_S0_F1	A06	F1	S0	159	4	599986	13.072145	0.595	0.04551663097372313	4.55	35.27	0.16	4     599986  1.3072145E+01  5.95E-01    4.55   35.27    0.16
fixed	A06_S0_F1	A06	F1	S0	161	4	599986	13.072145	0.595	0.04551663097372313	4.55	35.27	0.16	4     599986  1.3072145E+01  5.95E-01    4.55   35.27    0.16
fixed	A06_S0_F2	A06	F2	S0	144	1	100006	13.448615	1.55	0.11525350379946188	11.49	36.35	2.98	1     100006  1.3448615E+01  1.55E+00   11.49   36.35*   2.98
fixed	A06_S0_F2	A06	F2	S0	146	1	100006	13.448615	1.55	0.11525350379946188	11.49	36.35	2.98	1     100006  1.3448615E+01  1.55E+00   11.49   36.35    2.98
fixed	A06_S0_F2	A06	F2	S0	149	2	200012	13.717755	1.47	0.10716039176964452	10.71	47.89	0.89	2     200012  1.3717755E+01  1.47E+00   10.71   47.89    0.89
fixed	A06_S0_F2	A06	F2	S0	151	2	200012	13.717755	1.47	0.10716039176964452	10.71	47.89	0.89	2     200012  1.3717755E+01  1.47E+00   10.71   47.89    0.89
fixed	A06_S0_F2	A06	F2	S0	154	3	399993	12.301304	0.101	0.00821051166608028	0.82	5.22	2.12	3     399993  1.2301304E+01  1.01E-01    0.82    5.22*   2.12
fixed	A06_S0_F2	A06	F2	S0	156	3	399993	12.301304	0.101	0.00821051166608028	0.82	5.22	2.12	3     399993  1.2301304E+01  1.01E-01    0.82    5.22    2.12
fixed	A06_S0_F2	A06	F2	S0	159	4	1998106	13.733251	0.813	0.059199384035142154	5.92	83.7	0.04	4    1998106  1.3733251E+01  8.13E-01    5.92   83.70    0.04
fixed	A06_S0_F2	A06	F2	S0	161	4	1998106	13.733251	0.813	0.059199384035142154	5.92	83.7	0.04	4    1998106  1.3733251E+01  8.13E-01    5.92   83.70    0.04
adaptive	A06_S1	A06		S1	148	1	99998	13.040086	1.5	0.11502991621374276	11.51	36.41	2.99	1      99998  1.3040086E+01  1.50E+00   11.51   36.41*   2.99
adaptive	A06_S1	A06		S1	150	1	99998	13.040086	1.5	0.11502991621374276	11.51	36.41	2.99	1      99998  1.3040086E+01  1.50E+00   11.51   36.41    2.99
adaptive	A06_S1	A06		S1	152	2	199984	12.215093	0.176	0.014408404422299527	1.44	6.45	0.99	2     199984  1.2215093E+01  1.76E-01    1.44    6.45*   0.99
adaptive	A06_S1	A06		S1	154	2	199984	12.215093	0.176	0.014408404422299527	1.44	6.45	0.99	2     199984  1.2215093E+01  1.76E-01    1.44    6.45    0.99
adaptive	A06_S1	A06		S1	156	3	400005	12.55934	0.254	0.020223992662034788	2.02	12.78	1.07	3     400005  1.2559340E+01  2.54E-01    2.02   12.78    1.07
adaptive	A06_S1	A06		S1	158	3	400005	12.55934	0.254	0.020223992662034788	2.02	12.78	1.07	3     400005  1.2559340E+01  2.54E-01    2.02   12.78    1.07
fixed	A06_S1_F0	A06	F0	S1	144	1	99998	13.040086	1.5	0.11502991621374276	11.51	36.41	2.99	1      99998  1.3040086E+01  1.50E+00   11.51   36.41*   2.99
fixed	A06_S1_F0	A06	F0	S1	146	1	99998	13.040086	1.5	0.11502991621374276	11.51	36.41	2.99	1      99998  1.3040086E+01  1.50E+00   11.51   36.41    2.99
fixed	A06_S1_F0	A06	F0	S1	149	2	199984	12.215093	0.176	0.014408404422299527	1.44	6.45	0.99	2     199984  1.2215093E+01  1.76E-01    1.44    6.45*   0.99
fixed	A06_S1_F0	A06	F0	S1	151	2	199984	12.215093	0.176	0.014408404422299527	1.44	6.45	0.99	2     199984  1.2215093E+01  1.76E-01    1.44    6.45    0.99
fixed	A06_S1_F0	A06	F0	S1	154	3	400005	12.55934	0.254	0.020223992662034788	2.02	12.78	1.07	3     400005  1.2559340E+01  2.54E-01    2.02   12.78    1.07
fixed	A06_S1_F0	A06	F0	S1	156	3	400005	12.55934	0.254	0.020223992662034788	2.02	12.78	1.07	3     400005  1.2559340E+01  2.54E-01    2.02   12.78    1.07
fixed	A06_S1_F0	A06	F0	S1	159	4	202964	12.745762	0.354	0.027773937721416734	2.78	12.51	0.49	4     202964  1.2745762E+01  3.54E-01    2.78   12.51*   0.49
fixed	A06_S1_F0	A06	F0	S1	160	5	202964	12.520211	0.314	0.025079449539628366	2.51	11.29	0.76	5     202964  1.2520211E+01  3.14E-01    2.51   11.29*   0.76
fixed	A06_S1_F0	A06	F0	S1	161	6	202964	17.574305	4.15	0.23614020582890763	23.59	106.27	0.93	6     202964  1.7574305E+01  4.15E+00   23.59  106.27    0.93
fixed	A06_S1_F0	A06	F0	S1	163	6	608892	12.635302	0.234	0.01851954151946665	1.86	14.48	0.93	6     608892  1.2635302E+01  2.34E-01    1.86   14.48    0.93    0.83   3
fixed	A06_S1_F1	A06	F1	S1	144	1	99998	13.040086	1.5	0.11502991621374276	11.51	36.41	2.99	1      99998  1.3040086E+01  1.50E+00   11.51   36.41*   2.99
fixed	A06_S1_F1	A06	F1	S1	146	1	99998	13.040086	1.5	0.11502991621374276	11.51	36.41	2.99	1      99998  1.3040086E+01  1.50E+00   11.51   36.41    2.99
fixed	A06_S1_F1	A06	F1	S1	149	2	199984	12.215093	0.176	0.014408404422299527	1.44	6.45	0.99	2     199984  1.2215093E+01  1.76E-01    1.44    6.45*   0.99
fixed	A06_S1_F1	A06	F1	S1	151	2	199984	12.215093	0.176	0.014408404422299527	1.44	6.45	0.99	2     199984  1.2215093E+01  1.76E-01    1.44    6.45    0.99
fixed	A06_S1_F1	A06	F1	S1	154	3	400005	12.55934	0.254	0.020223992662034788	2.02	12.78	1.07	3     400005  1.2559340E+01  2.54E-01    2.02   12.78    1.07
fixed	A06_S1_F1	A06	F1	S1	156	3	400005	12.55934	0.254	0.020223992662034788	2.02	12.78	1.07	3     400005  1.2559340E+01  2.54E-01    2.02   12.78    1.07
fixed	A06_S1_F1	A06	F1	S1	159	4	599990	15079.006	15100.0	1.0013922668377477	99.92	773.95	0.02	4     599990  1.5079006E+04  1.51E+04   99.92  773.95    0.02
fixed	A06_S1_F1	A06	F1	S1	161	4	599990	15079.006	15100.0	1.0013922668377477	99.92	773.95	0.02	4     599990  1.5079006E+04  1.51E+04   99.92  773.95    0.02
fixed	A06_S1_F2	A06	F2	S1	144	1	99998	13.040086	1.5	0.11502991621374276	11.51	36.41	2.99	1      99998  1.3040086E+01  1.50E+00   11.51   36.41*   2.99
fixed	A06_S1_F2	A06	F2	S1	146	1	99998	13.040086	1.5	0.11502991621374276	11.51	36.41	2.99	1      99998  1.3040086E+01  1.50E+00   11.51   36.41    2.99
fixed	A06_S1_F2	A06	F2	S1	149	2	199984	12.215093	0.176	0.014408404422299527	1.44	6.45	0.99	2     199984  1.2215093E+01  1.76E-01    1.44    6.45*   0.99
fixed	A06_S1_F2	A06	F2	S1	151	2	199984	12.215093	0.176	0.014408404422299527	1.44	6.45	0.99	2     199984  1.2215093E+01  1.76E-01    1.44    6.45    0.99
fixed	A06_S1_F2	A06	F2	S1	154	3	400005	12.55934	0.254	0.020223992662034788	2.02	12.78	1.07	3     400005  1.2559340E+01  2.54E-01    2.02   12.78    1.07
fixed	A06_S1_F2	A06	F2	S1	156	3	400005	12.55934	0.254	0.020223992662034788	2.02	12.78	1.07	3     400005  1.2559340E+01  2.54E-01    2.02   12.78    1.07
fixed	A06_S1_F2	A06	F2	S1	159	4	1985794	4533.2951	4520.0	0.9970672326184986	99.7	1404.91	0.01	4    1985794  4.5332951E+03  4.52E+03   99.70 1404.91    0.01
fixed	A06_S1_F2	A06	F2	S1	161	4	1985794	4533.2951	4520.0	0.9970672326184986	99.7	1404.91	0.01	4    1985794  4.5332951E+03  4.52E+03   99.70 1404.91    0.01
adaptive	A06_S2	A06		S2	148	1	100019	12.293927	1.41	0.11469077374544358	11.47	36.27	3.24	1     100019  1.2293927E+01  1.41E+00   11.47   36.27*   3.24
adaptive	A06_S2	A06		S2	150	1	100019	12.293927	1.41	0.11469077374544358	11.47	36.27	3.24	1     100019  1.2293927E+01  1.41E+00   11.47   36.27    3.24
adaptive	A06_S2	A06		S2	152	2	200004	386.44508	374.0	0.9677959931589761	96.67	432.31	0.08	2     200004  3.8644508E+02  3.74E+02   96.67  432.31    0.08
adaptive	A06_S2	A06		S2	154	2	200004	386.44508	374.0	0.9677959931589761	96.67	432.31	0.08	2     200004  3.8644508E+02  3.74E+02   96.67  432.31    0.08
adaptive	A06_S2	A06		S2	156	3	399999	12.374205	0.102	0.008242953789758615	0.83	5.23	0.2	3     399999  1.2374205E+01  1.02E-01    0.83    5.23*   0.20
adaptive	A06_S2	A06		S2	158	3	399999	12.374205	0.102	0.008242953789758615	0.83	5.23	0.2	3     399999  1.2374205E+01  1.02E-01    0.83    5.23    0.20
fixed	A06_S2_F0	A06	F0	S2	144	1	100019	12.293927	1.41	0.11469077374544358	11.47	36.27	3.24	1     100019  1.2293927E+01  1.41E+00   11.47   36.27*   3.24
fixed	A06_S2_F0	A06	F0	S2	146	1	100019	12.293927	1.41	0.11469077374544358	11.47	36.27	3.24	1     100019  1.2293927E+01  1.41E+00   11.47   36.27    3.24
fixed	A06_S2_F0	A06	F0	S2	149	2	200004	386.44508	374.0	0.9677959931589761	96.67	432.31	0.08	2     200004  3.8644508E+02  3.74E+02   96.67  432.31    0.08
fixed	A06_S2_F0	A06	F0	S2	151	2	200004	386.44508	374.0	0.9677959931589761	96.67	432.31	0.08	2     200004  3.8644508E+02  3.74E+02   96.67  432.31    0.08
fixed	A06_S2_F0	A06	F0	S2	154	3	399999	12.374205	0.102	0.008242953789758615	0.83	5.23	0.2	3     399999  1.2374205E+01  1.02E-01    0.83    5.23*   0.20
fixed	A06_S2_F0	A06	F0	S2	156	3	399999	12.374205	0.102	0.008242953789758615	0.83	5.23	0.2	3     399999  1.2374205E+01  1.02E-01    0.83    5.23    0.20
fixed	A06_S2_F0	A06	F0	S2	159	4	202953	16.745198	4.62	0.27589999234407386	27.61	124.36	0.59	4     202953  1.6745198E+01  4.62E+00   27.61  124.36    0.59
fixed	A06_S2_F0	A06	F0	S2	160	5	202953	12.182987	0.0762	0.006254623763449801	0.63	2.82	4.11	5     202953  1.2182987E+01  7.62E-02    0.63    2.82*   4.11
fixed	A06_S2_F0	A06	F0	S2	161	6	202953	12.157202	0.0729	0.005996445563707834	0.6	2.7	3.44	6     202953  1.2157202E+01  7.29E-02    0.60    2.70*   3.44
fixed	A06_S2_F0	A06	F0	S2	163	6	608859	12.170123	0.0527	0.004330276694820586	0.43	3.38	3.44	6     608859  1.2170123E+01  5.27E-02    0.43    3.38    3.44    0.52   3
fixed	A06_S2_F1	A06	F1	S2	144	1	100019	12.293927	1.41	0.11469077374544358	11.47	36.27	3.24	1     100019  1.2293927E+01  1.41E+00   11.47   36.27*   3.24
fixed	A06_S2_F1	A06	F1	S2	146	1	100019	12.293927	1.41	0.11469077374544358	11.47	36.27	3.24	1     100019  1.2293927E+01  1.41E+00   11.47   36.27    3.24
fixed	A06_S2_F1	A06	F1	S2	149	2	200004	386.44508	374.0	0.9677959931589761	96.67	432.31	0.08	2     200004  3.8644508E+02  3.74E+02   96.67  432.31    0.08
fixed	A06_S2_F1	A06	F1	S2	151	2	200004	386.44508	374.0	0.9677959931589761	96.67	432.31	0.08	2     200004  3.8644508E+02  3.74E+02   96.67  432.31    0.08
fixed	A06_S2_F1	A06	F1	S2	154	3	399999	12.374205	0.102	0.008242953789758615	0.83	5.23	0.2	3     399999  1.2374205E+01  1.02E-01    0.83    5.23*   0.20
fixed	A06_S2_F1	A06	F1	S2	156	3	399999	12.374205	0.102	0.008242953789758615	0.83	5.23	0.2	3     399999  1.2374205E+01  1.02E-01    0.83    5.23    0.20
fixed	A06_S2_F1	A06	F1	S2	159	4	567979	13.734073	1.54	0.1121298831016844	11.22	84.58	0.34	4     567979  1.3734073E+01  1.54E+00   11.22   84.58    0.34
fixed	A06_S2_F1	A06	F1	S2	161	4	567979	13.734073	1.54	0.1121298831016844	11.22	84.58	0.34	4     567979  1.3734073E+01  1.54E+00   11.22   84.58    0.34
fixed	A06_S2_F2	A06	F2	S2	144	1	100019	12.293927	1.41	0.11469077374544358	11.47	36.27	3.24	1     100019  1.2293927E+01  1.41E+00   11.47   36.27*   3.24
fixed	A06_S2_F2	A06	F2	S2	146	1	100019	12.293927	1.41	0.11469077374544358	11.47	36.27	3.24	1     100019  1.2293927E+01  1.41E+00   11.47   36.27    3.24
fixed	A06_S2_F2	A06	F2	S2	149	2	200004	386.44508	374.0	0.9677959931589761	96.67	432.31	0.08	2     200004  3.8644508E+02  3.74E+02   96.67  432.31    0.08
fixed	A06_S2_F2	A06	F2	S2	151	2	200004	386.44508	374.0	0.9677959931589761	96.67	432.31	0.08	2     200004  3.8644508E+02  3.74E+02   96.67  432.31    0.08
fixed	A06_S2_F2	A06	F2	S2	154	3	399999	12.374205	0.102	0.008242953789758615	0.83	5.23	0.2	3     399999  1.2374205E+01  1.02E-01    0.83    5.23*   0.20
fixed	A06_S2_F2	A06	F2	S2	156	3	399999	12.374205	0.102	0.008242953789758615	0.83	5.23	0.2	3     399999  1.2374205E+01  1.02E-01    0.83    5.23    0.20
fixed	A06_S2_F2	A06	F2	S2	159	4	1944937	13.09621	0.616	0.04703650903582029	4.7	65.61	0.01	4    1944937  1.3096210E+01  6.16E-01    4.70   65.61    0.01
fixed	A06_S2_F2	A06	F2	S2	161	4	1944937	13.09621	0.616	0.04703650903582029	4.7	65.61	0.01	4    1944937  1.3096210E+01  6.16E-01    4.70   65.61    0.01
adaptive	A06_S3	A06		S3	148	1	100002	11.119445	1.48	0.13310016821882745	13.34	42.18	3.35	1     100002  1.1119445E+01  1.48E+00   13.34   42.18*   3.35
adaptive	A06_S3	A06		S3	150	1	100002	11.119445	1.48	0.13310016821882745	13.34	42.18	3.35	1     100002  1.1119445E+01  1.48E+00   13.34   42.18    3.35
adaptive	A06_S3	A06		S3	152	2	200011	12.298402	0.204	0.016587520882794367	1.66	7.41	0.6	2     200011  1.2298402E+01  2.04E-01    1.66    7.41*   0.60
adaptive	A06_S3	A06		S3	154	2	200011	12.298402	0.204	0.016587520882794367	1.66	7.41	0.6	2     200011  1.2298402E+01  2.04E-01    1.66    7.41    0.60
adaptive	A06_S3	A06		S3	156	3	400002	12.294686	0.0665	0.005408840860189516	0.54	3.42	1.21	3     400002  1.2294686E+01  6.65E-02    0.54    3.42*   1.21
adaptive	A06_S3	A06		S3	158	3	400002	12.294686	0.0665	0.005408840860189516	0.54	3.42	1.21	3     400002  1.2294686E+01  6.65E-02    0.54    3.42    1.21
fixed	A06_S3_F0	A06	F0	S3	144	1	100002	11.119445	1.48	0.13310016821882745	13.34	42.18	3.35	1     100002  1.1119445E+01  1.48E+00   13.34   42.18*   3.35
fixed	A06_S3_F0	A06	F0	S3	146	1	100002	11.119445	1.48	0.13310016821882745	13.34	42.18	3.35	1     100002  1.1119445E+01  1.48E+00   13.34   42.18    3.35
fixed	A06_S3_F0	A06	F0	S3	149	2	200011	12.298402	0.204	0.016587520882794367	1.66	7.41	0.6	2     200011  1.2298402E+01  2.04E-01    1.66    7.41*   0.60
fixed	A06_S3_F0	A06	F0	S3	151	2	200011	12.298402	0.204	0.016587520882794367	1.66	7.41	0.6	2     200011  1.2298402E+01  2.04E-01    1.66    7.41    0.60
fixed	A06_S3_F0	A06	F0	S3	154	3	400002	12.294686	0.0665	0.005408840860189516	0.54	3.42	1.21	3     400002  1.2294686E+01  6.65E-02    0.54    3.42*   1.21
fixed	A06_S3_F0	A06	F0	S3	156	3	400002	12.294686	0.0665	0.005408840860189516	0.54	3.42	1.21	3     400002  1.2294686E+01  6.65E-02    0.54    3.42    1.21
fixed	A06_S3_F0	A06	F0	S3	159	4	202885	12.183152	0.0821	0.006738814388920044	0.67	3.04	3.87	4     202885  1.2183152E+01  8.21E-02    0.67    3.04*   3.87
fixed	A06_S3_F0	A06	F0	S3	160	5	202885	12.234013	0.0718	0.005868883742399163	0.59	2.64	3.01	5     202885  1.2234013E+01  7.18E-02    0.59    2.64*   3.01
fixed	A06_S3_F0	A06	F0	S3	161	6	202885	12.083851	0.0612	0.0050646106113026385	0.51	2.28	3.93	6     202885  1.2083851E+01  6.12E-02    0.51    2.28*   3.93
fixed	A06_S3_F0	A06	F0	S3	163	6	608655	12.155818	0.0405	0.003331737938162615	0.33	2.6	3.93	6     608655  1.2155818E+01  4.05E-02    0.33    2.60    3.93    1.34   3
fixed	A06_S3_F1	A06	F1	S3	144	1	100002	11.119445	1.48	0.13310016821882745	13.34	42.18	3.35	1     100002  1.1119445E+01  1.48E+00   13.34   42.18*   3.35
fixed	A06_S3_F1	A06	F1	S3	146	1	100002	11.119445	1.48	0.13310016821882745	13.34	42.18	3.35	1     100002  1.1119445E+01  1.48E+00   13.34   42.18    3.35
fixed	A06_S3_F1	A06	F1	S3	149	2	200011	12.298402	0.204	0.016587520882794367	1.66	7.41	0.6	2     200011  1.2298402E+01  2.04E-01    1.66    7.41*   0.60
fixed	A06_S3_F1	A06	F1	S3	151	2	200011	12.298402	0.204	0.016587520882794367	1.66	7.41	0.6	2     200011  1.2298402E+01  2.04E-01    1.66    7.41    0.60
fixed	A06_S3_F1	A06	F1	S3	154	3	400002	12.294686	0.0665	0.005408840860189516	0.54	3.42	1.21	3     400002  1.2294686E+01  6.65E-02    0.54    3.42*   1.21
fixed	A06_S3_F1	A06	F1	S3	156	3	400002	12.294686	0.0665	0.005408840860189516	0.54	3.42	1.21	3     400002  1.2294686E+01  6.65E-02    0.54    3.42    1.21
fixed	A06_S3_F1	A06	F1	S3	159	4	599997	20.561763	8.18	0.3978258090028564	39.8	308.32	0.3	4     599997  2.0561763E+01  8.18E+00   39.80  308.32    0.30
fixed	A06_S3_F1	A06	F1	S3	161	4	599997	20.561763	8.18	0.3978258090028564	39.8	308.32	0.3	4     599997  2.0561763E+01  8.18E+00   39.80  308.32    0.30
fixed	A06_S3_F2	A06	F2	S3	144	1	100002	11.119445	1.48	0.13310016821882745	13.34	42.18	3.35	1     100002  1.1119445E+01  1.48E+00   13.34   42.18*   3.35
fixed	A06_S3_F2	A06	F2	S3	146	1	100002	11.119445	1.48	0.13310016821882745	13.34	42.18	3.35	1     100002  1.1119445E+01  1.48E+00   13.34   42.18    3.35
fixed	A06_S3_F2	A06	F2	S3	149	2	200011	12.298402	0.204	0.016587520882794367	1.66	7.41	0.6	2     200011  1.2298402E+01  2.04E-01    1.66    7.41*   0.60
fixed	A06_S3_F2	A06	F2	S3	151	2	200011	12.298402	0.204	0.016587520882794367	1.66	7.41	0.6	2     200011  1.2298402E+01  2.04E-01    1.66    7.41    0.60
fixed	A06_S3_F2	A06	F2	S3	154	3	400002	12.294686	0.0665	0.005408840860189516	0.54	3.42	1.21	3     400002  1.2294686E+01  6.65E-02    0.54    3.42*   1.21
fixed	A06_S3_F2	A06	F2	S3	156	3	400002	12.294686	0.0665	0.005408840860189516	0.54	3.42	1.21	3     400002  1.2294686E+01  6.65E-02    0.54    3.42    1.21
fixed	A06_S3_F2	A06	F2	S3	159	4	1970859	14.803553	2.46	0.16617632267064533	16.59	232.96	0.2	4    1970859  1.4803553E+01  2.46E+00   16.59  232.96    0.20
fixed	A06_S3_F2	A06	F2	S3	161	4	1970859	14.803553	2.46	0.16617632267064533	16.59	232.96	0.2	4    1970859  1.4803553E+01  2.46E+00   16.59  232.96    0.20
adaptive	A06_S4	A06		S4	148	1	99999	12.501869	1.48	0.11838229947858196	11.85	37.47	3.71	1      99999  1.2501869E+01  1.48E+00   11.85   37.47*   3.71
adaptive	A06_S4	A06		S4	150	1	99999	12.501869	1.48	0.11838229947858196	11.85	37.47	3.71	1      99999  1.2501869E+01  1.48E+00   11.85   37.47    3.71
adaptive	A06_S4	A06		S4	152	2	200016	12.472916	0.321	0.025735762190653735	2.57	11.51	0.97	2     200016  1.2472916E+01  3.21E-01    2.57   11.51*   0.97
adaptive	A06_S4	A06		S4	154	2	200016	12.472916	0.321	0.025735762190653735	2.57	11.51	0.97	2     200016  1.2472916E+01  3.21E-01    2.57   11.51    0.97
adaptive	A06_S4	A06		S4	156	3	400000	13.041118	0.904	0.06931921020881798	6.93	43.83	0.97	3     400000  1.3041118E+01  9.04E-01    6.93   43.83    0.97
adaptive	A06_S4	A06		S4	158	3	400000	13.041118	0.904	0.06931921020881798	6.93	43.83	0.97	3     400000  1.3041118E+01  9.04E-01    6.93   43.83    0.97
fixed	A06_S4_F0	A06	F0	S4	144	1	99999	12.501869	1.48	0.11838229947858196	11.85	37.47	3.71	1      99999  1.2501869E+01  1.48E+00   11.85   37.47*   3.71
fixed	A06_S4_F0	A06	F0	S4	146	1	99999	12.501869	1.48	0.11838229947858196	11.85	37.47	3.71	1      99999  1.2501869E+01  1.48E+00   11.85   37.47    3.71
fixed	A06_S4_F0	A06	F0	S4	149	2	200016	12.472916	0.321	0.025735762190653735	2.57	11.51	0.97	2     200016  1.2472916E+01  3.21E-01    2.57   11.51*   0.97
fixed	A06_S4_F0	A06	F0	S4	151	2	200016	12.472916	0.321	0.025735762190653735	2.57	11.51	0.97	2     200016  1.2472916E+01  3.21E-01    2.57   11.51    0.97
fixed	A06_S4_F0	A06	F0	S4	154	3	400000	13.041118	0.904	0.06931921020881798	6.93	43.83	0.97	3     400000  1.3041118E+01  9.04E-01    6.93   43.83    0.97
fixed	A06_S4_F0	A06	F0	S4	156	3	400000	13.041118	0.904	0.06931921020881798	6.93	43.83	0.97	3     400000  1.3041118E+01  9.04E-01    6.93   43.83    0.97
fixed	A06_S4_F0	A06	F0	S4	159	4	203012	12.122008	0.0754	0.006220091588786281	0.62	2.8	1.39	4     203012  1.2122008E+01  7.54E-02    0.62    2.80*   1.39
fixed	A06_S4_F0	A06	F0	S4	160	5	203012	15.165689	2.97	0.1958367997655761	19.61	88.34	0.03	5     203012  1.5165689E+01  2.97E+00   19.61   88.34    0.03
fixed	A06_S4_F0	A06	F0	S4	161	6	203012	12.233981	0.0676	0.005525593018331481	0.55	2.49	3.22	6     203012  1.2233981E+01  6.76E-02    0.55    2.49*   3.22
fixed	A06_S4_F0	A06	F0	S4	163	6	609036	12.184941	0.0503	0.004128046249875153	0.41	3.22	3.22	6     609036  1.2184941E+01  5.03E-02    0.41    3.22    3.22    1.11   3
fixed	A06_S4_F1	A06	F1	S4	144	1	99999	12.501869	1.48	0.11838229947858196	11.85	37.47	3.71	1      99999  1.2501869E+01  1.48E+00   11.85   37.47*   3.71
fixed	A06_S4_F1	A06	F1	S4	146	1	99999	12.501869	1.48	0.11838229947858196	11.85	37.47	3.71	1      99999  1.2501869E+01  1.48E+00   11.85   37.47    3.71
fixed	A06_S4_F1	A06	F1	S4	149	2	200016	12.472916	0.321	0.025735762190653735	2.57	11.51	0.97	2     200016  1.2472916E+01  3.21E-01    2.57   11.51*   0.97
fixed	A06_S4_F1	A06	F1	S4	151	2	200016	12.472916	0.321	0.025735762190653735	2.57	11.51	0.97	2     200016  1.2472916E+01  3.21E-01    2.57   11.51    0.97
fixed	A06_S4_F1	A06	F1	S4	154	3	400000	13.041118	0.904	0.06931921020881798	6.93	43.83	0.97	3     400000  1.3041118E+01  9.04E-01    6.93   43.83    0.97
fixed	A06_S4_F1	A06	F1	S4	156	3	400000	13.041118	0.904	0.06931921020881798	6.93	43.83	0.97	3     400000  1.3041118E+01  9.04E-01    6.93   43.83    0.97
fixed	A06_S4_F1	A06	F1	S4	159	4	600006	12.393678	0.136	0.01097333656724017	1.1	8.53	0.25	4     600006  1.2393678E+01  1.36E-01    1.10    8.53*   0.25
fixed	A06_S4_F1	A06	F1	S4	161	4	600006	12.393678	0.136	0.01097333656724017	1.1	8.53	0.25	4     600006  1.2393678E+01  1.36E-01    1.10    8.53    0.25
fixed	A06_S4_F2	A06	F2	S4	144	1	99999	12.501869	1.48	0.11838229947858196	11.85	37.47	3.71	1      99999  1.2501869E+01  1.48E+00   11.85   37.47*   3.71
fixed	A06_S4_F2	A06	F2	S4	146	1	99999	12.501869	1.48	0.11838229947858196	11.85	37.47	3.71	1      99999  1.2501869E+01  1.48E+00   11.85   37.47    3.71
fixed	A06_S4_F2	A06	F2	S4	149	2	200016	12.472916	0.321	0.025735762190653735	2.57	11.51	0.97	2     200016  1.2472916E+01  3.21E-01    2.57   11.51*   0.97
fixed	A06_S4_F2	A06	F2	S4	151	2	200016	12.472916	0.321	0.025735762190653735	2.57	11.51	0.97	2     200016  1.2472916E+01  3.21E-01    2.57   11.51    0.97
fixed	A06_S4_F2	A06	F2	S4	154	3	400000	13.041118	0.904	0.06931921020881798	6.93	43.83	0.97	3     400000  1.3041118E+01  9.04E-01    6.93   43.83    0.97
fixed	A06_S4_F2	A06	F2	S4	156	3	400000	13.041118	0.904	0.06931921020881798	6.93	43.83	0.97	3     400000  1.3041118E+01  9.04E-01    6.93   43.83    0.97
fixed	A06_S4_F2	A06	F2	S4	159	4	1951061	17.849248	3.97	0.22241833381439938	22.26	310.94	0.0	4    1951061  1.7849248E+01  3.97E+00   22.26  310.94    0.00
fixed	A06_S4_F2	A06	F2	S4	161	4	1951061	17.849248	3.97	0.22241833381439938	22.26	310.94	0.0	4    1951061  1.7849248E+01  3.97E+00   22.26  310.94    0.00
adaptive	A06_S5	A06		S5	148	1	100022	13.089363	1.67	0.12758451270699728	12.8	40.47	3.43	1     100022  1.3089363E+01  1.67E+00   12.80   40.47*   3.43
adaptive	A06_S5	A06		S5	150	1	100022	13.089363	1.67	0.12758451270699728	12.8	40.47	3.43	1     100022  1.3089363E+01  1.67E+00   12.80   40.47    3.43
adaptive	A06_S5	A06		S5	152	2	200007	11.983057	0.144	0.012016966955927856	1.2	5.37	1.31	2     200007  1.1983057E+01  1.44E-01    1.20    5.37*   1.31
adaptive	A06_S5	A06		S5	154	2	200007	11.983057	0.144	0.012016966955927856	1.2	5.37	1.31	2     200007  1.1983057E+01  1.44E-01    1.20    5.37    1.31
adaptive	A06_S5	A06		S5	156	3	400012	12.338725	0.123	0.009968615071654486	1.0	6.3	1.93	3     400012  1.2338725E+01  1.23E-01    1.00    6.30    1.93
adaptive	A06_S5	A06		S5	158	3	400012	12.338725	0.123	0.009968615071654486	1.0	6.3	1.93	3     400012  1.2338725E+01  1.23E-01    1.00    6.30    1.93
fixed	A06_S5_F0	A06	F0	S5	144	1	100022	13.089363	1.67	0.12758451270699728	12.8	40.47	3.43	1     100022  1.3089363E+01  1.67E+00   12.80   40.47*   3.43
fixed	A06_S5_F0	A06	F0	S5	146	1	100022	13.089363	1.67	0.12758451270699728	12.8	40.47	3.43	1     100022  1.3089363E+01  1.67E+00   12.80   40.47    3.43
fixed	A06_S5_F0	A06	F0	S5	149	2	200007	11.983057	0.144	0.012016966955927856	1.2	5.37	1.31	2     200007  1.1983057E+01  1.44E-01    1.20    5.37*   1.31
fixed	A06_S5_F0	A06	F0	S5	151	2	200007	11.983057	0.144	0.012016966955927856	1.2	5.37	1.31	2     200007  1.1983057E+01  1.44E-01    1.20    5.37    1.31
fixed	A06_S5_F0	A06	F0	S5	154	3	400012	12.338725	0.123	0.009968615071654486	1.0	6.3	1.93	3     400012  1.2338725E+01  1.23E-01    1.00    6.30    1.93
fixed	A06_S5_F0	A06	F0	S5	156	3	400012	12.338725	0.123	0.009968615071654486	1.0	6.3	1.93	3     400012  1.2338725E+01  1.23E-01    1.00    6.30    1.93
fixed	A06_S5_F0	A06	F0	S5	159	4	202976	12.569009	0.285	0.022674818675044308	2.27	10.21	1.89	4     202976  1.2569009E+01  2.85E-01    2.27   10.21    1.89
fixed	A06_S5_F0	A06	F0	S5	160	5	202976	12.152059	0.068	0.005595759533425571	0.56	2.52	3.28	5     202976  1.2152059E+01  6.80E-02    0.56    2.52*   3.28
fixed	A06_S5_F0	A06	F0	S5	161	6	202976	12.602035	0.42	0.03332795060480311	3.34	15.03	1.77	6     202976  1.2602035E+01  4.20E-01    3.34   15.03    1.77
fixed	A06_S5_F0	A06	F0	S5	163	6	608928	12.1849	0.0654	0.00536729886991276	0.54	4.19	1.77	6     608928  1.2184900E+01  6.54E-02    0.54    4.19    1.77    1.52   3
fixed	A06_S5_F1	A06	F1	S5	144	1	100022	13.089363	1.67	0.12758451270699728	12.8	40.47	3.43	1     100022  1.3089363E+01  1.67E+00   12.80   40.47*   3.43
fixed	A06_S5_F1	A06	F1	S5	146	1	100022	13.089363	1.67	0.12758451270699728	12.8	40.47	3.43	1     100022  1.3089363E+01  1.67E+00   12.80   40.47    3.43
fixed	A06_S5_F1	A06	F1	S5	149	2	200007	11.983057	0.144	0.012016966955927856	1.2	5.37	1.31	2     200007  1.1983057E+01  1.44E-01    1.20    5.37*   1.31
fixed	A06_S5_F1	A06	F1	S5	151	2	200007	11.983057	0.144	0.012016966955927856	1.2	5.37	1.31	2     200007  1.1983057E+01  1.44E-01    1.20    5.37    1.31
fixed	A06_S5_F1	A06	F1	S5	154	3	400012	12.338725	0.123	0.009968615071654486	1.0	6.3	1.93	3     400012  1.2338725E+01  1.23E-01    1.00    6.30    1.93
fixed	A06_S5_F1	A06	F1	S5	156	3	400012	12.338725	0.123	0.009968615071654486	1.0	6.3	1.93	3     400012  1.2338725E+01  1.23E-01    1.00    6.30    1.93
fixed	A06_S5_F1	A06	F1	S5	159	4	599994	12.462669	0.14	0.011233548768726828	1.12	8.67	0.49	4     599994  1.2462669E+01  1.40E-01    1.12    8.67    0.49
fixed	A06_S5_F1	A06	F1	S5	161	4	599994	12.462669	0.14	0.011233548768726828	1.12	8.67	0.49	4     599994  1.2462669E+01  1.40E-01    1.12    8.67    0.49
fixed	A06_S5_F2	A06	F2	S5	144	1	100022	13.089363	1.67	0.12758451270699728	12.8	40.47	3.43	1     100022  1.3089363E+01  1.67E+00   12.80   40.47*   3.43
fixed	A06_S5_F2	A06	F2	S5	146	1	100022	13.089363	1.67	0.12758451270699728	12.8	40.47	3.43	1     100022  1.3089363E+01  1.67E+00   12.80   40.47    3.43
fixed	A06_S5_F2	A06	F2	S5	149	2	200007	11.983057	0.144	0.012016966955927856	1.2	5.37	1.31	2     200007  1.1983057E+01  1.44E-01    1.20    5.37*   1.31
fixed	A06_S5_F2	A06	F2	S5	151	2	200007	11.983057	0.144	0.012016966955927856	1.2	5.37	1.31	2     200007  1.1983057E+01  1.44E-01    1.20    5.37    1.31
fixed	A06_S5_F2	A06	F2	S5	154	3	400012	12.338725	0.123	0.009968615071654486	1.0	6.3	1.93	3     400012  1.2338725E+01  1.23E-01    1.00    6.30    1.93
fixed	A06_S5_F2	A06	F2	S5	156	3	400012	12.338725	0.123	0.009968615071654486	1.0	6.3	1.93	3     400012  1.2338725E+01  1.23E-01    1.00    6.30    1.93
fixed	A06_S5_F2	A06	F2	S5	159	4	1973776	16.087696	3.75	0.2330973931879369	23.3	327.38	0.04	4    1973776  1.6087696E+01  3.75E+00   23.30  327.38    0.04
fixed	A06_S5_F2	A06	F2	S5	161	4	1973776	16.087696	3.75	0.2330973931879369	23.3	327.38	0.04	4    1973776  1.6087696E+01  3.75E+00   23.30  327.38    0.04
adaptive	A06_S6	A06		S6	148	1	99990	12.134832	1.38	0.11372221716790146	11.37	35.96	3.73	1      99990  1.2134832E+01  1.38E+00   11.37   35.96*   3.73
adaptive	A06_S6	A06		S6	150	1	99990	12.134832	1.38	0.11372221716790146	11.37	35.96	3.73	1      99990  1.2134832E+01  1.38E+00   11.37   35.96    3.73
adaptive	A06_S6	A06		S6	152	2	199985	12.059868	0.148	0.012272107787581091	1.23	5.48	1.25	2     199985  1.2059868E+01  1.48E-01    1.23    5.48*   1.25
adaptive	A06_S6	A06		S6	154	2	199985	12.059868	0.148	0.012272107787581091	1.23	5.48	1.25	2     199985  1.2059868E+01  1.48E-01    1.23    5.48    1.25
adaptive	A06_S6	A06		S6	156	3	399977	12.224612	0.0578	0.0047281664236051004	0.47	2.99	2.03	3     399977  1.2224612E+01  5.78E-02    0.47    2.99*   2.03
adaptive	A06_S6	A06		S6	158	3	399977	12.224612	0.0578	0.0047281664236051004	0.47	2.99	2.03	3     399977  1.2224612E+01  5.78E-02    0.47    2.99    2.03
fixed	A06_S6_F0	A06	F0	S6	144	1	99990	12.134832	1.38	0.11372221716790146	11.37	35.96	3.73	1      99990  1.2134832E+01  1.38E+00   11.37   35.96*   3.73
fixed	A06_S6_F0	A06	F0	S6	146	1	99990	12.134832	1.38	0.11372221716790146	11.37	35.96	3.73	1      99990  1.2134832E+01  1.38E+00   11.37   35.96    3.73
fixed	A06_S6_F0	A06	F0	S6	149	2	199985	12.059868	0.148	0.012272107787581091	1.23	5.48	1.25	2     199985  1.2059868E+01  1.48E-01    1.23    5.48*   1.25
fixed	A06_S6_F0	A06	F0	S6	151	2	199985	12.059868	0.148	0.012272107787581091	1.23	5.48	1.25	2     199985  1.2059868E+01  1.48E-01    1.23    5.48    1.25
fixed	A06_S6_F0	A06	F0	S6	154	3	399977	12.224612	0.0578	0.0047281664236051004	0.47	2.99	2.03	3     399977  1.2224612E+01  5.78E-02    0.47    2.99*   2.03
fixed	A06_S6_F0	A06	F0	S6	156	3	399977	12.224612	0.0578	0.0047281664236051004	0.47	2.99	2.03	3     399977  1.2224612E+01  5.78E-02    0.47    2.99    2.03
fixed	A06_S6_F0	A06	F0	S6	159	4	202870	12.963392	0.338	0.026073422758487903	2.61	11.75	1.48	4     202870  1.2963392E+01  3.38E-01    2.61   11.75    1.48
fixed	A06_S6_F0	A06	F0	S6	160	5	202870	12.553952	0.166	0.013222927728256409	1.33	5.97	0.94	5     202870  1.2553952E+01  1.66E-01    1.33    5.97*   0.94
fixed	A06_S6_F0	A06	F0	S6	161	6	202870	12.547697	0.268	0.021358501085896483	2.13	9.61	2.09	6     202870  1.2547697E+01  2.68E-01    2.13    9.61    2.09
fixed	A06_S6_F0	A06	F0	S6	163	6	608610	12.613322	0.13	0.010306563171859087	1.03	8.07	2.09	6     608610  1.2613322E+01  1.30E-01    1.03    8.07    2.09    0.63   3
fixed	A06_S6_F1	A06	F1	S6	144	1	99990	12.134832	1.38	0.11372221716790146	11.37	35.96	3.73	1      99990  1.2134832E+01  1.38E+00   11.37   35.96*   3.73
fixed	A06_S6_F1	A06	F1	S6	146	1	99990	12.134832	1.38	0.11372221716790146	11.37	35.96	3.73	1      99990  1.2134832E+01  1.38E+00   11.37   35.96    3.73
fixed	A06_S6_F1	A06	F1	S6	149	2	199985	12.059868	0.148	0.012272107787581091	1.23	5.48	1.25	2     199985  1.2059868E+01  1.48E-01    1.23    5.48*   1.25
fixed	A06_S6_F1	A06	F1	S6	151	2	199985	12.059868	0.148	0.012272107787581091	1.23	5.48	1.25	2     199985  1.2059868E+01  1.48E-01    1.23    5.48    1.25
fixed	A06_S6_F1	A06	F1	S6	154	3	399977	12.224612	0.0578	0.0047281664236051004	0.47	2.99	2.03	3     399977  1.2224612E+01  5.78E-02    0.47    2.99*   2.03
fixed	A06_S6_F1	A06	F1	S6	156	3	399977	12.224612	0.0578	0.0047281664236051004	0.47	2.99	2.03	3     399977  1.2224612E+01  5.78E-02    0.47    2.99    2.03
fixed	A06_S6_F1	A06	F1	S6	159	4	600010	13.788651	0.514	0.037277033119483556	3.73	28.9	0.21	4     600010  1.3788651E+01  5.14E-01    3.73   28.90    0.21
fixed	A06_S6_F1	A06	F1	S6	161	4	600010	13.788651	0.514	0.037277033119483556	3.73	28.9	0.21	4     600010  1.3788651E+01  5.14E-01    3.73   28.90    0.21
fixed	A06_S6_F2	A06	F2	S6	144	1	99990	12.134832	1.38	0.11372221716790146	11.37	35.96	3.73	1      99990  1.2134832E+01  1.38E+00   11.37   35.96*   3.73
fixed	A06_S6_F2	A06	F2	S6	146	1	99990	12.134832	1.38	0.11372221716790146	11.37	35.96	3.73	1      99990  1.2134832E+01  1.38E+00   11.37   35.96    3.73
fixed	A06_S6_F2	A06	F2	S6	149	2	199985	12.059868	0.148	0.012272107787581091	1.23	5.48	1.25	2     199985  1.2059868E+01  1.48E-01    1.23    5.48*   1.25
fixed	A06_S6_F2	A06	F2	S6	151	2	199985	12.059868	0.148	0.012272107787581091	1.23	5.48	1.25	2     199985  1.2059868E+01  1.48E-01    1.23    5.48    1.25
fixed	A06_S6_F2	A06	F2	S6	154	3	399977	12.224612	0.0578	0.0047281664236051004	0.47	2.99	2.03	3     399977  1.2224612E+01  5.78E-02    0.47    2.99*   2.03
fixed	A06_S6_F2	A06	F2	S6	156	3	399977	12.224612	0.0578	0.0047281664236051004	0.47	2.99	2.03	3     399977  1.2224612E+01  5.78E-02    0.47    2.99    2.03
fixed	A06_S6_F2	A06	F2	S6	159	4	1967162	23.857795	8.1	0.3395116774203148	33.94	476.0	0.03	4    1967162  2.3857795E+01  8.10E+00   33.94  476.00    0.03
fixed	A06_S6_F2	A06	F2	S6	161	4	1967162	23.857795	8.1	0.3395116774203148	33.94	476.0	0.03	4    1967162  2.3857795E+01  8.10E+00   33.94  476.00    0.03
adaptive	A06_S7	A06		S7	148	1	100004	14.120871	1.58	0.11189111493193303	11.18	35.35	3.15	1     100004  1.4120871E+01  1.58E+00   11.18   35.35*   3.15
adaptive	A06_S7	A06		S7	150	1	100004	14.120871	1.58	0.11189111493193303	11.18	35.35	3.15	1     100004  1.4120871E+01  1.58E+00   11.18   35.35    3.15
adaptive	A06_S7	A06		S7	152	2	200000	12.273573	0.156	0.012710235234678605	1.27	5.68	0.93	2     200000  1.2273573E+01  1.56E-01    1.27    5.68*   0.93
adaptive	A06_S7	A06		S7	154	2	200000	12.273573	0.156	0.012710235234678605	1.27	5.68	0.93	2     200000  1.2273573E+01  1.56E-01    1.27    5.68    0.93
adaptive	A06_S7	A06		S7	156	3	400011	15.081439	2.7	0.1790280091972656	17.92	113.37	0.74	3     400011  1.5081439E+01  2.70E+00   17.92  113.37    0.74
adaptive	A06_S7	A06		S7	158	3	400011	15.081439	2.7	0.1790280091972656	17.92	113.37	0.74	3     400011  1.5081439E+01  2.70E+00   17.92  113.37    0.74
fixed	A06_S7_F0	A06	F0	S7	144	1	100004	14.120871	1.58	0.11189111493193303	11.18	35.35	3.15	1     100004  1.4120871E+01  1.58E+00   11.18   35.35*   3.15
fixed	A06_S7_F0	A06	F0	S7	146	1	100004	14.120871	1.58	0.11189111493193303	11.18	35.35	3.15	1     100004  1.4120871E+01  1.58E+00   11.18   35.35    3.15
fixed	A06_S7_F0	A06	F0	S7	149	2	200000	12.273573	0.156	0.012710235234678605	1.27	5.68	0.93	2     200000  1.2273573E+01  1.56E-01    1.27    5.68*   0.93
fixed	A06_S7_F0	A06	F0	S7	151	2	200000	12.273573	0.156	0.012710235234678605	1.27	5.68	0.93	2     200000  1.2273573E+01  1.56E-01    1.27    5.68    0.93
fixed	A06_S7_F0	A06	F0	S7	154	3	400011	15.081439	2.7	0.1790280091972656	17.92	113.37	0.74	3     400011  1.5081439E+01  2.70E+00   17.92  113.37    0.74
fixed	A06_S7_F0	A06	F0	S7	156	3	400011	15.081439	2.7	0.1790280091972656	17.92	113.37	0.74	3     400011  1.5081439E+01  2.70E+00   17.92  113.37    0.74
fixed	A06_S7_F0	A06	F0	S7	159	4	202958	12.13323	0.0666	0.005489057736480724	0.55	2.47	4.08	4     202958  1.2133230E+01  6.66E-02    0.55    2.47*   4.08
fixed	A06_S7_F0	A06	F0	S7	160	5	202958	12.12395	0.0691	0.005699462633877573	0.57	2.57	3.0	5     202958  1.2123950E+01  6.91E-02    0.57    2.57    3.00
fixed	A06_S7_F0	A06	F0	S7	161	6	202958	12.560423	0.212	0.01687841245473978	1.69	7.61	2.07	6     202958  1.2560423E+01  2.12E-01    1.69    7.61    2.07
fixed	A06_S7_F0	A06	F0	S7	163	6	608874	12.149732	0.0468	0.003851936816384098	0.39	3.01	2.07	6     608874  1.2149732E+01  4.68E-02    0.39    3.01    2.07    1.97   3
fixed	A06_S7_F1	A06	F1	S7	144	1	100004	14.120871	1.58	0.11189111493193303	11.18	35.35	3.15	1     100004  1.4120871E+01  1.58E+00   11.18   35.35*   3.15
fixed	A06_S7_F1	A06	F1	S7	146	1	100004	14.120871	1.58	0.11189111493193303	11.18	35.35	3.15	1     100004  1.4120871E+01  1.58E+00   11.18   35.35    3.15
fixed	A06_S7_F1	A06	F1	S7	149	2	200000	12.273573	0.156	0.012710235234678605	1.27	5.68	0.93	2     200000  1.2273573E+01  1.56E-01    1.27    5.68*   0.93
fixed	A06_S7_F1	A06	F1	S7	151	2	200000	12.273573	0.156	0.012710235234678605	1.27	5.68	0.93	2     200000  1.2273573E+01  1.56E-01    1.27    5.68    0.93
fixed	A06_S7_F1	A06	F1	S7	154	3	400011	15.081439	2.7	0.1790280091972656	17.92	113.37	0.74	3     400011  1.5081439E+01  2.70E+00   17.92  113.37    0.74
fixed	A06_S7_F1	A06	F1	S7	156	3	400011	15.081439	2.7	0.1790280091972656	17.92	113.37	0.74	3     400011  1.5081439E+01  2.70E+00   17.92  113.37    0.74
fixed	A06_S7_F1	A06	F1	S7	159	4	599994	12.239361	0.0507	0.00414237311898881	0.41	3.21	1.92	4     599994  1.2239361E+01  5.07E-02    0.41    3.21*   1.92
fixed	A06_S7_F1	A06	F1	S7	161	4	599994	12.239361	0.0507	0.00414237311898881	0.41	3.21	1.92	4     599994  1.2239361E+01  5.07E-02    0.41    3.21    1.92
fixed	A06_S7_F2	A06	F2	S7	144	1	100004	14.120871	1.58	0.11189111493193303	11.18	35.35	3.15	1     100004  1.4120871E+01  1.58E+00   11.18   35.35*   3.15
fixed	A06_S7_F2	A06	F2	S7	146	1	100004	14.120871	1.58	0.11189111493193303	11.18	35.35	3.15	1     100004  1.4120871E+01  1.58E+00   11.18   35.35    3.15
fixed	A06_S7_F2	A06	F2	S7	149	2	200000	12.273573	0.156	0.012710235234678605	1.27	5.68	0.93	2     200000  1.2273573E+01  1.56E-01    1.27    5.68*   0.93
fixed	A06_S7_F2	A06	F2	S7	151	2	200000	12.273573	0.156	0.012710235234678605	1.27	5.68	0.93	2     200000  1.2273573E+01  1.56E-01    1.27    5.68    0.93
fixed	A06_S7_F2	A06	F2	S7	154	3	400011	15.081439	2.7	0.1790280091972656	17.92	113.37	0.74	3     400011  1.5081439E+01  2.70E+00   17.92  113.37    0.74
fixed	A06_S7_F2	A06	F2	S7	156	3	400011	15.081439	2.7	0.1790280091972656	17.92	113.37	0.74	3     400011  1.5081439E+01  2.70E+00   17.92  113.37    0.74
fixed	A06_S7_F2	A06	F2	S7	159	4	1944355	12.451699	0.0935	0.007509015436367359	0.75	10.47	0.46	4    1944355  1.2451699E+01  9.35E-02    0.75   10.47*   0.46
fixed	A06_S7_F2	A06	F2	S7	161	4	1944355	12.451699	0.0935	0.007509015436367359	0.75	10.47	0.46	4    1944355  1.2451699E+01  9.35E-02    0.75   10.47    0.46
adaptive	A07_S0	A07		S0	148	1	100006	13.448615	1.55	0.11525350379946188	11.49	36.35	2.98	1     100006  1.3448615E+01  1.55E+00   11.49   36.35*   2.98
adaptive	A07_S0	A07		S0	149	2	99998	12.225828	0.25	0.020448512771486724	2.05	6.48	0.95	2      99998  1.2225828E+01  2.50E-01    2.05    6.48*   0.95
adaptive	A07_S0	A07		S0	150	3	99988	12.181747	0.115	0.009440353670126297	0.95	2.99	2.72	3      99988  1.2181747E+01  1.15E-01    0.95    2.99*   2.72
adaptive	A07_S0	A07		S0	151	4	100004	12.319232	0.22	0.017858256099081503	1.78	5.64	2.76	4     100004  1.2319232E+01  2.20E-01    1.78    5.64    2.76
adaptive	A07_S0	A07		S0	152	5	100000	12.315563	0.105	0.008525797805589562	0.85	2.68	4.24	5     100000  1.2315563E+01  1.05E-01    0.85    2.68*   4.24
adaptive	A07_S0	A07		S0	153	6	100004	12.414353	0.221	0.017801974859261695	1.78	5.63	1.53	6     100004  1.2414353E+01  2.21E-01    1.78    5.63    1.53
adaptive	A07_S0	A07		S0	154	7	100005	88.915357	75.3	0.8468728298532276	84.73	267.93	0.01	7     100005  8.8915357E+01  7.53E+01   84.73  267.93    0.01
adaptive	A07_S0	A07		S0	155	8	100000	16.193459	2.84	0.17537945413638925	17.56	55.53	0.01	8     100000  1.6193459E+01  2.84E+00   17.56   55.53*   0.01
adaptive	A07_S0	A07		S0	156	9	99995	45.412979	17.5	0.3853523901173715	38.63	122.16	0.0	9      99995  4.5412979E+01  1.75E+01   38.63  122.16    0.00
adaptive	A07_S0	A07		S0	157	10	100000	415.65611	186.0	0.44748530221292787	44.76	141.56	0.0	10     100000  4.1565611E+02  1.86E+02   44.76  141.56    0.00
adaptive	A07_S0	A07		S0	159	10	1000000	12.27854	0.0667	0.005432241944074784	0.54	5.44	0.0	10    1000000  1.2278540E+01  6.67E-02    0.54    5.44    0.00    1.45  10
fixed	A07_S0_F0	A07	F0	S0	144	1	100006	13.448615	1.55	0.11525350379946188	11.49	36.35	2.98	1     100006  1.3448615E+01  1.55E+00   11.49   36.35*   2.98
fixed	A07_S0_F0	A07	F0	S0	145	2	99998	12.225828	0.25	0.020448512771486724	2.05	6.48	0.95	2      99998  1.2225828E+01  2.50E-01    2.05    6.48*   0.95
fixed	A07_S0_F0	A07	F0	S0	146	3	99988	12.181747	0.115	0.009440353670126297	0.95	2.99	2.72	3      99988  1.2181747E+01  1.15E-01    0.95    2.99*   2.72
fixed	A07_S0_F0	A07	F0	S0	147	4	100004	12.319232	0.22	0.017858256099081503	1.78	5.64	2.76	4     100004  1.2319232E+01  2.20E-01    1.78    5.64    2.76
fixed	A07_S0_F0	A07	F0	S0	148	5	100000	12.315563	0.105	0.008525797805589562	0.85	2.68	4.24	5     100000  1.2315563E+01  1.05E-01    0.85    2.68*   4.24
fixed	A07_S0_F0	A07	F0	S0	149	6	100004	12.414353	0.221	0.017801974859261695	1.78	5.63	1.53	6     100004  1.2414353E+01  2.21E-01    1.78    5.63    1.53
fixed	A07_S0_F0	A07	F0	S0	150	7	100005	88.915357	75.3	0.8468728298532276	84.73	267.93	0.01	7     100005  8.8915357E+01  7.53E+01   84.73  267.93    0.01
fixed	A07_S0_F0	A07	F0	S0	151	8	100000	16.193459	2.84	0.17537945413638925	17.56	55.53	0.01	8     100000  1.6193459E+01  2.84E+00   17.56   55.53*   0.01
fixed	A07_S0_F0	A07	F0	S0	152	9	99995	45.412979	17.5	0.3853523901173715	38.63	122.16	0.0	9      99995  4.5412979E+01  1.75E+01   38.63  122.16    0.00
fixed	A07_S0_F0	A07	F0	S0	153	10	100000	415.65611	186.0	0.44748530221292787	44.76	141.56	0.0	10     100000  4.1565611E+02  1.86E+02   44.76  141.56    0.00
fixed	A07_S0_F0	A07	F0	S0	155	10	1000000	12.27854	0.0667	0.005432241944074784	0.54	5.44	0.0	10    1000000  1.2278540E+01  6.67E-02    0.54    5.44    0.00    1.45  10
fixed	A07_S0_F0	A07	F0	S0	158	11	151933	1358.4353	649.0	0.4777555471357377	47.78	186.24	0.0	11     151933  1.3584353E+03  6.49E+02   47.78  186.24    0.00
fixed	A07_S0_F0	A07	F0	S0	159	12	151933	1970.124	843.0	0.42789184843187533	42.78	166.74	0.0	12     151933  1.9701240E+03  8.43E+02   42.78  166.74*   0.00
fixed	A07_S0_F0	A07	F0	S0	160	13	151933	1027.6018	532.0	0.517710264812693	51.74	201.68	0.0	13     151933  1.0276018E+03  5.32E+02   51.74  201.68    0.00
fixed	A07_S0_F0	A07	F0	S0	162	13	455799	1316.2083	370.0	0.2811105202725131	28.08	189.6	0.0	13     455799  1.3162083E+03  3.70E+02   28.08  189.60    0.00    0.45   3
fixed	A07_S0_F1	A07	F1	S0	144	1	100006	13.448615	1.55	0.11525350379946188	11.49	36.35	2.98	1     100006  1.3448615E+01  1.55E+00   11.49   36.35*   2.98
fixed	A07_S0_F1	A07	F1	S0	145	2	99998	12.225828	0.25	0.020448512771486724	2.05	6.48	0.95	2      99998  1.2225828E+01  2.50E-01    2.05    6.48*   0.95
fixed	A07_S0_F1	A07	F1	S0	146	3	99988	12.181747	0.115	0.009440353670126297	0.95	2.99	2.72	3      99988  1.2181747E+01  1.15E-01    0.95    2.99*   2.72
fixed	A07_S0_F1	A07	F1	S0	147	4	100004	12.319232	0.22	0.017858256099081503	1.78	5.64	2.76	4     100004  1.2319232E+01  2.20E-01    1.78    5.64    2.76
fixed	A07_S0_F1	A07	F1	S0	148	5	100000	12.315563	0.105	0.008525797805589562	0.85	2.68	4.24	5     100000  1.2315563E+01  1.05E-01    0.85    2.68*   4.24
fixed	A07_S0_F1	A07	F1	S0	149	6	100004	12.414353	0.221	0.017801974859261695	1.78	5.63	1.53	6     100004  1.2414353E+01  2.21E-01    1.78    5.63    1.53
fixed	A07_S0_F1	A07	F1	S0	150	7	100005	88.915357	75.3	0.8468728298532276	84.73	267.93	0.01	7     100005  8.8915357E+01  7.53E+01   84.73  267.93    0.01
fixed	A07_S0_F1	A07	F1	S0	151	8	100000	16.193459	2.84	0.17537945413638925	17.56	55.53	0.01	8     100000  1.6193459E+01  2.84E+00   17.56   55.53*   0.01
fixed	A07_S0_F1	A07	F1	S0	152	9	99995	45.412979	17.5	0.3853523901173715	38.63	122.16	0.0	9      99995  4.5412979E+01  1.75E+01   38.63  122.16    0.00
fixed	A07_S0_F1	A07	F1	S0	153	10	100000	415.65611	186.0	0.44748530221292787	44.76	141.56	0.0	10     100000  4.1565611E+02  1.86E+02   44.76  141.56    0.00
fixed	A07_S0_F1	A07	F1	S0	155	10	1000000	12.27854	0.0667	0.005432241944074784	0.54	5.44	0.0	10    1000000  1.2278540E+01  6.67E-02    0.54    5.44    0.00    1.45  10
fixed	A07_S0_F1	A07	F1	S0	158	11	586863	998.53462	200.0	0.20029350609796584	20.01	153.28	0.0	11     586863  9.9853462E+02  2.00E+02   20.01  153.28    0.00
fixed	A07_S0_F1	A07	F1	S0	160	11	586863	998.53462	200.0	0.20029350609796584	20.01	153.28	0.0	11     586863  9.9853462E+02  2.00E+02   20.01  153.28    0.00
fixed	A07_S0_F2	A07	F2	S0	144	1	100006	13.448615	1.55	0.11525350379946188	11.49	36.35	2.98	1     100006  1.3448615E+01  1.55E+00   11.49   36.35*   2.98
fixed	A07_S0_F2	A07	F2	S0	145	2	99998	12.225828	0.25	0.020448512771486724	2.05	6.48	0.95	2      99998  1.2225828E+01  2.50E-01    2.05    6.48*   0.95
fixed	A07_S0_F2	A07	F2	S0	146	3	99988	12.181747	0.115	0.009440353670126297	0.95	2.99	2.72	3      99988  1.2181747E+01  1.15E-01    0.95    2.99*   2.72
fixed	A07_S0_F2	A07	F2	S0	147	4	100004	12.319232	0.22	0.017858256099081503	1.78	5.64	2.76	4     100004  1.2319232E+01  2.20E-01    1.78    5.64    2.76
fixed	A07_S0_F2	A07	F2	S0	148	5	100000	12.315563	0.105	0.008525797805589562	0.85	2.68	4.24	5     100000  1.2315563E+01  1.05E-01    0.85    2.68*   4.24
fixed	A07_S0_F2	A07	F2	S0	149	6	100004	12.414353	0.221	0.017801974859261695	1.78	5.63	1.53	6     100004  1.2414353E+01  2.21E-01    1.78    5.63    1.53
fixed	A07_S0_F2	A07	F2	S0	150	7	100005	88.915357	75.3	0.8468728298532276	84.73	267.93	0.01	7     100005  8.8915357E+01  7.53E+01   84.73  267.93    0.01
fixed	A07_S0_F2	A07	F2	S0	151	8	100000	16.193459	2.84	0.17537945413638925	17.56	55.53	0.01	8     100000  1.6193459E+01  2.84E+00   17.56   55.53*   0.01
fixed	A07_S0_F2	A07	F2	S0	152	9	99995	45.412979	17.5	0.3853523901173715	38.63	122.16	0.0	9      99995  4.5412979E+01  1.75E+01   38.63  122.16    0.00
fixed	A07_S0_F2	A07	F2	S0	153	10	100000	415.65611	186.0	0.44748530221292787	44.76	141.56	0.0	10     100000  4.1565611E+02  1.86E+02   44.76  141.56    0.00
fixed	A07_S0_F2	A07	F2	S0	155	10	1000000	12.27854	0.0667	0.005432241944074784	0.54	5.44	0.0	10    1000000  1.2278540E+01  6.67E-02    0.54    5.44    0.00    1.45  10
fixed	A07_S0_F2	A07	F2	S0	158	11	1978060	1745.1975	352.0	0.2016963696085973	20.18	283.83	0.0	11    1978060  1.7451975E+03  3.52E+02   20.18  283.83    0.00
fixed	A07_S0_F2	A07	F2	S0	160	11	1978060	1745.1975	352.0	0.2016963696085973	20.18	283.83	0.0	11    1978060  1.7451975E+03  3.52E+02   20.18  283.83    0.00
adaptive	A07_S1	A07		S1	148	1	99998	13.040086	1.5	0.11502991621374276	11.51	36.41	2.99	1      99998  1.3040086E+01  1.50E+00   11.51   36.41*   2.99
adaptive	A07_S1	A07		S1	149	2	99992	12.454194	0.269	0.021599149651916456	2.16	6.83	1.23	2      99992  1.2454194E+01  2.69E-01    2.16    6.83*   1.23
adaptive	A07_S1	A07		S1	150	3	99994	12.203012	0.126	0.010325319683369975	1.03	3.26	3.05	3      99994  1.2203012E+01  1.26E-01    1.03    3.26*   3.05
adaptive	A07_S1	A07		S1	151	4	99996	12.46947	0.465	0.03729107973314023	3.73	11.8	2.0	4      99996  1.2469470E+01  4.65E-01    3.73   11.80    2.00
adaptive	A07_S1	A07		S1	152	5	99999	12.288799	0.134	0.010904238892669659	1.09	3.44	1.54	5      99999  1.2288799E+01  1.34E-01    1.09    3.44*   1.54
adaptive	A07_S1	A07		S1	153	6	99998	173.36762	160.0	0.9228943674718497	92.52	292.57	0.01	6      99998  1.7336762E+02  1.60E+02   92.52  292.57    0.01
adaptive	A07_S1	A07		S1	154	7	100000	85.607231	70.1	0.8188560613530415	81.85	258.83	0.0	7     100000  8.5607231E+01  7.01E+01   81.85  258.83*   0.00
adaptive	A07_S1	A07		S1	155	8	100000	124.39016	49.5	0.3979414448859942	39.76	125.74	0.0	8     100000  1.2439016E+02  4.95E+01   39.76  125.74*   0.00
adaptive	A07_S1	A07		S1	156	9	99999	759.64301	279.0	0.3672777822308929	36.68	115.99	0.0	9      99999  7.5964301E+02  2.79E+02   36.68  115.99*   0.00
adaptive	A07_S1	A07		S1	157	10	100000	4783.2145	2390.0	0.4996639811992542	49.96	157.97	0.0	10     100000  4.7832145E+03  2.39E+03   49.96  157.97    0.00
adaptive	A07_S1	A07		S1	159	10	999976	12.275031	0.0851	0.006932772715604546	0.69	6.93	0.0	10     999976  1.2275031E+01  8.51E-02    0.69    6.93    0.00    2.18  10
fixed	A07_S1_F0	A07	F0	S1	144	1	99998	13.040086	1.5	0.11502991621374276	11.51	36.41	2.99	1      99998  1.3040086E+01  1.50E+00   11.51   36.41*   2.99
fixed	A07_S1_F0	A07	F0	S1	145	2	99992	12.454194	0.269	0.021599149651916456	2.16	6.83	1.23	2      99992  1.2454194E+01  2.69E-01    2.16    6.83*   1.23
fixed	A07_S1_F0	A07	F0	S1	146	3	99994	12.203012	0.126	0.010325319683369975	1.03	3.26	3.05	3      99994  1.2203012E+01  1.26E-01    1.03    3.26*   3.05
fixed	A07_S1_F0	A07	F0	S1	147	4	99996	12.46947	0.465	0.03729107973314023	3.73	11.8	2.0	4      99996  1.2469470E+01  4.65E-01    3.73   11.80    2.00
fixed	A07_S1_F0	A07	F0	S1	148	5	99999	12.288799	0.134	0.010904238892669659	1.09	3.44	1.54	5      99999  1.2288799E+01  1.34E-01    1.09    3.44*   1.54
fixed	A07_S1_F0	A07	F0	S1	149	6	99998	173.36762	160.0	0.9228943674718497	92.52	292.57	0.01	6      99998  1.7336762E+02  1.60E+02   92.52  292.57    0.01
fixed	A07_S1_F0	A07	F0	S1	150	7	100000	85.607231	70.1	0.8188560613530415	81.85	258.83	0.0	7     100000  8.5607231E+01  7.01E+01   81.85  258.83*   0.00
fixed	A07_S1_F0	A07	F0	S1	151	8	100000	124.39016	49.5	0.3979414448859942	39.76	125.74	0.0	8     100000  1.2439016E+02  4.95E+01   39.76  125.74*   0.00
fixed	A07_S1_F0	A07	F0	S1	152	9	99999	759.64301	279.0	0.3672777822308929	36.68	115.99	0.0	9      99999  7.5964301E+02  2.79E+02   36.68  115.99*   0.00
fixed	A07_S1_F0	A07	F0	S1	153	10	100000	4783.2145	2390.0	0.4996639811992542	49.96	157.97	0.0	10     100000  4.7832145E+03  2.39E+03   49.96  157.97    0.00
fixed	A07_S1_F0	A07	F0	S1	155	10	999976	12.275031	0.0851	0.006932772715604546	0.69	6.93	0.0	10     999976  1.2275031E+01  8.51E-02    0.69    6.93    0.00    2.18  10
fixed	A07_S1_F0	A07	F0	S1	158	11	149039	1999.1884	305.0	0.15256190962292498	15.28	58.98	0.01	11     149039  1.9991884E+03  3.05E+02   15.28   58.98*   0.01
fixed	A07_S1_F0	A07	F0	S1	159	12	149039	3469.718	1050.0	0.30261825312604657	30.3	116.97	0.0	12     149039  3.4697180E+03  1.05E+03   30.30  116.97    0.00
fixed	A07_S1_F0	A07	F0	S1	160	13	149039	1971.4943	366.0	0.18564598436830376	18.56	71.66	0.01	13     149039  1.9714943E+03  3.66E+02   18.56   71.66*   0.01
fixed	A07_S1_F0	A07	F0	S1	162	13	447117	2058.0448	229.0	0.11127065844242068	11.12	74.36	0.01	13     447117  2.0580448E+03  2.29E+02   11.12   74.36    0.01    0.95   3
fixed	A07_S1_F1	A07	F1	S1	144	1	99998	13.040086	1.5	0.11502991621374276	11.51	36.41	2.99	1      99998  1.3040086E+01  1.50E+00   11.51   36.41*   2.99
fixed	A07_S1_F1	A07	F1	S1	145	2	99992	12.454194	0.269	0.021599149651916456	2.16	6.83	1.23	2      99992  1.2454194E+01  2.69E-01    2.16    6.83*   1.23
fixed	A07_S1_F1	A07	F1	S1	146	3	99994	12.203012	0.126	0.010325319683369975	1.03	3.26	3.05	3      99994  1.2203012E+01  1.26E-01    1.03    3.26*   3.05
fixed	A07_S1_F1	A07	F1	S1	147	4	99996	12.46947	0.465	0.03729107973314023	3.73	11.8	2.0	4      99996  1.2469470E+01  4.65E-01    3.73   11.80    2.00
fixed	A07_S1_F1	A07	F1	S1	148	5	99999	12.288799	0.134	0.010904238892669659	1.09	3.44	1.54	5      99999  1.2288799E+01  1.34E-01    1.09    3.44*   1.54
fixed	A07_S1_F1	A07	F1	S1	149	6	99998	173.36762	160.0	0.9228943674718497	92.52	292.57	0.01	6      99998  1.7336762E+02  1.60E+02   92.52  292.57    0.01
fixed	A07_S1_F1	A07	F1	S1	150	7	100000	85.607231	70.1	0.8188560613530415	81.85	258.83	0.0	7     100000  8.5607231E+01  7.01E+01   81.85  258.83*   0.00
fixed	A07_S1_F1	A07	F1	S1	151	8	100000	124.39016	49.5	0.3979414448859942	39.76	125.74	0.0	8     100000  1.2439016E+02  4.95E+01   39.76  125.74*   0.00
fixed	A07_S1_F1	A07	F1	S1	152	9	99999	759.64301	279.0	0.3672777822308929	36.68	115.99	0.0	9      99999  7.5964301E+02  2.79E+02   36.68  115.99*   0.00
fixed	A07_S1_F1	A07	F1	S1	153	10	100000	4783.2145	2390.0	0.4996639811992542	49.96	157.97	0.0	10     100000  4.7832145E+03  2.39E+03   49.96  157.97    0.00
fixed	A07_S1_F1	A07	F1	S1	155	10	999976	12.275031	0.0851	0.006932772715604546	0.69	6.93	0.0	10     999976  1.2275031E+01  8.51E-02    0.69    6.93    0.00    2.18  10
fixed	A07_S1_F1	A07	F1	S1	158	11	578183	3145.2999	709.0	0.22541570678204645	22.53	171.35	0.0	11     578183  3.1452999E+03  7.09E+02   22.53  171.35    0.00
fixed	A07_S1_F1	A07	F1	S1	160	11	578183	3145.2999	709.0	0.22541570678204645	22.53	171.35	0.0	11     578183  3.1452999E+03  7.09E+02   22.53  171.35    0.00
fixed	A07_S1_F2	A07	F2	S1	144	1	99998	13.040086	1.5	0.11502991621374276	11.51	36.41	2.99	1      99998  1.3040086E+01  1.50E+00   11.51   36.41*   2.99
fixed	A07_S1_F2	A07	F2	S1	145	2	99992	12.454194	0.269	0.021599149651916456	2.16	6.83	1.23	2      99992  1.2454194E+01  2.69E-01    2.16    6.83*   1.23
fixed	A07_S1_F2	A07	F2	S1	146	3	99994	12.203012	0.126	0.010325319683369975	1.03	3.26	3.05	3      99994  1.2203012E+01  1.26E-01    1.03    3.26*   3.05
fixed	A07_S1_F2	A07	F2	S1	147	4	99996	12.46947	0.465	0.03729107973314023	3.73	11.8	2.0	4      99996  1.2469470E+01  4.65E-01    3.73   11.80    2.00
fixed	A07_S1_F2	A07	F2	S1	148	5	99999	12.288799	0.134	0.010904238892669659	1.09	3.44	1.54	5      99999  1.2288799E+01  1.34E-01    1.09    3.44*   1.54
fixed	A07_S1_F2	A07	F2	S1	149	6	99998	173.36762	160.0	0.9228943674718497	92.52	292.57	0.01	6      99998  1.7336762E+02  1.60E+02   92.52  292.57    0.01
fixed	A07_S1_F2	A07	F2	S1	150	7	100000	85.607231	70.1	0.8188560613530415	81.85	258.83	0.0	7     100000  8.5607231E+01  7.01E+01   81.85  258.83*   0.00
fixed	A07_S1_F2	A07	F2	S1	151	8	100000	124.39016	49.5	0.3979414448859942	39.76	125.74	0.0	8     100000  1.2439016E+02  4.95E+01   39.76  125.74*   0.00
fixed	A07_S1_F2	A07	F2	S1	152	9	99999	759.64301	279.0	0.3672777822308929	36.68	115.99	0.0	9      99999  7.5964301E+02  2.79E+02   36.68  115.99*   0.00
fixed	A07_S1_F2	A07	F2	S1	153	10	100000	4783.2145	2390.0	0.4996639811992542	49.96	157.97	0.0	10     100000  4.7832145E+03  2.39E+03   49.96  157.97    0.00
fixed	A07_S1_F2	A07	F2	S1	155	10	999976	12.275031	0.0851	0.006932772715604546	0.69	6.93	0.0	10     999976  1.2275031E+01  8.51E-02    0.69    6.93    0.00    2.18  10
fixed	A07_S1_F2	A07	F2	S1	158	11	1949115	5499.0646	930.0	0.16911967173471648	16.9	236.0	0.0	11    1949115  5.4990646E+03  9.30E+02   16.90  236.00    0.00
fixed	A07_S1_F2	A07	F2	S1	160	11	1949115	5499.0646	930.0	0.16911967173471648	16.9	236.0	0.0	11    1949115  5.4990646E+03  9.30E+02   16.90  236.00    0.00
adaptive	A07_S2	A07		S2	148	1	100019	12.293927	1.41	0.11469077374544358	11.47	36.27	3.24	1     100019  1.2293927E+01  1.41E+00   11.47   36.27*   3.24
adaptive	A07_S2	A07		S2	149	2	100021	12.443046	0.233	0.018725318543385598	1.88	5.93	1.13	2     100021  1.2443046E+01  2.33E-01    1.88    5.93*   1.13
adaptive	A07_S2	A07		S2	150	3	100004	12.31257	0.107	0.008690305923133839	0.87	2.74	2.96	3     100004  1.2312570E+01  1.07E-01    0.87    2.74*   2.96
adaptive	A07_S2	A07		S2	151	4	99997	12.202138	0.0847	0.006941406497779324	0.69	2.2	4.35	4      99997  1.2202138E+01  8.47E-02    0.69    2.20*   4.35
adaptive	A07_S2	A07		S2	152	5	100005	12.059645	0.0742	0.0061527515942633474	0.62	1.95	5.34	5     100005  1.2059645E+01  7.42E-02    0.62    1.95*   5.34
adaptive	A07_S2	A07		S2	153	6	100009	12.197503	0.0906	0.007427749761570053	0.74	2.35	6.72	6     100009  1.2197503E+01  9.06E-02    0.74    2.35    6.72
adaptive	A07_S2	A07		S2	154	7	100003	12.131138	0.0742	0.006116491297024237	0.61	1.93	5.72	7     100003  1.2131138E+01  7.42E-02    0.61    1.93*   5.72
adaptive	A07_S2	A07		S2	155	8	100001	12.229516	0.0641	0.005241417567138389	0.52	1.66	7.85	8     100001  1.2229516E+01  6.41E-02    0.52    1.66*   7.85
adaptive	A07_S2	A07		S2	156	9	99999	12.690137	0.37	0.029156501620116473	2.92	9.22	1.78	9      99999  1.2690137E+01  3.70E-01    2.92    9.22    1.78
adaptive	A07_S2	A07		S2	157	10	100001	12.109893	0.0822	0.006787838670415998	0.68	2.15	7.07	10     100001  1.2109893E+01  8.22E-02    0.68    2.15*   7.07
adaptive	A07_S2	A07		S2	159	10	1000059	12.176815	0.0298	0.0024472737739712727	0.24	2.44	7.07	10    1000059  1.2176815E+01  2.98E-02    0.24    2.44    7.07    1.02  10
fixed	A07_S2_F0	A07	F0	S2	144	1	100019	12.293927	1.41	0.11469077374544358	11.47	36.27	3.24	1     100019  1.2293927E+01  1.41E+00   11.47   36.27*   3.24
fixed	A07_S2_F0	A07	F0	S2	145	2	100021	12.443046	0.233	0.018725318543385598	1.88	5.93	1.13	2     100021  1.2443046E+01  2.33E-01    1.88    5.93*   1.13
fixed	A07_S2_F0	A07	F0	S2	146	3	100004	12.31257	0.107	0.008690305923133839	0.87	2.74	2.96	3     100004  1.2312570E+01  1.07E-01    0.87    2.74*   2.96
fixed	A07_S2_F0	A07	F0	S2	147	4	99997	12.202138	0.0847	0.006941406497779324	0.69	2.2	4.35	4      99997  1.2202138E+01  8.47E-02    0.69    2.20*   4.35
fixed	A07_S2_F0	A07	F0	S2	148	5	100005	12.059645	0.0742	0.0061527515942633474	0.62	1.95	5.34	5     100005  1.2059645E+01  7.42E-02    0.62    1.95*   5.34
fixed	A07_S2_F0	A07	F0	S2	149	6	100009	12.197503	0.0906	0.007427749761570053	0.74	2.35	6.72	6     100009  1.2197503E+01  9.06E-02    0.74    2.35    6.72
fixed	A07_S2_F0	A07	F0	S2	150	7	100003	12.131138	0.0742	0.006116491297024237	0.61	1.93	5.72	7     100003  1.2131138E+01  7.42E-02    0.61    1.93*   5.72
fixed	A07_S2_F0	A07	F0	S2	151	8	100001	12.229516	0.0641	0.005241417567138389	0.52	1.66	7.85	8     100001  1.2229516E+01  6.41E-02    0.52    1.66*   7.85
fixed	A07_S2_F0	A07	F0	S2	152	9	99999	12.690137	0.37	0.029156501620116473	2.92	9.22	1.78	9      99999  1.2690137E+01  3.70E-01    2.92    9.22    1.78
fixed	A07_S2_F0	A07	F0	S2	153	10	100001	12.109893	0.0822	0.006787838670415998	0.68	2.15	7.07	10     100001  1.2109893E+01  8.22E-02    0.68    2.15*   7.07
fixed	A07_S2_F0	A07	F0	S2	155	10	1000059	12.176815	0.0298	0.0024472737739712727	0.24	2.44	7.07	10    1000059  1.2176815E+01  2.98E-02    0.24    2.44    7.07    1.02  10
fixed	A07_S2_F0	A07	F0	S2	158	11	199999	12.192293	0.103	0.008447959707005072	0.84	3.77	3.48	11     199999  1.2192293E+01  1.03E-01    0.84    3.77    3.48
fixed	A07_S2_F0	A07	F0	S2	159	12	199999	12.139307	0.111	0.009143849809548436	0.92	4.11	3.45	12     199999  1.2139307E+01  1.11E-01    0.92    4.11    3.45
fixed	A07_S2_F0	A07	F0	S2	160	13	199999	12.294816	0.125	0.010166886596757527	1.02	4.55	3.7	13     199999  1.2294816E+01  1.25E-01    1.02    4.55    3.70
fixed	A07_S2_F0	A07	F0	S2	162	13	599997	12.201874	0.0647	0.005302464195253941	0.53	4.1	3.7	13     599997  1.2201874E+01  6.47E-02    0.53    4.10    3.70    0.44   3
fixed	A07_S2_F1	A07	F1	S2	144	1	100019	12.293927	1.41	0.11469077374544358	11.47	36.27	3.24	1     100019  1.2293927E+01  1.41E+00   11.47   36.27*   3.24
fixed	A07_S2_F1	A07	F1	S2	145	2	100021	12.443046	0.233	0.018725318543385598	1.88	5.93	1.13	2     100021  1.2443046E+01  2.33E-01    1.88    5.93*   1.13
fixed	A07_S2_F1	A07	F1	S2	146	3	100004	12.31257	0.107	0.008690305923133839	0.87	2.74	2.96	3     100004  1.2312570E+01  1.07E-01    0.87    2.74*   2.96
fixed	A07_S2_F1	A07	F1	S2	147	4	99997	12.202138	0.0847	0.006941406497779324	0.69	2.2	4.35	4      99997  1.2202138E+01  8.47E-02    0.69    2.20*   4.35
fixed	A07_S2_F1	A07	F1	S2	148	5	100005	12.059645	0.0742	0.0061527515942633474	0.62	1.95	5.34	5     100005  1.2059645E+01  7.42E-02    0.62    1.95*   5.34
fixed	A07_S2_F1	A07	F1	S2	149	6	100009	12.197503	0.0906	0.007427749761570053	0.74	2.35	6.72	6     100009  1.2197503E+01  9.06E-02    0.74    2.35    6.72
fixed	A07_S2_F1	A07	F1	S2	150	7	100003	12.131138	0.0742	0.006116491297024237	0.61	1.93	5.72	7     100003  1.2131138E+01  7.42E-02    0.61    1.93*   5.72
fixed	A07_S2_F1	A07	F1	S2	151	8	100001	12.229516	0.0641	0.005241417567138389	0.52	1.66	7.85	8     100001  1.2229516E+01  6.41E-02    0.52    1.66*   7.85
fixed	A07_S2_F1	A07	F1	S2	152	9	99999	12.690137	0.37	0.029156501620116473	2.92	9.22	1.78	9      99999  1.2690137E+01  3.70E-01    2.92    9.22    1.78
fixed	A07_S2_F1	A07	F1	S2	153	10	100001	12.109893	0.0822	0.006787838670415998	0.68	2.15	7.07	10     100001  1.2109893E+01  8.22E-02    0.68    2.15*   7.07
fixed	A07_S2_F1	A07	F1	S2	155	10	1000059	12.176815	0.0298	0.0024472737739712727	0.24	2.44	7.07	10    1000059  1.2176815E+01  2.98E-02    0.24    2.44    7.07    1.02  10
fixed	A07_S2_F1	A07	F1	S2	158	11	600002	12.450178	0.239	0.019196512692428978	1.92	14.85	0.91	11     600002  1.2450178E+01  2.39E-01    1.92   14.85    0.91
fixed	A07_S2_F1	A07	F1	S2	160	11	600002	12.450178	0.239	0.019196512692428978	1.92	14.85	0.91	11     600002  1.2450178E+01  2.39E-01    1.92   14.85    0.91
fixed	A07_S2_F2	A07	F2	S2	144	1	100019	12.293927	1.41	0.11469077374544358	11.47	36.27	3.24	1     100019  1.2293927E+01  1.41E+00   11.47   36.27*   3.24
fixed	A07_S2_F2	A07	F2	S2	145	2	100021	12.443046	0.233	0.018725318543385598	1.88	5.93	1.13	2     100021  1.2443046E+01  2.33E-01    1.88    5.93*   1.13
fixed	A07_S2_F2	A07	F2	S2	146	3	100004	12.31257	0.107	0.008690305923133839	0.87	2.74	2.96	3     100004  1.2312570E+01  1.07E-01    0.87    2.74*   2.96
fixed	A07_S2_F2	A07	F2	S2	147	4	99997	12.202138	0.0847	0.006941406497779324	0.69	2.2	4.35	4      99997  1.2202138E+01  8.47E-02    0.69    2.20*   4.35
fixed	A07_S2_F2	A07	F2	S2	148	5	100005	12.059645	0.0742	0.0061527515942633474	0.62	1.95	5.34	5     100005  1.2059645E+01  7.42E-02    0.62    1.95*   5.34
fixed	A07_S2_F2	A07	F2	S2	149	6	100009	12.197503	0.0906	0.007427749761570053	0.74	2.35	6.72	6     100009  1.2197503E+01  9.06E-02    0.74    2.35    6.72
fixed	A07_S2_F2	A07	F2	S2	150	7	100003	12.131138	0.0742	0.006116491297024237	0.61	1.93	5.72	7     100003  1.2131138E+01  7.42E-02    0.61    1.93*   5.72
fixed	A07_S2_F2	A07	F2	S2	151	8	100001	12.229516	0.0641	0.005241417567138389	0.52	1.66	7.85	8     100001  1.2229516E+01  6.41E-02    0.52    1.66*   7.85
fixed	A07_S2_F2	A07	F2	S2	152	9	99999	12.690137	0.37	0.029156501620116473	2.92	9.22	1.78	9      99999  1.2690137E+01  3.70E-01    2.92    9.22    1.78
fixed	A07_S2_F2	A07	F2	S2	153	10	100001	12.109893	0.0822	0.006787838670415998	0.68	2.15	7.07	10     100001  1.2109893E+01  8.22E-02    0.68    2.15*   7.07
fixed	A07_S2_F2	A07	F2	S2	155	10	1000059	12.176815	0.0298	0.0024472737739712727	0.24	2.44	7.07	10    1000059  1.2176815E+01  2.98E-02    0.24    2.44    7.07    1.02  10
fixed	A07_S2_F2	A07	F2	S2	158	11	1999999	12.284082	0.0804	0.006545055625646263	0.65	9.26	0.47	11    1999999  1.2284082E+01  8.04E-02    0.65    9.26    0.47
fixed	A07_S2_F2	A07	F2	S2	160	11	1999999	12.284082	0.0804	0.006545055625646263	0.65	9.26	0.47	11    1999999  1.2284082E+01  8.04E-02    0.65    9.26    0.47
adaptive	A07_S3	A07		S3	148	1	100002	11.119445	1.48	0.13310016821882745	13.34	42.18	3.35	1     100002  1.1119445E+01  1.48E+00   13.34   42.18*   3.35
adaptive	A07_S3	A07		S3	149	2	99998	12.219772	0.236	0.019312962631381336	1.93	6.1	1.13	2      99998  1.2219772E+01  2.36E-01    1.93    6.10*   1.13
adaptive	A07_S3	A07		S3	150	3	99998	12.09179	0.12	0.009924088989305966	0.99	3.13	2.61	3      99998  1.2091790E+01  1.20E-01    0.99    3.13*   2.61
adaptive	A07_S3	A07		S3	151	4	99992	12.30681	0.0986	0.008011824347657922	0.8	2.53	4.43	4      99992  1.2306810E+01  9.86E-02    0.80    2.53*   4.43
adaptive	A07_S3	A07		S3	152	5	99992	12.269855	0.11	0.008965061119304181	0.89	2.82	5.64	5      99992  1.2269855E+01  1.10E-01    0.89    2.82    5.64
adaptive	A07_S3	A07		S3	153	6	100000	13.163479	1.04	0.07900646933838691	7.92	25.04	0.82	6     100000  1.3163479E+01  1.04E+00    7.92   25.04    0.82
adaptive	A07_S3	A07		S3	154	7	100007	21.789115	9.65	0.44288168656689364	44.28	140.04	0.01	7     100007  2.1789115E+01  9.65E+00   44.28  140.04    0.01
adaptive	A07_S3	A07		S3	155	8	100007	15.280006	1.81	0.11845545086827845	11.84	37.43	0.02	8     100007  1.5280006E+01  1.81E+00   11.84   37.43*   0.02
adaptive	A07_S3	A07		S3	156	9	99999	29.638413	4.43	0.14946819183604734	14.96	47.31	0.02	9      99999  2.9638413E+01  4.43E+00   14.96   47.31    0.02
adaptive	A07_S3	A07		S3	157	10	99996	2719.9637	2260.0	0.8308934417029169	83.02	262.53	0.0	10      99996  2.7199637E+03  2.26E+03   83.02  262.53    0.00
adaptive	A07_S3	A07		S3	159	10	999991	12.243365	0.0602	0.004916948894360332	0.49	4.92	0.0	10     999991  1.2243365E+01  6.02E-02    0.49    4.92    0.00    2.67  10
fixed	A07_S3_F0	A07	F0	S3	144	1	100002	11.119445	1.48	0.13310016821882745	13.34	42.18	3.35	1     100002  1.1119445E+01  1.48E+00   13.34   42.18*   3.35
fixed	A07_S3_F0	A07	F0	S3	145	2	99998	12.219772	0.236	0.019312962631381336	1.93	6.1	1.13	2      99998  1.2219772E+01  2.36E-01    1.93    6.10*   1.13
fixed	A07_S3_F0	A07	F0	S3	146	3	99998	12.09179	0.12	0.009924088989305966	0.99	3.13	2.61	3      99998  1.2091790E+01  1.20E-01    0.99    3.13*   2.61
fixed	A07_S3_F0	A07	F0	S3	147	4	99992	12.30681	0.0986	0.008011824347657922	0.8	2.53	4.43	4      99992  1.2306810E+01  9.86E-02    0.80    2.53*   4.43
fixed	A07_S3_F0	A07	F0	S3	148	5	99992	12.269855	0.11	0.008965061119304181	0.89	2.82	5.64	5      99992  1.2269855E+01  1.10E-01    0.89    2.82    5.64
fixed	A07_S3_F0	A07	F0	S3	149	6	100000	13.163479	1.04	0.07900646933838691	7.92	25.04	0.82	6     100000  1.3163479E+01  1.04E+00    7.92   25.04    0.82
fixed	A07_S3_F0	A07	F0	S3	150	7	100007	21.789115	9.65	0.44288168656689364	44.28	140.04	0.01	7     100007  2.1789115E+01  9.65E+00   44.28  140.04    0.01
fixed	A07_S3_F0	A07	F0	S3	151	8	100007	15.280006	1.81	0.11845545086827845	11.84	37.43	0.02	8     100007  1.5280006E+01  1.81E+00   11.84   37.43*   0.02
fixed	A07_S3_F0	A07	F0	S3	152	9	99999	29.638413	4.43	0.14946819183604734	14.96	47.31	0.02	9      99999  2.9638413E+01  4.43E+00   14.96   47.31    0.02
fixed	A07_S3_F0	A07	F0	S3	153	10	99996	2719.9637	2260.0	0.8308934417029169	83.02	262.53	0.0	10      99996  2.7199637E+03  2.26E+03   83.02  262.53    0.00
fixed	A07_S3_F0	A07	F0	S3	155	10	999991	12.243365	0.0602	0.004916948894360332	0.49	4.92	0.0	10     999991  1.2243365E+01  6.02E-02    0.49    4.92    0.00    2.67  10
fixed	A07_S3_F0	A07	F0	S3	158	11	149596	520.28559	128.0	0.24601872982874656	24.67	95.41	0.0	11     149596  5.2028559E+02  1.28E+02   24.67   95.41*   0.00
fixed	A07_S3_F0	A07	F0	S3	159	12	149596	655.12175	167.0	0.2549144491081238	25.45	98.43	0.0	12     149596  6.5512175E+02  1.67E+02   25.45   98.43    0.00
fixed	A07_S3_F0	A07	F0	S3	160	13	149596	524.92593	137.0	0.26098920280047894	26.09	100.93	0.0	13     149596  5.2492593E+02  1.37E+02   26.09  100.93    0.00
fixed	A07_S3_F0	A07	F0	S3	162	13	448788	554.28004	81.7	0.14739841615079627	14.73	98.69	0.0	13     448788  5.5428004E+02  8.17E+01   14.73   98.69    0.00    0.24   3
fixed	A07_S3_F1	A07	F1	S3	144	1	100002	11.119445	1.48	0.13310016821882745	13.34	42.18	3.35	1     100002  1.1119445E+01  1.48E+00   13.34   42.18*   3.35
fixed	A07_S3_F1	A07	F1	S3	145	2	99998	12.219772	0.236	0.019312962631381336	1.93	6.1	1.13	2      99998  1.2219772E+01  2.36E-01    1.93    6.10*   1.13
fixed	A07_S3_F1	A07	F1	S3	146	3	99998	12.09179	0.12	0.009924088989305966	0.99	3.13	2.61	3      99998  1.2091790E+01  1.20E-01    0.99    3.13*   2.61
fixed	A07_S3_F1	A07	F1	S3	147	4	99992	12.30681	0.0986	0.008011824347657922	0.8	2.53	4.43	4      99992  1.2306810E+01  9.86E-02    0.80    2.53*   4.43
fixed	A07_S3_F1	A07	F1	S3	148	5	99992	12.269855	0.11	0.008965061119304181	0.89	2.82	5.64	5      99992  1.2269855E+01  1.10E-01    0.89    2.82    5.64
fixed	A07_S3_F1	A07	F1	S3	149	6	100000	13.163479	1.04	0.07900646933838691	7.92	25.04	0.82	6     100000  1.3163479E+01  1.04E+00    7.92   25.04    0.82
fixed	A07_S3_F1	A07	F1	S3	150	7	100007	21.789115	9.65	0.44288168656689364	44.28	140.04	0.01	7     100007  2.1789115E+01  9.65E+00   44.28  140.04    0.01
fixed	A07_S3_F1	A07	F1	S3	151	8	100007	15.280006	1.81	0.11845545086827845	11.84	37.43	0.02	8     100007  1.5280006E+01  1.81E+00   11.84   37.43*   0.02
fixed	A07_S3_F1	A07	F1	S3	152	9	99999	29.638413	4.43	0.14946819183604734	14.96	47.31	0.02	9      99999  2.9638413E+01  4.43E+00   14.96   47.31    0.02
fixed	A07_S3_F1	A07	F1	S3	153	10	99996	2719.9637	2260.0	0.8308934417029169	83.02	262.53	0.0	10      99996  2.7199637E+03  2.26E+03   83.02  262.53    0.00
fixed	A07_S3_F1	A07	F1	S3	155	10	999991	12.243365	0.0602	0.004916948894360332	0.49	4.92	0.0	10     999991  1.2243365E+01  6.02E-02    0.49    4.92    0.00    2.67  10
fixed	A07_S3_F1	A07	F1	S3	158	11	579868	2251.614	1280.0	0.5684810984476024	56.82	432.67	0.0	11     579868  2.2516140E+03  1.28E+03   56.82  432.67    0.00
fixed	A07_S3_F1	A07	F1	S3	160	11	579868	2251.614	1280.0	0.5684810984476024	56.82	432.67	0.0	11     579868  2.2516140E+03  1.28E+03   56.82  432.67    0.00
fixed	A07_S3_F2	A07	F2	S3	144	1	100002	11.119445	1.48	0.13310016821882745	13.34	42.18	3.35	1     100002  1.1119445E+01  1.48E+00   13.34   42.18*   3.35
fixed	A07_S3_F2	A07	F2	S3	145	2	99998	12.219772	0.236	0.019312962631381336	1.93	6.1	1.13	2      99998  1.2219772E+01  2.36E-01    1.93    6.10*   1.13
fixed	A07_S3_F2	A07	F2	S3	146	3	99998	12.09179	0.12	0.009924088989305966	0.99	3.13	2.61	3      99998  1.2091790E+01  1.20E-01    0.99    3.13*   2.61
fixed	A07_S3_F2	A07	F2	S3	147	4	99992	12.30681	0.0986	0.008011824347657922	0.8	2.53	4.43	4      99992  1.2306810E+01  9.86E-02    0.80    2.53*   4.43
fixed	A07_S3_F2	A07	F2	S3	148	5	99992	12.269855	0.11	0.008965061119304181	0.89	2.82	5.64	5      99992  1.2269855E+01  1.10E-01    0.89    2.82    5.64
fixed	A07_S3_F2	A07	F2	S3	149	6	100000	13.163479	1.04	0.07900646933838691	7.92	25.04	0.82	6     100000  1.3163479E+01  1.04E+00    7.92   25.04    0.82
fixed	A07_S3_F2	A07	F2	S3	150	7	100007	21.789115	9.65	0.44288168656689364	44.28	140.04	0.01	7     100007  2.1789115E+01  9.65E+00   44.28  140.04    0.01
fixed	A07_S3_F2	A07	F2	S3	151	8	100007	15.280006	1.81	0.11845545086827845	11.84	37.43	0.02	8     100007  1.5280006E+01  1.81E+00   11.84   37.43*   0.02
fixed	A07_S3_F2	A07	F2	S3	152	9	99999	29.638413	4.43	0.14946819183604734	14.96	47.31	0.02	9      99999  2.9638413E+01  4.43E+00   14.96   47.31    0.02
fixed	A07_S3_F2	A07	F2	S3	153	10	99996	2719.9637	2260.0	0.8308934417029169	83.02	262.53	0.0	10      99996  2.7199637E+03  2.26E+03   83.02  262.53    0.00
fixed	A07_S3_F2	A07	F2	S3	155	10	999991	12.243365	0.0602	0.004916948894360332	0.49	4.92	0.0	10     999991  1.2243365E+01  6.02E-02    0.49    4.92    0.00    2.67  10
fixed	A07_S3_F2	A07	F2	S3	158	11	1954740	3997.4693	2100.0	0.5253323646538073	52.52	734.31	0.0	11    1954740  3.9974693E+03  2.10E+03   52.52  734.31    0.00
fixed	A07_S3_F2	A07	F2	S3	160	11	1954740	3997.4693	2100.0	0.5253323646538073	52.52	734.31	0.0	11    1954740  3.9974693E+03  2.10E+03   52.52  734.31    0.00
adaptive	A07_S4	A07		S4	148	1	99999	12.501869	1.48	0.11838229947858196	11.85	37.47	3.71	1      99999  1.2501869E+01  1.48E+00   11.85   37.47*   3.71
adaptive	A07_S4	A07		S4	149	2	99979	12.389828	0.21	0.016949387836538165	1.69	5.35	1.79	2      99979  1.2389828E+01  2.10E-01    1.69    5.35*   1.79
adaptive	A07_S4	A07		S4	150	3	100017	12.107594	0.117	0.009663356732972712	0.97	3.06	3.96	3     100017  1.2107594E+01  1.17E-01    0.97    3.06*   3.96
adaptive	A07_S4	A07		S4	151	4	99997	12.070674	0.0871	0.007215835669159816	0.72	2.28	4.97	4      99997  1.2070674E+01  8.71E-02    0.72    2.28*   4.97
adaptive	A07_S4	A07		S4	152	5	100009	12.426131	0.188	0.015129407536424652	1.51	4.78	5.41	5     100009  1.2426131E+01  1.88E-01    1.51    4.78    5.41
adaptive	A07_S4	A07		S4	153	6	100007	12.157283	0.1	0.008225522100620674	0.82	2.61	4.94	6     100007  1.2157283E+01  1.00E-01    0.82    2.61*   4.94
adaptive	A07_S4	A07		S4	154	7	99989	12.091845	0.0702	0.005805565651891833	0.58	1.84	6.29	7      99989  1.2091845E+01  7.02E-02    0.58    1.84*   6.29
adaptive	A07_S4	A07		S4	155	8	99991	12.918761	0.748	0.05790028935437384	5.79	18.31	2.31	8      99991  1.2918761E+01  7.48E-01    5.79   18.31    2.31
adaptive	A07_S4	A07		S4	156	9	100006	13.339746	1.07	0.08021142231643691	7.99	25.28	1.0	9     100006  1.3339746E+01  1.07E+00    7.99   25.28    1.00
adaptive	A07_S4	A07		S4	157	10	99996	12.166192	0.131	0.010767543369363232	1.08	3.4	0.93	10      99996  1.2166192E+01  1.31E-01    1.08    3.40*   0.93
adaptive	A07_S4	A07		S4	159	10	999990	12.137393	0.0402	0.0033120786317127576	0.33	3.31	0.93	10     999990  1.2137393E+01  4.02E-02    0.33    3.31    0.93    0.82  10
fixed	A07_S4_F0	A07	F0	S4	144	1	99999	12.501869	1.48	0.11838229947858196	11.85	37.47	3.71	1      99999  1.2501869E+01  1.48E+00   11.85   37.47*   3.71
fixed	A07_S4_F0	A07	F0	S4	145	2	99979	12.389828	0.21	0.016949387836538165	1.69	5.35	1.79	2      99979  1.2389828E+01  2.10E-01    1.69    5.35*   1.79
fixed	A07_S4_F0	A07	F0	S4	146	3	100017	12.107594	0.117	0.009663356732972712	0.97	3.06	3.96	3     100017  1.2107594E+01  1.17E-01    0.97    3.06*   3.96
fixed	A07_S4_F0	A07	F0	S4	147	4	99997	12.070674	0.0871	0.007215835669159816	0.72	2.28	4.97	4      99997  1.2070674E+01  8.71E-02    0.72    2.28*   4.97
fixed	A07_S4_F0	A07	F0	S4	148	5	100009	12.426131	0.188	0.015129407536424652	1.51	4.78	5.41	5     100009  1.2426131E+01  1.88E-01    1.51    4.78    5.41
fixed	A07_S4_F0	A07	F0	S4	149	6	100007	12.157283	0.1	0.008225522100620674	0.82	2.61	4.94	6     100007  1.2157283E+01  1.00E-01    0.82    2.61*   4.94
fixed	A07_S4_F0	A07	F0	S4	150	7	99989	12.091845	0.0702	0.005805565651891833	0.58	1.84	6.29	7      99989  1.2091845E+01  7.02E-02    0.58    1.84*   6.29
fixed	A07_S4_F0	A07	F0	S4	151	8	99991	12.918761	0.748	0.05790028935437384	5.79	18.31	2.31	8      99991  1.2918761E+01  7.48E-01    5.79   18.31    2.31
fixed	A07_S4_F0	A07	F0	S4	152	9	100006	13.339746	1.07	0.08021142231643691	7.99	25.28	1.0	9     100006  1.3339746E+01  1.07E+00    7.99   25.28    1.00
fixed	A07_S4_F0	A07	F0	S4	153	10	99996	12.166192	0.131	0.010767543369363232	1.08	3.4	0.93	10      99996  1.2166192E+01  1.31E-01    1.08    3.40*   0.93
fixed	A07_S4_F0	A07	F0	S4	155	10	999990	12.137393	0.0402	0.0033120786317127576	0.33	3.31	0.93	10     999990  1.2137393E+01  4.02E-02    0.33    3.31    0.93    0.82  10
fixed	A07_S4_F0	A07	F0	S4	158	11	200005	103.0023	89.5	0.8689126359314306	86.92	388.71	0.0	11     200005  1.0300230E+02  8.95E+01   86.92  388.71    0.00
fixed	A07_S4_F0	A07	F0	S4	159	12	200005	14.127915	1.05	0.07432094544736431	7.42	33.16	0.04	12     200005  1.4127915E+01  1.05E+00    7.42   33.16*   0.04
fixed	A07_S4_F0	A07	F0	S4	160	13	200005	16.376671	3.12	0.1905149098983548	19.03	85.11	0.02	13     200005  1.6376671E+01  3.12E+00   19.03   85.11    0.02
fixed	A07_S4_F0	A07	F0	S4	162	13	600015	14.367092	0.993	0.06911628323950317	6.91	53.54	0.02	13     600015  1.4367092E+01  9.93E-01    6.91   53.54    0.02    0.72   3
fixed	A07_S4_F1	A07	F1	S4	144	1	99999	12.501869	1.48	0.11838229947858196	11.85	37.47	3.71	1      99999  1.2501869E+01  1.48E+00   11.85   37.47*   3.71
fixed	A07_S4_F1	A07	F1	S4	145	2	99979	12.389828	0.21	0.016949387836538165	1.69	5.35	1.79	2      99979  1.2389828E+01  2.10E-01    1.69    5.35*   1.79
fixed	A07_S4_F1	A07	F1	S4	146	3	100017	12.107594	0.117	0.009663356732972712	0.97	3.06	3.96	3     100017  1.2107594E+01  1.17E-01    0.97    3.06*   3.96
fixed	A07_S4_F1	A07	F1	S4	147	4	99997	12.070674	0.0871	0.007215835669159816	0.72	2.28	4.97	4      99997  1.2070674E+01  8.71E-02    0.72    2.28*   4.97
fixed	A07_S4_F1	A07	F1	S4	148	5	100009	12.426131	0.188	0.015129407536424652	1.51	4.78	5.41	5     100009  1.2426131E+01  1.88E-01    1.51    4.78    5.41
fixed	A07_S4_F1	A07	F1	S4	149	6	100007	12.157283	0.1	0.008225522100620674	0.82	2.61	4.94	6     100007  1.2157283E+01  1.00E-01    0.82    2.61*   4.94
fixed	A07_S4_F1	A07	F1	S4	150	7	99989	12.091845	0.0702	0.005805565651891833	0.58	1.84	6.29	7      99989  1.2091845E+01  7.02E-02    0.58    1.84*   6.29
fixed	A07_S4_F1	A07	F1	S4	151	8	99991	12.918761	0.748	0.05790028935437384	5.79	18.31	2.31	8      99991  1.2918761E+01  7.48E-01    5.79   18.31    2.31
fixed	A07_S4_F1	A07	F1	S4	152	9	100006	13.339746	1.07	0.08021142231643691	7.99	25.28	1.0	9     100006  1.3339746E+01  1.07E+00    7.99   25.28    1.00
fixed	A07_S4_F1	A07	F1	S4	153	10	99996	12.166192	0.131	0.010767543369363232	1.08	3.4	0.93	10      99996  1.2166192E+01  1.31E-01    1.08    3.40*   0.93
fixed	A07_S4_F1	A07	F1	S4	155	10	999990	12.137393	0.0402	0.0033120786317127576	0.33	3.31	0.93	10     999990  1.2137393E+01  4.02E-02    0.33    3.31    0.93    0.82  10
fixed	A07_S4_F1	A07	F1	S4	158	11	599999	52.3277	30.9	0.5905094242628665	58.98	456.86	0.0	11     599999  5.2327700E+01  3.09E+01   58.98  456.86    0.00
fixed	A07_S4_F1	A07	F1	S4	160	11	599999	52.3277	30.9	0.5905094242628665	58.98	456.86	0.0	11     599999  5.2327700E+01  3.09E+01   58.98  456.86    0.00
fixed	A07_S4_F2	A07	F2	S4	144	1	99999	12.501869	1.48	0.11838229947858196	11.85	37.47	3.71	1      99999  1.2501869E+01  1.48E+00   11.85   37.47*   3.71
fixed	A07_S4_F2	A07	F2	S4	145	2	99979	12.389828	0.21	0.016949387836538165	1.69	5.35	1.79	2      99979  1.2389828E+01  2.10E-01    1.69    5.35*   1.79
fixed	A07_S4_F2	A07	F2	S4	146	3	100017	12.107594	0.117	0.009663356732972712	0.97	3.06	3.96	3     100017  1.2107594E+01  1.17E-01    0.97    3.06*   3.96
fixed	A07_S4_F2	A07	F2	S4	147	4	99997	12.070674	0.0871	0.007215835669159816	0.72	2.28	4.97	4      99997  1.2070674E+01  8.71E-02    0.72    2.28*   4.97
fixed	A07_S4_F2	A07	F2	S4	148	5	100009	12.426131	0.188	0.015129407536424652	1.51	4.78	5.41	5     100009  1.2426131E+01  1.88E-01    1.51    4.78    5.41
fixed	A07_S4_F2	A07	F2	S4	149	6	100007	12.157283	0.1	0.008225522100620674	0.82	2.61	4.94	6     100007  1.2157283E+01  1.00E-01    0.82    2.61*   4.94
fixed	A07_S4_F2	A07	F2	S4	150	7	99989	12.091845	0.0702	0.005805565651891833	0.58	1.84	6.29	7      99989  1.2091845E+01  7.02E-02    0.58    1.84*   6.29
fixed	A07_S4_F2	A07	F2	S4	151	8	99991	12.918761	0.748	0.05790028935437384	5.79	18.31	2.31	8      99991  1.2918761E+01  7.48E-01    5.79   18.31    2.31
fixed	A07_S4_F2	A07	F2	S4	152	9	100006	13.339746	1.07	0.08021142231643691	7.99	25.28	1.0	9     100006  1.3339746E+01  1.07E+00    7.99   25.28    1.00
fixed	A07_S4_F2	A07	F2	S4	153	10	99996	12.166192	0.131	0.010767543369363232	1.08	3.4	0.93	10      99996  1.2166192E+01  1.31E-01    1.08    3.40*   0.93
fixed	A07_S4_F2	A07	F2	S4	155	10	999990	12.137393	0.0402	0.0033120786317127576	0.33	3.31	0.93	10     999990  1.2137393E+01  4.02E-02    0.33    3.31    0.93    0.82  10
fixed	A07_S4_F2	A07	F2	S4	158	11	1974915	64.79138	39.4	0.6081055844157046	60.89	855.64	0.0	11    1974915  6.4791380E+01  3.94E+01   60.89  855.64    0.00
fixed	A07_S4_F2	A07	F2	S4	160	11	1974915	64.79138	39.4	0.6081055844157046	60.89	855.64	0.0	11    1974915  6.4791380E+01  3.94E+01   60.89  855.64    0.00
adaptive	A07_S5	A07		S5	148	1	100022	13.089363	1.67	0.12758451270699728	12.8	40.47	3.43	1     100022  1.3089363E+01  1.67E+00   12.80   40.47*   3.43
adaptive	A07_S5	A07		S5	149	2	99988	11.903931	0.202	0.016969184381193072	1.69	5.36	1.74	2      99988  1.1903931E+01  2.02E-01    1.69    5.36*   1.74
adaptive	A07_S5	A07		S5	150	3	99993	12.293837	0.113	0.009191597383306774	0.92	2.91	2.73	3      99993  1.2293837E+01  1.13E-01    0.92    2.91*   2.73
adaptive	A07_S5	A07		S5	151	4	99999	2204.7089	2200.0	0.9978641624751458	99.59	314.92	0.29	4      99999  2.2047089E+03  2.20E+03   99.59  314.92    0.29
adaptive	A07_S5	A07		S5	152	5	100007	12.130913	0.191	0.01574489900306762	1.58	4.99	6.43	5     100007  1.2130913E+01  1.91E-01    1.58    4.99*   6.43
adaptive	A07_S5	A07		S5	153	6	99995	12.173656	0.0766	0.006292275714050077	0.63	1.99	6.17	6      99995  1.2173656E+01  7.66E-02    0.63    1.99*   6.17
adaptive	A07_S5	A07		S5	154	7	100007	12.677126	0.569	0.044883990267194626	4.49	14.21	1.89	7     100007  1.2677126E+01  5.69E-01    4.49   14.21    1.89
adaptive	A07_S5	A07		S5	155	8	99990	12.26688	0.0972	0.0079237752386915	0.79	2.5	3.6	8      99990  1.2266880E+01  9.72E-02    0.79    2.50*   3.60
adaptive	A07_S5	A07		S5	156	9	100000	12.04291	0.0658	0.0054637957105051855	0.55	1.73	6.73	9     100000  1.2042910E+01  6.58E-02    0.55    1.73*   6.73
adaptive	A07_S5	A07		S5	157	10	99999	12.127242	0.081	0.006679177343043043	0.67	2.11	5.18	10      99999  1.2127242E+01  8.10E-02    0.67    2.11    5.18
adaptive	A07_S5	A07		S5	159	10	1000000	12.143513	0.0355	0.002923371515310273	0.29	2.92	5.18	10    1000000  1.2143513E+01  3.55E-02    0.29    2.92    5.18    1.06  10
fixed	A07_S5_F0	A07	F0	S5	144	1	100022	13.089363	1.67	0.12758451270699728	12.8	40.47	3.43	1     100022  1.3089363E+01  1.67E+00   12.80   40.47*   3.43
fixed	A07_S5_F0	A07	F0	S5	145	2	99988	11.903931	0.202	0.016969184381193072	1.69	5.36	1.74	2      99988  1.1903931E+01  2.02E-01    1.69    5.36*   1.74
fixed	A07_S5_F0	A07	F0	S5	146	3	99993	12.293837	0.113	0.009191597383306774	0.92	2.91	2.73	3      99993  1.2293837E+01  1.13E-01    0.92    2.91*   2.73
fixed	A07_S5_F0	A07	F0	S5	147	4	99999	2204.7089	2200.0	0.9978641624751458	99.59	314.92	0.29	4      99999  2.2047089E+03  2.20E+03   99.59  314.92    0.29
fixed	A07_S5_F0	A07	F0	S5	148	5	100007	12.130913	0.191	0.01574489900306762	1.58	4.99	6.43	5     100007  1.2130913E+01  1.91E-01    1.58    4.99*   6.43
fixed	A07_S5_F0	A07	F0	S5	149	6	99995	12.173656	0.0766	0.006292275714050077	0.63	1.99	6.17	6      99995  1.2173656E+01  7.66E-02    0.63    1.99*   6.17
fixed	A07_S5_F0	A07	F0	S5	150	7	100007	12.677126	0.569	0.044883990267194626	4.49	14.21	1.89	7     100007  1.2677126E+01  5.69E-01    4.49   14.21    1.89
fixed	A07_S5_F0	A07	F0	S5	151	8	99990	12.26688	0.0972	0.0079237752386915	0.79	2.5	3.6	8      99990  1.2266880E+01  9.72E-02    0.79    2.50*   3.60
fixed	A07_S5_F0	A07	F0	S5	152	9	100000	12.04291	0.0658	0.0054637957105051855	0.55	1.73	6.73	9     100000  1.2042910E+01  6.58E-02    0.55    1.73*   6.73
fixed	A07_S5_F0	A07	F0	S5	153	10	99999	12.127242	0.081	0.006679177343043043	0.67	2.11	5.18	10      99999  1.2127242E+01  8.10E-02    0.67    2.11    5.18
fixed	A07_S5_F0	A07	F0	S5	155	10	1000000	12.143513	0.0355	0.002923371515310273	0.29	2.92	5.18	10    1000000  1.2143513E+01  3.55E-02    0.29    2.92    5.18    1.06  10
fixed	A07_S5_F0	A07	F0	S5	158	11	199994	12.090447	0.0511	0.0042264773171744605	0.42	1.89	5.07	11     199994  1.2090447E+01  5.11E-02    0.42    1.89*   5.07
fixed	A07_S5_F0	A07	F0	S5	159	12	199994	12.12904	0.0538	0.00443563546661566	0.44	1.98	4.07	12     199994  1.2129040E+01  5.38E-02    0.44    1.98    4.07
fixed	A07_S5_F0	A07	F0	S5	160	13	199994	12.343619	0.202	0.016364730635318542	1.64	7.33	1.32	13     199994  1.2343619E+01  2.02E-01    1.64    7.33    1.32
fixed	A07_S5_F0	A07	F0	S5	162	13	599982	12.116358	0.0364	0.0030042030781857057	0.3	2.33	1.32	13     599982  1.2116358E+01  3.64E-02    0.30    2.33    1.32    0.79   3
fixed	A07_S5_F1	A07	F1	S5	144	1	100022	13.089363	1.67	0.12758451270699728	12.8	40.47	3.43	1     100022  1.3089363E+01  1.67E+00   12.80   40.47*   3.43
fixed	A07_S5_F1	A07	F1	S5	145	2	99988	11.903931	0.202	0.016969184381193072	1.69	5.36	1.74	2      99988  1.1903931E+01  2.02E-01    1.69    5.36*   1.74
fixed	A07_S5_F1	A07	F1	S5	146	3	99993	12.293837	0.113	0.009191597383306774	0.92	2.91	2.73	3      99993  1.2293837E+01  1.13E-01    0.92    2.91*   2.73
fixed	A07_S5_F1	A07	F1	S5	147	4	99999	2204.7089	2200.0	0.9978641624751458	99.59	314.92	0.29	4      99999  2.2047089E+03  2.20E+03   99.59  314.92    0.29
fixed	A07_S5_F1	A07	F1	S5	148	5	100007	12.130913	0.191	0.01574489900306762	1.58	4.99	6.43	5     100007  1.2130913E+01  1.91E-01    1.58    4.99*   6.43
fixed	A07_S5_F1	A07	F1	S5	149	6	99995	12.173656	0.0766	0.006292275714050077	0.63	1.99	6.17	6      99995  1.2173656E+01  7.66E-02    0.63    1.99*   6.17
fixed	A07_S5_F1	A07	F1	S5	150	7	100007	12.677126	0.569	0.044883990267194626	4.49	14.21	1.89	7     100007  1.2677126E+01  5.69E-01    4.49   14.21    1.89
fixed	A07_S5_F1	A07	F1	S5	151	8	99990	12.26688	0.0972	0.0079237752386915	0.79	2.5	3.6	8      99990  1.2266880E+01  9.72E-02    0.79    2.50*   3.60
fixed	A07_S5_F1	A07	F1	S5	152	9	100000	12.04291	0.0658	0.0054637957105051855	0.55	1.73	6.73	9     100000  1.2042910E+01  6.58E-02    0.55    1.73*   6.73
fixed	A07_S5_F1	A07	F1	S5	153	10	99999	12.127242	0.081	0.006679177343043043	0.67	2.11	5.18	10      99999  1.2127242E+01  8.10E-02    0.67    2.11    5.18
fixed	A07_S5_F1	A07	F1	S5	155	10	1000000	12.143513	0.0355	0.002923371515310273	0.29	2.92	5.18	10    1000000  1.2143513E+01  3.55E-02    0.29    2.92    5.18    1.06  10
fixed	A07_S5_F1	A07	F1	S5	158	11	600003	185.26153	171.0	0.9230194741455499	92.39	715.64	0.01	11     600003  1.8526153E+02  1.71E+02   92.39  715.64    0.01
fixed	A07_S5_F1	A07	F1	S5	160	11	600003	185.26153	171.0	0.9230194741455499	92.39	715.64	0.01	11     600003  1.8526153E+02  1.71E+02   92.39  715.64    0.01
fixed	A07_S5_F2	A07	F2	S5	144	1	100022	13.089363	1.67	0.12758451270699728	12.8	40.47	3.43	1     100022  1.3089363E+01  1.67E+00   12.80   40.47*   3.43
fixed	A07_S5_F2	A07	F2	S5	145	2	99988	11.903931	0.202	0.016969184381193072	1.69	5.36	1.74	2      99988  1.1903931E+01  2.02E-01    1.69    5.36*   1.74
fixed	A07_S5_F2	A07	F2	S5	146	3	99993	12.293837	0.113	0.009191597383306774	0.92	2.91	2.73	3      99993  1.2293837E+01  1.13E-01    0.92    2.91*   2.73
fixed	A07_S5_F2	A07	F2	S5	147	4	99999	2204.7089	2200.0	0.9978641624751458	99.59	314.92	0.29	4      99999  2.2047089E+03  2.20E+03   99.59  314.92    0.29
fixed	A07_S5_F2	A07	F2	S5	148	5	100007	12.130913	0.191	0.01574489900306762	1.58	4.99	6.43	5     100007  1.2130913E+01  1.91E-01    1.58    4.99*   6.43
fixed	A07_S5_F2	A07	F2	S5	149	6	99995	12.173656	0.0766	0.006292275714050077	0.63	1.99	6.17	6      99995  1.2173656E+01  7.66E-02    0.63    1.99*   6.17
fixed	A07_S5_F2	A07	F2	S5	150	7	100007	12.677126	0.569	0.044883990267194626	4.49	14.21	1.89	7     100007  1.2677126E+01  5.69E-01    4.49   14.21    1.89
fixed	A07_S5_F2	A07	F2	S5	151	8	99990	12.26688	0.0972	0.0079237752386915	0.79	2.5	3.6	8      99990  1.2266880E+01  9.72E-02    0.79    2.50*   3.60
fixed	A07_S5_F2	A07	F2	S5	152	9	100000	12.04291	0.0658	0.0054637957105051855	0.55	1.73	6.73	9     100000  1.2042910E+01  6.58E-02    0.55    1.73*   6.73
fixed	A07_S5_F2	A07	F2	S5	153	10	99999	12.127242	0.081	0.006679177343043043	0.67	2.11	5.18	10      99999  1.2127242E+01  8.10E-02    0.67    2.11    5.18
fixed	A07_S5_F2	A07	F2	S5	155	10	1000000	12.143513	0.0355	0.002923371515310273	0.29	2.92	5.18	10    1000000  1.2143513E+01  3.55E-02    0.29    2.92    5.18    1.06  10
fixed	A07_S5_F2	A07	F2	S5	158	11	2000001	64.174609	51.3	0.79938157472841	80.01	1131.56	0.0	11    2000001  6.4174609E+01  5.13E+01   80.01 1131.56    0.00
fixed	A07_S5_F2	A07	F2	S5	160	11	2000001	64.174609	51.3	0.79938157472841	80.01	1131.56	0.0	11    2000001  6.4174609E+01  5.13E+01   80.01 1131.56    0.00
adaptive	A07_S6	A07		S6	148	1	99990	12.134832	1.38	0.11372221716790146	11.37	35.96	3.73	1      99990  1.2134832E+01  1.38E+00   11.37   35.96*   3.73
adaptive	A07_S6	A07		S6	149	2	99996	11.941528	0.206	0.017250723692981335	1.72	5.44	1.77	2      99996  1.1941528E+01  2.06E-01    1.72    5.44*   1.77
adaptive	A07_S6	A07		S6	150	3	99998	12.145767	0.107	0.008809653601950376	0.88	2.77	3.1	3      99998  1.2145767E+01  1.07E-01    0.88    2.77*   3.10
adaptive	A07_S6	A07		S6	151	4	100006	12.232084	0.0851	0.006957113767367849	0.7	2.2	5.7	4     100006  1.2232084E+01  8.51E-02    0.70    2.20*   5.70
adaptive	A07_S6	A07		S6	152	5	100006	13.550525	0.998	0.07365028292261738	7.37	23.3	0.65	5     100006  1.3550525E+01  9.98E-01    7.37   23.30    0.65
adaptive	A07_S6	A07		S6	153	6	100003	25.125004	8.83	0.3514427301185703	35.13	111.08	0.02	6     100003  2.5125004E+01  8.83E+00   35.13  111.08    0.02
adaptive	A07_S6	A07		S6	154	7	100006	41.543754	15.1	0.36347220812062386	36.42	115.18	0.01	7     100006  4.1543754E+01  1.51E+01   36.42  115.18    0.01
adaptive	A07_S6	A07		S6	155	8	100003	293.56912	194.0	0.6608324472274195	66.23	209.45	0.0	8     100003  2.9356912E+02  1.94E+02   66.23  209.45    0.00
adaptive	A07_S6	A07		S6	156	9	100001	492.99824	220.0	0.44624905760312655	44.62	141.1	0.0	9     100001  4.9299824E+02  2.20E+02   44.62  141.10*   0.00
adaptive	A07_S6	A07		S6	157	10	99999	878.83693	185.0	0.21050549161606122	21.08	66.67	0.01	10      99999  8.7883693E+02  1.85E+02   21.08   66.67*   0.01
adaptive	A07_S6	A07		S6	159	10	1000008	12.180848	0.0631	0.005180263311716886	0.52	5.18	0.01	10    1000008  1.2180848E+01  6.31E-02    0.52    5.18    0.01    4.26  10
fixed	A07_S6_F0	A07	F0	S6	144	1	99990	12.134832	1.38	0.11372221716790146	11.37	35.96	3.73	1      99990  1.2134832E+01  1.38E+00   11.37   35.96*   3.73
fixed	A07_S6_F0	A07	F0	S6	145	2	99996	11.941528	0.206	0.017250723692981335	1.72	5.44	1.77	2      99996  1.1941528E+01  2.06E-01    1.72    5.44*   1.77
fixed	A07_S6_F0	A07	F0	S6	146	3	99998	12.145767	0.107	0.008809653601950376	0.88	2.77	3.1	3      99998  1.2145767E+01  1.07E-01    0.88    2.77*   3.10
fixed	A07_S6_F0	A07	F0	S6	147	4	100006	12.232084	0.0851	0.006957113767367849	0.7	2.2	5.7	4     100006  1.2232084E+01  8.51E-02    0.70    2.20*   5.70
fixed	A07_S6_F0	A07	F0	S6	148	5	100006	13.550525	0.998	0.07365028292261738	7.37	23.3	0.65	5     100006  1.3550525E+01  9.98E-01    7.37   23.30    0.65
fixed	A07_S6_F0	A07	F0	S6	149	6	100003	25.125004	8.83	0.3514427301185703	35.13	111.08	0.02	6     100003  2.5125004E+01  8.83E+00   35.13  111.08    0.02
fixed	A07_S6_F0	A07	F0	S6	150	7	100006	41.543754	15.1	0.36347220812062386	36.42	115.18	0.01	7     100006  4.1543754E+01  1.51E+01   36.42  115.18    0.01
fixed	A07_S6_F0	A07	F0	S6	151	8	100003	293.56912	194.0	0.6608324472274195	66.23	209.45	0.0	8     100003  2.9356912E+02  1.94E+02   66.23  209.45    0.00
fixed	A07_S6_F0	A07	F0	S6	152	9	100001	492.99824	220.0	0.44624905760312655	44.62	141.1	0.0	9     100001  4.9299824E+02  2.20E+02   44.62  141.10*   0.00
fixed	A07_S6_F0	A07	F0	S6	153	10	99999	878.83693	185.0	0.21050549161606122	21.08	66.67	0.01	10      99999  8.7883693E+02  1.85E+02   21.08   66.67*   0.01
fixed	A07_S6_F0	A07	F0	S6	155	10	1000008	12.180848	0.0631	0.005180263311716886	0.52	5.18	0.01	10    1000008  1.2180848E+01  6.31E-02    0.52    5.18    0.01    4.26  10
fixed	A07_S6_F0	A07	F0	S6	158	11	150594	1838.4844	217.0	0.11803200505807936	11.82	45.88	0.01	11     150594  1.8384844E+03  2.17E+02   11.82   45.88*   0.01
fixed	A07_S6_F0	A07	F0	S6	159	12	150594	1644.7005	249.0	0.15139534523154824	15.11	58.65	0.01	12     150594  1.6447005E+03  2.49E+02   15.11   58.65    0.01
fixed	A07_S6_F0	A07	F0	S6	160	13	150594	1702.677	188.0	0.1104143651438294	11.02	42.75	0.01	13     150594  1.7026770E+03  1.88E+02   11.02   42.75*   0.01
fixed	A07_S6_F0	A07	F0	S6	162	13	451782	1732.1174	123.0	0.07101135292561578	7.12	47.85	0.01	13     451782  1.7321174E+03  1.23E+02    7.12   47.85    0.01    0.19   3
fixed	A07_S6_F1	A07	F1	S6	144	1	99990	12.134832	1.38	0.11372221716790146	11.37	35.96	3.73	1      99990  1.2134832E+01  1.38E+00   11.37   35.96*   3.73
fixed	A07_S6_F1	A07	F1	S6	145	2	99996	11.941528	0.206	0.017250723692981335	1.72	5.44	1.77	2      99996  1.1941528E+01  2.06E-01    1.72    5.44*   1.77
fixed	A07_S6_F1	A07	F1	S6	146	3	99998	12.145767	0.107	0.008809653601950376	0.88	2.77	3.1	3      99998  1.2145767E+01  1.07E-01    0.88    2.77*   3.10
fixed	A07_S6_F1	A07	F1	S6	147	4	100006	12.232084	0.0851	0.006957113767367849	0.7	2.2	5.7	4     100006  1.2232084E+01  8.51E-02    0.70    2.20*   5.70
fixed	A07_S6_F1	A07	F1	S6	148	5	100006	13.550525	0.998	0.07365028292261738	7.37	23.3	0.65	5     100006  1.3550525E+01  9.98E-01    7.37   23.30    0.65
fixed	A07_S6_F1	A07	F1	S6	149	6	100003	25.125004	8.83	0.3514427301185703	35.13	111.08	0.02	6     100003  2.5125004E+01  8.83E+00   35.13  111.08    0.02
fixed	A07_S6_F1	A07	F1	S6	150	7	100006	41.543754	15.1	0.36347220812062386	36.42	115.18	0.01	7     100006  4.1543754E+01  1.51E+01   36.42  115.18    0.01
fixed	A07_S6_F1	A07	F1	S6	151	8	100003	293.56912	194.0	0.6608324472274195	66.23	209.45	0.0	8     100003  2.9356912E+02  1.94E+02   66.23  209.45    0.00
fixed	A07_S6_F1	A07	F1	S6	152	9	100001	492.99824	220.0	0.44624905760312655	44.62	141.1	0.0	9     100001  4.9299824E+02  2.20E+02   44.62  141.10*   0.00
fixed	A07_S6_F1	A07	F1	S6	153	10	99999	878.83693	185.0	0.21050549161606122	21.08	66.67	0.01	10      99999  8.7883693E+02  1.85E+02   21.08   66.67*   0.01
fixed	A07_S6_F1	A07	F1	S6	155	10	1000008	12.180848	0.0631	0.005180263311716886	0.52	5.18	0.01	10    1000008  1.2180848E+01  6.31E-02    0.52    5.18    0.01    4.26  10
fixed	A07_S6_F1	A07	F1	S6	158	11	582852	1801.9754	163.0	0.09045628480832757	9.03	68.91	0.0	11     582852  1.8019754E+03  1.63E+02    9.03   68.91    0.00
fixed	A07_S6_F1	A07	F1	S6	160	11	582852	1801.9754	163.0	0.09045628480832757	9.03	68.91	0.0	11     582852  1.8019754E+03  1.63E+02    9.03   68.91    0.00
fixed	A07_S6_F2	A07	F2	S6	144	1	99990	12.134832	1.38	0.11372221716790146	11.37	35.96	3.73	1      99990  1.2134832E+01  1.38E+00   11.37   35.96*   3.73
fixed	A07_S6_F2	A07	F2	S6	145	2	99996	11.941528	0.206	0.017250723692981335	1.72	5.44	1.77	2      99996  1.1941528E+01  2.06E-01    1.72    5.44*   1.77
fixed	A07_S6_F2	A07	F2	S6	146	3	99998	12.145767	0.107	0.008809653601950376	0.88	2.77	3.1	3      99998  1.2145767E+01  1.07E-01    0.88    2.77*   3.10
fixed	A07_S6_F2	A07	F2	S6	147	4	100006	12.232084	0.0851	0.006957113767367849	0.7	2.2	5.7	4     100006  1.2232084E+01  8.51E-02    0.70    2.20*   5.70
fixed	A07_S6_F2	A07	F2	S6	148	5	100006	13.550525	0.998	0.07365028292261738	7.37	23.3	0.65	5     100006  1.3550525E+01  9.98E-01    7.37   23.30    0.65
fixed	A07_S6_F2	A07	F2	S6	149	6	100003	25.125004	8.83	0.3514427301185703	35.13	111.08	0.02	6     100003  2.5125004E+01  8.83E+00   35.13  111.08    0.02
fixed	A07_S6_F2	A07	F2	S6	150	7	100006	41.543754	15.1	0.36347220812062386	36.42	115.18	0.01	7     100006  4.1543754E+01  1.51E+01   36.42  115.18    0.01
fixed	A07_S6_F2	A07	F2	S6	151	8	100003	293.56912	194.0	0.6608324472274195	66.23	209.45	0.0	8     100003  2.9356912E+02  1.94E+02   66.23  209.45    0.00
fixed	A07_S6_F2	A07	F2	S6	152	9	100001	492.99824	220.0	0.44624905760312655	44.62	141.1	0.0	9     100001  4.9299824E+02  2.20E+02   44.62  141.10*   0.00
fixed	A07_S6_F2	A07	F2	S6	153	10	99999	878.83693	185.0	0.21050549161606122	21.08	66.67	0.01	10      99999  8.7883693E+02  1.85E+02   21.08   66.67*   0.01
fixed	A07_S6_F2	A07	F2	S6	155	10	1000008	12.180848	0.0631	0.005180263311716886	0.52	5.18	0.01	10    1000008  1.2180848E+01  6.31E-02    0.52    5.18    0.01    4.26  10
fixed	A07_S6_F2	A07	F2	S6	158	11	1964682	96278.039	94200.0	0.9784162720638712	97.87	1371.75	0.0	11    1964682  9.6278039E+04  9.42E+04   97.87 1371.75    0.00
fixed	A07_S6_F2	A07	F2	S6	160	11	1964682	96278.039	94200.0	0.9784162720638712	97.87	1371.75	0.0	11    1964682  9.6278039E+04  9.42E+04   97.87 1371.75    0.00
adaptive	A07_S7	A07		S7	148	1	100004	14.120871	1.58	0.11189111493193303	11.18	35.35	3.15	1     100004  1.4120871E+01  1.58E+00   11.18   35.35*   3.15
adaptive	A07_S7	A07		S7	149	2	99998	11.971462	0.204	0.017040525209034617	1.7	5.39	1.56	2      99998  1.1971462E+01  2.04E-01    1.70    5.39*   1.56
adaptive	A07_S7	A07		S7	150	3	99994	12.139513	0.111	0.009143694644093219	0.92	2.9	3.12	3      99994  1.2139513E+01  1.11E-01    0.92    2.90*   3.12
adaptive	A07_S7	A07		S7	151	4	99988	12.234888	0.116	0.009481083929824287	0.95	3.0	1.17	4      99988  1.2234888E+01  1.16E-01    0.95    3.00    1.17
adaptive	A07_S7	A07		S7	152	5	100006	12.119149	0.0927	0.007649051926005696	0.77	2.42	3.17	5     100006  1.2119149E+01  9.27E-02    0.77    2.42*   3.17
adaptive	A07_S7	A07		S7	153	6	100007	14.741291	2.64	0.17908879215531395	17.93	56.69	1.15	6     100007  1.4741291E+01  2.64E+00   17.93   56.69    1.15
adaptive	A07_S7	A07		S7	154	7	100009	12.098861	0.0805	0.006653518872561641	0.67	2.1	5.69	7     100009  1.2098861E+01  8.05E-02    0.67    2.10*   5.69
adaptive	A07_S7	A07		S7	155	8	100008	12.188957	0.0788	0.006464868158940916	0.65	2.04	4.97	8     100008  1.2188957E+01  7.88E-02    0.65    2.04*   4.97
adaptive	A07_S7	A07		S7	156	9	99999	12.204799	0.106	0.008685108210303176	0.87	2.76	3.35	9      99999  1.2204799E+01  1.06E-01    0.87    2.76    3.35
adaptive	A07_S7	A07		S7	157	10	100008	12.238147	0.132	0.010785946597961277	1.08	3.41	2.56	10     100008  1.2238147E+01  1.32E-01    1.08    3.41    2.56
adaptive	A07_S7	A07		S7	159	10	1000021	12.15929	0.0363	0.002985371678774007	0.3	2.99	2.56	10    1000021  1.2159290E+01  3.63E-02    0.30    2.99    2.56    0.58  10
fixed	A07_S7_F0	A07	F0	S7	144	1	100004	14.120871	1.58	0.11189111493193303	11.18	35.35	3.15	1     100004  1.4120871E+01  1.58E+00   11.18   35.35*   3.15
fixed	A07_S7_F0	A07	F0	S7	145	2	99998	11.971462	0.204	0.017040525209034617	1.7	5.39	1.56	2      99998  1.1971462E+01  2.04E-01    1.70    5.39*   1.56
fixed	A07_S7_F0	A07	F0	S7	146	3	99994	12.139513	0.111	0.009143694644093219	0.92	2.9	3.12	3      99994  1.2139513E+01  1.11E-01    0.92    2.90*   3.12
fixed	A07_S7_F0	A07	F0	S7	147	4	99988	12.234888	0.116	0.009481083929824287	0.95	3.0	1.17	4      99988  1.2234888E+01  1.16E-01    0.95    3.00    1.17
fixed	A07_S7_F0	A07	F0	S7	148	5	100006	12.119149	0.0927	0.007649051926005696	0.77	2.42	3.17	5     100006  1.2119149E+01  9.27E-02    0.77    2.42*   3.17
fixed	A07_S7_F0	A07	F0	S7	149	6	100007	14.741291	2.64	0.17908879215531395	17.93	56.69	1.15	6     100007  1.4741291E+01  2.64E+00   17.93   56.69    1.15
fixed	A07_S7_F0	A07	F0	S7	150	7	100009	12.098861	0.0805	0.006653518872561641	0.67	2.1	5.69	7     100009  1.2098861E+01  8.05E-02    0.67    2.10*   5.69
fixed	A07_S7_F0	A07	F0	S7	151	8	100008	12.188957	0.0788	0.006464868158940916	0.65	2.04	4.97	8     100008  1.2188957E+01  7.88E-02    0.65    2.04*   4.97
fixed	A07_S7_F0	A07	F0	S7	152	9	99999	12.204799	0.106	0.008685108210303176	0.87	2.76	3.35	9      99999  1.2204799E+01  1.06E-01    0.87    2.76    3.35
fixed	A07_S7_F0	A07	F0	S7	153	10	100008	12.238147	0.132	0.010785946597961277	1.08	3.41	2.56	10     100008  1.2238147E+01  1.32E-01    1.08    3.41    2.56
fixed	A07_S7_F0	A07	F0	S7	155	10	1000021	12.15929	0.0363	0.002985371678774007	0.3	2.99	2.56	10    1000021  1.2159290E+01  3.63E-02    0.30    2.99    2.56    0.58  10
fixed	A07_S7_F0	A07	F0	S7	158	11	200007	12.399511	0.194	0.015645778289159952	1.57	7.01	3.25	11     200007  1.2399511E+01  1.94E-01    1.57    7.01    3.25
fixed	A07_S7_F0	A07	F0	S7	159	12	200007	12.129216	0.0571	0.004707641450197605	0.47	2.11	2.64	12     200007  1.2129216E+01  5.71E-02    0.47    2.11*   2.64
fixed	A07_S7_F0	A07	F0	S7	160	13	200007	12.096966	0.0494	0.004083668582684287	0.41	1.83	3.81	13     200007  1.2096966E+01  4.94E-02    0.41    1.83*   3.81
fixed	A07_S7_F0	A07	F0	S7	162	13	600021	12.121045	0.0367	0.003027791745678694	0.3	2.34	3.81	13     600021  1.2121045E+01  3.67E-02    0.30    2.34    3.81    1.15   3
fixed	A07_S7_F1	A07	F1	S7	144	1	100004	14.120871	1.58	0.11189111493193303	11.18	35.35	3.15	1     100004  1.4120871E+01  1.58E+00   11.18   35.35*   3.15
fixed	A07_S7_F1	A07	F1	S7	145	2	99998	11.971462	0.204	0.017040525209034617	1.7	5.39	1.56	2      99998  1.1971462E+01  2.04E-01    1.70    5.39*   1.56
fixed	A07_S7_F1	A07	F1	S7	146	3	99994	12.139513	0.111	0.009143694644093219	0.92	2.9	3.12	3      99994  1.2139513E+01  1.11E-01    0.92    2.90*   3.12
fixed	A07_S7_F1	A07	F1	S7	147	4	99988	12.234888	0.116	0.009481083929824287	0.95	3.0	1.17	4      99988  1.2234888E+01  1.16E-01    0.95    3.00    1.17
fixed	A07_S7_F1	A07	F1	S7	148	5	100006	12.119149	0.0927	0.007649051926005696	0.77	2.42	3.17	5     100006  1.2119149E+01  9.27E-02    0.77    2.42*   3.17
fixed	A07_S7_F1	A07	F1	S7	149	6	100007	14.741291	2.64	0.17908879215531395	17.93	56.69	1.15	6     100007  1.4741291E+01  2.64E+00   17.93   56.69    1.15
fixed	A07_S7_F1	A07	F1	S7	150	7	100009	12.098861	0.0805	0.006653518872561641	0.67	2.1	5.69	7     100009  1.2098861E+01  8.05E-02    0.67    2.10*   5.69
fixed	A07_S7_F1	A07	F1	S7	151	8	100008	12.188957	0.0788	0.006464868158940916	0.65	2.04	4.97	8     100008  1.2188957E+01  7.88E-02    0.65    2.04*   4.97
fixed	A07_S7_F1	A07	F1	S7	152	9	99999	12.204799	0.106	0.008685108210303176	0.87	2.76	3.35	9      99999  1.2204799E+01  1.06E-01    0.87    2.76    3.35
fixed	A07_S7_F1	A07	F1	S7	153	10	100008	12.238147	0.132	0.010785946597961277	1.08	3.41	2.56	10     100008  1.2238147E+01  1.32E-01    1.08    3.41    2.56
fixed	A07_S7_F1	A07	F1	S7	155	10	1000021	12.15929	0.0363	0.002985371678774007	0.3	2.99	2.56	10    1000021  1.2159290E+01  3.63E-02    0.30    2.99    2.56    0.58  10
fixed	A07_S7_F1	A07	F1	S7	158	11	600008	13.192889	1.02	0.07731437746501164	7.73	59.88	0.18	11     600008  1.3192889E+01  1.02E+00    7.73   59.88    0.18
fixed	A07_S7_F1	A07	F1	S7	160	11	600008	13.192889	1.02	0.07731437746501164	7.73	59.88	0.18	11     600008  1.3192889E+01  1.02E+00    7.73   59.88    0.18
fixed	A07_S7_F2	A07	F2	S7	144	1	100004	14.120871	1.58	0.11189111493193303	11.18	35.35	3.15	1     100004  1.4120871E+01  1.58E+00   11.18   35.35*   3.15
fixed	A07_S7_F2	A07	F2	S7	145	2	99998	11.971462	0.204	0.017040525209034617	1.7	5.39	1.56	2      99998  1.1971462E+01  2.04E-01    1.70    5.39*   1.56
fixed	A07_S7_F2	A07	F2	S7	146	3	99994	12.139513	0.111	0.009143694644093219	0.92	2.9	3.12	3      99994  1.2139513E+01  1.11E-01    0.92    2.90*   3.12
fixed	A07_S7_F2	A07	F2	S7	147	4	99988	12.234888	0.116	0.009481083929824287	0.95	3.0	1.17	4      99988  1.2234888E+01  1.16E-01    0.95    3.00    1.17
fixed	A07_S7_F2	A07	F2	S7	148	5	100006	12.119149	0.0927	0.007649051926005696	0.77	2.42	3.17	5     100006  1.2119149E+01  9.27E-02    0.77    2.42*   3.17
fixed	A07_S7_F2	A07	F2	S7	149	6	100007	14.741291	2.64	0.17908879215531395	17.93	56.69	1.15	6     100007  1.4741291E+01  2.64E+00   17.93   56.69    1.15
fixed	A07_S7_F2	A07	F2	S7	150	7	100009	12.098861	0.0805	0.006653518872561641	0.67	2.1	5.69	7     100009  1.2098861E+01  8.05E-02    0.67    2.10*   5.69
fixed	A07_S7_F2	A07	F2	S7	151	8	100008	12.188957	0.0788	0.006464868158940916	0.65	2.04	4.97	8     100008  1.2188957E+01  7.88E-02    0.65    2.04*   4.97
fixed	A07_S7_F2	A07	F2	S7	152	9	99999	12.204799	0.106	0.008685108210303176	0.87	2.76	3.35	9      99999  1.2204799E+01  1.06E-01    0.87    2.76    3.35
fixed	A07_S7_F2	A07	F2	S7	153	10	100008	12.238147	0.132	0.010785946597961277	1.08	3.41	2.56	10     100008  1.2238147E+01  1.32E-01    1.08    3.41    2.56
fixed	A07_S7_F2	A07	F2	S7	155	10	1000021	12.15929	0.0363	0.002985371678774007	0.3	2.99	2.56	10    1000021  1.2159290E+01  3.63E-02    0.30    2.99    2.56    0.58  10
fixed	A07_S7_F2	A07	F2	S7	158	11	1999995	12.500267	0.307	0.024559475409605253	2.46	34.77	0.13	11    1999995  1.2500267E+01  3.07E-01    2.46   34.77    0.13
fixed	A07_S7_F2	A07	F2	S7	160	11	1999995	12.500267	0.307	0.024559475409605253	2.46	34.77	0.13	11    1999995  1.2500267E+01  3.07E-01    2.46   34.77    0.13
adaptive	A08_S0	A08		S0	148	1	249999	13.582165	1.03	0.07583474357733101	7.58	37.88	1.73	1     249999  1.3582165E+01  1.03E+00    7.58   37.88*   1.73
adaptive	A08_S0	A08		S0	149	2	250003	19.1057	6.99	0.36585940321474747	36.57	182.83	1.42	2     250003  1.9105700E+01  6.99E+00   36.57  182.83    1.42
adaptive	A08_S0	A08		S0	150	3	250009	13.15539	0.521	0.039603538929670654	3.96	19.81	1.91	3     250009  1.3155390E+01  5.21E-01    3.96   19.81*   1.91
adaptive	A08_S0	A08		S0	151	4	250007	12.398383	0.143	0.011533762104300212	1.15	5.76	2.12	4     250007  1.2398383E+01  1.43E-01    1.15    5.76*   2.12
adaptive	A08_S0	A08		S0	153	4	1000018	12.473752	0.137	0.010983062674326059	1.09	10.95	2.12	4    1000018  1.2473752E+01  1.37E-01    1.09   10.95    2.12    1.35   4
fixed	A08_S0_F0	A08	F0	S0	144	1	249999	13.582165	1.03	0.07583474357733101	7.58	37.88	1.73	1     249999  1.3582165E+01  1.03E+00    7.58   37.88*   1.73
fixed	A08_S0_F0	A08	F0	S0	145	2	250003	19.1057	6.99	0.36585940321474747	36.57	182.83	1.42	2     250003  1.9105700E+01  6.99E+00   36.57  182.83    1.42
fixed	A08_S0_F0	A08	F0	S0	146	3	250009	13.15539	0.521	0.039603538929670654	3.96	19.81	1.91	3     250009  1.3155390E+01  5.21E-01    3.96   19.81*   1.91
fixed	A08_S0_F0	A08	F0	S0	147	4	250007	12.398383	0.143	0.011533762104300212	1.15	5.76	2.12	4     250007  1.2398383E+01  1.43E-01    1.15    5.76*   2.12
fixed	A08_S0_F0	A08	F0	S0	149	4	1000018	12.473752	0.137	0.010983062674326059	1.09	10.95	2.12	4    1000018  1.2473752E+01  1.37E-01    1.09   10.95    2.12    1.35   4
fixed	A08_S0_F0	A08	F0	S0	152	5	201240	13.109389	0.358	0.027308671670357786	2.73	12.24	1.01	5     201240  1.3109389E+01  3.58E-01    2.73   12.24    1.01
fixed	A08_S0_F0	A08	F0	S0	153	6	201240	20.268002	6.36	0.3137951140916604	31.37	140.73	0.4	6     201240  2.0268002E+01  6.36E+00   31.37  140.73    0.40
fixed	A08_S0_F0	A08	F0	S0	154	7	201240	17.958598	4.9	0.2728498070951864	27.3	122.45	0.18	7     201240  1.7958598E+01  4.90E+00   27.30  122.45*   0.18
fixed	A08_S0_F0	A08	F0	S0	156	7	603720	13.157442	0.356	0.027056930974880985	2.71	21.03	0.18	7     603720  1.3157442E+01  3.56E-01    2.71   21.03    0.18    1.11   3
fixed	A08_S0_F1	A08	F1	S0	144	1	249999	13.582165	1.03	0.07583474357733101	7.58	37.88	1.73	1     249999  1.3582165E+01  1.03E+00    7.58   37.88*   1.73
fixed	A08_S0_F1	A08	F1	S0	145	2	250003	19.1057	6.99	0.36585940321474747	36.57	182.83	1.42	2     250003  1.9105700E+01  6.99E+00   36.57  182.83    1.42
fixed	A08_S0_F1	A08	F1	S0	146	3	250009	13.15539	0.521	0.039603538929670654	3.96	19.81	1.91	3     250009  1.3155390E+01  5.21E-01    3.96   19.81*   1.91
fixed	A08_S0_F1	A08	F1	S0	147	4	250007	12.398383	0.143	0.011533762104300212	1.15	5.76	2.12	4     250007  1.2398383E+01  1.43E-01    1.15    5.76*   2.12
fixed	A08_S0_F1	A08	F1	S0	149	4	1000018	12.473752	0.137	0.010983062674326059	1.09	10.95	2.12	4    1000018  1.2473752E+01  1.37E-01    1.09   10.95    2.12    1.35   4
fixed	A08_S0_F1	A08	F1	S0	152	5	599989	13.029553	0.373	0.028627229191976116	2.87	22.19	0.41	5     599989  1.3029553E+01  3.73E-01    2.87   22.19    0.41
fixed	A08_S0_F1	A08	F1	S0	154	5	599989	13.029553	0.373	0.028627229191976116	2.87	22.19	0.41	5     599989  1.3029553E+01  3.73E-01    2.87   22.19    0.41
fixed	A08_S0_F2	A08	F2	S0	144	1	249999	13.582165	1.03	0.07583474357733101	7.58	37.88	1.73	1     249999  1.3582165E+01  1.03E+00    7.58   37.88*   1.73
fixed	A08_S0_F2	A08	F2	S0	145	2	250003	19.1057	6.99	0.36585940321474747	36.57	182.83	1.42	2     250003  1.9105700E+01  6.99E+00   36.57  182.83    1.42
fixed	A08_S0_F2	A08	F2	S0	146	3	250009	13.15539	0.521	0.039603538929670654	3.96	19.81	1.91	3     250009  1.3155390E+01  5.21E-01    3.96   19.81*   1.91
fixed	A08_S0_F2	A08	F2	S0	147	4	250007	12.398383	0.143	0.011533762104300212	1.15	5.76	2.12	4     250007  1.2398383E+01  1.43E-01    1.15    5.76*   2.12
fixed	A08_S0_F2	A08	F2	S0	149	4	1000018	12.473752	0.137	0.010983062674326059	1.09	10.95	2.12	4    1000018  1.2473752E+01  1.37E-01    1.09   10.95    2.12    1.35   4
fixed	A08_S0_F2	A08	F2	S0	152	5	1987612	14.191306	0.781	0.0550336945732831	5.5	77.56	0.05	5    1987612  1.4191306E+01  7.81E-01    5.50   77.56    0.05
fixed	A08_S0_F2	A08	F2	S0	154	5	1987612	14.191306	0.781	0.0550336945732831	5.5	77.56	0.05	5    1987612  1.4191306E+01  7.81E-01    5.50   77.56    0.05
adaptive	A08_S1	A08		S1	148	1	250013	12.926452	0.966	0.07473048288888552	7.47	37.35	2.06	1     250013  1.2926452E+01  9.66E-01    7.47   37.35*   2.06
adaptive	A08_S1	A08		S1	149	2	250005	12.452728	0.241	0.019353189116473112	1.94	9.69	1.48	2     250005  1.2452728E+01  2.41E-01    1.94    9.69*   1.48
adaptive	A08_S1	A08		S1	150	3	250001	12.422011	0.224	0.01803250697491735	1.8	9.0	2.19	3     250001  1.2422011E+01  2.24E-01    1.80    9.00*   2.19
adaptive	A08_S1	A08		S1	151	4	250011	13.597141	1.21	0.08898929561736543	8.91	44.56	0.38	4     250011  1.3597141E+01  1.21E+00    8.91   44.56    0.38
adaptive	A08_S1	A08		S1	153	4	1000030	12.470047	0.16	0.012830745545706445	1.29	12.86	0.38	4    1000030  1.2470047E+01  1.60E-01    1.29   12.86    0.38    0.38   4
fixed	A08_S1_F0	A08	F0	S1	144	1	250013	12.926452	0.966	0.07473048288888552	7.47	37.35	2.06	1     250013  1.2926452E+01  9.66E-01    7.47   37.35*   2.06
fixed	A08_S1_F0	A08	F0	S1	145	2	250005	12.452728	0.241	0.019353189116473112	1.94	9.69	1.48	2     250005  1.2452728E+01  2.41E-01    1.94    9.69*   1.48
fixed	A08_S1_F0	A08	F0	S1	146	3	250001	12.422011	0.224	0.01803250697491735	1.8	9.0	2.19	3     250001  1.2422011E+01  2.24E-01    1.80    9.00*   2.19
fixed	A08_S1_F0	A08	F0	S1	147	4	250011	13.597141	1.21	0.08898929561736543	8.91	44.56	0.38	4     250011  1.3597141E+01  1.21E+00    8.91   44.56    0.38
fixed	A08_S1_F0	A08	F0	S1	149	4	1000030	12.470047	0.16	0.012830745545706445	1.29	12.86	0.38	4    1000030  1.2470047E+01  1.60E-01    1.29   12.86    0.38    0.38   4
fixed	A08_S1_F0	A08	F0	S1	152	5	201232	13.219679	0.68	0.051438465336412484	5.15	23.08	0.4	5     201232  1.3219679E+01  6.80E-01    5.15   23.08*   0.40
fixed	A08_S1_F0	A08	F0	S1	153	6	201232	20.541902	8.05	0.39188192018441137	39.18	175.77	0.13	6     201232  2.0541902E+01  8.05E+00   39.18  175.77    0.13
fixed	A08_S1_F0	A08	F0	S1	154	7	201232	12.646824	0.156	0.012335112752419105	1.23	5.52	1.34	7     201232  1.2646824E+01  1.56E-01    1.23    5.52*   1.34
fixed	A08_S1_F0	A08	F0	S1	156	7	603696	12.678116	0.152	0.011989163058612178	1.2	9.3	1.34	7     603696  1.2678116E+01  1.52E-01    1.20    9.30    1.34    0.81   3
fixed	A08_S1_F1	A08	F1	S1	144	1	250013	12.926452	0.966	0.07473048288888552	7.47	37.35	2.06	1     250013  1.2926452E+01  9.66E-01    7.47   37.35*   2.06
fixed	A08_S1_F1	A08	F1	S1	145	2	250005	12.452728	0.241	0.019353189116473112	1.94	9.69	1.48	2     250005  1.2452728E+01  2.41E-01    1.94    9.69*   1.48
fixed	A08_S1_F1	A08	F1	S1	146	3	250001	12.422011	0.224	0.01803250697491735	1.8	9.0	2.19	3     250001  1.2422011E+01  2.24E-01    1.80    9.00*   2.19
fixed	A08_S1_F1	A08	F1	S1	147	4	250011	13.597141	1.21	0.08898929561736543	8.91	44.56	0.38	4     250011  1.3597141E+01  1.21E+00    8.91   44.56    0.38
fixed	A08_S1_F1	A08	F1	S1	149	4	1000030	12.470047	0.16	0.012830745545706445	1.29	12.86	0.38	4    1000030  1.2470047E+01  1.60E-01    1.29   12.86    0.38    0.38   4
fixed	A08_S1_F1	A08	F1	S1	152	5	599991	13.093606	0.34	0.02596687268579794	2.6	20.11	0.19	5     599991  1.3093606E+01  3.40E-01    2.60   20.11*   0.19
fixed	A08_S1_F1	A08	F1	S1	154	5	599991	13.093606	0.34	0.02596687268579794	2.6	20.11	0.19	5     599991  1.3093606E+01  3.40E-01    2.60   20.11    0.19
fixed	A08_S1_F2	A08	F2	S1	144	1	250013	12.926452	0.966	0.07473048288888552	7.47	37.35	2.06	1     250013  1.2926452E+01  9.66E-01    7.47   37.35*   2.06
fixed	A08_S1_F2	A08	F2	S1	145	2	250005	12.452728	0.241	0.019353189116473112	1.94	9.69	1.48	2     250005  1.2452728E+01  2.41E-01    1.94    9.69*   1.48
fixed	A08_S1_F2	A08	F2	S1	146	3	250001	12.422011	0.224	0.01803250697491735	1.8	9.0	2.19	3     250001  1.2422011E+01  2.24E-01    1.80    9.00*   2.19
fixed	A08_S1_F2	A08	F2	S1	147	4	250011	13.597141	1.21	0.08898929561736543	8.91	44.56	0.38	4     250011  1.3597141E+01  1.21E+00    8.91   44.56    0.38
fixed	A08_S1_F2	A08	F2	S1	149	4	1000030	12.470047	0.16	0.012830745545706445	1.29	12.86	0.38	4    1000030  1.2470047E+01  1.60E-01    1.29   12.86    0.38    0.38   4
fixed	A08_S1_F2	A08	F2	S1	152	5	1951241	16.319291	1.69	0.10355842052206803	10.33	144.31	0.02	5    1951241  1.6319291E+01  1.69E+00   10.33  144.31    0.02
fixed	A08_S1_F2	A08	F2	S1	154	5	1951241	16.319291	1.69	0.10355842052206803	10.33	144.31	0.02	5    1951241  1.6319291E+01  1.69E+00   10.33  144.31    0.02
adaptive	A08_S2	A08		S2	148	1	249992	12.427462	0.954	0.07676547311108253	7.68	38.4	1.81	1     249992  1.2427462E+01  9.54E-01    7.68   38.40*   1.81
adaptive	A08_S2	A08		S2	149	2	249995	137.8287	109.0	0.7908367415494741	79.28	396.4	0.12	2     249995  1.3782870E+02  1.09E+02   79.28  396.40    0.12
adaptive	A08_S2	A08		S2	150	3	249992	12.277779	0.0976	0.007949320475633256	0.79	3.97	1.24	3     249992  1.2277779E+01  9.76E-02    0.79    3.97*   1.24
adaptive	A08_S2	A08		S2	151	4	226275	22.914288	8.76	0.3822942262050647	38.21	181.78	0.01	4     226275  2.2914288E+01  8.76E+00   38.21  181.78    0.01
adaptive	A08_S2	A08		S2	153	4	976254	12.280732	0.097	0.007898551975566277	0.79	7.81	0.01	4     976254  1.2280732E+01  9.70E-02    0.79    7.81    0.01    0.94   4
fixed	A08_S2_F0	A08	F0	S2	144	1	249992	12.427462	0.954	0.07676547311108253	7.68	38.4	1.81	1     249992  1.2427462E+01  9.54E-01    7.68   38.40*   1.81
fixed	A08_S2_F0	A08	F0	S2	145	2	249995	137.8287	109.0	0.7908367415494741	79.28	396.4	0.12	2     249995  1.3782870E+02  1.09E+02   79.28  396.40    0.12
fixed	A08_S2_F0	A08	F0	S2	146	3	249992	12.277779	0.0976	0.007949320475633256	0.79	3.97	1.24	3     249992  1.2277779E+01  9.76E-02    0.79    3.97*   1.24
fixed	A08_S2_F0	A08	F0	S2	147	4	226275	22.914288	8.76	0.3822942262050647	38.21	181.78	0.01	4     226275  2.2914288E+01  8.76E+00   38.21  181.78    0.01
fixed	A08_S2_F0	A08	F0	S2	149	4	976254	12.280732	0.097	0.007898551975566277	0.79	7.81	0.01	4     976254  1.2280732E+01  9.70E-02    0.79    7.81    0.01    0.94   4
fixed	A08_S2_F0	A08	F0	S2	152	5	201307	15.581486	3.03	0.19446155520725045	19.47	87.35	0.0	5     201307  1.5581486E+01  3.03E+00   19.47   87.35*   0.00
fixed	A08_S2_F0	A08	F0	S2	153	6	201307	17.528303	2.38	0.13578040041868283	13.58	60.94	0.01	6     201307  1.7528303E+01  2.38E+00   13.58   60.94*   0.01
fixed	A08_S2_F0	A08	F0	S2	154	7	201307	20.723941	5.45	0.26298086835896706	26.31	118.04	0.03	7     201307  2.0723941E+01  5.45E+00   26.31  118.04    0.03
fixed	A08_S2_F0	A08	F0	S2	156	7	603921	17.201814	1.77	0.10289612479242016	10.3	80.02	0.03	7     603921  1.7201814E+01  1.77E+00   10.30   80.02    0.03    0.36   3
fixed	A08_S2_F1	A08	F1	S2	144	1	249992	12.427462	0.954	0.07676547311108253	7.68	38.4	1.81	1     249992  1.2427462E+01  9.54E-01    7.68   38.40*   1.81
fixed	A08_S2_F1	A08	F1	S2	145	2	249995	137.8287	109.0	0.7908367415494741	79.28	396.4	0.12	2     249995  1.3782870E+02  1.09E+02   79.28  396.40    0.12
fixed	A08_S2_F1	A08	F1	S2	146	3	249992	12.277779	0.0976	0.007949320475633256	0.79	3.97	1.24	3     249992  1.2277779E+01  9.76E-02    0.79    3.97*   1.24
fixed	A08_S2_F1	A08	F1	S2	147	4	226275	22.914288	8.76	0.3822942262050647	38.21	181.78	0.01	4     226275  2.2914288E+01  8.76E+00   38.21  181.78    0.01
fixed	A08_S2_F1	A08	F1	S2	149	4	976254	12.280732	0.097	0.007898551975566277	0.79	7.81	0.01	4     976254  1.2280732E+01  9.70E-02    0.79    7.81    0.01    0.94   4
fixed	A08_S2_F1	A08	F1	S2	152	5	556159	71.521272	49.3	0.6893054139193722	69.0	514.56	0.0	5     556159  7.1521272E+01  4.93E+01   69.00  514.56    0.00
fixed	A08_S2_F1	A08	F1	S2	154	5	556159	71.521272	49.3	0.6893054139193722	69.0	514.56	0.0	5     556159  7.1521272E+01  4.93E+01   69.00  514.56    0.00
fixed	A08_S2_F2	A08	F2	S2	144	1	249992	12.427462	0.954	0.07676547311108253	7.68	38.4	1.81	1     249992  1.2427462E+01  9.54E-01    7.68   38.40*   1.81
fixed	A08_S2_F2	A08	F2	S2	145	2	249995	137.8287	109.0	0.7908367415494741	79.28	396.4	0.12	2     249995  1.3782870E+02  1.09E+02   79.28  396.40    0.12
fixed	A08_S2_F2	A08	F2	S2	146	3	249992	12.277779	0.0976	0.007949320475633256	0.79	3.97	1.24	3     249992  1.2277779E+01  9.76E-02    0.79    3.97*   1.24
fixed	A08_S2_F2	A08	F2	S2	147	4	226275	22.914288	8.76	0.3822942262050647	38.21	181.78	0.01	4     226275  2.2914288E+01  8.76E+00   38.21  181.78    0.01
fixed	A08_S2_F2	A08	F2	S2	149	4	976254	12.280732	0.097	0.007898551975566277	0.79	7.81	0.01	4     976254  1.2280732E+01  9.70E-02    0.79    7.81    0.01    0.94   4
fixed	A08_S2_F2	A08	F2	S2	152	5	1941196	31.927921	9.93	0.31101304716959177	31.1	433.37	0.0	5    1941196  3.1927921E+01  9.93E+00   31.10  433.37    0.00
fixed	A08_S2_F2	A08	F2	S2	154	5	1941196	31.927921	9.93	0.31101304716959177	31.1	433.37	0.0	5    1941196  3.1927921E+01  9.93E+00   31.10  433.37    0.00
adaptive	A08_S3	A08		S3	148	1	249986	11.035796	0.824	0.07466611379913148	7.46	37.32	1.97	1     249986  1.1035796E+01  8.24E-01    7.46   37.32*   1.97
adaptive	A08_S3	A08		S3	149	2	250012	12.145401	0.151	0.01243268954232141	1.24	6.22	1.85	2     250012  1.2145401E+01  1.51E-01    1.24    6.22*   1.85
adaptive	A08_S3	A08		S3	150	3	250002	12.271857	0.0701	0.005712256914336599	0.57	2.86	3.01	3     250002  1.2271857E+01  7.01E-02    0.57    2.86*   3.01
adaptive	A08_S3	A08		S3	151	4	250013	12.653682	0.259	0.02046835063501675	2.05	10.23	2.26	4     250013  1.2653682E+01  2.59E-01    2.05   10.23    2.26
adaptive	A08_S3	A08		S3	153	4	1000013	12.265569	0.0616	0.005022188534425105	0.5	5.02	2.26	4    1000013  1.2265569E+01  6.16E-02    0.50    5.02    2.26    1.71   4
fixed	A08_S3_F0	A08	F0	S3	144	1	249986	11.035796	0.824	0.07466611379913148	7.46	37.32	1.97	1     249986  1.1035796E+01  8.24E-01    7.46   37.32*   1.97
fixed	A08_S3_F0	A08	F0	S3	145	2	250012	12.145401	0.151	0.01243268954232141	1.24	6.22	1.85	2     250012  1.2145401E+01  1.51E-01    1.24    6.22*   1.85
fixed	A08_S3_F0	A08	F0	S3	146	3	250002	12.271857	0.0701	0.005712256914336599	0.57	2.86	3.01	3     250002  1.2271857E+01  7.01E-02    0.57    2.86*   3.01
fixed	A08_S3_F0	A08	F0	S3	147	4	250013	12.653682	0.259	0.02046835063501675	2.05	10.23	2.26	4     250013  1.2653682E+01  2.59E-01    2.05   10.23    2.26
fixed	A08_S3_F0	A08	F0	S3	149	4	1000013	12.265569	0.0616	0.005022188534425105	0.5	5.02	2.26	4    1000013  1.2265569E+01  6.16E-02    0.50    5.02    2.26    1.71   4
fixed	A08_S3_F0	A08	F0	S3	152	5	201198	13.793931	1.16	0.0840949545129666	8.43	37.81	0.68	5     201198  1.3793931E+01  1.16E+00    8.43   37.81    0.68
fixed	A08_S3_F0	A08	F0	S3	153	6	201198	208341.79	209000.0	1.003159279758516	100.09	448.96	0.2	6     201198  2.0834179E+05  2.09E+05  100.09  448.96    0.20
fixed	A08_S3_F0	A08	F0	S3	154	7	201198	13.45728	0.813	0.060413397060921664	6.04	27.09	0.21	7     201198  1.3457280E+01  8.13E-01    6.04   27.09*   0.21
fixed	A08_S3_F0	A08	F0	S3	156	7	603594	13.567777	0.666	0.04908689168461422	4.91	38.14	0.21	7     603594  1.3567777E+01  6.66E-01    4.91   38.14    0.21    0.53   3
fixed	A08_S3_F1	A08	F1	S3	144	1	249986	11.035796	0.824	0.07466611379913148	7.46	37.32	1.97	1     249986  1.1035796E+01  8.24E-01    7.46   37.32*   1.97
fixed	A08_S3_F1	A08	F1	S3	145	2	250012	12.145401	0.151	0.01243268954232141	1.24	6.22	1.85	2     250012  1.2145401E+01  1.51E-01    1.24    6.22*   1.85
fixed	A08_S3_F1	A08	F1	S3	146	3	250002	12.271857	0.0701	0.005712256914336599	0.57	2.86	3.01	3     250002  1.2271857E+01  7.01E-02    0.57    2.86*   3.01
fixed	A08_S3_F1	A08	F1	S3	147	4	250013	12.653682	0.259	0.02046835063501675	2.05	10.23	2.26	4     250013  1.2653682E+01  2.59E-01    2.05   10.23    2.26
fixed	A08_S3_F1	A08	F1	S3	149	4	1000013	12.265569	0.0616	0.005022188534425105	0.5	5.02	2.26	4    1000013  1.2265569E+01  6.16E-02    0.50    5.02    2.26    1.71   4
fixed	A08_S3_F1	A08	F1	S3	152	5	600005	14.168068	0.975	0.06881672222352406	6.88	53.3	0.16	5     600005  1.4168068E+01  9.75E-01    6.88   53.30    0.16
fixed	A08_S3_F1	A08	F1	S3	154	5	600005	14.168068	0.975	0.06881672222352406	6.88	53.3	0.16	5     600005  1.4168068E+01  9.75E-01    6.88   53.30    0.16
fixed	A08_S3_F2	A08	F2	S3	144	1	249986	11.035796	0.824	0.07466611379913148	7.46	37.32	1.97	1     249986  1.1035796E+01  8.24E-01    7.46   37.32*   1.97
fixed	A08_S3_F2	A08	F2	S3	145	2	250012	12.145401	0.151	0.01243268954232141	1.24	6.22	1.85	2     250012  1.2145401E+01  1.51E-01    1.24    6.22*   1.85
fixed	A08_S3_F2	A08	F2	S3	146	3	250002	12.271857	0.0701	0.005712256914336599	0.57	2.86	3.01	3     250002  1.2271857E+01  7.01E-02    0.57    2.86*   3.01
fixed	A08_S3_F2	A08	F2	S3	147	4	250013	12.653682	0.259	0.02046835063501675	2.05	10.23	2.26	4     250013  1.2653682E+01  2.59E-01    2.05   10.23    2.26
fixed	A08_S3_F2	A08	F2	S3	149	4	1000013	12.265569	0.0616	0.005022188534425105	0.5	5.02	2.26	4    1000013  1.2265569E+01  6.16E-02    0.50    5.02    2.26    1.71   4
fixed	A08_S3_F2	A08	F2	S3	152	5	1972863	44.855385	20.3	0.45256550579155663	45.32	636.6	0.0	5    1972863  4.4855385E+01  2.03E+01   45.32  636.60    0.00
fixed	A08_S3_F2	A08	F2	S3	154	5	1972863	44.855385	20.3	0.45256550579155663	45.32	636.6	0.0	5    1972863  4.4855385E+01  2.03E+01   45.32  636.60    0.00
adaptive	A08_S4	A08		S4	148	1	249996	12.022316	0.904	0.07519349849064025	7.52	37.61	1.9	1     249996  1.2022316E+01  9.04E-01    7.52   37.61*   1.90
adaptive	A08_S4	A08		S4	149	2	250028	12.984942	0.837	0.06445927906339512	6.45	32.24	0.44	2     250028  1.2984942E+01  8.37E-01    6.45   32.24*   0.44
adaptive	A08_S4	A08		S4	150	3	250003	12.346605	0.105	0.008504362130318415	0.85	4.25	2.66	3     250003  1.2346605E+01  1.05E-01    0.85    4.25*   2.66
adaptive	A08_S4	A08		S4	151	4	250000	12.657287	0.243	0.019198426961480764	1.92	9.59	0.62	4     250000  1.2657287E+01  2.43E-01    1.92    9.59    0.62
adaptive	A08_S4	A08		S4	153	4	1000027	12.399021	0.0952	0.007678025547339585	0.77	7.68	0.62	4    1000027  1.2399021E+01  9.52E-02    0.77    7.68    0.62    0.68   4
fixed	A08_S4_F0	A08	F0	S4	144	1	249996	12.022316	0.904	0.07519349849064025	7.52	37.61	1.9	1     249996  1.2022316E+01  9.04E-01    7.52   37.61*   1.90
fixed	A08_S4_F0	A08	F0	S4	145	2	250028	12.984942	0.837	0.06445927906339512	6.45	32.24	0.44	2     250028  1.2984942E+01  8.37E-01    6.45   32.24*   0.44
fixed	A08_S4_F0	A08	F0	S4	146	3	250003	12.346605	0.105	0.008504362130318415	0.85	4.25	2.66	3     250003  1.2346605E+01  1.05E-01    0.85    4.25*   2.66
fixed	A08_S4_F0	A08	F0	S4	147	4	250000	12.657287	0.243	0.019198426961480764	1.92	9.59	0.62	4     250000  1.2657287E+01  2.43E-01    1.92    9.59    0.62
fixed	A08_S4_F0	A08	F0	S4	149	4	1000027	12.399021	0.0952	0.007678025547339585	0.77	7.68	0.62	4    1000027  1.2399021E+01  9.52E-02    0.77    7.68    0.62    0.68   4
fixed	A08_S4_F0	A08	F0	S4	152	5	201261	15.106316	1.51	0.09995818967377619	10.02	44.96	0.04	5     201261  1.5106316E+01  1.51E+00   10.02   44.96    0.04
fixed	A08_S4_F0	A08	F0	S4	153	6	201261	18.563481	3.73	0.20093214198349976	20.08	90.09	0.02	6     201261  1.8563481E+01  3.73E+00   20.08   90.09    0.02
fixed	A08_S4_F0	A08	F0	S4	154	7	201261	13.779867	0.891	0.06465955005226103	6.46	29.0	0.07	7     201261  1.3779867E+01  8.91E-01    6.46   29.00*   0.07
fixed	A08_S4_F0	A08	F0	S4	156	7	603783	14.301754	0.752	0.05258096314619871	5.26	40.86	0.07	7     603783  1.4301754E+01  7.52E-01    5.26   40.86    0.07    0.97   3
fixed	A08_S4_F1	A08	F1	S4	144	1	249996	12.022316	0.904	0.07519349849064025	7.52	37.61	1.9	1     249996  1.2022316E+01  9.04E-01    7.52   37.61*   1.90
fixed	A08_S4_F1	A08	F1	S4	145	2	250028	12.984942	0.837	0.06445927906339512	6.45	32.24	0.44	2     250028  1.2984942E+01  8.37E-01    6.45   32.24*   0.44
fixed	A08_S4_F1	A08	F1	S4	146	3	250003	12.346605	0.105	0.008504362130318415	0.85	4.25	2.66	3     250003  1.2346605E+01  1.05E-01    0.85    4.25*   2.66
fixed	A08_S4_F1	A08	F1	S4	147	4	250000	12.657287	0.243	0.019198426961480764	1.92	9.59	0.62	4     250000  1.2657287E+01  2.43E-01    1.92    9.59    0.62
fixed	A08_S4_F1	A08	F1	S4	149	4	1000027	12.399021	0.0952	0.007678025547339585	0.77	7.68	0.62	4    1000027  1.2399021E+01  9.52E-02    0.77    7.68    0.62    0.68   4
fixed	A08_S4_F1	A08	F1	S4	152	5	600014	58.081027	27.3	0.4700330109520963	47.02	364.24	0.0	5     600014  5.8081027E+01  2.73E+01   47.02  364.24    0.00
fixed	A08_S4_F1	A08	F1	S4	154	5	600014	58.081027	27.3	0.4700330109520963	47.02	364.24	0.0	5     600014  5.8081027E+01  2.73E+01   47.02  364.24    0.00
fixed	A08_S4_F2	A08	F2	S4	144	1	249996	12.022316	0.904	0.07519349849064025	7.52	37.61	1.9	1     249996  1.2022316E+01  9.04E-01    7.52   37.61*   1.90
fixed	A08_S4_F2	A08	F2	S4	145	2	250028	12.984942	0.837	0.06445927906339512	6.45	32.24	0.44	2     250028  1.2984942E+01  8.37E-01    6.45   32.24*   0.44
fixed	A08_S4_F2	A08	F2	S4	146	3	250003	12.346605	0.105	0.008504362130318415	0.85	4.25	2.66	3     250003  1.2346605E+01  1.05E-01    0.85    4.25*   2.66
fixed	A08_S4_F2	A08	F2	S4	147	4	250000	12.657287	0.243	0.019198426961480764	1.92	9.59	0.62	4     250000  1.2657287E+01  2.43E-01    1.92    9.59    0.62
fixed	A08_S4_F2	A08	F2	S4	149	4	1000027	12.399021	0.0952	0.007678025547339585	0.77	7.68	0.62	4    1000027  1.2399021E+01  9.52E-02    0.77    7.68    0.62    0.68   4
fixed	A08_S4_F2	A08	F2	S4	152	5	1939314	38.427621	11.1	0.2888547276970385	28.96	403.27	0.0	5    1939314  3.8427621E+01  1.11E+01   28.96  403.27    0.00
fixed	A08_S4_F2	A08	F2	S4	154	5	1939314	38.427621	11.1	0.2888547276970385	28.96	403.27	0.0	5    1939314  3.8427621E+01  1.11E+01   28.96  403.27    0.00
adaptive	A08_S5	A08		S5	148	1	249981	12.51131	1.01	0.08072695824817705	8.04	40.18	1.63	1     249981  1.2511310E+01  1.01E+00    8.04   40.18*   1.63
adaptive	A08_S5	A08		S5	149	2	250034	12.36242	0.127	0.010273069512279957	1.03	5.14	1.64	2     250034  1.2362420E+01  1.27E-01    1.03    5.14*   1.64
adaptive	A08_S5	A08		S5	150	3	249987	12.281076	0.075	0.006106956751997951	0.61	3.05	2.28	3     249987  1.2281076E+01  7.50E-02    0.61    3.05*   2.28
adaptive	A08_S5	A08		S5	151	4	250016	13.353322	1.04	0.07788324133874702	7.78	38.89	1.17	4     250016  1.3353322E+01  1.04E+00    7.78   38.89    1.17
adaptive	A08_S5	A08		S5	153	4	1000018	12.306962	0.0643	0.005224685019747359	0.52	5.23	1.17	4    1000018  1.2306962E+01  6.43E-02    0.52    5.23    1.17    0.46   4
fixed	A08_S5_F0	A08	F0	S5	144	1	249981	12.51131	1.01	0.08072695824817705	8.04	40.18	1.63	1     249981  1.2511310E+01  1.01E+00    8.04   40.18*   1.63
fixed	A08_S5_F0	A08	F0	S5	145	2	250034	12.36242	0.127	0.010273069512279957	1.03	5.14	1.64	2     250034  1.2362420E+01  1.27E-01    1.03    5.14*   1.64
fixed	A08_S5_F0	A08	F0	S5	146	3	249987	12.281076	0.075	0.006106956751997951	0.61	3.05	2.28	3     249987  1.2281076E+01  7.50E-02    0.61    3.05*   2.28
fixed	A08_S5_F0	A08	F0	S5	147	4	250016	13.353322	1.04	0.07788324133874702	7.78	38.89	1.17	4     250016  1.3353322E+01  1.04E+00    7.78   38.89    1.17
fixed	A08_S5_F0	A08	F0	S5	149	4	1000018	12.306962	0.0643	0.005224685019747359	0.52	5.23	1.17	4    1000018  1.2306962E+01  6.43E-02    0.52    5.23    1.17    0.46   4
fixed	A08_S5_F0	A08	F0	S5	152	5	201213	14.837732	1.84	0.12400817052093945	12.37	55.51	0.15	5     201213  1.4837732E+01  1.84E+00   12.37   55.51    0.15
fixed	A08_S5_F0	A08	F0	S5	153	6	201213	1174.2306	1160.0	0.9878809153840821	98.88	443.52	0.02	6     201213  1.1742306E+03  1.16E+03   98.88  443.52    0.02
fixed	A08_S5_F0	A08	F0	S5	154	7	201213	12.924836	0.328	0.02537749802009093	2.54	11.4	0.83	7     201213  1.2924836E+01  3.28E-01    2.54   11.40*   0.83
fixed	A08_S5_F0	A08	F0	S5	156	7	603639	12.984238	0.323	0.024876315421821445	2.49	19.35	0.83	7     603639  1.2984238E+01  3.23E-01    2.49   19.35    0.83    1.03   3
fixed	A08_S5_F1	A08	F1	S5	144	1	249981	12.51131	1.01	0.08072695824817705	8.04	40.18	1.63	1     249981  1.2511310E+01  1.01E+00    8.04   40.18*   1.63
fixed	A08_S5_F1	A08	F1	S5	145	2	250034	12.36242	0.127	0.010273069512279957	1.03	5.14	1.64	2     250034  1.2362420E+01  1.27E-01    1.03    5.14*   1.64
fixed	A08_S5_F1	A08	F1	S5	146	3	249987	12.281076	0.075	0.006106956751997951	0.61	3.05	2.28	3     249987  1.2281076E+01  7.50E-02    0.61    3.05*   2.28
fixed	A08_S5_F1	A08	F1	S5	147	4	250016	13.353322	1.04	0.07788324133874702	7.78	38.89	1.17	4     250016  1.3353322E+01  1.04E+00    7.78   38.89    1.17
fixed	A08_S5_F1	A08	F1	S5	149	4	1000018	12.306962	0.0643	0.005224685019747359	0.52	5.23	1.17	4    1000018  1.2306962E+01  6.43E-02    0.52    5.23    1.17    0.46   4
fixed	A08_S5_F1	A08	F1	S5	152	5	600003	23.730693	8.26	0.34807243092310874	34.79	269.5	0.02	5     600003  2.3730693E+01  8.26E+00   34.79  269.50    0.02
fixed	A08_S5_F1	A08	F1	S5	154	5	600003	23.730693	8.26	0.34807243092310874	34.79	269.5	0.02	5     600003  2.3730693E+01  8.26E+00   34.79  269.50    0.02
fixed	A08_S5_F2	A08	F2	S5	144	1	249981	12.51131	1.01	0.08072695824817705	8.04	40.18	1.63	1     249981  1.2511310E+01  1.01E+00    8.04   40.18*   1.63
fixed	A08_S5_F2	A08	F2	S5	145	2	250034	12.36242	0.127	0.010273069512279957	1.03	5.14	1.64	2     250034  1.2362420E+01  1.27E-01    1.03    5.14*   1.64
fixed	A08_S5_F2	A08	F2	S5	146	3	249987	12.281076	0.075	0.006106956751997951	0.61	3.05	2.28	3     249987  1.2281076E+01  7.50E-02    0.61    3.05*   2.28
fixed	A08_S5_F2	A08	F2	S5	147	4	250016	13.353322	1.04	0.07788324133874702	7.78	38.89	1.17	4     250016  1.3353322E+01  1.04E+00    7.78   38.89    1.17
fixed	A08_S5_F2	A08	F2	S5	149	4	1000018	12.306962	0.0643	0.005224685019747359	0.52	5.23	1.17	4    1000018  1.2306962E+01  6.43E-02    0.52    5.23    1.17    0.46   4
fixed	A08_S5_F2	A08	F2	S5	152	5	1978640	24.185073	6.04	0.2497408215389716	24.98	351.43	0.01	5    1978640  2.4185073E+01  6.04E+00   24.98  351.43    0.01
fixed	A08_S5_F2	A08	F2	S5	154	5	1978640	24.185073	6.04	0.2497408215389716	24.98	351.43	0.01	5    1978640  2.4185073E+01  6.04E+00   24.98  351.43    0.01
adaptive	A08_S6	A08		S6	148	1	249994	12.644785	0.877	0.06935665572803333	6.93	34.66	2.05	1     249994  1.2644785E+01  8.77E-01    6.93   34.66*   2.05
adaptive	A08_S6	A08		S6	149	2	249997	12.215403	0.116	0.009496207370317623	0.95	4.76	1.92	2     249997  1.2215403E+01  1.16E-01    0.95    4.76*   1.92
adaptive	A08_S6	A08		S6	150	3	249991	12.209935	0.068	0.005569235217058896	0.56	2.78	3.17	3     249991  1.2209935E+01  6.80E-02    0.56    2.78*   3.17
adaptive	A08_S6	A08		S6	151	4	250003	19.193421	6.78	0.3532460419640667	35.34	176.72	0.4	4     250003  1.9193421E+01  6.78E+00   35.34  176.72    0.40
adaptive	A08_S6	A08		S6	153	4	999985	12.21378	0.0585	0.004789671993436922	0.48	4.79	0.4	4     999985  1.2213780E+01  5.85E-02    0.48    4.79    0.40    0.43   4
fixed	A08_S6_F0	A08	F0	S6	144	1	249994	12.644785	0.877	0.06935665572803333	6.93	34.66	2.05	1     249994  1.2644785E+01  8.77E-01    6.93   34.66*   2.05
fixed	A08_S6_F0	A08	F0	S6	145	2	249997	12.215403	0.116	0.009496207370317623	0.95	4.76	1.92	2     249997  1.2215403E+01  1.16E-01    0.95    4.76*   1.92
fixed	A08_S6_F0	A08	F0	S6	146	3	249991	12.209935	0.068	0.005569235217058896	0.56	2.78	3.17	3     249991  1.2209935E+01  6.80E-02    0.56    2.78*   3.17
fixed	A08_S6_F0	A08	F0	S6	147	4	250003	19.193421	6.78	0.3532460419640667	35.34	176.72	0.4	4     250003  1.9193421E+01  6.78E+00   35.34  176.72    0.40
fixed	A08_S6_F0	A08	F0	S6	149	4	999985	12.21378	0.0585	0.004789671993436922	0.48	4.79	0.4	4     999985  1.2213780E+01  5.85E-02    0.48    4.79    0.40    0.43   4
fixed	A08_S6_F0	A08	F0	S6	152	5	201210	14.606731	1.46	0.09995391850510563	10.0	44.84	0.53	5     201210  1.4606731E+01  1.46E+00   10.00   44.84*   0.53
fixed	A08_S6_F0	A08	F0	S6	153	6	201210	63.981447	34.9	0.5454706268209282	54.51	244.51	0.02	6     201210  6.3981447E+01  3.49E+01   54.51  244.51    0.02
fixed	A08_S6_F0	A08	F0	S6	154	7	201210	26.052522	8.67	0.33278927851975326	33.26	149.21	0.03	7     201210  2.6052522E+01  8.67E+00   33.26  149.21*   0.03
fixed	A08_S6_F0	A08	F0	S6	156	7	603630	15.006154	1.44	0.09596063055197221	9.59	74.48	0.03	7     603630  1.5006154E+01  1.44E+00    9.59   74.48    0.03    1.84   3
fixed	A08_S6_F1	A08	F1	S6	144	1	249994	12.644785	0.877	0.06935665572803333	6.93	34.66	2.05	1     249994  1.2644785E+01  8.77E-01    6.93   34.66*   2.05
fixed	A08_S6_F1	A08	F1	S6	145	2	249997	12.215403	0.116	0.009496207370317623	0.95	4.76	1.92	2     249997  1.2215403E+01  1.16E-01    0.95    4.76*   1.92
fixed	A08_S6_F1	A08	F1	S6	146	3	249991	12.209935	0.068	0.005569235217058896	0.56	2.78	3.17	3     249991  1.2209935E+01  6.80E-02    0.56    2.78*   3.17
fixed	A08_S6_F1	A08	F1	S6	147	4	250003	19.193421	6.78	0.3532460419640667	35.34	176.72	0.4	4     250003  1.9193421E+01  6.78E+00   35.34  176.72    0.40
fixed	A08_S6_F1	A08	F1	S6	149	4	999985	12.21378	0.0585	0.004789671993436922	0.48	4.79	0.4	4     999985  1.2213780E+01  5.85E-02    0.48    4.79    0.40    0.43   4
fixed	A08_S6_F1	A08	F1	S6	152	5	599981	20.846019	6.01	0.28830444796198257	28.83	223.29	0.04	5     599981  2.0846019E+01  6.01E+00   28.83  223.29    0.04
fixed	A08_S6_F1	A08	F1	S6	154	5	599981	20.846019	6.01	0.28830444796198257	28.83	223.29	0.04	5     599981  2.0846019E+01  6.01E+00   28.83  223.29    0.04
fixed	A08_S6_F2	A08	F2	S6	144	1	249994	12.644785	0.877	0.06935665572803333	6.93	34.66	2.05	1     249994  1.2644785E+01  8.77E-01    6.93   34.66*   2.05
fixed	A08_S6_F2	A08	F2	S6	145	2	249997	12.215403	0.116	0.009496207370317623	0.95	4.76	1.92	2     249997  1.2215403E+01  1.16E-01    0.95    4.76*   1.92
fixed	A08_S6_F2	A08	F2	S6	146	3	249991	12.209935	0.068	0.005569235217058896	0.56	2.78	3.17	3     249991  1.2209935E+01  6.80E-02    0.56    2.78*   3.17
fixed	A08_S6_F2	A08	F2	S6	147	4	250003	19.193421	6.78	0.3532460419640667	35.34	176.72	0.4	4     250003  1.9193421E+01  6.78E+00   35.34  176.72    0.40
fixed	A08_S6_F2	A08	F2	S6	149	4	999985	12.21378	0.0585	0.004789671993436922	0.48	4.79	0.4	4     999985  1.2213780E+01  5.85E-02    0.48    4.79    0.40    0.43   4
fixed	A08_S6_F2	A08	F2	S6	152	5	1997297	6409.162	6380.0	0.9954499511792649	99.57	1407.2	0.01	5    1997297  6.4091620E+03  6.38E+03   99.57 1407.20    0.01
fixed	A08_S6_F2	A08	F2	S6	154	5	1997297	6409.162	6380.0	0.9954499511792649	99.57	1407.2	0.01	5    1997297  6.4091620E+03  6.38E+03   99.57 1407.20    0.01
adaptive	A08_S7	A08		S7	148	1	250007	13.256689	0.959	0.07234083865134047	7.23	36.17	2.11	1     250007  1.3256689E+01  9.59E-01    7.23   36.17*   2.11
adaptive	A08_S7	A08		S7	149	2	250012	12.29622	0.102	0.008295232193308187	0.83	4.14	1.99	2     250012  1.2296220E+01  1.02E-01    0.83    4.14*   1.99
adaptive	A08_S7	A08		S7	150	3	250000	13.104022	0.778	0.05937108469445488	5.94	29.7	1.93	3     250000  1.3104022E+01  7.78E-01    5.94   29.70    1.93
adaptive	A08_S7	A08		S7	151	4	250004	12.261834	0.0705	0.00574954774302115	0.57	2.87	2.57	4     250004  1.2261834E+01  7.05E-02    0.57    2.87*   2.57
adaptive	A08_S7	A08		S7	153	4	1000023	12.281095	0.0577	0.004698278125851156	0.47	4.7	2.57	4    1000023  1.2281095E+01  5.77E-02    0.47    4.70    2.57    0.75   4
fixed	A08_S7_F0	A08	F0	S7	144	1	250007	13.256689	0.959	0.07234083865134047	7.23	36.17	2.11	1     250007  1.3256689E+01  9.59E-01    7.23   36.17*   2.11
fixed	A08_S7_F0	A08	F0	S7	145	2	250012	12.29622	0.102	0.008295232193308187	0.83	4.14	1.99	2     250012  1.2296220E+01  1.02E-01    0.83    4.14*   1.99
fixed	A08_S7_F0	A08	F0	S7	146	3	250000	13.104022	0.778	0.05937108469445488	5.94	29.7	1.93	3     250000  1.3104022E+01  7.78E-01    5.94   29.70    1.93
fixed	A08_S7_F0	A08	F0	S7	147	4	250004	12.261834	0.0705	0.00574954774302115	0.57	2.87	2.57	4     250004  1.2261834E+01  7.05E-02    0.57    2.87*   2.57
fixed	A08_S7_F0	A08	F0	S7	149	4	1000023	12.281095	0.0577	0.004698278125851156	0.47	4.7	2.57	4    1000023  1.2281095E+01  5.77E-02    0.47    4.70    2.57    0.75   4
fixed	A08_S7_F0	A08	F0	S7	152	5	201219	19.254013	4.57	0.2373531169839763	23.74	106.47	0.27	5     201219  1.9254013E+01  4.57E+00   23.74  106.47    0.27
fixed	A08_S7_F0	A08	F0	S7	153	6	201219	13.574847	0.733	0.05399692534287863	5.4	24.22	0.21	6     201219  1.3574847E+01  7.33E-01    5.40   24.22*   0.21
fixed	A08_S7_F0	A08	F0	S7	154	7	201219	26.375574	13.0	0.4928802686910245	49.42	221.67	0.02	7     201219  2.6375574E+01  1.30E+01   49.42  221.67    0.02
fixed	A08_S7_F0	A08	F0	S7	156	7	603657	13.756131	0.723	0.052558382876696945	5.25	40.81	0.02	7     603657  1.3756131E+01  7.23E-01    5.25   40.81    0.02    1.22   3
fixed	A08_S7_F1	A08	F1	S7	144	1	250007	13.256689	0.959	0.07234083865134047	7.23	36.17	2.11	1     250007  1.3256689E+01  9.59E-01    7.23   36.17*   2.11
fixed	A08_S7_F1	A08	F1	S7	145	2	250012	12.29622	0.102	0.008295232193308187	0.83	4.14	1.99	2     250012  1.2296220E+01  1.02E-01    0.83    4.14*   1.99
fixed	A08_S7_F1	A08	F1	S7	146	3	250000	13.104022	0.778	0.05937108469445488	5.94	29.7	1.93	3     250000  1.3104022E+01  7.78E-01    5.94   29.70    1.93
fixed	A08_S7_F1	A08	F1	S7	147	4	250004	12.261834	0.0705	0.00574954774302115	0.57	2.87	2.57	4     250004  1.2261834E+01  7.05E-02    0.57    2.87*   2.57
fixed	A08_S7_F1	A08	F1	S7	149	4	1000023	12.281095	0.0577	0.004698278125851156	0.47	4.7	2.57	4    1000023  1.2281095E+01  5.77E-02    0.47    4.70    2.57    0.75   4
fixed	A08_S7_F1	A08	F1	S7	152	5	600000	35.083648	19.2	0.5472635000784412	54.85	424.9	0.01	5     600000  3.5083648E+01  1.92E+01   54.85  424.90    0.01
fixed	A08_S7_F1	A08	F1	S7	154	5	600000	35.083648	19.2	0.5472635000784412	54.85	424.9	0.01	5     600000  3.5083648E+01  1.92E+01   54.85  424.90    0.01
fixed	A08_S7_F2	A08	F2	S7	144	1	250007	13.256689	0.959	0.07234083865134047	7.23	36.17	2.11	1     250007  1.3256689E+01  9.59E-01    7.23   36.17*   2.11
fixed	A08_S7_F2	A08	F2	S7	145	2	250012	12.29622	0.102	0.008295232193308187	0.83	4.14	1.99	2     250012  1.2296220E+01  1.02E-01    0.83    4.14*   1.99
fixed	A08_S7_F2	A08	F2	S7	146	3	250000	13.104022	0.778	0.05937108469445488	5.94	29.7	1.93	3     250000  1.3104022E+01  7.78E-01    5.94   29.70    1.93
fixed	A08_S7_F2	A08	F2	S7	147	4	250004	12.261834	0.0705	0.00574954774302115	0.57	2.87	2.57	4     250004  1.2261834E+01  7.05E-02    0.57    2.87*   2.57
fixed	A08_S7_F2	A08	F2	S7	149	4	1000023	12.281095	0.0577	0.004698278125851156	0.47	4.7	2.57	4    1000023  1.2281095E+01  5.77E-02    0.47    4.70    2.57    0.75   4
fixed	A08_S7_F2	A08	F2	S7	152	5	1968778	117.97286	59.8	0.5068962471537946	50.73	711.74	0.0	5    1968778  1.1797286E+02  5.98E+01   50.73  711.74    0.00
fixed	A08_S7_F2	A08	F2	S7	154	5	1968778	117.97286	59.8	0.5068962471537946	50.73	711.74	0.0	5    1968778  1.1797286E+02  5.98E+01   50.73  711.74    0.00
adaptive	A09_S0	A09		S0	148	1	499997	13.476999	0.729	0.05409216102190109	5.41	38.25	1.34	1     499997  1.3476999E+01  7.29E-01    5.41   38.25*   1.34
adaptive	A09_S0	A09		S0	149	2	499979	17.010399	3.84	0.22574426384707377	22.58	159.65	0.82	2     499979  1.7010399E+01  3.84E+00   22.58  159.65    0.82
adaptive	A09_S0	A09		S0	151	2	999976	13.599876	0.716	0.05264753884520711	5.27	52.66	0.82	2     999976  1.3599876E+01  7.16E-01    5.27   52.66    0.82    0.82   2
fixed	A09_S0_F0	A09	F0	S0	144	1	499997	13.476999	0.729	0.05409216102190109	5.41	38.25	1.34	1     499997  1.3476999E+01  7.29E-01    5.41   38.25*   1.34
fixed	A09_S0_F0	A09	F0	S0	145	2	499979	17.010399	3.84	0.22574426384707377	22.58	159.65	0.82	2     499979  1.7010399E+01  3.84E+00   22.58  159.65    0.82
fixed	A09_S0_F0	A09	F0	S0	147	2	999976	13.599876	0.716	0.05264753884520711	5.27	52.66	0.82	2     999976  1.3599876E+01  7.16E-01    5.27   52.66    0.82    0.82   2
fixed	A09_S0_F0	A09	F0	S0	150	3	202478	12.213933	0.0817	0.0066890820508021444	0.67	3.01	3.85	3     202478  1.2213933E+01  8.17E-02    0.67    3.01*   3.85
fixed	A09_S0_F0	A09	F0	S0	151	4	202478	12.397989	0.122	0.009840305552779567	0.98	4.42	2.88	4     202478  1.2397989E+01  1.22E-01    0.98    4.42    2.88
fixed	A09_S0_F0	A09	F0	S0	152	5	202478	13.304826	1.0	0.07516069732892411	7.52	33.86	2.45	5     202478  1.3304826E+01  1.00E+00    7.52   33.86    2.45
fixed	A09_S0_F0	A09	F0	S0	154	5	607434	12.275714	0.0677	0.0055149541607111404	0.55	4.3	2.45	5     607434  1.2275714E+01  6.77E-02    0.55    4.30    2.45    1.32   3
fixed	A09_S0_F1	A09	F1	S0	144	1	499997	13.476999	0.729	0.05409216102190109	5.41	38.25	1.34	1     499997  1.3476999E+01  7.29E-01    5.41   38.25*   1.34
fixed	A09_S0_F1	A09	F1	S0	145	2	499979	17.010399	3.84	0.22574426384707377	22.58	159.65	0.82	2     499979  1.7010399E+01  3.84E+00   22.58  159.65    0.82
fixed	A09_S0_F1	A09	F1	S0	147	2	999976	13.599876	0.716	0.05264753884520711	5.27	52.66	0.82	2     999976  1.3599876E+01  7.16E-01    5.27   52.66    0.82    0.82   2
fixed	A09_S0_F1	A09	F1	S0	150	3	599997	12.369757	0.0931	0.007526421092993177	0.75	5.83	0.88	3     599997  1.2369757E+01  9.31E-02    0.75    5.83*   0.88
fixed	A09_S0_F1	A09	F1	S0	152	3	599997	12.369757	0.0931	0.007526421092993177	0.75	5.83	0.88	3     599997  1.2369757E+01  9.31E-02    0.75    5.83    0.88
fixed	A09_S0_F2	A09	F2	S0	144	1	499997	13.476999	0.729	0.05409216102190109	5.41	38.25	1.34	1     499997  1.3476999E+01  7.29E-01    5.41   38.25*   1.34
fixed	A09_S0_F2	A09	F2	S0	145	2	499979	17.010399	3.84	0.22574426384707377	22.58	159.65	0.82	2     499979  1.7010399E+01  3.84E+00   22.58  159.65    0.82
fixed	A09_S0_F2	A09	F2	S0	147	2	999976	13.599876	0.716	0.05264753884520711	5.27	52.66	0.82	2     999976  1.3599876E+01  7.16E-01    5.27   52.66    0.82    0.82   2
fixed	A09_S0_F2	A09	F2	S0	150	3	1999988	12.968218	0.275	0.02120568917024683	2.12	30.03	0.42	3    1999988  1.2968218E+01  2.75E-01    2.12   30.03*   0.42
fixed	A09_S0_F2	A09	F2	S0	152	3	1999988	12.968218	0.275	0.02120568917024683	2.12	30.03	0.42	3    1999988  1.2968218E+01  2.75E-01    2.12   30.03    0.42
adaptive	A09_S1	A09		S1	148	1	499994	12.80044	0.71	0.05546684332726062	5.55	39.23	1.27	1     499994  1.2800440E+01  7.10E-01    5.55   39.23*   1.27
adaptive	A09_S1	A09		S1	149	2	477798	374.11899	362.0	0.9676065895505599	96.75	668.73	0.11	2     477798  3.7411899E+02  3.62E+02   96.75  668.73    0.11
adaptive	A09_S1	A09		S1	151	2	977792	12.801831	0.71	0.05546081650351422	5.55	54.85	0.11	2     977792  1.2801831E+01  7.10E-01    5.55   54.85    0.11    1.00   2
fixed	A09_S1_F0	A09	F0	S1	144	1	499994	12.80044	0.71	0.05546684332726062	5.55	39.23	1.27	1     499994  1.2800440E+01  7.10E-01    5.55   39.23*   1.27
fixed	A09_S1_F0	A09	F0	S1	145	2	477798	374.11899	362.0	0.9676065895505599	96.75	668.73	0.11	2     477798  3.7411899E+02  3.62E+02   96.75  668.73    0.11
fixed	A09_S1_F0	A09	F0	S1	147	2	977792	12.801831	0.71	0.05546081650351422	5.55	54.85	0.11	2     977792  1.2801831E+01  7.10E-01    5.55   54.85    0.11    1.00   2
fixed	A09_S1_F0	A09	F0	S1	150	3	202948	14.907711	2.37	0.15897812883547313	15.88	71.55	0.01	3     202948  1.4907711E+01  2.37E+00   15.88   71.55*   0.01
fixed	A09_S1_F0	A09	F0	S1	151	4	202948	13.394326	0.854	0.06375834065857439	6.38	28.73	0.26	4     202948  1.3394326E+01  8.54E-01    6.38   28.73*   0.26
fixed	A09_S1_F0	A09	F0	S1	152	5	202948	15.207645	2.09	0.13743087769342327	13.76	61.99	0.02	5     202948  1.5207645E+01  2.09E+00   13.76   61.99    0.02
fixed	A09_S1_F0	A09	F0	S1	154	5	608844	13.779307	0.75	0.05442944264178162	5.44	42.48	0.02	5     608844  1.3779307E+01  7.50E-01    5.44   42.48    0.02    0.45   3
fixed	A09_S1_F1	A09	F1	S1	144	1	499994	12.80044	0.71	0.05546684332726062	5.55	39.23	1.27	1     499994  1.2800440E+01  7.10E-01    5.55   39.23*   1.27
fixed	A09_S1_F1	A09	F1	S1	145	2	477798	374.11899	362.0	0.9676065895505599	96.75	668.73	0.11	2     477798  3.7411899E+02  3.62E+02   96.75  668.73    0.11
fixed	A09_S1_F1	A09	F1	S1	147	2	977792	12.801831	0.71	0.05546081650351422	5.55	54.85	0.11	2     977792  1.2801831E+01  7.10E-01    5.55   54.85    0.11    1.00   2
fixed	A09_S1_F1	A09	F1	S1	150	3	520963	72.789442	60.2	0.827043020882067	82.7	596.94	0.12	3     520963  7.2789442E+01  6.02E+01   82.70  596.94*   0.12
fixed	A09_S1_F1	A09	F1	S1	152	3	520963	72.789442	60.2	0.827043020882067	82.7	596.94	0.12	3     520963  7.2789442E+01  6.02E+01   82.70  596.94    0.12
fixed	A09_S1_F2	A09	F2	S1	144	1	499994	12.80044	0.71	0.05546684332726062	5.55	39.23	1.27	1     499994  1.2800440E+01  7.10E-01    5.55   39.23*   1.27
fixed	A09_S1_F2	A09	F2	S1	145	2	477798	374.11899	362.0	0.9676065895505599	96.75	668.73	0.11	2     477798  3.7411899E+02  3.62E+02   96.75  668.73    0.11
fixed	A09_S1_F2	A09	F2	S1	147	2	977792	12.801831	0.71	0.05546081650351422	5.55	54.85	0.11	2     977792  1.2801831E+01  7.10E-01    5.55   54.85    0.11    1.00   2
fixed	A09_S1_F2	A09	F2	S1	150	3	1911282	31.868047	18.1	0.567967029796335	56.69	783.78	0.03	3    1911282  3.1868047E+01  1.81E+01   56.69  783.78    0.03
fixed	A09_S1_F2	A09	F2	S1	152	3	1911282	31.868047	18.1	0.567967029796335	56.69	783.78	0.03	3    1911282  3.1868047E+01  1.81E+01   56.69  783.78    0.03
adaptive	A09_S2	A09		S2	148	1	499988	12.84457	0.716	0.05574339974012365	5.57	39.41	1.47	1     499988  1.2844570E+01  7.16E-01    5.57   39.41*   1.47
adaptive	A09_S2	A09		S2	149	2	500003	30.753665	12.4	0.4032039758513335	40.28	284.84	0.21	2     500003  3.0753665E+01  1.24E+01   40.28  284.84    0.21
adaptive	A09_S2	A09		S2	151	2	999991	12.904167	0.715	0.055408458368525454	5.54	55.38	0.21	2     999991  1.2904167E+01  7.15E-01    5.54   55.38    0.21    2.08   2
fixed	A09_S2_F0	A09	F0	S2	144	1	499988	12.84457	0.716	0.05574339974012365	5.57	39.41	1.47	1     499988  1.2844570E+01  7.16E-01    5.57   39.41*   1.47
fixed	A09_S2_F0	A09	F0	S2	145	2	500003	30.753665	12.4	0.4032039758513335	40.28	284.84	0.21	2     500003  3.0753665E+01  1.24E+01   40.28  284.84    0.21
fixed	A09_S2_F0	A09	F0	S2	147	2	999991	12.904167	0.715	0.055408458368525454	5.54	55.38	0.21	2     999991  1.2904167E+01  7.15E-01    5.54   55.38    0.21    2.08   2
fixed	A09_S2_F0	A09	F0	S2	150	3	202603	13.794367	1.05	0.07611802701783997	7.63	34.35	0.74	3     202603  1.3794367E+01  1.05E+00    7.63   34.35*   0.74
fixed	A09_S2_F0	A09	F0	S2	151	4	202603	12.33245	0.109	0.008838470863453735	0.88	3.97	1.69	4     202603  1.2332450E+01  1.09E-01    0.88    3.97*   1.69
fixed	A09_S2_F0	A09	F0	S2	152	5	202603	22.306203	9.21	0.4128896343317597	41.29	185.84	0.74	5     202603  2.2306203E+01  9.21E+00   41.29  185.84    0.74
fixed	A09_S2_F0	A09	F0	S2	154	5	607809	12.349271	0.108	0.008745455500976535	0.88	6.83	0.74	5     607809  1.2349271E+01  1.08E-01    0.88    6.83    0.74    1.54   3
fixed	A09_S2_F1	A09	F1	S2	144	1	499988	12.84457	0.716	0.05574339974012365	5.57	39.41	1.47	1     499988  1.2844570E+01  7.16E-01    5.57   39.41*   1.47
fixed	A09_S2_F1	A09	F1	S2	145	2	500003	30.753665	12.4	0.4032039758513335	40.28	284.84	0.21	2     500003  3.0753665E+01  1.24E+01   40.28  284.84    0.21
fixed	A09_S2_F1	A09	F1	S2	147	2	999991	12.904167	0.715	0.055408458368525454	5.54	55.38	0.21	2     999991  1.2904167E+01  7.15E-01    5.54   55.38    0.21    2.08   2
fixed	A09_S2_F1	A09	F1	S2	150	3	599997	13.453394	0.44	0.03270550167489334	3.27	25.35	0.15	3     599997  1.3453394E+01  4.40E-01    3.27   25.35*   0.15
fixed	A09_S2_F1	A09	F1	S2	152	3	599997	13.453394	0.44	0.03270550167489334	3.27	25.35	0.15	3     599997  1.3453394E+01  4.40E-01    3.27   25.35    0.15
fixed	A09_S2_F2	A09	F2	S2	144	1	499988	12.84457	0.716	0.05574339974012365	5.57	39.41	1.47	1     499988  1.2844570E+01  7.16E-01    5.57   39.41*   1.47
fixed	A09_S2_F2	A09	F2	S2	145	2	500003	30.753665	12.4	0.4032039758513335	40.28	284.84	0.21	2     500003  3.0753665E+01  1.24E+01   40.28  284.84    0.21
fixed	A09_S2_F2	A09	F2	S2	147	2	999991	12.904167	0.715	0.055408458368525454	5.54	55.38	0.21	2     999991  1.2904167E+01  7.15E-01    5.54   55.38    0.21    2.08   2
fixed	A09_S2_F2	A09	F2	S2	150	3	1963159	58.33757	24.1	0.41311285334647985	41.28	578.34	0.0	3    1963159  5.8337570E+01  2.41E+01   41.28  578.34    0.00
fixed	A09_S2_F2	A09	F2	S2	152	3	1963159	58.33757	24.1	0.41311285334647985	41.28	578.34	0.0	3    1963159  5.8337570E+01  2.41E+01   41.28  578.34    0.00
adaptive	A09_S3	A09		S3	148	1	500009	12.482538	0.735	0.05888225615656047	5.88	41.61	1.22	1     500009  1.2482538E+01  7.35E-01    5.88   41.61*   1.22
adaptive	A09_S3	A09		S3	149	2	499983	12.345893	0.0942	0.007630067748035724	0.76	5.39	1.94	2     499983  1.2345893E+01  9.42E-02    0.76    5.39*   1.94
adaptive	A09_S3	A09		S3	151	2	999992	12.348103	0.0934	0.007563914878261057	0.76	7.57	1.94	2     999992  1.2348103E+01  9.34E-02    0.76    7.57    1.94    0.03   2
fixed	A09_S3_F0	A09	F0	S3	144	1	500009	12.482538	0.735	0.05888225615656047	5.88	41.61	1.22	1     500009  1.2482538E+01  7.35E-01    5.88   41.61*   1.22
fixed	A09_S3_F0	A09	F0	S3	145	2	499983	12.345893	0.0942	0.007630067748035724	0.76	5.39	1.94	2     499983  1.2345893E+01  9.42E-02    0.76    5.39*   1.94
fixed	A09_S3_F0	A09	F0	S3	147	2	999992	12.348103	0.0934	0.007563914878261057	0.76	7.57	1.94	2     999992  1.2348103E+01  9.34E-02    0.76    7.57    1.94    0.03   2
fixed	A09_S3_F0	A09	F0	S3	150	3	202232	21.31554	7.66	0.3593622305604268	35.94	161.62	0.26	3     202232  2.1315540E+01  7.66E+00   35.94  161.62    0.26
fixed	A09_S3_F0	A09	F0	S3	151	4	202232	24.55389	12.1	0.4927936062269563	49.19	221.21	0.69	4     202232  2.4553890E+01  1.21E+01   49.19  221.21    0.69
fixed	A09_S3_F0	A09	F0	S3	152	5	202232	12.457549	0.164	0.013164708402912966	1.31	5.91	3.48	5     202232  1.2457549E+01  1.64E-01    1.31    5.91*   3.48
fixed	A09_S3_F0	A09	F0	S3	154	5	606696	12.46381	0.164	0.01315809531756341	1.31	10.23	3.48	5     606696  1.2463810E+01  1.64E-01    1.31   10.23    3.48    1.17   3
fixed	A09_S3_F1	A09	F1	S3	144	1	500009	12.482538	0.735	0.05888225615656047	5.88	41.61	1.22	1     500009  1.2482538E+01  7.35E-01    5.88   41.61*   1.22
fixed	A09_S3_F1	A09	F1	S3	145	2	499983	12.345893	0.0942	0.007630067748035724	0.76	5.39	1.94	2     499983  1.2345893E+01  9.42E-02    0.76    5.39*   1.94
fixed	A09_S3_F1	A09	F1	S3	147	2	999992	12.348103	0.0934	0.007563914878261057	0.76	7.57	1.94	2     999992  1.2348103E+01  9.34E-02    0.76    7.57    1.94    0.03   2
fixed	A09_S3_F1	A09	F1	S3	150	3	599988	15.396709	2.55	0.16561980875263668	16.57	128.35	0.19	3     599988  1.5396709E+01  2.55E+00   16.57  128.35    0.19
fixed	A09_S3_F1	A09	F1	S3	152	3	599988	15.396709	2.55	0.16561980875263668	16.57	128.35	0.19	3     599988  1.5396709E+01  2.55E+00   16.57  128.35    0.19
fixed	A09_S3_F2	A09	F2	S3	144	1	500009	12.482538	0.735	0.05888225615656047	5.88	41.61	1.22	1     500009  1.2482538E+01  7.35E-01    5.88   41.61*   1.22
fixed	A09_S3_F2	A09	F2	S3	145	2	499983	12.345893	0.0942	0.007630067748035724	0.76	5.39	1.94	2     499983  1.2345893E+01  9.42E-02    0.76    5.39*   1.94
fixed	A09_S3_F2	A09	F2	S3	147	2	999992	12.348103	0.0934	0.007563914878261057	0.76	7.57	1.94	2     999992  1.2348103E+01  9.34E-02    0.76    7.57    1.94    0.03   2
fixed	A09_S3_F2	A09	F2	S3	150	3	1971757	15.282066	1.58	0.10338916217218275	10.33	145.09	0.03	3    1971757  1.5282066E+01  1.58E+00   10.33  145.09    0.03
fixed	A09_S3_F2	A09	F2	S3	152	3	1971757	15.282066	1.58	0.10338916217218275	10.33	145.09	0.03	3    1971757  1.5282066E+01  1.58E+00   10.33  145.09    0.03
adaptive	A09_S4	A09		S4	148	1	499978	13.534866	0.755	0.05578185997556238	5.58	39.44	1.43	1     499978  1.3534866E+01  7.55E-01    5.58   39.44*   1.43
adaptive	A09_S4	A09		S4	149	2	499981	13.823239	0.978	0.07075042253121717	7.07	50.01	0.29	2     499981  1.3823239E+01  9.78E-01    7.07   50.01    0.29
adaptive	A09_S4	A09		S4	151	2	999959	13.642583	0.597	0.04376004162848047	4.38	43.8	0.29	2     999959  1.3642583E+01  5.97E-01    4.38   43.80    0.29    0.05   2
fixed	A09_S4_F0	A09	F0	S4	144	1	499978	13.534866	0.755	0.05578185997556238	5.58	39.44	1.43	1     499978  1.3534866E+01  7.55E-01    5.58   39.44*   1.43
fixed	A09_S4_F0	A09	F0	S4	145	2	499981	13.823239	0.978	0.07075042253121717	7.07	50.01	0.29	2     499981  1.3823239E+01  9.78E-01    7.07   50.01    0.29
fixed	A09_S4_F0	A09	F0	S4	147	2	999959	13.642583	0.597	0.04376004162848047	4.38	43.8	0.29	2     999959  1.3642583E+01  5.97E-01    4.38   43.80    0.29    0.05   2
fixed	A09_S4_F0	A09	F0	S4	150	3	202346	12.387873	0.187	0.015095408227062061	1.51	6.78	3.6	3     202346  1.2387873E+01  1.87E-01    1.51    6.78*   3.60
fixed	A09_S4_F0	A09	F0	S4	151	4	202346	12.961494	0.513	0.03957877078059057	3.96	17.8	2.39	4     202346  1.2961494E+01  5.13E-01    3.96   17.80    2.39
fixed	A09_S4_F0	A09	F0	S4	152	5	202346	61.543471	49.1	0.7978100552697134	79.79	358.92	0.3	5     202346  6.1543471E+01  4.91E+01   79.79  358.92    0.30
fixed	A09_S4_F0	A09	F0	S4	154	5	607038	12.455667	0.176	0.014130114429038604	1.41	10.98	0.3	5     607038  1.2455667E+01  1.76E-01    1.41   10.98    0.30    1.05   3
fixed	A09_S4_F1	A09	F1	S4	144	1	499978	13.534866	0.755	0.05578185997556238	5.58	39.44	1.43	1     499978  1.3534866E+01  7.55E-01    5.58   39.44*   1.43
fixed	A09_S4_F1	A09	F1	S4	145	2	499981	13.823239	0.978	0.07075042253121717	7.07	50.01	0.29	2     499981  1.3823239E+01  9.78E-01    7.07   50.01    0.29
fixed	A09_S4_F1	A09	F1	S4	147	2	999959	13.642583	0.597	0.04376004162848047	4.38	43.8	0.29	2     999959  1.3642583E+01  5.97E-01    4.38   43.80    0.29    0.05   2
fixed	A09_S4_F1	A09	F1	S4	150	3	599990	12.56832	0.148	0.011775639067114776	1.17	9.09	0.87	3     599990  1.2568320E+01  1.48E-01    1.17    9.09*   0.87
fixed	A09_S4_F1	A09	F1	S4	152	3	599990	12.56832	0.148	0.011775639067114776	1.17	9.09	0.87	3     599990  1.2568320E+01  1.48E-01    1.17    9.09    0.87
fixed	A09_S4_F2	A09	F2	S4	144	1	499978	13.534866	0.755	0.05578185997556238	5.58	39.44	1.43	1     499978  1.3534866E+01  7.55E-01    5.58   39.44*   1.43
fixed	A09_S4_F2	A09	F2	S4	145	2	499981	13.823239	0.978	0.07075042253121717	7.07	50.01	0.29	2     499981  1.3823239E+01  9.78E-01    7.07   50.01    0.29
fixed	A09_S4_F2	A09	F2	S4	147	2	999959	13.642583	0.597	0.04376004162848047	4.38	43.8	0.29	2     999959  1.3642583E+01  5.97E-01    4.38   43.80    0.29    0.05   2
fixed	A09_S4_F2	A09	F2	S4	150	3	1950962	21.85865	5.63	0.2575639392185702	25.77	359.9	0.01	3    1950962  2.1858650E+01  5.63E+00   25.77  359.90    0.01
fixed	A09_S4_F2	A09	F2	S4	152	3	1950962	21.85865	5.63	0.2575639392185702	25.77	359.9	0.01	3    1950962  2.1858650E+01  5.63E+00   25.77  359.90    0.01
adaptive	A09_S5	A09		S5	148	1	500008	12.397673	0.665	0.053639098240452064	5.36	37.92	1.2	1     500008  1.2397673E+01  6.65E-01    5.36   37.92*   1.20
adaptive	A09_S5	A09		S5	149	2	499986	12.749698	0.46	0.0360792859564203	3.61	25.53	1.22	2     499986  1.2749698E+01  4.60E-01    3.61   25.53*   1.22
adaptive	A09_S5	A09		S5	151	2	999994	12.635661	0.378	0.029915332486365374	3.0	29.95	1.22	2     999994  1.2635661E+01  3.78E-01    3.00   29.95    1.22    0.19   2
fixed	A09_S5_F0	A09	F0	S5	144	1	500008	12.397673	0.665	0.053639098240452064	5.36	37.92	1.2	1     500008  1.2397673E+01  6.65E-01    5.36   37.92*   1.20
fixed	A09_S5_F0	A09	F0	S5	145	2	499986	12.749698	0.46	0.0360792859564203	3.61	25.53	1.22	2     499986  1.2749698E+01  4.60E-01    3.61   25.53*   1.22
fixed	A09_S5_F0	A09	F0	S5	147	2	999994	12.635661	0.378	0.029915332486365374	3.0	29.95	1.22	2     999994  1.2635661E+01  3.78E-01    3.00   29.95    1.22    0.19   2
fixed	A09_S5_F0	A09	F0	S5	150	3	202357	12.303054	0.102	0.008290624425447535	0.83	3.73	2.91	3     202357  1.2303054E+01  1.02E-01    0.83    3.73*   2.91
fixed	A09_S5_F0	A09	F0	S5	151	4	202357	71.164385	46.4	0.6520115363886023	65.17	293.14	1.35	4     202357  7.1164385E+01  4.64E+01   65.17  293.14    1.35
fixed	A09_S5_F0	A09	F0	S5	152	5	202357	12.570023	0.27	0.021479674301311938	2.15	9.66	0.47	5     202357  1.2570023E+01  2.70E-01    2.15    9.66*   0.47
fixed	A09_S5_F0	A09	F0	S5	154	5	607071	12.336617	0.0953	0.007724970305878831	0.77	6.02	0.47	5     607071  1.2336617E+01  9.53E-02    0.77    6.02    0.47    1.23   3
fixed	A09_S5_F1	A09	F1	S5	144	1	500008	12.397673	0.665	0.053639098240452064	5.36	37.92	1.2	1     500008  1.2397673E+01  6.65E-01    5.36   37.92*   1.20
fixed	A09_S5_F1	A09	F1	S5	145	2	499986	12.749698	0.46	0.0360792859564203	3.61	25.53	1.22	2     499986  1.2749698E+01  4.60E-01    3.61   25.53*   1.22
fixed	A09_S5_F1	A09	F1	S5	147	2	999994	12.635661	0.378	0.029915332486365374	3.0	29.95	1.22	2     999994  1.2635661E+01  3.78E-01    3.00   29.95    1.22    0.19   2
fixed	A09_S5_F1	A09	F1	S5	150	3	599993	12.705719	0.392	0.030852248503213397	3.09	23.93	1.48	3     599993  1.2705719E+01  3.92E-01    3.09   23.93*   1.48
fixed	A09_S5_F1	A09	F1	S5	152	3	599993	12.705719	0.392	0.030852248503213397	3.09	23.93	1.48	3     599993  1.2705719E+01  3.92E-01    3.09   23.93    1.48
fixed	A09_S5_F2	A09	F2	S5	144	1	500008	12.397673	0.665	0.053639098240452064	5.36	37.92	1.2	1     500008  1.2397673E+01  6.65E-01    5.36   37.92*   1.20
fixed	A09_S5_F2	A09	F2	S5	145	2	499986	12.749698	0.46	0.0360792859564203	3.61	25.53	1.22	2     499986  1.2749698E+01  4.60E-01    3.61   25.53*   1.22
fixed	A09_S5_F2	A09	F2	S5	147	2	999994	12.635661	0.378	0.029915332486365374	3.0	29.95	1.22	2     999994  1.2635661E+01  3.78E-01    3.00   29.95    1.22    0.19   2
fixed	A09_S5_F2	A09	F2	S5	150	3	1987425	13.755764	0.705	0.051251242751765735	5.12	72.21	0.11	3    1987425  1.3755764E+01  7.05E-01    5.12   72.21    0.11
fixed	A09_S5_F2	A09	F2	S5	152	3	1987425	13.755764	0.705	0.051251242751765735	5.12	72.21	0.11	3    1987425  1.3755764E+01  7.05E-01    5.12   72.21    0.11
adaptive	A09_S6	A09		S6	148	1	499988	12.857104	0.666	0.05180015655158425	5.18	36.65	1.47	1     499988  1.2857104E+01  6.66E-01    5.18   36.65*   1.47
adaptive	A09_S6	A09		S6	149	2	499995	12.24199	0.0796	0.006502210833369412	0.65	4.6	1.88	2     499995  1.2241990E+01  7.96E-02    0.65    4.60*   1.88
adaptive	A09_S6	A09		S6	151	2	999983	12.250642	0.079	0.006448641630373331	0.65	6.45	1.88	2     999983  1.2250642E+01  7.90E-02    0.65    6.45    1.88    0.84   2
fixed	A09_S6_F0	A09	F0	S6	144	1	499988	12.857104	0.666	0.05180015655158425	5.18	36.65	1.47	1     499988  1.2857104E+01  6.66E-01    5.18   36.65*   1.47
fixed	A09_S6_F0	A09	F0	S6	145	2	499995	12.24199	0.0796	0.006502210833369412	0.65	4.6	1.88	2     499995  1.2241990E+01  7.96E-02    0.65    4.60*   1.88
fixed	A09_S6_F0	A09	F0	S6	147	2	999983	12.250642	0.079	0.006448641630373331	0.65	6.45	1.88	2     999983  1.2250642E+01  7.90E-02    0.65    6.45    1.88    0.84   2
fixed	A09_S6_F0	A09	F0	S6	150	3	202270	29.147797	15.4	0.5283418160212932	52.76	237.31	0.14	3     202270  2.9147797E+01  1.54E+01   52.76  237.31    0.14
fixed	A09_S6_F0	A09	F0	S6	151	4	202270	33.962709	21.3	0.6271584519362104	62.83	282.58	2.66	4     202270  3.3962709E+01  2.13E+01   62.83  282.58    2.66
fixed	A09_S6_F0	A09	F0	S6	152	5	202270	12.495107	0.142	0.01136444849972073	1.13	5.1	3.58	5     202270  1.2495107E+01  1.42E-01    1.13    5.10*   3.58
fixed	A09_S6_F0	A09	F0	S6	154	5	606810	12.49747	0.142	0.011362299729465243	1.13	8.84	3.58	5     606810  1.2497470E+01  1.42E-01    1.13    8.84    3.58    1.09   3
fixed	A09_S6_F1	A09	F1	S6	144	1	499988	12.857104	0.666	0.05180015655158425	5.18	36.65	1.47	1     499988  1.2857104E+01  6.66E-01    5.18   36.65*   1.47
fixed	A09_S6_F1	A09	F1	S6	145	2	499995	12.24199	0.0796	0.006502210833369412	0.65	4.6	1.88	2     499995  1.2241990E+01  7.96E-02    0.65    4.60*   1.88
fixed	A09_S6_F1	A09	F1	S6	147	2	999983	12.250642	0.079	0.006448641630373331	0.65	6.45	1.88	2     999983  1.2250642E+01  7.90E-02    0.65    6.45    1.88    0.84   2
fixed	A09_S6_F1	A09	F1	S6	150	3	600016	25.727949	9.03	0.3509801733515563	35.09	271.78	0.06	3     600016  2.5727949E+01  9.03E+00   35.09  271.78    0.06
fixed	A09_S6_F1	A09	F1	S6	152	3	600016	25.727949	9.03	0.3509801733515563	35.09	271.78	0.06	3     600016  2.5727949E+01  9.03E+00   35.09  271.78    0.06
fixed	A09_S6_F2	A09	F2	S6	144	1	499988	12.857104	0.666	0.05180015655158425	5.18	36.65	1.47	1     499988  1.2857104E+01  6.66E-01    5.18   36.65*   1.47
fixed	A09_S6_F2	A09	F2	S6	145	2	499995	12.24199	0.0796	0.006502210833369412	0.65	4.6	1.88	2     499995  1.2241990E+01  7.96E-02    0.65    4.60*   1.88
fixed	A09_S6_F2	A09	F2	S6	147	2	999983	12.250642	0.079	0.006448641630373331	0.65	6.45	1.88	2     999983  1.2250642E+01  7.90E-02    0.65    6.45    1.88    0.84   2
fixed	A09_S6_F2	A09	F2	S6	150	3	1977286	18.063033	3.04	0.16829953197782455	16.86	237.02	0.04	3    1977286  1.8063033E+01  3.04E+00   16.86  237.02    0.04
fixed	A09_S6_F2	A09	F2	S6	152	3	1977286	18.063033	3.04	0.16829953197782455	16.86	237.02	0.04	3    1977286  1.8063033E+01  3.04E+00   16.86  237.02    0.04
adaptive	A09_S7	A09		S7	148	1	499998	13.800606	1.33	0.09637257958092565	9.66	68.33	0.9	1     499998  1.3800606E+01  1.33E+00    9.66   68.33*   0.90
adaptive	A09_S7	A09		S7	149	2	499996	12.985434	0.688	0.05298244171122813	5.29	37.44	1.67	2     499996  1.2985434E+01  6.88E-01    5.29   37.44*   1.67
adaptive	A09_S7	A09		S7	151	2	999994	13.156631	0.611	0.046440460327571695	4.64	46.45	1.67	2     999994  1.3156631E+01  6.11E-01    4.64   46.45    1.67    0.30   2
fixed	A09_S7_F0	A09	F0	S7	144	1	499998	13.800606	1.33	0.09637257958092565	9.66	68.33	0.9	1     499998  1.3800606E+01  1.33E+00    9.66   68.33*   0.90
fixed	A09_S7_F0	A09	F0	S7	145	2	499996	12.985434	0.688	0.05298244171122813	5.29	37.44	1.67	2     499996  1.2985434E+01  6.88E-01    5.29   37.44*   1.67
fixed	A09_S7_F0	A09	F0	S7	147	2	999994	13.156631	0.611	0.046440460327571695	4.64	46.45	1.67	2     999994  1.3156631E+01  6.11E-01    4.64   46.45    1.67    0.30   2
fixed	A09_S7_F0	A09	F0	S7	150	3	202308	12.737457	0.262	0.02056925491485467	2.06	9.25	2.83	3     202308  1.2737457E+01  2.62E-01    2.06    9.25*   2.83
fixed	A09_S7_F0	A09	F0	S7	151	4	202308	12.240598	0.0698	0.0057023357845752305	0.57	2.56	3.45	4     202308  1.2240598E+01  6.98E-02    0.57    2.56*   3.45
fixed	A09_S7_F0	A09	F0	S7	152	5	202308	18.52932	5.98	0.32273175702076495	32.28	145.2	0.63	5     202308  1.8529320E+01  5.98E+00   32.28  145.20    0.63
fixed	A09_S7_F0	A09	F0	S7	154	5	606924	12.27432	0.0674	0.005491139224005893	0.55	4.28	0.63	5     606924  1.2274320E+01  6.74E-02    0.55    4.28    0.63    2.23   3
fixed	A09_S7_F1	A09	F1	S7	144	1	499998	13.800606	1.33	0.09637257958092565	9.66	68.33	0.9	1     499998  1.3800606E+01  1.33E+00    9.66   68.33*   0.90
fixed	A09_S7_F1	A09	F1	S7	145	2	499996	12.985434	0.688	0.05298244171122813	5.29	37.44	1.67	2     499996  1.2985434E+01  6.88E-01    5.29   37.44*   1.67
fixed	A09_S7_F1	A09	F1	S7	147	2	999994	13.156631	0.611	0.046440460327571695	4.64	46.45	1.67	2     999994  1.3156631E+01  6.11E-01    4.64   46.45    1.67    0.30   2
fixed	A09_S7_F1	A09	F1	S7	150	3	599968	12.450004	0.101	0.008112447192788051	0.81	6.3	1.84	3     599968  1.2450004E+01  1.01E-01    0.81    6.30*   1.84
fixed	A09_S7_F1	A09	F1	S7	152	3	599968	12.450004	0.101	0.008112447192788051	0.81	6.3	1.84	3     599968  1.2450004E+01  1.01E-01    0.81    6.30    1.84
fixed	A09_S7_F2	A09	F2	S7	144	1	499998	13.800606	1.33	0.09637257958092565	9.66	68.33	0.9	1     499998  1.3800606E+01  1.33E+00    9.66   68.33*   0.90
fixed	A09_S7_F2	A09	F2	S7	145	2	499996	12.985434	0.688	0.05298244171122813	5.29	37.44	1.67	2     499996  1.2985434E+01  6.88E-01    5.29   37.44*   1.67
fixed	A09_S7_F2	A09	F2	S7	147	2	999994	13.156631	0.611	0.046440460327571695	4.64	46.45	1.67	2     999994  1.3156631E+01  6.11E-01    4.64   46.45    1.67    0.30   2
fixed	A09_S7_F2	A09	F2	S7	150	3	1986933	21.809546	7.58	0.34755423152779064	34.76	489.93	0.02	3    1986933  2.1809546E+01  7.58E+00   34.76  489.93    0.02
fixed	A09_S7_F2	A09	F2	S7	152	3	1986933	21.809546	7.58	0.34755423152779064	34.76	489.93	0.02	3    1986933  2.1809546E+01  7.58E+00   34.76  489.93    0.02
adaptive	A10_S0	A10		S0	148	1	999972	13.160575	0.512	0.03890407523987364	3.89	38.91	0.98	1     999972  1.3160575E+01  5.12E-01    3.89   38.91*   0.98
adaptive	A10_S0	A10		S0	150	1	999972	13.160575	0.512	0.03890407523987364	3.89	38.91	0.98	1     999972  1.3160575E+01  5.12E-01    3.89   38.91    0.98
fixed	A10_S0_F0	A10	F0	S0	144	1	999972	13.160575	0.512	0.03890407523987364	3.89	38.91	0.98	1     999972  1.3160575E+01  5.12E-01    3.89   38.91*   0.98
fixed	A10_S0_F0	A10	F0	S0	146	1	999972	13.160575	0.512	0.03890407523987364	3.89	38.91	0.98	1     999972  1.3160575E+01  5.12E-01    3.89   38.91    0.98
fixed	A10_S0_F0	A10	F0	S0	149	2	200632	14.725885	1.48	0.10050329742490859	10.06	45.08	0.34	2     200632  1.4725885E+01  1.48E+00   10.06   45.08    0.34
fixed	A10_S0_F0	A10	F0	S0	150	3	200632	12.84328	0.461	0.03589425754168717	3.59	16.06	2.06	3     200632  1.2843280E+01  4.61E-01    3.59   16.06*   2.06
fixed	A10_S0_F0	A10	F0	S0	151	4	200632	61.378688	49.1	0.7999519311980081	79.96	358.16	0.39	4     200632  6.1378688E+01  4.91E+01   79.96  358.16    0.39
fixed	A10_S0_F0	A10	F0	S0	153	4	601896	13.012957	0.44	0.0338124532341112	3.38	26.22	0.39	4     601896  1.3012957E+01  4.40E-01    3.38   26.22    0.39    1.22   3
fixed	A10_S0_F1	A10	F1	S0	144	1	999972	13.160575	0.512	0.03890407523987364	3.89	38.91	0.98	1     999972  1.3160575E+01  5.12E-01    3.89   38.91*   0.98
fixed	A10_S0_F1	A10	F1	S0	146	1	999972	13.160575	0.512	0.03890407523987364	3.89	38.91	0.98	1     999972  1.3160575E+01  5.12E-01    3.89   38.91    0.98
fixed	A10_S0_F1	A10	F1	S0	149	2	600164	13.163378	0.519	0.039427569427847475	3.94	30.53	0.29	2     600164  1.3163378E+01  5.19E-01    3.94   30.53*   0.29
fixed	A10_S0_F1	A10	F1	S0	151	2	600164	13.163378	0.519	0.039427569427847475	3.94	30.53	0.29	2     600164  1.3163378E+01  5.19E-01    3.94   30.53    0.29
fixed	A10_S0_F2	A10	F2	S0	144	1	999972	13.160575	0.512	0.03890407523987364	3.89	38.91	0.98	1     999972  1.3160575E+01  5.12E-01    3.89   38.91*   0.98
fixed	A10_S0_F2	A10	F2	S0	146	1	999972	13.160575	0.512	0.03890407523987364	3.89	38.91	0.98	1     999972  1.3160575E+01  5.12E-01    3.89   38.91    0.98
fixed	A10_S0_F2	A10	F2	S0	149	2	2000014	13.757718	1.09	0.07922825573252773	7.92	111.99	0.04	2    2000014  1.3757718E+01  1.09E+00    7.92  111.99    0.04
fixed	A10_S0_F2	A10	F2	S0	151	2	2000014	13.757718	1.09	0.07922825573252773	7.92	111.99	0.04	2    2000014  1.3757718E+01  1.09E+00    7.92  111.99    0.04
adaptive	A10_S1	A10		S1	148	1	999984	12.728145	0.522	0.04101147496355518	4.1	41.03	0.88	1     999984  1.2728145E+01  5.22E-01    4.10   41.03*   0.88
adaptive	A10_S1	A10		S1	150	1	999984	12.728145	0.522	0.04101147496355518	4.1	41.03	0.88	1     999984  1.2728145E+01  5.22E-01    4.10   41.03    0.88
fixed	A10_S1_F0	A10	F0	S1	144	1	999984	12.728145	0.522	0.04101147496355518	4.1	41.03	0.88	1     999984  1.2728145E+01  5.22E-01    4.10   41.03*   0.88
fixed	A10_S1_F0	A10	F0	S1	146	1	999984	12.728145	0.522	0.04101147496355518	4.1	41.03	0.88	1     999984  1.2728145E+01  5.22E-01    4.10   41.03    0.88
fixed	A10_S1_F0	A10	F0	S1	149	2	200681	12.572074	0.208	0.0165446051303866	1.65	7.4	2.09	2     200681  1.2572074E+01  2.08E-01    1.65    7.40*   2.09
fixed	A10_S1_F0	A10	F0	S1	150	3	200681	13.145508	0.532	0.04047009822670984	4.05	18.13	1.3	3     200681  1.3145508E+01  5.32E-01    4.05   18.13    1.30
fixed	A10_S1_F0	A10	F0	S1	151	4	200681	14.472536	1.3	0.08982530774150432	8.96	40.14	0.14	4     200681  1.4472536E+01  1.30E+00    8.96   40.14    0.14
fixed	A10_S1_F0	A10	F0	S1	153	4	602043	12.68751	0.191	0.015054175326758365	1.51	11.7	0.14	4     602043  1.2687510E+01  1.91E-01    1.51   11.70    0.14    1.47   3
fixed	A10_S1_F1	A10	F1	S1	144	1	999984	12.728145	0.522	0.04101147496355518	4.1	41.03	0.88	1     999984  1.2728145E+01  5.22E-01    4.10   41.03*   0.88
fixed	A10_S1_F1	A10	F1	S1	146	1	999984	12.728145	0.522	0.04101147496355518	4.1	41.03	0.88	1     999984  1.2728145E+01  5.22E-01    4.10   41.03    0.88
fixed	A10_S1_F1	A10	F1	S1	149	2	600192	13.879809	0.804	0.057925869152810394	5.8	44.9	0.12	2     600192  1.3879809E+01  8.04E-01    5.80   44.90    0.12
fixed	A10_S1_F1	A10	F1	S1	151	2	600192	13.879809	0.804	0.057925869152810394	5.8	44.9	0.12	2     600192  1.3879809E+01  8.04E-01    5.80   44.90    0.12
fixed	A10_S1_F2	A10	F2	S1	144	1	999984	12.728145	0.522	0.04101147496355518	4.1	41.03	0.88	1     999984  1.2728145E+01  5.22E-01    4.10   41.03*   0.88
fixed	A10_S1_F2	A10	F2	S1	146	1	999984	12.728145	0.522	0.04101147496355518	4.1	41.03	0.88	1     999984  1.2728145E+01  5.22E-01    4.10   41.03    0.88
fixed	A10_S1_F2	A10	F2	S1	149	2	2000028	18.127742	4.12	0.22727596189310284	22.72	321.35	0.09	2    2000028  1.8127742E+01  4.12E+00   22.72  321.35    0.09
fixed	A10_S1_F2	A10	F2	S1	151	2	2000028	18.127742	4.12	0.22727596189310284	22.72	321.35	0.09	2    2000028  1.8127742E+01  4.12E+00   22.72  321.35    0.09
adaptive	A10_S2	A10		S2	148	1	999998	12.915414	0.511	0.03956512737415928	3.96	39.58	1.03	1     999998  1.2915414E+01  5.11E-01    3.96   39.58*   1.03
adaptive	A10_S2	A10		S2	150	1	999998	12.915414	0.511	0.03956512737415928	3.96	39.58	1.03	1     999998  1.2915414E+01  5.11E-01    3.96   39.58    1.03
fixed	A10_S2_F0	A10	F0	S2	144	1	999998	12.915414	0.511	0.03956512737415928	3.96	39.58	1.03	1     999998  1.2915414E+01  5.11E-01    3.96   39.58*   1.03
fixed	A10_S2_F0	A10	F0	S2	146	1	999998	12.915414	0.511	0.03956512737415928	3.96	39.58	1.03	1     999998  1.2915414E+01  5.11E-01    3.96   39.58    1.03
fixed	A10_S2_F0	A10	F0	S2	149	2	200624	13.552572	1.33	0.09813635374894154	9.81	43.93	2.49	2     200624  1.3552572E+01  1.33E+00    9.81   43.93    2.49
fixed	A10_S2_F0	A10	F0	S2	150	3	200624	12.292068	0.111	0.009030213630448513	0.9	4.04	2.86	3     200624  1.2292068E+01  1.11E-01    0.90    4.04*   2.86
fixed	A10_S2_F0	A10	F0	S2	151	4	200624	12.420398	0.213	0.01714920890618803	1.72	7.68	2.98	4     200624  1.2420398E+01  2.13E-01    1.72    7.68    2.98
fixed	A10_S2_F0	A10	F0	S2	153	4	601872	12.326093	0.098	0.007950613385766277	0.8	6.17	2.98	4     601872  1.2326093E+01  9.80E-02    0.80    6.17    2.98    0.57   3
fixed	A10_S2_F1	A10	F1	S2	144	1	999998	12.915414	0.511	0.03956512737415928	3.96	39.58	1.03	1     999998  1.2915414E+01  5.11E-01    3.96   39.58*   1.03
fixed	A10_S2_F1	A10	F1	S2	146	1	999998	12.915414	0.511	0.03956512737415928	3.96	39.58	1.03	1     999998  1.2915414E+01  5.11E-01    3.96   39.58    1.03
fixed	A10_S2_F1	A10	F1	S2	149	2	600244	13.852465	1.06	0.07652067700586142	7.62	59.04	0.58	2     600244  1.3852465E+01  1.06E+00    7.62   59.04    0.58
fixed	A10_S2_F1	A10	F1	S2	151	2	600244	13.852465	1.06	0.07652067700586142	7.62	59.04	0.58	2     600244  1.3852465E+01  1.06E+00    7.62   59.04    0.58
fixed	A10_S2_F2	A10	F2	S2	144	1	999998	12.915414	0.511	0.03956512737415928	3.96	39.58	1.03	1     999998  1.2915414E+01  5.11E-01    3.96   39.58*   1.03
fixed	A10_S2_F2	A10	F2	S2	146	1	999998	12.915414	0.511	0.03956512737415928	3.96	39.58	1.03	1     999998  1.2915414E+01  5.11E-01    3.96   39.58    1.03
fixed	A10_S2_F2	A10	F2	S2	149	2	2000002	19.116949	6.09	0.3185654782047072	31.87	450.77	0.07	2    2000002  1.9116949E+01  6.09E+00   31.87  450.77    0.07
fixed	A10_S2_F2	A10	F2	S2	151	2	2000002	19.116949	6.09	0.3185654782047072	31.87	450.77	0.07	2    2000002  1.9116949E+01  6.09E+00   31.87  450.77    0.07
adaptive	A10_S3	A10		S3	148	1	999992	14.024163	1.72	0.12264546554400431	12.23	122.33	0.44	1     999992  1.4024163E+01  1.72E+00   12.23  122.33*   0.44
adaptive	A10_S3	A10		S3	150	1	999992	14.024163	1.72	0.12264546554400431	12.23	122.33	0.44	1     999992  1.4024163E+01  1.72E+00   12.23  122.33    0.44
fixed	A10_S3_F0	A10	F0	S3	144	1	999992	14.024163	1.72	0.12264546554400431	12.23	122.33	0.44	1     999992  1.4024163E+01  1.72E+00   12.23  122.33*   0.44
fixed	A10_S3_F0	A10	F0	S3	146	1	999992	14.024163	1.72	0.12264546554400431	12.23	122.33	0.44	1     999992  1.4024163E+01  1.72E+00   12.23  122.33    0.44
fixed	A10_S3_F0	A10	F0	S3	149	2	200774	12.585336	0.276	0.021930284578814584	2.19	9.81	1.99	2     200774  1.2585336E+01  2.76E-01    2.19    9.81*   1.99
fixed	A10_S3_F0	A10	F0	S3	150	3	200774	12.431294	0.147	0.011824995853207237	1.19	5.32	1.59	3     200774  1.2431294E+01  1.47E-01    1.19    5.32*   1.59
fixed	A10_S3_F0	A10	F0	S3	151	4	200774	16.522315	4.28	0.2590436025460113	25.9	116.07	0.57	4     200774  1.6522315E+01  4.28E+00   25.90  116.07    0.57
fixed	A10_S3_F0	A10	F0	S3	153	4	602322	12.469319	0.13	0.010425589400672161	1.04	8.09	0.57	4     602322  1.2469319E+01  1.30E-01    1.04    8.09    0.57    0.57   3
fixed	A10_S3_F1	A10	F1	S3	144	1	999992	14.024163	1.72	0.12264546554400431	12.23	122.33	0.44	1     999992  1.4024163E+01  1.72E+00   12.23  122.33*   0.44
fixed	A10_S3_F1	A10	F1	S3	146	1	999992	14.024163	1.72	0.12264546554400431	12.23	122.33	0.44	1     999992  1.4024163E+01  1.72E+00   12.23  122.33    0.44
fixed	A10_S3_F1	A10	F1	S3	149	2	600232	21.143363	7.9	0.37363970906614996	37.38	289.62	0.38	2     600232  2.1143363E+01  7.90E+00   37.38  289.62    0.38
fixed	A10_S3_F1	A10	F1	S3	151	2	600232	21.143363	7.9	0.37363970906614996	37.38	289.62	0.38	2     600232  2.1143363E+01  7.90E+00   37.38  289.62    0.38
fixed	A10_S3_F2	A10	F2	S3	144	1	999992	14.024163	1.72	0.12264546554400431	12.23	122.33	0.44	1     999992  1.4024163E+01  1.72E+00   12.23  122.33*   0.44
fixed	A10_S3_F2	A10	F2	S3	146	1	999992	14.024163	1.72	0.12264546554400431	12.23	122.33	0.44	1     999992  1.4024163E+01  1.72E+00   12.23  122.33    0.44
fixed	A10_S3_F2	A10	F2	S3	149	2	2000028	108.91065	92.6	0.8502382457546621	85.05	1202.81	0.02	2    2000028  1.0891065E+02  9.26E+01   85.05 1202.81    0.02
fixed	A10_S3_F2	A10	F2	S3	151	2	2000028	108.91065	92.6	0.8502382457546621	85.05	1202.81	0.02	2    2000028  1.0891065E+02  9.26E+01   85.05 1202.81    0.02
adaptive	A10_S4	A10		S4	148	1	999991	12.861697	0.513	0.03988587198096799	3.99	39.87	1.0	1     999991  1.2861697E+01  5.13E-01    3.99   39.87*   1.00
adaptive	A10_S4	A10		S4	150	1	999991	12.861697	0.513	0.03988587198096799	3.99	39.87	1.0	1     999991  1.2861697E+01  5.13E-01    3.99   39.87    1.00
fixed	A10_S4_F0	A10	F0	S4	144	1	999991	12.861697	0.513	0.03988587198096799	3.99	39.87	1.0	1     999991  1.2861697E+01  5.13E-01    3.99   39.87*   1.00
fixed	A10_S4_F0	A10	F0	S4	146	1	999991	12.861697	0.513	0.03988587198096799	3.99	39.87	1.0	1     999991  1.2861697E+01  5.13E-01    3.99   39.87    1.00
fixed	A10_S4_F0	A10	F0	S4	149	2	200581	12.807607	0.49	0.038258513085231295	3.83	17.15	0.94	2     200581  1.2807607E+01  4.90E-01    3.83   17.15*   0.94
fixed	A10_S4_F0	A10	F0	S4	150	3	200581	64.023954	51.6	0.8059483486446338	80.54	360.7	0.06	3     200581  6.4023954E+01  5.16E+01   80.54  360.70    0.06
fixed	A10_S4_F0	A10	F0	S4	151	4	200581	18.169401	5.71	0.3142646254546311	31.4	140.64	0.76	4     200581  1.8169401E+01  5.71E+00   31.40  140.64*   0.76
fixed	A10_S4_F0	A10	F0	S4	153	4	601743	12.85153	0.489	0.03804994424788333	3.8	29.49	0.76	4     601743  1.2851530E+01  4.89E-01    3.80   29.49    0.76    0.93   3
fixed	A10_S4_F1	A10	F1	S4	144	1	999991	12.861697	0.513	0.03988587198096799	3.99	39.87	1.0	1     999991  1.2861697E+01  5.13E-01    3.99   39.87*   1.00
fixed	A10_S4_F1	A10	F1	S4	146	1	999991	12.861697	0.513	0.03988587198096799	3.99	39.87	1.0	1     999991  1.2861697E+01  5.13E-01    3.99   39.87    1.00
fixed	A10_S4_F1	A10	F1	S4	149	2	600193	30.893354	15.8	0.511436861144957	51.09	395.84	0.09	2     600193  3.0893354E+01  1.58E+01   51.09  395.84    0.09
fixed	A10_S4_F1	A10	F1	S4	151	2	600193	30.893354	15.8	0.511436861144957	51.09	395.84	0.09	2     600193  3.0893354E+01  1.58E+01   51.09  395.84    0.09
fixed	A10_S4_F2	A10	F2	S4	144	1	999991	12.861697	0.513	0.03988587198096799	3.99	39.87	1.0	1     999991  1.2861697E+01  5.13E-01    3.99   39.87*   1.00
fixed	A10_S4_F2	A10	F2	S4	146	1	999991	12.861697	0.513	0.03988587198096799	3.99	39.87	1.0	1     999991  1.2861697E+01  5.13E-01    3.99   39.87    1.00
fixed	A10_S4_F2	A10	F2	S4	149	2	1999969	22.290167	6.25	0.2803926951287534	28.06	396.84	0.06	2    1999969  2.2290167E+01  6.25E+00   28.06  396.84    0.06
fixed	A10_S4_F2	A10	F2	S4	151	2	1999969	22.290167	6.25	0.2803926951287534	28.06	396.84	0.06	2    1999969  2.2290167E+01  6.25E+00   28.06  396.84    0.06
adaptive	A10_S5	A10		S5	148	1	1000037	12.568676	0.476	0.037871928594547265	3.79	37.9	0.96	1    1000037  1.2568676E+01  4.76E-01    3.79   37.90*   0.96
adaptive	A10_S5	A10		S5	150	1	1000037	12.568676	0.476	0.037871928594547265	3.79	37.9	0.96	1    1000037  1.2568676E+01  4.76E-01    3.79   37.90    0.96
fixed	A10_S5_F0	A10	F0	S5	144	1	1000037	12.568676	0.476	0.037871928594547265	3.79	37.9	0.96	1    1000037  1.2568676E+01  4.76E-01    3.79   37.90*   0.96
fixed	A10_S5_F0	A10	F0	S5	146	1	1000037	12.568676	0.476	0.037871928594547265	3.79	37.9	0.96	1    1000037  1.2568676E+01  4.76E-01    3.79   37.90    0.96
fixed	A10_S5_F0	A10	F0	S5	149	2	200593	12.484609	0.245	0.019624162839220673	1.96	8.79	3.08	2     200593  1.2484609E+01  2.45E-01    1.96    8.79*   3.08
fixed	A10_S5_F0	A10	F0	S5	150	3	200593	12.397403	0.151	0.012179970272806328	1.21	5.44	1.5	3     200593  1.2397403E+01  1.51E-01    1.21    5.44*   1.50
fixed	A10_S5_F0	A10	F0	S5	151	4	200593	12.663468	0.427	0.03371904126105108	3.37	15.1	2.52	4     200593  1.2663468E+01  4.27E-01    3.37   15.10    2.52
fixed	A10_S5_F0	A10	F0	S5	153	4	601779	12.441349	0.123	0.009886387722103126	0.99	7.66	2.52	4     601779  1.2441349E+01  1.23E-01    0.99    7.66    2.52    0.19   3
fixed	A10_S5_F1	A10	F1	S5	144	1	1000037	12.568676	0.476	0.037871928594547265	3.79	37.9	0.96	1    1000037  1.2568676E+01  4.76E-01    3.79   37.90*   0.96
fixed	A10_S5_F1	A10	F1	S5	146	1	1000037	12.568676	0.476	0.037871928594547265	3.79	37.9	0.96	1    1000037  1.2568676E+01  4.76E-01    3.79   37.90    0.96
fixed	A10_S5_F1	A10	F1	S5	149	2	600250	12.310409	0.0989	0.008033851677876827	0.8	6.22	2.34	2     600250  1.2310409E+01  9.89E-02    0.80    6.22*   2.34
fixed	A10_S5_F1	A10	F1	S5	151	2	600250	12.310409	0.0989	0.008033851677876827	0.8	6.22	2.34	2     600250  1.2310409E+01  9.89E-02    0.80    6.22    2.34
fixed	A10_S5_F2	A10	F2	S5	144	1	1000037	12.568676	0.476	0.037871928594547265	3.79	37.9	0.96	1    1000037  1.2568676E+01  4.76E-01    3.79   37.90*   0.96
fixed	A10_S5_F2	A10	F2	S5	146	1	1000037	12.568676	0.476	0.037871928594547265	3.79	37.9	0.96	1    1000037  1.2568676E+01  4.76E-01    3.79   37.90    0.96
fixed	A10_S5_F2	A10	F2	S5	149	2	1999993	12.698081	0.214	0.016852940219864717	1.69	23.88	0.65	2    1999993  1.2698081E+01  2.14E-01    1.69   23.88*   0.65
fixed	A10_S5_F2	A10	F2	S5	151	2	1999993	12.698081	0.214	0.016852940219864717	1.69	23.88	0.65	2    1999993  1.2698081E+01  2.14E-01    1.69   23.88    0.65
adaptive	A10_S6	A10		S6	148	1	1000042	12.9891	0.496	0.03818586353173045	3.82	38.19	0.93	1    1000042  1.2989100E+01  4.96E-01    3.82   38.19*   0.93
adaptive	A10_S6	A10		S6	150	1	1000042	12.9891	0.496	0.03818586353173045	3.82	38.19	0.93	1    1000042  1.2989100E+01  4.96E-01    3.82   38.19    0.93
fixed	A10_S6_F0	A10	F0	S6	144	1	1000042	12.9891	0.496	0.03818586353173045	3.82	38.19	0.93	1    1000042  1.2989100E+01  4.96E-01    3.82   38.19*   0.93
fixed	A10_S6_F0	A10	F0	S6	146	1	1000042	12.9891	0.496	0.03818586353173045	3.82	38.19	0.93	1    1000042  1.2989100E+01  4.96E-01    3.82   38.19    0.93
fixed	A10_S6_F0	A10	F0	S6	149	2	200648	12.250598	0.118	0.009632182853441112	0.96	4.32	2.91	2     200648  1.2250598E+01  1.18E-01    0.96    4.32*   2.91
fixed	A10_S6_F0	A10	F0	S6	150	3	200648	12.149424	0.115	0.009465469309491546	0.95	4.24	3.03	3     200648  1.2149424E+01  1.15E-01    0.95    4.24*   3.03
fixed	A10_S6_F0	A10	F0	S6	151	4	200648	26.625435	13.5	0.507033969585849	50.76	227.39	0.26	4     200648  2.6625435E+01  1.35E+01   50.76  227.39    0.26
fixed	A10_S6_F0	A10	F0	S6	153	4	601944	12.199226	0.0824	0.00675452688555815	0.68	5.24	0.26	4     601944  1.2199226E+01  8.24E-02    0.68    5.24    0.26    0.76   3
fixed	A10_S6_F1	A10	F1	S6	144	1	1000042	12.9891	0.496	0.03818586353173045	3.82	38.19	0.93	1    1000042  1.2989100E+01  4.96E-01    3.82   38.19*   0.93
fixed	A10_S6_F1	A10	F1	S6	146	1	1000042	12.9891	0.496	0.03818586353173045	3.82	38.19	0.93	1    1000042  1.2989100E+01  4.96E-01    3.82   38.19    0.93
fixed	A10_S6_F1	A10	F1	S6	149	2	600184	12.991544	0.678	0.05218779230551812	5.22	40.44	1.05	2     600184  1.2991544E+01  6.78E-01    5.22   40.44    1.05
fixed	A10_S6_F1	A10	F1	S6	151	2	600184	12.991544	0.678	0.05218779230551812	5.22	40.44	1.05	2     600184  1.2991544E+01  6.78E-01    5.22   40.44    1.05
fixed	A10_S6_F2	A10	F2	S6	144	1	1000042	12.9891	0.496	0.03818586353173045	3.82	38.19	0.93	1    1000042  1.2989100E+01  4.96E-01    3.82   38.19*   0.93
fixed	A10_S6_F2	A10	F2	S6	146	1	1000042	12.9891	0.496	0.03818586353173045	3.82	38.19	0.93	1    1000042  1.2989100E+01  4.96E-01    3.82   38.19    0.93
fixed	A10_S6_F2	A10	F2	S6	149	2	1999960	13.068282	0.331	0.02532850148167908	2.54	35.87	0.38	2    1999960  1.3068282E+01  3.31E-01    2.54   35.87*   0.38
fixed	A10_S6_F2	A10	F2	S6	151	2	1999960	13.068282	0.331	0.02532850148167908	2.54	35.87	0.38	2    1999960  1.3068282E+01  3.31E-01    2.54   35.87    0.38
adaptive	A10_S7	A10		S7	148	1	1000006	13.080477	0.742	0.0567257600774039	5.68	56.76	0.65	1    1000006  1.3080477E+01  7.42E-01    5.68   56.76*   0.65
adaptive	A10_S7	A10		S7	150	1	1000006	13.080477	0.742	0.0567257600774039	5.68	56.76	0.65	1    1000006  1.3080477E+01  7.42E-01    5.68   56.76    0.65
fixed	A10_S7_F0	A10	F0	S7	144	1	1000006	13.080477	0.742	0.0567257600774039	5.68	56.76	0.65	1    1000006  1.3080477E+01  7.42E-01    5.68   56.76*   0.65
fixed	A10_S7_F0	A10	F0	S7	146	1	1000006	13.080477	0.742	0.0567257600774039	5.68	56.76	0.65	1    1000006  1.3080477E+01  7.42E-01    5.68   56.76    0.65
fixed	A10_S7_F0	A10	F0	S7	149	2	200644	16.768836	3.8	0.2266108392973728	22.68	101.57	0.04	2     200644  1.6768836E+01  3.80E+00   22.68  101.57    0.04
fixed	A10_S7_F0	A10	F0	S7	150	3	200644	12.368622	0.17	0.013744457547493974	1.37	6.14	3.01	3     200644  1.2368622E+01  1.70E-01    1.37    6.14*   3.01
fixed	A10_S7_F0	A10	F0	S7	151	4	200644	12.442051	0.134	0.010769928527057156	1.08	4.83	2.56	4     200644  1.2442051E+01  1.34E-01    1.08    4.83*   2.56
fixed	A10_S7_F0	A10	F0	S7	153	4	601932	12.417103	0.105	0.008456078684375897	0.85	6.57	2.56	4     601932  1.2417103E+01  1.05E-01    0.85    6.57    2.56    0.71   3
fixed	A10_S7_F1	A10	F1	S7	144	1	1000006	13.080477	0.742	0.0567257600774039	5.68	56.76	0.65	1    1000006  1.3080477E+01  7.42E-01    5.68   56.76*   0.65
fixed	A10_S7_F1	A10	F1	S7	146	1	1000006	13.080477	0.742	0.0567257600774039	5.68	56.76	0.65	1    1000006  1.3080477E+01  7.42E-01    5.68   56.76    0.65
fixed	A10_S7_F1	A10	F1	S7	149	2	600231	13.916322	1.28	0.09197832588237036	9.17	71.05	0.04	2     600231  1.3916322E+01  1.28E+00    9.17   71.05    0.04
fixed	A10_S7_F1	A10	F1	S7	151	2	600231	13.916322	1.28	0.09197832588237036	9.17	71.05	0.04	2     600231  1.3916322E+01  1.28E+00    9.17   71.05    0.04
fixed	A10_S7_F2	A10	F2	S7	144	1	1000006	13.080477	0.742	0.0567257600774039	5.68	56.76	0.65	1    1000006  1.3080477E+01  7.42E-01    5.68   56.76*   0.65
fixed	A10_S7_F2	A10	F2	S7	146	1	1000006	13.080477	0.742	0.0567257600774039	5.68	56.76	0.65	1    1000006  1.3080477E+01  7.42E-01    5.68   56.76    0.65
fixed	A10_S7_F2	A10	F2	S7	149	2	2000006	12.962897	0.392	0.030240153879183027	3.02	42.78	0.03	2    2000006  1.2962897E+01  3.92E-01    3.02   42.78*   0.03
fixed	A10_S7_F2	A10	F2	S7	151	2	2000006	12.962897	0.392	0.030240153879183027	3.02	42.78	0.03	2    2000006  1.2962897E+01  3.92E-01    3.02   42.78    0.03
adaptive	A11_S0	A11		S0	148	1	100006	13.448615	1.55	0.11525350379946188	11.49	36.35	2.98	1     100006  1.3448615E+01  1.55E+00   11.49   36.35*   2.98
adaptive	A11_S0	A11		S0	150	1	100006	13.448615	1.55	0.11525350379946188	11.49	36.35	2.98	1     100006  1.3448615E+01  1.55E+00   11.49   36.35    2.98
adaptive	A11_S0	A11		S0	152	2	300006	13.310793	0.979	0.07354933699291995	7.35	40.27	0.8	2     300006  1.3310793E+01  9.79E-01    7.35   40.27    0.80
adaptive	A11_S0	A11		S0	154	2	300006	13.310793	0.979	0.07354933699291995	7.35	40.27	0.8	2     300006  1.3310793E+01  9.79E-01    7.35   40.27    0.80
adaptive	A11_S0	A11		S0	156	3	599991	12.658925	0.391	0.030887298882014073	3.09	23.91	1.32	3     599991  1.2658925E+01  3.91E-01    3.09   23.91*   1.32
adaptive	A11_S0	A11		S0	158	3	599991	12.658925	0.391	0.030887298882014073	3.09	23.91	1.32	3     599991  1.2658925E+01  3.91E-01    3.09   23.91    1.32
fixed	A11_S0_F0	A11	F0	S0	144	1	100006	13.448615	1.55	0.11525350379946188	11.49	36.35	2.98	1     100006  1.3448615E+01  1.55E+00   11.49   36.35*   2.98
fixed	A11_S0_F0	A11	F0	S0	146	1	100006	13.448615	1.55	0.11525350379946188	11.49	36.35	2.98	1     100006  1.3448615E+01  1.55E+00   11.49   36.35    2.98
fixed	A11_S0_F0	A11	F0	S0	149	2	300006	13.310793	0.979	0.07354933699291995	7.35	40.27	0.8	2     300006  1.3310793E+01  9.79E-01    7.35   40.27    0.80
fixed	A11_S0_F0	A11	F0	S0	151	2	300006	13.310793	0.979	0.07354933699291995	7.35	40.27	0.8	2     300006  1.3310793E+01  9.79E-01    7.35   40.27    0.80
fixed	A11_S0_F0	A11	F0	S0	154	3	599991	12.658925	0.391	0.030887298882014073	3.09	23.91	1.32	3     599991  1.2658925E+01  3.91E-01    3.09   23.91*   1.32
fixed	A11_S0_F0	A11	F0	S0	156	3	599991	12.658925	0.391	0.030887298882014073	3.09	23.91	1.32	3     599991  1.2658925E+01  3.91E-01    3.09   23.91    1.32
fixed	A11_S0_F0	A11	F0	S0	159	4	203859	12.452464	0.159	0.012768557291151374	1.28	5.77	2.2	4     203859  1.2452464E+01  1.59E-01    1.28    5.77*   2.20
fixed	A11_S0_F0	A11	F0	S0	160	5	203859	12.780571	0.469	0.03669632600922134	3.67	16.56	0.9	5     203859  1.2780571E+01  4.69E-01    3.67   16.56    0.90
fixed	A11_S0_F0	A11	F0	S0	161	6	203859	12.287965	0.065	0.0052897286084392335	0.53	2.39	4.01	6     203859  1.2287965E+01  6.50E-02    0.53    2.39*   4.01
fixed	A11_S0_F0	A11	F0	S0	163	6	611577	12.319048	0.0597	0.004846153696292116	0.48	3.79	4.01	6     611577  1.2319048E+01  5.97E-02    0.48    3.79    4.01    0.95   3
fixed	A11_S0_F1	A11	F1	S0	144	1	100006	13.448615	1.55	0.11525350379946188	11.49	36.35	2.98	1     100006  1.3448615E+01  1.55E+00   11.49   36.35*   2.98
fixed	A11_S0_F1	A11	F1	S0	146	1	100006	13.448615	1.55	0.11525350379946188	11.49	36.35	2.98	1     100006  1.3448615E+01  1.55E+00   11.49   36.35    2.98
fixed	A11_S0_F1	A11	F1	S0	149	2	300006	13.310793	0.979	0.07354933699291995	7.35	40.27	0.8	2     300006  1.3310793E+01  9.79E-01    7.35   40.27    0.80
fixed	A11_S0_F1	A11	F1	S0	151	2	300006	13.310793	0.979	0.07354933699291995	7.35	40.27	0.8	2     300006  1.3310793E+01  9.79E-01    7.35   40.27    0.80
fixed	A11_S0_F1	A11	F1	S0	154	3	599991	12.658925	0.391	0.030887298882014073	3.09	23.91	1.32	3     599991  1.2658925E+01  3.91E-01    3.09   23.91*   1.32
fixed	A11_S0_F1	A11	F1	S0	156	3	599991	12.658925	0.391	0.030887298882014073	3.09	23.91	1.32	3     599991  1.2658925E+01  3.91E-01    3.09   23.91    1.32
fixed	A11_S0_F1	A11	F1	S0	159	4	599991	12.324723	0.0686	0.005566048015845873	0.56	4.31	1.71	4     599991  1.2324723E+01  6.86E-02    0.56    4.31*   1.71
fixed	A11_S0_F1	A11	F1	S0	161	4	599991	12.324723	0.0686	0.005566048015845873	0.56	4.31	1.71	4     599991  1.2324723E+01  6.86E-02    0.56    4.31    1.71
fixed	A11_S0_F2	A11	F2	S0	144	1	100006	13.448615	1.55	0.11525350379946188	11.49	36.35	2.98	1     100006  1.3448615E+01  1.55E+00   11.49   36.35*   2.98
fixed	A11_S0_F2	A11	F2	S0	146	1	100006	13.448615	1.55	0.11525350379946188	11.49	36.35	2.98	1     100006  1.3448615E+01  1.55E+00   11.49   36.35    2.98
fixed	A11_S0_F2	A11	F2	S0	149	2	300006	13.310793	0.979	0.07354933699291995	7.35	40.27	0.8	2     300006  1.3310793E+01  9.79E-01    7.35   40.27    0.80
fixed	A11_S0_F2	A11	F2	S0	151	2	300006	13.310793	0.979	0.07354933699291995	7.35	40.27	0.8	2     300006  1.3310793E+01  9.79E-01    7.35   40.27    0.80
fixed	A11_S0_F2	A11	F2	S0	154	3	599991	12.658925	0.391	0.030887298882014073	3.09	23.91	1.32	3     599991  1.2658925E+01  3.91E-01    3.09   23.91*   1.32
fixed	A11_S0_F2	A11	F2	S0	156	3	599991	12.658925	0.391	0.030887298882014073	3.09	23.91	1.32	3     599991  1.2658925E+01  3.91E-01    3.09   23.91    1.32
fixed	A11_S0_F2	A11	F2	S0	159	4	1943136	13.309162	0.526	0.03952164681743298	3.95	55.08	0.15	4    1943136  1.3309162E+01  5.26E-01    3.95   55.08    0.15
fixed	A11_S0_F2	A11	F2	S0	161	4	1943136	13.309162	0.526	0.03952164681743298	3.95	55.08	0.15	4    1943136  1.3309162E+01  5.26E-01    3.95   55.08    0.15
adaptive	A11_S1	A11		S1	148	1	99998	13.040086	1.5	0.11502991621374276	11.51	36.41	2.99	1      99998  1.3040086E+01  1.50E+00   11.51   36.41*   2.99
adaptive	A11_S1	A11		S1	150	1	99998	13.040086	1.5	0.11502991621374276	11.51	36.41	2.99	1      99998  1.3040086E+01  1.50E+00   11.51   36.41    2.99
adaptive	A11_S1	A11		S1	152	2	299989	12.166311	0.157	0.012904486824313466	1.29	7.08	0.79	2     299989  1.2166311E+01  1.57E-01    1.29    7.08*   0.79
adaptive	A11_S1	A11		S1	154	2	299989	12.166311	0.157	0.012904486824313466	1.29	7.08	0.79	2     299989  1.2166311E+01  1.57E-01    1.29    7.08    0.79
adaptive	A11_S1	A11		S1	156	3	600026	12.392614	0.179	0.014444087421749761	1.45	11.21	0.95	3     600026  1.2392614E+01  1.79E-01    1.45   11.21    0.95
adaptive	A11_S1	A11		S1	158	3	600026	12.392614	0.179	0.014444087421749761	1.45	11.21	0.95	3     600026  1.2392614E+01  1.79E-01    1.45   11.21    0.95
fixed	A11_S1_F0	A11	F0	S1	144	1	99998	13.040086	1.5	0.11502991621374276	11.51	36.41	2.99	1      99998  1.3040086E+01  1.50E+00   11.51   36.41*   2.99
fixed	A11_S1_F0	A11	F0	S1	146	1	99998	13.040086	1.5	0.11502991621374276	11.51	36.41	2.99	1      99998  1.3040086E+01  1.50E+00   11.51   36.41    2.99
fixed	A11_S1_F0	A11	F0	S1	149	2	299989	12.166311	0.157	0.012904486824313466	1.29	7.08	0.79	2     299989  1.2166311E+01  1.57E-01    1.29    7.08*   0.79
fixed	A11_S1_F0	A11	F0	S1	151	2	299989	12.166311	0.157	0.012904486824313466	1.29	7.08	0.79	2     299989  1.2166311E+01  1.57E-01    1.29    7.08    0.79
fixed	A11_S1_F0	A11	F0	S1	154	3	600026	12.392614	0.179	0.014444087421749761	1.45	11.21	0.95	3     600026  1.2392614E+01  1.79E-01    1.45   11.21    0.95
fixed	A11_S1_F0	A11	F0	S1	156	3	600026	12.392614	0.179	0.014444087421749761	1.45	11.21	0.95	3     600026  1.2392614E+01  1.79E-01    1.45   11.21    0.95
fixed	A11_S1_F0	A11	F0	S1	159	4	203868	13.145154	0.578	0.04397057653337496	4.39	19.84	0.3	4     203868  1.3145154E+01  5.78E-01    4.39   19.84    0.30
fixed	A11_S1_F0	A11	F0	S1	160	5	203868	12.490025	0.29	0.02321852838565175	2.32	10.49	1.63	5     203868  1.2490025E+01  2.90E-01    2.32   10.49*   1.63
fixed	A11_S1_F0	A11	F0	S1	161	6	203868	14.551588	2.17	0.14912461787675682	14.94	67.45	1.61	6     203868  1.4551588E+01  2.17E+00   14.94   67.45    1.61
fixed	A11_S1_F0	A11	F0	S1	163	6	611604	12.649043	0.257	0.020317742614994666	2.04	15.92	1.61	6     611604  1.2649043E+01  2.57E-01    2.04   15.92    1.61    0.90   3
fixed	A11_S1_F1	A11	F1	S1	144	1	99998	13.040086	1.5	0.11502991621374276	11.51	36.41	2.99	1      99998  1.3040086E+01  1.50E+00   11.51   36.41*   2.99
fixed	A11_S1_F1	A11	F1	S1	146	1	99998	13.040086	1.5	0.11502991621374276	11.51	36.41	2.99	1      99998  1.3040086E+01  1.50E+00   11.51   36.41    2.99
fixed	A11_S1_F1	A11	F1	S1	149	2	299989	12.166311	0.157	0.012904486824313466	1.29	7.08	0.79	2     299989  1.2166311E+01  1.57E-01    1.29    7.08*   0.79
fixed	A11_S1_F1	A11	F1	S1	151	2	299989	12.166311	0.157	0.012904486824313466	1.29	7.08	0.79	2     299989  1.2166311E+01  1.57E-01    1.29    7.08    0.79
fixed	A11_S1_F1	A11	F1	S1	154	3	600026	12.392614	0.179	0.014444087421749761	1.45	11.21	0.95	3     600026  1.2392614E+01  1.79E-01    1.45   11.21    0.95
fixed	A11_S1_F1	A11	F1	S1	156	3	600026	12.392614	0.179	0.014444087421749761	1.45	11.21	0.95	3     600026  1.2392614E+01  1.79E-01    1.45   11.21    0.95
fixed	A11_S1_F1	A11	F1	S1	159	4	600026	27.593225	14.7	0.5327394677497828	53.41	413.7	0.04	4     600026  2.7593225E+01  1.47E+01   53.41  413.70    0.04
fixed	A11_S1_F1	A11	F1	S1	161	4	600026	27.593225	14.7	0.5327394677497828	53.41	413.7	0.04	4     600026  2.7593225E+01  1.47E+01   53.41  413.70    0.04
fixed	A11_S1_F2	A11	F2	S1	144	1	99998	13.040086	1.5	0.11502991621374276	11.51	36.41	2.99	1      99998  1.3040086E+01  1.50E+00   11.51   36.41*   2.99
fixed	A11_S1_F2	A11	F2	S1	146	1	99998	13.040086	1.5	0.11502991621374276	11.51	36.41	2.99	1      99998  1.3040086E+01  1.50E+00   11.51   36.41    2.99
fixed	A11_S1_F2	A11	F2	S1	149	2	299989	12.166311	0.157	0.012904486824313466	1.29	7.08	0.79	2     299989  1.2166311E+01  1.57E-01    1.29    7.08*   0.79
fixed	A11_S1_F2	A11	F2	S1	151	2	299989	12.166311	0.157	0.012904486824313466	1.29	7.08	0.79	2     299989  1.2166311E+01  1.57E-01    1.29    7.08    0.79
fixed	A11_S1_F2	A11	F2	S1	154	3	600026	12.392614	0.179	0.014444087421749761	1.45	11.21	0.95	3     600026  1.2392614E+01  1.79E-01    1.45   11.21    0.95
fixed	A11_S1_F2	A11	F2	S1	156	3	600026	12.392614	0.179	0.014444087421749761	1.45	11.21	0.95	3     600026  1.2392614E+01  1.79E-01    1.45   11.21    0.95
fixed	A11_S1_F2	A11	F2	S1	159	4	1985829	17.030186	4.42	0.25953915007152595	25.97	365.92	0.02	4    1985829  1.7030186E+01  4.42E+00   25.97  365.92    0.02
fixed	A11_S1_F2	A11	F2	S1	161	4	1985829	17.030186	4.42	0.25953915007152595	25.97	365.92	0.02	4    1985829  1.7030186E+01  4.42E+00   25.97  365.92    0.02
adaptive	A11_S2	A11		S2	148	1	100019	12.293927	1.41	0.11469077374544358	11.47	36.27	3.24	1     100019  1.2293927E+01  1.41E+00   11.47   36.27*   3.24
adaptive	A11_S2	A11		S2	150	1	100019	12.293927	1.41	0.11469077374544358	11.47	36.27	3.24	1     100019  1.2293927E+01  1.41E+00   11.47   36.27    3.24
adaptive	A11_S2	A11		S2	152	2	241481	261.62704	249.0	0.9517364871765548	95.15	467.58	0.06	2     241481  2.6162704E+02  2.49E+02   95.15  467.58    0.06
adaptive	A11_S2	A11		S2	154	2	241481	261.62704	249.0	0.9517364871765548	95.15	467.58	0.06	2     241481  2.6162704E+02  2.49E+02   95.15  467.58    0.06
adaptive	A11_S2	A11		S2	156	3	557434	13.055468	0.515	0.03944707305781762	3.94	29.45	0.01	3     557434  1.3055468E+01  5.15E-01    3.94   29.45*   0.01
adaptive	A11_S2	A11		S2	158	3	557434	13.055468	0.515	0.03944707305781762	3.94	29.45	0.01	3     557434  1.3055468E+01  5.15E-01    3.94   29.45    0.01
fixed	A11_S2_F0	A11	F0	S2	144	1	100019	12.293927	1.41	0.11469077374544358	11.47	36.27	3.24	1     100019  1.2293927E+01  1.41E+00   11.47   36.27*   3.24
fixed	A11_S2_F0	A11	F0	S2	146	1	100019	12.293927	1.41	0.11469077374544358	11.47	36.27	3.24	1     100019  1.2293927E+01  1.41E+00   11.47   36.27    3.24
fixed	A11_S2_F0	A11	F0	S2	149	2	241481	261.62704	249.0	0.9517364871765548	95.15	467.58	0.06	2     241481  2.6162704E+02  2.49E+02   95.15  467.58    0.06
fixed	A11_S2_F0	A11	F0	S2	151	2	241481	261.62704	249.0	0.9517364871765548	95.15	467.58	0.06	2     241481  2.6162704E+02  2.49E+02   95.15  467.58    0.06
fixed	A11_S2_F0	A11	F0	S2	154	3	557434	13.055468	0.515	0.03944707305781762	3.94	29.45	0.01	3     557434  1.3055468E+01  5.15E-01    3.94   29.45*   0.01
fixed	A11_S2_F0	A11	F0	S2	156	3	557434	13.055468	0.515	0.03944707305781762	3.94	29.45	0.01	3     557434  1.3055468E+01  5.15E-01    3.94   29.45    0.01
fixed	A11_S2_F0	A11	F0	S2	159	4	204225	12.58907	0.455	0.0361424632637677	3.62	16.35	0.02	4     204225  1.2589070E+01  4.55E-01    3.62   16.35*   0.02
fixed	A11_S2_F0	A11	F0	S2	160	5	204225	12.376598	0.12	0.009695717676214417	0.97	4.37	0.2	5     204225  1.2376598E+01  1.20E-01    0.97    4.37*   0.20
fixed	A11_S2_F0	A11	F0	S2	161	6	204225	12.666172	0.218	0.017211198458381902	1.72	7.79	0.08	6     204225  1.2666172E+01  2.18E-01    1.72    7.79    0.08
fixed	A11_S2_F0	A11	F0	S2	163	6	612675	12.450773	0.102	0.008192262440251702	0.82	6.42	0.08	6     612675  1.2450773E+01  1.02E-01    0.82    6.42    0.08    0.73   3
fixed	A11_S2_F1	A11	F1	S2	144	1	100019	12.293927	1.41	0.11469077374544358	11.47	36.27	3.24	1     100019  1.2293927E+01  1.41E+00   11.47   36.27*   3.24
fixed	A11_S2_F1	A11	F1	S2	146	1	100019	12.293927	1.41	0.11469077374544358	11.47	36.27	3.24	1     100019  1.2293927E+01  1.41E+00   11.47   36.27    3.24
fixed	A11_S2_F1	A11	F1	S2	149	2	241481	261.62704	249.0	0.9517364871765548	95.15	467.58	0.06	2     241481  2.6162704E+02  2.49E+02   95.15  467.58    0.06
fixed	A11_S2_F1	A11	F1	S2	151	2	241481	261.62704	249.0	0.9517364871765548	95.15	467.58	0.06	2     241481  2.6162704E+02  2.49E+02   95.15  467.58    0.06
fixed	A11_S2_F1	A11	F1	S2	154	3	557434	13.055468	0.515	0.03944707305781762	3.94	29.45	0.01	3     557434  1.3055468E+01  5.15E-01    3.94   29.45*   0.01
fixed	A11_S2_F1	A11	F1	S2	156	3	557434	13.055468	0.515	0.03944707305781762	3.94	29.45	0.01	3     557434  1.3055468E+01  5.15E-01    3.94   29.45    0.01
fixed	A11_S2_F1	A11	F1	S2	159	4	557434	15.548352	3.1	0.1993780434093594	19.94	148.88	0.04	4     557434  1.5548352E+01  3.10E+00   19.94  148.88    0.04
fixed	A11_S2_F1	A11	F1	S2	161	4	557434	15.548352	3.1	0.1993780434093594	19.94	148.88	0.04	4     557434  1.5548352E+01  3.10E+00   19.94  148.88    0.04
fixed	A11_S2_F2	A11	F2	S2	144	1	100019	12.293927	1.41	0.11469077374544358	11.47	36.27	3.24	1     100019  1.2293927E+01  1.41E+00   11.47   36.27*   3.24
fixed	A11_S2_F2	A11	F2	S2	146	1	100019	12.293927	1.41	0.11469077374544358	11.47	36.27	3.24	1     100019  1.2293927E+01  1.41E+00   11.47   36.27    3.24
fixed	A11_S2_F2	A11	F2	S2	149	2	241481	261.62704	249.0	0.9517364871765548	95.15	467.58	0.06	2     241481  2.6162704E+02  2.49E+02   95.15  467.58    0.06
fixed	A11_S2_F2	A11	F2	S2	151	2	241481	261.62704	249.0	0.9517364871765548	95.15	467.58	0.06	2     241481  2.6162704E+02  2.49E+02   95.15  467.58    0.06
fixed	A11_S2_F2	A11	F2	S2	154	3	557434	13.055468	0.515	0.03944707305781762	3.94	29.45	0.01	3     557434  1.3055468E+01  5.15E-01    3.94   29.45*   0.01
fixed	A11_S2_F2	A11	F2	S2	156	3	557434	13.055468	0.515	0.03944707305781762	3.94	29.45	0.01	3     557434  1.3055468E+01  5.15E-01    3.94   29.45    0.01
fixed	A11_S2_F2	A11	F2	S2	159	4	1945294	15.027331	1.66	0.11046539135925068	11.06	154.32	0.01	4    1945294  1.5027331E+01  1.66E+00   11.06  154.32    0.01
fixed	A11_S2_F2	A11	F2	S2	161	4	1945294	15.027331	1.66	0.11046539135925068	11.06	154.32	0.01	4    1945294  1.5027331E+01  1.66E+00   11.06  154.32    0.01
adaptive	A11_S3	A11		S3	148	1	100002	11.119445	1.48	0.13310016821882745	13.34	42.18	3.35	1     100002  1.1119445E+01  1.48E+00   13.34   42.18*   3.35
adaptive	A11_S3	A11		S3	150	1	100002	11.119445	1.48	0.13310016821882745	13.34	42.18	3.35	1     100002  1.1119445E+01  1.48E+00   13.34   42.18    3.35
adaptive	A11_S3	A11		S3	152	2	300006	12.198345	0.157	0.012870598429541058	1.29	7.05	0.55	2     300006  1.2198345E+01  1.57E-01    1.29    7.05*   0.55
adaptive	A11_S3	A11		S3	154	2	300006	12.198345	0.157	0.012870598429541058	1.29	7.05	0.55	2     300006  1.2198345E+01  1.57E-01    1.29    7.05    0.55
adaptive	A11_S3	A11		S3	156	3	599989	12.346848	0.0595	0.004819043694390665	0.48	3.74	0.87	3     599989  1.2346848E+01  5.95E-02    0.48    3.74*   0.87
adaptive	A11_S3	A11		S3	158	3	599989	12.346848	0.0595	0.004819043694390665	0.48	3.74	0.87	3     599989  1.2346848E+01  5.95E-02    0.48    3.74    0.87
fixed	A11_S3_F0	A11	F0	S3	144	1	100002	11.119445	1.48	0.13310016821882745	13.34	42.18	3.35	1     100002  1.1119445E+01  1.48E+00   13.34   42.18*   3.35
fixed	A11_S3_F0	A11	F0	S3	146	1	100002	11.119445	1.48	0.13310016821882745	13.34	42.18	3.35	1     100002  1.1119445E+01  1.48E+00   13.34   42.18    3.35
fixed	A11_S3_F0	A11	F0	S3	149	2	300006	12.198345	0.157	0.012870598429541058	1.29	7.05	0.55	2     300006  1.2198345E+01  1.57E-01    1.29    7.05*   0.55
fixed	A11_S3_F0	A11	F0	S3	151	2	300006	12.198345	0.157	0.012870598429541058	1.29	7.05	0.55	2     300006  1.2198345E+01  1.57E-01    1.29    7.05    0.55
fixed	A11_S3_F0	A11	F0	S3	154	3	599989	12.346848	0.0595	0.004819043694390665	0.48	3.74	0.87	3     599989  1.2346848E+01  5.95E-02    0.48    3.74*   0.87
fixed	A11_S3_F0	A11	F0	S3	156	3	599989	12.346848	0.0595	0.004819043694390665	0.48	3.74	0.87	3     599989  1.2346848E+01  5.95E-02    0.48    3.74    0.87
fixed	A11_S3_F0	A11	F0	S3	159	4	203623	12.267307	0.072	0.005869258835700451	0.59	2.65	3.36	4     203623  1.2267307E+01  7.20E-02    0.59    2.65*   3.36
fixed	A11_S3_F0	A11	F0	S3	160	5	203623	13.941457	1.39	0.09970263509760852	9.94	44.85	0.33	5     203623  1.3941457E+01  1.39E+00    9.94   44.85    0.33
fixed	A11_S3_F0	A11	F0	S3	161	6	203623	12.139122	0.0686	0.0056511500584638654	0.56	2.55	3.86	6     203623  1.2139122E+01  6.86E-02    0.56    2.55*   3.86
fixed	A11_S3_F0	A11	F0	S3	163	6	610869	12.202302	0.0496	0.004064806788096213	0.41	3.18	3.86	6     610869  1.2202302E+01  4.96E-02    0.41    3.18    3.86    1.62   3
fixed	A11_S3_F1	A11	F1	S3	144	1	100002	11.119445	1.48	0.13310016821882745	13.34	42.18	3.35	1     100002  1.1119445E+01  1.48E+00   13.34   42.18*   3.35
fixed	A11_S3_F1	A11	F1	S3	146	1	100002	11.119445	1.48	0.13310016821882745	13.34	42.18	3.35	1     100002  1.1119445E+01  1.48E+00   13.34   42.18    3.35
fixed	A11_S3_F1	A11	F1	S3	149	2	300006	12.198345	0.157	0.012870598429541058	1.29	7.05	0.55	2     300006  1.2198345E+01  1.57E-01    1.29    7.05*   0.55
fixed	A11_S3_F1	A11	F1	S3	151	2	300006	12.198345	0.157	0.012870598429541058	1.29	7.05	0.55	2     300006  1.2198345E+01  1.57E-01    1.29    7.05    0.55
fixed	A11_S3_F1	A11	F1	S3	154	3	599989	12.346848	0.0595	0.004819043694390665	0.48	3.74	0.87	3     599989  1.2346848E+01  5.95E-02    0.48    3.74*   0.87
fixed	A11_S3_F1	A11	F1	S3	156	3	599989	12.346848	0.0595	0.004819043694390665	0.48	3.74	0.87	3     599989  1.2346848E+01  5.95E-02    0.48    3.74    0.87
fixed	A11_S3_F1	A11	F1	S3	159	4	599989	12.260161	0.053	0.004322944861817067	0.43	3.35	2.52	4     599989  1.2260161E+01  5.30E-02    0.43    3.35*   2.52
fixed	A11_S3_F1	A11	F1	S3	161	4	599989	12.260161	0.053	0.004322944861817067	0.43	3.35	2.52	4     599989  1.2260161E+01  5.30E-02    0.43    3.35    2.52
fixed	A11_S3_F2	A11	F2	S3	144	1	100002	11.119445	1.48	0.13310016821882745	13.34	42.18	3.35	1     100002  1.1119445E+01  1.48E+00   13.34   42.18*   3.35
fixed	A11_S3_F2	A11	F2	S3	146	1	100002	11.119445	1.48	0.13310016821882745	13.34	42.18	3.35	1     100002  1.1119445E+01  1.48E+00   13.34   42.18    3.35
fixed	A11_S3_F2	A11	F2	S3	149	2	300006	12.198345	0.157	0.012870598429541058	1.29	7.05	0.55	2     300006  1.2198345E+01  1.57E-01    1.29    7.05*   0.55
fixed	A11_S3_F2	A11	F2	S3	151	2	300006	12.198345	0.157	0.012870598429541058	1.29	7.05	0.55	2     300006  1.2198345E+01  1.57E-01    1.29    7.05    0.55
fixed	A11_S3_F2	A11	F2	S3	154	3	599989	12.346848	0.0595	0.004819043694390665	0.48	3.74	0.87	3     599989  1.2346848E+01  5.95E-02    0.48    3.74*   0.87
fixed	A11_S3_F2	A11	F2	S3	156	3	599989	12.346848	0.0595	0.004819043694390665	0.48	3.74	0.87	3     599989  1.2346848E+01  5.95E-02    0.48    3.74    0.87
fixed	A11_S3_F2	A11	F2	S3	159	4	1983952	14.338321	1.01	0.07044060458682715	7.07	99.52	0.1	4    1983952  1.4338321E+01  1.01E+00    7.07   99.52    0.10
fixed	A11_S3_F2	A11	F2	S3	161	4	1983952	14.338321	1.01	0.07044060458682715	7.07	99.52	0.1	4    1983952  1.4338321E+01  1.01E+00    7.07   99.52    0.10
adaptive	A11_S4	A11		S4	148	1	99999	12.501869	1.48	0.11838229947858196	11.85	37.47	3.71	1      99999  1.2501869E+01  1.48E+00   11.85   37.47*   3.71
adaptive	A11_S4	A11		S4	150	1	99999	12.501869	1.48	0.11838229947858196	11.85	37.47	3.71	1      99999  1.2501869E+01  1.48E+00   11.85   37.47    3.71
adaptive	A11_S4	A11		S4	152	2	300014	12.549396	0.238	0.018965056166846597	1.89	10.38	0.91	2     300014  1.2549396E+01  2.38E-01    1.89   10.38*   0.91
adaptive	A11_S4	A11		S4	154	2	300014	12.549396	0.238	0.018965056166846597	1.89	10.38	0.91	2     300014  1.2549396E+01  2.38E-01    1.89   10.38    0.91
adaptive	A11_S4	A11		S4	156	3	600015	12.299417	0.118	0.009593950672621311	0.96	7.41	1.59	3     600015  1.2299417E+01  1.18E-01    0.96    7.41*   1.59
adaptive	A11_S4	A11		S4	158	3	600015	12.299417	0.118	0.009593950672621311	0.96	7.41	1.59	3     600015  1.2299417E+01  1.18E-01    0.96    7.41    1.59
fixed	A11_S4_F0	A11	F0	S4	144	1	99999	12.501869	1.48	0.11838229947858196	11.85	37.47	3.71	1      99999  1.2501869E+01  1.48E+00   11.85   37.47*   3.71
fixed	A11_S4_F0	A11	F0	S4	146	1	99999	12.501869	1.48	0.11838229947858196	11.85	37.47	3.71	1      99999  1.2501869E+01  1.48E+00   11.85   37.47    3.71
fixed	A11_S4_F0	A11	F0	S4	149	2	300014	12.549396	0.238	0.018965056166846597	1.89	10.38	0.91	2     300014  1.2549396E+01  2.38E-01    1.89   10.38*   0.91
fixed	A11_S4_F0	A11	F0	S4	151	2	300014	12.549396	0.238	0.018965056166846597	1.89	10.38	0.91	2     300014  1.2549396E+01  2.38E-01    1.89   10.38    0.91
fixed	A11_S4_F0	A11	F0	S4	154	3	600015	12.299417	0.118	0.009593950672621311	0.96	7.41	1.59	3     600015  1.2299417E+01  1.18E-01    0.96    7.41*   1.59
fixed	A11_S4_F0	A11	F0	S4	156	3	600015	12.299417	0.118	0.009593950672621311	0.96	7.41	1.59	3     600015  1.2299417E+01  1.18E-01    0.96    7.41    1.59
fixed	A11_S4_F0	A11	F0	S4	159	4	203844	12.104365	0.0627	0.005179949547126182	0.52	2.34	4.35	4     203844  1.2104365E+01  6.27E-02    0.52    2.34*   4.35
fixed	A11_S4_F0	A11	F0	S4	160	5	203844	13.379982	0.739	0.05523176339101203	5.52	24.93	0.25	5     203844  1.3379982E+01  7.39E-01    5.52   24.93    0.25
fixed	A11_S4_F0	A11	F0	S4	161	6	203844	13.965238	1.63	0.11671838317399245	11.66	52.66	0.11	6     203844  1.3965238E+01  1.63E+00   11.66   52.66    0.11
fixed	A11_S4_F0	A11	F0	S4	163	6	611532	12.116209	0.0624	0.005150125753030506	0.52	4.03	0.11	6     611532  1.2116209E+01  6.24E-02    0.52    4.03    0.11    2.12   3
fixed	A11_S4_F1	A11	F1	S4	144	1	99999	12.501869	1.48	0.11838229947858196	11.85	37.47	3.71	1      99999  1.2501869E+01  1.48E+00   11.85   37.47*   3.71
fixed	A11_S4_F1	A11	F1	S4	146	1	99999	12.501869	1.48	0.11838229947858196	11.85	37.47	3.71	1      99999  1.2501869E+01  1.48E+00   11.85   37.47    3.71
fixed	A11_S4_F1	A11	F1	S4	149	2	300014	12.549396	0.238	0.018965056166846597	1.89	10.38	0.91	2     300014  1.2549396E+01  2.38E-01    1.89   10.38*   0.91
fixed	A11_S4_F1	A11	F1	S4	151	2	300014	12.549396	0.238	0.018965056166846597	1.89	10.38	0.91	2     300014  1.2549396E+01  2.38E-01    1.89   10.38    0.91
fixed	A11_S4_F1	A11	F1	S4	154	3	600015	12.299417	0.118	0.009593950672621311	0.96	7.41	1.59	3     600015  1.2299417E+01  1.18E-01    0.96    7.41*   1.59
fixed	A11_S4_F1	A11	F1	S4	156	3	600015	12.299417	0.118	0.009593950672621311	0.96	7.41	1.59	3     600015  1.2299417E+01  1.18E-01    0.96    7.41    1.59
fixed	A11_S4_F1	A11	F1	S4	159	4	600015	12.456428	0.172	0.013808131833620358	1.38	10.68	0.7	4     600015  1.2456428E+01  1.72E-01    1.38   10.68    0.70
fixed	A11_S4_F1	A11	F1	S4	161	4	600015	12.456428	0.172	0.013808131833620358	1.38	10.68	0.7	4     600015  1.2456428E+01  1.72E-01    1.38   10.68    0.70
fixed	A11_S4_F2	A11	F2	S4	144	1	99999	12.501869	1.48	0.11838229947858196	11.85	37.47	3.71	1      99999  1.2501869E+01  1.48E+00   11.85   37.47*   3.71
fixed	A11_S4_F2	A11	F2	S4	146	1	99999	12.501869	1.48	0.11838229947858196	11.85	37.47	3.71	1      99999  1.2501869E+01  1.48E+00   11.85   37.47    3.71
fixed	A11_S4_F2	A11	F2	S4	149	2	300014	12.549396	0.238	0.018965056166846597	1.89	10.38	0.91	2     300014  1.2549396E+01  2.38E-01    1.89   10.38*   0.91
fixed	A11_S4_F2	A11	F2	S4	151	2	300014	12.549396	0.238	0.018965056166846597	1.89	10.38	0.91	2     300014  1.2549396E+01  2.38E-01    1.89   10.38    0.91
fixed	A11_S4_F2	A11	F2	S4	154	3	600015	12.299417	0.118	0.009593950672621311	0.96	7.41	1.59	3     600015  1.2299417E+01  1.18E-01    0.96    7.41*   1.59
fixed	A11_S4_F2	A11	F2	S4	156	3	600015	12.299417	0.118	0.009593950672621311	0.96	7.41	1.59	3     600015  1.2299417E+01  1.18E-01    0.96    7.41    1.59
fixed	A11_S4_F2	A11	F2	S4	159	4	1971014	13.170334	0.52	0.03948267371199546	3.95	55.47	0.04	4    1971014  1.3170334E+01  5.20E-01    3.95   55.47    0.04
fixed	A11_S4_F2	A11	F2	S4	161	4	1971014	13.170334	0.52	0.03948267371199546	3.95	55.47	0.04	4    1971014  1.3170334E+01  5.20E-01    3.95   55.47    0.04
adaptive	A11_S5	A11		S5	148	1	100022	13.089363	1.67	0.12758451270699728	12.8	40.47	3.43	1     100022  1.3089363E+01  1.67E+00   12.80   40.47*   3.43
adaptive	A11_S5	A11		S5	150	1	100022	13.089363	1.67	0.12758451270699728	12.8	40.47	3.43	1     100022  1.3089363E+01  1.67E+00   12.80   40.47    3.43
adaptive	A11_S5	A11		S5	152	2	300021	12.128959	0.121	0.009976124084515415	1.0	5.48	1.08	2     300021  1.2128959E+01  1.21E-01    1.00    5.48*   1.08
adaptive	A11_S5	A11		S5	154	2	300021	12.128959	0.121	0.009976124084515415	1.0	5.48	1.08	2     300021  1.2128959E+01  1.21E-01    1.00    5.48    1.08
adaptive	A11_S5	A11		S5	156	3	600008	12.323416	0.0983	0.007976684386861565	0.8	6.18	0.93	3     600008  1.2323416E+01  9.83E-02    0.80    6.18    0.93
adaptive	A11_S5	A11		S5	158	3	600008	12.323416	0.0983	0.007976684386861565	0.8	6.18	0.93	3     600008  1.2323416E+01  9.83E-02    0.80    6.18    0.93
fixed	A11_S5_F0	A11	F0	S5	144	1	100022	13.089363	1.67	0.12758451270699728	12.8	40.47	3.43	1     100022  1.3089363E+01  1.67E+00   12.80   40.47*   3.43
fixed	A11_S5_F0	A11	F0	S5	146	1	100022	13.089363	1.67	0.12758451270699728	12.8	40.47	3.43	1     100022  1.3089363E+01  1.67E+00   12.80   40.47    3.43
fixed	A11_S5_F0	A11	F0	S5	149	2	300021	12.128959	0.121	0.009976124084515415	1.0	5.48	1.08	2     300021  1.2128959E+01  1.21E-01    1.00    5.48*   1.08
fixed	A11_S5_F0	A11	F0	S5	151	2	300021	12.128959	0.121	0.009976124084515415	1.0	5.48	1.08	2     300021  1.2128959E+01  1.21E-01    1.00    5.48    1.08
fixed	A11_S5_F0	A11	F0	S5	154	3	600008	12.323416	0.0983	0.007976684386861565	0.8	6.18	0.93	3     600008  1.2323416E+01  9.83E-02    0.80    6.18    0.93
fixed	A11_S5_F0	A11	F0	S5	156	3	600008	12.323416	0.0983	0.007976684386861565	0.8	6.18	0.93	3     600008  1.2323416E+01  9.83E-02    0.80    6.18    0.93
fixed	A11_S5_F0	A11	F0	S5	159	4	203749	12.294963	0.113	0.009190755596417818	0.92	4.16	3.4	4     203749  1.2294963E+01  1.13E-01    0.92    4.16*   3.40
fixed	A11_S5_F0	A11	F0	S5	160	5	203749	12.497509	0.321	0.025685118530420742	2.57	11.6	2.6	5     203749  1.2497509E+01  3.21E-01    2.57   11.60    2.60
fixed	A11_S5_F0	A11	F0	S5	161	6	203749	12.753184	0.495	0.03881383660739154	3.88	17.52	2.48	6     203749  1.2753184E+01  4.95E-01    3.88   17.52    2.48
fixed	A11_S5_F0	A11	F0	S5	163	6	611247	12.33684	0.105	0.0085110936025757	0.85	6.62	2.48	6     611247  1.2336840E+01  1.05E-01    0.85    6.62    2.48    0.55   3
fixed	A11_S5_F1	A11	F1	S5	144	1	100022	13.089363	1.67	0.12758451270699728	12.8	40.47	3.43	1     100022  1.3089363E+01  1.67E+00   12.80   40.47*   3.43
fixed	A11_S5_F1	A11	F1	S5	146	1	100022	13.089363	1.67	0.12758451270699728	12.8	40.47	3.43	1     100022  1.3089363E+01  1.67E+00   12.80   40.47    3.43
fixed	A11_S5_F1	A11	F1	S5	149	2	300021	12.128959	0.121	0.009976124084515415	1.0	5.48	1.08	2     300021  1.2128959E+01  1.21E-01    1.00    5.48*   1.08
fixed	A11_S5_F1	A11	F1	S5	151	2	300021	12.128959	0.121	0.009976124084515415	1.0	5.48	1.08	2     300021  1.2128959E+01  1.21E-01    1.00    5.48    1.08
fixed	A11_S5_F1	A11	F1	S5	154	3	600008	12.323416	0.0983	0.007976684386861565	0.8	6.18	0.93	3     600008  1.2323416E+01  9.83E-02    0.80    6.18    0.93
fixed	A11_S5_F1	A11	F1	S5	156	3	600008	12.323416	0.0983	0.007976684386861565	0.8	6.18	0.93	3     600008  1.2323416E+01  9.83E-02    0.80    6.18    0.93
fixed	A11_S5_F1	A11	F1	S5	159	4	600008	12.581297	0.317	0.025196130414853097	2.52	19.53	0.19	4     600008  1.2581297E+01  3.17E-01    2.52   19.53    0.19
fixed	A11_S5_F1	A11	F1	S5	161	4	600008	12.581297	0.317	0.025196130414853097	2.52	19.53	0.19	4     600008  1.2581297E+01  3.17E-01    2.52   19.53    0.19
fixed	A11_S5_F2	A11	F2	S5	144	1	100022	13.089363	1.67	0.12758451270699728	12.8	40.47	3.43	1     100022  1.3089363E+01  1.67E+00   12.80   40.47*   3.43
fixed	A11_S5_F2	A11	F2	S5	146	1	100022	13.089363	1.67	0.12758451270699728	12.8	40.47	3.43	1     100022  1.3089363E+01  1.67E+00   12.80   40.47    3.43
fixed	A11_S5_F2	A11	F2	S5	149	2	300021	12.128959	0.121	0.009976124084515415	1.0	5.48	1.08	2     300021  1.2128959E+01  1.21E-01    1.00    5.48*   1.08
fixed	A11_S5_F2	A11	F2	S5	151	2	300021	12.128959	0.121	0.009976124084515415	1.0	5.48	1.08	2     300021  1.2128959E+01  1.21E-01    1.00    5.48    1.08
fixed	A11_S5_F2	A11	F2	S5	154	3	600008	12.323416	0.0983	0.007976684386861565	0.8	6.18	0.93	3     600008  1.2323416E+01  9.83E-02    0.80    6.18    0.93
fixed	A11_S5_F2	A11	F2	S5	156	3	600008	12.323416	0.0983	0.007976684386861565	0.8	6.18	0.93	3     600008  1.2323416E+01  9.83E-02    0.80    6.18    0.93
fixed	A11_S5_F2	A11	F2	S5	159	4	1983693	12.393441	0.117	0.009440477426729188	0.94	13.31	0.17	4    1983693  1.2393441E+01  1.17E-01    0.94   13.31    0.17
fixed	A11_S5_F2	A11	F2	S5	161	4	1983693	12.393441	0.117	0.009440477426729188	0.94	13.31	0.17	4    1983693  1.2393441E+01  1.17E-01    0.94   13.31    0.17
adaptive	A11_S6	A11		S6	148	1	99990	12.134832	1.38	0.11372221716790146	11.37	35.96	3.73	1      99990  1.2134832E+01  1.38E+00   11.37   35.96*   3.73
adaptive	A11_S6	A11		S6	150	1	99990	12.134832	1.38	0.11372221716790146	11.37	35.96	3.73	1      99990  1.2134832E+01  1.38E+00   11.37   35.96    3.73
adaptive	A11_S6	A11		S6	152	2	300001	12.17969	0.124	0.010180883093083648	1.02	5.57	0.96	2     300001  1.2179690E+01  1.24E-01    1.02    5.57*   0.96
adaptive	A11_S6	A11		S6	154	2	300001	12.17969	0.124	0.010180883093083648	1.02	5.57	0.96	2     300001  1.2179690E+01  1.24E-01    1.02    5.57    0.96
adaptive	A11_S6	A11		S6	156	3	591090	60.309406	47.9	0.794237635170872	79.5	611.22	0.01	3     591090  6.0309406E+01  4.79E+01   79.50  611.22    0.01
adaptive	A11_S6	A11		S6	158	3	591090	60.309406	47.9	0.794237635170872	79.5	611.22	0.01	3     591090  6.0309406E+01  4.79E+01   79.50  611.22    0.01
fixed	A11_S6_F0	A11	F0	S6	144	1	99990	12.134832	1.38	0.11372221716790146	11.37	35.96	3.73	1      99990  1.2134832E+01  1.38E+00   11.37   35.96*   3.73
fixed	A11_S6_F0	A11	F0	S6	146	1	99990	12.134832	1.38	0.11372221716790146	11.37	35.96	3.73	1      99990  1.2134832E+01  1.38E+00   11.37   35.96    3.73
fixed	A11_S6_F0	A11	F0	S6	149	2	300001	12.17969	0.124	0.010180883093083648	1.02	5.57	0.96	2     300001  1.2179690E+01  1.24E-01    1.02    5.57*   0.96
fixed	A11_S6_F0	A11	F0	S6	151	2	300001	12.17969	0.124	0.010180883093083648	1.02	5.57	0.96	2     300001  1.2179690E+01  1.24E-01    1.02    5.57    0.96
fixed	A11_S6_F0	A11	F0	S6	154	3	591090	60.309406	47.9	0.794237635170872	79.5	611.22	0.01	3     591090  6.0309406E+01  4.79E+01   79.50  611.22    0.01
fixed	A11_S6_F0	A11	F0	S6	156	3	591090	60.309406	47.9	0.794237635170872	79.5	611.22	0.01	3     591090  6.0309406E+01  4.79E+01   79.50  611.22    0.01
fixed	A11_S6_F0	A11	F0	S6	159	4	201231	12.613317	0.167	0.013239974861489647	1.33	5.95	0.75	4     201231  1.2613317E+01  1.67E-01    1.33    5.95*   0.75
fixed	A11_S6_F0	A11	F0	S6	160	5	201231	12.473429	0.219	0.01755732124662753	1.76	7.89	2.2	5     201231  1.2473429E+01  2.19E-01    1.76    7.89    2.20
fixed	A11_S6_F0	A11	F0	S6	161	6	201231	13.875249	1.07	0.07711573320233749	7.69	34.49	0.05	6     201231  1.3875249E+01  1.07E+00    7.69   34.49    0.05
fixed	A11_S6_F0	A11	F0	S6	163	6	603693	12.582005	0.132	0.010491173704032068	1.05	8.15	0.05	6     603693  1.2582005E+01  1.32E-01    1.05    8.15    0.05    0.87   3
fixed	A11_S6_F1	A11	F1	S6	144	1	99990	12.134832	1.38	0.11372221716790146	11.37	35.96	3.73	1      99990  1.2134832E+01  1.38E+00   11.37   35.96*   3.73
fixed	A11_S6_F1	A11	F1	S6	146	1	99990	12.134832	1.38	0.11372221716790146	11.37	35.96	3.73	1      99990  1.2134832E+01  1.38E+00   11.37   35.96    3.73
fixed	A11_S6_F1	A11	F1	S6	149	2	300001	12.17969	0.124	0.010180883093083648	1.02	5.57	0.96	2     300001  1.2179690E+01  1.24E-01    1.02    5.57*   0.96
fixed	A11_S6_F1	A11	F1	S6	151	2	300001	12.17969	0.124	0.010180883093083648	1.02	5.57	0.96	2     300001  1.2179690E+01  1.24E-01    1.02    5.57    0.96
fixed	A11_S6_F1	A11	F1	S6	154	3	591090	60.309406	47.9	0.794237635170872	79.5	611.22	0.01	3     591090  6.0309406E+01  4.79E+01   79.50  611.22    0.01
fixed	A11_S6_F1	A11	F1	S6	156	3	591090	60.309406	47.9	0.794237635170872	79.5	611.22	0.01	3     591090  6.0309406E+01  4.79E+01   79.50  611.22    0.01
fixed	A11_S6_F1	A11	F1	S6	159	4	591090	15.738732	2.61	0.1658329273285802	16.6	127.63	0.0	4     591090  1.5738732E+01  2.61E+00   16.60  127.63*   0.00
fixed	A11_S6_F1	A11	F1	S6	161	4	591090	15.738732	2.61	0.1658329273285802	16.6	127.63	0.0	4     591090  1.5738732E+01  2.61E+00   16.60  127.63    0.00
fixed	A11_S6_F2	A11	F2	S6	144	1	99990	12.134832	1.38	0.11372221716790146	11.37	35.96	3.73	1      99990  1.2134832E+01  1.38E+00   11.37   35.96*   3.73
fixed	A11_S6_F2	A11	F2	S6	146	1	99990	12.134832	1.38	0.11372221716790146	11.37	35.96	3.73	1      99990  1.2134832E+01  1.38E+00   11.37   35.96    3.73
fixed	A11_S6_F2	A11	F2	S6	149	2	300001	12.17969	0.124	0.010180883093083648	1.02	5.57	0.96	2     300001  1.2179690E+01  1.24E-01    1.02    5.57*   0.96
fixed	A11_S6_F2	A11	F2	S6	151	2	300001	12.17969	0.124	0.010180883093083648	1.02	5.57	0.96	2     300001  1.2179690E+01  1.24E-01    1.02    5.57    0.96
fixed	A11_S6_F2	A11	F2	S6	154	3	591090	60.309406	47.9	0.794237635170872	79.5	611.22	0.01	3     591090  6.0309406E+01  4.79E+01   79.50  611.22    0.01
fixed	A11_S6_F2	A11	F2	S6	156	3	591090	60.309406	47.9	0.794237635170872	79.5	611.22	0.01	3     591090  6.0309406E+01  4.79E+01   79.50  611.22    0.01
fixed	A11_S6_F2	A11	F2	S6	159	4	1970131	13.002791	0.235	0.018073042933628634	1.81	25.38	0.06	4    1970131  1.3002791E+01  2.35E-01    1.81   25.38*   0.06
fixed	A11_S6_F2	A11	F2	S6	161	4	1970131	13.002791	0.235	0.018073042933628634	1.81	25.38	0.06	4    1970131  1.3002791E+01  2.35E-01    1.81   25.38    0.06
adaptive	A11_S7	A11		S7	148	1	100004	14.120871	1.58	0.11189111493193303	11.18	35.35	3.15	1     100004  1.4120871E+01  1.58E+00   11.18   35.35*   3.15
adaptive	A11_S7	A11		S7	150	1	100004	14.120871	1.58	0.11189111493193303	11.18	35.35	3.15	1     100004  1.4120871E+01  1.58E+00   11.18   35.35    3.15
adaptive	A11_S7	A11		S7	152	2	299974	12.281959	0.129	0.010503210440614563	1.05	5.77	0.78	2     299974  1.2281959E+01  1.29E-01    1.05    5.77*   0.78
adaptive	A11_S7	A11		S7	154	2	299974	12.281959	0.129	0.010503210440614563	1.05	5.77	0.78	2     299974  1.2281959E+01  1.29E-01    1.05    5.77    0.78
adaptive	A11_S7	A11		S7	156	3	599994	17.124681	4.81	0.28088114458891233	28.08	217.52	0.45	3     599994  1.7124681E+01  4.81E+00   28.08  217.52    0.45
adaptive	A11_S7	A11		S7	158	3	599994	17.124681	4.81	0.28088114458891233	28.08	217.52	0.45	3     599994  1.7124681E+01  4.81E+00   28.08  217.52    0.45
fixed	A11_S7_F0	A11	F0	S7	144	1	100004	14.120871	1.58	0.11189111493193303	11.18	35.35	3.15	1     100004  1.4120871E+01  1.58E+00   11.18   35.35*   3.15
fixed	A11_S7_F0	A11	F0	S7	146	1	100004	14.120871	1.58	0.11189111493193303	11.18	35.35	3.15	1     100004  1.4120871E+01  1.58E+00   11.18   35.35    3.15
fixed	A11_S7_F0	A11	F0	S7	149	2	299974	12.281959	0.129	0.010503210440614563	1.05	5.77	0.78	2     299974  1.2281959E+01  1.29E-01    1.05    5.77*   0.78
fixed	A11_S7_F0	A11	F0	S7	151	2	299974	12.281959	0.129	0.010503210440614563	1.05	5.77	0.78	2     299974  1.2281959E+01  1.29E-01    1.05    5.77    0.78
fixed	A11_S7_F0	A11	F0	S7	154	3	599994	17.124681	4.81	0.28088114458891233	28.08	217.52	0.45	3     599994  1.7124681E+01  4.81E+00   28.08  217.52    0.45
fixed	A11_S7_F0	A11	F0	S7	156	3	599994	17.124681	4.81	0.28088114458891233	28.08	217.52	0.45	3     599994  1.7124681E+01  4.81E+00   28.08  217.52    0.45
fixed	A11_S7_F0	A11	F0	S7	159	4	203775	12.478858	0.324	0.02596391432613465	2.6	11.72	0.61	4     203775  1.2478858E+01  3.24E-01    2.60   11.72*   0.61
fixed	A11_S7_F0	A11	F0	S7	160	5	203775	12.473839	0.249	0.01996177760511419	1.99	9.0	1.07	5     203775  1.2473839E+01  2.49E-01    1.99    9.00*   1.07
fixed	A11_S7_F0	A11	F0	S7	161	6	203775	14.124586	1.16	0.08212630090538582	8.2	37.03	0.42	6     203775  1.4124586E+01  1.16E+00    8.20   37.03    0.42
fixed	A11_S7_F0	A11	F0	S7	163	6	611325	12.522137	0.194	0.015492563290115736	1.55	12.14	0.42	6     611325  1.2522137E+01  1.94E-01    1.55   12.14    0.42    0.98   3
fixed	A11_S7_F1	A11	F1	S7	144	1	100004	14.120871	1.58	0.11189111493193303	11.18	35.35	3.15	1     100004  1.4120871E+01  1.58E+00   11.18   35.35*   3.15
fixed	A11_S7_F1	A11	F1	S7	146	1	100004	14.120871	1.58	0.11189111493193303	11.18	35.35	3.15	1     100004  1.4120871E+01  1.58E+00   11.18   35.35    3.15
fixed	A11_S7_F1	A11	F1	S7	149	2	299974	12.281959	0.129	0.010503210440614563	1.05	5.77	0.78	2     299974  1.2281959E+01  1.29E-01    1.05    5.77*   0.78
fixed	A11_S7_F1	A11	F1	S7	151	2	299974	12.281959	0.129	0.010503210440614563	1.05	5.77	0.78	2     299974  1.2281959E+01  1.29E-01    1.05    5.77    0.78
fixed	A11_S7_F1	A11	F1	S7	154	3	599994	17.124681	4.81	0.28088114458891233	28.08	217.52	0.45	3     599994  1.7124681E+01  4.81E+00   28.08  217.52    0.45
fixed	A11_S7_F1	A11	F1	S7	156	3	599994	17.124681	4.81	0.28088114458891233	28.08	217.52	0.45	3     599994  1.7124681E+01  4.81E+00   28.08  217.52    0.45
fixed	A11_S7_F1	A11	F1	S7	159	4	599994	12.357123	0.115	0.009306373336253107	0.93	7.22	0.5	4     599994  1.2357123E+01  1.15E-01    0.93    7.22*   0.50
fixed	A11_S7_F1	A11	F1	S7	161	4	599994	12.357123	0.115	0.009306373336253107	0.93	7.22	0.5	4     599994  1.2357123E+01  1.15E-01    0.93    7.22    0.50
fixed	A11_S7_F2	A11	F2	S7	144	1	100004	14.120871	1.58	0.11189111493193303	11.18	35.35	3.15	1     100004  1.4120871E+01  1.58E+00   11.18   35.35*   3.15
fixed	A11_S7_F2	A11	F2	S7	146	1	100004	14.120871	1.58	0.11189111493193303	11.18	35.35	3.15	1     100004  1.4120871E+01  1.58E+00   11.18   35.35    3.15
fixed	A11_S7_F2	A11	F2	S7	149	2	299974	12.281959	0.129	0.010503210440614563	1.05	5.77	0.78	2     299974  1.2281959E+01  1.29E-01    1.05    5.77*   0.78
fixed	A11_S7_F2	A11	F2	S7	151	2	299974	12.281959	0.129	0.010503210440614563	1.05	5.77	0.78	2     299974  1.2281959E+01  1.29E-01    1.05    5.77    0.78
fixed	A11_S7_F2	A11	F2	S7	154	3	599994	17.124681	4.81	0.28088114458891233	28.08	217.52	0.45	3     599994  1.7124681E+01  4.81E+00   28.08  217.52    0.45
fixed	A11_S7_F2	A11	F2	S7	156	3	599994	17.124681	4.81	0.28088114458891233	28.08	217.52	0.45	3     599994  1.7124681E+01  4.81E+00   28.08  217.52    0.45
fixed	A11_S7_F2	A11	F2	S7	159	4	1948298	18.39058	5.4	0.2936285859391058	29.36	409.8	0.11	4    1948298  1.8390580E+01  5.40E+00   29.36  409.80    0.11
fixed	A11_S7_F2	A11	F2	S7	161	4	1948298	18.39058	5.4	0.2936285859391058	29.36	409.8	0.11	4    1948298  1.8390580E+01  5.40E+00   29.36  409.80    0.11
adaptive	A12_S0	A12		S0	148	1	249999	13.582165	1.03	0.07583474357733101	7.58	37.88	1.73	1     249999  1.3582165E+01  1.03E+00    7.58   37.88*   1.73
adaptive	A12_S0	A12		S0	150	1	249999	13.582165	1.03	0.07583474357733101	7.58	37.88	1.73	1     249999  1.3582165E+01  1.03E+00    7.58   37.88    1.73
adaptive	A12_S0	A12		S0	152	2	499992	18.280558	4.27	0.2335814913308445	23.34	165.02	0.75	2     499992  1.8280558E+01  4.27E+00   23.34  165.02    0.75
adaptive	A12_S0	A12		S0	154	2	499992	18.280558	4.27	0.2335814913308445	23.34	165.02	0.75	2     499992  1.8280558E+01  4.27E+00   23.34  165.02    0.75
adaptive	A12_S0	A12		S0	156	3	1000008	14.943157	2.31	0.1545858080725512	15.46	154.61	0.16	3    1000008  1.4943157E+01  2.31E+00   15.46  154.61*   0.16
adaptive	A12_S0	A12		S0	158	3	1000008	14.943157	2.31	0.1545858080725512	15.46	154.61	0.16	3    1000008  1.4943157E+01  2.31E+00   15.46  154.61    0.16
fixed	A12_S0_F0	A12	F0	S0	144	1	249999	13.582165	1.03	0.07583474357733101	7.58	37.88	1.73	1     249999  1.3582165E+01  1.03E+00    7.58   37.88*   1.73
fixed	A12_S0_F0	A12	F0	S0	146	1	249999	13.582165	1.03	0.07583474357733101	7.58	37.88	1.73	1     249999  1.3582165E+01  1.03E+00    7.58   37.88    1.73
fixed	A12_S0_F0	A12	F0	S0	149	2	499992	18.280558	4.27	0.2335814913308445	23.34	165.02	0.75	2     499992  1.8280558E+01  4.27E+00   23.34  165.02    0.75
fixed	A12_S0_F0	A12	F0	S0	151	2	499992	18.280558	4.27	0.2335814913308445	23.34	165.02	0.75	2     499992  1.8280558E+01  4.27E+00   23.34  165.02    0.75
fixed	A12_S0_F0	A12	F0	S0	154	3	1000008	14.943157	2.31	0.1545858080725512	15.46	154.61	0.16	3    1000008  1.4943157E+01  2.31E+00   15.46  154.61*   0.16
fixed	A12_S0_F0	A12	F0	S0	156	3	1000008	14.943157	2.31	0.1545858080725512	15.46	154.61	0.16	3    1000008  1.4943157E+01  2.31E+00   15.46  154.61    0.16
fixed	A12_S0_F0	A12	F0	S0	159	4	203995	12.425811	0.135	0.010864482004434158	1.09	4.92	1.49	4     203995  1.2425811E+01  1.35E-01    1.09    4.92*   1.49
fixed	A12_S0_F0	A12	F0	S0	160	5	203995	85.310201	72.5	0.8498397512860155	84.94	383.64	0.03	5     203995  8.5310201E+01  7.25E+01   84.94  383.64    0.03
fixed	A12_S0_F0	A12	F0	S0	161	6	203995	22.992057	9.51	0.41362110401866176	41.34	186.72	0.06	6     203995  2.2992057E+01  9.51E+00   41.34  186.72*   0.06
fixed	A12_S0_F0	A12	F0	S0	163	6	611985	12.428209	0.135	0.010862385722673316	1.09	8.52	0.06	6     611985  1.2428209E+01  1.35E-01    1.09    8.52    0.06    1.12   3
fixed	A12_S0_F1	A12	F1	S0	144	1	249999	13.582165	1.03	0.07583474357733101	7.58	37.88	1.73	1     249999  1.3582165E+01  1.03E+00    7.58   37.88*   1.73
fixed	A12_S0_F1	A12	F1	S0	146	1	249999	13.582165	1.03	0.07583474357733101	7.58	37.88	1.73	1     249999  1.3582165E+01  1.03E+00    7.58   37.88    1.73
fixed	A12_S0_F1	A12	F1	S0	149	2	499992	18.280558	4.27	0.2335814913308445	23.34	165.02	0.75	2     499992  1.8280558E+01  4.27E+00   23.34  165.02    0.75
fixed	A12_S0_F1	A12	F1	S0	151	2	499992	18.280558	4.27	0.2335814913308445	23.34	165.02	0.75	2     499992  1.8280558E+01  4.27E+00   23.34  165.02    0.75
fixed	A12_S0_F1	A12	F1	S0	154	3	1000008	14.943157	2.31	0.1545858080725512	15.46	154.61	0.16	3    1000008  1.4943157E+01  2.31E+00   15.46  154.61*   0.16
fixed	A12_S0_F1	A12	F1	S0	156	3	1000008	14.943157	2.31	0.1545858080725512	15.46	154.61	0.16	3    1000008  1.4943157E+01  2.31E+00   15.46  154.61    0.16
fixed	A12_S0_F1	A12	F1	S0	159	4	601813	41.341296	26.8	0.6482622121957667	64.77	502.48	0.01	4     601813  4.1341296E+01  2.68E+01   64.77  502.48    0.01
fixed	A12_S0_F1	A12	F1	S0	161	4	601813	41.341296	26.8	0.6482622121957667	64.77	502.48	0.01	4     601813  4.1341296E+01  2.68E+01   64.77  502.48    0.01
fixed	A12_S0_F2	A12	F2	S0	144	1	249999	13.582165	1.03	0.07583474357733101	7.58	37.88	1.73	1     249999  1.3582165E+01  1.03E+00    7.58   37.88*   1.73
fixed	A12_S0_F2	A12	F2	S0	146	1	249999	13.582165	1.03	0.07583474357733101	7.58	37.88	1.73	1     249999  1.3582165E+01  1.03E+00    7.58   37.88    1.73
fixed	A12_S0_F2	A12	F2	S0	149	2	499992	18.280558	4.27	0.2335814913308445	23.34	165.02	0.75	2     499992  1.8280558E+01  4.27E+00   23.34  165.02    0.75
fixed	A12_S0_F2	A12	F2	S0	151	2	499992	18.280558	4.27	0.2335814913308445	23.34	165.02	0.75	2     499992  1.8280558E+01  4.27E+00   23.34  165.02    0.75
fixed	A12_S0_F2	A12	F2	S0	154	3	1000008	14.943157	2.31	0.1545858080725512	15.46	154.61	0.16	3    1000008  1.4943157E+01  2.31E+00   15.46  154.61*   0.16
fixed	A12_S0_F2	A12	F2	S0	156	3	1000008	14.943157	2.31	0.1545858080725512	15.46	154.61	0.16	3    1000008  1.4943157E+01  2.31E+00   15.46  154.61    0.16
fixed	A12_S0_F2	A12	F2	S0	159	4	1944165	56.499473	23.4	0.41416315511473883	41.49	578.47	0.01	4    1944165  5.6499473E+01  2.34E+01   41.49  578.47    0.01
fixed	A12_S0_F2	A12	F2	S0	161	4	1944165	56.499473	23.4	0.41416315511473883	41.49	578.47	0.01	4    1944165  5.6499473E+01  2.34E+01   41.49  578.47    0.01
adaptive	A12_S1	A12		S1	148	1	250013	12.926452	0.966	0.07473048288888552	7.47	37.35	2.06	1     250013  1.2926452E+01  9.66E-01    7.47   37.35*   2.06
adaptive	A12_S1	A12		S1	150	1	250013	12.926452	0.966	0.07473048288888552	7.47	37.35	2.06	1     250013  1.2926452E+01  9.66E-01    7.47   37.35    2.06
adaptive	A12_S1	A12		S1	152	2	499985	12.296202	0.136	0.011060325781895907	1.11	7.83	1.09	2     499985  1.2296202E+01  1.36E-01    1.11    7.83*   1.09
adaptive	A12_S1	A12		S1	154	2	499985	12.296202	0.136	0.011060325781895907	1.11	7.83	1.09	2     499985  1.2296202E+01  1.36E-01    1.11    7.83    1.09
adaptive	A12_S1	A12		S1	156	3	953972	16.105098	2.44	0.1515048216409487	15.15	147.96	0.04	3     953972  1.6105098E+01  2.44E+00   15.15  147.96    0.04
adaptive	A12_S1	A12		S1	158	3	953972	16.105098	2.44	0.1515048216409487	15.15	147.96	0.04	3     953972  1.6105098E+01  2.44E+00   15.15  147.96    0.04
fixed	A12_S1_F0	A12	F0	S1	144	1	250013	12.926452	0.966	0.07473048288888552	7.47	37.35	2.06	1     250013  1.2926452E+01  9.66E-01    7.47   37.35*   2.06
fixed	A12_S1_F0	A12	F0	S1	146	1	250013	12.926452	0.966	0.07473048288888552	7.47	37.35	2.06	1     250013  1.2926452E+01  9.66E-01    7.47   37.35    2.06
fixed	A12_S1_F0	A12	F0	S1	149	2	499985	12.296202	0.136	0.011060325781895907	1.11	7.83	1.09	2     499985  1.2296202E+01  1.36E-01    1.11    7.83*   1.09
fixed	A12_S1_F0	A12	F0	S1	151	2	499985	12.296202	0.136	0.011060325781895907	1.11	7.83	1.09	2     499985  1.2296202E+01  1.36E-01    1.11    7.83    1.09
fixed	A12_S1_F0	A12	F0	S1	154	3	953972	16.105098	2.44	0.1515048216409487	15.15	147.96	0.04	3     953972  1.6105098E+01  2.44E+00   15.15  147.96    0.04
fixed	A12_S1_F0	A12	F0	S1	156	3	953972	16.105098	2.44	0.1515048216409487	15.15	147.96	0.04	3     953972  1.6105098E+01  2.44E+00   15.15  147.96    0.04
fixed	A12_S1_F0	A12	F0	S1	159	4	204242	115.1129	102.0	0.8860866158354103	88.94	401.96	0.05	4     204242  1.1511290E+02  1.02E+02   88.94  401.96    0.05
fixed	A12_S1_F0	A12	F0	S1	160	5	204242	14.840607	2.08	0.1401559922717447	14.04	63.44	0.08	5     204242  1.4840607E+01  2.08E+00   14.04   63.44*   0.08
fixed	A12_S1_F0	A12	F0	S1	161	6	204242	137.69006	124.0	0.9005733601975335	90.2	407.64	0.04	6     204242  1.3769006E+02  1.24E+02   90.20  407.64    0.04
fixed	A12_S1_F0	A12	F0	S1	163	6	612726	14.916634	2.08	0.13944164615153795	13.96	109.28	0.04	6     612726  1.4916634E+01  2.08E+00   13.96  109.28    0.04    0.97   3
fixed	A12_S1_F1	A12	F1	S1	144	1	250013	12.926452	0.966	0.07473048288888552	7.47	37.35	2.06	1     250013  1.2926452E+01  9.66E-01    7.47   37.35*   2.06
fixed	A12_S1_F1	A12	F1	S1	146	1	250013	12.926452	0.966	0.07473048288888552	7.47	37.35	2.06	1     250013  1.2926452E+01  9.66E-01    7.47   37.35    2.06
fixed	A12_S1_F1	A12	F1	S1	149	2	499985	12.296202	0.136	0.011060325781895907	1.11	7.83	1.09	2     499985  1.2296202E+01  1.36E-01    1.11    7.83*   1.09
fixed	A12_S1_F1	A12	F1	S1	151	2	499985	12.296202	0.136	0.011060325781895907	1.11	7.83	1.09	2     499985  1.2296202E+01  1.36E-01    1.11    7.83    1.09
fixed	A12_S1_F1	A12	F1	S1	154	3	953972	16.105098	2.44	0.1515048216409487	15.15	147.96	0.04	3     953972  1.6105098E+01  2.44E+00   15.15  147.96    0.04
fixed	A12_S1_F1	A12	F1	S1	156	3	953972	16.105098	2.44	0.1515048216409487	15.15	147.96	0.04	3     953972  1.6105098E+01  2.44E+00   15.15  147.96    0.04
fixed	A12_S1_F1	A12	F1	S1	159	4	587468	50.788491	34.2	0.6733809043470105	67.42	516.75	0.02	4     587468  5.0788491E+01  3.42E+01   67.42  516.75    0.02
fixed	A12_S1_F1	A12	F1	S1	161	4	587468	50.788491	34.2	0.6733809043470105	67.42	516.75	0.02	4     587468  5.0788491E+01  3.42E+01   67.42  516.75    0.02
fixed	A12_S1_F2	A12	F2	S1	144	1	250013	12.926452	0.966	0.07473048288888552	7.47	37.35	2.06	1     250013  1.2926452E+01  9.66E-01    7.47   37.35*   2.06
fixed	A12_S1_F2	A12	F2	S1	146	1	250013	12.926452	0.966	0.07473048288888552	7.47	37.35	2.06	1     250013  1.2926452E+01  9.66E-01    7.47   37.35    2.06
fixed	A12_S1_F2	A12	F2	S1	149	2	499985	12.296202	0.136	0.011060325781895907	1.11	7.83	1.09	2     499985  1.2296202E+01  1.36E-01    1.11    7.83*   1.09
fixed	A12_S1_F2	A12	F2	S1	151	2	499985	12.296202	0.136	0.011060325781895907	1.11	7.83	1.09	2     499985  1.2296202E+01  1.36E-01    1.11    7.83    1.09
fixed	A12_S1_F2	A12	F2	S1	154	3	953972	16.105098	2.44	0.1515048216409487	15.15	147.96	0.04	3     953972  1.6105098E+01  2.44E+00   15.15  147.96    0.04
fixed	A12_S1_F2	A12	F2	S1	156	3	953972	16.105098	2.44	0.1515048216409487	15.15	147.96	0.04	3     953972  1.6105098E+01  2.44E+00   15.15  147.96    0.04
fixed	A12_S1_F2	A12	F2	S1	159	4	1961343	105.83803	49.2	0.46486126017273754	46.52	651.49	0.0	4    1961343  1.0583803E+02  4.92E+01   46.52  651.49    0.00
fixed	A12_S1_F2	A12	F2	S1	161	4	1961343	105.83803	49.2	0.46486126017273754	46.52	651.49	0.0	4    1961343  1.0583803E+02  4.92E+01   46.52  651.49    0.00
adaptive	A12_S2	A12		S2	148	1	249992	12.427462	0.954	0.07676547311108253	7.68	38.4	1.81	1     249992  1.2427462E+01  9.54E-01    7.68   38.40*   1.81
adaptive	A12_S2	A12		S2	150	1	249992	12.427462	0.954	0.07676547311108253	7.68	38.4	1.81	1     249992  1.2427462E+01  9.54E-01    7.68   38.40    1.81
adaptive	A12_S2	A12		S2	152	2	492777	75.059468	54.6	0.7274232212783603	72.77	510.86	0.07	2     492777  7.5059468E+01  5.46E+01   72.77  510.86    0.07
adaptive	A12_S2	A12		S2	154	2	492777	75.059468	54.6	0.7274232212783603	72.77	510.86	0.07	2     492777  7.5059468E+01  5.46E+01   72.77  510.86    0.07
adaptive	A12_S2	A12		S2	156	3	1000000	13.673025	0.971	0.07101574084739842	7.1	71.03	0.7	3    1000000  1.3673025E+01  9.71E-01    7.10   71.03*   0.70
adaptive	A12_S2	A12		S2	158	3	1000000	13.673025	0.971	0.07101574084739842	7.1	71.03	0.7	3    1000000  1.3673025E+01  9.71E-01    7.10   71.03    0.70
fixed	A12_S2_F0	A12	F0	S2	144	1	249992	12.427462	0.954	0.07676547311108253	7.68	38.4	1.81	1     249992  1.2427462E+01  9.54E-01    7.68   38.40*   1.81
fixed	A12_S2_F0	A12	F0	S2	146	1	249992	12.427462	0.954	0.07676547311108253	7.68	38.4	1.81	1     249992  1.2427462E+01  9.54E-01    7.68   38.40    1.81
fixed	A12_S2_F0	A12	F0	S2	149	2	492777	75.059468	54.6	0.7274232212783603	72.77	510.86	0.07	2     492777  7.5059468E+01  5.46E+01   72.77  510.86    0.07
fixed	A12_S2_F0	A12	F0	S2	151	2	492777	75.059468	54.6	0.7274232212783603	72.77	510.86	0.07	2     492777  7.5059468E+01  5.46E+01   72.77  510.86    0.07
fixed	A12_S2_F0	A12	F0	S2	154	3	1000000	13.673025	0.971	0.07101574084739842	7.1	71.03	0.7	3    1000000  1.3673025E+01  9.71E-01    7.10   71.03*   0.70
fixed	A12_S2_F0	A12	F0	S2	156	3	1000000	13.673025	0.971	0.07101574084739842	7.1	71.03	0.7	3    1000000  1.3673025E+01  9.71E-01    7.10   71.03    0.70
fixed	A12_S2_F0	A12	F0	S2	159	4	203962	12.498139	0.105	0.00840125077821586	0.84	3.78	2.14	4     203962  1.2498139E+01  1.05E-01    0.84    3.78*   2.14
fixed	A12_S2_F0	A12	F0	S2	160	5	203962	24.146688	6.81	0.2820262555262237	28.22	127.44	0.13	5     203962  2.4146688E+01  6.81E+00   28.22  127.44    0.13
fixed	A12_S2_F0	A12	F0	S2	161	6	203962	248.84776	205.0	0.8237968467146339	82.27	371.55	0.05	6     203962  2.4884776E+02  2.05E+02   82.27  371.55    0.05
fixed	A12_S2_F0	A12	F0	S2	163	6	611886	12.500953	0.105	0.008399359632821592	0.84	6.55	0.05	6     611886  1.2500953E+01  1.05E-01    0.84    6.55    0.05    2.13   3
fixed	A12_S2_F1	A12	F1	S2	144	1	249992	12.427462	0.954	0.07676547311108253	7.68	38.4	1.81	1     249992  1.2427462E+01  9.54E-01    7.68   38.40*   1.81
fixed	A12_S2_F1	A12	F1	S2	146	1	249992	12.427462	0.954	0.07676547311108253	7.68	38.4	1.81	1     249992  1.2427462E+01  9.54E-01    7.68   38.40    1.81
fixed	A12_S2_F1	A12	F1	S2	149	2	492777	75.059468	54.6	0.7274232212783603	72.77	510.86	0.07	2     492777  7.5059468E+01  5.46E+01   72.77  510.86    0.07
fixed	A12_S2_F1	A12	F1	S2	151	2	492777	75.059468	54.6	0.7274232212783603	72.77	510.86	0.07	2     492777  7.5059468E+01  5.46E+01   72.77  510.86    0.07
fixed	A12_S2_F1	A12	F1	S2	154	3	1000000	13.673025	0.971	0.07101574084739842	7.1	71.03	0.7	3    1000000  1.3673025E+01  9.71E-01    7.10   71.03*   0.70
fixed	A12_S2_F1	A12	F1	S2	156	3	1000000	13.673025	0.971	0.07101574084739842	7.1	71.03	0.7	3    1000000  1.3673025E+01  9.71E-01    7.10   71.03    0.70
fixed	A12_S2_F1	A12	F1	S2	159	4	601701	13.307436	0.474	0.03561918313941168	3.56	27.64	0.19	4     601701  1.3307436E+01  4.74E-01    3.56   27.64*   0.19
fixed	A12_S2_F1	A12	F1	S2	161	4	601701	13.307436	0.474	0.03561918313941168	3.56	27.64	0.19	4     601701  1.3307436E+01  4.74E-01    3.56   27.64    0.19
fixed	A12_S2_F2	A12	F2	S2	144	1	249992	12.427462	0.954	0.07676547311108253	7.68	38.4	1.81	1     249992  1.2427462E+01  9.54E-01    7.68   38.40*   1.81
fixed	A12_S2_F2	A12	F2	S2	146	1	249992	12.427462	0.954	0.07676547311108253	7.68	38.4	1.81	1     249992  1.2427462E+01  9.54E-01    7.68   38.40    1.81
fixed	A12_S2_F2	A12	F2	S2	149	2	492777	75.059468	54.6	0.7274232212783603	72.77	510.86	0.07	2     492777  7.5059468E+01  5.46E+01   72.77  510.86    0.07
fixed	A12_S2_F2	A12	F2	S2	151	2	492777	75.059468	54.6	0.7274232212783603	72.77	510.86	0.07	2     492777  7.5059468E+01  5.46E+01   72.77  510.86    0.07
fixed	A12_S2_F2	A12	F2	S2	154	3	1000000	13.673025	0.971	0.07101574084739842	7.1	71.03	0.7	3    1000000  1.3673025E+01  9.71E-01    7.10   71.03*   0.70
fixed	A12_S2_F2	A12	F2	S2	156	3	1000000	13.673025	0.971	0.07101574084739842	7.1	71.03	0.7	3    1000000  1.3673025E+01  9.71E-01    7.10   71.03    0.70
fixed	A12_S2_F2	A12	F2	S2	159	4	1942147	145.33561	131.0	0.9013620268287998	90.02	1254.49	0.02	4    1942147  1.4533561E+02  1.31E+02   90.02 1254.49    0.02
fixed	A12_S2_F2	A12	F2	S2	161	4	1942147	145.33561	131.0	0.9013620268287998	90.02	1254.49	0.02	4    1942147  1.4533561E+02  1.31E+02   90.02 1254.49    0.02
adaptive	A12_S3	A12		S3	148	1	249986	11.035796	0.824	0.07466611379913148	7.46	37.32	1.97	1     249986  1.1035796E+01  8.24E-01    7.46   37.32*   1.97
adaptive	A12_S3	A12		S3	150	1	249986	11.035796	0.824	0.07466611379913148	7.46	37.32	1.97	1     249986  1.1035796E+01  8.24E-01    7.46   37.32    1.97
adaptive	A12_S3	A12		S3	152	2	500018	12.215977	0.0955	0.007817630959848729	0.78	5.53	1.42	2     500018  1.2215977E+01  9.55E-02    0.78    5.53*   1.42
adaptive	A12_S3	A12		S3	154	2	500018	12.215977	0.0955	0.007817630959848729	0.78	5.53	1.42	2     500018  1.2215977E+01  9.55E-02    0.78    5.53    1.42
adaptive	A12_S3	A12		S3	156	3	1000018	12.538302	0.144	0.011484808708547616	1.15	11.51	1.02	3    1000018  1.2538302E+01  1.44E-01    1.15   11.51    1.02
adaptive	A12_S3	A12		S3	158	3	1000018	12.538302	0.144	0.011484808708547616	1.15	11.51	1.02	3    1000018  1.2538302E+01  1.44E-01    1.15   11.51    1.02
fixed	A12_S3_F0	A12	F0	S3	144	1	249986	11.035796	0.824	0.07466611379913148	7.46	37.32	1.97	1     249986  1.1035796E+01  8.24E-01    7.46   37.32*   1.97
fixed	A12_S3_F0	A12	F0	S3	146	1	249986	11.035796	0.824	0.07466611379913148	7.46	37.32	1.97	1     249986  1.1035796E+01  8.24E-01    7.46   37.32    1.97
fixed	A12_S3_F0	A12	F0	S3	149	2	500018	12.215977	0.0955	0.007817630959848729	0.78	5.53	1.42	2     500018  1.2215977E+01  9.55E-02    0.78    5.53*   1.42
fixed	A12_S3_F0	A12	F0	S3	151	2	500018	12.215977	0.0955	0.007817630959848729	0.78	5.53	1.42	2     500018  1.2215977E+01  9.55E-02    0.78    5.53    1.42
fixed	A12_S3_F0	A12	F0	S3	154	3	1000018	12.538302	0.144	0.011484808708547616	1.15	11.51	1.02	3    1000018  1.2538302E+01  1.44E-01    1.15   11.51    1.02
fixed	A12_S3_F0	A12	F0	S3	156	3	1000018	12.538302	0.144	0.011484808708547616	1.15	11.51	1.02	3    1000018  1.2538302E+01  1.44E-01    1.15   11.51    1.02
fixed	A12_S3_F0	A12	F0	S3	159	4	203714	22.783104	6.82	0.2993446371486519	29.94	135.14	0.06	4     203714  2.2783104E+01  6.82E+00   29.94  135.14    0.06
fixed	A12_S3_F0	A12	F0	S3	160	5	203714	18.320384	3.98	0.2172443547034822	21.73	98.07	0.43	5     203714  1.8320384E+01  3.98E+00   21.73   98.07*   0.43
fixed	A12_S3_F0	A12	F0	S3	161	6	203714	12.764723	0.217	0.016999977202795547	1.7	7.68	1.49	6     203714  1.2764723E+01  2.17E-01    1.70    7.68*   1.49
fixed	A12_S3_F0	A12	F0	S3	163	6	611142	12.791296	0.217	0.01696466096945923	1.69	13.24	1.49	6     611142  1.2791296E+01  2.17E-01    1.69   13.24    1.49    2.04   3
fixed	A12_S3_F1	A12	F1	S3	144	1	249986	11.035796	0.824	0.07466611379913148	7.46	37.32	1.97	1     249986  1.1035796E+01  8.24E-01    7.46   37.32*   1.97
fixed	A12_S3_F1	A12	F1	S3	146	1	249986	11.035796	0.824	0.07466611379913148	7.46	37.32	1.97	1     249986  1.1035796E+01  8.24E-01    7.46   37.32    1.97
fixed	A12_S3_F1	A12	F1	S3	149	2	500018	12.215977	0.0955	0.007817630959848729	0.78	5.53	1.42	2     500018  1.2215977E+01  9.55E-02    0.78    5.53*   1.42
fixed	A12_S3_F1	A12	F1	S3	151	2	500018	12.215977	0.0955	0.007817630959848729	0.78	5.53	1.42	2     500018  1.2215977E+01  9.55E-02    0.78    5.53    1.42
fixed	A12_S3_F1	A12	F1	S3	154	3	1000018	12.538302	0.144	0.011484808708547616	1.15	11.51	1.02	3    1000018  1.2538302E+01  1.44E-01    1.15   11.51    1.02
fixed	A12_S3_F1	A12	F1	S3	156	3	1000018	12.538302	0.144	0.011484808708547616	1.15	11.51	1.02	3    1000018  1.2538302E+01  1.44E-01    1.15   11.51    1.02
fixed	A12_S3_F1	A12	F1	S3	159	4	601561	16.999244	2.31	0.13588839597807997	13.57	105.28	0.04	4     601561  1.6999244E+01  2.31E+00   13.57  105.28    0.04
fixed	A12_S3_F1	A12	F1	S3	161	4	601561	16.999244	2.31	0.13588839597807997	13.57	105.28	0.04	4     601561  1.6999244E+01  2.31E+00   13.57  105.28    0.04
fixed	A12_S3_F2	A12	F2	S3	144	1	249986	11.035796	0.824	0.07466611379913148	7.46	37.32	1.97	1     249986  1.1035796E+01  8.24E-01    7.46   37.32*   1.97
fixed	A12_S3_F2	A12	F2	S3	146	1	249986	11.035796	0.824	0.07466611379913148	7.46	37.32	1.97	1     249986  1.1035796E+01  8.24E-01    7.46   37.32    1.97
fixed	A12_S3_F2	A12	F2	S3	149	2	500018	12.215977	0.0955	0.007817630959848729	0.78	5.53	1.42	2     500018  1.2215977E+01  9.55E-02    0.78    5.53*   1.42
fixed	A12_S3_F2	A12	F2	S3	151	2	500018	12.215977	0.0955	0.007817630959848729	0.78	5.53	1.42	2     500018  1.2215977E+01  9.55E-02    0.78    5.53    1.42
fixed	A12_S3_F2	A12	F2	S3	154	3	1000018	12.538302	0.144	0.011484808708547616	1.15	11.51	1.02	3    1000018  1.2538302E+01  1.44E-01    1.15   11.51    1.02
fixed	A12_S3_F2	A12	F2	S3	156	3	1000018	12.538302	0.144	0.011484808708547616	1.15	11.51	1.02	3    1000018  1.2538302E+01  1.44E-01    1.15   11.51    1.02
fixed	A12_S3_F2	A12	F2	S3	159	4	1969584	51.935961	34.1	0.6565778189798009	65.62	920.98	0.0	4    1969584  5.1935961E+01  3.41E+01   65.62  920.98    0.00
fixed	A12_S3_F2	A12	F2	S3	161	4	1969584	51.935961	34.1	0.6565778189798009	65.62	920.98	0.0	4    1969584  5.1935961E+01  3.41E+01   65.62  920.98    0.00
adaptive	A12_S4	A12		S4	148	1	249996	12.022316	0.904	0.07519349849064025	7.52	37.61	1.9	1     249996  1.2022316E+01  9.04E-01    7.52   37.61*   1.90
adaptive	A12_S4	A12		S4	150	1	249996	12.022316	0.904	0.07519349849064025	7.52	37.61	1.9	1     249996  1.2022316E+01  9.04E-01    7.52   37.61    1.90
adaptive	A12_S4	A12		S4	152	2	500017	12.687617	0.423	0.03333959403093583	3.33	23.57	0.41	2     500017  1.2687617E+01  4.23E-01    3.33   23.57*   0.41
adaptive	A12_S4	A12		S4	154	2	500017	12.687617	0.423	0.03333959403093583	3.33	23.57	0.41	2     500017  1.2687617E+01  4.23E-01    3.33   23.57    0.41
adaptive	A12_S4	A12		S4	156	3	1000007	12.654714	0.274	0.02165201046819391	2.16	21.63	1.29	3    1000007  1.2654714E+01  2.74E-01    2.16   21.63*   1.29
adaptive	A12_S4	A12		S4	158	3	1000007	12.654714	0.274	0.02165201046819391	2.16	21.63	1.29	3    1000007  1.2654714E+01  2.74E-01    2.16   21.63    1.29
fixed	A12_S4_F0	A12	F0	S4	144	1	249996	12.022316	0.904	0.07519349849064025	7.52	37.61	1.9	1     249996  1.2022316E+01  9.04E-01    7.52   37.61*   1.90
fixed	A12_S4_F0	A12	F0	S4	146	1	249996	12.022316	0.904	0.07519349849064025	7.52	37.61	1.9	1     249996  1.2022316E+01  9.04E-01    7.52   37.61    1.90
fixed	A12_S4_F0	A12	F0	S4	149	2	500017	12.687617	0.423	0.03333959403093583	3.33	23.57	0.41	2     500017  1.2687617E+01  4.23E-01    3.33   23.57*   0.41
fixed	A12_S4_F0	A12	F0	S4	151	2	500017	12.687617	0.423	0.03333959403093583	3.33	23.57	0.41	2     500017  1.2687617E+01  4.23E-01    3.33   23.57    0.41
fixed	A12_S4_F0	A12	F0	S4	154	3	1000007	12.654714	0.274	0.02165201046819391	2.16	21.63	1.29	3    1000007  1.2654714E+01  2.74E-01    2.16   21.63*   1.29
fixed	A12_S4_F0	A12	F0	S4	156	3	1000007	12.654714	0.274	0.02165201046819391	2.16	21.63	1.29	3    1000007  1.2654714E+01  2.74E-01    2.16   21.63    1.29
fixed	A12_S4_F0	A12	F0	S4	159	4	203817	13.147529	0.462	0.03513968290163117	3.51	15.87	0.68	4     203817  1.3147529E+01  4.62E-01    3.51   15.87*   0.68
fixed	A12_S4_F0	A12	F0	S4	160	5	203817	29.771444	15.5	0.5206331275029857	52.15	235.42	0.07	5     203817  2.9771444E+01  1.55E+01   52.15  235.42    0.07
fixed	A12_S4_F0	A12	F0	S4	161	6	203817	45.179159	32.5	0.719358233295135	71.93	324.74	0.02	6     203817  4.5179159E+01  3.25E+01   71.93  324.74    0.02
fixed	A12_S4_F0	A12	F0	S4	163	6	611451	13.168712	0.462	0.035083157715044576	3.51	27.42	0.02	6     611451  1.3168712E+01  4.62E-01    3.51   27.42    0.02    1.06   3
fixed	A12_S4_F1	A12	F1	S4	144	1	249996	12.022316	0.904	0.07519349849064025	7.52	37.61	1.9	1     249996  1.2022316E+01  9.04E-01    7.52   37.61*   1.90
fixed	A12_S4_F1	A12	F1	S4	146	1	249996	12.022316	0.904	0.07519349849064025	7.52	37.61	1.9	1     249996  1.2022316E+01  9.04E-01    7.52   37.61    1.90
fixed	A12_S4_F1	A12	F1	S4	149	2	500017	12.687617	0.423	0.03333959403093583	3.33	23.57	0.41	2     500017  1.2687617E+01  4.23E-01    3.33   23.57*   0.41
fixed	A12_S4_F1	A12	F1	S4	151	2	500017	12.687617	0.423	0.03333959403093583	3.33	23.57	0.41	2     500017  1.2687617E+01  4.23E-01    3.33   23.57    0.41
fixed	A12_S4_F1	A12	F1	S4	154	3	1000007	12.654714	0.274	0.02165201046819391	2.16	21.63	1.29	3    1000007  1.2654714E+01  2.74E-01    2.16   21.63*   1.29
fixed	A12_S4_F1	A12	F1	S4	156	3	1000007	12.654714	0.274	0.02165201046819391	2.16	21.63	1.29	3    1000007  1.2654714E+01  2.74E-01    2.16   21.63    1.29
fixed	A12_S4_F1	A12	F1	S4	159	4	601656	25.239687	8.33	0.3300357884786765	32.99	255.93	0.04	4     601656  2.5239687E+01  8.33E+00   32.99  255.93    0.04
fixed	A12_S4_F1	A12	F1	S4	161	4	601656	25.239687	8.33	0.3300357884786765	32.99	255.93	0.04	4     601656  2.5239687E+01  8.33E+00   32.99  255.93    0.04
fixed	A12_S4_F2	A12	F2	S4	144	1	249996	12.022316	0.904	0.07519349849064025	7.52	37.61	1.9	1     249996  1.2022316E+01  9.04E-01    7.52   37.61*   1.90
fixed	A12_S4_F2	A12	F2	S4	146	1	249996	12.022316	0.904	0.07519349849064025	7.52	37.61	1.9	1     249996  1.2022316E+01  9.04E-01    7.52   37.61    1.90
fixed	A12_S4_F2	A12	F2	S4	149	2	500017	12.687617	0.423	0.03333959403093583	3.33	23.57	0.41	2     500017  1.2687617E+01  4.23E-01    3.33   23.57*   0.41
fixed	A12_S4_F2	A12	F2	S4	151	2	500017	12.687617	0.423	0.03333959403093583	3.33	23.57	0.41	2     500017  1.2687617E+01  4.23E-01    3.33   23.57    0.41
fixed	A12_S4_F2	A12	F2	S4	154	3	1000007	12.654714	0.274	0.02165201046819391	2.16	21.63	1.29	3    1000007  1.2654714E+01  2.74E-01    2.16   21.63*   1.29
fixed	A12_S4_F2	A12	F2	S4	156	3	1000007	12.654714	0.274	0.02165201046819391	2.16	21.63	1.29	3    1000007  1.2654714E+01  2.74E-01    2.16   21.63    1.29
fixed	A12_S4_F2	A12	F2	S4	159	4	1974683	61.304564	40.4	0.6590047683888592	65.84	925.18	0.01	4    1974683  6.1304564E+01  4.04E+01   65.84  925.18    0.01
fixed	A12_S4_F2	A12	F2	S4	161	4	1974683	61.304564	40.4	0.6590047683888592	65.84	925.18	0.01	4    1974683  6.1304564E+01  4.04E+01   65.84  925.18    0.01
adaptive	A12_S5	A12		S5	148	1	249981	12.51131	1.01	0.08072695824817705	8.04	40.18	1.63	1     249981  1.2511310E+01  1.01E+00    8.04   40.18*   1.63
adaptive	A12_S5	A12		S5	150	1	249981	12.51131	1.01	0.08072695824817705	8.04	40.18	1.63	1     249981  1.2511310E+01  1.01E+00    8.04   40.18    1.63
adaptive	A12_S5	A12		S5	152	2	499999	12.715227	0.355	0.027919281346687714	2.79	19.74	1.1	2     499999  1.2715227E+01  3.55E-01    2.79   19.74*   1.10
adaptive	A12_S5	A12		S5	154	2	499999	12.715227	0.355	0.027919281346687714	2.79	19.74	1.1	2     499999  1.2715227E+01  3.55E-01    2.79   19.74    1.10
adaptive	A12_S5	A12		S5	156	3	996099	17.747536	4.79	0.269896621142225	26.98	269.24	0.03	3     996099  1.7747536E+01  4.79E+00   26.98  269.24    0.03
adaptive	A12_S5	A12		S5	158	3	996099	17.747536	4.79	0.269896621142225	26.98	269.24	0.03	3     996099  1.7747536E+01  4.79E+00   26.98  269.24    0.03
fixed	A12_S5_F0	A12	F0	S5	144	1	249981	12.51131	1.01	0.08072695824817705	8.04	40.18	1.63	1     249981  1.2511310E+01  1.01E+00    8.04   40.18*   1.63
fixed	A12_S5_F0	A12	F0	S5	146	1	249981	12.51131	1.01	0.08072695824817705	8.04	40.18	1.63	1     249981  1.2511310E+01  1.01E+00    8.04   40.18    1.63
fixed	A12_S5_F0	A12	F0	S5	149	2	499999	12.715227	0.355	0.027919281346687714	2.79	19.74	1.1	2     499999  1.2715227E+01  3.55E-01    2.79   19.74*   1.10
fixed	A12_S5_F0	A12	F0	S5	151	2	499999	12.715227	0.355	0.027919281346687714	2.79	19.74	1.1	2     499999  1.2715227E+01  3.55E-01    2.79   19.74    1.10
fixed	A12_S5_F0	A12	F0	S5	154	3	996099	17.747536	4.79	0.269896621142225	26.98	269.24	0.03	3     996099  1.7747536E+01  4.79E+00   26.98  269.24    0.03
fixed	A12_S5_F0	A12	F0	S5	156	3	996099	17.747536	4.79	0.269896621142225	26.98	269.24	0.03	3     996099  1.7747536E+01  4.79E+00   26.98  269.24    0.03
fixed	A12_S5_F0	A12	F0	S5	159	4	204096	15.736297	2.67	0.16967142905348062	16.97	76.68	0.59	4     204096  1.5736297E+01  2.67E+00   16.97   76.68*   0.59
fixed	A12_S5_F0	A12	F0	S5	160	5	204096	13.34523	0.637	0.04773241075650251	4.77	21.57	0.96	5     204096  1.3345230E+01  6.37E-01    4.77   21.57*   0.96
fixed	A12_S5_F0	A12	F0	S5	161	6	204096	12.47963	0.145	0.011618934215197085	1.16	5.26	0.45	6     204096  1.2479630E+01  1.45E-01    1.16    5.26*   0.45
fixed	A12_S5_F0	A12	F0	S5	163	6	612288	12.531473	0.142	0.011331469173655802	1.13	8.84	0.45	6     612288  1.2531473E+01  1.42E-01    1.13    8.84    0.45    1.60   3
fixed	A12_S5_F1	A12	F1	S5	144	1	249981	12.51131	1.01	0.08072695824817705	8.04	40.18	1.63	1     249981  1.2511310E+01  1.01E+00    8.04   40.18*   1.63
fixed	A12_S5_F1	A12	F1	S5	146	1	249981	12.51131	1.01	0.08072695824817705	8.04	40.18	1.63	1     249981  1.2511310E+01  1.01E+00    8.04   40.18    1.63
fixed	A12_S5_F1	A12	F1	S5	149	2	499999	12.715227	0.355	0.027919281346687714	2.79	19.74	1.1	2     499999  1.2715227E+01  3.55E-01    2.79   19.74*   1.10
fixed	A12_S5_F1	A12	F1	S5	151	2	499999	12.715227	0.355	0.027919281346687714	2.79	19.74	1.1	2     499999  1.2715227E+01  3.55E-01    2.79   19.74    1.10
fixed	A12_S5_F1	A12	F1	S5	154	3	996099	17.747536	4.79	0.269896621142225	26.98	269.24	0.03	3     996099  1.7747536E+01  4.79E+00   26.98  269.24    0.03
fixed	A12_S5_F1	A12	F1	S5	156	3	996099	17.747536	4.79	0.269896621142225	26.98	269.24	0.03	3     996099  1.7747536E+01  4.79E+00   26.98  269.24    0.03
fixed	A12_S5_F1	A12	F1	S5	159	4	599505	43.406791	29.7	0.6842247334063465	68.36	529.33	0.06	4     599505  4.3406791E+01  2.97E+01   68.36  529.33    0.06
fixed	A12_S5_F1	A12	F1	S5	161	4	599505	43.406791	29.7	0.6842247334063465	68.36	529.33	0.06	4     599505  4.3406791E+01  2.97E+01   68.36  529.33    0.06
fixed	A12_S5_F2	A12	F2	S5	144	1	249981	12.51131	1.01	0.08072695824817705	8.04	40.18	1.63	1     249981  1.2511310E+01  1.01E+00    8.04   40.18*   1.63
fixed	A12_S5_F2	A12	F2	S5	146	1	249981	12.51131	1.01	0.08072695824817705	8.04	40.18	1.63	1     249981  1.2511310E+01  1.01E+00    8.04   40.18    1.63
fixed	A12_S5_F2	A12	F2	S5	149	2	499999	12.715227	0.355	0.027919281346687714	2.79	19.74	1.1	2     499999  1.2715227E+01  3.55E-01    2.79   19.74*   1.10
fixed	A12_S5_F2	A12	F2	S5	151	2	499999	12.715227	0.355	0.027919281346687714	2.79	19.74	1.1	2     499999  1.2715227E+01  3.55E-01    2.79   19.74    1.10
fixed	A12_S5_F2	A12	F2	S5	154	3	996099	17.747536	4.79	0.269896621142225	26.98	269.24	0.03	3     996099  1.7747536E+01  4.79E+00   26.98  269.24    0.03
fixed	A12_S5_F2	A12	F2	S5	156	3	996099	17.747536	4.79	0.269896621142225	26.98	269.24	0.03	3     996099  1.7747536E+01  4.79E+00   26.98  269.24    0.03
fixed	A12_S5_F2	A12	F2	S5	159	4	1992179	107.6048	64.9	0.6031329457421974	60.32	851.4	0.0	4    1992179  1.0760480E+02  6.49E+01   60.32  851.40    0.00
fixed	A12_S5_F2	A12	F2	S5	161	4	1992179	107.6048	64.9	0.6031329457421974	60.32	851.4	0.0	4    1992179  1.0760480E+02  6.49E+01   60.32  851.40    0.00
adaptive	A12_S6	A12		S6	148	1	249994	12.644785	0.877	0.06935665572803333	6.93	34.66	2.05	1     249994  1.2644785E+01  8.77E-01    6.93   34.66*   2.05
adaptive	A12_S6	A12		S6	150	1	249994	12.644785	0.877	0.06935665572803333	6.93	34.66	2.05	1     249994  1.2644785E+01  8.77E-01    6.93   34.66    2.05
adaptive	A12_S6	A12		S6	152	2	499994	12.931594	0.667	0.051579101539995766	5.16	36.47	0.66	2     499994  1.2931594E+01  6.67E-01    5.16   36.47    0.66
adaptive	A12_S6	A12		S6	154	2	499994	12.931594	0.667	0.051579101539995766	5.16	36.47	0.66	2     499994  1.2931594E+01  6.67E-01    5.16   36.47    0.66
adaptive	A12_S6	A12		S6	156	3	1000004	17.056017	4.56	0.26735433014636417	26.73	267.31	0.99	3    1000004  1.7056017E+01  4.56E+00   26.73  267.31    0.99
adaptive	A12_S6	A12		S6	158	3	1000004	17.056017	4.56	0.26735433014636417	26.73	267.31	0.99	3    1000004  1.7056017E+01  4.56E+00   26.73  267.31    0.99
fixed	A12_S6_F0	A12	F0	S6	144	1	249994	12.644785	0.877	0.06935665572803333	6.93	34.66	2.05	1     249994  1.2644785E+01  8.77E-01    6.93   34.66*   2.05
fixed	A12_S6_F0	A12	F0	S6	146	1	249994	12.644785	0.877	0.06935665572803333	6.93	34.66	2.05	1     249994  1.2644785E+01  8.77E-01    6.93   34.66    2.05
fixed	A12_S6_F0	A12	F0	S6	149	2	499994	12.931594	0.667	0.051579101539995766	5.16	36.47	0.66	2     499994  1.2931594E+01  6.67E-01    5.16   36.47    0.66
fixed	A12_S6_F0	A12	F0	S6	151	2	499994	12.931594	0.667	0.051579101539995766	5.16	36.47	0.66	2     499994  1.2931594E+01  6.67E-01    5.16   36.47    0.66
fixed	A12_S6_F0	A12	F0	S6	154	3	1000004	17.056017	4.56	0.26735433014636417	26.73	267.31	0.99	3    1000004  1.7056017E+01  4.56E+00   26.73  267.31    0.99
fixed	A12_S6_F0	A12	F0	S6	156	3	1000004	17.056017	4.56	0.26735433014636417	26.73	267.31	0.99	3    1000004  1.7056017E+01  4.56E+00   26.73  267.31    0.99
fixed	A12_S6_F0	A12	F0	S6	159	4	203783	16.253682	2.56	0.15750277383303057	15.77	71.19	0.22	4     203783  1.6253682E+01  2.56E+00   15.77   71.19*   0.22
fixed	A12_S6_F0	A12	F0	S6	160	5	203783	50.29714	28.6	0.56862080030793	56.78	256.34	0.02	5     203783  5.0297140E+01  2.86E+01   56.78  256.34    0.02
fixed	A12_S6_F0	A12	F0	S6	161	6	203783	67.131623	41.7	0.6211677617268392	62.14	280.53	0.09	6     203783  6.7131623E+01  4.17E+01   62.14  280.53    0.09
fixed	A12_S6_F0	A12	F0	S6	163	6	611349	16.714515	2.55	0.15256200972627684	15.25	119.2	0.09	6     611349  1.6714515E+01  2.55E+00   15.25  119.20    0.09    1.44   3
fixed	A12_S6_F1	A12	F1	S6	144	1	249994	12.644785	0.877	0.06935665572803333	6.93	34.66	2.05	1     249994  1.2644785E+01  8.77E-01    6.93   34.66*   2.05
fixed	A12_S6_F1	A12	F1	S6	146	1	249994	12.644785	0.877	0.06935665572803333	6.93	34.66	2.05	1     249994  1.2644785E+01  8.77E-01    6.93   34.66    2.05
fixed	A12_S6_F1	A12	F1	S6	149	2	499994	12.931594	0.667	0.051579101539995766	5.16	36.47	0.66	2     499994  1.2931594E+01  6.67E-01    5.16   36.47    0.66
fixed	A12_S6_F1	A12	F1	S6	151	2	499994	12.931594	0.667	0.051579101539995766	5.16	36.47	0.66	2     499994  1.2931594E+01  6.67E-01    5.16   36.47    0.66
fixed	A12_S6_F1	A12	F1	S6	154	3	1000004	17.056017	4.56	0.26735433014636417	26.73	267.31	0.99	3    1000004  1.7056017E+01  4.56E+00   26.73  267.31    0.99
fixed	A12_S6_F1	A12	F1	S6	156	3	1000004	17.056017	4.56	0.26735433014636417	26.73	267.31	0.99	3    1000004  1.7056017E+01  4.56E+00   26.73  267.31    0.99
fixed	A12_S6_F1	A12	F1	S6	159	4	601695	18.290489	3.0	0.16401967164464548	16.4	127.24	0.02	4     601695  1.8290489E+01  3.00E+00   16.40  127.24*   0.02
fixed	A12_S6_F1	A12	F1	S6	161	4	601695	18.290489	3.0	0.16401967164464548	16.4	127.24	0.02	4     601695  1.8290489E+01  3.00E+00   16.40  127.24    0.02
fixed	A12_S6_F2	A12	F2	S6	144	1	249994	12.644785	0.877	0.06935665572803333	6.93	34.66	2.05	1     249994  1.2644785E+01  8.77E-01    6.93   34.66*   2.05
fixed	A12_S6_F2	A12	F2	S6	146	1	249994	12.644785	0.877	0.06935665572803333	6.93	34.66	2.05	1     249994  1.2644785E+01  8.77E-01    6.93   34.66    2.05
fixed	A12_S6_F2	A12	F2	S6	149	2	499994	12.931594	0.667	0.051579101539995766	5.16	36.47	0.66	2     499994  1.2931594E+01  6.67E-01    5.16   36.47    0.66
fixed	A12_S6_F2	A12	F2	S6	151	2	499994	12.931594	0.667	0.051579101539995766	5.16	36.47	0.66	2     499994  1.2931594E+01  6.67E-01    5.16   36.47    0.66
fixed	A12_S6_F2	A12	F2	S6	154	3	1000004	17.056017	4.56	0.26735433014636417	26.73	267.31	0.99	3    1000004  1.7056017E+01  4.56E+00   26.73  267.31    0.99
fixed	A12_S6_F2	A12	F2	S6	156	3	1000004	17.056017	4.56	0.26735433014636417	26.73	267.31	0.99	3    1000004  1.7056017E+01  4.56E+00   26.73  267.31    0.99
fixed	A12_S6_F2	A12	F2	S6	159	4	1979842	87.367753	44.1	0.5047628957562867	50.44	709.77	0.0	4    1979842  8.7367753E+01  4.41E+01   50.44  709.77    0.00
fixed	A12_S6_F2	A12	F2	S6	161	4	1979842	87.367753	44.1	0.5047628957562867	50.44	709.77	0.0	4    1979842  8.7367753E+01  4.41E+01   50.44  709.77    0.00
adaptive	A12_S7	A12		S7	148	1	250007	13.256689	0.959	0.07234083865134047	7.23	36.17	2.11	1     250007  1.3256689E+01  9.59E-01    7.23   36.17*   2.11
adaptive	A12_S7	A12		S7	150	1	250007	13.256689	0.959	0.07234083865134047	7.23	36.17	2.11	1     250007  1.3256689E+01  9.59E-01    7.23   36.17    2.11
adaptive	A12_S7	A12		S7	152	2	500012	12.270389	0.0929	0.007571072115154621	0.76	5.35	1.32	2     500012  1.2270389E+01  9.29E-02    0.76    5.35*   1.32
adaptive	A12_S7	A12		S7	154	2	500012	12.270389	0.0929	0.007571072115154621	0.76	5.35	1.32	2     500012  1.2270389E+01  9.29E-02    0.76    5.35    1.32
adaptive	A12_S7	A12		S7	156	3	942389	15.164999	1.65	0.1088031723576111	10.89	105.68	0.04	3     942389  1.5164999E+01  1.65E+00   10.89  105.68    0.04
adaptive	A12_S7	A12		S7	158	3	942389	15.164999	1.65	0.1088031723576111	10.89	105.68	0.04	3     942389  1.5164999E+01  1.65E+00   10.89  105.68    0.04
fixed	A12_S7_F0	A12	F0	S7	144	1	250007	13.256689	0.959	0.07234083865134047	7.23	36.17	2.11	1     250007  1.3256689E+01  9.59E-01    7.23   36.17*   2.11
fixed	A12_S7_F0	A12	F0	S7	146	1	250007	13.256689	0.959	0.07234083865134047	7.23	36.17	2.11	1     250007  1.3256689E+01  9.59E-01    7.23   36.17    2.11
fixed	A12_S7_F0	A12	F0	S7	149	2	500012	12.270389	0.0929	0.007571072115154621	0.76	5.35	1.32	2     500012  1.2270389E+01  9.29E-02    0.76    5.35*   1.32
fixed	A12_S7_F0	A12	F0	S7	151	2	500012	12.270389	0.0929	0.007571072115154621	0.76	5.35	1.32	2     500012  1.2270389E+01  9.29E-02    0.76    5.35    1.32
fixed	A12_S7_F0	A12	F0	S7	154	3	942389	15.164999	1.65	0.1088031723576111	10.89	105.68	0.04	3     942389  1.5164999E+01  1.65E+00   10.89  105.68    0.04
fixed	A12_S7_F0	A12	F0	S7	156	3	942389	15.164999	1.65	0.1088031723576111	10.89	105.68	0.04	3     942389  1.5164999E+01  1.65E+00   10.89  105.68    0.04
fixed	A12_S7_F0	A12	F0	S7	159	4	203918	13.517649	0.943	0.06976065142688644	6.98	31.5	0.59	4     203918  1.3517649E+01  9.43E-01    6.98   31.50*   0.59
fixed	A12_S7_F0	A12	F0	S7	160	5	203918	13.101958	0.439	0.033506442319537276	3.35	15.13	0.49	5     203918  1.3101958E+01  4.39E-01    3.35   15.13*   0.49
fixed	A12_S7_F0	A12	F0	S7	161	6	203918	17.487562	4.7	0.2687624495627235	26.9	121.46	0.42	6     203918  1.7487562E+01  4.70E+00   26.90  121.46    0.42
fixed	A12_S7_F0	A12	F0	S7	163	6	611754	13.206647	0.397	0.03006062023161519	3.0	23.49	0.42	6     611754  1.3206647E+01  3.97E-01    3.00   23.49    0.42    0.50   3
fixed	A12_S7_F1	A12	F1	S7	144	1	250007	13.256689	0.959	0.07234083865134047	7.23	36.17	2.11	1     250007  1.3256689E+01  9.59E-01    7.23   36.17*   2.11
fixed	A12_S7_F1	A12	F1	S7	146	1	250007	13.256689	0.959	0.07234083865134047	7.23	36.17	2.11	1     250007  1.3256689E+01  9.59E-01    7.23   36.17    2.11
fixed	A12_S7_F1	A12	F1	S7	149	2	500012	12.270389	0.0929	0.007571072115154621	0.76	5.35	1.32	2     500012  1.2270389E+01  9.29E-02    0.76    5.35*   1.32
fixed	A12_S7_F1	A12	F1	S7	151	2	500012	12.270389	0.0929	0.007571072115154621	0.76	5.35	1.32	2     500012  1.2270389E+01  9.29E-02    0.76    5.35    1.32
fixed	A12_S7_F1	A12	F1	S7	154	3	942389	15.164999	1.65	0.1088031723576111	10.89	105.68	0.04	3     942389  1.5164999E+01  1.65E+00   10.89  105.68    0.04
fixed	A12_S7_F1	A12	F1	S7	156	3	942389	15.164999	1.65	0.1088031723576111	10.89	105.68	0.04	3     942389  1.5164999E+01  1.65E+00   10.89  105.68    0.04
fixed	A12_S7_F1	A12	F1	S7	159	4	580249	60.421993	46.1	0.7629672195685435	76.24	580.78	0.01	4     580249  6.0421993E+01  4.61E+01   76.24  580.78    0.01
fixed	A12_S7_F1	A12	F1	S7	161	4	580249	60.421993	46.1	0.7629672195685435	76.24	580.78	0.01	4     580249  6.0421993E+01  4.61E+01   76.24  580.78    0.01
fixed	A12_S7_F2	A12	F2	S7	144	1	250007	13.256689	0.959	0.07234083865134047	7.23	36.17	2.11	1     250007  1.3256689E+01  9.59E-01    7.23   36.17*   2.11
fixed	A12_S7_F2	A12	F2	S7	146	1	250007	13.256689	0.959	0.07234083865134047	7.23	36.17	2.11	1     250007  1.3256689E+01  9.59E-01    7.23   36.17    2.11
fixed	A12_S7_F2	A12	F2	S7	149	2	500012	12.270389	0.0929	0.007571072115154621	0.76	5.35	1.32	2     500012  1.2270389E+01  9.29E-02    0.76    5.35*   1.32
fixed	A12_S7_F2	A12	F2	S7	151	2	500012	12.270389	0.0929	0.007571072115154621	0.76	5.35	1.32	2     500012  1.2270389E+01  9.29E-02    0.76    5.35    1.32
fixed	A12_S7_F2	A12	F2	S7	154	3	942389	15.164999	1.65	0.1088031723576111	10.89	105.68	0.04	3     942389  1.5164999E+01  1.65E+00   10.89  105.68    0.04
fixed	A12_S7_F2	A12	F2	S7	156	3	942389	15.164999	1.65	0.1088031723576111	10.89	105.68	0.04	3     942389  1.5164999E+01  1.65E+00   10.89  105.68    0.04
fixed	A12_S7_F2	A12	F2	S7	159	4	1950294	100.39759	47.6	0.4741149663054661	47.38	661.7	0.01	4    1950294  1.0039759E+02  4.76E+01   47.38  661.70    0.01
fixed	A12_S7_F2	A12	F2	S7	161	4	1950294	100.39759	47.6	0.4741149663054661	47.38	661.7	0.01	4    1950294  1.0039759E+02  4.76E+01   47.38  661.70    0.01
adaptive	A13_S0	A13		S0	148	1	999972	13.160575	0.512	0.03890407523987364	3.89	38.91	0.98	1     999972  1.3160575E+01  5.12E-01    3.89   38.91*   0.98
adaptive	A13_S0	A13		S0	149	2	999977	17.015165	3.01	0.17690101741593453	17.7	177.01	0.2	2     999977  1.7015165E+01  3.01E+00   17.70  177.01    0.20
adaptive	A13_S0	A13		S0	151	2	1999949	13.268896	0.505	0.03805893120271649	3.81	53.81	0.2	2    1999949  1.3268896E+01  5.05E-01    3.81   53.81    0.20    1.59   2
fixed	A13_S0_F0	A13	F0	S0	144	1	999972	13.160575	0.512	0.03890407523987364	3.89	38.91	0.98	1     999972  1.3160575E+01  5.12E-01    3.89   38.91*   0.98
fixed	A13_S0_F0	A13	F0	S0	145	2	999977	17.015165	3.01	0.17690101741593453	17.7	177.01	0.2	2     999977  1.7015165E+01  3.01E+00   17.70  177.01    0.20
fixed	A13_S0_F0	A13	F0	S0	147	2	1999949	13.268896	0.505	0.03805893120271649	3.81	53.81	0.2	2    1999949  1.3268896E+01  5.05E-01    3.81   53.81    0.20    1.59   2
fixed	A13_S0_F0	A13	F0	S0	150	3	202572	12.473931	0.176	0.014109425489045913	1.41	6.37	0.88	3     202572  1.2473931E+01  1.76E-01    1.41    6.37*   0.88
fixed	A13_S0_F0	A13	F0	S0	151	4	202572	12.712499	0.313	0.024621437531676504	2.46	11.07	0.19	4     202572  1.2712499E+01  3.13E-01    2.46   11.07    0.19
fixed	A13_S0_F0	A13	F0	S0	152	5	202572	14.829902	1.94	0.13081677815537823	13.06	58.8	0.45	5     202572  1.4829902E+01  1.94E+00   13.06   58.80    0.45
fixed	A13_S0_F0	A13	F0	S0	154	5	607716	12.545876	0.153	0.012195242484462623	1.22	9.52	0.45	5     607716  1.2545876E+01  1.53E-01    1.22    9.52    0.45    0.92   3
fixed	A13_S0_F1	A13	F1	S0	144	1	999972	13.160575	0.512	0.03890407523987364	3.89	38.91	0.98	1     999972  1.3160575E+01  5.12E-01    3.89   38.91*   0.98
fixed	A13_S0_F1	A13	F1	S0	145	2	999977	17.015165	3.01	0.17690101741593453	17.7	177.01	0.2	2     999977  1.7015165E+01  3.01E+00   17.70  177.01    0.20
fixed	A13_S0_F1	A13	F1	S0	147	2	1999949	13.268896	0.505	0.03805893120271649	3.81	53.81	0.2	2    1999949  1.3268896E+01  5.05E-01    3.81   53.81    0.20    1.59   2
fixed	A13_S0_F1	A13	F1	S0	150	3	600745	16.651599	2.71	0.16274713317321657	16.29	126.28	0.07	3     600745  1.6651599E+01  2.71E+00   16.29  126.28*   0.07
fixed	A13_S0_F1	A13	F1	S0	152	3	600745	16.651599	2.71	0.16274713317321657	16.29	126.28	0.07	3     600745  1.6651599E+01  2.71E+00   16.29  126.28    0.07
fixed	A13_S0_F2	A13	F2	S0	144	1	999972	13.160575	0.512	0.03890407523987364	3.89	38.91	0.98	1     999972  1.3160575E+01  5.12E-01    3.89   38.91*   0.98
fixed	A13_S0_F2	A13	F2	S0	145	2	999977	17.015165	3.01	0.17690101741593453	17.7	177.01	0.2	2     999977  1.7015165E+01  3.01E+00   17.70  177.01    0.20
fixed	A13_S0_F2	A13	F2	S0	147	2	1999949	13.268896	0.505	0.03805893120271649	3.81	53.81	0.2	2    1999949  1.3268896E+01  5.05E-01    3.81   53.81    0.20    1.59   2
fixed	A13_S0_F2	A13	F2	S0	150	3	1976968	22.458745	7.33	0.32637620668474576	32.62	458.65	0.0	3    1976968  2.2458745E+01  7.33E+00   32.62  458.65    0.00
fixed	A13_S0_F2	A13	F2	S0	152	3	1976968	22.458745	7.33	0.32637620668474576	32.62	458.65	0.0	3    1976968  2.2458745E+01  7.33E+00   32.62  458.65    0.00
adaptive	A13_S1	A13		S1	148	1	999984	12.728145	0.522	0.04101147496355518	4.1	41.03	0.88	1     999984  1.2728145E+01  5.22E-01    4.10   41.03*   0.88
adaptive	A13_S1	A13		S1	149	2	886360	393.00411	379.0	0.9643665049711566	96.5	908.54	0.07	2     886360  3.9300411E+02  3.79E+02   96.50  908.54    0.07
adaptive	A13_S1	A13		S1	151	2	1886344	12.728866	0.522	0.041009151954306065	4.1	56.35	0.07	2    1886344  1.2728866E+01  5.22E-01    4.10   56.35    0.07    1.01   2
fixed	A13_S1_F0	A13	F0	S1	144	1	999984	12.728145	0.522	0.04101147496355518	4.1	41.03	0.88	1     999984  1.2728145E+01  5.22E-01    4.10   41.03*   0.88
fixed	A13_S1_F0	A13	F0	S1	145	2	886360	393.00411	379.0	0.9643665049711566	96.5	908.54	0.07	2     886360  3.9300411E+02  3.79E+02   96.50  908.54    0.07
fixed	A13_S1_F0	A13	F0	S1	147	2	1886344	12.728866	0.522	0.041009151954306065	4.1	56.35	0.07	2    1886344  1.2728866E+01  5.22E-01    4.10   56.35    0.07    1.01   2
fixed	A13_S1_F0	A13	F0	S1	150	3	203563	417.23797	401.0	0.9610822332397024	95.99	433.1	0.0	3     203563  4.1723797E+02  4.01E+02   95.99  433.10*   0.00
fixed	A13_S1_F0	A13	F0	S1	151	4	203563	52.544097	39.5	0.7517495257364495	75.13	338.96	0.17	4     203563  5.2544097E+01  3.95E+01   75.13  338.96*   0.17
fixed	A13_S1_F0	A13	F0	S1	152	5	203563	34.728665	21.9	0.6306029903539339	63.18	285.04	0.12	5     203563  3.4728665E+01  2.19E+01   63.18  285.04*   0.12
fixed	A13_S1_F0	A13	F0	S1	154	5	610689	39.798745	19.2	0.4824272725182666	48.13	376.13	0.12	5     610689  3.9798745E+01  1.92E+01   48.13  376.13    0.12    0.52   3
fixed	A13_S1_F1	A13	F1	S1	144	1	999984	12.728145	0.522	0.04101147496355518	4.1	41.03	0.88	1     999984  1.2728145E+01  5.22E-01    4.10   41.03*   0.88
fixed	A13_S1_F1	A13	F1	S1	145	2	886360	393.00411	379.0	0.9643665049711566	96.5	908.54	0.07	2     886360  3.9300411E+02  3.79E+02   96.50  908.54    0.07
fixed	A13_S1_F1	A13	F1	S1	147	2	1886344	12.728866	0.522	0.041009151954306065	4.1	56.35	0.07	2    1886344  1.2728866E+01  5.22E-01    4.10   56.35    0.07    1.01   2
fixed	A13_S1_F1	A13	F1	S1	150	3	559446	15.484234	1.83	0.1181847290605399	11.81	88.31	0.04	3     559446  1.5484234E+01  1.83E+00   11.81   88.31*   0.04
fixed	A13_S1_F1	A13	F1	S1	152	3	559446	15.484234	1.83	0.1181847290605399	11.81	88.31	0.04	3     559446  1.5484234E+01  1.83E+00   11.81   88.31    0.04
fixed	A13_S1_F2	A13	F2	S1	144	1	999984	12.728145	0.522	0.04101147496355518	4.1	41.03	0.88	1     999984  1.2728145E+01  5.22E-01    4.10   41.03*   0.88
fixed	A13_S1_F2	A13	F2	S1	145	2	886360	393.00411	379.0	0.9643665049711566	96.5	908.54	0.07	2     886360  3.9300411E+02  3.79E+02   96.50  908.54    0.07
fixed	A13_S1_F2	A13	F2	S1	147	2	1886344	12.728866	0.522	0.041009151954306065	4.1	56.35	0.07	2    1886344  1.2728866E+01  5.22E-01    4.10   56.35    0.07    1.01   2
fixed	A13_S1_F2	A13	F2	S1	150	3	1889498	42.963651	18.4	0.42826900348855357	42.8	588.36	0.0	3    1889498  4.2963651E+01  1.84E+01   42.80  588.36*   0.00
fixed	A13_S1_F2	A13	F2	S1	152	3	1889498	42.963651	18.4	0.42826900348855357	42.8	588.36	0.0	3    1889498  4.2963651E+01  1.84E+01   42.80  588.36    0.00
adaptive	A13_S2	A13		S2	148	1	999998	12.915414	0.511	0.03956512737415928	3.96	39.58	1.03	1     999998  1.2915414E+01  5.11E-01    3.96   39.58*   1.03
adaptive	A13_S2	A13		S2	149	2	972133	32.048166	14.5	0.452443986966368	45.11	444.74	0.07	2     972133  3.2048166E+01  1.45E+01   45.11  444.74    0.07
adaptive	A13_S2	A13		S2	151	2	1972131	12.939312	0.511	0.03949205336419742	3.95	55.45	0.07	2    1972131  1.2939312E+01  5.11E-01    3.95   55.45    0.07    1.75   2
fixed	A13_S2_F0	A13	F0	S2	144	1	999998	12.915414	0.511	0.03956512737415928	3.96	39.58	1.03	1     999998  1.2915414E+01  5.11E-01    3.96   39.58*   1.03
fixed	A13_S2_F0	A13	F0	S2	145	2	972133	32.048166	14.5	0.452443986966368	45.11	444.74	0.07	2     972133  3.2048166E+01  1.45E+01   45.11  444.74    0.07
fixed	A13_S2_F0	A13	F0	S2	147	2	1972131	12.939312	0.511	0.03949205336419742	3.95	55.45	0.07	2    1972131  1.2939312E+01  5.11E-01    3.95   55.45    0.07    1.75   2
fixed	A13_S2_F0	A13	F0	S2	150	3	202833	14.291028	1.1	0.07697136972931548	7.72	34.75	0.22	3     202833  1.4291028E+01  1.10E+00    7.72   34.75*   0.22
fixed	A13_S2_F0	A13	F0	S2	151	4	202833	39.150489	23.4	0.5976936839792729	59.84	269.52	0.06	4     202833  3.9150489E+01  2.34E+01   59.84  269.52    0.06
fixed	A13_S2_F0	A13	F0	S2	152	5	202833	78.705231	51.2	0.6505285525430959	65.03	292.87	0.24	5     202833  7.8705231E+01  5.12E+01   65.03  292.87    0.24
fixed	A13_S2_F0	A13	F0	S2	154	5	608499	14.375789	1.1	0.07651753931558122	7.66	59.76	0.24	5     608499  1.4375789E+01  1.10E+00    7.66   59.76    0.24    1.35   3
fixed	A13_S2_F1	A13	F1	S2	144	1	999998	12.915414	0.511	0.03956512737415928	3.96	39.58	1.03	1     999998  1.2915414E+01  5.11E-01    3.96   39.58*   1.03
fixed	A13_S2_F1	A13	F1	S2	145	2	972133	32.048166	14.5	0.452443986966368	45.11	444.74	0.07	2     972133  3.2048166E+01  1.45E+01   45.11  444.74    0.07
fixed	A13_S2_F1	A13	F1	S2	147	2	1972131	12.939312	0.511	0.03949205336419742	3.95	55.45	0.07	2    1972131  1.2939312E+01  5.11E-01    3.95   55.45    0.07    1.75   2
fixed	A13_S2_F1	A13	F1	S2	150	3	597303	13.577978	0.435	0.032037170777563496	3.2	24.75	0.17	3     597303  1.3577978E+01  4.35E-01    3.20   24.75*   0.17
fixed	A13_S2_F1	A13	F1	S2	152	3	597303	13.577978	0.435	0.032037170777563496	3.2	24.75	0.17	3     597303  1.3577978E+01  4.35E-01    3.20   24.75    0.17
fixed	A13_S2_F2	A13	F2	S2	144	1	999998	12.915414	0.511	0.03956512737415928	3.96	39.58	1.03	1     999998  1.2915414E+01  5.11E-01    3.96   39.58*   1.03
fixed	A13_S2_F2	A13	F2	S2	145	2	972133	32.048166	14.5	0.452443986966368	45.11	444.74	0.07	2     972133  3.2048166E+01  1.45E+01   45.11  444.74    0.07
fixed	A13_S2_F2	A13	F2	S2	147	2	1972131	12.939312	0.511	0.03949205336419742	3.95	55.45	0.07	2    1972131  1.2939312E+01  5.11E-01    3.95   55.45    0.07    1.75   2
fixed	A13_S2_F2	A13	F2	S2	150	3	1944259	25.060851	7.46	0.29767544605727875	29.76	414.92	0.02	3    1944259  2.5060851E+01  7.46E+00   29.76  414.92*   0.02
fixed	A13_S2_F2	A13	F2	S2	152	3	1944259	25.060851	7.46	0.29767544605727875	29.76	414.92	0.02	3    1944259  2.5060851E+01  7.46E+00   29.76  414.92    0.02
adaptive	A13_S3	A13		S3	148	1	999992	14.024163	1.72	0.12264546554400431	12.23	122.33	0.44	1     999992  1.4024163E+01  1.72E+00   12.23  122.33*   0.44
adaptive	A13_S3	A13		S3	149	2	969139	37.581822	20.3	0.5401547588618774	53.99	531.46	0.01	2     969139  3.7581822E+01  2.03E+01   53.99  531.46    0.01
adaptive	A13_S3	A13		S3	151	2	1969131	14.191406	1.71	0.12049546042161008	12.05	169.04	0.01	2    1969131  1.4191406E+01  1.71E+00   12.05  169.04    0.01    1.34   2
fixed	A13_S3_F0	A13	F0	S3	144	1	999992	14.024163	1.72	0.12264546554400431	12.23	122.33	0.44	1     999992  1.4024163E+01  1.72E+00   12.23  122.33*   0.44
fixed	A13_S3_F0	A13	F0	S3	145	2	969139	37.581822	20.3	0.5401547588618774	53.99	531.46	0.01	2     969139  3.7581822E+01  2.03E+01   53.99  531.46    0.01
fixed	A13_S3_F0	A13	F0	S3	147	2	1969131	14.191406	1.71	0.12049546042161008	12.05	169.04	0.01	2    1969131  1.4191406E+01  1.71E+00   12.05  169.04    0.01    1.34   2
fixed	A13_S3_F0	A13	F0	S3	150	3	203302	16.078937	3.02	0.18782336170606304	18.79	84.74	0.41	3     203302  1.6078937E+01  3.02E+00   18.79   84.74*   0.41
fixed	A13_S3_F0	A13	F0	S3	151	4	203302	13.154411	0.585	0.044471774524910315	4.45	20.05	0.86	4     203302  1.3154411E+01  5.85E-01    4.45   20.05*   0.86
fixed	A13_S3_F0	A13	F0	S3	152	5	203302	12.487625	0.13	0.010410306203141111	1.04	4.68	3.18	5     203302  1.2487625E+01  1.30E-01    1.04    4.68*   3.18
fixed	A13_S3_F0	A13	F0	S3	154	5	609906	12.525006	0.126	0.010059875420418961	1.01	7.88	3.18	5     609906  1.2525006E+01  1.26E-01    1.01    7.88    3.18    1.31   3
fixed	A13_S3_F1	A13	F1	S3	144	1	999992	14.024163	1.72	0.12264546554400431	12.23	122.33	0.44	1     999992  1.4024163E+01  1.72E+00   12.23  122.33*   0.44
fixed	A13_S3_F1	A13	F1	S3	145	2	969139	37.581822	20.3	0.5401547588618774	53.99	531.46	0.01	2     969139  3.7581822E+01  2.03E+01   53.99  531.46    0.01
fixed	A13_S3_F1	A13	F1	S3	147	2	1969131	14.191406	1.71	0.12049546042161008	12.05	169.04	0.01	2    1969131  1.4191406E+01  1.71E+00   12.05  169.04    0.01    1.34   2
fixed	A13_S3_F1	A13	F1	S3	150	3	543449	15.546774	1.58	0.10162880093323542	10.15	74.81	0.08	3     543449  1.5546774E+01  1.58E+00   10.15   74.81*   0.08
fixed	A13_S3_F1	A13	F1	S3	152	3	543449	15.546774	1.58	0.10162880093323542	10.15	74.81	0.08	3     543449  1.5546774E+01  1.58E+00   10.15   74.81    0.08
fixed	A13_S3_F2	A13	F2	S3	144	1	999992	14.024163	1.72	0.12264546554400431	12.23	122.33	0.44	1     999992  1.4024163E+01  1.72E+00   12.23  122.33*   0.44
fixed	A13_S3_F2	A13	F2	S3	145	2	969139	37.581822	20.3	0.5401547588618774	53.99	531.46	0.01	2     969139  3.7581822E+01  2.03E+01   53.99  531.46    0.01
fixed	A13_S3_F2	A13	F2	S3	147	2	1969131	14.191406	1.71	0.12049546042161008	12.05	169.04	0.01	2    1969131  1.4191406E+01  1.71E+00   12.05  169.04    0.01    1.34   2
fixed	A13_S3_F2	A13	F2	S3	150	3	1938314	18.723477	3.63	0.19387424675448903	19.37	269.65	0.02	3    1938314  1.8723477E+01  3.63E+00   19.37  269.65*   0.02
fixed	A13_S3_F2	A13	F2	S3	152	3	1938314	18.723477	3.63	0.19387424675448903	19.37	269.65	0.02	3    1938314  1.8723477E+01  3.63E+00   19.37  269.65    0.02
adaptive	A13_S4	A13		S4	148	1	999991	12.861697	0.513	0.03988587198096799	3.99	39.87	1.0	1     999991  1.2861697E+01  5.13E-01    3.99   39.87*   1.00
adaptive	A13_S4	A13		S4	149	2	999990	16.926587	3.59	0.21209237278607906	21.21	212.07	0.15	2     999990  1.6926587E+01  3.59E+00   21.21  212.07    0.15
adaptive	A13_S4	A13		S4	151	2	1999981	12.942989	0.508	0.03924904826852592	3.92	55.47	0.15	2    1999981  1.2942989E+01  5.08E-01    3.92   55.47    0.15    1.26   2
fixed	A13_S4_F0	A13	F0	S4	144	1	999991	12.861697	0.513	0.03988587198096799	3.99	39.87	1.0	1     999991  1.2861697E+01  5.13E-01    3.99   39.87*   1.00
fixed	A13_S4_F0	A13	F0	S4	145	2	999990	16.926587	3.59	0.21209237278607906	21.21	212.07	0.15	2     999990  1.6926587E+01  3.59E+00   21.21  212.07    0.15
fixed	A13_S4_F0	A13	F0	S4	147	2	1999981	12.942989	0.508	0.03924904826852592	3.92	55.47	0.15	2    1999981  1.2942989E+01  5.08E-01    3.92   55.47    0.15    1.26   2
fixed	A13_S4_F0	A13	F0	S4	150	3	202610	13.741109	0.794	0.05778281796614815	5.78	26.0	0.85	3     202610  1.3741109E+01  7.94E-01    5.78   26.00*   0.85
fixed	A13_S4_F0	A13	F0	S4	151	4	202610	13.699296	0.852	0.06219297692377768	6.22	27.99	1.35	4     202610  1.3699296E+01  8.52E-01    6.22   27.99    1.35
fixed	A13_S4_F0	A13	F0	S4	152	5	202610	28.994565	16.2	0.5587254025021585	55.96	251.87	0.2	5     202610  2.8994565E+01  1.62E+01   55.96  251.87    0.20
fixed	A13_S4_F0	A13	F0	S4	154	5	607830	13.741216	0.58	0.042208782687063504	4.22	32.93	0.2	5     607830  1.3741216E+01  5.80E-01    4.22   32.93    0.20    0.44   3
fixed	A13_S4_F1	A13	F1	S4	144	1	999991	12.861697	0.513	0.03988587198096799	3.99	39.87	1.0	1     999991  1.2861697E+01  5.13E-01    3.99   39.87*   1.00
fixed	A13_S4_F1	A13	F1	S4	145	2	999990	16.926587	3.59	0.21209237278607906	21.21	212.07	0.15	2     999990  1.6926587E+01  3.59E+00   21.21  212.07    0.15
fixed	A13_S4_F1	A13	F1	S4	147	2	1999981	12.942989	0.508	0.03924904826852592	3.92	55.47	0.15	2    1999981  1.2942989E+01  5.08E-01    3.92   55.47    0.15    1.26   2
fixed	A13_S4_F1	A13	F1	S4	150	3	600874	20.407223	7.29	0.35722645849462226	35.72	276.88	0.54	3     600874  2.0407223E+01  7.29E+00   35.72  276.88    0.54
fixed	A13_S4_F1	A13	F1	S4	152	3	600874	20.407223	7.29	0.35722645849462226	35.72	276.88	0.54	3     600874  2.0407223E+01  7.29E+00   35.72  276.88    0.54
fixed	A13_S4_F2	A13	F2	S4	144	1	999991	12.861697	0.513	0.03988587198096799	3.99	39.87	1.0	1     999991  1.2861697E+01  5.13E-01    3.99   39.87*   1.00
fixed	A13_S4_F2	A13	F2	S4	145	2	999990	16.926587	3.59	0.21209237278607906	21.21	212.07	0.15	2     999990  1.6926587E+01  3.59E+00   21.21  212.07    0.15
fixed	A13_S4_F2	A13	F2	S4	147	2	1999981	12.942989	0.508	0.03924904826852592	3.92	55.47	0.15	2    1999981  1.2942989E+01  5.08E-01    3.92   55.47    0.15    1.26   2
fixed	A13_S4_F2	A13	F2	S4	150	3	1972853	17.398383	2.49	0.14311674826333	14.3	200.81	0.01	3    1972853  1.7398383E+01  2.49E+00   14.30  200.81*   0.01
fixed	A13_S4_F2	A13	F2	S4	152	3	1972853	17.398383	2.49	0.14311674826333	14.3	200.81	0.01	3    1972853  1.7398383E+01  2.49E+00   14.30  200.81    0.01
adaptive	A13_S5	A13		S5	148	1	1000037	12.568676	0.476	0.037871928594547265	3.79	37.9	0.96	1    1000037  1.2568676E+01  4.76E-01    3.79   37.90*   0.96
adaptive	A13_S5	A13		S5	149	2	1000007	12.650645	0.234	0.018497080583638227	1.85	18.46	0.94	2    1000007  1.2650645E+01  2.34E-01    1.85   18.46*   0.94
adaptive	A13_S5	A13		S5	151	2	2000044	12.634763	0.21	0.01662081037847722	1.66	23.47	0.94	2    2000044  1.2634763E+01  2.10E-01    1.66   23.47    0.94    0.02   2
fixed	A13_S5_F0	A13	F0	S5	144	1	1000037	12.568676	0.476	0.037871928594547265	3.79	37.9	0.96	1    1000037  1.2568676E+01  4.76E-01    3.79   37.90*   0.96
fixed	A13_S5_F0	A13	F0	S5	145	2	1000007	12.650645	0.234	0.018497080583638227	1.85	18.46	0.94	2    1000007  1.2650645E+01  2.34E-01    1.85   18.46*   0.94
fixed	A13_S5_F0	A13	F0	S5	147	2	2000044	12.634763	0.21	0.01662081037847722	1.66	23.47	0.94	2    2000044  1.2634763E+01  2.10E-01    1.66   23.47    0.94    0.02   2
fixed	A13_S5_F0	A13	F0	S5	150	3	202159	16.00052	2.84	0.17749423143747825	17.73	79.7	0.32	3     202159  1.6000520E+01  2.84E+00   17.73   79.70    0.32
fixed	A13_S5_F0	A13	F0	S5	151	4	202159	12.396881	0.118	0.009518523247904049	0.95	4.29	3.43	4     202159  1.2396881E+01  1.18E-01    0.95    4.29*   3.43
fixed	A13_S5_F0	A13	F0	S5	152	5	202159	12.310204	0.077	0.0062549735162796645	0.63	2.81	3.87	5     202159  1.2310204E+01  7.70E-02    0.63    2.81*   3.87
fixed	A13_S5_F0	A13	F0	S5	154	5	606477	12.337877	0.0645	0.0052278037785593095	0.52	4.07	3.87	5     606477  1.2337877E+01  6.45E-02    0.52    4.07    3.87    1.02   3
fixed	A13_S5_F1	A13	F1	S5	144	1	1000037	12.568676	0.476	0.037871928594547265	3.79	37.9	0.96	1    1000037  1.2568676E+01  4.76E-01    3.79   37.90*   0.96
fixed	A13_S5_F1	A13	F1	S5	145	2	1000007	12.650645	0.234	0.018497080583638227	1.85	18.46	0.94	2    1000007  1.2650645E+01  2.34E-01    1.85   18.46*   0.94
fixed	A13_S5_F1	A13	F1	S5	147	2	2000044	12.634763	0.21	0.01662081037847722	1.66	23.47	0.94	2    2000044  1.2634763E+01  2.10E-01    1.66   23.47    0.94    0.02   2
fixed	A13_S5_F1	A13	F1	S5	150	3	600651	14.836455	1.15	0.07751177757759517	7.77	60.19	0.13	3     600651  1.4836455E+01  1.15E+00    7.77   60.19    0.13
fixed	A13_S5_F1	A13	F1	S5	152	3	600651	14.836455	1.15	0.07751177757759517	7.77	60.19	0.13	3     600651  1.4836455E+01  1.15E+00    7.77   60.19    0.13
fixed	A13_S5_F2	A13	F2	S5	144	1	1000037	12.568676	0.476	0.037871928594547265	3.79	37.9	0.96	1    1000037  1.2568676E+01  4.76E-01    3.79   37.90*   0.96
fixed	A13_S5_F2	A13	F2	S5	145	2	1000007	12.650645	0.234	0.018497080583638227	1.85	18.46	0.94	2    1000007  1.2650645E+01  2.34E-01    1.85   18.46*   0.94
fixed	A13_S5_F2	A13	F2	S5	147	2	2000044	12.634763	0.21	0.01662081037847722	1.66	23.47	0.94	2    2000044  1.2634763E+01  2.10E-01    1.66   23.47    0.94    0.02   2
fixed	A13_S5_F2	A13	F2	S5	150	3	1999980	19.704125	4.71	0.23903624241117025	23.89	337.9	0.03	3    1999980  1.9704125E+01  4.71E+00   23.89  337.90    0.03
fixed	A13_S5_F2	A13	F2	S5	152	3	1999980	19.704125	4.71	0.23903624241117025	23.89	337.9	0.03	3    1999980  1.9704125E+01  4.71E+00   23.89  337.90    0.03
adaptive	A13_S6	A13		S6	148	1	1000042	12.9891	0.496	0.03818586353173045	3.82	38.19	0.93	1    1000042  1.2989100E+01  4.96E-01    3.82   38.19*   0.93
adaptive	A13_S6	A13		S6	149	2	999964	14.235424	1.45	0.10185857477796235	10.2	101.96	0.28	2     999964  1.4235424E+01  1.45E+00   10.20  101.96    0.28
adaptive	A13_S6	A13		S6	151	2	2000006	13.11943	0.469	0.03574850431764185	3.58	50.6	0.28	2    2000006  1.3119430E+01  4.69E-01    3.58   50.60    0.28    0.66   2
fixed	A13_S6_F0	A13	F0	S6	144	1	1000042	12.9891	0.496	0.03818586353173045	3.82	38.19	0.93	1    1000042  1.2989100E+01  4.96E-01    3.82   38.19*   0.93
fixed	A13_S6_F0	A13	F0	S6	145	2	999964	14.235424	1.45	0.10185857477796235	10.2	101.96	0.28	2     999964  1.4235424E+01  1.45E+00   10.20  101.96    0.28
fixed	A13_S6_F0	A13	F0	S6	147	2	2000006	13.11943	0.469	0.03574850431764185	3.58	50.6	0.28	2    2000006  1.3119430E+01  4.69E-01    3.58   50.60    0.28    0.66   2
fixed	A13_S6_F0	A13	F0	S6	150	3	202547	100.21434	85.7	0.8551670349772298	85.56	385.08	0.19	3     202547  1.0021434E+02  8.57E+01   85.56  385.08    0.19
fixed	A13_S6_F0	A13	F0	S6	151	4	202547	13.188279	0.583	0.04420591951383497	4.42	19.88	1.13	4     202547  1.3188279E+01  5.83E-01    4.42   19.88*   1.13
fixed	A13_S6_F0	A13	F0	S6	152	5	202547	24.181109	11.5	0.4755778570784326	47.52	213.86	0.08	5     202547  2.4181109E+01  1.15E+01   47.52  213.86    0.08
fixed	A13_S6_F0	A13	F0	S6	154	5	607641	13.220481	0.582	0.04402260401871914	4.4	34.31	0.08	5     607641  1.3220481E+01  5.82E-01    4.40   34.31    0.08    0.97   3
fixed	A13_S6_F1	A13	F1	S6	144	1	1000042	12.9891	0.496	0.03818586353173045	3.82	38.19	0.93	1    1000042  1.2989100E+01  4.96E-01    3.82   38.19*   0.93
fixed	A13_S6_F1	A13	F1	S6	145	2	999964	14.235424	1.45	0.10185857477796235	10.2	101.96	0.28	2     999964  1.4235424E+01  1.45E+00   10.20  101.96    0.28
fixed	A13_S6_F1	A13	F1	S6	147	2	2000006	13.11943	0.469	0.03574850431764185	3.58	50.6	0.28	2    2000006  1.3119430E+01  4.69E-01    3.58   50.60    0.28    0.66   2
fixed	A13_S6_F1	A13	F1	S6	150	3	600834	53.089125	30.8	0.5801564821420583	57.94	449.11	0.06	3     600834  5.3089125E+01  3.08E+01   57.94  449.11    0.06
fixed	A13_S6_F1	A13	F1	S6	152	3	600834	53.089125	30.8	0.5801564821420583	57.94	449.11	0.06	3     600834  5.3089125E+01  3.08E+01   57.94  449.11    0.06
fixed	A13_S6_F2	A13	F2	S6	144	1	1000042	12.9891	0.496	0.03818586353173045	3.82	38.19	0.93	1    1000042  1.2989100E+01  4.96E-01    3.82   38.19*   0.93
fixed	A13_S6_F2	A13	F2	S6	145	2	999964	14.235424	1.45	0.10185857477796235	10.2	101.96	0.28	2     999964  1.4235424E+01  1.45E+00   10.20  101.96    0.28
fixed	A13_S6_F2	A13	F2	S6	147	2	2000006	13.11943	0.469	0.03574850431764185	3.58	50.6	0.28	2    2000006  1.3119430E+01  4.69E-01    3.58   50.60    0.28    0.66   2
fixed	A13_S6_F2	A13	F2	S6	150	3	1999998	69.178642	33.2	0.47991690845853846	47.97	678.34	0.01	3    1999998  6.9178642E+01  3.32E+01   47.97  678.34    0.01
fixed	A13_S6_F2	A13	F2	S6	152	3	1999998	69.178642	33.2	0.47991690845853846	47.97	678.34	0.01	3    1999998  6.9178642E+01  3.32E+01   47.97  678.34    0.01
adaptive	A13_S7	A13		S7	148	1	1000006	13.080477	0.742	0.0567257600774039	5.68	56.76	0.65	1    1000006  1.3080477E+01  7.42E-01    5.68   56.76*   0.65
adaptive	A13_S7	A13		S7	149	2	999996	12.629132	0.204	0.016153129130331362	1.61	16.14	0.65	2     999996  1.2629132E+01  2.04E-01    1.61   16.14*   0.65
adaptive	A13_S7	A13		S7	151	2	2000002	12.660763	0.197	0.015559883713169579	1.55	21.95	0.65	2    2000002  1.2660763E+01  1.97E-01    1.55   21.95    0.65    0.34   2
fixed	A13_S7_F0	A13	F0	S7	144	1	1000006	13.080477	0.742	0.0567257600774039	5.68	56.76	0.65	1    1000006  1.3080477E+01  7.42E-01    5.68   56.76*   0.65
fixed	A13_S7_F0	A13	F0	S7	145	2	999996	12.629132	0.204	0.016153129130331362	1.61	16.14	0.65	2     999996  1.2629132E+01  2.04E-01    1.61   16.14*   0.65
fixed	A13_S7_F0	A13	F0	S7	147	2	2000002	12.660763	0.197	0.015559883713169579	1.55	21.95	0.65	2    2000002  1.2660763E+01  1.97E-01    1.55   21.95    0.65    0.34   2
fixed	A13_S7_F0	A13	F0	S7	150	3	202406	12.512581	0.29	0.023176673142016022	2.32	10.43	3.72	3     202406  1.2512581E+01  2.90E-01    2.32   10.43*   3.72
fixed	A13_S7_F0	A13	F0	S7	151	4	202406	13.085332	0.551	0.04210821704791289	4.21	18.95	1.81	4     202406  1.3085332E+01  5.51E-01    4.21   18.95    1.81
fixed	A13_S7_F0	A13	F0	S7	152	5	202406	13.66314	1.01	0.07392151438102808	7.41	33.33	0.36	5     202406  1.3663140E+01  1.01E+00    7.41   33.33    0.36
fixed	A13_S7_F0	A13	F0	S7	154	5	607218	12.698874	0.249	0.019608037689010854	1.96	15.27	0.36	5     607218  1.2698874E+01  2.49E-01    1.96   15.27    0.36    0.91   3
fixed	A13_S7_F1	A13	F1	S7	144	1	1000006	13.080477	0.742	0.0567257600774039	5.68	56.76	0.65	1    1000006  1.3080477E+01  7.42E-01    5.68   56.76*   0.65
fixed	A13_S7_F1	A13	F1	S7	145	2	999996	12.629132	0.204	0.016153129130331362	1.61	16.14	0.65	2     999996  1.2629132E+01  2.04E-01    1.61   16.14*   0.65
fixed	A13_S7_F1	A13	F1	S7	147	2	2000002	12.660763	0.197	0.015559883713169579	1.55	21.95	0.65	2    2000002  1.2660763E+01  1.97E-01    1.55   21.95    0.65    0.34   2
fixed	A13_S7_F1	A13	F1	S7	150	3	600748	15.481648	2.07	0.13370669582463054	13.35	103.46	0.56	3     600748  1.5481648E+01  2.07E+00   13.35  103.46    0.56
fixed	A13_S7_F1	A13	F1	S7	152	3	600748	15.481648	2.07	0.13370669582463054	13.35	103.46	0.56	3     600748  1.5481648E+01  2.07E+00   13.35  103.46    0.56
fixed	A13_S7_F2	A13	F2	S7	144	1	1000006	13.080477	0.742	0.0567257600774039	5.68	56.76	0.65	1    1000006  1.3080477E+01  7.42E-01    5.68   56.76*   0.65
fixed	A13_S7_F2	A13	F2	S7	145	2	999996	12.629132	0.204	0.016153129130331362	1.61	16.14	0.65	2     999996  1.2629132E+01  2.04E-01    1.61   16.14*   0.65
fixed	A13_S7_F2	A13	F2	S7	147	2	2000002	12.660763	0.197	0.015559883713169579	1.55	21.95	0.65	2    2000002  1.2660763E+01  1.97E-01    1.55   21.95    0.65    0.34   2
fixed	A13_S7_F2	A13	F2	S7	150	3	2000017	14.54705	0.888	0.061043304312558215	6.11	86.37	0.13	3    2000017  1.4547050E+01  8.88E-01    6.11   86.37    0.13
fixed	A13_S7_F2	A13	F2	S7	152	3	2000017	14.54705	0.888	0.061043304312558215	6.11	86.37	0.13	3    2000017  1.4547050E+01  8.88E-01    6.11   86.37    0.13
adaptive	A14_S0	A14		S0	148	1	1999991	12.769256	0.411	0.03218668339016775	3.22	45.56	0.56	1    1999991  1.2769256E+01  4.11E-01    3.22   45.56*   0.56
adaptive	A14_S0	A14		S0	150	1	1999991	12.769256	0.411	0.03218668339016775	3.22	45.56	0.56	1    1999991  1.2769256E+01  4.11E-01    3.22   45.56    0.56
fixed	A14_S0_F0	A14	F0	S0	144	1	1999991	12.769256	0.411	0.03218668339016775	3.22	45.56	0.56	1    1999991  1.2769256E+01  4.11E-01    3.22   45.56*   0.56
fixed	A14_S0_F0	A14	F0	S0	146	1	1999991	12.769256	0.411	0.03218668339016775	3.22	45.56	0.56	1    1999991  1.2769256E+01  4.11E-01    3.22   45.56    0.56
fixed	A14_S0_F0	A14	F0	S0	149	2	200555	12.297351	0.121	0.009839517470063267	0.99	4.42	2.67	2     200555  1.2297351E+01  1.21E-01    0.99    4.42*   2.67
fixed	A14_S0_F0	A14	F0	S0	150	3	200555	15.642403	3.01	0.1924256778194501	19.27	86.29	1.27	3     200555  1.5642403E+01  3.01E+00   19.27   86.29    1.27
fixed	A14_S0_F0	A14	F0	S0	151	4	200555	772.29945	761.0	0.9853690819021041	98.55	441.34	0.32	4     200555  7.7229945E+02  7.61E+02   98.55  441.34    0.32
fixed	A14_S0_F0	A14	F0	S0	153	4	601665	12.302793	0.121	0.009835165071866202	0.99	7.65	0.32	4     601665  1.2302793E+01  1.21E-01    0.99    7.65    0.32    1.11   3
fixed	A14_S0_F1	A14	F1	S0	144	1	1999991	12.769256	0.411	0.03218668339016775	3.22	45.56	0.56	1    1999991  1.2769256E+01  4.11E-01    3.22   45.56*   0.56
fixed	A14_S0_F1	A14	F1	S0	146	1	1999991	12.769256	0.411	0.03218668339016775	3.22	45.56	0.56	1    1999991  1.2769256E+01  4.11E-01    3.22   45.56    0.56
fixed	A14_S0_F1	A14	F1	S0	149	2	600309	12.957019	0.705	0.05441066344041017	5.44	42.16	1.25	2     600309  1.2957019E+01  7.05E-01    5.44   42.16*   1.25
fixed	A14_S0_F1	A14	F1	S0	151	2	600309	12.957019	0.705	0.05441066344041017	5.44	42.16	1.25	2     600309  1.2957019E+01  7.05E-01    5.44   42.16    1.25
fixed	A14_S0_F2	A14	F2	S0	144	1	1999991	12.769256	0.411	0.03218668339016775	3.22	45.56	0.56	1    1999991  1.2769256E+01  4.11E-01    3.22   45.56*   0.56
fixed	A14_S0_F2	A14	F2	S0	146	1	1999991	12.769256	0.411	0.03218668339016775	3.22	45.56	0.56	1    1999991  1.2769256E+01  4.11E-01    3.22   45.56    0.56
fixed	A14_S0_F2	A14	F2	S0	149	2	1999991	13.296394	0.539	0.04053730658101738	4.05	57.3	0.35	2    1999991  1.3296394E+01  5.39E-01    4.05   57.30    0.35
fixed	A14_S0_F2	A14	F2	S0	151	2	1999991	13.296394	0.539	0.04053730658101738	4.05	57.3	0.35	2    1999991  1.3296394E+01  5.39E-01    4.05   57.30    0.35
adaptive	A14_S1	A14		S1	148	1	1999997	12.958489	0.41	0.031639491301802235	3.16	44.72	0.48	1    1999997  1.2958489E+01  4.10E-01    3.16   44.72*   0.48
adaptive	A14_S1	A14		S1	150	1	1999997	12.958489	0.41	0.031639491301802235	3.16	44.72	0.48	1    1999997  1.2958489E+01  4.10E-01    3.16   44.72    0.48
fixed	A14_S1_F0	A14	F0	S1	144	1	1999997	12.958489	0.41	0.031639491301802235	3.16	44.72	0.48	1    1999997  1.2958489E+01  4.10E-01    3.16   44.72*   0.48
fixed	A14_S1_F0	A14	F0	S1	146	1	1999997	12.958489	0.41	0.031639491301802235	3.16	44.72	0.48	1    1999997  1.2958489E+01  4.10E-01    3.16   44.72    0.48
fixed	A14_S1_F0	A14	F0	S1	149	2	200600	12.245015	0.12	0.00979990632922867	0.98	4.39	2.96	2     200600  1.2245015E+01  1.20E-01    0.98    4.39*   2.96
fixed	A14_S1_F0	A14	F0	S1	150	3	200600	13.605051	0.883	0.06490236604037722	6.49	29.06	0.97	3     200600  1.3605051E+01  8.83E-01    6.49   29.06    0.97
fixed	A14_S1_F0	A14	F0	S1	151	4	200600	12.5255	0.29	0.023152768352560776	2.32	10.38	1.91	4     200600  1.2525500E+01  2.90E-01    2.32   10.38*   1.91
fixed	A14_S1_F0	A14	F0	S1	153	4	601800	12.306466	0.11	0.008938390598893297	0.89	6.94	1.91	4     601800  1.2306466E+01  1.10E-01    0.89    6.94    1.91    1.50   3
fixed	A14_S1_F1	A14	F1	S1	144	1	1999997	12.958489	0.41	0.031639491301802235	3.16	44.72	0.48	1    1999997  1.2958489E+01  4.10E-01    3.16   44.72*   0.48
fixed	A14_S1_F1	A14	F1	S1	146	1	1999997	12.958489	0.41	0.031639491301802235	3.16	44.72	0.48	1    1999997  1.2958489E+01  4.10E-01    3.16   44.72    0.48
fixed	A14_S1_F1	A14	F1	S1	149	2	600386	13.469681	0.8	0.0593926463440374	5.94	46.02	0.12	2     600386  1.3469681E+01  8.00E-01    5.94   46.02    0.12
fixed	A14_S1_F1	A14	F1	S1	151	2	600386	13.469681	0.8	0.0593926463440374	5.94	46.02	0.12	2     600386  1.3469681E+01  8.00E-01    5.94   46.02    0.12
fixed	A14_S1_F2	A14	F2	S1	144	1	1999997	12.958489	0.41	0.031639491301802235	3.16	44.72	0.48	1    1999997  1.2958489E+01  4.10E-01    3.16   44.72*   0.48
fixed	A14_S1_F2	A14	F2	S1	146	1	1999997	12.958489	0.41	0.031639491301802235	3.16	44.72	0.48	1    1999997  1.2958489E+01  4.10E-01    3.16   44.72    0.48
fixed	A14_S1_F2	A14	F2	S1	149	2	1999997	23.691154	9.9	0.417877491320178	41.8	591.16	0.01	2    1999997  2.3691154E+01  9.90E+00   41.80  591.16    0.01
fixed	A14_S1_F2	A14	F2	S1	151	2	1999997	23.691154	9.9	0.417877491320178	41.8	591.16	0.01	2    1999997  2.3691154E+01  9.90E+00   41.80  591.16    0.01
adaptive	A14_S2	A14		S2	148	1	1952495	14.160163	1.73	0.12217373486449272	12.22	170.79	0.26	1    1952495  1.4160163E+01  1.73E+00   12.22  170.79*   0.26
adaptive	A14_S2	A14		S2	150	1	1952495	14.160163	1.73	0.12217373486449272	12.22	170.79	0.26	1    1952495  1.4160163E+01  1.73E+00   12.22  170.79    0.26
fixed	A14_S2_F0	A14	F0	S2	144	1	1952495	14.160163	1.73	0.12217373486449272	12.22	170.79	0.26	1    1952495  1.4160163E+01  1.73E+00   12.22  170.79*   0.26
fixed	A14_S2_F0	A14	F0	S2	146	1	1952495	14.160163	1.73	0.12217373486449272	12.22	170.79	0.26	1    1952495  1.4160163E+01  1.73E+00   12.22  170.79    0.26
fixed	A14_S2_F0	A14	F0	S2	149	2	200632	24.994539	12.4	0.49610836991232365	49.56	221.97	0.55	2     200632  2.4994539E+01  1.24E+01   49.56  221.97    0.55
fixed	A14_S2_F0	A14	F0	S2	150	3	200632	12.531183	0.176	0.014044962873816461	1.41	6.3	2.4	3     200632  1.2531183E+01  1.76E-01    1.41    6.30*   2.40
fixed	A14_S2_F0	A14	F0	S2	151	4	200632	122.42854	110.0	0.898483311162577	89.71	401.82	0.28	4     200632  1.2242854E+02  1.10E+02   89.71  401.82    0.28
fixed	A14_S2_F0	A14	F0	S2	153	4	601896	12.533988	0.176	0.014041819730480035	1.41	10.91	0.28	4     601896  1.2533988E+01  1.76E-01    1.41   10.91    0.28    1.01   3
fixed	A14_S2_F1	A14	F1	S2	144	1	1952495	14.160163	1.73	0.12217373486449272	12.22	170.79	0.26	1    1952495  1.4160163E+01  1.73E+00   12.22  170.79*   0.26
fixed	A14_S2_F1	A14	F1	S2	146	1	1952495	14.160163	1.73	0.12217373486449272	12.22	170.79	0.26	1    1952495  1.4160163E+01  1.73E+00   12.22  170.79    0.26
fixed	A14_S2_F1	A14	F1	S2	149	2	600370	23.020925	6.86	0.29798976366066965	29.82	231.05	0.18	2     600370  2.3020925E+01  6.86E+00   29.82  231.05    0.18
fixed	A14_S2_F1	A14	F1	S2	151	2	600370	23.020925	6.86	0.29798976366066965	29.82	231.05	0.18	2     600370  2.3020925E+01  6.86E+00   29.82  231.05    0.18
fixed	A14_S2_F2	A14	F2	S2	144	1	1952495	14.160163	1.73	0.12217373486449272	12.22	170.79	0.26	1    1952495  1.4160163E+01  1.73E+00   12.22  170.79*   0.26
fixed	A14_S2_F2	A14	F2	S2	146	1	1952495	14.160163	1.73	0.12217373486449272	12.22	170.79	0.26	1    1952495  1.4160163E+01  1.73E+00   12.22  170.79    0.26
fixed	A14_S2_F2	A14	F2	S2	149	2	1952495	15.979358	2.07	0.12954212553470545	12.95	180.96	0.1	2    1952495  1.5979358E+01  2.07E+00   12.95  180.96    0.10
fixed	A14_S2_F2	A14	F2	S2	151	2	1952495	15.979358	2.07	0.12954212553470545	12.95	180.96	0.1	2    1952495  1.5979358E+01  2.07E+00   12.95  180.96    0.10
adaptive	A14_S3	A14		S3	148	1	1999952	13.527647	0.896	0.06623472655665838	6.62	93.64	0.35	1    1999952  1.3527647E+01  8.96E-01    6.62   93.64*   0.35
adaptive	A14_S3	A14		S3	150	1	1999952	13.527647	0.896	0.06623472655665838	6.62	93.64	0.35	1    1999952  1.3527647E+01  8.96E-01    6.62   93.64    0.35
fixed	A14_S3_F0	A14	F0	S3	144	1	1999952	13.527647	0.896	0.06623472655665838	6.62	93.64	0.35	1    1999952  1.3527647E+01  8.96E-01    6.62   93.64*   0.35
fixed	A14_S3_F0	A14	F0	S3	146	1	1999952	13.527647	0.896	0.06623472655665838	6.62	93.64	0.35	1    1999952  1.3527647E+01  8.96E-01    6.62   93.64    0.35
fixed	A14_S3_F0	A14	F0	S3	149	2	200542	14.03041	1.71	0.12187812045407083	12.21	54.68	0.97	2     200542  1.4030410E+01  1.71E+00   12.21   54.68*   0.97
fixed	A14_S3_F0	A14	F0	S3	150	3	200542	65.467786	50.0	0.7637343960279945	76.42	342.22	0.02	3     200542  6.5467786E+01  5.00E+01   76.42  342.22    0.02
fixed	A14_S3_F0	A14	F0	S3	151	4	200542	12.596644	0.254	0.020164100850988565	2.02	9.04	0.73	4     200542  1.2596644E+01  2.54E-01    2.02    9.04*   0.73
fixed	A14_S3_F0	A14	F0	S3	153	4	601626	12.628906	0.252	0.019954222479761904	1.99	15.45	0.73	4     601626  1.2628906E+01  2.52E-01    1.99   15.45    0.73    0.90   3
fixed	A14_S3_F1	A14	F1	S3	144	1	1999952	13.527647	0.896	0.06623472655665838	6.62	93.64	0.35	1    1999952  1.3527647E+01  8.96E-01    6.62   93.64*   0.35
fixed	A14_S3_F1	A14	F1	S3	146	1	1999952	13.527647	0.896	0.06623472655665838	6.62	93.64	0.35	1    1999952  1.3527647E+01  8.96E-01    6.62   93.64    0.35
fixed	A14_S3_F1	A14	F1	S3	149	2	600283	12.935567	0.576	0.04452839214546992	4.45	34.49	0.6	2     600283  1.2935567E+01  5.76E-01    4.45   34.49*   0.60
fixed	A14_S3_F1	A14	F1	S3	151	2	600283	12.935567	0.576	0.04452839214546992	4.45	34.49	0.6	2     600283  1.2935567E+01  5.76E-01    4.45   34.49    0.60
fixed	A14_S3_F2	A14	F2	S3	144	1	1999952	13.527647	0.896	0.06623472655665838	6.62	93.64	0.35	1    1999952  1.3527647E+01  8.96E-01    6.62   93.64*   0.35
fixed	A14_S3_F2	A14	F2	S3	146	1	1999952	13.527647	0.896	0.06623472655665838	6.62	93.64	0.35	1    1999952  1.3527647E+01  8.96E-01    6.62   93.64    0.35
fixed	A14_S3_F2	A14	F2	S3	149	2	1999952	13.621623	0.48	0.035238091672335964	3.53	49.87	0.19	2    1999952  1.3621623E+01  4.80E-01    3.53   49.87*   0.19
fixed	A14_S3_F2	A14	F2	S3	151	2	1999952	13.621623	0.48	0.035238091672335964	3.53	49.87	0.19	2    1999952  1.3621623E+01  4.80E-01    3.53   49.87    0.19
adaptive	A14_S4	A14		S4	148	1	1999967	12.71395	0.348	0.02737150924771609	2.74	38.74	0.72	1    1999967  1.2713950E+01  3.48E-01    2.74   38.74*   0.72
adaptive	A14_S4	A14		S4	150	1	1999967	12.71395	0.348	0.02737150924771609	2.74	38.74	0.72	1    1999967  1.2713950E+01  3.48E-01    2.74   38.74    0.72
fixed	A14_S4_F0	A14	F0	S4	144	1	1999967	12.71395	0.348	0.02737150924771609	2.74	38.74	0.72	1    1999967  1.2713950E+01  3.48E-01    2.74   38.74*   0.72
fixed	A14_S4_F0	A14	F0	S4	146	1	1999967	12.71395	0.348	0.02737150924771609	2.74	38.74	0.72	1    1999967  1.2713950E+01  3.48E-01    2.74   38.74    0.72
fixed	A14_S4_F0	A14	F0	S4	149	2	200508	12.509572	0.165	0.013189899702403888	1.32	5.89	2.3	2     200508  1.2509572E+01  1.65E-01    1.32    5.89*   2.30
fixed	A14_S4_F0	A14	F0	S4	150	3	200508	159.0542	144.0	0.905351760594816	90.69	406.09	0.07	3     200508  1.5905420E+02  1.44E+02   90.69  406.09    0.07
fixed	A14_S4_F0	A14	F0	S4	151	4	200508	125.75659	113.0	0.8985612602886258	89.96	402.83	0.32	4     200508  1.2575659E+02  1.13E+02   89.96  402.83*   0.32
fixed	A14_S4_F0	A14	F0	S4	153	4	601524	12.510002	0.165	0.013189446332622489	1.32	10.21	0.32	4     601524  1.2510002E+01  1.65E-01    1.32   10.21    0.32    1.02   3
fixed	A14_S4_F1	A14	F1	S4	144	1	1999967	12.71395	0.348	0.02737150924771609	2.74	38.74	0.72	1    1999967  1.2713950E+01  3.48E-01    2.74   38.74*   0.72
fixed	A14_S4_F1	A14	F1	S4	146	1	1999967	12.71395	0.348	0.02737150924771609	2.74	38.74	0.72	1    1999967  1.2713950E+01  3.48E-01    2.74   38.74    0.72
fixed	A14_S4_F1	A14	F1	S4	149	2	600312	26.481503	9.92	0.3746010942052647	37.45	290.2	0.07	2     600312  2.6481503E+01  9.92E+00   37.45  290.20    0.07
fixed	A14_S4_F1	A14	F1	S4	151	2	600312	26.481503	9.92	0.3746010942052647	37.45	290.2	0.07	2     600312  2.6481503E+01  9.92E+00   37.45  290.20    0.07
fixed	A14_S4_F2	A14	F2	S4	144	1	1999967	12.71395	0.348	0.02737150924771609	2.74	38.74	0.72	1    1999967  1.2713950E+01  3.48E-01    2.74   38.74*   0.72
fixed	A14_S4_F2	A14	F2	S4	146	1	1999967	12.71395	0.348	0.02737150924771609	2.74	38.74	0.72	1    1999967  1.2713950E+01  3.48E-01    2.74   38.74    0.72
fixed	A14_S4_F2	A14	F2	S4	149	2	1999967	18.65613	3.29	0.17634954301883615	17.63	249.37	0.04	2    1999967  1.8656130E+01  3.29E+00   17.63  249.37    0.04
fixed	A14_S4_F2	A14	F2	S4	151	2	1999967	18.65613	3.29	0.17634954301883615	17.63	249.37	0.04	2    1999967  1.8656130E+01  3.29E+00   17.63  249.37    0.04
adaptive	A14_S5	A14		S5	148	1	2000008	12.406964	0.344	0.02772636400008898	2.78	39.25	0.61	1    2000008  1.2406964E+01  3.44E-01    2.78   39.25*   0.61
adaptive	A14_S5	A14		S5	150	1	2000008	12.406964	0.344	0.02772636400008898	2.78	39.25	0.61	1    2000008  1.2406964E+01  3.44E-01    2.78   39.25    0.61
fixed	A14_S5_F0	A14	F0	S5	144	1	2000008	12.406964	0.344	0.02772636400008898	2.78	39.25	0.61	1    2000008  1.2406964E+01  3.44E-01    2.78   39.25*   0.61
fixed	A14_S5_F0	A14	F0	S5	146	1	2000008	12.406964	0.344	0.02772636400008898	2.78	39.25	0.61	1    2000008  1.2406964E+01  3.44E-01    2.78   39.25    0.61
fixed	A14_S5_F0	A14	F0	S5	149	2	200541	12.297815	0.167	0.0135796480919578	1.36	6.1	2.96	2     200541  1.2297815E+01  1.67E-01    1.36    6.10*   2.96
fixed	A14_S5_F0	A14	F0	S5	150	3	200541	16.278307	3.96	0.24326854137841236	24.3	108.84	1.6	3     200541  1.6278307E+01  3.96E+00   24.30  108.84    1.60
fixed	A14_S5_F0	A14	F0	S5	151	4	200541	13.292022	0.838	0.06304533651840179	6.3	28.22	2.09	4     200541  1.3292022E+01  8.38E-01    6.30   28.22*   2.09
fixed	A14_S5_F0	A14	F0	S5	153	4	601623	12.342826	0.164	0.01328707056228452	1.33	10.31	2.09	4     601623  1.2342826E+01  1.64E-01    1.33   10.31    2.09    1.17   3
fixed	A14_S5_F1	A14	F1	S5	144	1	2000008	12.406964	0.344	0.02772636400008898	2.78	39.25	0.61	1    2000008  1.2406964E+01  3.44E-01    2.78   39.25*   0.61
fixed	A14_S5_F1	A14	F1	S5	146	1	2000008	12.406964	0.344	0.02772636400008898	2.78	39.25	0.61	1    2000008  1.2406964E+01  3.44E-01    2.78   39.25    0.61
fixed	A14_S5_F1	A14	F1	S5	149	2	600332	13.109333	0.556	0.042412531591042815	4.24	32.86	0.6	2     600332  1.3109333E+01  5.56E-01    4.24   32.86*   0.60
fixed	A14_S5_F1	A14	F1	S5	151	2	600332	13.109333	0.556	0.042412531591042815	4.24	32.86	0.6	2     600332  1.3109333E+01  5.56E-01    4.24   32.86    0.60
fixed	A14_S5_F2	A14	F2	S5	144	1	2000008	12.406964	0.344	0.02772636400008898	2.78	39.25	0.61	1    2000008  1.2406964E+01  3.44E-01    2.78   39.25*   0.61
fixed	A14_S5_F2	A14	F2	S5	146	1	2000008	12.406964	0.344	0.02772636400008898	2.78	39.25	0.61	1    2000008  1.2406964E+01  3.44E-01    2.78   39.25    0.61
fixed	A14_S5_F2	A14	F2	S5	149	2	2000008	14.315693	0.834	0.05825774553841019	5.82	82.34	0.13	2    2000008  1.4315693E+01  8.34E-01    5.82   82.34    0.13
fixed	A14_S5_F2	A14	F2	S5	151	2	2000008	14.315693	0.834	0.05825774553841019	5.82	82.34	0.13	2    2000008  1.4315693E+01  8.34E-01    5.82   82.34    0.13
adaptive	A14_S6	A14		S6	148	1	1999999	12.571299	0.339	0.026966187026495832	2.7	38.14	0.7	1    1999999  1.2571299E+01  3.39E-01    2.70   38.14*   0.70
adaptive	A14_S6	A14		S6	150	1	1999999	12.571299	0.339	0.026966187026495832	2.7	38.14	0.7	1    1999999  1.2571299E+01  3.39E-01    2.70   38.14    0.70
fixed	A14_S6_F0	A14	F0	S6	144	1	1999999	12.571299	0.339	0.026966187026495832	2.7	38.14	0.7	1    1999999  1.2571299E+01  3.39E-01    2.70   38.14*   0.70
fixed	A14_S6_F0	A14	F0	S6	146	1	1999999	12.571299	0.339	0.026966187026495832	2.7	38.14	0.7	1    1999999  1.2571299E+01  3.39E-01    2.70   38.14    0.70
fixed	A14_S6_F0	A14	F0	S6	149	2	200538	12.691022	0.198	0.015601580392816276	1.56	6.98	2.3	2     200538  1.2691022E+01  1.98E-01    1.56    6.98*   2.30
fixed	A14_S6_F0	A14	F0	S6	150	3	200538	12.236496	0.118	0.009643283502074449	0.96	4.3	3.16	3     200538  1.2236496E+01  1.18E-01    0.96    4.30*   3.16
fixed	A14_S6_F0	A14	F0	S6	151	4	200538	400.32582	388.0	0.9692105295631442	96.86	433.75	0.14	4     200538  4.0032582E+02  3.88E+02   96.86  433.75    0.14
fixed	A14_S6_F0	A14	F0	S6	153	4	601614	12.35517	0.101	0.008174715523946656	0.82	6.34	0.14	4     601614  1.2355170E+01  1.01E-01    0.82    6.34    0.14    2.45   3
fixed	A14_S6_F1	A14	F1	S6	144	1	1999999	12.571299	0.339	0.026966187026495832	2.7	38.14	0.7	1    1999999  1.2571299E+01  3.39E-01    2.70   38.14*   0.70
fixed	A14_S6_F1	A14	F1	S6	146	1	1999999	12.571299	0.339	0.026966187026495832	2.7	38.14	0.7	1    1999999  1.2571299E+01  3.39E-01    2.70   38.14    0.70
fixed	A14_S6_F1	A14	F1	S6	149	2	600329	14.25464	1.64	0.11505025731972185	11.48	88.96	0.52	2     600329  1.4254640E+01  1.64E+00   11.48   88.96    0.52
fixed	A14_S6_F1	A14	F1	S6	151	2	600329	14.25464	1.64	0.11505025731972185	11.48	88.96	0.52	2     600329  1.4254640E+01  1.64E+00   11.48   88.96    0.52
fixed	A14_S6_F2	A14	F2	S6	144	1	1999999	12.571299	0.339	0.026966187026495832	2.7	38.14	0.7	1    1999999  1.2571299E+01  3.39E-01    2.70   38.14*   0.70
fixed	A14_S6_F2	A14	F2	S6	146	1	1999999	12.571299	0.339	0.026966187026495832	2.7	38.14	0.7	1    1999999  1.2571299E+01  3.39E-01    2.70   38.14    0.70
fixed	A14_S6_F2	A14	F2	S6	149	2	1999999	14.16458	0.793	0.0559847168076992	5.6	79.14	0.14	2    1999999  1.4164580E+01  7.93E-01    5.60   79.14    0.14
fixed	A14_S6_F2	A14	F2	S6	151	2	1999999	14.16458	0.793	0.0559847168076992	5.6	79.14	0.14	2    1999999  1.4164580E+01  7.93E-01    5.60   79.14    0.14
adaptive	A14_S7	A14		S7	148	1	2000004	12.720479	0.456	0.035847706678341286	3.58	50.64	0.51	1    2000004  1.2720479E+01  4.56E-01    3.58   50.64*   0.51
adaptive	A14_S7	A14		S7	150	1	2000004	12.720479	0.456	0.035847706678341286	3.58	50.64	0.51	1    2000004  1.2720479E+01  4.56E-01    3.58   50.64    0.51
fixed	A14_S7_F0	A14	F0	S7	144	1	2000004	12.720479	0.456	0.035847706678341286	3.58	50.64	0.51	1    2000004  1.2720479E+01  4.56E-01    3.58   50.64*   0.51
fixed	A14_S7_F0	A14	F0	S7	146	1	2000004	12.720479	0.456	0.035847706678341286	3.58	50.64	0.51	1    2000004  1.2720479E+01  4.56E-01    3.58   50.64    0.51
fixed	A14_S7_F0	A14	F0	S7	149	2	200544	14.286259	1.73	0.1210953826330602	12.12	54.29	0.1	2     200544  1.4286259E+01  1.73E+00   12.12   54.29    0.10
fixed	A14_S7_F0	A14	F0	S7	150	3	200544	12.87418	0.411	0.03192436333809221	3.19	14.28	1.97	3     200544  1.2874180E+01  4.11E-01    3.19   14.28*   1.97
fixed	A14_S7_F0	A14	F0	S7	151	4	200544	12.635652	0.239	0.018914734277265626	1.89	8.48	1.76	4     200544  1.2635652E+01  2.39E-01    1.89    8.48*   1.76
fixed	A14_S7_F0	A14	F0	S7	153	4	601632	12.718537	0.205	0.016118206048384338	1.61	12.52	1.76	4     601632  1.2718537E+01  2.05E-01    1.61   12.52    1.76    0.54   3
fixed	A14_S7_F1	A14	F1	S7	144	1	2000004	12.720479	0.456	0.035847706678341286	3.58	50.64	0.51	1    2000004  1.2720479E+01  4.56E-01    3.58   50.64*   0.51
fixed	A14_S7_F1	A14	F1	S7	146	1	2000004	12.720479	0.456	0.035847706678341286	3.58	50.64	0.51	1    2000004  1.2720479E+01  4.56E-01    3.58   50.64    0.51
fixed	A14_S7_F1	A14	F1	S7	149	2	600326	13.321618	0.695	0.05217083990848558	5.21	40.4	0.09	2     600326  1.3321618E+01  6.95E-01    5.21   40.40*   0.09
fixed	A14_S7_F1	A14	F1	S7	151	2	600326	13.321618	0.695	0.05217083990848558	5.21	40.4	0.09	2     600326  1.3321618E+01  6.95E-01    5.21   40.40    0.09
fixed	A14_S7_F2	A14	F2	S7	144	1	2000004	12.720479	0.456	0.035847706678341286	3.58	50.64	0.51	1    2000004  1.2720479E+01  4.56E-01    3.58   50.64*   0.51
fixed	A14_S7_F2	A14	F2	S7	146	1	2000004	12.720479	0.456	0.035847706678341286	3.58	50.64	0.51	1    2000004  1.2720479E+01  4.56E-01    3.58   50.64    0.51
fixed	A14_S7_F2	A14	F2	S7	149	2	2000004	13.35973	0.667	0.04992615868733874	4.99	70.63	0.05	2    2000004  1.3359730E+01  6.67E-01    4.99   70.63    0.05
fixed	A14_S7_F2	A14	F2	S7	151	2	2000004	13.35973	0.667	0.04992615868733874	4.99	70.63	0.05	2    2000004  1.3359730E+01  6.67E-01    4.99   70.63    0.05
