node	stage	mode	parent_mode	adaptive_id	fixed_id	seed_id	adaptive_seed	fixed_seed	adaptive_schedule	fixed_schedule	output_dir	output_status	metadata_status	whizard_rc	phs_sha256	vg2_sha256	parent_vg2_sha256	reuse_message_count	new_grid_init_count	phs_unchanged	console_log	artifact_present
P_A00_S0	adaptive	A00_S0		A00		S0	1740114216	648318690	"5:50000:""gw"""		/eos/user/c/cglenn/FCCWork/whizard/whizard_ttbar_spinpol/production/full6f_365gev_ee_ttbar_spinpol_v1/phase11_diagnostics/excess_weight_rootcause_v1/unrestricted_stability_scan_480_v1/20260816T202848Z_unrestricted_A15xS8xF3_np1/adaptive/A00_S0	PASS	PASS	0	20733e0e17025d2c73f73a666c5b62f92c105ca98114231020130b77f5730d5d	3f0eb8f83b6bf1d1497aefdece07cf4867f356c4fb8902aaa2ba7cd5c0e99273		0	1		/eos/user/c/cglenn/FCCWork/whizard/whizard_ttbar_spinpol/production/full6f_365gev_ee_ttbar_spinpol_v1/phase11_diagnostics/excess_weight_rootcause_v1/unrestricted_stability_scan_480_v1/20260816T202848Z_unrestricted_A15xS8xF3_np1/adaptive/A00_S0/console.log	1
C_A00_S0_F0	fixed	A00_S0_F0	A00_S0	A00	F0	S0	1740114216	648318690	"5:50000:""gw"""	"3:200000:"""""	/eos/user/c/cglenn/FCCWork/whizard/whizard_ttbar_spinpol/production/full6f_365gev_ee_ttbar_spinpol_v1/phase11_diagnostics/excess_weight_rootcause_v1/unrestricted_stability_scan_480_v1/20260816T202848Z_unrestricted_A15xS8xF3_np1/fixed/A00_S0/F0	PASS	PASS	0	20733e0e17025d2c73f73a666c5b62f92c105ca98114231020130b77f5730d5d	b1be34df3f9845f4e253a68e4cdfa441d250edbe86f1750fec0bfed701a1a8e3	3f0eb8f83b6bf1d1497aefdece07cf4867f356c4fb8902aaa2ba7cd5c0e99273	1	0	1	/eos/user/c/cglenn/FCCWork/whizard/whizard_ttbar_spinpol/production/full6f_365gev_ee_ttbar_spinpol_v1/phase11_diagnostics/excess_weight_rootcause_v1/unrestricted_stability_scan_480_v1/20260816T202848Z_unrestricted_A15xS8xF3_np1/fixed/A00_S0/F0/console.log	1
C_A00_S0_F1	fixed	A00_S0_F1	A00_S0	A00	F1	S0	1740114216	648318690	"5:50000:""gw"""	"1:600000:"""""	/eos/user/c/cglenn/FCCWork/whizard/whizard_ttbar_spinpol/production/full6f_365gev_ee_ttbar_spinpol_v1/phase11_diagnostics/excess_weight_rootcause_v1/unrestricted_stability_scan_480_v1/20260816T202848Z_unrestricted_A15xS8xF3_np1/fixed/A00_S0/F1	PASS	PASS	0	20733e0e17025d2c73f73a666c5b62f92c105ca98114231020130b77f5730d5d	4a3cdde8168c4781b860a11dcc76744624393c68b775df12ccf4d278cb337ca5	3f0eb8f83b6bf1d1497aefdece07cf4867f356c4fb8902aaa2ba7cd5c0e99273	1	0	1	/eos/user/c/cglenn/FCCWork/whizard/whizard_ttbar_spinpol/production/full6f_365gev_ee_ttbar_spinpol_v1/phase11_diagnostics/excess_weight_rootcause_v1/unrestricted_stability_scan_480_v1/20260816T202848Z_unrestricted_A15xS8xF3_np1/fixed/A00_S0/F1/console.log	1
C_A00_S0_F2	fixed	A00_S0_F2	A00_S0	A00	F2	S0	1740114216	648318690	"5:50000:""gw"""	"1:2000000:"""""	/eos/user/c/cglenn/FCCWork/whizard/whizard_ttbar_spinpol/production/full6f_365gev_ee_ttbar_spinpol_v1/phase11_diagnostics/excess_weight_rootcause_v1/unrestricted_stability_scan_480_v1/20260816T202848Z_unrestricted_A15xS8xF3_np1/fixed/A00_S0/F2	PASS	PASS	0	20733e0e17025d2c73f73a666c5b62f92c105ca98114231020130b77f5730d5d	2855ea6ad8513490d7e1fc7328c32d80de19d7bdf98ab15827a49cf6a3efb1be	3f0eb8f83b6bf1d1497aefdece07cf4867f356c4fb8902aaa2ba7cd5c0e99273	1	0	1	/eos/user/c/cglenn/FCCWork/whizard/whizard_ttbar_spinpol/production/full6f_365gev_ee_ttbar_spinpol_v1/phase11_diagnostics/excess_weight_rootcause_v1/unrestricted_stability_scan_480_v1/20260816T202848Z_unrestricted_A15xS8xF3_np1/fixed/A00_S0/F2/console.log	1
P_A00_S1	adaptive	A00_S1		A00		S1	1751949026	1404282457	"5:50000:""gw"""		/eos/user/c/cglenn/FCCWork/whizard/whizard_ttbar_spinpol/production/full6f_365gev_ee_ttbar_spinpol_v1/phase11_diagnostics/excess_weight_rootcause_v1/unrestricted_stability_scan_480_v1/20260816T202848Z_unrestricted_A15xS8xF3_np1/adaptive/A00_S1	PASS	PASS	0	20733e0e17025d2c73f73a666c5b62f92c105ca98114231020130b77f5730d5d	f6c64debf4888ed107a78ef70584e528831ac0208f3dbf072c70d86a5f52ba25		0	1		/eos/user/c/cglenn/FCCWork/whizard/whizard_ttbar_spinpol/production/full6f_365gev_ee_ttbar_spinpol_v1/phase11_diagnostics/excess_weight_rootcause_v1/unrestricted_stability_scan_480_v1/20260816T202848Z_unrestricted_A15xS8xF3_np1/adaptive/A00_S1/console.log	1
C_A00_S1_F0	fixed	A00_S1_F0	A00_S1	A00	F0	S1	1751949026	1404282457	"5:50000:""gw"""	"3:200000:"""""	/eos/user/c/cglenn/FCCWork/whizard/whizard_ttbar_spinpol/production/full6f_365gev_ee_ttbar_spinpol_v1/phase11_diagnostics/excess_weight_rootcause_v1/unrestricted_stability_scan_480_v1/20260816T202848Z_unrestricted_A15xS8xF3_np1/fixed/A00_S1/F0	PASS	PASS	0	20733e0e17025d2c73f73a666c5b62f92c105ca98114231020130b77f5730d5d	81da0eb5047645eddf77086708ec18e1d4efb050be404d11a3715fd33397c948	f6c64debf4888ed107a78ef70584e528831ac0208f3dbf072c70d86a5f52ba25	1	0	1	/eos/user/c/cglenn/FCCWork/whizard/whizard_ttbar_spinpol/production/full6f_365gev_ee_ttbar_spinpol_v1/phase11_diagnostics/excess_weight_rootcause_v1/unrestricted_stability_scan_480_v1/20260816T202848Z_unrestricted_A15xS8xF3_np1/fixed/A00_S1/F0/console.log	1
C_A00_S1_F1	fixed	A00_S1_F1	A00_S1	A00	F1	S1	1751949026	1404282457	"5:50000:""gw"""	"1:600000:"""""	/eos/user/c/cglenn/FCCWork/whizard/whizard_ttbar_spinpol/production/full6f_365gev_ee_ttbar_spinpol_v1/phase11_diagnostics/excess_weight_rootcause_v1/unrestricted_stability_scan_480_v1/20260816T202848Z_unrestricted_A15xS8xF3_np1/fixed/A00_S1/F1	PASS	PASS	0	20733e0e17025d2c73f73a666c5b62f92c105ca98114231020130b77f5730d5d	88cac21f9b9478503e16077f12686e2043c275b03971e9505735b1d87b58e1d4	f6c64debf4888ed107a78ef70584e528831ac0208f3dbf072c70d86a5f52ba25	1	0	1	/eos/user/c/cglenn/FCCWork/whizard/whizard_ttbar_spinpol/production/full6f_365gev_ee_ttbar_spinpol_v1/phase11_diagnostics/excess_weight_rootcause_v1/unrestricted_stability_scan_480_v1/20260816T202848Z_unrestricted_A15xS8xF3_np1/fixed/A00_S1/F1/console.log	1
C_A00_S1_F2	fixed	A00_S1_F2	A00_S1	A00	F2	S1	1751949026	1404282457	"5:50000:""gw"""	"1:2000000:"""""	/eos/user/c/cglenn/FCCWork/whizard/whizard_ttbar_spinpol/production/full6f_365gev_ee_ttbar_spinpol_v1/phase11_diagnostics/excess_weight_rootcause_v1/unrestricted_stability_scan_480_v1/20260816T202848Z_unrestricted_A15xS8xF3_np1/fixed/A00_S1/F2	PASS	PASS	0	20733e0e17025d2c73f73a666c5b62f92c105ca98114231020130b77f5730d5d	0143660e483c21b7ea5356904b4d2e95b030743af1a990d9552f9d741a194fea	f6c64debf4888ed107a78ef70584e528831ac0208f3dbf072c70d86a5f52ba25	1	0	1	/eos/user/c/cglenn/FCCWork/whizard/whizard_ttbar_spinpol/production/full6f_365gev_ee_ttbar_spinpol_v1/phase11_diagnostics/excess_weight_rootcause_v1/unrestricted_stability_scan_480_v1/20260816T202848Z_unrestricted_A15xS8xF3_np1/fixed/A00_S1/F2/console.log	1
P_A00_S2	adaptive	A00_S2		A00		S2	1885084773	1596606550	"5:50000:""gw"""		/eos/user/c/cglenn/FCCWork/whizard/whizard_ttbar_spinpol/production/full6f_365gev_ee_ttbar_spinpol_v1/phase11_diagnostics/excess_weight_rootcause_v1/unrestricted_stability_scan_480_v1/20260816T202848Z_unrestricted_A15xS8xF3_np1/adaptive/A00_S2	PASS	PASS	0	20733e0e17025d2c73f73a666c5b62f92c105ca98114231020130b77f5730d5d	374f0d80f0b85f93a63bfe504078566d8b611ba1809fd26295157ae7083f955c		0	1		/eos/user/c/cglenn/FCCWork/whizard/whizard_ttbar_spinpol/production/full6f_365gev_ee_ttbar_spinpol_v1/phase11_diagnostics/excess_weight_rootcause_v1/unrestricted_stability_scan_480_v1/20260816T202848Z_unrestricted_A15xS8xF3_np1/adaptive/A00_S2/console.log	1
C_A00_S2_F0	fixed	A00_S2_F0	A00_S2	A00	F0	S2	1885084773	1596606550	"5:50000:""gw"""	"3:200000:"""""	/eos/user/c/cglenn/FCCWork/whizard/whizard_ttbar_spinpol/production/full6f_365gev_ee_ttbar_spinpol_v1/phase11_diagnostics/excess_weight_rootcause_v1/unrestricted_stability_scan_480_v1/20260816T202848Z_unrestricted_A15xS8xF3_np1/fixed/A00_S2/F0	PASS	PASS	0	20733e0e17025d2c73f73a666c5b62f92c105ca98114231020130b77f5730d5d	bd66b620718a9946ff45ad81de6907433af8601396fe9efc480eac4eb74b47db	374f0d80f0b85f93a63bfe504078566d8b611ba1809fd26295157ae7083f955c	1	0	1	/eos/user/c/cglenn/FCCWork/whizard/whizard_ttbar_spinpol/production/full6f_365gev_ee_ttbar_spinpol_v1/phase11_diagnostics/excess_weight_rootcause_v1/unrestricted_stability_scan_480_v1/20260816T202848Z_unrestricted_A15xS8xF3_np1/fixed/A00_S2/F0/console.log	1
C_A00_S2_F1	fixed	A00_S2_F1	A00_S2	A00	F1	S2	1885084773	1596606550	"5:50000:""gw"""	"1:600000:"""""	/eos/user/c/cglenn/FCCWork/whizard/whizard_ttbar_spinpol/production/full6f_365gev_ee_ttbar_spinpol_v1/phase11_diagnostics/excess_weight_rootcause_v1/unrestricted_stability_scan_480_v1/20260816T202848Z_unrestricted_A15xS8xF3_np1/fixed/A00_S2/F1	PASS	PASS	0	20733e0e17025d2c73f73a666c5b62f92c105ca98114231020130b77f5730d5d	76228abd941a6e3aa6e8f4be546c135213c2ee819a08c4d51e56e724702194a0	374f0d80f0b85f93a63bfe504078566d8b611ba1809fd26295157ae7083f955c	1	0	1	/eos/user/c/cglenn/FCCWork/whizard/whizard_ttbar_spinpol/production/full6f_365gev_ee_ttbar_spinpol_v1/phase11_diagnostics/excess_weight_rootcause_v1/unrestricted_stability_scan_480_v1/20260816T202848Z_unrestricted_A15xS8xF3_np1/fixed/A00_S2/F1/console.log	1
C_A00_S2_F2	fixed	A00_S2_F2	A00_S2	A00	F2	S2	1885084773	1596606550	"5:50000:""gw"""	"1:2000000:"""""	/eos/user/c/cglenn/FCCWork/whizard/whizard_ttbar_spinpol/production/full6f_365gev_ee_ttbar_spinpol_v1/phase11_diagnostics/excess_weight_rootcause_v1/unrestricted_stability_scan_480_v1/20260816T202848Z_unrestricted_A15xS8xF3_np1/fixed/A00_S2/F2	PASS	PASS	0	20733e0e17025d2c73f73a666c5b62f92c105ca98114231020130b77f5730d5d	2aba0e4bfa218a5f0088cc56bfed08dd603eaaa4a96fd01dffd185c36959faf0	374f0d80f0b85f93a63bfe504078566d8b611ba1809fd26295157ae7083f955c	1	0	1	/eos/user/c/cglenn/FCCWork/whizard/whizard_ttbar_spinpol/production/full6f_365gev_ee_ttbar_spinpol_v1/phase11_diagnostics/excess_weight_rootcause_v1/unrestricted_stability_scan_480_v1/20260816T202848Z_unrestricted_A15xS8xF3_np1/fixed/A00_S2/F2/console.log	1
P_A00_S3	adaptive	A00_S3		A00		S3	134326786	769890491	"5:50000:""gw"""		/eos/user/c/cglenn/FCCWork/whizard/whizard_ttbar_spinpol/production/full6f_365gev_ee_ttbar_spinpol_v1/phase11_diagnostics/excess_weight_rootcause_v1/unrestricted_stability_scan_480_v1/20260816T202848Z_unrestricted_A15xS8xF3_np1/adaptive/A00_S3	PASS	PASS	0	20733e0e17025d2c73f73a666c5b62f92c105ca98114231020130b77f5730d5d	1c749c50cf0c607bdf69e79f10f6880e639b99d3a5acab9cef5ad62b3ea39299		0	1		/eos/user/c/cglenn/FCCWork/whizard/whizard_ttbar_spinpol/production/full6f_365gev_ee_ttbar_spinpol_v1/phase11_diagnostics/excess_weight_rootcause_v1/unrestricted_stability_scan_480_v1/20260816T202848Z_unrestricted_A15xS8xF3_np1/adaptive/A00_S3/console.log	1
C_A00_S3_F0	fixed	A00_S3_F0	A00_S3	A00	F0	S3	134326786	769890491	"5:50000:""gw"""	"3:200000:"""""	/eos/user/c/cglenn/FCCWork/whizard/whizard_ttbar_spinpol/production/full6f_365gev_ee_ttbar_spinpol_v1/phase11_diagnostics/excess_weight_rootcause_v1/unrestricted_stability_scan_480_v1/20260816T202848Z_unrestricted_A15xS8xF3_np1/fixed/A00_S3/F0	PASS	PASS	0	20733e0e17025d2c73f73a666c5b62f92c105ca98114231020130b77f5730d5d	e21a8e9f27482142985464102ec46326191dcbf9fada725c18fc9f6f03105568	1c749c50cf0c607bdf69e79f10f6880e639b99d3a5acab9cef5ad62b3ea39299	1	0	1	/eos/user/c/cglenn/FCCWork/whizard/whizard_ttbar_spinpol/production/full6f_365gev_ee_ttbar_spinpol_v1/phase11_diagnostics/excess_weight_rootcause_v1/unrestricted_stability_scan_480_v1/20260816T202848Z_unrestricted_A15xS8xF3_np1/fixed/A00_S3/F0/console.log	1
C_A00_S3_F1	fixed	A00_S3_F1	A00_S3	A00	F1	S3	134326786	769890491	"5:50000:""gw"""	"1:600000:"""""	/eos/user/c/cglenn/FCCWork/whizard/whizard_ttbar_spinpol/production/full6f_365gev_ee_ttbar_spinpol_v1/phase11_diagnostics/excess_weight_rootcause_v1/unrestricted_stability_scan_480_v1/20260816T202848Z_unrestricted_A15xS8xF3_np1/fixed/A00_S3/F1	PASS	PASS	0	20733e0e17025d2c73f73a666c5b62f92c105ca98114231020130b77f5730d5d	6c827b09830d831d01ff95893f73b20c3708e8bb829db99a337c5e7ebca0176b	1c749c50cf0c607bdf69e79f10f6880e639b99d3a5acab9cef5ad62b3ea39299	1	0	1	/eos/user/c/cglenn/FCCWork/whizard/whizard_ttbar_spinpol/production/full6f_365gev_ee_ttbar_spinpol_v1/phase11_diagnostics/excess_weight_rootcause_v1/unrestricted_stability_scan_480_v1/20260816T202848Z_unrestricted_A15xS8xF3_np1/fixed/A00_S3/F1/console.log	1
C_A00_S3_F2	fixed	A00_S3_F2	A00_S3	A00	F2	S3	134326786	769890491	"5:50000:""gw"""	"1:2000000:"""""	/eos/user/c/cglenn/FCCWork/whizard/whizard_ttbar_spinpol/production/full6f_365gev_ee_ttbar_spinpol_v1/phase11_diagnostics/excess_weight_rootcause_v1/unrestricted_stability_scan_480_v1/20260816T202848Z_unrestricted_A15xS8xF3_np1/fixed/A00_S3/F2	PASS	PASS	0	20733e0e17025d2c73f73a666c5b62f92c105ca98114231020130b77f5730d5d	e68f1f9678751dbc87a1cc9602f4afaa00fcf56a174e714c7a952d219512cc54	1c749c50cf0c607bdf69e79f10f6880e639b99d3a5acab9cef5ad62b3ea39299	1	0	1	/eos/user/c/cglenn/FCCWork/whizard/whizard_ttbar_spinpol/production/full6f_365gev_ee_ttbar_spinpol_v1/phase11_diagnostics/excess_weight_rootcause_v1/unrestricted_stability_scan_480_v1/20260816T202848Z_unrestricted_A15xS8xF3_np1/fixed/A00_S3/F2/console.log	1
P_A00_S4	adaptive	A00_S4		A00		S4	249371675	462903030	"5:50000:""gw"""		/eos/user/c/cglenn/FCCWork/whizard/whizard_ttbar_spinpol/production/full6f_365gev_ee_ttbar_spinpol_v1/phase11_diagnostics/excess_weight_rootcause_v1/unrestricted_stability_scan_480_v1/20260816T202848Z_unrestricted_A15xS8xF3_np1/adaptive/A00_S4	PASS	PASS	0	20733e0e17025d2c73f73a666c5b62f92c105ca98114231020130b77f5730d5d	50bcdcd9e4263c9d5516e1345d5da497276b087b5f67edfca21b538c59124cf6		0	1		/eos/user/c/cglenn/FCCWork/whizard/whizard_ttbar_spinpol/production/full6f_365gev_ee_ttbar_spinpol_v1/phase11_diagnostics/excess_weight_rootcause_v1/unrestricted_stability_scan_480_v1/20260816T202848Z_unrestricted_A15xS8xF3_np1/adaptive/A00_S4/console.log	1
C_A00_S4_F0	fixed	A00_S4_F0	A00_S4	A00	F0	S4	249371675	462903030	"5:50000:""gw"""	"3:200000:"""""	/eos/user/c/cglenn/FCCWork/whizard/whizard_ttbar_spinpol/production/full6f_365gev_ee_ttbar_spinpol_v1/phase11_diagnostics/excess_weight_rootcause_v1/unrestricted_stability_scan_480_v1/20260816T202848Z_unrestricted_A15xS8xF3_np1/fixed/A00_S4/F0	PASS	PASS	0	20733e0e17025d2c73f73a666c5b62f92c105ca98114231020130b77f5730d5d	f6e2c07cec3e25909f9081343829ced80ac93de820ed517de867ac36f1e80854	50bcdcd9e4263c9d5516e1345d5da497276b087b5f67edfca21b538c59124cf6	1	0	1	/eos/user/c/cglenn/FCCWork/whizard/whizard_ttbar_spinpol/production/full6f_365gev_ee_ttbar_spinpol_v1/phase11_diagnostics/excess_weight_rootcause_v1/unrestricted_stability_scan_480_v1/20260816T202848Z_unrestricted_A15xS8xF3_np1/fixed/A00_S4/F0/console.log	1
C_A00_S4_F1	fixed	A00_S4_F1	A00_S4	A00	F1	S4	249371675	462903030	"5:50000:""gw"""	"1:600000:"""""	/eos/user/c/cglenn/FCCWork/whizard/whizard_ttbar_spinpol/production/full6f_365gev_ee_ttbar_spinpol_v1/phase11_diagnostics/excess_weight_rootcause_v1/unrestricted_stability_scan_480_v1/20260816T202848Z_unrestricted_A15xS8xF3_np1/fixed/A00_S4/F1	PASS	PASS	0	20733e0e17025d2c73f73a666c5b62f92c105ca98114231020130b77f5730d5d	927a740ca21f82b7c0daa9bf04a697eb6d6265440395327a0807464b314820d5	50bcdcd9e4263c9d5516e1345d5da497276b087b5f67edfca21b538c59124cf6	1	0	1	/eos/user/c/cglenn/FCCWork/whizard/whizard_ttbar_spinpol/production/full6f_365gev_ee_ttbar_spinpol_v1/phase11_diagnostics/excess_weight_rootcause_v1/unrestricted_stability_scan_480_v1/20260816T202848Z_unrestricted_A15xS8xF3_np1/fixed/A00_S4/F1/console.log	1
C_A00_S4_F2	fixed	A00_S4_F2	A00_S4	A00	F2	S4	249371675	462903030	"5:50000:""gw"""	"1:2000000:"""""	/eos/user/c/cglenn/FCCWork/whizard/whizard_ttbar_spinpol/production/full6f_365gev_ee_ttbar_spinpol_v1/phase11_diagnostics/excess_weight_rootcause_v1/unrestricted_stability_scan_480_v1/20260816T202848Z_unrestricted_A15xS8xF3_np1/fixed/A00_S4/F2	PASS	PASS	0	20733e0e17025d2c73f73a666c5b62f92c105ca98114231020130b77f5730d5d	649c269fa53d10b8efc11de90807e3e353d0fc19bb27ebf64f73b5789039b5ab	50bcdcd9e4263c9d5516e1345d5da497276b087b5f67edfca21b538c59124cf6	1	0	1	/eos/user/c/cglenn/FCCWork/whizard/whizard_ttbar_spinpol/production/full6f_365gev_ee_ttbar_spinpol_v1/phase11_diagnostics/excess_weight_rootcause_v1/unrestricted_stability_scan_480_v1/20260816T202848Z_unrestricted_A15xS8xF3_np1/fixed/A00_S4/F2/console.log	1
P_A00_S5	adaptive	A00_S5		A00		S5	531087687	197846737	"5:50000:""gw"""		/eos/user/c/cglenn/FCCWork/whizard/whizard_ttbar_spinpol/production/full6f_365gev_ee_ttbar_spinpol_v1/phase11_diagnostics/excess_weight_rootcause_v1/unrestricted_stability_scan_480_v1/20260816T202848Z_unrestricted_A15xS8xF3_np1/adaptive/A00_S5	PASS	PASS	0	20733e0e17025d2c73f73a666c5b62f92c105ca98114231020130b77f5730d5d	1f289e855607d45b9c85e413343911802676ad92b92b5224f0c14c6e379dea9a		0	1		/eos/user/c/cglenn/FCCWork/whizard/whizard_ttbar_spinpol/production/full6f_365gev_ee_ttbar_spinpol_v1/phase11_diagnostics/excess_weight_rootcause_v1/unrestricted_stability_scan_480_v1/20260816T202848Z_unrestricted_A15xS8xF3_np1/adaptive/A00_S5/console.log	1
C_A00_S5_F0	fixed	A00_S5_F0	A00_S5	A00	F0	S5	531087687	197846737	"5:50000:""gw"""	"3:200000:"""""	/eos/user/c/cglenn/FCCWork/whizard/whizard_ttbar_spinpol/production/full6f_365gev_ee_ttbar_spinpol_v1/phase11_diagnostics/excess_weight_rootcause_v1/unrestricted_stability_scan_480_v1/20260816T202848Z_unrestricted_A15xS8xF3_np1/fixed/A00_S5/F0	PASS	PASS	0	20733e0e17025d2c73f73a666c5b62f92c105ca98114231020130b77f5730d5d	a037df3cf94f90b6b40b90f7cdf3279b554960f6f303e4906e99ff0882a8a866	1f289e855607d45b9c85e413343911802676ad92b92b5224f0c14c6e379dea9a	1	0	1	/eos/user/c/cglenn/FCCWork/whizard/whizard_ttbar_spinpol/production/full6f_365gev_ee_ttbar_spinpol_v1/phase11_diagnostics/excess_weight_rootcause_v1/unrestricted_stability_scan_480_v1/20260816T202848Z_unrestricted_A15xS8xF3_np1/fixed/A00_S5/F0/console.log	1
C_A00_S5_F1	fixed	A00_S5_F1	A00_S5	A00	F1	S5	531087687	197846737	"5:50000:""gw"""	"1:600000:"""""	/eos/user/c/cglenn/FCCWork/whizard/whizard_ttbar_spinpol/production/full6f_365gev_ee_ttbar_spinpol_v1/phase11_diagnostics/excess_weight_rootcause_v1/unrestricted_stability_scan_480_v1/20260816T202848Z_unrestricted_A15xS8xF3_np1/fixed/A00_S5/F1	PASS	PASS	0	20733e0e17025d2c73f73a666c5b62f92c105ca98114231020130b77f5730d5d	f90789fceec110884d4db4038e8e657b59b5e679f835b82bd5c5a0b390d1a43e	1f289e855607d45b9c85e413343911802676ad92b92b5224f0c14c6e379dea9a	1	0	1	/eos/user/c/cglenn/FCCWork/whizard/whizard_ttbar_spinpol/production/full6f_365gev_ee_ttbar_spinpol_v1/phase11_diagnostics/excess_weight_rootcause_v1/unrestricted_stability_scan_480_v1/20260816T202848Z_unrestricted_A15xS8xF3_np1/fixed/A00_S5/F1/console.log	1
C_A00_S5_F2	fixed	A00_S5_F2	A00_S5	A00	F2	S5	531087687	197846737	"5:50000:""gw"""	"1:2000000:"""""	/eos/user/c/cglenn/FCCWork/whizard/whizard_ttbar_spinpol/production/full6f_365gev_ee_ttbar_spinpol_v1/phase11_diagnostics/excess_weight_rootcause_v1/unrestricted_stability_scan_480_v1/20260816T202848Z_unrestricted_A15xS8xF3_np1/fixed/A00_S5/F2	PASS	PASS	0	20733e0e17025d2c73f73a666c5b62f92c105ca98114231020130b77f5730d5d	cfb2b9f39c5a963a607320d9694f7aeb96d82871dd36d44dbf53abfe50f771e9	1f289e855607d45b9c85e413343911802676ad92b92b5224f0c14c6e379dea9a	1	0	1	/eos/user/c/cglenn/FCCWork/whizard/whizard_ttbar_spinpol/production/full6f_365gev_ee_ttbar_spinpol_v1/phase11_diagnostics/excess_weight_rootcause_v1/unrestricted_stability_scan_480_v1/20260816T202848Z_unrestricted_A15xS8xF3_np1/fixed/A00_S5/F2/console.log	1
P_A00_S6	adaptive	A00_S6		A00		S6	519963689	958460417	"5:50000:""gw"""		/eos/user/c/cglenn/FCCWork/whizard/whizard_ttbar_spinpol/production/full6f_365gev_ee_ttbar_spinpol_v1/phase11_diagnostics/excess_weight_rootcause_v1/unrestricted_stability_scan_480_v1/20260816T202848Z_unrestricted_A15xS8xF3_np1/adaptive/A00_S6	PASS	PASS	0	20733e0e17025d2c73f73a666c5b62f92c105ca98114231020130b77f5730d5d	716fc78636e19084ad22b55ec9d5d7a35feeb066cab8cf2b06a89e531e0f5173		0	1		/eos/user/c/cglenn/FCCWork/whizard/whizard_ttbar_spinpol/production/full6f_365gev_ee_ttbar_spinpol_v1/phase11_diagnostics/excess_weight_rootcause_v1/unrestricted_stability_scan_480_v1/20260816T202848Z_unrestricted_A15xS8xF3_np1/adaptive/A00_S6/console.log	1
C_A00_S6_F0	fixed	A00_S6_F0	A00_S6	A00	F0	S6	519963689	958460417	"5:50000:""gw"""	"3:200000:"""""	/eos/user/c/cglenn/FCCWork/whizard/whizard_ttbar_spinpol/production/full6f_365gev_ee_ttbar_spinpol_v1/phase11_diagnostics/excess_weight_rootcause_v1/unrestricted_stability_scan_480_v1/20260816T202848Z_unrestricted_A15xS8xF3_np1/fixed/A00_S6/F0	PASS	PASS	0	20733e0e17025d2c73f73a666c5b62f92c105ca98114231020130b77f5730d5d	eb03cff25af2016a1a75b308c3110d4c4f4cdff2d23e5460437da2a17a3a1a11	716fc78636e19084ad22b55ec9d5d7a35feeb066cab8cf2b06a89e531e0f5173	1	0	1	/eos/user/c/cglenn/FCCWork/whizard/whizard_ttbar_spinpol/production/full6f_365gev_ee_ttbar_spinpol_v1/phase11_diagnostics/excess_weight_rootcause_v1/unrestricted_stability_scan_480_v1/20260816T202848Z_unrestricted_A15xS8xF3_np1/fixed/A00_S6/F0/console.log	1
C_A00_S6_F1	fixed	A00_S6_F1	A00_S6	A00	F1	S6	519963689	958460417	"5:50000:""gw"""	"1:600000:"""""	/eos/user/c/cglenn/FCCWork/whizard/whizard_ttbar_spinpol/production/full6f_365gev_ee_ttbar_spinpol_v1/phase11_diagnostics/excess_weight_rootcause_v1/unrestricted_stability_scan_480_v1/20260816T202848Z_unrestricted_A15xS8xF3_np1/fixed/A00_S6/F1	PASS	PASS	0	20733e0e17025d2c73f73a666c5b62f92c105ca98114231020130b77f5730d5d	3f6aef31da29e769919bac007a3532502df709f5e5162f818839cb9ce9f4bf8e	716fc78636e19084ad22b55ec9d5d7a35feeb066cab8cf2b06a89e531e0f5173	1	0	1	/eos/user/c/cglenn/FCCWork/whizard/whizard_ttbar_spinpol/production/full6f_365gev_ee_ttbar_spinpol_v1/phase11_diagnostics/excess_weight_rootcause_v1/unrestricted_stability_scan_480_v1/20260816T202848Z_unrestricted_A15xS8xF3_np1/fixed/A00_S6/F1/console.log	1
C_A00_S6_F2	fixed	A00_S6_F2	A00_S6	A00	F2	S6	519963689	958460417	"5:50000:""gw"""	"1:2000000:"""""	/eos/user/c/cglenn/FCCWork/whizard/whizard_ttbar_spinpol/production/full6f_365gev_ee_ttbar_spinpol_v1/phase11_diagnostics/excess_weight_rootcause_v1/unrestricted_stability_scan_480_v1/20260816T202848Z_unrestricted_A15xS8xF3_np1/fixed/A00_S6/F2	PASS	PASS	0	20733e0e17025d2c73f73a666c5b62f92c105ca98114231020130b77f5730d5d	e728051bf14533d6878118137557e19af9e110e6b3770829b9a149a04c9d1343	716fc78636e19084ad22b55ec9d5d7a35feeb066cab8cf2b06a89e531e0f5173	1	0	1	/eos/user/c/cglenn/FCCWork/whizard/whizard_ttbar_spinpol/production/full6f_365gev_ee_ttbar_spinpol_v1/phase11_diagnostics/excess_weight_rootcause_v1/unrestricted_stability_scan_480_v1/20260816T202848Z_unrestricted_A15xS8xF3_np1/fixed/A00_S6/F2/console.log	1
P_A00_S7	adaptive	A00_S7		A00		S7	1552803368	239117595	"5:50000:""gw"""		/eos/user/c/cglenn/FCCWork/whizard/whizard_ttbar_spinpol/production/full6f_365gev_ee_ttbar_spinpol_v1/phase11_diagnostics/excess_weight_rootcause_v1/unrestricted_stability_scan_480_v1/20260816T202848Z_unrestricted_A15xS8xF3_np1/adaptive/A00_S7	PASS	PASS	0	20733e0e17025d2c73f73a666c5b62f92c105ca98114231020130b77f5730d5d	e6b50834addf0cd8ac25ae481027c117f10f753ac177c2becfcb8c16173f54e3		0	1		/eos/user/c/cglenn/FCCWork/whizard/whizard_ttbar_spinpol/production/full6f_365gev_ee_ttbar_spinpol_v1/phase11_diagnostics/excess_weight_rootcause_v1/unrestricted_stability_scan_480_v1/20260816T202848Z_unrestricted_A15xS8xF3_np1/adaptive/A00_S7/console.log	1
C_A00_S7_F0	fixed	A00_S7_F0	A00_S7	A00	F0	S7	1552803368	239117595	"5:50000:""gw"""	"3:200000:"""""	/eos/user/c/cglenn/FCCWork/whizard/whizard_ttbar_spinpol/production/full6f_365gev_ee_ttbar_spinpol_v1/phase11_diagnostics/excess_weight_rootcause_v1/unrestricted_stability_scan_480_v1/20260816T202848Z_unrestricted_A15xS8xF3_np1/fixed/A00_S7/F0	PASS	PASS	0	20733e0e17025d2c73f73a666c5b62f92c105ca98114231020130b77f5730d5d	45f5d1f96ae96cee33ea23c57980249f6d3a5f25ccc77a7cc6bd401b7748f62b	e6b50834addf0cd8ac25ae481027c117f10f753ac177c2becfcb8c16173f54e3	1	0	1	/eos/user/c/cglenn/FCCWork/whizard/whizard_ttbar_spinpol/production/full6f_365gev_ee_ttbar_spinpol_v1/phase11_diagnostics/excess_weight_rootcause_v1/unrestricted_stability_scan_480_v1/20260816T202848Z_unrestricted_A15xS8xF3_np1/fixed/A00_S7/F0/console.log	1
C_A00_S7_F1	fixed	A00_S7_F1	A00_S7	A00	F1	S7	1552803368	239117595	"5:50000:""gw"""	"1:600000:"""""	/eos/user/c/cglenn/FCCWork/whizard/whizard_ttbar_spinpol/production/full6f_365gev_ee_ttbar_spinpol_v1/phase11_diagnostics/excess_weight_rootcause_v1/unrestricted_stability_scan_480_v1/20260816T202848Z_unrestricted_A15xS8xF3_np1/fixed/A00_S7/F1	PASS	PASS	0	20733e0e17025d2c73f73a666c5b62f92c105ca98114231020130b77f5730d5d	00e8948e0281685dad93be114f44ced764b4ce509d1a143d410d7340f0e5229b	e6b50834addf0cd8ac25ae481027c117f10f753ac177c2becfcb8c16173f54e3	1	0	1	/eos/user/c/cglenn/FCCWork/whizard/whizard_ttbar_spinpol/production/full6f_365gev_ee_ttbar_spinpol_v1/phase11_diagnostics/excess_weight_rootcause_v1/unrestricted_stability_scan_480_v1/20260816T202848Z_unrestricted_A15xS8xF3_np1/fixed/A00_S7/F1/console.log	1
C_A00_S7_F2	fixed	A00_S7_F2	A00_S7	A00	F2	S7	1552803368	239117595	"5:50000:""gw"""	"1:2000000:"""""	/eos/user/c/cglenn/FCCWork/whizard/whizard_ttbar_spinpol/production/full6f_365gev_ee_ttbar_spinpol_v1/phase11_diagnostics/excess_weight_rootcause_v1/unrestricted_stability_scan_480_v1/20260816T202848Z_unrestricted_A15xS8xF3_np1/fixed/A00_S7/F2	PASS	PASS	0	20733e0e17025d2c73f73a666c5b62f92c105ca98114231020130b77f5730d5d	87842c51327be1037cc0085fca5580afa4bb065830ad3972316b45f606e65b01	e6b50834addf0cd8ac25ae481027c117f10f753ac177c2becfcb8c16173f54e3	1	0	1	/eos/user/c/cglenn/FCCWork/whizard/whizard_ttbar_spinpol/production/full6f_365gev_ee_ttbar_spinpol_v1/phase11_diagnostics/excess_weight_rootcause_v1/unrestricted_stability_scan_480_v1/20260816T202848Z_unrestricted_A15xS8xF3_np1/fixed/A00_S7/F2/console.log	1
P_A01_S0	adaptive	A01_S0		A01		S0	1740114216	648318690	"2:125000:""gw"""		/eos/user/c/cglenn/FCCWork/whizard/whizard_ttbar_spinpol/production/full6f_365gev_ee_ttbar_spinpol_v1/phase11_diagnostics/excess_weight_rootcause_v1/unrestricted_stability_scan_480_v1/20260816T202848Z_unrestricted_A15xS8xF3_np1/adaptive/A01_S0	PASS	PASS	0	20733e0e17025d2c73f73a666c5b62f92c105ca98114231020130b77f5730d5d	c4447d7699656b701f862cb730123455a07d9a34f6b7a219a04bd27950f543ca		0	1		/eos/user/c/cglenn/FCCWork/whizard/whizard_ttbar_spinpol/production/full6f_365gev_ee_ttbar_spinpol_v1/phase11_diagnostics/excess_weight_rootcause_v1/unrestricted_stability_scan_480_v1/20260816T202848Z_unrestricted_A15xS8xF3_np1/adaptive/A01_S0/console.log	1
C_A01_S0_F0	fixed	A01_S0_F0	A01_S0	A01	F0	S0	1740114216	648318690	"2:125000:""gw"""	"3:200000:"""""	/eos/user/c/cglenn/FCCWork/whizard/whizard_ttbar_spinpol/production/full6f_365gev_ee_ttbar_spinpol_v1/phase11_diagnostics/excess_weight_rootcause_v1/unrestricted_stability_scan_480_v1/20260816T202848Z_unrestricted_A15xS8xF3_np1/fixed/A01_S0/F0	PASS	PASS	0	20733e0e17025d2c73f73a666c5b62f92c105ca98114231020130b77f5730d5d	6ac2c0ca6bfda1bf4a76478d4f82ad1ded917ee3921f102ce163da938eb3d9f8	c4447d7699656b701f862cb730123455a07d9a34f6b7a219a04bd27950f543ca	1	0	1	/eos/user/c/cglenn/FCCWork/whizard/whizard_ttbar_spinpol/production/full6f_365gev_ee_ttbar_spinpol_v1/phase11_diagnostics/excess_weight_rootcause_v1/unrestricted_stability_scan_480_v1/20260816T202848Z_unrestricted_A15xS8xF3_np1/fixed/A01_S0/F0/console.log	1
C_A01_S0_F1	fixed	A01_S0_F1	A01_S0	A01	F1	S0	1740114216	648318690	"2:125000:""gw"""	"1:600000:"""""	/eos/user/c/cglenn/FCCWork/whizard/whizard_ttbar_spinpol/production/full6f_365gev_ee_ttbar_spinpol_v1/phase11_diagnostics/excess_weight_rootcause_v1/unrestricted_stability_scan_480_v1/20260816T202848Z_unrestricted_A15xS8xF3_np1/fixed/A01_S0/F1	PASS	PASS	0	20733e0e17025d2c73f73a666c5b62f92c105ca98114231020130b77f5730d5d	11a20afeb370dfb397240918807d54fa3b7e494fe999c31e552b5d065c138078	c4447d7699656b701f862cb730123455a07d9a34f6b7a219a04bd27950f543ca	1	0	1	/eos/user/c/cglenn/FCCWork/whizard/whizard_ttbar_spinpol/production/full6f_365gev_ee_ttbar_spinpol_v1/phase11_diagnostics/excess_weight_rootcause_v1/unrestricted_stability_scan_480_v1/20260816T202848Z_unrestricted_A15xS8xF3_np1/fixed/A01_S0/F1/console.log	1
C_A01_S0_F2	fixed	A01_S0_F2	A01_S0	A01	F2	S0	1740114216	648318690	"2:125000:""gw"""	"1:2000000:"""""	/eos/user/c/cglenn/FCCWork/whizard/whizard_ttbar_spinpol/production/full6f_365gev_ee_ttbar_spinpol_v1/phase11_diagnostics/excess_weight_rootcause_v1/unrestricted_stability_scan_480_v1/20260816T202848Z_unrestricted_A15xS8xF3_np1/fixed/A01_S0/F2	PASS	PASS	0	20733e0e17025d2c73f73a666c5b62f92c105ca98114231020130b77f5730d5d	94cb7e2d680e22f3c94c1f844ee87f8c94ece4545da6266b667160cdffb4b61d	c4447d7699656b701f862cb730123455a07d9a34f6b7a219a04bd27950f543ca	1	0	1	/eos/user/c/cglenn/FCCWork/whizard/whizard_ttbar_spinpol/production/full6f_365gev_ee_ttbar_spinpol_v1/phase11_diagnostics/excess_weight_rootcause_v1/unrestricted_stability_scan_480_v1/20260816T202848Z_unrestricted_A15xS8xF3_np1/fixed/A01_S0/F2/console.log	1
P_A01_S1	adaptive	A01_S1		A01		S1	1751949026	1404282457	"2:125000:""gw"""		/eos/user/c/cglenn/FCCWork/whizard/whizard_ttbar_spinpol/production/full6f_365gev_ee_ttbar_spinpol_v1/phase11_diagnostics/excess_weight_rootcause_v1/unrestricted_stability_scan_480_v1/20260816T202848Z_unrestricted_A15xS8xF3_np1/adaptive/A01_S1	PASS	PASS	0	20733e0e17025d2c73f73a666c5b62f92c105ca98114231020130b77f5730d5d	8d4fc5986323e6f4314731650784bbbc4ded210f0176cd799e5931943d1e59ea		0	1		/eos/user/c/cglenn/FCCWork/whizard/whizard_ttbar_spinpol/production/full6f_365gev_ee_ttbar_spinpol_v1/phase11_diagnostics/excess_weight_rootcause_v1/unrestricted_stability_scan_480_v1/20260816T202848Z_unrestricted_A15xS8xF3_np1/adaptive/A01_S1/console.log	1
C_A01_S1_F0	fixed	A01_S1_F0	A01_S1	A01	F0	S1	1751949026	1404282457	"2:125000:""gw"""	"3:200000:"""""	/eos/user/c/cglenn/FCCWork/whizard/whizard_ttbar_spinpol/production/full6f_365gev_ee_ttbar_spinpol_v1/phase11_diagnostics/excess_weight_rootcause_v1/unrestricted_stability_scan_480_v1/20260816T202848Z_unrestricted_A15xS8xF3_np1/fixed/A01_S1/F0	PASS	PASS	0	20733e0e17025d2c73f73a666c5b62f92c105ca98114231020130b77f5730d5d	e0966fe718c46bf0cfe5995153cb8047aaf30ce0600b4ec4ad3fd6d5232b6a86	8d4fc5986323e6f4314731650784bbbc4ded210f0176cd799e5931943d1e59ea	1	0	1	/eos/user/c/cglenn/FCCWork/whizard/whizard_ttbar_spinpol/production/full6f_365gev_ee_ttbar_spinpol_v1/phase11_diagnostics/excess_weight_rootcause_v1/unrestricted_stability_scan_480_v1/20260816T202848Z_unrestricted_A15xS8xF3_np1/fixed/A01_S1/F0/console.log	1
C_A01_S1_F1	fixed	A01_S1_F1	A01_S1	A01	F1	S1	1751949026	1404282457	"2:125000:""gw"""	"1:600000:"""""	/eos/user/c/cglenn/FCCWork/whizard/whizard_ttbar_spinpol/production/full6f_365gev_ee_ttbar_spinpol_v1/phase11_diagnostics/excess_weight_rootcause_v1/unrestricted_stability_scan_480_v1/20260816T202848Z_unrestricted_A15xS8xF3_np1/fixed/A01_S1/F1	PASS	PASS	0	20733e0e17025d2c73f73a666c5b62f92c105ca98114231020130b77f5730d5d	7597b463c20820fa9acb3c141e24efb5c7a549694fbe7bd520ad8f3c4b4cd060	8d4fc5986323e6f4314731650784bbbc4ded210f0176cd799e5931943d1e59ea	1	0	1	/eos/user/c/cglenn/FCCWork/whizard/whizard_ttbar_spinpol/production/full6f_365gev_ee_ttbar_spinpol_v1/phase11_diagnostics/excess_weight_rootcause_v1/unrestricted_stability_scan_480_v1/20260816T202848Z_unrestricted_A15xS8xF3_np1/fixed/A01_S1/F1/console.log	1
C_A01_S1_F2	fixed	A01_S1_F2	A01_S1	A01	F2	S1	1751949026	1404282457	"2:125000:""gw"""	"1:2000000:"""""	/eos/user/c/cglenn/FCCWork/whizard/whizard_ttbar_spinpol/production/full6f_365gev_ee_ttbar_spinpol_v1/phase11_diagnostics/excess_weight_rootcause_v1/unrestricted_stability_scan_480_v1/20260816T202848Z_unrestricted_A15xS8xF3_np1/fixed/A01_S1/F2	PASS	PASS	0	20733e0e17025d2c73f73a666c5b62f92c105ca98114231020130b77f5730d5d	bddeb056fb106471dbb7fdbf9196d3e9ba048f09f4b6b81de28a33baa63de691	8d4fc5986323e6f4314731650784bbbc4ded210f0176cd799e5931943d1e59ea	1	0	1	/eos/user/c/cglenn/FCCWork/whizard/whizard_ttbar_spinpol/production/full6f_365gev_ee_ttbar_spinpol_v1/phase11_diagnostics/excess_weight_rootcause_v1/unrestricted_stability_scan_480_v1/20260816T202848Z_unrestricted_A15xS8xF3_np1/fixed/A01_S1/F2/console.log	1
P_A01_S2	adaptive	A01_S2		A01		S2	1885084773	1596606550	"2:125000:""gw"""		/eos/user/c/cglenn/FCCWork/whizard/whizard_ttbar_spinpol/production/full6f_365gev_ee_ttbar_spinpol_v1/phase11_diagnostics/excess_weight_rootcause_v1/unrestricted_stability_scan_480_v1/20260816T202848Z_unrestricted_A15xS8xF3_np1/adaptive/A01_S2	PASS	PASS	0	20733e0e17025d2c73f73a666c5b62f92c105ca98114231020130b77f5730d5d	788bb8095c564bc3651165139643e67e63829a922811e448526d2099bac20da6		0	1		/eos/user/c/cglenn/FCCWork/whizard/whizard_ttbar_spinpol/production/full6f_365gev_ee_ttbar_spinpol_v1/phase11_diagnostics/excess_weight_rootcause_v1/unrestricted_stability_scan_480_v1/20260816T202848Z_unrestricted_A15xS8xF3_np1/adaptive/A01_S2/console.log	1
C_A01_S2_F0	fixed	A01_S2_F0	A01_S2	A01	F0	S2	1885084773	1596606550	"2:125000:""gw"""	"3:200000:"""""	/eos/user/c/cglenn/FCCWork/whizard/whizard_ttbar_spinpol/production/full6f_365gev_ee_ttbar_spinpol_v1/phase11_diagnostics/excess_weight_rootcause_v1/unrestricted_stability_scan_480_v1/20260816T202848Z_unrestricted_A15xS8xF3_np1/fixed/A01_S2/F0	PASS	PASS	0	20733e0e17025d2c73f73a666c5b62f92c105ca98114231020130b77f5730d5d	ccf07c3e912fe5343235c3125333c3f968d67e76352deb35b609f957c0560869	788bb8095c564bc3651165139643e67e63829a922811e448526d2099bac20da6	1	0	1	/eos/user/c/cglenn/FCCWork/whizard/whizard_ttbar_spinpol/production/full6f_365gev_ee_ttbar_spinpol_v1/phase11_diagnostics/excess_weight_rootcause_v1/unrestricted_stability_scan_480_v1/20260816T202848Z_unrestricted_A15xS8xF3_np1/fixed/A01_S2/F0/console.log	1
C_A01_S2_F1	fixed	A01_S2_F1	A01_S2	A01	F1	S2	1885084773	1596606550	"2:125000:""gw"""	"1:600000:"""""	/eos/user/c/cglenn/FCCWork/whizard/whizard_ttbar_spinpol/production/full6f_365gev_ee_ttbar_spinpol_v1/phase11_diagnostics/excess_weight_rootcause_v1/unrestricted_stability_scan_480_v1/20260816T202848Z_unrestricted_A15xS8xF3_np1/fixed/A01_S2/F1	PASS	PASS	0	20733e0e17025d2c73f73a666c5b62f92c105ca98114231020130b77f5730d5d	7c97ee9f5fabef2f1147a24be57391eafe665744639981442dd7cbcd4a3eb33f	788bb8095c564bc3651165139643e67e63829a922811e448526d2099bac20da6	1	0	1	/eos/user/c/cglenn/FCCWork/whizard/whizard_ttbar_spinpol/production/full6f_365gev_ee_ttbar_spinpol_v1/phase11_diagnostics/excess_weight_rootcause_v1/unrestricted_stability_scan_480_v1/20260816T202848Z_unrestricted_A15xS8xF3_np1/fixed/A01_S2/F1/console.log	1
C_A01_S2_F2	fixed	A01_S2_F2	A01_S2	A01	F2	S2	1885084773	1596606550	"2:125000:""gw"""	"1:2000000:"""""	/eos/user/c/cglenn/FCCWork/whizard/whizard_ttbar_spinpol/production/full6f_365gev_ee_ttbar_spinpol_v1/phase11_diagnostics/excess_weight_rootcause_v1/unrestricted_stability_scan_480_v1/20260816T202848Z_unrestricted_A15xS8xF3_np1/fixed/A01_S2/F2	PASS	PASS	0	20733e0e17025d2c73f73a666c5b62f92c105ca98114231020130b77f5730d5d	69145da363e419cfe380d3386790dc30f6e5cd0bc901308988e5ff320d5ddbaf	788bb8095c564bc3651165139643e67e63829a922811e448526d2099bac20da6	1	0	1	/eos/user/c/cglenn/FCCWork/whizard/whizard_ttbar_spinpol/production/full6f_365gev_ee_ttbar_spinpol_v1/phase11_diagnostics/excess_weight_rootcause_v1/unrestricted_stability_scan_480_v1/20260816T202848Z_unrestricted_A15xS8xF3_np1/fixed/A01_S2/F2/console.log	1
P_A01_S3	adaptive	A01_S3		A01		S3	134326786	769890491	"2:125000:""gw"""		/eos/user/c/cglenn/FCCWork/whizard/whizard_ttbar_spinpol/production/full6f_365gev_ee_ttbar_spinpol_v1/phase11_diagnostics/excess_weight_rootcause_v1/unrestricted_stability_scan_480_v1/20260816T202848Z_unrestricted_A15xS8xF3_np1/adaptive/A01_S3	PASS	PASS	0	20733e0e17025d2c73f73a666c5b62f92c105ca98114231020130b77f5730d5d	94672287fa5007c2427f728a086257600a68e2e4ceb833d123cba4e68640f405		0	1		/eos/user/c/cglenn/FCCWork/whizard/whizard_ttbar_spinpol/production/full6f_365gev_ee_ttbar_spinpol_v1/phase11_diagnostics/excess_weight_rootcause_v1/unrestricted_stability_scan_480_v1/20260816T202848Z_unrestricted_A15xS8xF3_np1/adaptive/A01_S3/console.log	1
C_A01_S3_F0	fixed	A01_S3_F0	A01_S3	A01	F0	S3	134326786	769890491	"2:125000:""gw"""	"3:200000:"""""	/eos/user/c/cglenn/FCCWork/whizard/whizard_ttbar_spinpol/production/full6f_365gev_ee_ttbar_spinpol_v1/phase11_diagnostics/excess_weight_rootcause_v1/unrestricted_stability_scan_480_v1/20260816T202848Z_unrestricted_A15xS8xF3_np1/fixed/A01_S3/F0	PASS	PASS	0	20733e0e17025d2c73f73a666c5b62f92c105ca98114231020130b77f5730d5d	a8a72e4bb2136b7fd7e9410b471ce4cc5ddc9a70f8daf1cab3a7ffaf69a8db0c	94672287fa5007c2427f728a086257600a68e2e4ceb833d123cba4e68640f405	1	0	1	/eos/user/c/cglenn/FCCWork/whizard/whizard_ttbar_spinpol/production/full6f_365gev_ee_ttbar_spinpol_v1/phase11_diagnostics/excess_weight_rootcause_v1/unrestricted_stability_scan_480_v1/20260816T202848Z_unrestricted_A15xS8xF3_np1/fixed/A01_S3/F0/console.log	1
C_A01_S3_F1	fixed	A01_S3_F1	A01_S3	A01	F1	S3	134326786	769890491	"2:125000:""gw"""	"1:600000:"""""	/eos/user/c/cglenn/FCCWork/whizard/whizard_ttbar_spinpol/production/full6f_365gev_ee_ttbar_spinpol_v1/phase11_diagnostics/excess_weight_rootcause_v1/unrestricted_stability_scan_480_v1/20260816T202848Z_unrestricted_A15xS8xF3_np1/fixed/A01_S3/F1	PASS	PASS	0	20733e0e17025d2c73f73a666c5b62f92c105ca98114231020130b77f5730d5d	24edc42dd708bfe6a7a5a1eb08ec0cf188ec22bb3766c015ac608aff78310bca	94672287fa5007c2427f728a086257600a68e2e4ceb833d123cba4e68640f405	1	0	1	/eos/user/c/cglenn/FCCWork/whizard/whizard_ttbar_spinpol/production/full6f_365gev_ee_ttbar_spinpol_v1/phase11_diagnostics/excess_weight_rootcause_v1/unrestricted_stability_scan_480_v1/20260816T202848Z_unrestricted_A15xS8xF3_np1/fixed/A01_S3/F1/console.log	1
C_A01_S3_F2	fixed	A01_S3_F2	A01_S3	A01	F2	S3	134326786	769890491	"2:125000:""gw"""	"1:2000000:"""""	/eos/user/c/cglenn/FCCWork/whizard/whizard_ttbar_spinpol/production/full6f_365gev_ee_ttbar_spinpol_v1/phase11_diagnostics/excess_weight_rootcause_v1/unrestricted_stability_scan_480_v1/20260816T202848Z_unrestricted_A15xS8xF3_np1/fixed/A01_S3/F2	PASS	PASS	0	20733e0e17025d2c73f73a666c5b62f92c105ca98114231020130b77f5730d5d	d6a6065bb1c5b7b32d4ca0d08dc94bf53a5f499e3968227dc0b21a97f70c0f8c	94672287fa5007c2427f728a086257600a68e2e4ceb833d123cba4e68640f405	1	0	1	/eos/user/c/cglenn/FCCWork/whizard/whizard_ttbar_spinpol/production/full6f_365gev_ee_ttbar_spinpol_v1/phase11_diagnostics/excess_weight_rootcause_v1/unrestricted_stability_scan_480_v1/20260816T202848Z_unrestricted_A15xS8xF3_np1/fixed/A01_S3/F2/console.log	1
P_A01_S4	adaptive	A01_S4		A01		S4	249371675	462903030	"2:125000:""gw"""		/eos/user/c/cglenn/FCCWork/whizard/whizard_ttbar_spinpol/production/full6f_365gev_ee_ttbar_spinpol_v1/phase11_diagnostics/excess_weight_rootcause_v1/unrestricted_stability_scan_480_v1/20260816T202848Z_unrestricted_A15xS8xF3_np1/adaptive/A01_S4	PASS	PASS	0	20733e0e17025d2c73f73a666c5b62f92c105ca98114231020130b77f5730d5d	e268f02739009490c7ac32529e19db7ae06cd5623333ca7afbe6a2bb4a4e550f		0	1		/eos/user/c/cglenn/FCCWork/whizard/whizard_ttbar_spinpol/production/full6f_365gev_ee_ttbar_spinpol_v1/phase11_diagnostics/excess_weight_rootcause_v1/unrestricted_stability_scan_480_v1/20260816T202848Z_unrestricted_A15xS8xF3_np1/adaptive/A01_S4/console.log	1
C_A01_S4_F0	fixed	A01_S4_F0	A01_S4	A01	F0	S4	249371675	462903030	"2:125000:""gw"""	"3:200000:"""""	/eos/user/c/cglenn/FCCWork/whizard/whizard_ttbar_spinpol/production/full6f_365gev_ee_ttbar_spinpol_v1/phase11_diagnostics/excess_weight_rootcause_v1/unrestricted_stability_scan_480_v1/20260816T202848Z_unrestricted_A15xS8xF3_np1/fixed/A01_S4/F0	PASS	PASS	0	20733e0e17025d2c73f73a666c5b62f92c105ca98114231020130b77f5730d5d	1ac4829b4e1c482b7a7a2527579bde98950f9f094b1eee940ea80ad9ef885659	e268f02739009490c7ac32529e19db7ae06cd5623333ca7afbe6a2bb4a4e550f	1	0	1	/eos/user/c/cglenn/FCCWork/whizard/whizard_ttbar_spinpol/production/full6f_365gev_ee_ttbar_spinpol_v1/phase11_diagnostics/excess_weight_rootcause_v1/unrestricted_stability_scan_480_v1/20260816T202848Z_unrestricted_A15xS8xF3_np1/fixed/A01_S4/F0/console.log	1
C_A01_S4_F1	fixed	A01_S4_F1	A01_S4	A01	F1	S4	249371675	462903030	"2:125000:""gw"""	"1:600000:"""""	/eos/user/c/cglenn/FCCWork/whizard/whizard_ttbar_spinpol/production/full6f_365gev_ee_ttbar_spinpol_v1/phase11_diagnostics/excess_weight_rootcause_v1/unrestricted_stability_scan_480_v1/20260816T202848Z_unrestricted_A15xS8xF3_np1/fixed/A01_S4/F1	PASS	PASS	0	20733e0e17025d2c73f73a666c5b62f92c105ca98114231020130b77f5730d5d	9dd631c4817d3bdfb926a286903563b0abc801ef36753bbdc729d792bdac171c	e268f02739009490c7ac32529e19db7ae06cd5623333ca7afbe6a2bb4a4e550f	1	0	1	/eos/user/c/cglenn/FCCWork/whizard/whizard_ttbar_spinpol/production/full6f_365gev_ee_ttbar_spinpol_v1/phase11_diagnostics/excess_weight_rootcause_v1/unrestricted_stability_scan_480_v1/20260816T202848Z_unrestricted_A15xS8xF3_np1/fixed/A01_S4/F1/console.log	1
C_A01_S4_F2	fixed	A01_S4_F2	A01_S4	A01	F2	S4	249371675	462903030	"2:125000:""gw"""	"1:2000000:"""""	/eos/user/c/cglenn/FCCWork/whizard/whizard_ttbar_spinpol/production/full6f_365gev_ee_ttbar_spinpol_v1/phase11_diagnostics/excess_weight_rootcause_v1/unrestricted_stability_scan_480_v1/20260816T202848Z_unrestricted_A15xS8xF3_np1/fixed/A01_S4/F2	PASS	PASS	0	20733e0e17025d2c73f73a666c5b62f92c105ca98114231020130b77f5730d5d	6f0bc82ae1b49e66f0b9d4b65864b5c604184bf59ca308ace357958355f24a27	e268f02739009490c7ac32529e19db7ae06cd5623333ca7afbe6a2bb4a4e550f	1	0	1	/eos/user/c/cglenn/FCCWork/whizard/whizard_ttbar_spinpol/production/full6f_365gev_ee_ttbar_spinpol_v1/phase11_diagnostics/excess_weight_rootcause_v1/unrestricted_stability_scan_480_v1/20260816T202848Z_unrestricted_A15xS8xF3_np1/fixed/A01_S4/F2/console.log	1
P_A01_S5	adaptive	A01_S5		A01		S5	531087687	197846737	"2:125000:""gw"""		/eos/user/c/cglenn/FCCWork/whizard/whizard_ttbar_spinpol/production/full6f_365gev_ee_ttbar_spinpol_v1/phase11_diagnostics/excess_weight_rootcause_v1/unrestricted_stability_scan_480_v1/20260816T202848Z_unrestricted_A15xS8xF3_np1/adaptive/A01_S5	PASS	PASS	0	20733e0e17025d2c73f73a666c5b62f92c105ca98114231020130b77f5730d5d	2ea2d31004f49fbfa1560d22e1157b2d68fd20bc8b7bd2009cdf82b771a23cb8		0	1		/eos/user/c/cglenn/FCCWork/whizard/whizard_ttbar_spinpol/production/full6f_365gev_ee_ttbar_spinpol_v1/phase11_diagnostics/excess_weight_rootcause_v1/unrestricted_stability_scan_480_v1/20260816T202848Z_unrestricted_A15xS8xF3_np1/adaptive/A01_S5/console.log	1
C_A01_S5_F0	fixed	A01_S5_F0	A01_S5	A01	F0	S5	531087687	197846737	"2:125000:""gw"""	"3:200000:"""""	/eos/user/c/cglenn/FCCWork/whizard/whizard_ttbar_spinpol/production/full6f_365gev_ee_ttbar_spinpol_v1/phase11_diagnostics/excess_weight_rootcause_v1/unrestricted_stability_scan_480_v1/20260816T202848Z_unrestricted_A15xS8xF3_np1/fixed/A01_S5/F0	PASS	PASS	0	20733e0e17025d2c73f73a666c5b62f92c105ca98114231020130b77f5730d5d	4befb690ae3557ebef60410db624efb938d9d38232c40196792acfcc26af8180	2ea2d31004f49fbfa1560d22e1157b2d68fd20bc8b7bd2009cdf82b771a23cb8	1	0	1	/eos/user/c/cglenn/FCCWork/whizard/whizard_ttbar_spinpol/production/full6f_365gev_ee_ttbar_spinpol_v1/phase11_diagnostics/excess_weight_rootcause_v1/unrestricted_stability_scan_480_v1/20260816T202848Z_unrestricted_A15xS8xF3_np1/fixed/A01_S5/F0/console.log	1
C_A01_S5_F1	fixed	A01_S5_F1	A01_S5	A01	F1	S5	531087687	197846737	"2:125000:""gw"""	"1:600000:"""""	/eos/user/c/cglenn/FCCWork/whizard/whizard_ttbar_spinpol/production/full6f_365gev_ee_ttbar_spinpol_v1/phase11_diagnostics/excess_weight_rootcause_v1/unrestricted_stability_scan_480_v1/20260816T202848Z_unrestricted_A15xS8xF3_np1/fixed/A01_S5/F1	PASS	PASS	0	20733e0e17025d2c73f73a666c5b62f92c105ca98114231020130b77f5730d5d	9ce814de45f2faa28e50fda130c0a988a3c624a894c4f83d8473de19ecb35e5d	2ea2d31004f49fbfa1560d22e1157b2d68fd20bc8b7bd2009cdf82b771a23cb8	1	0	1	/eos/user/c/cglenn/FCCWork/whizard/whizard_ttbar_spinpol/production/full6f_365gev_ee_ttbar_spinpol_v1/phase11_diagnostics/excess_weight_rootcause_v1/unrestricted_stability_scan_480_v1/20260816T202848Z_unrestricted_A15xS8xF3_np1/fixed/A01_S5/F1/console.log	1
C_A01_S5_F2	fixed	A01_S5_F2	A01_S5	A01	F2	S5	531087687	197846737	"2:125000:""gw"""	"1:2000000:"""""	/eos/user/c/cglenn/FCCWork/whizard/whizard_ttbar_spinpol/production/full6f_365gev_ee_ttbar_spinpol_v1/phase11_diagnostics/excess_weight_rootcause_v1/unrestricted_stability_scan_480_v1/20260816T202848Z_unrestricted_A15xS8xF3_np1/fixed/A01_S5/F2	PASS	PASS	0	20733e0e17025d2c73f73a666c5b62f92c105ca98114231020130b77f5730d5d	eb53c7e79ffd11fb9e6a9f1a71fe7502b2d59760461a55b2f44e6886a226f40f	2ea2d31004f49fbfa1560d22e1157b2d68fd20bc8b7bd2009cdf82b771a23cb8	1	0	1	/eos/user/c/cglenn/FCCWork/whizard/whizard_ttbar_spinpol/production/full6f_365gev_ee_ttbar_spinpol_v1/phase11_diagnostics/excess_weight_rootcause_v1/unrestricted_stability_scan_480_v1/20260816T202848Z_unrestricted_A15xS8xF3_np1/fixed/A01_S5/F2/console.log	1
P_A01_S6	adaptive	A01_S6		A01		S6	519963689	958460417	"2:125000:""gw"""		/eos/user/c/cglenn/FCCWork/whizard/whizard_ttbar_spinpol/production/full6f_365gev_ee_ttbar_spinpol_v1/phase11_diagnostics/excess_weight_rootcause_v1/unrestricted_stability_scan_480_v1/20260816T202848Z_unrestricted_A15xS8xF3_np1/adaptive/A01_S6	PASS	PASS	0	20733e0e17025d2c73f73a666c5b62f92c105ca98114231020130b77f5730d5d	cac379df97efadebf18fef825cb25ff4fe1f9abe739a507b285f7e610eeeeaa2		0	1		/eos/user/c/cglenn/FCCWork/whizard/whizard_ttbar_spinpol/production/full6f_365gev_ee_ttbar_spinpol_v1/phase11_diagnostics/excess_weight_rootcause_v1/unrestricted_stability_scan_480_v1/20260816T202848Z_unrestricted_A15xS8xF3_np1/adaptive/A01_S6/console.log	1
C_A01_S6_F0	fixed	A01_S6_F0	A01_S6	A01	F0	S6	519963689	958460417	"2:125000:""gw"""	"3:200000:"""""	/eos/user/c/cglenn/FCCWork/whizard/whizard_ttbar_spinpol/production/full6f_365gev_ee_ttbar_spinpol_v1/phase11_diagnostics/excess_weight_rootcause_v1/unrestricted_stability_scan_480_v1/20260816T202848Z_unrestricted_A15xS8xF3_np1/fixed/A01_S6/F0	PASS	PASS	0	20733e0e17025d2c73f73a666c5b62f92c105ca98114231020130b77f5730d5d	33f33476dfc076d82969e4ee86ca6f170c7f44a5d5dc2a9d8d06a5b813014a58	cac379df97efadebf18fef825cb25ff4fe1f9abe739a507b285f7e610eeeeaa2	1	0	1	/eos/user/c/cglenn/FCCWork/whizard/whizard_ttbar_spinpol/production/full6f_365gev_ee_ttbar_spinpol_v1/phase11_diagnostics/excess_weight_rootcause_v1/unrestricted_stability_scan_480_v1/20260816T202848Z_unrestricted_A15xS8xF3_np1/fixed/A01_S6/F0/console.log	1
C_A01_S6_F1	fixed	A01_S6_F1	A01_S6	A01	F1	S6	519963689	958460417	"2:125000:""gw"""	"1:600000:"""""	/eos/user/c/cglenn/FCCWork/whizard/whizard_ttbar_spinpol/production/full6f_365gev_ee_ttbar_spinpol_v1/phase11_diagnostics/excess_weight_rootcause_v1/unrestricted_stability_scan_480_v1/20260816T202848Z_unrestricted_A15xS8xF3_np1/fixed/A01_S6/F1	PASS	PASS	0	20733e0e17025d2c73f73a666c5b62f92c105ca98114231020130b77f5730d5d	66884a7b99c985aaa78b9a469318ecf3601483a11dc86b4eccdbdb4d3acbbc0e	cac379df97efadebf18fef825cb25ff4fe1f9abe739a507b285f7e610eeeeaa2	1	0	1	/eos/user/c/cglenn/FCCWork/whizard/whizard_ttbar_spinpol/production/full6f_365gev_ee_ttbar_spinpol_v1/phase11_diagnostics/excess_weight_rootcause_v1/unrestricted_stability_scan_480_v1/20260816T202848Z_unrestricted_A15xS8xF3_np1/fixed/A01_S6/F1/console.log	1
C_A01_S6_F2	fixed	A01_S6_F2	A01_S6	A01	F2	S6	519963689	958460417	"2:125000:""gw"""	"1:2000000:"""""	/eos/user/c/cglenn/FCCWork/whizard/whizard_ttbar_spinpol/production/full6f_365gev_ee_ttbar_spinpol_v1/phase11_diagnostics/excess_weight_rootcause_v1/unrestricted_stability_scan_480_v1/20260816T202848Z_unrestricted_A15xS8xF3_np1/fixed/A01_S6/F2	PASS	PASS	0	20733e0e17025d2c73f73a666c5b62f92c105ca98114231020130b77f5730d5d	6cba9f3f395cc1ea4336baded72edc1c23a0cbb876c9030f9dcc08fe552293e9	cac379df97efadebf18fef825cb25ff4fe1f9abe739a507b285f7e610eeeeaa2	1	0	1	/eos/user/c/cglenn/FCCWork/whizard/whizard_ttbar_spinpol/production/full6f_365gev_ee_ttbar_spinpol_v1/phase11_diagnostics/excess_weight_rootcause_v1/unrestricted_stability_scan_480_v1/20260816T202848Z_unrestricted_A15xS8xF3_np1/fixed/A01_S6/F2/console.log	1
P_A01_S7	adaptive	A01_S7		A01		S7	1552803368	239117595	"2:125000:""gw"""		/eos/user/c/cglenn/FCCWork/whizard/whizard_ttbar_spinpol/production/full6f_365gev_ee_ttbar_spinpol_v1/phase11_diagnostics/excess_weight_rootcause_v1/unrestricted_stability_scan_480_v1/20260816T202848Z_unrestricted_A15xS8xF3_np1/adaptive/A01_S7	PASS	PASS	0	20733e0e17025d2c73f73a666c5b62f92c105ca98114231020130b77f5730d5d	0e2028b3b98f0fd06c8bd6bfca19e2deac621d4171b52e82b1ab65bf38ffb4c9		0	1		/eos/user/c/cglenn/FCCWork/whizard/whizard_ttbar_spinpol/production/full6f_365gev_ee_ttbar_spinpol_v1/phase11_diagnostics/excess_weight_rootcause_v1/unrestricted_stability_scan_480_v1/20260816T202848Z_unrestricted_A15xS8xF3_np1/adaptive/A01_S7/console.log	1
C_A01_S7_F0	fixed	A01_S7_F0	A01_S7	A01	F0	S7	1552803368	239117595	"2:125000:""gw"""	"3:200000:"""""	/eos/user/c/cglenn/FCCWork/whizard/whizard_ttbar_spinpol/production/full6f_365gev_ee_ttbar_spinpol_v1/phase11_diagnostics/excess_weight_rootcause_v1/unrestricted_stability_scan_480_v1/20260816T202848Z_unrestricted_A15xS8xF3_np1/fixed/A01_S7/F0	PASS	PASS	0	20733e0e17025d2c73f73a666c5b62f92c105ca98114231020130b77f5730d5d	095b7e8a80289d293187b705171d263490afde50ffec791c72e864169f112f6f	0e2028b3b98f0fd06c8bd6bfca19e2deac621d4171b52e82b1ab65bf38ffb4c9	1	0	1	/eos/user/c/cglenn/FCCWork/whizard/whizard_ttbar_spinpol/production/full6f_365gev_ee_ttbar_spinpol_v1/phase11_diagnostics/excess_weight_rootcause_v1/unrestricted_stability_scan_480_v1/20260816T202848Z_unrestricted_A15xS8xF3_np1/fixed/A01_S7/F0/console.log	1
C_A01_S7_F1	fixed	A01_S7_F1	A01_S7	A01	F1	S7	1552803368	239117595	"2:125000:""gw"""	"1:600000:"""""	/eos/user/c/cglenn/FCCWork/whizard/whizard_ttbar_spinpol/production/full6f_365gev_ee_ttbar_spinpol_v1/phase11_diagnostics/excess_weight_rootcause_v1/unrestricted_stability_scan_480_v1/20260816T202848Z_unrestricted_A15xS8xF3_np1/fixed/A01_S7/F1	PASS	PASS	0	20733e0e17025d2c73f73a666c5b62f92c105ca98114231020130b77f5730d5d	d0b15b536a96041bcb5bcf177eee0ba6e506105ec350e8cc247db9c6fa054256	0e2028b3b98f0fd06c8bd6bfca19e2deac621d4171b52e82b1ab65bf38ffb4c9	1	0	1	/eos/user/c/cglenn/FCCWork/whizard/whizard_ttbar_spinpol/production/full6f_365gev_ee_ttbar_spinpol_v1/phase11_diagnostics/excess_weight_rootcause_v1/unrestricted_stability_scan_480_v1/20260816T202848Z_unrestricted_A15xS8xF3_np1/fixed/A01_S7/F1/console.log	1
C_A01_S7_F2	fixed	A01_S7_F2	A01_S7	A01	F2	S7	1552803368	239117595	"2:125000:""gw"""	"1:2000000:"""""	/eos/user/c/cglenn/FCCWork/whizard/whizard_ttbar_spinpol/production/full6f_365gev_ee_ttbar_spinpol_v1/phase11_diagnostics/excess_weight_rootcause_v1/unrestricted_stability_scan_480_v1/20260816T202848Z_unrestricted_A15xS8xF3_np1/fixed/A01_S7/F2	PASS	PASS	0	20733e0e17025d2c73f73a666c5b62f92c105ca98114231020130b77f5730d5d	71f635f2fd19cf207c57ddf1c0bc7f57b25abbb946ad1c965a098822af55f6e5	0e2028b3b98f0fd06c8bd6bfca19e2deac621d4171b52e82b1ab65bf38ffb4c9	1	0	1	/eos/user/c/cglenn/FCCWork/whizard/whizard_ttbar_spinpol/production/full6f_365gev_ee_ttbar_spinpol_v1/phase11_diagnostics/excess_weight_rootcause_v1/unrestricted_stability_scan_480_v1/20260816T202848Z_unrestricted_A15xS8xF3_np1/fixed/A01_S7/F2/console.log	1
P_A02_S0	adaptive	A02_S0		A02		S0	1740114216	648318690	"1:250000:""gw"""		/eos/user/c/cglenn/FCCWork/whizard/whizard_ttbar_spinpol/production/full6f_365gev_ee_ttbar_spinpol_v1/phase11_diagnostics/excess_weight_rootcause_v1/unrestricted_stability_scan_480_v1/20260816T202848Z_unrestricted_A15xS8xF3_np1/adaptive/A02_S0	PASS	PASS	0	20733e0e17025d2c73f73a666c5b62f92c105ca98114231020130b77f5730d5d	4ccd3fdac5e22bc01ad74e5aeae8f6c6fd447321d834ce35db98c78c0ba24683		0	1		/eos/user/c/cglenn/FCCWork/whizard/whizard_ttbar_spinpol/production/full6f_365gev_ee_ttbar_spinpol_v1/phase11_diagnostics/excess_weight_rootcause_v1/unrestricted_stability_scan_480_v1/20260816T202848Z_unrestricted_A15xS8xF3_np1/adaptive/A02_S0/console.log	1
C_A02_S0_F0	fixed	A02_S0_F0	A02_S0	A02	F0	S0	1740114216	648318690	"1:250000:""gw"""	"3:200000:"""""	/eos/user/c/cglenn/FCCWork/whizard/whizard_ttbar_spinpol/production/full6f_365gev_ee_ttbar_spinpol_v1/phase11_diagnostics/excess_weight_rootcause_v1/unrestricted_stability_scan_480_v1/20260816T202848Z_unrestricted_A15xS8xF3_np1/fixed/A02_S0/F0	PASS	PASS	0	20733e0e17025d2c73f73a666c5b62f92c105ca98114231020130b77f5730d5d	43c556de04dac0254fa29402ce4daeb6ad45b4044b37f69c8ecbb1137713d061	4ccd3fdac5e22bc01ad74e5aeae8f6c6fd447321d834ce35db98c78c0ba24683	1	0	1	/eos/user/c/cglenn/FCCWork/whizard/whizard_ttbar_spinpol/production/full6f_365gev_ee_ttbar_spinpol_v1/phase11_diagnostics/excess_weight_rootcause_v1/unrestricted_stability_scan_480_v1/20260816T202848Z_unrestricted_A15xS8xF3_np1/fixed/A02_S0/F0/console.log	1
C_A02_S0_F1	fixed	A02_S0_F1	A02_S0	A02	F1	S0	1740114216	648318690	"1:250000:""gw"""	"1:600000:"""""	/eos/user/c/cglenn/FCCWork/whizard/whizard_ttbar_spinpol/production/full6f_365gev_ee_ttbar_spinpol_v1/phase11_diagnostics/excess_weight_rootcause_v1/unrestricted_stability_scan_480_v1/20260816T202848Z_unrestricted_A15xS8xF3_np1/fixed/A02_S0/F1	PASS	PASS	0	20733e0e17025d2c73f73a666c5b62f92c105ca98114231020130b77f5730d5d	cd5eb34b6685fbcfabeb8701a423fe1fefd95d5f8d44780719d5e57bbd809054	4ccd3fdac5e22bc01ad74e5aeae8f6c6fd447321d834ce35db98c78c0ba24683	1	0	1	/eos/user/c/cglenn/FCCWork/whizard/whizard_ttbar_spinpol/production/full6f_365gev_ee_ttbar_spinpol_v1/phase11_diagnostics/excess_weight_rootcause_v1/unrestricted_stability_scan_480_v1/20260816T202848Z_unrestricted_A15xS8xF3_np1/fixed/A02_S0/F1/console.log	1
C_A02_S0_F2	fixed	A02_S0_F2	A02_S0	A02	F2	S0	1740114216	648318690	"1:250000:""gw"""	"1:2000000:"""""	/eos/user/c/cglenn/FCCWork/whizard/whizard_ttbar_spinpol/production/full6f_365gev_ee_ttbar_spinpol_v1/phase11_diagnostics/excess_weight_rootcause_v1/unrestricted_stability_scan_480_v1/20260816T202848Z_unrestricted_A15xS8xF3_np1/fixed/A02_S0/F2	PASS	PASS	0	20733e0e17025d2c73f73a666c5b62f92c105ca98114231020130b77f5730d5d	ed43b47f9122480b11bf915ce112351ac8a779612e48be2d9e7b657bafbd4dd3	4ccd3fdac5e22bc01ad74e5aeae8f6c6fd447321d834ce35db98c78c0ba24683	1	0	1	/eos/user/c/cglenn/FCCWork/whizard/whizard_ttbar_spinpol/production/full6f_365gev_ee_ttbar_spinpol_v1/phase11_diagnostics/excess_weight_rootcause_v1/unrestricted_stability_scan_480_v1/20260816T202848Z_unrestricted_A15xS8xF3_np1/fixed/A02_S0/F2/console.log	1
P_A02_S1	adaptive	A02_S1		A02		S1	1751949026	1404282457	"1:250000:""gw"""		/eos/user/c/cglenn/FCCWork/whizard/whizard_ttbar_spinpol/production/full6f_365gev_ee_ttbar_spinpol_v1/phase11_diagnostics/excess_weight_rootcause_v1/unrestricted_stability_scan_480_v1/20260816T202848Z_unrestricted_A15xS8xF3_np1/adaptive/A02_S1	PASS	PASS	0	20733e0e17025d2c73f73a666c5b62f92c105ca98114231020130b77f5730d5d	6a27c1fe9127be3f4440b1ee928ab5bde0a226e32b0cef0bdf07652229332dab		0	1		/eos/user/c/cglenn/FCCWork/whizard/whizard_ttbar_spinpol/production/full6f_365gev_ee_ttbar_spinpol_v1/phase11_diagnostics/excess_weight_rootcause_v1/unrestricted_stability_scan_480_v1/20260816T202848Z_unrestricted_A15xS8xF3_np1/adaptive/A02_S1/console.log	1
C_A02_S1_F0	fixed	A02_S1_F0	A02_S1	A02	F0	S1	1751949026	1404282457	"1:250000:""gw"""	"3:200000:"""""	/eos/user/c/cglenn/FCCWork/whizard/whizard_ttbar_spinpol/production/full6f_365gev_ee_ttbar_spinpol_v1/phase11_diagnostics/excess_weight_rootcause_v1/unrestricted_stability_scan_480_v1/20260816T202848Z_unrestricted_A15xS8xF3_np1/fixed/A02_S1/F0	PASS	PASS	0	20733e0e17025d2c73f73a666c5b62f92c105ca98114231020130b77f5730d5d	bac137cb9f1e595167e71841b0ccca2b36bedea0224fe0a5663e82d238f72e69	6a27c1fe9127be3f4440b1ee928ab5bde0a226e32b0cef0bdf07652229332dab	1	0	1	/eos/user/c/cglenn/FCCWork/whizard/whizard_ttbar_spinpol/production/full6f_365gev_ee_ttbar_spinpol_v1/phase11_diagnostics/excess_weight_rootcause_v1/unrestricted_stability_scan_480_v1/20260816T202848Z_unrestricted_A15xS8xF3_np1/fixed/A02_S1/F0/console.log	1
C_A02_S1_F1	fixed	A02_S1_F1	A02_S1	A02	F1	S1	1751949026	1404282457	"1:250000:""gw"""	"1:600000:"""""	/eos/user/c/cglenn/FCCWork/whizard/whizard_ttbar_spinpol/production/full6f_365gev_ee_ttbar_spinpol_v1/phase11_diagnostics/excess_weight_rootcause_v1/unrestricted_stability_scan_480_v1/20260816T202848Z_unrestricted_A15xS8xF3_np1/fixed/A02_S1/F1	PASS	PASS	0	20733e0e17025d2c73f73a666c5b62f92c105ca98114231020130b77f5730d5d	9f4648376d88ba7d174d676a0686b936744f75afb02ee651d787b853fcfa3daf	6a27c1fe9127be3f4440b1ee928ab5bde0a226e32b0cef0bdf07652229332dab	1	0	1	/eos/user/c/cglenn/FCCWork/whizard/whizard_ttbar_spinpol/production/full6f_365gev_ee_ttbar_spinpol_v1/phase11_diagnostics/excess_weight_rootcause_v1/unrestricted_stability_scan_480_v1/20260816T202848Z_unrestricted_A15xS8xF3_np1/fixed/A02_S1/F1/console.log	1
C_A02_S1_F2	fixed	A02_S1_F2	A02_S1	A02	F2	S1	1751949026	1404282457	"1:250000:""gw"""	"1:2000000:"""""	/eos/user/c/cglenn/FCCWork/whizard/whizard_ttbar_spinpol/production/full6f_365gev_ee_ttbar_spinpol_v1/phase11_diagnostics/excess_weight_rootcause_v1/unrestricted_stability_scan_480_v1/20260816T202848Z_unrestricted_A15xS8xF3_np1/fixed/A02_S1/F2	PASS	PASS	0	20733e0e17025d2c73f73a666c5b62f92c105ca98114231020130b77f5730d5d	55ebd1ff489f21eee56d247b9f69047acd56fbeaab396e3a59c84be1ce9549a7	6a27c1fe9127be3f4440b1ee928ab5bde0a226e32b0cef0bdf07652229332dab	1	0	1	/eos/user/c/cglenn/FCCWork/whizard/whizard_ttbar_spinpol/production/full6f_365gev_ee_ttbar_spinpol_v1/phase11_diagnostics/excess_weight_rootcause_v1/unrestricted_stability_scan_480_v1/20260816T202848Z_unrestricted_A15xS8xF3_np1/fixed/A02_S1/F2/console.log	1
P_A02_S2	adaptive	A02_S2		A02		S2	1885084773	1596606550	"1:250000:""gw"""		/eos/user/c/cglenn/FCCWork/whizard/whizard_ttbar_spinpol/production/full6f_365gev_ee_ttbar_spinpol_v1/phase11_diagnostics/excess_weight_rootcause_v1/unrestricted_stability_scan_480_v1/20260816T202848Z_unrestricted_A15xS8xF3_np1/adaptive/A02_S2	PASS	PASS	0	20733e0e17025d2c73f73a666c5b62f92c105ca98114231020130b77f5730d5d	3aedabc96730c24770851529fdacda4bba5ea18f1cb223a76282c58f7252f267		0	1		/eos/user/c/cglenn/FCCWork/whizard/whizard_ttbar_spinpol/production/full6f_365gev_ee_ttbar_spinpol_v1/phase11_diagnostics/excess_weight_rootcause_v1/unrestricted_stability_scan_480_v1/20260816T202848Z_unrestricted_A15xS8xF3_np1/adaptive/A02_S2/console.log	1
C_A02_S2_F0	fixed	A02_S2_F0	A02_S2	A02	F0	S2	1885084773	1596606550	"1:250000:""gw"""	"3:200000:"""""	/eos/user/c/cglenn/FCCWork/whizard/whizard_ttbar_spinpol/production/full6f_365gev_ee_ttbar_spinpol_v1/phase11_diagnostics/excess_weight_rootcause_v1/unrestricted_stability_scan_480_v1/20260816T202848Z_unrestricted_A15xS8xF3_np1/fixed/A02_S2/F0	PASS	PASS	0	20733e0e17025d2c73f73a666c5b62f92c105ca98114231020130b77f5730d5d	5d289f38a70f8180caa03bafc70a93d8539bc968fc1a9e4b7004678bdea44299	3aedabc96730c24770851529fdacda4bba5ea18f1cb223a76282c58f7252f267	1	0	1	/eos/user/c/cglenn/FCCWork/whizard/whizard_ttbar_spinpol/production/full6f_365gev_ee_ttbar_spinpol_v1/phase11_diagnostics/excess_weight_rootcause_v1/unrestricted_stability_scan_480_v1/20260816T202848Z_unrestricted_A15xS8xF3_np1/fixed/A02_S2/F0/console.log	1
C_A02_S2_F1	fixed	A02_S2_F1	A02_S2	A02	F1	S2	1885084773	1596606550	"1:250000:""gw"""	"1:600000:"""""	/eos/user/c/cglenn/FCCWork/whizard/whizard_ttbar_spinpol/production/full6f_365gev_ee_ttbar_spinpol_v1/phase11_diagnostics/excess_weight_rootcause_v1/unrestricted_stability_scan_480_v1/20260816T202848Z_unrestricted_A15xS8xF3_np1/fixed/A02_S2/F1	PASS	PASS	0	20733e0e17025d2c73f73a666c5b62f92c105ca98114231020130b77f5730d5d	77fb8a4ce64c66ceef26a581c23b8cfd4d89071a9b455765d4aee00567b92fab	3aedabc96730c24770851529fdacda4bba5ea18f1cb223a76282c58f7252f267	1	0	1	/eos/user/c/cglenn/FCCWork/whizard/whizard_ttbar_spinpol/production/full6f_365gev_ee_ttbar_spinpol_v1/phase11_diagnostics/excess_weight_rootcause_v1/unrestricted_stability_scan_480_v1/20260816T202848Z_unrestricted_A15xS8xF3_np1/fixed/A02_S2/F1/console.log	1
C_A02_S2_F2	fixed	A02_S2_F2	A02_S2	A02	F2	S2	1885084773	1596606550	"1:250000:""gw"""	"1:2000000:"""""	/eos/user/c/cglenn/FCCWork/whizard/whizard_ttbar_spinpol/production/full6f_365gev_ee_ttbar_spinpol_v1/phase11_diagnostics/excess_weight_rootcause_v1/unrestricted_stability_scan_480_v1/20260816T202848Z_unrestricted_A15xS8xF3_np1/fixed/A02_S2/F2	PASS	PASS	0	20733e0e17025d2c73f73a666c5b62f92c105ca98114231020130b77f5730d5d	5c9229fa86f0cb5571e17f4c12ae5135baae81ba6d444fbe9cc08079f2ba476b	3aedabc96730c24770851529fdacda4bba5ea18f1cb223a76282c58f7252f267	1	0	1	/eos/user/c/cglenn/FCCWork/whizard/whizard_ttbar_spinpol/production/full6f_365gev_ee_ttbar_spinpol_v1/phase11_diagnostics/excess_weight_rootcause_v1/unrestricted_stability_scan_480_v1/20260816T202848Z_unrestricted_A15xS8xF3_np1/fixed/A02_S2/F2/console.log	1
P_A02_S3	adaptive	A02_S3		A02		S3	134326786	769890491	"1:250000:""gw"""		/eos/user/c/cglenn/FCCWork/whizard/whizard_ttbar_spinpol/production/full6f_365gev_ee_ttbar_spinpol_v1/phase11_diagnostics/excess_weight_rootcause_v1/unrestricted_stability_scan_480_v1/20260816T202848Z_unrestricted_A15xS8xF3_np1/adaptive/A02_S3	PASS	PASS	0	20733e0e17025d2c73f73a666c5b62f92c105ca98114231020130b77f5730d5d	d1415c684cd6eeda6c72c1af37877ff8de66739ea5b8509eda55c7bf67b13275		0	1		/eos/user/c/cglenn/FCCWork/whizard/whizard_ttbar_spinpol/production/full6f_365gev_ee_ttbar_spinpol_v1/phase11_diagnostics/excess_weight_rootcause_v1/unrestricted_stability_scan_480_v1/20260816T202848Z_unrestricted_A15xS8xF3_np1/adaptive/A02_S3/console.log	1
C_A02_S3_F0	fixed	A02_S3_F0	A02_S3	A02	F0	S3	134326786	769890491	"1:250000:""gw"""	"3:200000:"""""	/eos/user/c/cglenn/FCCWork/whizard/whizard_ttbar_spinpol/production/full6f_365gev_ee_ttbar_spinpol_v1/phase11_diagnostics/excess_weight_rootcause_v1/unrestricted_stability_scan_480_v1/20260816T202848Z_unrestricted_A15xS8xF3_np1/fixed/A02_S3/F0	PASS	PASS	0	20733e0e17025d2c73f73a666c5b62f92c105ca98114231020130b77f5730d5d	a8f1410d5b0c898a3dc74e6a0d8988c0cca9f6886eda359b9f1a3454d2520935	d1415c684cd6eeda6c72c1af37877ff8de66739ea5b8509eda55c7bf67b13275	1	0	1	/eos/user/c/cglenn/FCCWork/whizard/whizard_ttbar_spinpol/production/full6f_365gev_ee_ttbar_spinpol_v1/phase11_diagnostics/excess_weight_rootcause_v1/unrestricted_stability_scan_480_v1/20260816T202848Z_unrestricted_A15xS8xF3_np1/fixed/A02_S3/F0/console.log	1
C_A02_S3_F1	fixed	A02_S3_F1	A02_S3	A02	F1	S3	134326786	769890491	"1:250000:""gw"""	"1:600000:"""""	/eos/user/c/cglenn/FCCWork/whizard/whizard_ttbar_spinpol/production/full6f_365gev_ee_ttbar_spinpol_v1/phase11_diagnostics/excess_weight_rootcause_v1/unrestricted_stability_scan_480_v1/20260816T202848Z_unrestricted_A15xS8xF3_np1/fixed/A02_S3/F1	PASS	PASS	0	20733e0e17025d2c73f73a666c5b62f92c105ca98114231020130b77f5730d5d	5bab10708638a9a232d108e41266bf989c68820a690f19992717292aeafd9dc8	d1415c684cd6eeda6c72c1af37877ff8de66739ea5b8509eda55c7bf67b13275	1	0	1	/eos/user/c/cglenn/FCCWork/whizard/whizard_ttbar_spinpol/production/full6f_365gev_ee_ttbar_spinpol_v1/phase11_diagnostics/excess_weight_rootcause_v1/unrestricted_stability_scan_480_v1/20260816T202848Z_unrestricted_A15xS8xF3_np1/fixed/A02_S3/F1/console.log	1
C_A02_S3_F2	fixed	A02_S3_F2	A02_S3	A02	F2	S3	134326786	769890491	"1:250000:""gw"""	"1:2000000:"""""	/eos/user/c/cglenn/FCCWork/whizard/whizard_ttbar_spinpol/production/full6f_365gev_ee_ttbar_spinpol_v1/phase11_diagnostics/excess_weight_rootcause_v1/unrestricted_stability_scan_480_v1/20260816T202848Z_unrestricted_A15xS8xF3_np1/fixed/A02_S3/F2	PASS	PASS	0	20733e0e17025d2c73f73a666c5b62f92c105ca98114231020130b77f5730d5d	369d32c279b3685ad05d6c9ba6be973c94f199a72d5a1880468051bd3a34dce7	d1415c684cd6eeda6c72c1af37877ff8de66739ea5b8509eda55c7bf67b13275	1	0	1	/eos/user/c/cglenn/FCCWork/whizard/whizard_ttbar_spinpol/production/full6f_365gev_ee_ttbar_spinpol_v1/phase11_diagnostics/excess_weight_rootcause_v1/unrestricted_stability_scan_480_v1/20260816T202848Z_unrestricted_A15xS8xF3_np1/fixed/A02_S3/F2/console.log	1
P_A02_S4	adaptive	A02_S4		A02		S4	249371675	462903030	"1:250000:""gw"""		/eos/user/c/cglenn/FCCWork/whizard/whizard_ttbar_spinpol/production/full6f_365gev_ee_ttbar_spinpol_v1/phase11_diagnostics/excess_weight_rootcause_v1/unrestricted_stability_scan_480_v1/20260816T202848Z_unrestricted_A15xS8xF3_np1/adaptive/A02_S4	PASS	PASS	0	20733e0e17025d2c73f73a666c5b62f92c105ca98114231020130b77f5730d5d	a08ba85639907d7b0700bc38d9d702f8c103d61cabd0337ea1778ec43889c140		0	1		/eos/user/c/cglenn/FCCWork/whizard/whizard_ttbar_spinpol/production/full6f_365gev_ee_ttbar_spinpol_v1/phase11_diagnostics/excess_weight_rootcause_v1/unrestricted_stability_scan_480_v1/20260816T202848Z_unrestricted_A15xS8xF3_np1/adaptive/A02_S4/console.log	1
C_A02_S4_F0	fixed	A02_S4_F0	A02_S4	A02	F0	S4	249371675	462903030	"1:250000:""gw"""	"3:200000:"""""	/eos/user/c/cglenn/FCCWork/whizard/whizard_ttbar_spinpol/production/full6f_365gev_ee_ttbar_spinpol_v1/phase11_diagnostics/excess_weight_rootcause_v1/unrestricted_stability_scan_480_v1/20260816T202848Z_unrestricted_A15xS8xF3_np1/fixed/A02_S4/F0	PASS	PASS	0	20733e0e17025d2c73f73a666c5b62f92c105ca98114231020130b77f5730d5d	1284fd9ebce720b450ac9fead2dfe6e713256abe915fac464293cded577a1ec0	a08ba85639907d7b0700bc38d9d702f8c103d61cabd0337ea1778ec43889c140	1	0	1	/eos/user/c/cglenn/FCCWork/whizard/whizard_ttbar_spinpol/production/full6f_365gev_ee_ttbar_spinpol_v1/phase11_diagnostics/excess_weight_rootcause_v1/unrestricted_stability_scan_480_v1/20260816T202848Z_unrestricted_A15xS8xF3_np1/fixed/A02_S4/F0/console.log	1
C_A02_S4_F1	fixed	A02_S4_F1	A02_S4	A02	F1	S4	249371675	462903030	"1:250000:""gw"""	"1:600000:"""""	/eos/user/c/cglenn/FCCWork/whizard/whizard_ttbar_spinpol/production/full6f_365gev_ee_ttbar_spinpol_v1/phase11_diagnostics/excess_weight_rootcause_v1/unrestricted_stability_scan_480_v1/20260816T202848Z_unrestricted_A15xS8xF3_np1/fixed/A02_S4/F1	PASS	PASS	0	20733e0e17025d2c73f73a666c5b62f92c105ca98114231020130b77f5730d5d	3555104cbad3e5ba2935c70f285aa706b93f4d758cca8b0af77be1af49fc1c3c	a08ba85639907d7b0700bc38d9d702f8c103d61cabd0337ea1778ec43889c140	1	0	1	/eos/user/c/cglenn/FCCWork/whizard/whizard_ttbar_spinpol/production/full6f_365gev_ee_ttbar_spinpol_v1/phase11_diagnostics/excess_weight_rootcause_v1/unrestricted_stability_scan_480_v1/20260816T202848Z_unrestricted_A15xS8xF3_np1/fixed/A02_S4/F1/console.log	1
C_A02_S4_F2	fixed	A02_S4_F2	A02_S4	A02	F2	S4	249371675	462903030	"1:250000:""gw"""	"1:2000000:"""""	/eos/user/c/cglenn/FCCWork/whizard/whizard_ttbar_spinpol/production/full6f_365gev_ee_ttbar_spinpol_v1/phase11_diagnostics/excess_weight_rootcause_v1/unrestricted_stability_scan_480_v1/20260816T202848Z_unrestricted_A15xS8xF3_np1/fixed/A02_S4/F2	PASS	PASS	0	20733e0e17025d2c73f73a666c5b62f92c105ca98114231020130b77f5730d5d	c35d395139b98c2c89b68220c7222ec3b73424eb132d0bf63444c91256f30cf5	a08ba85639907d7b0700bc38d9d702f8c103d61cabd0337ea1778ec43889c140	1	0	1	/eos/user/c/cglenn/FCCWork/whizard/whizard_ttbar_spinpol/production/full6f_365gev_ee_ttbar_spinpol_v1/phase11_diagnostics/excess_weight_rootcause_v1/unrestricted_stability_scan_480_v1/20260816T202848Z_unrestricted_A15xS8xF3_np1/fixed/A02_S4/F2/console.log	1
P_A02_S5	adaptive	A02_S5		A02		S5	531087687	197846737	"1:250000:""gw"""		/eos/user/c/cglenn/FCCWork/whizard/whizard_ttbar_spinpol/production/full6f_365gev_ee_ttbar_spinpol_v1/phase11_diagnostics/excess_weight_rootcause_v1/unrestricted_stability_scan_480_v1/20260816T202848Z_unrestricted_A15xS8xF3_np1/adaptive/A02_S5	PASS	PASS	0	20733e0e17025d2c73f73a666c5b62f92c105ca98114231020130b77f5730d5d	306920acb8b815842fb68d3484a670beac0eeb754aa17e40187a57dea987206e		0	1		/eos/user/c/cglenn/FCCWork/whizard/whizard_ttbar_spinpol/production/full6f_365gev_ee_ttbar_spinpol_v1/phase11_diagnostics/excess_weight_rootcause_v1/unrestricted_stability_scan_480_v1/20260816T202848Z_unrestricted_A15xS8xF3_np1/adaptive/A02_S5/console.log	1
C_A02_S5_F0	fixed	A02_S5_F0	A02_S5	A02	F0	S5	531087687	197846737	"1:250000:""gw"""	"3:200000:"""""	/eos/user/c/cglenn/FCCWork/whizard/whizard_ttbar_spinpol/production/full6f_365gev_ee_ttbar_spinpol_v1/phase11_diagnostics/excess_weight_rootcause_v1/unrestricted_stability_scan_480_v1/20260816T202848Z_unrestricted_A15xS8xF3_np1/fixed/A02_S5/F0	PASS	PASS	0	20733e0e17025d2c73f73a666c5b62f92c105ca98114231020130b77f5730d5d	bfc246d408b85c5084d37b8cc970ff4c6596d9ed6b6da9ba08a939e20d3bfaf0	306920acb8b815842fb68d3484a670beac0eeb754aa17e40187a57dea987206e	1	0	1	/eos/user/c/cglenn/FCCWork/whizard/whizard_ttbar_spinpol/production/full6f_365gev_ee_ttbar_spinpol_v1/phase11_diagnostics/excess_weight_rootcause_v1/unrestricted_stability_scan_480_v1/20260816T202848Z_unrestricted_A15xS8xF3_np1/fixed/A02_S5/F0/console.log	1
C_A02_S5_F1	fixed	A02_S5_F1	A02_S5	A02	F1	S5	531087687	197846737	"1:250000:""gw"""	"1:600000:"""""	/eos/user/c/cglenn/FCCWork/whizard/whizard_ttbar_spinpol/production/full6f_365gev_ee_ttbar_spinpol_v1/phase11_diagnostics/excess_weight_rootcause_v1/unrestricted_stability_scan_480_v1/20260816T202848Z_unrestricted_A15xS8xF3_np1/fixed/A02_S5/F1	PASS	PASS	0	20733e0e17025d2c73f73a666c5b62f92c105ca98114231020130b77f5730d5d	cc2cff27e3f71339fb92187a5f473f0946345c8741337a0fb2f1425521b62bf3	306920acb8b815842fb68d3484a670beac0eeb754aa17e40187a57dea987206e	1	0	1	/eos/user/c/cglenn/FCCWork/whizard/whizard_ttbar_spinpol/production/full6f_365gev_ee_ttbar_spinpol_v1/phase11_diagnostics/excess_weight_rootcause_v1/unrestricted_stability_scan_480_v1/20260816T202848Z_unrestricted_A15xS8xF3_np1/fixed/A02_S5/F1/console.log	1
C_A02_S5_F2	fixed	A02_S5_F2	A02_S5	A02	F2	S5	531087687	197846737	"1:250000:""gw"""	"1:2000000:"""""	/eos/user/c/cglenn/FCCWork/whizard/whizard_ttbar_spinpol/production/full6f_365gev_ee_ttbar_spinpol_v1/phase11_diagnostics/excess_weight_rootcause_v1/unrestricted_stability_scan_480_v1/20260816T202848Z_unrestricted_A15xS8xF3_np1/fixed/A02_S5/F2	PASS	PASS	0	20733e0e17025d2c73f73a666c5b62f92c105ca98114231020130b77f5730d5d	9627eb61536e25de546209a4d009af98f86d5eee1de64337793b7ace2a00c458	306920acb8b815842fb68d3484a670beac0eeb754aa17e40187a57dea987206e	1	0	1	/eos/user/c/cglenn/FCCWork/whizard/whizard_ttbar_spinpol/production/full6f_365gev_ee_ttbar_spinpol_v1/phase11_diagnostics/excess_weight_rootcause_v1/unrestricted_stability_scan_480_v1/20260816T202848Z_unrestricted_A15xS8xF3_np1/fixed/A02_S5/F2/console.log	1
P_A02_S6	adaptive	A02_S6		A02		S6	519963689	958460417	"1:250000:""gw"""		/eos/user/c/cglenn/FCCWork/whizard/whizard_ttbar_spinpol/production/full6f_365gev_ee_ttbar_spinpol_v1/phase11_diagnostics/excess_weight_rootcause_v1/unrestricted_stability_scan_480_v1/20260816T202848Z_unrestricted_A15xS8xF3_np1/adaptive/A02_S6	PASS	PASS	0	20733e0e17025d2c73f73a666c5b62f92c105ca98114231020130b77f5730d5d	04debf55f878bb9b36da913fb67b9cc45ded31c5e61d5994bc7c34ae37abdb81		0	1		/eos/user/c/cglenn/FCCWork/whizard/whizard_ttbar_spinpol/production/full6f_365gev_ee_ttbar_spinpol_v1/phase11_diagnostics/excess_weight_rootcause_v1/unrestricted_stability_scan_480_v1/20260816T202848Z_unrestricted_A15xS8xF3_np1/adaptive/A02_S6/console.log	1
C_A02_S6_F0	fixed	A02_S6_F0	A02_S6	A02	F0	S6	519963689	958460417	"1:250000:""gw"""	"3:200000:"""""	/eos/user/c/cglenn/FCCWork/whizard/whizard_ttbar_spinpol/production/full6f_365gev_ee_ttbar_spinpol_v1/phase11_diagnostics/excess_weight_rootcause_v1/unrestricted_stability_scan_480_v1/20260816T202848Z_unrestricted_A15xS8xF3_np1/fixed/A02_S6/F0	PASS	PASS	0	20733e0e17025d2c73f73a666c5b62f92c105ca98114231020130b77f5730d5d	e1752230301552097301c97da27e5d7312de7de12131d39a7e4187764ef14e64	04debf55f878bb9b36da913fb67b9cc45ded31c5e61d5994bc7c34ae37abdb81	1	0	1	/eos/user/c/cglenn/FCCWork/whizard/whizard_ttbar_spinpol/production/full6f_365gev_ee_ttbar_spinpol_v1/phase11_diagnostics/excess_weight_rootcause_v1/unrestricted_stability_scan_480_v1/20260816T202848Z_unrestricted_A15xS8xF3_np1/fixed/A02_S6/F0/console.log	1
C_A02_S6_F1	fixed	A02_S6_F1	A02_S6	A02	F1	S6	519963689	958460417	"1:250000:""gw"""	"1:600000:"""""	/eos/user/c/cglenn/FCCWork/whizard/whizard_ttbar_spinpol/production/full6f_365gev_ee_ttbar_spinpol_v1/phase11_diagnostics/excess_weight_rootcause_v1/unrestricted_stability_scan_480_v1/20260816T202848Z_unrestricted_A15xS8xF3_np1/fixed/A02_S6/F1	PASS	PASS	0	20733e0e17025d2c73f73a666c5b62f92c105ca98114231020130b77f5730d5d	5e1bc44876f543d85646792057a52c724e16dfa32868d79760b411f890b1b8ef	04debf55f878bb9b36da913fb67b9cc45ded31c5e61d5994bc7c34ae37abdb81	1	0	1	/eos/user/c/cglenn/FCCWork/whizard/whizard_ttbar_spinpol/production/full6f_365gev_ee_ttbar_spinpol_v1/phase11_diagnostics/excess_weight_rootcause_v1/unrestricted_stability_scan_480_v1/20260816T202848Z_unrestricted_A15xS8xF3_np1/fixed/A02_S6/F1/console.log	1
C_A02_S6_F2	fixed	A02_S6_F2	A02_S6	A02	F2	S6	519963689	958460417	"1:250000:""gw"""	"1:2000000:"""""	/eos/user/c/cglenn/FCCWork/whizard/whizard_ttbar_spinpol/production/full6f_365gev_ee_ttbar_spinpol_v1/phase11_diagnostics/excess_weight_rootcause_v1/unrestricted_stability_scan_480_v1/20260816T202848Z_unrestricted_A15xS8xF3_np1/fixed/A02_S6/F2	PASS	PASS	0	20733e0e17025d2c73f73a666c5b62f92c105ca98114231020130b77f5730d5d	20eb6faae6a647de411c13d35d6b73e1fe80eb9273b016a8d6b1b177add86ce1	04debf55f878bb9b36da913fb67b9cc45ded31c5e61d5994bc7c34ae37abdb81	1	0	1	/eos/user/c/cglenn/FCCWork/whizard/whizard_ttbar_spinpol/production/full6f_365gev_ee_ttbar_spinpol_v1/phase11_diagnostics/excess_weight_rootcause_v1/unrestricted_stability_scan_480_v1/20260816T202848Z_unrestricted_A15xS8xF3_np1/fixed/A02_S6/F2/console.log	1
P_A02_S7	adaptive	A02_S7		A02		S7	1552803368	239117595	"1:250000:""gw"""		/eos/user/c/cglenn/FCCWork/whizard/whizard_ttbar_spinpol/production/full6f_365gev_ee_ttbar_spinpol_v1/phase11_diagnostics/excess_weight_rootcause_v1/unrestricted_stability_scan_480_v1/20260816T202848Z_unrestricted_A15xS8xF3_np1/adaptive/A02_S7	PASS	PASS	0	20733e0e17025d2c73f73a666c5b62f92c105ca98114231020130b77f5730d5d	d33fce725bd865ac48c58c7836de36695f304f147772b387415016546aeb719f		0	1		/eos/user/c/cglenn/FCCWork/whizard/whizard_ttbar_spinpol/production/full6f_365gev_ee_ttbar_spinpol_v1/phase11_diagnostics/excess_weight_rootcause_v1/unrestricted_stability_scan_480_v1/20260816T202848Z_unrestricted_A15xS8xF3_np1/adaptive/A02_S7/console.log	1
C_A02_S7_F0	fixed	A02_S7_F0	A02_S7	A02	F0	S7	1552803368	239117595	"1:250000:""gw"""	"3:200000:"""""	/eos/user/c/cglenn/FCCWork/whizard/whizard_ttbar_spinpol/production/full6f_365gev_ee_ttbar_spinpol_v1/phase11_diagnostics/excess_weight_rootcause_v1/unrestricted_stability_scan_480_v1/20260816T202848Z_unrestricted_A15xS8xF3_np1/fixed/A02_S7/F0	PASS	PASS	0	20733e0e17025d2c73f73a666c5b62f92c105ca98114231020130b77f5730d5d	dd835b9e2fef3a512257bf7fb8d41270a4363b2720a53da5ea34cb8b86b2ff4d	d33fce725bd865ac48c58c7836de36695f304f147772b387415016546aeb719f	1	0	1	/eos/user/c/cglenn/FCCWork/whizard/whizard_ttbar_spinpol/production/full6f_365gev_ee_ttbar_spinpol_v1/phase11_diagnostics/excess_weight_rootcause_v1/unrestricted_stability_scan_480_v1/20260816T202848Z_unrestricted_A15xS8xF3_np1/fixed/A02_S7/F0/console.log	1
C_A02_S7_F1	fixed	A02_S7_F1	A02_S7	A02	F1	S7	1552803368	239117595	"1:250000:""gw"""	"1:600000:"""""	/eos/user/c/cglenn/FCCWork/whizard/whizard_ttbar_spinpol/production/full6f_365gev_ee_ttbar_spinpol_v1/phase11_diagnostics/excess_weight_rootcause_v1/unrestricted_stability_scan_480_v1/20260816T202848Z_unrestricted_A15xS8xF3_np1/fixed/A02_S7/F1	PASS	PASS	0	20733e0e17025d2c73f73a666c5b62f92c105ca98114231020130b77f5730d5d	2c5f4b71a1590da5352bfd889d2b8bdffcc1dd79fd7144ce09508b4f7650a36e	d33fce725bd865ac48c58c7836de36695f304f147772b387415016546aeb719f	1	0	1	/eos/user/c/cglenn/FCCWork/whizard/whizard_ttbar_spinpol/production/full6f_365gev_ee_ttbar_spinpol_v1/phase11_diagnostics/excess_weight_rootcause_v1/unrestricted_stability_scan_480_v1/20260816T202848Z_unrestricted_A15xS8xF3_np1/fixed/A02_S7/F1/console.log	1
C_A02_S7_F2	fixed	A02_S7_F2	A02_S7	A02	F2	S7	1552803368	239117595	"1:250000:""gw"""	"1:2000000:"""""	/eos/user/c/cglenn/FCCWork/whizard/whizard_ttbar_spinpol/production/full6f_365gev_ee_ttbar_spinpol_v1/phase11_diagnostics/excess_weight_rootcause_v1/unrestricted_stability_scan_480_v1/20260816T202848Z_unrestricted_A15xS8xF3_np1/fixed/A02_S7/F2	PASS	PASS	0	20733e0e17025d2c73f73a666c5b62f92c105ca98114231020130b77f5730d5d	99846d5462a8e450b906fc8be5af0ea03bdc95300de01700e88688ea67d528a9	d33fce725bd865ac48c58c7836de36695f304f147772b387415016546aeb719f	1	0	1	/eos/user/c/cglenn/FCCWork/whizard/whizard_ttbar_spinpol/production/full6f_365gev_ee_ttbar_spinpol_v1/phase11_diagnostics/excess_weight_rootcause_v1/unrestricted_stability_scan_480_v1/20260816T202848Z_unrestricted_A15xS8xF3_np1/fixed/A02_S7/F2/console.log	1
P_A03_S0	adaptive	A03_S0		A03		S0	1740114216	648318690	"5:100000:""gw"""		/eos/user/c/cglenn/FCCWork/whizard/whizard_ttbar_spinpol/production/full6f_365gev_ee_ttbar_spinpol_v1/phase11_diagnostics/excess_weight_rootcause_v1/unrestricted_stability_scan_480_v1/20260816T202848Z_unrestricted_A15xS8xF3_np1/adaptive/A03_S0	PASS	PASS	0	20733e0e17025d2c73f73a666c5b62f92c105ca98114231020130b77f5730d5d	a5cdcc2c22816f59f84c0d9de0cd37e163fc86707f7ebf798de3ee26a547c1e2		0	1		/eos/user/c/cglenn/FCCWork/whizard/whizard_ttbar_spinpol/production/full6f_365gev_ee_ttbar_spinpol_v1/phase11_diagnostics/excess_weight_rootcause_v1/unrestricted_stability_scan_480_v1/20260816T202848Z_unrestricted_A15xS8xF3_np1/adaptive/A03_S0/console.log	1
C_A03_S0_F0	fixed	A03_S0_F0	A03_S0	A03	F0	S0	1740114216	648318690	"5:100000:""gw"""	"3:200000:"""""	/eos/user/c/cglenn/FCCWork/whizard/whizard_ttbar_spinpol/production/full6f_365gev_ee_ttbar_spinpol_v1/phase11_diagnostics/excess_weight_rootcause_v1/unrestricted_stability_scan_480_v1/20260816T202848Z_unrestricted_A15xS8xF3_np1/fixed/A03_S0/F0	PASS	PASS	0	20733e0e17025d2c73f73a666c5b62f92c105ca98114231020130b77f5730d5d	620881adcfbefd9340e0312ec60000cc6952f773502a62bdfeb8c0eb2f3daa5c	a5cdcc2c22816f59f84c0d9de0cd37e163fc86707f7ebf798de3ee26a547c1e2	1	0	1	/eos/user/c/cglenn/FCCWork/whizard/whizard_ttbar_spinpol/production/full6f_365gev_ee_ttbar_spinpol_v1/phase11_diagnostics/excess_weight_rootcause_v1/unrestricted_stability_scan_480_v1/20260816T202848Z_unrestricted_A15xS8xF3_np1/fixed/A03_S0/F0/console.log	1
C_A03_S0_F1	fixed	A03_S0_F1	A03_S0	A03	F1	S0	1740114216	648318690	"5:100000:""gw"""	"1:600000:"""""	/eos/user/c/cglenn/FCCWork/whizard/whizard_ttbar_spinpol/production/full6f_365gev_ee_ttbar_spinpol_v1/phase11_diagnostics/excess_weight_rootcause_v1/unrestricted_stability_scan_480_v1/20260816T202848Z_unrestricted_A15xS8xF3_np1/fixed/A03_S0/F1	PASS	PASS	0	20733e0e17025d2c73f73a666c5b62f92c105ca98114231020130b77f5730d5d	f042d21697918e20c2d62149bcc06e43068a1acf5637ad9f9d5c177c30817363	a5cdcc2c22816f59f84c0d9de0cd37e163fc86707f7ebf798de3ee26a547c1e2	1	0	1	/eos/user/c/cglenn/FCCWork/whizard/whizard_ttbar_spinpol/production/full6f_365gev_ee_ttbar_spinpol_v1/phase11_diagnostics/excess_weight_rootcause_v1/unrestricted_stability_scan_480_v1/20260816T202848Z_unrestricted_A15xS8xF3_np1/fixed/A03_S0/F1/console.log	1
C_A03_S0_F2	fixed	A03_S0_F2	A03_S0	A03	F2	S0	1740114216	648318690	"5:100000:""gw"""	"1:2000000:"""""	/eos/user/c/cglenn/FCCWork/whizard/whizard_ttbar_spinpol/production/full6f_365gev_ee_ttbar_spinpol_v1/phase11_diagnostics/excess_weight_rootcause_v1/unrestricted_stability_scan_480_v1/20260816T202848Z_unrestricted_A15xS8xF3_np1/fixed/A03_S0/F2	PASS	PASS	0	20733e0e17025d2c73f73a666c5b62f92c105ca98114231020130b77f5730d5d	416953b2fb12a57f78d6e07ef9abcfaa435b5cebe2217fe59a7c6353eda88624	a5cdcc2c22816f59f84c0d9de0cd37e163fc86707f7ebf798de3ee26a547c1e2	1	0	1	/eos/user/c/cglenn/FCCWork/whizard/whizard_ttbar_spinpol/production/full6f_365gev_ee_ttbar_spinpol_v1/phase11_diagnostics/excess_weight_rootcause_v1/unrestricted_stability_scan_480_v1/20260816T202848Z_unrestricted_A15xS8xF3_np1/fixed/A03_S0/F2/console.log	1
P_A03_S1	adaptive	A03_S1		A03		S1	1751949026	1404282457	"5:100000:""gw"""		/eos/user/c/cglenn/FCCWork/whizard/whizard_ttbar_spinpol/production/full6f_365gev_ee_ttbar_spinpol_v1/phase11_diagnostics/excess_weight_rootcause_v1/unrestricted_stability_scan_480_v1/20260816T202848Z_unrestricted_A15xS8xF3_np1/adaptive/A03_S1	PASS	PASS	0	20733e0e17025d2c73f73a666c5b62f92c105ca98114231020130b77f5730d5d	355c10660efd93da1259569ecba0cd5c34a4b0622c8bfa70ccd4fb3eb8e30d78		0	1		/eos/user/c/cglenn/FCCWork/whizard/whizard_ttbar_spinpol/production/full6f_365gev_ee_ttbar_spinpol_v1/phase11_diagnostics/excess_weight_rootcause_v1/unrestricted_stability_scan_480_v1/20260816T202848Z_unrestricted_A15xS8xF3_np1/adaptive/A03_S1/console.log	1
C_A03_S1_F0	fixed	A03_S1_F0	A03_S1	A03	F0	S1	1751949026	1404282457	"5:100000:""gw"""	"3:200000:"""""	/eos/user/c/cglenn/FCCWork/whizard/whizard_ttbar_spinpol/production/full6f_365gev_ee_ttbar_spinpol_v1/phase11_diagnostics/excess_weight_rootcause_v1/unrestricted_stability_scan_480_v1/20260816T202848Z_unrestricted_A15xS8xF3_np1/fixed/A03_S1/F0	PASS	PASS	0	20733e0e17025d2c73f73a666c5b62f92c105ca98114231020130b77f5730d5d	a2186f5a546f7f3d6c8364ef8723327a9c53fe734e6c533e4762d68ffb3093a3	355c10660efd93da1259569ecba0cd5c34a4b0622c8bfa70ccd4fb3eb8e30d78	1	0	1	/eos/user/c/cglenn/FCCWork/whizard/whizard_ttbar_spinpol/production/full6f_365gev_ee_ttbar_spinpol_v1/phase11_diagnostics/excess_weight_rootcause_v1/unrestricted_stability_scan_480_v1/20260816T202848Z_unrestricted_A15xS8xF3_np1/fixed/A03_S1/F0/console.log	1
C_A03_S1_F1	fixed	A03_S1_F1	A03_S1	A03	F1	S1	1751949026	1404282457	"5:100000:""gw"""	"1:600000:"""""	/eos/user/c/cglenn/FCCWork/whizard/whizard_ttbar_spinpol/production/full6f_365gev_ee_ttbar_spinpol_v1/phase11_diagnostics/excess_weight_rootcause_v1/unrestricted_stability_scan_480_v1/20260816T202848Z_unrestricted_A15xS8xF3_np1/fixed/A03_S1/F1	PASS	PASS	0	20733e0e17025d2c73f73a666c5b62f92c105ca98114231020130b77f5730d5d	2fd47240d7214424e3a71c2f8dbcc2bebbb7c91c749ce1cd80f2382810db066e	355c10660efd93da1259569ecba0cd5c34a4b0622c8bfa70ccd4fb3eb8e30d78	1	0	1	/eos/user/c/cglenn/FCCWork/whizard/whizard_ttbar_spinpol/production/full6f_365gev_ee_ttbar_spinpol_v1/phase11_diagnostics/excess_weight_rootcause_v1/unrestricted_stability_scan_480_v1/20260816T202848Z_unrestricted_A15xS8xF3_np1/fixed/A03_S1/F1/console.log	1
C_A03_S1_F2	fixed	A03_S1_F2	A03_S1	A03	F2	S1	1751949026	1404282457	"5:100000:""gw"""	"1:2000000:"""""	/eos/user/c/cglenn/FCCWork/whizard/whizard_ttbar_spinpol/production/full6f_365gev_ee_ttbar_spinpol_v1/phase11_diagnostics/excess_weight_rootcause_v1/unrestricted_stability_scan_480_v1/20260816T202848Z_unrestricted_A15xS8xF3_np1/fixed/A03_S1/F2	PASS	PASS	0	20733e0e17025d2c73f73a666c5b62f92c105ca98114231020130b77f5730d5d	10f20d9bff8d4cfc2731698ec424ddb57d108aed8bd0816fd9343fe9c3dadeb9	355c10660efd93da1259569ecba0cd5c34a4b0622c8bfa70ccd4fb3eb8e30d78	1	0	1	/eos/user/c/cglenn/FCCWork/whizard/whizard_ttbar_spinpol/production/full6f_365gev_ee_ttbar_spinpol_v1/phase11_diagnostics/excess_weight_rootcause_v1/unrestricted_stability_scan_480_v1/20260816T202848Z_unrestricted_A15xS8xF3_np1/fixed/A03_S1/F2/console.log	1
P_A03_S2	adaptive	A03_S2		A03		S2	1885084773	1596606550	"5:100000:""gw"""		/eos/user/c/cglenn/FCCWork/whizard/whizard_ttbar_spinpol/production/full6f_365gev_ee_ttbar_spinpol_v1/phase11_diagnostics/excess_weight_rootcause_v1/unrestricted_stability_scan_480_v1/20260816T202848Z_unrestricted_A15xS8xF3_np1/adaptive/A03_S2	PASS	PASS	0	20733e0e17025d2c73f73a666c5b62f92c105ca98114231020130b77f5730d5d	18902f6aaa1afd93b5987416412fbca2842152ca68f70fbf98301ca0620378df		0	1		/eos/user/c/cglenn/FCCWork/whizard/whizard_ttbar_spinpol/production/full6f_365gev_ee_ttbar_spinpol_v1/phase11_diagnostics/excess_weight_rootcause_v1/unrestricted_stability_scan_480_v1/20260816T202848Z_unrestricted_A15xS8xF3_np1/adaptive/A03_S2/console.log	1
C_A03_S2_F0	fixed	A03_S2_F0	A03_S2	A03	F0	S2	1885084773	1596606550	"5:100000:""gw"""	"3:200000:"""""	/eos/user/c/cglenn/FCCWork/whizard/whizard_ttbar_spinpol/production/full6f_365gev_ee_ttbar_spinpol_v1/phase11_diagnostics/excess_weight_rootcause_v1/unrestricted_stability_scan_480_v1/20260816T202848Z_unrestricted_A15xS8xF3_np1/fixed/A03_S2/F0	PASS	PASS	0	20733e0e17025d2c73f73a666c5b62f92c105ca98114231020130b77f5730d5d	b720467f38a16400eea310e49c821ea99f4d11be40e5f7eb9f861885c8ddbf7c	18902f6aaa1afd93b5987416412fbca2842152ca68f70fbf98301ca0620378df	1	0	1	/eos/user/c/cglenn/FCCWork/whizard/whizard_ttbar_spinpol/production/full6f_365gev_ee_ttbar_spinpol_v1/phase11_diagnostics/excess_weight_rootcause_v1/unrestricted_stability_scan_480_v1/20260816T202848Z_unrestricted_A15xS8xF3_np1/fixed/A03_S2/F0/console.log	1
C_A03_S2_F1	fixed	A03_S2_F1	A03_S2	A03	F1	S2	1885084773	1596606550	"5:100000:""gw"""	"1:600000:"""""	/eos/user/c/cglenn/FCCWork/whizard/whizard_ttbar_spinpol/production/full6f_365gev_ee_ttbar_spinpol_v1/phase11_diagnostics/excess_weight_rootcause_v1/unrestricted_stability_scan_480_v1/20260816T202848Z_unrestricted_A15xS8xF3_np1/fixed/A03_S2/F1	PASS	PASS	0	20733e0e17025d2c73f73a666c5b62f92c105ca98114231020130b77f5730d5d	ef89d38a8805a9fad866385f9adc0bd5270d98c2dc4eef1f12b1a13654e147cf	18902f6aaa1afd93b5987416412fbca2842152ca68f70fbf98301ca0620378df	1	0	1	/eos/user/c/cglenn/FCCWork/whizard/whizard_ttbar_spinpol/production/full6f_365gev_ee_ttbar_spinpol_v1/phase11_diagnostics/excess_weight_rootcause_v1/unrestricted_stability_scan_480_v1/20260816T202848Z_unrestricted_A15xS8xF3_np1/fixed/A03_S2/F1/console.log	1
C_A03_S2_F2	fixed	A03_S2_F2	A03_S2	A03	F2	S2	1885084773	1596606550	"5:100000:""gw"""	"1:2000000:"""""	/eos/user/c/cglenn/FCCWork/whizard/whizard_ttbar_spinpol/production/full6f_365gev_ee_ttbar_spinpol_v1/phase11_diagnostics/excess_weight_rootcause_v1/unrestricted_stability_scan_480_v1/20260816T202848Z_unrestricted_A15xS8xF3_np1/fixed/A03_S2/F2	PASS	PASS	0	20733e0e17025d2c73f73a666c5b62f92c105ca98114231020130b77f5730d5d	aae39c3b93a1215e7e43d26aa0d6051e8968da4d62c84ad6844f607e108e061c	18902f6aaa1afd93b5987416412fbca2842152ca68f70fbf98301ca0620378df	1	0	1	/eos/user/c/cglenn/FCCWork/whizard/whizard_ttbar_spinpol/production/full6f_365gev_ee_ttbar_spinpol_v1/phase11_diagnostics/excess_weight_rootcause_v1/unrestricted_stability_scan_480_v1/20260816T202848Z_unrestricted_A15xS8xF3_np1/fixed/A03_S2/F2/console.log	1
P_A03_S3	adaptive	A03_S3		A03		S3	134326786	769890491	"5:100000:""gw"""		/eos/user/c/cglenn/FCCWork/whizard/whizard_ttbar_spinpol/production/full6f_365gev_ee_ttbar_spinpol_v1/phase11_diagnostics/excess_weight_rootcause_v1/unrestricted_stability_scan_480_v1/20260816T202848Z_unrestricted_A15xS8xF3_np1/adaptive/A03_S3	PASS	PASS	0	20733e0e17025d2c73f73a666c5b62f92c105ca98114231020130b77f5730d5d	2c70f5318ba0beb83e2341cc170ab333a4bd0e690ffedb85570427b439230812		0	1		/eos/user/c/cglenn/FCCWork/whizard/whizard_ttbar_spinpol/production/full6f_365gev_ee_ttbar_spinpol_v1/phase11_diagnostics/excess_weight_rootcause_v1/unrestricted_stability_scan_480_v1/20260816T202848Z_unrestricted_A15xS8xF3_np1/adaptive/A03_S3/console.log	1
C_A03_S3_F0	fixed	A03_S3_F0	A03_S3	A03	F0	S3	134326786	769890491	"5:100000:""gw"""	"3:200000:"""""	/eos/user/c/cglenn/FCCWork/whizard/whizard_ttbar_spinpol/production/full6f_365gev_ee_ttbar_spinpol_v1/phase11_diagnostics/excess_weight_rootcause_v1/unrestricted_stability_scan_480_v1/20260816T202848Z_unrestricted_A15xS8xF3_np1/fixed/A03_S3/F0	PASS	PASS	0	20733e0e17025d2c73f73a666c5b62f92c105ca98114231020130b77f5730d5d	202afe1553e6212b9317ab756575be9e606b4083dd0302db7e5a781888a3a5a2	2c70f5318ba0beb83e2341cc170ab333a4bd0e690ffedb85570427b439230812	1	0	1	/eos/user/c/cglenn/FCCWork/whizard/whizard_ttbar_spinpol/production/full6f_365gev_ee_ttbar_spinpol_v1/phase11_diagnostics/excess_weight_rootcause_v1/unrestricted_stability_scan_480_v1/20260816T202848Z_unrestricted_A15xS8xF3_np1/fixed/A03_S3/F0/console.log	1
C_A03_S3_F1	fixed	A03_S3_F1	A03_S3	A03	F1	S3	134326786	769890491	"5:100000:""gw"""	"1:600000:"""""	/eos/user/c/cglenn/FCCWork/whizard/whizard_ttbar_spinpol/production/full6f_365gev_ee_ttbar_spinpol_v1/phase11_diagnostics/excess_weight_rootcause_v1/unrestricted_stability_scan_480_v1/20260816T202848Z_unrestricted_A15xS8xF3_np1/fixed/A03_S3/F1	PASS	PASS	0	20733e0e17025d2c73f73a666c5b62f92c105ca98114231020130b77f5730d5d	46f092795162402af24ed3a64a1c6f3b325eb9ee9ac789c721c3690c09c06d0e	2c70f5318ba0beb83e2341cc170ab333a4bd0e690ffedb85570427b439230812	1	0	1	/eos/user/c/cglenn/FCCWork/whizard/whizard_ttbar_spinpol/production/full6f_365gev_ee_ttbar_spinpol_v1/phase11_diagnostics/excess_weight_rootcause_v1/unrestricted_stability_scan_480_v1/20260816T202848Z_unrestricted_A15xS8xF3_np1/fixed/A03_S3/F1/console.log	1
C_A03_S3_F2	fixed	A03_S3_F2	A03_S3	A03	F2	S3	134326786	769890491	"5:100000:""gw"""	"1:2000000:"""""	/eos/user/c/cglenn/FCCWork/whizard/whizard_ttbar_spinpol/production/full6f_365gev_ee_ttbar_spinpol_v1/phase11_diagnostics/excess_weight_rootcause_v1/unrestricted_stability_scan_480_v1/20260816T202848Z_unrestricted_A15xS8xF3_np1/fixed/A03_S3/F2	PASS	PASS	0	20733e0e17025d2c73f73a666c5b62f92c105ca98114231020130b77f5730d5d	ac4d44345aeef8b0fdaa35dd4ddb57b01f8f93bba345009da0f60142757989ce	2c70f5318ba0beb83e2341cc170ab333a4bd0e690ffedb85570427b439230812	1	0	1	/eos/user/c/cglenn/FCCWork/whizard/whizard_ttbar_spinpol/production/full6f_365gev_ee_ttbar_spinpol_v1/phase11_diagnostics/excess_weight_rootcause_v1/unrestricted_stability_scan_480_v1/20260816T202848Z_unrestricted_A15xS8xF3_np1/fixed/A03_S3/F2/console.log	1
P_A03_S4	adaptive	A03_S4		A03		S4	249371675	462903030	"5:100000:""gw"""		/eos/user/c/cglenn/FCCWork/whizard/whizard_ttbar_spinpol/production/full6f_365gev_ee_ttbar_spinpol_v1/phase11_diagnostics/excess_weight_rootcause_v1/unrestricted_stability_scan_480_v1/20260816T202848Z_unrestricted_A15xS8xF3_np1/adaptive/A03_S4	PASS	PASS	0	20733e0e17025d2c73f73a666c5b62f92c105ca98114231020130b77f5730d5d	83acdedb86a53a154358b4eadb9a028d632d71f6ae0f6374b3e111623e596ce5		0	1		/eos/user/c/cglenn/FCCWork/whizard/whizard_ttbar_spinpol/production/full6f_365gev_ee_ttbar_spinpol_v1/phase11_diagnostics/excess_weight_rootcause_v1/unrestricted_stability_scan_480_v1/20260816T202848Z_unrestricted_A15xS8xF3_np1/adaptive/A03_S4/console.log	1
C_A03_S4_F0	fixed	A03_S4_F0	A03_S4	A03	F0	S4	249371675	462903030	"5:100000:""gw"""	"3:200000:"""""	/eos/user/c/cglenn/FCCWork/whizard/whizard_ttbar_spinpol/production/full6f_365gev_ee_ttbar_spinpol_v1/phase11_diagnostics/excess_weight_rootcause_v1/unrestricted_stability_scan_480_v1/20260816T202848Z_unrestricted_A15xS8xF3_np1/fixed/A03_S4/F0	PASS	PASS	0	20733e0e17025d2c73f73a666c5b62f92c105ca98114231020130b77f5730d5d	7eeb8eb2e73a6ec38f6950bb8574cbc759b5e2ee64b5f82125400614e39ca413	83acdedb86a53a154358b4eadb9a028d632d71f6ae0f6374b3e111623e596ce5	1	0	1	/eos/user/c/cglenn/FCCWork/whizard/whizard_ttbar_spinpol/production/full6f_365gev_ee_ttbar_spinpol_v1/phase11_diagnostics/excess_weight_rootcause_v1/unrestricted_stability_scan_480_v1/20260816T202848Z_unrestricted_A15xS8xF3_np1/fixed/A03_S4/F0/console.log	1
C_A03_S4_F1	fixed	A03_S4_F1	A03_S4	A03	F1	S4	249371675	462903030	"5:100000:""gw"""	"1:600000:"""""	/eos/user/c/cglenn/FCCWork/whizard/whizard_ttbar_spinpol/production/full6f_365gev_ee_ttbar_spinpol_v1/phase11_diagnostics/excess_weight_rootcause_v1/unrestricted_stability_scan_480_v1/20260816T202848Z_unrestricted_A15xS8xF3_np1/fixed/A03_S4/F1	PASS	PASS	0	20733e0e17025d2c73f73a666c5b62f92c105ca98114231020130b77f5730d5d	f27b6cef38b756c2f2e702b7fe2f542db6bac0ca1d99226e30c312b3763cf704	83acdedb86a53a154358b4eadb9a028d632d71f6ae0f6374b3e111623e596ce5	1	0	1	/eos/user/c/cglenn/FCCWork/whizard/whizard_ttbar_spinpol/production/full6f_365gev_ee_ttbar_spinpol_v1/phase11_diagnostics/excess_weight_rootcause_v1/unrestricted_stability_scan_480_v1/20260816T202848Z_unrestricted_A15xS8xF3_np1/fixed/A03_S4/F1/console.log	1
C_A03_S4_F2	fixed	A03_S4_F2	A03_S4	A03	F2	S4	249371675	462903030	"5:100000:""gw"""	"1:2000000:"""""	/eos/user/c/cglenn/FCCWork/whizard/whizard_ttbar_spinpol/production/full6f_365gev_ee_ttbar_spinpol_v1/phase11_diagnostics/excess_weight_rootcause_v1/unrestricted_stability_scan_480_v1/20260816T202848Z_unrestricted_A15xS8xF3_np1/fixed/A03_S4/F2	PASS	PASS	0	20733e0e17025d2c73f73a666c5b62f92c105ca98114231020130b77f5730d5d	7f4d8f8197038eb21f0cb187fcd1a73555ca3aab6c6899fbffd99eae254fe702	83acdedb86a53a154358b4eadb9a028d632d71f6ae0f6374b3e111623e596ce5	1	0	1	/eos/user/c/cglenn/FCCWork/whizard/whizard_ttbar_spinpol/production/full6f_365gev_ee_ttbar_spinpol_v1/phase11_diagnostics/excess_weight_rootcause_v1/unrestricted_stability_scan_480_v1/20260816T202848Z_unrestricted_A15xS8xF3_np1/fixed/A03_S4/F2/console.log	1
P_A03_S5	adaptive	A03_S5		A03		S5	531087687	197846737	"5:100000:""gw"""		/eos/user/c/cglenn/FCCWork/whizard/whizard_ttbar_spinpol/production/full6f_365gev_ee_ttbar_spinpol_v1/phase11_diagnostics/excess_weight_rootcause_v1/unrestricted_stability_scan_480_v1/20260816T202848Z_unrestricted_A15xS8xF3_np1/adaptive/A03_S5	PASS	PASS	0	20733e0e17025d2c73f73a666c5b62f92c105ca98114231020130b77f5730d5d	d0243e10264e6905650fb38e4d8ca005a19399c02024aae4fe16def00530fa42		0	1		/eos/user/c/cglenn/FCCWork/whizard/whizard_ttbar_spinpol/production/full6f_365gev_ee_ttbar_spinpol_v1/phase11_diagnostics/excess_weight_rootcause_v1/unrestricted_stability_scan_480_v1/20260816T202848Z_unrestricted_A15xS8xF3_np1/adaptive/A03_S5/console.log	1
C_A03_S5_F0	fixed	A03_S5_F0	A03_S5	A03	F0	S5	531087687	197846737	"5:100000:""gw"""	"3:200000:"""""	/eos/user/c/cglenn/FCCWork/whizard/whizard_ttbar_spinpol/production/full6f_365gev_ee_ttbar_spinpol_v1/phase11_diagnostics/excess_weight_rootcause_v1/unrestricted_stability_scan_480_v1/20260816T202848Z_unrestricted_A15xS8xF3_np1/fixed/A03_S5/F0	PASS	PASS	0	20733e0e17025d2c73f73a666c5b62f92c105ca98114231020130b77f5730d5d	ff2b1c4c184584a399598192ab5bd3fc4a64d74f69e576f854afafd747e504ad	d0243e10264e6905650fb38e4d8ca005a19399c02024aae4fe16def00530fa42	1	0	1	/eos/user/c/cglenn/FCCWork/whizard/whizard_ttbar_spinpol/production/full6f_365gev_ee_ttbar_spinpol_v1/phase11_diagnostics/excess_weight_rootcause_v1/unrestricted_stability_scan_480_v1/20260816T202848Z_unrestricted_A15xS8xF3_np1/fixed/A03_S5/F0/console.log	1
C_A03_S5_F1	fixed	A03_S5_F1	A03_S5	A03	F1	S5	531087687	197846737	"5:100000:""gw"""	"1:600000:"""""	/eos/user/c/cglenn/FCCWork/whizard/whizard_ttbar_spinpol/production/full6f_365gev_ee_ttbar_spinpol_v1/phase11_diagnostics/excess_weight_rootcause_v1/unrestricted_stability_scan_480_v1/20260816T202848Z_unrestricted_A15xS8xF3_np1/fixed/A03_S5/F1	PASS	PASS	0	20733e0e17025d2c73f73a666c5b62f92c105ca98114231020130b77f5730d5d	1e30b84e254e9e95d927b772729f0a3bf6a0c54473065b1a3d0c4e7999abeaed	d0243e10264e6905650fb38e4d8ca005a19399c02024aae4fe16def00530fa42	1	0	1	/eos/user/c/cglenn/FCCWork/whizard/whizard_ttbar_spinpol/production/full6f_365gev_ee_ttbar_spinpol_v1/phase11_diagnostics/excess_weight_rootcause_v1/unrestricted_stability_scan_480_v1/20260816T202848Z_unrestricted_A15xS8xF3_np1/fixed/A03_S5/F1/console.log	1
C_A03_S5_F2	fixed	A03_S5_F2	A03_S5	A03	F2	S5	531087687	197846737	"5:100000:""gw"""	"1:2000000:"""""	/eos/user/c/cglenn/FCCWork/whizard/whizard_ttbar_spinpol/production/full6f_365gev_ee_ttbar_spinpol_v1/phase11_diagnostics/excess_weight_rootcause_v1/unrestricted_stability_scan_480_v1/20260816T202848Z_unrestricted_A15xS8xF3_np1/fixed/A03_S5/F2	PASS	PASS	0	20733e0e17025d2c73f73a666c5b62f92c105ca98114231020130b77f5730d5d	16f53a079df9c67441c8404b3443e7c6b5722a722b2652731120e7673697f00f	d0243e10264e6905650fb38e4d8ca005a19399c02024aae4fe16def00530fa42	1	0	1	/eos/user/c/cglenn/FCCWork/whizard/whizard_ttbar_spinpol/production/full6f_365gev_ee_ttbar_spinpol_v1/phase11_diagnostics/excess_weight_rootcause_v1/unrestricted_stability_scan_480_v1/20260816T202848Z_unrestricted_A15xS8xF3_np1/fixed/A03_S5/F2/console.log	1
P_A03_S6	adaptive	A03_S6		A03		S6	519963689	958460417	"5:100000:""gw"""		/eos/user/c/cglenn/FCCWork/whizard/whizard_ttbar_spinpol/production/full6f_365gev_ee_ttbar_spinpol_v1/phase11_diagnostics/excess_weight_rootcause_v1/unrestricted_stability_scan_480_v1/20260816T202848Z_unrestricted_A15xS8xF3_np1/adaptive/A03_S6	PASS	PASS	0	20733e0e17025d2c73f73a666c5b62f92c105ca98114231020130b77f5730d5d	0cdec7615ffc93bdc469e4677b3ead46e59169bd71779dbaff93264030f12d2c		0	1		/eos/user/c/cglenn/FCCWork/whizard/whizard_ttbar_spinpol/production/full6f_365gev_ee_ttbar_spinpol_v1/phase11_diagnostics/excess_weight_rootcause_v1/unrestricted_stability_scan_480_v1/20260816T202848Z_unrestricted_A15xS8xF3_np1/adaptive/A03_S6/console.log	1
C_A03_S6_F0	fixed	A03_S6_F0	A03_S6	A03	F0	S6	519963689	958460417	"5:100000:""gw"""	"3:200000:"""""	/eos/user/c/cglenn/FCCWork/whizard/whizard_ttbar_spinpol/production/full6f_365gev_ee_ttbar_spinpol_v1/phase11_diagnostics/excess_weight_rootcause_v1/unrestricted_stability_scan_480_v1/20260816T202848Z_unrestricted_A15xS8xF3_np1/fixed/A03_S6/F0	PASS	PASS	0	20733e0e17025d2c73f73a666c5b62f92c105ca98114231020130b77f5730d5d	6bb1dc1b29c476df869c9849376b888e07acf0c211ece2028189daa1fff05535	0cdec7615ffc93bdc469e4677b3ead46e59169bd71779dbaff93264030f12d2c	1	0	1	/eos/user/c/cglenn/FCCWork/whizard/whizard_ttbar_spinpol/production/full6f_365gev_ee_ttbar_spinpol_v1/phase11_diagnostics/excess_weight_rootcause_v1/unrestricted_stability_scan_480_v1/20260816T202848Z_unrestricted_A15xS8xF3_np1/fixed/A03_S6/F0/console.log	1
C_A03_S6_F1	fixed	A03_S6_F1	A03_S6	A03	F1	S6	519963689	958460417	"5:100000:""gw"""	"1:600000:"""""	/eos/user/c/cglenn/FCCWork/whizard/whizard_ttbar_spinpol/production/full6f_365gev_ee_ttbar_spinpol_v1/phase11_diagnostics/excess_weight_rootcause_v1/unrestricted_stability_scan_480_v1/20260816T202848Z_unrestricted_A15xS8xF3_np1/fixed/A03_S6/F1	PASS	PASS	0	20733e0e17025d2c73f73a666c5b62f92c105ca98114231020130b77f5730d5d	4d07c1f566bc2666173bdef77d5a40bdba014463b6dd068e9d0acf9472a04ee0	0cdec7615ffc93bdc469e4677b3ead46e59169bd71779dbaff93264030f12d2c	1	0	1	/eos/user/c/cglenn/FCCWork/whizard/whizard_ttbar_spinpol/production/full6f_365gev_ee_ttbar_spinpol_v1/phase11_diagnostics/excess_weight_rootcause_v1/unrestricted_stability_scan_480_v1/20260816T202848Z_unrestricted_A15xS8xF3_np1/fixed/A03_S6/F1/console.log	1
C_A03_S6_F2	fixed	A03_S6_F2	A03_S6	A03	F2	S6	519963689	958460417	"5:100000:""gw"""	"1:2000000:"""""	/eos/user/c/cglenn/FCCWork/whizard/whizard_ttbar_spinpol/production/full6f_365gev_ee_ttbar_spinpol_v1/phase11_diagnostics/excess_weight_rootcause_v1/unrestricted_stability_scan_480_v1/20260816T202848Z_unrestricted_A15xS8xF3_np1/fixed/A03_S6/F2	PASS	PASS	0	20733e0e17025d2c73f73a666c5b62f92c105ca98114231020130b77f5730d5d	aab652d3fefaef99f6d769066f771924f4682f1cdff24fe50618eb2b0364ebab	0cdec7615ffc93bdc469e4677b3ead46e59169bd71779dbaff93264030f12d2c	1	0	1	/eos/user/c/cglenn/FCCWork/whizard/whizard_ttbar_spinpol/production/full6f_365gev_ee_ttbar_spinpol_v1/phase11_diagnostics/excess_weight_rootcause_v1/unrestricted_stability_scan_480_v1/20260816T202848Z_unrestricted_A15xS8xF3_np1/fixed/A03_S6/F2/console.log	1
P_A03_S7	adaptive	A03_S7		A03		S7	1552803368	239117595	"5:100000:""gw"""		/eos/user/c/cglenn/FCCWork/whizard/whizard_ttbar_spinpol/production/full6f_365gev_ee_ttbar_spinpol_v1/phase11_diagnostics/excess_weight_rootcause_v1/unrestricted_stability_scan_480_v1/20260816T202848Z_unrestricted_A15xS8xF3_np1/adaptive/A03_S7	PASS	PASS	0	20733e0e17025d2c73f73a666c5b62f92c105ca98114231020130b77f5730d5d	4e2b0ed6868acd206eb69d0454eb1eb6de63956822d392a15c182219b284285d		0	1		/eos/user/c/cglenn/FCCWork/whizard/whizard_ttbar_spinpol/production/full6f_365gev_ee_ttbar_spinpol_v1/phase11_diagnostics/excess_weight_rootcause_v1/unrestricted_stability_scan_480_v1/20260816T202848Z_unrestricted_A15xS8xF3_np1/adaptive/A03_S7/console.log	1
C_A03_S7_F0	fixed	A03_S7_F0	A03_S7	A03	F0	S7	1552803368	239117595	"5:100000:""gw"""	"3:200000:"""""	/eos/user/c/cglenn/FCCWork/whizard/whizard_ttbar_spinpol/production/full6f_365gev_ee_ttbar_spinpol_v1/phase11_diagnostics/excess_weight_rootcause_v1/unrestricted_stability_scan_480_v1/20260816T202848Z_unrestricted_A15xS8xF3_np1/fixed/A03_S7/F0	PASS	PASS	0	20733e0e17025d2c73f73a666c5b62f92c105ca98114231020130b77f5730d5d	c8bea03064bbb83a90c3a2a85e56c23b7b88127cd4c60b2d9e6ff9e1f4b8005c	4e2b0ed6868acd206eb69d0454eb1eb6de63956822d392a15c182219b284285d	1	0	1	/eos/user/c/cglenn/FCCWork/whizard/whizard_ttbar_spinpol/production/full6f_365gev_ee_ttbar_spinpol_v1/phase11_diagnostics/excess_weight_rootcause_v1/unrestricted_stability_scan_480_v1/20260816T202848Z_unrestricted_A15xS8xF3_np1/fixed/A03_S7/F0/console.log	1
C_A03_S7_F1	fixed	A03_S7_F1	A03_S7	A03	F1	S7	1552803368	239117595	"5:100000:""gw"""	"1:600000:"""""	/eos/user/c/cglenn/FCCWork/whizard/whizard_ttbar_spinpol/production/full6f_365gev_ee_ttbar_spinpol_v1/phase11_diagnostics/excess_weight_rootcause_v1/unrestricted_stability_scan_480_v1/20260816T202848Z_unrestricted_A15xS8xF3_np1/fixed/A03_S7/F1	PASS	PASS	0	20733e0e17025d2c73f73a666c5b62f92c105ca98114231020130b77f5730d5d	bc8a4e7711371913e1d71a38264021450205f84f9c582aae8610cdeadf6dd886	4e2b0ed6868acd206eb69d0454eb1eb6de63956822d392a15c182219b284285d	1	0	1	/eos/user/c/cglenn/FCCWork/whizard/whizard_ttbar_spinpol/production/full6f_365gev_ee_ttbar_spinpol_v1/phase11_diagnostics/excess_weight_rootcause_v1/unrestricted_stability_scan_480_v1/20260816T202848Z_unrestricted_A15xS8xF3_np1/fixed/A03_S7/F1/console.log	1
C_A03_S7_F2	fixed	A03_S7_F2	A03_S7	A03	F2	S7	1552803368	239117595	"5:100000:""gw"""	"1:2000000:"""""	/eos/user/c/cglenn/FCCWork/whizard/whizard_ttbar_spinpol/production/full6f_365gev_ee_ttbar_spinpol_v1/phase11_diagnostics/excess_weight_rootcause_v1/unrestricted_stability_scan_480_v1/20260816T202848Z_unrestricted_A15xS8xF3_np1/fixed/A03_S7/F2	PASS	PASS	0	20733e0e17025d2c73f73a666c5b62f92c105ca98114231020130b77f5730d5d	5d1effa6910d087d85d9a91503bfee24f54a31720a76c0cf314c43404fc31399	4e2b0ed6868acd206eb69d0454eb1eb6de63956822d392a15c182219b284285d	1	0	1	/eos/user/c/cglenn/FCCWork/whizard/whizard_ttbar_spinpol/production/full6f_365gev_ee_ttbar_spinpol_v1/phase11_diagnostics/excess_weight_rootcause_v1/unrestricted_stability_scan_480_v1/20260816T202848Z_unrestricted_A15xS8xF3_np1/fixed/A03_S7/F2/console.log	1
P_A04_S0	adaptive	A04_S0		A04		S0	1740114216	648318690	"2:250000:""gw"""		/eos/user/c/cglenn/FCCWork/whizard/whizard_ttbar_spinpol/production/full6f_365gev_ee_ttbar_spinpol_v1/phase11_diagnostics/excess_weight_rootcause_v1/unrestricted_stability_scan_480_v1/20260816T202848Z_unrestricted_A15xS8xF3_np1/adaptive/A04_S0	PASS	PASS	0	20733e0e17025d2c73f73a666c5b62f92c105ca98114231020130b77f5730d5d	7cc978d2e2b5f1c8bb948e86c63ccb500e6661c3ba39b7f711c8cd4586b86581		0	1		/eos/user/c/cglenn/FCCWork/whizard/whizard_ttbar_spinpol/production/full6f_365gev_ee_ttbar_spinpol_v1/phase11_diagnostics/excess_weight_rootcause_v1/unrestricted_stability_scan_480_v1/20260816T202848Z_unrestricted_A15xS8xF3_np1/adaptive/A04_S0/console.log	1
C_A04_S0_F0	fixed	A04_S0_F0	A04_S0	A04	F0	S0	1740114216	648318690	"2:250000:""gw"""	"3:200000:"""""	/eos/user/c/cglenn/FCCWork/whizard/whizard_ttbar_spinpol/production/full6f_365gev_ee_ttbar_spinpol_v1/phase11_diagnostics/excess_weight_rootcause_v1/unrestricted_stability_scan_480_v1/20260816T202848Z_unrestricted_A15xS8xF3_np1/fixed/A04_S0/F0	PASS	PASS	0	20733e0e17025d2c73f73a666c5b62f92c105ca98114231020130b77f5730d5d	bf6fc581717d5eac18e1b645162a645f23aa5fb1ff47bea543b29025f775923b	7cc978d2e2b5f1c8bb948e86c63ccb500e6661c3ba39b7f711c8cd4586b86581	1	0	1	/eos/user/c/cglenn/FCCWork/whizard/whizard_ttbar_spinpol/production/full6f_365gev_ee_ttbar_spinpol_v1/phase11_diagnostics/excess_weight_rootcause_v1/unrestricted_stability_scan_480_v1/20260816T202848Z_unrestricted_A15xS8xF3_np1/fixed/A04_S0/F0/console.log	1
C_A04_S0_F1	fixed	A04_S0_F1	A04_S0	A04	F1	S0	1740114216	648318690	"2:250000:""gw"""	"1:600000:"""""	/eos/user/c/cglenn/FCCWork/whizard/whizard_ttbar_spinpol/production/full6f_365gev_ee_ttbar_spinpol_v1/phase11_diagnostics/excess_weight_rootcause_v1/unrestricted_stability_scan_480_v1/20260816T202848Z_unrestricted_A15xS8xF3_np1/fixed/A04_S0/F1	PASS	PASS	0	20733e0e17025d2c73f73a666c5b62f92c105ca98114231020130b77f5730d5d	2bf9e51f77add08e396cf8ef1be6410e122fa7ac2322e5aad4e7ba98382b3d09	7cc978d2e2b5f1c8bb948e86c63ccb500e6661c3ba39b7f711c8cd4586b86581	1	0	1	/eos/user/c/cglenn/FCCWork/whizard/whizard_ttbar_spinpol/production/full6f_365gev_ee_ttbar_spinpol_v1/phase11_diagnostics/excess_weight_rootcause_v1/unrestricted_stability_scan_480_v1/20260816T202848Z_unrestricted_A15xS8xF3_np1/fixed/A04_S0/F1/console.log	1
C_A04_S0_F2	fixed	A04_S0_F2	A04_S0	A04	F2	S0	1740114216	648318690	"2:250000:""gw"""	"1:2000000:"""""	/eos/user/c/cglenn/FCCWork/whizard/whizard_ttbar_spinpol/production/full6f_365gev_ee_ttbar_spinpol_v1/phase11_diagnostics/excess_weight_rootcause_v1/unrestricted_stability_scan_480_v1/20260816T202848Z_unrestricted_A15xS8xF3_np1/fixed/A04_S0/F2	PASS	PASS	0	20733e0e17025d2c73f73a666c5b62f92c105ca98114231020130b77f5730d5d	ecdc80a3d1a515864b9d5e576d87f45fbbbd78d4d74bf208ae8658f8e19ae196	7cc978d2e2b5f1c8bb948e86c63ccb500e6661c3ba39b7f711c8cd4586b86581	1	0	1	/eos/user/c/cglenn/FCCWork/whizard/whizard_ttbar_spinpol/production/full6f_365gev_ee_ttbar_spinpol_v1/phase11_diagnostics/excess_weight_rootcause_v1/unrestricted_stability_scan_480_v1/20260816T202848Z_unrestricted_A15xS8xF3_np1/fixed/A04_S0/F2/console.log	1
P_A04_S1	adaptive	A04_S1		A04		S1	1751949026	1404282457	"2:250000:""gw"""		/eos/user/c/cglenn/FCCWork/whizard/whizard_ttbar_spinpol/production/full6f_365gev_ee_ttbar_spinpol_v1/phase11_diagnostics/excess_weight_rootcause_v1/unrestricted_stability_scan_480_v1/20260816T202848Z_unrestricted_A15xS8xF3_np1/adaptive/A04_S1	PASS	PASS	0	20733e0e17025d2c73f73a666c5b62f92c105ca98114231020130b77f5730d5d	8e4eee0f979c31a5de70e7ea4ad1f8eae66669c0cdc7aeca12a5fccf90f3446a		0	1		/eos/user/c/cglenn/FCCWork/whizard/whizard_ttbar_spinpol/production/full6f_365gev_ee_ttbar_spinpol_v1/phase11_diagnostics/excess_weight_rootcause_v1/unrestricted_stability_scan_480_v1/20260816T202848Z_unrestricted_A15xS8xF3_np1/adaptive/A04_S1/console.log	1
C_A04_S1_F0	fixed	A04_S1_F0	A04_S1	A04	F0	S1	1751949026	1404282457	"2:250000:""gw"""	"3:200000:"""""	/eos/user/c/cglenn/FCCWork/whizard/whizard_ttbar_spinpol/production/full6f_365gev_ee_ttbar_spinpol_v1/phase11_diagnostics/excess_weight_rootcause_v1/unrestricted_stability_scan_480_v1/20260816T202848Z_unrestricted_A15xS8xF3_np1/fixed/A04_S1/F0	PASS	PASS	0	20733e0e17025d2c73f73a666c5b62f92c105ca98114231020130b77f5730d5d	db8553b975fd35e9ecfe26dc4054c2fb2126909e53ac437a9cf93d78a8f7c8f5	8e4eee0f979c31a5de70e7ea4ad1f8eae66669c0cdc7aeca12a5fccf90f3446a	1	0	1	/eos/user/c/cglenn/FCCWork/whizard/whizard_ttbar_spinpol/production/full6f_365gev_ee_ttbar_spinpol_v1/phase11_diagnostics/excess_weight_rootcause_v1/unrestricted_stability_scan_480_v1/20260816T202848Z_unrestricted_A15xS8xF3_np1/fixed/A04_S1/F0/console.log	1
C_A04_S1_F1	fixed	A04_S1_F1	A04_S1	A04	F1	S1	1751949026	1404282457	"2:250000:""gw"""	"1:600000:"""""	/eos/user/c/cglenn/FCCWork/whizard/whizard_ttbar_spinpol/production/full6f_365gev_ee_ttbar_spinpol_v1/phase11_diagnostics/excess_weight_rootcause_v1/unrestricted_stability_scan_480_v1/20260816T202848Z_unrestricted_A15xS8xF3_np1/fixed/A04_S1/F1	PASS	PASS	0	20733e0e17025d2c73f73a666c5b62f92c105ca98114231020130b77f5730d5d	bbb157c46ff3ce5aa28dae3f971a4801bb17ac283c10524446a00a0861dc339d	8e4eee0f979c31a5de70e7ea4ad1f8eae66669c0cdc7aeca12a5fccf90f3446a	1	0	1	/eos/user/c/cglenn/FCCWork/whizard/whizard_ttbar_spinpol/production/full6f_365gev_ee_ttbar_spinpol_v1/phase11_diagnostics/excess_weight_rootcause_v1/unrestricted_stability_scan_480_v1/20260816T202848Z_unrestricted_A15xS8xF3_np1/fixed/A04_S1/F1/console.log	1
C_A04_S1_F2	fixed	A04_S1_F2	A04_S1	A04	F2	S1	1751949026	1404282457	"2:250000:""gw"""	"1:2000000:"""""	/eos/user/c/cglenn/FCCWork/whizard/whizard_ttbar_spinpol/production/full6f_365gev_ee_ttbar_spinpol_v1/phase11_diagnostics/excess_weight_rootcause_v1/unrestricted_stability_scan_480_v1/20260816T202848Z_unrestricted_A15xS8xF3_np1/fixed/A04_S1/F2	PASS	PASS	0	20733e0e17025d2c73f73a666c5b62f92c105ca98114231020130b77f5730d5d	84ca0fc8dc8da4f7bc30143c555ee7dfd44727ec715f859f4d44098f3536cfbd	8e4eee0f979c31a5de70e7ea4ad1f8eae66669c0cdc7aeca12a5fccf90f3446a	1	0	1	/eos/user/c/cglenn/FCCWork/whizard/whizard_ttbar_spinpol/production/full6f_365gev_ee_ttbar_spinpol_v1/phase11_diagnostics/excess_weight_rootcause_v1/unrestricted_stability_scan_480_v1/20260816T202848Z_unrestricted_A15xS8xF3_np1/fixed/A04_S1/F2/console.log	1
P_A04_S2	adaptive	A04_S2		A04		S2	1885084773	1596606550	"2:250000:""gw"""		/eos/user/c/cglenn/FCCWork/whizard/whizard_ttbar_spinpol/production/full6f_365gev_ee_ttbar_spinpol_v1/phase11_diagnostics/excess_weight_rootcause_v1/unrestricted_stability_scan_480_v1/20260816T202848Z_unrestricted_A15xS8xF3_np1/adaptive/A04_S2	PASS	PASS	0	20733e0e17025d2c73f73a666c5b62f92c105ca98114231020130b77f5730d5d	7c197e78df284ebfb582dd7349fbab9c40ece19e0dda3398831995585b647562		0	1		/eos/user/c/cglenn/FCCWork/whizard/whizard_ttbar_spinpol/production/full6f_365gev_ee_ttbar_spinpol_v1/phase11_diagnostics/excess_weight_rootcause_v1/unrestricted_stability_scan_480_v1/20260816T202848Z_unrestricted_A15xS8xF3_np1/adaptive/A04_S2/console.log	1
C_A04_S2_F0	fixed	A04_S2_F0	A04_S2	A04	F0	S2	1885084773	1596606550	"2:250000:""gw"""	"3:200000:"""""	/eos/user/c/cglenn/FCCWork/whizard/whizard_ttbar_spinpol/production/full6f_365gev_ee_ttbar_spinpol_v1/phase11_diagnostics/excess_weight_rootcause_v1/unrestricted_stability_scan_480_v1/20260816T202848Z_unrestricted_A15xS8xF3_np1/fixed/A04_S2/F0	PASS	PASS	0	20733e0e17025d2c73f73a666c5b62f92c105ca98114231020130b77f5730d5d	d3b9521cbbf424ff76dcf25343a99885801b0fb7ad6991cdbe138ef132482f5a	7c197e78df284ebfb582dd7349fbab9c40ece19e0dda3398831995585b647562	1	0	1	/eos/user/c/cglenn/FCCWork/whizard/whizard_ttbar_spinpol/production/full6f_365gev_ee_ttbar_spinpol_v1/phase11_diagnostics/excess_weight_rootcause_v1/unrestricted_stability_scan_480_v1/20260816T202848Z_unrestricted_A15xS8xF3_np1/fixed/A04_S2/F0/console.log	1
C_A04_S2_F1	fixed	A04_S2_F1	A04_S2	A04	F1	S2	1885084773	1596606550	"2:250000:""gw"""	"1:600000:"""""	/eos/user/c/cglenn/FCCWork/whizard/whizard_ttbar_spinpol/production/full6f_365gev_ee_ttbar_spinpol_v1/phase11_diagnostics/excess_weight_rootcause_v1/unrestricted_stability_scan_480_v1/20260816T202848Z_unrestricted_A15xS8xF3_np1/fixed/A04_S2/F1	PASS	PASS	0	20733e0e17025d2c73f73a666c5b62f92c105ca98114231020130b77f5730d5d	da78d11ac41d4a2292112ebdfd6ead22b6ee96b9058aead0a95f80293afee5ed	7c197e78df284ebfb582dd7349fbab9c40ece19e0dda3398831995585b647562	1	0	1	/eos/user/c/cglenn/FCCWork/whizard/whizard_ttbar_spinpol/production/full6f_365gev_ee_ttbar_spinpol_v1/phase11_diagnostics/excess_weight_rootcause_v1/unrestricted_stability_scan_480_v1/20260816T202848Z_unrestricted_A15xS8xF3_np1/fixed/A04_S2/F1/console.log	1
C_A04_S2_F2	fixed	A04_S2_F2	A04_S2	A04	F2	S2	1885084773	1596606550	"2:250000:""gw"""	"1:2000000:"""""	/eos/user/c/cglenn/FCCWork/whizard/whizard_ttbar_spinpol/production/full6f_365gev_ee_ttbar_spinpol_v1/phase11_diagnostics/excess_weight_rootcause_v1/unrestricted_stability_scan_480_v1/20260816T202848Z_unrestricted_A15xS8xF3_np1/fixed/A04_S2/F2	PASS	PASS	0	20733e0e17025d2c73f73a666c5b62f92c105ca98114231020130b77f5730d5d	f5d74bf5885cdf628182f40423dd94411c17926b488d43f7f4f379e84d6124ab	7c197e78df284ebfb582dd7349fbab9c40ece19e0dda3398831995585b647562	1	0	1	/eos/user/c/cglenn/FCCWork/whizard/whizard_ttbar_spinpol/production/full6f_365gev_ee_ttbar_spinpol_v1/phase11_diagnostics/excess_weight_rootcause_v1/unrestricted_stability_scan_480_v1/20260816T202848Z_unrestricted_A15xS8xF3_np1/fixed/A04_S2/F2/console.log	1
P_A04_S3	adaptive	A04_S3		A04		S3	134326786	769890491	"2:250000:""gw"""		/eos/user/c/cglenn/FCCWork/whizard/whizard_ttbar_spinpol/production/full6f_365gev_ee_ttbar_spinpol_v1/phase11_diagnostics/excess_weight_rootcause_v1/unrestricted_stability_scan_480_v1/20260816T202848Z_unrestricted_A15xS8xF3_np1/adaptive/A04_S3	PASS	PASS	0	20733e0e17025d2c73f73a666c5b62f92c105ca98114231020130b77f5730d5d	571daf02485c5b04b9342b952f4366e75c4b7383e054bad7194f542dc9007af2		0	1		/eos/user/c/cglenn/FCCWork/whizard/whizard_ttbar_spinpol/production/full6f_365gev_ee_ttbar_spinpol_v1/phase11_diagnostics/excess_weight_rootcause_v1/unrestricted_stability_scan_480_v1/20260816T202848Z_unrestricted_A15xS8xF3_np1/adaptive/A04_S3/console.log	1
C_A04_S3_F0	fixed	A04_S3_F0	A04_S3	A04	F0	S3	134326786	769890491	"2:250000:""gw"""	"3:200000:"""""	/eos/user/c/cglenn/FCCWork/whizard/whizard_ttbar_spinpol/production/full6f_365gev_ee_ttbar_spinpol_v1/phase11_diagnostics/excess_weight_rootcause_v1/unrestricted_stability_scan_480_v1/20260816T202848Z_unrestricted_A15xS8xF3_np1/fixed/A04_S3/F0	PASS	PASS	0	20733e0e17025d2c73f73a666c5b62f92c105ca98114231020130b77f5730d5d	18e71c659d0f9bb9b5ff1c9b22eda3d00a94610f0603d6d8ec91b8ccbd2006db	571daf02485c5b04b9342b952f4366e75c4b7383e054bad7194f542dc9007af2	1	0	1	/eos/user/c/cglenn/FCCWork/whizard/whizard_ttbar_spinpol/production/full6f_365gev_ee_ttbar_spinpol_v1/phase11_diagnostics/excess_weight_rootcause_v1/unrestricted_stability_scan_480_v1/20260816T202848Z_unrestricted_A15xS8xF3_np1/fixed/A04_S3/F0/console.log	1
C_A04_S3_F1	fixed	A04_S3_F1	A04_S3	A04	F1	S3	134326786	769890491	"2:250000:""gw"""	"1:600000:"""""	/eos/user/c/cglenn/FCCWork/whizard/whizard_ttbar_spinpol/production/full6f_365gev_ee_ttbar_spinpol_v1/phase11_diagnostics/excess_weight_rootcause_v1/unrestricted_stability_scan_480_v1/20260816T202848Z_unrestricted_A15xS8xF3_np1/fixed/A04_S3/F1	PASS	PASS	0	20733e0e17025d2c73f73a666c5b62f92c105ca98114231020130b77f5730d5d	449af8d2e18d79f047dce7cd714b31fc2221c301f9bd2dc6bbf0469fc0b3d5c7	571daf02485c5b04b9342b952f4366e75c4b7383e054bad7194f542dc9007af2	1	0	1	/eos/user/c/cglenn/FCCWork/whizard/whizard_ttbar_spinpol/production/full6f_365gev_ee_ttbar_spinpol_v1/phase11_diagnostics/excess_weight_rootcause_v1/unrestricted_stability_scan_480_v1/20260816T202848Z_unrestricted_A15xS8xF3_np1/fixed/A04_S3/F1/console.log	1
C_A04_S3_F2	fixed	A04_S3_F2	A04_S3	A04	F2	S3	134326786	769890491	"2:250000:""gw"""	"1:2000000:"""""	/eos/user/c/cglenn/FCCWork/whizard/whizard_ttbar_spinpol/production/full6f_365gev_ee_ttbar_spinpol_v1/phase11_diagnostics/excess_weight_rootcause_v1/unrestricted_stability_scan_480_v1/20260816T202848Z_unrestricted_A15xS8xF3_np1/fixed/A04_S3/F2	PASS	PASS	0	20733e0e17025d2c73f73a666c5b62f92c105ca98114231020130b77f5730d5d	8c7ea26c17b2a5b8e825a45995ade88e16757fca3686b26975c83a734f49a4fc	571daf02485c5b04b9342b952f4366e75c4b7383e054bad7194f542dc9007af2	1	0	1	/eos/user/c/cglenn/FCCWork/whizard/whizard_ttbar_spinpol/production/full6f_365gev_ee_ttbar_spinpol_v1/phase11_diagnostics/excess_weight_rootcause_v1/unrestricted_stability_scan_480_v1/20260816T202848Z_unrestricted_A15xS8xF3_np1/fixed/A04_S3/F2/console.log	1
P_A04_S4	adaptive	A04_S4		A04		S4	249371675	462903030	"2:250000:""gw"""		/eos/user/c/cglenn/FCCWork/whizard/whizard_ttbar_spinpol/production/full6f_365gev_ee_ttbar_spinpol_v1/phase11_diagnostics/excess_weight_rootcause_v1/unrestricted_stability_scan_480_v1/20260816T202848Z_unrestricted_A15xS8xF3_np1/adaptive/A04_S4	PASS	PASS	0	20733e0e17025d2c73f73a666c5b62f92c105ca98114231020130b77f5730d5d	bf1fa8e3ec36ba1c0647c4f9812b9e9cdd2ba92e7a2faf3d7bec5738dcf35fe3		0	1		/eos/user/c/cglenn/FCCWork/whizard/whizard_ttbar_spinpol/production/full6f_365gev_ee_ttbar_spinpol_v1/phase11_diagnostics/excess_weight_rootcause_v1/unrestricted_stability_scan_480_v1/20260816T202848Z_unrestricted_A15xS8xF3_np1/adaptive/A04_S4/console.log	1
C_A04_S4_F0	fixed	A04_S4_F0	A04_S4	A04	F0	S4	249371675	462903030	"2:250000:""gw"""	"3:200000:"""""	/eos/user/c/cglenn/FCCWork/whizard/whizard_ttbar_spinpol/production/full6f_365gev_ee_ttbar_spinpol_v1/phase11_diagnostics/excess_weight_rootcause_v1/unrestricted_stability_scan_480_v1/20260816T202848Z_unrestricted_A15xS8xF3_np1/fixed/A04_S4/F0	PASS	PASS	0	20733e0e17025d2c73f73a666c5b62f92c105ca98114231020130b77f5730d5d	1e260842c931cabc1e6a696a5f9eb8212fe54c75e5e37c06f73239026d74b9e7	bf1fa8e3ec36ba1c0647c4f9812b9e9cdd2ba92e7a2faf3d7bec5738dcf35fe3	1	0	1	/eos/user/c/cglenn/FCCWork/whizard/whizard_ttbar_spinpol/production/full6f_365gev_ee_ttbar_spinpol_v1/phase11_diagnostics/excess_weight_rootcause_v1/unrestricted_stability_scan_480_v1/20260816T202848Z_unrestricted_A15xS8xF3_np1/fixed/A04_S4/F0/console.log	1
C_A04_S4_F1	fixed	A04_S4_F1	A04_S4	A04	F1	S4	249371675	462903030	"2:250000:""gw"""	"1:600000:"""""	/eos/user/c/cglenn/FCCWork/whizard/whizard_ttbar_spinpol/production/full6f_365gev_ee_ttbar_spinpol_v1/phase11_diagnostics/excess_weight_rootcause_v1/unrestricted_stability_scan_480_v1/20260816T202848Z_unrestricted_A15xS8xF3_np1/fixed/A04_S4/F1	PASS	PASS	0	20733e0e17025d2c73f73a666c5b62f92c105ca98114231020130b77f5730d5d	ed20d78597d0649c02f20949f926935a50e0dc95fe2ff04de2b7a349c6cb5f99	bf1fa8e3ec36ba1c0647c4f9812b9e9cdd2ba92e7a2faf3d7bec5738dcf35fe3	1	0	1	/eos/user/c/cglenn/FCCWork/whizard/whizard_ttbar_spinpol/production/full6f_365gev_ee_ttbar_spinpol_v1/phase11_diagnostics/excess_weight_rootcause_v1/unrestricted_stability_scan_480_v1/20260816T202848Z_unrestricted_A15xS8xF3_np1/fixed/A04_S4/F1/console.log	1
C_A04_S4_F2	fixed	A04_S4_F2	A04_S4	A04	F2	S4	249371675	462903030	"2:250000:""gw"""	"1:2000000:"""""	/eos/user/c/cglenn/FCCWork/whizard/whizard_ttbar_spinpol/production/full6f_365gev_ee_ttbar_spinpol_v1/phase11_diagnostics/excess_weight_rootcause_v1/unrestricted_stability_scan_480_v1/20260816T202848Z_unrestricted_A15xS8xF3_np1/fixed/A04_S4/F2	PASS	PASS	0	20733e0e17025d2c73f73a666c5b62f92c105ca98114231020130b77f5730d5d	42734ba2d493c8c0d2798d659588f05375d1b4a06ea3bfeaf6daa14c78a60631	bf1fa8e3ec36ba1c0647c4f9812b9e9cdd2ba92e7a2faf3d7bec5738dcf35fe3	1	0	1	/eos/user/c/cglenn/FCCWork/whizard/whizard_ttbar_spinpol/production/full6f_365gev_ee_ttbar_spinpol_v1/phase11_diagnostics/excess_weight_rootcause_v1/unrestricted_stability_scan_480_v1/20260816T202848Z_unrestricted_A15xS8xF3_np1/fixed/A04_S4/F2/console.log	1
P_A04_S5	adaptive	A04_S5		A04		S5	531087687	197846737	"2:250000:""gw"""		/eos/user/c/cglenn/FCCWork/whizard/whizard_ttbar_spinpol/production/full6f_365gev_ee_ttbar_spinpol_v1/phase11_diagnostics/excess_weight_rootcause_v1/unrestricted_stability_scan_480_v1/20260816T202848Z_unrestricted_A15xS8xF3_np1/adaptive/A04_S5	PASS	PASS	0	20733e0e17025d2c73f73a666c5b62f92c105ca98114231020130b77f5730d5d	4cf5abb66c18600ebb3781fd739bbae1c4c12eff4b4c207b5367e1174d933a3b		0	1		/eos/user/c/cglenn/FCCWork/whizard/whizard_ttbar_spinpol/production/full6f_365gev_ee_ttbar_spinpol_v1/phase11_diagnostics/excess_weight_rootcause_v1/unrestricted_stability_scan_480_v1/20260816T202848Z_unrestricted_A15xS8xF3_np1/adaptive/A04_S5/console.log	1
C_A04_S5_F0	fixed	A04_S5_F0	A04_S5	A04	F0	S5	531087687	197846737	"2:250000:""gw"""	"3:200000:"""""	/eos/user/c/cglenn/FCCWork/whizard/whizard_ttbar_spinpol/production/full6f_365gev_ee_ttbar_spinpol_v1/phase11_diagnostics/excess_weight_rootcause_v1/unrestricted_stability_scan_480_v1/20260816T202848Z_unrestricted_A15xS8xF3_np1/fixed/A04_S5/F0	PASS	PASS	0	20733e0e17025d2c73f73a666c5b62f92c105ca98114231020130b77f5730d5d	1d26985a5e7850355321e01e7f67171bbf56b9705b187fb21f5a2a23bf1a7d25	4cf5abb66c18600ebb3781fd739bbae1c4c12eff4b4c207b5367e1174d933a3b	1	0	1	/eos/user/c/cglenn/FCCWork/whizard/whizard_ttbar_spinpol/production/full6f_365gev_ee_ttbar_spinpol_v1/phase11_diagnostics/excess_weight_rootcause_v1/unrestricted_stability_scan_480_v1/20260816T202848Z_unrestricted_A15xS8xF3_np1/fixed/A04_S5/F0/console.log	1
C_A04_S5_F1	fixed	A04_S5_F1	A04_S5	A04	F1	S5	531087687	197846737	"2:250000:""gw"""	"1:600000:"""""	/eos/user/c/cglenn/FCCWork/whizard/whizard_ttbar_spinpol/production/full6f_365gev_ee_ttbar_spinpol_v1/phase11_diagnostics/excess_weight_rootcause_v1/unrestricted_stability_scan_480_v1/20260816T202848Z_unrestricted_A15xS8xF3_np1/fixed/A04_S5/F1	PASS	PASS	0	20733e0e17025d2c73f73a666c5b62f92c105ca98114231020130b77f5730d5d	aac153136ea76432beba77136f7bff4e9546f574e57cba847f6f960a9aa89bd7	4cf5abb66c18600ebb3781fd739bbae1c4c12eff4b4c207b5367e1174d933a3b	1	0	1	/eos/user/c/cglenn/FCCWork/whizard/whizard_ttbar_spinpol/production/full6f_365gev_ee_ttbar_spinpol_v1/phase11_diagnostics/excess_weight_rootcause_v1/unrestricted_stability_scan_480_v1/20260816T202848Z_unrestricted_A15xS8xF3_np1/fixed/A04_S5/F1/console.log	1
C_A04_S5_F2	fixed	A04_S5_F2	A04_S5	A04	F2	S5	531087687	197846737	"2:250000:""gw"""	"1:2000000:"""""	/eos/user/c/cglenn/FCCWork/whizard/whizard_ttbar_spinpol/production/full6f_365gev_ee_ttbar_spinpol_v1/phase11_diagnostics/excess_weight_rootcause_v1/unrestricted_stability_scan_480_v1/20260816T202848Z_unrestricted_A15xS8xF3_np1/fixed/A04_S5/F2	PASS	PASS	0	20733e0e17025d2c73f73a666c5b62f92c105ca98114231020130b77f5730d5d	7bdf72c2c56024ae33e6eaf4a57602072953a3240e7cd1b6d2cb723ffbaec181	4cf5abb66c18600ebb3781fd739bbae1c4c12eff4b4c207b5367e1174d933a3b	1	0	1	/eos/user/c/cglenn/FCCWork/whizard/whizard_ttbar_spinpol/production/full6f_365gev_ee_ttbar_spinpol_v1/phase11_diagnostics/excess_weight_rootcause_v1/unrestricted_stability_scan_480_v1/20260816T202848Z_unrestricted_A15xS8xF3_np1/fixed/A04_S5/F2/console.log	1
P_A04_S6	adaptive	A04_S6		A04		S6	519963689	958460417	"2:250000:""gw"""		/eos/user/c/cglenn/FCCWork/whizard/whizard_ttbar_spinpol/production/full6f_365gev_ee_ttbar_spinpol_v1/phase11_diagnostics/excess_weight_rootcause_v1/unrestricted_stability_scan_480_v1/20260816T202848Z_unrestricted_A15xS8xF3_np1/adaptive/A04_S6	PASS	PASS	0	20733e0e17025d2c73f73a666c5b62f92c105ca98114231020130b77f5730d5d	a95f71424988ba5f452e9efedbc8345a9aa91542377afe48ce032244050a714b		0	1		/eos/user/c/cglenn/FCCWork/whizard/whizard_ttbar_spinpol/production/full6f_365gev_ee_ttbar_spinpol_v1/phase11_diagnostics/excess_weight_rootcause_v1/unrestricted_stability_scan_480_v1/20260816T202848Z_unrestricted_A15xS8xF3_np1/adaptive/A04_S6/console.log	1
C_A04_S6_F0	fixed	A04_S6_F0	A04_S6	A04	F0	S6	519963689	958460417	"2:250000:""gw"""	"3:200000:"""""	/eos/user/c/cglenn/FCCWork/whizard/whizard_ttbar_spinpol/production/full6f_365gev_ee_ttbar_spinpol_v1/phase11_diagnostics/excess_weight_rootcause_v1/unrestricted_stability_scan_480_v1/20260816T202848Z_unrestricted_A15xS8xF3_np1/fixed/A04_S6/F0	PASS	PASS	0	20733e0e17025d2c73f73a666c5b62f92c105ca98114231020130b77f5730d5d	c449b5533c7c65a2e19c8aae8c008567d98435e7f850b0a698fd1c41d0423ad5	a95f71424988ba5f452e9efedbc8345a9aa91542377afe48ce032244050a714b	1	0	1	/eos/user/c/cglenn/FCCWork/whizard/whizard_ttbar_spinpol/production/full6f_365gev_ee_ttbar_spinpol_v1/phase11_diagnostics/excess_weight_rootcause_v1/unrestricted_stability_scan_480_v1/20260816T202848Z_unrestricted_A15xS8xF3_np1/fixed/A04_S6/F0/console.log	1
C_A04_S6_F1	fixed	A04_S6_F1	A04_S6	A04	F1	S6	519963689	958460417	"2:250000:""gw"""	"1:600000:"""""	/eos/user/c/cglenn/FCCWork/whizard/whizard_ttbar_spinpol/production/full6f_365gev_ee_ttbar_spinpol_v1/phase11_diagnostics/excess_weight_rootcause_v1/unrestricted_stability_scan_480_v1/20260816T202848Z_unrestricted_A15xS8xF3_np1/fixed/A04_S6/F1	PASS	PASS	0	20733e0e17025d2c73f73a666c5b62f92c105ca98114231020130b77f5730d5d	a9ef99402e0be1c6f5427fd25580cfb7bacc1f0dbebf5c1ead59f9d8952e4a76	a95f71424988ba5f452e9efedbc8345a9aa91542377afe48ce032244050a714b	1	0	1	/eos/user/c/cglenn/FCCWork/whizard/whizard_ttbar_spinpol/production/full6f_365gev_ee_ttbar_spinpol_v1/phase11_diagnostics/excess_weight_rootcause_v1/unrestricted_stability_scan_480_v1/20260816T202848Z_unrestricted_A15xS8xF3_np1/fixed/A04_S6/F1/console.log	1
C_A04_S6_F2	fixed	A04_S6_F2	A04_S6	A04	F2	S6	519963689	958460417	"2:250000:""gw"""	"1:2000000:"""""	/eos/user/c/cglenn/FCCWork/whizard/whizard_ttbar_spinpol/production/full6f_365gev_ee_ttbar_spinpol_v1/phase11_diagnostics/excess_weight_rootcause_v1/unrestricted_stability_scan_480_v1/20260816T202848Z_unrestricted_A15xS8xF3_np1/fixed/A04_S6/F2	PASS	PASS	0	20733e0e17025d2c73f73a666c5b62f92c105ca98114231020130b77f5730d5d	1e2cdf62045810ea5116f5a7126f8597b781b8ccf8a6b3e61de2e1f94ce81d97	a95f71424988ba5f452e9efedbc8345a9aa91542377afe48ce032244050a714b	1	0	1	/eos/user/c/cglenn/FCCWork/whizard/whizard_ttbar_spinpol/production/full6f_365gev_ee_ttbar_spinpol_v1/phase11_diagnostics/excess_weight_rootcause_v1/unrestricted_stability_scan_480_v1/20260816T202848Z_unrestricted_A15xS8xF3_np1/fixed/A04_S6/F2/console.log	1
P_A04_S7	adaptive	A04_S7		A04		S7	1552803368	239117595	"2:250000:""gw"""		/eos/user/c/cglenn/FCCWork/whizard/whizard_ttbar_spinpol/production/full6f_365gev_ee_ttbar_spinpol_v1/phase11_diagnostics/excess_weight_rootcause_v1/unrestricted_stability_scan_480_v1/20260816T202848Z_unrestricted_A15xS8xF3_np1/adaptive/A04_S7	PASS	PASS	0	20733e0e17025d2c73f73a666c5b62f92c105ca98114231020130b77f5730d5d	fa7123b6e7438e7f46e2ebce73f3f4222b14da2b2edf86f21de881a82672ae57		0	1		/eos/user/c/cglenn/FCCWork/whizard/whizard_ttbar_spinpol/production/full6f_365gev_ee_ttbar_spinpol_v1/phase11_diagnostics/excess_weight_rootcause_v1/unrestricted_stability_scan_480_v1/20260816T202848Z_unrestricted_A15xS8xF3_np1/adaptive/A04_S7/console.log	1
C_A04_S7_F0	fixed	A04_S7_F0	A04_S7	A04	F0	S7	1552803368	239117595	"2:250000:""gw"""	"3:200000:"""""	/eos/user/c/cglenn/FCCWork/whizard/whizard_ttbar_spinpol/production/full6f_365gev_ee_ttbar_spinpol_v1/phase11_diagnostics/excess_weight_rootcause_v1/unrestricted_stability_scan_480_v1/20260816T202848Z_unrestricted_A15xS8xF3_np1/fixed/A04_S7/F0	PASS	PASS	0	20733e0e17025d2c73f73a666c5b62f92c105ca98114231020130b77f5730d5d	d59b994ffb5070ebe13bcd535089e5466ea825ea9ae7faa83fe6be951dd11713	fa7123b6e7438e7f46e2ebce73f3f4222b14da2b2edf86f21de881a82672ae57	1	0	1	/eos/user/c/cglenn/FCCWork/whizard/whizard_ttbar_spinpol/production/full6f_365gev_ee_ttbar_spinpol_v1/phase11_diagnostics/excess_weight_rootcause_v1/unrestricted_stability_scan_480_v1/20260816T202848Z_unrestricted_A15xS8xF3_np1/fixed/A04_S7/F0/console.log	1
C_A04_S7_F1	fixed	A04_S7_F1	A04_S7	A04	F1	S7	1552803368	239117595	"2:250000:""gw"""	"1:600000:"""""	/eos/user/c/cglenn/FCCWork/whizard/whizard_ttbar_spinpol/production/full6f_365gev_ee_ttbar_spinpol_v1/phase11_diagnostics/excess_weight_rootcause_v1/unrestricted_stability_scan_480_v1/20260816T202848Z_unrestricted_A15xS8xF3_np1/fixed/A04_S7/F1	PASS	PASS	0	20733e0e17025d2c73f73a666c5b62f92c105ca98114231020130b77f5730d5d	ccba50fe077ffb811fb204e7d8c03b6e0b8840c7e2961456d1279bd72d969857	fa7123b6e7438e7f46e2ebce73f3f4222b14da2b2edf86f21de881a82672ae57	1	0	1	/eos/user/c/cglenn/FCCWork/whizard/whizard_ttbar_spinpol/production/full6f_365gev_ee_ttbar_spinpol_v1/phase11_diagnostics/excess_weight_rootcause_v1/unrestricted_stability_scan_480_v1/20260816T202848Z_unrestricted_A15xS8xF3_np1/fixed/A04_S7/F1/console.log	1
C_A04_S7_F2	fixed	A04_S7_F2	A04_S7	A04	F2	S7	1552803368	239117595	"2:250000:""gw"""	"1:2000000:"""""	/eos/user/c/cglenn/FCCWork/whizard/whizard_ttbar_spinpol/production/full6f_365gev_ee_ttbar_spinpol_v1/phase11_diagnostics/excess_weight_rootcause_v1/unrestricted_stability_scan_480_v1/20260816T202848Z_unrestricted_A15xS8xF3_np1/fixed/A04_S7/F2	PASS	PASS	0	20733e0e17025d2c73f73a666c5b62f92c105ca98114231020130b77f5730d5d	4abe2195ec6b752124e0c947497e64d3e6c35e88b017673ef139518a627018a5	fa7123b6e7438e7f46e2ebce73f3f4222b14da2b2edf86f21de881a82672ae57	1	0	1	/eos/user/c/cglenn/FCCWork/whizard/whizard_ttbar_spinpol/production/full6f_365gev_ee_ttbar_spinpol_v1/phase11_diagnostics/excess_weight_rootcause_v1/unrestricted_stability_scan_480_v1/20260816T202848Z_unrestricted_A15xS8xF3_np1/fixed/A04_S7/F2/console.log	1
P_A05_S0	adaptive	A05_S0		A05		S0	1740114216	648318690	"1:500000:""gw"""		/eos/user/c/cglenn/FCCWork/whizard/whizard_ttbar_spinpol/production/full6f_365gev_ee_ttbar_spinpol_v1/phase11_diagnostics/excess_weight_rootcause_v1/unrestricted_stability_scan_480_v1/20260816T202848Z_unrestricted_A15xS8xF3_np1/adaptive/A05_S0	PASS	PASS	0	20733e0e17025d2c73f73a666c5b62f92c105ca98114231020130b77f5730d5d	2b3e17839262c3dd6deee614e7fbceb79f526299e4868cec8fced9699fa81f4d		0	1		/eos/user/c/cglenn/FCCWork/whizard/whizard_ttbar_spinpol/production/full6f_365gev_ee_ttbar_spinpol_v1/phase11_diagnostics/excess_weight_rootcause_v1/unrestricted_stability_scan_480_v1/20260816T202848Z_unrestricted_A15xS8xF3_np1/adaptive/A05_S0/console.log	1
C_A05_S0_F0	fixed	A05_S0_F0	A05_S0	A05	F0	S0	1740114216	648318690	"1:500000:""gw"""	"3:200000:"""""	/eos/user/c/cglenn/FCCWork/whizard/whizard_ttbar_spinpol/production/full6f_365gev_ee_ttbar_spinpol_v1/phase11_diagnostics/excess_weight_rootcause_v1/unrestricted_stability_scan_480_v1/20260816T202848Z_unrestricted_A15xS8xF3_np1/fixed/A05_S0/F0	PASS	PASS	0	20733e0e17025d2c73f73a666c5b62f92c105ca98114231020130b77f5730d5d	90e89aa64aaa3e8db2f3a5226986518eb9856cc8980ecd378a2247533182a852	2b3e17839262c3dd6deee614e7fbceb79f526299e4868cec8fced9699fa81f4d	1	0	1	/eos/user/c/cglenn/FCCWork/whizard/whizard_ttbar_spinpol/production/full6f_365gev_ee_ttbar_spinpol_v1/phase11_diagnostics/excess_weight_rootcause_v1/unrestricted_stability_scan_480_v1/20260816T202848Z_unrestricted_A15xS8xF3_np1/fixed/A05_S0/F0/console.log	1
C_A05_S0_F1	fixed	A05_S0_F1	A05_S0	A05	F1	S0	1740114216	648318690	"1:500000:""gw"""	"1:600000:"""""	/eos/user/c/cglenn/FCCWork/whizard/whizard_ttbar_spinpol/production/full6f_365gev_ee_ttbar_spinpol_v1/phase11_diagnostics/excess_weight_rootcause_v1/unrestricted_stability_scan_480_v1/20260816T202848Z_unrestricted_A15xS8xF3_np1/fixed/A05_S0/F1	PASS	PASS	0	20733e0e17025d2c73f73a666c5b62f92c105ca98114231020130b77f5730d5d	6a95cf97ba4eafe7927cc7fd4c64299914c56f48e5c3e8b54d1def05e1c3cbb4	2b3e17839262c3dd6deee614e7fbceb79f526299e4868cec8fced9699fa81f4d	1	0	1	/eos/user/c/cglenn/FCCWork/whizard/whizard_ttbar_spinpol/production/full6f_365gev_ee_ttbar_spinpol_v1/phase11_diagnostics/excess_weight_rootcause_v1/unrestricted_stability_scan_480_v1/20260816T202848Z_unrestricted_A15xS8xF3_np1/fixed/A05_S0/F1/console.log	1
C_A05_S0_F2	fixed	A05_S0_F2	A05_S0	A05	F2	S0	1740114216	648318690	"1:500000:""gw"""	"1:2000000:"""""	/eos/user/c/cglenn/FCCWork/whizard/whizard_ttbar_spinpol/production/full6f_365gev_ee_ttbar_spinpol_v1/phase11_diagnostics/excess_weight_rootcause_v1/unrestricted_stability_scan_480_v1/20260816T202848Z_unrestricted_A15xS8xF3_np1/fixed/A05_S0/F2	PASS	PASS	0	20733e0e17025d2c73f73a666c5b62f92c105ca98114231020130b77f5730d5d	521cec9ad1de338ba2ef93496a32da9e1c1a1e5ca3819ba609bcaeb3290b94f7	2b3e17839262c3dd6deee614e7fbceb79f526299e4868cec8fced9699fa81f4d	1	0	1	/eos/user/c/cglenn/FCCWork/whizard/whizard_ttbar_spinpol/production/full6f_365gev_ee_ttbar_spinpol_v1/phase11_diagnostics/excess_weight_rootcause_v1/unrestricted_stability_scan_480_v1/20260816T202848Z_unrestricted_A15xS8xF3_np1/fixed/A05_S0/F2/console.log	1
P_A05_S1	adaptive	A05_S1		A05		S1	1751949026	1404282457	"1:500000:""gw"""		/eos/user/c/cglenn/FCCWork/whizard/whizard_ttbar_spinpol/production/full6f_365gev_ee_ttbar_spinpol_v1/phase11_diagnostics/excess_weight_rootcause_v1/unrestricted_stability_scan_480_v1/20260816T202848Z_unrestricted_A15xS8xF3_np1/adaptive/A05_S1	PASS	PASS	0	20733e0e17025d2c73f73a666c5b62f92c105ca98114231020130b77f5730d5d	5d620dc47e516625f0cefce59cd32dd77bf7035d1071edc3efa20d6a44c7ff4f		0	1		/eos/user/c/cglenn/FCCWork/whizard/whizard_ttbar_spinpol/production/full6f_365gev_ee_ttbar_spinpol_v1/phase11_diagnostics/excess_weight_rootcause_v1/unrestricted_stability_scan_480_v1/20260816T202848Z_unrestricted_A15xS8xF3_np1/adaptive/A05_S1/console.log	1
C_A05_S1_F0	fixed	A05_S1_F0	A05_S1	A05	F0	S1	1751949026	1404282457	"1:500000:""gw"""	"3:200000:"""""	/eos/user/c/cglenn/FCCWork/whizard/whizard_ttbar_spinpol/production/full6f_365gev_ee_ttbar_spinpol_v1/phase11_diagnostics/excess_weight_rootcause_v1/unrestricted_stability_scan_480_v1/20260816T202848Z_unrestricted_A15xS8xF3_np1/fixed/A05_S1/F0	PASS	PASS	0	20733e0e17025d2c73f73a666c5b62f92c105ca98114231020130b77f5730d5d	7ac71711787cc85fa63bb016108eced19e7c22978155a418e466931492e2ad64	5d620dc47e516625f0cefce59cd32dd77bf7035d1071edc3efa20d6a44c7ff4f	1	0	1	/eos/user/c/cglenn/FCCWork/whizard/whizard_ttbar_spinpol/production/full6f_365gev_ee_ttbar_spinpol_v1/phase11_diagnostics/excess_weight_rootcause_v1/unrestricted_stability_scan_480_v1/20260816T202848Z_unrestricted_A15xS8xF3_np1/fixed/A05_S1/F0/console.log	1
C_A05_S1_F1	fixed	A05_S1_F1	A05_S1	A05	F1	S1	1751949026	1404282457	"1:500000:""gw"""	"1:600000:"""""	/eos/user/c/cglenn/FCCWork/whizard/whizard_ttbar_spinpol/production/full6f_365gev_ee_ttbar_spinpol_v1/phase11_diagnostics/excess_weight_rootcause_v1/unrestricted_stability_scan_480_v1/20260816T202848Z_unrestricted_A15xS8xF3_np1/fixed/A05_S1/F1	PASS	PASS	0	20733e0e17025d2c73f73a666c5b62f92c105ca98114231020130b77f5730d5d	ed44a8511add8478f9ae2973a247e343821422ef99f526915a0719555bb5753e	5d620dc47e516625f0cefce59cd32dd77bf7035d1071edc3efa20d6a44c7ff4f	1	0	1	/eos/user/c/cglenn/FCCWork/whizard/whizard_ttbar_spinpol/production/full6f_365gev_ee_ttbar_spinpol_v1/phase11_diagnostics/excess_weight_rootcause_v1/unrestricted_stability_scan_480_v1/20260816T202848Z_unrestricted_A15xS8xF3_np1/fixed/A05_S1/F1/console.log	1
C_A05_S1_F2	fixed	A05_S1_F2	A05_S1	A05	F2	S1	1751949026	1404282457	"1:500000:""gw"""	"1:2000000:"""""	/eos/user/c/cglenn/FCCWork/whizard/whizard_ttbar_spinpol/production/full6f_365gev_ee_ttbar_spinpol_v1/phase11_diagnostics/excess_weight_rootcause_v1/unrestricted_stability_scan_480_v1/20260816T202848Z_unrestricted_A15xS8xF3_np1/fixed/A05_S1/F2	PASS	PASS	0	20733e0e17025d2c73f73a666c5b62f92c105ca98114231020130b77f5730d5d	004aa17b450552b3f1f26845840e2a425df5ce72ed0c909132557f0eabcf4d10	5d620dc47e516625f0cefce59cd32dd77bf7035d1071edc3efa20d6a44c7ff4f	1	0	1	/eos/user/c/cglenn/FCCWork/whizard/whizard_ttbar_spinpol/production/full6f_365gev_ee_ttbar_spinpol_v1/phase11_diagnostics/excess_weight_rootcause_v1/unrestricted_stability_scan_480_v1/20260816T202848Z_unrestricted_A15xS8xF3_np1/fixed/A05_S1/F2/console.log	1
P_A05_S2	adaptive	A05_S2		A05		S2	1885084773	1596606550	"1:500000:""gw"""		/eos/user/c/cglenn/FCCWork/whizard/whizard_ttbar_spinpol/production/full6f_365gev_ee_ttbar_spinpol_v1/phase11_diagnostics/excess_weight_rootcause_v1/unrestricted_stability_scan_480_v1/20260816T202848Z_unrestricted_A15xS8xF3_np1/adaptive/A05_S2	PASS	PASS	0	20733e0e17025d2c73f73a666c5b62f92c105ca98114231020130b77f5730d5d	3846d96b75863018476539af0314e90cb1be619da2d098477769960573f4540e		0	1		/eos/user/c/cglenn/FCCWork/whizard/whizard_ttbar_spinpol/production/full6f_365gev_ee_ttbar_spinpol_v1/phase11_diagnostics/excess_weight_rootcause_v1/unrestricted_stability_scan_480_v1/20260816T202848Z_unrestricted_A15xS8xF3_np1/adaptive/A05_S2/console.log	1
C_A05_S2_F0	fixed	A05_S2_F0	A05_S2	A05	F0	S2	1885084773	1596606550	"1:500000:""gw"""	"3:200000:"""""	/eos/user/c/cglenn/FCCWork/whizard/whizard_ttbar_spinpol/production/full6f_365gev_ee_ttbar_spinpol_v1/phase11_diagnostics/excess_weight_rootcause_v1/unrestricted_stability_scan_480_v1/20260816T202848Z_unrestricted_A15xS8xF3_np1/fixed/A05_S2/F0	PASS	PASS	0	20733e0e17025d2c73f73a666c5b62f92c105ca98114231020130b77f5730d5d	9355015778514945d9e649d0fff22ba111a3b75acafc781e8a52ad85662d3458	3846d96b75863018476539af0314e90cb1be619da2d098477769960573f4540e	1	0	1	/eos/user/c/cglenn/FCCWork/whizard/whizard_ttbar_spinpol/production/full6f_365gev_ee_ttbar_spinpol_v1/phase11_diagnostics/excess_weight_rootcause_v1/unrestricted_stability_scan_480_v1/20260816T202848Z_unrestricted_A15xS8xF3_np1/fixed/A05_S2/F0/console.log	1
C_A05_S2_F1	fixed	A05_S2_F1	A05_S2	A05	F1	S2	1885084773	1596606550	"1:500000:""gw"""	"1:600000:"""""	/eos/user/c/cglenn/FCCWork/whizard/whizard_ttbar_spinpol/production/full6f_365gev_ee_ttbar_spinpol_v1/phase11_diagnostics/excess_weight_rootcause_v1/unrestricted_stability_scan_480_v1/20260816T202848Z_unrestricted_A15xS8xF3_np1/fixed/A05_S2/F1	PASS	PASS	0	20733e0e17025d2c73f73a666c5b62f92c105ca98114231020130b77f5730d5d	f7c546e88725149e5dce59c438a1c02949691e1ad2bc3294ee10ba10732c93d1	3846d96b75863018476539af0314e90cb1be619da2d098477769960573f4540e	1	0	1	/eos/user/c/cglenn/FCCWork/whizard/whizard_ttbar_spinpol/production/full6f_365gev_ee_ttbar_spinpol_v1/phase11_diagnostics/excess_weight_rootcause_v1/unrestricted_stability_scan_480_v1/20260816T202848Z_unrestricted_A15xS8xF3_np1/fixed/A05_S2/F1/console.log	1
C_A05_S2_F2	fixed	A05_S2_F2	A05_S2	A05	F2	S2	1885084773	1596606550	"1:500000:""gw"""	"1:2000000:"""""	/eos/user/c/cglenn/FCCWork/whizard/whizard_ttbar_spinpol/production/full6f_365gev_ee_ttbar_spinpol_v1/phase11_diagnostics/excess_weight_rootcause_v1/unrestricted_stability_scan_480_v1/20260816T202848Z_unrestricted_A15xS8xF3_np1/fixed/A05_S2/F2	PASS	PASS	0	20733e0e17025d2c73f73a666c5b62f92c105ca98114231020130b77f5730d5d	f44652e4b143a53098a9ce2247ca6bd01a9ac6f9597a042c05f7bd678ebdce3c	3846d96b75863018476539af0314e90cb1be619da2d098477769960573f4540e	1	0	1	/eos/user/c/cglenn/FCCWork/whizard/whizard_ttbar_spinpol/production/full6f_365gev_ee_ttbar_spinpol_v1/phase11_diagnostics/excess_weight_rootcause_v1/unrestricted_stability_scan_480_v1/20260816T202848Z_unrestricted_A15xS8xF3_np1/fixed/A05_S2/F2/console.log	1
P_A05_S3	adaptive	A05_S3		A05		S3	134326786	769890491	"1:500000:""gw"""		/eos/user/c/cglenn/FCCWork/whizard/whizard_ttbar_spinpol/production/full6f_365gev_ee_ttbar_spinpol_v1/phase11_diagnostics/excess_weight_rootcause_v1/unrestricted_stability_scan_480_v1/20260816T202848Z_unrestricted_A15xS8xF3_np1/adaptive/A05_S3	PASS	PASS	0	20733e0e17025d2c73f73a666c5b62f92c105ca98114231020130b77f5730d5d	f08d3d130e31e6172c1aed98b164a03faa5cba36ebd1422078e47549ecbe2855		0	1		/eos/user/c/cglenn/FCCWork/whizard/whizard_ttbar_spinpol/production/full6f_365gev_ee_ttbar_spinpol_v1/phase11_diagnostics/excess_weight_rootcause_v1/unrestricted_stability_scan_480_v1/20260816T202848Z_unrestricted_A15xS8xF3_np1/adaptive/A05_S3/console.log	1
C_A05_S3_F0	fixed	A05_S3_F0	A05_S3	A05	F0	S3	134326786	769890491	"1:500000:""gw"""	"3:200000:"""""	/eos/user/c/cglenn/FCCWork/whizard/whizard_ttbar_spinpol/production/full6f_365gev_ee_ttbar_spinpol_v1/phase11_diagnostics/excess_weight_rootcause_v1/unrestricted_stability_scan_480_v1/20260816T202848Z_unrestricted_A15xS8xF3_np1/fixed/A05_S3/F0	PASS	PASS	0	20733e0e17025d2c73f73a666c5b62f92c105ca98114231020130b77f5730d5d	026ea0fa6831d4d9759bb300e2da6b48655a5b82dcfed97fadbe495b810f354c	f08d3d130e31e6172c1aed98b164a03faa5cba36ebd1422078e47549ecbe2855	1	0	1	/eos/user/c/cglenn/FCCWork/whizard/whizard_ttbar_spinpol/production/full6f_365gev_ee_ttbar_spinpol_v1/phase11_diagnostics/excess_weight_rootcause_v1/unrestricted_stability_scan_480_v1/20260816T202848Z_unrestricted_A15xS8xF3_np1/fixed/A05_S3/F0/console.log	1
C_A05_S3_F1	fixed	A05_S3_F1	A05_S3	A05	F1	S3	134326786	769890491	"1:500000:""gw"""	"1:600000:"""""	/eos/user/c/cglenn/FCCWork/whizard/whizard_ttbar_spinpol/production/full6f_365gev_ee_ttbar_spinpol_v1/phase11_diagnostics/excess_weight_rootcause_v1/unrestricted_stability_scan_480_v1/20260816T202848Z_unrestricted_A15xS8xF3_np1/fixed/A05_S3/F1	PASS	PASS	0	20733e0e17025d2c73f73a666c5b62f92c105ca98114231020130b77f5730d5d	08233dd07baf919e2efa2bddf08e39e3f9ae20e957fd70d8e1615b90e397e085	f08d3d130e31e6172c1aed98b164a03faa5cba36ebd1422078e47549ecbe2855	1	0	1	/eos/user/c/cglenn/FCCWork/whizard/whizard_ttbar_spinpol/production/full6f_365gev_ee_ttbar_spinpol_v1/phase11_diagnostics/excess_weight_rootcause_v1/unrestricted_stability_scan_480_v1/20260816T202848Z_unrestricted_A15xS8xF3_np1/fixed/A05_S3/F1/console.log	1
C_A05_S3_F2	fixed	A05_S3_F2	A05_S3	A05	F2	S3	134326786	769890491	"1:500000:""gw"""	"1:2000000:"""""	/eos/user/c/cglenn/FCCWork/whizard/whizard_ttbar_spinpol/production/full6f_365gev_ee_ttbar_spinpol_v1/phase11_diagnostics/excess_weight_rootcause_v1/unrestricted_stability_scan_480_v1/20260816T202848Z_unrestricted_A15xS8xF3_np1/fixed/A05_S3/F2	PASS	PASS	0	20733e0e17025d2c73f73a666c5b62f92c105ca98114231020130b77f5730d5d	4247baf174fd78e4cfd0575c20b157b21addfa7c392af9fbe86d3dc25fe3fda8	f08d3d130e31e6172c1aed98b164a03faa5cba36ebd1422078e47549ecbe2855	1	0	1	/eos/user/c/cglenn/FCCWork/whizard/whizard_ttbar_spinpol/production/full6f_365gev_ee_ttbar_spinpol_v1/phase11_diagnostics/excess_weight_rootcause_v1/unrestricted_stability_scan_480_v1/20260816T202848Z_unrestricted_A15xS8xF3_np1/fixed/A05_S3/F2/console.log	1
P_A05_S4	adaptive	A05_S4		A05		S4	249371675	462903030	"1:500000:""gw"""		/eos/user/c/cglenn/FCCWork/whizard/whizard_ttbar_spinpol/production/full6f_365gev_ee_ttbar_spinpol_v1/phase11_diagnostics/excess_weight_rootcause_v1/unrestricted_stability_scan_480_v1/20260816T202848Z_unrestricted_A15xS8xF3_np1/adaptive/A05_S4	PASS	PASS	0	20733e0e17025d2c73f73a666c5b62f92c105ca98114231020130b77f5730d5d	d198187455b6149b23f707932120007c627c3334c132a6aa36bb29039321d85d		0	1		/eos/user/c/cglenn/FCCWork/whizard/whizard_ttbar_spinpol/production/full6f_365gev_ee_ttbar_spinpol_v1/phase11_diagnostics/excess_weight_rootcause_v1/unrestricted_stability_scan_480_v1/20260816T202848Z_unrestricted_A15xS8xF3_np1/adaptive/A05_S4/console.log	1
C_A05_S4_F0	fixed	A05_S4_F0	A05_S4	A05	F0	S4	249371675	462903030	"1:500000:""gw"""	"3:200000:"""""	/eos/user/c/cglenn/FCCWork/whizard/whizard_ttbar_spinpol/production/full6f_365gev_ee_ttbar_spinpol_v1/phase11_diagnostics/excess_weight_rootcause_v1/unrestricted_stability_scan_480_v1/20260816T202848Z_unrestricted_A15xS8xF3_np1/fixed/A05_S4/F0	PASS	PASS	0	20733e0e17025d2c73f73a666c5b62f92c105ca98114231020130b77f5730d5d	be56c43863403af9d4e82fb8ad92684de6426540f17e694866eea3bf612cb9ba	d198187455b6149b23f707932120007c627c3334c132a6aa36bb29039321d85d	1	0	1	/eos/user/c/cglenn/FCCWork/whizard/whizard_ttbar_spinpol/production/full6f_365gev_ee_ttbar_spinpol_v1/phase11_diagnostics/excess_weight_rootcause_v1/unrestricted_stability_scan_480_v1/20260816T202848Z_unrestricted_A15xS8xF3_np1/fixed/A05_S4/F0/console.log	1
C_A05_S4_F1	fixed	A05_S4_F1	A05_S4	A05	F1	S4	249371675	462903030	"1:500000:""gw"""	"1:600000:"""""	/eos/user/c/cglenn/FCCWork/whizard/whizard_ttbar_spinpol/production/full6f_365gev_ee_ttbar_spinpol_v1/phase11_diagnostics/excess_weight_rootcause_v1/unrestricted_stability_scan_480_v1/20260816T202848Z_unrestricted_A15xS8xF3_np1/fixed/A05_S4/F1	PASS	PASS	0	20733e0e17025d2c73f73a666c5b62f92c105ca98114231020130b77f5730d5d	e803bd65dac2d12fbd4e1bc348f1081c2727338d010e5065c5ffd913e7d15db2	d198187455b6149b23f707932120007c627c3334c132a6aa36bb29039321d85d	1	0	1	/eos/user/c/cglenn/FCCWork/whizard/whizard_ttbar_spinpol/production/full6f_365gev_ee_ttbar_spinpol_v1/phase11_diagnostics/excess_weight_rootcause_v1/unrestricted_stability_scan_480_v1/20260816T202848Z_unrestricted_A15xS8xF3_np1/fixed/A05_S4/F1/console.log	1
C_A05_S4_F2	fixed	A05_S4_F2	A05_S4	A05	F2	S4	249371675	462903030	"1:500000:""gw"""	"1:2000000:"""""	/eos/user/c/cglenn/FCCWork/whizard/whizard_ttbar_spinpol/production/full6f_365gev_ee_ttbar_spinpol_v1/phase11_diagnostics/excess_weight_rootcause_v1/unrestricted_stability_scan_480_v1/20260816T202848Z_unrestricted_A15xS8xF3_np1/fixed/A05_S4/F2	PASS	PASS	0	20733e0e17025d2c73f73a666c5b62f92c105ca98114231020130b77f5730d5d	a7ef610a1ee1fbb3e5efbd6d4726e67c946dfa04601a1d4ea5c9f1b87d12a29a	d198187455b6149b23f707932120007c627c3334c132a6aa36bb29039321d85d	1	0	1	/eos/user/c/cglenn/FCCWork/whizard/whizard_ttbar_spinpol/production/full6f_365gev_ee_ttbar_spinpol_v1/phase11_diagnostics/excess_weight_rootcause_v1/unrestricted_stability_scan_480_v1/20260816T202848Z_unrestricted_A15xS8xF3_np1/fixed/A05_S4/F2/console.log	1
P_A05_S5	adaptive	A05_S5		A05		S5	531087687	197846737	"1:500000:""gw"""		/eos/user/c/cglenn/FCCWork/whizard/whizard_ttbar_spinpol/production/full6f_365gev_ee_ttbar_spinpol_v1/phase11_diagnostics/excess_weight_rootcause_v1/unrestricted_stability_scan_480_v1/20260816T202848Z_unrestricted_A15xS8xF3_np1/adaptive/A05_S5	PASS	PASS	0	20733e0e17025d2c73f73a666c5b62f92c105ca98114231020130b77f5730d5d	8e81c98a173063f58d88d0b1ec2dc4d9d2ab151ab585099e5947252303aa30af		0	1		/eos/user/c/cglenn/FCCWork/whizard/whizard_ttbar_spinpol/production/full6f_365gev_ee_ttbar_spinpol_v1/phase11_diagnostics/excess_weight_rootcause_v1/unrestricted_stability_scan_480_v1/20260816T202848Z_unrestricted_A15xS8xF3_np1/adaptive/A05_S5/console.log	1
C_A05_S5_F0	fixed	A05_S5_F0	A05_S5	A05	F0	S5	531087687	197846737	"1:500000:""gw"""	"3:200000:"""""	/eos/user/c/cglenn/FCCWork/whizard/whizard_ttbar_spinpol/production/full6f_365gev_ee_ttbar_spinpol_v1/phase11_diagnostics/excess_weight_rootcause_v1/unrestricted_stability_scan_480_v1/20260816T202848Z_unrestricted_A15xS8xF3_np1/fixed/A05_S5/F0	PASS	PASS	0	20733e0e17025d2c73f73a666c5b62f92c105ca98114231020130b77f5730d5d	6b971d04d396b60e4180afb6223132dc05003d1a59f1c22357fc729c77609243	8e81c98a173063f58d88d0b1ec2dc4d9d2ab151ab585099e5947252303aa30af	1	0	1	/eos/user/c/cglenn/FCCWork/whizard/whizard_ttbar_spinpol/production/full6f_365gev_ee_ttbar_spinpol_v1/phase11_diagnostics/excess_weight_rootcause_v1/unrestricted_stability_scan_480_v1/20260816T202848Z_unrestricted_A15xS8xF3_np1/fixed/A05_S5/F0/console.log	1
C_A05_S5_F1	fixed	A05_S5_F1	A05_S5	A05	F1	S5	531087687	197846737	"1:500000:""gw"""	"1:600000:"""""	/eos/user/c/cglenn/FCCWork/whizard/whizard_ttbar_spinpol/production/full6f_365gev_ee_ttbar_spinpol_v1/phase11_diagnostics/excess_weight_rootcause_v1/unrestricted_stability_scan_480_v1/20260816T202848Z_unrestricted_A15xS8xF3_np1/fixed/A05_S5/F1	PASS	PASS	0	20733e0e17025d2c73f73a666c5b62f92c105ca98114231020130b77f5730d5d	8d037003edb7e2365439537f1d03ac4d183f845745e4a73eb3d8d96a2486373c	8e81c98a173063f58d88d0b1ec2dc4d9d2ab151ab585099e5947252303aa30af	1	0	1	/eos/user/c/cglenn/FCCWork/whizard/whizard_ttbar_spinpol/production/full6f_365gev_ee_ttbar_spinpol_v1/phase11_diagnostics/excess_weight_rootcause_v1/unrestricted_stability_scan_480_v1/20260816T202848Z_unrestricted_A15xS8xF3_np1/fixed/A05_S5/F1/console.log	1
C_A05_S5_F2	fixed	A05_S5_F2	A05_S5	A05	F2	S5	531087687	197846737	"1:500000:""gw"""	"1:2000000:"""""	/eos/user/c/cglenn/FCCWork/whizard/whizard_ttbar_spinpol/production/full6f_365gev_ee_ttbar_spinpol_v1/phase11_diagnostics/excess_weight_rootcause_v1/unrestricted_stability_scan_480_v1/20260816T202848Z_unrestricted_A15xS8xF3_np1/fixed/A05_S5/F2	PASS	PASS	0	20733e0e17025d2c73f73a666c5b62f92c105ca98114231020130b77f5730d5d	2b5824a05b2400c19eaff2dc3c48cb86aa4c7eb2f59019179c20af5d46dfc378	8e81c98a173063f58d88d0b1ec2dc4d9d2ab151ab585099e5947252303aa30af	1	0	1	/eos/user/c/cglenn/FCCWork/whizard/whizard_ttbar_spinpol/production/full6f_365gev_ee_ttbar_spinpol_v1/phase11_diagnostics/excess_weight_rootcause_v1/unrestricted_stability_scan_480_v1/20260816T202848Z_unrestricted_A15xS8xF3_np1/fixed/A05_S5/F2/console.log	1
P_A05_S6	adaptive	A05_S6		A05		S6	519963689	958460417	"1:500000:""gw"""		/eos/user/c/cglenn/FCCWork/whizard/whizard_ttbar_spinpol/production/full6f_365gev_ee_ttbar_spinpol_v1/phase11_diagnostics/excess_weight_rootcause_v1/unrestricted_stability_scan_480_v1/20260816T202848Z_unrestricted_A15xS8xF3_np1/adaptive/A05_S6	PASS	PASS	0	20733e0e17025d2c73f73a666c5b62f92c105ca98114231020130b77f5730d5d	0b54732c81c67d0884b352401e6022eaf2e8a8955ae57f2f1853101e2679f8d7		0	1		/eos/user/c/cglenn/FCCWork/whizard/whizard_ttbar_spinpol/production/full6f_365gev_ee_ttbar_spinpol_v1/phase11_diagnostics/excess_weight_rootcause_v1/unrestricted_stability_scan_480_v1/20260816T202848Z_unrestricted_A15xS8xF3_np1/adaptive/A05_S6/console.log	1
C_A05_S6_F0	fixed	A05_S6_F0	A05_S6	A05	F0	S6	519963689	958460417	"1:500000:""gw"""	"3:200000:"""""	/eos/user/c/cglenn/FCCWork/whizard/whizard_ttbar_spinpol/production/full6f_365gev_ee_ttbar_spinpol_v1/phase11_diagnostics/excess_weight_rootcause_v1/unrestricted_stability_scan_480_v1/20260816T202848Z_unrestricted_A15xS8xF3_np1/fixed/A05_S6/F0	PASS	PASS	0	20733e0e17025d2c73f73a666c5b62f92c105ca98114231020130b77f5730d5d	d64edc95480d17695d338694de182f6296e6f4ebc02baf68cdcfc73e0de915b8	0b54732c81c67d0884b352401e6022eaf2e8a8955ae57f2f1853101e2679f8d7	1	0	1	/eos/user/c/cglenn/FCCWork/whizard/whizard_ttbar_spinpol/production/full6f_365gev_ee_ttbar_spinpol_v1/phase11_diagnostics/excess_weight_rootcause_v1/unrestricted_stability_scan_480_v1/20260816T202848Z_unrestricted_A15xS8xF3_np1/fixed/A05_S6/F0/console.log	1
C_A05_S6_F1	fixed	A05_S6_F1	A05_S6	A05	F1	S6	519963689	958460417	"1:500000:""gw"""	"1:600000:"""""	/eos/user/c/cglenn/FCCWork/whizard/whizard_ttbar_spinpol/production/full6f_365gev_ee_ttbar_spinpol_v1/phase11_diagnostics/excess_weight_rootcause_v1/unrestricted_stability_scan_480_v1/20260816T202848Z_unrestricted_A15xS8xF3_np1/fixed/A05_S6/F1	PASS	PASS	0	20733e0e17025d2c73f73a666c5b62f92c105ca98114231020130b77f5730d5d	2bb3867f1a3b6dcead7545e8e2f7fa979598f537a7bbe3a4f9848bf44db1f26a	0b54732c81c67d0884b352401e6022eaf2e8a8955ae57f2f1853101e2679f8d7	1	0	1	/eos/user/c/cglenn/FCCWork/whizard/whizard_ttbar_spinpol/production/full6f_365gev_ee_ttbar_spinpol_v1/phase11_diagnostics/excess_weight_rootcause_v1/unrestricted_stability_scan_480_v1/20260816T202848Z_unrestricted_A15xS8xF3_np1/fixed/A05_S6/F1/console.log	1
C_A05_S6_F2	fixed	A05_S6_F2	A05_S6	A05	F2	S6	519963689	958460417	"1:500000:""gw"""	"1:2000000:"""""	/eos/user/c/cglenn/FCCWork/whizard/whizard_ttbar_spinpol/production/full6f_365gev_ee_ttbar_spinpol_v1/phase11_diagnostics/excess_weight_rootcause_v1/unrestricted_stability_scan_480_v1/20260816T202848Z_unrestricted_A15xS8xF3_np1/fixed/A05_S6/F2	PASS	PASS	0	20733e0e17025d2c73f73a666c5b62f92c105ca98114231020130b77f5730d5d	5446fb33a97b78ad07ee6b978238f84e17bc1ff1b555dcd908664bc562ae0f9e	0b54732c81c67d0884b352401e6022eaf2e8a8955ae57f2f1853101e2679f8d7	1	0	1	/eos/user/c/cglenn/FCCWork/whizard/whizard_ttbar_spinpol/production/full6f_365gev_ee_ttbar_spinpol_v1/phase11_diagnostics/excess_weight_rootcause_v1/unrestricted_stability_scan_480_v1/20260816T202848Z_unrestricted_A15xS8xF3_np1/fixed/A05_S6/F2/console.log	1
P_A05_S7	adaptive	A05_S7		A05		S7	1552803368	239117595	"1:500000:""gw"""		/eos/user/c/cglenn/FCCWork/whizard/whizard_ttbar_spinpol/production/full6f_365gev_ee_ttbar_spinpol_v1/phase11_diagnostics/excess_weight_rootcause_v1/unrestricted_stability_scan_480_v1/20260816T202848Z_unrestricted_A15xS8xF3_np1/adaptive/A05_S7	PASS	PASS	0	20733e0e17025d2c73f73a666c5b62f92c105ca98114231020130b77f5730d5d	3a8f289e01983924236b76bbbfc380d6f554c07616b314de2e372bfb1425de1e		0	1		/eos/user/c/cglenn/FCCWork/whizard/whizard_ttbar_spinpol/production/full6f_365gev_ee_ttbar_spinpol_v1/phase11_diagnostics/excess_weight_rootcause_v1/unrestricted_stability_scan_480_v1/20260816T202848Z_unrestricted_A15xS8xF3_np1/adaptive/A05_S7/console.log	1
C_A05_S7_F0	fixed	A05_S7_F0	A05_S7	A05	F0	S7	1552803368	239117595	"1:500000:""gw"""	"3:200000:"""""	/eos/user/c/cglenn/FCCWork/whizard/whizard_ttbar_spinpol/production/full6f_365gev_ee_ttbar_spinpol_v1/phase11_diagnostics/excess_weight_rootcause_v1/unrestricted_stability_scan_480_v1/20260816T202848Z_unrestricted_A15xS8xF3_np1/fixed/A05_S7/F0	PASS	PASS	0	20733e0e17025d2c73f73a666c5b62f92c105ca98114231020130b77f5730d5d	9b1065312efe42484f7169d1586c78200a1c1d98deae088215ef51054d48a93b	3a8f289e01983924236b76bbbfc380d6f554c07616b314de2e372bfb1425de1e	1	0	1	/eos/user/c/cglenn/FCCWork/whizard/whizard_ttbar_spinpol/production/full6f_365gev_ee_ttbar_spinpol_v1/phase11_diagnostics/excess_weight_rootcause_v1/unrestricted_stability_scan_480_v1/20260816T202848Z_unrestricted_A15xS8xF3_np1/fixed/A05_S7/F0/console.log	1
C_A05_S7_F1	fixed	A05_S7_F1	A05_S7	A05	F1	S7	1552803368	239117595	"1:500000:""gw"""	"1:600000:"""""	/eos/user/c/cglenn/FCCWork/whizard/whizard_ttbar_spinpol/production/full6f_365gev_ee_ttbar_spinpol_v1/phase11_diagnostics/excess_weight_rootcause_v1/unrestricted_stability_scan_480_v1/20260816T202848Z_unrestricted_A15xS8xF3_np1/fixed/A05_S7/F1	PASS	PASS	0	20733e0e17025d2c73f73a666c5b62f92c105ca98114231020130b77f5730d5d	cbaa5f3d1418cf217982cc93b574fcff3757acac28831483b6c3972b6c053e8e	3a8f289e01983924236b76bbbfc380d6f554c07616b314de2e372bfb1425de1e	1	0	1	/eos/user/c/cglenn/FCCWork/whizard/whizard_ttbar_spinpol/production/full6f_365gev_ee_ttbar_spinpol_v1/phase11_diagnostics/excess_weight_rootcause_v1/unrestricted_stability_scan_480_v1/20260816T202848Z_unrestricted_A15xS8xF3_np1/fixed/A05_S7/F1/console.log	1
C_A05_S7_F2	fixed	A05_S7_F2	A05_S7	A05	F2	S7	1552803368	239117595	"1:500000:""gw"""	"1:2000000:"""""	/eos/user/c/cglenn/FCCWork/whizard/whizard_ttbar_spinpol/production/full6f_365gev_ee_ttbar_spinpol_v1/phase11_diagnostics/excess_weight_rootcause_v1/unrestricted_stability_scan_480_v1/20260816T202848Z_unrestricted_A15xS8xF3_np1/fixed/A05_S7/F2	PASS	PASS	0	20733e0e17025d2c73f73a666c5b62f92c105ca98114231020130b77f5730d5d	262b5b47333e9c05d5f04dee24764c5a26c4a24deefdb7d29a6b224b0f2f4f06	3a8f289e01983924236b76bbbfc380d6f554c07616b314de2e372bfb1425de1e	1	0	1	/eos/user/c/cglenn/FCCWork/whizard/whizard_ttbar_spinpol/production/full6f_365gev_ee_ttbar_spinpol_v1/phase11_diagnostics/excess_weight_rootcause_v1/unrestricted_stability_scan_480_v1/20260816T202848Z_unrestricted_A15xS8xF3_np1/fixed/A05_S7/F2/console.log	1
P_A06_S0	adaptive	A06_S0		A06		S0	1740114216	648318690	"1:100000:""gw"",1:200000:""gw"",1:400000:""gw"""		/eos/user/c/cglenn/FCCWork/whizard/whizard_ttbar_spinpol/production/full6f_365gev_ee_ttbar_spinpol_v1/phase11_diagnostics/excess_weight_rootcause_v1/unrestricted_stability_scan_480_v1/20260816T202848Z_unrestricted_A15xS8xF3_np1/adaptive/A06_S0	PASS	PASS	0	20733e0e17025d2c73f73a666c5b62f92c105ca98114231020130b77f5730d5d	0d3b79c85937cbd42ca0c530f93997176f1fddcf070acd8f40f80cf179171fb6		0	1		/eos/user/c/cglenn/FCCWork/whizard/whizard_ttbar_spinpol/production/full6f_365gev_ee_ttbar_spinpol_v1/phase11_diagnostics/excess_weight_rootcause_v1/unrestricted_stability_scan_480_v1/20260816T202848Z_unrestricted_A15xS8xF3_np1/adaptive/A06_S0/console.log	1
C_A06_S0_F0	fixed	A06_S0_F0	A06_S0	A06	F0	S0	1740114216	648318690	"1:100000:""gw"",1:200000:""gw"",1:400000:""gw"""	"3:200000:"""""	/eos/user/c/cglenn/FCCWork/whizard/whizard_ttbar_spinpol/production/full6f_365gev_ee_ttbar_spinpol_v1/phase11_diagnostics/excess_weight_rootcause_v1/unrestricted_stability_scan_480_v1/20260816T202848Z_unrestricted_A15xS8xF3_np1/fixed/A06_S0/F0	PASS	PASS	0	20733e0e17025d2c73f73a666c5b62f92c105ca98114231020130b77f5730d5d	460a8b22c7937bd432aaa7509cc92680c9b43a74a3d1ce56a4ecbb4c7163d026	0d3b79c85937cbd42ca0c530f93997176f1fddcf070acd8f40f80cf179171fb6	3	0	1	/eos/user/c/cglenn/FCCWork/whizard/whizard_ttbar_spinpol/production/full6f_365gev_ee_ttbar_spinpol_v1/phase11_diagnostics/excess_weight_rootcause_v1/unrestricted_stability_scan_480_v1/20260816T202848Z_unrestricted_A15xS8xF3_np1/fixed/A06_S0/F0/console.log	1
C_A06_S0_F1	fixed	A06_S0_F1	A06_S0	A06	F1	S0	1740114216	648318690	"1:100000:""gw"",1:200000:""gw"",1:400000:""gw"""	"1:600000:"""""	/eos/user/c/cglenn/FCCWork/whizard/whizard_ttbar_spinpol/production/full6f_365gev_ee_ttbar_spinpol_v1/phase11_diagnostics/excess_weight_rootcause_v1/unrestricted_stability_scan_480_v1/20260816T202848Z_unrestricted_A15xS8xF3_np1/fixed/A06_S0/F1	PASS	PASS	0	20733e0e17025d2c73f73a666c5b62f92c105ca98114231020130b77f5730d5d	129b22aa30b91dd6b3e2d6fddc37cfbd9059e0e50feedaca295dbf6af0d3cbb0	0d3b79c85937cbd42ca0c530f93997176f1fddcf070acd8f40f80cf179171fb6	3	0	1	/eos/user/c/cglenn/FCCWork/whizard/whizard_ttbar_spinpol/production/full6f_365gev_ee_ttbar_spinpol_v1/phase11_diagnostics/excess_weight_rootcause_v1/unrestricted_stability_scan_480_v1/20260816T202848Z_unrestricted_A15xS8xF3_np1/fixed/A06_S0/F1/console.log	1
C_A06_S0_F2	fixed	A06_S0_F2	A06_S0	A06	F2	S0	1740114216	648318690	"1:100000:""gw"",1:200000:""gw"",1:400000:""gw"""	"1:2000000:"""""	/eos/user/c/cglenn/FCCWork/whizard/whizard_ttbar_spinpol/production/full6f_365gev_ee_ttbar_spinpol_v1/phase11_diagnostics/excess_weight_rootcause_v1/unrestricted_stability_scan_480_v1/20260816T202848Z_unrestricted_A15xS8xF3_np1/fixed/A06_S0/F2	PASS	PASS	0	20733e0e17025d2c73f73a666c5b62f92c105ca98114231020130b77f5730d5d	f639ef8c1eb4476b07ced5996a2f7180de4e122665ce9226bb4db16494fc25b2	0d3b79c85937cbd42ca0c530f93997176f1fddcf070acd8f40f80cf179171fb6	3	0	1	/eos/user/c/cglenn/FCCWork/whizard/whizard_ttbar_spinpol/production/full6f_365gev_ee_ttbar_spinpol_v1/phase11_diagnostics/excess_weight_rootcause_v1/unrestricted_stability_scan_480_v1/20260816T202848Z_unrestricted_A15xS8xF3_np1/fixed/A06_S0/F2/console.log	1
P_A06_S1	adaptive	A06_S1		A06		S1	1751949026	1404282457	"1:100000:""gw"",1:200000:""gw"",1:400000:""gw"""		/eos/user/c/cglenn/FCCWork/whizard/whizard_ttbar_spinpol/production/full6f_365gev_ee_ttbar_spinpol_v1/phase11_diagnostics/excess_weight_rootcause_v1/unrestricted_stability_scan_480_v1/20260816T202848Z_unrestricted_A15xS8xF3_np1/adaptive/A06_S1	PASS	PASS	0	20733e0e17025d2c73f73a666c5b62f92c105ca98114231020130b77f5730d5d	f8e7825131c7a4e455bec37dfe66633c218e9dacc18868cd453c14d680ae757e		0	1		/eos/user/c/cglenn/FCCWork/whizard/whizard_ttbar_spinpol/production/full6f_365gev_ee_ttbar_spinpol_v1/phase11_diagnostics/excess_weight_rootcause_v1/unrestricted_stability_scan_480_v1/20260816T202848Z_unrestricted_A15xS8xF3_np1/adaptive/A06_S1/console.log	1
C_A06_S1_F0	fixed	A06_S1_F0	A06_S1	A06	F0	S1	1751949026	1404282457	"1:100000:""gw"",1:200000:""gw"",1:400000:""gw"""	"3:200000:"""""	/eos/user/c/cglenn/FCCWork/whizard/whizard_ttbar_spinpol/production/full6f_365gev_ee_ttbar_spinpol_v1/phase11_diagnostics/excess_weight_rootcause_v1/unrestricted_stability_scan_480_v1/20260816T202848Z_unrestricted_A15xS8xF3_np1/fixed/A06_S1/F0	PASS	PASS	0	20733e0e17025d2c73f73a666c5b62f92c105ca98114231020130b77f5730d5d	9126eae334aecb639c0d289a2ba86f7126e1ed9536afd5a92533c29d7cd372b4	f8e7825131c7a4e455bec37dfe66633c218e9dacc18868cd453c14d680ae757e	3	0	1	/eos/user/c/cglenn/FCCWork/whizard/whizard_ttbar_spinpol/production/full6f_365gev_ee_ttbar_spinpol_v1/phase11_diagnostics/excess_weight_rootcause_v1/unrestricted_stability_scan_480_v1/20260816T202848Z_unrestricted_A15xS8xF3_np1/fixed/A06_S1/F0/console.log	1
C_A06_S1_F1	fixed	A06_S1_F1	A06_S1	A06	F1	S1	1751949026	1404282457	"1:100000:""gw"",1:200000:""gw"",1:400000:""gw"""	"1:600000:"""""	/eos/user/c/cglenn/FCCWork/whizard/whizard_ttbar_spinpol/production/full6f_365gev_ee_ttbar_spinpol_v1/phase11_diagnostics/excess_weight_rootcause_v1/unrestricted_stability_scan_480_v1/20260816T202848Z_unrestricted_A15xS8xF3_np1/fixed/A06_S1/F1	PASS	PASS	0	20733e0e17025d2c73f73a666c5b62f92c105ca98114231020130b77f5730d5d	20b08f4ccb2c2a314fa4fcf48e2f2bd2ef3bf05a09762be4bb67b22cf67af29c	f8e7825131c7a4e455bec37dfe66633c218e9dacc18868cd453c14d680ae757e	3	0	1	/eos/user/c/cglenn/FCCWork/whizard/whizard_ttbar_spinpol/production/full6f_365gev_ee_ttbar_spinpol_v1/phase11_diagnostics/excess_weight_rootcause_v1/unrestricted_stability_scan_480_v1/20260816T202848Z_unrestricted_A15xS8xF3_np1/fixed/A06_S1/F1/console.log	1
C_A06_S1_F2	fixed	A06_S1_F2	A06_S1	A06	F2	S1	1751949026	1404282457	"1:100000:""gw"",1:200000:""gw"",1:400000:""gw"""	"1:2000000:"""""	/eos/user/c/cglenn/FCCWork/whizard/whizard_ttbar_spinpol/production/full6f_365gev_ee_ttbar_spinpol_v1/phase11_diagnostics/excess_weight_rootcause_v1/unrestricted_stability_scan_480_v1/20260816T202848Z_unrestricted_A15xS8xF3_np1/fixed/A06_S1/F2	PASS	PASS	0	20733e0e17025d2c73f73a666c5b62f92c105ca98114231020130b77f5730d5d	6a48bdd943e1e121e87b6cacd42bf0b78d8ec1267fbb7e1d62363c2d4ec35f9c	f8e7825131c7a4e455bec37dfe66633c218e9dacc18868cd453c14d680ae757e	3	0	1	/eos/user/c/cglenn/FCCWork/whizard/whizard_ttbar_spinpol/production/full6f_365gev_ee_ttbar_spinpol_v1/phase11_diagnostics/excess_weight_rootcause_v1/unrestricted_stability_scan_480_v1/20260816T202848Z_unrestricted_A15xS8xF3_np1/fixed/A06_S1/F2/console.log	1
P_A06_S2	adaptive	A06_S2		A06		S2	1885084773	1596606550	"1:100000:""gw"",1:200000:""gw"",1:400000:""gw"""		/eos/user/c/cglenn/FCCWork/whizard/whizard_ttbar_spinpol/production/full6f_365gev_ee_ttbar_spinpol_v1/phase11_diagnostics/excess_weight_rootcause_v1/unrestricted_stability_scan_480_v1/20260816T202848Z_unrestricted_A15xS8xF3_np1/adaptive/A06_S2	PASS	PASS	0	20733e0e17025d2c73f73a666c5b62f92c105ca98114231020130b77f5730d5d	310787e55aba73bc6dbc846d6581d47368fd0de1a81103924f36bf8fa7abbddd		0	1		/eos/user/c/cglenn/FCCWork/whizard/whizard_ttbar_spinpol/production/full6f_365gev_ee_ttbar_spinpol_v1/phase11_diagnostics/excess_weight_rootcause_v1/unrestricted_stability_scan_480_v1/20260816T202848Z_unrestricted_A15xS8xF3_np1/adaptive/A06_S2/console.log	1
C_A06_S2_F0	fixed	A06_S2_F0	A06_S2	A06	F0	S2	1885084773	1596606550	"1:100000:""gw"",1:200000:""gw"",1:400000:""gw"""	"3:200000:"""""	/eos/user/c/cglenn/FCCWork/whizard/whizard_ttbar_spinpol/production/full6f_365gev_ee_ttbar_spinpol_v1/phase11_diagnostics/excess_weight_rootcause_v1/unrestricted_stability_scan_480_v1/20260816T202848Z_unrestricted_A15xS8xF3_np1/fixed/A06_S2/F0	PASS	PASS	0	20733e0e17025d2c73f73a666c5b62f92c105ca98114231020130b77f5730d5d	cf0f8d5c0cca43762fc204427790d9f68d7404846549e18c6056aa4ccf9ee328	310787e55aba73bc6dbc846d6581d47368fd0de1a81103924f36bf8fa7abbddd	3	0	1	/eos/user/c/cglenn/FCCWork/whizard/whizard_ttbar_spinpol/production/full6f_365gev_ee_ttbar_spinpol_v1/phase11_diagnostics/excess_weight_rootcause_v1/unrestricted_stability_scan_480_v1/20260816T202848Z_unrestricted_A15xS8xF3_np1/fixed/A06_S2/F0/console.log	1
C_A06_S2_F1	fixed	A06_S2_F1	A06_S2	A06	F1	S2	1885084773	1596606550	"1:100000:""gw"",1:200000:""gw"",1:400000:""gw"""	"1:600000:"""""	/eos/user/c/cglenn/FCCWork/whizard/whizard_ttbar_spinpol/production/full6f_365gev_ee_ttbar_spinpol_v1/phase11_diagnostics/excess_weight_rootcause_v1/unrestricted_stability_scan_480_v1/20260816T202848Z_unrestricted_A15xS8xF3_np1/fixed/A06_S2/F1	PASS	PASS	0	20733e0e17025d2c73f73a666c5b62f92c105ca98114231020130b77f5730d5d	4e099b5d0eb59744710b48385a37348d0d1eff45413118bd8c01c71294f45c3c	310787e55aba73bc6dbc846d6581d47368fd0de1a81103924f36bf8fa7abbddd	3	0	1	/eos/user/c/cglenn/FCCWork/whizard/whizard_ttbar_spinpol/production/full6f_365gev_ee_ttbar_spinpol_v1/phase11_diagnostics/excess_weight_rootcause_v1/unrestricted_stability_scan_480_v1/20260816T202848Z_unrestricted_A15xS8xF3_np1/fixed/A06_S2/F1/console.log	1
C_A06_S2_F2	fixed	A06_S2_F2	A06_S2	A06	F2	S2	1885084773	1596606550	"1:100000:""gw"",1:200000:""gw"",1:400000:""gw"""	"1:2000000:"""""	/eos/user/c/cglenn/FCCWork/whizard/whizard_ttbar_spinpol/production/full6f_365gev_ee_ttbar_spinpol_v1/phase11_diagnostics/excess_weight_rootcause_v1/unrestricted_stability_scan_480_v1/20260816T202848Z_unrestricted_A15xS8xF3_np1/fixed/A06_S2/F2	PASS	PASS	0	20733e0e17025d2c73f73a666c5b62f92c105ca98114231020130b77f5730d5d	951e6e2e7779e84ce36b8c255f1597427e95e3475b521a1b4235ee504cc3ac77	310787e55aba73bc6dbc846d6581d47368fd0de1a81103924f36bf8fa7abbddd	3	0	1	/eos/user/c/cglenn/FCCWork/whizard/whizard_ttbar_spinpol/production/full6f_365gev_ee_ttbar_spinpol_v1/phase11_diagnostics/excess_weight_rootcause_v1/unrestricted_stability_scan_480_v1/20260816T202848Z_unrestricted_A15xS8xF3_np1/fixed/A06_S2/F2/console.log	1
P_A06_S3	adaptive	A06_S3		A06		S3	134326786	769890491	"1:100000:""gw"",1:200000:""gw"",1:400000:""gw"""		/eos/user/c/cglenn/FCCWork/whizard/whizard_ttbar_spinpol/production/full6f_365gev_ee_ttbar_spinpol_v1/phase11_diagnostics/excess_weight_rootcause_v1/unrestricted_stability_scan_480_v1/20260816T202848Z_unrestricted_A15xS8xF3_np1/adaptive/A06_S3	PASS	PASS	0	20733e0e17025d2c73f73a666c5b62f92c105ca98114231020130b77f5730d5d	56942058afd3173866dbf07eb05d8319d6c4571a56d30b05ed459e555dfdc307		0	1		/eos/user/c/cglenn/FCCWork/whizard/whizard_ttbar_spinpol/production/full6f_365gev_ee_ttbar_spinpol_v1/phase11_diagnostics/excess_weight_rootcause_v1/unrestricted_stability_scan_480_v1/20260816T202848Z_unrestricted_A15xS8xF3_np1/adaptive/A06_S3/console.log	1
C_A06_S3_F0	fixed	A06_S3_F0	A06_S3	A06	F0	S3	134326786	769890491	"1:100000:""gw"",1:200000:""gw"",1:400000:""gw"""	"3:200000:"""""	/eos/user/c/cglenn/FCCWork/whizard/whizard_ttbar_spinpol/production/full6f_365gev_ee_ttbar_spinpol_v1/phase11_diagnostics/excess_weight_rootcause_v1/unrestricted_stability_scan_480_v1/20260816T202848Z_unrestricted_A15xS8xF3_np1/fixed/A06_S3/F0	PASS	PASS	0	20733e0e17025d2c73f73a666c5b62f92c105ca98114231020130b77f5730d5d	395ce0f40120d119e38f74c4bd3bab6a7296a9a848a4d05285bbe648e8a80b23	56942058afd3173866dbf07eb05d8319d6c4571a56d30b05ed459e555dfdc307	3	0	1	/eos/user/c/cglenn/FCCWork/whizard/whizard_ttbar_spinpol/production/full6f_365gev_ee_ttbar_spinpol_v1/phase11_diagnostics/excess_weight_rootcause_v1/unrestricted_stability_scan_480_v1/20260816T202848Z_unrestricted_A15xS8xF3_np1/fixed/A06_S3/F0/console.log	1
C_A06_S3_F1	fixed	A06_S3_F1	A06_S3	A06	F1	S3	134326786	769890491	"1:100000:""gw"",1:200000:""gw"",1:400000:""gw"""	"1:600000:"""""	/eos/user/c/cglenn/FCCWork/whizard/whizard_ttbar_spinpol/production/full6f_365gev_ee_ttbar_spinpol_v1/phase11_diagnostics/excess_weight_rootcause_v1/unrestricted_stability_scan_480_v1/20260816T202848Z_unrestricted_A15xS8xF3_np1/fixed/A06_S3/F1	PASS	PASS	0	20733e0e17025d2c73f73a666c5b62f92c105ca98114231020130b77f5730d5d	5138702a439a4a1c06d0e568cca6b47b59f8bfba75779b5a94b822c729febf8b	56942058afd3173866dbf07eb05d8319d6c4571a56d30b05ed459e555dfdc307	3	0	1	/eos/user/c/cglenn/FCCWork/whizard/whizard_ttbar_spinpol/production/full6f_365gev_ee_ttbar_spinpol_v1/phase11_diagnostics/excess_weight_rootcause_v1/unrestricted_stability_scan_480_v1/20260816T202848Z_unrestricted_A15xS8xF3_np1/fixed/A06_S3/F1/console.log	1
C_A06_S3_F2	fixed	A06_S3_F2	A06_S3	A06	F2	S3	134326786	769890491	"1:100000:""gw"",1:200000:""gw"",1:400000:""gw"""	"1:2000000:"""""	/eos/user/c/cglenn/FCCWork/whizard/whizard_ttbar_spinpol/production/full6f_365gev_ee_ttbar_spinpol_v1/phase11_diagnostics/excess_weight_rootcause_v1/unrestricted_stability_scan_480_v1/20260816T202848Z_unrestricted_A15xS8xF3_np1/fixed/A06_S3/F2	PASS	PASS	0	20733e0e17025d2c73f73a666c5b62f92c105ca98114231020130b77f5730d5d	814ded251f7b0e9d1c51a1c1a3c1ab456f56b3eb8f302e8144add1adff70b4bd	56942058afd3173866dbf07eb05d8319d6c4571a56d30b05ed459e555dfdc307	3	0	1	/eos/user/c/cglenn/FCCWork/whizard/whizard_ttbar_spinpol/production/full6f_365gev_ee_ttbar_spinpol_v1/phase11_diagnostics/excess_weight_rootcause_v1/unrestricted_stability_scan_480_v1/20260816T202848Z_unrestricted_A15xS8xF3_np1/fixed/A06_S3/F2/console.log	1
P_A06_S4	adaptive	A06_S4		A06		S4	249371675	462903030	"1:100000:""gw"",1:200000:""gw"",1:400000:""gw"""		/eos/user/c/cglenn/FCCWork/whizard/whizard_ttbar_spinpol/production/full6f_365gev_ee_ttbar_spinpol_v1/phase11_diagnostics/excess_weight_rootcause_v1/unrestricted_stability_scan_480_v1/20260816T202848Z_unrestricted_A15xS8xF3_np1/adaptive/A06_S4	PASS	PASS	0	20733e0e17025d2c73f73a666c5b62f92c105ca98114231020130b77f5730d5d	3b069e56339d8466864d0473f99d7f3b65404ea5feb956d664e31991c4d40c26		0	1		/eos/user/c/cglenn/FCCWork/whizard/whizard_ttbar_spinpol/production/full6f_365gev_ee_ttbar_spinpol_v1/phase11_diagnostics/excess_weight_rootcause_v1/unrestricted_stability_scan_480_v1/20260816T202848Z_unrestricted_A15xS8xF3_np1/adaptive/A06_S4/console.log	1
C_A06_S4_F0	fixed	A06_S4_F0	A06_S4	A06	F0	S4	249371675	462903030	"1:100000:""gw"",1:200000:""gw"",1:400000:""gw"""	"3:200000:"""""	/eos/user/c/cglenn/FCCWork/whizard/whizard_ttbar_spinpol/production/full6f_365gev_ee_ttbar_spinpol_v1/phase11_diagnostics/excess_weight_rootcause_v1/unrestricted_stability_scan_480_v1/20260816T202848Z_unrestricted_A15xS8xF3_np1/fixed/A06_S4/F0	PASS	PASS	0	20733e0e17025d2c73f73a666c5b62f92c105ca98114231020130b77f5730d5d	ba92d037d314b3a8bec5b64e50252115880dcc4fe82c3b2cace3865644eda23f	3b069e56339d8466864d0473f99d7f3b65404ea5feb956d664e31991c4d40c26	3	0	1	/eos/user/c/cglenn/FCCWork/whizard/whizard_ttbar_spinpol/production/full6f_365gev_ee_ttbar_spinpol_v1/phase11_diagnostics/excess_weight_rootcause_v1/unrestricted_stability_scan_480_v1/20260816T202848Z_unrestricted_A15xS8xF3_np1/fixed/A06_S4/F0/console.log	1
C_A06_S4_F1	fixed	A06_S4_F1	A06_S4	A06	F1	S4	249371675	462903030	"1:100000:""gw"",1:200000:""gw"",1:400000:""gw"""	"1:600000:"""""	/eos/user/c/cglenn/FCCWork/whizard/whizard_ttbar_spinpol/production/full6f_365gev_ee_ttbar_spinpol_v1/phase11_diagnostics/excess_weight_rootcause_v1/unrestricted_stability_scan_480_v1/20260816T202848Z_unrestricted_A15xS8xF3_np1/fixed/A06_S4/F1	PASS	PASS	0	20733e0e17025d2c73f73a666c5b62f92c105ca98114231020130b77f5730d5d	c13fd37950bd3b2a45a7b1192185354af6787b6e45dac20bc1c6e11eb03327e1	3b069e56339d8466864d0473f99d7f3b65404ea5feb956d664e31991c4d40c26	3	0	1	/eos/user/c/cglenn/FCCWork/whizard/whizard_ttbar_spinpol/production/full6f_365gev_ee_ttbar_spinpol_v1/phase11_diagnostics/excess_weight_rootcause_v1/unrestricted_stability_scan_480_v1/20260816T202848Z_unrestricted_A15xS8xF3_np1/fixed/A06_S4/F1/console.log	1
C_A06_S4_F2	fixed	A06_S4_F2	A06_S4	A06	F2	S4	249371675	462903030	"1:100000:""gw"",1:200000:""gw"",1:400000:""gw"""	"1:2000000:"""""	/eos/user/c/cglenn/FCCWork/whizard/whizard_ttbar_spinpol/production/full6f_365gev_ee_ttbar_spinpol_v1/phase11_diagnostics/excess_weight_rootcause_v1/unrestricted_stability_scan_480_v1/20260816T202848Z_unrestricted_A15xS8xF3_np1/fixed/A06_S4/F2	PASS	PASS	0	20733e0e17025d2c73f73a666c5b62f92c105ca98114231020130b77f5730d5d	4c6cfb0644e2591d750cf3257595bb376a649faae09d08d5918f9aeccdf6fd9f	3b069e56339d8466864d0473f99d7f3b65404ea5feb956d664e31991c4d40c26	3	0	1	/eos/user/c/cglenn/FCCWork/whizard/whizard_ttbar_spinpol/production/full6f_365gev_ee_ttbar_spinpol_v1/phase11_diagnostics/excess_weight_rootcause_v1/unrestricted_stability_scan_480_v1/20260816T202848Z_unrestricted_A15xS8xF3_np1/fixed/A06_S4/F2/console.log	1
P_A06_S5	adaptive	A06_S5		A06		S5	531087687	197846737	"1:100000:""gw"",1:200000:""gw"",1:400000:""gw"""		/eos/user/c/cglenn/FCCWork/whizard/whizard_ttbar_spinpol/production/full6f_365gev_ee_ttbar_spinpol_v1/phase11_diagnostics/excess_weight_rootcause_v1/unrestricted_stability_scan_480_v1/20260816T202848Z_unrestricted_A15xS8xF3_np1/adaptive/A06_S5	PASS	PASS	0	20733e0e17025d2c73f73a666c5b62f92c105ca98114231020130b77f5730d5d	2557d961b2a7c1c984c1fb41b6325fa99d51461ba04d66859814478047a9ae7e		0	1		/eos/user/c/cglenn/FCCWork/whizard/whizard_ttbar_spinpol/production/full6f_365gev_ee_ttbar_spinpol_v1/phase11_diagnostics/excess_weight_rootcause_v1/unrestricted_stability_scan_480_v1/20260816T202848Z_unrestricted_A15xS8xF3_np1/adaptive/A06_S5/console.log	1
C_A06_S5_F0	fixed	A06_S5_F0	A06_S5	A06	F0	S5	531087687	197846737	"1:100000:""gw"",1:200000:""gw"",1:400000:""gw"""	"3:200000:"""""	/eos/user/c/cglenn/FCCWork/whizard/whizard_ttbar_spinpol/production/full6f_365gev_ee_ttbar_spinpol_v1/phase11_diagnostics/excess_weight_rootcause_v1/unrestricted_stability_scan_480_v1/20260816T202848Z_unrestricted_A15xS8xF3_np1/fixed/A06_S5/F0	PASS	PASS	0	20733e0e17025d2c73f73a666c5b62f92c105ca98114231020130b77f5730d5d	5ba2dcbd756cd57e6886e7192ec93e5fc5544619df15c4f8a97771b771a42afc	2557d961b2a7c1c984c1fb41b6325fa99d51461ba04d66859814478047a9ae7e	3	0	1	/eos/user/c/cglenn/FCCWork/whizard/whizard_ttbar_spinpol/production/full6f_365gev_ee_ttbar_spinpol_v1/phase11_diagnostics/excess_weight_rootcause_v1/unrestricted_stability_scan_480_v1/20260816T202848Z_unrestricted_A15xS8xF3_np1/fixed/A06_S5/F0/console.log	1
C_A06_S5_F1	fixed	A06_S5_F1	A06_S5	A06	F1	S5	531087687	197846737	"1:100000:""gw"",1:200000:""gw"",1:400000:""gw"""	"1:600000:"""""	/eos/user/c/cglenn/FCCWork/whizard/whizard_ttbar_spinpol/production/full6f_365gev_ee_ttbar_spinpol_v1/phase11_diagnostics/excess_weight_rootcause_v1/unrestricted_stability_scan_480_v1/20260816T202848Z_unrestricted_A15xS8xF3_np1/fixed/A06_S5/F1	PASS	PASS	0	20733e0e17025d2c73f73a666c5b62f92c105ca98114231020130b77f5730d5d	753c370c510e4d0c1d5e4967b31c3cf4135dd1891443c2a21e83ff357ea79765	2557d961b2a7c1c984c1fb41b6325fa99d51461ba04d66859814478047a9ae7e	3	0	1	/eos/user/c/cglenn/FCCWork/whizard/whizard_ttbar_spinpol/production/full6f_365gev_ee_ttbar_spinpol_v1/phase11_diagnostics/excess_weight_rootcause_v1/unrestricted_stability_scan_480_v1/20260816T202848Z_unrestricted_A15xS8xF3_np1/fixed/A06_S5/F1/console.log	1
C_A06_S5_F2	fixed	A06_S5_F2	A06_S5	A06	F2	S5	531087687	197846737	"1:100000:""gw"",1:200000:""gw"",1:400000:""gw"""	"1:2000000:"""""	/eos/user/c/cglenn/FCCWork/whizard/whizard_ttbar_spinpol/production/full6f_365gev_ee_ttbar_spinpol_v1/phase11_diagnostics/excess_weight_rootcause_v1/unrestricted_stability_scan_480_v1/20260816T202848Z_unrestricted_A15xS8xF3_np1/fixed/A06_S5/F2	PASS	PASS	0	20733e0e17025d2c73f73a666c5b62f92c105ca98114231020130b77f5730d5d	a791d68c8e84143821e0ef2369856dc082b48cc9576742860c4ff1366b36696c	2557d961b2a7c1c984c1fb41b6325fa99d51461ba04d66859814478047a9ae7e	3	0	1	/eos/user/c/cglenn/FCCWork/whizard/whizard_ttbar_spinpol/production/full6f_365gev_ee_ttbar_spinpol_v1/phase11_diagnostics/excess_weight_rootcause_v1/unrestricted_stability_scan_480_v1/20260816T202848Z_unrestricted_A15xS8xF3_np1/fixed/A06_S5/F2/console.log	1
P_A06_S6	adaptive	A06_S6		A06		S6	519963689	958460417	"1:100000:""gw"",1:200000:""gw"",1:400000:""gw"""		/eos/user/c/cglenn/FCCWork/whizard/whizard_ttbar_spinpol/production/full6f_365gev_ee_ttbar_spinpol_v1/phase11_diagnostics/excess_weight_rootcause_v1/unrestricted_stability_scan_480_v1/20260816T202848Z_unrestricted_A15xS8xF3_np1/adaptive/A06_S6	PASS	PASS	0	20733e0e17025d2c73f73a666c5b62f92c105ca98114231020130b77f5730d5d	f29a803fa983d08eea098879c899a034fe73d4ad11f39fa475a242ff5eed9d20		0	1		/eos/user/c/cglenn/FCCWork/whizard/whizard_ttbar_spinpol/production/full6f_365gev_ee_ttbar_spinpol_v1/phase11_diagnostics/excess_weight_rootcause_v1/unrestricted_stability_scan_480_v1/20260816T202848Z_unrestricted_A15xS8xF3_np1/adaptive/A06_S6/console.log	1
C_A06_S6_F0	fixed	A06_S6_F0	A06_S6	A06	F0	S6	519963689	958460417	"1:100000:""gw"",1:200000:""gw"",1:400000:""gw"""	"3:200000:"""""	/eos/user/c/cglenn/FCCWork/whizard/whizard_ttbar_spinpol/production/full6f_365gev_ee_ttbar_spinpol_v1/phase11_diagnostics/excess_weight_rootcause_v1/unrestricted_stability_scan_480_v1/20260816T202848Z_unrestricted_A15xS8xF3_np1/fixed/A06_S6/F0	PASS	PASS	0	20733e0e17025d2c73f73a666c5b62f92c105ca98114231020130b77f5730d5d	37dd9b1c5c33811a3013d51d933424c5807284db28fad6a330b7debb71478f84	f29a803fa983d08eea098879c899a034fe73d4ad11f39fa475a242ff5eed9d20	3	0	1	/eos/user/c/cglenn/FCCWork/whizard/whizard_ttbar_spinpol/production/full6f_365gev_ee_ttbar_spinpol_v1/phase11_diagnostics/excess_weight_rootcause_v1/unrestricted_stability_scan_480_v1/20260816T202848Z_unrestricted_A15xS8xF3_np1/fixed/A06_S6/F0/console.log	1
C_A06_S6_F1	fixed	A06_S6_F1	A06_S6	A06	F1	S6	519963689	958460417	"1:100000:""gw"",1:200000:""gw"",1:400000:""gw"""	"1:600000:"""""	/eos/user/c/cglenn/FCCWork/whizard/whizard_ttbar_spinpol/production/full6f_365gev_ee_ttbar_spinpol_v1/phase11_diagnostics/excess_weight_rootcause_v1/unrestricted_stability_scan_480_v1/20260816T202848Z_unrestricted_A15xS8xF3_np1/fixed/A06_S6/F1	PASS	PASS	0	20733e0e17025d2c73f73a666c5b62f92c105ca98114231020130b77f5730d5d	92bde088d7fb9f044401508f4194c65a41b89896b5aeefec4e2591a27233a2ba	f29a803fa983d08eea098879c899a034fe73d4ad11f39fa475a242ff5eed9d20	3	0	1	/eos/user/c/cglenn/FCCWork/whizard/whizard_ttbar_spinpol/production/full6f_365gev_ee_ttbar_spinpol_v1/phase11_diagnostics/excess_weight_rootcause_v1/unrestricted_stability_scan_480_v1/20260816T202848Z_unrestricted_A15xS8xF3_np1/fixed/A06_S6/F1/console.log	1
C_A06_S6_F2	fixed	A06_S6_F2	A06_S6	A06	F2	S6	519963689	958460417	"1:100000:""gw"",1:200000:""gw"",1:400000:""gw"""	"1:2000000:"""""	/eos/user/c/cglenn/FCCWork/whizard/whizard_ttbar_spinpol/production/full6f_365gev_ee_ttbar_spinpol_v1/phase11_diagnostics/excess_weight_rootcause_v1/unrestricted_stability_scan_480_v1/20260816T202848Z_unrestricted_A15xS8xF3_np1/fixed/A06_S6/F2	PASS	PASS	0	20733e0e17025d2c73f73a666c5b62f92c105ca98114231020130b77f5730d5d	3e9a4c61758581ef3e52dfeeab542c7f658b821538f694122fa1b70eda9c83b8	f29a803fa983d08eea098879c899a034fe73d4ad11f39fa475a242ff5eed9d20	3	0	1	/eos/user/c/cglenn/FCCWork/whizard/whizard_ttbar_spinpol/production/full6f_365gev_ee_ttbar_spinpol_v1/phase11_diagnostics/excess_weight_rootcause_v1/unrestricted_stability_scan_480_v1/20260816T202848Z_unrestricted_A15xS8xF3_np1/fixed/A06_S6/F2/console.log	1
P_A06_S7	adaptive	A06_S7		A06		S7	1552803368	239117595	"1:100000:""gw"",1:200000:""gw"",1:400000:""gw"""		/eos/user/c/cglenn/FCCWork/whizard/whizard_ttbar_spinpol/production/full6f_365gev_ee_ttbar_spinpol_v1/phase11_diagnostics/excess_weight_rootcause_v1/unrestricted_stability_scan_480_v1/20260816T202848Z_unrestricted_A15xS8xF3_np1/adaptive/A06_S7	PASS	PASS	0	20733e0e17025d2c73f73a666c5b62f92c105ca98114231020130b77f5730d5d	09540ea4cbfd200d420331575c51c417f646cce92de5839f85afc5566ca2bf89		0	1		/eos/user/c/cglenn/FCCWork/whizard/whizard_ttbar_spinpol/production/full6f_365gev_ee_ttbar_spinpol_v1/phase11_diagnostics/excess_weight_rootcause_v1/unrestricted_stability_scan_480_v1/20260816T202848Z_unrestricted_A15xS8xF3_np1/adaptive/A06_S7/console.log	1
C_A06_S7_F0	fixed	A06_S7_F0	A06_S7	A06	F0	S7	1552803368	239117595	"1:100000:""gw"",1:200000:""gw"",1:400000:""gw"""	"3:200000:"""""	/eos/user/c/cglenn/FCCWork/whizard/whizard_ttbar_spinpol/production/full6f_365gev_ee_ttbar_spinpol_v1/phase11_diagnostics/excess_weight_rootcause_v1/unrestricted_stability_scan_480_v1/20260816T202848Z_unrestricted_A15xS8xF3_np1/fixed/A06_S7/F0	PASS	PASS	0	20733e0e17025d2c73f73a666c5b62f92c105ca98114231020130b77f5730d5d	0deb68b31903dba9dca09ec040397a689ef1e2fcc85420a4177cff5c24fb55d4	09540ea4cbfd200d420331575c51c417f646cce92de5839f85afc5566ca2bf89	3	0	1	/eos/user/c/cglenn/FCCWork/whizard/whizard_ttbar_spinpol/production/full6f_365gev_ee_ttbar_spinpol_v1/phase11_diagnostics/excess_weight_rootcause_v1/unrestricted_stability_scan_480_v1/20260816T202848Z_unrestricted_A15xS8xF3_np1/fixed/A06_S7/F0/console.log	1
C_A06_S7_F1	fixed	A06_S7_F1	A06_S7	A06	F1	S7	1552803368	239117595	"1:100000:""gw"",1:200000:""gw"",1:400000:""gw"""	"1:600000:"""""	/eos/user/c/cglenn/FCCWork/whizard/whizard_ttbar_spinpol/production/full6f_365gev_ee_ttbar_spinpol_v1/phase11_diagnostics/excess_weight_rootcause_v1/unrestricted_stability_scan_480_v1/20260816T202848Z_unrestricted_A15xS8xF3_np1/fixed/A06_S7/F1	PASS	PASS	0	20733e0e17025d2c73f73a666c5b62f92c105ca98114231020130b77f5730d5d	f8e44b91df5c0716ddaa9903c67c234cdddfa7434bdaa958d2f8ca52363bd95a	09540ea4cbfd200d420331575c51c417f646cce92de5839f85afc5566ca2bf89	3	0	1	/eos/user/c/cglenn/FCCWork/whizard/whizard_ttbar_spinpol/production/full6f_365gev_ee_ttbar_spinpol_v1/phase11_diagnostics/excess_weight_rootcause_v1/unrestricted_stability_scan_480_v1/20260816T202848Z_unrestricted_A15xS8xF3_np1/fixed/A06_S7/F1/console.log	1
C_A06_S7_F2	fixed	A06_S7_F2	A06_S7	A06	F2	S7	1552803368	239117595	"1:100000:""gw"",1:200000:""gw"",1:400000:""gw"""	"1:2000000:"""""	/eos/user/c/cglenn/FCCWork/whizard/whizard_ttbar_spinpol/production/full6f_365gev_ee_ttbar_spinpol_v1/phase11_diagnostics/excess_weight_rootcause_v1/unrestricted_stability_scan_480_v1/20260816T202848Z_unrestricted_A15xS8xF3_np1/fixed/A06_S7/F2	PASS	PASS	0	20733e0e17025d2c73f73a666c5b62f92c105ca98114231020130b77f5730d5d	6e70fae1ff82151e8bfcbd0fc3f38ffe79f996fdc0184f71368ea2f23854ebcf	09540ea4cbfd200d420331575c51c417f646cce92de5839f85afc5566ca2bf89	3	0	1	/eos/user/c/cglenn/FCCWork/whizard/whizard_ttbar_spinpol/production/full6f_365gev_ee_ttbar_spinpol_v1/phase11_diagnostics/excess_weight_rootcause_v1/unrestricted_stability_scan_480_v1/20260816T202848Z_unrestricted_A15xS8xF3_np1/fixed/A06_S7/F2/console.log	1
P_A07_S0	adaptive	A07_S0		A07		S0	1740114216	648318690	"10:100000:""gw"""		/eos/user/c/cglenn/FCCWork/whizard/whizard_ttbar_spinpol/production/full6f_365gev_ee_ttbar_spinpol_v1/phase11_diagnostics/excess_weight_rootcause_v1/unrestricted_stability_scan_480_v1/20260816T202848Z_unrestricted_A15xS8xF3_np1/adaptive/A07_S0	PASS	PASS	0	20733e0e17025d2c73f73a666c5b62f92c105ca98114231020130b77f5730d5d	a8345d2642a6f5739dc08c353ee455f6e66bf84e430146cf7382e7244d17a09d		0	1		/eos/user/c/cglenn/FCCWork/whizard/whizard_ttbar_spinpol/production/full6f_365gev_ee_ttbar_spinpol_v1/phase11_diagnostics/excess_weight_rootcause_v1/unrestricted_stability_scan_480_v1/20260816T202848Z_unrestricted_A15xS8xF3_np1/adaptive/A07_S0/console.log	1
C_A07_S0_F0	fixed	A07_S0_F0	A07_S0	A07	F0	S0	1740114216	648318690	"10:100000:""gw"""	"3:200000:"""""	/eos/user/c/cglenn/FCCWork/whizard/whizard_ttbar_spinpol/production/full6f_365gev_ee_ttbar_spinpol_v1/phase11_diagnostics/excess_weight_rootcause_v1/unrestricted_stability_scan_480_v1/20260816T202848Z_unrestricted_A15xS8xF3_np1/fixed/A07_S0/F0	PASS	PASS	0	20733e0e17025d2c73f73a666c5b62f92c105ca98114231020130b77f5730d5d	5c0bb261183088145128742323319c29099a00eb3ac1869caea8454e19be93d1	a8345d2642a6f5739dc08c353ee455f6e66bf84e430146cf7382e7244d17a09d	1	0	1	/eos/user/c/cglenn/FCCWork/whizard/whizard_ttbar_spinpol/production/full6f_365gev_ee_ttbar_spinpol_v1/phase11_diagnostics/excess_weight_rootcause_v1/unrestricted_stability_scan_480_v1/20260816T202848Z_unrestricted_A15xS8xF3_np1/fixed/A07_S0/F0/console.log	1
C_A07_S0_F1	fixed	A07_S0_F1	A07_S0	A07	F1	S0	1740114216	648318690	"10:100000:""gw"""	"1:600000:"""""	/eos/user/c/cglenn/FCCWork/whizard/whizard_ttbar_spinpol/production/full6f_365gev_ee_ttbar_spinpol_v1/phase11_diagnostics/excess_weight_rootcause_v1/unrestricted_stability_scan_480_v1/20260816T202848Z_unrestricted_A15xS8xF3_np1/fixed/A07_S0/F1	PASS	PASS	0	20733e0e17025d2c73f73a666c5b62f92c105ca98114231020130b77f5730d5d	604892dfd49fcea7b6a4ba6d7d65370e15a9094da3615a4c3634a31bfe3b5be9	a8345d2642a6f5739dc08c353ee455f6e66bf84e430146cf7382e7244d17a09d	1	0	1	/eos/user/c/cglenn/FCCWork/whizard/whizard_ttbar_spinpol/production/full6f_365gev_ee_ttbar_spinpol_v1/phase11_diagnostics/excess_weight_rootcause_v1/unrestricted_stability_scan_480_v1/20260816T202848Z_unrestricted_A15xS8xF3_np1/fixed/A07_S0/F1/console.log	1
C_A07_S0_F2	fixed	A07_S0_F2	A07_S0	A07	F2	S0	1740114216	648318690	"10:100000:""gw"""	"1:2000000:"""""	/eos/user/c/cglenn/FCCWork/whizard/whizard_ttbar_spinpol/production/full6f_365gev_ee_ttbar_spinpol_v1/phase11_diagnostics/excess_weight_rootcause_v1/unrestricted_stability_scan_480_v1/20260816T202848Z_unrestricted_A15xS8xF3_np1/fixed/A07_S0/F2	PASS	PASS	0	20733e0e17025d2c73f73a666c5b62f92c105ca98114231020130b77f5730d5d	342d1321cbc6aaf5e453df89593d3a7b3c4b14e1f559c85b2c3211e762732bd0	a8345d2642a6f5739dc08c353ee455f6e66bf84e430146cf7382e7244d17a09d	1	0	1	/eos/user/c/cglenn/FCCWork/whizard/whizard_ttbar_spinpol/production/full6f_365gev_ee_ttbar_spinpol_v1/phase11_diagnostics/excess_weight_rootcause_v1/unrestricted_stability_scan_480_v1/20260816T202848Z_unrestricted_A15xS8xF3_np1/fixed/A07_S0/F2/console.log	1
P_A07_S1	adaptive	A07_S1		A07		S1	1751949026	1404282457	"10:100000:""gw"""		/eos/user/c/cglenn/FCCWork/whizard/whizard_ttbar_spinpol/production/full6f_365gev_ee_ttbar_spinpol_v1/phase11_diagnostics/excess_weight_rootcause_v1/unrestricted_stability_scan_480_v1/20260816T202848Z_unrestricted_A15xS8xF3_np1/adaptive/A07_S1	PASS	PASS	0	20733e0e17025d2c73f73a666c5b62f92c105ca98114231020130b77f5730d5d	6d9eaf2c58f66bd0b7ba74adcdcb215d9b7b2c245d5d44a0ac41cc83f47686a9		0	1		/eos/user/c/cglenn/FCCWork/whizard/whizard_ttbar_spinpol/production/full6f_365gev_ee_ttbar_spinpol_v1/phase11_diagnostics/excess_weight_rootcause_v1/unrestricted_stability_scan_480_v1/20260816T202848Z_unrestricted_A15xS8xF3_np1/adaptive/A07_S1/console.log	1
C_A07_S1_F0	fixed	A07_S1_F0	A07_S1	A07	F0	S1	1751949026	1404282457	"10:100000:""gw"""	"3:200000:"""""	/eos/user/c/cglenn/FCCWork/whizard/whizard_ttbar_spinpol/production/full6f_365gev_ee_ttbar_spinpol_v1/phase11_diagnostics/excess_weight_rootcause_v1/unrestricted_stability_scan_480_v1/20260816T202848Z_unrestricted_A15xS8xF3_np1/fixed/A07_S1/F0	PASS	PASS	0	20733e0e17025d2c73f73a666c5b62f92c105ca98114231020130b77f5730d5d	56653275108b8db89233210be26f75bbb84325f87c8b804cf2ddf935430fbc46	6d9eaf2c58f66bd0b7ba74adcdcb215d9b7b2c245d5d44a0ac41cc83f47686a9	1	0	1	/eos/user/c/cglenn/FCCWork/whizard/whizard_ttbar_spinpol/production/full6f_365gev_ee_ttbar_spinpol_v1/phase11_diagnostics/excess_weight_rootcause_v1/unrestricted_stability_scan_480_v1/20260816T202848Z_unrestricted_A15xS8xF3_np1/fixed/A07_S1/F0/console.log	1
C_A07_S1_F1	fixed	A07_S1_F1	A07_S1	A07	F1	S1	1751949026	1404282457	"10:100000:""gw"""	"1:600000:"""""	/eos/user/c/cglenn/FCCWork/whizard/whizard_ttbar_spinpol/production/full6f_365gev_ee_ttbar_spinpol_v1/phase11_diagnostics/excess_weight_rootcause_v1/unrestricted_stability_scan_480_v1/20260816T202848Z_unrestricted_A15xS8xF3_np1/fixed/A07_S1/F1	PASS	PASS	0	20733e0e17025d2c73f73a666c5b62f92c105ca98114231020130b77f5730d5d	1b697b1284e8ce22bad5b0196ea2146fb7df8ad5d824710d9d9fe9f4cde7f3d6	6d9eaf2c58f66bd0b7ba74adcdcb215d9b7b2c245d5d44a0ac41cc83f47686a9	1	0	1	/eos/user/c/cglenn/FCCWork/whizard/whizard_ttbar_spinpol/production/full6f_365gev_ee_ttbar_spinpol_v1/phase11_diagnostics/excess_weight_rootcause_v1/unrestricted_stability_scan_480_v1/20260816T202848Z_unrestricted_A15xS8xF3_np1/fixed/A07_S1/F1/console.log	1
C_A07_S1_F2	fixed	A07_S1_F2	A07_S1	A07	F2	S1	1751949026	1404282457	"10:100000:""gw"""	"1:2000000:"""""	/eos/user/c/cglenn/FCCWork/whizard/whizard_ttbar_spinpol/production/full6f_365gev_ee_ttbar_spinpol_v1/phase11_diagnostics/excess_weight_rootcause_v1/unrestricted_stability_scan_480_v1/20260816T202848Z_unrestricted_A15xS8xF3_np1/fixed/A07_S1/F2	PASS	PASS	0	20733e0e17025d2c73f73a666c5b62f92c105ca98114231020130b77f5730d5d	277ff5aeb15e6e72930c6f6fcf87b1aca1eb283ada6ecce96e4e77a39fc32d18	6d9eaf2c58f66bd0b7ba74adcdcb215d9b7b2c245d5d44a0ac41cc83f47686a9	1	0	1	/eos/user/c/cglenn/FCCWork/whizard/whizard_ttbar_spinpol/production/full6f_365gev_ee_ttbar_spinpol_v1/phase11_diagnostics/excess_weight_rootcause_v1/unrestricted_stability_scan_480_v1/20260816T202848Z_unrestricted_A15xS8xF3_np1/fixed/A07_S1/F2/console.log	1
P_A07_S2	adaptive	A07_S2		A07		S2	1885084773	1596606550	"10:100000:""gw"""		/eos/user/c/cglenn/FCCWork/whizard/whizard_ttbar_spinpol/production/full6f_365gev_ee_ttbar_spinpol_v1/phase11_diagnostics/excess_weight_rootcause_v1/unrestricted_stability_scan_480_v1/20260816T202848Z_unrestricted_A15xS8xF3_np1/adaptive/A07_S2	PASS	PASS	0	20733e0e17025d2c73f73a666c5b62f92c105ca98114231020130b77f5730d5d	2cba5c4b5c562c485be86147bded1dd8c6d1efc8b37296f817852dafabe3d04c		0	1		/eos/user/c/cglenn/FCCWork/whizard/whizard_ttbar_spinpol/production/full6f_365gev_ee_ttbar_spinpol_v1/phase11_diagnostics/excess_weight_rootcause_v1/unrestricted_stability_scan_480_v1/20260816T202848Z_unrestricted_A15xS8xF3_np1/adaptive/A07_S2/console.log	1
C_A07_S2_F0	fixed	A07_S2_F0	A07_S2	A07	F0	S2	1885084773	1596606550	"10:100000:""gw"""	"3:200000:"""""	/eos/user/c/cglenn/FCCWork/whizard/whizard_ttbar_spinpol/production/full6f_365gev_ee_ttbar_spinpol_v1/phase11_diagnostics/excess_weight_rootcause_v1/unrestricted_stability_scan_480_v1/20260816T202848Z_unrestricted_A15xS8xF3_np1/fixed/A07_S2/F0	PASS	PASS	0	20733e0e17025d2c73f73a666c5b62f92c105ca98114231020130b77f5730d5d	c6b574b04af957ffb0a906b862a210aa51bb8291689d6e0e0825af6202a508fe	2cba5c4b5c562c485be86147bded1dd8c6d1efc8b37296f817852dafabe3d04c	1	0	1	/eos/user/c/cglenn/FCCWork/whizard/whizard_ttbar_spinpol/production/full6f_365gev_ee_ttbar_spinpol_v1/phase11_diagnostics/excess_weight_rootcause_v1/unrestricted_stability_scan_480_v1/20260816T202848Z_unrestricted_A15xS8xF3_np1/fixed/A07_S2/F0/console.log	1
C_A07_S2_F1	fixed	A07_S2_F1	A07_S2	A07	F1	S2	1885084773	1596606550	"10:100000:""gw"""	"1:600000:"""""	/eos/user/c/cglenn/FCCWork/whizard/whizard_ttbar_spinpol/production/full6f_365gev_ee_ttbar_spinpol_v1/phase11_diagnostics/excess_weight_rootcause_v1/unrestricted_stability_scan_480_v1/20260816T202848Z_unrestricted_A15xS8xF3_np1/fixed/A07_S2/F1	PASS	PASS	0	20733e0e17025d2c73f73a666c5b62f92c105ca98114231020130b77f5730d5d	fc5d35b58fbc0a1c2b1cbdaee3837ac7e328c92b40e5941a6569393323a29927	2cba5c4b5c562c485be86147bded1dd8c6d1efc8b37296f817852dafabe3d04c	1	0	1	/eos/user/c/cglenn/FCCWork/whizard/whizard_ttbar_spinpol/production/full6f_365gev_ee_ttbar_spinpol_v1/phase11_diagnostics/excess_weight_rootcause_v1/unrestricted_stability_scan_480_v1/20260816T202848Z_unrestricted_A15xS8xF3_np1/fixed/A07_S2/F1/console.log	1
C_A07_S2_F2	fixed	A07_S2_F2	A07_S2	A07	F2	S2	1885084773	1596606550	"10:100000:""gw"""	"1:2000000:"""""	/eos/user/c/cglenn/FCCWork/whizard/whizard_ttbar_spinpol/production/full6f_365gev_ee_ttbar_spinpol_v1/phase11_diagnostics/excess_weight_rootcause_v1/unrestricted_stability_scan_480_v1/20260816T202848Z_unrestricted_A15xS8xF3_np1/fixed/A07_S2/F2	PASS	PASS	0	20733e0e17025d2c73f73a666c5b62f92c105ca98114231020130b77f5730d5d	ea4b346f60b1d69fef3ccbc35c578257d81b7723e12b14c5e084dc7e1a34fd6f	2cba5c4b5c562c485be86147bded1dd8c6d1efc8b37296f817852dafabe3d04c	1	0	1	/eos/user/c/cglenn/FCCWork/whizard/whizard_ttbar_spinpol/production/full6f_365gev_ee_ttbar_spinpol_v1/phase11_diagnostics/excess_weight_rootcause_v1/unrestricted_stability_scan_480_v1/20260816T202848Z_unrestricted_A15xS8xF3_np1/fixed/A07_S2/F2/console.log	1
P_A07_S3	adaptive	A07_S3		A07		S3	134326786	769890491	"10:100000:""gw"""		/eos/user/c/cglenn/FCCWork/whizard/whizard_ttbar_spinpol/production/full6f_365gev_ee_ttbar_spinpol_v1/phase11_diagnostics/excess_weight_rootcause_v1/unrestricted_stability_scan_480_v1/20260816T202848Z_unrestricted_A15xS8xF3_np1/adaptive/A07_S3	PASS	PASS	0	20733e0e17025d2c73f73a666c5b62f92c105ca98114231020130b77f5730d5d	ab60f283e7b3386587084faec53de5bdef7b553f9a43e3a495987b5c56d26ed1		0	1		/eos/user/c/cglenn/FCCWork/whizard/whizard_ttbar_spinpol/production/full6f_365gev_ee_ttbar_spinpol_v1/phase11_diagnostics/excess_weight_rootcause_v1/unrestricted_stability_scan_480_v1/20260816T202848Z_unrestricted_A15xS8xF3_np1/adaptive/A07_S3/console.log	1
C_A07_S3_F0	fixed	A07_S3_F0	A07_S3	A07	F0	S3	134326786	769890491	"10:100000:""gw"""	"3:200000:"""""	/eos/user/c/cglenn/FCCWork/whizard/whizard_ttbar_spinpol/production/full6f_365gev_ee_ttbar_spinpol_v1/phase11_diagnostics/excess_weight_rootcause_v1/unrestricted_stability_scan_480_v1/20260816T202848Z_unrestricted_A15xS8xF3_np1/fixed/A07_S3/F0	PASS	PASS	0	20733e0e17025d2c73f73a666c5b62f92c105ca98114231020130b77f5730d5d	4d47c0003723fe09758525f4211a430fb338649f485198347e7a78b1875316ca	ab60f283e7b3386587084faec53de5bdef7b553f9a43e3a495987b5c56d26ed1	1	0	1	/eos/user/c/cglenn/FCCWork/whizard/whizard_ttbar_spinpol/production/full6f_365gev_ee_ttbar_spinpol_v1/phase11_diagnostics/excess_weight_rootcause_v1/unrestricted_stability_scan_480_v1/20260816T202848Z_unrestricted_A15xS8xF3_np1/fixed/A07_S3/F0/console.log	1
C_A07_S3_F1	fixed	A07_S3_F1	A07_S3	A07	F1	S3	134326786	769890491	"10:100000:""gw"""	"1:600000:"""""	/eos/user/c/cglenn/FCCWork/whizard/whizard_ttbar_spinpol/production/full6f_365gev_ee_ttbar_spinpol_v1/phase11_diagnostics/excess_weight_rootcause_v1/unrestricted_stability_scan_480_v1/20260816T202848Z_unrestricted_A15xS8xF3_np1/fixed/A07_S3/F1	PASS	PASS	0	20733e0e17025d2c73f73a666c5b62f92c105ca98114231020130b77f5730d5d	09e88c27109d9d69453e1912197eec230bb5142d588c7644c61c56fcaa1ecf60	ab60f283e7b3386587084faec53de5bdef7b553f9a43e3a495987b5c56d26ed1	1	0	1	/eos/user/c/cglenn/FCCWork/whizard/whizard_ttbar_spinpol/production/full6f_365gev_ee_ttbar_spinpol_v1/phase11_diagnostics/excess_weight_rootcause_v1/unrestricted_stability_scan_480_v1/20260816T202848Z_unrestricted_A15xS8xF3_np1/fixed/A07_S3/F1/console.log	1
C_A07_S3_F2	fixed	A07_S3_F2	A07_S3	A07	F2	S3	134326786	769890491	"10:100000:""gw"""	"1:2000000:"""""	/eos/user/c/cglenn/FCCWork/whizard/whizard_ttbar_spinpol/production/full6f_365gev_ee_ttbar_spinpol_v1/phase11_diagnostics/excess_weight_rootcause_v1/unrestricted_stability_scan_480_v1/20260816T202848Z_unrestricted_A15xS8xF3_np1/fixed/A07_S3/F2	PASS	PASS	0	20733e0e17025d2c73f73a666c5b62f92c105ca98114231020130b77f5730d5d	785b7a4f84d48ea19c70da72ddec358a0a14d0464ed048299237691cb94231fb	ab60f283e7b3386587084faec53de5bdef7b553f9a43e3a495987b5c56d26ed1	1	0	1	/eos/user/c/cglenn/FCCWork/whizard/whizard_ttbar_spinpol/production/full6f_365gev_ee_ttbar_spinpol_v1/phase11_diagnostics/excess_weight_rootcause_v1/unrestricted_stability_scan_480_v1/20260816T202848Z_unrestricted_A15xS8xF3_np1/fixed/A07_S3/F2/console.log	1
P_A07_S4	adaptive	A07_S4		A07		S4	249371675	462903030	"10:100000:""gw"""		/eos/user/c/cglenn/FCCWork/whizard/whizard_ttbar_spinpol/production/full6f_365gev_ee_ttbar_spinpol_v1/phase11_diagnostics/excess_weight_rootcause_v1/unrestricted_stability_scan_480_v1/20260816T202848Z_unrestricted_A15xS8xF3_np1/adaptive/A07_S4	PASS	PASS	0	20733e0e17025d2c73f73a666c5b62f92c105ca98114231020130b77f5730d5d	25ea33bb8cb7f04d4278ee7fef49ddc525d8d788b9bb0c55cbbb18ad692dc277		0	1		/eos/user/c/cglenn/FCCWork/whizard/whizard_ttbar_spinpol/production/full6f_365gev_ee_ttbar_spinpol_v1/phase11_diagnostics/excess_weight_rootcause_v1/unrestricted_stability_scan_480_v1/20260816T202848Z_unrestricted_A15xS8xF3_np1/adaptive/A07_S4/console.log	1
C_A07_S4_F0	fixed	A07_S4_F0	A07_S4	A07	F0	S4	249371675	462903030	"10:100000:""gw"""	"3:200000:"""""	/eos/user/c/cglenn/FCCWork/whizard/whizard_ttbar_spinpol/production/full6f_365gev_ee_ttbar_spinpol_v1/phase11_diagnostics/excess_weight_rootcause_v1/unrestricted_stability_scan_480_v1/20260816T202848Z_unrestricted_A15xS8xF3_np1/fixed/A07_S4/F0	PASS	PASS	0	20733e0e17025d2c73f73a666c5b62f92c105ca98114231020130b77f5730d5d	303c1656da28714c2e44a8daebfc8f0109a9c22a50c8a4ee9edc42706486f7b0	25ea33bb8cb7f04d4278ee7fef49ddc525d8d788b9bb0c55cbbb18ad692dc277	1	0	1	/eos/user/c/cglenn/FCCWork/whizard/whizard_ttbar_spinpol/production/full6f_365gev_ee_ttbar_spinpol_v1/phase11_diagnostics/excess_weight_rootcause_v1/unrestricted_stability_scan_480_v1/20260816T202848Z_unrestricted_A15xS8xF3_np1/fixed/A07_S4/F0/console.log	1
C_A07_S4_F1	fixed	A07_S4_F1	A07_S4	A07	F1	S4	249371675	462903030	"10:100000:""gw"""	"1:600000:"""""	/eos/user/c/cglenn/FCCWork/whizard/whizard_ttbar_spinpol/production/full6f_365gev_ee_ttbar_spinpol_v1/phase11_diagnostics/excess_weight_rootcause_v1/unrestricted_stability_scan_480_v1/20260816T202848Z_unrestricted_A15xS8xF3_np1/fixed/A07_S4/F1	PASS	PASS	0	20733e0e17025d2c73f73a666c5b62f92c105ca98114231020130b77f5730d5d	1955c16ff9440ca2af6a350139559842e36b0889ee326d240c3f321dc7ddcb00	25ea33bb8cb7f04d4278ee7fef49ddc525d8d788b9bb0c55cbbb18ad692dc277	1	0	1	/eos/user/c/cglenn/FCCWork/whizard/whizard_ttbar_spinpol/production/full6f_365gev_ee_ttbar_spinpol_v1/phase11_diagnostics/excess_weight_rootcause_v1/unrestricted_stability_scan_480_v1/20260816T202848Z_unrestricted_A15xS8xF3_np1/fixed/A07_S4/F1/console.log	1
C_A07_S4_F2	fixed	A07_S4_F2	A07_S4	A07	F2	S4	249371675	462903030	"10:100000:""gw"""	"1:2000000:"""""	/eos/user/c/cglenn/FCCWork/whizard/whizard_ttbar_spinpol/production/full6f_365gev_ee_ttbar_spinpol_v1/phase11_diagnostics/excess_weight_rootcause_v1/unrestricted_stability_scan_480_v1/20260816T202848Z_unrestricted_A15xS8xF3_np1/fixed/A07_S4/F2	PASS	PASS	0	20733e0e17025d2c73f73a666c5b62f92c105ca98114231020130b77f5730d5d	025559cb87de090701b8c7735bbf41b75fcb4288e0871bcf3d82bc27f38f4a2f	25ea33bb8cb7f04d4278ee7fef49ddc525d8d788b9bb0c55cbbb18ad692dc277	1	0	1	/eos/user/c/cglenn/FCCWork/whizard/whizard_ttbar_spinpol/production/full6f_365gev_ee_ttbar_spinpol_v1/phase11_diagnostics/excess_weight_rootcause_v1/unrestricted_stability_scan_480_v1/20260816T202848Z_unrestricted_A15xS8xF3_np1/fixed/A07_S4/F2/console.log	1
P_A07_S5	adaptive	A07_S5		A07		S5	531087687	197846737	"10:100000:""gw"""		/eos/user/c/cglenn/FCCWork/whizard/whizard_ttbar_spinpol/production/full6f_365gev_ee_ttbar_spinpol_v1/phase11_diagnostics/excess_weight_rootcause_v1/unrestricted_stability_scan_480_v1/20260816T202848Z_unrestricted_A15xS8xF3_np1/adaptive/A07_S5	PASS	PASS	0	20733e0e17025d2c73f73a666c5b62f92c105ca98114231020130b77f5730d5d	0a8fee17f0c97dca6d09602409ad00310367180ec2bd9491d1e7e423a0fc57c7		0	1		/eos/user/c/cglenn/FCCWork/whizard/whizard_ttbar_spinpol/production/full6f_365gev_ee_ttbar_spinpol_v1/phase11_diagnostics/excess_weight_rootcause_v1/unrestricted_stability_scan_480_v1/20260816T202848Z_unrestricted_A15xS8xF3_np1/adaptive/A07_S5/console.log	1
C_A07_S5_F0	fixed	A07_S5_F0	A07_S5	A07	F0	S5	531087687	197846737	"10:100000:""gw"""	"3:200000:"""""	/eos/user/c/cglenn/FCCWork/whizard/whizard_ttbar_spinpol/production/full6f_365gev_ee_ttbar_spinpol_v1/phase11_diagnostics/excess_weight_rootcause_v1/unrestricted_stability_scan_480_v1/20260816T202848Z_unrestricted_A15xS8xF3_np1/fixed/A07_S5/F0	PASS	PASS	0	20733e0e17025d2c73f73a666c5b62f92c105ca98114231020130b77f5730d5d	cf18e83f16b33af47bfee5821f4370f5d28043eb63dafe9510208f9917d4a37b	0a8fee17f0c97dca6d09602409ad00310367180ec2bd9491d1e7e423a0fc57c7	1	0	1	/eos/user/c/cglenn/FCCWork/whizard/whizard_ttbar_spinpol/production/full6f_365gev_ee_ttbar_spinpol_v1/phase11_diagnostics/excess_weight_rootcause_v1/unrestricted_stability_scan_480_v1/20260816T202848Z_unrestricted_A15xS8xF3_np1/fixed/A07_S5/F0/console.log	1
C_A07_S5_F1	fixed	A07_S5_F1	A07_S5	A07	F1	S5	531087687	197846737	"10:100000:""gw"""	"1:600000:"""""	/eos/user/c/cglenn/FCCWork/whizard/whizard_ttbar_spinpol/production/full6f_365gev_ee_ttbar_spinpol_v1/phase11_diagnostics/excess_weight_rootcause_v1/unrestricted_stability_scan_480_v1/20260816T202848Z_unrestricted_A15xS8xF3_np1/fixed/A07_S5/F1	PASS	PASS	0	20733e0e17025d2c73f73a666c5b62f92c105ca98114231020130b77f5730d5d	1129f5065627c7a4a698460a7f9acd7d9682b6d2b853855f93b5813f3685ee8f	0a8fee17f0c97dca6d09602409ad00310367180ec2bd9491d1e7e423a0fc57c7	1	0	1	/eos/user/c/cglenn/FCCWork/whizard/whizard_ttbar_spinpol/production/full6f_365gev_ee_ttbar_spinpol_v1/phase11_diagnostics/excess_weight_rootcause_v1/unrestricted_stability_scan_480_v1/20260816T202848Z_unrestricted_A15xS8xF3_np1/fixed/A07_S5/F1/console.log	1
C_A07_S5_F2	fixed	A07_S5_F2	A07_S5	A07	F2	S5	531087687	197846737	"10:100000:""gw"""	"1:2000000:"""""	/eos/user/c/cglenn/FCCWork/whizard/whizard_ttbar_spinpol/production/full6f_365gev_ee_ttbar_spinpol_v1/phase11_diagnostics/excess_weight_rootcause_v1/unrestricted_stability_scan_480_v1/20260816T202848Z_unrestricted_A15xS8xF3_np1/fixed/A07_S5/F2	PASS	PASS	0	20733e0e17025d2c73f73a666c5b62f92c105ca98114231020130b77f5730d5d	6876507f4379ee6e822bf5a6db1daba68d2ce0afb0d37b6782efbc824dd6e87b	0a8fee17f0c97dca6d09602409ad00310367180ec2bd9491d1e7e423a0fc57c7	1	0	1	/eos/user/c/cglenn/FCCWork/whizard/whizard_ttbar_spinpol/production/full6f_365gev_ee_ttbar_spinpol_v1/phase11_diagnostics/excess_weight_rootcause_v1/unrestricted_stability_scan_480_v1/20260816T202848Z_unrestricted_A15xS8xF3_np1/fixed/A07_S5/F2/console.log	1
P_A07_S6	adaptive	A07_S6		A07		S6	519963689	958460417	"10:100000:""gw"""		/eos/user/c/cglenn/FCCWork/whizard/whizard_ttbar_spinpol/production/full6f_365gev_ee_ttbar_spinpol_v1/phase11_diagnostics/excess_weight_rootcause_v1/unrestricted_stability_scan_480_v1/20260816T202848Z_unrestricted_A15xS8xF3_np1/adaptive/A07_S6	PASS	PASS	0	20733e0e17025d2c73f73a666c5b62f92c105ca98114231020130b77f5730d5d	265a303b25fcc5a2053fb66043388a03715601dd0395a222bc8484a990144a05		0	1		/eos/user/c/cglenn/FCCWork/whizard/whizard_ttbar_spinpol/production/full6f_365gev_ee_ttbar_spinpol_v1/phase11_diagnostics/excess_weight_rootcause_v1/unrestricted_stability_scan_480_v1/20260816T202848Z_unrestricted_A15xS8xF3_np1/adaptive/A07_S6/console.log	1
C_A07_S6_F0	fixed	A07_S6_F0	A07_S6	A07	F0	S6	519963689	958460417	"10:100000:""gw"""	"3:200000:"""""	/eos/user/c/cglenn/FCCWork/whizard/whizard_ttbar_spinpol/production/full6f_365gev_ee_ttbar_spinpol_v1/phase11_diagnostics/excess_weight_rootcause_v1/unrestricted_stability_scan_480_v1/20260816T202848Z_unrestricted_A15xS8xF3_np1/fixed/A07_S6/F0	PASS	PASS	0	20733e0e17025d2c73f73a666c5b62f92c105ca98114231020130b77f5730d5d	d0943a1460c7f57cd66d9a94ed7fd340fd9d10cd62cea7480384339bd9cb016f	265a303b25fcc5a2053fb66043388a03715601dd0395a222bc8484a990144a05	1	0	1	/eos/user/c/cglenn/FCCWork/whizard/whizard_ttbar_spinpol/production/full6f_365gev_ee_ttbar_spinpol_v1/phase11_diagnostics/excess_weight_rootcause_v1/unrestricted_stability_scan_480_v1/20260816T202848Z_unrestricted_A15xS8xF3_np1/fixed/A07_S6/F0/console.log	1
C_A07_S6_F1	fixed	A07_S6_F1	A07_S6	A07	F1	S6	519963689	958460417	"10:100000:""gw"""	"1:600000:"""""	/eos/user/c/cglenn/FCCWork/whizard/whizard_ttbar_spinpol/production/full6f_365gev_ee_ttbar_spinpol_v1/phase11_diagnostics/excess_weight_rootcause_v1/unrestricted_stability_scan_480_v1/20260816T202848Z_unrestricted_A15xS8xF3_np1/fixed/A07_S6/F1	PASS	PASS	0	20733e0e17025d2c73f73a666c5b62f92c105ca98114231020130b77f5730d5d	c16cfeabe4f5d49ad9a5e2a34eb97af6bb1a3085c7ea6b6a2f1dc38d762c0ef3	265a303b25fcc5a2053fb66043388a03715601dd0395a222bc8484a990144a05	1	0	1	/eos/user/c/cglenn/FCCWork/whizard/whizard_ttbar_spinpol/production/full6f_365gev_ee_ttbar_spinpol_v1/phase11_diagnostics/excess_weight_rootcause_v1/unrestricted_stability_scan_480_v1/20260816T202848Z_unrestricted_A15xS8xF3_np1/fixed/A07_S6/F1/console.log	1
C_A07_S6_F2	fixed	A07_S6_F2	A07_S6	A07	F2	S6	519963689	958460417	"10:100000:""gw"""	"1:2000000:"""""	/eos/user/c/cglenn/FCCWork/whizard/whizard_ttbar_spinpol/production/full6f_365gev_ee_ttbar_spinpol_v1/phase11_diagnostics/excess_weight_rootcause_v1/unrestricted_stability_scan_480_v1/20260816T202848Z_unrestricted_A15xS8xF3_np1/fixed/A07_S6/F2	PASS	PASS	0	20733e0e17025d2c73f73a666c5b62f92c105ca98114231020130b77f5730d5d	63d0e2021095c8416eaa5fc5ecbbb6036569b8215da4ad0d7f81eb49a420d899	265a303b25fcc5a2053fb66043388a03715601dd0395a222bc8484a990144a05	1	0	1	/eos/user/c/cglenn/FCCWork/whizard/whizard_ttbar_spinpol/production/full6f_365gev_ee_ttbar_spinpol_v1/phase11_diagnostics/excess_weight_rootcause_v1/unrestricted_stability_scan_480_v1/20260816T202848Z_unrestricted_A15xS8xF3_np1/fixed/A07_S6/F2/console.log	1
P_A07_S7	adaptive	A07_S7		A07		S7	1552803368	239117595	"10:100000:""gw"""		/eos/user/c/cglenn/FCCWork/whizard/whizard_ttbar_spinpol/production/full6f_365gev_ee_ttbar_spinpol_v1/phase11_diagnostics/excess_weight_rootcause_v1/unrestricted_stability_scan_480_v1/20260816T202848Z_unrestricted_A15xS8xF3_np1/adaptive/A07_S7	PASS	PASS	0	20733e0e17025d2c73f73a666c5b62f92c105ca98114231020130b77f5730d5d	5f9f742f0e66b0b9ce48f4f6a295b7d6e643549d5a1bd6b0ef02cf12684f2226		0	1		/eos/user/c/cglenn/FCCWork/whizard/whizard_ttbar_spinpol/production/full6f_365gev_ee_ttbar_spinpol_v1/phase11_diagnostics/excess_weight_rootcause_v1/unrestricted_stability_scan_480_v1/20260816T202848Z_unrestricted_A15xS8xF3_np1/adaptive/A07_S7/console.log	1
C_A07_S7_F0	fixed	A07_S7_F0	A07_S7	A07	F0	S7	1552803368	239117595	"10:100000:""gw"""	"3:200000:"""""	/eos/user/c/cglenn/FCCWork/whizard/whizard_ttbar_spinpol/production/full6f_365gev_ee_ttbar_spinpol_v1/phase11_diagnostics/excess_weight_rootcause_v1/unrestricted_stability_scan_480_v1/20260816T202848Z_unrestricted_A15xS8xF3_np1/fixed/A07_S7/F0	PASS	PASS	0	20733e0e17025d2c73f73a666c5b62f92c105ca98114231020130b77f5730d5d	5ff4fb0bc280b5fb0bf079eaba22abc9766611ef7eb183edbc3bb42a1718572b	5f9f742f0e66b0b9ce48f4f6a295b7d6e643549d5a1bd6b0ef02cf12684f2226	1	0	1	/eos/user/c/cglenn/FCCWork/whizard/whizard_ttbar_spinpol/production/full6f_365gev_ee_ttbar_spinpol_v1/phase11_diagnostics/excess_weight_rootcause_v1/unrestricted_stability_scan_480_v1/20260816T202848Z_unrestricted_A15xS8xF3_np1/fixed/A07_S7/F0/console.log	1
C_A07_S7_F1	fixed	A07_S7_F1	A07_S7	A07	F1	S7	1552803368	239117595	"10:100000:""gw"""	"1:600000:"""""	/eos/user/c/cglenn/FCCWork/whizard/whizard_ttbar_spinpol/production/full6f_365gev_ee_ttbar_spinpol_v1/phase11_diagnostics/excess_weight_rootcause_v1/unrestricted_stability_scan_480_v1/20260816T202848Z_unrestricted_A15xS8xF3_np1/fixed/A07_S7/F1	PASS	PASS	0	20733e0e17025d2c73f73a666c5b62f92c105ca98114231020130b77f5730d5d	e587f93aa81586225f98085be61db3a64a918b4b832f8a48083d99fd47d8bc76	5f9f742f0e66b0b9ce48f4f6a295b7d6e643549d5a1bd6b0ef02cf12684f2226	1	0	1	/eos/user/c/cglenn/FCCWork/whizard/whizard_ttbar_spinpol/production/full6f_365gev_ee_ttbar_spinpol_v1/phase11_diagnostics/excess_weight_rootcause_v1/unrestricted_stability_scan_480_v1/20260816T202848Z_unrestricted_A15xS8xF3_np1/fixed/A07_S7/F1/console.log	1
C_A07_S7_F2	fixed	A07_S7_F2	A07_S7	A07	F2	S7	1552803368	239117595	"10:100000:""gw"""	"1:2000000:"""""	/eos/user/c/cglenn/FCCWork/whizard/whizard_ttbar_spinpol/production/full6f_365gev_ee_ttbar_spinpol_v1/phase11_diagnostics/excess_weight_rootcause_v1/unrestricted_stability_scan_480_v1/20260816T202848Z_unrestricted_A15xS8xF3_np1/fixed/A07_S7/F2	PASS	PASS	0	20733e0e17025d2c73f73a666c5b62f92c105ca98114231020130b77f5730d5d	8a2fc8e14a6b38405bbe4f4e777a9fd78a8ce23cd6ecfe28d74d10de66775f64	5f9f742f0e66b0b9ce48f4f6a295b7d6e643549d5a1bd6b0ef02cf12684f2226	1	0	1	/eos/user/c/cglenn/FCCWork/whizard/whizard_ttbar_spinpol/production/full6f_365gev_ee_ttbar_spinpol_v1/phase11_diagnostics/excess_weight_rootcause_v1/unrestricted_stability_scan_480_v1/20260816T202848Z_unrestricted_A15xS8xF3_np1/fixed/A07_S7/F2/console.log	1
P_A08_S0	adaptive	A08_S0		A08		S0	1740114216	648318690	"4:250000:""gw"""		/eos/user/c/cglenn/FCCWork/whizard/whizard_ttbar_spinpol/production/full6f_365gev_ee_ttbar_spinpol_v1/phase11_diagnostics/excess_weight_rootcause_v1/unrestricted_stability_scan_480_v1/20260816T202848Z_unrestricted_A15xS8xF3_np1/adaptive/A08_S0	PASS	PASS	0	20733e0e17025d2c73f73a666c5b62f92c105ca98114231020130b77f5730d5d	855fa1c4a16167482182d40b2a8b85bd505e86b3c87689bf62c75bfeebe91bd5		0	1		/eos/user/c/cglenn/FCCWork/whizard/whizard_ttbar_spinpol/production/full6f_365gev_ee_ttbar_spinpol_v1/phase11_diagnostics/excess_weight_rootcause_v1/unrestricted_stability_scan_480_v1/20260816T202848Z_unrestricted_A15xS8xF3_np1/adaptive/A08_S0/console.log	1
C_A08_S0_F0	fixed	A08_S0_F0	A08_S0	A08	F0	S0	1740114216	648318690	"4:250000:""gw"""	"3:200000:"""""	/eos/user/c/cglenn/FCCWork/whizard/whizard_ttbar_spinpol/production/full6f_365gev_ee_ttbar_spinpol_v1/phase11_diagnostics/excess_weight_rootcause_v1/unrestricted_stability_scan_480_v1/20260816T202848Z_unrestricted_A15xS8xF3_np1/fixed/A08_S0/F0	PASS	PASS	0	20733e0e17025d2c73f73a666c5b62f92c105ca98114231020130b77f5730d5d	64135aa1d1bdc1ad2f61be9fe8c5cb6ebc934be74f26c89d9e18645683a63d6b	855fa1c4a16167482182d40b2a8b85bd505e86b3c87689bf62c75bfeebe91bd5	1	0	1	/eos/user/c/cglenn/FCCWork/whizard/whizard_ttbar_spinpol/production/full6f_365gev_ee_ttbar_spinpol_v1/phase11_diagnostics/excess_weight_rootcause_v1/unrestricted_stability_scan_480_v1/20260816T202848Z_unrestricted_A15xS8xF3_np1/fixed/A08_S0/F0/console.log	1
C_A08_S0_F1	fixed	A08_S0_F1	A08_S0	A08	F1	S0	1740114216	648318690	"4:250000:""gw"""	"1:600000:"""""	/eos/user/c/cglenn/FCCWork/whizard/whizard_ttbar_spinpol/production/full6f_365gev_ee_ttbar_spinpol_v1/phase11_diagnostics/excess_weight_rootcause_v1/unrestricted_stability_scan_480_v1/20260816T202848Z_unrestricted_A15xS8xF3_np1/fixed/A08_S0/F1	PASS	PASS	0	20733e0e17025d2c73f73a666c5b62f92c105ca98114231020130b77f5730d5d	baf51861ffd9510f50169f50a30977bd0972bccdc0a1b95f55bb211c55e90911	855fa1c4a16167482182d40b2a8b85bd505e86b3c87689bf62c75bfeebe91bd5	1	0	1	/eos/user/c/cglenn/FCCWork/whizard/whizard_ttbar_spinpol/production/full6f_365gev_ee_ttbar_spinpol_v1/phase11_diagnostics/excess_weight_rootcause_v1/unrestricted_stability_scan_480_v1/20260816T202848Z_unrestricted_A15xS8xF3_np1/fixed/A08_S0/F1/console.log	1
C_A08_S0_F2	fixed	A08_S0_F2	A08_S0	A08	F2	S0	1740114216	648318690	"4:250000:""gw"""	"1:2000000:"""""	/eos/user/c/cglenn/FCCWork/whizard/whizard_ttbar_spinpol/production/full6f_365gev_ee_ttbar_spinpol_v1/phase11_diagnostics/excess_weight_rootcause_v1/unrestricted_stability_scan_480_v1/20260816T202848Z_unrestricted_A15xS8xF3_np1/fixed/A08_S0/F2	PASS	PASS	0	20733e0e17025d2c73f73a666c5b62f92c105ca98114231020130b77f5730d5d	33f76698a2dd01087aaf485b757920f44aa08c98d383ec93f3916d2e798a625f	855fa1c4a16167482182d40b2a8b85bd505e86b3c87689bf62c75bfeebe91bd5	1	0	1	/eos/user/c/cglenn/FCCWork/whizard/whizard_ttbar_spinpol/production/full6f_365gev_ee_ttbar_spinpol_v1/phase11_diagnostics/excess_weight_rootcause_v1/unrestricted_stability_scan_480_v1/20260816T202848Z_unrestricted_A15xS8xF3_np1/fixed/A08_S0/F2/console.log	1
P_A08_S1	adaptive	A08_S1		A08		S1	1751949026	1404282457	"4:250000:""gw"""		/eos/user/c/cglenn/FCCWork/whizard/whizard_ttbar_spinpol/production/full6f_365gev_ee_ttbar_spinpol_v1/phase11_diagnostics/excess_weight_rootcause_v1/unrestricted_stability_scan_480_v1/20260816T202848Z_unrestricted_A15xS8xF3_np1/adaptive/A08_S1	PASS	PASS	0	20733e0e17025d2c73f73a666c5b62f92c105ca98114231020130b77f5730d5d	6ed66d030b6290078d9c224e3d8bc7823a66de7a9d931aab69d7f022e75c058f		0	1		/eos/user/c/cglenn/FCCWork/whizard/whizard_ttbar_spinpol/production/full6f_365gev_ee_ttbar_spinpol_v1/phase11_diagnostics/excess_weight_rootcause_v1/unrestricted_stability_scan_480_v1/20260816T202848Z_unrestricted_A15xS8xF3_np1/adaptive/A08_S1/console.log	1
C_A08_S1_F0	fixed	A08_S1_F0	A08_S1	A08	F0	S1	1751949026	1404282457	"4:250000:""gw"""	"3:200000:"""""	/eos/user/c/cglenn/FCCWork/whizard/whizard_ttbar_spinpol/production/full6f_365gev_ee_ttbar_spinpol_v1/phase11_diagnostics/excess_weight_rootcause_v1/unrestricted_stability_scan_480_v1/20260816T202848Z_unrestricted_A15xS8xF3_np1/fixed/A08_S1/F0	PASS	PASS	0	20733e0e17025d2c73f73a666c5b62f92c105ca98114231020130b77f5730d5d	97cdf6bacebb633bddc196b1dd79d2e276dedba1ed18fbe0af49de807ec896e8	6ed66d030b6290078d9c224e3d8bc7823a66de7a9d931aab69d7f022e75c058f	1	0	1	/eos/user/c/cglenn/FCCWork/whizard/whizard_ttbar_spinpol/production/full6f_365gev_ee_ttbar_spinpol_v1/phase11_diagnostics/excess_weight_rootcause_v1/unrestricted_stability_scan_480_v1/20260816T202848Z_unrestricted_A15xS8xF3_np1/fixed/A08_S1/F0/console.log	1
C_A08_S1_F1	fixed	A08_S1_F1	A08_S1	A08	F1	S1	1751949026	1404282457	"4:250000:""gw"""	"1:600000:"""""	/eos/user/c/cglenn/FCCWork/whizard/whizard_ttbar_spinpol/production/full6f_365gev_ee_ttbar_spinpol_v1/phase11_diagnostics/excess_weight_rootcause_v1/unrestricted_stability_scan_480_v1/20260816T202848Z_unrestricted_A15xS8xF3_np1/fixed/A08_S1/F1	PASS	PASS	0	20733e0e17025d2c73f73a666c5b62f92c105ca98114231020130b77f5730d5d	dfad7a5f6829dc9a67a95d3c224aae30d939ebd8e7a5e41f71caca113f46cecd	6ed66d030b6290078d9c224e3d8bc7823a66de7a9d931aab69d7f022e75c058f	1	0	1	/eos/user/c/cglenn/FCCWork/whizard/whizard_ttbar_spinpol/production/full6f_365gev_ee_ttbar_spinpol_v1/phase11_diagnostics/excess_weight_rootcause_v1/unrestricted_stability_scan_480_v1/20260816T202848Z_unrestricted_A15xS8xF3_np1/fixed/A08_S1/F1/console.log	1
C_A08_S1_F2	fixed	A08_S1_F2	A08_S1	A08	F2	S1	1751949026	1404282457	"4:250000:""gw"""	"1:2000000:"""""	/eos/user/c/cglenn/FCCWork/whizard/whizard_ttbar_spinpol/production/full6f_365gev_ee_ttbar_spinpol_v1/phase11_diagnostics/excess_weight_rootcause_v1/unrestricted_stability_scan_480_v1/20260816T202848Z_unrestricted_A15xS8xF3_np1/fixed/A08_S1/F2	PASS	PASS	0	20733e0e17025d2c73f73a666c5b62f92c105ca98114231020130b77f5730d5d	638d9559f32a1b23d980f3d12f31e5f09d976b648acf51b69fbf64f0c6310321	6ed66d030b6290078d9c224e3d8bc7823a66de7a9d931aab69d7f022e75c058f	1	0	1	/eos/user/c/cglenn/FCCWork/whizard/whizard_ttbar_spinpol/production/full6f_365gev_ee_ttbar_spinpol_v1/phase11_diagnostics/excess_weight_rootcause_v1/unrestricted_stability_scan_480_v1/20260816T202848Z_unrestricted_A15xS8xF3_np1/fixed/A08_S1/F2/console.log	1
P_A08_S2	adaptive	A08_S2		A08		S2	1885084773	1596606550	"4:250000:""gw"""		/eos/user/c/cglenn/FCCWork/whizard/whizard_ttbar_spinpol/production/full6f_365gev_ee_ttbar_spinpol_v1/phase11_diagnostics/excess_weight_rootcause_v1/unrestricted_stability_scan_480_v1/20260816T202848Z_unrestricted_A15xS8xF3_np1/adaptive/A08_S2	PASS	PASS	0	20733e0e17025d2c73f73a666c5b62f92c105ca98114231020130b77f5730d5d	805520901f64bf48f26d6c5d899952f0b51383fd4e5835ab5607eb718a3d938f		0	1		/eos/user/c/cglenn/FCCWork/whizard/whizard_ttbar_spinpol/production/full6f_365gev_ee_ttbar_spinpol_v1/phase11_diagnostics/excess_weight_rootcause_v1/unrestricted_stability_scan_480_v1/20260816T202848Z_unrestricted_A15xS8xF3_np1/adaptive/A08_S2/console.log	1
C_A08_S2_F0	fixed	A08_S2_F0	A08_S2	A08	F0	S2	1885084773	1596606550	"4:250000:""gw"""	"3:200000:"""""	/eos/user/c/cglenn/FCCWork/whizard/whizard_ttbar_spinpol/production/full6f_365gev_ee_ttbar_spinpol_v1/phase11_diagnostics/excess_weight_rootcause_v1/unrestricted_stability_scan_480_v1/20260816T202848Z_unrestricted_A15xS8xF3_np1/fixed/A08_S2/F0	PASS	PASS	0	20733e0e17025d2c73f73a666c5b62f92c105ca98114231020130b77f5730d5d	821ae94ff58402ad153c48a93709952a8b51cc8a033819e54118ab7919543c5e	805520901f64bf48f26d6c5d899952f0b51383fd4e5835ab5607eb718a3d938f	1	0	1	/eos/user/c/cglenn/FCCWork/whizard/whizard_ttbar_spinpol/production/full6f_365gev_ee_ttbar_spinpol_v1/phase11_diagnostics/excess_weight_rootcause_v1/unrestricted_stability_scan_480_v1/20260816T202848Z_unrestricted_A15xS8xF3_np1/fixed/A08_S2/F0/console.log	1
C_A08_S2_F1	fixed	A08_S2_F1	A08_S2	A08	F1	S2	1885084773	1596606550	"4:250000:""gw"""	"1:600000:"""""	/eos/user/c/cglenn/FCCWork/whizard/whizard_ttbar_spinpol/production/full6f_365gev_ee_ttbar_spinpol_v1/phase11_diagnostics/excess_weight_rootcause_v1/unrestricted_stability_scan_480_v1/20260816T202848Z_unrestricted_A15xS8xF3_np1/fixed/A08_S2/F1	PASS	PASS	0	20733e0e17025d2c73f73a666c5b62f92c105ca98114231020130b77f5730d5d	cdb0415ce5e3d105592bdc4dbab47b807ac4fca7f52cc6d33d041766f65f1fa8	805520901f64bf48f26d6c5d899952f0b51383fd4e5835ab5607eb718a3d938f	1	0	1	/eos/user/c/cglenn/FCCWork/whizard/whizard_ttbar_spinpol/production/full6f_365gev_ee_ttbar_spinpol_v1/phase11_diagnostics/excess_weight_rootcause_v1/unrestricted_stability_scan_480_v1/20260816T202848Z_unrestricted_A15xS8xF3_np1/fixed/A08_S2/F1/console.log	1
C_A08_S2_F2	fixed	A08_S2_F2	A08_S2	A08	F2	S2	1885084773	1596606550	"4:250000:""gw"""	"1:2000000:"""""	/eos/user/c/cglenn/FCCWork/whizard/whizard_ttbar_spinpol/production/full6f_365gev_ee_ttbar_spinpol_v1/phase11_diagnostics/excess_weight_rootcause_v1/unrestricted_stability_scan_480_v1/20260816T202848Z_unrestricted_A15xS8xF3_np1/fixed/A08_S2/F2	PASS	PASS	0	20733e0e17025d2c73f73a666c5b62f92c105ca98114231020130b77f5730d5d	b2601f74a29f66a8409224d036ae9266b7490c0c40e4ac4faab57890d5c5c8f0	805520901f64bf48f26d6c5d899952f0b51383fd4e5835ab5607eb718a3d938f	1	0	1	/eos/user/c/cglenn/FCCWork/whizard/whizard_ttbar_spinpol/production/full6f_365gev_ee_ttbar_spinpol_v1/phase11_diagnostics/excess_weight_rootcause_v1/unrestricted_stability_scan_480_v1/20260816T202848Z_unrestricted_A15xS8xF3_np1/fixed/A08_S2/F2/console.log	1
P_A08_S3	adaptive	A08_S3		A08		S3	134326786	769890491	"4:250000:""gw"""		/eos/user/c/cglenn/FCCWork/whizard/whizard_ttbar_spinpol/production/full6f_365gev_ee_ttbar_spinpol_v1/phase11_diagnostics/excess_weight_rootcause_v1/unrestricted_stability_scan_480_v1/20260816T202848Z_unrestricted_A15xS8xF3_np1/adaptive/A08_S3	PASS	PASS	0	20733e0e17025d2c73f73a666c5b62f92c105ca98114231020130b77f5730d5d	743b696fdfbc03ae68c42e3720c961e42152a3d36ef8770e3d0c8de3c627211b		0	1		/eos/user/c/cglenn/FCCWork/whizard/whizard_ttbar_spinpol/production/full6f_365gev_ee_ttbar_spinpol_v1/phase11_diagnostics/excess_weight_rootcause_v1/unrestricted_stability_scan_480_v1/20260816T202848Z_unrestricted_A15xS8xF3_np1/adaptive/A08_S3/console.log	1
C_A08_S3_F0	fixed	A08_S3_F0	A08_S3	A08	F0	S3	134326786	769890491	"4:250000:""gw"""	"3:200000:"""""	/eos/user/c/cglenn/FCCWork/whizard/whizard_ttbar_spinpol/production/full6f_365gev_ee_ttbar_spinpol_v1/phase11_diagnostics/excess_weight_rootcause_v1/unrestricted_stability_scan_480_v1/20260816T202848Z_unrestricted_A15xS8xF3_np1/fixed/A08_S3/F0	PASS	PASS	0	20733e0e17025d2c73f73a666c5b62f92c105ca98114231020130b77f5730d5d	006887f3a89fa7a765696fac2e5ab6a31f8ef7ca7f82e461fbf3e68f63e92561	743b696fdfbc03ae68c42e3720c961e42152a3d36ef8770e3d0c8de3c627211b	1	0	1	/eos/user/c/cglenn/FCCWork/whizard/whizard_ttbar_spinpol/production/full6f_365gev_ee_ttbar_spinpol_v1/phase11_diagnostics/excess_weight_rootcause_v1/unrestricted_stability_scan_480_v1/20260816T202848Z_unrestricted_A15xS8xF3_np1/fixed/A08_S3/F0/console.log	1
C_A08_S3_F1	fixed	A08_S3_F1	A08_S3	A08	F1	S3	134326786	769890491	"4:250000:""gw"""	"1:600000:"""""	/eos/user/c/cglenn/FCCWork/whizard/whizard_ttbar_spinpol/production/full6f_365gev_ee_ttbar_spinpol_v1/phase11_diagnostics/excess_weight_rootcause_v1/unrestricted_stability_scan_480_v1/20260816T202848Z_unrestricted_A15xS8xF3_np1/fixed/A08_S3/F1	PASS	PASS	0	20733e0e17025d2c73f73a666c5b62f92c105ca98114231020130b77f5730d5d	4965e75f64bbf0d27eb78df9ccbd46ba14854b6c2901d04b6610297488cd1d3b	743b696fdfbc03ae68c42e3720c961e42152a3d36ef8770e3d0c8de3c627211b	1	0	1	/eos/user/c/cglenn/FCCWork/whizard/whizard_ttbar_spinpol/production/full6f_365gev_ee_ttbar_spinpol_v1/phase11_diagnostics/excess_weight_rootcause_v1/unrestricted_stability_scan_480_v1/20260816T202848Z_unrestricted_A15xS8xF3_np1/fixed/A08_S3/F1/console.log	1
C_A08_S3_F2	fixed	A08_S3_F2	A08_S3	A08	F2	S3	134326786	769890491	"4:250000:""gw"""	"1:2000000:"""""	/eos/user/c/cglenn/FCCWork/whizard/whizard_ttbar_spinpol/production/full6f_365gev_ee_ttbar_spinpol_v1/phase11_diagnostics/excess_weight_rootcause_v1/unrestricted_stability_scan_480_v1/20260816T202848Z_unrestricted_A15xS8xF3_np1/fixed/A08_S3/F2	PASS	PASS	0	20733e0e17025d2c73f73a666c5b62f92c105ca98114231020130b77f5730d5d	256d4ea87dd4949dd63cd1489afc3bb07c201498bd5b5d1da7c5e5341bee8c7c	743b696fdfbc03ae68c42e3720c961e42152a3d36ef8770e3d0c8de3c627211b	1	0	1	/eos/user/c/cglenn/FCCWork/whizard/whizard_ttbar_spinpol/production/full6f_365gev_ee_ttbar_spinpol_v1/phase11_diagnostics/excess_weight_rootcause_v1/unrestricted_stability_scan_480_v1/20260816T202848Z_unrestricted_A15xS8xF3_np1/fixed/A08_S3/F2/console.log	1
P_A08_S4	adaptive	A08_S4		A08		S4	249371675	462903030	"4:250000:""gw"""		/eos/user/c/cglenn/FCCWork/whizard/whizard_ttbar_spinpol/production/full6f_365gev_ee_ttbar_spinpol_v1/phase11_diagnostics/excess_weight_rootcause_v1/unrestricted_stability_scan_480_v1/20260816T202848Z_unrestricted_A15xS8xF3_np1/adaptive/A08_S4	PASS	PASS	0	20733e0e17025d2c73f73a666c5b62f92c105ca98114231020130b77f5730d5d	00808eea0a7b590ff75a52a8713015e40e751155b83f56ec0a26a5388a6d56ee		0	1		/eos/user/c/cglenn/FCCWork/whizard/whizard_ttbar_spinpol/production/full6f_365gev_ee_ttbar_spinpol_v1/phase11_diagnostics/excess_weight_rootcause_v1/unrestricted_stability_scan_480_v1/20260816T202848Z_unrestricted_A15xS8xF3_np1/adaptive/A08_S4/console.log	1
C_A08_S4_F0	fixed	A08_S4_F0	A08_S4	A08	F0	S4	249371675	462903030	"4:250000:""gw"""	"3:200000:"""""	/eos/user/c/cglenn/FCCWork/whizard/whizard_ttbar_spinpol/production/full6f_365gev_ee_ttbar_spinpol_v1/phase11_diagnostics/excess_weight_rootcause_v1/unrestricted_stability_scan_480_v1/20260816T202848Z_unrestricted_A15xS8xF3_np1/fixed/A08_S4/F0	PASS	PASS	0	20733e0e17025d2c73f73a666c5b62f92c105ca98114231020130b77f5730d5d	3314f5f7ffca9f1f68fd527529af9db4a1179f648e12d30d6e01bf27021d0822	00808eea0a7b590ff75a52a8713015e40e751155b83f56ec0a26a5388a6d56ee	1	0	1	/eos/user/c/cglenn/FCCWork/whizard/whizard_ttbar_spinpol/production/full6f_365gev_ee_ttbar_spinpol_v1/phase11_diagnostics/excess_weight_rootcause_v1/unrestricted_stability_scan_480_v1/20260816T202848Z_unrestricted_A15xS8xF3_np1/fixed/A08_S4/F0/console.log	1
C_A08_S4_F1	fixed	A08_S4_F1	A08_S4	A08	F1	S4	249371675	462903030	"4:250000:""gw"""	"1:600000:"""""	/eos/user/c/cglenn/FCCWork/whizard/whizard_ttbar_spinpol/production/full6f_365gev_ee_ttbar_spinpol_v1/phase11_diagnostics/excess_weight_rootcause_v1/unrestricted_stability_scan_480_v1/20260816T202848Z_unrestricted_A15xS8xF3_np1/fixed/A08_S4/F1	PASS	PASS	0	20733e0e17025d2c73f73a666c5b62f92c105ca98114231020130b77f5730d5d	5226b77350be3d775234e33b8970e00d9a2434ce025ef5c4545bd64c213e5651	00808eea0a7b590ff75a52a8713015e40e751155b83f56ec0a26a5388a6d56ee	1	0	1	/eos/user/c/cglenn/FCCWork/whizard/whizard_ttbar_spinpol/production/full6f_365gev_ee_ttbar_spinpol_v1/phase11_diagnostics/excess_weight_rootcause_v1/unrestricted_stability_scan_480_v1/20260816T202848Z_unrestricted_A15xS8xF3_np1/fixed/A08_S4/F1/console.log	1
C_A08_S4_F2	fixed	A08_S4_F2	A08_S4	A08	F2	S4	249371675	462903030	"4:250000:""gw"""	"1:2000000:"""""	/eos/user/c/cglenn/FCCWork/whizard/whizard_ttbar_spinpol/production/full6f_365gev_ee_ttbar_spinpol_v1/phase11_diagnostics/excess_weight_rootcause_v1/unrestricted_stability_scan_480_v1/20260816T202848Z_unrestricted_A15xS8xF3_np1/fixed/A08_S4/F2	PASS	PASS	0	20733e0e17025d2c73f73a666c5b62f92c105ca98114231020130b77f5730d5d	f15dd16577d48646ff07fb6012676b4d8e41d3dd5bee4c75f8b018d4a923bdd8	00808eea0a7b590ff75a52a8713015e40e751155b83f56ec0a26a5388a6d56ee	1	0	1	/eos/user/c/cglenn/FCCWork/whizard/whizard_ttbar_spinpol/production/full6f_365gev_ee_ttbar_spinpol_v1/phase11_diagnostics/excess_weight_rootcause_v1/unrestricted_stability_scan_480_v1/20260816T202848Z_unrestricted_A15xS8xF3_np1/fixed/A08_S4/F2/console.log	1
P_A08_S5	adaptive	A08_S5		A08		S5	531087687	197846737	"4:250000:""gw"""		/eos/user/c/cglenn/FCCWork/whizard/whizard_ttbar_spinpol/production/full6f_365gev_ee_ttbar_spinpol_v1/phase11_diagnostics/excess_weight_rootcause_v1/unrestricted_stability_scan_480_v1/20260816T202848Z_unrestricted_A15xS8xF3_np1/adaptive/A08_S5	PASS	PASS	0	20733e0e17025d2c73f73a666c5b62f92c105ca98114231020130b77f5730d5d	9c6b905717204c3dbae7636827a41385a8ce6dcf6d940f496a605d21b860d930		0	1		/eos/user/c/cglenn/FCCWork/whizard/whizard_ttbar_spinpol/production/full6f_365gev_ee_ttbar_spinpol_v1/phase11_diagnostics/excess_weight_rootcause_v1/unrestricted_stability_scan_480_v1/20260816T202848Z_unrestricted_A15xS8xF3_np1/adaptive/A08_S5/console.log	1
C_A08_S5_F0	fixed	A08_S5_F0	A08_S5	A08	F0	S5	531087687	197846737	"4:250000:""gw"""	"3:200000:"""""	/eos/user/c/cglenn/FCCWork/whizard/whizard_ttbar_spinpol/production/full6f_365gev_ee_ttbar_spinpol_v1/phase11_diagnostics/excess_weight_rootcause_v1/unrestricted_stability_scan_480_v1/20260816T202848Z_unrestricted_A15xS8xF3_np1/fixed/A08_S5/F0	PASS	PASS	0	20733e0e17025d2c73f73a666c5b62f92c105ca98114231020130b77f5730d5d	b5323ccccbf383b460cca07897e24cb5c01ec79d222b79935aef856caa440efb	9c6b905717204c3dbae7636827a41385a8ce6dcf6d940f496a605d21b860d930	1	0	1	/eos/user/c/cglenn/FCCWork/whizard/whizard_ttbar_spinpol/production/full6f_365gev_ee_ttbar_spinpol_v1/phase11_diagnostics/excess_weight_rootcause_v1/unrestricted_stability_scan_480_v1/20260816T202848Z_unrestricted_A15xS8xF3_np1/fixed/A08_S5/F0/console.log	1
C_A08_S5_F1	fixed	A08_S5_F1	A08_S5	A08	F1	S5	531087687	197846737	"4:250000:""gw"""	"1:600000:"""""	/eos/user/c/cglenn/FCCWork/whizard/whizard_ttbar_spinpol/production/full6f_365gev_ee_ttbar_spinpol_v1/phase11_diagnostics/excess_weight_rootcause_v1/unrestricted_stability_scan_480_v1/20260816T202848Z_unrestricted_A15xS8xF3_np1/fixed/A08_S5/F1	PASS	PASS	0	20733e0e17025d2c73f73a666c5b62f92c105ca98114231020130b77f5730d5d	f7529e04ed9df15a289626849d71831459d44c532c532729197876c802d5c237	9c6b905717204c3dbae7636827a41385a8ce6dcf6d940f496a605d21b860d930	1	0	1	/eos/user/c/cglenn/FCCWork/whizard/whizard_ttbar_spinpol/production/full6f_365gev_ee_ttbar_spinpol_v1/phase11_diagnostics/excess_weight_rootcause_v1/unrestricted_stability_scan_480_v1/20260816T202848Z_unrestricted_A15xS8xF3_np1/fixed/A08_S5/F1/console.log	1
C_A08_S5_F2	fixed	A08_S5_F2	A08_S5	A08	F2	S5	531087687	197846737	"4:250000:""gw"""	"1:2000000:"""""	/eos/user/c/cglenn/FCCWork/whizard/whizard_ttbar_spinpol/production/full6f_365gev_ee_ttbar_spinpol_v1/phase11_diagnostics/excess_weight_rootcause_v1/unrestricted_stability_scan_480_v1/20260816T202848Z_unrestricted_A15xS8xF3_np1/fixed/A08_S5/F2	PASS	PASS	0	20733e0e17025d2c73f73a666c5b62f92c105ca98114231020130b77f5730d5d	ddb45c9513699763fd2b629e3f434fe922d60b96ae01b1a9395e7d6bc3c3bd16	9c6b905717204c3dbae7636827a41385a8ce6dcf6d940f496a605d21b860d930	1	0	1	/eos/user/c/cglenn/FCCWork/whizard/whizard_ttbar_spinpol/production/full6f_365gev_ee_ttbar_spinpol_v1/phase11_diagnostics/excess_weight_rootcause_v1/unrestricted_stability_scan_480_v1/20260816T202848Z_unrestricted_A15xS8xF3_np1/fixed/A08_S5/F2/console.log	1
P_A08_S6	adaptive	A08_S6		A08		S6	519963689	958460417	"4:250000:""gw"""		/eos/user/c/cglenn/FCCWork/whizard/whizard_ttbar_spinpol/production/full6f_365gev_ee_ttbar_spinpol_v1/phase11_diagnostics/excess_weight_rootcause_v1/unrestricted_stability_scan_480_v1/20260816T202848Z_unrestricted_A15xS8xF3_np1/adaptive/A08_S6	PASS	PASS	0	20733e0e17025d2c73f73a666c5b62f92c105ca98114231020130b77f5730d5d	eaffe6b08e8de1fd0e28630a525b64589c3f9e2d7f855dc699f2d0310cf05c32		0	1		/eos/user/c/cglenn/FCCWork/whizard/whizard_ttbar_spinpol/production/full6f_365gev_ee_ttbar_spinpol_v1/phase11_diagnostics/excess_weight_rootcause_v1/unrestricted_stability_scan_480_v1/20260816T202848Z_unrestricted_A15xS8xF3_np1/adaptive/A08_S6/console.log	1
C_A08_S6_F0	fixed	A08_S6_F0	A08_S6	A08	F0	S6	519963689	958460417	"4:250000:""gw"""	"3:200000:"""""	/eos/user/c/cglenn/FCCWork/whizard/whizard_ttbar_spinpol/production/full6f_365gev_ee_ttbar_spinpol_v1/phase11_diagnostics/excess_weight_rootcause_v1/unrestricted_stability_scan_480_v1/20260816T202848Z_unrestricted_A15xS8xF3_np1/fixed/A08_S6/F0	PASS	PASS	0	20733e0e17025d2c73f73a666c5b62f92c105ca98114231020130b77f5730d5d	2e7c4e7de09efc1a2d2a799596897f6b5e48d663a2f861a9cf47f043ac5ee9a2	eaffe6b08e8de1fd0e28630a525b64589c3f9e2d7f855dc699f2d0310cf05c32	1	0	1	/eos/user/c/cglenn/FCCWork/whizard/whizard_ttbar_spinpol/production/full6f_365gev_ee_ttbar_spinpol_v1/phase11_diagnostics/excess_weight_rootcause_v1/unrestricted_stability_scan_480_v1/20260816T202848Z_unrestricted_A15xS8xF3_np1/fixed/A08_S6/F0/console.log	1
C_A08_S6_F1	fixed	A08_S6_F1	A08_S6	A08	F1	S6	519963689	958460417	"4:250000:""gw"""	"1:600000:"""""	/eos/user/c/cglenn/FCCWork/whizard/whizard_ttbar_spinpol/production/full6f_365gev_ee_ttbar_spinpol_v1/phase11_diagnostics/excess_weight_rootcause_v1/unrestricted_stability_scan_480_v1/20260816T202848Z_unrestricted_A15xS8xF3_np1/fixed/A08_S6/F1	PASS	PASS	0	20733e0e17025d2c73f73a666c5b62f92c105ca98114231020130b77f5730d5d	4fe95991e02addec286832f5ccd88e485e95ec4e480cfc808fa4e15b751cd1a8	eaffe6b08e8de1fd0e28630a525b64589c3f9e2d7f855dc699f2d0310cf05c32	1	0	1	/eos/user/c/cglenn/FCCWork/whizard/whizard_ttbar_spinpol/production/full6f_365gev_ee_ttbar_spinpol_v1/phase11_diagnostics/excess_weight_rootcause_v1/unrestricted_stability_scan_480_v1/20260816T202848Z_unrestricted_A15xS8xF3_np1/fixed/A08_S6/F1/console.log	1
C_A08_S6_F2	fixed	A08_S6_F2	A08_S6	A08	F2	S6	519963689	958460417	"4:250000:""gw"""	"1:2000000:"""""	/eos/user/c/cglenn/FCCWork/whizard/whizard_ttbar_spinpol/production/full6f_365gev_ee_ttbar_spinpol_v1/phase11_diagnostics/excess_weight_rootcause_v1/unrestricted_stability_scan_480_v1/20260816T202848Z_unrestricted_A15xS8xF3_np1/fixed/A08_S6/F2	PASS	PASS	0	20733e0e17025d2c73f73a666c5b62f92c105ca98114231020130b77f5730d5d	6cfddb19e5d79a7af38cd08ec942932a5aea97e82a831fda3a2ddb6eceee09b9	eaffe6b08e8de1fd0e28630a525b64589c3f9e2d7f855dc699f2d0310cf05c32	1	0	1	/eos/user/c/cglenn/FCCWork/whizard/whizard_ttbar_spinpol/production/full6f_365gev_ee_ttbar_spinpol_v1/phase11_diagnostics/excess_weight_rootcause_v1/unrestricted_stability_scan_480_v1/20260816T202848Z_unrestricted_A15xS8xF3_np1/fixed/A08_S6/F2/console.log	1
P_A08_S7	adaptive	A08_S7		A08		S7	1552803368	239117595	"4:250000:""gw"""		/eos/user/c/cglenn/FCCWork/whizard/whizard_ttbar_spinpol/production/full6f_365gev_ee_ttbar_spinpol_v1/phase11_diagnostics/excess_weight_rootcause_v1/unrestricted_stability_scan_480_v1/20260816T202848Z_unrestricted_A15xS8xF3_np1/adaptive/A08_S7	PASS	PASS	0	20733e0e17025d2c73f73a666c5b62f92c105ca98114231020130b77f5730d5d	a9b3b31a5b9ddba8eb9732d97e9a69e2b0b541896912153a75357d0a9e720e99		0	1		/eos/user/c/cglenn/FCCWork/whizard/whizard_ttbar_spinpol/production/full6f_365gev_ee_ttbar_spinpol_v1/phase11_diagnostics/excess_weight_rootcause_v1/unrestricted_stability_scan_480_v1/20260816T202848Z_unrestricted_A15xS8xF3_np1/adaptive/A08_S7/console.log	1
C_A08_S7_F0	fixed	A08_S7_F0	A08_S7	A08	F0	S7	1552803368	239117595	"4:250000:""gw"""	"3:200000:"""""	/eos/user/c/cglenn/FCCWork/whizard/whizard_ttbar_spinpol/production/full6f_365gev_ee_ttbar_spinpol_v1/phase11_diagnostics/excess_weight_rootcause_v1/unrestricted_stability_scan_480_v1/20260816T202848Z_unrestricted_A15xS8xF3_np1/fixed/A08_S7/F0	PASS	PASS	0	20733e0e17025d2c73f73a666c5b62f92c105ca98114231020130b77f5730d5d	a573a8527b65b5b0df3f40e955d6b35d9b7aee9e05301588606615485a100dfb	a9b3b31a5b9ddba8eb9732d97e9a69e2b0b541896912153a75357d0a9e720e99	1	0	1	/eos/user/c/cglenn/FCCWork/whizard/whizard_ttbar_spinpol/production/full6f_365gev_ee_ttbar_spinpol_v1/phase11_diagnostics/excess_weight_rootcause_v1/unrestricted_stability_scan_480_v1/20260816T202848Z_unrestricted_A15xS8xF3_np1/fixed/A08_S7/F0/console.log	1
C_A08_S7_F1	fixed	A08_S7_F1	A08_S7	A08	F1	S7	1552803368	239117595	"4:250000:""gw"""	"1:600000:"""""	/eos/user/c/cglenn/FCCWork/whizard/whizard_ttbar_spinpol/production/full6f_365gev_ee_ttbar_spinpol_v1/phase11_diagnostics/excess_weight_rootcause_v1/unrestricted_stability_scan_480_v1/20260816T202848Z_unrestricted_A15xS8xF3_np1/fixed/A08_S7/F1	PASS	PASS	0	20733e0e17025d2c73f73a666c5b62f92c105ca98114231020130b77f5730d5d	e3529c116040cd1cd5cb0772e281a898a06dd67feea1775813de6c7cf3472b34	a9b3b31a5b9ddba8eb9732d97e9a69e2b0b541896912153a75357d0a9e720e99	1	0	1	/eos/user/c/cglenn/FCCWork/whizard/whizard_ttbar_spinpol/production/full6f_365gev_ee_ttbar_spinpol_v1/phase11_diagnostics/excess_weight_rootcause_v1/unrestricted_stability_scan_480_v1/20260816T202848Z_unrestricted_A15xS8xF3_np1/fixed/A08_S7/F1/console.log	1
C_A08_S7_F2	fixed	A08_S7_F2	A08_S7	A08	F2	S7	1552803368	239117595	"4:250000:""gw"""	"1:2000000:"""""	/eos/user/c/cglenn/FCCWork/whizard/whizard_ttbar_spinpol/production/full6f_365gev_ee_ttbar_spinpol_v1/phase11_diagnostics/excess_weight_rootcause_v1/unrestricted_stability_scan_480_v1/20260816T202848Z_unrestricted_A15xS8xF3_np1/fixed/A08_S7/F2	PASS	PASS	0	20733e0e17025d2c73f73a666c5b62f92c105ca98114231020130b77f5730d5d	4049e828de3209aa31a76d36419831e912f3e04a35a4283bf07091546844c103	a9b3b31a5b9ddba8eb9732d97e9a69e2b0b541896912153a75357d0a9e720e99	1	0	1	/eos/user/c/cglenn/FCCWork/whizard/whizard_ttbar_spinpol/production/full6f_365gev_ee_ttbar_spinpol_v1/phase11_diagnostics/excess_weight_rootcause_v1/unrestricted_stability_scan_480_v1/20260816T202848Z_unrestricted_A15xS8xF3_np1/fixed/A08_S7/F2/console.log	1
P_A09_S0	adaptive	A09_S0		A09		S0	1740114216	648318690	"2:500000:""gw"""		/eos/user/c/cglenn/FCCWork/whizard/whizard_ttbar_spinpol/production/full6f_365gev_ee_ttbar_spinpol_v1/phase11_diagnostics/excess_weight_rootcause_v1/unrestricted_stability_scan_480_v1/20260816T202848Z_unrestricted_A15xS8xF3_np1/adaptive/A09_S0	PASS	PASS	0	20733e0e17025d2c73f73a666c5b62f92c105ca98114231020130b77f5730d5d	279d931b70c0ddff1b92b5597bc363078ad3adf482939b2738b2d0295f77a946		0	1		/eos/user/c/cglenn/FCCWork/whizard/whizard_ttbar_spinpol/production/full6f_365gev_ee_ttbar_spinpol_v1/phase11_diagnostics/excess_weight_rootcause_v1/unrestricted_stability_scan_480_v1/20260816T202848Z_unrestricted_A15xS8xF3_np1/adaptive/A09_S0/console.log	1
C_A09_S0_F0	fixed	A09_S0_F0	A09_S0	A09	F0	S0	1740114216	648318690	"2:500000:""gw"""	"3:200000:"""""	/eos/user/c/cglenn/FCCWork/whizard/whizard_ttbar_spinpol/production/full6f_365gev_ee_ttbar_spinpol_v1/phase11_diagnostics/excess_weight_rootcause_v1/unrestricted_stability_scan_480_v1/20260816T202848Z_unrestricted_A15xS8xF3_np1/fixed/A09_S0/F0	PASS	PASS	0	20733e0e17025d2c73f73a666c5b62f92c105ca98114231020130b77f5730d5d	504f65dae578e25b65a1654d82533685336d7a1792a9c37f1e71e8fb725fcfbf	279d931b70c0ddff1b92b5597bc363078ad3adf482939b2738b2d0295f77a946	1	0	1	/eos/user/c/cglenn/FCCWork/whizard/whizard_ttbar_spinpol/production/full6f_365gev_ee_ttbar_spinpol_v1/phase11_diagnostics/excess_weight_rootcause_v1/unrestricted_stability_scan_480_v1/20260816T202848Z_unrestricted_A15xS8xF3_np1/fixed/A09_S0/F0/console.log	1
C_A09_S0_F1	fixed	A09_S0_F1	A09_S0	A09	F1	S0	1740114216	648318690	"2:500000:""gw"""	"1:600000:"""""	/eos/user/c/cglenn/FCCWork/whizard/whizard_ttbar_spinpol/production/full6f_365gev_ee_ttbar_spinpol_v1/phase11_diagnostics/excess_weight_rootcause_v1/unrestricted_stability_scan_480_v1/20260816T202848Z_unrestricted_A15xS8xF3_np1/fixed/A09_S0/F1	PASS	PASS	0	20733e0e17025d2c73f73a666c5b62f92c105ca98114231020130b77f5730d5d	db7037b0ac0225ee0740ad0ed59a48b6447d05c82380f2f4f16cb83bdfd989fc	279d931b70c0ddff1b92b5597bc363078ad3adf482939b2738b2d0295f77a946	1	0	1	/eos/user/c/cglenn/FCCWork/whizard/whizard_ttbar_spinpol/production/full6f_365gev_ee_ttbar_spinpol_v1/phase11_diagnostics/excess_weight_rootcause_v1/unrestricted_stability_scan_480_v1/20260816T202848Z_unrestricted_A15xS8xF3_np1/fixed/A09_S0/F1/console.log	1
C_A09_S0_F2	fixed	A09_S0_F2	A09_S0	A09	F2	S0	1740114216	648318690	"2:500000:""gw"""	"1:2000000:"""""	/eos/user/c/cglenn/FCCWork/whizard/whizard_ttbar_spinpol/production/full6f_365gev_ee_ttbar_spinpol_v1/phase11_diagnostics/excess_weight_rootcause_v1/unrestricted_stability_scan_480_v1/20260816T202848Z_unrestricted_A15xS8xF3_np1/fixed/A09_S0/F2	PASS	PASS	0	20733e0e17025d2c73f73a666c5b62f92c105ca98114231020130b77f5730d5d	4e3e90f6bfb7a76aaf0b3e921027a704a659c13ddaa2216f78a5e68d24216b41	279d931b70c0ddff1b92b5597bc363078ad3adf482939b2738b2d0295f77a946	1	0	1	/eos/user/c/cglenn/FCCWork/whizard/whizard_ttbar_spinpol/production/full6f_365gev_ee_ttbar_spinpol_v1/phase11_diagnostics/excess_weight_rootcause_v1/unrestricted_stability_scan_480_v1/20260816T202848Z_unrestricted_A15xS8xF3_np1/fixed/A09_S0/F2/console.log	1
P_A09_S1	adaptive	A09_S1		A09		S1	1751949026	1404282457	"2:500000:""gw"""		/eos/user/c/cglenn/FCCWork/whizard/whizard_ttbar_spinpol/production/full6f_365gev_ee_ttbar_spinpol_v1/phase11_diagnostics/excess_weight_rootcause_v1/unrestricted_stability_scan_480_v1/20260816T202848Z_unrestricted_A15xS8xF3_np1/adaptive/A09_S1	PASS	PASS	0	20733e0e17025d2c73f73a666c5b62f92c105ca98114231020130b77f5730d5d	3d0f01ff035ff6b3fa1d8b66171e0dccf7bcacd6d0f75a7cfa376f6f22d03b44		0	1		/eos/user/c/cglenn/FCCWork/whizard/whizard_ttbar_spinpol/production/full6f_365gev_ee_ttbar_spinpol_v1/phase11_diagnostics/excess_weight_rootcause_v1/unrestricted_stability_scan_480_v1/20260816T202848Z_unrestricted_A15xS8xF3_np1/adaptive/A09_S1/console.log	1
C_A09_S1_F0	fixed	A09_S1_F0	A09_S1	A09	F0	S1	1751949026	1404282457	"2:500000:""gw"""	"3:200000:"""""	/eos/user/c/cglenn/FCCWork/whizard/whizard_ttbar_spinpol/production/full6f_365gev_ee_ttbar_spinpol_v1/phase11_diagnostics/excess_weight_rootcause_v1/unrestricted_stability_scan_480_v1/20260816T202848Z_unrestricted_A15xS8xF3_np1/fixed/A09_S1/F0	PASS	PASS	0	20733e0e17025d2c73f73a666c5b62f92c105ca98114231020130b77f5730d5d	34734775fcfa8630eb856e5f6852d7c1adba7fe46ea36e8618ffaeb1c34d1f0c	3d0f01ff035ff6b3fa1d8b66171e0dccf7bcacd6d0f75a7cfa376f6f22d03b44	1	0	1	/eos/user/c/cglenn/FCCWork/whizard/whizard_ttbar_spinpol/production/full6f_365gev_ee_ttbar_spinpol_v1/phase11_diagnostics/excess_weight_rootcause_v1/unrestricted_stability_scan_480_v1/20260816T202848Z_unrestricted_A15xS8xF3_np1/fixed/A09_S1/F0/console.log	1
C_A09_S1_F1	fixed	A09_S1_F1	A09_S1	A09	F1	S1	1751949026	1404282457	"2:500000:""gw"""	"1:600000:"""""	/eos/user/c/cglenn/FCCWork/whizard/whizard_ttbar_spinpol/production/full6f_365gev_ee_ttbar_spinpol_v1/phase11_diagnostics/excess_weight_rootcause_v1/unrestricted_stability_scan_480_v1/20260816T202848Z_unrestricted_A15xS8xF3_np1/fixed/A09_S1/F1	PASS	PASS	0	20733e0e17025d2c73f73a666c5b62f92c105ca98114231020130b77f5730d5d	45d5ef925ded9b1af0a648d160503c2e8c23fa5faefb579969901f6593396177	3d0f01ff035ff6b3fa1d8b66171e0dccf7bcacd6d0f75a7cfa376f6f22d03b44	1	0	1	/eos/user/c/cglenn/FCCWork/whizard/whizard_ttbar_spinpol/production/full6f_365gev_ee_ttbar_spinpol_v1/phase11_diagnostics/excess_weight_rootcause_v1/unrestricted_stability_scan_480_v1/20260816T202848Z_unrestricted_A15xS8xF3_np1/fixed/A09_S1/F1/console.log	1
C_A09_S1_F2	fixed	A09_S1_F2	A09_S1	A09	F2	S1	1751949026	1404282457	"2:500000:""gw"""	"1:2000000:"""""	/eos/user/c/cglenn/FCCWork/whizard/whizard_ttbar_spinpol/production/full6f_365gev_ee_ttbar_spinpol_v1/phase11_diagnostics/excess_weight_rootcause_v1/unrestricted_stability_scan_480_v1/20260816T202848Z_unrestricted_A15xS8xF3_np1/fixed/A09_S1/F2	PASS	PASS	0	20733e0e17025d2c73f73a666c5b62f92c105ca98114231020130b77f5730d5d	fee7fd2edd62f42cdedb1c9108d70b079432ab8766ff6082e9425ed7f98451b2	3d0f01ff035ff6b3fa1d8b66171e0dccf7bcacd6d0f75a7cfa376f6f22d03b44	1	0	1	/eos/user/c/cglenn/FCCWork/whizard/whizard_ttbar_spinpol/production/full6f_365gev_ee_ttbar_spinpol_v1/phase11_diagnostics/excess_weight_rootcause_v1/unrestricted_stability_scan_480_v1/20260816T202848Z_unrestricted_A15xS8xF3_np1/fixed/A09_S1/F2/console.log	1
P_A09_S2	adaptive	A09_S2		A09		S2	1885084773	1596606550	"2:500000:""gw"""		/eos/user/c/cglenn/FCCWork/whizard/whizard_ttbar_spinpol/production/full6f_365gev_ee_ttbar_spinpol_v1/phase11_diagnostics/excess_weight_rootcause_v1/unrestricted_stability_scan_480_v1/20260816T202848Z_unrestricted_A15xS8xF3_np1/adaptive/A09_S2	PASS	PASS	0	20733e0e17025d2c73f73a666c5b62f92c105ca98114231020130b77f5730d5d	e03f6f1e7e5dcd294b60ee1fb414963c6b5cf7c3e49f89cc253a105a695a6631		0	1		/eos/user/c/cglenn/FCCWork/whizard/whizard_ttbar_spinpol/production/full6f_365gev_ee_ttbar_spinpol_v1/phase11_diagnostics/excess_weight_rootcause_v1/unrestricted_stability_scan_480_v1/20260816T202848Z_unrestricted_A15xS8xF3_np1/adaptive/A09_S2/console.log	1
C_A09_S2_F0	fixed	A09_S2_F0	A09_S2	A09	F0	S2	1885084773	1596606550	"2:500000:""gw"""	"3:200000:"""""	/eos/user/c/cglenn/FCCWork/whizard/whizard_ttbar_spinpol/production/full6f_365gev_ee_ttbar_spinpol_v1/phase11_diagnostics/excess_weight_rootcause_v1/unrestricted_stability_scan_480_v1/20260816T202848Z_unrestricted_A15xS8xF3_np1/fixed/A09_S2/F0	PASS	PASS	0	20733e0e17025d2c73f73a666c5b62f92c105ca98114231020130b77f5730d5d	49c47d39a7ee1b07c4bb817a75667f0ecbe964d9aea4563e47ccc25d30db91b8	e03f6f1e7e5dcd294b60ee1fb414963c6b5cf7c3e49f89cc253a105a695a6631	1	0	1	/eos/user/c/cglenn/FCCWork/whizard/whizard_ttbar_spinpol/production/full6f_365gev_ee_ttbar_spinpol_v1/phase11_diagnostics/excess_weight_rootcause_v1/unrestricted_stability_scan_480_v1/20260816T202848Z_unrestricted_A15xS8xF3_np1/fixed/A09_S2/F0/console.log	1
C_A09_S2_F1	fixed	A09_S2_F1	A09_S2	A09	F1	S2	1885084773	1596606550	"2:500000:""gw"""	"1:600000:"""""	/eos/user/c/cglenn/FCCWork/whizard/whizard_ttbar_spinpol/production/full6f_365gev_ee_ttbar_spinpol_v1/phase11_diagnostics/excess_weight_rootcause_v1/unrestricted_stability_scan_480_v1/20260816T202848Z_unrestricted_A15xS8xF3_np1/fixed/A09_S2/F1	PASS	PASS	0	20733e0e17025d2c73f73a666c5b62f92c105ca98114231020130b77f5730d5d	9d2eb1a3a3006cba086734e86fb1a39f67714742c951ed2c2eef8dfa6d4453b3	e03f6f1e7e5dcd294b60ee1fb414963c6b5cf7c3e49f89cc253a105a695a6631	1	0	1	/eos/user/c/cglenn/FCCWork/whizard/whizard_ttbar_spinpol/production/full6f_365gev_ee_ttbar_spinpol_v1/phase11_diagnostics/excess_weight_rootcause_v1/unrestricted_stability_scan_480_v1/20260816T202848Z_unrestricted_A15xS8xF3_np1/fixed/A09_S2/F1/console.log	1
C_A09_S2_F2	fixed	A09_S2_F2	A09_S2	A09	F2	S2	1885084773	1596606550	"2:500000:""gw"""	"1:2000000:"""""	/eos/user/c/cglenn/FCCWork/whizard/whizard_ttbar_spinpol/production/full6f_365gev_ee_ttbar_spinpol_v1/phase11_diagnostics/excess_weight_rootcause_v1/unrestricted_stability_scan_480_v1/20260816T202848Z_unrestricted_A15xS8xF3_np1/fixed/A09_S2/F2	PASS	PASS	0	20733e0e17025d2c73f73a666c5b62f92c105ca98114231020130b77f5730d5d	686619ebcc64522eb9799e4c45ec40f1634e4aa9b78e852105f5648b47ab494d	e03f6f1e7e5dcd294b60ee1fb414963c6b5cf7c3e49f89cc253a105a695a6631	1	0	1	/eos/user/c/cglenn/FCCWork/whizard/whizard_ttbar_spinpol/production/full6f_365gev_ee_ttbar_spinpol_v1/phase11_diagnostics/excess_weight_rootcause_v1/unrestricted_stability_scan_480_v1/20260816T202848Z_unrestricted_A15xS8xF3_np1/fixed/A09_S2/F2/console.log	1
P_A09_S3	adaptive	A09_S3		A09		S3	134326786	769890491	"2:500000:""gw"""		/eos/user/c/cglenn/FCCWork/whizard/whizard_ttbar_spinpol/production/full6f_365gev_ee_ttbar_spinpol_v1/phase11_diagnostics/excess_weight_rootcause_v1/unrestricted_stability_scan_480_v1/20260816T202848Z_unrestricted_A15xS8xF3_np1/adaptive/A09_S3	PASS	PASS	0	20733e0e17025d2c73f73a666c5b62f92c105ca98114231020130b77f5730d5d	97cb3fdd5e80b7539e0acf282e58319b79d8e22143d3ae15ced3d9ea286d5f62		0	1		/eos/user/c/cglenn/FCCWork/whizard/whizard_ttbar_spinpol/production/full6f_365gev_ee_ttbar_spinpol_v1/phase11_diagnostics/excess_weight_rootcause_v1/unrestricted_stability_scan_480_v1/20260816T202848Z_unrestricted_A15xS8xF3_np1/adaptive/A09_S3/console.log	1
C_A09_S3_F0	fixed	A09_S3_F0	A09_S3	A09	F0	S3	134326786	769890491	"2:500000:""gw"""	"3:200000:"""""	/eos/user/c/cglenn/FCCWork/whizard/whizard_ttbar_spinpol/production/full6f_365gev_ee_ttbar_spinpol_v1/phase11_diagnostics/excess_weight_rootcause_v1/unrestricted_stability_scan_480_v1/20260816T202848Z_unrestricted_A15xS8xF3_np1/fixed/A09_S3/F0	PASS	PASS	0	20733e0e17025d2c73f73a666c5b62f92c105ca98114231020130b77f5730d5d	7cc25515f4faca8bbf828f8517be9f529f2aa9adcfcc7649ad6f4caee78ac94a	97cb3fdd5e80b7539e0acf282e58319b79d8e22143d3ae15ced3d9ea286d5f62	1	0	1	/eos/user/c/cglenn/FCCWork/whizard/whizard_ttbar_spinpol/production/full6f_365gev_ee_ttbar_spinpol_v1/phase11_diagnostics/excess_weight_rootcause_v1/unrestricted_stability_scan_480_v1/20260816T202848Z_unrestricted_A15xS8xF3_np1/fixed/A09_S3/F0/console.log	1
C_A09_S3_F1	fixed	A09_S3_F1	A09_S3	A09	F1	S3	134326786	769890491	"2:500000:""gw"""	"1:600000:"""""	/eos/user/c/cglenn/FCCWork/whizard/whizard_ttbar_spinpol/production/full6f_365gev_ee_ttbar_spinpol_v1/phase11_diagnostics/excess_weight_rootcause_v1/unrestricted_stability_scan_480_v1/20260816T202848Z_unrestricted_A15xS8xF3_np1/fixed/A09_S3/F1	PASS	PASS	0	20733e0e17025d2c73f73a666c5b62f92c105ca98114231020130b77f5730d5d	ff9a58d0751d572474021d30ae4bb6f1b737eb0058cefcf12da479dbd4960f6e	97cb3fdd5e80b7539e0acf282e58319b79d8e22143d3ae15ced3d9ea286d5f62	1	0	1	/eos/user/c/cglenn/FCCWork/whizard/whizard_ttbar_spinpol/production/full6f_365gev_ee_ttbar_spinpol_v1/phase11_diagnostics/excess_weight_rootcause_v1/unrestricted_stability_scan_480_v1/20260816T202848Z_unrestricted_A15xS8xF3_np1/fixed/A09_S3/F1/console.log	1
C_A09_S3_F2	fixed	A09_S3_F2	A09_S3	A09	F2	S3	134326786	769890491	"2:500000:""gw"""	"1:2000000:"""""	/eos/user/c/cglenn/FCCWork/whizard/whizard_ttbar_spinpol/production/full6f_365gev_ee_ttbar_spinpol_v1/phase11_diagnostics/excess_weight_rootcause_v1/unrestricted_stability_scan_480_v1/20260816T202848Z_unrestricted_A15xS8xF3_np1/fixed/A09_S3/F2	PASS	PASS	0	20733e0e17025d2c73f73a666c5b62f92c105ca98114231020130b77f5730d5d	3c6a6f53082b523010fe48085afe510e2db838c97d341fc8e203fd196b56c405	97cb3fdd5e80b7539e0acf282e58319b79d8e22143d3ae15ced3d9ea286d5f62	1	0	1	/eos/user/c/cglenn/FCCWork/whizard/whizard_ttbar_spinpol/production/full6f_365gev_ee_ttbar_spinpol_v1/phase11_diagnostics/excess_weight_rootcause_v1/unrestricted_stability_scan_480_v1/20260816T202848Z_unrestricted_A15xS8xF3_np1/fixed/A09_S3/F2/console.log	1
P_A09_S4	adaptive	A09_S4		A09		S4	249371675	462903030	"2:500000:""gw"""		/eos/user/c/cglenn/FCCWork/whizard/whizard_ttbar_spinpol/production/full6f_365gev_ee_ttbar_spinpol_v1/phase11_diagnostics/excess_weight_rootcause_v1/unrestricted_stability_scan_480_v1/20260816T202848Z_unrestricted_A15xS8xF3_np1/adaptive/A09_S4	PASS	PASS	0	20733e0e17025d2c73f73a666c5b62f92c105ca98114231020130b77f5730d5d	7ea670631a2f0d20bf19bd17ba71215248033e911bc190c0096f20e0d3ecd101		0	1		/eos/user/c/cglenn/FCCWork/whizard/whizard_ttbar_spinpol/production/full6f_365gev_ee_ttbar_spinpol_v1/phase11_diagnostics/excess_weight_rootcause_v1/unrestricted_stability_scan_480_v1/20260816T202848Z_unrestricted_A15xS8xF3_np1/adaptive/A09_S4/console.log	1
C_A09_S4_F0	fixed	A09_S4_F0	A09_S4	A09	F0	S4	249371675	462903030	"2:500000:""gw"""	"3:200000:"""""	/eos/user/c/cglenn/FCCWork/whizard/whizard_ttbar_spinpol/production/full6f_365gev_ee_ttbar_spinpol_v1/phase11_diagnostics/excess_weight_rootcause_v1/unrestricted_stability_scan_480_v1/20260816T202848Z_unrestricted_A15xS8xF3_np1/fixed/A09_S4/F0	PASS	PASS	0	20733e0e17025d2c73f73a666c5b62f92c105ca98114231020130b77f5730d5d	53e2bd4a7379dfd9cef39cd245930f0d1303b961d1e7354eea6054a2d1d2c6bf	7ea670631a2f0d20bf19bd17ba71215248033e911bc190c0096f20e0d3ecd101	1	0	1	/eos/user/c/cglenn/FCCWork/whizard/whizard_ttbar_spinpol/production/full6f_365gev_ee_ttbar_spinpol_v1/phase11_diagnostics/excess_weight_rootcause_v1/unrestricted_stability_scan_480_v1/20260816T202848Z_unrestricted_A15xS8xF3_np1/fixed/A09_S4/F0/console.log	1
C_A09_S4_F1	fixed	A09_S4_F1	A09_S4	A09	F1	S4	249371675	462903030	"2:500000:""gw"""	"1:600000:"""""	/eos/user/c/cglenn/FCCWork/whizard/whizard_ttbar_spinpol/production/full6f_365gev_ee_ttbar_spinpol_v1/phase11_diagnostics/excess_weight_rootcause_v1/unrestricted_stability_scan_480_v1/20260816T202848Z_unrestricted_A15xS8xF3_np1/fixed/A09_S4/F1	PASS	PASS	0	20733e0e17025d2c73f73a666c5b62f92c105ca98114231020130b77f5730d5d	1a907dc9472bb4e2f75792df628f73018b5bd30c99cf95f3d44429b8a3dd15fd	7ea670631a2f0d20bf19bd17ba71215248033e911bc190c0096f20e0d3ecd101	1	0	1	/eos/user/c/cglenn/FCCWork/whizard/whizard_ttbar_spinpol/production/full6f_365gev_ee_ttbar_spinpol_v1/phase11_diagnostics/excess_weight_rootcause_v1/unrestricted_stability_scan_480_v1/20260816T202848Z_unrestricted_A15xS8xF3_np1/fixed/A09_S4/F1/console.log	1
C_A09_S4_F2	fixed	A09_S4_F2	A09_S4	A09	F2	S4	249371675	462903030	"2:500000:""gw"""	"1:2000000:"""""	/eos/user/c/cglenn/FCCWork/whizard/whizard_ttbar_spinpol/production/full6f_365gev_ee_ttbar_spinpol_v1/phase11_diagnostics/excess_weight_rootcause_v1/unrestricted_stability_scan_480_v1/20260816T202848Z_unrestricted_A15xS8xF3_np1/fixed/A09_S4/F2	PASS	PASS	0	20733e0e17025d2c73f73a666c5b62f92c105ca98114231020130b77f5730d5d	b1a58cfe277dfd9e8b8c6ad7c9717d682d41b96f0d6c6a728c62a6024d20bdb3	7ea670631a2f0d20bf19bd17ba71215248033e911bc190c0096f20e0d3ecd101	1	0	1	/eos/user/c/cglenn/FCCWork/whizard/whizard_ttbar_spinpol/production/full6f_365gev_ee_ttbar_spinpol_v1/phase11_diagnostics/excess_weight_rootcause_v1/unrestricted_stability_scan_480_v1/20260816T202848Z_unrestricted_A15xS8xF3_np1/fixed/A09_S4/F2/console.log	1
P_A09_S5	adaptive	A09_S5		A09		S5	531087687	197846737	"2:500000:""gw"""		/eos/user/c/cglenn/FCCWork/whizard/whizard_ttbar_spinpol/production/full6f_365gev_ee_ttbar_spinpol_v1/phase11_diagnostics/excess_weight_rootcause_v1/unrestricted_stability_scan_480_v1/20260816T202848Z_unrestricted_A15xS8xF3_np1/adaptive/A09_S5	PASS	PASS	0	20733e0e17025d2c73f73a666c5b62f92c105ca98114231020130b77f5730d5d	ebb2d040bce181174896557d8023127ebf78abc1a3775e6245dc9044336dd969		0	1		/eos/user/c/cglenn/FCCWork/whizard/whizard_ttbar_spinpol/production/full6f_365gev_ee_ttbar_spinpol_v1/phase11_diagnostics/excess_weight_rootcause_v1/unrestricted_stability_scan_480_v1/20260816T202848Z_unrestricted_A15xS8xF3_np1/adaptive/A09_S5/console.log	1
C_A09_S5_F0	fixed	A09_S5_F0	A09_S5	A09	F0	S5	531087687	197846737	"2:500000:""gw"""	"3:200000:"""""	/eos/user/c/cglenn/FCCWork/whizard/whizard_ttbar_spinpol/production/full6f_365gev_ee_ttbar_spinpol_v1/phase11_diagnostics/excess_weight_rootcause_v1/unrestricted_stability_scan_480_v1/20260816T202848Z_unrestricted_A15xS8xF3_np1/fixed/A09_S5/F0	PASS	PASS	0	20733e0e17025d2c73f73a666c5b62f92c105ca98114231020130b77f5730d5d	afd054acdb7b8e276c50794b065053855feaf86b567fcecbeeae36cad4ff5a08	ebb2d040bce181174896557d8023127ebf78abc1a3775e6245dc9044336dd969	1	0	1	/eos/user/c/cglenn/FCCWork/whizard/whizard_ttbar_spinpol/production/full6f_365gev_ee_ttbar_spinpol_v1/phase11_diagnostics/excess_weight_rootcause_v1/unrestricted_stability_scan_480_v1/20260816T202848Z_unrestricted_A15xS8xF3_np1/fixed/A09_S5/F0/console.log	1
C_A09_S5_F1	fixed	A09_S5_F1	A09_S5	A09	F1	S5	531087687	197846737	"2:500000:""gw"""	"1:600000:"""""	/eos/user/c/cglenn/FCCWork/whizard/whizard_ttbar_spinpol/production/full6f_365gev_ee_ttbar_spinpol_v1/phase11_diagnostics/excess_weight_rootcause_v1/unrestricted_stability_scan_480_v1/20260816T202848Z_unrestricted_A15xS8xF3_np1/fixed/A09_S5/F1	PASS	PASS	0	20733e0e17025d2c73f73a666c5b62f92c105ca98114231020130b77f5730d5d	1052d33b68b5277bb171ae6069d895c560f4b87e6d9c699a007d2ff7dd4c824e	ebb2d040bce181174896557d8023127ebf78abc1a3775e6245dc9044336dd969	1	0	1	/eos/user/c/cglenn/FCCWork/whizard/whizard_ttbar_spinpol/production/full6f_365gev_ee_ttbar_spinpol_v1/phase11_diagnostics/excess_weight_rootcause_v1/unrestricted_stability_scan_480_v1/20260816T202848Z_unrestricted_A15xS8xF3_np1/fixed/A09_S5/F1/console.log	1
C_A09_S5_F2	fixed	A09_S5_F2	A09_S5	A09	F2	S5	531087687	197846737	"2:500000:""gw"""	"1:2000000:"""""	/eos/user/c/cglenn/FCCWork/whizard/whizard_ttbar_spinpol/production/full6f_365gev_ee_ttbar_spinpol_v1/phase11_diagnostics/excess_weight_rootcause_v1/unrestricted_stability_scan_480_v1/20260816T202848Z_unrestricted_A15xS8xF3_np1/fixed/A09_S5/F2	PASS	PASS	0	20733e0e17025d2c73f73a666c5b62f92c105ca98114231020130b77f5730d5d	75f906e4a6dc352d8532758bdcb713d53d261bf4bbf1300a3ea7517219685d00	ebb2d040bce181174896557d8023127ebf78abc1a3775e6245dc9044336dd969	1	0	1	/eos/user/c/cglenn/FCCWork/whizard/whizard_ttbar_spinpol/production/full6f_365gev_ee_ttbar_spinpol_v1/phase11_diagnostics/excess_weight_rootcause_v1/unrestricted_stability_scan_480_v1/20260816T202848Z_unrestricted_A15xS8xF3_np1/fixed/A09_S5/F2/console.log	1
P_A09_S6	adaptive	A09_S6		A09		S6	519963689	958460417	"2:500000:""gw"""		/eos/user/c/cglenn/FCCWork/whizard/whizard_ttbar_spinpol/production/full6f_365gev_ee_ttbar_spinpol_v1/phase11_diagnostics/excess_weight_rootcause_v1/unrestricted_stability_scan_480_v1/20260816T202848Z_unrestricted_A15xS8xF3_np1/adaptive/A09_S6	PASS	PASS	0	20733e0e17025d2c73f73a666c5b62f92c105ca98114231020130b77f5730d5d	caf21b99afe5a9b8eabe1a4cfb71a9da5eb8362bbd21c8e213e2c4c830382aec		0	1		/eos/user/c/cglenn/FCCWork/whizard/whizard_ttbar_spinpol/production/full6f_365gev_ee_ttbar_spinpol_v1/phase11_diagnostics/excess_weight_rootcause_v1/unrestricted_stability_scan_480_v1/20260816T202848Z_unrestricted_A15xS8xF3_np1/adaptive/A09_S6/console.log	1
C_A09_S6_F0	fixed	A09_S6_F0	A09_S6	A09	F0	S6	519963689	958460417	"2:500000:""gw"""	"3:200000:"""""	/eos/user/c/cglenn/FCCWork/whizard/whizard_ttbar_spinpol/production/full6f_365gev_ee_ttbar_spinpol_v1/phase11_diagnostics/excess_weight_rootcause_v1/unrestricted_stability_scan_480_v1/20260816T202848Z_unrestricted_A15xS8xF3_np1/fixed/A09_S6/F0	PASS	PASS	0	20733e0e17025d2c73f73a666c5b62f92c105ca98114231020130b77f5730d5d	65a62eda16641de60364c33d6bffce9c8391448b363d7f6191f47194b37aa478	caf21b99afe5a9b8eabe1a4cfb71a9da5eb8362bbd21c8e213e2c4c830382aec	1	0	1	/eos/user/c/cglenn/FCCWork/whizard/whizard_ttbar_spinpol/production/full6f_365gev_ee_ttbar_spinpol_v1/phase11_diagnostics/excess_weight_rootcause_v1/unrestricted_stability_scan_480_v1/20260816T202848Z_unrestricted_A15xS8xF3_np1/fixed/A09_S6/F0/console.log	1
C_A09_S6_F1	fixed	A09_S6_F1	A09_S6	A09	F1	S6	519963689	958460417	"2:500000:""gw"""	"1:600000:"""""	/eos/user/c/cglenn/FCCWork/whizard/whizard_ttbar_spinpol/production/full6f_365gev_ee_ttbar_spinpol_v1/phase11_diagnostics/excess_weight_rootcause_v1/unrestricted_stability_scan_480_v1/20260816T202848Z_unrestricted_A15xS8xF3_np1/fixed/A09_S6/F1	PASS	PASS	0	20733e0e17025d2c73f73a666c5b62f92c105ca98114231020130b77f5730d5d	20aa5d8de72262962821d8370462d896d17980dd8d6703408e3898d2cabdf7be	caf21b99afe5a9b8eabe1a4cfb71a9da5eb8362bbd21c8e213e2c4c830382aec	1	0	1	/eos/user/c/cglenn/FCCWork/whizard/whizard_ttbar_spinpol/production/full6f_365gev_ee_ttbar_spinpol_v1/phase11_diagnostics/excess_weight_rootcause_v1/unrestricted_stability_scan_480_v1/20260816T202848Z_unrestricted_A15xS8xF3_np1/fixed/A09_S6/F1/console.log	1
C_A09_S6_F2	fixed	A09_S6_F2	A09_S6	A09	F2	S6	519963689	958460417	"2:500000:""gw"""	"1:2000000:"""""	/eos/user/c/cglenn/FCCWork/whizard/whizard_ttbar_spinpol/production/full6f_365gev_ee_ttbar_spinpol_v1/phase11_diagnostics/excess_weight_rootcause_v1/unrestricted_stability_scan_480_v1/20260816T202848Z_unrestricted_A15xS8xF3_np1/fixed/A09_S6/F2	PASS	PASS	0	20733e0e17025d2c73f73a666c5b62f92c105ca98114231020130b77f5730d5d	efe613ccc01762eac1df5bb2a27e4c0aca5e38cfaaa27823effbebb20e98865d	caf21b99afe5a9b8eabe1a4cfb71a9da5eb8362bbd21c8e213e2c4c830382aec	1	0	1	/eos/user/c/cglenn/FCCWork/whizard/whizard_ttbar_spinpol/production/full6f_365gev_ee_ttbar_spinpol_v1/phase11_diagnostics/excess_weight_rootcause_v1/unrestricted_stability_scan_480_v1/20260816T202848Z_unrestricted_A15xS8xF3_np1/fixed/A09_S6/F2/console.log	1
P_A09_S7	adaptive	A09_S7		A09		S7	1552803368	239117595	"2:500000:""gw"""		/eos/user/c/cglenn/FCCWork/whizard/whizard_ttbar_spinpol/production/full6f_365gev_ee_ttbar_spinpol_v1/phase11_diagnostics/excess_weight_rootcause_v1/unrestricted_stability_scan_480_v1/20260816T202848Z_unrestricted_A15xS8xF3_np1/adaptive/A09_S7	PASS	PASS	0	20733e0e17025d2c73f73a666c5b62f92c105ca98114231020130b77f5730d5d	ae73c8a56cd7d379907ce287a893414e0a0ece030c742a7ea71f5a0eb18574a2		0	1		/eos/user/c/cglenn/FCCWork/whizard/whizard_ttbar_spinpol/production/full6f_365gev_ee_ttbar_spinpol_v1/phase11_diagnostics/excess_weight_rootcause_v1/unrestricted_stability_scan_480_v1/20260816T202848Z_unrestricted_A15xS8xF3_np1/adaptive/A09_S7/console.log	1
C_A09_S7_F0	fixed	A09_S7_F0	A09_S7	A09	F0	S7	1552803368	239117595	"2:500000:""gw"""	"3:200000:"""""	/eos/user/c/cglenn/FCCWork/whizard/whizard_ttbar_spinpol/production/full6f_365gev_ee_ttbar_spinpol_v1/phase11_diagnostics/excess_weight_rootcause_v1/unrestricted_stability_scan_480_v1/20260816T202848Z_unrestricted_A15xS8xF3_np1/fixed/A09_S7/F0	PASS	PASS	0	20733e0e17025d2c73f73a666c5b62f92c105ca98114231020130b77f5730d5d	3a69293c8430adcf5229b0d43e5c8662009b3dfb2c9cd5c153e6ac789b491db6	ae73c8a56cd7d379907ce287a893414e0a0ece030c742a7ea71f5a0eb18574a2	1	0	1	/eos/user/c/cglenn/FCCWork/whizard/whizard_ttbar_spinpol/production/full6f_365gev_ee_ttbar_spinpol_v1/phase11_diagnostics/excess_weight_rootcause_v1/unrestricted_stability_scan_480_v1/20260816T202848Z_unrestricted_A15xS8xF3_np1/fixed/A09_S7/F0/console.log	1
C_A09_S7_F1	fixed	A09_S7_F1	A09_S7	A09	F1	S7	1552803368	239117595	"2:500000:""gw"""	"1:600000:"""""	/eos/user/c/cglenn/FCCWork/whizard/whizard_ttbar_spinpol/production/full6f_365gev_ee_ttbar_spinpol_v1/phase11_diagnostics/excess_weight_rootcause_v1/unrestricted_stability_scan_480_v1/20260816T202848Z_unrestricted_A15xS8xF3_np1/fixed/A09_S7/F1	PASS	PASS	0	20733e0e17025d2c73f73a666c5b62f92c105ca98114231020130b77f5730d5d	ad279465d1fed53d0b75bbdc899b843bbeb02e20ab8d362147fb73f1406b596d	ae73c8a56cd7d379907ce287a893414e0a0ece030c742a7ea71f5a0eb18574a2	1	0	1	/eos/user/c/cglenn/FCCWork/whizard/whizard_ttbar_spinpol/production/full6f_365gev_ee_ttbar_spinpol_v1/phase11_diagnostics/excess_weight_rootcause_v1/unrestricted_stability_scan_480_v1/20260816T202848Z_unrestricted_A15xS8xF3_np1/fixed/A09_S7/F1/console.log	1
C_A09_S7_F2	fixed	A09_S7_F2	A09_S7	A09	F2	S7	1552803368	239117595	"2:500000:""gw"""	"1:2000000:"""""	/eos/user/c/cglenn/FCCWork/whizard/whizard_ttbar_spinpol/production/full6f_365gev_ee_ttbar_spinpol_v1/phase11_diagnostics/excess_weight_rootcause_v1/unrestricted_stability_scan_480_v1/20260816T202848Z_unrestricted_A15xS8xF3_np1/fixed/A09_S7/F2	PASS	PASS	0	20733e0e17025d2c73f73a666c5b62f92c105ca98114231020130b77f5730d5d	194729827d8825c55544b854b9dc2cfa39c0637fdba7d9105401c511e48364e3	ae73c8a56cd7d379907ce287a893414e0a0ece030c742a7ea71f5a0eb18574a2	1	0	1	/eos/user/c/cglenn/FCCWork/whizard/whizard_ttbar_spinpol/production/full6f_365gev_ee_ttbar_spinpol_v1/phase11_diagnostics/excess_weight_rootcause_v1/unrestricted_stability_scan_480_v1/20260816T202848Z_unrestricted_A15xS8xF3_np1/fixed/A09_S7/F2/console.log	1
P_A10_S0	adaptive	A10_S0		A10		S0	1740114216	648318690	"1:1000000:""gw"""		/eos/user/c/cglenn/FCCWork/whizard/whizard_ttbar_spinpol/production/full6f_365gev_ee_ttbar_spinpol_v1/phase11_diagnostics/excess_weight_rootcause_v1/unrestricted_stability_scan_480_v1/20260816T202848Z_unrestricted_A15xS8xF3_np1/adaptive/A10_S0	PASS	PASS	0	20733e0e17025d2c73f73a666c5b62f92c105ca98114231020130b77f5730d5d	b870ce6aafafd4ca50e5f957750567cacefaddcb8bed0809c06fe730b5608235		0	1		/eos/user/c/cglenn/FCCWork/whizard/whizard_ttbar_spinpol/production/full6f_365gev_ee_ttbar_spinpol_v1/phase11_diagnostics/excess_weight_rootcause_v1/unrestricted_stability_scan_480_v1/20260816T202848Z_unrestricted_A15xS8xF3_np1/adaptive/A10_S0/console.log	1
C_A10_S0_F0	fixed	A10_S0_F0	A10_S0	A10	F0	S0	1740114216	648318690	"1:1000000:""gw"""	"3:200000:"""""	/eos/user/c/cglenn/FCCWork/whizard/whizard_ttbar_spinpol/production/full6f_365gev_ee_ttbar_spinpol_v1/phase11_diagnostics/excess_weight_rootcause_v1/unrestricted_stability_scan_480_v1/20260816T202848Z_unrestricted_A15xS8xF3_np1/fixed/A10_S0/F0	PASS	PASS	0	20733e0e17025d2c73f73a666c5b62f92c105ca98114231020130b77f5730d5d	8b77912f9af804cf5da481b83e779fea72c339027d16635b576aec2fefa8844b	b870ce6aafafd4ca50e5f957750567cacefaddcb8bed0809c06fe730b5608235	1	0	1	/eos/user/c/cglenn/FCCWork/whizard/whizard_ttbar_spinpol/production/full6f_365gev_ee_ttbar_spinpol_v1/phase11_diagnostics/excess_weight_rootcause_v1/unrestricted_stability_scan_480_v1/20260816T202848Z_unrestricted_A15xS8xF3_np1/fixed/A10_S0/F0/console.log	1
C_A10_S0_F1	fixed	A10_S0_F1	A10_S0	A10	F1	S0	1740114216	648318690	"1:1000000:""gw"""	"1:600000:"""""	/eos/user/c/cglenn/FCCWork/whizard/whizard_ttbar_spinpol/production/full6f_365gev_ee_ttbar_spinpol_v1/phase11_diagnostics/excess_weight_rootcause_v1/unrestricted_stability_scan_480_v1/20260816T202848Z_unrestricted_A15xS8xF3_np1/fixed/A10_S0/F1	PASS	PASS	0	20733e0e17025d2c73f73a666c5b62f92c105ca98114231020130b77f5730d5d	bb158f572d94ce582df7139cf6fd1adc260c366e9c1efadb509908440cdee057	b870ce6aafafd4ca50e5f957750567cacefaddcb8bed0809c06fe730b5608235	1	0	1	/eos/user/c/cglenn/FCCWork/whizard/whizard_ttbar_spinpol/production/full6f_365gev_ee_ttbar_spinpol_v1/phase11_diagnostics/excess_weight_rootcause_v1/unrestricted_stability_scan_480_v1/20260816T202848Z_unrestricted_A15xS8xF3_np1/fixed/A10_S0/F1/console.log	1
C_A10_S0_F2	fixed	A10_S0_F2	A10_S0	A10	F2	S0	1740114216	648318690	"1:1000000:""gw"""	"1:2000000:"""""	/eos/user/c/cglenn/FCCWork/whizard/whizard_ttbar_spinpol/production/full6f_365gev_ee_ttbar_spinpol_v1/phase11_diagnostics/excess_weight_rootcause_v1/unrestricted_stability_scan_480_v1/20260816T202848Z_unrestricted_A15xS8xF3_np1/fixed/A10_S0/F2	PASS	PASS	0	20733e0e17025d2c73f73a666c5b62f92c105ca98114231020130b77f5730d5d	d01c3e0aed6116678263b7a9be55f060ba1442d49b1e5c3cd26de4ab79637d05	b870ce6aafafd4ca50e5f957750567cacefaddcb8bed0809c06fe730b5608235	1	0	1	/eos/user/c/cglenn/FCCWork/whizard/whizard_ttbar_spinpol/production/full6f_365gev_ee_ttbar_spinpol_v1/phase11_diagnostics/excess_weight_rootcause_v1/unrestricted_stability_scan_480_v1/20260816T202848Z_unrestricted_A15xS8xF3_np1/fixed/A10_S0/F2/console.log	1
P_A10_S1	adaptive	A10_S1		A10		S1	1751949026	1404282457	"1:1000000:""gw"""		/eos/user/c/cglenn/FCCWork/whizard/whizard_ttbar_spinpol/production/full6f_365gev_ee_ttbar_spinpol_v1/phase11_diagnostics/excess_weight_rootcause_v1/unrestricted_stability_scan_480_v1/20260816T202848Z_unrestricted_A15xS8xF3_np1/adaptive/A10_S1	PASS	PASS	0	20733e0e17025d2c73f73a666c5b62f92c105ca98114231020130b77f5730d5d	57429dbdbdf92a5cbed04cac3a10714b4c8e21a99d25a99d1f9b6e2fd929432a		0	1		/eos/user/c/cglenn/FCCWork/whizard/whizard_ttbar_spinpol/production/full6f_365gev_ee_ttbar_spinpol_v1/phase11_diagnostics/excess_weight_rootcause_v1/unrestricted_stability_scan_480_v1/20260816T202848Z_unrestricted_A15xS8xF3_np1/adaptive/A10_S1/console.log	1
C_A10_S1_F0	fixed	A10_S1_F0	A10_S1	A10	F0	S1	1751949026	1404282457	"1:1000000:""gw"""	"3:200000:"""""	/eos/user/c/cglenn/FCCWork/whizard/whizard_ttbar_spinpol/production/full6f_365gev_ee_ttbar_spinpol_v1/phase11_diagnostics/excess_weight_rootcause_v1/unrestricted_stability_scan_480_v1/20260816T202848Z_unrestricted_A15xS8xF3_np1/fixed/A10_S1/F0	PASS	PASS	0	20733e0e17025d2c73f73a666c5b62f92c105ca98114231020130b77f5730d5d	7f0cecbd765fdc0018a7d9c7014c01ff7f14c230a9208dba98663dfc1cedef3d	57429dbdbdf92a5cbed04cac3a10714b4c8e21a99d25a99d1f9b6e2fd929432a	1	0	1	/eos/user/c/cglenn/FCCWork/whizard/whizard_ttbar_spinpol/production/full6f_365gev_ee_ttbar_spinpol_v1/phase11_diagnostics/excess_weight_rootcause_v1/unrestricted_stability_scan_480_v1/20260816T202848Z_unrestricted_A15xS8xF3_np1/fixed/A10_S1/F0/console.log	1
C_A10_S1_F1	fixed	A10_S1_F1	A10_S1	A10	F1	S1	1751949026	1404282457	"1:1000000:""gw"""	"1:600000:"""""	/eos/user/c/cglenn/FCCWork/whizard/whizard_ttbar_spinpol/production/full6f_365gev_ee_ttbar_spinpol_v1/phase11_diagnostics/excess_weight_rootcause_v1/unrestricted_stability_scan_480_v1/20260816T202848Z_unrestricted_A15xS8xF3_np1/fixed/A10_S1/F1	PASS	PASS	0	20733e0e17025d2c73f73a666c5b62f92c105ca98114231020130b77f5730d5d	9ef690c3b36557636e1647930ae4d44af2784011ce633c7549fcf4c228b1dc48	57429dbdbdf92a5cbed04cac3a10714b4c8e21a99d25a99d1f9b6e2fd929432a	1	0	1	/eos/user/c/cglenn/FCCWork/whizard/whizard_ttbar_spinpol/production/full6f_365gev_ee_ttbar_spinpol_v1/phase11_diagnostics/excess_weight_rootcause_v1/unrestricted_stability_scan_480_v1/20260816T202848Z_unrestricted_A15xS8xF3_np1/fixed/A10_S1/F1/console.log	1
C_A10_S1_F2	fixed	A10_S1_F2	A10_S1	A10	F2	S1	1751949026	1404282457	"1:1000000:""gw"""	"1:2000000:"""""	/eos/user/c/cglenn/FCCWork/whizard/whizard_ttbar_spinpol/production/full6f_365gev_ee_ttbar_spinpol_v1/phase11_diagnostics/excess_weight_rootcause_v1/unrestricted_stability_scan_480_v1/20260816T202848Z_unrestricted_A15xS8xF3_np1/fixed/A10_S1/F2	PASS	PASS	0	20733e0e17025d2c73f73a666c5b62f92c105ca98114231020130b77f5730d5d	924261c69a7cbfbce6098369ff4b8c31099a4180641107016b4645bfec6d6d9d	57429dbdbdf92a5cbed04cac3a10714b4c8e21a99d25a99d1f9b6e2fd929432a	1	0	1	/eos/user/c/cglenn/FCCWork/whizard/whizard_ttbar_spinpol/production/full6f_365gev_ee_ttbar_spinpol_v1/phase11_diagnostics/excess_weight_rootcause_v1/unrestricted_stability_scan_480_v1/20260816T202848Z_unrestricted_A15xS8xF3_np1/fixed/A10_S1/F2/console.log	1
P_A10_S2	adaptive	A10_S2		A10		S2	1885084773	1596606550	"1:1000000:""gw"""		/eos/user/c/cglenn/FCCWork/whizard/whizard_ttbar_spinpol/production/full6f_365gev_ee_ttbar_spinpol_v1/phase11_diagnostics/excess_weight_rootcause_v1/unrestricted_stability_scan_480_v1/20260816T202848Z_unrestricted_A15xS8xF3_np1/adaptive/A10_S2	PASS	PASS	0	20733e0e17025d2c73f73a666c5b62f92c105ca98114231020130b77f5730d5d	6286e9470b313b830a3d43424fe4aa3a25f0a267d4432fc803ffd5da277e3a9a		0	1		/eos/user/c/cglenn/FCCWork/whizard/whizard_ttbar_spinpol/production/full6f_365gev_ee_ttbar_spinpol_v1/phase11_diagnostics/excess_weight_rootcause_v1/unrestricted_stability_scan_480_v1/20260816T202848Z_unrestricted_A15xS8xF3_np1/adaptive/A10_S2/console.log	1
C_A10_S2_F0	fixed	A10_S2_F0	A10_S2	A10	F0	S2	1885084773	1596606550	"1:1000000:""gw"""	"3:200000:"""""	/eos/user/c/cglenn/FCCWork/whizard/whizard_ttbar_spinpol/production/full6f_365gev_ee_ttbar_spinpol_v1/phase11_diagnostics/excess_weight_rootcause_v1/unrestricted_stability_scan_480_v1/20260816T202848Z_unrestricted_A15xS8xF3_np1/fixed/A10_S2/F0	PASS	PASS	0	20733e0e17025d2c73f73a666c5b62f92c105ca98114231020130b77f5730d5d	67469175caddc142d1e9dec82090c2e95a64722ca064895627340faef2a40be2	6286e9470b313b830a3d43424fe4aa3a25f0a267d4432fc803ffd5da277e3a9a	1	0	1	/eos/user/c/cglenn/FCCWork/whizard/whizard_ttbar_spinpol/production/full6f_365gev_ee_ttbar_spinpol_v1/phase11_diagnostics/excess_weight_rootcause_v1/unrestricted_stability_scan_480_v1/20260816T202848Z_unrestricted_A15xS8xF3_np1/fixed/A10_S2/F0/console.log	1
C_A10_S2_F1	fixed	A10_S2_F1	A10_S2	A10	F1	S2	1885084773	1596606550	"1:1000000:""gw"""	"1:600000:"""""	/eos/user/c/cglenn/FCCWork/whizard/whizard_ttbar_spinpol/production/full6f_365gev_ee_ttbar_spinpol_v1/phase11_diagnostics/excess_weight_rootcause_v1/unrestricted_stability_scan_480_v1/20260816T202848Z_unrestricted_A15xS8xF3_np1/fixed/A10_S2/F1	PASS	PASS	0	20733e0e17025d2c73f73a666c5b62f92c105ca98114231020130b77f5730d5d	ceca23a3856834d514dd7b44eb1d316d6f56a88a3ad7084e3049f04130c6a136	6286e9470b313b830a3d43424fe4aa3a25f0a267d4432fc803ffd5da277e3a9a	1	0	1	/eos/user/c/cglenn/FCCWork/whizard/whizard_ttbar_spinpol/production/full6f_365gev_ee_ttbar_spinpol_v1/phase11_diagnostics/excess_weight_rootcause_v1/unrestricted_stability_scan_480_v1/20260816T202848Z_unrestricted_A15xS8xF3_np1/fixed/A10_S2/F1/console.log	1
C_A10_S2_F2	fixed	A10_S2_F2	A10_S2	A10	F2	S2	1885084773	1596606550	"1:1000000:""gw"""	"1:2000000:"""""	/eos/user/c/cglenn/FCCWork/whizard/whizard_ttbar_spinpol/production/full6f_365gev_ee_ttbar_spinpol_v1/phase11_diagnostics/excess_weight_rootcause_v1/unrestricted_stability_scan_480_v1/20260816T202848Z_unrestricted_A15xS8xF3_np1/fixed/A10_S2/F2	PASS	PASS	0	20733e0e17025d2c73f73a666c5b62f92c105ca98114231020130b77f5730d5d	5f7d113369b8efa475180942abfd8b721019c57d008caeea310a0bfcf82df755	6286e9470b313b830a3d43424fe4aa3a25f0a267d4432fc803ffd5da277e3a9a	1	0	1	/eos/user/c/cglenn/FCCWork/whizard/whizard_ttbar_spinpol/production/full6f_365gev_ee_ttbar_spinpol_v1/phase11_diagnostics/excess_weight_rootcause_v1/unrestricted_stability_scan_480_v1/20260816T202848Z_unrestricted_A15xS8xF3_np1/fixed/A10_S2/F2/console.log	1
P_A10_S3	adaptive	A10_S3		A10		S3	134326786	769890491	"1:1000000:""gw"""		/eos/user/c/cglenn/FCCWork/whizard/whizard_ttbar_spinpol/production/full6f_365gev_ee_ttbar_spinpol_v1/phase11_diagnostics/excess_weight_rootcause_v1/unrestricted_stability_scan_480_v1/20260816T202848Z_unrestricted_A15xS8xF3_np1/adaptive/A10_S3	PASS	PASS	0	20733e0e17025d2c73f73a666c5b62f92c105ca98114231020130b77f5730d5d	f805af4aad031647138b3c964bc2b8e0ab830acb1a6d70a17455ca4773652cb0		0	1		/eos/user/c/cglenn/FCCWork/whizard/whizard_ttbar_spinpol/production/full6f_365gev_ee_ttbar_spinpol_v1/phase11_diagnostics/excess_weight_rootcause_v1/unrestricted_stability_scan_480_v1/20260816T202848Z_unrestricted_A15xS8xF3_np1/adaptive/A10_S3/console.log	1
C_A10_S3_F0	fixed	A10_S3_F0	A10_S3	A10	F0	S3	134326786	769890491	"1:1000000:""gw"""	"3:200000:"""""	/eos/user/c/cglenn/FCCWork/whizard/whizard_ttbar_spinpol/production/full6f_365gev_ee_ttbar_spinpol_v1/phase11_diagnostics/excess_weight_rootcause_v1/unrestricted_stability_scan_480_v1/20260816T202848Z_unrestricted_A15xS8xF3_np1/fixed/A10_S3/F0	PASS	PASS	0	20733e0e17025d2c73f73a666c5b62f92c105ca98114231020130b77f5730d5d	4ed36007f927a821316b4b80f05777011f063111f55356d6910a80f472aa9532	f805af4aad031647138b3c964bc2b8e0ab830acb1a6d70a17455ca4773652cb0	1	0	1	/eos/user/c/cglenn/FCCWork/whizard/whizard_ttbar_spinpol/production/full6f_365gev_ee_ttbar_spinpol_v1/phase11_diagnostics/excess_weight_rootcause_v1/unrestricted_stability_scan_480_v1/20260816T202848Z_unrestricted_A15xS8xF3_np1/fixed/A10_S3/F0/console.log	1
C_A10_S3_F1	fixed	A10_S3_F1	A10_S3	A10	F1	S3	134326786	769890491	"1:1000000:""gw"""	"1:600000:"""""	/eos/user/c/cglenn/FCCWork/whizard/whizard_ttbar_spinpol/production/full6f_365gev_ee_ttbar_spinpol_v1/phase11_diagnostics/excess_weight_rootcause_v1/unrestricted_stability_scan_480_v1/20260816T202848Z_unrestricted_A15xS8xF3_np1/fixed/A10_S3/F1	PASS	PASS	0	20733e0e17025d2c73f73a666c5b62f92c105ca98114231020130b77f5730d5d	00394e6ad04dec22490173285b3ba16f6dd1b9f6f6e909f7fe6a0177a95a8729	f805af4aad031647138b3c964bc2b8e0ab830acb1a6d70a17455ca4773652cb0	1	0	1	/eos/user/c/cglenn/FCCWork/whizard/whizard_ttbar_spinpol/production/full6f_365gev_ee_ttbar_spinpol_v1/phase11_diagnostics/excess_weight_rootcause_v1/unrestricted_stability_scan_480_v1/20260816T202848Z_unrestricted_A15xS8xF3_np1/fixed/A10_S3/F1/console.log	1
C_A10_S3_F2	fixed	A10_S3_F2	A10_S3	A10	F2	S3	134326786	769890491	"1:1000000:""gw"""	"1:2000000:"""""	/eos/user/c/cglenn/FCCWork/whizard/whizard_ttbar_spinpol/production/full6f_365gev_ee_ttbar_spinpol_v1/phase11_diagnostics/excess_weight_rootcause_v1/unrestricted_stability_scan_480_v1/20260816T202848Z_unrestricted_A15xS8xF3_np1/fixed/A10_S3/F2	PASS	PASS	0	20733e0e17025d2c73f73a666c5b62f92c105ca98114231020130b77f5730d5d	fa78a8d8af537c11d7dcc9d8a556dc27334d73b9f851edf1a46f85b10f142f6a	f805af4aad031647138b3c964bc2b8e0ab830acb1a6d70a17455ca4773652cb0	1	0	1	/eos/user/c/cglenn/FCCWork/whizard/whizard_ttbar_spinpol/production/full6f_365gev_ee_ttbar_spinpol_v1/phase11_diagnostics/excess_weight_rootcause_v1/unrestricted_stability_scan_480_v1/20260816T202848Z_unrestricted_A15xS8xF3_np1/fixed/A10_S3/F2/console.log	1
P_A10_S4	adaptive	A10_S4		A10		S4	249371675	462903030	"1:1000000:""gw"""		/eos/user/c/cglenn/FCCWork/whizard/whizard_ttbar_spinpol/production/full6f_365gev_ee_ttbar_spinpol_v1/phase11_diagnostics/excess_weight_rootcause_v1/unrestricted_stability_scan_480_v1/20260816T202848Z_unrestricted_A15xS8xF3_np1/adaptive/A10_S4	PASS	PASS	0	20733e0e17025d2c73f73a666c5b62f92c105ca98114231020130b77f5730d5d	ad6d70d32de03097fb35c097c9a5491cc200cba843cbc5913505587d35243769		0	1		/eos/user/c/cglenn/FCCWork/whizard/whizard_ttbar_spinpol/production/full6f_365gev_ee_ttbar_spinpol_v1/phase11_diagnostics/excess_weight_rootcause_v1/unrestricted_stability_scan_480_v1/20260816T202848Z_unrestricted_A15xS8xF3_np1/adaptive/A10_S4/console.log	1
C_A10_S4_F0	fixed	A10_S4_F0	A10_S4	A10	F0	S4	249371675	462903030	"1:1000000:""gw"""	"3:200000:"""""	/eos/user/c/cglenn/FCCWork/whizard/whizard_ttbar_spinpol/production/full6f_365gev_ee_ttbar_spinpol_v1/phase11_diagnostics/excess_weight_rootcause_v1/unrestricted_stability_scan_480_v1/20260816T202848Z_unrestricted_A15xS8xF3_np1/fixed/A10_S4/F0	PASS	PASS	0	20733e0e17025d2c73f73a666c5b62f92c105ca98114231020130b77f5730d5d	00b1ada5462e91ee86ef41094d074157f83b5b62b07f5dfcc5404228453f68ca	ad6d70d32de03097fb35c097c9a5491cc200cba843cbc5913505587d35243769	1	0	1	/eos/user/c/cglenn/FCCWork/whizard/whizard_ttbar_spinpol/production/full6f_365gev_ee_ttbar_spinpol_v1/phase11_diagnostics/excess_weight_rootcause_v1/unrestricted_stability_scan_480_v1/20260816T202848Z_unrestricted_A15xS8xF3_np1/fixed/A10_S4/F0/console.log	1
C_A10_S4_F1	fixed	A10_S4_F1	A10_S4	A10	F1	S4	249371675	462903030	"1:1000000:""gw"""	"1:600000:"""""	/eos/user/c/cglenn/FCCWork/whizard/whizard_ttbar_spinpol/production/full6f_365gev_ee_ttbar_spinpol_v1/phase11_diagnostics/excess_weight_rootcause_v1/unrestricted_stability_scan_480_v1/20260816T202848Z_unrestricted_A15xS8xF3_np1/fixed/A10_S4/F1	PASS	PASS	0	20733e0e17025d2c73f73a666c5b62f92c105ca98114231020130b77f5730d5d	f3e283b7d6ceb1d8e12d5785ecbe4645d42f954e92fa1175793f5be85ed940bf	ad6d70d32de03097fb35c097c9a5491cc200cba843cbc5913505587d35243769	1	0	1	/eos/user/c/cglenn/FCCWork/whizard/whizard_ttbar_spinpol/production/full6f_365gev_ee_ttbar_spinpol_v1/phase11_diagnostics/excess_weight_rootcause_v1/unrestricted_stability_scan_480_v1/20260816T202848Z_unrestricted_A15xS8xF3_np1/fixed/A10_S4/F1/console.log	1
C_A10_S4_F2	fixed	A10_S4_F2	A10_S4	A10	F2	S4	249371675	462903030	"1:1000000:""gw"""	"1:2000000:"""""	/eos/user/c/cglenn/FCCWork/whizard/whizard_ttbar_spinpol/production/full6f_365gev_ee_ttbar_spinpol_v1/phase11_diagnostics/excess_weight_rootcause_v1/unrestricted_stability_scan_480_v1/20260816T202848Z_unrestricted_A15xS8xF3_np1/fixed/A10_S4/F2	PASS	PASS	0	20733e0e17025d2c73f73a666c5b62f92c105ca98114231020130b77f5730d5d	98150e4f99bbb34a99c182dbe848d10d8e485ce585fee698295bb2e4459dfba2	ad6d70d32de03097fb35c097c9a5491cc200cba843cbc5913505587d35243769	1	0	1	/eos/user/c/cglenn/FCCWork/whizard/whizard_ttbar_spinpol/production/full6f_365gev_ee_ttbar_spinpol_v1/phase11_diagnostics/excess_weight_rootcause_v1/unrestricted_stability_scan_480_v1/20260816T202848Z_unrestricted_A15xS8xF3_np1/fixed/A10_S4/F2/console.log	1
P_A10_S5	adaptive	A10_S5		A10		S5	531087687	197846737	"1:1000000:""gw"""		/eos/user/c/cglenn/FCCWork/whizard/whizard_ttbar_spinpol/production/full6f_365gev_ee_ttbar_spinpol_v1/phase11_diagnostics/excess_weight_rootcause_v1/unrestricted_stability_scan_480_v1/20260816T202848Z_unrestricted_A15xS8xF3_np1/adaptive/A10_S5	PASS	PASS	0	20733e0e17025d2c73f73a666c5b62f92c105ca98114231020130b77f5730d5d	51ad55b03fed62cb2bbe0271a36b97e745086cabe5fd457d86bf9c32ceb7baf5		0	1		/eos/user/c/cglenn/FCCWork/whizard/whizard_ttbar_spinpol/production/full6f_365gev_ee_ttbar_spinpol_v1/phase11_diagnostics/excess_weight_rootcause_v1/unrestricted_stability_scan_480_v1/20260816T202848Z_unrestricted_A15xS8xF3_np1/adaptive/A10_S5/console.log	1
C_A10_S5_F0	fixed	A10_S5_F0	A10_S5	A10	F0	S5	531087687	197846737	"1:1000000:""gw"""	"3:200000:"""""	/eos/user/c/cglenn/FCCWork/whizard/whizard_ttbar_spinpol/production/full6f_365gev_ee_ttbar_spinpol_v1/phase11_diagnostics/excess_weight_rootcause_v1/unrestricted_stability_scan_480_v1/20260816T202848Z_unrestricted_A15xS8xF3_np1/fixed/A10_S5/F0	PASS	PASS	0	20733e0e17025d2c73f73a666c5b62f92c105ca98114231020130b77f5730d5d	ca72ac0bfb492cbc2d3401976064460e3abccccaa7f130f7107abcbb22dd4676	51ad55b03fed62cb2bbe0271a36b97e745086cabe5fd457d86bf9c32ceb7baf5	1	0	1	/eos/user/c/cglenn/FCCWork/whizard/whizard_ttbar_spinpol/production/full6f_365gev_ee_ttbar_spinpol_v1/phase11_diagnostics/excess_weight_rootcause_v1/unrestricted_stability_scan_480_v1/20260816T202848Z_unrestricted_A15xS8xF3_np1/fixed/A10_S5/F0/console.log	1
C_A10_S5_F1	fixed	A10_S5_F1	A10_S5	A10	F1	S5	531087687	197846737	"1:1000000:""gw"""	"1:600000:"""""	/eos/user/c/cglenn/FCCWork/whizard/whizard_ttbar_spinpol/production/full6f_365gev_ee_ttbar_spinpol_v1/phase11_diagnostics/excess_weight_rootcause_v1/unrestricted_stability_scan_480_v1/20260816T202848Z_unrestricted_A15xS8xF3_np1/fixed/A10_S5/F1	PASS	PASS	0	20733e0e17025d2c73f73a666c5b62f92c105ca98114231020130b77f5730d5d	631832d2d5001561b4fd5a18f54dd898c4c9198cba165d2fb06cc8759307a21d	51ad55b03fed62cb2bbe0271a36b97e745086cabe5fd457d86bf9c32ceb7baf5	1	0	1	/eos/user/c/cglenn/FCCWork/whizard/whizard_ttbar_spinpol/production/full6f_365gev_ee_ttbar_spinpol_v1/phase11_diagnostics/excess_weight_rootcause_v1/unrestricted_stability_scan_480_v1/20260816T202848Z_unrestricted_A15xS8xF3_np1/fixed/A10_S5/F1/console.log	1
C_A10_S5_F2	fixed	A10_S5_F2	A10_S5	A10	F2	S5	531087687	197846737	"1:1000000:""gw"""	"1:2000000:"""""	/eos/user/c/cglenn/FCCWork/whizard/whizard_ttbar_spinpol/production/full6f_365gev_ee_ttbar_spinpol_v1/phase11_diagnostics/excess_weight_rootcause_v1/unrestricted_stability_scan_480_v1/20260816T202848Z_unrestricted_A15xS8xF3_np1/fixed/A10_S5/F2	PASS	PASS	0	20733e0e17025d2c73f73a666c5b62f92c105ca98114231020130b77f5730d5d	6de452bdad8b55a3a31f40ffd1171bbebc8c9bf1af20bc0b15ead0f1f99b51fa	51ad55b03fed62cb2bbe0271a36b97e745086cabe5fd457d86bf9c32ceb7baf5	1	0	1	/eos/user/c/cglenn/FCCWork/whizard/whizard_ttbar_spinpol/production/full6f_365gev_ee_ttbar_spinpol_v1/phase11_diagnostics/excess_weight_rootcause_v1/unrestricted_stability_scan_480_v1/20260816T202848Z_unrestricted_A15xS8xF3_np1/fixed/A10_S5/F2/console.log	1
P_A10_S6	adaptive	A10_S6		A10		S6	519963689	958460417	"1:1000000:""gw"""		/eos/user/c/cglenn/FCCWork/whizard/whizard_ttbar_spinpol/production/full6f_365gev_ee_ttbar_spinpol_v1/phase11_diagnostics/excess_weight_rootcause_v1/unrestricted_stability_scan_480_v1/20260816T202848Z_unrestricted_A15xS8xF3_np1/adaptive/A10_S6	PASS	PASS	0	20733e0e17025d2c73f73a666c5b62f92c105ca98114231020130b77f5730d5d	84c7f6749dfff68adc24eccce41e6ebc47c8d443fdb2bba24f2220deb0574daf		0	1		/eos/user/c/cglenn/FCCWork/whizard/whizard_ttbar_spinpol/production/full6f_365gev_ee_ttbar_spinpol_v1/phase11_diagnostics/excess_weight_rootcause_v1/unrestricted_stability_scan_480_v1/20260816T202848Z_unrestricted_A15xS8xF3_np1/adaptive/A10_S6/console.log	1
C_A10_S6_F0	fixed	A10_S6_F0	A10_S6	A10	F0	S6	519963689	958460417	"1:1000000:""gw"""	"3:200000:"""""	/eos/user/c/cglenn/FCCWork/whizard/whizard_ttbar_spinpol/production/full6f_365gev_ee_ttbar_spinpol_v1/phase11_diagnostics/excess_weight_rootcause_v1/unrestricted_stability_scan_480_v1/20260816T202848Z_unrestricted_A15xS8xF3_np1/fixed/A10_S6/F0	PASS	PASS	0	20733e0e17025d2c73f73a666c5b62f92c105ca98114231020130b77f5730d5d	28b30c49649d9e03a9f3fb380498d8353a7024a1f86e517e8a10aa40545d54aa	84c7f6749dfff68adc24eccce41e6ebc47c8d443fdb2bba24f2220deb0574daf	1	0	1	/eos/user/c/cglenn/FCCWork/whizard/whizard_ttbar_spinpol/production/full6f_365gev_ee_ttbar_spinpol_v1/phase11_diagnostics/excess_weight_rootcause_v1/unrestricted_stability_scan_480_v1/20260816T202848Z_unrestricted_A15xS8xF3_np1/fixed/A10_S6/F0/console.log	1
C_A10_S6_F1	fixed	A10_S6_F1	A10_S6	A10	F1	S6	519963689	958460417	"1:1000000:""gw"""	"1:600000:"""""	/eos/user/c/cglenn/FCCWork/whizard/whizard_ttbar_spinpol/production/full6f_365gev_ee_ttbar_spinpol_v1/phase11_diagnostics/excess_weight_rootcause_v1/unrestricted_stability_scan_480_v1/20260816T202848Z_unrestricted_A15xS8xF3_np1/fixed/A10_S6/F1	PASS	PASS	0	20733e0e17025d2c73f73a666c5b62f92c105ca98114231020130b77f5730d5d	62c35b87e99ab0ffb895c098b42d16fbd1fb51b51a726c7c0738b29fa6654ed5	84c7f6749dfff68adc24eccce41e6ebc47c8d443fdb2bba24f2220deb0574daf	1	0	1	/eos/user/c/cglenn/FCCWork/whizard/whizard_ttbar_spinpol/production/full6f_365gev_ee_ttbar_spinpol_v1/phase11_diagnostics/excess_weight_rootcause_v1/unrestricted_stability_scan_480_v1/20260816T202848Z_unrestricted_A15xS8xF3_np1/fixed/A10_S6/F1/console.log	1
C_A10_S6_F2	fixed	A10_S6_F2	A10_S6	A10	F2	S6	519963689	958460417	"1:1000000:""gw"""	"1:2000000:"""""	/eos/user/c/cglenn/FCCWork/whizard/whizard_ttbar_spinpol/production/full6f_365gev_ee_ttbar_spinpol_v1/phase11_diagnostics/excess_weight_rootcause_v1/unrestricted_stability_scan_480_v1/20260816T202848Z_unrestricted_A15xS8xF3_np1/fixed/A10_S6/F2	PASS	PASS	0	20733e0e17025d2c73f73a666c5b62f92c105ca98114231020130b77f5730d5d	29a3bbeb76dd0c03a35463ec21d002b43be4b6b71091ac81dee01d01a3345d86	84c7f6749dfff68adc24eccce41e6ebc47c8d443fdb2bba24f2220deb0574daf	1	0	1	/eos/user/c/cglenn/FCCWork/whizard/whizard_ttbar_spinpol/production/full6f_365gev_ee_ttbar_spinpol_v1/phase11_diagnostics/excess_weight_rootcause_v1/unrestricted_stability_scan_480_v1/20260816T202848Z_unrestricted_A15xS8xF3_np1/fixed/A10_S6/F2/console.log	1
P_A10_S7	adaptive	A10_S7		A10		S7	1552803368	239117595	"1:1000000:""gw"""		/eos/user/c/cglenn/FCCWork/whizard/whizard_ttbar_spinpol/production/full6f_365gev_ee_ttbar_spinpol_v1/phase11_diagnostics/excess_weight_rootcause_v1/unrestricted_stability_scan_480_v1/20260816T202848Z_unrestricted_A15xS8xF3_np1/adaptive/A10_S7	PASS	PASS	0	20733e0e17025d2c73f73a666c5b62f92c105ca98114231020130b77f5730d5d	186bf506e23a14c329abe41417350c4a9ae7fcfe281737ec8299bb4cc35078ad		0	1		/eos/user/c/cglenn/FCCWork/whizard/whizard_ttbar_spinpol/production/full6f_365gev_ee_ttbar_spinpol_v1/phase11_diagnostics/excess_weight_rootcause_v1/unrestricted_stability_scan_480_v1/20260816T202848Z_unrestricted_A15xS8xF3_np1/adaptive/A10_S7/console.log	1
C_A10_S7_F0	fixed	A10_S7_F0	A10_S7	A10	F0	S7	1552803368	239117595	"1:1000000:""gw"""	"3:200000:"""""	/eos/user/c/cglenn/FCCWork/whizard/whizard_ttbar_spinpol/production/full6f_365gev_ee_ttbar_spinpol_v1/phase11_diagnostics/excess_weight_rootcause_v1/unrestricted_stability_scan_480_v1/20260816T202848Z_unrestricted_A15xS8xF3_np1/fixed/A10_S7/F0	PASS	PASS	0	20733e0e17025d2c73f73a666c5b62f92c105ca98114231020130b77f5730d5d	776bdfc221b5ddabf73c097c8dd94495299ec86a5f50ce87972a4d7156491d38	186bf506e23a14c329abe41417350c4a9ae7fcfe281737ec8299bb4cc35078ad	1	0	1	/eos/user/c/cglenn/FCCWork/whizard/whizard_ttbar_spinpol/production/full6f_365gev_ee_ttbar_spinpol_v1/phase11_diagnostics/excess_weight_rootcause_v1/unrestricted_stability_scan_480_v1/20260816T202848Z_unrestricted_A15xS8xF3_np1/fixed/A10_S7/F0/console.log	1
C_A10_S7_F1	fixed	A10_S7_F1	A10_S7	A10	F1	S7	1552803368	239117595	"1:1000000:""gw"""	"1:600000:"""""	/eos/user/c/cglenn/FCCWork/whizard/whizard_ttbar_spinpol/production/full6f_365gev_ee_ttbar_spinpol_v1/phase11_diagnostics/excess_weight_rootcause_v1/unrestricted_stability_scan_480_v1/20260816T202848Z_unrestricted_A15xS8xF3_np1/fixed/A10_S7/F1	PASS	PASS	0	20733e0e17025d2c73f73a666c5b62f92c105ca98114231020130b77f5730d5d	4d37b0ce7dcf72bab5bdd4a1c51a8c9d50d23163dccd49e89f5cd81ae37265ad	186bf506e23a14c329abe41417350c4a9ae7fcfe281737ec8299bb4cc35078ad	1	0	1	/eos/user/c/cglenn/FCCWork/whizard/whizard_ttbar_spinpol/production/full6f_365gev_ee_ttbar_spinpol_v1/phase11_diagnostics/excess_weight_rootcause_v1/unrestricted_stability_scan_480_v1/20260816T202848Z_unrestricted_A15xS8xF3_np1/fixed/A10_S7/F1/console.log	1
C_A10_S7_F2	fixed	A10_S7_F2	A10_S7	A10	F2	S7	1552803368	239117595	"1:1000000:""gw"""	"1:2000000:"""""	/eos/user/c/cglenn/FCCWork/whizard/whizard_ttbar_spinpol/production/full6f_365gev_ee_ttbar_spinpol_v1/phase11_diagnostics/excess_weight_rootcause_v1/unrestricted_stability_scan_480_v1/20260816T202848Z_unrestricted_A15xS8xF3_np1/fixed/A10_S7/F2	PASS	PASS	0	20733e0e17025d2c73f73a666c5b62f92c105ca98114231020130b77f5730d5d	c54b7fa1fe410d799f119f3fe1f46507058ff6b00dfeda0dc98221ef1d70bddf	186bf506e23a14c329abe41417350c4a9ae7fcfe281737ec8299bb4cc35078ad	1	0	1	/eos/user/c/cglenn/FCCWork/whizard/whizard_ttbar_spinpol/production/full6f_365gev_ee_ttbar_spinpol_v1/phase11_diagnostics/excess_weight_rootcause_v1/unrestricted_stability_scan_480_v1/20260816T202848Z_unrestricted_A15xS8xF3_np1/fixed/A10_S7/F2/console.log	1
P_A11_S0	adaptive	A11_S0		A11		S0	1740114216	648318690	"1:100000:""gw"",1:300000:""gw"",1:600000:""gw"""		/eos/user/c/cglenn/FCCWork/whizard/whizard_ttbar_spinpol/production/full6f_365gev_ee_ttbar_spinpol_v1/phase11_diagnostics/excess_weight_rootcause_v1/unrestricted_stability_scan_480_v1/20260816T202848Z_unrestricted_A15xS8xF3_np1/adaptive/A11_S0	PASS	PASS	0	20733e0e17025d2c73f73a666c5b62f92c105ca98114231020130b77f5730d5d	cf509e6d9fccc07b8e95afaca9ed00776d6ceda8407cf6525744cf96ee6dc1c8		0	1		/eos/user/c/cglenn/FCCWork/whizard/whizard_ttbar_spinpol/production/full6f_365gev_ee_ttbar_spinpol_v1/phase11_diagnostics/excess_weight_rootcause_v1/unrestricted_stability_scan_480_v1/20260816T202848Z_unrestricted_A15xS8xF3_np1/adaptive/A11_S0/console.log	1
C_A11_S0_F0	fixed	A11_S0_F0	A11_S0	A11	F0	S0	1740114216	648318690	"1:100000:""gw"",1:300000:""gw"",1:600000:""gw"""	"3:200000:"""""	/eos/user/c/cglenn/FCCWork/whizard/whizard_ttbar_spinpol/production/full6f_365gev_ee_ttbar_spinpol_v1/phase11_diagnostics/excess_weight_rootcause_v1/unrestricted_stability_scan_480_v1/20260816T202848Z_unrestricted_A15xS8xF3_np1/fixed/A11_S0/F0	PASS	PASS	0	20733e0e17025d2c73f73a666c5b62f92c105ca98114231020130b77f5730d5d	f112ca2623741d90b42e8f762f8aa4b82b6ecebade4e06e176ea76892a7e840c	cf509e6d9fccc07b8e95afaca9ed00776d6ceda8407cf6525744cf96ee6dc1c8	3	0	1	/eos/user/c/cglenn/FCCWork/whizard/whizard_ttbar_spinpol/production/full6f_365gev_ee_ttbar_spinpol_v1/phase11_diagnostics/excess_weight_rootcause_v1/unrestricted_stability_scan_480_v1/20260816T202848Z_unrestricted_A15xS8xF3_np1/fixed/A11_S0/F0/console.log	1
C_A11_S0_F1	fixed	A11_S0_F1	A11_S0	A11	F1	S0	1740114216	648318690	"1:100000:""gw"",1:300000:""gw"",1:600000:""gw"""	"1:600000:"""""	/eos/user/c/cglenn/FCCWork/whizard/whizard_ttbar_spinpol/production/full6f_365gev_ee_ttbar_spinpol_v1/phase11_diagnostics/excess_weight_rootcause_v1/unrestricted_stability_scan_480_v1/20260816T202848Z_unrestricted_A15xS8xF3_np1/fixed/A11_S0/F1	PASS	PASS	0	20733e0e17025d2c73f73a666c5b62f92c105ca98114231020130b77f5730d5d	3a905107f6f608f0726cfe00e8e213d624ee97c1de6166ce368e221cff9cdef3	cf509e6d9fccc07b8e95afaca9ed00776d6ceda8407cf6525744cf96ee6dc1c8	3	0	1	/eos/user/c/cglenn/FCCWork/whizard/whizard_ttbar_spinpol/production/full6f_365gev_ee_ttbar_spinpol_v1/phase11_diagnostics/excess_weight_rootcause_v1/unrestricted_stability_scan_480_v1/20260816T202848Z_unrestricted_A15xS8xF3_np1/fixed/A11_S0/F1/console.log	1
C_A11_S0_F2	fixed	A11_S0_F2	A11_S0	A11	F2	S0	1740114216	648318690	"1:100000:""gw"",1:300000:""gw"",1:600000:""gw"""	"1:2000000:"""""	/eos/user/c/cglenn/FCCWork/whizard/whizard_ttbar_spinpol/production/full6f_365gev_ee_ttbar_spinpol_v1/phase11_diagnostics/excess_weight_rootcause_v1/unrestricted_stability_scan_480_v1/20260816T202848Z_unrestricted_A15xS8xF3_np1/fixed/A11_S0/F2	PASS	PASS	0	20733e0e17025d2c73f73a666c5b62f92c105ca98114231020130b77f5730d5d	46eabe65daf9516d8452c662dc9f8b8b65a6064be6f2fdcc371d190fc2fd241b	cf509e6d9fccc07b8e95afaca9ed00776d6ceda8407cf6525744cf96ee6dc1c8	3	0	1	/eos/user/c/cglenn/FCCWork/whizard/whizard_ttbar_spinpol/production/full6f_365gev_ee_ttbar_spinpol_v1/phase11_diagnostics/excess_weight_rootcause_v1/unrestricted_stability_scan_480_v1/20260816T202848Z_unrestricted_A15xS8xF3_np1/fixed/A11_S0/F2/console.log	1
P_A11_S1	adaptive	A11_S1		A11		S1	1751949026	1404282457	"1:100000:""gw"",1:300000:""gw"",1:600000:""gw"""		/eos/user/c/cglenn/FCCWork/whizard/whizard_ttbar_spinpol/production/full6f_365gev_ee_ttbar_spinpol_v1/phase11_diagnostics/excess_weight_rootcause_v1/unrestricted_stability_scan_480_v1/20260816T202848Z_unrestricted_A15xS8xF3_np1/adaptive/A11_S1	PASS	PASS	0	20733e0e17025d2c73f73a666c5b62f92c105ca98114231020130b77f5730d5d	06e7fb84497d0299802ccde02884eb8584ffa07c927f299ddb9360fd9063c537		0	1		/eos/user/c/cglenn/FCCWork/whizard/whizard_ttbar_spinpol/production/full6f_365gev_ee_ttbar_spinpol_v1/phase11_diagnostics/excess_weight_rootcause_v1/unrestricted_stability_scan_480_v1/20260816T202848Z_unrestricted_A15xS8xF3_np1/adaptive/A11_S1/console.log	1
C_A11_S1_F0	fixed	A11_S1_F0	A11_S1	A11	F0	S1	1751949026	1404282457	"1:100000:""gw"",1:300000:""gw"",1:600000:""gw"""	"3:200000:"""""	/eos/user/c/cglenn/FCCWork/whizard/whizard_ttbar_spinpol/production/full6f_365gev_ee_ttbar_spinpol_v1/phase11_diagnostics/excess_weight_rootcause_v1/unrestricted_stability_scan_480_v1/20260816T202848Z_unrestricted_A15xS8xF3_np1/fixed/A11_S1/F0	PASS	PASS	0	20733e0e17025d2c73f73a666c5b62f92c105ca98114231020130b77f5730d5d	e459f0ffc17752bdac3a3df1e0c01a2ac4d9e77c43dc53155eaa096be31172d6	06e7fb84497d0299802ccde02884eb8584ffa07c927f299ddb9360fd9063c537	3	0	1	/eos/user/c/cglenn/FCCWork/whizard/whizard_ttbar_spinpol/production/full6f_365gev_ee_ttbar_spinpol_v1/phase11_diagnostics/excess_weight_rootcause_v1/unrestricted_stability_scan_480_v1/20260816T202848Z_unrestricted_A15xS8xF3_np1/fixed/A11_S1/F0/console.log	1
C_A11_S1_F1	fixed	A11_S1_F1	A11_S1	A11	F1	S1	1751949026	1404282457	"1:100000:""gw"",1:300000:""gw"",1:600000:""gw"""	"1:600000:"""""	/eos/user/c/cglenn/FCCWork/whizard/whizard_ttbar_spinpol/production/full6f_365gev_ee_ttbar_spinpol_v1/phase11_diagnostics/excess_weight_rootcause_v1/unrestricted_stability_scan_480_v1/20260816T202848Z_unrestricted_A15xS8xF3_np1/fixed/A11_S1/F1	PASS	PASS	0	20733e0e17025d2c73f73a666c5b62f92c105ca98114231020130b77f5730d5d	f6927c9741b4f7f49df8e486903184190dfdee80bc5e331435576644fe8a4e86	06e7fb84497d0299802ccde02884eb8584ffa07c927f299ddb9360fd9063c537	3	0	1	/eos/user/c/cglenn/FCCWork/whizard/whizard_ttbar_spinpol/production/full6f_365gev_ee_ttbar_spinpol_v1/phase11_diagnostics/excess_weight_rootcause_v1/unrestricted_stability_scan_480_v1/20260816T202848Z_unrestricted_A15xS8xF3_np1/fixed/A11_S1/F1/console.log	1
C_A11_S1_F2	fixed	A11_S1_F2	A11_S1	A11	F2	S1	1751949026	1404282457	"1:100000:""gw"",1:300000:""gw"",1:600000:""gw"""	"1:2000000:"""""	/eos/user/c/cglenn/FCCWork/whizard/whizard_ttbar_spinpol/production/full6f_365gev_ee_ttbar_spinpol_v1/phase11_diagnostics/excess_weight_rootcause_v1/unrestricted_stability_scan_480_v1/20260816T202848Z_unrestricted_A15xS8xF3_np1/fixed/A11_S1/F2	PASS	PASS	0	20733e0e17025d2c73f73a666c5b62f92c105ca98114231020130b77f5730d5d	3022ea9fcf622490e346671fa1f1e11253b7741783c4b2c2c5a443f6bc6d78ca	06e7fb84497d0299802ccde02884eb8584ffa07c927f299ddb9360fd9063c537	3	0	1	/eos/user/c/cglenn/FCCWork/whizard/whizard_ttbar_spinpol/production/full6f_365gev_ee_ttbar_spinpol_v1/phase11_diagnostics/excess_weight_rootcause_v1/unrestricted_stability_scan_480_v1/20260816T202848Z_unrestricted_A15xS8xF3_np1/fixed/A11_S1/F2/console.log	1
P_A11_S2	adaptive	A11_S2		A11		S2	1885084773	1596606550	"1:100000:""gw"",1:300000:""gw"",1:600000:""gw"""		/eos/user/c/cglenn/FCCWork/whizard/whizard_ttbar_spinpol/production/full6f_365gev_ee_ttbar_spinpol_v1/phase11_diagnostics/excess_weight_rootcause_v1/unrestricted_stability_scan_480_v1/20260816T202848Z_unrestricted_A15xS8xF3_np1/adaptive/A11_S2	PASS	PASS	0	20733e0e17025d2c73f73a666c5b62f92c105ca98114231020130b77f5730d5d	8dc4d5c75c843732d494947ca66d68e68aa8e2dfe1c8db659dbba4e352bce3eb		0	1		/eos/user/c/cglenn/FCCWork/whizard/whizard_ttbar_spinpol/production/full6f_365gev_ee_ttbar_spinpol_v1/phase11_diagnostics/excess_weight_rootcause_v1/unrestricted_stability_scan_480_v1/20260816T202848Z_unrestricted_A15xS8xF3_np1/adaptive/A11_S2/console.log	1
C_A11_S2_F0	fixed	A11_S2_F0	A11_S2	A11	F0	S2	1885084773	1596606550	"1:100000:""gw"",1:300000:""gw"",1:600000:""gw"""	"3:200000:"""""	/eos/user/c/cglenn/FCCWork/whizard/whizard_ttbar_spinpol/production/full6f_365gev_ee_ttbar_spinpol_v1/phase11_diagnostics/excess_weight_rootcause_v1/unrestricted_stability_scan_480_v1/20260816T202848Z_unrestricted_A15xS8xF3_np1/fixed/A11_S2/F0	PASS	PASS	0	20733e0e17025d2c73f73a666c5b62f92c105ca98114231020130b77f5730d5d	0d983217adc9ebd1dd7ace85012d992b20d3ce6fa29ad2cbcffe7602a029014a	8dc4d5c75c843732d494947ca66d68e68aa8e2dfe1c8db659dbba4e352bce3eb	3	0	1	/eos/user/c/cglenn/FCCWork/whizard/whizard_ttbar_spinpol/production/full6f_365gev_ee_ttbar_spinpol_v1/phase11_diagnostics/excess_weight_rootcause_v1/unrestricted_stability_scan_480_v1/20260816T202848Z_unrestricted_A15xS8xF3_np1/fixed/A11_S2/F0/console.log	1
C_A11_S2_F1	fixed	A11_S2_F1	A11_S2	A11	F1	S2	1885084773	1596606550	"1:100000:""gw"",1:300000:""gw"",1:600000:""gw"""	"1:600000:"""""	/eos/user/c/cglenn/FCCWork/whizard/whizard_ttbar_spinpol/production/full6f_365gev_ee_ttbar_spinpol_v1/phase11_diagnostics/excess_weight_rootcause_v1/unrestricted_stability_scan_480_v1/20260816T202848Z_unrestricted_A15xS8xF3_np1/fixed/A11_S2/F1	PASS	PASS	0	20733e0e17025d2c73f73a666c5b62f92c105ca98114231020130b77f5730d5d	a6d6f380c627b3435078ed34b8065e3891e4f703c90f291ce23ca9a122492441	8dc4d5c75c843732d494947ca66d68e68aa8e2dfe1c8db659dbba4e352bce3eb	3	0	1	/eos/user/c/cglenn/FCCWork/whizard/whizard_ttbar_spinpol/production/full6f_365gev_ee_ttbar_spinpol_v1/phase11_diagnostics/excess_weight_rootcause_v1/unrestricted_stability_scan_480_v1/20260816T202848Z_unrestricted_A15xS8xF3_np1/fixed/A11_S2/F1/console.log	1
C_A11_S2_F2	fixed	A11_S2_F2	A11_S2	A11	F2	S2	1885084773	1596606550	"1:100000:""gw"",1:300000:""gw"",1:600000:""gw"""	"1:2000000:"""""	/eos/user/c/cglenn/FCCWork/whizard/whizard_ttbar_spinpol/production/full6f_365gev_ee_ttbar_spinpol_v1/phase11_diagnostics/excess_weight_rootcause_v1/unrestricted_stability_scan_480_v1/20260816T202848Z_unrestricted_A15xS8xF3_np1/fixed/A11_S2/F2	PASS	PASS	0	20733e0e17025d2c73f73a666c5b62f92c105ca98114231020130b77f5730d5d	99962551b266525ab9227b945b13e834c1df761450710224fb8391d44a04cbca	8dc4d5c75c843732d494947ca66d68e68aa8e2dfe1c8db659dbba4e352bce3eb	3	0	1	/eos/user/c/cglenn/FCCWork/whizard/whizard_ttbar_spinpol/production/full6f_365gev_ee_ttbar_spinpol_v1/phase11_diagnostics/excess_weight_rootcause_v1/unrestricted_stability_scan_480_v1/20260816T202848Z_unrestricted_A15xS8xF3_np1/fixed/A11_S2/F2/console.log	1
P_A11_S3	adaptive	A11_S3		A11		S3	134326786	769890491	"1:100000:""gw"",1:300000:""gw"",1:600000:""gw"""		/eos/user/c/cglenn/FCCWork/whizard/whizard_ttbar_spinpol/production/full6f_365gev_ee_ttbar_spinpol_v1/phase11_diagnostics/excess_weight_rootcause_v1/unrestricted_stability_scan_480_v1/20260816T202848Z_unrestricted_A15xS8xF3_np1/adaptive/A11_S3	PASS	PASS	0	20733e0e17025d2c73f73a666c5b62f92c105ca98114231020130b77f5730d5d	ee0c8cba51e94a18afa382cf3a070c2e3d63cfd968b48f74ac1b5e52aa5d73f5		0	1		/eos/user/c/cglenn/FCCWork/whizard/whizard_ttbar_spinpol/production/full6f_365gev_ee_ttbar_spinpol_v1/phase11_diagnostics/excess_weight_rootcause_v1/unrestricted_stability_scan_480_v1/20260816T202848Z_unrestricted_A15xS8xF3_np1/adaptive/A11_S3/console.log	1
C_A11_S3_F0	fixed	A11_S3_F0	A11_S3	A11	F0	S3	134326786	769890491	"1:100000:""gw"",1:300000:""gw"",1:600000:""gw"""	"3:200000:"""""	/eos/user/c/cglenn/FCCWork/whizard/whizard_ttbar_spinpol/production/full6f_365gev_ee_ttbar_spinpol_v1/phase11_diagnostics/excess_weight_rootcause_v1/unrestricted_stability_scan_480_v1/20260816T202848Z_unrestricted_A15xS8xF3_np1/fixed/A11_S3/F0	PASS	PASS	0	20733e0e17025d2c73f73a666c5b62f92c105ca98114231020130b77f5730d5d	911bfb7cac968b11a6ee1dfaffb400ffe1fad535c731d990e3dc1b5da82bc83a	ee0c8cba51e94a18afa382cf3a070c2e3d63cfd968b48f74ac1b5e52aa5d73f5	3	0	1	/eos/user/c/cglenn/FCCWork/whizard/whizard_ttbar_spinpol/production/full6f_365gev_ee_ttbar_spinpol_v1/phase11_diagnostics/excess_weight_rootcause_v1/unrestricted_stability_scan_480_v1/20260816T202848Z_unrestricted_A15xS8xF3_np1/fixed/A11_S3/F0/console.log	1
C_A11_S3_F1	fixed	A11_S3_F1	A11_S3	A11	F1	S3	134326786	769890491	"1:100000:""gw"",1:300000:""gw"",1:600000:""gw"""	"1:600000:"""""	/eos/user/c/cglenn/FCCWork/whizard/whizard_ttbar_spinpol/production/full6f_365gev_ee_ttbar_spinpol_v1/phase11_diagnostics/excess_weight_rootcause_v1/unrestricted_stability_scan_480_v1/20260816T202848Z_unrestricted_A15xS8xF3_np1/fixed/A11_S3/F1	PASS	PASS	0	20733e0e17025d2c73f73a666c5b62f92c105ca98114231020130b77f5730d5d	b3a6f1fb96120af15ae88be29322d84c004dfb44acd6340a405897c7656e5e63	ee0c8cba51e94a18afa382cf3a070c2e3d63cfd968b48f74ac1b5e52aa5d73f5	3	0	1	/eos/user/c/cglenn/FCCWork/whizard/whizard_ttbar_spinpol/production/full6f_365gev_ee_ttbar_spinpol_v1/phase11_diagnostics/excess_weight_rootcause_v1/unrestricted_stability_scan_480_v1/20260816T202848Z_unrestricted_A15xS8xF3_np1/fixed/A11_S3/F1/console.log	1
C_A11_S3_F2	fixed	A11_S3_F2	A11_S3	A11	F2	S3	134326786	769890491	"1:100000:""gw"",1:300000:""gw"",1:600000:""gw"""	"1:2000000:"""""	/eos/user/c/cglenn/FCCWork/whizard/whizard_ttbar_spinpol/production/full6f_365gev_ee_ttbar_spinpol_v1/phase11_diagnostics/excess_weight_rootcause_v1/unrestricted_stability_scan_480_v1/20260816T202848Z_unrestricted_A15xS8xF3_np1/fixed/A11_S3/F2	PASS	PASS	0	20733e0e17025d2c73f73a666c5b62f92c105ca98114231020130b77f5730d5d	8576a276096cbd4a585bdd03e6dead9627b8c4fd6d44be1860d8b7f56be2c6b5	ee0c8cba51e94a18afa382cf3a070c2e3d63cfd968b48f74ac1b5e52aa5d73f5	3	0	1	/eos/user/c/cglenn/FCCWork/whizard/whizard_ttbar_spinpol/production/full6f_365gev_ee_ttbar_spinpol_v1/phase11_diagnostics/excess_weight_rootcause_v1/unrestricted_stability_scan_480_v1/20260816T202848Z_unrestricted_A15xS8xF3_np1/fixed/A11_S3/F2/console.log	1
P_A11_S4	adaptive	A11_S4		A11		S4	249371675	462903030	"1:100000:""gw"",1:300000:""gw"",1:600000:""gw"""		/eos/user/c/cglenn/FCCWork/whizard/whizard_ttbar_spinpol/production/full6f_365gev_ee_ttbar_spinpol_v1/phase11_diagnostics/excess_weight_rootcause_v1/unrestricted_stability_scan_480_v1/20260816T202848Z_unrestricted_A15xS8xF3_np1/adaptive/A11_S4	PASS	PASS	0	20733e0e17025d2c73f73a666c5b62f92c105ca98114231020130b77f5730d5d	8a417c9fe7e4360c472921f7dffdb3f8cf059d7f8617457783e78049f5c8610f		0	1		/eos/user/c/cglenn/FCCWork/whizard/whizard_ttbar_spinpol/production/full6f_365gev_ee_ttbar_spinpol_v1/phase11_diagnostics/excess_weight_rootcause_v1/unrestricted_stability_scan_480_v1/20260816T202848Z_unrestricted_A15xS8xF3_np1/adaptive/A11_S4/console.log	1
C_A11_S4_F0	fixed	A11_S4_F0	A11_S4	A11	F0	S4	249371675	462903030	"1:100000:""gw"",1:300000:""gw"",1:600000:""gw"""	"3:200000:"""""	/eos/user/c/cglenn/FCCWork/whizard/whizard_ttbar_spinpol/production/full6f_365gev_ee_ttbar_spinpol_v1/phase11_diagnostics/excess_weight_rootcause_v1/unrestricted_stability_scan_480_v1/20260816T202848Z_unrestricted_A15xS8xF3_np1/fixed/A11_S4/F0	PASS	PASS	0	20733e0e17025d2c73f73a666c5b62f92c105ca98114231020130b77f5730d5d	9a3e2a0d505722831ef2f335f8aaa309bcc9cff3ce41fb604a0a1753e5c7b39c	8a417c9fe7e4360c472921f7dffdb3f8cf059d7f8617457783e78049f5c8610f	3	0	1	/eos/user/c/cglenn/FCCWork/whizard/whizard_ttbar_spinpol/production/full6f_365gev_ee_ttbar_spinpol_v1/phase11_diagnostics/excess_weight_rootcause_v1/unrestricted_stability_scan_480_v1/20260816T202848Z_unrestricted_A15xS8xF3_np1/fixed/A11_S4/F0/console.log	1
C_A11_S4_F1	fixed	A11_S4_F1	A11_S4	A11	F1	S4	249371675	462903030	"1:100000:""gw"",1:300000:""gw"",1:600000:""gw"""	"1:600000:"""""	/eos/user/c/cglenn/FCCWork/whizard/whizard_ttbar_spinpol/production/full6f_365gev_ee_ttbar_spinpol_v1/phase11_diagnostics/excess_weight_rootcause_v1/unrestricted_stability_scan_480_v1/20260816T202848Z_unrestricted_A15xS8xF3_np1/fixed/A11_S4/F1	PASS	PASS	0	20733e0e17025d2c73f73a666c5b62f92c105ca98114231020130b77f5730d5d	1c98936ed150ea3f3440933e3d3682cfc339bf977dc3adf7a4e1db884f0116de	8a417c9fe7e4360c472921f7dffdb3f8cf059d7f8617457783e78049f5c8610f	3	0	1	/eos/user/c/cglenn/FCCWork/whizard/whizard_ttbar_spinpol/production/full6f_365gev_ee_ttbar_spinpol_v1/phase11_diagnostics/excess_weight_rootcause_v1/unrestricted_stability_scan_480_v1/20260816T202848Z_unrestricted_A15xS8xF3_np1/fixed/A11_S4/F1/console.log	1
C_A11_S4_F2	fixed	A11_S4_F2	A11_S4	A11	F2	S4	249371675	462903030	"1:100000:""gw"",1:300000:""gw"",1:600000:""gw"""	"1:2000000:"""""	/eos/user/c/cglenn/FCCWork/whizard/whizard_ttbar_spinpol/production/full6f_365gev_ee_ttbar_spinpol_v1/phase11_diagnostics/excess_weight_rootcause_v1/unrestricted_stability_scan_480_v1/20260816T202848Z_unrestricted_A15xS8xF3_np1/fixed/A11_S4/F2	PASS	PASS	0	20733e0e17025d2c73f73a666c5b62f92c105ca98114231020130b77f5730d5d	f0a8e4ff8bc885e8afe6d6e79306e35ee9344de70d99bbaf4c6e37c904f10b96	8a417c9fe7e4360c472921f7dffdb3f8cf059d7f8617457783e78049f5c8610f	3	0	1	/eos/user/c/cglenn/FCCWork/whizard/whizard_ttbar_spinpol/production/full6f_365gev_ee_ttbar_spinpol_v1/phase11_diagnostics/excess_weight_rootcause_v1/unrestricted_stability_scan_480_v1/20260816T202848Z_unrestricted_A15xS8xF3_np1/fixed/A11_S4/F2/console.log	1
P_A11_S5	adaptive	A11_S5		A11		S5	531087687	197846737	"1:100000:""gw"",1:300000:""gw"",1:600000:""gw"""		/eos/user/c/cglenn/FCCWork/whizard/whizard_ttbar_spinpol/production/full6f_365gev_ee_ttbar_spinpol_v1/phase11_diagnostics/excess_weight_rootcause_v1/unrestricted_stability_scan_480_v1/20260816T202848Z_unrestricted_A15xS8xF3_np1/adaptive/A11_S5	PASS	PASS	0	20733e0e17025d2c73f73a666c5b62f92c105ca98114231020130b77f5730d5d	db6fdd9af9347504f2cc28c57247322d6eb10f845b895496d6a44a0f28f2355f		0	1		/eos/user/c/cglenn/FCCWork/whizard/whizard_ttbar_spinpol/production/full6f_365gev_ee_ttbar_spinpol_v1/phase11_diagnostics/excess_weight_rootcause_v1/unrestricted_stability_scan_480_v1/20260816T202848Z_unrestricted_A15xS8xF3_np1/adaptive/A11_S5/console.log	1
C_A11_S5_F0	fixed	A11_S5_F0	A11_S5	A11	F0	S5	531087687	197846737	"1:100000:""gw"",1:300000:""gw"",1:600000:""gw"""	"3:200000:"""""	/eos/user/c/cglenn/FCCWork/whizard/whizard_ttbar_spinpol/production/full6f_365gev_ee_ttbar_spinpol_v1/phase11_diagnostics/excess_weight_rootcause_v1/unrestricted_stability_scan_480_v1/20260816T202848Z_unrestricted_A15xS8xF3_np1/fixed/A11_S5/F0	PASS	PASS	0	20733e0e17025d2c73f73a666c5b62f92c105ca98114231020130b77f5730d5d	541e63dbfd9ae3da2bd1bcdc0eb6407f39444d7224c642ddc631a1a7e228cfb2	db6fdd9af9347504f2cc28c57247322d6eb10f845b895496d6a44a0f28f2355f	3	0	1	/eos/user/c/cglenn/FCCWork/whizard/whizard_ttbar_spinpol/production/full6f_365gev_ee_ttbar_spinpol_v1/phase11_diagnostics/excess_weight_rootcause_v1/unrestricted_stability_scan_480_v1/20260816T202848Z_unrestricted_A15xS8xF3_np1/fixed/A11_S5/F0/console.log	1
C_A11_S5_F1	fixed	A11_S5_F1	A11_S5	A11	F1	S5	531087687	197846737	"1:100000:""gw"",1:300000:""gw"",1:600000:""gw"""	"1:600000:"""""	/eos/user/c/cglenn/FCCWork/whizard/whizard_ttbar_spinpol/production/full6f_365gev_ee_ttbar_spinpol_v1/phase11_diagnostics/excess_weight_rootcause_v1/unrestricted_stability_scan_480_v1/20260816T202848Z_unrestricted_A15xS8xF3_np1/fixed/A11_S5/F1	PASS	PASS	0	20733e0e17025d2c73f73a666c5b62f92c105ca98114231020130b77f5730d5d	db78f7c314ddfe2f09db5a0920fa573412b15dd6e31afc627c37c1343539ae36	db6fdd9af9347504f2cc28c57247322d6eb10f845b895496d6a44a0f28f2355f	3	0	1	/eos/user/c/cglenn/FCCWork/whizard/whizard_ttbar_spinpol/production/full6f_365gev_ee_ttbar_spinpol_v1/phase11_diagnostics/excess_weight_rootcause_v1/unrestricted_stability_scan_480_v1/20260816T202848Z_unrestricted_A15xS8xF3_np1/fixed/A11_S5/F1/console.log	1
C_A11_S5_F2	fixed	A11_S5_F2	A11_S5	A11	F2	S5	531087687	197846737	"1:100000:""gw"",1:300000:""gw"",1:600000:""gw"""	"1:2000000:"""""	/eos/user/c/cglenn/FCCWork/whizard/whizard_ttbar_spinpol/production/full6f_365gev_ee_ttbar_spinpol_v1/phase11_diagnostics/excess_weight_rootcause_v1/unrestricted_stability_scan_480_v1/20260816T202848Z_unrestricted_A15xS8xF3_np1/fixed/A11_S5/F2	PASS	PASS	0	20733e0e17025d2c73f73a666c5b62f92c105ca98114231020130b77f5730d5d	8df3fe1d1f5f22c25f86430ef675d178e3de090815f22bab32735ecb8f422f03	db6fdd9af9347504f2cc28c57247322d6eb10f845b895496d6a44a0f28f2355f	3	0	1	/eos/user/c/cglenn/FCCWork/whizard/whizard_ttbar_spinpol/production/full6f_365gev_ee_ttbar_spinpol_v1/phase11_diagnostics/excess_weight_rootcause_v1/unrestricted_stability_scan_480_v1/20260816T202848Z_unrestricted_A15xS8xF3_np1/fixed/A11_S5/F2/console.log	1
P_A11_S6	adaptive	A11_S6		A11		S6	519963689	958460417	"1:100000:""gw"",1:300000:""gw"",1:600000:""gw"""		/eos/user/c/cglenn/FCCWork/whizard/whizard_ttbar_spinpol/production/full6f_365gev_ee_ttbar_spinpol_v1/phase11_diagnostics/excess_weight_rootcause_v1/unrestricted_stability_scan_480_v1/20260816T202848Z_unrestricted_A15xS8xF3_np1/adaptive/A11_S6	PASS	PASS	0	20733e0e17025d2c73f73a666c5b62f92c105ca98114231020130b77f5730d5d	a264bac46ca00618542bbcc9c041c8d7d86552a917f7ee9bae7c653e1f1263f6		0	1		/eos/user/c/cglenn/FCCWork/whizard/whizard_ttbar_spinpol/production/full6f_365gev_ee_ttbar_spinpol_v1/phase11_diagnostics/excess_weight_rootcause_v1/unrestricted_stability_scan_480_v1/20260816T202848Z_unrestricted_A15xS8xF3_np1/adaptive/A11_S6/console.log	1
C_A11_S6_F0	fixed	A11_S6_F0	A11_S6	A11	F0	S6	519963689	958460417	"1:100000:""gw"",1:300000:""gw"",1:600000:""gw"""	"3:200000:"""""	/eos/user/c/cglenn/FCCWork/whizard/whizard_ttbar_spinpol/production/full6f_365gev_ee_ttbar_spinpol_v1/phase11_diagnostics/excess_weight_rootcause_v1/unrestricted_stability_scan_480_v1/20260816T202848Z_unrestricted_A15xS8xF3_np1/fixed/A11_S6/F0	PASS	PASS	0	20733e0e17025d2c73f73a666c5b62f92c105ca98114231020130b77f5730d5d	4708139e15622e474601b203a19370eff107b2d0d3be6d52560bc5f4c8d557e8	a264bac46ca00618542bbcc9c041c8d7d86552a917f7ee9bae7c653e1f1263f6	3	0	1	/eos/user/c/cglenn/FCCWork/whizard/whizard_ttbar_spinpol/production/full6f_365gev_ee_ttbar_spinpol_v1/phase11_diagnostics/excess_weight_rootcause_v1/unrestricted_stability_scan_480_v1/20260816T202848Z_unrestricted_A15xS8xF3_np1/fixed/A11_S6/F0/console.log	1
C_A11_S6_F1	fixed	A11_S6_F1	A11_S6	A11	F1	S6	519963689	958460417	"1:100000:""gw"",1:300000:""gw"",1:600000:""gw"""	"1:600000:"""""	/eos/user/c/cglenn/FCCWork/whizard/whizard_ttbar_spinpol/production/full6f_365gev_ee_ttbar_spinpol_v1/phase11_diagnostics/excess_weight_rootcause_v1/unrestricted_stability_scan_480_v1/20260816T202848Z_unrestricted_A15xS8xF3_np1/fixed/A11_S6/F1	PASS	PASS	0	20733e0e17025d2c73f73a666c5b62f92c105ca98114231020130b77f5730d5d	6733ce359133df682d58ed6e781a3ddd9447ef936a9c88448820665cc3c7714a	a264bac46ca00618542bbcc9c041c8d7d86552a917f7ee9bae7c653e1f1263f6	3	0	1	/eos/user/c/cglenn/FCCWork/whizard/whizard_ttbar_spinpol/production/full6f_365gev_ee_ttbar_spinpol_v1/phase11_diagnostics/excess_weight_rootcause_v1/unrestricted_stability_scan_480_v1/20260816T202848Z_unrestricted_A15xS8xF3_np1/fixed/A11_S6/F1/console.log	1
C_A11_S6_F2	fixed	A11_S6_F2	A11_S6	A11	F2	S6	519963689	958460417	"1:100000:""gw"",1:300000:""gw"",1:600000:""gw"""	"1:2000000:"""""	/eos/user/c/cglenn/FCCWork/whizard/whizard_ttbar_spinpol/production/full6f_365gev_ee_ttbar_spinpol_v1/phase11_diagnostics/excess_weight_rootcause_v1/unrestricted_stability_scan_480_v1/20260816T202848Z_unrestricted_A15xS8xF3_np1/fixed/A11_S6/F2	PASS	PASS	0	20733e0e17025d2c73f73a666c5b62f92c105ca98114231020130b77f5730d5d	954035b8d6f452aa919e3532e0f8fd28b377dbcbc4f3a5f356fdb09f2e6ee588	a264bac46ca00618542bbcc9c041c8d7d86552a917f7ee9bae7c653e1f1263f6	3	0	1	/eos/user/c/cglenn/FCCWork/whizard/whizard_ttbar_spinpol/production/full6f_365gev_ee_ttbar_spinpol_v1/phase11_diagnostics/excess_weight_rootcause_v1/unrestricted_stability_scan_480_v1/20260816T202848Z_unrestricted_A15xS8xF3_np1/fixed/A11_S6/F2/console.log	1
P_A11_S7	adaptive	A11_S7		A11		S7	1552803368	239117595	"1:100000:""gw"",1:300000:""gw"",1:600000:""gw"""		/eos/user/c/cglenn/FCCWork/whizard/whizard_ttbar_spinpol/production/full6f_365gev_ee_ttbar_spinpol_v1/phase11_diagnostics/excess_weight_rootcause_v1/unrestricted_stability_scan_480_v1/20260816T202848Z_unrestricted_A15xS8xF3_np1/adaptive/A11_S7	PASS	PASS	0	20733e0e17025d2c73f73a666c5b62f92c105ca98114231020130b77f5730d5d	5a66d5dff02e6973d4217315b11d50e0cf93164fde6967b8cf9b208d24b33a2b		0	1		/eos/user/c/cglenn/FCCWork/whizard/whizard_ttbar_spinpol/production/full6f_365gev_ee_ttbar_spinpol_v1/phase11_diagnostics/excess_weight_rootcause_v1/unrestricted_stability_scan_480_v1/20260816T202848Z_unrestricted_A15xS8xF3_np1/adaptive/A11_S7/console.log	1
C_A11_S7_F0	fixed	A11_S7_F0	A11_S7	A11	F0	S7	1552803368	239117595	"1:100000:""gw"",1:300000:""gw"",1:600000:""gw"""	"3:200000:"""""	/eos/user/c/cglenn/FCCWork/whizard/whizard_ttbar_spinpol/production/full6f_365gev_ee_ttbar_spinpol_v1/phase11_diagnostics/excess_weight_rootcause_v1/unrestricted_stability_scan_480_v1/20260816T202848Z_unrestricted_A15xS8xF3_np1/fixed/A11_S7/F0	PASS	PASS	0	20733e0e17025d2c73f73a666c5b62f92c105ca98114231020130b77f5730d5d	cf3480f75c965323f26fe4655638a10508636ee71f8c566a5aac7c725e1101bc	5a66d5dff02e6973d4217315b11d50e0cf93164fde6967b8cf9b208d24b33a2b	3	0	1	/eos/user/c/cglenn/FCCWork/whizard/whizard_ttbar_spinpol/production/full6f_365gev_ee_ttbar_spinpol_v1/phase11_diagnostics/excess_weight_rootcause_v1/unrestricted_stability_scan_480_v1/20260816T202848Z_unrestricted_A15xS8xF3_np1/fixed/A11_S7/F0/console.log	1
C_A11_S7_F1	fixed	A11_S7_F1	A11_S7	A11	F1	S7	1552803368	239117595	"1:100000:""gw"",1:300000:""gw"",1:600000:""gw"""	"1:600000:"""""	/eos/user/c/cglenn/FCCWork/whizard/whizard_ttbar_spinpol/production/full6f_365gev_ee_ttbar_spinpol_v1/phase11_diagnostics/excess_weight_rootcause_v1/unrestricted_stability_scan_480_v1/20260816T202848Z_unrestricted_A15xS8xF3_np1/fixed/A11_S7/F1	PASS	PASS	0	20733e0e17025d2c73f73a666c5b62f92c105ca98114231020130b77f5730d5d	5b35d35d0a2468f3cd96abf13acf340efd184505ef59fb0c1e031c130ecfef25	5a66d5dff02e6973d4217315b11d50e0cf93164fde6967b8cf9b208d24b33a2b	3	0	1	/eos/user/c/cglenn/FCCWork/whizard/whizard_ttbar_spinpol/production/full6f_365gev_ee_ttbar_spinpol_v1/phase11_diagnostics/excess_weight_rootcause_v1/unrestricted_stability_scan_480_v1/20260816T202848Z_unrestricted_A15xS8xF3_np1/fixed/A11_S7/F1/console.log	1
C_A11_S7_F2	fixed	A11_S7_F2	A11_S7	A11	F2	S7	1552803368	239117595	"1:100000:""gw"",1:300000:""gw"",1:600000:""gw"""	"1:2000000:"""""	/eos/user/c/cglenn/FCCWork/whizard/whizard_ttbar_spinpol/production/full6f_365gev_ee_ttbar_spinpol_v1/phase11_diagnostics/excess_weight_rootcause_v1/unrestricted_stability_scan_480_v1/20260816T202848Z_unrestricted_A15xS8xF3_np1/fixed/A11_S7/F2	PASS	PASS	0	20733e0e17025d2c73f73a666c5b62f92c105ca98114231020130b77f5730d5d	fcbe6eb291ee16d05dab1c3480532a5bb236fca6ee68fd2e80695dab5eb6d6c2	5a66d5dff02e6973d4217315b11d50e0cf93164fde6967b8cf9b208d24b33a2b	3	0	1	/eos/user/c/cglenn/FCCWork/whizard/whizard_ttbar_spinpol/production/full6f_365gev_ee_ttbar_spinpol_v1/phase11_diagnostics/excess_weight_rootcause_v1/unrestricted_stability_scan_480_v1/20260816T202848Z_unrestricted_A15xS8xF3_np1/fixed/A11_S7/F2/console.log	1
P_A12_S0	adaptive	A12_S0		A12		S0	1740114216	648318690	"1:250000:""gw"",1:500000:""gw"",1:1000000:""gw"""		/eos/user/c/cglenn/FCCWork/whizard/whizard_ttbar_spinpol/production/full6f_365gev_ee_ttbar_spinpol_v1/phase11_diagnostics/excess_weight_rootcause_v1/unrestricted_stability_scan_480_v1/20260816T202848Z_unrestricted_A15xS8xF3_np1/adaptive/A12_S0	PASS	PASS	0	20733e0e17025d2c73f73a666c5b62f92c105ca98114231020130b77f5730d5d	262cd8dbcf7f9863dac24085c22f97f8cd4306af0139316132cb4f794f39aded		0	1		/eos/user/c/cglenn/FCCWork/whizard/whizard_ttbar_spinpol/production/full6f_365gev_ee_ttbar_spinpol_v1/phase11_diagnostics/excess_weight_rootcause_v1/unrestricted_stability_scan_480_v1/20260816T202848Z_unrestricted_A15xS8xF3_np1/adaptive/A12_S0/console.log	1
C_A12_S0_F0	fixed	A12_S0_F0	A12_S0	A12	F0	S0	1740114216	648318690	"1:250000:""gw"",1:500000:""gw"",1:1000000:""gw"""	"3:200000:"""""	/eos/user/c/cglenn/FCCWork/whizard/whizard_ttbar_spinpol/production/full6f_365gev_ee_ttbar_spinpol_v1/phase11_diagnostics/excess_weight_rootcause_v1/unrestricted_stability_scan_480_v1/20260816T202848Z_unrestricted_A15xS8xF3_np1/fixed/A12_S0/F0	PASS	PASS	0	20733e0e17025d2c73f73a666c5b62f92c105ca98114231020130b77f5730d5d	7fe9a784967f492db4cee950996e370e408bc670db928f75417c2fdd3baef511	262cd8dbcf7f9863dac24085c22f97f8cd4306af0139316132cb4f794f39aded	3	0	1	/eos/user/c/cglenn/FCCWork/whizard/whizard_ttbar_spinpol/production/full6f_365gev_ee_ttbar_spinpol_v1/phase11_diagnostics/excess_weight_rootcause_v1/unrestricted_stability_scan_480_v1/20260816T202848Z_unrestricted_A15xS8xF3_np1/fixed/A12_S0/F0/console.log	1
C_A12_S0_F1	fixed	A12_S0_F1	A12_S0	A12	F1	S0	1740114216	648318690	"1:250000:""gw"",1:500000:""gw"",1:1000000:""gw"""	"1:600000:"""""	/eos/user/c/cglenn/FCCWork/whizard/whizard_ttbar_spinpol/production/full6f_365gev_ee_ttbar_spinpol_v1/phase11_diagnostics/excess_weight_rootcause_v1/unrestricted_stability_scan_480_v1/20260816T202848Z_unrestricted_A15xS8xF3_np1/fixed/A12_S0/F1	PASS	PASS	0	20733e0e17025d2c73f73a666c5b62f92c105ca98114231020130b77f5730d5d	856c73a7ab7823e3f9403e99fd5de952e345f26331def85f6f051410ec2b291f	262cd8dbcf7f9863dac24085c22f97f8cd4306af0139316132cb4f794f39aded	3	0	1	/eos/user/c/cglenn/FCCWork/whizard/whizard_ttbar_spinpol/production/full6f_365gev_ee_ttbar_spinpol_v1/phase11_diagnostics/excess_weight_rootcause_v1/unrestricted_stability_scan_480_v1/20260816T202848Z_unrestricted_A15xS8xF3_np1/fixed/A12_S0/F1/console.log	1
C_A12_S0_F2	fixed	A12_S0_F2	A12_S0	A12	F2	S0	1740114216	648318690	"1:250000:""gw"",1:500000:""gw"",1:1000000:""gw"""	"1:2000000:"""""	/eos/user/c/cglenn/FCCWork/whizard/whizard_ttbar_spinpol/production/full6f_365gev_ee_ttbar_spinpol_v1/phase11_diagnostics/excess_weight_rootcause_v1/unrestricted_stability_scan_480_v1/20260816T202848Z_unrestricted_A15xS8xF3_np1/fixed/A12_S0/F2	PASS	PASS	0	20733e0e17025d2c73f73a666c5b62f92c105ca98114231020130b77f5730d5d	16dee0b3b260c049764552213084f7a2cab5129251d56a1c3d74f74633a2cf60	262cd8dbcf7f9863dac24085c22f97f8cd4306af0139316132cb4f794f39aded	3	0	1	/eos/user/c/cglenn/FCCWork/whizard/whizard_ttbar_spinpol/production/full6f_365gev_ee_ttbar_spinpol_v1/phase11_diagnostics/excess_weight_rootcause_v1/unrestricted_stability_scan_480_v1/20260816T202848Z_unrestricted_A15xS8xF3_np1/fixed/A12_S0/F2/console.log	1
P_A12_S1	adaptive	A12_S1		A12		S1	1751949026	1404282457	"1:250000:""gw"",1:500000:""gw"",1:1000000:""gw"""		/eos/user/c/cglenn/FCCWork/whizard/whizard_ttbar_spinpol/production/full6f_365gev_ee_ttbar_spinpol_v1/phase11_diagnostics/excess_weight_rootcause_v1/unrestricted_stability_scan_480_v1/20260816T202848Z_unrestricted_A15xS8xF3_np1/adaptive/A12_S1	PASS	PASS	0	20733e0e17025d2c73f73a666c5b62f92c105ca98114231020130b77f5730d5d	58e5c72fa5ffe27ff1f39441a7d724fbcdbe0c2541158756f87616e7d3bafa9c		0	1		/eos/user/c/cglenn/FCCWork/whizard/whizard_ttbar_spinpol/production/full6f_365gev_ee_ttbar_spinpol_v1/phase11_diagnostics/excess_weight_rootcause_v1/unrestricted_stability_scan_480_v1/20260816T202848Z_unrestricted_A15xS8xF3_np1/adaptive/A12_S1/console.log	1
C_A12_S1_F0	fixed	A12_S1_F0	A12_S1	A12	F0	S1	1751949026	1404282457	"1:250000:""gw"",1:500000:""gw"",1:1000000:""gw"""	"3:200000:"""""	/eos/user/c/cglenn/FCCWork/whizard/whizard_ttbar_spinpol/production/full6f_365gev_ee_ttbar_spinpol_v1/phase11_diagnostics/excess_weight_rootcause_v1/unrestricted_stability_scan_480_v1/20260816T202848Z_unrestricted_A15xS8xF3_np1/fixed/A12_S1/F0	PASS	PASS	0	20733e0e17025d2c73f73a666c5b62f92c105ca98114231020130b77f5730d5d	2da5df090ffbc4f0d723b71b6cef0dbd1ef9cb6c4d619e0881587b1941640a35	58e5c72fa5ffe27ff1f39441a7d724fbcdbe0c2541158756f87616e7d3bafa9c	3	0	1	/eos/user/c/cglenn/FCCWork/whizard/whizard_ttbar_spinpol/production/full6f_365gev_ee_ttbar_spinpol_v1/phase11_diagnostics/excess_weight_rootcause_v1/unrestricted_stability_scan_480_v1/20260816T202848Z_unrestricted_A15xS8xF3_np1/fixed/A12_S1/F0/console.log	1
C_A12_S1_F1	fixed	A12_S1_F1	A12_S1	A12	F1	S1	1751949026	1404282457	"1:250000:""gw"",1:500000:""gw"",1:1000000:""gw"""	"1:600000:"""""	/eos/user/c/cglenn/FCCWork/whizard/whizard_ttbar_spinpol/production/full6f_365gev_ee_ttbar_spinpol_v1/phase11_diagnostics/excess_weight_rootcause_v1/unrestricted_stability_scan_480_v1/20260816T202848Z_unrestricted_A15xS8xF3_np1/fixed/A12_S1/F1	PASS	PASS	0	20733e0e17025d2c73f73a666c5b62f92c105ca98114231020130b77f5730d5d	3cd54df270182ded34dcae3731aee8fd632d34f4b282af65f82b8f056bbabaa9	58e5c72fa5ffe27ff1f39441a7d724fbcdbe0c2541158756f87616e7d3bafa9c	3	0	1	/eos/user/c/cglenn/FCCWork/whizard/whizard_ttbar_spinpol/production/full6f_365gev_ee_ttbar_spinpol_v1/phase11_diagnostics/excess_weight_rootcause_v1/unrestricted_stability_scan_480_v1/20260816T202848Z_unrestricted_A15xS8xF3_np1/fixed/A12_S1/F1/console.log	1
C_A12_S1_F2	fixed	A12_S1_F2	A12_S1	A12	F2	S1	1751949026	1404282457	"1:250000:""gw"",1:500000:""gw"",1:1000000:""gw"""	"1:2000000:"""""	/eos/user/c/cglenn/FCCWork/whizard/whizard_ttbar_spinpol/production/full6f_365gev_ee_ttbar_spinpol_v1/phase11_diagnostics/excess_weight_rootcause_v1/unrestricted_stability_scan_480_v1/20260816T202848Z_unrestricted_A15xS8xF3_np1/fixed/A12_S1/F2	PASS	PASS	0	20733e0e17025d2c73f73a666c5b62f92c105ca98114231020130b77f5730d5d	b5c96740753004754192f5f7feaa26d05a298854222e961bb7be02e3f9f25964	58e5c72fa5ffe27ff1f39441a7d724fbcdbe0c2541158756f87616e7d3bafa9c	3	0	1	/eos/user/c/cglenn/FCCWork/whizard/whizard_ttbar_spinpol/production/full6f_365gev_ee_ttbar_spinpol_v1/phase11_diagnostics/excess_weight_rootcause_v1/unrestricted_stability_scan_480_v1/20260816T202848Z_unrestricted_A15xS8xF3_np1/fixed/A12_S1/F2/console.log	1
P_A12_S2	adaptive	A12_S2		A12		S2	1885084773	1596606550	"1:250000:""gw"",1:500000:""gw"",1:1000000:""gw"""		/eos/user/c/cglenn/FCCWork/whizard/whizard_ttbar_spinpol/production/full6f_365gev_ee_ttbar_spinpol_v1/phase11_diagnostics/excess_weight_rootcause_v1/unrestricted_stability_scan_480_v1/20260816T202848Z_unrestricted_A15xS8xF3_np1/adaptive/A12_S2	PASS	PASS	0	20733e0e17025d2c73f73a666c5b62f92c105ca98114231020130b77f5730d5d	d94585a92e07c9ef54f559559eedbdc8bd1ac14909c8e427fa6836d19dabfdf6		0	1		/eos/user/c/cglenn/FCCWork/whizard/whizard_ttbar_spinpol/production/full6f_365gev_ee_ttbar_spinpol_v1/phase11_diagnostics/excess_weight_rootcause_v1/unrestricted_stability_scan_480_v1/20260816T202848Z_unrestricted_A15xS8xF3_np1/adaptive/A12_S2/console.log	1
C_A12_S2_F0	fixed	A12_S2_F0	A12_S2	A12	F0	S2	1885084773	1596606550	"1:250000:""gw"",1:500000:""gw"",1:1000000:""gw"""	"3:200000:"""""	/eos/user/c/cglenn/FCCWork/whizard/whizard_ttbar_spinpol/production/full6f_365gev_ee_ttbar_spinpol_v1/phase11_diagnostics/excess_weight_rootcause_v1/unrestricted_stability_scan_480_v1/20260816T202848Z_unrestricted_A15xS8xF3_np1/fixed/A12_S2/F0	PASS	PASS	0	20733e0e17025d2c73f73a666c5b62f92c105ca98114231020130b77f5730d5d	92f3b24b1eae873cea8926e019a93a24bac51705c94d07b0c341e3b2e725ed98	d94585a92e07c9ef54f559559eedbdc8bd1ac14909c8e427fa6836d19dabfdf6	3	0	1	/eos/user/c/cglenn/FCCWork/whizard/whizard_ttbar_spinpol/production/full6f_365gev_ee_ttbar_spinpol_v1/phase11_diagnostics/excess_weight_rootcause_v1/unrestricted_stability_scan_480_v1/20260816T202848Z_unrestricted_A15xS8xF3_np1/fixed/A12_S2/F0/console.log	1
C_A12_S2_F1	fixed	A12_S2_F1	A12_S2	A12	F1	S2	1885084773	1596606550	"1:250000:""gw"",1:500000:""gw"",1:1000000:""gw"""	"1:600000:"""""	/eos/user/c/cglenn/FCCWork/whizard/whizard_ttbar_spinpol/production/full6f_365gev_ee_ttbar_spinpol_v1/phase11_diagnostics/excess_weight_rootcause_v1/unrestricted_stability_scan_480_v1/20260816T202848Z_unrestricted_A15xS8xF3_np1/fixed/A12_S2/F1	PASS	PASS	0	20733e0e17025d2c73f73a666c5b62f92c105ca98114231020130b77f5730d5d	a7a79cb952cf0ac7107cd551b06ce60733f41566da0da1e20cbaa35d0c78def6	d94585a92e07c9ef54f559559eedbdc8bd1ac14909c8e427fa6836d19dabfdf6	3	0	1	/eos/user/c/cglenn/FCCWork/whizard/whizard_ttbar_spinpol/production/full6f_365gev_ee_ttbar_spinpol_v1/phase11_diagnostics/excess_weight_rootcause_v1/unrestricted_stability_scan_480_v1/20260816T202848Z_unrestricted_A15xS8xF3_np1/fixed/A12_S2/F1/console.log	1
C_A12_S2_F2	fixed	A12_S2_F2	A12_S2	A12	F2	S2	1885084773	1596606550	"1:250000:""gw"",1:500000:""gw"",1:1000000:""gw"""	"1:2000000:"""""	/eos/user/c/cglenn/FCCWork/whizard/whizard_ttbar_spinpol/production/full6f_365gev_ee_ttbar_spinpol_v1/phase11_diagnostics/excess_weight_rootcause_v1/unrestricted_stability_scan_480_v1/20260816T202848Z_unrestricted_A15xS8xF3_np1/fixed/A12_S2/F2	PASS	PASS	0	20733e0e17025d2c73f73a666c5b62f92c105ca98114231020130b77f5730d5d	37bd65b35467d2cf5743e27e92bfe38b7e68aa5889e553999c633c030909bf30	d94585a92e07c9ef54f559559eedbdc8bd1ac14909c8e427fa6836d19dabfdf6	3	0	1	/eos/user/c/cglenn/FCCWork/whizard/whizard_ttbar_spinpol/production/full6f_365gev_ee_ttbar_spinpol_v1/phase11_diagnostics/excess_weight_rootcause_v1/unrestricted_stability_scan_480_v1/20260816T202848Z_unrestricted_A15xS8xF3_np1/fixed/A12_S2/F2/console.log	1
P_A12_S3	adaptive	A12_S3		A12		S3	134326786	769890491	"1:250000:""gw"",1:500000:""gw"",1:1000000:""gw"""		/eos/user/c/cglenn/FCCWork/whizard/whizard_ttbar_spinpol/production/full6f_365gev_ee_ttbar_spinpol_v1/phase11_diagnostics/excess_weight_rootcause_v1/unrestricted_stability_scan_480_v1/20260816T202848Z_unrestricted_A15xS8xF3_np1/adaptive/A12_S3	PASS	PASS	0	20733e0e17025d2c73f73a666c5b62f92c105ca98114231020130b77f5730d5d	52c6fc20c92d3a6d267bdf1c0fb49cef5dad9aefd570255e2b5378e3ca9d1823		0	1		/eos/user/c/cglenn/FCCWork/whizard/whizard_ttbar_spinpol/production/full6f_365gev_ee_ttbar_spinpol_v1/phase11_diagnostics/excess_weight_rootcause_v1/unrestricted_stability_scan_480_v1/20260816T202848Z_unrestricted_A15xS8xF3_np1/adaptive/A12_S3/console.log	1
C_A12_S3_F0	fixed	A12_S3_F0	A12_S3	A12	F0	S3	134326786	769890491	"1:250000:""gw"",1:500000:""gw"",1:1000000:""gw"""	"3:200000:"""""	/eos/user/c/cglenn/FCCWork/whizard/whizard_ttbar_spinpol/production/full6f_365gev_ee_ttbar_spinpol_v1/phase11_diagnostics/excess_weight_rootcause_v1/unrestricted_stability_scan_480_v1/20260816T202848Z_unrestricted_A15xS8xF3_np1/fixed/A12_S3/F0	PASS	PASS	0	20733e0e17025d2c73f73a666c5b62f92c105ca98114231020130b77f5730d5d	c9443a4fb6a3756f82d5b11e1f7468f04f16085c5da3296cee2d922305ef2e47	52c6fc20c92d3a6d267bdf1c0fb49cef5dad9aefd570255e2b5378e3ca9d1823	3	0	1	/eos/user/c/cglenn/FCCWork/whizard/whizard_ttbar_spinpol/production/full6f_365gev_ee_ttbar_spinpol_v1/phase11_diagnostics/excess_weight_rootcause_v1/unrestricted_stability_scan_480_v1/20260816T202848Z_unrestricted_A15xS8xF3_np1/fixed/A12_S3/F0/console.log	1
C_A12_S3_F1	fixed	A12_S3_F1	A12_S3	A12	F1	S3	134326786	769890491	"1:250000:""gw"",1:500000:""gw"",1:1000000:""gw"""	"1:600000:"""""	/eos/user/c/cglenn/FCCWork/whizard/whizard_ttbar_spinpol/production/full6f_365gev_ee_ttbar_spinpol_v1/phase11_diagnostics/excess_weight_rootcause_v1/unrestricted_stability_scan_480_v1/20260816T202848Z_unrestricted_A15xS8xF3_np1/fixed/A12_S3/F1	PASS	PASS	0	20733e0e17025d2c73f73a666c5b62f92c105ca98114231020130b77f5730d5d	62b1b389bf3d28441b1cb7c628c16338d87f57199018eec6e25862b7e376db40	52c6fc20c92d3a6d267bdf1c0fb49cef5dad9aefd570255e2b5378e3ca9d1823	3	0	1	/eos/user/c/cglenn/FCCWork/whizard/whizard_ttbar_spinpol/production/full6f_365gev_ee_ttbar_spinpol_v1/phase11_diagnostics/excess_weight_rootcause_v1/unrestricted_stability_scan_480_v1/20260816T202848Z_unrestricted_A15xS8xF3_np1/fixed/A12_S3/F1/console.log	1
C_A12_S3_F2	fixed	A12_S3_F2	A12_S3	A12	F2	S3	134326786	769890491	"1:250000:""gw"",1:500000:""gw"",1:1000000:""gw"""	"1:2000000:"""""	/eos/user/c/cglenn/FCCWork/whizard/whizard_ttbar_spinpol/production/full6f_365gev_ee_ttbar_spinpol_v1/phase11_diagnostics/excess_weight_rootcause_v1/unrestricted_stability_scan_480_v1/20260816T202848Z_unrestricted_A15xS8xF3_np1/fixed/A12_S3/F2	PASS	PASS	0	20733e0e17025d2c73f73a666c5b62f92c105ca98114231020130b77f5730d5d	5988c44fda620852f5b360d17bbb837f2ffa694b5e56fbe204ba173bb97c089a	52c6fc20c92d3a6d267bdf1c0fb49cef5dad9aefd570255e2b5378e3ca9d1823	3	0	1	/eos/user/c/cglenn/FCCWork/whizard/whizard_ttbar_spinpol/production/full6f_365gev_ee_ttbar_spinpol_v1/phase11_diagnostics/excess_weight_rootcause_v1/unrestricted_stability_scan_480_v1/20260816T202848Z_unrestricted_A15xS8xF3_np1/fixed/A12_S3/F2/console.log	1
P_A12_S4	adaptive	A12_S4		A12		S4	249371675	462903030	"1:250000:""gw"",1:500000:""gw"",1:1000000:""gw"""		/eos/user/c/cglenn/FCCWork/whizard/whizard_ttbar_spinpol/production/full6f_365gev_ee_ttbar_spinpol_v1/phase11_diagnostics/excess_weight_rootcause_v1/unrestricted_stability_scan_480_v1/20260816T202848Z_unrestricted_A15xS8xF3_np1/adaptive/A12_S4	PASS	PASS	0	20733e0e17025d2c73f73a666c5b62f92c105ca98114231020130b77f5730d5d	1778feaf201400da0f7d5e353d8bb000b49b43c11d83da6f0f9ee71dfcead908		0	1		/eos/user/c/cglenn/FCCWork/whizard/whizard_ttbar_spinpol/production/full6f_365gev_ee_ttbar_spinpol_v1/phase11_diagnostics/excess_weight_rootcause_v1/unrestricted_stability_scan_480_v1/20260816T202848Z_unrestricted_A15xS8xF3_np1/adaptive/A12_S4/console.log	1
C_A12_S4_F0	fixed	A12_S4_F0	A12_S4	A12	F0	S4	249371675	462903030	"1:250000:""gw"",1:500000:""gw"",1:1000000:""gw"""	"3:200000:"""""	/eos/user/c/cglenn/FCCWork/whizard/whizard_ttbar_spinpol/production/full6f_365gev_ee_ttbar_spinpol_v1/phase11_diagnostics/excess_weight_rootcause_v1/unrestricted_stability_scan_480_v1/20260816T202848Z_unrestricted_A15xS8xF3_np1/fixed/A12_S4/F0	PASS	PASS	0	20733e0e17025d2c73f73a666c5b62f92c105ca98114231020130b77f5730d5d	463c0fabc6ecc2e7f454bd21aa7f26baba7af1f62d1cde2c357ce3ee7f58e841	1778feaf201400da0f7d5e353d8bb000b49b43c11d83da6f0f9ee71dfcead908	3	0	1	/eos/user/c/cglenn/FCCWork/whizard/whizard_ttbar_spinpol/production/full6f_365gev_ee_ttbar_spinpol_v1/phase11_diagnostics/excess_weight_rootcause_v1/unrestricted_stability_scan_480_v1/20260816T202848Z_unrestricted_A15xS8xF3_np1/fixed/A12_S4/F0/console.log	1
C_A12_S4_F1	fixed	A12_S4_F1	A12_S4	A12	F1	S4	249371675	462903030	"1:250000:""gw"",1:500000:""gw"",1:1000000:""gw"""	"1:600000:"""""	/eos/user/c/cglenn/FCCWork/whizard/whizard_ttbar_spinpol/production/full6f_365gev_ee_ttbar_spinpol_v1/phase11_diagnostics/excess_weight_rootcause_v1/unrestricted_stability_scan_480_v1/20260816T202848Z_unrestricted_A15xS8xF3_np1/fixed/A12_S4/F1	PASS	PASS	0	20733e0e17025d2c73f73a666c5b62f92c105ca98114231020130b77f5730d5d	39a209c475f22a7a2931b6fe2b6f0236febbd8c39f0768456b7759f9ddb51081	1778feaf201400da0f7d5e353d8bb000b49b43c11d83da6f0f9ee71dfcead908	3	0	1	/eos/user/c/cglenn/FCCWork/whizard/whizard_ttbar_spinpol/production/full6f_365gev_ee_ttbar_spinpol_v1/phase11_diagnostics/excess_weight_rootcause_v1/unrestricted_stability_scan_480_v1/20260816T202848Z_unrestricted_A15xS8xF3_np1/fixed/A12_S4/F1/console.log	1
C_A12_S4_F2	fixed	A12_S4_F2	A12_S4	A12	F2	S4	249371675	462903030	"1:250000:""gw"",1:500000:""gw"",1:1000000:""gw"""	"1:2000000:"""""	/eos/user/c/cglenn/FCCWork/whizard/whizard_ttbar_spinpol/production/full6f_365gev_ee_ttbar_spinpol_v1/phase11_diagnostics/excess_weight_rootcause_v1/unrestricted_stability_scan_480_v1/20260816T202848Z_unrestricted_A15xS8xF3_np1/fixed/A12_S4/F2	PASS	PASS	0	20733e0e17025d2c73f73a666c5b62f92c105ca98114231020130b77f5730d5d	6ce5ce541b6b380fd4fb6d706d4c051e2f447fa4448ba512a38b938b2210b427	1778feaf201400da0f7d5e353d8bb000b49b43c11d83da6f0f9ee71dfcead908	3	0	1	/eos/user/c/cglenn/FCCWork/whizard/whizard_ttbar_spinpol/production/full6f_365gev_ee_ttbar_spinpol_v1/phase11_diagnostics/excess_weight_rootcause_v1/unrestricted_stability_scan_480_v1/20260816T202848Z_unrestricted_A15xS8xF3_np1/fixed/A12_S4/F2/console.log	1
P_A12_S5	adaptive	A12_S5		A12		S5	531087687	197846737	"1:250000:""gw"",1:500000:""gw"",1:1000000:""gw"""		/eos/user/c/cglenn/FCCWork/whizard/whizard_ttbar_spinpol/production/full6f_365gev_ee_ttbar_spinpol_v1/phase11_diagnostics/excess_weight_rootcause_v1/unrestricted_stability_scan_480_v1/20260816T202848Z_unrestricted_A15xS8xF3_np1/adaptive/A12_S5	PASS	PASS	0	20733e0e17025d2c73f73a666c5b62f92c105ca98114231020130b77f5730d5d	8e147d23c92eaf14febe6ce7275ad735b9366ddf7ebc043e2b7e7e8fa66cad64		0	1		/eos/user/c/cglenn/FCCWork/whizard/whizard_ttbar_spinpol/production/full6f_365gev_ee_ttbar_spinpol_v1/phase11_diagnostics/excess_weight_rootcause_v1/unrestricted_stability_scan_480_v1/20260816T202848Z_unrestricted_A15xS8xF3_np1/adaptive/A12_S5/console.log	1
C_A12_S5_F0	fixed	A12_S5_F0	A12_S5	A12	F0	S5	531087687	197846737	"1:250000:""gw"",1:500000:""gw"",1:1000000:""gw"""	"3:200000:"""""	/eos/user/c/cglenn/FCCWork/whizard/whizard_ttbar_spinpol/production/full6f_365gev_ee_ttbar_spinpol_v1/phase11_diagnostics/excess_weight_rootcause_v1/unrestricted_stability_scan_480_v1/20260816T202848Z_unrestricted_A15xS8xF3_np1/fixed/A12_S5/F0	PASS	PASS	0	20733e0e17025d2c73f73a666c5b62f92c105ca98114231020130b77f5730d5d	6d4b05010c62214a6d725d4f8373c0bc3e6164e20529ef056eafbbca8ffdea61	8e147d23c92eaf14febe6ce7275ad735b9366ddf7ebc043e2b7e7e8fa66cad64	3	0	1	/eos/user/c/cglenn/FCCWork/whizard/whizard_ttbar_spinpol/production/full6f_365gev_ee_ttbar_spinpol_v1/phase11_diagnostics/excess_weight_rootcause_v1/unrestricted_stability_scan_480_v1/20260816T202848Z_unrestricted_A15xS8xF3_np1/fixed/A12_S5/F0/console.log	1
C_A12_S5_F1	fixed	A12_S5_F1	A12_S5	A12	F1	S5	531087687	197846737	"1:250000:""gw"",1:500000:""gw"",1:1000000:""gw"""	"1:600000:"""""	/eos/user/c/cglenn/FCCWork/whizard/whizard_ttbar_spinpol/production/full6f_365gev_ee_ttbar_spinpol_v1/phase11_diagnostics/excess_weight_rootcause_v1/unrestricted_stability_scan_480_v1/20260816T202848Z_unrestricted_A15xS8xF3_np1/fixed/A12_S5/F1	PASS	PASS	0	20733e0e17025d2c73f73a666c5b62f92c105ca98114231020130b77f5730d5d	75597d27a78006ecec03339674677a3e681f66668d8ad67e14068fec36d9319f	8e147d23c92eaf14febe6ce7275ad735b9366ddf7ebc043e2b7e7e8fa66cad64	3	0	1	/eos/user/c/cglenn/FCCWork/whizard/whizard_ttbar_spinpol/production/full6f_365gev_ee_ttbar_spinpol_v1/phase11_diagnostics/excess_weight_rootcause_v1/unrestricted_stability_scan_480_v1/20260816T202848Z_unrestricted_A15xS8xF3_np1/fixed/A12_S5/F1/console.log	1
C_A12_S5_F2	fixed	A12_S5_F2	A12_S5	A12	F2	S5	531087687	197846737	"1:250000:""gw"",1:500000:""gw"",1:1000000:""gw"""	"1:2000000:"""""	/eos/user/c/cglenn/FCCWork/whizard/whizard_ttbar_spinpol/production/full6f_365gev_ee_ttbar_spinpol_v1/phase11_diagnostics/excess_weight_rootcause_v1/unrestricted_stability_scan_480_v1/20260816T202848Z_unrestricted_A15xS8xF3_np1/fixed/A12_S5/F2	PASS	PASS	0	20733e0e17025d2c73f73a666c5b62f92c105ca98114231020130b77f5730d5d	89475dfd43d47be9aa6a0df6d5e92419ffcfe42609c0e3f40fb7388feeef61f2	8e147d23c92eaf14febe6ce7275ad735b9366ddf7ebc043e2b7e7e8fa66cad64	3	0	1	/eos/user/c/cglenn/FCCWork/whizard/whizard_ttbar_spinpol/production/full6f_365gev_ee_ttbar_spinpol_v1/phase11_diagnostics/excess_weight_rootcause_v1/unrestricted_stability_scan_480_v1/20260816T202848Z_unrestricted_A15xS8xF3_np1/fixed/A12_S5/F2/console.log	1
P_A12_S6	adaptive	A12_S6		A12		S6	519963689	958460417	"1:250000:""gw"",1:500000:""gw"",1:1000000:""gw"""		/eos/user/c/cglenn/FCCWork/whizard/whizard_ttbar_spinpol/production/full6f_365gev_ee_ttbar_spinpol_v1/phase11_diagnostics/excess_weight_rootcause_v1/unrestricted_stability_scan_480_v1/20260816T202848Z_unrestricted_A15xS8xF3_np1/adaptive/A12_S6	PASS	PASS	0	20733e0e17025d2c73f73a666c5b62f92c105ca98114231020130b77f5730d5d	42f9bdd4b7d75b2f6f0b8506152994aee521e7d2c0c1147d1e2e1476f4ec3710		0	1		/eos/user/c/cglenn/FCCWork/whizard/whizard_ttbar_spinpol/production/full6f_365gev_ee_ttbar_spinpol_v1/phase11_diagnostics/excess_weight_rootcause_v1/unrestricted_stability_scan_480_v1/20260816T202848Z_unrestricted_A15xS8xF3_np1/adaptive/A12_S6/console.log	1
C_A12_S6_F0	fixed	A12_S6_F0	A12_S6	A12	F0	S6	519963689	958460417	"1:250000:""gw"",1:500000:""gw"",1:1000000:""gw"""	"3:200000:"""""	/eos/user/c/cglenn/FCCWork/whizard/whizard_ttbar_spinpol/production/full6f_365gev_ee_ttbar_spinpol_v1/phase11_diagnostics/excess_weight_rootcause_v1/unrestricted_stability_scan_480_v1/20260816T202848Z_unrestricted_A15xS8xF3_np1/fixed/A12_S6/F0	PASS	PASS	0	20733e0e17025d2c73f73a666c5b62f92c105ca98114231020130b77f5730d5d	05a71e32ec13dded50bd4c1843fe744bd65e130a1189026ae7e392e68f2b16a1	42f9bdd4b7d75b2f6f0b8506152994aee521e7d2c0c1147d1e2e1476f4ec3710	3	0	1	/eos/user/c/cglenn/FCCWork/whizard/whizard_ttbar_spinpol/production/full6f_365gev_ee_ttbar_spinpol_v1/phase11_diagnostics/excess_weight_rootcause_v1/unrestricted_stability_scan_480_v1/20260816T202848Z_unrestricted_A15xS8xF3_np1/fixed/A12_S6/F0/console.log	1
C_A12_S6_F1	fixed	A12_S6_F1	A12_S6	A12	F1	S6	519963689	958460417	"1:250000:""gw"",1:500000:""gw"",1:1000000:""gw"""	"1:600000:"""""	/eos/user/c/cglenn/FCCWork/whizard/whizard_ttbar_spinpol/production/full6f_365gev_ee_ttbar_spinpol_v1/phase11_diagnostics/excess_weight_rootcause_v1/unrestricted_stability_scan_480_v1/20260816T202848Z_unrestricted_A15xS8xF3_np1/fixed/A12_S6/F1	PASS	PASS	0	20733e0e17025d2c73f73a666c5b62f92c105ca98114231020130b77f5730d5d	5ca2075c42437b47037b65bfb9dea97cd2179c2d1fc49f1db3fdb2ce754d682e	42f9bdd4b7d75b2f6f0b8506152994aee521e7d2c0c1147d1e2e1476f4ec3710	3	0	1	/eos/user/c/cglenn/FCCWork/whizard/whizard_ttbar_spinpol/production/full6f_365gev_ee_ttbar_spinpol_v1/phase11_diagnostics/excess_weight_rootcause_v1/unrestricted_stability_scan_480_v1/20260816T202848Z_unrestricted_A15xS8xF3_np1/fixed/A12_S6/F1/console.log	1
C_A12_S6_F2	fixed	A12_S6_F2	A12_S6	A12	F2	S6	519963689	958460417	"1:250000:""gw"",1:500000:""gw"",1:1000000:""gw"""	"1:2000000:"""""	/eos/user/c/cglenn/FCCWork/whizard/whizard_ttbar_spinpol/production/full6f_365gev_ee_ttbar_spinpol_v1/phase11_diagnostics/excess_weight_rootcause_v1/unrestricted_stability_scan_480_v1/20260816T202848Z_unrestricted_A15xS8xF3_np1/fixed/A12_S6/F2	PASS	PASS	0	20733e0e17025d2c73f73a666c5b62f92c105ca98114231020130b77f5730d5d	ec3556d79f6f6125de6ca1bed813cc2cd0732079f0f8c53abbef7cfbb0a23ca2	42f9bdd4b7d75b2f6f0b8506152994aee521e7d2c0c1147d1e2e1476f4ec3710	3	0	1	/eos/user/c/cglenn/FCCWork/whizard/whizard_ttbar_spinpol/production/full6f_365gev_ee_ttbar_spinpol_v1/phase11_diagnostics/excess_weight_rootcause_v1/unrestricted_stability_scan_480_v1/20260816T202848Z_unrestricted_A15xS8xF3_np1/fixed/A12_S6/F2/console.log	1
P_A12_S7	adaptive	A12_S7		A12		S7	1552803368	239117595	"1:250000:""gw"",1:500000:""gw"",1:1000000:""gw"""		/eos/user/c/cglenn/FCCWork/whizard/whizard_ttbar_spinpol/production/full6f_365gev_ee_ttbar_spinpol_v1/phase11_diagnostics/excess_weight_rootcause_v1/unrestricted_stability_scan_480_v1/20260816T202848Z_unrestricted_A15xS8xF3_np1/adaptive/A12_S7	PASS	PASS	0	20733e0e17025d2c73f73a666c5b62f92c105ca98114231020130b77f5730d5d	93073bb93682511534fde61b579a3d83e8a00e66a4e8c5593a7c9f2047d3db72		0	1		/eos/user/c/cglenn/FCCWork/whizard/whizard_ttbar_spinpol/production/full6f_365gev_ee_ttbar_spinpol_v1/phase11_diagnostics/excess_weight_rootcause_v1/unrestricted_stability_scan_480_v1/20260816T202848Z_unrestricted_A15xS8xF3_np1/adaptive/A12_S7/console.log	1
C_A12_S7_F0	fixed	A12_S7_F0	A12_S7	A12	F0	S7	1552803368	239117595	"1:250000:""gw"",1:500000:""gw"",1:1000000:""gw"""	"3:200000:"""""	/eos/user/c/cglenn/FCCWork/whizard/whizard_ttbar_spinpol/production/full6f_365gev_ee_ttbar_spinpol_v1/phase11_diagnostics/excess_weight_rootcause_v1/unrestricted_stability_scan_480_v1/20260816T202848Z_unrestricted_A15xS8xF3_np1/fixed/A12_S7/F0	PASS	PASS	0	20733e0e17025d2c73f73a666c5b62f92c105ca98114231020130b77f5730d5d	895bdf33fd5a227c821d155496f3e653c78812e49b16ef1b019e136c6d94c9b3	93073bb93682511534fde61b579a3d83e8a00e66a4e8c5593a7c9f2047d3db72	3	0	1	/eos/user/c/cglenn/FCCWork/whizard/whizard_ttbar_spinpol/production/full6f_365gev_ee_ttbar_spinpol_v1/phase11_diagnostics/excess_weight_rootcause_v1/unrestricted_stability_scan_480_v1/20260816T202848Z_unrestricted_A15xS8xF3_np1/fixed/A12_S7/F0/console.log	1
C_A12_S7_F1	fixed	A12_S7_F1	A12_S7	A12	F1	S7	1552803368	239117595	"1:250000:""gw"",1:500000:""gw"",1:1000000:""gw"""	"1:600000:"""""	/eos/user/c/cglenn/FCCWork/whizard/whizard_ttbar_spinpol/production/full6f_365gev_ee_ttbar_spinpol_v1/phase11_diagnostics/excess_weight_rootcause_v1/unrestricted_stability_scan_480_v1/20260816T202848Z_unrestricted_A15xS8xF3_np1/fixed/A12_S7/F1	PASS	PASS	0	20733e0e17025d2c73f73a666c5b62f92c105ca98114231020130b77f5730d5d	d355396942c42e02bd206bc7f6e38bf95d214be7b81de0d11fa621e795b6d70f	93073bb93682511534fde61b579a3d83e8a00e66a4e8c5593a7c9f2047d3db72	3	0	1	/eos/user/c/cglenn/FCCWork/whizard/whizard_ttbar_spinpol/production/full6f_365gev_ee_ttbar_spinpol_v1/phase11_diagnostics/excess_weight_rootcause_v1/unrestricted_stability_scan_480_v1/20260816T202848Z_unrestricted_A15xS8xF3_np1/fixed/A12_S7/F1/console.log	1
C_A12_S7_F2	fixed	A12_S7_F2	A12_S7	A12	F2	S7	1552803368	239117595	"1:250000:""gw"",1:500000:""gw"",1:1000000:""gw"""	"1:2000000:"""""	/eos/user/c/cglenn/FCCWork/whizard/whizard_ttbar_spinpol/production/full6f_365gev_ee_ttbar_spinpol_v1/phase11_diagnostics/excess_weight_rootcause_v1/unrestricted_stability_scan_480_v1/20260816T202848Z_unrestricted_A15xS8xF3_np1/fixed/A12_S7/F2	PASS	PASS	0	20733e0e17025d2c73f73a666c5b62f92c105ca98114231020130b77f5730d5d	63c1932d4a05a8a897426270d1eef328d86282c68479becaf00de49d3c5a240a	93073bb93682511534fde61b579a3d83e8a00e66a4e8c5593a7c9f2047d3db72	3	0	1	/eos/user/c/cglenn/FCCWork/whizard/whizard_ttbar_spinpol/production/full6f_365gev_ee_ttbar_spinpol_v1/phase11_diagnostics/excess_weight_rootcause_v1/unrestricted_stability_scan_480_v1/20260816T202848Z_unrestricted_A15xS8xF3_np1/fixed/A12_S7/F2/console.log	1
P_A13_S0	adaptive	A13_S0		A13		S0	1740114216	648318690	"2:1000000:""gw"""		/eos/user/c/cglenn/FCCWork/whizard/whizard_ttbar_spinpol/production/full6f_365gev_ee_ttbar_spinpol_v1/phase11_diagnostics/excess_weight_rootcause_v1/unrestricted_stability_scan_480_v1/20260816T202848Z_unrestricted_A15xS8xF3_np1/adaptive/A13_S0	PASS	PASS	0	20733e0e17025d2c73f73a666c5b62f92c105ca98114231020130b77f5730d5d	d06429a0202cd4b3047444b95367c0a73023b6f5875e42fe8e7f0ce3f2135f3f		0	1		/eos/user/c/cglenn/FCCWork/whizard/whizard_ttbar_spinpol/production/full6f_365gev_ee_ttbar_spinpol_v1/phase11_diagnostics/excess_weight_rootcause_v1/unrestricted_stability_scan_480_v1/20260816T202848Z_unrestricted_A15xS8xF3_np1/adaptive/A13_S0/console.log	1
C_A13_S0_F0	fixed	A13_S0_F0	A13_S0	A13	F0	S0	1740114216	648318690	"2:1000000:""gw"""	"3:200000:"""""	/eos/user/c/cglenn/FCCWork/whizard/whizard_ttbar_spinpol/production/full6f_365gev_ee_ttbar_spinpol_v1/phase11_diagnostics/excess_weight_rootcause_v1/unrestricted_stability_scan_480_v1/20260816T202848Z_unrestricted_A15xS8xF3_np1/fixed/A13_S0/F0	PASS	PASS	0	20733e0e17025d2c73f73a666c5b62f92c105ca98114231020130b77f5730d5d	4f3bfde5ddb24bb5a6ec5bd91941b3e448e8a56b85326b852b5ec5d1f2f4ffbf	d06429a0202cd4b3047444b95367c0a73023b6f5875e42fe8e7f0ce3f2135f3f	1	0	1	/eos/user/c/cglenn/FCCWork/whizard/whizard_ttbar_spinpol/production/full6f_365gev_ee_ttbar_spinpol_v1/phase11_diagnostics/excess_weight_rootcause_v1/unrestricted_stability_scan_480_v1/20260816T202848Z_unrestricted_A15xS8xF3_np1/fixed/A13_S0/F0/console.log	1
C_A13_S0_F1	fixed	A13_S0_F1	A13_S0	A13	F1	S0	1740114216	648318690	"2:1000000:""gw"""	"1:600000:"""""	/eos/user/c/cglenn/FCCWork/whizard/whizard_ttbar_spinpol/production/full6f_365gev_ee_ttbar_spinpol_v1/phase11_diagnostics/excess_weight_rootcause_v1/unrestricted_stability_scan_480_v1/20260816T202848Z_unrestricted_A15xS8xF3_np1/fixed/A13_S0/F1	PASS	PASS	0	20733e0e17025d2c73f73a666c5b62f92c105ca98114231020130b77f5730d5d	d7411f5c6b64af74a0f121fbd282a411fee239e608a23470e24042aeddaa1574	d06429a0202cd4b3047444b95367c0a73023b6f5875e42fe8e7f0ce3f2135f3f	1	0	1	/eos/user/c/cglenn/FCCWork/whizard/whizard_ttbar_spinpol/production/full6f_365gev_ee_ttbar_spinpol_v1/phase11_diagnostics/excess_weight_rootcause_v1/unrestricted_stability_scan_480_v1/20260816T202848Z_unrestricted_A15xS8xF3_np1/fixed/A13_S0/F1/console.log	1
C_A13_S0_F2	fixed	A13_S0_F2	A13_S0	A13	F2	S0	1740114216	648318690	"2:1000000:""gw"""	"1:2000000:"""""	/eos/user/c/cglenn/FCCWork/whizard/whizard_ttbar_spinpol/production/full6f_365gev_ee_ttbar_spinpol_v1/phase11_diagnostics/excess_weight_rootcause_v1/unrestricted_stability_scan_480_v1/20260816T202848Z_unrestricted_A15xS8xF3_np1/fixed/A13_S0/F2	PASS	PASS	0	20733e0e17025d2c73f73a666c5b62f92c105ca98114231020130b77f5730d5d	a16457355b046be5fb440cf15d186a2adb3ed98c38f066ac76c87e629556f310	d06429a0202cd4b3047444b95367c0a73023b6f5875e42fe8e7f0ce3f2135f3f	1	0	1	/eos/user/c/cglenn/FCCWork/whizard/whizard_ttbar_spinpol/production/full6f_365gev_ee_ttbar_spinpol_v1/phase11_diagnostics/excess_weight_rootcause_v1/unrestricted_stability_scan_480_v1/20260816T202848Z_unrestricted_A15xS8xF3_np1/fixed/A13_S0/F2/console.log	1
P_A13_S1	adaptive	A13_S1		A13		S1	1751949026	1404282457	"2:1000000:""gw"""		/eos/user/c/cglenn/FCCWork/whizard/whizard_ttbar_spinpol/production/full6f_365gev_ee_ttbar_spinpol_v1/phase11_diagnostics/excess_weight_rootcause_v1/unrestricted_stability_scan_480_v1/20260816T202848Z_unrestricted_A15xS8xF3_np1/adaptive/A13_S1	PASS	PASS	0	20733e0e17025d2c73f73a666c5b62f92c105ca98114231020130b77f5730d5d	2f4ecd955d365dcd471fcd4940a9f342ba73ec747b0e2bb6b5fdd2a579e76317		0	1		/eos/user/c/cglenn/FCCWork/whizard/whizard_ttbar_spinpol/production/full6f_365gev_ee_ttbar_spinpol_v1/phase11_diagnostics/excess_weight_rootcause_v1/unrestricted_stability_scan_480_v1/20260816T202848Z_unrestricted_A15xS8xF3_np1/adaptive/A13_S1/console.log	1
C_A13_S1_F0	fixed	A13_S1_F0	A13_S1	A13	F0	S1	1751949026	1404282457	"2:1000000:""gw"""	"3:200000:"""""	/eos/user/c/cglenn/FCCWork/whizard/whizard_ttbar_spinpol/production/full6f_365gev_ee_ttbar_spinpol_v1/phase11_diagnostics/excess_weight_rootcause_v1/unrestricted_stability_scan_480_v1/20260816T202848Z_unrestricted_A15xS8xF3_np1/fixed/A13_S1/F0	PASS	PASS	0	20733e0e17025d2c73f73a666c5b62f92c105ca98114231020130b77f5730d5d	87629790ae18873e18ca8a47bb7c12079160e82b45b75b6fb6498953fda6f294	2f4ecd955d365dcd471fcd4940a9f342ba73ec747b0e2bb6b5fdd2a579e76317	1	0	1	/eos/user/c/cglenn/FCCWork/whizard/whizard_ttbar_spinpol/production/full6f_365gev_ee_ttbar_spinpol_v1/phase11_diagnostics/excess_weight_rootcause_v1/unrestricted_stability_scan_480_v1/20260816T202848Z_unrestricted_A15xS8xF3_np1/fixed/A13_S1/F0/console.log	1
C_A13_S1_F1	fixed	A13_S1_F1	A13_S1	A13	F1	S1	1751949026	1404282457	"2:1000000:""gw"""	"1:600000:"""""	/eos/user/c/cglenn/FCCWork/whizard/whizard_ttbar_spinpol/production/full6f_365gev_ee_ttbar_spinpol_v1/phase11_diagnostics/excess_weight_rootcause_v1/unrestricted_stability_scan_480_v1/20260816T202848Z_unrestricted_A15xS8xF3_np1/fixed/A13_S1/F1	PASS	PASS	0	20733e0e17025d2c73f73a666c5b62f92c105ca98114231020130b77f5730d5d	33306b1aa865156b43dfa21df598656c9338f23b597f0588023f6015b4e1bdef	2f4ecd955d365dcd471fcd4940a9f342ba73ec747b0e2bb6b5fdd2a579e76317	1	0	1	/eos/user/c/cglenn/FCCWork/whizard/whizard_ttbar_spinpol/production/full6f_365gev_ee_ttbar_spinpol_v1/phase11_diagnostics/excess_weight_rootcause_v1/unrestricted_stability_scan_480_v1/20260816T202848Z_unrestricted_A15xS8xF3_np1/fixed/A13_S1/F1/console.log	1
C_A13_S1_F2	fixed	A13_S1_F2	A13_S1	A13	F2	S1	1751949026	1404282457	"2:1000000:""gw"""	"1:2000000:"""""	/eos/user/c/cglenn/FCCWork/whizard/whizard_ttbar_spinpol/production/full6f_365gev_ee_ttbar_spinpol_v1/phase11_diagnostics/excess_weight_rootcause_v1/unrestricted_stability_scan_480_v1/20260816T202848Z_unrestricted_A15xS8xF3_np1/fixed/A13_S1/F2	PASS	PASS	0	20733e0e17025d2c73f73a666c5b62f92c105ca98114231020130b77f5730d5d	f9fa3d14f18bba17370e793c332dc94e3c2e810d0842a1aed6c6cd7314ba5045	2f4ecd955d365dcd471fcd4940a9f342ba73ec747b0e2bb6b5fdd2a579e76317	1	0	1	/eos/user/c/cglenn/FCCWork/whizard/whizard_ttbar_spinpol/production/full6f_365gev_ee_ttbar_spinpol_v1/phase11_diagnostics/excess_weight_rootcause_v1/unrestricted_stability_scan_480_v1/20260816T202848Z_unrestricted_A15xS8xF3_np1/fixed/A13_S1/F2/console.log	1
P_A13_S2	adaptive	A13_S2		A13		S2	1885084773	1596606550	"2:1000000:""gw"""		/eos/user/c/cglenn/FCCWork/whizard/whizard_ttbar_spinpol/production/full6f_365gev_ee_ttbar_spinpol_v1/phase11_diagnostics/excess_weight_rootcause_v1/unrestricted_stability_scan_480_v1/20260816T202848Z_unrestricted_A15xS8xF3_np1/adaptive/A13_S2	PASS	PASS	0	20733e0e17025d2c73f73a666c5b62f92c105ca98114231020130b77f5730d5d	20d8da41090580b07ebde1909c5ce6ac4b00655e6d72a7b48a480c2cf5241a43		0	1		/eos/user/c/cglenn/FCCWork/whizard/whizard_ttbar_spinpol/production/full6f_365gev_ee_ttbar_spinpol_v1/phase11_diagnostics/excess_weight_rootcause_v1/unrestricted_stability_scan_480_v1/20260816T202848Z_unrestricted_A15xS8xF3_np1/adaptive/A13_S2/console.log	1
C_A13_S2_F0	fixed	A13_S2_F0	A13_S2	A13	F0	S2	1885084773	1596606550	"2:1000000:""gw"""	"3:200000:"""""	/eos/user/c/cglenn/FCCWork/whizard/whizard_ttbar_spinpol/production/full6f_365gev_ee_ttbar_spinpol_v1/phase11_diagnostics/excess_weight_rootcause_v1/unrestricted_stability_scan_480_v1/20260816T202848Z_unrestricted_A15xS8xF3_np1/fixed/A13_S2/F0	PASS	PASS	0	20733e0e17025d2c73f73a666c5b62f92c105ca98114231020130b77f5730d5d	c6953f9eb3ee0cbe173f6215f7627b1a30ae288d8c7efe829e80da8ee77808f8	20d8da41090580b07ebde1909c5ce6ac4b00655e6d72a7b48a480c2cf5241a43	1	0	1	/eos/user/c/cglenn/FCCWork/whizard/whizard_ttbar_spinpol/production/full6f_365gev_ee_ttbar_spinpol_v1/phase11_diagnostics/excess_weight_rootcause_v1/unrestricted_stability_scan_480_v1/20260816T202848Z_unrestricted_A15xS8xF3_np1/fixed/A13_S2/F0/console.log	1
C_A13_S2_F1	fixed	A13_S2_F1	A13_S2	A13	F1	S2	1885084773	1596606550	"2:1000000:""gw"""	"1:600000:"""""	/eos/user/c/cglenn/FCCWork/whizard/whizard_ttbar_spinpol/production/full6f_365gev_ee_ttbar_spinpol_v1/phase11_diagnostics/excess_weight_rootcause_v1/unrestricted_stability_scan_480_v1/20260816T202848Z_unrestricted_A15xS8xF3_np1/fixed/A13_S2/F1	PASS	PASS	0	20733e0e17025d2c73f73a666c5b62f92c105ca98114231020130b77f5730d5d	7cce9151e326ad601a3b322c5d09224bd0535a9c499f9d4dd9abcc8ca91420d3	20d8da41090580b07ebde1909c5ce6ac4b00655e6d72a7b48a480c2cf5241a43	1	0	1	/eos/user/c/cglenn/FCCWork/whizard/whizard_ttbar_spinpol/production/full6f_365gev_ee_ttbar_spinpol_v1/phase11_diagnostics/excess_weight_rootcause_v1/unrestricted_stability_scan_480_v1/20260816T202848Z_unrestricted_A15xS8xF3_np1/fixed/A13_S2/F1/console.log	1
C_A13_S2_F2	fixed	A13_S2_F2	A13_S2	A13	F2	S2	1885084773	1596606550	"2:1000000:""gw"""	"1:2000000:"""""	/eos/user/c/cglenn/FCCWork/whizard/whizard_ttbar_spinpol/production/full6f_365gev_ee_ttbar_spinpol_v1/phase11_diagnostics/excess_weight_rootcause_v1/unrestricted_stability_scan_480_v1/20260816T202848Z_unrestricted_A15xS8xF3_np1/fixed/A13_S2/F2	PASS	PASS	0	20733e0e17025d2c73f73a666c5b62f92c105ca98114231020130b77f5730d5d	8e4d7863c05a35ca14ee18fe43635a72bc7ce0546e4e7f86afa9ce18362be15c	20d8da41090580b07ebde1909c5ce6ac4b00655e6d72a7b48a480c2cf5241a43	1	0	1	/eos/user/c/cglenn/FCCWork/whizard/whizard_ttbar_spinpol/production/full6f_365gev_ee_ttbar_spinpol_v1/phase11_diagnostics/excess_weight_rootcause_v1/unrestricted_stability_scan_480_v1/20260816T202848Z_unrestricted_A15xS8xF3_np1/fixed/A13_S2/F2/console.log	1
P_A13_S3	adaptive	A13_S3		A13		S3	134326786	769890491	"2:1000000:""gw"""		/eos/user/c/cglenn/FCCWork/whizard/whizard_ttbar_spinpol/production/full6f_365gev_ee_ttbar_spinpol_v1/phase11_diagnostics/excess_weight_rootcause_v1/unrestricted_stability_scan_480_v1/20260816T202848Z_unrestricted_A15xS8xF3_np1/adaptive/A13_S3	PASS	PASS	0	20733e0e17025d2c73f73a666c5b62f92c105ca98114231020130b77f5730d5d	af4a95b8fa07d1d581071146f23c66506c21c1bb8c54cf81294081293783dd54		0	1		/eos/user/c/cglenn/FCCWork/whizard/whizard_ttbar_spinpol/production/full6f_365gev_ee_ttbar_spinpol_v1/phase11_diagnostics/excess_weight_rootcause_v1/unrestricted_stability_scan_480_v1/20260816T202848Z_unrestricted_A15xS8xF3_np1/adaptive/A13_S3/console.log	1
C_A13_S3_F0	fixed	A13_S3_F0	A13_S3	A13	F0	S3	134326786	769890491	"2:1000000:""gw"""	"3:200000:"""""	/eos/user/c/cglenn/FCCWork/whizard/whizard_ttbar_spinpol/production/full6f_365gev_ee_ttbar_spinpol_v1/phase11_diagnostics/excess_weight_rootcause_v1/unrestricted_stability_scan_480_v1/20260816T202848Z_unrestricted_A15xS8xF3_np1/fixed/A13_S3/F0	PASS	PASS	0	20733e0e17025d2c73f73a666c5b62f92c105ca98114231020130b77f5730d5d	bb2ff94624e1e66c28f749ddced83b05fdb06588ca599cf5d1701174c0ed4a29	af4a95b8fa07d1d581071146f23c66506c21c1bb8c54cf81294081293783dd54	1	0	1	/eos/user/c/cglenn/FCCWork/whizard/whizard_ttbar_spinpol/production/full6f_365gev_ee_ttbar_spinpol_v1/phase11_diagnostics/excess_weight_rootcause_v1/unrestricted_stability_scan_480_v1/20260816T202848Z_unrestricted_A15xS8xF3_np1/fixed/A13_S3/F0/console.log	1
C_A13_S3_F1	fixed	A13_S3_F1	A13_S3	A13	F1	S3	134326786	769890491	"2:1000000:""gw"""	"1:600000:"""""	/eos/user/c/cglenn/FCCWork/whizard/whizard_ttbar_spinpol/production/full6f_365gev_ee_ttbar_spinpol_v1/phase11_diagnostics/excess_weight_rootcause_v1/unrestricted_stability_scan_480_v1/20260816T202848Z_unrestricted_A15xS8xF3_np1/fixed/A13_S3/F1	PASS	PASS	0	20733e0e17025d2c73f73a666c5b62f92c105ca98114231020130b77f5730d5d	c6f89f4f992aa38ebb14e312f3ea8ad772b7f840152983db9ef8573ea8afa776	af4a95b8fa07d1d581071146f23c66506c21c1bb8c54cf81294081293783dd54	1	0	1	/eos/user/c/cglenn/FCCWork/whizard/whizard_ttbar_spinpol/production/full6f_365gev_ee_ttbar_spinpol_v1/phase11_diagnostics/excess_weight_rootcause_v1/unrestricted_stability_scan_480_v1/20260816T202848Z_unrestricted_A15xS8xF3_np1/fixed/A13_S3/F1/console.log	1
C_A13_S3_F2	fixed	A13_S3_F2	A13_S3	A13	F2	S3	134326786	769890491	"2:1000000:""gw"""	"1:2000000:"""""	/eos/user/c/cglenn/FCCWork/whizard/whizard_ttbar_spinpol/production/full6f_365gev_ee_ttbar_spinpol_v1/phase11_diagnostics/excess_weight_rootcause_v1/unrestricted_stability_scan_480_v1/20260816T202848Z_unrestricted_A15xS8xF3_np1/fixed/A13_S3/F2	PASS	PASS	0	20733e0e17025d2c73f73a666c5b62f92c105ca98114231020130b77f5730d5d	b46efc4aa5f835fffb73aa80d67b533425939762ea7147c32e0f3b7be4a8519a	af4a95b8fa07d1d581071146f23c66506c21c1bb8c54cf81294081293783dd54	1	0	1	/eos/user/c/cglenn/FCCWork/whizard/whizard_ttbar_spinpol/production/full6f_365gev_ee_ttbar_spinpol_v1/phase11_diagnostics/excess_weight_rootcause_v1/unrestricted_stability_scan_480_v1/20260816T202848Z_unrestricted_A15xS8xF3_np1/fixed/A13_S3/F2/console.log	1
P_A13_S4	adaptive	A13_S4		A13		S4	249371675	462903030	"2:1000000:""gw"""		/eos/user/c/cglenn/FCCWork/whizard/whizard_ttbar_spinpol/production/full6f_365gev_ee_ttbar_spinpol_v1/phase11_diagnostics/excess_weight_rootcause_v1/unrestricted_stability_scan_480_v1/20260816T202848Z_unrestricted_A15xS8xF3_np1/adaptive/A13_S4	PASS	PASS	0	20733e0e17025d2c73f73a666c5b62f92c105ca98114231020130b77f5730d5d	05718d8e5b345a2a65d0d97c82d4a3aab060579bc33eb1b110a493f038c2e744		0	1		/eos/user/c/cglenn/FCCWork/whizard/whizard_ttbar_spinpol/production/full6f_365gev_ee_ttbar_spinpol_v1/phase11_diagnostics/excess_weight_rootcause_v1/unrestricted_stability_scan_480_v1/20260816T202848Z_unrestricted_A15xS8xF3_np1/adaptive/A13_S4/console.log	1
C_A13_S4_F0	fixed	A13_S4_F0	A13_S4	A13	F0	S4	249371675	462903030	"2:1000000:""gw"""	"3:200000:"""""	/eos/user/c/cglenn/FCCWork/whizard/whizard_ttbar_spinpol/production/full6f_365gev_ee_ttbar_spinpol_v1/phase11_diagnostics/excess_weight_rootcause_v1/unrestricted_stability_scan_480_v1/20260816T202848Z_unrestricted_A15xS8xF3_np1/fixed/A13_S4/F0	PASS	PASS	0	20733e0e17025d2c73f73a666c5b62f92c105ca98114231020130b77f5730d5d	b2135fca93b65209cc80cfbf55da68a8d2710976ce241613587c2a683e1adc38	05718d8e5b345a2a65d0d97c82d4a3aab060579bc33eb1b110a493f038c2e744	1	0	1	/eos/user/c/cglenn/FCCWork/whizard/whizard_ttbar_spinpol/production/full6f_365gev_ee_ttbar_spinpol_v1/phase11_diagnostics/excess_weight_rootcause_v1/unrestricted_stability_scan_480_v1/20260816T202848Z_unrestricted_A15xS8xF3_np1/fixed/A13_S4/F0/console.log	1
C_A13_S4_F1	fixed	A13_S4_F1	A13_S4	A13	F1	S4	249371675	462903030	"2:1000000:""gw"""	"1:600000:"""""	/eos/user/c/cglenn/FCCWork/whizard/whizard_ttbar_spinpol/production/full6f_365gev_ee_ttbar_spinpol_v1/phase11_diagnostics/excess_weight_rootcause_v1/unrestricted_stability_scan_480_v1/20260816T202848Z_unrestricted_A15xS8xF3_np1/fixed/A13_S4/F1	PASS	PASS	0	20733e0e17025d2c73f73a666c5b62f92c105ca98114231020130b77f5730d5d	9889276d6e4189f07b2626e5cb7e64bb36765aa4eea7ed5ccab1bcf1689b8f8e	05718d8e5b345a2a65d0d97c82d4a3aab060579bc33eb1b110a493f038c2e744	1	0	1	/eos/user/c/cglenn/FCCWork/whizard/whizard_ttbar_spinpol/production/full6f_365gev_ee_ttbar_spinpol_v1/phase11_diagnostics/excess_weight_rootcause_v1/unrestricted_stability_scan_480_v1/20260816T202848Z_unrestricted_A15xS8xF3_np1/fixed/A13_S4/F1/console.log	1
C_A13_S4_F2	fixed	A13_S4_F2	A13_S4	A13	F2	S4	249371675	462903030	"2:1000000:""gw"""	"1:2000000:"""""	/eos/user/c/cglenn/FCCWork/whizard/whizard_ttbar_spinpol/production/full6f_365gev_ee_ttbar_spinpol_v1/phase11_diagnostics/excess_weight_rootcause_v1/unrestricted_stability_scan_480_v1/20260816T202848Z_unrestricted_A15xS8xF3_np1/fixed/A13_S4/F2	PASS	PASS	0	20733e0e17025d2c73f73a666c5b62f92c105ca98114231020130b77f5730d5d	be02c9f7ad15a01f768fc95784c44607472b51115e1a2c5d7013f981813ec45d	05718d8e5b345a2a65d0d97c82d4a3aab060579bc33eb1b110a493f038c2e744	1	0	1	/eos/user/c/cglenn/FCCWork/whizard/whizard_ttbar_spinpol/production/full6f_365gev_ee_ttbar_spinpol_v1/phase11_diagnostics/excess_weight_rootcause_v1/unrestricted_stability_scan_480_v1/20260816T202848Z_unrestricted_A15xS8xF3_np1/fixed/A13_S4/F2/console.log	1
P_A13_S5	adaptive	A13_S5		A13		S5	531087687	197846737	"2:1000000:""gw"""		/eos/user/c/cglenn/FCCWork/whizard/whizard_ttbar_spinpol/production/full6f_365gev_ee_ttbar_spinpol_v1/phase11_diagnostics/excess_weight_rootcause_v1/unrestricted_stability_scan_480_v1/20260816T202848Z_unrestricted_A15xS8xF3_np1/adaptive/A13_S5	PASS	PASS	0	20733e0e17025d2c73f73a666c5b62f92c105ca98114231020130b77f5730d5d	7a40aecad6ca32c52f8e8aefdb183853c3ab07e66e08bf7e7a29a53b9d3d734f		0	1		/eos/user/c/cglenn/FCCWork/whizard/whizard_ttbar_spinpol/production/full6f_365gev_ee_ttbar_spinpol_v1/phase11_diagnostics/excess_weight_rootcause_v1/unrestricted_stability_scan_480_v1/20260816T202848Z_unrestricted_A15xS8xF3_np1/adaptive/A13_S5/console.log	1
C_A13_S5_F0	fixed	A13_S5_F0	A13_S5	A13	F0	S5	531087687	197846737	"2:1000000:""gw"""	"3:200000:"""""	/eos/user/c/cglenn/FCCWork/whizard/whizard_ttbar_spinpol/production/full6f_365gev_ee_ttbar_spinpol_v1/phase11_diagnostics/excess_weight_rootcause_v1/unrestricted_stability_scan_480_v1/20260816T202848Z_unrestricted_A15xS8xF3_np1/fixed/A13_S5/F0	PASS	PASS	0	20733e0e17025d2c73f73a666c5b62f92c105ca98114231020130b77f5730d5d	1466931056f1aa52aca2a9fa5edc107a00d58c8ffc4f7521aff6a2521434ef21	7a40aecad6ca32c52f8e8aefdb183853c3ab07e66e08bf7e7a29a53b9d3d734f	1	0	1	/eos/user/c/cglenn/FCCWork/whizard/whizard_ttbar_spinpol/production/full6f_365gev_ee_ttbar_spinpol_v1/phase11_diagnostics/excess_weight_rootcause_v1/unrestricted_stability_scan_480_v1/20260816T202848Z_unrestricted_A15xS8xF3_np1/fixed/A13_S5/F0/console.log	1
C_A13_S5_F1	fixed	A13_S5_F1	A13_S5	A13	F1	S5	531087687	197846737	"2:1000000:""gw"""	"1:600000:"""""	/eos/user/c/cglenn/FCCWork/whizard/whizard_ttbar_spinpol/production/full6f_365gev_ee_ttbar_spinpol_v1/phase11_diagnostics/excess_weight_rootcause_v1/unrestricted_stability_scan_480_v1/20260816T202848Z_unrestricted_A15xS8xF3_np1/fixed/A13_S5/F1	PASS	PASS	0	20733e0e17025d2c73f73a666c5b62f92c105ca98114231020130b77f5730d5d	714080c2b706862d1485b7268ad9c16b21ecd210846fc6a87985ca5dc9259159	7a40aecad6ca32c52f8e8aefdb183853c3ab07e66e08bf7e7a29a53b9d3d734f	1	0	1	/eos/user/c/cglenn/FCCWork/whizard/whizard_ttbar_spinpol/production/full6f_365gev_ee_ttbar_spinpol_v1/phase11_diagnostics/excess_weight_rootcause_v1/unrestricted_stability_scan_480_v1/20260816T202848Z_unrestricted_A15xS8xF3_np1/fixed/A13_S5/F1/console.log	1
C_A13_S5_F2	fixed	A13_S5_F2	A13_S5	A13	F2	S5	531087687	197846737	"2:1000000:""gw"""	"1:2000000:"""""	/eos/user/c/cglenn/FCCWork/whizard/whizard_ttbar_spinpol/production/full6f_365gev_ee_ttbar_spinpol_v1/phase11_diagnostics/excess_weight_rootcause_v1/unrestricted_stability_scan_480_v1/20260816T202848Z_unrestricted_A15xS8xF3_np1/fixed/A13_S5/F2	PASS	PASS	0	20733e0e17025d2c73f73a666c5b62f92c105ca98114231020130b77f5730d5d	8f18c5c0ec94885bae516fa150cb952c28c2e85a41689529c4604f0fb42ffe72	7a40aecad6ca32c52f8e8aefdb183853c3ab07e66e08bf7e7a29a53b9d3d734f	1	0	1	/eos/user/c/cglenn/FCCWork/whizard/whizard_ttbar_spinpol/production/full6f_365gev_ee_ttbar_spinpol_v1/phase11_diagnostics/excess_weight_rootcause_v1/unrestricted_stability_scan_480_v1/20260816T202848Z_unrestricted_A15xS8xF3_np1/fixed/A13_S5/F2/console.log	1
P_A13_S6	adaptive	A13_S6		A13		S6	519963689	958460417	"2:1000000:""gw"""		/eos/user/c/cglenn/FCCWork/whizard/whizard_ttbar_spinpol/production/full6f_365gev_ee_ttbar_spinpol_v1/phase11_diagnostics/excess_weight_rootcause_v1/unrestricted_stability_scan_480_v1/20260816T202848Z_unrestricted_A15xS8xF3_np1/adaptive/A13_S6	PASS	PASS	0	20733e0e17025d2c73f73a666c5b62f92c105ca98114231020130b77f5730d5d	863c0381605ea9ba1915d67e148c07cd4a23c56897a4eddfebde72ed2c155c17		0	1		/eos/user/c/cglenn/FCCWork/whizard/whizard_ttbar_spinpol/production/full6f_365gev_ee_ttbar_spinpol_v1/phase11_diagnostics/excess_weight_rootcause_v1/unrestricted_stability_scan_480_v1/20260816T202848Z_unrestricted_A15xS8xF3_np1/adaptive/A13_S6/console.log	1
C_A13_S6_F0	fixed	A13_S6_F0	A13_S6	A13	F0	S6	519963689	958460417	"2:1000000:""gw"""	"3:200000:"""""	/eos/user/c/cglenn/FCCWork/whizard/whizard_ttbar_spinpol/production/full6f_365gev_ee_ttbar_spinpol_v1/phase11_diagnostics/excess_weight_rootcause_v1/unrestricted_stability_scan_480_v1/20260816T202848Z_unrestricted_A15xS8xF3_np1/fixed/A13_S6/F0	PASS	PASS	0	20733e0e17025d2c73f73a666c5b62f92c105ca98114231020130b77f5730d5d	a83b6853e64d9f016cd1e856bc9955ce24202ae771f8032589e9bc71fa4684e6	863c0381605ea9ba1915d67e148c07cd4a23c56897a4eddfebde72ed2c155c17	1	0	1	/eos/user/c/cglenn/FCCWork/whizard/whizard_ttbar_spinpol/production/full6f_365gev_ee_ttbar_spinpol_v1/phase11_diagnostics/excess_weight_rootcause_v1/unrestricted_stability_scan_480_v1/20260816T202848Z_unrestricted_A15xS8xF3_np1/fixed/A13_S6/F0/console.log	1
C_A13_S6_F1	fixed	A13_S6_F1	A13_S6	A13	F1	S6	519963689	958460417	"2:1000000:""gw"""	"1:600000:"""""	/eos/user/c/cglenn/FCCWork/whizard/whizard_ttbar_spinpol/production/full6f_365gev_ee_ttbar_spinpol_v1/phase11_diagnostics/excess_weight_rootcause_v1/unrestricted_stability_scan_480_v1/20260816T202848Z_unrestricted_A15xS8xF3_np1/fixed/A13_S6/F1	PASS	PASS	0	20733e0e17025d2c73f73a666c5b62f92c105ca98114231020130b77f5730d5d	69fe33c8d102d26e94c928b918fbbce5ac708bc566b61597aa9451f17effc3a5	863c0381605ea9ba1915d67e148c07cd4a23c56897a4eddfebde72ed2c155c17	1	0	1	/eos/user/c/cglenn/FCCWork/whizard/whizard_ttbar_spinpol/production/full6f_365gev_ee_ttbar_spinpol_v1/phase11_diagnostics/excess_weight_rootcause_v1/unrestricted_stability_scan_480_v1/20260816T202848Z_unrestricted_A15xS8xF3_np1/fixed/A13_S6/F1/console.log	1
C_A13_S6_F2	fixed	A13_S6_F2	A13_S6	A13	F2	S6	519963689	958460417	"2:1000000:""gw"""	"1:2000000:"""""	/eos/user/c/cglenn/FCCWork/whizard/whizard_ttbar_spinpol/production/full6f_365gev_ee_ttbar_spinpol_v1/phase11_diagnostics/excess_weight_rootcause_v1/unrestricted_stability_scan_480_v1/20260816T202848Z_unrestricted_A15xS8xF3_np1/fixed/A13_S6/F2	PASS	PASS	0	20733e0e17025d2c73f73a666c5b62f92c105ca98114231020130b77f5730d5d	1bbe24e9d0492a1dd164e972ce73424c01c07440952da445130f6e5b8477af2d	863c0381605ea9ba1915d67e148c07cd4a23c56897a4eddfebde72ed2c155c17	1	0	1	/eos/user/c/cglenn/FCCWork/whizard/whizard_ttbar_spinpol/production/full6f_365gev_ee_ttbar_spinpol_v1/phase11_diagnostics/excess_weight_rootcause_v1/unrestricted_stability_scan_480_v1/20260816T202848Z_unrestricted_A15xS8xF3_np1/fixed/A13_S6/F2/console.log	1
P_A13_S7	adaptive	A13_S7		A13		S7	1552803368	239117595	"2:1000000:""gw"""		/eos/user/c/cglenn/FCCWork/whizard/whizard_ttbar_spinpol/production/full6f_365gev_ee_ttbar_spinpol_v1/phase11_diagnostics/excess_weight_rootcause_v1/unrestricted_stability_scan_480_v1/20260816T202848Z_unrestricted_A15xS8xF3_np1/adaptive/A13_S7	PASS	PASS	0	20733e0e17025d2c73f73a666c5b62f92c105ca98114231020130b77f5730d5d	f17326f8cf63215b74d903372019950aca91b194d67d0930f431d45076924429		0	1		/eos/user/c/cglenn/FCCWork/whizard/whizard_ttbar_spinpol/production/full6f_365gev_ee_ttbar_spinpol_v1/phase11_diagnostics/excess_weight_rootcause_v1/unrestricted_stability_scan_480_v1/20260816T202848Z_unrestricted_A15xS8xF3_np1/adaptive/A13_S7/console.log	1
C_A13_S7_F0	fixed	A13_S7_F0	A13_S7	A13	F0	S7	1552803368	239117595	"2:1000000:""gw"""	"3:200000:"""""	/eos/user/c/cglenn/FCCWork/whizard/whizard_ttbar_spinpol/production/full6f_365gev_ee_ttbar_spinpol_v1/phase11_diagnostics/excess_weight_rootcause_v1/unrestricted_stability_scan_480_v1/20260816T202848Z_unrestricted_A15xS8xF3_np1/fixed/A13_S7/F0	PASS	PASS	0	20733e0e17025d2c73f73a666c5b62f92c105ca98114231020130b77f5730d5d	e5dfe8dc27996152e48d0e082c2ad03da805dc923f152d88bfb3e40aeb914579	f17326f8cf63215b74d903372019950aca91b194d67d0930f431d45076924429	1	0	1	/eos/user/c/cglenn/FCCWork/whizard/whizard_ttbar_spinpol/production/full6f_365gev_ee_ttbar_spinpol_v1/phase11_diagnostics/excess_weight_rootcause_v1/unrestricted_stability_scan_480_v1/20260816T202848Z_unrestricted_A15xS8xF3_np1/fixed/A13_S7/F0/console.log	1
C_A13_S7_F1	fixed	A13_S7_F1	A13_S7	A13	F1	S7	1552803368	239117595	"2:1000000:""gw"""	"1:600000:"""""	/eos/user/c/cglenn/FCCWork/whizard/whizard_ttbar_spinpol/production/full6f_365gev_ee_ttbar_spinpol_v1/phase11_diagnostics/excess_weight_rootcause_v1/unrestricted_stability_scan_480_v1/20260816T202848Z_unrestricted_A15xS8xF3_np1/fixed/A13_S7/F1	PASS	PASS	0	20733e0e17025d2c73f73a666c5b62f92c105ca98114231020130b77f5730d5d	22b03d4cd49ed692496081188e4b7a1088a0b5f68df3f85b9e017a974bdddeae	f17326f8cf63215b74d903372019950aca91b194d67d0930f431d45076924429	1	0	1	/eos/user/c/cglenn/FCCWork/whizard/whizard_ttbar_spinpol/production/full6f_365gev_ee_ttbar_spinpol_v1/phase11_diagnostics/excess_weight_rootcause_v1/unrestricted_stability_scan_480_v1/20260816T202848Z_unrestricted_A15xS8xF3_np1/fixed/A13_S7/F1/console.log	1
C_A13_S7_F2	fixed	A13_S7_F2	A13_S7	A13	F2	S7	1552803368	239117595	"2:1000000:""gw"""	"1:2000000:"""""	/eos/user/c/cglenn/FCCWork/whizard/whizard_ttbar_spinpol/production/full6f_365gev_ee_ttbar_spinpol_v1/phase11_diagnostics/excess_weight_rootcause_v1/unrestricted_stability_scan_480_v1/20260816T202848Z_unrestricted_A15xS8xF3_np1/fixed/A13_S7/F2	PASS	PASS	0	20733e0e17025d2c73f73a666c5b62f92c105ca98114231020130b77f5730d5d	ee58f3c8c5d29322716da35b3477ed53afc20a591566e5ee3dcf67faac624342	f17326f8cf63215b74d903372019950aca91b194d67d0930f431d45076924429	1	0	1	/eos/user/c/cglenn/FCCWork/whizard/whizard_ttbar_spinpol/production/full6f_365gev_ee_ttbar_spinpol_v1/phase11_diagnostics/excess_weight_rootcause_v1/unrestricted_stability_scan_480_v1/20260816T202848Z_unrestricted_A15xS8xF3_np1/fixed/A13_S7/F2/console.log	1
P_A14_S0	adaptive	A14_S0		A14		S0	1740114216	648318690	"1:2000000:""gw"""		/eos/user/c/cglenn/FCCWork/whizard/whizard_ttbar_spinpol/production/full6f_365gev_ee_ttbar_spinpol_v1/phase11_diagnostics/excess_weight_rootcause_v1/unrestricted_stability_scan_480_v1/20260816T202848Z_unrestricted_A15xS8xF3_np1/adaptive/A14_S0	PASS	PASS	0	20733e0e17025d2c73f73a666c5b62f92c105ca98114231020130b77f5730d5d	3e03a5e3c055a51a836ec8cfa6ca9ac4fd422c6d3f80c406b20c94c1ba2ed180		0	1		/eos/user/c/cglenn/FCCWork/whizard/whizard_ttbar_spinpol/production/full6f_365gev_ee_ttbar_spinpol_v1/phase11_diagnostics/excess_weight_rootcause_v1/unrestricted_stability_scan_480_v1/20260816T202848Z_unrestricted_A15xS8xF3_np1/adaptive/A14_S0/console.log	1
C_A14_S0_F0	fixed	A14_S0_F0	A14_S0	A14	F0	S0	1740114216	648318690	"1:2000000:""gw"""	"3:200000:"""""	/eos/user/c/cglenn/FCCWork/whizard/whizard_ttbar_spinpol/production/full6f_365gev_ee_ttbar_spinpol_v1/phase11_diagnostics/excess_weight_rootcause_v1/unrestricted_stability_scan_480_v1/20260816T202848Z_unrestricted_A15xS8xF3_np1/fixed/A14_S0/F0	PASS	PASS	0	20733e0e17025d2c73f73a666c5b62f92c105ca98114231020130b77f5730d5d	13bcb4cc7846c1f7b6c39cf1dd08247195d92c59078f1ba9e87651ae2473beef	3e03a5e3c055a51a836ec8cfa6ca9ac4fd422c6d3f80c406b20c94c1ba2ed180	1	0	1	/eos/user/c/cglenn/FCCWork/whizard/whizard_ttbar_spinpol/production/full6f_365gev_ee_ttbar_spinpol_v1/phase11_diagnostics/excess_weight_rootcause_v1/unrestricted_stability_scan_480_v1/20260816T202848Z_unrestricted_A15xS8xF3_np1/fixed/A14_S0/F0/console.log	1
C_A14_S0_F1	fixed	A14_S0_F1	A14_S0	A14	F1	S0	1740114216	648318690	"1:2000000:""gw"""	"1:600000:"""""	/eos/user/c/cglenn/FCCWork/whizard/whizard_ttbar_spinpol/production/full6f_365gev_ee_ttbar_spinpol_v1/phase11_diagnostics/excess_weight_rootcause_v1/unrestricted_stability_scan_480_v1/20260816T202848Z_unrestricted_A15xS8xF3_np1/fixed/A14_S0/F1	PASS	PASS	0	20733e0e17025d2c73f73a666c5b62f92c105ca98114231020130b77f5730d5d	a86d63639ff524ff18b89441099b15756a8462b0d6d491defd00c1c0702421a5	3e03a5e3c055a51a836ec8cfa6ca9ac4fd422c6d3f80c406b20c94c1ba2ed180	1	0	1	/eos/user/c/cglenn/FCCWork/whizard/whizard_ttbar_spinpol/production/full6f_365gev_ee_ttbar_spinpol_v1/phase11_diagnostics/excess_weight_rootcause_v1/unrestricted_stability_scan_480_v1/20260816T202848Z_unrestricted_A15xS8xF3_np1/fixed/A14_S0/F1/console.log	1
C_A14_S0_F2	fixed	A14_S0_F2	A14_S0	A14	F2	S0	1740114216	648318690	"1:2000000:""gw"""	"1:2000000:"""""	/eos/user/c/cglenn/FCCWork/whizard/whizard_ttbar_spinpol/production/full6f_365gev_ee_ttbar_spinpol_v1/phase11_diagnostics/excess_weight_rootcause_v1/unrestricted_stability_scan_480_v1/20260816T202848Z_unrestricted_A15xS8xF3_np1/fixed/A14_S0/F2	PASS	PASS	0	20733e0e17025d2c73f73a666c5b62f92c105ca98114231020130b77f5730d5d	a2b5452bee12565885bd873b43ee4acfca88c4f8fdd047bd7a394f097bf6d78b	3e03a5e3c055a51a836ec8cfa6ca9ac4fd422c6d3f80c406b20c94c1ba2ed180	1	0	1	/eos/user/c/cglenn/FCCWork/whizard/whizard_ttbar_spinpol/production/full6f_365gev_ee_ttbar_spinpol_v1/phase11_diagnostics/excess_weight_rootcause_v1/unrestricted_stability_scan_480_v1/20260816T202848Z_unrestricted_A15xS8xF3_np1/fixed/A14_S0/F2/console.log	1
P_A14_S1	adaptive	A14_S1		A14		S1	1751949026	1404282457	"1:2000000:""gw"""		/eos/user/c/cglenn/FCCWork/whizard/whizard_ttbar_spinpol/production/full6f_365gev_ee_ttbar_spinpol_v1/phase11_diagnostics/excess_weight_rootcause_v1/unrestricted_stability_scan_480_v1/20260816T202848Z_unrestricted_A15xS8xF3_np1/adaptive/A14_S1	PASS	PASS	0	20733e0e17025d2c73f73a666c5b62f92c105ca98114231020130b77f5730d5d	f25ed0a2c536e4cee392da2000d790fd78b989b8d53b84ecb353926950844c29		0	1		/eos/user/c/cglenn/FCCWork/whizard/whizard_ttbar_spinpol/production/full6f_365gev_ee_ttbar_spinpol_v1/phase11_diagnostics/excess_weight_rootcause_v1/unrestricted_stability_scan_480_v1/20260816T202848Z_unrestricted_A15xS8xF3_np1/adaptive/A14_S1/console.log	1
C_A14_S1_F0	fixed	A14_S1_F0	A14_S1	A14	F0	S1	1751949026	1404282457	"1:2000000:""gw"""	"3:200000:"""""	/eos/user/c/cglenn/FCCWork/whizard/whizard_ttbar_spinpol/production/full6f_365gev_ee_ttbar_spinpol_v1/phase11_diagnostics/excess_weight_rootcause_v1/unrestricted_stability_scan_480_v1/20260816T202848Z_unrestricted_A15xS8xF3_np1/fixed/A14_S1/F0	PASS	PASS	0	20733e0e17025d2c73f73a666c5b62f92c105ca98114231020130b77f5730d5d	cc022c49a0d6c93b829312018ab21c87e5da8fc87d8005c57ab9ea1d3b159aed	f25ed0a2c536e4cee392da2000d790fd78b989b8d53b84ecb353926950844c29	1	0	1	/eos/user/c/cglenn/FCCWork/whizard/whizard_ttbar_spinpol/production/full6f_365gev_ee_ttbar_spinpol_v1/phase11_diagnostics/excess_weight_rootcause_v1/unrestricted_stability_scan_480_v1/20260816T202848Z_unrestricted_A15xS8xF3_np1/fixed/A14_S1/F0/console.log	1
C_A14_S1_F1	fixed	A14_S1_F1	A14_S1	A14	F1	S1	1751949026	1404282457	"1:2000000:""gw"""	"1:600000:"""""	/eos/user/c/cglenn/FCCWork/whizard/whizard_ttbar_spinpol/production/full6f_365gev_ee_ttbar_spinpol_v1/phase11_diagnostics/excess_weight_rootcause_v1/unrestricted_stability_scan_480_v1/20260816T202848Z_unrestricted_A15xS8xF3_np1/fixed/A14_S1/F1	PASS	PASS	0	20733e0e17025d2c73f73a666c5b62f92c105ca98114231020130b77f5730d5d	0231ce5cf59eac3e216e932b38396ecd62fd6bd07e6ac2e2ba4e598ded027c59	f25ed0a2c536e4cee392da2000d790fd78b989b8d53b84ecb353926950844c29	1	0	1	/eos/user/c/cglenn/FCCWork/whizard/whizard_ttbar_spinpol/production/full6f_365gev_ee_ttbar_spinpol_v1/phase11_diagnostics/excess_weight_rootcause_v1/unrestricted_stability_scan_480_v1/20260816T202848Z_unrestricted_A15xS8xF3_np1/fixed/A14_S1/F1/console.log	1
C_A14_S1_F2	fixed	A14_S1_F2	A14_S1	A14	F2	S1	1751949026	1404282457	"1:2000000:""gw"""	"1:2000000:"""""	/eos/user/c/cglenn/FCCWork/whizard/whizard_ttbar_spinpol/production/full6f_365gev_ee_ttbar_spinpol_v1/phase11_diagnostics/excess_weight_rootcause_v1/unrestricted_stability_scan_480_v1/20260816T202848Z_unrestricted_A15xS8xF3_np1/fixed/A14_S1/F2	PASS	PASS	0	20733e0e17025d2c73f73a666c5b62f92c105ca98114231020130b77f5730d5d	92c2453925398a5aaaedc93829cea376b472b4853f87317e3bad48b931e2c989	f25ed0a2c536e4cee392da2000d790fd78b989b8d53b84ecb353926950844c29	1	0	1	/eos/user/c/cglenn/FCCWork/whizard/whizard_ttbar_spinpol/production/full6f_365gev_ee_ttbar_spinpol_v1/phase11_diagnostics/excess_weight_rootcause_v1/unrestricted_stability_scan_480_v1/20260816T202848Z_unrestricted_A15xS8xF3_np1/fixed/A14_S1/F2/console.log	1
P_A14_S2	adaptive	A14_S2		A14		S2	1885084773	1596606550	"1:2000000:""gw"""		/eos/user/c/cglenn/FCCWork/whizard/whizard_ttbar_spinpol/production/full6f_365gev_ee_ttbar_spinpol_v1/phase11_diagnostics/excess_weight_rootcause_v1/unrestricted_stability_scan_480_v1/20260816T202848Z_unrestricted_A15xS8xF3_np1/adaptive/A14_S2	PASS	PASS	0	20733e0e17025d2c73f73a666c5b62f92c105ca98114231020130b77f5730d5d	2c3cb57f5fd9178b028c5d837972fea82c42390fd96ee095620510d23184f8aa		0	1		/eos/user/c/cglenn/FCCWork/whizard/whizard_ttbar_spinpol/production/full6f_365gev_ee_ttbar_spinpol_v1/phase11_diagnostics/excess_weight_rootcause_v1/unrestricted_stability_scan_480_v1/20260816T202848Z_unrestricted_A15xS8xF3_np1/adaptive/A14_S2/console.log	1
C_A14_S2_F0	fixed	A14_S2_F0	A14_S2	A14	F0	S2	1885084773	1596606550	"1:2000000:""gw"""	"3:200000:"""""	/eos/user/c/cglenn/FCCWork/whizard/whizard_ttbar_spinpol/production/full6f_365gev_ee_ttbar_spinpol_v1/phase11_diagnostics/excess_weight_rootcause_v1/unrestricted_stability_scan_480_v1/20260816T202848Z_unrestricted_A15xS8xF3_np1/fixed/A14_S2/F0	PASS	PASS	0	20733e0e17025d2c73f73a666c5b62f92c105ca98114231020130b77f5730d5d	359c0e80891e656cb86c84537bce7c6fbf3e6d8652b27e35e8c11f89aa36e304	2c3cb57f5fd9178b028c5d837972fea82c42390fd96ee095620510d23184f8aa	1	0	1	/eos/user/c/cglenn/FCCWork/whizard/whizard_ttbar_spinpol/production/full6f_365gev_ee_ttbar_spinpol_v1/phase11_diagnostics/excess_weight_rootcause_v1/unrestricted_stability_scan_480_v1/20260816T202848Z_unrestricted_A15xS8xF3_np1/fixed/A14_S2/F0/console.log	1
C_A14_S2_F1	fixed	A14_S2_F1	A14_S2	A14	F1	S2	1885084773	1596606550	"1:2000000:""gw"""	"1:600000:"""""	/eos/user/c/cglenn/FCCWork/whizard/whizard_ttbar_spinpol/production/full6f_365gev_ee_ttbar_spinpol_v1/phase11_diagnostics/excess_weight_rootcause_v1/unrestricted_stability_scan_480_v1/20260816T202848Z_unrestricted_A15xS8xF3_np1/fixed/A14_S2/F1	PASS	PASS	0	20733e0e17025d2c73f73a666c5b62f92c105ca98114231020130b77f5730d5d	92c297baf0349cb3e560cbd210ea350df04fc5c8bb1c3c673163a1855f79d1d9	2c3cb57f5fd9178b028c5d837972fea82c42390fd96ee095620510d23184f8aa	1	0	1	/eos/user/c/cglenn/FCCWork/whizard/whizard_ttbar_spinpol/production/full6f_365gev_ee_ttbar_spinpol_v1/phase11_diagnostics/excess_weight_rootcause_v1/unrestricted_stability_scan_480_v1/20260816T202848Z_unrestricted_A15xS8xF3_np1/fixed/A14_S2/F1/console.log	1
C_A14_S2_F2	fixed	A14_S2_F2	A14_S2	A14	F2	S2	1885084773	1596606550	"1:2000000:""gw"""	"1:2000000:"""""	/eos/user/c/cglenn/FCCWork/whizard/whizard_ttbar_spinpol/production/full6f_365gev_ee_ttbar_spinpol_v1/phase11_diagnostics/excess_weight_rootcause_v1/unrestricted_stability_scan_480_v1/20260816T202848Z_unrestricted_A15xS8xF3_np1/fixed/A14_S2/F2	PASS	PASS	0	20733e0e17025d2c73f73a666c5b62f92c105ca98114231020130b77f5730d5d	b1f19051424ec5d32263218829b56677dba4326d78145d97aa48280c6bf5bafd	2c3cb57f5fd9178b028c5d837972fea82c42390fd96ee095620510d23184f8aa	1	0	1	/eos/user/c/cglenn/FCCWork/whizard/whizard_ttbar_spinpol/production/full6f_365gev_ee_ttbar_spinpol_v1/phase11_diagnostics/excess_weight_rootcause_v1/unrestricted_stability_scan_480_v1/20260816T202848Z_unrestricted_A15xS8xF3_np1/fixed/A14_S2/F2/console.log	1
P_A14_S3	adaptive	A14_S3		A14		S3	134326786	769890491	"1:2000000:""gw"""		/eos/user/c/cglenn/FCCWork/whizard/whizard_ttbar_spinpol/production/full6f_365gev_ee_ttbar_spinpol_v1/phase11_diagnostics/excess_weight_rootcause_v1/unrestricted_stability_scan_480_v1/20260816T202848Z_unrestricted_A15xS8xF3_np1/adaptive/A14_S3	PASS	PASS	0	20733e0e17025d2c73f73a666c5b62f92c105ca98114231020130b77f5730d5d	7418e4daff91075ff62f9d56fd81471bb3f282880c9fdac5cba9d77b89f46047		0	1		/eos/user/c/cglenn/FCCWork/whizard/whizard_ttbar_spinpol/production/full6f_365gev_ee_ttbar_spinpol_v1/phase11_diagnostics/excess_weight_rootcause_v1/unrestricted_stability_scan_480_v1/20260816T202848Z_unrestricted_A15xS8xF3_np1/adaptive/A14_S3/console.log	1
C_A14_S3_F0	fixed	A14_S3_F0	A14_S3	A14	F0	S3	134326786	769890491	"1:2000000:""gw"""	"3:200000:"""""	/eos/user/c/cglenn/FCCWork/whizard/whizard_ttbar_spinpol/production/full6f_365gev_ee_ttbar_spinpol_v1/phase11_diagnostics/excess_weight_rootcause_v1/unrestricted_stability_scan_480_v1/20260816T202848Z_unrestricted_A15xS8xF3_np1/fixed/A14_S3/F0	PASS	PASS	0	20733e0e17025d2c73f73a666c5b62f92c105ca98114231020130b77f5730d5d	eb5b02b80ad1f9d05e495edb024cbcffad9146d1e61f2453d58cdfce09b8f100	7418e4daff91075ff62f9d56fd81471bb3f282880c9fdac5cba9d77b89f46047	1	0	1	/eos/user/c/cglenn/FCCWork/whizard/whizard_ttbar_spinpol/production/full6f_365gev_ee_ttbar_spinpol_v1/phase11_diagnostics/excess_weight_rootcause_v1/unrestricted_stability_scan_480_v1/20260816T202848Z_unrestricted_A15xS8xF3_np1/fixed/A14_S3/F0/console.log	1
C_A14_S3_F1	fixed	A14_S3_F1	A14_S3	A14	F1	S3	134326786	769890491	"1:2000000:""gw"""	"1:600000:"""""	/eos/user/c/cglenn/FCCWork/whizard/whizard_ttbar_spinpol/production/full6f_365gev_ee_ttbar_spinpol_v1/phase11_diagnostics/excess_weight_rootcause_v1/unrestricted_stability_scan_480_v1/20260816T202848Z_unrestricted_A15xS8xF3_np1/fixed/A14_S3/F1	PASS	PASS	0	20733e0e17025d2c73f73a666c5b62f92c105ca98114231020130b77f5730d5d	e8a7c1f86fe3fafe5506d9619eedcd177f2ea06cce632161f0902ca43a8c4b1f	7418e4daff91075ff62f9d56fd81471bb3f282880c9fdac5cba9d77b89f46047	1	0	1	/eos/user/c/cglenn/FCCWork/whizard/whizard_ttbar_spinpol/production/full6f_365gev_ee_ttbar_spinpol_v1/phase11_diagnostics/excess_weight_rootcause_v1/unrestricted_stability_scan_480_v1/20260816T202848Z_unrestricted_A15xS8xF3_np1/fixed/A14_S3/F1/console.log	1
C_A14_S3_F2	fixed	A14_S3_F2	A14_S3	A14	F2	S3	134326786	769890491	"1:2000000:""gw"""	"1:2000000:"""""	/eos/user/c/cglenn/FCCWork/whizard/whizard_ttbar_spinpol/production/full6f_365gev_ee_ttbar_spinpol_v1/phase11_diagnostics/excess_weight_rootcause_v1/unrestricted_stability_scan_480_v1/20260816T202848Z_unrestricted_A15xS8xF3_np1/fixed/A14_S3/F2	PASS	PASS	0	20733e0e17025d2c73f73a666c5b62f92c105ca98114231020130b77f5730d5d	a2b51eb0779cbdad01b9086e664e4e24d7ba830e332df3902f70095db98bc6b3	7418e4daff91075ff62f9d56fd81471bb3f282880c9fdac5cba9d77b89f46047	1	0	1	/eos/user/c/cglenn/FCCWork/whizard/whizard_ttbar_spinpol/production/full6f_365gev_ee_ttbar_spinpol_v1/phase11_diagnostics/excess_weight_rootcause_v1/unrestricted_stability_scan_480_v1/20260816T202848Z_unrestricted_A15xS8xF3_np1/fixed/A14_S3/F2/console.log	1
P_A14_S4	adaptive	A14_S4		A14		S4	249371675	462903030	"1:2000000:""gw"""		/eos/user/c/cglenn/FCCWork/whizard/whizard_ttbar_spinpol/production/full6f_365gev_ee_ttbar_spinpol_v1/phase11_diagnostics/excess_weight_rootcause_v1/unrestricted_stability_scan_480_v1/20260816T202848Z_unrestricted_A15xS8xF3_np1/adaptive/A14_S4	PASS	PASS	0	20733e0e17025d2c73f73a666c5b62f92c105ca98114231020130b77f5730d5d	1d0a84b218ecba9eefccc2eced54dac1d319fcd2d952cdabb7104e8b3002811f		0	1		/eos/user/c/cglenn/FCCWork/whizard/whizard_ttbar_spinpol/production/full6f_365gev_ee_ttbar_spinpol_v1/phase11_diagnostics/excess_weight_rootcause_v1/unrestricted_stability_scan_480_v1/20260816T202848Z_unrestricted_A15xS8xF3_np1/adaptive/A14_S4/console.log	1
C_A14_S4_F0	fixed	A14_S4_F0	A14_S4	A14	F0	S4	249371675	462903030	"1:2000000:""gw"""	"3:200000:"""""	/eos/user/c/cglenn/FCCWork/whizard/whizard_ttbar_spinpol/production/full6f_365gev_ee_ttbar_spinpol_v1/phase11_diagnostics/excess_weight_rootcause_v1/unrestricted_stability_scan_480_v1/20260816T202848Z_unrestricted_A15xS8xF3_np1/fixed/A14_S4/F0	PASS	PASS	0	20733e0e17025d2c73f73a666c5b62f92c105ca98114231020130b77f5730d5d	25aa6ae614f38a3300b0f33d3973d0bed0de98f7fae189c5397cf07fe09e342e	1d0a84b218ecba9eefccc2eced54dac1d319fcd2d952cdabb7104e8b3002811f	1	0	1	/eos/user/c/cglenn/FCCWork/whizard/whizard_ttbar_spinpol/production/full6f_365gev_ee_ttbar_spinpol_v1/phase11_diagnostics/excess_weight_rootcause_v1/unrestricted_stability_scan_480_v1/20260816T202848Z_unrestricted_A15xS8xF3_np1/fixed/A14_S4/F0/console.log	1
C_A14_S4_F1	fixed	A14_S4_F1	A14_S4	A14	F1	S4	249371675	462903030	"1:2000000:""gw"""	"1:600000:"""""	/eos/user/c/cglenn/FCCWork/whizard/whizard_ttbar_spinpol/production/full6f_365gev_ee_ttbar_spinpol_v1/phase11_diagnostics/excess_weight_rootcause_v1/unrestricted_stability_scan_480_v1/20260816T202848Z_unrestricted_A15xS8xF3_np1/fixed/A14_S4/F1	PASS	PASS	0	20733e0e17025d2c73f73a666c5b62f92c105ca98114231020130b77f5730d5d	abb409c5fc049d3b116a3445cb485a8689f95bf84de1c06647f09b7a41d35b2a	1d0a84b218ecba9eefccc2eced54dac1d319fcd2d952cdabb7104e8b3002811f	1	0	1	/eos/user/c/cglenn/FCCWork/whizard/whizard_ttbar_spinpol/production/full6f_365gev_ee_ttbar_spinpol_v1/phase11_diagnostics/excess_weight_rootcause_v1/unrestricted_stability_scan_480_v1/20260816T202848Z_unrestricted_A15xS8xF3_np1/fixed/A14_S4/F1/console.log	1
C_A14_S4_F2	fixed	A14_S4_F2	A14_S4	A14	F2	S4	249371675	462903030	"1:2000000:""gw"""	"1:2000000:"""""	/eos/user/c/cglenn/FCCWork/whizard/whizard_ttbar_spinpol/production/full6f_365gev_ee_ttbar_spinpol_v1/phase11_diagnostics/excess_weight_rootcause_v1/unrestricted_stability_scan_480_v1/20260816T202848Z_unrestricted_A15xS8xF3_np1/fixed/A14_S4/F2	PASS	PASS	0	20733e0e17025d2c73f73a666c5b62f92c105ca98114231020130b77f5730d5d	31366de47efc6e3bcd32bc4f5b6c4b52f47aae8a1b2910e20bbdfe410b3952f1	1d0a84b218ecba9eefccc2eced54dac1d319fcd2d952cdabb7104e8b3002811f	1	0	1	/eos/user/c/cglenn/FCCWork/whizard/whizard_ttbar_spinpol/production/full6f_365gev_ee_ttbar_spinpol_v1/phase11_diagnostics/excess_weight_rootcause_v1/unrestricted_stability_scan_480_v1/20260816T202848Z_unrestricted_A15xS8xF3_np1/fixed/A14_S4/F2/console.log	1
P_A14_S5	adaptive	A14_S5		A14		S5	531087687	197846737	"1:2000000:""gw"""		/eos/user/c/cglenn/FCCWork/whizard/whizard_ttbar_spinpol/production/full6f_365gev_ee_ttbar_spinpol_v1/phase11_diagnostics/excess_weight_rootcause_v1/unrestricted_stability_scan_480_v1/20260816T202848Z_unrestricted_A15xS8xF3_np1/adaptive/A14_S5	PASS	PASS	0	20733e0e17025d2c73f73a666c5b62f92c105ca98114231020130b77f5730d5d	b33f1e6b19dbf66cbd701d8433bc1375f9801b0c730a2735d4efae95f9f42181		0	1		/eos/user/c/cglenn/FCCWork/whizard/whizard_ttbar_spinpol/production/full6f_365gev_ee_ttbar_spinpol_v1/phase11_diagnostics/excess_weight_rootcause_v1/unrestricted_stability_scan_480_v1/20260816T202848Z_unrestricted_A15xS8xF3_np1/adaptive/A14_S5/console.log	1
C_A14_S5_F0	fixed	A14_S5_F0	A14_S5	A14	F0	S5	531087687	197846737	"1:2000000:""gw"""	"3:200000:"""""	/eos/user/c/cglenn/FCCWork/whizard/whizard_ttbar_spinpol/production/full6f_365gev_ee_ttbar_spinpol_v1/phase11_diagnostics/excess_weight_rootcause_v1/unrestricted_stability_scan_480_v1/20260816T202848Z_unrestricted_A15xS8xF3_np1/fixed/A14_S5/F0	PASS	PASS	0	20733e0e17025d2c73f73a666c5b62f92c105ca98114231020130b77f5730d5d	5e2e6bd0bd101b1d53d2b7fef2c49b0306fa14a69523941f74b1ba98fa8a443c	b33f1e6b19dbf66cbd701d8433bc1375f9801b0c730a2735d4efae95f9f42181	1	0	1	/eos/user/c/cglenn/FCCWork/whizard/whizard_ttbar_spinpol/production/full6f_365gev_ee_ttbar_spinpol_v1/phase11_diagnostics/excess_weight_rootcause_v1/unrestricted_stability_scan_480_v1/20260816T202848Z_unrestricted_A15xS8xF3_np1/fixed/A14_S5/F0/console.log	1
C_A14_S5_F1	fixed	A14_S5_F1	A14_S5	A14	F1	S5	531087687	197846737	"1:2000000:""gw"""	"1:600000:"""""	/eos/user/c/cglenn/FCCWork/whizard/whizard_ttbar_spinpol/production/full6f_365gev_ee_ttbar_spinpol_v1/phase11_diagnostics/excess_weight_rootcause_v1/unrestricted_stability_scan_480_v1/20260816T202848Z_unrestricted_A15xS8xF3_np1/fixed/A14_S5/F1	PASS	PASS	0	20733e0e17025d2c73f73a666c5b62f92c105ca98114231020130b77f5730d5d	223fa8e4917203106599201a7f72c69707eb7e5279274a491fb7d29c861b963d	b33f1e6b19dbf66cbd701d8433bc1375f9801b0c730a2735d4efae95f9f42181	1	0	1	/eos/user/c/cglenn/FCCWork/whizard/whizard_ttbar_spinpol/production/full6f_365gev_ee_ttbar_spinpol_v1/phase11_diagnostics/excess_weight_rootcause_v1/unrestricted_stability_scan_480_v1/20260816T202848Z_unrestricted_A15xS8xF3_np1/fixed/A14_S5/F1/console.log	1
C_A14_S5_F2	fixed	A14_S5_F2	A14_S5	A14	F2	S5	531087687	197846737	"1:2000000:""gw"""	"1:2000000:"""""	/eos/user/c/cglenn/FCCWork/whizard/whizard_ttbar_spinpol/production/full6f_365gev_ee_ttbar_spinpol_v1/phase11_diagnostics/excess_weight_rootcause_v1/unrestricted_stability_scan_480_v1/20260816T202848Z_unrestricted_A15xS8xF3_np1/fixed/A14_S5/F2	PASS	PASS	0	20733e0e17025d2c73f73a666c5b62f92c105ca98114231020130b77f5730d5d	dc03842993e4b5be29d104a8e2aa0c8711be81fc455f4903293bf0257961cb55	b33f1e6b19dbf66cbd701d8433bc1375f9801b0c730a2735d4efae95f9f42181	1	0	1	/eos/user/c/cglenn/FCCWork/whizard/whizard_ttbar_spinpol/production/full6f_365gev_ee_ttbar_spinpol_v1/phase11_diagnostics/excess_weight_rootcause_v1/unrestricted_stability_scan_480_v1/20260816T202848Z_unrestricted_A15xS8xF3_np1/fixed/A14_S5/F2/console.log	1
P_A14_S6	adaptive	A14_S6		A14		S6	519963689	958460417	"1:2000000:""gw"""		/eos/user/c/cglenn/FCCWork/whizard/whizard_ttbar_spinpol/production/full6f_365gev_ee_ttbar_spinpol_v1/phase11_diagnostics/excess_weight_rootcause_v1/unrestricted_stability_scan_480_v1/20260816T202848Z_unrestricted_A15xS8xF3_np1/adaptive/A14_S6	PASS	PASS	0	20733e0e17025d2c73f73a666c5b62f92c105ca98114231020130b77f5730d5d	44a01df0fe8cc7313ea5bbbbea954e05529ec958aeedbb562013d54f8cb801d3		0	1		/eos/user/c/cglenn/FCCWork/whizard/whizard_ttbar_spinpol/production/full6f_365gev_ee_ttbar_spinpol_v1/phase11_diagnostics/excess_weight_rootcause_v1/unrestricted_stability_scan_480_v1/20260816T202848Z_unrestricted_A15xS8xF3_np1/adaptive/A14_S6/console.log	1
C_A14_S6_F0	fixed	A14_S6_F0	A14_S6	A14	F0	S6	519963689	958460417	"1:2000000:""gw"""	"3:200000:"""""	/eos/user/c/cglenn/FCCWork/whizard/whizard_ttbar_spinpol/production/full6f_365gev_ee_ttbar_spinpol_v1/phase11_diagnostics/excess_weight_rootcause_v1/unrestricted_stability_scan_480_v1/20260816T202848Z_unrestricted_A15xS8xF3_np1/fixed/A14_S6/F0	PASS	PASS	0	20733e0e17025d2c73f73a666c5b62f92c105ca98114231020130b77f5730d5d	1fbb30f17e9b488f3769aa0629238ceb07a2080745864026e0f9ad8dd164600a	44a01df0fe8cc7313ea5bbbbea954e05529ec958aeedbb562013d54f8cb801d3	1	0	1	/eos/user/c/cglenn/FCCWork/whizard/whizard_ttbar_spinpol/production/full6f_365gev_ee_ttbar_spinpol_v1/phase11_diagnostics/excess_weight_rootcause_v1/unrestricted_stability_scan_480_v1/20260816T202848Z_unrestricted_A15xS8xF3_np1/fixed/A14_S6/F0/console.log	1
C_A14_S6_F1	fixed	A14_S6_F1	A14_S6	A14	F1	S6	519963689	958460417	"1:2000000:""gw"""	"1:600000:"""""	/eos/user/c/cglenn/FCCWork/whizard/whizard_ttbar_spinpol/production/full6f_365gev_ee_ttbar_spinpol_v1/phase11_diagnostics/excess_weight_rootcause_v1/unrestricted_stability_scan_480_v1/20260816T202848Z_unrestricted_A15xS8xF3_np1/fixed/A14_S6/F1	PASS	PASS	0	20733e0e17025d2c73f73a666c5b62f92c105ca98114231020130b77f5730d5d	4ba1c0b1f4c3fe7f82c6ca3fc11f17d4bec6007653ef9b7399c1d25f0ceeeb2e	44a01df0fe8cc7313ea5bbbbea954e05529ec958aeedbb562013d54f8cb801d3	1	0	1	/eos/user/c/cglenn/FCCWork/whizard/whizard_ttbar_spinpol/production/full6f_365gev_ee_ttbar_spinpol_v1/phase11_diagnostics/excess_weight_rootcause_v1/unrestricted_stability_scan_480_v1/20260816T202848Z_unrestricted_A15xS8xF3_np1/fixed/A14_S6/F1/console.log	1
C_A14_S6_F2	fixed	A14_S6_F2	A14_S6	A14	F2	S6	519963689	958460417	"1:2000000:""gw"""	"1:2000000:"""""	/eos/user/c/cglenn/FCCWork/whizard/whizard_ttbar_spinpol/production/full6f_365gev_ee_ttbar_spinpol_v1/phase11_diagnostics/excess_weight_rootcause_v1/unrestricted_stability_scan_480_v1/20260816T202848Z_unrestricted_A15xS8xF3_np1/fixed/A14_S6/F2	PASS	PASS	0	20733e0e17025d2c73f73a666c5b62f92c105ca98114231020130b77f5730d5d	777ee8a747adb9a5501c20ec521d2116807df2564e8ff743a90c8d3e713fed00	44a01df0fe8cc7313ea5bbbbea954e05529ec958aeedbb562013d54f8cb801d3	1	0	1	/eos/user/c/cglenn/FCCWork/whizard/whizard_ttbar_spinpol/production/full6f_365gev_ee_ttbar_spinpol_v1/phase11_diagnostics/excess_weight_rootcause_v1/unrestricted_stability_scan_480_v1/20260816T202848Z_unrestricted_A15xS8xF3_np1/fixed/A14_S6/F2/console.log	1
P_A14_S7	adaptive	A14_S7		A14		S7	1552803368	239117595	"1:2000000:""gw"""		/eos/user/c/cglenn/FCCWork/whizard/whizard_ttbar_spinpol/production/full6f_365gev_ee_ttbar_spinpol_v1/phase11_diagnostics/excess_weight_rootcause_v1/unrestricted_stability_scan_480_v1/20260816T202848Z_unrestricted_A15xS8xF3_np1/adaptive/A14_S7	PASS	PASS	0	20733e0e17025d2c73f73a666c5b62f92c105ca98114231020130b77f5730d5d	41436639042d3a930af45d00fe9c07e3ff0aa40417a9e24c6310410bce7de513		0	1		/eos/user/c/cglenn/FCCWork/whizard/whizard_ttbar_spinpol/production/full6f_365gev_ee_ttbar_spinpol_v1/phase11_diagnostics/excess_weight_rootcause_v1/unrestricted_stability_scan_480_v1/20260816T202848Z_unrestricted_A15xS8xF3_np1/adaptive/A14_S7/console.log	1
C_A14_S7_F0	fixed	A14_S7_F0	A14_S7	A14	F0	S7	1552803368	239117595	"1:2000000:""gw"""	"3:200000:"""""	/eos/user/c/cglenn/FCCWork/whizard/whizard_ttbar_spinpol/production/full6f_365gev_ee_ttbar_spinpol_v1/phase11_diagnostics/excess_weight_rootcause_v1/unrestricted_stability_scan_480_v1/20260816T202848Z_unrestricted_A15xS8xF3_np1/fixed/A14_S7/F0	PASS	PASS	0	20733e0e17025d2c73f73a666c5b62f92c105ca98114231020130b77f5730d5d	5433b198a40313823cfa32e44d7f45ded892f15908dd7edd9ede8cb041094c0e	41436639042d3a930af45d00fe9c07e3ff0aa40417a9e24c6310410bce7de513	1	0	1	/eos/user/c/cglenn/FCCWork/whizard/whizard_ttbar_spinpol/production/full6f_365gev_ee_ttbar_spinpol_v1/phase11_diagnostics/excess_weight_rootcause_v1/unrestricted_stability_scan_480_v1/20260816T202848Z_unrestricted_A15xS8xF3_np1/fixed/A14_S7/F0/console.log	1
C_A14_S7_F1	fixed	A14_S7_F1	A14_S7	A14	F1	S7	1552803368	239117595	"1:2000000:""gw"""	"1:600000:"""""	/eos/user/c/cglenn/FCCWork/whizard/whizard_ttbar_spinpol/production/full6f_365gev_ee_ttbar_spinpol_v1/phase11_diagnostics/excess_weight_rootcause_v1/unrestricted_stability_scan_480_v1/20260816T202848Z_unrestricted_A15xS8xF3_np1/fixed/A14_S7/F1	PASS	PASS	0	20733e0e17025d2c73f73a666c5b62f92c105ca98114231020130b77f5730d5d	498847c9614dadd287e4e2f7a953af276ae08d6a288c63a4e44fb196ca995bde	41436639042d3a930af45d00fe9c07e3ff0aa40417a9e24c6310410bce7de513	1	0	1	/eos/user/c/cglenn/FCCWork/whizard/whizard_ttbar_spinpol/production/full6f_365gev_ee_ttbar_spinpol_v1/phase11_diagnostics/excess_weight_rootcause_v1/unrestricted_stability_scan_480_v1/20260816T202848Z_unrestricted_A15xS8xF3_np1/fixed/A14_S7/F1/console.log	1
C_A14_S7_F2	fixed	A14_S7_F2	A14_S7	A14	F2	S7	1552803368	239117595	"1:2000000:""gw"""	"1:2000000:"""""	/eos/user/c/cglenn/FCCWork/whizard/whizard_ttbar_spinpol/production/full6f_365gev_ee_ttbar_spinpol_v1/phase11_diagnostics/excess_weight_rootcause_v1/unrestricted_stability_scan_480_v1/20260816T202848Z_unrestricted_A15xS8xF3_np1/fixed/A14_S7/F2	PASS	PASS	0	20733e0e17025d2c73f73a666c5b62f92c105ca98114231020130b77f5730d5d	2c4e4c9016f9ee2ecbf459d4e8db02c8494636ca93de736c0d117320cb9b7048	41436639042d3a930af45d00fe9c07e3ff0aa40417a9e24c6310410bce7de513	1	0	1	/eos/user/c/cglenn/FCCWork/whizard/whizard_ttbar_spinpol/production/full6f_365gev_ee_ttbar_spinpol_v1/phase11_diagnostics/excess_weight_rootcause_v1/unrestricted_stability_scan_480_v1/20260816T202848Z_unrestricted_A15xS8xF3_np1/fixed/A14_S7/F2/console.log	1
