TTSP pinned runtime loaded
REPO=/afs/cern.ch/user/c/cglenn/FCCWork/whizard/whizard_ttbar_spinpol
whizard=/cvmfs/sft-nightlies.cern.ch/lcg/views/devkey-head/Fri/x86_64-el9-gcc14-opt/bin/whizard
WHIZARD 3.1.8
pythia8-config=/cvmfs/sft-nightlies.cern.ch/lcg/views/devkey-head/Fri/x86_64-el9-gcc14-opt/bin/pythia8-config
8.316
HepMC3-config=/cvmfs/sft-nightlies.cern.ch/lcg/views/devkey-head/Fri/x86_64-el9-gcc14-opt/bin/HepMC3-config
3.03.01
Qualified WHIZARD MPI runtime loaded
WHIZARD_MPI_ROOT=/afs/cern.ch/user/c/cglenn/FCCWork/whizard/whizard_ttbar_spinpol/local/whizard-3.1.8-mpi-omp-qualified-20260811
whizard=/afs/cern.ch/user/c/cglenn/FCCWork/whizard/whizard_ttbar_spinpol/local/whizard-3.1.8-mpi-omp-qualified-20260811/bin/whizard
WHIZARD 3.1.8
Copyright (C) 1999-2026 Wolfgang Kilian, Thorsten Ohl, Juergen Reuter
              ---------------------------------------                
This is free software; see the source for copying conditions.  There is NO
warranty; not even for MERCHANTABILITY or FITNESS FOR A PARTICULAR PURPOSE.

RUN_TAG=full6f365_LR100_epmum_vamp2_scaling_20260811T174837Z
START_UTC=2026-08-11T17:49:45Z
HOST=b9p12p0038.cern.ch
FQDN=b9p12p0038.cern.ch
SCRATCH_BASE=/pool/condor/dir_590088
EOS_RUN=/eos/user/c/cglenn/FCCWork/whizard/whizard_ttbar_spinpol/mpi_qualification/full6f_365gev_scaling_v1/full6f365_LR100_epmum_vamp2_scaling_20260811T174837Z

WHIZARD_MPI_ROOT=/afs/cern.ch/user/c/cglenn/FCCWork/whizard/whizard_ttbar_spinpol/local/whizard-3.1.8-mpi-omp-qualified-20260811
WHIZARD=/afs/cern.ch/user/c/cglenn/FCCWork/whizard/whizard_ttbar_spinpol/local/whizard-3.1.8-mpi-omp-qualified-20260811/bin/whizard
WHIZARD 3.1.8
Copyright (C) 1999-2026 Wolfgang Kilian, Thorsten Ohl, Juergen Reuter
              ---------------------------------------                
This is free software; see the source for copying conditions.  There is NO
warranty; not even for MERCHANTABILITY or FITNESS FOR A PARTICULAR PURPOSE.


MPIRUN=/cvmfs/sft-nightlies.cern.ch/lcg/views/devkey-head/Fri/x86_64-el9-gcc14-opt/bin/mpirun
mpirun (Open MPI) 4.1.8

Report bugs to http://www.open-mpi.org/community/help/

NPROC=1

CPUSET:
pid 131's current affinity list: 0-127

CPU MODEL:
model name	: AMD EPYC 7543 32-Core Processor

LSCPU:
Architecture:                            x86_64
CPU op-mode(s):                          32-bit, 64-bit
Address sizes:                           48 bits physical, 48 bits virtual
Byte Order:                              Little Endian
CPU(s):                                  128
On-line CPU(s) list:                     0-127
Vendor ID:                               AuthenticAMD
Model name:                              AMD EPYC 7543 32-Core Processor
CPU family:                              25
Model:                                   1
Thread(s) per core:                      2
Core(s) per socket:                      32
Socket(s):                               2
Stepping:                                1
Frequency boost:                         enabled
CPU(s) scaling MHz:                      84%
CPU max MHz:                             3739.2251
CPU min MHz:                             1500.0000
BogoMIPS:                                5600.45
Flags:                                   fpu vme de pse tsc msr pae mce cx8 apic sep mtrr pge mca cmov pat pse36 clflush mmx fxsr sse sse2 ht syscall nx mmxext fxsr_opt pdpe1gb rdtscp lm constant_tsc rep_good nopl xtopology nonstop_tsc cpuid extd_apicid aperfmperf rapl pni pclmulqdq monitor ssse3 fma cx16 pcid sse4_1 sse4_2 movbe popcnt aes xsave avx f16c rdrand lahf_lm cmp_legacy svm extapic cr8_legacy abm sse4a misalignsse 3dnowprefetch osvw ibs skinit wdt tce topoext perfctr_core perfctr_nb bpext perfctr_llc mwaitx cpb cat_l3 cdp_l3 hw_pstate ssbd mba ibrs ibpb stibp vmmcall fsgsbase bmi1 avx2 smep bmi2 erms invpcid cqm rdt_a rdseed adx smap clflushopt clwb sha_ni xsaveopt xsavec xgetbv1 xsaves cqm_llc cqm_occup_llc cqm_mbm_total cqm_mbm_local user_shstk clzero irperf xsaveerptr rdpru wbnoinvd amd_ppin brs arat npt lbrv svm_lock nrip_save tsc_scale vmcb_clean flushbyasid decodeassists pausefilter pfthreshold v_vmsave_vmload vgif v_spec_ctrl umip pku ospke vaes vpclmulqdq rdpid overflow_recov succor smca fsrm debug_swap
Virtualization:                          AMD-V
L1d cache:                               2 MiB (64 instances)
L1i cache:                               2 MiB (64 instances)
L2 cache:                                32 MiB (64 instances)
L3 cache:                                512 MiB (16 instances)
NUMA node(s):                            2
NUMA node0 CPU(s):                       0-31,64-95
NUMA node1 CPU(s):                       32-63,96-127
Vulnerability Gather data sampling:      Not affected
Vulnerability Indirect target selection: Not affected
Vulnerability Itlb multihit:             Not affected
Vulnerability L1tf:                      Not affected
Vulnerability Mds:                       Not affected
Vulnerability Meltdown:                  Not affected
Vulnerability Mmio stale data:           Not affected
Vulnerability Old microcode:             Not affected
Vulnerability Reg file data sampling:    Not affected
Vulnerability Retbleed:                  Not affected
Vulnerability Spec rstack overflow:      Mitigation; Safe RET
Vulnerability Spec store bypass:         Mitigation; Speculative Store Bypass disabled via prctl
Vulnerability Spectre v1:                Mitigation; usercopy/swapgs barriers and __user pointer sanitization
Vulnerability Spectre v2:                Mitigation; Retpolines; IBPB conditional; IBRS_FW; STIBP always-on; RSB filling; PBRSB-eIBRS Not affected; BHI Not affected
Vulnerability Srbds:                     Not affected
Vulnerability Tsa:                       Vulnerable: No microcode
Vulnerability Tsx async abort:           Not affected
Vulnerability Vmscape:                   Mitigation; IBPB before exit to userspace

ENV THREAD SETTINGS:
BLIS_NUM_THREADS=1
MKL_NUM_THREADS=1
OMP_NUM_THREADS=1
OMP_THREAD_LIMIT=16
OPENBLAS_NUM_THREADS=1

================================================================
FULL6F MPI SCALING: NP=1
================================================================
[b9p12p0038.cern.ch:00242] MCW rank 0 bound to socket 0[core 0[hwt 0-1]]: [BB/../../../../../../../../../../../../../../../../../../../../../../../../../../../../../../..][../../../../../../../../../../../../../../../../../../../../../../../../../../../../../../../..]
| Writing log to 'whizard.log'
|=============================================================================|
|                                                                             |
|    WW             WW  WW   WW  WW  WWWWWW      WW      WWWWW    WWWW        |
|     WW    WW     WW   WW   WW  WW     WW      WWWW     WW  WW   WW  WW      |
|      WW  WW WW  WW    WWWWWWW  WW    WW      WW  WW    WWWWW    WW   WW     |
|       WWWW   WWWW     WW   WW  WW   WW      WWWWWWWW   WW  WW   WW  WW      |
|        WW     WW      WW   WW  WW  WWWWWW  WW      WW  WW   WW  WWWW        |
|                                                                             |
|                                                                             |
|                                        W                                    |
|                                       sW                                    |
|                                       WW                                    |
|                                      sWW                                    |
|                                      WWW                                    |
|                                     wWWW                                    |
|                                    wWWWW                                    |
|                                    WW WW                                    |
|                                    WW WW                                    |
|                                   wWW WW                                    |
|                                  wWW  WW                                    |
|                                  WW   WW                                    |
|                                  WW   WW                                    |
|                                 WW    WW                                    |
|                                 WW    WW                                    |
|                                WW     WW                                    |
|                                WW     WW                                    |
|           wwwwww              WW      WW                                    |
|              WWWWWww          WW      WW                                    |
|                 WWWWWwwwww   WW       WW                                    |
|                     wWWWwwwwwWW       WW                                    |
|                 wWWWWWWWWWWwWWW       WW                                    |
|                wWWWWW       wW        WWWWWWW                               |
|                  WWWW       wW        WW  wWWWWWWWwww                       |
|                   WWWW                      wWWWWWWWwwww                    |
|                     WWWW                      WWWW     WWw                  |
|                       WWWWww                   WWWW                         |
|                           WWWwwww              WWWW                         |
|                               wWWWWwww       wWWWWW                         |
|                                     WwwwwwwwwWWW                            |
|                                                                             |
|                                                                             |
|                                                                             |
|  by:   Wolfgang Kilian, Thorsten Ohl, Juergen Reuter                        |
|        with contributions from Christian Speckner                           |
|        Contact: <whizard@desy.de>                                           |
|                                                                             |
|  if you use WHIZARD please cite:                                            |
|        W. Kilian, T. Ohl, J. Reuter,  Eur.Phys.J.C71 (2011) 1742            |
|                                          [arXiv: 0708.4233 [hep-ph]]        |
|        M. Moretti, T. Ohl, J. Reuter, arXiv: hep-ph/0102195                 |
|                                                                             |
|=============================================================================|
|                               WHIZARD 3.1.8
|=============================================================================|
| Reading model file '/afs/cern.ch/user/c/cglenn/FCCWork/whizard/whizard_ttbar_spinpol/local/whizard-3.1.8-mpi-omp-qualified-20260811/share/whizard/models/SM.mdl'
| Preloaded model: SM
| Process library 'default_lib': initialized
| Preloaded library: default_lib
| Reading model file '/afs/cern.ch/user/c/cglenn/FCCWork/whizard/whizard_ttbar_spinpol/local/whizard-3.1.8-mpi-omp-qualified-20260811/share/whizard/models/SM_hadrons.mdl'
| Reading commands from file 'process.sin'
| Including Sindarin from 'common/model.inc'
| Switching to model 'SM', scheme 'default'
| End of included 'common/model.inc'
| Including Sindarin from 'common/beams.inc'
sqrts =  3.650000000000E+02
| End of included 'common/beams.inc'
| Including Sindarin from 'common/isr.inc'
?isr_handler = true
$isr_handler_mode = "recoil"
?keep_beams = true
?keep_remnants = true
isr_mass =  5.109970000000E-04
| End of included 'common/isr.inc'
| Including Sindarin from 'common/polarization.inc'
| End of included 'common/polarization.inc'
| Process library 'default_lib': recorded process 'proc_epmum'
| Including Sindarin from 'common/integration.inc'
$integration_method = "vamp2"
$rng_method = "rng_stream"
$vamp_parallel_method = "simple"
?omega_openmp = false
openmp_num_threads = 1
seed = 672175147
| Integrate: current process library needs compilation
| Process library 'default_lib': compiling ...
| Process library 'default_lib': writing makefile
| Process library 'default_lib': writing driver
| Process library 'default_lib': creating source code
  RM        proc_epmum_i1.f90,.mod,.lo
  OMEGA     proc_epmum_i1.f90
[1/1] e- e+ -> b bbar e+ nue mu- numubar ... allowed. [time: 0.59 secs, total: 0.59 secs, remaining: 0.00 secs]
all processes done. [total time: 0.59 secs]
SUMMARY: 215 fusions, 46 propagators, 402 diagrams
SUMMARY: 53 vertices
| Process library 'default_lib': compiling sources
  FC        default_lib.lo
| Process library 'default_lib': linking
  FCLD      default_lib.la
| Process library 'default_lib': loading
| Process library 'default_lib': ... success.
| Integrate: compilation done
| RNG: Initializing RNG Stream random-number generator
| RNG: Setting seed for random-number generator to 5163
| Initializing integration for process proc_epmum:
| Beam structure: e-, e+ => isr
|   polarization (beam 1):
|     @(-1: -1: ( 1.000000000000E+00, 0.000000000000E+00))
|   polarization (beam 2):
|     @(+1: +1: ( 1.000000000000E+00, 0.000000000000E+00))
|   polarization degree = 1.0000000, 1.0000000
| Beam data (collision):
|   e-  (mass = 5.1099700E-04 GeV)  polarized
|   e+  (mass = 5.1099700E-04 GeV)  polarized
|   sqrts = 3.650000000000E+02 GeV
| Phase space: generating configuration ...
Warning:  Intermediate decay of zero-width particle mu- may be possible.
| Phase space: ... success.
| Phase space: writing configuration file 'proc_epmum.i1.phs'
| ------------------------------------------------------------------------
| Process [scattering]: 'proc_epmum'
|   Library name  = 'default_lib'
|   Process index = 1
|   Process components:
|     1: 'proc_epmum_i1':   e-, e+ => b, bbar, e+, nue, mu-, numubar [omega]
| ------------------------------------------------------------------------
| Phase space: 890 channels, 14 dimensions
| Phase space: found 890 channels, collected in 239 groves.
| Phase space: Using 1060 equivalences between channels.
| Phase space: wood
| Beam structure: isr, none => none, isr
| Beam structure: 2 channels, 2 dimensions
Warning: No cuts have been defined.
| OpenMP: Using 1 thread
| Starting integration for process 'proc_epmum'
| Integrate: iterations = 2:100000:"gw", 2:200000:""
| Integrator: 239 chains, 890 channels, 16 dimensions
| Integrator: Using VAMP2 channel equivalences
| Integrator: Write grid header and grids to 'proc_epmum.m1.vg2'
| Integrator: Grid checkpoint after each iteration
| Integrator: 100000 initial calls, 20 max. bins, stratified = T
| Integrator: VAMP2
|=============================================================================|
| It      Calls  Integral[fb]  Error[fb]   Err[%]    Acc  Eff[%]   Chi2 N[It] |
|=============================================================================|
| VAMP2: Initialize new grids and write to file 'proc_epmum.m1.vg2'.
| VAMP2: set chain: use chained weights.
   1      99992  1.0301680E+01  1.25E+00   12.17   38.50*   3.52
   2     100019  1.2503595E+01  3.20E-01    2.56    8.08*   1.48
|-----------------------------------------------------------------------------|
   2     200011  1.2369378E+01  3.10E-01    2.50   11.20    1.48    2.89   2
|-----------------------------------------------------------------------------|
   3     199992  1.2778774E+01  4.58E-01    3.59   16.04    2.14
   4     199992  1.2444221E+01  1.80E-01    1.45    6.48*   1.86
|-----------------------------------------------------------------------------|
   4     399984  1.2489024E+01  1.68E-01    1.34    8.49    1.86    0.46   2
|=============================================================================|
| Time estimate for generating 10000 events: 0d:00h:21m:24s
| End of included 'common/integration.inc'
| There were no errors and    2 warning(s).
| WHIZARD run finished.
|=============================================================================|

NP=1
WALL_SECONDS=1233.60
USER_SECONDS=1213.14
SYS_SECONDS=4.34
MAX_RSS_KB=178724
EXIT_CODE=0
   4     399984  1.2489024E+01  1.68E-01    1.34    8.49    1.86    0.46   2

================================================================
FULL6F MPI SCALING: NP=2
================================================================
[b9p12p0038.cern.ch:00697] MCW rank 0 bound to socket 0[core 0[hwt 0-1]]: [BB/../../../../../../../../../../../../../../../../../../../../../../../../../../../../../../..][../../../../../../../../../../../../../../../../../../../../../../../../../../../../../../../..]
[b9p12p0038.cern.ch:00697] MCW rank 1 bound to socket 0[core 1[hwt 0-1]]: [../BB/../../../../../../../../../../../../../../../../../../../../../../../../../../../../../..][../../../../../../../../../../../../../../../../../../../../../../../../../../../../../../../..]
| Writing log to 'whizard.log'
| Writing log to 'whizard.log'
|=============================================================================|
|=============================================================================|
|                                                                             |
|    WW             WW  WW   WW  WW  WWWWWW      WW      WWWWW    WWWW        |
|                                                                             |
|    WW             WW  WW   WW  WW  WWWWWW      WW      WWWWW    WWWW        |
|     WW    WW     WW   WW   WW  WW     WW      WWWW     WW  WW   WW  WW      |
|     WW    WW     WW   WW   WW  WW     WW      WWWW     WW  WW   WW  WW      |
|      WW  WW WW  WW    WWWWWWW  WW    WW      WW  WW    WWWWW    WW   WW     |
|      WW  WW WW  WW    WWWWWWW  WW    WW      WW  WW    WWWWW    WW   WW     |
|       WWWW   WWWW     WW   WW  WW   WW      WWWWWWWW   WW  WW   WW  WW      |
|        WW     WW      WW   WW  WW  WWWWWW  WW      WW  WW   WW  WWWW        |
|                                                                             |
|       WWWW   WWWW     WW   WW  WW   WW      WWWWWWWW   WW  WW   WW  WW      |
|        WW     WW      WW   WW  WW  WWWWWW  WW      WW  WW   WW  WWWW        |
|                                                                             |
|                                                                             |
|                                        W                                    |
|                                                                             |
|                                        W                                    |
|                                       sW                                    |
|                                       WW                                    |
|                                      sWW                                    |
|                                       sW                                    |
|                                       WW                                    |
|                                      WWW                                    |
|                                      sWW                                    |
|                                      WWW                                    |
|                                     wWWW                                    |
|                                     wWWW                                    |
|                                    wWWWW                                    |
|                                    WW WW                                    |
|                                    wWWWW                                    |
|                                    WW WW                                    |
|                                    WW WW                                    |
|                                    WW WW                                    |
|                                   wWW WW                                    |
|                                   wWW WW                                    |
|                                  wWW  WW                                    |
|                                  wWW  WW                                    |
|                                  WW   WW                                    |
|                                  WW   WW                                    |
|                                  WW   WW                                    |
|                                  WW   WW                                    |
|                                 WW    WW                                    |
|                                 WW    WW                                    |
|                                 WW    WW                                    |
|                                 WW    WW                                    |
|                                WW     WW                                    |
|                                WW     WW                                    |
|                                WW     WW                                    |
|                                WW     WW                                    |
|           wwwwww              WW      WW                                    |
|              WWWWWww          WW      WW                                    |
|           wwwwww              WW      WW                                    |
|                 WWWWWwwwww   WW       WW                                    |
|              WWWWWww          WW      WW                                    |
|                 WWWWWwwwww   WW       WW                                    |
|                     wWWWwwwwwWW       WW                                    |
|                 wWWWWWWWWWWwWWW       WW                                    |
|                wWWWWW       wW        WWWWWWW                               |
|                     wWWWwwwwwWW       WW                                    |
|                 wWWWWWWWWWWwWWW       WW                                    |
|                wWWWWW       wW        WWWWWWW                               |
|                  WWWW       wW        WW  wWWWWWWWwww                       |
|                   WWWW                      wWWWWWWWwwww                    |
|                     WWWW                      WWWW     WWw                  |
|                  WWWW       wW        WW  wWWWWWWWwww                       |
|                   WWWW                      wWWWWWWWwwww                    |
|                     WWWW                      WWWW     WWw                  |
|                       WWWWww                   WWWW                         |
|                           WWWwwww              WWWW                         |
|                               wWWWWwww       wWWWWW                         |
|                       WWWWww                   WWWW                         |
|                           WWWwwww              WWWW                         |
|                               wWWWWwww       wWWWWW                         |
|                                     WwwwwwwwwWWW                            |
|                                                                             |
|                                     WwwwwwwwwWWW                            |
|                                                                             |
|                                                                             |
|                                                                             |
|  by:   Wolfgang Kilian, Thorsten Ohl, Juergen Reuter                        |
|                                                                             |
|                                                                             |
|  by:   Wolfgang Kilian, Thorsten Ohl, Juergen Reuter                        |
|        with contributions from Christian Speckner                           |
|        with contributions from Christian Speckner                           |
|        Contact: <whizard@desy.de>                                           |
|        Contact: <whizard@desy.de>                                           |
|                                                                             |
|                                                                             |
|  if you use WHIZARD please cite:                                            |
|  if you use WHIZARD please cite:                                            |
|        W. Kilian, T. Ohl, J. Reuter,  Eur.Phys.J.C71 (2011) 1742            |
|        W. Kilian, T. Ohl, J. Reuter,  Eur.Phys.J.C71 (2011) 1742            |
|                                          [arXiv: 0708.4233 [hep-ph]]        |
|        M. Moretti, T. Ohl, J. Reuter, arXiv: hep-ph/0102195                 |
|                                          [arXiv: 0708.4233 [hep-ph]]        |
|        M. Moretti, T. Ohl, J. Reuter, arXiv: hep-ph/0102195                 |
|                                                                             |
|                                                                             |
|=============================================================================|
|=============================================================================|
|                               WHIZARD 3.1.8
|                               WHIZARD 3.1.8
|=============================================================================|
|=============================================================================|
| Reading model file '/afs/cern.ch/user/c/cglenn/FCCWork/whizard/whizard_ttbar_spinpol/local/whizard-3.1.8-mpi-omp-qualified-20260811/share/whizard/models/SM.mdl'
| Reading model file '/afs/cern.ch/user/c/cglenn/FCCWork/whizard/whizard_ttbar_spinpol/local/whizard-3.1.8-mpi-omp-qualified-20260811/share/whizard/models/SM.mdl'
| Preloaded model: SM
| Process library 'default_lib': initialized
| Preloaded model: SM
| Process library 'default_lib': initialized
| Preloaded library: default_lib
| Preloaded library: default_lib
| Reading model file '/afs/cern.ch/user/c/cglenn/FCCWork/whizard/whizard_ttbar_spinpol/local/whizard-3.1.8-mpi-omp-qualified-20260811/share/whizard/models/SM_hadrons.mdl'
| Reading model file '/afs/cern.ch/user/c/cglenn/FCCWork/whizard/whizard_ttbar_spinpol/local/whizard-3.1.8-mpi-omp-qualified-20260811/share/whizard/models/SM_hadrons.mdl'
| Reading commands from file 'process.sin'
| Reading commands from file 'process.sin'
| Including Sindarin from 'common/model.inc'
| Switching to model 'SM', scheme 'default'
| End of included 'common/model.inc'
| Including Sindarin from 'common/beams.inc'
sqrts =  3.650000000000E+02
| End of included 'common/beams.inc'
| Including Sindarin from 'common/isr.inc'
?isr_handler = true
$isr_handler_mode = "recoil"
?keep_beams = true
?keep_remnants = true
isr_mass =  5.109970000000E-04
| End of included 'common/isr.inc'
| Including Sindarin from 'common/polarization.inc'
| End of included 'common/polarization.inc'
| Process library 'default_lib': recorded process 'proc_epmum'
| Including Sindarin from 'common/integration.inc'
$integration_method = "vamp2"
$rng_method = "rng_stream"
$vamp_parallel_method = "simple"
?omega_openmp = false
| Including Sindarin from 'common/model.inc'
openmp_num_threads = 1
| Switching to model 'SM', scheme 'default'
| End of included 'common/model.inc'
| Including Sindarin from 'common/beams.inc'
seed = 672175147
| MPI: wait for master to finish process initialization ...
sqrts =  3.650000000000E+02
| End of included 'common/beams.inc'
| Including Sindarin from 'common/isr.inc'
?isr_handler = true
$isr_handler_mode = "recoil"
?keep_beams = true
?keep_remnants = true
isr_mass =  5.109970000000E-04
| End of included 'common/isr.inc'
| Including Sindarin from 'common/polarization.inc'
| End of included 'common/polarization.inc'
| Process library 'default_lib': recorded process 'proc_epmum'
| Including Sindarin from 'common/integration.inc'
$integration_method = "vamp2"
$rng_method = "rng_stream"
$vamp_parallel_method = "simple"
?omega_openmp = false
openmp_num_threads = 1
seed = 672175147
| Integrate: current process library needs compilation
| Process library 'default_lib': compiling ...
| Process library 'default_lib': writing makefile
| Process library 'default_lib': writing driver
| Process library 'default_lib': creating source code
  RM        proc_epmum_i1.f90,.mod,.lo
  OMEGA     proc_epmum_i1.f90
[1/1] e- e+ -> b bbar e+ nue mu- numubar ... allowed. [time: 0.40 secs, total: 0.40 secs, remaining: 0.00 secs]
all processes done. [total time: 0.40 secs]
SUMMARY: 215 fusions, 46 propagators, 402 diagrams
SUMMARY: 53 vertices
| Process library 'default_lib': compiling sources
  FC        default_lib.lo
| Process library 'default_lib': linking
  FCLD      default_lib.la
| Process library 'default_lib': loading
| Process library 'default_lib': ... success.
| Integrate: compilation done
| RNG: Initializing RNG Stream random-number generator
| RNG: Setting seed for random-number generator to 5163
| Initializing integration for process proc_epmum:
| Beam structure: e-, e+ => isr
|   polarization (beam 1):
|     @(-1: -1: ( 1.000000000000E+00, 0.000000000000E+00))
|   polarization (beam 2):
|     @(+1: +1: ( 1.000000000000E+00, 0.000000000000E+00))
|   polarization degree = 1.0000000, 1.0000000
| Beam data (collision):
|   e-  (mass = 5.1099700E-04 GeV)  polarized
|   e+  (mass = 5.1099700E-04 GeV)  polarized
|   sqrts = 3.650000000000E+02 GeV
| Phase space: generating configuration ...
Warning:  Intermediate decay of zero-width particle mu- may be possible.
| Phase space: ... success.
| Phase space: writing configuration file 'proc_epmum.i1.phs'
| ------------------------------------------------------------------------
| Process [scattering]: 'proc_epmum'
|   Library name  = 'default_lib'
|   Process index = 1
|   Process components:
|     1: 'proc_epmum_i1':   e-, e+ => b, bbar, e+, nue, mu-, numubar [omega]
| ------------------------------------------------------------------------
| Phase space: 890 channels, 14 dimensions
| Phase space: found 890 channels, collected in 239 groves.
| Phase space: Using 1060 equivalences between channels.
| Phase space: wood
| Beam structure: isr, none => none, isr
| Beam structure: 2 channels, 2 dimensions
Warning: No cuts have been defined.
| MPI: finish process initialization, load slaves ...
| Integrate: current process library needs compilation
| Process library 'default_lib': compiling ...
| Process library 'default_lib': keeping makefile
| Process library 'default_lib': keeping driver
| Process library 'default_lib': active
| Process library 'default_lib': ... success.
| Integrate: compilation done
| RNG: Initializing RNG Stream random-number generator
| RNG: Setting seed for random-number generator to 5163
| Initializing integration for process proc_epmum:
| Beam structure: e-, e+ => isr
|   polarization (beam 1):
|     @(-1: -1: ( 1.000000000000E+00, 0.000000000000E+00))
|   polarization (beam 2):
|     @(+1: +1: ( 1.000000000000E+00, 0.000000000000E+00))
|   polarization degree = 1.0000000, 1.0000000
| Beam data (collision):
|   e-  (mass = 5.1099700E-04 GeV)  polarized
|   e+  (mass = 5.1099700E-04 GeV)  polarized
|   sqrts = 3.650000000000E+02 GeV
| MPI: Workers do not build phase space configuration.
| Phase space: keeping configuration file 'proc_epmum.i1.phs'
| ------------------------------------------------------------------------
| Process [scattering]: 'proc_epmum'
|   Library name  = 'default_lib'
|   Process index = 1
|   Process components:
|     1: 'proc_epmum_i1':   e-, e+ => b, bbar, e+, nue, mu-, numubar [omega]
| ------------------------------------------------------------------------
| Phase space: 890 channels, 14 dimensions
| Phase space: found 890 channels, collected in 239 groves.
| Phase space: Using 1060 equivalences between channels.
| Phase space: wood
| Beam structure: isr, none => none, isr
| Beam structure: 2 channels, 2 dimensions
Warning: No cuts have been defined.
| MPI: Using 2 processes.
| MPI: slave worker #1
| MPI: Using 2 processes.
| MPI: master worker
| OpenMP: Using 1 thread
| Starting integration for process 'proc_epmum'
| Integrate: iterations = 2:100000:"gw", 2:200000:""
| Integrator: 239 chains, 890 channels, 16 dimensions
| Integrator: Using VAMP2 channel equivalences
| Integrator: Write grid header and grids to 'proc_epmum.m1.vg2'
| Integrator: Grid checkpoint after each iteration
| Integrator: 100000 initial calls, 20 max. bins, stratified = T
| Integrator: VAMP2
|=============================================================================|
| It      Calls  Integral[fb]  Error[fb]   Err[%]    Acc  Eff[%]   Chi2 N[It] |
|=============================================================================|
| VAMP2: Initialize new grids and write to file 'proc_epmum.m1.vg2'.
| VAMP2: set chain: use chained weights.
| OpenMP: Using 1 thread
| Starting integration for process 'proc_epmum'
| Integrate: iterations = 2:100000:"gw", 2:200000:""
| Integrator: 239 chains, 890 channels, 16 dimensions
| Integrator: Using VAMP2 channel equivalences
| Integrator: Write grid header and grids to 'proc_epmum.m1.vg2'
| Integrator: Grid checkpoint after each iteration
| Integrator: 100000 initial calls, 20 max. bins, stratified = T
| Integrator: VAMP2
|=============================================================================|
| It      Calls  Integral[fb]  Error[fb]   Err[%]    Acc  Eff[%]   Chi2 N[It] |
|=============================================================================|
| VAMP2: Initialize new grids and write to file 'proc_epmum.m1.vg2'.
| VAMP2: set chain: use chained weights.
| VAMP2: Simple Request Balancing.
| VAMP2: Simple Request Balancing.
   1      99992  1.0301680E+01  1.25E+00   12.17   38.50*   3.52
   1      99992  1.0301680E+01  1.25E+00   12.17   38.50*   3.52
   2     100019  1.2503595E+01  3.20E-01    2.56    8.08*   1.48
   2     100019  1.2503595E+01  3.20E-01    2.56    8.08*   1.48
|-----------------------------------------------------------------------------|
   2     200011  1.2369378E+01  3.10E-01    2.50   11.20    1.48    2.89   2
|-----------------------------------------------------------------------------|
|-----------------------------------------------------------------------------|
   2     200011  1.2369378E+01  3.10E-01    2.50   11.20    1.48    2.89   2
|-----------------------------------------------------------------------------|
| VAMP2: Simple Request Balancing.
| VAMP2: Simple Request Balancing.
   3     199992  1.2778774E+01  4.58E-01    3.59   16.04    2.14
   3     199992  1.2778774E+01  4.58E-01    3.59   16.04    2.14
   4     199992  1.2444221E+01  1.80E-01    1.45    6.48*   1.86
   4     199992  1.2444221E+01  1.80E-01    1.45    6.48*   1.86
|-----------------------------------------------------------------------------|
   4     399984  1.2489024E+01  1.68E-01    1.34    8.49    1.86    0.46   2
|=============================================================================|
| Time estimate for generating 10000 events: 0d:00h:12m:40s
| End of included 'common/integration.inc'
|-----------------------------------------------------------------------------|
   4     399984  1.2489024E+01  1.68E-01    1.34    8.49    1.86    0.46   2
|=============================================================================|
| Time estimate for generating 10000 events: 0d:00h:12m:40s
| End of included 'common/integration.inc'
| There were no errors and    1 warning(s).
| WHIZARD run finished.
|=============================================================================|
| There were no errors and    2 warning(s).
| WHIZARD run finished.
|=============================================================================|

NP=2
WALL_SECONDS=723.36
USER_SECONDS=1421.47
SYS_SECONDS=5.14
MAX_RSS_KB=165716
EXIT_CODE=0
   4     399984  1.2489024E+01  1.68E-01    1.34    8.49    1.86    0.46   2

================================================================
FULL6F MPI SCALING: NP=4
================================================================
[b9p12p0038.cern.ch:01157] MCW rank 0 bound to socket 0[core 0[hwt 0-1]]: [BB/../../../../../../../../../../../../../../../../../../../../../../../../../../../../../../..][../../../../../../../../../../../../../../../../../../../../../../../../../../../../../../../..]
[b9p12p0038.cern.ch:01157] MCW rank 1 bound to socket 0[core 1[hwt 0-1]]: [../BB/../../../../../../../../../../../../../../../../../../../../../../../../../../../../../..][../../../../../../../../../../../../../../../../../../../../../../../../../../../../../../../..]
[b9p12p0038.cern.ch:01157] MCW rank 2 bound to socket 0[core 2[hwt 0-1]]: [../../BB/../../../../../../../../../../../../../../../../../../../../../../../../../../../../..][../../../../../../../../../../../../../../../../../../../../../../../../../../../../../../../..]
[b9p12p0038.cern.ch:01157] MCW rank 3 bound to socket 0[core 3[hwt 0-1]]: [../../../BB/../../../../../../../../../../../../../../../../../../../../../../../../../../../..][../../../../../../../../../../../../../../../../../../../../../../../../../../../../../../../..]
| Writing log to 'whizard.log'
| Writing log to 'whizard.log'
| Writing log to 'whizard.log'
| Writing log to 'whizard.log'
|=============================================================================|
|=============================================================================|
|=============================================================================|
|                                                                             |
|    WW             WW  WW   WW  WW  WWWWWW      WW      WWWWW    WWWW        |
|                                                                             |
|     WW    WW     WW   WW   WW  WW     WW      WWWW     WW  WW   WW  WW      |
|      WW  WW WW  WW    WWWWWWW  WW    WW      WW  WW    WWWWW    WW   WW     |
|    WW             WW  WW   WW  WW  WWWWWW      WW      WWWWW    WWWW        |
|     WW    WW     WW   WW   WW  WW     WW      WWWW     WW  WW   WW  WW      |
|=============================================================================|
|                                                                             |
|    WW             WW  WW   WW  WW  WWWWWW      WW      WWWWW    WWWW        |
|     WW    WW     WW   WW   WW  WW     WW      WWWW     WW  WW   WW  WW      |
|      WW  WW WW  WW    WWWWWWW  WW    WW      WW  WW    WWWWW    WW   WW     |
|       WWWW   WWWW     WW   WW  WW   WW      WWWWWWWW   WW  WW   WW  WW      |
|        WW     WW      WW   WW  WW  WWWWWW  WW      WW  WW   WW  WWWW        |
|                                                                             |
|                                                                             |
|                                                                             |
|      WW  WW WW  WW    WWWWWWW  WW    WW      WW  WW    WWWWW    WW   WW     |
|       WWWW   WWWW     WW   WW  WW   WW      WWWWWWWW   WW  WW   WW  WW      |
|                                        W                                    |
|        WW     WW      WW   WW  WW  WWWWWW  WW      WW  WW   WW  WWWW        |
|                                                                             |
|    WW             WW  WW   WW  WW  WWWWWW      WW      WWWWW    WWWW        |
|     WW    WW     WW   WW   WW  WW     WW      WWWW     WW  WW   WW  WW      |
|                                                                             |
|                                        W                                    |
|                                       sW                                    |
|                                       WW                                    |
|                                      sWW                                    |
|      WW  WW WW  WW    WWWWWWW  WW    WW      WW  WW    WWWWW    WW   WW     |
|                                       sW                                    |
|                                       WW                                    |
|                                      sWW                                    |
|                                      WWW                                    |
|       WWWW   WWWW     WW   WW  WW   WW      WWWWWWWW   WW  WW   WW  WW      |
|        WW     WW      WW   WW  WW  WWWWWW  WW      WW  WW   WW  WWWW        |
|                                                                             |
|                                      WWW                                    |
|       WWWW   WWWW     WW   WW  WW   WW      WWWWWWWW   WW  WW   WW  WW      |
|                                                                             |
|                                        W                                    |
|                                       sW                                    |
|                                       WW                                    |
|                                     wWWW                                    |
|                                    wWWWW                                    |
|                                    WW WW                                    |
|                                      sWW                                    |
|                                     wWWW                                    |
|                                    wWWWW                                    |
|                                    WW WW                                    |
|                                    WW WW                                    |
|                                   wWW WW                                    |
|                                  wWW  WW                                    |
|                                      WWW                                    |
|        WW     WW      WW   WW  WW  WWWWWW  WW      WW  WW   WW  WWWW        |
|                                  WW   WW                                    |
|                                    WW WW                                    |
|                                   wWW WW                                    |
|                                     wWWW                                    |
|                                    wWWWW                                    |
|                                    WW WW                                    |
|                                  WW   WW                                    |
|                                 WW    WW                                    |
|                                 WW    WW                                    |
|                                WW     WW                                    |
|                                    WW WW                                    |
|                                   wWW WW                                    |
|                                  wWW  WW                                    |
|                                  WW   WW                                    |
|                                                                             |
|                                                                             |
|                                  wWW  WW                                    |
|                                  WW   WW                                    |
|                                  WW   WW                                    |
|                                 WW    WW                                    |
|                                 WW    WW                                    |
|                                WW     WW                                    |
|           wwwwww              WW      WW                                    |
|              WWWWWww          WW      WW                                    |
|                 WWWWWwwwww   WW       WW                                    |
|                     wWWWwwwwwWW       WW                                    |
|                 wWWWWWWWWWWwWWW       WW                                    |
|                                WW     WW                                    |
|                                WW     WW                                    |
|           wwwwww              WW      WW                                    |
|              WWWWWww          WW      WW                                    |
|                                  WW   WW                                    |
|                                 WW    WW                                    |
|                                 WW    WW                                    |
|                                WW     WW                                    |
|                                WW     WW                                    |
|           wwwwww              WW      WW                                    |
|                                        W                                    |
|                                       sW                                    |
|                                       WW                                    |
|                                      sWW                                    |
|                wWWWWW       wW        WWWWWWW                               |
|                  WWWW       wW        WW  wWWWWWWWwww                       |
|                   WWWW                      wWWWWWWWwwww                    |
|                     WWWW                      WWWW     WWw                  |
|                       WWWWww                   WWWW                         |
|                                      WWW                                    |
|                                     wWWW                                    |
|                                    wWWWW                                    |
|                 WWWWWwwwww   WW       WW                                    |
|                     wWWWwwwwwWW       WW                                    |
|                 wWWWWWWWWWWwWWW       WW                                    |
|                wWWWWW       wW        WWWWWWW                               |
|              WWWWWww          WW      WW                                    |
|                 WWWWWwwwww   WW       WW                                    |
|                     wWWWwwwwwWW       WW                                    |
|                           WWWwwww              WWWW                         |
|                               wWWWWwww       wWWWWW                         |
|                                     WwwwwwwwwWWW                            |
|                                                                             |
|                 wWWWWWWWWWWwWWW       WW                                    |
|                wWWWWW       wW        WWWWWWW                               |
|                  WWWW       wW        WW  wWWWWWWWwww                       |
|                   WWWW                      wWWWWWWWwwww                    |
|                     WWWW                      WWWW     WWw                  |
|                       WWWWww                   WWWW                         |
|                                    WW WW                                    |
|                                    WW WW                                    |
|                                   wWW WW                                    |
|                                  wWW  WW                                    |
|                                  WW   WW                                    |
|                  WWWW       wW        WW  wWWWWWWWwww                       |
|                   WWWW                      wWWWWWWWwwww                    |
|                     WWWW                      WWWW     WWw                  |
|                       WWWWww                   WWWW                         |
|                           WWWwwww              WWWW                         |
|                                                                             |
|                                                                             |
|  by:   Wolfgang Kilian, Thorsten Ohl, Juergen Reuter                        |
|        with contributions from Christian Speckner                           |
|        Contact: <whizard@desy.de>                                           |
|                               wWWWWwww       wWWWWW                         |
|                                     WwwwwwwwwWWW                            |
|                                                                             |
|                           WWWwwww              WWWW                         |
|                               wWWWWwww       wWWWWW                         |
|                                     WwwwwwwwwWWW                            |
|                                                                             |
|                                  WW   WW                                    |
|  if you use WHIZARD please cite:                                            |
|        W. Kilian, T. Ohl, J. Reuter,  Eur.Phys.J.C71 (2011) 1742            |
|                                                                             |
|                                                                             |
|                                                                             |
|                                                                             |
|                                                                             |
|                                          [arXiv: 0708.4233 [hep-ph]]        |
|        M. Moretti, T. Ohl, J. Reuter, arXiv: hep-ph/0102195                 |
|                                                                             |
|=============================================================================|
|                               WHIZARD 3.1.8
|=============================================================================|
|  by:   Wolfgang Kilian, Thorsten Ohl, Juergen Reuter                        |
|        with contributions from Christian Speckner                           |
|  by:   Wolfgang Kilian, Thorsten Ohl, Juergen Reuter                        |
|        with contributions from Christian Speckner                           |
|        Contact: <whizard@desy.de>                                           |
|        Contact: <whizard@desy.de>                                           |
|                                 WW    WW                                    |
|                                                                             |
|  if you use WHIZARD please cite:                                            |
|        W. Kilian, T. Ohl, J. Reuter,  Eur.Phys.J.C71 (2011) 1742            |
|                                                                             |
|  if you use WHIZARD please cite:                                            |
|        W. Kilian, T. Ohl, J. Reuter,  Eur.Phys.J.C71 (2011) 1742            |
|                                          [arXiv: 0708.4233 [hep-ph]]        |
|                                          [arXiv: 0708.4233 [hep-ph]]        |
|        M. Moretti, T. Ohl, J. Reuter, arXiv: hep-ph/0102195                 |
|                                                                             |
|=============================================================================|
|        M. Moretti, T. Ohl, J. Reuter, arXiv: hep-ph/0102195                 |
|                                                                             |
|=============================================================================|
|                               WHIZARD 3.1.8
|=============================================================================|
|                                 WW    WW                                    |
|                               WHIZARD 3.1.8
|=============================================================================|
|                                WW     WW                                    |
|                                WW     WW                                    |
|           wwwwww              WW      WW                                    |
|              WWWWWww          WW      WW                                    |
|                 WWWWWwwwww   WW       WW                                    |
|                     wWWWwwwwwWW       WW                                    |
|                 wWWWWWWWWWWwWWW       WW                                    |
|                wWWWWW       wW        WWWWWWW                               |
|                  WWWW       wW        WW  wWWWWWWWwww                       |
|                   WWWW                      wWWWWWWWwwww                    |
|                     WWWW                      WWWW     WWw                  |
|                       WWWWww                   WWWW                         |
|                           WWWwwww              WWWW                         |
|                               wWWWWwww       wWWWWW                         |
|                                     WwwwwwwwwWWW                            |
|                                                                             |
|                                                                             |
|                                                                             |
|  by:   Wolfgang Kilian, Thorsten Ohl, Juergen Reuter                        |
|        with contributions from Christian Speckner                           |
|        Contact: <whizard@desy.de>                                           |
|                                                                             |
|  if you use WHIZARD please cite:                                            |
|        W. Kilian, T. Ohl, J. Reuter,  Eur.Phys.J.C71 (2011) 1742            |
|                                          [arXiv: 0708.4233 [hep-ph]]        |
|        M. Moretti, T. Ohl, J. Reuter, arXiv: hep-ph/0102195                 |
|                                                                             |
|=============================================================================|
|                               WHIZARD 3.1.8
|=============================================================================|
| Reading model file '/afs/cern.ch/user/c/cglenn/FCCWork/whizard/whizard_ttbar_spinpol/local/whizard-3.1.8-mpi-omp-qualified-20260811/share/whizard/models/SM.mdl'
| Preloaded model: SM
| Process library 'default_lib': initialized
| Preloaded library: default_lib
| Reading model file '/afs/cern.ch/user/c/cglenn/FCCWork/whizard/whizard_ttbar_spinpol/local/whizard-3.1.8-mpi-omp-qualified-20260811/share/whizard/models/SM_hadrons.mdl'
| Reading model file '/afs/cern.ch/user/c/cglenn/FCCWork/whizard/whizard_ttbar_spinpol/local/whizard-3.1.8-mpi-omp-qualified-20260811/share/whizard/models/SM.mdl'
| Reading model file '/afs/cern.ch/user/c/cglenn/FCCWork/whizard/whizard_ttbar_spinpol/local/whizard-3.1.8-mpi-omp-qualified-20260811/share/whizard/models/SM.mdl'
| Reading model file '/afs/cern.ch/user/c/cglenn/FCCWork/whizard/whizard_ttbar_spinpol/local/whizard-3.1.8-mpi-omp-qualified-20260811/share/whizard/models/SM.mdl'
| Preloaded model: SM
| Process library 'default_lib': initialized
| Preloaded library: default_lib
| Reading model file '/afs/cern.ch/user/c/cglenn/FCCWork/whizard/whizard_ttbar_spinpol/local/whizard-3.1.8-mpi-omp-qualified-20260811/share/whizard/models/SM_hadrons.mdl'
| Preloaded model: SM
| Process library 'default_lib': initialized
| Preloaded library: default_lib
| Reading model file '/afs/cern.ch/user/c/cglenn/FCCWork/whizard/whizard_ttbar_spinpol/local/whizard-3.1.8-mpi-omp-qualified-20260811/share/whizard/models/SM_hadrons.mdl'
| Preloaded model: SM
| Process library 'default_lib': initialized
| Preloaded library: default_lib
| Reading model file '/afs/cern.ch/user/c/cglenn/FCCWork/whizard/whizard_ttbar_spinpol/local/whizard-3.1.8-mpi-omp-qualified-20260811/share/whizard/models/SM_hadrons.mdl'
| Reading commands from file 'process.sin'
| Including Sindarin from 'common/model.inc'
| Switching to model 'SM', scheme 'default'
| End of included 'common/model.inc'
| Including Sindarin from 'common/beams.inc'
sqrts =  3.650000000000E+02
| End of included 'common/beams.inc'
| Including Sindarin from 'common/isr.inc'
?isr_handler = true
$isr_handler_mode = "recoil"
?keep_beams = true
?keep_remnants = true
isr_mass =  5.109970000000E-04
| End of included 'common/isr.inc'
| Including Sindarin from 'common/polarization.inc'
| End of included 'common/polarization.inc'
| Process library 'default_lib': recorded process 'proc_epmum'
| Including Sindarin from 'common/integration.inc'
$integration_method = "vamp2"
$rng_method = "rng_stream"
$vamp_parallel_method = "simple"
?omega_openmp = false
openmp_num_threads = 1
seed = 672175147
| MPI: wait for master to finish process initialization ...
| Reading commands from file 'process.sin'
| Including Sindarin from 'common/model.inc'
| Switching to model 'SM', scheme 'default'
| End of included 'common/model.inc'
| Including Sindarin from 'common/beams.inc'
sqrts =  3.650000000000E+02
| End of included 'common/beams.inc'
| Including Sindarin from 'common/isr.inc'
?isr_handler = true
$isr_handler_mode = "recoil"
?keep_beams = true
?keep_remnants = true
isr_mass =  5.109970000000E-04
| End of included 'common/isr.inc'
| Including Sindarin from 'common/polarization.inc'
| End of included 'common/polarization.inc'
| Process library 'default_lib': recorded process 'proc_epmum'
| Including Sindarin from 'common/integration.inc'
$integration_method = "vamp2"
$rng_method = "rng_stream"
$vamp_parallel_method = "simple"
?omega_openmp = false
openmp_num_threads = 1
seed = 672175147
| Integrate: current process library needs compilation
| Process library 'default_lib': compiling ...
| Process library 'default_lib': writing makefile
| Process library 'default_lib': writing driver
| Process library 'default_lib': creating source code
  RM        proc_epmum_i1.f90,.mod,.lo
  OMEGA     proc_epmum_i1.f90
| Reading commands from file 'process.sin'
| Reading commands from file 'process.sin'
| Including Sindarin from 'common/model.inc'
| Switching to model 'SM', scheme 'default'
| End of included 'common/model.inc'
| Including Sindarin from 'common/beams.inc'
sqrts =  3.650000000000E+02
| End of included 'common/beams.inc'
| Including Sindarin from 'common/isr.inc'
?isr_handler = true
$isr_handler_mode = "recoil"
?keep_beams = true
?keep_remnants = true
isr_mass =  5.109970000000E-04
| End of included 'common/isr.inc'
| Including Sindarin from 'common/polarization.inc'
| End of included 'common/polarization.inc'
| Process library 'default_lib': recorded process 'proc_epmum'
| Including Sindarin from 'common/integration.inc'
$integration_method = "vamp2"
$rng_method = "rng_stream"
$vamp_parallel_method = "simple"
?omega_openmp = false
| Including Sindarin from 'common/model.inc'
openmp_num_threads = 1
| Switching to model 'SM', scheme 'default'
seed = 672175147
| End of included 'common/model.inc'
| Including Sindarin from 'common/beams.inc'
| MPI: wait for master to finish process initialization ...
sqrts =  3.650000000000E+02
| End of included 'common/beams.inc'
| Including Sindarin from 'common/isr.inc'
?isr_handler = true
$isr_handler_mode = "recoil"
?keep_beams = true
?keep_remnants = true
isr_mass =  5.109970000000E-04
| End of included 'common/isr.inc'
| Including Sindarin from 'common/polarization.inc'
| End of included 'common/polarization.inc'
| Process library 'default_lib': recorded process 'proc_epmum'
| Including Sindarin from 'common/integration.inc'
$integration_method = "vamp2"
$rng_method = "rng_stream"
$vamp_parallel_method = "simple"
?omega_openmp = false
openmp_num_threads = 1
seed = 672175147
| MPI: wait for master to finish process initialization ...
[1/1] e- e+ -> b bbar e+ nue mu- numubar ... allowed. [time: 0.33 secs, total: 0.33 secs, remaining: 0.00 secs]
all processes done. [total time: 0.33 secs]
SUMMARY: 215 fusions, 46 propagators, 402 diagrams
SUMMARY: 53 vertices
| Process library 'default_lib': compiling sources
  FC        default_lib.lo
| Process library 'default_lib': linking
  FCLD      default_lib.la
| Process library 'default_lib': loading
| Process library 'default_lib': ... success.
| Integrate: compilation done
| RNG: Initializing RNG Stream random-number generator
| RNG: Setting seed for random-number generator to 5163
| Initializing integration for process proc_epmum:
| Beam structure: e-, e+ => isr
|   polarization (beam 1):
|     @(-1: -1: ( 1.000000000000E+00, 0.000000000000E+00))
|   polarization (beam 2):
|     @(+1: +1: ( 1.000000000000E+00, 0.000000000000E+00))
|   polarization degree = 1.0000000, 1.0000000
| Beam data (collision):
|   e-  (mass = 5.1099700E-04 GeV)  polarized
|   e+  (mass = 5.1099700E-04 GeV)  polarized
|   sqrts = 3.650000000000E+02 GeV
| Phase space: generating configuration ...
Warning:  Intermediate decay of zero-width particle mu- may be possible.
| Phase space: ... success.
| Phase space: writing configuration file 'proc_epmum.i1.phs'
| ------------------------------------------------------------------------
| Process [scattering]: 'proc_epmum'
|   Library name  = 'default_lib'
|   Process index = 1
|   Process components:
|     1: 'proc_epmum_i1':   e-, e+ => b, bbar, e+, nue, mu-, numubar [omega]
| ------------------------------------------------------------------------
| Phase space: 890 channels, 14 dimensions
| Phase space: found 890 channels, collected in 239 groves.
| Phase space: Using 1060 equivalences between channels.
| Phase space: wood
| Beam structure: isr, none => none, isr
| Beam structure: 2 channels, 2 dimensions
Warning: No cuts have been defined.
| MPI: finish process initialization, load slaves ...
| Integrate: current process library needs compilation
| Integrate: current process library needs compilation
| Integrate: current process library needs compilation
| Process library 'default_lib': compiling ...
| Process library 'default_lib': compiling ...
| Process library 'default_lib': compiling ...
| Process library 'default_lib': keeping makefile
| Process library 'default_lib': keeping driver
| Process library 'default_lib': keeping makefile
| Process library 'default_lib': keeping makefile
| Process library 'default_lib': keeping driver
| Process library 'default_lib': keeping driver
| Process library 'default_lib': active
| Process library 'default_lib': ... success.
| Integrate: compilation done
| RNG: Initializing RNG Stream random-number generator
| RNG: Setting seed for random-number generator to 5163
| Initializing integration for process proc_epmum:
| Beam structure: e-, e+ => isr
|   polarization (beam 1):
|     @(-1: -1: ( 1.000000000000E+00, 0.000000000000E+00))
|   polarization (beam 2):
|     @(+1: +1: ( 1.000000000000E+00, 0.000000000000E+00))
|   polarization degree = 1.0000000, 1.0000000
| Beam data (collision):
|   e-  (mass = 5.1099700E-04 GeV)  polarized
|   e+  (mass = 5.1099700E-04 GeV)  polarized
|   sqrts = 3.650000000000E+02 GeV
| Process library 'default_lib': active
| Process library 'default_lib': ... success.
| Integrate: compilation done
| Process library 'default_lib': active
| Process library 'default_lib': ... success.
| Integrate: compilation done
| RNG: Initializing RNG Stream random-number generator
| RNG: Setting seed for random-number generator to 5163
| Initializing integration for process proc_epmum:
| RNG: Initializing RNG Stream random-number generator
| RNG: Setting seed for random-number generator to 5163
| Initializing integration for process proc_epmum:
| Beam structure: e-, e+ => isr
|   polarization (beam 1):
|     @(-1: -1: ( 1.000000000000E+00, 0.000000000000E+00))
|   polarization (beam 2):
|     @(+1: +1: ( 1.000000000000E+00, 0.000000000000E+00))
|   polarization degree = 1.0000000, 1.0000000
| Beam data (collision):
|   e-  (mass = 5.1099700E-04 GeV)  polarized
|   e+  (mass = 5.1099700E-04 GeV)  polarized
|   sqrts = 3.650000000000E+02 GeV
| Beam structure: e-, e+ => isr
|   polarization (beam 1):
|     @(-1: -1: ( 1.000000000000E+00, 0.000000000000E+00))
|   polarization (beam 2):
|     @(+1: +1: ( 1.000000000000E+00, 0.000000000000E+00))
|   polarization degree = 1.0000000, 1.0000000
| Beam data (collision):
|   e-  (mass = 5.1099700E-04 GeV)  polarized
|   e+  (mass = 5.1099700E-04 GeV)  polarized
|   sqrts = 3.650000000000E+02 GeV
| MPI: Workers do not build phase space configuration.
| Phase space: keeping configuration file 'proc_epmum.i1.phs'
| MPI: Workers do not build phase space configuration.
| Phase space: keeping configuration file 'proc_epmum.i1.phs'
| MPI: Workers do not build phase space configuration.
| Phase space: keeping configuration file 'proc_epmum.i1.phs'
| ------------------------------------------------------------------------
| Process [scattering]: 'proc_epmum'
|   Library name  = 'default_lib'
|   Process index = 1
|   Process components:
|     1: 'proc_epmum_i1':   e-, e+ => b, bbar, e+, nue, mu-, numubar [omega]
| ------------------------------------------------------------------------
| Phase space: 890 channels, 14 dimensions
| Phase space: found 890 channels, collected in 239 groves.
| Phase space: Using 1060 equivalences between channels.
| Phase space: wood
| Beam structure: isr, none => none, isr
| Beam structure: 2 channels, 2 dimensions
Warning: No cuts have been defined.
| ------------------------------------------------------------------------
| Process [scattering]: 'proc_epmum'
|   Library name  = 'default_lib'
|   Process index = 1
|   Process components:
|     1: 'proc_epmum_i1':   e-, e+ => b, bbar, e+, nue, mu-, numubar [omega]
| ------------------------------------------------------------------------
| Phase space: 890 channels, 14 dimensions
| Phase space: found 890 channels, collected in 239 groves.
| Phase space: Using 1060 equivalences between channels.
| Phase space: wood
| Beam structure: isr, none => none, isr
| Beam structure: 2 channels, 2 dimensions
Warning: No cuts have been defined.
| ------------------------------------------------------------------------
| Process [scattering]: 'proc_epmum'
|   Library name  = 'default_lib'
|   Process index = 1
|   Process components:
|     1: 'proc_epmum_i1':   e-, e+ => b, bbar, e+, nue, mu-, numubar [omega]
| ------------------------------------------------------------------------
| Phase space: 890 channels, 14 dimensions
| Phase space: found 890 channels, collected in 239 groves.
| Phase space: Using 1060 equivalences between channels.
| Phase space: wood
| Beam structure: isr, none => none, isr
| Beam structure: 2 channels, 2 dimensions
Warning: No cuts have been defined.
| MPI: Using 4 processes.
| MPI: slave worker #3
| MPI: Using 4 processes.
| MPI: slave worker #2
| MPI: Using 4 processes.
| MPI: slave worker #1
| MPI: Using 4 processes.
| MPI: master worker
| OpenMP: Using 1 thread
| Starting integration for process 'proc_epmum'
| Integrate: iterations = 2:100000:"gw", 2:200000:""
| Integrator: 239 chains, 890 channels, 16 dimensions
| Integrator: Using VAMP2 channel equivalences
| Integrator: Write grid header and grids to 'proc_epmum.m1.vg2'
| Integrator: Grid checkpoint after each iteration
| Integrator: 100000 initial calls, 20 max. bins, stratified = T
| Integrator: VAMP2
|=============================================================================|
| It      Calls  Integral[fb]  Error[fb]   Err[%]    Acc  Eff[%]   Chi2 N[It] |
|=============================================================================|
| VAMP2: Initialize new grids and write to file 'proc_epmum.m1.vg2'.
| OpenMP: Using 1 thread
| Starting integration for process 'proc_epmum'
| Integrate: iterations = 2:100000:"gw", 2:200000:""
| Integrator: 239 chains, 890 channels, 16 dimensions
| Integrator: Using VAMP2 channel equivalences
| Integrator: Write grid header and grids to 'proc_epmum.m1.vg2'
| Integrator: Grid checkpoint after each iteration
| Integrator: 100000 initial calls, 20 max. bins, stratified = T
| Integrator: VAMP2
|=============================================================================|
| It      Calls  Integral[fb]  Error[fb]   Err[%]    Acc  Eff[%]   Chi2 N[It] |
|=============================================================================|
| VAMP2: set chain: use chained weights.
| VAMP2: Initialize new grids and write to file 'proc_epmum.m1.vg2'.
| OpenMP: Using 1 thread
| Starting integration for process 'proc_epmum'
| Integrate: iterations = 2:100000:"gw", 2:200000:""
| Integrator: 239 chains, 890 channels, 16 dimensions
| Integrator: Using VAMP2 channel equivalences
| Integrator: Write grid header and grids to 'proc_epmum.m1.vg2'
| Integrator: Grid checkpoint after each iteration
| Integrator: 100000 initial calls, 20 max. bins, stratified = T
| Integrator: VAMP2
|=============================================================================|
| It      Calls  Integral[fb]  Error[fb]   Err[%]    Acc  Eff[%]   Chi2 N[It] |
|=============================================================================|
| VAMP2: Initialize new grids and write to file 'proc_epmum.m1.vg2'.
| VAMP2: set chain: use chained weights.
| VAMP2: set chain: use chained weights.
| OpenMP: Using 1 thread
| Starting integration for process 'proc_epmum'
| Integrate: iterations = 2:100000:"gw", 2:200000:""
| Integrator: 239 chains, 890 channels, 16 dimensions
| Integrator: Using VAMP2 channel equivalences
| Integrator: Write grid header and grids to 'proc_epmum.m1.vg2'
| Integrator: Grid checkpoint after each iteration
| Integrator: 100000 initial calls, 20 max. bins, stratified = T
| Integrator: VAMP2
|=============================================================================|
| It      Calls  Integral[fb]  Error[fb]   Err[%]    Acc  Eff[%]   Chi2 N[It] |
|=============================================================================|
| VAMP2: Initialize new grids and write to file 'proc_epmum.m1.vg2'.
| VAMP2: set chain: use chained weights.
| VAMP2: Simple Request Balancing.
| VAMP2: Simple Request Balancing.
| VAMP2: Simple Request Balancing.
| VAMP2: Simple Request Balancing.
   1      99992  1.0301680E+01  1.25E+00   12.17   38.50*   3.52
   1      99992  1.0301680E+01  1.25E+00   12.17   38.50*   3.52
   1      99992  1.0301680E+01  1.25E+00   12.17   38.50*   3.52
   1      99992  1.0301680E+01  1.25E+00   12.17   38.50*   3.52
   2     100019  1.2503595E+01  3.20E-01    2.56    8.08*   1.48
   2     100019  1.2503595E+01  3.20E-01    2.56    8.08*   1.48
   2     100019  1.2503595E+01  3.20E-01    2.56    8.08*   1.48
   2     100019  1.2503595E+01  3.20E-01    2.56    8.08*   1.48
|-----------------------------------------------------------------------------|
   2     200011  1.2369378E+01  3.10E-01    2.50   11.20    1.48    2.89   2
|-----------------------------------------------------------------------------|
|-----------------------------------------------------------------------------|
   2     200011  1.2369378E+01  3.10E-01    2.50   11.20    1.48    2.89   2
|-----------------------------------------------------------------------------|
|-----------------------------------------------------------------------------|
   2     200011  1.2369378E+01  3.10E-01    2.50   11.20    1.48    2.89   2
|-----------------------------------------------------------------------------|
|-----------------------------------------------------------------------------|
   2     200011  1.2369378E+01  3.10E-01    2.50   11.20    1.48    2.89   2
|-----------------------------------------------------------------------------|
| VAMP2: Simple Request Balancing.
| VAMP2: Simple Request Balancing.
| VAMP2: Simple Request Balancing.
| VAMP2: Simple Request Balancing.
   3     199992  1.2778774E+01  4.58E-01    3.59   16.04    2.14
   3     199992  1.2778774E+01  4.58E-01    3.59   16.04    2.14
   3     199992  1.2778774E+01  4.58E-01    3.59   16.04    2.14
   3     199992  1.2778774E+01  4.58E-01    3.59   16.04    2.14
   4     199992  1.2444221E+01  1.80E-01    1.45    6.48*   1.86
   4     199992  1.2444221E+01  1.80E-01    1.45    6.48*   1.86
   4     199992  1.2444221E+01  1.80E-01    1.45    6.48*   1.86
   4     199992  1.2444221E+01  1.80E-01    1.45    6.48*   1.86
|-----------------------------------------------------------------------------|
   4     399984  1.2489024E+01  1.68E-01    1.34    8.49    1.86    0.46   2
|=============================================================================|
| Time estimate for generating 10000 events: 0d:00h:07m:35s
|-----------------------------------------------------------------------------|
   4     399984  1.2489024E+01  1.68E-01    1.34    8.49    1.86    0.46   2
|=============================================================================|
| Time estimate for generating 10000 events: 0d:00h:07m:35s
|-----------------------------------------------------------------------------|
   4     399984  1.2489024E+01  1.68E-01    1.34    8.49    1.86    0.46   2
|=============================================================================|
| Time estimate for generating 10000 events: 0d:00h:07m:35s
| End of included 'common/integration.inc'
| End of included 'common/integration.inc'
| End of included 'common/integration.inc'
|-----------------------------------------------------------------------------|
   4     399984  1.2489024E+01  1.68E-01    1.34    8.49    1.86    0.46   2
|=============================================================================|
| Time estimate for generating 10000 events: 0d:00h:07m:35s
| End of included 'common/integration.inc'
| There were no errors and    1 warning(s).
| There were no errors and    1 warning(s).
| WHIZARD run finished.
|=============================================================================|
| WHIZARD run finished.
|=============================================================================|
| There were no errors and    1 warning(s).
| WHIZARD run finished.
|=============================================================================|
| There were no errors and    2 warning(s).
| WHIZARD run finished.
|=============================================================================|

NP=4
WALL_SECONDS=439.96
USER_SECONDS=1732.32
SYS_SECONDS=4.73
MAX_RSS_KB=162008
EXIT_CODE=0
   4     399984  1.2489024E+01  1.68E-01    1.34    8.49    1.86    0.46   2

================================================================
FULL6F MPI SCALING: NP=8
================================================================
[b9p12p0038.cern.ch:01627] MCW rank 0 bound to socket 0[core 0[hwt 0-1]]: [BB/../../../../../../../../../../../../../../../../../../../../../../../../../../../../../../..][../../../../../../../../../../../../../../../../../../../../../../../../../../../../../../../..]
[b9p12p0038.cern.ch:01627] MCW rank 1 bound to socket 0[core 1[hwt 0-1]]: [../BB/../../../../../../../../../../../../../../../../../../../../../../../../../../../../../..][../../../../../../../../../../../../../../../../../../../../../../../../../../../../../../../..]
[b9p12p0038.cern.ch:01627] MCW rank 2 bound to socket 0[core 2[hwt 0-1]]: [../../BB/../../../../../../../../../../../../../../../../../../../../../../../../../../../../..][../../../../../../../../../../../../../../../../../../../../../../../../../../../../../../../..]
[b9p12p0038.cern.ch:01627] MCW rank 3 bound to socket 0[core 3[hwt 0-1]]: [../../../BB/../../../../../../../../../../../../../../../../../../../../../../../../../../../..][../../../../../../../../../../../../../../../../../../../../../../../../../../../../../../../..]
[b9p12p0038.cern.ch:01627] MCW rank 4 bound to socket 0[core 4[hwt 0-1]]: [../../../../BB/../../../../../../../../../../../../../../../../../../../../../../../../../../..][../../../../../../../../../../../../../../../../../../../../../../../../../../../../../../../..]
[b9p12p0038.cern.ch:01627] MCW rank 5 bound to socket 0[core 5[hwt 0-1]]: [../../../../../BB/../../../../../../../../../../../../../../../../../../../../../../../../../..][../../../../../../../../../../../../../../../../../../../../../../../../../../../../../../../..]
[b9p12p0038.cern.ch:01627] MCW rank 6 bound to socket 0[core 6[hwt 0-1]]: [../../../../../../BB/../../../../../../../../../../../../../../../../../../../../../../../../..][../../../../../../../../../../../../../../../../../../../../../../../../../../../../../../../..]
[b9p12p0038.cern.ch:01627] MCW rank 7 bound to socket 0[core 7[hwt 0-1]]: [../../../../../../../BB/../../../../../../../../../../../../../../../../../../../../../../../..][../../../../../../../../../../../../../../../../../../../../../../../../../../../../../../../..]
| Writing log to 'whizard.log'
| Writing log to 'whizard.log'
| Writing log to 'whizard.log'
| Writing log to 'whizard.log'
| Writing log to 'whizard.log'
| Writing log to 'whizard.log'
| Writing log to 'whizard.log'
| Writing log to 'whizard.log'
|=============================================================================|
|=============================================================================|
|=============================================================================|
|=============================================================================|
|                                                                             |
|=============================================================================|
|=============================================================================|
|                                                                             |
|=============================================================================|
|                                                                             |
|    WW             WW  WW   WW  WW  WWWWWW      WW      WWWWW    WWWW        |
|                                                                             |
|    WW             WW  WW   WW  WW  WWWWWW      WW      WWWWW    WWWW        |
|     WW    WW     WW   WW   WW  WW     WW      WWWW     WW  WW   WW  WW      |
|      WW  WW WW  WW    WWWWWWW  WW    WW      WW  WW    WWWWW    WW   WW     |
|                                                                             |
|    WW             WW  WW   WW  WW  WWWWWW      WW      WWWWW    WWWW        |
|     WW    WW     WW   WW   WW  WW     WW      WWWW     WW  WW   WW  WW      |
|      WW  WW WW  WW    WWWWWWW  WW    WW      WW  WW    WWWWW    WW   WW     |
|       WWWW   WWWW     WW   WW  WW   WW      WWWWWWWW   WW  WW   WW  WW      |
|    WW             WW  WW   WW  WW  WWWWWW      WW      WWWWW    WWWW        |
|     WW    WW     WW   WW   WW  WW     WW      WWWW     WW  WW   WW  WW      |
|      WW  WW WW  WW    WWWWWWW  WW    WW      WW  WW    WWWWW    WW   WW     |
|       WWWW   WWWW     WW   WW  WW   WW      WWWWWWWW   WW  WW   WW  WW      |
|                                                                             |
|    WW             WW  WW   WW  WW  WWWWWW      WW      WWWWW    WWWW        |
|     WW    WW     WW   WW   WW  WW     WW      WWWW     WW  WW   WW  WW      |
|      WW  WW WW  WW    WWWWWWW  WW    WW      WW  WW    WWWWW    WW   WW     |
|                                                                             |
|    WW             WW  WW   WW  WW  WWWWWW      WW      WWWWW    WWWW        |
|     WW    WW     WW   WW   WW  WW     WW      WWWW     WW  WW   WW  WW      |
|      WW  WW WW  WW    WWWWWWW  WW    WW      WW  WW    WWWWW    WW   WW     |
|    WW             WW  WW   WW  WW  WWWWWW      WW      WWWWW    WWWW        |
|     WW    WW     WW   WW   WW  WW     WW      WWWW     WW  WW   WW  WW      |
|      WW  WW WW  WW    WWWWWWW  WW    WW      WW  WW    WWWWW    WW   WW     |
|       WWWW   WWWW     WW   WW  WW   WW      WWWWWWWW   WW  WW   WW  WW      |
|        WW     WW      WW   WW  WW  WWWWWW  WW      WW  WW   WW  WWWW        |
|=============================================================================|
|                                                                             |
|    WW             WW  WW   WW  WW  WWWWWW      WW      WWWWW    WWWW        |
|     WW    WW     WW   WW   WW  WW     WW      WWWW     WW  WW   WW  WW      |
|     WW    WW     WW   WW   WW  WW     WW      WWWW     WW  WW   WW  WW      |
|      WW  WW WW  WW    WWWWWWW  WW    WW      WW  WW    WWWWW    WW   WW     |
|       WWWW   WWWW     WW   WW  WW   WW      WWWWWWWW   WW  WW   WW  WW      |
|        WW     WW      WW   WW  WW  WWWWWW  WW      WW  WW   WW  WWWW        |
|                                                                             |
|      WW  WW WW  WW    WWWWWWW  WW    WW      WW  WW    WWWWW    WW   WW     |
|       WWWW   WWWW     WW   WW  WW   WW      WWWWWWWW   WW  WW   WW  WW      |
|       WWWW   WWWW     WW   WW  WW   WW      WWWWWWWW   WW  WW   WW  WW      |
|        WW     WW      WW   WW  WW  WWWWWW  WW      WW  WW   WW  WWWW        |
|                                                                             |
|        WW     WW      WW   WW  WW  WWWWWW  WW      WW  WW   WW  WWWW        |
|                                                                             |
|                                                                             |
|                                        W                                    |
|        WW     WW      WW   WW  WW  WWWWWW  WW      WW  WW   WW  WWWW        |
|                                                                             |
|                                                                             |
|                                        W                                    |
|       WWWW   WWWW     WW   WW  WW   WW      WWWWWWWW   WW  WW   WW  WW      |
|        WW     WW      WW   WW  WW  WWWWWW  WW      WW  WW   WW  WWWW        |
|                                                                             |
|                                                                             |
|       WWWW   WWWW     WW   WW  WW   WW      WWWWWWWW   WW  WW   WW  WW      |
|        WW     WW      WW   WW  WW  WWWWWW  WW      WW  WW   WW  WWWW        |
|                                                                             |
|                                                                             |
|                                                                             |
|                                                                             |
|                                        W                                    |
|                                       sW                                    |
|                                                                             |
|                                        W                                    |
|                                       sW                                    |
|                                       WW                                    |
|                                      sWW                                    |
|        WW     WW      WW   WW  WW  WWWWWW  WW      WW  WW   WW  WWWW        |
|                                                                             |
|                                                                             |
|                                        W                                    |
|                                                                             |
|                                        W                                    |
|                                       sW                                    |
|                                       sW                                    |
|                                       WW                                    |
|                                      sWW                                    |
|                                      WWW                                    |
|                                       sW                                    |
|                                       WW                                    |
|                                      sWW                                    |
|                                      WWW                                    |
|                                        W                                    |
|                                       sW                                    |
|                                       WW                                    |
|                                      sWW                                    |
|                                        W                                    |
|                                       sW                                    |
|                                       WW                                    |
|                                      sWW                                    |
|                                       WW                                    |
|                                      sWW                                    |
|                                      WWW                                    |
|                                     wWWW                                    |
|                                      WWW                                    |
|                                     wWWW                                    |
|                                    wWWWW                                    |
|                                      WWW                                    |
|                                     wWWW                                    |
|                                    wWWWW                                    |
|                                    WW WW                                    |
|                                    WW WW                                    |
|                                   wWW WW                                    |
|                                       sW                                    |
|                                       WW                                    |
|                                      sWW                                    |
|                                      WWW                                    |
|                                       WW                                    |
|                                      sWW                                    |
|                                      WWW                                    |
|                                     wWWW                                    |
|                                    wWWWW                                    |
|                                     wWWW                                    |
|                                    wWWWW                                    |
|                                    WW WW                                    |
|                                    WW WW                                    |
|                                   wWW WW                                    |
|                                     wWWW                                    |
|                                    wWWWW                                    |
|                                    WW WW                                    |
|                                    WW WW                                    |
|                                   wWW WW                                    |
|                                      WWW                                    |
|                                     wWWW                                    |
|                                    wWWWW                                    |
|                                    WW WW                                    |
|                                    WW WW                                    |
|                                    wWWWW                                    |
|                                    WW WW                                    |
|                                    WW WW                                    |
|                                   wWW WW                                    |
|                                   wWW WW                                    |
|                                    WW WW                                    |
|                                    WW WW                                    |
|                                   wWW WW                                    |
|                                  wWW  WW                                    |
|                                  WW   WW                                    |
|                                  WW   WW                                    |
|                                 WW    WW                                    |
|                                     wWWW                                    |
|                                    wWWWW                                    |
|                                    WW WW                                    |
|                                    WW WW                                    |
|                                   wWW WW                                    |
|                                    WW WW                                    |
|                                    WW WW                                    |
|                                   wWW WW                                    |
|                                  wWW  WW                                    |
|                                  wWW  WW                                    |
|                                  WW   WW                                    |
|                                  WW   WW                                    |
|                                 WW    WW                                    |
|                                  wWW  WW                                    |
|                                  WW   WW                                    |
|                                  WW   WW                                    |
|                                 WW    WW                                    |
|                                  wWW  WW                                    |
|                                  WW   WW                                    |
|                                  WW   WW                                    |
|                                 WW    WW                                    |
|                                 WW    WW                                    |
|                                WW     WW                                    |
|                                WW     WW                                    |
|           wwwwww              WW      WW                                    |
|                                  wWW  WW                                    |
|                                  WW   WW                                    |
|                                  WW   WW                                    |
|                                 WW    WW                                    |
|                                 WW    WW                                    |
|                                WW     WW                                    |
|                                  wWW  WW                                    |
|                                  WW   WW                                    |
|                                  WW   WW                                    |
|                                 WW    WW                                    |
|                                 WW    WW                                    |
|                                WW     WW                                    |
|                                WW     WW                                    |
|                                 WW    WW                                    |
|                                WW     WW                                    |
|                                WW     WW                                    |
|           wwwwww              WW      WW                                    |
|              WWWWWww          WW      WW                                    |
|                                  wWW  WW                                    |
|                                  WW   WW                                    |
|                                  WW   WW                                    |
|                                 WW    WW                                    |
|                                  WW   WW                                    |
|                                  WW   WW                                    |
|                                 WW    WW                                    |
|                                 WW    WW                                    |
|                                WW     WW                                    |
|                                 WW    WW                                    |
|                                WW     WW                                    |
|                                WW     WW                                    |
|           wwwwww              WW      WW                                    |
|              WWWWWww          WW      WW                                    |
|                                 WW    WW                                    |
|                                WW     WW                                    |
|                                WW     WW                                    |
|           wwwwww              WW      WW                                    |
|              WWWWWww          WW      WW                                    |
|                 WWWWWwwwww   WW       WW                                    |
|                     wWWWwwwwwWW       WW                                    |
|                 wWWWWWWWWWWwWWW       WW                                    |
|              WWWWWww          WW      WW                                    |
|                 WWWWWwwwww   WW       WW                                    |
|                     wWWWwwwwwWW       WW                                    |
|                 wWWWWWWWWWWwWWW       WW                                    |
|                                WW     WW                                    |
|           wwwwww              WW      WW                                    |
|              WWWWWww          WW      WW                                    |
|                 WWWWWwwwww   WW       WW                                    |
|           wwwwww              WW      WW                                    |
|              WWWWWww          WW      WW                                    |
|                 WWWWWwwwww   WW       WW                                    |
|                     wWWWwwwwwWW       WW                                    |
|                 WWWWWwwwww   WW       WW                                    |
|                     wWWWwwwwwWW       WW                                    |
|                 wWWWWWWWWWWwWWW       WW                                    |
|                                 WW    WW                                    |
|                                WW     WW                                    |
|                                WW     WW                                    |
|           wwwwww              WW      WW                                    |
|                                WW     WW                                    |
|           wwwwww              WW      WW                                    |
|              WWWWWww          WW      WW                                    |
|                 WWWWWwwwww   WW       WW                                    |
|                 WWWWWwwwww   WW       WW                                    |
|                     wWWWwwwwwWW       WW                                    |
|                 wWWWWWWWWWWwWWW       WW                                    |
|                 wWWWWWWWWWWwWWW       WW                                    |
|                wWWWWW       wW        WWWWWWW                               |
|                wWWWWW       wW        WWWWWWW                               |
|                  WWWW       wW        WW  wWWWWWWWwww                       |
|                   WWWW                      wWWWWWWWwwww                    |
|                     WWWW                      WWWW     WWw                  |
|                wWWWWW       wW        WWWWWWW                               |
|                  WWWW       wW        WW  wWWWWWWWwww                       |
|                       WWWWww                   WWWW                         |
|                           WWWwwww              WWWW                         |
|                  WWWW       wW        WW  wWWWWWWWwww                       |
|                   WWWW                      wWWWWWWWwwww                    |
|                   WWWW                      wWWWWWWWwwww                    |
|                     WWWW                      WWWW     WWw                  |
|                     WWWW                      WWWW     WWw                  |
|                               wWWWWwww       wWWWWW                         |
|                                     WwwwwwwwwWWW                            |
|                       WWWWww                   WWWW                         |
|                           WWWwwww              WWWW                         |
|                               wWWWWwww       wWWWWW                         |
|                                                                             |
|                                                                             |
|                                                                             |
|                       WWWWww                   WWWW                         |
|                           WWWwwww              WWWW                         |
|                               wWWWWwww       wWWWWW                         |
|                                     WwwwwwwwwWWW                            |
|                     wWWWwwwwwWW       WW                                    |
|                 wWWWWWWWWWWwWWW       WW                                    |
|                                     WwwwwwwwwWWW                            |
|                                                                             |
|                                                                             |
|                     wWWWwwwwwWW       WW                                    |
|                 wWWWWWWWWWWwWWW       WW                                    |
|                wWWWWW       wW        WWWWWWW                               |
|                  WWWW       wW        WW  wWWWWWWWwww                       |
|  by:   Wolfgang Kilian, Thorsten Ohl, Juergen Reuter                        |
|        with contributions from Christian Speckner                           |
|        Contact: <whizard@desy.de>                                           |
|                                                                             |
|                                                                             |
|                                                                             |
|  by:   Wolfgang Kilian, Thorsten Ohl, Juergen Reuter                        |
|                                                                             |
|  by:   Wolfgang Kilian, Thorsten Ohl, Juergen Reuter                        |
|        with contributions from Christian Speckner                           |
|        Contact: <whizard@desy.de>                                           |
|        with contributions from Christian Speckner                           |
|        Contact: <whizard@desy.de>                                           |
|                                                                             |
|  if you use WHIZARD please cite:                                            |
|                wWWWWW       wW        WWWWWWW                               |
|                  WWWW       wW        WW  wWWWWWWWwww                       |
|                   WWWW                      wWWWWWWWwwww                    |
|                     WWWW                      WWWW     WWw                  |
|                   WWWW                      wWWWWWWWwwww                    |
|                     WWWW                      WWWW     WWw                  |
|                       WWWWww                   WWWW                         |
|                                                                             |
|  if you use WHIZARD please cite:                                            |
|        W. Kilian, T. Ohl, J. Reuter,  Eur.Phys.J.C71 (2011) 1742            |
|                                          [arXiv: 0708.4233 [hep-ph]]        |
|              WWWWWww          WW      WW                                    |
|                 WWWWWwwwww   WW       WW                                    |
|                     wWWWwwwwwWW       WW                                    |
|                 wWWWWWWWWWWwWWW       WW                                    |
|                                                                             |
|  if you use WHIZARD please cite:                                            |
|        W. Kilian, T. Ohl, J. Reuter,  Eur.Phys.J.C71 (2011) 1742            |
|                wWWWWW       wW        WWWWWWW                               |
|                  WWWW       wW        WW  wWWWWWWWwww                       |
|                   WWWW                      wWWWWWWWwwww                    |
|                     WWWW                      WWWW     WWw                  |
|                       WWWWww                   WWWW                         |
|                       WWWWww                   WWWW                         |
|                           WWWwwww              WWWW                         |
|        M. Moretti, T. Ohl, J. Reuter, arXiv: hep-ph/0102195                 |
|                                                                             |
|=============================================================================|
|                               WHIZARD 3.1.8
|                           WWWwwww              WWWW                         |
|                               wWWWWwww       wWWWWW                         |
|                                     WwwwwwwwwWWW                            |
|                                                                             |
|                           WWWwwww              WWWW                         |
|=============================================================================|
|                                          [arXiv: 0708.4233 [hep-ph]]        |
|        M. Moretti, T. Ohl, J. Reuter, arXiv: hep-ph/0102195                 |
|        W. Kilian, T. Ohl, J. Reuter,  Eur.Phys.J.C71 (2011) 1742            |
|                                          [arXiv: 0708.4233 [hep-ph]]        |
|                               wWWWWwww       wWWWWW                         |
|                                     WwwwwwwwwWWW                            |
|                                                                             |
|                                                                             |
|                                                                             |
|                                                                             |
|  by:   Wolfgang Kilian, Thorsten Ohl, Juergen Reuter                        |
|        with contributions from Christian Speckner                           |
|                                                                             |
|=============================================================================|
|                               WHIZARD 3.1.8
|        M. Moretti, T. Ohl, J. Reuter, arXiv: hep-ph/0102195                 |
|                                                                             |
|                                                                             |
|                wWWWWW       wW        WWWWWWW                               |
|                               wWWWWwww       wWWWWW                         |
|        Contact: <whizard@desy.de>                                           |
|                wWWWWW       wW        WWWWWWW                               |
|=============================================================================|
|  by:   Wolfgang Kilian, Thorsten Ohl, Juergen Reuter                        |
|                  WWWW       wW        WW  wWWWWWWWwww                       |
|        with contributions from Christian Speckner                           |
|        Contact: <whizard@desy.de>                                           |
|                   WWWW                      wWWWWWWWwwww                    |
|                                     WwwwwwwwwWWW                            |
|                                                                             |
|  if you use WHIZARD please cite:                                            |
|        W. Kilian, T. Ohl, J. Reuter,  Eur.Phys.J.C71 (2011) 1742            |
|                                          [arXiv: 0708.4233 [hep-ph]]        |
|=============================================================================|
|                               WHIZARD 3.1.8
|=============================================================================|
|                  WWWW       wW        WW  wWWWWWWWwww                       |
|                   WWWW                      wWWWWWWWwwww                    |
|        M. Moretti, T. Ohl, J. Reuter, arXiv: hep-ph/0102195                 |
|                                                                             |
|  if you use WHIZARD please cite:                                            |
|                     WWWW                      WWWW     WWw                  |
|                       WWWWww                   WWWW                         |
|                                                                             |
|                     WWWW                      WWWW     WWw                  |
|                                                                             |
|                                                                             |
|                           WWWwwww              WWWW                         |
|                               wWWWWwww       wWWWWW                         |
|                                     WwwwwwwwwWWW                            |
|                       WWWWww                   WWWW                         |
|        W. Kilian, T. Ohl, J. Reuter,  Eur.Phys.J.C71 (2011) 1742            |
|                                          [arXiv: 0708.4233 [hep-ph]]        |
|                                                                             |
|                                                                             |
|                                                                             |
|=============================================================================|
|                               WHIZARD 3.1.8
|        M. Moretti, T. Ohl, J. Reuter, arXiv: hep-ph/0102195                 |
|                                                                             |
|                           WWWwwww              WWWW                         |
|                               wWWWWwww       wWWWWW                         |
|                                                                             |
|  by:   Wolfgang Kilian, Thorsten Ohl, Juergen Reuter                        |
|  by:   Wolfgang Kilian, Thorsten Ohl, Juergen Reuter                        |
|        with contributions from Christian Speckner                           |
|        Contact: <whizard@desy.de>                                           |
|        with contributions from Christian Speckner                           |
|=============================================================================|
|=============================================================================|
|                               WHIZARD 3.1.8
|=============================================================================|
|                                     WwwwwwwwwWWW                            |
|                                                                             |
|                                                                             |
|  if you use WHIZARD please cite:                                            |
|        W. Kilian, T. Ohl, J. Reuter,  Eur.Phys.J.C71 (2011) 1742            |
|                                          [arXiv: 0708.4233 [hep-ph]]        |
|        M. Moretti, T. Ohl, J. Reuter, arXiv: hep-ph/0102195                 |
|                                                                             |
|                                                                             |
|        Contact: <whizard@desy.de>                                           |
|                                                                             |
|=============================================================================|
|                               WHIZARD 3.1.8
|  if you use WHIZARD please cite:                                            |
|                                                                             |
|  by:   Wolfgang Kilian, Thorsten Ohl, Juergen Reuter                        |
|=============================================================================|
|        with contributions from Christian Speckner                           |
|        W. Kilian, T. Ohl, J. Reuter,  Eur.Phys.J.C71 (2011) 1742            |
|                                          [arXiv: 0708.4233 [hep-ph]]        |
|        M. Moretti, T. Ohl, J. Reuter, arXiv: hep-ph/0102195                 |
|                                                                             |
|        Contact: <whizard@desy.de>                                           |
|                                                                             |
|=============================================================================|
|                               WHIZARD 3.1.8
|  if you use WHIZARD please cite:                                            |
|        W. Kilian, T. Ohl, J. Reuter,  Eur.Phys.J.C71 (2011) 1742            |
|=============================================================================|
|                                          [arXiv: 0708.4233 [hep-ph]]        |
|        M. Moretti, T. Ohl, J. Reuter, arXiv: hep-ph/0102195                 |
|                                                                             |
|=============================================================================|
|                               WHIZARD 3.1.8
|=============================================================================|
| Reading model file '/afs/cern.ch/user/c/cglenn/FCCWork/whizard/whizard_ttbar_spinpol/local/whizard-3.1.8-mpi-omp-qualified-20260811/share/whizard/models/SM.mdl'
| Preloaded model: SM
| Process library 'default_lib': initialized
| Preloaded library: default_lib
| Reading model file '/afs/cern.ch/user/c/cglenn/FCCWork/whizard/whizard_ttbar_spinpol/local/whizard-3.1.8-mpi-omp-qualified-20260811/share/whizard/models/SM_hadrons.mdl'
| Reading model file '/afs/cern.ch/user/c/cglenn/FCCWork/whizard/whizard_ttbar_spinpol/local/whizard-3.1.8-mpi-omp-qualified-20260811/share/whizard/models/SM.mdl'
| Reading model file '/afs/cern.ch/user/c/cglenn/FCCWork/whizard/whizard_ttbar_spinpol/local/whizard-3.1.8-mpi-omp-qualified-20260811/share/whizard/models/SM.mdl'
| Reading model file '/afs/cern.ch/user/c/cglenn/FCCWork/whizard/whizard_ttbar_spinpol/local/whizard-3.1.8-mpi-omp-qualified-20260811/share/whizard/models/SM.mdl'
| Reading model file '/afs/cern.ch/user/c/cglenn/FCCWork/whizard/whizard_ttbar_spinpol/local/whizard-3.1.8-mpi-omp-qualified-20260811/share/whizard/models/SM.mdl'
| Reading model file '/afs/cern.ch/user/c/cglenn/FCCWork/whizard/whizard_ttbar_spinpol/local/whizard-3.1.8-mpi-omp-qualified-20260811/share/whizard/models/SM.mdl'
| Reading model file '/afs/cern.ch/user/c/cglenn/FCCWork/whizard/whizard_ttbar_spinpol/local/whizard-3.1.8-mpi-omp-qualified-20260811/share/whizard/models/SM.mdl'
| Reading model file '/afs/cern.ch/user/c/cglenn/FCCWork/whizard/whizard_ttbar_spinpol/local/whizard-3.1.8-mpi-omp-qualified-20260811/share/whizard/models/SM.mdl'
| Preloaded model: SM
| Process library 'default_lib': initialized
| Preloaded library: default_lib
| Reading model file '/afs/cern.ch/user/c/cglenn/FCCWork/whizard/whizard_ttbar_spinpol/local/whizard-3.1.8-mpi-omp-qualified-20260811/share/whizard/models/SM_hadrons.mdl'
| Preloaded model: SM
| Preloaded model: SM
| Process library 'default_lib': initialized
| Preloaded library: default_lib
| Process library 'default_lib': initialized
| Preloaded library: default_lib
| Reading model file '/afs/cern.ch/user/c/cglenn/FCCWork/whizard/whizard_ttbar_spinpol/local/whizard-3.1.8-mpi-omp-qualified-20260811/share/whizard/models/SM_hadrons.mdl'
| Reading model file '/afs/cern.ch/user/c/cglenn/FCCWork/whizard/whizard_ttbar_spinpol/local/whizard-3.1.8-mpi-omp-qualified-20260811/share/whizard/models/SM_hadrons.mdl'
| Preloaded model: SM
| Process library 'default_lib': initialized
| Preloaded library: default_lib
| Reading model file '/afs/cern.ch/user/c/cglenn/FCCWork/whizard/whizard_ttbar_spinpol/local/whizard-3.1.8-mpi-omp-qualified-20260811/share/whizard/models/SM_hadrons.mdl'
| Preloaded model: SM
| Process library 'default_lib': initialized
| Preloaded model: SM
| Preloaded library: default_lib
| Process library 'default_lib': initialized
| Reading model file '/afs/cern.ch/user/c/cglenn/FCCWork/whizard/whizard_ttbar_spinpol/local/whizard-3.1.8-mpi-omp-qualified-20260811/share/whizard/models/SM_hadrons.mdl'
| Preloaded library: default_lib
| Reading model file '/afs/cern.ch/user/c/cglenn/FCCWork/whizard/whizard_ttbar_spinpol/local/whizard-3.1.8-mpi-omp-qualified-20260811/share/whizard/models/SM_hadrons.mdl'
| Preloaded model: SM
| Process library 'default_lib': initialized
| Preloaded library: default_lib
| Reading model file '/afs/cern.ch/user/c/cglenn/FCCWork/whizard/whizard_ttbar_spinpol/local/whizard-3.1.8-mpi-omp-qualified-20260811/share/whizard/models/SM_hadrons.mdl'
| Reading commands from file 'process.sin'
| Including Sindarin from 'common/model.inc'
| Switching to model 'SM', scheme 'default'
| End of included 'common/model.inc'
| Including Sindarin from 'common/beams.inc'
sqrts =  3.650000000000E+02
| End of included 'common/beams.inc'
| Including Sindarin from 'common/isr.inc'
?isr_handler = true
$isr_handler_mode = "recoil"
?keep_beams = true
?keep_remnants = true
isr_mass =  5.109970000000E-04
| End of included 'common/isr.inc'
| Including Sindarin from 'common/polarization.inc'
| End of included 'common/polarization.inc'
| Process library 'default_lib': recorded process 'proc_epmum'
| Including Sindarin from 'common/integration.inc'
$integration_method = "vamp2"
$rng_method = "rng_stream"
$vamp_parallel_method = "simple"
?omega_openmp = false
openmp_num_threads = 1
seed = 672175147
| MPI: wait for master to finish process initialization ...
| Reading commands from file 'process.sin'
| Including Sindarin from 'common/model.inc'
| Switching to model 'SM', scheme 'default'
| End of included 'common/model.inc'
| Including Sindarin from 'common/beams.inc'
sqrts =  3.650000000000E+02
| End of included 'common/beams.inc'
| Including Sindarin from 'common/isr.inc'
?isr_handler = true
$isr_handler_mode = "recoil"
?keep_beams = true
?keep_remnants = true
isr_mass =  5.109970000000E-04
| End of included 'common/isr.inc'
| Including Sindarin from 'common/polarization.inc'
| End of included 'common/polarization.inc'
| Process library 'default_lib': recorded process 'proc_epmum'
| Including Sindarin from 'common/integration.inc'
$integration_method = "vamp2"
$rng_method = "rng_stream"
$vamp_parallel_method = "simple"
?omega_openmp = false
openmp_num_threads = 1
seed = 672175147
| MPI: wait for master to finish process initialization ...
| Reading commands from file 'process.sin'
| Reading commands from file 'process.sin'
| Including Sindarin from 'common/model.inc'
| Switching to model 'SM', scheme 'default'
| End of included 'common/model.inc'
| Including Sindarin from 'common/beams.inc'
sqrts =  3.650000000000E+02
| End of included 'common/beams.inc'
| Including Sindarin from 'common/isr.inc'
?isr_handler = true
$isr_handler_mode = "recoil"
?keep_beams = true
?keep_remnants = true
isr_mass =  5.109970000000E-04
| End of included 'common/isr.inc'
| Including Sindarin from 'common/polarization.inc'
| Reading commands from file 'process.sin'
| End of included 'common/polarization.inc'
| Process library 'default_lib': recorded process 'proc_epmum'
| Including Sindarin from 'common/integration.inc'
| Including Sindarin from 'common/model.inc'
| Switching to model 'SM', scheme 'default'
| End of included 'common/model.inc'
| Including Sindarin from 'common/beams.inc'
$integration_method = "vamp2"
sqrts = $rng_method = "rng_stream"
 3.650000000000E+02
| End of included 'common/beams.inc'
| Including Sindarin from 'common/isr.inc'
$vamp_parallel_method?isr_handler = true
 = $isr_handler_mode = "recoil"
"simple"
?keep_beams = true
?keep_remnants = true
isr_mass =  5.109970000000E-04
?omega_openmp = false
| End of included 'common/isr.inc'
| Including Sindarin from 'common/polarization.inc'
openmp_num_threads = 1
| End of included 'common/polarization.inc'
seed = 672175147
| MPI: wait for master to finish process initialization ...
| Process library 'default_lib': recorded process 'proc_epmum'
| Including Sindarin from 'common/integration.inc'
$integration_method = "vamp2"
$rng_method = "rng_stream"
$vamp_parallel_method = "simple"
?omega_openmp = false
openmp_num_threads = 1
seed = 672175147
| MPI: wait for master to finish process initialization ...
| Including Sindarin from 'common/model.inc'
| Switching to model 'SM', scheme 'default'
| End of included 'common/model.inc'
| Including Sindarin from 'common/beams.inc'
sqrts =  3.650000000000E+02
| End of included 'common/beams.inc'
| Including Sindarin from 'common/isr.inc'
?isr_handler = true
$isr_handler_mode = "recoil"
?keep_beams = true
?keep_remnants = true
isr_mass =  5.109970000000E-04
| End of included 'common/isr.inc'
| Including Sindarin from 'common/polarization.inc'
| End of included 'common/polarization.inc'
| Process library 'default_lib': recorded process 'proc_epmum'
| Including Sindarin from 'common/integration.inc'
$integration_method = "vamp2"
$rng_method = "rng_stream"
$vamp_parallel_method| Reading commands from file 'process.sin'
 = "simple"
?omega_openmp = false
openmp_num_threads = 1
seed = 672175147
| MPI: wait for master to finish process initialization ...
| Reading commands from file 'process.sin'
| Including Sindarin from 'common/model.inc'
| Switching to model 'SM', scheme 'default'
| End of included 'common/model.inc'
| Including Sindarin from 'common/beams.inc'
sqrts =  3.650000000000E+02
| End of included 'common/beams.inc'
| Including Sindarin from 'common/isr.inc'
?isr_handler = true
$isr_handler_mode = "recoil"
?keep_beams = true
?keep_remnants = true
isr_mass =  5.109970000000E-04
| End of included 'common/isr.inc'
| Including Sindarin from 'common/polarization.inc'
| End of included 'common/polarization.inc'
| Process library 'default_lib': recorded process 'proc_epmum'
| Including Sindarin from 'common/integration.inc'
$integration_method = "vamp2"
$rng_method = "rng_stream"
$vamp_parallel_method| Including Sindarin from 'common/model.inc'
 = "simple"
| Switching to model 'SM', scheme 'default'
| End of included 'common/model.inc'
| Including Sindarin from 'common/beams.inc'
?omega_openmp = false
sqrts =  3.650000000000E+02
| Reading commands from file 'process.sin'
openmp_num_threads = | End of included 'common/beams.inc'
| Including Sindarin from 'common/isr.inc'
1
?isr_handler = true
seed$isr_handler_mode = "recoil"
?keep_beams = true
?keep_remnants = true
isr_mass =  5.109970000000E-04
| End of included 'common/isr.inc'
| Including Sindarin from 'common/polarization.inc'
 = | End of included 'common/polarization.inc'
672175147
| MPI: wait for master to finish process initialization ...
| Process library 'default_lib': recorded process 'proc_epmum'
| Including Sindarin from 'common/integration.inc'
$integration_method = "vamp2"
$rng_method = "rng_stream"
$vamp_parallel_method = "simple"
?omega_openmp = false
openmp_num_threads = 1
seed = 672175147
| Integrate: current process library needs compilation
| Process library 'default_lib': compiling ...
| Including Sindarin from 'common/model.inc'
| Switching to model 'SM', scheme 'default'
| End of included 'common/model.inc'
| Including Sindarin from 'common/beams.inc'
sqrts =  3.650000000000E+02
| End of included 'common/beams.inc'
| Including Sindarin from 'common/isr.inc'
?isr_handler = true
$isr_handler_mode = "recoil"
?keep_beams = true
?keep_remnants = true
isr_mass =  5.109970000000E-04
| End of included 'common/isr.inc'
| Including Sindarin from 'common/polarization.inc'
| End of included 'common/polarization.inc'
| Process library 'default_lib': recorded process 'proc_epmum'
| Including Sindarin from 'common/integration.inc'
$integration_method = "vamp2"
$rng_method = "rng_stream"
$vamp_parallel_method = "simple"
?omega_openmp = false
openmp_num_threads = 1
seed = 672175147
| MPI: wait for master to finish process initialization ...
| Process library 'default_lib': writing makefile
| Process library 'default_lib': writing driver
| Process library 'default_lib': creating source code
  RM        proc_epmum_i1.f90,.mod,.lo
  OMEGA     proc_epmum_i1.f90
[1/1] e- e+ -> b bbar e+ nue mu- numubar ... allowed. [time: 0.57 secs, total: 0.57 secs, remaining: 0.00 secs]
all processes done. [total time: 0.57 secs]
SUMMARY: 215 fusions, 46 propagators, 402 diagrams
SUMMARY: 53 vertices
| Process library 'default_lib': compiling sources
  FC        default_lib.lo
| Process library 'default_lib': linking
  FCLD      default_lib.la
| Process library 'default_lib': loading
| Process library 'default_lib': ... success.
| Integrate: compilation done
| RNG: Initializing RNG Stream random-number generator
| RNG: Setting seed for random-number generator to 5163
| Initializing integration for process proc_epmum:
| Beam structure: e-, e+ => isr
|   polarization (beam 1):
|     @(-1: -1: ( 1.000000000000E+00, 0.000000000000E+00))
|   polarization (beam 2):
|     @(+1: +1: ( 1.000000000000E+00, 0.000000000000E+00))
|   polarization degree = 1.0000000, 1.0000000
| Beam data (collision):
|   e-  (mass = 5.1099700E-04 GeV)  polarized
|   e+  (mass = 5.1099700E-04 GeV)  polarized
|   sqrts = 3.650000000000E+02 GeV
| Phase space: generating configuration ...
Warning:  Intermediate decay of zero-width particle mu- may be possible.
| Phase space: ... success.
| Phase space: writing configuration file 'proc_epmum.i1.phs'
| ------------------------------------------------------------------------
| Process [scattering]: 'proc_epmum'
|   Library name  = 'default_lib'
|   Process index = 1
|   Process components:
|     1: 'proc_epmum_i1':   e-, e+ => b, bbar, e+, nue, mu-, numubar [omega]
| ------------------------------------------------------------------------
| Phase space: 890 channels, 14 dimensions
| Phase space: found 890 channels, collected in 239 groves.
| Phase space: Using 1060 equivalences between channels.
| Phase space: wood
| Beam structure: isr, none => none, isr
| Beam structure: 2 channels, 2 dimensions
Warning: No cuts have been defined.
| MPI: finish process initialization, load slaves ...
| Integrate: current process library needs compilation
| Integrate: current process library needs compilation
| Integrate: current process library needs compilation
| Integrate: current process library needs compilation
| Integrate: current process library needs compilation
| Integrate: current process library needs compilation
| Process library 'default_lib': compiling ...
| Integrate: current process library needs compilation
| Process library 'default_lib': compiling ...
| Process library 'default_lib': compiling ...
| Process library 'default_lib': compiling ...
| Process library 'default_lib': compiling ...
| Process library 'default_lib': compiling ...
| Process library 'default_lib': compiling ...
| Process library 'default_lib': keeping makefile
| Process library 'default_lib': keeping driver
| Process library 'default_lib': keeping makefile
| Process library 'default_lib': keeping driver
| Process library 'default_lib': keeping makefile
| Process library 'default_lib': keeping driver
| Process library 'default_lib': keeping makefile
| Process library 'default_lib': keeping driver
| Process library 'default_lib': keeping makefile
| Process library 'default_lib': keeping makefile
| Process library 'default_lib': keeping makefile
| Process library 'default_lib': keeping driver
| Process library 'default_lib': keeping driver
| Process library 'default_lib': keeping driver
| Process library 'default_lib': active
| Process library 'default_lib': ... success.
| Integrate: compilation done
| Process library 'default_lib': active
| Process library 'default_lib': ... success.
| Integrate: compilation done
| Process library 'default_lib': active
| Process library 'default_lib': ... success.
| Integrate: compilation done
| RNG: Initializing RNG Stream random-number generator
| RNG: Setting seed for random-number generator to 5163
| RNG: Initializing RNG Stream random-number generator
| RNG: Setting seed for random-number generator to 5163
| Initializing integration for process proc_epmum:
| Initializing integration for process proc_epmum:
| RNG: Initializing RNG Stream random-number generator
| RNG: Setting seed for random-number generator to 5163
| Initializing integration for process proc_epmum:
| Beam structure: e-, e+ => isr
|   polarization (beam 1):
|     @(-1: -1: ( 1.000000000000E+00, 0.000000000000E+00))
|   polarization (beam 2):
|     @(+1: +1: ( 1.000000000000E+00, 0.000000000000E+00))
|   polarization degree = 1.0000000, 1.0000000
| Beam data (collision):
|   e-  (mass = 5.1099700E-04 GeV)  polarized
|   e+  (mass = 5.1099700E-04 GeV)  polarized
|   sqrts = 3.650000000000E+02 GeV
| Beam structure: e-, e+ => isr
|   polarization (beam 1):
|     @(-1: -1: ( 1.000000000000E+00, 0.000000000000E+00))
|   polarization (beam 2):
|     @(+1: +1: ( 1.000000000000E+00, 0.000000000000E+00))
|   polarization degree = 1.0000000, 1.0000000
| Beam data (collision):
|   e-  (mass = 5.1099700E-04 GeV)  polarized
|   e+  (mass = 5.1099700E-04 GeV)  polarized
|   sqrts = 3.650000000000E+02 GeV
| Beam structure: e-, e+ => isr
|   polarization (beam 1):
|     @(-1: -1: ( 1.000000000000E+00, 0.000000000000E+00))
|   polarization (beam 2):
|     @(+1: +1: ( 1.000000000000E+00, 0.000000000000E+00))
|   polarization degree = 1.0000000, 1.0000000
| Beam data (collision):
|   e-  (mass = 5.1099700E-04 GeV)  polarized
|   e+  (mass = 5.1099700E-04 GeV)  polarized
|   sqrts = 3.650000000000E+02 GeV
| Process library 'default_lib': active
| Process library 'default_lib': ... success.
| Integrate: compilation done
| RNG: Initializing RNG Stream random-number generator
| RNG: Setting seed for random-number generator to 5163
| Initializing integration for process proc_epmum:
| Process library 'default_lib': active
| Process library 'default_lib': ... success.
| Integrate: compilation done
| Process library 'default_lib': active
| Process library 'default_lib': active
| Process library 'default_lib': ... success.
| Integrate: compilation done
| Process library 'default_lib': ... success.
| Integrate: compilation done
| Beam structure: e-, e+ => isr
|   polarization (beam 1):
|     @(-1: -1: ( 1.000000000000E+00, 0.000000000000E+00))
|   polarization (beam 2):
|     @(+1: +1: ( 1.000000000000E+00, 0.000000000000E+00))
|   polarization degree = 1.0000000, 1.0000000
| Beam data (collision):
|   e-  (mass = 5.1099700E-04 GeV)  polarized
|   e+  (mass = 5.1099700E-04 GeV)  polarized
|   sqrts = 3.650000000000E+02 GeV
| RNG: Initializing RNG Stream random-number generator
| RNG: Setting seed for random-number generator to 5163
| Initializing integration for process proc_epmum:
| RNG: Initializing RNG Stream random-number generator
| RNG: Setting seed for random-number generator to 5163
| RNG: Initializing RNG Stream random-number generator
| RNG: Setting seed for random-number generator to 5163
| Initializing integration for process proc_epmum:
| Initializing integration for process proc_epmum:
| Beam structure: e-, e+ => isr
|   polarization (beam 1):
|     @(-1: -1: ( 1.000000000000E+00, 0.000000000000E+00))
|   polarization (beam 2):
|     @(+1: +1: ( 1.000000000000E+00, 0.000000000000E+00))
|   polarization degree = 1.0000000, 1.0000000
| Beam data (collision):
|   e-  (mass = 5.1099700E-04 GeV)  polarized
|   e+  (mass = 5.1099700E-04 GeV)  polarized
|   sqrts = 3.650000000000E+02 GeV
| Beam structure: e-, e+ => isr
|   polarization (beam 1):
|     @(-1: -1: ( 1.000000000000E+00, 0.000000000000E+00))
|   polarization (beam 2):
|     @(+1: +1: ( 1.000000000000E+00, 0.000000000000E+00))
|   polarization degree = 1.0000000, 1.0000000
| Beam data (collision):
|   e-  (mass = 5.1099700E-04 GeV)  polarized
|   e+  (mass = 5.1099700E-04 GeV)  polarized
|   sqrts = 3.650000000000E+02 GeV
| Beam structure: e-, e+ => isr
|   polarization (beam 1):
|     @(-1: -1: ( 1.000000000000E+00, 0.000000000000E+00))
|   polarization (beam 2):
|     @(+1: +1: ( 1.000000000000E+00, 0.000000000000E+00))
|   polarization degree = 1.0000000, 1.0000000
| Beam data (collision):
|   e-  (mass = 5.1099700E-04 GeV)  polarized
|   e+  (mass = 5.1099700E-04 GeV)  polarized
|   sqrts = 3.650000000000E+02 GeV
| MPI: Workers do not build phase space configuration.
| Phase space: keeping configuration file 'proc_epmum.i1.phs'
| MPI: Workers do not build phase space configuration.
| Phase space: keeping configuration file 'proc_epmum.i1.phs'
| MPI: Workers do not build phase space configuration.
| Phase space: keeping configuration file 'proc_epmum.i1.phs'
| MPI: Workers do not build phase space configuration.
| Phase space: keeping configuration file 'proc_epmum.i1.phs'
| MPI: Workers do not build phase space configuration.
| Phase space: keeping configuration file 'proc_epmum.i1.phs'
| MPI: Workers do not build phase space configuration.
| Phase space: keeping configuration file 'proc_epmum.i1.phs'
| MPI: Workers do not build phase space configuration.
| Phase space: keeping configuration file 'proc_epmum.i1.phs'
| ------------------------------------------------------------------------
| Process [scattering]: 'proc_epmum'
|   Library name  = 'default_lib'
|   Process index = 1
|   Process components:
|     1: 'proc_epmum_i1':   e-, e+ => b, bbar, e+, nue, mu-, numubar [omega]
| ------------------------------------------------------------------------
| Phase space: 890 channels, 14 dimensions
| Phase space: found 890 channels, collected in 239 groves.
| Phase space: Using 1060 equivalences between channels.
| Phase space: wood
| Beam structure: isr, none => none, isr
| Beam structure: 2 channels, 2 dimensions
Warning: No cuts have been defined.
| ------------------------------------------------------------------------
| Process [scattering]: 'proc_epmum'
|   Library name  = 'default_lib'
|   Process index = 1
|   Process components:
|     1: 'proc_epmum_i1':   e-, e+ => b, bbar, e+, nue, mu-, numubar [omega]
| ------------------------------------------------------------------------
| Phase space: 890 channels, 14 dimensions
| Phase space: found 890 channels, collected in 239 groves.
| Phase space: Using 1060 equivalences between channels.
| Phase space: wood
| Beam structure: isr, none => none, isr
| Beam structure: 2 channels, 2 dimensions
Warning: No cuts have been defined.
| ------------------------------------------------------------------------
| Process [scattering]: 'proc_epmum'
|   Library name  = 'default_lib'
|   Process index = 1
|   Process components:
|     1: 'proc_epmum_i1':   e-, e+ => b, bbar, e+, nue, mu-, numubar [omega]
| ------------------------------------------------------------------------
| Phase space: 890 channels, 14 dimensions
| Phase space: found 890 channels, collected in 239 groves.
| Phase space: Using 1060 equivalences between channels.
| Phase space: wood
| Beam structure: isr, none => none, isr
| Beam structure: 2 channels, 2 dimensions
Warning: No cuts have been defined.
| ------------------------------------------------------------------------
| Process [scattering]: 'proc_epmum'
|   Library name  = 'default_lib'
|   Process index = 1
|   Process components:
|     1: 'proc_epmum_i1':   e-, e+ => b, bbar, e+, nue, mu-, numubar [omega]
| ------------------------------------------------------------------------
| Phase space: 890 channels, 14 dimensions
| Phase space: found 890 channels, collected in 239 groves.
| Phase space: Using 1060 equivalences between channels.
| Phase space: wood
| Beam structure: isr, none => none, isr
| Beam structure: 2 channels, 2 dimensions
Warning: No cuts have been defined.
| ------------------------------------------------------------------------
| Process [scattering]: 'proc_epmum'
|   Library name  = 'default_lib'
|   Process index = 1
|   Process components:
|     1: 'proc_epmum_i1':   e-, e+ => b, bbar, e+, nue, mu-, numubar [omega]
| ------------------------------------------------------------------------
| Phase space: 890 channels, 14 dimensions
| Phase space: found 890 channels, collected in 239 groves.
| Phase space: Using 1060 equivalences between channels.
| Phase space: wood
| Beam structure: isr, none => none, isr
| Beam structure: 2 channels, 2 dimensions
Warning: No cuts have been defined.
| ------------------------------------------------------------------------
| Process [scattering]: 'proc_epmum'
|   Library name  = 'default_lib'
|   Process index = 1
|   Process components:
|     1: 'proc_epmum_i1':   e-, e+ => b, bbar, e+, nue, mu-, numubar [omega]
| ------------------------------------------------------------------------
| Phase space: 890 channels, 14 dimensions
| Phase space: found 890 channels, collected in 239 groves.
| Phase space: Using 1060 equivalences between channels.
| Phase space: wood
| Beam structure: isr, none => none, isr
| Beam structure: 2 channels, 2 dimensions
Warning: No cuts have been defined.
| ------------------------------------------------------------------------
| Process [scattering]: 'proc_epmum'
|   Library name  = 'default_lib'
|   Process index = 1
|   Process components:
|     1: 'proc_epmum_i1':   e-, e+ => b, bbar, e+, nue, mu-, numubar [omega]
| ------------------------------------------------------------------------
| Phase space: 890 channels, 14 dimensions
| Phase space: found 890 channels, collected in 239 groves.
| Phase space: Using 1060 equivalences between channels.
| Phase space: wood
| Beam structure: isr, none => none, isr
| Beam structure: 2 channels, 2 dimensions
Warning: No cuts have been defined.
| MPI: Using 8 processes.
| MPI: slave worker #4
| MPI: Using 8 processes.
| MPI: master worker
| MPI: Using 8 processes.
| MPI: slave worker #6
| MPI: Using 8 processes.
| MPI: slave worker #1
| MPI: Using 8 processes.
| MPI: slave worker #5
| MPI: Using 8 processes.
| MPI: slave worker #3
| MPI: Using 8 processes.
| MPI: slave worker #7
| MPI: Using 8 processes.
| MPI: slave worker #2
| OpenMP: Using 1 thread
| Starting integration for process 'proc_epmum'
| Integrate: iterations = 2:100000:"gw", 2:200000:""
| OpenMP: Using 1 thread
| Starting integration for process 'proc_epmum'
| Integrator: 239 chains, 890 channels, 16 dimensions
| Integrator: Using VAMP2 channel equivalences
| Integrator: Write grid header and grids to 'proc_epmum.m1.vg2'
| Integrator: Grid checkpoint after each iteration
| Integrator: 100000 initial calls, 20 max. bins, stratified = T
| Integrator: VAMP2
| Integrate: iterations = 2:100000:"gw", 2:200000:""
| Integrator: 239 chains, 890 channels, 16 dimensions
| Integrator: Using VAMP2 channel equivalences
| Integrator: Write grid header and grids to 'proc_epmum.m1.vg2'
|=============================================================================|
| It      Calls  Integral[fb]  Error[fb]   Err[%]    Acc  Eff[%]   Chi2 N[It] |
|=============================================================================|
| VAMP2: Initialize new grids and write to file 'proc_epmum.m1.vg2'.
| Integrator: Grid checkpoint after each iteration
| Integrator: 100000 initial calls, 20 max. bins, stratified = T
| Integrator: VAMP2
|=============================================================================|
| It      Calls  Integral[fb]  Error[fb]   Err[%]    Acc  Eff[%]   Chi2 N[It] |
|=============================================================================|
| OpenMP: Using 1 thread
| VAMP2: Initialize new grids and write to file 'proc_epmum.m1.vg2'.
| Starting integration for process 'proc_epmum'
| Integrate: iterations = 2:100000:"gw", 2:200000:""
| Integrator: 239 chains, 890 channels, 16 dimensions
| Integrator: Using VAMP2 channel equivalences
| Integrator: Write grid header and grids to 'proc_epmum.m1.vg2'
| Integrator: Grid checkpoint after each iteration
| Integrator: 100000 initial calls, 20 max. bins, stratified = T
| Integrator: VAMP2
|=============================================================================|
| It      Calls  Integral[fb]  Error[fb]   Err[%]    Acc  Eff[%]   Chi2 N[It] |
|=============================================================================|
| VAMP2: Initialize new grids and write to file 'proc_epmum.m1.vg2'.
| OpenMP: Using 1 thread
| OpenMP: Using 1 thread
| Starting integration for process 'proc_epmum'
| Integrate: iterations = 2:100000:"gw", 2:200000:""
| Starting integration for process 'proc_epmum'
| Integrate: iterations = 2:100000:"gw", 2:200000:""
| Integrator: 239 chains, 890 channels, 16 dimensions
| Integrator: Using VAMP2 channel equivalences
| Integrator: Write grid header and grids to 'proc_epmum.m1.vg2'
| Integrator: Grid checkpoint after each iteration
| Integrator: 100000 initial calls, 20 max. bins, stratified = T
| Integrator: VAMP2
| Integrator: 239 chains, 890 channels, 16 dimensions
| Integrator: Using VAMP2 channel equivalences
| Integrator: Write grid header and grids to 'proc_epmum.m1.vg2'
| Integrator: Grid checkpoint after each iteration
| Integrator: 100000 initial calls, 20 max. bins, stratified = T
| Integrator: VAMP2
|=============================================================================|
| It      Calls  Integral[fb]  Error[fb]   Err[%]    Acc  Eff[%]   Chi2 N[It] |
|=============================================================================|
|=============================================================================|
| It      Calls  Integral[fb]  Error[fb]   Err[%]    Acc  Eff[%]   Chi2 N[It] |
|=============================================================================|
| OpenMP: Using 1 thread
| Starting integration for process 'proc_epmum'
| Integrate: iterations = 2:100000:"gw", 2:200000:""
| Integrator: 239 chains, 890 channels, 16 dimensions
| Integrator: Using VAMP2 channel equivalences
| OpenMP: Using 1 thread
| Starting integration for process 'proc_epmum'
| Integrate: iterations = 2:100000:"gw", 2:200000:""
| Integrator: 239 chains, 890 channels, 16 dimensions
| Integrator: Using VAMP2 channel equivalences
| Integrator: Write grid header and grids to 'proc_epmum.m1.vg2'
| Integrator: Grid checkpoint after each iteration
| Integrator: 100000 initial calls, 20 max. bins, stratified = T
| Integrator: VAMP2
|=============================================================================|
| It      Calls  Integral[fb]  Error[fb]   Err[%]    Acc  Eff[%]   Chi2 N[It] |
|=============================================================================|
| VAMP2: Initialize new grids and write to file 'proc_epmum.m1.vg2'.
| VAMP2: Initialize new grids and write to file 'proc_epmum.m1.vg2'.
| Integrator: Write grid header and grids to 'proc_epmum.m1.vg2'
| Integrator: Grid checkpoint after each iteration
| Integrator: 100000 initial calls, 20 max. bins, stratified = T
| Integrator: VAMP2
|=============================================================================|
| It      Calls  Integral[fb]  Error[fb]   Err[%]    Acc  Eff[%]   Chi2 N[It] |
| VAMP2: Initialize new grids and write to file 'proc_epmum.m1.vg2'.
| VAMP2: set chain: use chained weights.
| VAMP2: set chain: use chained weights.
|=============================================================================|
| VAMP2: Initialize new grids and write to file 'proc_epmum.m1.vg2'.
| VAMP2: set chain: use chained weights.
| VAMP2: set chain: use chained weights.
| VAMP2: set chain: use chained weights.
| VAMP2: set chain: use chained weights.
| VAMP2: set chain: use chained weights.
| OpenMP: Using 1 thread
| Starting integration for process 'proc_epmum'
| Integrate: iterations = 2:100000:"gw", 2:200000:""
| Integrator: 239 chains, 890 channels, 16 dimensions
| Integrator: Using VAMP2 channel equivalences
| Integrator: Write grid header and grids to 'proc_epmum.m1.vg2'
| Integrator: Grid checkpoint after each iteration
| Integrator: 100000 initial calls, 20 max. bins, stratified = T
| Integrator: VAMP2
|=============================================================================|
| It      Calls  Integral[fb]  Error[fb]   Err[%]    Acc  Eff[%]   Chi2 N[It] |
|=============================================================================|
| VAMP2: Initialize new grids and write to file 'proc_epmum.m1.vg2'.
| VAMP2: set chain: use chained weights.
| VAMP2: Simple Request Balancing.
| VAMP2: Simple Request Balancing.
| VAMP2: Simple Request Balancing.
| VAMP2: Simple Request Balancing.
| VAMP2: Simple Request Balancing.
| VAMP2: Simple Request Balancing.
| VAMP2: Simple Request Balancing.
| VAMP2: Simple Request Balancing.
   1      99992  1.0301680E+01  1.25E+00   12.17   38.50*   3.52
   1      99992  1.0301680E+01  1.25E+00   12.17   38.50*   3.52
   1      99992  1.0301680E+01  1.25E+00   12.17   38.50*   3.52
   1      99992  1.0301680E+01  1.25E+00   12.17   38.50*   3.52
   1      99992  1.0301680E+01  1.25E+00   12.17   38.50*   3.52
   1      99992  1.0301680E+01  1.25E+00   12.17   38.50*   3.52
   1      99992  1.0301680E+01  1.25E+00   12.17   38.50*   3.52
   1      99992  1.0301680E+01  1.25E+00   12.17   38.50*   3.52
   2     100019  1.2503595E+01  3.20E-01    2.56    8.08*   1.48
   2     100019  1.2503595E+01  3.20E-01    2.56    8.08*   1.48
   2     100019  1.2503595E+01  3.20E-01    2.56    8.08*   1.48
   2     100019  1.2503595E+01  3.20E-01    2.56    8.08*   1.48
   2     100019  1.2503595E+01  3.20E-01    2.56    8.08*   1.48
   2     100019  1.2503595E+01  3.20E-01    2.56    8.08*   1.48
   2     100019  1.2503595E+01  3.20E-01    2.56    8.08*   1.48
   2     100019  1.2503595E+01  3.20E-01    2.56    8.08*   1.48
|-----------------------------------------------------------------------------|
   2     200011  1.2369378E+01  3.10E-01    2.50   11.20    1.48    2.89   2
|-----------------------------------------------------------------------------|
|-----------------------------------------------------------------------------|
   2     200011  1.2369378E+01  3.10E-01    2.50   11.20    1.48    2.89   2
|-----------------------------------------------------------------------------|
|-----------------------------------------------------------------------------|
   2     200011  1.2369378E+01  3.10E-01    2.50   11.20    1.48    2.89   2
|-----------------------------------------------------------------------------|
|-----------------------------------------------------------------------------|
   2     200011  1.2369378E+01  3.10E-01    2.50   11.20    1.48    2.89   2
|-----------------------------------------------------------------------------|
|-----------------------------------------------------------------------------|
   2     200011  1.2369378E+01  3.10E-01    2.50   11.20    1.48    2.89   2
|-----------------------------------------------------------------------------|
|-----------------------------------------------------------------------------|
   2     200011  1.2369378E+01  3.10E-01    2.50   11.20    1.48    2.89   2
|-----------------------------------------------------------------------------|
|-----------------------------------------------------------------------------|
   2     200011  1.2369378E+01  3.10E-01    2.50   11.20    1.48    2.89   2
|-----------------------------------------------------------------------------|
|-----------------------------------------------------------------------------|
   2     200011  1.2369378E+01  3.10E-01    2.50   11.20    1.48    2.89   2
|-----------------------------------------------------------------------------|
| VAMP2: Simple Request Balancing.
| VAMP2: Simple Request Balancing.
| VAMP2: Simple Request Balancing.
| VAMP2: Simple Request Balancing.
| VAMP2: Simple Request Balancing.
| VAMP2: Simple Request Balancing.
| VAMP2: Simple Request Balancing.
| VAMP2: Simple Request Balancing.
   3     199992  1.2778774E+01  4.58E-01    3.59   16.04    2.14
   3     199992  1.2778774E+01  4.58E-01    3.59   16.04    2.14
   3     199992  1.2778774E+01  4.58E-01    3.59   16.04    2.14
   3     199992  1.2778774E+01  4.58E-01    3.59   16.04    2.14
   3     199992  1.2778774E+01  4.58E-01    3.59   16.04    2.14
   3     199992  1.2778774E+01  4.58E-01    3.59   16.04    2.14
   3     199992  1.2778774E+01  4.58E-01    3.59   16.04    2.14
   3     199992  1.2778774E+01  4.58E-01    3.59   16.04    2.14
   4     199992  1.2444221E+01  1.80E-01    1.45    6.48*   1.86
   4     199992  1.2444221E+01  1.80E-01    1.45    6.48*   1.86
   4     199992  1.2444221E+01  1.80E-01    1.45    6.48*   1.86
   4     199992  1.2444221E+01  1.80E-01    1.45    6.48*   1.86
   4     199992  1.2444221E+01  1.80E-01    1.45    6.48*   1.86
   4     199992  1.2444221E+01  1.80E-01    1.45    6.48*   1.86
   4     199992  1.2444221E+01  1.80E-01    1.45    6.48*   1.86
   4     199992  1.2444221E+01  1.80E-01    1.45    6.48*   1.86
|-----------------------------------------------------------------------------|
   4     399984  1.2489024E+01  1.68E-01    1.34    8.49    1.86    0.46   2
|=============================================================================|
| Time estimate for generating 10000 events: 0d:00h:05m:09s
|-----------------------------------------------------------------------------|
   4     399984  1.2489024E+01  1.68E-01    1.34    8.49    1.86    0.46   2
|=============================================================================|
| Time estimate for generating 10000 events: 0d:00h:05m:09s
|-----------------------------------------------------------------------------|
   4     399984  1.2489024E+01  1.68E-01    1.34    8.49    1.86    0.46   2
|=============================================================================|
| Time estimate for generating 10000 events: 0d:00h:05m:08s
|-----------------------------------------------------------------------------|
   4     399984  1.2489024E+01  1.68E-01    1.34    8.49    1.86    0.46   2
|=============================================================================|
| Time estimate for generating 10000 events: 0d:00h:05m:09s
| End of included 'common/integration.inc'
| End of included 'common/integration.inc'
| End of included 'common/integration.inc'
| End of included 'common/integration.inc'
|-----------------------------------------------------------------------------|
   4     399984  1.2489024E+01  1.68E-01    1.34    8.49    1.86    0.46   2
|=============================================================================|
| Time estimate for generating 10000 events: 0d:00h:05m:09s
|-----------------------------------------------------------------------------|
   4     399984  1.2489024E+01  1.68E-01    1.34    8.49    1.86    0.46   2
|=============================================================================|
| Time estimate for generating 10000 events: 0d:00h:05m:09s
|-----------------------------------------------------------------------------|
   4     399984  1.2489024E+01  1.68E-01    1.34    8.49    1.86    0.46   2
|=============================================================================|
| Time estimate for generating 10000 events: 0d:00h:05m:09s
| End of included 'common/integration.inc'
| End of included 'common/integration.inc'
| End of included 'common/integration.inc'
|-----------------------------------------------------------------------------|
   4     399984  1.2489024E+01  1.68E-01    1.34    8.49    1.86    0.46   2
|=============================================================================|
| Time estimate for generating 10000 events: 0d:00h:05m:09s
| End of included 'common/integration.inc'
| There were no errors and    1 warning(s).
| WHIZARD run finished.
|=============================================================================|
| There were no errors and    1 warning(s).
| WHIZARD run finished.
|=============================================================================|
| There were no errors and    1 warning(s).
| WHIZARD run finished.
|=============================================================================|
| There were no errors and    1 warning(s).
| WHIZARD run finished.
|=============================================================================|
| There were no errors and    1 warning(s).
| There were no errors and    1 warning(s).
| WHIZARD run finished.
|=============================================================================|
| WHIZARD run finished.
|=============================================================================|
| There were no errors and    1 warning(s).
| WHIZARD run finished.
|=============================================================================|
| There were no errors and    2 warning(s).
| WHIZARD run finished.
|=============================================================================|

NP=8
WALL_SECONDS=291.13
USER_SECONDS=2281.24
SYS_SECONDS=8.02
MAX_RSS_KB=165616
EXIT_CODE=0
   4     399984  1.2489024E+01  1.68E-01    1.34    8.49    1.86    0.46   2

================================================================
FULL6F MPI SCALING: NP=16
================================================================
[b9p12p0038.cern.ch:02117] MCW rank 0 bound to socket 0[core 0[hwt 0-1]]: [BB/../../../../../../../../../../../../../../../../../../../../../../../../../../../../../../..][../../../../../../../../../../../../../../../../../../../../../../../../../../../../../../../..]
[b9p12p0038.cern.ch:02117] MCW rank 1 bound to socket 0[core 1[hwt 0-1]]: [../BB/../../../../../../../../../../../../../../../../../../../../../../../../../../../../../..][../../../../../../../../../../../../../../../../../../../../../../../../../../../../../../../..]
[b9p12p0038.cern.ch:02117] MCW rank 2 bound to socket 0[core 2[hwt 0-1]]: [../../BB/../../../../../../../../../../../../../../../../../../../../../../../../../../../../..][../../../../../../../../../../../../../../../../../../../../../../../../../../../../../../../..]
[b9p12p0038.cern.ch:02117] MCW rank 3 bound to socket 0[core 3[hwt 0-1]]: [../../../BB/../../../../../../../../../../../../../../../../../../../../../../../../../../../..][../../../../../../../../../../../../../../../../../../../../../../../../../../../../../../../..]
[b9p12p0038.cern.ch:02117] MCW rank 4 bound to socket 0[core 4[hwt 0-1]]: [../../../../BB/../../../../../../../../../../../../../../../../../../../../../../../../../../..][../../../../../../../../../../../../../../../../../../../../../../../../../../../../../../../..]
[b9p12p0038.cern.ch:02117] MCW rank 5 bound to socket 0[core 5[hwt 0-1]]: [../../../../../BB/../../../../../../../../../../../../../../../../../../../../../../../../../..][../../../../../../../../../../../../../../../../../../../../../../../../../../../../../../../..]
[b9p12p0038.cern.ch:02117] MCW rank 6 bound to socket 0[core 6[hwt 0-1]]: [../../../../../../BB/../../../../../../../../../../../../../../../../../../../../../../../../..][../../../../../../../../../../../../../../../../../../../../../../../../../../../../../../../..]
[b9p12p0038.cern.ch:02117] MCW rank 7 bound to socket 0[core 7[hwt 0-1]]: [../../../../../../../BB/../../../../../../../../../../../../../../../../../../../../../../../..][../../../../../../../../../../../../../../../../../../../../../../../../../../../../../../../..]
[b9p12p0038.cern.ch:02117] MCW rank 8 bound to socket 0[core 8[hwt 0-1]]: [../../../../../../../../BB/../../../../../../../../../../../../../../../../../../../../../../..][../../../../../../../../../../../../../../../../../../../../../../../../../../../../../../../..]
[b9p12p0038.cern.ch:02117] MCW rank 9 bound to socket 0[core 9[hwt 0-1]]: [../../../../../../../../../BB/../../../../../../../../../../../../../../../../../../../../../..][../../../../../../../../../../../../../../../../../../../../../../../../../../../../../../../..]
[b9p12p0038.cern.ch:02117] MCW rank 10 bound to socket 0[core 10[hwt 0-1]]: [../../../../../../../../../../BB/../../../../../../../../../../../../../../../../../../../../..][../../../../../../../../../../../../../../../../../../../../../../../../../../../../../../../..]
[b9p12p0038.cern.ch:02117] MCW rank 11 bound to socket 0[core 11[hwt 0-1]]: [../../../../../../../../../../../BB/../../../../../../../../../../../../../../../../../../../..][../../../../../../../../../../../../../../../../../../../../../../../../../../../../../../../..]
[b9p12p0038.cern.ch:02117] MCW rank 12 bound to socket 0[core 12[hwt 0-1]]: [../../../../../../../../../../../../BB/../../../../../../../../../../../../../../../../../../..][../../../../../../../../../../../../../../../../../../../../../../../../../../../../../../../..]
[b9p12p0038.cern.ch:02117] MCW rank 13 bound to socket 0[core 13[hwt 0-1]]: [../../../../../../../../../../../../../BB/../../../../../../../../../../../../../../../../../..][../../../../../../../../../../../../../../../../../../../../../../../../../../../../../../../..]
[b9p12p0038.cern.ch:02117] MCW rank 14 bound to socket 0[core 14[hwt 0-1]]: [../../../../../../../../../../../../../../BB/../../../../../../../../../../../../../../../../..][../../../../../../../../../../../../../../../../../../../../../../../../../../../../../../../..]
[b9p12p0038.cern.ch:02117] MCW rank 15 bound to socket 0[core 15[hwt 0-1]]: [../../../../../../../../../../../../../../../BB/../../../../../../../../../../../../../../../..][../../../../../../../../../../../../../../../../../../../../../../../../../../../../../../../..]
| Writing log to 'whizard.log'
| Writing log to 'whizard.log'
| Writing log to 'whizard.log'
|=============================================================================|
| Writing log to 'whizard.log'
|=============================================================================|
| Writing log to 'whizard.log'
| Writing log to 'whizard.log'
|=============================================================================|
|                                                                             |
| Writing log to 'whizard.log'
| Writing log to 'whizard.log'
|                                                                             |
| Writing log to 'whizard.log'
| Writing log to 'whizard.log'
| Writing log to 'whizard.log'
| Writing log to 'whizard.log'
| Writing log to 'whizard.log'
|    WW             WW  WW   WW  WW  WWWWWW      WW      WWWWW    WWWW        |
|=============================================================================|
|=============================================================================|
|    WW             WW  WW   WW  WW  WWWWWW      WW      WWWWW    WWWW        |
| Writing log to 'whizard.log'
|                                                                             |
|=============================================================================|
| Writing log to 'whizard.log'
|    WW             WW  WW   WW  WW  WWWWWW      WW      WWWWW    WWWW        |
|     WW    WW     WW   WW   WW  WW     WW      WWWW     WW  WW   WW  WW      |
|      WW  WW WW  WW    WWWWWWW  WW    WW      WW  WW    WWWWW    WW   WW     |
|       WWWW   WWWW     WW   WW  WW   WW      WWWWWWWW   WW  WW   WW  WW      |
|        WW     WW      WW   WW  WW  WWWWWW  WW      WW  WW   WW  WWWW        |
|                                                                             |
|                                                                             |
|                                        W                                    |
|                                       sW                                    |
|                                       WW                                    |
|                                      sWW                                    |
|                                      WWW                                    |
|                                     wWWW                                    |
|=============================================================================|
|                                                                             |
|    WW             WW  WW   WW  WW  WWWWWW      WW      WWWWW    WWWW        |
|     WW    WW     WW   WW   WW  WW     WW      WWWW     WW  WW   WW  WW      |
|      WW  WW WW  WW    WWWWWWW  WW    WW      WW  WW    WWWWW    WW   WW     |
|       WWWW   WWWW     WW   WW  WW   WW      WWWWWWWW   WW  WW   WW  WW      |
|        WW     WW      WW   WW  WW  WWWWWW  WW      WW  WW   WW  WWWW        |
|                                                                             |
|                                                                             |
|                                        W                                    |
|                                       sW                                    |
|                                       WW                                    |
|     WW    WW     WW   WW   WW  WW     WW      WWWW     WW  WW   WW  WW      |
|      WW  WW WW  WW    WWWWWWW  WW    WW      WW  WW    WWWWW    WW   WW     |
|       WWWW   WWWW     WW   WW  WW   WW      WWWWWWWW   WW  WW   WW  WW      |
|        WW     WW      WW   WW  WW  WWWWWW  WW      WW  WW   WW  WWWW        |
|                                                                             |
|                                                                             |
|                                        W                                    |
|                                       sW                                    |
|                                       WW                                    |
|                                      sWW                                    |
|                                      WWW                                    |
|                                     wWWW                                    |
|                                    wWWWW                                    |
|                                    WW WW                                    |
|                                    WW WW                                    |
|                                                                             |
|    WW             WW  WW   WW  WW  WWWWWW      WW      WWWWW    WWWW        |
|     WW    WW     WW   WW   WW  WW     WW      WWWW     WW  WW   WW  WW      |
|      WW  WW WW  WW    WWWWWWW  WW    WW      WW  WW    WWWWW    WW   WW     |
|       WWWW   WWWW     WW   WW  WW   WW      WWWWWWWW   WW  WW   WW  WW      |
|        WW     WW      WW   WW  WW  WWWWWW  WW      WW  WW   WW  WWWW        |
|                                                                             |
|                                                                             |
|                                        W                                    |
|                                       sW                                    |
|                                       WW                                    |
|                                      sWW                                    |
|                                      WWW                                    |
|                                     wWWW                                    |
|=============================================================================|
|                                                                             |
|    WW             WW  WW   WW  WW  WWWWWW      WW      WWWWW    WWWW        |
|     WW    WW     WW   WW   WW  WW     WW      WWWW     WW  WW   WW  WW      |
|      WW  WW WW  WW    WWWWWWW  WW    WW      WW  WW    WWWWW    WW   WW     |
|       WWWW   WWWW     WW   WW  WW   WW      WWWWWWWW   WW  WW   WW  WW      |
|        WW     WW      WW   WW  WW  WWWWWW  WW      WW  WW   WW  WWWW        |
|                                                                             |
|                                                                             |
|                                        W                                    |
|                                       sW                                    |
|=============================================================================|
|                                                                             |
|    WW             WW  WW   WW  WW  WWWWWW      WW      WWWWW    WWWW        |
|     WW    WW     WW   WW   WW  WW     WW      WWWW     WW  WW   WW  WW      |
|      WW  WW WW  WW    WWWWWWW  WW    WW      WW  WW    WWWWW    WW   WW     |
|       WWWW   WWWW     WW   WW  WW   WW      WWWWWWWW   WW  WW   WW  WW      |
|        WW     WW      WW   WW  WW  WWWWWW  WW      WW  WW   WW  WWWW        |
|                                                                             |
|                                                                             |
|                                                                             |
|    WW             WW  WW   WW  WW  WWWWWW      WW      WWWWW    WWWW        |
|     WW    WW     WW   WW   WW  WW     WW      WWWW     WW  WW   WW  WW      |
|      WW  WW WW  WW    WWWWWWW  WW    WW      WW  WW    WWWWW    WW   WW     |
|       WWWW   WWWW     WW   WW  WW   WW      WWWWWWWW   WW  WW   WW  WW      |
|        WW     WW      WW   WW  WW  WWWWWW  WW      WW  WW   WW  WWWW        |
|                                                                             |
|                                                                             |
|                                        W                                    |
|                                       sW                                    |
|                                       WW                                    |
|                                      sWW                                    |
|                                      WWW                                    |
|=============================================================================|
|                                                                             |
|    WW             WW  WW   WW  WW  WWWWWW      WW      WWWWW    WWWW        |
|     WW    WW     WW   WW   WW  WW     WW      WWWW     WW  WW   WW  WW      |
|      WW  WW WW  WW    WWWWWWW  WW    WW      WW  WW    WWWWW    WW   WW     |
|       WWWW   WWWW     WW   WW  WW   WW      WWWWWWWW   WW  WW   WW  WW      |
|        WW     WW      WW   WW  WW  WWWWWW  WW      WW  WW   WW  WWWW        |
|                                                                             |
|                                                                             |
|                                        W                                    |
|                                       sW                                    |
|                                       WW                                    |
|                                      sWW                                    |
|=============================================================================|
|                                                                             |
|    WW             WW  WW   WW  WW  WWWWWW      WW      WWWWW    WWWW        |
|     WW    WW     WW   WW   WW  WW     WW      WWWW     WW  WW   WW  WW      |
|      WW  WW WW  WW    WWWWWWW  WW    WW      WW  WW    WWWWW    WW   WW     |
|       WWWW   WWWW     WW   WW  WW   WW      WWWWWWWW   WW  WW   WW  WW      |
|        WW     WW      WW   WW  WW  WWWWWW  WW      WW  WW   WW  WWWW        |
|                                                                             |
|                                                                             |
|                                        W                                    |
|                                       sW                                    |
|                                       WW                                    |
|                                      sWW                                    |
|                                                                             |
|    WW             WW  WW   WW  WW  WWWWWW      WW      WWWWW    WWWW        |
|     WW    WW     WW   WW   WW  WW     WW      WWWW     WW  WW   WW  WW      |
|      WW  WW WW  WW    WWWWWWW  WW    WW      WW  WW    WWWWW    WW   WW     |
|       WWWW   WWWW     WW   WW  WW   WW      WWWWWWWW   WW  WW   WW  WW      |
|        WW     WW      WW   WW  WW  WWWWWW  WW      WW  WW   WW  WWWW        |
|                                                                             |
|                                                                             |
|                                        W                                    |
|                                       sW                                    |
|                                       WW                                    |
|                                      sWW                                    |
|=============================================================================|
|                                                                             |
|    WW             WW  WW   WW  WW  WWWWWW      WW      WWWWW    WWWW        |
|     WW    WW     WW   WW   WW  WW     WW      WWWW     WW  WW   WW  WW      |
|      WW  WW WW  WW    WWWWWWW  WW    WW      WW  WW    WWWWW    WW   WW     |
|       WWWW   WWWW     WW   WW  WW   WW      WWWWWWWW   WW  WW   WW  WW      |
|        WW     WW      WW   WW  WW  WWWWWW  WW      WW  WW   WW  WWWW        |
|                                                                             |
|                                                                             |
|                                        W                                    |
|                                       sW                                    |
|                                       WW                                    |
|=============================================================================|
|                                                                             |
|    WW             WW  WW   WW  WW  WWWWWW      WW      WWWWW    WWWW        |
|                                   wWW WW                                    |
|                                  wWW  WW                                    |
|                                  WW   WW                                    |
|                                  WW   WW                                    |
|     WW    WW     WW   WW   WW  WW     WW      WWWW     WW  WW   WW  WW      |
|      WW  WW WW  WW    WWWWWWW  WW    WW      WW  WW    WWWWW    WW   WW     |
|       WWWW   WWWW     WW   WW  WW   WW      WWWWWWWW   WW  WW   WW  WW      |
|        WW     WW      WW   WW  WW  WWWWWW  WW      WW  WW   WW  WWWW        |
|                                                                             |
|                                                                             |
|                                        W                                    |
|                                       sW                                    |
|=============================================================================|
|     WW    WW     WW   WW   WW  WW     WW      WWWW     WW  WW   WW  WW      |
|=============================================================================|
|                                                                             |
|    WW             WW  WW   WW  WW  WWWWWW      WW      WWWWW    WWWW        |
|     WW    WW     WW   WW   WW  WW     WW      WWWW     WW  WW   WW  WW      |
|      WW  WW WW  WW    WWWWWWW  WW    WW      WW  WW    WWWWW    WW   WW     |
|       WWWW   WWWW     WW   WW  WW   WW      WWWWWWWW   WW  WW   WW  WW      |
|        WW     WW      WW   WW  WW  WWWWWW  WW      WW  WW   WW  WWWW        |
|                                                                             |
|                                                                             |
|                                        W                                    |
|                                                                             |
|                                        W                                    |
|                                       sW                                    |
|                                       WW                                    |
|                                      sWW                                    |
|                                      WWW                                    |
|                                     wWWW                                    |
|                                 WW    WW                                    |
|                                 WW    WW                                    |
|                                WW     WW                                    |
|                                WW     WW                                    |
|           wwwwww              WW      WW                                    |
|              WWWWWww          WW      WW                                    |
|                                       WW                                    |
|                                      sWW                                    |
|                                      WWW                                    |
|                                     wWWW                                    |
|                                    wWWWW                                    |
|                                    WW WW                                    |
|                                    WW WW                                    |
|                                   wWW WW                                    |
|                                  wWW  WW                                    |
|                                  WW   WW                                    |
|                                      WWW                                    |
|                                     wWWW                                    |
|                                    wWWWW                                    |
|                                    WW WW                                    |
|                                       sW                                    |
|                                       WW                                    |
|                                      sWW                                    |
|                                      WWW                                    |
|                                    wWWWW                                    |
|                                    WW WW                                    |
|                                    WW WW                                    |
|                                   wWW WW                                    |
|                 WWWWWwwwww   WW       WW                                    |
|                     wWWWwwwwwWW       WW                                    |
|                 wWWWWWWWWWWwWWW       WW                                    |
|                                  WW   WW                                    |
|                                 WW    WW                                    |
|                                 WW    WW                                    |
|                                WW     WW                                    |
|                                WW     WW                                    |
|                                      sWW                                    |
|                                      WWW                                    |
|                                    WW WW                                    |
|                                   wWW WW                                    |
|                                  wWW  WW                                    |
|                                  WW   WW                                    |
|                                     wWWW                                    |
|                                     wWWW                                    |
|                                    wWWWW                                    |
|                                    WW WW                                    |
|                                  wWW  WW                                    |
|                                  WW   WW                                    |
|                wWWWWW       wW        WWWWWWW                               |
|                  WWWW       wW        WW  wWWWWWWWwww                       |
|           wwwwww              WW      WW                                    |
|              WWWWWww          WW      WW                                    |
|                 WWWWWwwwww   WW       WW                                    |
|                                  WW   WW                                    |
|                                 WW    WW                                    |
|                                    wWWWW                                    |
|                                    WW WW                                    |
|                                    WW WW                                    |
|                     wWWWwwwwwWW       WW                                    |
|    WW             WW  WW   WW  WW  WWWWWW      WW      WWWWW    WWWW        |
|                                    wWWWW                                    |
|                                    WW WW                                    |
|                                    WW WW                                    |
|                                   wWW WW                                    |
|                                  wWW  WW                                    |
|                                  WW   WW                                    |
|                                  WW   WW                                    |
|                                  WW   WW                                    |
|                                 WW    WW                                    |
|                   WWWW                      wWWWWWWWwwww                    |
|                     WWWW                      WWWW     WWw                  |
|                       WWWWww                   WWWW                         |
|                                 WW    WW                                    |
|                                WW     WW                                    |
|                                WW     WW                                    |
|           wwwwww              WW      WW                                    |
|                           WWWwwww              WWWW                         |
|                               wWWWWwww       wWWWWW                         |
|                                   wWW WW                                    |
|                                  wWW  WW                                    |
|                                  WW   WW                                    |
|                                  WW   WW                                    |
|                 wWWWWWWWWWWwWWW       WW                                    |
|                wWWWWW       wW        WWWWWWW                               |
|                  WWWW       wW        WW  wWWWWWWWwww                       |
|                   WWWW                      wWWWWWWWwwww                    |
|                                    WW WW                                    |
|                                   wWW WW                                    |
|                                  wWW  WW                                    |
|                                 WW    WW                                    |
|                                 WW    WW                                    |
|                                WW     WW                                    |
|                                 WW    WW                                    |
|                                WW     WW                                    |
|              WWWWWww          WW      WW                                    |
|                 WWWWWwwwww   WW       WW                                    |
|                     wWWWwwwwwWW       WW                                    |
|                                WW     WW                                    |
|           wwwwww              WW      WW                                    |
|                                     WwwwwwwwwWWW                            |
|                                                                             |
|                                                                             |
|                                 WW    WW                                    |
|                                 WW    WW                                    |
|                     WWWW                      WWWW     WWw                  |
|                       WWWWww                   WWWW                         |
|                           WWWwwww              WWWW                         |
|                                  WW   WW                                    |
|                                  WW   WW                                    |
|                                 WW    WW                                    |
|                                WW     WW                                    |
|           wwwwww              WW      WW                                    |
|              WWWWWww          WW      WW                                    |
|                 WWWWWwwwww   WW       WW                                    |
|                 wWWWWWWWWWWwWWW       WW                                    |
|                wWWWWW       wW        WWWWWWW                               |
|                  WWWW       wW        WW  wWWWWWWWwww                       |
|              WWWWWww          WW      WW                                    |
|                 WWWWWwwwww   WW       WW                                    |
|                                                                             |
|  by:   Wolfgang Kilian, Thorsten Ohl, Juergen Reuter                        |
|                                WW     WW                                    |
|                                WW     WW                                    |
|           wwwwww              WW      WW                                    |
|                               wWWWWwww       wWWWWW                         |
|                                     WwwwwwwwwWWW                            |
|                                                                             |
|                                                                             |
|                                 WW    WW                                    |
|                                WW     WW                                    |
|                     wWWWwwwwwWW       WW                                    |
|                 wWWWWWWWWWWwWWW       WW                                    |
|                wWWWWW       wW        WWWWWWW                               |
|                                WW     WW                                    |
|           wwwwww              WW      WW                                    |
|              WWWWWww          WW      WW                                    |
|                   WWWW                      wWWWWWWWwwww                    |
|                     WWWW                      WWWW     WWw                  |
|                       WWWWww                   WWWW                         |
|                           WWWwwww              WWWW                         |
|                     wWWWwwwwwWW       WW                                    |
|        with contributions from Christian Speckner                           |
|        Contact: <whizard@desy.de>                                           |
|                                                                             |
|              WWWWWww          WW      WW                                    |
|                 WWWWWwwwww   WW       WW                                    |
|                                                                             |
|  by:   Wolfgang Kilian, Thorsten Ohl, Juergen Reuter                        |
|        with contributions from Christian Speckner                           |
|        Contact: <whizard@desy.de>                                           |
|                                                                             |
|                  WWWW       wW        WW  wWWWWWWWwww                       |
|                   WWWW                      wWWWWWWWwwww                    |
|                     WWWW                      WWWW     WWw                  |
|                       WWWWww                   WWWW                         |
|                           WWWwwww              WWWW                         |
|                               wWWWWwww       wWWWWW                         |
|  if you use WHIZARD please cite:                                            |
|        W. Kilian, T. Ohl, J. Reuter,  Eur.Phys.J.C71 (2011) 1742            |
|                                          [arXiv: 0708.4233 [hep-ph]]        |
|        M. Moretti, T. Ohl, J. Reuter, arXiv: hep-ph/0102195                 |
|                 WWWWWwwwww   WW       WW                                    |
|                     wWWWwwwwwWW       WW                                    |
|                 wWWWWWWWWWWwWWW       WW                                    |
|                wWWWWW       wW        WWWWWWW                               |
|                  WWWW       wW        WW  wWWWWWWWwww                       |
|                               wWWWWwww       wWWWWW                         |
|                                     WwwwwwwwwWWW                            |
|                                                                             |
|                                                                             |
|                                                                             |
|                 wWWWWWWWWWWwWWW       WW                                    |
|                wWWWWW       wW        WWWWWWW                               |
|                  WWWW       wW        WW  wWWWWWWWwww                       |
|                   WWWW                      wWWWWWWWwwww                    |
|  if you use WHIZARD please cite:                                            |
|        W. Kilian, T. Ohl, J. Reuter,  Eur.Phys.J.C71 (2011) 1742            |
|                                          [arXiv: 0708.4233 [hep-ph]]        |
|        M. Moretti, T. Ohl, J. Reuter, arXiv: hep-ph/0102195                 |
|                     wWWWwwwwwWW       WW                                    |
|                 wWWWWWWWWWWwWWW       WW                                    |
|                wWWWWW       wW        WWWWWWW                               |
|                  WWWW       wW        WW  wWWWWWWWwww                       |
|                   WWWW                      wWWWWWWWwwww                    |
|                                     WwwwwwwwwWWW                            |
|                                                                             |
|                                                                             |
|                     WWWW                      WWWW     WWw                  |
|                       WWWWww                   WWWW                         |
|                                                                             |
|=============================================================================|
|                               WHIZARD 3.1.8
|=============================================================================|
|                   WWWW                      wWWWWWWWwwww                    |
|                     WWWW                      WWWW     WWw                  |
|                       WWWWww                   WWWW                         |
|                           WWWwwww              WWWW                         |
|  by:   Wolfgang Kilian, Thorsten Ohl, Juergen Reuter                        |
|        with contributions from Christian Speckner                           |
|        Contact: <whizard@desy.de>                                           |
|                     WWWW                      WWWW     WWw                  |
|                       WWWWww                   WWWW                         |
|                           WWWwwww              WWWW                         |
|                               wWWWWwww       wWWWWW                         |
|                                                                             |
|=============================================================================|
|                               WHIZARD 3.1.8
|=============================================================================|
|                                                                             |
|  by:   Wolfgang Kilian, Thorsten Ohl, Juergen Reuter                        |
|        with contributions from Christian Speckner                           |
|        Contact: <whizard@desy.de>                                           |
|                                                                             |
|                           WWWwwww              WWWW                         |
|                               wWWWWwww       wWWWWW                         |
|                               wWWWWwww       wWWWWW                         |
|                                     WwwwwwwwwWWW                            |
|                                                                             |
|                                                                             |
|  if you use WHIZARD please cite:                                            |
|                                     WwwwwwwwwWWW                            |
|  if you use WHIZARD please cite:                                            |
|        W. Kilian, T. Ohl, J. Reuter,  Eur.Phys.J.C71 (2011) 1742            |
|                                          [arXiv: 0708.4233 [hep-ph]]        |
|        M. Moretti, T. Ohl, J. Reuter, arXiv: hep-ph/0102195                 |
|                                                                             |
|                                                                             |
|                                      WWW                                    |
|                                     wWWW                                    |
|                                    wWWWW                                    |
|                                     WwwwwwwwwWWW                            |
|                                                                             |
|                                                                             |
|                                                                             |
|        W. Kilian, T. Ohl, J. Reuter,  Eur.Phys.J.C71 (2011) 1742            |
|                                          [arXiv: 0708.4233 [hep-ph]]        |
|        M. Moretti, T. Ohl, J. Reuter, arXiv: hep-ph/0102195                 |
|                                                                             |
|=============================================================================|
|                               WHIZARD 3.1.8
|                                                                             |
|=============================================================================|
|                                                                             |
|  by:   Wolfgang Kilian, Thorsten Ohl, Juergen Reuter                        |
|                                    WW WW                                    |
|                                    WW WW                                    |
|                                                                             |
|                                                                             |
|  by:   Wolfgang Kilian, Thorsten Ohl, Juergen Reuter                        |
|  by:   Wolfgang Kilian, Thorsten Ohl, Juergen Reuter                        |
|        with contributions from Christian Speckner                           |
|        Contact: <whizard@desy.de>                                           |
|=============================================================================|
|                                                                             |
|  if you use WHIZARD please cite:                                            |
|        W. Kilian, T. Ohl, J. Reuter,  Eur.Phys.J.C71 (2011) 1742            |
|                               WHIZARD 3.1.8
|=============================================================================|
|        with contributions from Christian Speckner                           |
|                                   wWW WW                                    |
|                                  wWW  WW                                    |
|                                  WW   WW                                    |
|                                  WW   WW                                    |
|        with contributions from Christian Speckner                           |
|        Contact: <whizard@desy.de>                                           |
|                                                                             |
|  if you use WHIZARD please cite:                                            |
|        W. Kilian, T. Ohl, J. Reuter,  Eur.Phys.J.C71 (2011) 1742            |
|                                          [arXiv: 0708.4233 [hep-ph]]        |
|        M. Moretti, T. Ohl, J. Reuter, arXiv: hep-ph/0102195                 |
|                                                                             |
|                                      WWW                                    |
|                                     wWWW                                    |
|                                    wWWWW                                    |
|                                 WW    WW                                    |
|                                 WW    WW                                    |
|                                          [arXiv: 0708.4233 [hep-ph]]        |
|        M. Moretti, T. Ohl, J. Reuter, arXiv: hep-ph/0102195                 |
|                                      sWW                                    |
|                                      WWW                                    |
|                                WW     WW                                    |
|                                WW     WW                                    |
|           wwwwww              WW      WW                                    |
|=============================================================================|
|                               WHIZARD 3.1.8
|=============================================================================|
|                                    WW WW                                    |
|                                    WW WW                                    |
|                                                                             |
|=============================================================================|
|                               WHIZARD 3.1.8
|=============================================================================|
|                                   wWW WW                                    |
|                                  wWW  WW                                    |
|                                  WW   WW                                    |
|                                     wWWW                                    |
|              WWWWWww          WW      WW                                    |
|                 WWWWWwwwww   WW       WW                                    |
|                     wWWWwwwwwWW       WW                                    |
|                 wWWWWWWWWWWwWWW       WW                                    |
|                                  WW   WW                                    |
|                                 WW    WW                                    |
|                                 WW    WW                                    |
|                                    wWWWW                                    |
|                wWWWWW       wW        WWWWWWW                               |
|                  WWWW       wW        WW  wWWWWWWWwww                       |
|                                     wWWW                                    |
|                                    wWWWW                                    |
|                                    WW WW                                    |
|                                    WW WW                                    |
|                                   wWW WW                                    |
|                                  wWW  WW                                    |
|                                  WW   WW                                    |
|                                    WW WW                                    |
|                                    WW WW                                    |
|                                   wWW WW                                    |
|                                  wWW  WW                                    |
|                                WW     WW                                    |
|                                WW     WW                                    |
|           wwwwww              WW      WW                                    |
|                   WWWW                      wWWWWWWWwwww                    |
|                     WWWW                      WWWW     WWw                  |
|                       WWWWww                   WWWW                         |
|                           WWWwwww              WWWW                         |
|                               wWWWWwww       wWWWWW                         |
|                                     WwwwwwwwwWWW                            |
|                                                                             |
|                                                                             |
|                                                                             |
|  by:   Wolfgang Kilian, Thorsten Ohl, Juergen Reuter                        |
|        with contributions from Christian Speckner                           |
|        Contact: <whizard@desy.de>                                           |
|                                                                             |
|                                    wWWWW                                    |
|                                    WW WW                                    |
|                                    WW WW                                    |
|                                   wWW WW                                    |
|                                  wWW  WW                                    |
|                                  WW   WW                                    |
|                                  WW   WW                                    |
|                                 WW    WW                                    |
|                                 WW    WW                                    |
|                                WW     WW                                    |
|                                       WW                                    |
|                                  WW   WW                                    |
|                                 WW    WW                                    |
|                                 WW    WW                                    |
|                                WW     WW                                    |
|                                WW     WW                                    |
|           wwwwww              WW      WW                                    |
|              WWWWWww          WW      WW                                    |
|                 WWWWWwwwww   WW       WW                                    |
|                                  WW   WW                                    |
|                                  WW   WW                                    |
|                                 WW    WW                                    |
|                                 WW    WW                                    |
|                                WW     WW                                    |
|                                WW     WW                                    |
|           wwwwww              WW      WW                                    |
|  if you use WHIZARD please cite:                                            |
|        W. Kilian, T. Ohl, J. Reuter,  Eur.Phys.J.C71 (2011) 1742            |
|                                          [arXiv: 0708.4233 [hep-ph]]        |
|        M. Moretti, T. Ohl, J. Reuter, arXiv: hep-ph/0102195                 |
|                                                                             |
|      WW  WW WW  WW    WWWWWWW  WW    WW      WW  WW    WWWWW    WW   WW     |
|       WWWW   WWWW     WW   WW  WW   WW      WWWWWWWW   WW  WW   WW  WW      |
|              WWWWWww          WW      WW                                    |
|                                WW     WW                                    |
|           wwwwww              WW      WW                                    |
|              WWWWWww          WW      WW                                    |
|                 WWWWWwwwww   WW       WW                                    |
|                     wWWWwwwwwWW       WW                                    |
|                 wWWWWWWWWWWwWWW       WW                                    |
|                wWWWWW       wW        WWWWWWW                               |
|                 WWWWWwwwww   WW       WW                                    |
|                     wWWWwwwwwWW       WW                                    |
|                 wWWWWWWWWWWwWWW       WW                                    |
|     WW    WW     WW   WW   WW  WW     WW      WWWW     WW  WW   WW  WW      |
|      WW  WW WW  WW    WWWWWWW  WW    WW      WW  WW    WWWWW    WW   WW     |
|       WWWW   WWWW     WW   WW  WW   WW      WWWWWWWW   WW  WW   WW  WW      |
|        WW     WW      WW   WW  WW  WWWWWW  WW      WW  WW   WW  WWWW        |
|                                                                             |
|        WW     WW      WW   WW  WW  WWWWWW  WW      WW  WW   WW  WWWW        |
|                                                                             |
|                                                                             |
|                                        W                                    |
|                                       sW                                    |
|                                       WW                                    |
|                                      sWW                                    |
|                                      WWW                                    |
|                  WWWW       wW        WW  wWWWWWWWwww                       |
|                   WWWW                      wWWWWWWWwwww                    |
|                     WWWW                      WWWW     WWw                  |
|                       WWWWww                   WWWW                         |
|                           WWWwwww              WWWW                         |
|                               wWWWWwww       wWWWWW                         |
|              WWWWWww          WW      WW                                    |
|                wWWWWW       wW        WWWWWWW                               |
|                  WWWW       wW        WW  wWWWWWWWwww                       |
|                   WWWW                      wWWWWWWWwwww                    |
|                     WWWW                      WWWW     WWw                  |
|                       WWWWww                   WWWW                         |
|                           WWWwwww              WWWW                         |
|                               wWWWWwww       wWWWWW                         |
|                                     WwwwwwwwwWWW                            |
|                                                                             |
|                                                                             |
|                                                                             |
|                     wWWWwwwwwWW       WW                                    |
|                 wWWWWWWWWWWwWWW       WW                                    |
|                wWWWWW       wW        WWWWWWW                               |
|        Contact: <whizard@desy.de>                                           |
|                                                                             |
|  if you use WHIZARD please cite:                                            |
|        W. Kilian, T. Ohl, J. Reuter,  Eur.Phys.J.C71 (2011) 1742            |
|                                          [arXiv: 0708.4233 [hep-ph]]        |
|                                                                             |
|                                        W                                    |
|                                       sW                                    |
|                                       WW                                    |
|                                      sWW                                    |
|                                      WWW                                    |
|                                     wWWW                                    |
|                                    wWWWW                                    |
|                                    WW WW                                    |
|                                    WW WW                                    |
|        M. Moretti, T. Ohl, J. Reuter, arXiv: hep-ph/0102195                 |
|                                     wWWW                                    |
|                                    wWWWW                                    |
|                                    WW WW                                    |
|                                    WW WW                                    |
|                                     WwwwwwwwwWWW                            |
|                                                                             |
|                                                                             |
|                                                                             |
|  by:   Wolfgang Kilian, Thorsten Ohl, Juergen Reuter                        |
|        with contributions from Christian Speckner                           |
|                  WWWW       wW        WW  wWWWWWWWwww                       |
|                   WWWW                      wWWWWWWWwwww                    |
|                                   wWW WW                                    |
|                                  wWW  WW                                    |
|                                  WW   WW                                    |
|                                  WW   WW                                    |
|=============================================================================|
|                     WWWW                      WWWW     WWw                  |
|                       WWWWww                   WWWW                         |
|                           WWWwwww              WWWW                         |
|                               wWWWWwww       wWWWWW                         |
|                                     WwwwwwwwwWWW                            |
|                                                                             |
|                                                                             |
|                                                                             |
|  by:   Wolfgang Kilian, Thorsten Ohl, Juergen Reuter                        |
|        with contributions from Christian Speckner                           |
|        Contact: <whizard@desy.de>                                           |
|                                                                             |
|                                                                             |
|=============================================================================|
|                               WHIZARD 3.1.8
|=============================================================================|
|                                   wWW WW                                    |
|                                  wWW  WW                                    |
|                                  WW   WW                                    |
|                                  WW   WW                                    |
|                                 WW    WW                                    |
|                                 WW    WW                                    |
|                                WW     WW                                    |
|                                WW     WW                                    |
|           wwwwww              WW      WW                                    |
|              WWWWWww          WW      WW                                    |
|                 WWWWWwwwww   WW       WW                                    |
|                     wWWWwwwwwWW       WW                                    |
|                 wWWWWWWWWWWwWWW       WW                                    |
|                wWWWWW       wW        WWWWWWW                               |
|                 WWWWWwwwww   WW       WW                                    |
|                     wWWWwwwwwWW       WW                                    |
|                 wWWWWWWWWWWwWWW       WW                                    |
|                wWWWWW       wW        WWWWWWW                               |
|                                      sWW                                    |
|  by:   Wolfgang Kilian, Thorsten Ohl, Juergen Reuter                        |
|        with contributions from Christian Speckner                           |
|        Contact: <whizard@desy.de>                                           |
|                                                                             |
|  if you use WHIZARD please cite:                                            |
|        W. Kilian, T. Ohl, J. Reuter,  Eur.Phys.J.C71 (2011) 1742            |
|                                          [arXiv: 0708.4233 [hep-ph]]        |
|        M. Moretti, T. Ohl, J. Reuter, arXiv: hep-ph/0102195                 |
|                                                                             |
|=============================================================================|
|                               WHIZARD 3.1.8
|=============================================================================|
|        Contact: <whizard@desy.de>                                           |
|                                                                             |
|  if you use WHIZARD please cite:                                            |
|        W. Kilian, T. Ohl, J. Reuter,  Eur.Phys.J.C71 (2011) 1742            |
|                                          [arXiv: 0708.4233 [hep-ph]]        |
|        M. Moretti, T. Ohl, J. Reuter, arXiv: hep-ph/0102195                 |
|                                                                             |
|=============================================================================|
|                               WHIZARD 3.1.8
|=============================================================================|
|                                 WW    WW                                    |
|                                 WW    WW                                    |
|                                WW     WW                                    |
|                                WW     WW                                    |
|           wwwwww              WW      WW                                    |
|              WWWWWww          WW      WW                                    |
|                 WWWWWwwwww   WW       WW                                    |
|                     wWWWwwwwwWW       WW                                    |
|                               WHIZARD 3.1.8
|=============================================================================|
|  if you use WHIZARD please cite:                                            |
|                 wWWWWWWWWWWwWWW       WW                                    |
|                  WWWW       wW        WW  wWWWWWWWwww                       |
|                   WWWW                      wWWWWWWWwwww                    |
|                     WWWW                      WWWW     WWw                  |
|                       WWWWww                   WWWW                         |
|                           WWWwwww              WWWW                         |
|                               wWWWWwww       wWWWWW                         |
|                                     WwwwwwwwwWWW                            |
|                                      WWW                                    |
|                                     wWWW                                    |
|                                    wWWWW                                    |
|                                    WW WW                                    |
|                                    WW WW                                    |
|                                   wWW WW                                    |
|                                  wWW  WW                                    |
|                                  WW   WW                                    |
|                                  WW   WW                                    |
|                                 WW    WW                                    |
|                                 WW    WW                                    |
|        W. Kilian, T. Ohl, J. Reuter,  Eur.Phys.J.C71 (2011) 1742            |
|                                          [arXiv: 0708.4233 [hep-ph]]        |
|        M. Moretti, T. Ohl, J. Reuter, arXiv: hep-ph/0102195                 |
|                                                                             |
|                  WWWW       wW        WW  wWWWWWWWwww                       |
|                   WWWW                      wWWWWWWWwwww                    |
|                                                                             |
|                                                                             |
|                                                                             |
|  by:   Wolfgang Kilian, Thorsten Ohl, Juergen Reuter                        |
|                wWWWWW       wW        WWWWWWW                               |
|                  WWWW       wW        WW  wWWWWWWWwww                       |
|                   WWWW                      wWWWWWWWwwww                    |
|=============================================================================|
|                               WHIZARD 3.1.8
|                     WWWW                      WWWW     WWw                  |
|                       WWWWww                   WWWW                         |
|        with contributions from Christian Speckner                           |
|                           WWWwwww              WWWW                         |
|                               wWWWWwww       wWWWWW                         |
|                                     WwwwwwwwwWWW                            |
|                                                                             |
|                                                                             |
|                                                                             |
|                                WW     WW                                    |
|                                WW     WW                                    |
|           wwwwww              WW      WW                                    |
|              WWWWWww          WW      WW                                    |
|        Contact: <whizard@desy.de>                                           |
|                                                                             |
|  if you use WHIZARD please cite:                                            |
|        W. Kilian, T. Ohl, J. Reuter,  Eur.Phys.J.C71 (2011) 1742            |
|                     WWWW                      WWWW     WWw                  |
|                       WWWWww                   WWWW                         |
|=============================================================================|
|  by:   Wolfgang Kilian, Thorsten Ohl, Juergen Reuter                        |
|        with contributions from Christian Speckner                           |
|        Contact: <whizard@desy.de>                                           |
|                                          [arXiv: 0708.4233 [hep-ph]]        |
|        M. Moretti, T. Ohl, J. Reuter, arXiv: hep-ph/0102195                 |
|                                                                             |
|=============================================================================|
|                               WHIZARD 3.1.8
|=============================================================================|
|                           WWWwwww              WWWW                         |
|                               wWWWWwww       wWWWWW                         |
|                                     WwwwwwwwwWWW                            |
|                                                                             |
|                                                                             |
|                                                                             |
|  if you use WHIZARD please cite:                                            |
|                                                                             |
|  by:   Wolfgang Kilian, Thorsten Ohl, Juergen Reuter                        |
|        W. Kilian, T. Ohl, J. Reuter,  Eur.Phys.J.C71 (2011) 1742            |
|                                          [arXiv: 0708.4233 [hep-ph]]        |
|        with contributions from Christian Speckner                           |
|        Contact: <whizard@desy.de>                                           |
|                                                                             |
|  if you use WHIZARD please cite:                                            |
|        W. Kilian, T. Ohl, J. Reuter,  Eur.Phys.J.C71 (2011) 1742            |
|                                          [arXiv: 0708.4233 [hep-ph]]        |
|        M. Moretti, T. Ohl, J. Reuter, arXiv: hep-ph/0102195                 |
|        M. Moretti, T. Ohl, J. Reuter, arXiv: hep-ph/0102195                 |
|                                                                             |
|=============================================================================|
|                               WHIZARD 3.1.8
|=============================================================================|
|                 WWWWWwwwww   WW       WW                                    |
|                     wWWWwwwwwWW       WW                                    |
|                 wWWWWWWWWWWwWWW       WW                                    |
|                wWWWWW       wW        WWWWWWW                               |
|                                                                             |
|=============================================================================|
|                               WHIZARD 3.1.8
|=============================================================================|
|                  WWWW       wW        WW  wWWWWWWWwww                       |
|                   WWWW                      wWWWWWWWwwww                    |
|                     WWWW                      WWWW     WWw                  |
|                       WWWWww                   WWWW                         |
|                           WWWwwww              WWWW                         |
|                               wWWWWwww       wWWWWW                         |
|                                     WwwwwwwwwWWW                            |
|                                                                             |
|                                                                             |
|                                                                             |
|  by:   Wolfgang Kilian, Thorsten Ohl, Juergen Reuter                        |
|        with contributions from Christian Speckner                           |
|        Contact: <whizard@desy.de>                                           |
|                                                                             |
|  if you use WHIZARD please cite:                                            |
|        W. Kilian, T. Ohl, J. Reuter,  Eur.Phys.J.C71 (2011) 1742            |
|                                          [arXiv: 0708.4233 [hep-ph]]        |
|        M. Moretti, T. Ohl, J. Reuter, arXiv: hep-ph/0102195                 |
|                                                                             |
|=============================================================================|
|                               WHIZARD 3.1.8
|=============================================================================|
| Writing log to 'whizard.log'
|=============================================================================|
|                                                                             |
|    WW             WW  WW   WW  WW  WWWWWW      WW      WWWWW    WWWW        |
|     WW    WW     WW   WW   WW  WW     WW      WWWW     WW  WW   WW  WW      |
|      WW  WW WW  WW    WWWWWWW  WW    WW      WW  WW    WWWWW    WW   WW     |
|       WWWW   WWWW     WW   WW  WW   WW      WWWWWWWW   WW  WW   WW  WW      |
|        WW     WW      WW   WW  WW  WWWWWW  WW      WW  WW   WW  WWWW        |
|                                                                             |
|                                                                             |
|                                        W                                    |
|                                       sW                                    |
|                                       WW                                    |
|                                      sWW                                    |
|                                      WWW                                    |
|                                     wWWW                                    |
|                                    wWWWW                                    |
|                                    WW WW                                    |
|                                    WW WW                                    |
|                                   wWW WW                                    |
|                                  wWW  WW                                    |
|                                  WW   WW                                    |
|                                  WW   WW                                    |
|                                 WW    WW                                    |
|                                 WW    WW                                    |
|                                WW     WW                                    |
|                                WW     WW                                    |
|           wwwwww              WW      WW                                    |
|              WWWWWww          WW      WW                                    |
|                 WWWWWwwwww   WW       WW                                    |
|                     wWWWwwwwwWW       WW                                    |
|                 wWWWWWWWWWWwWWW       WW                                    |
|                wWWWWW       wW        WWWWWWW                               |
|                  WWWW       wW        WW  wWWWWWWWwww                       |
|                   WWWW                      wWWWWWWWwwww                    |
|                     WWWW                      WWWW     WWw                  |
|                       WWWWww                   WWWW                         |
|                           WWWwwww              WWWW                         |
|                               wWWWWwww       wWWWWW                         |
|                                     WwwwwwwwwWWW                            |
|                                                                             |
|                                                                             |
|                                                                             |
|  by:   Wolfgang Kilian, Thorsten Ohl, Juergen Reuter                        |
|        with contributions from Christian Speckner                           |
|        Contact: <whizard@desy.de>                                           |
|                                                                             |
|  if you use WHIZARD please cite:                                            |
|        W. Kilian, T. Ohl, J. Reuter,  Eur.Phys.J.C71 (2011) 1742            |
|                                          [arXiv: 0708.4233 [hep-ph]]        |
|        M. Moretti, T. Ohl, J. Reuter, arXiv: hep-ph/0102195                 |
|                                                                             |
|=============================================================================|
|                               WHIZARD 3.1.8
|=============================================================================|
| Reading model file '/afs/cern.ch/user/c/cglenn/FCCWork/whizard/whizard_ttbar_spinpol/local/whizard-3.1.8-mpi-omp-qualified-20260811/share/whizard/models/SM.mdl'
| Reading model file '/afs/cern.ch/user/c/cglenn/FCCWork/whizard/whizard_ttbar_spinpol/local/whizard-3.1.8-mpi-omp-qualified-20260811/share/whizard/models/SM.mdl'
| Preloaded model: SM
| Preloaded model: SM
| Process library 'default_lib': initialized
| Preloaded library: default_lib
| Process library 'default_lib': initialized
| Preloaded library: default_lib
| Reading model file '/afs/cern.ch/user/c/cglenn/FCCWork/whizard/whizard_ttbar_spinpol/local/whizard-3.1.8-mpi-omp-qualified-20260811/share/whizard/models/SM_hadrons.mdl'
| Reading model file '/afs/cern.ch/user/c/cglenn/FCCWork/whizard/whizard_ttbar_spinpol/local/whizard-3.1.8-mpi-omp-qualified-20260811/share/whizard/models/SM_hadrons.mdl'
| Reading model file '/afs/cern.ch/user/c/cglenn/FCCWork/whizard/whizard_ttbar_spinpol/local/whizard-3.1.8-mpi-omp-qualified-20260811/share/whizard/models/SM.mdl'
| Preloaded model: SM
| Process library 'default_lib': initialized
| Preloaded library: default_lib
| Reading model file '/afs/cern.ch/user/c/cglenn/FCCWork/whizard/whizard_ttbar_spinpol/local/whizard-3.1.8-mpi-omp-qualified-20260811/share/whizard/models/SM_hadrons.mdl'
| Reading model file '/afs/cern.ch/user/c/cglenn/FCCWork/whizard/whizard_ttbar_spinpol/local/whizard-3.1.8-mpi-omp-qualified-20260811/share/whizard/models/SM.mdl'
| Reading model file '/afs/cern.ch/user/c/cglenn/FCCWork/whizard/whizard_ttbar_spinpol/local/whizard-3.1.8-mpi-omp-qualified-20260811/share/whizard/models/SM.mdl'
| Reading model file '/afs/cern.ch/user/c/cglenn/FCCWork/whizard/whizard_ttbar_spinpol/local/whizard-3.1.8-mpi-omp-qualified-20260811/share/whizard/models/SM.mdl'
| Reading model file '/afs/cern.ch/user/c/cglenn/FCCWork/whizard/whizard_ttbar_spinpol/local/whizard-3.1.8-mpi-omp-qualified-20260811/share/whizard/models/SM.mdl'
| Reading model file '/afs/cern.ch/user/c/cglenn/FCCWork/whizard/whizard_ttbar_spinpol/local/whizard-3.1.8-mpi-omp-qualified-20260811/share/whizard/models/SM.mdl'
| Reading model file '/afs/cern.ch/user/c/cglenn/FCCWork/whizard/whizard_ttbar_spinpol/local/whizard-3.1.8-mpi-omp-qualified-20260811/share/whizard/models/SM.mdl'
| Reading model file '/afs/cern.ch/user/c/cglenn/FCCWork/whizard/whizard_ttbar_spinpol/local/whizard-3.1.8-mpi-omp-qualified-20260811/share/whizard/models/SM.mdl'
| Reading model file '/afs/cern.ch/user/c/cglenn/FCCWork/whizard/whizard_ttbar_spinpol/local/whizard-3.1.8-mpi-omp-qualified-20260811/share/whizard/models/SM.mdl'
| Reading model file '/afs/cern.ch/user/c/cglenn/FCCWork/whizard/whizard_ttbar_spinpol/local/whizard-3.1.8-mpi-omp-qualified-20260811/share/whizard/models/SM.mdl'
| Reading model file '/afs/cern.ch/user/c/cglenn/FCCWork/whizard/whizard_ttbar_spinpol/local/whizard-3.1.8-mpi-omp-qualified-20260811/share/whizard/models/SM.mdl'
| Reading model file '/afs/cern.ch/user/c/cglenn/FCCWork/whizard/whizard_ttbar_spinpol/local/whizard-3.1.8-mpi-omp-qualified-20260811/share/whizard/models/SM.mdl'
| Reading model file '/afs/cern.ch/user/c/cglenn/FCCWork/whizard/whizard_ttbar_spinpol/local/whizard-3.1.8-mpi-omp-qualified-20260811/share/whizard/models/SM.mdl'
| Reading model file '/afs/cern.ch/user/c/cglenn/FCCWork/whizard/whizard_ttbar_spinpol/local/whizard-3.1.8-mpi-omp-qualified-20260811/share/whizard/models/SM.mdl'
| Preloaded model: SM
| Process library 'default_lib': initialized
| Preloaded library: default_lib
| Reading model file '/afs/cern.ch/user/c/cglenn/FCCWork/whizard/whizard_ttbar_spinpol/local/whizard-3.1.8-mpi-omp-qualified-20260811/share/whizard/models/SM_hadrons.mdl'
| Preloaded model: SM
| Process library 'default_lib': initialized
| Preloaded library: default_lib
| Reading model file '/afs/cern.ch/user/c/cglenn/FCCWork/whizard/whizard_ttbar_spinpol/local/whizard-3.1.8-mpi-omp-qualified-20260811/share/whizard/models/SM_hadrons.mdl'
| Preloaded model: SM
| Process library 'default_lib': initialized
| Preloaded library: default_lib
| Preloaded model: SM
| Reading model file '/afs/cern.ch/user/c/cglenn/FCCWork/whizard/whizard_ttbar_spinpol/local/whizard-3.1.8-mpi-omp-qualified-20260811/share/whizard/models/SM_hadrons.mdl'
| Process library 'default_lib': initialized
| Preloaded library: default_lib
| Reading model file '/afs/cern.ch/user/c/cglenn/FCCWork/whizard/whizard_ttbar_spinpol/local/whizard-3.1.8-mpi-omp-qualified-20260811/share/whizard/models/SM_hadrons.mdl'
| Preloaded model: SM
| Process library 'default_lib': initialized
| Preloaded library: default_lib
| Reading model file '/afs/cern.ch/user/c/cglenn/FCCWork/whizard/whizard_ttbar_spinpol/local/whizard-3.1.8-mpi-omp-qualified-20260811/share/whizard/models/SM_hadrons.mdl'
| Preloaded model: SM
| Process library 'default_lib': initialized
| Preloaded library: default_lib
| Reading model file '/afs/cern.ch/user/c/cglenn/FCCWork/whizard/whizard_ttbar_spinpol/local/whizard-3.1.8-mpi-omp-qualified-20260811/share/whizard/models/SM_hadrons.mdl'
| Preloaded model: SM
| Process library 'default_lib': initialized
| Preloaded library: default_lib
| Reading model file '/afs/cern.ch/user/c/cglenn/FCCWork/whizard/whizard_ttbar_spinpol/local/whizard-3.1.8-mpi-omp-qualified-20260811/share/whizard/models/SM_hadrons.mdl'
| Preloaded model: SM
| Process library 'default_lib': initialized
| Preloaded model: SM
| Process library 'default_lib': initialized
| Preloaded model: SM
| Process library 'default_lib': initialized
| Preloaded library: default_lib
| Preloaded library: default_lib
| Preloaded library: default_lib
| Preloaded model: SM
| Process library 'default_lib': initialized
| Preloaded library: default_lib
| Reading model file '/afs/cern.ch/user/c/cglenn/FCCWork/whizard/whizard_ttbar_spinpol/local/whizard-3.1.8-mpi-omp-qualified-20260811/share/whizard/models/SM_hadrons.mdl'
| Reading model file '/afs/cern.ch/user/c/cglenn/FCCWork/whizard/whizard_ttbar_spinpol/local/whizard-3.1.8-mpi-omp-qualified-20260811/share/whizard/models/SM_hadrons.mdl'
| Reading model file '/afs/cern.ch/user/c/cglenn/FCCWork/whizard/whizard_ttbar_spinpol/local/whizard-3.1.8-mpi-omp-qualified-20260811/share/whizard/models/SM_hadrons.mdl'
| Reading model file '/afs/cern.ch/user/c/cglenn/FCCWork/whizard/whizard_ttbar_spinpol/local/whizard-3.1.8-mpi-omp-qualified-20260811/share/whizard/models/SM_hadrons.mdl'
| Preloaded model: SM
| Process library 'default_lib': initialized
| Preloaded library: default_lib
| Reading model file '/afs/cern.ch/user/c/cglenn/FCCWork/whizard/whizard_ttbar_spinpol/local/whizard-3.1.8-mpi-omp-qualified-20260811/share/whizard/models/SM_hadrons.mdl'
| Preloaded model: SM
| Process library 'default_lib': initialized
| Preloaded library: default_lib
| Reading model file '/afs/cern.ch/user/c/cglenn/FCCWork/whizard/whizard_ttbar_spinpol/local/whizard-3.1.8-mpi-omp-qualified-20260811/share/whizard/models/SM_hadrons.mdl'
| Reading commands from file 'process.sin'
| Including Sindarin from 'common/model.inc'
| Switching to model 'SM', scheme 'default'
| End of included 'common/model.inc'
| Including Sindarin from 'common/beams.inc'
sqrts =  3.650000000000E+02
| End of included 'common/beams.inc'
| Including Sindarin from 'common/isr.inc'
?isr_handler = true
$isr_handler_mode = "recoil"
?keep_beams = true
?keep_remnants = true
isr_mass =  5.109970000000E-04
| End of included 'common/isr.inc'
| Including Sindarin from 'common/polarization.inc'
| End of included 'common/polarization.inc'
| Process library 'default_lib': recorded process 'proc_epmum'
| Including Sindarin from 'common/integration.inc'
$integration_method = "vamp2"
$rng_method = "rng_stream"
$vamp_parallel_method = "simple"
?omega_openmp = false
openmp_num_threads = 1
seed = 672175147
| MPI: wait for master to finish process initialization ...
| Reading commands from file 'process.sin'
| Including Sindarin from 'common/model.inc'
| Switching to model 'SM', scheme 'default'
| End of included 'common/model.inc'
| Including Sindarin from 'common/beams.inc'
sqrts =  3.650000000000E+02
| End of included 'common/beams.inc'
| Including Sindarin from 'common/isr.inc'
?isr_handler = true
$isr_handler_mode = "recoil"
?keep_beams = true
?keep_remnants = true
isr_mass =  5.109970000000E-04
| End of included 'common/isr.inc'
| Including Sindarin from 'common/polarization.inc'
| End of included 'common/polarization.inc'
| Process library 'default_lib': recorded process 'proc_epmum'
| Including Sindarin from 'common/integration.inc'
$integration_method = "vamp2"
$rng_method = "rng_stream"
$vamp_parallel_method = "simple"
?omega_openmp = false
openmp_num_threads = 1
seed = 672175147
| MPI: wait for master to finish process initialization ...
| Reading commands from file 'process.sin'
| Including Sindarin from 'common/model.inc'
| Switching to model 'SM', scheme 'default'
| End of included 'common/model.inc'
| Including Sindarin from 'common/beams.inc'
sqrts =  3.650000000000E+02
| End of included 'common/beams.inc'
| Including Sindarin from 'common/isr.inc'
?isr_handler = true
$isr_handler_mode = "recoil"
?keep_beams = true
?keep_remnants = true
isr_mass =  5.109970000000E-04
| End of included 'common/isr.inc'
| Including Sindarin from 'common/polarization.inc'
| End of included 'common/polarization.inc'
| Process library 'default_lib': recorded process 'proc_epmum'
| Including Sindarin from 'common/integration.inc'
$integration_method = "vamp2"
$rng_method = "rng_stream"
$vamp_parallel_method = "simple"
?omega_openmp = false
openmp_num_threads = 1
seed = 672175147
| MPI: wait for master to finish process initialization ...
| Reading commands from file 'process.sin'
| Including Sindarin from 'common/model.inc'
| Switching to model 'SM', scheme 'default'
| End of included 'common/model.inc'
| Including Sindarin from 'common/beams.inc'
sqrts =  3.650000000000E+02
| End of included 'common/beams.inc'
| Including Sindarin from 'common/isr.inc'
?isr_handler = true
$isr_handler_mode = "recoil"
?keep_beams = true
?keep_remnants = true
isr_mass =  5.109970000000E-04
| End of included 'common/isr.inc'
| Including Sindarin from 'common/polarization.inc'
| End of included 'common/polarization.inc'
| Process library 'default_lib': recorded process 'proc_epmum'
| Including Sindarin from 'common/integration.inc'
$integration_method = "vamp2"
$rng_method = "rng_stream"
$vamp_parallel_method = "simple"
?omega_openmp = false
openmp_num_threads = 1
seed = 672175147
| MPI: wait for master to finish process initialization ...
| Reading commands from file 'process.sin'
| Reading commands from file 'process.sin'
| Reading commands from file 'process.sin'
| Including Sindarin from 'common/model.inc'
| Switching to model 'SM', scheme 'default'
| End of included 'common/model.inc'
| Including Sindarin from 'common/beams.inc'
| Reading commands from file 'process.sin'
sqrts =  3.650000000000E+02
| End of included 'common/beams.inc'
| Including Sindarin from 'common/isr.inc'
?isr_handler = true
$isr_handler_mode = "recoil"
?keep_beams = true
?keep_remnants = true
isr_mass =  5.109970000000E-04
| End of included 'common/isr.inc'
| Including Sindarin from 'common/polarization.inc'
| End of included 'common/polarization.inc'
| Process library 'default_lib': recorded process 'proc_epmum'
| Including Sindarin from 'common/integration.inc'
$integration_method = "vamp2"
$rng_method = "rng_stream"
$vamp_parallel_method = "simple"
?omega_openmp = false
openmp_num_threads = 1
seed = 672175147
| MPI: wait for master to finish process initialization ...
| Including Sindarin from 'common/model.inc'
| Switching to model 'SM', scheme 'default'
| End of included 'common/model.inc'
| Including Sindarin from 'common/model.inc'
| Including Sindarin from 'common/beams.inc'
| Switching to model 'SM', scheme 'default'
| End of included 'common/model.inc'
| Including Sindarin from 'common/beams.inc'
| Reading commands from file 'process.sin'
| Including Sindarin from 'common/model.inc'
| Switching to model 'SM', scheme 'default'
| End of included 'common/model.inc'
| Including Sindarin from 'common/beams.inc'
sqrts =  3.650000000000E+02
| End of included 'common/beams.inc'
| Including Sindarin from 'common/isr.inc'
?isr_handler = true
$isr_handler_mode = "recoil"
?keep_beams = true
?keep_remnants = true
isr_mass =  5.109970000000E-04
| End of included 'common/isr.inc'
| Including Sindarin from 'common/polarization.inc'
| End of included 'common/polarization.inc'
sqrts =  3.650000000000E+02
| End of included 'common/beams.inc'
| Including Sindarin from 'common/isr.inc'
?isr_handler = true
$isr_handler_mode = "recoil"
?keep_beams = true
?keep_remnants = true
sqrts =  3.650000000000E+02
| End of included 'common/beams.inc'
| Including Sindarin from 'common/isr.inc'
?isr_handler = true
$isr_handler_mode = "recoil"
?keep_beams = true
?keep_remnants = true
isr_mass =  5.109970000000E-04
| End of included 'common/isr.inc'
| Including Sindarin from 'common/polarization.inc'
| End of included 'common/polarization.inc'
isr_mass =  5.109970000000E-04
| End of included 'common/isr.inc'
| Including Sindarin from 'common/polarization.inc'
| End of included 'common/polarization.inc'
| Process library 'default_lib': recorded process 'proc_epmum'
| Including Sindarin from 'common/integration.inc'
$integration_method = "vamp2"
| Process library 'default_lib': recorded process 'proc_epmum'
| Including Sindarin from 'common/integration.inc'
$rng_method$integration_method = "vamp2"
 = $rng_method = "rng_stream"
"rng_stream"
$vamp_parallel_method$vamp_parallel_method = "simple"
 = ?omega_openmp"simple"
 = false
openmp_num_threads = 1
?omega_openmpseed = 672175147
 = false
| MPI: wait for master to finish process initialization ...
openmp_num_threads = | Process library 'default_lib': recorded process 'proc_epmum'
| Including Sindarin from 'common/integration.inc'
1
$integration_method = seed = 672175147
"vamp2"
| MPI: wait for master to finish process initialization ...
$rng_method = "rng_stream"
$vamp_parallel_method = "simple"
?omega_openmp = false
openmp_num_threads = 1
seed = 672175147
| MPI: wait for master to finish process initialization ...
| Reading commands from file 'process.sin'
| Including Sindarin from 'common/model.inc'
| Switching to model 'SM', scheme 'default'
| End of included 'common/model.inc'
| Including Sindarin from 'common/beams.inc'
sqrts =  3.650000000000E+02
| End of included 'common/beams.inc'
| Including Sindarin from 'common/isr.inc'
?isr_handler = true
$isr_handler_mode = "recoil"
?keep_beams = true
?keep_remnants = true
| Reading commands from file 'process.sin'
isr_mass =  5.109970000000E-04
| End of included 'common/isr.inc'
| Including Sindarin from 'common/polarization.inc'
| End of included 'common/polarization.inc'
| Process library 'default_lib': recorded process 'proc_epmum'
| Including Sindarin from 'common/integration.inc'
$integration_method = "vamp2"
$rng_method = "rng_stream"
$vamp_parallel_method = "simple"
?omega_openmp = false
openmp_num_threads = 1
seed = 672175147
| MPI: wait for master to finish process initialization ...
| Reading commands from file 'process.sin'
| Including Sindarin from 'common/model.inc'
| Switching to model 'SM', scheme 'default'
| End of included 'common/model.inc'
| Including Sindarin from 'common/beams.inc'
sqrts =  3.650000000000E+02
| End of included 'common/beams.inc'
| Including Sindarin from 'common/isr.inc'
?isr_handler = true
$isr_handler_mode = "recoil"
?keep_beams = true
?keep_remnants = true
isr_mass =  5.109970000000E-04
| End of included 'common/isr.inc'
| Including Sindarin from 'common/polarization.inc'
| End of included 'common/polarization.inc'
| Process library 'default_lib': recorded process 'proc_epmum'
| Including Sindarin from 'common/integration.inc'
| Including Sindarin from 'common/model.inc'
| Switching to model 'SM', scheme 'default'
$integration_method = | End of included 'common/model.inc'
| Including Sindarin from 'common/beams.inc'
"vamp2"
sqrts = $rng_method = "rng_stream"
 3.650000000000E+02
$vamp_parallel_method = | End of included 'common/beams.inc'
| Including Sindarin from 'common/isr.inc'
?isr_handler = "simple"
true
$isr_handler_mode = "recoil"
?omega_openmp = ?keep_beams = true
?keep_remnants = false
true
isr_mass = openmp_num_threads =  5.109970000000E-04
| End of included 'common/isr.inc'
| Including Sindarin from 'common/polarization.inc'
1
| End of included 'common/polarization.inc'
seed = 672175147
| Reading commands from file 'process.sin'
| MPI: wait for master to finish process initialization ...
| Process library 'default_lib': recorded process 'proc_epmum'
| Including Sindarin from 'common/integration.inc'
$integration_method = "vamp2"
| Including Sindarin from 'common/model.inc'
$rng_method = "rng_stream"
| Switching to model 'SM', scheme 'default'
| End of included 'common/model.inc'
| Including Sindarin from 'common/beams.inc'
$vamp_parallel_method = "simple"
?omega_openmp = sqrts =  3.650000000000E+02
false
| End of included 'common/beams.inc'
| Including Sindarin from 'common/isr.inc'
?isr_handler = true
openmp_num_threads = 1
$isr_handler_mode = "recoil"
seed?keep_beams = true
 = ?keep_remnants = true
672175147
isr_mass =  5.109970000000E-04
| MPI: wait for master to finish process initialization ...
| End of included 'common/isr.inc'
| Including Sindarin from 'common/polarization.inc'
| End of included 'common/polarization.inc'
| Process library 'default_lib': recorded process 'proc_epmum'
| Including Sindarin from 'common/integration.inc'
$integration_method = "vamp2"
$rng_method = "rng_stream"
$vamp_parallel_method = "simple"
?omega_openmp = false
openmp_num_threads = 1
seed = 672175147
| MPI: wait for master to finish process initialization ...
| Reading commands from file 'process.sin'
| Including Sindarin from 'common/model.inc'
| Switching to model 'SM', scheme 'default'
| End of included 'common/model.inc'
| Including Sindarin from 'common/beams.inc'
sqrts =  3.650000000000E+02
| End of included 'common/beams.inc'
| Including Sindarin from 'common/isr.inc'
?isr_handler = true
$isr_handler_mode = "recoil"
?keep_beams = true
?keep_remnants = true
isr_mass =  5.109970000000E-04
| End of included 'common/isr.inc'
| Including Sindarin from 'common/polarization.inc'
| End of included 'common/polarization.inc'
| Process library 'default_lib': recorded process 'proc_epmum'
| Including Sindarin from 'common/integration.inc'
$integration_method = "vamp2"
$rng_method = "rng_stream"
$vamp_parallel_method = "simple"
?omega_openmp = false
openmp_num_threads = 1
seed = 672175147
| MPI: wait for master to finish process initialization ...
| Reading commands from file 'process.sin'
| Including Sindarin from 'common/model.inc'
| Switching to model 'SM', scheme 'default'
| End of included 'common/model.inc'
| Including Sindarin from 'common/beams.inc'
sqrts =  3.650000000000E+02
| End of included 'common/beams.inc'
| Including Sindarin from 'common/isr.inc'
?isr_handler = true
$isr_handler_mode = "recoil"
?keep_beams = true
?keep_remnants = true
isr_mass =  5.109970000000E-04
| End of included 'common/isr.inc'
| Including Sindarin from 'common/polarization.inc'
| End of included 'common/polarization.inc'
| Process library 'default_lib': recorded process 'proc_epmum'
| Including Sindarin from 'common/integration.inc'
$integration_method = "vamp2"
$rng_method = "rng_stream"
$vamp_parallel_method = "simple"
?omega_openmp = false
openmp_num_threads = 1
seed = 672175147
| MPI: wait for master to finish process initialization ...
| Reading commands from file 'process.sin'
| Including Sindarin from 'common/model.inc'
| Switching to model 'SM', scheme 'default'
| End of included 'common/model.inc'
| Including Sindarin from 'common/beams.inc'
sqrts =  3.650000000000E+02
| End of included 'common/beams.inc'
| Including Sindarin from 'common/isr.inc'
?isr_handler = true
$isr_handler_mode = "recoil"
?keep_beams = true
?keep_remnants = true
isr_mass =  5.109970000000E-04
| End of included 'common/isr.inc'
| Including Sindarin from 'common/polarization.inc'
| End of included 'common/polarization.inc'
| Process library 'default_lib': recorded process 'proc_epmum'
| Including Sindarin from 'common/integration.inc'
$integration_method = "vamp2"
$rng_method = "rng_stream"
$vamp_parallel_method = "simple"
?omega_openmp = false
openmp_num_threads = 1
seed = 672175147
| MPI: wait for master to finish process initialization ...
| Including Sindarin from 'common/model.inc'
| Switching to model 'SM', scheme 'default'
| End of included 'common/model.inc'
| Including Sindarin from 'common/beams.inc'
sqrts =  3.650000000000E+02
| End of included 'common/beams.inc'
| Including Sindarin from 'common/isr.inc'
?isr_handler = true
$isr_handler_mode = "recoil"
?keep_beams = true
?keep_remnants = true
isr_mass =  5.109970000000E-04
| End of included 'common/isr.inc'
| Including Sindarin from 'common/polarization.inc'
| End of included 'common/polarization.inc'
| Process library 'default_lib': recorded process 'proc_epmum'
| Including Sindarin from 'common/integration.inc'
$integration_method = "vamp2"
$rng_method = "rng_stream"
$vamp_parallel_method = "simple"
?omega_openmp = false
openmp_num_threads = 1
seed = 672175147
| Integrate: current process library needs compilation
| Process library 'default_lib': compiling ...
| Process library 'default_lib': writing makefile
| Process library 'default_lib': writing driver
| Process library 'default_lib': creating source code
  RM        proc_epmum_i1.f90,.mod,.lo
  OMEGA     proc_epmum_i1.f90
[1/1] e- e+ -> b bbar e+ nue mu- numubar ... allowed. [time: 0.58 secs, total: 0.58 secs, remaining: 0.00 secs]
all processes done. [total time: 0.58 secs]
SUMMARY: 215 fusions, 46 propagators, 402 diagrams
SUMMARY: 53 vertices
| Process library 'default_lib': compiling sources
  FC        default_lib.lo
| Process library 'default_lib': linking
  FCLD      default_lib.la
| Process library 'default_lib': loading
| Process library 'default_lib': ... success.
| Integrate: compilation done
| RNG: Initializing RNG Stream random-number generator
| RNG: Setting seed for random-number generator to 5163
| Initializing integration for process proc_epmum:
| Beam structure: e-, e+ => isr
|   polarization (beam 1):
|     @(-1: -1: ( 1.000000000000E+00, 0.000000000000E+00))
|   polarization (beam 2):
|     @(+1: +1: ( 1.000000000000E+00, 0.000000000000E+00))
|   polarization degree = 1.0000000, 1.0000000
| Beam data (collision):
|   e-  (mass = 5.1099700E-04 GeV)  polarized
|   e+  (mass = 5.1099700E-04 GeV)  polarized
|   sqrts = 3.650000000000E+02 GeV
| Phase space: generating configuration ...
Warning:  Intermediate decay of zero-width particle mu- may be possible.
| Phase space: ... success.
| Phase space: writing configuration file 'proc_epmum.i1.phs'
| ------------------------------------------------------------------------
| Process [scattering]: 'proc_epmum'
|   Library name  = 'default_lib'
|   Process index = 1
|   Process components:
|     1: 'proc_epmum_i1':   e-, e+ => b, bbar, e+, nue, mu-, numubar [omega]
| ------------------------------------------------------------------------
| Phase space: 890 channels, 14 dimensions
| Phase space: found 890 channels, collected in 239 groves.
| Phase space: Using 1060 equivalences between channels.
| Phase space: wood
| Beam structure: isr, none => none, isr
| Beam structure: 2 channels, 2 dimensions
Warning: No cuts have been defined.
| MPI: finish process initialization, load slaves ...
| Integrate: current process library needs compilation
| Integrate: current process library needs compilation
| Integrate: current process library needs compilation
| Integrate: current process library needs compilation
| Integrate: current process library needs compilation
| Integrate: current process library needs compilation
| Integrate: current process library needs compilation
| Integrate: current process library needs compilation
| Integrate: current process library needs compilation
| Integrate: current process library needs compilation
| Integrate: current process library needs compilation
| Integrate: current process library needs compilation
| Process library 'default_lib': compiling ...
| Integrate: current process library needs compilation
| Process library 'default_lib': compiling ...
| Process library 'default_lib': compiling ...
| Integrate: current process library needs compilation
| Integrate: current process library needs compilation
| Process library 'default_lib': compiling ...
| Process library 'default_lib': compiling ...
| Process library 'default_lib': compiling ...
| Process library 'default_lib': compiling ...
| Process library 'default_lib': compiling ...
| Process library 'default_lib': compiling ...
| Process library 'default_lib': compiling ...
| Process library 'default_lib': compiling ...
| Process library 'default_lib': compiling ...
| Process library 'default_lib': compiling ...
| Process library 'default_lib': compiling ...
| Process library 'default_lib': compiling ...
| Process library 'default_lib': keeping makefile
| Process library 'default_lib': keeping driver
| Process library 'default_lib': keeping makefile
| Process library 'default_lib': keeping driver
| Process library 'default_lib': keeping makefile
| Process library 'default_lib': keeping makefile
| Process library 'default_lib': keeping driver
| Process library 'default_lib': keeping driver
| Process library 'default_lib': keeping makefile
| Process library 'default_lib': keeping makefile
| Process library 'default_lib': keeping driver
| Process library 'default_lib': keeping driver
| Process library 'default_lib': keeping makefile
| Process library 'default_lib': keeping driver
| Process library 'default_lib': keeping makefile
| Process library 'default_lib': keeping driver
| Process library 'default_lib': keeping makefile
| Process library 'default_lib': keeping makefile
| Process library 'default_lib': keeping driver
| Process library 'default_lib': keeping makefile
| Process library 'default_lib': keeping driver
| Process library 'default_lib': keeping makefile
| Process library 'default_lib': keeping driver
| Process library 'default_lib': keeping makefile
| Process library 'default_lib': keeping driver
| Process library 'default_lib': keeping makefile
| Process library 'default_lib': keeping driver
| Process library 'default_lib': keeping driver
| Process library 'default_lib': keeping makefile
| Process library 'default_lib': keeping driver
| Process library 'default_lib': active
| Process library 'default_lib': ... success.
| Integrate: compilation done
| Process library 'default_lib': active
| Process library 'default_lib': ... success.
| Integrate: compilation done
| Process library 'default_lib': active
| Process library 'default_lib': ... success.
| Integrate: compilation done
| RNG: Initializing RNG Stream random-number generator
| RNG: Setting seed for random-number generator to 5163
| Initializing integration for process proc_epmum:
| Process library 'default_lib': active
| Process library 'default_lib': ... success.
| Integrate: compilation done
| Process library 'default_lib': active
| Process library 'default_lib': ... success.
| Integrate: compilation done
| RNG: Initializing RNG Stream random-number generator
| RNG: Setting seed for random-number generator to 5163
| Initializing integration for process proc_epmum:
| Process library 'default_lib': active
| Process library 'default_lib': ... success.
| Integrate: compilation done
| RNG: Initializing RNG Stream random-number generator
| RNG: Setting seed for random-number generator to 5163
| Initializing integration for process proc_epmum:
| Beam structure: e-, e+ => isr
|   polarization (beam 1):
|     @(-1: -1: ( 1.000000000000E+00, 0.000000000000E+00))
|   polarization (beam 2):
|     @(+1: +1: ( 1.000000000000E+00, 0.000000000000E+00))
|   polarization degree = 1.0000000, 1.0000000
| Beam data (collision):
|   e-  (mass = 5.1099700E-04 GeV)  polarized
|   e+  (mass = 5.1099700E-04 GeV)  polarized
|   sqrts = 3.650000000000E+02 GeV
| RNG: Initializing RNG Stream random-number generator
| RNG: Setting seed for random-number generator to 5163
| Initializing integration for process proc_epmum:
| Beam structure: e-, e+ => isr
|   polarization (beam 1):
|     @(-1: -1: ( 1.000000000000E+00, 0.000000000000E+00))
| RNG: Initializing RNG Stream random-number generator
| RNG: Setting seed for random-number generator to 5163
|   polarization (beam 2):
|     @(+1: +1: ( 1.000000000000E+00, 0.000000000000E+00))
|   polarization degree = 1.0000000, 1.0000000
| Beam data (collision):
|   e-  (mass = 5.1099700E-04 GeV)  polarized
|   e+  (mass = 5.1099700E-04 GeV)  polarized
|   sqrts = 3.650000000000E+02 GeV
| Initializing integration for process proc_epmum:
| Beam structure: e-, e+ => isr
|   polarization (beam 1):
|     @(-1: -1: ( 1.000000000000E+00, 0.000000000000E+00))
|   polarization (beam 2):
|     @(+1: +1: ( 1.000000000000E+00, 0.000000000000E+00))
|   polarization degree = 1.0000000, 1.0000000
| Beam data (collision):
|   e-  (mass = 5.1099700E-04 GeV)  polarized
|   e+  (mass = 5.1099700E-04 GeV)  polarized
|   sqrts = 3.650000000000E+02 GeV
| Beam structure: e-, e+ => isr
|   polarization (beam 1):
|     @(-1: -1: ( 1.000000000000E+00, 0.000000000000E+00))
|   polarization (beam 2):
|     @(+1: +1: ( 1.000000000000E+00, 0.000000000000E+00))
|   polarization degree = 1.0000000, 1.0000000
| Beam data (collision):
|   e-  (mass = 5.1099700E-04 GeV)  polarized
|   e+  (mass = 5.1099700E-04 GeV)  polarized
|   sqrts = 3.650000000000E+02 GeV
| RNG: Initializing RNG Stream random-number generator
| RNG: Setting seed for random-number generator to 5163
| Initializing integration for process proc_epmum:
| Beam structure: e-, e+ => isr
|   polarization (beam 1):
|     @(-1: -1: ( 1.000000000000E+00, 0.000000000000E+00))
|   polarization (beam 2):
|     @(+1: +1: ( 1.000000000000E+00, 0.000000000000E+00))
|   polarization degree = 1.0000000, 1.0000000
| Beam data (collision):
|   e-  (mass = 5.1099700E-04 GeV)  polarized
|   e+  (mass = 5.1099700E-04 GeV)  polarized
|   sqrts = 3.650000000000E+02 GeV
| Beam structure: e-, e+ => isr
|   polarization (beam 1):
|     @(-1: -1: ( 1.000000000000E+00, 0.000000000000E+00))
|   polarization (beam 2):
|     @(+1: +1: ( 1.000000000000E+00, 0.000000000000E+00))
|   polarization degree = 1.0000000, 1.0000000
| Beam data (collision):
|   e-  (mass = 5.1099700E-04 GeV)  polarized
|   e+  (mass = 5.1099700E-04 GeV)  polarized
|   sqrts = 3.650000000000E+02 GeV
| Process library 'default_lib': active
| Process library 'default_lib': ... success.
| Integrate: compilation done
| Process library 'default_lib': active
| Process library 'default_lib': ... success.
| Integrate: compilation done
| Process library 'default_lib': active
| Process library 'default_lib': ... success.
| Integrate: compilation done
| Process library 'default_lib': active
| Process library 'default_lib': ... success.
| Integrate: compilation done
| RNG: Initializing RNG Stream random-number generator
| RNG: Setting seed for random-number generator to 5163
| Initializing integration for process proc_epmum:
| Process library 'default_lib': active
| Process library 'default_lib': ... success.
| Integrate: compilation done
| RNG: Initializing RNG Stream random-number generator
| RNG: Setting seed for random-number generator to 5163
| RNG: Initializing RNG Stream random-number generator
| RNG: Setting seed for random-number generator to 5163
| Initializing integration for process proc_epmum:
| Initializing integration for process proc_epmum:
| Process library 'default_lib': active
| Process library 'default_lib': ... success.
| Integrate: compilation done
| Process library 'default_lib': active
| Process library 'default_lib': ... success.
| Integrate: compilation done
| Process library 'default_lib': active
| RNG: Initializing RNG Stream random-number generator
| RNG: Setting seed for random-number generator to 5163
| Process library 'default_lib': ... success.
| Integrate: compilation done
| Initializing integration for process proc_epmum:
| Beam structure: e-, e+ => isr
|   polarization (beam 1):
|     @(-1: -1: ( 1.000000000000E+00, 0.000000000000E+00))
|   polarization (beam 2):
|     @(+1: +1: ( 1.000000000000E+00, 0.000000000000E+00))
|   polarization degree = 1.0000000, 1.0000000
| Beam data (collision):
|   e-  (mass = 5.1099700E-04 GeV)  polarized
|   e+  (mass = 5.1099700E-04 GeV)  polarized
|   sqrts = 3.650000000000E+02 GeV
| RNG: Initializing RNG Stream random-number generator
| RNG: Setting seed for random-number generator to 5163
| Beam structure: e-, e+ => isr
|   polarization (beam 1):
|     @(-1: -1: ( 1.000000000000E+00, 0.000000000000E+00))
|   polarization (beam 2):
|     @(+1: +1: ( 1.000000000000E+00, 0.000000000000E+00))
|   polarization degree = 1.0000000, 1.0000000
| Beam structure: e-, e+ => isr
|   polarization (beam 1):
|     @(-1: -1: ( 1.000000000000E+00, 0.000000000000E+00))
| Initializing integration for process proc_epmum:
|   polarization (beam 2):
|     @(+1: +1: ( 1.000000000000E+00, 0.000000000000E+00))
|   polarization degree = 1.0000000, 1.0000000
| Beam data (collision):
|   e-  (mass = 5.1099700E-04 GeV)  polarized
|   e+  (mass = 5.1099700E-04 GeV)  polarized
| Beam data (collision):
|   e-  (mass = 5.1099700E-04 GeV)  polarized
|   e+  (mass = 5.1099700E-04 GeV)  polarized
|   sqrts = 3.650000000000E+02 GeV
|   sqrts = 3.650000000000E+02 GeV
| Process library 'default_lib': active
| Process library 'default_lib': ... success.
| Integrate: compilation done
| RNG: Initializing RNG Stream random-number generator
| RNG: Setting seed for random-number generator to 5163
| Initializing integration for process proc_epmum:
| Beam structure: e-, e+ => isr
|   polarization (beam 1):
|     @(-1: -1: ( 1.000000000000E+00, 0.000000000000E+00))
|   polarization (beam 2):
|     @(+1: +1: ( 1.000000000000E+00, 0.000000000000E+00))
|   polarization degree = 1.0000000, 1.0000000
| Beam data (collision):
|   e-  (mass = 5.1099700E-04 GeV)  polarized
|   e+  (mass = 5.1099700E-04 GeV)  polarized
|   sqrts = 3.650000000000E+02 GeV
| RNG: Initializing RNG Stream random-number generator
| RNG: Setting seed for random-number generator to 5163
| Initializing integration for process proc_epmum:
| RNG: Initializing RNG Stream random-number generator
| RNG: Setting seed for random-number generator to 5163
| Initializing integration for process proc_epmum:
| Beam structure: e-, e+ => isr
|   polarization (beam 1):
|     @(-1: -1: ( 1.000000000000E+00, 0.000000000000E+00))
|   polarization (beam 2):
|     @(+1: +1: ( 1.000000000000E+00, 0.000000000000E+00))
|   polarization degree = 1.0000000, 1.0000000
| Beam data (collision):
|   e-  (mass = 5.1099700E-04 GeV)  polarized
|   e+  (mass = 5.1099700E-04 GeV)  polarized
|   sqrts = 3.650000000000E+02 GeV
| Beam structure: e-, e+ => isr
|   polarization (beam 1):
|     @(-1: -1: ( 1.000000000000E+00, 0.000000000000E+00))
|   polarization (beam 2):
|     @(+1: +1: ( 1.000000000000E+00, 0.000000000000E+00))
|   polarization degree = 1.0000000, 1.0000000
| Beam data (collision):
| RNG: Initializing RNG Stream random-number generator
| RNG: Setting seed for random-number generator to 5163
| Initializing integration for process proc_epmum:
|   e-  (mass = 5.1099700E-04 GeV)  polarized
|   e+  (mass = 5.1099700E-04 GeV)  polarized
|   sqrts = 3.650000000000E+02 GeV
| Beam structure: e-, e+ => isr
| Beam structure: e-, e+ => isr
|   polarization (beam 1):
|     @(-1: -1: ( 1.000000000000E+00, 0.000000000000E+00))
|   polarization (beam 1):
|     @(-1: -1: ( 1.000000000000E+00, 0.000000000000E+00))
|   polarization (beam 2):
|     @(+1: +1: ( 1.000000000000E+00, 0.000000000000E+00))
|   polarization degree = 1.0000000, 1.0000000
| Beam data (collision):
|   e-  (mass = 5.1099700E-04 GeV)  polarized
|   e+  (mass = 5.1099700E-04 GeV)  polarized
|   sqrts = 3.650000000000E+02 GeV
|   polarization (beam 2):
|     @(+1: +1: ( 1.000000000000E+00, 0.000000000000E+00))
|   polarization degree = 1.0000000, 1.0000000
| Beam data (collision):
|   e-  (mass = 5.1099700E-04 GeV)  polarized
|   e+  (mass = 5.1099700E-04 GeV)  polarized
|   sqrts = 3.650000000000E+02 GeV
| Beam structure: e-, e+ => isr
|   polarization (beam 1):
|     @(-1: -1: ( 1.000000000000E+00, 0.000000000000E+00))
|   polarization (beam 2):
|     @(+1: +1: ( 1.000000000000E+00, 0.000000000000E+00))
|   polarization degree = 1.0000000, 1.0000000
| Beam data (collision):
|   e-  (mass = 5.1099700E-04 GeV)  polarized
|   e+  (mass = 5.1099700E-04 GeV)  polarized
|   sqrts = 3.650000000000E+02 GeV
| MPI: Workers do not build phase space configuration.
| Phase space: keeping configuration file 'proc_epmum.i1.phs'
| MPI: Workers do not build phase space configuration.
| Phase space: keeping configuration file 'proc_epmum.i1.phs'
| MPI: Workers do not build phase space configuration.
| Phase space: keeping configuration file 'proc_epmum.i1.phs'
| MPI: Workers do not build phase space configuration.
| Phase space: keeping configuration file 'proc_epmum.i1.phs'
| MPI: Workers do not build phase space configuration.
| Phase space: keeping configuration file 'proc_epmum.i1.phs'
| MPI: Workers do not build phase space configuration.
| Phase space: keeping configuration file 'proc_epmum.i1.phs'
| MPI: Workers do not build phase space configuration.
| Phase space: keeping configuration file 'proc_epmum.i1.phs'
| MPI: Workers do not build phase space configuration.
| Phase space: keeping configuration file 'proc_epmum.i1.phs'
| MPI: Workers do not build phase space configuration.
| Phase space: keeping configuration file 'proc_epmum.i1.phs'
| MPI: Workers do not build phase space configuration.
| Phase space: keeping configuration file 'proc_epmum.i1.phs'
| MPI: Workers do not build phase space configuration.
| Phase space: keeping configuration file 'proc_epmum.i1.phs'
| MPI: Workers do not build phase space configuration.
| Phase space: keeping configuration file 'proc_epmum.i1.phs'
| MPI: Workers do not build phase space configuration.
| Phase space: keeping configuration file 'proc_epmum.i1.phs'
| MPI: Workers do not build phase space configuration.
| Phase space: keeping configuration file 'proc_epmum.i1.phs'
| MPI: Workers do not build phase space configuration.
| Phase space: keeping configuration file 'proc_epmum.i1.phs'
| ------------------------------------------------------------------------
| Process [scattering]: 'proc_epmum'
|   Library name  = 'default_lib'
|   Process index = 1
|   Process components:
|     1: 'proc_epmum_i1':   e-, e+ => b, bbar, e+, nue, mu-, numubar [omega]
| ------------------------------------------------------------------------
| Phase space: 890 channels, 14 dimensions
| Phase space: found 890 channels, collected in 239 groves.
| Phase space: Using 1060 equivalences between channels.
| Phase space: wood
| Beam structure: isr, none => none, isr
| Beam structure: 2 channels, 2 dimensions
Warning: No cuts have been defined.
| ------------------------------------------------------------------------
| Process [scattering]: 'proc_epmum'
|   Library name  = 'default_lib'
|   Process index = 1
|   Process components:
|     1: 'proc_epmum_i1':   e-, e+ => b, bbar, e+, nue, mu-, numubar [omega]
| ------------------------------------------------------------------------
| Phase space: 890 channels, 14 dimensions
| Phase space: found 890 channels, collected in 239 groves.
| Phase space: Using 1060 equivalences between channels.
| Phase space: wood
| Beam structure: isr, none => none, isr
| Beam structure: 2 channels, 2 dimensions
Warning: No cuts have been defined.
| ------------------------------------------------------------------------
| Process [scattering]: 'proc_epmum'
|   Library name  = 'default_lib'
|   Process index = 1
|   Process components:
|     1: 'proc_epmum_i1':   e-, e+ => b, bbar, e+, nue, mu-, numubar [omega]
| ------------------------------------------------------------------------
| Phase space: 890 channels, 14 dimensions
| Phase space: found 890 channels, collected in 239 groves.
| Phase space: Using 1060 equivalences between channels.
| Phase space: wood
| Beam structure: isr, none => none, isr
| Beam structure: 2 channels, 2 dimensions
Warning: No cuts have been defined.
| ------------------------------------------------------------------------
| Process [scattering]: 'proc_epmum'
|   Library name  = 'default_lib'
|   Process index = 1
|   Process components:
|     1: 'proc_epmum_i1':   e-, e+ => b, bbar, e+, nue, mu-, numubar [omega]
| ------------------------------------------------------------------------
| Phase space: 890 channels, 14 dimensions
| Phase space: found 890 channels, collected in 239 groves.
| Phase space: Using 1060 equivalences between channels.
| Phase space: wood
| Beam structure: isr, none => none, isr
| Beam structure: 2 channels, 2 dimensions
Warning: No cuts have been defined.
| ------------------------------------------------------------------------
| Process [scattering]: 'proc_epmum'
|   Library name  = 'default_lib'
|   Process index = 1
|   Process components:
|     1: 'proc_epmum_i1':   e-, e+ => b, bbar, e+, nue, mu-, numubar [omega]
| ------------------------------------------------------------------------
| Phase space: 890 channels, 14 dimensions
| Phase space: found 890 channels, collected in 239 groves.
| Phase space: Using 1060 equivalences between channels.
| Phase space: wood
| Beam structure: isr, none => none, isr
| Beam structure: 2 channels, 2 dimensions
Warning: No cuts have been defined.
| ------------------------------------------------------------------------
| Process [scattering]: 'proc_epmum'
|   Library name  = 'default_lib'
|   Process index = 1
|   Process components:
|     1: 'proc_epmum_i1':   e-, e+ => b, bbar, e+, nue, mu-, numubar [omega]
| ------------------------------------------------------------------------
| Phase space: 890 channels, 14 dimensions
| Phase space: found 890 channels, collected in 239 groves.
| Phase space: Using 1060 equivalences between channels.
| Phase space: wood
| Beam structure: isr, none => none, isr
| Beam structure: 2 channels, 2 dimensions
Warning: No cuts have been defined.
| ------------------------------------------------------------------------
| Process [scattering]: 'proc_epmum'
|   Library name  = 'default_lib'
|   Process index = 1
|   Process components:
|     1: 'proc_epmum_i1':   e-, e+ => b, bbar, e+, nue, mu-, numubar [omega]
| ------------------------------------------------------------------------
| Phase space: 890 channels, 14 dimensions
| Phase space: found 890 channels, collected in 239 groves.
| Phase space: Using 1060 equivalences between channels.
| Phase space: wood
| Beam structure: isr, none => none, isr
| Beam structure: 2 channels, 2 dimensions
Warning: No cuts have been defined.
| ------------------------------------------------------------------------
| Process [scattering]: 'proc_epmum'
|   Library name  = 'default_lib'
|   Process index = 1
|   Process components:
|     1: 'proc_epmum_i1':   e-, e+ => b, bbar, e+, nue, mu-, numubar [omega]
| ------------------------------------------------------------------------
| Phase space: 890 channels, 14 dimensions
| Phase space: found 890 channels, collected in 239 groves.
| Phase space: Using 1060 equivalences between channels.
| Phase space: wood
| Beam structure: isr, none => none, isr
| Beam structure: 2 channels, 2 dimensions
Warning: No cuts have been defined.
| ------------------------------------------------------------------------
| Process [scattering]: 'proc_epmum'
|   Library name  = 'default_lib'
|   Process index = 1
|   Process components:
|     1: 'proc_epmum_i1':   e-, e+ => b, bbar, e+, nue, mu-, numubar [omega]
| ------------------------------------------------------------------------
| Phase space: 890 channels, 14 dimensions
| Phase space: found 890 channels, collected in 239 groves.
| Phase space: Using 1060 equivalences between channels.
| Phase space: wood
| Beam structure: isr, none => none, isr
| Beam structure: 2 channels, 2 dimensions
Warning: No cuts have been defined.
| ------------------------------------------------------------------------
| Process [scattering]: 'proc_epmum'
|   Library name  = 'default_lib'
|   Process index = 1
|   Process components:
|     1: 'proc_epmum_i1':   e-, e+ => b, bbar, e+, nue, mu-, numubar [omega]
| ------------------------------------------------------------------------
| Phase space: 890 channels, 14 dimensions
| Phase space: found 890 channels, collected in 239 groves.
| Phase space: Using 1060 equivalences between channels.
| Phase space: wood
| Beam structure: isr, none => none, isr
| Beam structure: 2 channels, 2 dimensions
Warning: No cuts have been defined.
| ------------------------------------------------------------------------
| Process [scattering]: 'proc_epmum'
|   Library name  = 'default_lib'
|   Process index = 1
|   Process components:
|     1: 'proc_epmum_i1':   e-, e+ => b, bbar, e+, nue, mu-, numubar [omega]
| ------------------------------------------------------------------------
| Phase space: 890 channels, 14 dimensions
| Phase space: found 890 channels, collected in 239 groves.
| Phase space: Using 1060 equivalences between channels.
| Phase space: wood
| Beam structure: isr, none => none, isr
| Beam structure: 2 channels, 2 dimensions
Warning: No cuts have been defined.
| ------------------------------------------------------------------------
| Process [scattering]: 'proc_epmum'
|   Library name  = 'default_lib'
|   Process index = 1
|   Process components:
|     1: 'proc_epmum_i1':   e-, e+ => b, bbar, e+, nue, mu-, numubar [omega]
| ------------------------------------------------------------------------
| Phase space: 890 channels, 14 dimensions
| Phase space: found 890 channels, collected in 239 groves.
| Phase space: Using 1060 equivalences between channels.
| Phase space: wood
| Beam structure: isr, none => none, isr
| Beam structure: 2 channels, 2 dimensions
Warning: No cuts have been defined.
| ------------------------------------------------------------------------
| Process [scattering]: 'proc_epmum'
|   Library name  = 'default_lib'
|   Process index = 1
|   Process components:
|     1: 'proc_epmum_i1':   e-, e+ => b, bbar, e+, nue, mu-, numubar [omega]
| ------------------------------------------------------------------------
| Phase space: 890 channels, 14 dimensions
| Phase space: found 890 channels, collected in 239 groves.
| Phase space: Using 1060 equivalences between channels.
| Phase space: wood
| Beam structure: isr, none => none, isr
| Beam structure: 2 channels, 2 dimensions
Warning: No cuts have been defined.
| ------------------------------------------------------------------------
| Process [scattering]: 'proc_epmum'
|   Library name  = 'default_lib'
|   Process index = 1
|   Process components:
|     1: 'proc_epmum_i1':   e-, e+ => b, bbar, e+, nue, mu-, numubar [omega]
| ------------------------------------------------------------------------
| Phase space: 890 channels, 14 dimensions
| Phase space: found 890 channels, collected in 239 groves.
| Phase space: Using 1060 equivalences between channels.
| Phase space: wood
| Beam structure: isr, none => none, isr
| Beam structure: 2 channels, 2 dimensions
Warning: No cuts have been defined.
| ------------------------------------------------------------------------
| Process [scattering]: 'proc_epmum'
|   Library name  = 'default_lib'
|   Process index = 1
|   Process components:
|     1: 'proc_epmum_i1':   e-, e+ => b, bbar, e+, nue, mu-, numubar [omega]
| ------------------------------------------------------------------------
| Phase space: 890 channels, 14 dimensions
| Phase space: found 890 channels, collected in 239 groves.
| Phase space: Using 1060 equivalences between channels.
| Phase space: wood
| Beam structure: isr, none => none, isr
| Beam structure: 2 channels, 2 dimensions
Warning: No cuts have been defined.
| MPI: Using 16 processes.
| MPI: slave worker #15
| MPI: Using 16 processes.
| MPI: slave worker #3
| MPI: Using 16 processes.
| MPI: slave worker #9
| MPI: Using 16 processes.
| MPI: slave worker #2
| MPI: Using 16 processes.
| MPI: slave worker #14
| MPI: Using 16 processes.
| MPI: slave worker #12
| MPI: Using 16 processes.
| MPI: slave worker #4
| MPI: Using 16 processes.
| MPI: slave worker #1
| MPI: Using 16 processes.
| MPI: slave worker #13
| MPI: Using 16 processes.
| MPI: slave worker #11
| MPI: Using 16 processes.
| MPI: slave worker #6
| MPI: Using 16 processes.
| MPI: slave worker #7
| MPI: Using 16 processes.
| MPI: slave worker #5
| MPI: Using 16 processes.
| MPI: slave worker #10
| MPI: Using 16 processes.
| MPI: slave worker #8
| MPI: Using 16 processes.
| MPI: master worker
| OpenMP: Using 1 thread
| Starting integration for process 'proc_epmum'
| Integrate: iterations = 2:100000:"gw", 2:200000:""
| Integrator: 239 chains, 890 channels, 16 dimensions
| Integrator: Using VAMP2 channel equivalences
| Integrator: Write grid header and grids to 'proc_epmum.m1.vg2'
| Integrator: Grid checkpoint after each iteration
| Integrator: 100000 initial calls, 20 max. bins, stratified = T
| Integrator: VAMP2
|=============================================================================|
| It      Calls  Integral[fb]  Error[fb]   Err[%]    Acc  Eff[%]   Chi2 N[It] |
|=============================================================================|
| OpenMP: Using 1 thread
| VAMP2: Initialize new grids and write to file 'proc_epmum.m1.vg2'.
| OpenMP: Using 1 thread
| Starting integration for process 'proc_epmum'
| Integrate: iterations = 2:100000:"gw", 2:200000:""
| Starting integration for process 'proc_epmum'
| Integrator: 239 chains, 890 channels, 16 dimensions
| Integrator: Using VAMP2 channel equivalences
| Integrator: Write grid header and grids to 'proc_epmum.m1.vg2'
| OpenMP: Using 1 thread
| Starting integration for process 'proc_epmum'
| Integrator: Grid checkpoint after each iteration
| Integrator: 100000 initial calls, 20 max. bins, stratified = T
| Integrator: VAMP2
|=============================================================================|
| It      Calls  Integral[fb]  Error[fb]   Err[%]    Acc  Eff[%]   Chi2 N[It] |
|=============================================================================|
| Integrate: iterations = 2:100000:"gw", 2:200000:""
| Integrator: 239 chains, 890 channels, 16 dimensions
| Integrator: Using VAMP2 channel equivalences
| Integrator: Write grid header and grids to 'proc_epmum.m1.vg2'
| Integrator: Grid checkpoint after each iteration
| Integrator: 100000 initial calls, 20 max. bins, stratified = T
| VAMP2: Initialize new grids and write to file 'proc_epmum.m1.vg2'.
| Integrator: VAMP2
|=============================================================================|
| It      Calls  Integral[fb]  Error[fb]   Err[%]    Acc  Eff[%]   Chi2 N[It] |
|=============================================================================|
| Integrate: iterations = 2:100000:"gw", 2:200000:""
| Integrator: 239 chains, 890 channels, 16 dimensions
| Integrator: Using VAMP2 channel equivalences
| Integrator: Write grid header and grids to 'proc_epmum.m1.vg2'
| Integrator: Grid checkpoint after each iteration
| Integrator: 100000 initial calls, 20 max. bins, stratified = T
| Integrator: VAMP2
|=============================================================================|
| VAMP2: Initialize new grids and write to file 'proc_epmum.m1.vg2'.
| It      Calls  Integral[fb]  Error[fb]   Err[%]    Acc  Eff[%]   Chi2 N[It] |
|=============================================================================|
| VAMP2: Initialize new grids and write to file 'proc_epmum.m1.vg2'.
| OpenMP: Using 1 thread
| Starting integration for process 'proc_epmum'
| Integrate: iterations = 2:100000:"gw", 2:200000:""
| Integrator: 239 chains, 890 channels, 16 dimensions
| Integrator: Using VAMP2 channel equivalences
| Integrator: Write grid header and grids to 'proc_epmum.m1.vg2'
| Integrator: Grid checkpoint after each iteration
| Integrator: 100000 initial calls, 20 max. bins, stratified = T
| Integrator: VAMP2
|=============================================================================|
| It      Calls  Integral[fb]  Error[fb]   Err[%]    Acc  Eff[%]   Chi2 N[It] |
|=============================================================================|
| VAMP2: Initialize new grids and write to file 'proc_epmum.m1.vg2'.
| OpenMP: Using 1 thread
| Starting integration for process 'proc_epmum'
| Integrate: iterations = 2:100000:"gw", 2:200000:""
| Integrator: 239 chains, 890 channels, 16 dimensions
| Integrator: Using VAMP2 channel equivalences
| Integrator: Write grid header and grids to 'proc_epmum.m1.vg2'
| Integrator: Grid checkpoint after each iteration
| Integrator: 100000 initial calls, 20 max. bins, stratified = T
| Integrator: VAMP2
|=============================================================================|
| It      Calls  Integral[fb]  Error[fb]   Err[%]    Acc  Eff[%]   Chi2 N[It] |
|=============================================================================|
| VAMP2: Initialize new grids and write to file 'proc_epmum.m1.vg2'.
| OpenMP: Using 1 thread
| Starting integration for process 'proc_epmum'
| Integrate: iterations = 2:100000:"gw", 2:200000:""
| Integrator: 239 chains, 890 channels, 16 dimensions
| Integrator: Using VAMP2 channel equivalences
| OpenMP: Using 1 thread
| Integrator: Write grid header and grids to 'proc_epmum.m1.vg2'
| Integrator: Grid checkpoint after each iteration
| Integrator: 100000 initial calls, 20 max. bins, stratified = T
| Integrator: VAMP2
|=============================================================================|
| It      Calls  Integral[fb]  Error[fb]   Err[%]    Acc  Eff[%]   Chi2 N[It] |
|=============================================================================|
| Starting integration for process 'proc_epmum'
| VAMP2: Initialize new grids and write to file 'proc_epmum.m1.vg2'.
| Integrate: iterations = 2:100000:"gw", 2:200000:""
| Integrator: 239 chains, 890 channels, 16 dimensions
| Integrator: Using VAMP2 channel equivalences
| Integrator: Write grid header and grids to 'proc_epmum.m1.vg2'
| Integrator: Grid checkpoint after each iteration
| Integrator: 100000 initial calls, 20 max. bins, stratified = T
| Integrator: VAMP2
|=============================================================================|
| It      Calls  Integral[fb]  Error[fb]   Err[%]    Acc  Eff[%]   Chi2 N[It] |
|=============================================================================|
| VAMP2: Initialize new grids and write to file 'proc_epmum.m1.vg2'.
| OpenMP: Using 1 thread
| VAMP2: set chain: use chained weights.
| Starting integration for process 'proc_epmum'
| VAMP2: set chain: use chained weights.
| Integrate: iterations = 2:100000:"gw", 2:200000:""
| Integrator: 239 chains, 890 channels, 16 dimensions
| Integrator: Using VAMP2 channel equivalences
| Integrator: Write grid header and grids to 'proc_epmum.m1.vg2'
| Integrator: Grid checkpoint after each iteration
| Integrator: 100000 initial calls, 20 max. bins, stratified = T
| Integrator: VAMP2
|=============================================================================|
| It      Calls  Integral[fb]  Error[fb]   Err[%]    Acc  Eff[%]   Chi2 N[It] |
|=============================================================================|
| VAMP2: Initialize new grids and write to file 'proc_epmum.m1.vg2'.
| OpenMP: Using 1 thread
| Starting integration for process 'proc_epmum'
| Integrate: iterations = 2:100000:"gw", 2:200000:""
| VAMP2: set chain: use chained weights.
| VAMP2: set chain: use chained weights.
| OpenMP: Using 1 thread
| OpenMP: Using 1 thread
| Starting integration for process 'proc_epmum'
| Integrate: iterations = 2:100000:"gw", 2:200000:""
| Integrator: 239 chains, 890 channels, 16 dimensions
| Integrator: Using VAMP2 channel equivalences
| Integrator: Write grid header and grids to 'proc_epmum.m1.vg2'
| Integrator: Grid checkpoint after each iteration
| Integrator: 100000 initial calls, 20 max. bins, stratified = T
| Integrator: VAMP2
|=============================================================================|
| It      Calls  Integral[fb]  Error[fb]   Err[%]    Acc  Eff[%]   Chi2 N[It] |
|=============================================================================|
| Starting integration for process 'proc_epmum'
| VAMP2: Initialize new grids and write to file 'proc_epmum.m1.vg2'.
| OpenMP: Using 1 thread
| Integrator: 239 chains, 890 channels, 16 dimensions
| Integrator: Using VAMP2 channel equivalences
| OpenMP: Using 1 thread
| Starting integration for process 'proc_epmum'
| Integrate: iterations = 2:100000:"gw", 2:200000:""
| Integrator: 239 chains, 890 channels, 16 dimensions
| Starting integration for process 'proc_epmum'
| Integrator: Write grid header and grids to 'proc_epmum.m1.vg2'
| Integrate: iterations = 2:100000:"gw", 2:200000:""
| Integrator: Using VAMP2 channel equivalences
| Integrator: Grid checkpoint after each iteration
| VAMP2: set chain: use chained weights.
| Integrator: Write grid header and grids to 'proc_epmum.m1.vg2'
| Integrator: Grid checkpoint after each iteration
| Integrator: 100000 initial calls, 20 max. bins, stratified = T
| Integrator: VAMP2
|=============================================================================|
| Integrate: iterations = 2:100000:"gw", 2:200000:""
| Integrator: 239 chains, 890 channels, 16 dimensions
| Integrator: Using VAMP2 channel equivalences
| Integrator: 100000 initial calls, 20 max. bins, stratified = T
| Integrator: VAMP2
| Integrator: Write grid header and grids to 'proc_epmum.m1.vg2'
| Integrator: Grid checkpoint after each iteration
| It      Calls  Integral[fb]  Error[fb]   Err[%]    Acc  Eff[%]   Chi2 N[It] |
|=============================================================================|
| Integrator: 239 chains, 890 channels, 16 dimensions
|=============================================================================|
| It      Calls  Integral[fb]  Error[fb]   Err[%]    Acc  Eff[%]   Chi2 N[It] |
|=============================================================================|
| Integrator: 100000 initial calls, 20 max. bins, stratified = T
| Integrator: VAMP2
| Integrator: Using VAMP2 channel equivalences
|=============================================================================|
| It      Calls  Integral[fb]  Error[fb]   Err[%]    Acc  Eff[%]   Chi2 N[It] |
|=============================================================================|
| VAMP2: Initialize new grids and write to file 'proc_epmum.m1.vg2'.
| Integrator: Write grid header and grids to 'proc_epmum.m1.vg2'
| Integrator: Grid checkpoint after each iteration
| Integrator: 100000 initial calls, 20 max. bins, stratified = T
| Integrator: VAMP2
|=============================================================================|
| It      Calls  Integral[fb]  Error[fb]   Err[%]    Acc  Eff[%]   Chi2 N[It] |
|=============================================================================|
| VAMP2: Initialize new grids and write to file 'proc_epmum.m1.vg2'.
| VAMP2: Initialize new grids and write to file 'proc_epmum.m1.vg2'.
| VAMP2: Initialize new grids and write to file 'proc_epmum.m1.vg2'.
| OpenMP: Using 1 thread
| Starting integration for process 'proc_epmum'
| Integrate: iterations = 2:100000:"gw", 2:200000:""
| Integrator: 239 chains, 890 channels, 16 dimensions
| Integrator: Using VAMP2 channel equivalences
| Integrator: Write grid header and grids to 'proc_epmum.m1.vg2'
| Integrator: Grid checkpoint after each iteration
| Integrator: 100000 initial calls, 20 max. bins, stratified = T
| Integrator: VAMP2
|=============================================================================|
| It      Calls  Integral[fb]  Error[fb]   Err[%]    Acc  Eff[%]   Chi2 N[It] |
|=============================================================================|
| VAMP2: Initialize new grids and write to file 'proc_epmum.m1.vg2'.
| VAMP2: set chain: use chained weights.
| VAMP2: set chain: use chained weights.
| VAMP2: set chain: use chained weights.
| VAMP2: set chain: use chained weights.
| VAMP2: set chain: use chained weights.
| VAMP2: set chain: use chained weights.
| VAMP2: set chain: use chained weights.
| VAMP2: set chain: use chained weights.
| VAMP2: set chain: use chained weights.
| VAMP2: set chain: use chained weights.
| OpenMP: Using 1 thread
| Starting integration for process 'proc_epmum'
| Integrate: iterations = 2:100000:"gw", 2:200000:""
| Integrator: 239 chains, 890 channels, 16 dimensions
| Integrator: Using VAMP2 channel equivalences
| Integrator: Write grid header and grids to 'proc_epmum.m1.vg2'
| Integrator: Grid checkpoint after each iteration
| Integrator: 100000 initial calls, 20 max. bins, stratified = T
| Integrator: VAMP2
|=============================================================================|
| It      Calls  Integral[fb]  Error[fb]   Err[%]    Acc  Eff[%]   Chi2 N[It] |
|=============================================================================|
| VAMP2: Initialize new grids and write to file 'proc_epmum.m1.vg2'.
| VAMP2: set chain: use chained weights.
| VAMP2: Simple Request Balancing.
| VAMP2: Simple Request Balancing.
| VAMP2: Simple Request Balancing.
| VAMP2: Simple Request Balancing.
| VAMP2: Simple Request Balancing.
| VAMP2: Simple Request Balancing.
| VAMP2: Simple Request Balancing.
| VAMP2: Simple Request Balancing.
| VAMP2: Simple Request Balancing.
| VAMP2: Simple Request Balancing.
| VAMP2: Simple Request Balancing.
| VAMP2: Simple Request Balancing.
| VAMP2: Simple Request Balancing.
| VAMP2: Simple Request Balancing.
| VAMP2: Simple Request Balancing.
| VAMP2: Simple Request Balancing.
   1      99992  1.0301680E+01  1.25E+00   12.17   38.50*   3.52
   1      99992  1.0301680E+01  1.25E+00   12.17   38.50*   3.52
   1      99992  1.0301680E+01  1.25E+00   12.17   38.50*   3.52
   1      99992  1.0301680E+01  1.25E+00   12.17   38.50*   3.52
   1      99992  1.0301680E+01  1.25E+00   12.17   38.50*   3.52
   1      99992  1.0301680E+01  1.25E+00   12.17   38.50*   3.52
   1      99992  1.0301680E+01  1.25E+00   12.17   38.50*   3.52
   1      99992  1.0301680E+01  1.25E+00   12.17   38.50*   3.52
   1      99992  1.0301680E+01  1.25E+00   12.17   38.50*   3.52
   1      99992  1.0301680E+01  1.25E+00   12.17   38.50*   3.52
   1      99992  1.0301680E+01  1.25E+00   12.17   38.50*   3.52
   1      99992  1.0301680E+01  1.25E+00   12.17   38.50*   3.52
   1      99992  1.0301680E+01  1.25E+00   12.17   38.50*   3.52
   1      99992  1.0301680E+01  1.25E+00   12.17   38.50*   3.52
   1      99992  1.0301680E+01  1.25E+00   12.17   38.50*   3.52
   1      99992  1.0301680E+01  1.25E+00   12.17   38.50*   3.52
   2     100019  1.2503595E+01  3.20E-01    2.56    8.08*   1.48
   2     100019  1.2503595E+01  3.20E-01    2.56    8.08*   1.48
   2     100019  1.2503595E+01  3.20E-01    2.56    8.08*   1.48
   2     100019  1.2503595E+01  3.20E-01    2.56    8.08*   1.48
   2     100019  1.2503595E+01  3.20E-01    2.56    8.08*   1.48
   2     100019  1.2503595E+01  3.20E-01    2.56    8.08*   1.48
   2     100019  1.2503595E+01  3.20E-01    2.56    8.08*   1.48
   2     100019  1.2503595E+01  3.20E-01    2.56    8.08*   1.48
   2     100019  1.2503595E+01  3.20E-01    2.56    8.08*   1.48
   2     100019  1.2503595E+01  3.20E-01    2.56    8.08*   1.48
   2     100019  1.2503595E+01  3.20E-01    2.56    8.08*   1.48
   2     100019  1.2503595E+01  3.20E-01    2.56    8.08*   1.48
   2     100019  1.2503595E+01  3.20E-01    2.56    8.08*   1.48
   2     100019  1.2503595E+01  3.20E-01    2.56    8.08*   1.48
   2     100019  1.2503595E+01  3.20E-01    2.56    8.08*   1.48
   2     100019  1.2503595E+01  3.20E-01    2.56    8.08*   1.48
|-----------------------------------------------------------------------------|
   2     200011  1.2369378E+01  3.10E-01    2.50   11.20    1.48    2.89   2
|-----------------------------------------------------------------------------|
|-----------------------------------------------------------------------------|
   2     200011  1.2369378E+01  3.10E-01    2.50   11.20    1.48    2.89   2
|-----------------------------------------------------------------------------|
|-----------------------------------------------------------------------------|
   2     200011  1.2369378E+01  3.10E-01    2.50   11.20    1.48    2.89   2
|-----------------------------------------------------------------------------|
|-----------------------------------------------------------------------------|
   2     200011  1.2369378E+01  3.10E-01    2.50   11.20    1.48    2.89   2
|-----------------------------------------------------------------------------|
|-----------------------------------------------------------------------------|
   2     200011  1.2369378E+01  3.10E-01    2.50   11.20    1.48    2.89   2
|-----------------------------------------------------------------------------|
|-----------------------------------------------------------------------------|
   2     200011  1.2369378E+01  3.10E-01    2.50   11.20    1.48    2.89   2
|-----------------------------------------------------------------------------|
|-----------------------------------------------------------------------------|
   2     200011  1.2369378E+01  3.10E-01    2.50   11.20    1.48    2.89   2
|-----------------------------------------------------------------------------|
|-----------------------------------------------------------------------------|
   2     200011  1.2369378E+01  3.10E-01    2.50   11.20    1.48    2.89   2
|-----------------------------------------------------------------------------|
|-----------------------------------------------------------------------------|
   2     200011  1.2369378E+01  3.10E-01    2.50   11.20    1.48    2.89   2
|-----------------------------------------------------------------------------|
|-----------------------------------------------------------------------------|
   2     200011  1.2369378E+01  3.10E-01    2.50   11.20    1.48    2.89   2
|-----------------------------------------------------------------------------|
|-----------------------------------------------------------------------------|
   2     200011  1.2369378E+01  3.10E-01    2.50   11.20    1.48    2.89   2
|-----------------------------------------------------------------------------|
|-----------------------------------------------------------------------------|
   2     200011  1.2369378E+01  3.10E-01    2.50   11.20    1.48    2.89   2
|-----------------------------------------------------------------------------|
|-----------------------------------------------------------------------------|
   2     200011  1.2369378E+01  3.10E-01    2.50   11.20    1.48    2.89   2
|-----------------------------------------------------------------------------|
|-----------------------------------------------------------------------------|
   2     200011  1.2369378E+01  3.10E-01    2.50   11.20    1.48    2.89   2
|-----------------------------------------------------------------------------|
|-----------------------------------------------------------------------------|
   2     200011  1.2369378E+01  3.10E-01    2.50   11.20    1.48    2.89   2
|-----------------------------------------------------------------------------|
|-----------------------------------------------------------------------------|
   2     200011  1.2369378E+01  3.10E-01    2.50   11.20    1.48    2.89   2
|-----------------------------------------------------------------------------|
| VAMP2: Simple Request Balancing.
| VAMP2: Simple Request Balancing.
| VAMP2: Simple Request Balancing.
| VAMP2: Simple Request Balancing.
| VAMP2: Simple Request Balancing.
| VAMP2: Simple Request Balancing.
| VAMP2: Simple Request Balancing.
| VAMP2: Simple Request Balancing.
| VAMP2: Simple Request Balancing.
| VAMP2: Simple Request Balancing.
| VAMP2: Simple Request Balancing.
| VAMP2: Simple Request Balancing.
| VAMP2: Simple Request Balancing.
| VAMP2: Simple Request Balancing.
| VAMP2: Simple Request Balancing.
| VAMP2: Simple Request Balancing.
   3     199992  1.2778774E+01  4.58E-01    3.59   16.04    2.14
   3     199992  1.2778774E+01  4.58E-01    3.59   16.04    2.14
   3     199992  1.2778774E+01  4.58E-01    3.59   16.04    2.14
   3     199992  1.2778774E+01  4.58E-01    3.59   16.04    2.14
   3     199992  1.2778774E+01  4.58E-01    3.59   16.04    2.14
   3     199992  1.2778774E+01  4.58E-01    3.59   16.04    2.14
   3     199992  1.2778774E+01  4.58E-01    3.59   16.04    2.14
   3     199992  1.2778774E+01  4.58E-01    3.59   16.04    2.14
   3     199992  1.2778774E+01  4.58E-01    3.59   16.04    2.14
   3     199992  1.2778774E+01  4.58E-01    3.59   16.04    2.14
   3     199992  1.2778774E+01  4.58E-01    3.59   16.04    2.14
   3     199992  1.2778774E+01  4.58E-01    3.59   16.04    2.14
   3     199992  1.2778774E+01  4.58E-01    3.59   16.04    2.14
   3     199992  1.2778774E+01  4.58E-01    3.59   16.04    2.14
   3     199992  1.2778774E+01  4.58E-01    3.59   16.04    2.14
   3     199992  1.2778774E+01  4.58E-01    3.59   16.04    2.14
   4     199992  1.2444221E+01  1.80E-01    1.45    6.48*   1.86
   4     199992  1.2444221E+01  1.80E-01    1.45    6.48*   1.86
   4     199992  1.2444221E+01  1.80E-01    1.45    6.48*   1.86
   4     199992  1.2444221E+01  1.80E-01    1.45    6.48*   1.86
   4     199992  1.2444221E+01  1.80E-01    1.45    6.48*   1.86
   4     199992  1.2444221E+01  1.80E-01    1.45    6.48*   1.86
   4     199992  1.2444221E+01  1.80E-01    1.45    6.48*   1.86
   4     199992  1.2444221E+01  1.80E-01    1.45    6.48*   1.86
   4     199992  1.2444221E+01  1.80E-01    1.45    6.48*   1.86
   4     199992  1.2444221E+01  1.80E-01    1.45    6.48*   1.86
   4     199992  1.2444221E+01  1.80E-01    1.45    6.48*   1.86
   4     199992  1.2444221E+01  1.80E-01    1.45    6.48*   1.86
   4     199992  1.2444221E+01  1.80E-01    1.45    6.48*   1.86
   4     199992  1.2444221E+01  1.80E-01    1.45    6.48*   1.86
   4     199992  1.2444221E+01  1.80E-01    1.45    6.48*   1.86
   4     199992  1.2444221E+01  1.80E-01    1.45    6.48*   1.86
|-----------------------------------------------------------------------------|
   4     399984  1.2489024E+01  1.68E-01    1.34    8.49    1.86    0.46   2
|=============================================================================|
| Time estimate for generating 10000 events: 0d:00h:04m:03s
|-----------------------------------------------------------------------------|
   4     399984  1.2489024E+01  1.68E-01    1.34    8.49    1.86    0.46   2
|=============================================================================|
| Time estimate for generating 10000 events: 0d:00h:04m:03s
| End of included 'common/integration.inc'
| End of included 'common/integration.inc'
|-----------------------------------------------------------------------------|
   4     399984  1.2489024E+01  1.68E-01    1.34    8.49    1.86    0.46   2
|=============================================================================|
| Time estimate for generating 10000 events: 0d:00h:04m:03s
| End of included 'common/integration.inc'
|-----------------------------------------------------------------------------|
   4     399984  1.2489024E+01  1.68E-01    1.34    8.49    1.86    0.46   2
|=============================================================================|
| Time estimate for generating 10000 events: 0d:00h:04m:03s
|-----------------------------------------------------------------------------|
|-----------------------------------------------------------------------------|
   4     399984  1.2489024E+01  1.68E-01    1.34    8.49    1.86    0.46   2
   4     399984  1.2489024E+01  1.68E-01    1.34    8.49    1.86    0.46   2
|=============================================================================|
|=============================================================================|
| Time estimate for generating 10000 events: 0d:00h:04m:03s
| Time estimate for generating 10000 events: 0d:00h:04m:03s
|-----------------------------------------------------------------------------|
   4     399984  1.2489024E+01  1.68E-01    1.34    8.49    1.86    0.46   2
|=============================================================================|
| Time estimate for generating 10000 events: 0d:00h:04m:03s
|-----------------------------------------------------------------------------|
   4     399984  1.2489024E+01  1.68E-01    1.34    8.49    1.86    0.46   2
|=============================================================================|
| Time estimate for generating 10000 events: 0d:00h:04m:03s
|-----------------------------------------------------------------------------|
   4     399984  1.2489024E+01  1.68E-01    1.34    8.49    1.86    0.46   2
|-----------------------------------------------------------------------------|
|=============================================================================|
   4     399984  1.2489024E+01  1.68E-01    1.34    8.49    1.86    0.46   2
|=============================================================================|
| Time estimate for generating 10000 events: 0d:00h:04m:03s
| Time estimate for generating 10000 events: 0d:00h:04m:03s
|-----------------------------------------------------------------------------|
   4     399984  1.2489024E+01  1.68E-01    1.34    8.49    1.86    0.46   2
|=============================================================================|
| Time estimate for generating 10000 events: 0d:00h:04m:03s
|-----------------------------------------------------------------------------|
   4     399984  1.2489024E+01  1.68E-01    1.34    8.49    1.86    0.46   2
|=============================================================================|
| Time estimate for generating 10000 events: 0d:00h:04m:03s
|-----------------------------------------------------------------------------|
   4     399984  1.2489024E+01  1.68E-01    1.34    8.49    1.86    0.46   2
|=============================================================================|
| Time estimate for generating 10000 events: 0d:00h:04m:03s
|-----------------------------------------------------------------------------|
   4     399984  1.2489024E+01  1.68E-01    1.34    8.49    1.86    0.46   2
|=============================================================================|
| Time estimate for generating 10000 events: 0d:00h:04m:03s
|-----------------------------------------------------------------------------|
   4     399984  1.2489024E+01  1.68E-01    1.34    8.49    1.86    0.46   2
|=============================================================================|
| Time estimate for generating 10000 events: 0d:00h:04m:03s
| End of included 'common/integration.inc'
| End of included 'common/integration.inc'
| End of included 'common/integration.inc'
| End of included 'common/integration.inc'
| End of included 'common/integration.inc'
| End of included 'common/integration.inc'
| End of included 'common/integration.inc'
| End of included 'common/integration.inc'
| End of included 'common/integration.inc'
| End of included 'common/integration.inc'
| End of included 'common/integration.inc'
| End of included 'common/integration.inc'
|-----------------------------------------------------------------------------|
   4     399984  1.2489024E+01  1.68E-01    1.34    8.49    1.86    0.46   2
|=============================================================================|
| Time estimate for generating 10000 events: 0d:00h:04m:03s
| End of included 'common/integration.inc'
| There were no errors and    1 warning(s).
| There were no errors and    1 warning(s).
| There were no errors and    1 warning(s).
| WHIZARD run finished.
|=============================================================================|
| WHIZARD run finished.
|=============================================================================|
| There were no errors and    1 warning(s).
| WHIZARD run finished.
|=============================================================================|
| There were no errors and    1 warning(s).
| WHIZARD run finished.
|=============================================================================|
| There were no errors and    1 warning(s).
| WHIZARD run finished.
| There were no errors and    1 warning(s).
| WHIZARD run finished.
|=============================================================================|
| There were no errors and    1 warning(s).
| WHIZARD run finished.
| WHIZARD run finished.
|=============================================================================|
|=============================================================================|
| There were no errors and    1 warning(s).
| WHIZARD run finished.
|=============================================================================|
|=============================================================================|
| There were no errors and    1 warning(s).
| There were no errors and    1 warning(s).
| WHIZARD run finished.
| WHIZARD run finished.
|=============================================================================|
|=============================================================================|
| There were no errors and    1 warning(s).
| WHIZARD run finished.
|=============================================================================|
| There were no errors and    1 warning(s).
| There were no errors and    1 warning(s).
| WHIZARD run finished.
| WHIZARD run finished.
|=============================================================================|
|=============================================================================|
| There were no errors and    1 warning(s).
| WHIZARD run finished.
|=============================================================================|
| There were no errors and    2 warning(s).
| WHIZARD run finished.
|=============================================================================|

NP=16
WALL_SECONDS=236.32
USER_SECONDS=3690.53
SYS_SECONDS=14.46
MAX_RSS_KB=181688
EXIT_CODE=0
   4     399984  1.2489024E+01  1.68E-01    1.34    8.49    1.86    0.46   2

================================================================
FULL6F MPI SCALING SWEEP COMPLETE
================================================================
EOS_RUN=/eos/user/c/cglenn/FCCWork/whizard/whizard_ttbar_spinpol/mpi_qualification/full6f_365gev_scaling_v1/full6f365_LR100_epmum_vamp2_scaling_20260811T174837Z
STATUS=PASS
RANKS=1,2,4,8,16
END_UTC=2026-08-11T18:38:34Z
