08/17/26 01:15:06 ******************************************************
08/17/26 01:15:06 ** condor_scheduniv_exec.6053131.0 (CONDOR_DAGMAN) STARTING UP
08/17/26 01:15:06 ** /usr/bin/condor_dagman
08/17/26 01:15:06 ** SubsystemInfo: name=DAGMAN type=DAGMAN(9) class=CLIENT(2)
08/17/26 01:15:06 ** Configuration: subsystem:DAGMAN local:<NONE> class:CLIENT
08/17/26 01:15:06 ** $CondorVersion: 24.12.22 2026-07-07 BuildID: 930046 PackageID: 24.12.22-1 $
08/17/26 01:15:06 ** $CondorPlatform: x86_64_AlmaLinux9 $
08/17/26 01:15:06 ** PID = 554851 RealUID = 177189
08/17/26 01:15:06 ** Log last touched time unavailable (No such file or directory)
08/17/26 01:15:06 ******************************************************
08/17/26 01:15:06 Using config source: /etc/condor/condor_config
08/17/26 01:15:06 Using local config sources: 
08/17/26 01:15:06    /etc/condor/config.d/00-security
08/17/26 01:15:06    /etc/condor/config.d/10-stash-plugin.conf
08/17/26 01:15:06    /etc/condor/config.d/10_security.config
08/17/26 01:15:06    /etc/condor/config.d/12_resourcelimits.config
08/17/26 01:15:06    /etc/condor/config.d/14_network.config
08/17/26 01:15:06    /etc/condor/config.d/21_schedd.config
08/17/26 01:15:06    /etc/condor/config.d/21_submit_requirements.config
08/17/26 01:15:06    /etc/condor/config.d/31_krbrenewal.config
08/17/26 01:15:06    /etc/condor/config.d/41_job_transform.config
08/17/26 01:15:06    /etc/condor/config.d/80_banning_rules.config
08/17/26 01:15:06    /etc/condor/condor_config.local
08/17/26 01:15:06 config Macros = 276, Sorted = 276, StringBytes = 33498, TablesBytes = 10064
08/17/26 01:15:06 CLASSAD_CACHING is ENABLED
08/17/26 01:15:06 Daemon Log is logging: D_ALWAYS D_ERROR D_STATUS
08/17/26 01:15:06 Daemoncore: Listening at <0.0.0.0:10049> on TCP (ReliSock) and UDP (SafeSock).
08/17/26 01:15:06 Daemoncore: Listening at <[::]:10049> on TCP (ReliSock) and UDP (SafeSock).
08/17/26 01:15:06 DaemonCore: command socket at <188.185.133.2:10049?addrs=188.185.133.2-10049+[2001-1458-d03-2--100-208]-10049&alias=bigbird102.cern.ch>
08/17/26 01:15:06 DaemonCore: private command socket at <188.185.133.2:10049?addrs=188.185.133.2-10049+[2001-1458-d03-2--100-208]-10049&alias=bigbird102.cern.ch>
08/17/26 01:15:06 DAGMAN_USE_STRICT setting: 1
08/17/26 01:15:06 DAGMAN_VERBOSITY setting: 3
08/17/26 01:15:06 DAGMAN_DEBUG_CACHE_SIZE setting: 5242880
08/17/26 01:15:06 DAGMAN_DEBUG_CACHE_ENABLE setting: False
08/17/26 01:15:06 DAGMAN_SUBMIT_DELAY setting: 0
08/17/26 01:15:06 DAGMAN_MAX_SUBMIT_ATTEMPTS setting: 6
08/17/26 01:15:06 DAGMAN_STARTUP_CYCLE_DETECT setting: False
08/17/26 01:15:06 DAGMAN_USE_JOIN_NODES setting: True
08/17/26 01:15:06 DAGMAN_REPORT_GRAPH_METRICS setting: False
08/17/26 01:15:06 DAGMAN_MAX_SUBMITS_PER_INTERVAL setting: 100
08/17/26 01:15:06 DAGMAN_AGGRESSIVE_SUBMIT setting: False
08/17/26 01:15:06 DAGMAN_USER_LOG_SCAN_INTERVAL setting: 5
08/17/26 01:15:06 DAGMAN_QUEUE_UPDATE_INTERVAL setting: 300.000000
08/17/26 01:15:06 DAGMAN_DEFAULT_PRIORITY setting: 0
08/17/26 01:15:06 DAGMAN_SUPPRESS_NOTIFICATION setting: False
08/17/26 01:15:06 allow_events (DAGMAN_ALLOW_EVENTS) setting: 114
08/17/26 01:15:06 DAGMAN_RETRY_SUBMIT_FIRST setting: True
08/17/26 01:15:06 DAGMAN_RETRY_NODE_FIRST setting: False
08/17/26 01:15:06 DAGMAN_MAX_JOBS_IDLE setting: 1000
08/17/26 01:15:06 DAGMAN_MAX_JOBS_SUBMITTED setting: 0
08/17/26 01:15:06 DAGMAN_MAX_PRE_SCRIPTS setting: 20
08/17/26 01:15:06 DAGMAN_MAX_POST_SCRIPTS setting: 20
08/17/26 01:15:06 DAGMAN_MAX_HOLD_SCRIPTS setting: 20
08/17/26 01:15:06 DAGMAN_MUNGE_NODE_NAMES setting: True
08/17/26 01:15:06 DAGMAN_ALLOW_ANY_NODE_NAME_CHARACTERS setting: False
08/17/26 01:15:06 DAGMAN_PROHIBIT_MULTI_JOBS setting: False
08/17/26 01:15:06 DAGMAN_SUBMIT_DEPTH_FIRST setting: False
08/17/26 01:15:06 DAGMAN_ALWAYS_RUN_POST setting: False
08/17/26 01:15:06 DAGMAN_CONDOR_SUBMIT_EXE setting: /usr/bin/condor_submit
08/17/26 01:15:06 DAGMAN_CONDOR_RM_EXE setting: /usr/bin/condor_rm
08/17/26 01:15:06 DAGMAN_USE_DIRECT_SUBMIT setting: True
08/17/26 01:15:06 DAGMAN_PRODUCE_JOB_CREDENTIALS setting: True
08/17/26 01:15:06 DAGMAN_DEFAULT_APPEND_VARS setting: False
08/17/26 01:15:06 DAGMAN_INHERIT_ATTRS_PREFIX setting: 
08/17/26 01:15:06 DAGMAN_INHERIT_ATTRS setting: 
08/17/26 01:15:06 DAGMAN_ABORT_DUPLICATES setting: True
08/17/26 01:15:06 DAGMAN_ABORT_ON_SCARY_SUBMIT setting: True
08/17/26 01:15:06 DAGMAN_PENDING_REPORT_INTERVAL setting: 600
08/17/26 01:15:06 DAGMAN_CHECK_QUEUE_INTERVAL setting: 28800
08/17/26 01:15:06 DAGMAN_PRINT_JOB_TABLE_INTERVAL setting: 900
08/17/26 01:15:06 DAGMAN_AUTO_RESCUE setting: True
08/17/26 01:15:06 DAGMAN_MAX_RESCUE_NUM setting: 100
08/17/26 01:15:06 DAGMAN_WRITE_PARTIAL_RESCUE setting: True
08/17/26 01:15:06 DAGMAN_RESET_RETRIES_UPON_RESCUE setting: True
08/17/26 01:15:06 DAGMAN_METRICS_FILE_VERSION setting: 2
08/17/26 01:15:06 DAGMAN_DEFAULT_NODE_LOG setting: @(DAG_DIR)/@(DAG_FILE).nodes.log
08/17/26 01:15:06 DAGMAN_LOG_ON_NFS_IS_ERROR setting: False
08/17/26 01:15:06 DAGMAN_GENERATE_SUBDAG_SUBMITS setting: True
08/17/26 01:15:06 DAGMAN_MAX_JOB_HOLDS setting: 100
08/17/26 01:15:06 DAGMAN_NODE_JOB_FAILURE_TOLERANCE setting: 0
08/17/26 01:15:06 DAGMAN_HOLD_CLAIM_TIME setting: 20
08/17/26 01:15:06 DAGMAN_SUPPRESS_JOB_LOGS setting: False
08/17/26 01:15:06 DAGMAN_REMOVE_NODE_JOBS setting: True
08/17/26 01:15:06 DAGMAN_PUT_FAILED_JOBS_ON_HOLD setting: False
08/17/26 01:15:06 DAGMAN_REMOVE_JOBS_AFTER_LIMIT_CHANGE setting: False
08/17/26 01:15:06 DAGMAN will adjust edges after parsing
08/17/26 01:15:06 argv[0] == "condor_scheduniv_exec.6053131.0"
08/17/26 01:15:06 argv[1] == "-Lockfile"
08/17/26 01:15:06 argv[2] == "campaign.dag.lock"
08/17/26 01:15:06 argv[3] == "-Dag"
08/17/26 01:15:06 argv[4] == "campaign.dag"
08/17/26 01:15:06 argv[5] == "-CsdVersion"
08/17/26 01:15:06 argv[6] == "$CondorVersion: 24.12.16 2026-01-29 BuildID: 869053 PackageID: 24.12.16-1 GitSHA: d5741e8b $"
08/17/26 01:15:06 argv[7] == "-dagman"
08/17/26 01:15:06 argv[8] == "/usr/bin/condor_dagman"
08/17/26 01:15:06 argv[9] == "-AutoRescue"
08/17/26 01:15:06 argv[10] == "1"
08/17/26 01:15:06 argv[11] == "-DoRescueFrom"
08/17/26 01:15:06 argv[12] == "0"
08/17/26 01:15:06 argv[13] == "-force"
08/17/26 01:15:06 Workflow batch-id: <6053131.0>
08/17/26 01:15:06 Workflow batch-name: <campaign.dag+6053131>
08/17/26 01:15:06 Workflow accounting_group: <>
08/17/26 01:15:06 Workflow accounting_group_user: <>
08/17/26 01:15:06 Warning: failed to get attribute DAGNodeName
08/17/26 01:15:06 Default node log file is: </afs/cern.ch/user/c/cglenn/FCCWork/whizard/whizard_ttbar_spinpol/phase11_diagnostics/excess_weight_rootcause_v1/ttbar_restricted_region_suite_v1/regions/submissions/20260816T231425Z_U9region_core_W15_S8_np1_v1p0p1/./campaign.dag.nodes.log>
08/17/26 01:15:06 Note: the version ($CondorVersion: 24.12.16 2026-01-29 BuildID: 869053 PackageID: 24.12.16-1 GitSHA: d5741e8b $) of this DAG's HTCondor submit file differs from condor_dagman version ($CondorVersion: 24.12.22 2026-07-07 BuildID: 930046 PackageID: 24.12.22-1 $), but the difference is permissible
08/17/26 01:15:06 DAG Lockfile will be written to campaign.dag.lock
08/17/26 01:15:06 DAG Input file is campaign.dag
08/17/26 01:15:06 Parsing 1 dagfiles
08/17/26 01:15:06 Parsing campaign.dag ...
08/17/26 01:15:06 Adjusting edges
08/17/26 01:15:06 Dag contains 432 total nodes
08/17/26 01:15:06 Bootstrapping...
08/17/26 01:15:06 Number of pre-completed nodes: 0
08/17/26 01:15:06 MultiLogFiles: truncating log file /afs/cern.ch/user/c/cglenn/FCCWork/whizard/whizard_ttbar_spinpol/phase11_diagnostics/excess_weight_rootcause_v1/ttbar_restricted_region_suite_v1/regions/submissions/20260816T231425Z_U9region_core_W15_S8_np1_v1p0p1/./campaign.dag.nodes.log
08/17/26 01:15:06 DAG status: 0 (DAG_STATUS_OK)
08/17/26 01:15:06 Of 432 nodes total:
08/17/26 01:15:06  Done     Pre   Queued    Post   Ready   Un-Ready   Failed   Futile
08/17/26 01:15:06   ===     ===      ===     ===     ===        ===      ===      ===
08/17/26 01:15:06     0       0        0       0     216        216        0        0
08/17/26 01:15:06 0 job proc(s) currently held
08/17/26 01:15:06 DAGMan Runtime Statistics: [EventCycleTimeSum=0.000; SleepCycleTimeSum=0.000; SubmitCycleTimeSum=0.000; EventCycleTimeCount=0.000; SleepCycleTimeCount=0.000; SubmitCycleTimeCount=0.000; LogProcessCycleTimeSum=0.000; LogProcessCycleTimeCount=0.000; ]
08/17/26 01:15:06 Registering condor_event_timer...
08/17/26 01:15:07 Submitting HTCondor Node P_W15_LL_M0_A00_S0 job(s)...
08/17/26 01:15:07 Submitting node P_W15_LL_M0_A00_S0 from file /afs/cern.ch/user/c/cglenn/FCCWork/whizard/whizard_ttbar_spinpol/phase11_diagnostics/excess_weight_rootcause_v1/ttbar_restricted_region_suite_v1/regions/submissions/20260816T231425Z_U9region_core_W15_S8_np1_v1p0p1/region_parent.sub using direct job submission
08/17/26 01:15:07 	assigned HTCondor ID (6053132.0.0)
08/17/26 01:15:07 Submitting HTCondor Node P_W15_LL_M0_A00_S1 job(s)...
08/17/26 01:15:07 Submitting node P_W15_LL_M0_A00_S1 from file /afs/cern.ch/user/c/cglenn/FCCWork/whizard/whizard_ttbar_spinpol/phase11_diagnostics/excess_weight_rootcause_v1/ttbar_restricted_region_suite_v1/regions/submissions/20260816T231425Z_U9region_core_W15_S8_np1_v1p0p1/region_parent.sub using direct job submission
08/17/26 01:15:07 	assigned HTCondor ID (6053133.0.0)
08/17/26 01:15:07 Submitting HTCondor Node P_W15_LL_M0_A00_S2 job(s)...
08/17/26 01:15:07 Submitting node P_W15_LL_M0_A00_S2 from file /afs/cern.ch/user/c/cglenn/FCCWork/whizard/whizard_ttbar_spinpol/phase11_diagnostics/excess_weight_rootcause_v1/ttbar_restricted_region_suite_v1/regions/submissions/20260816T231425Z_U9region_core_W15_S8_np1_v1p0p1/region_parent.sub using direct job submission
08/17/26 01:15:07 	assigned HTCondor ID (6053134.0.0)
08/17/26 01:15:07 Submitting HTCondor Node P_W15_LL_M0_A00_S3 job(s)...
08/17/26 01:15:07 Submitting node P_W15_LL_M0_A00_S3 from file /afs/cern.ch/user/c/cglenn/FCCWork/whizard/whizard_ttbar_spinpol/phase11_diagnostics/excess_weight_rootcause_v1/ttbar_restricted_region_suite_v1/regions/submissions/20260816T231425Z_U9region_core_W15_S8_np1_v1p0p1/region_parent.sub using direct job submission
08/17/26 01:15:07 	assigned HTCondor ID (6053135.0.0)
08/17/26 01:15:07 Submitting HTCondor Node P_W15_LL_M0_A00_S4 job(s)...
08/17/26 01:15:07 Submitting node P_W15_LL_M0_A00_S4 from file /afs/cern.ch/user/c/cglenn/FCCWork/whizard/whizard_ttbar_spinpol/phase11_diagnostics/excess_weight_rootcause_v1/ttbar_restricted_region_suite_v1/regions/submissions/20260816T231425Z_U9region_core_W15_S8_np1_v1p0p1/region_parent.sub using direct job submission
08/17/26 01:15:07 	assigned HTCondor ID (6053136.0.0)
08/17/26 01:15:07 Submitting HTCondor Node P_W15_LL_M0_A00_S5 job(s)...
08/17/26 01:15:07 Submitting node P_W15_LL_M0_A00_S5 from file /afs/cern.ch/user/c/cglenn/FCCWork/whizard/whizard_ttbar_spinpol/phase11_diagnostics/excess_weight_rootcause_v1/ttbar_restricted_region_suite_v1/regions/submissions/20260816T231425Z_U9region_core_W15_S8_np1_v1p0p1/region_parent.sub using direct job submission
08/17/26 01:15:07 	assigned HTCondor ID (6053137.0.0)
08/17/26 01:15:07 Submitting HTCondor Node P_W15_LL_M0_A00_S6 job(s)...
08/17/26 01:15:07 Submitting node P_W15_LL_M0_A00_S6 from file /afs/cern.ch/user/c/cglenn/FCCWork/whizard/whizard_ttbar_spinpol/phase11_diagnostics/excess_weight_rootcause_v1/ttbar_restricted_region_suite_v1/regions/submissions/20260816T231425Z_U9region_core_W15_S8_np1_v1p0p1/region_parent.sub using direct job submission
08/17/26 01:15:07 	assigned HTCondor ID (6053138.0.0)
08/17/26 01:15:07 Submitting HTCondor Node P_W15_LL_M0_A00_S7 job(s)...
08/17/26 01:15:07 Submitting node P_W15_LL_M0_A00_S7 from file /afs/cern.ch/user/c/cglenn/FCCWork/whizard/whizard_ttbar_spinpol/phase11_diagnostics/excess_weight_rootcause_v1/ttbar_restricted_region_suite_v1/regions/submissions/20260816T231425Z_U9region_core_W15_S8_np1_v1p0p1/region_parent.sub using direct job submission
08/17/26 01:15:07 	assigned HTCondor ID (6053139.0.0)
08/17/26 01:15:07 Submitting HTCondor Node P_W15_LL_M1_A07_S0 job(s)...
08/17/26 01:15:07 Submitting node P_W15_LL_M1_A07_S0 from file /afs/cern.ch/user/c/cglenn/FCCWork/whizard/whizard_ttbar_spinpol/phase11_diagnostics/excess_weight_rootcause_v1/ttbar_restricted_region_suite_v1/regions/submissions/20260816T231425Z_U9region_core_W15_S8_np1_v1p0p1/region_parent.sub using direct job submission
08/17/26 01:15:07 	assigned HTCondor ID (6053140.0.0)
08/17/26 01:15:07 Submitting HTCondor Node P_W15_LL_M1_A07_S1 job(s)...
08/17/26 01:15:07 Submitting node P_W15_LL_M1_A07_S1 from file /afs/cern.ch/user/c/cglenn/FCCWork/whizard/whizard_ttbar_spinpol/phase11_diagnostics/excess_weight_rootcause_v1/ttbar_restricted_region_suite_v1/regions/submissions/20260816T231425Z_U9region_core_W15_S8_np1_v1p0p1/region_parent.sub using direct job submission
08/17/26 01:15:07 	assigned HTCondor ID (6053141.0.0)
08/17/26 01:15:07 Submitting HTCondor Node P_W15_LL_M1_A07_S2 job(s)...
08/17/26 01:15:07 Submitting node P_W15_LL_M1_A07_S2 from file /afs/cern.ch/user/c/cglenn/FCCWork/whizard/whizard_ttbar_spinpol/phase11_diagnostics/excess_weight_rootcause_v1/ttbar_restricted_region_suite_v1/regions/submissions/20260816T231425Z_U9region_core_W15_S8_np1_v1p0p1/region_parent.sub using direct job submission
08/17/26 01:15:07 	assigned HTCondor ID (6053142.0.0)
08/17/26 01:15:07 Submitting HTCondor Node P_W15_LL_M1_A07_S3 job(s)...
08/17/26 01:15:07 Submitting node P_W15_LL_M1_A07_S3 from file /afs/cern.ch/user/c/cglenn/FCCWork/whizard/whizard_ttbar_spinpol/phase11_diagnostics/excess_weight_rootcause_v1/ttbar_restricted_region_suite_v1/regions/submissions/20260816T231425Z_U9region_core_W15_S8_np1_v1p0p1/region_parent.sub using direct job submission
08/17/26 01:15:07 	assigned HTCondor ID (6053143.0.0)
08/17/26 01:15:07 Submitting HTCondor Node P_W15_LL_M1_A07_S4 job(s)...
08/17/26 01:15:07 Submitting node P_W15_LL_M1_A07_S4 from file /afs/cern.ch/user/c/cglenn/FCCWork/whizard/whizard_ttbar_spinpol/phase11_diagnostics/excess_weight_rootcause_v1/ttbar_restricted_region_suite_v1/regions/submissions/20260816T231425Z_U9region_core_W15_S8_np1_v1p0p1/region_parent.sub using direct job submission
08/17/26 01:15:07 	assigned HTCondor ID (6053144.0.0)
08/17/26 01:15:07 Submitting HTCondor Node P_W15_LL_M1_A07_S5 job(s)...
08/17/26 01:15:07 Submitting node P_W15_LL_M1_A07_S5 from file /afs/cern.ch/user/c/cglenn/FCCWork/whizard/whizard_ttbar_spinpol/phase11_diagnostics/excess_weight_rootcause_v1/ttbar_restricted_region_suite_v1/regions/submissions/20260816T231425Z_U9region_core_W15_S8_np1_v1p0p1/region_parent.sub using direct job submission
08/17/26 01:15:07 	assigned HTCondor ID (6053145.0.0)
08/17/26 01:15:07 Submitting HTCondor Node P_W15_LL_M1_A07_S6 job(s)...
08/17/26 01:15:07 Submitting node P_W15_LL_M1_A07_S6 from file /afs/cern.ch/user/c/cglenn/FCCWork/whizard/whizard_ttbar_spinpol/phase11_diagnostics/excess_weight_rootcause_v1/ttbar_restricted_region_suite_v1/regions/submissions/20260816T231425Z_U9region_core_W15_S8_np1_v1p0p1/region_parent.sub using direct job submission
08/17/26 01:15:07 	assigned HTCondor ID (6053146.0.0)
08/17/26 01:15:07 Submitting HTCondor Node P_W15_LL_M1_A07_S7 job(s)...
08/17/26 01:15:07 Submitting node P_W15_LL_M1_A07_S7 from file /afs/cern.ch/user/c/cglenn/FCCWork/whizard/whizard_ttbar_spinpol/phase11_diagnostics/excess_weight_rootcause_v1/ttbar_restricted_region_suite_v1/regions/submissions/20260816T231425Z_U9region_core_W15_S8_np1_v1p0p1/region_parent.sub using direct job submission
08/17/26 01:15:07 	assigned HTCondor ID (6053147.0.0)
08/17/26 01:15:07 Submitting HTCondor Node P_W15_LL_M2_A10_S0 job(s)...
08/17/26 01:15:07 Submitting node P_W15_LL_M2_A10_S0 from file /afs/cern.ch/user/c/cglenn/FCCWork/whizard/whizard_ttbar_spinpol/phase11_diagnostics/excess_weight_rootcause_v1/ttbar_restricted_region_suite_v1/regions/submissions/20260816T231425Z_U9region_core_W15_S8_np1_v1p0p1/region_parent.sub using direct job submission
08/17/26 01:15:07 	assigned HTCondor ID (6053148.0.0)
08/17/26 01:15:07 Submitting HTCondor Node P_W15_LL_M2_A10_S1 job(s)...
08/17/26 01:15:07 Submitting node P_W15_LL_M2_A10_S1 from file /afs/cern.ch/user/c/cglenn/FCCWork/whizard/whizard_ttbar_spinpol/phase11_diagnostics/excess_weight_rootcause_v1/ttbar_restricted_region_suite_v1/regions/submissions/20260816T231425Z_U9region_core_W15_S8_np1_v1p0p1/region_parent.sub using direct job submission
08/17/26 01:15:07 	assigned HTCondor ID (6053149.0.0)
08/17/26 01:15:07 Submitting HTCondor Node P_W15_LL_M2_A10_S2 job(s)...
08/17/26 01:15:07 Submitting node P_W15_LL_M2_A10_S2 from file /afs/cern.ch/user/c/cglenn/FCCWork/whizard/whizard_ttbar_spinpol/phase11_diagnostics/excess_weight_rootcause_v1/ttbar_restricted_region_suite_v1/regions/submissions/20260816T231425Z_U9region_core_W15_S8_np1_v1p0p1/region_parent.sub using direct job submission
08/17/26 01:15:07 	assigned HTCondor ID (6053150.0.0)
08/17/26 01:15:07 Submitting HTCondor Node P_W15_LL_M2_A10_S3 job(s)...
08/17/26 01:15:07 Submitting node P_W15_LL_M2_A10_S3 from file /afs/cern.ch/user/c/cglenn/FCCWork/whizard/whizard_ttbar_spinpol/phase11_diagnostics/excess_weight_rootcause_v1/ttbar_restricted_region_suite_v1/regions/submissions/20260816T231425Z_U9region_core_W15_S8_np1_v1p0p1/region_parent.sub using direct job submission
08/17/26 01:15:07 	assigned HTCondor ID (6053151.0.0)
08/17/26 01:15:07 Submitting HTCondor Node P_W15_LL_M2_A10_S4 job(s)...
08/17/26 01:15:07 Submitting node P_W15_LL_M2_A10_S4 from file /afs/cern.ch/user/c/cglenn/FCCWork/whizard/whizard_ttbar_spinpol/phase11_diagnostics/excess_weight_rootcause_v1/ttbar_restricted_region_suite_v1/regions/submissions/20260816T231425Z_U9region_core_W15_S8_np1_v1p0p1/region_parent.sub using direct job submission
08/17/26 01:15:07 	assigned HTCondor ID (6053152.0.0)
08/17/26 01:15:07 Submitting HTCondor Node P_W15_LL_M2_A10_S5 job(s)...
08/17/26 01:15:07 Submitting node P_W15_LL_M2_A10_S5 from file /afs/cern.ch/user/c/cglenn/FCCWork/whizard/whizard_ttbar_spinpol/phase11_diagnostics/excess_weight_rootcause_v1/ttbar_restricted_region_suite_v1/regions/submissions/20260816T231425Z_U9region_core_W15_S8_np1_v1p0p1/region_parent.sub using direct job submission
08/17/26 01:15:07 	assigned HTCondor ID (6053153.0.0)
08/17/26 01:15:07 Submitting HTCondor Node P_W15_LL_M2_A10_S6 job(s)...
08/17/26 01:15:07 Submitting node P_W15_LL_M2_A10_S6 from file /afs/cern.ch/user/c/cglenn/FCCWork/whizard/whizard_ttbar_spinpol/phase11_diagnostics/excess_weight_rootcause_v1/ttbar_restricted_region_suite_v1/regions/submissions/20260816T231425Z_U9region_core_W15_S8_np1_v1p0p1/region_parent.sub using direct job submission
08/17/26 01:15:07 	assigned HTCondor ID (6053154.0.0)
08/17/26 01:15:07 Submitting HTCondor Node P_W15_LL_M2_A10_S7 job(s)...
08/17/26 01:15:07 Submitting node P_W15_LL_M2_A10_S7 from file /afs/cern.ch/user/c/cglenn/FCCWork/whizard/whizard_ttbar_spinpol/phase11_diagnostics/excess_weight_rootcause_v1/ttbar_restricted_region_suite_v1/regions/submissions/20260816T231425Z_U9region_core_W15_S8_np1_v1p0p1/region_parent.sub using direct job submission
08/17/26 01:15:07 	assigned HTCondor ID (6053155.0.0)
08/17/26 01:15:07 Submitting HTCondor Node P_W15_LI_M0_A00_S0 job(s)...
08/17/26 01:15:07 Submitting node P_W15_LI_M0_A00_S0 from file /afs/cern.ch/user/c/cglenn/FCCWork/whizard/whizard_ttbar_spinpol/phase11_diagnostics/excess_weight_rootcause_v1/ttbar_restricted_region_suite_v1/regions/submissions/20260816T231425Z_U9region_core_W15_S8_np1_v1p0p1/region_parent.sub using direct job submission
08/17/26 01:15:07 	assigned HTCondor ID (6053156.0.0)
08/17/26 01:15:07 Submitting HTCondor Node P_W15_LI_M0_A00_S1 job(s)...
08/17/26 01:15:07 Submitting node P_W15_LI_M0_A00_S1 from file /afs/cern.ch/user/c/cglenn/FCCWork/whizard/whizard_ttbar_spinpol/phase11_diagnostics/excess_weight_rootcause_v1/ttbar_restricted_region_suite_v1/regions/submissions/20260816T231425Z_U9region_core_W15_S8_np1_v1p0p1/region_parent.sub using direct job submission
08/17/26 01:15:07 	assigned HTCondor ID (6053157.0.0)
08/17/26 01:15:07 Submitting HTCondor Node P_W15_LI_M0_A00_S2 job(s)...
08/17/26 01:15:07 Submitting node P_W15_LI_M0_A00_S2 from file /afs/cern.ch/user/c/cglenn/FCCWork/whizard/whizard_ttbar_spinpol/phase11_diagnostics/excess_weight_rootcause_v1/ttbar_restricted_region_suite_v1/regions/submissions/20260816T231425Z_U9region_core_W15_S8_np1_v1p0p1/region_parent.sub using direct job submission
08/17/26 01:15:07 	assigned HTCondor ID (6053158.0.0)
08/17/26 01:15:07 Submitting HTCondor Node P_W15_LI_M0_A00_S3 job(s)...
08/17/26 01:15:07 Submitting node P_W15_LI_M0_A00_S3 from file /afs/cern.ch/user/c/cglenn/FCCWork/whizard/whizard_ttbar_spinpol/phase11_diagnostics/excess_weight_rootcause_v1/ttbar_restricted_region_suite_v1/regions/submissions/20260816T231425Z_U9region_core_W15_S8_np1_v1p0p1/region_parent.sub using direct job submission
08/17/26 01:15:07 	assigned HTCondor ID (6053159.0.0)
08/17/26 01:15:07 Submitting HTCondor Node P_W15_LI_M0_A00_S4 job(s)...
08/17/26 01:15:07 Submitting node P_W15_LI_M0_A00_S4 from file /afs/cern.ch/user/c/cglenn/FCCWork/whizard/whizard_ttbar_spinpol/phase11_diagnostics/excess_weight_rootcause_v1/ttbar_restricted_region_suite_v1/regions/submissions/20260816T231425Z_U9region_core_W15_S8_np1_v1p0p1/region_parent.sub using direct job submission
08/17/26 01:15:07 	assigned HTCondor ID (6053160.0.0)
08/17/26 01:15:07 Submitting HTCondor Node P_W15_LI_M0_A00_S5 job(s)...
08/17/26 01:15:07 Submitting node P_W15_LI_M0_A00_S5 from file /afs/cern.ch/user/c/cglenn/FCCWork/whizard/whizard_ttbar_spinpol/phase11_diagnostics/excess_weight_rootcause_v1/ttbar_restricted_region_suite_v1/regions/submissions/20260816T231425Z_U9region_core_W15_S8_np1_v1p0p1/region_parent.sub using direct job submission
08/17/26 01:15:07 	assigned HTCondor ID (6053161.0.0)
08/17/26 01:15:07 Submitting HTCondor Node P_W15_LI_M0_A00_S6 job(s)...
08/17/26 01:15:07 Submitting node P_W15_LI_M0_A00_S6 from file /afs/cern.ch/user/c/cglenn/FCCWork/whizard/whizard_ttbar_spinpol/phase11_diagnostics/excess_weight_rootcause_v1/ttbar_restricted_region_suite_v1/regions/submissions/20260816T231425Z_U9region_core_W15_S8_np1_v1p0p1/region_parent.sub using direct job submission
08/17/26 01:15:07 	assigned HTCondor ID (6053162.0.0)
08/17/26 01:15:07 Submitting HTCondor Node P_W15_LI_M0_A00_S7 job(s)...
08/17/26 01:15:07 Submitting node P_W15_LI_M0_A00_S7 from file /afs/cern.ch/user/c/cglenn/FCCWork/whizard/whizard_ttbar_spinpol/phase11_diagnostics/excess_weight_rootcause_v1/ttbar_restricted_region_suite_v1/regions/submissions/20260816T231425Z_U9region_core_W15_S8_np1_v1p0p1/region_parent.sub using direct job submission
08/17/26 01:15:07 	assigned HTCondor ID (6053163.0.0)
08/17/26 01:15:07 Submitting HTCondor Node P_W15_LI_M1_A07_S0 job(s)...
08/17/26 01:15:07 Submitting node P_W15_LI_M1_A07_S0 from file /afs/cern.ch/user/c/cglenn/FCCWork/whizard/whizard_ttbar_spinpol/phase11_diagnostics/excess_weight_rootcause_v1/ttbar_restricted_region_suite_v1/regions/submissions/20260816T231425Z_U9region_core_W15_S8_np1_v1p0p1/region_parent.sub using direct job submission
08/17/26 01:15:07 	assigned HTCondor ID (6053164.0.0)
08/17/26 01:15:07 Submitting HTCondor Node P_W15_LI_M1_A07_S1 job(s)...
08/17/26 01:15:07 Submitting node P_W15_LI_M1_A07_S1 from file /afs/cern.ch/user/c/cglenn/FCCWork/whizard/whizard_ttbar_spinpol/phase11_diagnostics/excess_weight_rootcause_v1/ttbar_restricted_region_suite_v1/regions/submissions/20260816T231425Z_U9region_core_W15_S8_np1_v1p0p1/region_parent.sub using direct job submission
08/17/26 01:15:07 	assigned HTCondor ID (6053165.0.0)
08/17/26 01:15:07 Submitting HTCondor Node P_W15_LI_M1_A07_S2 job(s)...
08/17/26 01:15:07 Submitting node P_W15_LI_M1_A07_S2 from file /afs/cern.ch/user/c/cglenn/FCCWork/whizard/whizard_ttbar_spinpol/phase11_diagnostics/excess_weight_rootcause_v1/ttbar_restricted_region_suite_v1/regions/submissions/20260816T231425Z_U9region_core_W15_S8_np1_v1p0p1/region_parent.sub using direct job submission
08/17/26 01:15:07 	assigned HTCondor ID (6053166.0.0)
08/17/26 01:15:07 Submitting HTCondor Node P_W15_LI_M1_A07_S3 job(s)...
08/17/26 01:15:07 Submitting node P_W15_LI_M1_A07_S3 from file /afs/cern.ch/user/c/cglenn/FCCWork/whizard/whizard_ttbar_spinpol/phase11_diagnostics/excess_weight_rootcause_v1/ttbar_restricted_region_suite_v1/regions/submissions/20260816T231425Z_U9region_core_W15_S8_np1_v1p0p1/region_parent.sub using direct job submission
08/17/26 01:15:07 	assigned HTCondor ID (6053167.0.0)
08/17/26 01:15:07 Submitting HTCondor Node P_W15_LI_M1_A07_S4 job(s)...
08/17/26 01:15:07 Submitting node P_W15_LI_M1_A07_S4 from file /afs/cern.ch/user/c/cglenn/FCCWork/whizard/whizard_ttbar_spinpol/phase11_diagnostics/excess_weight_rootcause_v1/ttbar_restricted_region_suite_v1/regions/submissions/20260816T231425Z_U9region_core_W15_S8_np1_v1p0p1/region_parent.sub using direct job submission
08/17/26 01:15:07 	assigned HTCondor ID (6053168.0.0)
08/17/26 01:15:07 Submitting HTCondor Node P_W15_LI_M1_A07_S5 job(s)...
08/17/26 01:15:07 Submitting node P_W15_LI_M1_A07_S5 from file /afs/cern.ch/user/c/cglenn/FCCWork/whizard/whizard_ttbar_spinpol/phase11_diagnostics/excess_weight_rootcause_v1/ttbar_restricted_region_suite_v1/regions/submissions/20260816T231425Z_U9region_core_W15_S8_np1_v1p0p1/region_parent.sub using direct job submission
08/17/26 01:15:07 	assigned HTCondor ID (6053169.0.0)
08/17/26 01:15:07 Submitting HTCondor Node P_W15_LI_M1_A07_S6 job(s)...
08/17/26 01:15:07 Submitting node P_W15_LI_M1_A07_S6 from file /afs/cern.ch/user/c/cglenn/FCCWork/whizard/whizard_ttbar_spinpol/phase11_diagnostics/excess_weight_rootcause_v1/ttbar_restricted_region_suite_v1/regions/submissions/20260816T231425Z_U9region_core_W15_S8_np1_v1p0p1/region_parent.sub using direct job submission
08/17/26 01:15:07 	assigned HTCondor ID (6053170.0.0)
08/17/26 01:15:07 Submitting HTCondor Node P_W15_LI_M1_A07_S7 job(s)...
08/17/26 01:15:07 Submitting node P_W15_LI_M1_A07_S7 from file /afs/cern.ch/user/c/cglenn/FCCWork/whizard/whizard_ttbar_spinpol/phase11_diagnostics/excess_weight_rootcause_v1/ttbar_restricted_region_suite_v1/regions/submissions/20260816T231425Z_U9region_core_W15_S8_np1_v1p0p1/region_parent.sub using direct job submission
08/17/26 01:15:07 	assigned HTCondor ID (6053171.0.0)
08/17/26 01:15:07 Submitting HTCondor Node P_W15_LI_M2_A10_S0 job(s)...
08/17/26 01:15:07 Submitting node P_W15_LI_M2_A10_S0 from file /afs/cern.ch/user/c/cglenn/FCCWork/whizard/whizard_ttbar_spinpol/phase11_diagnostics/excess_weight_rootcause_v1/ttbar_restricted_region_suite_v1/regions/submissions/20260816T231425Z_U9region_core_W15_S8_np1_v1p0p1/region_parent.sub using direct job submission
08/17/26 01:15:07 	assigned HTCondor ID (6053172.0.0)
08/17/26 01:15:07 Submitting HTCondor Node P_W15_LI_M2_A10_S1 job(s)...
08/17/26 01:15:07 Submitting node P_W15_LI_M2_A10_S1 from file /afs/cern.ch/user/c/cglenn/FCCWork/whizard/whizard_ttbar_spinpol/phase11_diagnostics/excess_weight_rootcause_v1/ttbar_restricted_region_suite_v1/regions/submissions/20260816T231425Z_U9region_core_W15_S8_np1_v1p0p1/region_parent.sub using direct job submission
08/17/26 01:15:07 	assigned HTCondor ID (6053173.0.0)
08/17/26 01:15:07 Submitting HTCondor Node P_W15_LI_M2_A10_S2 job(s)...
08/17/26 01:15:07 Submitting node P_W15_LI_M2_A10_S2 from file /afs/cern.ch/user/c/cglenn/FCCWork/whizard/whizard_ttbar_spinpol/phase11_diagnostics/excess_weight_rootcause_v1/ttbar_restricted_region_suite_v1/regions/submissions/20260816T231425Z_U9region_core_W15_S8_np1_v1p0p1/region_parent.sub using direct job submission
08/17/26 01:15:07 	assigned HTCondor ID (6053174.0.0)
08/17/26 01:15:07 Submitting HTCondor Node P_W15_LI_M2_A10_S3 job(s)...
08/17/26 01:15:07 Submitting node P_W15_LI_M2_A10_S3 from file /afs/cern.ch/user/c/cglenn/FCCWork/whizard/whizard_ttbar_spinpol/phase11_diagnostics/excess_weight_rootcause_v1/ttbar_restricted_region_suite_v1/regions/submissions/20260816T231425Z_U9region_core_W15_S8_np1_v1p0p1/region_parent.sub using direct job submission
08/17/26 01:15:07 	assigned HTCondor ID (6053175.0.0)
08/17/26 01:15:07 Submitting HTCondor Node P_W15_LI_M2_A10_S4 job(s)...
08/17/26 01:15:07 Submitting node P_W15_LI_M2_A10_S4 from file /afs/cern.ch/user/c/cglenn/FCCWork/whizard/whizard_ttbar_spinpol/phase11_diagnostics/excess_weight_rootcause_v1/ttbar_restricted_region_suite_v1/regions/submissions/20260816T231425Z_U9region_core_W15_S8_np1_v1p0p1/region_parent.sub using direct job submission
08/17/26 01:15:07 	assigned HTCondor ID (6053176.0.0)
08/17/26 01:15:07 Submitting HTCondor Node P_W15_LI_M2_A10_S5 job(s)...
08/17/26 01:15:07 Submitting node P_W15_LI_M2_A10_S5 from file /afs/cern.ch/user/c/cglenn/FCCWork/whizard/whizard_ttbar_spinpol/phase11_diagnostics/excess_weight_rootcause_v1/ttbar_restricted_region_suite_v1/regions/submissions/20260816T231425Z_U9region_core_W15_S8_np1_v1p0p1/region_parent.sub using direct job submission
08/17/26 01:15:07 	assigned HTCondor ID (6053177.0.0)
08/17/26 01:15:07 Submitting HTCondor Node P_W15_LI_M2_A10_S6 job(s)...
08/17/26 01:15:07 Submitting node P_W15_LI_M2_A10_S6 from file /afs/cern.ch/user/c/cglenn/FCCWork/whizard/whizard_ttbar_spinpol/phase11_diagnostics/excess_weight_rootcause_v1/ttbar_restricted_region_suite_v1/regions/submissions/20260816T231425Z_U9region_core_W15_S8_np1_v1p0p1/region_parent.sub using direct job submission
08/17/26 01:15:07 	assigned HTCondor ID (6053178.0.0)
08/17/26 01:15:07 Submitting HTCondor Node P_W15_LI_M2_A10_S7 job(s)...
08/17/26 01:15:07 Submitting node P_W15_LI_M2_A10_S7 from file /afs/cern.ch/user/c/cglenn/FCCWork/whizard/whizard_ttbar_spinpol/phase11_diagnostics/excess_weight_rootcause_v1/ttbar_restricted_region_suite_v1/regions/submissions/20260816T231425Z_U9region_core_W15_S8_np1_v1p0p1/region_parent.sub using direct job submission
08/17/26 01:15:07 	assigned HTCondor ID (6053179.0.0)
08/17/26 01:15:07 Submitting HTCondor Node P_W15_LH_M0_A00_S0 job(s)...
08/17/26 01:15:07 Submitting node P_W15_LH_M0_A00_S0 from file /afs/cern.ch/user/c/cglenn/FCCWork/whizard/whizard_ttbar_spinpol/phase11_diagnostics/excess_weight_rootcause_v1/ttbar_restricted_region_suite_v1/regions/submissions/20260816T231425Z_U9region_core_W15_S8_np1_v1p0p1/region_parent.sub using direct job submission
08/17/26 01:15:07 	assigned HTCondor ID (6053180.0.0)
08/17/26 01:15:07 Submitting HTCondor Node P_W15_LH_M0_A00_S1 job(s)...
08/17/26 01:15:07 Submitting node P_W15_LH_M0_A00_S1 from file /afs/cern.ch/user/c/cglenn/FCCWork/whizard/whizard_ttbar_spinpol/phase11_diagnostics/excess_weight_rootcause_v1/ttbar_restricted_region_suite_v1/regions/submissions/20260816T231425Z_U9region_core_W15_S8_np1_v1p0p1/region_parent.sub using direct job submission
08/17/26 01:15:07 	assigned HTCondor ID (6053181.0.0)
08/17/26 01:15:08 Submitting HTCondor Node P_W15_LH_M0_A00_S2 job(s)...
08/17/26 01:15:08 Submitting node P_W15_LH_M0_A00_S2 from file /afs/cern.ch/user/c/cglenn/FCCWork/whizard/whizard_ttbar_spinpol/phase11_diagnostics/excess_weight_rootcause_v1/ttbar_restricted_region_suite_v1/regions/submissions/20260816T231425Z_U9region_core_W15_S8_np1_v1p0p1/region_parent.sub using direct job submission
08/17/26 01:15:08 	assigned HTCondor ID (6053182.0.0)
08/17/26 01:15:08 Submitting HTCondor Node P_W15_LH_M0_A00_S3 job(s)...
08/17/26 01:15:08 Submitting node P_W15_LH_M0_A00_S3 from file /afs/cern.ch/user/c/cglenn/FCCWork/whizard/whizard_ttbar_spinpol/phase11_diagnostics/excess_weight_rootcause_v1/ttbar_restricted_region_suite_v1/regions/submissions/20260816T231425Z_U9region_core_W15_S8_np1_v1p0p1/region_parent.sub using direct job submission
08/17/26 01:15:08 	assigned HTCondor ID (6053183.0.0)
08/17/26 01:15:08 Submitting HTCondor Node P_W15_LH_M0_A00_S4 job(s)...
08/17/26 01:15:08 Submitting node P_W15_LH_M0_A00_S4 from file /afs/cern.ch/user/c/cglenn/FCCWork/whizard/whizard_ttbar_spinpol/phase11_diagnostics/excess_weight_rootcause_v1/ttbar_restricted_region_suite_v1/regions/submissions/20260816T231425Z_U9region_core_W15_S8_np1_v1p0p1/region_parent.sub using direct job submission
08/17/26 01:15:08 	assigned HTCondor ID (6053184.0.0)
08/17/26 01:15:08 Submitting HTCondor Node P_W15_LH_M0_A00_S5 job(s)...
08/17/26 01:15:08 Submitting node P_W15_LH_M0_A00_S5 from file /afs/cern.ch/user/c/cglenn/FCCWork/whizard/whizard_ttbar_spinpol/phase11_diagnostics/excess_weight_rootcause_v1/ttbar_restricted_region_suite_v1/regions/submissions/20260816T231425Z_U9region_core_W15_S8_np1_v1p0p1/region_parent.sub using direct job submission
08/17/26 01:15:08 	assigned HTCondor ID (6053185.0.0)
08/17/26 01:15:08 Submitting HTCondor Node P_W15_LH_M0_A00_S6 job(s)...
08/17/26 01:15:08 Submitting node P_W15_LH_M0_A00_S6 from file /afs/cern.ch/user/c/cglenn/FCCWork/whizard/whizard_ttbar_spinpol/phase11_diagnostics/excess_weight_rootcause_v1/ttbar_restricted_region_suite_v1/regions/submissions/20260816T231425Z_U9region_core_W15_S8_np1_v1p0p1/region_parent.sub using direct job submission
08/17/26 01:15:08 	assigned HTCondor ID (6053186.0.0)
08/17/26 01:15:08 Submitting HTCondor Node P_W15_LH_M0_A00_S7 job(s)...
08/17/26 01:15:08 Submitting node P_W15_LH_M0_A00_S7 from file /afs/cern.ch/user/c/cglenn/FCCWork/whizard/whizard_ttbar_spinpol/phase11_diagnostics/excess_weight_rootcause_v1/ttbar_restricted_region_suite_v1/regions/submissions/20260816T231425Z_U9region_core_W15_S8_np1_v1p0p1/region_parent.sub using direct job submission
08/17/26 01:15:08 	assigned HTCondor ID (6053187.0.0)
08/17/26 01:15:08 Submitting HTCondor Node P_W15_LH_M1_A07_S0 job(s)...
08/17/26 01:15:08 Submitting node P_W15_LH_M1_A07_S0 from file /afs/cern.ch/user/c/cglenn/FCCWork/whizard/whizard_ttbar_spinpol/phase11_diagnostics/excess_weight_rootcause_v1/ttbar_restricted_region_suite_v1/regions/submissions/20260816T231425Z_U9region_core_W15_S8_np1_v1p0p1/region_parent.sub using direct job submission
08/17/26 01:15:08 	assigned HTCondor ID (6053188.0.0)
08/17/26 01:15:08 Submitting HTCondor Node P_W15_LH_M1_A07_S1 job(s)...
08/17/26 01:15:08 Submitting node P_W15_LH_M1_A07_S1 from file /afs/cern.ch/user/c/cglenn/FCCWork/whizard/whizard_ttbar_spinpol/phase11_diagnostics/excess_weight_rootcause_v1/ttbar_restricted_region_suite_v1/regions/submissions/20260816T231425Z_U9region_core_W15_S8_np1_v1p0p1/region_parent.sub using direct job submission
08/17/26 01:15:08 	assigned HTCondor ID (6053189.0.0)
08/17/26 01:15:08 Submitting HTCondor Node P_W15_LH_M1_A07_S2 job(s)...
08/17/26 01:15:08 Submitting node P_W15_LH_M1_A07_S2 from file /afs/cern.ch/user/c/cglenn/FCCWork/whizard/whizard_ttbar_spinpol/phase11_diagnostics/excess_weight_rootcause_v1/ttbar_restricted_region_suite_v1/regions/submissions/20260816T231425Z_U9region_core_W15_S8_np1_v1p0p1/region_parent.sub using direct job submission
08/17/26 01:15:08 	assigned HTCondor ID (6053190.0.0)
08/17/26 01:15:08 Submitting HTCondor Node P_W15_LH_M1_A07_S3 job(s)...
08/17/26 01:15:08 Submitting node P_W15_LH_M1_A07_S3 from file /afs/cern.ch/user/c/cglenn/FCCWork/whizard/whizard_ttbar_spinpol/phase11_diagnostics/excess_weight_rootcause_v1/ttbar_restricted_region_suite_v1/regions/submissions/20260816T231425Z_U9region_core_W15_S8_np1_v1p0p1/region_parent.sub using direct job submission
08/17/26 01:15:08 	assigned HTCondor ID (6053191.0.0)
08/17/26 01:15:08 Submitting HTCondor Node P_W15_LH_M1_A07_S4 job(s)...
08/17/26 01:15:08 Submitting node P_W15_LH_M1_A07_S4 from file /afs/cern.ch/user/c/cglenn/FCCWork/whizard/whizard_ttbar_spinpol/phase11_diagnostics/excess_weight_rootcause_v1/ttbar_restricted_region_suite_v1/regions/submissions/20260816T231425Z_U9region_core_W15_S8_np1_v1p0p1/region_parent.sub using direct job submission
08/17/26 01:15:08 	assigned HTCondor ID (6053192.0.0)
08/17/26 01:15:08 Submitting HTCondor Node P_W15_LH_M1_A07_S5 job(s)...
08/17/26 01:15:08 Submitting node P_W15_LH_M1_A07_S5 from file /afs/cern.ch/user/c/cglenn/FCCWork/whizard/whizard_ttbar_spinpol/phase11_diagnostics/excess_weight_rootcause_v1/ttbar_restricted_region_suite_v1/regions/submissions/20260816T231425Z_U9region_core_W15_S8_np1_v1p0p1/region_parent.sub using direct job submission
08/17/26 01:15:08 	assigned HTCondor ID (6053193.0.0)
08/17/26 01:15:08 Submitting HTCondor Node P_W15_LH_M1_A07_S6 job(s)...
08/17/26 01:15:08 Submitting node P_W15_LH_M1_A07_S6 from file /afs/cern.ch/user/c/cglenn/FCCWork/whizard/whizard_ttbar_spinpol/phase11_diagnostics/excess_weight_rootcause_v1/ttbar_restricted_region_suite_v1/regions/submissions/20260816T231425Z_U9region_core_W15_S8_np1_v1p0p1/region_parent.sub using direct job submission
08/17/26 01:15:08 	assigned HTCondor ID (6053194.0.0)
08/17/26 01:15:08 Submitting HTCondor Node P_W15_LH_M1_A07_S7 job(s)...
08/17/26 01:15:08 Submitting node P_W15_LH_M1_A07_S7 from file /afs/cern.ch/user/c/cglenn/FCCWork/whizard/whizard_ttbar_spinpol/phase11_diagnostics/excess_weight_rootcause_v1/ttbar_restricted_region_suite_v1/regions/submissions/20260816T231425Z_U9region_core_W15_S8_np1_v1p0p1/region_parent.sub using direct job submission
08/17/26 01:15:08 	assigned HTCondor ID (6053195.0.0)
08/17/26 01:15:08 Submitting HTCondor Node P_W15_LH_M2_A10_S0 job(s)...
08/17/26 01:15:08 Submitting node P_W15_LH_M2_A10_S0 from file /afs/cern.ch/user/c/cglenn/FCCWork/whizard/whizard_ttbar_spinpol/phase11_diagnostics/excess_weight_rootcause_v1/ttbar_restricted_region_suite_v1/regions/submissions/20260816T231425Z_U9region_core_W15_S8_np1_v1p0p1/region_parent.sub using direct job submission
08/17/26 01:15:08 	assigned HTCondor ID (6053196.0.0)
08/17/26 01:15:08 Submitting HTCondor Node P_W15_LH_M2_A10_S1 job(s)...
08/17/26 01:15:08 Submitting node P_W15_LH_M2_A10_S1 from file /afs/cern.ch/user/c/cglenn/FCCWork/whizard/whizard_ttbar_spinpol/phase11_diagnostics/excess_weight_rootcause_v1/ttbar_restricted_region_suite_v1/regions/submissions/20260816T231425Z_U9region_core_W15_S8_np1_v1p0p1/region_parent.sub using direct job submission
08/17/26 01:15:08 	assigned HTCondor ID (6053197.0.0)
08/17/26 01:15:08 Submitting HTCondor Node P_W15_LH_M2_A10_S2 job(s)...
08/17/26 01:15:08 Submitting node P_W15_LH_M2_A10_S2 from file /afs/cern.ch/user/c/cglenn/FCCWork/whizard/whizard_ttbar_spinpol/phase11_diagnostics/excess_weight_rootcause_v1/ttbar_restricted_region_suite_v1/regions/submissions/20260816T231425Z_U9region_core_W15_S8_np1_v1p0p1/region_parent.sub using direct job submission
08/17/26 01:15:08 	assigned HTCondor ID (6053198.0.0)
08/17/26 01:15:08 Submitting HTCondor Node P_W15_LH_M2_A10_S3 job(s)...
08/17/26 01:15:08 Submitting node P_W15_LH_M2_A10_S3 from file /afs/cern.ch/user/c/cglenn/FCCWork/whizard/whizard_ttbar_spinpol/phase11_diagnostics/excess_weight_rootcause_v1/ttbar_restricted_region_suite_v1/regions/submissions/20260816T231425Z_U9region_core_W15_S8_np1_v1p0p1/region_parent.sub using direct job submission
08/17/26 01:15:08 	assigned HTCondor ID (6053199.0.0)
08/17/26 01:15:08 Submitting HTCondor Node P_W15_LH_M2_A10_S4 job(s)...
08/17/26 01:15:08 Submitting node P_W15_LH_M2_A10_S4 from file /afs/cern.ch/user/c/cglenn/FCCWork/whizard/whizard_ttbar_spinpol/phase11_diagnostics/excess_weight_rootcause_v1/ttbar_restricted_region_suite_v1/regions/submissions/20260816T231425Z_U9region_core_W15_S8_np1_v1p0p1/region_parent.sub using direct job submission
08/17/26 01:15:08 	assigned HTCondor ID (6053200.0.0)
08/17/26 01:15:08 Submitting HTCondor Node P_W15_LH_M2_A10_S5 job(s)...
08/17/26 01:15:08 Submitting node P_W15_LH_M2_A10_S5 from file /afs/cern.ch/user/c/cglenn/FCCWork/whizard/whizard_ttbar_spinpol/phase11_diagnostics/excess_weight_rootcause_v1/ttbar_restricted_region_suite_v1/regions/submissions/20260816T231425Z_U9region_core_W15_S8_np1_v1p0p1/region_parent.sub using direct job submission
08/17/26 01:15:08 	assigned HTCondor ID (6053201.0.0)
08/17/26 01:15:08 Submitting HTCondor Node P_W15_LH_M2_A10_S6 job(s)...
08/17/26 01:15:08 Submitting node P_W15_LH_M2_A10_S6 from file /afs/cern.ch/user/c/cglenn/FCCWork/whizard/whizard_ttbar_spinpol/phase11_diagnostics/excess_weight_rootcause_v1/ttbar_restricted_region_suite_v1/regions/submissions/20260816T231425Z_U9region_core_W15_S8_np1_v1p0p1/region_parent.sub using direct job submission
08/17/26 01:15:08 	assigned HTCondor ID (6053202.0.0)
08/17/26 01:15:08 Submitting HTCondor Node P_W15_LH_M2_A10_S7 job(s)...
08/17/26 01:15:08 Submitting node P_W15_LH_M2_A10_S7 from file /afs/cern.ch/user/c/cglenn/FCCWork/whizard/whizard_ttbar_spinpol/phase11_diagnostics/excess_weight_rootcause_v1/ttbar_restricted_region_suite_v1/regions/submissions/20260816T231425Z_U9region_core_W15_S8_np1_v1p0p1/region_parent.sub using direct job submission
08/17/26 01:15:08 	assigned HTCondor ID (6053203.0.0)
08/17/26 01:15:08 Submitting HTCondor Node P_W15_IL_M0_A00_S0 job(s)...
08/17/26 01:15:08 Submitting node P_W15_IL_M0_A00_S0 from file /afs/cern.ch/user/c/cglenn/FCCWork/whizard/whizard_ttbar_spinpol/phase11_diagnostics/excess_weight_rootcause_v1/ttbar_restricted_region_suite_v1/regions/submissions/20260816T231425Z_U9region_core_W15_S8_np1_v1p0p1/region_parent.sub using direct job submission
08/17/26 01:15:08 	assigned HTCondor ID (6053204.0.0)
08/17/26 01:15:08 Submitting HTCondor Node P_W15_IL_M0_A00_S1 job(s)...
08/17/26 01:15:08 Submitting node P_W15_IL_M0_A00_S1 from file /afs/cern.ch/user/c/cglenn/FCCWork/whizard/whizard_ttbar_spinpol/phase11_diagnostics/excess_weight_rootcause_v1/ttbar_restricted_region_suite_v1/regions/submissions/20260816T231425Z_U9region_core_W15_S8_np1_v1p0p1/region_parent.sub using direct job submission
08/17/26 01:15:08 	assigned HTCondor ID (6053205.0.0)
08/17/26 01:15:08 Submitting HTCondor Node P_W15_IL_M0_A00_S2 job(s)...
08/17/26 01:15:08 Submitting node P_W15_IL_M0_A00_S2 from file /afs/cern.ch/user/c/cglenn/FCCWork/whizard/whizard_ttbar_spinpol/phase11_diagnostics/excess_weight_rootcause_v1/ttbar_restricted_region_suite_v1/regions/submissions/20260816T231425Z_U9region_core_W15_S8_np1_v1p0p1/region_parent.sub using direct job submission
08/17/26 01:15:08 	assigned HTCondor ID (6053206.0.0)
08/17/26 01:15:08 Submitting HTCondor Node P_W15_IL_M0_A00_S3 job(s)...
08/17/26 01:15:08 Submitting node P_W15_IL_M0_A00_S3 from file /afs/cern.ch/user/c/cglenn/FCCWork/whizard/whizard_ttbar_spinpol/phase11_diagnostics/excess_weight_rootcause_v1/ttbar_restricted_region_suite_v1/regions/submissions/20260816T231425Z_U9region_core_W15_S8_np1_v1p0p1/region_parent.sub using direct job submission
08/17/26 01:15:08 	assigned HTCondor ID (6053207.0.0)
08/17/26 01:15:08 Submitting HTCondor Node P_W15_IL_M0_A00_S4 job(s)...
08/17/26 01:15:08 Submitting node P_W15_IL_M0_A00_S4 from file /afs/cern.ch/user/c/cglenn/FCCWork/whizard/whizard_ttbar_spinpol/phase11_diagnostics/excess_weight_rootcause_v1/ttbar_restricted_region_suite_v1/regions/submissions/20260816T231425Z_U9region_core_W15_S8_np1_v1p0p1/region_parent.sub using direct job submission
08/17/26 01:15:08 	assigned HTCondor ID (6053208.0.0)
08/17/26 01:15:08 Submitting HTCondor Node P_W15_IL_M0_A00_S5 job(s)...
08/17/26 01:15:08 Submitting node P_W15_IL_M0_A00_S5 from file /afs/cern.ch/user/c/cglenn/FCCWork/whizard/whizard_ttbar_spinpol/phase11_diagnostics/excess_weight_rootcause_v1/ttbar_restricted_region_suite_v1/regions/submissions/20260816T231425Z_U9region_core_W15_S8_np1_v1p0p1/region_parent.sub using direct job submission
08/17/26 01:15:08 	assigned HTCondor ID (6053209.0.0)
08/17/26 01:15:08 Submitting HTCondor Node P_W15_IL_M0_A00_S6 job(s)...
08/17/26 01:15:08 Submitting node P_W15_IL_M0_A00_S6 from file /afs/cern.ch/user/c/cglenn/FCCWork/whizard/whizard_ttbar_spinpol/phase11_diagnostics/excess_weight_rootcause_v1/ttbar_restricted_region_suite_v1/regions/submissions/20260816T231425Z_U9region_core_W15_S8_np1_v1p0p1/region_parent.sub using direct job submission
08/17/26 01:15:08 	assigned HTCondor ID (6053210.0.0)
08/17/26 01:15:08 Submitting HTCondor Node P_W15_IL_M0_A00_S7 job(s)...
08/17/26 01:15:08 Submitting node P_W15_IL_M0_A00_S7 from file /afs/cern.ch/user/c/cglenn/FCCWork/whizard/whizard_ttbar_spinpol/phase11_diagnostics/excess_weight_rootcause_v1/ttbar_restricted_region_suite_v1/regions/submissions/20260816T231425Z_U9region_core_W15_S8_np1_v1p0p1/region_parent.sub using direct job submission
08/17/26 01:15:08 	assigned HTCondor ID (6053211.0.0)
08/17/26 01:15:08 Submitting HTCondor Node P_W15_IL_M1_A07_S0 job(s)...
08/17/26 01:15:08 Submitting node P_W15_IL_M1_A07_S0 from file /afs/cern.ch/user/c/cglenn/FCCWork/whizard/whizard_ttbar_spinpol/phase11_diagnostics/excess_weight_rootcause_v1/ttbar_restricted_region_suite_v1/regions/submissions/20260816T231425Z_U9region_core_W15_S8_np1_v1p0p1/region_parent.sub using direct job submission
08/17/26 01:15:08 	assigned HTCondor ID (6053212.0.0)
08/17/26 01:15:08 Submitting HTCondor Node P_W15_IL_M1_A07_S1 job(s)...
08/17/26 01:15:08 Submitting node P_W15_IL_M1_A07_S1 from file /afs/cern.ch/user/c/cglenn/FCCWork/whizard/whizard_ttbar_spinpol/phase11_diagnostics/excess_weight_rootcause_v1/ttbar_restricted_region_suite_v1/regions/submissions/20260816T231425Z_U9region_core_W15_S8_np1_v1p0p1/region_parent.sub using direct job submission
08/17/26 01:15:08 	assigned HTCondor ID (6053213.0.0)
08/17/26 01:15:08 Submitting HTCondor Node P_W15_IL_M1_A07_S2 job(s)...
08/17/26 01:15:08 Submitting node P_W15_IL_M1_A07_S2 from file /afs/cern.ch/user/c/cglenn/FCCWork/whizard/whizard_ttbar_spinpol/phase11_diagnostics/excess_weight_rootcause_v1/ttbar_restricted_region_suite_v1/regions/submissions/20260816T231425Z_U9region_core_W15_S8_np1_v1p0p1/region_parent.sub using direct job submission
08/17/26 01:15:08 	assigned HTCondor ID (6053214.0.0)
08/17/26 01:15:08 Submitting HTCondor Node P_W15_IL_M1_A07_S3 job(s)...
08/17/26 01:15:08 Submitting node P_W15_IL_M1_A07_S3 from file /afs/cern.ch/user/c/cglenn/FCCWork/whizard/whizard_ttbar_spinpol/phase11_diagnostics/excess_weight_rootcause_v1/ttbar_restricted_region_suite_v1/regions/submissions/20260816T231425Z_U9region_core_W15_S8_np1_v1p0p1/region_parent.sub using direct job submission
08/17/26 01:15:08 	assigned HTCondor ID (6053215.0.0)
08/17/26 01:15:08 Submitting HTCondor Node P_W15_IL_M1_A07_S4 job(s)...
08/17/26 01:15:08 Submitting node P_W15_IL_M1_A07_S4 from file /afs/cern.ch/user/c/cglenn/FCCWork/whizard/whizard_ttbar_spinpol/phase11_diagnostics/excess_weight_rootcause_v1/ttbar_restricted_region_suite_v1/regions/submissions/20260816T231425Z_U9region_core_W15_S8_np1_v1p0p1/region_parent.sub using direct job submission
08/17/26 01:15:08 	assigned HTCondor ID (6053216.0.0)
08/17/26 01:15:08 Submitting HTCondor Node P_W15_IL_M1_A07_S5 job(s)...
08/17/26 01:15:08 Submitting node P_W15_IL_M1_A07_S5 from file /afs/cern.ch/user/c/cglenn/FCCWork/whizard/whizard_ttbar_spinpol/phase11_diagnostics/excess_weight_rootcause_v1/ttbar_restricted_region_suite_v1/regions/submissions/20260816T231425Z_U9region_core_W15_S8_np1_v1p0p1/region_parent.sub using direct job submission
08/17/26 01:15:08 	assigned HTCondor ID (6053217.0.0)
08/17/26 01:15:08 Submitting HTCondor Node P_W15_IL_M1_A07_S6 job(s)...
08/17/26 01:15:08 Submitting node P_W15_IL_M1_A07_S6 from file /afs/cern.ch/user/c/cglenn/FCCWork/whizard/whizard_ttbar_spinpol/phase11_diagnostics/excess_weight_rootcause_v1/ttbar_restricted_region_suite_v1/regions/submissions/20260816T231425Z_U9region_core_W15_S8_np1_v1p0p1/region_parent.sub using direct job submission
08/17/26 01:15:08 	assigned HTCondor ID (6053218.0.0)
08/17/26 01:15:08 Submitting HTCondor Node P_W15_IL_M1_A07_S7 job(s)...
08/17/26 01:15:08 Submitting node P_W15_IL_M1_A07_S7 from file /afs/cern.ch/user/c/cglenn/FCCWork/whizard/whizard_ttbar_spinpol/phase11_diagnostics/excess_weight_rootcause_v1/ttbar_restricted_region_suite_v1/regions/submissions/20260816T231425Z_U9region_core_W15_S8_np1_v1p0p1/region_parent.sub using direct job submission
08/17/26 01:15:08 	assigned HTCondor ID (6053219.0.0)
08/17/26 01:15:08 Submitting HTCondor Node P_W15_IL_M2_A10_S0 job(s)...
08/17/26 01:15:08 Submitting node P_W15_IL_M2_A10_S0 from file /afs/cern.ch/user/c/cglenn/FCCWork/whizard/whizard_ttbar_spinpol/phase11_diagnostics/excess_weight_rootcause_v1/ttbar_restricted_region_suite_v1/regions/submissions/20260816T231425Z_U9region_core_W15_S8_np1_v1p0p1/region_parent.sub using direct job submission
08/17/26 01:15:08 	assigned HTCondor ID (6053220.0.0)
08/17/26 01:15:08 Submitting HTCondor Node P_W15_IL_M2_A10_S1 job(s)...
08/17/26 01:15:08 Submitting node P_W15_IL_M2_A10_S1 from file /afs/cern.ch/user/c/cglenn/FCCWork/whizard/whizard_ttbar_spinpol/phase11_diagnostics/excess_weight_rootcause_v1/ttbar_restricted_region_suite_v1/regions/submissions/20260816T231425Z_U9region_core_W15_S8_np1_v1p0p1/region_parent.sub using direct job submission
08/17/26 01:15:08 	assigned HTCondor ID (6053221.0.0)
08/17/26 01:15:08 Submitting HTCondor Node P_W15_IL_M2_A10_S2 job(s)...
08/17/26 01:15:08 Submitting node P_W15_IL_M2_A10_S2 from file /afs/cern.ch/user/c/cglenn/FCCWork/whizard/whizard_ttbar_spinpol/phase11_diagnostics/excess_weight_rootcause_v1/ttbar_restricted_region_suite_v1/regions/submissions/20260816T231425Z_U9region_core_W15_S8_np1_v1p0p1/region_parent.sub using direct job submission
08/17/26 01:15:08 	assigned HTCondor ID (6053222.0.0)
08/17/26 01:15:08 Submitting HTCondor Node P_W15_IL_M2_A10_S3 job(s)...
08/17/26 01:15:08 Submitting node P_W15_IL_M2_A10_S3 from file /afs/cern.ch/user/c/cglenn/FCCWork/whizard/whizard_ttbar_spinpol/phase11_diagnostics/excess_weight_rootcause_v1/ttbar_restricted_region_suite_v1/regions/submissions/20260816T231425Z_U9region_core_W15_S8_np1_v1p0p1/region_parent.sub using direct job submission
08/17/26 01:15:08 	assigned HTCondor ID (6053223.0.0)
08/17/26 01:15:08 Submitting HTCondor Node P_W15_IL_M2_A10_S4 job(s)...
08/17/26 01:15:08 Submitting node P_W15_IL_M2_A10_S4 from file /afs/cern.ch/user/c/cglenn/FCCWork/whizard/whizard_ttbar_spinpol/phase11_diagnostics/excess_weight_rootcause_v1/ttbar_restricted_region_suite_v1/regions/submissions/20260816T231425Z_U9region_core_W15_S8_np1_v1p0p1/region_parent.sub using direct job submission
08/17/26 01:15:08 	assigned HTCondor ID (6053224.0.0)
08/17/26 01:15:08 Submitting HTCondor Node P_W15_IL_M2_A10_S5 job(s)...
08/17/26 01:15:08 Submitting node P_W15_IL_M2_A10_S5 from file /afs/cern.ch/user/c/cglenn/FCCWork/whizard/whizard_ttbar_spinpol/phase11_diagnostics/excess_weight_rootcause_v1/ttbar_restricted_region_suite_v1/regions/submissions/20260816T231425Z_U9region_core_W15_S8_np1_v1p0p1/region_parent.sub using direct job submission
08/17/26 01:15:08 	assigned HTCondor ID (6053225.0.0)
08/17/26 01:15:08 Submitting HTCondor Node P_W15_IL_M2_A10_S6 job(s)...
08/17/26 01:15:08 Submitting node P_W15_IL_M2_A10_S6 from file /afs/cern.ch/user/c/cglenn/FCCWork/whizard/whizard_ttbar_spinpol/phase11_diagnostics/excess_weight_rootcause_v1/ttbar_restricted_region_suite_v1/regions/submissions/20260816T231425Z_U9region_core_W15_S8_np1_v1p0p1/region_parent.sub using direct job submission
08/17/26 01:15:08 	assigned HTCondor ID (6053226.0.0)
08/17/26 01:15:08 Submitting HTCondor Node P_W15_IL_M2_A10_S7 job(s)...
08/17/26 01:15:08 Submitting node P_W15_IL_M2_A10_S7 from file /afs/cern.ch/user/c/cglenn/FCCWork/whizard/whizard_ttbar_spinpol/phase11_diagnostics/excess_weight_rootcause_v1/ttbar_restricted_region_suite_v1/regions/submissions/20260816T231425Z_U9region_core_W15_S8_np1_v1p0p1/region_parent.sub using direct job submission
08/17/26 01:15:08 	assigned HTCondor ID (6053227.0.0)
08/17/26 01:15:08 Submitting HTCondor Node P_W15_II_M0_A00_S0 job(s)...
08/17/26 01:15:08 Submitting node P_W15_II_M0_A00_S0 from file /afs/cern.ch/user/c/cglenn/FCCWork/whizard/whizard_ttbar_spinpol/phase11_diagnostics/excess_weight_rootcause_v1/ttbar_restricted_region_suite_v1/regions/submissions/20260816T231425Z_U9region_core_W15_S8_np1_v1p0p1/region_parent.sub using direct job submission
08/17/26 01:15:08 	assigned HTCondor ID (6053228.0.0)
08/17/26 01:15:08 Submitting HTCondor Node P_W15_II_M0_A00_S1 job(s)...
08/17/26 01:15:08 Submitting node P_W15_II_M0_A00_S1 from file /afs/cern.ch/user/c/cglenn/FCCWork/whizard/whizard_ttbar_spinpol/phase11_diagnostics/excess_weight_rootcause_v1/ttbar_restricted_region_suite_v1/regions/submissions/20260816T231425Z_U9region_core_W15_S8_np1_v1p0p1/region_parent.sub using direct job submission
08/17/26 01:15:08 	assigned HTCondor ID (6053229.0.0)
08/17/26 01:15:08 Submitting HTCondor Node P_W15_II_M0_A00_S2 job(s)...
08/17/26 01:15:08 Submitting node P_W15_II_M0_A00_S2 from file /afs/cern.ch/user/c/cglenn/FCCWork/whizard/whizard_ttbar_spinpol/phase11_diagnostics/excess_weight_rootcause_v1/ttbar_restricted_region_suite_v1/regions/submissions/20260816T231425Z_U9region_core_W15_S8_np1_v1p0p1/region_parent.sub using direct job submission
08/17/26 01:15:09 	assigned HTCondor ID (6053230.0.0)
08/17/26 01:15:09 Submitting HTCondor Node P_W15_II_M0_A00_S3 job(s)...
08/17/26 01:15:09 Submitting node P_W15_II_M0_A00_S3 from file /afs/cern.ch/user/c/cglenn/FCCWork/whizard/whizard_ttbar_spinpol/phase11_diagnostics/excess_weight_rootcause_v1/ttbar_restricted_region_suite_v1/regions/submissions/20260816T231425Z_U9region_core_W15_S8_np1_v1p0p1/region_parent.sub using direct job submission
08/17/26 01:15:09 	assigned HTCondor ID (6053231.0.0)
08/17/26 01:15:09 Just submitted 100 jobs this cycle...
08/17/26 01:15:09 DAG status: 0 (DAG_STATUS_OK)
08/17/26 01:15:09 Of 432 nodes total:
08/17/26 01:15:09  Done     Pre   Queued    Post   Ready   Un-Ready   Failed   Futile
08/17/26 01:15:09   ===     ===      ===     ===     ===        ===      ===      ===
08/17/26 01:15:09     0       0      100       0     116        216        0        0
08/17/26 01:15:09 0 job proc(s) currently held
08/17/26 01:15:09 DAGMan Runtime Statistics: [EventCycleTimeSum=0.000; SleepCycleTimeSum=0.000; SubmitCycleTimeAvg=1.844; SubmitCycleTimeMax=1.844; SubmitCycleTimeMin=1.844; SubmitCycleTimeStd=1.844; SubmitCycleTimeSum=1.844; EventCycleTimeCount=0.000; SleepCycleTimeCount=0.000; SubmitCycleTimeCount=1.000; LogProcessCycleTimeSum=0.000; LogProcessCycleTimeCount=0.000; ]
08/17/26 01:15:14 Submitting HTCondor Node P_W15_II_M0_A00_S4 job(s)...
08/17/26 01:15:14 Submitting node P_W15_II_M0_A00_S4 from file /afs/cern.ch/user/c/cglenn/FCCWork/whizard/whizard_ttbar_spinpol/phase11_diagnostics/excess_weight_rootcause_v1/ttbar_restricted_region_suite_v1/regions/submissions/20260816T231425Z_U9region_core_W15_S8_np1_v1p0p1/region_parent.sub using direct job submission
08/17/26 01:15:14 	assigned HTCondor ID (6053232.0.0)
08/17/26 01:15:14 Submitting HTCondor Node P_W15_II_M0_A00_S5 job(s)...
08/17/26 01:15:14 Submitting node P_W15_II_M0_A00_S5 from file /afs/cern.ch/user/c/cglenn/FCCWork/whizard/whizard_ttbar_spinpol/phase11_diagnostics/excess_weight_rootcause_v1/ttbar_restricted_region_suite_v1/regions/submissions/20260816T231425Z_U9region_core_W15_S8_np1_v1p0p1/region_parent.sub using direct job submission
08/17/26 01:15:14 	assigned HTCondor ID (6053233.0.0)
08/17/26 01:15:14 Submitting HTCondor Node P_W15_II_M0_A00_S6 job(s)...
08/17/26 01:15:14 Submitting node P_W15_II_M0_A00_S6 from file /afs/cern.ch/user/c/cglenn/FCCWork/whizard/whizard_ttbar_spinpol/phase11_diagnostics/excess_weight_rootcause_v1/ttbar_restricted_region_suite_v1/regions/submissions/20260816T231425Z_U9region_core_W15_S8_np1_v1p0p1/region_parent.sub using direct job submission
08/17/26 01:15:14 	assigned HTCondor ID (6053234.0.0)
08/17/26 01:15:14 Submitting HTCondor Node P_W15_II_M0_A00_S7 job(s)...
08/17/26 01:15:14 Submitting node P_W15_II_M0_A00_S7 from file /afs/cern.ch/user/c/cglenn/FCCWork/whizard/whizard_ttbar_spinpol/phase11_diagnostics/excess_weight_rootcause_v1/ttbar_restricted_region_suite_v1/regions/submissions/20260816T231425Z_U9region_core_W15_S8_np1_v1p0p1/region_parent.sub using direct job submission
08/17/26 01:15:14 	assigned HTCondor ID (6053235.0.0)
08/17/26 01:15:14 Submitting HTCondor Node P_W15_II_M1_A07_S0 job(s)...
08/17/26 01:15:14 Submitting node P_W15_II_M1_A07_S0 from file /afs/cern.ch/user/c/cglenn/FCCWork/whizard/whizard_ttbar_spinpol/phase11_diagnostics/excess_weight_rootcause_v1/ttbar_restricted_region_suite_v1/regions/submissions/20260816T231425Z_U9region_core_W15_S8_np1_v1p0p1/region_parent.sub using direct job submission
08/17/26 01:15:14 	assigned HTCondor ID (6053236.0.0)
08/17/26 01:15:14 Submitting HTCondor Node P_W15_II_M1_A07_S1 job(s)...
08/17/26 01:15:14 Submitting node P_W15_II_M1_A07_S1 from file /afs/cern.ch/user/c/cglenn/FCCWork/whizard/whizard_ttbar_spinpol/phase11_diagnostics/excess_weight_rootcause_v1/ttbar_restricted_region_suite_v1/regions/submissions/20260816T231425Z_U9region_core_W15_S8_np1_v1p0p1/region_parent.sub using direct job submission
08/17/26 01:15:14 	assigned HTCondor ID (6053237.0.0)
08/17/26 01:15:14 Submitting HTCondor Node P_W15_II_M1_A07_S2 job(s)...
08/17/26 01:15:14 Submitting node P_W15_II_M1_A07_S2 from file /afs/cern.ch/user/c/cglenn/FCCWork/whizard/whizard_ttbar_spinpol/phase11_diagnostics/excess_weight_rootcause_v1/ttbar_restricted_region_suite_v1/regions/submissions/20260816T231425Z_U9region_core_W15_S8_np1_v1p0p1/region_parent.sub using direct job submission
08/17/26 01:15:14 	assigned HTCondor ID (6053238.0.0)
08/17/26 01:15:14 Submitting HTCondor Node P_W15_II_M1_A07_S3 job(s)...
08/17/26 01:15:14 Submitting node P_W15_II_M1_A07_S3 from file /afs/cern.ch/user/c/cglenn/FCCWork/whizard/whizard_ttbar_spinpol/phase11_diagnostics/excess_weight_rootcause_v1/ttbar_restricted_region_suite_v1/regions/submissions/20260816T231425Z_U9region_core_W15_S8_np1_v1p0p1/region_parent.sub using direct job submission
08/17/26 01:15:14 	assigned HTCondor ID (6053239.0.0)
08/17/26 01:15:14 Submitting HTCondor Node P_W15_II_M1_A07_S4 job(s)...
08/17/26 01:15:14 Submitting node P_W15_II_M1_A07_S4 from file /afs/cern.ch/user/c/cglenn/FCCWork/whizard/whizard_ttbar_spinpol/phase11_diagnostics/excess_weight_rootcause_v1/ttbar_restricted_region_suite_v1/regions/submissions/20260816T231425Z_U9region_core_W15_S8_np1_v1p0p1/region_parent.sub using direct job submission
08/17/26 01:15:14 	assigned HTCondor ID (6053240.0.0)
08/17/26 01:15:14 Submitting HTCondor Node P_W15_II_M1_A07_S5 job(s)...
08/17/26 01:15:14 Submitting node P_W15_II_M1_A07_S5 from file /afs/cern.ch/user/c/cglenn/FCCWork/whizard/whizard_ttbar_spinpol/phase11_diagnostics/excess_weight_rootcause_v1/ttbar_restricted_region_suite_v1/regions/submissions/20260816T231425Z_U9region_core_W15_S8_np1_v1p0p1/region_parent.sub using direct job submission
08/17/26 01:15:14 	assigned HTCondor ID (6053241.0.0)
08/17/26 01:15:14 Submitting HTCondor Node P_W15_II_M1_A07_S6 job(s)...
08/17/26 01:15:14 Submitting node P_W15_II_M1_A07_S6 from file /afs/cern.ch/user/c/cglenn/FCCWork/whizard/whizard_ttbar_spinpol/phase11_diagnostics/excess_weight_rootcause_v1/ttbar_restricted_region_suite_v1/regions/submissions/20260816T231425Z_U9region_core_W15_S8_np1_v1p0p1/region_parent.sub using direct job submission
08/17/26 01:15:14 	assigned HTCondor ID (6053242.0.0)
08/17/26 01:15:14 Submitting HTCondor Node P_W15_II_M1_A07_S7 job(s)...
08/17/26 01:15:14 Submitting node P_W15_II_M1_A07_S7 from file /afs/cern.ch/user/c/cglenn/FCCWork/whizard/whizard_ttbar_spinpol/phase11_diagnostics/excess_weight_rootcause_v1/ttbar_restricted_region_suite_v1/regions/submissions/20260816T231425Z_U9region_core_W15_S8_np1_v1p0p1/region_parent.sub using direct job submission
08/17/26 01:15:14 	assigned HTCondor ID (6053243.0.0)
08/17/26 01:15:14 Submitting HTCondor Node P_W15_II_M2_A10_S0 job(s)...
08/17/26 01:15:14 Submitting node P_W15_II_M2_A10_S0 from file /afs/cern.ch/user/c/cglenn/FCCWork/whizard/whizard_ttbar_spinpol/phase11_diagnostics/excess_weight_rootcause_v1/ttbar_restricted_region_suite_v1/regions/submissions/20260816T231425Z_U9region_core_W15_S8_np1_v1p0p1/region_parent.sub using direct job submission
08/17/26 01:15:14 	assigned HTCondor ID (6053244.0.0)
08/17/26 01:15:14 Submitting HTCondor Node P_W15_II_M2_A10_S1 job(s)...
08/17/26 01:15:14 Submitting node P_W15_II_M2_A10_S1 from file /afs/cern.ch/user/c/cglenn/FCCWork/whizard/whizard_ttbar_spinpol/phase11_diagnostics/excess_weight_rootcause_v1/ttbar_restricted_region_suite_v1/regions/submissions/20260816T231425Z_U9region_core_W15_S8_np1_v1p0p1/region_parent.sub using direct job submission
08/17/26 01:15:14 	assigned HTCondor ID (6053245.0.0)
08/17/26 01:15:14 Submitting HTCondor Node P_W15_II_M2_A10_S2 job(s)...
08/17/26 01:15:14 Submitting node P_W15_II_M2_A10_S2 from file /afs/cern.ch/user/c/cglenn/FCCWork/whizard/whizard_ttbar_spinpol/phase11_diagnostics/excess_weight_rootcause_v1/ttbar_restricted_region_suite_v1/regions/submissions/20260816T231425Z_U9region_core_W15_S8_np1_v1p0p1/region_parent.sub using direct job submission
08/17/26 01:15:14 	assigned HTCondor ID (6053246.0.0)
08/17/26 01:15:14 Submitting HTCondor Node P_W15_II_M2_A10_S3 job(s)...
08/17/26 01:15:14 Submitting node P_W15_II_M2_A10_S3 from file /afs/cern.ch/user/c/cglenn/FCCWork/whizard/whizard_ttbar_spinpol/phase11_diagnostics/excess_weight_rootcause_v1/ttbar_restricted_region_suite_v1/regions/submissions/20260816T231425Z_U9region_core_W15_S8_np1_v1p0p1/region_parent.sub using direct job submission
08/17/26 01:15:14 	assigned HTCondor ID (6053247.0.0)
08/17/26 01:15:14 Submitting HTCondor Node P_W15_II_M2_A10_S4 job(s)...
08/17/26 01:15:14 Submitting node P_W15_II_M2_A10_S4 from file /afs/cern.ch/user/c/cglenn/FCCWork/whizard/whizard_ttbar_spinpol/phase11_diagnostics/excess_weight_rootcause_v1/ttbar_restricted_region_suite_v1/regions/submissions/20260816T231425Z_U9region_core_W15_S8_np1_v1p0p1/region_parent.sub using direct job submission
08/17/26 01:15:14 	assigned HTCondor ID (6053248.0.0)
08/17/26 01:15:14 Submitting HTCondor Node P_W15_II_M2_A10_S5 job(s)...
08/17/26 01:15:14 Submitting node P_W15_II_M2_A10_S5 from file /afs/cern.ch/user/c/cglenn/FCCWork/whizard/whizard_ttbar_spinpol/phase11_diagnostics/excess_weight_rootcause_v1/ttbar_restricted_region_suite_v1/regions/submissions/20260816T231425Z_U9region_core_W15_S8_np1_v1p0p1/region_parent.sub using direct job submission
08/17/26 01:15:14 	assigned HTCondor ID (6053249.0.0)
08/17/26 01:15:14 Submitting HTCondor Node P_W15_II_M2_A10_S6 job(s)...
08/17/26 01:15:14 Submitting node P_W15_II_M2_A10_S6 from file /afs/cern.ch/user/c/cglenn/FCCWork/whizard/whizard_ttbar_spinpol/phase11_diagnostics/excess_weight_rootcause_v1/ttbar_restricted_region_suite_v1/regions/submissions/20260816T231425Z_U9region_core_W15_S8_np1_v1p0p1/region_parent.sub using direct job submission
08/17/26 01:15:14 	assigned HTCondor ID (6053250.0.0)
08/17/26 01:15:14 Submitting HTCondor Node P_W15_II_M2_A10_S7 job(s)...
08/17/26 01:15:14 Submitting node P_W15_II_M2_A10_S7 from file /afs/cern.ch/user/c/cglenn/FCCWork/whizard/whizard_ttbar_spinpol/phase11_diagnostics/excess_weight_rootcause_v1/ttbar_restricted_region_suite_v1/regions/submissions/20260816T231425Z_U9region_core_W15_S8_np1_v1p0p1/region_parent.sub using direct job submission
08/17/26 01:15:14 	assigned HTCondor ID (6053251.0.0)
08/17/26 01:15:14 Submitting HTCondor Node P_W15_IH_M0_A00_S0 job(s)...
08/17/26 01:15:14 Submitting node P_W15_IH_M0_A00_S0 from file /afs/cern.ch/user/c/cglenn/FCCWork/whizard/whizard_ttbar_spinpol/phase11_diagnostics/excess_weight_rootcause_v1/ttbar_restricted_region_suite_v1/regions/submissions/20260816T231425Z_U9region_core_W15_S8_np1_v1p0p1/region_parent.sub using direct job submission
08/17/26 01:15:14 	assigned HTCondor ID (6053252.0.0)
08/17/26 01:15:14 Submitting HTCondor Node P_W15_IH_M0_A00_S1 job(s)...
08/17/26 01:15:14 Submitting node P_W15_IH_M0_A00_S1 from file /afs/cern.ch/user/c/cglenn/FCCWork/whizard/whizard_ttbar_spinpol/phase11_diagnostics/excess_weight_rootcause_v1/ttbar_restricted_region_suite_v1/regions/submissions/20260816T231425Z_U9region_core_W15_S8_np1_v1p0p1/region_parent.sub using direct job submission
08/17/26 01:15:14 	assigned HTCondor ID (6053253.0.0)
08/17/26 01:15:14 Submitting HTCondor Node P_W15_IH_M0_A00_S2 job(s)...
08/17/26 01:15:14 Submitting node P_W15_IH_M0_A00_S2 from file /afs/cern.ch/user/c/cglenn/FCCWork/whizard/whizard_ttbar_spinpol/phase11_diagnostics/excess_weight_rootcause_v1/ttbar_restricted_region_suite_v1/regions/submissions/20260816T231425Z_U9region_core_W15_S8_np1_v1p0p1/region_parent.sub using direct job submission
08/17/26 01:15:14 	assigned HTCondor ID (6053254.0.0)
08/17/26 01:15:14 Submitting HTCondor Node P_W15_IH_M0_A00_S3 job(s)...
08/17/26 01:15:14 Submitting node P_W15_IH_M0_A00_S3 from file /afs/cern.ch/user/c/cglenn/FCCWork/whizard/whizard_ttbar_spinpol/phase11_diagnostics/excess_weight_rootcause_v1/ttbar_restricted_region_suite_v1/regions/submissions/20260816T231425Z_U9region_core_W15_S8_np1_v1p0p1/region_parent.sub using direct job submission
08/17/26 01:15:14 	assigned HTCondor ID (6053255.0.0)
08/17/26 01:15:14 Submitting HTCondor Node P_W15_IH_M0_A00_S4 job(s)...
08/17/26 01:15:14 Submitting node P_W15_IH_M0_A00_S4 from file /afs/cern.ch/user/c/cglenn/FCCWork/whizard/whizard_ttbar_spinpol/phase11_diagnostics/excess_weight_rootcause_v1/ttbar_restricted_region_suite_v1/regions/submissions/20260816T231425Z_U9region_core_W15_S8_np1_v1p0p1/region_parent.sub using direct job submission
08/17/26 01:15:14 	assigned HTCondor ID (6053256.0.0)
08/17/26 01:15:14 Submitting HTCondor Node P_W15_IH_M0_A00_S5 job(s)...
08/17/26 01:15:14 Submitting node P_W15_IH_M0_A00_S5 from file /afs/cern.ch/user/c/cglenn/FCCWork/whizard/whizard_ttbar_spinpol/phase11_diagnostics/excess_weight_rootcause_v1/ttbar_restricted_region_suite_v1/regions/submissions/20260816T231425Z_U9region_core_W15_S8_np1_v1p0p1/region_parent.sub using direct job submission
08/17/26 01:15:14 	assigned HTCondor ID (6053257.0.0)
08/17/26 01:15:14 Submitting HTCondor Node P_W15_IH_M0_A00_S6 job(s)...
08/17/26 01:15:14 Submitting node P_W15_IH_M0_A00_S6 from file /afs/cern.ch/user/c/cglenn/FCCWork/whizard/whizard_ttbar_spinpol/phase11_diagnostics/excess_weight_rootcause_v1/ttbar_restricted_region_suite_v1/regions/submissions/20260816T231425Z_U9region_core_W15_S8_np1_v1p0p1/region_parent.sub using direct job submission
08/17/26 01:15:14 	assigned HTCondor ID (6053258.0.0)
08/17/26 01:15:14 Submitting HTCondor Node P_W15_IH_M0_A00_S7 job(s)...
08/17/26 01:15:14 Submitting node P_W15_IH_M0_A00_S7 from file /afs/cern.ch/user/c/cglenn/FCCWork/whizard/whizard_ttbar_spinpol/phase11_diagnostics/excess_weight_rootcause_v1/ttbar_restricted_region_suite_v1/regions/submissions/20260816T231425Z_U9region_core_W15_S8_np1_v1p0p1/region_parent.sub using direct job submission
08/17/26 01:15:14 	assigned HTCondor ID (6053259.0.0)
08/17/26 01:15:14 Submitting HTCondor Node P_W15_IH_M1_A07_S0 job(s)...
08/17/26 01:15:14 Submitting node P_W15_IH_M1_A07_S0 from file /afs/cern.ch/user/c/cglenn/FCCWork/whizard/whizard_ttbar_spinpol/phase11_diagnostics/excess_weight_rootcause_v1/ttbar_restricted_region_suite_v1/regions/submissions/20260816T231425Z_U9region_core_W15_S8_np1_v1p0p1/region_parent.sub using direct job submission
08/17/26 01:15:14 	assigned HTCondor ID (6053260.0.0)
08/17/26 01:15:14 Submitting HTCondor Node P_W15_IH_M1_A07_S1 job(s)...
08/17/26 01:15:14 Submitting node P_W15_IH_M1_A07_S1 from file /afs/cern.ch/user/c/cglenn/FCCWork/whizard/whizard_ttbar_spinpol/phase11_diagnostics/excess_weight_rootcause_v1/ttbar_restricted_region_suite_v1/regions/submissions/20260816T231425Z_U9region_core_W15_S8_np1_v1p0p1/region_parent.sub using direct job submission
08/17/26 01:15:14 	assigned HTCondor ID (6053261.0.0)
08/17/26 01:15:14 Submitting HTCondor Node P_W15_IH_M1_A07_S2 job(s)...
08/17/26 01:15:14 Submitting node P_W15_IH_M1_A07_S2 from file /afs/cern.ch/user/c/cglenn/FCCWork/whizard/whizard_ttbar_spinpol/phase11_diagnostics/excess_weight_rootcause_v1/ttbar_restricted_region_suite_v1/regions/submissions/20260816T231425Z_U9region_core_W15_S8_np1_v1p0p1/region_parent.sub using direct job submission
08/17/26 01:15:14 	assigned HTCondor ID (6053262.0.0)
08/17/26 01:15:14 Submitting HTCondor Node P_W15_IH_M1_A07_S3 job(s)...
08/17/26 01:15:14 Submitting node P_W15_IH_M1_A07_S3 from file /afs/cern.ch/user/c/cglenn/FCCWork/whizard/whizard_ttbar_spinpol/phase11_diagnostics/excess_weight_rootcause_v1/ttbar_restricted_region_suite_v1/regions/submissions/20260816T231425Z_U9region_core_W15_S8_np1_v1p0p1/region_parent.sub using direct job submission
08/17/26 01:15:14 	assigned HTCondor ID (6053263.0.0)
08/17/26 01:15:14 Submitting HTCondor Node P_W15_IH_M1_A07_S4 job(s)...
08/17/26 01:15:14 Submitting node P_W15_IH_M1_A07_S4 from file /afs/cern.ch/user/c/cglenn/FCCWork/whizard/whizard_ttbar_spinpol/phase11_diagnostics/excess_weight_rootcause_v1/ttbar_restricted_region_suite_v1/regions/submissions/20260816T231425Z_U9region_core_W15_S8_np1_v1p0p1/region_parent.sub using direct job submission
08/17/26 01:15:14 	assigned HTCondor ID (6053264.0.0)
08/17/26 01:15:14 Submitting HTCondor Node P_W15_IH_M1_A07_S5 job(s)...
08/17/26 01:15:14 Submitting node P_W15_IH_M1_A07_S5 from file /afs/cern.ch/user/c/cglenn/FCCWork/whizard/whizard_ttbar_spinpol/phase11_diagnostics/excess_weight_rootcause_v1/ttbar_restricted_region_suite_v1/regions/submissions/20260816T231425Z_U9region_core_W15_S8_np1_v1p0p1/region_parent.sub using direct job submission
08/17/26 01:15:14 	assigned HTCondor ID (6053265.0.0)
08/17/26 01:15:14 Submitting HTCondor Node P_W15_IH_M1_A07_S6 job(s)...
08/17/26 01:15:14 Submitting node P_W15_IH_M1_A07_S6 from file /afs/cern.ch/user/c/cglenn/FCCWork/whizard/whizard_ttbar_spinpol/phase11_diagnostics/excess_weight_rootcause_v1/ttbar_restricted_region_suite_v1/regions/submissions/20260816T231425Z_U9region_core_W15_S8_np1_v1p0p1/region_parent.sub using direct job submission
08/17/26 01:15:14 	assigned HTCondor ID (6053266.0.0)
08/17/26 01:15:14 Submitting HTCondor Node P_W15_IH_M1_A07_S7 job(s)...
08/17/26 01:15:14 Submitting node P_W15_IH_M1_A07_S7 from file /afs/cern.ch/user/c/cglenn/FCCWork/whizard/whizard_ttbar_spinpol/phase11_diagnostics/excess_weight_rootcause_v1/ttbar_restricted_region_suite_v1/regions/submissions/20260816T231425Z_U9region_core_W15_S8_np1_v1p0p1/region_parent.sub using direct job submission
08/17/26 01:15:14 	assigned HTCondor ID (6053267.0.0)
08/17/26 01:15:14 Submitting HTCondor Node P_W15_IH_M2_A10_S0 job(s)...
08/17/26 01:15:14 Submitting node P_W15_IH_M2_A10_S0 from file /afs/cern.ch/user/c/cglenn/FCCWork/whizard/whizard_ttbar_spinpol/phase11_diagnostics/excess_weight_rootcause_v1/ttbar_restricted_region_suite_v1/regions/submissions/20260816T231425Z_U9region_core_W15_S8_np1_v1p0p1/region_parent.sub using direct job submission
08/17/26 01:15:15 	assigned HTCondor ID (6053268.0.0)
08/17/26 01:15:15 Submitting HTCondor Node P_W15_IH_M2_A10_S1 job(s)...
08/17/26 01:15:15 Submitting node P_W15_IH_M2_A10_S1 from file /afs/cern.ch/user/c/cglenn/FCCWork/whizard/whizard_ttbar_spinpol/phase11_diagnostics/excess_weight_rootcause_v1/ttbar_restricted_region_suite_v1/regions/submissions/20260816T231425Z_U9region_core_W15_S8_np1_v1p0p1/region_parent.sub using direct job submission
08/17/26 01:15:15 	assigned HTCondor ID (6053269.0.0)
08/17/26 01:15:15 Submitting HTCondor Node P_W15_IH_M2_A10_S2 job(s)...
08/17/26 01:15:15 Submitting node P_W15_IH_M2_A10_S2 from file /afs/cern.ch/user/c/cglenn/FCCWork/whizard/whizard_ttbar_spinpol/phase11_diagnostics/excess_weight_rootcause_v1/ttbar_restricted_region_suite_v1/regions/submissions/20260816T231425Z_U9region_core_W15_S8_np1_v1p0p1/region_parent.sub using direct job submission
08/17/26 01:15:15 	assigned HTCondor ID (6053270.0.0)
08/17/26 01:15:15 Submitting HTCondor Node P_W15_IH_M2_A10_S3 job(s)...
08/17/26 01:15:15 Submitting node P_W15_IH_M2_A10_S3 from file /afs/cern.ch/user/c/cglenn/FCCWork/whizard/whizard_ttbar_spinpol/phase11_diagnostics/excess_weight_rootcause_v1/ttbar_restricted_region_suite_v1/regions/submissions/20260816T231425Z_U9region_core_W15_S8_np1_v1p0p1/region_parent.sub using direct job submission
08/17/26 01:15:15 	assigned HTCondor ID (6053271.0.0)
08/17/26 01:15:15 Submitting HTCondor Node P_W15_IH_M2_A10_S4 job(s)...
08/17/26 01:15:15 Submitting node P_W15_IH_M2_A10_S4 from file /afs/cern.ch/user/c/cglenn/FCCWork/whizard/whizard_ttbar_spinpol/phase11_diagnostics/excess_weight_rootcause_v1/ttbar_restricted_region_suite_v1/regions/submissions/20260816T231425Z_U9region_core_W15_S8_np1_v1p0p1/region_parent.sub using direct job submission
08/17/26 01:15:15 	assigned HTCondor ID (6053272.0.0)
08/17/26 01:15:15 Submitting HTCondor Node P_W15_IH_M2_A10_S5 job(s)...
08/17/26 01:15:15 Submitting node P_W15_IH_M2_A10_S5 from file /afs/cern.ch/user/c/cglenn/FCCWork/whizard/whizard_ttbar_spinpol/phase11_diagnostics/excess_weight_rootcause_v1/ttbar_restricted_region_suite_v1/regions/submissions/20260816T231425Z_U9region_core_W15_S8_np1_v1p0p1/region_parent.sub using direct job submission
08/17/26 01:15:15 	assigned HTCondor ID (6053273.0.0)
08/17/26 01:15:15 Submitting HTCondor Node P_W15_IH_M2_A10_S6 job(s)...
08/17/26 01:15:15 Submitting node P_W15_IH_M2_A10_S6 from file /afs/cern.ch/user/c/cglenn/FCCWork/whizard/whizard_ttbar_spinpol/phase11_diagnostics/excess_weight_rootcause_v1/ttbar_restricted_region_suite_v1/regions/submissions/20260816T231425Z_U9region_core_W15_S8_np1_v1p0p1/region_parent.sub using direct job submission
08/17/26 01:15:15 	assigned HTCondor ID (6053274.0.0)
08/17/26 01:15:15 Submitting HTCondor Node P_W15_IH_M2_A10_S7 job(s)...
08/17/26 01:15:15 Submitting node P_W15_IH_M2_A10_S7 from file /afs/cern.ch/user/c/cglenn/FCCWork/whizard/whizard_ttbar_spinpol/phase11_diagnostics/excess_weight_rootcause_v1/ttbar_restricted_region_suite_v1/regions/submissions/20260816T231425Z_U9region_core_W15_S8_np1_v1p0p1/region_parent.sub using direct job submission
08/17/26 01:15:15 	assigned HTCondor ID (6053275.0.0)
08/17/26 01:15:15 Submitting HTCondor Node P_W15_HL_M0_A00_S0 job(s)...
08/17/26 01:15:15 Submitting node P_W15_HL_M0_A00_S0 from file /afs/cern.ch/user/c/cglenn/FCCWork/whizard/whizard_ttbar_spinpol/phase11_diagnostics/excess_weight_rootcause_v1/ttbar_restricted_region_suite_v1/regions/submissions/20260816T231425Z_U9region_core_W15_S8_np1_v1p0p1/region_parent.sub using direct job submission
08/17/26 01:15:15 	assigned HTCondor ID (6053276.0.0)
08/17/26 01:15:15 Submitting HTCondor Node P_W15_HL_M0_A00_S1 job(s)...
08/17/26 01:15:15 Submitting node P_W15_HL_M0_A00_S1 from file /afs/cern.ch/user/c/cglenn/FCCWork/whizard/whizard_ttbar_spinpol/phase11_diagnostics/excess_weight_rootcause_v1/ttbar_restricted_region_suite_v1/regions/submissions/20260816T231425Z_U9region_core_W15_S8_np1_v1p0p1/region_parent.sub using direct job submission
08/17/26 01:15:15 	assigned HTCondor ID (6053277.0.0)
08/17/26 01:15:15 Submitting HTCondor Node P_W15_HL_M0_A00_S2 job(s)...
08/17/26 01:15:15 Submitting node P_W15_HL_M0_A00_S2 from file /afs/cern.ch/user/c/cglenn/FCCWork/whizard/whizard_ttbar_spinpol/phase11_diagnostics/excess_weight_rootcause_v1/ttbar_restricted_region_suite_v1/regions/submissions/20260816T231425Z_U9region_core_W15_S8_np1_v1p0p1/region_parent.sub using direct job submission
08/17/26 01:15:15 	assigned HTCondor ID (6053278.0.0)
08/17/26 01:15:15 Submitting HTCondor Node P_W15_HL_M0_A00_S3 job(s)...
08/17/26 01:15:15 Submitting node P_W15_HL_M0_A00_S3 from file /afs/cern.ch/user/c/cglenn/FCCWork/whizard/whizard_ttbar_spinpol/phase11_diagnostics/excess_weight_rootcause_v1/ttbar_restricted_region_suite_v1/regions/submissions/20260816T231425Z_U9region_core_W15_S8_np1_v1p0p1/region_parent.sub using direct job submission
08/17/26 01:15:15 	assigned HTCondor ID (6053279.0.0)
08/17/26 01:15:15 Submitting HTCondor Node P_W15_HL_M0_A00_S4 job(s)...
08/17/26 01:15:15 Submitting node P_W15_HL_M0_A00_S4 from file /afs/cern.ch/user/c/cglenn/FCCWork/whizard/whizard_ttbar_spinpol/phase11_diagnostics/excess_weight_rootcause_v1/ttbar_restricted_region_suite_v1/regions/submissions/20260816T231425Z_U9region_core_W15_S8_np1_v1p0p1/region_parent.sub using direct job submission
08/17/26 01:15:15 	assigned HTCondor ID (6053280.0.0)
08/17/26 01:15:15 Submitting HTCondor Node P_W15_HL_M0_A00_S5 job(s)...
08/17/26 01:15:15 Submitting node P_W15_HL_M0_A00_S5 from file /afs/cern.ch/user/c/cglenn/FCCWork/whizard/whizard_ttbar_spinpol/phase11_diagnostics/excess_weight_rootcause_v1/ttbar_restricted_region_suite_v1/regions/submissions/20260816T231425Z_U9region_core_W15_S8_np1_v1p0p1/region_parent.sub using direct job submission
08/17/26 01:15:15 	assigned HTCondor ID (6053281.0.0)
08/17/26 01:15:15 Submitting HTCondor Node P_W15_HL_M0_A00_S6 job(s)...
08/17/26 01:15:15 Submitting node P_W15_HL_M0_A00_S6 from file /afs/cern.ch/user/c/cglenn/FCCWork/whizard/whizard_ttbar_spinpol/phase11_diagnostics/excess_weight_rootcause_v1/ttbar_restricted_region_suite_v1/regions/submissions/20260816T231425Z_U9region_core_W15_S8_np1_v1p0p1/region_parent.sub using direct job submission
08/17/26 01:15:15 	assigned HTCondor ID (6053282.0.0)
08/17/26 01:15:15 Submitting HTCondor Node P_W15_HL_M0_A00_S7 job(s)...
08/17/26 01:15:15 Submitting node P_W15_HL_M0_A00_S7 from file /afs/cern.ch/user/c/cglenn/FCCWork/whizard/whizard_ttbar_spinpol/phase11_diagnostics/excess_weight_rootcause_v1/ttbar_restricted_region_suite_v1/regions/submissions/20260816T231425Z_U9region_core_W15_S8_np1_v1p0p1/region_parent.sub using direct job submission
08/17/26 01:15:15 	assigned HTCondor ID (6053283.0.0)
08/17/26 01:15:15 Submitting HTCondor Node P_W15_HL_M1_A07_S0 job(s)...
08/17/26 01:15:15 Submitting node P_W15_HL_M1_A07_S0 from file /afs/cern.ch/user/c/cglenn/FCCWork/whizard/whizard_ttbar_spinpol/phase11_diagnostics/excess_weight_rootcause_v1/ttbar_restricted_region_suite_v1/regions/submissions/20260816T231425Z_U9region_core_W15_S8_np1_v1p0p1/region_parent.sub using direct job submission
08/17/26 01:15:15 	assigned HTCondor ID (6053284.0.0)
08/17/26 01:15:15 Submitting HTCondor Node P_W15_HL_M1_A07_S1 job(s)...
08/17/26 01:15:15 Submitting node P_W15_HL_M1_A07_S1 from file /afs/cern.ch/user/c/cglenn/FCCWork/whizard/whizard_ttbar_spinpol/phase11_diagnostics/excess_weight_rootcause_v1/ttbar_restricted_region_suite_v1/regions/submissions/20260816T231425Z_U9region_core_W15_S8_np1_v1p0p1/region_parent.sub using direct job submission
08/17/26 01:15:15 	assigned HTCondor ID (6053285.0.0)
08/17/26 01:15:15 Submitting HTCondor Node P_W15_HL_M1_A07_S2 job(s)...
08/17/26 01:15:15 Submitting node P_W15_HL_M1_A07_S2 from file /afs/cern.ch/user/c/cglenn/FCCWork/whizard/whizard_ttbar_spinpol/phase11_diagnostics/excess_weight_rootcause_v1/ttbar_restricted_region_suite_v1/regions/submissions/20260816T231425Z_U9region_core_W15_S8_np1_v1p0p1/region_parent.sub using direct job submission
08/17/26 01:15:15 	assigned HTCondor ID (6053286.0.0)
08/17/26 01:15:15 Submitting HTCondor Node P_W15_HL_M1_A07_S3 job(s)...
08/17/26 01:15:15 Submitting node P_W15_HL_M1_A07_S3 from file /afs/cern.ch/user/c/cglenn/FCCWork/whizard/whizard_ttbar_spinpol/phase11_diagnostics/excess_weight_rootcause_v1/ttbar_restricted_region_suite_v1/regions/submissions/20260816T231425Z_U9region_core_W15_S8_np1_v1p0p1/region_parent.sub using direct job submission
08/17/26 01:15:15 	assigned HTCondor ID (6053287.0.0)
08/17/26 01:15:15 Submitting HTCondor Node P_W15_HL_M1_A07_S4 job(s)...
08/17/26 01:15:15 Submitting node P_W15_HL_M1_A07_S4 from file /afs/cern.ch/user/c/cglenn/FCCWork/whizard/whizard_ttbar_spinpol/phase11_diagnostics/excess_weight_rootcause_v1/ttbar_restricted_region_suite_v1/regions/submissions/20260816T231425Z_U9region_core_W15_S8_np1_v1p0p1/region_parent.sub using direct job submission
08/17/26 01:15:15 	assigned HTCondor ID (6053288.0.0)
08/17/26 01:15:15 Submitting HTCondor Node P_W15_HL_M1_A07_S5 job(s)...
08/17/26 01:15:15 Submitting node P_W15_HL_M1_A07_S5 from file /afs/cern.ch/user/c/cglenn/FCCWork/whizard/whizard_ttbar_spinpol/phase11_diagnostics/excess_weight_rootcause_v1/ttbar_restricted_region_suite_v1/regions/submissions/20260816T231425Z_U9region_core_W15_S8_np1_v1p0p1/region_parent.sub using direct job submission
08/17/26 01:15:15 	assigned HTCondor ID (6053289.0.0)
08/17/26 01:15:15 Submitting HTCondor Node P_W15_HL_M1_A07_S6 job(s)...
08/17/26 01:15:15 Submitting node P_W15_HL_M1_A07_S6 from file /afs/cern.ch/user/c/cglenn/FCCWork/whizard/whizard_ttbar_spinpol/phase11_diagnostics/excess_weight_rootcause_v1/ttbar_restricted_region_suite_v1/regions/submissions/20260816T231425Z_U9region_core_W15_S8_np1_v1p0p1/region_parent.sub using direct job submission
08/17/26 01:15:15 	assigned HTCondor ID (6053290.0.0)
08/17/26 01:15:15 Submitting HTCondor Node P_W15_HL_M1_A07_S7 job(s)...
08/17/26 01:15:15 Submitting node P_W15_HL_M1_A07_S7 from file /afs/cern.ch/user/c/cglenn/FCCWork/whizard/whizard_ttbar_spinpol/phase11_diagnostics/excess_weight_rootcause_v1/ttbar_restricted_region_suite_v1/regions/submissions/20260816T231425Z_U9region_core_W15_S8_np1_v1p0p1/region_parent.sub using direct job submission
08/17/26 01:15:15 	assigned HTCondor ID (6053291.0.0)
08/17/26 01:15:15 Submitting HTCondor Node P_W15_HL_M2_A10_S0 job(s)...
08/17/26 01:15:15 Submitting node P_W15_HL_M2_A10_S0 from file /afs/cern.ch/user/c/cglenn/FCCWork/whizard/whizard_ttbar_spinpol/phase11_diagnostics/excess_weight_rootcause_v1/ttbar_restricted_region_suite_v1/regions/submissions/20260816T231425Z_U9region_core_W15_S8_np1_v1p0p1/region_parent.sub using direct job submission
08/17/26 01:15:15 	assigned HTCondor ID (6053292.0.0)
08/17/26 01:15:15 Submitting HTCondor Node P_W15_HL_M2_A10_S1 job(s)...
08/17/26 01:15:15 Submitting node P_W15_HL_M2_A10_S1 from file /afs/cern.ch/user/c/cglenn/FCCWork/whizard/whizard_ttbar_spinpol/phase11_diagnostics/excess_weight_rootcause_v1/ttbar_restricted_region_suite_v1/regions/submissions/20260816T231425Z_U9region_core_W15_S8_np1_v1p0p1/region_parent.sub using direct job submission
08/17/26 01:15:15 	assigned HTCondor ID (6053293.0.0)
08/17/26 01:15:15 Submitting HTCondor Node P_W15_HL_M2_A10_S2 job(s)...
08/17/26 01:15:15 Submitting node P_W15_HL_M2_A10_S2 from file /afs/cern.ch/user/c/cglenn/FCCWork/whizard/whizard_ttbar_spinpol/phase11_diagnostics/excess_weight_rootcause_v1/ttbar_restricted_region_suite_v1/regions/submissions/20260816T231425Z_U9region_core_W15_S8_np1_v1p0p1/region_parent.sub using direct job submission
08/17/26 01:15:15 	assigned HTCondor ID (6053294.0.0)
08/17/26 01:15:15 Submitting HTCondor Node P_W15_HL_M2_A10_S3 job(s)...
08/17/26 01:15:15 Submitting node P_W15_HL_M2_A10_S3 from file /afs/cern.ch/user/c/cglenn/FCCWork/whizard/whizard_ttbar_spinpol/phase11_diagnostics/excess_weight_rootcause_v1/ttbar_restricted_region_suite_v1/regions/submissions/20260816T231425Z_U9region_core_W15_S8_np1_v1p0p1/region_parent.sub using direct job submission
08/17/26 01:15:15 	assigned HTCondor ID (6053295.0.0)
08/17/26 01:15:15 Submitting HTCondor Node P_W15_HL_M2_A10_S4 job(s)...
08/17/26 01:15:15 Submitting node P_W15_HL_M2_A10_S4 from file /afs/cern.ch/user/c/cglenn/FCCWork/whizard/whizard_ttbar_spinpol/phase11_diagnostics/excess_weight_rootcause_v1/ttbar_restricted_region_suite_v1/regions/submissions/20260816T231425Z_U9region_core_W15_S8_np1_v1p0p1/region_parent.sub using direct job submission
08/17/26 01:15:15 	assigned HTCondor ID (6053296.0.0)
08/17/26 01:15:15 Submitting HTCondor Node P_W15_HL_M2_A10_S5 job(s)...
08/17/26 01:15:15 Submitting node P_W15_HL_M2_A10_S5 from file /afs/cern.ch/user/c/cglenn/FCCWork/whizard/whizard_ttbar_spinpol/phase11_diagnostics/excess_weight_rootcause_v1/ttbar_restricted_region_suite_v1/regions/submissions/20260816T231425Z_U9region_core_W15_S8_np1_v1p0p1/region_parent.sub using direct job submission
08/17/26 01:15:15 	assigned HTCondor ID (6053297.0.0)
08/17/26 01:15:15 Submitting HTCondor Node P_W15_HL_M2_A10_S6 job(s)...
08/17/26 01:15:15 Submitting node P_W15_HL_M2_A10_S6 from file /afs/cern.ch/user/c/cglenn/FCCWork/whizard/whizard_ttbar_spinpol/phase11_diagnostics/excess_weight_rootcause_v1/ttbar_restricted_region_suite_v1/regions/submissions/20260816T231425Z_U9region_core_W15_S8_np1_v1p0p1/region_parent.sub using direct job submission
08/17/26 01:15:15 	assigned HTCondor ID (6053298.0.0)
08/17/26 01:15:15 Submitting HTCondor Node P_W15_HL_M2_A10_S7 job(s)...
08/17/26 01:15:15 Submitting node P_W15_HL_M2_A10_S7 from file /afs/cern.ch/user/c/cglenn/FCCWork/whizard/whizard_ttbar_spinpol/phase11_diagnostics/excess_weight_rootcause_v1/ttbar_restricted_region_suite_v1/regions/submissions/20260816T231425Z_U9region_core_W15_S8_np1_v1p0p1/region_parent.sub using direct job submission
08/17/26 01:15:15 	assigned HTCondor ID (6053299.0.0)
08/17/26 01:15:15 Submitting HTCondor Node P_W15_HI_M0_A00_S0 job(s)...
08/17/26 01:15:15 Submitting node P_W15_HI_M0_A00_S0 from file /afs/cern.ch/user/c/cglenn/FCCWork/whizard/whizard_ttbar_spinpol/phase11_diagnostics/excess_weight_rootcause_v1/ttbar_restricted_region_suite_v1/regions/submissions/20260816T231425Z_U9region_core_W15_S8_np1_v1p0p1/region_parent.sub using direct job submission
08/17/26 01:15:15 	assigned HTCondor ID (6053300.0.0)
08/17/26 01:15:15 Submitting HTCondor Node P_W15_HI_M0_A00_S1 job(s)...
08/17/26 01:15:15 Submitting node P_W15_HI_M0_A00_S1 from file /afs/cern.ch/user/c/cglenn/FCCWork/whizard/whizard_ttbar_spinpol/phase11_diagnostics/excess_weight_rootcause_v1/ttbar_restricted_region_suite_v1/regions/submissions/20260816T231425Z_U9region_core_W15_S8_np1_v1p0p1/region_parent.sub using direct job submission
08/17/26 01:15:15 	assigned HTCondor ID (6053301.0.0)
08/17/26 01:15:15 Submitting HTCondor Node P_W15_HI_M0_A00_S2 job(s)...
08/17/26 01:15:15 Submitting node P_W15_HI_M0_A00_S2 from file /afs/cern.ch/user/c/cglenn/FCCWork/whizard/whizard_ttbar_spinpol/phase11_diagnostics/excess_weight_rootcause_v1/ttbar_restricted_region_suite_v1/regions/submissions/20260816T231425Z_U9region_core_W15_S8_np1_v1p0p1/region_parent.sub using direct job submission
08/17/26 01:15:15 	assigned HTCondor ID (6053302.0.0)
08/17/26 01:15:15 Submitting HTCondor Node P_W15_HI_M0_A00_S3 job(s)...
08/17/26 01:15:15 Submitting node P_W15_HI_M0_A00_S3 from file /afs/cern.ch/user/c/cglenn/FCCWork/whizard/whizard_ttbar_spinpol/phase11_diagnostics/excess_weight_rootcause_v1/ttbar_restricted_region_suite_v1/regions/submissions/20260816T231425Z_U9region_core_W15_S8_np1_v1p0p1/region_parent.sub using direct job submission
08/17/26 01:15:15 	assigned HTCondor ID (6053303.0.0)
08/17/26 01:15:15 Submitting HTCondor Node P_W15_HI_M0_A00_S4 job(s)...
08/17/26 01:15:15 Submitting node P_W15_HI_M0_A00_S4 from file /afs/cern.ch/user/c/cglenn/FCCWork/whizard/whizard_ttbar_spinpol/phase11_diagnostics/excess_weight_rootcause_v1/ttbar_restricted_region_suite_v1/regions/submissions/20260816T231425Z_U9region_core_W15_S8_np1_v1p0p1/region_parent.sub using direct job submission
08/17/26 01:15:16 	assigned HTCondor ID (6053304.0.0)
08/17/26 01:15:16 Submitting HTCondor Node P_W15_HI_M0_A00_S5 job(s)...
08/17/26 01:15:16 Submitting node P_W15_HI_M0_A00_S5 from file /afs/cern.ch/user/c/cglenn/FCCWork/whizard/whizard_ttbar_spinpol/phase11_diagnostics/excess_weight_rootcause_v1/ttbar_restricted_region_suite_v1/regions/submissions/20260816T231425Z_U9region_core_W15_S8_np1_v1p0p1/region_parent.sub using direct job submission
08/17/26 01:15:16 	assigned HTCondor ID (6053305.0.0)
08/17/26 01:15:16 Submitting HTCondor Node P_W15_HI_M0_A00_S6 job(s)...
08/17/26 01:15:16 Submitting node P_W15_HI_M0_A00_S6 from file /afs/cern.ch/user/c/cglenn/FCCWork/whizard/whizard_ttbar_spinpol/phase11_diagnostics/excess_weight_rootcause_v1/ttbar_restricted_region_suite_v1/regions/submissions/20260816T231425Z_U9region_core_W15_S8_np1_v1p0p1/region_parent.sub using direct job submission
08/17/26 01:15:16 	assigned HTCondor ID (6053306.0.0)
08/17/26 01:15:16 Submitting HTCondor Node P_W15_HI_M0_A00_S7 job(s)...
08/17/26 01:15:16 Submitting node P_W15_HI_M0_A00_S7 from file /afs/cern.ch/user/c/cglenn/FCCWork/whizard/whizard_ttbar_spinpol/phase11_diagnostics/excess_weight_rootcause_v1/ttbar_restricted_region_suite_v1/regions/submissions/20260816T231425Z_U9region_core_W15_S8_np1_v1p0p1/region_parent.sub using direct job submission
08/17/26 01:15:16 	assigned HTCondor ID (6053307.0.0)
08/17/26 01:15:16 Submitting HTCondor Node P_W15_HI_M1_A07_S0 job(s)...
08/17/26 01:15:16 Submitting node P_W15_HI_M1_A07_S0 from file /afs/cern.ch/user/c/cglenn/FCCWork/whizard/whizard_ttbar_spinpol/phase11_diagnostics/excess_weight_rootcause_v1/ttbar_restricted_region_suite_v1/regions/submissions/20260816T231425Z_U9region_core_W15_S8_np1_v1p0p1/region_parent.sub using direct job submission
08/17/26 01:15:16 	assigned HTCondor ID (6053308.0.0)
08/17/26 01:15:16 Submitting HTCondor Node P_W15_HI_M1_A07_S1 job(s)...
08/17/26 01:15:16 Submitting node P_W15_HI_M1_A07_S1 from file /afs/cern.ch/user/c/cglenn/FCCWork/whizard/whizard_ttbar_spinpol/phase11_diagnostics/excess_weight_rootcause_v1/ttbar_restricted_region_suite_v1/regions/submissions/20260816T231425Z_U9region_core_W15_S8_np1_v1p0p1/region_parent.sub using direct job submission
08/17/26 01:15:16 	assigned HTCondor ID (6053309.0.0)
08/17/26 01:15:16 Submitting HTCondor Node P_W15_HI_M1_A07_S2 job(s)...
08/17/26 01:15:16 Submitting node P_W15_HI_M1_A07_S2 from file /afs/cern.ch/user/c/cglenn/FCCWork/whizard/whizard_ttbar_spinpol/phase11_diagnostics/excess_weight_rootcause_v1/ttbar_restricted_region_suite_v1/regions/submissions/20260816T231425Z_U9region_core_W15_S8_np1_v1p0p1/region_parent.sub using direct job submission
08/17/26 01:15:16 	assigned HTCondor ID (6053310.0.0)
08/17/26 01:15:16 Submitting HTCondor Node P_W15_HI_M1_A07_S3 job(s)...
08/17/26 01:15:16 Submitting node P_W15_HI_M1_A07_S3 from file /afs/cern.ch/user/c/cglenn/FCCWork/whizard/whizard_ttbar_spinpol/phase11_diagnostics/excess_weight_rootcause_v1/ttbar_restricted_region_suite_v1/regions/submissions/20260816T231425Z_U9region_core_W15_S8_np1_v1p0p1/region_parent.sub using direct job submission
08/17/26 01:15:16 	assigned HTCondor ID (6053311.0.0)
08/17/26 01:15:16 Submitting HTCondor Node P_W15_HI_M1_A07_S4 job(s)...
08/17/26 01:15:16 Submitting node P_W15_HI_M1_A07_S4 from file /afs/cern.ch/user/c/cglenn/FCCWork/whizard/whizard_ttbar_spinpol/phase11_diagnostics/excess_weight_rootcause_v1/ttbar_restricted_region_suite_v1/regions/submissions/20260816T231425Z_U9region_core_W15_S8_np1_v1p0p1/region_parent.sub using direct job submission
08/17/26 01:15:16 	assigned HTCondor ID (6053312.0.0)
08/17/26 01:15:16 Submitting HTCondor Node P_W15_HI_M1_A07_S5 job(s)...
08/17/26 01:15:16 Submitting node P_W15_HI_M1_A07_S5 from file /afs/cern.ch/user/c/cglenn/FCCWork/whizard/whizard_ttbar_spinpol/phase11_diagnostics/excess_weight_rootcause_v1/ttbar_restricted_region_suite_v1/regions/submissions/20260816T231425Z_U9region_core_W15_S8_np1_v1p0p1/region_parent.sub using direct job submission
08/17/26 01:15:16 	assigned HTCondor ID (6053313.0.0)
08/17/26 01:15:16 Submitting HTCondor Node P_W15_HI_M1_A07_S6 job(s)...
08/17/26 01:15:16 Submitting node P_W15_HI_M1_A07_S6 from file /afs/cern.ch/user/c/cglenn/FCCWork/whizard/whizard_ttbar_spinpol/phase11_diagnostics/excess_weight_rootcause_v1/ttbar_restricted_region_suite_v1/regions/submissions/20260816T231425Z_U9region_core_W15_S8_np1_v1p0p1/region_parent.sub using direct job submission
08/17/26 01:15:16 	assigned HTCondor ID (6053314.0.0)
08/17/26 01:15:16 Submitting HTCondor Node P_W15_HI_M1_A07_S7 job(s)...
08/17/26 01:15:16 Submitting node P_W15_HI_M1_A07_S7 from file /afs/cern.ch/user/c/cglenn/FCCWork/whizard/whizard_ttbar_spinpol/phase11_diagnostics/excess_weight_rootcause_v1/ttbar_restricted_region_suite_v1/regions/submissions/20260816T231425Z_U9region_core_W15_S8_np1_v1p0p1/region_parent.sub using direct job submission
08/17/26 01:15:16 	assigned HTCondor ID (6053315.0.0)
08/17/26 01:15:16 Submitting HTCondor Node P_W15_HI_M2_A10_S0 job(s)...
08/17/26 01:15:16 Submitting node P_W15_HI_M2_A10_S0 from file /afs/cern.ch/user/c/cglenn/FCCWork/whizard/whizard_ttbar_spinpol/phase11_diagnostics/excess_weight_rootcause_v1/ttbar_restricted_region_suite_v1/regions/submissions/20260816T231425Z_U9region_core_W15_S8_np1_v1p0p1/region_parent.sub using direct job submission
08/17/26 01:15:16 	assigned HTCondor ID (6053316.0.0)
08/17/26 01:15:16 Submitting HTCondor Node P_W15_HI_M2_A10_S1 job(s)...
08/17/26 01:15:16 Submitting node P_W15_HI_M2_A10_S1 from file /afs/cern.ch/user/c/cglenn/FCCWork/whizard/whizard_ttbar_spinpol/phase11_diagnostics/excess_weight_rootcause_v1/ttbar_restricted_region_suite_v1/regions/submissions/20260816T231425Z_U9region_core_W15_S8_np1_v1p0p1/region_parent.sub using direct job submission
08/17/26 01:15:16 	assigned HTCondor ID (6053317.0.0)
08/17/26 01:15:16 Submitting HTCondor Node P_W15_HI_M2_A10_S2 job(s)...
08/17/26 01:15:16 Submitting node P_W15_HI_M2_A10_S2 from file /afs/cern.ch/user/c/cglenn/FCCWork/whizard/whizard_ttbar_spinpol/phase11_diagnostics/excess_weight_rootcause_v1/ttbar_restricted_region_suite_v1/regions/submissions/20260816T231425Z_U9region_core_W15_S8_np1_v1p0p1/region_parent.sub using direct job submission
08/17/26 01:15:16 	assigned HTCondor ID (6053318.0.0)
08/17/26 01:15:16 Submitting HTCondor Node P_W15_HI_M2_A10_S3 job(s)...
08/17/26 01:15:16 Submitting node P_W15_HI_M2_A10_S3 from file /afs/cern.ch/user/c/cglenn/FCCWork/whizard/whizard_ttbar_spinpol/phase11_diagnostics/excess_weight_rootcause_v1/ttbar_restricted_region_suite_v1/regions/submissions/20260816T231425Z_U9region_core_W15_S8_np1_v1p0p1/region_parent.sub using direct job submission
08/17/26 01:15:16 	assigned HTCondor ID (6053319.0.0)
08/17/26 01:15:16 Submitting HTCondor Node P_W15_HI_M2_A10_S4 job(s)...
08/17/26 01:15:16 Submitting node P_W15_HI_M2_A10_S4 from file /afs/cern.ch/user/c/cglenn/FCCWork/whizard/whizard_ttbar_spinpol/phase11_diagnostics/excess_weight_rootcause_v1/ttbar_restricted_region_suite_v1/regions/submissions/20260816T231425Z_U9region_core_W15_S8_np1_v1p0p1/region_parent.sub using direct job submission
08/17/26 01:15:16 	assigned HTCondor ID (6053320.0.0)
08/17/26 01:15:16 Submitting HTCondor Node P_W15_HI_M2_A10_S5 job(s)...
08/17/26 01:15:16 Submitting node P_W15_HI_M2_A10_S5 from file /afs/cern.ch/user/c/cglenn/FCCWork/whizard/whizard_ttbar_spinpol/phase11_diagnostics/excess_weight_rootcause_v1/ttbar_restricted_region_suite_v1/regions/submissions/20260816T231425Z_U9region_core_W15_S8_np1_v1p0p1/region_parent.sub using direct job submission
08/17/26 01:15:16 	assigned HTCondor ID (6053321.0.0)
08/17/26 01:15:16 Submitting HTCondor Node P_W15_HI_M2_A10_S6 job(s)...
08/17/26 01:15:16 Submitting node P_W15_HI_M2_A10_S6 from file /afs/cern.ch/user/c/cglenn/FCCWork/whizard/whizard_ttbar_spinpol/phase11_diagnostics/excess_weight_rootcause_v1/ttbar_restricted_region_suite_v1/regions/submissions/20260816T231425Z_U9region_core_W15_S8_np1_v1p0p1/region_parent.sub using direct job submission
08/17/26 01:15:16 	assigned HTCondor ID (6053322.0.0)
08/17/26 01:15:16 Submitting HTCondor Node P_W15_HI_M2_A10_S7 job(s)...
08/17/26 01:15:16 Submitting node P_W15_HI_M2_A10_S7 from file /afs/cern.ch/user/c/cglenn/FCCWork/whizard/whizard_ttbar_spinpol/phase11_diagnostics/excess_weight_rootcause_v1/ttbar_restricted_region_suite_v1/regions/submissions/20260816T231425Z_U9region_core_W15_S8_np1_v1p0p1/region_parent.sub using direct job submission
08/17/26 01:15:16 	assigned HTCondor ID (6053323.0.0)
08/17/26 01:15:16 Submitting HTCondor Node P_W15_HH_M0_A00_S0 job(s)...
08/17/26 01:15:16 Submitting node P_W15_HH_M0_A00_S0 from file /afs/cern.ch/user/c/cglenn/FCCWork/whizard/whizard_ttbar_spinpol/phase11_diagnostics/excess_weight_rootcause_v1/ttbar_restricted_region_suite_v1/regions/submissions/20260816T231425Z_U9region_core_W15_S8_np1_v1p0p1/region_parent.sub using direct job submission
08/17/26 01:15:16 	assigned HTCondor ID (6053324.0.0)
08/17/26 01:15:16 Submitting HTCondor Node P_W15_HH_M0_A00_S1 job(s)...
08/17/26 01:15:16 Submitting node P_W15_HH_M0_A00_S1 from file /afs/cern.ch/user/c/cglenn/FCCWork/whizard/whizard_ttbar_spinpol/phase11_diagnostics/excess_weight_rootcause_v1/ttbar_restricted_region_suite_v1/regions/submissions/20260816T231425Z_U9region_core_W15_S8_np1_v1p0p1/region_parent.sub using direct job submission
08/17/26 01:15:16 	assigned HTCondor ID (6053325.0.0)
08/17/26 01:15:16 Submitting HTCondor Node P_W15_HH_M0_A00_S2 job(s)...
08/17/26 01:15:16 Submitting node P_W15_HH_M0_A00_S2 from file /afs/cern.ch/user/c/cglenn/FCCWork/whizard/whizard_ttbar_spinpol/phase11_diagnostics/excess_weight_rootcause_v1/ttbar_restricted_region_suite_v1/regions/submissions/20260816T231425Z_U9region_core_W15_S8_np1_v1p0p1/region_parent.sub using direct job submission
08/17/26 01:15:16 	assigned HTCondor ID (6053326.0.0)
08/17/26 01:15:16 Submitting HTCondor Node P_W15_HH_M0_A00_S3 job(s)...
08/17/26 01:15:16 Submitting node P_W15_HH_M0_A00_S3 from file /afs/cern.ch/user/c/cglenn/FCCWork/whizard/whizard_ttbar_spinpol/phase11_diagnostics/excess_weight_rootcause_v1/ttbar_restricted_region_suite_v1/regions/submissions/20260816T231425Z_U9region_core_W15_S8_np1_v1p0p1/region_parent.sub using direct job submission
08/17/26 01:15:16 	assigned HTCondor ID (6053327.0.0)
08/17/26 01:15:16 Submitting HTCondor Node P_W15_HH_M0_A00_S4 job(s)...
08/17/26 01:15:16 Submitting node P_W15_HH_M0_A00_S4 from file /afs/cern.ch/user/c/cglenn/FCCWork/whizard/whizard_ttbar_spinpol/phase11_diagnostics/excess_weight_rootcause_v1/ttbar_restricted_region_suite_v1/regions/submissions/20260816T231425Z_U9region_core_W15_S8_np1_v1p0p1/region_parent.sub using direct job submission
08/17/26 01:15:16 	assigned HTCondor ID (6053328.0.0)
08/17/26 01:15:16 Submitting HTCondor Node P_W15_HH_M0_A00_S5 job(s)...
08/17/26 01:15:16 Submitting node P_W15_HH_M0_A00_S5 from file /afs/cern.ch/user/c/cglenn/FCCWork/whizard/whizard_ttbar_spinpol/phase11_diagnostics/excess_weight_rootcause_v1/ttbar_restricted_region_suite_v1/regions/submissions/20260816T231425Z_U9region_core_W15_S8_np1_v1p0p1/region_parent.sub using direct job submission
08/17/26 01:15:16 	assigned HTCondor ID (6053329.0.0)
08/17/26 01:15:16 Submitting HTCondor Node P_W15_HH_M0_A00_S6 job(s)...
08/17/26 01:15:16 Submitting node P_W15_HH_M0_A00_S6 from file /afs/cern.ch/user/c/cglenn/FCCWork/whizard/whizard_ttbar_spinpol/phase11_diagnostics/excess_weight_rootcause_v1/ttbar_restricted_region_suite_v1/regions/submissions/20260816T231425Z_U9region_core_W15_S8_np1_v1p0p1/region_parent.sub using direct job submission
08/17/26 01:15:16 	assigned HTCondor ID (6053330.0.0)
08/17/26 01:15:16 Submitting HTCondor Node P_W15_HH_M0_A00_S7 job(s)...
08/17/26 01:15:16 Submitting node P_W15_HH_M0_A00_S7 from file /afs/cern.ch/user/c/cglenn/FCCWork/whizard/whizard_ttbar_spinpol/phase11_diagnostics/excess_weight_rootcause_v1/ttbar_restricted_region_suite_v1/regions/submissions/20260816T231425Z_U9region_core_W15_S8_np1_v1p0p1/region_parent.sub using direct job submission
08/17/26 01:15:16 	assigned HTCondor ID (6053331.0.0)
08/17/26 01:15:16 Just submitted 100 jobs this cycle...
08/17/26 01:15:16 Currently monitoring 1 HTCondor log file(s)
08/17/26 01:15:16 Reassigning the id of job P_W15_LL_M0_A00_S0 from (6053132.0.0) to (6053132.0.0)
08/17/26 01:15:16 Event: ULOG_SUBMIT for HTCondor Node P_W15_LL_M0_A00_S0 (6053132.0.0) {08/17/26 01:15:07}
08/17/26 01:15:16 Number of idle job procs: 1
08/17/26 01:15:16 Reassigning the id of job P_W15_LL_M0_A00_S1 from (6053133.0.0) to (6053133.0.0)
08/17/26 01:15:16 Event: ULOG_SUBMIT for HTCondor Node P_W15_LL_M0_A00_S1 (6053133.0.0) {08/17/26 01:15:07}
08/17/26 01:15:16 Number of idle job procs: 2
08/17/26 01:15:16 Reassigning the id of job P_W15_LL_M0_A00_S2 from (6053134.0.0) to (6053134.0.0)
08/17/26 01:15:16 Event: ULOG_SUBMIT for HTCondor Node P_W15_LL_M0_A00_S2 (6053134.0.0) {08/17/26 01:15:07}
08/17/26 01:15:16 Number of idle job procs: 3
08/17/26 01:15:16 Reassigning the id of job P_W15_LL_M0_A00_S3 from (6053135.0.0) to (6053135.0.0)
08/17/26 01:15:16 Event: ULOG_SUBMIT for HTCondor Node P_W15_LL_M0_A00_S3 (6053135.0.0) {08/17/26 01:15:07}
08/17/26 01:15:16 Number of idle job procs: 4
08/17/26 01:15:16 Reassigning the id of job P_W15_LL_M0_A00_S4 from (6053136.0.0) to (6053136.0.0)
08/17/26 01:15:16 Event: ULOG_SUBMIT for HTCondor Node P_W15_LL_M0_A00_S4 (6053136.0.0) {08/17/26 01:15:07}
08/17/26 01:15:16 Number of idle job procs: 5
08/17/26 01:15:16 Reassigning the id of job P_W15_LL_M0_A00_S5 from (6053137.0.0) to (6053137.0.0)
08/17/26 01:15:16 Event: ULOG_SUBMIT for HTCondor Node P_W15_LL_M0_A00_S5 (6053137.0.0) {08/17/26 01:15:07}
08/17/26 01:15:16 Number of idle job procs: 6
08/17/26 01:15:16 Reassigning the id of job P_W15_LL_M0_A00_S6 from (6053138.0.0) to (6053138.0.0)
08/17/26 01:15:16 Event: ULOG_SUBMIT for HTCondor Node P_W15_LL_M0_A00_S6 (6053138.0.0) {08/17/26 01:15:07}
08/17/26 01:15:16 Number of idle job procs: 7
08/17/26 01:15:16 Reassigning the id of job P_W15_LL_M0_A00_S7 from (6053139.0.0) to (6053139.0.0)
08/17/26 01:15:16 Event: ULOG_SUBMIT for HTCondor Node P_W15_LL_M0_A00_S7 (6053139.0.0) {08/17/26 01:15:07}
08/17/26 01:15:16 Number of idle job procs: 8
08/17/26 01:15:16 Reassigning the id of job P_W15_LL_M1_A07_S0 from (6053140.0.0) to (6053140.0.0)
08/17/26 01:15:16 Event: ULOG_SUBMIT for HTCondor Node P_W15_LL_M1_A07_S0 (6053140.0.0) {08/17/26 01:15:07}
08/17/26 01:15:16 Number of idle job procs: 9
08/17/26 01:15:16 Reassigning the id of job P_W15_LL_M1_A07_S1 from (6053141.0.0) to (6053141.0.0)
08/17/26 01:15:17 Event: ULOG_SUBMIT for HTCondor Node P_W15_LL_M1_A07_S1 (6053141.0.0) {08/17/26 01:15:07}
08/17/26 01:15:17 Number of idle job procs: 10
08/17/26 01:15:17 Reassigning the id of job P_W15_LL_M1_A07_S2 from (6053142.0.0) to (6053142.0.0)
08/17/26 01:15:17 Event: ULOG_SUBMIT for HTCondor Node P_W15_LL_M1_A07_S2 (6053142.0.0) {08/17/26 01:15:07}
08/17/26 01:15:17 Number of idle job procs: 11
08/17/26 01:15:17 Reassigning the id of job P_W15_LL_M1_A07_S3 from (6053143.0.0) to (6053143.0.0)
08/17/26 01:15:17 Event: ULOG_SUBMIT for HTCondor Node P_W15_LL_M1_A07_S3 (6053143.0.0) {08/17/26 01:15:07}
08/17/26 01:15:17 Number of idle job procs: 12
08/17/26 01:15:17 Reassigning the id of job P_W15_LL_M1_A07_S4 from (6053144.0.0) to (6053144.0.0)
08/17/26 01:15:17 Event: ULOG_SUBMIT for HTCondor Node P_W15_LL_M1_A07_S4 (6053144.0.0) {08/17/26 01:15:07}
08/17/26 01:15:17 Number of idle job procs: 13
08/17/26 01:15:17 Reassigning the id of job P_W15_LL_M1_A07_S5 from (6053145.0.0) to (6053145.0.0)
08/17/26 01:15:17 Event: ULOG_SUBMIT for HTCondor Node P_W15_LL_M1_A07_S5 (6053145.0.0) {08/17/26 01:15:07}
08/17/26 01:15:17 Number of idle job procs: 14
08/17/26 01:15:17 Reassigning the id of job P_W15_LL_M1_A07_S6 from (6053146.0.0) to (6053146.0.0)
08/17/26 01:15:17 Event: ULOG_SUBMIT for HTCondor Node P_W15_LL_M1_A07_S6 (6053146.0.0) {08/17/26 01:15:07}
08/17/26 01:15:17 Number of idle job procs: 15
08/17/26 01:15:17 Reassigning the id of job P_W15_LL_M1_A07_S7 from (6053147.0.0) to (6053147.0.0)
08/17/26 01:15:17 Event: ULOG_SUBMIT for HTCondor Node P_W15_LL_M1_A07_S7 (6053147.0.0) {08/17/26 01:15:07}
08/17/26 01:15:17 Number of idle job procs: 16
08/17/26 01:15:17 Reassigning the id of job P_W15_LL_M2_A10_S0 from (6053148.0.0) to (6053148.0.0)
08/17/26 01:15:17 Event: ULOG_SUBMIT for HTCondor Node P_W15_LL_M2_A10_S0 (6053148.0.0) {08/17/26 01:15:07}
08/17/26 01:15:17 Number of idle job procs: 17
08/17/26 01:15:17 Reassigning the id of job P_W15_LL_M2_A10_S1 from (6053149.0.0) to (6053149.0.0)
08/17/26 01:15:17 Event: ULOG_SUBMIT for HTCondor Node P_W15_LL_M2_A10_S1 (6053149.0.0) {08/17/26 01:15:07}
08/17/26 01:15:17 Number of idle job procs: 18
08/17/26 01:15:17 Reassigning the id of job P_W15_LL_M2_A10_S2 from (6053150.0.0) to (6053150.0.0)
08/17/26 01:15:17 Event: ULOG_SUBMIT for HTCondor Node P_W15_LL_M2_A10_S2 (6053150.0.0) {08/17/26 01:15:07}
08/17/26 01:15:17 Number of idle job procs: 19
08/17/26 01:15:17 Reassigning the id of job P_W15_LL_M2_A10_S3 from (6053151.0.0) to (6053151.0.0)
08/17/26 01:15:17 Event: ULOG_SUBMIT for HTCondor Node P_W15_LL_M2_A10_S3 (6053151.0.0) {08/17/26 01:15:07}
08/17/26 01:15:17 Number of idle job procs: 20
08/17/26 01:15:17 Reassigning the id of job P_W15_LL_M2_A10_S4 from (6053152.0.0) to (6053152.0.0)
08/17/26 01:15:17 Event: ULOG_SUBMIT for HTCondor Node P_W15_LL_M2_A10_S4 (6053152.0.0) {08/17/26 01:15:07}
08/17/26 01:15:17 Number of idle job procs: 21
08/17/26 01:15:17 Reassigning the id of job P_W15_LL_M2_A10_S5 from (6053153.0.0) to (6053153.0.0)
08/17/26 01:15:17 Event: ULOG_SUBMIT for HTCondor Node P_W15_LL_M2_A10_S5 (6053153.0.0) {08/17/26 01:15:07}
08/17/26 01:15:17 Number of idle job procs: 22
08/17/26 01:15:17 Reassigning the id of job P_W15_LL_M2_A10_S6 from (6053154.0.0) to (6053154.0.0)
08/17/26 01:15:17 Event: ULOG_SUBMIT for HTCondor Node P_W15_LL_M2_A10_S6 (6053154.0.0) {08/17/26 01:15:07}
08/17/26 01:15:17 Number of idle job procs: 23
08/17/26 01:15:17 Reassigning the id of job P_W15_LL_M2_A10_S7 from (6053155.0.0) to (6053155.0.0)
08/17/26 01:15:17 Event: ULOG_SUBMIT for HTCondor Node P_W15_LL_M2_A10_S7 (6053155.0.0) {08/17/26 01:15:07}
08/17/26 01:15:17 Number of idle job procs: 24
08/17/26 01:15:17 Reassigning the id of job P_W15_LI_M0_A00_S0 from (6053156.0.0) to (6053156.0.0)
08/17/26 01:15:17 Event: ULOG_SUBMIT for HTCondor Node P_W15_LI_M0_A00_S0 (6053156.0.0) {08/17/26 01:15:07}
08/17/26 01:15:17 Number of idle job procs: 25
08/17/26 01:15:17 Reassigning the id of job P_W15_LI_M0_A00_S1 from (6053157.0.0) to (6053157.0.0)
08/17/26 01:15:17 Event: ULOG_SUBMIT for HTCondor Node P_W15_LI_M0_A00_S1 (6053157.0.0) {08/17/26 01:15:07}
08/17/26 01:15:17 Number of idle job procs: 26
08/17/26 01:15:17 Reassigning the id of job P_W15_LI_M0_A00_S2 from (6053158.0.0) to (6053158.0.0)
08/17/26 01:15:17 Event: ULOG_SUBMIT for HTCondor Node P_W15_LI_M0_A00_S2 (6053158.0.0) {08/17/26 01:15:07}
08/17/26 01:15:17 Number of idle job procs: 27
08/17/26 01:15:17 Reassigning the id of job P_W15_LI_M0_A00_S3 from (6053159.0.0) to (6053159.0.0)
08/17/26 01:15:17 Event: ULOG_SUBMIT for HTCondor Node P_W15_LI_M0_A00_S3 (6053159.0.0) {08/17/26 01:15:07}
08/17/26 01:15:17 Number of idle job procs: 28
08/17/26 01:15:17 Reassigning the id of job P_W15_LI_M0_A00_S4 from (6053160.0.0) to (6053160.0.0)
08/17/26 01:15:17 Event: ULOG_SUBMIT for HTCondor Node P_W15_LI_M0_A00_S4 (6053160.0.0) {08/17/26 01:15:07}
08/17/26 01:15:17 Number of idle job procs: 29
08/17/26 01:15:17 Reassigning the id of job P_W15_LI_M0_A00_S5 from (6053161.0.0) to (6053161.0.0)
08/17/26 01:15:17 Event: ULOG_SUBMIT for HTCondor Node P_W15_LI_M0_A00_S5 (6053161.0.0) {08/17/26 01:15:07}
08/17/26 01:15:17 Number of idle job procs: 30
08/17/26 01:15:17 Reassigning the id of job P_W15_LI_M0_A00_S6 from (6053162.0.0) to (6053162.0.0)
08/17/26 01:15:17 Event: ULOG_SUBMIT for HTCondor Node P_W15_LI_M0_A00_S6 (6053162.0.0) {08/17/26 01:15:07}
08/17/26 01:15:17 Number of idle job procs: 31
08/17/26 01:15:17 Reassigning the id of job P_W15_LI_M0_A00_S7 from (6053163.0.0) to (6053163.0.0)
08/17/26 01:15:17 Event: ULOG_SUBMIT for HTCondor Node P_W15_LI_M0_A00_S7 (6053163.0.0) {08/17/26 01:15:07}
08/17/26 01:15:17 Number of idle job procs: 32
08/17/26 01:15:17 Reassigning the id of job P_W15_LI_M1_A07_S0 from (6053164.0.0) to (6053164.0.0)
08/17/26 01:15:17 Event: ULOG_SUBMIT for HTCondor Node P_W15_LI_M1_A07_S0 (6053164.0.0) {08/17/26 01:15:07}
08/17/26 01:15:17 Number of idle job procs: 33
08/17/26 01:15:17 Reassigning the id of job P_W15_LI_M1_A07_S1 from (6053165.0.0) to (6053165.0.0)
08/17/26 01:15:17 Event: ULOG_SUBMIT for HTCondor Node P_W15_LI_M1_A07_S1 (6053165.0.0) {08/17/26 01:15:07}
08/17/26 01:15:17 Number of idle job procs: 34
08/17/26 01:15:17 Reassigning the id of job P_W15_LI_M1_A07_S2 from (6053166.0.0) to (6053166.0.0)
08/17/26 01:15:17 Event: ULOG_SUBMIT for HTCondor Node P_W15_LI_M1_A07_S2 (6053166.0.0) {08/17/26 01:15:07}
08/17/26 01:15:17 Number of idle job procs: 35
08/17/26 01:15:17 Reassigning the id of job P_W15_LI_M1_A07_S3 from (6053167.0.0) to (6053167.0.0)
08/17/26 01:15:17 Event: ULOG_SUBMIT for HTCondor Node P_W15_LI_M1_A07_S3 (6053167.0.0) {08/17/26 01:15:07}
08/17/26 01:15:17 Number of idle job procs: 36
08/17/26 01:15:17 Reassigning the id of job P_W15_LI_M1_A07_S4 from (6053168.0.0) to (6053168.0.0)
08/17/26 01:15:17 Event: ULOG_SUBMIT for HTCondor Node P_W15_LI_M1_A07_S4 (6053168.0.0) {08/17/26 01:15:07}
08/17/26 01:15:17 Number of idle job procs: 37
08/17/26 01:15:17 Reassigning the id of job P_W15_LI_M1_A07_S5 from (6053169.0.0) to (6053169.0.0)
08/17/26 01:15:17 Event: ULOG_SUBMIT for HTCondor Node P_W15_LI_M1_A07_S5 (6053169.0.0) {08/17/26 01:15:07}
08/17/26 01:15:17 Number of idle job procs: 38
08/17/26 01:15:17 Reassigning the id of job P_W15_LI_M1_A07_S6 from (6053170.0.0) to (6053170.0.0)
08/17/26 01:15:17 Event: ULOG_SUBMIT for HTCondor Node P_W15_LI_M1_A07_S6 (6053170.0.0) {08/17/26 01:15:07}
08/17/26 01:15:17 Number of idle job procs: 39
08/17/26 01:15:17 Reassigning the id of job P_W15_LI_M1_A07_S7 from (6053171.0.0) to (6053171.0.0)
08/17/26 01:15:17 Event: ULOG_SUBMIT for HTCondor Node P_W15_LI_M1_A07_S7 (6053171.0.0) {08/17/26 01:15:07}
08/17/26 01:15:17 Number of idle job procs: 40
08/17/26 01:15:17 Reassigning the id of job P_W15_LI_M2_A10_S0 from (6053172.0.0) to (6053172.0.0)
08/17/26 01:15:17 Event: ULOG_SUBMIT for HTCondor Node P_W15_LI_M2_A10_S0 (6053172.0.0) {08/17/26 01:15:07}
08/17/26 01:15:17 Number of idle job procs: 41
08/17/26 01:15:17 Reassigning the id of job P_W15_LI_M2_A10_S1 from (6053173.0.0) to (6053173.0.0)
08/17/26 01:15:17 Event: ULOG_SUBMIT for HTCondor Node P_W15_LI_M2_A10_S1 (6053173.0.0) {08/17/26 01:15:07}
08/17/26 01:15:17 Number of idle job procs: 42
08/17/26 01:15:17 Reassigning the id of job P_W15_LI_M2_A10_S2 from (6053174.0.0) to (6053174.0.0)
08/17/26 01:15:17 Event: ULOG_SUBMIT for HTCondor Node P_W15_LI_M2_A10_S2 (6053174.0.0) {08/17/26 01:15:07}
08/17/26 01:15:17 Number of idle job procs: 43
08/17/26 01:15:17 Reassigning the id of job P_W15_LI_M2_A10_S3 from (6053175.0.0) to (6053175.0.0)
08/17/26 01:15:17 Event: ULOG_SUBMIT for HTCondor Node P_W15_LI_M2_A10_S3 (6053175.0.0) {08/17/26 01:15:07}
08/17/26 01:15:17 Number of idle job procs: 44
08/17/26 01:15:17 Reassigning the id of job P_W15_LI_M2_A10_S4 from (6053176.0.0) to (6053176.0.0)
08/17/26 01:15:17 Event: ULOG_SUBMIT for HTCondor Node P_W15_LI_M2_A10_S4 (6053176.0.0) {08/17/26 01:15:07}
08/17/26 01:15:17 Number of idle job procs: 45
08/17/26 01:15:17 Reassigning the id of job P_W15_LI_M2_A10_S5 from (6053177.0.0) to (6053177.0.0)
08/17/26 01:15:17 Event: ULOG_SUBMIT for HTCondor Node P_W15_LI_M2_A10_S5 (6053177.0.0) {08/17/26 01:15:07}
08/17/26 01:15:17 Number of idle job procs: 46
08/17/26 01:15:17 Reassigning the id of job P_W15_LI_M2_A10_S6 from (6053178.0.0) to (6053178.0.0)
08/17/26 01:15:17 Event: ULOG_SUBMIT for HTCondor Node P_W15_LI_M2_A10_S6 (6053178.0.0) {08/17/26 01:15:07}
08/17/26 01:15:17 Number of idle job procs: 47
08/17/26 01:15:17 Reassigning the id of job P_W15_LI_M2_A10_S7 from (6053179.0.0) to (6053179.0.0)
08/17/26 01:15:17 Event: ULOG_SUBMIT for HTCondor Node P_W15_LI_M2_A10_S7 (6053179.0.0) {08/17/26 01:15:07}
08/17/26 01:15:17 Number of idle job procs: 48
08/17/26 01:15:17 Reassigning the id of job P_W15_LH_M0_A00_S0 from (6053180.0.0) to (6053180.0.0)
08/17/26 01:15:17 Event: ULOG_SUBMIT for HTCondor Node P_W15_LH_M0_A00_S0 (6053180.0.0) {08/17/26 01:15:07}
08/17/26 01:15:17 Number of idle job procs: 49
08/17/26 01:15:17 Reassigning the id of job P_W15_LH_M0_A00_S1 from (6053181.0.0) to (6053181.0.0)
08/17/26 01:15:17 Event: ULOG_SUBMIT for HTCondor Node P_W15_LH_M0_A00_S1 (6053181.0.0) {08/17/26 01:15:07}
08/17/26 01:15:17 Number of idle job procs: 50
08/17/26 01:15:17 Reassigning the id of job P_W15_LH_M0_A00_S2 from (6053182.0.0) to (6053182.0.0)
08/17/26 01:15:17 Event: ULOG_SUBMIT for HTCondor Node P_W15_LH_M0_A00_S2 (6053182.0.0) {08/17/26 01:15:08}
08/17/26 01:15:17 Number of idle job procs: 51
08/17/26 01:15:17 Reassigning the id of job P_W15_LH_M0_A00_S3 from (6053183.0.0) to (6053183.0.0)
08/17/26 01:15:17 Event: ULOG_SUBMIT for HTCondor Node P_W15_LH_M0_A00_S3 (6053183.0.0) {08/17/26 01:15:08}
08/17/26 01:15:17 Number of idle job procs: 52
08/17/26 01:15:17 Reassigning the id of job P_W15_LH_M0_A00_S4 from (6053184.0.0) to (6053184.0.0)
08/17/26 01:15:17 Event: ULOG_SUBMIT for HTCondor Node P_W15_LH_M0_A00_S4 (6053184.0.0) {08/17/26 01:15:08}
08/17/26 01:15:17 Number of idle job procs: 53
08/17/26 01:15:17 Reassigning the id of job P_W15_LH_M0_A00_S5 from (6053185.0.0) to (6053185.0.0)
08/17/26 01:15:17 Event: ULOG_SUBMIT for HTCondor Node P_W15_LH_M0_A00_S5 (6053185.0.0) {08/17/26 01:15:08}
08/17/26 01:15:17 Number of idle job procs: 54
08/17/26 01:15:17 Reassigning the id of job P_W15_LH_M0_A00_S6 from (6053186.0.0) to (6053186.0.0)
08/17/26 01:15:17 Event: ULOG_SUBMIT for HTCondor Node P_W15_LH_M0_A00_S6 (6053186.0.0) {08/17/26 01:15:08}
08/17/26 01:15:17 Number of idle job procs: 55
08/17/26 01:15:17 Reassigning the id of job P_W15_LH_M0_A00_S7 from (6053187.0.0) to (6053187.0.0)
08/17/26 01:15:17 Event: ULOG_SUBMIT for HTCondor Node P_W15_LH_M0_A00_S7 (6053187.0.0) {08/17/26 01:15:08}
08/17/26 01:15:17 Number of idle job procs: 56
08/17/26 01:15:17 Reassigning the id of job P_W15_LH_M1_A07_S0 from (6053188.0.0) to (6053188.0.0)
08/17/26 01:15:17 Event: ULOG_SUBMIT for HTCondor Node P_W15_LH_M1_A07_S0 (6053188.0.0) {08/17/26 01:15:08}
08/17/26 01:15:17 Number of idle job procs: 57
08/17/26 01:15:17 Reassigning the id of job P_W15_LH_M1_A07_S1 from (6053189.0.0) to (6053189.0.0)
08/17/26 01:15:17 Event: ULOG_SUBMIT for HTCondor Node P_W15_LH_M1_A07_S1 (6053189.0.0) {08/17/26 01:15:08}
08/17/26 01:15:17 Number of idle job procs: 58
08/17/26 01:15:17 Reassigning the id of job P_W15_LH_M1_A07_S2 from (6053190.0.0) to (6053190.0.0)
08/17/26 01:15:17 Event: ULOG_SUBMIT for HTCondor Node P_W15_LH_M1_A07_S2 (6053190.0.0) {08/17/26 01:15:08}
08/17/26 01:15:17 Number of idle job procs: 59
08/17/26 01:15:17 Reassigning the id of job P_W15_LH_M1_A07_S3 from (6053191.0.0) to (6053191.0.0)
08/17/26 01:15:17 Event: ULOG_SUBMIT for HTCondor Node P_W15_LH_M1_A07_S3 (6053191.0.0) {08/17/26 01:15:08}
08/17/26 01:15:17 Number of idle job procs: 60
08/17/26 01:15:17 Reassigning the id of job P_W15_LH_M1_A07_S4 from (6053192.0.0) to (6053192.0.0)
08/17/26 01:15:17 Event: ULOG_SUBMIT for HTCondor Node P_W15_LH_M1_A07_S4 (6053192.0.0) {08/17/26 01:15:08}
08/17/26 01:15:18 Number of idle job procs: 61
08/17/26 01:15:18 Reassigning the id of job P_W15_LH_M1_A07_S5 from (6053193.0.0) to (6053193.0.0)
08/17/26 01:15:18 Event: ULOG_SUBMIT for HTCondor Node P_W15_LH_M1_A07_S5 (6053193.0.0) {08/17/26 01:15:08}
08/17/26 01:15:18 Number of idle job procs: 62
08/17/26 01:15:18 Reassigning the id of job P_W15_LH_M1_A07_S6 from (6053194.0.0) to (6053194.0.0)
08/17/26 01:15:18 Event: ULOG_SUBMIT for HTCondor Node P_W15_LH_M1_A07_S6 (6053194.0.0) {08/17/26 01:15:08}
08/17/26 01:15:18 Number of idle job procs: 63
08/17/26 01:15:18 Reassigning the id of job P_W15_LH_M1_A07_S7 from (6053195.0.0) to (6053195.0.0)
08/17/26 01:15:18 Event: ULOG_SUBMIT for HTCondor Node P_W15_LH_M1_A07_S7 (6053195.0.0) {08/17/26 01:15:08}
08/17/26 01:15:18 Number of idle job procs: 64
08/17/26 01:15:18 Reassigning the id of job P_W15_LH_M2_A10_S0 from (6053196.0.0) to (6053196.0.0)
08/17/26 01:15:18 Event: ULOG_SUBMIT for HTCondor Node P_W15_LH_M2_A10_S0 (6053196.0.0) {08/17/26 01:15:08}
08/17/26 01:15:18 Number of idle job procs: 65
08/17/26 01:15:18 Reassigning the id of job P_W15_LH_M2_A10_S1 from (6053197.0.0) to (6053197.0.0)
08/17/26 01:15:18 Event: ULOG_SUBMIT for HTCondor Node P_W15_LH_M2_A10_S1 (6053197.0.0) {08/17/26 01:15:08}
08/17/26 01:15:18 Number of idle job procs: 66
08/17/26 01:15:18 Reassigning the id of job P_W15_LH_M2_A10_S2 from (6053198.0.0) to (6053198.0.0)
08/17/26 01:15:18 Event: ULOG_SUBMIT for HTCondor Node P_W15_LH_M2_A10_S2 (6053198.0.0) {08/17/26 01:15:08}
08/17/26 01:15:18 Number of idle job procs: 67
08/17/26 01:15:18 Reassigning the id of job P_W15_LH_M2_A10_S3 from (6053199.0.0) to (6053199.0.0)
08/17/26 01:15:18 Event: ULOG_SUBMIT for HTCondor Node P_W15_LH_M2_A10_S3 (6053199.0.0) {08/17/26 01:15:08}
08/17/26 01:15:18 Number of idle job procs: 68
08/17/26 01:15:18 Reassigning the id of job P_W15_LH_M2_A10_S4 from (6053200.0.0) to (6053200.0.0)
08/17/26 01:15:18 Event: ULOG_SUBMIT for HTCondor Node P_W15_LH_M2_A10_S4 (6053200.0.0) {08/17/26 01:15:08}
08/17/26 01:15:18 Number of idle job procs: 69
08/17/26 01:15:18 Reassigning the id of job P_W15_LH_M2_A10_S5 from (6053201.0.0) to (6053201.0.0)
08/17/26 01:15:18 Event: ULOG_SUBMIT for HTCondor Node P_W15_LH_M2_A10_S5 (6053201.0.0) {08/17/26 01:15:08}
08/17/26 01:15:18 Number of idle job procs: 70
08/17/26 01:15:18 Reassigning the id of job P_W15_LH_M2_A10_S6 from (6053202.0.0) to (6053202.0.0)
08/17/26 01:15:18 Event: ULOG_SUBMIT for HTCondor Node P_W15_LH_M2_A10_S6 (6053202.0.0) {08/17/26 01:15:08}
08/17/26 01:15:18 Number of idle job procs: 71
08/17/26 01:15:18 Reassigning the id of job P_W15_LH_M2_A10_S7 from (6053203.0.0) to (6053203.0.0)
08/17/26 01:15:18 Event: ULOG_SUBMIT for HTCondor Node P_W15_LH_M2_A10_S7 (6053203.0.0) {08/17/26 01:15:08}
08/17/26 01:15:18 Number of idle job procs: 72
08/17/26 01:15:18 Reassigning the id of job P_W15_IL_M0_A00_S0 from (6053204.0.0) to (6053204.0.0)
08/17/26 01:15:18 Event: ULOG_SUBMIT for HTCondor Node P_W15_IL_M0_A00_S0 (6053204.0.0) {08/17/26 01:15:08}
08/17/26 01:15:18 Number of idle job procs: 73
08/17/26 01:15:18 Reassigning the id of job P_W15_IL_M0_A00_S1 from (6053205.0.0) to (6053205.0.0)
08/17/26 01:15:18 Event: ULOG_SUBMIT for HTCondor Node P_W15_IL_M0_A00_S1 (6053205.0.0) {08/17/26 01:15:08}
08/17/26 01:15:18 Number of idle job procs: 74
08/17/26 01:15:18 Reassigning the id of job P_W15_IL_M0_A00_S2 from (6053206.0.0) to (6053206.0.0)
08/17/26 01:15:18 Event: ULOG_SUBMIT for HTCondor Node P_W15_IL_M0_A00_S2 (6053206.0.0) {08/17/26 01:15:08}
08/17/26 01:15:18 Number of idle job procs: 75
08/17/26 01:15:18 Reassigning the id of job P_W15_IL_M0_A00_S3 from (6053207.0.0) to (6053207.0.0)
08/17/26 01:15:18 Event: ULOG_SUBMIT for HTCondor Node P_W15_IL_M0_A00_S3 (6053207.0.0) {08/17/26 01:15:08}
08/17/26 01:15:18 Number of idle job procs: 76
08/17/26 01:15:18 Reassigning the id of job P_W15_IL_M0_A00_S4 from (6053208.0.0) to (6053208.0.0)
08/17/26 01:15:18 Event: ULOG_SUBMIT for HTCondor Node P_W15_IL_M0_A00_S4 (6053208.0.0) {08/17/26 01:15:08}
08/17/26 01:15:18 Number of idle job procs: 77
08/17/26 01:15:18 Reassigning the id of job P_W15_IL_M0_A00_S5 from (6053209.0.0) to (6053209.0.0)
08/17/26 01:15:18 Event: ULOG_SUBMIT for HTCondor Node P_W15_IL_M0_A00_S5 (6053209.0.0) {08/17/26 01:15:08}
08/17/26 01:15:18 Number of idle job procs: 78
08/17/26 01:15:18 Reassigning the id of job P_W15_IL_M0_A00_S6 from (6053210.0.0) to (6053210.0.0)
08/17/26 01:15:18 Event: ULOG_SUBMIT for HTCondor Node P_W15_IL_M0_A00_S6 (6053210.0.0) {08/17/26 01:15:08}
08/17/26 01:15:18 Number of idle job procs: 79
08/17/26 01:15:18 Reassigning the id of job P_W15_IL_M0_A00_S7 from (6053211.0.0) to (6053211.0.0)
08/17/26 01:15:18 Event: ULOG_SUBMIT for HTCondor Node P_W15_IL_M0_A00_S7 (6053211.0.0) {08/17/26 01:15:08}
08/17/26 01:15:18 Number of idle job procs: 80
08/17/26 01:15:18 Reassigning the id of job P_W15_IL_M1_A07_S0 from (6053212.0.0) to (6053212.0.0)
08/17/26 01:15:18 Event: ULOG_SUBMIT for HTCondor Node P_W15_IL_M1_A07_S0 (6053212.0.0) {08/17/26 01:15:08}
08/17/26 01:15:18 Number of idle job procs: 81
08/17/26 01:15:18 Reassigning the id of job P_W15_IL_M1_A07_S1 from (6053213.0.0) to (6053213.0.0)
08/17/26 01:15:18 Event: ULOG_SUBMIT for HTCondor Node P_W15_IL_M1_A07_S1 (6053213.0.0) {08/17/26 01:15:08}
08/17/26 01:15:18 Number of idle job procs: 82
08/17/26 01:15:18 Reassigning the id of job P_W15_IL_M1_A07_S2 from (6053214.0.0) to (6053214.0.0)
08/17/26 01:15:18 Event: ULOG_SUBMIT for HTCondor Node P_W15_IL_M1_A07_S2 (6053214.0.0) {08/17/26 01:15:08}
08/17/26 01:15:18 Number of idle job procs: 83
08/17/26 01:15:18 Reassigning the id of job P_W15_IL_M1_A07_S3 from (6053215.0.0) to (6053215.0.0)
08/17/26 01:15:18 Event: ULOG_SUBMIT for HTCondor Node P_W15_IL_M1_A07_S3 (6053215.0.0) {08/17/26 01:15:08}
08/17/26 01:15:18 Number of idle job procs: 84
08/17/26 01:15:18 Reassigning the id of job P_W15_IL_M1_A07_S4 from (6053216.0.0) to (6053216.0.0)
08/17/26 01:15:18 Event: ULOG_SUBMIT for HTCondor Node P_W15_IL_M1_A07_S4 (6053216.0.0) {08/17/26 01:15:08}
08/17/26 01:15:18 Number of idle job procs: 85
08/17/26 01:15:18 Reassigning the id of job P_W15_IL_M1_A07_S5 from (6053217.0.0) to (6053217.0.0)
08/17/26 01:15:18 Event: ULOG_SUBMIT for HTCondor Node P_W15_IL_M1_A07_S5 (6053217.0.0) {08/17/26 01:15:08}
08/17/26 01:15:18 Number of idle job procs: 86
08/17/26 01:15:18 Reassigning the id of job P_W15_IL_M1_A07_S6 from (6053218.0.0) to (6053218.0.0)
08/17/26 01:15:18 Event: ULOG_SUBMIT for HTCondor Node P_W15_IL_M1_A07_S6 (6053218.0.0) {08/17/26 01:15:08}
08/17/26 01:15:18 Number of idle job procs: 87
08/17/26 01:15:18 Reassigning the id of job P_W15_IL_M1_A07_S7 from (6053219.0.0) to (6053219.0.0)
08/17/26 01:15:18 Event: ULOG_SUBMIT for HTCondor Node P_W15_IL_M1_A07_S7 (6053219.0.0) {08/17/26 01:15:08}
08/17/26 01:15:18 Number of idle job procs: 88
08/17/26 01:15:18 Reassigning the id of job P_W15_IL_M2_A10_S0 from (6053220.0.0) to (6053220.0.0)
08/17/26 01:15:18 Event: ULOG_SUBMIT for HTCondor Node P_W15_IL_M2_A10_S0 (6053220.0.0) {08/17/26 01:15:08}
08/17/26 01:15:18 Number of idle job procs: 89
08/17/26 01:15:18 Reassigning the id of job P_W15_IL_M2_A10_S1 from (6053221.0.0) to (6053221.0.0)
08/17/26 01:15:18 Event: ULOG_SUBMIT for HTCondor Node P_W15_IL_M2_A10_S1 (6053221.0.0) {08/17/26 01:15:08}
08/17/26 01:15:18 Number of idle job procs: 90
08/17/26 01:15:18 Reassigning the id of job P_W15_IL_M2_A10_S2 from (6053222.0.0) to (6053222.0.0)
08/17/26 01:15:18 Event: ULOG_SUBMIT for HTCondor Node P_W15_IL_M2_A10_S2 (6053222.0.0) {08/17/26 01:15:08}
08/17/26 01:15:18 Number of idle job procs: 91
08/17/26 01:15:18 Reassigning the id of job P_W15_IL_M2_A10_S3 from (6053223.0.0) to (6053223.0.0)
08/17/26 01:15:18 Event: ULOG_SUBMIT for HTCondor Node P_W15_IL_M2_A10_S3 (6053223.0.0) {08/17/26 01:15:08}
08/17/26 01:15:18 Number of idle job procs: 92
08/17/26 01:15:18 Reassigning the id of job P_W15_IL_M2_A10_S4 from (6053224.0.0) to (6053224.0.0)
08/17/26 01:15:18 Event: ULOG_SUBMIT for HTCondor Node P_W15_IL_M2_A10_S4 (6053224.0.0) {08/17/26 01:15:08}
08/17/26 01:15:18 Number of idle job procs: 93
08/17/26 01:15:18 Reassigning the id of job P_W15_IL_M2_A10_S5 from (6053225.0.0) to (6053225.0.0)
08/17/26 01:15:18 Event: ULOG_SUBMIT for HTCondor Node P_W15_IL_M2_A10_S5 (6053225.0.0) {08/17/26 01:15:08}
08/17/26 01:15:18 Number of idle job procs: 94
08/17/26 01:15:18 Reassigning the id of job P_W15_IL_M2_A10_S6 from (6053226.0.0) to (6053226.0.0)
08/17/26 01:15:18 Event: ULOG_SUBMIT for HTCondor Node P_W15_IL_M2_A10_S6 (6053226.0.0) {08/17/26 01:15:08}
08/17/26 01:15:18 Number of idle job procs: 95
08/17/26 01:15:18 Reassigning the id of job P_W15_IL_M2_A10_S7 from (6053227.0.0) to (6053227.0.0)
08/17/26 01:15:18 Event: ULOG_SUBMIT for HTCondor Node P_W15_IL_M2_A10_S7 (6053227.0.0) {08/17/26 01:15:08}
08/17/26 01:15:18 Number of idle job procs: 96
08/17/26 01:15:18 Reassigning the id of job P_W15_II_M0_A00_S0 from (6053228.0.0) to (6053228.0.0)
08/17/26 01:15:18 Event: ULOG_SUBMIT for HTCondor Node P_W15_II_M0_A00_S0 (6053228.0.0) {08/17/26 01:15:08}
08/17/26 01:15:18 Number of idle job procs: 97
08/17/26 01:15:18 Reassigning the id of job P_W15_II_M0_A00_S1 from (6053229.0.0) to (6053229.0.0)
08/17/26 01:15:18 Event: ULOG_SUBMIT for HTCondor Node P_W15_II_M0_A00_S1 (6053229.0.0) {08/17/26 01:15:08}
08/17/26 01:15:18 Number of idle job procs: 98
08/17/26 01:15:18 Reassigning the id of job P_W15_II_M0_A00_S2 from (6053230.0.0) to (6053230.0.0)
08/17/26 01:15:18 Event: ULOG_SUBMIT for HTCondor Node P_W15_II_M0_A00_S2 (6053230.0.0) {08/17/26 01:15:09}
08/17/26 01:15:18 Number of idle job procs: 99
08/17/26 01:15:18 Reassigning the id of job P_W15_II_M0_A00_S3 from (6053231.0.0) to (6053231.0.0)
08/17/26 01:15:18 Event: ULOG_SUBMIT for HTCondor Node P_W15_II_M0_A00_S3 (6053231.0.0) {08/17/26 01:15:09}
08/17/26 01:15:18 Number of idle job procs: 100
08/17/26 01:15:18 Reassigning the id of job P_W15_II_M0_A00_S4 from (6053232.0.0) to (6053232.0.0)
08/17/26 01:15:18 Event: ULOG_SUBMIT for HTCondor Node P_W15_II_M0_A00_S4 (6053232.0.0) {08/17/26 01:15:14}
08/17/26 01:15:18 Number of idle job procs: 101
08/17/26 01:15:18 Reassigning the id of job P_W15_II_M0_A00_S5 from (6053233.0.0) to (6053233.0.0)
08/17/26 01:15:18 Event: ULOG_SUBMIT for HTCondor Node P_W15_II_M0_A00_S5 (6053233.0.0) {08/17/26 01:15:14}
08/17/26 01:15:18 Number of idle job procs: 102
08/17/26 01:15:18 Reassigning the id of job P_W15_II_M0_A00_S6 from (6053234.0.0) to (6053234.0.0)
08/17/26 01:15:18 Event: ULOG_SUBMIT for HTCondor Node P_W15_II_M0_A00_S6 (6053234.0.0) {08/17/26 01:15:14}
08/17/26 01:15:18 Number of idle job procs: 103
08/17/26 01:15:18 Reassigning the id of job P_W15_II_M0_A00_S7 from (6053235.0.0) to (6053235.0.0)
08/17/26 01:15:18 Event: ULOG_SUBMIT for HTCondor Node P_W15_II_M0_A00_S7 (6053235.0.0) {08/17/26 01:15:14}
08/17/26 01:15:18 Number of idle job procs: 104
08/17/26 01:15:18 Reassigning the id of job P_W15_II_M1_A07_S0 from (6053236.0.0) to (6053236.0.0)
08/17/26 01:15:18 Event: ULOG_SUBMIT for HTCondor Node P_W15_II_M1_A07_S0 (6053236.0.0) {08/17/26 01:15:14}
08/17/26 01:15:18 Number of idle job procs: 105
08/17/26 01:15:18 Reassigning the id of job P_W15_II_M1_A07_S1 from (6053237.0.0) to (6053237.0.0)
08/17/26 01:15:18 Event: ULOG_SUBMIT for HTCondor Node P_W15_II_M1_A07_S1 (6053237.0.0) {08/17/26 01:15:14}
08/17/26 01:15:18 Number of idle job procs: 106
08/17/26 01:15:18 Reassigning the id of job P_W15_II_M1_A07_S2 from (6053238.0.0) to (6053238.0.0)
08/17/26 01:15:18 Event: ULOG_SUBMIT for HTCondor Node P_W15_II_M1_A07_S2 (6053238.0.0) {08/17/26 01:15:14}
08/17/26 01:15:18 Number of idle job procs: 107
08/17/26 01:15:18 Reassigning the id of job P_W15_II_M1_A07_S3 from (6053239.0.0) to (6053239.0.0)
08/17/26 01:15:18 Event: ULOG_SUBMIT for HTCondor Node P_W15_II_M1_A07_S3 (6053239.0.0) {08/17/26 01:15:14}
08/17/26 01:15:18 Number of idle job procs: 108
08/17/26 01:15:18 Reassigning the id of job P_W15_II_M1_A07_S4 from (6053240.0.0) to (6053240.0.0)
08/17/26 01:15:18 Event: ULOG_SUBMIT for HTCondor Node P_W15_II_M1_A07_S4 (6053240.0.0) {08/17/26 01:15:14}
08/17/26 01:15:18 Number of idle job procs: 109
08/17/26 01:15:18 Reassigning the id of job P_W15_II_M1_A07_S5 from (6053241.0.0) to (6053241.0.0)
08/17/26 01:15:18 Event: ULOG_SUBMIT for HTCondor Node P_W15_II_M1_A07_S5 (6053241.0.0) {08/17/26 01:15:14}
08/17/26 01:15:19 Number of idle job procs: 110
08/17/26 01:15:19 Reassigning the id of job P_W15_II_M1_A07_S6 from (6053242.0.0) to (6053242.0.0)
08/17/26 01:15:19 Event: ULOG_SUBMIT for HTCondor Node P_W15_II_M1_A07_S6 (6053242.0.0) {08/17/26 01:15:14}
08/17/26 01:15:19 Number of idle job procs: 111
08/17/26 01:15:19 Reassigning the id of job P_W15_II_M1_A07_S7 from (6053243.0.0) to (6053243.0.0)
08/17/26 01:15:19 Event: ULOG_SUBMIT for HTCondor Node P_W15_II_M1_A07_S7 (6053243.0.0) {08/17/26 01:15:14}
08/17/26 01:15:19 Number of idle job procs: 112
08/17/26 01:15:19 Reassigning the id of job P_W15_II_M2_A10_S0 from (6053244.0.0) to (6053244.0.0)
08/17/26 01:15:19 Event: ULOG_SUBMIT for HTCondor Node P_W15_II_M2_A10_S0 (6053244.0.0) {08/17/26 01:15:14}
08/17/26 01:15:19 Number of idle job procs: 113
08/17/26 01:15:19 Reassigning the id of job P_W15_II_M2_A10_S1 from (6053245.0.0) to (6053245.0.0)
08/17/26 01:15:19 Event: ULOG_SUBMIT for HTCondor Node P_W15_II_M2_A10_S1 (6053245.0.0) {08/17/26 01:15:14}
08/17/26 01:15:19 Number of idle job procs: 114
08/17/26 01:15:19 Reassigning the id of job P_W15_II_M2_A10_S2 from (6053246.0.0) to (6053246.0.0)
08/17/26 01:15:19 Event: ULOG_SUBMIT for HTCondor Node P_W15_II_M2_A10_S2 (6053246.0.0) {08/17/26 01:15:14}
08/17/26 01:15:19 Number of idle job procs: 115
08/17/26 01:15:19 Reassigning the id of job P_W15_II_M2_A10_S3 from (6053247.0.0) to (6053247.0.0)
08/17/26 01:15:19 Event: ULOG_SUBMIT for HTCondor Node P_W15_II_M2_A10_S3 (6053247.0.0) {08/17/26 01:15:14}
08/17/26 01:15:19 Number of idle job procs: 116
08/17/26 01:15:19 Reassigning the id of job P_W15_II_M2_A10_S4 from (6053248.0.0) to (6053248.0.0)
08/17/26 01:15:19 Event: ULOG_SUBMIT for HTCondor Node P_W15_II_M2_A10_S4 (6053248.0.0) {08/17/26 01:15:14}
08/17/26 01:15:19 Number of idle job procs: 117
08/17/26 01:15:19 Reassigning the id of job P_W15_II_M2_A10_S5 from (6053249.0.0) to (6053249.0.0)
08/17/26 01:15:19 Event: ULOG_SUBMIT for HTCondor Node P_W15_II_M2_A10_S5 (6053249.0.0) {08/17/26 01:15:14}
08/17/26 01:15:19 Number of idle job procs: 118
08/17/26 01:15:19 Reassigning the id of job P_W15_II_M2_A10_S6 from (6053250.0.0) to (6053250.0.0)
08/17/26 01:15:19 Event: ULOG_SUBMIT for HTCondor Node P_W15_II_M2_A10_S6 (6053250.0.0) {08/17/26 01:15:14}
08/17/26 01:15:19 Number of idle job procs: 119
08/17/26 01:15:19 Reassigning the id of job P_W15_II_M2_A10_S7 from (6053251.0.0) to (6053251.0.0)
08/17/26 01:15:19 Event: ULOG_SUBMIT for HTCondor Node P_W15_II_M2_A10_S7 (6053251.0.0) {08/17/26 01:15:14}
08/17/26 01:15:19 Number of idle job procs: 120
08/17/26 01:15:19 Reassigning the id of job P_W15_IH_M0_A00_S0 from (6053252.0.0) to (6053252.0.0)
08/17/26 01:15:19 Event: ULOG_SUBMIT for HTCondor Node P_W15_IH_M0_A00_S0 (6053252.0.0) {08/17/26 01:15:14}
08/17/26 01:15:19 Number of idle job procs: 121
08/17/26 01:15:19 Reassigning the id of job P_W15_IH_M0_A00_S1 from (6053253.0.0) to (6053253.0.0)
08/17/26 01:15:19 Event: ULOG_SUBMIT for HTCondor Node P_W15_IH_M0_A00_S1 (6053253.0.0) {08/17/26 01:15:14}
08/17/26 01:15:19 Number of idle job procs: 122
08/17/26 01:15:19 Reassigning the id of job P_W15_IH_M0_A00_S2 from (6053254.0.0) to (6053254.0.0)
08/17/26 01:15:19 Event: ULOG_SUBMIT for HTCondor Node P_W15_IH_M0_A00_S2 (6053254.0.0) {08/17/26 01:15:14}
08/17/26 01:15:19 Number of idle job procs: 123
08/17/26 01:15:19 Reassigning the id of job P_W15_IH_M0_A00_S3 from (6053255.0.0) to (6053255.0.0)
08/17/26 01:15:19 Event: ULOG_SUBMIT for HTCondor Node P_W15_IH_M0_A00_S3 (6053255.0.0) {08/17/26 01:15:14}
08/17/26 01:15:19 Number of idle job procs: 124
08/17/26 01:15:19 Reassigning the id of job P_W15_IH_M0_A00_S4 from (6053256.0.0) to (6053256.0.0)
08/17/26 01:15:19 Event: ULOG_SUBMIT for HTCondor Node P_W15_IH_M0_A00_S4 (6053256.0.0) {08/17/26 01:15:14}
08/17/26 01:15:19 Number of idle job procs: 125
08/17/26 01:15:19 Reassigning the id of job P_W15_IH_M0_A00_S5 from (6053257.0.0) to (6053257.0.0)
08/17/26 01:15:19 Event: ULOG_SUBMIT for HTCondor Node P_W15_IH_M0_A00_S5 (6053257.0.0) {08/17/26 01:15:14}
08/17/26 01:15:19 Number of idle job procs: 126
08/17/26 01:15:19 Reassigning the id of job P_W15_IH_M0_A00_S6 from (6053258.0.0) to (6053258.0.0)
08/17/26 01:15:19 Event: ULOG_SUBMIT for HTCondor Node P_W15_IH_M0_A00_S6 (6053258.0.0) {08/17/26 01:15:14}
08/17/26 01:15:19 Number of idle job procs: 127
08/17/26 01:15:19 Reassigning the id of job P_W15_IH_M0_A00_S7 from (6053259.0.0) to (6053259.0.0)
08/17/26 01:15:19 Event: ULOG_SUBMIT for HTCondor Node P_W15_IH_M0_A00_S7 (6053259.0.0) {08/17/26 01:15:14}
08/17/26 01:15:19 Number of idle job procs: 128
08/17/26 01:15:19 Reassigning the id of job P_W15_IH_M1_A07_S0 from (6053260.0.0) to (6053260.0.0)
08/17/26 01:15:19 Event: ULOG_SUBMIT for HTCondor Node P_W15_IH_M1_A07_S0 (6053260.0.0) {08/17/26 01:15:14}
08/17/26 01:15:19 Number of idle job procs: 129
08/17/26 01:15:19 Reassigning the id of job P_W15_IH_M1_A07_S1 from (6053261.0.0) to (6053261.0.0)
08/17/26 01:15:19 Event: ULOG_SUBMIT for HTCondor Node P_W15_IH_M1_A07_S1 (6053261.0.0) {08/17/26 01:15:14}
08/17/26 01:15:19 Number of idle job procs: 130
08/17/26 01:15:19 Reassigning the id of job P_W15_IH_M1_A07_S2 from (6053262.0.0) to (6053262.0.0)
08/17/26 01:15:19 Event: ULOG_SUBMIT for HTCondor Node P_W15_IH_M1_A07_S2 (6053262.0.0) {08/17/26 01:15:14}
08/17/26 01:15:19 Number of idle job procs: 131
08/17/26 01:15:19 Reassigning the id of job P_W15_IH_M1_A07_S3 from (6053263.0.0) to (6053263.0.0)
08/17/26 01:15:19 Event: ULOG_SUBMIT for HTCondor Node P_W15_IH_M1_A07_S3 (6053263.0.0) {08/17/26 01:15:14}
08/17/26 01:15:19 Number of idle job procs: 132
08/17/26 01:15:19 Reassigning the id of job P_W15_IH_M1_A07_S4 from (6053264.0.0) to (6053264.0.0)
08/17/26 01:15:19 Event: ULOG_SUBMIT for HTCondor Node P_W15_IH_M1_A07_S4 (6053264.0.0) {08/17/26 01:15:14}
08/17/26 01:15:19 Number of idle job procs: 133
08/17/26 01:15:19 Reassigning the id of job P_W15_IH_M1_A07_S5 from (6053265.0.0) to (6053265.0.0)
08/17/26 01:15:19 Event: ULOG_SUBMIT for HTCondor Node P_W15_IH_M1_A07_S5 (6053265.0.0) {08/17/26 01:15:14}
08/17/26 01:15:19 Number of idle job procs: 134
08/17/26 01:15:19 Reassigning the id of job P_W15_IH_M1_A07_S6 from (6053266.0.0) to (6053266.0.0)
08/17/26 01:15:19 Event: ULOG_SUBMIT for HTCondor Node P_W15_IH_M1_A07_S6 (6053266.0.0) {08/17/26 01:15:14}
08/17/26 01:15:19 Number of idle job procs: 135
08/17/26 01:15:19 Reassigning the id of job P_W15_IH_M1_A07_S7 from (6053267.0.0) to (6053267.0.0)
08/17/26 01:15:19 Event: ULOG_SUBMIT for HTCondor Node P_W15_IH_M1_A07_S7 (6053267.0.0) {08/17/26 01:15:14}
08/17/26 01:15:19 Number of idle job procs: 136
08/17/26 01:15:19 Reassigning the id of job P_W15_IH_M2_A10_S0 from (6053268.0.0) to (6053268.0.0)
08/17/26 01:15:19 Event: ULOG_SUBMIT for HTCondor Node P_W15_IH_M2_A10_S0 (6053268.0.0) {08/17/26 01:15:15}
08/17/26 01:15:19 Number of idle job procs: 137
08/17/26 01:15:19 Reassigning the id of job P_W15_IH_M2_A10_S1 from (6053269.0.0) to (6053269.0.0)
08/17/26 01:15:19 Event: ULOG_SUBMIT for HTCondor Node P_W15_IH_M2_A10_S1 (6053269.0.0) {08/17/26 01:15:15}
08/17/26 01:15:19 Number of idle job procs: 138
08/17/26 01:15:19 Reassigning the id of job P_W15_IH_M2_A10_S2 from (6053270.0.0) to (6053270.0.0)
08/17/26 01:15:19 Event: ULOG_SUBMIT for HTCondor Node P_W15_IH_M2_A10_S2 (6053270.0.0) {08/17/26 01:15:15}
08/17/26 01:15:19 Number of idle job procs: 139
08/17/26 01:15:19 Reassigning the id of job P_W15_IH_M2_A10_S3 from (6053271.0.0) to (6053271.0.0)
08/17/26 01:15:19 Event: ULOG_SUBMIT for HTCondor Node P_W15_IH_M2_A10_S3 (6053271.0.0) {08/17/26 01:15:15}
08/17/26 01:15:19 Number of idle job procs: 140
08/17/26 01:15:19 Reassigning the id of job P_W15_IH_M2_A10_S4 from (6053272.0.0) to (6053272.0.0)
08/17/26 01:15:19 Event: ULOG_SUBMIT for HTCondor Node P_W15_IH_M2_A10_S4 (6053272.0.0) {08/17/26 01:15:15}
08/17/26 01:15:19 Number of idle job procs: 141
08/17/26 01:15:19 Reassigning the id of job P_W15_IH_M2_A10_S5 from (6053273.0.0) to (6053273.0.0)
08/17/26 01:15:19 Event: ULOG_SUBMIT for HTCondor Node P_W15_IH_M2_A10_S5 (6053273.0.0) {08/17/26 01:15:15}
08/17/26 01:15:19 Number of idle job procs: 142
08/17/26 01:15:19 Reassigning the id of job P_W15_IH_M2_A10_S6 from (6053274.0.0) to (6053274.0.0)
08/17/26 01:15:19 Event: ULOG_SUBMIT for HTCondor Node P_W15_IH_M2_A10_S6 (6053274.0.0) {08/17/26 01:15:15}
08/17/26 01:15:19 Number of idle job procs: 143
08/17/26 01:15:19 Reassigning the id of job P_W15_IH_M2_A10_S7 from (6053275.0.0) to (6053275.0.0)
08/17/26 01:15:19 Event: ULOG_SUBMIT for HTCondor Node P_W15_IH_M2_A10_S7 (6053275.0.0) {08/17/26 01:15:15}
08/17/26 01:15:19 Number of idle job procs: 144
08/17/26 01:15:19 Reassigning the id of job P_W15_HL_M0_A00_S0 from (6053276.0.0) to (6053276.0.0)
08/17/26 01:15:19 Event: ULOG_SUBMIT for HTCondor Node P_W15_HL_M0_A00_S0 (6053276.0.0) {08/17/26 01:15:15}
08/17/26 01:15:19 Number of idle job procs: 145
08/17/26 01:15:19 Reassigning the id of job P_W15_HL_M0_A00_S1 from (6053277.0.0) to (6053277.0.0)
08/17/26 01:15:19 Event: ULOG_SUBMIT for HTCondor Node P_W15_HL_M0_A00_S1 (6053277.0.0) {08/17/26 01:15:15}
08/17/26 01:15:19 Number of idle job procs: 146
08/17/26 01:15:19 Reassigning the id of job P_W15_HL_M0_A00_S2 from (6053278.0.0) to (6053278.0.0)
08/17/26 01:15:19 Event: ULOG_SUBMIT for HTCondor Node P_W15_HL_M0_A00_S2 (6053278.0.0) {08/17/26 01:15:15}
08/17/26 01:15:19 Number of idle job procs: 147
08/17/26 01:15:19 Reassigning the id of job P_W15_HL_M0_A00_S3 from (6053279.0.0) to (6053279.0.0)
08/17/26 01:15:19 Event: ULOG_SUBMIT for HTCondor Node P_W15_HL_M0_A00_S3 (6053279.0.0) {08/17/26 01:15:15}
08/17/26 01:15:19 Number of idle job procs: 148
08/17/26 01:15:19 Reassigning the id of job P_W15_HL_M0_A00_S4 from (6053280.0.0) to (6053280.0.0)
08/17/26 01:15:19 Event: ULOG_SUBMIT for HTCondor Node P_W15_HL_M0_A00_S4 (6053280.0.0) {08/17/26 01:15:15}
08/17/26 01:15:19 Number of idle job procs: 149
08/17/26 01:15:19 Reassigning the id of job P_W15_HL_M0_A00_S5 from (6053281.0.0) to (6053281.0.0)
08/17/26 01:15:19 Event: ULOG_SUBMIT for HTCondor Node P_W15_HL_M0_A00_S5 (6053281.0.0) {08/17/26 01:15:15}
08/17/26 01:15:19 Number of idle job procs: 150
08/17/26 01:15:19 Reassigning the id of job P_W15_HL_M0_A00_S6 from (6053282.0.0) to (6053282.0.0)
08/17/26 01:15:19 Event: ULOG_SUBMIT for HTCondor Node P_W15_HL_M0_A00_S6 (6053282.0.0) {08/17/26 01:15:15}
08/17/26 01:15:19 Number of idle job procs: 151
08/17/26 01:15:19 Reassigning the id of job P_W15_HL_M0_A00_S7 from (6053283.0.0) to (6053283.0.0)
08/17/26 01:15:19 Event: ULOG_SUBMIT for HTCondor Node P_W15_HL_M0_A00_S7 (6053283.0.0) {08/17/26 01:15:15}
08/17/26 01:15:19 Number of idle job procs: 152
08/17/26 01:15:19 Reassigning the id of job P_W15_HL_M1_A07_S0 from (6053284.0.0) to (6053284.0.0)
08/17/26 01:15:19 Event: ULOG_SUBMIT for HTCondor Node P_W15_HL_M1_A07_S0 (6053284.0.0) {08/17/26 01:15:15}
08/17/26 01:15:19 Number of idle job procs: 153
08/17/26 01:15:19 Reassigning the id of job P_W15_HL_M1_A07_S1 from (6053285.0.0) to (6053285.0.0)
08/17/26 01:15:19 Event: ULOG_SUBMIT for HTCondor Node P_W15_HL_M1_A07_S1 (6053285.0.0) {08/17/26 01:15:15}
08/17/26 01:15:19 Number of idle job procs: 154
08/17/26 01:15:19 Reassigning the id of job P_W15_HL_M1_A07_S2 from (6053286.0.0) to (6053286.0.0)
08/17/26 01:15:19 Event: ULOG_SUBMIT for HTCondor Node P_W15_HL_M1_A07_S2 (6053286.0.0) {08/17/26 01:15:15}
08/17/26 01:15:19 Number of idle job procs: 155
08/17/26 01:15:19 Reassigning the id of job P_W15_HL_M1_A07_S3 from (6053287.0.0) to (6053287.0.0)
08/17/26 01:15:19 Event: ULOG_SUBMIT for HTCondor Node P_W15_HL_M1_A07_S3 (6053287.0.0) {08/17/26 01:15:15}
08/17/26 01:15:19 Number of idle job procs: 156
08/17/26 01:15:19 Reassigning the id of job P_W15_HL_M1_A07_S4 from (6053288.0.0) to (6053288.0.0)
08/17/26 01:15:19 Event: ULOG_SUBMIT for HTCondor Node P_W15_HL_M1_A07_S4 (6053288.0.0) {08/17/26 01:15:15}
08/17/26 01:15:20 Number of idle job procs: 157
08/17/26 01:15:20 Reassigning the id of job P_W15_HL_M1_A07_S5 from (6053289.0.0) to (6053289.0.0)
08/17/26 01:15:20 Event: ULOG_SUBMIT for HTCondor Node P_W15_HL_M1_A07_S5 (6053289.0.0) {08/17/26 01:15:15}
08/17/26 01:15:20 Number of idle job procs: 158
08/17/26 01:15:20 Reassigning the id of job P_W15_HL_M1_A07_S6 from (6053290.0.0) to (6053290.0.0)
08/17/26 01:15:20 Event: ULOG_SUBMIT for HTCondor Node P_W15_HL_M1_A07_S6 (6053290.0.0) {08/17/26 01:15:15}
08/17/26 01:15:20 Number of idle job procs: 159
08/17/26 01:15:20 Reassigning the id of job P_W15_HL_M1_A07_S7 from (6053291.0.0) to (6053291.0.0)
08/17/26 01:15:20 Event: ULOG_SUBMIT for HTCondor Node P_W15_HL_M1_A07_S7 (6053291.0.0) {08/17/26 01:15:15}
08/17/26 01:15:20 Number of idle job procs: 160
08/17/26 01:15:20 Reassigning the id of job P_W15_HL_M2_A10_S0 from (6053292.0.0) to (6053292.0.0)
08/17/26 01:15:20 Event: ULOG_SUBMIT for HTCondor Node P_W15_HL_M2_A10_S0 (6053292.0.0) {08/17/26 01:15:15}
08/17/26 01:15:20 Number of idle job procs: 161
08/17/26 01:15:20 Reassigning the id of job P_W15_HL_M2_A10_S1 from (6053293.0.0) to (6053293.0.0)
08/17/26 01:15:20 Event: ULOG_SUBMIT for HTCondor Node P_W15_HL_M2_A10_S1 (6053293.0.0) {08/17/26 01:15:15}
08/17/26 01:15:20 Number of idle job procs: 162
08/17/26 01:15:20 Reassigning the id of job P_W15_HL_M2_A10_S2 from (6053294.0.0) to (6053294.0.0)
08/17/26 01:15:20 Event: ULOG_SUBMIT for HTCondor Node P_W15_HL_M2_A10_S2 (6053294.0.0) {08/17/26 01:15:15}
08/17/26 01:15:20 Number of idle job procs: 163
08/17/26 01:15:20 Reassigning the id of job P_W15_HL_M2_A10_S3 from (6053295.0.0) to (6053295.0.0)
08/17/26 01:15:20 Event: ULOG_SUBMIT for HTCondor Node P_W15_HL_M2_A10_S3 (6053295.0.0) {08/17/26 01:15:15}
08/17/26 01:15:20 Number of idle job procs: 164
08/17/26 01:15:20 Reassigning the id of job P_W15_HL_M2_A10_S4 from (6053296.0.0) to (6053296.0.0)
08/17/26 01:15:20 Event: ULOG_SUBMIT for HTCondor Node P_W15_HL_M2_A10_S4 (6053296.0.0) {08/17/26 01:15:15}
08/17/26 01:15:20 Number of idle job procs: 165
08/17/26 01:15:20 Reassigning the id of job P_W15_HL_M2_A10_S5 from (6053297.0.0) to (6053297.0.0)
08/17/26 01:15:20 Event: ULOG_SUBMIT for HTCondor Node P_W15_HL_M2_A10_S5 (6053297.0.0) {08/17/26 01:15:15}
08/17/26 01:15:20 Number of idle job procs: 166
08/17/26 01:15:20 Reassigning the id of job P_W15_HL_M2_A10_S6 from (6053298.0.0) to (6053298.0.0)
08/17/26 01:15:20 Event: ULOG_SUBMIT for HTCondor Node P_W15_HL_M2_A10_S6 (6053298.0.0) {08/17/26 01:15:15}
08/17/26 01:15:20 Number of idle job procs: 167
08/17/26 01:15:20 Reassigning the id of job P_W15_HL_M2_A10_S7 from (6053299.0.0) to (6053299.0.0)
08/17/26 01:15:20 Event: ULOG_SUBMIT for HTCondor Node P_W15_HL_M2_A10_S7 (6053299.0.0) {08/17/26 01:15:15}
08/17/26 01:15:20 Number of idle job procs: 168
08/17/26 01:15:20 Reassigning the id of job P_W15_HI_M0_A00_S0 from (6053300.0.0) to (6053300.0.0)
08/17/26 01:15:20 Event: ULOG_SUBMIT for HTCondor Node P_W15_HI_M0_A00_S0 (6053300.0.0) {08/17/26 01:15:15}
08/17/26 01:15:20 Number of idle job procs: 169
08/17/26 01:15:20 Reassigning the id of job P_W15_HI_M0_A00_S1 from (6053301.0.0) to (6053301.0.0)
08/17/26 01:15:20 Event: ULOG_SUBMIT for HTCondor Node P_W15_HI_M0_A00_S1 (6053301.0.0) {08/17/26 01:15:15}
08/17/26 01:15:20 Number of idle job procs: 170
08/17/26 01:15:20 Reassigning the id of job P_W15_HI_M0_A00_S2 from (6053302.0.0) to (6053302.0.0)
08/17/26 01:15:20 Event: ULOG_SUBMIT for HTCondor Node P_W15_HI_M0_A00_S2 (6053302.0.0) {08/17/26 01:15:15}
08/17/26 01:15:20 Number of idle job procs: 171
08/17/26 01:15:20 Reassigning the id of job P_W15_HI_M0_A00_S3 from (6053303.0.0) to (6053303.0.0)
08/17/26 01:15:20 Event: ULOG_SUBMIT for HTCondor Node P_W15_HI_M0_A00_S3 (6053303.0.0) {08/17/26 01:15:15}
08/17/26 01:15:20 Number of idle job procs: 172
08/17/26 01:15:20 Reassigning the id of job P_W15_HI_M0_A00_S4 from (6053304.0.0) to (6053304.0.0)
08/17/26 01:15:20 Event: ULOG_SUBMIT for HTCondor Node P_W15_HI_M0_A00_S4 (6053304.0.0) {08/17/26 01:15:16}
08/17/26 01:15:20 Number of idle job procs: 173
08/17/26 01:15:20 Reassigning the id of job P_W15_HI_M0_A00_S5 from (6053305.0.0) to (6053305.0.0)
08/17/26 01:15:20 Event: ULOG_SUBMIT for HTCondor Node P_W15_HI_M0_A00_S5 (6053305.0.0) {08/17/26 01:15:16}
08/17/26 01:15:20 Number of idle job procs: 174
08/17/26 01:15:20 Reassigning the id of job P_W15_HI_M0_A00_S6 from (6053306.0.0) to (6053306.0.0)
08/17/26 01:15:20 Event: ULOG_SUBMIT for HTCondor Node P_W15_HI_M0_A00_S6 (6053306.0.0) {08/17/26 01:15:16}
08/17/26 01:15:20 Number of idle job procs: 175
08/17/26 01:15:20 Reassigning the id of job P_W15_HI_M0_A00_S7 from (6053307.0.0) to (6053307.0.0)
08/17/26 01:15:20 Event: ULOG_SUBMIT for HTCondor Node P_W15_HI_M0_A00_S7 (6053307.0.0) {08/17/26 01:15:16}
08/17/26 01:15:20 Number of idle job procs: 176
08/17/26 01:15:20 Reassigning the id of job P_W15_HI_M1_A07_S0 from (6053308.0.0) to (6053308.0.0)
08/17/26 01:15:20 Event: ULOG_SUBMIT for HTCondor Node P_W15_HI_M1_A07_S0 (6053308.0.0) {08/17/26 01:15:16}
08/17/26 01:15:20 Number of idle job procs: 177
08/17/26 01:15:20 Reassigning the id of job P_W15_HI_M1_A07_S1 from (6053309.0.0) to (6053309.0.0)
08/17/26 01:15:20 Event: ULOG_SUBMIT for HTCondor Node P_W15_HI_M1_A07_S1 (6053309.0.0) {08/17/26 01:15:16}
08/17/26 01:15:20 Number of idle job procs: 178
08/17/26 01:15:20 Reassigning the id of job P_W15_HI_M1_A07_S2 from (6053310.0.0) to (6053310.0.0)
08/17/26 01:15:20 Event: ULOG_SUBMIT for HTCondor Node P_W15_HI_M1_A07_S2 (6053310.0.0) {08/17/26 01:15:16}
08/17/26 01:15:20 Number of idle job procs: 179
08/17/26 01:15:20 Reassigning the id of job P_W15_HI_M1_A07_S3 from (6053311.0.0) to (6053311.0.0)
08/17/26 01:15:20 Event: ULOG_SUBMIT for HTCondor Node P_W15_HI_M1_A07_S3 (6053311.0.0) {08/17/26 01:15:16}
08/17/26 01:15:20 Number of idle job procs: 180
08/17/26 01:15:20 Reassigning the id of job P_W15_HI_M1_A07_S4 from (6053312.0.0) to (6053312.0.0)
08/17/26 01:15:20 Event: ULOG_SUBMIT for HTCondor Node P_W15_HI_M1_A07_S4 (6053312.0.0) {08/17/26 01:15:16}
08/17/26 01:15:20 Number of idle job procs: 181
08/17/26 01:15:20 Reassigning the id of job P_W15_HI_M1_A07_S5 from (6053313.0.0) to (6053313.0.0)
08/17/26 01:15:20 Event: ULOG_SUBMIT for HTCondor Node P_W15_HI_M1_A07_S5 (6053313.0.0) {08/17/26 01:15:16}
08/17/26 01:15:20 Number of idle job procs: 182
08/17/26 01:15:20 Reassigning the id of job P_W15_HI_M1_A07_S6 from (6053314.0.0) to (6053314.0.0)
08/17/26 01:15:20 Event: ULOG_SUBMIT for HTCondor Node P_W15_HI_M1_A07_S6 (6053314.0.0) {08/17/26 01:15:16}
08/17/26 01:15:20 Number of idle job procs: 183
08/17/26 01:15:20 Reassigning the id of job P_W15_HI_M1_A07_S7 from (6053315.0.0) to (6053315.0.0)
08/17/26 01:15:20 Event: ULOG_SUBMIT for HTCondor Node P_W15_HI_M1_A07_S7 (6053315.0.0) {08/17/26 01:15:16}
08/17/26 01:15:20 Number of idle job procs: 184
08/17/26 01:15:20 Reassigning the id of job P_W15_HI_M2_A10_S0 from (6053316.0.0) to (6053316.0.0)
08/17/26 01:15:20 Event: ULOG_SUBMIT for HTCondor Node P_W15_HI_M2_A10_S0 (6053316.0.0) {08/17/26 01:15:16}
08/17/26 01:15:20 Number of idle job procs: 185
08/17/26 01:15:20 Reassigning the id of job P_W15_HI_M2_A10_S1 from (6053317.0.0) to (6053317.0.0)
08/17/26 01:15:20 Event: ULOG_SUBMIT for HTCondor Node P_W15_HI_M2_A10_S1 (6053317.0.0) {08/17/26 01:15:16}
08/17/26 01:15:20 Number of idle job procs: 186
08/17/26 01:15:20 Reassigning the id of job P_W15_HI_M2_A10_S2 from (6053318.0.0) to (6053318.0.0)
08/17/26 01:15:20 Event: ULOG_SUBMIT for HTCondor Node P_W15_HI_M2_A10_S2 (6053318.0.0) {08/17/26 01:15:16}
08/17/26 01:15:20 Number of idle job procs: 187
08/17/26 01:15:20 Reassigning the id of job P_W15_HI_M2_A10_S3 from (6053319.0.0) to (6053319.0.0)
08/17/26 01:15:20 Event: ULOG_SUBMIT for HTCondor Node P_W15_HI_M2_A10_S3 (6053319.0.0) {08/17/26 01:15:16}
08/17/26 01:15:20 Number of idle job procs: 188
08/17/26 01:15:20 Reassigning the id of job P_W15_HI_M2_A10_S4 from (6053320.0.0) to (6053320.0.0)
08/17/26 01:15:20 Event: ULOG_SUBMIT for HTCondor Node P_W15_HI_M2_A10_S4 (6053320.0.0) {08/17/26 01:15:16}
08/17/26 01:15:20 Number of idle job procs: 189
08/17/26 01:15:20 Reassigning the id of job P_W15_HI_M2_A10_S5 from (6053321.0.0) to (6053321.0.0)
08/17/26 01:15:20 Event: ULOG_SUBMIT for HTCondor Node P_W15_HI_M2_A10_S5 (6053321.0.0) {08/17/26 01:15:16}
08/17/26 01:15:20 Number of idle job procs: 190
08/17/26 01:15:20 Reassigning the id of job P_W15_HI_M2_A10_S6 from (6053322.0.0) to (6053322.0.0)
08/17/26 01:15:20 Event: ULOG_SUBMIT for HTCondor Node P_W15_HI_M2_A10_S6 (6053322.0.0) {08/17/26 01:15:16}
08/17/26 01:15:20 Number of idle job procs: 191
08/17/26 01:15:20 Reassigning the id of job P_W15_HI_M2_A10_S7 from (6053323.0.0) to (6053323.0.0)
08/17/26 01:15:20 Event: ULOG_SUBMIT for HTCondor Node P_W15_HI_M2_A10_S7 (6053323.0.0) {08/17/26 01:15:16}
08/17/26 01:15:20 Number of idle job procs: 192
08/17/26 01:15:20 Reassigning the id of job P_W15_HH_M0_A00_S0 from (6053324.0.0) to (6053324.0.0)
08/17/26 01:15:20 Event: ULOG_SUBMIT for HTCondor Node P_W15_HH_M0_A00_S0 (6053324.0.0) {08/17/26 01:15:16}
08/17/26 01:15:20 Number of idle job procs: 193
08/17/26 01:15:20 Reassigning the id of job P_W15_HH_M0_A00_S1 from (6053325.0.0) to (6053325.0.0)
08/17/26 01:15:20 Event: ULOG_SUBMIT for HTCondor Node P_W15_HH_M0_A00_S1 (6053325.0.0) {08/17/26 01:15:16}
08/17/26 01:15:20 Number of idle job procs: 194
08/17/26 01:15:20 Reassigning the id of job P_W15_HH_M0_A00_S2 from (6053326.0.0) to (6053326.0.0)
08/17/26 01:15:20 Event: ULOG_SUBMIT for HTCondor Node P_W15_HH_M0_A00_S2 (6053326.0.0) {08/17/26 01:15:16}
08/17/26 01:15:20 Number of idle job procs: 195
08/17/26 01:15:20 Reassigning the id of job P_W15_HH_M0_A00_S3 from (6053327.0.0) to (6053327.0.0)
08/17/26 01:15:20 Event: ULOG_SUBMIT for HTCondor Node P_W15_HH_M0_A00_S3 (6053327.0.0) {08/17/26 01:15:16}
08/17/26 01:15:20 Number of idle job procs: 196
08/17/26 01:15:20 Reassigning the id of job P_W15_HH_M0_A00_S4 from (6053328.0.0) to (6053328.0.0)
08/17/26 01:15:20 Event: ULOG_SUBMIT for HTCondor Node P_W15_HH_M0_A00_S4 (6053328.0.0) {08/17/26 01:15:16}
08/17/26 01:15:20 Number of idle job procs: 197
08/17/26 01:15:20 Reassigning the id of job P_W15_HH_M0_A00_S5 from (6053329.0.0) to (6053329.0.0)
08/17/26 01:15:20 Event: ULOG_SUBMIT for HTCondor Node P_W15_HH_M0_A00_S5 (6053329.0.0) {08/17/26 01:15:16}
08/17/26 01:15:20 Number of idle job procs: 198
08/17/26 01:15:20 Reassigning the id of job P_W15_HH_M0_A00_S6 from (6053330.0.0) to (6053330.0.0)
08/17/26 01:15:20 Event: ULOG_SUBMIT for HTCondor Node P_W15_HH_M0_A00_S6 (6053330.0.0) {08/17/26 01:15:16}
08/17/26 01:15:20 Number of idle job procs: 199
08/17/26 01:15:20 Reassigning the id of job P_W15_HH_M0_A00_S7 from (6053331.0.0) to (6053331.0.0)
08/17/26 01:15:20 Event: ULOG_SUBMIT for HTCondor Node P_W15_HH_M0_A00_S7 (6053331.0.0) {08/17/26 01:15:16}
08/17/26 01:15:20 Number of idle job procs: 200
08/17/26 01:15:20 DAG status: 0 (DAG_STATUS_OK)
08/17/26 01:15:20 Of 432 nodes total:
08/17/26 01:15:20  Done     Pre   Queued    Post   Ready   Un-Ready   Failed   Futile
08/17/26 01:15:20   ===     ===      ===     ===     ===        ===      ===      ===
08/17/26 01:15:21     0       0      200       0      16        216        0        0
08/17/26 01:15:21 0 job proc(s) currently held
08/17/26 01:15:21 DAGMan Runtime Statistics: [EventCycleTimeAvg=1.873; EventCycleTimeMax=1.873; EventCycleTimeMin=1.873; EventCycleTimeStd=1.873; EventCycleTimeSum=1.873; SleepCycleTimeAvg=5.005; SleepCycleTimeMax=5.005; SleepCycleTimeMin=5.005; SleepCycleTimeStd=5.005; SleepCycleTimeSum=5.005; SubmitCycleTimeAvg=2.297; SubmitCycleTimeMax=2.749; SubmitCycleTimeMin=1.844; SubmitCycleTimeStd=0.640; SubmitCycleTimeSum=4.594; EventCycleTimeCount=1.000; SleepCycleTimeCount=1.000; SubmitCycleTimeCount=2.000; LogProcessCycleTimeAvg=4.145; LogProcessCycleTimeMax=4.145; LogProcessCycleTimeMin=4.145; LogProcessCycleTimeStd=4.145; LogProcessCycleTimeSum=4.145; LogProcessCycleTimeCount=1.000; ]
08/17/26 01:15:26 Submitting HTCondor Node P_W15_HH_M1_A07_S0 job(s)...
08/17/26 01:15:26 Submitting node P_W15_HH_M1_A07_S0 from file /afs/cern.ch/user/c/cglenn/FCCWork/whizard/whizard_ttbar_spinpol/phase11_diagnostics/excess_weight_rootcause_v1/ttbar_restricted_region_suite_v1/regions/submissions/20260816T231425Z_U9region_core_W15_S8_np1_v1p0p1/region_parent.sub using direct job submission
08/17/26 01:15:26 	assigned HTCondor ID (6053332.0.0)
08/17/26 01:15:26 Submitting HTCondor Node P_W15_HH_M1_A07_S1 job(s)...
08/17/26 01:15:26 Submitting node P_W15_HH_M1_A07_S1 from file /afs/cern.ch/user/c/cglenn/FCCWork/whizard/whizard_ttbar_spinpol/phase11_diagnostics/excess_weight_rootcause_v1/ttbar_restricted_region_suite_v1/regions/submissions/20260816T231425Z_U9region_core_W15_S8_np1_v1p0p1/region_parent.sub using direct job submission
08/17/26 01:15:26 	assigned HTCondor ID (6053333.0.0)
08/17/26 01:15:26 Submitting HTCondor Node P_W15_HH_M1_A07_S2 job(s)...
08/17/26 01:15:26 Submitting node P_W15_HH_M1_A07_S2 from file /afs/cern.ch/user/c/cglenn/FCCWork/whizard/whizard_ttbar_spinpol/phase11_diagnostics/excess_weight_rootcause_v1/ttbar_restricted_region_suite_v1/regions/submissions/20260816T231425Z_U9region_core_W15_S8_np1_v1p0p1/region_parent.sub using direct job submission
08/17/26 01:15:26 	assigned HTCondor ID (6053334.0.0)
08/17/26 01:15:26 Submitting HTCondor Node P_W15_HH_M1_A07_S3 job(s)...
08/17/26 01:15:26 Submitting node P_W15_HH_M1_A07_S3 from file /afs/cern.ch/user/c/cglenn/FCCWork/whizard/whizard_ttbar_spinpol/phase11_diagnostics/excess_weight_rootcause_v1/ttbar_restricted_region_suite_v1/regions/submissions/20260816T231425Z_U9region_core_W15_S8_np1_v1p0p1/region_parent.sub using direct job submission
08/17/26 01:15:26 	assigned HTCondor ID (6053335.0.0)
08/17/26 01:15:26 Submitting HTCondor Node P_W15_HH_M1_A07_S4 job(s)...
08/17/26 01:15:26 Submitting node P_W15_HH_M1_A07_S4 from file /afs/cern.ch/user/c/cglenn/FCCWork/whizard/whizard_ttbar_spinpol/phase11_diagnostics/excess_weight_rootcause_v1/ttbar_restricted_region_suite_v1/regions/submissions/20260816T231425Z_U9region_core_W15_S8_np1_v1p0p1/region_parent.sub using direct job submission
08/17/26 01:15:26 	assigned HTCondor ID (6053336.0.0)
08/17/26 01:15:26 Submitting HTCondor Node P_W15_HH_M1_A07_S5 job(s)...
08/17/26 01:15:26 Submitting node P_W15_HH_M1_A07_S5 from file /afs/cern.ch/user/c/cglenn/FCCWork/whizard/whizard_ttbar_spinpol/phase11_diagnostics/excess_weight_rootcause_v1/ttbar_restricted_region_suite_v1/regions/submissions/20260816T231425Z_U9region_core_W15_S8_np1_v1p0p1/region_parent.sub using direct job submission
08/17/26 01:15:26 	assigned HTCondor ID (6053337.0.0)
08/17/26 01:15:26 Submitting HTCondor Node P_W15_HH_M1_A07_S6 job(s)...
08/17/26 01:15:26 Submitting node P_W15_HH_M1_A07_S6 from file /afs/cern.ch/user/c/cglenn/FCCWork/whizard/whizard_ttbar_spinpol/phase11_diagnostics/excess_weight_rootcause_v1/ttbar_restricted_region_suite_v1/regions/submissions/20260816T231425Z_U9region_core_W15_S8_np1_v1p0p1/region_parent.sub using direct job submission
08/17/26 01:15:26 	assigned HTCondor ID (6053338.0.0)
08/17/26 01:15:26 Submitting HTCondor Node P_W15_HH_M1_A07_S7 job(s)...
08/17/26 01:15:26 Submitting node P_W15_HH_M1_A07_S7 from file /afs/cern.ch/user/c/cglenn/FCCWork/whizard/whizard_ttbar_spinpol/phase11_diagnostics/excess_weight_rootcause_v1/ttbar_restricted_region_suite_v1/regions/submissions/20260816T231425Z_U9region_core_W15_S8_np1_v1p0p1/region_parent.sub using direct job submission
08/17/26 01:15:26 	assigned HTCondor ID (6053339.0.0)
08/17/26 01:15:26 Submitting HTCondor Node P_W15_HH_M2_A10_S0 job(s)...
08/17/26 01:15:26 Submitting node P_W15_HH_M2_A10_S0 from file /afs/cern.ch/user/c/cglenn/FCCWork/whizard/whizard_ttbar_spinpol/phase11_diagnostics/excess_weight_rootcause_v1/ttbar_restricted_region_suite_v1/regions/submissions/20260816T231425Z_U9region_core_W15_S8_np1_v1p0p1/region_parent.sub using direct job submission
08/17/26 01:15:26 	assigned HTCondor ID (6053340.0.0)
08/17/26 01:15:26 Submitting HTCondor Node P_W15_HH_M2_A10_S1 job(s)...
08/17/26 01:15:26 Submitting node P_W15_HH_M2_A10_S1 from file /afs/cern.ch/user/c/cglenn/FCCWork/whizard/whizard_ttbar_spinpol/phase11_diagnostics/excess_weight_rootcause_v1/ttbar_restricted_region_suite_v1/regions/submissions/20260816T231425Z_U9region_core_W15_S8_np1_v1p0p1/region_parent.sub using direct job submission
08/17/26 01:15:26 	assigned HTCondor ID (6053341.0.0)
08/17/26 01:15:26 Submitting HTCondor Node P_W15_HH_M2_A10_S2 job(s)...
08/17/26 01:15:26 Submitting node P_W15_HH_M2_A10_S2 from file /afs/cern.ch/user/c/cglenn/FCCWork/whizard/whizard_ttbar_spinpol/phase11_diagnostics/excess_weight_rootcause_v1/ttbar_restricted_region_suite_v1/regions/submissions/20260816T231425Z_U9region_core_W15_S8_np1_v1p0p1/region_parent.sub using direct job submission
08/17/26 01:15:26 	assigned HTCondor ID (6053342.0.0)
08/17/26 01:15:26 Submitting HTCondor Node P_W15_HH_M2_A10_S3 job(s)...
08/17/26 01:15:26 Submitting node P_W15_HH_M2_A10_S3 from file /afs/cern.ch/user/c/cglenn/FCCWork/whizard/whizard_ttbar_spinpol/phase11_diagnostics/excess_weight_rootcause_v1/ttbar_restricted_region_suite_v1/regions/submissions/20260816T231425Z_U9region_core_W15_S8_np1_v1p0p1/region_parent.sub using direct job submission
08/17/26 01:15:26 	assigned HTCondor ID (6053343.0.0)
08/17/26 01:15:26 Submitting HTCondor Node P_W15_HH_M2_A10_S4 job(s)...
08/17/26 01:15:26 Submitting node P_W15_HH_M2_A10_S4 from file /afs/cern.ch/user/c/cglenn/FCCWork/whizard/whizard_ttbar_spinpol/phase11_diagnostics/excess_weight_rootcause_v1/ttbar_restricted_region_suite_v1/regions/submissions/20260816T231425Z_U9region_core_W15_S8_np1_v1p0p1/region_parent.sub using direct job submission
08/17/26 01:15:26 	assigned HTCondor ID (6053344.0.0)
08/17/26 01:15:26 Submitting HTCondor Node P_W15_HH_M2_A10_S5 job(s)...
08/17/26 01:15:26 Submitting node P_W15_HH_M2_A10_S5 from file /afs/cern.ch/user/c/cglenn/FCCWork/whizard/whizard_ttbar_spinpol/phase11_diagnostics/excess_weight_rootcause_v1/ttbar_restricted_region_suite_v1/regions/submissions/20260816T231425Z_U9region_core_W15_S8_np1_v1p0p1/region_parent.sub using direct job submission
08/17/26 01:15:26 	assigned HTCondor ID (6053345.0.0)
08/17/26 01:15:26 Submitting HTCondor Node P_W15_HH_M2_A10_S6 job(s)...
08/17/26 01:15:26 Submitting node P_W15_HH_M2_A10_S6 from file /afs/cern.ch/user/c/cglenn/FCCWork/whizard/whizard_ttbar_spinpol/phase11_diagnostics/excess_weight_rootcause_v1/ttbar_restricted_region_suite_v1/regions/submissions/20260816T231425Z_U9region_core_W15_S8_np1_v1p0p1/region_parent.sub using direct job submission
08/17/26 01:15:26 	assigned HTCondor ID (6053346.0.0)
08/17/26 01:15:26 Submitting HTCondor Node P_W15_HH_M2_A10_S7 job(s)...
08/17/26 01:15:26 Submitting node P_W15_HH_M2_A10_S7 from file /afs/cern.ch/user/c/cglenn/FCCWork/whizard/whizard_ttbar_spinpol/phase11_diagnostics/excess_weight_rootcause_v1/ttbar_restricted_region_suite_v1/regions/submissions/20260816T231425Z_U9region_core_W15_S8_np1_v1p0p1/region_parent.sub using direct job submission
08/17/26 01:15:26 	assigned HTCondor ID (6053347.0.0)
08/17/26 01:15:26 Just submitted 16 jobs this cycle...
08/17/26 01:15:26 Currently monitoring 1 HTCondor log file(s)
08/17/26 01:15:26 Reassigning the id of job P_W15_HH_M1_A07_S0 from (6053332.0.0) to (6053332.0.0)
08/17/26 01:15:26 Event: ULOG_SUBMIT for HTCondor Node P_W15_HH_M1_A07_S0 (6053332.0.0) {08/17/26 01:15:26}
08/17/26 01:15:26 Number of idle job procs: 201
08/17/26 01:15:26 Reassigning the id of job P_W15_HH_M1_A07_S1 from (6053333.0.0) to (6053333.0.0)
08/17/26 01:15:26 Event: ULOG_SUBMIT for HTCondor Node P_W15_HH_M1_A07_S1 (6053333.0.0) {08/17/26 01:15:26}
08/17/26 01:15:26 Number of idle job procs: 202
08/17/26 01:15:26 Reassigning the id of job P_W15_HH_M1_A07_S2 from (6053334.0.0) to (6053334.0.0)
08/17/26 01:15:26 Event: ULOG_SUBMIT for HTCondor Node P_W15_HH_M1_A07_S2 (6053334.0.0) {08/17/26 01:15:26}
08/17/26 01:15:26 Number of idle job procs: 203
08/17/26 01:15:26 Reassigning the id of job P_W15_HH_M1_A07_S3 from (6053335.0.0) to (6053335.0.0)
08/17/26 01:15:26 Event: ULOG_SUBMIT for HTCondor Node P_W15_HH_M1_A07_S3 (6053335.0.0) {08/17/26 01:15:26}
08/17/26 01:15:26 Number of idle job procs: 204
08/17/26 01:15:26 Reassigning the id of job P_W15_HH_M1_A07_S4 from (6053336.0.0) to (6053336.0.0)
08/17/26 01:15:26 Event: ULOG_SUBMIT for HTCondor Node P_W15_HH_M1_A07_S4 (6053336.0.0) {08/17/26 01:15:26}
08/17/26 01:15:26 Number of idle job procs: 205
08/17/26 01:15:26 Reassigning the id of job P_W15_HH_M1_A07_S5 from (6053337.0.0) to (6053337.0.0)
08/17/26 01:15:26 Event: ULOG_SUBMIT for HTCondor Node P_W15_HH_M1_A07_S5 (6053337.0.0) {08/17/26 01:15:26}
08/17/26 01:15:26 Number of idle job procs: 206
08/17/26 01:15:26 Reassigning the id of job P_W15_HH_M1_A07_S6 from (6053338.0.0) to (6053338.0.0)
08/17/26 01:15:26 Event: ULOG_SUBMIT for HTCondor Node P_W15_HH_M1_A07_S6 (6053338.0.0) {08/17/26 01:15:26}
08/17/26 01:15:26 Number of idle job procs: 207
08/17/26 01:15:26 Reassigning the id of job P_W15_HH_M1_A07_S7 from (6053339.0.0) to (6053339.0.0)
08/17/26 01:15:26 Event: ULOG_SUBMIT for HTCondor Node P_W15_HH_M1_A07_S7 (6053339.0.0) {08/17/26 01:15:26}
08/17/26 01:15:26 Number of idle job procs: 208
08/17/26 01:15:26 Reassigning the id of job P_W15_HH_M2_A10_S0 from (6053340.0.0) to (6053340.0.0)
08/17/26 01:15:26 Event: ULOG_SUBMIT for HTCondor Node P_W15_HH_M2_A10_S0 (6053340.0.0) {08/17/26 01:15:26}
08/17/26 01:15:26 Number of idle job procs: 209
08/17/26 01:15:26 Reassigning the id of job P_W15_HH_M2_A10_S1 from (6053341.0.0) to (6053341.0.0)
08/17/26 01:15:26 Event: ULOG_SUBMIT for HTCondor Node P_W15_HH_M2_A10_S1 (6053341.0.0) {08/17/26 01:15:26}
08/17/26 01:15:26 Number of idle job procs: 210
08/17/26 01:15:26 Reassigning the id of job P_W15_HH_M2_A10_S2 from (6053342.0.0) to (6053342.0.0)
08/17/26 01:15:26 Event: ULOG_SUBMIT for HTCondor Node P_W15_HH_M2_A10_S2 (6053342.0.0) {08/17/26 01:15:26}
08/17/26 01:15:26 Number of idle job procs: 211
08/17/26 01:15:26 Reassigning the id of job P_W15_HH_M2_A10_S3 from (6053343.0.0) to (6053343.0.0)
08/17/26 01:15:26 Event: ULOG_SUBMIT for HTCondor Node P_W15_HH_M2_A10_S3 (6053343.0.0) {08/17/26 01:15:26}
08/17/26 01:15:26 Number of idle job procs: 212
08/17/26 01:15:26 Reassigning the id of job P_W15_HH_M2_A10_S4 from (6053344.0.0) to (6053344.0.0)
08/17/26 01:15:26 Event: ULOG_SUBMIT for HTCondor Node P_W15_HH_M2_A10_S4 (6053344.0.0) {08/17/26 01:15:26}
08/17/26 01:15:26 Number of idle job procs: 213
08/17/26 01:15:26 Reassigning the id of job P_W15_HH_M2_A10_S5 from (6053345.0.0) to (6053345.0.0)
08/17/26 01:15:26 Event: ULOG_SUBMIT for HTCondor Node P_W15_HH_M2_A10_S5 (6053345.0.0) {08/17/26 01:15:26}
08/17/26 01:15:26 Number of idle job procs: 214
08/17/26 01:15:26 Reassigning the id of job P_W15_HH_M2_A10_S6 from (6053346.0.0) to (6053346.0.0)
08/17/26 01:15:26 Event: ULOG_SUBMIT for HTCondor Node P_W15_HH_M2_A10_S6 (6053346.0.0) {08/17/26 01:15:26}
08/17/26 01:15:27 Number of idle job procs: 215
08/17/26 01:15:27 Reassigning the id of job P_W15_HH_M2_A10_S7 from (6053347.0.0) to (6053347.0.0)
08/17/26 01:15:27 Event: ULOG_SUBMIT for HTCondor Node P_W15_HH_M2_A10_S7 (6053347.0.0) {08/17/26 01:15:26}
08/17/26 01:15:27 Number of idle job procs: 216
08/17/26 01:15:27 DAG status: 0 (DAG_STATUS_OK)
08/17/26 01:15:27 Of 432 nodes total:
08/17/26 01:15:27  Done     Pre   Queued    Post   Ready   Un-Ready   Failed   Futile
08/17/26 01:15:27   ===     ===      ===     ===     ===        ===      ===      ===
08/17/26 01:15:27     0       0      216       0       0        216        0        0
08/17/26 01:15:27 0 job proc(s) currently held
08/17/26 01:15:27 DAGMan Runtime Statistics: [EventCycleTimeAvg=4.416; EventCycleTimeMax=6.960; EventCycleTimeMin=1.873; EventCycleTimeStd=3.598; EventCycleTimeSum=8.833; SleepCycleTimeAvg=5.003; SleepCycleTimeMax=5.005; SleepCycleTimeMin=5.001; SleepCycleTimeStd=0.003; SleepCycleTimeSum=10.006; SubmitCycleTimeAvg=1.729; SubmitCycleTimeMax=2.749; SubmitCycleTimeMin=0.594; SubmitCycleTimeStd=1.083; SubmitCycleTimeSum=5.188; EventCycleTimeCount=2.000; SleepCycleTimeCount=2.000; SubmitCycleTimeCount=3.000; LogProcessCycleTimeAvg=2.273; LogProcessCycleTimeMax=4.145; LogProcessCycleTimeMin=0.401; LogProcessCycleTimeStd=2.647; LogProcessCycleTimeSum=4.545; LogProcessCycleTimeCount=2.000; ]
08/17/26 01:15:32 Currently monitoring 1 HTCondor log file(s)
08/17/26 01:17:22 Currently monitoring 1 HTCondor log file(s)
08/17/26 01:17:22 Event: ULOG_EXECUTE for HTCondor Node P_W15_LL_M0_A00_S5 (6053137.0.0) {08/17/26 01:17:18}
08/17/26 01:17:22 Number of idle job procs: 215
08/17/26 01:17:22 Event: ULOG_EXECUTE for HTCondor Node P_W15_LL_M0_A00_S0 (6053132.0.0) {08/17/26 01:17:18}
08/17/26 01:17:22 Number of idle job procs: 214
08/17/26 01:17:22 Event: ULOG_EXECUTE for HTCondor Node P_W15_LL_M0_A00_S1 (6053133.0.0) {08/17/26 01:17:18}
08/17/26 01:17:22 Number of idle job procs: 213
08/17/26 01:17:22 Event: ULOG_EXECUTE for HTCondor Node P_W15_LL_M0_A00_S2 (6053134.0.0) {08/17/26 01:17:18}
08/17/26 01:17:22 Number of idle job procs: 212
08/17/26 01:17:22 Event: ULOG_EXECUTE for HTCondor Node P_W15_LL_M0_A00_S4 (6053136.0.0) {08/17/26 01:17:19}
08/17/26 01:17:22 Number of idle job procs: 211
08/17/26 01:17:22 Event: ULOG_EXECUTE for HTCondor Node P_W15_LL_M0_A00_S3 (6053135.0.0) {08/17/26 01:17:20}
08/17/26 01:17:22 Number of idle job procs: 210
08/17/26 01:17:22 Event: ULOG_EXECUTE for HTCondor Node P_W15_LL_M0_A00_S6 (6053138.0.0) {08/17/26 01:17:20}
08/17/26 01:17:22 Number of idle job procs: 209
08/17/26 01:17:22 Event: ULOG_EXECUTE for HTCondor Node P_W15_LL_M1_A07_S2 (6053142.0.0) {08/17/26 01:17:20}
08/17/26 01:17:22 Number of idle job procs: 208
08/17/26 01:17:22 Event: ULOG_EXECUTE for HTCondor Node P_W15_LL_M1_A07_S1 (6053141.0.0) {08/17/26 01:17:20}
08/17/26 01:17:22 Number of idle job procs: 207
08/17/26 01:17:22 Event: ULOG_EXECUTE for HTCondor Node P_W15_LL_M1_A07_S5 (6053145.0.0) {08/17/26 01:17:21}
08/17/26 01:17:22 Number of idle job procs: 206
08/17/26 01:17:22 Event: ULOG_EXECUTE for HTCondor Node P_W15_LL_M0_A00_S7 (6053139.0.0) {08/17/26 01:17:21}
08/17/26 01:17:22 Number of idle job procs: 205
08/17/26 01:17:22 Event: ULOG_EXECUTE for HTCondor Node P_W15_LL_M1_A07_S4 (6053144.0.0) {08/17/26 01:17:21}
08/17/26 01:17:22 Number of idle job procs: 204
08/17/26 01:17:27 Currently monitoring 1 HTCondor log file(s)
08/17/26 01:17:27 Event: ULOG_EXECUTE for HTCondor Node P_W15_LL_M1_A07_S7 (6053147.0.0) {08/17/26 01:17:22}
08/17/26 01:17:27 Number of idle job procs: 203
08/17/26 01:17:27 Event: ULOG_EXECUTE for HTCondor Node P_W15_LL_M1_A07_S3 (6053143.0.0) {08/17/26 01:17:22}
08/17/26 01:17:27 Number of idle job procs: 202
08/17/26 01:17:27 Event: ULOG_EXECUTE for HTCondor Node P_W15_LL_M1_A07_S6 (6053146.0.0) {08/17/26 01:17:23}
08/17/26 01:17:27 Number of idle job procs: 201
08/17/26 01:17:27 Event: ULOG_EXECUTE for HTCondor Node P_W15_LL_M2_A10_S1 (6053149.0.0) {08/17/26 01:17:23}
08/17/26 01:17:27 Number of idle job procs: 200
08/17/26 01:17:27 Event: ULOG_EXECUTE for HTCondor Node P_W15_LL_M2_A10_S3 (6053151.0.0) {08/17/26 01:17:23}
08/17/26 01:17:27 Number of idle job procs: 199
08/17/26 01:17:27 Event: ULOG_EXECUTE for HTCondor Node P_W15_LL_M2_A10_S4 (6053152.0.0) {08/17/26 01:17:24}
08/17/26 01:17:27 Number of idle job procs: 198
08/17/26 01:17:27 Event: ULOG_EXECUTE for HTCondor Node P_W15_LL_M2_A10_S5 (6053153.0.0) {08/17/26 01:17:24}
08/17/26 01:17:27 Number of idle job procs: 197
08/17/26 01:17:27 Event: ULOG_EXECUTE for HTCondor Node P_W15_LL_M2_A10_S7 (6053155.0.0) {08/17/26 01:17:25}
08/17/26 01:17:27 Number of idle job procs: 196
08/17/26 01:17:27 Event: ULOG_EXECUTE for HTCondor Node P_W15_LI_M0_A00_S3 (6053159.0.0) {08/17/26 01:17:25}
08/17/26 01:17:27 Number of idle job procs: 195
08/17/26 01:17:27 Event: ULOG_EXECUTE for HTCondor Node P_W15_LL_M2_A10_S6 (6053154.0.0) {08/17/26 01:17:25}
08/17/26 01:17:27 Number of idle job procs: 194
08/17/26 01:17:27 Event: ULOG_EXECUTE for HTCondor Node P_W15_LI_M0_A00_S0 (6053156.0.0) {08/17/26 01:17:26}
08/17/26 01:17:27 Number of idle job procs: 193
08/17/26 01:17:27 Event: ULOG_EXECUTE for HTCondor Node P_W15_LI_M0_A00_S5 (6053161.0.0) {08/17/26 01:17:26}
08/17/26 01:17:27 Number of idle job procs: 192
08/17/26 01:17:27 Event: ULOG_EXECUTE for HTCondor Node P_W15_LI_M0_A00_S2 (6053158.0.0) {08/17/26 01:17:26}
08/17/26 01:17:27 Number of idle job procs: 191
08/17/26 01:17:27 Event: ULOG_EXECUTE for HTCondor Node P_W15_LI_M0_A00_S1 (6053157.0.0) {08/17/26 01:17:26}
08/17/26 01:17:27 Number of idle job procs: 190
08/17/26 01:17:27 Event: ULOG_EXECUTE for HTCondor Node P_W15_LI_M1_A07_S1 (6053165.0.0) {08/17/26 01:17:27}
08/17/26 01:17:27 Number of idle job procs: 189
08/17/26 01:17:27 Event: ULOG_EXECUTE for HTCondor Node P_W15_LI_M0_A00_S7 (6053163.0.0) {08/17/26 01:17:27}
08/17/26 01:17:27 Number of idle job procs: 188
08/17/26 01:17:27 Event: ULOG_EXECUTE for HTCondor Node P_W15_LI_M0_A00_S4 (6053160.0.0) {08/17/26 01:17:27}
08/17/26 01:17:27 Number of idle job procs: 187
08/17/26 01:17:32 Currently monitoring 1 HTCondor log file(s)
08/17/26 01:17:32 Event: ULOG_EXECUTE for HTCondor Node P_W15_LI_M1_A07_S0 (6053164.0.0) {08/17/26 01:17:28}
08/17/26 01:17:32 Number of idle job procs: 186
08/17/26 01:17:32 Event: ULOG_EXECUTE for HTCondor Node P_W15_LI_M1_A07_S2 (6053166.0.0) {08/17/26 01:17:28}
08/17/26 01:17:32 Number of idle job procs: 185
08/17/26 01:17:32 Event: ULOG_EXECUTE for HTCondor Node P_W15_LI_M1_A07_S3 (6053167.0.0) {08/17/26 01:17:28}
08/17/26 01:17:32 Number of idle job procs: 184
08/17/26 01:17:32 Event: ULOG_EXECUTE for HTCondor Node P_W15_LI_M1_A07_S4 (6053168.0.0) {08/17/26 01:17:29}
08/17/26 01:17:32 Number of idle job procs: 183
08/17/26 01:17:33 Event: ULOG_EXECUTE for HTCondor Node P_W15_LI_M1_A07_S6 (6053170.0.0) {08/17/26 01:17:29}
08/17/26 01:17:33 Number of idle job procs: 182
08/17/26 01:17:33 Event: ULOG_EXECUTE for HTCondor Node P_W15_LI_M2_A10_S0 (6053172.0.0) {08/17/26 01:17:30}
08/17/26 01:17:33 Number of idle job procs: 181
08/17/26 01:17:33 Event: ULOG_EXECUTE for HTCondor Node P_W15_LI_M1_A07_S7 (6053171.0.0) {08/17/26 01:17:30}
08/17/26 01:17:33 Number of idle job procs: 180
08/17/26 01:17:33 Event: ULOG_EXECUTE for HTCondor Node P_W15_LI_M2_A10_S1 (6053173.0.0) {08/17/26 01:17:30}
08/17/26 01:17:33 Number of idle job procs: 179
08/17/26 01:17:33 Event: ULOG_EXECUTE for HTCondor Node P_W15_LI_M2_A10_S2 (6053174.0.0) {08/17/26 01:17:31}
08/17/26 01:17:33 Number of idle job procs: 178
08/17/26 01:17:33 Event: ULOG_EXECUTE for HTCondor Node P_W15_LI_M2_A10_S5 (6053177.0.0) {08/17/26 01:17:31}
08/17/26 01:17:33 Number of idle job procs: 177
08/17/26 01:17:33 Event: ULOG_EXECUTE for HTCondor Node P_W15_LI_M2_A10_S7 (6053179.0.0) {08/17/26 01:17:32}
08/17/26 01:17:33 Number of idle job procs: 176
08/17/26 01:17:33 Event: ULOG_EXECUTE for HTCondor Node P_W15_LH_M0_A00_S0 (6053180.0.0) {08/17/26 01:17:32}
08/17/26 01:17:33 Number of idle job procs: 175
08/17/26 01:17:33 Event: ULOG_EXECUTE for HTCondor Node P_W15_LI_M2_A10_S6 (6053178.0.0) {08/17/26 01:17:32}
08/17/26 01:17:33 Number of idle job procs: 174
08/17/26 01:17:38 Currently monitoring 1 HTCondor log file(s)
08/17/26 01:17:38 Event: ULOG_EXECUTE for HTCondor Node P_W15_LI_M0_A00_S6 (6053162.0.0) {08/17/26 01:17:33}
08/17/26 01:17:38 Number of idle job procs: 173
08/17/26 01:17:38 Event: ULOG_EXECUTE for HTCondor Node P_W15_LL_M2_A10_S2 (6053150.0.0) {08/17/26 01:17:33}
08/17/26 01:17:38 Number of idle job procs: 172
08/17/26 01:17:38 Event: ULOG_EXECUTE for HTCondor Node P_W15_LH_M0_A00_S3 (6053183.0.0) {08/17/26 01:17:33}
08/17/26 01:17:38 Number of idle job procs: 171
08/17/26 01:17:38 Event: ULOG_EXECUTE for HTCondor Node P_W15_LH_M0_A00_S1 (6053181.0.0) {08/17/26 01:17:33}
08/17/26 01:17:38 Number of idle job procs: 170
08/17/26 01:17:38 Event: ULOG_EXECUTE for HTCondor Node P_W15_LH_M0_A00_S2 (6053182.0.0) {08/17/26 01:17:33}
08/17/26 01:17:38 Number of idle job procs: 169
08/17/26 01:17:38 Event: ULOG_EXECUTE for HTCondor Node P_W15_LL_M2_A10_S0 (6053148.0.0) {08/17/26 01:17:34}
08/17/26 01:17:38 Number of idle job procs: 168
08/17/26 01:17:38 Event: ULOG_EXECUTE for HTCondor Node P_W15_LL_M1_A07_S0 (6053140.0.0) {08/17/26 01:17:34}
08/17/26 01:17:38 Number of idle job procs: 167
08/17/26 01:17:38 Event: ULOG_EXECUTE for HTCondor Node P_W15_LH_M0_A00_S4 (6053184.0.0) {08/17/26 01:17:35}
08/17/26 01:17:38 Number of idle job procs: 166
08/17/26 01:17:38 Event: ULOG_EXECUTE for HTCondor Node P_W15_LI_M1_A07_S5 (6053169.0.0) {08/17/26 01:17:35}
08/17/26 01:17:38 Number of idle job procs: 165
08/17/26 01:17:38 Event: ULOG_EXECUTE for HTCondor Node P_W15_LI_M2_A10_S3 (6053175.0.0) {08/17/26 01:17:35}
08/17/26 01:17:38 Number of idle job procs: 164
08/17/26 01:17:38 Event: ULOG_EXECUTE for HTCondor Node P_W15_LH_M0_A00_S6 (6053186.0.0) {08/17/26 01:17:36}
08/17/26 01:17:38 Number of idle job procs: 163
08/17/26 01:17:38 Event: ULOG_EXECUTE for HTCondor Node P_W15_LH_M0_A00_S5 (6053185.0.0) {08/17/26 01:17:36}
08/17/26 01:17:38 Number of idle job procs: 162
08/17/26 01:17:38 Event: ULOG_EXECUTE for HTCondor Node P_W15_LH_M1_A07_S0 (6053188.0.0) {08/17/26 01:17:36}
08/17/26 01:17:38 Number of idle job procs: 161
08/17/26 01:17:38 Event: ULOG_EXECUTE for HTCondor Node P_W15_LH_M0_A00_S7 (6053187.0.0) {08/17/26 01:17:36}
08/17/26 01:17:38 Number of idle job procs: 160
08/17/26 01:17:38 Event: ULOG_EXECUTE for HTCondor Node P_W15_LH_M1_A07_S1 (6053189.0.0) {08/17/26 01:17:36}
08/17/26 01:17:38 Number of idle job procs: 159
08/17/26 01:17:38 Event: ULOG_EXECUTE for HTCondor Node P_W15_LH_M1_A07_S2 (6053190.0.0) {08/17/26 01:17:37}
08/17/26 01:17:38 Number of idle job procs: 158
08/17/26 01:17:38 Event: ULOG_EXECUTE for HTCondor Node P_W15_LH_M1_A07_S4 (6053192.0.0) {08/17/26 01:17:38}
08/17/26 01:17:39 Number of idle job procs: 157
08/17/26 01:17:39 Event: ULOG_EXECUTE for HTCondor Node P_W15_LH_M1_A07_S3 (6053191.0.0) {08/17/26 01:17:38}
08/17/26 01:17:39 Number of idle job procs: 156
08/17/26 01:17:39 Event: ULOG_EXECUTE for HTCondor Node P_W15_LH_M1_A07_S7 (6053195.0.0) {08/17/26 01:17:39}
08/17/26 01:17:39 Number of idle job procs: 155
08/17/26 01:17:44 Currently monitoring 1 HTCondor log file(s)
08/17/26 01:17:44 Event: ULOG_EXECUTE for HTCondor Node P_W15_LH_M2_A10_S0 (6053196.0.0) {08/17/26 01:17:39}
08/17/26 01:17:44 Number of idle job procs: 154
08/17/26 01:17:44 Event: ULOG_EXECUTE for HTCondor Node P_W15_LH_M2_A10_S2 (6053198.0.0) {08/17/26 01:17:39}
08/17/26 01:17:44 Number of idle job procs: 153
08/17/26 01:17:44 Event: ULOG_EXECUTE for HTCondor Node P_W15_LH_M1_A07_S5 (6053193.0.0) {08/17/26 01:17:40}
08/17/26 01:17:44 Number of idle job procs: 152
08/17/26 01:17:44 Event: ULOG_EXECUTE for HTCondor Node P_W15_LH_M1_A07_S6 (6053194.0.0) {08/17/26 01:17:40}
08/17/26 01:17:44 Number of idle job procs: 151
08/17/26 01:17:44 Event: ULOG_EXECUTE for HTCondor Node P_W15_LH_M2_A10_S3 (6053199.0.0) {08/17/26 01:17:41}
08/17/26 01:17:44 Number of idle job procs: 150
08/17/26 01:17:44 Event: ULOG_EXECUTE for HTCondor Node P_W15_LH_M2_A10_S5 (6053201.0.0) {08/17/26 01:17:41}
08/17/26 01:17:44 Number of idle job procs: 149
08/17/26 01:17:44 Event: ULOG_EXECUTE for HTCondor Node P_W15_LH_M2_A10_S4 (6053200.0.0) {08/17/26 01:17:41}
08/17/26 01:17:44 Number of idle job procs: 148
08/17/26 01:17:44 Event: ULOG_EXECUTE for HTCondor Node P_W15_LH_M2_A10_S1 (6053197.0.0) {08/17/26 01:17:41}
08/17/26 01:17:44 Number of idle job procs: 147
08/17/26 01:17:44 Event: ULOG_EXECUTE for HTCondor Node P_W15_LH_M2_A10_S6 (6053202.0.0) {08/17/26 01:17:42}
08/17/26 01:17:44 Number of idle job procs: 146
08/17/26 01:17:44 Event: ULOG_EXECUTE for HTCondor Node P_W15_LH_M2_A10_S7 (6053203.0.0) {08/17/26 01:17:42}
08/17/26 01:17:44 Number of idle job procs: 145
08/17/26 01:17:44 Event: ULOG_EXECUTE for HTCondor Node P_W15_IL_M0_A00_S1 (6053205.0.0) {08/17/26 01:17:42}
08/17/26 01:17:44 Number of idle job procs: 144
08/17/26 01:17:44 Event: ULOG_EXECUTE for HTCondor Node P_W15_IL_M0_A00_S5 (6053209.0.0) {08/17/26 01:17:43}
08/17/26 01:17:44 Number of idle job procs: 143
08/17/26 01:17:44 Event: ULOG_EXECUTE for HTCondor Node P_W15_IL_M0_A00_S2 (6053206.0.0) {08/17/26 01:17:43}
08/17/26 01:17:44 Number of idle job procs: 142
08/17/26 01:17:44 Event: ULOG_EXECUTE for HTCondor Node P_W15_IL_M0_A00_S4 (6053208.0.0) {08/17/26 01:17:43}
08/17/26 01:17:44 Number of idle job procs: 141
08/17/26 01:17:44 Event: ULOG_EXECUTE for HTCondor Node P_W15_IL_M1_A07_S0 (6053212.0.0) {08/17/26 01:17:43}
08/17/26 01:17:44 Number of idle job procs: 140
08/17/26 01:17:44 Event: ULOG_EXECUTE for HTCondor Node P_W15_IL_M0_A00_S7 (6053211.0.0) {08/17/26 01:17:44}
08/17/26 01:17:44 Number of idle job procs: 139
08/17/26 01:17:44 Event: ULOG_EXECUTE for HTCondor Node P_W15_IL_M1_A07_S1 (6053213.0.0) {08/17/26 01:17:44}
08/17/26 01:17:44 Number of idle job procs: 138
08/17/26 01:17:49 Currently monitoring 1 HTCondor log file(s)
08/17/26 01:17:49 Event: ULOG_EXECUTE for HTCondor Node P_W15_IL_M1_A07_S3 (6053215.0.0) {08/17/26 01:17:44}
08/17/26 01:17:49 Number of idle job procs: 137
08/17/26 01:17:49 Event: ULOG_EXECUTE for HTCondor Node P_W15_IL_M1_A07_S4 (6053216.0.0) {08/17/26 01:17:44}
08/17/26 01:17:49 Number of idle job procs: 136
08/17/26 01:17:50 Event: ULOG_EXECUTE for HTCondor Node P_W15_IL_M1_A07_S5 (6053217.0.0) {08/17/26 01:17:45}
08/17/26 01:17:50 Number of idle job procs: 135
08/17/26 01:17:50 Event: ULOG_EXECUTE for HTCondor Node P_W15_IL_M1_A07_S6 (6053218.0.0) {08/17/26 01:17:45}
08/17/26 01:17:50 Number of idle job procs: 134
08/17/26 01:17:50 Event: ULOG_EXECUTE for HTCondor Node P_W15_IL_M1_A07_S2 (6053214.0.0) {08/17/26 01:17:46}
08/17/26 01:17:50 Number of idle job procs: 133
08/17/26 01:17:50 Event: ULOG_EXECUTE for HTCondor Node P_W15_IL_M2_A10_S1 (6053221.0.0) {08/17/26 01:17:46}
08/17/26 01:17:50 Number of idle job procs: 132
08/17/26 01:17:50 Event: ULOG_EXECUTE for HTCondor Node P_W15_IL_M1_A07_S7 (6053219.0.0) {08/17/26 01:17:46}
08/17/26 01:17:50 Number of idle job procs: 131
08/17/26 01:17:50 Event: ULOG_EXECUTE for HTCondor Node P_W15_IL_M2_A10_S0 (6053220.0.0) {08/17/26 01:17:47}
08/17/26 01:17:50 Number of idle job procs: 130
08/17/26 01:17:50 Event: ULOG_EXECUTE for HTCondor Node P_W15_IL_M2_A10_S5 (6053225.0.0) {08/17/26 01:17:47}
08/17/26 01:17:50 Number of idle job procs: 129
08/17/26 01:17:50 Event: ULOG_EXECUTE for HTCondor Node P_W15_IL_M2_A10_S4 (6053224.0.0) {08/17/26 01:17:47}
08/17/26 01:17:50 Number of idle job procs: 128
08/17/26 01:17:50 Event: ULOG_EXECUTE for HTCondor Node P_W15_IL_M2_A10_S2 (6053222.0.0) {08/17/26 01:17:47}
08/17/26 01:17:50 Number of idle job procs: 127
08/17/26 01:17:50 Event: ULOG_EXECUTE for HTCondor Node P_W15_IL_M2_A10_S3 (6053223.0.0) {08/17/26 01:17:48}
08/17/26 01:17:50 Number of idle job procs: 126
08/17/26 01:17:50 Event: ULOG_EXECUTE for HTCondor Node P_W15_II_M0_A00_S0 (6053228.0.0) {08/17/26 01:17:48}
08/17/26 01:17:50 Number of idle job procs: 125
08/17/26 01:17:50 Event: ULOG_EXECUTE for HTCondor Node P_W15_IL_M2_A10_S7 (6053227.0.0) {08/17/26 01:17:49}
08/17/26 01:17:50 Number of idle job procs: 124
08/17/26 01:17:50 Event: ULOG_EXECUTE for HTCondor Node P_W15_II_M0_A00_S3 (6053231.0.0) {08/17/26 01:17:49}
08/17/26 01:17:50 Number of idle job procs: 123
08/17/26 01:17:51 Event: ULOG_EXECUTE for HTCondor Node P_W15_II_M0_A00_S1 (6053229.0.0) {08/17/26 01:17:49}
08/17/26 01:17:51 Number of idle job procs: 122
08/17/26 01:17:51 Event: ULOG_EXECUTE for HTCondor Node P_W15_IL_M2_A10_S6 (6053226.0.0) {08/17/26 01:17:49}
08/17/26 01:17:51 Number of idle job procs: 121
08/17/26 01:17:51 Event: ULOG_EXECUTE for HTCondor Node P_W15_II_M0_A00_S2 (6053230.0.0) {08/17/26 01:17:50}
08/17/26 01:17:51 Number of idle job procs: 120
08/17/26 01:17:56 Currently monitoring 1 HTCondor log file(s)
08/17/26 01:17:56 Event: ULOG_EXECUTE for HTCondor Node P_W15_II_M0_A00_S4 (6053232.0.0) {08/17/26 01:17:51}
08/17/26 01:17:56 Number of idle job procs: 119
08/17/26 01:17:56 Event: ULOG_EXECUTE for HTCondor Node P_W15_II_M0_A00_S5 (6053233.0.0) {08/17/26 01:17:52}
08/17/26 01:17:56 Number of idle job procs: 118
08/17/26 01:17:56 Event: ULOG_EXECUTE for HTCondor Node P_W15_II_M1_A07_S0 (6053236.0.0) {08/17/26 01:17:52}
08/17/26 01:17:56 Number of idle job procs: 117
08/17/26 01:17:56 Event: ULOG_EXECUTE for HTCondor Node P_W15_II_M0_A00_S6 (6053234.0.0) {08/17/26 01:17:51}
08/17/26 01:17:56 Number of idle job procs: 116
08/17/26 01:17:56 Event: ULOG_EXECUTE for HTCondor Node P_W15_II_M0_A00_S7 (6053235.0.0) {08/17/26 01:17:52}
08/17/26 01:17:56 Number of idle job procs: 115
08/17/26 01:17:56 Event: ULOG_EXECUTE for HTCondor Node P_W15_II_M1_A07_S1 (6053237.0.0) {08/17/26 01:17:53}
08/17/26 01:17:56 Number of idle job procs: 114
08/17/26 01:17:56 Event: ULOG_EXECUTE for HTCondor Node P_W15_II_M1_A07_S6 (6053242.0.0) {08/17/26 01:17:53}
08/17/26 01:17:57 Number of idle job procs: 113
08/17/26 01:17:57 Event: ULOG_EXECUTE for HTCondor Node P_W15_II_M1_A07_S7 (6053243.0.0) {08/17/26 01:17:53}
08/17/26 01:17:57 Number of idle job procs: 112
08/17/26 01:17:57 Event: ULOG_EXECUTE for HTCondor Node P_W15_II_M1_A07_S3 (6053239.0.0) {08/17/26 01:17:53}
08/17/26 01:17:57 Number of idle job procs: 111
08/17/26 01:17:57 Event: ULOG_EXECUTE for HTCondor Node P_W15_II_M1_A07_S2 (6053238.0.0) {08/17/26 01:17:53}
08/17/26 01:17:57 Number of idle job procs: 110
08/17/26 01:17:57 Event: ULOG_EXECUTE for HTCondor Node P_W15_II_M1_A07_S4 (6053240.0.0) {08/17/26 01:17:53}
08/17/26 01:17:57 Number of idle job procs: 109
08/17/26 01:17:57 Event: ULOG_EXECUTE for HTCondor Node P_W15_II_M1_A07_S5 (6053241.0.0) {08/17/26 01:17:54}
08/17/26 01:17:57 Number of idle job procs: 108
08/17/26 01:17:57 Event: ULOG_EXECUTE for HTCondor Node P_W15_II_M2_A10_S3 (6053247.0.0) {08/17/26 01:17:55}
08/17/26 01:17:57 Number of idle job procs: 107
08/17/26 01:17:57 Event: ULOG_EXECUTE for HTCondor Node P_W15_II_M2_A10_S1 (6053245.0.0) {08/17/26 01:17:55}
08/17/26 01:17:58 Number of idle job procs: 106
08/17/26 01:17:58 Event: ULOG_EXECUTE for HTCondor Node P_W15_II_M2_A10_S0 (6053244.0.0) {08/17/26 01:17:55}
08/17/26 01:17:58 Number of idle job procs: 105
08/17/26 01:17:58 Event: ULOG_EXECUTE for HTCondor Node P_W15_II_M2_A10_S4 (6053248.0.0) {08/17/26 01:17:56}
08/17/26 01:17:58 Number of idle job procs: 104
08/17/26 01:17:58 Event: ULOG_EXECUTE for HTCondor Node P_W15_II_M2_A10_S5 (6053249.0.0) {08/17/26 01:17:56}
08/17/26 01:17:58 Number of idle job procs: 103
08/17/26 01:17:58 Event: ULOG_EXECUTE for HTCondor Node P_W15_IH_M0_A00_S0 (6053252.0.0) {08/17/26 01:17:56}
08/17/26 01:17:58 Number of idle job procs: 102
08/17/26 01:17:58 Event: ULOG_EXECUTE for HTCondor Node P_W15_IH_M0_A00_S1 (6053253.0.0) {08/17/26 01:17:57}
08/17/26 01:17:58 Number of idle job procs: 101
08/17/26 01:17:58 Event: ULOG_EXECUTE for HTCondor Node P_W15_II_M2_A10_S6 (6053250.0.0) {08/17/26 01:17:57}
08/17/26 01:17:59 Number of idle job procs: 100
08/17/26 01:17:59 Event: ULOG_EXECUTE for HTCondor Node P_W15_II_M2_A10_S7 (6053251.0.0) {08/17/26 01:17:57}
08/17/26 01:17:59 Number of idle job procs: 99
08/17/26 01:17:59 Event: ULOG_EXECUTE for HTCondor Node P_W15_IH_M0_A00_S2 (6053254.0.0) {08/17/26 01:17:58}
08/17/26 01:17:59 Number of idle job procs: 98
08/17/26 01:17:59 Event: ULOG_EXECUTE for HTCondor Node P_W15_IH_M0_A00_S3 (6053255.0.0) {08/17/26 01:17:58}
08/17/26 01:17:59 Number of idle job procs: 97
08/17/26 01:17:59 Event: ULOG_EXECUTE for HTCondor Node P_W15_IH_M0_A00_S6 (6053258.0.0) {08/17/26 01:17:59}
08/17/26 01:17:59 Number of idle job procs: 96
08/17/26 01:17:59 Event: ULOG_EXECUTE for HTCondor Node P_W15_IH_M0_A00_S4 (6053256.0.0) {08/17/26 01:17:59}
08/17/26 01:17:59 Number of idle job procs: 95
08/17/26 01:18:00 Event: ULOG_EXECUTE for HTCondor Node P_W15_IH_M0_A00_S5 (6053257.0.0) {08/17/26 01:17:59}
08/17/26 01:18:00 Number of idle job procs: 94
08/17/26 01:18:05 Currently monitoring 1 HTCondor log file(s)
08/17/26 01:18:05 Event: ULOG_EXECUTE for HTCondor Node P_W15_IH_M0_A00_S7 (6053259.0.0) {08/17/26 01:18:00}
08/17/26 01:18:05 Number of idle job procs: 93
08/17/26 01:18:05 Event: ULOG_EXECUTE for HTCondor Node P_W15_IH_M1_A07_S0 (6053260.0.0) {08/17/26 01:18:00}
08/17/26 01:18:05 Number of idle job procs: 92
08/17/26 01:18:05 Event: ULOG_EXECUTE for HTCondor Node P_W15_IH_M1_A07_S1 (6053261.0.0) {08/17/26 01:18:00}
08/17/26 01:18:05 Number of idle job procs: 91
08/17/26 01:18:05 Event: ULOG_EXECUTE for HTCondor Node P_W15_IH_M1_A07_S3 (6053263.0.0) {08/17/26 01:18:01}
08/17/26 01:18:05 Number of idle job procs: 90
08/17/26 01:18:05 Event: ULOG_EXECUTE for HTCondor Node P_W15_IH_M1_A07_S2 (6053262.0.0) {08/17/26 01:18:01}
08/17/26 01:18:06 Number of idle job procs: 89
08/17/26 01:18:06 Event: ULOG_EXECUTE for HTCondor Node P_W15_IH_M1_A07_S4 (6053264.0.0) {08/17/26 01:18:01}
08/17/26 01:18:06 Number of idle job procs: 88
08/17/26 01:18:06 Event: ULOG_EXECUTE for HTCondor Node P_W15_IH_M1_A07_S6 (6053266.0.0) {08/17/26 01:18:02}
08/17/26 01:18:06 Number of idle job procs: 87
08/17/26 01:18:06 Event: ULOG_EXECUTE for HTCondor Node P_W15_IH_M1_A07_S7 (6053267.0.0) {08/17/26 01:18:02}
08/17/26 01:18:06 Number of idle job procs: 86
08/17/26 01:18:06 Event: ULOG_EXECUTE for HTCondor Node P_W15_IH_M1_A07_S5 (6053265.0.0) {08/17/26 01:18:02}
08/17/26 01:18:06 Number of idle job procs: 85
08/17/26 01:18:07 Event: ULOG_EXECUTE for HTCondor Node P_W15_IH_M2_A10_S2 (6053270.0.0) {08/17/26 01:18:02}
08/17/26 01:18:07 Number of idle job procs: 84
08/17/26 01:18:07 Event: ULOG_EXECUTE for HTCondor Node P_W15_IH_M2_A10_S0 (6053268.0.0) {08/17/26 01:18:03}
08/17/26 01:18:07 Number of idle job procs: 83
08/17/26 01:18:07 Event: ULOG_EXECUTE for HTCondor Node P_W15_IH_M2_A10_S1 (6053269.0.0) {08/17/26 01:18:03}
08/17/26 01:18:07 Number of idle job procs: 82
08/17/26 01:18:07 Event: ULOG_EXECUTE for HTCondor Node P_W15_IH_M2_A10_S4 (6053272.0.0) {08/17/26 01:18:04}
08/17/26 01:18:07 Number of idle job procs: 81
08/17/26 01:18:07 Event: ULOG_EXECUTE for HTCondor Node P_W15_IH_M2_A10_S3 (6053271.0.0) {08/17/26 01:18:04}
08/17/26 01:18:07 Number of idle job procs: 80
08/17/26 01:18:07 Event: ULOG_EXECUTE for HTCondor Node P_W15_IH_M2_A10_S7 (6053275.0.0) {08/17/26 01:18:04}
08/17/26 01:18:07 Number of idle job procs: 79
08/17/26 01:18:07 Event: ULOG_EXECUTE for HTCondor Node P_W15_HL_M0_A00_S3 (6053279.0.0) {08/17/26 01:18:06}
08/17/26 01:18:08 Number of idle job procs: 78
08/17/26 01:18:08 Event: ULOG_EXECUTE for HTCondor Node P_W15_HL_M0_A00_S0 (6053276.0.0) {08/17/26 01:18:06}
08/17/26 01:18:08 Number of idle job procs: 77
08/17/26 01:18:08 Event: ULOG_EXECUTE for HTCondor Node P_W15_HL_M1_A07_S3 (6053287.0.0) {08/17/26 01:18:06}
08/17/26 01:18:08 Number of idle job procs: 76
08/17/26 01:18:08 Event: ULOG_EXECUTE for HTCondor Node P_W15_IH_M2_A10_S5 (6053273.0.0) {08/17/26 01:18:06}
08/17/26 01:18:08 Number of idle job procs: 75
08/17/26 01:18:08 Event: ULOG_EXECUTE for HTCondor Node P_W15_IL_M0_A00_S6 (6053210.0.0) {08/17/26 01:18:06}
08/17/26 01:18:08 Number of idle job procs: 74
08/17/26 01:18:09 Event: ULOG_EXECUTE for HTCondor Node P_W15_HL_M0_A00_S7 (6053283.0.0) {08/17/26 01:18:07}
08/17/26 01:18:09 Number of idle job procs: 73
08/17/26 01:18:09 Event: ULOG_EXECUTE for HTCondor Node P_W15_HL_M0_A00_S1 (6053277.0.0) {08/17/26 01:18:07}
08/17/26 01:18:09 Number of idle job procs: 72
08/17/26 01:18:09 Event: ULOG_EXECUTE for HTCondor Node P_W15_HL_M0_A00_S2 (6053278.0.0) {08/17/26 01:18:07}
08/17/26 01:18:09 Number of idle job procs: 71
08/17/26 01:18:09 Event: ULOG_EXECUTE for HTCondor Node P_W15_IH_M2_A10_S6 (6053274.0.0) {08/17/26 01:18:07}
08/17/26 01:18:09 Number of idle job procs: 70
08/17/26 01:18:09 Event: ULOG_EXECUTE for HTCondor Node P_W15_HL_M0_A00_S4 (6053280.0.0) {08/17/26 01:18:08}
08/17/26 01:18:10 Number of idle job procs: 69
08/17/26 01:18:10 Event: ULOG_EXECUTE for HTCondor Node P_W15_HL_M0_A00_S5 (6053281.0.0) {08/17/26 01:18:08}
08/17/26 01:18:10 Number of idle job procs: 68
08/17/26 01:18:10 Event: ULOG_EXECUTE for HTCondor Node P_W15_HL_M0_A00_S6 (6053282.0.0) {08/17/26 01:18:08}
08/17/26 01:18:10 Number of idle job procs: 67
08/17/26 01:18:10 Event: ULOG_EXECUTE for HTCondor Node P_W15_HL_M1_A07_S1 (6053285.0.0) {08/17/26 01:18:09}
08/17/26 01:18:10 Number of idle job procs: 66
08/17/26 01:18:10 Event: ULOG_EXECUTE for HTCondor Node P_W15_HL_M1_A07_S0 (6053284.0.0) {08/17/26 01:18:09}
08/17/26 01:18:10 Number of idle job procs: 65
08/17/26 01:18:10 Event: ULOG_EXECUTE for HTCondor Node P_W15_HL_M1_A07_S2 (6053286.0.0) {08/17/26 01:18:09}
08/17/26 01:18:10 Number of idle job procs: 64
08/17/26 01:18:10 Event: ULOG_EXECUTE for HTCondor Node P_W15_HL_M1_A07_S4 (6053288.0.0) {08/17/26 01:18:10}
08/17/26 01:18:10 Number of idle job procs: 63
08/17/26 01:18:11 Event: ULOG_EXECUTE for HTCondor Node P_W15_HL_M1_A07_S5 (6053289.0.0) {08/17/26 01:18:10}
08/17/26 01:18:11 Number of idle job procs: 62
08/17/26 01:18:11 Event: ULOG_EXECUTE for HTCondor Node P_W15_HL_M1_A07_S6 (6053290.0.0) {08/17/26 01:18:10}
08/17/26 01:18:11 Number of idle job procs: 61
08/17/26 01:18:16 Currently monitoring 1 HTCondor log file(s)
08/17/26 01:18:16 Event: ULOG_EXECUTE for HTCondor Node P_W15_HL_M1_A07_S7 (6053291.0.0) {08/17/26 01:18:11}
08/17/26 01:18:16 Number of idle job procs: 60
08/17/26 01:18:16 Event: ULOG_EXECUTE for HTCondor Node P_W15_HL_M2_A10_S0 (6053292.0.0) {08/17/26 01:18:11}
08/17/26 01:18:16 Number of idle job procs: 59
08/17/26 01:18:17 Event: ULOG_EXECUTE for HTCondor Node P_W15_HL_M2_A10_S1 (6053293.0.0) {08/17/26 01:18:11}
08/17/26 01:18:17 Number of idle job procs: 58
08/17/26 01:18:17 Event: ULOG_EXECUTE for HTCondor Node P_W15_HL_M2_A10_S2 (6053294.0.0) {08/17/26 01:18:12}
08/17/26 01:18:17 Number of idle job procs: 57
08/17/26 01:18:17 Event: ULOG_EXECUTE for HTCondor Node P_W15_HL_M2_A10_S3 (6053295.0.0) {08/17/26 01:18:12}
08/17/26 01:18:17 Number of idle job procs: 56
08/17/26 01:18:18 Event: ULOG_EXECUTE for HTCondor Node P_W15_HL_M2_A10_S6 (6053298.0.0) {08/17/26 01:18:14}
08/17/26 01:18:18 Number of idle job procs: 55
08/17/26 01:18:18 Event: ULOG_EXECUTE for HTCondor Node P_W15_HL_M2_A10_S5 (6053297.0.0) {08/17/26 01:18:14}
08/17/26 01:18:18 Number of idle job procs: 54
08/17/26 01:18:18 Event: ULOG_EXECUTE for HTCondor Node P_W15_HL_M2_A10_S7 (6053299.0.0) {08/17/26 01:18:14}
08/17/26 01:18:18 Number of idle job procs: 53
08/17/26 01:18:18 Event: ULOG_EXECUTE for HTCondor Node P_W15_HI_M0_A00_S2 (6053302.0.0) {08/17/26 01:18:15}
08/17/26 01:18:19 Number of idle job procs: 52
08/17/26 01:18:19 Event: ULOG_EXECUTE for HTCondor Node P_W15_HI_M0_A00_S5 (6053305.0.0) {08/17/26 01:18:15}
08/17/26 01:18:19 Number of idle job procs: 51
08/17/26 01:18:19 Event: ULOG_EXECUTE for HTCondor Node P_W15_HI_M0_A00_S3 (6053303.0.0) {08/17/26 01:18:15}
08/17/26 01:18:19 Number of idle job procs: 50
08/17/26 01:18:20 Event: ULOG_EXECUTE for HTCondor Node P_W15_HI_M0_A00_S4 (6053304.0.0) {08/17/26 01:18:15}
08/17/26 01:18:20 Number of idle job procs: 49
08/17/26 01:18:20 Event: ULOG_EXECUTE for HTCondor Node P_W15_HI_M0_A00_S1 (6053301.0.0) {08/17/26 01:18:16}
08/17/26 01:18:20 Number of idle job procs: 48
08/17/26 01:18:20 Event: ULOG_EXECUTE for HTCondor Node P_W15_HI_M0_A00_S6 (6053306.0.0) {08/17/26 01:18:16}
08/17/26 01:18:21 Number of idle job procs: 47
08/17/26 01:18:21 Event: ULOG_EXECUTE for HTCondor Node P_W15_HI_M1_A07_S1 (6053309.0.0) {08/17/26 01:18:16}
08/17/26 01:18:21 Number of idle job procs: 46
08/17/26 01:18:22 Event: ULOG_EXECUTE for HTCondor Node P_W15_HI_M0_A00_S7 (6053307.0.0) {08/17/26 01:18:16}
08/17/26 01:18:22 Number of idle job procs: 45
08/17/26 01:18:22 Event: ULOG_EXECUTE for HTCondor Node P_W15_HI_M1_A07_S0 (6053308.0.0) {08/17/26 01:18:17}
08/17/26 01:18:22 Number of idle job procs: 44
08/17/26 01:18:22 Event: ULOG_EXECUTE for HTCondor Node P_W15_HI_M1_A07_S4 (6053312.0.0) {08/17/26 01:18:17}
08/17/26 01:18:22 Number of idle job procs: 43
08/17/26 01:18:23 Event: ULOG_EXECUTE for HTCondor Node P_W15_HI_M1_A07_S2 (6053310.0.0) {08/17/26 01:18:17}
08/17/26 01:18:23 Number of idle job procs: 42
08/17/26 01:18:23 Event: ULOG_EXECUTE for HTCondor Node P_W15_HI_M1_A07_S5 (6053313.0.0) {08/17/26 01:18:17}
08/17/26 01:18:23 Number of idle job procs: 41
08/17/26 01:18:23 Event: ULOG_EXECUTE for HTCondor Node P_W15_HI_M2_A10_S0 (6053316.0.0) {08/17/26 01:18:18}
08/17/26 01:18:24 Number of idle job procs: 40
08/17/26 01:18:24 Event: ULOG_EXECUTE for HTCondor Node P_W15_HI_M1_A07_S6 (6053314.0.0) {08/17/26 01:18:18}
08/17/26 01:18:24 Number of idle job procs: 39
08/17/26 01:18:24 Event: ULOG_EXECUTE for HTCondor Node P_W15_HI_M1_A07_S7 (6053315.0.0) {08/17/26 01:18:18}
08/17/26 01:18:24 Number of idle job procs: 38
08/17/26 01:18:24 Event: ULOG_EXECUTE for HTCondor Node P_W15_HI_M2_A10_S2 (6053318.0.0) {08/17/26 01:18:19}
08/17/26 01:18:25 Number of idle job procs: 37
08/17/26 01:18:25 Event: ULOG_EXECUTE for HTCondor Node P_W15_HI_M2_A10_S1 (6053317.0.0) {08/17/26 01:18:19}
08/17/26 01:18:25 Number of idle job procs: 36
08/17/26 01:18:25 Event: ULOG_EXECUTE for HTCondor Node P_W15_HI_M2_A10_S3 (6053319.0.0) {08/17/26 01:18:19}
08/17/26 01:18:25 Number of idle job procs: 35
08/17/26 01:18:26 Event: ULOG_EXECUTE for HTCondor Node P_W15_HI_M2_A10_S4 (6053320.0.0) {08/17/26 01:18:20}
08/17/26 01:18:26 Number of idle job procs: 34
08/17/26 01:18:26 Event: ULOG_EXECUTE for HTCondor Node P_W15_HI_M2_A10_S5 (6053321.0.0) {08/17/26 01:18:20}
08/17/26 01:18:26 Number of idle job procs: 33
08/17/26 01:18:26 Event: ULOG_EXECUTE for HTCondor Node P_W15_HH_M0_A00_S1 (6053325.0.0) {08/17/26 01:18:21}
08/17/26 01:18:26 Number of idle job procs: 32
08/17/26 01:18:27 Event: ULOG_EXECUTE for HTCondor Node P_W15_HH_M2_A10_S7 (6053347.0.0) {08/17/26 01:18:21}
08/17/26 01:18:27 Number of idle job procs: 31
08/17/26 01:18:27 Event: ULOG_EXECUTE for HTCondor Node P_W15_HI_M2_A10_S6 (6053322.0.0) {08/17/26 01:18:21}
08/17/26 01:18:27 Number of idle job procs: 30
08/17/26 01:18:28 Event: ULOG_EXECUTE for HTCondor Node P_W15_HH_M0_A00_S6 (6053330.0.0) {08/17/26 01:18:22}
08/17/26 01:18:28 Number of idle job procs: 29
08/17/26 01:18:28 Event: ULOG_EXECUTE for HTCondor Node P_W15_HH_M0_A00_S3 (6053327.0.0) {08/17/26 01:18:22}
08/17/26 01:18:28 Number of idle job procs: 28
08/17/26 01:18:28 Event: ULOG_EXECUTE for HTCondor Node P_W15_HH_M0_A00_S2 (6053326.0.0) {08/17/26 01:18:22}
08/17/26 01:18:28 Number of idle job procs: 27
08/17/26 01:18:29 Event: ULOG_EXECUTE for HTCondor Node P_W15_HH_M0_A00_S7 (6053331.0.0) {08/17/26 01:18:23}
08/17/26 01:18:29 Number of idle job procs: 26
08/17/26 01:18:29 Event: ULOG_EXECUTE for HTCondor Node P_W15_HH_M0_A00_S5 (6053329.0.0) {08/17/26 01:18:23}
08/17/26 01:18:29 Number of idle job procs: 25
08/17/26 01:18:29 Event: ULOG_EXECUTE for HTCondor Node P_W15_HH_M1_A07_S0 (6053332.0.0) {08/17/26 01:18:24}
08/17/26 01:18:29 Number of idle job procs: 24
08/17/26 01:18:30 Event: ULOG_EXECUTE for HTCondor Node P_W15_HH_M1_A07_S1 (6053333.0.0) {08/17/26 01:18:24}
08/17/26 01:18:30 Number of idle job procs: 23
08/17/26 01:18:30 Event: ULOG_EXECUTE for HTCondor Node P_W15_HH_M1_A07_S2 (6053334.0.0) {08/17/26 01:18:24}
08/17/26 01:18:30 Number of idle job procs: 22
08/17/26 01:18:30 Event: ULOG_EXECUTE for HTCondor Node P_W15_HH_M1_A07_S4 (6053336.0.0) {08/17/26 01:18:25}
08/17/26 01:18:30 Number of idle job procs: 21
08/17/26 01:18:31 Event: ULOG_EXECUTE for HTCondor Node P_W15_HH_M1_A07_S3 (6053335.0.0) {08/17/26 01:18:25}
08/17/26 01:18:31 Number of idle job procs: 20
08/17/26 01:18:31 Event: ULOG_EXECUTE for HTCondor Node P_W15_HH_M1_A07_S5 (6053337.0.0) {08/17/26 01:18:25}
08/17/26 01:18:31 Number of idle job procs: 19
08/17/26 01:18:31 Event: ULOG_EXECUTE for HTCondor Node P_W15_HH_M2_A10_S0 (6053340.0.0) {08/17/26 01:18:26}
08/17/26 01:18:31 Number of idle job procs: 18
08/17/26 01:18:31 Event: ULOG_EXECUTE for HTCondor Node P_W15_HH_M0_A00_S0 (6053324.0.0) {08/17/26 01:18:26}
08/17/26 01:18:31 Number of idle job procs: 17
08/17/26 01:18:32 Event: ULOG_EXECUTE for HTCondor Node P_W15_HH_M1_A07_S7 (6053339.0.0) {08/17/26 01:18:26}
08/17/26 01:18:32 Number of idle job procs: 16
08/17/26 01:18:32 Event: ULOG_EXECUTE for HTCondor Node P_W15_HH_M1_A07_S6 (6053338.0.0) {08/17/26 01:18:26}
08/17/26 01:18:32 Number of idle job procs: 15
08/17/26 01:18:32 Event: ULOG_EXECUTE for HTCondor Node P_W15_HH_M2_A10_S3 (6053343.0.0) {08/17/26 01:18:27}
08/17/26 01:18:32 Number of idle job procs: 14
08/17/26 01:18:32 Event: ULOG_EXECUTE for HTCondor Node P_W15_HH_M2_A10_S1 (6053341.0.0) {08/17/26 01:18:27}
08/17/26 01:18:32 Number of idle job procs: 13
08/17/26 01:18:33 Event: ULOG_EXECUTE for HTCondor Node P_W15_HI_M1_A07_S3 (6053311.0.0) {08/17/26 01:18:27}
08/17/26 01:18:33 Number of idle job procs: 12
08/17/26 01:18:33 Event: ULOG_EXECUTE for HTCondor Node P_W15_HH_M2_A10_S2 (6053342.0.0) {08/17/26 01:18:28}
08/17/26 01:18:33 Number of idle job procs: 11
08/17/26 01:18:33 Event: ULOG_EXECUTE for HTCondor Node P_W15_HH_M2_A10_S4 (6053344.0.0) {08/17/26 01:18:28}
08/17/26 01:18:33 Number of idle job procs: 10
08/17/26 01:18:33 Event: ULOG_EXECUTE for HTCondor Node P_W15_IL_M0_A00_S0 (6053204.0.0) {08/17/26 01:18:28}
08/17/26 01:18:34 Number of idle job procs: 9
08/17/26 01:18:34 Event: ULOG_EXECUTE for HTCondor Node P_W15_HH_M2_A10_S6 (6053346.0.0) {08/17/26 01:18:29}
08/17/26 01:18:34 Number of idle job procs: 8
08/17/26 01:18:34 Event: ULOG_EXECUTE for HTCondor Node P_W15_HH_M2_A10_S5 (6053345.0.0) {08/17/26 01:18:29}
08/17/26 01:18:34 Number of idle job procs: 7
08/17/26 01:18:34 Event: ULOG_EXECUTE for HTCondor Node P_W15_LI_M2_A10_S4 (6053176.0.0) {08/17/26 01:18:29}
08/17/26 01:18:34 Number of idle job procs: 6
08/17/26 01:18:35 Event: ULOG_EXECUTE for HTCondor Node P_W15_IL_M0_A00_S3 (6053207.0.0) {08/17/26 01:18:29}
08/17/26 01:18:35 Number of idle job procs: 5
08/17/26 01:18:35 Event: ULOG_EXECUTE for HTCondor Node P_W15_HI_M2_A10_S7 (6053323.0.0) {08/17/26 01:18:29}
08/17/26 01:18:35 Number of idle job procs: 4
08/17/26 01:18:35 Event: ULOG_EXECUTE for HTCondor Node P_W15_II_M2_A10_S2 (6053246.0.0) {08/17/26 01:18:30}
08/17/26 01:18:35 Number of idle job procs: 3
08/17/26 01:18:35 Event: ULOG_EXECUTE for HTCondor Node P_W15_HI_M0_A00_S0 (6053300.0.0) {08/17/26 01:18:30}
08/17/26 01:18:36 Number of idle job procs: 2
08/17/26 01:18:36 Event: ULOG_EXECUTE for HTCondor Node P_W15_HL_M2_A10_S4 (6053296.0.0) {08/17/26 01:18:31}
08/17/26 01:18:36 Number of idle job procs: 1
08/17/26 01:18:36 Event: ULOG_EXECUTE for HTCondor Node P_W15_HH_M0_A00_S4 (6053328.0.0) {08/17/26 01:18:32}
08/17/26 01:18:36 Number of idle job procs: 0
08/17/26 01:18:41 Currently monitoring 1 HTCondor log file(s)
08/17/26 01:18:56 Currently monitoring 1 HTCondor log file(s)
08/17/26 01:18:56 Event: ULOG_JOB_TERMINATED for HTCondor Node P_W15_IH_M2_A10_S2 (6053270.0.0) {08/17/26 01:18:51}
08/17/26 01:18:56 Number of idle job procs: 0
08/17/26 01:18:56 Node P_W15_IH_M2_A10_S2 job proc (6053270.0.0) completed successfully.
08/17/26 01:18:56 Node P_W15_IH_M2_A10_S2 job(s) have exited the queue
08/17/26 01:18:56 Event: ULOG_JOB_TERMINATED for HTCondor Node P_W15_IH_M2_A10_S0 (6053268.0.0) {08/17/26 01:18:53}
08/17/26 01:18:56 Number of idle job procs: 0
08/17/26 01:18:56 Node P_W15_IH_M2_A10_S0 job proc (6053268.0.0) completed successfully.
08/17/26 01:18:56 Node P_W15_IH_M2_A10_S0 job(s) have exited the queue
08/17/26 01:18:56 DAG status: 0 (DAG_STATUS_OK)
08/17/26 01:18:56 Of 432 nodes total:
08/17/26 01:18:56  Done     Pre   Queued    Post   Ready   Un-Ready   Failed   Futile
08/17/26 01:18:56   ===     ===      ===     ===     ===        ===      ===      ===
08/17/26 01:18:56     2       0      214       0       2        214        0        0
08/17/26 01:18:56 0 job proc(s) currently held
08/17/26 01:18:56 DAGMan Runtime Statistics: [EventCycleTimeAvg=1.199; EventCycleTimeMax=20.234; EventCycleTimeMin=0.000; EventCycleTimeStd=3.598; EventCycleTimeSum=44.349; SleepCycleTimeAvg=5.005; SleepCycleTimeMax=5.015; SleepCycleTimeMin=5.000; SleepCycleTimeStd=0.002; SleepCycleTimeSum=185.170; SubmitCycleTimeAvg=0.137; SubmitCycleTimeMax=2.749; SubmitCycleTimeMin=0.000; SubmitCycleTimeStd=0.535; SubmitCycleTimeSum=5.188; EventCycleTimeCount=37.000; SleepCycleTimeCount=37.000; SubmitCycleTimeCount=38.000; LogProcessCycleTimeAvg=2.793; LogProcessCycleTimeMax=20.234; LogProcessCycleTimeMin=0.009; LogProcessCycleTimeStd=5.365; LogProcessCycleTimeSum=39.105; LogProcessCycleTimeCount=14.000; ]
08/17/26 01:19:01 Submitting HTCondor Node C_W15_IH_M2_A10_S2_F2 job(s)...
08/17/26 01:19:01 Submitting node C_W15_IH_M2_A10_S2_F2 from file /afs/cern.ch/user/c/cglenn/FCCWork/whizard/whizard_ttbar_spinpol/phase11_diagnostics/excess_weight_rootcause_v1/ttbar_restricted_region_suite_v1/regions/submissions/20260816T231425Z_U9region_core_W15_S8_np1_v1p0p1/region_child.sub using direct job submission
08/17/26 01:19:01 	assigned HTCondor ID (6053348.0.0)
08/17/26 01:19:01 Submitting HTCondor Node C_W15_IH_M2_A10_S0_F2 job(s)...
08/17/26 01:19:01 Submitting node C_W15_IH_M2_A10_S0_F2 from file /afs/cern.ch/user/c/cglenn/FCCWork/whizard/whizard_ttbar_spinpol/phase11_diagnostics/excess_weight_rootcause_v1/ttbar_restricted_region_suite_v1/regions/submissions/20260816T231425Z_U9region_core_W15_S8_np1_v1p0p1/region_child.sub using direct job submission
08/17/26 01:19:01 	assigned HTCondor ID (6053349.0.0)
08/17/26 01:19:02 Just submitted 2 jobs this cycle...
08/17/26 01:19:02 Currently monitoring 1 HTCondor log file(s)
08/17/26 01:19:02 Event: ULOG_JOB_TERMINATED for HTCondor Node P_W15_HH_M0_A00_S6 (6053330.0.0) {08/17/26 01:18:57}
08/17/26 01:19:02 Number of idle job procs: 0
08/17/26 01:19:02 Node P_W15_HH_M0_A00_S6 job proc (6053330.0.0) completed successfully.
08/17/26 01:19:02 Node P_W15_HH_M0_A00_S6 job(s) have exited the queue
08/17/26 01:19:02 Event: ULOG_JOB_TERMINATED for HTCondor Node P_W15_IH_M2_A10_S7 (6053275.0.0) {08/17/26 01:18:58}
08/17/26 01:19:02 Number of idle job procs: 0
08/17/26 01:19:02 Node P_W15_IH_M2_A10_S7 job proc (6053275.0.0) completed successfully.
08/17/26 01:19:02 Node P_W15_IH_M2_A10_S7 job(s) have exited the queue
08/17/26 01:19:02 Event: ULOG_JOB_TERMINATED for HTCondor Node P_W15_HH_M0_A00_S2 (6053326.0.0) {08/17/26 01:18:59}
08/17/26 01:19:02 Number of idle job procs: 0
08/17/26 01:19:02 Node P_W15_HH_M0_A00_S2 job proc (6053326.0.0) completed successfully.
08/17/26 01:19:02 Node P_W15_HH_M0_A00_S2 job(s) have exited the queue
08/17/26 01:19:02 Event: ULOG_JOB_TERMINATED for HTCondor Node P_W15_HH_M0_A00_S3 (6053327.0.0) {08/17/26 01:19:00}
08/17/26 01:19:02 Number of idle job procs: 0
08/17/26 01:19:02 Node P_W15_HH_M0_A00_S3 job proc (6053327.0.0) completed successfully.
08/17/26 01:19:02 Node P_W15_HH_M0_A00_S3 job(s) have exited the queue
08/17/26 01:19:02 Event: ULOG_JOB_TERMINATED for HTCondor Node P_W15_II_M2_A10_S3 (6053247.0.0) {08/17/26 01:19:00}
08/17/26 01:19:02 Number of idle job procs: 0
08/17/26 01:19:02 Node P_W15_II_M2_A10_S3 job proc (6053247.0.0) completed successfully.
08/17/26 01:19:02 Node P_W15_II_M2_A10_S3 job(s) have exited the queue
08/17/26 01:19:02 Reassigning the id of job C_W15_IH_M2_A10_S2_F2 from (6053348.0.0) to (6053348.0.0)
08/17/26 01:19:02 Event: ULOG_SUBMIT for HTCondor Node C_W15_IH_M2_A10_S2_F2 (6053348.0.0) {08/17/26 01:19:01}
08/17/26 01:19:02 Number of idle job procs: 1
08/17/26 01:19:02 Reassigning the id of job C_W15_IH_M2_A10_S0_F2 from (6053349.0.0) to (6053349.0.0)
08/17/26 01:19:02 Event: ULOG_SUBMIT for HTCondor Node C_W15_IH_M2_A10_S0_F2 (6053349.0.0) {08/17/26 01:19:01}
08/17/26 01:19:02 Number of idle job procs: 2
08/17/26 01:19:02 Event: ULOG_JOB_TERMINATED for HTCondor Node P_W15_HH_M0_A00_S7 (6053331.0.0) {08/17/26 01:19:01}
08/17/26 01:19:02 Number of idle job procs: 2
08/17/26 01:19:02 Node P_W15_HH_M0_A00_S7 job proc (6053331.0.0) completed successfully.
08/17/26 01:19:02 Node P_W15_HH_M0_A00_S7 job(s) have exited the queue
08/17/26 01:19:02 DAG status: 0 (DAG_STATUS_OK)
08/17/26 01:19:02 Of 432 nodes total:
08/17/26 01:19:02  Done     Pre   Queued    Post   Ready   Un-Ready   Failed   Futile
08/17/26 01:19:02   ===     ===      ===     ===     ===        ===      ===      ===
08/17/26 01:19:02     8       0      210       0       6        208        0        0
08/17/26 01:19:02 0 job proc(s) currently held
08/17/26 01:19:02 DAGMan Runtime Statistics: [EventCycleTimeAvg=1.172; EventCycleTimeMax=20.234; EventCycleTimeMin=0.000; EventCycleTimeStd=3.552; EventCycleTimeSum=44.534; SleepCycleTimeAvg=5.005; SleepCycleTimeMax=5.015; SleepCycleTimeMin=5.000; SleepCycleTimeStd=0.002; SleepCycleTimeSum=190.175; SubmitCycleTimeAvg=0.136; SubmitCycleTimeMax=2.749; SubmitCycleTimeMin=0.000; SubmitCycleTimeStd=0.528; SubmitCycleTimeSum=5.289; EventCycleTimeCount=38.000; SleepCycleTimeCount=38.000; SubmitCycleTimeCount=39.000; LogProcessCycleTimeAvg=2.629; LogProcessCycleTimeMax=20.234; LogProcessCycleTimeMin=0.009; LogProcessCycleTimeStd=5.208; LogProcessCycleTimeSum=39.434; LogProcessCycleTimeCount=15.000; ]
08/17/26 01:19:07 Submitting HTCondor Node C_W15_HH_M0_A00_S6_F0 job(s)...
08/17/26 01:19:07 Submitting node C_W15_HH_M0_A00_S6_F0 from file /afs/cern.ch/user/c/cglenn/FCCWork/whizard/whizard_ttbar_spinpol/phase11_diagnostics/excess_weight_rootcause_v1/ttbar_restricted_region_suite_v1/regions/submissions/20260816T231425Z_U9region_core_W15_S8_np1_v1p0p1/region_child.sub using direct job submission
08/17/26 01:19:07 	assigned HTCondor ID (6053350.0.0)
08/17/26 01:19:07 Submitting HTCondor Node C_W15_IH_M2_A10_S7_F2 job(s)...
08/17/26 01:19:07 Submitting node C_W15_IH_M2_A10_S7_F2 from file /afs/cern.ch/user/c/cglenn/FCCWork/whizard/whizard_ttbar_spinpol/phase11_diagnostics/excess_weight_rootcause_v1/ttbar_restricted_region_suite_v1/regions/submissions/20260816T231425Z_U9region_core_W15_S8_np1_v1p0p1/region_child.sub using direct job submission
08/17/26 01:19:07 	assigned HTCondor ID (6053351.0.0)
08/17/26 01:19:07 Submitting HTCondor Node C_W15_HH_M0_A00_S2_F0 job(s)...
08/17/26 01:19:07 Submitting node C_W15_HH_M0_A00_S2_F0 from file /afs/cern.ch/user/c/cglenn/FCCWork/whizard/whizard_ttbar_spinpol/phase11_diagnostics/excess_weight_rootcause_v1/ttbar_restricted_region_suite_v1/regions/submissions/20260816T231425Z_U9region_core_W15_S8_np1_v1p0p1/region_child.sub using direct job submission
08/17/26 01:19:07 	assigned HTCondor ID (6053352.0.0)
08/17/26 01:19:07 Submitting HTCondor Node C_W15_HH_M0_A00_S3_F0 job(s)...
08/17/26 01:19:07 Submitting node C_W15_HH_M0_A00_S3_F0 from file /afs/cern.ch/user/c/cglenn/FCCWork/whizard/whizard_ttbar_spinpol/phase11_diagnostics/excess_weight_rootcause_v1/ttbar_restricted_region_suite_v1/regions/submissions/20260816T231425Z_U9region_core_W15_S8_np1_v1p0p1/region_child.sub using direct job submission
08/17/26 01:19:07 	assigned HTCondor ID (6053353.0.0)
08/17/26 01:19:07 Submitting HTCondor Node C_W15_II_M2_A10_S3_F2 job(s)...
08/17/26 01:19:07 Submitting node C_W15_II_M2_A10_S3_F2 from file /afs/cern.ch/user/c/cglenn/FCCWork/whizard/whizard_ttbar_spinpol/phase11_diagnostics/excess_weight_rootcause_v1/ttbar_restricted_region_suite_v1/regions/submissions/20260816T231425Z_U9region_core_W15_S8_np1_v1p0p1/region_child.sub using direct job submission
08/17/26 01:19:07 	assigned HTCondor ID (6053354.0.0)
08/17/26 01:19:07 Submitting HTCondor Node C_W15_HH_M0_A00_S7_F0 job(s)...
08/17/26 01:19:07 Submitting node C_W15_HH_M0_A00_S7_F0 from file /afs/cern.ch/user/c/cglenn/FCCWork/whizard/whizard_ttbar_spinpol/phase11_diagnostics/excess_weight_rootcause_v1/ttbar_restricted_region_suite_v1/regions/submissions/20260816T231425Z_U9region_core_W15_S8_np1_v1p0p1/region_child.sub using direct job submission
08/17/26 01:19:07 	assigned HTCondor ID (6053355.0.0)
08/17/26 01:19:07 Just submitted 6 jobs this cycle...
08/17/26 01:19:07 Currently monitoring 1 HTCondor log file(s)
08/17/26 01:19:07 Event: ULOG_JOB_TERMINATED for HTCondor Node P_W15_HH_M0_A00_S1 (6053325.0.0) {08/17/26 01:19:02}
08/17/26 01:19:07 Number of idle job procs: 2
08/17/26 01:19:07 Node P_W15_HH_M0_A00_S1 job proc (6053325.0.0) completed successfully.
08/17/26 01:19:07 Node P_W15_HH_M0_A00_S1 job(s) have exited the queue
08/17/26 01:19:07 Event: ULOG_EXECUTE for HTCondor Node C_W15_IH_M2_A10_S0_F2 (6053349.0.0) {08/17/26 01:19:03}
08/17/26 01:19:07 Number of idle job procs: 1
08/17/26 01:19:07 Event: ULOG_EXECUTE for HTCondor Node C_W15_IH_M2_A10_S2_F2 (6053348.0.0) {08/17/26 01:19:03}
08/17/26 01:19:07 Number of idle job procs: 0
08/17/26 01:19:07 Event: ULOG_JOB_TERMINATED for HTCondor Node P_W15_HH_M0_A00_S5 (6053329.0.0) {08/17/26 01:19:04}
08/17/26 01:19:07 Number of idle job procs: 0
08/17/26 01:19:07 Node P_W15_HH_M0_A00_S5 job proc (6053329.0.0) completed successfully.
08/17/26 01:19:07 Node P_W15_HH_M0_A00_S5 job(s) have exited the queue
08/17/26 01:19:07 Event: ULOG_JOB_TERMINATED for HTCondor Node P_W15_HH_M0_A00_S0 (6053324.0.0) {08/17/26 01:19:07}
08/17/26 01:19:07 Number of idle job procs: 0
08/17/26 01:19:07 Node P_W15_HH_M0_A00_S0 job proc (6053324.0.0) completed successfully.
08/17/26 01:19:07 Node P_W15_HH_M0_A00_S0 job(s) have exited the queue
08/17/26 01:19:07 Reassigning the id of job C_W15_HH_M0_A00_S6_F0 from (6053350.0.0) to (6053350.0.0)
08/17/26 01:19:07 Event: ULOG_SUBMIT for HTCondor Node C_W15_HH_M0_A00_S6_F0 (6053350.0.0) {08/17/26 01:19:07}
08/17/26 01:19:07 Number of idle job procs: 1
08/17/26 01:19:07 Reassigning the id of job C_W15_IH_M2_A10_S7_F2 from (6053351.0.0) to (6053351.0.0)
08/17/26 01:19:07 Event: ULOG_SUBMIT for HTCondor Node C_W15_IH_M2_A10_S7_F2 (6053351.0.0) {08/17/26 01:19:07}
08/17/26 01:19:07 Number of idle job procs: 2
08/17/26 01:19:07 Reassigning the id of job C_W15_HH_M0_A00_S2_F0 from (6053352.0.0) to (6053352.0.0)
08/17/26 01:19:07 Event: ULOG_SUBMIT for HTCondor Node C_W15_HH_M0_A00_S2_F0 (6053352.0.0) {08/17/26 01:19:07}
08/17/26 01:19:07 Number of idle job procs: 3
08/17/26 01:19:07 Reassigning the id of job C_W15_HH_M0_A00_S3_F0 from (6053353.0.0) to (6053353.0.0)
08/17/26 01:19:07 Event: ULOG_SUBMIT for HTCondor Node C_W15_HH_M0_A00_S3_F0 (6053353.0.0) {08/17/26 01:19:07}
08/17/26 01:19:07 Number of idle job procs: 4
08/17/26 01:19:07 Reassigning the id of job C_W15_II_M2_A10_S3_F2 from (6053354.0.0) to (6053354.0.0)
08/17/26 01:19:07 Event: ULOG_SUBMIT for HTCondor Node C_W15_II_M2_A10_S3_F2 (6053354.0.0) {08/17/26 01:19:07}
08/17/26 01:19:08 Number of idle job procs: 5
08/17/26 01:19:08 Reassigning the id of job C_W15_HH_M0_A00_S7_F0 from (6053355.0.0) to (6053355.0.0)
08/17/26 01:19:08 Event: ULOG_SUBMIT for HTCondor Node C_W15_HH_M0_A00_S7_F0 (6053355.0.0) {08/17/26 01:19:07}
08/17/26 01:19:08 Number of idle job procs: 6
08/17/26 01:19:08 Event: ULOG_JOB_TERMINATED for HTCondor Node P_W15_II_M2_A10_S0 (6053244.0.0) {08/17/26 01:19:07}
08/17/26 01:19:08 Number of idle job procs: 6
08/17/26 01:19:08 Node P_W15_II_M2_A10_S0 job proc (6053244.0.0) completed successfully.
08/17/26 01:19:08 Node P_W15_II_M2_A10_S0 job(s) have exited the queue
08/17/26 01:19:08 DAG status: 0 (DAG_STATUS_OK)
08/17/26 01:19:08 Of 432 nodes total:
08/17/26 01:19:08  Done     Pre   Queued    Post   Ready   Un-Ready   Failed   Futile
08/17/26 01:19:08   ===     ===      ===     ===     ===        ===      ===      ===
08/17/26 01:19:08    12       0      212       0       4        204        0        0
08/17/26 01:19:08 0 job proc(s) currently held
08/17/26 01:19:08 DAGMan Runtime Statistics: [EventCycleTimeAvg=1.155; EventCycleTimeMax=20.234; EventCycleTimeMin=0.000; EventCycleTimeStd=3.507; EventCycleTimeSum=45.046; SleepCycleTimeAvg=5.005; SleepCycleTimeMax=5.015; SleepCycleTimeMin=5.000; SleepCycleTimeStd=0.002; SleepCycleTimeSum=195.180; SubmitCycleTimeAvg=0.139; SubmitCycleTimeMax=2.749; SubmitCycleTimeMin=0.000; SubmitCycleTimeStd=0.522; SubmitCycleTimeSum=5.569; EventCycleTimeCount=39.000; SleepCycleTimeCount=39.000; SubmitCycleTimeCount=40.000; LogProcessCycleTimeAvg=2.488; LogProcessCycleTimeMax=20.234; LogProcessCycleTimeMin=0.009; LogProcessCycleTimeStd=5.063; LogProcessCycleTimeSum=39.810; LogProcessCycleTimeCount=16.000; ]
08/17/26 01:19:13 Submitting HTCondor Node C_W15_HH_M0_A00_S1_F0 job(s)...
08/17/26 01:19:13 Submitting node C_W15_HH_M0_A00_S1_F0 from file /afs/cern.ch/user/c/cglenn/FCCWork/whizard/whizard_ttbar_spinpol/phase11_diagnostics/excess_weight_rootcause_v1/ttbar_restricted_region_suite_v1/regions/submissions/20260816T231425Z_U9region_core_W15_S8_np1_v1p0p1/region_child.sub using direct job submission
08/17/26 01:19:13 	assigned HTCondor ID (6053356.0.0)
08/17/26 01:19:13 Submitting HTCondor Node C_W15_HH_M0_A00_S5_F0 job(s)...
08/17/26 01:19:13 Submitting node C_W15_HH_M0_A00_S5_F0 from file /afs/cern.ch/user/c/cglenn/FCCWork/whizard/whizard_ttbar_spinpol/phase11_diagnostics/excess_weight_rootcause_v1/ttbar_restricted_region_suite_v1/regions/submissions/20260816T231425Z_U9region_core_W15_S8_np1_v1p0p1/region_child.sub using direct job submission
08/17/26 01:19:13 	assigned HTCondor ID (6053357.0.0)
08/17/26 01:19:13 Submitting HTCondor Node C_W15_HH_M0_A00_S0_F0 job(s)...
08/17/26 01:19:13 Submitting node C_W15_HH_M0_A00_S0_F0 from file /afs/cern.ch/user/c/cglenn/FCCWork/whizard/whizard_ttbar_spinpol/phase11_diagnostics/excess_weight_rootcause_v1/ttbar_restricted_region_suite_v1/regions/submissions/20260816T231425Z_U9region_core_W15_S8_np1_v1p0p1/region_child.sub using direct job submission
08/17/26 01:19:13 	assigned HTCondor ID (6053358.0.0)
08/17/26 01:19:13 Submitting HTCondor Node C_W15_II_M2_A10_S0_F2 job(s)...
08/17/26 01:19:13 Submitting node C_W15_II_M2_A10_S0_F2 from file /afs/cern.ch/user/c/cglenn/FCCWork/whizard/whizard_ttbar_spinpol/phase11_diagnostics/excess_weight_rootcause_v1/ttbar_restricted_region_suite_v1/regions/submissions/20260816T231425Z_U9region_core_W15_S8_np1_v1p0p1/region_child.sub using direct job submission
08/17/26 01:19:13 	assigned HTCondor ID (6053359.0.0)
08/17/26 01:19:13 Just submitted 4 jobs this cycle...
08/17/26 01:19:13 Currently monitoring 1 HTCondor log file(s)
08/17/26 01:19:13 Event: ULOG_EXECUTE for HTCondor Node C_W15_IH_M2_A10_S7_F2 (6053351.0.0) {08/17/26 01:19:09}
08/17/26 01:19:13 Number of idle job procs: 5
08/17/26 01:19:13 Event: ULOG_EXECUTE for HTCondor Node C_W15_HH_M0_A00_S6_F0 (6053350.0.0) {08/17/26 01:19:09}
08/17/26 01:19:13 Number of idle job procs: 4
08/17/26 01:19:13 Event: ULOG_EXECUTE for HTCondor Node C_W15_HH_M0_A00_S2_F0 (6053352.0.0) {08/17/26 01:19:09}
08/17/26 01:19:13 Number of idle job procs: 3
08/17/26 01:19:13 Event: ULOG_EXECUTE for HTCondor Node C_W15_II_M2_A10_S3_F2 (6053354.0.0) {08/17/26 01:19:10}
08/17/26 01:19:13 Number of idle job procs: 2
08/17/26 01:19:13 Event: ULOG_EXECUTE for HTCondor Node C_W15_HH_M0_A00_S3_F0 (6053353.0.0) {08/17/26 01:19:10}
08/17/26 01:19:13 Number of idle job procs: 1
08/17/26 01:19:13 Event: ULOG_JOB_TERMINATED for HTCondor Node P_W15_HH_M2_A10_S6 (6053346.0.0) {08/17/26 01:19:10}
08/17/26 01:19:13 Number of idle job procs: 1
08/17/26 01:19:13 Node P_W15_HH_M2_A10_S6 job proc (6053346.0.0) completed successfully.
08/17/26 01:19:13 Node P_W15_HH_M2_A10_S6 job(s) have exited the queue
08/17/26 01:19:13 Event: ULOG_EXECUTE for HTCondor Node C_W15_HH_M0_A00_S7_F0 (6053355.0.0) {08/17/26 01:19:10}
08/17/26 01:19:13 Number of idle job procs: 0
08/17/26 01:19:13 Reassigning the id of job C_W15_HH_M0_A00_S1_F0 from (6053356.0.0) to (6053356.0.0)
08/17/26 01:19:13 Event: ULOG_SUBMIT for HTCondor Node C_W15_HH_M0_A00_S1_F0 (6053356.0.0) {08/17/26 01:19:13}
08/17/26 01:19:13 Number of idle job procs: 1
08/17/26 01:19:13 Reassigning the id of job C_W15_HH_M0_A00_S5_F0 from (6053357.0.0) to (6053357.0.0)
08/17/26 01:19:13 Event: ULOG_SUBMIT for HTCondor Node C_W15_HH_M0_A00_S5_F0 (6053357.0.0) {08/17/26 01:19:13}
08/17/26 01:19:13 Number of idle job procs: 2
08/17/26 01:19:13 Reassigning the id of job C_W15_HH_M0_A00_S0_F0 from (6053358.0.0) to (6053358.0.0)
08/17/26 01:19:13 Event: ULOG_SUBMIT for HTCondor Node C_W15_HH_M0_A00_S0_F0 (6053358.0.0) {08/17/26 01:19:13}
08/17/26 01:19:13 Number of idle job procs: 3
08/17/26 01:19:13 Reassigning the id of job C_W15_II_M2_A10_S0_F2 from (6053359.0.0) to (6053359.0.0)
08/17/26 01:19:13 Event: ULOG_SUBMIT for HTCondor Node C_W15_II_M2_A10_S0_F2 (6053359.0.0) {08/17/26 01:19:13}
08/17/26 01:19:13 Number of idle job procs: 4
08/17/26 01:19:13 Event: ULOG_JOB_TERMINATED for HTCondor Node P_W15_HI_M2_A10_S5 (6053321.0.0) {08/17/26 01:19:13}
08/17/26 01:19:13 Number of idle job procs: 4
08/17/26 01:19:13 Node P_W15_HI_M2_A10_S5 job proc (6053321.0.0) completed successfully.
08/17/26 01:19:13 Node P_W15_HI_M2_A10_S5 job(s) have exited the queue
08/17/26 01:19:13 Event: ULOG_JOB_TERMINATED for HTCondor Node P_W15_HH_M0_A00_S4 (6053328.0.0) {08/17/26 01:19:13}
08/17/26 01:19:13 Number of idle job procs: 4
08/17/26 01:19:13 Node P_W15_HH_M0_A00_S4 job proc (6053328.0.0) completed successfully.
08/17/26 01:19:13 Node P_W15_HH_M0_A00_S4 job(s) have exited the queue
08/17/26 01:19:13 DAG status: 0 (DAG_STATUS_OK)
08/17/26 01:19:13 Of 432 nodes total:
08/17/26 01:19:13  Done     Pre   Queued    Post   Ready   Un-Ready   Failed   Futile
08/17/26 01:19:13   ===     ===      ===     ===     ===        ===      ===      ===
08/17/26 01:19:13    15       0      213       0       3        201        0        0
08/17/26 01:19:13 0 job proc(s) currently held
08/17/26 01:19:13 DAGMan Runtime Statistics: [EventCycleTimeAvg=1.145; EventCycleTimeMax=20.234; EventCycleTimeMin=0.000; EventCycleTimeStd=3.462; EventCycleTimeSum=45.785; SleepCycleTimeAvg=5.005; SleepCycleTimeMax=5.015; SleepCycleTimeMin=5.000; SleepCycleTimeStd=0.002; SleepCycleTimeSum=200.188; SubmitCycleTimeAvg=0.140; SubmitCycleTimeMax=2.749; SubmitCycleTimeMin=0.000; SubmitCycleTimeStd=0.515; SubmitCycleTimeSum=5.756; EventCycleTimeCount=40.000; SleepCycleTimeCount=40.000; SubmitCycleTimeCount=41.000; LogProcessCycleTimeAvg=2.364; LogProcessCycleTimeMax=20.234; LogProcessCycleTimeMin=0.009; LogProcessCycleTimeStd=4.929; LogProcessCycleTimeSum=40.187; LogProcessCycleTimeCount=17.000; ]
08/17/26 01:19:18 Submitting HTCondor Node C_W15_HH_M2_A10_S6_F2 job(s)...
08/17/26 01:19:18 Submitting node C_W15_HH_M2_A10_S6_F2 from file /afs/cern.ch/user/c/cglenn/FCCWork/whizard/whizard_ttbar_spinpol/phase11_diagnostics/excess_weight_rootcause_v1/ttbar_restricted_region_suite_v1/regions/submissions/20260816T231425Z_U9region_core_W15_S8_np1_v1p0p1/region_child.sub using direct job submission
08/17/26 01:19:18 	assigned HTCondor ID (6053360.0.0)
08/17/26 01:19:18 Submitting HTCondor Node C_W15_HI_M2_A10_S5_F2 job(s)...
08/17/26 01:19:18 Submitting node C_W15_HI_M2_A10_S5_F2 from file /afs/cern.ch/user/c/cglenn/FCCWork/whizard/whizard_ttbar_spinpol/phase11_diagnostics/excess_weight_rootcause_v1/ttbar_restricted_region_suite_v1/regions/submissions/20260816T231425Z_U9region_core_W15_S8_np1_v1p0p1/region_child.sub using direct job submission
08/17/26 01:19:18 	assigned HTCondor ID (6053361.0.0)
08/17/26 01:19:18 Submitting HTCondor Node C_W15_HH_M0_A00_S4_F0 job(s)...
08/17/26 01:19:18 Submitting node C_W15_HH_M0_A00_S4_F0 from file /afs/cern.ch/user/c/cglenn/FCCWork/whizard/whizard_ttbar_spinpol/phase11_diagnostics/excess_weight_rootcause_v1/ttbar_restricted_region_suite_v1/regions/submissions/20260816T231425Z_U9region_core_W15_S8_np1_v1p0p1/region_child.sub using direct job submission
08/17/26 01:19:18 	assigned HTCondor ID (6053362.0.0)
08/17/26 01:19:18 Just submitted 3 jobs this cycle...
08/17/26 01:19:18 Currently monitoring 1 HTCondor log file(s)
08/17/26 01:19:18 Event: ULOG_JOB_TERMINATED for HTCondor Node P_W15_HI_M2_A10_S2 (6053318.0.0) {08/17/26 01:19:15}
08/17/26 01:19:19 Number of idle job procs: 4
08/17/26 01:19:19 Node P_W15_HI_M2_A10_S2 job proc (6053318.0.0) completed successfully.
08/17/26 01:19:19 Node P_W15_HI_M2_A10_S2 job(s) have exited the queue
08/17/26 01:19:19 Event: ULOG_JOB_TERMINATED for HTCondor Node P_W15_HI_M2_A10_S3 (6053319.0.0) {08/17/26 01:19:15}
08/17/26 01:19:19 Number of idle job procs: 4
08/17/26 01:19:19 Node P_W15_HI_M2_A10_S3 job proc (6053319.0.0) completed successfully.
08/17/26 01:19:19 Node P_W15_HI_M2_A10_S3 job(s) have exited the queue
08/17/26 01:19:19 Event: ULOG_EXECUTE for HTCondor Node C_W15_HH_M0_A00_S5_F0 (6053357.0.0) {08/17/26 01:19:16}
08/17/26 01:19:19 Number of idle job procs: 3
08/17/26 01:19:19 Event: ULOG_EXECUTE for HTCondor Node C_W15_HH_M0_A00_S1_F0 (6053356.0.0) {08/17/26 01:19:16}
08/17/26 01:19:19 Number of idle job procs: 2
08/17/26 01:19:19 Event: ULOG_EXECUTE for HTCondor Node C_W15_HH_M0_A00_S0_F0 (6053358.0.0) {08/17/26 01:19:16}
08/17/26 01:19:19 Number of idle job procs: 1
08/17/26 01:19:19 Event: ULOG_EXECUTE for HTCondor Node C_W15_II_M2_A10_S0_F2 (6053359.0.0) {08/17/26 01:19:16}
08/17/26 01:19:19 Number of idle job procs: 0
08/17/26 01:19:19 Reassigning the id of job C_W15_HH_M2_A10_S6_F2 from (6053360.0.0) to (6053360.0.0)
08/17/26 01:19:19 Event: ULOG_SUBMIT for HTCondor Node C_W15_HH_M2_A10_S6_F2 (6053360.0.0) {08/17/26 01:19:18}
08/17/26 01:19:19 Number of idle job procs: 1
08/17/26 01:19:19 Reassigning the id of job C_W15_HI_M2_A10_S5_F2 from (6053361.0.0) to (6053361.0.0)
08/17/26 01:19:19 Event: ULOG_SUBMIT for HTCondor Node C_W15_HI_M2_A10_S5_F2 (6053361.0.0) {08/17/26 01:19:18}
08/17/26 01:19:19 Number of idle job procs: 2
08/17/26 01:19:19 Reassigning the id of job C_W15_HH_M0_A00_S4_F0 from (6053362.0.0) to (6053362.0.0)
08/17/26 01:19:19 Event: ULOG_SUBMIT for HTCondor Node C_W15_HH_M0_A00_S4_F0 (6053362.0.0) {08/17/26 01:19:18}
08/17/26 01:19:19 Number of idle job procs: 3
08/17/26 01:19:19 DAG status: 0 (DAG_STATUS_OK)
08/17/26 01:19:19 Of 432 nodes total:
08/17/26 01:19:19  Done     Pre   Queued    Post   Ready   Un-Ready   Failed   Futile
08/17/26 01:19:19   ===     ===      ===     ===     ===        ===      ===      ===
08/17/26 01:19:19    17       0      214       0       2        199        0        0
08/17/26 01:19:19 0 job proc(s) currently held
08/17/26 01:19:19 DAGMan Runtime Statistics: [EventCycleTimeAvg=1.133; EventCycleTimeMax=20.234; EventCycleTimeMin=0.000; EventCycleTimeStd=3.420; EventCycleTimeSum=46.434; SleepCycleTimeAvg=5.005; SleepCycleTimeMax=5.015; SleepCycleTimeMin=5.000; SleepCycleTimeStd=0.002; SleepCycleTimeSum=205.195; SubmitCycleTimeAvg=0.141; SubmitCycleTimeMax=2.749; SubmitCycleTimeMin=0.000; SubmitCycleTimeStd=0.509; SubmitCycleTimeSum=5.902; EventCycleTimeCount=41.000; SleepCycleTimeCount=41.000; SubmitCycleTimeCount=42.000; LogProcessCycleTimeAvg=2.248; LogProcessCycleTimeMax=20.234; LogProcessCycleTimeMin=0.009; LogProcessCycleTimeStd=4.807; LogProcessCycleTimeSum=40.456; LogProcessCycleTimeCount=18.000; ]
08/17/26 01:19:24 Submitting HTCondor Node C_W15_HI_M2_A10_S2_F2 job(s)...
08/17/26 01:19:24 Submitting node C_W15_HI_M2_A10_S2_F2 from file /afs/cern.ch/user/c/cglenn/FCCWork/whizard/whizard_ttbar_spinpol/phase11_diagnostics/excess_weight_rootcause_v1/ttbar_restricted_region_suite_v1/regions/submissions/20260816T231425Z_U9region_core_W15_S8_np1_v1p0p1/region_child.sub using direct job submission
08/17/26 01:19:24 	assigned HTCondor ID (6053363.0.0)
08/17/26 01:19:24 Submitting HTCondor Node C_W15_HI_M2_A10_S3_F2 job(s)...
08/17/26 01:19:24 Submitting node C_W15_HI_M2_A10_S3_F2 from file /afs/cern.ch/user/c/cglenn/FCCWork/whizard/whizard_ttbar_spinpol/phase11_diagnostics/excess_weight_rootcause_v1/ttbar_restricted_region_suite_v1/regions/submissions/20260816T231425Z_U9region_core_W15_S8_np1_v1p0p1/region_child.sub using direct job submission
08/17/26 01:19:24 	assigned HTCondor ID (6053364.0.0)
08/17/26 01:19:24 Just submitted 2 jobs this cycle...
08/17/26 01:19:24 Currently monitoring 1 HTCondor log file(s)
08/17/26 01:19:24 Event: ULOG_JOB_TERMINATED for HTCondor Node P_W15_II_M2_A10_S1 (6053245.0.0) {08/17/26 01:19:19}
08/17/26 01:19:24 Number of idle job procs: 3
08/17/26 01:19:24 Node P_W15_II_M2_A10_S1 job proc (6053245.0.0) completed successfully.
08/17/26 01:19:24 Node P_W15_II_M2_A10_S1 job(s) have exited the queue
08/17/26 01:19:24 Event: ULOG_JOB_TERMINATED for HTCondor Node P_W15_HI_M2_A10_S6 (6053322.0.0) {08/17/26 01:19:19}
08/17/26 01:19:24 Number of idle job procs: 3
08/17/26 01:19:24 Node P_W15_HI_M2_A10_S6 job proc (6053322.0.0) completed successfully.
08/17/26 01:19:24 Node P_W15_HI_M2_A10_S6 job(s) have exited the queue
08/17/26 01:19:24 Event: ULOG_JOB_TERMINATED for HTCondor Node P_W15_HH_M2_A10_S2 (6053342.0.0) {08/17/26 01:19:19}
08/17/26 01:19:24 Number of idle job procs: 3
08/17/26 01:19:24 Node P_W15_HH_M2_A10_S2 job proc (6053342.0.0) completed successfully.
08/17/26 01:19:24 Node P_W15_HH_M2_A10_S2 job(s) have exited the queue
08/17/26 01:19:24 Event: ULOG_EXECUTE for HTCondor Node C_W15_HH_M2_A10_S6_F2 (6053360.0.0) {08/17/26 01:19:20}
08/17/26 01:19:24 Number of idle job procs: 2
08/17/26 01:19:24 Event: ULOG_EXECUTE for HTCondor Node C_W15_HI_M2_A10_S5_F2 (6053361.0.0) {08/17/26 01:19:20}
08/17/26 01:19:24 Number of idle job procs: 1
08/17/26 01:19:24 Event: ULOG_EXECUTE for HTCondor Node C_W15_HH_M0_A00_S4_F0 (6053362.0.0) {08/17/26 01:19:21}
08/17/26 01:19:24 Number of idle job procs: 0
08/17/26 01:19:24 Event: ULOG_JOB_TERMINATED for HTCondor Node P_W15_IH_M2_A10_S3 (6053271.0.0) {08/17/26 01:19:21}
08/17/26 01:19:24 Number of idle job procs: 0
08/17/26 01:19:24 Node P_W15_IH_M2_A10_S3 job proc (6053271.0.0) completed successfully.
08/17/26 01:19:24 Node P_W15_IH_M2_A10_S3 job(s) have exited the queue
08/17/26 01:19:24 Event: ULOG_JOB_TERMINATED for HTCondor Node P_W15_HH_M1_A07_S5 (6053337.0.0) {08/17/26 01:19:23}
08/17/26 01:19:24 Number of idle job procs: 0
08/17/26 01:19:24 Node P_W15_HH_M1_A07_S5 job proc (6053337.0.0) completed successfully.
08/17/26 01:19:24 Node P_W15_HH_M1_A07_S5 job(s) have exited the queue
08/17/26 01:19:24 Event: ULOG_JOB_TERMINATED for HTCondor Node P_W15_HI_M2_A10_S4 (6053320.0.0) {08/17/26 01:19:23}
08/17/26 01:19:24 Number of idle job procs: 0
08/17/26 01:19:24 Node P_W15_HI_M2_A10_S4 job proc (6053320.0.0) completed successfully.
08/17/26 01:19:24 Node P_W15_HI_M2_A10_S4 job(s) have exited the queue
08/17/26 01:19:24 Event: ULOG_JOB_TERMINATED for HTCondor Node P_W15_HI_M2_A10_S1 (6053317.0.0) {08/17/26 01:19:23}
08/17/26 01:19:24 Number of idle job procs: 0
08/17/26 01:19:24 Node P_W15_HI_M2_A10_S1 job proc (6053317.0.0) completed successfully.
08/17/26 01:19:24 Node P_W15_HI_M2_A10_S1 job(s) have exited the queue
08/17/26 01:19:24 Event: ULOG_JOB_TERMINATED for HTCondor Node P_W15_LI_M2_A10_S5 (6053177.0.0) {08/17/26 01:19:23}
08/17/26 01:19:24 Number of idle job procs: 0
08/17/26 01:19:24 Node P_W15_LI_M2_A10_S5 job proc (6053177.0.0) completed successfully.
08/17/26 01:19:24 Node P_W15_LI_M2_A10_S5 job(s) have exited the queue
08/17/26 01:19:24 Reassigning the id of job C_W15_HI_M2_A10_S2_F2 from (6053363.0.0) to (6053363.0.0)
08/17/26 01:19:24 Event: ULOG_SUBMIT for HTCondor Node C_W15_HI_M2_A10_S2_F2 (6053363.0.0) {08/17/26 01:19:24}
08/17/26 01:19:24 Number of idle job procs: 1
08/17/26 01:19:24 Reassigning the id of job C_W15_HI_M2_A10_S3_F2 from (6053364.0.0) to (6053364.0.0)
08/17/26 01:19:24 Event: ULOG_SUBMIT for HTCondor Node C_W15_HI_M2_A10_S3_F2 (6053364.0.0) {08/17/26 01:19:24}
08/17/26 01:19:24 Number of idle job procs: 2
08/17/26 01:19:24 Event: ULOG_JOB_TERMINATED for HTCondor Node P_W15_HH_M2_A10_S5 (6053345.0.0) {08/17/26 01:19:24}
08/17/26 01:19:24 Number of idle job procs: 2
08/17/26 01:19:24 Node P_W15_HH_M2_A10_S5 job proc (6053345.0.0) completed successfully.
08/17/26 01:19:24 Node P_W15_HH_M2_A10_S5 job(s) have exited the queue
08/17/26 01:19:24 DAG status: 0 (DAG_STATUS_OK)
08/17/26 01:19:24 Of 432 nodes total:
08/17/26 01:19:24  Done     Pre   Queued    Post   Ready   Un-Ready   Failed   Futile
08/17/26 01:19:24   ===     ===      ===     ===     ===        ===      ===      ===
08/17/26 01:19:25    26       0      207       0       9        190        0        0
08/17/26 01:19:25 0 job proc(s) currently held
08/17/26 01:19:25 DAGMan Runtime Statistics: [EventCycleTimeAvg=1.118; EventCycleTimeMax=20.234; EventCycleTimeMin=0.000; EventCycleTimeStd=3.379; EventCycleTimeSum=46.937; SleepCycleTimeAvg=5.005; SleepCycleTimeMax=5.015; SleepCycleTimeMin=5.000; SleepCycleTimeStd=0.002; SleepCycleTimeSum=210.201; SubmitCycleTimeAvg=0.140; SubmitCycleTimeMax=2.749; SubmitCycleTimeMin=0.000; SubmitCycleTimeStd=0.503; SubmitCycleTimeSum=6.005; EventCycleTimeCount=42.000; SleepCycleTimeCount=42.000; SubmitCycleTimeCount=43.000; LogProcessCycleTimeAvg=2.156; LogProcessCycleTimeMax=20.234; LogProcessCycleTimeMin=0.009; LogProcessCycleTimeStd=4.689; LogProcessCycleTimeSum=40.973; LogProcessCycleTimeCount=19.000; ]
08/17/26 01:19:30 Submitting HTCondor Node C_W15_II_M2_A10_S1_F2 job(s)...
08/17/26 01:19:30 Submitting node C_W15_II_M2_A10_S1_F2 from file /afs/cern.ch/user/c/cglenn/FCCWork/whizard/whizard_ttbar_spinpol/phase11_diagnostics/excess_weight_rootcause_v1/ttbar_restricted_region_suite_v1/regions/submissions/20260816T231425Z_U9region_core_W15_S8_np1_v1p0p1/region_child.sub using direct job submission
08/17/26 01:19:30 	assigned HTCondor ID (6053365.0.0)
08/17/26 01:19:30 Submitting HTCondor Node C_W15_HI_M2_A10_S6_F2 job(s)...
08/17/26 01:19:30 Submitting node C_W15_HI_M2_A10_S6_F2 from file /afs/cern.ch/user/c/cglenn/FCCWork/whizard/whizard_ttbar_spinpol/phase11_diagnostics/excess_weight_rootcause_v1/ttbar_restricted_region_suite_v1/regions/submissions/20260816T231425Z_U9region_core_W15_S8_np1_v1p0p1/region_child.sub using direct job submission
08/17/26 01:19:30 	assigned HTCondor ID (6053366.0.0)
08/17/26 01:19:30 Submitting HTCondor Node C_W15_HH_M2_A10_S2_F2 job(s)...
08/17/26 01:19:30 Submitting node C_W15_HH_M2_A10_S2_F2 from file /afs/cern.ch/user/c/cglenn/FCCWork/whizard/whizard_ttbar_spinpol/phase11_diagnostics/excess_weight_rootcause_v1/ttbar_restricted_region_suite_v1/regions/submissions/20260816T231425Z_U9region_core_W15_S8_np1_v1p0p1/region_child.sub using direct job submission
08/17/26 01:19:30 	assigned HTCondor ID (6053367.0.0)
08/17/26 01:19:30 Submitting HTCondor Node C_W15_IH_M2_A10_S3_F2 job(s)...
08/17/26 01:19:30 Submitting node C_W15_IH_M2_A10_S3_F2 from file /afs/cern.ch/user/c/cglenn/FCCWork/whizard/whizard_ttbar_spinpol/phase11_diagnostics/excess_weight_rootcause_v1/ttbar_restricted_region_suite_v1/regions/submissions/20260816T231425Z_U9region_core_W15_S8_np1_v1p0p1/region_child.sub using direct job submission
08/17/26 01:19:30 	assigned HTCondor ID (6053368.0.0)
08/17/26 01:19:30 Submitting HTCondor Node C_W15_HH_M1_A07_S5_F0 job(s)...
08/17/26 01:19:30 Submitting node C_W15_HH_M1_A07_S5_F0 from file /afs/cern.ch/user/c/cglenn/FCCWork/whizard/whizard_ttbar_spinpol/phase11_diagnostics/excess_weight_rootcause_v1/ttbar_restricted_region_suite_v1/regions/submissions/20260816T231425Z_U9region_core_W15_S8_np1_v1p0p1/region_child.sub using direct job submission
08/17/26 01:19:30 	assigned HTCondor ID (6053369.0.0)
08/17/26 01:19:30 Submitting HTCondor Node C_W15_HI_M2_A10_S4_F2 job(s)...
08/17/26 01:19:30 Submitting node C_W15_HI_M2_A10_S4_F2 from file /afs/cern.ch/user/c/cglenn/FCCWork/whizard/whizard_ttbar_spinpol/phase11_diagnostics/excess_weight_rootcause_v1/ttbar_restricted_region_suite_v1/regions/submissions/20260816T231425Z_U9region_core_W15_S8_np1_v1p0p1/region_child.sub using direct job submission
08/17/26 01:19:30 	assigned HTCondor ID (6053370.0.0)
08/17/26 01:19:30 Submitting HTCondor Node C_W15_HI_M2_A10_S1_F2 job(s)...
08/17/26 01:19:30 Submitting node C_W15_HI_M2_A10_S1_F2 from file /afs/cern.ch/user/c/cglenn/FCCWork/whizard/whizard_ttbar_spinpol/phase11_diagnostics/excess_weight_rootcause_v1/ttbar_restricted_region_suite_v1/regions/submissions/20260816T231425Z_U9region_core_W15_S8_np1_v1p0p1/region_child.sub using direct job submission
08/17/26 01:19:30 	assigned HTCondor ID (6053371.0.0)
08/17/26 01:19:30 Submitting HTCondor Node C_W15_LI_M2_A10_S5_F2 job(s)...
08/17/26 01:19:30 Submitting node C_W15_LI_M2_A10_S5_F2 from file /afs/cern.ch/user/c/cglenn/FCCWork/whizard/whizard_ttbar_spinpol/phase11_diagnostics/excess_weight_rootcause_v1/ttbar_restricted_region_suite_v1/regions/submissions/20260816T231425Z_U9region_core_W15_S8_np1_v1p0p1/region_child.sub using direct job submission
08/17/26 01:19:30 	assigned HTCondor ID (6053372.0.0)
08/17/26 01:19:30 Submitting HTCondor Node C_W15_HH_M2_A10_S5_F2 job(s)...
08/17/26 01:19:30 Submitting node C_W15_HH_M2_A10_S5_F2 from file /afs/cern.ch/user/c/cglenn/FCCWork/whizard/whizard_ttbar_spinpol/phase11_diagnostics/excess_weight_rootcause_v1/ttbar_restricted_region_suite_v1/regions/submissions/20260816T231425Z_U9region_core_W15_S8_np1_v1p0p1/region_child.sub using direct job submission
08/17/26 01:19:30 	assigned HTCondor ID (6053373.0.0)
08/17/26 01:19:30 Just submitted 9 jobs this cycle...
08/17/26 01:19:30 Currently monitoring 1 HTCondor log file(s)
08/17/26 01:19:30 Event: ULOG_JOB_TERMINATED for HTCondor Node P_W15_HH_M1_A07_S0 (6053332.0.0) {08/17/26 01:19:25}
08/17/26 01:19:30 Number of idle job procs: 2
08/17/26 01:19:30 Node P_W15_HH_M1_A07_S0 job proc (6053332.0.0) completed successfully.
08/17/26 01:19:30 Node P_W15_HH_M1_A07_S0 job(s) have exited the queue
08/17/26 01:19:30 Event: ULOG_EXECUTE for HTCondor Node C_W15_HI_M2_A10_S3_F2 (6053364.0.0) {08/17/26 01:19:25}
08/17/26 01:19:30 Number of idle job procs: 1
08/17/26 01:19:30 Event: ULOG_EXECUTE for HTCondor Node C_W15_HI_M2_A10_S2_F2 (6053363.0.0) {08/17/26 01:19:25}
08/17/26 01:19:30 Number of idle job procs: 0
08/17/26 01:19:30 Event: ULOG_JOB_TERMINATED for HTCondor Node P_W15_HI_M2_A10_S7 (6053323.0.0) {08/17/26 01:19:28}
08/17/26 01:19:30 Number of idle job procs: 0
08/17/26 01:19:30 Node P_W15_HI_M2_A10_S7 job proc (6053323.0.0) completed successfully.
08/17/26 01:19:30 Node P_W15_HI_M2_A10_S7 job(s) have exited the queue
08/17/26 01:19:30 Event: ULOG_JOB_TERMINATED for HTCondor Node P_W15_HH_M2_A10_S1 (6053341.0.0) {08/17/26 01:19:29}
08/17/26 01:19:30 Number of idle job procs: 0
08/17/26 01:19:30 Node P_W15_HH_M2_A10_S1 job proc (6053341.0.0) completed successfully.
08/17/26 01:19:30 Node P_W15_HH_M2_A10_S1 job(s) have exited the queue
08/17/26 01:19:30 Event: ULOG_JOB_TERMINATED for HTCondor Node P_W15_HH_M2_A10_S3 (6053343.0.0) {08/17/26 01:19:29}
08/17/26 01:19:30 Number of idle job procs: 0
08/17/26 01:19:30 Node P_W15_HH_M2_A10_S3 job proc (6053343.0.0) completed successfully.
08/17/26 01:19:30 Node P_W15_HH_M2_A10_S3 job(s) have exited the queue
08/17/26 01:19:30 Event: ULOG_JOB_TERMINATED for HTCondor Node P_W15_HH_M1_A07_S3 (6053335.0.0) {08/17/26 01:19:29}
08/17/26 01:19:30 Number of idle job procs: 0
08/17/26 01:19:30 Node P_W15_HH_M1_A07_S3 job proc (6053335.0.0) completed successfully.
08/17/26 01:19:30 Node P_W15_HH_M1_A07_S3 job(s) have exited the queue
08/17/26 01:19:30 Reassigning the id of job C_W15_II_M2_A10_S1_F2 from (6053365.0.0) to (6053365.0.0)
08/17/26 01:19:30 Event: ULOG_SUBMIT for HTCondor Node C_W15_II_M2_A10_S1_F2 (6053365.0.0) {08/17/26 01:19:30}
08/17/26 01:19:30 Number of idle job procs: 1
08/17/26 01:19:30 Reassigning the id of job C_W15_HI_M2_A10_S6_F2 from (6053366.0.0) to (6053366.0.0)
08/17/26 01:19:30 Event: ULOG_SUBMIT for HTCondor Node C_W15_HI_M2_A10_S6_F2 (6053366.0.0) {08/17/26 01:19:30}
08/17/26 01:19:30 Number of idle job procs: 2
08/17/26 01:19:30 Reassigning the id of job C_W15_HH_M2_A10_S2_F2 from (6053367.0.0) to (6053367.0.0)
08/17/26 01:19:30 Event: ULOG_SUBMIT for HTCondor Node C_W15_HH_M2_A10_S2_F2 (6053367.0.0) {08/17/26 01:19:30}
08/17/26 01:19:30 Number of idle job procs: 3
08/17/26 01:19:30 Reassigning the id of job C_W15_IH_M2_A10_S3_F2 from (6053368.0.0) to (6053368.0.0)
08/17/26 01:19:30 Event: ULOG_SUBMIT for HTCondor Node C_W15_IH_M2_A10_S3_F2 (6053368.0.0) {08/17/26 01:19:30}
08/17/26 01:19:30 Number of idle job procs: 4
08/17/26 01:19:30 Reassigning the id of job C_W15_HH_M1_A07_S5_F0 from (6053369.0.0) to (6053369.0.0)
08/17/26 01:19:30 Event: ULOG_SUBMIT for HTCondor Node C_W15_HH_M1_A07_S5_F0 (6053369.0.0) {08/17/26 01:19:30}
08/17/26 01:19:30 Number of idle job procs: 5
08/17/26 01:19:30 Event: ULOG_JOB_TERMINATED for HTCondor Node P_W15_IH_M2_A10_S5 (6053273.0.0) {08/17/26 01:19:30}
08/17/26 01:19:31 Number of idle job procs: 5
08/17/26 01:19:31 Node P_W15_IH_M2_A10_S5 job proc (6053273.0.0) completed successfully.
08/17/26 01:19:31 Node P_W15_IH_M2_A10_S5 job(s) have exited the queue
08/17/26 01:19:31 Reassigning the id of job C_W15_HI_M2_A10_S4_F2 from (6053370.0.0) to (6053370.0.0)
08/17/26 01:19:31 Event: ULOG_SUBMIT for HTCondor Node C_W15_HI_M2_A10_S4_F2 (6053370.0.0) {08/17/26 01:19:30}
08/17/26 01:19:31 Number of idle job procs: 6
08/17/26 01:19:31 Reassigning the id of job C_W15_HI_M2_A10_S1_F2 from (6053371.0.0) to (6053371.0.0)
08/17/26 01:19:31 Event: ULOG_SUBMIT for HTCondor Node C_W15_HI_M2_A10_S1_F2 (6053371.0.0) {08/17/26 01:19:30}
08/17/26 01:19:31 Number of idle job procs: 7
08/17/26 01:19:31 Reassigning the id of job C_W15_LI_M2_A10_S5_F2 from (6053372.0.0) to (6053372.0.0)
08/17/26 01:19:31 Event: ULOG_SUBMIT for HTCondor Node C_W15_LI_M2_A10_S5_F2 (6053372.0.0) {08/17/26 01:19:30}
08/17/26 01:19:31 Number of idle job procs: 8
08/17/26 01:19:31 Reassigning the id of job C_W15_HH_M2_A10_S5_F2 from (6053373.0.0) to (6053373.0.0)
08/17/26 01:19:31 Event: ULOG_SUBMIT for HTCondor Node C_W15_HH_M2_A10_S5_F2 (6053373.0.0) {08/17/26 01:19:30}
08/17/26 01:19:31 Number of idle job procs: 9
08/17/26 01:19:31 Event: ULOG_JOB_TERMINATED for HTCondor Node P_W15_HH_M1_A07_S6 (6053338.0.0) {08/17/26 01:19:30}
08/17/26 01:19:31 Number of idle job procs: 9
08/17/26 01:19:31 Node P_W15_HH_M1_A07_S6 job proc (6053338.0.0) completed successfully.
08/17/26 01:19:31 Node P_W15_HH_M1_A07_S6 job(s) have exited the queue
08/17/26 01:19:31 DAG status: 0 (DAG_STATUS_OK)
08/17/26 01:19:31 Of 432 nodes total:
08/17/26 01:19:31  Done     Pre   Queued    Post   Ready   Un-Ready   Failed   Futile
08/17/26 01:19:31   ===     ===      ===     ===     ===        ===      ===      ===
08/17/26 01:19:31    33       0      209       0       7        183        0        0
08/17/26 01:19:31 0 job proc(s) currently held
08/17/26 01:19:31 DAGMan Runtime Statistics: [EventCycleTimeAvg=1.108; EventCycleTimeMax=20.234; EventCycleTimeMin=0.000; EventCycleTimeStd=3.339; EventCycleTimeSum=47.646; SleepCycleTimeAvg=5.005; SleepCycleTimeMax=5.015; SleepCycleTimeMin=5.000; SleepCycleTimeStd=0.002; SleepCycleTimeSum=215.206; SubmitCycleTimeAvg=0.147; SubmitCycleTimeMax=2.749; SubmitCycleTimeMin=0.000; SubmitCycleTimeStd=0.500; SubmitCycleTimeSum=6.477; EventCycleTimeCount=43.000; SleepCycleTimeCount=43.000; SubmitCycleTimeCount=44.000; LogProcessCycleTimeAvg=2.083; LogProcessCycleTimeMax=20.234; LogProcessCycleTimeMin=0.009; LogProcessCycleTimeStd=4.576; LogProcessCycleTimeSum=41.652; LogProcessCycleTimeCount=20.000; ]
08/17/26 01:19:36 Submitting HTCondor Node C_W15_HH_M1_A07_S0_F0 job(s)...
08/17/26 01:19:36 Submitting node C_W15_HH_M1_A07_S0_F0 from file /afs/cern.ch/user/c/cglenn/FCCWork/whizard/whizard_ttbar_spinpol/phase11_diagnostics/excess_weight_rootcause_v1/ttbar_restricted_region_suite_v1/regions/submissions/20260816T231425Z_U9region_core_W15_S8_np1_v1p0p1/region_child.sub using direct job submission
08/17/26 01:19:36 	assigned HTCondor ID (6053374.0.0)
08/17/26 01:19:36 Submitting HTCondor Node C_W15_HI_M2_A10_S7_F2 job(s)...
08/17/26 01:19:36 Submitting node C_W15_HI_M2_A10_S7_F2 from file /afs/cern.ch/user/c/cglenn/FCCWork/whizard/whizard_ttbar_spinpol/phase11_diagnostics/excess_weight_rootcause_v1/ttbar_restricted_region_suite_v1/regions/submissions/20260816T231425Z_U9region_core_W15_S8_np1_v1p0p1/region_child.sub using direct job submission
08/17/26 01:19:36 	assigned HTCondor ID (6053375.0.0)
08/17/26 01:19:36 Submitting HTCondor Node C_W15_HH_M2_A10_S1_F2 job(s)...
08/17/26 01:19:36 Submitting node C_W15_HH_M2_A10_S1_F2 from file /afs/cern.ch/user/c/cglenn/FCCWork/whizard/whizard_ttbar_spinpol/phase11_diagnostics/excess_weight_rootcause_v1/ttbar_restricted_region_suite_v1/regions/submissions/20260816T231425Z_U9region_core_W15_S8_np1_v1p0p1/region_child.sub using direct job submission
08/17/26 01:19:36 	assigned HTCondor ID (6053376.0.0)
08/17/26 01:19:36 Submitting HTCondor Node C_W15_HH_M2_A10_S3_F2 job(s)...
08/17/26 01:19:36 Submitting node C_W15_HH_M2_A10_S3_F2 from file /afs/cern.ch/user/c/cglenn/FCCWork/whizard/whizard_ttbar_spinpol/phase11_diagnostics/excess_weight_rootcause_v1/ttbar_restricted_region_suite_v1/regions/submissions/20260816T231425Z_U9region_core_W15_S8_np1_v1p0p1/region_child.sub using direct job submission
08/17/26 01:19:36 	assigned HTCondor ID (6053377.0.0)
08/17/26 01:19:36 Submitting HTCondor Node C_W15_HH_M1_A07_S3_F0 job(s)...
08/17/26 01:19:36 Submitting node C_W15_HH_M1_A07_S3_F0 from file /afs/cern.ch/user/c/cglenn/FCCWork/whizard/whizard_ttbar_spinpol/phase11_diagnostics/excess_weight_rootcause_v1/ttbar_restricted_region_suite_v1/regions/submissions/20260816T231425Z_U9region_core_W15_S8_np1_v1p0p1/region_child.sub using direct job submission
08/17/26 01:19:36 	assigned HTCondor ID (6053378.0.0)
08/17/26 01:19:36 Submitting HTCondor Node C_W15_IH_M2_A10_S5_F2 job(s)...
08/17/26 01:19:36 Submitting node C_W15_IH_M2_A10_S5_F2 from file /afs/cern.ch/user/c/cglenn/FCCWork/whizard/whizard_ttbar_spinpol/phase11_diagnostics/excess_weight_rootcause_v1/ttbar_restricted_region_suite_v1/regions/submissions/20260816T231425Z_U9region_core_W15_S8_np1_v1p0p1/region_child.sub using direct job submission
08/17/26 01:19:36 	assigned HTCondor ID (6053379.0.0)
08/17/26 01:19:36 Submitting HTCondor Node C_W15_HH_M1_A07_S6_F0 job(s)...
08/17/26 01:19:36 Submitting node C_W15_HH_M1_A07_S6_F0 from file /afs/cern.ch/user/c/cglenn/FCCWork/whizard/whizard_ttbar_spinpol/phase11_diagnostics/excess_weight_rootcause_v1/ttbar_restricted_region_suite_v1/regions/submissions/20260816T231425Z_U9region_core_W15_S8_np1_v1p0p1/region_child.sub using direct job submission
08/17/26 01:19:36 	assigned HTCondor ID (6053380.0.0)
08/17/26 01:19:36 Just submitted 7 jobs this cycle...
08/17/26 01:19:36 Currently monitoring 1 HTCondor log file(s)
08/17/26 01:19:36 Event: ULOG_JOB_TERMINATED for HTCondor Node P_W15_IH_M2_A10_S1 (6053269.0.0) {08/17/26 01:19:32}
08/17/26 01:19:36 Number of idle job procs: 9
08/17/26 01:19:36 Node P_W15_IH_M2_A10_S1 job proc (6053269.0.0) completed successfully.
08/17/26 01:19:36 Node P_W15_IH_M2_A10_S1 job(s) have exited the queue
08/17/26 01:19:36 Event: ULOG_JOB_TERMINATED for HTCondor Node P_W15_II_M2_A10_S7 (6053251.0.0) {08/17/26 01:19:32}
08/17/26 01:19:36 Number of idle job procs: 9
08/17/26 01:19:36 Node P_W15_II_M2_A10_S7 job proc (6053251.0.0) completed successfully.
08/17/26 01:19:36 Node P_W15_II_M2_A10_S7 job(s) have exited the queue
08/17/26 01:19:36 Event: ULOG_JOB_TERMINATED for HTCondor Node P_W15_HH_M2_A10_S4 (6053344.0.0) {08/17/26 01:19:32}
08/17/26 01:19:36 Number of idle job procs: 9
08/17/26 01:19:36 Node P_W15_HH_M2_A10_S4 job proc (6053344.0.0) completed successfully.
08/17/26 01:19:36 Node P_W15_HH_M2_A10_S4 job(s) have exited the queue
08/17/26 01:19:36 Event: ULOG_JOB_TERMINATED for HTCondor Node P_W15_HH_M1_A07_S1 (6053333.0.0) {08/17/26 01:19:32}
08/17/26 01:19:36 Number of idle job procs: 9
08/17/26 01:19:36 Node P_W15_HH_M1_A07_S1 job proc (6053333.0.0) completed successfully.
08/17/26 01:19:36 Node P_W15_HH_M1_A07_S1 job(s) have exited the queue
08/17/26 01:19:36 Event: ULOG_JOB_TERMINATED for HTCondor Node P_W15_HH_M2_A10_S7 (6053347.0.0) {08/17/26 01:19:32}
08/17/26 01:19:36 Number of idle job procs: 9
08/17/26 01:19:36 Node P_W15_HH_M2_A10_S7 job proc (6053347.0.0) completed successfully.
08/17/26 01:19:36 Node P_W15_HH_M2_A10_S7 job(s) have exited the queue
08/17/26 01:19:36 Event: ULOG_EXECUTE for HTCondor Node C_W15_HH_M2_A10_S2_F2 (6053367.0.0) {08/17/26 01:19:33}
08/17/26 01:19:36 Number of idle job procs: 8
08/17/26 01:19:36 Event: ULOG_EXECUTE for HTCondor Node C_W15_HI_M2_A10_S6_F2 (6053366.0.0) {08/17/26 01:19:33}
08/17/26 01:19:36 Number of idle job procs: 7
08/17/26 01:19:36 Event: ULOG_EXECUTE for HTCondor Node C_W15_II_M2_A10_S1_F2 (6053365.0.0) {08/17/26 01:19:33}
08/17/26 01:19:36 Number of idle job procs: 6
08/17/26 01:19:36 Event: ULOG_EXECUTE for HTCondor Node C_W15_HH_M1_A07_S5_F0 (6053369.0.0) {08/17/26 01:19:33}
08/17/26 01:19:36 Number of idle job procs: 5
08/17/26 01:19:37 Event: ULOG_EXECUTE for HTCondor Node C_W15_IH_M2_A10_S3_F2 (6053368.0.0) {08/17/26 01:19:33}
08/17/26 01:19:37 Number of idle job procs: 4
08/17/26 01:19:37 Event: ULOG_EXECUTE for HTCondor Node C_W15_HI_M2_A10_S4_F2 (6053370.0.0) {08/17/26 01:19:33}
08/17/26 01:19:37 Number of idle job procs: 3
08/17/26 01:19:37 Event: ULOG_JOB_TERMINATED for HTCondor Node P_W15_HH_M2_A10_S0 (6053340.0.0) {08/17/26 01:19:33}
08/17/26 01:19:37 Number of idle job procs: 3
08/17/26 01:19:37 Node P_W15_HH_M2_A10_S0 job proc (6053340.0.0) completed successfully.
08/17/26 01:19:37 Node P_W15_HH_M2_A10_S0 job(s) have exited the queue
08/17/26 01:19:37 Event: ULOG_EXECUTE for HTCondor Node C_W15_HH_M2_A10_S5_F2 (6053373.0.0) {08/17/26 01:19:34}
08/17/26 01:19:37 Number of idle job procs: 2
08/17/26 01:19:37 Event: ULOG_EXECUTE for HTCondor Node C_W15_LI_M2_A10_S5_F2 (6053372.0.0) {08/17/26 01:19:34}
08/17/26 01:19:37 Number of idle job procs: 1
08/17/26 01:19:37 Event: ULOG_JOB_TERMINATED for HTCondor Node P_W15_IH_M2_A10_S4 (6053272.0.0) {08/17/26 01:19:34}
08/17/26 01:19:37 Number of idle job procs: 1
08/17/26 01:19:37 Node P_W15_IH_M2_A10_S4 job proc (6053272.0.0) completed successfully.
08/17/26 01:19:37 Node P_W15_IH_M2_A10_S4 job(s) have exited the queue
08/17/26 01:19:37 Event: ULOG_EXECUTE for HTCondor Node C_W15_HI_M2_A10_S1_F2 (6053371.0.0) {08/17/26 01:19:35}
08/17/26 01:19:37 Number of idle job procs: 0
08/17/26 01:19:37 Reassigning the id of job C_W15_HH_M1_A07_S0_F0 from (6053374.0.0) to (6053374.0.0)
08/17/26 01:19:37 Event: ULOG_SUBMIT for HTCondor Node C_W15_HH_M1_A07_S0_F0 (6053374.0.0) {08/17/26 01:19:36}
08/17/26 01:19:37 Number of idle job procs: 1
08/17/26 01:19:37 Reassigning the id of job C_W15_HI_M2_A10_S7_F2 from (6053375.0.0) to (6053375.0.0)
08/17/26 01:19:37 Event: ULOG_SUBMIT for HTCondor Node C_W15_HI_M2_A10_S7_F2 (6053375.0.0) {08/17/26 01:19:36}
08/17/26 01:19:37 Number of idle job procs: 2
08/17/26 01:19:37 Reassigning the id of job C_W15_HH_M2_A10_S1_F2 from (6053376.0.0) to (6053376.0.0)
08/17/26 01:19:37 Event: ULOG_SUBMIT for HTCondor Node C_W15_HH_M2_A10_S1_F2 (6053376.0.0) {08/17/26 01:19:36}
08/17/26 01:19:37 Number of idle job procs: 3
08/17/26 01:19:37 Reassigning the id of job C_W15_HH_M2_A10_S3_F2 from (6053377.0.0) to (6053377.0.0)
08/17/26 01:19:37 Event: ULOG_SUBMIT for HTCondor Node C_W15_HH_M2_A10_S3_F2 (6053377.0.0) {08/17/26 01:19:36}
08/17/26 01:19:37 Number of idle job procs: 4
08/17/26 01:19:37 Reassigning the id of job C_W15_HH_M1_A07_S3_F0 from (6053378.0.0) to (6053378.0.0)
08/17/26 01:19:37 Event: ULOG_SUBMIT for HTCondor Node C_W15_HH_M1_A07_S3_F0 (6053378.0.0) {08/17/26 01:19:36}
08/17/26 01:19:37 Number of idle job procs: 5
08/17/26 01:19:37 Reassigning the id of job C_W15_IH_M2_A10_S5_F2 from (6053379.0.0) to (6053379.0.0)
08/17/26 01:19:37 Event: ULOG_SUBMIT for HTCondor Node C_W15_IH_M2_A10_S5_F2 (6053379.0.0) {08/17/26 01:19:36}
08/17/26 01:19:37 Number of idle job procs: 6
08/17/26 01:19:37 Reassigning the id of job C_W15_HH_M1_A07_S6_F0 from (6053380.0.0) to (6053380.0.0)
08/17/26 01:19:37 Event: ULOG_SUBMIT for HTCondor Node C_W15_HH_M1_A07_S6_F0 (6053380.0.0) {08/17/26 01:19:36}
08/17/26 01:19:37 Number of idle job procs: 7
08/17/26 01:19:37 Event: ULOG_JOB_TERMINATED for HTCondor Node P_W15_HH_M1_A07_S7 (6053339.0.0) {08/17/26 01:19:36}
08/17/26 01:19:37 Number of idle job procs: 7
08/17/26 01:19:37 Node P_W15_HH_M1_A07_S7 job proc (6053339.0.0) completed successfully.
08/17/26 01:19:37 Node P_W15_HH_M1_A07_S7 job(s) have exited the queue
08/17/26 01:19:37 Event: ULOG_JOB_TERMINATED for HTCondor Node P_W15_IL_M2_A10_S0 (6053220.0.0) {08/17/26 01:19:37}
08/17/26 01:19:37 Number of idle job procs: 7
08/17/26 01:19:37 Node P_W15_IL_M2_A10_S0 job proc (6053220.0.0) completed successfully.
08/17/26 01:19:37 Node P_W15_IL_M2_A10_S0 job(s) have exited the queue
08/17/26 01:19:37 DAG status: 0 (DAG_STATUS_OK)
08/17/26 01:19:37 Of 432 nodes total:
08/17/26 01:19:37  Done     Pre   Queued    Post   Ready   Un-Ready   Failed   Futile
08/17/26 01:19:37   ===     ===      ===     ===     ===        ===      ===      ===
08/17/26 01:19:37    42       0      207       0       9        174        0        0
08/17/26 01:19:37 0 job proc(s) currently held
08/17/26 01:19:37 DAGMan Runtime Statistics: [EventCycleTimeAvg=1.111; EventCycleTimeMax=20.234; EventCycleTimeMin=0.000; EventCycleTimeStd=3.300; EventCycleTimeSum=48.883; SleepCycleTimeAvg=5.005; SleepCycleTimeMax=5.015; SleepCycleTimeMin=5.000; SleepCycleTimeStd=0.002; SleepCycleTimeSum=220.214; SubmitCycleTimeAvg=0.152; SubmitCycleTimeMax=2.749; SubmitCycleTimeMin=0.000; SubmitCycleTimeStd=0.495; SubmitCycleTimeSum=6.846; EventCycleTimeCount=44.000; SleepCycleTimeCount=44.000; SubmitCycleTimeCount=45.000; LogProcessCycleTimeAvg=2.024; LogProcessCycleTimeMax=20.234; LogProcessCycleTimeMin=0.009; LogProcessCycleTimeStd=4.468; LogProcessCycleTimeSum=42.513; LogProcessCycleTimeCount=21.000; ]
08/17/26 01:19:42 Submitting HTCondor Node C_W15_IH_M2_A10_S1_F2 job(s)...
08/17/26 01:19:42 Submitting node C_W15_IH_M2_A10_S1_F2 from file /afs/cern.ch/user/c/cglenn/FCCWork/whizard/whizard_ttbar_spinpol/phase11_diagnostics/excess_weight_rootcause_v1/ttbar_restricted_region_suite_v1/regions/submissions/20260816T231425Z_U9region_core_W15_S8_np1_v1p0p1/region_child.sub using direct job submission
08/17/26 01:19:42 	assigned HTCondor ID (6053381.0.0)
08/17/26 01:19:42 Submitting HTCondor Node C_W15_II_M2_A10_S7_F2 job(s)...
08/17/26 01:19:42 Submitting node C_W15_II_M2_A10_S7_F2 from file /afs/cern.ch/user/c/cglenn/FCCWork/whizard/whizard_ttbar_spinpol/phase11_diagnostics/excess_weight_rootcause_v1/ttbar_restricted_region_suite_v1/regions/submissions/20260816T231425Z_U9region_core_W15_S8_np1_v1p0p1/region_child.sub using direct job submission
08/17/26 01:19:42 	assigned HTCondor ID (6053382.0.0)
08/17/26 01:19:42 Submitting HTCondor Node C_W15_HH_M2_A10_S4_F2 job(s)...
08/17/26 01:19:42 Submitting node C_W15_HH_M2_A10_S4_F2 from file /afs/cern.ch/user/c/cglenn/FCCWork/whizard/whizard_ttbar_spinpol/phase11_diagnostics/excess_weight_rootcause_v1/ttbar_restricted_region_suite_v1/regions/submissions/20260816T231425Z_U9region_core_W15_S8_np1_v1p0p1/region_child.sub using direct job submission
08/17/26 01:19:42 	assigned HTCondor ID (6053383.0.0)
08/17/26 01:19:42 Submitting HTCondor Node C_W15_HH_M1_A07_S1_F0 job(s)...
08/17/26 01:19:42 Submitting node C_W15_HH_M1_A07_S1_F0 from file /afs/cern.ch/user/c/cglenn/FCCWork/whizard/whizard_ttbar_spinpol/phase11_diagnostics/excess_weight_rootcause_v1/ttbar_restricted_region_suite_v1/regions/submissions/20260816T231425Z_U9region_core_W15_S8_np1_v1p0p1/region_child.sub using direct job submission
08/17/26 01:19:42 	assigned HTCondor ID (6053384.0.0)
08/17/26 01:19:42 Submitting HTCondor Node C_W15_HH_M2_A10_S7_F2 job(s)...
08/17/26 01:19:42 Submitting node C_W15_HH_M2_A10_S7_F2 from file /afs/cern.ch/user/c/cglenn/FCCWork/whizard/whizard_ttbar_spinpol/phase11_diagnostics/excess_weight_rootcause_v1/ttbar_restricted_region_suite_v1/regions/submissions/20260816T231425Z_U9region_core_W15_S8_np1_v1p0p1/region_child.sub using direct job submission
08/17/26 01:19:42 	assigned HTCondor ID (6053385.0.0)
08/17/26 01:19:42 Submitting HTCondor Node C_W15_HH_M2_A10_S0_F2 job(s)...
08/17/26 01:19:42 Submitting node C_W15_HH_M2_A10_S0_F2 from file /afs/cern.ch/user/c/cglenn/FCCWork/whizard/whizard_ttbar_spinpol/phase11_diagnostics/excess_weight_rootcause_v1/ttbar_restricted_region_suite_v1/regions/submissions/20260816T231425Z_U9region_core_W15_S8_np1_v1p0p1/region_child.sub using direct job submission
08/17/26 01:19:42 	assigned HTCondor ID (6053386.0.0)
08/17/26 01:19:42 Submitting HTCondor Node C_W15_IH_M2_A10_S4_F2 job(s)...
08/17/26 01:19:42 Submitting node C_W15_IH_M2_A10_S4_F2 from file /afs/cern.ch/user/c/cglenn/FCCWork/whizard/whizard_ttbar_spinpol/phase11_diagnostics/excess_weight_rootcause_v1/ttbar_restricted_region_suite_v1/regions/submissions/20260816T231425Z_U9region_core_W15_S8_np1_v1p0p1/region_child.sub using direct job submission
08/17/26 01:19:42 	assigned HTCondor ID (6053387.0.0)
08/17/26 01:19:42 Submitting HTCondor Node C_W15_HH_M1_A07_S7_F0 job(s)...
08/17/26 01:19:42 Submitting node C_W15_HH_M1_A07_S7_F0 from file /afs/cern.ch/user/c/cglenn/FCCWork/whizard/whizard_ttbar_spinpol/phase11_diagnostics/excess_weight_rootcause_v1/ttbar_restricted_region_suite_v1/regions/submissions/20260816T231425Z_U9region_core_W15_S8_np1_v1p0p1/region_child.sub using direct job submission
08/17/26 01:19:43 	assigned HTCondor ID (6053388.0.0)
08/17/26 01:19:43 Submitting HTCondor Node C_W15_IL_M2_A10_S0_F2 job(s)...
08/17/26 01:19:43 Submitting node C_W15_IL_M2_A10_S0_F2 from file /afs/cern.ch/user/c/cglenn/FCCWork/whizard/whizard_ttbar_spinpol/phase11_diagnostics/excess_weight_rootcause_v1/ttbar_restricted_region_suite_v1/regions/submissions/20260816T231425Z_U9region_core_W15_S8_np1_v1p0p1/region_child.sub using direct job submission
08/17/26 01:19:43 	assigned HTCondor ID (6053389.0.0)
08/17/26 01:19:43 Just submitted 9 jobs this cycle...
08/17/26 01:19:43 Currently monitoring 1 HTCondor log file(s)
08/17/26 01:19:43 Event: ULOG_EXECUTE for HTCondor Node C_W15_HI_M2_A10_S7_F2 (6053375.0.0) {08/17/26 01:19:38}
08/17/26 01:19:43 Number of idle job procs: 6
08/17/26 01:19:43 Event: ULOG_JOB_TERMINATED for HTCondor Node P_W15_LI_M2_A10_S0 (6053172.0.0) {08/17/26 01:19:38}
08/17/26 01:19:43 Number of idle job procs: 6
08/17/26 01:19:43 Node P_W15_LI_M2_A10_S0 job proc (6053172.0.0) completed successfully.
08/17/26 01:19:43 Node P_W15_LI_M2_A10_S0 job(s) have exited the queue
08/17/26 01:19:43 Event: ULOG_EXECUTE for HTCondor Node C_W15_HH_M1_A07_S0_F0 (6053374.0.0) {08/17/26 01:19:38}
08/17/26 01:19:43 Number of idle job procs: 5
08/17/26 01:19:43 Event: ULOG_EXECUTE for HTCondor Node C_W15_HH_M2_A10_S3_F2 (6053377.0.0) {08/17/26 01:19:38}
08/17/26 01:19:43 Number of idle job procs: 4
08/17/26 01:19:43 Event: ULOG_EXECUTE for HTCondor Node C_W15_HH_M2_A10_S1_F2 (6053376.0.0) {08/17/26 01:19:38}
08/17/26 01:19:43 Number of idle job procs: 3
08/17/26 01:19:43 Event: ULOG_EXECUTE for HTCondor Node C_W15_HH_M1_A07_S3_F0 (6053378.0.0) {08/17/26 01:19:38}
08/17/26 01:19:43 Number of idle job procs: 2
08/17/26 01:19:43 Event: ULOG_JOB_TERMINATED for HTCondor Node P_W15_II_M2_A10_S5 (6053249.0.0) {08/17/26 01:19:38}
08/17/26 01:19:43 Number of idle job procs: 2
08/17/26 01:19:43 Node P_W15_II_M2_A10_S5 job proc (6053249.0.0) completed successfully.
08/17/26 01:19:43 Node P_W15_II_M2_A10_S5 job(s) have exited the queue
08/17/26 01:19:43 Event: ULOG_JOB_TERMINATED for HTCondor Node P_W15_IH_M2_A10_S6 (6053274.0.0) {08/17/26 01:19:38}
08/17/26 01:19:43 Number of idle job procs: 2
08/17/26 01:19:43 Node P_W15_IH_M2_A10_S6 job proc (6053274.0.0) completed successfully.
08/17/26 01:19:43 Node P_W15_IH_M2_A10_S6 job(s) have exited the queue
08/17/26 01:19:43 Event: ULOG_EXECUTE for HTCondor Node C_W15_HH_M1_A07_S6_F0 (6053380.0.0) {08/17/26 01:19:39}
08/17/26 01:19:43 Number of idle job procs: 1
08/17/26 01:19:43 Event: ULOG_EXECUTE for HTCondor Node C_W15_IH_M2_A10_S5_F2 (6053379.0.0) {08/17/26 01:19:39}
08/17/26 01:19:43 Number of idle job procs: 0
08/17/26 01:19:43 Event: ULOG_JOB_TERMINATED for HTCondor Node P_W15_HH_M1_A07_S4 (6053336.0.0) {08/17/26 01:19:39}
08/17/26 01:19:43 Number of idle job procs: 0
08/17/26 01:19:43 Node P_W15_HH_M1_A07_S4 job proc (6053336.0.0) completed successfully.
08/17/26 01:19:43 Node P_W15_HH_M1_A07_S4 job(s) have exited the queue
08/17/26 01:19:43 Event: ULOG_JOB_TERMINATED for HTCondor Node P_W15_HH_M1_A07_S2 (6053334.0.0) {08/17/26 01:19:41}
08/17/26 01:19:43 Number of idle job procs: 0
08/17/26 01:19:43 Node P_W15_HH_M1_A07_S2 job proc (6053334.0.0) completed successfully.
08/17/26 01:19:43 Node P_W15_HH_M1_A07_S2 job(s) have exited the queue
08/17/26 01:19:43 Event: ULOG_JOB_TERMINATED for HTCondor Node P_W15_II_M2_A10_S6 (6053250.0.0) {08/17/26 01:19:41}
08/17/26 01:19:43 Number of idle job procs: 0
08/17/26 01:19:43 Node P_W15_II_M2_A10_S6 job proc (6053250.0.0) completed successfully.
08/17/26 01:19:43 Node P_W15_II_M2_A10_S6 job(s) have exited the queue
08/17/26 01:19:43 Reassigning the id of job C_W15_IH_M2_A10_S1_F2 from (6053381.0.0) to (6053381.0.0)
08/17/26 01:19:43 Event: ULOG_SUBMIT for HTCondor Node C_W15_IH_M2_A10_S1_F2 (6053381.0.0) {08/17/26 01:19:42}
08/17/26 01:19:43 Number of idle job procs: 1
08/17/26 01:19:43 Reassigning the id of job C_W15_II_M2_A10_S7_F2 from (6053382.0.0) to (6053382.0.0)
08/17/26 01:19:43 Event: ULOG_SUBMIT for HTCondor Node C_W15_II_M2_A10_S7_F2 (6053382.0.0) {08/17/26 01:19:42}
08/17/26 01:19:43 Number of idle job procs: 2
08/17/26 01:19:43 Reassigning the id of job C_W15_HH_M2_A10_S4_F2 from (6053383.0.0) to (6053383.0.0)
08/17/26 01:19:43 Event: ULOG_SUBMIT for HTCondor Node C_W15_HH_M2_A10_S4_F2 (6053383.0.0) {08/17/26 01:19:42}
08/17/26 01:19:43 Number of idle job procs: 3
08/17/26 01:19:43 Reassigning the id of job C_W15_HH_M1_A07_S1_F0 from (6053384.0.0) to (6053384.0.0)
08/17/26 01:19:43 Event: ULOG_SUBMIT for HTCondor Node C_W15_HH_M1_A07_S1_F0 (6053384.0.0) {08/17/26 01:19:42}
08/17/26 01:19:43 Number of idle job procs: 4
08/17/26 01:19:43 Reassigning the id of job C_W15_HH_M2_A10_S7_F2 from (6053385.0.0) to (6053385.0.0)
08/17/26 01:19:43 Event: ULOG_SUBMIT for HTCondor Node C_W15_HH_M2_A10_S7_F2 (6053385.0.0) {08/17/26 01:19:42}
08/17/26 01:19:43 Number of idle job procs: 5
08/17/26 01:19:43 Reassigning the id of job C_W15_HH_M2_A10_S0_F2 from (6053386.0.0) to (6053386.0.0)
08/17/26 01:19:43 Event: ULOG_SUBMIT for HTCondor Node C_W15_HH_M2_A10_S0_F2 (6053386.0.0) {08/17/26 01:19:42}
08/17/26 01:19:43 Number of idle job procs: 6
08/17/26 01:19:43 Reassigning the id of job C_W15_IH_M2_A10_S4_F2 from (6053387.0.0) to (6053387.0.0)
08/17/26 01:19:43 Event: ULOG_SUBMIT for HTCondor Node C_W15_IH_M2_A10_S4_F2 (6053387.0.0) {08/17/26 01:19:42}
08/17/26 01:19:43 Number of idle job procs: 7
08/17/26 01:19:43 Reassigning the id of job C_W15_HH_M1_A07_S7_F0 from (6053388.0.0) to (6053388.0.0)
08/17/26 01:19:43 Event: ULOG_SUBMIT for HTCondor Node C_W15_HH_M1_A07_S7_F0 (6053388.0.0) {08/17/26 01:19:43}
08/17/26 01:19:43 Number of idle job procs: 8
08/17/26 01:19:43 Reassigning the id of job C_W15_IL_M2_A10_S0_F2 from (6053389.0.0) to (6053389.0.0)
08/17/26 01:19:43 Event: ULOG_SUBMIT for HTCondor Node C_W15_IL_M2_A10_S0_F2 (6053389.0.0) {08/17/26 01:19:43}
08/17/26 01:19:43 Number of idle job procs: 9
08/17/26 01:19:43 Event: ULOG_JOB_TERMINATED for HTCondor Node P_W15_HI_M2_A10_S0 (6053316.0.0) {08/17/26 01:19:43}
08/17/26 01:19:43 Number of idle job procs: 9
08/17/26 01:19:43 Node P_W15_HI_M2_A10_S0 job proc (6053316.0.0) completed successfully.
08/17/26 01:19:43 Node P_W15_HI_M2_A10_S0 job(s) have exited the queue
08/17/26 01:19:43 DAG status: 0 (DAG_STATUS_OK)
08/17/26 01:19:43 Of 432 nodes total:
08/17/26 01:19:43  Done     Pre   Queued    Post   Ready   Un-Ready   Failed   Futile
08/17/26 01:19:43   ===     ===      ===     ===     ===        ===      ===      ===
08/17/26 01:19:43    49       0      209       0       7        167        0        0
08/17/26 01:19:44 0 job proc(s) currently held
08/17/26 01:19:44 DAGMan Runtime Statistics: [EventCycleTimeAvg=1.116; EventCycleTimeMax=20.234; EventCycleTimeMin=0.000; EventCycleTimeStd=3.263; EventCycleTimeSum=50.205; SleepCycleTimeAvg=5.005; SleepCycleTimeMax=5.015; SleepCycleTimeMin=5.000; SleepCycleTimeStd=0.002; SleepCycleTimeSum=225.219; SubmitCycleTimeAvg=0.159; SubmitCycleTimeMax=2.749; SubmitCycleTimeMin=0.000; SubmitCycleTimeStd=0.492; SubmitCycleTimeSum=7.324; EventCycleTimeCount=45.000; SleepCycleTimeCount=45.000; SubmitCycleTimeCount=46.000; LogProcessCycleTimeAvg=1.970; LogProcessCycleTimeMax=20.234; LogProcessCycleTimeMin=0.009; LogProcessCycleTimeStd=4.368; LogProcessCycleTimeSum=43.346; LogProcessCycleTimeCount=22.000; ]
08/17/26 01:19:49 Submitting HTCondor Node C_W15_LI_M2_A10_S0_F2 job(s)...
08/17/26 01:19:49 Submitting node C_W15_LI_M2_A10_S0_F2 from file /afs/cern.ch/user/c/cglenn/FCCWork/whizard/whizard_ttbar_spinpol/phase11_diagnostics/excess_weight_rootcause_v1/ttbar_restricted_region_suite_v1/regions/submissions/20260816T231425Z_U9region_core_W15_S8_np1_v1p0p1/region_child.sub using direct job submission
08/17/26 01:19:49 	assigned HTCondor ID (6053390.0.0)
08/17/26 01:19:49 Submitting HTCondor Node C_W15_II_M2_A10_S5_F2 job(s)...
08/17/26 01:19:49 Submitting node C_W15_II_M2_A10_S5_F2 from file /afs/cern.ch/user/c/cglenn/FCCWork/whizard/whizard_ttbar_spinpol/phase11_diagnostics/excess_weight_rootcause_v1/ttbar_restricted_region_suite_v1/regions/submissions/20260816T231425Z_U9region_core_W15_S8_np1_v1p0p1/region_child.sub using direct job submission
08/17/26 01:19:49 	assigned HTCondor ID (6053391.0.0)
08/17/26 01:19:49 Submitting HTCondor Node C_W15_IH_M2_A10_S6_F2 job(s)...
08/17/26 01:19:49 Submitting node C_W15_IH_M2_A10_S6_F2 from file /afs/cern.ch/user/c/cglenn/FCCWork/whizard/whizard_ttbar_spinpol/phase11_diagnostics/excess_weight_rootcause_v1/ttbar_restricted_region_suite_v1/regions/submissions/20260816T231425Z_U9region_core_W15_S8_np1_v1p0p1/region_child.sub using direct job submission
08/17/26 01:19:49 	assigned HTCondor ID (6053392.0.0)
08/17/26 01:19:49 Submitting HTCondor Node C_W15_HH_M1_A07_S4_F0 job(s)...
08/17/26 01:19:49 Submitting node C_W15_HH_M1_A07_S4_F0 from file /afs/cern.ch/user/c/cglenn/FCCWork/whizard/whizard_ttbar_spinpol/phase11_diagnostics/excess_weight_rootcause_v1/ttbar_restricted_region_suite_v1/regions/submissions/20260816T231425Z_U9region_core_W15_S8_np1_v1p0p1/region_child.sub using direct job submission
08/17/26 01:19:49 	assigned HTCondor ID (6053393.0.0)
08/17/26 01:19:49 Submitting HTCondor Node C_W15_HH_M1_A07_S2_F0 job(s)...
08/17/26 01:19:49 Submitting node C_W15_HH_M1_A07_S2_F0 from file /afs/cern.ch/user/c/cglenn/FCCWork/whizard/whizard_ttbar_spinpol/phase11_diagnostics/excess_weight_rootcause_v1/ttbar_restricted_region_suite_v1/regions/submissions/20260816T231425Z_U9region_core_W15_S8_np1_v1p0p1/region_child.sub using direct job submission
08/17/26 01:19:49 	assigned HTCondor ID (6053394.0.0)
08/17/26 01:19:49 Submitting HTCondor Node C_W15_II_M2_A10_S6_F2 job(s)...
08/17/26 01:19:49 Submitting node C_W15_II_M2_A10_S6_F2 from file /afs/cern.ch/user/c/cglenn/FCCWork/whizard/whizard_ttbar_spinpol/phase11_diagnostics/excess_weight_rootcause_v1/ttbar_restricted_region_suite_v1/regions/submissions/20260816T231425Z_U9region_core_W15_S8_np1_v1p0p1/region_child.sub using direct job submission
08/17/26 01:19:49 	assigned HTCondor ID (6053395.0.0)
08/17/26 01:19:49 Submitting HTCondor Node C_W15_HI_M2_A10_S0_F2 job(s)...
08/17/26 01:19:49 Submitting node C_W15_HI_M2_A10_S0_F2 from file /afs/cern.ch/user/c/cglenn/FCCWork/whizard/whizard_ttbar_spinpol/phase11_diagnostics/excess_weight_rootcause_v1/ttbar_restricted_region_suite_v1/regions/submissions/20260816T231425Z_U9region_core_W15_S8_np1_v1p0p1/region_child.sub using direct job submission
08/17/26 01:19:49 	assigned HTCondor ID (6053396.0.0)
08/17/26 01:19:49 Just submitted 7 jobs this cycle...
08/17/26 01:19:49 Currently monitoring 1 HTCondor log file(s)
08/17/26 01:19:49 Event: ULOG_EXECUTE for HTCondor Node C_W15_IH_M2_A10_S1_F2 (6053381.0.0) {08/17/26 01:19:44}
08/17/26 01:19:49 Number of idle job procs: 8
08/17/26 01:19:49 Event: ULOG_EXECUTE for HTCondor Node C_W15_II_M2_A10_S7_F2 (6053382.0.0) {08/17/26 01:19:45}
08/17/26 01:19:49 Number of idle job procs: 7
08/17/26 01:19:49 Event: ULOG_EXECUTE for HTCondor Node C_W15_HH_M2_A10_S4_F2 (6053383.0.0) {08/17/26 01:19:45}
08/17/26 01:19:49 Number of idle job procs: 6
08/17/26 01:19:49 Event: ULOG_EXECUTE for HTCondor Node C_W15_HH_M1_A07_S1_F0 (6053384.0.0) {08/17/26 01:19:45}
08/17/26 01:19:49 Number of idle job procs: 5
08/17/26 01:19:49 Event: ULOG_JOB_TERMINATED for HTCondor Node P_W15_LI_M2_A10_S1 (6053173.0.0) {08/17/26 01:19:46}
08/17/26 01:19:49 Number of idle job procs: 5
08/17/26 01:19:49 Node P_W15_LI_M2_A10_S1 job proc (6053173.0.0) completed successfully.
08/17/26 01:19:49 Node P_W15_LI_M2_A10_S1 job(s) have exited the queue
08/17/26 01:19:49 Event: ULOG_EXECUTE for HTCondor Node C_W15_HH_M2_A10_S0_F2 (6053386.0.0) {08/17/26 01:19:46}
08/17/26 01:19:49 Number of idle job procs: 4
08/17/26 01:19:49 Event: ULOG_EXECUTE for HTCondor Node C_W15_HH_M2_A10_S7_F2 (6053385.0.0) {08/17/26 01:19:46}
08/17/26 01:19:49 Number of idle job procs: 3
08/17/26 01:19:49 Event: ULOG_EXECUTE for HTCondor Node C_W15_IH_M2_A10_S4_F2 (6053387.0.0) {08/17/26 01:19:46}
08/17/26 01:19:49 Number of idle job procs: 2
08/17/26 01:19:49 Event: ULOG_JOB_TERMINATED for HTCondor Node C_W15_HH_M0_A00_S3_F0 (6053353.0.0) {08/17/26 01:19:47}
08/17/26 01:19:49 Number of idle job procs: 2
08/17/26 01:19:49 Node C_W15_HH_M0_A00_S3_F0 job proc (6053353.0.0) completed successfully.
08/17/26 01:19:49 Node C_W15_HH_M0_A00_S3_F0 job(s) have exited the queue
08/17/26 01:19:49 Event: ULOG_EXECUTE for HTCondor Node C_W15_HH_M1_A07_S7_F0 (6053388.0.0) {08/17/26 01:19:47}
08/17/26 01:19:49 Number of idle job procs: 1
08/17/26 01:19:49 Event: ULOG_JOB_TERMINATED for HTCondor Node P_W15_IL_M2_A10_S2 (6053222.0.0) {08/17/26 01:19:47}
08/17/26 01:19:49 Number of idle job procs: 1
08/17/26 01:19:49 Node P_W15_IL_M2_A10_S2 job proc (6053222.0.0) completed successfully.
08/17/26 01:19:49 Node P_W15_IL_M2_A10_S2 job(s) have exited the queue
08/17/26 01:19:49 Event: ULOG_EXECUTE for HTCondor Node C_W15_IL_M2_A10_S0_F2 (6053389.0.0) {08/17/26 01:19:48}
08/17/26 01:19:49 Number of idle job procs: 0
08/17/26 01:19:49 Reassigning the id of job C_W15_LI_M2_A10_S0_F2 from (6053390.0.0) to (6053390.0.0)
08/17/26 01:19:49 Event: ULOG_SUBMIT for HTCondor Node C_W15_LI_M2_A10_S0_F2 (6053390.0.0) {08/17/26 01:19:49}
08/17/26 01:19:49 Number of idle job procs: 1
08/17/26 01:19:49 Reassigning the id of job C_W15_II_M2_A10_S5_F2 from (6053391.0.0) to (6053391.0.0)
08/17/26 01:19:49 Event: ULOG_SUBMIT for HTCondor Node C_W15_II_M2_A10_S5_F2 (6053391.0.0) {08/17/26 01:19:49}
08/17/26 01:19:49 Number of idle job procs: 2
08/17/26 01:19:49 Reassigning the id of job C_W15_IH_M2_A10_S6_F2 from (6053392.0.0) to (6053392.0.0)
08/17/26 01:19:49 Event: ULOG_SUBMIT for HTCondor Node C_W15_IH_M2_A10_S6_F2 (6053392.0.0) {08/17/26 01:19:49}
08/17/26 01:19:49 Number of idle job procs: 3
08/17/26 01:19:49 Reassigning the id of job C_W15_HH_M1_A07_S4_F0 from (6053393.0.0) to (6053393.0.0)
08/17/26 01:19:49 Event: ULOG_SUBMIT for HTCondor Node C_W15_HH_M1_A07_S4_F0 (6053393.0.0) {08/17/26 01:19:49}
08/17/26 01:19:49 Number of idle job procs: 4
08/17/26 01:19:49 Reassigning the id of job C_W15_HH_M1_A07_S2_F0 from (6053394.0.0) to (6053394.0.0)
08/17/26 01:19:49 Event: ULOG_SUBMIT for HTCondor Node C_W15_HH_M1_A07_S2_F0 (6053394.0.0) {08/17/26 01:19:49}
08/17/26 01:19:49 Number of idle job procs: 5
08/17/26 01:19:49 Reassigning the id of job C_W15_II_M2_A10_S6_F2 from (6053395.0.0) to (6053395.0.0)
08/17/26 01:19:49 Event: ULOG_SUBMIT for HTCondor Node C_W15_II_M2_A10_S6_F2 (6053395.0.0) {08/17/26 01:19:49}
08/17/26 01:19:49 Number of idle job procs: 6
08/17/26 01:19:49 Reassigning the id of job C_W15_HI_M2_A10_S0_F2 from (6053396.0.0) to (6053396.0.0)
08/17/26 01:19:49 Event: ULOG_SUBMIT for HTCondor Node C_W15_HI_M2_A10_S0_F2 (6053396.0.0) {08/17/26 01:19:49}
08/17/26 01:19:49 Number of idle job procs: 7
08/17/26 01:19:49 DAG status: 0 (DAG_STATUS_OK)
08/17/26 01:19:49 Of 432 nodes total:
08/17/26 01:19:49  Done     Pre   Queued    Post   Ready   Un-Ready   Failed   Futile
08/17/26 01:19:49   ===     ===      ===     ===     ===        ===      ===      ===
08/17/26 01:19:49    52       0      213       0       2        165        0        0
08/17/26 01:19:49 0 job proc(s) currently held
08/17/26 01:19:49 DAGMan Runtime Statistics: [EventCycleTimeAvg=1.122; EventCycleTimeMax=20.234; EventCycleTimeMin=0.000; EventCycleTimeStd=3.227; EventCycleTimeSum=51.620; SleepCycleTimeAvg=5.005; SleepCycleTimeMax=5.015; SleepCycleTimeMin=5.000; SleepCycleTimeStd=0.002; SleepCycleTimeSum=230.225; SubmitCycleTimeAvg=0.163; SubmitCycleTimeMax=2.749; SubmitCycleTimeMin=0.000; SubmitCycleTimeStd=0.487; SubmitCycleTimeSum=7.647; EventCycleTimeCount=46.000; SleepCycleTimeCount=46.000; SubmitCycleTimeCount=47.000; LogProcessCycleTimeAvg=1.886; LogProcessCycleTimeMax=20.234; LogProcessCycleTimeMin=0.009; LogProcessCycleTimeStd=4.286; LogProcessCycleTimeSum=43.389; LogProcessCycleTimeCount=23.000; ]
08/17/26 01:19:54 Submitting HTCondor Node C_W15_LI_M2_A10_S1_F2 job(s)...
08/17/26 01:19:54 Submitting node C_W15_LI_M2_A10_S1_F2 from file /afs/cern.ch/user/c/cglenn/FCCWork/whizard/whizard_ttbar_spinpol/phase11_diagnostics/excess_weight_rootcause_v1/ttbar_restricted_region_suite_v1/regions/submissions/20260816T231425Z_U9region_core_W15_S8_np1_v1p0p1/region_child.sub using direct job submission
08/17/26 01:19:54 	assigned HTCondor ID (6053397.0.0)
08/17/26 01:19:54 Submitting HTCondor Node C_W15_IL_M2_A10_S2_F2 job(s)...
08/17/26 01:19:54 Submitting node C_W15_IL_M2_A10_S2_F2 from file /afs/cern.ch/user/c/cglenn/FCCWork/whizard/whizard_ttbar_spinpol/phase11_diagnostics/excess_weight_rootcause_v1/ttbar_restricted_region_suite_v1/regions/submissions/20260816T231425Z_U9region_core_W15_S8_np1_v1p0p1/region_child.sub using direct job submission
08/17/26 01:19:54 	assigned HTCondor ID (6053398.0.0)
08/17/26 01:19:54 Just submitted 2 jobs this cycle...
08/17/26 01:19:54 Currently monitoring 1 HTCondor log file(s)
08/17/26 01:19:54 Event: ULOG_JOB_TERMINATED for HTCondor Node C_W15_HH_M0_A00_S2_F0 (6053352.0.0) {08/17/26 01:19:50}
08/17/26 01:19:54 Number of idle job procs: 7
08/17/26 01:19:54 Node C_W15_HH_M0_A00_S2_F0 job proc (6053352.0.0) completed successfully.
08/17/26 01:19:54 Node C_W15_HH_M0_A00_S2_F0 job(s) have exited the queue
08/17/26 01:19:54 Event: ULOG_EXECUTE for HTCondor Node C_W15_II_M2_A10_S5_F2 (6053391.0.0) {08/17/26 01:19:51}
08/17/26 01:19:54 Number of idle job procs: 6
08/17/26 01:19:54 Event: ULOG_EXECUTE for HTCondor Node C_W15_IH_M2_A10_S6_F2 (6053392.0.0) {08/17/26 01:19:51}
08/17/26 01:19:54 Number of idle job procs: 5
08/17/26 01:19:54 Event: ULOG_EXECUTE for HTCondor Node C_W15_LI_M2_A10_S0_F2 (6053390.0.0) {08/17/26 01:19:52}
08/17/26 01:19:54 Number of idle job procs: 4
08/17/26 01:19:54 Event: ULOG_EXECUTE for HTCondor Node C_W15_HH_M1_A07_S2_F0 (6053394.0.0) {08/17/26 01:19:53}
08/17/26 01:19:54 Number of idle job procs: 3
08/17/26 01:19:54 Event: ULOG_EXECUTE for HTCondor Node C_W15_HH_M1_A07_S4_F0 (6053393.0.0) {08/17/26 01:19:53}
08/17/26 01:19:54 Number of idle job procs: 2
08/17/26 01:19:54 Event: ULOG_JOB_TERMINATED for HTCondor Node C_W15_HH_M0_A00_S1_F0 (6053356.0.0) {08/17/26 01:19:53}
08/17/26 01:19:54 Number of idle job procs: 2
08/17/26 01:19:54 Node C_W15_HH_M0_A00_S1_F0 job proc (6053356.0.0) completed successfully.
08/17/26 01:19:54 Node C_W15_HH_M0_A00_S1_F0 job(s) have exited the queue
08/17/26 01:19:54 Reassigning the id of job C_W15_LI_M2_A10_S1_F2 from (6053397.0.0) to (6053397.0.0)
08/17/26 01:19:54 Event: ULOG_SUBMIT for HTCondor Node C_W15_LI_M2_A10_S1_F2 (6053397.0.0) {08/17/26 01:19:54}
08/17/26 01:19:54 Number of idle job procs: 3
08/17/26 01:19:54 Reassigning the id of job C_W15_IL_M2_A10_S2_F2 from (6053398.0.0) to (6053398.0.0)
08/17/26 01:19:54 Event: ULOG_SUBMIT for HTCondor Node C_W15_IL_M2_A10_S2_F2 (6053398.0.0) {08/17/26 01:19:54}
08/17/26 01:19:54 Number of idle job procs: 4
08/17/26 01:19:54 DAG status: 0 (DAG_STATUS_OK)
08/17/26 01:19:54 Of 432 nodes total:
08/17/26 01:19:54  Done     Pre   Queued    Post   Ready   Un-Ready   Failed   Futile
08/17/26 01:19:54   ===     ===      ===     ===     ===        ===      ===      ===
08/17/26 01:19:54    54       0      213       0       0        165        0        0
08/17/26 01:19:54 0 job proc(s) currently held
08/17/26 01:19:54 DAGMan Runtime Statistics: [EventCycleTimeAvg=1.106; EventCycleTimeMax=20.234; EventCycleTimeMin=0.000; EventCycleTimeStd=3.193; EventCycleTimeSum=51.995; SleepCycleTimeAvg=5.005; SleepCycleTimeMax=5.015; SleepCycleTimeMin=5.000; SleepCycleTimeStd=0.002; SleepCycleTimeSum=235.230; SubmitCycleTimeAvg=0.160; SubmitCycleTimeMax=2.749; SubmitCycleTimeMin=0.000; SubmitCycleTimeStd=0.482; SubmitCycleTimeSum=7.693; EventCycleTimeCount=47.000; SleepCycleTimeCount=47.000; SubmitCycleTimeCount=48.000; LogProcessCycleTimeAvg=1.809; LogProcessCycleTimeMax=20.234; LogProcessCycleTimeMin=0.009; LogProcessCycleTimeStd=4.209; LogProcessCycleTimeSum=43.420; LogProcessCycleTimeCount=24.000; ]
08/17/26 01:19:59 Currently monitoring 1 HTCondor log file(s)
08/17/26 01:19:59 Event: ULOG_JOB_TERMINATED for HTCondor Node C_W15_HH_M0_A00_S6_F0 (6053350.0.0) {08/17/26 01:19:55}
08/17/26 01:19:59 Number of idle job procs: 4
08/17/26 01:19:59 Node C_W15_HH_M0_A00_S6_F0 job proc (6053350.0.0) completed successfully.
08/17/26 01:19:59 Node C_W15_HH_M0_A00_S6_F0 job(s) have exited the queue
08/17/26 01:19:59 Event: ULOG_EXECUTE for HTCondor Node C_W15_II_M2_A10_S6_F2 (6053395.0.0) {08/17/26 01:19:55}
08/17/26 01:19:59 Number of idle job procs: 3
08/17/26 01:19:59 Event: ULOG_JOB_TERMINATED for HTCondor Node P_W15_IL_M2_A10_S4 (6053224.0.0) {08/17/26 01:19:55}
08/17/26 01:19:59 Number of idle job procs: 3
08/17/26 01:19:59 Node P_W15_IL_M2_A10_S4 job proc (6053224.0.0) completed successfully.
08/17/26 01:19:59 Node P_W15_IL_M2_A10_S4 job(s) have exited the queue
08/17/26 01:19:59 Event: ULOG_EXECUTE for HTCondor Node C_W15_HI_M2_A10_S0_F2 (6053396.0.0) {08/17/26 01:19:56}
08/17/26 01:19:59 Number of idle job procs: 2
08/17/26 01:19:59 Event: ULOG_JOB_TERMINATED for HTCondor Node P_W15_IL_M2_A10_S5 (6053225.0.0) {08/17/26 01:19:57}
08/17/26 01:19:59 Number of idle job procs: 2
08/17/26 01:19:59 Node P_W15_IL_M2_A10_S5 job proc (6053225.0.0) completed successfully.
08/17/26 01:19:59 Node P_W15_IL_M2_A10_S5 job(s) have exited the queue
08/17/26 01:19:59 DAG status: 0 (DAG_STATUS_OK)
08/17/26 01:19:59 Of 432 nodes total:
08/17/26 01:19:59  Done     Pre   Queued    Post   Ready   Un-Ready   Failed   Futile
08/17/26 01:19:59   ===     ===      ===     ===     ===        ===      ===      ===
08/17/26 01:19:59    57       0      210       0       2        163        0        0
08/17/26 01:19:59 0 job proc(s) currently held
08/17/26 01:19:59 DAGMan Runtime Statistics: [EventCycleTimeAvg=1.085; EventCycleTimeMax=20.234; EventCycleTimeMin=0.000; EventCycleTimeStd=3.162; EventCycleTimeSum=52.083; SleepCycleTimeAvg=5.005; SleepCycleTimeMax=5.015; SleepCycleTimeMin=5.000; SleepCycleTimeStd=0.002; SleepCycleTimeSum=240.235; SubmitCycleTimeAvg=0.157; SubmitCycleTimeMax=2.749; SubmitCycleTimeMin=0.000; SubmitCycleTimeStd=0.478; SubmitCycleTimeSum=7.693; EventCycleTimeCount=48.000; SleepCycleTimeCount=48.000; SubmitCycleTimeCount=49.000; LogProcessCycleTimeAvg=1.738; LogProcessCycleTimeMax=20.234; LogProcessCycleTimeMin=0.009; LogProcessCycleTimeStd=4.136; LogProcessCycleTimeSum=43.445; LogProcessCycleTimeCount=25.000; ]
08/17/26 01:20:04 Submitting HTCondor Node C_W15_IL_M2_A10_S4_F2 job(s)...
08/17/26 01:20:04 Submitting node C_W15_IL_M2_A10_S4_F2 from file /afs/cern.ch/user/c/cglenn/FCCWork/whizard/whizard_ttbar_spinpol/phase11_diagnostics/excess_weight_rootcause_v1/ttbar_restricted_region_suite_v1/regions/submissions/20260816T231425Z_U9region_core_W15_S8_np1_v1p0p1/region_child.sub using direct job submission
08/17/26 01:20:04 	assigned HTCondor ID (6053399.0.0)
08/17/26 01:20:04 Submitting HTCondor Node C_W15_IL_M2_A10_S5_F2 job(s)...
08/17/26 01:20:04 Submitting node C_W15_IL_M2_A10_S5_F2 from file /afs/cern.ch/user/c/cglenn/FCCWork/whizard/whizard_ttbar_spinpol/phase11_diagnostics/excess_weight_rootcause_v1/ttbar_restricted_region_suite_v1/regions/submissions/20260816T231425Z_U9region_core_W15_S8_np1_v1p0p1/region_child.sub using direct job submission
08/17/26 01:20:04 	assigned HTCondor ID (6053400.0.0)
08/17/26 01:20:04 Just submitted 2 jobs this cycle...
08/17/26 01:20:04 Currently monitoring 1 HTCondor log file(s)
08/17/26 01:20:04 Event: ULOG_EXECUTE for HTCondor Node C_W15_LI_M2_A10_S1_F2 (6053397.0.0) {08/17/26 01:20:00}
08/17/26 01:20:04 Number of idle job procs: 1
08/17/26 01:20:04 Event: ULOG_JOB_TERMINATED for HTCondor Node P_W15_LI_M2_A10_S6 (6053178.0.0) {08/17/26 01:20:00}
08/17/26 01:20:04 Number of idle job procs: 1
08/17/26 01:20:04 Node P_W15_LI_M2_A10_S6 job proc (6053178.0.0) completed successfully.
08/17/26 01:20:04 Node P_W15_LI_M2_A10_S6 job(s) have exited the queue
08/17/26 01:20:04 Event: ULOG_JOB_TERMINATED for HTCondor Node P_W15_II_M2_A10_S4 (6053248.0.0) {08/17/26 01:20:01}
08/17/26 01:20:04 Number of idle job procs: 1
08/17/26 01:20:04 Node P_W15_II_M2_A10_S4 job proc (6053248.0.0) completed successfully.
08/17/26 01:20:04 Node P_W15_II_M2_A10_S4 job(s) have exited the queue
08/17/26 01:20:04 Event: ULOG_JOB_TERMINATED for HTCondor Node P_W15_LI_M2_A10_S3 (6053175.0.0) {08/17/26 01:20:02}
08/17/26 01:20:04 Number of idle job procs: 1
08/17/26 01:20:04 Node P_W15_LI_M2_A10_S3 job proc (6053175.0.0) completed successfully.
08/17/26 01:20:04 Node P_W15_LI_M2_A10_S3 job(s) have exited the queue
08/17/26 01:20:04 Event: ULOG_JOB_TERMINATED for HTCondor Node P_W15_IL_M2_A10_S3 (6053223.0.0) {08/17/26 01:20:02}
08/17/26 01:20:04 Number of idle job procs: 1
08/17/26 01:20:04 Node P_W15_IL_M2_A10_S3 job proc (6053223.0.0) completed successfully.
08/17/26 01:20:04 Node P_W15_IL_M2_A10_S3 job(s) have exited the queue
08/17/26 01:20:04 Event: ULOG_JOB_TERMINATED for HTCondor Node C_W15_HH_M0_A00_S7_F0 (6053355.0.0) {08/17/26 01:20:02}
08/17/26 01:20:04 Number of idle job procs: 1
08/17/26 01:20:04 Node C_W15_HH_M0_A00_S7_F0 job proc (6053355.0.0) completed successfully.
08/17/26 01:20:04 Node C_W15_HH_M0_A00_S7_F0 job(s) have exited the queue
08/17/26 01:20:04 Event: ULOG_EXECUTE for HTCondor Node C_W15_IL_M2_A10_S2_F2 (6053398.0.0) {08/17/26 01:20:03}
08/17/26 01:20:04 Number of idle job procs: 0
08/17/26 01:20:04 Event: ULOG_JOB_TERMINATED for HTCondor Node P_W15_LI_M2_A10_S7 (6053179.0.0) {08/17/26 01:20:03}
08/17/26 01:20:04 Number of idle job procs: 0
08/17/26 01:20:04 Node P_W15_LI_M2_A10_S7 job proc (6053179.0.0) completed successfully.
08/17/26 01:20:04 Node P_W15_LI_M2_A10_S7 job(s) have exited the queue
08/17/26 01:20:04 Event: ULOG_JOB_TERMINATED for HTCondor Node C_W15_HH_M0_A00_S5_F0 (6053357.0.0) {08/17/26 01:20:03}
08/17/26 01:20:04 Number of idle job procs: 0
08/17/26 01:20:04 Node C_W15_HH_M0_A00_S5_F0 job proc (6053357.0.0) completed successfully.
08/17/26 01:20:04 Node C_W15_HH_M0_A00_S5_F0 job(s) have exited the queue
08/17/26 01:20:04 Event: ULOG_JOB_TERMINATED for HTCondor Node P_W15_II_M2_A10_S2 (6053246.0.0) {08/17/26 01:20:04}
08/17/26 01:20:04 Number of idle job procs: 0
08/17/26 01:20:04 Node P_W15_II_M2_A10_S2 job proc (6053246.0.0) completed successfully.
08/17/26 01:20:04 Node P_W15_II_M2_A10_S2 job(s) have exited the queue
08/17/26 01:20:04 Reassigning the id of job C_W15_IL_M2_A10_S4_F2 from (6053399.0.0) to (6053399.0.0)
08/17/26 01:20:04 Event: ULOG_SUBMIT for HTCondor Node C_W15_IL_M2_A10_S4_F2 (6053399.0.0) {08/17/26 01:20:04}
08/17/26 01:20:04 Number of idle job procs: 1
08/17/26 01:20:04 Reassigning the id of job C_W15_IL_M2_A10_S5_F2 from (6053400.0.0) to (6053400.0.0)
08/17/26 01:20:04 Event: ULOG_SUBMIT for HTCondor Node C_W15_IL_M2_A10_S5_F2 (6053400.0.0) {08/17/26 01:20:04}
08/17/26 01:20:04 Number of idle job procs: 2
08/17/26 01:20:04 DAG status: 0 (DAG_STATUS_OK)
08/17/26 01:20:04 Of 432 nodes total:
08/17/26 01:20:04  Done     Pre   Queued    Post   Ready   Un-Ready   Failed   Futile
08/17/26 01:20:04   ===     ===      ===     ===     ===        ===      ===      ===
08/17/26 01:20:04    65       0      204       0       6        157        0        0
08/17/26 01:20:04 0 job proc(s) currently held
08/17/26 01:20:04 DAGMan Runtime Statistics: [EventCycleTimeAvg=1.064; EventCycleTimeMax=20.234; EventCycleTimeMin=0.000; EventCycleTimeStd=3.133; EventCycleTimeSum=52.120; SleepCycleTimeAvg=5.005; SleepCycleTimeMax=5.015; SleepCycleTimeMin=5.000; SleepCycleTimeStd=0.002; SleepCycleTimeSum=245.239; SubmitCycleTimeAvg=0.155; SubmitCycleTimeMax=2.749; SubmitCycleTimeMin=0.000; SubmitCycleTimeStd=0.473; SubmitCycleTimeSum=7.745; EventCycleTimeCount=49.000; SleepCycleTimeCount=49.000; SubmitCycleTimeCount=50.000; LogProcessCycleTimeAvg=1.674; LogProcessCycleTimeMax=20.234; LogProcessCycleTimeMin=0.009; LogProcessCycleTimeStd=4.065; LogProcessCycleTimeSum=43.519; LogProcessCycleTimeCount=26.000; ]
08/17/26 01:20:09 Submitting HTCondor Node C_W15_LI_M2_A10_S6_F2 job(s)...
08/17/26 01:20:09 Submitting node C_W15_LI_M2_A10_S6_F2 from file /afs/cern.ch/user/c/cglenn/FCCWork/whizard/whizard_ttbar_spinpol/phase11_diagnostics/excess_weight_rootcause_v1/ttbar_restricted_region_suite_v1/regions/submissions/20260816T231425Z_U9region_core_W15_S8_np1_v1p0p1/region_child.sub using direct job submission
08/17/26 01:20:09 	assigned HTCondor ID (6053401.0.0)
08/17/26 01:20:09 Submitting HTCondor Node C_W15_II_M2_A10_S4_F2 job(s)...
08/17/26 01:20:09 Submitting node C_W15_II_M2_A10_S4_F2 from file /afs/cern.ch/user/c/cglenn/FCCWork/whizard/whizard_ttbar_spinpol/phase11_diagnostics/excess_weight_rootcause_v1/ttbar_restricted_region_suite_v1/regions/submissions/20260816T231425Z_U9region_core_W15_S8_np1_v1p0p1/region_child.sub using direct job submission
08/17/26 01:20:09 	assigned HTCondor ID (6053402.0.0)
08/17/26 01:20:09 Submitting HTCondor Node C_W15_LI_M2_A10_S3_F2 job(s)...
08/17/26 01:20:09 Submitting node C_W15_LI_M2_A10_S3_F2 from file /afs/cern.ch/user/c/cglenn/FCCWork/whizard/whizard_ttbar_spinpol/phase11_diagnostics/excess_weight_rootcause_v1/ttbar_restricted_region_suite_v1/regions/submissions/20260816T231425Z_U9region_core_W15_S8_np1_v1p0p1/region_child.sub using direct job submission
08/17/26 01:20:09 	assigned HTCondor ID (6053403.0.0)
08/17/26 01:20:09 Submitting HTCondor Node C_W15_IL_M2_A10_S3_F2 job(s)...
08/17/26 01:20:09 Submitting node C_W15_IL_M2_A10_S3_F2 from file /afs/cern.ch/user/c/cglenn/FCCWork/whizard/whizard_ttbar_spinpol/phase11_diagnostics/excess_weight_rootcause_v1/ttbar_restricted_region_suite_v1/regions/submissions/20260816T231425Z_U9region_core_W15_S8_np1_v1p0p1/region_child.sub using direct job submission
08/17/26 01:20:09 	assigned HTCondor ID (6053404.0.0)
08/17/26 01:20:09 Submitting HTCondor Node C_W15_LI_M2_A10_S7_F2 job(s)...
08/17/26 01:20:09 Submitting node C_W15_LI_M2_A10_S7_F2 from file /afs/cern.ch/user/c/cglenn/FCCWork/whizard/whizard_ttbar_spinpol/phase11_diagnostics/excess_weight_rootcause_v1/ttbar_restricted_region_suite_v1/regions/submissions/20260816T231425Z_U9region_core_W15_S8_np1_v1p0p1/region_child.sub using direct job submission
08/17/26 01:20:09 	assigned HTCondor ID (6053405.0.0)
08/17/26 01:20:09 Submitting HTCondor Node C_W15_II_M2_A10_S2_F2 job(s)...
08/17/26 01:20:09 Submitting node C_W15_II_M2_A10_S2_F2 from file /afs/cern.ch/user/c/cglenn/FCCWork/whizard/whizard_ttbar_spinpol/phase11_diagnostics/excess_weight_rootcause_v1/ttbar_restricted_region_suite_v1/regions/submissions/20260816T231425Z_U9region_core_W15_S8_np1_v1p0p1/region_child.sub using direct job submission
08/17/26 01:20:09 	assigned HTCondor ID (6053406.0.0)
08/17/26 01:20:09 Just submitted 6 jobs this cycle...
08/17/26 01:20:09 Currently monitoring 1 HTCondor log file(s)
08/17/26 01:20:09 Event: ULOG_JOB_TERMINATED for HTCondor Node C_W15_HH_M0_A00_S0_F0 (6053358.0.0) {08/17/26 01:20:05}
08/17/26 01:20:09 Number of idle job procs: 2
08/17/26 01:20:09 Node C_W15_HH_M0_A00_S0_F0 job proc (6053358.0.0) completed successfully.
08/17/26 01:20:09 Node C_W15_HH_M0_A00_S0_F0 job(s) have exited the queue
08/17/26 01:20:09 Event: ULOG_EXECUTE for HTCondor Node C_W15_IL_M2_A10_S5_F2 (6053400.0.0) {08/17/26 01:20:06}
08/17/26 01:20:09 Number of idle job procs: 1
08/17/26 01:20:09 Event: ULOG_EXECUTE for HTCondor Node C_W15_IL_M2_A10_S4_F2 (6053399.0.0) {08/17/26 01:20:06}
08/17/26 01:20:09 Number of idle job procs: 0
08/17/26 01:20:09 Reassigning the id of job C_W15_LI_M2_A10_S6_F2 from (6053401.0.0) to (6053401.0.0)
08/17/26 01:20:09 Event: ULOG_SUBMIT for HTCondor Node C_W15_LI_M2_A10_S6_F2 (6053401.0.0) {08/17/26 01:20:09}
08/17/26 01:20:09 Number of idle job procs: 1
08/17/26 01:20:09 Reassigning the id of job C_W15_II_M2_A10_S4_F2 from (6053402.0.0) to (6053402.0.0)
08/17/26 01:20:09 Event: ULOG_SUBMIT for HTCondor Node C_W15_II_M2_A10_S4_F2 (6053402.0.0) {08/17/26 01:20:09}
08/17/26 01:20:09 Number of idle job procs: 2
08/17/26 01:20:09 Reassigning the id of job C_W15_LI_M2_A10_S3_F2 from (6053403.0.0) to (6053403.0.0)
08/17/26 01:20:09 Event: ULOG_SUBMIT for HTCondor Node C_W15_LI_M2_A10_S3_F2 (6053403.0.0) {08/17/26 01:20:09}
08/17/26 01:20:09 Number of idle job procs: 3
08/17/26 01:20:09 Reassigning the id of job C_W15_IL_M2_A10_S3_F2 from (6053404.0.0) to (6053404.0.0)
08/17/26 01:20:09 Event: ULOG_SUBMIT for HTCondor Node C_W15_IL_M2_A10_S3_F2 (6053404.0.0) {08/17/26 01:20:09}
08/17/26 01:20:09 Number of idle job procs: 4
08/17/26 01:20:09 Reassigning the id of job C_W15_LI_M2_A10_S7_F2 from (6053405.0.0) to (6053405.0.0)
08/17/26 01:20:09 Event: ULOG_SUBMIT for HTCondor Node C_W15_LI_M2_A10_S7_F2 (6053405.0.0) {08/17/26 01:20:09}
08/17/26 01:20:09 Number of idle job procs: 5
08/17/26 01:20:09 Reassigning the id of job C_W15_II_M2_A10_S2_F2 from (6053406.0.0) to (6053406.0.0)
08/17/26 01:20:09 Event: ULOG_SUBMIT for HTCondor Node C_W15_II_M2_A10_S2_F2 (6053406.0.0) {08/17/26 01:20:09}
08/17/26 01:20:09 Number of idle job procs: 6
08/17/26 01:20:09 DAG status: 0 (DAG_STATUS_OK)
08/17/26 01:20:09 Of 432 nodes total:
08/17/26 01:20:09  Done     Pre   Queued    Post   Ready   Un-Ready   Failed   Futile
08/17/26 01:20:09   ===     ===      ===     ===     ===        ===      ===      ===
08/17/26 01:20:09    66       0      209       0       0        157        0        0
08/17/26 01:20:09 0 job proc(s) currently held
08/17/26 01:20:09 DAGMan Runtime Statistics: [EventCycleTimeAvg=1.045; EventCycleTimeMax=20.234; EventCycleTimeMin=0.000; EventCycleTimeStd=3.103; EventCycleTimeSum=52.260; SleepCycleTimeAvg=5.005; SleepCycleTimeMax=5.015; SleepCycleTimeMin=5.000; SleepCycleTimeStd=0.002; SleepCycleTimeSum=250.247; SubmitCycleTimeAvg=0.155; SubmitCycleTimeMax=2.749; SubmitCycleTimeMin=0.000; SubmitCycleTimeStd=0.468; SubmitCycleTimeSum=7.926; EventCycleTimeCount=50.000; SleepCycleTimeCount=50.000; SubmitCycleTimeCount=51.000; LogProcessCycleTimeAvg=1.614; LogProcessCycleTimeMax=20.234; LogProcessCycleTimeMin=0.009; LogProcessCycleTimeStd=3.998; LogProcessCycleTimeSum=43.574; LogProcessCycleTimeCount=27.000; ]
08/17/26 01:20:14 Currently monitoring 1 HTCondor log file(s)
08/17/26 01:20:14 Event: ULOG_EXECUTE for HTCondor Node C_W15_LI_M2_A10_S6_F2 (6053401.0.0) {08/17/26 01:20:11}
08/17/26 01:20:14 Number of idle job procs: 5
08/17/26 01:20:14 Event: ULOG_EXECUTE for HTCondor Node C_W15_II_M2_A10_S4_F2 (6053402.0.0) {08/17/26 01:20:11}
08/17/26 01:20:14 Number of idle job procs: 4
08/17/26 01:20:14 Event: ULOG_EXECUTE for HTCondor Node C_W15_LI_M2_A10_S3_F2 (6053403.0.0) {08/17/26 01:20:11}
08/17/26 01:20:14 Number of idle job procs: 3
08/17/26 01:20:14 Event: ULOG_JOB_TERMINATED for HTCondor Node P_W15_LI_M2_A10_S2 (6053174.0.0) {08/17/26 01:20:12}
08/17/26 01:20:14 Number of idle job procs: 3
08/17/26 01:20:14 Node P_W15_LI_M2_A10_S2 job proc (6053174.0.0) completed successfully.
08/17/26 01:20:14 Node P_W15_LI_M2_A10_S2 job(s) have exited the queue
08/17/26 01:20:14 Event: ULOG_EXECUTE for HTCondor Node C_W15_IL_M2_A10_S3_F2 (6053404.0.0) {08/17/26 01:20:14}
08/17/26 01:20:14 Number of idle job procs: 2
08/17/26 01:20:14 Event: ULOG_JOB_TERMINATED for HTCondor Node P_W15_IL_M2_A10_S6 (6053226.0.0) {08/17/26 01:20:14}
08/17/26 01:20:14 Number of idle job procs: 2
08/17/26 01:20:14 Node P_W15_IL_M2_A10_S6 job proc (6053226.0.0) completed successfully.
08/17/26 01:20:14 Node P_W15_IL_M2_A10_S6 job(s) have exited the queue
08/17/26 01:20:14 Event: ULOG_JOB_TERMINATED for HTCondor Node P_W15_IL_M2_A10_S1 (6053221.0.0) {08/17/26 01:20:14}
08/17/26 01:20:15 Number of idle job procs: 2
08/17/26 01:20:15 Node P_W15_IL_M2_A10_S1 job proc (6053221.0.0) completed successfully.
08/17/26 01:20:15 Node P_W15_IL_M2_A10_S1 job(s) have exited the queue
08/17/26 01:20:15 DAG status: 0 (DAG_STATUS_OK)
08/17/26 01:20:15 Of 432 nodes total:
08/17/26 01:20:15  Done     Pre   Queued    Post   Ready   Un-Ready   Failed   Futile
08/17/26 01:20:15   ===     ===      ===     ===     ===        ===      ===      ===
08/17/26 01:20:15    69       0      206       0       3        154        0        0
08/17/26 01:20:15 0 job proc(s) currently held
08/17/26 01:20:15 DAGMan Runtime Statistics: [EventCycleTimeAvg=1.030; EventCycleTimeMax=20.234; EventCycleTimeMin=0.000; EventCycleTimeStd=3.074; EventCycleTimeSum=52.512; SleepCycleTimeAvg=5.005; SleepCycleTimeMax=5.015; SleepCycleTimeMin=5.000; SleepCycleTimeStd=0.002; SleepCycleTimeSum=255.253; SubmitCycleTimeAvg=0.152; SubmitCycleTimeMax=2.749; SubmitCycleTimeMin=0.000; SubmitCycleTimeStd=0.464; SubmitCycleTimeSum=7.926; EventCycleTimeCount=51.000; SleepCycleTimeCount=51.000; SubmitCycleTimeCount=52.000; LogProcessCycleTimeAvg=1.558; LogProcessCycleTimeMax=20.234; LogProcessCycleTimeMin=0.009; LogProcessCycleTimeStd=3.935; LogProcessCycleTimeSum=43.622; LogProcessCycleTimeCount=28.000; ]
08/17/26 01:20:20 Submitting HTCondor Node C_W15_LI_M2_A10_S2_F2 job(s)...
08/17/26 01:20:20 Submitting node C_W15_LI_M2_A10_S2_F2 from file /afs/cern.ch/user/c/cglenn/FCCWork/whizard/whizard_ttbar_spinpol/phase11_diagnostics/excess_weight_rootcause_v1/ttbar_restricted_region_suite_v1/regions/submissions/20260816T231425Z_U9region_core_W15_S8_np1_v1p0p1/region_child.sub using direct job submission
08/17/26 01:20:20 	assigned HTCondor ID (6053407.0.0)
08/17/26 01:20:20 Submitting HTCondor Node C_W15_IL_M2_A10_S6_F2 job(s)...
08/17/26 01:20:20 Submitting node C_W15_IL_M2_A10_S6_F2 from file /afs/cern.ch/user/c/cglenn/FCCWork/whizard/whizard_ttbar_spinpol/phase11_diagnostics/excess_weight_rootcause_v1/ttbar_restricted_region_suite_v1/regions/submissions/20260816T231425Z_U9region_core_W15_S8_np1_v1p0p1/region_child.sub using direct job submission
08/17/26 01:20:20 	assigned HTCondor ID (6053408.0.0)
08/17/26 01:20:20 Submitting HTCondor Node C_W15_IL_M2_A10_S1_F2 job(s)...
08/17/26 01:20:20 Submitting node C_W15_IL_M2_A10_S1_F2 from file /afs/cern.ch/user/c/cglenn/FCCWork/whizard/whizard_ttbar_spinpol/phase11_diagnostics/excess_weight_rootcause_v1/ttbar_restricted_region_suite_v1/regions/submissions/20260816T231425Z_U9region_core_W15_S8_np1_v1p0p1/region_child.sub using direct job submission
08/17/26 01:20:20 	assigned HTCondor ID (6053409.0.0)
08/17/26 01:20:20 Just submitted 3 jobs this cycle...
08/17/26 01:20:20 Currently monitoring 1 HTCondor log file(s)
08/17/26 01:20:20 Event: ULOG_EXECUTE for HTCondor Node C_W15_LI_M2_A10_S7_F2 (6053405.0.0) {08/17/26 01:20:16}
08/17/26 01:20:20 Number of idle job procs: 1
08/17/26 01:20:20 Event: ULOG_EXECUTE for HTCondor Node C_W15_II_M2_A10_S2_F2 (6053406.0.0) {08/17/26 01:20:16}
08/17/26 01:20:20 Number of idle job procs: 0
08/17/26 01:20:20 Reassigning the id of job C_W15_LI_M2_A10_S2_F2 from (6053407.0.0) to (6053407.0.0)
08/17/26 01:20:20 Event: ULOG_SUBMIT for HTCondor Node C_W15_LI_M2_A10_S2_F2 (6053407.0.0) {08/17/26 01:20:20}
08/17/26 01:20:20 Number of idle job procs: 1
08/17/26 01:20:20 Reassigning the id of job C_W15_IL_M2_A10_S6_F2 from (6053408.0.0) to (6053408.0.0)
08/17/26 01:20:20 Event: ULOG_SUBMIT for HTCondor Node C_W15_IL_M2_A10_S6_F2 (6053408.0.0) {08/17/26 01:20:20}
08/17/26 01:20:20 Number of idle job procs: 2
08/17/26 01:20:20 Reassigning the id of job C_W15_IL_M2_A10_S1_F2 from (6053409.0.0) to (6053409.0.0)
08/17/26 01:20:20 Event: ULOG_SUBMIT for HTCondor Node C_W15_IL_M2_A10_S1_F2 (6053409.0.0) {08/17/26 01:20:20}
08/17/26 01:20:20 Number of idle job procs: 3
08/17/26 01:20:20 DAG status: 0 (DAG_STATUS_OK)
08/17/26 01:20:20 Of 432 nodes total:
08/17/26 01:20:20  Done     Pre   Queued    Post   Ready   Un-Ready   Failed   Futile
08/17/26 01:20:20   ===     ===      ===     ===     ===        ===      ===      ===
08/17/26 01:20:20    69       0      209       0       0        154        0        0
08/17/26 01:20:20 0 job proc(s) currently held
08/17/26 01:20:20 DAGMan Runtime Statistics: [EventCycleTimeAvg=1.011; EventCycleTimeMax=20.234; EventCycleTimeMin=0.000; EventCycleTimeStd=3.047; EventCycleTimeSum=52.577; SleepCycleTimeAvg=5.005; SleepCycleTimeMax=5.015; SleepCycleTimeMin=5.000; SleepCycleTimeStd=0.002; SleepCycleTimeSum=260.260; SubmitCycleTimeAvg=0.151; SubmitCycleTimeMax=2.749; SubmitCycleTimeMin=0.000; SubmitCycleTimeStd=0.460; SubmitCycleTimeSum=8.010; EventCycleTimeCount=52.000; SleepCycleTimeCount=52.000; SubmitCycleTimeCount=53.000; LogProcessCycleTimeAvg=1.505; LogProcessCycleTimeMax=20.234; LogProcessCycleTimeMin=0.009; LogProcessCycleTimeStd=3.874; LogProcessCycleTimeSum=43.656; LogProcessCycleTimeCount=29.000; ]
08/17/26 01:20:25 Currently monitoring 1 HTCondor log file(s)
08/17/26 01:20:25 Event: ULOG_JOB_TERMINATED for HTCondor Node C_W15_HH_M0_A00_S4_F0 (6053362.0.0) {08/17/26 01:20:23}
08/17/26 01:20:25 Number of idle job procs: 3
08/17/26 01:20:25 Node C_W15_HH_M0_A00_S4_F0 job proc (6053362.0.0) completed successfully.
08/17/26 01:20:25 Node C_W15_HH_M0_A00_S4_F0 job(s) have exited the queue
08/17/26 01:20:25 Event: ULOG_EXECUTE for HTCondor Node C_W15_LI_M2_A10_S2_F2 (6053407.0.0) {08/17/26 01:20:24}
08/17/26 01:20:25 Number of idle job procs: 2
08/17/26 01:20:25 DAG status: 0 (DAG_STATUS_OK)
08/17/26 01:20:25 Of 432 nodes total:
08/17/26 01:20:25  Done     Pre   Queued    Post   Ready   Un-Ready   Failed   Futile
08/17/26 01:20:25   ===     ===      ===     ===     ===        ===      ===      ===
08/17/26 01:20:25    70       0      208       0       0        154        0        0
08/17/26 01:20:25 0 job proc(s) currently held
08/17/26 01:20:25 DAGMan Runtime Statistics: [EventCycleTimeAvg=0.995; EventCycleTimeMax=20.234; EventCycleTimeMin=0.000; EventCycleTimeStd=3.020; EventCycleTimeSum=52.715; SleepCycleTimeAvg=5.005; SleepCycleTimeMax=5.015; SleepCycleTimeMin=5.000; SleepCycleTimeStd=0.002; SleepCycleTimeSum=265.266; SubmitCycleTimeAvg=0.148; SubmitCycleTimeMax=2.749; SubmitCycleTimeMin=0.000; SubmitCycleTimeStd=0.456; SubmitCycleTimeSum=8.010; EventCycleTimeCount=53.000; SleepCycleTimeCount=53.000; SubmitCycleTimeCount=54.000; LogProcessCycleTimeAvg=1.456; LogProcessCycleTimeMax=20.234; LogProcessCycleTimeMin=0.009; LogProcessCycleTimeStd=3.817; LogProcessCycleTimeSum=43.673; LogProcessCycleTimeCount=30.000; ]
08/17/26 01:20:30 Currently monitoring 1 HTCondor log file(s)
08/17/26 01:20:30 Event: ULOG_JOB_TERMINATED for HTCondor Node P_W15_LI_M2_A10_S4 (6053176.0.0) {08/17/26 01:20:28}
08/17/26 01:20:30 Number of idle job procs: 2
08/17/26 01:20:30 Node P_W15_LI_M2_A10_S4 job proc (6053176.0.0) completed successfully.
08/17/26 01:20:30 Node P_W15_LI_M2_A10_S4 job(s) have exited the queue
08/17/26 01:20:30 Event: ULOG_JOB_TERMINATED for HTCondor Node P_W15_IL_M2_A10_S7 (6053227.0.0) {08/17/26 01:20:28}
08/17/26 01:20:30 Number of idle job procs: 2
08/17/26 01:20:30 Node P_W15_IL_M2_A10_S7 job proc (6053227.0.0) completed successfully.
08/17/26 01:20:30 Node P_W15_IL_M2_A10_S7 job(s) have exited the queue
08/17/26 01:20:30 Event: ULOG_JOB_TERMINATED for HTCondor Node P_W15_HL_M2_A10_S6 (6053298.0.0) {08/17/26 01:20:28}
08/17/26 01:20:30 Number of idle job procs: 2
08/17/26 01:20:30 Node P_W15_HL_M2_A10_S6 job proc (6053298.0.0) completed successfully.
08/17/26 01:20:30 Node P_W15_HL_M2_A10_S6 job(s) have exited the queue
08/17/26 01:20:30 DAG status: 0 (DAG_STATUS_OK)
08/17/26 01:20:30 Of 432 nodes total:
08/17/26 01:20:30  Done     Pre   Queued    Post   Ready   Un-Ready   Failed   Futile
08/17/26 01:20:30   ===     ===      ===     ===     ===        ===      ===      ===
08/17/26 01:20:30    73       0      205       0       3        151        0        0
08/17/26 01:20:30 0 job proc(s) currently held
08/17/26 01:20:30 DAGMan Runtime Statistics: [EventCycleTimeAvg=0.977; EventCycleTimeMax=20.234; EventCycleTimeMin=0.000; EventCycleTimeStd=2.994; EventCycleTimeSum=52.757; SleepCycleTimeAvg=5.005; SleepCycleTimeMax=5.015; SleepCycleTimeMin=5.000; SleepCycleTimeStd=0.002; SleepCycleTimeSum=270.271; SubmitCycleTimeAvg=0.146; SubmitCycleTimeMax=2.749; SubmitCycleTimeMin=0.000; SubmitCycleTimeStd=0.452; SubmitCycleTimeSum=8.010; EventCycleTimeCount=54.000; SleepCycleTimeCount=54.000; SubmitCycleTimeCount=55.000; LogProcessCycleTimeAvg=1.410; LogProcessCycleTimeMax=20.234; LogProcessCycleTimeMin=0.009; LogProcessCycleTimeStd=3.761; LogProcessCycleTimeSum=43.707; LogProcessCycleTimeCount=31.000; ]
08/17/26 01:20:35 Submitting HTCondor Node C_W15_LI_M2_A10_S4_F2 job(s)...
08/17/26 01:20:35 Submitting node C_W15_LI_M2_A10_S4_F2 from file /afs/cern.ch/user/c/cglenn/FCCWork/whizard/whizard_ttbar_spinpol/phase11_diagnostics/excess_weight_rootcause_v1/ttbar_restricted_region_suite_v1/regions/submissions/20260816T231425Z_U9region_core_W15_S8_np1_v1p0p1/region_child.sub using direct job submission
08/17/26 01:20:35 	assigned HTCondor ID (6053410.0.0)
08/17/26 01:20:35 Submitting HTCondor Node C_W15_IL_M2_A10_S7_F2 job(s)...
08/17/26 01:20:35 Submitting node C_W15_IL_M2_A10_S7_F2 from file /afs/cern.ch/user/c/cglenn/FCCWork/whizard/whizard_ttbar_spinpol/phase11_diagnostics/excess_weight_rootcause_v1/ttbar_restricted_region_suite_v1/regions/submissions/20260816T231425Z_U9region_core_W15_S8_np1_v1p0p1/region_child.sub using direct job submission
08/17/26 01:20:35 	assigned HTCondor ID (6053411.0.0)
08/17/26 01:20:35 Submitting HTCondor Node C_W15_HL_M2_A10_S6_F2 job(s)...
08/17/26 01:20:35 Submitting node C_W15_HL_M2_A10_S6_F2 from file /afs/cern.ch/user/c/cglenn/FCCWork/whizard/whizard_ttbar_spinpol/phase11_diagnostics/excess_weight_rootcause_v1/ttbar_restricted_region_suite_v1/regions/submissions/20260816T231425Z_U9region_core_W15_S8_np1_v1p0p1/region_child.sub using direct job submission
08/17/26 01:20:35 	assigned HTCondor ID (6053412.0.0)
08/17/26 01:20:35 Just submitted 3 jobs this cycle...
08/17/26 01:20:35 Currently monitoring 1 HTCondor log file(s)
08/17/26 01:20:35 Event: ULOG_EXECUTE for HTCondor Node C_W15_IL_M2_A10_S6_F2 (6053408.0.0) {08/17/26 01:20:31}
08/17/26 01:20:35 Number of idle job procs: 1
08/17/26 01:20:35 Event: ULOG_JOB_TERMINATED for HTCondor Node C_W15_HH_M2_A10_S6_F2 (6053360.0.0) {08/17/26 01:20:33}
08/17/26 01:20:35 Number of idle job procs: 1
08/17/26 01:20:35 Node C_W15_HH_M2_A10_S6_F2 job proc (6053360.0.0) completed successfully.
08/17/26 01:20:35 Node C_W15_HH_M2_A10_S6_F2 job(s) have exited the queue
08/17/26 01:20:35 Event: ULOG_EXECUTE for HTCondor Node C_W15_IL_M2_A10_S1_F2 (6053409.0.0) {08/17/26 01:20:34}
08/17/26 01:20:35 Number of idle job procs: 0
08/17/26 01:20:35 Reassigning the id of job C_W15_LI_M2_A10_S4_F2 from (6053410.0.0) to (6053410.0.0)
08/17/26 01:20:35 Event: ULOG_SUBMIT for HTCondor Node C_W15_LI_M2_A10_S4_F2 (6053410.0.0) {08/17/26 01:20:35}
08/17/26 01:20:35 Number of idle job procs: 1
08/17/26 01:20:35 Reassigning the id of job C_W15_IL_M2_A10_S7_F2 from (6053411.0.0) to (6053411.0.0)
08/17/26 01:20:35 Event: ULOG_SUBMIT for HTCondor Node C_W15_IL_M2_A10_S7_F2 (6053411.0.0) {08/17/26 01:20:35}
08/17/26 01:20:35 Number of idle job procs: 2
08/17/26 01:20:35 Reassigning the id of job C_W15_HL_M2_A10_S6_F2 from (6053412.0.0) to (6053412.0.0)
08/17/26 01:20:35 Event: ULOG_SUBMIT for HTCondor Node C_W15_HL_M2_A10_S6_F2 (6053412.0.0) {08/17/26 01:20:35}
08/17/26 01:20:35 Number of idle job procs: 3
08/17/26 01:20:35 DAG status: 0 (DAG_STATUS_OK)
08/17/26 01:20:35 Of 432 nodes total:
08/17/26 01:20:35  Done     Pre   Queued    Post   Ready   Un-Ready   Failed   Futile
08/17/26 01:20:35   ===     ===      ===     ===     ===        ===      ===      ===
08/17/26 01:20:35    74       0      207       0       0        151        0        0
08/17/26 01:20:35 0 job proc(s) currently held
08/17/26 01:20:35 DAGMan Runtime Statistics: [EventCycleTimeAvg=0.960; EventCycleTimeMax=20.234; EventCycleTimeMin=0.000; EventCycleTimeStd=2.969; EventCycleTimeSum=52.807; SleepCycleTimeAvg=5.005; SleepCycleTimeMax=5.015; SleepCycleTimeMin=5.000; SleepCycleTimeStd=0.002; SleepCycleTimeSum=275.279; SubmitCycleTimeAvg=0.145; SubmitCycleTimeMax=2.749; SubmitCycleTimeMin=0.000; SubmitCycleTimeStd=0.448; SubmitCycleTimeSum=8.098; EventCycleTimeCount=55.000; SleepCycleTimeCount=55.000; SubmitCycleTimeCount=56.000; LogProcessCycleTimeAvg=1.367; LogProcessCycleTimeMax=20.234; LogProcessCycleTimeMin=0.009; LogProcessCycleTimeStd=3.708; LogProcessCycleTimeSum=43.759; LogProcessCycleTimeCount=32.000; ]
08/17/26 01:20:40 Currently monitoring 1 HTCondor log file(s)
08/17/26 01:20:40 Event: ULOG_JOB_TERMINATED for HTCondor Node P_W15_HI_M0_A00_S5 (6053305.0.0) {08/17/26 01:20:35}
08/17/26 01:20:40 Number of idle job procs: 3
08/17/26 01:20:40 Node P_W15_HI_M0_A00_S5 job proc (6053305.0.0) completed successfully.
08/17/26 01:20:40 Node P_W15_HI_M0_A00_S5 job(s) have exited the queue
08/17/26 01:20:40 Event: ULOG_JOB_TERMINATED for HTCondor Node P_W15_LH_M2_A10_S2 (6053198.0.0) {08/17/26 01:20:36}
08/17/26 01:20:40 Number of idle job procs: 3
08/17/26 01:20:40 Node P_W15_LH_M2_A10_S2 job proc (6053198.0.0) completed successfully.
08/17/26 01:20:40 Node P_W15_LH_M2_A10_S2 job(s) have exited the queue
08/17/26 01:20:40 Event: ULOG_EXECUTE for HTCondor Node C_W15_LI_M2_A10_S4_F2 (6053410.0.0) {08/17/26 01:20:37}
08/17/26 01:20:40 Number of idle job procs: 2
08/17/26 01:20:40 Event: ULOG_EXECUTE for HTCondor Node C_W15_IL_M2_A10_S7_F2 (6053411.0.0) {08/17/26 01:20:37}
08/17/26 01:20:40 Number of idle job procs: 1
08/17/26 01:20:40 Event: ULOG_EXECUTE for HTCondor Node C_W15_HL_M2_A10_S6_F2 (6053412.0.0) {08/17/26 01:20:37}
08/17/26 01:20:40 Number of idle job procs: 0
08/17/26 01:20:40 Event: ULOG_JOB_TERMINATED for HTCondor Node P_W15_LH_M2_A10_S3 (6053199.0.0) {08/17/26 01:20:39}
08/17/26 01:20:40 Number of idle job procs: 0
08/17/26 01:20:40 Node P_W15_LH_M2_A10_S3 job proc (6053199.0.0) completed successfully.
08/17/26 01:20:40 Node P_W15_LH_M2_A10_S3 job(s) have exited the queue
08/17/26 01:20:40 Event: ULOG_JOB_TERMINATED for HTCondor Node C_W15_HH_M2_A10_S5_F2 (6053373.0.0) {08/17/26 01:20:39}
08/17/26 01:20:40 Number of idle job procs: 0
08/17/26 01:20:40 Node C_W15_HH_M2_A10_S5_F2 job proc (6053373.0.0) completed successfully.
08/17/26 01:20:40 Node C_W15_HH_M2_A10_S5_F2 job(s) have exited the queue
08/17/26 01:20:40 DAG status: 0 (DAG_STATUS_OK)
08/17/26 01:20:40 Of 432 nodes total:
08/17/26 01:20:40  Done     Pre   Queued    Post   Ready   Un-Ready   Failed   Futile
08/17/26 01:20:40   ===     ===      ===     ===     ===        ===      ===      ===
08/17/26 01:20:40    78       0      203       0       3        148        0        0
08/17/26 01:20:40 0 job proc(s) currently held
08/17/26 01:20:40 DAGMan Runtime Statistics: [EventCycleTimeAvg=0.946; EventCycleTimeMax=20.234; EventCycleTimeMin=0.000; EventCycleTimeStd=2.944; EventCycleTimeSum=52.971; SleepCycleTimeAvg=5.005; SleepCycleTimeMax=5.015; SleepCycleTimeMin=5.000; SleepCycleTimeStd=0.002; SleepCycleTimeSum=280.284; SubmitCycleTimeAvg=0.142; SubmitCycleTimeMax=2.749; SubmitCycleTimeMin=0.000; SubmitCycleTimeStd=0.444; SubmitCycleTimeSum=8.098; EventCycleTimeCount=56.000; SleepCycleTimeCount=56.000; SubmitCycleTimeCount=57.000; LogProcessCycleTimeAvg=1.328; LogProcessCycleTimeMax=20.234; LogProcessCycleTimeMin=0.009; LogProcessCycleTimeStd=3.656; LogProcessCycleTimeSum=43.826; LogProcessCycleTimeCount=33.000; ]
08/17/26 01:20:45 Submitting HTCondor Node C_W15_HI_M0_A00_S5_F0 job(s)...
08/17/26 01:20:45 Submitting node C_W15_HI_M0_A00_S5_F0 from file /afs/cern.ch/user/c/cglenn/FCCWork/whizard/whizard_ttbar_spinpol/phase11_diagnostics/excess_weight_rootcause_v1/ttbar_restricted_region_suite_v1/regions/submissions/20260816T231425Z_U9region_core_W15_S8_np1_v1p0p1/region_child.sub using direct job submission
08/17/26 01:20:45 	assigned HTCondor ID (6053413.0.0)
08/17/26 01:20:45 Submitting HTCondor Node C_W15_LH_M2_A10_S2_F2 job(s)...
08/17/26 01:20:45 Submitting node C_W15_LH_M2_A10_S2_F2 from file /afs/cern.ch/user/c/cglenn/FCCWork/whizard/whizard_ttbar_spinpol/phase11_diagnostics/excess_weight_rootcause_v1/ttbar_restricted_region_suite_v1/regions/submissions/20260816T231425Z_U9region_core_W15_S8_np1_v1p0p1/region_child.sub using direct job submission
08/17/26 01:20:45 	assigned HTCondor ID (6053414.0.0)
08/17/26 01:20:45 Submitting HTCondor Node C_W15_LH_M2_A10_S3_F2 job(s)...
08/17/26 01:20:45 Submitting node C_W15_LH_M2_A10_S3_F2 from file /afs/cern.ch/user/c/cglenn/FCCWork/whizard/whizard_ttbar_spinpol/phase11_diagnostics/excess_weight_rootcause_v1/ttbar_restricted_region_suite_v1/regions/submissions/20260816T231425Z_U9region_core_W15_S8_np1_v1p0p1/region_child.sub using direct job submission
08/17/26 01:20:45 	assigned HTCondor ID (6053415.0.0)
08/17/26 01:20:45 Just submitted 3 jobs this cycle...
08/17/26 01:20:45 Currently monitoring 1 HTCondor log file(s)
08/17/26 01:20:45 Event: ULOG_JOB_TERMINATED for HTCondor Node P_W15_LH_M2_A10_S0 (6053196.0.0) {08/17/26 01:20:41}
08/17/26 01:20:45 Number of idle job procs: 0
08/17/26 01:20:45 Node P_W15_LH_M2_A10_S0 job proc (6053196.0.0) completed successfully.
08/17/26 01:20:45 Node P_W15_LH_M2_A10_S0 job(s) have exited the queue
08/17/26 01:20:45 Event: ULOG_JOB_TERMINATED for HTCondor Node P_W15_HI_M0_A00_S2 (6053302.0.0) {08/17/26 01:20:43}
08/17/26 01:20:45 Number of idle job procs: 0
08/17/26 01:20:45 Node P_W15_HI_M0_A00_S2 job proc (6053302.0.0) completed successfully.
08/17/26 01:20:45 Node P_W15_HI_M0_A00_S2 job(s) have exited the queue
08/17/26 01:20:45 Event: ULOG_JOB_TERMINATED for HTCondor Node P_W15_IH_M0_A00_S2 (6053254.0.0) {08/17/26 01:20:43}
08/17/26 01:20:45 Number of idle job procs: 0
08/17/26 01:20:45 Node P_W15_IH_M0_A00_S2 job proc (6053254.0.0) completed successfully.
08/17/26 01:20:45 Node P_W15_IH_M0_A00_S2 job(s) have exited the queue
08/17/26 01:20:45 Event: ULOG_JOB_TERMINATED for HTCondor Node C_W15_HH_M2_A10_S3_F2 (6053377.0.0) {08/17/26 01:20:43}
08/17/26 01:20:45 Number of idle job procs: 0
08/17/26 01:20:45 Node C_W15_HH_M2_A10_S3_F2 job proc (6053377.0.0) completed successfully.
08/17/26 01:20:45 Node C_W15_HH_M2_A10_S3_F2 job(s) have exited the queue
08/17/26 01:20:45 Reassigning the id of job C_W15_HI_M0_A00_S5_F0 from (6053413.0.0) to (6053413.0.0)
08/17/26 01:20:45 Event: ULOG_SUBMIT for HTCondor Node C_W15_HI_M0_A00_S5_F0 (6053413.0.0) {08/17/26 01:20:45}
08/17/26 01:20:45 Number of idle job procs: 1
08/17/26 01:20:45 Reassigning the id of job C_W15_LH_M2_A10_S2_F2 from (6053414.0.0) to (6053414.0.0)
08/17/26 01:20:45 Event: ULOG_SUBMIT for HTCondor Node C_W15_LH_M2_A10_S2_F2 (6053414.0.0) {08/17/26 01:20:45}
08/17/26 01:20:45 Number of idle job procs: 2
08/17/26 01:20:45 Reassigning the id of job C_W15_LH_M2_A10_S3_F2 from (6053415.0.0) to (6053415.0.0)
08/17/26 01:20:45 Event: ULOG_SUBMIT for HTCondor Node C_W15_LH_M2_A10_S3_F2 (6053415.0.0) {08/17/26 01:20:45}
08/17/26 01:20:45 Number of idle job procs: 3
08/17/26 01:20:45 DAG status: 0 (DAG_STATUS_OK)
08/17/26 01:20:45 Of 432 nodes total:
08/17/26 01:20:45  Done     Pre   Queued    Post   Ready   Un-Ready   Failed   Futile
08/17/26 01:20:45   ===     ===      ===     ===     ===        ===      ===      ===
08/17/26 01:20:45    82       0      202       0       3        145        0        0
08/17/26 01:20:45 0 job proc(s) currently held
08/17/26 01:20:45 DAGMan Runtime Statistics: [EventCycleTimeAvg=0.931; EventCycleTimeMax=20.234; EventCycleTimeMin=0.000; EventCycleTimeStd=2.919; EventCycleTimeSum=53.059; SleepCycleTimeAvg=5.005; SleepCycleTimeMax=5.015; SleepCycleTimeMin=5.000; SleepCycleTimeStd=0.002; SleepCycleTimeSum=285.285; SubmitCycleTimeAvg=0.141; SubmitCycleTimeMax=2.749; SubmitCycleTimeMin=0.000; SubmitCycleTimeStd=0.441; SubmitCycleTimeSum=8.191; EventCycleTimeCount=57.000; SleepCycleTimeCount=57.000; SubmitCycleTimeCount=58.000; LogProcessCycleTimeAvg=1.292; LogProcessCycleTimeMax=20.234; LogProcessCycleTimeMin=0.009; LogProcessCycleTimeStd=3.607; LogProcessCycleTimeSum=43.911; LogProcessCycleTimeCount=34.000; ]
08/17/26 01:20:50 Submitting HTCondor Node C_W15_LH_M2_A10_S0_F2 job(s)...
08/17/26 01:20:50 Submitting node C_W15_LH_M2_A10_S0_F2 from file /afs/cern.ch/user/c/cglenn/FCCWork/whizard/whizard_ttbar_spinpol/phase11_diagnostics/excess_weight_rootcause_v1/ttbar_restricted_region_suite_v1/regions/submissions/20260816T231425Z_U9region_core_W15_S8_np1_v1p0p1/region_child.sub using direct job submission
08/17/26 01:20:50 	assigned HTCondor ID (6053416.0.0)
08/17/26 01:20:50 Submitting HTCondor Node C_W15_HI_M0_A00_S2_F0 job(s)...
08/17/26 01:20:50 Submitting node C_W15_HI_M0_A00_S2_F0 from file /afs/cern.ch/user/c/cglenn/FCCWork/whizard/whizard_ttbar_spinpol/phase11_diagnostics/excess_weight_rootcause_v1/ttbar_restricted_region_suite_v1/regions/submissions/20260816T231425Z_U9region_core_W15_S8_np1_v1p0p1/region_child.sub using direct job submission
08/17/26 01:20:50 	assigned HTCondor ID (6053417.0.0)
08/17/26 01:20:50 Submitting HTCondor Node C_W15_IH_M0_A00_S2_F0 job(s)...
08/17/26 01:20:50 Submitting node C_W15_IH_M0_A00_S2_F0 from file /afs/cern.ch/user/c/cglenn/FCCWork/whizard/whizard_ttbar_spinpol/phase11_diagnostics/excess_weight_rootcause_v1/ttbar_restricted_region_suite_v1/regions/submissions/20260816T231425Z_U9region_core_W15_S8_np1_v1p0p1/region_child.sub using direct job submission
08/17/26 01:20:50 	assigned HTCondor ID (6053418.0.0)
08/17/26 01:20:50 Just submitted 3 jobs this cycle...
08/17/26 01:20:50 Currently monitoring 1 HTCondor log file(s)
08/17/26 01:20:50 Event: ULOG_JOB_TERMINATED for HTCondor Node C_W15_HH_M1_A07_S5_F0 (6053369.0.0) {08/17/26 01:20:47}
08/17/26 01:20:50 Number of idle job procs: 3
08/17/26 01:20:50 Node C_W15_HH_M1_A07_S5_F0 job proc (6053369.0.0) completed successfully.
08/17/26 01:20:50 Node C_W15_HH_M1_A07_S5_F0 job(s) have exited the queue
08/17/26 01:20:50 Event: ULOG_EXECUTE for HTCondor Node C_W15_HI_M0_A00_S5_F0 (6053413.0.0) {08/17/26 01:20:47}
08/17/26 01:20:50 Number of idle job procs: 2
08/17/26 01:20:50 Event: ULOG_EXECUTE for HTCondor Node C_W15_LH_M2_A10_S3_F2 (6053415.0.0) {08/17/26 01:20:47}
08/17/26 01:20:50 Number of idle job procs: 1
08/17/26 01:20:50 Event: ULOG_EXECUTE for HTCondor Node C_W15_LH_M2_A10_S2_F2 (6053414.0.0) {08/17/26 01:20:47}
08/17/26 01:20:50 Number of idle job procs: 0
08/17/26 01:20:50 Event: ULOG_JOB_TERMINATED for HTCondor Node P_W15_HL_M2_A10_S2 (6053294.0.0) {08/17/26 01:20:49}
08/17/26 01:20:50 Number of idle job procs: 0
08/17/26 01:20:50 Node P_W15_HL_M2_A10_S2 job proc (6053294.0.0) completed successfully.
08/17/26 01:20:50 Node P_W15_HL_M2_A10_S2 job(s) have exited the queue
08/17/26 01:20:50 Reassigning the id of job C_W15_LH_M2_A10_S0_F2 from (6053416.0.0) to (6053416.0.0)
08/17/26 01:20:50 Event: ULOG_SUBMIT for HTCondor Node C_W15_LH_M2_A10_S0_F2 (6053416.0.0) {08/17/26 01:20:50}
08/17/26 01:20:50 Number of idle job procs: 1
08/17/26 01:20:50 Reassigning the id of job C_W15_HI_M0_A00_S2_F0 from (6053417.0.0) to (6053417.0.0)
08/17/26 01:20:50 Event: ULOG_SUBMIT for HTCondor Node C_W15_HI_M0_A00_S2_F0 (6053417.0.0) {08/17/26 01:20:50}
08/17/26 01:20:50 Number of idle job procs: 2
08/17/26 01:20:50 Reassigning the id of job C_W15_IH_M0_A00_S2_F0 from (6053418.0.0) to (6053418.0.0)
08/17/26 01:20:50 Event: ULOG_SUBMIT for HTCondor Node C_W15_IH_M0_A00_S2_F0 (6053418.0.0) {08/17/26 01:20:50}
08/17/26 01:20:50 Number of idle job procs: 3
08/17/26 01:20:50 DAG status: 0 (DAG_STATUS_OK)
08/17/26 01:20:50 Of 432 nodes total:
08/17/26 01:20:50  Done     Pre   Queued    Post   Ready   Un-Ready   Failed   Futile
08/17/26 01:20:50   ===     ===      ===     ===     ===        ===      ===      ===
08/17/26 01:20:50    84       0      203       0       1        144        0        0
08/17/26 01:20:50 0 job proc(s) currently held
08/17/26 01:20:50 DAGMan Runtime Statistics: [EventCycleTimeAvg=0.918; EventCycleTimeMax=20.234; EventCycleTimeMin=0.000; EventCycleTimeStd=2.895; EventCycleTimeSum=53.264; SleepCycleTimeAvg=5.005; SleepCycleTimeMax=5.015; SleepCycleTimeMin=5.000; SleepCycleTimeStd=0.002; SleepCycleTimeSum=290.286; SubmitCycleTimeAvg=0.141; SubmitCycleTimeMax=2.749; SubmitCycleTimeMin=0.000; SubmitCycleTimeStd=0.437; SubmitCycleTimeSum=8.301; EventCycleTimeCount=58.000; SleepCycleTimeCount=58.000; SubmitCycleTimeCount=59.000; LogProcessCycleTimeAvg=1.257; LogProcessCycleTimeMax=20.234; LogProcessCycleTimeMin=0.009; LogProcessCycleTimeStd=3.559; LogProcessCycleTimeSum=43.996; LogProcessCycleTimeCount=35.000; ]
08/17/26 01:20:55 Submitting HTCondor Node C_W15_HL_M2_A10_S2_F2 job(s)...
08/17/26 01:20:55 Submitting node C_W15_HL_M2_A10_S2_F2 from file /afs/cern.ch/user/c/cglenn/FCCWork/whizard/whizard_ttbar_spinpol/phase11_diagnostics/excess_weight_rootcause_v1/ttbar_restricted_region_suite_v1/regions/submissions/20260816T231425Z_U9region_core_W15_S8_np1_v1p0p1/region_child.sub using direct job submission
08/17/26 01:20:56 	assigned HTCondor ID (6053419.0.0)
08/17/26 01:20:56 Just submitted 1 job this cycle...
08/17/26 01:20:56 Currently monitoring 1 HTCondor log file(s)
08/17/26 01:20:56 Event: ULOG_JOB_TERMINATED for HTCondor Node P_W15_LH_M2_A10_S7 (6053203.0.0) {08/17/26 01:20:51}
08/17/26 01:20:56 Number of idle job procs: 3
08/17/26 01:20:56 Node P_W15_LH_M2_A10_S7 job proc (6053203.0.0) completed successfully.
08/17/26 01:20:56 Node P_W15_LH_M2_A10_S7 job(s) have exited the queue
08/17/26 01:20:56 Event: ULOG_JOB_TERMINATED for HTCondor Node C_W15_HH_M1_A07_S7_F0 (6053388.0.0) {08/17/26 01:20:51}
08/17/26 01:20:56 Number of idle job procs: 3
08/17/26 01:20:56 Node C_W15_HH_M1_A07_S7_F0 job proc (6053388.0.0) completed successfully.
08/17/26 01:20:56 Node C_W15_HH_M1_A07_S7_F0 job(s) have exited the queue
08/17/26 01:20:56 Event: ULOG_EXECUTE for HTCondor Node C_W15_LH_M2_A10_S0_F2 (6053416.0.0) {08/17/26 01:20:52}
08/17/26 01:20:56 Number of idle job procs: 2
08/17/26 01:20:56 Event: ULOG_EXECUTE for HTCondor Node C_W15_HI_M0_A00_S2_F0 (6053417.0.0) {08/17/26 01:20:52}
08/17/26 01:20:56 Number of idle job procs: 1
08/17/26 01:20:56 Event: ULOG_EXECUTE for HTCondor Node C_W15_IH_M0_A00_S2_F0 (6053418.0.0) {08/17/26 01:20:53}
08/17/26 01:20:56 Number of idle job procs: 0
08/17/26 01:20:56 Reassigning the id of job C_W15_HL_M2_A10_S2_F2 from (6053419.0.0) to (6053419.0.0)
08/17/26 01:20:56 Event: ULOG_SUBMIT for HTCondor Node C_W15_HL_M2_A10_S2_F2 (6053419.0.0) {08/17/26 01:20:55}
08/17/26 01:20:56 Number of idle job procs: 1
08/17/26 01:20:56 DAG status: 0 (DAG_STATUS_OK)
08/17/26 01:20:56 Of 432 nodes total:
08/17/26 01:20:56  Done     Pre   Queued    Post   Ready   Un-Ready   Failed   Futile
08/17/26 01:20:56   ===     ===      ===     ===     ===        ===      ===      ===
08/17/26 01:20:56    86       0      202       0       1        143        0        0
08/17/26 01:20:56 0 job proc(s) currently held
08/17/26 01:20:56 DAGMan Runtime Statistics: [EventCycleTimeAvg=0.907; EventCycleTimeMax=20.234; EventCycleTimeMin=0.000; EventCycleTimeStd=2.872; EventCycleTimeSum=53.486; SleepCycleTimeAvg=5.005; SleepCycleTimeMax=5.015; SleepCycleTimeMin=5.000; SleepCycleTimeStd=0.002; SleepCycleTimeSum=295.293; SubmitCycleTimeAvg=0.139; SubmitCycleTimeMax=2.749; SubmitCycleTimeMin=0.000; SubmitCycleTimeStd=0.433; SubmitCycleTimeSum=8.335; EventCycleTimeCount=59.000; SleepCycleTimeCount=59.000; SubmitCycleTimeCount=60.000; LogProcessCycleTimeAvg=1.224; LogProcessCycleTimeMax=20.234; LogProcessCycleTimeMin=0.009; LogProcessCycleTimeStd=3.514; LogProcessCycleTimeSum=44.054; LogProcessCycleTimeCount=36.000; ]
08/17/26 01:21:01 Submitting HTCondor Node C_W15_LH_M2_A10_S7_F2 job(s)...
08/17/26 01:21:01 Submitting node C_W15_LH_M2_A10_S7_F2 from file /afs/cern.ch/user/c/cglenn/FCCWork/whizard/whizard_ttbar_spinpol/phase11_diagnostics/excess_weight_rootcause_v1/ttbar_restricted_region_suite_v1/regions/submissions/20260816T231425Z_U9region_core_W15_S8_np1_v1p0p1/region_child.sub using direct job submission
08/17/26 01:21:01 	assigned HTCondor ID (6053420.0.0)
08/17/26 01:21:01 Just submitted 1 job this cycle...
08/17/26 01:21:01 Currently monitoring 1 HTCondor log file(s)
08/17/26 01:21:01 Event: ULOG_JOB_TERMINATED for HTCondor Node C_W15_HH_M2_A10_S4_F2 (6053383.0.0) {08/17/26 01:20:58}
08/17/26 01:21:01 Number of idle job procs: 1
08/17/26 01:21:01 Node C_W15_HH_M2_A10_S4_F2 job proc (6053383.0.0) completed successfully.
08/17/26 01:21:01 Node C_W15_HH_M2_A10_S4_F2 job(s) have exited the queue
08/17/26 01:21:01 Event: ULOG_JOB_TERMINATED for HTCondor Node C_W15_HH_M1_A07_S6_F0 (6053380.0.0) {08/17/26 01:20:59}
08/17/26 01:21:01 Number of idle job procs: 1
08/17/26 01:21:01 Node C_W15_HH_M1_A07_S6_F0 job proc (6053380.0.0) completed successfully.
08/17/26 01:21:01 Node C_W15_HH_M1_A07_S6_F0 job(s) have exited the queue
08/17/26 01:21:01 Event: ULOG_EXECUTE for HTCondor Node C_W15_HL_M2_A10_S2_F2 (6053419.0.0) {08/17/26 01:21:00}
08/17/26 01:21:01 Number of idle job procs: 0
08/17/26 01:21:01 Reassigning the id of job C_W15_LH_M2_A10_S7_F2 from (6053420.0.0) to (6053420.0.0)
08/17/26 01:21:01 Event: ULOG_SUBMIT for HTCondor Node C_W15_LH_M2_A10_S7_F2 (6053420.0.0) {08/17/26 01:21:01}
08/17/26 01:21:01 Number of idle job procs: 1
08/17/26 01:21:01 DAG status: 0 (DAG_STATUS_OK)
08/17/26 01:21:01 Of 432 nodes total:
08/17/26 01:21:01  Done     Pre   Queued    Post   Ready   Un-Ready   Failed   Futile
08/17/26 01:21:01   ===     ===      ===     ===     ===        ===      ===      ===
08/17/26 01:21:01    88       0      201       0       0        143        0        0
08/17/26 01:21:01 0 job proc(s) currently held
08/17/26 01:21:01 DAGMan Runtime Statistics: [EventCycleTimeAvg=0.893; EventCycleTimeMax=20.234; EventCycleTimeMin=0.000; EventCycleTimeStd=2.849; EventCycleTimeSum=53.605; SleepCycleTimeAvg=5.005; SleepCycleTimeMax=5.015; SleepCycleTimeMin=5.000; SleepCycleTimeStd=0.002; SleepCycleTimeSum=300.301; SubmitCycleTimeAvg=0.137; SubmitCycleTimeMax=2.749; SubmitCycleTimeMin=0.000; SubmitCycleTimeStd=0.430; SubmitCycleTimeSum=8.387; EventCycleTimeCount=60.000; SleepCycleTimeCount=60.000; SubmitCycleTimeCount=61.000; LogProcessCycleTimeAvg=1.192; LogProcessCycleTimeMax=20.234; LogProcessCycleTimeMin=0.009; LogProcessCycleTimeStd=3.470; LogProcessCycleTimeSum=44.104; LogProcessCycleTimeCount=37.000; ]
08/17/26 01:21:06 Currently monitoring 1 HTCondor log file(s)
08/17/26 01:21:06 Event: ULOG_JOB_TERMINATED for HTCondor Node C_W15_HH_M2_A10_S1_F2 (6053376.0.0) {08/17/26 01:21:04}
08/17/26 01:21:06 Number of idle job procs: 1
08/17/26 01:21:06 Node C_W15_HH_M2_A10_S1_F2 job proc (6053376.0.0) completed successfully.
08/17/26 01:21:06 Node C_W15_HH_M2_A10_S1_F2 job(s) have exited the queue
08/17/26 01:21:06 Event: ULOG_EXECUTE for HTCondor Node C_W15_LH_M2_A10_S7_F2 (6053420.0.0) {08/17/26 01:21:05}
08/17/26 01:21:06 Number of idle job procs: 0
08/17/26 01:21:06 Event: ULOG_JOB_TERMINATED for HTCondor Node P_W15_LL_M2_A10_S3 (6053151.0.0) {08/17/26 01:21:05}
08/17/26 01:21:06 Number of idle job procs: 0
08/17/26 01:21:06 Node P_W15_LL_M2_A10_S3 job proc (6053151.0.0) completed successfully.
08/17/26 01:21:06 Node P_W15_LL_M2_A10_S3 job(s) have exited the queue
08/17/26 01:21:06 Event: ULOG_JOB_TERMINATED for HTCondor Node C_W15_HH_M2_A10_S0_F2 (6053386.0.0) {08/17/26 01:21:05}
08/17/26 01:21:06 Number of idle job procs: 0
08/17/26 01:21:06 Node C_W15_HH_M2_A10_S0_F2 job proc (6053386.0.0) completed successfully.
08/17/26 01:21:06 Node C_W15_HH_M2_A10_S0_F2 job(s) have exited the queue
08/17/26 01:21:06 DAG status: 0 (DAG_STATUS_OK)
08/17/26 01:21:06 Of 432 nodes total:
08/17/26 01:21:06  Done     Pre   Queued    Post   Ready   Un-Ready   Failed   Futile
08/17/26 01:21:06   ===     ===      ===     ===     ===        ===      ===      ===
08/17/26 01:21:06    91       0      198       0       1        142        0        0
08/17/26 01:21:06 0 job proc(s) currently held
08/17/26 01:21:06 DAGMan Runtime Statistics: [EventCycleTimeAvg=0.881; EventCycleTimeMax=20.234; EventCycleTimeMin=0.000; EventCycleTimeStd=2.827; EventCycleTimeSum=53.736; SleepCycleTimeAvg=5.005; SleepCycleTimeMax=5.015; SleepCycleTimeMin=5.000; SleepCycleTimeStd=0.002; SleepCycleTimeSum=305.308; SubmitCycleTimeAvg=0.135; SubmitCycleTimeMax=2.749; SubmitCycleTimeMin=0.000; SubmitCycleTimeStd=0.427; SubmitCycleTimeSum=8.387; EventCycleTimeCount=61.000; SleepCycleTimeCount=61.000; SubmitCycleTimeCount=62.000; LogProcessCycleTimeAvg=1.162; LogProcessCycleTimeMax=20.234; LogProcessCycleTimeMin=0.009; LogProcessCycleTimeStd=3.428; LogProcessCycleTimeSum=44.161; LogProcessCycleTimeCount=38.000; ]
08/17/26 01:21:11 Submitting HTCondor Node C_W15_LL_M2_A10_S3_F2 job(s)...
08/17/26 01:21:11 Submitting node C_W15_LL_M2_A10_S3_F2 from file /afs/cern.ch/user/c/cglenn/FCCWork/whizard/whizard_ttbar_spinpol/phase11_diagnostics/excess_weight_rootcause_v1/ttbar_restricted_region_suite_v1/regions/submissions/20260816T231425Z_U9region_core_W15_S8_np1_v1p0p1/region_child.sub using direct job submission
08/17/26 01:21:11 	assigned HTCondor ID (6053421.0.0)
08/17/26 01:21:11 Just submitted 1 job this cycle...
08/17/26 01:21:11 Currently monitoring 1 HTCondor log file(s)
08/17/26 01:21:11 Event: ULOG_JOB_TERMINATED for HTCondor Node C_W15_HH_M1_A07_S3_F0 (6053378.0.0) {08/17/26 01:21:07}
08/17/26 01:21:11 Number of idle job procs: 0
08/17/26 01:21:11 Node C_W15_HH_M1_A07_S3_F0 job proc (6053378.0.0) completed successfully.
08/17/26 01:21:11 Node C_W15_HH_M1_A07_S3_F0 job(s) have exited the queue
08/17/26 01:21:11 Event: ULOG_JOB_TERMINATED for HTCondor Node C_W15_HH_M1_A07_S1_F0 (6053384.0.0) {08/17/26 01:21:10}
08/17/26 01:21:11 Number of idle job procs: 0
08/17/26 01:21:11 Node C_W15_HH_M1_A07_S1_F0 job proc (6053384.0.0) completed successfully.
08/17/26 01:21:11 Node C_W15_HH_M1_A07_S1_F0 job(s) have exited the queue
08/17/26 01:21:11 Reassigning the id of job C_W15_LL_M2_A10_S3_F2 from (6053421.0.0) to (6053421.0.0)
08/17/26 01:21:11 Event: ULOG_SUBMIT for HTCondor Node C_W15_LL_M2_A10_S3_F2 (6053421.0.0) {08/17/26 01:21:11}
08/17/26 01:21:11 Number of idle job procs: 1
08/17/26 01:21:11 DAG status: 0 (DAG_STATUS_OK)
08/17/26 01:21:11 Of 432 nodes total:
08/17/26 01:21:11  Done     Pre   Queued    Post   Ready   Un-Ready   Failed   Futile
08/17/26 01:21:11   ===     ===      ===     ===     ===        ===      ===      ===
08/17/26 01:21:11    93       0      197       0       0        142        0        0
08/17/26 01:21:11 0 job proc(s) currently held
08/17/26 01:21:11 DAGMan Runtime Statistics: [EventCycleTimeAvg=0.868; EventCycleTimeMax=20.234; EventCycleTimeMin=0.000; EventCycleTimeStd=2.805; EventCycleTimeSum=53.819; SleepCycleTimeAvg=5.005; SleepCycleTimeMax=5.015; SleepCycleTimeMin=5.000; SleepCycleTimeStd=0.002; SleepCycleTimeSum=310.315; SubmitCycleTimeAvg=0.134; SubmitCycleTimeMax=2.749; SubmitCycleTimeMin=0.000; SubmitCycleTimeStd=0.423; SubmitCycleTimeSum=8.429; EventCycleTimeCount=62.000; SleepCycleTimeCount=62.000; SubmitCycleTimeCount=63.000; LogProcessCycleTimeAvg=1.134; LogProcessCycleTimeMax=20.234; LogProcessCycleTimeMin=0.009; LogProcessCycleTimeStd=3.387; LogProcessCycleTimeSum=44.208; LogProcessCycleTimeCount=39.000; ]
08/17/26 01:21:16 Currently monitoring 1 HTCondor log file(s)
08/17/26 01:21:16 Event: ULOG_EXECUTE for HTCondor Node C_W15_LL_M2_A10_S3_F2 (6053421.0.0) {08/17/26 01:21:12}
08/17/26 01:21:16 Number of idle job procs: 0
08/17/26 01:21:16 Event: ULOG_JOB_TERMINATED for HTCondor Node P_W15_LL_M2_A10_S0 (6053148.0.0) {08/17/26 01:21:13}
08/17/26 01:21:16 Number of idle job procs: 0
08/17/26 01:21:16 Node P_W15_LL_M2_A10_S0 job proc (6053148.0.0) completed successfully.
08/17/26 01:21:16 Node P_W15_LL_M2_A10_S0 job(s) have exited the queue
08/17/26 01:21:16 Event: ULOG_JOB_TERMINATED for HTCondor Node P_W15_LH_M2_A10_S4 (6053200.0.0) {08/17/26 01:21:13}
08/17/26 01:21:16 Number of idle job procs: 0
08/17/26 01:21:16 Node P_W15_LH_M2_A10_S4 job proc (6053200.0.0) completed successfully.
08/17/26 01:21:16 Node P_W15_LH_M2_A10_S4 job(s) have exited the queue
08/17/26 01:21:16 Event: ULOG_JOB_TERMINATED for HTCondor Node C_W15_HH_M2_A10_S7_F2 (6053385.0.0) {08/17/26 01:21:14}
08/17/26 01:21:16 Number of idle job procs: 0
08/17/26 01:21:16 Node C_W15_HH_M2_A10_S7_F2 job proc (6053385.0.0) completed successfully.
08/17/26 01:21:16 Node C_W15_HH_M2_A10_S7_F2 job(s) have exited the queue
08/17/26 01:21:16 DAG status: 0 (DAG_STATUS_OK)
08/17/26 01:21:16 Of 432 nodes total:
08/17/26 01:21:16  Done     Pre   Queued    Post   Ready   Un-Ready   Failed   Futile
08/17/26 01:21:16   ===     ===      ===     ===     ===        ===      ===      ===
08/17/26 01:21:16    96       0      194       0       2        140        0        0
08/17/26 01:21:16 0 job proc(s) currently held
08/17/26 01:21:16 DAGMan Runtime Statistics: [EventCycleTimeAvg=0.856; EventCycleTimeMax=20.234; EventCycleTimeMin=0.000; EventCycleTimeStd=2.784; EventCycleTimeSum=53.940; SleepCycleTimeAvg=5.005; SleepCycleTimeMax=5.015; SleepCycleTimeMin=5.000; SleepCycleTimeStd=0.002; SleepCycleTimeSum=315.320; SubmitCycleTimeAvg=0.132; SubmitCycleTimeMax=2.749; SubmitCycleTimeMin=0.000; SubmitCycleTimeStd=0.420; SubmitCycleTimeSum=8.429; EventCycleTimeCount=63.000; SleepCycleTimeCount=63.000; SubmitCycleTimeCount=64.000; LogProcessCycleTimeAvg=1.107; LogProcessCycleTimeMax=20.234; LogProcessCycleTimeMin=0.009; LogProcessCycleTimeStd=3.348; LogProcessCycleTimeSum=44.268; LogProcessCycleTimeCount=40.000; ]
08/17/26 01:21:21 Submitting HTCondor Node C_W15_LL_M2_A10_S0_F2 job(s)...
08/17/26 01:21:21 Submitting node C_W15_LL_M2_A10_S0_F2 from file /afs/cern.ch/user/c/cglenn/FCCWork/whizard/whizard_ttbar_spinpol/phase11_diagnostics/excess_weight_rootcause_v1/ttbar_restricted_region_suite_v1/regions/submissions/20260816T231425Z_U9region_core_W15_S8_np1_v1p0p1/region_child.sub using direct job submission
08/17/26 01:21:21 	assigned HTCondor ID (6053422.0.0)
08/17/26 01:21:21 Submitting HTCondor Node C_W15_LH_M2_A10_S4_F2 job(s)...
08/17/26 01:21:21 Submitting node C_W15_LH_M2_A10_S4_F2 from file /afs/cern.ch/user/c/cglenn/FCCWork/whizard/whizard_ttbar_spinpol/phase11_diagnostics/excess_weight_rootcause_v1/ttbar_restricted_region_suite_v1/regions/submissions/20260816T231425Z_U9region_core_W15_S8_np1_v1p0p1/region_child.sub using direct job submission
08/17/26 01:21:21 	assigned HTCondor ID (6053423.0.0)
08/17/26 01:21:21 Just submitted 2 jobs this cycle...
08/17/26 01:21:21 Currently monitoring 1 HTCondor log file(s)
08/17/26 01:21:21 Event: ULOG_JOB_TERMINATED for HTCondor Node C_W15_HH_M1_A07_S0_F0 (6053374.0.0) {08/17/26 01:21:16}
08/17/26 01:21:21 Number of idle job procs: 0
08/17/26 01:21:21 Node C_W15_HH_M1_A07_S0_F0 job proc (6053374.0.0) completed successfully.
08/17/26 01:21:21 Node C_W15_HH_M1_A07_S0_F0 job(s) have exited the queue
08/17/26 01:21:21 Event: ULOG_JOB_TERMINATED for HTCondor Node C_W15_HH_M2_A10_S2_F2 (6053367.0.0) {08/17/26 01:21:18}
08/17/26 01:21:21 Number of idle job procs: 0
08/17/26 01:21:21 Node C_W15_HH_M2_A10_S2_F2 job proc (6053367.0.0) completed successfully.
08/17/26 01:21:21 Node C_W15_HH_M2_A10_S2_F2 job(s) have exited the queue
08/17/26 01:21:21 Event: ULOG_JOB_TERMINATED for HTCondor Node C_W15_HH_M1_A07_S4_F0 (6053393.0.0) {08/17/26 01:21:19}
08/17/26 01:21:21 Number of idle job procs: 0
08/17/26 01:21:21 Node C_W15_HH_M1_A07_S4_F0 job proc (6053393.0.0) completed successfully.
08/17/26 01:21:21 Node C_W15_HH_M1_A07_S4_F0 job(s) have exited the queue
08/17/26 01:21:21 Reassigning the id of job C_W15_LL_M2_A10_S0_F2 from (6053422.0.0) to (6053422.0.0)
08/17/26 01:21:21 Event: ULOG_SUBMIT for HTCondor Node C_W15_LL_M2_A10_S0_F2 (6053422.0.0) {08/17/26 01:21:21}
08/17/26 01:21:21 Number of idle job procs: 1
08/17/26 01:21:21 Reassigning the id of job C_W15_LH_M2_A10_S4_F2 from (6053423.0.0) to (6053423.0.0)
08/17/26 01:21:21 Event: ULOG_SUBMIT for HTCondor Node C_W15_LH_M2_A10_S4_F2 (6053423.0.0) {08/17/26 01:21:21}
08/17/26 01:21:21 Number of idle job procs: 2
08/17/26 01:21:21 DAG status: 0 (DAG_STATUS_OK)
08/17/26 01:21:21 Of 432 nodes total:
08/17/26 01:21:21  Done     Pre   Queued    Post   Ready   Un-Ready   Failed   Futile
08/17/26 01:21:21   ===     ===      ===     ===     ===        ===      ===      ===
08/17/26 01:21:21    99       0      193       0       0        140        0        0
08/17/26 01:21:21 0 job proc(s) currently held
08/17/26 01:21:21 DAGMan Runtime Statistics: [EventCycleTimeAvg=0.844; EventCycleTimeMax=20.234; EventCycleTimeMin=0.000; EventCycleTimeStd=2.764; EventCycleTimeSum=54.028; SleepCycleTimeAvg=5.005; SleepCycleTimeMax=5.015; SleepCycleTimeMin=5.000; SleepCycleTimeStd=0.002; SleepCycleTimeSum=320.325; SubmitCycleTimeAvg=0.131; SubmitCycleTimeMax=2.749; SubmitCycleTimeMin=0.000; SubmitCycleTimeStd=0.417; SubmitCycleTimeSum=8.501; EventCycleTimeCount=64.000; SleepCycleTimeCount=64.000; SubmitCycleTimeCount=65.000; LogProcessCycleTimeAvg=1.082; LogProcessCycleTimeMax=20.234; LogProcessCycleTimeMin=0.009; LogProcessCycleTimeStd=3.309; LogProcessCycleTimeSum=44.347; LogProcessCycleTimeCount=41.000; ]
08/17/26 01:21:26 Currently monitoring 1 HTCondor log file(s)
08/17/26 01:21:26 Event: ULOG_JOB_TERMINATED for HTCondor Node P_W15_LL_M2_A10_S4 (6053152.0.0) {08/17/26 01:21:23}
08/17/26 01:21:26 Number of idle job procs: 2
08/17/26 01:21:26 Node P_W15_LL_M2_A10_S4 job proc (6053152.0.0) completed successfully.
08/17/26 01:21:26 Node P_W15_LL_M2_A10_S4 job(s) have exited the queue
08/17/26 01:21:26 Event: ULOG_EXECUTE for HTCondor Node C_W15_LH_M2_A10_S4_F2 (6053423.0.0) {08/17/26 01:21:24}
08/17/26 01:21:26 Number of idle job procs: 1
08/17/26 01:21:26 Event: ULOG_EXECUTE for HTCondor Node C_W15_LL_M2_A10_S0_F2 (6053422.0.0) {08/17/26 01:21:24}
08/17/26 01:21:26 Number of idle job procs: 0
08/17/26 01:21:26 DAG status: 0 (DAG_STATUS_OK)
08/17/26 01:21:26 Of 432 nodes total:
08/17/26 01:21:26  Done     Pre   Queued    Post   Ready   Un-Ready   Failed   Futile
08/17/26 01:21:26   ===     ===      ===     ===     ===        ===      ===      ===
08/17/26 01:21:26   100       0      192       0       1        139        0        0
08/17/26 01:21:26 0 job proc(s) currently held
08/17/26 01:21:26 DAGMan Runtime Statistics: [EventCycleTimeAvg=0.834; EventCycleTimeMax=20.234; EventCycleTimeMin=0.000; EventCycleTimeStd=2.743; EventCycleTimeSum=54.213; SleepCycleTimeAvg=5.005; SleepCycleTimeMax=5.015; SleepCycleTimeMin=5.000; SleepCycleTimeStd=0.002; SleepCycleTimeSum=325.333; SubmitCycleTimeAvg=0.129; SubmitCycleTimeMax=2.749; SubmitCycleTimeMin=0.000; SubmitCycleTimeStd=0.414; SubmitCycleTimeSum=8.501; EventCycleTimeCount=65.000; SleepCycleTimeCount=65.000; SubmitCycleTimeCount=66.000; LogProcessCycleTimeAvg=1.057; LogProcessCycleTimeMax=20.234; LogProcessCycleTimeMin=0.009; LogProcessCycleTimeStd=3.273; LogProcessCycleTimeSum=44.385; LogProcessCycleTimeCount=42.000; ]
08/17/26 01:21:31 Submitting HTCondor Node C_W15_LL_M2_A10_S4_F2 job(s)...
08/17/26 01:21:31 Submitting node C_W15_LL_M2_A10_S4_F2 from file /afs/cern.ch/user/c/cglenn/FCCWork/whizard/whizard_ttbar_spinpol/phase11_diagnostics/excess_weight_rootcause_v1/ttbar_restricted_region_suite_v1/regions/submissions/20260816T231425Z_U9region_core_W15_S8_np1_v1p0p1/region_child.sub using direct job submission
08/17/26 01:21:31 	assigned HTCondor ID (6053424.0.0)
08/17/26 01:21:31 Just submitted 1 job this cycle...
08/17/26 01:21:31 Currently monitoring 1 HTCondor log file(s)
08/17/26 01:21:31 Event: ULOG_JOB_TERMINATED for HTCondor Node C_W15_HH_M1_A07_S2_F0 (6053394.0.0) {08/17/26 01:21:27}
08/17/26 01:21:31 Number of idle job procs: 0
08/17/26 01:21:31 Node C_W15_HH_M1_A07_S2_F0 job proc (6053394.0.0) completed successfully.
08/17/26 01:21:31 Node C_W15_HH_M1_A07_S2_F0 job(s) have exited the queue
08/17/26 01:21:31 Event: ULOG_JOB_TERMINATED for HTCondor Node P_W15_LL_M2_A10_S7 (6053155.0.0) {08/17/26 01:21:31}
08/17/26 01:21:31 Number of idle job procs: 0
08/17/26 01:21:31 Node P_W15_LL_M2_A10_S7 job proc (6053155.0.0) completed successfully.
08/17/26 01:21:31 Node P_W15_LL_M2_A10_S7 job(s) have exited the queue
08/17/26 01:21:31 Reassigning the id of job C_W15_LL_M2_A10_S4_F2 from (6053424.0.0) to (6053424.0.0)
08/17/26 01:21:31 Event: ULOG_SUBMIT for HTCondor Node C_W15_LL_M2_A10_S4_F2 (6053424.0.0) {08/17/26 01:21:31}
08/17/26 01:21:31 Number of idle job procs: 1
08/17/26 01:21:31 DAG status: 0 (DAG_STATUS_OK)
08/17/26 01:21:31 Of 432 nodes total:
08/17/26 01:21:31  Done     Pre   Queued    Post   Ready   Un-Ready   Failed   Futile
08/17/26 01:21:31   ===     ===      ===     ===     ===        ===      ===      ===
08/17/26 01:21:31   102       0      191       0       1        138        0        0
08/17/26 01:21:31 0 job proc(s) currently held
08/17/26 01:21:31 DAGMan Runtime Statistics: [EventCycleTimeAvg=0.822; EventCycleTimeMax=20.234; EventCycleTimeMin=0.000; EventCycleTimeStd=2.724; EventCycleTimeSum=54.281; SleepCycleTimeAvg=5.005; SleepCycleTimeMax=5.015; SleepCycleTimeMin=5.000; SleepCycleTimeStd=0.002; SleepCycleTimeSum=330.338; SubmitCycleTimeAvg=0.127; SubmitCycleTimeMax=2.749; SubmitCycleTimeMin=0.000; SubmitCycleTimeStd=0.411; SubmitCycleTimeSum=8.537; EventCycleTimeCount=66.000; SleepCycleTimeCount=66.000; SubmitCycleTimeCount=67.000; LogProcessCycleTimeAvg=1.033; LogProcessCycleTimeMax=20.234; LogProcessCycleTimeMin=0.009; LogProcessCycleTimeStd=3.237; LogProcessCycleTimeSum=44.438; LogProcessCycleTimeCount=43.000; ]
08/17/26 01:21:36 Submitting HTCondor Node C_W15_LL_M2_A10_S7_F2 job(s)...
08/17/26 01:21:36 Submitting node C_W15_LL_M2_A10_S7_F2 from file /afs/cern.ch/user/c/cglenn/FCCWork/whizard/whizard_ttbar_spinpol/phase11_diagnostics/excess_weight_rootcause_v1/ttbar_restricted_region_suite_v1/regions/submissions/20260816T231425Z_U9region_core_W15_S8_np1_v1p0p1/region_child.sub using direct job submission
08/17/26 01:21:36 	assigned HTCondor ID (6053425.0.0)
08/17/26 01:21:36 Just submitted 1 job this cycle...
08/17/26 01:21:36 Currently monitoring 1 HTCondor log file(s)
08/17/26 01:21:36 Event: ULOG_EXECUTE for HTCondor Node C_W15_LL_M2_A10_S4_F2 (6053424.0.0) {08/17/26 01:21:33}
08/17/26 01:21:36 Number of idle job procs: 0
08/17/26 01:21:37 Reassigning the id of job C_W15_LL_M2_A10_S7_F2 from (6053425.0.0) to (6053425.0.0)
08/17/26 01:21:37 Event: ULOG_SUBMIT for HTCondor Node C_W15_LL_M2_A10_S7_F2 (6053425.0.0) {08/17/26 01:21:36}
08/17/26 01:21:37 Number of idle job procs: 1
08/17/26 01:21:37 DAG status: 0 (DAG_STATUS_OK)
08/17/26 01:21:37 Of 432 nodes total:
08/17/26 01:21:37  Done     Pre   Queued    Post   Ready   Un-Ready   Failed   Futile
08/17/26 01:21:37   ===     ===      ===     ===     ===        ===      ===      ===
08/17/26 01:21:37   102       0      192       0       0        138        0        0
08/17/26 01:21:37 0 job proc(s) currently held
08/17/26 01:21:37 DAGMan Runtime Statistics: [EventCycleTimeAvg=0.812; EventCycleTimeMax=20.234; EventCycleTimeMin=0.000; EventCycleTimeStd=2.704; EventCycleTimeSum=54.405; SleepCycleTimeAvg=5.005; SleepCycleTimeMax=5.015; SleepCycleTimeMin=5.000; SleepCycleTimeStd=0.002; SleepCycleTimeSum=335.346; SubmitCycleTimeAvg=0.126; SubmitCycleTimeMax=2.749; SubmitCycleTimeMin=0.000; SubmitCycleTimeStd=0.408; SubmitCycleTimeSum=8.576; EventCycleTimeCount=67.000; SleepCycleTimeCount=67.000; SubmitCycleTimeCount=68.000; LogProcessCycleTimeAvg=1.011; LogProcessCycleTimeMax=20.234; LogProcessCycleTimeMin=0.009; LogProcessCycleTimeStd=3.203; LogProcessCycleTimeSum=44.464; LogProcessCycleTimeCount=44.000; ]
08/17/26 01:21:42 Currently monitoring 1 HTCondor log file(s)
08/17/26 01:21:42 Event: ULOG_EXECUTE for HTCondor Node C_W15_LL_M2_A10_S7_F2 (6053425.0.0) {08/17/26 01:21:39}
08/17/26 01:21:42 Number of idle job procs: 0
08/17/26 01:21:42 Event: ULOG_JOB_TERMINATED for HTCondor Node P_W15_HL_M2_A10_S5 (6053297.0.0) {08/17/26 01:21:40}
08/17/26 01:21:42 Number of idle job procs: 0
08/17/26 01:21:42 Node P_W15_HL_M2_A10_S5 job proc (6053297.0.0) completed successfully.
08/17/26 01:21:42 Node P_W15_HL_M2_A10_S5 job(s) have exited the queue
08/17/26 01:21:42 Event: ULOG_JOB_TERMINATED for HTCondor Node P_W15_HL_M2_A10_S1 (6053293.0.0) {08/17/26 01:21:41}
08/17/26 01:21:42 Number of idle job procs: 0
08/17/26 01:21:42 Node P_W15_HL_M2_A10_S1 job proc (6053293.0.0) completed successfully.
08/17/26 01:21:42 Node P_W15_HL_M2_A10_S1 job(s) have exited the queue
08/17/26 01:21:42 DAG status: 0 (DAG_STATUS_OK)
08/17/26 01:21:42 Of 432 nodes total:
08/17/26 01:21:42  Done     Pre   Queued    Post   Ready   Un-Ready   Failed   Futile
08/17/26 01:21:42   ===     ===      ===     ===     ===        ===      ===      ===
08/17/26 01:21:42   104       0      190       0       2        136        0        0
08/17/26 01:21:42 0 job proc(s) currently held
08/17/26 01:21:42 DAGMan Runtime Statistics: [EventCycleTimeAvg=0.802; EventCycleTimeMax=20.234; EventCycleTimeMin=0.000; EventCycleTimeStd=2.686; EventCycleTimeSum=54.507; SleepCycleTimeAvg=5.005; SleepCycleTimeMax=5.015; SleepCycleTimeMin=5.000; SleepCycleTimeStd=0.002; SleepCycleTimeSum=340.351; SubmitCycleTimeAvg=0.124; SubmitCycleTimeMax=2.749; SubmitCycleTimeMin=0.000; SubmitCycleTimeStd=0.406; SubmitCycleTimeSum=8.576; EventCycleTimeCount=68.000; SleepCycleTimeCount=68.000; SubmitCycleTimeCount=69.000; LogProcessCycleTimeAvg=0.989; LogProcessCycleTimeMax=20.234; LogProcessCycleTimeMin=0.009; LogProcessCycleTimeStd=3.169; LogProcessCycleTimeSum=44.519; LogProcessCycleTimeCount=45.000; ]
08/17/26 01:21:47 Submitting HTCondor Node C_W15_HL_M2_A10_S5_F2 job(s)...
08/17/26 01:21:47 Submitting node C_W15_HL_M2_A10_S5_F2 from file /afs/cern.ch/user/c/cglenn/FCCWork/whizard/whizard_ttbar_spinpol/phase11_diagnostics/excess_weight_rootcause_v1/ttbar_restricted_region_suite_v1/regions/submissions/20260816T231425Z_U9region_core_W15_S8_np1_v1p0p1/region_child.sub using direct job submission
08/17/26 01:21:47 	assigned HTCondor ID (6053527.0.0)
08/17/26 01:21:47 Submitting HTCondor Node C_W15_HL_M2_A10_S1_F2 job(s)...
08/17/26 01:21:47 Submitting node C_W15_HL_M2_A10_S1_F2 from file /afs/cern.ch/user/c/cglenn/FCCWork/whizard/whizard_ttbar_spinpol/phase11_diagnostics/excess_weight_rootcause_v1/ttbar_restricted_region_suite_v1/regions/submissions/20260816T231425Z_U9region_core_W15_S8_np1_v1p0p1/region_child.sub using direct job submission
08/17/26 01:21:47 	assigned HTCondor ID (6053528.0.0)
08/17/26 01:21:47 Just submitted 2 jobs this cycle...
08/17/26 01:21:47 DAG status: 0 (DAG_STATUS_OK)
08/17/26 01:21:47 Of 432 nodes total:
08/17/26 01:21:47  Done     Pre   Queued    Post   Ready   Un-Ready   Failed   Futile
08/17/26 01:21:47   ===     ===      ===     ===     ===        ===      ===      ===
08/17/26 01:21:47   104       0      192       0       0        136        0        0
08/17/26 01:21:47 0 job proc(s) currently held
08/17/26 01:21:47 DAGMan Runtime Statistics: [EventCycleTimeAvg=0.791; EventCycleTimeMax=20.234; EventCycleTimeMin=0.000; EventCycleTimeStd=2.667; EventCycleTimeSum=54.594; SleepCycleTimeAvg=5.005; SleepCycleTimeMax=5.015; SleepCycleTimeMin=5.000; SleepCycleTimeStd=0.002; SleepCycleTimeSum=345.354; SubmitCycleTimeAvg=0.124; SubmitCycleTimeMax=2.749; SubmitCycleTimeMin=0.000; SubmitCycleTimeStd=0.403; SubmitCycleTimeSum=8.663; EventCycleTimeCount=69.000; SleepCycleTimeCount=69.000; SubmitCycleTimeCount=70.000; LogProcessCycleTimeAvg=0.989; LogProcessCycleTimeMax=20.234; LogProcessCycleTimeMin=0.009; LogProcessCycleTimeStd=3.169; LogProcessCycleTimeSum=44.519; LogProcessCycleTimeCount=45.000; ]
08/17/26 01:21:52 Currently monitoring 1 HTCondor log file(s)
08/17/26 01:21:52 Reassigning the id of job C_W15_HL_M2_A10_S5_F2 from (6053527.0.0) to (6053527.0.0)
08/17/26 01:21:52 Event: ULOG_SUBMIT for HTCondor Node C_W15_HL_M2_A10_S5_F2 (6053527.0.0) {08/17/26 01:21:47}
08/17/26 01:21:52 Number of idle job procs: 1
08/17/26 01:21:52 Reassigning the id of job C_W15_HL_M2_A10_S1_F2 from (6053528.0.0) to (6053528.0.0)
08/17/26 01:21:52 Event: ULOG_SUBMIT for HTCondor Node C_W15_HL_M2_A10_S1_F2 (6053528.0.0) {08/17/26 01:21:47}
08/17/26 01:21:52 Number of idle job procs: 2
08/17/26 01:21:57 Currently monitoring 1 HTCondor log file(s)
08/17/26 01:21:57 Event: ULOG_JOB_TERMINATED for HTCondor Node P_W15_LL_M2_A10_S6 (6053154.0.0) {08/17/26 01:21:55}
08/17/26 01:21:57 Number of idle job procs: 2
08/17/26 01:21:57 Node P_W15_LL_M2_A10_S6 job proc (6053154.0.0) completed successfully.
08/17/26 01:21:57 Node P_W15_LL_M2_A10_S6 job(s) have exited the queue
08/17/26 01:21:57 DAG status: 0 (DAG_STATUS_OK)
08/17/26 01:21:57 Of 432 nodes total:
08/17/26 01:21:57  Done     Pre   Queued    Post   Ready   Un-Ready   Failed   Futile
08/17/26 01:21:57   ===     ===      ===     ===     ===        ===      ===      ===
08/17/26 01:21:57   105       0      191       0       1        135        0        0
08/17/26 01:21:57 0 job proc(s) currently held
08/17/26 01:21:57 DAGMan Runtime Statistics: [EventCycleTimeAvg=0.771; EventCycleTimeMax=20.234; EventCycleTimeMin=0.000; EventCycleTimeStd=2.631; EventCycleTimeSum=54.758; SleepCycleTimeAvg=5.005; SleepCycleTimeMax=5.015; SleepCycleTimeMin=5.000; SleepCycleTimeStd=0.002; SleepCycleTimeSum=355.359; SubmitCycleTimeAvg=0.120; SubmitCycleTimeMax=2.749; SubmitCycleTimeMin=0.000; SubmitCycleTimeStd=0.397; SubmitCycleTimeSum=8.663; EventCycleTimeCount=71.000; SleepCycleTimeCount=71.000; SubmitCycleTimeCount=72.000; LogProcessCycleTimeAvg=0.949; LogProcessCycleTimeMax=20.234; LogProcessCycleTimeMin=0.009; LogProcessCycleTimeStd=3.106; LogProcessCycleTimeSum=44.586; LogProcessCycleTimeCount=47.000; ]
08/17/26 01:22:02 Submitting HTCondor Node C_W15_LL_M2_A10_S6_F2 job(s)...
08/17/26 01:22:02 Submitting node C_W15_LL_M2_A10_S6_F2 from file /afs/cern.ch/user/c/cglenn/FCCWork/whizard/whizard_ttbar_spinpol/phase11_diagnostics/excess_weight_rootcause_v1/ttbar_restricted_region_suite_v1/regions/submissions/20260816T231425Z_U9region_core_W15_S8_np1_v1p0p1/region_child.sub using direct job submission
08/17/26 01:22:02 	assigned HTCondor ID (6053557.0.0)
08/17/26 01:22:02 Just submitted 1 job this cycle...
08/17/26 01:22:02 Currently monitoring 1 HTCondor log file(s)
08/17/26 01:22:02 Event: ULOG_JOB_TERMINATED for HTCondor Node P_W15_LH_M2_A10_S6 (6053202.0.0) {08/17/26 01:22:00}
08/17/26 01:22:02 Number of idle job procs: 2
08/17/26 01:22:02 Node P_W15_LH_M2_A10_S6 job proc (6053202.0.0) completed successfully.
08/17/26 01:22:02 Node P_W15_LH_M2_A10_S6 job(s) have exited the queue
08/17/26 01:22:02 Event: ULOG_JOB_TERMINATED for HTCondor Node P_W15_LH_M2_A10_S5 (6053201.0.0) {08/17/26 01:22:01}
08/17/26 01:22:02 Number of idle job procs: 2
08/17/26 01:22:02 Node P_W15_LH_M2_A10_S5 job proc (6053201.0.0) completed successfully.
08/17/26 01:22:02 Node P_W15_LH_M2_A10_S5 job(s) have exited the queue
08/17/26 01:22:02 Event: ULOG_JOB_TERMINATED for HTCondor Node P_W15_HL_M2_A10_S7 (6053299.0.0) {08/17/26 01:22:01}
08/17/26 01:22:02 Number of idle job procs: 2
08/17/26 01:22:02 Node P_W15_HL_M2_A10_S7 job proc (6053299.0.0) completed successfully.
08/17/26 01:22:02 Node P_W15_HL_M2_A10_S7 job(s) have exited the queue
08/17/26 01:22:02 Event: ULOG_JOB_TERMINATED for HTCondor Node P_W15_IH_M0_A00_S1 (6053253.0.0) {08/17/26 01:22:02}
08/17/26 01:22:02 Number of idle job procs: 2
08/17/26 01:22:02 Node P_W15_IH_M0_A00_S1 job proc (6053253.0.0) completed successfully.
08/17/26 01:22:02 Node P_W15_IH_M0_A00_S1 job(s) have exited the queue
08/17/26 01:22:02 Reassigning the id of job C_W15_LL_M2_A10_S6_F2 from (6053557.0.0) to (6053557.0.0)
08/17/26 01:22:02 Event: ULOG_SUBMIT for HTCondor Node C_W15_LL_M2_A10_S6_F2 (6053557.0.0) {08/17/26 01:22:02}
08/17/26 01:22:02 Number of idle job procs: 3
08/17/26 01:22:02 DAG status: 0 (DAG_STATUS_OK)
08/17/26 01:22:02 Of 432 nodes total:
08/17/26 01:22:02  Done     Pre   Queued    Post   Ready   Un-Ready   Failed   Futile
08/17/26 01:22:02   ===     ===      ===     ===     ===        ===      ===      ===
08/17/26 01:22:02   109       0      188       0       4        131        0        0
08/17/26 01:22:02 0 job proc(s) currently held
08/17/26 01:22:02 DAGMan Runtime Statistics: [EventCycleTimeAvg=0.761; EventCycleTimeMax=20.234; EventCycleTimeMin=0.000; EventCycleTimeStd=2.614; EventCycleTimeSum=54.821; SleepCycleTimeAvg=5.005; SleepCycleTimeMax=5.015; SleepCycleTimeMin=5.000; SleepCycleTimeStd=0.002; SleepCycleTimeSum=360.364; SubmitCycleTimeAvg=0.120; SubmitCycleTimeMax=2.749; SubmitCycleTimeMin=0.000; SubmitCycleTimeStd=0.395; SubmitCycleTimeSum=8.739; EventCycleTimeCount=72.000; SleepCycleTimeCount=72.000; SubmitCycleTimeCount=73.000; LogProcessCycleTimeAvg=0.931; LogProcessCycleTimeMax=20.234; LogProcessCycleTimeMin=0.009; LogProcessCycleTimeStd=3.075; LogProcessCycleTimeSum=44.682; LogProcessCycleTimeCount=48.000; ]
08/17/26 01:22:07 Submitting HTCondor Node C_W15_LH_M2_A10_S6_F2 job(s)...
08/17/26 01:22:07 Submitting node C_W15_LH_M2_A10_S6_F2 from file /afs/cern.ch/user/c/cglenn/FCCWork/whizard/whizard_ttbar_spinpol/phase11_diagnostics/excess_weight_rootcause_v1/ttbar_restricted_region_suite_v1/regions/submissions/20260816T231425Z_U9region_core_W15_S8_np1_v1p0p1/region_child.sub using direct job submission
08/17/26 01:22:07 	assigned HTCondor ID (6053558.0.0)
08/17/26 01:22:07 Submitting HTCondor Node C_W15_LH_M2_A10_S5_F2 job(s)...
08/17/26 01:22:07 Submitting node C_W15_LH_M2_A10_S5_F2 from file /afs/cern.ch/user/c/cglenn/FCCWork/whizard/whizard_ttbar_spinpol/phase11_diagnostics/excess_weight_rootcause_v1/ttbar_restricted_region_suite_v1/regions/submissions/20260816T231425Z_U9region_core_W15_S8_np1_v1p0p1/region_child.sub using direct job submission
08/17/26 01:22:07 	assigned HTCondor ID (6053559.0.0)
08/17/26 01:22:07 Submitting HTCondor Node C_W15_HL_M2_A10_S7_F2 job(s)...
08/17/26 01:22:07 Submitting node C_W15_HL_M2_A10_S7_F2 from file /afs/cern.ch/user/c/cglenn/FCCWork/whizard/whizard_ttbar_spinpol/phase11_diagnostics/excess_weight_rootcause_v1/ttbar_restricted_region_suite_v1/regions/submissions/20260816T231425Z_U9region_core_W15_S8_np1_v1p0p1/region_child.sub using direct job submission
08/17/26 01:22:07 	assigned HTCondor ID (6053560.0.0)
08/17/26 01:22:07 Submitting HTCondor Node C_W15_IH_M0_A00_S1_F0 job(s)...
08/17/26 01:22:07 Submitting node C_W15_IH_M0_A00_S1_F0 from file /afs/cern.ch/user/c/cglenn/FCCWork/whizard/whizard_ttbar_spinpol/phase11_diagnostics/excess_weight_rootcause_v1/ttbar_restricted_region_suite_v1/regions/submissions/20260816T231425Z_U9region_core_W15_S8_np1_v1p0p1/region_child.sub using direct job submission
08/17/26 01:22:07 	assigned HTCondor ID (6053561.0.0)
08/17/26 01:22:07 Just submitted 4 jobs this cycle...
08/17/26 01:22:07 Currently monitoring 1 HTCondor log file(s)
08/17/26 01:22:07 Reassigning the id of job C_W15_LH_M2_A10_S6_F2 from (6053558.0.0) to (6053558.0.0)
08/17/26 01:22:07 Event: ULOG_SUBMIT for HTCondor Node C_W15_LH_M2_A10_S6_F2 (6053558.0.0) {08/17/26 01:22:07}
08/17/26 01:22:07 Number of idle job procs: 4
08/17/26 01:22:07 Reassigning the id of job C_W15_LH_M2_A10_S5_F2 from (6053559.0.0) to (6053559.0.0)
08/17/26 01:22:07 Event: ULOG_SUBMIT for HTCondor Node C_W15_LH_M2_A10_S5_F2 (6053559.0.0) {08/17/26 01:22:07}
08/17/26 01:22:07 Number of idle job procs: 5
08/17/26 01:22:07 Reassigning the id of job C_W15_HL_M2_A10_S7_F2 from (6053560.0.0) to (6053560.0.0)
08/17/26 01:22:07 Event: ULOG_SUBMIT for HTCondor Node C_W15_HL_M2_A10_S7_F2 (6053560.0.0) {08/17/26 01:22:07}
08/17/26 01:22:07 Number of idle job procs: 6
08/17/26 01:22:07 Reassigning the id of job C_W15_IH_M0_A00_S1_F0 from (6053561.0.0) to (6053561.0.0)
08/17/26 01:22:07 Event: ULOG_SUBMIT for HTCondor Node C_W15_IH_M0_A00_S1_F0 (6053561.0.0) {08/17/26 01:22:07}
08/17/26 01:22:07 Number of idle job procs: 7
08/17/26 01:22:07 DAG status: 0 (DAG_STATUS_OK)
08/17/26 01:22:07 Of 432 nodes total:
08/17/26 01:22:07  Done     Pre   Queued    Post   Ready   Un-Ready   Failed   Futile
08/17/26 01:22:07   ===     ===      ===     ===     ===        ===      ===      ===
08/17/26 01:22:07   109       0      192       0       0        131        0        0
08/17/26 01:22:07 0 job proc(s) currently held
08/17/26 01:22:07 DAGMan Runtime Statistics: [EventCycleTimeAvg=0.754; EventCycleTimeMax=20.234; EventCycleTimeMin=0.000; EventCycleTimeStd=2.597; EventCycleTimeSum=55.032; SleepCycleTimeAvg=5.005; SleepCycleTimeMax=5.015; SleepCycleTimeMin=5.000; SleepCycleTimeStd=0.002; SleepCycleTimeSum=365.369; SubmitCycleTimeAvg=0.120; SubmitCycleTimeMax=2.749; SubmitCycleTimeMin=0.000; SubmitCycleTimeStd=0.392; SubmitCycleTimeSum=8.889; EventCycleTimeCount=73.000; SleepCycleTimeCount=73.000; SubmitCycleTimeCount=74.000; LogProcessCycleTimeAvg=0.913; LogProcessCycleTimeMax=20.234; LogProcessCycleTimeMin=0.009; LogProcessCycleTimeStd=3.045; LogProcessCycleTimeSum=44.749; LogProcessCycleTimeCount=49.000; ]
08/17/26 01:22:12 Currently monitoring 1 HTCondor log file(s)
08/17/26 01:22:12 Event: ULOG_JOB_TERMINATED for HTCondor Node P_W15_IH_M0_A00_S6 (6053258.0.0) {08/17/26 01:22:08}
08/17/26 01:22:12 Number of idle job procs: 7
08/17/26 01:22:12 Node P_W15_IH_M0_A00_S6 job proc (6053258.0.0) completed successfully.
08/17/26 01:22:12 Node P_W15_IH_M0_A00_S6 job(s) have exited the queue
08/17/26 01:22:12 DAG status: 0 (DAG_STATUS_OK)
08/17/26 01:22:12 Of 432 nodes total:
08/17/26 01:22:12  Done     Pre   Queued    Post   Ready   Un-Ready   Failed   Futile
08/17/26 01:22:12   ===     ===      ===     ===     ===        ===      ===      ===
08/17/26 01:22:12   110       0      191       0       1        130        0        0
08/17/26 01:22:12 0 job proc(s) currently held
08/17/26 01:22:12 DAGMan Runtime Statistics: [EventCycleTimeAvg=0.747; EventCycleTimeMax=20.234; EventCycleTimeMin=0.000; EventCycleTimeStd=2.580; EventCycleTimeSum=55.291; SleepCycleTimeAvg=5.005; SleepCycleTimeMax=5.015; SleepCycleTimeMin=5.000; SleepCycleTimeStd=0.002; SleepCycleTimeSum=370.375; SubmitCycleTimeAvg=0.119; SubmitCycleTimeMax=2.749; SubmitCycleTimeMin=0.000; SubmitCycleTimeStd=0.390; SubmitCycleTimeSum=8.889; EventCycleTimeCount=74.000; SleepCycleTimeCount=74.000; SubmitCycleTimeCount=75.000; LogProcessCycleTimeAvg=0.896; LogProcessCycleTimeMax=20.234; LogProcessCycleTimeMin=0.009; LogProcessCycleTimeStd=3.017; LogProcessCycleTimeSum=44.775; LogProcessCycleTimeCount=50.000; ]
08/17/26 01:22:17 Submitting HTCondor Node C_W15_IH_M0_A00_S6_F0 job(s)...
08/17/26 01:22:17 Submitting node C_W15_IH_M0_A00_S6_F0 from file /afs/cern.ch/user/c/cglenn/FCCWork/whizard/whizard_ttbar_spinpol/phase11_diagnostics/excess_weight_rootcause_v1/ttbar_restricted_region_suite_v1/regions/submissions/20260816T231425Z_U9region_core_W15_S8_np1_v1p0p1/region_child.sub using direct job submission
08/17/26 01:22:17 	assigned HTCondor ID (6053562.0.0)
08/17/26 01:22:17 Just submitted 1 job this cycle...
08/17/26 01:22:17 DAG status: 0 (DAG_STATUS_OK)
08/17/26 01:22:17 Of 432 nodes total:
08/17/26 01:22:17  Done     Pre   Queued    Post   Ready   Un-Ready   Failed   Futile
08/17/26 01:22:17   ===     ===      ===     ===     ===        ===      ===      ===
08/17/26 01:22:17   110       0      192       0       0        130        0        0
08/17/26 01:22:18 0 job proc(s) currently held
08/17/26 01:22:18 DAGMan Runtime Statistics: [EventCycleTimeAvg=0.738; EventCycleTimeMax=20.234; EventCycleTimeMin=0.000; EventCycleTimeStd=2.563; EventCycleTimeSum=55.353; SleepCycleTimeAvg=5.005; SleepCycleTimeMax=5.015; SleepCycleTimeMin=5.000; SleepCycleTimeStd=0.002; SleepCycleTimeSum=375.380; SubmitCycleTimeAvg=0.118; SubmitCycleTimeMax=2.749; SubmitCycleTimeMin=0.000; SubmitCycleTimeStd=0.387; SubmitCycleTimeSum=8.933; EventCycleTimeCount=75.000; SleepCycleTimeCount=75.000; SubmitCycleTimeCount=76.000; LogProcessCycleTimeAvg=0.896; LogProcessCycleTimeMax=20.234; LogProcessCycleTimeMin=0.009; LogProcessCycleTimeStd=3.017; LogProcessCycleTimeSum=44.775; LogProcessCycleTimeCount=50.000; ]
08/17/26 01:22:23 Currently monitoring 1 HTCondor log file(s)
08/17/26 01:22:23 Reassigning the id of job C_W15_IH_M0_A00_S6_F0 from (6053562.0.0) to (6053562.0.0)
08/17/26 01:22:23 Event: ULOG_SUBMIT for HTCondor Node C_W15_IH_M0_A00_S6_F0 (6053562.0.0) {08/17/26 01:22:17}
08/17/26 01:22:23 Number of idle job procs: 8
08/17/26 01:22:23 Event: ULOG_JOB_TERMINATED for HTCondor Node P_W15_HL_M2_A10_S3 (6053295.0.0) {08/17/26 01:22:18}
08/17/26 01:22:23 Number of idle job procs: 8
08/17/26 01:22:23 Node P_W15_HL_M2_A10_S3 job proc (6053295.0.0) completed successfully.
08/17/26 01:22:23 Node P_W15_HL_M2_A10_S3 job(s) have exited the queue
08/17/26 01:22:23 DAG status: 0 (DAG_STATUS_OK)
08/17/26 01:22:23 Of 432 nodes total:
08/17/26 01:22:23  Done     Pre   Queued    Post   Ready   Un-Ready   Failed   Futile
08/17/26 01:22:23   ===     ===      ===     ===     ===        ===      ===      ===
08/17/26 01:22:23   111       0      191       0       1        129        0        0
08/17/26 01:22:23 0 job proc(s) currently held
08/17/26 01:22:23 DAGMan Runtime Statistics: [EventCycleTimeAvg=0.729; EventCycleTimeMax=20.234; EventCycleTimeMin=0.000; EventCycleTimeStd=2.547; EventCycleTimeSum=55.439; SleepCycleTimeAvg=5.005; SleepCycleTimeMax=5.015; SleepCycleTimeMin=5.000; SleepCycleTimeStd=0.002; SleepCycleTimeSum=380.386; SubmitCycleTimeAvg=0.116; SubmitCycleTimeMax=2.749; SubmitCycleTimeMin=0.000; SubmitCycleTimeStd=0.385; SubmitCycleTimeSum=8.933; EventCycleTimeCount=76.000; SleepCycleTimeCount=76.000; SubmitCycleTimeCount=77.000; LogProcessCycleTimeAvg=0.879; LogProcessCycleTimeMax=20.234; LogProcessCycleTimeMin=0.009; LogProcessCycleTimeStd=2.989; LogProcessCycleTimeSum=44.818; LogProcessCycleTimeCount=51.000; ]
08/17/26 01:22:28 Submitting HTCondor Node C_W15_HL_M2_A10_S3_F2 job(s)...
08/17/26 01:22:28 Submitting node C_W15_HL_M2_A10_S3_F2 from file /afs/cern.ch/user/c/cglenn/FCCWork/whizard/whizard_ttbar_spinpol/phase11_diagnostics/excess_weight_rootcause_v1/ttbar_restricted_region_suite_v1/regions/submissions/20260816T231425Z_U9region_core_W15_S8_np1_v1p0p1/region_child.sub using direct job submission
08/17/26 01:22:28 	assigned HTCondor ID (6053563.0.0)
08/17/26 01:22:28 Just submitted 1 job this cycle...
08/17/26 01:22:28 Currently monitoring 1 HTCondor log file(s)
08/17/26 01:22:28 Event: ULOG_JOB_TERMINATED for HTCondor Node P_W15_LL_M2_A10_S1 (6053149.0.0) {08/17/26 01:22:23}
08/17/26 01:22:28 Number of idle job procs: 8
08/17/26 01:22:28 Node P_W15_LL_M2_A10_S1 job proc (6053149.0.0) completed successfully.
08/17/26 01:22:28 Node P_W15_LL_M2_A10_S1 job(s) have exited the queue
08/17/26 01:22:28 Reassigning the id of job C_W15_HL_M2_A10_S3_F2 from (6053563.0.0) to (6053563.0.0)
08/17/26 01:22:28 Event: ULOG_SUBMIT for HTCondor Node C_W15_HL_M2_A10_S3_F2 (6053563.0.0) {08/17/26 01:22:28}
08/17/26 01:22:28 Number of idle job procs: 9
08/17/26 01:22:28 DAG status: 0 (DAG_STATUS_OK)
08/17/26 01:22:28 Of 432 nodes total:
08/17/26 01:22:28  Done     Pre   Queued    Post   Ready   Un-Ready   Failed   Futile
08/17/26 01:22:28   ===     ===      ===     ===     ===        ===      ===      ===
08/17/26 01:22:28   112       0      191       0       1        128        0        0
08/17/26 01:22:28 0 job proc(s) currently held
08/17/26 01:22:28 DAGMan Runtime Statistics: [EventCycleTimeAvg=0.721; EventCycleTimeMax=20.234; EventCycleTimeMin=0.000; EventCycleTimeStd=2.531; EventCycleTimeSum=55.520; SleepCycleTimeAvg=5.005; SleepCycleTimeMax=5.015; SleepCycleTimeMin=5.000; SleepCycleTimeStd=0.002; SleepCycleTimeSum=385.391; SubmitCycleTimeAvg=0.115; SubmitCycleTimeMax=2.749; SubmitCycleTimeMin=0.000; SubmitCycleTimeStd=0.382; SubmitCycleTimeSum=8.961; EventCycleTimeCount=77.000; SleepCycleTimeCount=77.000; SubmitCycleTimeCount=78.000; LogProcessCycleTimeAvg=0.863; LogProcessCycleTimeMax=20.234; LogProcessCycleTimeMin=0.009; LogProcessCycleTimeStd=2.962; LogProcessCycleTimeSum=44.862; LogProcessCycleTimeCount=52.000; ]
08/17/26 01:22:33 Submitting HTCondor Node C_W15_LL_M2_A10_S1_F2 job(s)...
08/17/26 01:22:33 Submitting node C_W15_LL_M2_A10_S1_F2 from file /afs/cern.ch/user/c/cglenn/FCCWork/whizard/whizard_ttbar_spinpol/phase11_diagnostics/excess_weight_rootcause_v1/ttbar_restricted_region_suite_v1/regions/submissions/20260816T231425Z_U9region_core_W15_S8_np1_v1p0p1/region_child.sub using direct job submission
08/17/26 01:22:33 	assigned HTCondor ID (6053564.0.0)
08/17/26 01:22:33 Just submitted 1 job this cycle...
08/17/26 01:22:33 Currently monitoring 1 HTCondor log file(s)
08/17/26 01:22:33 Event: ULOG_JOB_TERMINATED for HTCondor Node P_W15_LH_M2_A10_S1 (6053197.0.0) {08/17/26 01:22:28}
08/17/26 01:22:33 Number of idle job procs: 9
08/17/26 01:22:33 Node P_W15_LH_M2_A10_S1 job proc (6053197.0.0) completed successfully.
08/17/26 01:22:33 Node P_W15_LH_M2_A10_S1 job(s) have exited the queue
08/17/26 01:22:33 Event: ULOG_JOB_TERMINATED for HTCondor Node P_W15_HI_M0_A00_S6 (6053306.0.0) {08/17/26 01:22:29}
08/17/26 01:22:33 Number of idle job procs: 9
08/17/26 01:22:33 Node P_W15_HI_M0_A00_S6 job proc (6053306.0.0) completed successfully.
08/17/26 01:22:33 Node P_W15_HI_M0_A00_S6 job(s) have exited the queue
08/17/26 01:22:33 Event: ULOG_JOB_TERMINATED for HTCondor Node P_W15_HL_M2_A10_S4 (6053296.0.0) {08/17/26 01:22:32}
08/17/26 01:22:33 Number of idle job procs: 9
08/17/26 01:22:33 Node P_W15_HL_M2_A10_S4 job proc (6053296.0.0) completed successfully.
08/17/26 01:22:33 Node P_W15_HL_M2_A10_S4 job(s) have exited the queue
08/17/26 01:22:33 Reassigning the id of job C_W15_LL_M2_A10_S1_F2 from (6053564.0.0) to (6053564.0.0)
08/17/26 01:22:33 Event: ULOG_SUBMIT for HTCondor Node C_W15_LL_M2_A10_S1_F2 (6053564.0.0) {08/17/26 01:22:33}
08/17/26 01:22:33 Number of idle job procs: 10
08/17/26 01:22:33 DAG status: 0 (DAG_STATUS_OK)
08/17/26 01:22:33 Of 432 nodes total:
08/17/26 01:22:33  Done     Pre   Queued    Post   Ready   Un-Ready   Failed   Futile
08/17/26 01:22:33   ===     ===      ===     ===     ===        ===      ===      ===
08/17/26 01:22:33   115       0      189       0       3        125        0        0
08/17/26 01:22:33 0 job proc(s) currently held
08/17/26 01:22:33 DAGMan Runtime Statistics: [EventCycleTimeAvg=0.713; EventCycleTimeMax=20.234; EventCycleTimeMin=0.000; EventCycleTimeStd=2.516; EventCycleTimeSum=55.636; SleepCycleTimeAvg=5.005; SleepCycleTimeMax=5.015; SleepCycleTimeMin=5.000; SleepCycleTimeStd=0.002; SleepCycleTimeSum=390.396; SubmitCycleTimeAvg=0.114; SubmitCycleTimeMax=2.749; SubmitCycleTimeMin=0.000; SubmitCycleTimeStd=0.380; SubmitCycleTimeSum=8.990; EventCycleTimeCount=78.000; SleepCycleTimeCount=78.000; SubmitCycleTimeCount=79.000; LogProcessCycleTimeAvg=0.848; LogProcessCycleTimeMax=20.234; LogProcessCycleTimeMin=0.009; LogProcessCycleTimeStd=2.935; LogProcessCycleTimeSum=44.954; LogProcessCycleTimeCount=53.000; ]
08/17/26 01:22:38 Submitting HTCondor Node C_W15_LH_M2_A10_S1_F2 job(s)...
08/17/26 01:22:38 Submitting node C_W15_LH_M2_A10_S1_F2 from file /afs/cern.ch/user/c/cglenn/FCCWork/whizard/whizard_ttbar_spinpol/phase11_diagnostics/excess_weight_rootcause_v1/ttbar_restricted_region_suite_v1/regions/submissions/20260816T231425Z_U9region_core_W15_S8_np1_v1p0p1/region_child.sub using direct job submission
08/17/26 01:22:38 	assigned HTCondor ID (6053565.0.0)
08/17/26 01:22:38 Submitting HTCondor Node C_W15_HI_M0_A00_S6_F0 job(s)...
08/17/26 01:22:38 Submitting node C_W15_HI_M0_A00_S6_F0 from file /afs/cern.ch/user/c/cglenn/FCCWork/whizard/whizard_ttbar_spinpol/phase11_diagnostics/excess_weight_rootcause_v1/ttbar_restricted_region_suite_v1/regions/submissions/20260816T231425Z_U9region_core_W15_S8_np1_v1p0p1/region_child.sub using direct job submission
08/17/26 01:22:38 	assigned HTCondor ID (6053566.0.0)
08/17/26 01:22:38 Submitting HTCondor Node C_W15_HL_M2_A10_S4_F2 job(s)...
08/17/26 01:22:38 Submitting node C_W15_HL_M2_A10_S4_F2 from file /afs/cern.ch/user/c/cglenn/FCCWork/whizard/whizard_ttbar_spinpol/phase11_diagnostics/excess_weight_rootcause_v1/ttbar_restricted_region_suite_v1/regions/submissions/20260816T231425Z_U9region_core_W15_S8_np1_v1p0p1/region_child.sub using direct job submission
08/17/26 01:22:38 	assigned HTCondor ID (6053567.0.0)
08/17/26 01:22:38 Just submitted 3 jobs this cycle...
08/17/26 01:22:38 Currently monitoring 1 HTCondor log file(s)
08/17/26 01:22:38 Event: ULOG_JOB_TERMINATED for HTCondor Node P_W15_LL_M2_A10_S5 (6053153.0.0) {08/17/26 01:22:33}
08/17/26 01:22:38 Number of idle job procs: 10
08/17/26 01:22:38 Node P_W15_LL_M2_A10_S5 job proc (6053153.0.0) completed successfully.
08/17/26 01:22:38 Node P_W15_LL_M2_A10_S5 job(s) have exited the queue
08/17/26 01:22:38 Reassigning the id of job C_W15_LH_M2_A10_S1_F2 from (6053565.0.0) to (6053565.0.0)
08/17/26 01:22:38 Event: ULOG_SUBMIT for HTCondor Node C_W15_LH_M2_A10_S1_F2 (6053565.0.0) {08/17/26 01:22:38}
08/17/26 01:22:38 Number of idle job procs: 11
08/17/26 01:22:38 Reassigning the id of job C_W15_HI_M0_A00_S6_F0 from (6053566.0.0) to (6053566.0.0)
08/17/26 01:22:38 Event: ULOG_SUBMIT for HTCondor Node C_W15_HI_M0_A00_S6_F0 (6053566.0.0) {08/17/26 01:22:38}
08/17/26 01:22:38 Number of idle job procs: 12
08/17/26 01:22:38 Reassigning the id of job C_W15_HL_M2_A10_S4_F2 from (6053567.0.0) to (6053567.0.0)
08/17/26 01:22:38 Event: ULOG_SUBMIT for HTCondor Node C_W15_HL_M2_A10_S4_F2 (6053567.0.0) {08/17/26 01:22:38}
08/17/26 01:22:38 Number of idle job procs: 13
08/17/26 01:22:38 DAG status: 0 (DAG_STATUS_OK)
08/17/26 01:22:38 Of 432 nodes total:
08/17/26 01:22:38  Done     Pre   Queued    Post   Ready   Un-Ready   Failed   Futile
08/17/26 01:22:38   ===     ===      ===     ===     ===        ===      ===      ===
08/17/26 01:22:38   116       0      191       0       1        124        0        0
08/17/26 01:22:38 0 job proc(s) currently held
08/17/26 01:22:38 DAGMan Runtime Statistics: [EventCycleTimeAvg=0.706; EventCycleTimeMax=20.234; EventCycleTimeMin=0.000; EventCycleTimeStd=2.500; EventCycleTimeSum=55.803; SleepCycleTimeAvg=5.005; SleepCycleTimeMax=5.015; SleepCycleTimeMin=5.000; SleepCycleTimeStd=0.002; SleepCycleTimeSum=395.401; SubmitCycleTimeAvg=0.114; SubmitCycleTimeMax=2.749; SubmitCycleTimeMin=0.000; SubmitCycleTimeStd=0.378; SubmitCycleTimeSum=9.086; EventCycleTimeCount=79.000; SleepCycleTimeCount=79.000; SubmitCycleTimeCount=80.000; LogProcessCycleTimeAvg=0.834; LogProcessCycleTimeMax=20.234; LogProcessCycleTimeMin=0.009; LogProcessCycleTimeStd=2.909; LogProcessCycleTimeSum=45.034; LogProcessCycleTimeCount=54.000; ]
08/17/26 01:22:43 Submitting HTCondor Node C_W15_LL_M2_A10_S5_F2 job(s)...
08/17/26 01:22:43 Submitting node C_W15_LL_M2_A10_S5_F2 from file /afs/cern.ch/user/c/cglenn/FCCWork/whizard/whizard_ttbar_spinpol/phase11_diagnostics/excess_weight_rootcause_v1/ttbar_restricted_region_suite_v1/regions/submissions/20260816T231425Z_U9region_core_W15_S8_np1_v1p0p1/region_child.sub using direct job submission
08/17/26 01:22:43 	assigned HTCondor ID (6053568.0.0)
08/17/26 01:22:43 Just submitted 1 job this cycle...
08/17/26 01:22:43 Currently monitoring 1 HTCondor log file(s)
08/17/26 01:22:43 Reassigning the id of job C_W15_LL_M2_A10_S5_F2 from (6053568.0.0) to (6053568.0.0)
08/17/26 01:22:43 Event: ULOG_SUBMIT for HTCondor Node C_W15_LL_M2_A10_S5_F2 (6053568.0.0) {08/17/26 01:22:43}
08/17/26 01:22:43 Number of idle job procs: 14
08/17/26 01:22:43 DAG status: 0 (DAG_STATUS_OK)
08/17/26 01:22:43 Of 432 nodes total:
08/17/26 01:22:43  Done     Pre   Queued    Post   Ready   Un-Ready   Failed   Futile
08/17/26 01:22:43   ===     ===      ===     ===     ===        ===      ===      ===
08/17/26 01:22:43   116       0      192       0       0        124        0        0
08/17/26 01:22:43 0 job proc(s) currently held
08/17/26 01:22:43 DAGMan Runtime Statistics: [EventCycleTimeAvg=0.700; EventCycleTimeMax=20.234; EventCycleTimeMin=0.000; EventCycleTimeStd=2.485; EventCycleTimeSum=56.025; SleepCycleTimeAvg=5.005; SleepCycleTimeMax=5.015; SleepCycleTimeMin=5.000; SleepCycleTimeStd=0.002; SleepCycleTimeSum=400.406; SubmitCycleTimeAvg=0.113; SubmitCycleTimeMax=2.749; SubmitCycleTimeMin=0.000; SubmitCycleTimeStd=0.375; SubmitCycleTimeSum=9.120; EventCycleTimeCount=80.000; SleepCycleTimeCount=80.000; SubmitCycleTimeCount=81.000; LogProcessCycleTimeAvg=0.819; LogProcessCycleTimeMax=20.234; LogProcessCycleTimeMin=0.009; LogProcessCycleTimeStd=2.884; LogProcessCycleTimeSum=45.057; LogProcessCycleTimeCount=55.000; ]
08/17/26 01:22:48 Currently monitoring 1 HTCondor log file(s)
08/17/26 01:22:48 Event: ULOG_JOB_TERMINATED for HTCondor Node P_W15_IH_M0_A00_S5 (6053257.0.0) {08/17/26 01:22:46}
08/17/26 01:22:48 Number of idle job procs: 14
08/17/26 01:22:48 Node P_W15_IH_M0_A00_S5 job proc (6053257.0.0) completed successfully.
08/17/26 01:22:48 Node P_W15_IH_M0_A00_S5 job(s) have exited the queue
08/17/26 01:22:48 DAG status: 0 (DAG_STATUS_OK)
08/17/26 01:22:48 Of 432 nodes total:
08/17/26 01:22:48  Done     Pre   Queued    Post   Ready   Un-Ready   Failed   Futile
08/17/26 01:22:48   ===     ===      ===     ===     ===        ===      ===      ===
08/17/26 01:22:48   117       0      191       0       1        123        0        0
08/17/26 01:22:48 0 job proc(s) currently held
08/17/26 01:22:48 DAGMan Runtime Statistics: [EventCycleTimeAvg=0.693; EventCycleTimeMax=20.234; EventCycleTimeMin=0.000; EventCycleTimeStd=2.471; EventCycleTimeSum=56.127; SleepCycleTimeAvg=5.005; SleepCycleTimeMax=5.015; SleepCycleTimeMin=5.000; SleepCycleTimeStd=0.002; SleepCycleTimeSum=405.411; SubmitCycleTimeAvg=0.111; SubmitCycleTimeMax=2.749; SubmitCycleTimeMin=0.000; SubmitCycleTimeStd=0.373; SubmitCycleTimeSum=9.120; EventCycleTimeCount=81.000; SleepCycleTimeCount=81.000; SubmitCycleTimeCount=82.000; LogProcessCycleTimeAvg=0.805; LogProcessCycleTimeMax=20.234; LogProcessCycleTimeMin=0.009; LogProcessCycleTimeStd=2.860; LogProcessCycleTimeSum=45.086; LogProcessCycleTimeCount=56.000; ]
08/17/26 01:22:53 Submitting HTCondor Node C_W15_IH_M0_A00_S5_F0 job(s)...
08/17/26 01:22:53 Submitting node C_W15_IH_M0_A00_S5_F0 from file /afs/cern.ch/user/c/cglenn/FCCWork/whizard/whizard_ttbar_spinpol/phase11_diagnostics/excess_weight_rootcause_v1/ttbar_restricted_region_suite_v1/regions/submissions/20260816T231425Z_U9region_core_W15_S8_np1_v1p0p1/region_child.sub using direct job submission
08/17/26 01:22:53 	assigned HTCondor ID (6053569.0.0)
08/17/26 01:22:53 Just submitted 1 job this cycle...
08/17/26 01:22:53 Currently monitoring 1 HTCondor log file(s)
08/17/26 01:22:53 Event: ULOG_JOB_TERMINATED for HTCondor Node P_W15_HL_M2_A10_S0 (6053292.0.0) {08/17/26 01:22:50}
08/17/26 01:22:53 Number of idle job procs: 14
08/17/26 01:22:53 Node P_W15_HL_M2_A10_S0 job proc (6053292.0.0) completed successfully.
08/17/26 01:22:53 Node P_W15_HL_M2_A10_S0 job(s) have exited the queue
08/17/26 01:22:53 Event: ULOG_JOB_TERMINATED for HTCondor Node P_W15_IH_M0_A00_S0 (6053252.0.0) {08/17/26 01:22:51}
08/17/26 01:22:53 Number of idle job procs: 14
08/17/26 01:22:53 Node P_W15_IH_M0_A00_S0 job proc (6053252.0.0) completed successfully.
08/17/26 01:22:53 Node P_W15_IH_M0_A00_S0 job(s) have exited the queue
08/17/26 01:22:53 Event: ULOG_JOB_TERMINATED for HTCondor Node P_W15_HI_M0_A00_S1 (6053301.0.0) {08/17/26 01:22:51}
08/17/26 01:22:53 Number of idle job procs: 14
08/17/26 01:22:53 Node P_W15_HI_M0_A00_S1 job proc (6053301.0.0) completed successfully.
08/17/26 01:22:53 Node P_W15_HI_M0_A00_S1 job(s) have exited the queue
08/17/26 01:22:53 Reassigning the id of job C_W15_IH_M0_A00_S5_F0 from (6053569.0.0) to (6053569.0.0)
08/17/26 01:22:53 Event: ULOG_SUBMIT for HTCondor Node C_W15_IH_M0_A00_S5_F0 (6053569.0.0) {08/17/26 01:22:53}
08/17/26 01:22:53 Number of idle job procs: 15
08/17/26 01:22:53 DAG status: 0 (DAG_STATUS_OK)
08/17/26 01:22:53 Of 432 nodes total:
08/17/26 01:22:53  Done     Pre   Queued    Post   Ready   Un-Ready   Failed   Futile
08/17/26 01:22:53   ===     ===      ===     ===     ===        ===      ===      ===
08/17/26 01:22:53   120       0      189       0       3        120        0        0
08/17/26 01:22:53 0 job proc(s) currently held
08/17/26 01:22:53 DAGMan Runtime Statistics: [EventCycleTimeAvg=0.685; EventCycleTimeMax=20.234; EventCycleTimeMin=0.000; EventCycleTimeStd=2.456; EventCycleTimeSum=56.198; SleepCycleTimeAvg=5.005; SleepCycleTimeMax=5.015; SleepCycleTimeMin=5.000; SleepCycleTimeStd=0.002; SleepCycleTimeSum=410.417; SubmitCycleTimeAvg=0.110; SubmitCycleTimeMax=2.749; SubmitCycleTimeMin=0.000; SubmitCycleTimeStd=0.371; SubmitCycleTimeSum=9.151; EventCycleTimeCount=82.000; SleepCycleTimeCount=82.000; SubmitCycleTimeCount=83.000; LogProcessCycleTimeAvg=0.793; LogProcessCycleTimeMax=20.234; LogProcessCycleTimeMin=0.009; LogProcessCycleTimeStd=2.836; LogProcessCycleTimeSum=45.183; LogProcessCycleTimeCount=57.000; ]
08/17/26 01:22:58 Submitting HTCondor Node C_W15_HL_M2_A10_S0_F2 job(s)...
08/17/26 01:22:58 Submitting node C_W15_HL_M2_A10_S0_F2 from file /afs/cern.ch/user/c/cglenn/FCCWork/whizard/whizard_ttbar_spinpol/phase11_diagnostics/excess_weight_rootcause_v1/ttbar_restricted_region_suite_v1/regions/submissions/20260816T231425Z_U9region_core_W15_S8_np1_v1p0p1/region_child.sub using direct job submission
08/17/26 01:22:59 	assigned HTCondor ID (6053570.0.0)
08/17/26 01:22:59 Submitting HTCondor Node C_W15_IH_M0_A00_S0_F0 job(s)...
08/17/26 01:22:59 Submitting node C_W15_IH_M0_A00_S0_F0 from file /afs/cern.ch/user/c/cglenn/FCCWork/whizard/whizard_ttbar_spinpol/phase11_diagnostics/excess_weight_rootcause_v1/ttbar_restricted_region_suite_v1/regions/submissions/20260816T231425Z_U9region_core_W15_S8_np1_v1p0p1/region_child.sub using direct job submission
08/17/26 01:22:59 	assigned HTCondor ID (6053571.0.0)
08/17/26 01:22:59 Submitting HTCondor Node C_W15_HI_M0_A00_S1_F0 job(s)...
08/17/26 01:22:59 Submitting node C_W15_HI_M0_A00_S1_F0 from file /afs/cern.ch/user/c/cglenn/FCCWork/whizard/whizard_ttbar_spinpol/phase11_diagnostics/excess_weight_rootcause_v1/ttbar_restricted_region_suite_v1/regions/submissions/20260816T231425Z_U9region_core_W15_S8_np1_v1p0p1/region_child.sub using direct job submission
08/17/26 01:22:59 	assigned HTCondor ID (6053572.0.0)
08/17/26 01:22:59 Just submitted 3 jobs this cycle...
08/17/26 01:22:59 Currently monitoring 1 HTCondor log file(s)
08/17/26 01:22:59 Event: ULOG_JOB_TERMINATED for HTCondor Node P_W15_LL_M2_A10_S2 (6053150.0.0) {08/17/26 01:22:56}
08/17/26 01:22:59 Number of idle job procs: 15
08/17/26 01:22:59 Node P_W15_LL_M2_A10_S2 job proc (6053150.0.0) completed successfully.
08/17/26 01:22:59 Node P_W15_LL_M2_A10_S2 job(s) have exited the queue
08/17/26 01:22:59 Reassigning the id of job C_W15_HL_M2_A10_S0_F2 from (6053570.0.0) to (6053570.0.0)
08/17/26 01:22:59 Event: ULOG_SUBMIT for HTCondor Node C_W15_HL_M2_A10_S0_F2 (6053570.0.0) {08/17/26 01:22:59}
08/17/26 01:22:59 Number of idle job procs: 16
08/17/26 01:22:59 Reassigning the id of job C_W15_IH_M0_A00_S0_F0 from (6053571.0.0) to (6053571.0.0)
08/17/26 01:22:59 Event: ULOG_SUBMIT for HTCondor Node C_W15_IH_M0_A00_S0_F0 (6053571.0.0) {08/17/26 01:22:59}
08/17/26 01:22:59 Number of idle job procs: 17
08/17/26 01:22:59 Reassigning the id of job C_W15_HI_M0_A00_S1_F0 from (6053572.0.0) to (6053572.0.0)
08/17/26 01:22:59 Event: ULOG_SUBMIT for HTCondor Node C_W15_HI_M0_A00_S1_F0 (6053572.0.0) {08/17/26 01:22:59}
08/17/26 01:22:59 Number of idle job procs: 18
08/17/26 01:22:59 DAG status: 0 (DAG_STATUS_OK)
08/17/26 01:22:59 Of 432 nodes total:
08/17/26 01:22:59  Done     Pre   Queued    Post   Ready   Un-Ready   Failed   Futile
08/17/26 01:22:59   ===     ===      ===     ===     ===        ===      ===      ===
08/17/26 01:22:59   121       0      191       0       1        119        0        0
08/17/26 01:22:59 0 job proc(s) currently held
08/17/26 01:22:59 DAGMan Runtime Statistics: [EventCycleTimeAvg=0.679; EventCycleTimeMax=20.234; EventCycleTimeMin=0.000; EventCycleTimeStd=2.442; EventCycleTimeSum=56.373; SleepCycleTimeAvg=5.005; SleepCycleTimeMax=5.015; SleepCycleTimeMin=5.000; SleepCycleTimeStd=0.002; SleepCycleTimeSum=415.422; SubmitCycleTimeAvg=0.110; SubmitCycleTimeMax=2.749; SubmitCycleTimeMin=0.000; SubmitCycleTimeStd=0.369; SubmitCycleTimeSum=9.246; EventCycleTimeCount=83.000; SleepCycleTimeCount=83.000; SubmitCycleTimeCount=84.000; LogProcessCycleTimeAvg=0.780; LogProcessCycleTimeMax=20.234; LogProcessCycleTimeMin=0.009; LogProcessCycleTimeStd=2.812; LogProcessCycleTimeSum=45.267; LogProcessCycleTimeCount=58.000; ]
08/17/26 01:23:04 Submitting HTCondor Node C_W15_LL_M2_A10_S2_F2 job(s)...
08/17/26 01:23:04 Submitting node C_W15_LL_M2_A10_S2_F2 from file /afs/cern.ch/user/c/cglenn/FCCWork/whizard/whizard_ttbar_spinpol/phase11_diagnostics/excess_weight_rootcause_v1/ttbar_restricted_region_suite_v1/regions/submissions/20260816T231425Z_U9region_core_W15_S8_np1_v1p0p1/region_child.sub using direct job submission
08/17/26 01:23:04 	assigned HTCondor ID (6053573.0.0)
08/17/26 01:23:04 Just submitted 1 job this cycle...
08/17/26 01:23:04 Currently monitoring 1 HTCondor log file(s)
08/17/26 01:23:04 Reassigning the id of job C_W15_LL_M2_A10_S2_F2 from (6053573.0.0) to (6053573.0.0)
08/17/26 01:23:04 Event: ULOG_SUBMIT for HTCondor Node C_W15_LL_M2_A10_S2_F2 (6053573.0.0) {08/17/26 01:23:04}
08/17/26 01:23:04 Number of idle job procs: 19
08/17/26 01:23:04 DAG status: 0 (DAG_STATUS_OK)
08/17/26 01:23:04 Of 432 nodes total:
08/17/26 01:23:04  Done     Pre   Queued    Post   Ready   Un-Ready   Failed   Futile
08/17/26 01:23:04   ===     ===      ===     ===     ===        ===      ===      ===
08/17/26 01:23:04   121       0      192       0       0        119        0        0
08/17/26 01:23:04 0 job proc(s) currently held
08/17/26 01:23:04 DAGMan Runtime Statistics: [EventCycleTimeAvg=0.674; EventCycleTimeMax=20.234; EventCycleTimeMin=0.000; EventCycleTimeStd=2.428; EventCycleTimeSum=56.601; SleepCycleTimeAvg=5.005; SleepCycleTimeMax=5.015; SleepCycleTimeMin=5.000; SleepCycleTimeStd=0.002; SleepCycleTimeSum=420.427; SubmitCycleTimeAvg=0.109; SubmitCycleTimeMax=2.749; SubmitCycleTimeMin=0.000; SubmitCycleTimeStd=0.367; SubmitCycleTimeSum=9.282; EventCycleTimeCount=84.000; SleepCycleTimeCount=84.000; SubmitCycleTimeCount=85.000; LogProcessCycleTimeAvg=0.768; LogProcessCycleTimeMax=20.234; LogProcessCycleTimeMin=0.009; LogProcessCycleTimeStd=2.790; LogProcessCycleTimeSum=45.292; LogProcessCycleTimeCount=59.000; ]
08/17/26 01:23:09 Currently monitoring 1 HTCondor log file(s)
08/17/26 01:23:39 Currently monitoring 1 HTCondor log file(s)
08/17/26 01:23:39 Event: ULOG_JOB_TERMINATED for HTCondor Node P_W15_IL_M0_A00_S7 (6053211.0.0) {08/17/26 01:23:34}
08/17/26 01:23:39 Number of idle job procs: 19
08/17/26 01:23:39 Node P_W15_IL_M0_A00_S7 job proc (6053211.0.0) completed successfully.
08/17/26 01:23:39 Node P_W15_IL_M0_A00_S7 job(s) have exited the queue
08/17/26 01:23:39 DAG status: 0 (DAG_STATUS_OK)
08/17/26 01:23:39 Of 432 nodes total:
08/17/26 01:23:39  Done     Pre   Queued    Post   Ready   Un-Ready   Failed   Futile
08/17/26 01:23:39   ===     ===      ===     ===     ===        ===      ===      ===
08/17/26 01:23:39   122       0      191       0       1        118        0        0
08/17/26 01:23:39 0 job proc(s) currently held
08/17/26 01:23:39 DAGMan Runtime Statistics: [EventCycleTimeAvg=0.623; EventCycleTimeMax=20.234; EventCycleTimeMin=0.000; EventCycleTimeStd=2.338; EventCycleTimeSum=56.719; SleepCycleTimeAvg=5.005; SleepCycleTimeMax=5.015; SleepCycleTimeMin=5.000; SleepCycleTimeStd=0.002; SleepCycleTimeSum=455.460; SubmitCycleTimeAvg=0.101; SubmitCycleTimeMax=2.749; SubmitCycleTimeMin=0.000; SubmitCycleTimeStd=0.354; SubmitCycleTimeSum=9.282; EventCycleTimeCount=91.000; SleepCycleTimeCount=91.000; SubmitCycleTimeCount=92.000; LogProcessCycleTimeAvg=0.743; LogProcessCycleTimeMax=20.234; LogProcessCycleTimeMin=0.006; LogProcessCycleTimeStd=2.746; LogProcessCycleTimeSum=45.345; LogProcessCycleTimeCount=61.000; ]
08/17/26 01:23:44 Submitting HTCondor Node C_W15_IL_M0_A00_S7_F0 job(s)...
08/17/26 01:23:44 Submitting node C_W15_IL_M0_A00_S7_F0 from file /afs/cern.ch/user/c/cglenn/FCCWork/whizard/whizard_ttbar_spinpol/phase11_diagnostics/excess_weight_rootcause_v1/ttbar_restricted_region_suite_v1/regions/submissions/20260816T231425Z_U9region_core_W15_S8_np1_v1p0p1/region_child.sub using direct job submission
08/17/26 01:23:44 	assigned HTCondor ID (6053574.0.0)
08/17/26 01:23:44 Just submitted 1 job this cycle...
08/17/26 01:23:44 DAG status: 0 (DAG_STATUS_OK)
08/17/26 01:23:44 Of 432 nodes total:
08/17/26 01:23:44  Done     Pre   Queued    Post   Ready   Un-Ready   Failed   Futile
08/17/26 01:23:44   ===     ===      ===     ===     ===        ===      ===      ===
08/17/26 01:23:44   122       0      192       0       0        118        0        0
08/17/26 01:23:44 0 job proc(s) currently held
08/17/26 01:23:44 DAGMan Runtime Statistics: [EventCycleTimeAvg=0.618; EventCycleTimeMax=20.234; EventCycleTimeMin=0.000; EventCycleTimeStd=2.326; EventCycleTimeSum=56.868; SleepCycleTimeAvg=5.005; SleepCycleTimeMax=5.015; SleepCycleTimeMin=5.000; SleepCycleTimeStd=0.002; SleepCycleTimeSum=460.465; SubmitCycleTimeAvg=0.100; SubmitCycleTimeMax=2.749; SubmitCycleTimeMin=0.000; SubmitCycleTimeStd=0.352; SubmitCycleTimeSum=9.328; EventCycleTimeCount=92.000; SleepCycleTimeCount=92.000; SubmitCycleTimeCount=93.000; LogProcessCycleTimeAvg=0.743; LogProcessCycleTimeMax=20.234; LogProcessCycleTimeMin=0.006; LogProcessCycleTimeStd=2.746; LogProcessCycleTimeSum=45.345; LogProcessCycleTimeCount=61.000; ]
08/17/26 01:23:49 Currently monitoring 1 HTCondor log file(s)
08/17/26 01:23:49 Reassigning the id of job C_W15_IL_M0_A00_S7_F0 from (6053574.0.0) to (6053574.0.0)
08/17/26 01:23:49 Event: ULOG_SUBMIT for HTCondor Node C_W15_IL_M0_A00_S7_F0 (6053574.0.0) {08/17/26 01:23:44}
08/17/26 01:23:49 Number of idle job procs: 20
08/17/26 01:24:04 Currently monitoring 1 HTCondor log file(s)
08/17/26 01:24:04 Event: ULOG_EXECUTE for HTCondor Node C_W15_HL_M2_A10_S1_F2 (6053528.0.0) {08/17/26 01:24:00}
08/17/26 01:24:04 Number of idle job procs: 19
08/17/26 01:24:04 Event: ULOG_EXECUTE for HTCondor Node C_W15_LH_M2_A10_S6_F2 (6053558.0.0) {08/17/26 01:24:02}
08/17/26 01:24:04 Number of idle job procs: 18
08/17/26 01:24:04 Event: ULOG_EXECUTE for HTCondor Node C_W15_LL_M2_A10_S6_F2 (6053557.0.0) {08/17/26 01:24:02}
08/17/26 01:24:04 Number of idle job procs: 17
08/17/26 01:24:04 Event: ULOG_EXECUTE for HTCondor Node C_W15_LL_M2_A10_S1_F2 (6053564.0.0) {08/17/26 01:24:02}
08/17/26 01:24:05 Number of idle job procs: 16
08/17/26 01:24:05 Event: ULOG_EXECUTE for HTCondor Node C_W15_LH_M2_A10_S5_F2 (6053559.0.0) {08/17/26 01:24:03}
08/17/26 01:24:05 Number of idle job procs: 15
08/17/26 01:24:05 Event: ULOG_JOB_TERMINATED for HTCondor Node P_W15_LI_M0_A00_S5 (6053161.0.0) {08/17/26 01:24:04}
08/17/26 01:24:05 Number of idle job procs: 15
08/17/26 01:24:05 Node P_W15_LI_M0_A00_S5 job proc (6053161.0.0) completed successfully.
08/17/26 01:24:05 Node P_W15_LI_M0_A00_S5 job(s) have exited the queue
08/17/26 01:24:05 Event: ULOG_EXECUTE for HTCondor Node C_W15_HL_M2_A10_S5_F2 (6053527.0.0) {08/17/26 01:24:04}
08/17/26 01:24:05 Number of idle job procs: 14
08/17/26 01:24:05 DAG status: 0 (DAG_STATUS_OK)
08/17/26 01:24:05 Of 432 nodes total:
08/17/26 01:24:05  Done     Pre   Queued    Post   Ready   Un-Ready   Failed   Futile
08/17/26 01:24:05   ===     ===      ===     ===     ===        ===      ===      ===
08/17/26 01:24:05   123       0      191       0       1        117        0        0
08/17/26 01:24:05 0 job proc(s) currently held
08/17/26 01:24:05 DAGMan Runtime Statistics: [EventCycleTimeAvg=0.594; EventCycleTimeMax=20.234; EventCycleTimeMin=0.000; EventCycleTimeStd=2.279; EventCycleTimeSum=57.024; SleepCycleTimeAvg=5.005; SleepCycleTimeMax=5.031; SleepCycleTimeMin=5.000; SleepCycleTimeStd=0.003; SleepCycleTimeSum=480.511; SubmitCycleTimeAvg=0.096; SubmitCycleTimeMax=2.749; SubmitCycleTimeMin=0.000; SubmitCycleTimeStd=0.345; SubmitCycleTimeSum=9.328; EventCycleTimeCount=96.000; SleepCycleTimeCount=96.000; SubmitCycleTimeCount=97.000; LogProcessCycleTimeAvg=0.729; LogProcessCycleTimeMax=20.234; LogProcessCycleTimeMin=0.006; LogProcessCycleTimeStd=2.703; LogProcessCycleTimeSum=45.938; LogProcessCycleTimeCount=63.000; ]
08/17/26 01:24:10 Submitting HTCondor Node C_W15_LI_M0_A00_S5_F0 job(s)...
08/17/26 01:24:10 Submitting node C_W15_LI_M0_A00_S5_F0 from file /afs/cern.ch/user/c/cglenn/FCCWork/whizard/whizard_ttbar_spinpol/phase11_diagnostics/excess_weight_rootcause_v1/ttbar_restricted_region_suite_v1/regions/submissions/20260816T231425Z_U9region_core_W15_S8_np1_v1p0p1/region_child.sub using direct job submission
08/17/26 01:24:10 	assigned HTCondor ID (6053575.0.0)
08/17/26 01:24:10 Just submitted 1 job this cycle...
08/17/26 01:24:10 Currently monitoring 1 HTCondor log file(s)
08/17/26 01:24:10 Event: ULOG_JOB_TERMINATED for HTCondor Node P_W15_HI_M0_A00_S4 (6053304.0.0) {08/17/26 01:24:08}
08/17/26 01:24:10 Number of idle job procs: 14
08/17/26 01:24:10 Node P_W15_HI_M0_A00_S4 job proc (6053304.0.0) completed successfully.
08/17/26 01:24:11 Node P_W15_HI_M0_A00_S4 job(s) have exited the queue
08/17/26 01:24:11 Reassigning the id of job C_W15_LI_M0_A00_S5_F0 from (6053575.0.0) to (6053575.0.0)
08/17/26 01:24:11 Event: ULOG_SUBMIT for HTCondor Node C_W15_LI_M0_A00_S5_F0 (6053575.0.0) {08/17/26 01:24:10}
08/17/26 01:24:11 Number of idle job procs: 15
08/17/26 01:24:11 Event: ULOG_EXECUTE for HTCondor Node C_W15_LL_M2_A10_S2_F2 (6053573.0.0) {08/17/26 01:24:10}
08/17/26 01:24:11 Number of idle job procs: 14
08/17/26 01:24:11 DAG status: 0 (DAG_STATUS_OK)
08/17/26 01:24:11 Of 432 nodes total:
08/17/26 01:24:11  Done     Pre   Queued    Post   Ready   Un-Ready   Failed   Futile
08/17/26 01:24:11   ===     ===      ===     ===     ===        ===      ===      ===
08/17/26 01:24:11   124       0      191       0       1        116        0        0
08/17/26 01:24:11 0 job proc(s) currently held
08/17/26 01:24:11 DAGMan Runtime Statistics: [EventCycleTimeAvg=0.596; EventCycleTimeMax=20.234; EventCycleTimeMin=0.000; EventCycleTimeStd=2.267; EventCycleTimeSum=57.789; SleepCycleTimeAvg=5.005; SleepCycleTimeMax=5.031; SleepCycleTimeMin=5.000; SleepCycleTimeStd=0.003; SleepCycleTimeSum=485.514; SubmitCycleTimeAvg=0.098; SubmitCycleTimeMax=2.749; SubmitCycleTimeMin=0.000; SubmitCycleTimeStd=0.343; SubmitCycleTimeSum=9.570; EventCycleTimeCount=97.000; SleepCycleTimeCount=97.000; SubmitCycleTimeCount=98.000; LogProcessCycleTimeAvg=0.728; LogProcessCycleTimeMax=20.234; LogProcessCycleTimeMin=0.006; LogProcessCycleTimeStd=2.681; LogProcessCycleTimeSum=46.580; LogProcessCycleTimeCount=64.000; ]
08/17/26 01:24:16 Submitting HTCondor Node C_W15_HI_M0_A00_S4_F0 job(s)...
08/17/26 01:24:16 Submitting node C_W15_HI_M0_A00_S4_F0 from file /afs/cern.ch/user/c/cglenn/FCCWork/whizard/whizard_ttbar_spinpol/phase11_diagnostics/excess_weight_rootcause_v1/ttbar_restricted_region_suite_v1/regions/submissions/20260816T231425Z_U9region_core_W15_S8_np1_v1p0p1/region_child.sub using direct job submission
08/17/26 01:24:17 	assigned HTCondor ID (6053576.0.0)
08/17/26 01:24:17 Just submitted 1 job this cycle...
08/17/26 01:24:17 Currently monitoring 1 HTCondor log file(s)
08/17/26 01:24:17 Event: ULOG_EXECUTE for HTCondor Node C_W15_HL_M2_A10_S7_F2 (6053560.0.0) {08/17/26 01:24:12}
08/17/26 01:24:17 Number of idle job procs: 13
08/17/26 01:24:17 Event: ULOG_EXECUTE for HTCondor Node C_W15_IH_M0_A00_S6_F0 (6053562.0.0) {08/17/26 01:24:12}
08/17/26 01:24:17 Number of idle job procs: 12
08/17/26 01:24:17 Event: ULOG_EXECUTE for HTCondor Node C_W15_IH_M0_A00_S1_F0 (6053561.0.0) {08/17/26 01:24:12}
08/17/26 01:24:17 Number of idle job procs: 11
08/17/26 01:24:17 Event: ULOG_EXECUTE for HTCondor Node C_W15_IH_M0_A00_S5_F0 (6053569.0.0) {08/17/26 01:24:13}
08/17/26 01:24:17 Number of idle job procs: 10
08/17/26 01:24:17 Event: ULOG_EXECUTE for HTCondor Node C_W15_HL_M2_A10_S3_F2 (6053563.0.0) {08/17/26 01:24:13}
08/17/26 01:24:17 Number of idle job procs: 9
08/17/26 01:24:17 Event: ULOG_EXECUTE for HTCondor Node C_W15_LH_M2_A10_S1_F2 (6053565.0.0) {08/17/26 01:24:13}
08/17/26 01:24:17 Number of idle job procs: 8
08/17/26 01:24:17 Event: ULOG_EXECUTE for HTCondor Node C_W15_HI_M0_A00_S6_F0 (6053566.0.0) {08/17/26 01:24:13}
08/17/26 01:24:17 Number of idle job procs: 7
08/17/26 01:24:17 Event: ULOG_EXECUTE for HTCondor Node C_W15_HL_M2_A10_S4_F2 (6053567.0.0) {08/17/26 01:24:14}
08/17/26 01:24:17 Number of idle job procs: 6
08/17/26 01:24:17 Event: ULOG_EXECUTE for HTCondor Node C_W15_HI_M0_A00_S1_F0 (6053572.0.0) {08/17/26 01:24:14}
08/17/26 01:24:17 Number of idle job procs: 5
08/17/26 01:24:17 Event: ULOG_EXECUTE for HTCondor Node C_W15_LL_M2_A10_S5_F2 (6053568.0.0) {08/17/26 01:24:14}
08/17/26 01:24:17 Number of idle job procs: 4
08/17/26 01:24:17 Event: ULOG_EXECUTE for HTCondor Node C_W15_HL_M2_A10_S0_F2 (6053570.0.0) {08/17/26 01:24:15}
08/17/26 01:24:17 Number of idle job procs: 3
08/17/26 01:24:17 Event: ULOG_EXECUTE for HTCondor Node C_W15_IH_M0_A00_S0_F0 (6053571.0.0) {08/17/26 01:24:15}
08/17/26 01:24:17 Number of idle job procs: 2
08/17/26 01:24:18 Event: ULOG_EXECUTE for HTCondor Node C_W15_LI_M0_A00_S5_F0 (6053575.0.0) {08/17/26 01:24:15}
08/17/26 01:24:18 Number of idle job procs: 1
08/17/26 01:24:18 Reassigning the id of job C_W15_HI_M0_A00_S4_F0 from (6053576.0.0) to (6053576.0.0)
08/17/26 01:24:18 Event: ULOG_SUBMIT for HTCondor Node C_W15_HI_M0_A00_S4_F0 (6053576.0.0) {08/17/26 01:24:17}
08/17/26 01:24:18 Number of idle job procs: 2
08/17/26 01:24:18 DAG status: 0 (DAG_STATUS_OK)
08/17/26 01:24:18 Of 432 nodes total:
08/17/26 01:24:18  Done     Pre   Queued    Post   Ready   Un-Ready   Failed   Futile
08/17/26 01:24:18   ===     ===      ===     ===     ===        ===      ===      ===
08/17/26 01:24:18   124       0      192       0       0        116        0        0
08/17/26 01:24:18 0 job proc(s) currently held
08/17/26 01:24:18 DAGMan Runtime Statistics: [EventCycleTimeAvg=0.604; EventCycleTimeMax=20.234; EventCycleTimeMin=0.000; EventCycleTimeStd=2.257; EventCycleTimeSum=59.182; SleepCycleTimeAvg=5.006; SleepCycleTimeMax=5.040; SleepCycleTimeMin=5.000; SleepCycleTimeStd=0.005; SleepCycleTimeSum=490.554; SubmitCycleTimeAvg=0.099; SubmitCycleTimeMax=2.749; SubmitCycleTimeMin=0.000; SubmitCycleTimeStd=0.342; SubmitCycleTimeSum=9.771; EventCycleTimeCount=98.000; SleepCycleTimeCount=98.000; SubmitCycleTimeCount=99.000; LogProcessCycleTimeAvg=0.733; LogProcessCycleTimeMax=20.234; LogProcessCycleTimeMin=0.006; LogProcessCycleTimeStd=2.661; LogProcessCycleTimeSum=47.674; LogProcessCycleTimeCount=65.000; ]
08/17/26 01:24:23 Currently monitoring 1 HTCondor log file(s)
08/17/26 01:24:28 Currently monitoring 1 HTCondor log file(s)
08/17/26 01:24:28 Event: ULOG_EXECUTE for HTCondor Node C_W15_IL_M0_A00_S7_F0 (6053574.0.0) {08/17/26 01:24:24}
08/17/26 01:24:28 Number of idle job procs: 1
08/17/26 01:24:38 Currently monitoring 1 HTCondor log file(s)
08/17/26 01:24:38 Event: ULOG_JOB_TERMINATED for HTCondor Node P_W15_HI_M0_A00_S0 (6053300.0.0) {08/17/26 01:24:37}
08/17/26 01:24:38 Number of idle job procs: 1
08/17/26 01:24:38 Node P_W15_HI_M0_A00_S0 job proc (6053300.0.0) completed successfully.
08/17/26 01:24:38 Node P_W15_HI_M0_A00_S0 job(s) have exited the queue
08/17/26 01:24:38 Event: ULOG_JOB_TERMINATED for HTCondor Node P_W15_IH_M0_A00_S3 (6053255.0.0) {08/17/26 01:24:38}
08/17/26 01:24:38 Number of idle job procs: 1
08/17/26 01:24:38 Node P_W15_IH_M0_A00_S3 job proc (6053255.0.0) completed successfully.
08/17/26 01:24:39 Node P_W15_IH_M0_A00_S3 job(s) have exited the queue
08/17/26 01:24:39 DAG status: 0 (DAG_STATUS_OK)
08/17/26 01:24:39 Of 432 nodes total:
08/17/26 01:24:39  Done     Pre   Queued    Post   Ready   Un-Ready   Failed   Futile
08/17/26 01:24:39   ===     ===      ===     ===     ===        ===      ===      ===
08/17/26 01:24:39   126       0      190       0       2        114        0        0
08/17/26 01:24:39 0 job proc(s) currently held
08/17/26 01:24:39 DAGMan Runtime Statistics: [EventCycleTimeAvg=0.599; EventCycleTimeMax=20.234; EventCycleTimeMin=0.000; EventCycleTimeStd=2.217; EventCycleTimeSum=61.102; SleepCycleTimeAvg=5.006; SleepCycleTimeMax=5.040; SleepCycleTimeMin=5.000; SleepCycleTimeStd=0.005; SleepCycleTimeSum=510.590; SubmitCycleTimeAvg=0.095; SubmitCycleTimeMax=2.749; SubmitCycleTimeMin=0.000; SubmitCycleTimeStd=0.336; SubmitCycleTimeSum=9.771; EventCycleTimeCount=102.000; SleepCycleTimeCount=102.000; SubmitCycleTimeCount=103.000; LogProcessCycleTimeAvg=0.705; LogProcessCycleTimeMax=20.234; LogProcessCycleTimeMin=0.006; LogProcessCycleTimeStd=2.604; LogProcessCycleTimeSum=47.941; LogProcessCycleTimeCount=68.000; ]
08/17/26 01:24:44 Submitting HTCondor Node C_W15_HI_M0_A00_S0_F0 job(s)...
08/17/26 01:24:44 Submitting node C_W15_HI_M0_A00_S0_F0 from file /afs/cern.ch/user/c/cglenn/FCCWork/whizard/whizard_ttbar_spinpol/phase11_diagnostics/excess_weight_rootcause_v1/ttbar_restricted_region_suite_v1/regions/submissions/20260816T231425Z_U9region_core_W15_S8_np1_v1p0p1/region_child.sub using direct job submission
08/17/26 01:24:44 	assigned HTCondor ID (6053577.0.0)
08/17/26 01:24:44 Submitting HTCondor Node C_W15_IH_M0_A00_S3_F0 job(s)...
08/17/26 01:24:44 Submitting node C_W15_IH_M0_A00_S3_F0 from file /afs/cern.ch/user/c/cglenn/FCCWork/whizard/whizard_ttbar_spinpol/phase11_diagnostics/excess_weight_rootcause_v1/ttbar_restricted_region_suite_v1/regions/submissions/20260816T231425Z_U9region_core_W15_S8_np1_v1p0p1/region_child.sub using direct job submission
08/17/26 01:24:44 	assigned HTCondor ID (6053578.0.0)
08/17/26 01:24:44 Just submitted 2 jobs this cycle...
08/17/26 01:24:44 Currently monitoring 1 HTCondor log file(s)
08/17/26 01:24:44 Event: ULOG_EXECUTE for HTCondor Node C_W15_HI_M0_A00_S4_F0 (6053576.0.0) {08/17/26 01:24:39}
08/17/26 01:24:44 Number of idle job procs: 0
08/17/26 01:24:44 Event: ULOG_JOB_TERMINATED for HTCondor Node P_W15_IH_M0_A00_S7 (6053259.0.0) {08/17/26 01:24:41}
08/17/26 01:24:44 Number of idle job procs: 0
08/17/26 01:24:44 Node P_W15_IH_M0_A00_S7 job proc (6053259.0.0) completed successfully.
08/17/26 01:24:44 Node P_W15_IH_M0_A00_S7 job(s) have exited the queue
08/17/26 01:24:44 Reassigning the id of job C_W15_HI_M0_A00_S0_F0 from (6053577.0.0) to (6053577.0.0)
08/17/26 01:24:44 Event: ULOG_SUBMIT for HTCondor Node C_W15_HI_M0_A00_S0_F0 (6053577.0.0) {08/17/26 01:24:44}
08/17/26 01:24:44 Number of idle job procs: 1
08/17/26 01:24:44 Reassigning the id of job C_W15_IH_M0_A00_S3_F0 from (6053578.0.0) to (6053578.0.0)
08/17/26 01:24:44 Event: ULOG_SUBMIT for HTCondor Node C_W15_IH_M0_A00_S3_F0 (6053578.0.0) {08/17/26 01:24:44}
08/17/26 01:24:44 Number of idle job procs: 2
08/17/26 01:24:44 DAG status: 0 (DAG_STATUS_OK)
08/17/26 01:24:44 Of 432 nodes total:
08/17/26 01:24:44  Done     Pre   Queued    Post   Ready   Un-Ready   Failed   Futile
08/17/26 01:24:44   ===     ===      ===     ===     ===        ===      ===      ===
08/17/26 01:24:44   127       0      191       0       1        113        0        0
08/17/26 01:24:44 0 job proc(s) currently held
08/17/26 01:24:44 DAGMan Runtime Statistics: [EventCycleTimeAvg=0.595; EventCycleTimeMax=20.234; EventCycleTimeMin=0.000; EventCycleTimeStd=2.206; EventCycleTimeSum=61.325; SleepCycleTimeAvg=5.006; SleepCycleTimeMax=5.040; SleepCycleTimeMin=5.000; SleepCycleTimeStd=0.005; SleepCycleTimeSum=515.595; SubmitCycleTimeAvg=0.095; SubmitCycleTimeMax=2.749; SubmitCycleTimeMin=0.000; SubmitCycleTimeStd=0.334; SubmitCycleTimeSum=9.856; EventCycleTimeCount=103.000; SleepCycleTimeCount=103.000; SubmitCycleTimeCount=104.000; LogProcessCycleTimeAvg=0.696; LogProcessCycleTimeMax=20.234; LogProcessCycleTimeMin=0.006; LogProcessCycleTimeStd=2.586; LogProcessCycleTimeSum=48.056; LogProcessCycleTimeCount=69.000; ]
08/17/26 01:24:49 Submitting HTCondor Node C_W15_IH_M0_A00_S7_F0 job(s)...
08/17/26 01:24:49 Submitting node C_W15_IH_M0_A00_S7_F0 from file /afs/cern.ch/user/c/cglenn/FCCWork/whizard/whizard_ttbar_spinpol/phase11_diagnostics/excess_weight_rootcause_v1/ttbar_restricted_region_suite_v1/regions/submissions/20260816T231425Z_U9region_core_W15_S8_np1_v1p0p1/region_child.sub using direct job submission
08/17/26 01:24:49 	assigned HTCondor ID (6053579.0.0)
08/17/26 01:24:49 Just submitted 1 job this cycle...
08/17/26 01:24:49 Currently monitoring 1 HTCondor log file(s)
08/17/26 01:24:49 Event: ULOG_EXECUTE for HTCondor Node C_W15_HI_M0_A00_S0_F0 (6053577.0.0) {08/17/26 01:24:45}
08/17/26 01:24:49 Number of idle job procs: 1
08/17/26 01:24:49 Event: ULOG_EXECUTE for HTCondor Node C_W15_IH_M0_A00_S3_F0 (6053578.0.0) {08/17/26 01:24:46}
08/17/26 01:24:49 Number of idle job procs: 0
08/17/26 01:24:49 Reassigning the id of job C_W15_IH_M0_A00_S7_F0 from (6053579.0.0) to (6053579.0.0)
08/17/26 01:24:49 Event: ULOG_SUBMIT for HTCondor Node C_W15_IH_M0_A00_S7_F0 (6053579.0.0) {08/17/26 01:24:49}
08/17/26 01:24:49 Number of idle job procs: 1
08/17/26 01:24:49 DAG status: 0 (DAG_STATUS_OK)
08/17/26 01:24:49 Of 432 nodes total:
08/17/26 01:24:49  Done     Pre   Queued    Post   Ready   Un-Ready   Failed   Futile
08/17/26 01:24:49   ===     ===      ===     ===     ===        ===      ===      ===
08/17/26 01:24:49   127       0      192       0       0        113        0        0
08/17/26 01:24:49 0 job proc(s) currently held
08/17/26 01:24:49 DAGMan Runtime Statistics: [EventCycleTimeAvg=0.592; EventCycleTimeMax=20.234; EventCycleTimeMin=0.000; EventCycleTimeStd=2.196; EventCycleTimeSum=61.603; SleepCycleTimeAvg=5.006; SleepCycleTimeMax=5.040; SleepCycleTimeMin=5.000; SleepCycleTimeStd=0.005; SleepCycleTimeSum=520.604; SubmitCycleTimeAvg=0.094; SubmitCycleTimeMax=2.749; SubmitCycleTimeMin=0.000; SubmitCycleTimeStd=0.332; SubmitCycleTimeSum=9.894; EventCycleTimeCount=104.000; SleepCycleTimeCount=104.000; SubmitCycleTimeCount=105.000; LogProcessCycleTimeAvg=0.687; LogProcessCycleTimeMax=20.234; LogProcessCycleTimeMin=0.006; LogProcessCycleTimeStd=2.568; LogProcessCycleTimeSum=48.113; LogProcessCycleTimeCount=70.000; ]
08/17/26 01:24:54 Currently monitoring 1 HTCondor log file(s)
08/17/26 01:24:54 Event: ULOG_JOB_TERMINATED for HTCondor Node P_W15_LL_M0_A00_S2 (6053134.0.0) {08/17/26 01:24:50}
08/17/26 01:24:54 Number of idle job procs: 1
08/17/26 01:24:54 Node P_W15_LL_M0_A00_S2 job proc (6053134.0.0) completed successfully.
08/17/26 01:24:54 Node P_W15_LL_M0_A00_S2 job(s) have exited the queue
08/17/26 01:24:54 Event: ULOG_EXECUTE for HTCondor Node C_W15_IH_M0_A00_S7_F0 (6053579.0.0) {08/17/26 01:24:51}
08/17/26 01:24:54 Number of idle job procs: 0
08/17/26 01:24:54 DAG status: 0 (DAG_STATUS_OK)
08/17/26 01:24:54 Of 432 nodes total:
08/17/26 01:24:54  Done     Pre   Queued    Post   Ready   Un-Ready   Failed   Futile
08/17/26 01:24:54   ===     ===      ===     ===     ===        ===      ===      ===
08/17/26 01:24:54   128       0      191       0       1        112        0        0
08/17/26 01:24:54 0 job proc(s) currently held
08/17/26 01:24:54 DAGMan Runtime Statistics: [EventCycleTimeAvg=0.588; EventCycleTimeMax=20.234; EventCycleTimeMin=0.000; EventCycleTimeStd=2.186; EventCycleTimeSum=61.756; SleepCycleTimeAvg=5.006; SleepCycleTimeMax=5.040; SleepCycleTimeMin=5.000; SleepCycleTimeStd=0.005; SleepCycleTimeSum=525.613; SubmitCycleTimeAvg=0.093; SubmitCycleTimeMax=2.749; SubmitCycleTimeMin=0.000; SubmitCycleTimeStd=0.331; SubmitCycleTimeSum=9.894; EventCycleTimeCount=105.000; SleepCycleTimeCount=105.000; SubmitCycleTimeCount=106.000; LogProcessCycleTimeAvg=0.679; LogProcessCycleTimeMax=20.234; LogProcessCycleTimeMin=0.006; LogProcessCycleTimeStd=2.551; LogProcessCycleTimeSum=48.177; LogProcessCycleTimeCount=71.000; ]
08/17/26 01:24:59 Submitting HTCondor Node C_W15_LL_M0_A00_S2_F0 job(s)...
08/17/26 01:24:59 Submitting node C_W15_LL_M0_A00_S2_F0 from file /afs/cern.ch/user/c/cglenn/FCCWork/whizard/whizard_ttbar_spinpol/phase11_diagnostics/excess_weight_rootcause_v1/ttbar_restricted_region_suite_v1/regions/submissions/20260816T231425Z_U9region_core_W15_S8_np1_v1p0p1/region_child.sub using direct job submission
08/17/26 01:24:59 	assigned HTCondor ID (6053580.0.0)
08/17/26 01:24:59 Just submitted 1 job this cycle...
08/17/26 01:24:59 DAG status: 0 (DAG_STATUS_OK)
08/17/26 01:24:59 Of 432 nodes total:
08/17/26 01:24:59  Done     Pre   Queued    Post   Ready   Un-Ready   Failed   Futile
08/17/26 01:24:59   ===     ===      ===     ===     ===        ===      ===      ===
08/17/26 01:24:59   128       0      192       0       0        112        0        0
08/17/26 01:24:59 0 job proc(s) currently held
08/17/26 01:24:59 DAGMan Runtime Statistics: [EventCycleTimeAvg=0.584; EventCycleTimeMax=20.234; EventCycleTimeMin=0.000; EventCycleTimeStd=2.176; EventCycleTimeSum=61.889; SleepCycleTimeAvg=5.006; SleepCycleTimeMax=5.040; SleepCycleTimeMin=5.000; SleepCycleTimeStd=0.005; SleepCycleTimeSum=530.618; SubmitCycleTimeAvg=0.093; SubmitCycleTimeMax=2.749; SubmitCycleTimeMin=0.000; SubmitCycleTimeStd=0.329; SubmitCycleTimeSum=9.953; EventCycleTimeCount=106.000; SleepCycleTimeCount=106.000; SubmitCycleTimeCount=107.000; LogProcessCycleTimeAvg=0.679; LogProcessCycleTimeMax=20.234; LogProcessCycleTimeMin=0.006; LogProcessCycleTimeStd=2.551; LogProcessCycleTimeSum=48.177; LogProcessCycleTimeCount=71.000; ]
08/17/26 01:25:04 Currently monitoring 1 HTCondor log file(s)
08/17/26 01:25:04 Reassigning the id of job C_W15_LL_M0_A00_S2_F0 from (6053580.0.0) to (6053580.0.0)
08/17/26 01:25:04 Event: ULOG_SUBMIT for HTCondor Node C_W15_LL_M0_A00_S2_F0 (6053580.0.0) {08/17/26 01:24:59}
08/17/26 01:25:04 Number of idle job procs: 1
08/17/26 01:25:04 Event: ULOG_EXECUTE for HTCondor Node C_W15_LL_M0_A00_S2_F0 (6053580.0.0) {08/17/26 01:25:02}
08/17/26 01:25:04 Number of idle job procs: 0
08/17/26 01:25:04 Event: ULOG_JOB_TERMINATED for HTCondor Node P_W15_HI_M0_A00_S3 (6053303.0.0) {08/17/26 01:25:04}
08/17/26 01:25:04 Number of idle job procs: 0
08/17/26 01:25:04 Node P_W15_HI_M0_A00_S3 job proc (6053303.0.0) completed successfully.
08/17/26 01:25:04 Node P_W15_HI_M0_A00_S3 job(s) have exited the queue
08/17/26 01:25:04 DAG status: 0 (DAG_STATUS_OK)
08/17/26 01:25:04 Of 432 nodes total:
08/17/26 01:25:04  Done     Pre   Queued    Post   Ready   Un-Ready   Failed   Futile
08/17/26 01:25:04   ===     ===      ===     ===     ===        ===      ===      ===
08/17/26 01:25:04   129       0      191       0       1        111        0        0
08/17/26 01:25:04 0 job proc(s) currently held
08/17/26 01:25:04 DAGMan Runtime Statistics: [EventCycleTimeAvg=0.580; EventCycleTimeMax=20.234; EventCycleTimeMin=0.000; EventCycleTimeStd=2.166; EventCycleTimeSum=62.022; SleepCycleTimeAvg=5.006; SleepCycleTimeMax=5.040; SleepCycleTimeMin=5.000; SleepCycleTimeStd=0.005; SleepCycleTimeSum=535.623; SubmitCycleTimeAvg=0.092; SubmitCycleTimeMax=2.749; SubmitCycleTimeMin=0.000; SubmitCycleTimeStd=0.328; SubmitCycleTimeSum=9.953; EventCycleTimeCount=107.000; SleepCycleTimeCount=107.000; SubmitCycleTimeCount=108.000; LogProcessCycleTimeAvg=0.670; LogProcessCycleTimeMax=20.234; LogProcessCycleTimeMin=0.006; LogProcessCycleTimeStd=2.534; LogProcessCycleTimeSum=48.259; LogProcessCycleTimeCount=72.000; ]
08/17/26 01:25:09 Submitting HTCondor Node C_W15_HI_M0_A00_S3_F0 job(s)...
08/17/26 01:25:09 Submitting node C_W15_HI_M0_A00_S3_F0 from file /afs/cern.ch/user/c/cglenn/FCCWork/whizard/whizard_ttbar_spinpol/phase11_diagnostics/excess_weight_rootcause_v1/ttbar_restricted_region_suite_v1/regions/submissions/20260816T231425Z_U9region_core_W15_S8_np1_v1p0p1/region_child.sub using direct job submission
08/17/26 01:25:10 	assigned HTCondor ID (6053581.0.0)
08/17/26 01:25:10 Just submitted 1 job this cycle...
08/17/26 01:25:10 Currently monitoring 1 HTCondor log file(s)
08/17/26 01:25:10 Event: ULOG_JOB_TERMINATED for HTCondor Node P_W15_HL_M0_A00_S3 (6053279.0.0) {08/17/26 01:25:08}
08/17/26 01:25:10 Number of idle job procs: 0
08/17/26 01:25:10 Node P_W15_HL_M0_A00_S3 job proc (6053279.0.0) completed successfully.
08/17/26 01:25:10 Node P_W15_HL_M0_A00_S3 job(s) have exited the queue
08/17/26 01:25:10 Reassigning the id of job C_W15_HI_M0_A00_S3_F0 from (6053581.0.0) to (6053581.0.0)
08/17/26 01:25:10 Event: ULOG_SUBMIT for HTCondor Node C_W15_HI_M0_A00_S3_F0 (6053581.0.0) {08/17/26 01:25:10}
08/17/26 01:25:10 Number of idle job procs: 1
08/17/26 01:25:10 DAG status: 0 (DAG_STATUS_OK)
08/17/26 01:25:10 Of 432 nodes total:
08/17/26 01:25:10  Done     Pre   Queued    Post   Ready   Un-Ready   Failed   Futile
08/17/26 01:25:10   ===     ===      ===     ===     ===        ===      ===      ===
08/17/26 01:25:10   130       0      191       0       1        110        0        0
08/17/26 01:25:10 0 job proc(s) currently held
08/17/26 01:25:10 DAGMan Runtime Statistics: [EventCycleTimeAvg=0.576; EventCycleTimeMax=20.234; EventCycleTimeMin=0.000; EventCycleTimeStd=2.156; EventCycleTimeSum=62.158; SleepCycleTimeAvg=5.006; SleepCycleTimeMax=5.040; SleepCycleTimeMin=5.000; SleepCycleTimeStd=0.005; SleepCycleTimeSum=540.628; SubmitCycleTimeAvg=0.092; SubmitCycleTimeMax=2.749; SubmitCycleTimeMin=0.000; SubmitCycleTimeStd=0.326; SubmitCycleTimeSum=9.991; EventCycleTimeCount=108.000; SleepCycleTimeCount=108.000; SubmitCycleTimeCount=109.000; LogProcessCycleTimeAvg=0.662; LogProcessCycleTimeMax=20.234; LogProcessCycleTimeMin=0.006; LogProcessCycleTimeStd=2.517; LogProcessCycleTimeSum=48.319; LogProcessCycleTimeCount=73.000; ]
08/17/26 01:25:15 Submitting HTCondor Node C_W15_HL_M0_A00_S3_F0 job(s)...
08/17/26 01:25:15 Submitting node C_W15_HL_M0_A00_S3_F0 from file /afs/cern.ch/user/c/cglenn/FCCWork/whizard/whizard_ttbar_spinpol/phase11_diagnostics/excess_weight_rootcause_v1/ttbar_restricted_region_suite_v1/regions/submissions/20260816T231425Z_U9region_core_W15_S8_np1_v1p0p1/region_child.sub using direct job submission
08/17/26 01:25:15 	assigned HTCondor ID (6053582.0.0)
08/17/26 01:25:15 Just submitted 1 job this cycle...
08/17/26 01:25:15 Currently monitoring 1 HTCondor log file(s)
08/17/26 01:25:15 Event: ULOG_EXECUTE for HTCondor Node C_W15_HI_M0_A00_S3_F0 (6053581.0.0) {08/17/26 01:25:12}
08/17/26 01:25:15 Number of idle job procs: 0
08/17/26 01:25:15 Event: ULOG_JOB_TERMINATED for HTCondor Node P_W15_IL_M0_A00_S1 (6053205.0.0) {08/17/26 01:25:14}
08/17/26 01:25:15 Number of idle job procs: 0
08/17/26 01:25:15 Node P_W15_IL_M0_A00_S1 job proc (6053205.0.0) completed successfully.
08/17/26 01:25:15 Node P_W15_IL_M0_A00_S1 job(s) have exited the queue
08/17/26 01:25:15 Reassigning the id of job C_W15_HL_M0_A00_S3_F0 from (6053582.0.0) to (6053582.0.0)
08/17/26 01:25:15 Event: ULOG_SUBMIT for HTCondor Node C_W15_HL_M0_A00_S3_F0 (6053582.0.0) {08/17/26 01:25:15}
08/17/26 01:25:15 Number of idle job procs: 1
08/17/26 01:25:15 DAG status: 0 (DAG_STATUS_OK)
08/17/26 01:25:15 Of 432 nodes total:
08/17/26 01:25:15  Done     Pre   Queued    Post   Ready   Un-Ready   Failed   Futile
08/17/26 01:25:15   ===     ===      ===     ===     ===        ===      ===      ===
08/17/26 01:25:15   131       0      191       0       1        109        0        0
08/17/26 01:25:15 0 job proc(s) currently held
08/17/26 01:25:15 DAGMan Runtime Statistics: [EventCycleTimeAvg=0.572; EventCycleTimeMax=20.234; EventCycleTimeMin=0.000; EventCycleTimeStd=2.147; EventCycleTimeSum=62.314; SleepCycleTimeAvg=5.006; SleepCycleTimeMax=5.040; SleepCycleTimeMin=5.000; SleepCycleTimeStd=0.005; SleepCycleTimeSum=545.634; SubmitCycleTimeAvg=0.091; SubmitCycleTimeMax=2.749; SubmitCycleTimeMin=0.000; SubmitCycleTimeStd=0.325; SubmitCycleTimeSum=10.029; EventCycleTimeCount=109.000; SleepCycleTimeCount=109.000; SubmitCycleTimeCount=110.000; LogProcessCycleTimeAvg=0.654; LogProcessCycleTimeMax=20.234; LogProcessCycleTimeMin=0.006; LogProcessCycleTimeStd=2.501; LogProcessCycleTimeSum=48.391; LogProcessCycleTimeCount=74.000; ]
08/17/26 01:25:20 Submitting HTCondor Node C_W15_IL_M0_A00_S1_F0 job(s)...
08/17/26 01:25:20 Submitting node C_W15_IL_M0_A00_S1_F0 from file /afs/cern.ch/user/c/cglenn/FCCWork/whizard/whizard_ttbar_spinpol/phase11_diagnostics/excess_weight_rootcause_v1/ttbar_restricted_region_suite_v1/regions/submissions/20260816T231425Z_U9region_core_W15_S8_np1_v1p0p1/region_child.sub using direct job submission
08/17/26 01:25:20 	assigned HTCondor ID (6053583.0.0)
08/17/26 01:25:20 Just submitted 1 job this cycle...
08/17/26 01:25:20 Currently monitoring 1 HTCondor log file(s)
08/17/26 01:25:20 Event: ULOG_JOB_TERMINATED for HTCondor Node P_W15_IH_M0_A00_S4 (6053256.0.0) {08/17/26 01:25:18}
08/17/26 01:25:20 Number of idle job procs: 1
08/17/26 01:25:20 Node P_W15_IH_M0_A00_S4 job proc (6053256.0.0) completed successfully.
08/17/26 01:25:20 Node P_W15_IH_M0_A00_S4 job(s) have exited the queue
08/17/26 01:25:20 Reassigning the id of job C_W15_IL_M0_A00_S1_F0 from (6053583.0.0) to (6053583.0.0)
08/17/26 01:25:20 Event: ULOG_SUBMIT for HTCondor Node C_W15_IL_M0_A00_S1_F0 (6053583.0.0) {08/17/26 01:25:20}
08/17/26 01:25:20 Number of idle job procs: 2
08/17/26 01:25:20 DAG status: 0 (DAG_STATUS_OK)
08/17/26 01:25:20 Of 432 nodes total:
08/17/26 01:25:20  Done     Pre   Queued    Post   Ready   Un-Ready   Failed   Futile
08/17/26 01:25:20   ===     ===      ===     ===     ===        ===      ===      ===
08/17/26 01:25:20   132       0      191       0       1        108        0        0
08/17/26 01:25:20 0 job proc(s) currently held
08/17/26 01:25:20 DAGMan Runtime Statistics: [EventCycleTimeAvg=0.568; EventCycleTimeMax=20.234; EventCycleTimeMin=0.000; EventCycleTimeStd=2.137; EventCycleTimeSum=62.481; SleepCycleTimeAvg=5.006; SleepCycleTimeMax=5.040; SleepCycleTimeMin=5.000; SleepCycleTimeStd=0.005; SleepCycleTimeSum=550.639; SubmitCycleTimeAvg=0.091; SubmitCycleTimeMax=2.749; SubmitCycleTimeMin=0.000; SubmitCycleTimeStd=0.324; SubmitCycleTimeSum=10.067; EventCycleTimeCount=110.000; SleepCycleTimeCount=110.000; SubmitCycleTimeCount=111.000; LogProcessCycleTimeAvg=0.646; LogProcessCycleTimeMax=20.234; LogProcessCycleTimeMin=0.006; LogProcessCycleTimeStd=2.485; LogProcessCycleTimeSum=48.451; LogProcessCycleTimeCount=75.000; ]
08/17/26 01:25:25 Submitting HTCondor Node C_W15_IH_M0_A00_S4_F0 job(s)...
08/17/26 01:25:25 Submitting node C_W15_IH_M0_A00_S4_F0 from file /afs/cern.ch/user/c/cglenn/FCCWork/whizard/whizard_ttbar_spinpol/phase11_diagnostics/excess_weight_rootcause_v1/ttbar_restricted_region_suite_v1/regions/submissions/20260816T231425Z_U9region_core_W15_S8_np1_v1p0p1/region_child.sub using direct job submission
08/17/26 01:25:25 	assigned HTCondor ID (6053584.0.0)
08/17/26 01:25:25 Just submitted 1 job this cycle...
08/17/26 01:25:25 Currently monitoring 1 HTCondor log file(s)
08/17/26 01:25:25 Event: ULOG_EXECUTE for HTCondor Node C_W15_HL_M0_A00_S3_F0 (6053582.0.0) {08/17/26 01:25:22}
08/17/26 01:25:25 Number of idle job procs: 1
08/17/26 01:25:25 Event: ULOG_JOB_TERMINATED for HTCondor Node P_W15_LL_M0_A00_S6 (6053138.0.0) {08/17/26 01:25:23}
08/17/26 01:25:25 Number of idle job procs: 1
08/17/26 01:25:25 Node P_W15_LL_M0_A00_S6 job proc (6053138.0.0) completed successfully.
08/17/26 01:25:25 Node P_W15_LL_M0_A00_S6 job(s) have exited the queue
08/17/26 01:25:25 Event: ULOG_EXECUTE for HTCondor Node C_W15_IL_M0_A00_S1_F0 (6053583.0.0) {08/17/26 01:25:25}
08/17/26 01:25:25 Number of idle job procs: 0
08/17/26 01:25:25 Reassigning the id of job C_W15_IH_M0_A00_S4_F0 from (6053584.0.0) to (6053584.0.0)
08/17/26 01:25:25 Event: ULOG_SUBMIT for HTCondor Node C_W15_IH_M0_A00_S4_F0 (6053584.0.0) {08/17/26 01:25:25}
08/17/26 01:25:25 Number of idle job procs: 1
08/17/26 01:25:25 DAG status: 0 (DAG_STATUS_OK)
08/17/26 01:25:25 Of 432 nodes total:
08/17/26 01:25:25  Done     Pre   Queued    Post   Ready   Un-Ready   Failed   Futile
08/17/26 01:25:25   ===     ===      ===     ===     ===        ===      ===      ===
08/17/26 01:25:25   133       0      191       0       1        107        0        0
08/17/26 01:25:25 0 job proc(s) currently held
08/17/26 01:25:25 DAGMan Runtime Statistics: [EventCycleTimeAvg=0.564; EventCycleTimeMax=20.234; EventCycleTimeMin=0.000; EventCycleTimeStd=2.128; EventCycleTimeSum=62.639; SleepCycleTimeAvg=5.006; SleepCycleTimeMax=5.040; SleepCycleTimeMin=5.000; SleepCycleTimeStd=0.005; SleepCycleTimeSum=555.644; SubmitCycleTimeAvg=0.090; SubmitCycleTimeMax=2.749; SubmitCycleTimeMin=0.000; SubmitCycleTimeStd=0.322; SubmitCycleTimeSum=10.106; EventCycleTimeCount=111.000; SleepCycleTimeCount=111.000; SubmitCycleTimeCount=112.000; LogProcessCycleTimeAvg=0.639; LogProcessCycleTimeMax=20.234; LogProcessCycleTimeMin=0.006; LogProcessCycleTimeStd=2.469; LogProcessCycleTimeSum=48.540; LogProcessCycleTimeCount=76.000; ]
08/17/26 01:25:30 Submitting HTCondor Node C_W15_LL_M0_A00_S6_F0 job(s)...
08/17/26 01:25:30 Submitting node C_W15_LL_M0_A00_S6_F0 from file /afs/cern.ch/user/c/cglenn/FCCWork/whizard/whizard_ttbar_spinpol/phase11_diagnostics/excess_weight_rootcause_v1/ttbar_restricted_region_suite_v1/regions/submissions/20260816T231425Z_U9region_core_W15_S8_np1_v1p0p1/region_child.sub using direct job submission
08/17/26 01:25:30 	assigned HTCondor ID (6053585.0.0)
08/17/26 01:25:30 Just submitted 1 job this cycle...
08/17/26 01:25:30 Currently monitoring 1 HTCondor log file(s)
08/17/26 01:25:30 Event: ULOG_EXECUTE for HTCondor Node C_W15_IH_M0_A00_S4_F0 (6053584.0.0) {08/17/26 01:25:30}
08/17/26 01:25:30 Number of idle job procs: 0
08/17/26 01:25:30 Reassigning the id of job C_W15_LL_M0_A00_S6_F0 from (6053585.0.0) to (6053585.0.0)
08/17/26 01:25:30 Event: ULOG_SUBMIT for HTCondor Node C_W15_LL_M0_A00_S6_F0 (6053585.0.0) {08/17/26 01:25:30}
08/17/26 01:25:30 Number of idle job procs: 1
08/17/26 01:25:30 DAG status: 0 (DAG_STATUS_OK)
08/17/26 01:25:30 Of 432 nodes total:
08/17/26 01:25:30  Done     Pre   Queued    Post   Ready   Un-Ready   Failed   Futile
08/17/26 01:25:30   ===     ===      ===     ===     ===        ===      ===      ===
08/17/26 01:25:30   133       0      192       0       0        107        0        0
08/17/26 01:25:30 0 job proc(s) currently held
08/17/26 01:25:30 DAGMan Runtime Statistics: [EventCycleTimeAvg=0.561; EventCycleTimeMax=20.234; EventCycleTimeMin=0.000; EventCycleTimeStd=2.118; EventCycleTimeSum=62.838; SleepCycleTimeAvg=5.006; SleepCycleTimeMax=5.040; SleepCycleTimeMin=5.000; SleepCycleTimeStd=0.005; SleepCycleTimeSum=560.646; SubmitCycleTimeAvg=0.090; SubmitCycleTimeMax=2.749; SubmitCycleTimeMin=0.000; SubmitCycleTimeStd=0.321; SubmitCycleTimeSum=10.146; EventCycleTimeCount=112.000; SleepCycleTimeCount=112.000; SubmitCycleTimeCount=113.000; LogProcessCycleTimeAvg=0.631; LogProcessCycleTimeMax=20.234; LogProcessCycleTimeMin=0.006; LogProcessCycleTimeStd=2.453; LogProcessCycleTimeSum=48.587; LogProcessCycleTimeCount=77.000; ]
08/17/26 01:25:35 Currently monitoring 1 HTCondor log file(s)
08/17/26 01:25:35 Event: ULOG_JOB_TERMINATED for HTCondor Node P_W15_LL_M0_A00_S5 (6053137.0.0) {08/17/26 01:25:32}
08/17/26 01:25:35 Number of idle job procs: 1
08/17/26 01:25:35 Node P_W15_LL_M0_A00_S5 job proc (6053137.0.0) completed successfully.
08/17/26 01:25:35 Node P_W15_LL_M0_A00_S5 job(s) have exited the queue
08/17/26 01:25:35 Event: ULOG_EXECUTE for HTCondor Node C_W15_LL_M0_A00_S6_F0 (6053585.0.0) {08/17/26 01:25:34}
08/17/26 01:25:35 Number of idle job procs: 0
08/17/26 01:25:35 Event: ULOG_JOB_TERMINATED for HTCondor Node P_W15_LI_M0_A00_S3 (6053159.0.0) {08/17/26 01:25:35}
08/17/26 01:25:35 Number of idle job procs: 0
08/17/26 01:25:35 Node P_W15_LI_M0_A00_S3 job proc (6053159.0.0) completed successfully.
08/17/26 01:25:35 Node P_W15_LI_M0_A00_S3 job(s) have exited the queue
08/17/26 01:25:35 DAG status: 0 (DAG_STATUS_OK)
08/17/26 01:25:35 Of 432 nodes total:
08/17/26 01:25:35  Done     Pre   Queued    Post   Ready   Un-Ready   Failed   Futile
08/17/26 01:25:35   ===     ===      ===     ===     ===        ===      ===      ===
08/17/26 01:25:35   135       0      190       0       2        105        0        0
08/17/26 01:25:35 0 job proc(s) currently held
08/17/26 01:25:35 DAGMan Runtime Statistics: [EventCycleTimeAvg=0.557; EventCycleTimeMax=20.234; EventCycleTimeMin=0.000; EventCycleTimeStd=2.109; EventCycleTimeSum=62.985; SleepCycleTimeAvg=5.006; SleepCycleTimeMax=5.040; SleepCycleTimeMin=5.000; SleepCycleTimeStd=0.005; SleepCycleTimeSum=565.651; SubmitCycleTimeAvg=0.089; SubmitCycleTimeMax=2.749; SubmitCycleTimeMin=0.000; SubmitCycleTimeStd=0.319; SubmitCycleTimeSum=10.146; EventCycleTimeCount=113.000; SleepCycleTimeCount=113.000; SubmitCycleTimeCount=114.000; LogProcessCycleTimeAvg=0.624; LogProcessCycleTimeMax=20.234; LogProcessCycleTimeMin=0.006; LogProcessCycleTimeStd=2.438; LogProcessCycleTimeSum=48.672; LogProcessCycleTimeCount=78.000; ]
08/17/26 01:25:40 Submitting HTCondor Node C_W15_LL_M0_A00_S5_F0 job(s)...
08/17/26 01:25:40 Submitting node C_W15_LL_M0_A00_S5_F0 from file /afs/cern.ch/user/c/cglenn/FCCWork/whizard/whizard_ttbar_spinpol/phase11_diagnostics/excess_weight_rootcause_v1/ttbar_restricted_region_suite_v1/regions/submissions/20260816T231425Z_U9region_core_W15_S8_np1_v1p0p1/region_child.sub using direct job submission
08/17/26 01:25:41 	assigned HTCondor ID (6053589.0.0)
08/17/26 01:25:41 Submitting HTCondor Node C_W15_LI_M0_A00_S3_F0 job(s)...
08/17/26 01:25:41 Submitting node C_W15_LI_M0_A00_S3_F0 from file /afs/cern.ch/user/c/cglenn/FCCWork/whizard/whizard_ttbar_spinpol/phase11_diagnostics/excess_weight_rootcause_v1/ttbar_restricted_region_suite_v1/regions/submissions/20260816T231425Z_U9region_core_W15_S8_np1_v1p0p1/region_child.sub using direct job submission
08/17/26 01:25:41 	assigned HTCondor ID (6053590.0.0)
08/17/26 01:25:41 Just submitted 2 jobs this cycle...
08/17/26 01:25:41 DAG status: 0 (DAG_STATUS_OK)
08/17/26 01:25:41 Of 432 nodes total:
08/17/26 01:25:41  Done     Pre   Queued    Post   Ready   Un-Ready   Failed   Futile
08/17/26 01:25:41   ===     ===      ===     ===     ===        ===      ===      ===
08/17/26 01:25:41   135       0      192       0       0        105        0        0
08/17/26 01:25:41 0 job proc(s) currently held
08/17/26 01:25:41 DAGMan Runtime Statistics: [EventCycleTimeAvg=0.554; EventCycleTimeMax=20.234; EventCycleTimeMin=0.000; EventCycleTimeStd=2.100; EventCycleTimeSum=63.122; SleepCycleTimeAvg=5.006; SleepCycleTimeMax=5.040; SleepCycleTimeMin=5.000; SleepCycleTimeStd=0.005; SleepCycleTimeSum=570.653; SubmitCycleTimeAvg=0.089; SubmitCycleTimeMax=2.749; SubmitCycleTimeMin=0.000; SubmitCycleTimeStd=0.318; SubmitCycleTimeSum=10.222; EventCycleTimeCount=114.000; SleepCycleTimeCount=114.000; SubmitCycleTimeCount=115.000; LogProcessCycleTimeAvg=0.624; LogProcessCycleTimeMax=20.234; LogProcessCycleTimeMin=0.006; LogProcessCycleTimeStd=2.438; LogProcessCycleTimeSum=48.672; LogProcessCycleTimeCount=78.000; ]
08/17/26 01:25:46 Currently monitoring 1 HTCondor log file(s)
08/17/26 01:25:46 Reassigning the id of job C_W15_LL_M0_A00_S5_F0 from (6053589.0.0) to (6053589.0.0)
08/17/26 01:25:46 Event: ULOG_SUBMIT for HTCondor Node C_W15_LL_M0_A00_S5_F0 (6053589.0.0) {08/17/26 01:25:40}
08/17/26 01:25:46 Number of idle job procs: 1
08/17/26 01:25:46 Reassigning the id of job C_W15_LI_M0_A00_S3_F0 from (6053590.0.0) to (6053590.0.0)
08/17/26 01:25:46 Event: ULOG_SUBMIT for HTCondor Node C_W15_LI_M0_A00_S3_F0 (6053590.0.0) {08/17/26 01:25:41}
08/17/26 01:25:46 Number of idle job procs: 2
08/17/26 01:25:46 Event: ULOG_JOB_TERMINATED for HTCondor Node P_W15_IL_M0_A00_S5 (6053209.0.0) {08/17/26 01:25:44}
08/17/26 01:25:46 Number of idle job procs: 2
08/17/26 01:25:46 Node P_W15_IL_M0_A00_S5 job proc (6053209.0.0) completed successfully.
08/17/26 01:25:46 Node P_W15_IL_M0_A00_S5 job(s) have exited the queue
08/17/26 01:25:46 DAG status: 0 (DAG_STATUS_OK)
08/17/26 01:25:46 Of 432 nodes total:
08/17/26 01:25:46  Done     Pre   Queued    Post   Ready   Un-Ready   Failed   Futile
08/17/26 01:25:46   ===     ===      ===     ===     ===        ===      ===      ===
08/17/26 01:25:46   136       0      191       0       1        104        0        0
08/17/26 01:25:46 0 job proc(s) currently held
08/17/26 01:25:46 DAGMan Runtime Statistics: [EventCycleTimeAvg=0.550; EventCycleTimeMax=20.234; EventCycleTimeMin=0.000; EventCycleTimeStd=2.091; EventCycleTimeSum=63.258; SleepCycleTimeAvg=5.006; SleepCycleTimeMax=5.040; SleepCycleTimeMin=5.000; SleepCycleTimeStd=0.005; SleepCycleTimeSum=575.656; SubmitCycleTimeAvg=0.088; SubmitCycleTimeMax=2.749; SubmitCycleTimeMin=0.000; SubmitCycleTimeStd=0.317; SubmitCycleTimeSum=10.222; EventCycleTimeCount=115.000; SleepCycleTimeCount=115.000; SubmitCycleTimeCount=116.000; LogProcessCycleTimeAvg=0.617; LogProcessCycleTimeMax=20.234; LogProcessCycleTimeMin=0.006; LogProcessCycleTimeStd=2.423; LogProcessCycleTimeSum=48.758; LogProcessCycleTimeCount=79.000; ]
08/17/26 01:25:51 Submitting HTCondor Node C_W15_IL_M0_A00_S5_F0 job(s)...
08/17/26 01:25:51 Submitting node C_W15_IL_M0_A00_S5_F0 from file /afs/cern.ch/user/c/cglenn/FCCWork/whizard/whizard_ttbar_spinpol/phase11_diagnostics/excess_weight_rootcause_v1/ttbar_restricted_region_suite_v1/regions/submissions/20260816T231425Z_U9region_core_W15_S8_np1_v1p0p1/region_child.sub using direct job submission
08/17/26 01:25:51 	assigned HTCondor ID (6053591.0.0)
08/17/26 01:25:51 Just submitted 1 job this cycle...
08/17/26 01:25:51 Currently monitoring 1 HTCondor log file(s)
08/17/26 01:25:51 Event: ULOG_JOB_TERMINATED for HTCondor Node P_W15_LL_M0_A00_S3 (6053135.0.0) {08/17/26 01:25:48}
08/17/26 01:25:51 Number of idle job procs: 2
08/17/26 01:25:51 Node P_W15_LL_M0_A00_S3 job proc (6053135.0.0) completed successfully.
08/17/26 01:25:51 Node P_W15_LL_M0_A00_S3 job(s) have exited the queue
08/17/26 01:25:51 Event: ULOG_EXECUTE for HTCondor Node C_W15_LI_M0_A00_S3_F0 (6053590.0.0) {08/17/26 01:25:50}
08/17/26 01:25:51 Number of idle job procs: 1
08/17/26 01:25:51 Event: ULOG_EXECUTE for HTCondor Node C_W15_LL_M0_A00_S5_F0 (6053589.0.0) {08/17/26 01:25:50}
08/17/26 01:25:51 Number of idle job procs: 0
08/17/26 01:25:51 Reassigning the id of job C_W15_IL_M0_A00_S5_F0 from (6053591.0.0) to (6053591.0.0)
08/17/26 01:25:51 Event: ULOG_SUBMIT for HTCondor Node C_W15_IL_M0_A00_S5_F0 (6053591.0.0) {08/17/26 01:25:51}
08/17/26 01:25:51 Number of idle job procs: 1
08/17/26 01:25:51 DAG status: 0 (DAG_STATUS_OK)
08/17/26 01:25:51 Of 432 nodes total:
08/17/26 01:25:51  Done     Pre   Queued    Post   Ready   Un-Ready   Failed   Futile
08/17/26 01:25:51   ===     ===      ===     ===     ===        ===      ===      ===
08/17/26 01:25:51   137       0      191       0       1        103        0        0
08/17/26 01:25:51 0 job proc(s) currently held
08/17/26 01:25:51 DAGMan Runtime Statistics: [EventCycleTimeAvg=0.547; EventCycleTimeMax=20.234; EventCycleTimeMin=0.000; EventCycleTimeStd=2.083; EventCycleTimeSum=63.400; SleepCycleTimeAvg=5.006; SleepCycleTimeMax=5.040; SleepCycleTimeMin=5.000; SleepCycleTimeStd=0.005; SleepCycleTimeSum=580.665; SubmitCycleTimeAvg=0.092; SubmitCycleTimeMax=2.749; SubmitCycleTimeMin=0.000; SubmitCycleTimeStd=0.318; SubmitCycleTimeSum=10.766; EventCycleTimeCount=116.000; SleepCycleTimeCount=116.000; SubmitCycleTimeCount=117.000; LogProcessCycleTimeAvg=0.611; LogProcessCycleTimeMax=20.234; LogProcessCycleTimeMin=0.006; LogProcessCycleTimeStd=2.409; LogProcessCycleTimeSum=48.864; LogProcessCycleTimeCount=80.000; ]
08/17/26 01:25:56 Submitting HTCondor Node C_W15_LL_M0_A00_S3_F0 job(s)...
08/17/26 01:25:57 Submitting node C_W15_LL_M0_A00_S3_F0 from file /afs/cern.ch/user/c/cglenn/FCCWork/whizard/whizard_ttbar_spinpol/phase11_diagnostics/excess_weight_rootcause_v1/ttbar_restricted_region_suite_v1/regions/submissions/20260816T231425Z_U9region_core_W15_S8_np1_v1p0p1/region_child.sub using direct job submission
08/17/26 01:25:57 	assigned HTCondor ID (6053592.0.0)
08/17/26 01:25:57 Just submitted 1 job this cycle...
08/17/26 01:25:57 Currently monitoring 1 HTCondor log file(s)
08/17/26 01:25:57 Event: ULOG_EXECUTE for HTCondor Node C_W15_IL_M0_A00_S5_F0 (6053591.0.0) {08/17/26 01:25:54}
08/17/26 01:25:57 Number of idle job procs: 0
08/17/26 01:25:57 Event: ULOG_JOB_TERMINATED for HTCondor Node P_W15_LI_M0_A00_S7 (6053163.0.0) {08/17/26 01:25:56}
08/17/26 01:25:57 Number of idle job procs: 0
08/17/26 01:25:57 Node P_W15_LI_M0_A00_S7 job proc (6053163.0.0) completed successfully.
08/17/26 01:25:57 Node P_W15_LI_M0_A00_S7 job(s) have exited the queue
08/17/26 01:25:57 Reassigning the id of job C_W15_LL_M0_A00_S3_F0 from (6053592.0.0) to (6053592.0.0)
08/17/26 01:25:57 Event: ULOG_SUBMIT for HTCondor Node C_W15_LL_M0_A00_S3_F0 (6053592.0.0) {08/17/26 01:25:57}
08/17/26 01:25:57 Number of idle job procs: 1
08/17/26 01:25:57 DAG status: 0 (DAG_STATUS_OK)
08/17/26 01:25:57 Of 432 nodes total:
08/17/26 01:25:57  Done     Pre   Queued    Post   Ready   Un-Ready   Failed   Futile
08/17/26 01:25:57   ===     ===      ===     ===     ===        ===      ===      ===
08/17/26 01:25:57   138       0      191       0       1        102        0        0
08/17/26 01:25:57 0 job proc(s) currently held
08/17/26 01:25:57 DAGMan Runtime Statistics: [EventCycleTimeAvg=0.548; EventCycleTimeMax=20.234; EventCycleTimeMin=0.000; EventCycleTimeStd=2.074; EventCycleTimeSum=64.135; SleepCycleTimeAvg=5.006; SleepCycleTimeMax=5.040; SleepCycleTimeMin=5.000; SleepCycleTimeStd=0.005; SleepCycleTimeSum=585.670; SubmitCycleTimeAvg=0.092; SubmitCycleTimeMax=2.749; SubmitCycleTimeMin=0.000; SubmitCycleTimeStd=0.317; SubmitCycleTimeSum=10.817; EventCycleTimeCount=117.000; SleepCycleTimeCount=117.000; SubmitCycleTimeCount=118.000; LogProcessCycleTimeAvg=0.605; LogProcessCycleTimeMax=20.234; LogProcessCycleTimeMin=0.006; LogProcessCycleTimeStd=2.394; LogProcessCycleTimeSum=49.019; LogProcessCycleTimeCount=81.000; ]
08/17/26 01:26:02 Submitting HTCondor Node C_W15_LI_M0_A00_S7_F0 job(s)...
08/17/26 01:26:02 Submitting node C_W15_LI_M0_A00_S7_F0 from file /afs/cern.ch/user/c/cglenn/FCCWork/whizard/whizard_ttbar_spinpol/phase11_diagnostics/excess_weight_rootcause_v1/ttbar_restricted_region_suite_v1/regions/submissions/20260816T231425Z_U9region_core_W15_S8_np1_v1p0p1/region_child.sub using direct job submission
08/17/26 01:26:02 	assigned HTCondor ID (6053593.0.0)
08/17/26 01:26:02 Just submitted 1 job this cycle...
08/17/26 01:26:02 Currently monitoring 1 HTCondor log file(s)
08/17/26 01:26:02 Event: ULOG_EXECUTE for HTCondor Node C_W15_LL_M0_A00_S3_F0 (6053592.0.0) {08/17/26 01:25:58}
08/17/26 01:26:02 Number of idle job procs: 0
08/17/26 01:26:02 Event: ULOG_JOB_TERMINATED for HTCondor Node P_W15_IL_M0_A00_S0 (6053204.0.0) {08/17/26 01:26:00}
08/17/26 01:26:02 Number of idle job procs: 0
08/17/26 01:26:02 Node P_W15_IL_M0_A00_S0 job proc (6053204.0.0) completed successfully.
08/17/26 01:26:02 Node P_W15_IL_M0_A00_S0 job(s) have exited the queue
08/17/26 01:26:02 Reassigning the id of job C_W15_LI_M0_A00_S7_F0 from (6053593.0.0) to (6053593.0.0)
08/17/26 01:26:02 Event: ULOG_SUBMIT for HTCondor Node C_W15_LI_M0_A00_S7_F0 (6053593.0.0) {08/17/26 01:26:02}
08/17/26 01:26:02 Number of idle job procs: 1
08/17/26 01:26:02 DAG status: 0 (DAG_STATUS_OK)
08/17/26 01:26:02 Of 432 nodes total:
08/17/26 01:26:02  Done     Pre   Queued    Post   Ready   Un-Ready   Failed   Futile
08/17/26 01:26:02   ===     ===      ===     ===     ===        ===      ===      ===
08/17/26 01:26:02   139       0      191       0       1        101        0        0
08/17/26 01:26:02 0 job proc(s) currently held
08/17/26 01:26:02 DAGMan Runtime Statistics: [EventCycleTimeAvg=0.546; EventCycleTimeMax=20.234; EventCycleTimeMin=0.000; EventCycleTimeStd=2.065; EventCycleTimeSum=64.486; SleepCycleTimeAvg=5.006; SleepCycleTimeMax=5.040; SleepCycleTimeMin=5.000; SleepCycleTimeStd=0.005; SleepCycleTimeSum=590.675; SubmitCycleTimeAvg=0.091; SubmitCycleTimeMax=2.749; SubmitCycleTimeMin=0.000; SubmitCycleTimeStd=0.315; SubmitCycleTimeSum=10.869; EventCycleTimeCount=118.000; SleepCycleTimeCount=118.000; SubmitCycleTimeCount=119.000; LogProcessCycleTimeAvg=0.599; LogProcessCycleTimeMax=20.234; LogProcessCycleTimeMin=0.006; LogProcessCycleTimeStd=2.380; LogProcessCycleTimeSum=49.124; LogProcessCycleTimeCount=82.000; ]
08/17/26 01:26:07 Submitting HTCondor Node C_W15_IL_M0_A00_S0_F0 job(s)...
08/17/26 01:26:07 Submitting node C_W15_IL_M0_A00_S0_F0 from file /afs/cern.ch/user/c/cglenn/FCCWork/whizard/whizard_ttbar_spinpol/phase11_diagnostics/excess_weight_rootcause_v1/ttbar_restricted_region_suite_v1/regions/submissions/20260816T231425Z_U9region_core_W15_S8_np1_v1p0p1/region_child.sub using direct job submission
08/17/26 01:26:07 	assigned HTCondor ID (6053594.0.0)
08/17/26 01:26:07 Just submitted 1 job this cycle...
08/17/26 01:26:07 Currently monitoring 1 HTCondor log file(s)
08/17/26 01:26:07 Event: ULOG_EXECUTE for HTCondor Node C_W15_LI_M0_A00_S7_F0 (6053593.0.0) {08/17/26 01:26:03}
08/17/26 01:26:07 Number of idle job procs: 0
08/17/26 01:26:07 Reassigning the id of job C_W15_IL_M0_A00_S0_F0 from (6053594.0.0) to (6053594.0.0)
08/17/26 01:26:07 Event: ULOG_SUBMIT for HTCondor Node C_W15_IL_M0_A00_S0_F0 (6053594.0.0) {08/17/26 01:26:07}
08/17/26 01:26:07 Number of idle job procs: 1
08/17/26 01:26:07 DAG status: 0 (DAG_STATUS_OK)
08/17/26 01:26:07 Of 432 nodes total:
08/17/26 01:26:07  Done     Pre   Queued    Post   Ready   Un-Ready   Failed   Futile
08/17/26 01:26:07   ===     ===      ===     ===     ===        ===      ===      ===
08/17/26 01:26:07   139       0      192       0       0        101        0        0
08/17/26 01:26:07 0 job proc(s) currently held
08/17/26 01:26:07 DAGMan Runtime Statistics: [EventCycleTimeAvg=0.544; EventCycleTimeMax=20.234; EventCycleTimeMin=0.000; EventCycleTimeStd=2.056; EventCycleTimeSum=64.716; SleepCycleTimeAvg=5.006; SleepCycleTimeMax=5.040; SleepCycleTimeMin=5.000; SleepCycleTimeStd=0.005; SleepCycleTimeSum=595.685; SubmitCycleTimeAvg=0.091; SubmitCycleTimeMax=2.749; SubmitCycleTimeMin=0.000; SubmitCycleTimeStd=0.314; SubmitCycleTimeSum=10.928; EventCycleTimeCount=119.000; SleepCycleTimeCount=119.000; SubmitCycleTimeCount=120.000; LogProcessCycleTimeAvg=0.593; LogProcessCycleTimeMax=20.234; LogProcessCycleTimeMin=0.006; LogProcessCycleTimeStd=2.366; LogProcessCycleTimeSum=49.207; LogProcessCycleTimeCount=83.000; ]
08/17/26 01:26:12 Currently monitoring 1 HTCondor log file(s)
08/17/26 01:26:17 Currently monitoring 1 HTCondor log file(s)
08/17/26 01:26:17 Event: ULOG_JOB_TERMINATED for HTCondor Node P_W15_HI_M0_A00_S7 (6053307.0.0) {08/17/26 01:26:13}
08/17/26 01:26:17 Number of idle job procs: 1
08/17/26 01:26:17 Node P_W15_HI_M0_A00_S7 job proc (6053307.0.0) completed successfully.
08/17/26 01:26:17 Node P_W15_HI_M0_A00_S7 job(s) have exited the queue
08/17/26 01:26:17 Event: ULOG_EXECUTE for HTCondor Node C_W15_IL_M0_A00_S0_F0 (6053594.0.0) {08/17/26 01:26:15}
08/17/26 01:26:17 Number of idle job procs: 0
08/17/26 01:26:17 DAG status: 0 (DAG_STATUS_OK)
08/17/26 01:26:17 Of 432 nodes total:
08/17/26 01:26:17  Done     Pre   Queued    Post   Ready   Un-Ready   Failed   Futile
08/17/26 01:26:17   ===     ===      ===     ===     ===        ===      ===      ===
08/17/26 01:26:17   140       0      191       0       1        100        0        0
08/17/26 01:26:17 0 job proc(s) currently held
08/17/26 01:26:17 DAGMan Runtime Statistics: [EventCycleTimeAvg=0.537; EventCycleTimeMax=20.234; EventCycleTimeMin=0.000; EventCycleTimeStd=2.040; EventCycleTimeSum=64.962; SleepCycleTimeAvg=5.006; SleepCycleTimeMax=5.040; SleepCycleTimeMin=5.000; SleepCycleTimeStd=0.005; SleepCycleTimeSum=605.698; SubmitCycleTimeAvg=0.090; SubmitCycleTimeMax=2.749; SubmitCycleTimeMin=0.000; SubmitCycleTimeStd=0.312; SubmitCycleTimeSum=10.928; EventCycleTimeCount=121.000; SleepCycleTimeCount=121.000; SubmitCycleTimeCount=122.000; LogProcessCycleTimeAvg=0.580; LogProcessCycleTimeMax=20.234; LogProcessCycleTimeMin=0.006; LogProcessCycleTimeStd=2.339; LogProcessCycleTimeSum=49.276; LogProcessCycleTimeCount=85.000; ]
08/17/26 01:26:22 Submitting HTCondor Node C_W15_HI_M0_A00_S7_F0 job(s)...
08/17/26 01:26:22 Submitting node C_W15_HI_M0_A00_S7_F0 from file /afs/cern.ch/user/c/cglenn/FCCWork/whizard/whizard_ttbar_spinpol/phase11_diagnostics/excess_weight_rootcause_v1/ttbar_restricted_region_suite_v1/regions/submissions/20260816T231425Z_U9region_core_W15_S8_np1_v1p0p1/region_child.sub using direct job submission
08/17/26 01:26:23 	assigned HTCondor ID (6053598.0.0)
08/17/26 01:26:23 Just submitted 1 job this cycle...
08/17/26 01:26:23 Currently monitoring 1 HTCondor log file(s)
08/17/26 01:26:23 Event: ULOG_JOB_TERMINATED for HTCondor Node P_W15_HL_M0_A00_S4 (6053280.0.0) {08/17/26 01:26:21}
08/17/26 01:26:23 Number of idle job procs: 0
08/17/26 01:26:23 Node P_W15_HL_M0_A00_S4 job proc (6053280.0.0) completed successfully.
08/17/26 01:26:23 Node P_W15_HL_M0_A00_S4 job(s) have exited the queue
08/17/26 01:26:23 Reassigning the id of job C_W15_HI_M0_A00_S7_F0 from (6053598.0.0) to (6053598.0.0)
08/17/26 01:26:23 Event: ULOG_SUBMIT for HTCondor Node C_W15_HI_M0_A00_S7_F0 (6053598.0.0) {08/17/26 01:26:23}
08/17/26 01:26:23 Number of idle job procs: 1
08/17/26 01:26:23 DAG status: 0 (DAG_STATUS_OK)
08/17/26 01:26:23 Of 432 nodes total:
08/17/26 01:26:23  Done     Pre   Queued    Post   Ready   Un-Ready   Failed   Futile
08/17/26 01:26:23   ===     ===      ===     ===     ===        ===      ===      ===
08/17/26 01:26:23   141       0      191       0       1         99        0        0
08/17/26 01:26:23 0 job proc(s) currently held
08/17/26 01:26:23 DAGMan Runtime Statistics: [EventCycleTimeAvg=0.533; EventCycleTimeMax=20.234; EventCycleTimeMin=0.000; EventCycleTimeStd=2.032; EventCycleTimeSum=65.082; SleepCycleTimeAvg=5.006; SleepCycleTimeMax=5.040; SleepCycleTimeMin=5.000; SleepCycleTimeStd=0.005; SleepCycleTimeSum=610.704; SubmitCycleTimeAvg=0.089; SubmitCycleTimeMax=2.749; SubmitCycleTimeMin=0.000; SubmitCycleTimeStd=0.311; SubmitCycleTimeSum=10.969; EventCycleTimeCount=122.000; SleepCycleTimeCount=122.000; SubmitCycleTimeCount=123.000; LogProcessCycleTimeAvg=0.574; LogProcessCycleTimeMax=20.234; LogProcessCycleTimeMin=0.006; LogProcessCycleTimeStd=2.326; LogProcessCycleTimeSum=49.341; LogProcessCycleTimeCount=86.000; ]
08/17/26 01:26:28 Submitting HTCondor Node C_W15_HL_M0_A00_S4_F0 job(s)...
08/17/26 01:26:28 Submitting node C_W15_HL_M0_A00_S4_F0 from file /afs/cern.ch/user/c/cglenn/FCCWork/whizard/whizard_ttbar_spinpol/phase11_diagnostics/excess_weight_rootcause_v1/ttbar_restricted_region_suite_v1/regions/submissions/20260816T231425Z_U9region_core_W15_S8_np1_v1p0p1/region_child.sub using direct job submission
08/17/26 01:26:28 	assigned HTCondor ID (6053599.0.0)
08/17/26 01:26:28 Just submitted 1 job this cycle...
08/17/26 01:26:28 Currently monitoring 1 HTCondor log file(s)
08/17/26 01:26:28 Event: ULOG_EXECUTE for HTCondor Node C_W15_HI_M0_A00_S7_F0 (6053598.0.0) {08/17/26 01:26:24}
08/17/26 01:26:28 Number of idle job procs: 0
08/17/26 01:26:28 Event: ULOG_JOB_TERMINATED for HTCondor Node P_W15_LL_M0_A00_S0 (6053132.0.0) {08/17/26 01:26:26}
08/17/26 01:26:28 Number of idle job procs: 0
08/17/26 01:26:28 Node P_W15_LL_M0_A00_S0 job proc (6053132.0.0) completed successfully.
08/17/26 01:26:28 Node P_W15_LL_M0_A00_S0 job(s) have exited the queue
08/17/26 01:26:28 Reassigning the id of job C_W15_HL_M0_A00_S4_F0 from (6053599.0.0) to (6053599.0.0)
08/17/26 01:26:28 Event: ULOG_SUBMIT for HTCondor Node C_W15_HL_M0_A00_S4_F0 (6053599.0.0) {08/17/26 01:26:28}
08/17/26 01:26:28 Number of idle job procs: 1
08/17/26 01:26:28 DAG status: 0 (DAG_STATUS_OK)
08/17/26 01:26:28 Of 432 nodes total:
08/17/26 01:26:28  Done     Pre   Queued    Post   Ready   Un-Ready   Failed   Futile
08/17/26 01:26:28   ===     ===      ===     ===     ===        ===      ===      ===
08/17/26 01:26:28   142       0      191       0       1         98        0        0
08/17/26 01:26:28 0 job proc(s) currently held
08/17/26 01:26:28 DAGMan Runtime Statistics: [EventCycleTimeAvg=0.531; EventCycleTimeMax=20.234; EventCycleTimeMin=0.000; EventCycleTimeStd=2.024; EventCycleTimeSum=65.252; SleepCycleTimeAvg=5.006; SleepCycleTimeMax=5.040; SleepCycleTimeMin=5.000; SleepCycleTimeStd=0.005; SleepCycleTimeSum=615.709; SubmitCycleTimeAvg=0.089; SubmitCycleTimeMax=2.749; SubmitCycleTimeMin=0.000; SubmitCycleTimeStd=0.309; SubmitCycleTimeSum=11.011; EventCycleTimeCount=123.000; SleepCycleTimeCount=123.000; SubmitCycleTimeCount=124.000; LogProcessCycleTimeAvg=0.568; LogProcessCycleTimeMax=20.234; LogProcessCycleTimeMin=0.006; LogProcessCycleTimeStd=2.313; LogProcessCycleTimeSum=49.425; LogProcessCycleTimeCount=87.000; ]
08/17/26 01:26:33 Submitting HTCondor Node C_W15_LL_M0_A00_S0_F0 job(s)...
08/17/26 01:26:33 Submitting node C_W15_LL_M0_A00_S0_F0 from file /afs/cern.ch/user/c/cglenn/FCCWork/whizard/whizard_ttbar_spinpol/phase11_diagnostics/excess_weight_rootcause_v1/ttbar_restricted_region_suite_v1/regions/submissions/20260816T231425Z_U9region_core_W15_S8_np1_v1p0p1/region_child.sub using direct job submission
08/17/26 01:26:33 	assigned HTCondor ID (6053606.0.0)
08/17/26 01:26:33 Just submitted 1 job this cycle...
08/17/26 01:26:33 Currently monitoring 1 HTCondor log file(s)
08/17/26 01:26:33 Event: ULOG_EXECUTE for HTCondor Node C_W15_HL_M0_A00_S4_F0 (6053599.0.0) {08/17/26 01:26:29}
08/17/26 01:26:33 Number of idle job procs: 0
08/17/26 01:26:33 Event: ULOG_JOB_TERMINATED for HTCondor Node P_W15_LL_M0_A00_S1 (6053133.0.0) {08/17/26 01:26:31}
08/17/26 01:26:33 Number of idle job procs: 0
08/17/26 01:26:33 Node P_W15_LL_M0_A00_S1 job proc (6053133.0.0) completed successfully.
08/17/26 01:26:33 Node P_W15_LL_M0_A00_S1 job(s) have exited the queue
08/17/26 01:26:33 Reassigning the id of job C_W15_LL_M0_A00_S0_F0 from (6053606.0.0) to (6053606.0.0)
08/17/26 01:26:33 Event: ULOG_SUBMIT for HTCondor Node C_W15_LL_M0_A00_S0_F0 (6053606.0.0) {08/17/26 01:26:33}
08/17/26 01:26:33 Number of idle job procs: 1
08/17/26 01:26:33 DAG status: 0 (DAG_STATUS_OK)
08/17/26 01:26:33 Of 432 nodes total:
08/17/26 01:26:33  Done     Pre   Queued    Post   Ready   Un-Ready   Failed   Futile
08/17/26 01:26:33   ===     ===      ===     ===     ===        ===      ===      ===
08/17/26 01:26:33   143       0      191       0       1         97        0        0
08/17/26 01:26:33 0 job proc(s) currently held
08/17/26 01:26:33 DAGMan Runtime Statistics: [EventCycleTimeAvg=0.528; EventCycleTimeMax=20.234; EventCycleTimeMin=0.000; EventCycleTimeStd=2.016; EventCycleTimeSum=65.444; SleepCycleTimeAvg=5.006; SleepCycleTimeMax=5.040; SleepCycleTimeMin=5.000; SleepCycleTimeStd=0.005; SleepCycleTimeSum=620.714; SubmitCycleTimeAvg=0.088; SubmitCycleTimeMax=2.749; SubmitCycleTimeMin=0.000; SubmitCycleTimeStd=0.308; SubmitCycleTimeSum=11.061; EventCycleTimeCount=124.000; SleepCycleTimeCount=124.000; SubmitCycleTimeCount=125.000; LogProcessCycleTimeAvg=0.563; LogProcessCycleTimeMax=20.234; LogProcessCycleTimeMin=0.006; LogProcessCycleTimeStd=2.300; LogProcessCycleTimeSum=49.512; LogProcessCycleTimeCount=88.000; ]
08/17/26 01:26:38 Submitting HTCondor Node C_W15_LL_M0_A00_S1_F0 job(s)...
08/17/26 01:26:38 Submitting node C_W15_LL_M0_A00_S1_F0 from file /afs/cern.ch/user/c/cglenn/FCCWork/whizard/whizard_ttbar_spinpol/phase11_diagnostics/excess_weight_rootcause_v1/ttbar_restricted_region_suite_v1/regions/submissions/20260816T231425Z_U9region_core_W15_S8_np1_v1p0p1/region_child.sub using direct job submission
08/17/26 01:26:38 	assigned HTCondor ID (6053607.0.0)
08/17/26 01:26:38 Just submitted 1 job this cycle...
08/17/26 01:26:38 Currently monitoring 1 HTCondor log file(s)
08/17/26 01:26:38 Event: ULOG_JOB_TERMINATED for HTCondor Node P_W15_LL_M0_A00_S4 (6053136.0.0) {08/17/26 01:26:35}
08/17/26 01:26:38 Number of idle job procs: 1
08/17/26 01:26:38 Node P_W15_LL_M0_A00_S4 job proc (6053136.0.0) completed successfully.
08/17/26 01:26:38 Node P_W15_LL_M0_A00_S4 job(s) have exited the queue
08/17/26 01:26:38 Event: ULOG_JOB_TERMINATED for HTCondor Node P_W15_IL_M0_A00_S2 (6053206.0.0) {08/17/26 01:26:35}
08/17/26 01:26:38 Number of idle job procs: 1
08/17/26 01:26:38 Node P_W15_IL_M0_A00_S2 job proc (6053206.0.0) completed successfully.
08/17/26 01:26:38 Node P_W15_IL_M0_A00_S2 job(s) have exited the queue
08/17/26 01:26:38 Reassigning the id of job C_W15_LL_M0_A00_S1_F0 from (6053607.0.0) to (6053607.0.0)
08/17/26 01:26:38 Event: ULOG_SUBMIT for HTCondor Node C_W15_LL_M0_A00_S1_F0 (6053607.0.0) {08/17/26 01:26:38}
08/17/26 01:26:38 Number of idle job procs: 2
08/17/26 01:26:38 DAG status: 0 (DAG_STATUS_OK)
08/17/26 01:26:38 Of 432 nodes total:
08/17/26 01:26:38  Done     Pre   Queued    Post   Ready   Un-Ready   Failed   Futile
08/17/26 01:26:38   ===     ===      ===     ===     ===        ===      ===      ===
08/17/26 01:26:38   145       0      190       0       2         95        0        0
08/17/26 01:26:38 0 job proc(s) currently held
08/17/26 01:26:38 DAGMan Runtime Statistics: [EventCycleTimeAvg=0.525; EventCycleTimeMax=20.234; EventCycleTimeMin=0.000; EventCycleTimeStd=2.008; EventCycleTimeSum=65.649; SleepCycleTimeAvg=5.006; SleepCycleTimeMax=5.040; SleepCycleTimeMin=5.000; SleepCycleTimeStd=0.005; SleepCycleTimeSum=625.719; SubmitCycleTimeAvg=0.088; SubmitCycleTimeMax=2.749; SubmitCycleTimeMin=0.000; SubmitCycleTimeStd=0.307; SubmitCycleTimeSum=11.106; EventCycleTimeCount=125.000; SleepCycleTimeCount=125.000; SubmitCycleTimeCount=126.000; LogProcessCycleTimeAvg=0.557; LogProcessCycleTimeMax=20.234; LogProcessCycleTimeMin=0.006; LogProcessCycleTimeStd=2.288; LogProcessCycleTimeSum=49.612; LogProcessCycleTimeCount=89.000; ]
08/17/26 01:26:43 Submitting HTCondor Node C_W15_LL_M0_A00_S4_F0 job(s)...
08/17/26 01:26:43 Submitting node C_W15_LL_M0_A00_S4_F0 from file /afs/cern.ch/user/c/cglenn/FCCWork/whizard/whizard_ttbar_spinpol/phase11_diagnostics/excess_weight_rootcause_v1/ttbar_restricted_region_suite_v1/regions/submissions/20260816T231425Z_U9region_core_W15_S8_np1_v1p0p1/region_child.sub using direct job submission
08/17/26 01:26:43 	assigned HTCondor ID (6053614.0.0)
08/17/26 01:26:43 Submitting HTCondor Node C_W15_IL_M0_A00_S2_F0 job(s)...
08/17/26 01:26:43 Submitting node C_W15_IL_M0_A00_S2_F0 from file /afs/cern.ch/user/c/cglenn/FCCWork/whizard/whizard_ttbar_spinpol/phase11_diagnostics/excess_weight_rootcause_v1/ttbar_restricted_region_suite_v1/regions/submissions/20260816T231425Z_U9region_core_W15_S8_np1_v1p0p1/region_child.sub using direct job submission
08/17/26 01:26:43 	assigned HTCondor ID (6053615.0.0)
08/17/26 01:26:43 Just submitted 2 jobs this cycle...
08/17/26 01:26:43 Currently monitoring 1 HTCondor log file(s)
08/17/26 01:26:43 Event: ULOG_JOB_TERMINATED for HTCondor Node P_W15_LI_M0_A00_S6 (6053162.0.0) {08/17/26 01:26:39}
08/17/26 01:26:43 Number of idle job procs: 2
08/17/26 01:26:43 Node P_W15_LI_M0_A00_S6 job proc (6053162.0.0) completed successfully.
08/17/26 01:26:43 Node P_W15_LI_M0_A00_S6 job(s) have exited the queue
08/17/26 01:26:43 Event: ULOG_JOB_TERMINATED for HTCondor Node P_W15_LL_M0_A00_S7 (6053139.0.0) {08/17/26 01:26:41}
08/17/26 01:26:43 Number of idle job procs: 2
08/17/26 01:26:43 Node P_W15_LL_M0_A00_S7 job proc (6053139.0.0) completed successfully.
08/17/26 01:26:43 Node P_W15_LL_M0_A00_S7 job(s) have exited the queue
08/17/26 01:26:43 Event: ULOG_JOB_TERMINATED for HTCondor Node P_W15_LH_M0_A00_S0 (6053180.0.0) {08/17/26 01:26:42}
08/17/26 01:26:43 Number of idle job procs: 2
08/17/26 01:26:43 Node P_W15_LH_M0_A00_S0 job proc (6053180.0.0) completed successfully.
08/17/26 01:26:43 Node P_W15_LH_M0_A00_S0 job(s) have exited the queue
08/17/26 01:26:43 Reassigning the id of job C_W15_LL_M0_A00_S4_F0 from (6053614.0.0) to (6053614.0.0)
08/17/26 01:26:43 Event: ULOG_SUBMIT for HTCondor Node C_W15_LL_M0_A00_S4_F0 (6053614.0.0) {08/17/26 01:26:43}
08/17/26 01:26:44 Number of idle job procs: 3
08/17/26 01:26:44 Reassigning the id of job C_W15_IL_M0_A00_S2_F0 from (6053615.0.0) to (6053615.0.0)
08/17/26 01:26:44 Event: ULOG_SUBMIT for HTCondor Node C_W15_IL_M0_A00_S2_F0 (6053615.0.0) {08/17/26 01:26:43}
08/17/26 01:26:44 Number of idle job procs: 4
08/17/26 01:26:44 DAG status: 0 (DAG_STATUS_OK)
08/17/26 01:26:44 Of 432 nodes total:
08/17/26 01:26:44  Done     Pre   Queued    Post   Ready   Un-Ready   Failed   Futile
08/17/26 01:26:44   ===     ===      ===     ===     ===        ===      ===      ===
08/17/26 01:26:44   148       0      189       0       3         92        0        0
08/17/26 01:26:44 0 job proc(s) currently held
08/17/26 01:26:44 DAGMan Runtime Statistics: [EventCycleTimeAvg=0.523; EventCycleTimeMax=20.234; EventCycleTimeMin=0.000; EventCycleTimeStd=2.000; EventCycleTimeSum=65.861; SleepCycleTimeAvg=5.006; SleepCycleTimeMax=5.040; SleepCycleTimeMin=5.000; SleepCycleTimeStd=0.004; SleepCycleTimeSum=630.724; SubmitCycleTimeAvg=0.088; SubmitCycleTimeMax=2.749; SubmitCycleTimeMin=0.000; SubmitCycleTimeStd=0.306; SubmitCycleTimeSum=11.193; EventCycleTimeCount=126.000; SleepCycleTimeCount=126.000; SubmitCycleTimeCount=127.000; LogProcessCycleTimeAvg=0.553; LogProcessCycleTimeMax=20.234; LogProcessCycleTimeMin=0.006; LogProcessCycleTimeStd=2.275; LogProcessCycleTimeSum=49.776; LogProcessCycleTimeCount=90.000; ]
08/17/26 01:26:49 Submitting HTCondor Node C_W15_LI_M0_A00_S6_F0 job(s)...
08/17/26 01:26:49 Submitting node C_W15_LI_M0_A00_S6_F0 from file /afs/cern.ch/user/c/cglenn/FCCWork/whizard/whizard_ttbar_spinpol/phase11_diagnostics/excess_weight_rootcause_v1/ttbar_restricted_region_suite_v1/regions/submissions/20260816T231425Z_U9region_core_W15_S8_np1_v1p0p1/region_child.sub using direct job submission
08/17/26 01:26:49 	assigned HTCondor ID (6053616.0.0)
08/17/26 01:26:49 Submitting HTCondor Node C_W15_LL_M0_A00_S7_F0 job(s)...
08/17/26 01:26:49 Submitting node C_W15_LL_M0_A00_S7_F0 from file /afs/cern.ch/user/c/cglenn/FCCWork/whizard/whizard_ttbar_spinpol/phase11_diagnostics/excess_weight_rootcause_v1/ttbar_restricted_region_suite_v1/regions/submissions/20260816T231425Z_U9region_core_W15_S8_np1_v1p0p1/region_child.sub using direct job submission
08/17/26 01:26:49 	assigned HTCondor ID (6053617.0.0)
08/17/26 01:26:49 Submitting HTCondor Node C_W15_LH_M0_A00_S0_F0 job(s)...
08/17/26 01:26:49 Submitting node C_W15_LH_M0_A00_S0_F0 from file /afs/cern.ch/user/c/cglenn/FCCWork/whizard/whizard_ttbar_spinpol/phase11_diagnostics/excess_weight_rootcause_v1/ttbar_restricted_region_suite_v1/regions/submissions/20260816T231425Z_U9region_core_W15_S8_np1_v1p0p1/region_child.sub using direct job submission
08/17/26 01:26:49 	assigned HTCondor ID (6053618.0.0)
08/17/26 01:26:49 Just submitted 3 jobs this cycle...
08/17/26 01:26:49 Currently monitoring 1 HTCondor log file(s)
08/17/26 01:26:49 Event: ULOG_JOB_TERMINATED for HTCondor Node P_W15_LI_M0_A00_S2 (6053158.0.0) {08/17/26 01:26:44}
08/17/26 01:26:49 Number of idle job procs: 4
08/17/26 01:26:49 Node P_W15_LI_M0_A00_S2 job proc (6053158.0.0) completed successfully.
08/17/26 01:26:49 Node P_W15_LI_M0_A00_S2 job(s) have exited the queue
08/17/26 01:26:49 Event: ULOG_JOB_TERMINATED for HTCondor Node P_W15_IL_M0_A00_S3 (6053207.0.0) {08/17/26 01:26:48}
08/17/26 01:26:49 Number of idle job procs: 4
08/17/26 01:26:49 Node P_W15_IL_M0_A00_S3 job proc (6053207.0.0) completed successfully.
08/17/26 01:26:49 Node P_W15_IL_M0_A00_S3 job(s) have exited the queue
08/17/26 01:26:49 Event: ULOG_JOB_TERMINATED for HTCondor Node P_W15_LH_M0_A00_S3 (6053183.0.0) {08/17/26 01:26:49}
08/17/26 01:26:49 Number of idle job procs: 4
08/17/26 01:26:49 Node P_W15_LH_M0_A00_S3 job proc (6053183.0.0) completed successfully.
08/17/26 01:26:49 Node P_W15_LH_M0_A00_S3 job(s) have exited the queue
08/17/26 01:26:49 Reassigning the id of job C_W15_LI_M0_A00_S6_F0 from (6053616.0.0) to (6053616.0.0)
08/17/26 01:26:49 Event: ULOG_SUBMIT for HTCondor Node C_W15_LI_M0_A00_S6_F0 (6053616.0.0) {08/17/26 01:26:49}
08/17/26 01:26:49 Number of idle job procs: 5
08/17/26 01:26:49 Reassigning the id of job C_W15_LL_M0_A00_S7_F0 from (6053617.0.0) to (6053617.0.0)
08/17/26 01:26:49 Event: ULOG_SUBMIT for HTCondor Node C_W15_LL_M0_A00_S7_F0 (6053617.0.0) {08/17/26 01:26:49}
08/17/26 01:26:49 Number of idle job procs: 6
08/17/26 01:26:49 Reassigning the id of job C_W15_LH_M0_A00_S0_F0 from (6053618.0.0) to (6053618.0.0)
08/17/26 01:26:49 Event: ULOG_SUBMIT for HTCondor Node C_W15_LH_M0_A00_S0_F0 (6053618.0.0) {08/17/26 01:26:49}
08/17/26 01:26:49 Number of idle job procs: 7
08/17/26 01:26:49 DAG status: 0 (DAG_STATUS_OK)
08/17/26 01:26:49 Of 432 nodes total:
08/17/26 01:26:49  Done     Pre   Queued    Post   Ready   Un-Ready   Failed   Futile
08/17/26 01:26:49   ===     ===      ===     ===     ===        ===      ===      ===
08/17/26 01:26:49   151       0      189       0       3         89        0        0
08/17/26 01:26:49 0 job proc(s) currently held
08/17/26 01:26:49 DAGMan Runtime Statistics: [EventCycleTimeAvg=0.521; EventCycleTimeMax=20.234; EventCycleTimeMin=0.000; EventCycleTimeStd=1.992; EventCycleTimeSum=66.193; SleepCycleTimeAvg=5.006; SleepCycleTimeMax=5.040; SleepCycleTimeMin=5.000; SleepCycleTimeStd=0.004; SleepCycleTimeSum=635.729; SubmitCycleTimeAvg=0.088; SubmitCycleTimeMax=2.749; SubmitCycleTimeMin=0.000; SubmitCycleTimeStd=0.304; SubmitCycleTimeSum=11.324; EventCycleTimeCount=127.000; SleepCycleTimeCount=127.000; SubmitCycleTimeCount=128.000; LogProcessCycleTimeAvg=0.549; LogProcessCycleTimeMax=20.234; LogProcessCycleTimeMin=0.006; LogProcessCycleTimeStd=2.263; LogProcessCycleTimeSum=49.975; LogProcessCycleTimeCount=91.000; ]
08/17/26 01:26:54 Submitting HTCondor Node C_W15_LI_M0_A00_S2_F0 job(s)...
08/17/26 01:26:54 Submitting node C_W15_LI_M0_A00_S2_F0 from file /afs/cern.ch/user/c/cglenn/FCCWork/whizard/whizard_ttbar_spinpol/phase11_diagnostics/excess_weight_rootcause_v1/ttbar_restricted_region_suite_v1/regions/submissions/20260816T231425Z_U9region_core_W15_S8_np1_v1p0p1/region_child.sub using direct job submission
08/17/26 01:26:54 	assigned HTCondor ID (6053622.0.0)
08/17/26 01:26:54 Submitting HTCondor Node C_W15_IL_M0_A00_S3_F0 job(s)...
08/17/26 01:26:54 Submitting node C_W15_IL_M0_A00_S3_F0 from file /afs/cern.ch/user/c/cglenn/FCCWork/whizard/whizard_ttbar_spinpol/phase11_diagnostics/excess_weight_rootcause_v1/ttbar_restricted_region_suite_v1/regions/submissions/20260816T231425Z_U9region_core_W15_S8_np1_v1p0p1/region_child.sub using direct job submission
08/17/26 01:26:54 	assigned HTCondor ID (6053623.0.0)
08/17/26 01:26:54 Submitting HTCondor Node C_W15_LH_M0_A00_S3_F0 job(s)...
08/17/26 01:26:54 Submitting node C_W15_LH_M0_A00_S3_F0 from file /afs/cern.ch/user/c/cglenn/FCCWork/whizard/whizard_ttbar_spinpol/phase11_diagnostics/excess_weight_rootcause_v1/ttbar_restricted_region_suite_v1/regions/submissions/20260816T231425Z_U9region_core_W15_S8_np1_v1p0p1/region_child.sub using direct job submission
08/17/26 01:26:54 	assigned HTCondor ID (6053624.0.0)
08/17/26 01:26:54 Just submitted 3 jobs this cycle...
08/17/26 01:26:54 Currently monitoring 1 HTCondor log file(s)
08/17/26 01:26:54 Event: ULOG_EXECUTE for HTCondor Node C_W15_LL_M0_A00_S0_F0 (6053606.0.0) {08/17/26 01:26:49}
08/17/26 01:26:54 Number of idle job procs: 6
08/17/26 01:26:54 Event: ULOG_EXECUTE for HTCondor Node C_W15_LL_M0_A00_S1_F0 (6053607.0.0) {08/17/26 01:26:50}
08/17/26 01:26:54 Number of idle job procs: 5
08/17/26 01:26:54 Reassigning the id of job C_W15_LI_M0_A00_S2_F0 from (6053622.0.0) to (6053622.0.0)
08/17/26 01:26:54 Event: ULOG_SUBMIT for HTCondor Node C_W15_LI_M0_A00_S2_F0 (6053622.0.0) {08/17/26 01:26:54}
08/17/26 01:26:54 Number of idle job procs: 6
08/17/26 01:26:54 Reassigning the id of job C_W15_IL_M0_A00_S3_F0 from (6053623.0.0) to (6053623.0.0)
08/17/26 01:26:54 Event: ULOG_SUBMIT for HTCondor Node C_W15_IL_M0_A00_S3_F0 (6053623.0.0) {08/17/26 01:26:54}
08/17/26 01:26:54 Number of idle job procs: 7
08/17/26 01:26:54 Reassigning the id of job C_W15_LH_M0_A00_S3_F0 from (6053624.0.0) to (6053624.0.0)
08/17/26 01:26:54 Event: ULOG_SUBMIT for HTCondor Node C_W15_LH_M0_A00_S3_F0 (6053624.0.0) {08/17/26 01:26:54}
08/17/26 01:26:54 Number of idle job procs: 8
08/17/26 01:26:54 DAG status: 0 (DAG_STATUS_OK)
08/17/26 01:26:54 Of 432 nodes total:
08/17/26 01:26:54  Done     Pre   Queued    Post   Ready   Un-Ready   Failed   Futile
08/17/26 01:26:54   ===     ===      ===     ===     ===        ===      ===      ===
08/17/26 01:26:54   151       0      192       0       0         89        0        0
08/17/26 01:26:54 0 job proc(s) currently held
08/17/26 01:26:54 DAGMan Runtime Statistics: [EventCycleTimeAvg=0.520; EventCycleTimeMax=20.234; EventCycleTimeMin=0.000; EventCycleTimeStd=1.984; EventCycleTimeSum=66.592; SleepCycleTimeAvg=5.006; SleepCycleTimeMax=5.040; SleepCycleTimeMin=5.000; SleepCycleTimeStd=0.004; SleepCycleTimeSum=640.738; SubmitCycleTimeAvg=0.089; SubmitCycleTimeMax=2.749; SubmitCycleTimeMin=0.000; SubmitCycleTimeStd=0.303; SubmitCycleTimeSum=11.449; EventCycleTimeCount=128.000; SleepCycleTimeCount=128.000; SubmitCycleTimeCount=129.000; LogProcessCycleTimeAvg=0.545; LogProcessCycleTimeMax=20.234; LogProcessCycleTimeMin=0.006; LogProcessCycleTimeStd=2.251; LogProcessCycleTimeSum=50.102; LogProcessCycleTimeCount=92.000; ]
08/17/26 01:26:59 Currently monitoring 1 HTCondor log file(s)
08/17/26 01:27:24 Currently monitoring 1 HTCondor log file(s)
08/17/26 01:27:24 Event: ULOG_JOB_TERMINATED for HTCondor Node P_W15_HL_M0_A00_S7 (6053283.0.0) {08/17/26 01:27:22}
08/17/26 01:27:24 Number of idle job procs: 8
08/17/26 01:27:24 Node P_W15_HL_M0_A00_S7 job proc (6053283.0.0) completed successfully.
08/17/26 01:27:24 Node P_W15_HL_M0_A00_S7 job(s) have exited the queue
08/17/26 01:27:24 DAG status: 0 (DAG_STATUS_OK)
08/17/26 01:27:24 Of 432 nodes total:
08/17/26 01:27:24  Done     Pre   Queued    Post   Ready   Un-Ready   Failed   Futile
08/17/26 01:27:24   ===     ===      ===     ===     ===        ===      ===      ===
08/17/26 01:27:24   152       0      191       0       1         88        0        0
08/17/26 01:27:24 0 job proc(s) currently held
08/17/26 01:27:24 DAGMan Runtime Statistics: [EventCycleTimeAvg=0.499; EventCycleTimeMax=20.234; EventCycleTimeMin=0.000; EventCycleTimeStd=1.941; EventCycleTimeSum=66.926; SleepCycleTimeAvg=5.006; SleepCycleTimeMax=5.040; SleepCycleTimeMin=5.000; SleepCycleTimeStd=0.004; SleepCycleTimeSum=670.769; SubmitCycleTimeAvg=0.085; SubmitCycleTimeMax=2.749; SubmitCycleTimeMin=0.000; SubmitCycleTimeStd=0.297; SubmitCycleTimeSum=11.449; EventCycleTimeCount=134.000; SleepCycleTimeCount=134.000; SubmitCycleTimeCount=135.000; LogProcessCycleTimeAvg=0.534; LogProcessCycleTimeMax=20.234; LogProcessCycleTimeMin=0.006; LogProcessCycleTimeStd=2.228; LogProcessCycleTimeSum=50.159; LogProcessCycleTimeCount=94.000; ]
08/17/26 01:27:30 Submitting HTCondor Node C_W15_HL_M0_A00_S7_F0 job(s)...
08/17/26 01:27:30 Submitting node C_W15_HL_M0_A00_S7_F0 from file /afs/cern.ch/user/c/cglenn/FCCWork/whizard/whizard_ttbar_spinpol/phase11_diagnostics/excess_weight_rootcause_v1/ttbar_restricted_region_suite_v1/regions/submissions/20260816T231425Z_U9region_core_W15_S8_np1_v1p0p1/region_child.sub using direct job submission
08/17/26 01:27:30 	assigned HTCondor ID (6053628.0.0)
08/17/26 01:27:30 Just submitted 1 job this cycle...
08/17/26 01:27:30 DAG status: 0 (DAG_STATUS_OK)
08/17/26 01:27:30 Of 432 nodes total:
08/17/26 01:27:30  Done     Pre   Queued    Post   Ready   Un-Ready   Failed   Futile
08/17/26 01:27:30   ===     ===      ===     ===     ===        ===      ===      ===
08/17/26 01:27:30   152       0      192       0       0         88        0        0
08/17/26 01:27:30 0 job proc(s) currently held
08/17/26 01:27:30 DAGMan Runtime Statistics: [EventCycleTimeAvg=0.497; EventCycleTimeMax=20.234; EventCycleTimeMin=0.000; EventCycleTimeStd=1.934; EventCycleTimeSum=67.037; SleepCycleTimeAvg=5.006; SleepCycleTimeMax=5.040; SleepCycleTimeMin=5.000; SleepCycleTimeStd=0.004; SleepCycleTimeSum=675.775; SubmitCycleTimeAvg=0.085; SubmitCycleTimeMax=2.749; SubmitCycleTimeMin=0.000; SubmitCycleTimeStd=0.296; SubmitCycleTimeSum=11.493; EventCycleTimeCount=135.000; SleepCycleTimeCount=135.000; SubmitCycleTimeCount=136.000; LogProcessCycleTimeAvg=0.534; LogProcessCycleTimeMax=20.234; LogProcessCycleTimeMin=0.006; LogProcessCycleTimeStd=2.228; LogProcessCycleTimeSum=50.159; LogProcessCycleTimeCount=94.000; ]
08/17/26 01:27:35 Currently monitoring 1 HTCondor log file(s)
08/17/26 01:27:35 Reassigning the id of job C_W15_HL_M0_A00_S7_F0 from (6053628.0.0) to (6053628.0.0)
08/17/26 01:27:35 Event: ULOG_SUBMIT for HTCondor Node C_W15_HL_M0_A00_S7_F0 (6053628.0.0) {08/17/26 01:27:30}
08/17/26 01:27:35 Number of idle job procs: 9
08/17/26 01:27:35 Event: ULOG_JOB_TERMINATED for HTCondor Node C_W15_HI_M0_A00_S2_F0 (6053417.0.0) {08/17/26 01:27:33}
08/17/26 01:27:35 Number of idle job procs: 9
08/17/26 01:27:35 Node C_W15_HI_M0_A00_S2_F0 job proc (6053417.0.0) completed successfully.
08/17/26 01:27:35 Node C_W15_HI_M0_A00_S2_F0 job(s) have exited the queue
08/17/26 01:27:35 DAG status: 0 (DAG_STATUS_OK)
08/17/26 01:27:35 Of 432 nodes total:
08/17/26 01:27:35  Done     Pre   Queued    Post   Ready   Un-Ready   Failed   Futile
08/17/26 01:27:35   ===     ===      ===     ===     ===        ===      ===      ===
08/17/26 01:27:35   153       0      191       0       0         88        0        0
08/17/26 01:27:35 0 job proc(s) currently held
08/17/26 01:27:35 DAGMan Runtime Statistics: [EventCycleTimeAvg=0.494; EventCycleTimeMax=20.234; EventCycleTimeMin=0.000; EventCycleTimeStd=1.928; EventCycleTimeSum=67.155; SleepCycleTimeAvg=5.006; SleepCycleTimeMax=5.040; SleepCycleTimeMin=5.000; SleepCycleTimeStd=0.004; SleepCycleTimeSum=680.780; SubmitCycleTimeAvg=0.084; SubmitCycleTimeMax=2.749; SubmitCycleTimeMin=0.000; SubmitCycleTimeStd=0.295; SubmitCycleTimeSum=11.493; EventCycleTimeCount=136.000; SleepCycleTimeCount=136.000; SubmitCycleTimeCount=137.000; LogProcessCycleTimeAvg=0.529; LogProcessCycleTimeMax=20.234; LogProcessCycleTimeMin=0.006; LogProcessCycleTimeStd=2.216; LogProcessCycleTimeSum=50.230; LogProcessCycleTimeCount=95.000; ]
08/17/26 01:27:40 Currently monitoring 1 HTCondor log file(s)
08/17/26 01:27:40 Event: ULOG_JOB_TERMINATED for HTCondor Node P_W15_LI_M0_A00_S4 (6053160.0.0) {08/17/26 01:27:39}
08/17/26 01:27:40 Number of idle job procs: 9
08/17/26 01:27:40 Node P_W15_LI_M0_A00_S4 job proc (6053160.0.0) completed successfully.
08/17/26 01:27:40 Node P_W15_LI_M0_A00_S4 job(s) have exited the queue
08/17/26 01:27:40 DAG status: 0 (DAG_STATUS_OK)
08/17/26 01:27:40 Of 432 nodes total:
08/17/26 01:27:40  Done     Pre   Queued    Post   Ready   Un-Ready   Failed   Futile
08/17/26 01:27:40   ===     ===      ===     ===     ===        ===      ===      ===
08/17/26 01:27:40   154       0      190       0       1         87        0        0
08/17/26 01:27:40 0 job proc(s) currently held
08/17/26 01:27:40 DAGMan Runtime Statistics: [EventCycleTimeAvg=0.491; EventCycleTimeMax=20.234; EventCycleTimeMin=0.000; EventCycleTimeStd=1.921; EventCycleTimeSum=67.290; SleepCycleTimeAvg=5.006; SleepCycleTimeMax=5.040; SleepCycleTimeMin=5.000; SleepCycleTimeStd=0.004; SleepCycleTimeSum=685.785; SubmitCycleTimeAvg=0.083; SubmitCycleTimeMax=2.749; SubmitCycleTimeMin=0.000; SubmitCycleTimeStd=0.294; SubmitCycleTimeSum=11.493; EventCycleTimeCount=137.000; SleepCycleTimeCount=137.000; SubmitCycleTimeCount=138.000; LogProcessCycleTimeAvg=0.524; LogProcessCycleTimeMax=20.234; LogProcessCycleTimeMin=0.006; LogProcessCycleTimeStd=2.205; LogProcessCycleTimeSum=50.278; LogProcessCycleTimeCount=96.000; ]
08/17/26 01:27:45 Submitting HTCondor Node C_W15_LI_M0_A00_S4_F0 job(s)...
08/17/26 01:27:45 Submitting node C_W15_LI_M0_A00_S4_F0 from file /afs/cern.ch/user/c/cglenn/FCCWork/whizard/whizard_ttbar_spinpol/phase11_diagnostics/excess_weight_rootcause_v1/ttbar_restricted_region_suite_v1/regions/submissions/20260816T231425Z_U9region_core_W15_S8_np1_v1p0p1/region_child.sub using direct job submission
08/17/26 01:27:45 	assigned HTCondor ID (6053629.0.0)
08/17/26 01:27:45 Just submitted 1 job this cycle...
08/17/26 01:27:45 Currently monitoring 1 HTCondor log file(s)
08/17/26 01:27:45 Event: ULOG_JOB_TERMINATED for HTCondor Node P_W15_LI_M0_A00_S1 (6053157.0.0) {08/17/26 01:27:45}
08/17/26 01:27:45 Number of idle job procs: 9
08/17/26 01:27:45 Node P_W15_LI_M0_A00_S1 job proc (6053157.0.0) completed successfully.
08/17/26 01:27:45 Node P_W15_LI_M0_A00_S1 job(s) have exited the queue
08/17/26 01:27:45 Reassigning the id of job C_W15_LI_M0_A00_S4_F0 from (6053629.0.0) to (6053629.0.0)
08/17/26 01:27:45 Event: ULOG_SUBMIT for HTCondor Node C_W15_LI_M0_A00_S4_F0 (6053629.0.0) {08/17/26 01:27:45}
08/17/26 01:27:45 Number of idle job procs: 10
08/17/26 01:27:45 DAG status: 0 (DAG_STATUS_OK)
08/17/26 01:27:45 Of 432 nodes total:
08/17/26 01:27:45  Done     Pre   Queued    Post   Ready   Un-Ready   Failed   Futile
08/17/26 01:27:45   ===     ===      ===     ===     ===        ===      ===      ===
08/17/26 01:27:45   155       0      190       0       1         86        0        0
08/17/26 01:27:45 0 job proc(s) currently held
08/17/26 01:27:45 DAGMan Runtime Statistics: [EventCycleTimeAvg=0.488; EventCycleTimeMax=20.234; EventCycleTimeMin=0.000; EventCycleTimeStd=1.914; EventCycleTimeSum=67.411; SleepCycleTimeAvg=5.006; SleepCycleTimeMax=5.040; SleepCycleTimeMin=5.000; SleepCycleTimeStd=0.004; SleepCycleTimeSum=690.790; SubmitCycleTimeAvg=0.083; SubmitCycleTimeMax=2.749; SubmitCycleTimeMin=0.000; SubmitCycleTimeStd=0.293; SubmitCycleTimeSum=11.539; EventCycleTimeCount=138.000; SleepCycleTimeCount=138.000; SubmitCycleTimeCount=139.000; LogProcessCycleTimeAvg=0.519; LogProcessCycleTimeMax=20.234; LogProcessCycleTimeMin=0.006; LogProcessCycleTimeStd=2.194; LogProcessCycleTimeSum=50.354; LogProcessCycleTimeCount=97.000; ]
08/17/26 01:27:50 Submitting HTCondor Node C_W15_LI_M0_A00_S1_F0 job(s)...
08/17/26 01:27:50 Submitting node C_W15_LI_M0_A00_S1_F0 from file /afs/cern.ch/user/c/cglenn/FCCWork/whizard/whizard_ttbar_spinpol/phase11_diagnostics/excess_weight_rootcause_v1/ttbar_restricted_region_suite_v1/regions/submissions/20260816T231425Z_U9region_core_W15_S8_np1_v1p0p1/region_child.sub using direct job submission
08/17/26 01:27:50 	assigned HTCondor ID (6053630.0.0)
08/17/26 01:27:50 Just submitted 1 job this cycle...
08/17/26 01:27:50 Currently monitoring 1 HTCondor log file(s)
08/17/26 01:27:50 Reassigning the id of job C_W15_LI_M0_A00_S1_F0 from (6053630.0.0) to (6053630.0.0)
08/17/26 01:27:50 Event: ULOG_SUBMIT for HTCondor Node C_W15_LI_M0_A00_S1_F0 (6053630.0.0) {08/17/26 01:27:50}
08/17/26 01:27:50 Number of idle job procs: 11
08/17/26 01:27:50 DAG status: 0 (DAG_STATUS_OK)
08/17/26 01:27:50 Of 432 nodes total:
08/17/26 01:27:50  Done     Pre   Queued    Post   Ready   Un-Ready   Failed   Futile
08/17/26 01:27:50   ===     ===      ===     ===     ===        ===      ===      ===
08/17/26 01:27:50   155       0      191       0       0         86        0        0
08/17/26 01:27:50 0 job proc(s) currently held
08/17/26 01:27:50 DAGMan Runtime Statistics: [EventCycleTimeAvg=0.486; EventCycleTimeMax=20.234; EventCycleTimeMin=0.000; EventCycleTimeStd=1.907; EventCycleTimeSum=67.609; SleepCycleTimeAvg=5.006; SleepCycleTimeMax=5.040; SleepCycleTimeMin=5.000; SleepCycleTimeStd=0.004; SleepCycleTimeSum=695.795; SubmitCycleTimeAvg=0.083; SubmitCycleTimeMax=2.749; SubmitCycleTimeMin=0.000; SubmitCycleTimeStd=0.292; SubmitCycleTimeSum=11.583; EventCycleTimeCount=139.000; SleepCycleTimeCount=139.000; SubmitCycleTimeCount=140.000; LogProcessCycleTimeAvg=0.514; LogProcessCycleTimeMax=20.234; LogProcessCycleTimeMin=0.006; LogProcessCycleTimeStd=2.183; LogProcessCycleTimeSum=50.393; LogProcessCycleTimeCount=98.000; ]
08/17/26 01:27:55 Currently monitoring 1 HTCondor log file(s)
08/17/26 01:27:55 Event: ULOG_JOB_TERMINATED for HTCondor Node P_W15_HL_M0_A00_S1 (6053277.0.0) {08/17/26 01:27:50}
08/17/26 01:27:55 Number of idle job procs: 11
08/17/26 01:27:55 Node P_W15_HL_M0_A00_S1 job proc (6053277.0.0) completed successfully.
08/17/26 01:27:55 Node P_W15_HL_M0_A00_S1 job(s) have exited the queue
08/17/26 01:27:55 DAG status: 0 (DAG_STATUS_OK)
08/17/26 01:27:55 Of 432 nodes total:
08/17/26 01:27:55  Done     Pre   Queued    Post   Ready   Un-Ready   Failed   Futile
08/17/26 01:27:55   ===     ===      ===     ===     ===        ===      ===      ===
08/17/26 01:27:55   156       0      190       0       1         85        0        0
08/17/26 01:27:55 0 job proc(s) currently held
08/17/26 01:27:55 DAGMan Runtime Statistics: [EventCycleTimeAvg=0.484; EventCycleTimeMax=20.234; EventCycleTimeMin=0.000; EventCycleTimeStd=1.900; EventCycleTimeSum=67.770; SleepCycleTimeAvg=5.006; SleepCycleTimeMax=5.040; SleepCycleTimeMin=5.000; SleepCycleTimeStd=0.004; SleepCycleTimeSum=700.801; SubmitCycleTimeAvg=0.082; SubmitCycleTimeMax=2.749; SubmitCycleTimeMin=0.000; SubmitCycleTimeStd=0.291; SubmitCycleTimeSum=11.583; EventCycleTimeCount=140.000; SleepCycleTimeCount=140.000; SubmitCycleTimeCount=141.000; LogProcessCycleTimeAvg=0.510; LogProcessCycleTimeMax=20.234; LogProcessCycleTimeMin=0.006; LogProcessCycleTimeStd=2.173; LogProcessCycleTimeSum=50.444; LogProcessCycleTimeCount=99.000; ]
08/17/26 01:28:00 Submitting HTCondor Node C_W15_HL_M0_A00_S1_F0 job(s)...
08/17/26 01:28:00 Submitting node C_W15_HL_M0_A00_S1_F0 from file /afs/cern.ch/user/c/cglenn/FCCWork/whizard/whizard_ttbar_spinpol/phase11_diagnostics/excess_weight_rootcause_v1/ttbar_restricted_region_suite_v1/regions/submissions/20260816T231425Z_U9region_core_W15_S8_np1_v1p0p1/region_child.sub using direct job submission
08/17/26 01:28:00 	assigned HTCondor ID (6053634.0.0)
08/17/26 01:28:00 Just submitted 1 job this cycle...
08/17/26 01:28:00 Currently monitoring 1 HTCondor log file(s)
08/17/26 01:28:00 Event: ULOG_JOB_TERMINATED for HTCondor Node P_W15_II_M0_A00_S5 (6053233.0.0) {08/17/26 01:27:56}
08/17/26 01:28:00 Number of idle job procs: 11
08/17/26 01:28:00 Node P_W15_II_M0_A00_S5 job proc (6053233.0.0) completed successfully.
08/17/26 01:28:00 Node P_W15_II_M0_A00_S5 job(s) have exited the queue
08/17/26 01:28:00 Reassigning the id of job C_W15_HL_M0_A00_S1_F0 from (6053634.0.0) to (6053634.0.0)
08/17/26 01:28:00 Event: ULOG_SUBMIT for HTCondor Node C_W15_HL_M0_A00_S1_F0 (6053634.0.0) {08/17/26 01:28:00}
08/17/26 01:28:01 Number of idle job procs: 12
08/17/26 01:28:01 DAG status: 0 (DAG_STATUS_OK)
08/17/26 01:28:01 Of 432 nodes total:
08/17/26 01:28:01  Done     Pre   Queued    Post   Ready   Un-Ready   Failed   Futile
08/17/26 01:28:01   ===     ===      ===     ===     ===        ===      ===      ===
08/17/26 01:28:01   157       0      190       0       1         84        0        0
08/17/26 01:28:01 0 job proc(s) currently held
08/17/26 01:28:01 DAGMan Runtime Statistics: [EventCycleTimeAvg=0.481; EventCycleTimeMax=20.234; EventCycleTimeMin=0.000; EventCycleTimeStd=1.894; EventCycleTimeSum=67.888; SleepCycleTimeAvg=5.006; SleepCycleTimeMax=5.040; SleepCycleTimeMin=5.000; SleepCycleTimeStd=0.004; SleepCycleTimeSum=705.801; SubmitCycleTimeAvg=0.082; SubmitCycleTimeMax=2.749; SubmitCycleTimeMin=0.000; SubmitCycleTimeStd=0.290; SubmitCycleTimeSum=11.629; EventCycleTimeCount=141.000; SleepCycleTimeCount=141.000; SubmitCycleTimeCount=142.000; LogProcessCycleTimeAvg=0.505; LogProcessCycleTimeMax=20.234; LogProcessCycleTimeMin=0.006; LogProcessCycleTimeStd=2.162; LogProcessCycleTimeSum=50.524; LogProcessCycleTimeCount=100.000; ]
08/17/26 01:28:06 Submitting HTCondor Node C_W15_II_M0_A00_S5_F0 job(s)...
08/17/26 01:28:06 Submitting node C_W15_II_M0_A00_S5_F0 from file /afs/cern.ch/user/c/cglenn/FCCWork/whizard/whizard_ttbar_spinpol/phase11_diagnostics/excess_weight_rootcause_v1/ttbar_restricted_region_suite_v1/regions/submissions/20260816T231425Z_U9region_core_W15_S8_np1_v1p0p1/region_child.sub using direct job submission
08/17/26 01:28:06 	assigned HTCondor ID (6053635.0.0)
08/17/26 01:28:06 Just submitted 1 job this cycle...
08/17/26 01:28:06 Currently monitoring 1 HTCondor log file(s)
08/17/26 01:28:06 Event: ULOG_EXECUTE for HTCondor Node C_W15_LL_M0_A00_S4_F0 (6053614.0.0) {08/17/26 01:28:01}
08/17/26 01:28:06 Number of idle job procs: 11
08/17/26 01:28:06 Reassigning the id of job C_W15_II_M0_A00_S5_F0 from (6053635.0.0) to (6053635.0.0)
08/17/26 01:28:06 Event: ULOG_SUBMIT for HTCondor Node C_W15_II_M0_A00_S5_F0 (6053635.0.0) {08/17/26 01:28:06}
08/17/26 01:28:06 Number of idle job procs: 12
08/17/26 01:28:06 DAG status: 0 (DAG_STATUS_OK)
08/17/26 01:28:06 Of 432 nodes total:
08/17/26 01:28:06  Done     Pre   Queued    Post   Ready   Un-Ready   Failed   Futile
08/17/26 01:28:06   ===     ===      ===     ===     ===        ===      ===      ===
08/17/26 01:28:06   157       0      191       0       0         84        0        0
08/17/26 01:28:06 0 job proc(s) currently held
08/17/26 01:28:06 DAGMan Runtime Statistics: [EventCycleTimeAvg=0.480; EventCycleTimeMax=20.234; EventCycleTimeMin=0.000; EventCycleTimeStd=1.887; EventCycleTimeSum=68.089; SleepCycleTimeAvg=5.006; SleepCycleTimeMax=5.040; SleepCycleTimeMin=5.000; SleepCycleTimeStd=0.004; SleepCycleTimeSum=710.809; SubmitCycleTimeAvg=0.082; SubmitCycleTimeMax=2.749; SubmitCycleTimeMin=0.000; SubmitCycleTimeStd=0.289; SubmitCycleTimeSum=11.684; EventCycleTimeCount=142.000; SleepCycleTimeCount=142.000; SubmitCycleTimeCount=143.000; LogProcessCycleTimeAvg=0.501; LogProcessCycleTimeMax=20.234; LogProcessCycleTimeMin=0.006; LogProcessCycleTimeStd=2.152; LogProcessCycleTimeSum=50.582; LogProcessCycleTimeCount=101.000; ]
08/17/26 01:28:11 Currently monitoring 1 HTCondor log file(s)
08/17/26 01:28:11 Event: ULOG_EXECUTE for HTCondor Node C_W15_IL_M0_A00_S2_F0 (6053615.0.0) {08/17/26 01:28:10}
08/17/26 01:28:11 Number of idle job procs: 11
08/17/26 01:28:16 Currently monitoring 1 HTCondor log file(s)
08/17/26 01:28:16 Event: ULOG_JOB_TERMINATED for HTCondor Node P_W15_HL_M0_A00_S5 (6053281.0.0) {08/17/26 01:28:11}
08/17/26 01:28:16 Number of idle job procs: 11
08/17/26 01:28:16 Node P_W15_HL_M0_A00_S5 job proc (6053281.0.0) completed successfully.
08/17/26 01:28:16 Node P_W15_HL_M0_A00_S5 job(s) have exited the queue
08/17/26 01:28:16 Event: ULOG_EXECUTE for HTCondor Node C_W15_LI_M0_A00_S6_F0 (6053616.0.0) {08/17/26 01:28:14}
08/17/26 01:28:16 Number of idle job procs: 10
08/17/26 01:28:16 Event: ULOG_JOB_TERMINATED for HTCondor Node P_W15_IL_M0_A00_S6 (6053210.0.0) {08/17/26 01:28:16}
08/17/26 01:28:16 Number of idle job procs: 10
08/17/26 01:28:16 Node P_W15_IL_M0_A00_S6 job proc (6053210.0.0) completed successfully.
08/17/26 01:28:16 Node P_W15_IL_M0_A00_S6 job(s) have exited the queue
08/17/26 01:28:16 DAG status: 0 (DAG_STATUS_OK)
08/17/26 01:28:16 Of 432 nodes total:
08/17/26 01:28:16  Done     Pre   Queued    Post   Ready   Un-Ready   Failed   Futile
08/17/26 01:28:16   ===     ===      ===     ===     ===        ===      ===      ===
08/17/26 01:28:16   159       0      189       0       2         82        0        0
08/17/26 01:28:16 0 job proc(s) currently held
08/17/26 01:28:16 DAGMan Runtime Statistics: [EventCycleTimeAvg=0.474; EventCycleTimeMax=20.234; EventCycleTimeMin=0.000; EventCycleTimeStd=1.875; EventCycleTimeSum=68.311; SleepCycleTimeAvg=5.006; SleepCycleTimeMax=5.040; SleepCycleTimeMin=5.000; SleepCycleTimeStd=0.004; SleepCycleTimeSum=720.822; SubmitCycleTimeAvg=0.081; SubmitCycleTimeMax=2.749; SubmitCycleTimeMin=0.000; SubmitCycleTimeStd=0.287; SubmitCycleTimeSum=11.684; EventCycleTimeCount=144.000; SleepCycleTimeCount=144.000; SubmitCycleTimeCount=145.000; LogProcessCycleTimeAvg=0.492; LogProcessCycleTimeMax=20.234; LogProcessCycleTimeMin=0.006; LogProcessCycleTimeStd=2.131; LogProcessCycleTimeSum=50.720; LogProcessCycleTimeCount=103.000; ]
08/17/26 01:28:21 Submitting HTCondor Node C_W15_HL_M0_A00_S5_F0 job(s)...
08/17/26 01:28:21 Submitting node C_W15_HL_M0_A00_S5_F0 from file /afs/cern.ch/user/c/cglenn/FCCWork/whizard/whizard_ttbar_spinpol/phase11_diagnostics/excess_weight_rootcause_v1/ttbar_restricted_region_suite_v1/regions/submissions/20260816T231425Z_U9region_core_W15_S8_np1_v1p0p1/region_child.sub using direct job submission
08/17/26 01:28:21 	assigned HTCondor ID (6053642.0.0)
08/17/26 01:28:21 Submitting HTCondor Node C_W15_IL_M0_A00_S6_F0 job(s)...
08/17/26 01:28:21 Submitting node C_W15_IL_M0_A00_S6_F0 from file /afs/cern.ch/user/c/cglenn/FCCWork/whizard/whizard_ttbar_spinpol/phase11_diagnostics/excess_weight_rootcause_v1/ttbar_restricted_region_suite_v1/regions/submissions/20260816T231425Z_U9region_core_W15_S8_np1_v1p0p1/region_child.sub using direct job submission
08/17/26 01:28:21 	assigned HTCondor ID (6053643.0.0)
08/17/26 01:28:21 Just submitted 2 jobs this cycle...
08/17/26 01:28:21 Currently monitoring 1 HTCondor log file(s)
08/17/26 01:28:21 Event: ULOG_EXECUTE for HTCondor Node C_W15_LL_M0_A00_S7_F0 (6053617.0.0) {08/17/26 01:28:17}
08/17/26 01:28:21 Number of idle job procs: 9
08/17/26 01:28:21 Event: ULOG_JOB_TERMINATED for HTCondor Node P_W15_LH_M0_A00_S6 (6053186.0.0) {08/17/26 01:28:18}
08/17/26 01:28:21 Number of idle job procs: 9
08/17/26 01:28:21 Node P_W15_LH_M0_A00_S6 job proc (6053186.0.0) completed successfully.
08/17/26 01:28:21 Node P_W15_LH_M0_A00_S6 job(s) have exited the queue
08/17/26 01:28:21 Event: ULOG_JOB_TERMINATED for HTCondor Node P_W15_IL_M0_A00_S4 (6053208.0.0) {08/17/26 01:28:21}
08/17/26 01:28:21 Number of idle job procs: 9
08/17/26 01:28:21 Node P_W15_IL_M0_A00_S4 job proc (6053208.0.0) completed successfully.
08/17/26 01:28:21 Node P_W15_IL_M0_A00_S4 job(s) have exited the queue
08/17/26 01:28:21 Reassigning the id of job C_W15_HL_M0_A00_S5_F0 from (6053642.0.0) to (6053642.0.0)
08/17/26 01:28:21 Event: ULOG_SUBMIT for HTCondor Node C_W15_HL_M0_A00_S5_F0 (6053642.0.0) {08/17/26 01:28:21}
08/17/26 01:28:21 Number of idle job procs: 10
08/17/26 01:28:21 Reassigning the id of job C_W15_IL_M0_A00_S6_F0 from (6053643.0.0) to (6053643.0.0)
08/17/26 01:28:21 Event: ULOG_SUBMIT for HTCondor Node C_W15_IL_M0_A00_S6_F0 (6053643.0.0) {08/17/26 01:28:21}
08/17/26 01:28:21 Number of idle job procs: 11
08/17/26 01:28:21 DAG status: 0 (DAG_STATUS_OK)
08/17/26 01:28:21 Of 432 nodes total:
08/17/26 01:28:21  Done     Pre   Queued    Post   Ready   Un-Ready   Failed   Futile
08/17/26 01:28:21   ===     ===      ===     ===     ===        ===      ===      ===
08/17/26 01:28:21   161       0      189       0       2         80        0        0
08/17/26 01:28:21 0 job proc(s) currently held
08/17/26 01:28:21 DAGMan Runtime Statistics: [EventCycleTimeAvg=0.472; EventCycleTimeMax=20.234; EventCycleTimeMin=0.000; EventCycleTimeStd=1.868; EventCycleTimeSum=68.489; SleepCycleTimeAvg=5.006; SleepCycleTimeMax=5.040; SleepCycleTimeMin=5.000; SleepCycleTimeStd=0.004; SleepCycleTimeSum=725.827; SubmitCycleTimeAvg=0.081; SubmitCycleTimeMax=2.749; SubmitCycleTimeMin=0.000; SubmitCycleTimeStd=0.286; SubmitCycleTimeSum=11.772; EventCycleTimeCount=145.000; SleepCycleTimeCount=145.000; SubmitCycleTimeCount=146.000; LogProcessCycleTimeAvg=0.489; LogProcessCycleTimeMax=20.234; LogProcessCycleTimeMin=0.006; LogProcessCycleTimeStd=2.121; LogProcessCycleTimeSum=50.883; LogProcessCycleTimeCount=104.000; ]
08/17/26 01:28:26 Submitting HTCondor Node C_W15_LH_M0_A00_S6_F0 job(s)...
08/17/26 01:28:26 Submitting node C_W15_LH_M0_A00_S6_F0 from file /afs/cern.ch/user/c/cglenn/FCCWork/whizard/whizard_ttbar_spinpol/phase11_diagnostics/excess_weight_rootcause_v1/ttbar_restricted_region_suite_v1/regions/submissions/20260816T231425Z_U9region_core_W15_S8_np1_v1p0p1/region_child.sub using direct job submission
08/17/26 01:28:26 	assigned HTCondor ID (6053644.0.0)
08/17/26 01:28:26 Submitting HTCondor Node C_W15_IL_M0_A00_S4_F0 job(s)...
08/17/26 01:28:26 Submitting node C_W15_IL_M0_A00_S4_F0 from file /afs/cern.ch/user/c/cglenn/FCCWork/whizard/whizard_ttbar_spinpol/phase11_diagnostics/excess_weight_rootcause_v1/ttbar_restricted_region_suite_v1/regions/submissions/20260816T231425Z_U9region_core_W15_S8_np1_v1p0p1/region_child.sub using direct job submission
08/17/26 01:28:26 	assigned HTCondor ID (6053645.0.0)
08/17/26 01:28:26 Just submitted 2 jobs this cycle...
08/17/26 01:28:26 Currently monitoring 1 HTCondor log file(s)
08/17/26 01:28:26 Event: ULOG_JOB_TERMINATED for HTCondor Node P_W15_LH_M0_A00_S2 (6053182.0.0) {08/17/26 01:28:23}
08/17/26 01:28:26 Number of idle job procs: 11
08/17/26 01:28:26 Node P_W15_LH_M0_A00_S2 job proc (6053182.0.0) completed successfully.
08/17/26 01:28:26 Node P_W15_LH_M0_A00_S2 job(s) have exited the queue
08/17/26 01:28:27 Event: ULOG_EXECUTE for HTCondor Node C_W15_LH_M0_A00_S0_F0 (6053618.0.0) {08/17/26 01:28:24}
08/17/26 01:28:27 Number of idle job procs: 10
08/17/26 01:28:27 Reassigning the id of job C_W15_LH_M0_A00_S6_F0 from (6053644.0.0) to (6053644.0.0)
08/17/26 01:28:27 Event: ULOG_SUBMIT for HTCondor Node C_W15_LH_M0_A00_S6_F0 (6053644.0.0) {08/17/26 01:28:26}
08/17/26 01:28:27 Number of idle job procs: 11
08/17/26 01:28:27 Reassigning the id of job C_W15_IL_M0_A00_S4_F0 from (6053645.0.0) to (6053645.0.0)
08/17/26 01:28:27 Event: ULOG_SUBMIT for HTCondor Node C_W15_IL_M0_A00_S4_F0 (6053645.0.0) {08/17/26 01:28:26}
08/17/26 01:28:27 Number of idle job procs: 12
08/17/26 01:28:27 DAG status: 0 (DAG_STATUS_OK)
08/17/26 01:28:27 Of 432 nodes total:
08/17/26 01:28:27  Done     Pre   Queued    Post   Ready   Un-Ready   Failed   Futile
08/17/26 01:28:27   ===     ===      ===     ===     ===        ===      ===      ===
08/17/26 01:28:27   162       0      190       0       1         79        0        0
08/17/26 01:28:27 0 job proc(s) currently held
08/17/26 01:28:27 DAGMan Runtime Statistics: [EventCycleTimeAvg=0.471; EventCycleTimeMax=20.234; EventCycleTimeMin=0.000; EventCycleTimeStd=1.862; EventCycleTimeSum=68.818; SleepCycleTimeAvg=5.006; SleepCycleTimeMax=5.040; SleepCycleTimeMin=5.000; SleepCycleTimeStd=0.004; SleepCycleTimeSum=730.835; SubmitCycleTimeAvg=0.081; SubmitCycleTimeMax=2.749; SubmitCycleTimeMin=0.000; SubmitCycleTimeStd=0.285; SubmitCycleTimeSum=11.864; EventCycleTimeCount=146.000; SleepCycleTimeCount=146.000; SubmitCycleTimeCount=147.000; LogProcessCycleTimeAvg=0.486; LogProcessCycleTimeMax=20.234; LogProcessCycleTimeMin=0.006; LogProcessCycleTimeStd=2.111; LogProcessCycleTimeSum=51.015; LogProcessCycleTimeCount=105.000; ]
08/17/26 01:28:32 Submitting HTCondor Node C_W15_LH_M0_A00_S2_F0 job(s)...
08/17/26 01:28:32 Submitting node C_W15_LH_M0_A00_S2_F0 from file /afs/cern.ch/user/c/cglenn/FCCWork/whizard/whizard_ttbar_spinpol/phase11_diagnostics/excess_weight_rootcause_v1/ttbar_restricted_region_suite_v1/regions/submissions/20260816T231425Z_U9region_core_W15_S8_np1_v1p0p1/region_child.sub using direct job submission
08/17/26 01:28:32 	assigned HTCondor ID (6053646.0.0)
08/17/26 01:28:32 Just submitted 1 job this cycle...
08/17/26 01:28:32 Currently monitoring 1 HTCondor log file(s)
08/17/26 01:28:32 Event: ULOG_JOB_TERMINATED for HTCondor Node C_W15_IH_M0_A00_S2_F0 (6053418.0.0) {08/17/26 01:28:32}
08/17/26 01:28:32 Number of idle job procs: 12
08/17/26 01:28:32 Node C_W15_IH_M0_A00_S2_F0 job proc (6053418.0.0) completed successfully.
08/17/26 01:28:32 Node C_W15_IH_M0_A00_S2_F0 job(s) have exited the queue
08/17/26 01:28:32 Reassigning the id of job C_W15_LH_M0_A00_S2_F0 from (6053646.0.0) to (6053646.0.0)
08/17/26 01:28:32 Event: ULOG_SUBMIT for HTCondor Node C_W15_LH_M0_A00_S2_F0 (6053646.0.0) {08/17/26 01:28:32}
08/17/26 01:28:32 Number of idle job procs: 13
08/17/26 01:28:32 DAG status: 0 (DAG_STATUS_OK)
08/17/26 01:28:32 Of 432 nodes total:
08/17/26 01:28:32  Done     Pre   Queued    Post   Ready   Un-Ready   Failed   Futile
08/17/26 01:28:32   ===     ===      ===     ===     ===        ===      ===      ===
08/17/26 01:28:32   163       0      190       0       0         79        0        0
08/17/26 01:28:32 0 job proc(s) currently held
08/17/26 01:28:32 DAGMan Runtime Statistics: [EventCycleTimeAvg=0.470; EventCycleTimeMax=20.234; EventCycleTimeMin=0.000; EventCycleTimeStd=1.856; EventCycleTimeSum=69.126; SleepCycleTimeAvg=5.006; SleepCycleTimeMax=5.040; SleepCycleTimeMin=5.000; SleepCycleTimeStd=0.004; SleepCycleTimeSum=735.839; SubmitCycleTimeAvg=0.080; SubmitCycleTimeMax=2.749; SubmitCycleTimeMin=0.000; SubmitCycleTimeStd=0.284; SubmitCycleTimeSum=11.910; EventCycleTimeCount=147.000; SleepCycleTimeCount=147.000; SubmitCycleTimeCount=148.000; LogProcessCycleTimeAvg=0.482; LogProcessCycleTimeMax=20.234; LogProcessCycleTimeMin=0.006; LogProcessCycleTimeStd=2.102; LogProcessCycleTimeSum=51.096; LogProcessCycleTimeCount=106.000; ]
08/17/26 01:28:37 Currently monitoring 1 HTCondor log file(s)
08/17/26 01:28:37 Event: ULOG_JOB_TERMINATED for HTCondor Node P_W15_II_M0_A00_S2 (6053230.0.0) {08/17/26 01:28:36}
08/17/26 01:28:37 Number of idle job procs: 13
08/17/26 01:28:37 Node P_W15_II_M0_A00_S2 job proc (6053230.0.0) completed successfully.
08/17/26 01:28:37 Node P_W15_II_M0_A00_S2 job(s) have exited the queue
08/17/26 01:28:37 DAG status: 0 (DAG_STATUS_OK)
08/17/26 01:28:37 Of 432 nodes total:
08/17/26 01:28:37  Done     Pre   Queued    Post   Ready   Un-Ready   Failed   Futile
08/17/26 01:28:37   ===     ===      ===     ===     ===        ===      ===      ===
08/17/26 01:28:37   164       0      189       0       1         78        0        0
08/17/26 01:28:37 0 job proc(s) currently held
08/17/26 01:28:37 DAGMan Runtime Statistics: [EventCycleTimeAvg=0.469; EventCycleTimeMax=20.234; EventCycleTimeMin=0.000; EventCycleTimeStd=1.849; EventCycleTimeSum=69.339; SleepCycleTimeAvg=5.006; SleepCycleTimeMax=5.040; SleepCycleTimeMin=5.000; SleepCycleTimeStd=0.004; SleepCycleTimeSum=740.844; SubmitCycleTimeAvg=0.080; SubmitCycleTimeMax=2.749; SubmitCycleTimeMin=0.000; SubmitCycleTimeStd=0.283; SubmitCycleTimeSum=11.910; EventCycleTimeCount=148.000; SleepCycleTimeCount=148.000; SubmitCycleTimeCount=149.000; LogProcessCycleTimeAvg=0.478; LogProcessCycleTimeMax=20.234; LogProcessCycleTimeMin=0.006; LogProcessCycleTimeStd=2.092; LogProcessCycleTimeSum=51.147; LogProcessCycleTimeCount=107.000; ]
08/17/26 01:28:42 Submitting HTCondor Node C_W15_II_M0_A00_S2_F0 job(s)...
08/17/26 01:28:42 Submitting node C_W15_II_M0_A00_S2_F0 from file /afs/cern.ch/user/c/cglenn/FCCWork/whizard/whizard_ttbar_spinpol/phase11_diagnostics/excess_weight_rootcause_v1/ttbar_restricted_region_suite_v1/regions/submissions/20260816T231425Z_U9region_core_W15_S8_np1_v1p0p1/region_child.sub using direct job submission
08/17/26 01:28:42 	assigned HTCondor ID (6053647.0.0)
08/17/26 01:28:42 Just submitted 1 job this cycle...
08/17/26 01:28:42 DAG status: 0 (DAG_STATUS_OK)
08/17/26 01:28:42 Of 432 nodes total:
08/17/26 01:28:42  Done     Pre   Queued    Post   Ready   Un-Ready   Failed   Futile
08/17/26 01:28:42   ===     ===      ===     ===     ===        ===      ===      ===
08/17/26 01:28:42   164       0      190       0       0         78        0        0
08/17/26 01:28:42 0 job proc(s) currently held
08/17/26 01:28:42 DAGMan Runtime Statistics: [EventCycleTimeAvg=0.466; EventCycleTimeMax=20.234; EventCycleTimeMin=0.000; EventCycleTimeStd=1.843; EventCycleTimeSum=69.463; SleepCycleTimeAvg=5.006; SleepCycleTimeMax=5.040; SleepCycleTimeMin=5.000; SleepCycleTimeStd=0.004; SleepCycleTimeSum=745.845; SubmitCycleTimeAvg=0.080; SubmitCycleTimeMax=2.749; SubmitCycleTimeMin=0.000; SubmitCycleTimeStd=0.282; SubmitCycleTimeSum=11.961; EventCycleTimeCount=149.000; SleepCycleTimeCount=149.000; SubmitCycleTimeCount=150.000; LogProcessCycleTimeAvg=0.478; LogProcessCycleTimeMax=20.234; LogProcessCycleTimeMin=0.006; LogProcessCycleTimeStd=2.092; LogProcessCycleTimeSum=51.147; LogProcessCycleTimeCount=107.000; ]
08/17/26 01:28:47 Currently monitoring 1 HTCondor log file(s)
08/17/26 01:28:47 Reassigning the id of job C_W15_II_M0_A00_S2_F0 from (6053647.0.0) to (6053647.0.0)
08/17/26 01:28:47 Event: ULOG_SUBMIT for HTCondor Node C_W15_II_M0_A00_S2_F0 (6053647.0.0) {08/17/26 01:28:42}
08/17/26 01:28:47 Number of idle job procs: 14
08/17/26 01:28:47 Event: ULOG_JOB_TERMINATED for HTCondor Node P_W15_LI_M0_A00_S0 (6053156.0.0) {08/17/26 01:28:43}
08/17/26 01:28:47 Number of idle job procs: 14
08/17/26 01:28:47 Node P_W15_LI_M0_A00_S0 job proc (6053156.0.0) completed successfully.
08/17/26 01:28:47 Node P_W15_LI_M0_A00_S0 job(s) have exited the queue
08/17/26 01:28:47 Event: ULOG_JOB_TERMINATED for HTCondor Node P_W15_II_M0_A00_S4 (6053232.0.0) {08/17/26 01:28:45}
08/17/26 01:28:47 Number of idle job procs: 14
08/17/26 01:28:47 Node P_W15_II_M0_A00_S4 job proc (6053232.0.0) completed successfully.
08/17/26 01:28:47 Node P_W15_II_M0_A00_S4 job(s) have exited the queue
08/17/26 01:28:47 Event: ULOG_JOB_TERMINATED for HTCondor Node P_W15_LH_M0_A00_S1 (6053181.0.0) {08/17/26 01:28:47}
08/17/26 01:28:47 Number of idle job procs: 14
08/17/26 01:28:47 Node P_W15_LH_M0_A00_S1 job proc (6053181.0.0) completed successfully.
08/17/26 01:28:47 Node P_W15_LH_M0_A00_S1 job(s) have exited the queue
08/17/26 01:28:47 DAG status: 0 (DAG_STATUS_OK)
08/17/26 01:28:47 Of 432 nodes total:
08/17/26 01:28:47  Done     Pre   Queued    Post   Ready   Un-Ready   Failed   Futile
08/17/26 01:28:47   ===     ===      ===     ===     ===        ===      ===      ===
08/17/26 01:28:47   167       0      187       0       3         75        0        0
08/17/26 01:28:47 0 job proc(s) currently held
08/17/26 01:28:47 DAGMan Runtime Statistics: [EventCycleTimeAvg=0.464; EventCycleTimeMax=20.234; EventCycleTimeMin=0.000; EventCycleTimeStd=1.837; EventCycleTimeSum=69.602; SleepCycleTimeAvg=5.006; SleepCycleTimeMax=5.040; SleepCycleTimeMin=5.000; SleepCycleTimeStd=0.004; SleepCycleTimeSum=750.850; SubmitCycleTimeAvg=0.079; SubmitCycleTimeMax=2.749; SubmitCycleTimeMin=0.000; SubmitCycleTimeStd=0.281; SubmitCycleTimeSum=11.961; EventCycleTimeCount=150.000; SleepCycleTimeCount=150.000; SubmitCycleTimeCount=151.000; LogProcessCycleTimeAvg=0.475; LogProcessCycleTimeMax=20.234; LogProcessCycleTimeMin=0.006; LogProcessCycleTimeStd=2.082; LogProcessCycleTimeSum=51.326; LogProcessCycleTimeCount=108.000; ]
08/17/26 01:28:52 Submitting HTCondor Node C_W15_LI_M0_A00_S0_F0 job(s)...
08/17/26 01:28:52 Submitting node C_W15_LI_M0_A00_S0_F0 from file /afs/cern.ch/user/c/cglenn/FCCWork/whizard/whizard_ttbar_spinpol/phase11_diagnostics/excess_weight_rootcause_v1/ttbar_restricted_region_suite_v1/regions/submissions/20260816T231425Z_U9region_core_W15_S8_np1_v1p0p1/region_child.sub using direct job submission
08/17/26 01:28:52 	assigned HTCondor ID (6053648.0.0)
08/17/26 01:28:52 Submitting HTCondor Node C_W15_II_M0_A00_S4_F0 job(s)...
08/17/26 01:28:52 Submitting node C_W15_II_M0_A00_S4_F0 from file /afs/cern.ch/user/c/cglenn/FCCWork/whizard/whizard_ttbar_spinpol/phase11_diagnostics/excess_weight_rootcause_v1/ttbar_restricted_region_suite_v1/regions/submissions/20260816T231425Z_U9region_core_W15_S8_np1_v1p0p1/region_child.sub using direct job submission
08/17/26 01:28:52 	assigned HTCondor ID (6053649.0.0)
08/17/26 01:28:52 Submitting HTCondor Node C_W15_LH_M0_A00_S1_F0 job(s)...
08/17/26 01:28:53 Submitting node C_W15_LH_M0_A00_S1_F0 from file /afs/cern.ch/user/c/cglenn/FCCWork/whizard/whizard_ttbar_spinpol/phase11_diagnostics/excess_weight_rootcause_v1/ttbar_restricted_region_suite_v1/regions/submissions/20260816T231425Z_U9region_core_W15_S8_np1_v1p0p1/region_child.sub using direct job submission
08/17/26 01:28:53 	assigned HTCondor ID (6053650.0.0)
08/17/26 01:28:53 Just submitted 3 jobs this cycle...
08/17/26 01:28:53 Currently monitoring 1 HTCondor log file(s)
08/17/26 01:28:53 Event: ULOG_JOB_TERMINATED for HTCondor Node P_W15_LH_M0_A00_S7 (6053187.0.0) {08/17/26 01:28:51}
08/17/26 01:28:53 Number of idle job procs: 14
08/17/26 01:28:53 Node P_W15_LH_M0_A00_S7 job proc (6053187.0.0) completed successfully.
08/17/26 01:28:53 Node P_W15_LH_M0_A00_S7 job(s) have exited the queue
08/17/26 01:28:53 Event: ULOG_JOB_TERMINATED for HTCondor Node P_W15_LH_M0_A00_S5 (6053185.0.0) {08/17/26 01:28:52}
08/17/26 01:28:53 Number of idle job procs: 14
08/17/26 01:28:53 Node P_W15_LH_M0_A00_S5 job proc (6053185.0.0) completed successfully.
08/17/26 01:28:53 Node P_W15_LH_M0_A00_S5 job(s) have exited the queue
08/17/26 01:28:53 Reassigning the id of job C_W15_LI_M0_A00_S0_F0 from (6053648.0.0) to (6053648.0.0)
08/17/26 01:28:53 Event: ULOG_SUBMIT for HTCondor Node C_W15_LI_M0_A00_S0_F0 (6053648.0.0) {08/17/26 01:28:52}
08/17/26 01:28:53 Number of idle job procs: 15
08/17/26 01:28:53 Reassigning the id of job C_W15_II_M0_A00_S4_F0 from (6053649.0.0) to (6053649.0.0)
08/17/26 01:28:53 Event: ULOG_SUBMIT for HTCondor Node C_W15_II_M0_A00_S4_F0 (6053649.0.0) {08/17/26 01:28:52}
08/17/26 01:28:53 Number of idle job procs: 16
08/17/26 01:28:53 Reassigning the id of job C_W15_LH_M0_A00_S1_F0 from (6053650.0.0) to (6053650.0.0)
08/17/26 01:28:53 Event: ULOG_SUBMIT for HTCondor Node C_W15_LH_M0_A00_S1_F0 (6053650.0.0) {08/17/26 01:28:53}
08/17/26 01:28:53 Number of idle job procs: 17
08/17/26 01:28:53 DAG status: 0 (DAG_STATUS_OK)
08/17/26 01:28:53 Of 432 nodes total:
08/17/26 01:28:53  Done     Pre   Queued    Post   Ready   Un-Ready   Failed   Futile
08/17/26 01:28:53   ===     ===      ===     ===     ===        ===      ===      ===
08/17/26 01:28:53   169       0      188       0       2         73        0        0
08/17/26 01:28:53 0 job proc(s) currently held
08/17/26 01:28:53 DAGMan Runtime Statistics: [EventCycleTimeAvg=0.463; EventCycleTimeMax=20.234; EventCycleTimeMin=0.000; EventCycleTimeStd=1.831; EventCycleTimeSum=69.852; SleepCycleTimeAvg=5.006; SleepCycleTimeMax=5.040; SleepCycleTimeMin=5.000; SleepCycleTimeStd=0.004; SleepCycleTimeSum=755.855; SubmitCycleTimeAvg=0.080; SubmitCycleTimeMax=2.749; SubmitCycleTimeMin=0.000; SubmitCycleTimeStd=0.280; SubmitCycleTimeSum=12.098; EventCycleTimeCount=151.000; SleepCycleTimeCount=151.000; SubmitCycleTimeCount=152.000; LogProcessCycleTimeAvg=0.473; LogProcessCycleTimeMax=20.234; LogProcessCycleTimeMin=0.006; LogProcessCycleTimeStd=2.073; LogProcessCycleTimeSum=51.510; LogProcessCycleTimeCount=109.000; ]
08/17/26 01:28:58 Submitting HTCondor Node C_W15_LH_M0_A00_S7_F0 job(s)...
08/17/26 01:28:58 Submitting node C_W15_LH_M0_A00_S7_F0 from file /afs/cern.ch/user/c/cglenn/FCCWork/whizard/whizard_ttbar_spinpol/phase11_diagnostics/excess_weight_rootcause_v1/ttbar_restricted_region_suite_v1/regions/submissions/20260816T231425Z_U9region_core_W15_S8_np1_v1p0p1/region_child.sub using direct job submission
08/17/26 01:28:58 	assigned HTCondor ID (6053654.0.0)
08/17/26 01:28:58 Submitting HTCondor Node C_W15_LH_M0_A00_S5_F0 job(s)...
08/17/26 01:28:58 Submitting node C_W15_LH_M0_A00_S5_F0 from file /afs/cern.ch/user/c/cglenn/FCCWork/whizard/whizard_ttbar_spinpol/phase11_diagnostics/excess_weight_rootcause_v1/ttbar_restricted_region_suite_v1/regions/submissions/20260816T231425Z_U9region_core_W15_S8_np1_v1p0p1/region_child.sub using direct job submission
08/17/26 01:28:58 	assigned HTCondor ID (6053655.0.0)
08/17/26 01:28:58 Just submitted 2 jobs this cycle...
08/17/26 01:28:58 Currently monitoring 1 HTCondor log file(s)
08/17/26 01:28:58 Event: ULOG_EXECUTE for HTCondor Node C_W15_LI_M0_A00_S2_F0 (6053622.0.0) {08/17/26 01:28:53}
08/17/26 01:28:58 Number of idle job procs: 16
08/17/26 01:28:58 Event: ULOG_EXECUTE for HTCondor Node C_W15_IL_M0_A00_S3_F0 (6053623.0.0) {08/17/26 01:28:53}
08/17/26 01:28:58 Number of idle job procs: 15
08/17/26 01:28:58 Event: ULOG_JOB_TERMINATED for HTCondor Node P_W15_HL_M0_A00_S6 (6053282.0.0) {08/17/26 01:28:56}
08/17/26 01:28:58 Number of idle job procs: 15
08/17/26 01:28:58 Node P_W15_HL_M0_A00_S6 job proc (6053282.0.0) completed successfully.
08/17/26 01:28:58 Node P_W15_HL_M0_A00_S6 job(s) have exited the queue
08/17/26 01:28:58 Event: ULOG_EXECUTE for HTCondor Node C_W15_LH_M0_A00_S3_F0 (6053624.0.0) {08/17/26 01:28:57}
08/17/26 01:28:58 Number of idle job procs: 14
08/17/26 01:28:58 Reassigning the id of job C_W15_LH_M0_A00_S7_F0 from (6053654.0.0) to (6053654.0.0)
08/17/26 01:28:58 Event: ULOG_SUBMIT for HTCondor Node C_W15_LH_M0_A00_S7_F0 (6053654.0.0) {08/17/26 01:28:58}
08/17/26 01:28:58 Number of idle job procs: 15
08/17/26 01:28:58 Reassigning the id of job C_W15_LH_M0_A00_S5_F0 from (6053655.0.0) to (6053655.0.0)
08/17/26 01:28:58 Event: ULOG_SUBMIT for HTCondor Node C_W15_LH_M0_A00_S5_F0 (6053655.0.0) {08/17/26 01:28:58}
08/17/26 01:28:58 Number of idle job procs: 16
08/17/26 01:28:58 DAG status: 0 (DAG_STATUS_OK)
08/17/26 01:28:58 Of 432 nodes total:
08/17/26 01:28:58  Done     Pre   Queued    Post   Ready   Un-Ready   Failed   Futile
08/17/26 01:28:58   ===     ===      ===     ===     ===        ===      ===      ===
08/17/26 01:28:58   170       0      189       0       1         72        0        0
08/17/26 01:28:58 0 job proc(s) currently held
08/17/26 01:28:58 DAGMan Runtime Statistics: [EventCycleTimeAvg=0.462; EventCycleTimeMax=20.234; EventCycleTimeMin=0.000; EventCycleTimeStd=1.825; EventCycleTimeSum=70.256; SleepCycleTimeAvg=5.006; SleepCycleTimeMax=5.040; SleepCycleTimeMin=5.000; SleepCycleTimeStd=0.004; SleepCycleTimeSum=760.860; SubmitCycleTimeAvg=0.080; SubmitCycleTimeMax=2.749; SubmitCycleTimeMin=0.000; SubmitCycleTimeStd=0.280; SubmitCycleTimeSum=12.243; EventCycleTimeCount=152.000; SleepCycleTimeCount=152.000; SubmitCycleTimeCount=153.000; LogProcessCycleTimeAvg=0.470; LogProcessCycleTimeMax=20.234; LogProcessCycleTimeMin=0.006; LogProcessCycleTimeStd=2.064; LogProcessCycleTimeSum=51.701; LogProcessCycleTimeCount=110.000; ]
08/17/26 01:29:03 Submitting HTCondor Node C_W15_HL_M0_A00_S6_F0 job(s)...
08/17/26 01:29:03 Submitting node C_W15_HL_M0_A00_S6_F0 from file /afs/cern.ch/user/c/cglenn/FCCWork/whizard/whizard_ttbar_spinpol/phase11_diagnostics/excess_weight_rootcause_v1/ttbar_restricted_region_suite_v1/regions/submissions/20260816T231425Z_U9region_core_W15_S8_np1_v1p0p1/region_child.sub using direct job submission
08/17/26 01:29:03 	assigned HTCondor ID (6053656.0.0)
08/17/26 01:29:03 Just submitted 1 job this cycle...
08/17/26 01:29:03 Currently monitoring 1 HTCondor log file(s)
08/17/26 01:29:03 Reassigning the id of job C_W15_HL_M0_A00_S6_F0 from (6053656.0.0) to (6053656.0.0)
08/17/26 01:29:03 Event: ULOG_SUBMIT for HTCondor Node C_W15_HL_M0_A00_S6_F0 (6053656.0.0) {08/17/26 01:29:03}
08/17/26 01:29:03 Number of idle job procs: 17
08/17/26 01:29:03 DAG status: 0 (DAG_STATUS_OK)
08/17/26 01:29:03 Of 432 nodes total:
08/17/26 01:29:03  Done     Pre   Queued    Post   Ready   Un-Ready   Failed   Futile
08/17/26 01:29:03   ===     ===      ===     ===     ===        ===      ===      ===
08/17/26 01:29:03   170       0      190       0       0         72        0        0
08/17/26 01:29:03 0 job proc(s) currently held
08/17/26 01:29:03 DAGMan Runtime Statistics: [EventCycleTimeAvg=0.462; EventCycleTimeMax=20.234; EventCycleTimeMin=0.000; EventCycleTimeStd=1.819; EventCycleTimeSum=70.681; SleepCycleTimeAvg=5.006; SleepCycleTimeMax=5.040; SleepCycleTimeMin=5.000; SleepCycleTimeStd=0.004; SleepCycleTimeSum=765.866; SubmitCycleTimeAvg=0.080; SubmitCycleTimeMax=2.749; SubmitCycleTimeMin=0.000; SubmitCycleTimeStd=0.279; SubmitCycleTimeSum=12.341; EventCycleTimeCount=153.000; SleepCycleTimeCount=153.000; SubmitCycleTimeCount=154.000; LogProcessCycleTimeAvg=0.466; LogProcessCycleTimeMax=20.234; LogProcessCycleTimeMin=0.006; LogProcessCycleTimeStd=2.055; LogProcessCycleTimeSum=51.742; LogProcessCycleTimeCount=111.000; ]
08/17/26 01:29:08 Currently monitoring 1 HTCondor log file(s)
08/17/26 01:29:08 Event: ULOG_JOB_TERMINATED for HTCondor Node P_W15_HL_M0_A00_S2 (6053278.0.0) {08/17/26 01:29:08}
08/17/26 01:29:08 Number of idle job procs: 17
08/17/26 01:29:09 Node P_W15_HL_M0_A00_S2 job proc (6053278.0.0) completed successfully.
08/17/26 01:29:09 Node P_W15_HL_M0_A00_S2 job(s) have exited the queue
08/17/26 01:29:09 DAG status: 0 (DAG_STATUS_OK)
08/17/26 01:29:09 Of 432 nodes total:
08/17/26 01:29:09  Done     Pre   Queued    Post   Ready   Un-Ready   Failed   Futile
08/17/26 01:29:09   ===     ===      ===     ===     ===        ===      ===      ===
08/17/26 01:29:09   171       0      189       0       1         71        0        0
08/17/26 01:29:09 0 job proc(s) currently held
08/17/26 01:29:09 DAGMan Runtime Statistics: [EventCycleTimeAvg=0.460; EventCycleTimeMax=20.234; EventCycleTimeMin=0.000; EventCycleTimeStd=1.813; EventCycleTimeSum=70.902; SleepCycleTimeAvg=5.006; SleepCycleTimeMax=5.040; SleepCycleTimeMin=5.000; SleepCycleTimeStd=0.004; SleepCycleTimeSum=770.871; SubmitCycleTimeAvg=0.080; SubmitCycleTimeMax=2.749; SubmitCycleTimeMin=0.000; SubmitCycleTimeStd=0.278; SubmitCycleTimeSum=12.341; EventCycleTimeCount=154.000; SleepCycleTimeCount=154.000; SubmitCycleTimeCount=155.000; LogProcessCycleTimeAvg=0.462; LogProcessCycleTimeMax=20.234; LogProcessCycleTimeMin=0.006; LogProcessCycleTimeStd=2.046; LogProcessCycleTimeSum=51.798; LogProcessCycleTimeCount=112.000; ]
08/17/26 01:29:14 Submitting HTCondor Node C_W15_HL_M0_A00_S2_F0 job(s)...
08/17/26 01:29:14 Submitting node C_W15_HL_M0_A00_S2_F0 from file /afs/cern.ch/user/c/cglenn/FCCWork/whizard/whizard_ttbar_spinpol/phase11_diagnostics/excess_weight_rootcause_v1/ttbar_restricted_region_suite_v1/regions/submissions/20260816T231425Z_U9region_core_W15_S8_np1_v1p0p1/region_child.sub using direct job submission
08/17/26 01:29:14 	assigned HTCondor ID (6053657.0.0)
08/17/26 01:29:14 Just submitted 1 job this cycle...
08/17/26 01:29:14 DAG status: 0 (DAG_STATUS_OK)
08/17/26 01:29:14 Of 432 nodes total:
08/17/26 01:29:14  Done     Pre   Queued    Post   Ready   Un-Ready   Failed   Futile
08/17/26 01:29:14   ===     ===      ===     ===     ===        ===      ===      ===
08/17/26 01:29:14   171       0      190       0       0         71        0        0
08/17/26 01:29:14 0 job proc(s) currently held
08/17/26 01:29:14 DAGMan Runtime Statistics: [EventCycleTimeAvg=0.458; EventCycleTimeMax=20.234; EventCycleTimeMin=0.000; EventCycleTimeStd=1.808; EventCycleTimeSum=71.037; SleepCycleTimeAvg=5.006; SleepCycleTimeMax=5.040; SleepCycleTimeMin=5.000; SleepCycleTimeStd=0.004; SleepCycleTimeSum=775.876; SubmitCycleTimeAvg=0.079; SubmitCycleTimeMax=2.749; SubmitCycleTimeMin=0.000; SubmitCycleTimeStd=0.277; SubmitCycleTimeSum=12.391; EventCycleTimeCount=155.000; SleepCycleTimeCount=155.000; SubmitCycleTimeCount=156.000; LogProcessCycleTimeAvg=0.462; LogProcessCycleTimeMax=20.234; LogProcessCycleTimeMin=0.006; LogProcessCycleTimeStd=2.046; LogProcessCycleTimeSum=51.798; LogProcessCycleTimeCount=112.000; ]
08/17/26 01:29:19 Currently monitoring 1 HTCondor log file(s)
08/17/26 01:29:19 Reassigning the id of job C_W15_HL_M0_A00_S2_F0 from (6053657.0.0) to (6053657.0.0)
08/17/26 01:29:19 Event: ULOG_SUBMIT for HTCondor Node C_W15_HL_M0_A00_S2_F0 (6053657.0.0) {08/17/26 01:29:14}
08/17/26 01:29:19 Number of idle job procs: 18
08/17/26 01:29:19 Event: ULOG_JOB_TERMINATED for HTCondor Node P_W15_LH_M0_A00_S4 (6053184.0.0) {08/17/26 01:29:16}
08/17/26 01:29:19 Number of idle job procs: 18
08/17/26 01:29:19 Node P_W15_LH_M0_A00_S4 job proc (6053184.0.0) completed successfully.
08/17/26 01:29:19 Node P_W15_LH_M0_A00_S4 job(s) have exited the queue
08/17/26 01:29:19 DAG status: 0 (DAG_STATUS_OK)
08/17/26 01:29:19 Of 432 nodes total:
08/17/26 01:29:19  Done     Pre   Queued    Post   Ready   Un-Ready   Failed   Futile
08/17/26 01:29:19   ===     ===      ===     ===     ===        ===      ===      ===
08/17/26 01:29:19   172       0      189       0       1         70        0        0
08/17/26 01:29:19 0 job proc(s) currently held
08/17/26 01:29:19 DAGMan Runtime Statistics: [EventCycleTimeAvg=0.456; EventCycleTimeMax=20.234; EventCycleTimeMin=0.000; EventCycleTimeStd=1.802; EventCycleTimeSum=71.171; SleepCycleTimeAvg=5.006; SleepCycleTimeMax=5.040; SleepCycleTimeMin=5.000; SleepCycleTimeStd=0.004; SleepCycleTimeSum=780.882; SubmitCycleTimeAvg=0.079; SubmitCycleTimeMax=2.749; SubmitCycleTimeMin=0.000; SubmitCycleTimeStd=0.276; SubmitCycleTimeSum=12.391; EventCycleTimeCount=156.000; SleepCycleTimeCount=156.000; SubmitCycleTimeCount=157.000; LogProcessCycleTimeAvg=0.459; LogProcessCycleTimeMax=20.234; LogProcessCycleTimeMin=0.006; LogProcessCycleTimeStd=2.037; LogProcessCycleTimeSum=51.887; LogProcessCycleTimeCount=113.000; ]
08/17/26 01:29:24 Submitting HTCondor Node C_W15_LH_M0_A00_S4_F0 job(s)...
08/17/26 01:29:24 Submitting node C_W15_LH_M0_A00_S4_F0 from file /afs/cern.ch/user/c/cglenn/FCCWork/whizard/whizard_ttbar_spinpol/phase11_diagnostics/excess_weight_rootcause_v1/ttbar_restricted_region_suite_v1/regions/submissions/20260816T231425Z_U9region_core_W15_S8_np1_v1p0p1/region_child.sub using direct job submission
08/17/26 01:29:24 	assigned HTCondor ID (6053661.0.0)
08/17/26 01:29:24 Just submitted 1 job this cycle...
08/17/26 01:29:24 DAG status: 0 (DAG_STATUS_OK)
08/17/26 01:29:24 Of 432 nodes total:
08/17/26 01:29:24  Done     Pre   Queued    Post   Ready   Un-Ready   Failed   Futile
08/17/26 01:29:24   ===     ===      ===     ===     ===        ===      ===      ===
08/17/26 01:29:24   172       0      190       0       0         70        0        0
08/17/26 01:29:24 0 job proc(s) currently held
08/17/26 01:29:24 DAGMan Runtime Statistics: [EventCycleTimeAvg=0.454; EventCycleTimeMax=20.234; EventCycleTimeMin=0.000; EventCycleTimeStd=1.796; EventCycleTimeSum=71.334; SleepCycleTimeAvg=5.006; SleepCycleTimeMax=5.040; SleepCycleTimeMin=5.000; SleepCycleTimeStd=0.004; SleepCycleTimeSum=785.887; SubmitCycleTimeAvg=0.079; SubmitCycleTimeMax=2.749; SubmitCycleTimeMin=0.000; SubmitCycleTimeStd=0.275; SubmitCycleTimeSum=12.444; EventCycleTimeCount=157.000; SleepCycleTimeCount=157.000; SubmitCycleTimeCount=158.000; LogProcessCycleTimeAvg=0.459; LogProcessCycleTimeMax=20.234; LogProcessCycleTimeMin=0.006; LogProcessCycleTimeStd=2.037; LogProcessCycleTimeSum=51.887; LogProcessCycleTimeCount=113.000; ]
08/17/26 01:29:29 Currently monitoring 1 HTCondor log file(s)
08/17/26 01:29:29 Reassigning the id of job C_W15_LH_M0_A00_S4_F0 from (6053661.0.0) to (6053661.0.0)
08/17/26 01:29:29 Event: ULOG_SUBMIT for HTCondor Node C_W15_LH_M0_A00_S4_F0 (6053661.0.0) {08/17/26 01:29:24}
08/17/26 01:29:29 Number of idle job procs: 19
08/17/26 01:29:39 Currently monitoring 1 HTCondor log file(s)
08/17/26 01:29:39 Event: ULOG_JOB_TERMINATED for HTCondor Node P_W15_II_M0_A00_S1 (6053229.0.0) {08/17/26 01:29:38}
08/17/26 01:29:39 Number of idle job procs: 19
08/17/26 01:29:39 Node P_W15_II_M0_A00_S1 job proc (6053229.0.0) completed successfully.
08/17/26 01:29:39 Node P_W15_II_M0_A00_S1 job(s) have exited the queue
08/17/26 01:29:39 DAG status: 0 (DAG_STATUS_OK)
08/17/26 01:29:39 Of 432 nodes total:
08/17/26 01:29:39  Done     Pre   Queued    Post   Ready   Un-Ready   Failed   Futile
08/17/26 01:29:39   ===     ===      ===     ===     ===        ===      ===      ===
08/17/26 01:29:39   173       0      189       0       1         69        0        0
08/17/26 01:29:39 0 job proc(s) currently held
08/17/26 01:29:39 DAGMan Runtime Statistics: [EventCycleTimeAvg=0.447; EventCycleTimeMax=20.234; EventCycleTimeMin=0.000; EventCycleTimeStd=1.780; EventCycleTimeSum=71.516; SleepCycleTimeAvg=5.006; SleepCycleTimeMax=5.040; SleepCycleTimeMin=5.000; SleepCycleTimeStd=0.004; SleepCycleTimeSum=800.902; SubmitCycleTimeAvg=0.077; SubmitCycleTimeMax=2.749; SubmitCycleTimeMin=0.000; SubmitCycleTimeStd=0.273; SubmitCycleTimeSum=12.444; EventCycleTimeCount=160.000; SleepCycleTimeCount=160.000; SubmitCycleTimeCount=161.000; LogProcessCycleTimeAvg=0.452; LogProcessCycleTimeMax=20.234; LogProcessCycleTimeMin=0.006; LogProcessCycleTimeStd=2.020; LogProcessCycleTimeSum=51.985; LogProcessCycleTimeCount=115.000; ]
08/17/26 01:29:44 Submitting HTCondor Node C_W15_II_M0_A00_S1_F0 job(s)...
08/17/26 01:29:44 Submitting node C_W15_II_M0_A00_S1_F0 from file /afs/cern.ch/user/c/cglenn/FCCWork/whizard/whizard_ttbar_spinpol/phase11_diagnostics/excess_weight_rootcause_v1/ttbar_restricted_region_suite_v1/regions/submissions/20260816T231425Z_U9region_core_W15_S8_np1_v1p0p1/region_child.sub using direct job submission
08/17/26 01:29:44 	assigned HTCondor ID (6053671.0.0)
08/17/26 01:29:44 Just submitted 1 job this cycle...
08/17/26 01:29:44 DAG status: 0 (DAG_STATUS_OK)
08/17/26 01:29:44 Of 432 nodes total:
08/17/26 01:29:44  Done     Pre   Queued    Post   Ready   Un-Ready   Failed   Futile
08/17/26 01:29:44   ===     ===      ===     ===     ===        ===      ===      ===
08/17/26 01:29:44   173       0      190       0       0         69        0        0
08/17/26 01:29:44 0 job proc(s) currently held
08/17/26 01:29:44 DAGMan Runtime Statistics: [EventCycleTimeAvg=0.445; EventCycleTimeMax=20.234; EventCycleTimeMin=0.000; EventCycleTimeStd=1.775; EventCycleTimeSum=71.650; SleepCycleTimeAvg=5.006; SleepCycleTimeMax=5.040; SleepCycleTimeMin=5.000; SleepCycleTimeStd=0.004; SleepCycleTimeSum=805.908; SubmitCycleTimeAvg=0.077; SubmitCycleTimeMax=2.749; SubmitCycleTimeMin=0.000; SubmitCycleTimeStd=0.272; SubmitCycleTimeSum=12.496; EventCycleTimeCount=161.000; SleepCycleTimeCount=161.000; SubmitCycleTimeCount=162.000; LogProcessCycleTimeAvg=0.452; LogProcessCycleTimeMax=20.234; LogProcessCycleTimeMin=0.006; LogProcessCycleTimeStd=2.020; LogProcessCycleTimeSum=51.985; LogProcessCycleTimeCount=115.000; ]
08/17/26 01:29:49 Currently monitoring 1 HTCondor log file(s)
08/17/26 01:29:49 Reassigning the id of job C_W15_II_M0_A00_S1_F0 from (6053671.0.0) to (6053671.0.0)
08/17/26 01:29:49 Event: ULOG_SUBMIT for HTCondor Node C_W15_II_M0_A00_S1_F0 (6053671.0.0) {08/17/26 01:29:44}
08/17/26 01:29:49 Number of idle job procs: 20
08/17/26 01:29:49 Event: ULOG_EXECUTE for HTCondor Node C_W15_II_M0_A00_S2_F0 (6053647.0.0) {08/17/26 01:29:48}
08/17/26 01:29:49 Number of idle job procs: 19
08/17/26 01:29:54 Currently monitoring 1 HTCondor log file(s)
08/17/26 01:29:54 Event: ULOG_EXECUTE for HTCondor Node C_W15_HL_M0_A00_S7_F0 (6053628.0.0) {08/17/26 01:29:50}
08/17/26 01:29:54 Number of idle job procs: 18
08/17/26 01:29:54 Event: ULOG_EXECUTE for HTCondor Node C_W15_LI_M0_A00_S4_F0 (6053629.0.0) {08/17/26 01:29:50}
08/17/26 01:29:55 Number of idle job procs: 17
08/17/26 01:29:55 Event: ULOG_EXECUTE for HTCondor Node C_W15_LI_M0_A00_S1_F0 (6053630.0.0) {08/17/26 01:29:50}
08/17/26 01:29:55 Number of idle job procs: 16
08/17/26 01:29:55 Event: ULOG_EXECUTE for HTCondor Node C_W15_II_M0_A00_S5_F0 (6053635.0.0) {08/17/26 01:29:51}
08/17/26 01:29:55 Number of idle job procs: 15
08/17/26 01:29:55 Event: ULOG_EXECUTE for HTCondor Node C_W15_HL_M0_A00_S1_F0 (6053634.0.0) {08/17/26 01:29:52}
08/17/26 01:29:55 Number of idle job procs: 14
08/17/26 01:29:55 Event: ULOG_EXECUTE for HTCondor Node C_W15_IL_M0_A00_S4_F0 (6053645.0.0) {08/17/26 01:29:54}
08/17/26 01:29:55 Number of idle job procs: 13
08/17/26 01:29:55 Event: ULOG_EXECUTE for HTCondor Node C_W15_IL_M0_A00_S6_F0 (6053643.0.0) {08/17/26 01:29:54}
08/17/26 01:29:55 Number of idle job procs: 12
08/17/26 01:29:55 Event: ULOG_EXECUTE for HTCondor Node C_W15_HL_M0_A00_S5_F0 (6053642.0.0) {08/17/26 01:29:54}
08/17/26 01:29:55 Number of idle job procs: 11
08/17/26 01:30:00 Currently monitoring 1 HTCondor log file(s)
08/17/26 01:30:00 Event: ULOG_EXECUTE for HTCondor Node C_W15_LH_M0_A00_S6_F0 (6053644.0.0) {08/17/26 01:29:55}
08/17/26 01:30:00 Number of idle job procs: 10
08/17/26 01:30:00 Event: ULOG_EXECUTE for HTCondor Node C_W15_LH_M0_A00_S1_F0 (6053650.0.0) {08/17/26 01:29:56}
08/17/26 01:30:00 Number of idle job procs: 9
08/17/26 01:30:00 Event: ULOG_EXECUTE for HTCondor Node C_W15_LH_M0_A00_S7_F0 (6053654.0.0) {08/17/26 01:29:57}
08/17/26 01:30:00 Number of idle job procs: 8
08/17/26 01:30:00 Event: ULOG_EXECUTE for HTCondor Node C_W15_LH_M0_A00_S5_F0 (6053655.0.0) {08/17/26 01:29:57}
08/17/26 01:30:00 Number of idle job procs: 7
08/17/26 01:30:00 Event: ULOG_EXECUTE for HTCondor Node C_W15_HL_M0_A00_S2_F0 (6053657.0.0) {08/17/26 01:29:58}
08/17/26 01:30:00 Number of idle job procs: 6
08/17/26 01:30:05 Currently monitoring 1 HTCondor log file(s)
08/17/26 01:30:05 Event: ULOG_EXECUTE for HTCondor Node C_W15_LH_M0_A00_S4_F0 (6053661.0.0) {08/17/26 01:30:01}
08/17/26 01:30:05 Number of idle job procs: 5
08/17/26 01:30:05 Event: ULOG_EXECUTE for HTCondor Node C_W15_HL_M0_A00_S6_F0 (6053656.0.0) {08/17/26 01:30:01}
08/17/26 01:30:05 Number of idle job procs: 4
08/17/26 01:30:05 Event: ULOG_EXECUTE for HTCondor Node C_W15_LH_M0_A00_S2_F0 (6053646.0.0) {08/17/26 01:30:01}
08/17/26 01:30:05 Number of idle job procs: 3
08/17/26 01:30:05 Event: ULOG_EXECUTE for HTCondor Node C_W15_II_M0_A00_S4_F0 (6053649.0.0) {08/17/26 01:30:02}
08/17/26 01:30:05 Number of idle job procs: 2
08/17/26 01:30:05 Event: ULOG_EXECUTE for HTCondor Node C_W15_LI_M0_A00_S0_F0 (6053648.0.0) {08/17/26 01:30:02}
08/17/26 01:30:05 Number of idle job procs: 1
08/17/26 01:30:05 Event: ULOG_EXECUTE for HTCondor Node C_W15_II_M0_A00_S1_F0 (6053671.0.0) {08/17/26 01:30:03}
08/17/26 01:30:05 Number of idle job procs: 0
08/17/26 01:30:10 Currently monitoring 1 HTCondor log file(s)
08/17/26 01:30:10 Event: ULOG_JOB_TERMINATED for HTCondor Node P_W15_II_M0_A00_S6 (6053234.0.0) {08/17/26 01:30:09}
08/17/26 01:30:10 Number of idle job procs: 0
08/17/26 01:30:10 Node P_W15_II_M0_A00_S6 job proc (6053234.0.0) completed successfully.
08/17/26 01:30:10 Node P_W15_II_M0_A00_S6 job(s) have exited the queue
08/17/26 01:30:10 Event: ULOG_JOB_TERMINATED for HTCondor Node P_W15_HL_M0_A00_S0 (6053276.0.0) {08/17/26 01:30:10}
08/17/26 01:30:10 Number of idle job procs: 0
08/17/26 01:30:10 Node P_W15_HL_M0_A00_S0 job proc (6053276.0.0) completed successfully.
08/17/26 01:30:10 Node P_W15_HL_M0_A00_S0 job(s) have exited the queue
08/17/26 01:30:10 DAG status: 0 (DAG_STATUS_OK)
08/17/26 01:30:10 Of 432 nodes total:
08/17/26 01:30:10  Done     Pre   Queued    Post   Ready   Un-Ready   Failed   Futile
08/17/26 01:30:10   ===     ===      ===     ===     ===        ===      ===      ===
08/17/26 01:30:11   175       0      188       0       2         67        0        0
08/17/26 01:30:11 0 job proc(s) currently held
08/17/26 01:30:11 DAGMan Runtime Statistics: [EventCycleTimeAvg=0.438; EventCycleTimeMax=20.234; EventCycleTimeMin=0.000; EventCycleTimeStd=1.748; EventCycleTimeSum=72.653; SleepCycleTimeAvg=5.006; SleepCycleTimeMax=5.040; SleepCycleTimeMin=5.000; SleepCycleTimeStd=0.004; SleepCycleTimeSum=830.947; SubmitCycleTimeAvg=0.075; SubmitCycleTimeMax=2.749; SubmitCycleTimeMin=0.000; SubmitCycleTimeStd=0.268; SubmitCycleTimeSum=12.496; EventCycleTimeCount=166.000; SleepCycleTimeCount=166.000; SubmitCycleTimeCount=167.000; LogProcessCycleTimeAvg=0.442; LogProcessCycleTimeMax=20.234; LogProcessCycleTimeMin=0.006; LogProcessCycleTimeStd=1.978; LogProcessCycleTimeSum=53.008; LogProcessCycleTimeCount=120.000; ]
08/17/26 01:30:11 Total jobs placed to AP: 363
08/17/26 01:30:11      Idle     Held     Running     Successful     Failed
08/17/26 01:30:11       ===      ===         ===            ===        ===
08/17/26 01:30:11         0        0         188            175          0
08/17/26 01:30:16 Submitting HTCondor Node C_W15_II_M0_A00_S6_F0 job(s)...
08/17/26 01:30:16 Submitting node C_W15_II_M0_A00_S6_F0 from file /afs/cern.ch/user/c/cglenn/FCCWork/whizard/whizard_ttbar_spinpol/phase11_diagnostics/excess_weight_rootcause_v1/ttbar_restricted_region_suite_v1/regions/submissions/20260816T231425Z_U9region_core_W15_S8_np1_v1p0p1/region_child.sub using direct job submission
08/17/26 01:30:16 	assigned HTCondor ID (6053678.0.0)
08/17/26 01:30:16 Submitting HTCondor Node C_W15_HL_M0_A00_S0_F0 job(s)...
08/17/26 01:30:16 Submitting node C_W15_HL_M0_A00_S0_F0 from file /afs/cern.ch/user/c/cglenn/FCCWork/whizard/whizard_ttbar_spinpol/phase11_diagnostics/excess_weight_rootcause_v1/ttbar_restricted_region_suite_v1/regions/submissions/20260816T231425Z_U9region_core_W15_S8_np1_v1p0p1/region_child.sub using direct job submission
08/17/26 01:30:16 	assigned HTCondor ID (6053679.0.0)
08/17/26 01:30:16 Just submitted 2 jobs this cycle...
08/17/26 01:30:16 DAG status: 0 (DAG_STATUS_OK)
08/17/26 01:30:16 Of 432 nodes total:
08/17/26 01:30:16  Done     Pre   Queued    Post   Ready   Un-Ready   Failed   Futile
08/17/26 01:30:16   ===     ===      ===     ===     ===        ===      ===      ===
08/17/26 01:30:16   175       0      190       0       0         67        0        0
08/17/26 01:30:16 0 job proc(s) currently held
08/17/26 01:30:16 DAGMan Runtime Statistics: [EventCycleTimeAvg=0.437; EventCycleTimeMax=20.234; EventCycleTimeMin=0.000; EventCycleTimeStd=1.743; EventCycleTimeSum=73.000; SleepCycleTimeAvg=5.006; SleepCycleTimeMax=5.040; SleepCycleTimeMin=5.000; SleepCycleTimeStd=0.004; SleepCycleTimeSum=835.954; SubmitCycleTimeAvg=0.075; SubmitCycleTimeMax=2.749; SubmitCycleTimeMin=0.000; SubmitCycleTimeStd=0.267; SubmitCycleTimeSum=12.596; EventCycleTimeCount=167.000; SleepCycleTimeCount=167.000; SubmitCycleTimeCount=168.000; LogProcessCycleTimeAvg=0.442; LogProcessCycleTimeMax=20.234; LogProcessCycleTimeMin=0.006; LogProcessCycleTimeStd=1.978; LogProcessCycleTimeSum=53.008; LogProcessCycleTimeCount=120.000; ]
08/17/26 01:30:21 Currently monitoring 1 HTCondor log file(s)
08/17/26 01:30:21 Reassigning the id of job C_W15_II_M0_A00_S6_F0 from (6053678.0.0) to (6053678.0.0)
08/17/26 01:30:21 Event: ULOG_SUBMIT for HTCondor Node C_W15_II_M0_A00_S6_F0 (6053678.0.0) {08/17/26 01:30:16}
08/17/26 01:30:21 Number of idle job procs: 1
08/17/26 01:30:21 Reassigning the id of job C_W15_HL_M0_A00_S0_F0 from (6053679.0.0) to (6053679.0.0)
08/17/26 01:30:21 Event: ULOG_SUBMIT for HTCondor Node C_W15_HL_M0_A00_S0_F0 (6053679.0.0) {08/17/26 01:30:16}
08/17/26 01:30:21 Number of idle job procs: 2
08/17/26 01:30:21 Event: ULOG_JOB_TERMINATED for HTCondor Node P_W15_II_M0_A00_S0 (6053228.0.0) {08/17/26 01:30:18}
08/17/26 01:30:21 Number of idle job procs: 2
08/17/26 01:30:21 Node P_W15_II_M0_A00_S0 job proc (6053228.0.0) completed successfully.
08/17/26 01:30:21 Node P_W15_II_M0_A00_S0 job(s) have exited the queue
08/17/26 01:30:21 DAG status: 0 (DAG_STATUS_OK)
08/17/26 01:30:21 Of 432 nodes total:
08/17/26 01:30:21  Done     Pre   Queued    Post   Ready   Un-Ready   Failed   Futile
08/17/26 01:30:21   ===     ===      ===     ===     ===        ===      ===      ===
08/17/26 01:30:21   176       0      189       0       1         66        0        0
08/17/26 01:30:21 0 job proc(s) currently held
08/17/26 01:30:21 DAGMan Runtime Statistics: [EventCycleTimeAvg=0.436; EventCycleTimeMax=20.234; EventCycleTimeMin=0.000; EventCycleTimeStd=1.738; EventCycleTimeSum=73.203; SleepCycleTimeAvg=5.006; SleepCycleTimeMax=5.040; SleepCycleTimeMin=5.000; SleepCycleTimeStd=0.004; SleepCycleTimeSum=840.956; SubmitCycleTimeAvg=0.075; SubmitCycleTimeMax=2.749; SubmitCycleTimeMin=0.000; SubmitCycleTimeStd=0.267; SubmitCycleTimeSum=12.596; EventCycleTimeCount=168.000; SleepCycleTimeCount=168.000; SubmitCycleTimeCount=169.000; LogProcessCycleTimeAvg=0.439; LogProcessCycleTimeMax=20.234; LogProcessCycleTimeMin=0.006; LogProcessCycleTimeStd=1.970; LogProcessCycleTimeSum=53.131; LogProcessCycleTimeCount=121.000; ]
08/17/26 01:30:26 Submitting HTCondor Node C_W15_II_M0_A00_S0_F0 job(s)...
08/17/26 01:30:26 Submitting node C_W15_II_M0_A00_S0_F0 from file /afs/cern.ch/user/c/cglenn/FCCWork/whizard/whizard_ttbar_spinpol/phase11_diagnostics/excess_weight_rootcause_v1/ttbar_restricted_region_suite_v1/regions/submissions/20260816T231425Z_U9region_core_W15_S8_np1_v1p0p1/region_child.sub using direct job submission
08/17/26 01:30:26 	assigned HTCondor ID (6053680.0.0)
08/17/26 01:30:26 Just submitted 1 job this cycle...
08/17/26 01:30:26 DAG status: 0 (DAG_STATUS_OK)
08/17/26 01:30:26 Of 432 nodes total:
08/17/26 01:30:26  Done     Pre   Queued    Post   Ready   Un-Ready   Failed   Futile
08/17/26 01:30:26   ===     ===      ===     ===     ===        ===      ===      ===
08/17/26 01:30:26   176       0      190       0       0         66        0        0
08/17/26 01:30:26 0 job proc(s) currently held
08/17/26 01:30:26 DAGMan Runtime Statistics: [EventCycleTimeAvg=0.434; EventCycleTimeMax=20.234; EventCycleTimeMin=0.000; EventCycleTimeStd=1.733; EventCycleTimeSum=73.403; SleepCycleTimeAvg=5.006; SleepCycleTimeMax=5.040; SleepCycleTimeMin=5.000; SleepCycleTimeStd=0.004; SleepCycleTimeSum=845.959; SubmitCycleTimeAvg=0.074; SubmitCycleTimeMax=2.749; SubmitCycleTimeMin=0.000; SubmitCycleTimeStd=0.266; SubmitCycleTimeSum=12.647; EventCycleTimeCount=169.000; SleepCycleTimeCount=169.000; SubmitCycleTimeCount=170.000; LogProcessCycleTimeAvg=0.439; LogProcessCycleTimeMax=20.234; LogProcessCycleTimeMin=0.006; LogProcessCycleTimeStd=1.970; LogProcessCycleTimeSum=53.131; LogProcessCycleTimeCount=121.000; ]
08/17/26 01:30:31 Currently monitoring 1 HTCondor log file(s)
08/17/26 01:30:31 Reassigning the id of job C_W15_II_M0_A00_S0_F0 from (6053680.0.0) to (6053680.0.0)
08/17/26 01:30:31 Event: ULOG_SUBMIT for HTCondor Node C_W15_II_M0_A00_S0_F0 (6053680.0.0) {08/17/26 01:30:26}
08/17/26 01:30:31 Number of idle job procs: 3
08/17/26 01:30:36 Currently monitoring 1 HTCondor log file(s)
08/17/26 01:30:36 Event: ULOG_JOB_TERMINATED for HTCondor Node C_W15_HI_M0_A00_S5_F0 (6053413.0.0) {08/17/26 01:30:34}
08/17/26 01:30:36 Number of idle job procs: 3
08/17/26 01:30:36 Node C_W15_HI_M0_A00_S5_F0 job proc (6053413.0.0) completed successfully.
08/17/26 01:30:36 Node C_W15_HI_M0_A00_S5_F0 job(s) have exited the queue
08/17/26 01:30:36 DAG status: 0 (DAG_STATUS_OK)
08/17/26 01:30:36 Of 432 nodes total:
08/17/26 01:30:36  Done     Pre   Queued    Post   Ready   Un-Ready   Failed   Futile
08/17/26 01:30:36   ===     ===      ===     ===     ===        ===      ===      ===
08/17/26 01:30:36   177       0      189       0       0         66        0        0
08/17/26 01:30:36 0 job proc(s) currently held
08/17/26 01:30:36 DAGMan Runtime Statistics: [EventCycleTimeAvg=0.430; EventCycleTimeMax=20.234; EventCycleTimeMin=0.000; EventCycleTimeStd=1.723; EventCycleTimeSum=73.613; SleepCycleTimeAvg=5.006; SleepCycleTimeMax=5.040; SleepCycleTimeMin=5.000; SleepCycleTimeStd=0.004; SleepCycleTimeSum=855.969; SubmitCycleTimeAvg=0.074; SubmitCycleTimeMax=2.749; SubmitCycleTimeMin=0.000; SubmitCycleTimeStd=0.264; SubmitCycleTimeSum=12.647; EventCycleTimeCount=171.000; SleepCycleTimeCount=171.000; SubmitCycleTimeCount=172.000; LogProcessCycleTimeAvg=0.433; LogProcessCycleTimeMax=20.234; LogProcessCycleTimeMin=0.006; LogProcessCycleTimeStd=1.954; LogProcessCycleTimeSum=53.235; LogProcessCycleTimeCount=123.000; ]
08/17/26 01:30:56 Currently monitoring 1 HTCondor log file(s)
08/17/26 01:30:56 Event: ULOG_EXECUTE for HTCondor Node C_W15_II_M0_A00_S6_F0 (6053678.0.0) {08/17/26 01:30:54}
08/17/26 01:30:56 Number of idle job procs: 2
08/17/26 01:30:56 Event: ULOG_EXECUTE for HTCondor Node C_W15_HL_M0_A00_S0_F0 (6053679.0.0) {08/17/26 01:30:54}
08/17/26 01:30:56 Number of idle job procs: 1
08/17/26 01:30:56 Event: ULOG_EXECUTE for HTCondor Node C_W15_II_M0_A00_S0_F0 (6053680.0.0) {08/17/26 01:30:56}
08/17/26 01:30:57 Number of idle job procs: 0
08/17/26 01:31:27 Currently monitoring 1 HTCondor log file(s)
08/17/26 01:31:27 Event: ULOG_JOB_TERMINATED for HTCondor Node P_W15_II_M0_A00_S3 (6053231.0.0) {08/17/26 01:31:24}
08/17/26 01:31:27 Number of idle job procs: 0
08/17/26 01:31:27 Node P_W15_II_M0_A00_S3 job proc (6053231.0.0) completed successfully.
08/17/26 01:31:27 Node P_W15_II_M0_A00_S3 job(s) have exited the queue
08/17/26 01:31:27 DAG status: 0 (DAG_STATUS_OK)
08/17/26 01:31:27 Of 432 nodes total:
08/17/26 01:31:27  Done     Pre   Queued    Post   Ready   Un-Ready   Failed   Futile
08/17/26 01:31:27   ===     ===      ===     ===     ===        ===      ===      ===
08/17/26 01:31:27   178       0      188       0       1         65        0        0
08/17/26 01:31:27 0 job proc(s) currently held
08/17/26 01:31:27 DAGMan Runtime Statistics: [EventCycleTimeAvg=0.408; EventCycleTimeMax=20.234; EventCycleTimeMin=0.000; EventCycleTimeStd=1.677; EventCycleTimeSum=73.838; SleepCycleTimeAvg=5.006; SleepCycleTimeMax=5.040; SleepCycleTimeMin=5.000; SleepCycleTimeStd=0.004; SleepCycleTimeSum=906.025; SubmitCycleTimeAvg=0.069; SubmitCycleTimeMax=2.749; SubmitCycleTimeMin=0.000; SubmitCycleTimeStd=0.258; SubmitCycleTimeSum=12.647; EventCycleTimeCount=181.000; SleepCycleTimeCount=181.000; SubmitCycleTimeCount=182.000; LogProcessCycleTimeAvg=0.427; LogProcessCycleTimeMax=20.234; LogProcessCycleTimeMin=0.006; LogProcessCycleTimeStd=1.939; LogProcessCycleTimeSum=53.378; LogProcessCycleTimeCount=125.000; ]
08/17/26 01:31:32 Submitting HTCondor Node C_W15_II_M0_A00_S3_F0 job(s)...
08/17/26 01:31:32 Submitting node C_W15_II_M0_A00_S3_F0 from file /afs/cern.ch/user/c/cglenn/FCCWork/whizard/whizard_ttbar_spinpol/phase11_diagnostics/excess_weight_rootcause_v1/ttbar_restricted_region_suite_v1/regions/submissions/20260816T231425Z_U9region_core_W15_S8_np1_v1p0p1/region_child.sub using direct job submission
08/17/26 01:31:32 	assigned HTCondor ID (6053696.0.0)
08/17/26 01:31:32 Just submitted 1 job this cycle...
08/17/26 01:31:32 Currently monitoring 1 HTCondor log file(s)
08/17/26 01:31:32 Event: ULOG_JOB_TERMINATED for HTCondor Node C_W15_IH_M2_A10_S7_F2 (6053351.0.0) {08/17/26 01:31:32}
08/17/26 01:31:32 Number of idle job procs: 0
08/17/26 01:31:32 Node C_W15_IH_M2_A10_S7_F2 job proc (6053351.0.0) completed successfully.
08/17/26 01:31:32 Node C_W15_IH_M2_A10_S7_F2 job(s) have exited the queue
08/17/26 01:31:32 Reassigning the id of job C_W15_II_M0_A00_S3_F0 from (6053696.0.0) to (6053696.0.0)
08/17/26 01:31:32 Event: ULOG_SUBMIT for HTCondor Node C_W15_II_M0_A00_S3_F0 (6053696.0.0) {08/17/26 01:31:32}
08/17/26 01:31:32 Number of idle job procs: 1
08/17/26 01:31:32 DAG status: 0 (DAG_STATUS_OK)
08/17/26 01:31:32 Of 432 nodes total:
08/17/26 01:31:32  Done     Pre   Queued    Post   Ready   Un-Ready   Failed   Futile
08/17/26 01:31:32   ===     ===      ===     ===     ===        ===      ===      ===
08/17/26 01:31:32   179       0      188       0       0         65        0        0
08/17/26 01:31:32 0 job proc(s) currently held
08/17/26 01:31:32 DAGMan Runtime Statistics: [EventCycleTimeAvg=0.406; EventCycleTimeMax=20.234; EventCycleTimeMin=0.000; EventCycleTimeStd=1.673; EventCycleTimeSum=73.973; SleepCycleTimeAvg=5.006; SleepCycleTimeMax=5.040; SleepCycleTimeMin=5.000; SleepCycleTimeStd=0.004; SleepCycleTimeSum=911.030; SubmitCycleTimeAvg=0.069; SubmitCycleTimeMax=2.749; SubmitCycleTimeMin=0.000; SubmitCycleTimeStd=0.257; SubmitCycleTimeSum=12.702; EventCycleTimeCount=182.000; SleepCycleTimeCount=182.000; SubmitCycleTimeCount=183.000; LogProcessCycleTimeAvg=0.424; LogProcessCycleTimeMax=20.234; LogProcessCycleTimeMin=0.006; LogProcessCycleTimeStd=1.931; LogProcessCycleTimeSum=53.477; LogProcessCycleTimeCount=126.000; ]
08/17/26 01:31:37 Currently monitoring 1 HTCondor log file(s)
08/17/26 01:32:47 Currently monitoring 1 HTCondor log file(s)
08/17/26 01:32:47 Event: ULOG_EXECUTE for HTCondor Node C_W15_II_M0_A00_S3_F0 (6053696.0.0) {08/17/26 01:32:45}
08/17/26 01:32:47 Number of idle job procs: 0
08/17/26 01:33:52 Currently monitoring 1 HTCondor log file(s)
08/17/26 01:33:52 Event: ULOG_JOB_TERMINATED for HTCondor Node P_W15_HI_M1_A07_S2 (6053310.0.0) {08/17/26 01:33:48}
08/17/26 01:33:52 Number of idle job procs: 0
08/17/26 01:33:52 Node P_W15_HI_M1_A07_S2 job proc (6053310.0.0) completed successfully.
08/17/26 01:33:52 Node P_W15_HI_M1_A07_S2 job(s) have exited the queue
08/17/26 01:33:52 DAG status: 0 (DAG_STATUS_OK)
08/17/26 01:33:52 Of 432 nodes total:
08/17/26 01:33:52  Done     Pre   Queued    Post   Ready   Un-Ready   Failed   Futile
08/17/26 01:33:52   ===     ===      ===     ===     ===        ===      ===      ===
08/17/26 01:33:52   180       0      187       0       1         64        0        0
08/17/26 01:33:52 0 job proc(s) currently held
08/17/26 01:33:52 DAGMan Runtime Statistics: [EventCycleTimeAvg=0.354; EventCycleTimeMax=20.234; EventCycleTimeMin=0.000; EventCycleTimeStd=1.562; EventCycleTimeSum=74.291; SleepCycleTimeAvg=5.006; SleepCycleTimeMax=5.040; SleepCycleTimeMin=5.000; SleepCycleTimeStd=0.004; SleepCycleTimeSum=1051.166; SubmitCycleTimeAvg=0.060; SubmitCycleTimeMax=2.749; SubmitCycleTimeMin=0.000; SubmitCycleTimeStd=0.240; SubmitCycleTimeSum=12.702; EventCycleTimeCount=210.000; SleepCycleTimeCount=210.000; SubmitCycleTimeCount=211.000; LogProcessCycleTimeAvg=0.416; LogProcessCycleTimeMax=20.234; LogProcessCycleTimeMin=0.006; LogProcessCycleTimeStd=1.909; LogProcessCycleTimeSum=53.604; LogProcessCycleTimeCount=129.000; ]
08/17/26 01:33:57 Submitting HTCondor Node C_W15_HI_M1_A07_S2_F0 job(s)...
08/17/26 01:33:57 Submitting node C_W15_HI_M1_A07_S2_F0 from file /afs/cern.ch/user/c/cglenn/FCCWork/whizard/whizard_ttbar_spinpol/phase11_diagnostics/excess_weight_rootcause_v1/ttbar_restricted_region_suite_v1/regions/submissions/20260816T231425Z_U9region_core_W15_S8_np1_v1p0p1/region_child.sub using direct job submission
08/17/26 01:33:57 	assigned HTCondor ID (6053721.0.0)
08/17/26 01:33:57 Just submitted 1 job this cycle...
08/17/26 01:33:57 DAG status: 0 (DAG_STATUS_OK)
08/17/26 01:33:57 Of 432 nodes total:
08/17/26 01:33:57  Done     Pre   Queued    Post   Ready   Un-Ready   Failed   Futile
08/17/26 01:33:57   ===     ===      ===     ===     ===        ===      ===      ===
08/17/26 01:33:57   180       0      188       0       0         64        0        0
08/17/26 01:33:57 0 job proc(s) currently held
08/17/26 01:33:57 DAGMan Runtime Statistics: [EventCycleTimeAvg=0.353; EventCycleTimeMax=20.234; EventCycleTimeMin=0.000; EventCycleTimeStd=1.559; EventCycleTimeSum=74.434; SleepCycleTimeAvg=5.006; SleepCycleTimeMax=5.040; SleepCycleTimeMin=5.000; SleepCycleTimeStd=0.004; SleepCycleTimeSum=1056.172; SubmitCycleTimeAvg=0.060; SubmitCycleTimeMax=2.749; SubmitCycleTimeMin=0.000; SubmitCycleTimeStd=0.240; SubmitCycleTimeSum=12.757; EventCycleTimeCount=211.000; SleepCycleTimeCount=211.000; SubmitCycleTimeCount=212.000; LogProcessCycleTimeAvg=0.416; LogProcessCycleTimeMax=20.234; LogProcessCycleTimeMin=0.006; LogProcessCycleTimeStd=1.909; LogProcessCycleTimeSum=53.604; LogProcessCycleTimeCount=129.000; ]
08/17/26 01:34:02 Currently monitoring 1 HTCondor log file(s)
08/17/26 01:34:02 Reassigning the id of job C_W15_HI_M1_A07_S2_F0 from (6053721.0.0) to (6053721.0.0)
08/17/26 01:34:02 Event: ULOG_SUBMIT for HTCondor Node C_W15_HI_M1_A07_S2_F0 (6053721.0.0) {08/17/26 01:33:57}
08/17/26 01:34:02 Number of idle job procs: 1
08/17/26 01:34:03 Event: ULOG_JOB_TERMINATED for HTCondor Node P_W15_HI_M1_A07_S6 (6053314.0.0) {08/17/26 01:33:59}
08/17/26 01:34:03 Number of idle job procs: 1
08/17/26 01:34:03 Node P_W15_HI_M1_A07_S6 job proc (6053314.0.0) completed successfully.
08/17/26 01:34:03 Node P_W15_HI_M1_A07_S6 job(s) have exited the queue
08/17/26 01:34:03 Event: ULOG_JOB_TERMINATED for HTCondor Node P_W15_II_M0_A00_S7 (6053235.0.0) {08/17/26 01:34:00}
08/17/26 01:34:03 Number of idle job procs: 1
08/17/26 01:34:03 Node P_W15_II_M0_A00_S7 job proc (6053235.0.0) completed successfully.
08/17/26 01:34:03 Node P_W15_II_M0_A00_S7 job(s) have exited the queue
08/17/26 01:34:03 DAG status: 0 (DAG_STATUS_OK)
08/17/26 01:34:03 Of 432 nodes total:
08/17/26 01:34:03  Done     Pre   Queued    Post   Ready   Un-Ready   Failed   Futile
08/17/26 01:34:03   ===     ===      ===     ===     ===        ===      ===      ===
08/17/26 01:34:03   182       0      186       0       2         62        0        0
08/17/26 01:34:03 0 job proc(s) currently held
08/17/26 01:34:03 DAGMan Runtime Statistics: [EventCycleTimeAvg=0.352; EventCycleTimeMax=20.234; EventCycleTimeMin=0.000; EventCycleTimeStd=1.555; EventCycleTimeSum=74.585; SleepCycleTimeAvg=5.006; SleepCycleTimeMax=5.040; SleepCycleTimeMin=5.000; SleepCycleTimeStd=0.004; SleepCycleTimeSum=1061.177; SubmitCycleTimeAvg=0.060; SubmitCycleTimeMax=2.749; SubmitCycleTimeMin=0.000; SubmitCycleTimeStd=0.239; SubmitCycleTimeSum=12.757; EventCycleTimeCount=212.000; SleepCycleTimeCount=212.000; SubmitCycleTimeCount=213.000; LogProcessCycleTimeAvg=0.413; LogProcessCycleTimeMax=20.234; LogProcessCycleTimeMin=0.006; LogProcessCycleTimeStd=1.902; LogProcessCycleTimeSum=53.746; LogProcessCycleTimeCount=130.000; ]
08/17/26 01:34:08 Submitting HTCondor Node C_W15_HI_M1_A07_S6_F0 job(s)...
08/17/26 01:34:08 Submitting node C_W15_HI_M1_A07_S6_F0 from file /afs/cern.ch/user/c/cglenn/FCCWork/whizard/whizard_ttbar_spinpol/phase11_diagnostics/excess_weight_rootcause_v1/ttbar_restricted_region_suite_v1/regions/submissions/20260816T231425Z_U9region_core_W15_S8_np1_v1p0p1/region_child.sub using direct job submission
08/17/26 01:34:08 	assigned HTCondor ID (6053722.0.0)
08/17/26 01:34:08 Submitting HTCondor Node C_W15_II_M0_A00_S7_F0 job(s)...
08/17/26 01:34:08 Submitting node C_W15_II_M0_A00_S7_F0 from file /afs/cern.ch/user/c/cglenn/FCCWork/whizard/whizard_ttbar_spinpol/phase11_diagnostics/excess_weight_rootcause_v1/ttbar_restricted_region_suite_v1/regions/submissions/20260816T231425Z_U9region_core_W15_S8_np1_v1p0p1/region_child.sub using direct job submission
08/17/26 01:34:08 	assigned HTCondor ID (6053723.0.0)
08/17/26 01:34:08 Just submitted 2 jobs this cycle...
08/17/26 01:34:08 Currently monitoring 1 HTCondor log file(s)
08/17/26 01:34:08 Event: ULOG_EXECUTE for HTCondor Node C_W15_HI_M1_A07_S2_F0 (6053721.0.0) {08/17/26 01:34:04}
08/17/26 01:34:08 Number of idle job procs: 0
08/17/26 01:34:08 Reassigning the id of job C_W15_HI_M1_A07_S6_F0 from (6053722.0.0) to (6053722.0.0)
08/17/26 01:34:08 Event: ULOG_SUBMIT for HTCondor Node C_W15_HI_M1_A07_S6_F0 (6053722.0.0) {08/17/26 01:34:08}
08/17/26 01:34:08 Number of idle job procs: 1
08/17/26 01:34:08 Reassigning the id of job C_W15_II_M0_A00_S7_F0 from (6053723.0.0) to (6053723.0.0)
08/17/26 01:34:08 Event: ULOG_SUBMIT for HTCondor Node C_W15_II_M0_A00_S7_F0 (6053723.0.0) {08/17/26 01:34:08}
08/17/26 01:34:08 Number of idle job procs: 2
08/17/26 01:34:08 DAG status: 0 (DAG_STATUS_OK)
08/17/26 01:34:08 Of 432 nodes total:
08/17/26 01:34:08  Done     Pre   Queued    Post   Ready   Un-Ready   Failed   Futile
08/17/26 01:34:08   ===     ===      ===     ===     ===        ===      ===      ===
08/17/26 01:34:08   182       0      188       0       0         62        0        0
08/17/26 01:34:08 0 job proc(s) currently held
08/17/26 01:34:08 DAGMan Runtime Statistics: [EventCycleTimeAvg=0.351; EventCycleTimeMax=20.234; EventCycleTimeMin=0.000; EventCycleTimeStd=1.551; EventCycleTimeSum=74.812; SleepCycleTimeAvg=5.006; SleepCycleTimeMax=5.040; SleepCycleTimeMin=5.000; SleepCycleTimeStd=0.004; SleepCycleTimeSum=1066.189; SubmitCycleTimeAvg=0.060; SubmitCycleTimeMax=2.749; SubmitCycleTimeMin=0.000; SubmitCycleTimeStd=0.239; SubmitCycleTimeSum=12.834; EventCycleTimeCount=213.000; SleepCycleTimeCount=213.000; SubmitCycleTimeCount=214.000; LogProcessCycleTimeAvg=0.410; LogProcessCycleTimeMax=20.234; LogProcessCycleTimeMin=0.006; LogProcessCycleTimeStd=1.895; LogProcessCycleTimeSum=53.758; LogProcessCycleTimeCount=131.000; ]
08/17/26 01:34:13 Currently monitoring 1 HTCondor log file(s)
08/17/26 01:34:13 Event: ULOG_JOB_TERMINATED for HTCondor Node C_W15_HI_M2_A10_S6_F2 (6053366.0.0) {08/17/26 01:34:08}
08/17/26 01:34:13 Number of idle job procs: 2
08/17/26 01:34:13 Node C_W15_HI_M2_A10_S6_F2 job proc (6053366.0.0) completed successfully.
08/17/26 01:34:13 Node C_W15_HI_M2_A10_S6_F2 job(s) have exited the queue
08/17/26 01:34:13 Event: ULOG_EXECUTE for HTCondor Node C_W15_HI_M1_A07_S6_F0 (6053722.0.0) {08/17/26 01:34:09}
08/17/26 01:34:13 Number of idle job procs: 1
08/17/26 01:34:13 DAG status: 0 (DAG_STATUS_OK)
08/17/26 01:34:13 Of 432 nodes total:
08/17/26 01:34:13  Done     Pre   Queued    Post   Ready   Un-Ready   Failed   Futile
08/17/26 01:34:13   ===     ===      ===     ===     ===        ===      ===      ===
08/17/26 01:34:13   183       0      187       0       0         62        0        0
08/17/26 01:34:13 0 job proc(s) currently held
08/17/26 01:34:13 DAGMan Runtime Statistics: [EventCycleTimeAvg=0.350; EventCycleTimeMax=20.234; EventCycleTimeMin=0.000; EventCycleTimeStd=1.548; EventCycleTimeSum=74.910; SleepCycleTimeAvg=5.006; SleepCycleTimeMax=5.040; SleepCycleTimeMin=5.000; SleepCycleTimeStd=0.004; SleepCycleTimeSum=1071.198; SubmitCycleTimeAvg=0.060; SubmitCycleTimeMax=2.749; SubmitCycleTimeMin=0.000; SubmitCycleTimeStd=0.238; SubmitCycleTimeSum=12.834; EventCycleTimeCount=214.000; SleepCycleTimeCount=214.000; SubmitCycleTimeCount=215.000; LogProcessCycleTimeAvg=0.407; LogProcessCycleTimeMax=20.234; LogProcessCycleTimeMin=0.006; LogProcessCycleTimeStd=1.888; LogProcessCycleTimeSum=53.764; LogProcessCycleTimeCount=132.000; ]
08/17/26 01:34:58 Currently monitoring 1 HTCondor log file(s)
08/17/26 01:34:58 Event: ULOG_JOB_TERMINATED for HTCondor Node C_W15_IH_M2_A10_S5_F2 (6053379.0.0) {08/17/26 01:34:57}
08/17/26 01:34:58 Number of idle job procs: 1
08/17/26 01:34:58 Node C_W15_IH_M2_A10_S5_F2 job proc (6053379.0.0) completed successfully.
08/17/26 01:34:58 Node C_W15_IH_M2_A10_S5_F2 job(s) have exited the queue
08/17/26 01:34:58 DAG status: 0 (DAG_STATUS_OK)
08/17/26 01:34:58 Of 432 nodes total:
08/17/26 01:34:58  Done     Pre   Queued    Post   Ready   Un-Ready   Failed   Futile
08/17/26 01:34:58   ===     ===      ===     ===     ===        ===      ===      ===
08/17/26 01:34:58   184       0      186       0       0         62        0        0
08/17/26 01:34:58 0 job proc(s) currently held
08/17/26 01:34:58 DAGMan Runtime Statistics: [EventCycleTimeAvg=0.336; EventCycleTimeMax=20.234; EventCycleTimeMin=0.000; EventCycleTimeStd=1.518; EventCycleTimeSum=74.922; SleepCycleTimeAvg=5.006; SleepCycleTimeMax=5.040; SleepCycleTimeMin=5.000; SleepCycleTimeStd=0.004; SleepCycleTimeSum=1116.244; SubmitCycleTimeAvg=0.057; SubmitCycleTimeMax=2.749; SubmitCycleTimeMin=0.000; SubmitCycleTimeStd=0.234; SubmitCycleTimeSum=12.834; EventCycleTimeCount=223.000; SleepCycleTimeCount=223.000; SubmitCycleTimeCount=224.000; LogProcessCycleTimeAvg=0.404; LogProcessCycleTimeMax=20.234; LogProcessCycleTimeMin=0.005; LogProcessCycleTimeStd=1.881; LogProcessCycleTimeSum=53.769; LogProcessCycleTimeCount=133.000; ]
08/17/26 01:35:08 Currently monitoring 1 HTCondor log file(s)
08/17/26 01:35:08 Event: ULOG_EXECUTE for HTCondor Node C_W15_II_M0_A00_S7_F0 (6053723.0.0) {08/17/26 01:35:04}
08/17/26 01:35:08 Number of idle job procs: 0
08/17/26 01:35:58 Currently monitoring 1 HTCondor log file(s)
08/17/26 01:35:58 Event: ULOG_JOB_TERMINATED for HTCondor Node C_W15_IH_M2_A10_S4_F2 (6053387.0.0) {08/17/26 01:35:56}
08/17/26 01:35:58 Number of idle job procs: 0
08/17/26 01:35:58 Node C_W15_IH_M2_A10_S4_F2 job proc (6053387.0.0) completed successfully.
08/17/26 01:35:58 Node C_W15_IH_M2_A10_S4_F2 job(s) have exited the queue
08/17/26 01:35:58 DAG status: 0 (DAG_STATUS_OK)
08/17/26 01:35:58 Of 432 nodes total:
08/17/26 01:35:58  Done     Pre   Queued    Post   Ready   Un-Ready   Failed   Futile
08/17/26 01:35:58   ===     ===      ===     ===     ===        ===      ===      ===
08/17/26 01:35:58   185       0      185       0       0         62        0        0
08/17/26 01:35:58 0 job proc(s) currently held
08/17/26 01:35:58 DAGMan Runtime Statistics: [EventCycleTimeAvg=0.319; EventCycleTimeMax=20.234; EventCycleTimeMin=0.000; EventCycleTimeStd=1.480; EventCycleTimeSum=74.945; SleepCycleTimeAvg=5.006; SleepCycleTimeMax=5.040; SleepCycleTimeMin=5.000; SleepCycleTimeStd=0.004; SleepCycleTimeSum=1176.306; SubmitCycleTimeAvg=0.054; SubmitCycleTimeMax=2.749; SubmitCycleTimeMin=0.000; SubmitCycleTimeStd=0.228; SubmitCycleTimeSum=12.834; EventCycleTimeCount=235.000; SleepCycleTimeCount=235.000; SubmitCycleTimeCount=236.000; LogProcessCycleTimeAvg=0.398; LogProcessCycleTimeMax=20.234; LogProcessCycleTimeMin=0.004; LogProcessCycleTimeStd=1.868; LogProcessCycleTimeSum=53.781; LogProcessCycleTimeCount=135.000; ]
08/17/26 01:37:38 Currently monitoring 1 HTCondor log file(s)
08/17/26 01:37:38 Event: ULOG_JOB_TERMINATED for HTCondor Node C_W15_HI_M0_A00_S3_F0 (6053581.0.0) {08/17/26 01:37:35}
08/17/26 01:37:38 Number of idle job procs: 0
08/17/26 01:37:38 Node C_W15_HI_M0_A00_S3_F0 job proc (6053581.0.0) completed successfully.
08/17/26 01:37:38 Node C_W15_HI_M0_A00_S3_F0 job(s) have exited the queue
08/17/26 01:37:38 DAG status: 0 (DAG_STATUS_OK)
08/17/26 01:37:38 Of 432 nodes total:
08/17/26 01:37:38  Done     Pre   Queued    Post   Ready   Un-Ready   Failed   Futile
08/17/26 01:37:38   ===     ===      ===     ===     ===        ===      ===      ===
08/17/26 01:37:38   186       0      184       0       0         62        0        0
08/17/26 01:37:38 0 job proc(s) currently held
08/17/26 01:37:38 DAGMan Runtime Statistics: [EventCycleTimeAvg=0.294; EventCycleTimeMax=20.234; EventCycleTimeMin=0.000; EventCycleTimeStd=1.423; EventCycleTimeSum=74.966; SleepCycleTimeAvg=5.006; SleepCycleTimeMax=5.040; SleepCycleTimeMin=5.000; SleepCycleTimeStd=0.003; SleepCycleTimeSum=1276.410; SubmitCycleTimeAvg=0.050; SubmitCycleTimeMax=2.749; SubmitCycleTimeMin=0.000; SubmitCycleTimeStd=0.219; SubmitCycleTimeSum=12.834; EventCycleTimeCount=255.000; SleepCycleTimeCount=255.000; SubmitCycleTimeCount=256.000; LogProcessCycleTimeAvg=0.395; LogProcessCycleTimeMax=20.234; LogProcessCycleTimeMin=0.004; LogProcessCycleTimeStd=1.861; LogProcessCycleTimeSum=53.787; LogProcessCycleTimeCount=136.000; ]
08/17/26 01:37:53 Currently monitoring 1 HTCondor log file(s)
08/17/26 01:37:53 Event: ULOG_JOB_TERMINATED for HTCondor Node C_W15_IH_M2_A10_S0_F2 (6053349.0.0) {08/17/26 01:37:51}
08/17/26 01:37:53 Number of idle job procs: 0
08/17/26 01:37:53 Node C_W15_IH_M2_A10_S0_F2 job proc (6053349.0.0) completed successfully.
08/17/26 01:37:53 Node C_W15_IH_M2_A10_S0_F2 job(s) have exited the queue
08/17/26 01:37:53 DAG status: 0 (DAG_STATUS_OK)
08/17/26 01:37:53 Of 432 nodes total:
08/17/26 01:37:53  Done     Pre   Queued    Post   Ready   Un-Ready   Failed   Futile
08/17/26 01:37:53   ===     ===      ===     ===     ===        ===      ===      ===
08/17/26 01:37:53   187       0      183       0       0         62        0        0
08/17/26 01:37:53 0 job proc(s) currently held
08/17/26 01:37:53 DAGMan Runtime Statistics: [EventCycleTimeAvg=0.291; EventCycleTimeMax=20.234; EventCycleTimeMin=0.000; EventCycleTimeStd=1.415; EventCycleTimeSum=74.981; SleepCycleTimeAvg=5.006; SleepCycleTimeMax=5.040; SleepCycleTimeMin=5.000; SleepCycleTimeStd=0.003; SleepCycleTimeSum=1291.425; SubmitCycleTimeAvg=0.050; SubmitCycleTimeMax=2.749; SubmitCycleTimeMin=0.000; SubmitCycleTimeStd=0.218; SubmitCycleTimeSum=12.834; EventCycleTimeCount=258.000; SleepCycleTimeCount=258.000; SubmitCycleTimeCount=259.000; LogProcessCycleTimeAvg=0.393; LogProcessCycleTimeMax=20.234; LogProcessCycleTimeMin=0.004; LogProcessCycleTimeStd=1.855; LogProcessCycleTimeSum=53.795; LogProcessCycleTimeCount=137.000; ]
08/17/26 01:37:58 Currently monitoring 1 HTCondor log file(s)
08/17/26 01:37:58 Event: ULOG_JOB_TERMINATED for HTCondor Node C_W15_HI_M2_A10_S2_F2 (6053363.0.0) {08/17/26 01:37:55}
08/17/26 01:37:58 Number of idle job procs: 0
08/17/26 01:37:58 Node C_W15_HI_M2_A10_S2_F2 job proc (6053363.0.0) completed successfully.
08/17/26 01:37:58 Node C_W15_HI_M2_A10_S2_F2 job(s) have exited the queue
08/17/26 01:37:58 Event: ULOG_JOB_TERMINATED for HTCondor Node C_W15_IH_M2_A10_S3_F2 (6053368.0.0) {08/17/26 01:37:58}
08/17/26 01:37:58 Number of idle job procs: 0
08/17/26 01:37:58 Node C_W15_IH_M2_A10_S3_F2 job proc (6053368.0.0) completed successfully.
08/17/26 01:37:58 Node C_W15_IH_M2_A10_S3_F2 job(s) have exited the queue
08/17/26 01:37:58 DAG status: 0 (DAG_STATUS_OK)
08/17/26 01:37:58 Of 432 nodes total:
08/17/26 01:37:58  Done     Pre   Queued    Post   Ready   Un-Ready   Failed   Futile
08/17/26 01:37:58   ===     ===      ===     ===     ===        ===      ===      ===
08/17/26 01:37:58   189       0      181       0       0         62        0        0
08/17/26 01:37:58 0 job proc(s) currently held
08/17/26 01:37:58 DAGMan Runtime Statistics: [EventCycleTimeAvg=0.290; EventCycleTimeMax=20.234; EventCycleTimeMin=0.000; EventCycleTimeStd=1.413; EventCycleTimeSum=74.998; SleepCycleTimeAvg=5.006; SleepCycleTimeMax=5.040; SleepCycleTimeMin=5.000; SleepCycleTimeStd=0.003; SleepCycleTimeSum=1296.430; SubmitCycleTimeAvg=0.049; SubmitCycleTimeMax=2.749; SubmitCycleTimeMin=0.000; SubmitCycleTimeStd=0.218; SubmitCycleTimeSum=12.834; EventCycleTimeCount=259.000; SleepCycleTimeCount=259.000; SubmitCycleTimeCount=260.000; LogProcessCycleTimeAvg=0.390; LogProcessCycleTimeMax=20.234; LogProcessCycleTimeMin=0.004; LogProcessCycleTimeStd=1.848; LogProcessCycleTimeSum=53.809; LogProcessCycleTimeCount=138.000; ]
08/17/26 01:38:08 Currently monitoring 1 HTCondor log file(s)
08/17/26 01:38:08 Event: ULOG_JOB_TERMINATED for HTCondor Node C_W15_HI_M0_A00_S1_F0 (6053572.0.0) {08/17/26 01:38:05}
08/17/26 01:38:08 Number of idle job procs: 0
08/17/26 01:38:08 Node C_W15_HI_M0_A00_S1_F0 job proc (6053572.0.0) completed successfully.
08/17/26 01:38:08 Node C_W15_HI_M0_A00_S1_F0 job(s) have exited the queue
08/17/26 01:38:08 DAG status: 0 (DAG_STATUS_OK)
08/17/26 01:38:08 Of 432 nodes total:
08/17/26 01:38:08  Done     Pre   Queued    Post   Ready   Un-Ready   Failed   Futile
08/17/26 01:38:08   ===     ===      ===     ===     ===        ===      ===      ===
08/17/26 01:38:08   190       0      180       0       0         62        0        0
08/17/26 01:38:08 0 job proc(s) currently held
08/17/26 01:38:08 DAGMan Runtime Statistics: [EventCycleTimeAvg=0.287; EventCycleTimeMax=20.234; EventCycleTimeMin=0.000; EventCycleTimeStd=1.407; EventCycleTimeSum=75.025; SleepCycleTimeAvg=5.006; SleepCycleTimeMax=5.040; SleepCycleTimeMin=5.000; SleepCycleTimeStd=0.003; SleepCycleTimeSum=1306.441; SubmitCycleTimeAvg=0.049; SubmitCycleTimeMax=2.749; SubmitCycleTimeMin=0.000; SubmitCycleTimeStd=0.217; SubmitCycleTimeSum=12.834; EventCycleTimeCount=261.000; SleepCycleTimeCount=261.000; SubmitCycleTimeCount=262.000; LogProcessCycleTimeAvg=0.387; LogProcessCycleTimeMax=20.234; LogProcessCycleTimeMin=0.004; LogProcessCycleTimeStd=1.842; LogProcessCycleTimeSum=53.817; LogProcessCycleTimeCount=139.000; ]
08/17/26 01:38:33 Currently monitoring 1 HTCondor log file(s)
08/17/26 01:38:33 Event: ULOG_JOB_TERMINATED for HTCondor Node C_W15_IH_M0_A00_S5_F0 (6053569.0.0) {08/17/26 01:38:30}
08/17/26 01:38:33 Number of idle job procs: 0
08/17/26 01:38:33 Node C_W15_IH_M0_A00_S5_F0 job proc (6053569.0.0) completed successfully.
08/17/26 01:38:33 Node C_W15_IH_M0_A00_S5_F0 job(s) have exited the queue
08/17/26 01:38:33 DAG status: 0 (DAG_STATUS_OK)
08/17/26 01:38:33 Of 432 nodes total:
08/17/26 01:38:33  Done     Pre   Queued    Post   Ready   Un-Ready   Failed   Futile
08/17/26 01:38:33   ===     ===      ===     ===     ===        ===      ===      ===
08/17/26 01:38:33   191       0      179       0       0         62        0        0
08/17/26 01:38:33 0 job proc(s) currently held
08/17/26 01:38:33 DAGMan Runtime Statistics: [EventCycleTimeAvg=0.282; EventCycleTimeMax=20.234; EventCycleTimeMin=0.000; EventCycleTimeStd=1.395; EventCycleTimeSum=75.045; SleepCycleTimeAvg=5.006; SleepCycleTimeMax=5.040; SleepCycleTimeMin=5.000; SleepCycleTimeStd=0.003; SleepCycleTimeSum=1331.466; SubmitCycleTimeAvg=0.048; SubmitCycleTimeMax=2.749; SubmitCycleTimeMin=0.000; SubmitCycleTimeStd=0.215; SubmitCycleTimeSum=12.834; EventCycleTimeCount=266.000; SleepCycleTimeCount=266.000; SubmitCycleTimeCount=267.000; LogProcessCycleTimeAvg=0.384; LogProcessCycleTimeMax=20.234; LogProcessCycleTimeMin=0.004; LogProcessCycleTimeStd=1.835; LogProcessCycleTimeSum=53.826; LogProcessCycleTimeCount=140.000; ]
08/17/26 01:38:43 Currently monitoring 1 HTCondor log file(s)
08/17/26 01:38:43 Event: ULOG_JOB_TERMINATED for HTCondor Node C_W15_HI_M2_A10_S7_F2 (6053375.0.0) {08/17/26 01:38:39}
08/17/26 01:38:43 Number of idle job procs: 0
08/17/26 01:38:43 Node C_W15_HI_M2_A10_S7_F2 job proc (6053375.0.0) completed successfully.
08/17/26 01:38:43 Node C_W15_HI_M2_A10_S7_F2 job(s) have exited the queue
08/17/26 01:38:43 DAG status: 0 (DAG_STATUS_OK)
08/17/26 01:38:43 Of 432 nodes total:
08/17/26 01:38:43  Done     Pre   Queued    Post   Ready   Un-Ready   Failed   Futile
08/17/26 01:38:43   ===     ===      ===     ===     ===        ===      ===      ===
08/17/26 01:38:43   192       0      178       0       0         62        0        0
08/17/26 01:38:43 0 job proc(s) currently held
08/17/26 01:38:43 DAGMan Runtime Statistics: [EventCycleTimeAvg=0.280; EventCycleTimeMax=20.234; EventCycleTimeMin=0.000; EventCycleTimeStd=1.390; EventCycleTimeSum=75.066; SleepCycleTimeAvg=5.005; SleepCycleTimeMax=5.040; SleepCycleTimeMin=5.000; SleepCycleTimeStd=0.003; SleepCycleTimeSum=1341.471; SubmitCycleTimeAvg=0.048; SubmitCycleTimeMax=2.749; SubmitCycleTimeMin=0.000; SubmitCycleTimeStd=0.214; SubmitCycleTimeSum=12.834; EventCycleTimeCount=268.000; SleepCycleTimeCount=268.000; SubmitCycleTimeCount=269.000; LogProcessCycleTimeAvg=0.382; LogProcessCycleTimeMax=20.234; LogProcessCycleTimeMin=0.004; LogProcessCycleTimeStd=1.829; LogProcessCycleTimeSum=53.836; LogProcessCycleTimeCount=141.000; ]
08/17/26 01:39:03 Currently monitoring 1 HTCondor log file(s)
08/17/26 01:39:03 Event: ULOG_JOB_TERMINATED for HTCondor Node C_W15_HI_M2_A10_S3_F2 (6053364.0.0) {08/17/26 01:38:59}
08/17/26 01:39:03 Number of idle job procs: 0
08/17/26 01:39:03 Node C_W15_HI_M2_A10_S3_F2 job proc (6053364.0.0) completed successfully.
08/17/26 01:39:03 Node C_W15_HI_M2_A10_S3_F2 job(s) have exited the queue
08/17/26 01:39:03 DAG status: 0 (DAG_STATUS_OK)
08/17/26 01:39:03 Of 432 nodes total:
08/17/26 01:39:03  Done     Pre   Queued    Post   Ready   Un-Ready   Failed   Futile
08/17/26 01:39:03   ===     ===      ===     ===     ===        ===      ===      ===
08/17/26 01:39:03   193       0      177       0       0         62        0        0
08/17/26 01:39:03 0 job proc(s) currently held
08/17/26 01:39:03 DAGMan Runtime Statistics: [EventCycleTimeAvg=0.276; EventCycleTimeMax=20.234; EventCycleTimeMin=0.000; EventCycleTimeStd=1.380; EventCycleTimeSum=75.089; SleepCycleTimeAvg=5.005; SleepCycleTimeMax=5.040; SleepCycleTimeMin=5.000; SleepCycleTimeStd=0.003; SleepCycleTimeSum=1361.490; SubmitCycleTimeAvg=0.047; SubmitCycleTimeMax=2.749; SubmitCycleTimeMin=0.000; SubmitCycleTimeStd=0.213; SubmitCycleTimeSum=12.834; EventCycleTimeCount=272.000; SleepCycleTimeCount=272.000; SubmitCycleTimeCount=273.000; LogProcessCycleTimeAvg=0.379; LogProcessCycleTimeMax=20.234; LogProcessCycleTimeMin=0.004; LogProcessCycleTimeStd=1.823; LogProcessCycleTimeSum=53.845; LogProcessCycleTimeCount=142.000; ]
08/17/26 01:39:43 Currently monitoring 1 HTCondor log file(s)
08/17/26 01:39:43 Event: ULOG_JOB_TERMINATED for HTCondor Node C_W15_HI_M2_A10_S4_F2 (6053370.0.0) {08/17/26 01:39:39}
08/17/26 01:39:43 Number of idle job procs: 0
08/17/26 01:39:43 Node C_W15_HI_M2_A10_S4_F2 job proc (6053370.0.0) completed successfully.
08/17/26 01:39:43 Node C_W15_HI_M2_A10_S4_F2 job(s) have exited the queue
08/17/26 01:39:43 DAG status: 0 (DAG_STATUS_OK)
08/17/26 01:39:43 Of 432 nodes total:
08/17/26 01:39:43  Done     Pre   Queued    Post   Ready   Un-Ready   Failed   Futile
08/17/26 01:39:43   ===     ===      ===     ===     ===        ===      ===      ===
08/17/26 01:39:43   194       0      176       0       0         62        0        0
08/17/26 01:39:43 0 job proc(s) currently held
08/17/26 01:39:43 DAGMan Runtime Statistics: [EventCycleTimeAvg=0.268; EventCycleTimeMax=20.234; EventCycleTimeMin=0.000; EventCycleTimeStd=1.361; EventCycleTimeSum=75.111; SleepCycleTimeAvg=5.005; SleepCycleTimeMax=5.040; SleepCycleTimeMin=5.000; SleepCycleTimeStd=0.003; SleepCycleTimeSum=1401.528; SubmitCycleTimeAvg=0.046; SubmitCycleTimeMax=2.749; SubmitCycleTimeMin=0.000; SubmitCycleTimeStd=0.210; SubmitCycleTimeSum=12.834; EventCycleTimeCount=280.000; SleepCycleTimeCount=280.000; SubmitCycleTimeCount=281.000; LogProcessCycleTimeAvg=0.377; LogProcessCycleTimeMax=20.234; LogProcessCycleTimeMin=0.004; LogProcessCycleTimeStd=1.817; LogProcessCycleTimeSum=53.855; LogProcessCycleTimeCount=143.000; ]
08/17/26 01:39:48 Currently monitoring 1 HTCondor log file(s)
08/17/26 01:39:48 Event: ULOG_JOB_TERMINATED for HTCondor Node P_W15_HI_M1_A07_S5 (6053313.0.0) {08/17/26 01:39:48}
08/17/26 01:39:48 Number of idle job procs: 0
08/17/26 01:39:48 Node P_W15_HI_M1_A07_S5 job proc (6053313.0.0) completed successfully.
08/17/26 01:39:48 Node P_W15_HI_M1_A07_S5 job(s) have exited the queue
08/17/26 01:39:48 DAG status: 0 (DAG_STATUS_OK)
08/17/26 01:39:48 Of 432 nodes total:
08/17/26 01:39:48  Done     Pre   Queued    Post   Ready   Un-Ready   Failed   Futile
08/17/26 01:39:48   ===     ===      ===     ===     ===        ===      ===      ===
08/17/26 01:39:48   195       0      175       0       1         61        0        0
08/17/26 01:39:48 0 job proc(s) currently held
08/17/26 01:39:48 DAGMan Runtime Statistics: [EventCycleTimeAvg=0.267; EventCycleTimeMax=20.234; EventCycleTimeMin=0.000; EventCycleTimeStd=1.358; EventCycleTimeSum=75.134; SleepCycleTimeAvg=5.005; SleepCycleTimeMax=5.040; SleepCycleTimeMin=5.000; SleepCycleTimeStd=0.003; SleepCycleTimeSum=1406.534; SubmitCycleTimeAvg=0.046; SubmitCycleTimeMax=2.749; SubmitCycleTimeMin=0.000; SubmitCycleTimeStd=0.209; SubmitCycleTimeSum=12.834; EventCycleTimeCount=281.000; SleepCycleTimeCount=281.000; SubmitCycleTimeCount=282.000; LogProcessCycleTimeAvg=0.374; LogProcessCycleTimeMax=20.234; LogProcessCycleTimeMin=0.004; LogProcessCycleTimeStd=1.810; LogProcessCycleTimeSum=53.866; LogProcessCycleTimeCount=144.000; ]
08/17/26 01:39:53 Submitting HTCondor Node C_W15_HI_M1_A07_S5_F0 job(s)...
08/17/26 01:39:53 Submitting node C_W15_HI_M1_A07_S5_F0 from file /afs/cern.ch/user/c/cglenn/FCCWork/whizard/whizard_ttbar_spinpol/phase11_diagnostics/excess_weight_rootcause_v1/ttbar_restricted_region_suite_v1/regions/submissions/20260816T231425Z_U9region_core_W15_S8_np1_v1p0p1/region_child.sub using direct job submission
08/17/26 01:39:53 	assigned HTCondor ID (6053766.0.0)
08/17/26 01:39:53 Just submitted 1 job this cycle...
08/17/26 01:39:53 DAG status: 0 (DAG_STATUS_OK)
08/17/26 01:39:53 Of 432 nodes total:
08/17/26 01:39:53  Done     Pre   Queued    Post   Ready   Un-Ready   Failed   Futile
08/17/26 01:39:53   ===     ===      ===     ===     ===        ===      ===      ===
08/17/26 01:39:53   195       0      176       0       0         61        0        0
08/17/26 01:39:53 0 job proc(s) currently held
08/17/26 01:39:53 DAGMan Runtime Statistics: [EventCycleTimeAvg=0.267; EventCycleTimeMax=20.234; EventCycleTimeMin=0.000; EventCycleTimeStd=1.356; EventCycleTimeSum=75.159; SleepCycleTimeAvg=5.005; SleepCycleTimeMax=5.040; SleepCycleTimeMin=5.000; SleepCycleTimeStd=0.003; SleepCycleTimeSum=1411.539; SubmitCycleTimeAvg=0.045; SubmitCycleTimeMax=2.749; SubmitCycleTimeMin=0.000; SubmitCycleTimeStd=0.209; SubmitCycleTimeSum=12.859; EventCycleTimeCount=282.000; SleepCycleTimeCount=282.000; SubmitCycleTimeCount=283.000; LogProcessCycleTimeAvg=0.374; LogProcessCycleTimeMax=20.234; LogProcessCycleTimeMin=0.004; LogProcessCycleTimeStd=1.810; LogProcessCycleTimeSum=53.866; LogProcessCycleTimeCount=144.000; ]
08/17/26 01:39:58 Currently monitoring 1 HTCondor log file(s)
08/17/26 01:39:58 Reassigning the id of job C_W15_HI_M1_A07_S5_F0 from (6053766.0.0) to (6053766.0.0)
08/17/26 01:39:58 Event: ULOG_SUBMIT for HTCondor Node C_W15_HI_M1_A07_S5_F0 (6053766.0.0) {08/17/26 01:39:53}
08/17/26 01:39:58 Number of idle job procs: 1
08/17/26 01:39:58 Event: ULOG_JOB_TERMINATED for HTCondor Node C_W15_LI_M0_A00_S3_F0 (6053590.0.0) {08/17/26 01:39:56}
08/17/26 01:39:58 Number of idle job procs: 1
08/17/26 01:39:58 Node C_W15_LI_M0_A00_S3_F0 job proc (6053590.0.0) completed successfully.
08/17/26 01:39:58 Node C_W15_LI_M0_A00_S3_F0 job(s) have exited the queue
08/17/26 01:39:58 DAG status: 0 (DAG_STATUS_OK)
08/17/26 01:39:58 Of 432 nodes total:
08/17/26 01:39:58  Done     Pre   Queued    Post   Ready   Un-Ready   Failed   Futile
08/17/26 01:39:58   ===     ===      ===     ===     ===        ===      ===      ===
08/17/26 01:39:58   196       0      175       0       0         61        0        0
08/17/26 01:39:58 0 job proc(s) currently held
08/17/26 01:39:58 DAGMan Runtime Statistics: [EventCycleTimeAvg=0.266; EventCycleTimeMax=20.234; EventCycleTimeMin=0.000; EventCycleTimeStd=1.353; EventCycleTimeSum=75.201; SleepCycleTimeAvg=5.005; SleepCycleTimeMax=5.040; SleepCycleTimeMin=5.000; SleepCycleTimeStd=0.003; SleepCycleTimeSum=1416.543; SubmitCycleTimeAvg=0.045; SubmitCycleTimeMax=2.749; SubmitCycleTimeMin=0.000; SubmitCycleTimeStd=0.209; SubmitCycleTimeSum=12.859; EventCycleTimeCount=283.000; SleepCycleTimeCount=283.000; SubmitCycleTimeCount=284.000; LogProcessCycleTimeAvg=0.372; LogProcessCycleTimeMax=20.234; LogProcessCycleTimeMin=0.004; LogProcessCycleTimeStd=1.804; LogProcessCycleTimeSum=53.884; LogProcessCycleTimeCount=145.000; ]
08/17/26 01:40:13 Currently monitoring 1 HTCondor log file(s)
08/17/26 01:40:13 Event: ULOG_JOB_TERMINATED for HTCondor Node C_W15_IH_M2_A10_S1_F2 (6053381.0.0) {08/17/26 01:40:09}
08/17/26 01:40:13 Number of idle job procs: 1
08/17/26 01:40:13 Node C_W15_IH_M2_A10_S1_F2 job proc (6053381.0.0) completed successfully.
08/17/26 01:40:13 Node C_W15_IH_M2_A10_S1_F2 job(s) have exited the queue
08/17/26 01:40:13 DAG status: 0 (DAG_STATUS_OK)
08/17/26 01:40:14 Of 432 nodes total:
08/17/26 01:40:14  Done     Pre   Queued    Post   Ready   Un-Ready   Failed   Futile
08/17/26 01:40:14   ===     ===      ===     ===     ===        ===      ===      ===
08/17/26 01:40:14   197       0      174       0       0         61        0        0
08/17/26 01:40:14 0 job proc(s) currently held
08/17/26 01:40:14 DAGMan Runtime Statistics: [EventCycleTimeAvg=0.263; EventCycleTimeMax=20.234; EventCycleTimeMin=0.000; EventCycleTimeStd=1.347; EventCycleTimeSum=75.234; SleepCycleTimeAvg=5.005; SleepCycleTimeMax=5.040; SleepCycleTimeMin=5.000; SleepCycleTimeStd=0.003; SleepCycleTimeSum=1431.560; SubmitCycleTimeAvg=0.045; SubmitCycleTimeMax=2.749; SubmitCycleTimeMin=0.000; SubmitCycleTimeStd=0.208; SubmitCycleTimeSum=12.859; EventCycleTimeCount=286.000; SleepCycleTimeCount=286.000; SubmitCycleTimeCount=287.000; LogProcessCycleTimeAvg=0.369; LogProcessCycleTimeMax=20.234; LogProcessCycleTimeMin=0.004; LogProcessCycleTimeStd=1.798; LogProcessCycleTimeSum=53.895; LogProcessCycleTimeCount=146.000; ]
08/17/26 01:40:24 Currently monitoring 1 HTCondor log file(s)
08/17/26 01:40:24 Event: ULOG_JOB_TERMINATED for HTCondor Node C_W15_IH_M0_A00_S4_F0 (6053584.0.0) {08/17/26 01:40:19}
08/17/26 01:40:24 Number of idle job procs: 1
08/17/26 01:40:24 Node C_W15_IH_M0_A00_S4_F0 job proc (6053584.0.0) completed successfully.
08/17/26 01:40:24 Node C_W15_IH_M0_A00_S4_F0 job(s) have exited the queue
08/17/26 01:40:24 DAG status: 0 (DAG_STATUS_OK)
08/17/26 01:40:24 Of 432 nodes total:
08/17/26 01:40:24  Done     Pre   Queued    Post   Ready   Un-Ready   Failed   Futile
08/17/26 01:40:24   ===     ===      ===     ===     ===        ===      ===      ===
08/17/26 01:40:24   198       0      173       0       0         61        0        0
08/17/26 01:40:24 0 job proc(s) currently held
08/17/26 01:40:24 DAGMan Runtime Statistics: [EventCycleTimeAvg=0.261; EventCycleTimeMax=20.234; EventCycleTimeMin=0.000; EventCycleTimeStd=1.342; EventCycleTimeSum=75.260; SleepCycleTimeAvg=5.005; SleepCycleTimeMax=5.040; SleepCycleTimeMin=5.000; SleepCycleTimeStd=0.003; SleepCycleTimeSum=1441.570; SubmitCycleTimeAvg=0.044; SubmitCycleTimeMax=2.749; SubmitCycleTimeMin=0.000; SubmitCycleTimeStd=0.207; SubmitCycleTimeSum=12.859; EventCycleTimeCount=288.000; SleepCycleTimeCount=288.000; SubmitCycleTimeCount=289.000; LogProcessCycleTimeAvg=0.367; LogProcessCycleTimeMax=20.234; LogProcessCycleTimeMin=0.004; LogProcessCycleTimeStd=1.793; LogProcessCycleTimeSum=53.909; LogProcessCycleTimeCount=147.000; ]
08/17/26 01:40:39 Currently monitoring 1 HTCondor log file(s)
08/17/26 01:40:39 Event: ULOG_JOB_TERMINATED for HTCondor Node P_W15_IH_M1_A07_S0 (6053260.0.0) {08/17/26 01:40:35}
08/17/26 01:40:39 Number of idle job procs: 1
08/17/26 01:40:39 Node P_W15_IH_M1_A07_S0 job proc (6053260.0.0) completed successfully.
08/17/26 01:40:39 Node P_W15_IH_M1_A07_S0 job(s) have exited the queue
08/17/26 01:40:39 DAG status: 0 (DAG_STATUS_OK)
08/17/26 01:40:39 Of 432 nodes total:
08/17/26 01:40:39  Done     Pre   Queued    Post   Ready   Un-Ready   Failed   Futile
08/17/26 01:40:39   ===     ===      ===     ===     ===        ===      ===      ===
08/17/26 01:40:39   199       0      172       0       1         60        0        0
08/17/26 01:40:39 0 job proc(s) currently held
08/17/26 01:40:39 DAGMan Runtime Statistics: [EventCycleTimeAvg=0.259; EventCycleTimeMax=20.234; EventCycleTimeMin=0.000; EventCycleTimeStd=1.335; EventCycleTimeSum=75.299; SleepCycleTimeAvg=5.005; SleepCycleTimeMax=5.040; SleepCycleTimeMin=5.000; SleepCycleTimeStd=0.003; SleepCycleTimeSum=1456.585; SubmitCycleTimeAvg=0.044; SubmitCycleTimeMax=2.749; SubmitCycleTimeMin=0.000; SubmitCycleTimeStd=0.206; SubmitCycleTimeSum=12.859; EventCycleTimeCount=291.000; SleepCycleTimeCount=291.000; SubmitCycleTimeCount=292.000; LogProcessCycleTimeAvg=0.364; LogProcessCycleTimeMax=20.234; LogProcessCycleTimeMin=0.004; LogProcessCycleTimeStd=1.787; LogProcessCycleTimeSum=53.921; LogProcessCycleTimeCount=148.000; ]
08/17/26 01:40:44 Submitting HTCondor Node C_W15_IH_M1_A07_S0_F0 job(s)...
08/17/26 01:40:44 Submitting node C_W15_IH_M1_A07_S0_F0 from file /afs/cern.ch/user/c/cglenn/FCCWork/whizard/whizard_ttbar_spinpol/phase11_diagnostics/excess_weight_rootcause_v1/ttbar_restricted_region_suite_v1/regions/submissions/20260816T231425Z_U9region_core_W15_S8_np1_v1p0p1/region_child.sub using direct job submission
08/17/26 01:40:44 	assigned HTCondor ID (6053770.0.0)
08/17/26 01:40:44 Just submitted 1 job this cycle...
08/17/26 01:40:44 DAG status: 0 (DAG_STATUS_OK)
08/17/26 01:40:44 Of 432 nodes total:
08/17/26 01:40:44  Done     Pre   Queued    Post   Ready   Un-Ready   Failed   Futile
08/17/26 01:40:44   ===     ===      ===     ===     ===        ===      ===      ===
08/17/26 01:40:44   199       0      173       0       0         60        0        0
08/17/26 01:40:44 0 job proc(s) currently held
08/17/26 01:40:44 DAGMan Runtime Statistics: [EventCycleTimeAvg=0.258; EventCycleTimeMax=20.234; EventCycleTimeMin=0.000; EventCycleTimeStd=1.333; EventCycleTimeSum=75.327; SleepCycleTimeAvg=5.005; SleepCycleTimeMax=5.040; SleepCycleTimeMin=5.000; SleepCycleTimeStd=0.003; SleepCycleTimeSum=1461.590; SubmitCycleTimeAvg=0.044; SubmitCycleTimeMax=2.749; SubmitCycleTimeMin=0.000; SubmitCycleTimeStd=0.206; SubmitCycleTimeSum=12.889; EventCycleTimeCount=292.000; SleepCycleTimeCount=292.000; SubmitCycleTimeCount=293.000; LogProcessCycleTimeAvg=0.364; LogProcessCycleTimeMax=20.234; LogProcessCycleTimeMin=0.004; LogProcessCycleTimeStd=1.787; LogProcessCycleTimeSum=53.921; LogProcessCycleTimeCount=148.000; ]
08/17/26 01:40:49 Currently monitoring 1 HTCondor log file(s)
08/17/26 01:40:49 Reassigning the id of job C_W15_IH_M1_A07_S0_F0 from (6053770.0.0) to (6053770.0.0)
08/17/26 01:40:49 Event: ULOG_SUBMIT for HTCondor Node C_W15_IH_M1_A07_S0_F0 (6053770.0.0) {08/17/26 01:40:44}
08/17/26 01:40:49 Number of idle job procs: 2
08/17/26 01:41:39 Currently monitoring 1 HTCondor log file(s)
08/17/26 01:41:39 Event: ULOG_EXECUTE for HTCondor Node C_W15_HI_M1_A07_S5_F0 (6053766.0.0) {08/17/26 01:41:38}
08/17/26 01:41:39 Number of idle job procs: 1
08/17/26 01:41:44 Currently monitoring 1 HTCondor log file(s)
08/17/26 01:41:44 Event: ULOG_EXECUTE for HTCondor Node C_W15_IH_M1_A07_S0_F0 (6053770.0.0) {08/17/26 01:41:40}
08/17/26 01:41:44 Number of idle job procs: 0
08/17/26 01:41:59 Currently monitoring 1 HTCondor log file(s)
08/17/26 01:41:59 Event: ULOG_JOB_TERMINATED for HTCondor Node C_W15_IL_M2_A10_S0_F2 (6053389.0.0) {08/17/26 01:41:54}
08/17/26 01:41:59 Number of idle job procs: 0
08/17/26 01:41:59 Node C_W15_IL_M2_A10_S0_F2 job proc (6053389.0.0) completed successfully.
08/17/26 01:41:59 Node C_W15_IL_M2_A10_S0_F2 job(s) have exited the queue
08/17/26 01:41:59 Event: ULOG_JOB_TERMINATED for HTCondor Node C_W15_HI_M2_A10_S0_F2 (6053396.0.0) {08/17/26 01:41:54}
08/17/26 01:41:59 Number of idle job procs: 0
08/17/26 01:41:59 Node C_W15_HI_M2_A10_S0_F2 job proc (6053396.0.0) completed successfully.
08/17/26 01:41:59 Node C_W15_HI_M2_A10_S0_F2 job(s) have exited the queue
08/17/26 01:41:59 DAG status: 0 (DAG_STATUS_OK)
08/17/26 01:41:59 Of 432 nodes total:
08/17/26 01:41:59  Done     Pre   Queued    Post   Ready   Un-Ready   Failed   Futile
08/17/26 01:41:59   ===     ===      ===     ===     ===        ===      ===      ===
08/17/26 01:41:59   201       0      171       0       0         60        0        0
08/17/26 01:41:59 0 job proc(s) currently held
08/17/26 01:41:59 DAGMan Runtime Statistics: [EventCycleTimeAvg=0.246; EventCycleTimeMax=20.234; EventCycleTimeMin=0.000; EventCycleTimeStd=1.301; EventCycleTimeSum=75.402; SleepCycleTimeAvg=5.005; SleepCycleTimeMax=5.040; SleepCycleTimeMin=5.000; SleepCycleTimeStd=0.003; SleepCycleTimeSum=1536.660; SubmitCycleTimeAvg=0.042; SubmitCycleTimeMax=2.749; SubmitCycleTimeMin=0.000; SubmitCycleTimeStd=0.201; SubmitCycleTimeSum=12.889; EventCycleTimeCount=307.000; SleepCycleTimeCount=307.000; SubmitCycleTimeCount=308.000; LogProcessCycleTimeAvg=0.355; LogProcessCycleTimeMax=20.234; LogProcessCycleTimeMin=0.004; LogProcessCycleTimeStd=1.764; LogProcessCycleTimeSum=53.970; LogProcessCycleTimeCount=152.000; ]
08/17/26 01:42:04 Currently monitoring 1 HTCondor log file(s)
08/17/26 01:42:04 Event: ULOG_JOB_TERMINATED for HTCondor Node C_W15_IL_M2_A10_S7_F2 (6053411.0.0) {08/17/26 01:41:59}
08/17/26 01:42:04 Number of idle job procs: 0
08/17/26 01:42:04 Node C_W15_IL_M2_A10_S7_F2 job proc (6053411.0.0) completed successfully.
08/17/26 01:42:04 Node C_W15_IL_M2_A10_S7_F2 job(s) have exited the queue
08/17/26 01:42:04 DAG status: 0 (DAG_STATUS_OK)
08/17/26 01:42:04 Of 432 nodes total:
08/17/26 01:42:04  Done     Pre   Queued    Post   Ready   Un-Ready   Failed   Futile
08/17/26 01:42:04   ===     ===      ===     ===     ===        ===      ===      ===
08/17/26 01:42:04   202       0      170       0       0         60        0        0
08/17/26 01:42:04 0 job proc(s) currently held
08/17/26 01:42:04 DAGMan Runtime Statistics: [EventCycleTimeAvg=0.245; EventCycleTimeMax=20.234; EventCycleTimeMin=0.000; EventCycleTimeStd=1.299; EventCycleTimeSum=75.443; SleepCycleTimeAvg=5.005; SleepCycleTimeMax=5.040; SleepCycleTimeMin=5.000; SleepCycleTimeStd=0.003; SleepCycleTimeSum=1541.662; SubmitCycleTimeAvg=0.042; SubmitCycleTimeMax=2.749; SubmitCycleTimeMin=0.000; SubmitCycleTimeStd=0.200; SubmitCycleTimeSum=12.889; EventCycleTimeCount=308.000; SleepCycleTimeCount=308.000; SubmitCycleTimeCount=309.000; LogProcessCycleTimeAvg=0.353; LogProcessCycleTimeMax=20.234; LogProcessCycleTimeMin=0.004; LogProcessCycleTimeStd=1.758; LogProcessCycleTimeSum=53.984; LogProcessCycleTimeCount=153.000; ]
08/17/26 01:42:29 Currently monitoring 1 HTCondor log file(s)
08/17/26 01:42:29 Event: ULOG_JOB_TERMINATED for HTCondor Node P_W15_HI_M1_A07_S7 (6053315.0.0) {08/17/26 01:42:25}
08/17/26 01:42:29 Number of idle job procs: 0
08/17/26 01:42:29 Node P_W15_HI_M1_A07_S7 job proc (6053315.0.0) completed successfully.
08/17/26 01:42:29 Node P_W15_HI_M1_A07_S7 job(s) have exited the queue
08/17/26 01:42:29 Event: ULOG_JOB_TERMINATED for HTCondor Node C_W15_IH_M2_A10_S6_F2 (6053392.0.0) {08/17/26 01:42:26}
08/17/26 01:42:29 Number of idle job procs: 0
08/17/26 01:42:29 Node C_W15_IH_M2_A10_S6_F2 job proc (6053392.0.0) completed successfully.
08/17/26 01:42:29 Node C_W15_IH_M2_A10_S6_F2 job(s) have exited the queue
08/17/26 01:42:29 DAG status: 0 (DAG_STATUS_OK)
08/17/26 01:42:29 Of 432 nodes total:
08/17/26 01:42:29  Done     Pre   Queued    Post   Ready   Un-Ready   Failed   Futile
08/17/26 01:42:29   ===     ===      ===     ===     ===        ===      ===      ===
08/17/26 01:42:29   204       0      168       0       1         59        0        0
08/17/26 01:42:29 0 job proc(s) currently held
08/17/26 01:42:29 DAGMan Runtime Statistics: [EventCycleTimeAvg=0.241; EventCycleTimeMax=20.234; EventCycleTimeMin=0.000; EventCycleTimeStd=1.289; EventCycleTimeSum=75.475; SleepCycleTimeAvg=5.005; SleepCycleTimeMax=5.040; SleepCycleTimeMin=5.000; SleepCycleTimeStd=0.003; SleepCycleTimeSum=1566.689; SubmitCycleTimeAvg=0.041; SubmitCycleTimeMax=2.749; SubmitCycleTimeMin=0.000; SubmitCycleTimeStd=0.199; SubmitCycleTimeSum=12.889; EventCycleTimeCount=313.000; SleepCycleTimeCount=313.000; SubmitCycleTimeCount=314.000; LogProcessCycleTimeAvg=0.351; LogProcessCycleTimeMax=20.234; LogProcessCycleTimeMin=0.004; LogProcessCycleTimeStd=1.753; LogProcessCycleTimeSum=54.008; LogProcessCycleTimeCount=154.000; ]
08/17/26 01:42:34 Submitting HTCondor Node C_W15_HI_M1_A07_S7_F0 job(s)...
08/17/26 01:42:34 Submitting node C_W15_HI_M1_A07_S7_F0 from file /afs/cern.ch/user/c/cglenn/FCCWork/whizard/whizard_ttbar_spinpol/phase11_diagnostics/excess_weight_rootcause_v1/ttbar_restricted_region_suite_v1/regions/submissions/20260816T231425Z_U9region_core_W15_S8_np1_v1p0p1/region_child.sub using direct job submission
08/17/26 01:42:34 	assigned HTCondor ID (6053789.0.0)
08/17/26 01:42:34 Just submitted 1 job this cycle...
08/17/26 01:42:34 DAG status: 0 (DAG_STATUS_OK)
08/17/26 01:42:34 Of 432 nodes total:
08/17/26 01:42:34  Done     Pre   Queued    Post   Ready   Un-Ready   Failed   Futile
08/17/26 01:42:34   ===     ===      ===     ===     ===        ===      ===      ===
08/17/26 01:42:34   204       0      169       0       0         59        0        0
08/17/26 01:42:34 0 job proc(s) currently held
08/17/26 01:42:34 DAGMan Runtime Statistics: [EventCycleTimeAvg=0.241; EventCycleTimeMax=20.234; EventCycleTimeMin=0.000; EventCycleTimeStd=1.287; EventCycleTimeSum=75.517; SleepCycleTimeAvg=5.005; SleepCycleTimeMax=5.040; SleepCycleTimeMin=5.000; SleepCycleTimeStd=0.003; SleepCycleTimeSum=1571.694; SubmitCycleTimeAvg=0.041; SubmitCycleTimeMax=2.749; SubmitCycleTimeMin=0.000; SubmitCycleTimeStd=0.199; SubmitCycleTimeSum=12.917; EventCycleTimeCount=314.000; SleepCycleTimeCount=314.000; SubmitCycleTimeCount=315.000; LogProcessCycleTimeAvg=0.351; LogProcessCycleTimeMax=20.234; LogProcessCycleTimeMin=0.004; LogProcessCycleTimeStd=1.753; LogProcessCycleTimeSum=54.008; LogProcessCycleTimeCount=154.000; ]
08/17/26 01:42:39 Currently monitoring 1 HTCondor log file(s)
08/17/26 01:42:39 Reassigning the id of job C_W15_HI_M1_A07_S7_F0 from (6053789.0.0) to (6053789.0.0)
08/17/26 01:42:39 Event: ULOG_SUBMIT for HTCondor Node C_W15_HI_M1_A07_S7_F0 (6053789.0.0) {08/17/26 01:42:34}
08/17/26 01:42:39 Number of idle job procs: 1
08/17/26 01:42:39 Event: ULOG_JOB_TERMINATED for HTCondor Node P_W15_HI_M1_A07_S0 (6053308.0.0) {08/17/26 01:42:35}
08/17/26 01:42:39 Number of idle job procs: 1
08/17/26 01:42:39 Node P_W15_HI_M1_A07_S0 job proc (6053308.0.0) completed successfully.
08/17/26 01:42:39 Node P_W15_HI_M1_A07_S0 job(s) have exited the queue
08/17/26 01:42:39 Event: ULOG_JOB_TERMINATED for HTCondor Node C_W15_IH_M0_A00_S6_F0 (6053562.0.0) {08/17/26 01:42:37}
08/17/26 01:42:39 Number of idle job procs: 1
08/17/26 01:42:39 Node C_W15_IH_M0_A00_S6_F0 job proc (6053562.0.0) completed successfully.
08/17/26 01:42:39 Node C_W15_IH_M0_A00_S6_F0 job(s) have exited the queue
08/17/26 01:42:39 DAG status: 0 (DAG_STATUS_OK)
08/17/26 01:42:39 Of 432 nodes total:
08/17/26 01:42:39  Done     Pre   Queued    Post   Ready   Un-Ready   Failed   Futile
08/17/26 01:42:39   ===     ===      ===     ===     ===        ===      ===      ===
08/17/26 01:42:39   206       0      167       0       1         58        0        0
08/17/26 01:42:39 0 job proc(s) currently held
08/17/26 01:42:39 DAGMan Runtime Statistics: [EventCycleTimeAvg=0.240; EventCycleTimeMax=20.234; EventCycleTimeMin=0.000; EventCycleTimeStd=1.285; EventCycleTimeSum=75.568; SleepCycleTimeAvg=5.005; SleepCycleTimeMax=5.040; SleepCycleTimeMin=5.000; SleepCycleTimeStd=0.003; SleepCycleTimeSum=1576.699; SubmitCycleTimeAvg=0.041; SubmitCycleTimeMax=2.749; SubmitCycleTimeMin=0.000; SubmitCycleTimeStd=0.198; SubmitCycleTimeSum=12.917; EventCycleTimeCount=315.000; SleepCycleTimeCount=315.000; SubmitCycleTimeCount=316.000; LogProcessCycleTimeAvg=0.349; LogProcessCycleTimeMax=20.234; LogProcessCycleTimeMin=0.004; LogProcessCycleTimeStd=1.747; LogProcessCycleTimeSum=54.043; LogProcessCycleTimeCount=155.000; ]
08/17/26 01:42:44 Submitting HTCondor Node C_W15_HI_M1_A07_S0_F0 job(s)...
08/17/26 01:42:44 Submitting node C_W15_HI_M1_A07_S0_F0 from file /afs/cern.ch/user/c/cglenn/FCCWork/whizard/whizard_ttbar_spinpol/phase11_diagnostics/excess_weight_rootcause_v1/ttbar_restricted_region_suite_v1/regions/submissions/20260816T231425Z_U9region_core_W15_S8_np1_v1p0p1/region_child.sub using direct job submission
08/17/26 01:42:44 	assigned HTCondor ID (6053790.0.0)
08/17/26 01:42:44 Just submitted 1 job this cycle...
08/17/26 01:42:44 Currently monitoring 1 HTCondor log file(s)
08/17/26 01:42:44 Event: ULOG_JOB_TERMINATED for HTCondor Node C_W15_IH_M2_A10_S2_F2 (6053348.0.0) {08/17/26 01:42:40}
08/17/26 01:42:44 Number of idle job procs: 1
08/17/26 01:42:44 Node C_W15_IH_M2_A10_S2_F2 job proc (6053348.0.0) completed successfully.
08/17/26 01:42:44 Node C_W15_IH_M2_A10_S2_F2 job(s) have exited the queue
08/17/26 01:42:44 Event: ULOG_EXECUTE for HTCondor Node C_W15_HI_M1_A07_S7_F0 (6053789.0.0) {08/17/26 01:42:42}
08/17/26 01:42:44 Number of idle job procs: 0
08/17/26 01:42:44 Reassigning the id of job C_W15_HI_M1_A07_S0_F0 from (6053790.0.0) to (6053790.0.0)
08/17/26 01:42:44 Event: ULOG_SUBMIT for HTCondor Node C_W15_HI_M1_A07_S0_F0 (6053790.0.0) {08/17/26 01:42:44}
08/17/26 01:42:44 Number of idle job procs: 1
08/17/26 01:42:44 DAG status: 0 (DAG_STATUS_OK)
08/17/26 01:42:44 Of 432 nodes total:
08/17/26 01:42:44  Done     Pre   Queued    Post   Ready   Un-Ready   Failed   Futile
08/17/26 01:42:44   ===     ===      ===     ===     ===        ===      ===      ===
08/17/26 01:42:44   207       0      167       0       0         58        0        0
08/17/26 01:42:44 0 job proc(s) currently held
08/17/26 01:42:44 DAGMan Runtime Statistics: [EventCycleTimeAvg=0.239; EventCycleTimeMax=20.234; EventCycleTimeMin=0.000; EventCycleTimeStd=1.283; EventCycleTimeSum=75.623; SleepCycleTimeAvg=5.005; SleepCycleTimeMax=5.040; SleepCycleTimeMin=5.000; SleepCycleTimeStd=0.003; SleepCycleTimeSum=1581.702; SubmitCycleTimeAvg=0.041; SubmitCycleTimeMax=2.749; SubmitCycleTimeMin=0.000; SubmitCycleTimeStd=0.198; SubmitCycleTimeSum=12.945; EventCycleTimeCount=316.000; SleepCycleTimeCount=316.000; SubmitCycleTimeCount=317.000; LogProcessCycleTimeAvg=0.347; LogProcessCycleTimeMax=20.234; LogProcessCycleTimeMin=0.004; LogProcessCycleTimeStd=1.742; LogProcessCycleTimeSum=54.073; LogProcessCycleTimeCount=156.000; ]
08/17/26 01:42:49 Currently monitoring 1 HTCondor log file(s)
08/17/26 01:42:59 Currently monitoring 1 HTCondor log file(s)
08/17/26 01:42:59 Event: ULOG_JOB_TERMINATED for HTCondor Node P_W15_IH_M1_A07_S2 (6053262.0.0) {08/17/26 01:42:56}
08/17/26 01:42:59 Number of idle job procs: 1
08/17/26 01:42:59 Node P_W15_IH_M1_A07_S2 job proc (6053262.0.0) completed successfully.
08/17/26 01:42:59 Node P_W15_IH_M1_A07_S2 job(s) have exited the queue
08/17/26 01:42:59 DAG status: 0 (DAG_STATUS_OK)
08/17/26 01:42:59 Of 432 nodes total:
08/17/26 01:42:59  Done     Pre   Queued    Post   Ready   Un-Ready   Failed   Futile
08/17/26 01:42:59   ===     ===      ===     ===     ===        ===      ===      ===
08/17/26 01:42:59   208       0      166       0       1         57        0        0
08/17/26 01:42:59 0 job proc(s) currently held
08/17/26 01:42:59 DAGMan Runtime Statistics: [EventCycleTimeAvg=0.237; EventCycleTimeMax=20.234; EventCycleTimeMin=0.000; EventCycleTimeStd=1.277; EventCycleTimeSum=75.710; SleepCycleTimeAvg=5.005; SleepCycleTimeMax=5.040; SleepCycleTimeMin=5.000; SleepCycleTimeStd=0.003; SleepCycleTimeSum=1596.718; SubmitCycleTimeAvg=0.040; SubmitCycleTimeMax=2.749; SubmitCycleTimeMin=0.000; SubmitCycleTimeStd=0.197; SubmitCycleTimeSum=12.945; EventCycleTimeCount=319.000; SleepCycleTimeCount=319.000; SubmitCycleTimeCount=320.000; LogProcessCycleTimeAvg=0.342; LogProcessCycleTimeMax=20.234; LogProcessCycleTimeMin=0.003; LogProcessCycleTimeStd=1.731; LogProcessCycleTimeSum=54.093; LogProcessCycleTimeCount=158.000; ]
08/17/26 01:43:04 Submitting HTCondor Node C_W15_IH_M1_A07_S2_F0 job(s)...
08/17/26 01:43:04 Submitting node C_W15_IH_M1_A07_S2_F0 from file /afs/cern.ch/user/c/cglenn/FCCWork/whizard/whizard_ttbar_spinpol/phase11_diagnostics/excess_weight_rootcause_v1/ttbar_restricted_region_suite_v1/regions/submissions/20260816T231425Z_U9region_core_W15_S8_np1_v1p0p1/region_child.sub using direct job submission
08/17/26 01:43:04 	assigned HTCondor ID (6053794.0.0)
08/17/26 01:43:04 Just submitted 1 job this cycle...
08/17/26 01:43:04 DAG status: 0 (DAG_STATUS_OK)
08/17/26 01:43:04 Of 432 nodes total:
08/17/26 01:43:04  Done     Pre   Queued    Post   Ready   Un-Ready   Failed   Futile
08/17/26 01:43:04   ===     ===      ===     ===     ===        ===      ===      ===
08/17/26 01:43:04   208       0      167       0       0         57        0        0
08/17/26 01:43:04 0 job proc(s) currently held
08/17/26 01:43:04 DAGMan Runtime Statistics: [EventCycleTimeAvg=0.237; EventCycleTimeMax=20.234; EventCycleTimeMin=0.000; EventCycleTimeStd=1.275; EventCycleTimeSum=75.750; SleepCycleTimeAvg=5.005; SleepCycleTimeMax=5.040; SleepCycleTimeMin=5.000; SleepCycleTimeStd=0.003; SleepCycleTimeSum=1601.723; SubmitCycleTimeAvg=0.040; SubmitCycleTimeMax=2.749; SubmitCycleTimeMin=0.000; SubmitCycleTimeStd=0.197; SubmitCycleTimeSum=12.974; EventCycleTimeCount=320.000; SleepCycleTimeCount=320.000; SubmitCycleTimeCount=321.000; LogProcessCycleTimeAvg=0.342; LogProcessCycleTimeMax=20.234; LogProcessCycleTimeMin=0.003; LogProcessCycleTimeStd=1.731; LogProcessCycleTimeSum=54.093; LogProcessCycleTimeCount=158.000; ]
08/17/26 01:43:09 Currently monitoring 1 HTCondor log file(s)
08/17/26 01:43:09 Reassigning the id of job C_W15_IH_M1_A07_S2_F0 from (6053794.0.0) to (6053794.0.0)
08/17/26 01:43:09 Event: ULOG_SUBMIT for HTCondor Node C_W15_IH_M1_A07_S2_F0 (6053794.0.0) {08/17/26 01:43:04}
08/17/26 01:43:09 Number of idle job procs: 2
08/17/26 01:43:34 Currently monitoring 1 HTCondor log file(s)
08/17/26 01:43:34 Event: ULOG_JOB_TERMINATED for HTCondor Node C_W15_LI_M0_A00_S5_F0 (6053575.0.0) {08/17/26 01:43:33}
08/17/26 01:43:34 Number of idle job procs: 2
08/17/26 01:43:34 Node C_W15_LI_M0_A00_S5_F0 job proc (6053575.0.0) completed successfully.
08/17/26 01:43:34 Node C_W15_LI_M0_A00_S5_F0 job(s) have exited the queue
08/17/26 01:43:34 Event: ULOG_JOB_TERMINATED for HTCondor Node C_W15_LL_M0_A00_S5_F0 (6053589.0.0) {08/17/26 01:43:34}
08/17/26 01:43:34 Number of idle job procs: 2
08/17/26 01:43:34 Node C_W15_LL_M0_A00_S5_F0 job proc (6053589.0.0) completed successfully.
08/17/26 01:43:34 Node C_W15_LL_M0_A00_S5_F0 job(s) have exited the queue
08/17/26 01:43:34 DAG status: 0 (DAG_STATUS_OK)
08/17/26 01:43:34 Of 432 nodes total:
08/17/26 01:43:34  Done     Pre   Queued    Post   Ready   Un-Ready   Failed   Futile
08/17/26 01:43:34   ===     ===      ===     ===     ===        ===      ===      ===
08/17/26 01:43:34   210       0      165       0       0         57        0        0
08/17/26 01:43:34 0 job proc(s) currently held
08/17/26 01:43:34 DAGMan Runtime Statistics: [EventCycleTimeAvg=0.233; EventCycleTimeMax=20.234; EventCycleTimeMin=0.000; EventCycleTimeStd=1.264; EventCycleTimeSum=75.818; SleepCycleTimeAvg=5.005; SleepCycleTimeMax=5.040; SleepCycleTimeMin=5.000; SleepCycleTimeStd=0.003; SleepCycleTimeSum=1631.751; SubmitCycleTimeAvg=0.040; SubmitCycleTimeMax=2.749; SubmitCycleTimeMin=0.000; SubmitCycleTimeStd=0.195; SubmitCycleTimeSum=12.974; EventCycleTimeCount=326.000; SleepCycleTimeCount=326.000; SubmitCycleTimeCount=327.000; LogProcessCycleTimeAvg=0.338; LogProcessCycleTimeMax=20.234; LogProcessCycleTimeMin=0.003; LogProcessCycleTimeStd=1.720; LogProcessCycleTimeSum=54.135; LogProcessCycleTimeCount=160.000; ]
08/17/26 01:43:39 Currently monitoring 1 HTCondor log file(s)
08/17/26 01:43:39 Event: ULOG_JOB_TERMINATED for HTCondor Node C_W15_HI_M1_A07_S2_F0 (6053721.0.0) {08/17/26 01:43:37}
08/17/26 01:43:39 Number of idle job procs: 2
08/17/26 01:43:39 Node C_W15_HI_M1_A07_S2_F0 job proc (6053721.0.0) completed successfully.
08/17/26 01:43:39 Node C_W15_HI_M1_A07_S2_F0 job(s) have exited the queue
08/17/26 01:43:39 Event: ULOG_JOB_TERMINATED for HTCondor Node P_W15_IH_M1_A07_S6 (6053266.0.0) {08/17/26 01:43:37}
08/17/26 01:43:39 Number of idle job procs: 2
08/17/26 01:43:39 Node P_W15_IH_M1_A07_S6 job proc (6053266.0.0) completed successfully.
08/17/26 01:43:39 Node P_W15_IH_M1_A07_S6 job(s) have exited the queue
08/17/26 01:43:39 DAG status: 0 (DAG_STATUS_OK)
08/17/26 01:43:39 Of 432 nodes total:
08/17/26 01:43:39  Done     Pre   Queued    Post   Ready   Un-Ready   Failed   Futile
08/17/26 01:43:39   ===     ===      ===     ===     ===        ===      ===      ===
08/17/26 01:43:39   212       0      163       0       1         56        0        0
08/17/26 01:43:39 0 job proc(s) currently held
08/17/26 01:43:39 DAGMan Runtime Statistics: [EventCycleTimeAvg=0.232; EventCycleTimeMax=20.234; EventCycleTimeMin=0.000; EventCycleTimeStd=1.262; EventCycleTimeSum=75.870; SleepCycleTimeAvg=5.005; SleepCycleTimeMax=5.040; SleepCycleTimeMin=5.000; SleepCycleTimeStd=0.003; SleepCycleTimeSum=1636.756; SubmitCycleTimeAvg=0.040; SubmitCycleTimeMax=2.749; SubmitCycleTimeMin=0.000; SubmitCycleTimeStd=0.195; SubmitCycleTimeSum=12.974; EventCycleTimeCount=327.000; SleepCycleTimeCount=327.000; SubmitCycleTimeCount=328.000; LogProcessCycleTimeAvg=0.336; LogProcessCycleTimeMax=20.234; LogProcessCycleTimeMin=0.003; LogProcessCycleTimeStd=1.715; LogProcessCycleTimeSum=54.165; LogProcessCycleTimeCount=161.000; ]
08/17/26 01:43:44 Submitting HTCondor Node C_W15_IH_M1_A07_S6_F0 job(s)...
08/17/26 01:43:44 Submitting node C_W15_IH_M1_A07_S6_F0 from file /afs/cern.ch/user/c/cglenn/FCCWork/whizard/whizard_ttbar_spinpol/phase11_diagnostics/excess_weight_rootcause_v1/ttbar_restricted_region_suite_v1/regions/submissions/20260816T231425Z_U9region_core_W15_S8_np1_v1p0p1/region_child.sub using direct job submission
08/17/26 01:43:44 	assigned HTCondor ID (6053798.0.0)
08/17/26 01:43:44 Just submitted 1 job this cycle...
08/17/26 01:43:44 Currently monitoring 1 HTCondor log file(s)
08/17/26 01:43:44 Event: ULOG_EXECUTE for HTCondor Node C_W15_HI_M1_A07_S0_F0 (6053790.0.0) {08/17/26 01:43:40}
08/17/26 01:43:44 Number of idle job procs: 1
08/17/26 01:43:44 Reassigning the id of job C_W15_IH_M1_A07_S6_F0 from (6053798.0.0) to (6053798.0.0)
08/17/26 01:43:44 Event: ULOG_SUBMIT for HTCondor Node C_W15_IH_M1_A07_S6_F0 (6053798.0.0) {08/17/26 01:43:44}
08/17/26 01:43:44 Number of idle job procs: 2
08/17/26 01:43:44 DAG status: 0 (DAG_STATUS_OK)
08/17/26 01:43:44 Of 432 nodes total:
08/17/26 01:43:44  Done     Pre   Queued    Post   Ready   Un-Ready   Failed   Futile
08/17/26 01:43:44   ===     ===      ===     ===     ===        ===      ===      ===
08/17/26 01:43:44   212       0      164       0       0         56        0        0
08/17/26 01:43:44 0 job proc(s) currently held
08/17/26 01:43:44 DAGMan Runtime Statistics: [EventCycleTimeAvg=0.231; EventCycleTimeMax=20.234; EventCycleTimeMin=0.000; EventCycleTimeStd=1.260; EventCycleTimeSum=75.924; SleepCycleTimeAvg=5.005; SleepCycleTimeMax=5.040; SleepCycleTimeMin=5.000; SleepCycleTimeStd=0.003; SleepCycleTimeSum=1641.764; SubmitCycleTimeAvg=0.040; SubmitCycleTimeMax=2.749; SubmitCycleTimeMin=0.000; SubmitCycleTimeStd=0.194; SubmitCycleTimeSum=13.007; EventCycleTimeCount=328.000; SleepCycleTimeCount=328.000; SubmitCycleTimeCount=329.000; LogProcessCycleTimeAvg=0.334; LogProcessCycleTimeMax=20.234; LogProcessCycleTimeMin=0.003; LogProcessCycleTimeStd=1.710; LogProcessCycleTimeSum=54.188; LogProcessCycleTimeCount=162.000; ]
08/17/26 01:43:49 Currently monitoring 1 HTCondor log file(s)
08/17/26 01:43:49 Event: ULOG_JOB_TERMINATED for HTCondor Node C_W15_HI_M2_A10_S1_F2 (6053371.0.0) {08/17/26 01:43:49}
08/17/26 01:43:49 Number of idle job procs: 2
08/17/26 01:43:49 Node C_W15_HI_M2_A10_S1_F2 job proc (6053371.0.0) completed successfully.
08/17/26 01:43:49 Node C_W15_HI_M2_A10_S1_F2 job(s) have exited the queue
08/17/26 01:43:49 DAG status: 0 (DAG_STATUS_OK)
08/17/26 01:43:49 Of 432 nodes total:
08/17/26 01:43:49  Done     Pre   Queued    Post   Ready   Un-Ready   Failed   Futile
08/17/26 01:43:50   ===     ===      ===     ===     ===        ===      ===      ===
08/17/26 01:43:50   213       0      163       0       0         56        0        0
08/17/26 01:43:50 0 job proc(s) currently held
08/17/26 01:43:50 DAGMan Runtime Statistics: [EventCycleTimeAvg=0.231; EventCycleTimeMax=20.234; EventCycleTimeMin=0.000; EventCycleTimeStd=1.258; EventCycleTimeSum=76.010; SleepCycleTimeAvg=5.005; SleepCycleTimeMax=5.040; SleepCycleTimeMin=5.000; SleepCycleTimeStd=0.003; SleepCycleTimeSum=1646.769; SubmitCycleTimeAvg=0.039; SubmitCycleTimeMax=2.749; SubmitCycleTimeMin=0.000; SubmitCycleTimeStd=0.194; SubmitCycleTimeSum=13.007; EventCycleTimeCount=329.000; SleepCycleTimeCount=329.000; SubmitCycleTimeCount=330.000; LogProcessCycleTimeAvg=0.333; LogProcessCycleTimeMax=20.234; LogProcessCycleTimeMin=0.003; LogProcessCycleTimeStd=1.705; LogProcessCycleTimeSum=54.206; LogProcessCycleTimeCount=163.000; ]
08/17/26 01:44:20 Currently monitoring 1 HTCondor log file(s)
08/17/26 01:44:20 Event: ULOG_JOB_TERMINATED for HTCondor Node C_W15_IH_M0_A00_S1_F0 (6053561.0.0) {08/17/26 01:44:18}
08/17/26 01:44:20 Number of idle job procs: 2
08/17/26 01:44:20 Node C_W15_IH_M0_A00_S1_F0 job proc (6053561.0.0) completed successfully.
08/17/26 01:44:20 Node C_W15_IH_M0_A00_S1_F0 job(s) have exited the queue
08/17/26 01:44:20 DAG status: 0 (DAG_STATUS_OK)
08/17/26 01:44:20 Of 432 nodes total:
08/17/26 01:44:20  Done     Pre   Queued    Post   Ready   Un-Ready   Failed   Futile
08/17/26 01:44:20   ===     ===      ===     ===     ===        ===      ===      ===
08/17/26 01:44:20   214       0      162       0       0         56        0        0
08/17/26 01:44:20 0 job proc(s) currently held
08/17/26 01:44:20 DAGMan Runtime Statistics: [EventCycleTimeAvg=0.227; EventCycleTimeMax=20.234; EventCycleTimeMin=0.000; EventCycleTimeStd=1.247; EventCycleTimeSum=76.052; SleepCycleTimeAvg=5.005; SleepCycleTimeMax=5.040; SleepCycleTimeMin=5.000; SleepCycleTimeStd=0.003; SleepCycleTimeSum=1676.800; SubmitCycleTimeAvg=0.039; SubmitCycleTimeMax=2.749; SubmitCycleTimeMin=0.000; SubmitCycleTimeStd=0.192; SubmitCycleTimeSum=13.007; EventCycleTimeCount=335.000; SleepCycleTimeCount=335.000; SubmitCycleTimeCount=336.000; LogProcessCycleTimeAvg=0.331; LogProcessCycleTimeMax=20.234; LogProcessCycleTimeMin=0.003; LogProcessCycleTimeStd=1.700; LogProcessCycleTimeSum=54.224; LogProcessCycleTimeCount=164.000; ]
08/17/26 01:44:25 Currently monitoring 1 HTCondor log file(s)
08/17/26 01:44:25 Event: ULOG_EXECUTE for HTCondor Node C_W15_IH_M1_A07_S2_F0 (6053794.0.0) {08/17/26 01:44:21}
08/17/26 01:44:25 Number of idle job procs: 1
08/17/26 01:44:25 Event: ULOG_JOB_TERMINATED for HTCondor Node C_W15_IL_M0_A00_S7_F0 (6053574.0.0) {08/17/26 01:44:21}
08/17/26 01:44:25 Number of idle job procs: 1
08/17/26 01:44:25 Node C_W15_IL_M0_A00_S7_F0 job proc (6053574.0.0) completed successfully.
08/17/26 01:44:25 Node C_W15_IL_M0_A00_S7_F0 job(s) have exited the queue
08/17/26 01:44:25 DAG status: 0 (DAG_STATUS_OK)
08/17/26 01:44:25 Of 432 nodes total:
08/17/26 01:44:25  Done     Pre   Queued    Post   Ready   Un-Ready   Failed   Futile
08/17/26 01:44:25   ===     ===      ===     ===     ===        ===      ===      ===
08/17/26 01:44:25   215       0      161       0       0         56        0        0
08/17/26 01:44:25 0 job proc(s) currently held
08/17/26 01:44:25 DAGMan Runtime Statistics: [EventCycleTimeAvg=0.226; EventCycleTimeMax=20.234; EventCycleTimeMin=0.000; EventCycleTimeStd=1.245; EventCycleTimeSum=76.096; SleepCycleTimeAvg=5.005; SleepCycleTimeMax=5.040; SleepCycleTimeMin=5.000; SleepCycleTimeStd=0.003; SleepCycleTimeSum=1681.808; SubmitCycleTimeAvg=0.039; SubmitCycleTimeMax=2.749; SubmitCycleTimeMin=0.000; SubmitCycleTimeStd=0.192; SubmitCycleTimeSum=13.007; EventCycleTimeCount=336.000; SleepCycleTimeCount=336.000; SubmitCycleTimeCount=337.000; LogProcessCycleTimeAvg=0.329; LogProcessCycleTimeMax=20.234; LogProcessCycleTimeMin=0.003; LogProcessCycleTimeStd=1.695; LogProcessCycleTimeSum=54.252; LogProcessCycleTimeCount=165.000; ]
08/17/26 01:44:40 Currently monitoring 1 HTCondor log file(s)
08/17/26 01:44:40 Event: ULOG_JOB_TERMINATED for HTCondor Node P_W15_LL_M1_A07_S6 (6053146.0.0) {08/17/26 01:44:39}
08/17/26 01:44:40 Number of idle job procs: 1
08/17/26 01:44:40 Node P_W15_LL_M1_A07_S6 job proc (6053146.0.0) completed successfully.
08/17/26 01:44:40 Node P_W15_LL_M1_A07_S6 job(s) have exited the queue
08/17/26 01:44:40 DAG status: 0 (DAG_STATUS_OK)
08/17/26 01:44:40 Of 432 nodes total:
08/17/26 01:44:40  Done     Pre   Queued    Post   Ready   Un-Ready   Failed   Futile
08/17/26 01:44:40   ===     ===      ===     ===     ===        ===      ===      ===
08/17/26 01:44:40   216       0      160       0       1         55        0        0
08/17/26 01:44:40 0 job proc(s) currently held
08/17/26 01:44:40 DAGMan Runtime Statistics: [EventCycleTimeAvg=0.225; EventCycleTimeMax=20.234; EventCycleTimeMin=0.000; EventCycleTimeStd=1.240; EventCycleTimeSum=76.149; SleepCycleTimeAvg=5.005; SleepCycleTimeMax=5.040; SleepCycleTimeMin=5.000; SleepCycleTimeStd=0.003; SleepCycleTimeSum=1696.809; SubmitCycleTimeAvg=0.038; SubmitCycleTimeMax=2.749; SubmitCycleTimeMin=0.000; SubmitCycleTimeStd=0.191; SubmitCycleTimeSum=13.007; EventCycleTimeCount=339.000; SleepCycleTimeCount=339.000; SubmitCycleTimeCount=340.000; LogProcessCycleTimeAvg=0.327; LogProcessCycleTimeMax=20.234; LogProcessCycleTimeMin=0.003; LogProcessCycleTimeStd=1.690; LogProcessCycleTimeSum=54.271; LogProcessCycleTimeCount=166.000; ]
08/17/26 01:44:45 Submitting HTCondor Node C_W15_LL_M1_A07_S6_F0 job(s)...
08/17/26 01:44:45 Submitting node C_W15_LL_M1_A07_S6_F0 from file /afs/cern.ch/user/c/cglenn/FCCWork/whizard/whizard_ttbar_spinpol/phase11_diagnostics/excess_weight_rootcause_v1/ttbar_restricted_region_suite_v1/regions/submissions/20260816T231425Z_U9region_core_W15_S8_np1_v1p0p1/region_child.sub using direct job submission
08/17/26 01:44:45 	assigned HTCondor ID (6053817.0.0)
08/17/26 01:44:45 Just submitted 1 job this cycle...
08/17/26 01:44:45 DAG status: 0 (DAG_STATUS_OK)
08/17/26 01:44:45 Of 432 nodes total:
08/17/26 01:44:45  Done     Pre   Queued    Post   Ready   Un-Ready   Failed   Futile
08/17/26 01:44:45   ===     ===      ===     ===     ===        ===      ===      ===
08/17/26 01:44:45   216       0      161       0       0         55        0        0
08/17/26 01:44:45 0 job proc(s) currently held
08/17/26 01:44:45 DAGMan Runtime Statistics: [EventCycleTimeAvg=0.224; EventCycleTimeMax=20.234; EventCycleTimeMin=0.000; EventCycleTimeStd=1.238; EventCycleTimeSum=76.196; SleepCycleTimeAvg=5.005; SleepCycleTimeMax=5.040; SleepCycleTimeMin=5.000; SleepCycleTimeStd=0.003; SleepCycleTimeSum=1701.815; SubmitCycleTimeAvg=0.038; SubmitCycleTimeMax=2.749; SubmitCycleTimeMin=0.000; SubmitCycleTimeStd=0.191; SubmitCycleTimeSum=13.040; EventCycleTimeCount=340.000; SleepCycleTimeCount=340.000; SubmitCycleTimeCount=341.000; LogProcessCycleTimeAvg=0.327; LogProcessCycleTimeMax=20.234; LogProcessCycleTimeMin=0.003; LogProcessCycleTimeStd=1.690; LogProcessCycleTimeSum=54.271; LogProcessCycleTimeCount=166.000; ]
08/17/26 01:44:50 Currently monitoring 1 HTCondor log file(s)
08/17/26 01:44:50 Reassigning the id of job C_W15_LL_M1_A07_S6_F0 from (6053817.0.0) to (6053817.0.0)
08/17/26 01:44:50 Event: ULOG_SUBMIT for HTCondor Node C_W15_LL_M1_A07_S6_F0 (6053817.0.0) {08/17/26 01:44:45}
08/17/26 01:44:50 Number of idle job procs: 2
08/17/26 01:44:50 Event: ULOG_JOB_TERMINATED for HTCondor Node C_W15_IL_M2_A10_S1_F2 (6053409.0.0) {08/17/26 01:44:46}
08/17/26 01:44:50 Number of idle job procs: 2
08/17/26 01:44:50 Node C_W15_IL_M2_A10_S1_F2 job proc (6053409.0.0) completed successfully.
08/17/26 01:44:50 Node C_W15_IL_M2_A10_S1_F2 job(s) have exited the queue
08/17/26 01:44:50 DAG status: 0 (DAG_STATUS_OK)
08/17/26 01:44:50 Of 432 nodes total:
08/17/26 01:44:50  Done     Pre   Queued    Post   Ready   Un-Ready   Failed   Futile
08/17/26 01:44:50   ===     ===      ===     ===     ===        ===      ===      ===
08/17/26 01:44:50   217       0      160       0       0         55        0        0
08/17/26 01:44:50 0 job proc(s) currently held
08/17/26 01:44:50 DAGMan Runtime Statistics: [EventCycleTimeAvg=0.224; EventCycleTimeMax=20.234; EventCycleTimeMin=0.000; EventCycleTimeStd=1.236; EventCycleTimeSum=76.260; SleepCycleTimeAvg=5.005; SleepCycleTimeMax=5.040; SleepCycleTimeMin=5.000; SleepCycleTimeStd=0.003; SleepCycleTimeSum=1706.820; SubmitCycleTimeAvg=0.038; SubmitCycleTimeMax=2.749; SubmitCycleTimeMin=0.000; SubmitCycleTimeStd=0.191; SubmitCycleTimeSum=13.040; EventCycleTimeCount=341.000; SleepCycleTimeCount=341.000; SubmitCycleTimeCount=342.000; LogProcessCycleTimeAvg=0.325; LogProcessCycleTimeMax=20.234; LogProcessCycleTimeMin=0.003; LogProcessCycleTimeStd=1.685; LogProcessCycleTimeSum=54.303; LogProcessCycleTimeCount=167.000; ]
08/17/26 01:45:00 Currently monitoring 1 HTCondor log file(s)
08/17/26 01:45:00 Event: ULOG_JOB_TERMINATED for HTCondor Node C_W15_LL_M0_A00_S2_F0 (6053580.0.0) {08/17/26 01:44:59}
08/17/26 01:45:00 Number of idle job procs: 2
08/17/26 01:45:00 Node C_W15_LL_M0_A00_S2_F0 job proc (6053580.0.0) completed successfully.
08/17/26 01:45:00 Node C_W15_LL_M0_A00_S2_F0 job(s) have exited the queue
08/17/26 01:45:00 DAG status: 0 (DAG_STATUS_OK)
08/17/26 01:45:00 Of 432 nodes total:
08/17/26 01:45:00  Done     Pre   Queued    Post   Ready   Un-Ready   Failed   Futile
08/17/26 01:45:00   ===     ===      ===     ===     ===        ===      ===      ===
08/17/26 01:45:00   218       0      159       0       0         55        0        0
08/17/26 01:45:00 0 job proc(s) currently held
08/17/26 01:45:00 DAGMan Runtime Statistics: [EventCycleTimeAvg=0.223; EventCycleTimeMax=20.234; EventCycleTimeMin=0.000; EventCycleTimeStd=1.233; EventCycleTimeSum=76.319; SleepCycleTimeAvg=5.005; SleepCycleTimeMax=5.040; SleepCycleTimeMin=5.000; SleepCycleTimeStd=0.003; SleepCycleTimeSum=1716.829; SubmitCycleTimeAvg=0.038; SubmitCycleTimeMax=2.749; SubmitCycleTimeMin=0.000; SubmitCycleTimeStd=0.190; SubmitCycleTimeSum=13.040; EventCycleTimeCount=343.000; SleepCycleTimeCount=343.000; SubmitCycleTimeCount=344.000; LogProcessCycleTimeAvg=0.323; LogProcessCycleTimeMax=20.234; LogProcessCycleTimeMin=0.003; LogProcessCycleTimeStd=1.680; LogProcessCycleTimeSum=54.323; LogProcessCycleTimeCount=168.000; ]
08/17/26 01:45:05 Currently monitoring 1 HTCondor log file(s)
08/17/26 01:45:05 Event: ULOG_JOB_TERMINATED for HTCondor Node C_W15_HI_M1_A07_S6_F0 (6053722.0.0) {08/17/26 01:45:01}
08/17/26 01:45:05 Number of idle job procs: 2
08/17/26 01:45:05 Node C_W15_HI_M1_A07_S6_F0 job proc (6053722.0.0) completed successfully.
08/17/26 01:45:05 Node C_W15_HI_M1_A07_S6_F0 job(s) have exited the queue
08/17/26 01:45:05 Event: ULOG_JOB_TERMINATED for HTCondor Node P_W15_HI_M1_A07_S3 (6053311.0.0) {08/17/26 01:45:03}
08/17/26 01:45:05 Number of idle job procs: 2
08/17/26 01:45:05 Node P_W15_HI_M1_A07_S3 job proc (6053311.0.0) completed successfully.
08/17/26 01:45:05 Node P_W15_HI_M1_A07_S3 job(s) have exited the queue
08/17/26 01:45:05 DAG status: 0 (DAG_STATUS_OK)
08/17/26 01:45:05 Of 432 nodes total:
08/17/26 01:45:05  Done     Pre   Queued    Post   Ready   Un-Ready   Failed   Futile
08/17/26 01:45:05   ===     ===      ===     ===     ===        ===      ===      ===
08/17/26 01:45:05   220       0      157       0       1         54        0        0
08/17/26 01:45:05 0 job proc(s) currently held
08/17/26 01:45:05 DAGMan Runtime Statistics: [EventCycleTimeAvg=0.222; EventCycleTimeMax=20.234; EventCycleTimeMin=0.000; EventCycleTimeStd=1.231; EventCycleTimeSum=76.367; SleepCycleTimeAvg=5.005; SleepCycleTimeMax=5.040; SleepCycleTimeMin=5.000; SleepCycleTimeStd=0.003; SleepCycleTimeSum=1721.834; SubmitCycleTimeAvg=0.038; SubmitCycleTimeMax=2.749; SubmitCycleTimeMin=0.000; SubmitCycleTimeStd=0.190; SubmitCycleTimeSum=13.040; EventCycleTimeCount=344.000; SleepCycleTimeCount=344.000; SubmitCycleTimeCount=345.000; LogProcessCycleTimeAvg=0.322; LogProcessCycleTimeMax=20.234; LogProcessCycleTimeMin=0.003; LogProcessCycleTimeStd=1.675; LogProcessCycleTimeSum=54.360; LogProcessCycleTimeCount=169.000; ]
08/17/26 01:45:10 Submitting HTCondor Node C_W15_HI_M1_A07_S3_F0 job(s)...
08/17/26 01:45:10 Submitting node C_W15_HI_M1_A07_S3_F0 from file /afs/cern.ch/user/c/cglenn/FCCWork/whizard/whizard_ttbar_spinpol/phase11_diagnostics/excess_weight_rootcause_v1/ttbar_restricted_region_suite_v1/regions/submissions/20260816T231425Z_U9region_core_W15_S8_np1_v1p0p1/region_child.sub using direct job submission
08/17/26 01:45:10 	assigned HTCondor ID (6053818.0.0)
08/17/26 01:45:10 Just submitted 1 job this cycle...
08/17/26 01:45:10 DAG status: 0 (DAG_STATUS_OK)
08/17/26 01:45:10 Of 432 nodes total:
08/17/26 01:45:10  Done     Pre   Queued    Post   Ready   Un-Ready   Failed   Futile
08/17/26 01:45:10   ===     ===      ===     ===     ===        ===      ===      ===
08/17/26 01:45:10   220       0      158       0       0         54        0        0
08/17/26 01:45:10 0 job proc(s) currently held
08/17/26 01:45:10 DAGMan Runtime Statistics: [EventCycleTimeAvg=0.222; EventCycleTimeMax=20.234; EventCycleTimeMin=0.000; EventCycleTimeStd=1.229; EventCycleTimeSum=76.433; SleepCycleTimeAvg=5.005; SleepCycleTimeMax=5.040; SleepCycleTimeMin=5.000; SleepCycleTimeStd=0.003; SleepCycleTimeSum=1726.839; SubmitCycleTimeAvg=0.038; SubmitCycleTimeMax=2.749; SubmitCycleTimeMin=0.000; SubmitCycleTimeStd=0.190; SubmitCycleTimeSum=13.073; EventCycleTimeCount=345.000; SleepCycleTimeCount=345.000; SubmitCycleTimeCount=346.000; LogProcessCycleTimeAvg=0.322; LogProcessCycleTimeMax=20.234; LogProcessCycleTimeMin=0.003; LogProcessCycleTimeStd=1.675; LogProcessCycleTimeSum=54.360; LogProcessCycleTimeCount=169.000; ]
08/17/26 01:45:15 Currently monitoring 1 HTCondor log file(s)
08/17/26 01:45:15 Reassigning the id of job C_W15_HI_M1_A07_S3_F0 from (6053818.0.0) to (6053818.0.0)
08/17/26 01:45:15 Event: ULOG_SUBMIT for HTCondor Node C_W15_HI_M1_A07_S3_F0 (6053818.0.0) {08/17/26 01:45:10}
08/17/26 01:45:15 Number of idle job procs: 3
08/17/26 01:45:15 Total jobs placed to AP: 378
08/17/26 01:45:15      Idle     Held     Running     Successful     Failed
08/17/26 01:45:15       ===      ===         ===            ===        ===
08/17/26 01:45:15         3        0         155            220          0
08/17/26 01:45:20 Currently monitoring 1 HTCondor log file(s)
08/17/26 01:45:20 Event: ULOG_JOB_TERMINATED for HTCondor Node C_W15_HI_M2_A10_S5_F2 (6053361.0.0) {08/17/26 01:45:19}
08/17/26 01:45:20 Number of idle job procs: 3
08/17/26 01:45:20 Node C_W15_HI_M2_A10_S5_F2 job proc (6053361.0.0) completed successfully.
08/17/26 01:45:20 Node C_W15_HI_M2_A10_S5_F2 job(s) have exited the queue
08/17/26 01:45:20 DAG status: 0 (DAG_STATUS_OK)
08/17/26 01:45:20 Of 432 nodes total:
08/17/26 01:45:20  Done     Pre   Queued    Post   Ready   Un-Ready   Failed   Futile
08/17/26 01:45:20   ===     ===      ===     ===     ===        ===      ===      ===
08/17/26 01:45:20   221       0      157       0       0         54        0        0
08/17/26 01:45:20 0 job proc(s) currently held
08/17/26 01:45:20 DAGMan Runtime Statistics: [EventCycleTimeAvg=0.221; EventCycleTimeMax=20.234; EventCycleTimeMin=0.000; EventCycleTimeStd=1.226; EventCycleTimeSum=76.535; SleepCycleTimeAvg=5.005; SleepCycleTimeMax=5.040; SleepCycleTimeMin=5.000; SleepCycleTimeStd=0.003; SleepCycleTimeSum=1736.851; SubmitCycleTimeAvg=0.038; SubmitCycleTimeMax=2.749; SubmitCycleTimeMin=0.000; SubmitCycleTimeStd=0.189; SubmitCycleTimeSum=13.073; EventCycleTimeCount=347.000; SleepCycleTimeCount=347.000; SubmitCycleTimeCount=348.000; LogProcessCycleTimeAvg=0.318; LogProcessCycleTimeMax=20.234; LogProcessCycleTimeMin=0.003; LogProcessCycleTimeStd=1.666; LogProcessCycleTimeSum=54.398; LogProcessCycleTimeCount=171.000; ]
08/17/26 01:45:30 Currently monitoring 1 HTCondor log file(s)
08/17/26 01:45:30 Event: ULOG_JOB_TERMINATED for HTCondor Node C_W15_LL_M0_A00_S6_F0 (6053585.0.0) {08/17/26 01:45:26}
08/17/26 01:45:30 Number of idle job procs: 3
08/17/26 01:45:30 Node C_W15_LL_M0_A00_S6_F0 job proc (6053585.0.0) completed successfully.
08/17/26 01:45:30 Node C_W15_LL_M0_A00_S6_F0 job(s) have exited the queue
08/17/26 01:45:30 DAG status: 0 (DAG_STATUS_OK)
08/17/26 01:45:30 Of 432 nodes total:
08/17/26 01:45:30  Done     Pre   Queued    Post   Ready   Un-Ready   Failed   Futile
08/17/26 01:45:30   ===     ===      ===     ===     ===        ===      ===      ===
08/17/26 01:45:30   222       0      156       0       0         54        0        0
08/17/26 01:45:30 0 job proc(s) currently held
08/17/26 01:45:30 DAGMan Runtime Statistics: [EventCycleTimeAvg=0.219; EventCycleTimeMax=20.234; EventCycleTimeMin=0.000; EventCycleTimeStd=1.222; EventCycleTimeSum=76.586; SleepCycleTimeAvg=5.005; SleepCycleTimeMax=5.040; SleepCycleTimeMin=5.000; SleepCycleTimeStd=0.003; SleepCycleTimeSum=1746.862; SubmitCycleTimeAvg=0.037; SubmitCycleTimeMax=2.749; SubmitCycleTimeMin=0.000; SubmitCycleTimeStd=0.189; SubmitCycleTimeSum=13.073; EventCycleTimeCount=349.000; SleepCycleTimeCount=349.000; SubmitCycleTimeCount=350.000; LogProcessCycleTimeAvg=0.316; LogProcessCycleTimeMax=20.234; LogProcessCycleTimeMin=0.003; LogProcessCycleTimeStd=1.661; LogProcessCycleTimeSum=54.420; LogProcessCycleTimeCount=172.000; ]
08/17/26 01:45:35 Currently monitoring 1 HTCondor log file(s)
08/17/26 01:45:35 Event: ULOG_JOB_TERMINATED for HTCondor Node C_W15_LI_M0_A00_S7_F0 (6053593.0.0) {08/17/26 01:45:34}
08/17/26 01:45:35 Number of idle job procs: 3
08/17/26 01:45:35 Node C_W15_LI_M0_A00_S7_F0 job proc (6053593.0.0) completed successfully.
08/17/26 01:45:35 Node C_W15_LI_M0_A00_S7_F0 job(s) have exited the queue
08/17/26 01:45:35 DAG status: 0 (DAG_STATUS_OK)
08/17/26 01:45:35 Of 432 nodes total:
08/17/26 01:45:35  Done     Pre   Queued    Post   Ready   Un-Ready   Failed   Futile
08/17/26 01:45:35   ===     ===      ===     ===     ===        ===      ===      ===
08/17/26 01:45:35   223       0      155       0       0         54        0        0
08/17/26 01:45:35 0 job proc(s) currently held
08/17/26 01:45:35 DAGMan Runtime Statistics: [EventCycleTimeAvg=0.219; EventCycleTimeMax=20.234; EventCycleTimeMin=0.000; EventCycleTimeStd=1.220; EventCycleTimeSum=76.645; SleepCycleTimeAvg=5.005; SleepCycleTimeMax=5.040; SleepCycleTimeMin=5.000; SleepCycleTimeStd=0.003; SleepCycleTimeSum=1751.867; SubmitCycleTimeAvg=0.037; SubmitCycleTimeMax=2.749; SubmitCycleTimeMin=0.000; SubmitCycleTimeStd=0.188; SubmitCycleTimeSum=13.073; EventCycleTimeCount=350.000; SleepCycleTimeCount=350.000; SubmitCycleTimeCount=351.000; LogProcessCycleTimeAvg=0.315; LogProcessCycleTimeMax=20.234; LogProcessCycleTimeMin=0.003; LogProcessCycleTimeStd=1.656; LogProcessCycleTimeSum=54.442; LogProcessCycleTimeCount=173.000; ]
08/17/26 01:45:40 Currently monitoring 1 HTCondor log file(s)
08/17/26 01:45:40 Event: ULOG_EXECUTE for HTCondor Node C_W15_IH_M1_A07_S6_F0 (6053798.0.0) {08/17/26 01:45:36}
08/17/26 01:45:40 Number of idle job procs: 2
08/17/26 01:46:10 Currently monitoring 1 HTCondor log file(s)
08/17/26 01:46:10 Event: ULOG_JOB_TERMINATED for HTCondor Node C_W15_LL_M0_A00_S3_F0 (6053592.0.0) {08/17/26 01:46:08}
08/17/26 01:46:10 Number of idle job procs: 2
08/17/26 01:46:10 Node C_W15_LL_M0_A00_S3_F0 job proc (6053592.0.0) completed successfully.
08/17/26 01:46:10 Node C_W15_LL_M0_A00_S3_F0 job(s) have exited the queue
08/17/26 01:46:10 DAG status: 0 (DAG_STATUS_OK)
08/17/26 01:46:10 Of 432 nodes total:
08/17/26 01:46:10  Done     Pre   Queued    Post   Ready   Un-Ready   Failed   Futile
08/17/26 01:46:10   ===     ===      ===     ===     ===        ===      ===      ===
08/17/26 01:46:10   224       0      154       0       0         54        0        0
08/17/26 01:46:10 0 job proc(s) currently held
08/17/26 01:46:10 DAGMan Runtime Statistics: [EventCycleTimeAvg=0.215; EventCycleTimeMax=20.234; EventCycleTimeMin=0.000; EventCycleTimeStd=1.209; EventCycleTimeSum=76.713; SleepCycleTimeAvg=5.005; SleepCycleTimeMax=5.040; SleepCycleTimeMin=5.000; SleepCycleTimeStd=0.003; SleepCycleTimeSum=1786.905; SubmitCycleTimeAvg=0.037; SubmitCycleTimeMax=2.749; SubmitCycleTimeMin=0.000; SubmitCycleTimeStd=0.187; SubmitCycleTimeSum=13.073; EventCycleTimeCount=357.000; SleepCycleTimeCount=357.000; SubmitCycleTimeCount=358.000; LogProcessCycleTimeAvg=0.311; LogProcessCycleTimeMax=20.234; LogProcessCycleTimeMin=0.003; LogProcessCycleTimeStd=1.647; LogProcessCycleTimeSum=54.478; LogProcessCycleTimeCount=175.000; ]
08/17/26 01:46:15 Currently monitoring 1 HTCondor log file(s)
08/17/26 01:46:15 Event: ULOG_JOB_TERMINATED for HTCondor Node C_W15_LL_M0_A00_S1_F0 (6053607.0.0) {08/17/26 01:46:12}
08/17/26 01:46:15 Number of idle job procs: 2
08/17/26 01:46:15 Node C_W15_LL_M0_A00_S1_F0 job proc (6053607.0.0) completed successfully.
08/17/26 01:46:15 Node C_W15_LL_M0_A00_S1_F0 job(s) have exited the queue
08/17/26 01:46:15 DAG status: 0 (DAG_STATUS_OK)
08/17/26 01:46:15 Of 432 nodes total:
08/17/26 01:46:15  Done     Pre   Queued    Post   Ready   Un-Ready   Failed   Futile
08/17/26 01:46:15   ===     ===      ===     ===     ===        ===      ===      ===
08/17/26 01:46:15   225       0      153       0       0         54        0        0
08/17/26 01:46:15 0 job proc(s) currently held
08/17/26 01:46:15 DAGMan Runtime Statistics: [EventCycleTimeAvg=0.214; EventCycleTimeMax=20.234; EventCycleTimeMin=0.000; EventCycleTimeStd=1.207; EventCycleTimeSum=76.767; SleepCycleTimeAvg=5.005; SleepCycleTimeMax=5.040; SleepCycleTimeMin=5.000; SleepCycleTimeStd=0.003; SleepCycleTimeSum=1791.911; SubmitCycleTimeAvg=0.036; SubmitCycleTimeMax=2.749; SubmitCycleTimeMin=0.000; SubmitCycleTimeStd=0.186; SubmitCycleTimeSum=13.073; EventCycleTimeCount=358.000; SleepCycleTimeCount=358.000; SubmitCycleTimeCount=359.000; LogProcessCycleTimeAvg=0.310; LogProcessCycleTimeMax=20.234; LogProcessCycleTimeMin=0.003; LogProcessCycleTimeStd=1.642; LogProcessCycleTimeSum=54.501; LogProcessCycleTimeCount=176.000; ]
08/17/26 01:46:25 Currently monitoring 1 HTCondor log file(s)
08/17/26 01:46:25 Event: ULOG_JOB_TERMINATED for HTCondor Node P_W15_HI_M1_A07_S1 (6053309.0.0) {08/17/26 01:46:24}
08/17/26 01:46:25 Number of idle job procs: 2
08/17/26 01:46:25 Node P_W15_HI_M1_A07_S1 job proc (6053309.0.0) completed successfully.
08/17/26 01:46:25 Node P_W15_HI_M1_A07_S1 job(s) have exited the queue
08/17/26 01:46:25 DAG status: 0 (DAG_STATUS_OK)
08/17/26 01:46:25 Of 432 nodes total:
08/17/26 01:46:25  Done     Pre   Queued    Post   Ready   Un-Ready   Failed   Futile
08/17/26 01:46:25   ===     ===      ===     ===     ===        ===      ===      ===
08/17/26 01:46:25   226       0      152       0       1         53        0        0
08/17/26 01:46:25 0 job proc(s) currently held
08/17/26 01:46:25 DAGMan Runtime Statistics: [EventCycleTimeAvg=0.213; EventCycleTimeMax=20.234; EventCycleTimeMin=0.000; EventCycleTimeStd=1.204; EventCycleTimeSum=76.821; SleepCycleTimeAvg=5.005; SleepCycleTimeMax=5.040; SleepCycleTimeMin=5.000; SleepCycleTimeStd=0.003; SleepCycleTimeSum=1801.922; SubmitCycleTimeAvg=0.036; SubmitCycleTimeMax=2.749; SubmitCycleTimeMin=0.000; SubmitCycleTimeStd=0.186; SubmitCycleTimeSum=13.073; EventCycleTimeCount=360.000; SleepCycleTimeCount=360.000; SubmitCycleTimeCount=361.000; LogProcessCycleTimeAvg=0.308; LogProcessCycleTimeMax=20.234; LogProcessCycleTimeMin=0.003; LogProcessCycleTimeStd=1.638; LogProcessCycleTimeSum=54.524; LogProcessCycleTimeCount=177.000; ]
08/17/26 01:46:30 Submitting HTCondor Node C_W15_HI_M1_A07_S1_F0 job(s)...
08/17/26 01:46:31 Submitting node C_W15_HI_M1_A07_S1_F0 from file /afs/cern.ch/user/c/cglenn/FCCWork/whizard/whizard_ttbar_spinpol/phase11_diagnostics/excess_weight_rootcause_v1/ttbar_restricted_region_suite_v1/regions/submissions/20260816T231425Z_U9region_core_W15_S8_np1_v1p0p1/region_child.sub using direct job submission
08/17/26 01:46:31 	assigned HTCondor ID (6053822.0.0)
08/17/26 01:46:31 Just submitted 1 job this cycle...
08/17/26 01:46:31 DAG status: 0 (DAG_STATUS_OK)
08/17/26 01:46:31 Of 432 nodes total:
08/17/26 01:46:31  Done     Pre   Queued    Post   Ready   Un-Ready   Failed   Futile
08/17/26 01:46:31   ===     ===      ===     ===     ===        ===      ===      ===
08/17/26 01:46:31   226       0      153       0       0         53        0        0
08/17/26 01:46:31 0 job proc(s) currently held
08/17/26 01:46:31 DAGMan Runtime Statistics: [EventCycleTimeAvg=0.213; EventCycleTimeMax=20.234; EventCycleTimeMin=0.000; EventCycleTimeStd=1.202; EventCycleTimeSum=76.877; SleepCycleTimeAvg=5.005; SleepCycleTimeMax=5.040; SleepCycleTimeMin=5.000; SleepCycleTimeStd=0.003; SleepCycleTimeSum=1806.927; SubmitCycleTimeAvg=0.036; SubmitCycleTimeMax=2.749; SubmitCycleTimeMin=0.000; SubmitCycleTimeStd=0.186; SubmitCycleTimeSum=13.111; EventCycleTimeCount=361.000; SleepCycleTimeCount=361.000; SubmitCycleTimeCount=362.000; LogProcessCycleTimeAvg=0.308; LogProcessCycleTimeMax=20.234; LogProcessCycleTimeMin=0.003; LogProcessCycleTimeStd=1.638; LogProcessCycleTimeSum=54.524; LogProcessCycleTimeCount=177.000; ]
08/17/26 01:46:36 Currently monitoring 1 HTCondor log file(s)
08/17/26 01:46:36 Reassigning the id of job C_W15_HI_M1_A07_S1_F0 from (6053822.0.0) to (6053822.0.0)
08/17/26 01:46:36 Event: ULOG_SUBMIT for HTCondor Node C_W15_HI_M1_A07_S1_F0 (6053822.0.0) {08/17/26 01:46:31}
08/17/26 01:46:36 Number of idle job procs: 3
08/17/26 01:46:36 Event: ULOG_JOB_TERMINATED for HTCondor Node C_W15_IL_M0_A00_S5_F0 (6053591.0.0) {08/17/26 01:46:32}
08/17/26 01:46:36 Number of idle job procs: 3
08/17/26 01:46:36 Node C_W15_IL_M0_A00_S5_F0 job proc (6053591.0.0) completed successfully.
08/17/26 01:46:36 Node C_W15_IL_M0_A00_S5_F0 job(s) have exited the queue
08/17/26 01:46:36 DAG status: 0 (DAG_STATUS_OK)
08/17/26 01:46:36 Of 432 nodes total:
08/17/26 01:46:36  Done     Pre   Queued    Post   Ready   Un-Ready   Failed   Futile
08/17/26 01:46:36   ===     ===      ===     ===     ===        ===      ===      ===
08/17/26 01:46:36   227       0      152       0       0         53        0        0
08/17/26 01:46:36 0 job proc(s) currently held
08/17/26 01:46:36 DAGMan Runtime Statistics: [EventCycleTimeAvg=0.213; EventCycleTimeMax=20.234; EventCycleTimeMin=0.000; EventCycleTimeStd=1.201; EventCycleTimeSum=76.954; SleepCycleTimeAvg=5.005; SleepCycleTimeMax=5.040; SleepCycleTimeMin=5.000; SleepCycleTimeStd=0.003; SleepCycleTimeSum=1811.930; SubmitCycleTimeAvg=0.036; SubmitCycleTimeMax=2.749; SubmitCycleTimeMin=0.000; SubmitCycleTimeStd=0.185; SubmitCycleTimeSum=13.111; EventCycleTimeCount=362.000; SleepCycleTimeCount=362.000; SubmitCycleTimeCount=363.000; LogProcessCycleTimeAvg=0.307; LogProcessCycleTimeMax=20.234; LogProcessCycleTimeMin=0.003; LogProcessCycleTimeStd=1.633; LogProcessCycleTimeSum=54.562; LogProcessCycleTimeCount=178.000; ]
08/17/26 01:46:41 Currently monitoring 1 HTCondor log file(s)
08/17/26 01:46:41 Event: ULOG_EXECUTE for HTCondor Node C_W15_HI_M1_A07_S3_F0 (6053818.0.0) {08/17/26 01:46:37}
08/17/26 01:46:41 Number of idle job procs: 2
08/17/26 01:46:41 Event: ULOG_EXECUTE for HTCondor Node C_W15_LL_M1_A07_S6_F0 (6053817.0.0) {08/17/26 01:46:38}
08/17/26 01:46:41 Number of idle job procs: 1
08/17/26 01:46:41 Event: ULOG_JOB_TERMINATED for HTCondor Node C_W15_IH_M0_A00_S7_F0 (6053579.0.0) {08/17/26 01:46:39}
08/17/26 01:46:41 Number of idle job procs: 1
08/17/26 01:46:41 Node C_W15_IH_M0_A00_S7_F0 job proc (6053579.0.0) completed successfully.
08/17/26 01:46:41 Node C_W15_IH_M0_A00_S7_F0 job(s) have exited the queue
08/17/26 01:46:41 DAG status: 0 (DAG_STATUS_OK)
08/17/26 01:46:41 Of 432 nodes total:
08/17/26 01:46:41  Done     Pre   Queued    Post   Ready   Un-Ready   Failed   Futile
08/17/26 01:46:41   ===     ===      ===     ===     ===        ===      ===      ===
08/17/26 01:46:41   228       0      151       0       0         53        0        0
08/17/26 01:46:41 0 job proc(s) currently held
08/17/26 01:46:41 DAGMan Runtime Statistics: [EventCycleTimeAvg=0.212; EventCycleTimeMax=20.234; EventCycleTimeMin=0.000; EventCycleTimeStd=1.199; EventCycleTimeSum=77.027; SleepCycleTimeAvg=5.005; SleepCycleTimeMax=5.040; SleepCycleTimeMin=5.000; SleepCycleTimeStd=0.003; SleepCycleTimeSum=1816.940; SubmitCycleTimeAvg=0.036; SubmitCycleTimeMax=2.749; SubmitCycleTimeMin=0.000; SubmitCycleTimeStd=0.185; SubmitCycleTimeSum=13.111; EventCycleTimeCount=363.000; SleepCycleTimeCount=363.000; SubmitCycleTimeCount=364.000; LogProcessCycleTimeAvg=0.305; LogProcessCycleTimeMax=20.234; LogProcessCycleTimeMin=0.003; LogProcessCycleTimeStd=1.629; LogProcessCycleTimeSum=54.621; LogProcessCycleTimeCount=179.000; ]
08/17/26 01:47:41 Currently monitoring 1 HTCondor log file(s)
08/17/26 01:47:41 Event: ULOG_JOB_TERMINATED for HTCondor Node P_W15_LI_M1_A07_S3 (6053167.0.0) {08/17/26 01:47:40}
08/17/26 01:47:41 Number of idle job procs: 1
08/17/26 01:47:41 Node P_W15_LI_M1_A07_S3 job proc (6053167.0.0) completed successfully.
08/17/26 01:47:41 Node P_W15_LI_M1_A07_S3 job(s) have exited the queue
08/17/26 01:47:41 DAG status: 0 (DAG_STATUS_OK)
08/17/26 01:47:41 Of 432 nodes total:
08/17/26 01:47:41  Done     Pre   Queued    Post   Ready   Un-Ready   Failed   Futile
08/17/26 01:47:41   ===     ===      ===     ===     ===        ===      ===      ===
08/17/26 01:47:41   229       0      150       0       1         52        0        0
08/17/26 01:47:41 0 job proc(s) currently held
08/17/26 01:47:41 DAGMan Runtime Statistics: [EventCycleTimeAvg=0.206; EventCycleTimeMax=20.234; EventCycleTimeMin=0.000; EventCycleTimeStd=1.180; EventCycleTimeSum=77.138; SleepCycleTimeAvg=5.005; SleepCycleTimeMax=5.040; SleepCycleTimeMin=5.000; SleepCycleTimeStd=0.003; SleepCycleTimeSum=1876.993; SubmitCycleTimeAvg=0.035; SubmitCycleTimeMax=2.749; SubmitCycleTimeMin=0.000; SubmitCycleTimeStd=0.182; SubmitCycleTimeSum=13.111; EventCycleTimeCount=375.000; SleepCycleTimeCount=375.000; SubmitCycleTimeCount=376.000; LogProcessCycleTimeAvg=0.304; LogProcessCycleTimeMax=20.234; LogProcessCycleTimeMin=0.003; LogProcessCycleTimeStd=1.624; LogProcessCycleTimeSum=54.646; LogProcessCycleTimeCount=180.000; ]
08/17/26 01:47:46 Submitting HTCondor Node C_W15_LI_M1_A07_S3_F0 job(s)...
08/17/26 01:47:46 Submitting node C_W15_LI_M1_A07_S3_F0 from file /afs/cern.ch/user/c/cglenn/FCCWork/whizard/whizard_ttbar_spinpol/phase11_diagnostics/excess_weight_rootcause_v1/ttbar_restricted_region_suite_v1/regions/submissions/20260816T231425Z_U9region_core_W15_S8_np1_v1p0p1/region_child.sub using direct job submission
08/17/26 01:47:46 	assigned HTCondor ID (6053823.0.0)
08/17/26 01:47:46 Just submitted 1 job this cycle...
08/17/26 01:47:46 Currently monitoring 1 HTCondor log file(s)
08/17/26 01:47:46 Event: ULOG_EXECUTE for HTCondor Node C_W15_HI_M1_A07_S1_F0 (6053822.0.0) {08/17/26 01:47:41}
08/17/26 01:47:46 Number of idle job procs: 0
08/17/26 01:47:46 Reassigning the id of job C_W15_LI_M1_A07_S3_F0 from (6053823.0.0) to (6053823.0.0)
08/17/26 01:47:46 Event: ULOG_SUBMIT for HTCondor Node C_W15_LI_M1_A07_S3_F0 (6053823.0.0) {08/17/26 01:47:46}
08/17/26 01:47:46 Number of idle job procs: 1
08/17/26 01:47:46 DAG status: 0 (DAG_STATUS_OK)
08/17/26 01:47:46 Of 432 nodes total:
08/17/26 01:47:46  Done     Pre   Queued    Post   Ready   Un-Ready   Failed   Futile
08/17/26 01:47:46   ===     ===      ===     ===     ===        ===      ===      ===
08/17/26 01:47:46   229       0      151       0       0         52        0        0
08/17/26 01:47:46 0 job proc(s) currently held
08/17/26 01:47:46 DAGMan Runtime Statistics: [EventCycleTimeAvg=0.205; EventCycleTimeMax=20.234; EventCycleTimeMin=0.000; EventCycleTimeStd=1.179; EventCycleTimeSum=77.197; SleepCycleTimeAvg=5.005; SleepCycleTimeMax=5.040; SleepCycleTimeMin=5.000; SleepCycleTimeStd=0.003; SleepCycleTimeSum=1882.001; SubmitCycleTimeAvg=0.035; SubmitCycleTimeMax=2.749; SubmitCycleTimeMin=0.000; SubmitCycleTimeStd=0.182; SubmitCycleTimeSum=13.147; EventCycleTimeCount=376.000; SleepCycleTimeCount=376.000; SubmitCycleTimeCount=377.000; LogProcessCycleTimeAvg=0.302; LogProcessCycleTimeMax=20.234; LogProcessCycleTimeMin=0.003; LogProcessCycleTimeStd=1.620; LogProcessCycleTimeSum=54.678; LogProcessCycleTimeCount=181.000; ]
08/17/26 01:47:51 Currently monitoring 1 HTCondor log file(s)
08/17/26 01:47:51 Event: ULOG_JOB_TERMINATED for HTCondor Node P_W15_LL_M1_A07_S7 (6053147.0.0) {08/17/26 01:47:47}
08/17/26 01:47:51 Number of idle job procs: 1
08/17/26 01:47:51 Node P_W15_LL_M1_A07_S7 job proc (6053147.0.0) completed successfully.
08/17/26 01:47:51 Node P_W15_LL_M1_A07_S7 job(s) have exited the queue
08/17/26 01:47:51 Event: ULOG_JOB_TERMINATED for HTCondor Node C_W15_HI_M0_A00_S6_F0 (6053566.0.0) {08/17/26 01:47:47}
08/17/26 01:47:51 Number of idle job procs: 1
08/17/26 01:47:51 Node C_W15_HI_M0_A00_S6_F0 job proc (6053566.0.0) completed successfully.
08/17/26 01:47:51 Node C_W15_HI_M0_A00_S6_F0 job(s) have exited the queue
08/17/26 01:47:51 Event: ULOG_EXECUTE for HTCondor Node C_W15_LI_M1_A07_S3_F0 (6053823.0.0) {08/17/26 01:47:49}
08/17/26 01:47:51 Number of idle job procs: 0
08/17/26 01:47:51 Event: ULOG_JOB_TERMINATED for HTCondor Node P_W15_IH_M1_A07_S7 (6053267.0.0) {08/17/26 01:47:50}
08/17/26 01:47:51 Number of idle job procs: 0
08/17/26 01:47:51 Node P_W15_IH_M1_A07_S7 job proc (6053267.0.0) completed successfully.
08/17/26 01:47:51 Node P_W15_IH_M1_A07_S7 job(s) have exited the queue
08/17/26 01:47:51 DAG status: 0 (DAG_STATUS_OK)
08/17/26 01:47:51 Of 432 nodes total:
08/17/26 01:47:51  Done     Pre   Queued    Post   Ready   Un-Ready   Failed   Futile
08/17/26 01:47:51   ===     ===      ===     ===     ===        ===      ===      ===
08/17/26 01:47:51   232       0      148       0       2         50        0        0
08/17/26 01:47:51 0 job proc(s) currently held
08/17/26 01:47:51 DAGMan Runtime Statistics: [EventCycleTimeAvg=0.205; EventCycleTimeMax=20.234; EventCycleTimeMin=0.000; EventCycleTimeStd=1.177; EventCycleTimeSum=77.307; SleepCycleTimeAvg=5.005; SleepCycleTimeMax=5.040; SleepCycleTimeMin=5.000; SleepCycleTimeStd=0.003; SleepCycleTimeSum=1887.006; SubmitCycleTimeAvg=0.035; SubmitCycleTimeMax=2.749; SubmitCycleTimeMin=0.000; SubmitCycleTimeStd=0.182; SubmitCycleTimeSum=13.147; EventCycleTimeCount=377.000; SleepCycleTimeCount=377.000; SubmitCycleTimeCount=378.000; LogProcessCycleTimeAvg=0.301; LogProcessCycleTimeMax=20.234; LogProcessCycleTimeMin=0.003; LogProcessCycleTimeStd=1.616; LogProcessCycleTimeSum=54.754; LogProcessCycleTimeCount=182.000; ]
08/17/26 01:47:56 Submitting HTCondor Node C_W15_LL_M1_A07_S7_F0 job(s)...
08/17/26 01:47:56 Submitting node C_W15_LL_M1_A07_S7_F0 from file /afs/cern.ch/user/c/cglenn/FCCWork/whizard/whizard_ttbar_spinpol/phase11_diagnostics/excess_weight_rootcause_v1/ttbar_restricted_region_suite_v1/regions/submissions/20260816T231425Z_U9region_core_W15_S8_np1_v1p0p1/region_child.sub using direct job submission
08/17/26 01:47:57 	assigned HTCondor ID (6053824.0.0)
08/17/26 01:47:57 Submitting HTCondor Node C_W15_IH_M1_A07_S7_F0 job(s)...
08/17/26 01:47:57 Submitting node C_W15_IH_M1_A07_S7_F0 from file /afs/cern.ch/user/c/cglenn/FCCWork/whizard/whizard_ttbar_spinpol/phase11_diagnostics/excess_weight_rootcause_v1/ttbar_restricted_region_suite_v1/regions/submissions/20260816T231425Z_U9region_core_W15_S8_np1_v1p0p1/region_child.sub using direct job submission
08/17/26 01:47:57 	assigned HTCondor ID (6053825.0.0)
08/17/26 01:47:57 Just submitted 2 jobs this cycle...
08/17/26 01:47:57 DAG status: 0 (DAG_STATUS_OK)
08/17/26 01:47:57 Of 432 nodes total:
08/17/26 01:47:57  Done     Pre   Queued    Post   Ready   Un-Ready   Failed   Futile
08/17/26 01:47:57   ===     ===      ===     ===     ===        ===      ===      ===
08/17/26 01:47:57   232       0      150       0       0         50        0        0
08/17/26 01:47:57 0 job proc(s) currently held
08/17/26 01:47:57 DAGMan Runtime Statistics: [EventCycleTimeAvg=0.205; EventCycleTimeMax=20.234; EventCycleTimeMin=0.000; EventCycleTimeStd=1.175; EventCycleTimeSum=77.420; SleepCycleTimeAvg=5.005; SleepCycleTimeMax=5.040; SleepCycleTimeMin=5.000; SleepCycleTimeStd=0.003; SleepCycleTimeSum=1892.012; SubmitCycleTimeAvg=0.036; SubmitCycleTimeMax=2.749; SubmitCycleTimeMin=0.000; SubmitCycleTimeStd=0.183; SubmitCycleTimeSum=13.679; EventCycleTimeCount=378.000; SleepCycleTimeCount=378.000; SubmitCycleTimeCount=379.000; LogProcessCycleTimeAvg=0.301; LogProcessCycleTimeMax=20.234; LogProcessCycleTimeMin=0.003; LogProcessCycleTimeStd=1.616; LogProcessCycleTimeSum=54.754; LogProcessCycleTimeCount=182.000; ]
08/17/26 01:48:02 Currently monitoring 1 HTCondor log file(s)
08/17/26 01:48:02 Reassigning the id of job C_W15_LL_M1_A07_S7_F0 from (6053824.0.0) to (6053824.0.0)
08/17/26 01:48:02 Event: ULOG_SUBMIT for HTCondor Node C_W15_LL_M1_A07_S7_F0 (6053824.0.0) {08/17/26 01:47:57}
08/17/26 01:48:02 Number of idle job procs: 1
08/17/26 01:48:02 Reassigning the id of job C_W15_IH_M1_A07_S7_F0 from (6053825.0.0) to (6053825.0.0)
08/17/26 01:48:02 Event: ULOG_SUBMIT for HTCondor Node C_W15_IH_M1_A07_S7_F0 (6053825.0.0) {08/17/26 01:47:57}
08/17/26 01:48:02 Number of idle job procs: 2
08/17/26 01:48:02 Event: ULOG_JOB_TERMINATED for HTCondor Node P_W15_LL_M1_A07_S3 (6053143.0.0) {08/17/26 01:47:58}
08/17/26 01:48:02 Number of idle job procs: 2
08/17/26 01:48:02 Node P_W15_LL_M1_A07_S3 job proc (6053143.0.0) completed successfully.
08/17/26 01:48:02 Node P_W15_LL_M1_A07_S3 job(s) have exited the queue
08/17/26 01:48:02 Event: ULOG_JOB_TERMINATED for HTCondor Node C_W15_IH_M0_A00_S0_F0 (6053571.0.0) {08/17/26 01:47:59}
08/17/26 01:48:02 Number of idle job procs: 2
08/17/26 01:48:02 Node C_W15_IH_M0_A00_S0_F0 job proc (6053571.0.0) completed successfully.
08/17/26 01:48:02 Node C_W15_IH_M0_A00_S0_F0 job(s) have exited the queue
08/17/26 01:48:02 Event: ULOG_EXECUTE for HTCondor Node C_W15_LL_M1_A07_S7_F0 (6053824.0.0) {08/17/26 01:48:01}
08/17/26 01:48:02 Number of idle job procs: 1
08/17/26 01:48:02 DAG status: 0 (DAG_STATUS_OK)
08/17/26 01:48:02 Of 432 nodes total:
08/17/26 01:48:02  Done     Pre   Queued    Post   Ready   Un-Ready   Failed   Futile
08/17/26 01:48:02   ===     ===      ===     ===     ===        ===      ===      ===
08/17/26 01:48:02   234       0      148       0       1         49        0        0
08/17/26 01:48:02 0 job proc(s) currently held
08/17/26 01:48:02 DAGMan Runtime Statistics: [EventCycleTimeAvg=0.206; EventCycleTimeMax=20.234; EventCycleTimeMin=0.000; EventCycleTimeStd=1.174; EventCycleTimeSum=77.994; SleepCycleTimeAvg=5.005; SleepCycleTimeMax=5.040; SleepCycleTimeMin=5.000; SleepCycleTimeStd=0.003; SleepCycleTimeSum=1897.017; SubmitCycleTimeAvg=0.036; SubmitCycleTimeMax=2.749; SubmitCycleTimeMin=0.000; SubmitCycleTimeStd=0.183; SubmitCycleTimeSum=13.679; EventCycleTimeCount=379.000; SleepCycleTimeCount=379.000; SubmitCycleTimeCount=380.000; LogProcessCycleTimeAvg=0.300; LogProcessCycleTimeMax=20.234; LogProcessCycleTimeMin=0.003; LogProcessCycleTimeStd=1.611; LogProcessCycleTimeSum=54.845; LogProcessCycleTimeCount=183.000; ]
08/17/26 01:48:07 Submitting HTCondor Node C_W15_LL_M1_A07_S3_F0 job(s)...
08/17/26 01:48:07 Submitting node C_W15_LL_M1_A07_S3_F0 from file /afs/cern.ch/user/c/cglenn/FCCWork/whizard/whizard_ttbar_spinpol/phase11_diagnostics/excess_weight_rootcause_v1/ttbar_restricted_region_suite_v1/regions/submissions/20260816T231425Z_U9region_core_W15_S8_np1_v1p0p1/region_child.sub using direct job submission
08/17/26 01:48:07 	assigned HTCondor ID (6053826.0.0)
08/17/26 01:48:07 Just submitted 1 job this cycle...
08/17/26 01:48:07 Currently monitoring 1 HTCondor log file(s)
08/17/26 01:48:07 Event: ULOG_JOB_TERMINATED for HTCondor Node C_W15_IH_M0_A00_S3_F0 (6053578.0.0) {08/17/26 01:48:02}
08/17/26 01:48:07 Number of idle job procs: 1
08/17/26 01:48:07 Node C_W15_IH_M0_A00_S3_F0 job proc (6053578.0.0) completed successfully.
08/17/26 01:48:07 Node C_W15_IH_M0_A00_S3_F0 job(s) have exited the queue
08/17/26 01:48:07 Reassigning the id of job C_W15_LL_M1_A07_S3_F0 from (6053826.0.0) to (6053826.0.0)
08/17/26 01:48:07 Event: ULOG_SUBMIT for HTCondor Node C_W15_LL_M1_A07_S3_F0 (6053826.0.0) {08/17/26 01:48:07}
08/17/26 01:48:07 Number of idle job procs: 2
08/17/26 01:48:07 DAG status: 0 (DAG_STATUS_OK)
08/17/26 01:48:07 Of 432 nodes total:
08/17/26 01:48:07  Done     Pre   Queued    Post   Ready   Un-Ready   Failed   Futile
08/17/26 01:48:07   ===     ===      ===     ===     ===        ===      ===      ===
08/17/26 01:48:07   235       0      148       0       0         49        0        0
08/17/26 01:48:07 0 job proc(s) currently held
08/17/26 01:48:07 DAGMan Runtime Statistics: [EventCycleTimeAvg=0.206; EventCycleTimeMax=20.234; EventCycleTimeMin=0.000; EventCycleTimeStd=1.172; EventCycleTimeSum=78.122; SleepCycleTimeAvg=5.005; SleepCycleTimeMax=5.040; SleepCycleTimeMin=5.000; SleepCycleTimeStd=0.003; SleepCycleTimeSum=1902.022; SubmitCycleTimeAvg=0.036; SubmitCycleTimeMax=2.749; SubmitCycleTimeMin=0.000; SubmitCycleTimeStd=0.183; SubmitCycleTimeSum=13.717; EventCycleTimeCount=380.000; SleepCycleTimeCount=380.000; SubmitCycleTimeCount=381.000; LogProcessCycleTimeAvg=0.298; LogProcessCycleTimeMax=20.234; LogProcessCycleTimeMin=0.003; LogProcessCycleTimeStd=1.607; LogProcessCycleTimeSum=54.889; LogProcessCycleTimeCount=184.000; ]
08/17/26 01:48:12 Currently monitoring 1 HTCondor log file(s)
08/17/26 01:48:12 Event: ULOG_JOB_TERMINATED for HTCondor Node P_W15_IH_M1_A07_S4 (6053264.0.0) {08/17/26 01:48:10}
08/17/26 01:48:12 Number of idle job procs: 2
08/17/26 01:48:12 Node P_W15_IH_M1_A07_S4 job proc (6053264.0.0) completed successfully.
08/17/26 01:48:12 Node P_W15_IH_M1_A07_S4 job(s) have exited the queue
08/17/26 01:48:12 DAG status: 0 (DAG_STATUS_OK)
08/17/26 01:48:12 Of 432 nodes total:
08/17/26 01:48:12  Done     Pre   Queued    Post   Ready   Un-Ready   Failed   Futile
08/17/26 01:48:12   ===     ===      ===     ===     ===        ===      ===      ===
08/17/26 01:48:12   236       0      147       0       1         48        0        0
08/17/26 01:48:12 0 job proc(s) currently held
08/17/26 01:48:12 DAGMan Runtime Statistics: [EventCycleTimeAvg=0.205; EventCycleTimeMax=20.234; EventCycleTimeMin=0.000; EventCycleTimeStd=1.171; EventCycleTimeSum=78.248; SleepCycleTimeAvg=5.005; SleepCycleTimeMax=5.040; SleepCycleTimeMin=5.000; SleepCycleTimeStd=0.003; SleepCycleTimeSum=1907.028; SubmitCycleTimeAvg=0.036; SubmitCycleTimeMax=2.749; SubmitCycleTimeMin=0.000; SubmitCycleTimeStd=0.183; SubmitCycleTimeSum=13.717; EventCycleTimeCount=381.000; SleepCycleTimeCount=381.000; SubmitCycleTimeCount=382.000; LogProcessCycleTimeAvg=0.297; LogProcessCycleTimeMax=20.234; LogProcessCycleTimeMin=0.003; LogProcessCycleTimeStd=1.603; LogProcessCycleTimeSum=54.916; LogProcessCycleTimeCount=185.000; ]
08/17/26 01:48:17 Submitting HTCondor Node C_W15_IH_M1_A07_S4_F0 job(s)...
08/17/26 01:48:17 Submitting node C_W15_IH_M1_A07_S4_F0 from file /afs/cern.ch/user/c/cglenn/FCCWork/whizard/whizard_ttbar_spinpol/phase11_diagnostics/excess_weight_rootcause_v1/ttbar_restricted_region_suite_v1/regions/submissions/20260816T231425Z_U9region_core_W15_S8_np1_v1p0p1/region_child.sub using direct job submission
08/17/26 01:48:17 	assigned HTCondor ID (6053827.0.0)
08/17/26 01:48:17 Just submitted 1 job this cycle...
08/17/26 01:48:17 DAG status: 0 (DAG_STATUS_OK)
08/17/26 01:48:17 Of 432 nodes total:
08/17/26 01:48:17  Done     Pre   Queued    Post   Ready   Un-Ready   Failed   Futile
08/17/26 01:48:17   ===     ===      ===     ===     ===        ===      ===      ===
08/17/26 01:48:17   236       0      148       0       0         48        0        0
08/17/26 01:48:17 0 job proc(s) currently held
08/17/26 01:48:17 DAGMan Runtime Statistics: [EventCycleTimeAvg=0.205; EventCycleTimeMax=20.234; EventCycleTimeMin=0.000; EventCycleTimeStd=1.169; EventCycleTimeSum=78.311; SleepCycleTimeAvg=5.005; SleepCycleTimeMax=5.040; SleepCycleTimeMin=5.000; SleepCycleTimeStd=0.003; SleepCycleTimeSum=1912.033; SubmitCycleTimeAvg=0.036; SubmitCycleTimeMax=2.749; SubmitCycleTimeMin=0.000; SubmitCycleTimeStd=0.182; SubmitCycleTimeSum=13.753; EventCycleTimeCount=382.000; SleepCycleTimeCount=382.000; SubmitCycleTimeCount=383.000; LogProcessCycleTimeAvg=0.297; LogProcessCycleTimeMax=20.234; LogProcessCycleTimeMin=0.003; LogProcessCycleTimeStd=1.603; LogProcessCycleTimeSum=54.916; LogProcessCycleTimeCount=185.000; ]
08/17/26 01:48:22 Currently monitoring 1 HTCondor log file(s)
08/17/26 01:48:22 Reassigning the id of job C_W15_IH_M1_A07_S4_F0 from (6053827.0.0) to (6053827.0.0)
08/17/26 01:48:22 Event: ULOG_SUBMIT for HTCondor Node C_W15_IH_M1_A07_S4_F0 (6053827.0.0) {08/17/26 01:48:17}
08/17/26 01:48:22 Number of idle job procs: 3
08/17/26 01:48:27 Currently monitoring 1 HTCondor log file(s)
08/17/26 01:48:27 Event: ULOG_JOB_TERMINATED for HTCondor Node C_W15_LL_M0_A00_S4_F0 (6053614.0.0) {08/17/26 01:48:24}
08/17/26 01:48:27 Number of idle job procs: 3
08/17/26 01:48:27 Node C_W15_LL_M0_A00_S4_F0 job proc (6053614.0.0) completed successfully.
08/17/26 01:48:27 Node C_W15_LL_M0_A00_S4_F0 job(s) have exited the queue
08/17/26 01:48:27 DAG status: 0 (DAG_STATUS_OK)
08/17/26 01:48:27 Of 432 nodes total:
08/17/26 01:48:27  Done     Pre   Queued    Post   Ready   Un-Ready   Failed   Futile
08/17/26 01:48:27   ===     ===      ===     ===     ===        ===      ===      ===
08/17/26 01:48:27   237       0      147       0       0         48        0        0
08/17/26 01:48:27 0 job proc(s) currently held
08/17/26 01:48:27 DAGMan Runtime Statistics: [EventCycleTimeAvg=0.204; EventCycleTimeMax=20.234; EventCycleTimeMin=0.000; EventCycleTimeStd=1.166; EventCycleTimeSum=78.414; SleepCycleTimeAvg=5.005; SleepCycleTimeMax=5.040; SleepCycleTimeMin=5.000; SleepCycleTimeStd=0.003; SleepCycleTimeSum=1922.043; SubmitCycleTimeAvg=0.036; SubmitCycleTimeMax=2.749; SubmitCycleTimeMin=0.000; SubmitCycleTimeStd=0.182; SubmitCycleTimeSum=13.753; EventCycleTimeCount=384.000; SleepCycleTimeCount=384.000; SubmitCycleTimeCount=385.000; LogProcessCycleTimeAvg=0.294; LogProcessCycleTimeMax=20.234; LogProcessCycleTimeMin=0.003; LogProcessCycleTimeStd=1.594; LogProcessCycleTimeSum=54.967; LogProcessCycleTimeCount=187.000; ]
08/17/26 01:48:32 Currently monitoring 1 HTCondor log file(s)
08/17/26 01:48:32 Event: ULOG_JOB_TERMINATED for HTCondor Node C_W15_HI_M0_A00_S7_F0 (6053598.0.0) {08/17/26 01:48:30}
08/17/26 01:48:32 Number of idle job procs: 3
08/17/26 01:48:32 Node C_W15_HI_M0_A00_S7_F0 job proc (6053598.0.0) completed successfully.
08/17/26 01:48:32 Node C_W15_HI_M0_A00_S7_F0 job(s) have exited the queue
08/17/26 01:48:32 Event: ULOG_JOB_TERMINATED for HTCondor Node C_W15_HL_M0_A00_S4_F0 (6053599.0.0) {08/17/26 01:48:30}
08/17/26 01:48:32 Number of idle job procs: 3
08/17/26 01:48:32 Node C_W15_HL_M0_A00_S4_F0 job proc (6053599.0.0) completed successfully.
08/17/26 01:48:32 Node C_W15_HL_M0_A00_S4_F0 job(s) have exited the queue
08/17/26 01:48:32 Event: ULOG_JOB_TERMINATED for HTCondor Node P_W15_LI_M1_A07_S4 (6053168.0.0) {08/17/26 01:48:31}
08/17/26 01:48:32 Number of idle job procs: 3
08/17/26 01:48:32 Node P_W15_LI_M1_A07_S4 job proc (6053168.0.0) completed successfully.
08/17/26 01:48:32 Node P_W15_LI_M1_A07_S4 job(s) have exited the queue
08/17/26 01:48:32 Event: ULOG_JOB_TERMINATED for HTCondor Node P_W15_LI_M1_A07_S5 (6053169.0.0) {08/17/26 01:48:31}
08/17/26 01:48:32 Number of idle job procs: 3
08/17/26 01:48:32 Node P_W15_LI_M1_A07_S5 job proc (6053169.0.0) completed successfully.
08/17/26 01:48:32 Node P_W15_LI_M1_A07_S5 job(s) have exited the queue
08/17/26 01:48:32 Event: ULOG_EXECUTE for HTCondor Node C_W15_IH_M1_A07_S7_F0 (6053825.0.0) {08/17/26 01:48:32}
08/17/26 01:48:32 Number of idle job procs: 2
08/17/26 01:48:32 DAG status: 0 (DAG_STATUS_OK)
08/17/26 01:48:32 Of 432 nodes total:
08/17/26 01:48:32  Done     Pre   Queued    Post   Ready   Un-Ready   Failed   Futile
08/17/26 01:48:32   ===     ===      ===     ===     ===        ===      ===      ===
08/17/26 01:48:32   241       0      143       0       2         46        0        0
08/17/26 01:48:32 0 job proc(s) currently held
08/17/26 01:48:32 DAGMan Runtime Statistics: [EventCycleTimeAvg=0.204; EventCycleTimeMax=20.234; EventCycleTimeMin=0.000; EventCycleTimeStd=1.165; EventCycleTimeSum=78.483; SleepCycleTimeAvg=5.005; SleepCycleTimeMax=5.040; SleepCycleTimeMin=5.000; SleepCycleTimeStd=0.003; SleepCycleTimeSum=1927.048; SubmitCycleTimeAvg=0.036; SubmitCycleTimeMax=2.749; SubmitCycleTimeMin=0.000; SubmitCycleTimeStd=0.182; SubmitCycleTimeSum=13.753; EventCycleTimeCount=385.000; SleepCycleTimeCount=385.000; SubmitCycleTimeCount=386.000; LogProcessCycleTimeAvg=0.293; LogProcessCycleTimeMax=20.234; LogProcessCycleTimeMin=0.003; LogProcessCycleTimeStd=1.590; LogProcessCycleTimeSum=55.080; LogProcessCycleTimeCount=188.000; ]
08/17/26 01:48:37 Submitting HTCondor Node C_W15_LI_M1_A07_S4_F0 job(s)...
08/17/26 01:48:37 Submitting node C_W15_LI_M1_A07_S4_F0 from file /afs/cern.ch/user/c/cglenn/FCCWork/whizard/whizard_ttbar_spinpol/phase11_diagnostics/excess_weight_rootcause_v1/ttbar_restricted_region_suite_v1/regions/submissions/20260816T231425Z_U9region_core_W15_S8_np1_v1p0p1/region_child.sub using direct job submission
08/17/26 01:48:37 	assigned HTCondor ID (6053828.0.0)
08/17/26 01:48:37 Submitting HTCondor Node C_W15_LI_M1_A07_S5_F0 job(s)...
08/17/26 01:48:37 Submitting node C_W15_LI_M1_A07_S5_F0 from file /afs/cern.ch/user/c/cglenn/FCCWork/whizard/whizard_ttbar_spinpol/phase11_diagnostics/excess_weight_rootcause_v1/ttbar_restricted_region_suite_v1/regions/submissions/20260816T231425Z_U9region_core_W15_S8_np1_v1p0p1/region_child.sub using direct job submission
08/17/26 01:48:37 	assigned HTCondor ID (6053829.0.0)
08/17/26 01:48:37 Just submitted 2 jobs this cycle...
08/17/26 01:48:37 Currently monitoring 1 HTCondor log file(s)
08/17/26 01:48:37 Event: ULOG_EXECUTE for HTCondor Node C_W15_LL_M1_A07_S3_F0 (6053826.0.0) {08/17/26 01:48:32}
08/17/26 01:48:37 Number of idle job procs: 1
08/17/26 01:48:37 Event: ULOG_EXECUTE for HTCondor Node C_W15_IH_M1_A07_S4_F0 (6053827.0.0) {08/17/26 01:48:34}
08/17/26 01:48:37 Number of idle job procs: 0
08/17/26 01:48:37 Reassigning the id of job C_W15_LI_M1_A07_S4_F0 from (6053828.0.0) to (6053828.0.0)
08/17/26 01:48:37 Event: ULOG_SUBMIT for HTCondor Node C_W15_LI_M1_A07_S4_F0 (6053828.0.0) {08/17/26 01:48:37}
08/17/26 01:48:38 Number of idle job procs: 1
08/17/26 01:48:38 Reassigning the id of job C_W15_LI_M1_A07_S5_F0 from (6053829.0.0) to (6053829.0.0)
08/17/26 01:48:38 Event: ULOG_SUBMIT for HTCondor Node C_W15_LI_M1_A07_S5_F0 (6053829.0.0) {08/17/26 01:48:37}
08/17/26 01:48:38 Number of idle job procs: 2
08/17/26 01:48:38 DAG status: 0 (DAG_STATUS_OK)
08/17/26 01:48:38 Of 432 nodes total:
08/17/26 01:48:38  Done     Pre   Queued    Post   Ready   Un-Ready   Failed   Futile
08/17/26 01:48:38   ===     ===      ===     ===     ===        ===      ===      ===
08/17/26 01:48:38   241       0      145       0       0         46        0        0
08/17/26 01:48:38 0 job proc(s) currently held
08/17/26 01:48:38 DAGMan Runtime Statistics: [EventCycleTimeAvg=0.204; EventCycleTimeMax=20.234; EventCycleTimeMin=0.000; EventCycleTimeStd=1.163; EventCycleTimeSum=78.637; SleepCycleTimeAvg=5.005; SleepCycleTimeMax=5.040; SleepCycleTimeMin=5.000; SleepCycleTimeStd=0.003; SleepCycleTimeSum=1932.056; SubmitCycleTimeAvg=0.036; SubmitCycleTimeMax=2.749; SubmitCycleTimeMin=0.000; SubmitCycleTimeStd=0.181; SubmitCycleTimeSum=13.825; EventCycleTimeCount=386.000; SleepCycleTimeCount=386.000; SubmitCycleTimeCount=387.000; LogProcessCycleTimeAvg=0.292; LogProcessCycleTimeMax=20.234; LogProcessCycleTimeMin=0.003; LogProcessCycleTimeStd=1.586; LogProcessCycleTimeSum=55.142; LogProcessCycleTimeCount=189.000; ]
08/17/26 01:48:43 Currently monitoring 1 HTCondor log file(s)
08/17/26 01:48:53 Currently monitoring 1 HTCondor log file(s)
08/17/26 01:48:53 Event: ULOG_JOB_TERMINATED for HTCondor Node C_W15_IL_M0_A00_S0_F0 (6053594.0.0) {08/17/26 01:48:48}
08/17/26 01:48:53 Number of idle job procs: 2
08/17/26 01:48:53 Node C_W15_IL_M0_A00_S0_F0 job proc (6053594.0.0) completed successfully.
08/17/26 01:48:53 Node C_W15_IL_M0_A00_S0_F0 job(s) have exited the queue
08/17/26 01:48:53 DAG status: 0 (DAG_STATUS_OK)
08/17/26 01:48:53 Of 432 nodes total:
08/17/26 01:48:53  Done     Pre   Queued    Post   Ready   Un-Ready   Failed   Futile
08/17/26 01:48:53   ===     ===      ===     ===     ===        ===      ===      ===
08/17/26 01:48:53   242       0      144       0       0         46        0        0
08/17/26 01:48:53 0 job proc(s) currently held
08/17/26 01:48:53 DAGMan Runtime Statistics: [EventCycleTimeAvg=0.203; EventCycleTimeMax=20.234; EventCycleTimeMin=0.000; EventCycleTimeStd=1.159; EventCycleTimeSum=78.823; SleepCycleTimeAvg=5.005; SleepCycleTimeMax=5.040; SleepCycleTimeMin=5.000; SleepCycleTimeStd=0.003; SleepCycleTimeSum=1947.071; SubmitCycleTimeAvg=0.035; SubmitCycleTimeMax=2.749; SubmitCycleTimeMin=0.000; SubmitCycleTimeStd=0.181; SubmitCycleTimeSum=13.825; EventCycleTimeCount=389.000; SleepCycleTimeCount=389.000; SubmitCycleTimeCount=390.000; LogProcessCycleTimeAvg=0.289; LogProcessCycleTimeMax=20.234; LogProcessCycleTimeMin=0.003; LogProcessCycleTimeStd=1.578; LogProcessCycleTimeSum=55.178; LogProcessCycleTimeCount=191.000; ]
08/17/26 01:49:03 Currently monitoring 1 HTCondor log file(s)
08/17/26 01:49:03 Event: ULOG_JOB_TERMINATED for HTCondor Node C_W15_HI_M0_A00_S4_F0 (6053576.0.0) {08/17/26 01:49:00}
08/17/26 01:49:03 Number of idle job procs: 2
08/17/26 01:49:03 Node C_W15_HI_M0_A00_S4_F0 job proc (6053576.0.0) completed successfully.
08/17/26 01:49:03 Node C_W15_HI_M0_A00_S4_F0 job(s) have exited the queue
08/17/26 01:49:03 Event: ULOG_JOB_TERMINATED for HTCondor Node C_W15_HL_M0_A00_S2_F0 (6053657.0.0) {08/17/26 01:49:02}
08/17/26 01:49:03 Number of idle job procs: 2
08/17/26 01:49:03 Node C_W15_HL_M0_A00_S2_F0 job proc (6053657.0.0) completed successfully.
08/17/26 01:49:03 Node C_W15_HL_M0_A00_S2_F0 job(s) have exited the queue
08/17/26 01:49:03 DAG status: 0 (DAG_STATUS_OK)
08/17/26 01:49:03 Of 432 nodes total:
08/17/26 01:49:03  Done     Pre   Queued    Post   Ready   Un-Ready   Failed   Futile
08/17/26 01:49:03   ===     ===      ===     ===     ===        ===      ===      ===
08/17/26 01:49:03   244       0      142       0       0         46        0        0
08/17/26 01:49:03 0 job proc(s) currently held
08/17/26 01:49:03 DAGMan Runtime Statistics: [EventCycleTimeAvg=0.202; EventCycleTimeMax=20.234; EventCycleTimeMin=0.000; EventCycleTimeStd=1.156; EventCycleTimeSum=78.893; SleepCycleTimeAvg=5.005; SleepCycleTimeMax=5.040; SleepCycleTimeMin=5.000; SleepCycleTimeStd=0.003; SleepCycleTimeSum=1957.081; SubmitCycleTimeAvg=0.035; SubmitCycleTimeMax=2.749; SubmitCycleTimeMin=0.000; SubmitCycleTimeStd=0.180; SubmitCycleTimeSum=13.825; EventCycleTimeCount=391.000; SleepCycleTimeCount=391.000; SubmitCycleTimeCount=392.000; LogProcessCycleTimeAvg=0.288; LogProcessCycleTimeMax=20.234; LogProcessCycleTimeMin=0.003; LogProcessCycleTimeStd=1.574; LogProcessCycleTimeSum=55.231; LogProcessCycleTimeCount=192.000; ]
08/17/26 01:49:08 Currently monitoring 1 HTCondor log file(s)
08/17/26 01:49:08 Event: ULOG_EXECUTE for HTCondor Node C_W15_LI_M1_A07_S4_F0 (6053828.0.0) {08/17/26 01:49:03}
08/17/26 01:49:08 Number of idle job procs: 1
08/17/26 01:49:13 Currently monitoring 1 HTCondor log file(s)
08/17/26 01:49:13 Event: ULOG_JOB_TERMINATED for HTCondor Node C_W15_HI_M0_A00_S0_F0 (6053577.0.0) {08/17/26 01:49:08}
08/17/26 01:49:13 Number of idle job procs: 1
08/17/26 01:49:13 Node C_W15_HI_M0_A00_S0_F0 job proc (6053577.0.0) completed successfully.
08/17/26 01:49:13 Node C_W15_HI_M0_A00_S0_F0 job(s) have exited the queue
08/17/26 01:49:13 DAG status: 0 (DAG_STATUS_OK)
08/17/26 01:49:13 Of 432 nodes total:
08/17/26 01:49:13  Done     Pre   Queued    Post   Ready   Un-Ready   Failed   Futile
08/17/26 01:49:13   ===     ===      ===     ===     ===        ===      ===      ===
08/17/26 01:49:13   245       0      141       0       0         46        0        0
08/17/26 01:49:13 0 job proc(s) currently held
08/17/26 01:49:13 DAGMan Runtime Statistics: [EventCycleTimeAvg=0.201; EventCycleTimeMax=20.234; EventCycleTimeMin=0.000; EventCycleTimeStd=1.153; EventCycleTimeSum=79.006; SleepCycleTimeAvg=5.005; SleepCycleTimeMax=5.040; SleepCycleTimeMin=5.000; SleepCycleTimeStd=0.003; SleepCycleTimeSum=1967.095; SubmitCycleTimeAvg=0.035; SubmitCycleTimeMax=2.749; SubmitCycleTimeMin=0.000; SubmitCycleTimeStd=0.180; SubmitCycleTimeSum=13.825; EventCycleTimeCount=393.000; SleepCycleTimeCount=393.000; SubmitCycleTimeCount=394.000; LogProcessCycleTimeAvg=0.285; LogProcessCycleTimeMax=20.234; LogProcessCycleTimeMin=0.003; LogProcessCycleTimeStd=1.566; LogProcessCycleTimeSum=55.281; LogProcessCycleTimeCount=194.000; ]
08/17/26 01:49:18 Currently monitoring 1 HTCondor log file(s)
08/17/26 01:49:18 Event: ULOG_JOB_TERMINATED for HTCondor Node P_W15_IH_M1_A07_S3 (6053263.0.0) {08/17/26 01:49:15}
08/17/26 01:49:18 Number of idle job procs: 1
08/17/26 01:49:18 Node P_W15_IH_M1_A07_S3 job proc (6053263.0.0) completed successfully.
08/17/26 01:49:18 Node P_W15_IH_M1_A07_S3 job(s) have exited the queue
08/17/26 01:49:18 DAG status: 0 (DAG_STATUS_OK)
08/17/26 01:49:18 Of 432 nodes total:
08/17/26 01:49:18  Done     Pre   Queued    Post   Ready   Un-Ready   Failed   Futile
08/17/26 01:49:18   ===     ===      ===     ===     ===        ===      ===      ===
08/17/26 01:49:18   246       0      140       0       1         45        0        0
08/17/26 01:49:18 0 job proc(s) currently held
08/17/26 01:49:18 DAGMan Runtime Statistics: [EventCycleTimeAvg=0.201; EventCycleTimeMax=20.234; EventCycleTimeMin=0.000; EventCycleTimeStd=1.152; EventCycleTimeSum=79.081; SleepCycleTimeAvg=5.005; SleepCycleTimeMax=5.040; SleepCycleTimeMin=5.000; SleepCycleTimeStd=0.003; SleepCycleTimeSum=1972.100; SubmitCycleTimeAvg=0.035; SubmitCycleTimeMax=2.749; SubmitCycleTimeMin=0.000; SubmitCycleTimeStd=0.180; SubmitCycleTimeSum=13.825; EventCycleTimeCount=394.000; SleepCycleTimeCount=394.000; SubmitCycleTimeCount=395.000; LogProcessCycleTimeAvg=0.284; LogProcessCycleTimeMax=20.234; LogProcessCycleTimeMin=0.003; LogProcessCycleTimeStd=1.562; LogProcessCycleTimeSum=55.309; LogProcessCycleTimeCount=195.000; ]
08/17/26 01:49:23 Submitting HTCondor Node C_W15_IH_M1_A07_S3_F0 job(s)...
08/17/26 01:49:23 Submitting node C_W15_IH_M1_A07_S3_F0 from file /afs/cern.ch/user/c/cglenn/FCCWork/whizard/whizard_ttbar_spinpol/phase11_diagnostics/excess_weight_rootcause_v1/ttbar_restricted_region_suite_v1/regions/submissions/20260816T231425Z_U9region_core_W15_S8_np1_v1p0p1/region_child.sub using direct job submission
08/17/26 01:49:23 	assigned HTCondor ID (6053833.0.0)
08/17/26 01:49:23 Just submitted 1 job this cycle...
08/17/26 01:49:23 Currently monitoring 1 HTCondor log file(s)
08/17/26 01:49:23 Event: ULOG_EXECUTE for HTCondor Node C_W15_LI_M1_A07_S5_F0 (6053829.0.0) {08/17/26 01:49:20}
08/17/26 01:49:23 Number of idle job procs: 0
08/17/26 01:49:23 Reassigning the id of job C_W15_IH_M1_A07_S3_F0 from (6053833.0.0) to (6053833.0.0)
08/17/26 01:49:23 Event: ULOG_SUBMIT for HTCondor Node C_W15_IH_M1_A07_S3_F0 (6053833.0.0) {08/17/26 01:49:23}
08/17/26 01:49:23 Number of idle job procs: 1
08/17/26 01:49:23 DAG status: 0 (DAG_STATUS_OK)
08/17/26 01:49:23 Of 432 nodes total:
08/17/26 01:49:23  Done     Pre   Queued    Post   Ready   Un-Ready   Failed   Futile
08/17/26 01:49:23   ===     ===      ===     ===     ===        ===      ===      ===
08/17/26 01:49:23   246       0      141       0       0         45        0        0
08/17/26 01:49:23 0 job proc(s) currently held
08/17/26 01:49:23 DAGMan Runtime Statistics: [EventCycleTimeAvg=0.200; EventCycleTimeMax=20.234; EventCycleTimeMin=0.000; EventCycleTimeStd=1.150; EventCycleTimeSum=79.147; SleepCycleTimeAvg=5.005; SleepCycleTimeMax=5.040; SleepCycleTimeMin=5.000; SleepCycleTimeStd=0.003; SleepCycleTimeSum=1977.108; SubmitCycleTimeAvg=0.035; SubmitCycleTimeMax=2.749; SubmitCycleTimeMin=0.000; SubmitCycleTimeStd=0.179; SubmitCycleTimeSum=13.861; EventCycleTimeCount=395.000; SleepCycleTimeCount=395.000; SubmitCycleTimeCount=396.000; LogProcessCycleTimeAvg=0.282; LogProcessCycleTimeMax=20.234; LogProcessCycleTimeMin=0.003; LogProcessCycleTimeStd=1.558; LogProcessCycleTimeSum=55.346; LogProcessCycleTimeCount=196.000; ]
08/17/26 01:49:28 Currently monitoring 1 HTCondor log file(s)
08/17/26 01:49:28 Event: ULOG_EXECUTE for HTCondor Node C_W15_IH_M1_A07_S3_F0 (6053833.0.0) {08/17/26 01:49:24}
08/17/26 01:49:28 Number of idle job procs: 0
08/17/26 01:49:33 Currently monitoring 1 HTCondor log file(s)
08/17/26 01:49:33 Event: ULOG_JOB_TERMINATED for HTCondor Node P_W15_HI_M1_A07_S4 (6053312.0.0) {08/17/26 01:49:30}
08/17/26 01:49:33 Number of idle job procs: 0
08/17/26 01:49:33 Node P_W15_HI_M1_A07_S4 job proc (6053312.0.0) completed successfully.
08/17/26 01:49:33 Node P_W15_HI_M1_A07_S4 job(s) have exited the queue
08/17/26 01:49:33 Event: ULOG_JOB_TERMINATED for HTCondor Node C_W15_IL_M0_A00_S2_F0 (6053615.0.0) {08/17/26 01:49:31}
08/17/26 01:49:33 Number of idle job procs: 0
08/17/26 01:49:33 Node C_W15_IL_M0_A00_S2_F0 job proc (6053615.0.0) completed successfully.
08/17/26 01:49:33 Node C_W15_IL_M0_A00_S2_F0 job(s) have exited the queue
08/17/26 01:49:33 DAG status: 0 (DAG_STATUS_OK)
08/17/26 01:49:33 Of 432 nodes total:
08/17/26 01:49:33  Done     Pre   Queued    Post   Ready   Un-Ready   Failed   Futile
08/17/26 01:49:33   ===     ===      ===     ===     ===        ===      ===      ===
08/17/26 01:49:33   248       0      139       0       1         44        0        0
08/17/26 01:49:33 0 job proc(s) currently held
08/17/26 01:49:33 DAGMan Runtime Statistics: [EventCycleTimeAvg=0.200; EventCycleTimeMax=20.234; EventCycleTimeMin=0.000; EventCycleTimeStd=1.147; EventCycleTimeSum=79.287; SleepCycleTimeAvg=5.005; SleepCycleTimeMax=5.040; SleepCycleTimeMin=5.000; SleepCycleTimeStd=0.003; SleepCycleTimeSum=1987.121; SubmitCycleTimeAvg=0.035; SubmitCycleTimeMax=2.749; SubmitCycleTimeMin=0.000; SubmitCycleTimeStd=0.179; SubmitCycleTimeSum=13.861; EventCycleTimeCount=397.000; SleepCycleTimeCount=397.000; SubmitCycleTimeCount=398.000; LogProcessCycleTimeAvg=0.280; LogProcessCycleTimeMax=20.234; LogProcessCycleTimeMin=0.003; LogProcessCycleTimeStd=1.550; LogProcessCycleTimeSum=55.421; LogProcessCycleTimeCount=198.000; ]
08/17/26 01:49:38 Submitting HTCondor Node C_W15_HI_M1_A07_S4_F0 job(s)...
08/17/26 01:49:38 Submitting node C_W15_HI_M1_A07_S4_F0 from file /afs/cern.ch/user/c/cglenn/FCCWork/whizard/whizard_ttbar_spinpol/phase11_diagnostics/excess_weight_rootcause_v1/ttbar_restricted_region_suite_v1/regions/submissions/20260816T231425Z_U9region_core_W15_S8_np1_v1p0p1/region_child.sub using direct job submission
08/17/26 01:49:38 	assigned HTCondor ID (6053840.0.0)
08/17/26 01:49:38 Just submitted 1 job this cycle...
08/17/26 01:49:38 DAG status: 0 (DAG_STATUS_OK)
08/17/26 01:49:38 Of 432 nodes total:
08/17/26 01:49:38  Done     Pre   Queued    Post   Ready   Un-Ready   Failed   Futile
08/17/26 01:49:38   ===     ===      ===     ===     ===        ===      ===      ===
08/17/26 01:49:38   248       0      140       0       0         44        0        0
08/17/26 01:49:38 0 job proc(s) currently held
08/17/26 01:49:38 DAGMan Runtime Statistics: [EventCycleTimeAvg=0.199; EventCycleTimeMax=20.234; EventCycleTimeMin=0.000; EventCycleTimeStd=1.146; EventCycleTimeSum=79.389; SleepCycleTimeAvg=5.005; SleepCycleTimeMax=5.040; SleepCycleTimeMin=5.000; SleepCycleTimeStd=0.003; SleepCycleTimeSum=1992.126; SubmitCycleTimeAvg=0.035; SubmitCycleTimeMax=2.749; SubmitCycleTimeMin=0.000; SubmitCycleTimeStd=0.179; SubmitCycleTimeSum=13.902; EventCycleTimeCount=398.000; SleepCycleTimeCount=398.000; SubmitCycleTimeCount=399.000; LogProcessCycleTimeAvg=0.280; LogProcessCycleTimeMax=20.234; LogProcessCycleTimeMin=0.003; LogProcessCycleTimeStd=1.550; LogProcessCycleTimeSum=55.421; LogProcessCycleTimeCount=198.000; ]
08/17/26 01:49:43 Currently monitoring 1 HTCondor log file(s)
08/17/26 01:49:43 Reassigning the id of job C_W15_HI_M1_A07_S4_F0 from (6053840.0.0) to (6053840.0.0)
08/17/26 01:49:43 Event: ULOG_SUBMIT for HTCondor Node C_W15_HI_M1_A07_S4_F0 (6053840.0.0) {08/17/26 01:49:38}
08/17/26 01:49:43 Number of idle job procs: 1
08/17/26 01:49:43 Event: ULOG_JOB_TERMINATED for HTCondor Node P_W15_IL_M1_A07_S7 (6053219.0.0) {08/17/26 01:49:42}
08/17/26 01:49:43 Number of idle job procs: 1
08/17/26 01:49:43 Node P_W15_IL_M1_A07_S7 job proc (6053219.0.0) completed successfully.
08/17/26 01:49:43 Node P_W15_IL_M1_A07_S7 job(s) have exited the queue
08/17/26 01:49:43 DAG status: 0 (DAG_STATUS_OK)
08/17/26 01:49:43 Of 432 nodes total:
08/17/26 01:49:43  Done     Pre   Queued    Post   Ready   Un-Ready   Failed   Futile
08/17/26 01:49:43   ===     ===      ===     ===     ===        ===      ===      ===
08/17/26 01:49:43   249       0      139       0       1         43        0        0
08/17/26 01:49:43 0 job proc(s) currently held
08/17/26 01:49:43 DAGMan Runtime Statistics: [EventCycleTimeAvg=0.199; EventCycleTimeMax=20.234; EventCycleTimeMin=0.000; EventCycleTimeStd=1.145; EventCycleTimeSum=79.481; SleepCycleTimeAvg=5.005; SleepCycleTimeMax=5.040; SleepCycleTimeMin=5.000; SleepCycleTimeStd=0.003; SleepCycleTimeSum=1997.131; SubmitCycleTimeAvg=0.035; SubmitCycleTimeMax=2.749; SubmitCycleTimeMin=0.000; SubmitCycleTimeStd=0.179; SubmitCycleTimeSum=13.902; EventCycleTimeCount=399.000; SleepCycleTimeCount=399.000; SubmitCycleTimeCount=400.000; LogProcessCycleTimeAvg=0.279; LogProcessCycleTimeMax=20.234; LogProcessCycleTimeMin=0.003; LogProcessCycleTimeStd=1.546; LogProcessCycleTimeSum=55.481; LogProcessCycleTimeCount=199.000; ]
08/17/26 01:49:48 Submitting HTCondor Node C_W15_IL_M1_A07_S7_F0 job(s)...
08/17/26 01:49:48 Submitting node C_W15_IL_M1_A07_S7_F0 from file /afs/cern.ch/user/c/cglenn/FCCWork/whizard/whizard_ttbar_spinpol/phase11_diagnostics/excess_weight_rootcause_v1/ttbar_restricted_region_suite_v1/regions/submissions/20260816T231425Z_U9region_core_W15_S8_np1_v1p0p1/region_child.sub using direct job submission
08/17/26 01:49:48 	assigned HTCondor ID (6053841.0.0)
08/17/26 01:49:48 Just submitted 1 job this cycle...
08/17/26 01:49:48 DAG status: 0 (DAG_STATUS_OK)
08/17/26 01:49:48 Of 432 nodes total:
08/17/26 01:49:48  Done     Pre   Queued    Post   Ready   Un-Ready   Failed   Futile
08/17/26 01:49:48   ===     ===      ===     ===     ===        ===      ===      ===
08/17/26 01:49:48   249       0      140       0       0         43        0        0
08/17/26 01:49:49 0 job proc(s) currently held
08/17/26 01:49:49 DAGMan Runtime Statistics: [EventCycleTimeAvg=0.199; EventCycleTimeMax=20.234; EventCycleTimeMin=0.000; EventCycleTimeStd=1.143; EventCycleTimeSum=79.590; SleepCycleTimeAvg=5.005; SleepCycleTimeMax=5.040; SleepCycleTimeMin=5.000; SleepCycleTimeStd=0.003; SleepCycleTimeSum=2002.136; SubmitCycleTimeAvg=0.035; SubmitCycleTimeMax=2.749; SubmitCycleTimeMin=0.000; SubmitCycleTimeStd=0.178; SubmitCycleTimeSum=13.946; EventCycleTimeCount=400.000; SleepCycleTimeCount=400.000; SubmitCycleTimeCount=401.000; LogProcessCycleTimeAvg=0.279; LogProcessCycleTimeMax=20.234; LogProcessCycleTimeMin=0.003; LogProcessCycleTimeStd=1.546; LogProcessCycleTimeSum=55.481; LogProcessCycleTimeCount=199.000; ]
08/17/26 01:49:54 Currently monitoring 1 HTCondor log file(s)
08/17/26 01:49:54 Reassigning the id of job C_W15_IL_M1_A07_S7_F0 from (6053841.0.0) to (6053841.0.0)
08/17/26 01:49:54 Event: ULOG_SUBMIT for HTCondor Node C_W15_IL_M1_A07_S7_F0 (6053841.0.0) {08/17/26 01:49:48}
08/17/26 01:49:54 Number of idle job procs: 2
08/17/26 01:50:14 Currently monitoring 1 HTCondor log file(s)
08/17/26 01:50:14 Event: ULOG_JOB_TERMINATED for HTCondor Node C_W15_IL_M0_A00_S1_F0 (6053583.0.0) {08/17/26 01:50:13}
08/17/26 01:50:14 Number of idle job procs: 2
08/17/26 01:50:14 Node C_W15_IL_M0_A00_S1_F0 job proc (6053583.0.0) completed successfully.
08/17/26 01:50:14 Node C_W15_IL_M0_A00_S1_F0 job(s) have exited the queue
08/17/26 01:50:14 DAG status: 0 (DAG_STATUS_OK)
08/17/26 01:50:14 Of 432 nodes total:
08/17/26 01:50:14  Done     Pre   Queued    Post   Ready   Un-Ready   Failed   Futile
08/17/26 01:50:14   ===     ===      ===     ===     ===        ===      ===      ===
08/17/26 01:50:14   250       0      139       0       0         43        0        0
08/17/26 01:50:14 0 job proc(s) currently held
08/17/26 01:50:14 DAGMan Runtime Statistics: [EventCycleTimeAvg=0.197; EventCycleTimeMax=20.234; EventCycleTimeMin=0.000; EventCycleTimeStd=1.136; EventCycleTimeSum=79.716; SleepCycleTimeAvg=5.005; SleepCycleTimeMax=5.040; SleepCycleTimeMin=5.000; SleepCycleTimeStd=0.003; SleepCycleTimeSum=2027.163; SubmitCycleTimeAvg=0.034; SubmitCycleTimeMax=2.749; SubmitCycleTimeMin=0.000; SubmitCycleTimeStd=0.177; SubmitCycleTimeSum=13.946; EventCycleTimeCount=405.000; SleepCycleTimeCount=405.000; SubmitCycleTimeCount=406.000; LogProcessCycleTimeAvg=0.276; LogProcessCycleTimeMax=20.234; LogProcessCycleTimeMin=0.003; LogProcessCycleTimeStd=1.539; LogProcessCycleTimeSum=55.543; LogProcessCycleTimeCount=201.000; ]
08/17/26 01:50:19 Currently monitoring 1 HTCondor log file(s)
08/17/26 01:50:19 Event: ULOG_JOB_TERMINATED for HTCondor Node C_W15_LH_M0_A00_S6_F0 (6053644.0.0) {08/17/26 01:50:18}
08/17/26 01:50:19 Number of idle job procs: 2
08/17/26 01:50:19 Node C_W15_LH_M0_A00_S6_F0 job proc (6053644.0.0) completed successfully.
08/17/26 01:50:19 Node C_W15_LH_M0_A00_S6_F0 job(s) have exited the queue
08/17/26 01:50:19 DAG status: 0 (DAG_STATUS_OK)
08/17/26 01:50:19 Of 432 nodes total:
08/17/26 01:50:19  Done     Pre   Queued    Post   Ready   Un-Ready   Failed   Futile
08/17/26 01:50:19   ===     ===      ===     ===     ===        ===      ===      ===
08/17/26 01:50:19   251       0      138       0       0         43        0        0
08/17/26 01:50:19 0 job proc(s) currently held
08/17/26 01:50:19 DAGMan Runtime Statistics: [EventCycleTimeAvg=0.197; EventCycleTimeMax=20.234; EventCycleTimeMin=0.000; EventCycleTimeStd=1.135; EventCycleTimeSum=79.796; SleepCycleTimeAvg=5.005; SleepCycleTimeMax=5.040; SleepCycleTimeMin=5.000; SleepCycleTimeStd=0.003; SleepCycleTimeSum=2032.168; SubmitCycleTimeAvg=0.034; SubmitCycleTimeMax=2.749; SubmitCycleTimeMin=0.000; SubmitCycleTimeStd=0.177; SubmitCycleTimeSum=13.946; EventCycleTimeCount=406.000; SleepCycleTimeCount=406.000; SubmitCycleTimeCount=407.000; LogProcessCycleTimeAvg=0.275; LogProcessCycleTimeMax=20.234; LogProcessCycleTimeMin=0.003; LogProcessCycleTimeStd=1.535; LogProcessCycleTimeSum=55.576; LogProcessCycleTimeCount=202.000; ]
08/17/26 01:50:44 Currently monitoring 1 HTCondor log file(s)
08/17/26 01:50:44 Event: ULOG_JOB_TERMINATED for HTCondor Node P_W15_HL_M1_A07_S3 (6053287.0.0) {08/17/26 01:50:41}
08/17/26 01:50:44 Number of idle job procs: 2
08/17/26 01:50:44 Node P_W15_HL_M1_A07_S3 job proc (6053287.0.0) completed successfully.
08/17/26 01:50:44 Node P_W15_HL_M1_A07_S3 job(s) have exited the queue
08/17/26 01:50:44 DAG status: 0 (DAG_STATUS_OK)
08/17/26 01:50:44 Of 432 nodes total:
08/17/26 01:50:44  Done     Pre   Queued    Post   Ready   Un-Ready   Failed   Futile
08/17/26 01:50:44   ===     ===      ===     ===     ===        ===      ===      ===
08/17/26 01:50:44   252       0      137       0       1         42        0        0
08/17/26 01:50:44 0 job proc(s) currently held
08/17/26 01:50:44 DAGMan Runtime Statistics: [EventCycleTimeAvg=0.194; EventCycleTimeMax=20.234; EventCycleTimeMin=0.000; EventCycleTimeStd=1.128; EventCycleTimeSum=79.884; SleepCycleTimeAvg=5.005; SleepCycleTimeMax=5.040; SleepCycleTimeMin=5.000; SleepCycleTimeStd=0.003; SleepCycleTimeSum=2057.191; SubmitCycleTimeAvg=0.034; SubmitCycleTimeMax=2.749; SubmitCycleTimeMin=0.000; SubmitCycleTimeStd=0.176; SubmitCycleTimeSum=13.946; EventCycleTimeCount=411.000; SleepCycleTimeCount=411.000; SubmitCycleTimeCount=412.000; LogProcessCycleTimeAvg=0.274; LogProcessCycleTimeMax=20.234; LogProcessCycleTimeMin=0.003; LogProcessCycleTimeStd=1.531; LogProcessCycleTimeSum=55.611; LogProcessCycleTimeCount=203.000; ]
08/17/26 01:50:49 Submitting HTCondor Node C_W15_HL_M1_A07_S3_F0 job(s)...
08/17/26 01:50:49 Submitting node C_W15_HL_M1_A07_S3_F0 from file /afs/cern.ch/user/c/cglenn/FCCWork/whizard/whizard_ttbar_spinpol/phase11_diagnostics/excess_weight_rootcause_v1/ttbar_restricted_region_suite_v1/regions/submissions/20260816T231425Z_U9region_core_W15_S8_np1_v1p0p1/region_child.sub using direct job submission
08/17/26 01:50:49 	assigned HTCondor ID (6053851.0.0)
08/17/26 01:50:49 Just submitted 1 job this cycle...
08/17/26 01:50:49 DAG status: 0 (DAG_STATUS_OK)
08/17/26 01:50:49 Of 432 nodes total:
08/17/26 01:50:49  Done     Pre   Queued    Post   Ready   Un-Ready   Failed   Futile
08/17/26 01:50:49   ===     ===      ===     ===     ===        ===      ===      ===
08/17/26 01:50:49   252       0      138       0       0         42        0        0
08/17/26 01:50:49 0 job proc(s) currently held
08/17/26 01:50:49 DAGMan Runtime Statistics: [EventCycleTimeAvg=0.194; EventCycleTimeMax=20.234; EventCycleTimeMin=0.000; EventCycleTimeStd=1.127; EventCycleTimeSum=79.965; SleepCycleTimeAvg=5.005; SleepCycleTimeMax=5.040; SleepCycleTimeMin=5.000; SleepCycleTimeStd=0.003; SleepCycleTimeSum=2062.196; SubmitCycleTimeAvg=0.034; SubmitCycleTimeMax=2.749; SubmitCycleTimeMin=0.000; SubmitCycleTimeStd=0.176; SubmitCycleTimeSum=13.986; EventCycleTimeCount=412.000; SleepCycleTimeCount=412.000; SubmitCycleTimeCount=413.000; LogProcessCycleTimeAvg=0.274; LogProcessCycleTimeMax=20.234; LogProcessCycleTimeMin=0.003; LogProcessCycleTimeStd=1.531; LogProcessCycleTimeSum=55.611; LogProcessCycleTimeCount=203.000; ]
08/17/26 01:50:54 Currently monitoring 1 HTCondor log file(s)
08/17/26 01:50:54 Reassigning the id of job C_W15_HL_M1_A07_S3_F0 from (6053851.0.0) to (6053851.0.0)
08/17/26 01:50:54 Event: ULOG_SUBMIT for HTCondor Node C_W15_HL_M1_A07_S3_F0 (6053851.0.0) {08/17/26 01:50:49}
08/17/26 01:50:54 Number of idle job procs: 3
08/17/26 01:50:54 Event: ULOG_JOB_TERMINATED for HTCondor Node C_W15_LI_M2_A10_S4_F2 (6053410.0.0) {08/17/26 01:50:52}
08/17/26 01:50:54 Number of idle job procs: 3
08/17/26 01:50:54 Node C_W15_LI_M2_A10_S4_F2 job proc (6053410.0.0) completed successfully.
08/17/26 01:50:54 Node C_W15_LI_M2_A10_S4_F2 job(s) have exited the queue
08/17/26 01:50:54 DAG status: 0 (DAG_STATUS_OK)
08/17/26 01:50:54 Of 432 nodes total:
08/17/26 01:50:54  Done     Pre   Queued    Post   Ready   Un-Ready   Failed   Futile
08/17/26 01:50:54   ===     ===      ===     ===     ===        ===      ===      ===
08/17/26 01:50:54   253       0      137       0       0         42        0        0
08/17/26 01:50:54 0 job proc(s) currently held
08/17/26 01:50:54 DAGMan Runtime Statistics: [EventCycleTimeAvg=0.194; EventCycleTimeMax=20.234; EventCycleTimeMin=0.000; EventCycleTimeStd=1.125; EventCycleTimeSum=80.061; SleepCycleTimeAvg=5.005; SleepCycleTimeMax=5.040; SleepCycleTimeMin=5.000; SleepCycleTimeStd=0.003; SleepCycleTimeSum=2067.201; SubmitCycleTimeAvg=0.034; SubmitCycleTimeMax=2.749; SubmitCycleTimeMin=0.000; SubmitCycleTimeStd=0.176; SubmitCycleTimeSum=13.986; EventCycleTimeCount=413.000; SleepCycleTimeCount=413.000; SubmitCycleTimeCount=414.000; LogProcessCycleTimeAvg=0.273; LogProcessCycleTimeMax=20.234; LogProcessCycleTimeMin=0.003; LogProcessCycleTimeStd=1.528; LogProcessCycleTimeSum=55.666; LogProcessCycleTimeCount=204.000; ]
08/17/26 01:50:59 Currently monitoring 1 HTCondor log file(s)
08/17/26 01:50:59 Event: ULOG_JOB_TERMINATED for HTCondor Node P_W15_IL_M1_A07_S1 (6053213.0.0) {08/17/26 01:50:57}
08/17/26 01:50:59 Number of idle job procs: 3
08/17/26 01:50:59 Node P_W15_IL_M1_A07_S1 job proc (6053213.0.0) completed successfully.
08/17/26 01:50:59 Node P_W15_IL_M1_A07_S1 job(s) have exited the queue
08/17/26 01:50:59 Event: ULOG_JOB_TERMINATED for HTCondor Node C_W15_HL_M0_A00_S1_F0 (6053634.0.0) {08/17/26 01:50:58}
08/17/26 01:50:59 Number of idle job procs: 3
08/17/26 01:50:59 Node C_W15_HL_M0_A00_S1_F0 job proc (6053634.0.0) completed successfully.
08/17/26 01:50:59 Node C_W15_HL_M0_A00_S1_F0 job(s) have exited the queue
08/17/26 01:50:59 DAG status: 0 (DAG_STATUS_OK)
08/17/26 01:50:59 Of 432 nodes total:
08/17/26 01:50:59  Done     Pre   Queued    Post   Ready   Un-Ready   Failed   Futile
08/17/26 01:50:59   ===     ===      ===     ===     ===        ===      ===      ===
08/17/26 01:50:59   255       0      135       0       1         41        0        0
08/17/26 01:50:59 0 job proc(s) currently held
08/17/26 01:50:59 DAGMan Runtime Statistics: [EventCycleTimeAvg=0.194; EventCycleTimeMax=20.234; EventCycleTimeMin=0.000; EventCycleTimeStd=1.124; EventCycleTimeSum=80.165; SleepCycleTimeAvg=5.005; SleepCycleTimeMax=5.040; SleepCycleTimeMin=5.000; SleepCycleTimeStd=0.003; SleepCycleTimeSum=2072.206; SubmitCycleTimeAvg=0.034; SubmitCycleTimeMax=2.749; SubmitCycleTimeMin=0.000; SubmitCycleTimeStd=0.175; SubmitCycleTimeSum=13.986; EventCycleTimeCount=414.000; SleepCycleTimeCount=414.000; SubmitCycleTimeCount=415.000; LogProcessCycleTimeAvg=0.272; LogProcessCycleTimeMax=20.234; LogProcessCycleTimeMin=0.003; LogProcessCycleTimeStd=1.524; LogProcessCycleTimeSum=55.733; LogProcessCycleTimeCount=205.000; ]
08/17/26 01:51:04 Submitting HTCondor Node C_W15_IL_M1_A07_S1_F0 job(s)...
08/17/26 01:51:04 Submitting node C_W15_IL_M1_A07_S1_F0 from file /afs/cern.ch/user/c/cglenn/FCCWork/whizard/whizard_ttbar_spinpol/phase11_diagnostics/excess_weight_rootcause_v1/ttbar_restricted_region_suite_v1/regions/submissions/20260816T231425Z_U9region_core_W15_S8_np1_v1p0p1/region_child.sub using direct job submission
08/17/26 01:51:04 	assigned HTCondor ID (6053852.0.0)
08/17/26 01:51:04 Just submitted 1 job this cycle...
08/17/26 01:51:04 DAG status: 0 (DAG_STATUS_OK)
08/17/26 01:51:04 Of 432 nodes total:
08/17/26 01:51:04  Done     Pre   Queued    Post   Ready   Un-Ready   Failed   Futile
08/17/26 01:51:04   ===     ===      ===     ===     ===        ===      ===      ===
08/17/26 01:51:04   255       0      136       0       0         41        0        0
08/17/26 01:51:04 0 job proc(s) currently held
08/17/26 01:51:04 DAGMan Runtime Statistics: [EventCycleTimeAvg=0.193; EventCycleTimeMax=20.234; EventCycleTimeMin=0.000; EventCycleTimeStd=1.123; EventCycleTimeSum=80.280; SleepCycleTimeAvg=5.005; SleepCycleTimeMax=5.040; SleepCycleTimeMin=5.000; SleepCycleTimeStd=0.003; SleepCycleTimeSum=2077.211; SubmitCycleTimeAvg=0.034; SubmitCycleTimeMax=2.749; SubmitCycleTimeMin=0.000; SubmitCycleTimeStd=0.175; SubmitCycleTimeSum=14.029; EventCycleTimeCount=415.000; SleepCycleTimeCount=415.000; SubmitCycleTimeCount=416.000; LogProcessCycleTimeAvg=0.272; LogProcessCycleTimeMax=20.234; LogProcessCycleTimeMin=0.003; LogProcessCycleTimeStd=1.524; LogProcessCycleTimeSum=55.733; LogProcessCycleTimeCount=205.000; ]
08/17/26 01:51:09 Currently monitoring 1 HTCondor log file(s)
08/17/26 01:51:09 Reassigning the id of job C_W15_IL_M1_A07_S1_F0 from (6053852.0.0) to (6053852.0.0)
08/17/26 01:51:09 Event: ULOG_SUBMIT for HTCondor Node C_W15_IL_M1_A07_S1_F0 (6053852.0.0) {08/17/26 01:51:04}
08/17/26 01:51:09 Number of idle job procs: 4
08/17/26 01:51:14 Currently monitoring 1 HTCondor log file(s)
08/17/26 01:51:14 Event: ULOG_JOB_TERMINATED for HTCondor Node C_W15_LL_M0_A00_S0_F0 (6053606.0.0) {08/17/26 01:51:11}
08/17/26 01:51:14 Number of idle job procs: 4
08/17/26 01:51:14 Node C_W15_LL_M0_A00_S0_F0 job proc (6053606.0.0) completed successfully.
08/17/26 01:51:14 Node C_W15_LL_M0_A00_S0_F0 job(s) have exited the queue
08/17/26 01:51:14 DAG status: 0 (DAG_STATUS_OK)
08/17/26 01:51:14 Of 432 nodes total:
08/17/26 01:51:14  Done     Pre   Queued    Post   Ready   Un-Ready   Failed   Futile
08/17/26 01:51:14   ===     ===      ===     ===     ===        ===      ===      ===
08/17/26 01:51:14   256       0      135       0       0         41        0        0
08/17/26 01:51:14 0 job proc(s) currently held
08/17/26 01:51:14 DAGMan Runtime Statistics: [EventCycleTimeAvg=0.193; EventCycleTimeMax=20.234; EventCycleTimeMin=0.000; EventCycleTimeStd=1.120; EventCycleTimeSum=80.408; SleepCycleTimeAvg=5.005; SleepCycleTimeMax=5.040; SleepCycleTimeMin=5.000; SleepCycleTimeStd=0.003; SleepCycleTimeSum=2087.222; SubmitCycleTimeAvg=0.034; SubmitCycleTimeMax=2.749; SubmitCycleTimeMin=0.000; SubmitCycleTimeStd=0.175; SubmitCycleTimeSum=14.029; EventCycleTimeCount=417.000; SleepCycleTimeCount=417.000; SubmitCycleTimeCount=418.000; LogProcessCycleTimeAvg=0.270; LogProcessCycleTimeMax=20.234; LogProcessCycleTimeMin=0.003; LogProcessCycleTimeStd=1.517; LogProcessCycleTimeSum=55.797; LogProcessCycleTimeCount=207.000; ]
08/17/26 01:51:24 Currently monitoring 1 HTCondor log file(s)
08/17/26 01:51:24 Event: ULOG_EXECUTE for HTCondor Node C_W15_HI_M1_A07_S4_F0 (6053840.0.0) {08/17/26 01:51:23}
08/17/26 01:51:24 Number of idle job procs: 3
08/17/26 01:51:24 Event: ULOG_EXECUTE for HTCondor Node C_W15_IL_M1_A07_S7_F0 (6053841.0.0) {08/17/26 01:51:24}
08/17/26 01:51:24 Number of idle job procs: 2
08/17/26 01:51:29 Currently monitoring 1 HTCondor log file(s)
08/17/26 01:51:29 Event: ULOG_EXECUTE for HTCondor Node C_W15_HL_M1_A07_S3_F0 (6053851.0.0) {08/17/26 01:51:28}
08/17/26 01:51:29 Number of idle job procs: 1
08/17/26 01:51:29 Event: ULOG_EXECUTE for HTCondor Node C_W15_IL_M1_A07_S1_F0 (6053852.0.0) {08/17/26 01:51:28}
08/17/26 01:51:30 Number of idle job procs: 0
08/17/26 01:51:55 Currently monitoring 1 HTCondor log file(s)
08/17/26 01:51:55 Event: ULOG_JOB_TERMINATED for HTCondor Node C_W15_IL_M2_A10_S3_F2 (6053404.0.0) {08/17/26 01:51:53}
08/17/26 01:51:55 Number of idle job procs: 0
08/17/26 01:51:55 Node C_W15_IL_M2_A10_S3_F2 job proc (6053404.0.0) completed successfully.
08/17/26 01:51:55 Node C_W15_IL_M2_A10_S3_F2 job(s) have exited the queue
08/17/26 01:51:55 DAG status: 0 (DAG_STATUS_OK)
08/17/26 01:51:55 Of 432 nodes total:
08/17/26 01:51:55  Done     Pre   Queued    Post   Ready   Un-Ready   Failed   Futile
08/17/26 01:51:55   ===     ===      ===     ===     ===        ===      ===      ===
08/17/26 01:51:55   257       0      134       0       0         41        0        0
08/17/26 01:51:55 0 job proc(s) currently held
08/17/26 01:51:55 DAGMan Runtime Statistics: [EventCycleTimeAvg=0.190; EventCycleTimeMax=20.234; EventCycleTimeMin=0.000; EventCycleTimeStd=1.110; EventCycleTimeSum=80.572; SleepCycleTimeAvg=5.005; SleepCycleTimeMax=5.040; SleepCycleTimeMin=5.000; SleepCycleTimeStd=0.003; SleepCycleTimeSum=2127.268; SubmitCycleTimeAvg=0.033; SubmitCycleTimeMax=2.749; SubmitCycleTimeMin=0.000; SubmitCycleTimeStd=0.173; SubmitCycleTimeSum=14.029; EventCycleTimeCount=425.000; SleepCycleTimeCount=425.000; SubmitCycleTimeCount=426.000; LogProcessCycleTimeAvg=0.266; LogProcessCycleTimeMax=20.234; LogProcessCycleTimeMin=0.003; LogProcessCycleTimeStd=1.506; LogProcessCycleTimeSum=55.912; LogProcessCycleTimeCount=210.000; ]
08/17/26 01:52:00 Currently monitoring 1 HTCondor log file(s)
08/17/26 01:52:00 Event: ULOG_JOB_TERMINATED for HTCondor Node P_W15_II_M1_A07_S4 (6053240.0.0) {08/17/26 01:51:55}
08/17/26 01:52:00 Number of idle job procs: 0
08/17/26 01:52:00 Node P_W15_II_M1_A07_S4 job proc (6053240.0.0) completed successfully.
08/17/26 01:52:00 Node P_W15_II_M1_A07_S4 job(s) have exited the queue
08/17/26 01:52:00 DAG status: 0 (DAG_STATUS_OK)
08/17/26 01:52:00 Of 432 nodes total:
08/17/26 01:52:00  Done     Pre   Queued    Post   Ready   Un-Ready   Failed   Futile
08/17/26 01:52:00   ===     ===      ===     ===     ===        ===      ===      ===
08/17/26 01:52:00   258       0      133       0       1         40        0        0
08/17/26 01:52:00 0 job proc(s) currently held
08/17/26 01:52:00 DAGMan Runtime Statistics: [EventCycleTimeAvg=0.189; EventCycleTimeMax=20.234; EventCycleTimeMin=0.000; EventCycleTimeStd=1.108; EventCycleTimeSum=80.659; SleepCycleTimeAvg=5.005; SleepCycleTimeMax=5.040; SleepCycleTimeMin=5.000; SleepCycleTimeStd=0.003; SleepCycleTimeSum=2132.273; SubmitCycleTimeAvg=0.033; SubmitCycleTimeMax=2.749; SubmitCycleTimeMin=0.000; SubmitCycleTimeStd=0.173; SubmitCycleTimeSum=14.029; EventCycleTimeCount=426.000; SleepCycleTimeCount=426.000; SubmitCycleTimeCount=427.000; LogProcessCycleTimeAvg=0.265; LogProcessCycleTimeMax=20.234; LogProcessCycleTimeMin=0.003; LogProcessCycleTimeStd=1.503; LogProcessCycleTimeSum=55.948; LogProcessCycleTimeCount=211.000; ]
08/17/26 01:52:05 Submitting HTCondor Node C_W15_II_M1_A07_S4_F0 job(s)...
08/17/26 01:52:05 Submitting node C_W15_II_M1_A07_S4_F0 from file /afs/cern.ch/user/c/cglenn/FCCWork/whizard/whizard_ttbar_spinpol/phase11_diagnostics/excess_weight_rootcause_v1/ttbar_restricted_region_suite_v1/regions/submissions/20260816T231425Z_U9region_core_W15_S8_np1_v1p0p1/region_child.sub using direct job submission
08/17/26 01:52:05 	assigned HTCondor ID (6053853.0.0)
08/17/26 01:52:05 Just submitted 1 job this cycle...
08/17/26 01:52:05 Currently monitoring 1 HTCondor log file(s)
08/17/26 01:52:05 Event: ULOG_JOB_TERMINATED for HTCondor Node C_W15_HL_M0_A00_S7_F0 (6053628.0.0) {08/17/26 01:52:04}
08/17/26 01:52:05 Number of idle job procs: 0
08/17/26 01:52:05 Node C_W15_HL_M0_A00_S7_F0 job proc (6053628.0.0) completed successfully.
08/17/26 01:52:05 Node C_W15_HL_M0_A00_S7_F0 job(s) have exited the queue
08/17/26 01:52:05 Reassigning the id of job C_W15_II_M1_A07_S4_F0 from (6053853.0.0) to (6053853.0.0)
08/17/26 01:52:05 Event: ULOG_SUBMIT for HTCondor Node C_W15_II_M1_A07_S4_F0 (6053853.0.0) {08/17/26 01:52:05}
08/17/26 01:52:05 Number of idle job procs: 1
08/17/26 01:52:05 DAG status: 0 (DAG_STATUS_OK)
08/17/26 01:52:05 Of 432 nodes total:
08/17/26 01:52:05  Done     Pre   Queued    Post   Ready   Un-Ready   Failed   Futile
08/17/26 01:52:05   ===     ===      ===     ===     ===        ===      ===      ===
08/17/26 01:52:05   259       0      133       0       0         40        0        0
08/17/26 01:52:05 0 job proc(s) currently held
08/17/26 01:52:05 DAGMan Runtime Statistics: [EventCycleTimeAvg=0.189; EventCycleTimeMax=20.234; EventCycleTimeMin=0.000; EventCycleTimeStd=1.107; EventCycleTimeSum=80.745; SleepCycleTimeAvg=5.005; SleepCycleTimeMax=5.040; SleepCycleTimeMin=5.000; SleepCycleTimeStd=0.003; SleepCycleTimeSum=2137.279; SubmitCycleTimeAvg=0.033; SubmitCycleTimeMax=2.749; SubmitCycleTimeMin=0.000; SubmitCycleTimeStd=0.173; SubmitCycleTimeSum=14.073; EventCycleTimeCount=427.000; SleepCycleTimeCount=427.000; SubmitCycleTimeCount=428.000; LogProcessCycleTimeAvg=0.264; LogProcessCycleTimeMax=20.234; LogProcessCycleTimeMin=0.003; LogProcessCycleTimeStd=1.499; LogProcessCycleTimeSum=56.004; LogProcessCycleTimeCount=212.000; ]
08/17/26 01:52:10 Currently monitoring 1 HTCondor log file(s)
08/17/26 01:52:10 Event: ULOG_EXECUTE for HTCondor Node C_W15_II_M1_A07_S4_F0 (6053853.0.0) {08/17/26 01:52:06}
08/17/26 01:52:10 Number of idle job procs: 0
08/17/26 01:52:10 Event: ULOG_JOB_TERMINATED for HTCondor Node P_W15_HL_M1_A07_S6 (6053290.0.0) {08/17/26 01:52:07}
08/17/26 01:52:10 Number of idle job procs: 0
08/17/26 01:52:10 Node P_W15_HL_M1_A07_S6 job proc (6053290.0.0) completed successfully.
08/17/26 01:52:10 Node P_W15_HL_M1_A07_S6 job(s) have exited the queue
08/17/26 01:52:10 Event: ULOG_JOB_TERMINATED for HTCondor Node P_W15_LL_M1_A07_S1 (6053141.0.0) {08/17/26 01:52:07}
08/17/26 01:52:10 Number of idle job procs: 0
08/17/26 01:52:10 Node P_W15_LL_M1_A07_S1 job proc (6053141.0.0) completed successfully.
08/17/26 01:52:10 Node P_W15_LL_M1_A07_S1 job(s) have exited the queue
08/17/26 01:52:10 DAG status: 0 (DAG_STATUS_OK)
08/17/26 01:52:10 Of 432 nodes total:
08/17/26 01:52:10  Done     Pre   Queued    Post   Ready   Un-Ready   Failed   Futile
08/17/26 01:52:10   ===     ===      ===     ===     ===        ===      ===      ===
08/17/26 01:52:10   261       0      131       0       2         38        0        0
08/17/26 01:52:10 0 job proc(s) currently held
08/17/26 01:52:10 DAGMan Runtime Statistics: [EventCycleTimeAvg=0.189; EventCycleTimeMax=20.234; EventCycleTimeMin=0.000; EventCycleTimeStd=1.106; EventCycleTimeSum=80.903; SleepCycleTimeAvg=5.005; SleepCycleTimeMax=5.040; SleepCycleTimeMin=5.000; SleepCycleTimeStd=0.003; SleepCycleTimeSum=2142.284; SubmitCycleTimeAvg=0.033; SubmitCycleTimeMax=2.749; SubmitCycleTimeMin=0.000; SubmitCycleTimeStd=0.173; SubmitCycleTimeSum=14.073; EventCycleTimeCount=428.000; SleepCycleTimeCount=428.000; SubmitCycleTimeCount=429.000; LogProcessCycleTimeAvg=0.263; LogProcessCycleTimeMax=20.234; LogProcessCycleTimeMin=0.003; LogProcessCycleTimeStd=1.496; LogProcessCycleTimeSum=56.083; LogProcessCycleTimeCount=213.000; ]
08/17/26 01:52:15 Submitting HTCondor Node C_W15_HL_M1_A07_S6_F0 job(s)...
08/17/26 01:52:15 Submitting node C_W15_HL_M1_A07_S6_F0 from file /afs/cern.ch/user/c/cglenn/FCCWork/whizard/whizard_ttbar_spinpol/phase11_diagnostics/excess_weight_rootcause_v1/ttbar_restricted_region_suite_v1/regions/submissions/20260816T231425Z_U9region_core_W15_S8_np1_v1p0p1/region_child.sub using direct job submission
08/17/26 01:52:15 	assigned HTCondor ID (6053854.0.0)
08/17/26 01:52:15 Submitting HTCondor Node C_W15_LL_M1_A07_S1_F0 job(s)...
08/17/26 01:52:15 Submitting node C_W15_LL_M1_A07_S1_F0 from file /afs/cern.ch/user/c/cglenn/FCCWork/whizard/whizard_ttbar_spinpol/phase11_diagnostics/excess_weight_rootcause_v1/ttbar_restricted_region_suite_v1/regions/submissions/20260816T231425Z_U9region_core_W15_S8_np1_v1p0p1/region_child.sub using direct job submission
08/17/26 01:52:15 	assigned HTCondor ID (6053855.0.0)
08/17/26 01:52:15 Just submitted 2 jobs this cycle...
08/17/26 01:52:15 Currently monitoring 1 HTCondor log file(s)
08/17/26 01:52:15 Event: ULOG_JOB_TERMINATED for HTCondor Node C_W15_IL_M0_A00_S4_F0 (6053645.0.0) {08/17/26 01:52:11}
08/17/26 01:52:15 Number of idle job procs: 0
08/17/26 01:52:15 Node C_W15_IL_M0_A00_S4_F0 job proc (6053645.0.0) completed successfully.
08/17/26 01:52:15 Node C_W15_IL_M0_A00_S4_F0 job(s) have exited the queue
08/17/26 01:52:15 Event: ULOG_JOB_TERMINATED for HTCondor Node C_W15_II_M0_A00_S4_F0 (6053649.0.0) {08/17/26 01:52:12}
08/17/26 01:52:15 Number of idle job procs: 0
08/17/26 01:52:15 Node C_W15_II_M0_A00_S4_F0 job proc (6053649.0.0) completed successfully.
08/17/26 01:52:15 Node C_W15_II_M0_A00_S4_F0 job(s) have exited the queue
08/17/26 01:52:15 Event: ULOG_JOB_TERMINATED for HTCondor Node C_W15_IL_M2_A10_S6_F2 (6053408.0.0) {08/17/26 01:52:14}
08/17/26 01:52:15 Number of idle job procs: 0
08/17/26 01:52:15 Node C_W15_IL_M2_A10_S6_F2 job proc (6053408.0.0) completed successfully.
08/17/26 01:52:15 Node C_W15_IL_M2_A10_S6_F2 job(s) have exited the queue
08/17/26 01:52:15 Reassigning the id of job C_W15_HL_M1_A07_S6_F0 from (6053854.0.0) to (6053854.0.0)
08/17/26 01:52:15 Event: ULOG_SUBMIT for HTCondor Node C_W15_HL_M1_A07_S6_F0 (6053854.0.0) {08/17/26 01:52:15}
08/17/26 01:52:15 Number of idle job procs: 1
08/17/26 01:52:15 Reassigning the id of job C_W15_LL_M1_A07_S1_F0 from (6053855.0.0) to (6053855.0.0)
08/17/26 01:52:15 Event: ULOG_SUBMIT for HTCondor Node C_W15_LL_M1_A07_S1_F0 (6053855.0.0) {08/17/26 01:52:15}
08/17/26 01:52:15 Number of idle job procs: 2
08/17/26 01:52:15 DAG status: 0 (DAG_STATUS_OK)
08/17/26 01:52:15 Of 432 nodes total:
08/17/26 01:52:15  Done     Pre   Queued    Post   Ready   Un-Ready   Failed   Futile
08/17/26 01:52:15   ===     ===      ===     ===     ===        ===      ===      ===
08/17/26 01:52:15   264       0      130       0       0         38        0        0
08/17/26 01:52:15 0 job proc(s) currently held
08/17/26 01:52:15 DAGMan Runtime Statistics: [EventCycleTimeAvg=0.189; EventCycleTimeMax=20.234; EventCycleTimeMin=0.000; EventCycleTimeStd=1.104; EventCycleTimeSum=81.032; SleepCycleTimeAvg=5.005; SleepCycleTimeMax=5.040; SleepCycleTimeMin=5.000; SleepCycleTimeStd=0.003; SleepCycleTimeSum=2147.289; SubmitCycleTimeAvg=0.033; SubmitCycleTimeMax=2.749; SubmitCycleTimeMin=0.000; SubmitCycleTimeStd=0.172; SubmitCycleTimeSum=14.165; EventCycleTimeCount=429.000; SleepCycleTimeCount=429.000; SubmitCycleTimeCount=430.000; LogProcessCycleTimeAvg=0.263; LogProcessCycleTimeMax=20.234; LogProcessCycleTimeMin=0.003; LogProcessCycleTimeStd=1.492; LogProcessCycleTimeSum=56.227; LogProcessCycleTimeCount=214.000; ]
08/17/26 01:52:20 Currently monitoring 1 HTCondor log file(s)
08/17/26 01:52:20 Event: ULOG_EXECUTE for HTCondor Node C_W15_LL_M1_A07_S1_F0 (6053855.0.0) {08/17/26 01:52:17}
08/17/26 01:52:20 Number of idle job procs: 1
08/17/26 01:52:20 Event: ULOG_JOB_TERMINATED for HTCondor Node P_W15_IL_M1_A07_S3 (6053215.0.0) {08/17/26 01:52:18}
08/17/26 01:52:20 Number of idle job procs: 1
08/17/26 01:52:20 Node P_W15_IL_M1_A07_S3 job proc (6053215.0.0) completed successfully.
08/17/26 01:52:20 Node P_W15_IL_M1_A07_S3 job(s) have exited the queue
08/17/26 01:52:20 Event: ULOG_EXECUTE for HTCondor Node C_W15_HL_M1_A07_S6_F0 (6053854.0.0) {08/17/26 01:52:20}
08/17/26 01:52:20 Number of idle job procs: 0
08/17/26 01:52:20 DAG status: 0 (DAG_STATUS_OK)
08/17/26 01:52:20 Of 432 nodes total:
08/17/26 01:52:20  Done     Pre   Queued    Post   Ready   Un-Ready   Failed   Futile
08/17/26 01:52:20   ===     ===      ===     ===     ===        ===      ===      ===
08/17/26 01:52:20   265       0      129       0       1         37        0        0
08/17/26 01:52:20 0 job proc(s) currently held
08/17/26 01:52:20 DAGMan Runtime Statistics: [EventCycleTimeAvg=0.189; EventCycleTimeMax=20.234; EventCycleTimeMin=0.000; EventCycleTimeStd=1.103; EventCycleTimeSum=81.327; SleepCycleTimeAvg=5.005; SleepCycleTimeMax=5.040; SleepCycleTimeMin=5.000; SleepCycleTimeStd=0.003; SleepCycleTimeSum=2152.294; SubmitCycleTimeAvg=0.033; SubmitCycleTimeMax=2.749; SubmitCycleTimeMin=0.000; SubmitCycleTimeStd=0.172; SubmitCycleTimeSum=14.165; EventCycleTimeCount=430.000; SleepCycleTimeCount=430.000; SubmitCycleTimeCount=431.000; LogProcessCycleTimeAvg=0.262; LogProcessCycleTimeMax=20.234; LogProcessCycleTimeMin=0.003; LogProcessCycleTimeStd=1.489; LogProcessCycleTimeSum=56.292; LogProcessCycleTimeCount=215.000; ]
08/17/26 01:52:25 Submitting HTCondor Node C_W15_IL_M1_A07_S3_F0 job(s)...
08/17/26 01:52:25 Submitting node C_W15_IL_M1_A07_S3_F0 from file /afs/cern.ch/user/c/cglenn/FCCWork/whizard/whizard_ttbar_spinpol/phase11_diagnostics/excess_weight_rootcause_v1/ttbar_restricted_region_suite_v1/regions/submissions/20260816T231425Z_U9region_core_W15_S8_np1_v1p0p1/region_child.sub using direct job submission
08/17/26 01:52:25 	assigned HTCondor ID (6053856.0.0)
08/17/26 01:52:25 Just submitted 1 job this cycle...
08/17/26 01:52:25 DAG status: 0 (DAG_STATUS_OK)
08/17/26 01:52:26 Of 432 nodes total:
08/17/26 01:52:26  Done     Pre   Queued    Post   Ready   Un-Ready   Failed   Futile
08/17/26 01:52:26   ===     ===      ===     ===     ===        ===      ===      ===
08/17/26 01:52:26   265       0      130       0       0         37        0        0
08/17/26 01:52:26 0 job proc(s) currently held
08/17/26 01:52:26 DAGMan Runtime Statistics: [EventCycleTimeAvg=0.189; EventCycleTimeMax=20.234; EventCycleTimeMin=0.000; EventCycleTimeStd=1.102; EventCycleTimeSum=81.442; SleepCycleTimeAvg=5.005; SleepCycleTimeMax=5.040; SleepCycleTimeMin=5.000; SleepCycleTimeStd=0.003; SleepCycleTimeSum=2157.297; SubmitCycleTimeAvg=0.033; SubmitCycleTimeMax=2.749; SubmitCycleTimeMin=0.000; SubmitCycleTimeStd=0.172; SubmitCycleTimeSum=14.222; EventCycleTimeCount=431.000; SleepCycleTimeCount=431.000; SubmitCycleTimeCount=432.000; LogProcessCycleTimeAvg=0.262; LogProcessCycleTimeMax=20.234; LogProcessCycleTimeMin=0.003; LogProcessCycleTimeStd=1.489; LogProcessCycleTimeSum=56.292; LogProcessCycleTimeCount=215.000; ]
08/17/26 01:52:31 Currently monitoring 1 HTCondor log file(s)
08/17/26 01:52:31 Reassigning the id of job C_W15_IL_M1_A07_S3_F0 from (6053856.0.0) to (6053856.0.0)
08/17/26 01:52:31 Event: ULOG_SUBMIT for HTCondor Node C_W15_IL_M1_A07_S3_F0 (6053856.0.0) {08/17/26 01:52:25}
08/17/26 01:52:31 Number of idle job procs: 1
08/17/26 01:52:31 Event: ULOG_JOB_TERMINATED for HTCondor Node P_W15_LI_M1_A07_S0 (6053164.0.0) {08/17/26 01:52:26}
08/17/26 01:52:31 Number of idle job procs: 1
08/17/26 01:52:31 Node P_W15_LI_M1_A07_S0 job proc (6053164.0.0) completed successfully.
08/17/26 01:52:31 Node P_W15_LI_M1_A07_S0 job(s) have exited the queue
08/17/26 01:52:31 DAG status: 0 (DAG_STATUS_OK)
08/17/26 01:52:31 Of 432 nodes total:
08/17/26 01:52:31  Done     Pre   Queued    Post   Ready   Un-Ready   Failed   Futile
08/17/26 01:52:31   ===     ===      ===     ===     ===        ===      ===      ===
08/17/26 01:52:31   266       0      129       0       1         36        0        0
08/17/26 01:52:31 0 job proc(s) currently held
08/17/26 01:52:31 DAGMan Runtime Statistics: [EventCycleTimeAvg=0.189; EventCycleTimeMax=20.234; EventCycleTimeMin=0.000; EventCycleTimeStd=1.101; EventCycleTimeSum=81.561; SleepCycleTimeAvg=5.005; SleepCycleTimeMax=5.040; SleepCycleTimeMin=5.000; SleepCycleTimeStd=0.003; SleepCycleTimeSum=2162.303; SubmitCycleTimeAvg=0.033; SubmitCycleTimeMax=2.749; SubmitCycleTimeMin=0.000; SubmitCycleTimeStd=0.172; SubmitCycleTimeSum=14.222; EventCycleTimeCount=432.000; SleepCycleTimeCount=432.000; SubmitCycleTimeCount=433.000; LogProcessCycleTimeAvg=0.261; LogProcessCycleTimeMax=20.234; LogProcessCycleTimeMin=0.003; LogProcessCycleTimeStd=1.485; LogProcessCycleTimeSum=56.354; LogProcessCycleTimeCount=216.000; ]
08/17/26 01:52:36 Submitting HTCondor Node C_W15_LI_M1_A07_S0_F0 job(s)...
08/17/26 01:52:36 Submitting node C_W15_LI_M1_A07_S0_F0 from file /afs/cern.ch/user/c/cglenn/FCCWork/whizard/whizard_ttbar_spinpol/phase11_diagnostics/excess_weight_rootcause_v1/ttbar_restricted_region_suite_v1/regions/submissions/20260816T231425Z_U9region_core_W15_S8_np1_v1p0p1/region_child.sub using direct job submission
08/17/26 01:52:36 	assigned HTCondor ID (6053857.0.0)
08/17/26 01:52:36 Just submitted 1 job this cycle...
08/17/26 01:52:36 DAG status: 0 (DAG_STATUS_OK)
08/17/26 01:52:36 Of 432 nodes total:
08/17/26 01:52:36  Done     Pre   Queued    Post   Ready   Un-Ready   Failed   Futile
08/17/26 01:52:36   ===     ===      ===     ===     ===        ===      ===      ===
08/17/26 01:52:36   266       0      130       0       0         36        0        0
08/17/26 01:52:36 0 job proc(s) currently held
08/17/26 01:52:36 DAGMan Runtime Statistics: [EventCycleTimeAvg=0.189; EventCycleTimeMax=20.234; EventCycleTimeMin=0.000; EventCycleTimeStd=1.099; EventCycleTimeSum=81.678; SleepCycleTimeAvg=5.005; SleepCycleTimeMax=5.040; SleepCycleTimeMin=5.000; SleepCycleTimeStd=0.003; SleepCycleTimeSum=2167.308; SubmitCycleTimeAvg=0.033; SubmitCycleTimeMax=2.749; SubmitCycleTimeMin=0.000; SubmitCycleTimeStd=0.172; SubmitCycleTimeSum=14.270; EventCycleTimeCount=433.000; SleepCycleTimeCount=433.000; SubmitCycleTimeCount=434.000; LogProcessCycleTimeAvg=0.261; LogProcessCycleTimeMax=20.234; LogProcessCycleTimeMin=0.003; LogProcessCycleTimeStd=1.485; LogProcessCycleTimeSum=56.354; LogProcessCycleTimeCount=216.000; ]
08/17/26 01:52:41 Currently monitoring 1 HTCondor log file(s)
08/17/26 01:52:41 Reassigning the id of job C_W15_LI_M1_A07_S0_F0 from (6053857.0.0) to (6053857.0.0)
08/17/26 01:52:41 Event: ULOG_SUBMIT for HTCondor Node C_W15_LI_M1_A07_S0_F0 (6053857.0.0) {08/17/26 01:52:36}
08/17/26 01:52:41 Number of idle job procs: 2
08/17/26 01:52:51 Currently monitoring 1 HTCondor log file(s)
08/17/26 01:52:51 Event: ULOG_EXECUTE for HTCondor Node C_W15_LI_M1_A07_S0_F0 (6053857.0.0) {08/17/26 01:52:47}
08/17/26 01:52:51 Number of idle job procs: 1
08/17/26 01:52:51 Event: ULOG_JOB_TERMINATED for HTCondor Node C_W15_II_M0_A00_S2_F0 (6053647.0.0) {08/17/26 01:52:47}
08/17/26 01:52:51 Number of idle job procs: 1
08/17/26 01:52:51 Node C_W15_II_M0_A00_S2_F0 job proc (6053647.0.0) completed successfully.
08/17/26 01:52:51 Node C_W15_II_M0_A00_S2_F0 job(s) have exited the queue
08/17/26 01:52:51 Event: ULOG_EXECUTE for HTCondor Node C_W15_IL_M1_A07_S3_F0 (6053856.0.0) {08/17/26 01:52:48}
08/17/26 01:52:51 Number of idle job procs: 0
08/17/26 01:52:51 DAG status: 0 (DAG_STATUS_OK)
08/17/26 01:52:51 Of 432 nodes total:
08/17/26 01:52:51  Done     Pre   Queued    Post   Ready   Un-Ready   Failed   Futile
08/17/26 01:52:51   ===     ===      ===     ===     ===        ===      ===      ===
08/17/26 01:52:51   267       0      129       0       0         36        0        0
08/17/26 01:52:51 0 job proc(s) currently held
08/17/26 01:52:51 DAGMan Runtime Statistics: [EventCycleTimeAvg=0.188; EventCycleTimeMax=20.234; EventCycleTimeMin=0.000; EventCycleTimeStd=1.096; EventCycleTimeSum=81.819; SleepCycleTimeAvg=5.005; SleepCycleTimeMax=5.040; SleepCycleTimeMin=5.000; SleepCycleTimeStd=0.003; SleepCycleTimeSum=2182.326; SubmitCycleTimeAvg=0.033; SubmitCycleTimeMax=2.749; SubmitCycleTimeMin=0.000; SubmitCycleTimeStd=0.171; SubmitCycleTimeSum=14.270; EventCycleTimeCount=436.000; SleepCycleTimeCount=436.000; SubmitCycleTimeCount=437.000; LogProcessCycleTimeAvg=0.259; LogProcessCycleTimeMax=20.234; LogProcessCycleTimeMin=0.003; LogProcessCycleTimeStd=1.479; LogProcessCycleTimeSum=56.457; LogProcessCycleTimeCount=218.000; ]
08/17/26 01:52:56 Currently monitoring 1 HTCondor log file(s)
08/17/26 01:52:56 Event: ULOG_JOB_TERMINATED for HTCondor Node P_W15_IH_M1_A07_S5 (6053265.0.0) {08/17/26 01:52:55}
08/17/26 01:52:56 Number of idle job procs: 0
08/17/26 01:52:56 Node P_W15_IH_M1_A07_S5 job proc (6053265.0.0) completed successfully.
08/17/26 01:52:56 Node P_W15_IH_M1_A07_S5 job(s) have exited the queue
08/17/26 01:52:56 DAG status: 0 (DAG_STATUS_OK)
08/17/26 01:52:56 Of 432 nodes total:
08/17/26 01:52:56  Done     Pre   Queued    Post   Ready   Un-Ready   Failed   Futile
08/17/26 01:52:56   ===     ===      ===     ===     ===        ===      ===      ===
08/17/26 01:52:56   268       0      128       0       1         35        0        0
08/17/26 01:52:56 0 job proc(s) currently held
08/17/26 01:52:56 DAGMan Runtime Statistics: [EventCycleTimeAvg=0.188; EventCycleTimeMax=20.234; EventCycleTimeMin=0.000; EventCycleTimeStd=1.094; EventCycleTimeSum=81.946; SleepCycleTimeAvg=5.005; SleepCycleTimeMax=5.040; SleepCycleTimeMin=5.000; SleepCycleTimeStd=0.003; SleepCycleTimeSum=2187.331; SubmitCycleTimeAvg=0.033; SubmitCycleTimeMax=2.749; SubmitCycleTimeMin=0.000; SubmitCycleTimeStd=0.171; SubmitCycleTimeSum=14.270; EventCycleTimeCount=437.000; SleepCycleTimeCount=437.000; SubmitCycleTimeCount=438.000; LogProcessCycleTimeAvg=0.258; LogProcessCycleTimeMax=20.234; LogProcessCycleTimeMin=0.003; LogProcessCycleTimeStd=1.475; LogProcessCycleTimeSum=56.499; LogProcessCycleTimeCount=219.000; ]
08/17/26 01:53:01 Submitting HTCondor Node C_W15_IH_M1_A07_S5_F0 job(s)...
08/17/26 01:53:01 Submitting node C_W15_IH_M1_A07_S5_F0 from file /afs/cern.ch/user/c/cglenn/FCCWork/whizard/whizard_ttbar_spinpol/phase11_diagnostics/excess_weight_rootcause_v1/ttbar_restricted_region_suite_v1/regions/submissions/20260816T231425Z_U9region_core_W15_S8_np1_v1p0p1/region_child.sub using direct job submission
08/17/26 01:53:01 	assigned HTCondor ID (6053858.0.0)
08/17/26 01:53:01 Just submitted 1 job this cycle...
08/17/26 01:53:01 Currently monitoring 1 HTCondor log file(s)
08/17/26 01:53:01 Event: ULOG_JOB_TERMINATED for HTCondor Node C_W15_IL_M0_A00_S6_F0 (6053643.0.0) {08/17/26 01:52:56}
08/17/26 01:53:01 Number of idle job procs: 0
08/17/26 01:53:01 Node C_W15_IL_M0_A00_S6_F0 job proc (6053643.0.0) completed successfully.
08/17/26 01:53:01 Node C_W15_IL_M0_A00_S6_F0 job(s) have exited the queue
08/17/26 01:53:01 Reassigning the id of job C_W15_IH_M1_A07_S5_F0 from (6053858.0.0) to (6053858.0.0)
08/17/26 01:53:01 Event: ULOG_SUBMIT for HTCondor Node C_W15_IH_M1_A07_S5_F0 (6053858.0.0) {08/17/26 01:53:01}
08/17/26 01:53:01 Number of idle job procs: 1
08/17/26 01:53:01 DAG status: 0 (DAG_STATUS_OK)
08/17/26 01:53:01 Of 432 nodes total:
08/17/26 01:53:01  Done     Pre   Queued    Post   Ready   Un-Ready   Failed   Futile
08/17/26 01:53:01   ===     ===      ===     ===     ===        ===      ===      ===
08/17/26 01:53:01   269       0      128       0       0         35        0        0
08/17/26 01:53:01 0 job proc(s) currently held
08/17/26 01:53:01 DAGMan Runtime Statistics: [EventCycleTimeAvg=0.187; EventCycleTimeMax=20.234; EventCycleTimeMin=0.000; EventCycleTimeStd=1.093; EventCycleTimeSum=82.047; SleepCycleTimeAvg=5.005; SleepCycleTimeMax=5.040; SleepCycleTimeMin=5.000; SleepCycleTimeStd=0.003; SleepCycleTimeSum=2192.336; SubmitCycleTimeAvg=0.033; SubmitCycleTimeMax=2.749; SubmitCycleTimeMin=0.000; SubmitCycleTimeStd=0.171; SubmitCycleTimeSum=14.320; EventCycleTimeCount=438.000; SleepCycleTimeCount=438.000; SubmitCycleTimeCount=439.000; LogProcessCycleTimeAvg=0.257; LogProcessCycleTimeMax=20.234; LogProcessCycleTimeMin=0.003; LogProcessCycleTimeStd=1.472; LogProcessCycleTimeSum=56.566; LogProcessCycleTimeCount=220.000; ]
08/17/26 01:53:06 Currently monitoring 1 HTCondor log file(s)
08/17/26 01:53:06 Event: ULOG_JOB_TERMINATED for HTCondor Node C_W15_IL_M2_A10_S4_F2 (6053399.0.0) {08/17/26 01:53:02}
08/17/26 01:53:06 Number of idle job procs: 1
08/17/26 01:53:06 Node C_W15_IL_M2_A10_S4_F2 job proc (6053399.0.0) completed successfully.
08/17/26 01:53:06 Node C_W15_IL_M2_A10_S4_F2 job(s) have exited the queue
08/17/26 01:53:06 Event: ULOG_EXECUTE for HTCondor Node C_W15_IH_M1_A07_S5_F0 (6053858.0.0) {08/17/26 01:53:03}
08/17/26 01:53:06 Number of idle job procs: 0
08/17/26 01:53:06 DAG status: 0 (DAG_STATUS_OK)
08/17/26 01:53:06 Of 432 nodes total:
08/17/26 01:53:06  Done     Pre   Queued    Post   Ready   Un-Ready   Failed   Futile
08/17/26 01:53:06   ===     ===      ===     ===     ===        ===      ===      ===
08/17/26 01:53:06   270       0      127       0       0         35        0        0
08/17/26 01:53:06 0 job proc(s) currently held
08/17/26 01:53:06 DAGMan Runtime Statistics: [EventCycleTimeAvg=0.187; EventCycleTimeMax=20.234; EventCycleTimeMin=0.000; EventCycleTimeStd=1.092; EventCycleTimeSum=82.229; SleepCycleTimeAvg=5.005; SleepCycleTimeMax=5.040; SleepCycleTimeMin=5.000; SleepCycleTimeStd=0.003; SleepCycleTimeSum=2197.343; SubmitCycleTimeAvg=0.033; SubmitCycleTimeMax=2.749; SubmitCycleTimeMin=0.000; SubmitCycleTimeStd=0.171; SubmitCycleTimeSum=14.320; EventCycleTimeCount=439.000; SleepCycleTimeCount=439.000; SubmitCycleTimeCount=440.000; LogProcessCycleTimeAvg=0.256; LogProcessCycleTimeMax=20.234; LogProcessCycleTimeMin=0.003; LogProcessCycleTimeStd=1.469; LogProcessCycleTimeSum=56.625; LogProcessCycleTimeCount=221.000; ]
08/17/26 01:53:16 Currently monitoring 1 HTCondor log file(s)
08/17/26 01:53:16 Event: ULOG_JOB_TERMINATED for HTCondor Node P_W15_LI_M1_A07_S2 (6053166.0.0) {08/17/26 01:53:12}
08/17/26 01:53:16 Number of idle job procs: 0
08/17/26 01:53:16 Node P_W15_LI_M1_A07_S2 job proc (6053166.0.0) completed successfully.
08/17/26 01:53:17 Node P_W15_LI_M1_A07_S2 job(s) have exited the queue
08/17/26 01:53:17 Event: ULOG_JOB_TERMINATED for HTCondor Node C_W15_LL_M2_A10_S2_F2 (6053573.0.0) {08/17/26 01:53:13}
08/17/26 01:53:17 Number of idle job procs: 0
08/17/26 01:53:17 Node C_W15_LL_M2_A10_S2_F2 job proc (6053573.0.0) completed successfully.
08/17/26 01:53:17 Node C_W15_LL_M2_A10_S2_F2 job(s) have exited the queue
08/17/26 01:53:17 Event: ULOG_JOB_TERMINATED for HTCondor Node P_W15_LH_M1_A07_S5 (6053193.0.0) {08/17/26 01:53:14}
08/17/26 01:53:17 Number of idle job procs: 0
08/17/26 01:53:17 Node P_W15_LH_M1_A07_S5 job proc (6053193.0.0) completed successfully.
08/17/26 01:53:17 Node P_W15_LH_M1_A07_S5 job(s) have exited the queue
08/17/26 01:53:17 DAG status: 0 (DAG_STATUS_OK)
08/17/26 01:53:17 Of 432 nodes total:
08/17/26 01:53:17  Done     Pre   Queued    Post   Ready   Un-Ready   Failed   Futile
08/17/26 01:53:17   ===     ===      ===     ===     ===        ===      ===      ===
08/17/26 01:53:17   273       0      124       0       2         33        0        0
08/17/26 01:53:17 0 job proc(s) currently held
08/17/26 01:53:17 DAGMan Runtime Statistics: [EventCycleTimeAvg=0.187; EventCycleTimeMax=20.234; EventCycleTimeMin=0.000; EventCycleTimeStd=1.089; EventCycleTimeSum=82.347; SleepCycleTimeAvg=5.005; SleepCycleTimeMax=5.040; SleepCycleTimeMin=5.000; SleepCycleTimeStd=0.003; SleepCycleTimeSum=2207.355; SubmitCycleTimeAvg=0.032; SubmitCycleTimeMax=2.749; SubmitCycleTimeMin=0.000; SubmitCycleTimeStd=0.170; SubmitCycleTimeSum=14.320; EventCycleTimeCount=441.000; SleepCycleTimeCount=441.000; SubmitCycleTimeCount=442.000; LogProcessCycleTimeAvg=0.257; LogProcessCycleTimeMax=20.234; LogProcessCycleTimeMin=0.003; LogProcessCycleTimeStd=1.465; LogProcessCycleTimeSum=57.023; LogProcessCycleTimeCount=222.000; ]
08/17/26 01:53:22 Submitting HTCondor Node C_W15_LI_M1_A07_S2_F0 job(s)...
08/17/26 01:53:22 Submitting node C_W15_LI_M1_A07_S2_F0 from file /afs/cern.ch/user/c/cglenn/FCCWork/whizard/whizard_ttbar_spinpol/phase11_diagnostics/excess_weight_rootcause_v1/ttbar_restricted_region_suite_v1/regions/submissions/20260816T231425Z_U9region_core_W15_S8_np1_v1p0p1/region_child.sub using direct job submission
08/17/26 01:53:22 	assigned HTCondor ID (6053859.0.0)
08/17/26 01:53:22 Submitting HTCondor Node C_W15_LH_M1_A07_S5_F0 job(s)...
08/17/26 01:53:22 Submitting node C_W15_LH_M1_A07_S5_F0 from file /afs/cern.ch/user/c/cglenn/FCCWork/whizard/whizard_ttbar_spinpol/phase11_diagnostics/excess_weight_rootcause_v1/ttbar_restricted_region_suite_v1/regions/submissions/20260816T231425Z_U9region_core_W15_S8_np1_v1p0p1/region_child.sub using direct job submission
08/17/26 01:53:22 	assigned HTCondor ID (6053860.0.0)
08/17/26 01:53:22 Just submitted 2 jobs this cycle...
08/17/26 01:53:22 DAG status: 0 (DAG_STATUS_OK)
08/17/26 01:53:22 Of 432 nodes total:
08/17/26 01:53:22  Done     Pre   Queued    Post   Ready   Un-Ready   Failed   Futile
08/17/26 01:53:22   ===     ===      ===     ===     ===        ===      ===      ===
08/17/26 01:53:22   273       0      126       0       0         33        0        0
08/17/26 01:53:22 0 job proc(s) currently held
08/17/26 01:53:22 DAGMan Runtime Statistics: [EventCycleTimeAvg=0.188; EventCycleTimeMax=20.234; EventCycleTimeMin=0.000; EventCycleTimeStd=1.088; EventCycleTimeSum=82.937; SleepCycleTimeAvg=5.005; SleepCycleTimeMax=5.040; SleepCycleTimeMin=5.000; SleepCycleTimeStd=0.003; SleepCycleTimeSum=2212.361; SubmitCycleTimeAvg=0.033; SubmitCycleTimeMax=2.749; SubmitCycleTimeMin=0.000; SubmitCycleTimeStd=0.170; SubmitCycleTimeSum=14.415; EventCycleTimeCount=442.000; SleepCycleTimeCount=442.000; SubmitCycleTimeCount=443.000; LogProcessCycleTimeAvg=0.257; LogProcessCycleTimeMax=20.234; LogProcessCycleTimeMin=0.003; LogProcessCycleTimeStd=1.465; LogProcessCycleTimeSum=57.023; LogProcessCycleTimeCount=222.000; ]
08/17/26 01:53:27 Currently monitoring 1 HTCondor log file(s)
08/17/26 01:53:27 Reassigning the id of job C_W15_LI_M1_A07_S2_F0 from (6053859.0.0) to (6053859.0.0)
08/17/26 01:53:27 Event: ULOG_SUBMIT for HTCondor Node C_W15_LI_M1_A07_S2_F0 (6053859.0.0) {08/17/26 01:53:22}
08/17/26 01:53:27 Number of idle job procs: 1
08/17/26 01:53:27 Reassigning the id of job C_W15_LH_M1_A07_S5_F0 from (6053860.0.0) to (6053860.0.0)
08/17/26 01:53:27 Event: ULOG_SUBMIT for HTCondor Node C_W15_LH_M1_A07_S5_F0 (6053860.0.0) {08/17/26 01:53:22}
08/17/26 01:53:27 Number of idle job procs: 2
08/17/26 01:53:27 Event: ULOG_EXECUTE for HTCondor Node C_W15_LI_M1_A07_S2_F0 (6053859.0.0) {08/17/26 01:53:23}
08/17/26 01:53:27 Number of idle job procs: 1
08/17/26 01:53:27 Event: ULOG_EXECUTE for HTCondor Node C_W15_LH_M1_A07_S5_F0 (6053860.0.0) {08/17/26 01:53:25}
08/17/26 01:53:27 Number of idle job procs: 0
08/17/26 01:53:27 Event: ULOG_JOB_TERMINATED for HTCondor Node P_W15_HL_M1_A07_S7 (6053291.0.0) {08/17/26 01:53:26}
08/17/26 01:53:27 Number of idle job procs: 0
08/17/26 01:53:27 Node P_W15_HL_M1_A07_S7 job proc (6053291.0.0) completed successfully.
08/17/26 01:53:27 Node P_W15_HL_M1_A07_S7 job(s) have exited the queue
08/17/26 01:53:27 DAG status: 0 (DAG_STATUS_OK)
08/17/26 01:53:27 Of 432 nodes total:
08/17/26 01:53:27  Done     Pre   Queued    Post   Ready   Un-Ready   Failed   Futile
08/17/26 01:53:27   ===     ===      ===     ===     ===        ===      ===      ===
08/17/26 01:53:27   274       0      125       0       1         32        0        0
08/17/26 01:53:27 0 job proc(s) currently held
08/17/26 01:53:27 DAGMan Runtime Statistics: [EventCycleTimeAvg=0.188; EventCycleTimeMax=20.234; EventCycleTimeMin=0.000; EventCycleTimeStd=1.087; EventCycleTimeSum=83.100; SleepCycleTimeAvg=5.005; SleepCycleTimeMax=5.040; SleepCycleTimeMin=5.000; SleepCycleTimeStd=0.003; SleepCycleTimeSum=2217.366; SubmitCycleTimeAvg=0.032; SubmitCycleTimeMax=2.749; SubmitCycleTimeMin=0.000; SubmitCycleTimeStd=0.170; SubmitCycleTimeSum=14.415; EventCycleTimeCount=443.000; SleepCycleTimeCount=443.000; SubmitCycleTimeCount=444.000; LogProcessCycleTimeAvg=0.256; LogProcessCycleTimeMax=20.234; LogProcessCycleTimeMin=0.003; LogProcessCycleTimeStd=1.462; LogProcessCycleTimeSum=57.148; LogProcessCycleTimeCount=223.000; ]
08/17/26 01:53:32 Submitting HTCondor Node C_W15_HL_M1_A07_S7_F0 job(s)...
08/17/26 01:53:32 Submitting node C_W15_HL_M1_A07_S7_F0 from file /afs/cern.ch/user/c/cglenn/FCCWork/whizard/whizard_ttbar_spinpol/phase11_diagnostics/excess_weight_rootcause_v1/ttbar_restricted_region_suite_v1/regions/submissions/20260816T231425Z_U9region_core_W15_S8_np1_v1p0p1/region_child.sub using direct job submission
08/17/26 01:53:32 	assigned HTCondor ID (6053864.0.0)
08/17/26 01:53:32 Just submitted 1 job this cycle...
08/17/26 01:53:32 Currently monitoring 1 HTCondor log file(s)
08/17/26 01:53:32 Event: ULOG_JOB_TERMINATED for HTCondor Node C_W15_HL_M0_A00_S5_F0 (6053642.0.0) {08/17/26 01:53:28}
08/17/26 01:53:32 Number of idle job procs: 0
08/17/26 01:53:32 Node C_W15_HL_M0_A00_S5_F0 job proc (6053642.0.0) completed successfully.
08/17/26 01:53:32 Node C_W15_HL_M0_A00_S5_F0 job(s) have exited the queue
08/17/26 01:53:32 Event: ULOG_JOB_TERMINATED for HTCondor Node C_W15_LI_M0_A00_S6_F0 (6053616.0.0) {08/17/26 01:53:28}
08/17/26 01:53:32 Number of idle job procs: 0
08/17/26 01:53:32 Node C_W15_LI_M0_A00_S6_F0 job proc (6053616.0.0) completed successfully.
08/17/26 01:53:32 Node C_W15_LI_M0_A00_S6_F0 job(s) have exited the queue
08/17/26 01:53:32 Event: ULOG_JOB_TERMINATED for HTCondor Node P_W15_HL_M1_A07_S4 (6053288.0.0) {08/17/26 01:53:31}
08/17/26 01:53:32 Number of idle job procs: 0
08/17/26 01:53:32 Node P_W15_HL_M1_A07_S4 job proc (6053288.0.0) completed successfully.
08/17/26 01:53:33 Node P_W15_HL_M1_A07_S4 job(s) have exited the queue
08/17/26 01:53:33 Reassigning the id of job C_W15_HL_M1_A07_S7_F0 from (6053864.0.0) to (6053864.0.0)
08/17/26 01:53:33 Event: ULOG_SUBMIT for HTCondor Node C_W15_HL_M1_A07_S7_F0 (6053864.0.0) {08/17/26 01:53:32}
08/17/26 01:53:33 Number of idle job procs: 1
08/17/26 01:53:33 DAG status: 0 (DAG_STATUS_OK)
08/17/26 01:53:33 Of 432 nodes total:
08/17/26 01:53:33  Done     Pre   Queued    Post   Ready   Un-Ready   Failed   Futile
08/17/26 01:53:33   ===     ===      ===     ===     ===        ===      ===      ===
08/17/26 01:53:33   277       0      123       0       1         31        0        0
08/17/26 01:53:33 0 job proc(s) currently held
08/17/26 01:53:33 DAGMan Runtime Statistics: [EventCycleTimeAvg=0.188; EventCycleTimeMax=20.234; EventCycleTimeMin=0.000; EventCycleTimeStd=1.086; EventCycleTimeSum=83.286; SleepCycleTimeAvg=5.005; SleepCycleTimeMax=5.040; SleepCycleTimeMin=5.000; SleepCycleTimeStd=0.003; SleepCycleTimeSum=2222.371; SubmitCycleTimeAvg=0.032; SubmitCycleTimeMax=2.749; SubmitCycleTimeMin=0.000; SubmitCycleTimeStd=0.170; SubmitCycleTimeSum=14.462; EventCycleTimeCount=444.000; SleepCycleTimeCount=444.000; SubmitCycleTimeCount=445.000; LogProcessCycleTimeAvg=0.256; LogProcessCycleTimeMax=20.234; LogProcessCycleTimeMin=0.003; LogProcessCycleTimeStd=1.459; LogProcessCycleTimeSum=57.278; LogProcessCycleTimeCount=224.000; ]
08/17/26 01:53:38 Submitting HTCondor Node C_W15_HL_M1_A07_S4_F0 job(s)...
08/17/26 01:53:38 Submitting node C_W15_HL_M1_A07_S4_F0 from file /afs/cern.ch/user/c/cglenn/FCCWork/whizard/whizard_ttbar_spinpol/phase11_diagnostics/excess_weight_rootcause_v1/ttbar_restricted_region_suite_v1/regions/submissions/20260816T231425Z_U9region_core_W15_S8_np1_v1p0p1/region_child.sub using direct job submission
08/17/26 01:53:38 	assigned HTCondor ID (6053865.0.0)
08/17/26 01:53:38 Just submitted 1 job this cycle...
08/17/26 01:53:38 Currently monitoring 1 HTCondor log file(s)
08/17/26 01:53:38 Reassigning the id of job C_W15_HL_M1_A07_S4_F0 from (6053865.0.0) to (6053865.0.0)
08/17/26 01:53:38 Event: ULOG_SUBMIT for HTCondor Node C_W15_HL_M1_A07_S4_F0 (6053865.0.0) {08/17/26 01:53:38}
08/17/26 01:53:38 Number of idle job procs: 2
08/17/26 01:53:38 DAG status: 0 (DAG_STATUS_OK)
08/17/26 01:53:38 Of 432 nodes total:
08/17/26 01:53:38  Done     Pre   Queued    Post   Ready   Un-Ready   Failed   Futile
08/17/26 01:53:38   ===     ===      ===     ===     ===        ===      ===      ===
08/17/26 01:53:38   277       0      124       0       0         31        0        0
08/17/26 01:53:38 0 job proc(s) currently held
08/17/26 01:53:38 DAGMan Runtime Statistics: [EventCycleTimeAvg=0.188; EventCycleTimeMax=20.234; EventCycleTimeMin=0.000; EventCycleTimeStd=1.085; EventCycleTimeSum=83.531; SleepCycleTimeAvg=5.005; SleepCycleTimeMax=5.040; SleepCycleTimeMin=5.000; SleepCycleTimeStd=0.003; SleepCycleTimeSum=2227.376; SubmitCycleTimeAvg=0.033; SubmitCycleTimeMax=2.749; SubmitCycleTimeMin=0.000; SubmitCycleTimeStd=0.169; SubmitCycleTimeSum=14.510; EventCycleTimeCount=445.000; SleepCycleTimeCount=445.000; SubmitCycleTimeCount=446.000; LogProcessCycleTimeAvg=0.255; LogProcessCycleTimeMax=20.234; LogProcessCycleTimeMin=0.003; LogProcessCycleTimeStd=1.456; LogProcessCycleTimeSum=57.312; LogProcessCycleTimeCount=225.000; ]
08/17/26 01:53:43 Currently monitoring 1 HTCondor log file(s)
08/17/26 01:53:43 Event: ULOG_JOB_TERMINATED for HTCondor Node P_W15_LI_M1_A07_S7 (6053171.0.0) {08/17/26 01:53:38}
08/17/26 01:53:43 Number of idle job procs: 2
08/17/26 01:53:43 Node P_W15_LI_M1_A07_S7 job proc (6053171.0.0) completed successfully.
08/17/26 01:53:43 Node P_W15_LI_M1_A07_S7 job(s) have exited the queue
08/17/26 01:53:43 Event: ULOG_JOB_TERMINATED for HTCondor Node P_W15_LL_M1_A07_S2 (6053142.0.0) {08/17/26 01:53:41}
08/17/26 01:53:43 Number of idle job procs: 2
08/17/26 01:53:43 Node P_W15_LL_M1_A07_S2 job proc (6053142.0.0) completed successfully.
08/17/26 01:53:43 Node P_W15_LL_M1_A07_S2 job(s) have exited the queue
08/17/26 01:53:43 DAG status: 0 (DAG_STATUS_OK)
08/17/26 01:53:43 Of 432 nodes total:
08/17/26 01:53:43  Done     Pre   Queued    Post   Ready   Un-Ready   Failed   Futile
08/17/26 01:53:43   ===     ===      ===     ===     ===        ===      ===      ===
08/17/26 01:53:43   279       0      122       0       2         29        0        0
08/17/26 01:53:43 0 job proc(s) currently held
08/17/26 01:53:43 DAGMan Runtime Statistics: [EventCycleTimeAvg=0.188; EventCycleTimeMax=20.234; EventCycleTimeMin=0.000; EventCycleTimeStd=1.083; EventCycleTimeSum=83.680; SleepCycleTimeAvg=5.005; SleepCycleTimeMax=5.040; SleepCycleTimeMin=5.000; SleepCycleTimeStd=0.003; SleepCycleTimeSum=2232.381; SubmitCycleTimeAvg=0.032; SubmitCycleTimeMax=2.749; SubmitCycleTimeMin=0.000; SubmitCycleTimeStd=0.169; SubmitCycleTimeSum=14.510; EventCycleTimeCount=446.000; SleepCycleTimeCount=446.000; SubmitCycleTimeCount=447.000; LogProcessCycleTimeAvg=0.254; LogProcessCycleTimeMax=20.234; LogProcessCycleTimeMin=0.003; LogProcessCycleTimeStd=1.452; LogProcessCycleTimeSum=57.386; LogProcessCycleTimeCount=226.000; ]
08/17/26 01:53:48 Submitting HTCondor Node C_W15_LI_M1_A07_S7_F0 job(s)...
08/17/26 01:53:48 Submitting node C_W15_LI_M1_A07_S7_F0 from file /afs/cern.ch/user/c/cglenn/FCCWork/whizard/whizard_ttbar_spinpol/phase11_diagnostics/excess_weight_rootcause_v1/ttbar_restricted_region_suite_v1/regions/submissions/20260816T231425Z_U9region_core_W15_S8_np1_v1p0p1/region_child.sub using direct job submission
08/17/26 01:53:48 	assigned HTCondor ID (6053869.0.0)
08/17/26 01:53:48 Submitting HTCondor Node C_W15_LL_M1_A07_S2_F0 job(s)...
08/17/26 01:53:48 Submitting node C_W15_LL_M1_A07_S2_F0 from file /afs/cern.ch/user/c/cglenn/FCCWork/whizard/whizard_ttbar_spinpol/phase11_diagnostics/excess_weight_rootcause_v1/ttbar_restricted_region_suite_v1/regions/submissions/20260816T231425Z_U9region_core_W15_S8_np1_v1p0p1/region_child.sub using direct job submission
08/17/26 01:53:48 	assigned HTCondor ID (6053870.0.0)
08/17/26 01:53:48 Just submitted 2 jobs this cycle...
08/17/26 01:53:48 Currently monitoring 1 HTCondor log file(s)
08/17/26 01:53:48 Event: ULOG_EXECUTE for HTCondor Node C_W15_HL_M1_A07_S7_F0 (6053864.0.0) {08/17/26 01:53:43}
08/17/26 01:53:48 Number of idle job procs: 1
08/17/26 01:53:48 Event: ULOG_JOB_TERMINATED for HTCondor Node C_W15_LI_M0_A00_S0_F0 (6053648.0.0) {08/17/26 01:53:44}
08/17/26 01:53:48 Number of idle job procs: 1
08/17/26 01:53:48 Node C_W15_LI_M0_A00_S0_F0 job proc (6053648.0.0) completed successfully.
08/17/26 01:53:48 Node C_W15_LI_M0_A00_S0_F0 job(s) have exited the queue
08/17/26 01:53:48 Event: ULOG_EXECUTE for HTCondor Node C_W15_HL_M1_A07_S4_F0 (6053865.0.0) {08/17/26 01:53:45}
08/17/26 01:53:48 Number of idle job procs: 0
08/17/26 01:53:48 Reassigning the id of job C_W15_LI_M1_A07_S7_F0 from (6053869.0.0) to (6053869.0.0)
08/17/26 01:53:48 Event: ULOG_SUBMIT for HTCondor Node C_W15_LI_M1_A07_S7_F0 (6053869.0.0) {08/17/26 01:53:48}
08/17/26 01:53:48 Number of idle job procs: 1
08/17/26 01:53:48 Reassigning the id of job C_W15_LL_M1_A07_S2_F0 from (6053870.0.0) to (6053870.0.0)
08/17/26 01:53:48 Event: ULOG_SUBMIT for HTCondor Node C_W15_LL_M1_A07_S2_F0 (6053870.0.0) {08/17/26 01:53:48}
08/17/26 01:53:48 Number of idle job procs: 2
08/17/26 01:53:48 DAG status: 0 (DAG_STATUS_OK)
08/17/26 01:53:48 Of 432 nodes total:
08/17/26 01:53:48  Done     Pre   Queued    Post   Ready   Un-Ready   Failed   Futile
08/17/26 01:53:48   ===     ===      ===     ===     ===        ===      ===      ===
08/17/26 01:53:48   280       0      123       0       0         29        0        0
08/17/26 01:53:48 0 job proc(s) currently held
08/17/26 01:53:48 DAGMan Runtime Statistics: [EventCycleTimeAvg=0.187; EventCycleTimeMax=20.234; EventCycleTimeMin=0.000; EventCycleTimeStd=1.082; EventCycleTimeSum=83.812; SleepCycleTimeAvg=5.005; SleepCycleTimeMax=5.040; SleepCycleTimeMin=5.000; SleepCycleTimeStd=0.003; SleepCycleTimeSum=2237.389; SubmitCycleTimeAvg=0.033; SubmitCycleTimeMax=2.749; SubmitCycleTimeMin=0.000; SubmitCycleTimeStd=0.169; SubmitCycleTimeSum=14.604; EventCycleTimeCount=447.000; SleepCycleTimeCount=447.000; SubmitCycleTimeCount=448.000; LogProcessCycleTimeAvg=0.253; LogProcessCycleTimeMax=20.234; LogProcessCycleTimeMin=0.003; LogProcessCycleTimeStd=1.449; LogProcessCycleTimeSum=57.514; LogProcessCycleTimeCount=227.000; ]
08/17/26 01:53:53 Currently monitoring 1 HTCondor log file(s)
08/17/26 01:53:53 Event: ULOG_JOB_TERMINATED for HTCondor Node C_W15_LI_M0_A00_S1_F0 (6053630.0.0) {08/17/26 01:53:53}
08/17/26 01:53:53 Number of idle job procs: 2
08/17/26 01:53:53 Node C_W15_LI_M0_A00_S1_F0 job proc (6053630.0.0) completed successfully.
08/17/26 01:53:53 Node C_W15_LI_M0_A00_S1_F0 job(s) have exited the queue
08/17/26 01:53:53 DAG status: 0 (DAG_STATUS_OK)
08/17/26 01:53:53 Of 432 nodes total:
08/17/26 01:53:53  Done     Pre   Queued    Post   Ready   Un-Ready   Failed   Futile
08/17/26 01:53:53   ===     ===      ===     ===     ===        ===      ===      ===
08/17/26 01:53:53   281       0      122       0       0         29        0        0
08/17/26 01:53:53 0 job proc(s) currently held
08/17/26 01:53:53 DAGMan Runtime Statistics: [EventCycleTimeAvg=0.188; EventCycleTimeMax=20.234; EventCycleTimeMin=0.000; EventCycleTimeStd=1.081; EventCycleTimeSum=84.135; SleepCycleTimeAvg=5.005; SleepCycleTimeMax=5.040; SleepCycleTimeMin=5.000; SleepCycleTimeStd=0.003; SleepCycleTimeSum=2242.394; SubmitCycleTimeAvg=0.033; SubmitCycleTimeMax=2.749; SubmitCycleTimeMin=0.000; SubmitCycleTimeStd=0.169; SubmitCycleTimeSum=14.604; EventCycleTimeCount=448.000; SleepCycleTimeCount=448.000; SubmitCycleTimeCount=449.000; LogProcessCycleTimeAvg=0.252; LogProcessCycleTimeMax=20.234; LogProcessCycleTimeMin=0.003; LogProcessCycleTimeStd=1.446; LogProcessCycleTimeSum=57.557; LogProcessCycleTimeCount=228.000; ]
08/17/26 01:54:08 Currently monitoring 1 HTCondor log file(s)
08/17/26 01:54:08 Event: ULOG_EXECUTE for HTCondor Node C_W15_LI_M1_A07_S7_F0 (6053869.0.0) {08/17/26 01:54:06}
08/17/26 01:54:08 Number of idle job procs: 1
08/17/26 01:54:18 Currently monitoring 1 HTCondor log file(s)
08/17/26 01:54:18 Event: ULOG_JOB_TERMINATED for HTCondor Node C_W15_LI_M2_A10_S6_F2 (6053401.0.0) {08/17/26 01:54:15}
08/17/26 01:54:18 Number of idle job procs: 1
08/17/26 01:54:18 Node C_W15_LI_M2_A10_S6_F2 job proc (6053401.0.0) completed successfully.
08/17/26 01:54:18 Node C_W15_LI_M2_A10_S6_F2 job(s) have exited the queue
08/17/26 01:54:18 DAG status: 0 (DAG_STATUS_OK)
08/17/26 01:54:18 Of 432 nodes total:
08/17/26 01:54:18  Done     Pre   Queued    Post   Ready   Un-Ready   Failed   Futile
08/17/26 01:54:18   ===     ===      ===     ===     ===        ===      ===      ===
08/17/26 01:54:18   282       0      121       0       0         29        0        0
08/17/26 01:54:18 0 job proc(s) currently held
08/17/26 01:54:18 DAGMan Runtime Statistics: [EventCycleTimeAvg=0.186; EventCycleTimeMax=20.234; EventCycleTimeMin=0.000; EventCycleTimeStd=1.075; EventCycleTimeSum=84.268; SleepCycleTimeAvg=5.005; SleepCycleTimeMax=5.040; SleepCycleTimeMin=5.000; SleepCycleTimeStd=0.003; SleepCycleTimeSum=2267.422; SubmitCycleTimeAvg=0.032; SubmitCycleTimeMax=2.749; SubmitCycleTimeMin=0.000; SubmitCycleTimeStd=0.168; SubmitCycleTimeSum=14.604; EventCycleTimeCount=453.000; SleepCycleTimeCount=453.000; SubmitCycleTimeCount=454.000; LogProcessCycleTimeAvg=0.251; LogProcessCycleTimeMax=20.234; LogProcessCycleTimeMin=0.003; LogProcessCycleTimeStd=1.440; LogProcessCycleTimeSum=57.626; LogProcessCycleTimeCount=230.000; ]
08/17/26 01:54:28 Currently monitoring 1 HTCondor log file(s)
08/17/26 01:54:29 Event: ULOG_JOB_TERMINATED for HTCondor Node C_W15_LI_M2_A10_S0_F2 (6053390.0.0) {08/17/26 01:54:25}
08/17/26 01:54:29 Number of idle job procs: 1
08/17/26 01:54:29 Node C_W15_LI_M2_A10_S0_F2 job proc (6053390.0.0) completed successfully.
08/17/26 01:54:29 Node C_W15_LI_M2_A10_S0_F2 job(s) have exited the queue
08/17/26 01:54:29 Event: ULOG_JOB_TERMINATED for HTCondor Node C_W15_II_M2_A10_S3_F2 (6053354.0.0) {08/17/26 01:54:27}
08/17/26 01:54:29 Number of idle job procs: 1
08/17/26 01:54:29 Node C_W15_II_M2_A10_S3_F2 job proc (6053354.0.0) completed successfully.
08/17/26 01:54:29 Node C_W15_II_M2_A10_S3_F2 job(s) have exited the queue
08/17/26 01:54:29 DAG status: 0 (DAG_STATUS_OK)
08/17/26 01:54:29 Of 432 nodes total:
08/17/26 01:54:29  Done     Pre   Queued    Post   Ready   Un-Ready   Failed   Futile
08/17/26 01:54:29   ===     ===      ===     ===     ===        ===      ===      ===
08/17/26 01:54:29   284       0      119       0       0         29        0        0
08/17/26 01:54:29 0 job proc(s) currently held
08/17/26 01:54:29 DAGMan Runtime Statistics: [EventCycleTimeAvg=0.185; EventCycleTimeMax=20.234; EventCycleTimeMin=0.000; EventCycleTimeStd=1.073; EventCycleTimeSum=84.370; SleepCycleTimeAvg=5.005; SleepCycleTimeMax=5.040; SleepCycleTimeMin=5.000; SleepCycleTimeStd=0.003; SleepCycleTimeSum=2277.433; SubmitCycleTimeAvg=0.032; SubmitCycleTimeMax=2.749; SubmitCycleTimeMin=0.000; SubmitCycleTimeStd=0.168; SubmitCycleTimeSum=14.604; EventCycleTimeCount=455.000; SleepCycleTimeCount=455.000; SubmitCycleTimeCount=456.000; LogProcessCycleTimeAvg=0.250; LogProcessCycleTimeMax=20.234; LogProcessCycleTimeMin=0.003; LogProcessCycleTimeStd=1.437; LogProcessCycleTimeSum=57.705; LogProcessCycleTimeCount=231.000; ]
08/17/26 01:54:34 Currently monitoring 1 HTCondor log file(s)
08/17/26 01:54:34 Event: ULOG_JOB_TERMINATED for HTCondor Node C_W15_IL_M2_A10_S5_F2 (6053400.0.0) {08/17/26 01:54:29}
08/17/26 01:54:34 Number of idle job procs: 1
08/17/26 01:54:34 Node C_W15_IL_M2_A10_S5_F2 job proc (6053400.0.0) completed successfully.
08/17/26 01:54:34 Node C_W15_IL_M2_A10_S5_F2 job(s) have exited the queue
08/17/26 01:54:34 DAG status: 0 (DAG_STATUS_OK)
08/17/26 01:54:34 Of 432 nodes total:
08/17/26 01:54:34  Done     Pre   Queued    Post   Ready   Un-Ready   Failed   Futile
08/17/26 01:54:34   ===     ===      ===     ===     ===        ===      ===      ===
08/17/26 01:54:34   285       0      118       0       0         29        0        0
08/17/26 01:54:34 0 job proc(s) currently held
08/17/26 01:54:34 DAGMan Runtime Statistics: [EventCycleTimeAvg=0.185; EventCycleTimeMax=20.234; EventCycleTimeMin=0.000; EventCycleTimeStd=1.072; EventCycleTimeSum=84.514; SleepCycleTimeAvg=5.005; SleepCycleTimeMax=5.040; SleepCycleTimeMin=5.000; SleepCycleTimeStd=0.003; SleepCycleTimeSum=2282.438; SubmitCycleTimeAvg=0.032; SubmitCycleTimeMax=2.749; SubmitCycleTimeMin=0.000; SubmitCycleTimeStd=0.167; SubmitCycleTimeSum=14.604; EventCycleTimeCount=456.000; SleepCycleTimeCount=456.000; SubmitCycleTimeCount=457.000; LogProcessCycleTimeAvg=0.249; LogProcessCycleTimeMax=20.234; LogProcessCycleTimeMin=0.003; LogProcessCycleTimeStd=1.434; LogProcessCycleTimeSum=57.750; LogProcessCycleTimeCount=232.000; ]
08/17/26 01:54:44 Currently monitoring 1 HTCondor log file(s)
08/17/26 01:54:44 Event: ULOG_JOB_TERMINATED for HTCondor Node C_W15_LH_M0_A00_S7_F0 (6053654.0.0) {08/17/26 01:54:41}
08/17/26 01:54:44 Number of idle job procs: 1
08/17/26 01:54:44 Node C_W15_LH_M0_A00_S7_F0 job proc (6053654.0.0) completed successfully.
08/17/26 01:54:44 Node C_W15_LH_M0_A00_S7_F0 job(s) have exited the queue
08/17/26 01:54:44 Event: ULOG_EXECUTE for HTCondor Node C_W15_LL_M1_A07_S2_F0 (6053870.0.0) {08/17/26 01:54:42}
08/17/26 01:54:44 Number of idle job procs: 0
08/17/26 01:54:44 DAG status: 0 (DAG_STATUS_OK)
08/17/26 01:54:44 Of 432 nodes total:
08/17/26 01:54:44  Done     Pre   Queued    Post   Ready   Un-Ready   Failed   Futile
08/17/26 01:54:44   ===     ===      ===     ===     ===        ===      ===      ===
08/17/26 01:54:44   286       0      117       0       0         29        0        0
08/17/26 01:54:44 0 job proc(s) currently held
08/17/26 01:54:44 DAGMan Runtime Statistics: [EventCycleTimeAvg=0.185; EventCycleTimeMax=20.234; EventCycleTimeMin=0.000; EventCycleTimeStd=1.069; EventCycleTimeSum=84.621; SleepCycleTimeAvg=5.005; SleepCycleTimeMax=5.040; SleepCycleTimeMin=5.000; SleepCycleTimeStd=0.003; SleepCycleTimeSum=2292.451; SubmitCycleTimeAvg=0.032; SubmitCycleTimeMax=2.749; SubmitCycleTimeMin=0.000; SubmitCycleTimeStd=0.167; SubmitCycleTimeSum=14.604; EventCycleTimeCount=458.000; SleepCycleTimeCount=458.000; SubmitCycleTimeCount=459.000; LogProcessCycleTimeAvg=0.248; LogProcessCycleTimeMax=20.234; LogProcessCycleTimeMin=0.003; LogProcessCycleTimeStd=1.431; LogProcessCycleTimeSum=57.813; LogProcessCycleTimeCount=233.000; ]
08/17/26 01:54:54 Currently monitoring 1 HTCondor log file(s)
08/17/26 01:54:54 Event: ULOG_JOB_TERMINATED for HTCondor Node C_W15_LL_M0_A00_S7_F0 (6053617.0.0) {08/17/26 01:54:49}
08/17/26 01:54:54 Number of idle job procs: 0
08/17/26 01:54:54 Node C_W15_LL_M0_A00_S7_F0 job proc (6053617.0.0) completed successfully.
08/17/26 01:54:54 Node C_W15_LL_M0_A00_S7_F0 job(s) have exited the queue
08/17/26 01:54:54 DAG status: 0 (DAG_STATUS_OK)
08/17/26 01:54:54 Of 432 nodes total:
08/17/26 01:54:54  Done     Pre   Queued    Post   Ready   Un-Ready   Failed   Futile
08/17/26 01:54:54   ===     ===      ===     ===     ===        ===      ===      ===
08/17/26 01:54:54   287       0      116       0       0         29        0        0
08/17/26 01:54:54 0 job proc(s) currently held
08/17/26 01:54:54 DAGMan Runtime Statistics: [EventCycleTimeAvg=0.184; EventCycleTimeMax=20.234; EventCycleTimeMin=0.000; EventCycleTimeStd=1.067; EventCycleTimeSum=84.749; SleepCycleTimeAvg=5.005; SleepCycleTimeMax=5.040; SleepCycleTimeMin=5.000; SleepCycleTimeStd=0.003; SleepCycleTimeSum=2302.461; SubmitCycleTimeAvg=0.032; SubmitCycleTimeMax=2.749; SubmitCycleTimeMin=0.000; SubmitCycleTimeStd=0.167; SubmitCycleTimeSum=14.604; EventCycleTimeCount=460.000; SleepCycleTimeCount=460.000; SubmitCycleTimeCount=461.000; LogProcessCycleTimeAvg=0.247; LogProcessCycleTimeMax=20.234; LogProcessCycleTimeMin=0.003; LogProcessCycleTimeStd=1.428; LogProcessCycleTimeSum=57.862; LogProcessCycleTimeCount=234.000; ]
08/17/26 01:54:59 Currently monitoring 1 HTCondor log file(s)
08/17/26 01:54:59 Event: ULOG_JOB_TERMINATED for HTCondor Node C_W15_IL_M0_A00_S3_F0 (6053623.0.0) {08/17/26 01:54:55}
08/17/26 01:54:59 Number of idle job procs: 0
08/17/26 01:54:59 Node C_W15_IL_M0_A00_S3_F0 job proc (6053623.0.0) completed successfully.
08/17/26 01:54:59 Node C_W15_IL_M0_A00_S3_F0 job(s) have exited the queue
08/17/26 01:54:59 Event: ULOG_JOB_TERMINATED for HTCondor Node C_W15_LI_M0_A00_S4_F0 (6053629.0.0) {08/17/26 01:54:55}
08/17/26 01:54:59 Number of idle job procs: 0
08/17/26 01:54:59 Node C_W15_LI_M0_A00_S4_F0 job proc (6053629.0.0) completed successfully.
08/17/26 01:54:59 Node C_W15_LI_M0_A00_S4_F0 job(s) have exited the queue
08/17/26 01:54:59 DAG status: 0 (DAG_STATUS_OK)
08/17/26 01:54:59 Of 432 nodes total:
08/17/26 01:54:59  Done     Pre   Queued    Post   Ready   Un-Ready   Failed   Futile
08/17/26 01:54:59   ===     ===      ===     ===     ===        ===      ===      ===
08/17/26 01:54:59   289       0      114       0       0         29        0        0
08/17/26 01:54:59 0 job proc(s) currently held
08/17/26 01:54:59 DAGMan Runtime Statistics: [EventCycleTimeAvg=0.184; EventCycleTimeMax=20.234; EventCycleTimeMin=0.000; EventCycleTimeStd=1.066; EventCycleTimeSum=84.861; SleepCycleTimeAvg=5.005; SleepCycleTimeMax=5.040; SleepCycleTimeMin=5.000; SleepCycleTimeStd=0.003; SleepCycleTimeSum=2307.464; SubmitCycleTimeAvg=0.032; SubmitCycleTimeMax=2.749; SubmitCycleTimeMin=0.000; SubmitCycleTimeStd=0.167; SubmitCycleTimeSum=14.604; EventCycleTimeCount=461.000; SleepCycleTimeCount=461.000; SubmitCycleTimeCount=462.000; LogProcessCycleTimeAvg=0.247; LogProcessCycleTimeMax=20.234; LogProcessCycleTimeMin=0.003; LogProcessCycleTimeStd=1.425; LogProcessCycleTimeSum=57.946; LogProcessCycleTimeCount=235.000; ]
08/17/26 01:55:19 Currently monitoring 1 HTCondor log file(s)
08/17/26 01:55:19 Event: ULOG_JOB_TERMINATED for HTCondor Node C_W15_LI_M2_A10_S5_F2 (6053372.0.0) {08/17/26 01:55:15}
08/17/26 01:55:19 Number of idle job procs: 0
08/17/26 01:55:19 Node C_W15_LI_M2_A10_S5_F2 job proc (6053372.0.0) completed successfully.
08/17/26 01:55:19 Node C_W15_LI_M2_A10_S5_F2 job(s) have exited the queue
08/17/26 01:55:19 DAG status: 0 (DAG_STATUS_OK)
08/17/26 01:55:19 Of 432 nodes total:
08/17/26 01:55:19  Done     Pre   Queued    Post   Ready   Un-Ready   Failed   Futile
08/17/26 01:55:19   ===     ===      ===     ===     ===        ===      ===      ===
08/17/26 01:55:19   290       0      113       0       0         29        0        0
08/17/26 01:55:19 0 job proc(s) currently held
08/17/26 01:55:19 DAGMan Runtime Statistics: [EventCycleTimeAvg=0.183; EventCycleTimeMax=20.234; EventCycleTimeMin=0.000; EventCycleTimeStd=1.061; EventCycleTimeSum=85.013; SleepCycleTimeAvg=5.005; SleepCycleTimeMax=5.040; SleepCycleTimeMin=5.000; SleepCycleTimeStd=0.003; SleepCycleTimeSum=2327.486; SubmitCycleTimeAvg=0.031; SubmitCycleTimeMax=2.749; SubmitCycleTimeMin=0.000; SubmitCycleTimeStd=0.166; SubmitCycleTimeSum=14.604; EventCycleTimeCount=465.000; SleepCycleTimeCount=465.000; SubmitCycleTimeCount=466.000; LogProcessCycleTimeAvg=0.246; LogProcessCycleTimeMax=20.234; LogProcessCycleTimeMin=0.003; LogProcessCycleTimeStd=1.422; LogProcessCycleTimeSum=57.996; LogProcessCycleTimeCount=236.000; ]
08/17/26 01:55:29 Currently monitoring 1 HTCondor log file(s)
08/17/26 01:55:29 Event: ULOG_JOB_TERMINATED for HTCondor Node P_W15_IL_M1_A07_S4 (6053216.0.0) {08/17/26 01:55:27}
08/17/26 01:55:29 Number of idle job procs: 0
08/17/26 01:55:29 Node P_W15_IL_M1_A07_S4 job proc (6053216.0.0) completed successfully.
08/17/26 01:55:29 Node P_W15_IL_M1_A07_S4 job(s) have exited the queue
08/17/26 01:55:29 DAG status: 0 (DAG_STATUS_OK)
08/17/26 01:55:29 Of 432 nodes total:
08/17/26 01:55:29  Done     Pre   Queued    Post   Ready   Un-Ready   Failed   Futile
08/17/26 01:55:29   ===     ===      ===     ===     ===        ===      ===      ===
08/17/26 01:55:29   291       0      112       0       1         28        0        0
08/17/26 01:55:29 0 job proc(s) currently held
08/17/26 01:55:29 DAGMan Runtime Statistics: [EventCycleTimeAvg=0.182; EventCycleTimeMax=20.234; EventCycleTimeMin=0.000; EventCycleTimeStd=1.059; EventCycleTimeSum=85.132; SleepCycleTimeAvg=5.005; SleepCycleTimeMax=5.040; SleepCycleTimeMin=5.000; SleepCycleTimeStd=0.003; SleepCycleTimeSum=2337.495; SubmitCycleTimeAvg=0.031; SubmitCycleTimeMax=2.749; SubmitCycleTimeMin=0.000; SubmitCycleTimeStd=0.166; SubmitCycleTimeSum=14.604; EventCycleTimeCount=467.000; SleepCycleTimeCount=467.000; SubmitCycleTimeCount=468.000; LogProcessCycleTimeAvg=0.245; LogProcessCycleTimeMax=20.234; LogProcessCycleTimeMin=0.003; LogProcessCycleTimeStd=1.419; LogProcessCycleTimeSum=58.061; LogProcessCycleTimeCount=237.000; ]
08/17/26 01:55:34 Submitting HTCondor Node C_W15_IL_M1_A07_S4_F0 job(s)...
08/17/26 01:55:34 Submitting node C_W15_IL_M1_A07_S4_F0 from file /afs/cern.ch/user/c/cglenn/FCCWork/whizard/whizard_ttbar_spinpol/phase11_diagnostics/excess_weight_rootcause_v1/ttbar_restricted_region_suite_v1/regions/submissions/20260816T231425Z_U9region_core_W15_S8_np1_v1p0p1/region_child.sub using direct job submission
08/17/26 01:55:35 	assigned HTCondor ID (6053874.0.0)
08/17/26 01:55:35 Just submitted 1 job this cycle...
08/17/26 01:55:35 DAG status: 0 (DAG_STATUS_OK)
08/17/26 01:55:35 Of 432 nodes total:
08/17/26 01:55:35  Done     Pre   Queued    Post   Ready   Un-Ready   Failed   Futile
08/17/26 01:55:35   ===     ===      ===     ===     ===        ===      ===      ===
08/17/26 01:55:35   291       0      113       0       0         28        0        0
08/17/26 01:55:35 0 job proc(s) currently held
08/17/26 01:55:35 DAGMan Runtime Statistics: [EventCycleTimeAvg=0.182; EventCycleTimeMax=20.234; EventCycleTimeMin=0.000; EventCycleTimeStd=1.058; EventCycleTimeSum=85.291; SleepCycleTimeAvg=5.005; SleepCycleTimeMax=5.040; SleepCycleTimeMin=5.000; SleepCycleTimeStd=0.003; SleepCycleTimeSum=2342.500; SubmitCycleTimeAvg=0.031; SubmitCycleTimeMax=2.749; SubmitCycleTimeMin=0.000; SubmitCycleTimeStd=0.165; SubmitCycleTimeSum=14.655; EventCycleTimeCount=468.000; SleepCycleTimeCount=468.000; SubmitCycleTimeCount=469.000; LogProcessCycleTimeAvg=0.245; LogProcessCycleTimeMax=20.234; LogProcessCycleTimeMin=0.003; LogProcessCycleTimeStd=1.419; LogProcessCycleTimeSum=58.061; LogProcessCycleTimeCount=237.000; ]
08/17/26 01:55:40 Currently monitoring 1 HTCondor log file(s)
08/17/26 01:55:40 Reassigning the id of job C_W15_IL_M1_A07_S4_F0 from (6053874.0.0) to (6053874.0.0)
08/17/26 01:55:40 Event: ULOG_SUBMIT for HTCondor Node C_W15_IL_M1_A07_S4_F0 (6053874.0.0) {08/17/26 01:55:35}
08/17/26 01:55:40 Number of idle job procs: 1
08/17/26 01:55:40 Event: ULOG_EXECUTE for HTCondor Node C_W15_IL_M1_A07_S4_F0 (6053874.0.0) {08/17/26 01:55:36}
08/17/26 01:55:40 Number of idle job procs: 0
08/17/26 01:55:40 Event: ULOG_JOB_TERMINATED for HTCondor Node P_W15_LL_M1_A07_S5 (6053145.0.0) {08/17/26 01:55:37}
08/17/26 01:55:40 Number of idle job procs: 0
08/17/26 01:55:40 Node P_W15_LL_M1_A07_S5 job proc (6053145.0.0) completed successfully.
08/17/26 01:55:40 Node P_W15_LL_M1_A07_S5 job(s) have exited the queue
08/17/26 01:55:40 DAG status: 0 (DAG_STATUS_OK)
08/17/26 01:55:40 Of 432 nodes total:
08/17/26 01:55:40  Done     Pre   Queued    Post   Ready   Un-Ready   Failed   Futile
08/17/26 01:55:40   ===     ===      ===     ===     ===        ===      ===      ===
08/17/26 01:55:40   292       0      112       0       1         27        0        0
08/17/26 01:55:40 0 job proc(s) currently held
08/17/26 01:55:40 DAGMan Runtime Statistics: [EventCycleTimeAvg=0.182; EventCycleTimeMax=20.234; EventCycleTimeMin=0.000; EventCycleTimeStd=1.057; EventCycleTimeSum=85.448; SleepCycleTimeAvg=5.005; SleepCycleTimeMax=5.040; SleepCycleTimeMin=5.000; SleepCycleTimeStd=0.003; SleepCycleTimeSum=2347.505; SubmitCycleTimeAvg=0.031; SubmitCycleTimeMax=2.749; SubmitCycleTimeMin=0.000; SubmitCycleTimeStd=0.165; SubmitCycleTimeSum=14.655; EventCycleTimeCount=469.000; SleepCycleTimeCount=469.000; SubmitCycleTimeCount=470.000; LogProcessCycleTimeAvg=0.244; LogProcessCycleTimeMax=20.234; LogProcessCycleTimeMin=0.003; LogProcessCycleTimeStd=1.416; LogProcessCycleTimeSum=58.165; LogProcessCycleTimeCount=238.000; ]
08/17/26 01:55:45 Submitting HTCondor Node C_W15_LL_M1_A07_S5_F0 job(s)...
08/17/26 01:55:45 Submitting node C_W15_LL_M1_A07_S5_F0 from file /afs/cern.ch/user/c/cglenn/FCCWork/whizard/whizard_ttbar_spinpol/phase11_diagnostics/excess_weight_rootcause_v1/ttbar_restricted_region_suite_v1/regions/submissions/20260816T231425Z_U9region_core_W15_S8_np1_v1p0p1/region_child.sub using direct job submission
08/17/26 01:55:45 	assigned HTCondor ID (6053878.0.0)
08/17/26 01:55:45 Just submitted 1 job this cycle...
08/17/26 01:55:45 DAG status: 0 (DAG_STATUS_OK)
08/17/26 01:55:45 Of 432 nodes total:
08/17/26 01:55:45  Done     Pre   Queued    Post   Ready   Un-Ready   Failed   Futile
08/17/26 01:55:45   ===     ===      ===     ===     ===        ===      ===      ===
08/17/26 01:55:45   292       0      113       0       0         27        0        0
08/17/26 01:55:45 0 job proc(s) currently held
08/17/26 01:55:45 DAGMan Runtime Statistics: [EventCycleTimeAvg=0.182; EventCycleTimeMax=20.234; EventCycleTimeMin=0.000; EventCycleTimeStd=1.056; EventCycleTimeSum=85.647; SleepCycleTimeAvg=5.005; SleepCycleTimeMax=5.040; SleepCycleTimeMin=5.000; SleepCycleTimeStd=0.003; SleepCycleTimeSum=2352.511; SubmitCycleTimeAvg=0.031; SubmitCycleTimeMax=2.749; SubmitCycleTimeMin=0.000; SubmitCycleTimeStd=0.165; SubmitCycleTimeSum=14.707; EventCycleTimeCount=470.000; SleepCycleTimeCount=470.000; SubmitCycleTimeCount=471.000; LogProcessCycleTimeAvg=0.244; LogProcessCycleTimeMax=20.234; LogProcessCycleTimeMin=0.003; LogProcessCycleTimeStd=1.416; LogProcessCycleTimeSum=58.165; LogProcessCycleTimeCount=238.000; ]
08/17/26 01:55:50 Currently monitoring 1 HTCondor log file(s)
08/17/26 01:55:50 Reassigning the id of job C_W15_LL_M1_A07_S5_F0 from (6053878.0.0) to (6053878.0.0)
08/17/26 01:55:50 Event: ULOG_SUBMIT for HTCondor Node C_W15_LL_M1_A07_S5_F0 (6053878.0.0) {08/17/26 01:55:45}
08/17/26 01:55:50 Number of idle job procs: 1
08/17/26 01:55:55 Currently monitoring 1 HTCondor log file(s)
08/17/26 01:55:55 Event: ULOG_JOB_TERMINATED for HTCondor Node P_W15_IL_M1_A07_S5 (6053217.0.0) {08/17/26 01:55:53}
08/17/26 01:55:55 Number of idle job procs: 1
08/17/26 01:55:55 Node P_W15_IL_M1_A07_S5 job proc (6053217.0.0) completed successfully.
08/17/26 01:55:55 Node P_W15_IL_M1_A07_S5 job(s) have exited the queue
08/17/26 01:55:55 DAG status: 0 (DAG_STATUS_OK)
08/17/26 01:55:55 Of 432 nodes total:
08/17/26 01:55:55  Done     Pre   Queued    Post   Ready   Un-Ready   Failed   Futile
08/17/26 01:55:55   ===     ===      ===     ===     ===        ===      ===      ===
08/17/26 01:55:55   293       0      112       0       1         26        0        0
08/17/26 01:55:55 0 job proc(s) currently held
08/17/26 01:55:55 DAGMan Runtime Statistics: [EventCycleTimeAvg=0.182; EventCycleTimeMax=20.234; EventCycleTimeMin=0.000; EventCycleTimeStd=1.054; EventCycleTimeSum=85.813; SleepCycleTimeAvg=5.005; SleepCycleTimeMax=5.040; SleepCycleTimeMin=5.000; SleepCycleTimeStd=0.003; SleepCycleTimeSum=2362.521; SubmitCycleTimeAvg=0.031; SubmitCycleTimeMax=2.749; SubmitCycleTimeMin=0.000; SubmitCycleTimeStd=0.165; SubmitCycleTimeSum=14.707; EventCycleTimeCount=472.000; SleepCycleTimeCount=472.000; SubmitCycleTimeCount=473.000; LogProcessCycleTimeAvg=0.243; LogProcessCycleTimeMax=20.234; LogProcessCycleTimeMin=0.003; LogProcessCycleTimeStd=1.410; LogProcessCycleTimeSum=58.249; LogProcessCycleTimeCount=240.000; ]
08/17/26 01:56:00 Submitting HTCondor Node C_W15_IL_M1_A07_S5_F0 job(s)...
08/17/26 01:56:00 Submitting node C_W15_IL_M1_A07_S5_F0 from file /afs/cern.ch/user/c/cglenn/FCCWork/whizard/whizard_ttbar_spinpol/phase11_diagnostics/excess_weight_rootcause_v1/ttbar_restricted_region_suite_v1/regions/submissions/20260816T231425Z_U9region_core_W15_S8_np1_v1p0p1/region_child.sub using direct job submission
08/17/26 01:56:00 	assigned HTCondor ID (6053879.0.0)
08/17/26 01:56:00 Just submitted 1 job this cycle...
08/17/26 01:56:00 DAG status: 0 (DAG_STATUS_OK)
08/17/26 01:56:00 Of 432 nodes total:
08/17/26 01:56:00  Done     Pre   Queued    Post   Ready   Un-Ready   Failed   Futile
08/17/26 01:56:00   ===     ===      ===     ===     ===        ===      ===      ===
08/17/26 01:56:00   293       0      113       0       0         26        0        0
08/17/26 01:56:00 0 job proc(s) currently held
08/17/26 01:56:00 DAGMan Runtime Statistics: [EventCycleTimeAvg=0.182; EventCycleTimeMax=20.234; EventCycleTimeMin=0.000; EventCycleTimeStd=1.052; EventCycleTimeSum=85.925; SleepCycleTimeAvg=5.005; SleepCycleTimeMax=5.040; SleepCycleTimeMin=5.000; SleepCycleTimeStd=0.003; SleepCycleTimeSum=2367.524; SubmitCycleTimeAvg=0.031; SubmitCycleTimeMax=2.749; SubmitCycleTimeMin=0.000; SubmitCycleTimeStd=0.165; SubmitCycleTimeSum=14.756; EventCycleTimeCount=473.000; SleepCycleTimeCount=473.000; SubmitCycleTimeCount=474.000; LogProcessCycleTimeAvg=0.243; LogProcessCycleTimeMax=20.234; LogProcessCycleTimeMin=0.003; LogProcessCycleTimeStd=1.410; LogProcessCycleTimeSum=58.249; LogProcessCycleTimeCount=240.000; ]
08/17/26 01:56:05 Currently monitoring 1 HTCondor log file(s)
08/17/26 01:56:05 Reassigning the id of job C_W15_IL_M1_A07_S5_F0 from (6053879.0.0) to (6053879.0.0)
08/17/26 01:56:05 Event: ULOG_SUBMIT for HTCondor Node C_W15_IL_M1_A07_S5_F0 (6053879.0.0) {08/17/26 01:56:00}
08/17/26 01:56:05 Number of idle job procs: 2
08/17/26 01:56:05 Event: ULOG_JOB_TERMINATED for HTCondor Node P_W15_LL_M1_A07_S4 (6053144.0.0) {08/17/26 01:56:02}
08/17/26 01:56:05 Number of idle job procs: 2
08/17/26 01:56:05 Node P_W15_LL_M1_A07_S4 job proc (6053144.0.0) completed successfully.
08/17/26 01:56:05 Node P_W15_LL_M1_A07_S4 job(s) have exited the queue
08/17/26 01:56:05 DAG status: 0 (DAG_STATUS_OK)
08/17/26 01:56:05 Of 432 nodes total:
08/17/26 01:56:05  Done     Pre   Queued    Post   Ready   Un-Ready   Failed   Futile
08/17/26 01:56:05   ===     ===      ===     ===     ===        ===      ===      ===
08/17/26 01:56:05   294       0      112       0       1         25        0        0
08/17/26 01:56:05 0 job proc(s) currently held
08/17/26 01:56:05 DAGMan Runtime Statistics: [EventCycleTimeAvg=0.182; EventCycleTimeMax=20.234; EventCycleTimeMin=0.000; EventCycleTimeStd=1.051; EventCycleTimeSum=86.049; SleepCycleTimeAvg=5.005; SleepCycleTimeMax=5.040; SleepCycleTimeMin=5.000; SleepCycleTimeStd=0.003; SleepCycleTimeSum=2372.529; SubmitCycleTimeAvg=0.031; SubmitCycleTimeMax=2.749; SubmitCycleTimeMin=0.000; SubmitCycleTimeStd=0.164; SubmitCycleTimeSum=14.756; EventCycleTimeCount=474.000; SleepCycleTimeCount=474.000; SubmitCycleTimeCount=475.000; LogProcessCycleTimeAvg=0.242; LogProcessCycleTimeMax=20.234; LogProcessCycleTimeMin=0.003; LogProcessCycleTimeStd=1.407; LogProcessCycleTimeSum=58.324; LogProcessCycleTimeCount=241.000; ]
08/17/26 01:56:10 Submitting HTCondor Node C_W15_LL_M1_A07_S4_F0 job(s)...
08/17/26 01:56:10 Submitting node C_W15_LL_M1_A07_S4_F0 from file /afs/cern.ch/user/c/cglenn/FCCWork/whizard/whizard_ttbar_spinpol/phase11_diagnostics/excess_weight_rootcause_v1/ttbar_restricted_region_suite_v1/regions/submissions/20260816T231425Z_U9region_core_W15_S8_np1_v1p0p1/region_child.sub using direct job submission
08/17/26 01:56:10 	assigned HTCondor ID (6053880.0.0)
08/17/26 01:56:10 Just submitted 1 job this cycle...
08/17/26 01:56:10 DAG status: 0 (DAG_STATUS_OK)
08/17/26 01:56:10 Of 432 nodes total:
08/17/26 01:56:11  Done     Pre   Queued    Post   Ready   Un-Ready   Failed   Futile
08/17/26 01:56:11   ===     ===      ===     ===     ===        ===      ===      ===
08/17/26 01:56:11   294       0      113       0       0         25        0        0
08/17/26 01:56:11 0 job proc(s) currently held
08/17/26 01:56:11 DAGMan Runtime Statistics: [EventCycleTimeAvg=0.181; EventCycleTimeMax=20.234; EventCycleTimeMin=0.000; EventCycleTimeStd=1.050; EventCycleTimeSum=86.191; SleepCycleTimeAvg=5.005; SleepCycleTimeMax=5.040; SleepCycleTimeMin=5.000; SleepCycleTimeStd=0.003; SleepCycleTimeSum=2377.534; SubmitCycleTimeAvg=0.031; SubmitCycleTimeMax=2.749; SubmitCycleTimeMin=0.000; SubmitCycleTimeStd=0.164; SubmitCycleTimeSum=14.811; EventCycleTimeCount=475.000; SleepCycleTimeCount=475.000; SubmitCycleTimeCount=476.000; LogProcessCycleTimeAvg=0.242; LogProcessCycleTimeMax=20.234; LogProcessCycleTimeMin=0.003; LogProcessCycleTimeStd=1.407; LogProcessCycleTimeSum=58.324; LogProcessCycleTimeCount=241.000; ]
08/17/26 01:56:16 Currently monitoring 1 HTCondor log file(s)
08/17/26 01:56:16 Reassigning the id of job C_W15_LL_M1_A07_S4_F0 from (6053880.0.0) to (6053880.0.0)
08/17/26 01:56:16 Event: ULOG_SUBMIT for HTCondor Node C_W15_LL_M1_A07_S4_F0 (6053880.0.0) {08/17/26 01:56:10}
08/17/26 01:56:16 Number of idle job procs: 3
08/17/26 01:56:41 Currently monitoring 1 HTCondor log file(s)
08/17/26 01:56:41 Event: ULOG_EXECUTE for HTCondor Node C_W15_IL_M1_A07_S5_F0 (6053879.0.0) {08/17/26 01:56:37}
08/17/26 01:56:41 Number of idle job procs: 2
08/17/26 01:56:41 Event: ULOG_EXECUTE for HTCondor Node C_W15_LL_M1_A07_S5_F0 (6053878.0.0) {08/17/26 01:56:38}
08/17/26 01:56:41 Number of idle job procs: 1
08/17/26 01:56:41 Event: ULOG_EXECUTE for HTCondor Node C_W15_LL_M1_A07_S4_F0 (6053880.0.0) {08/17/26 01:56:38}
08/17/26 01:56:41 Number of idle job procs: 0
08/17/26 01:56:41 Event: ULOG_JOB_TERMINATED for HTCondor Node C_W15_II_M0_A00_S5_F0 (6053635.0.0) {08/17/26 01:56:39}
08/17/26 01:56:41 Number of idle job procs: 0
08/17/26 01:56:41 Node C_W15_II_M0_A00_S5_F0 job proc (6053635.0.0) completed successfully.
08/17/26 01:56:41 Node C_W15_II_M0_A00_S5_F0 job(s) have exited the queue
08/17/26 01:56:41 Event: ULOG_JOB_TERMINATED for HTCondor Node C_W15_IL_M2_A10_S2_F2 (6053398.0.0) {08/17/26 01:56:40}
08/17/26 01:56:41 Number of idle job procs: 0
08/17/26 01:56:41 Node C_W15_IL_M2_A10_S2_F2 job proc (6053398.0.0) completed successfully.
08/17/26 01:56:41 Node C_W15_IL_M2_A10_S2_F2 job(s) have exited the queue
08/17/26 01:56:41 DAG status: 0 (DAG_STATUS_OK)
08/17/26 01:56:41 Of 432 nodes total:
08/17/26 01:56:41  Done     Pre   Queued    Post   Ready   Un-Ready   Failed   Futile
08/17/26 01:56:41   ===     ===      ===     ===     ===        ===      ===      ===
08/17/26 01:56:41   296       0      111       0       0         25        0        0
08/17/26 01:56:41 0 job proc(s) currently held
08/17/26 01:56:41 DAGMan Runtime Statistics: [EventCycleTimeAvg=0.180; EventCycleTimeMax=20.234; EventCycleTimeMin=0.000; EventCycleTimeStd=1.044; EventCycleTimeSum=86.365; SleepCycleTimeAvg=5.005; SleepCycleTimeMax=5.040; SleepCycleTimeMin=5.000; SleepCycleTimeStd=0.003; SleepCycleTimeSum=2407.562; SubmitCycleTimeAvg=0.031; SubmitCycleTimeMax=2.749; SubmitCycleTimeMin=0.000; SubmitCycleTimeStd=0.163; SubmitCycleTimeSum=14.811; EventCycleTimeCount=481.000; SleepCycleTimeCount=481.000; SubmitCycleTimeCount=482.000; LogProcessCycleTimeAvg=0.241; LogProcessCycleTimeMax=20.234; LogProcessCycleTimeMin=0.003; LogProcessCycleTimeStd=1.401; LogProcessCycleTimeSum=58.506; LogProcessCycleTimeCount=243.000; ]
08/17/26 01:56:46 Currently monitoring 1 HTCondor log file(s)
08/17/26 01:56:46 Event: ULOG_JOB_TERMINATED for HTCondor Node C_W15_IH_M1_A07_S0_F0 (6053770.0.0) {08/17/26 01:56:46}
08/17/26 01:56:46 Number of idle job procs: 0
08/17/26 01:56:46 Node C_W15_IH_M1_A07_S0_F0 job proc (6053770.0.0) completed successfully.
08/17/26 01:56:46 Node C_W15_IH_M1_A07_S0_F0 job(s) have exited the queue
08/17/26 01:56:46 DAG status: 0 (DAG_STATUS_OK)
08/17/26 01:56:46 Of 432 nodes total:
08/17/26 01:56:46  Done     Pre   Queued    Post   Ready   Un-Ready   Failed   Futile
08/17/26 01:56:46   ===     ===      ===     ===     ===        ===      ===      ===
08/17/26 01:56:46   297       0      110       0       0         25        0        0
08/17/26 01:56:46 0 job proc(s) currently held
08/17/26 01:56:46 DAGMan Runtime Statistics: [EventCycleTimeAvg=0.180; EventCycleTimeMax=20.234; EventCycleTimeMin=0.000; EventCycleTimeStd=1.043; EventCycleTimeSum=86.578; SleepCycleTimeAvg=5.005; SleepCycleTimeMax=5.040; SleepCycleTimeMin=5.000; SleepCycleTimeStd=0.003; SleepCycleTimeSum=2412.567; SubmitCycleTimeAvg=0.031; SubmitCycleTimeMax=2.749; SubmitCycleTimeMin=0.000; SubmitCycleTimeStd=0.163; SubmitCycleTimeSum=14.811; EventCycleTimeCount=482.000; SleepCycleTimeCount=482.000; SubmitCycleTimeCount=483.000; LogProcessCycleTimeAvg=0.240; LogProcessCycleTimeMax=20.234; LogProcessCycleTimeMin=0.003; LogProcessCycleTimeStd=1.398; LogProcessCycleTimeSum=58.622; LogProcessCycleTimeCount=244.000; ]
08/17/26 01:57:11 Currently monitoring 1 HTCondor log file(s)
08/17/26 01:57:11 Event: ULOG_JOB_TERMINATED for HTCondor Node P_W15_LI_M1_A07_S1 (6053165.0.0) {08/17/26 01:57:06}
08/17/26 01:57:11 Number of idle job procs: 0
08/17/26 01:57:11 Node P_W15_LI_M1_A07_S1 job proc (6053165.0.0) completed successfully.
08/17/26 01:57:11 Node P_W15_LI_M1_A07_S1 job(s) have exited the queue
08/17/26 01:57:11 Event: ULOG_JOB_TERMINATED for HTCondor Node P_W15_IL_M1_A07_S6 (6053218.0.0) {08/17/26 01:57:10}
08/17/26 01:57:11 Number of idle job procs: 0
08/17/26 01:57:11 Node P_W15_IL_M1_A07_S6 job proc (6053218.0.0) completed successfully.
08/17/26 01:57:11 Node P_W15_IL_M1_A07_S6 job(s) have exited the queue
08/17/26 01:57:11 Event: ULOG_JOB_TERMINATED for HTCondor Node P_W15_IH_M1_A07_S1 (6053261.0.0) {08/17/26 01:57:10}
08/17/26 01:57:11 Number of idle job procs: 0
08/17/26 01:57:11 Node P_W15_IH_M1_A07_S1 job proc (6053261.0.0) completed successfully.
08/17/26 01:57:11 Node P_W15_IH_M1_A07_S1 job(s) have exited the queue
08/17/26 01:57:11 DAG status: 0 (DAG_STATUS_OK)
08/17/26 01:57:11 Of 432 nodes total:
08/17/26 01:57:11  Done     Pre   Queued    Post   Ready   Un-Ready   Failed   Futile
08/17/26 01:57:11   ===     ===      ===     ===     ===        ===      ===      ===
08/17/26 01:57:11   300       0      107       0       3         22        0        0
08/17/26 01:57:11 0 job proc(s) currently held
08/17/26 01:57:11 DAGMan Runtime Statistics: [EventCycleTimeAvg=0.178; EventCycleTimeMax=20.234; EventCycleTimeMin=0.000; EventCycleTimeStd=1.037; EventCycleTimeSum=86.819; SleepCycleTimeAvg=5.005; SleepCycleTimeMax=5.040; SleepCycleTimeMin=5.000; SleepCycleTimeStd=0.003; SleepCycleTimeSum=2437.592; SubmitCycleTimeAvg=0.030; SubmitCycleTimeMax=2.749; SubmitCycleTimeMin=0.000; SubmitCycleTimeStd=0.162; SubmitCycleTimeSum=14.811; EventCycleTimeCount=487.000; SleepCycleTimeCount=487.000; SubmitCycleTimeCount=488.000; LogProcessCycleTimeAvg=0.240; LogProcessCycleTimeMax=20.234; LogProcessCycleTimeMin=0.003; LogProcessCycleTimeStd=1.396; LogProcessCycleTimeSum=58.747; LogProcessCycleTimeCount=245.000; ]
08/17/26 01:57:16 Submitting HTCondor Node C_W15_LI_M1_A07_S1_F0 job(s)...
08/17/26 01:57:16 Submitting node C_W15_LI_M1_A07_S1_F0 from file /afs/cern.ch/user/c/cglenn/FCCWork/whizard/whizard_ttbar_spinpol/phase11_diagnostics/excess_weight_rootcause_v1/ttbar_restricted_region_suite_v1/regions/submissions/20260816T231425Z_U9region_core_W15_S8_np1_v1p0p1/region_child.sub using direct job submission
08/17/26 01:57:16 	assigned HTCondor ID (6053893.0.0)
08/17/26 01:57:16 Submitting HTCondor Node C_W15_IL_M1_A07_S6_F0 job(s)...
08/17/26 01:57:16 Submitting node C_W15_IL_M1_A07_S6_F0 from file /afs/cern.ch/user/c/cglenn/FCCWork/whizard/whizard_ttbar_spinpol/phase11_diagnostics/excess_weight_rootcause_v1/ttbar_restricted_region_suite_v1/regions/submissions/20260816T231425Z_U9region_core_W15_S8_np1_v1p0p1/region_child.sub using direct job submission
08/17/26 01:57:16 	assigned HTCondor ID (6053894.0.0)
08/17/26 01:57:16 Submitting HTCondor Node C_W15_IH_M1_A07_S1_F0 job(s)...
08/17/26 01:57:17 Submitting node C_W15_IH_M1_A07_S1_F0 from file /afs/cern.ch/user/c/cglenn/FCCWork/whizard/whizard_ttbar_spinpol/phase11_diagnostics/excess_weight_rootcause_v1/ttbar_restricted_region_suite_v1/regions/submissions/20260816T231425Z_U9region_core_W15_S8_np1_v1p0p1/region_child.sub using direct job submission
08/17/26 01:57:17 	assigned HTCondor ID (6053895.0.0)
08/17/26 01:57:17 Just submitted 3 jobs this cycle...
08/17/26 01:57:17 DAG status: 0 (DAG_STATUS_OK)
08/17/26 01:57:17 Of 432 nodes total:
08/17/26 01:57:17  Done     Pre   Queued    Post   Ready   Un-Ready   Failed   Futile
08/17/26 01:57:17   ===     ===      ===     ===     ===        ===      ===      ===
08/17/26 01:57:17   300       0      110       0       0         22        0        0
08/17/26 01:57:17 0 job proc(s) currently held
08/17/26 01:57:17 DAGMan Runtime Statistics: [EventCycleTimeAvg=0.178; EventCycleTimeMax=20.234; EventCycleTimeMin=0.000; EventCycleTimeStd=1.036; EventCycleTimeSum=87.011; SleepCycleTimeAvg=5.005; SleepCycleTimeMax=5.040; SleepCycleTimeMin=5.000; SleepCycleTimeStd=0.003; SleepCycleTimeSum=2442.597; SubmitCycleTimeAvg=0.031; SubmitCycleTimeMax=2.749; SubmitCycleTimeMin=0.000; SubmitCycleTimeStd=0.162; SubmitCycleTimeSum=15.081; EventCycleTimeCount=488.000; SleepCycleTimeCount=488.000; SubmitCycleTimeCount=489.000; LogProcessCycleTimeAvg=0.240; LogProcessCycleTimeMax=20.234; LogProcessCycleTimeMin=0.003; LogProcessCycleTimeStd=1.396; LogProcessCycleTimeSum=58.747; LogProcessCycleTimeCount=245.000; ]
08/17/26 01:57:22 Currently monitoring 1 HTCondor log file(s)
08/17/26 01:57:22 Reassigning the id of job C_W15_LI_M1_A07_S1_F0 from (6053893.0.0) to (6053893.0.0)
08/17/26 01:57:22 Event: ULOG_SUBMIT for HTCondor Node C_W15_LI_M1_A07_S1_F0 (6053893.0.0) {08/17/26 01:57:16}
08/17/26 01:57:22 Number of idle job procs: 1
08/17/26 01:57:22 Reassigning the id of job C_W15_IL_M1_A07_S6_F0 from (6053894.0.0) to (6053894.0.0)
08/17/26 01:57:22 Event: ULOG_SUBMIT for HTCondor Node C_W15_IL_M1_A07_S6_F0 (6053894.0.0) {08/17/26 01:57:16}
08/17/26 01:57:22 Number of idle job procs: 2
08/17/26 01:57:22 Reassigning the id of job C_W15_IH_M1_A07_S1_F0 from (6053895.0.0) to (6053895.0.0)
08/17/26 01:57:22 Event: ULOG_SUBMIT for HTCondor Node C_W15_IH_M1_A07_S1_F0 (6053895.0.0) {08/17/26 01:57:17}
08/17/26 01:57:22 Number of idle job procs: 3
08/17/26 01:57:27 Currently monitoring 1 HTCondor log file(s)
08/17/26 01:57:27 Event: ULOG_JOB_TERMINATED for HTCondor Node C_W15_LH_M0_A00_S1_F0 (6053650.0.0) {08/17/26 01:57:25}
08/17/26 01:57:27 Number of idle job procs: 3
08/17/26 01:57:27 Node C_W15_LH_M0_A00_S1_F0 job proc (6053650.0.0) completed successfully.
08/17/26 01:57:27 Node C_W15_LH_M0_A00_S1_F0 job(s) have exited the queue
08/17/26 01:57:27 Event: ULOG_EXECUTE for HTCondor Node C_W15_LI_M1_A07_S1_F0 (6053893.0.0) {08/17/26 01:57:25}
08/17/26 01:57:27 Number of idle job procs: 2
08/17/26 01:57:27 Event: ULOG_EXECUTE for HTCondor Node C_W15_IH_M1_A07_S1_F0 (6053895.0.0) {08/17/26 01:57:26}
08/17/26 01:57:27 Number of idle job procs: 1
08/17/26 01:57:27 Event: ULOG_EXECUTE for HTCondor Node C_W15_IL_M1_A07_S6_F0 (6053894.0.0) {08/17/26 01:57:26}
08/17/26 01:57:27 Number of idle job procs: 0
08/17/26 01:57:27 DAG status: 0 (DAG_STATUS_OK)
08/17/26 01:57:27 Of 432 nodes total:
08/17/26 01:57:27  Done     Pre   Queued    Post   Ready   Un-Ready   Failed   Futile
08/17/26 01:57:27   ===     ===      ===     ===     ===        ===      ===      ===
08/17/26 01:57:27   301       0      109       0       0         22        0        0
08/17/26 01:57:27 0 job proc(s) currently held
08/17/26 01:57:27 DAGMan Runtime Statistics: [EventCycleTimeAvg=0.179; EventCycleTimeMax=20.234; EventCycleTimeMin=0.000; EventCycleTimeStd=1.034; EventCycleTimeSum=87.646; SleepCycleTimeAvg=5.005; SleepCycleTimeMax=5.040; SleepCycleTimeMin=5.000; SleepCycleTimeStd=0.003; SleepCycleTimeSum=2452.610; SubmitCycleTimeAvg=0.031; SubmitCycleTimeMax=2.749; SubmitCycleTimeMin=0.000; SubmitCycleTimeStd=0.162; SubmitCycleTimeSum=15.081; EventCycleTimeCount=490.000; SleepCycleTimeCount=490.000; SubmitCycleTimeCount=491.000; LogProcessCycleTimeAvg=0.239; LogProcessCycleTimeMax=20.234; LogProcessCycleTimeMin=0.003; LogProcessCycleTimeStd=1.390; LogProcessCycleTimeSum=59.067; LogProcessCycleTimeCount=247.000; ]
08/17/26 01:57:52 Currently monitoring 1 HTCondor log file(s)
08/17/26 01:57:52 Event: ULOG_JOB_TERMINATED for HTCondor Node C_W15_HL_M0_A00_S3_F0 (6053582.0.0) {08/17/26 01:57:47}
08/17/26 01:57:52 Number of idle job procs: 0
08/17/26 01:57:52 Node C_W15_HL_M0_A00_S3_F0 job proc (6053582.0.0) completed successfully.
08/17/26 01:57:52 Node C_W15_HL_M0_A00_S3_F0 job(s) have exited the queue
08/17/26 01:57:52 Event: ULOG_JOB_TERMINATED for HTCondor Node P_W15_HL_M1_A07_S2 (6053286.0.0) {08/17/26 01:57:48}
08/17/26 01:57:52 Number of idle job procs: 0
08/17/26 01:57:52 Node P_W15_HL_M1_A07_S2 job proc (6053286.0.0) completed successfully.
08/17/26 01:57:52 Node P_W15_HL_M1_A07_S2 job(s) have exited the queue
08/17/26 01:57:52 DAG status: 0 (DAG_STATUS_OK)
08/17/26 01:57:52 Of 432 nodes total:
08/17/26 01:57:52  Done     Pre   Queued    Post   Ready   Un-Ready   Failed   Futile
08/17/26 01:57:52   ===     ===      ===     ===     ===        ===      ===      ===
08/17/26 01:57:52   303       0      107       0       1         21        0        0
08/17/26 01:57:52 0 job proc(s) currently held
08/17/26 01:57:52 DAGMan Runtime Statistics: [EventCycleTimeAvg=0.177; EventCycleTimeMax=20.234; EventCycleTimeMin=0.000; EventCycleTimeStd=1.029; EventCycleTimeSum=87.828; SleepCycleTimeAvg=5.005; SleepCycleTimeMax=5.040; SleepCycleTimeMin=5.000; SleepCycleTimeStd=0.003; SleepCycleTimeSum=2477.632; SubmitCycleTimeAvg=0.030; SubmitCycleTimeMax=2.749; SubmitCycleTimeMin=0.000; SubmitCycleTimeStd=0.161; SubmitCycleTimeSum=15.081; EventCycleTimeCount=495.000; SleepCycleTimeCount=495.000; SubmitCycleTimeCount=496.000; LogProcessCycleTimeAvg=0.239; LogProcessCycleTimeMax=20.234; LogProcessCycleTimeMin=0.003; LogProcessCycleTimeStd=1.387; LogProcessCycleTimeSum=59.265; LogProcessCycleTimeCount=248.000; ]
08/17/26 01:57:57 Submitting HTCondor Node C_W15_HL_M1_A07_S2_F0 job(s)...
08/17/26 01:57:58 Submitting node C_W15_HL_M1_A07_S2_F0 from file /afs/cern.ch/user/c/cglenn/FCCWork/whizard/whizard_ttbar_spinpol/phase11_diagnostics/excess_weight_rootcause_v1/ttbar_restricted_region_suite_v1/regions/submissions/20260816T231425Z_U9region_core_W15_S8_np1_v1p0p1/region_child.sub using direct job submission
08/17/26 01:57:58 	assigned HTCondor ID (6053896.0.0)
08/17/26 01:57:58 Just submitted 1 job this cycle...
08/17/26 01:57:58 Currently monitoring 1 HTCondor log file(s)
08/17/26 01:57:58 Event: ULOG_JOB_TERMINATED for HTCondor Node P_W15_LH_M1_A07_S6 (6053194.0.0) {08/17/26 01:57:57}
08/17/26 01:57:58 Number of idle job procs: 0
08/17/26 01:57:58 Node P_W15_LH_M1_A07_S6 job proc (6053194.0.0) completed successfully.
08/17/26 01:57:58 Node P_W15_LH_M1_A07_S6 job(s) have exited the queue
08/17/26 01:57:58 Reassigning the id of job C_W15_HL_M1_A07_S2_F0 from (6053896.0.0) to (6053896.0.0)
08/17/26 01:57:58 Event: ULOG_SUBMIT for HTCondor Node C_W15_HL_M1_A07_S2_F0 (6053896.0.0) {08/17/26 01:57:58}
08/17/26 01:57:58 Number of idle job procs: 1
08/17/26 01:57:58 DAG status: 0 (DAG_STATUS_OK)
08/17/26 01:57:58 Of 432 nodes total:
08/17/26 01:57:58  Done     Pre   Queued    Post   Ready   Un-Ready   Failed   Futile
08/17/26 01:57:58   ===     ===      ===     ===     ===        ===      ===      ===
08/17/26 01:57:58   304       0      107       0       1         20        0        0
08/17/26 01:57:58 0 job proc(s) currently held
08/17/26 01:57:58 DAGMan Runtime Statistics: [EventCycleTimeAvg=0.178; EventCycleTimeMax=20.234; EventCycleTimeMin=0.000; EventCycleTimeStd=1.028; EventCycleTimeSum=88.158; SleepCycleTimeAvg=5.005; SleepCycleTimeMax=5.040; SleepCycleTimeMin=5.000; SleepCycleTimeStd=0.003; SleepCycleTimeSum=2482.637; SubmitCycleTimeAvg=0.031; SubmitCycleTimeMax=2.749; SubmitCycleTimeMin=0.000; SubmitCycleTimeStd=0.163; SubmitCycleTimeSum=15.654; EventCycleTimeCount=496.000; SleepCycleTimeCount=496.000; SubmitCycleTimeCount=497.000; LogProcessCycleTimeAvg=0.239; LogProcessCycleTimeMax=20.234; LogProcessCycleTimeMin=0.003; LogProcessCycleTimeStd=1.384; LogProcessCycleTimeSum=59.427; LogProcessCycleTimeCount=249.000; ]
08/17/26 01:58:03 Submitting HTCondor Node C_W15_LH_M1_A07_S6_F0 job(s)...
08/17/26 01:58:03 Submitting node C_W15_LH_M1_A07_S6_F0 from file /afs/cern.ch/user/c/cglenn/FCCWork/whizard/whizard_ttbar_spinpol/phase11_diagnostics/excess_weight_rootcause_v1/ttbar_restricted_region_suite_v1/regions/submissions/20260816T231425Z_U9region_core_W15_S8_np1_v1p0p1/region_child.sub using direct job submission
08/17/26 01:58:03 	assigned HTCondor ID (6053897.0.0)
08/17/26 01:58:03 Just submitted 1 job this cycle...
08/17/26 01:58:03 Currently monitoring 1 HTCondor log file(s)
08/17/26 01:58:03 Event: ULOG_EXECUTE for HTCondor Node C_W15_HL_M1_A07_S2_F0 (6053896.0.0) {08/17/26 01:58:00}
08/17/26 01:58:03 Number of idle job procs: 0
08/17/26 01:58:03 Reassigning the id of job C_W15_LH_M1_A07_S6_F0 from (6053897.0.0) to (6053897.0.0)
08/17/26 01:58:04 Event: ULOG_SUBMIT for HTCondor Node C_W15_LH_M1_A07_S6_F0 (6053897.0.0) {08/17/26 01:58:03}
08/17/26 01:58:04 Number of idle job procs: 1
08/17/26 01:58:04 DAG status: 0 (DAG_STATUS_OK)
08/17/26 01:58:04 Of 432 nodes total:
08/17/26 01:58:04  Done     Pre   Queued    Post   Ready   Un-Ready   Failed   Futile
08/17/26 01:58:04   ===     ===      ===     ===     ===        ===      ===      ===
08/17/26 01:58:04   304       0      108       0       0         20        0        0
08/17/26 01:58:04 0 job proc(s) currently held
08/17/26 01:58:04 DAGMan Runtime Statistics: [EventCycleTimeAvg=0.179; EventCycleTimeMax=20.234; EventCycleTimeMin=0.000; EventCycleTimeStd=1.028; EventCycleTimeSum=89.065; SleepCycleTimeAvg=5.005; SleepCycleTimeMax=5.040; SleepCycleTimeMin=5.000; SleepCycleTimeStd=0.003; SleepCycleTimeSum=2487.645; SubmitCycleTimeAvg=0.032; SubmitCycleTimeMax=2.749; SubmitCycleTimeMin=0.000; SubmitCycleTimeStd=0.163; SubmitCycleTimeSum=15.708; EventCycleTimeCount=497.000; SleepCycleTimeCount=497.000; SubmitCycleTimeCount=498.000; LogProcessCycleTimeAvg=0.238; LogProcessCycleTimeMax=20.234; LogProcessCycleTimeMin=0.003; LogProcessCycleTimeStd=1.382; LogProcessCycleTimeSum=59.487; LogProcessCycleTimeCount=250.000; ]
08/17/26 01:58:09 Currently monitoring 1 HTCondor log file(s)
08/17/26 01:58:14 Currently monitoring 1 HTCondor log file(s)
08/17/26 01:58:14 Event: ULOG_EXECUTE for HTCondor Node C_W15_LH_M1_A07_S6_F0 (6053897.0.0) {08/17/26 01:58:12}
08/17/26 01:58:14 Number of idle job procs: 0
08/17/26 01:58:49 Currently monitoring 1 HTCondor log file(s)
08/17/26 01:58:49 Event: ULOG_JOB_TERMINATED for HTCondor Node C_W15_LH_M0_A00_S3_F0 (6053624.0.0) {08/17/26 01:58:46}
08/17/26 01:58:49 Number of idle job procs: 0
08/17/26 01:58:49 Node C_W15_LH_M0_A00_S3_F0 job proc (6053624.0.0) completed successfully.
08/17/26 01:58:49 Node C_W15_LH_M0_A00_S3_F0 job(s) have exited the queue
08/17/26 01:58:49 DAG status: 0 (DAG_STATUS_OK)
08/17/26 01:58:49 Of 432 nodes total:
08/17/26 01:58:49  Done     Pre   Queued    Post   Ready   Un-Ready   Failed   Futile
08/17/26 01:58:49   ===     ===      ===     ===     ===        ===      ===      ===
08/17/26 01:58:49   305       0      107       0       0         20        0        0
08/17/26 01:58:49 0 job proc(s) currently held
08/17/26 01:58:49 DAGMan Runtime Statistics: [EventCycleTimeAvg=0.176; EventCycleTimeMax=20.234; EventCycleTimeMin=0.000; EventCycleTimeStd=1.019; EventCycleTimeSum=89.303; SleepCycleTimeAvg=5.005; SleepCycleTimeMax=5.040; SleepCycleTimeMin=5.000; SleepCycleTimeStd=0.003; SleepCycleTimeSum=2532.691; SubmitCycleTimeAvg=0.031; SubmitCycleTimeMax=2.749; SubmitCycleTimeMin=0.000; SubmitCycleTimeStd=0.161; SubmitCycleTimeSum=15.708; EventCycleTimeCount=506.000; SleepCycleTimeCount=506.000; SubmitCycleTimeCount=507.000; LogProcessCycleTimeAvg=0.235; LogProcessCycleTimeMax=20.234; LogProcessCycleTimeMin=0.003; LogProcessCycleTimeStd=1.374; LogProcessCycleTimeSum=59.580; LogProcessCycleTimeCount=253.000; ]
08/17/26 01:58:54 Currently monitoring 1 HTCondor log file(s)
08/17/26 01:58:54 Event: ULOG_JOB_TERMINATED for HTCondor Node C_W15_HL_M0_A00_S0_F0 (6053679.0.0) {08/17/26 01:58:50}
08/17/26 01:58:54 Number of idle job procs: 0
08/17/26 01:58:54 Node C_W15_HL_M0_A00_S0_F0 job proc (6053679.0.0) completed successfully.
08/17/26 01:58:54 Node C_W15_HL_M0_A00_S0_F0 job(s) have exited the queue
08/17/26 01:58:54 DAG status: 0 (DAG_STATUS_OK)
08/17/26 01:58:54 Of 432 nodes total:
08/17/26 01:58:54  Done     Pre   Queued    Post   Ready   Un-Ready   Failed   Futile
08/17/26 01:58:54   ===     ===      ===     ===     ===        ===      ===      ===
08/17/26 01:58:54   306       0      106       0       0         20        0        0
08/17/26 01:58:54 0 job proc(s) currently held
08/17/26 01:58:54 DAGMan Runtime Statistics: [EventCycleTimeAvg=0.176; EventCycleTimeMax=20.234; EventCycleTimeMin=0.000; EventCycleTimeStd=1.018; EventCycleTimeSum=89.426; SleepCycleTimeAvg=5.005; SleepCycleTimeMax=5.040; SleepCycleTimeMin=5.000; SleepCycleTimeStd=0.003; SleepCycleTimeSum=2537.696; SubmitCycleTimeAvg=0.031; SubmitCycleTimeMax=2.749; SubmitCycleTimeMin=0.000; SubmitCycleTimeStd=0.161; SubmitCycleTimeSum=15.708; EventCycleTimeCount=507.000; SleepCycleTimeCount=507.000; SubmitCycleTimeCount=508.000; LogProcessCycleTimeAvg=0.235; LogProcessCycleTimeMax=20.234; LogProcessCycleTimeMin=0.003; LogProcessCycleTimeStd=1.371; LogProcessCycleTimeSum=59.632; LogProcessCycleTimeCount=254.000; ]
08/17/26 01:59:09 Currently monitoring 1 HTCondor log file(s)
08/17/26 01:59:09 Event: ULOG_JOB_TERMINATED for HTCondor Node C_W15_LH_M0_A00_S2_F0 (6053646.0.0) {08/17/26 01:59:08}
08/17/26 01:59:09 Number of idle job procs: 0
08/17/26 01:59:09 Node C_W15_LH_M0_A00_S2_F0 job proc (6053646.0.0) completed successfully.
08/17/26 01:59:09 Node C_W15_LH_M0_A00_S2_F0 job(s) have exited the queue
08/17/26 01:59:09 DAG status: 0 (DAG_STATUS_OK)
08/17/26 01:59:09 Of 432 nodes total:
08/17/26 01:59:09  Done     Pre   Queued    Post   Ready   Un-Ready   Failed   Futile
08/17/26 01:59:09   ===     ===      ===     ===     ===        ===      ===      ===
08/17/26 01:59:09   307       0      105       0       0         20        0        0
08/17/26 01:59:09 0 job proc(s) currently held
08/17/26 01:59:09 DAGMan Runtime Statistics: [EventCycleTimeAvg=0.176; EventCycleTimeMax=20.234; EventCycleTimeMin=0.000; EventCycleTimeStd=1.015; EventCycleTimeSum=89.549; SleepCycleTimeAvg=5.005; SleepCycleTimeMax=5.040; SleepCycleTimeMin=5.000; SleepCycleTimeStd=0.003; SleepCycleTimeSum=2552.711; SubmitCycleTimeAvg=0.031; SubmitCycleTimeMax=2.749; SubmitCycleTimeMin=0.000; SubmitCycleTimeStd=0.161; SubmitCycleTimeSum=15.708; EventCycleTimeCount=510.000; SleepCycleTimeCount=510.000; SubmitCycleTimeCount=511.000; LogProcessCycleTimeAvg=0.234; LogProcessCycleTimeMax=20.234; LogProcessCycleTimeMin=0.003; LogProcessCycleTimeStd=1.368; LogProcessCycleTimeSum=59.683; LogProcessCycleTimeCount=255.000; ]
08/17/26 01:59:14 Currently monitoring 1 HTCondor log file(s)
08/17/26 01:59:14 Event: ULOG_JOB_TERMINATED for HTCondor Node C_W15_LH_M0_A00_S4_F0 (6053661.0.0) {08/17/26 01:59:09}
08/17/26 01:59:14 Number of idle job procs: 0
08/17/26 01:59:14 Node C_W15_LH_M0_A00_S4_F0 job proc (6053661.0.0) completed successfully.
08/17/26 01:59:14 Node C_W15_LH_M0_A00_S4_F0 job(s) have exited the queue
08/17/26 01:59:14 Event: ULOG_JOB_TERMINATED for HTCondor Node C_W15_LH_M0_A00_S5_F0 (6053655.0.0) {08/17/26 01:59:13}
08/17/26 01:59:14 Number of idle job procs: 0
08/17/26 01:59:14 Node C_W15_LH_M0_A00_S5_F0 job proc (6053655.0.0) completed successfully.
08/17/26 01:59:14 Node C_W15_LH_M0_A00_S5_F0 job(s) have exited the queue
08/17/26 01:59:14 DAG status: 0 (DAG_STATUS_OK)
08/17/26 01:59:14 Of 432 nodes total:
08/17/26 01:59:14  Done     Pre   Queued    Post   Ready   Un-Ready   Failed   Futile
08/17/26 01:59:14   ===     ===      ===     ===     ===        ===      ===      ===
08/17/26 01:59:14   309       0      103       0       0         20        0        0
08/17/26 01:59:14 0 job proc(s) currently held
08/17/26 01:59:14 DAGMan Runtime Statistics: [EventCycleTimeAvg=0.175; EventCycleTimeMax=20.234; EventCycleTimeMin=0.000; EventCycleTimeStd=1.014; EventCycleTimeSum=89.673; SleepCycleTimeAvg=5.005; SleepCycleTimeMax=5.040; SleepCycleTimeMin=5.000; SleepCycleTimeStd=0.003; SleepCycleTimeSum=2557.717; SubmitCycleTimeAvg=0.031; SubmitCycleTimeMax=2.749; SubmitCycleTimeMin=0.000; SubmitCycleTimeStd=0.161; SubmitCycleTimeSum=15.708; EventCycleTimeCount=511.000; SleepCycleTimeCount=511.000; SubmitCycleTimeCount=512.000; LogProcessCycleTimeAvg=0.234; LogProcessCycleTimeMax=20.234; LogProcessCycleTimeMin=0.003; LogProcessCycleTimeStd=1.366; LogProcessCycleTimeSum=59.779; LogProcessCycleTimeCount=256.000; ]
08/17/26 01:59:24 Currently monitoring 1 HTCondor log file(s)
08/17/26 01:59:24 Event: ULOG_JOB_TERMINATED for HTCondor Node C_W15_LL_M2_A10_S3_F2 (6053421.0.0) {08/17/26 01:59:21}
08/17/26 01:59:24 Number of idle job procs: 0
08/17/26 01:59:24 Node C_W15_LL_M2_A10_S3_F2 job proc (6053421.0.0) completed successfully.
08/17/26 01:59:24 Node C_W15_LL_M2_A10_S3_F2 job(s) have exited the queue
08/17/26 01:59:24 DAG status: 0 (DAG_STATUS_OK)
08/17/26 01:59:24 Of 432 nodes total:
08/17/26 01:59:24  Done     Pre   Queued    Post   Ready   Un-Ready   Failed   Futile
08/17/26 01:59:24   ===     ===      ===     ===     ===        ===      ===      ===
08/17/26 01:59:24   310       0      102       0       0         20        0        0
08/17/26 01:59:24 0 job proc(s) currently held
08/17/26 01:59:24 DAGMan Runtime Statistics: [EventCycleTimeAvg=0.175; EventCycleTimeMax=20.234; EventCycleTimeMin=0.000; EventCycleTimeStd=1.012; EventCycleTimeSum=89.842; SleepCycleTimeAvg=5.005; SleepCycleTimeMax=5.040; SleepCycleTimeMin=5.000; SleepCycleTimeStd=0.003; SleepCycleTimeSum=2567.728; SubmitCycleTimeAvg=0.031; SubmitCycleTimeMax=2.749; SubmitCycleTimeMin=0.000; SubmitCycleTimeStd=0.160; SubmitCycleTimeSum=15.708; EventCycleTimeCount=513.000; SleepCycleTimeCount=513.000; SubmitCycleTimeCount=514.000; LogProcessCycleTimeAvg=0.233; LogProcessCycleTimeMax=20.234; LogProcessCycleTimeMin=0.003; LogProcessCycleTimeStd=1.363; LogProcessCycleTimeSum=59.831; LogProcessCycleTimeCount=257.000; ]
08/17/26 01:59:39 Currently monitoring 1 HTCondor log file(s)
08/17/26 01:59:39 Event: ULOG_JOB_TERMINATED for HTCondor Node P_W15_LL_M1_A07_S0 (6053140.0.0) {08/17/26 01:59:35}
08/17/26 01:59:39 Number of idle job procs: 0
08/17/26 01:59:39 Node P_W15_LL_M1_A07_S0 job proc (6053140.0.0) completed successfully.
08/17/26 01:59:39 Node P_W15_LL_M1_A07_S0 job(s) have exited the queue
08/17/26 01:59:39 Event: ULOG_JOB_TERMINATED for HTCondor Node C_W15_LH_M0_A00_S0_F0 (6053618.0.0) {08/17/26 01:59:37}
08/17/26 01:59:39 Number of idle job procs: 0
08/17/26 01:59:39 Node C_W15_LH_M0_A00_S0_F0 job proc (6053618.0.0) completed successfully.
08/17/26 01:59:39 Node C_W15_LH_M0_A00_S0_F0 job(s) have exited the queue
08/17/26 01:59:40 DAG status: 0 (DAG_STATUS_OK)
08/17/26 01:59:40 Of 432 nodes total:
08/17/26 01:59:40  Done     Pre   Queued    Post   Ready   Un-Ready   Failed   Futile
08/17/26 01:59:40   ===     ===      ===     ===     ===        ===      ===      ===
08/17/26 01:59:40   312       0      100       0       1         19        0        0
08/17/26 01:59:40 0 job proc(s) currently held
08/17/26 01:59:40 DAGMan Runtime Statistics: [EventCycleTimeAvg=0.174; EventCycleTimeMax=20.234; EventCycleTimeMin=0.000; EventCycleTimeStd=1.009; EventCycleTimeSum=89.969; SleepCycleTimeAvg=5.005; SleepCycleTimeMax=5.040; SleepCycleTimeMin=5.000; SleepCycleTimeStd=0.003; SleepCycleTimeSum=2582.743; SubmitCycleTimeAvg=0.030; SubmitCycleTimeMax=2.749; SubmitCycleTimeMin=0.000; SubmitCycleTimeStd=0.160; SubmitCycleTimeSum=15.708; EventCycleTimeCount=516.000; SleepCycleTimeCount=516.000; SubmitCycleTimeCount=517.000; LogProcessCycleTimeAvg=0.232; LogProcessCycleTimeMax=20.234; LogProcessCycleTimeMin=0.003; LogProcessCycleTimeStd=1.360; LogProcessCycleTimeSum=59.933; LogProcessCycleTimeCount=258.000; ]
08/17/26 01:59:45 Submitting HTCondor Node C_W15_LL_M1_A07_S0_F0 job(s)...
08/17/26 01:59:45 Submitting node C_W15_LL_M1_A07_S0_F0 from file /afs/cern.ch/user/c/cglenn/FCCWork/whizard/whizard_ttbar_spinpol/phase11_diagnostics/excess_weight_rootcause_v1/ttbar_restricted_region_suite_v1/regions/submissions/20260816T231425Z_U9region_core_W15_S8_np1_v1p0p1/region_child.sub using direct job submission
08/17/26 01:59:45 	assigned HTCondor ID (6053904.0.0)
08/17/26 01:59:45 Just submitted 1 job this cycle...
08/17/26 01:59:45 Currently monitoring 1 HTCondor log file(s)
08/17/26 01:59:45 Event: ULOG_JOB_TERMINATED for HTCondor Node C_W15_LL_M2_A10_S7_F2 (6053425.0.0) {08/17/26 01:59:43}
08/17/26 01:59:45 Number of idle job procs: 0
08/17/26 01:59:45 Node C_W15_LL_M2_A10_S7_F2 job proc (6053425.0.0) completed successfully.
08/17/26 01:59:45 Node C_W15_LL_M2_A10_S7_F2 job(s) have exited the queue
08/17/26 01:59:45 Reassigning the id of job C_W15_LL_M1_A07_S0_F0 from (6053904.0.0) to (6053904.0.0)
08/17/26 01:59:45 Event: ULOG_SUBMIT for HTCondor Node C_W15_LL_M1_A07_S0_F0 (6053904.0.0) {08/17/26 01:59:45}
08/17/26 01:59:45 Number of idle job procs: 1
08/17/26 01:59:45 DAG status: 0 (DAG_STATUS_OK)
08/17/26 01:59:45 Of 432 nodes total:
08/17/26 01:59:45  Done     Pre   Queued    Post   Ready   Un-Ready   Failed   Futile
08/17/26 01:59:45   ===     ===      ===     ===     ===        ===      ===      ===
08/17/26 01:59:45   313       0      100       0       0         19        0        0
08/17/26 01:59:45 0 job proc(s) currently held
08/17/26 01:59:45 DAGMan Runtime Statistics: [EventCycleTimeAvg=0.174; EventCycleTimeMax=20.234; EventCycleTimeMin=0.000; EventCycleTimeStd=1.008; EventCycleTimeSum=90.146; SleepCycleTimeAvg=5.005; SleepCycleTimeMax=5.040; SleepCycleTimeMin=5.000; SleepCycleTimeStd=0.003; SleepCycleTimeSum=2587.748; SubmitCycleTimeAvg=0.030; SubmitCycleTimeMax=2.749; SubmitCycleTimeMin=0.000; SubmitCycleTimeStd=0.160; SubmitCycleTimeSum=15.764; EventCycleTimeCount=517.000; SleepCycleTimeCount=517.000; SubmitCycleTimeCount=518.000; LogProcessCycleTimeAvg=0.232; LogProcessCycleTimeMax=20.234; LogProcessCycleTimeMin=0.003; LogProcessCycleTimeStd=1.358; LogProcessCycleTimeSum=60.016; LogProcessCycleTimeCount=259.000; ]
08/17/26 01:59:50 Currently monitoring 1 HTCondor log file(s)
08/17/26 02:00:05 Currently monitoring 1 HTCondor log file(s)
08/17/26 02:00:05 Event: ULOG_JOB_TERMINATED for HTCondor Node C_W15_II_M0_A00_S0_F0 (6053680.0.0) {08/17/26 02:00:04}
08/17/26 02:00:05 Number of idle job procs: 1
08/17/26 02:00:05 Node C_W15_II_M0_A00_S0_F0 job proc (6053680.0.0) completed successfully.
08/17/26 02:00:05 Node C_W15_II_M0_A00_S0_F0 job(s) have exited the queue
08/17/26 02:00:05 DAG status: 0 (DAG_STATUS_OK)
08/17/26 02:00:05 Of 432 nodes total:
08/17/26 02:00:05  Done     Pre   Queued    Post   Ready   Un-Ready   Failed   Futile
08/17/26 02:00:05   ===     ===      ===     ===     ===        ===      ===      ===
08/17/26 02:00:05   314       0       99       0       0         19        0        0
08/17/26 02:00:05 0 job proc(s) currently held
08/17/26 02:00:05 DAGMan Runtime Statistics: [EventCycleTimeAvg=0.173; EventCycleTimeMax=20.234; EventCycleTimeMin=0.000; EventCycleTimeStd=1.004; EventCycleTimeSum=90.379; SleepCycleTimeAvg=5.005; SleepCycleTimeMax=5.040; SleepCycleTimeMin=5.000; SleepCycleTimeStd=0.003; SleepCycleTimeSum=2607.769; SubmitCycleTimeAvg=0.030; SubmitCycleTimeMax=2.749; SubmitCycleTimeMin=0.000; SubmitCycleTimeStd=0.159; SubmitCycleTimeSum=15.764; EventCycleTimeCount=521.000; SleepCycleTimeCount=521.000; SubmitCycleTimeCount=522.000; LogProcessCycleTimeAvg=0.230; LogProcessCycleTimeMax=20.234; LogProcessCycleTimeMin=0.003; LogProcessCycleTimeStd=1.353; LogProcessCycleTimeSum=60.081; LogProcessCycleTimeCount=261.000; ]
08/17/26 02:00:15 Total jobs placed to AP: 413
08/17/26 02:00:15      Idle     Held     Running     Successful     Failed
08/17/26 02:00:15       ===      ===         ===            ===        ===
08/17/26 02:00:15         1        0          98            314          0
08/17/26 02:00:25 Currently monitoring 1 HTCondor log file(s)
08/17/26 02:00:25 Event: ULOG_EXECUTE for HTCondor Node C_W15_LL_M1_A07_S0_F0 (6053904.0.0) {08/17/26 02:00:23}
08/17/26 02:00:25 Number of idle job procs: 0
08/17/26 02:00:30 Currently monitoring 1 HTCondor log file(s)
08/17/26 02:00:30 Event: ULOG_JOB_TERMINATED for HTCondor Node C_W15_LL_M2_A10_S6_F2 (6053557.0.0) {08/17/26 02:00:28}
08/17/26 02:00:30 Number of idle job procs: 0
08/17/26 02:00:30 Node C_W15_LL_M2_A10_S6_F2 job proc (6053557.0.0) completed successfully.
08/17/26 02:00:30 Node C_W15_LL_M2_A10_S6_F2 job(s) have exited the queue
08/17/26 02:00:30 DAG status: 0 (DAG_STATUS_OK)
08/17/26 02:00:30 Of 432 nodes total:
08/17/26 02:00:30  Done     Pre   Queued    Post   Ready   Un-Ready   Failed   Futile
08/17/26 02:00:30   ===     ===      ===     ===     ===        ===      ===      ===
08/17/26 02:00:30   315       0       98       0       0         19        0        0
08/17/26 02:00:30 0 job proc(s) currently held
08/17/26 02:00:30 DAGMan Runtime Statistics: [EventCycleTimeAvg=0.172; EventCycleTimeMax=20.234; EventCycleTimeMin=0.000; EventCycleTimeStd=0.999; EventCycleTimeSum=90.653; SleepCycleTimeAvg=5.005; SleepCycleTimeMax=5.040; SleepCycleTimeMin=5.000; SleepCycleTimeStd=0.003; SleepCycleTimeSum=2632.803; SubmitCycleTimeAvg=0.030; SubmitCycleTimeMax=2.749; SubmitCycleTimeMin=0.000; SubmitCycleTimeStd=0.158; SubmitCycleTimeSum=15.764; EventCycleTimeCount=526.000; SleepCycleTimeCount=526.000; SubmitCycleTimeCount=527.000; LogProcessCycleTimeAvg=0.229; LogProcessCycleTimeMax=20.234; LogProcessCycleTimeMin=0.003; LogProcessCycleTimeStd=1.347; LogProcessCycleTimeSum=60.258; LogProcessCycleTimeCount=263.000; ]
08/17/26 02:00:45 Currently monitoring 1 HTCondor log file(s)
08/17/26 02:00:45 Event: ULOG_JOB_TERMINATED for HTCondor Node C_W15_II_M0_A00_S6_F0 (6053678.0.0) {08/17/26 02:00:42}
08/17/26 02:00:45 Number of idle job procs: 0
08/17/26 02:00:45 Node C_W15_II_M0_A00_S6_F0 job proc (6053678.0.0) completed successfully.
08/17/26 02:00:45 Node C_W15_II_M0_A00_S6_F0 job(s) have exited the queue
08/17/26 02:00:46 DAG status: 0 (DAG_STATUS_OK)
08/17/26 02:00:46 Of 432 nodes total:
08/17/26 02:00:46  Done     Pre   Queued    Post   Ready   Un-Ready   Failed   Futile
08/17/26 02:00:46   ===     ===      ===     ===     ===        ===      ===      ===
08/17/26 02:00:46   316       0       97       0       0         19        0        0
08/17/26 02:00:46 0 job proc(s) currently held
08/17/26 02:00:46 DAGMan Runtime Statistics: [EventCycleTimeAvg=0.172; EventCycleTimeMax=20.234; EventCycleTimeMin=0.000; EventCycleTimeStd=0.997; EventCycleTimeSum=90.938; SleepCycleTimeAvg=5.005; SleepCycleTimeMax=5.040; SleepCycleTimeMin=5.000; SleepCycleTimeStd=0.003; SleepCycleTimeSum=2647.818; SubmitCycleTimeAvg=0.030; SubmitCycleTimeMax=2.749; SubmitCycleTimeMin=0.000; SubmitCycleTimeStd=0.158; SubmitCycleTimeSum=15.764; EventCycleTimeCount=529.000; SleepCycleTimeCount=529.000; SubmitCycleTimeCount=530.000; LogProcessCycleTimeAvg=0.228; LogProcessCycleTimeMax=20.234; LogProcessCycleTimeMin=0.003; LogProcessCycleTimeStd=1.345; LogProcessCycleTimeSum=60.314; LogProcessCycleTimeCount=264.000; ]
08/17/26 02:00:56 Currently monitoring 1 HTCondor log file(s)
08/17/26 02:00:56 Event: ULOG_JOB_TERMINATED for HTCondor Node C_W15_LL_M2_A10_S1_F2 (6053564.0.0) {08/17/26 02:00:52}
08/17/26 02:00:56 Number of idle job procs: 0
08/17/26 02:00:56 Node C_W15_LL_M2_A10_S1_F2 job proc (6053564.0.0) completed successfully.
08/17/26 02:00:56 Node C_W15_LL_M2_A10_S1_F2 job(s) have exited the queue
08/17/26 02:00:56 DAG status: 0 (DAG_STATUS_OK)
08/17/26 02:00:56 Of 432 nodes total:
08/17/26 02:00:56  Done     Pre   Queued    Post   Ready   Un-Ready   Failed   Futile
08/17/26 02:00:56   ===     ===      ===     ===     ===        ===      ===      ===
08/17/26 02:00:56   317       0       96       0       0         19        0        0
08/17/26 02:00:56 0 job proc(s) currently held
08/17/26 02:00:56 DAGMan Runtime Statistics: [EventCycleTimeAvg=0.172; EventCycleTimeMax=20.234; EventCycleTimeMin=0.000; EventCycleTimeStd=0.995; EventCycleTimeSum=91.070; SleepCycleTimeAvg=5.005; SleepCycleTimeMax=5.040; SleepCycleTimeMin=5.000; SleepCycleTimeStd=0.003; SleepCycleTimeSum=2657.828; SubmitCycleTimeAvg=0.030; SubmitCycleTimeMax=2.749; SubmitCycleTimeMin=0.000; SubmitCycleTimeStd=0.158; SubmitCycleTimeSum=15.764; EventCycleTimeCount=531.000; SleepCycleTimeCount=531.000; SubmitCycleTimeCount=532.000; LogProcessCycleTimeAvg=0.228; LogProcessCycleTimeMax=20.234; LogProcessCycleTimeMin=0.003; LogProcessCycleTimeStd=1.342; LogProcessCycleTimeSum=60.424; LogProcessCycleTimeCount=265.000; ]
08/17/26 02:01:11 Currently monitoring 1 HTCondor log file(s)
08/17/26 02:01:11 Event: ULOG_JOB_TERMINATED for HTCondor Node C_W15_II_M2_A10_S6_F2 (6053395.0.0) {08/17/26 02:01:07}
08/17/26 02:01:11 Number of idle job procs: 0
08/17/26 02:01:11 Node C_W15_II_M2_A10_S6_F2 job proc (6053395.0.0) completed successfully.
08/17/26 02:01:11 Node C_W15_II_M2_A10_S6_F2 job(s) have exited the queue
08/17/26 02:01:11 DAG status: 0 (DAG_STATUS_OK)
08/17/26 02:01:11 Of 432 nodes total:
08/17/26 02:01:11  Done     Pre   Queued    Post   Ready   Un-Ready   Failed   Futile
08/17/26 02:01:11   ===     ===      ===     ===     ===        ===      ===      ===
08/17/26 02:01:11   318       0       95       0       0         19        0        0
08/17/26 02:01:11 0 job proc(s) currently held
08/17/26 02:01:11 DAGMan Runtime Statistics: [EventCycleTimeAvg=0.171; EventCycleTimeMax=20.234; EventCycleTimeMin=0.000; EventCycleTimeStd=0.992; EventCycleTimeSum=91.337; SleepCycleTimeAvg=5.005; SleepCycleTimeMax=5.040; SleepCycleTimeMin=5.000; SleepCycleTimeStd=0.003; SleepCycleTimeSum=2672.842; SubmitCycleTimeAvg=0.029; SubmitCycleTimeMax=2.749; SubmitCycleTimeMin=0.000; SubmitCycleTimeStd=0.157; SubmitCycleTimeSum=15.764; EventCycleTimeCount=534.000; SleepCycleTimeCount=534.000; SubmitCycleTimeCount=535.000; LogProcessCycleTimeAvg=0.228; LogProcessCycleTimeMax=20.234; LogProcessCycleTimeMin=0.003; LogProcessCycleTimeStd=1.340; LogProcessCycleTimeSum=60.555; LogProcessCycleTimeCount=266.000; ]
08/17/26 02:01:16 Currently monitoring 1 HTCondor log file(s)
08/17/26 02:01:16 Event: ULOG_JOB_TERMINATED for HTCondor Node P_W15_LH_M1_A07_S0 (6053188.0.0) {08/17/26 02:01:13}
08/17/26 02:01:16 Number of idle job procs: 0
08/17/26 02:01:16 Node P_W15_LH_M1_A07_S0 job proc (6053188.0.0) completed successfully.
08/17/26 02:01:16 Node P_W15_LH_M1_A07_S0 job(s) have exited the queue
08/17/26 02:01:16 Event: ULOG_JOB_TERMINATED for HTCondor Node C_W15_LI_M0_A00_S2_F0 (6053622.0.0) {08/17/26 02:01:13}
08/17/26 02:01:16 Number of idle job procs: 0
08/17/26 02:01:16 Node C_W15_LI_M0_A00_S2_F0 job proc (6053622.0.0) completed successfully.
08/17/26 02:01:16 Node C_W15_LI_M0_A00_S2_F0 job(s) have exited the queue
08/17/26 02:01:16 DAG status: 0 (DAG_STATUS_OK)
08/17/26 02:01:16 Of 432 nodes total:
08/17/26 02:01:16  Done     Pre   Queued    Post   Ready   Un-Ready   Failed   Futile
08/17/26 02:01:16   ===     ===      ===     ===     ===        ===      ===      ===
08/17/26 02:01:16   320       0       93       0       1         18        0        0
08/17/26 02:01:16 0 job proc(s) currently held
08/17/26 02:01:17 DAGMan Runtime Statistics: [EventCycleTimeAvg=0.171; EventCycleTimeMax=20.234; EventCycleTimeMin=0.000; EventCycleTimeStd=0.991; EventCycleTimeSum=91.627; SleepCycleTimeAvg=5.005; SleepCycleTimeMax=5.040; SleepCycleTimeMin=5.000; SleepCycleTimeStd=0.003; SleepCycleTimeSum=2677.847; SubmitCycleTimeAvg=0.029; SubmitCycleTimeMax=2.749; SubmitCycleTimeMin=0.000; SubmitCycleTimeStd=0.157; SubmitCycleTimeSum=15.764; EventCycleTimeCount=535.000; SleepCycleTimeCount=535.000; SubmitCycleTimeCount=536.000; LogProcessCycleTimeAvg=0.228; LogProcessCycleTimeMax=20.234; LogProcessCycleTimeMin=0.003; LogProcessCycleTimeStd=1.337; LogProcessCycleTimeSum=60.756; LogProcessCycleTimeCount=267.000; ]
08/17/26 02:01:22 Submitting HTCondor Node C_W15_LH_M1_A07_S0_F0 job(s)...
08/17/26 02:01:22 Submitting node C_W15_LH_M1_A07_S0_F0 from file /afs/cern.ch/user/c/cglenn/FCCWork/whizard/whizard_ttbar_spinpol/phase11_diagnostics/excess_weight_rootcause_v1/ttbar_restricted_region_suite_v1/regions/submissions/20260816T231425Z_U9region_core_W15_S8_np1_v1p0p1/region_child.sub using direct job submission
08/17/26 02:01:22 	assigned HTCondor ID (6053911.0.0)
08/17/26 02:01:22 Just submitted 1 job this cycle...
08/17/26 02:01:22 DAG status: 0 (DAG_STATUS_OK)
08/17/26 02:01:22 Of 432 nodes total:
08/17/26 02:01:22  Done     Pre   Queued    Post   Ready   Un-Ready   Failed   Futile
08/17/26 02:01:22   ===     ===      ===     ===     ===        ===      ===      ===
08/17/26 02:01:22   320       0       94       0       0         18        0        0
08/17/26 02:01:22 0 job proc(s) currently held
08/17/26 02:01:22 DAGMan Runtime Statistics: [EventCycleTimeAvg=0.172; EventCycleTimeMax=20.234; EventCycleTimeMin=0.000; EventCycleTimeStd=0.990; EventCycleTimeSum=91.996; SleepCycleTimeAvg=5.005; SleepCycleTimeMax=5.040; SleepCycleTimeMin=5.000; SleepCycleTimeStd=0.003; SleepCycleTimeSum=2682.853; SubmitCycleTimeAvg=0.030; SubmitCycleTimeMax=2.749; SubmitCycleTimeMin=0.000; SubmitCycleTimeStd=0.157; SubmitCycleTimeSum=15.917; EventCycleTimeCount=536.000; SleepCycleTimeCount=536.000; SubmitCycleTimeCount=537.000; LogProcessCycleTimeAvg=0.228; LogProcessCycleTimeMax=20.234; LogProcessCycleTimeMin=0.003; LogProcessCycleTimeStd=1.337; LogProcessCycleTimeSum=60.756; LogProcessCycleTimeCount=267.000; ]
08/17/26 02:01:27 Currently monitoring 1 HTCondor log file(s)
08/17/26 02:01:27 Reassigning the id of job C_W15_LH_M1_A07_S0_F0 from (6053911.0.0) to (6053911.0.0)
08/17/26 02:01:27 Event: ULOG_SUBMIT for HTCondor Node C_W15_LH_M1_A07_S0_F0 (6053911.0.0) {08/17/26 02:01:22}
08/17/26 02:01:27 Number of idle job procs: 1
08/17/26 02:01:32 Currently monitoring 1 HTCondor log file(s)
08/17/26 02:01:32 Event: ULOG_EXECUTE for HTCondor Node C_W15_LH_M1_A07_S0_F0 (6053911.0.0) {08/17/26 02:01:30}
08/17/26 02:01:32 Number of idle job procs: 0
08/17/26 02:01:42 Currently monitoring 1 HTCondor log file(s)
08/17/26 02:01:42 Event: ULOG_JOB_TERMINATED for HTCondor Node P_W15_II_M1_A07_S3 (6053239.0.0) {08/17/26 02:01:40}
08/17/26 02:01:42 Number of idle job procs: 0
08/17/26 02:01:42 Node P_W15_II_M1_A07_S3 job proc (6053239.0.0) completed successfully.
08/17/26 02:01:42 Node P_W15_II_M1_A07_S3 job(s) have exited the queue
08/17/26 02:01:42 DAG status: 0 (DAG_STATUS_OK)
08/17/26 02:01:42 Of 432 nodes total:
08/17/26 02:01:42  Done     Pre   Queued    Post   Ready   Un-Ready   Failed   Futile
08/17/26 02:01:42   ===     ===      ===     ===     ===        ===      ===      ===
08/17/26 02:01:42   321       0       93       0       1         17        0        0
08/17/26 02:01:42 0 job proc(s) currently held
08/17/26 02:01:42 DAGMan Runtime Statistics: [EventCycleTimeAvg=0.171; EventCycleTimeMax=20.234; EventCycleTimeMin=0.000; EventCycleTimeStd=0.987; EventCycleTimeSum=92.389; SleepCycleTimeAvg=5.005; SleepCycleTimeMax=5.040; SleepCycleTimeMin=5.000; SleepCycleTimeStd=0.003; SleepCycleTimeSum=2702.876; SubmitCycleTimeAvg=0.029; SubmitCycleTimeMax=2.749; SubmitCycleTimeMin=0.000; SubmitCycleTimeStd=0.157; SubmitCycleTimeSum=15.917; EventCycleTimeCount=540.000; SleepCycleTimeCount=540.000; SubmitCycleTimeCount=541.000; LogProcessCycleTimeAvg=0.226; LogProcessCycleTimeMax=20.234; LogProcessCycleTimeMin=0.003; LogProcessCycleTimeStd=1.330; LogProcessCycleTimeSum=61.030; LogProcessCycleTimeCount=270.000; ]
08/17/26 02:01:47 Submitting HTCondor Node C_W15_II_M1_A07_S3_F0 job(s)...
08/17/26 02:01:47 Submitting node C_W15_II_M1_A07_S3_F0 from file /afs/cern.ch/user/c/cglenn/FCCWork/whizard/whizard_ttbar_spinpol/phase11_diagnostics/excess_weight_rootcause_v1/ttbar_restricted_region_suite_v1/regions/submissions/20260816T231425Z_U9region_core_W15_S8_np1_v1p0p1/region_child.sub using direct job submission
08/17/26 02:01:47 	assigned HTCondor ID (6053915.0.0)
08/17/26 02:01:47 Just submitted 1 job this cycle...
08/17/26 02:01:47 DAG status: 0 (DAG_STATUS_OK)
08/17/26 02:01:47 Of 432 nodes total:
08/17/26 02:01:47  Done     Pre   Queued    Post   Ready   Un-Ready   Failed   Futile
08/17/26 02:01:47   ===     ===      ===     ===     ===        ===      ===      ===
08/17/26 02:01:47   321       0       94       0       0         17        0        0
08/17/26 02:01:48 0 job proc(s) currently held
08/17/26 02:01:48 DAGMan Runtime Statistics: [EventCycleTimeAvg=0.171; EventCycleTimeMax=20.234; EventCycleTimeMin=0.000; EventCycleTimeStd=0.986; EventCycleTimeSum=92.690; SleepCycleTimeAvg=5.005; SleepCycleTimeMax=5.040; SleepCycleTimeMin=5.000; SleepCycleTimeStd=0.003; SleepCycleTimeSum=2707.881; SubmitCycleTimeAvg=0.030; SubmitCycleTimeMax=2.749; SubmitCycleTimeMin=0.000; SubmitCycleTimeStd=0.156; SubmitCycleTimeSum=16.023; EventCycleTimeCount=541.000; SleepCycleTimeCount=541.000; SubmitCycleTimeCount=542.000; LogProcessCycleTimeAvg=0.226; LogProcessCycleTimeMax=20.234; LogProcessCycleTimeMin=0.003; LogProcessCycleTimeStd=1.330; LogProcessCycleTimeSum=61.030; LogProcessCycleTimeCount=270.000; ]
08/17/26 02:01:53 Currently monitoring 1 HTCondor log file(s)
08/17/26 02:01:53 Reassigning the id of job C_W15_II_M1_A07_S3_F0 from (6053915.0.0) to (6053915.0.0)
08/17/26 02:01:53 Event: ULOG_SUBMIT for HTCondor Node C_W15_II_M1_A07_S3_F0 (6053915.0.0) {08/17/26 02:01:47}
08/17/26 02:01:53 Number of idle job procs: 1
08/17/26 02:01:58 Currently monitoring 1 HTCondor log file(s)
08/17/26 02:01:58 Event: ULOG_JOB_TERMINATED for HTCondor Node P_W15_LH_M1_A07_S2 (6053190.0.0) {08/17/26 02:01:53}
08/17/26 02:01:58 Number of idle job procs: 1
08/17/26 02:01:58 Node P_W15_LH_M1_A07_S2 job proc (6053190.0.0) completed successfully.
08/17/26 02:01:58 Node P_W15_LH_M1_A07_S2 job(s) have exited the queue
08/17/26 02:01:58 DAG status: 0 (DAG_STATUS_OK)
08/17/26 02:01:58 Of 432 nodes total:
08/17/26 02:01:58  Done     Pre   Queued    Post   Ready   Un-Ready   Failed   Futile
08/17/26 02:01:58   ===     ===      ===     ===     ===        ===      ===      ===
08/17/26 02:01:58   322       0       93       0       1         16        0        0
08/17/26 02:01:58 0 job proc(s) currently held
08/17/26 02:01:58 DAGMan Runtime Statistics: [EventCycleTimeAvg=0.171; EventCycleTimeMax=20.234; EventCycleTimeMin=0.000; EventCycleTimeStd=0.984; EventCycleTimeSum=93.045; SleepCycleTimeAvg=5.005; SleepCycleTimeMax=5.040; SleepCycleTimeMin=5.000; SleepCycleTimeStd=0.003; SleepCycleTimeSum=2717.891; SubmitCycleTimeAvg=0.029; SubmitCycleTimeMax=2.749; SubmitCycleTimeMin=0.000; SubmitCycleTimeStd=0.156; SubmitCycleTimeSum=16.023; EventCycleTimeCount=543.000; SleepCycleTimeCount=543.000; SubmitCycleTimeCount=544.000; LogProcessCycleTimeAvg=0.225; LogProcessCycleTimeMax=20.234; LogProcessCycleTimeMin=0.003; LogProcessCycleTimeStd=1.325; LogProcessCycleTimeSum=61.157; LogProcessCycleTimeCount=272.000; ]
08/17/26 02:02:03 Submitting HTCondor Node C_W15_LH_M1_A07_S2_F0 job(s)...
08/17/26 02:02:03 Submitting node C_W15_LH_M1_A07_S2_F0 from file /afs/cern.ch/user/c/cglenn/FCCWork/whizard/whizard_ttbar_spinpol/phase11_diagnostics/excess_weight_rootcause_v1/ttbar_restricted_region_suite_v1/regions/submissions/20260816T231425Z_U9region_core_W15_S8_np1_v1p0p1/region_child.sub using direct job submission
08/17/26 02:02:03 	assigned HTCondor ID (6053919.0.0)
08/17/26 02:02:03 Just submitted 1 job this cycle...
08/17/26 02:02:03 Currently monitoring 1 HTCondor log file(s)
08/17/26 02:02:03 Event: ULOG_JOB_TERMINATED for HTCondor Node C_W15_LI_M2_A10_S2_F2 (6053407.0.0) {08/17/26 02:01:58}
08/17/26 02:02:03 Number of idle job procs: 1
08/17/26 02:02:03 Node C_W15_LI_M2_A10_S2_F2 job proc (6053407.0.0) completed successfully.
08/17/26 02:02:03 Node C_W15_LI_M2_A10_S2_F2 job(s) have exited the queue
08/17/26 02:02:03 Reassigning the id of job C_W15_LH_M1_A07_S2_F0 from (6053919.0.0) to (6053919.0.0)
08/17/26 02:02:03 Event: ULOG_SUBMIT for HTCondor Node C_W15_LH_M1_A07_S2_F0 (6053919.0.0) {08/17/26 02:02:03}
08/17/26 02:02:03 Number of idle job procs: 2
08/17/26 02:02:03 DAG status: 0 (DAG_STATUS_OK)
08/17/26 02:02:03 Of 432 nodes total:
08/17/26 02:02:03  Done     Pre   Queued    Post   Ready   Un-Ready   Failed   Futile
08/17/26 02:02:03   ===     ===      ===     ===     ===        ===      ===      ===
08/17/26 02:02:03   323       0       93       0       0         16        0        0
08/17/26 02:02:03 0 job proc(s) currently held
08/17/26 02:02:03 DAGMan Runtime Statistics: [EventCycleTimeAvg=0.171; EventCycleTimeMax=20.234; EventCycleTimeMin=0.000; EventCycleTimeStd=0.983; EventCycleTimeSum=93.184; SleepCycleTimeAvg=5.005; SleepCycleTimeMax=5.040; SleepCycleTimeMin=5.000; SleepCycleTimeStd=0.003; SleepCycleTimeSum=2722.896; SubmitCycleTimeAvg=0.030; SubmitCycleTimeMax=2.749; SubmitCycleTimeMin=0.000; SubmitCycleTimeStd=0.156; SubmitCycleTimeSum=16.122; EventCycleTimeCount=544.000; SleepCycleTimeCount=544.000; SubmitCycleTimeCount=545.000; LogProcessCycleTimeAvg=0.225; LogProcessCycleTimeMax=20.234; LogProcessCycleTimeMin=0.003; LogProcessCycleTimeStd=1.323; LogProcessCycleTimeSum=61.316; LogProcessCycleTimeCount=273.000; ]
08/17/26 02:02:08 Currently monitoring 1 HTCondor log file(s)
08/17/26 02:02:08 Event: ULOG_JOB_TERMINATED for HTCondor Node C_W15_HI_M1_A07_S5_F0 (6053766.0.0) {08/17/26 02:02:04}
08/17/26 02:02:08 Number of idle job procs: 2
08/17/26 02:02:08 Node C_W15_HI_M1_A07_S5_F0 job proc (6053766.0.0) completed successfully.
08/17/26 02:02:08 Node C_W15_HI_M1_A07_S5_F0 job(s) have exited the queue
08/17/26 02:02:08 Event: ULOG_EXECUTE for HTCondor Node C_W15_II_M1_A07_S3_F0 (6053915.0.0) {08/17/26 02:02:05}
08/17/26 02:02:08 Number of idle job procs: 1
08/17/26 02:02:08 DAG status: 0 (DAG_STATUS_OK)
08/17/26 02:02:08 Of 432 nodes total:
08/17/26 02:02:08  Done     Pre   Queued    Post   Ready   Un-Ready   Failed   Futile
08/17/26 02:02:08   ===     ===      ===     ===     ===        ===      ===      ===
08/17/26 02:02:08   324       0       92       0       0         16        0        0
08/17/26 02:02:08 0 job proc(s) currently held
08/17/26 02:02:09 DAGMan Runtime Statistics: [EventCycleTimeAvg=0.172; EventCycleTimeMax=20.234; EventCycleTimeMin=0.000; EventCycleTimeStd=0.982; EventCycleTimeSum=93.618; SleepCycleTimeAvg=5.005; SleepCycleTimeMax=5.040; SleepCycleTimeMin=5.000; SleepCycleTimeStd=0.003; SleepCycleTimeSum=2727.909; SubmitCycleTimeAvg=0.030; SubmitCycleTimeMax=2.749; SubmitCycleTimeMin=0.000; SubmitCycleTimeStd=0.156; SubmitCycleTimeSum=16.122; EventCycleTimeCount=545.000; SleepCycleTimeCount=545.000; SubmitCycleTimeCount=546.000; LogProcessCycleTimeAvg=0.224; LogProcessCycleTimeMax=20.234; LogProcessCycleTimeMin=0.003; LogProcessCycleTimeStd=1.320; LogProcessCycleTimeSum=61.473; LogProcessCycleTimeCount=274.000; ]
08/17/26 02:02:14 Currently monitoring 1 HTCondor log file(s)
08/17/26 02:02:14 Event: ULOG_JOB_TERMINATED for HTCondor Node P_W15_HL_M1_A07_S5 (6053289.0.0) {08/17/26 02:02:10}
08/17/26 02:02:14 Number of idle job procs: 1
08/17/26 02:02:14 Node P_W15_HL_M1_A07_S5 job proc (6053289.0.0) completed successfully.
08/17/26 02:02:14 Node P_W15_HL_M1_A07_S5 job(s) have exited the queue
08/17/26 02:02:14 DAG status: 0 (DAG_STATUS_OK)
08/17/26 02:02:14 Of 432 nodes total:
08/17/26 02:02:14  Done     Pre   Queued    Post   Ready   Un-Ready   Failed   Futile
08/17/26 02:02:14   ===     ===      ===     ===     ===        ===      ===      ===
08/17/26 02:02:14   325       0       91       0       1         15        0        0
08/17/26 02:02:14 0 job proc(s) currently held
08/17/26 02:02:14 DAGMan Runtime Statistics: [EventCycleTimeAvg=0.172; EventCycleTimeMax=20.234; EventCycleTimeMin=0.000; EventCycleTimeStd=0.981; EventCycleTimeSum=93.933; SleepCycleTimeAvg=5.005; SleepCycleTimeMax=5.040; SleepCycleTimeMin=5.000; SleepCycleTimeStd=0.003; SleepCycleTimeSum=2732.916; SubmitCycleTimeAvg=0.029; SubmitCycleTimeMax=2.749; SubmitCycleTimeMin=0.000; SubmitCycleTimeStd=0.156; SubmitCycleTimeSum=16.122; EventCycleTimeCount=546.000; SleepCycleTimeCount=546.000; SubmitCycleTimeCount=547.000; LogProcessCycleTimeAvg=0.224; LogProcessCycleTimeMax=20.234; LogProcessCycleTimeMin=0.003; LogProcessCycleTimeStd=1.318; LogProcessCycleTimeSum=61.530; LogProcessCycleTimeCount=275.000; ]
08/17/26 02:02:19 Submitting HTCondor Node C_W15_HL_M1_A07_S5_F0 job(s)...
08/17/26 02:02:19 Submitting node C_W15_HL_M1_A07_S5_F0 from file /afs/cern.ch/user/c/cglenn/FCCWork/whizard/whizard_ttbar_spinpol/phase11_diagnostics/excess_weight_rootcause_v1/ttbar_restricted_region_suite_v1/regions/submissions/20260816T231425Z_U9region_core_W15_S8_np1_v1p0p1/region_child.sub using direct job submission
08/17/26 02:02:19 	assigned HTCondor ID (6053920.0.0)
08/17/26 02:02:19 Just submitted 1 job this cycle...
08/17/26 02:02:19 Currently monitoring 1 HTCondor log file(s)
08/17/26 02:02:19 Event: ULOG_JOB_TERMINATED for HTCondor Node C_W15_IH_M1_A07_S6_F0 (6053798.0.0) {08/17/26 02:02:18}
08/17/26 02:02:19 Number of idle job procs: 1
08/17/26 02:02:19 Node C_W15_IH_M1_A07_S6_F0 job proc (6053798.0.0) completed successfully.
08/17/26 02:02:19 Node C_W15_IH_M1_A07_S6_F0 job(s) have exited the queue
08/17/26 02:02:19 Reassigning the id of job C_W15_HL_M1_A07_S5_F0 from (6053920.0.0) to (6053920.0.0)
08/17/26 02:02:19 Event: ULOG_SUBMIT for HTCondor Node C_W15_HL_M1_A07_S5_F0 (6053920.0.0) {08/17/26 02:02:19}
08/17/26 02:02:19 Number of idle job procs: 2
08/17/26 02:02:19 DAG status: 0 (DAG_STATUS_OK)
08/17/26 02:02:19 Of 432 nodes total:
08/17/26 02:02:19  Done     Pre   Queued    Post   Ready   Un-Ready   Failed   Futile
08/17/26 02:02:19   ===     ===      ===     ===     ===        ===      ===      ===
08/17/26 02:02:19   326       0       91       0       0         15        0        0
08/17/26 02:02:19 0 job proc(s) currently held
08/17/26 02:02:19 DAGMan Runtime Statistics: [EventCycleTimeAvg=0.172; EventCycleTimeMax=20.234; EventCycleTimeMin=0.000; EventCycleTimeStd=0.980; EventCycleTimeSum=94.067; SleepCycleTimeAvg=5.005; SleepCycleTimeMax=5.040; SleepCycleTimeMin=5.000; SleepCycleTimeStd=0.003; SleepCycleTimeSum=2737.921; SubmitCycleTimeAvg=0.030; SubmitCycleTimeMax=2.749; SubmitCycleTimeMin=0.000; SubmitCycleTimeStd=0.156; SubmitCycleTimeSum=16.180; EventCycleTimeCount=547.000; SleepCycleTimeCount=547.000; SubmitCycleTimeCount=548.000; LogProcessCycleTimeAvg=0.223; LogProcessCycleTimeMax=20.234; LogProcessCycleTimeMin=0.003; LogProcessCycleTimeStd=1.316; LogProcessCycleTimeSum=61.623; LogProcessCycleTimeCount=276.000; ]
08/17/26 02:02:24 Currently monitoring 1 HTCondor log file(s)
08/17/26 02:02:24 Event: ULOG_JOB_TERMINATED for HTCondor Node C_W15_LI_M1_A07_S4_F0 (6053828.0.0) {08/17/26 02:02:23}
08/17/26 02:02:24 Number of idle job procs: 2
08/17/26 02:02:24 Node C_W15_LI_M1_A07_S4_F0 job proc (6053828.0.0) completed successfully.
08/17/26 02:02:24 Node C_W15_LI_M1_A07_S4_F0 job(s) have exited the queue
08/17/26 02:02:24 DAG status: 0 (DAG_STATUS_OK)
08/17/26 02:02:24 Of 432 nodes total:
08/17/26 02:02:24  Done     Pre   Queued    Post   Ready   Un-Ready   Failed   Futile
08/17/26 02:02:24   ===     ===      ===     ===     ===        ===      ===      ===
08/17/26 02:02:24   327       0       90       0       0         15        0        0
08/17/26 02:02:24 0 job proc(s) currently held
08/17/26 02:02:24 DAGMan Runtime Statistics: [EventCycleTimeAvg=0.172; EventCycleTimeMax=20.234; EventCycleTimeMin=0.000; EventCycleTimeStd=0.980; EventCycleTimeSum=94.307; SleepCycleTimeAvg=5.005; SleepCycleTimeMax=5.040; SleepCycleTimeMin=5.000; SleepCycleTimeStd=0.003; SleepCycleTimeSum=2742.921; SubmitCycleTimeAvg=0.029; SubmitCycleTimeMax=2.749; SubmitCycleTimeMin=0.000; SubmitCycleTimeStd=0.155; SubmitCycleTimeSum=16.180; EventCycleTimeCount=548.000; SleepCycleTimeCount=548.000; SubmitCycleTimeCount=549.000; LogProcessCycleTimeAvg=0.223; LogProcessCycleTimeMax=20.234; LogProcessCycleTimeMin=0.003; LogProcessCycleTimeStd=1.313; LogProcessCycleTimeSum=61.680; LogProcessCycleTimeCount=277.000; ]
08/17/26 02:02:44 Currently monitoring 1 HTCondor log file(s)
08/17/26 02:02:44 Event: ULOG_JOB_TERMINATED for HTCondor Node P_W15_IL_M1_A07_S0 (6053212.0.0) {08/17/26 02:02:43}
08/17/26 02:02:44 Number of idle job procs: 2
08/17/26 02:02:44 Node P_W15_IL_M1_A07_S0 job proc (6053212.0.0) completed successfully.
08/17/26 02:02:44 Node P_W15_IL_M1_A07_S0 job(s) have exited the queue
08/17/26 02:02:44 DAG status: 0 (DAG_STATUS_OK)
08/17/26 02:02:44 Of 432 nodes total:
08/17/26 02:02:44  Done     Pre   Queued    Post   Ready   Un-Ready   Failed   Futile
08/17/26 02:02:44   ===     ===      ===     ===     ===        ===      ===      ===
08/17/26 02:02:44   328       0       89       0       1         14        0        0
08/17/26 02:02:44 0 job proc(s) currently held
08/17/26 02:02:44 DAGMan Runtime Statistics: [EventCycleTimeAvg=0.171; EventCycleTimeMax=20.234; EventCycleTimeMin=0.000; EventCycleTimeStd=0.976; EventCycleTimeSum=94.447; SleepCycleTimeAvg=5.005; SleepCycleTimeMax=5.040; SleepCycleTimeMin=5.000; SleepCycleTimeStd=0.003; SleepCycleTimeSum=2762.942; SubmitCycleTimeAvg=0.029; SubmitCycleTimeMax=2.749; SubmitCycleTimeMin=0.000; SubmitCycleTimeStd=0.155; SubmitCycleTimeSum=16.180; EventCycleTimeCount=552.000; SleepCycleTimeCount=552.000; SubmitCycleTimeCount=553.000; LogProcessCycleTimeAvg=0.222; LogProcessCycleTimeMax=20.234; LogProcessCycleTimeMin=0.003; LogProcessCycleTimeStd=1.311; LogProcessCycleTimeSum=61.741; LogProcessCycleTimeCount=278.000; ]
08/17/26 02:02:49 Submitting HTCondor Node C_W15_IL_M1_A07_S0_F0 job(s)...
08/17/26 02:02:49 Submitting node C_W15_IL_M1_A07_S0_F0 from file /afs/cern.ch/user/c/cglenn/FCCWork/whizard/whizard_ttbar_spinpol/phase11_diagnostics/excess_weight_rootcause_v1/ttbar_restricted_region_suite_v1/regions/submissions/20260816T231425Z_U9region_core_W15_S8_np1_v1p0p1/region_child.sub using direct job submission
08/17/26 02:02:49 	assigned HTCondor ID (6053924.0.0)
08/17/26 02:02:49 Just submitted 1 job this cycle...
08/17/26 02:02:49 DAG status: 0 (DAG_STATUS_OK)
08/17/26 02:02:49 Of 432 nodes total:
08/17/26 02:02:49  Done     Pre   Queued    Post   Ready   Un-Ready   Failed   Futile
08/17/26 02:02:49   ===     ===      ===     ===     ===        ===      ===      ===
08/17/26 02:02:49   328       0       90       0       0         14        0        0
08/17/26 02:02:49 0 job proc(s) currently held
08/17/26 02:02:49 DAGMan Runtime Statistics: [EventCycleTimeAvg=0.171; EventCycleTimeMax=20.234; EventCycleTimeMin=0.000; EventCycleTimeStd=0.975; EventCycleTimeSum=94.588; SleepCycleTimeAvg=5.005; SleepCycleTimeMax=5.040; SleepCycleTimeMin=5.000; SleepCycleTimeStd=0.003; SleepCycleTimeSum=2767.947; SubmitCycleTimeAvg=0.029; SubmitCycleTimeMax=2.749; SubmitCycleTimeMin=0.000; SubmitCycleTimeStd=0.155; SubmitCycleTimeSum=16.242; EventCycleTimeCount=553.000; SleepCycleTimeCount=553.000; SubmitCycleTimeCount=554.000; LogProcessCycleTimeAvg=0.222; LogProcessCycleTimeMax=20.234; LogProcessCycleTimeMin=0.003; LogProcessCycleTimeStd=1.311; LogProcessCycleTimeSum=61.741; LogProcessCycleTimeCount=278.000; ]
08/17/26 02:02:54 Currently monitoring 1 HTCondor log file(s)
08/17/26 02:02:54 Reassigning the id of job C_W15_IL_M1_A07_S0_F0 from (6053924.0.0) to (6053924.0.0)
08/17/26 02:02:54 Event: ULOG_SUBMIT for HTCondor Node C_W15_IL_M1_A07_S0_F0 (6053924.0.0) {08/17/26 02:02:49}
08/17/26 02:02:54 Number of idle job procs: 3
08/17/26 02:02:54 Event: ULOG_JOB_TERMINATED for HTCondor Node C_W15_IH_M1_A07_S2_F0 (6053794.0.0) {08/17/26 02:02:53}
08/17/26 02:02:54 Number of idle job procs: 3
08/17/26 02:02:54 Node C_W15_IH_M1_A07_S2_F0 job proc (6053794.0.0) completed successfully.
08/17/26 02:02:54 Node C_W15_IH_M1_A07_S2_F0 job(s) have exited the queue
08/17/26 02:02:54 Event: ULOG_JOB_TERMINATED for HTCondor Node C_W15_LI_M2_A10_S1_F2 (6053397.0.0) {08/17/26 02:02:54}
08/17/26 02:02:54 Number of idle job procs: 3
08/17/26 02:02:54 Node C_W15_LI_M2_A10_S1_F2 job proc (6053397.0.0) completed successfully.
08/17/26 02:02:54 Node C_W15_LI_M2_A10_S1_F2 job(s) have exited the queue
08/17/26 02:02:54 DAG status: 0 (DAG_STATUS_OK)
08/17/26 02:02:54 Of 432 nodes total:
08/17/26 02:02:54  Done     Pre   Queued    Post   Ready   Un-Ready   Failed   Futile
08/17/26 02:02:54   ===     ===      ===     ===     ===        ===      ===      ===
08/17/26 02:02:54   330       0       88       0       0         14        0        0
08/17/26 02:02:54 0 job proc(s) currently held
08/17/26 02:02:54 DAGMan Runtime Statistics: [EventCycleTimeAvg=0.171; EventCycleTimeMax=20.234; EventCycleTimeMin=0.000; EventCycleTimeStd=0.974; EventCycleTimeSum=94.743; SleepCycleTimeAvg=5.005; SleepCycleTimeMax=5.040; SleepCycleTimeMin=5.000; SleepCycleTimeStd=0.003; SleepCycleTimeSum=2772.952; SubmitCycleTimeAvg=0.029; SubmitCycleTimeMax=2.749; SubmitCycleTimeMin=0.000; SubmitCycleTimeStd=0.155; SubmitCycleTimeSum=16.242; EventCycleTimeCount=554.000; SleepCycleTimeCount=554.000; SubmitCycleTimeCount=555.000; LogProcessCycleTimeAvg=0.222; LogProcessCycleTimeMax=20.234; LogProcessCycleTimeMin=0.003; LogProcessCycleTimeStd=1.309; LogProcessCycleTimeSum=61.849; LogProcessCycleTimeCount=279.000; ]
08/17/26 02:03:05 Currently monitoring 1 HTCondor log file(s)
08/17/26 02:03:05 Event: ULOG_JOB_TERMINATED for HTCondor Node C_W15_HL_M2_A10_S0_F2 (6053570.0.0) {08/17/26 02:03:03}
08/17/26 02:03:05 Number of idle job procs: 3
08/17/26 02:03:05 Node C_W15_HL_M2_A10_S0_F2 job proc (6053570.0.0) completed successfully.
08/17/26 02:03:05 Node C_W15_HL_M2_A10_S0_F2 job(s) have exited the queue
08/17/26 02:03:05 DAG status: 0 (DAG_STATUS_OK)
08/17/26 02:03:05 Of 432 nodes total:
08/17/26 02:03:05  Done     Pre   Queued    Post   Ready   Un-Ready   Failed   Futile
08/17/26 02:03:05   ===     ===      ===     ===     ===        ===      ===      ===
08/17/26 02:03:05   331       0       87       0       0         14        0        0
08/17/26 02:03:05 0 job proc(s) currently held
08/17/26 02:03:05 DAGMan Runtime Statistics: [EventCycleTimeAvg=0.171; EventCycleTimeMax=20.234; EventCycleTimeMin=0.000; EventCycleTimeStd=0.973; EventCycleTimeSum=94.854; SleepCycleTimeAvg=5.005; SleepCycleTimeMax=5.040; SleepCycleTimeMin=5.000; SleepCycleTimeStd=0.003; SleepCycleTimeSum=2782.963; SubmitCycleTimeAvg=0.029; SubmitCycleTimeMax=2.749; SubmitCycleTimeMin=0.000; SubmitCycleTimeStd=0.154; SubmitCycleTimeSum=16.242; EventCycleTimeCount=556.000; SleepCycleTimeCount=556.000; SubmitCycleTimeCount=557.000; LogProcessCycleTimeAvg=0.221; LogProcessCycleTimeMax=20.234; LogProcessCycleTimeMin=0.003; LogProcessCycleTimeStd=1.306; LogProcessCycleTimeSum=61.853; LogProcessCycleTimeCount=280.000; ]
08/17/26 02:03:10 Currently monitoring 1 HTCondor log file(s)
08/17/26 02:03:10 Event: ULOG_JOB_TERMINATED for HTCondor Node C_W15_LI_M1_A07_S3_F0 (6053823.0.0) {08/17/26 02:03:07}
08/17/26 02:03:10 Number of idle job procs: 3
08/17/26 02:03:10 Node C_W15_LI_M1_A07_S3_F0 job proc (6053823.0.0) completed successfully.
08/17/26 02:03:10 Node C_W15_LI_M1_A07_S3_F0 job(s) have exited the queue
08/17/26 02:03:10 DAG status: 0 (DAG_STATUS_OK)
08/17/26 02:03:10 Of 432 nodes total:
08/17/26 02:03:10  Done     Pre   Queued    Post   Ready   Un-Ready   Failed   Futile
08/17/26 02:03:10   ===     ===      ===     ===     ===        ===      ===      ===
08/17/26 02:03:10   332       0       86       0       0         14        0        0
08/17/26 02:03:10 0 job proc(s) currently held
08/17/26 02:03:10 DAGMan Runtime Statistics: [EventCycleTimeAvg=0.170; EventCycleTimeMax=20.234; EventCycleTimeMin=0.000; EventCycleTimeStd=0.972; EventCycleTimeSum=94.862; SleepCycleTimeAvg=5.005; SleepCycleTimeMax=5.040; SleepCycleTimeMin=5.000; SleepCycleTimeStd=0.003; SleepCycleTimeSum=2787.968; SubmitCycleTimeAvg=0.029; SubmitCycleTimeMax=2.749; SubmitCycleTimeMin=0.000; SubmitCycleTimeStd=0.154; SubmitCycleTimeSum=16.242; EventCycleTimeCount=557.000; SleepCycleTimeCount=557.000; SubmitCycleTimeCount=558.000; LogProcessCycleTimeAvg=0.220; LogProcessCycleTimeMax=20.234; LogProcessCycleTimeMin=0.003; LogProcessCycleTimeStd=1.304; LogProcessCycleTimeSum=61.857; LogProcessCycleTimeCount=281.000; ]
08/17/26 02:03:25 Currently monitoring 1 HTCondor log file(s)
08/17/26 02:03:25 Event: ULOG_JOB_TERMINATED for HTCondor Node C_W15_HL_M2_A10_S3_F2 (6053563.0.0) {08/17/26 02:03:21}
08/17/26 02:03:25 Number of idle job procs: 3
08/17/26 02:03:25 Node C_W15_HL_M2_A10_S3_F2 job proc (6053563.0.0) completed successfully.
08/17/26 02:03:25 Node C_W15_HL_M2_A10_S3_F2 job(s) have exited the queue
08/17/26 02:03:25 Event: ULOG_JOB_TERMINATED for HTCondor Node C_W15_LL_M1_A07_S6_F0 (6053817.0.0) {08/17/26 02:03:21}
08/17/26 02:03:25 Number of idle job procs: 3
08/17/26 02:03:25 Node C_W15_LL_M1_A07_S6_F0 job proc (6053817.0.0) completed successfully.
08/17/26 02:03:25 Node C_W15_LL_M1_A07_S6_F0 job(s) have exited the queue
08/17/26 02:03:25 DAG status: 0 (DAG_STATUS_OK)
08/17/26 02:03:25 Of 432 nodes total:
08/17/26 02:03:25  Done     Pre   Queued    Post   Ready   Un-Ready   Failed   Futile
08/17/26 02:03:25   ===     ===      ===     ===     ===        ===      ===      ===
08/17/26 02:03:25   334       0       84       0       0         14        0        0
08/17/26 02:03:25 0 job proc(s) currently held
08/17/26 02:03:25 DAGMan Runtime Statistics: [EventCycleTimeAvg=0.169; EventCycleTimeMax=20.234; EventCycleTimeMin=0.000; EventCycleTimeStd=0.969; EventCycleTimeSum=94.873; SleepCycleTimeAvg=5.005; SleepCycleTimeMax=5.040; SleepCycleTimeMin=5.000; SleepCycleTimeStd=0.003; SleepCycleTimeSum=2802.984; SubmitCycleTimeAvg=0.029; SubmitCycleTimeMax=2.749; SubmitCycleTimeMin=0.000; SubmitCycleTimeStd=0.154; SubmitCycleTimeSum=16.242; EventCycleTimeCount=560.000; SleepCycleTimeCount=560.000; SubmitCycleTimeCount=561.000; LogProcessCycleTimeAvg=0.219; LogProcessCycleTimeMax=20.234; LogProcessCycleTimeMin=0.003; LogProcessCycleTimeStd=1.302; LogProcessCycleTimeSum=61.866; LogProcessCycleTimeCount=282.000; ]
08/17/26 02:03:40 Currently monitoring 1 HTCondor log file(s)
08/17/26 02:03:40 Event: ULOG_JOB_TERMINATED for HTCondor Node C_W15_HI_M1_A07_S0_F0 (6053790.0.0) {08/17/26 02:03:35}
08/17/26 02:03:40 Number of idle job procs: 3
08/17/26 02:03:40 Node C_W15_HI_M1_A07_S0_F0 job proc (6053790.0.0) completed successfully.
08/17/26 02:03:40 Node C_W15_HI_M1_A07_S0_F0 job(s) have exited the queue
08/17/26 02:03:40 Event: ULOG_JOB_TERMINATED for HTCondor Node P_W15_LI_M1_A07_S6 (6053170.0.0) {08/17/26 02:03:39}
08/17/26 02:03:40 Number of idle job procs: 3
08/17/26 02:03:40 Node P_W15_LI_M1_A07_S6 job proc (6053170.0.0) completed successfully.
08/17/26 02:03:40 Node P_W15_LI_M1_A07_S6 job(s) have exited the queue
08/17/26 02:03:40 Event: ULOG_EXECUTE for HTCondor Node C_W15_LH_M1_A07_S2_F0 (6053919.0.0) {08/17/26 02:03:39}
08/17/26 02:03:40 Number of idle job procs: 2
08/17/26 02:03:40 DAG status: 0 (DAG_STATUS_OK)
08/17/26 02:03:40 Of 432 nodes total:
08/17/26 02:03:40  Done     Pre   Queued    Post   Ready   Un-Ready   Failed   Futile
08/17/26 02:03:40   ===     ===      ===     ===     ===        ===      ===      ===
08/17/26 02:03:40   336       0       82       0       1         13        0        0
08/17/26 02:03:40 0 job proc(s) currently held
08/17/26 02:03:40 DAGMan Runtime Statistics: [EventCycleTimeAvg=0.169; EventCycleTimeMax=20.234; EventCycleTimeMin=0.000; EventCycleTimeStd=0.967; EventCycleTimeSum=94.889; SleepCycleTimeAvg=5.005; SleepCycleTimeMax=5.040; SleepCycleTimeMin=5.000; SleepCycleTimeStd=0.003; SleepCycleTimeSum=2818.000; SubmitCycleTimeAvg=0.029; SubmitCycleTimeMax=2.749; SubmitCycleTimeMin=0.000; SubmitCycleTimeStd=0.153; SubmitCycleTimeSum=16.242; EventCycleTimeCount=563.000; SleepCycleTimeCount=563.000; SubmitCycleTimeCount=564.000; LogProcessCycleTimeAvg=0.219; LogProcessCycleTimeMax=20.234; LogProcessCycleTimeMin=0.003; LogProcessCycleTimeStd=1.299; LogProcessCycleTimeSum=61.917; LogProcessCycleTimeCount=283.000; ]
08/17/26 02:03:45 Submitting HTCondor Node C_W15_LI_M1_A07_S6_F0 job(s)...
08/17/26 02:03:45 Submitting node C_W15_LI_M1_A07_S6_F0 from file /afs/cern.ch/user/c/cglenn/FCCWork/whizard/whizard_ttbar_spinpol/phase11_diagnostics/excess_weight_rootcause_v1/ttbar_restricted_region_suite_v1/regions/submissions/20260816T231425Z_U9region_core_W15_S8_np1_v1p0p1/region_child.sub using direct job submission
08/17/26 02:03:45 	assigned HTCondor ID (6053925.0.0)
08/17/26 02:03:45 Just submitted 1 job this cycle...
08/17/26 02:03:45 Currently monitoring 1 HTCondor log file(s)
08/17/26 02:03:45 Event: ULOG_JOB_TERMINATED for HTCondor Node P_W15_HL_M1_A07_S1 (6053285.0.0) {08/17/26 02:03:42}
08/17/26 02:03:45 Number of idle job procs: 2
08/17/26 02:03:45 Node P_W15_HL_M1_A07_S1 job proc (6053285.0.0) completed successfully.
08/17/26 02:03:45 Node P_W15_HL_M1_A07_S1 job(s) have exited the queue
08/17/26 02:03:45 Event: ULOG_EXECUTE for HTCondor Node C_W15_HL_M1_A07_S5_F0 (6053920.0.0) {08/17/26 02:03:44}
08/17/26 02:03:45 Number of idle job procs: 1
08/17/26 02:03:45 Reassigning the id of job C_W15_LI_M1_A07_S6_F0 from (6053925.0.0) to (6053925.0.0)
08/17/26 02:03:45 Event: ULOG_SUBMIT for HTCondor Node C_W15_LI_M1_A07_S6_F0 (6053925.0.0) {08/17/26 02:03:45}
08/17/26 02:03:45 Number of idle job procs: 2
08/17/26 02:03:45 DAG status: 0 (DAG_STATUS_OK)
08/17/26 02:03:45 Of 432 nodes total:
08/17/26 02:03:45  Done     Pre   Queued    Post   Ready   Un-Ready   Failed   Futile
08/17/26 02:03:45   ===     ===      ===     ===     ===        ===      ===      ===
08/17/26 02:03:45   337       0       82       0       1         12        0        0
08/17/26 02:03:45 0 job proc(s) currently held
08/17/26 02:03:45 DAGMan Runtime Statistics: [EventCycleTimeAvg=0.168; EventCycleTimeMax=20.234; EventCycleTimeMin=0.000; EventCycleTimeStd=0.966; EventCycleTimeSum=94.979; SleepCycleTimeAvg=5.005; SleepCycleTimeMax=5.040; SleepCycleTimeMin=5.000; SleepCycleTimeStd=0.003; SleepCycleTimeSum=2823.012; SubmitCycleTimeAvg=0.029; SubmitCycleTimeMax=2.749; SubmitCycleTimeMin=0.000; SubmitCycleTimeStd=0.153; SubmitCycleTimeSum=16.282; EventCycleTimeCount=564.000; SleepCycleTimeCount=564.000; SubmitCycleTimeCount=565.000; LogProcessCycleTimeAvg=0.218; LogProcessCycleTimeMax=20.234; LogProcessCycleTimeMin=0.003; LogProcessCycleTimeStd=1.297; LogProcessCycleTimeSum=61.972; LogProcessCycleTimeCount=284.000; ]
08/17/26 02:03:50 Submitting HTCondor Node C_W15_HL_M1_A07_S1_F0 job(s)...
08/17/26 02:03:50 Submitting node C_W15_HL_M1_A07_S1_F0 from file /afs/cern.ch/user/c/cglenn/FCCWork/whizard/whizard_ttbar_spinpol/phase11_diagnostics/excess_weight_rootcause_v1/ttbar_restricted_region_suite_v1/regions/submissions/20260816T231425Z_U9region_core_W15_S8_np1_v1p0p1/region_child.sub using direct job submission
08/17/26 02:03:50 	assigned HTCondor ID (6053926.0.0)
08/17/26 02:03:50 Just submitted 1 job this cycle...
08/17/26 02:03:50 Currently monitoring 1 HTCondor log file(s)
08/17/26 02:03:50 Event: ULOG_JOB_TERMINATED for HTCondor Node C_W15_LI_M2_A10_S3_F2 (6053403.0.0) {08/17/26 02:03:47}
08/17/26 02:03:50 Number of idle job procs: 2
08/17/26 02:03:50 Node C_W15_LI_M2_A10_S3_F2 job proc (6053403.0.0) completed successfully.
08/17/26 02:03:50 Node C_W15_LI_M2_A10_S3_F2 job(s) have exited the queue
08/17/26 02:03:50 Reassigning the id of job C_W15_HL_M1_A07_S1_F0 from (6053926.0.0) to (6053926.0.0)
08/17/26 02:03:50 Event: ULOG_SUBMIT for HTCondor Node C_W15_HL_M1_A07_S1_F0 (6053926.0.0) {08/17/26 02:03:50}
08/17/26 02:03:50 Number of idle job procs: 3
08/17/26 02:03:50 DAG status: 0 (DAG_STATUS_OK)
08/17/26 02:03:50 Of 432 nodes total:
08/17/26 02:03:50  Done     Pre   Queued    Post   Ready   Un-Ready   Failed   Futile
08/17/26 02:03:50   ===     ===      ===     ===     ===        ===      ===      ===
08/17/26 02:03:50   338       0       82       0       0         12        0        0
08/17/26 02:03:50 0 job proc(s) currently held
08/17/26 02:03:50 DAGMan Runtime Statistics: [EventCycleTimeAvg=0.168; EventCycleTimeMax=20.234; EventCycleTimeMin=0.000; EventCycleTimeStd=0.965; EventCycleTimeSum=95.113; SleepCycleTimeAvg=5.005; SleepCycleTimeMax=5.040; SleepCycleTimeMin=5.000; SleepCycleTimeStd=0.003; SleepCycleTimeSum=2828.017; SubmitCycleTimeAvg=0.029; SubmitCycleTimeMax=2.749; SubmitCycleTimeMin=0.000; SubmitCycleTimeStd=0.153; SubmitCycleTimeSum=16.340; EventCycleTimeCount=565.000; SleepCycleTimeCount=565.000; SubmitCycleTimeCount=566.000; LogProcessCycleTimeAvg=0.218; LogProcessCycleTimeMax=20.234; LogProcessCycleTimeMin=0.003; LogProcessCycleTimeStd=1.295; LogProcessCycleTimeSum=62.014; LogProcessCycleTimeCount=285.000; ]
08/17/26 02:03:55 Currently monitoring 1 HTCondor log file(s)
08/17/26 02:04:05 Currently monitoring 1 HTCondor log file(s)
08/17/26 02:04:05 Event: ULOG_JOB_TERMINATED for HTCondor Node C_W15_LI_M1_A07_S5_F0 (6053829.0.0) {08/17/26 02:04:03}
08/17/26 02:04:05 Number of idle job procs: 3
08/17/26 02:04:05 Node C_W15_LI_M1_A07_S5_F0 job proc (6053829.0.0) completed successfully.
08/17/26 02:04:05 Node C_W15_LI_M1_A07_S5_F0 job(s) have exited the queue
08/17/26 02:04:05 DAG status: 0 (DAG_STATUS_OK)
08/17/26 02:04:05 Of 432 nodes total:
08/17/26 02:04:05  Done     Pre   Queued    Post   Ready   Un-Ready   Failed   Futile
08/17/26 02:04:05   ===     ===      ===     ===     ===        ===      ===      ===
08/17/26 02:04:05   339       0       81       0       0         12        0        0
08/17/26 02:04:05 0 job proc(s) currently held
08/17/26 02:04:05 DAGMan Runtime Statistics: [EventCycleTimeAvg=0.168; EventCycleTimeMax=20.234; EventCycleTimeMin=0.000; EventCycleTimeStd=0.962; EventCycleTimeSum=95.261; SleepCycleTimeAvg=5.005; SleepCycleTimeMax=5.040; SleepCycleTimeMin=5.000; SleepCycleTimeStd=0.003; SleepCycleTimeSum=2843.032; SubmitCycleTimeAvg=0.029; SubmitCycleTimeMax=2.749; SubmitCycleTimeMin=0.000; SubmitCycleTimeStd=0.153; SubmitCycleTimeSum=16.340; EventCycleTimeCount=568.000; SleepCycleTimeCount=568.000; SubmitCycleTimeCount=569.000; LogProcessCycleTimeAvg=0.216; LogProcessCycleTimeMax=20.234; LogProcessCycleTimeMin=0.003; LogProcessCycleTimeStd=1.291; LogProcessCycleTimeSum=62.049; LogProcessCycleTimeCount=287.000; ]
08/17/26 02:04:10 Currently monitoring 1 HTCondor log file(s)
08/17/26 02:04:10 Event: ULOG_JOB_TERMINATED for HTCondor Node P_W15_HL_M1_A07_S0 (6053284.0.0) {08/17/26 02:04:09}
08/17/26 02:04:10 Number of idle job procs: 3
08/17/26 02:04:10 Node P_W15_HL_M1_A07_S0 job proc (6053284.0.0) completed successfully.
08/17/26 02:04:10 Node P_W15_HL_M1_A07_S0 job(s) have exited the queue
08/17/26 02:04:10 Event: ULOG_JOB_TERMINATED for HTCondor Node C_W15_II_M0_A00_S3_F0 (6053696.0.0) {08/17/26 02:04:10}
08/17/26 02:04:10 Number of idle job procs: 3
08/17/26 02:04:10 Node C_W15_II_M0_A00_S3_F0 job proc (6053696.0.0) completed successfully.
08/17/26 02:04:10 Node C_W15_II_M0_A00_S3_F0 job(s) have exited the queue
08/17/26 02:04:10 DAG status: 0 (DAG_STATUS_OK)
08/17/26 02:04:10 Of 432 nodes total:
08/17/26 02:04:10  Done     Pre   Queued    Post   Ready   Un-Ready   Failed   Futile
08/17/26 02:04:10   ===     ===      ===     ===     ===        ===      ===      ===
08/17/26 02:04:10   341       0       79       0       1         11        0        0
08/17/26 02:04:10 0 job proc(s) currently held
08/17/26 02:04:10 DAGMan Runtime Statistics: [EventCycleTimeAvg=0.168; EventCycleTimeMax=20.234; EventCycleTimeMin=0.000; EventCycleTimeStd=0.962; EventCycleTimeSum=95.325; SleepCycleTimeAvg=5.005; SleepCycleTimeMax=5.040; SleepCycleTimeMin=5.000; SleepCycleTimeStd=0.003; SleepCycleTimeSum=2848.037; SubmitCycleTimeAvg=0.029; SubmitCycleTimeMax=2.749; SubmitCycleTimeMin=0.000; SubmitCycleTimeStd=0.153; SubmitCycleTimeSum=16.340; EventCycleTimeCount=569.000; SleepCycleTimeCount=569.000; SubmitCycleTimeCount=570.000; LogProcessCycleTimeAvg=0.216; LogProcessCycleTimeMax=20.234; LogProcessCycleTimeMin=0.003; LogProcessCycleTimeStd=1.288; LogProcessCycleTimeSum=62.068; LogProcessCycleTimeCount=288.000; ]
08/17/26 02:04:15 Submitting HTCondor Node C_W15_HL_M1_A07_S0_F0 job(s)...
08/17/26 02:04:15 Submitting node C_W15_HL_M1_A07_S0_F0 from file /afs/cern.ch/user/c/cglenn/FCCWork/whizard/whizard_ttbar_spinpol/phase11_diagnostics/excess_weight_rootcause_v1/ttbar_restricted_region_suite_v1/regions/submissions/20260816T231425Z_U9region_core_W15_S8_np1_v1p0p1/region_child.sub using direct job submission
08/17/26 02:04:15 	assigned HTCondor ID (6053927.0.0)
08/17/26 02:04:15 Just submitted 1 job this cycle...
08/17/26 02:04:15 Currently monitoring 1 HTCondor log file(s)
08/17/26 02:04:15 Event: ULOG_JOB_TERMINATED for HTCondor Node P_W15_IL_M1_A07_S2 (6053214.0.0) {08/17/26 02:04:14}
08/17/26 02:04:15 Number of idle job procs: 3
08/17/26 02:04:15 Node P_W15_IL_M1_A07_S2 job proc (6053214.0.0) completed successfully.
08/17/26 02:04:15 Node P_W15_IL_M1_A07_S2 job(s) have exited the queue
08/17/26 02:04:15 Reassigning the id of job C_W15_HL_M1_A07_S0_F0 from (6053927.0.0) to (6053927.0.0)
08/17/26 02:04:15 Event: ULOG_SUBMIT for HTCondor Node C_W15_HL_M1_A07_S0_F0 (6053927.0.0) {08/17/26 02:04:15}
08/17/26 02:04:15 Number of idle job procs: 4
08/17/26 02:04:15 DAG status: 0 (DAG_STATUS_OK)
08/17/26 02:04:15 Of 432 nodes total:
08/17/26 02:04:15  Done     Pre   Queued    Post   Ready   Un-Ready   Failed   Futile
08/17/26 02:04:15   ===     ===      ===     ===     ===        ===      ===      ===
08/17/26 02:04:15   342       0       79       0       1         10        0        0
08/17/26 02:04:15 0 job proc(s) currently held
08/17/26 02:04:15 DAGMan Runtime Statistics: [EventCycleTimeAvg=0.167; EventCycleTimeMax=20.234; EventCycleTimeMin=0.000; EventCycleTimeStd=0.961; EventCycleTimeSum=95.357; SleepCycleTimeAvg=5.005; SleepCycleTimeMax=5.040; SleepCycleTimeMin=5.000; SleepCycleTimeStd=0.003; SleepCycleTimeSum=2853.043; SubmitCycleTimeAvg=0.029; SubmitCycleTimeMax=2.749; SubmitCycleTimeMin=0.000; SubmitCycleTimeStd=0.153; SubmitCycleTimeSum=16.359; EventCycleTimeCount=570.000; SleepCycleTimeCount=570.000; SubmitCycleTimeCount=571.000; LogProcessCycleTimeAvg=0.215; LogProcessCycleTimeMax=20.234; LogProcessCycleTimeMin=0.003; LogProcessCycleTimeStd=1.286; LogProcessCycleTimeSum=62.084; LogProcessCycleTimeCount=289.000; ]
08/17/26 02:04:20 Submitting HTCondor Node C_W15_IL_M1_A07_S2_F0 job(s)...
08/17/26 02:04:20 Submitting node C_W15_IL_M1_A07_S2_F0 from file /afs/cern.ch/user/c/cglenn/FCCWork/whizard/whizard_ttbar_spinpol/phase11_diagnostics/excess_weight_rootcause_v1/ttbar_restricted_region_suite_v1/regions/submissions/20260816T231425Z_U9region_core_W15_S8_np1_v1p0p1/region_child.sub using direct job submission
08/17/26 02:04:20 	assigned HTCondor ID (6053928.0.0)
08/17/26 02:04:20 Just submitted 1 job this cycle...
08/17/26 02:04:20 Currently monitoring 1 HTCondor log file(s)
08/17/26 02:04:20 Reassigning the id of job C_W15_IL_M1_A07_S2_F0 from (6053928.0.0) to (6053928.0.0)
08/17/26 02:04:20 Event: ULOG_SUBMIT for HTCondor Node C_W15_IL_M1_A07_S2_F0 (6053928.0.0) {08/17/26 02:04:20}
08/17/26 02:04:20 Number of idle job procs: 5
08/17/26 02:04:20 DAG status: 0 (DAG_STATUS_OK)
08/17/26 02:04:20 Of 432 nodes total:
08/17/26 02:04:20  Done     Pre   Queued    Post   Ready   Un-Ready   Failed   Futile
08/17/26 02:04:20   ===     ===      ===     ===     ===        ===      ===      ===
08/17/26 02:04:20   342       0       80       0       0         10        0        0
08/17/26 02:04:20 0 job proc(s) currently held
08/17/26 02:04:20 DAGMan Runtime Statistics: [EventCycleTimeAvg=0.167; EventCycleTimeMax=20.234; EventCycleTimeMin=0.000; EventCycleTimeStd=0.960; EventCycleTimeSum=95.408; SleepCycleTimeAvg=5.005; SleepCycleTimeMax=5.040; SleepCycleTimeMin=5.000; SleepCycleTimeStd=0.003; SleepCycleTimeSum=2858.048; SubmitCycleTimeAvg=0.029; SubmitCycleTimeMax=2.749; SubmitCycleTimeMin=0.000; SubmitCycleTimeStd=0.152; SubmitCycleTimeSum=16.383; EventCycleTimeCount=571.000; SleepCycleTimeCount=571.000; SubmitCycleTimeCount=572.000; LogProcessCycleTimeAvg=0.214; LogProcessCycleTimeMax=20.234; LogProcessCycleTimeMin=0.003; LogProcessCycleTimeStd=1.284; LogProcessCycleTimeSum=62.092; LogProcessCycleTimeCount=290.000; ]
08/17/26 02:04:25 Currently monitoring 1 HTCondor log file(s)
08/17/26 02:04:40 Currently monitoring 1 HTCondor log file(s)
08/17/26 02:04:40 Event: ULOG_JOB_TERMINATED for HTCondor Node P_W15_LH_M1_A07_S4 (6053192.0.0) {08/17/26 02:04:40}
08/17/26 02:04:40 Number of idle job procs: 5
08/17/26 02:04:40 Node P_W15_LH_M1_A07_S4 job proc (6053192.0.0) completed successfully.
08/17/26 02:04:40 Node P_W15_LH_M1_A07_S4 job(s) have exited the queue
08/17/26 02:04:40 DAG status: 0 (DAG_STATUS_OK)
08/17/26 02:04:40 Of 432 nodes total:
08/17/26 02:04:40  Done     Pre   Queued    Post   Ready   Un-Ready   Failed   Futile
08/17/26 02:04:40   ===     ===      ===     ===     ===        ===      ===      ===
08/17/26 02:04:40   343       0       79       0       1          9        0        0
08/17/26 02:04:40 0 job proc(s) currently held
08/17/26 02:04:40 DAGMan Runtime Statistics: [EventCycleTimeAvg=0.166; EventCycleTimeMax=20.234; EventCycleTimeMin=0.000; EventCycleTimeStd=0.957; EventCycleTimeSum=95.459; SleepCycleTimeAvg=5.005; SleepCycleTimeMax=5.040; SleepCycleTimeMin=5.000; SleepCycleTimeStd=0.003; SleepCycleTimeSum=2878.069; SubmitCycleTimeAvg=0.028; SubmitCycleTimeMax=2.749; SubmitCycleTimeMin=0.000; SubmitCycleTimeStd=0.152; SubmitCycleTimeSum=16.383; EventCycleTimeCount=575.000; SleepCycleTimeCount=575.000; SubmitCycleTimeCount=576.000; LogProcessCycleTimeAvg=0.213; LogProcessCycleTimeMax=20.234; LogProcessCycleTimeMin=0.002; LogProcessCycleTimeStd=1.280; LogProcessCycleTimeSum=62.105; LogProcessCycleTimeCount=292.000; ]
08/17/26 02:04:45 Submitting HTCondor Node C_W15_LH_M1_A07_S4_F0 job(s)...
08/17/26 02:04:45 Submitting node C_W15_LH_M1_A07_S4_F0 from file /afs/cern.ch/user/c/cglenn/FCCWork/whizard/whizard_ttbar_spinpol/phase11_diagnostics/excess_weight_rootcause_v1/ttbar_restricted_region_suite_v1/regions/submissions/20260816T231425Z_U9region_core_W15_S8_np1_v1p0p1/region_child.sub using direct job submission
08/17/26 02:04:45 	assigned HTCondor ID (6053929.0.0)
08/17/26 02:04:45 Just submitted 1 job this cycle...
08/17/26 02:04:45 DAG status: 0 (DAG_STATUS_OK)
08/17/26 02:04:45 Of 432 nodes total:
08/17/26 02:04:45  Done     Pre   Queued    Post   Ready   Un-Ready   Failed   Futile
08/17/26 02:04:45   ===     ===      ===     ===     ===        ===      ===      ===
08/17/26 02:04:45   343       0       80       0       0          9        0        0
08/17/26 02:04:45 0 job proc(s) currently held
08/17/26 02:04:45 DAGMan Runtime Statistics: [EventCycleTimeAvg=0.166; EventCycleTimeMax=20.234; EventCycleTimeMin=0.000; EventCycleTimeStd=0.956; EventCycleTimeSum=95.484; SleepCycleTimeAvg=5.005; SleepCycleTimeMax=5.040; SleepCycleTimeMin=5.000; SleepCycleTimeStd=0.003; SleepCycleTimeSum=2883.074; SubmitCycleTimeAvg=0.028; SubmitCycleTimeMax=2.749; SubmitCycleTimeMin=0.000; SubmitCycleTimeStd=0.152; SubmitCycleTimeSum=16.407; EventCycleTimeCount=576.000; SleepCycleTimeCount=576.000; SubmitCycleTimeCount=577.000; LogProcessCycleTimeAvg=0.213; LogProcessCycleTimeMax=20.234; LogProcessCycleTimeMin=0.002; LogProcessCycleTimeStd=1.280; LogProcessCycleTimeSum=62.105; LogProcessCycleTimeCount=292.000; ]
08/17/26 02:04:50 Currently monitoring 1 HTCondor log file(s)
08/17/26 02:04:50 Reassigning the id of job C_W15_LH_M1_A07_S4_F0 from (6053929.0.0) to (6053929.0.0)
08/17/26 02:04:50 Event: ULOG_SUBMIT for HTCondor Node C_W15_LH_M1_A07_S4_F0 (6053929.0.0) {08/17/26 02:04:45}
08/17/26 02:04:50 Number of idle job procs: 6
08/17/26 02:05:00 Currently monitoring 1 HTCondor log file(s)
08/17/26 02:05:00 Event: ULOG_JOB_TERMINATED for HTCondor Node C_W15_LL_M1_A07_S3_F0 (6053826.0.0) {08/17/26 02:04:59}
08/17/26 02:05:00 Number of idle job procs: 6
08/17/26 02:05:00 Node C_W15_LL_M1_A07_S3_F0 job proc (6053826.0.0) completed successfully.
08/17/26 02:05:00 Node C_W15_LL_M1_A07_S3_F0 job(s) have exited the queue
08/17/26 02:05:00 DAG status: 0 (DAG_STATUS_OK)
08/17/26 02:05:00 Of 432 nodes total:
08/17/26 02:05:00  Done     Pre   Queued    Post   Ready   Un-Ready   Failed   Futile
08/17/26 02:05:00   ===     ===      ===     ===     ===        ===      ===      ===
08/17/26 02:05:00   344       0       79       0       0          9        0        0
08/17/26 02:05:00 0 job proc(s) currently held
08/17/26 02:05:00 DAGMan Runtime Statistics: [EventCycleTimeAvg=0.165; EventCycleTimeMax=20.234; EventCycleTimeMin=0.000; EventCycleTimeStd=0.953; EventCycleTimeSum=95.535; SleepCycleTimeAvg=5.005; SleepCycleTimeMax=5.040; SleepCycleTimeMin=5.000; SleepCycleTimeStd=0.003; SleepCycleTimeSum=2898.088; SubmitCycleTimeAvg=0.028; SubmitCycleTimeMax=2.749; SubmitCycleTimeMin=0.000; SubmitCycleTimeStd=0.151; SubmitCycleTimeSum=16.407; EventCycleTimeCount=579.000; SleepCycleTimeCount=579.000; SubmitCycleTimeCount=580.000; LogProcessCycleTimeAvg=0.211; LogProcessCycleTimeMax=20.234; LogProcessCycleTimeMin=0.002; LogProcessCycleTimeStd=1.275; LogProcessCycleTimeSum=62.125; LogProcessCycleTimeCount=294.000; ]
08/17/26 02:05:10 Currently monitoring 1 HTCondor log file(s)
08/17/26 02:05:10 Event: ULOG_JOB_TERMINATED for HTCondor Node C_W15_LL_M2_A10_S4_F2 (6053424.0.0) {08/17/26 02:05:06}
08/17/26 02:05:10 Number of idle job procs: 6
08/17/26 02:05:10 Node C_W15_LL_M2_A10_S4_F2 job proc (6053424.0.0) completed successfully.
08/17/26 02:05:10 Node C_W15_LL_M2_A10_S4_F2 job(s) have exited the queue
08/17/26 02:05:10 Event: ULOG_JOB_TERMINATED for HTCondor Node C_W15_LL_M1_A07_S7_F0 (6053824.0.0) {08/17/26 02:05:08}
08/17/26 02:05:10 Number of idle job procs: 6
08/17/26 02:05:10 Node C_W15_LL_M1_A07_S7_F0 job proc (6053824.0.0) completed successfully.
08/17/26 02:05:10 Node C_W15_LL_M1_A07_S7_F0 job(s) have exited the queue
08/17/26 02:05:10 Event: ULOG_EXECUTE for HTCondor Node C_W15_IL_M1_A07_S0_F0 (6053924.0.0) {08/17/26 02:05:09}
08/17/26 02:05:10 Number of idle job procs: 5
08/17/26 02:05:10 DAG status: 0 (DAG_STATUS_OK)
08/17/26 02:05:10 Of 432 nodes total:
08/17/26 02:05:10  Done     Pre   Queued    Post   Ready   Un-Ready   Failed   Futile
08/17/26 02:05:10   ===     ===      ===     ===     ===        ===      ===      ===
08/17/26 02:05:10   346       0       77       0       0          9        0        0
08/17/26 02:05:10 0 job proc(s) currently held
08/17/26 02:05:10 DAGMan Runtime Statistics: [EventCycleTimeAvg=0.164; EventCycleTimeMax=20.234; EventCycleTimeMin=0.000; EventCycleTimeStd=0.952; EventCycleTimeSum=95.561; SleepCycleTimeAvg=5.005; SleepCycleTimeMax=5.040; SleepCycleTimeMin=5.000; SleepCycleTimeStd=0.003; SleepCycleTimeSum=2908.098; SubmitCycleTimeAvg=0.028; SubmitCycleTimeMax=2.749; SubmitCycleTimeMin=0.000; SubmitCycleTimeStd=0.151; SubmitCycleTimeSum=16.407; EventCycleTimeCount=581.000; SleepCycleTimeCount=581.000; SubmitCycleTimeCount=582.000; LogProcessCycleTimeAvg=0.211; LogProcessCycleTimeMax=20.234; LogProcessCycleTimeMin=0.002; LogProcessCycleTimeStd=1.273; LogProcessCycleTimeSum=62.151; LogProcessCycleTimeCount=295.000; ]
08/17/26 02:05:25 Currently monitoring 1 HTCondor log file(s)
08/17/26 02:05:25 Event: ULOG_JOB_TERMINATED for HTCondor Node C_W15_HL_M2_A10_S2_F2 (6053419.0.0) {08/17/26 02:05:21}
08/17/26 02:05:25 Number of idle job procs: 5
08/17/26 02:05:25 Node C_W15_HL_M2_A10_S2_F2 job proc (6053419.0.0) completed successfully.
08/17/26 02:05:25 Node C_W15_HL_M2_A10_S2_F2 job(s) have exited the queue
08/17/26 02:05:25 DAG status: 0 (DAG_STATUS_OK)
08/17/26 02:05:25 Of 432 nodes total:
08/17/26 02:05:25  Done     Pre   Queued    Post   Ready   Un-Ready   Failed   Futile
08/17/26 02:05:25   ===     ===      ===     ===     ===        ===      ===      ===
08/17/26 02:05:25   347       0       76       0       0          9        0        0
08/17/26 02:05:25 0 job proc(s) currently held
08/17/26 02:05:25 DAGMan Runtime Statistics: [EventCycleTimeAvg=0.164; EventCycleTimeMax=20.234; EventCycleTimeMin=0.000; EventCycleTimeStd=0.949; EventCycleTimeSum=95.603; SleepCycleTimeAvg=5.005; SleepCycleTimeMax=5.040; SleepCycleTimeMin=5.000; SleepCycleTimeStd=0.003; SleepCycleTimeSum=2923.114; SubmitCycleTimeAvg=0.028; SubmitCycleTimeMax=2.749; SubmitCycleTimeMin=0.000; SubmitCycleTimeStd=0.151; SubmitCycleTimeSum=16.407; EventCycleTimeCount=584.000; SleepCycleTimeCount=584.000; SubmitCycleTimeCount=585.000; LogProcessCycleTimeAvg=0.210; LogProcessCycleTimeMax=20.234; LogProcessCycleTimeMin=0.002; LogProcessCycleTimeStd=1.271; LogProcessCycleTimeSum=62.163; LogProcessCycleTimeCount=296.000; ]
08/17/26 02:05:35 Currently monitoring 1 HTCondor log file(s)
08/17/26 02:05:35 Event: ULOG_EXECUTE for HTCondor Node C_W15_IL_M1_A07_S2_F0 (6053928.0.0) {08/17/26 02:05:32}
08/17/26 02:05:35 Number of idle job procs: 4
08/17/26 02:05:35 Event: ULOG_EXECUTE for HTCondor Node C_W15_HL_M1_A07_S1_F0 (6053926.0.0) {08/17/26 02:05:32}
08/17/26 02:05:35 Number of idle job procs: 3
08/17/26 02:05:35 Event: ULOG_EXECUTE for HTCondor Node C_W15_HL_M1_A07_S0_F0 (6053927.0.0) {08/17/26 02:05:32}
08/17/26 02:05:35 Number of idle job procs: 2
08/17/26 02:05:35 Event: ULOG_EXECUTE for HTCondor Node C_W15_LI_M1_A07_S6_F0 (6053925.0.0) {08/17/26 02:05:32}
08/17/26 02:05:35 Number of idle job procs: 1
08/17/26 02:05:35 Event: ULOG_EXECUTE for HTCondor Node C_W15_LH_M1_A07_S4_F0 (6053929.0.0) {08/17/26 02:05:33}
08/17/26 02:05:35 Number of idle job procs: 0
08/17/26 02:05:35 Event: ULOG_JOB_TERMINATED for HTCondor Node C_W15_HL_M0_A00_S6_F0 (6053656.0.0) {08/17/26 02:05:34}
08/17/26 02:05:35 Number of idle job procs: 0
08/17/26 02:05:36 Node C_W15_HL_M0_A00_S6_F0 job proc (6053656.0.0) completed successfully.
08/17/26 02:05:36 Node C_W15_HL_M0_A00_S6_F0 job(s) have exited the queue
08/17/26 02:05:36 DAG status: 0 (DAG_STATUS_OK)
08/17/26 02:05:36 Of 432 nodes total:
08/17/26 02:05:36  Done     Pre   Queued    Post   Ready   Un-Ready   Failed   Futile
08/17/26 02:05:36   ===     ===      ===     ===     ===        ===      ===      ===
08/17/26 02:05:36   348       0       75       0       0          9        0        0
08/17/26 02:05:36 0 job proc(s) currently held
08/17/26 02:05:36 DAGMan Runtime Statistics: [EventCycleTimeAvg=0.163; EventCycleTimeMax=20.234; EventCycleTimeMin=0.000; EventCycleTimeStd=0.948; EventCycleTimeSum=95.631; SleepCycleTimeAvg=5.005; SleepCycleTimeMax=5.040; SleepCycleTimeMin=5.000; SleepCycleTimeStd=0.003; SleepCycleTimeSum=2933.125; SubmitCycleTimeAvg=0.028; SubmitCycleTimeMax=2.749; SubmitCycleTimeMin=0.000; SubmitCycleTimeStd=0.150; SubmitCycleTimeSum=16.407; EventCycleTimeCount=586.000; SleepCycleTimeCount=586.000; SubmitCycleTimeCount=587.000; LogProcessCycleTimeAvg=0.210; LogProcessCycleTimeMax=20.234; LogProcessCycleTimeMin=0.002; LogProcessCycleTimeStd=1.269; LogProcessCycleTimeSum=62.222; LogProcessCycleTimeCount=297.000; ]
08/17/26 02:06:06 Currently monitoring 1 HTCondor log file(s)
08/17/26 02:06:06 Event: ULOG_JOB_TERMINATED for HTCondor Node C_W15_LI_M1_A07_S0_F0 (6053857.0.0) {08/17/26 02:06:01}
08/17/26 02:06:06 Number of idle job procs: 0
08/17/26 02:06:06 Node C_W15_LI_M1_A07_S0_F0 job proc (6053857.0.0) completed successfully.
08/17/26 02:06:06 Node C_W15_LI_M1_A07_S0_F0 job(s) have exited the queue
08/17/26 02:06:06 DAG status: 0 (DAG_STATUS_OK)
08/17/26 02:06:06 Of 432 nodes total:
08/17/26 02:06:06  Done     Pre   Queued    Post   Ready   Un-Ready   Failed   Futile
08/17/26 02:06:06   ===     ===      ===     ===     ===        ===      ===      ===
08/17/26 02:06:06   349       0       74       0       0          9        0        0
08/17/26 02:06:06 0 job proc(s) currently held
08/17/26 02:06:06 DAGMan Runtime Statistics: [EventCycleTimeAvg=0.162; EventCycleTimeMax=20.234; EventCycleTimeMin=0.000; EventCycleTimeStd=0.943; EventCycleTimeSum=95.724; SleepCycleTimeAvg=5.005; SleepCycleTimeMax=5.040; SleepCycleTimeMin=5.000; SleepCycleTimeStd=0.002; SleepCycleTimeSum=2963.153; SubmitCycleTimeAvg=0.028; SubmitCycleTimeMax=2.749; SubmitCycleTimeMin=0.000; SubmitCycleTimeStd=0.150; SubmitCycleTimeSum=16.407; EventCycleTimeCount=592.000; SleepCycleTimeCount=592.000; SubmitCycleTimeCount=593.000; LogProcessCycleTimeAvg=0.209; LogProcessCycleTimeMax=20.234; LogProcessCycleTimeMin=0.002; LogProcessCycleTimeStd=1.267; LogProcessCycleTimeSum=62.266; LogProcessCycleTimeCount=298.000; ]
08/17/26 02:06:16 Currently monitoring 1 HTCondor log file(s)
08/17/26 02:06:16 Event: ULOG_JOB_TERMINATED for HTCondor Node C_W15_HI_M1_A07_S4_F0 (6053840.0.0) {08/17/26 02:06:11}
08/17/26 02:06:16 Number of idle job procs: 0
08/17/26 02:06:16 Node C_W15_HI_M1_A07_S4_F0 job proc (6053840.0.0) completed successfully.
08/17/26 02:06:16 Node C_W15_HI_M1_A07_S4_F0 job(s) have exited the queue
08/17/26 02:06:16 DAG status: 0 (DAG_STATUS_OK)
08/17/26 02:06:16 Of 432 nodes total:
08/17/26 02:06:16  Done     Pre   Queued    Post   Ready   Un-Ready   Failed   Futile
08/17/26 02:06:16   ===     ===      ===     ===     ===        ===      ===      ===
08/17/26 02:06:16   350       0       73       0       0          9        0        0
08/17/26 02:06:16 0 job proc(s) currently held
08/17/26 02:06:16 DAGMan Runtime Statistics: [EventCycleTimeAvg=0.161; EventCycleTimeMax=20.234; EventCycleTimeMin=0.000; EventCycleTimeStd=0.942; EventCycleTimeSum=95.825; SleepCycleTimeAvg=5.005; SleepCycleTimeMax=5.040; SleepCycleTimeMin=5.000; SleepCycleTimeStd=0.003; SleepCycleTimeSum=2973.173; SubmitCycleTimeAvg=0.028; SubmitCycleTimeMax=2.749; SubmitCycleTimeMin=0.000; SubmitCycleTimeStd=0.150; SubmitCycleTimeSum=16.407; EventCycleTimeCount=594.000; SleepCycleTimeCount=594.000; SubmitCycleTimeCount=595.000; LogProcessCycleTimeAvg=0.208; LogProcessCycleTimeMax=20.234; LogProcessCycleTimeMin=0.002; LogProcessCycleTimeStd=1.265; LogProcessCycleTimeSum=62.280; LogProcessCycleTimeCount=299.000; ]
08/17/26 02:06:31 Currently monitoring 1 HTCondor log file(s)
08/17/26 02:06:31 Event: ULOG_JOB_TERMINATED for HTCondor Node P_W15_LH_M1_A07_S1 (6053189.0.0) {08/17/26 02:06:26}
08/17/26 02:06:31 Number of idle job procs: 0
08/17/26 02:06:31 Node P_W15_LH_M1_A07_S1 job proc (6053189.0.0) completed successfully.
08/17/26 02:06:31 Node P_W15_LH_M1_A07_S1 job(s) have exited the queue
08/17/26 02:06:31 DAG status: 0 (DAG_STATUS_OK)
08/17/26 02:06:31 Of 432 nodes total:
08/17/26 02:06:31  Done     Pre   Queued    Post   Ready   Un-Ready   Failed   Futile
08/17/26 02:06:31   ===     ===      ===     ===     ===        ===      ===      ===
08/17/26 02:06:31   351       0       72       0       1          8        0        0
08/17/26 02:06:31 0 job proc(s) currently held
08/17/26 02:06:31 DAGMan Runtime Statistics: [EventCycleTimeAvg=0.161; EventCycleTimeMax=20.234; EventCycleTimeMin=0.000; EventCycleTimeStd=0.939; EventCycleTimeSum=95.858; SleepCycleTimeAvg=5.005; SleepCycleTimeMax=5.040; SleepCycleTimeMin=5.000; SleepCycleTimeStd=0.003; SleepCycleTimeSum=2988.189; SubmitCycleTimeAvg=0.027; SubmitCycleTimeMax=2.749; SubmitCycleTimeMin=0.000; SubmitCycleTimeStd=0.149; SubmitCycleTimeSum=16.407; EventCycleTimeCount=597.000; SleepCycleTimeCount=597.000; SubmitCycleTimeCount=598.000; LogProcessCycleTimeAvg=0.208; LogProcessCycleTimeMax=20.234; LogProcessCycleTimeMin=0.002; LogProcessCycleTimeStd=1.263; LogProcessCycleTimeSum=62.295; LogProcessCycleTimeCount=300.000; ]
08/17/26 02:06:36 Submitting HTCondor Node C_W15_LH_M1_A07_S1_F0 job(s)...
08/17/26 02:06:36 Submitting node C_W15_LH_M1_A07_S1_F0 from file /afs/cern.ch/user/c/cglenn/FCCWork/whizard/whizard_ttbar_spinpol/phase11_diagnostics/excess_weight_rootcause_v1/ttbar_restricted_region_suite_v1/regions/submissions/20260816T231425Z_U9region_core_W15_S8_np1_v1p0p1/region_child.sub using direct job submission
08/17/26 02:06:36 	assigned HTCondor ID (6053934.0.0)
08/17/26 02:06:36 Just submitted 1 job this cycle...
08/17/26 02:06:36 DAG status: 0 (DAG_STATUS_OK)
08/17/26 02:06:36 Of 432 nodes total:
08/17/26 02:06:36  Done     Pre   Queued    Post   Ready   Un-Ready   Failed   Futile
08/17/26 02:06:36   ===     ===      ===     ===     ===        ===      ===      ===
08/17/26 02:06:36   351       0       73       0       0          8        0        0
08/17/26 02:06:36 0 job proc(s) currently held
08/17/26 02:06:36 DAGMan Runtime Statistics: [EventCycleTimeAvg=0.160; EventCycleTimeMax=20.234; EventCycleTimeMin=0.000; EventCycleTimeStd=0.939; EventCycleTimeSum=95.891; SleepCycleTimeAvg=5.005; SleepCycleTimeMax=5.040; SleepCycleTimeMin=5.000; SleepCycleTimeStd=0.003; SleepCycleTimeSum=2993.194; SubmitCycleTimeAvg=0.027; SubmitCycleTimeMax=2.749; SubmitCycleTimeMin=0.000; SubmitCycleTimeStd=0.149; SubmitCycleTimeSum=16.433; EventCycleTimeCount=598.000; SleepCycleTimeCount=598.000; SubmitCycleTimeCount=599.000; LogProcessCycleTimeAvg=0.208; LogProcessCycleTimeMax=20.234; LogProcessCycleTimeMin=0.002; LogProcessCycleTimeStd=1.263; LogProcessCycleTimeSum=62.295; LogProcessCycleTimeCount=300.000; ]
08/17/26 02:06:41 Currently monitoring 1 HTCondor log file(s)
08/17/26 02:06:41 Reassigning the id of job C_W15_LH_M1_A07_S1_F0 from (6053934.0.0) to (6053934.0.0)
08/17/26 02:06:41 Event: ULOG_SUBMIT for HTCondor Node C_W15_LH_M1_A07_S1_F0 (6053934.0.0) {08/17/26 02:06:36}
08/17/26 02:06:41 Number of idle job procs: 1
08/17/26 02:06:41 Event: ULOG_JOB_TERMINATED for HTCondor Node P_W15_II_M1_A07_S1 (6053237.0.0) {08/17/26 02:06:37}
08/17/26 02:06:41 Number of idle job procs: 1
08/17/26 02:06:41 Node P_W15_II_M1_A07_S1 job proc (6053237.0.0) completed successfully.
08/17/26 02:06:41 Node P_W15_II_M1_A07_S1 job(s) have exited the queue
08/17/26 02:06:41 Event: ULOG_JOB_TERMINATED for HTCondor Node C_W15_HI_M1_A07_S1_F0 (6053822.0.0) {08/17/26 02:06:37}
08/17/26 02:06:41 Number of idle job procs: 1
08/17/26 02:06:41 Node C_W15_HI_M1_A07_S1_F0 job proc (6053822.0.0) completed successfully.
08/17/26 02:06:41 Node C_W15_HI_M1_A07_S1_F0 job(s) have exited the queue
08/17/26 02:06:41 DAG status: 0 (DAG_STATUS_OK)
08/17/26 02:06:41 Of 432 nodes total:
08/17/26 02:06:41  Done     Pre   Queued    Post   Ready   Un-Ready   Failed   Futile
08/17/26 02:06:41   ===     ===      ===     ===     ===        ===      ===      ===
08/17/26 02:06:41   353       0       71       0       1          7        0        0
08/17/26 02:06:41 0 job proc(s) currently held
08/17/26 02:06:41 DAGMan Runtime Statistics: [EventCycleTimeAvg=0.160; EventCycleTimeMax=20.234; EventCycleTimeMin=0.000; EventCycleTimeStd=0.938; EventCycleTimeSum=95.940; SleepCycleTimeAvg=5.005; SleepCycleTimeMax=5.040; SleepCycleTimeMin=5.000; SleepCycleTimeStd=0.003; SleepCycleTimeSum=2998.199; SubmitCycleTimeAvg=0.027; SubmitCycleTimeMax=2.749; SubmitCycleTimeMin=0.000; SubmitCycleTimeStd=0.149; SubmitCycleTimeSum=16.433; EventCycleTimeCount=599.000; SleepCycleTimeCount=599.000; SubmitCycleTimeCount=600.000; LogProcessCycleTimeAvg=0.207; LogProcessCycleTimeMax=20.234; LogProcessCycleTimeMin=0.002; LogProcessCycleTimeStd=1.261; LogProcessCycleTimeSum=62.328; LogProcessCycleTimeCount=301.000; ]
08/17/26 02:06:46 Submitting HTCondor Node C_W15_II_M1_A07_S1_F0 job(s)...
08/17/26 02:06:46 Submitting node C_W15_II_M1_A07_S1_F0 from file /afs/cern.ch/user/c/cglenn/FCCWork/whizard/whizard_ttbar_spinpol/phase11_diagnostics/excess_weight_rootcause_v1/ttbar_restricted_region_suite_v1/regions/submissions/20260816T231425Z_U9region_core_W15_S8_np1_v1p0p1/region_child.sub using direct job submission
08/17/26 02:06:46 	assigned HTCondor ID (6053935.0.0)
08/17/26 02:06:46 Just submitted 1 job this cycle...
08/17/26 02:06:46 DAG status: 0 (DAG_STATUS_OK)
08/17/26 02:06:46 Of 432 nodes total:
08/17/26 02:06:46  Done     Pre   Queued    Post   Ready   Un-Ready   Failed   Futile
08/17/26 02:06:46   ===     ===      ===     ===     ===        ===      ===      ===
08/17/26 02:06:46   353       0       72       0       0          7        0        0
08/17/26 02:06:46 0 job proc(s) currently held
08/17/26 02:06:46 DAGMan Runtime Statistics: [EventCycleTimeAvg=0.160; EventCycleTimeMax=20.234; EventCycleTimeMin=0.000; EventCycleTimeStd=0.937; EventCycleTimeSum=95.995; SleepCycleTimeAvg=5.005; SleepCycleTimeMax=5.040; SleepCycleTimeMin=5.000; SleepCycleTimeStd=0.003; SleepCycleTimeSum=3003.204; SubmitCycleTimeAvg=0.027; SubmitCycleTimeMax=2.749; SubmitCycleTimeMin=0.000; SubmitCycleTimeStd=0.149; SubmitCycleTimeSum=16.458; EventCycleTimeCount=600.000; SleepCycleTimeCount=600.000; SubmitCycleTimeCount=601.000; LogProcessCycleTimeAvg=0.207; LogProcessCycleTimeMax=20.234; LogProcessCycleTimeMin=0.002; LogProcessCycleTimeStd=1.261; LogProcessCycleTimeSum=62.328; LogProcessCycleTimeCount=301.000; ]
08/17/26 02:06:51 Currently monitoring 1 HTCondor log file(s)
08/17/26 02:06:51 Reassigning the id of job C_W15_II_M1_A07_S1_F0 from (6053935.0.0) to (6053935.0.0)
08/17/26 02:06:51 Event: ULOG_SUBMIT for HTCondor Node C_W15_II_M1_A07_S1_F0 (6053935.0.0) {08/17/26 02:06:46}
08/17/26 02:06:51 Number of idle job procs: 2
08/17/26 02:06:51 Event: ULOG_EXECUTE for HTCondor Node C_W15_LH_M1_A07_S1_F0 (6053934.0.0) {08/17/26 02:06:47}
08/17/26 02:06:51 Number of idle job procs: 1
08/17/26 02:06:56 Currently monitoring 1 HTCondor log file(s)
08/17/26 02:06:56 Event: ULOG_EXECUTE for HTCondor Node C_W15_II_M1_A07_S1_F0 (6053935.0.0) {08/17/26 02:06:52}
08/17/26 02:06:56 Number of idle job procs: 0
08/17/26 02:07:06 Currently monitoring 1 HTCondor log file(s)
08/17/26 02:07:06 Event: ULOG_JOB_TERMINATED for HTCondor Node P_W15_II_M1_A07_S0 (6053236.0.0) {08/17/26 02:07:06}
08/17/26 02:07:06 Number of idle job procs: 0
08/17/26 02:07:06 Node P_W15_II_M1_A07_S0 job proc (6053236.0.0) completed successfully.
08/17/26 02:07:06 Node P_W15_II_M1_A07_S0 job(s) have exited the queue
08/17/26 02:07:06 DAG status: 0 (DAG_STATUS_OK)
08/17/26 02:07:06 Of 432 nodes total:
08/17/26 02:07:06  Done     Pre   Queued    Post   Ready   Un-Ready   Failed   Futile
08/17/26 02:07:06   ===     ===      ===     ===     ===        ===      ===      ===
08/17/26 02:07:06   354       0       71       0       1          6        0        0
08/17/26 02:07:06 0 job proc(s) currently held
08/17/26 02:07:06 DAGMan Runtime Statistics: [EventCycleTimeAvg=0.159; EventCycleTimeMax=20.234; EventCycleTimeMin=0.000; EventCycleTimeStd=0.934; EventCycleTimeSum=96.071; SleepCycleTimeAvg=5.005; SleepCycleTimeMax=5.040; SleepCycleTimeMin=5.000; SleepCycleTimeStd=0.003; SleepCycleTimeSum=3023.227; SubmitCycleTimeAvg=0.027; SubmitCycleTimeMax=2.749; SubmitCycleTimeMin=0.000; SubmitCycleTimeStd=0.148; SubmitCycleTimeSum=16.458; EventCycleTimeCount=604.000; SleepCycleTimeCount=604.000; SubmitCycleTimeCount=605.000; LogProcessCycleTimeAvg=0.205; LogProcessCycleTimeMax=20.234; LogProcessCycleTimeMin=0.002; LogProcessCycleTimeStd=1.255; LogProcessCycleTimeSum=62.371; LogProcessCycleTimeCount=304.000; ]
08/17/26 02:07:11 Submitting HTCondor Node C_W15_II_M1_A07_S0_F0 job(s)...
08/17/26 02:07:11 Submitting node C_W15_II_M1_A07_S0_F0 from file /afs/cern.ch/user/c/cglenn/FCCWork/whizard/whizard_ttbar_spinpol/phase11_diagnostics/excess_weight_rootcause_v1/ttbar_restricted_region_suite_v1/regions/submissions/20260816T231425Z_U9region_core_W15_S8_np1_v1p0p1/region_child.sub using direct job submission
08/17/26 02:07:11 	assigned HTCondor ID (6053939.0.0)
08/17/26 02:07:11 Just submitted 1 job this cycle...
08/17/26 02:07:11 DAG status: 0 (DAG_STATUS_OK)
08/17/26 02:07:11 Of 432 nodes total:
08/17/26 02:07:11  Done     Pre   Queued    Post   Ready   Un-Ready   Failed   Futile
08/17/26 02:07:11   ===     ===      ===     ===     ===        ===      ===      ===
08/17/26 02:07:11   354       0       72       0       0          6        0        0
08/17/26 02:07:11 0 job proc(s) currently held
08/17/26 02:07:11 DAGMan Runtime Statistics: [EventCycleTimeAvg=0.159; EventCycleTimeMax=20.234; EventCycleTimeMin=0.000; EventCycleTimeStd=0.933; EventCycleTimeSum=96.108; SleepCycleTimeAvg=5.005; SleepCycleTimeMax=5.040; SleepCycleTimeMin=5.000; SleepCycleTimeStd=0.003; SleepCycleTimeSum=3028.233; SubmitCycleTimeAvg=0.027; SubmitCycleTimeMax=2.749; SubmitCycleTimeMin=0.000; SubmitCycleTimeStd=0.148; SubmitCycleTimeSum=16.502; EventCycleTimeCount=605.000; SleepCycleTimeCount=605.000; SubmitCycleTimeCount=606.000; LogProcessCycleTimeAvg=0.205; LogProcessCycleTimeMax=20.234; LogProcessCycleTimeMin=0.002; LogProcessCycleTimeStd=1.255; LogProcessCycleTimeSum=62.371; LogProcessCycleTimeCount=304.000; ]
08/17/26 02:07:16 Currently monitoring 1 HTCondor log file(s)
08/17/26 02:07:16 Reassigning the id of job C_W15_II_M1_A07_S0_F0 from (6053939.0.0) to (6053939.0.0)
08/17/26 02:07:16 Event: ULOG_SUBMIT for HTCondor Node C_W15_II_M1_A07_S0_F0 (6053939.0.0) {08/17/26 02:07:11}
08/17/26 02:07:16 Number of idle job procs: 1
08/17/26 02:07:26 Currently monitoring 1 HTCondor log file(s)
08/17/26 02:07:26 Event: ULOG_JOB_TERMINATED for HTCondor Node C_W15_LI_M2_A10_S7_F2 (6053405.0.0) {08/17/26 02:07:24}
08/17/26 02:07:26 Number of idle job procs: 1
08/17/26 02:07:26 Node C_W15_LI_M2_A10_S7_F2 job proc (6053405.0.0) completed successfully.
08/17/26 02:07:26 Node C_W15_LI_M2_A10_S7_F2 job(s) have exited the queue
08/17/26 02:07:26 DAG status: 0 (DAG_STATUS_OK)
08/17/26 02:07:26 Of 432 nodes total:
08/17/26 02:07:26  Done     Pre   Queued    Post   Ready   Un-Ready   Failed   Futile
08/17/26 02:07:26   ===     ===      ===     ===     ===        ===      ===      ===
08/17/26 02:07:26   355       0       71       0       0          6        0        0
08/17/26 02:07:26 0 job proc(s) currently held
08/17/26 02:07:26 DAGMan Runtime Statistics: [EventCycleTimeAvg=0.158; EventCycleTimeMax=20.234; EventCycleTimeMin=0.000; EventCycleTimeStd=0.931; EventCycleTimeSum=96.264; SleepCycleTimeAvg=5.005; SleepCycleTimeMax=5.040; SleepCycleTimeMin=5.000; SleepCycleTimeStd=0.002; SleepCycleTimeSum=3043.248; SubmitCycleTimeAvg=0.027; SubmitCycleTimeMax=2.749; SubmitCycleTimeMin=0.000; SubmitCycleTimeStd=0.148; SubmitCycleTimeSum=16.502; EventCycleTimeCount=608.000; SleepCycleTimeCount=608.000; SubmitCycleTimeCount=609.000; LogProcessCycleTimeAvg=0.204; LogProcessCycleTimeMax=20.234; LogProcessCycleTimeMin=0.002; LogProcessCycleTimeStd=1.251; LogProcessCycleTimeSum=62.433; LogProcessCycleTimeCount=306.000; ]
08/17/26 02:07:31 Currently monitoring 1 HTCondor log file(s)
08/17/26 02:07:31 Event: ULOG_EXECUTE for HTCondor Node C_W15_II_M1_A07_S0_F0 (6053939.0.0) {08/17/26 02:07:31}
08/17/26 02:07:31 Number of idle job procs: 0
08/17/26 02:07:36 Currently monitoring 1 HTCondor log file(s)
08/17/26 02:07:36 Event: ULOG_JOB_TERMINATED for HTCondor Node C_W15_II_M0_A00_S7_F0 (6053723.0.0) {08/17/26 02:07:35}
08/17/26 02:07:36 Number of idle job procs: 0
08/17/26 02:07:36 Node C_W15_II_M0_A00_S7_F0 job proc (6053723.0.0) completed successfully.
08/17/26 02:07:36 Node C_W15_II_M0_A00_S7_F0 job(s) have exited the queue
08/17/26 02:07:36 DAG status: 0 (DAG_STATUS_OK)
08/17/26 02:07:36 Of 432 nodes total:
08/17/26 02:07:36  Done     Pre   Queued    Post   Ready   Un-Ready   Failed   Futile
08/17/26 02:07:36   ===     ===      ===     ===     ===        ===      ===      ===
08/17/26 02:07:36   356       0       70       0       0          6        0        0
08/17/26 02:07:36 0 job proc(s) currently held
08/17/26 02:07:36 DAGMan Runtime Statistics: [EventCycleTimeAvg=0.158; EventCycleTimeMax=20.234; EventCycleTimeMin=0.000; EventCycleTimeStd=0.929; EventCycleTimeSum=96.339; SleepCycleTimeAvg=5.005; SleepCycleTimeMax=5.040; SleepCycleTimeMin=5.000; SleepCycleTimeStd=0.002; SleepCycleTimeSum=3053.259; SubmitCycleTimeAvg=0.027; SubmitCycleTimeMax=2.749; SubmitCycleTimeMin=0.000; SubmitCycleTimeStd=0.148; SubmitCycleTimeSum=16.502; EventCycleTimeCount=610.000; SleepCycleTimeCount=610.000; SubmitCycleTimeCount=611.000; LogProcessCycleTimeAvg=0.203; LogProcessCycleTimeMax=20.234; LogProcessCycleTimeMin=0.002; LogProcessCycleTimeStd=1.247; LogProcessCycleTimeSum=62.516; LogProcessCycleTimeCount=308.000; ]
08/17/26 02:08:01 Currently monitoring 1 HTCondor log file(s)
08/17/26 02:08:01 Event: ULOG_JOB_TERMINATED for HTCondor Node C_W15_IH_M1_A07_S3_F0 (6053833.0.0) {08/17/26 02:07:59}
08/17/26 02:08:01 Number of idle job procs: 0
08/17/26 02:08:01 Node C_W15_IH_M1_A07_S3_F0 job proc (6053833.0.0) completed successfully.
08/17/26 02:08:01 Node C_W15_IH_M1_A07_S3_F0 job(s) have exited the queue
08/17/26 02:08:01 DAG status: 0 (DAG_STATUS_OK)
08/17/26 02:08:01 Of 432 nodes total:
08/17/26 02:08:01  Done     Pre   Queued    Post   Ready   Un-Ready   Failed   Futile
08/17/26 02:08:01   ===     ===      ===     ===     ===        ===      ===      ===
08/17/26 02:08:01   357       0       69       0       0          6        0        0
08/17/26 02:08:01 0 job proc(s) currently held
08/17/26 02:08:01 DAGMan Runtime Statistics: [EventCycleTimeAvg=0.157; EventCycleTimeMax=20.234; EventCycleTimeMin=0.000; EventCycleTimeStd=0.926; EventCycleTimeSum=96.466; SleepCycleTimeAvg=5.005; SleepCycleTimeMax=5.040; SleepCycleTimeMin=5.000; SleepCycleTimeStd=0.002; SleepCycleTimeSum=3078.284; SubmitCycleTimeAvg=0.027; SubmitCycleTimeMax=2.749; SubmitCycleTimeMin=0.000; SubmitCycleTimeStd=0.147; SubmitCycleTimeSum=16.502; EventCycleTimeCount=615.000; SleepCycleTimeCount=615.000; SubmitCycleTimeCount=616.000; LogProcessCycleTimeAvg=0.202; LogProcessCycleTimeMax=20.234; LogProcessCycleTimeMin=0.002; LogProcessCycleTimeStd=1.245; LogProcessCycleTimeSum=62.533; LogProcessCycleTimeCount=309.000; ]
08/17/26 02:08:27 Currently monitoring 1 HTCondor log file(s)
08/17/26 02:08:27 Event: ULOG_JOB_TERMINATED for HTCondor Node P_W15_LH_M1_A07_S7 (6053195.0.0) {08/17/26 02:08:22}
08/17/26 02:08:27 Number of idle job procs: 0
08/17/26 02:08:27 Node P_W15_LH_M1_A07_S7 job proc (6053195.0.0) completed successfully.
08/17/26 02:08:27 Node P_W15_LH_M1_A07_S7 job(s) have exited the queue
08/17/26 02:08:27 DAG status: 0 (DAG_STATUS_OK)
08/17/26 02:08:27 Of 432 nodes total:
08/17/26 02:08:27  Done     Pre   Queued    Post   Ready   Un-Ready   Failed   Futile
08/17/26 02:08:27   ===     ===      ===     ===     ===        ===      ===      ===
08/17/26 02:08:27   358       0       68       0       1          5        0        0
08/17/26 02:08:27 0 job proc(s) currently held
08/17/26 02:08:27 DAGMan Runtime Statistics: [EventCycleTimeAvg=0.156; EventCycleTimeMax=20.234; EventCycleTimeMin=0.000; EventCycleTimeStd=0.922; EventCycleTimeSum=96.506; SleepCycleTimeAvg=5.005; SleepCycleTimeMax=5.040; SleepCycleTimeMin=5.000; SleepCycleTimeStd=0.002; SleepCycleTimeSum=3103.311; SubmitCycleTimeAvg=0.027; SubmitCycleTimeMax=2.749; SubmitCycleTimeMin=0.000; SubmitCycleTimeStd=0.146; SubmitCycleTimeSum=16.502; EventCycleTimeCount=620.000; SleepCycleTimeCount=620.000; SubmitCycleTimeCount=621.000; LogProcessCycleTimeAvg=0.202; LogProcessCycleTimeMax=20.234; LogProcessCycleTimeMin=0.002; LogProcessCycleTimeStd=1.243; LogProcessCycleTimeSum=62.582; LogProcessCycleTimeCount=310.000; ]
08/17/26 02:08:32 Submitting HTCondor Node C_W15_LH_M1_A07_S7_F0 job(s)...
08/17/26 02:08:32 Submitting node C_W15_LH_M1_A07_S7_F0 from file /afs/cern.ch/user/c/cglenn/FCCWork/whizard/whizard_ttbar_spinpol/phase11_diagnostics/excess_weight_rootcause_v1/ttbar_restricted_region_suite_v1/regions/submissions/20260816T231425Z_U9region_core_W15_S8_np1_v1p0p1/region_child.sub using direct job submission
08/17/26 02:08:32 	assigned HTCondor ID (6053944.0.0)
08/17/26 02:08:32 Just submitted 1 job this cycle...
08/17/26 02:08:32 DAG status: 0 (DAG_STATUS_OK)
08/17/26 02:08:32 Of 432 nodes total:
08/17/26 02:08:32  Done     Pre   Queued    Post   Ready   Un-Ready   Failed   Futile
08/17/26 02:08:32   ===     ===      ===     ===     ===        ===      ===      ===
08/17/26 02:08:32   358       0       69       0       0          5        0        0
08/17/26 02:08:32 0 job proc(s) currently held
08/17/26 02:08:32 DAGMan Runtime Statistics: [EventCycleTimeAvg=0.156; EventCycleTimeMax=20.234; EventCycleTimeMin=0.000; EventCycleTimeStd=0.921; EventCycleTimeSum=96.625; SleepCycleTimeAvg=5.005; SleepCycleTimeMax=5.040; SleepCycleTimeMin=5.000; SleepCycleTimeStd=0.002; SleepCycleTimeSum=3108.316; SubmitCycleTimeAvg=0.027; SubmitCycleTimeMax=2.749; SubmitCycleTimeMin=0.000; SubmitCycleTimeStd=0.146; SubmitCycleTimeSum=16.531; EventCycleTimeCount=621.000; SleepCycleTimeCount=621.000; SubmitCycleTimeCount=622.000; LogProcessCycleTimeAvg=0.202; LogProcessCycleTimeMax=20.234; LogProcessCycleTimeMin=0.002; LogProcessCycleTimeStd=1.243; LogProcessCycleTimeSum=62.582; LogProcessCycleTimeCount=310.000; ]
08/17/26 02:08:37 Currently monitoring 1 HTCondor log file(s)
08/17/26 02:08:37 Reassigning the id of job C_W15_LH_M1_A07_S7_F0 from (6053944.0.0) to (6053944.0.0)
08/17/26 02:08:37 Event: ULOG_SUBMIT for HTCondor Node C_W15_LH_M1_A07_S7_F0 (6053944.0.0) {08/17/26 02:08:32}
08/17/26 02:08:37 Number of idle job procs: 1
08/17/26 02:09:07 Currently monitoring 1 HTCondor log file(s)
08/17/26 02:09:07 Event: ULOG_JOB_TERMINATED for HTCondor Node C_W15_IH_M1_A07_S7_F0 (6053825.0.0) {08/17/26 02:09:02}
08/17/26 02:09:07 Number of idle job procs: 1
08/17/26 02:09:07 Node C_W15_IH_M1_A07_S7_F0 job proc (6053825.0.0) completed successfully.
08/17/26 02:09:07 Node C_W15_IH_M1_A07_S7_F0 job(s) have exited the queue
08/17/26 02:09:07 DAG status: 0 (DAG_STATUS_OK)
08/17/26 02:09:07 Of 432 nodes total:
08/17/26 02:09:07  Done     Pre   Queued    Post   Ready   Un-Ready   Failed   Futile
08/17/26 02:09:07   ===     ===      ===     ===     ===        ===      ===      ===
08/17/26 02:09:07   359       0       68       0       0          5        0        0
08/17/26 02:09:07 0 job proc(s) currently held
08/17/26 02:09:07 DAGMan Runtime Statistics: [EventCycleTimeAvg=0.154; EventCycleTimeMax=20.234; EventCycleTimeMin=0.000; EventCycleTimeStd=0.916; EventCycleTimeSum=96.698; SleepCycleTimeAvg=5.005; SleepCycleTimeMax=5.040; SleepCycleTimeMin=5.000; SleepCycleTimeStd=0.002; SleepCycleTimeSum=3143.352; SubmitCycleTimeAvg=0.026; SubmitCycleTimeMax=2.749; SubmitCycleTimeMin=0.000; SubmitCycleTimeStd=0.146; SubmitCycleTimeSum=16.531; EventCycleTimeCount=628.000; SleepCycleTimeCount=628.000; SubmitCycleTimeCount=629.000; LogProcessCycleTimeAvg=0.201; LogProcessCycleTimeMax=20.234; LogProcessCycleTimeMin=0.002; LogProcessCycleTimeStd=1.239; LogProcessCycleTimeSum=62.835; LogProcessCycleTimeCount=312.000; ]
08/17/26 02:09:17 Currently monitoring 1 HTCondor log file(s)
08/17/26 02:09:17 Event: ULOG_EXECUTE for HTCondor Node C_W15_LH_M1_A07_S7_F0 (6053944.0.0) {08/17/26 02:09:14}
08/17/26 02:09:17 Number of idle job procs: 0
08/17/26 02:09:22 Currently monitoring 1 HTCondor log file(s)
08/17/26 02:09:22 Event: ULOG_JOB_TERMINATED for HTCondor Node C_W15_LL_M1_A07_S5_F0 (6053878.0.0) {08/17/26 02:09:18}
08/17/26 02:09:22 Number of idle job procs: 0
08/17/26 02:09:22 Node C_W15_LL_M1_A07_S5_F0 job proc (6053878.0.0) completed successfully.
08/17/26 02:09:22 Node C_W15_LL_M1_A07_S5_F0 job(s) have exited the queue
08/17/26 02:09:22 DAG status: 0 (DAG_STATUS_OK)
08/17/26 02:09:22 Of 432 nodes total:
08/17/26 02:09:22  Done     Pre   Queued    Post   Ready   Un-Ready   Failed   Futile
08/17/26 02:09:22   ===     ===      ===     ===     ===        ===      ===      ===
08/17/26 02:09:22   360       0       67       0       0          5        0        0
08/17/26 02:09:22 0 job proc(s) currently held
08/17/26 02:09:22 DAGMan Runtime Statistics: [EventCycleTimeAvg=0.154; EventCycleTimeMax=20.234; EventCycleTimeMin=0.000; EventCycleTimeStd=0.914; EventCycleTimeSum=96.989; SleepCycleTimeAvg=5.005; SleepCycleTimeMax=5.040; SleepCycleTimeMin=5.000; SleepCycleTimeStd=0.002; SleepCycleTimeSum=3158.368; SubmitCycleTimeAvg=0.026; SubmitCycleTimeMax=2.749; SubmitCycleTimeMin=0.000; SubmitCycleTimeStd=0.145; SubmitCycleTimeSum=16.531; EventCycleTimeCount=631.000; SleepCycleTimeCount=631.000; SubmitCycleTimeCount=632.000; LogProcessCycleTimeAvg=0.200; LogProcessCycleTimeMax=20.234; LogProcessCycleTimeMin=0.002; LogProcessCycleTimeStd=1.235; LogProcessCycleTimeSum=62.893; LogProcessCycleTimeCount=314.000; ]
08/17/26 02:10:12 Currently monitoring 1 HTCondor log file(s)
08/17/26 02:10:12 Event: ULOG_JOB_TERMINATED for HTCondor Node C_W15_LH_M2_A10_S7_F2 (6053420.0.0) {08/17/26 02:10:08}
08/17/26 02:10:12 Number of idle job procs: 0
08/17/26 02:10:12 Node C_W15_LH_M2_A10_S7_F2 job proc (6053420.0.0) completed successfully.
08/17/26 02:10:12 Node C_W15_LH_M2_A10_S7_F2 job(s) have exited the queue
08/17/26 02:10:12 DAG status: 0 (DAG_STATUS_OK)
08/17/26 02:10:12 Of 432 nodes total:
08/17/26 02:10:12  Done     Pre   Queued    Post   Ready   Un-Ready   Failed   Futile
08/17/26 02:10:12   ===     ===      ===     ===     ===        ===      ===      ===
08/17/26 02:10:12   361       0       66       0       0          5        0        0
08/17/26 02:10:12 0 job proc(s) currently held
08/17/26 02:10:12 DAGMan Runtime Statistics: [EventCycleTimeAvg=0.151; EventCycleTimeMax=20.234; EventCycleTimeMin=0.000; EventCycleTimeStd=0.907; EventCycleTimeSum=97.062; SleepCycleTimeAvg=5.005; SleepCycleTimeMax=5.040; SleepCycleTimeMin=5.000; SleepCycleTimeStd=0.002; SleepCycleTimeSum=3208.422; SubmitCycleTimeAvg=0.026; SubmitCycleTimeMax=2.749; SubmitCycleTimeMin=0.000; SubmitCycleTimeStd=0.144; SubmitCycleTimeSum=16.531; EventCycleTimeCount=641.000; SleepCycleTimeCount=641.000; SubmitCycleTimeCount=642.000; LogProcessCycleTimeAvg=0.200; LogProcessCycleTimeMax=20.234; LogProcessCycleTimeMin=0.002; LogProcessCycleTimeStd=1.233; LogProcessCycleTimeSum=62.949; LogProcessCycleTimeCount=315.000; ]
08/17/26 02:10:32 Currently monitoring 1 HTCondor log file(s)
08/17/26 02:10:32 Event: ULOG_JOB_TERMINATED for HTCondor Node C_W15_HL_M1_A07_S4_F0 (6053865.0.0) {08/17/26 02:10:32}
08/17/26 02:10:32 Number of idle job procs: 0
08/17/26 02:10:32 Node C_W15_HL_M1_A07_S4_F0 job proc (6053865.0.0) completed successfully.
08/17/26 02:10:32 Node C_W15_HL_M1_A07_S4_F0 job(s) have exited the queue
08/17/26 02:10:32 DAG status: 0 (DAG_STATUS_OK)
08/17/26 02:10:32 Of 432 nodes total:
08/17/26 02:10:32  Done     Pre   Queued    Post   Ready   Un-Ready   Failed   Futile
08/17/26 02:10:32   ===     ===      ===     ===     ===        ===      ===      ===
08/17/26 02:10:32   362       0       65       0       0          5        0        0
08/17/26 02:10:32 0 job proc(s) currently held
08/17/26 02:10:32 DAGMan Runtime Statistics: [EventCycleTimeAvg=0.151; EventCycleTimeMax=20.234; EventCycleTimeMin=0.000; EventCycleTimeStd=0.904; EventCycleTimeSum=97.190; SleepCycleTimeAvg=5.005; SleepCycleTimeMax=5.040; SleepCycleTimeMin=5.000; SleepCycleTimeStd=0.002; SleepCycleTimeSum=3228.442; SubmitCycleTimeAvg=0.026; SubmitCycleTimeMax=2.749; SubmitCycleTimeMin=0.000; SubmitCycleTimeStd=0.144; SubmitCycleTimeSum=16.531; EventCycleTimeCount=645.000; SleepCycleTimeCount=645.000; SubmitCycleTimeCount=646.000; LogProcessCycleTimeAvg=0.199; LogProcessCycleTimeMax=20.234; LogProcessCycleTimeMin=0.002; LogProcessCycleTimeStd=1.231; LogProcessCycleTimeSum=63.002; LogProcessCycleTimeCount=316.000; ]
08/17/26 02:10:47 Currently monitoring 1 HTCondor log file(s)
08/17/26 02:10:47 Event: ULOG_JOB_TERMINATED for HTCondor Node C_W15_HI_M1_A07_S7_F0 (6053789.0.0) {08/17/26 02:10:43}
08/17/26 02:10:48 Number of idle job procs: 0
08/17/26 02:10:48 Node C_W15_HI_M1_A07_S7_F0 job proc (6053789.0.0) completed successfully.
08/17/26 02:10:48 Node C_W15_HI_M1_A07_S7_F0 job(s) have exited the queue
08/17/26 02:10:48 DAG status: 0 (DAG_STATUS_OK)
08/17/26 02:10:48 Of 432 nodes total:
08/17/26 02:10:48  Done     Pre   Queued    Post   Ready   Un-Ready   Failed   Futile
08/17/26 02:10:48   ===     ===      ===     ===     ===        ===      ===      ===
08/17/26 02:10:48   363       0       64       0       0          5        0        0
08/17/26 02:10:48 0 job proc(s) currently held
08/17/26 02:10:48 DAGMan Runtime Statistics: [EventCycleTimeAvg=0.150; EventCycleTimeMax=20.234; EventCycleTimeMin=0.000; EventCycleTimeStd=0.902; EventCycleTimeSum=97.326; SleepCycleTimeAvg=5.005; SleepCycleTimeMax=5.040; SleepCycleTimeMin=5.000; SleepCycleTimeStd=0.002; SleepCycleTimeSum=3243.462; SubmitCycleTimeAvg=0.025; SubmitCycleTimeMax=2.749; SubmitCycleTimeMin=0.000; SubmitCycleTimeStd=0.143; SubmitCycleTimeSum=16.531; EventCycleTimeCount=648.000; SleepCycleTimeCount=648.000; SubmitCycleTimeCount=649.000; LogProcessCycleTimeAvg=0.199; LogProcessCycleTimeMax=20.234; LogProcessCycleTimeMin=0.002; LogProcessCycleTimeStd=1.229; LogProcessCycleTimeSum=63.056; LogProcessCycleTimeCount=317.000; ]
08/17/26 02:10:58 Currently monitoring 1 HTCondor log file(s)
08/17/26 02:10:58 Event: ULOG_JOB_TERMINATED for HTCondor Node C_W15_LI_M1_A07_S7_F0 (6053869.0.0) {08/17/26 02:10:55}
08/17/26 02:10:58 Number of idle job procs: 0
08/17/26 02:10:58 Node C_W15_LI_M1_A07_S7_F0 job proc (6053869.0.0) completed successfully.
08/17/26 02:10:58 Node C_W15_LI_M1_A07_S7_F0 job(s) have exited the queue
08/17/26 02:10:58 DAG status: 0 (DAG_STATUS_OK)
08/17/26 02:10:58 Of 432 nodes total:
08/17/26 02:10:58  Done     Pre   Queued    Post   Ready   Un-Ready   Failed   Futile
08/17/26 02:10:58   ===     ===      ===     ===     ===        ===      ===      ===
08/17/26 02:10:58   364       0       63       0       0          5        0        0
08/17/26 02:10:58 0 job proc(s) currently held
08/17/26 02:10:58 DAGMan Runtime Statistics: [EventCycleTimeAvg=0.150; EventCycleTimeMax=20.234; EventCycleTimeMin=0.000; EventCycleTimeStd=0.901; EventCycleTimeSum=97.456; SleepCycleTimeAvg=5.005; SleepCycleTimeMax=5.040; SleepCycleTimeMin=5.000; SleepCycleTimeStd=0.002; SleepCycleTimeSum=3253.472; SubmitCycleTimeAvg=0.025; SubmitCycleTimeMax=2.749; SubmitCycleTimeMin=0.000; SubmitCycleTimeStd=0.143; SubmitCycleTimeSum=16.531; EventCycleTimeCount=650.000; SleepCycleTimeCount=650.000; SubmitCycleTimeCount=651.000; LogProcessCycleTimeAvg=0.198; LogProcessCycleTimeMax=20.234; LogProcessCycleTimeMin=0.002; LogProcessCycleTimeStd=1.227; LogProcessCycleTimeSum=63.117; LogProcessCycleTimeCount=318.000; ]
08/17/26 02:11:23 Currently monitoring 1 HTCondor log file(s)
08/17/26 02:11:23 Event: ULOG_JOB_TERMINATED for HTCondor Node C_W15_HL_M2_A10_S1_F2 (6053528.0.0) {08/17/26 02:11:19}
08/17/26 02:11:23 Number of idle job procs: 0
08/17/26 02:11:23 Node C_W15_HL_M2_A10_S1_F2 job proc (6053528.0.0) completed successfully.
08/17/26 02:11:23 Node C_W15_HL_M2_A10_S1_F2 job(s) have exited the queue
08/17/26 02:11:23 DAG status: 0 (DAG_STATUS_OK)
08/17/26 02:11:23 Of 432 nodes total:
08/17/26 02:11:23  Done     Pre   Queued    Post   Ready   Un-Ready   Failed   Futile
08/17/26 02:11:23   ===     ===      ===     ===     ===        ===      ===      ===
08/17/26 02:11:23   365       0       62       0       0          5        0        0
08/17/26 02:11:23 0 job proc(s) currently held
08/17/26 02:11:23 DAGMan Runtime Statistics: [EventCycleTimeAvg=0.149; EventCycleTimeMax=20.234; EventCycleTimeMin=0.000; EventCycleTimeStd=0.898; EventCycleTimeSum=97.607; SleepCycleTimeAvg=5.005; SleepCycleTimeMax=5.040; SleepCycleTimeMin=5.000; SleepCycleTimeStd=0.002; SleepCycleTimeSum=3278.499; SubmitCycleTimeAvg=0.025; SubmitCycleTimeMax=2.749; SubmitCycleTimeMin=0.000; SubmitCycleTimeStd=0.143; SubmitCycleTimeSum=16.531; EventCycleTimeCount=655.000; SleepCycleTimeCount=655.000; SubmitCycleTimeCount=656.000; LogProcessCycleTimeAvg=0.198; LogProcessCycleTimeMax=20.234; LogProcessCycleTimeMin=0.002; LogProcessCycleTimeStd=1.225; LogProcessCycleTimeSum=63.164; LogProcessCycleTimeCount=319.000; ]
08/17/26 02:11:58 Currently monitoring 1 HTCondor log file(s)
08/17/26 02:11:58 Event: ULOG_JOB_TERMINATED for HTCondor Node C_W15_IH_M1_A07_S4_F0 (6053827.0.0) {08/17/26 02:11:54}
08/17/26 02:11:58 Number of idle job procs: 0
08/17/26 02:11:58 Node C_W15_IH_M1_A07_S4_F0 job proc (6053827.0.0) completed successfully.
08/17/26 02:11:58 Node C_W15_IH_M1_A07_S4_F0 job(s) have exited the queue
08/17/26 02:11:58 DAG status: 0 (DAG_STATUS_OK)
08/17/26 02:11:58 Of 432 nodes total:
08/17/26 02:11:58  Done     Pre   Queued    Post   Ready   Un-Ready   Failed   Futile
08/17/26 02:11:58   ===     ===      ===     ===     ===        ===      ===      ===
08/17/26 02:11:58   366       0       61       0       0          5        0        0
08/17/26 02:11:58 0 job proc(s) currently held
08/17/26 02:11:58 DAGMan Runtime Statistics: [EventCycleTimeAvg=0.148; EventCycleTimeMax=20.234; EventCycleTimeMin=0.000; EventCycleTimeStd=0.893; EventCycleTimeSum=97.722; SleepCycleTimeAvg=5.005; SleepCycleTimeMax=5.040; SleepCycleTimeMin=5.000; SleepCycleTimeStd=0.002; SleepCycleTimeSum=3313.530; SubmitCycleTimeAvg=0.025; SubmitCycleTimeMax=2.749; SubmitCycleTimeMin=0.000; SubmitCycleTimeStd=0.142; SubmitCycleTimeSum=16.531; EventCycleTimeCount=662.000; SleepCycleTimeCount=662.000; SubmitCycleTimeCount=663.000; LogProcessCycleTimeAvg=0.198; LogProcessCycleTimeMax=20.234; LogProcessCycleTimeMin=0.002; LogProcessCycleTimeStd=1.223; LogProcessCycleTimeSum=63.217; LogProcessCycleTimeCount=320.000; ]
08/17/26 02:12:08 Currently monitoring 1 HTCondor log file(s)
08/17/26 02:12:08 Event: ULOG_JOB_TERMINATED for HTCondor Node C_W15_LI_M1_A07_S2_F0 (6053859.0.0) {08/17/26 02:12:03}
08/17/26 02:12:08 Number of idle job procs: 0
08/17/26 02:12:08 Node C_W15_LI_M1_A07_S2_F0 job proc (6053859.0.0) completed successfully.
08/17/26 02:12:08 Node C_W15_LI_M1_A07_S2_F0 job(s) have exited the queue
08/17/26 02:12:08 Event: ULOG_JOB_TERMINATED for HTCondor Node C_W15_LL_M1_A07_S4_F0 (6053880.0.0) {08/17/26 02:12:04}
08/17/26 02:12:08 Number of idle job procs: 0
08/17/26 02:12:08 Node C_W15_LL_M1_A07_S4_F0 job proc (6053880.0.0) completed successfully.
08/17/26 02:12:08 Node C_W15_LL_M1_A07_S4_F0 job(s) have exited the queue
08/17/26 02:12:08 DAG status: 0 (DAG_STATUS_OK)
08/17/26 02:12:08 Of 432 nodes total:
08/17/26 02:12:08  Done     Pre   Queued    Post   Ready   Un-Ready   Failed   Futile
08/17/26 02:12:08   ===     ===      ===     ===     ===        ===      ===      ===
08/17/26 02:12:08   368       0       59       0       0          5        0        0
08/17/26 02:12:08 0 job proc(s) currently held
08/17/26 02:12:08 DAGMan Runtime Statistics: [EventCycleTimeAvg=0.147; EventCycleTimeMax=20.234; EventCycleTimeMin=0.000; EventCycleTimeStd=0.892; EventCycleTimeSum=97.852; SleepCycleTimeAvg=5.005; SleepCycleTimeMax=5.040; SleepCycleTimeMin=5.000; SleepCycleTimeStd=0.002; SleepCycleTimeSum=3323.540; SubmitCycleTimeAvg=0.025; SubmitCycleTimeMax=2.749; SubmitCycleTimeMin=0.000; SubmitCycleTimeStd=0.142; SubmitCycleTimeSum=16.531; EventCycleTimeCount=664.000; SleepCycleTimeCount=664.000; SubmitCycleTimeCount=665.000; LogProcessCycleTimeAvg=0.197; LogProcessCycleTimeMax=20.234; LogProcessCycleTimeMin=0.002; LogProcessCycleTimeStd=1.221; LogProcessCycleTimeSum=63.256; LogProcessCycleTimeCount=321.000; ]
08/17/26 02:12:13 Currently monitoring 1 HTCondor log file(s)
08/17/26 02:12:13 Event: ULOG_JOB_TERMINATED for HTCondor Node C_W15_LH_M2_A10_S0_F2 (6053416.0.0) {08/17/26 02:12:09}
08/17/26 02:12:13 Number of idle job procs: 0
08/17/26 02:12:13 Node C_W15_LH_M2_A10_S0_F2 job proc (6053416.0.0) completed successfully.
08/17/26 02:12:13 Node C_W15_LH_M2_A10_S0_F2 job(s) have exited the queue
08/17/26 02:12:13 DAG status: 0 (DAG_STATUS_OK)
08/17/26 02:12:13 Of 432 nodes total:
08/17/26 02:12:13  Done     Pre   Queued    Post   Ready   Un-Ready   Failed   Futile
08/17/26 02:12:13   ===     ===      ===     ===     ===        ===      ===      ===
08/17/26 02:12:13   369       0       58       0       0          5        0        0
08/17/26 02:12:13 0 job proc(s) currently held
08/17/26 02:12:13 DAGMan Runtime Statistics: [EventCycleTimeAvg=0.147; EventCycleTimeMax=20.234; EventCycleTimeMin=0.000; EventCycleTimeStd=0.891; EventCycleTimeSum=97.921; SleepCycleTimeAvg=5.005; SleepCycleTimeMax=5.040; SleepCycleTimeMin=5.000; SleepCycleTimeStd=0.002; SleepCycleTimeSum=3328.546; SubmitCycleTimeAvg=0.025; SubmitCycleTimeMax=2.749; SubmitCycleTimeMin=0.000; SubmitCycleTimeStd=0.142; SubmitCycleTimeSum=16.531; EventCycleTimeCount=665.000; SleepCycleTimeCount=665.000; SubmitCycleTimeCount=666.000; LogProcessCycleTimeAvg=0.197; LogProcessCycleTimeMax=20.234; LogProcessCycleTimeMin=0.002; LogProcessCycleTimeStd=1.219; LogProcessCycleTimeSum=63.315; LogProcessCycleTimeCount=322.000; ]
08/17/26 02:12:58 Currently monitoring 1 HTCondor log file(s)
08/17/26 02:12:58 Event: ULOG_JOB_TERMINATED for HTCondor Node C_W15_HI_M1_A07_S3_F0 (6053818.0.0) {08/17/26 02:12:56}
08/17/26 02:12:58 Number of idle job procs: 0
08/17/26 02:12:58 Node C_W15_HI_M1_A07_S3_F0 job proc (6053818.0.0) completed successfully.
08/17/26 02:12:58 Node C_W15_HI_M1_A07_S3_F0 job(s) have exited the queue
08/17/26 02:12:58 DAG status: 0 (DAG_STATUS_OK)
08/17/26 02:12:58 Of 432 nodes total:
08/17/26 02:12:58  Done     Pre   Queued    Post   Ready   Un-Ready   Failed   Futile
08/17/26 02:12:58   ===     ===      ===     ===     ===        ===      ===      ===
08/17/26 02:12:58   370       0       57       0       0          5        0        0
08/17/26 02:12:58 0 job proc(s) currently held
08/17/26 02:12:58 DAGMan Runtime Statistics: [EventCycleTimeAvg=0.145; EventCycleTimeMax=20.234; EventCycleTimeMin=0.000; EventCycleTimeStd=0.885; EventCycleTimeSum=98.056; SleepCycleTimeAvg=5.005; SleepCycleTimeMax=5.040; SleepCycleTimeMin=5.000; SleepCycleTimeStd=0.002; SleepCycleTimeSum=3373.585; SubmitCycleTimeAvg=0.024; SubmitCycleTimeMax=2.749; SubmitCycleTimeMin=0.000; SubmitCycleTimeStd=0.141; SubmitCycleTimeSum=16.531; EventCycleTimeCount=674.000; SleepCycleTimeCount=674.000; SubmitCycleTimeCount=675.000; LogProcessCycleTimeAvg=0.196; LogProcessCycleTimeMax=20.234; LogProcessCycleTimeMin=0.002; LogProcessCycleTimeStd=1.218; LogProcessCycleTimeSum=63.336; LogProcessCycleTimeCount=323.000; ]
08/17/26 02:13:18 Currently monitoring 1 HTCondor log file(s)
08/17/26 02:13:18 Event: ULOG_JOB_TERMINATED for HTCondor Node P_W15_II_M1_A07_S5 (6053241.0.0) {08/17/26 02:13:16}
08/17/26 02:13:18 Number of idle job procs: 0
08/17/26 02:13:18 Node P_W15_II_M1_A07_S5 job proc (6053241.0.0) completed successfully.
08/17/26 02:13:18 Node P_W15_II_M1_A07_S5 job(s) have exited the queue
08/17/26 02:13:18 DAG status: 0 (DAG_STATUS_OK)
08/17/26 02:13:18 Of 432 nodes total:
08/17/26 02:13:18  Done     Pre   Queued    Post   Ready   Un-Ready   Failed   Futile
08/17/26 02:13:18   ===     ===      ===     ===     ===        ===      ===      ===
08/17/26 02:13:19   371       0       56       0       1          4        0        0
08/17/26 02:13:19 0 job proc(s) currently held
08/17/26 02:13:19 DAGMan Runtime Statistics: [EventCycleTimeAvg=0.145; EventCycleTimeMax=20.234; EventCycleTimeMin=0.000; EventCycleTimeStd=0.883; EventCycleTimeSum=98.109; SleepCycleTimeAvg=5.005; SleepCycleTimeMax=5.040; SleepCycleTimeMin=5.000; SleepCycleTimeStd=0.002; SleepCycleTimeSum=3393.607; SubmitCycleTimeAvg=0.024; SubmitCycleTimeMax=2.749; SubmitCycleTimeMin=0.000; SubmitCycleTimeStd=0.140; SubmitCycleTimeSum=16.531; EventCycleTimeCount=678.000; SleepCycleTimeCount=678.000; SubmitCycleTimeCount=679.000; LogProcessCycleTimeAvg=0.196; LogProcessCycleTimeMax=20.234; LogProcessCycleTimeMin=0.002; LogProcessCycleTimeStd=1.216; LogProcessCycleTimeSum=63.392; LogProcessCycleTimeCount=324.000; ]
08/17/26 02:13:24 Submitting HTCondor Node C_W15_II_M1_A07_S5_F0 job(s)...
08/17/26 02:13:24 Submitting node C_W15_II_M1_A07_S5_F0 from file /afs/cern.ch/user/c/cglenn/FCCWork/whizard/whizard_ttbar_spinpol/phase11_diagnostics/excess_weight_rootcause_v1/ttbar_restricted_region_suite_v1/regions/submissions/20260816T231425Z_U9region_core_W15_S8_np1_v1p0p1/region_child.sub using direct job submission
08/17/26 02:13:24 	assigned HTCondor ID (6053968.0.0)
08/17/26 02:13:24 Just submitted 1 job this cycle...
08/17/26 02:13:24 DAG status: 0 (DAG_STATUS_OK)
08/17/26 02:13:24 Of 432 nodes total:
08/17/26 02:13:24  Done     Pre   Queued    Post   Ready   Un-Ready   Failed   Futile
08/17/26 02:13:24   ===     ===      ===     ===     ===        ===      ===      ===
08/17/26 02:13:24   371       0       57       0       0          4        0        0
08/17/26 02:13:24 0 job proc(s) currently held
08/17/26 02:13:24 DAGMan Runtime Statistics: [EventCycleTimeAvg=0.145; EventCycleTimeMax=20.234; EventCycleTimeMin=0.000; EventCycleTimeStd=0.882; EventCycleTimeSum=98.242; SleepCycleTimeAvg=5.005; SleepCycleTimeMax=5.040; SleepCycleTimeMin=5.000; SleepCycleTimeStd=0.002; SleepCycleTimeSum=3398.612; SubmitCycleTimeAvg=0.024; SubmitCycleTimeMax=2.749; SubmitCycleTimeMin=0.000; SubmitCycleTimeStd=0.140; SubmitCycleTimeSum=16.562; EventCycleTimeCount=679.000; SleepCycleTimeCount=679.000; SubmitCycleTimeCount=680.000; LogProcessCycleTimeAvg=0.196; LogProcessCycleTimeMax=20.234; LogProcessCycleTimeMin=0.002; LogProcessCycleTimeStd=1.216; LogProcessCycleTimeSum=63.392; LogProcessCycleTimeCount=324.000; ]
08/17/26 02:13:29 Currently monitoring 1 HTCondor log file(s)
08/17/26 02:13:29 Reassigning the id of job C_W15_II_M1_A07_S5_F0 from (6053968.0.0) to (6053968.0.0)
08/17/26 02:13:29 Event: ULOG_SUBMIT for HTCondor Node C_W15_II_M1_A07_S5_F0 (6053968.0.0) {08/17/26 02:13:24}
08/17/26 02:13:29 Number of idle job procs: 1
08/17/26 02:13:34 Currently monitoring 1 HTCondor log file(s)
08/17/26 02:13:34 Event: ULOG_JOB_TERMINATED for HTCondor Node P_W15_II_M1_A07_S2 (6053238.0.0) {08/17/26 02:13:32}
08/17/26 02:13:34 Number of idle job procs: 1
08/17/26 02:13:34 Node P_W15_II_M1_A07_S2 job proc (6053238.0.0) completed successfully.
08/17/26 02:13:34 Node P_W15_II_M1_A07_S2 job(s) have exited the queue
08/17/26 02:13:34 DAG status: 0 (DAG_STATUS_OK)
08/17/26 02:13:34 Of 432 nodes total:
08/17/26 02:13:34  Done     Pre   Queued    Post   Ready   Un-Ready   Failed   Futile
08/17/26 02:13:34   ===     ===      ===     ===     ===        ===      ===      ===
08/17/26 02:13:34   372       0       56       0       1          3        0        0
08/17/26 02:13:34 0 job proc(s) currently held
08/17/26 02:13:34 DAGMan Runtime Statistics: [EventCycleTimeAvg=0.144; EventCycleTimeMax=20.234; EventCycleTimeMin=0.000; EventCycleTimeStd=0.881; EventCycleTimeSum=98.355; SleepCycleTimeAvg=5.005; SleepCycleTimeMax=5.040; SleepCycleTimeMin=5.000; SleepCycleTimeStd=0.002; SleepCycleTimeSum=3408.623; SubmitCycleTimeAvg=0.024; SubmitCycleTimeMax=2.749; SubmitCycleTimeMin=0.000; SubmitCycleTimeStd=0.140; SubmitCycleTimeSum=16.562; EventCycleTimeCount=681.000; SleepCycleTimeCount=681.000; SubmitCycleTimeCount=682.000; LogProcessCycleTimeAvg=0.195; LogProcessCycleTimeMax=20.234; LogProcessCycleTimeMin=0.002; LogProcessCycleTimeStd=1.212; LogProcessCycleTimeSum=63.491; LogProcessCycleTimeCount=326.000; ]
08/17/26 02:13:39 Submitting HTCondor Node C_W15_II_M1_A07_S2_F0 job(s)...
08/17/26 02:13:39 Submitting node C_W15_II_M1_A07_S2_F0 from file /afs/cern.ch/user/c/cglenn/FCCWork/whizard/whizard_ttbar_spinpol/phase11_diagnostics/excess_weight_rootcause_v1/ttbar_restricted_region_suite_v1/regions/submissions/20260816T231425Z_U9region_core_W15_S8_np1_v1p0p1/region_child.sub using direct job submission
08/17/26 02:13:39 	assigned HTCondor ID (6053969.0.0)
08/17/26 02:13:39 Just submitted 1 job this cycle...
08/17/26 02:13:39 Currently monitoring 1 HTCondor log file(s)
08/17/26 02:13:39 Event: ULOG_JOB_TERMINATED for HTCondor Node C_W15_II_M1_A07_S4_F0 (6053853.0.0) {08/17/26 02:13:37}
08/17/26 02:13:39 Number of idle job procs: 1
08/17/26 02:13:39 Node C_W15_II_M1_A07_S4_F0 job proc (6053853.0.0) completed successfully.
08/17/26 02:13:39 Node C_W15_II_M1_A07_S4_F0 job(s) have exited the queue
08/17/26 02:13:39 Reassigning the id of job C_W15_II_M1_A07_S2_F0 from (6053969.0.0) to (6053969.0.0)
08/17/26 02:13:39 Event: ULOG_SUBMIT for HTCondor Node C_W15_II_M1_A07_S2_F0 (6053969.0.0) {08/17/26 02:13:39}
08/17/26 02:13:39 Number of idle job procs: 2
08/17/26 02:13:39 DAG status: 0 (DAG_STATUS_OK)
08/17/26 02:13:39 Of 432 nodes total:
08/17/26 02:13:39  Done     Pre   Queued    Post   Ready   Un-Ready   Failed   Futile
08/17/26 02:13:39   ===     ===      ===     ===     ===        ===      ===      ===
08/17/26 02:13:39   373       0       56       0       0          3        0        0
08/17/26 02:13:39 0 job proc(s) currently held
08/17/26 02:13:39 DAGMan Runtime Statistics: [EventCycleTimeAvg=0.144; EventCycleTimeMax=20.234; EventCycleTimeMin=0.000; EventCycleTimeStd=0.880; EventCycleTimeSum=98.481; SleepCycleTimeAvg=5.005; SleepCycleTimeMax=5.040; SleepCycleTimeMin=5.000; SleepCycleTimeStd=0.002; SleepCycleTimeSum=3413.628; SubmitCycleTimeAvg=0.024; SubmitCycleTimeMax=2.749; SubmitCycleTimeMin=0.000; SubmitCycleTimeStd=0.140; SubmitCycleTimeSum=16.617; EventCycleTimeCount=682.000; SleepCycleTimeCount=682.000; SubmitCycleTimeCount=683.000; LogProcessCycleTimeAvg=0.194; LogProcessCycleTimeMax=20.234; LogProcessCycleTimeMin=0.002; LogProcessCycleTimeStd=1.210; LogProcessCycleTimeSum=63.578; LogProcessCycleTimeCount=327.000; ]
08/17/26 02:13:44 Currently monitoring 1 HTCondor log file(s)
08/17/26 02:13:54 Currently monitoring 1 HTCondor log file(s)
08/17/26 02:13:54 Event: ULOG_JOB_TERMINATED for HTCondor Node C_W15_LL_M2_A10_S5_F2 (6053568.0.0) {08/17/26 02:13:50}
08/17/26 02:13:54 Number of idle job procs: 2
08/17/26 02:13:54 Node C_W15_LL_M2_A10_S5_F2 job proc (6053568.0.0) completed successfully.
08/17/26 02:13:54 Node C_W15_LL_M2_A10_S5_F2 job(s) have exited the queue
08/17/26 02:13:54 Event: ULOG_EXECUTE for HTCondor Node C_W15_II_M1_A07_S5_F0 (6053968.0.0) {08/17/26 02:13:53}
08/17/26 02:13:54 Number of idle job procs: 1
08/17/26 02:13:54 DAG status: 0 (DAG_STATUS_OK)
08/17/26 02:13:54 Of 432 nodes total:
08/17/26 02:13:54  Done     Pre   Queued    Post   Ready   Un-Ready   Failed   Futile
08/17/26 02:13:54   ===     ===      ===     ===     ===        ===      ===      ===
08/17/26 02:13:54   374       0       55       0       0          3        0        0
08/17/26 02:13:54 0 job proc(s) currently held
08/17/26 02:13:54 DAGMan Runtime Statistics: [EventCycleTimeAvg=0.144; EventCycleTimeMax=20.234; EventCycleTimeMin=0.000; EventCycleTimeStd=0.878; EventCycleTimeSum=98.723; SleepCycleTimeAvg=5.005; SleepCycleTimeMax=5.040; SleepCycleTimeMin=5.000; SleepCycleTimeStd=0.002; SleepCycleTimeSum=3428.646; SubmitCycleTimeAvg=0.024; SubmitCycleTimeMax=2.749; SubmitCycleTimeMin=0.000; SubmitCycleTimeStd=0.140; SubmitCycleTimeSum=16.617; EventCycleTimeCount=685.000; SleepCycleTimeCount=685.000; SubmitCycleTimeCount=686.000; LogProcessCycleTimeAvg=0.193; LogProcessCycleTimeMax=20.234; LogProcessCycleTimeMin=0.002; LogProcessCycleTimeStd=1.207; LogProcessCycleTimeSum=63.616; LogProcessCycleTimeCount=329.000; ]
08/17/26 02:13:59 Currently monitoring 1 HTCondor log file(s)
08/17/26 02:13:59 Event: ULOG_JOB_TERMINATED for HTCondor Node C_W15_LH_M2_A10_S3_F2 (6053415.0.0) {08/17/26 02:13:59}
08/17/26 02:13:59 Number of idle job procs: 1
08/17/26 02:13:59 Node C_W15_LH_M2_A10_S3_F2 job proc (6053415.0.0) completed successfully.
08/17/26 02:13:59 Node C_W15_LH_M2_A10_S3_F2 job(s) have exited the queue
08/17/26 02:13:59 DAG status: 0 (DAG_STATUS_OK)
08/17/26 02:13:59 Of 432 nodes total:
08/17/26 02:13:59  Done     Pre   Queued    Post   Ready   Un-Ready   Failed   Futile
08/17/26 02:13:59   ===     ===      ===     ===     ===        ===      ===      ===
08/17/26 02:13:59   375       0       54       0       0          3        0        0
08/17/26 02:13:59 0 job proc(s) currently held
08/17/26 02:13:59 DAGMan Runtime Statistics: [EventCycleTimeAvg=0.144; EventCycleTimeMax=20.234; EventCycleTimeMin=0.000; EventCycleTimeStd=0.877; EventCycleTimeSum=98.789; SleepCycleTimeAvg=5.005; SleepCycleTimeMax=5.040; SleepCycleTimeMin=5.000; SleepCycleTimeStd=0.002; SleepCycleTimeSum=3433.651; SubmitCycleTimeAvg=0.024; SubmitCycleTimeMax=2.749; SubmitCycleTimeMin=0.000; SubmitCycleTimeStd=0.139; SubmitCycleTimeSum=16.617; EventCycleTimeCount=686.000; SleepCycleTimeCount=686.000; SubmitCycleTimeCount=687.000; LogProcessCycleTimeAvg=0.193; LogProcessCycleTimeMax=20.234; LogProcessCycleTimeMin=0.002; LogProcessCycleTimeStd=1.205; LogProcessCycleTimeSum=63.673; LogProcessCycleTimeCount=330.000; ]
08/17/26 02:14:04 Currently monitoring 1 HTCondor log file(s)
08/17/26 02:14:04 Event: ULOG_EXECUTE for HTCondor Node C_W15_II_M1_A07_S2_F0 (6053969.0.0) {08/17/26 02:14:00}
08/17/26 02:14:04 Number of idle job procs: 0
08/17/26 02:14:14 Currently monitoring 1 HTCondor log file(s)
08/17/26 02:14:14 Event: ULOG_JOB_TERMINATED for HTCondor Node C_W15_IH_M1_A07_S5_F0 (6053858.0.0) {08/17/26 02:14:12}
08/17/26 02:14:14 Number of idle job procs: 0
08/17/26 02:14:14 Node C_W15_IH_M1_A07_S5_F0 job proc (6053858.0.0) completed successfully.
08/17/26 02:14:14 Node C_W15_IH_M1_A07_S5_F0 job(s) have exited the queue
08/17/26 02:14:14 DAG status: 0 (DAG_STATUS_OK)
08/17/26 02:14:14 Of 432 nodes total:
08/17/26 02:14:14  Done     Pre   Queued    Post   Ready   Un-Ready   Failed   Futile
08/17/26 02:14:14   ===     ===      ===     ===     ===        ===      ===      ===
08/17/26 02:14:14   376       0       53       0       0          3        0        0
08/17/26 02:14:14 0 job proc(s) currently held
08/17/26 02:14:14 DAGMan Runtime Statistics: [EventCycleTimeAvg=0.144; EventCycleTimeMax=20.234; EventCycleTimeMin=0.000; EventCycleTimeStd=0.876; EventCycleTimeSum=98.962; SleepCycleTimeAvg=5.005; SleepCycleTimeMax=5.040; SleepCycleTimeMin=5.000; SleepCycleTimeStd=0.002; SleepCycleTimeSum=3448.674; SubmitCycleTimeAvg=0.024; SubmitCycleTimeMax=2.749; SubmitCycleTimeMin=0.000; SubmitCycleTimeStd=0.139; SubmitCycleTimeSum=16.617; EventCycleTimeCount=689.000; SleepCycleTimeCount=689.000; SubmitCycleTimeCount=690.000; LogProcessCycleTimeAvg=0.192; LogProcessCycleTimeMax=20.234; LogProcessCycleTimeMin=0.002; LogProcessCycleTimeStd=1.201; LogProcessCycleTimeSum=63.767; LogProcessCycleTimeCount=332.000; ]
08/17/26 02:14:19 Currently monitoring 1 HTCondor log file(s)
08/17/26 02:14:19 Event: ULOG_JOB_TERMINATED for HTCondor Node C_W15_LL_M1_A07_S1_F0 (6053855.0.0) {08/17/26 02:14:16}
08/17/26 02:14:20 Number of idle job procs: 0
08/17/26 02:14:20 Node C_W15_LL_M1_A07_S1_F0 job proc (6053855.0.0) completed successfully.
08/17/26 02:14:20 Node C_W15_LL_M1_A07_S1_F0 job(s) have exited the queue
08/17/26 02:14:20 DAG status: 0 (DAG_STATUS_OK)
08/17/26 02:14:20 Of 432 nodes total:
08/17/26 02:14:20  Done     Pre   Queued    Post   Ready   Un-Ready   Failed   Futile
08/17/26 02:14:20   ===     ===      ===     ===     ===        ===      ===      ===
08/17/26 02:14:20   377       0       52       0       0          3        0        0
08/17/26 02:14:20 0 job proc(s) currently held
08/17/26 02:14:20 DAGMan Runtime Statistics: [EventCycleTimeAvg=0.144; EventCycleTimeMax=20.234; EventCycleTimeMin=0.000; EventCycleTimeStd=0.875; EventCycleTimeSum=99.115; SleepCycleTimeAvg=5.005; SleepCycleTimeMax=5.040; SleepCycleTimeMin=5.000; SleepCycleTimeStd=0.002; SleepCycleTimeSum=3453.679; SubmitCycleTimeAvg=0.024; SubmitCycleTimeMax=2.749; SubmitCycleTimeMin=0.000; SubmitCycleTimeStd=0.139; SubmitCycleTimeSum=16.617; EventCycleTimeCount=690.000; SleepCycleTimeCount=690.000; SubmitCycleTimeCount=691.000; LogProcessCycleTimeAvg=0.192; LogProcessCycleTimeMax=20.234; LogProcessCycleTimeMin=0.002; LogProcessCycleTimeStd=1.199; LogProcessCycleTimeSum=63.831; LogProcessCycleTimeCount=333.000; ]
08/17/26 02:14:25 Currently monitoring 1 HTCondor log file(s)
08/17/26 02:14:25 Event: ULOG_JOB_TERMINATED for HTCondor Node C_W15_IL_M1_A07_S5_F0 (6053879.0.0) {08/17/26 02:14:24}
08/17/26 02:14:25 Number of idle job procs: 0
08/17/26 02:14:25 Node C_W15_IL_M1_A07_S5_F0 job proc (6053879.0.0) completed successfully.
08/17/26 02:14:25 Node C_W15_IL_M1_A07_S5_F0 job(s) have exited the queue
08/17/26 02:14:25 DAG status: 0 (DAG_STATUS_OK)
08/17/26 02:14:25 Of 432 nodes total:
08/17/26 02:14:25  Done     Pre   Queued    Post   Ready   Un-Ready   Failed   Futile
08/17/26 02:14:25   ===     ===      ===     ===     ===        ===      ===      ===
08/17/26 02:14:25   378       0       51       0       0          3        0        0
08/17/26 02:14:25 0 job proc(s) currently held
08/17/26 02:14:25 DAGMan Runtime Statistics: [EventCycleTimeAvg=0.144; EventCycleTimeMax=20.234; EventCycleTimeMin=0.000; EventCycleTimeStd=0.874; EventCycleTimeSum=99.237; SleepCycleTimeAvg=5.005; SleepCycleTimeMax=5.040; SleepCycleTimeMin=5.000; SleepCycleTimeStd=0.002; SleepCycleTimeSum=3458.684; SubmitCycleTimeAvg=0.024; SubmitCycleTimeMax=2.749; SubmitCycleTimeMin=0.000; SubmitCycleTimeStd=0.139; SubmitCycleTimeSum=16.617; EventCycleTimeCount=691.000; SleepCycleTimeCount=691.000; SubmitCycleTimeCount=692.000; LogProcessCycleTimeAvg=0.191; LogProcessCycleTimeMax=20.234; LogProcessCycleTimeMin=0.002; LogProcessCycleTimeStd=1.198; LogProcessCycleTimeSum=63.889; LogProcessCycleTimeCount=334.000; ]
08/17/26 02:14:40 Currently monitoring 1 HTCondor log file(s)
08/17/26 02:14:40 Event: ULOG_JOB_TERMINATED for HTCondor Node C_W15_IL_M1_A07_S6_F0 (6053894.0.0) {08/17/26 02:14:37}
08/17/26 02:14:40 Number of idle job procs: 0
08/17/26 02:14:40 Node C_W15_IL_M1_A07_S6_F0 job proc (6053894.0.0) completed successfully.
08/17/26 02:14:40 Node C_W15_IL_M1_A07_S6_F0 job(s) have exited the queue
08/17/26 02:14:40 DAG status: 0 (DAG_STATUS_OK)
08/17/26 02:14:40 Of 432 nodes total:
08/17/26 02:14:40  Done     Pre   Queued    Post   Ready   Un-Ready   Failed   Futile
08/17/26 02:14:40   ===     ===      ===     ===     ===        ===      ===      ===
08/17/26 02:14:40   379       0       50       0       0          3        0        0
08/17/26 02:14:40 0 job proc(s) currently held
08/17/26 02:14:40 DAGMan Runtime Statistics: [EventCycleTimeAvg=0.143; EventCycleTimeMax=20.234; EventCycleTimeMin=0.000; EventCycleTimeStd=0.872; EventCycleTimeSum=99.373; SleepCycleTimeAvg=5.005; SleepCycleTimeMax=5.040; SleepCycleTimeMin=5.000; SleepCycleTimeStd=0.002; SleepCycleTimeSum=3473.695; SubmitCycleTimeAvg=0.024; SubmitCycleTimeMax=2.749; SubmitCycleTimeMin=0.000; SubmitCycleTimeStd=0.139; SubmitCycleTimeSum=16.617; EventCycleTimeCount=694.000; SleepCycleTimeCount=694.000; SubmitCycleTimeCount=695.000; LogProcessCycleTimeAvg=0.191; LogProcessCycleTimeMax=20.234; LogProcessCycleTimeMin=0.002; LogProcessCycleTimeStd=1.196; LogProcessCycleTimeSum=63.946; LogProcessCycleTimeCount=335.000; ]
08/17/26 02:15:10 Currently monitoring 1 HTCondor log file(s)
08/17/26 02:15:10 Event: ULOG_JOB_TERMINATED for HTCondor Node P_W15_LH_M1_A07_S3 (6053191.0.0) {08/17/26 02:15:10}
08/17/26 02:15:10 Number of idle job procs: 0
08/17/26 02:15:10 Node P_W15_LH_M1_A07_S3 job proc (6053191.0.0) completed successfully.
08/17/26 02:15:10 Node P_W15_LH_M1_A07_S3 job(s) have exited the queue
08/17/26 02:15:10 DAG status: 0 (DAG_STATUS_OK)
08/17/26 02:15:10 Of 432 nodes total:
08/17/26 02:15:10  Done     Pre   Queued    Post   Ready   Un-Ready   Failed   Futile
08/17/26 02:15:10   ===     ===      ===     ===     ===        ===      ===      ===
08/17/26 02:15:10   380       0       49       0       1          2        0        0
08/17/26 02:15:10 0 job proc(s) currently held
08/17/26 02:15:10 DAGMan Runtime Statistics: [EventCycleTimeAvg=0.142; EventCycleTimeMax=20.234; EventCycleTimeMin=0.000; EventCycleTimeStd=0.869; EventCycleTimeSum=99.507; SleepCycleTimeAvg=5.005; SleepCycleTimeMax=5.040; SleepCycleTimeMin=5.000; SleepCycleTimeStd=0.002; SleepCycleTimeSum=3503.726; SubmitCycleTimeAvg=0.024; SubmitCycleTimeMax=2.749; SubmitCycleTimeMin=0.000; SubmitCycleTimeStd=0.138; SubmitCycleTimeSum=16.617; EventCycleTimeCount=700.000; SleepCycleTimeCount=700.000; SubmitCycleTimeCount=701.000; LogProcessCycleTimeAvg=0.190; LogProcessCycleTimeMax=20.234; LogProcessCycleTimeMin=0.002; LogProcessCycleTimeStd=1.194; LogProcessCycleTimeSum=63.973; LogProcessCycleTimeCount=336.000; ]
08/17/26 02:15:15 Submitting HTCondor Node C_W15_LH_M1_A07_S3_F0 job(s)...
08/17/26 02:15:15 Submitting node C_W15_LH_M1_A07_S3_F0 from file /afs/cern.ch/user/c/cglenn/FCCWork/whizard/whizard_ttbar_spinpol/phase11_diagnostics/excess_weight_rootcause_v1/ttbar_restricted_region_suite_v1/regions/submissions/20260816T231425Z_U9region_core_W15_S8_np1_v1p0p1/region_child.sub using direct job submission
08/17/26 02:15:15 	assigned HTCondor ID (6053979.0.0)
08/17/26 02:15:15 Just submitted 1 job this cycle...
08/17/26 02:15:15 DAG status: 0 (DAG_STATUS_OK)
08/17/26 02:15:15 Of 432 nodes total:
08/17/26 02:15:15  Done     Pre   Queued    Post   Ready   Un-Ready   Failed   Futile
08/17/26 02:15:15   ===     ===      ===     ===     ===        ===      ===      ===
08/17/26 02:15:15   380       0       50       0       0          2        0        0
08/17/26 02:15:15 0 job proc(s) currently held
08/17/26 02:15:15 DAGMan Runtime Statistics: [EventCycleTimeAvg=0.142; EventCycleTimeMax=20.234; EventCycleTimeMin=0.000; EventCycleTimeStd=0.868; EventCycleTimeSum=99.572; SleepCycleTimeAvg=5.005; SleepCycleTimeMax=5.040; SleepCycleTimeMin=5.000; SleepCycleTimeStd=0.002; SleepCycleTimeSum=3508.732; SubmitCycleTimeAvg=0.024; SubmitCycleTimeMax=2.749; SubmitCycleTimeMin=0.000; SubmitCycleTimeStd=0.138; SubmitCycleTimeSum=16.650; EventCycleTimeCount=701.000; SleepCycleTimeCount=701.000; SubmitCycleTimeCount=702.000; LogProcessCycleTimeAvg=0.190; LogProcessCycleTimeMax=20.234; LogProcessCycleTimeMin=0.002; LogProcessCycleTimeStd=1.194; LogProcessCycleTimeSum=63.973; LogProcessCycleTimeCount=336.000; ]
08/17/26 02:15:15 Total jobs placed to AP: 429
08/17/26 02:15:15      Idle     Held     Running     Successful     Failed
08/17/26 02:15:15       ===      ===         ===            ===        ===
08/17/26 02:15:15         0        0          49            380          0
08/17/26 02:15:20 Currently monitoring 1 HTCondor log file(s)
08/17/26 02:15:20 Reassigning the id of job C_W15_LH_M1_A07_S3_F0 from (6053979.0.0) to (6053979.0.0)
08/17/26 02:15:20 Event: ULOG_SUBMIT for HTCondor Node C_W15_LH_M1_A07_S3_F0 (6053979.0.0) {08/17/26 02:15:15}
08/17/26 02:15:20 Number of idle job procs: 1
08/17/26 02:15:20 Event: ULOG_JOB_TERMINATED for HTCondor Node C_W15_II_M0_A00_S1_F0 (6053671.0.0) {08/17/26 02:15:16}
08/17/26 02:15:20 Number of idle job procs: 1
08/17/26 02:15:20 Node C_W15_II_M0_A00_S1_F0 job proc (6053671.0.0) completed successfully.
08/17/26 02:15:20 Node C_W15_II_M0_A00_S1_F0 job(s) have exited the queue
08/17/26 02:15:20 DAG status: 0 (DAG_STATUS_OK)
08/17/26 02:15:20 Of 432 nodes total:
08/17/26 02:15:20  Done     Pre   Queued    Post   Ready   Un-Ready   Failed   Futile
08/17/26 02:15:20   ===     ===      ===     ===     ===        ===      ===      ===
08/17/26 02:15:20   381       0       49       0       0          2        0        0
08/17/26 02:15:20 0 job proc(s) currently held
08/17/26 02:15:20 DAGMan Runtime Statistics: [EventCycleTimeAvg=0.142; EventCycleTimeMax=20.234; EventCycleTimeMin=0.000; EventCycleTimeStd=0.868; EventCycleTimeSum=99.712; SleepCycleTimeAvg=5.005; SleepCycleTimeMax=5.040; SleepCycleTimeMin=5.000; SleepCycleTimeStd=0.002; SleepCycleTimeSum=3513.737; SubmitCycleTimeAvg=0.024; SubmitCycleTimeMax=2.749; SubmitCycleTimeMin=0.000; SubmitCycleTimeStd=0.138; SubmitCycleTimeSum=16.650; EventCycleTimeCount=702.000; SleepCycleTimeCount=702.000; SubmitCycleTimeCount=703.000; LogProcessCycleTimeAvg=0.190; LogProcessCycleTimeMax=20.234; LogProcessCycleTimeMin=0.002; LogProcessCycleTimeStd=1.192; LogProcessCycleTimeSum=64.017; LogProcessCycleTimeCount=337.000; ]
08/17/26 02:15:25 Currently monitoring 1 HTCondor log file(s)
08/17/26 02:15:25 Event: ULOG_JOB_TERMINATED for HTCondor Node C_W15_LH_M2_A10_S2_F2 (6053414.0.0) {08/17/26 02:15:21}
08/17/26 02:15:25 Number of idle job procs: 1
08/17/26 02:15:25 Node C_W15_LH_M2_A10_S2_F2 job proc (6053414.0.0) completed successfully.
08/17/26 02:15:25 Node C_W15_LH_M2_A10_S2_F2 job(s) have exited the queue
08/17/26 02:15:25 DAG status: 0 (DAG_STATUS_OK)
08/17/26 02:15:25 Of 432 nodes total:
08/17/26 02:15:25  Done     Pre   Queued    Post   Ready   Un-Ready   Failed   Futile
08/17/26 02:15:25   ===     ===      ===     ===     ===        ===      ===      ===
08/17/26 02:15:25   382       0       48       0       0          2        0        0
08/17/26 02:15:25 0 job proc(s) currently held
08/17/26 02:15:25 DAGMan Runtime Statistics: [EventCycleTimeAvg=0.142; EventCycleTimeMax=20.234; EventCycleTimeMin=0.000; EventCycleTimeStd=0.867; EventCycleTimeSum=99.793; SleepCycleTimeAvg=5.005; SleepCycleTimeMax=5.040; SleepCycleTimeMin=5.000; SleepCycleTimeStd=0.002; SleepCycleTimeSum=3518.742; SubmitCycleTimeAvg=0.024; SubmitCycleTimeMax=2.749; SubmitCycleTimeMin=0.000; SubmitCycleTimeStd=0.138; SubmitCycleTimeSum=16.650; EventCycleTimeCount=703.000; SleepCycleTimeCount=703.000; SubmitCycleTimeCount=704.000; LogProcessCycleTimeAvg=0.189; LogProcessCycleTimeMax=20.234; LogProcessCycleTimeMin=0.002; LogProcessCycleTimeStd=1.191; LogProcessCycleTimeSum=64.044; LogProcessCycleTimeCount=338.000; ]
08/17/26 02:15:30 Currently monitoring 1 HTCondor log file(s)
08/17/26 02:15:30 Event: ULOG_JOB_TERMINATED for HTCondor Node C_W15_LL_M1_A07_S2_F0 (6053870.0.0) {08/17/26 02:15:26}
08/17/26 02:15:30 Number of idle job procs: 1
08/17/26 02:15:30 Node C_W15_LL_M1_A07_S2_F0 job proc (6053870.0.0) completed successfully.
08/17/26 02:15:30 Node C_W15_LL_M1_A07_S2_F0 job(s) have exited the queue
08/17/26 02:15:30 Event: ULOG_JOB_TERMINATED for HTCondor Node C_W15_LH_M2_A10_S5_F2 (6053559.0.0) {08/17/26 02:15:28}
08/17/26 02:15:30 Number of idle job procs: 1
08/17/26 02:15:30 Node C_W15_LH_M2_A10_S5_F2 job proc (6053559.0.0) completed successfully.
08/17/26 02:15:30 Node C_W15_LH_M2_A10_S5_F2 job(s) have exited the queue
08/17/26 02:15:30 Event: ULOG_EXECUTE for HTCondor Node C_W15_LH_M1_A07_S3_F0 (6053979.0.0) {08/17/26 02:15:29}
08/17/26 02:15:30 Number of idle job procs: 0
08/17/26 02:15:30 DAG status: 0 (DAG_STATUS_OK)
08/17/26 02:15:30 Of 432 nodes total:
08/17/26 02:15:30  Done     Pre   Queued    Post   Ready   Un-Ready   Failed   Futile
08/17/26 02:15:30   ===     ===      ===     ===     ===        ===      ===      ===
08/17/26 02:15:30   384       0       46       0       0          2        0        0
08/17/26 02:15:30 0 job proc(s) currently held
08/17/26 02:15:30 DAGMan Runtime Statistics: [EventCycleTimeAvg=0.142; EventCycleTimeMax=20.234; EventCycleTimeMin=0.000; EventCycleTimeStd=0.866; EventCycleTimeSum=99.857; SleepCycleTimeAvg=5.005; SleepCycleTimeMax=5.040; SleepCycleTimeMin=5.000; SleepCycleTimeStd=0.002; SleepCycleTimeSum=3523.748; SubmitCycleTimeAvg=0.024; SubmitCycleTimeMax=2.749; SubmitCycleTimeMin=0.000; SubmitCycleTimeStd=0.138; SubmitCycleTimeSum=16.650; EventCycleTimeCount=704.000; SleepCycleTimeCount=704.000; SubmitCycleTimeCount=705.000; LogProcessCycleTimeAvg=0.189; LogProcessCycleTimeMax=20.234; LogProcessCycleTimeMin=0.002; LogProcessCycleTimeStd=1.189; LogProcessCycleTimeSum=64.103; LogProcessCycleTimeCount=339.000; ]
08/17/26 02:16:10 Currently monitoring 1 HTCondor log file(s)
08/17/26 02:16:10 Event: ULOG_JOB_TERMINATED for HTCondor Node C_W15_LL_M2_A10_S0_F2 (6053422.0.0) {08/17/26 02:16:09}
08/17/26 02:16:10 Number of idle job procs: 0
08/17/26 02:16:10 Node C_W15_LL_M2_A10_S0_F2 job proc (6053422.0.0) completed successfully.
08/17/26 02:16:10 Node C_W15_LL_M2_A10_S0_F2 job(s) have exited the queue
08/17/26 02:16:11 Event: ULOG_JOB_TERMINATED for HTCondor Node C_W15_HL_M2_A10_S6_F2 (6053412.0.0) {08/17/26 02:16:09}
08/17/26 02:16:11 Number of idle job procs: 0
08/17/26 02:16:11 Node C_W15_HL_M2_A10_S6_F2 job proc (6053412.0.0) completed successfully.
08/17/26 02:16:11 Node C_W15_HL_M2_A10_S6_F2 job(s) have exited the queue
08/17/26 02:16:11 DAG status: 0 (DAG_STATUS_OK)
08/17/26 02:16:11 Of 432 nodes total:
08/17/26 02:16:11  Done     Pre   Queued    Post   Ready   Un-Ready   Failed   Futile
08/17/26 02:16:11   ===     ===      ===     ===     ===        ===      ===      ===
08/17/26 02:16:11   386       0       44       0       0          2        0        0
08/17/26 02:16:11 0 job proc(s) currently held
08/17/26 02:16:11 DAGMan Runtime Statistics: [EventCycleTimeAvg=0.140; EventCycleTimeMax=20.234; EventCycleTimeMin=0.000; EventCycleTimeStd=0.862; EventCycleTimeSum=99.963; SleepCycleTimeAvg=5.005; SleepCycleTimeMax=5.040; SleepCycleTimeMin=5.000; SleepCycleTimeStd=0.002; SleepCycleTimeSum=3563.788; SubmitCycleTimeAvg=0.023; SubmitCycleTimeMax=2.749; SubmitCycleTimeMin=0.000; SubmitCycleTimeStd=0.137; SubmitCycleTimeSum=16.650; EventCycleTimeCount=712.000; SleepCycleTimeCount=712.000; SubmitCycleTimeCount=713.000; LogProcessCycleTimeAvg=0.189; LogProcessCycleTimeMax=20.234; LogProcessCycleTimeMin=0.002; LogProcessCycleTimeStd=1.187; LogProcessCycleTimeSum=64.223; LogProcessCycleTimeCount=340.000; ]
08/17/26 02:17:16 Currently monitoring 1 HTCondor log file(s)
08/17/26 02:17:16 Event: ULOG_JOB_TERMINATED for HTCondor Node P_W15_II_M1_A07_S6 (6053242.0.0) {08/17/26 02:17:13}
08/17/26 02:17:16 Number of idle job procs: 0
08/17/26 02:17:16 Node P_W15_II_M1_A07_S6 job proc (6053242.0.0) completed successfully.
08/17/26 02:17:16 Node P_W15_II_M1_A07_S6 job(s) have exited the queue
08/17/26 02:17:16 DAG status: 0 (DAG_STATUS_OK)
08/17/26 02:17:16 Of 432 nodes total:
08/17/26 02:17:16  Done     Pre   Queued    Post   Ready   Un-Ready   Failed   Futile
08/17/26 02:17:16   ===     ===      ===     ===     ===        ===      ===      ===
08/17/26 02:17:16   387       0       43       0       1          1        0        0
08/17/26 02:17:16 0 job proc(s) currently held
08/17/26 02:17:16 DAGMan Runtime Statistics: [EventCycleTimeAvg=0.138; EventCycleTimeMax=20.234; EventCycleTimeMin=0.000; EventCycleTimeStd=0.854; EventCycleTimeSum=100.169; SleepCycleTimeAvg=5.005; SleepCycleTimeMax=5.040; SleepCycleTimeMin=5.000; SleepCycleTimeStd=0.002; SleepCycleTimeSum=3628.855; SubmitCycleTimeAvg=0.023; SubmitCycleTimeMax=2.749; SubmitCycleTimeMin=0.000; SubmitCycleTimeStd=0.136; SubmitCycleTimeSum=16.650; EventCycleTimeCount=725.000; SleepCycleTimeCount=725.000; SubmitCycleTimeCount=726.000; LogProcessCycleTimeAvg=0.188; LogProcessCycleTimeMax=20.234; LogProcessCycleTimeMin=0.002; LogProcessCycleTimeStd=1.185; LogProcessCycleTimeSum=64.251; LogProcessCycleTimeCount=341.000; ]
08/17/26 02:17:21 Submitting HTCondor Node C_W15_II_M1_A07_S6_F0 job(s)...
08/17/26 02:17:21 Submitting node C_W15_II_M1_A07_S6_F0 from file /afs/cern.ch/user/c/cglenn/FCCWork/whizard/whizard_ttbar_spinpol/phase11_diagnostics/excess_weight_rootcause_v1/ttbar_restricted_region_suite_v1/regions/submissions/20260816T231425Z_U9region_core_W15_S8_np1_v1p0p1/region_child.sub using direct job submission
08/17/26 02:17:21 	assigned HTCondor ID (6053986.0.0)
08/17/26 02:17:21 Just submitted 1 job this cycle...
08/17/26 02:17:21 DAG status: 0 (DAG_STATUS_OK)
08/17/26 02:17:21 Of 432 nodes total:
08/17/26 02:17:21  Done     Pre   Queued    Post   Ready   Un-Ready   Failed   Futile
08/17/26 02:17:21   ===     ===      ===     ===     ===        ===      ===      ===
08/17/26 02:17:21   387       0       44       0       0          1        0        0
08/17/26 02:17:21 0 job proc(s) currently held
08/17/26 02:17:21 DAGMan Runtime Statistics: [EventCycleTimeAvg=0.138; EventCycleTimeMax=20.234; EventCycleTimeMin=0.000; EventCycleTimeStd=0.853; EventCycleTimeSum=100.238; SleepCycleTimeAvg=5.005; SleepCycleTimeMax=5.040; SleepCycleTimeMin=5.000; SleepCycleTimeStd=0.002; SleepCycleTimeSum=3633.860; SubmitCycleTimeAvg=0.023; SubmitCycleTimeMax=2.749; SubmitCycleTimeMin=0.000; SubmitCycleTimeStd=0.136; SubmitCycleTimeSum=16.684; EventCycleTimeCount=726.000; SleepCycleTimeCount=726.000; SubmitCycleTimeCount=727.000; LogProcessCycleTimeAvg=0.188; LogProcessCycleTimeMax=20.234; LogProcessCycleTimeMin=0.002; LogProcessCycleTimeStd=1.185; LogProcessCycleTimeSum=64.251; LogProcessCycleTimeCount=341.000; ]
08/17/26 02:17:26 Currently monitoring 1 HTCondor log file(s)
08/17/26 02:17:26 Reassigning the id of job C_W15_II_M1_A07_S6_F0 from (6053986.0.0) to (6053986.0.0)
08/17/26 02:17:26 Event: ULOG_SUBMIT for HTCondor Node C_W15_II_M1_A07_S6_F0 (6053986.0.0) {08/17/26 02:17:21}
08/17/26 02:17:26 Number of idle job procs: 1
08/17/26 02:17:46 Currently monitoring 1 HTCondor log file(s)
08/17/26 02:17:46 Event: ULOG_JOB_TERMINATED for HTCondor Node C_W15_LH_M1_A07_S5_F0 (6053860.0.0) {08/17/26 02:17:44}
08/17/26 02:17:46 Number of idle job procs: 1
08/17/26 02:17:46 Node C_W15_LH_M1_A07_S5_F0 job proc (6053860.0.0) completed successfully.
08/17/26 02:17:46 Node C_W15_LH_M1_A07_S5_F0 job(s) have exited the queue
08/17/26 02:17:46 DAG status: 0 (DAG_STATUS_OK)
08/17/26 02:17:46 Of 432 nodes total:
08/17/26 02:17:46  Done     Pre   Queued    Post   Ready   Un-Ready   Failed   Futile
08/17/26 02:17:46   ===     ===      ===     ===     ===        ===      ===      ===
08/17/26 02:17:46   388       0       43       0       0          1        0        0
08/17/26 02:17:46 0 job proc(s) currently held
08/17/26 02:17:46 DAGMan Runtime Statistics: [EventCycleTimeAvg=0.137; EventCycleTimeMax=20.234; EventCycleTimeMin=0.000; EventCycleTimeStd=0.850; EventCycleTimeSum=100.343; SleepCycleTimeAvg=5.005; SleepCycleTimeMax=5.040; SleepCycleTimeMin=5.000; SleepCycleTimeStd=0.002; SleepCycleTimeSum=3658.882; SubmitCycleTimeAvg=0.023; SubmitCycleTimeMax=2.749; SubmitCycleTimeMin=0.000; SubmitCycleTimeStd=0.135; SubmitCycleTimeSum=16.684; EventCycleTimeCount=731.000; SleepCycleTimeCount=731.000; SubmitCycleTimeCount=732.000; LogProcessCycleTimeAvg=0.187; LogProcessCycleTimeMax=20.234; LogProcessCycleTimeMin=0.002; LogProcessCycleTimeStd=1.182; LogProcessCycleTimeSum=64.308; LogProcessCycleTimeCount=343.000; ]
08/17/26 02:17:51 Currently monitoring 1 HTCondor log file(s)
08/17/26 02:17:51 Event: ULOG_EXECUTE for HTCondor Node C_W15_II_M1_A07_S6_F0 (6053986.0.0) {08/17/26 02:17:50}
08/17/26 02:17:51 Number of idle job procs: 0
08/17/26 02:18:01 Currently monitoring 1 HTCondor log file(s)
08/17/26 02:18:01 Event: ULOG_JOB_TERMINATED for HTCondor Node C_W15_II_M2_A10_S7_F2 (6053382.0.0) {08/17/26 02:17:59}
08/17/26 02:18:01 Number of idle job procs: 0
08/17/26 02:18:01 Node C_W15_II_M2_A10_S7_F2 job proc (6053382.0.0) completed successfully.
08/17/26 02:18:01 Node C_W15_II_M2_A10_S7_F2 job(s) have exited the queue
08/17/26 02:18:01 DAG status: 0 (DAG_STATUS_OK)
08/17/26 02:18:01 Of 432 nodes total:
08/17/26 02:18:01  Done     Pre   Queued    Post   Ready   Un-Ready   Failed   Futile
08/17/26 02:18:01   ===     ===      ===     ===     ===        ===      ===      ===
08/17/26 02:18:01   389       0       42       0       0          1        0        0
08/17/26 02:18:01 0 job proc(s) currently held
08/17/26 02:18:01 DAGMan Runtime Statistics: [EventCycleTimeAvg=0.137; EventCycleTimeMax=20.234; EventCycleTimeMin=0.000; EventCycleTimeStd=0.849; EventCycleTimeSum=100.466; SleepCycleTimeAvg=5.005; SleepCycleTimeMax=5.040; SleepCycleTimeMin=5.000; SleepCycleTimeStd=0.002; SleepCycleTimeSum=3673.905; SubmitCycleTimeAvg=0.023; SubmitCycleTimeMax=2.749; SubmitCycleTimeMin=0.000; SubmitCycleTimeStd=0.135; SubmitCycleTimeSum=16.684; EventCycleTimeCount=734.000; SleepCycleTimeCount=734.000; SubmitCycleTimeCount=735.000; LogProcessCycleTimeAvg=0.187; LogProcessCycleTimeMax=20.234; LogProcessCycleTimeMin=0.002; LogProcessCycleTimeStd=1.179; LogProcessCycleTimeSum=64.421; LogProcessCycleTimeCount=345.000; ]
08/17/26 02:18:31 Currently monitoring 1 HTCondor log file(s)
08/17/26 02:18:31 Event: ULOG_JOB_TERMINATED for HTCondor Node C_W15_II_M2_A10_S1_F2 (6053365.0.0) {08/17/26 02:18:26}
08/17/26 02:18:31 Number of idle job procs: 0
08/17/26 02:18:31 Node C_W15_II_M2_A10_S1_F2 job proc (6053365.0.0) completed successfully.
08/17/26 02:18:31 Node C_W15_II_M2_A10_S1_F2 job(s) have exited the queue
08/17/26 02:18:31 DAG status: 0 (DAG_STATUS_OK)
08/17/26 02:18:31 Of 432 nodes total:
08/17/26 02:18:31  Done     Pre   Queued    Post   Ready   Un-Ready   Failed   Futile
08/17/26 02:18:31   ===     ===      ===     ===     ===        ===      ===      ===
08/17/26 02:18:31   390       0       41       0       0          1        0        0
08/17/26 02:18:31 0 job proc(s) currently held
08/17/26 02:18:31 DAGMan Runtime Statistics: [EventCycleTimeAvg=0.136; EventCycleTimeMax=20.234; EventCycleTimeMin=0.000; EventCycleTimeStd=0.845; EventCycleTimeSum=100.645; SleepCycleTimeAvg=5.005; SleepCycleTimeMax=5.040; SleepCycleTimeMin=5.000; SleepCycleTimeStd=0.002; SleepCycleTimeSum=3703.936; SubmitCycleTimeAvg=0.023; SubmitCycleTimeMax=2.749; SubmitCycleTimeMin=0.000; SubmitCycleTimeStd=0.134; SubmitCycleTimeSum=16.684; EventCycleTimeCount=740.000; SleepCycleTimeCount=740.000; SubmitCycleTimeCount=741.000; LogProcessCycleTimeAvg=0.186; LogProcessCycleTimeMax=20.234; LogProcessCycleTimeMin=0.002; LogProcessCycleTimeStd=1.177; LogProcessCycleTimeSum=64.493; LogProcessCycleTimeCount=346.000; ]
08/17/26 02:18:56 Currently monitoring 1 HTCondor log file(s)
08/17/26 02:18:56 Event: ULOG_JOB_TERMINATED for HTCondor Node C_W15_IL_M1_A07_S3_F0 (6053856.0.0) {08/17/26 02:18:52}
08/17/26 02:18:56 Number of idle job procs: 0
08/17/26 02:18:56 Node C_W15_IL_M1_A07_S3_F0 job proc (6053856.0.0) completed successfully.
08/17/26 02:18:56 Node C_W15_IL_M1_A07_S3_F0 job(s) have exited the queue
08/17/26 02:18:57 DAG status: 0 (DAG_STATUS_OK)
08/17/26 02:18:57 Of 432 nodes total:
08/17/26 02:18:57  Done     Pre   Queued    Post   Ready   Un-Ready   Failed   Futile
08/17/26 02:18:57   ===     ===      ===     ===     ===        ===      ===      ===
08/17/26 02:18:57   391       0       40       0       0          1        0        0
08/17/26 02:18:57 0 job proc(s) currently held
08/17/26 02:18:57 DAGMan Runtime Statistics: [EventCycleTimeAvg=0.135; EventCycleTimeMax=20.234; EventCycleTimeMin=0.000; EventCycleTimeStd=0.843; EventCycleTimeSum=100.815; SleepCycleTimeAvg=5.005; SleepCycleTimeMax=5.040; SleepCycleTimeMin=5.000; SleepCycleTimeStd=0.002; SleepCycleTimeSum=3728.962; SubmitCycleTimeAvg=0.022; SubmitCycleTimeMax=2.749; SubmitCycleTimeMin=0.000; SubmitCycleTimeStd=0.134; SubmitCycleTimeSum=16.684; EventCycleTimeCount=745.000; SleepCycleTimeCount=745.000; SubmitCycleTimeCount=746.000; LogProcessCycleTimeAvg=0.186; LogProcessCycleTimeMax=20.234; LogProcessCycleTimeMin=0.002; LogProcessCycleTimeStd=1.175; LogProcessCycleTimeSum=64.526; LogProcessCycleTimeCount=347.000; ]
08/17/26 02:19:07 Currently monitoring 1 HTCondor log file(s)
08/17/26 02:19:07 Event: ULOG_JOB_TERMINATED for HTCondor Node C_W15_IL_M1_A07_S4_F0 (6053874.0.0) {08/17/26 02:19:02}
08/17/26 02:19:07 Number of idle job procs: 0
08/17/26 02:19:07 Node C_W15_IL_M1_A07_S4_F0 job proc (6053874.0.0) completed successfully.
08/17/26 02:19:07 Node C_W15_IL_M1_A07_S4_F0 job(s) have exited the queue
08/17/26 02:19:07 DAG status: 0 (DAG_STATUS_OK)
08/17/26 02:19:07 Of 432 nodes total:
08/17/26 02:19:07  Done     Pre   Queued    Post   Ready   Un-Ready   Failed   Futile
08/17/26 02:19:07   ===     ===      ===     ===     ===        ===      ===      ===
08/17/26 02:19:07   392       0       39       0       0          1        0        0
08/17/26 02:19:07 0 job proc(s) currently held
08/17/26 02:19:07 DAGMan Runtime Statistics: [EventCycleTimeAvg=0.135; EventCycleTimeMax=20.234; EventCycleTimeMin=0.000; EventCycleTimeStd=0.841; EventCycleTimeSum=100.894; SleepCycleTimeAvg=5.005; SleepCycleTimeMax=5.040; SleepCycleTimeMin=5.000; SleepCycleTimeStd=0.002; SleepCycleTimeSum=3738.971; SubmitCycleTimeAvg=0.022; SubmitCycleTimeMax=2.749; SubmitCycleTimeMin=0.000; SubmitCycleTimeStd=0.134; SubmitCycleTimeSum=16.684; EventCycleTimeCount=747.000; SleepCycleTimeCount=747.000; SubmitCycleTimeCount=748.000; LogProcessCycleTimeAvg=0.186; LogProcessCycleTimeMax=20.234; LogProcessCycleTimeMin=0.002; LogProcessCycleTimeStd=1.174; LogProcessCycleTimeSum=64.592; LogProcessCycleTimeCount=348.000; ]
08/17/26 02:19:17 Currently monitoring 1 HTCondor log file(s)
08/17/26 02:19:17 Event: ULOG_JOB_TERMINATED for HTCondor Node C_W15_II_M2_A10_S0_F2 (6053359.0.0) {08/17/26 02:19:14}
08/17/26 02:19:17 Number of idle job procs: 0
08/17/26 02:19:17 Node C_W15_II_M2_A10_S0_F2 job proc (6053359.0.0) completed successfully.
08/17/26 02:19:17 Node C_W15_II_M2_A10_S0_F2 job(s) have exited the queue
08/17/26 02:19:17 Event: ULOG_JOB_TERMINATED for HTCondor Node C_W15_HL_M1_A07_S3_F0 (6053851.0.0) {08/17/26 02:19:17}
08/17/26 02:19:17 Number of idle job procs: 0
08/17/26 02:19:17 Node C_W15_HL_M1_A07_S3_F0 job proc (6053851.0.0) completed successfully.
08/17/26 02:19:17 Node C_W15_HL_M1_A07_S3_F0 job(s) have exited the queue
08/17/26 02:19:17 DAG status: 0 (DAG_STATUS_OK)
08/17/26 02:19:17 Of 432 nodes total:
08/17/26 02:19:17  Done     Pre   Queued    Post   Ready   Un-Ready   Failed   Futile
08/17/26 02:19:17   ===     ===      ===     ===     ===        ===      ===      ===
08/17/26 02:19:17   394       0       37       0       0          1        0        0
08/17/26 02:19:17 0 job proc(s) currently held
08/17/26 02:19:17 DAGMan Runtime Statistics: [EventCycleTimeAvg=0.135; EventCycleTimeMax=20.234; EventCycleTimeMin=0.000; EventCycleTimeStd=0.840; EventCycleTimeSum=101.038; SleepCycleTimeAvg=5.005; SleepCycleTimeMax=5.040; SleepCycleTimeMin=5.000; SleepCycleTimeStd=0.002; SleepCycleTimeSum=3748.977; SubmitCycleTimeAvg=0.022; SubmitCycleTimeMax=2.749; SubmitCycleTimeMin=0.000; SubmitCycleTimeStd=0.134; SubmitCycleTimeSum=16.684; EventCycleTimeCount=749.000; SleepCycleTimeCount=749.000; SubmitCycleTimeCount=750.000; LogProcessCycleTimeAvg=0.185; LogProcessCycleTimeMax=20.234; LogProcessCycleTimeMin=0.002; LogProcessCycleTimeStd=1.172; LogProcessCycleTimeSum=64.641; LogProcessCycleTimeCount=349.000; ]
08/17/26 02:19:27 Currently monitoring 1 HTCondor log file(s)
08/17/26 02:19:27 Event: ULOG_JOB_TERMINATED for HTCondor Node C_W15_II_M2_A10_S4_F2 (6053402.0.0) {08/17/26 02:19:22}
08/17/26 02:19:27 Number of idle job procs: 0
08/17/26 02:19:27 Node C_W15_II_M2_A10_S4_F2 job proc (6053402.0.0) completed successfully.
08/17/26 02:19:27 Node C_W15_II_M2_A10_S4_F2 job(s) have exited the queue
08/17/26 02:19:27 DAG status: 0 (DAG_STATUS_OK)
08/17/26 02:19:27 Of 432 nodes total:
08/17/26 02:19:27  Done     Pre   Queued    Post   Ready   Un-Ready   Failed   Futile
08/17/26 02:19:27   ===     ===      ===     ===     ===        ===      ===      ===
08/17/26 02:19:27   395       0       36       0       0          1        0        0
08/17/26 02:19:27 0 job proc(s) currently held
08/17/26 02:19:27 DAGMan Runtime Statistics: [EventCycleTimeAvg=0.135; EventCycleTimeMax=20.234; EventCycleTimeMin=0.000; EventCycleTimeStd=0.839; EventCycleTimeSum=101.130; SleepCycleTimeAvg=5.005; SleepCycleTimeMax=5.040; SleepCycleTimeMin=5.000; SleepCycleTimeStd=0.002; SleepCycleTimeSum=3758.988; SubmitCycleTimeAvg=0.022; SubmitCycleTimeMax=2.749; SubmitCycleTimeMin=0.000; SubmitCycleTimeStd=0.133; SubmitCycleTimeSum=16.684; EventCycleTimeCount=751.000; SleepCycleTimeCount=751.000; SubmitCycleTimeCount=752.000; LogProcessCycleTimeAvg=0.185; LogProcessCycleTimeMax=20.234; LogProcessCycleTimeMin=0.002; LogProcessCycleTimeStd=1.170; LogProcessCycleTimeSum=64.673; LogProcessCycleTimeCount=350.000; ]
08/17/26 02:19:57 Currently monitoring 1 HTCondor log file(s)
08/17/26 02:19:57 Event: ULOG_JOB_TERMINATED for HTCondor Node C_W15_IL_M1_A07_S1_F0 (6053852.0.0) {08/17/26 02:19:55}
08/17/26 02:19:57 Number of idle job procs: 0
08/17/26 02:19:57 Node C_W15_IL_M1_A07_S1_F0 job proc (6053852.0.0) completed successfully.
08/17/26 02:19:57 Node C_W15_IL_M1_A07_S1_F0 job(s) have exited the queue
08/17/26 02:19:57 Event: ULOG_JOB_TERMINATED for HTCondor Node C_W15_LH_M2_A10_S4_F2 (6053423.0.0) {08/17/26 02:19:57}
08/17/26 02:19:57 Number of idle job procs: 0
08/17/26 02:19:57 Node C_W15_LH_M2_A10_S4_F2 job proc (6053423.0.0) completed successfully.
08/17/26 02:19:57 Node C_W15_LH_M2_A10_S4_F2 job(s) have exited the queue
08/17/26 02:19:57 DAG status: 0 (DAG_STATUS_OK)
08/17/26 02:19:57 Of 432 nodes total:
08/17/26 02:19:57  Done     Pre   Queued    Post   Ready   Un-Ready   Failed   Futile
08/17/26 02:19:57   ===     ===      ===     ===     ===        ===      ===      ===
08/17/26 02:19:57   397       0       34       0       0          1        0        0
08/17/26 02:19:57 0 job proc(s) currently held
08/17/26 02:19:57 DAGMan Runtime Statistics: [EventCycleTimeAvg=0.134; EventCycleTimeMax=20.234; EventCycleTimeMin=0.000; EventCycleTimeStd=0.836; EventCycleTimeSum=101.204; SleepCycleTimeAvg=5.005; SleepCycleTimeMax=5.040; SleepCycleTimeMin=5.000; SleepCycleTimeStd=0.002; SleepCycleTimeSum=3789.019; SubmitCycleTimeAvg=0.022; SubmitCycleTimeMax=2.749; SubmitCycleTimeMin=0.000; SubmitCycleTimeStd=0.133; SubmitCycleTimeSum=16.684; EventCycleTimeCount=757.000; SleepCycleTimeCount=757.000; SubmitCycleTimeCount=758.000; LogProcessCycleTimeAvg=0.185; LogProcessCycleTimeMax=20.234; LogProcessCycleTimeMin=0.002; LogProcessCycleTimeStd=1.169; LogProcessCycleTimeSum=64.797; LogProcessCycleTimeCount=351.000; ]
08/17/26 02:20:02 Currently monitoring 1 HTCondor log file(s)
08/17/26 02:20:17 Currently monitoring 1 HTCondor log file(s)
08/17/26 02:20:17 Event: ULOG_JOB_TERMINATED for HTCondor Node C_W15_IL_M1_A07_S0_F0 (6053924.0.0) {08/17/26 02:20:13}
08/17/26 02:20:17 Number of idle job procs: 0
08/17/26 02:20:17 Node C_W15_IL_M1_A07_S0_F0 job proc (6053924.0.0) completed successfully.
08/17/26 02:20:17 Node C_W15_IL_M1_A07_S0_F0 job(s) have exited the queue
08/17/26 02:20:17 DAG status: 0 (DAG_STATUS_OK)
08/17/26 02:20:17 Of 432 nodes total:
08/17/26 02:20:17  Done     Pre   Queued    Post   Ready   Un-Ready   Failed   Futile
08/17/26 02:20:17   ===     ===      ===     ===     ===        ===      ===      ===
08/17/26 02:20:17   398       0       33       0       0          1        0        0
08/17/26 02:20:17 0 job proc(s) currently held
08/17/26 02:20:17 DAGMan Runtime Statistics: [EventCycleTimeAvg=0.133; EventCycleTimeMax=20.234; EventCycleTimeMin=0.000; EventCycleTimeStd=0.834; EventCycleTimeSum=101.440; SleepCycleTimeAvg=5.005; SleepCycleTimeMax=5.040; SleepCycleTimeMin=5.000; SleepCycleTimeStd=0.002; SleepCycleTimeSum=3809.041; SubmitCycleTimeAvg=0.022; SubmitCycleTimeMax=2.749; SubmitCycleTimeMin=0.000; SubmitCycleTimeStd=0.133; SubmitCycleTimeSum=16.684; EventCycleTimeCount=761.000; SleepCycleTimeCount=761.000; SubmitCycleTimeCount=762.000; LogProcessCycleTimeAvg=0.184; LogProcessCycleTimeMax=20.234; LogProcessCycleTimeMin=0.002; LogProcessCycleTimeStd=1.165; LogProcessCycleTimeSum=64.881; LogProcessCycleTimeCount=353.000; ]
08/17/26 02:20:27 Currently monitoring 1 HTCondor log file(s)
08/17/26 02:20:27 Event: ULOG_JOB_TERMINATED for HTCondor Node C_W15_IL_M1_A07_S7_F0 (6053841.0.0) {08/17/26 02:20:27}
08/17/26 02:20:27 Number of idle job procs: 0
08/17/26 02:20:27 Node C_W15_IL_M1_A07_S7_F0 job proc (6053841.0.0) completed successfully.
08/17/26 02:20:27 Node C_W15_IL_M1_A07_S7_F0 job(s) have exited the queue
08/17/26 02:20:27 DAG status: 0 (DAG_STATUS_OK)
08/17/26 02:20:27 Of 432 nodes total:
08/17/26 02:20:27  Done     Pre   Queued    Post   Ready   Un-Ready   Failed   Futile
08/17/26 02:20:27   ===     ===      ===     ===     ===        ===      ===      ===
08/17/26 02:20:27   399       0       32       0       0          1        0        0
08/17/26 02:20:27 0 job proc(s) currently held
08/17/26 02:20:28 DAGMan Runtime Statistics: [EventCycleTimeAvg=0.133; EventCycleTimeMax=20.234; EventCycleTimeMin=0.000; EventCycleTimeStd=0.833; EventCycleTimeSum=101.601; SleepCycleTimeAvg=5.005; SleepCycleTimeMax=5.040; SleepCycleTimeMin=5.000; SleepCycleTimeStd=0.002; SleepCycleTimeSum=3819.051; SubmitCycleTimeAvg=0.022; SubmitCycleTimeMax=2.749; SubmitCycleTimeMin=0.000; SubmitCycleTimeStd=0.132; SubmitCycleTimeSum=16.684; EventCycleTimeCount=763.000; SleepCycleTimeCount=763.000; SubmitCycleTimeCount=764.000; LogProcessCycleTimeAvg=0.183; LogProcessCycleTimeMax=20.234; LogProcessCycleTimeMin=0.002; LogProcessCycleTimeStd=1.164; LogProcessCycleTimeSum=64.953; LogProcessCycleTimeCount=354.000; ]
08/17/26 02:20:38 Currently monitoring 1 HTCondor log file(s)
08/17/26 02:20:38 Event: ULOG_JOB_TERMINATED for HTCondor Node C_W15_II_M2_A10_S5_F2 (6053391.0.0) {08/17/26 02:20:36}
08/17/26 02:20:38 Number of idle job procs: 0
08/17/26 02:20:38 Node C_W15_II_M2_A10_S5_F2 job proc (6053391.0.0) completed successfully.
08/17/26 02:20:38 Node C_W15_II_M2_A10_S5_F2 job(s) have exited the queue
08/17/26 02:20:38 DAG status: 0 (DAG_STATUS_OK)
08/17/26 02:20:38 Of 432 nodes total:
08/17/26 02:20:38  Done     Pre   Queued    Post   Ready   Un-Ready   Failed   Futile
08/17/26 02:20:38   ===     ===      ===     ===     ===        ===      ===      ===
08/17/26 02:20:38   400       0       31       0       0          1        0        0
08/17/26 02:20:38 0 job proc(s) currently held
08/17/26 02:20:38 DAGMan Runtime Statistics: [EventCycleTimeAvg=0.133; EventCycleTimeMax=20.234; EventCycleTimeMin=0.000; EventCycleTimeStd=0.832; EventCycleTimeSum=101.785; SleepCycleTimeAvg=5.005; SleepCycleTimeMax=5.040; SleepCycleTimeMin=5.000; SleepCycleTimeStd=0.002; SleepCycleTimeSum=3829.061; SubmitCycleTimeAvg=0.022; SubmitCycleTimeMax=2.749; SubmitCycleTimeMin=0.000; SubmitCycleTimeStd=0.132; SubmitCycleTimeSum=16.684; EventCycleTimeCount=765.000; SleepCycleTimeCount=765.000; SubmitCycleTimeCount=766.000; LogProcessCycleTimeAvg=0.183; LogProcessCycleTimeMax=20.234; LogProcessCycleTimeMin=0.002; LogProcessCycleTimeStd=1.162; LogProcessCycleTimeSum=65.009; LogProcessCycleTimeCount=355.000; ]
08/17/26 02:21:03 Currently monitoring 1 HTCondor log file(s)
08/17/26 02:21:03 Event: ULOG_JOB_TERMINATED for HTCondor Node C_W15_HL_M1_A07_S6_F0 (6053854.0.0) {08/17/26 02:20:58}
08/17/26 02:21:03 Number of idle job procs: 0
08/17/26 02:21:03 Node C_W15_HL_M1_A07_S6_F0 job proc (6053854.0.0) completed successfully.
08/17/26 02:21:03 Node C_W15_HL_M1_A07_S6_F0 job(s) have exited the queue
08/17/26 02:21:03 DAG status: 0 (DAG_STATUS_OK)
08/17/26 02:21:03 Of 432 nodes total:
08/17/26 02:21:03  Done     Pre   Queued    Post   Ready   Un-Ready   Failed   Futile
08/17/26 02:21:03   ===     ===      ===     ===     ===        ===      ===      ===
08/17/26 02:21:03   401       0       30       0       0          1        0        0
08/17/26 02:21:03 0 job proc(s) currently held
08/17/26 02:21:03 DAGMan Runtime Statistics: [EventCycleTimeAvg=0.132; EventCycleTimeMax=20.234; EventCycleTimeMin=0.000; EventCycleTimeStd=0.829; EventCycleTimeSum=101.930; SleepCycleTimeAvg=5.005; SleepCycleTimeMax=5.040; SleepCycleTimeMin=5.000; SleepCycleTimeStd=0.002; SleepCycleTimeSum=3854.087; SubmitCycleTimeAvg=0.022; SubmitCycleTimeMax=2.749; SubmitCycleTimeMin=0.000; SubmitCycleTimeStd=0.132; SubmitCycleTimeSum=16.684; EventCycleTimeCount=770.000; SleepCycleTimeCount=770.000; SubmitCycleTimeCount=771.000; LogProcessCycleTimeAvg=0.183; LogProcessCycleTimeMax=20.234; LogProcessCycleTimeMin=0.002; LogProcessCycleTimeStd=1.160; LogProcessCycleTimeSum=65.080; LogProcessCycleTimeCount=356.000; ]
08/17/26 02:21:43 Currently monitoring 1 HTCondor log file(s)
08/17/26 02:21:43 Event: ULOG_JOB_TERMINATED for HTCondor Node P_W15_II_M1_A07_S7 (6053243.0.0) {08/17/26 02:21:39}
08/17/26 02:21:43 Number of idle job procs: 0
08/17/26 02:21:43 Node P_W15_II_M1_A07_S7 job proc (6053243.0.0) completed successfully.
08/17/26 02:21:43 Node P_W15_II_M1_A07_S7 job(s) have exited the queue
08/17/26 02:21:43 Event: ULOG_JOB_TERMINATED for HTCondor Node C_W15_LI_M1_A07_S1_F0 (6053893.0.0) {08/17/26 02:21:42}
08/17/26 02:21:43 Number of idle job procs: 0
08/17/26 02:21:43 Node C_W15_LI_M1_A07_S1_F0 job proc (6053893.0.0) completed successfully.
08/17/26 02:21:43 Node C_W15_LI_M1_A07_S1_F0 job(s) have exited the queue
08/17/26 02:21:43 DAG status: 0 (DAG_STATUS_OK)
08/17/26 02:21:43 Of 432 nodes total:
08/17/26 02:21:43  Done     Pre   Queued    Post   Ready   Un-Ready   Failed   Futile
08/17/26 02:21:43   ===     ===      ===     ===     ===        ===      ===      ===
08/17/26 02:21:43   403       0       28       0       1          0        0        0
08/17/26 02:21:43 0 job proc(s) currently held
08/17/26 02:21:43 DAGMan Runtime Statistics: [EventCycleTimeAvg=0.131; EventCycleTimeMax=20.234; EventCycleTimeMin=0.000; EventCycleTimeStd=0.825; EventCycleTimeSum=102.096; SleepCycleTimeAvg=5.005; SleepCycleTimeMax=5.040; SleepCycleTimeMin=5.000; SleepCycleTimeStd=0.002; SleepCycleTimeSum=3894.130; SubmitCycleTimeAvg=0.021; SubmitCycleTimeMax=2.749; SubmitCycleTimeMin=0.000; SubmitCycleTimeStd=0.131; SubmitCycleTimeSum=16.684; EventCycleTimeCount=778.000; SleepCycleTimeCount=778.000; SubmitCycleTimeCount=779.000; LogProcessCycleTimeAvg=0.182; LogProcessCycleTimeMax=20.234; LogProcessCycleTimeMin=0.002; LogProcessCycleTimeStd=1.159; LogProcessCycleTimeSum=65.142; LogProcessCycleTimeCount=357.000; ]
08/17/26 02:21:48 Submitting HTCondor Node C_W15_II_M1_A07_S7_F0 job(s)...
08/17/26 02:21:48 Submitting node C_W15_II_M1_A07_S7_F0 from file /afs/cern.ch/user/c/cglenn/FCCWork/whizard/whizard_ttbar_spinpol/phase11_diagnostics/excess_weight_rootcause_v1/ttbar_restricted_region_suite_v1/regions/submissions/20260816T231425Z_U9region_core_W15_S8_np1_v1p0p1/region_child.sub using direct job submission
08/17/26 02:21:48 	assigned HTCondor ID (6054008.0.0)
08/17/26 02:21:48 Just submitted 1 job this cycle...
08/17/26 02:21:48 DAG status: 0 (DAG_STATUS_OK)
08/17/26 02:21:48 Of 432 nodes total:
08/17/26 02:21:48  Done     Pre   Queued    Post   Ready   Un-Ready   Failed   Futile
08/17/26 02:21:48   ===     ===      ===     ===     ===        ===      ===      ===
08/17/26 02:21:48   403       0       29       0       0          0        0        0
08/17/26 02:21:48 0 job proc(s) currently held
08/17/26 02:21:48 DAGMan Runtime Statistics: [EventCycleTimeAvg=0.131; EventCycleTimeMax=20.234; EventCycleTimeMin=0.000; EventCycleTimeStd=0.824; EventCycleTimeSum=102.204; SleepCycleTimeAvg=5.005; SleepCycleTimeMax=5.040; SleepCycleTimeMin=5.000; SleepCycleTimeStd=0.002; SleepCycleTimeSum=3899.133; SubmitCycleTimeAvg=0.021; SubmitCycleTimeMax=2.749; SubmitCycleTimeMin=0.000; SubmitCycleTimeStd=0.131; SubmitCycleTimeSum=16.753; EventCycleTimeCount=779.000; SleepCycleTimeCount=779.000; SubmitCycleTimeCount=780.000; LogProcessCycleTimeAvg=0.182; LogProcessCycleTimeMax=20.234; LogProcessCycleTimeMin=0.002; LogProcessCycleTimeStd=1.159; LogProcessCycleTimeSum=65.142; LogProcessCycleTimeCount=357.000; ]
08/17/26 02:21:53 Currently monitoring 1 HTCondor log file(s)
08/17/26 02:21:53 Reassigning the id of job C_W15_II_M1_A07_S7_F0 from (6054008.0.0) to (6054008.0.0)
08/17/26 02:21:53 Event: ULOG_SUBMIT for HTCondor Node C_W15_II_M1_A07_S7_F0 (6054008.0.0) {08/17/26 02:21:48}
08/17/26 02:21:53 Number of idle job procs: 1
08/17/26 02:21:53 Event: ULOG_EXECUTE for HTCondor Node C_W15_II_M1_A07_S7_F0 (6054008.0.0) {08/17/26 02:21:51}
08/17/26 02:21:53 Number of idle job procs: 0
08/17/26 02:21:58 Currently monitoring 1 HTCondor log file(s)
08/17/26 02:21:58 Event: ULOG_JOB_TERMINATED for HTCondor Node C_W15_IH_M1_A07_S1_F0 (6053895.0.0) {08/17/26 02:21:56}
08/17/26 02:21:58 Number of idle job procs: 0
08/17/26 02:21:58 Node C_W15_IH_M1_A07_S1_F0 job proc (6053895.0.0) completed successfully.
08/17/26 02:21:58 Node C_W15_IH_M1_A07_S1_F0 job(s) have exited the queue
08/17/26 02:21:58 DAG status: 0 (DAG_STATUS_OK)
08/17/26 02:21:58 Of 432 nodes total:
08/17/26 02:21:58  Done     Pre   Queued    Post   Ready   Un-Ready   Failed   Futile
08/17/26 02:21:58   ===     ===      ===     ===     ===        ===      ===      ===
08/17/26 02:21:58   404       0       28       0       0          0        0        0
08/17/26 02:21:58 0 job proc(s) currently held
08/17/26 02:21:58 DAGMan Runtime Statistics: [EventCycleTimeAvg=0.131; EventCycleTimeMax=20.234; EventCycleTimeMin=0.000; EventCycleTimeStd=0.823; EventCycleTimeSum=102.469; SleepCycleTimeAvg=5.005; SleepCycleTimeMax=5.040; SleepCycleTimeMin=5.000; SleepCycleTimeStd=0.002; SleepCycleTimeSum=3909.150; SubmitCycleTimeAvg=0.021; SubmitCycleTimeMax=2.749; SubmitCycleTimeMin=0.000; SubmitCycleTimeStd=0.131; SubmitCycleTimeSum=16.753; EventCycleTimeCount=781.000; SleepCycleTimeCount=781.000; SubmitCycleTimeCount=782.000; LogProcessCycleTimeAvg=0.182; LogProcessCycleTimeMax=20.234; LogProcessCycleTimeMin=0.002; LogProcessCycleTimeStd=1.156; LogProcessCycleTimeSum=65.260; LogProcessCycleTimeCount=359.000; ]
08/17/26 02:22:43 Currently monitoring 1 HTCondor log file(s)
08/17/26 02:22:43 Event: ULOG_JOB_TERMINATED for HTCondor Node C_W15_LH_M1_A07_S1_F0 (6053934.0.0) {08/17/26 02:22:39}
08/17/26 02:22:43 Number of idle job procs: 0
08/17/26 02:22:43 Node C_W15_LH_M1_A07_S1_F0 job proc (6053934.0.0) completed successfully.
08/17/26 02:22:43 Node C_W15_LH_M1_A07_S1_F0 job(s) have exited the queue
08/17/26 02:22:43 Event: ULOG_JOB_TERMINATED for HTCondor Node C_W15_LH_M1_A07_S2_F0 (6053919.0.0) {08/17/26 02:22:40}
08/17/26 02:22:43 Number of idle job procs: 0
08/17/26 02:22:43 Node C_W15_LH_M1_A07_S2_F0 job proc (6053919.0.0) completed successfully.
08/17/26 02:22:43 Node C_W15_LH_M1_A07_S2_F0 job(s) have exited the queue
08/17/26 02:22:43 DAG status: 0 (DAG_STATUS_OK)
08/17/26 02:22:44 Of 432 nodes total:
08/17/26 02:22:44  Done     Pre   Queued    Post   Ready   Un-Ready   Failed   Futile
08/17/26 02:22:44   ===     ===      ===     ===     ===        ===      ===      ===
08/17/26 02:22:44   406       0       26       0       0          0        0        0
08/17/26 02:22:44 0 job proc(s) currently held
08/17/26 02:22:44 DAGMan Runtime Statistics: [EventCycleTimeAvg=0.130; EventCycleTimeMax=20.234; EventCycleTimeMin=0.000; EventCycleTimeStd=0.819; EventCycleTimeSum=102.546; SleepCycleTimeAvg=5.005; SleepCycleTimeMax=5.040; SleepCycleTimeMin=5.000; SleepCycleTimeStd=0.002; SleepCycleTimeSum=3954.191; SubmitCycleTimeAvg=0.021; SubmitCycleTimeMax=2.749; SubmitCycleTimeMin=0.000; SubmitCycleTimeStd=0.130; SubmitCycleTimeSum=16.753; EventCycleTimeCount=790.000; SleepCycleTimeCount=790.000; SubmitCycleTimeCount=791.000; LogProcessCycleTimeAvg=0.181; LogProcessCycleTimeMax=20.234; LogProcessCycleTimeMin=0.002; LogProcessCycleTimeStd=1.154; LogProcessCycleTimeSum=65.323; LogProcessCycleTimeCount=360.000; ]
08/17/26 02:23:34 Currently monitoring 1 HTCondor log file(s)
08/17/26 02:23:34 Event: ULOG_JOB_TERMINATED for HTCondor Node C_W15_HL_M1_A07_S2_F0 (6053896.0.0) {08/17/26 02:23:29}
08/17/26 02:23:34 Number of idle job procs: 0
08/17/26 02:23:34 Node C_W15_HL_M1_A07_S2_F0 job proc (6053896.0.0) completed successfully.
08/17/26 02:23:34 Node C_W15_HL_M1_A07_S2_F0 job(s) have exited the queue
08/17/26 02:23:34 DAG status: 0 (DAG_STATUS_OK)
08/17/26 02:23:34 Of 432 nodes total:
08/17/26 02:23:34  Done     Pre   Queued    Post   Ready   Un-Ready   Failed   Futile
08/17/26 02:23:34   ===     ===      ===     ===     ===        ===      ===      ===
08/17/26 02:23:34   407       0       25       0       0          0        0        0
08/17/26 02:23:34 0 job proc(s) currently held
08/17/26 02:23:34 DAGMan Runtime Statistics: [EventCycleTimeAvg=0.128; EventCycleTimeMax=20.234; EventCycleTimeMin=0.000; EventCycleTimeStd=0.814; EventCycleTimeSum=102.659; SleepCycleTimeAvg=5.005; SleepCycleTimeMax=5.040; SleepCycleTimeMin=5.000; SleepCycleTimeStd=0.002; SleepCycleTimeSum=4004.243; SubmitCycleTimeAvg=0.021; SubmitCycleTimeMax=2.749; SubmitCycleTimeMin=0.000; SubmitCycleTimeStd=0.129; SubmitCycleTimeSum=16.753; EventCycleTimeCount=800.000; SleepCycleTimeCount=800.000; SubmitCycleTimeCount=801.000; LogProcessCycleTimeAvg=0.181; LogProcessCycleTimeMax=20.234; LogProcessCycleTimeMin=0.002; LogProcessCycleTimeStd=1.152; LogProcessCycleTimeSum=65.358; LogProcessCycleTimeCount=361.000; ]
08/17/26 02:23:49 Currently monitoring 1 HTCondor log file(s)
08/17/26 02:23:49 Event: ULOG_JOB_TERMINATED for HTCondor Node C_W15_II_M2_A10_S2_F2 (6053406.0.0) {08/17/26 02:23:45}
08/17/26 02:23:49 Number of idle job procs: 0
08/17/26 02:23:49 Node C_W15_II_M2_A10_S2_F2 job proc (6053406.0.0) completed successfully.
08/17/26 02:23:49 Node C_W15_II_M2_A10_S2_F2 job(s) have exited the queue
08/17/26 02:23:49 DAG status: 0 (DAG_STATUS_OK)
08/17/26 02:23:49 Of 432 nodes total:
08/17/26 02:23:49  Done     Pre   Queued    Post   Ready   Un-Ready   Failed   Futile
08/17/26 02:23:49   ===     ===      ===     ===     ===        ===      ===      ===
08/17/26 02:23:49   408       0       24       0       0          0        0        0
08/17/26 02:23:49 0 job proc(s) currently held
08/17/26 02:23:49 DAGMan Runtime Statistics: [EventCycleTimeAvg=0.128; EventCycleTimeMax=20.234; EventCycleTimeMin=0.000; EventCycleTimeStd=0.812; EventCycleTimeSum=102.744; SleepCycleTimeAvg=5.005; SleepCycleTimeMax=5.040; SleepCycleTimeMin=5.000; SleepCycleTimeStd=0.002; SleepCycleTimeSum=4019.252; SubmitCycleTimeAvg=0.021; SubmitCycleTimeMax=2.749; SubmitCycleTimeMin=0.000; SubmitCycleTimeStd=0.129; SubmitCycleTimeSum=16.753; EventCycleTimeCount=803.000; SleepCycleTimeCount=803.000; SubmitCycleTimeCount=804.000; LogProcessCycleTimeAvg=0.181; LogProcessCycleTimeMax=20.234; LogProcessCycleTimeMin=0.002; LogProcessCycleTimeStd=1.151; LogProcessCycleTimeSum=65.394; LogProcessCycleTimeCount=362.000; ]
08/17/26 02:23:54 Currently monitoring 1 HTCondor log file(s)
08/17/26 02:23:54 Event: ULOG_JOB_TERMINATED for HTCondor Node C_W15_LH_M2_A10_S6_F2 (6053558.0.0) {08/17/26 02:23:51}
08/17/26 02:23:54 Number of idle job procs: 0
08/17/26 02:23:54 Node C_W15_LH_M2_A10_S6_F2 job proc (6053558.0.0) completed successfully.
08/17/26 02:23:54 Node C_W15_LH_M2_A10_S6_F2 job(s) have exited the queue
08/17/26 02:23:54 DAG status: 0 (DAG_STATUS_OK)
08/17/26 02:23:54 Of 432 nodes total:
08/17/26 02:23:54  Done     Pre   Queued    Post   Ready   Un-Ready   Failed   Futile
08/17/26 02:23:54   ===     ===      ===     ===     ===        ===      ===      ===
08/17/26 02:23:54   409       0       23       0       0          0        0        0
08/17/26 02:23:54 0 job proc(s) currently held
08/17/26 02:23:54 DAGMan Runtime Statistics: [EventCycleTimeAvg=0.128; EventCycleTimeMax=20.234; EventCycleTimeMin=0.000; EventCycleTimeStd=0.812; EventCycleTimeSum=102.829; SleepCycleTimeAvg=5.005; SleepCycleTimeMax=5.040; SleepCycleTimeMin=5.000; SleepCycleTimeStd=0.002; SleepCycleTimeSum=4024.256; SubmitCycleTimeAvg=0.021; SubmitCycleTimeMax=2.749; SubmitCycleTimeMin=0.000; SubmitCycleTimeStd=0.129; SubmitCycleTimeSum=16.753; EventCycleTimeCount=804.000; SleepCycleTimeCount=804.000; SubmitCycleTimeCount=805.000; LogProcessCycleTimeAvg=0.180; LogProcessCycleTimeMax=20.234; LogProcessCycleTimeMin=0.002; LogProcessCycleTimeStd=1.149; LogProcessCycleTimeSum=65.431; LogProcessCycleTimeCount=363.000; ]
08/17/26 02:24:59 Currently monitoring 1 HTCondor log file(s)
08/17/26 02:24:59 Event: ULOG_JOB_TERMINATED for HTCondor Node C_W15_LH_M1_A07_S6_F0 (6053897.0.0) {08/17/26 02:24:54}
08/17/26 02:24:59 Number of idle job procs: 0
08/17/26 02:24:59 Node C_W15_LH_M1_A07_S6_F0 job proc (6053897.0.0) completed successfully.
08/17/26 02:24:59 Node C_W15_LH_M1_A07_S6_F0 job(s) have exited the queue
08/17/26 02:24:59 DAG status: 0 (DAG_STATUS_OK)
08/17/26 02:24:59 Of 432 nodes total:
08/17/26 02:24:59  Done     Pre   Queued    Post   Ready   Un-Ready   Failed   Futile
08/17/26 02:24:59   ===     ===      ===     ===     ===        ===      ===      ===
08/17/26 02:24:59   410       0       22       0       0          0        0        0
08/17/26 02:24:59 0 job proc(s) currently held
08/17/26 02:24:59 DAGMan Runtime Statistics: [EventCycleTimeAvg=0.126; EventCycleTimeMax=20.234; EventCycleTimeMin=0.000; EventCycleTimeStd=0.805; EventCycleTimeSum=102.914; SleepCycleTimeAvg=5.005; SleepCycleTimeMax=5.040; SleepCycleTimeMin=5.000; SleepCycleTimeStd=0.002; SleepCycleTimeSum=4089.316; SubmitCycleTimeAvg=0.020; SubmitCycleTimeMax=2.749; SubmitCycleTimeMin=0.000; SubmitCycleTimeStd=0.128; SubmitCycleTimeSum=16.753; EventCycleTimeCount=817.000; SleepCycleTimeCount=817.000; SubmitCycleTimeCount=818.000; LogProcessCycleTimeAvg=0.180; LogProcessCycleTimeMax=20.234; LogProcessCycleTimeMin=0.002; LogProcessCycleTimeStd=1.148; LogProcessCycleTimeSum=65.470; LogProcessCycleTimeCount=364.000; ]
08/17/26 02:25:04 Currently monitoring 1 HTCondor log file(s)
08/17/26 02:25:04 Event: ULOG_JOB_TERMINATED for HTCondor Node C_W15_IL_M1_A07_S2_F0 (6053928.0.0) {08/17/26 02:25:02}
08/17/26 02:25:04 Number of idle job procs: 0
08/17/26 02:25:04 Node C_W15_IL_M1_A07_S2_F0 job proc (6053928.0.0) completed successfully.
08/17/26 02:25:04 Node C_W15_IL_M1_A07_S2_F0 job(s) have exited the queue
08/17/26 02:25:04 DAG status: 0 (DAG_STATUS_OK)
08/17/26 02:25:04 Of 432 nodes total:
08/17/26 02:25:04  Done     Pre   Queued    Post   Ready   Un-Ready   Failed   Futile
08/17/26 02:25:04   ===     ===      ===     ===     ===        ===      ===      ===
08/17/26 02:25:04   411       0       21       0       0          0        0        0
08/17/26 02:25:04 0 job proc(s) currently held
08/17/26 02:25:04 DAGMan Runtime Statistics: [EventCycleTimeAvg=0.126; EventCycleTimeMax=20.234; EventCycleTimeMin=0.000; EventCycleTimeStd=0.805; EventCycleTimeSum=103.002; SleepCycleTimeAvg=5.005; SleepCycleTimeMax=5.040; SleepCycleTimeMin=5.000; SleepCycleTimeStd=0.002; SleepCycleTimeSum=4094.320; SubmitCycleTimeAvg=0.020; SubmitCycleTimeMax=2.749; SubmitCycleTimeMin=0.000; SubmitCycleTimeStd=0.128; SubmitCycleTimeSum=16.753; EventCycleTimeCount=818.000; SleepCycleTimeCount=818.000; SubmitCycleTimeCount=819.000; LogProcessCycleTimeAvg=0.179; LogProcessCycleTimeMax=20.234; LogProcessCycleTimeMin=0.002; LogProcessCycleTimeStd=1.146; LogProcessCycleTimeSum=65.506; LogProcessCycleTimeCount=365.000; ]
08/17/26 02:25:19 Currently monitoring 1 HTCondor log file(s)
08/17/26 02:25:19 Event: ULOG_JOB_TERMINATED for HTCondor Node C_W15_LI_M1_A07_S6_F0 (6053925.0.0) {08/17/26 02:25:17}
08/17/26 02:25:19 Number of idle job procs: 0
08/17/26 02:25:19 Node C_W15_LI_M1_A07_S6_F0 job proc (6053925.0.0) completed successfully.
08/17/26 02:25:19 Node C_W15_LI_M1_A07_S6_F0 job(s) have exited the queue
08/17/26 02:25:19 DAG status: 0 (DAG_STATUS_OK)
08/17/26 02:25:19 Of 432 nodes total:
08/17/26 02:25:19  Done     Pre   Queued    Post   Ready   Un-Ready   Failed   Futile
08/17/26 02:25:19   ===     ===      ===     ===     ===        ===      ===      ===
08/17/26 02:25:19   412       0       20       0       0          0        0        0
08/17/26 02:25:19 0 job proc(s) currently held
08/17/26 02:25:19 DAGMan Runtime Statistics: [EventCycleTimeAvg=0.126; EventCycleTimeMax=20.234; EventCycleTimeMin=0.000; EventCycleTimeStd=0.803; EventCycleTimeSum=103.089; SleepCycleTimeAvg=5.005; SleepCycleTimeMax=5.040; SleepCycleTimeMin=5.000; SleepCycleTimeStd=0.002; SleepCycleTimeSum=4109.336; SubmitCycleTimeAvg=0.020; SubmitCycleTimeMax=2.749; SubmitCycleTimeMin=0.000; SubmitCycleTimeStd=0.128; SubmitCycleTimeSum=16.753; EventCycleTimeCount=821.000; SleepCycleTimeCount=821.000; SubmitCycleTimeCount=822.000; LogProcessCycleTimeAvg=0.179; LogProcessCycleTimeMax=20.234; LogProcessCycleTimeMin=0.002; LogProcessCycleTimeStd=1.145; LogProcessCycleTimeSum=65.540; LogProcessCycleTimeCount=366.000; ]
08/17/26 02:27:14 Currently monitoring 1 HTCondor log file(s)
08/17/26 02:27:14 Event: ULOG_JOB_TERMINATED for HTCondor Node C_W15_LL_M1_A07_S0_F0 (6053904.0.0) {08/17/26 02:27:10}
08/17/26 02:27:14 Number of idle job procs: 0
08/17/26 02:27:14 Node C_W15_LL_M1_A07_S0_F0 job proc (6053904.0.0) completed successfully.
08/17/26 02:27:14 Node C_W15_LL_M1_A07_S0_F0 job(s) have exited the queue
08/17/26 02:27:14 DAG status: 0 (DAG_STATUS_OK)
08/17/26 02:27:14 Of 432 nodes total:
08/17/26 02:27:14  Done     Pre   Queued    Post   Ready   Un-Ready   Failed   Futile
08/17/26 02:27:14   ===     ===      ===     ===     ===        ===      ===      ===
08/17/26 02:27:14   413       0       19       0       0          0        0        0
08/17/26 02:27:14 0 job proc(s) currently held
08/17/26 02:27:14 DAGMan Runtime Statistics: [EventCycleTimeAvg=0.122; EventCycleTimeMax=20.234; EventCycleTimeMin=0.000; EventCycleTimeStd=0.793; EventCycleTimeSum=103.182; SleepCycleTimeAvg=5.005; SleepCycleTimeMax=5.040; SleepCycleTimeMin=5.000; SleepCycleTimeStd=0.002; SleepCycleTimeSum=4224.455; SubmitCycleTimeAvg=0.020; SubmitCycleTimeMax=2.749; SubmitCycleTimeMin=0.000; SubmitCycleTimeStd=0.126; SubmitCycleTimeSum=16.753; EventCycleTimeCount=844.000; SleepCycleTimeCount=844.000; SubmitCycleTimeCount=845.000; LogProcessCycleTimeAvg=0.179; LogProcessCycleTimeMax=20.234; LogProcessCycleTimeMin=0.002; LogProcessCycleTimeStd=1.143; LogProcessCycleTimeSum=65.576; LogProcessCycleTimeCount=367.000; ]
08/17/26 02:27:59 Currently monitoring 1 HTCondor log file(s)
08/17/26 02:27:59 Event: ULOG_JOB_TERMINATED for HTCondor Node C_W15_HL_M1_A07_S7_F0 (6053864.0.0) {08/17/26 02:27:57}
08/17/26 02:28:00 Number of idle job procs: 0
08/17/26 02:28:00 Node C_W15_HL_M1_A07_S7_F0 job proc (6053864.0.0) completed successfully.
08/17/26 02:28:00 Node C_W15_HL_M1_A07_S7_F0 job(s) have exited the queue
08/17/26 02:28:00 DAG status: 0 (DAG_STATUS_OK)
08/17/26 02:28:00 Of 432 nodes total:
08/17/26 02:28:00  Done     Pre   Queued    Post   Ready   Un-Ready   Failed   Futile
08/17/26 02:28:00   ===     ===      ===     ===     ===        ===      ===      ===
08/17/26 02:28:00   414       0       18       0       0          0        0        0
08/17/26 02:28:00 0 job proc(s) currently held
08/17/26 02:28:00 DAGMan Runtime Statistics: [EventCycleTimeAvg=0.121; EventCycleTimeMax=20.234; EventCycleTimeMin=0.000; EventCycleTimeStd=0.788; EventCycleTimeSum=103.270; SleepCycleTimeAvg=5.005; SleepCycleTimeMax=5.040; SleepCycleTimeMin=5.000; SleepCycleTimeStd=0.002; SleepCycleTimeSum=4269.501; SubmitCycleTimeAvg=0.020; SubmitCycleTimeMax=2.749; SubmitCycleTimeMin=0.000; SubmitCycleTimeStd=0.125; SubmitCycleTimeSum=16.753; EventCycleTimeCount=853.000; SleepCycleTimeCount=853.000; SubmitCycleTimeCount=854.000; LogProcessCycleTimeAvg=0.179; LogProcessCycleTimeMax=20.234; LogProcessCycleTimeMin=0.002; LogProcessCycleTimeStd=1.142; LogProcessCycleTimeSum=65.696; LogProcessCycleTimeCount=368.000; ]
08/17/26 02:29:20 Currently monitoring 1 HTCondor log file(s)
08/17/26 02:29:20 Event: ULOG_JOB_TERMINATED for HTCondor Node C_W15_HL_M2_A10_S4_F2 (6053567.0.0) {08/17/26 02:29:18}
08/17/26 02:29:20 Number of idle job procs: 0
08/17/26 02:29:20 Node C_W15_HL_M2_A10_S4_F2 job proc (6053567.0.0) completed successfully.
08/17/26 02:29:20 Node C_W15_HL_M2_A10_S4_F2 job(s) have exited the queue
08/17/26 02:29:20 DAG status: 0 (DAG_STATUS_OK)
08/17/26 02:29:20 Of 432 nodes total:
08/17/26 02:29:20  Done     Pre   Queued    Post   Ready   Un-Ready   Failed   Futile
08/17/26 02:29:20   ===     ===      ===     ===     ===        ===      ===      ===
08/17/26 02:29:20   415       0       17       0       0          0        0        0
08/17/26 02:29:20 0 job proc(s) currently held
08/17/26 02:29:20 DAGMan Runtime Statistics: [EventCycleTimeAvg=0.119; EventCycleTimeMax=20.234; EventCycleTimeMin=0.000; EventCycleTimeStd=0.781; EventCycleTimeSum=103.506; SleepCycleTimeAvg=5.005; SleepCycleTimeMax=5.040; SleepCycleTimeMin=5.000; SleepCycleTimeStd=0.002; SleepCycleTimeSum=4349.584; SubmitCycleTimeAvg=0.019; SubmitCycleTimeMax=2.749; SubmitCycleTimeMin=0.000; SubmitCycleTimeStd=0.124; SubmitCycleTimeSum=16.753; EventCycleTimeCount=869.000; SleepCycleTimeCount=869.000; SubmitCycleTimeCount=870.000; LogProcessCycleTimeAvg=0.178; LogProcessCycleTimeMax=20.234; LogProcessCycleTimeMin=0.002; LogProcessCycleTimeStd=1.140; LogProcessCycleTimeSum=65.766; LogProcessCycleTimeCount=369.000; ]
08/17/26 02:29:50 Currently monitoring 1 HTCondor log file(s)
08/17/26 02:29:50 Event: ULOG_JOB_TERMINATED for HTCondor Node C_W15_LH_M1_A07_S4_F0 (6053929.0.0) {08/17/26 02:29:46}
08/17/26 02:29:50 Number of idle job procs: 0
08/17/26 02:29:50 Node C_W15_LH_M1_A07_S4_F0 job proc (6053929.0.0) completed successfully.
08/17/26 02:29:50 Node C_W15_LH_M1_A07_S4_F0 job(s) have exited the queue
08/17/26 02:29:50 DAG status: 0 (DAG_STATUS_OK)
08/17/26 02:29:50 Of 432 nodes total:
08/17/26 02:29:50  Done     Pre   Queued    Post   Ready   Un-Ready   Failed   Futile
08/17/26 02:29:50   ===     ===      ===     ===     ===        ===      ===      ===
08/17/26 02:29:50   416       0       16       0       0          0        0        0
08/17/26 02:29:50 0 job proc(s) currently held
08/17/26 02:29:50 DAGMan Runtime Statistics: [EventCycleTimeAvg=0.118; EventCycleTimeMax=20.234; EventCycleTimeMin=0.000; EventCycleTimeStd=0.779; EventCycleTimeSum=103.686; SleepCycleTimeAvg=5.005; SleepCycleTimeMax=5.040; SleepCycleTimeMin=5.000; SleepCycleTimeStd=0.002; SleepCycleTimeSum=4379.614; SubmitCycleTimeAvg=0.019; SubmitCycleTimeMax=2.749; SubmitCycleTimeMin=0.000; SubmitCycleTimeStd=0.124; SubmitCycleTimeSum=16.753; EventCycleTimeCount=875.000; SleepCycleTimeCount=875.000; SubmitCycleTimeCount=876.000; LogProcessCycleTimeAvg=0.178; LogProcessCycleTimeMax=20.234; LogProcessCycleTimeMin=0.002; LogProcessCycleTimeStd=1.138; LogProcessCycleTimeSum=65.850; LogProcessCycleTimeCount=370.000; ]
08/17/26 02:30:15 Total jobs placed to AP: 432
08/17/26 02:30:15      Idle     Held     Running     Successful     Failed
08/17/26 02:30:15       ===      ===         ===            ===        ===
08/17/26 02:30:15         0        0          16            416          0
08/17/26 02:30:35 Currently monitoring 1 HTCondor log file(s)
08/17/26 02:30:35 Event: ULOG_JOB_TERMINATED for HTCondor Node C_W15_LH_M1_A07_S0_F0 (6053911.0.0) {08/17/26 02:30:35}
08/17/26 02:30:35 Number of idle job procs: 0
08/17/26 02:30:35 Node C_W15_LH_M1_A07_S0_F0 job proc (6053911.0.0) completed successfully.
08/17/26 02:30:35 Node C_W15_LH_M1_A07_S0_F0 job(s) have exited the queue
08/17/26 02:30:35 DAG status: 0 (DAG_STATUS_OK)
08/17/26 02:30:35 Of 432 nodes total:
08/17/26 02:30:35  Done     Pre   Queued    Post   Ready   Un-Ready   Failed   Futile
08/17/26 02:30:35   ===     ===      ===     ===     ===        ===      ===      ===
08/17/26 02:30:35   417       0       15       0       0          0        0        0
08/17/26 02:30:35 0 job proc(s) currently held
08/17/26 02:30:35 DAGMan Runtime Statistics: [EventCycleTimeAvg=0.118; EventCycleTimeMax=20.234; EventCycleTimeMin=0.000; EventCycleTimeStd=0.775; EventCycleTimeSum=103.918; SleepCycleTimeAvg=5.005; SleepCycleTimeMax=5.040; SleepCycleTimeMin=5.000; SleepCycleTimeStd=0.002; SleepCycleTimeSum=4424.654; SubmitCycleTimeAvg=0.019; SubmitCycleTimeMax=2.749; SubmitCycleTimeMin=0.000; SubmitCycleTimeStd=0.123; SubmitCycleTimeSum=16.753; EventCycleTimeCount=884.000; SleepCycleTimeCount=884.000; SubmitCycleTimeCount=885.000; LogProcessCycleTimeAvg=0.178; LogProcessCycleTimeMax=20.234; LogProcessCycleTimeMin=0.002; LogProcessCycleTimeStd=1.137; LogProcessCycleTimeSum=65.886; LogProcessCycleTimeCount=371.000; ]
08/17/26 02:31:50 Currently monitoring 1 HTCondor log file(s)
08/17/26 02:31:50 Event: ULOG_JOB_TERMINATED for HTCondor Node C_W15_HL_M2_A10_S5_F2 (6053527.0.0) {08/17/26 02:31:47}
08/17/26 02:31:50 Number of idle job procs: 0
08/17/26 02:31:50 Node C_W15_HL_M2_A10_S5_F2 job proc (6053527.0.0) completed successfully.
08/17/26 02:31:50 Node C_W15_HL_M2_A10_S5_F2 job(s) have exited the queue
08/17/26 02:31:50 DAG status: 0 (DAG_STATUS_OK)
08/17/26 02:31:50 Of 432 nodes total:
08/17/26 02:31:50  Done     Pre   Queued    Post   Ready   Un-Ready   Failed   Futile
08/17/26 02:31:50   ===     ===      ===     ===     ===        ===      ===      ===
08/17/26 02:31:51   418       0       14       0       0          0        0        0
08/17/26 02:31:51 0 job proc(s) currently held
08/17/26 02:31:51 DAGMan Runtime Statistics: [EventCycleTimeAvg=0.116; EventCycleTimeMax=20.234; EventCycleTimeMin=0.000; EventCycleTimeStd=0.768; EventCycleTimeSum=104.013; SleepCycleTimeAvg=5.005; SleepCycleTimeMax=5.040; SleepCycleTimeMin=5.000; SleepCycleTimeStd=0.002; SleepCycleTimeSum=4499.728; SubmitCycleTimeAvg=0.019; SubmitCycleTimeMax=2.749; SubmitCycleTimeMin=0.000; SubmitCycleTimeStd=0.122; SubmitCycleTimeSum=16.753; EventCycleTimeCount=899.000; SleepCycleTimeCount=899.000; SubmitCycleTimeCount=900.000; LogProcessCycleTimeAvg=0.177; LogProcessCycleTimeMax=20.234; LogProcessCycleTimeMin=0.002; LogProcessCycleTimeStd=1.135; LogProcessCycleTimeSum=65.923; LogProcessCycleTimeCount=372.000; ]
08/17/26 02:32:01 Currently monitoring 1 HTCondor log file(s)
08/17/26 02:32:01 Event: ULOG_JOB_TERMINATED for HTCondor Node C_W15_HL_M1_A07_S5_F0 (6053920.0.0) {08/17/26 02:31:57}
08/17/26 02:32:01 Number of idle job procs: 0
08/17/26 02:32:01 Node C_W15_HL_M1_A07_S5_F0 job proc (6053920.0.0) completed successfully.
08/17/26 02:32:01 Node C_W15_HL_M1_A07_S5_F0 job(s) have exited the queue
08/17/26 02:32:01 DAG status: 0 (DAG_STATUS_OK)
08/17/26 02:32:01 Of 432 nodes total:
08/17/26 02:32:01  Done     Pre   Queued    Post   Ready   Un-Ready   Failed   Futile
08/17/26 02:32:01   ===     ===      ===     ===     ===        ===      ===      ===
08/17/26 02:32:01   419       0       13       0       0          0        0        0
08/17/26 02:32:01 0 job proc(s) currently held
08/17/26 02:32:01 DAGMan Runtime Statistics: [EventCycleTimeAvg=0.116; EventCycleTimeMax=20.234; EventCycleTimeMin=0.000; EventCycleTimeStd=0.768; EventCycleTimeSum=104.101; SleepCycleTimeAvg=5.005; SleepCycleTimeMax=5.040; SleepCycleTimeMin=5.000; SleepCycleTimeStd=0.002; SleepCycleTimeSum=4509.738; SubmitCycleTimeAvg=0.019; SubmitCycleTimeMax=2.749; SubmitCycleTimeMin=0.000; SubmitCycleTimeStd=0.122; SubmitCycleTimeSum=16.753; EventCycleTimeCount=901.000; SleepCycleTimeCount=901.000; SubmitCycleTimeCount=902.000; LogProcessCycleTimeAvg=0.177; LogProcessCycleTimeMax=20.234; LogProcessCycleTimeMin=0.002; LogProcessCycleTimeStd=1.134; LogProcessCycleTimeSum=65.961; LogProcessCycleTimeCount=373.000; ]
08/17/26 02:33:01 Currently monitoring 1 HTCondor log file(s)
08/17/26 02:33:01 Event: ULOG_JOB_TERMINATED for HTCondor Node C_W15_HL_M2_A10_S7_F2 (6053560.0.0) {08/17/26 02:32:58}
08/17/26 02:33:01 Number of idle job procs: 0
08/17/26 02:33:01 Node C_W15_HL_M2_A10_S7_F2 job proc (6053560.0.0) completed successfully.
08/17/26 02:33:01 Node C_W15_HL_M2_A10_S7_F2 job(s) have exited the queue
08/17/26 02:33:01 DAG status: 0 (DAG_STATUS_OK)
08/17/26 02:33:01 Of 432 nodes total:
08/17/26 02:33:01  Done     Pre   Queued    Post   Ready   Un-Ready   Failed   Futile
08/17/26 02:33:01   ===     ===      ===     ===     ===        ===      ===      ===
08/17/26 02:33:01   420       0       12       0       0          0        0        0
08/17/26 02:33:01 0 job proc(s) currently held
08/17/26 02:33:01 DAGMan Runtime Statistics: [EventCycleTimeAvg=0.114; EventCycleTimeMax=20.234; EventCycleTimeMin=0.000; EventCycleTimeStd=0.763; EventCycleTimeSum=104.192; SleepCycleTimeAvg=5.005; SleepCycleTimeMax=5.040; SleepCycleTimeMin=5.000; SleepCycleTimeStd=0.002; SleepCycleTimeSum=4569.792; SubmitCycleTimeAvg=0.018; SubmitCycleTimeMax=2.749; SubmitCycleTimeMin=0.000; SubmitCycleTimeStd=0.121; SubmitCycleTimeSum=16.753; EventCycleTimeCount=913.000; SleepCycleTimeCount=913.000; SubmitCycleTimeCount=914.000; LogProcessCycleTimeAvg=0.177; LogProcessCycleTimeMax=20.234; LogProcessCycleTimeMin=0.002; LogProcessCycleTimeStd=1.132; LogProcessCycleTimeSum=66.012; LogProcessCycleTimeCount=374.000; ]
08/17/26 02:33:51 Currently monitoring 1 HTCondor log file(s)
08/17/26 02:33:51 Event: ULOG_JOB_TERMINATED for HTCondor Node C_W15_HL_M1_A07_S0_F0 (6053927.0.0) {08/17/26 02:33:47}
08/17/26 02:33:51 Number of idle job procs: 0
08/17/26 02:33:51 Node C_W15_HL_M1_A07_S0_F0 job proc (6053927.0.0) completed successfully.
08/17/26 02:33:51 Node C_W15_HL_M1_A07_S0_F0 job(s) have exited the queue
08/17/26 02:33:51 DAG status: 0 (DAG_STATUS_OK)
08/17/26 02:33:51 Of 432 nodes total:
08/17/26 02:33:51  Done     Pre   Queued    Post   Ready   Un-Ready   Failed   Futile
08/17/26 02:33:51   ===     ===      ===     ===     ===        ===      ===      ===
08/17/26 02:33:51   421       0       11       0       0          0        0        0
08/17/26 02:33:51 0 job proc(s) currently held
08/17/26 02:33:51 DAGMan Runtime Statistics: [EventCycleTimeAvg=0.113; EventCycleTimeMax=20.234; EventCycleTimeMin=0.000; EventCycleTimeStd=0.759; EventCycleTimeSum=104.298; SleepCycleTimeAvg=5.005; SleepCycleTimeMax=5.040; SleepCycleTimeMin=5.000; SleepCycleTimeStd=0.002; SleepCycleTimeSum=4619.836; SubmitCycleTimeAvg=0.018; SubmitCycleTimeMax=2.749; SubmitCycleTimeMin=0.000; SubmitCycleTimeStd=0.121; SubmitCycleTimeSum=16.753; EventCycleTimeCount=923.000; SleepCycleTimeCount=923.000; SubmitCycleTimeCount=924.000; LogProcessCycleTimeAvg=0.176; LogProcessCycleTimeMax=20.234; LogProcessCycleTimeMin=0.002; LogProcessCycleTimeStd=1.131; LogProcessCycleTimeSum=66.050; LogProcessCycleTimeCount=375.000; ]
08/17/26 02:37:16 Currently monitoring 1 HTCondor log file(s)
08/17/26 02:37:16 Event: ULOG_JOB_TERMINATED for HTCondor Node C_W15_LH_M2_A10_S1_F2 (6053565.0.0) {08/17/26 02:37:14}
08/17/26 02:37:16 Number of idle job procs: 0
08/17/26 02:37:16 Node C_W15_LH_M2_A10_S1_F2 job proc (6053565.0.0) completed successfully.
08/17/26 02:37:16 Node C_W15_LH_M2_A10_S1_F2 job(s) have exited the queue
08/17/26 02:37:16 DAG status: 0 (DAG_STATUS_OK)
08/17/26 02:37:16 Of 432 nodes total:
08/17/26 02:37:16  Done     Pre   Queued    Post   Ready   Un-Ready   Failed   Futile
08/17/26 02:37:16   ===     ===      ===     ===     ===        ===      ===      ===
08/17/26 02:37:16   422       0       10       0       0          0        0        0
08/17/26 02:37:16 0 job proc(s) currently held
08/17/26 02:37:16 DAGMan Runtime Statistics: [EventCycleTimeAvg=0.108; EventCycleTimeMax=20.234; EventCycleTimeMin=0.000; EventCycleTimeStd=0.743; EventCycleTimeSum=104.400; SleepCycleTimeAvg=5.005; SleepCycleTimeMax=5.040; SleepCycleTimeMin=5.000; SleepCycleTimeStd=0.002; SleepCycleTimeSum=4825.043; SubmitCycleTimeAvg=0.017; SubmitCycleTimeMax=2.749; SubmitCycleTimeMin=0.000; SubmitCycleTimeStd=0.118; SubmitCycleTimeSum=16.753; EventCycleTimeCount=964.000; SleepCycleTimeCount=964.000; SubmitCycleTimeCount=965.000; LogProcessCycleTimeAvg=0.176; LogProcessCycleTimeMax=20.234; LogProcessCycleTimeMin=0.002; LogProcessCycleTimeStd=1.129; LogProcessCycleTimeSum=66.089; LogProcessCycleTimeCount=376.000; ]
08/17/26 02:38:36 Currently monitoring 1 HTCondor log file(s)
08/17/26 02:38:36 Event: ULOG_JOB_TERMINATED for HTCondor Node C_W15_II_M1_A07_S3_F0 (6053915.0.0) {08/17/26 02:38:34}
08/17/26 02:38:36 Number of idle job procs: 0
08/17/26 02:38:36 Node C_W15_II_M1_A07_S3_F0 job proc (6053915.0.0) completed successfully.
08/17/26 02:38:36 Node C_W15_II_M1_A07_S3_F0 job(s) have exited the queue
08/17/26 02:38:36 DAG status: 0 (DAG_STATUS_OK)
08/17/26 02:38:36 Of 432 nodes total:
08/17/26 02:38:36  Done     Pre   Queued    Post   Ready   Un-Ready   Failed   Futile
08/17/26 02:38:36   ===     ===      ===     ===     ===        ===      ===      ===
08/17/26 02:38:36   423       0        9       0       0          0        0        0
08/17/26 02:38:36 0 job proc(s) currently held
08/17/26 02:38:36 DAGMan Runtime Statistics: [EventCycleTimeAvg=0.107; EventCycleTimeMax=20.234; EventCycleTimeMin=0.000; EventCycleTimeStd=0.737; EventCycleTimeSum=104.497; SleepCycleTimeAvg=5.005; SleepCycleTimeMax=5.040; SleepCycleTimeMin=5.000; SleepCycleTimeStd=0.002; SleepCycleTimeSum=4905.121; SubmitCycleTimeAvg=0.017; SubmitCycleTimeMax=2.749; SubmitCycleTimeMin=0.000; SubmitCycleTimeStd=0.117; SubmitCycleTimeSum=16.754; EventCycleTimeCount=980.000; SleepCycleTimeCount=980.000; SubmitCycleTimeCount=981.000; LogProcessCycleTimeAvg=0.175; LogProcessCycleTimeMax=20.234; LogProcessCycleTimeMin=0.002; LogProcessCycleTimeStd=1.128; LogProcessCycleTimeSum=66.130; LogProcessCycleTimeCount=377.000; ]
08/17/26 02:38:41 Currently monitoring 1 HTCondor log file(s)
08/17/26 02:38:41 Event: ULOG_JOB_TERMINATED for HTCondor Node C_W15_HL_M1_A07_S1_F0 (6053926.0.0) {08/17/26 02:38:41}
08/17/26 02:38:41 Number of idle job procs: 0
08/17/26 02:38:41 Node C_W15_HL_M1_A07_S1_F0 job proc (6053926.0.0) completed successfully.
08/17/26 02:38:41 Node C_W15_HL_M1_A07_S1_F0 job(s) have exited the queue
08/17/26 02:38:41 DAG status: 0 (DAG_STATUS_OK)
08/17/26 02:38:41 Of 432 nodes total:
08/17/26 02:38:41  Done     Pre   Queued    Post   Ready   Un-Ready   Failed   Futile
08/17/26 02:38:41   ===     ===      ===     ===     ===        ===      ===      ===
08/17/26 02:38:41   424       0        8       0       0          0        0        0
08/17/26 02:38:41 0 job proc(s) currently held
08/17/26 02:38:41 DAGMan Runtime Statistics: [EventCycleTimeAvg=0.107; EventCycleTimeMax=20.234; EventCycleTimeMin=0.000; EventCycleTimeStd=0.736; EventCycleTimeSum=104.590; SleepCycleTimeAvg=5.005; SleepCycleTimeMax=5.040; SleepCycleTimeMin=5.000; SleepCycleTimeStd=0.002; SleepCycleTimeSum=4910.126; SubmitCycleTimeAvg=0.017; SubmitCycleTimeMax=2.749; SubmitCycleTimeMin=0.000; SubmitCycleTimeStd=0.117; SubmitCycleTimeSum=16.754; EventCycleTimeCount=981.000; SleepCycleTimeCount=981.000; SubmitCycleTimeCount=982.000; LogProcessCycleTimeAvg=0.175; LogProcessCycleTimeMax=20.234; LogProcessCycleTimeMin=0.002; LogProcessCycleTimeStd=1.127; LogProcessCycleTimeSum=66.170; LogProcessCycleTimeCount=378.000; ]
08/17/26 02:39:02 Currently monitoring 1 HTCondor log file(s)
08/17/26 02:39:02 Event: ULOG_JOB_TERMINATED for HTCondor Node C_W15_LH_M1_A07_S7_F0 (6053944.0.0) {08/17/26 02:39:00}
08/17/26 02:39:02 Number of idle job procs: 0
08/17/26 02:39:02 Node C_W15_LH_M1_A07_S7_F0 job proc (6053944.0.0) completed successfully.
08/17/26 02:39:02 Node C_W15_LH_M1_A07_S7_F0 job(s) have exited the queue
08/17/26 02:39:02 DAG status: 0 (DAG_STATUS_OK)
08/17/26 02:39:02 Of 432 nodes total:
08/17/26 02:39:02  Done     Pre   Queued    Post   Ready   Un-Ready   Failed   Futile
08/17/26 02:39:02   ===     ===      ===     ===     ===        ===      ===      ===
08/17/26 02:39:02   425       0        7       0       0          0        0        0
08/17/26 02:39:02 0 job proc(s) currently held
08/17/26 02:39:02 DAGMan Runtime Statistics: [EventCycleTimeAvg=0.106; EventCycleTimeMax=20.234; EventCycleTimeMin=0.000; EventCycleTimeStd=0.735; EventCycleTimeSum=104.686; SleepCycleTimeAvg=5.005; SleepCycleTimeMax=5.040; SleepCycleTimeMin=5.000; SleepCycleTimeStd=0.002; SleepCycleTimeSum=4930.146; SubmitCycleTimeAvg=0.017; SubmitCycleTimeMax=2.749; SubmitCycleTimeMin=0.000; SubmitCycleTimeStd=0.117; SubmitCycleTimeSum=16.754; EventCycleTimeCount=985.000; SleepCycleTimeCount=985.000; SubmitCycleTimeCount=986.000; LogProcessCycleTimeAvg=0.175; LogProcessCycleTimeMax=20.234; LogProcessCycleTimeMin=0.002; LogProcessCycleTimeStd=1.125; LogProcessCycleTimeSum=66.209; LogProcessCycleTimeCount=379.000; ]
08/17/26 02:40:02 Currently monitoring 1 HTCondor log file(s)
08/17/26 02:40:02 Event: ULOG_JOB_TERMINATED for HTCondor Node C_W15_II_M1_A07_S1_F0 (6053935.0.0) {08/17/26 02:39:59}
08/17/26 02:40:02 Number of idle job procs: 0
08/17/26 02:40:02 Node C_W15_II_M1_A07_S1_F0 job proc (6053935.0.0) completed successfully.
08/17/26 02:40:02 Node C_W15_II_M1_A07_S1_F0 job(s) have exited the queue
08/17/26 02:40:02 DAG status: 0 (DAG_STATUS_OK)
08/17/26 02:40:02 Of 432 nodes total:
08/17/26 02:40:02  Done     Pre   Queued    Post   Ready   Un-Ready   Failed   Futile
08/17/26 02:40:02   ===     ===      ===     ===     ===        ===      ===      ===
08/17/26 02:40:02   426       0        6       0       0          0        0        0
08/17/26 02:40:02 0 job proc(s) currently held
08/17/26 02:40:02 DAGMan Runtime Statistics: [EventCycleTimeAvg=0.105; EventCycleTimeMax=20.234; EventCycleTimeMin=0.000; EventCycleTimeStd=0.730; EventCycleTimeSum=104.779; SleepCycleTimeAvg=5.005; SleepCycleTimeMax=5.040; SleepCycleTimeMin=5.000; SleepCycleTimeStd=0.002; SleepCycleTimeSum=4990.198; SubmitCycleTimeAvg=0.017; SubmitCycleTimeMax=2.749; SubmitCycleTimeMin=0.000; SubmitCycleTimeStd=0.116; SubmitCycleTimeSum=16.754; EventCycleTimeCount=997.000; SleepCycleTimeCount=997.000; SubmitCycleTimeCount=998.000; LogProcessCycleTimeAvg=0.174; LogProcessCycleTimeMax=20.234; LogProcessCycleTimeMin=0.002; LogProcessCycleTimeStd=1.124; LogProcessCycleTimeSum=66.248; LogProcessCycleTimeCount=380.000; ]
08/17/26 02:40:12 Currently monitoring 1 HTCondor log file(s)
08/17/26 02:40:12 Event: ULOG_JOB_TERMINATED for HTCondor Node C_W15_II_M1_A07_S2_F0 (6053969.0.0) {08/17/26 02:40:10}
08/17/26 02:40:12 Number of idle job procs: 0
08/17/26 02:40:12 Node C_W15_II_M1_A07_S2_F0 job proc (6053969.0.0) completed successfully.
08/17/26 02:40:12 Node C_W15_II_M1_A07_S2_F0 job(s) have exited the queue
08/17/26 02:40:12 DAG status: 0 (DAG_STATUS_OK)
08/17/26 02:40:12 Of 432 nodes total:
08/17/26 02:40:12  Done     Pre   Queued    Post   Ready   Un-Ready   Failed   Futile
08/17/26 02:40:12   ===     ===      ===     ===     ===        ===      ===      ===
08/17/26 02:40:12   427       0        5       0       0          0        0        0
08/17/26 02:40:12 0 job proc(s) currently held
08/17/26 02:40:12 DAGMan Runtime Statistics: [EventCycleTimeAvg=0.105; EventCycleTimeMax=20.234; EventCycleTimeMin=0.000; EventCycleTimeStd=0.730; EventCycleTimeSum=104.875; SleepCycleTimeAvg=5.005; SleepCycleTimeMax=5.040; SleepCycleTimeMin=5.000; SleepCycleTimeStd=0.002; SleepCycleTimeSum=5000.210; SubmitCycleTimeAvg=0.017; SubmitCycleTimeMax=2.749; SubmitCycleTimeMin=0.000; SubmitCycleTimeStd=0.116; SubmitCycleTimeSum=16.754; EventCycleTimeCount=999.000; SleepCycleTimeCount=999.000; SubmitCycleTimeCount=1000.000; LogProcessCycleTimeAvg=0.174; LogProcessCycleTimeMax=20.234; LogProcessCycleTimeMin=0.002; LogProcessCycleTimeStd=1.122; LogProcessCycleTimeSum=66.301; LogProcessCycleTimeCount=381.000; ]
08/17/26 02:43:22 Currently monitoring 1 HTCondor log file(s)
08/17/26 02:43:22 Event: ULOG_JOB_TERMINATED for HTCondor Node C_W15_II_M1_A07_S5_F0 (6053968.0.0) {08/17/26 02:43:19}
08/17/26 02:43:22 Number of idle job procs: 0
08/17/26 02:43:22 Node C_W15_II_M1_A07_S5_F0 job proc (6053968.0.0) completed successfully.
08/17/26 02:43:22 Node C_W15_II_M1_A07_S5_F0 job(s) have exited the queue
08/17/26 02:43:22 DAG status: 0 (DAG_STATUS_OK)
08/17/26 02:43:22 Of 432 nodes total:
08/17/26 02:43:22  Done     Pre   Queued    Post   Ready   Un-Ready   Failed   Futile
08/17/26 02:43:22   ===     ===      ===     ===     ===        ===      ===      ===
08/17/26 02:43:22   428       0        4       0       0          0        0        0
08/17/26 02:43:22 0 job proc(s) currently held
08/17/26 02:43:22 DAGMan Runtime Statistics: [EventCycleTimeAvg=0.101; EventCycleTimeMax=20.234; EventCycleTimeMin=0.000; EventCycleTimeStd=0.716; EventCycleTimeSum=105.008; SleepCycleTimeAvg=5.005; SleepCycleTimeMax=5.040; SleepCycleTimeMin=5.000; SleepCycleTimeStd=0.002; SleepCycleTimeSum=5190.385; SubmitCycleTimeAvg=0.016; SubmitCycleTimeMax=2.749; SubmitCycleTimeMin=0.000; SubmitCycleTimeStd=0.114; SubmitCycleTimeSum=16.754; EventCycleTimeCount=1037.000; SleepCycleTimeCount=1037.000; SubmitCycleTimeCount=1038.000; LogProcessCycleTimeAvg=0.174; LogProcessCycleTimeMax=20.234; LogProcessCycleTimeMin=0.002; LogProcessCycleTimeStd=1.121; LogProcessCycleTimeSum=66.341; LogProcessCycleTimeCount=382.000; ]
08/17/26 02:45:17 Total jobs placed to AP: 432
08/17/26 02:45:17      Idle     Held     Running     Successful     Failed
08/17/26 02:45:17       ===      ===         ===            ===        ===
08/17/26 02:45:17         0        0           4            428          0
08/17/26 02:47:22 Currently monitoring 1 HTCondor log file(s)
08/17/26 02:47:22 Event: ULOG_JOB_TERMINATED for HTCondor Node C_W15_II_M1_A07_S0_F0 (6053939.0.0) {08/17/26 02:47:18}
08/17/26 02:47:22 Number of idle job procs: 0
08/17/26 02:47:22 Node C_W15_II_M1_A07_S0_F0 job proc (6053939.0.0) completed successfully.
08/17/26 02:47:22 Node C_W15_II_M1_A07_S0_F0 job(s) have exited the queue
08/17/26 02:47:22 DAG status: 0 (DAG_STATUS_OK)
08/17/26 02:47:23 Of 432 nodes total:
08/17/26 02:47:23  Done     Pre   Queued    Post   Ready   Un-Ready   Failed   Futile
08/17/26 02:47:23   ===     ===      ===     ===     ===        ===      ===      ===
08/17/26 02:47:23   429       0        3       0       0          0        0        0
08/17/26 02:47:23 0 job proc(s) currently held
08/17/26 02:47:23 DAGMan Runtime Statistics: [EventCycleTimeAvg=0.097; EventCycleTimeMax=20.234; EventCycleTimeMin=0.000; EventCycleTimeStd=0.701; EventCycleTimeSum=105.148; SleepCycleTimeAvg=5.005; SleepCycleTimeMax=5.040; SleepCycleTimeMin=5.000; SleepCycleTimeStd=0.002; SleepCycleTimeSum=5430.615; SubmitCycleTimeAvg=0.015; SubmitCycleTimeMax=2.749; SubmitCycleTimeMin=0.000; SubmitCycleTimeStd=0.111; SubmitCycleTimeSum=16.754; EventCycleTimeCount=1085.000; SleepCycleTimeCount=1085.000; SubmitCycleTimeCount=1086.000; LogProcessCycleTimeAvg=0.173; LogProcessCycleTimeMax=20.234; LogProcessCycleTimeMin=0.002; LogProcessCycleTimeStd=1.119; LogProcessCycleTimeSum=66.383; LogProcessCycleTimeCount=383.000; ]
08/17/26 02:48:43 Currently monitoring 1 HTCondor log file(s)
08/17/26 02:48:43 Event: ULOG_JOB_TERMINATED for HTCondor Node C_W15_LH_M1_A07_S3_F0 (6053979.0.0) {08/17/26 02:48:40}
08/17/26 02:48:43 Number of idle job procs: 0
08/17/26 02:48:43 Node C_W15_LH_M1_A07_S3_F0 job proc (6053979.0.0) completed successfully.
08/17/26 02:48:43 Node C_W15_LH_M1_A07_S3_F0 job(s) have exited the queue
08/17/26 02:48:43 DAG status: 0 (DAG_STATUS_OK)
08/17/26 02:48:43 Of 432 nodes total:
08/17/26 02:48:43  Done     Pre   Queued    Post   Ready   Un-Ready   Failed   Futile
08/17/26 02:48:43   ===     ===      ===     ===     ===        ===      ===      ===
08/17/26 02:48:43   430       0        2       0       0          0        0        0
08/17/26 02:48:43 0 job proc(s) currently held
08/17/26 02:48:43 DAGMan Runtime Statistics: [EventCycleTimeAvg=0.096; EventCycleTimeMax=20.234; EventCycleTimeMin=0.000; EventCycleTimeStd=0.696; EventCycleTimeSum=105.250; SleepCycleTimeAvg=5.005; SleepCycleTimeMax=5.040; SleepCycleTimeMin=5.000; SleepCycleTimeStd=0.002; SleepCycleTimeSum=5510.699; SubmitCycleTimeAvg=0.015; SubmitCycleTimeMax=2.749; SubmitCycleTimeMin=0.000; SubmitCycleTimeStd=0.111; SubmitCycleTimeSum=16.754; EventCycleTimeCount=1101.000; SleepCycleTimeCount=1101.000; SubmitCycleTimeCount=1102.000; LogProcessCycleTimeAvg=0.173; LogProcessCycleTimeMax=20.234; LogProcessCycleTimeMin=0.002; LogProcessCycleTimeStd=1.118; LogProcessCycleTimeSum=66.424; LogProcessCycleTimeCount=384.000; ]
08/17/26 02:57:53 Currently monitoring 1 HTCondor log file(s)
08/17/26 02:57:53 Event: ULOG_JOB_TERMINATED for HTCondor Node C_W15_II_M1_A07_S7_F0 (6054008.0.0) {08/17/26 02:57:53}
08/17/26 02:57:53 Number of idle job procs: 0
08/17/26 02:57:53 Node C_W15_II_M1_A07_S7_F0 job proc (6054008.0.0) completed successfully.
08/17/26 02:57:53 Node C_W15_II_M1_A07_S7_F0 job(s) have exited the queue
08/17/26 02:57:53 DAG status: 0 (DAG_STATUS_OK)
08/17/26 02:57:53 Of 432 nodes total:
08/17/26 02:57:53  Done     Pre   Queued    Post   Ready   Un-Ready   Failed   Futile
08/17/26 02:57:53   ===     ===      ===     ===     ===        ===      ===      ===
08/17/26 02:57:53   431       0        1       0       0          0        0        0
08/17/26 02:57:53 0 job proc(s) currently held
08/17/26 02:57:53 DAGMan Runtime Statistics: [EventCycleTimeAvg=0.087; EventCycleTimeMax=20.234; EventCycleTimeMin=0.000; EventCycleTimeStd=0.664; EventCycleTimeSum=105.367; SleepCycleTimeAvg=5.005; SleepCycleTimeMax=5.040; SleepCycleTimeMin=5.000; SleepCycleTimeStd=0.002; SleepCycleTimeSum=6061.234; SubmitCycleTimeAvg=0.014; SubmitCycleTimeMax=2.749; SubmitCycleTimeMin=0.000; SubmitCycleTimeStd=0.106; SubmitCycleTimeSum=16.754; EventCycleTimeCount=1211.000; SleepCycleTimeCount=1211.000; SubmitCycleTimeCount=1212.000; LogProcessCycleTimeAvg=0.173; LogProcessCycleTimeMax=20.234; LogProcessCycleTimeMin=0.002; LogProcessCycleTimeStd=1.116; LogProcessCycleTimeSum=66.464; LogProcessCycleTimeCount=385.000; ]
08/17/26 03:00:19 Total jobs placed to AP: 432
08/17/26 03:00:19      Idle     Held     Running     Successful     Failed
08/17/26 03:00:19       ===      ===         ===            ===        ===
08/17/26 03:00:19         0        0           1            431          0
08/17/26 03:02:59 Currently monitoring 1 HTCondor log file(s)
08/17/26 03:02:59 Event: ULOG_JOB_TERMINATED for HTCondor Node C_W15_II_M1_A07_S6_F0 (6053986.0.0) {08/17/26 03:02:58}
08/17/26 03:02:59 Number of idle job procs: 0
08/17/26 03:02:59 Node C_W15_II_M1_A07_S6_F0 job proc (6053986.0.0) completed successfully.
08/17/26 03:02:59 Node C_W15_II_M1_A07_S6_F0 job(s) have exited the queue
08/17/26 03:02:59 DAG status: 0 (DAG_STATUS_OK)
08/17/26 03:02:59 Of 432 nodes total:
08/17/26 03:02:59  Done     Pre   Queued    Post   Ready   Un-Ready   Failed   Futile
08/17/26 03:02:59   ===     ===      ===     ===     ===        ===      ===      ===
08/17/26 03:02:59   432       0        0       0       0          0        0        0
08/17/26 03:02:59 0 job proc(s) currently held
08/17/26 03:02:59 DAGMan Runtime Statistics: [EventCycleTimeAvg=0.083; EventCycleTimeMax=20.234; EventCycleTimeMin=0.000; EventCycleTimeStd=0.648; EventCycleTimeSum=105.513; SleepCycleTimeAvg=5.005; SleepCycleTimeMax=5.040; SleepCycleTimeMin=5.000; SleepCycleTimeStd=0.002; SleepCycleTimeSum=6366.535; SubmitCycleTimeAvg=0.013; SubmitCycleTimeMax=2.749; SubmitCycleTimeMin=0.000; SubmitCycleTimeStd=0.103; SubmitCycleTimeSum=16.754; EventCycleTimeCount=1272.000; SleepCycleTimeCount=1272.000; SubmitCycleTimeCount=1273.000; LogProcessCycleTimeAvg=0.172; LogProcessCycleTimeMax=20.234; LogProcessCycleTimeMin=0.002; LogProcessCycleTimeStd=1.115; LogProcessCycleTimeSum=66.549; LogProcessCycleTimeCount=386.000; ]
08/17/26 03:02:59 All jobs Completed!
08/17/26 03:02:59 Note: 0 total node deferrals because of -MaxJobs limit (0)
08/17/26 03:02:59 Note: 0 total node deferrals because of -MaxIdle limit (1000)
08/17/26 03:02:59 Note: 0 total node deferrals because of node category throttles
08/17/26 03:02:59 Note: 0 total PRE script deferrals because of -MaxPre limit (20) or DEFER
08/17/26 03:02:59 Note: 0 total POST script deferrals because of -MaxPost limit (20) or DEFER
08/17/26 03:02:59 Note: 0 total HOLD script deferrals because of -MaxHold limit (20) or DEFER
08/17/26 03:02:59 DAG status: 0 (DAG_STATUS_OK)
08/17/26 03:02:59 Of 432 nodes total:
08/17/26 03:02:59  Done     Pre   Queued    Post   Ready   Un-Ready   Failed   Futile
08/17/26 03:02:59   ===     ===      ===     ===     ===        ===      ===      ===
08/17/26 03:02:59   432       0        0       0       0          0        0        0
08/17/26 03:02:59 0 job proc(s) currently held
08/17/26 03:02:59 DAGMan Runtime Statistics: [EventCycleTimeAvg=0.083; EventCycleTimeMax=20.234; EventCycleTimeMin=0.000; EventCycleTimeStd=0.648; EventCycleTimeSum=105.513; SleepCycleTimeAvg=5.005; SleepCycleTimeMax=5.040; SleepCycleTimeMin=5.000; SleepCycleTimeStd=0.002; SleepCycleTimeSum=6366.535; SubmitCycleTimeAvg=0.013; SubmitCycleTimeMax=2.749; SubmitCycleTimeMin=0.000; SubmitCycleTimeStd=0.103; SubmitCycleTimeSum=16.754; EventCycleTimeCount=1272.000; SleepCycleTimeCount=1272.000; SubmitCycleTimeCount=1273.000; LogProcessCycleTimeAvg=0.172; LogProcessCycleTimeMax=20.234; LogProcessCycleTimeMin=0.002; LogProcessCycleTimeStd=1.115; LogProcessCycleTimeSum=66.549; LogProcessCycleTimeCount=386.000; ]
08/17/26 03:02:59 Wrote metrics file campaign.dag.metrics.
08/17/26 03:02:59 DAGMan Runtime Statistics: [EventCycleTimeAvg=0.083; EventCycleTimeMax=20.234; EventCycleTimeMin=0.000; EventCycleTimeStd=0.648; EventCycleTimeSum=105.513; SleepCycleTimeAvg=5.005; SleepCycleTimeMax=5.040; SleepCycleTimeMin=5.000; SleepCycleTimeStd=0.002; SleepCycleTimeSum=6366.535; SubmitCycleTimeAvg=0.013; SubmitCycleTimeMax=2.749; SubmitCycleTimeMin=0.000; SubmitCycleTimeStd=0.103; SubmitCycleTimeSum=16.754; EventCycleTimeCount=1272.000; SleepCycleTimeCount=1272.000; SubmitCycleTimeCount=1273.000; LogProcessCycleTimeAvg=0.172; LogProcessCycleTimeMax=20.234; LogProcessCycleTimeMin=0.002; LogProcessCycleTimeStd=1.115; LogProcessCycleTimeSum=66.549; LogProcessCycleTimeCount=386.000; ]
08/17/26 03:02:59 **** condor_scheduniv_exec.6053131.0 (condor_DAGMAN) pid 554851 EXITING WITH STATUS 0
