node	stage	mode	adaptive_id	fixed_id	seed_id	recipe_id	region_id	window_id	aggregate	line_number	iteration	calls	integral_fb	error_fb	relative_error	reported_err_pct	accuracy	efficiency_pct	row_kind	raw_line
P_W15_LL_M0_A00_S0	adaptive	W15_LL_M0_A00_S0	A00		S0	M0	LL	W15	NR	150	1	50015	0.066865028	0.0116	0.17348381279373723	17.4	38.91	2.58	iteration	1      50015  6.6865028E-02  1.16E-02   17.40   38.91*   2.58
P_W15_LL_M0_A00_S0	adaptive	W15_LL_M0_A00_S0	A00		S0	M0	LL	W15	NR	151	2	50012	0.11300006	0.0783	0.6929199860601843	69.28	154.92	0.98	iteration	2      50012  1.1300006E-01  7.83E-02   69.28  154.92    0.98
P_W15_LL_M0_A00_S0	adaptive	W15_LL_M0_A00_S0	A00		S0	M0	LL	W15	NR	152	3	49992	0.075422516	0.0153	0.20285719452795767	20.33	45.46	0.26	iteration	3      49992  7.5422516E-02  1.53E-02   20.33   45.46*   0.26
P_W15_LL_M0_A00_S0	adaptive	W15_LL_M0_A00_S0	A00		S0	M0	LL	W15	NR	153	4	50001	0.080437296	0.0168	0.20885833854981894	20.87	46.68	0.18	iteration	4      50001  8.0437296E-02  1.68E-02   20.87   46.68    0.18
P_W15_LL_M0_A00_S0	adaptive	W15_LL_M0_A00_S0	A00		S0	M0	LL	W15	NR	154	5	49998	0.073968981	0.0153	0.20684346050407262	20.68	46.24	0.09	iteration	5      49998  7.3968981E-02  1.53E-02   20.68   46.24*   0.09
P_W15_LL_M0_A00_S0	adaptive	W15_LL_M0_A00_S0	A00		S0	M0	LL	W15	NR	156	5	250018	0.073102384	0.00714	0.09767123326648279	9.76	48.82	0.09	aggregate	5     250018  7.3102384E-02  7.14E-03    9.76   48.82    0.09    0.19   5
C_W15_LL_M0_A00_S0_F0	fixed	W15_LL_M0_A00_S0_F0	A00	F0	S0	M0	LL	W15	NR	146	1	50015	0.066865028	0.0116	0.17348381279373723	17.4	38.91	2.58	iteration	1      50015  6.6865028E-02  1.16E-02   17.40   38.91*   2.58
C_W15_LL_M0_A00_S0_F0	fixed	W15_LL_M0_A00_S0_F0	A00	F0	S0	M0	LL	W15	NR	147	2	50012	0.11300006	0.0783	0.6929199860601843	69.28	154.92	0.98	iteration	2      50012  1.1300006E-01  7.83E-02   69.28  154.92    0.98
C_W15_LL_M0_A00_S0_F0	fixed	W15_LL_M0_A00_S0_F0	A00	F0	S0	M0	LL	W15	NR	148	3	49992	0.075422516	0.0153	0.20285719452795767	20.33	45.46	0.26	iteration	3      49992  7.5422516E-02  1.53E-02   20.33   45.46*   0.26
C_W15_LL_M0_A00_S0_F0	fixed	W15_LL_M0_A00_S0_F0	A00	F0	S0	M0	LL	W15	NR	149	4	50001	0.080437296	0.0168	0.20885833854981894	20.87	46.68	0.18	iteration	4      50001  8.0437296E-02  1.68E-02   20.87   46.68    0.18
C_W15_LL_M0_A00_S0_F0	fixed	W15_LL_M0_A00_S0_F0	A00	F0	S0	M0	LL	W15	NR	150	5	49998	0.073968981	0.0153	0.20684346050407262	20.68	46.24	0.09	iteration	5      49998  7.3968981E-02  1.53E-02   20.68   46.24*   0.09
C_W15_LL_M0_A00_S0_F0	fixed	W15_LL_M0_A00_S0_F0	A00	F0	S0	M0	LL	W15	NR	152	5	250018	0.073102384	0.00714	0.09767123326648279	9.76	48.82	0.09	aggregate	5     250018  7.3102384E-02  7.14E-03    9.76   48.82    0.09    0.19   5
C_W15_LL_M0_A00_S0_F0	fixed	W15_LL_M0_A00_S0_F0	A00	F0	S0	M0	LL	W15	NR	155	6	200000	0.058100209	0.00348	0.05989651431374369	5.99	26.8	0.1	iteration	6     200000  5.8100209E-02  3.48E-03    5.99   26.80*   0.10
C_W15_LL_M0_A00_S0_F0	fixed	W15_LL_M0_A00_S0_F0	A00	F0	S0	M0	LL	W15	NR	156	7	200000	0.057643336	0.00379	0.06574914401206758	6.58	29.43	0.09	iteration	7     200000  5.7643336E-02  3.79E-03    6.58   29.43    0.09
C_W15_LL_M0_A00_S0_F0	fixed	W15_LL_M0_A00_S0_F0	A00	F0	S0	M0	LL	W15	NR	157	8	200000	0.059271591	0.0041	0.0691731052065061	6.91	30.9	0.05	iteration	8     200000  5.9271591E-02  4.10E-03    6.91   30.90    0.05
C_W15_LL_M0_A00_S0_F0	fixed	W15_LL_M0_A00_S0_F0	A00	F0	S0	M0	LL	W15	NR	159	8	600000	0.058280117	0.00217	0.03723396780414837	3.73	28.89	0.05	aggregate	8     600000  5.8280117E-02  2.17E-03    3.73   28.89    0.05    0.04   3
P_W15_LL_M0_A00_S1	adaptive	W15_LL_M0_A00_S1	A00		S1	M0	LL	W15	NR	150	1	50007	0.078256631	0.0195	0.249180162125814	24.95	55.8	2.41	iteration	1      50007  7.8256631E-02  1.95E-02   24.95   55.80*   2.41
P_W15_LL_M0_A00_S1	adaptive	W15_LL_M0_A00_S1	A00		S1	M0	LL	W15	NR	151	2	50012	0.038855812	0.00839	0.2159265131301335	21.59	48.28	0.2	iteration	2      50012  3.8855812E-02  8.39E-03   21.59   48.28*   0.20
P_W15_LL_M0_A00_S1	adaptive	W15_LL_M0_A00_S1	A00		S1	M0	LL	W15	NR	152	3	50001	0.042740668	0.00825	0.19302459194133326	19.31	43.17	0.12	iteration	3      50001  4.2740668E-02  8.25E-03   19.31   43.17*   0.12
P_W15_LL_M0_A00_S1	adaptive	W15_LL_M0_A00_S1	A00		S1	M0	LL	W15	NR	153	4	49995	0.084046729	0.029	0.34504614688811985	34.55	77.25	0.07	iteration	4      49995  8.4046729E-02  2.90E-02   34.55   77.25    0.07
P_W15_LL_M0_A00_S1	adaptive	W15_LL_M0_A00_S1	A00		S1	M0	LL	W15	NR	154	5	49994	0.056612568	0.0148	0.2614260494242197	26.07	58.3	0.1	iteration	5      49994  5.6612568E-02  1.48E-02   26.07   58.30*   0.10
P_W15_LL_M0_A00_S1	adaptive	W15_LL_M0_A00_S1	A00		S1	M0	LL	W15	NR	156	5	250009	0.046778749	0.00518	0.11073404293047683	11.07	55.35	0.1	aggregate	5     250009  4.6778749E-02  5.18E-03   11.07   55.35    0.10    1.46   5
C_W15_LL_M0_A00_S1_F0	fixed	W15_LL_M0_A00_S1_F0	A00	F0	S1	M0	LL	W15	NR	146	1	50007	0.078256631	0.0195	0.249180162125814	24.95	55.8	2.41	iteration	1      50007  7.8256631E-02  1.95E-02   24.95   55.80*   2.41
C_W15_LL_M0_A00_S1_F0	fixed	W15_LL_M0_A00_S1_F0	A00	F0	S1	M0	LL	W15	NR	147	2	50012	0.038855812	0.00839	0.2159265131301335	21.59	48.28	0.2	iteration	2      50012  3.8855812E-02  8.39E-03   21.59   48.28*   0.20
C_W15_LL_M0_A00_S1_F0	fixed	W15_LL_M0_A00_S1_F0	A00	F0	S1	M0	LL	W15	NR	148	3	50001	0.042740668	0.00825	0.19302459194133326	19.31	43.17	0.12	iteration	3      50001  4.2740668E-02  8.25E-03   19.31   43.17*   0.12
C_W15_LL_M0_A00_S1_F0	fixed	W15_LL_M0_A00_S1_F0	A00	F0	S1	M0	LL	W15	NR	149	4	49995	0.084046729	0.029	0.34504614688811985	34.55	77.25	0.07	iteration	4      49995  8.4046729E-02  2.90E-02   34.55   77.25    0.07
C_W15_LL_M0_A00_S1_F0	fixed	W15_LL_M0_A00_S1_F0	A00	F0	S1	M0	LL	W15	NR	150	5	49994	0.056612568	0.0148	0.2614260494242197	26.07	58.3	0.1	iteration	5      49994  5.6612568E-02  1.48E-02   26.07   58.30*   0.10
C_W15_LL_M0_A00_S1_F0	fixed	W15_LL_M0_A00_S1_F0	A00	F0	S1	M0	LL	W15	NR	152	5	250009	0.046778749	0.00518	0.11073404293047683	11.07	55.35	0.1	aggregate	5     250009  4.6778749E-02  5.18E-03   11.07   55.35    0.10    1.46   5
C_W15_LL_M0_A00_S1_F0	fixed	W15_LL_M0_A00_S1_F0	A00	F0	S1	M0	LL	W15	NR	155	6	199995	0.059669002	0.00494	0.08279005571435567	8.29	37.05	0.04	iteration	6     199995  5.9669002E-02  4.94E-03    8.29   37.05*   0.04
C_W15_LL_M0_A00_S1_F0	fixed	W15_LL_M0_A00_S1_F0	A00	F0	S1	M0	LL	W15	NR	156	7	199995	0.056658033	0.00526	0.09283767405056226	9.28	41.51	0.05	iteration	7     199995  5.6658033E-02  5.26E-03    9.28   41.51    0.05
C_W15_LL_M0_A00_S1_F0	fixed	W15_LL_M0_A00_S1_F0	A00	F0	S1	M0	LL	W15	NR	157	8	199995	0.048360848	0.00317	0.06554889194664246	6.56	29.32	0.05	iteration	8     199995  4.8360848E-02  3.17E-03    6.56   29.32*   0.05
C_W15_LL_M0_A00_S1_F0	fixed	W15_LL_M0_A00_S1_F0	A00	F0	S1	M0	LL	W15	NR	159	8	599985	0.052680925	0.00238	0.04517764257176578	4.52	34.99	0.05	aggregate	8     599985  5.2680925E-02  2.38E-03    4.52   34.99    0.05    2.21   3
P_W15_LL_M0_A00_S2	adaptive	W15_LL_M0_A00_S2	A00		S2	M0	LL	W15	NR	150	1	49987	0.077467244	0.0168	0.21686585365035058	21.7	48.52	2.16	iteration	1      49987  7.7467244E-02  1.68E-02   21.70   48.52*   2.16
P_W15_LL_M0_A00_S2	adaptive	W15_LL_M0_A00_S2	A00		S2	M0	LL	W15	NR	151	2	49991	0.030927388	0.00513	0.16587239763021694	16.59	37.1	0.42	iteration	2      49991  3.0927388E-02  5.13E-03   16.59   37.10*   0.42
P_W15_LL_M0_A00_S2	adaptive	W15_LL_M0_A00_S2	A00		S2	M0	LL	W15	NR	152	3	50011	0.037890494	0.00783	0.20664813712906463	20.67	46.22	0.12	iteration	3      50011  3.7890494E-02  7.83E-03   20.67   46.22    0.12
P_W15_LL_M0_A00_S2	adaptive	W15_LL_M0_A00_S2	A00		S2	M0	LL	W15	NR	153	4	49999	0.04428112	0.00443	0.10004263668127635	10.0	22.36	0.24	iteration	4      49999  4.4281120E-02  4.43E-03   10.00   22.36*   0.24
P_W15_LL_M0_A00_S2	adaptive	W15_LL_M0_A00_S2	A00		S2	M0	LL	W15	NR	154	5	49998	0.08281396	0.03	0.3622577642706616	36.26	81.08	0.14	iteration	5      49998  8.2813960E-02  3.00E-02   36.26   81.08    0.14
P_W15_LL_M0_A00_S2	adaptive	W15_LL_M0_A00_S2	A00		S2	M0	LL	W15	NR	156	5	249986	0.040177576	0.00302	0.07516630669804471	7.51	37.54	0.14	aggregate	5     249986  4.0177576E-02  3.02E-03    7.51   37.54    0.14    2.78   5
C_W15_LL_M0_A00_S2_F0	fixed	W15_LL_M0_A00_S2_F0	A00	F0	S2	M0	LL	W15	NR	146	1	49987	0.077467244	0.0168	0.21686585365035058	21.7	48.52	2.16	iteration	1      49987  7.7467244E-02  1.68E-02   21.70   48.52*   2.16
C_W15_LL_M0_A00_S2_F0	fixed	W15_LL_M0_A00_S2_F0	A00	F0	S2	M0	LL	W15	NR	147	2	49991	0.030927388	0.00513	0.16587239763021694	16.59	37.1	0.42	iteration	2      49991  3.0927388E-02  5.13E-03   16.59   37.10*   0.42
C_W15_LL_M0_A00_S2_F0	fixed	W15_LL_M0_A00_S2_F0	A00	F0	S2	M0	LL	W15	NR	148	3	50011	0.037890494	0.00783	0.20664813712906463	20.67	46.22	0.12	iteration	3      50011  3.7890494E-02  7.83E-03   20.67   46.22    0.12
C_W15_LL_M0_A00_S2_F0	fixed	W15_LL_M0_A00_S2_F0	A00	F0	S2	M0	LL	W15	NR	149	4	49999	0.04428112	0.00443	0.10004263668127635	10.0	22.36	0.24	iteration	4      49999  4.4281120E-02  4.43E-03   10.00   22.36*   0.24
C_W15_LL_M0_A00_S2_F0	fixed	W15_LL_M0_A00_S2_F0	A00	F0	S2	M0	LL	W15	NR	150	5	49998	0.08281396	0.03	0.3622577642706616	36.26	81.08	0.14	iteration	5      49998  8.2813960E-02  3.00E-02   36.26   81.08    0.14
C_W15_LL_M0_A00_S2_F0	fixed	W15_LL_M0_A00_S2_F0	A00	F0	S2	M0	LL	W15	NR	152	5	249986	0.040177576	0.00302	0.07516630669804471	7.51	37.54	0.14	aggregate	5     249986  4.0177576E-02  3.02E-03    7.51   37.54    0.14    2.78   5
C_W15_LL_M0_A00_S2_F0	fixed	W15_LL_M0_A00_S2_F0	A00	F0	S2	M0	LL	W15	NR	155	6	199998	0.057945359	0.00297	0.05125518335299294	5.12	22.9	0.08	iteration	6     199998  5.7945359E-02  2.97E-03    5.12   22.90*   0.08
C_W15_LL_M0_A00_S2_F0	fixed	W15_LL_M0_A00_S2_F0	A00	F0	S2	M0	LL	W15	NR	156	7	199998	0.058334318	0.00365	0.06257037238354274	6.25	27.97	0.05	iteration	7     199998  5.8334318E-02  3.65E-03    6.25   27.97    0.05
C_W15_LL_M0_A00_S2_F0	fixed	W15_LL_M0_A00_S2_F0	A00	F0	S2	M0	LL	W15	NR	157	8	199998	0.053990505	0.00195	0.03611746176480475	3.61	16.14	0.1	iteration	8     199998  5.3990505E-02  1.95E-03    3.61   16.14*   0.10
C_W15_LL_M0_A00_S2_F0	fixed	W15_LL_M0_A00_S2_F0	A00	F0	S2	M0	LL	W15	NR	159	8	599994	0.055705541	0.00149	0.026747787980373444	2.67	20.68	0.1	aggregate	8     599994  5.5705541E-02  1.49E-03    2.67   20.68    0.10    0.93   3
P_W15_LL_M0_A00_S3	adaptive	W15_LL_M0_A00_S3	A00		S3	M0	LL	W15	NR	150	1	50004	0.061046307	0.0129	0.21131499404214574	21.21	47.43	2.33	iteration	1      50004  6.1046307E-02  1.29E-02   21.21   47.43*   2.33
P_W15_LL_M0_A00_S3	adaptive	W15_LL_M0_A00_S3	A00		S3	M0	LL	W15	NR	151	2	50005	0.051408015	0.0146	0.28400240701766055	28.47	63.67	0.53	iteration	2      50005  5.1408015E-02  1.46E-02   28.47   63.67    0.53
P_W15_LL_M0_A00_S3	adaptive	W15_LL_M0_A00_S3	A00		S3	M0	LL	W15	NR	152	3	49997	0.046917365	0.0186	0.3964417012762758	39.65	88.66	0.15	iteration	3      49997  4.6917365E-02  1.86E-02   39.65   88.66    0.15
P_W15_LL_M0_A00_S3	adaptive	W15_LL_M0_A00_S3	A00		S3	M0	LL	W15	NR	153	4	50026	0.026682918	0.00238	0.08919564194590712	8.94	19.99	0.24	iteration	4      50026  2.6682918E-02  2.38E-03    8.94   19.99*   0.24
P_W15_LL_M0_A00_S3	adaptive	W15_LL_M0_A00_S3	A00		S3	M0	LL	W15	NR	154	5	50001	0.066755591	0.019	0.28462035487035087	28.47	63.67	0.13	iteration	5      50001  6.6755591E-02  1.90E-02   28.47   63.67    0.13
P_W15_LL_M0_A00_S3	adaptive	W15_LL_M0_A00_S3	A00		S3	M0	LL	W15	NR	156	5	250033	0.029232033	0.00228	0.07799662787737	7.8	39.03	0.13	aggregate	5     250033  2.9232033E-02  2.28E-03    7.80   39.03    0.13    3.57   5
C_W15_LL_M0_A00_S3_F0	fixed	W15_LL_M0_A00_S3_F0	A00	F0	S3	M0	LL	W15	NR	146	1	50004	0.061046307	0.0129	0.21131499404214574	21.21	47.43	2.33	iteration	1      50004  6.1046307E-02  1.29E-02   21.21   47.43*   2.33
C_W15_LL_M0_A00_S3_F0	fixed	W15_LL_M0_A00_S3_F0	A00	F0	S3	M0	LL	W15	NR	147	2	50005	0.051408015	0.0146	0.28400240701766055	28.47	63.67	0.53	iteration	2      50005  5.1408015E-02  1.46E-02   28.47   63.67    0.53
C_W15_LL_M0_A00_S3_F0	fixed	W15_LL_M0_A00_S3_F0	A00	F0	S3	M0	LL	W15	NR	148	3	49997	0.046917365	0.0186	0.3964417012762758	39.65	88.66	0.15	iteration	3      49997  4.6917365E-02  1.86E-02   39.65   88.66    0.15
C_W15_LL_M0_A00_S3_F0	fixed	W15_LL_M0_A00_S3_F0	A00	F0	S3	M0	LL	W15	NR	149	4	50026	0.026682918	0.00238	0.08919564194590712	8.94	19.99	0.24	iteration	4      50026  2.6682918E-02  2.38E-03    8.94   19.99*   0.24
C_W15_LL_M0_A00_S3_F0	fixed	W15_LL_M0_A00_S3_F0	A00	F0	S3	M0	LL	W15	NR	150	5	50001	0.066755591	0.019	0.28462035487035087	28.47	63.67	0.13	iteration	5      50001  6.6755591E-02  1.90E-02   28.47   63.67    0.13
C_W15_LL_M0_A00_S3_F0	fixed	W15_LL_M0_A00_S3_F0	A00	F0	S3	M0	LL	W15	NR	152	5	250033	0.029232033	0.00228	0.07799662787737	7.8	39.03	0.13	aggregate	5     250033  2.9232033E-02  2.28E-03    7.80   39.03    0.13    3.57   5
C_W15_LL_M0_A00_S3_F0	fixed	W15_LL_M0_A00_S3_F0	A00	F0	S3	M0	LL	W15	NR	155	6	200002	0.16599044	0.121	0.7289576435847751	72.98	326.36	0.02	iteration	6     200002  1.6599044E-01  1.21E-01   72.98  326.36    0.02
C_W15_LL_M0_A00_S3_F0	fixed	W15_LL_M0_A00_S3_F0	A00	F0	S3	M0	LL	W15	NR	156	7	200002	0.10195096	0.0385	0.3776325401938344	37.73	168.75	0.01	iteration	7     200002  1.0195096E-01  3.85E-02   37.73  168.75*   0.01
C_W15_LL_M0_A00_S3_F0	fixed	W15_LL_M0_A00_S3_F0	A00	F0	S3	M0	LL	W15	NR	157	8	200002	0.050964753	0.00541	0.10615179475116851	10.61	47.45	0.04	iteration	8     200002  5.0964753E-02  5.41E-03   10.61   47.45*   0.04
C_W15_LL_M0_A00_S3_F0	fixed	W15_LL_M0_A00_S3_F0	A00	F0	S3	M0	LL	W15	NR	159	8	600006	0.052175212	0.00535	0.10253911378453047	10.25	79.42	0.04	aggregate	8     600006  5.2175212E-02  5.35E-03   10.25   79.42    0.04    1.30   3
P_W15_LL_M0_A00_S4	adaptive	W15_LL_M0_A00_S4	A00		S4	M0	LL	W15	NR	150	1	50009	0.063742451	0.0112	0.17570708098438195	17.56	39.27	2.48	iteration	1      50009  6.3742451E-02  1.12E-02   17.56   39.27*   2.48
P_W15_LL_M0_A00_S4	adaptive	W15_LL_M0_A00_S4	A00		S4	M0	LL	W15	NR	151	2	49997	0.067663083	0.0138	0.20395168810147182	20.41	45.64	0.53	iteration	2      49997  6.7663083E-02  1.38E-02   20.41   45.64    0.53
P_W15_LL_M0_A00_S4	adaptive	W15_LL_M0_A00_S4	A00		S4	M0	LL	W15	NR	152	3	50002	0.050706823	0.00716	0.14120387704037385	14.12	31.57	0.46	iteration	3      50002  5.0706823E-02  7.16E-03   14.12   31.57*   0.46
P_W15_LL_M0_A00_S4	adaptive	W15_LL_M0_A00_S4	A00		S4	M0	LL	W15	NR	153	4	50003	0.060903465	0.00496	0.0814403581142715	8.15	18.22	0.3	iteration	4      50003  6.0903465E-02  4.96E-03    8.15   18.22*   0.30
P_W15_LL_M0_A00_S4	adaptive	W15_LL_M0_A00_S4	A00		S4	M0	LL	W15	NR	154	5	50004	0.050724947	0.0021	0.04139974754433947	4.14	9.25	0.43	iteration	5      50004  5.0724947E-02  2.10E-03    4.14    9.25*   0.43
P_W15_LL_M0_A00_S4	adaptive	W15_LL_M0_A00_S4	A00		S4	M0	LL	W15	NR	156	5	250015	0.052741947	0.00182	0.03450763772524363	3.46	17.3	0.43	aggregate	5     250015  5.2741947E-02  1.82E-03    3.46   17.30    0.43    1.46   5
C_W15_LL_M0_A00_S4_F0	fixed	W15_LL_M0_A00_S4_F0	A00	F0	S4	M0	LL	W15	NR	146	1	50009	0.063742451	0.0112	0.17570708098438195	17.56	39.27	2.48	iteration	1      50009  6.3742451E-02  1.12E-02   17.56   39.27*   2.48
C_W15_LL_M0_A00_S4_F0	fixed	W15_LL_M0_A00_S4_F0	A00	F0	S4	M0	LL	W15	NR	147	2	49997	0.067663083	0.0138	0.20395168810147182	20.41	45.64	0.53	iteration	2      49997  6.7663083E-02  1.38E-02   20.41   45.64    0.53
C_W15_LL_M0_A00_S4_F0	fixed	W15_LL_M0_A00_S4_F0	A00	F0	S4	M0	LL	W15	NR	148	3	50002	0.050706823	0.00716	0.14120387704037385	14.12	31.57	0.46	iteration	3      50002  5.0706823E-02  7.16E-03   14.12   31.57*   0.46
C_W15_LL_M0_A00_S4_F0	fixed	W15_LL_M0_A00_S4_F0	A00	F0	S4	M0	LL	W15	NR	149	4	50003	0.060903465	0.00496	0.0814403581142715	8.15	18.22	0.3	iteration	4      50003  6.0903465E-02  4.96E-03    8.15   18.22*   0.30
C_W15_LL_M0_A00_S4_F0	fixed	W15_LL_M0_A00_S4_F0	A00	F0	S4	M0	LL	W15	NR	150	5	50004	0.050724947	0.0021	0.04139974754433947	4.14	9.25	0.43	iteration	5      50004  5.0724947E-02  2.10E-03    4.14    9.25*   0.43
C_W15_LL_M0_A00_S4_F0	fixed	W15_LL_M0_A00_S4_F0	A00	F0	S4	M0	LL	W15	NR	152	5	250015	0.052741947	0.00182	0.03450763772524363	3.46	17.3	0.43	aggregate	5     250015  5.2741947E-02  1.82E-03    3.46   17.30    0.43    1.46   5
C_W15_LL_M0_A00_S4_F0	fixed	W15_LL_M0_A00_S4_F0	A00	F0	S4	M0	LL	W15	NR	155	6	200003	0.058109287	0.00167	0.028738951830539584	2.88	12.87	0.16	iteration	6     200003  5.8109287E-02  1.67E-03    2.88   12.87    0.16
C_W15_LL_M0_A00_S4_F0	fixed	W15_LL_M0_A00_S4_F0	A00	F0	S4	M0	LL	W15	NR	156	7	200003	0.057738111	0.00182	0.03152164087945309	3.16	14.11	0.18	iteration	7     200003  5.7738111E-02  1.82E-03    3.16   14.11    0.18
C_W15_LL_M0_A00_S4_F0	fixed	W15_LL_M0_A00_S4_F0	A00	F0	S4	M0	LL	W15	NR	157	8	200003	0.058894446	0.00145	0.024620318187558804	2.46	11.02	0.2	iteration	8     200003  5.8894446E-02  1.45E-03    2.46   11.02*   0.20
C_W15_LL_M0_A00_S4_F0	fixed	W15_LL_M0_A00_S4_F0	A00	F0	S4	M0	LL	W15	NR	159	8	600009	0.058339457	0.000939	0.016095453202452672	1.61	12.47	0.2	aggregate	8     600009  5.8339457E-02  9.39E-04    1.61   12.47    0.20    0.14   3
P_W15_LL_M0_A00_S5	adaptive	W15_LL_M0_A00_S5	A00		S5	M0	LL	W15	NR	150	1	50027	0.075299771	0.0139	0.18459551490535075	18.41	41.18	2.75	iteration	1      50027  7.5299771E-02  1.39E-02   18.41   41.18*   2.75
P_W15_LL_M0_A00_S5	adaptive	W15_LL_M0_A00_S5	A00		S5	M0	LL	W15	NR	151	2	49996	0.10871922	0.0481	0.44242407184304666	44.24	98.92	0.31	iteration	2      49996  1.0871922E-01  4.81E-02   44.24   98.92    0.31
P_W15_LL_M0_A00_S5	adaptive	W15_LL_M0_A00_S5	A00		S5	M0	LL	W15	NR	152	3	49981	0.049905727	0.0089	0.17833624585811564	17.83	39.87	0.12	iteration	3      49981  4.9905727E-02  8.90E-03   17.83   39.87*   0.12
P_W15_LL_M0_A00_S5	adaptive	W15_LL_M0_A00_S5	A00		S5	M0	LL	W15	NR	153	4	49999	0.056350803	0.00785	0.13930591193172526	13.93	31.15	0.16	iteration	4      49999  5.6350803E-02  7.85E-03   13.93   31.15*   0.16
P_W15_LL_M0_A00_S5	adaptive	W15_LL_M0_A00_S5	A00		S5	M0	LL	W15	NR	154	5	50006	0.050740975	0.00419	0.08257626109864857	8.25	18.45	0.23	iteration	5      50006  5.0740975E-02  4.19E-03    8.25   18.45*   0.23
P_W15_LL_M0_A00_S5	adaptive	W15_LL_M0_A00_S5	A00		S5	M0	LL	W15	NR	156	5	250009	0.053290158	0.00331	0.06211278262676572	6.2	31.01	0.23	aggregate	5     250009  5.3290158E-02  3.31E-03    6.20   31.01    0.23    1.13   5
C_W15_LL_M0_A00_S5_F0	fixed	W15_LL_M0_A00_S5_F0	A00	F0	S5	M0	LL	W15	NR	146	1	50027	0.075299771	0.0139	0.18459551490535075	18.41	41.18	2.75	iteration	1      50027  7.5299771E-02  1.39E-02   18.41   41.18*   2.75
C_W15_LL_M0_A00_S5_F0	fixed	W15_LL_M0_A00_S5_F0	A00	F0	S5	M0	LL	W15	NR	147	2	49996	0.10871922	0.0481	0.44242407184304666	44.24	98.92	0.31	iteration	2      49996  1.0871922E-01  4.81E-02   44.24   98.92    0.31
C_W15_LL_M0_A00_S5_F0	fixed	W15_LL_M0_A00_S5_F0	A00	F0	S5	M0	LL	W15	NR	148	3	49981	0.049905727	0.0089	0.17833624585811564	17.83	39.87	0.12	iteration	3      49981  4.9905727E-02  8.90E-03   17.83   39.87*   0.12
C_W15_LL_M0_A00_S5_F0	fixed	W15_LL_M0_A00_S5_F0	A00	F0	S5	M0	LL	W15	NR	149	4	49999	0.056350803	0.00785	0.13930591193172526	13.93	31.15	0.16	iteration	4      49999  5.6350803E-02  7.85E-03   13.93   31.15*   0.16
C_W15_LL_M0_A00_S5_F0	fixed	W15_LL_M0_A00_S5_F0	A00	F0	S5	M0	LL	W15	NR	150	5	50006	0.050740975	0.00419	0.08257626109864857	8.25	18.45	0.23	iteration	5      50006  5.0740975E-02  4.19E-03    8.25   18.45*   0.23
C_W15_LL_M0_A00_S5_F0	fixed	W15_LL_M0_A00_S5_F0	A00	F0	S5	M0	LL	W15	NR	152	5	250009	0.053290158	0.00331	0.06211278262676572	6.2	31.01	0.23	aggregate	5     250009  5.3290158E-02  3.31E-03    6.20   31.01    0.23    1.13   5
C_W15_LL_M0_A00_S5_F0	fixed	W15_LL_M0_A00_S5_F0	A00	F0	S5	M0	LL	W15	NR	155	6	199991	0.082039162	0.0242	0.29498107257604606	29.49	131.89	0.11	iteration	6     199991  8.2039162E-02  2.42E-02   29.49  131.89    0.11
C_W15_LL_M0_A00_S5_F0	fixed	W15_LL_M0_A00_S5_F0	A00	F0	S5	M0	LL	W15	NR	156	7	199991	0.064983275	0.00641	0.09864076564315973	9.87	44.13	0.09	iteration	7     199991  6.4983275E-02  6.41E-03    9.87   44.13*   0.09
C_W15_LL_M0_A00_S5_F0	fixed	W15_LL_M0_A00_S5_F0	A00	F0	S5	M0	LL	W15	NR	157	8	199991	0.060147523	0.00521	0.08662035841442714	8.66	38.71	0.12	iteration	8     199991  6.0147523E-02  5.21E-03    8.66   38.71*   0.12
C_W15_LL_M0_A00_S5_F0	fixed	W15_LL_M0_A00_S5_F0	A00	F0	S5	M0	LL	W15	NR	159	8	599973	0.06261117	0.00399	0.06372664813642677	6.37	49.32	0.12	aggregate	8     599973  6.2611170E-02  3.99E-03    6.37   49.32    0.12    0.50   3
P_W15_LL_M0_A00_S6	adaptive	W15_LL_M0_A00_S6	A00		S6	M0	LL	W15	NR	150	1	49973	0.050143053	0.00852	0.16991386623387292	17.0	38.0	2.34	iteration	1      49973  5.0143053E-02  8.52E-03   17.00   38.00*   2.34
P_W15_LL_M0_A00_S6	adaptive	W15_LL_M0_A00_S6	A00		S6	M0	LL	W15	NR	151	2	50024	0.033451107	0.00661	0.1976018312338662	19.76	44.21	0.61	iteration	2      50024  3.3451107E-02  6.61E-03   19.76   44.21    0.61
P_W15_LL_M0_A00_S6	adaptive	W15_LL_M0_A00_S6	A00		S6	M0	LL	W15	NR	152	3	50001	0.026080386	0.00512	0.19631611280599912	19.62	43.88	0.44	iteration	3      50001  2.6080386E-02  5.12E-03   19.62   43.88*   0.44
P_W15_LL_M0_A00_S6	adaptive	W15_LL_M0_A00_S6	A00		S6	M0	LL	W15	NR	153	4	49994	0.028837654	0.00306	0.10611126688738272	10.63	23.76	0.28	iteration	4      49994  2.8837654E-02  3.06E-03   10.63   23.76*   0.28
P_W15_LL_M0_A00_S6	adaptive	W15_LL_M0_A00_S6	A00		S6	M0	LL	W15	NR	154	5	49994	0.026073506	0.00129	0.04947550973773914	4.94	11.05	0.36	iteration	5      49994  2.6073506E-02  1.29E-03    4.94   11.05*   0.36
P_W15_LL_M0_A00_S6	adaptive	W15_LL_M0_A00_S6	A00		S6	M0	LL	W15	NR	156	5	249986	0.027088152	0.00113	0.04171565487376178	4.17	20.86	0.36	aggregate	5     249986  2.7088152E-02  1.13E-03    4.17   20.86    0.36    2.31   5
C_W15_LL_M0_A00_S6_F0	fixed	W15_LL_M0_A00_S6_F0	A00	F0	S6	M0	LL	W15	NR	146	1	49973	0.050143053	0.00852	0.16991386623387292	17.0	38.0	2.34	iteration	1      49973  5.0143053E-02  8.52E-03   17.00   38.00*   2.34
C_W15_LL_M0_A00_S6_F0	fixed	W15_LL_M0_A00_S6_F0	A00	F0	S6	M0	LL	W15	NR	147	2	50024	0.033451107	0.00661	0.1976018312338662	19.76	44.21	0.61	iteration	2      50024  3.3451107E-02  6.61E-03   19.76   44.21    0.61
C_W15_LL_M0_A00_S6_F0	fixed	W15_LL_M0_A00_S6_F0	A00	F0	S6	M0	LL	W15	NR	148	3	50001	0.026080386	0.00512	0.19631611280599912	19.62	43.88	0.44	iteration	3      50001  2.6080386E-02  5.12E-03   19.62   43.88*   0.44
C_W15_LL_M0_A00_S6_F0	fixed	W15_LL_M0_A00_S6_F0	A00	F0	S6	M0	LL	W15	NR	149	4	49994	0.028837654	0.00306	0.10611126688738272	10.63	23.76	0.28	iteration	4      49994  2.8837654E-02  3.06E-03   10.63   23.76*   0.28
C_W15_LL_M0_A00_S6_F0	fixed	W15_LL_M0_A00_S6_F0	A00	F0	S6	M0	LL	W15	NR	150	5	49994	0.026073506	0.00129	0.04947550973773914	4.94	11.05	0.36	iteration	5      49994  2.6073506E-02  1.29E-03    4.94   11.05*   0.36
C_W15_LL_M0_A00_S6_F0	fixed	W15_LL_M0_A00_S6_F0	A00	F0	S6	M0	LL	W15	NR	152	5	249986	0.027088152	0.00113	0.04171565487376178	4.17	20.86	0.36	aggregate	5     249986  2.7088152E-02  1.13E-03    4.17   20.86    0.36    2.31   5
C_W15_LL_M0_A00_S6_F0	fixed	W15_LL_M0_A00_S6_F0	A00	F0	S6	M0	LL	W15	NR	155	6	199998	0.064715743	0.0142	0.21942110747303017	21.97	98.24	0.09	iteration	6     199998  6.4715743E-02  1.42E-02   21.97   98.24    0.09
C_W15_LL_M0_A00_S6_F0	fixed	W15_LL_M0_A00_S6_F0	A00	F0	S6	M0	LL	W15	NR	156	7	199998	0.044729232	0.00623	0.13928251663252345	13.93	62.31	0.13	iteration	7     199998  4.4729232E-02  6.23E-03   13.93   62.31*   0.13
C_W15_LL_M0_A00_S6_F0	fixed	W15_LL_M0_A00_S6_F0	A00	F0	S6	M0	LL	W15	NR	157	8	199998	0.053774529	0.012	0.22315397685770524	22.33	99.88	0.04	iteration	8     199998  5.3774529E-02  1.20E-02   22.33   99.88    0.04
C_W15_LL_M0_A00_S6_F0	fixed	W15_LL_M0_A00_S6_F0	A00	F0	S6	M0	LL	W15	NR	159	8	599994	0.049023711	0.00516	0.10525518967750115	10.52	81.45	0.04	aggregate	8     599994  4.9023711E-02  5.16E-03   10.52   81.45    0.04    0.92   3
P_W15_LL_M0_A00_S7	adaptive	W15_LL_M0_A00_S7	A00		S7	M0	LL	W15	NR	150	1	50024	0.062587689	0.0147	0.23487047109216638	23.42	52.37	2.35	iteration	1      50024  6.2587689E-02  1.47E-02   23.42   52.37*   2.35
P_W15_LL_M0_A00_S7	adaptive	W15_LL_M0_A00_S7	A00		S7	M0	LL	W15	NR	151	2	49992	0.030857658	0.00645	0.20902428823341032	20.9	46.74	0.44	iteration	2      49992  3.0857658E-02  6.45E-03   20.90   46.74*   0.44
P_W15_LL_M0_A00_S7	adaptive	W15_LL_M0_A00_S7	A00		S7	M0	LL	W15	NR	152	3	49999	0.13064294	0.1	0.7654451132223448	76.66	171.43	0.66	iteration	3      49999  1.3064294E-01  1.00E-01   76.66  171.43    0.66
P_W15_LL_M0_A00_S7	adaptive	W15_LL_M0_A00_S7	A00		S7	M0	LL	W15	NR	153	4	49986	0.056399558	0.0206	0.3652510893791047	36.58	81.79	0.24	iteration	4      49986  5.6399558E-02  2.06E-02   36.58   81.79*   0.24
P_W15_LL_M0_A00_S7	adaptive	W15_LL_M0_A00_S7	A00		S7	M0	LL	W15	NR	154	5	50004	0.073443836	0.0438	0.5963740782820767	59.66	133.42	0.18	iteration	5      50004  7.3443836E-02  4.38E-02   59.66  133.42    0.18
P_W15_LL_M0_A00_S7	adaptive	W15_LL_M0_A00_S7	A00		S7	M0	LL	W15	NR	156	5	250005	0.038433351	0.00562	0.14622716608811967	14.62	73.11	0.18	aggregate	5     250005  3.8433351E-02  5.62E-03   14.62   73.11    0.18    1.59   5
C_W15_LL_M0_A00_S7_F0	fixed	W15_LL_M0_A00_S7_F0	A00	F0	S7	M0	LL	W15	NR	146	1	50024	0.062587689	0.0147	0.23487047109216638	23.42	52.37	2.35	iteration	1      50024  6.2587689E-02  1.47E-02   23.42   52.37*   2.35
C_W15_LL_M0_A00_S7_F0	fixed	W15_LL_M0_A00_S7_F0	A00	F0	S7	M0	LL	W15	NR	147	2	49992	0.030857658	0.00645	0.20902428823341032	20.9	46.74	0.44	iteration	2      49992  3.0857658E-02  6.45E-03   20.90   46.74*   0.44
C_W15_LL_M0_A00_S7_F0	fixed	W15_LL_M0_A00_S7_F0	A00	F0	S7	M0	LL	W15	NR	148	3	49999	0.13064294	0.1	0.7654451132223448	76.66	171.43	0.66	iteration	3      49999  1.3064294E-01  1.00E-01   76.66  171.43    0.66
C_W15_LL_M0_A00_S7_F0	fixed	W15_LL_M0_A00_S7_F0	A00	F0	S7	M0	LL	W15	NR	149	4	49986	0.056399558	0.0206	0.3652510893791047	36.58	81.79	0.24	iteration	4      49986  5.6399558E-02  2.06E-02   36.58   81.79*   0.24
C_W15_LL_M0_A00_S7_F0	fixed	W15_LL_M0_A00_S7_F0	A00	F0	S7	M0	LL	W15	NR	150	5	50004	0.073443836	0.0438	0.5963740782820767	59.66	133.42	0.18	iteration	5      50004  7.3443836E-02  4.38E-02   59.66  133.42    0.18
C_W15_LL_M0_A00_S7_F0	fixed	W15_LL_M0_A00_S7_F0	A00	F0	S7	M0	LL	W15	NR	152	5	250005	0.038433351	0.00562	0.14622716608811967	14.62	73.11	0.18	aggregate	5     250005  3.8433351E-02  5.62E-03   14.62   73.11    0.18    1.59   5
C_W15_LL_M0_A00_S7_F0	fixed	W15_LL_M0_A00_S7_F0	A00	F0	S7	M0	LL	W15	NR	155	6	199997	0.038080587	0.00497	0.13051269404014176	13.04	58.31	0.03	iteration	6     199997  3.8080587E-02  4.97E-03   13.04   58.31*   0.03
C_W15_LL_M0_A00_S7_F0	fixed	W15_LL_M0_A00_S7_F0	A00	F0	S7	M0	LL	W15	NR	156	7	199997	0.03580073	0.00508	0.14189654791955358	14.19	63.45	0.03	iteration	7     199997  3.5800730E-02  5.08E-03   14.19   63.45    0.03
C_W15_LL_M0_A00_S7_F0	fixed	W15_LL_M0_A00_S7_F0	A00	F0	S7	M0	LL	W15	NR	157	8	199997	0.050185958	0.0164	0.32678463565445937	32.71	146.27	0.09	iteration	8     199997  5.0185958E-02  1.64E-02   32.71  146.27    0.09
C_W15_LL_M0_A00_S7_F0	fixed	W15_LL_M0_A00_S7_F0	A00	F0	S7	M0	LL	W15	NR	159	8	599991	0.037557475	0.00347	0.09239172761214645	9.24	71.58	0.09	aggregate	8     599991  3.7557475E-02  3.47E-03    9.24   71.58    0.09    0.36   3
P_W15_LL_M1_A07_S0	adaptive	W15_LL_M1_A07_S0	A07		S0	M1	LL	W15	NR	150	1	99992	0.070497622	0.00863	0.12241547665253164	12.24	38.69	1.65	iteration	1      99992  7.0497622E-02  8.63E-03   12.24   38.69*   1.65
P_W15_LL_M1_A07_S0	adaptive	W15_LL_M1_A07_S0	A07		S0	M1	LL	W15	NR	151	2	100007	0.074702391	0.0135	0.18071710716729267	18.09	57.22	0.32	iteration	2     100007  7.4702391E-02  1.35E-02   18.09   57.22    0.32
P_W15_LL_M1_A07_S0	adaptive	W15_LL_M1_A07_S0	A07		S0	M1	LL	W15	NR	152	3	100007	0.062006401	0.00432	0.06967022646581278	6.96	22.03	0.2	iteration	3     100007  6.2006401E-02  4.32E-03    6.96   22.03*   0.20
P_W15_LL_M1_A07_S0	adaptive	W15_LL_M1_A07_S0	A07		S0	M1	LL	W15	NR	153	4	99996	0.066339756	0.00702	0.10581889990671657	10.59	33.47	0.2	iteration	4      99996  6.6339756E-02  7.02E-03   10.59   33.47    0.20
P_W15_LL_M1_A07_S0	adaptive	W15_LL_M1_A07_S0	A07		S0	M1	LL	W15	NR	154	5	100003	0.058179304	0.00204	0.035064015203756994	3.5	11.08	0.33	iteration	5     100003  5.8179304E-02  2.04E-03    3.50   11.08*   0.33
P_W15_LL_M1_A07_S0	adaptive	W15_LL_M1_A07_S0	A07		S0	M1	LL	W15	NR	155	6	100000	0.058251093	0.00154	0.026437272172729873	2.65	8.38	0.49	iteration	6     100000  5.8251093E-02  1.54E-03    2.65    8.38*   0.49
P_W15_LL_M1_A07_S0	adaptive	W15_LL_M1_A07_S0	A07		S0	M1	LL	W15	NR	156	7	99985	0.07380098	0.0146	0.19782935131755702	19.79	62.57	0.17	iteration	7      99985  7.3800980E-02  1.46E-02   19.79   62.57    0.17
P_W15_LL_M1_A07_S0	adaptive	W15_LL_M1_A07_S0	A07		S0	M1	LL	W15	NR	157	8	100002	0.065883675	0.00723	0.10973886930260038	10.97	34.69	0.15	iteration	8     100002  6.5883675E-02  7.23E-03   10.97   34.69*   0.15
P_W15_LL_M1_A07_S0	adaptive	W15_LL_M1_A07_S0	A07		S0	M1	LL	W15	NR	158	9	99993	0.16943237	0.108	0.6374224712786583	63.88	202.01	0.07	iteration	9      99993  1.6943237E-01  1.08E-01   63.88  202.01    0.07
P_W15_LL_M1_A07_S0	adaptive	W15_LL_M1_A07_S0	A07		S0	M1	LL	W15	NR	159	10	100000	0.060532909	0.00161	0.02659710274290634	2.66	8.42	0.56	iteration	10     100000  6.0532909E-02  1.61E-03    2.66    8.42*   0.56
P_W15_LL_M1_A07_S0	adaptive	W15_LL_M1_A07_S0	A07		S0	M1	LL	W15	NR	161	10	999985	0.059722092	0.000928	0.015538638532622067	1.55	15.53	0.56	aggregate	10     999985  5.9722092E-02  9.28E-04    1.55   15.53    0.56    0.93  10
C_W15_LL_M1_A07_S0_F0	fixed	W15_LL_M1_A07_S0_F0	A07	F0	S0	M1	LL	W15	NR	146	1	99992	0.070497622	0.00863	0.12241547665253164	12.24	38.69	1.65	iteration	1      99992  7.0497622E-02  8.63E-03   12.24   38.69*   1.65
C_W15_LL_M1_A07_S0_F0	fixed	W15_LL_M1_A07_S0_F0	A07	F0	S0	M1	LL	W15	NR	147	2	100007	0.074702391	0.0135	0.18071710716729267	18.09	57.22	0.32	iteration	2     100007  7.4702391E-02  1.35E-02   18.09   57.22    0.32
C_W15_LL_M1_A07_S0_F0	fixed	W15_LL_M1_A07_S0_F0	A07	F0	S0	M1	LL	W15	NR	148	3	100007	0.062006401	0.00432	0.06967022646581278	6.96	22.03	0.2	iteration	3     100007  6.2006401E-02  4.32E-03    6.96   22.03*   0.20
C_W15_LL_M1_A07_S0_F0	fixed	W15_LL_M1_A07_S0_F0	A07	F0	S0	M1	LL	W15	NR	149	4	99996	0.066339756	0.00702	0.10581889990671657	10.59	33.47	0.2	iteration	4      99996  6.6339756E-02  7.02E-03   10.59   33.47    0.20
C_W15_LL_M1_A07_S0_F0	fixed	W15_LL_M1_A07_S0_F0	A07	F0	S0	M1	LL	W15	NR	150	5	100003	0.058179304	0.00204	0.035064015203756994	3.5	11.08	0.33	iteration	5     100003  5.8179304E-02  2.04E-03    3.50   11.08*   0.33
C_W15_LL_M1_A07_S0_F0	fixed	W15_LL_M1_A07_S0_F0	A07	F0	S0	M1	LL	W15	NR	151	6	100000	0.058251093	0.00154	0.026437272172729873	2.65	8.38	0.49	iteration	6     100000  5.8251093E-02  1.54E-03    2.65    8.38*   0.49
C_W15_LL_M1_A07_S0_F0	fixed	W15_LL_M1_A07_S0_F0	A07	F0	S0	M1	LL	W15	NR	152	7	99985	0.07380098	0.0146	0.19782935131755702	19.79	62.57	0.17	iteration	7      99985  7.3800980E-02  1.46E-02   19.79   62.57    0.17
C_W15_LL_M1_A07_S0_F0	fixed	W15_LL_M1_A07_S0_F0	A07	F0	S0	M1	LL	W15	NR	153	8	100002	0.065883675	0.00723	0.10973886930260038	10.97	34.69	0.15	iteration	8     100002  6.5883675E-02  7.23E-03   10.97   34.69*   0.15
C_W15_LL_M1_A07_S0_F0	fixed	W15_LL_M1_A07_S0_F0	A07	F0	S0	M1	LL	W15	NR	154	9	99993	0.16943237	0.108	0.6374224712786583	63.88	202.01	0.07	iteration	9      99993  1.6943237E-01  1.08E-01   63.88  202.01    0.07
C_W15_LL_M1_A07_S0_F0	fixed	W15_LL_M1_A07_S0_F0	A07	F0	S0	M1	LL	W15	NR	155	10	100000	0.060532909	0.00161	0.02659710274290634	2.66	8.42	0.56	iteration	10     100000  6.0532909E-02  1.61E-03    2.66    8.42*   0.56
C_W15_LL_M1_A07_S0_F0	fixed	W15_LL_M1_A07_S0_F0	A07	F0	S0	M1	LL	W15	NR	157	10	999985	0.059722092	0.000928	0.015538638532622067	1.55	15.53	0.56	aggregate	10     999985  5.9722092E-02  9.28E-04    1.55   15.53    0.56    0.93  10
C_W15_LL_M1_A07_S0_F0	fixed	W15_LL_M1_A07_S0_F0	A07	F0	S0	M1	LL	W15	NR	160	11	199995	0.078284582	0.0132	0.16861557745815134	16.87	75.44	0.09	iteration	11     199995  7.8284582E-02  1.32E-02   16.87   75.44    0.09
C_W15_LL_M1_A07_S0_F0	fixed	W15_LL_M1_A07_S0_F0	A07	F0	S0	M1	LL	W15	NR	161	12	199995	0.06070614	0.00214	0.035251788369347815	3.52	15.76	0.34	iteration	12     199995  6.0706140E-02  2.14E-03    3.52   15.76*   0.34
C_W15_LL_M1_A07_S0_F0	fixed	W15_LL_M1_A07_S0_F0	A07	F0	S0	M1	LL	W15	NR	162	13	199995	0.059209375	0.000966	0.016314983902464768	1.63	7.3	0.41	iteration	13     199995  5.9209375E-02  9.66E-04    1.63    7.30*   0.41
C_W15_LL_M1_A07_S0_F0	fixed	W15_LL_M1_A07_S0_F0	A07	F0	S0	M1	LL	W15	NR	164	13	599985	0.059546291	0.000878	0.01474483104245737	1.48	11.43	0.41	aggregate	13     599985  5.9546291E-02  8.78E-04    1.48   11.43    0.41    1.21   3
P_W15_LL_M1_A07_S1	adaptive	W15_LL_M1_A07_S1	A07		S1	M1	LL	W15	NR	150	1	99966	0.082544837	0.0152	0.18414234678299748	18.46	58.38	1.31	iteration	1      99966  8.2544837E-02  1.52E-02   18.46   58.38*   1.31
P_W15_LL_M1_A07_S1	adaptive	W15_LL_M1_A07_S1	A07		S1	M1	LL	W15	NR	151	2	99997	0.050224241	0.00657	0.1308133257802741	13.09	41.4	0.26	iteration	2      99997  5.0224241E-02  6.57E-03   13.09   41.40*   0.26
P_W15_LL_M1_A07_S1	adaptive	W15_LL_M1_A07_S1	A07		S1	M1	LL	W15	NR	152	3	100001	0.064112803	0.00891	0.13897380215929728	13.89	43.92	0.11	iteration	3     100001  6.4112803E-02  8.91E-03   13.89   43.92    0.11
P_W15_LL_M1_A07_S1	adaptive	W15_LL_M1_A07_S1	A07		S1	M1	LL	W15	NR	153	4	99995	0.058773378	0.00687	0.11688965708249746	11.69	36.96	0.09	iteration	4      99995  5.8773378E-02  6.87E-03   11.69   36.96*   0.09
P_W15_LL_M1_A07_S1	adaptive	W15_LL_M1_A07_S1	A07		S1	M1	LL	W15	NR	154	5	99999	0.057427223	0.00354	0.06164323843414821	6.16	19.48	0.18	iteration	5      99999  5.7427223E-02  3.54E-03    6.16   19.48*   0.18
P_W15_LL_M1_A07_S1	adaptive	W15_LL_M1_A07_S1	A07		S1	M1	LL	W15	NR	155	6	100005	0.059473531	0.00251	0.042203648544089305	4.22	13.36	0.3	iteration	6     100005  5.9473531E-02  2.51E-03    4.22   13.36*   0.30
P_W15_LL_M1_A07_S1	adaptive	W15_LL_M1_A07_S1	A07		S1	M1	LL	W15	NR	156	7	100000	0.061001655	0.00214	0.03508101542490937	3.5	11.07	0.34	iteration	7     100000  6.1001655E-02  2.14E-03    3.50   11.07*   0.34
P_W15_LL_M1_A07_S1	adaptive	W15_LL_M1_A07_S1	A07		S1	M1	LL	W15	NR	157	8	99997	0.070143574	0.00863	0.12303336582193546	12.31	38.93	0.11	iteration	8      99997  7.0143574E-02  8.63E-03   12.31   38.93    0.11
P_W15_LL_M1_A07_S1	adaptive	W15_LL_M1_A07_S1	A07		S1	M1	LL	W15	NR	158	9	99999	0.058677216	0.00173	0.02948333472399236	2.94	9.31	0.4	iteration	9      99999  5.8677216E-02  1.73E-03    2.94    9.31*   0.40
P_W15_LL_M1_A07_S1	adaptive	W15_LL_M1_A07_S1	A07		S1	M1	LL	W15	NR	159	10	99990	0.094256429	0.0303	0.321463483408649	32.1	101.5	0.13	iteration	10      99990  9.4256429E-02  3.03E-02   32.10  101.50    0.13
P_W15_LL_M1_A07_S1	adaptive	W15_LL_M1_A07_S1	A07		S1	M1	LL	W15	NR	161	10	999949	0.059490508	0.00107	0.017986062583294802	1.8	18.04	0.13	aggregate	10     999949  5.9490508E-02  1.07E-03    1.80   18.04    0.13    0.94  10
C_W15_LL_M1_A07_S1_F0	fixed	W15_LL_M1_A07_S1_F0	A07	F0	S1	M1	LL	W15	NR	146	1	99966	0.082544837	0.0152	0.18414234678299748	18.46	58.38	1.31	iteration	1      99966  8.2544837E-02  1.52E-02   18.46   58.38*   1.31
C_W15_LL_M1_A07_S1_F0	fixed	W15_LL_M1_A07_S1_F0	A07	F0	S1	M1	LL	W15	NR	147	2	99997	0.050224241	0.00657	0.1308133257802741	13.09	41.4	0.26	iteration	2      99997  5.0224241E-02  6.57E-03   13.09   41.40*   0.26
C_W15_LL_M1_A07_S1_F0	fixed	W15_LL_M1_A07_S1_F0	A07	F0	S1	M1	LL	W15	NR	148	3	100001	0.064112803	0.00891	0.13897380215929728	13.89	43.92	0.11	iteration	3     100001  6.4112803E-02  8.91E-03   13.89   43.92    0.11
C_W15_LL_M1_A07_S1_F0	fixed	W15_LL_M1_A07_S1_F0	A07	F0	S1	M1	LL	W15	NR	149	4	99995	0.058773378	0.00687	0.11688965708249746	11.69	36.96	0.09	iteration	4      99995  5.8773378E-02  6.87E-03   11.69   36.96*   0.09
C_W15_LL_M1_A07_S1_F0	fixed	W15_LL_M1_A07_S1_F0	A07	F0	S1	M1	LL	W15	NR	150	5	99999	0.057427223	0.00354	0.06164323843414821	6.16	19.48	0.18	iteration	5      99999  5.7427223E-02  3.54E-03    6.16   19.48*   0.18
C_W15_LL_M1_A07_S1_F0	fixed	W15_LL_M1_A07_S1_F0	A07	F0	S1	M1	LL	W15	NR	151	6	100005	0.059473531	0.00251	0.042203648544089305	4.22	13.36	0.3	iteration	6     100005  5.9473531E-02  2.51E-03    4.22   13.36*   0.30
C_W15_LL_M1_A07_S1_F0	fixed	W15_LL_M1_A07_S1_F0	A07	F0	S1	M1	LL	W15	NR	152	7	100000	0.061001655	0.00214	0.03508101542490937	3.5	11.07	0.34	iteration	7     100000  6.1001655E-02  2.14E-03    3.50   11.07*   0.34
C_W15_LL_M1_A07_S1_F0	fixed	W15_LL_M1_A07_S1_F0	A07	F0	S1	M1	LL	W15	NR	153	8	99997	0.070143574	0.00863	0.12303336582193546	12.31	38.93	0.11	iteration	8      99997  7.0143574E-02  8.63E-03   12.31   38.93    0.11
C_W15_LL_M1_A07_S1_F0	fixed	W15_LL_M1_A07_S1_F0	A07	F0	S1	M1	LL	W15	NR	154	9	99999	0.058677216	0.00173	0.02948333472399236	2.94	9.31	0.4	iteration	9      99999  5.8677216E-02  1.73E-03    2.94    9.31*   0.40
C_W15_LL_M1_A07_S1_F0	fixed	W15_LL_M1_A07_S1_F0	A07	F0	S1	M1	LL	W15	NR	155	10	99990	0.094256429	0.0303	0.321463483408649	32.1	101.5	0.13	iteration	10      99990  9.4256429E-02  3.03E-02   32.10  101.50    0.13
C_W15_LL_M1_A07_S1_F0	fixed	W15_LL_M1_A07_S1_F0	A07	F0	S1	M1	LL	W15	NR	157	10	999949	0.059490508	0.00107	0.017986062583294802	1.8	18.04	0.13	aggregate	10     999949  5.9490508E-02  1.07E-03    1.80   18.04    0.13    0.94  10
C_W15_LL_M1_A07_S1_F0	fixed	W15_LL_M1_A07_S1_F0	A07	F0	S1	M1	LL	W15	NR	160	11	199997	0.062098718	0.00148	0.023833020192139877	2.39	10.68	0.15	iteration	11     199997  6.2098718E-02  1.48E-03    2.39   10.68*   0.15
C_W15_LL_M1_A07_S1_F0	fixed	W15_LL_M1_A07_S1_F0	A07	F0	S1	M1	LL	W15	NR	161	12	199997	0.065187377	0.00308	0.047248411299015754	4.73	21.14	0.11	iteration	12     199997  6.5187377E-02  3.08E-03    4.73   21.14    0.11
C_W15_LL_M1_A07_S1_F0	fixed	W15_LL_M1_A07_S1_F0	A07	F0	S1	M1	LL	W15	NR	162	13	199997	0.069092557	0.00546	0.07902443095281594	7.9	35.33	0.17	iteration	13     199997  6.9092557E-02  5.46E-03    7.90   35.33    0.17
C_W15_LL_M1_A07_S1_F0	fixed	W15_LL_M1_A07_S1_F0	A07	F0	S1	M1	LL	W15	NR	164	13	599991	0.063041874	0.0013	0.02062121440108205	2.06	15.94	0.17	aggregate	13     599991  6.3041874E-02  1.30E-03    2.06   15.94    0.17    1.06   3
P_W15_LL_M1_A07_S2	adaptive	W15_LL_M1_A07_S2	A07		S2	M1	LL	W15	NR	150	1	99992	0.064893033	0.0098	0.1510177525528819	15.1	47.75	1.34	iteration	1      99992  6.4893033E-02  9.80E-03   15.10   47.75*   1.34
P_W15_LL_M1_A07_S2	adaptive	W15_LL_M1_A07_S2	A07		S2	M1	LL	W15	NR	151	2	100007	0.11203879	0.0347	0.30971416238965094	31.01	98.07	0.14	iteration	2     100007  1.1203879E-01  3.47E-02   31.01   98.07    0.14
P_W15_LL_M1_A07_S2	adaptive	W15_LL_M1_A07_S2	A07		S2	M1	LL	W15	NR	152	3	100002	0.070636449	0.0116	0.16422116576103646	16.41	51.89	0.12	iteration	3     100002  7.0636449E-02  1.16E-02   16.41   51.89*   0.12
P_W15_LL_M1_A07_S2	adaptive	W15_LL_M1_A07_S2	A07		S2	M1	LL	W15	NR	153	4	100000	0.064800535	0.00418	0.06450564026979097	6.45	20.38	0.12	iteration	4     100000  6.4800535E-02  4.18E-03    6.45   20.38*   0.12
P_W15_LL_M1_A07_S2	adaptive	W15_LL_M1_A07_S2	A07		S2	M1	LL	W15	NR	154	5	100007	0.070387668	0.00634	0.09007259623944354	9.01	28.49	0.11	iteration	5     100007  7.0387668E-02  6.34E-03    9.01   28.49    0.11
P_W15_LL_M1_A07_S2	adaptive	W15_LL_M1_A07_S2	A07		S2	M1	LL	W15	NR	155	6	100006	0.060742769	0.00342	0.05630299797495237	5.63	17.8	0.16	iteration	6     100006  6.0742769E-02  3.42E-03    5.63   17.80*   0.16
P_W15_LL_M1_A07_S2	adaptive	W15_LL_M1_A07_S2	A07		S2	M1	LL	W15	NR	156	7	100000	0.059063939	0.00208	0.035216073211778165	3.52	11.13	0.28	iteration	7     100000  5.9063939E-02  2.08E-03    3.52   11.13*   0.28
P_W15_LL_M1_A07_S2	adaptive	W15_LL_M1_A07_S2	A07		S2	M1	LL	W15	NR	157	8	100001	0.067528399	0.00453	0.06708288760111135	6.7	21.2	0.28	iteration	8     100001  6.7528399E-02  4.53E-03    6.70   21.20    0.28
P_W15_LL_M1_A07_S2	adaptive	W15_LL_M1_A07_S2	A07		S2	M1	LL	W15	NR	158	9	99996	0.064941343	0.0023	0.03541657584753059	3.54	11.21	0.31	iteration	9      99996  6.4941343E-02  2.30E-03    3.54   11.21*   0.31
P_W15_LL_M1_A07_S2	adaptive	W15_LL_M1_A07_S2	A07		S2	M1	LL	W15	NR	159	10	100000	0.063257511	0.00233	0.03683357064112118	3.68	11.64	0.46	iteration	10     100000  6.3257511E-02  2.33E-03    3.68   11.64    0.46
P_W15_LL_M1_A07_S2	adaptive	W15_LL_M1_A07_S2	A07		S2	M1	LL	W15	NR	161	10	1000011	0.062923037	0.00109	0.017322749377147832	1.73	17.34	0.46	aggregate	10    1000011  6.2923037E-02  1.09E-03    1.73   17.34    0.46    1.08  10
C_W15_LL_M1_A07_S2_F0	fixed	W15_LL_M1_A07_S2_F0	A07	F0	S2	M1	LL	W15	NR	146	1	99992	0.064893033	0.0098	0.1510177525528819	15.1	47.75	1.34	iteration	1      99992  6.4893033E-02  9.80E-03   15.10   47.75*   1.34
C_W15_LL_M1_A07_S2_F0	fixed	W15_LL_M1_A07_S2_F0	A07	F0	S2	M1	LL	W15	NR	147	2	100007	0.11203879	0.0347	0.30971416238965094	31.01	98.07	0.14	iteration	2     100007  1.1203879E-01  3.47E-02   31.01   98.07    0.14
C_W15_LL_M1_A07_S2_F0	fixed	W15_LL_M1_A07_S2_F0	A07	F0	S2	M1	LL	W15	NR	148	3	100002	0.070636449	0.0116	0.16422116576103646	16.41	51.89	0.12	iteration	3     100002  7.0636449E-02  1.16E-02   16.41   51.89*   0.12
C_W15_LL_M1_A07_S2_F0	fixed	W15_LL_M1_A07_S2_F0	A07	F0	S2	M1	LL	W15	NR	149	4	100000	0.064800535	0.00418	0.06450564026979097	6.45	20.38	0.12	iteration	4     100000  6.4800535E-02  4.18E-03    6.45   20.38*   0.12
C_W15_LL_M1_A07_S2_F0	fixed	W15_LL_M1_A07_S2_F0	A07	F0	S2	M1	LL	W15	NR	150	5	100007	0.070387668	0.00634	0.09007259623944354	9.01	28.49	0.11	iteration	5     100007  7.0387668E-02  6.34E-03    9.01   28.49    0.11
C_W15_LL_M1_A07_S2_F0	fixed	W15_LL_M1_A07_S2_F0	A07	F0	S2	M1	LL	W15	NR	151	6	100006	0.060742769	0.00342	0.05630299797495237	5.63	17.8	0.16	iteration	6     100006  6.0742769E-02  3.42E-03    5.63   17.80*   0.16
C_W15_LL_M1_A07_S2_F0	fixed	W15_LL_M1_A07_S2_F0	A07	F0	S2	M1	LL	W15	NR	152	7	100000	0.059063939	0.00208	0.035216073211778165	3.52	11.13	0.28	iteration	7     100000  5.9063939E-02  2.08E-03    3.52   11.13*   0.28
C_W15_LL_M1_A07_S2_F0	fixed	W15_LL_M1_A07_S2_F0	A07	F0	S2	M1	LL	W15	NR	153	8	100001	0.067528399	0.00453	0.06708288760111135	6.7	21.2	0.28	iteration	8     100001  6.7528399E-02  4.53E-03    6.70   21.20    0.28
C_W15_LL_M1_A07_S2_F0	fixed	W15_LL_M1_A07_S2_F0	A07	F0	S2	M1	LL	W15	NR	154	9	99996	0.064941343	0.0023	0.03541657584753059	3.54	11.21	0.31	iteration	9      99996  6.4941343E-02  2.30E-03    3.54   11.21*   0.31
C_W15_LL_M1_A07_S2_F0	fixed	W15_LL_M1_A07_S2_F0	A07	F0	S2	M1	LL	W15	NR	155	10	100000	0.063257511	0.00233	0.03683357064112118	3.68	11.64	0.46	iteration	10     100000  6.3257511E-02  2.33E-03    3.68   11.64    0.46
C_W15_LL_M1_A07_S2_F0	fixed	W15_LL_M1_A07_S2_F0	A07	F0	S2	M1	LL	W15	NR	157	10	1000011	0.062923037	0.00109	0.017322749377147832	1.73	17.34	0.46	aggregate	10    1000011  6.2923037E-02  1.09E-03    1.73   17.34    0.46    1.08  10
C_W15_LL_M1_A07_S2_F0	fixed	W15_LL_M1_A07_S2_F0	A07	F0	S2	M1	LL	W15	NR	160	11	200008	0.073365646	0.00439	0.059837270430359184	5.98	26.75	0.12	iteration	11     200008  7.3365646E-02  4.39E-03    5.98   26.75    0.12
C_W15_LL_M1_A07_S2_F0	fixed	W15_LL_M1_A07_S2_F0	A07	F0	S2	M1	LL	W15	NR	161	12	200008	0.069408925	0.00384	0.055324297271568464	5.53	24.74	0.12	iteration	12     200008  6.9408925E-02  3.84E-03    5.53   24.74*   0.12
C_W15_LL_M1_A07_S2_F0	fixed	W15_LL_M1_A07_S2_F0	A07	F0	S2	M1	LL	W15	NR	162	13	200008	0.076282876	0.0127	0.16648559501086455	16.66	74.52	0.16	iteration	13     200008  7.6282876E-02  1.27E-02   16.66   74.52    0.16
C_W15_LL_M1_A07_S2_F0	fixed	W15_LL_M1_A07_S2_F0	A07	F0	S2	M1	LL	W15	NR	164	13	600024	0.071378176	0.00282	0.03950787422755101	3.95	30.58	0.16	aggregate	13     600024  7.1378176E-02  2.82E-03    3.95   30.58    0.16    0.31   3
P_W15_LL_M1_A07_S3	adaptive	W15_LL_M1_A07_S3	A07		S3	M1	LL	W15	NR	150	1	100004	0.058272055	0.00771	0.13231041877620411	13.22	41.82	1.49	iteration	1     100004  5.8272055E-02  7.71E-03   13.22   41.82*   1.49
P_W15_LL_M1_A07_S3	adaptive	W15_LL_M1_A07_S3	A07		S3	M1	LL	W15	NR	151	2	100007	0.45696886	0.354	0.7746698538714433	77.4	244.78	0.08	iteration	2     100007  4.5696886E-01  3.54E-01   77.40  244.78    0.08
P_W15_LL_M1_A07_S3	adaptive	W15_LL_M1_A07_S3	A07		S3	M1	LL	W15	NR	152	3	100004	0.06562585	0.0127	0.19352130296217115	19.31	61.06	0.1	iteration	3     100004  6.5625850E-02  1.27E-02   19.31   61.06*   0.10
P_W15_LL_M1_A07_S3	adaptive	W15_LL_M1_A07_S3	A07		S3	M1	LL	W15	NR	153	4	100025	0.1600446	0.0875	0.5467226010749503	54.69	172.97	0.12	iteration	4     100025  1.6004460E-01  8.75E-02   54.69  172.97    0.12
P_W15_LL_M1_A07_S3	adaptive	W15_LL_M1_A07_S3	A07		S3	M1	LL	W15	NR	154	5	99994	0.066442113	0.0117	0.1760931353883944	17.6	55.67	0.08	iteration	5      99994  6.6442113E-02  1.17E-02   17.60   55.67*   0.08
P_W15_LL_M1_A07_S3	adaptive	W15_LL_M1_A07_S3	A07		S3	M1	LL	W15	NR	155	6	99999	0.064705164	0.00489	0.07557356627671943	7.56	23.9	0.15	iteration	6      99999  6.4705164E-02  4.89E-03    7.56   23.90*   0.15
P_W15_LL_M1_A07_S3	adaptive	W15_LL_M1_A07_S3	A07		S3	M1	LL	W15	NR	156	7	100005	0.063036575	0.0045	0.07138712723525985	7.14	22.56	0.15	iteration	7     100005  6.3036575E-02  4.50E-03    7.14   22.56*   0.15
P_W15_LL_M1_A07_S3	adaptive	W15_LL_M1_A07_S3	A07		S3	M1	LL	W15	NR	157	8	100006	0.05809857	0.0017	0.029260616913634876	2.93	9.27	0.31	iteration	8     100006  5.8098570E-02  1.70E-03    2.93    9.27*   0.31
P_W15_LL_M1_A07_S3	adaptive	W15_LL_M1_A07_S3	A07		S3	M1	LL	W15	NR	158	9	100016	0.063394652	0.00363	0.057260350604969014	5.73	18.12	0.16	iteration	9     100016  6.3394652E-02  3.63E-03    5.73   18.12    0.16
P_W15_LL_M1_A07_S3	adaptive	W15_LL_M1_A07_S3	A07		S3	M1	LL	W15	NR	159	10	99998	0.061679479	0.0023	0.03728954973825249	3.73	11.81	0.35	iteration	10      99998  6.1679479E-02  2.30E-03    3.73   11.81*   0.35
P_W15_LL_M1_A07_S3	adaptive	W15_LL_M1_A07_S3	A07		S3	M1	LL	W15	NR	161	10	1000058	0.060457506	0.00117	0.019352435742221983	1.93	19.35	0.35	aggregate	10    1000058  6.0457506E-02  1.17E-03    1.93   19.35    0.35    0.78  10
C_W15_LL_M1_A07_S3_F0	fixed	W15_LL_M1_A07_S3_F0	A07	F0	S3	M1	LL	W15	NR	146	1	100004	0.058272055	0.00771	0.13231041877620411	13.22	41.82	1.49	iteration	1     100004  5.8272055E-02  7.71E-03   13.22   41.82*   1.49
C_W15_LL_M1_A07_S3_F0	fixed	W15_LL_M1_A07_S3_F0	A07	F0	S3	M1	LL	W15	NR	147	2	100007	0.45696886	0.354	0.7746698538714433	77.4	244.78	0.08	iteration	2     100007  4.5696886E-01  3.54E-01   77.40  244.78    0.08
C_W15_LL_M1_A07_S3_F0	fixed	W15_LL_M1_A07_S3_F0	A07	F0	S3	M1	LL	W15	NR	148	3	100004	0.06562585	0.0127	0.19352130296217115	19.31	61.06	0.1	iteration	3     100004  6.5625850E-02  1.27E-02   19.31   61.06*   0.10
C_W15_LL_M1_A07_S3_F0	fixed	W15_LL_M1_A07_S3_F0	A07	F0	S3	M1	LL	W15	NR	149	4	100025	0.1600446	0.0875	0.5467226010749503	54.69	172.97	0.12	iteration	4     100025  1.6004460E-01  8.75E-02   54.69  172.97    0.12
C_W15_LL_M1_A07_S3_F0	fixed	W15_LL_M1_A07_S3_F0	A07	F0	S3	M1	LL	W15	NR	150	5	99994	0.066442113	0.0117	0.1760931353883944	17.6	55.67	0.08	iteration	5      99994  6.6442113E-02  1.17E-02   17.60   55.67*   0.08
C_W15_LL_M1_A07_S3_F0	fixed	W15_LL_M1_A07_S3_F0	A07	F0	S3	M1	LL	W15	NR	151	6	99999	0.064705164	0.00489	0.07557356627671943	7.56	23.9	0.15	iteration	6      99999  6.4705164E-02  4.89E-03    7.56   23.90*   0.15
C_W15_LL_M1_A07_S3_F0	fixed	W15_LL_M1_A07_S3_F0	A07	F0	S3	M1	LL	W15	NR	152	7	100005	0.063036575	0.0045	0.07138712723525985	7.14	22.56	0.15	iteration	7     100005  6.3036575E-02  4.50E-03    7.14   22.56*   0.15
C_W15_LL_M1_A07_S3_F0	fixed	W15_LL_M1_A07_S3_F0	A07	F0	S3	M1	LL	W15	NR	153	8	100006	0.05809857	0.0017	0.029260616913634876	2.93	9.27	0.31	iteration	8     100006  5.8098570E-02  1.70E-03    2.93    9.27*   0.31
C_W15_LL_M1_A07_S3_F0	fixed	W15_LL_M1_A07_S3_F0	A07	F0	S3	M1	LL	W15	NR	154	9	100016	0.063394652	0.00363	0.057260350604969014	5.73	18.12	0.16	iteration	9     100016  6.3394652E-02  3.63E-03    5.73   18.12    0.16
C_W15_LL_M1_A07_S3_F0	fixed	W15_LL_M1_A07_S3_F0	A07	F0	S3	M1	LL	W15	NR	155	10	99998	0.061679479	0.0023	0.03728954973825249	3.73	11.81	0.35	iteration	10      99998  6.1679479E-02  2.30E-03    3.73   11.81*   0.35
C_W15_LL_M1_A07_S3_F0	fixed	W15_LL_M1_A07_S3_F0	A07	F0	S3	M1	LL	W15	NR	157	10	1000058	0.060457506	0.00117	0.019352435742221983	1.93	19.35	0.35	aggregate	10    1000058  6.0457506E-02  1.17E-03    1.93   19.35    0.35    0.78  10
C_W15_LL_M1_A07_S3_F0	fixed	W15_LL_M1_A07_S3_F0	A07	F0	S3	M1	LL	W15	NR	160	11	200002	0.06230313	0.00402	0.06452324305375991	6.46	28.88	0.28	iteration	11     200002  6.2303130E-02  4.02E-03    6.46   28.88    0.28
C_W15_LL_M1_A07_S3_F0	fixed	W15_LL_M1_A07_S3_F0	A07	F0	S3	M1	LL	W15	NR	161	12	200002	0.060498237	0.00122	0.020165876899850815	2.02	9.04	0.36	iteration	12     200002  6.0498237E-02  1.22E-03    2.02    9.04*   0.36
C_W15_LL_M1_A07_S3_F0	fixed	W15_LL_M1_A07_S3_F0	A07	F0	S3	M1	LL	W15	NR	162	13	200002	0.11429346	0.0523	0.4575939865675604	45.76	204.63	0.02	iteration	13     200002  1.1429346E-01  5.23E-02   45.76  204.63    0.02
C_W15_LL_M1_A07_S3_F0	fixed	W15_LL_M1_A07_S3_F0	A07	F0	S3	M1	LL	W15	NR	164	13	600006	0.060677606	0.00117	0.019282237338104604	1.93	14.93	0.02	aggregate	13     600006  6.0677606E-02  1.17E-03    1.93   14.93    0.02    0.62   3
P_W15_LL_M1_A07_S4	adaptive	W15_LL_M1_A07_S4	A07		S4	M1	LL	W15	NR	150	1	99992	0.067070974	0.00918	0.13686993721009627	13.69	43.28	1.46	iteration	1      99992  6.7070974E-02  9.18E-03   13.69   43.28*   1.46
P_W15_LL_M1_A07_S4	adaptive	W15_LL_M1_A07_S4	A07		S4	M1	LL	W15	NR	151	2	99999	0.071301361	0.0212	0.2973295278332766	29.68	93.84	0.39	iteration	2      99999  7.1301361E-02  2.12E-02   29.68   93.84    0.39
P_W15_LL_M1_A07_S4	adaptive	W15_LL_M1_A07_S4	A07		S4	M1	LL	W15	NR	152	3	100003	0.057246752	0.00363	0.06340971099984852	6.34	20.06	0.22	iteration	3     100003  5.7246752E-02  3.63E-03    6.34   20.06*   0.22
P_W15_LL_M1_A07_S4	adaptive	W15_LL_M1_A07_S4	A07		S4	M1	LL	W15	NR	153	4	99997	0.059461327	0.0029	0.0487711954359848	4.88	15.42	0.3	iteration	4      99997  5.9461327E-02  2.90E-03    4.88   15.42*   0.30
P_W15_LL_M1_A07_S4	adaptive	W15_LL_M1_A07_S4	A07		S4	M1	LL	W15	NR	154	5	99988	0.075797498	0.00916	0.12084831612779619	12.09	38.23	0.23	iteration	5      99988  7.5797498E-02  9.16E-03   12.09   38.23    0.23
P_W15_LL_M1_A07_S4	adaptive	W15_LL_M1_A07_S4	A07		S4	M1	LL	W15	NR	155	6	99994	0.064759195	0.005	0.07720911292983182	7.72	24.4	0.19	iteration	6      99994  6.4759195E-02  5.00E-03    7.72   24.40*   0.19
P_W15_LL_M1_A07_S4	adaptive	W15_LL_M1_A07_S4	A07		S4	M1	LL	W15	NR	156	7	99995	0.064006799	0.00252	0.03937081746581328	3.93	12.44	0.33	iteration	7      99995  6.4006799E-02  2.52E-03    3.93   12.44*   0.33
P_W15_LL_M1_A07_S4	adaptive	W15_LL_M1_A07_S4	A07		S4	M1	LL	W15	NR	157	8	100005	0.065967502	0.00242	0.036684730005389625	3.67	11.62	0.3	iteration	8     100005  6.5967502E-02  2.42E-03    3.67   11.62*   0.30
P_W15_LL_M1_A07_S4	adaptive	W15_LL_M1_A07_S4	A07		S4	M1	LL	W15	NR	158	9	99997	0.064215849	0.00231	0.0359724279281895	3.6	11.37	0.27	iteration	9      99997  6.4215849E-02  2.31E-03    3.60   11.37*   0.27
P_W15_LL_M1_A07_S4	adaptive	W15_LL_M1_A07_S4	A07		S4	M1	LL	W15	NR	159	10	100004	0.073054192	0.00471	0.06447268624913406	6.45	20.39	0.18	iteration	10     100004  7.3054192E-02  4.71E-03    6.45   20.39    0.18
P_W15_LL_M1_A07_S4	adaptive	W15_LL_M1_A07_S4	A07		S4	M1	LL	W15	NR	161	10	999974	0.063946288	0.0011	0.01720193672539679	1.73	17.25	0.18	aggregate	10     999974  6.3946288E-02  1.10E-03    1.73   17.25    0.18    1.35  10
C_W15_LL_M1_A07_S4_F0	fixed	W15_LL_M1_A07_S4_F0	A07	F0	S4	M1	LL	W15	NR	146	1	99992	0.067070974	0.00918	0.13686993721009627	13.69	43.28	1.46	iteration	1      99992  6.7070974E-02  9.18E-03   13.69   43.28*   1.46
C_W15_LL_M1_A07_S4_F0	fixed	W15_LL_M1_A07_S4_F0	A07	F0	S4	M1	LL	W15	NR	147	2	99999	0.071301361	0.0212	0.2973295278332766	29.68	93.84	0.39	iteration	2      99999  7.1301361E-02  2.12E-02   29.68   93.84    0.39
C_W15_LL_M1_A07_S4_F0	fixed	W15_LL_M1_A07_S4_F0	A07	F0	S4	M1	LL	W15	NR	148	3	100003	0.057246752	0.00363	0.06340971099984852	6.34	20.06	0.22	iteration	3     100003  5.7246752E-02  3.63E-03    6.34   20.06*   0.22
C_W15_LL_M1_A07_S4_F0	fixed	W15_LL_M1_A07_S4_F0	A07	F0	S4	M1	LL	W15	NR	149	4	99997	0.059461327	0.0029	0.0487711954359848	4.88	15.42	0.3	iteration	4      99997  5.9461327E-02  2.90E-03    4.88   15.42*   0.30
C_W15_LL_M1_A07_S4_F0	fixed	W15_LL_M1_A07_S4_F0	A07	F0	S4	M1	LL	W15	NR	150	5	99988	0.075797498	0.00916	0.12084831612779619	12.09	38.23	0.23	iteration	5      99988  7.5797498E-02  9.16E-03   12.09   38.23    0.23
C_W15_LL_M1_A07_S4_F0	fixed	W15_LL_M1_A07_S4_F0	A07	F0	S4	M1	LL	W15	NR	151	6	99994	0.064759195	0.005	0.07720911292983182	7.72	24.4	0.19	iteration	6      99994  6.4759195E-02  5.00E-03    7.72   24.40*   0.19
C_W15_LL_M1_A07_S4_F0	fixed	W15_LL_M1_A07_S4_F0	A07	F0	S4	M1	LL	W15	NR	152	7	99995	0.064006799	0.00252	0.03937081746581328	3.93	12.44	0.33	iteration	7      99995  6.4006799E-02  2.52E-03    3.93   12.44*   0.33
C_W15_LL_M1_A07_S4_F0	fixed	W15_LL_M1_A07_S4_F0	A07	F0	S4	M1	LL	W15	NR	153	8	100005	0.065967502	0.00242	0.036684730005389625	3.67	11.62	0.3	iteration	8     100005  6.5967502E-02  2.42E-03    3.67   11.62*   0.30
C_W15_LL_M1_A07_S4_F0	fixed	W15_LL_M1_A07_S4_F0	A07	F0	S4	M1	LL	W15	NR	154	9	99997	0.064215849	0.00231	0.0359724279281895	3.6	11.37	0.27	iteration	9      99997  6.4215849E-02  2.31E-03    3.60   11.37*   0.27
C_W15_LL_M1_A07_S4_F0	fixed	W15_LL_M1_A07_S4_F0	A07	F0	S4	M1	LL	W15	NR	155	10	100004	0.073054192	0.00471	0.06447268624913406	6.45	20.39	0.18	iteration	10     100004  7.3054192E-02  4.71E-03    6.45   20.39    0.18
C_W15_LL_M1_A07_S4_F0	fixed	W15_LL_M1_A07_S4_F0	A07	F0	S4	M1	LL	W15	NR	157	10	999974	0.063946288	0.0011	0.01720193672539679	1.73	17.25	0.18	aggregate	10     999974  6.3946288E-02  1.10E-03    1.73   17.25    0.18    1.35  10
C_W15_LL_M1_A07_S4_F0	fixed	W15_LL_M1_A07_S4_F0	A07	F0	S4	M1	LL	W15	NR	160	11	199996	0.10973748	0.022	0.20047845093581518	20.02	89.55	0.05	iteration	11     199996  1.0973748E-01  2.20E-02   20.02   89.55    0.05
C_W15_LL_M1_A07_S4_F0	fixed	W15_LL_M1_A07_S4_F0	A07	F0	S4	M1	LL	W15	NR	161	12	199996	0.071426529	0.00333	0.046621333090398384	4.66	20.85	0.11	iteration	12     199996  7.1426529E-02  3.33E-03    4.66   20.85*   0.11
C_W15_LL_M1_A07_S4_F0	fixed	W15_LL_M1_A07_S4_F0	A07	F0	S4	M1	LL	W15	NR	162	13	199996	0.16738541	0.071	0.4241707804760283	42.42	189.72	0.04	iteration	13     199996  1.6738541E-01  7.10E-02   42.42  189.72    0.04
C_W15_LL_M1_A07_S4_F0	fixed	W15_LL_M1_A07_S4_F0	A07	F0	S4	M1	LL	W15	NR	164	13	599988	0.072490619	0.00329	0.04538518287449028	4.54	35.14	0.04	aggregate	13     599988  7.2490619E-02  3.29E-03    4.54   35.14    0.04    2.38   3
P_W15_LL_M1_A07_S5	adaptive	W15_LL_M1_A07_S5	A07		S5	M1	LL	W15	NR	150	1	99985	0.080497736	0.0102	0.1267116382006073	12.64	39.97	1.65	iteration	1      99985  8.0497736E-02  1.02E-02   12.64   39.97*   1.65
P_W15_LL_M1_A07_S5	adaptive	W15_LL_M1_A07_S5	A07		S5	M1	LL	W15	NR	151	2	100006	0.072162669	0.0119	0.16490520881371504	16.53	52.27	0.32	iteration	2     100006  7.2162669E-02  1.19E-02   16.53   52.27    0.32
P_W15_LL_M1_A07_S5	adaptive	W15_LL_M1_A07_S5	A07		S5	M1	LL	W15	NR	152	3	100000	0.061589243	0.00395	0.06413457622786499	6.41	20.28	0.25	iteration	3     100000  6.1589243E-02  3.95E-03    6.41   20.28*   0.25
P_W15_LL_M1_A07_S5	adaptive	W15_LL_M1_A07_S5	A07		S5	M1	LL	W15	NR	153	4	99990	0.061575289	0.00315	0.051156885353798344	5.11	16.17	0.21	iteration	4      99990  6.1575289E-02  3.15E-03    5.11   16.17*   0.21
P_W15_LL_M1_A07_S5	adaptive	W15_LL_M1_A07_S5	A07		S5	M1	LL	W15	NR	154	5	99996	0.060575362	0.00229	0.037804148822090405	3.78	11.97	0.38	iteration	5      99996  6.0575362E-02  2.29E-03    3.78   11.97*   0.38
P_W15_LL_M1_A07_S5	adaptive	W15_LL_M1_A07_S5	A07		S5	M1	LL	W15	NR	155	6	99995	0.066002284	0.00759	0.1149960204407472	11.5	36.37	0.25	iteration	6      99995  6.6002284E-02  7.59E-03   11.50   36.37    0.25
P_W15_LL_M1_A07_S5	adaptive	W15_LL_M1_A07_S5	A07		S5	M1	LL	W15	NR	156	7	100000	0.061924209	0.00379	0.06120385001607368	6.12	19.35	0.47	iteration	7     100000  6.1924209E-02  3.79E-03    6.12   19.35*   0.47
P_W15_LL_M1_A07_S5	adaptive	W15_LL_M1_A07_S5	A07		S5	M1	LL	W15	NR	157	8	100002	0.059498382	0.00144	0.02420233881317983	2.42	7.66	0.44	iteration	8     100002  5.9498382E-02  1.44E-03    2.42    7.66*   0.44
P_W15_LL_M1_A07_S5	adaptive	W15_LL_M1_A07_S5	A07		S5	M1	LL	W15	NR	158	9	99987	0.13645501	0.0764	0.559891498304093	56.03	177.16	0.18	iteration	9      99987  1.3645501E-01  7.64E-02   56.03  177.16    0.18
P_W15_LL_M1_A07_S5	adaptive	W15_LL_M1_A07_S5	A07		S5	M1	LL	W15	NR	159	10	100008	0.07124056	0.00991	0.13910614964284393	13.91	43.99	0.12	iteration	10     100008  7.1240560E-02  9.91E-03   13.91   43.99*   0.12
P_W15_LL_M1_A07_S5	adaptive	W15_LL_M1_A07_S5	A07		S5	M1	LL	W15	NR	161	10	999969	0.060817712	0.00103	0.016935855791483902	1.69	16.86	0.12	aggregate	10     999969  6.0817712E-02  1.03E-03    1.69   16.86    0.12    0.91  10
C_W15_LL_M1_A07_S5_F0	fixed	W15_LL_M1_A07_S5_F0	A07	F0	S5	M1	LL	W15	NR	146	1	99985	0.080497736	0.0102	0.1267116382006073	12.64	39.97	1.65	iteration	1      99985  8.0497736E-02  1.02E-02   12.64   39.97*   1.65
C_W15_LL_M1_A07_S5_F0	fixed	W15_LL_M1_A07_S5_F0	A07	F0	S5	M1	LL	W15	NR	147	2	100006	0.072162669	0.0119	0.16490520881371504	16.53	52.27	0.32	iteration	2     100006  7.2162669E-02  1.19E-02   16.53   52.27    0.32
C_W15_LL_M1_A07_S5_F0	fixed	W15_LL_M1_A07_S5_F0	A07	F0	S5	M1	LL	W15	NR	148	3	100000	0.061589243	0.00395	0.06413457622786499	6.41	20.28	0.25	iteration	3     100000  6.1589243E-02  3.95E-03    6.41   20.28*   0.25
C_W15_LL_M1_A07_S5_F0	fixed	W15_LL_M1_A07_S5_F0	A07	F0	S5	M1	LL	W15	NR	149	4	99990	0.061575289	0.00315	0.051156885353798344	5.11	16.17	0.21	iteration	4      99990  6.1575289E-02  3.15E-03    5.11   16.17*   0.21
C_W15_LL_M1_A07_S5_F0	fixed	W15_LL_M1_A07_S5_F0	A07	F0	S5	M1	LL	W15	NR	150	5	99996	0.060575362	0.00229	0.037804148822090405	3.78	11.97	0.38	iteration	5      99996  6.0575362E-02  2.29E-03    3.78   11.97*   0.38
C_W15_LL_M1_A07_S5_F0	fixed	W15_LL_M1_A07_S5_F0	A07	F0	S5	M1	LL	W15	NR	151	6	99995	0.066002284	0.00759	0.1149960204407472	11.5	36.37	0.25	iteration	6      99995  6.6002284E-02  7.59E-03   11.50   36.37    0.25
C_W15_LL_M1_A07_S5_F0	fixed	W15_LL_M1_A07_S5_F0	A07	F0	S5	M1	LL	W15	NR	152	7	100000	0.061924209	0.00379	0.06120385001607368	6.12	19.35	0.47	iteration	7     100000  6.1924209E-02  3.79E-03    6.12   19.35*   0.47
C_W15_LL_M1_A07_S5_F0	fixed	W15_LL_M1_A07_S5_F0	A07	F0	S5	M1	LL	W15	NR	153	8	100002	0.059498382	0.00144	0.02420233881317983	2.42	7.66	0.44	iteration	8     100002  5.9498382E-02  1.44E-03    2.42    7.66*   0.44
C_W15_LL_M1_A07_S5_F0	fixed	W15_LL_M1_A07_S5_F0	A07	F0	S5	M1	LL	W15	NR	154	9	99987	0.13645501	0.0764	0.559891498304093	56.03	177.16	0.18	iteration	9      99987  1.3645501E-01  7.64E-02   56.03  177.16    0.18
C_W15_LL_M1_A07_S5_F0	fixed	W15_LL_M1_A07_S5_F0	A07	F0	S5	M1	LL	W15	NR	155	10	100008	0.07124056	0.00991	0.13910614964284393	13.91	43.99	0.12	iteration	10     100008  7.1240560E-02  9.91E-03   13.91   43.99*   0.12
C_W15_LL_M1_A07_S5_F0	fixed	W15_LL_M1_A07_S5_F0	A07	F0	S5	M1	LL	W15	NR	157	10	999969	0.060817712	0.00103	0.016935855791483902	1.69	16.86	0.12	aggregate	10     999969  6.0817712E-02  1.03E-03    1.69   16.86    0.12    0.91  10
C_W15_LL_M1_A07_S5_F0	fixed	W15_LL_M1_A07_S5_F0	A07	F0	S5	M1	LL	W15	NR	160	11	200000	0.073410154	0.013	0.17708721875178193	17.71	79.2	0.11	iteration	11     200000  7.3410154E-02  1.30E-02   17.71   79.20    0.11
C_W15_LL_M1_A07_S5_F0	fixed	W15_LL_M1_A07_S5_F0	A07	F0	S5	M1	LL	W15	NR	161	12	200000	0.063361716	0.00318	0.050188034680121354	5.02	22.43	0.17	iteration	12     200000  6.3361716E-02  3.18E-03    5.02   22.43*   0.17
C_W15_LL_M1_A07_S5_F0	fixed	W15_LL_M1_A07_S5_F0	A07	F0	S5	M1	LL	W15	NR	162	13	200000	0.072219228	0.00871	0.12060500009775792	12.06	53.93	0.08	iteration	13     200000  7.2219228E-02  8.71E-03   12.06   53.93    0.08
C_W15_LL_M1_A07_S5_F0	fixed	W15_LL_M1_A07_S5_F0	A07	F0	S5	M1	LL	W15	NR	164	13	600000	0.064853546	0.00291	0.04487032983516429	4.49	34.75	0.08	aggregate	13     600000  6.4853546E-02  2.91E-03    4.49   34.75    0.08    0.68   3
P_W15_LL_M1_A07_S6	adaptive	W15_LL_M1_A07_S6	A07		S6	M1	LL	W15	NR	150	1	99987	0.066678021	0.00958	0.1436755299021247	14.37	45.45	1.55	iteration	1      99987  6.6678021E-02  9.58E-03   14.37   45.45*   1.55
P_W15_LL_M1_A07_S6	adaptive	W15_LL_M1_A07_S6	A07		S6	M1	LL	W15	NR	151	2	100013	0.054639548	0.0059	0.10798039544543815	10.8	34.15	0.26	iteration	2     100013  5.4639548E-02  5.90E-03   10.80   34.15*   0.26
P_W15_LL_M1_A07_S6	adaptive	W15_LL_M1_A07_S6	A07		S6	M1	LL	W15	NR	152	3	100006	0.055955584	0.00443	0.07916993592632328	7.92	25.05	0.12	iteration	3     100006  5.5955584E-02  4.43E-03    7.92   25.05*   0.12
P_W15_LL_M1_A07_S6	adaptive	W15_LL_M1_A07_S6	A07		S6	M1	LL	W15	NR	153	4	99997	0.069929886	0.00835	0.11940531405985705	11.94	37.75	0.07	iteration	4      99997  6.9929886E-02  8.35E-03   11.94   37.75    0.07
P_W15_LL_M1_A07_S6	adaptive	W15_LL_M1_A07_S6	A07		S6	M1	LL	W15	NR	154	5	100001	0.059218445	0.00317	0.05353061871178819	5.35	16.92	0.15	iteration	5     100001  5.9218445E-02  3.17E-03    5.35   16.92*   0.15
P_W15_LL_M1_A07_S6	adaptive	W15_LL_M1_A07_S6	A07		S6	M1	LL	W15	NR	155	6	100025	0.063061686	0.00277	0.04392524487848295	4.39	13.9	0.24	iteration	6     100025  6.3061686E-02  2.77E-03    4.39   13.90*   0.24
P_W15_LL_M1_A07_S6	adaptive	W15_LL_M1_A07_S6	A07		S6	M1	LL	W15	NR	156	7	100007	0.067421503	0.00521	0.07727504977158402	7.72	24.42	0.38	iteration	7     100007  6.7421503E-02  5.21E-03    7.72   24.42    0.38
P_W15_LL_M1_A07_S6	adaptive	W15_LL_M1_A07_S6	A07		S6	M1	LL	W15	NR	157	8	99999	0.05960825	0.00138	0.023151157767590892	2.31	7.31	0.5	iteration	8      99999  5.9608250E-02  1.38E-03    2.31    7.31*   0.50
P_W15_LL_M1_A07_S6	adaptive	W15_LL_M1_A07_S6	A07		S6	M1	LL	W15	NR	158	9	100002	0.094104177	0.0259	0.275226890300523	27.56	87.17	0.05	iteration	9     100002  9.4104177E-02  2.59E-02   27.56   87.17    0.05
P_W15_LL_M1_A07_S6	adaptive	W15_LL_M1_A07_S6	A07		S6	M1	LL	W15	NR	159	10	100009	0.059864241	0.00182	0.030402122696252008	3.04	9.6	0.58	iteration	10     100009  5.9864241E-02  1.82E-03    3.04    9.60*   0.58
P_W15_LL_M1_A07_S6	adaptive	W15_LL_M1_A07_S6	A07		S6	M1	LL	W15	NR	161	10	1000046	0.060210841	0.000912	0.015146773983774783	1.51	15.15	0.58	aggregate	10    1000046  6.0210841E-02  9.12E-04    1.51   15.15    0.58    0.96  10
C_W15_LL_M1_A07_S6_F0	fixed	W15_LL_M1_A07_S6_F0	A07	F0	S6	M1	LL	W15	NR	146	1	99987	0.066678021	0.00958	0.1436755299021247	14.37	45.45	1.55	iteration	1      99987  6.6678021E-02  9.58E-03   14.37   45.45*   1.55
C_W15_LL_M1_A07_S6_F0	fixed	W15_LL_M1_A07_S6_F0	A07	F0	S6	M1	LL	W15	NR	147	2	100013	0.054639548	0.0059	0.10798039544543815	10.8	34.15	0.26	iteration	2     100013  5.4639548E-02  5.90E-03   10.80   34.15*   0.26
C_W15_LL_M1_A07_S6_F0	fixed	W15_LL_M1_A07_S6_F0	A07	F0	S6	M1	LL	W15	NR	148	3	100006	0.055955584	0.00443	0.07916993592632328	7.92	25.05	0.12	iteration	3     100006  5.5955584E-02  4.43E-03    7.92   25.05*   0.12
C_W15_LL_M1_A07_S6_F0	fixed	W15_LL_M1_A07_S6_F0	A07	F0	S6	M1	LL	W15	NR	149	4	99997	0.069929886	0.00835	0.11940531405985705	11.94	37.75	0.07	iteration	4      99997  6.9929886E-02  8.35E-03   11.94   37.75    0.07
C_W15_LL_M1_A07_S6_F0	fixed	W15_LL_M1_A07_S6_F0	A07	F0	S6	M1	LL	W15	NR	150	5	100001	0.059218445	0.00317	0.05353061871178819	5.35	16.92	0.15	iteration	5     100001  5.9218445E-02  3.17E-03    5.35   16.92*   0.15
C_W15_LL_M1_A07_S6_F0	fixed	W15_LL_M1_A07_S6_F0	A07	F0	S6	M1	LL	W15	NR	151	6	100025	0.063061686	0.00277	0.04392524487848295	4.39	13.9	0.24	iteration	6     100025  6.3061686E-02  2.77E-03    4.39   13.90*   0.24
C_W15_LL_M1_A07_S6_F0	fixed	W15_LL_M1_A07_S6_F0	A07	F0	S6	M1	LL	W15	NR	152	7	100007	0.067421503	0.00521	0.07727504977158402	7.72	24.42	0.38	iteration	7     100007  6.7421503E-02  5.21E-03    7.72   24.42    0.38
C_W15_LL_M1_A07_S6_F0	fixed	W15_LL_M1_A07_S6_F0	A07	F0	S6	M1	LL	W15	NR	153	8	99999	0.05960825	0.00138	0.023151157767590892	2.31	7.31	0.5	iteration	8      99999  5.9608250E-02  1.38E-03    2.31    7.31*   0.50
C_W15_LL_M1_A07_S6_F0	fixed	W15_LL_M1_A07_S6_F0	A07	F0	S6	M1	LL	W15	NR	154	9	100002	0.094104177	0.0259	0.275226890300523	27.56	87.17	0.05	iteration	9     100002  9.4104177E-02  2.59E-02   27.56   87.17    0.05
C_W15_LL_M1_A07_S6_F0	fixed	W15_LL_M1_A07_S6_F0	A07	F0	S6	M1	LL	W15	NR	155	10	100009	0.059864241	0.00182	0.030402122696252008	3.04	9.6	0.58	iteration	10     100009  5.9864241E-02  1.82E-03    3.04    9.60*   0.58
C_W15_LL_M1_A07_S6_F0	fixed	W15_LL_M1_A07_S6_F0	A07	F0	S6	M1	LL	W15	NR	157	10	1000046	0.060210841	0.000912	0.015146773983774783	1.51	15.15	0.58	aggregate	10    1000046  6.0210841E-02  9.12E-04    1.51   15.15    0.58    0.96  10
C_W15_LL_M1_A07_S6_F0	fixed	W15_LL_M1_A07_S6_F0	A07	F0	S6	M1	LL	W15	NR	160	11	200002	0.074430204	0.00846	0.11366353369124181	11.37	50.85	0.1	iteration	11     200002  7.4430204E-02  8.46E-03   11.37   50.85    0.10
C_W15_LL_M1_A07_S6_F0	fixed	W15_LL_M1_A07_S6_F0	A07	F0	S6	M1	LL	W15	NR	161	12	200002	0.067401895	0.00353	0.052372414751840436	5.24	23.42	0.31	iteration	12     200002  6.7401895E-02  3.53E-03    5.24   23.42*   0.31
C_W15_LL_M1_A07_S6_F0	fixed	W15_LL_M1_A07_S6_F0	A07	F0	S6	M1	LL	W15	NR	162	13	200002	0.061315831	0.00162	0.02642058296494424	2.65	11.84	0.23	iteration	13     200002  6.1315831E-02  1.62E-03    2.65   11.84*   0.23
C_W15_LL_M1_A07_S6_F0	fixed	W15_LL_M1_A07_S6_F0	A07	F0	S6	M1	LL	W15	NR	164	13	600006	0.062733905	0.00145	0.023113498195274147	2.32	17.94	0.23	aggregate	13     600006  6.2733905E-02  1.45E-03    2.32   17.94    0.23    2.21   3
P_W15_LL_M1_A07_S7	adaptive	W15_LL_M1_A07_S7	A07		S7	M1	LL	W15	NR	150	1	99991	0.066875683	0.0122	0.1824280433891045	18.28	57.79	1.39	iteration	1      99991  6.6875683E-02  1.22E-02   18.28   57.79*   1.39
P_W15_LL_M1_A07_S7	adaptive	W15_LL_M1_A07_S7	A07		S7	M1	LL	W15	NR	151	2	99993	0.061107507	0.00787	0.12878941371311384	12.89	40.75	0.2	iteration	2      99993  6.1107507E-02  7.87E-03   12.89   40.75*   0.20
P_W15_LL_M1_A07_S7	adaptive	W15_LL_M1_A07_S7	A07		S7	M1	LL	W15	NR	152	3	99992	0.12108427	0.058	0.4790052415561493	47.91	151.51	0.38	iteration	3      99992  1.2108427E-01  5.80E-02   47.91  151.51    0.38
P_W15_LL_M1_A07_S7	adaptive	W15_LL_M1_A07_S7	A07		S7	M1	LL	W15	NR	153	4	99998	0.068433833	0.00732	0.10696463546035774	10.69	33.81	0.12	iteration	4      99998  6.8433833E-02  7.32E-03   10.69   33.81*   0.12
P_W15_LL_M1_A07_S7	adaptive	W15_LL_M1_A07_S7	A07		S7	M1	LL	W15	NR	154	5	99997	0.060071143	0.00279	0.04644492947304166	4.64	14.67	0.31	iteration	5      99997  6.0071143E-02  2.79E-03    4.64   14.67*   0.31
P_W15_LL_M1_A07_S7	adaptive	W15_LL_M1_A07_S7	A07		S7	M1	LL	W15	NR	155	6	99996	0.13793788	0.0544	0.39438042689941294	39.46	124.79	0.08	iteration	6      99996  1.3793788E-01  5.44E-02   39.46  124.79    0.08
P_W15_LL_M1_A07_S7	adaptive	W15_LL_M1_A07_S7	A07		S7	M1	LL	W15	NR	156	7	100010	0.081100626	0.0202	0.24907329321970956	24.86	78.62	0.04	iteration	7     100010  8.1100626E-02  2.02E-02   24.86   78.62*   0.04
P_W15_LL_M1_A07_S7	adaptive	W15_LL_M1_A07_S7	A07		S7	M1	LL	W15	NR	157	8	100002	0.056094871	0.0014	0.024957718505137484	2.5	7.9	0.58	iteration	8     100002  5.6094871E-02  1.40E-03    2.50    7.90*   0.58
P_W15_LL_M1_A07_S7	adaptive	W15_LL_M1_A07_S7	A07		S7	M1	LL	W15	NR	158	9	100013	0.20951235	0.139	0.6634453768477133	66.33	209.76	0.04	iteration	9     100013  2.0951235E-01  1.39E-01   66.33  209.76    0.04
P_W15_LL_M1_A07_S7	adaptive	W15_LL_M1_A07_S7	A07		S7	M1	LL	W15	NR	159	10	99996	19.936542	17.7	0.8878169544146622	88.78	280.75	0.0	iteration	10      99996  1.9936542E+01  1.77E+01   88.78  280.75    0.00
P_W15_LL_M1_A07_S7	adaptive	W15_LL_M1_A07_S7	A07		S7	M1	LL	W15	NR	161	10	999988	0.05757637	0.00121	0.02101556593442761	2.1	21.01	0.0	aggregate	10     999988  5.7576370E-02  1.21E-03    2.10   21.01    0.00    1.34  10
C_W15_LL_M1_A07_S7_F0	fixed	W15_LL_M1_A07_S7_F0	A07	F0	S7	M1	LL	W15	NR	146	1	99991	0.066875683	0.0122	0.1824280433891045	18.28	57.79	1.39	iteration	1      99991  6.6875683E-02  1.22E-02   18.28   57.79*   1.39
C_W15_LL_M1_A07_S7_F0	fixed	W15_LL_M1_A07_S7_F0	A07	F0	S7	M1	LL	W15	NR	147	2	99993	0.061107507	0.00787	0.12878941371311384	12.89	40.75	0.2	iteration	2      99993  6.1107507E-02  7.87E-03   12.89   40.75*   0.20
C_W15_LL_M1_A07_S7_F0	fixed	W15_LL_M1_A07_S7_F0	A07	F0	S7	M1	LL	W15	NR	148	3	99992	0.12108427	0.058	0.4790052415561493	47.91	151.51	0.38	iteration	3      99992  1.2108427E-01  5.80E-02   47.91  151.51    0.38
C_W15_LL_M1_A07_S7_F0	fixed	W15_LL_M1_A07_S7_F0	A07	F0	S7	M1	LL	W15	NR	149	4	99998	0.068433833	0.00732	0.10696463546035774	10.69	33.81	0.12	iteration	4      99998  6.8433833E-02  7.32E-03   10.69   33.81*   0.12
C_W15_LL_M1_A07_S7_F0	fixed	W15_LL_M1_A07_S7_F0	A07	F0	S7	M1	LL	W15	NR	150	5	99997	0.060071143	0.00279	0.04644492947304166	4.64	14.67	0.31	iteration	5      99997  6.0071143E-02  2.79E-03    4.64   14.67*   0.31
C_W15_LL_M1_A07_S7_F0	fixed	W15_LL_M1_A07_S7_F0	A07	F0	S7	M1	LL	W15	NR	151	6	99996	0.13793788	0.0544	0.39438042689941294	39.46	124.79	0.08	iteration	6      99996  1.3793788E-01  5.44E-02   39.46  124.79    0.08
C_W15_LL_M1_A07_S7_F0	fixed	W15_LL_M1_A07_S7_F0	A07	F0	S7	M1	LL	W15	NR	152	7	100010	0.081100626	0.0202	0.24907329321970956	24.86	78.62	0.04	iteration	7     100010  8.1100626E-02  2.02E-02   24.86   78.62*   0.04
C_W15_LL_M1_A07_S7_F0	fixed	W15_LL_M1_A07_S7_F0	A07	F0	S7	M1	LL	W15	NR	153	8	100002	0.056094871	0.0014	0.024957718505137484	2.5	7.9	0.58	iteration	8     100002  5.6094871E-02  1.40E-03    2.50    7.90*   0.58
C_W15_LL_M1_A07_S7_F0	fixed	W15_LL_M1_A07_S7_F0	A07	F0	S7	M1	LL	W15	NR	154	9	100013	0.20951235	0.139	0.6634453768477133	66.33	209.76	0.04	iteration	9     100013  2.0951235E-01  1.39E-01   66.33  209.76    0.04
C_W15_LL_M1_A07_S7_F0	fixed	W15_LL_M1_A07_S7_F0	A07	F0	S7	M1	LL	W15	NR	155	10	99996	19.936542	17.7	0.8878169544146622	88.78	280.75	0.0	iteration	10      99996  1.9936542E+01  1.77E+01   88.78  280.75    0.00
C_W15_LL_M1_A07_S7_F0	fixed	W15_LL_M1_A07_S7_F0	A07	F0	S7	M1	LL	W15	NR	157	10	999988	0.05757637	0.00121	0.02101556593442761	2.1	21.01	0.0	aggregate	10     999988  5.7576370E-02  1.21E-03    2.10   21.01    0.00    1.34  10
C_W15_LL_M1_A07_S7_F0	fixed	W15_LL_M1_A07_S7_F0	A07	F0	S7	M1	LL	W15	NR	160	11	151566	2.3593183	0.503	0.213197176489497	21.32	83.02	0.01	iteration	11     151566  2.3593183E+00  5.03E-01   21.32   83.02*   0.01
C_W15_LL_M1_A07_S7_F0	fixed	W15_LL_M1_A07_S7_F0	A07	F0	S7	M1	LL	W15	NR	161	12	151566	45.748947	30.5	0.6666820112821394	66.57	259.17	0.0	iteration	12     151566  4.5748947E+01  3.05E+01   66.57  259.17    0.00
C_W15_LL_M1_A07_S7_F0	fixed	W15_LL_M1_A07_S7_F0	A07	F0	S7	M1	LL	W15	NR	162	13	151566	4.5240861	1.19	0.2630365500780367	26.26	102.22	0.0	iteration	13     151566  4.5240861E+00  1.19E+00   26.26  102.22*   0.00
C_W15_LL_M1_A07_S7_F0	fixed	W15_LL_M1_A07_S7_F0	A07	F0	S7	M1	LL	W15	NR	164	13	454698	2.6985737	0.463	0.17157211604041056	17.17	115.75	0.0	aggregate	13     454698  2.6985737E+00  4.63E-01   17.17  115.75    0.00    2.41   3
P_W15_LL_M2_A10_S0	adaptive	W15_LL_M2_A10_S0	A10		S0	M2	LL	W15	NR	150	1	999957	0.077194141	0.00349	0.04521068509590644	4.53	45.25	0.37	iteration	1     999957  7.7194141E-02  3.49E-03    4.53   45.25*   0.37
P_W15_LL_M2_A10_S0	adaptive	W15_LL_M2_A10_S0	A10		S0	M2	LL	W15	NR	152	1	999957	0.077194141	0.00349	0.04521068509590644	4.53	45.25	0.37	iteration	1     999957  7.7194141E-02  3.49E-03    4.53   45.25    0.37
C_W15_LL_M2_A10_S0_F2	fixed	W15_LL_M2_A10_S0_F2	A10	F2	S0	M2	LL	W15	NR	146	1	999957	0.077194141	0.00349	0.04521068509590644	4.53	45.25	0.37	iteration	1     999957  7.7194141E-02  3.49E-03    4.53   45.25*   0.37
C_W15_LL_M2_A10_S0_F2	fixed	W15_LL_M2_A10_S0_F2	A10	F2	S0	M2	LL	W15	NR	148	1	999957	0.077194141	0.00349	0.04521068509590644	4.53	45.25	0.37	iteration	1     999957  7.7194141E-02  3.49E-03    4.53   45.25    0.37
C_W15_LL_M2_A10_S0_F2	fixed	W15_LL_M2_A10_S0_F2	A10	F2	S0	M2	LL	W15	NR	151	2	2000015	0.14944061	0.0374	0.25026664438802815	25.01	353.75	0.03	iteration	2    2000015  1.4944061E-01  3.74E-02   25.01  353.75    0.03
C_W15_LL_M2_A10_S0_F2	fixed	W15_LL_M2_A10_S0_F2	A10	F2	S0	M2	LL	W15	NR	153	2	2000015	0.14944061	0.0374	0.25026664438802815	25.01	353.75	0.03	iteration	2    2000015  1.4944061E-01  3.74E-02   25.01  353.75    0.03
P_W15_LL_M2_A10_S1	adaptive	W15_LL_M2_A10_S1	A10		S1	M2	LL	W15	NR	150	1	1000011	0.085154437	0.00827	0.09711766399207125	9.72	97.16	0.28	iteration	1    1000011  8.5154437E-02  8.27E-03    9.72   97.16*   0.28
P_W15_LL_M2_A10_S1	adaptive	W15_LL_M2_A10_S1	A10		S1	M2	LL	W15	NR	152	1	1000011	0.085154437	0.00827	0.09711766399207125	9.72	97.16	0.28	iteration	1    1000011  8.5154437E-02  8.27E-03    9.72   97.16    0.28
C_W15_LL_M2_A10_S1_F2	fixed	W15_LL_M2_A10_S1_F2	A10	F2	S1	M2	LL	W15	NR	146	1	1000011	0.085154437	0.00827	0.09711766399207125	9.72	97.16	0.28	iteration	1    1000011  8.5154437E-02  8.27E-03    9.72   97.16*   0.28
C_W15_LL_M2_A10_S1_F2	fixed	W15_LL_M2_A10_S1_F2	A10	F2	S1	M2	LL	W15	NR	148	1	1000011	0.085154437	0.00827	0.09711766399207125	9.72	97.16	0.28	iteration	1    1000011  8.5154437E-02  8.27E-03    9.72   97.16    0.28
C_W15_LL_M2_A10_S1_F2	fixed	W15_LL_M2_A10_S1_F2	A10	F2	S1	M2	LL	W15	NR	151	2	1999992	0.12006177	0.027	0.22488424083702915	22.5	318.17	0.02	iteration	2    1999992  1.2006177E-01  2.70E-02   22.50  318.17    0.02
C_W15_LL_M2_A10_S1_F2	fixed	W15_LL_M2_A10_S1_F2	A10	F2	S1	M2	LL	W15	NR	153	2	1999992	0.12006177	0.027	0.22488424083702915	22.5	318.17	0.02	iteration	2    1999992  1.2006177E-01  2.70E-02   22.50  318.17    0.02
P_W15_LL_M2_A10_S2	adaptive	W15_LL_M2_A10_S2	A10		S2	M2	LL	W15	NR	150	1	999997	0.072821039	0.00364	0.04998555431212674	4.99	49.94	0.31	iteration	1     999997  7.2821039E-02  3.64E-03    4.99   49.94*   0.31
P_W15_LL_M2_A10_S2	adaptive	W15_LL_M2_A10_S2	A10		S2	M2	LL	W15	NR	152	1	999997	0.072821039	0.00364	0.04998555431212674	4.99	49.94	0.31	iteration	1     999997  7.2821039E-02  3.64E-03    4.99   49.94    0.31
C_W15_LL_M2_A10_S2_F2	fixed	W15_LL_M2_A10_S2_F2	A10	F2	S2	M2	LL	W15	NR	146	1	999997	0.072821039	0.00364	0.04998555431212674	4.99	49.94	0.31	iteration	1     999997  7.2821039E-02  3.64E-03    4.99   49.94*   0.31
C_W15_LL_M2_A10_S2_F2	fixed	W15_LL_M2_A10_S2_F2	A10	F2	S2	M2	LL	W15	NR	148	1	999997	0.072821039	0.00364	0.04998555431212674	4.99	49.94	0.31	iteration	1     999997  7.2821039E-02  3.64E-03    4.99   49.94    0.31
C_W15_LL_M2_A10_S2_F2	fixed	W15_LL_M2_A10_S2_F2	A10	F2	S2	M2	LL	W15	NR	151	2	1999999	0.089943269	0.00672	0.07471376207151198	7.48	105.73	0.05	iteration	2    1999999  8.9943269E-02  6.72E-03    7.48  105.73    0.05
C_W15_LL_M2_A10_S2_F2	fixed	W15_LL_M2_A10_S2_F2	A10	F2	S2	M2	LL	W15	NR	153	2	1999999	0.089943269	0.00672	0.07471376207151198	7.48	105.73	0.05	iteration	2    1999999  8.9943269E-02  6.72E-03    7.48  105.73    0.05
P_W15_LL_M2_A10_S3	adaptive	W15_LL_M2_A10_S3	A10		S3	M2	LL	W15	NR	150	1	904661	1.7318199	1.64	0.9469806877724409	94.84	902.11	0.09	iteration	1     904661  1.7318199E+00  1.64E+00   94.84  902.11*   0.09
P_W15_LL_M2_A10_S3	adaptive	W15_LL_M2_A10_S3	A10		S3	M2	LL	W15	NR	152	1	904661	1.7318199	1.64	0.9469806877724409	94.84	902.11	0.09	iteration	1     904661  1.7318199E+00  1.64E+00   94.84  902.11    0.09
C_W15_LL_M2_A10_S3_F2	fixed	W15_LL_M2_A10_S3_F2	A10	F2	S3	M2	LL	W15	NR	146	1	904661	1.7318199	1.64	0.9469806877724409	94.84	902.11	0.09	iteration	1     904661  1.7318199E+00  1.64E+00   94.84  902.11*   0.09
C_W15_LL_M2_A10_S3_F2	fixed	W15_LL_M2_A10_S3_F2	A10	F2	S3	M2	LL	W15	NR	148	1	904661	1.7318199	1.64	0.9469806877724409	94.84	902.11	0.09	iteration	1     904661  1.7318199E+00  1.64E+00   94.84  902.11    0.09
C_W15_LL_M2_A10_S3_F2	fixed	W15_LL_M2_A10_S3_F2	A10	F2	S3	M2	LL	W15	NR	151	2	1940297	0.44050392	0.321	0.728710881846409	72.83	1014.47	0.06	iteration	2    1940297  4.4050392E-01  3.21E-01   72.83 1014.47    0.06
C_W15_LL_M2_A10_S3_F2	fixed	W15_LL_M2_A10_S3_F2	A10	F2	S3	M2	LL	W15	NR	153	2	1940297	0.44050392	0.321	0.728710881846409	72.83	1014.47	0.06	iteration	2    1940297  4.4050392E-01  3.21E-01   72.83 1014.47    0.06
P_W15_LL_M2_A10_S4	adaptive	W15_LL_M2_A10_S4	A10		S4	M2	LL	W15	NR	150	1	999975	0.072743612	0.00321	0.04412758607587427	4.41	44.12	0.38	iteration	1     999975  7.2743612E-02  3.21E-03    4.41   44.12*   0.38
P_W15_LL_M2_A10_S4	adaptive	W15_LL_M2_A10_S4	A10		S4	M2	LL	W15	NR	152	1	999975	0.072743612	0.00321	0.04412758607587427	4.41	44.12	0.38	iteration	1     999975  7.2743612E-02  3.21E-03    4.41   44.12    0.38
C_W15_LL_M2_A10_S4_F2	fixed	W15_LL_M2_A10_S4_F2	A10	F2	S4	M2	LL	W15	NR	146	1	999975	0.072743612	0.00321	0.04412758607587427	4.41	44.12	0.38	iteration	1     999975  7.2743612E-02  3.21E-03    4.41   44.12*   0.38
C_W15_LL_M2_A10_S4_F2	fixed	W15_LL_M2_A10_S4_F2	A10	F2	S4	M2	LL	W15	NR	148	1	999975	0.072743612	0.00321	0.04412758607587427	4.41	44.12	0.38	iteration	1     999975  7.2743612E-02  3.21E-03    4.41   44.12    0.38
C_W15_LL_M2_A10_S4_F2	fixed	W15_LL_M2_A10_S4_F2	A10	F2	S4	M2	LL	W15	NR	151	2	1999992	0.14986597	0.043	0.28692304196876717	28.71	406.03	0.03	iteration	2    1999992  1.4986597E-01  4.30E-02   28.71  406.03    0.03
C_W15_LL_M2_A10_S4_F2	fixed	W15_LL_M2_A10_S4_F2	A10	F2	S4	M2	LL	W15	NR	153	2	1999992	0.14986597	0.043	0.28692304196876717	28.71	406.03	0.03	iteration	2    1999992  1.4986597E-01  4.30E-02   28.71  406.03    0.03
P_W15_LL_M2_A10_S5	adaptive	W15_LL_M2_A10_S5	A10		S5	M2	LL	W15	NR	150	1	999995	0.071985419	0.00359	0.049871210723938415	4.99	49.92	0.34	iteration	1     999995  7.1985419E-02  3.59E-03    4.99   49.92*   0.34
P_W15_LL_M2_A10_S5	adaptive	W15_LL_M2_A10_S5	A10		S5	M2	LL	W15	NR	152	1	999995	0.071985419	0.00359	0.049871210723938415	4.99	49.92	0.34	iteration	1     999995  7.1985419E-02  3.59E-03    4.99   49.92    0.34
C_W15_LL_M2_A10_S5_F2	fixed	W15_LL_M2_A10_S5_F2	A10	F2	S5	M2	LL	W15	NR	146	1	999995	0.071985419	0.00359	0.049871210723938415	4.99	49.92	0.34	iteration	1     999995  7.1985419E-02  3.59E-03    4.99   49.92*   0.34
C_W15_LL_M2_A10_S5_F2	fixed	W15_LL_M2_A10_S5_F2	A10	F2	S5	M2	LL	W15	NR	148	1	999995	0.071985419	0.00359	0.049871210723938415	4.99	49.92	0.34	iteration	1     999995  7.1985419E-02  3.59E-03    4.99   49.92    0.34
C_W15_LL_M2_A10_S5_F2	fixed	W15_LL_M2_A10_S5_F2	A10	F2	S5	M2	LL	W15	NR	151	2	1999991	1.0050964	0.796	0.7919638355087134	79.16	1119.42	0.0	iteration	2    1999991  1.0050964E+00  7.96E-01   79.16 1119.42    0.00
C_W15_LL_M2_A10_S5_F2	fixed	W15_LL_M2_A10_S5_F2	A10	F2	S5	M2	LL	W15	NR	153	2	1999991	1.0050964	0.796	0.7919638355087134	79.16	1119.42	0.0	iteration	2    1999991  1.0050964E+00  7.96E-01   79.16 1119.42    0.00
P_W15_LL_M2_A10_S6	adaptive	W15_LL_M2_A10_S6	A10		S6	M2	LL	W15	NR	150	1	1000018	0.0905355	0.0162	0.17893533475818876	17.91	179.13	0.24	iteration	1    1000018  9.0535500E-02  1.62E-02   17.91  179.13*   0.24
P_W15_LL_M2_A10_S6	adaptive	W15_LL_M2_A10_S6	A10		S6	M2	LL	W15	NR	152	1	1000018	0.0905355	0.0162	0.17893533475818876	17.91	179.13	0.24	iteration	1    1000018  9.0535500E-02  1.62E-02   17.91  179.13    0.24
C_W15_LL_M2_A10_S6_F2	fixed	W15_LL_M2_A10_S6_F2	A10	F2	S6	M2	LL	W15	NR	146	1	1000018	0.0905355	0.0162	0.17893533475818876	17.91	179.13	0.24	iteration	1    1000018  9.0535500E-02  1.62E-02   17.91  179.13*   0.24
C_W15_LL_M2_A10_S6_F2	fixed	W15_LL_M2_A10_S6_F2	A10	F2	S6	M2	LL	W15	NR	148	1	1000018	0.0905355	0.0162	0.17893533475818876	17.91	179.13	0.24	iteration	1    1000018  9.0535500E-02  1.62E-02   17.91  179.13    0.24
C_W15_LL_M2_A10_S6_F2	fixed	W15_LL_M2_A10_S6_F2	A10	F2	S6	M2	LL	W15	NR	151	2	2000024	0.3876141	0.273	0.7043087441865505	70.5	997.06	0.03	iteration	2    2000024  3.8761410E-01  2.73E-01   70.50  997.06    0.03
C_W15_LL_M2_A10_S6_F2	fixed	W15_LL_M2_A10_S6_F2	A10	F2	S6	M2	LL	W15	NR	153	2	2000024	0.3876141	0.273	0.7043087441865505	70.5	997.06	0.03	iteration	2    2000024  3.8761410E-01  2.73E-01   70.50  997.06    0.03
P_W15_LL_M2_A10_S7	adaptive	W15_LL_M2_A10_S7	A10		S7	M2	LL	W15	NR	150	1	999999	0.0706132	0.00341	0.04829125432638656	4.83	48.33	0.37	iteration	1     999999  7.0613200E-02  3.41E-03    4.83   48.33*   0.37
P_W15_LL_M2_A10_S7	adaptive	W15_LL_M2_A10_S7	A10		S7	M2	LL	W15	NR	152	1	999999	0.0706132	0.00341	0.04829125432638656	4.83	48.33	0.37	iteration	1     999999  7.0613200E-02  3.41E-03    4.83   48.33    0.37
C_W15_LL_M2_A10_S7_F2	fixed	W15_LL_M2_A10_S7_F2	A10	F2	S7	M2	LL	W15	NR	146	1	999999	0.0706132	0.00341	0.04829125432638656	4.83	48.33	0.37	iteration	1     999999  7.0613200E-02  3.41E-03    4.83   48.33*   0.37
C_W15_LL_M2_A10_S7_F2	fixed	W15_LL_M2_A10_S7_F2	A10	F2	S7	M2	LL	W15	NR	148	1	999999	0.0706132	0.00341	0.04829125432638656	4.83	48.33	0.37	iteration	1     999999  7.0613200E-02  3.41E-03    4.83   48.33    0.37
C_W15_LL_M2_A10_S7_F2	fixed	W15_LL_M2_A10_S7_F2	A10	F2	S7	M2	LL	W15	NR	151	2	1999975	0.16586858	0.0573	0.3454542144148096	34.57	488.94	0.04	iteration	2    1999975  1.6586858E-01  5.73E-02   34.57  488.94    0.04
C_W15_LL_M2_A10_S7_F2	fixed	W15_LL_M2_A10_S7_F2	A10	F2	S7	M2	LL	W15	NR	153	2	1999975	0.16586858	0.0573	0.3454542144148096	34.57	488.94	0.04	iteration	2    1999975  1.6586858E-01  5.73E-02   34.57  488.94    0.04
P_W15_LI_M0_A00_S0	adaptive	W15_LI_M0_A00_S0	A00		S0	M0	LI	W15	SR_MINUS	150	1	50020	0.31299302	0.0979	0.31278652795516015	31.27	69.95	2.43	iteration	1      50020  3.1299302E-01  9.79E-02   31.27   69.95*   2.43
P_W15_LI_M0_A00_S0	adaptive	W15_LI_M0_A00_S0	A00		S0	M0	LI	W15	SR_MINUS	151	2	49998	0.21886827	0.0239	0.10919810349851078	10.92	24.41	0.33	iteration	2      49998  2.1886827E-01  2.39E-02   10.92   24.41*   0.33
P_W15_LI_M0_A00_S0	adaptive	W15_LI_M0_A00_S0	A00		S0	M0	LI	W15	SR_MINUS	152	3	49999	0.20617428	0.0111	0.05383794719690546	5.41	12.09	0.44	iteration	3      49999  2.0617428E-01  1.11E-02    5.41   12.09*   0.44
P_W15_LI_M0_A00_S0	adaptive	W15_LI_M0_A00_S0	A00		S0	M0	LI	W15	SR_MINUS	153	4	49999	0.23984935	0.0121	0.05044833350601117	5.03	11.25	0.49	iteration	4      49999  2.3984935E-01  1.21E-02    5.03   11.25*   0.49
P_W15_LI_M0_A00_S0	adaptive	W15_LI_M0_A00_S0	A00		S0	M0	LI	W15	SR_MINUS	154	5	49995	0.22695751	0.0165	0.0727008328563351	7.28	16.28	0.52	iteration	5      49995  2.2695751E-01  1.65E-02    7.28   16.28    0.52
P_W15_LI_M0_A00_S0	adaptive	W15_LI_M0_A00_S0	A00		S0	M0	LI	W15	SR_MINUS	156	5	250011	0.22285653	0.007	0.03141034278869908	3.14	15.7	0.52	aggregate	5     250011  2.2285653E-01  7.00E-03    3.14   15.70    0.52    1.29   5
C_W15_LI_M0_A00_S0_F0	fixed	W15_LI_M0_A00_S0_F0	A00	F0	S0	M0	LI	W15	SR_MINUS	146	1	50020	0.31299302	0.0979	0.31278652795516015	31.27	69.95	2.43	iteration	1      50020  3.1299302E-01  9.79E-02   31.27   69.95*   2.43
C_W15_LI_M0_A00_S0_F0	fixed	W15_LI_M0_A00_S0_F0	A00	F0	S0	M0	LI	W15	SR_MINUS	147	2	49998	0.21886827	0.0239	0.10919810349851078	10.92	24.41	0.33	iteration	2      49998  2.1886827E-01  2.39E-02   10.92   24.41*   0.33
C_W15_LI_M0_A00_S0_F0	fixed	W15_LI_M0_A00_S0_F0	A00	F0	S0	M0	LI	W15	SR_MINUS	148	3	49999	0.20617428	0.0111	0.05383794719690546	5.41	12.09	0.44	iteration	3      49999  2.0617428E-01  1.11E-02    5.41   12.09*   0.44
C_W15_LI_M0_A00_S0_F0	fixed	W15_LI_M0_A00_S0_F0	A00	F0	S0	M0	LI	W15	SR_MINUS	149	4	49999	0.23984935	0.0121	0.05044833350601117	5.03	11.25	0.49	iteration	4      49999  2.3984935E-01  1.21E-02    5.03   11.25*   0.49
C_W15_LI_M0_A00_S0_F0	fixed	W15_LI_M0_A00_S0_F0	A00	F0	S0	M0	LI	W15	SR_MINUS	150	5	49995	0.22695751	0.0165	0.0727008328563351	7.28	16.28	0.52	iteration	5      49995  2.2695751E-01  1.65E-02    7.28   16.28    0.52
C_W15_LI_M0_A00_S0_F0	fixed	W15_LI_M0_A00_S0_F0	A00	F0	S0	M0	LI	W15	SR_MINUS	152	5	250011	0.22285653	0.007	0.03141034278869908	3.14	15.7	0.52	aggregate	5     250011  2.2285653E-01  7.00E-03    3.14   15.70    0.52    1.29   5
C_W15_LI_M0_A00_S0_F0	fixed	W15_LI_M0_A00_S0_F0	A00	F0	S0	M0	LI	W15	SR_MINUS	155	6	200004	0.22159005	0.00341	0.015388777609824988	1.54	6.87	0.29	iteration	6     200004  2.2159005E-01  3.41E-03    1.54    6.87*   0.29
C_W15_LI_M0_A00_S0_F0	fixed	W15_LI_M0_A00_S0_F0	A00	F0	S0	M0	LI	W15	SR_MINUS	156	7	200004	0.2265623	0.00876	0.0386648617179469	3.87	17.3	0.13	iteration	7     200004  2.2656230E-01  8.76E-03    3.87   17.30    0.13
C_W15_LI_M0_A00_S0_F0	fixed	W15_LI_M0_A00_S0_F0	A00	F0	S0	M0	LI	W15	SR_MINUS	157	8	200004	0.26168801	0.0336	0.128397170355646	12.83	57.36	0.04	iteration	8     200004  2.6168801E-01  3.36E-02   12.83   57.36    0.04
C_W15_LI_M0_A00_S0_F0	fixed	W15_LI_M0_A00_S0_F0	A00	F0	S0	M0	LI	W15	SR_MINUS	159	8	600012	0.22259187	0.00316	0.014196385519381278	1.42	11.0	0.04	aggregate	8     600012  2.2259187E-01  3.16E-03    1.42   11.00    0.04    0.82   3
P_W15_LI_M0_A00_S1	adaptive	W15_LI_M0_A00_S1	A00		S1	M0	LI	W15	SR_MINUS	150	1	50010	0.27997771	0.0495	0.17679978881175934	17.66	39.5	3.36	iteration	1      50010  2.7997771E-01  4.95E-02   17.66   39.50*   3.36
P_W15_LI_M0_A00_S1	adaptive	W15_LI_M0_A00_S1	A00		S1	M0	LI	W15	SR_MINUS	151	2	50003	0.27614784	0.0348	0.12601945392728764	12.59	28.16	0.3	iteration	2      50003  2.7614784E-01  3.48E-02   12.59   28.16*   0.30
P_W15_LI_M0_A00_S1	adaptive	W15_LI_M0_A00_S1	A00		S1	M0	LI	W15	SR_MINUS	152	3	50004	0.24389516	0.028	0.11480342619345132	11.48	25.66	0.37	iteration	3      50004  2.4389516E-01  2.80E-02   11.48   25.66*   0.37
P_W15_LI_M0_A00_S1	adaptive	W15_LI_M0_A00_S1	A00		S1	M0	LI	W15	SR_MINUS	153	4	50002	0.25691799	0.025	0.09730731584814284	9.74	21.79	0.34	iteration	4      50002  2.5691799E-01  2.50E-02    9.74   21.79*   0.34
P_W15_LI_M0_A00_S1	adaptive	W15_LI_M0_A00_S1	A00		S1	M0	LI	W15	SR_MINUS	154	5	50001	0.21707925	0.00584	0.026902617362092415	2.69	6.02	0.65	iteration	5      50001  2.1707925E-01  5.84E-03    2.69    6.02*   0.65
P_W15_LI_M0_A00_S1	adaptive	W15_LI_M0_A00_S1	A00		S1	M0	LI	W15	SR_MINUS	156	5	250020	0.22224381	0.00547	0.02461260900809791	2.46	12.31	0.65	aggregate	5     250020  2.2224381E-01  5.47E-03    2.46   12.31    0.65    1.77   5
C_W15_LI_M0_A00_S1_F0	fixed	W15_LI_M0_A00_S1_F0	A00	F0	S1	M0	LI	W15	SR_MINUS	146	1	50010	0.27997771	0.0495	0.17679978881175934	17.66	39.5	3.36	iteration	1      50010  2.7997771E-01  4.95E-02   17.66   39.50*   3.36
C_W15_LI_M0_A00_S1_F0	fixed	W15_LI_M0_A00_S1_F0	A00	F0	S1	M0	LI	W15	SR_MINUS	147	2	50003	0.27614784	0.0348	0.12601945392728764	12.59	28.16	0.3	iteration	2      50003  2.7614784E-01  3.48E-02   12.59   28.16*   0.30
C_W15_LI_M0_A00_S1_F0	fixed	W15_LI_M0_A00_S1_F0	A00	F0	S1	M0	LI	W15	SR_MINUS	148	3	50004	0.24389516	0.028	0.11480342619345132	11.48	25.66	0.37	iteration	3      50004  2.4389516E-01  2.80E-02   11.48   25.66*   0.37
C_W15_LI_M0_A00_S1_F0	fixed	W15_LI_M0_A00_S1_F0	A00	F0	S1	M0	LI	W15	SR_MINUS	149	4	50002	0.25691799	0.025	0.09730731584814284	9.74	21.79	0.34	iteration	4      50002  2.5691799E-01  2.50E-02    9.74   21.79*   0.34
C_W15_LI_M0_A00_S1_F0	fixed	W15_LI_M0_A00_S1_F0	A00	F0	S1	M0	LI	W15	SR_MINUS	150	5	50001	0.21707925	0.00584	0.026902617362092415	2.69	6.02	0.65	iteration	5      50001  2.1707925E-01  5.84E-03    2.69    6.02*   0.65
C_W15_LI_M0_A00_S1_F0	fixed	W15_LI_M0_A00_S1_F0	A00	F0	S1	M0	LI	W15	SR_MINUS	152	5	250020	0.22224381	0.00547	0.02461260900809791	2.46	12.31	0.65	aggregate	5     250020  2.2224381E-01  5.47E-03    2.46   12.31    0.65    1.77   5
C_W15_LI_M0_A00_S1_F0	fixed	W15_LI_M0_A00_S1_F0	A00	F0	S1	M0	LI	W15	SR_MINUS	155	6	199998	0.23021152	0.00589	0.025585166198459575	2.56	11.44	0.15	iteration	6     199998  2.3021152E-01  5.89E-03    2.56   11.44    0.15
C_W15_LI_M0_A00_S1_F0	fixed	W15_LI_M0_A00_S1_F0	A00	F0	S1	M0	LI	W15	SR_MINUS	156	7	199998	0.22312503	0.00487	0.021826327597580603	2.18	9.77	0.31	iteration	7     199998  2.2312503E-01  4.87E-03    2.18    9.77*   0.31
C_W15_LI_M0_A00_S1_F0	fixed	W15_LI_M0_A00_S1_F0	A00	F0	S1	M0	LI	W15	SR_MINUS	157	8	199998	0.23243881	0.00835	0.035923432924131735	3.59	16.06	0.13	iteration	8     199998  2.3243881E-01  8.35E-03    3.59   16.06    0.13
C_W15_LI_M0_A00_S1_F0	fixed	W15_LI_M0_A00_S1_F0	A00	F0	S1	M0	LI	W15	SR_MINUS	159	8	599994	0.22708807	0.00342	0.015060236321529351	1.51	11.68	0.13	aggregate	8     599994  2.2708807E-01  3.42E-03    1.51   11.68    0.13    0.68   3
P_W15_LI_M0_A00_S2	adaptive	W15_LI_M0_A00_S2	A00		S2	M0	LI	W15	SR_MINUS	150	1	50021	0.26338162	0.0667	0.2532447024967042	25.31	56.6	2.49	iteration	1      50021  2.6338162E-01  6.67E-02   25.31   56.60*   2.49
P_W15_LI_M0_A00_S2	adaptive	W15_LI_M0_A00_S2	A00		S2	M0	LI	W15	SR_MINUS	151	2	49992	0.2709796	0.0508	0.18746798652001848	18.74	41.9	0.17	iteration	2      49992  2.7097960E-01  5.08E-02   18.74   41.90*   0.17
P_W15_LI_M0_A00_S2	adaptive	W15_LI_M0_A00_S2	A00		S2	M0	LI	W15	SR_MINUS	152	3	49999	0.22032269	0.022	0.09985353755439351	10.0	22.36	0.14	iteration	3      49999  2.2032269E-01  2.20E-02   10.00   22.36*   0.14
P_W15_LI_M0_A00_S2	adaptive	W15_LI_M0_A00_S2	A00		S2	M0	LI	W15	SR_MINUS	153	4	50000	0.214553	0.0157	0.07317539256034639	7.3	16.33	0.28	iteration	4      50000  2.1455300E-01  1.57E-02    7.30   16.33*   0.28
P_W15_LI_M0_A00_S2	adaptive	W15_LI_M0_A00_S2	A00		S2	M0	LI	W15	SR_MINUS	154	5	50008	0.20094094	0.00657	0.03269617430872972	3.27	7.31	0.5	iteration	5      50008  2.0094094E-01  6.57E-03    3.27    7.31*   0.50
P_W15_LI_M0_A00_S2	adaptive	W15_LI_M0_A00_S2	A00		S2	M0	LI	W15	SR_MINUS	156	5	250020	0.2055068	0.00578	0.02812559000480763	2.81	14.07	0.5	aggregate	5     250020  2.0550680E-01  5.78E-03    2.81   14.07    0.50    0.92   5
C_W15_LI_M0_A00_S2_F0	fixed	W15_LI_M0_A00_S2_F0	A00	F0	S2	M0	LI	W15	SR_MINUS	146	1	50021	0.26338162	0.0667	0.2532447024967042	25.31	56.6	2.49	iteration	1      50021  2.6338162E-01  6.67E-02   25.31   56.60*   2.49
C_W15_LI_M0_A00_S2_F0	fixed	W15_LI_M0_A00_S2_F0	A00	F0	S2	M0	LI	W15	SR_MINUS	147	2	49992	0.2709796	0.0508	0.18746798652001848	18.74	41.9	0.17	iteration	2      49992  2.7097960E-01  5.08E-02   18.74   41.90*   0.17
C_W15_LI_M0_A00_S2_F0	fixed	W15_LI_M0_A00_S2_F0	A00	F0	S2	M0	LI	W15	SR_MINUS	148	3	49999	0.22032269	0.022	0.09985353755439351	10.0	22.36	0.14	iteration	3      49999  2.2032269E-01  2.20E-02   10.00   22.36*   0.14
C_W15_LI_M0_A00_S2_F0	fixed	W15_LI_M0_A00_S2_F0	A00	F0	S2	M0	LI	W15	SR_MINUS	149	4	50000	0.214553	0.0157	0.07317539256034639	7.3	16.33	0.28	iteration	4      50000  2.1455300E-01  1.57E-02    7.30   16.33*   0.28
C_W15_LI_M0_A00_S2_F0	fixed	W15_LI_M0_A00_S2_F0	A00	F0	S2	M0	LI	W15	SR_MINUS	150	5	50008	0.20094094	0.00657	0.03269617430872972	3.27	7.31	0.5	iteration	5      50008  2.0094094E-01  6.57E-03    3.27    7.31*   0.50
C_W15_LI_M0_A00_S2_F0	fixed	W15_LI_M0_A00_S2_F0	A00	F0	S2	M0	LI	W15	SR_MINUS	152	5	250020	0.2055068	0.00578	0.02812559000480763	2.81	14.07	0.5	aggregate	5     250020  2.0550680E-01  5.78E-03    2.81   14.07    0.50    0.92   5
C_W15_LI_M0_A00_S2_F0	fixed	W15_LI_M0_A00_S2_F0	A00	F0	S2	M0	LI	W15	SR_MINUS	155	6	200004	0.22618298	0.00545	0.024095535393511926	2.41	10.78	0.16	iteration	6     200004  2.2618298E-01  5.45E-03    2.41   10.78    0.16
C_W15_LI_M0_A00_S2_F0	fixed	W15_LI_M0_A00_S2_F0	A00	F0	S2	M0	LI	W15	SR_MINUS	156	7	200004	0.23171422	0.00714	0.03081381884978833	3.08	13.78	0.16	iteration	7     200004  2.3171422E-01  7.14E-03    3.08   13.78    0.16
C_W15_LI_M0_A00_S2_F0	fixed	W15_LI_M0_A00_S2_F0	A00	F0	S2	M0	LI	W15	SR_MINUS	157	8	200004	0.2378351	0.00728	0.030609443265523045	3.06	13.69	0.16	iteration	8     200004  2.3783510E-01  7.28E-03    3.06   13.69*   0.16
C_W15_LI_M0_A00_S2_F0	fixed	W15_LI_M0_A00_S2_F0	A00	F0	S2	M0	LI	W15	SR_MINUS	159	8	600012	0.23073636	0.00372	0.01612229645990775	1.61	12.5	0.16	aggregate	8     600012  2.3073636E-01  3.72E-03    1.61   12.50    0.16    0.83   3
P_W15_LI_M0_A00_S3	adaptive	W15_LI_M0_A00_S3	A00		S3	M0	LI	W15	SR_MINUS	150	1	50010	0.23055221	0.0377	0.16352044510872393	16.34	36.54	3.07	iteration	1      50010  2.3055221E-01  3.77E-02   16.34   36.54*   3.07
P_W15_LI_M0_A00_S3	adaptive	W15_LI_M0_A00_S3	A00		S3	M0	LI	W15	SR_MINUS	151	2	49991	0.19677804	0.0228	0.1158665875521476	11.6	25.94	0.32	iteration	2      49991  1.9677804E-01  2.28E-02   11.60   25.94*   0.32
P_W15_LI_M0_A00_S3	adaptive	W15_LI_M0_A00_S3	A00		S3	M0	LI	W15	SR_MINUS	152	3	50000	0.20808816	0.0159	0.07640992164090452	7.65	17.11	0.28	iteration	3      50000  2.0808816E-01  1.59E-02    7.65   17.11*   0.28
P_W15_LI_M0_A00_S3	adaptive	W15_LI_M0_A00_S3	A00		S3	M0	LI	W15	SR_MINUS	153	4	50001	0.22799381	0.0175	0.0767564698357381	7.69	17.19	0.2	iteration	4      50001  2.2799381E-01  1.75E-02    7.69   17.19    0.20
P_W15_LI_M0_A00_S3	adaptive	W15_LI_M0_A00_S3	A00		S3	M0	LI	W15	SR_MINUS	154	5	50001	0.42071581	0.222	0.527672111965557	52.87	118.23	1.15	iteration	5      50001  4.2071581E-01  2.22E-01   52.87  118.23    1.15
P_W15_LI_M0_A00_S3	adaptive	W15_LI_M0_A00_S3	A00		S3	M0	LI	W15	SR_MINUS	156	5	250003	0.21451211	0.0101	0.04708358889388575	4.7	23.49	1.15	aggregate	5     250003  2.1451211E-01  1.01E-02    4.70   23.49    1.15    0.60   5
C_W15_LI_M0_A00_S3_F0	fixed	W15_LI_M0_A00_S3_F0	A00	F0	S3	M0	LI	W15	SR_MINUS	146	1	50010	0.23055221	0.0377	0.16352044510872393	16.34	36.54	3.07	iteration	1      50010  2.3055221E-01  3.77E-02   16.34   36.54*   3.07
C_W15_LI_M0_A00_S3_F0	fixed	W15_LI_M0_A00_S3_F0	A00	F0	S3	M0	LI	W15	SR_MINUS	147	2	49991	0.19677804	0.0228	0.1158665875521476	11.6	25.94	0.32	iteration	2      49991  1.9677804E-01  2.28E-02   11.60   25.94*   0.32
C_W15_LI_M0_A00_S3_F0	fixed	W15_LI_M0_A00_S3_F0	A00	F0	S3	M0	LI	W15	SR_MINUS	148	3	50000	0.20808816	0.0159	0.07640992164090452	7.65	17.11	0.28	iteration	3      50000  2.0808816E-01  1.59E-02    7.65   17.11*   0.28
C_W15_LI_M0_A00_S3_F0	fixed	W15_LI_M0_A00_S3_F0	A00	F0	S3	M0	LI	W15	SR_MINUS	149	4	50001	0.22799381	0.0175	0.0767564698357381	7.69	17.19	0.2	iteration	4      50001  2.2799381E-01  1.75E-02    7.69   17.19    0.20
C_W15_LI_M0_A00_S3_F0	fixed	W15_LI_M0_A00_S3_F0	A00	F0	S3	M0	LI	W15	SR_MINUS	150	5	50001	0.42071581	0.222	0.527672111965557	52.87	118.23	1.15	iteration	5      50001  4.2071581E-01  2.22E-01   52.87  118.23    1.15
C_W15_LI_M0_A00_S3_F0	fixed	W15_LI_M0_A00_S3_F0	A00	F0	S3	M0	LI	W15	SR_MINUS	152	5	250003	0.21451211	0.0101	0.04708358889388575	4.7	23.49	1.15	aggregate	5     250003  2.1451211E-01  1.01E-02    4.70   23.49    1.15    0.60   5
C_W15_LI_M0_A00_S3_F0	fixed	W15_LI_M0_A00_S3_F0	A00	F0	S3	M0	LI	W15	SR_MINUS	155	6	200002	0.22489739	0.0057	0.02534489173040203	2.54	11.34	0.12	iteration	6     200002  2.2489739E-01  5.70E-03    2.54   11.34*   0.12
C_W15_LI_M0_A00_S3_F0	fixed	W15_LI_M0_A00_S3_F0	A00	F0	S3	M0	LI	W15	SR_MINUS	156	7	200002	0.2447024	0.0163	0.06661152485631526	6.68	29.85	0.05	iteration	7     200002  2.4470240E-01  1.63E-02    6.68   29.85    0.05
C_W15_LI_M0_A00_S3_F0	fixed	W15_LI_M0_A00_S3_F0	A00	F0	S3	M0	LI	W15	SR_MINUS	157	8	200002	0.22043421	0.00592	0.02685608554135041	2.69	12.01	0.23	iteration	8     200002  2.2043421E-01  5.92E-03    2.69   12.01*   0.23
C_W15_LI_M0_A00_S3_F0	fixed	W15_LI_M0_A00_S3_F0	A00	F0	S3	M0	LI	W15	SR_MINUS	159	8	600006	0.22405566	0.00398	0.01776344324441525	1.78	13.77	0.23	aggregate	8     600006  2.2405566E-01  3.98E-03    1.78   13.77    0.23    1.00   3
P_W15_LI_M0_A00_S4	adaptive	W15_LI_M0_A00_S4	A00		S4	M0	LI	W15	SR_MINUS	150	1	50001	0.41901118	0.0869	0.20739303423837047	20.75	46.39	2.68	iteration	1      50001  4.1901118E-01  8.69E-02   20.75   46.39*   2.68
P_W15_LI_M0_A00_S4	adaptive	W15_LI_M0_A00_S4	A00		S4	M0	LI	W15	SR_MINUS	151	2	50000	0.22748009	0.0358	0.15737641039266337	15.73	35.18	0.34	iteration	2      50000  2.2748009E-01  3.58E-02   15.73   35.18*   0.34
P_W15_LI_M0_A00_S4	adaptive	W15_LI_M0_A00_S4	A00		S4	M0	LI	W15	SR_MINUS	152	3	49999	0.20265225	0.0104	0.051319440075301405	5.13	11.46	0.39	iteration	3      49999  2.0265225E-01  1.04E-02    5.13   11.46*   0.39
P_W15_LI_M0_A00_S4	adaptive	W15_LI_M0_A00_S4	A00		S4	M0	LI	W15	SR_MINUS	153	4	50000	0.2323961	0.0179	0.07702366778099977	7.69	17.2	0.19	iteration	4      50000  2.3239610E-01  1.79E-02    7.69   17.20    0.19
P_W15_LI_M0_A00_S4	adaptive	W15_LI_M0_A00_S4	A00		S4	M0	LI	W15	SR_MINUS	154	5	50001	0.20130971	0.00513	0.025483122498164642	2.55	5.7	0.8	iteration	5      50001  2.0130971E-01  5.13E-03    2.55    5.70*   0.80
P_W15_LI_M0_A00_S4	adaptive	W15_LI_M0_A00_S4	A00		S4	M0	LI	W15	SR_MINUS	156	5	250001	0.20440997	0.00442	0.021623211431418928	2.16	10.8	0.8	aggregate	5     250001  2.0440997E-01  4.42E-03    2.16   10.80    0.80    2.34   5
C_W15_LI_M0_A00_S4_F0	fixed	W15_LI_M0_A00_S4_F0	A00	F0	S4	M0	LI	W15	SR_MINUS	146	1	50001	0.41901118	0.0869	0.20739303423837047	20.75	46.39	2.68	iteration	1      50001  4.1901118E-01  8.69E-02   20.75   46.39*   2.68
C_W15_LI_M0_A00_S4_F0	fixed	W15_LI_M0_A00_S4_F0	A00	F0	S4	M0	LI	W15	SR_MINUS	147	2	50000	0.22748009	0.0358	0.15737641039266337	15.73	35.18	0.34	iteration	2      50000  2.2748009E-01  3.58E-02   15.73   35.18*   0.34
C_W15_LI_M0_A00_S4_F0	fixed	W15_LI_M0_A00_S4_F0	A00	F0	S4	M0	LI	W15	SR_MINUS	148	3	49999	0.20265225	0.0104	0.051319440075301405	5.13	11.46	0.39	iteration	3      49999  2.0265225E-01  1.04E-02    5.13   11.46*   0.39
C_W15_LI_M0_A00_S4_F0	fixed	W15_LI_M0_A00_S4_F0	A00	F0	S4	M0	LI	W15	SR_MINUS	149	4	50000	0.2323961	0.0179	0.07702366778099977	7.69	17.2	0.19	iteration	4      50000  2.3239610E-01  1.79E-02    7.69   17.20    0.19
C_W15_LI_M0_A00_S4_F0	fixed	W15_LI_M0_A00_S4_F0	A00	F0	S4	M0	LI	W15	SR_MINUS	150	5	50001	0.20130971	0.00513	0.025483122498164642	2.55	5.7	0.8	iteration	5      50001  2.0130971E-01  5.13E-03    2.55    5.70*   0.80
C_W15_LI_M0_A00_S4_F0	fixed	W15_LI_M0_A00_S4_F0	A00	F0	S4	M0	LI	W15	SR_MINUS	152	5	250001	0.20440997	0.00442	0.021623211431418928	2.16	10.8	0.8	aggregate	5     250001  2.0440997E-01  4.42E-03    2.16   10.80    0.80    2.34   5
C_W15_LI_M0_A00_S4_F0	fixed	W15_LI_M0_A00_S4_F0	A00	F0	S4	M0	LI	W15	SR_MINUS	155	6	200002	0.21929411	0.00447	0.020383584401788085	2.04	9.11	0.15	iteration	6     200002  2.1929411E-01  4.47E-03    2.04    9.11    0.15
C_W15_LI_M0_A00_S4_F0	fixed	W15_LI_M0_A00_S4_F0	A00	F0	S4	M0	LI	W15	SR_MINUS	156	7	200002	0.26124351	0.0254	0.09722729571348968	9.71	43.43	0.03	iteration	7     200002  2.6124351E-01  2.54E-02    9.71   43.43    0.03
C_W15_LI_M0_A00_S4_F0	fixed	W15_LI_M0_A00_S4_F0	A00	F0	S4	M0	LI	W15	SR_MINUS	157	8	200002	0.23546087	0.0163	0.06922593974956433	6.94	31.05	0.11	iteration	8     200002  2.3546087E-01  1.63E-02    6.94   31.05*   0.11
C_W15_LI_M0_A00_S4_F0	fixed	W15_LI_M0_A00_S4_F0	A00	F0	S4	M0	LI	W15	SR_MINUS	159	8	600006	0.22156313	0.00425	0.01918189186079832	1.92	14.86	0.11	aggregate	8     600006  2.2156313E-01  4.25E-03    1.92   14.86    0.11    1.71   3
P_W15_LI_M0_A00_S5	adaptive	W15_LI_M0_A00_S5	A00		S5	M0	LI	W15	SR_MINUS	150	1	49988	0.21538314	0.0331	0.15367962413399675	15.36	34.34	3.22	iteration	1      49988  2.1538314E-01  3.31E-02   15.36   34.34*   3.22
P_W15_LI_M0_A00_S5	adaptive	W15_LI_M0_A00_S5	A00		S5	M0	LI	W15	SR_MINUS	151	2	50013	0.2345427	0.0329	0.1402729652212582	14.04	31.4	0.29	iteration	2      50013  2.3454270E-01  3.29E-02   14.04   31.40*   0.29
P_W15_LI_M0_A00_S5	adaptive	W15_LI_M0_A00_S5	A00		S5	M0	LI	W15	SR_MINUS	152	3	50008	0.24875909	0.0307	0.12341257559673499	12.32	27.55	0.41	iteration	3      50008  2.4875909E-01  3.07E-02   12.32   27.55*   0.41
P_W15_LI_M0_A00_S5	adaptive	W15_LI_M0_A00_S5	A00		S5	M0	LI	W15	SR_MINUS	153	4	50004	0.22465402	0.0106	0.047183664908377776	4.72	10.56	0.37	iteration	4      50004  2.2465402E-01  1.06E-02    4.72   10.56*   0.37
P_W15_LI_M0_A00_S5	adaptive	W15_LI_M0_A00_S5	A00		S5	M0	LI	W15	SR_MINUS	154	5	50003	0.27196405	0.0555	0.20407108954290099	20.41	45.65	0.46	iteration	5      50003  2.7196405E-01  5.55E-02   20.41   45.65    0.46
P_W15_LI_M0_A00_S5	adaptive	W15_LI_M0_A00_S5	A00		S5	M0	LI	W15	SR_MINUS	156	5	250016	0.2280935	0.00909	0.03985207820477129	3.98	19.92	0.46	aggregate	5     250016  2.2809350E-01  9.09E-03    3.98   19.92    0.46    0.34   5
C_W15_LI_M0_A00_S5_F0	fixed	W15_LI_M0_A00_S5_F0	A00	F0	S5	M0	LI	W15	SR_MINUS	146	1	49988	0.21538314	0.0331	0.15367962413399675	15.36	34.34	3.22	iteration	1      49988  2.1538314E-01  3.31E-02   15.36   34.34*   3.22
C_W15_LI_M0_A00_S5_F0	fixed	W15_LI_M0_A00_S5_F0	A00	F0	S5	M0	LI	W15	SR_MINUS	147	2	50013	0.2345427	0.0329	0.1402729652212582	14.04	31.4	0.29	iteration	2      50013  2.3454270E-01  3.29E-02   14.04   31.40*   0.29
C_W15_LI_M0_A00_S5_F0	fixed	W15_LI_M0_A00_S5_F0	A00	F0	S5	M0	LI	W15	SR_MINUS	148	3	50008	0.24875909	0.0307	0.12341257559673499	12.32	27.55	0.41	iteration	3      50008  2.4875909E-01  3.07E-02   12.32   27.55*   0.41
C_W15_LI_M0_A00_S5_F0	fixed	W15_LI_M0_A00_S5_F0	A00	F0	S5	M0	LI	W15	SR_MINUS	149	4	50004	0.22465402	0.0106	0.047183664908377776	4.72	10.56	0.37	iteration	4      50004  2.2465402E-01  1.06E-02    4.72   10.56*   0.37
C_W15_LI_M0_A00_S5_F0	fixed	W15_LI_M0_A00_S5_F0	A00	F0	S5	M0	LI	W15	SR_MINUS	150	5	50003	0.27196405	0.0555	0.20407108954290099	20.41	45.65	0.46	iteration	5      50003  2.7196405E-01  5.55E-02   20.41   45.65    0.46
C_W15_LI_M0_A00_S5_F0	fixed	W15_LI_M0_A00_S5_F0	A00	F0	S5	M0	LI	W15	SR_MINUS	152	5	250016	0.2280935	0.00909	0.03985207820477129	3.98	19.92	0.46	aggregate	5     250016  2.2809350E-01  9.09E-03    3.98   19.92    0.46    0.34   5
C_W15_LI_M0_A00_S5_F0	fixed	W15_LI_M0_A00_S5_F0	A00	F0	S5	M0	LI	W15	SR_MINUS	155	6	200000	0.22754924	0.00574	0.02522530947587432	2.52	11.28	0.22	iteration	6     200000  2.2754924E-01  5.74E-03    2.52   11.28*   0.22
C_W15_LI_M0_A00_S5_F0	fixed	W15_LI_M0_A00_S5_F0	A00	F0	S5	M0	LI	W15	SR_MINUS	156	7	200000	0.25459108	0.0265	0.10408848573956321	10.43	46.63	0.07	iteration	7     200000  2.5459108E-01  2.65E-02   10.43   46.63    0.07
C_W15_LI_M0_A00_S5_F0	fixed	W15_LI_M0_A00_S5_F0	A00	F0	S5	M0	LI	W15	SR_MINUS	157	8	200000	0.22806726	0.0056	0.02455416003156262	2.46	10.99	0.18	iteration	8     200000  2.2806726E-01  5.60E-03    2.46   10.99*   0.18
C_W15_LI_M0_A00_S5_F0	fixed	W15_LI_M0_A00_S5_F0	A00	F0	S5	M0	LI	W15	SR_MINUS	159	8	600000	0.22841153	0.00396	0.01733712829645684	1.74	13.44	0.18	aggregate	8     600000  2.2841153E-01  3.96E-03    1.74   13.44    0.18    0.50   3
P_W15_LI_M0_A00_S6	adaptive	W15_LI_M0_A00_S6	A00		S6	M0	LI	W15	SR_MINUS	150	1	50005	0.2606295	0.0422	0.1619156695615807	16.19	36.19	2.79	iteration	1      50005  2.6062950E-01  4.22E-02   16.19   36.19*   2.79
P_W15_LI_M0_A00_S6	adaptive	W15_LI_M0_A00_S6	A00		S6	M0	LI	W15	SR_MINUS	151	2	49992	0.20041168	0.0234	0.1167596619119205	11.69	26.14	0.47	iteration	2      49992  2.0041168E-01  2.34E-02   11.69   26.14*   0.47
P_W15_LI_M0_A00_S6	adaptive	W15_LI_M0_A00_S6	A00		S6	M0	LI	W15	SR_MINUS	152	3	50003	0.24744326	0.0377	0.1523581608163423	15.26	34.11	0.35	iteration	3      50003  2.4744326E-01  3.77E-02   15.26   34.11    0.35
P_W15_LI_M0_A00_S6	adaptive	W15_LI_M0_A00_S6	A00		S6	M0	LI	W15	SR_MINUS	153	4	50021	0.2257047	0.00814	0.03606482275291564	3.61	8.06	0.51	iteration	4      50021  2.2570470E-01  8.14E-03    3.61    8.06*   0.51
P_W15_LI_M0_A00_S6	adaptive	W15_LI_M0_A00_S6	A00		S6	M0	LI	W15	SR_MINUS	154	5	50016	0.23928174	0.0149	0.06226969095092672	6.21	13.9	0.31	iteration	5      50016  2.3928174E-01  1.49E-02    6.21   13.90    0.31
P_W15_LI_M0_A00_S6	adaptive	W15_LI_M0_A00_S6	A00		S6	M0	LI	W15	SR_MINUS	156	5	250037	0.22791568	0.00664	0.02913358133148189	2.91	14.56	0.31	aggregate	5     250037  2.2791568E-01  6.64E-03    2.91   14.56    0.31    0.73   5
C_W15_LI_M0_A00_S6_F0	fixed	W15_LI_M0_A00_S6_F0	A00	F0	S6	M0	LI	W15	SR_MINUS	146	1	50005	0.2606295	0.0422	0.1619156695615807	16.19	36.19	2.79	iteration	1      50005  2.6062950E-01  4.22E-02   16.19   36.19*   2.79
C_W15_LI_M0_A00_S6_F0	fixed	W15_LI_M0_A00_S6_F0	A00	F0	S6	M0	LI	W15	SR_MINUS	147	2	49992	0.20041168	0.0234	0.1167596619119205	11.69	26.14	0.47	iteration	2      49992  2.0041168E-01  2.34E-02   11.69   26.14*   0.47
C_W15_LI_M0_A00_S6_F0	fixed	W15_LI_M0_A00_S6_F0	A00	F0	S6	M0	LI	W15	SR_MINUS	148	3	50003	0.24744326	0.0377	0.1523581608163423	15.26	34.11	0.35	iteration	3      50003  2.4744326E-01  3.77E-02   15.26   34.11    0.35
C_W15_LI_M0_A00_S6_F0	fixed	W15_LI_M0_A00_S6_F0	A00	F0	S6	M0	LI	W15	SR_MINUS	149	4	50021	0.2257047	0.00814	0.03606482275291564	3.61	8.06	0.51	iteration	4      50021  2.2570470E-01  8.14E-03    3.61    8.06*   0.51
C_W15_LI_M0_A00_S6_F0	fixed	W15_LI_M0_A00_S6_F0	A00	F0	S6	M0	LI	W15	SR_MINUS	150	5	50016	0.23928174	0.0149	0.06226969095092672	6.21	13.9	0.31	iteration	5      50016  2.3928174E-01  1.49E-02    6.21   13.90    0.31
C_W15_LI_M0_A00_S6_F0	fixed	W15_LI_M0_A00_S6_F0	A00	F0	S6	M0	LI	W15	SR_MINUS	152	5	250037	0.22791568	0.00664	0.02913358133148189	2.91	14.56	0.31	aggregate	5     250037  2.2791568E-01  6.64E-03    2.91   14.56    0.31    0.73   5
C_W15_LI_M0_A00_S6_F0	fixed	W15_LI_M0_A00_S6_F0	A00	F0	S6	M0	LI	W15	SR_MINUS	155	6	200001	0.22649779	0.0036	0.015894194817530006	1.59	7.11	0.5	iteration	6     200001  2.2649779E-01  3.60E-03    1.59    7.11*   0.50
C_W15_LI_M0_A00_S6_F0	fixed	W15_LI_M0_A00_S6_F0	A00	F0	S6	M0	LI	W15	SR_MINUS	156	7	200001	0.24532142	0.00778	0.031713496522236005	3.17	14.18	0.29	iteration	7     200001  2.4532142E-01  7.78E-03    3.17   14.18    0.29
C_W15_LI_M0_A00_S6_F0	fixed	W15_LI_M0_A00_S6_F0	A00	F0	S6	M0	LI	W15	SR_MINUS	157	8	200001	0.24757349	0.00865	0.03493912050114897	3.49	15.63	0.24	iteration	8     200001  2.4757349E-01  8.65E-03    3.49   15.63    0.24
C_W15_LI_M0_A00_S6_F0	fixed	W15_LI_M0_A00_S6_F0	A00	F0	S6	M0	LI	W15	SR_MINUS	159	8	600003	0.23203339	0.00306	0.013187757158571014	1.32	10.2	0.24	aggregate	8     600003  2.3203339E-01  3.06E-03    1.32   10.20    0.24    4.25   3
P_W15_LI_M0_A00_S7	adaptive	W15_LI_M0_A00_S7	A00		S7	M0	LI	W15	SR_MINUS	150	1	50007	0.39949219	0.218	0.5456927706146145	54.45	121.77	2.17	iteration	1      50007  3.9949219E-01  2.18E-01   54.45  121.77*   2.17
P_W15_LI_M0_A00_S7	adaptive	W15_LI_M0_A00_S7	A00		S7	M0	LI	W15	SR_MINUS	151	2	50014	0.61985186	0.306	0.49366634150295197	49.39	110.45	0.54	iteration	2      50014  6.1985186E-01  3.06E-01   49.39  110.45*   0.54
P_W15_LI_M0_A00_S7	adaptive	W15_LI_M0_A00_S7	A00		S7	M0	LI	W15	SR_MINUS	152	3	49996	0.21300996	0.0237	0.11126240294115824	11.11	24.84	0.21	iteration	3      49996  2.1300996E-01  2.37E-02   11.11   24.84*   0.21
P_W15_LI_M0_A00_S7	adaptive	W15_LI_M0_A00_S7	A00		S7	M0	LI	W15	SR_MINUS	153	4	50002	0.23261679	0.0141	0.06061471315118741	6.06	13.54	0.22	iteration	4      50002  2.3261679E-01  1.41E-02    6.06   13.54*   0.22
P_W15_LI_M0_A00_S7	adaptive	W15_LI_M0_A00_S7	A00		S7	M0	LI	W15	SR_MINUS	154	5	50006	0.22742823	0.0151	0.06639457203707737	6.66	14.89	0.17	iteration	5      50006  2.2742823E-01  1.51E-02    6.66   14.89    0.17
P_W15_LI_M0_A00_S7	adaptive	W15_LI_M0_A00_S7	A00		S7	M0	LI	W15	SR_MINUS	156	5	250025	0.22816215	0.00944	0.041374084176538484	4.14	20.69	0.17	aggregate	5     250025  2.2816215E-01  9.44E-03    4.14   20.69    0.17    0.69   5
C_W15_LI_M0_A00_S7_F0	fixed	W15_LI_M0_A00_S7_F0	A00	F0	S7	M0	LI	W15	SR_MINUS	146	1	50007	0.39949219	0.218	0.5456927706146145	54.45	121.77	2.17	iteration	1      50007  3.9949219E-01  2.18E-01   54.45  121.77*   2.17
C_W15_LI_M0_A00_S7_F0	fixed	W15_LI_M0_A00_S7_F0	A00	F0	S7	M0	LI	W15	SR_MINUS	147	2	50014	0.61985186	0.306	0.49366634150295197	49.39	110.45	0.54	iteration	2      50014  6.1985186E-01  3.06E-01   49.39  110.45*   0.54
C_W15_LI_M0_A00_S7_F0	fixed	W15_LI_M0_A00_S7_F0	A00	F0	S7	M0	LI	W15	SR_MINUS	148	3	49996	0.21300996	0.0237	0.11126240294115824	11.11	24.84	0.21	iteration	3      49996  2.1300996E-01  2.37E-02   11.11   24.84*   0.21
C_W15_LI_M0_A00_S7_F0	fixed	W15_LI_M0_A00_S7_F0	A00	F0	S7	M0	LI	W15	SR_MINUS	149	4	50002	0.23261679	0.0141	0.06061471315118741	6.06	13.54	0.22	iteration	4      50002  2.3261679E-01  1.41E-02    6.06   13.54*   0.22
C_W15_LI_M0_A00_S7_F0	fixed	W15_LI_M0_A00_S7_F0	A00	F0	S7	M0	LI	W15	SR_MINUS	150	5	50006	0.22742823	0.0151	0.06639457203707737	6.66	14.89	0.17	iteration	5      50006  2.2742823E-01  1.51E-02    6.66   14.89    0.17
C_W15_LI_M0_A00_S7_F0	fixed	W15_LI_M0_A00_S7_F0	A00	F0	S7	M0	LI	W15	SR_MINUS	152	5	250025	0.22816215	0.00944	0.041374084176538484	4.14	20.69	0.17	aggregate	5     250025  2.2816215E-01  9.44E-03    4.14   20.69    0.17    0.69   5
C_W15_LI_M0_A00_S7_F0	fixed	W15_LI_M0_A00_S7_F0	A00	F0	S7	M0	LI	W15	SR_MINUS	155	6	200001	0.22924198	0.00652	0.02844156205595502	2.84	12.71	0.17	iteration	6     200001  2.2924198E-01  6.52E-03    2.84   12.71*   0.17
C_W15_LI_M0_A00_S7_F0	fixed	W15_LI_M0_A00_S7_F0	A00	F0	S7	M0	LI	W15	SR_MINUS	156	7	200001	0.22420145	0.00857	0.038224552071362605	3.82	17.09	0.18	iteration	7     200001  2.2420145E-01  8.57E-03    3.82   17.09    0.18
C_W15_LI_M0_A00_S7_F0	fixed	W15_LI_M0_A00_S7_F0	A00	F0	S7	M0	LI	W15	SR_MINUS	157	8	200001	0.22989054	0.0112	0.04871883810443005	4.88	21.83	0.09	iteration	8     200001  2.2989054E-01  1.12E-02    4.88   21.83    0.09
C_W15_LI_M0_A00_S7_F0	fixed	W15_LI_M0_A00_S7_F0	A00	F0	S7	M0	LI	W15	SR_MINUS	159	8	600003	0.2278344	0.00471	0.020672909797642497	2.07	16.01	0.09	aggregate	8     600003  2.2783440E-01  4.71E-03    2.07   16.01    0.09    0.13   3
P_W15_LI_M1_A07_S0	adaptive	W15_LI_M1_A07_S0	A07		S0	M1	LI	W15	SR_MINUS	150	1	100005	0.32829895	0.0654	0.19920867855349522	19.92	63.0	1.37	iteration	1     100005  3.2829895E-01  6.54E-02   19.92   63.00*   1.37
P_W15_LI_M1_A07_S0	adaptive	W15_LI_M1_A07_S0	A07		S0	M1	LI	W15	SR_MINUS	151	2	100001	0.24577801	0.022	0.089511669493947	8.97	28.37	0.21	iteration	2     100001  2.4577801E-01  2.20E-02    8.97   28.37*   0.21
P_W15_LI_M1_A07_S0	adaptive	W15_LI_M1_A07_S0	A07		S0	M1	LI	W15	SR_MINUS	152	3	99986	0.20596682	0.0068	0.03301502640085427	3.3	10.43	0.34	iteration	3      99986  2.0596682E-01  6.80E-03    3.30   10.43*   0.34
P_W15_LI_M1_A07_S0	adaptive	W15_LI_M1_A07_S0	A07		S0	M1	LI	W15	SR_MINUS	153	4	100005	0.26109845	0.0262	0.10034529121103554	10.02	31.7	0.18	iteration	4     100005  2.6109845E-01  2.62E-02   10.02   31.70    0.18
P_W15_LI_M1_A07_S0	adaptive	W15_LI_M1_A07_S0	A07		S0	M1	LI	W15	SR_MINUS	154	5	100004	0.22921698	0.00746	0.032545581919803675	3.25	10.29	0.22	iteration	5     100004  2.2921698E-01  7.46E-03    3.25   10.29*   0.22
P_W15_LI_M1_A07_S0	adaptive	W15_LI_M1_A07_S0	A07		S0	M1	LI	W15	SR_MINUS	155	6	99999	652.77413	600.0	0.9191540724813957	91.87	290.5	0.01	iteration	6      99999  6.5277413E+02  6.00E+02   91.87  290.50    0.01
P_W15_LI_M1_A07_S0	adaptive	W15_LI_M1_A07_S0	A07		S0	M1	LI	W15	SR_MINUS	156	7	100000	11.417483	9.76	0.8548293875278815	85.44	270.2	0.0	iteration	7     100000  1.1417483E+01  9.76E+00   85.44  270.20*   0.00
P_W15_LI_M1_A07_S0	adaptive	W15_LI_M1_A07_S0	A07		S0	M1	LI	W15	SR_MINUS	157	8	99999	31.230777	19.1	0.6115762025389251	61.31	193.89	0.0	iteration	8      99999  3.1230777E+01  1.91E+01   61.31  193.89*   0.00
P_W15_LI_M1_A07_S0	adaptive	W15_LI_M1_A07_S0	A07		S0	M1	LI	W15	SR_MINUS	158	9	100000	43.784764	17.7	0.40425020904531994	40.45	127.91	0.0	iteration	9     100000  4.3784764E+01  1.77E+01   40.45  127.91*   0.00
P_W15_LI_M1_A07_S0	adaptive	W15_LI_M1_A07_S0	A07		S0	M1	LI	W15	SR_MINUS	159	10	100001	327.23773	101.0	0.3086441163126269	30.88	97.66	0.01	iteration	10     100001  3.2723773E+02  1.01E+02   30.88   97.66*   0.01
P_W15_LI_M1_A07_S0	adaptive	W15_LI_M1_A07_S0	A07		S0	M1	LI	W15	SR_MINUS	161	10	1000000	0.22001599	0.0048	0.021816596148307218	2.18	21.82	0.01	aggregate	10    1000000  2.2001599E-01  4.80E-03    2.18   21.82    0.01    3.78  10
C_W15_LI_M1_A07_S0_F0	fixed	W15_LI_M1_A07_S0_F0	A07	F0	S0	M1	LI	W15	SR_MINUS	146	1	100005	0.32829895	0.0654	0.19920867855349522	19.92	63.0	1.37	iteration	1     100005  3.2829895E-01  6.54E-02   19.92   63.00*   1.37
C_W15_LI_M1_A07_S0_F0	fixed	W15_LI_M1_A07_S0_F0	A07	F0	S0	M1	LI	W15	SR_MINUS	147	2	100001	0.24577801	0.022	0.089511669493947	8.97	28.37	0.21	iteration	2     100001  2.4577801E-01  2.20E-02    8.97   28.37*   0.21
C_W15_LI_M1_A07_S0_F0	fixed	W15_LI_M1_A07_S0_F0	A07	F0	S0	M1	LI	W15	SR_MINUS	148	3	99986	0.20596682	0.0068	0.03301502640085427	3.3	10.43	0.34	iteration	3      99986  2.0596682E-01  6.80E-03    3.30   10.43*   0.34
C_W15_LI_M1_A07_S0_F0	fixed	W15_LI_M1_A07_S0_F0	A07	F0	S0	M1	LI	W15	SR_MINUS	149	4	100005	0.26109845	0.0262	0.10034529121103554	10.02	31.7	0.18	iteration	4     100005  2.6109845E-01  2.62E-02   10.02   31.70    0.18
C_W15_LI_M1_A07_S0_F0	fixed	W15_LI_M1_A07_S0_F0	A07	F0	S0	M1	LI	W15	SR_MINUS	150	5	100004	0.22921698	0.00746	0.032545581919803675	3.25	10.29	0.22	iteration	5     100004  2.2921698E-01  7.46E-03    3.25   10.29*   0.22
C_W15_LI_M1_A07_S0_F0	fixed	W15_LI_M1_A07_S0_F0	A07	F0	S0	M1	LI	W15	SR_MINUS	151	6	99999	652.77413	600.0	0.9191540724813957	91.87	290.5	0.01	iteration	6      99999  6.5277413E+02  6.00E+02   91.87  290.50    0.01
C_W15_LI_M1_A07_S0_F0	fixed	W15_LI_M1_A07_S0_F0	A07	F0	S0	M1	LI	W15	SR_MINUS	152	7	100000	11.417483	9.76	0.8548293875278815	85.44	270.2	0.0	iteration	7     100000  1.1417483E+01  9.76E+00   85.44  270.20*   0.00
C_W15_LI_M1_A07_S0_F0	fixed	W15_LI_M1_A07_S0_F0	A07	F0	S0	M1	LI	W15	SR_MINUS	153	8	99999	31.230777	19.1	0.6115762025389251	61.31	193.89	0.0	iteration	8      99999  3.1230777E+01  1.91E+01   61.31  193.89*   0.00
C_W15_LI_M1_A07_S0_F0	fixed	W15_LI_M1_A07_S0_F0	A07	F0	S0	M1	LI	W15	SR_MINUS	154	9	100000	43.784764	17.7	0.40425020904531994	40.45	127.91	0.0	iteration	9     100000  4.3784764E+01  1.77E+01   40.45  127.91*   0.00
C_W15_LI_M1_A07_S0_F0	fixed	W15_LI_M1_A07_S0_F0	A07	F0	S0	M1	LI	W15	SR_MINUS	155	10	100001	327.23773	101.0	0.3086441163126269	30.88	97.66	0.01	iteration	10     100001  3.2723773E+02  1.01E+02   30.88   97.66*   0.01
C_W15_LI_M1_A07_S0_F0	fixed	W15_LI_M1_A07_S0_F0	A07	F0	S0	M1	LI	W15	SR_MINUS	157	10	1000000	0.22001599	0.0048	0.021816596148307218	2.18	21.82	0.01	aggregate	10    1000000  2.2001599E-01  4.80E-03    2.18   21.82    0.01    3.78  10
C_W15_LI_M1_A07_S0_F0	fixed	W15_LI_M1_A07_S0_F0	A07	F0	S0	M1	LI	W15	SR_MINUS	160	11	148909	496.17227	81.9	0.16506363807876648	16.5	63.68	0.01	iteration	11     148909  4.9617227E+02  8.19E+01   16.50   63.68*   0.01
C_W15_LI_M1_A07_S0_F0	fixed	W15_LI_M1_A07_S0_F0	A07	F0	S0	M1	LI	W15	SR_MINUS	161	12	148909	1076.4479	435.0	0.4041068778154521	40.42	155.99	0.0	iteration	12     148909  1.0764479E+03  4.35E+02   40.42  155.99    0.00
C_W15_LI_M1_A07_S0_F0	fixed	W15_LI_M1_A07_S0_F0	A07	F0	S0	M1	LI	W15	SR_MINUS	162	13	148909	394.6273	52.3	0.13253011132275946	13.26	51.16	0.01	iteration	13     148909  3.9462730E+02  5.23E+01   13.26   51.16*   0.01
C_W15_LI_M1_A07_S0_F0	fixed	W15_LI_M1_A07_S0_F0	A07	F0	S0	M1	LI	W15	SR_MINUS	164	13	446727	430.69639	43.9	0.10192794975597542	10.18	68.07	0.01	aggregate	13     446727  4.3069639E+02  4.39E+01   10.18   68.07    0.01    1.66   3
P_W15_LI_M1_A07_S1	adaptive	W15_LI_M1_A07_S1	A07		S1	M1	LI	W15	SR_MINUS	150	1	100005	0.23433293	0.0297	0.12674275015466244	12.69	40.12	1.92	iteration	1     100005  2.3433293E-01  2.97E-02   12.69   40.12*   1.92
P_W15_LI_M1_A07_S1	adaptive	W15_LI_M1_A07_S1	A07		S1	M1	LI	W15	SR_MINUS	151	2	100005	0.23270045	0.0164	0.07047687273488298	7.07	22.35	0.43	iteration	2     100005  2.3270045E-01  1.64E-02    7.07   22.35*   0.43
P_W15_LI_M1_A07_S1	adaptive	W15_LI_M1_A07_S1	A07		S1	M1	LI	W15	SR_MINUS	152	3	100016	0.23233054	0.00833	0.035854089608710074	3.59	11.34	0.43	iteration	3     100016  2.3233054E-01  8.33E-03    3.59   11.34*   0.43
P_W15_LI_M1_A07_S1	adaptive	W15_LI_M1_A07_S1	A07		S1	M1	LI	W15	SR_MINUS	153	4	100000	0.28395479	0.0451	0.15882810076914003	15.89	50.24	0.07	iteration	4     100000  2.8395479E-01  4.51E-02   15.89   50.24    0.07
P_W15_LI_M1_A07_S1	adaptive	W15_LI_M1_A07_S1	A07		S1	M1	LI	W15	SR_MINUS	154	5	99992	0.27024171	0.0394	0.14579540663800564	14.57	46.07	0.11	iteration	5      99992  2.7024171E-01  3.94E-02   14.57   46.07*   0.11
P_W15_LI_M1_A07_S1	adaptive	W15_LI_M1_A07_S1	A07		S1	M1	LI	W15	SR_MINUS	155	6	100007	0.3275523	0.0836	0.25522641727748513	25.54	80.75	0.03	iteration	6     100007  3.2755230E-01  8.36E-02   25.54   80.75    0.03
P_W15_LI_M1_A07_S1	adaptive	W15_LI_M1_A07_S1	A07		S1	M1	LI	W15	SR_MINUS	156	7	99998	0.51123272	0.0934	0.18269566157659078	18.28	57.8	0.02	iteration	7      99998  5.1123272E-01  9.34E-02   18.28   57.80*   0.02
P_W15_LI_M1_A07_S1	adaptive	W15_LI_M1_A07_S1	A07		S1	M1	LI	W15	SR_MINUS	157	8	100001	4.5861927	1.26	0.2747376925526919	27.57	87.18	0.01	iteration	8     100001  4.5861927E+00  1.26E+00   27.57   87.18    0.01
P_W15_LI_M1_A07_S1	adaptive	W15_LI_M1_A07_S1	A07		S1	M1	LI	W15	SR_MINUS	158	9	99998	83.894662	54.9	0.6543920517851303	65.45	206.96	0.0	iteration	9      99998  8.3894662E+01  5.49E+01   65.45  206.96    0.00
P_W15_LI_M1_A07_S1	adaptive	W15_LI_M1_A07_S1	A07		S1	M1	LI	W15	SR_MINUS	159	10	100000	13137.713	12500.0	0.9514593597835483	95.44	301.82	0.0	iteration	10     100000  1.3137713E+04  1.25E+04   95.44  301.82    0.00
P_W15_LI_M1_A07_S1	adaptive	W15_LI_M1_A07_S1	A07		S1	M1	LI	W15	SR_MINUS	161	10	1000022	0.23726262	0.00696	0.029334582919129864	2.93	29.34	0.0	aggregate	10    1000022  2.3726262E-01  6.96E-03    2.93   29.34    0.00    3.02  10
C_W15_LI_M1_A07_S1_F0	fixed	W15_LI_M1_A07_S1_F0	A07	F0	S1	M1	LI	W15	SR_MINUS	146	1	100005	0.23433293	0.0297	0.12674275015466244	12.69	40.12	1.92	iteration	1     100005  2.3433293E-01  2.97E-02   12.69   40.12*   1.92
C_W15_LI_M1_A07_S1_F0	fixed	W15_LI_M1_A07_S1_F0	A07	F0	S1	M1	LI	W15	SR_MINUS	147	2	100005	0.23270045	0.0164	0.07047687273488298	7.07	22.35	0.43	iteration	2     100005  2.3270045E-01  1.64E-02    7.07   22.35*   0.43
C_W15_LI_M1_A07_S1_F0	fixed	W15_LI_M1_A07_S1_F0	A07	F0	S1	M1	LI	W15	SR_MINUS	148	3	100016	0.23233054	0.00833	0.035854089608710074	3.59	11.34	0.43	iteration	3     100016  2.3233054E-01  8.33E-03    3.59   11.34*   0.43
C_W15_LI_M1_A07_S1_F0	fixed	W15_LI_M1_A07_S1_F0	A07	F0	S1	M1	LI	W15	SR_MINUS	149	4	100000	0.28395479	0.0451	0.15882810076914003	15.89	50.24	0.07	iteration	4     100000  2.8395479E-01  4.51E-02   15.89   50.24    0.07
C_W15_LI_M1_A07_S1_F0	fixed	W15_LI_M1_A07_S1_F0	A07	F0	S1	M1	LI	W15	SR_MINUS	150	5	99992	0.27024171	0.0394	0.14579540663800564	14.57	46.07	0.11	iteration	5      99992  2.7024171E-01  3.94E-02   14.57   46.07*   0.11
C_W15_LI_M1_A07_S1_F0	fixed	W15_LI_M1_A07_S1_F0	A07	F0	S1	M1	LI	W15	SR_MINUS	151	6	100007	0.3275523	0.0836	0.25522641727748513	25.54	80.75	0.03	iteration	6     100007  3.2755230E-01  8.36E-02   25.54   80.75    0.03
C_W15_LI_M1_A07_S1_F0	fixed	W15_LI_M1_A07_S1_F0	A07	F0	S1	M1	LI	W15	SR_MINUS	152	7	99998	0.51123272	0.0934	0.18269566157659078	18.28	57.8	0.02	iteration	7      99998  5.1123272E-01  9.34E-02   18.28   57.80*   0.02
C_W15_LI_M1_A07_S1_F0	fixed	W15_LI_M1_A07_S1_F0	A07	F0	S1	M1	LI	W15	SR_MINUS	153	8	100001	4.5861927	1.26	0.2747376925526919	27.57	87.18	0.01	iteration	8     100001  4.5861927E+00  1.26E+00   27.57   87.18    0.01
C_W15_LI_M1_A07_S1_F0	fixed	W15_LI_M1_A07_S1_F0	A07	F0	S1	M1	LI	W15	SR_MINUS	154	9	99998	83.894662	54.9	0.6543920517851303	65.45	206.96	0.0	iteration	9      99998  8.3894662E+01  5.49E+01   65.45  206.96    0.00
C_W15_LI_M1_A07_S1_F0	fixed	W15_LI_M1_A07_S1_F0	A07	F0	S1	M1	LI	W15	SR_MINUS	155	10	100000	13137.713	12500.0	0.9514593597835483	95.44	301.82	0.0	iteration	10     100000  1.3137713E+04  1.25E+04   95.44  301.82    0.00
C_W15_LI_M1_A07_S1_F0	fixed	W15_LI_M1_A07_S1_F0	A07	F0	S1	M1	LI	W15	SR_MINUS	157	10	1000022	0.23726262	0.00696	0.029334582919129864	2.93	29.34	0.0	aggregate	10    1000022  2.3726262E-01  6.96E-03    2.93   29.34    0.00    3.02  10
C_W15_LI_M1_A07_S1_F0	fixed	W15_LI_M1_A07_S1_F0	A07	F0	S1	M1	LI	W15	SR_MINUS	160	11	148985	76.647622	12.9	0.16830267741378852	16.87	65.13	0.01	iteration	11     148985  7.6647622E+01  1.29E+01   16.87   65.13*   0.01
C_W15_LI_M1_A07_S1_F0	fixed	W15_LI_M1_A07_S1_F0	A07	F0	S1	M1	LI	W15	SR_MINUS	161	12	148985	934.27908	685.0	0.7331856344252083	73.3	282.93	0.0	iteration	12     148985  9.3427908E+02  6.85E+02   73.30  282.93    0.00
C_W15_LI_M1_A07_S1_F0	fixed	W15_LI_M1_A07_S1_F0	A07	F0	S1	M1	LI	W15	SR_MINUS	162	13	148985	81.444899	15.2	0.18662924488370963	18.7	72.18	0.01	iteration	13     148985  8.1444899E+01  1.52E+01   18.70   72.18*   0.01
C_W15_LI_M1_A07_S1_F0	fixed	W15_LI_M1_A07_S1_F0	A07	F0	S1	M1	LI	W15	SR_MINUS	164	13	446955	78.835003	9.86	0.12507134679756401	12.5	83.6	0.01	aggregate	13     446955  7.8835003E+01  9.86E+00   12.50   83.60    0.01    0.81   3
P_W15_LI_M1_A07_S2	adaptive	W15_LI_M1_A07_S2	A07		S2	M1	LI	W15	SR_MINUS	150	1	100014	0.26580152	0.048	0.18058587475346266	18.07	57.13	1.39	iteration	1     100014  2.6580152E-01  4.80E-02   18.07   57.13*   1.39
P_W15_LI_M1_A07_S2	adaptive	W15_LI_M1_A07_S2	A07		S2	M1	LI	W15	SR_MINUS	151	2	100005	0.26431326	0.0234	0.08853131318496847	8.84	27.96	0.48	iteration	2     100005  2.6431326E-01  2.34E-02    8.84   27.96*   0.48
P_W15_LI_M1_A07_S2	adaptive	W15_LI_M1_A07_S2	A07		S2	M1	LI	W15	SR_MINUS	152	3	100003	0.33327206	0.1	0.30005515613880146	30.03	94.98	0.15	iteration	3     100003  3.3327206E-01  1.00E-01   30.03   94.98    0.15
P_W15_LI_M1_A07_S2	adaptive	W15_LI_M1_A07_S2	A07		S2	M1	LI	W15	SR_MINUS	153	4	100004	12.996267	12.7	0.9772036847196198	97.9	309.58	0.01	iteration	4     100004  1.2996267E+01  1.27E+01   97.90  309.58    0.01
P_W15_LI_M1_A07_S2	adaptive	W15_LI_M1_A07_S2	A07		S2	M1	LI	W15	SR_MINUS	154	5	99998	0.2605848	0.0296	0.11359066223356082	11.36	35.92	0.48	iteration	5      99998  2.6058480E-01  2.96E-02   11.36   35.92*   0.48
P_W15_LI_M1_A07_S2	adaptive	W15_LI_M1_A07_S2	A07		S2	M1	LI	W15	SR_MINUS	155	6	100004	0.27399303	0.0315	0.11496642816059954	11.5	36.37	0.17	iteration	6     100004  2.7399303E-01  3.15E-02   11.50   36.37    0.17
P_W15_LI_M1_A07_S2	adaptive	W15_LI_M1_A07_S2	A07		S2	M1	LI	W15	SR_MINUS	156	7	100002	0.28073728	0.0345	0.1228906969533936	12.29	38.85	0.05	iteration	7     100002  2.8073728E-01  3.45E-02   12.29   38.85    0.05
P_W15_LI_M1_A07_S2	adaptive	W15_LI_M1_A07_S2	A07		S2	M1	LI	W15	SR_MINUS	157	8	99999	0.40558944	0.0653	0.1610002469492302	16.09	50.88	0.02	iteration	8      99999  4.0558944E-01  6.53E-02   16.09   50.88    0.02
P_W15_LI_M1_A07_S2	adaptive	W15_LI_M1_A07_S2	A07		S2	M1	LI	W15	SR_MINUS	158	9	99999	5.3041814	1.64	0.3091900288327243	30.86	97.59	0.01	iteration	9      99999  5.3041814E+00  1.64E+00   30.86   97.59    0.01
P_W15_LI_M1_A07_S2	adaptive	W15_LI_M1_A07_S2	A07		S2	M1	LI	W15	SR_MINUS	159	10	99999	1239.1969	1040.0	0.8392532292487175	84.27	266.5	0.0	iteration	10      99999  1.2391969E+03  1.04E+03   84.27  266.50    0.00
P_W15_LI_M1_A07_S2	adaptive	W15_LI_M1_A07_S2	A07		S2	M1	LI	W15	SR_MINUS	161	10	1000027	0.27540042	0.0134	0.04865642543319288	4.86	48.57	0.0	aggregate	10    1000027  2.7540042E-01  1.34E-02    4.86   48.57    0.00    1.86  10
C_W15_LI_M1_A07_S2_F0	fixed	W15_LI_M1_A07_S2_F0	A07	F0	S2	M1	LI	W15	SR_MINUS	146	1	100014	0.26580152	0.048	0.18058587475346266	18.07	57.13	1.39	iteration	1     100014  2.6580152E-01  4.80E-02   18.07   57.13*   1.39
C_W15_LI_M1_A07_S2_F0	fixed	W15_LI_M1_A07_S2_F0	A07	F0	S2	M1	LI	W15	SR_MINUS	147	2	100005	0.26431326	0.0234	0.08853131318496847	8.84	27.96	0.48	iteration	2     100005  2.6431326E-01  2.34E-02    8.84   27.96*   0.48
C_W15_LI_M1_A07_S2_F0	fixed	W15_LI_M1_A07_S2_F0	A07	F0	S2	M1	LI	W15	SR_MINUS	148	3	100003	0.33327206	0.1	0.30005515613880146	30.03	94.98	0.15	iteration	3     100003  3.3327206E-01  1.00E-01   30.03   94.98    0.15
C_W15_LI_M1_A07_S2_F0	fixed	W15_LI_M1_A07_S2_F0	A07	F0	S2	M1	LI	W15	SR_MINUS	149	4	100004	12.996267	12.7	0.9772036847196198	97.9	309.58	0.01	iteration	4     100004  1.2996267E+01  1.27E+01   97.90  309.58    0.01
C_W15_LI_M1_A07_S2_F0	fixed	W15_LI_M1_A07_S2_F0	A07	F0	S2	M1	LI	W15	SR_MINUS	150	5	99998	0.2605848	0.0296	0.11359066223356082	11.36	35.92	0.48	iteration	5      99998  2.6058480E-01  2.96E-02   11.36   35.92*   0.48
C_W15_LI_M1_A07_S2_F0	fixed	W15_LI_M1_A07_S2_F0	A07	F0	S2	M1	LI	W15	SR_MINUS	151	6	100004	0.27399303	0.0315	0.11496642816059954	11.5	36.37	0.17	iteration	6     100004  2.7399303E-01  3.15E-02   11.50   36.37    0.17
C_W15_LI_M1_A07_S2_F0	fixed	W15_LI_M1_A07_S2_F0	A07	F0	S2	M1	LI	W15	SR_MINUS	152	7	100002	0.28073728	0.0345	0.1228906969533936	12.29	38.85	0.05	iteration	7     100002  2.8073728E-01  3.45E-02   12.29   38.85    0.05
C_W15_LI_M1_A07_S2_F0	fixed	W15_LI_M1_A07_S2_F0	A07	F0	S2	M1	LI	W15	SR_MINUS	153	8	99999	0.40558944	0.0653	0.1610002469492302	16.09	50.88	0.02	iteration	8      99999  4.0558944E-01  6.53E-02   16.09   50.88    0.02
C_W15_LI_M1_A07_S2_F0	fixed	W15_LI_M1_A07_S2_F0	A07	F0	S2	M1	LI	W15	SR_MINUS	154	9	99999	5.3041814	1.64	0.3091900288327243	30.86	97.59	0.01	iteration	9      99999  5.3041814E+00  1.64E+00   30.86   97.59    0.01
C_W15_LI_M1_A07_S2_F0	fixed	W15_LI_M1_A07_S2_F0	A07	F0	S2	M1	LI	W15	SR_MINUS	155	10	99999	1239.1969	1040.0	0.8392532292487175	84.27	266.5	0.0	iteration	10      99999  1.2391969E+03  1.04E+03   84.27  266.50    0.00
C_W15_LI_M1_A07_S2_F0	fixed	W15_LI_M1_A07_S2_F0	A07	F0	S2	M1	LI	W15	SR_MINUS	157	10	1000027	0.27540042	0.0134	0.04865642543319288	4.86	48.57	0.0	aggregate	10    1000027  2.7540042E-01  1.34E-02    4.86   48.57    0.00    1.86  10
C_W15_LI_M1_A07_S2_F0	fixed	W15_LI_M1_A07_S2_F0	A07	F0	S2	M1	LI	W15	SR_MINUS	160	11	148861	1333.5516	823.0	0.6171489727131668	61.71	238.08	0.0	iteration	11     148861  1.3335516E+03  8.23E+02   61.71  238.08*   0.00
C_W15_LI_M1_A07_S2_F0	fixed	W15_LI_M1_A07_S2_F0	A07	F0	S2	M1	LI	W15	SR_MINUS	161	12	148861	674.29191	335.0	0.49681746886152023	49.71	191.8	0.0	iteration	12     148861  6.7429191E+02  3.35E+02   49.71  191.80*   0.00
C_W15_LI_M1_A07_S2_F0	fixed	W15_LI_M1_A07_S2_F0	A07	F0	S2	M1	LI	W15	SR_MINUS	162	13	148861	154.12883	52.3	0.33932652314300965	33.92	130.89	0.0	iteration	13     148861  1.5412883E+02  5.23E+01   33.92  130.89*   0.00
C_W15_LI_M1_A07_S2_F0	fixed	W15_LI_M1_A07_S2_F0	A07	F0	S2	M1	LI	W15	SR_MINUS	164	13	446583	171.06704	51.6	0.30163613049012833	30.14	201.42	0.0	aggregate	13     446583  1.7106704E+02  5.16E+01   30.14  201.42    0.00    2.18   3
P_W15_LI_M1_A07_S3	adaptive	W15_LI_M1_A07_S3	A07		S3	M1	LI	W15	SR_MINUS	150	1	100013	0.23056103	0.0278	0.12057545023979116	12.05	38.11	1.73	iteration	1     100013  2.3056103E-01  2.78E-02   12.05   38.11*   1.73
P_W15_LI_M1_A07_S3	adaptive	W15_LI_M1_A07_S3	A07		S3	M1	LI	W15	SR_MINUS	151	2	99995	0.26499975	0.0362	0.13660390245651177	13.67	43.23	0.31	iteration	2      99995  2.6499975E-01  3.62E-02   13.67   43.23    0.31
P_W15_LI_M1_A07_S3	adaptive	W15_LI_M1_A07_S3	A07		S3	M1	LI	W15	SR_MINUS	152	3	99997	0.26973442	0.0332	0.12308403206383525	12.32	38.94	0.24	iteration	3      99997  2.6973442E-01  3.32E-02   12.32   38.94*   0.24
P_W15_LI_M1_A07_S3	adaptive	W15_LI_M1_A07_S3	A07		S3	M1	LI	W15	SR_MINUS	153	4	99994	0.22871228	0.00595	0.026015218771812343	2.6	8.23	0.52	iteration	4      99994  2.2871228E-01  5.95E-03    2.60    8.23*   0.52
P_W15_LI_M1_A07_S3	adaptive	W15_LI_M1_A07_S3	A07		S3	M1	LI	W15	SR_MINUS	154	5	100005	0.46393171	0.142	0.3060795305412514	30.69	97.04	0.09	iteration	5     100005  4.6393171E-01  1.42E-01   30.69   97.04    0.09
P_W15_LI_M1_A07_S3	adaptive	W15_LI_M1_A07_S3	A07		S3	M1	LI	W15	SR_MINUS	155	6	100000	0.83724166	0.563	0.6724462325489153	67.3	212.81	0.01	iteration	6     100000  8.3724166E-01  5.63E-01   67.30  212.81    0.01
P_W15_LI_M1_A07_S3	adaptive	W15_LI_M1_A07_S3	A07		S3	M1	LI	W15	SR_MINUS	156	7	100003	0.37820563	0.0669	0.17688790090195114	17.69	55.94	0.04	iteration	7     100003  3.7820563E-01  6.69E-02   17.69   55.94*   0.04
P_W15_LI_M1_A07_S3	adaptive	W15_LI_M1_A07_S3	A07		S3	M1	LI	W15	SR_MINUS	157	8	100005	0.64720372	0.179	0.27657443007280613	27.6	87.28	0.02	iteration	8     100005  6.4720372E-01  1.79E-01   27.60   87.28    0.02
P_W15_LI_M1_A07_S3	adaptive	W15_LI_M1_A07_S3	A07		S3	M1	LI	W15	SR_MINUS	158	9	100001	97.159219	90.7	0.933519237119434	93.34	295.18	0.0	iteration	9     100001  9.7159219E+01  9.07E+01   93.34  295.18    0.00
P_W15_LI_M1_A07_S3	adaptive	W15_LI_M1_A07_S3	A07		S3	M1	LI	W15	SR_MINUS	159	10	99995	19.112305	5.72	0.2992836290546849	29.9	94.56	0.0	iteration	10      99995  1.9112305E+01  5.72E+00   29.90   94.56*   0.00
P_W15_LI_M1_A07_S3	adaptive	W15_LI_M1_A07_S3	A07		S3	M1	LI	W15	SR_MINUS	161	10	1000008	0.23276896	0.00563	0.024187073740416246	2.42	24.2	0.0	aggregate	10    1000008  2.3276896E-01  5.63E-03    2.42   24.20    0.00    3.16  10
C_W15_LI_M1_A07_S3_F0	fixed	W15_LI_M1_A07_S3_F0	A07	F0	S3	M1	LI	W15	SR_MINUS	146	1	100013	0.23056103	0.0278	0.12057545023979116	12.05	38.11	1.73	iteration	1     100013  2.3056103E-01  2.78E-02   12.05   38.11*   1.73
C_W15_LI_M1_A07_S3_F0	fixed	W15_LI_M1_A07_S3_F0	A07	F0	S3	M1	LI	W15	SR_MINUS	147	2	99995	0.26499975	0.0362	0.13660390245651177	13.67	43.23	0.31	iteration	2      99995  2.6499975E-01  3.62E-02   13.67   43.23    0.31
C_W15_LI_M1_A07_S3_F0	fixed	W15_LI_M1_A07_S3_F0	A07	F0	S3	M1	LI	W15	SR_MINUS	148	3	99997	0.26973442	0.0332	0.12308403206383525	12.32	38.94	0.24	iteration	3      99997  2.6973442E-01  3.32E-02   12.32   38.94*   0.24
C_W15_LI_M1_A07_S3_F0	fixed	W15_LI_M1_A07_S3_F0	A07	F0	S3	M1	LI	W15	SR_MINUS	149	4	99994	0.22871228	0.00595	0.026015218771812343	2.6	8.23	0.52	iteration	4      99994  2.2871228E-01  5.95E-03    2.60    8.23*   0.52
C_W15_LI_M1_A07_S3_F0	fixed	W15_LI_M1_A07_S3_F0	A07	F0	S3	M1	LI	W15	SR_MINUS	150	5	100005	0.46393171	0.142	0.3060795305412514	30.69	97.04	0.09	iteration	5     100005  4.6393171E-01  1.42E-01   30.69   97.04    0.09
C_W15_LI_M1_A07_S3_F0	fixed	W15_LI_M1_A07_S3_F0	A07	F0	S3	M1	LI	W15	SR_MINUS	151	6	100000	0.83724166	0.563	0.6724462325489153	67.3	212.81	0.01	iteration	6     100000  8.3724166E-01  5.63E-01   67.30  212.81    0.01
C_W15_LI_M1_A07_S3_F0	fixed	W15_LI_M1_A07_S3_F0	A07	F0	S3	M1	LI	W15	SR_MINUS	152	7	100003	0.37820563	0.0669	0.17688790090195114	17.69	55.94	0.04	iteration	7     100003  3.7820563E-01  6.69E-02   17.69   55.94*   0.04
C_W15_LI_M1_A07_S3_F0	fixed	W15_LI_M1_A07_S3_F0	A07	F0	S3	M1	LI	W15	SR_MINUS	153	8	100005	0.64720372	0.179	0.27657443007280613	27.6	87.28	0.02	iteration	8     100005  6.4720372E-01  1.79E-01   27.60   87.28    0.02
C_W15_LI_M1_A07_S3_F0	fixed	W15_LI_M1_A07_S3_F0	A07	F0	S3	M1	LI	W15	SR_MINUS	154	9	100001	97.159219	90.7	0.933519237119434	93.34	295.18	0.0	iteration	9     100001  9.7159219E+01  9.07E+01   93.34  295.18    0.00
C_W15_LI_M1_A07_S3_F0	fixed	W15_LI_M1_A07_S3_F0	A07	F0	S3	M1	LI	W15	SR_MINUS	155	10	99995	19.112305	5.72	0.2992836290546849	29.9	94.56	0.0	iteration	10      99995  1.9112305E+01  5.72E+00   29.90   94.56*   0.00
C_W15_LI_M1_A07_S3_F0	fixed	W15_LI_M1_A07_S3_F0	A07	F0	S3	M1	LI	W15	SR_MINUS	157	10	1000008	0.23276896	0.00563	0.024187073740416246	2.42	24.2	0.0	aggregate	10    1000008  2.3276896E-01  5.63E-03    2.42   24.20    0.00    3.16  10
C_W15_LI_M1_A07_S3_F0	fixed	W15_LI_M1_A07_S3_F0	A07	F0	S3	M1	LI	W15	SR_MINUS	160	11	159811	314.33824	164.0	0.5217309863413373	52.06	208.12	0.01	iteration	11     159811  3.1433824E+02  1.64E+02   52.06  208.12    0.01
C_W15_LI_M1_A07_S3_F0	fixed	W15_LI_M1_A07_S3_F0	A07	F0	S3	M1	LI	W15	SR_MINUS	161	12	159811	209.25355	42.3	0.20214710813747244	20.21	80.81	0.01	iteration	12     159811  2.0925355E+02  4.23E+01   20.21   80.81*   0.01
C_W15_LI_M1_A07_S3_F0	fixed	W15_LI_M1_A07_S3_F0	A07	F0	S3	M1	LI	W15	SR_MINUS	162	13	159811	169.75557	35.0	0.20617880167348854	20.61	82.38	0.01	iteration	13     159811  1.6975557E+02  3.50E+01   20.61   82.38    0.01
C_W15_LI_M1_A07_S3_F0	fixed	W15_LI_M1_A07_S3_F0	A07	F0	S3	M1	LI	W15	SR_MINUS	164	13	479433	189.19242	26.6	0.1405975989947166	14.06	97.35	0.01	aggregate	13     479433  1.8919242E+02  2.66E+01   14.06   97.35    0.01    0.56   3
P_W15_LI_M1_A07_S4	adaptive	W15_LI_M1_A07_S4	A07		S4	M1	LI	W15	SR_MINUS	150	1	100008	0.32197701	0.0475	0.14752606094453763	14.75	46.65	1.63	iteration	1     100008  3.2197701E-01  4.75E-02   14.75   46.65*   1.63
P_W15_LI_M1_A07_S4	adaptive	W15_LI_M1_A07_S4	A07		S4	M1	LI	W15	SR_MINUS	151	2	99988	0.27083618	0.033	0.12184487316281009	12.19	38.53	0.38	iteration	2      99988  2.7083618E-01  3.30E-02   12.19   38.53*   0.38
P_W15_LI_M1_A07_S4	adaptive	W15_LI_M1_A07_S4	A07		S4	M1	LI	W15	SR_MINUS	152	3	99998	0.24463812	0.0155	0.06335889108369538	6.34	20.06	0.22	iteration	3      99998  2.4463812E-01  1.55E-02    6.34   20.06*   0.22
P_W15_LI_M1_A07_S4	adaptive	W15_LI_M1_A07_S4	A07		S4	M1	LI	W15	SR_MINUS	153	4	99994	0.2384901	0.00932	0.03907919028924051	3.91	12.36	0.29	iteration	4      99994  2.3849010E-01  9.32E-03    3.91   12.36*   0.29
P_W15_LI_M1_A07_S4	adaptive	W15_LI_M1_A07_S4	A07		S4	M1	LI	W15	SR_MINUS	154	5	100001	0.26245342	0.014	0.05334279888598899	5.33	16.85	0.32	iteration	5     100001  2.6245342E-01  1.40E-02    5.33   16.85    0.32
P_W15_LI_M1_A07_S4	adaptive	W15_LI_M1_A07_S4	A07		S4	M1	LI	W15	SR_MINUS	155	6	100005	0.25178955	0.0071	0.02819815198843638	2.82	8.92	0.34	iteration	6     100005  2.5178955E-01  7.10E-03    2.82    8.92*   0.34
P_W15_LI_M1_A07_S4	adaptive	W15_LI_M1_A07_S4	A07		S4	M1	LI	W15	SR_MINUS	156	7	100001	0.49334959	0.0966	0.19580435852799635	19.57	61.9	0.06	iteration	7     100001  4.9334959E-01  9.66E-02   19.57   61.90    0.06
P_W15_LI_M1_A07_S4	adaptive	W15_LI_M1_A07_S4	A07		S4	M1	LI	W15	SR_MINUS	157	8	100004	7.0811257	3.0	0.42366145258514476	42.41	134.11	0.01	iteration	8     100004  7.0811257E+00  3.00E+00   42.41  134.11    0.01
P_W15_LI_M1_A07_S4	adaptive	W15_LI_M1_A07_S4	A07		S4	M1	LI	W15	SR_MINUS	158	9	100003	97.022214	63.9	0.6586120576469219	65.9	208.39	0.0	iteration	9     100003  9.7022214E+01  6.39E+01   65.90  208.39    0.00
P_W15_LI_M1_A07_S4	adaptive	W15_LI_M1_A07_S4	A07		S4	M1	LI	W15	SR_MINUS	159	10	100001	82.785385	48.2	0.582228372797928	58.26	184.24	0.0	iteration	10     100001  8.2785385E+01  4.82E+01   58.26  184.24*   0.00
P_W15_LI_M1_A07_S4	adaptive	W15_LI_M1_A07_S4	A07		S4	M1	LI	W15	SR_MINUS	161	10	1000003	0.25053331	0.00488	0.019478447796023608	1.95	19.46	0.0	aggregate	10    1000003  2.5053331E-01  4.88E-03    1.95   19.46    0.00    2.44  10
C_W15_LI_M1_A07_S4_F0	fixed	W15_LI_M1_A07_S4_F0	A07	F0	S4	M1	LI	W15	SR_MINUS	146	1	100008	0.32197701	0.0475	0.14752606094453763	14.75	46.65	1.63	iteration	1     100008  3.2197701E-01  4.75E-02   14.75   46.65*   1.63
C_W15_LI_M1_A07_S4_F0	fixed	W15_LI_M1_A07_S4_F0	A07	F0	S4	M1	LI	W15	SR_MINUS	147	2	99988	0.27083618	0.033	0.12184487316281009	12.19	38.53	0.38	iteration	2      99988  2.7083618E-01  3.30E-02   12.19   38.53*   0.38
C_W15_LI_M1_A07_S4_F0	fixed	W15_LI_M1_A07_S4_F0	A07	F0	S4	M1	LI	W15	SR_MINUS	148	3	99998	0.24463812	0.0155	0.06335889108369538	6.34	20.06	0.22	iteration	3      99998  2.4463812E-01  1.55E-02    6.34   20.06*   0.22
C_W15_LI_M1_A07_S4_F0	fixed	W15_LI_M1_A07_S4_F0	A07	F0	S4	M1	LI	W15	SR_MINUS	149	4	99994	0.2384901	0.00932	0.03907919028924051	3.91	12.36	0.29	iteration	4      99994  2.3849010E-01  9.32E-03    3.91   12.36*   0.29
C_W15_LI_M1_A07_S4_F0	fixed	W15_LI_M1_A07_S4_F0	A07	F0	S4	M1	LI	W15	SR_MINUS	150	5	100001	0.26245342	0.014	0.05334279888598899	5.33	16.85	0.32	iteration	5     100001  2.6245342E-01  1.40E-02    5.33   16.85    0.32
C_W15_LI_M1_A07_S4_F0	fixed	W15_LI_M1_A07_S4_F0	A07	F0	S4	M1	LI	W15	SR_MINUS	151	6	100005	0.25178955	0.0071	0.02819815198843638	2.82	8.92	0.34	iteration	6     100005  2.5178955E-01  7.10E-03    2.82    8.92*   0.34
C_W15_LI_M1_A07_S4_F0	fixed	W15_LI_M1_A07_S4_F0	A07	F0	S4	M1	LI	W15	SR_MINUS	152	7	100001	0.49334959	0.0966	0.19580435852799635	19.57	61.9	0.06	iteration	7     100001  4.9334959E-01  9.66E-02   19.57   61.90    0.06
C_W15_LI_M1_A07_S4_F0	fixed	W15_LI_M1_A07_S4_F0	A07	F0	S4	M1	LI	W15	SR_MINUS	153	8	100004	7.0811257	3.0	0.42366145258514476	42.41	134.11	0.01	iteration	8     100004  7.0811257E+00  3.00E+00   42.41  134.11    0.01
C_W15_LI_M1_A07_S4_F0	fixed	W15_LI_M1_A07_S4_F0	A07	F0	S4	M1	LI	W15	SR_MINUS	154	9	100003	97.022214	63.9	0.6586120576469219	65.9	208.39	0.0	iteration	9     100003  9.7022214E+01  6.39E+01   65.90  208.39    0.00
C_W15_LI_M1_A07_S4_F0	fixed	W15_LI_M1_A07_S4_F0	A07	F0	S4	M1	LI	W15	SR_MINUS	155	10	100001	82.785385	48.2	0.582228372797928	58.26	184.24	0.0	iteration	10     100001  8.2785385E+01  4.82E+01   58.26  184.24*   0.00
C_W15_LI_M1_A07_S4_F0	fixed	W15_LI_M1_A07_S4_F0	A07	F0	S4	M1	LI	W15	SR_MINUS	157	10	1000003	0.25053331	0.00488	0.019478447796023608	1.95	19.46	0.0	aggregate	10    1000003  2.5053331E-01  4.88E-03    1.95   19.46    0.00    2.44  10
C_W15_LI_M1_A07_S4_F0	fixed	W15_LI_M1_A07_S4_F0	A07	F0	S4	M1	LI	W15	SR_MINUS	160	11	149026	292.29019	224.0	0.7663616763874286	76.65	295.9	0.0	iteration	11     149026  2.9229019E+02  2.24E+02   76.65  295.90    0.00
C_W15_LI_M1_A07_S4_F0	fixed	W15_LI_M1_A07_S4_F0	A07	F0	S4	M1	LI	W15	SR_MINUS	161	12	149026	194.77664	106.0	0.5442131048158547	54.56	210.62	0.0	iteration	12     149026  1.9477664E+02  1.06E+02   54.56  210.62*   0.00
C_W15_LI_M1_A07_S4_F0	fixed	W15_LI_M1_A07_S4_F0	A07	F0	S4	M1	LI	W15	SR_MINUS	162	13	149026	60.209415	14.3	0.23750438365827006	23.74	91.66	0.01	iteration	13     149026  6.0209415E+01  1.43E+01   23.74   91.66*   0.01
C_W15_LI_M1_A07_S4_F0	fixed	W15_LI_M1_A07_S4_F0	A07	F0	S4	M1	LI	W15	SR_MINUS	164	13	447078	63.516266	14.1	0.22199037959819615	22.26	148.85	0.01	aggregate	13     447078  6.3516266E+01  1.41E+01   22.26  148.85    0.01    1.31   3
P_W15_LI_M1_A07_S5	adaptive	W15_LI_M1_A07_S5	A07		S5	M1	LI	W15	SR_MINUS	150	1	100009	0.22351804	0.0273	0.12213779254685662	12.2	38.57	1.88	iteration	1     100009  2.2351804E-01  2.73E-02   12.20   38.57*   1.88
P_W15_LI_M1_A07_S5	adaptive	W15_LI_M1_A07_S5	A07		S5	M1	LI	W15	SR_MINUS	151	2	100003	0.22410215	0.0117	0.052208334458192396	5.22	16.52	0.42	iteration	2     100003  2.2410215E-01  1.17E-02    5.22   16.52*   0.42
P_W15_LI_M1_A07_S5	adaptive	W15_LI_M1_A07_S5	A07		S5	M1	LI	W15	SR_MINUS	152	3	99999	0.24809804	0.0224	0.09028688819951984	9.02	28.54	0.15	iteration	3      99999  2.4809804E-01  2.24E-02    9.02   28.54    0.15
P_W15_LI_M1_A07_S5	adaptive	W15_LI_M1_A07_S5	A07		S5	M1	LI	W15	SR_MINUS	153	4	100001	0.22737028	0.00529	0.02326601348250088	2.33	7.35	0.46	iteration	4     100001  2.2737028E-01  5.29E-03    2.33    7.35*   0.46
P_W15_LI_M1_A07_S5	adaptive	W15_LI_M1_A07_S5	A07		S5	M1	LI	W15	SR_MINUS	154	5	100002	0.25955579	0.0183	0.07050507330235245	7.06	22.33	0.24	iteration	5     100002  2.5955579E-01  1.83E-02    7.06   22.33    0.24
P_W15_LI_M1_A07_S5	adaptive	W15_LI_M1_A07_S5	A07		S5	M1	LI	W15	SR_MINUS	155	6	99996	4.7946451	4.34	0.9051764853252642	90.52	286.26	0.01	iteration	6      99996  4.7946451E+00  4.34E+00   90.52  286.26    0.01
P_W15_LI_M1_A07_S5	adaptive	W15_LI_M1_A07_S5	A07		S5	M1	LI	W15	SR_MINUS	156	7	100003	0.43225743	0.0851	0.19687342332091318	19.68	62.25	0.02	iteration	7     100003  4.3225743E-01  8.51E-02   19.68   62.25*   0.02
P_W15_LI_M1_A07_S5	adaptive	W15_LI_M1_A07_S5	A07		S5	M1	LI	W15	SR_MINUS	157	8	100004	10.626824	7.42	0.698233075093744	69.87	220.95	0.0	iteration	8     100004  1.0626824E+01  7.42E+00   69.87  220.95    0.00
P_W15_LI_M1_A07_S5	adaptive	W15_LI_M1_A07_S5	A07		S5	M1	LI	W15	SR_MINUS	158	9	100000	305.42449	274.0	0.8971120816146734	89.7	283.67	0.0	iteration	9     100000  3.0542449E+02  2.74E+02   89.70  283.67    0.00
P_W15_LI_M1_A07_S5	adaptive	W15_LI_M1_A07_S5	A07		S5	M1	LI	W15	SR_MINUS	159	10	100000	238.5911	146.0	0.611925591524579	61.04	193.01	0.0	iteration	10     100000  2.3859110E+02  1.46E+02   61.04  193.01*   0.00
P_W15_LI_M1_A07_S5	adaptive	W15_LI_M1_A07_S5	A07		S5	M1	LI	W15	SR_MINUS	161	10	1000017	0.23013369	0.00449	0.019510398499237552	1.95	19.53	0.0	aggregate	10    1000017  2.3013369E-01  4.49E-03    1.95   19.53    0.00    1.83  10
C_W15_LI_M1_A07_S5_F0	fixed	W15_LI_M1_A07_S5_F0	A07	F0	S5	M1	LI	W15	SR_MINUS	146	1	100009	0.22351804	0.0273	0.12213779254685662	12.2	38.57	1.88	iteration	1     100009  2.2351804E-01  2.73E-02   12.20   38.57*   1.88
C_W15_LI_M1_A07_S5_F0	fixed	W15_LI_M1_A07_S5_F0	A07	F0	S5	M1	LI	W15	SR_MINUS	147	2	100003	0.22410215	0.0117	0.052208334458192396	5.22	16.52	0.42	iteration	2     100003  2.2410215E-01  1.17E-02    5.22   16.52*   0.42
C_W15_LI_M1_A07_S5_F0	fixed	W15_LI_M1_A07_S5_F0	A07	F0	S5	M1	LI	W15	SR_MINUS	148	3	99999	0.24809804	0.0224	0.09028688819951984	9.02	28.54	0.15	iteration	3      99999  2.4809804E-01  2.24E-02    9.02   28.54    0.15
C_W15_LI_M1_A07_S5_F0	fixed	W15_LI_M1_A07_S5_F0	A07	F0	S5	M1	LI	W15	SR_MINUS	149	4	100001	0.22737028	0.00529	0.02326601348250088	2.33	7.35	0.46	iteration	4     100001  2.2737028E-01  5.29E-03    2.33    7.35*   0.46
C_W15_LI_M1_A07_S5_F0	fixed	W15_LI_M1_A07_S5_F0	A07	F0	S5	M1	LI	W15	SR_MINUS	150	5	100002	0.25955579	0.0183	0.07050507330235245	7.06	22.33	0.24	iteration	5     100002  2.5955579E-01  1.83E-02    7.06   22.33    0.24
C_W15_LI_M1_A07_S5_F0	fixed	W15_LI_M1_A07_S5_F0	A07	F0	S5	M1	LI	W15	SR_MINUS	151	6	99996	4.7946451	4.34	0.9051764853252642	90.52	286.26	0.01	iteration	6      99996  4.7946451E+00  4.34E+00   90.52  286.26    0.01
C_W15_LI_M1_A07_S5_F0	fixed	W15_LI_M1_A07_S5_F0	A07	F0	S5	M1	LI	W15	SR_MINUS	152	7	100003	0.43225743	0.0851	0.19687342332091318	19.68	62.25	0.02	iteration	7     100003  4.3225743E-01  8.51E-02   19.68   62.25*   0.02
C_W15_LI_M1_A07_S5_F0	fixed	W15_LI_M1_A07_S5_F0	A07	F0	S5	M1	LI	W15	SR_MINUS	153	8	100004	10.626824	7.42	0.698233075093744	69.87	220.95	0.0	iteration	8     100004  1.0626824E+01  7.42E+00   69.87  220.95    0.00
C_W15_LI_M1_A07_S5_F0	fixed	W15_LI_M1_A07_S5_F0	A07	F0	S5	M1	LI	W15	SR_MINUS	154	9	100000	305.42449	274.0	0.8971120816146734	89.7	283.67	0.0	iteration	9     100000  3.0542449E+02  2.74E+02   89.70  283.67    0.00
C_W15_LI_M1_A07_S5_F0	fixed	W15_LI_M1_A07_S5_F0	A07	F0	S5	M1	LI	W15	SR_MINUS	155	10	100000	238.5911	146.0	0.611925591524579	61.04	193.01	0.0	iteration	10     100000  2.3859110E+02  1.46E+02   61.04  193.01*   0.00
C_W15_LI_M1_A07_S5_F0	fixed	W15_LI_M1_A07_S5_F0	A07	F0	S5	M1	LI	W15	SR_MINUS	157	10	1000017	0.23013369	0.00449	0.019510398499237552	1.95	19.53	0.0	aggregate	10    1000017  2.3013369E-01  4.49E-03    1.95   19.53    0.00    1.83  10
C_W15_LI_M1_A07_S5_F0	fixed	W15_LI_M1_A07_S5_F0	A07	F0	S5	M1	LI	W15	SR_MINUS	160	11	155500	675.287	428.0	0.633804589752209	63.4	250.0	0.0	iteration	11     155500  6.7528700E+02  4.28E+02   63.40  250.00    0.00
C_W15_LI_M1_A07_S5_F0	fixed	W15_LI_M1_A07_S5_F0	A07	F0	S5	M1	LI	W15	SR_MINUS	161	12	155500	347.92548	89.5	0.2572389926716491	25.73	101.45	0.0	iteration	12     155500  3.4792548E+02  8.95E+01   25.73  101.45*   0.00
C_W15_LI_M1_A07_S5_F0	fixed	W15_LI_M1_A07_S5_F0	A07	F0	S5	M1	LI	W15	SR_MINUS	162	13	155500	178.92694	32.5	0.1816383826828984	18.15	71.57	0.01	iteration	13     155500  1.7892694E+02  3.25E+01   18.15   71.57*   0.01
C_W15_LI_M1_A07_S5_F0	fixed	W15_LI_M1_A07_S5_F0	A07	F0	S5	M1	LI	W15	SR_MINUS	164	13	466500	200.99853	30.5	0.15174240329021313	15.15	103.48	0.01	aggregate	13     466500  2.0099853E+02  3.05E+01   15.15  103.48    0.01    2.19   3
P_W15_LI_M1_A07_S6	adaptive	W15_LI_M1_A07_S6	A07		S6	M1	LI	W15	SR_MINUS	150	1	99988	0.22952746	0.0259	0.11284052897200188	11.29	35.7	1.69	iteration	1      99988  2.2952746E-01  2.59E-02   11.29   35.70*   1.69
P_W15_LI_M1_A07_S6	adaptive	W15_LI_M1_A07_S6	A07		S6	M1	LI	W15	SR_MINUS	151	2	99988	0.22806888	0.0135	0.05919264390652508	5.92	18.74	0.39	iteration	2      99988  2.2806888E-01  1.35E-02    5.92   18.74*   0.39
P_W15_LI_M1_A07_S6	adaptive	W15_LI_M1_A07_S6	A07		S6	M1	LI	W15	SR_MINUS	152	3	99999	0.28345699	0.0347	0.1224171610655994	12.24	38.72	0.38	iteration	3      99999  2.8345699E-01  3.47E-02   12.24   38.72    0.38
P_W15_LI_M1_A07_S6	adaptive	W15_LI_M1_A07_S6	A07		S6	M1	LI	W15	SR_MINUS	153	4	100004	0.28442787	0.0333	0.11707713452974915	11.72	37.05	0.26	iteration	4     100004  2.8442787E-01  3.33E-02   11.72   37.05*   0.26
P_W15_LI_M1_A07_S6	adaptive	W15_LI_M1_A07_S6	A07		S6	M1	LI	W15	SR_MINUS	154	5	99999	1.2953705	0.817	0.6307075852043874	63.07	199.45	0.02	iteration	5      99999  1.2953705E+00  8.17E-01   63.07  199.45    0.02
P_W15_LI_M1_A07_S6	adaptive	W15_LI_M1_A07_S6	A07		S6	M1	LI	W15	SR_MINUS	155	6	100003	66.058077	65.5	0.9915517219794334	99.17	313.6	0.0	iteration	6     100003  6.6058077E+01  6.55E+01   99.17  313.60    0.00
P_W15_LI_M1_A07_S6	adaptive	W15_LI_M1_A07_S6	A07		S6	M1	LI	W15	SR_MINUS	156	7	100001	1.9681799	1.02	0.5182453087748737	51.93	164.23	0.07	iteration	7     100001  1.9681799E+00  1.02E+00   51.93  164.23*   0.07
P_W15_LI_M1_A07_S6	adaptive	W15_LI_M1_A07_S6	A07		S6	M1	LI	W15	SR_MINUS	157	8	99999	632.80558	626.0	0.9892453856048489	98.96	312.94	0.0	iteration	8      99999  6.3280558E+02  6.26E+02   98.96  312.94    0.00
P_W15_LI_M1_A07_S6	adaptive	W15_LI_M1_A07_S6	A07		S6	M1	LI	W15	SR_MINUS	158	9	100001	53.491524	20.9	0.39071610672374935	39.14	123.79	0.0	iteration	9     100001  5.3491524E+01  2.09E+01   39.14  123.79*   0.00
P_W15_LI_M1_A07_S6	adaptive	W15_LI_M1_A07_S6	A07		S6	M1	LI	W15	SR_MINUS	159	10	100000	145.58055	55.9	0.3839798654421899	38.41	121.47	0.0	iteration	10     100000  1.4558055E+02  5.59E+01   38.41  121.47*   0.00
P_W15_LI_M1_A07_S6	adaptive	W15_LI_M1_A07_S6	A07		S6	M1	LI	W15	SR_MINUS	161	10	999982	0.23983525	0.0107	0.044613958957242524	4.47	44.7	0.0	aggregate	10     999982  2.3983525E-01  1.07E-02    4.47   44.70    0.00    2.67  10
C_W15_LI_M1_A07_S6_F0	fixed	W15_LI_M1_A07_S6_F0	A07	F0	S6	M1	LI	W15	SR_MINUS	146	1	99988	0.22952746	0.0259	0.11284052897200188	11.29	35.7	1.69	iteration	1      99988  2.2952746E-01  2.59E-02   11.29   35.70*   1.69
C_W15_LI_M1_A07_S6_F0	fixed	W15_LI_M1_A07_S6_F0	A07	F0	S6	M1	LI	W15	SR_MINUS	147	2	99988	0.22806888	0.0135	0.05919264390652508	5.92	18.74	0.39	iteration	2      99988  2.2806888E-01  1.35E-02    5.92   18.74*   0.39
C_W15_LI_M1_A07_S6_F0	fixed	W15_LI_M1_A07_S6_F0	A07	F0	S6	M1	LI	W15	SR_MINUS	148	3	99999	0.28345699	0.0347	0.1224171610655994	12.24	38.72	0.38	iteration	3      99999  2.8345699E-01  3.47E-02   12.24   38.72    0.38
C_W15_LI_M1_A07_S6_F0	fixed	W15_LI_M1_A07_S6_F0	A07	F0	S6	M1	LI	W15	SR_MINUS	149	4	100004	0.28442787	0.0333	0.11707713452974915	11.72	37.05	0.26	iteration	4     100004  2.8442787E-01  3.33E-02   11.72   37.05*   0.26
C_W15_LI_M1_A07_S6_F0	fixed	W15_LI_M1_A07_S6_F0	A07	F0	S6	M1	LI	W15	SR_MINUS	150	5	99999	1.2953705	0.817	0.6307075852043874	63.07	199.45	0.02	iteration	5      99999  1.2953705E+00  8.17E-01   63.07  199.45    0.02
C_W15_LI_M1_A07_S6_F0	fixed	W15_LI_M1_A07_S6_F0	A07	F0	S6	M1	LI	W15	SR_MINUS	151	6	100003	66.058077	65.5	0.9915517219794334	99.17	313.6	0.0	iteration	6     100003  6.6058077E+01  6.55E+01   99.17  313.60    0.00
C_W15_LI_M1_A07_S6_F0	fixed	W15_LI_M1_A07_S6_F0	A07	F0	S6	M1	LI	W15	SR_MINUS	152	7	100001	1.9681799	1.02	0.5182453087748737	51.93	164.23	0.07	iteration	7     100001  1.9681799E+00  1.02E+00   51.93  164.23*   0.07
C_W15_LI_M1_A07_S6_F0	fixed	W15_LI_M1_A07_S6_F0	A07	F0	S6	M1	LI	W15	SR_MINUS	153	8	99999	632.80558	626.0	0.9892453856048489	98.96	312.94	0.0	iteration	8      99999  6.3280558E+02  6.26E+02   98.96  312.94    0.00
C_W15_LI_M1_A07_S6_F0	fixed	W15_LI_M1_A07_S6_F0	A07	F0	S6	M1	LI	W15	SR_MINUS	154	9	100001	53.491524	20.9	0.39071610672374935	39.14	123.79	0.0	iteration	9     100001  5.3491524E+01  2.09E+01   39.14  123.79*   0.00
C_W15_LI_M1_A07_S6_F0	fixed	W15_LI_M1_A07_S6_F0	A07	F0	S6	M1	LI	W15	SR_MINUS	155	10	100000	145.58055	55.9	0.3839798654421899	38.41	121.47	0.0	iteration	10     100000  1.4558055E+02  5.59E+01   38.41  121.47*   0.00
C_W15_LI_M1_A07_S6_F0	fixed	W15_LI_M1_A07_S6_F0	A07	F0	S6	M1	LI	W15	SR_MINUS	157	10	999982	0.23983525	0.0107	0.044613958957242524	4.47	44.7	0.0	aggregate	10     999982  2.3983525E-01  1.07E-02    4.47   44.70    0.00    2.67  10
C_W15_LI_M1_A07_S6_F0	fixed	W15_LI_M1_A07_S6_F0	A07	F0	S6	M1	LI	W15	SR_MINUS	160	11	149546	636.02072	369.0	0.5801697781166626	58.09	224.65	0.0	iteration	11     149546  6.3602072E+02  3.69E+02   58.09  224.65    0.00
C_W15_LI_M1_A07_S6_F0	fixed	W15_LI_M1_A07_S6_F0	A07	F0	S6	M1	LI	W15	SR_MINUS	161	12	149546	1158.1757	660.0	0.5698617230529012	56.95	220.24	0.0	iteration	12     149546  1.1581757E+03  6.60E+02   56.95  220.24*   0.00
C_W15_LI_M1_A07_S6_F0	fixed	W15_LI_M1_A07_S6_F0	A07	F0	S6	M1	LI	W15	SR_MINUS	162	13	149546	3907.5423	3380.0	0.8649938351275174	86.39	334.09	0.0	iteration	13     149546  3.9075423E+03  3.38E+03   86.39  334.09    0.00
C_W15_LI_M1_A07_S6_F0	fixed	W15_LI_M1_A07_S6_F0	A07	F0	S6	M1	LI	W15	SR_MINUS	164	13	448638	789.16754	321.0	0.40675773359862216	40.66	272.36	0.0	aggregate	13     448638  7.8916754E+02  3.21E+02   40.66  272.36    0.00    0.67   3
P_W15_LI_M1_A07_S7	adaptive	W15_LI_M1_A07_S7	A07		S7	M1	LI	W15	SR_MINUS	150	1	99993	0.37936773	0.114	0.3004999924479607	30.09	95.14	1.28	iteration	1      99993  3.7936773E-01  1.14E-01   30.09   95.14*   1.28
P_W15_LI_M1_A07_S7	adaptive	W15_LI_M1_A07_S7	A07		S7	M1	LI	W15	SR_MINUS	151	2	100001	0.25748599	0.0164	0.06369278577059669	6.38	20.18	0.33	iteration	2     100001  2.5748599E-01  1.64E-02    6.38   20.18*   0.33
P_W15_LI_M1_A07_S7	adaptive	W15_LI_M1_A07_S7	A07		S7	M1	LI	W15	SR_MINUS	152	3	99997	0.47316532	0.2	0.4226852466702336	42.24	133.58	0.06	iteration	3      99997  4.7316532E-01  2.00E-01   42.24  133.58    0.06
P_W15_LI_M1_A07_S7	adaptive	W15_LI_M1_A07_S7	A07		S7	M1	LI	W15	SR_MINUS	153	4	100003	0.38475161	0.145	0.3768665191550465	37.79	119.51	0.64	iteration	4     100003  3.8475161E-01  1.45E-01   37.79  119.51*   0.64
P_W15_LI_M1_A07_S7	adaptive	W15_LI_M1_A07_S7	A07		S7	M1	LI	W15	SR_MINUS	154	5	100004	0.22893763	0.007	0.03057601321372987	3.06	9.67	0.43	iteration	5     100004  2.2893763E-01  7.00E-03    3.06    9.67*   0.43
P_W15_LI_M1_A07_S7	adaptive	W15_LI_M1_A07_S7	A07		S7	M1	LI	W15	SR_MINUS	155	6	99999	0.27847221	0.0356	0.1278404046134442	12.79	40.44	0.06	iteration	6      99999  2.7847221E-01  3.56E-02   12.79   40.44    0.06
P_W15_LI_M1_A07_S7	adaptive	W15_LI_M1_A07_S7	A07		S7	M1	LI	W15	SR_MINUS	156	7	99995	0.41690264	0.167	0.4005731410096132	40.16	127.0	0.01	iteration	7      99995  4.1690264E-01  1.67E-01   40.16  127.00    0.01
P_W15_LI_M1_A07_S7	adaptive	W15_LI_M1_A07_S7	A07		S7	M1	LI	W15	SR_MINUS	157	8	99997	3.3547283	2.22	0.6617525478889006	66.03	208.8	0.0	iteration	8      99997  3.3547283E+00  2.22E+00   66.03  208.80    0.00
P_W15_LI_M1_A07_S7	adaptive	W15_LI_M1_A07_S7	A07		S7	M1	LI	W15	SR_MINUS	158	9	100001	56.410821	40.2	0.7126292311895266	71.23	225.26	0.0	iteration	9     100001  5.6410821E+01  4.02E+01   71.23  225.26    0.00
P_W15_LI_M1_A07_S7	adaptive	W15_LI_M1_A07_S7	A07		S7	M1	LI	W15	SR_MINUS	159	10	100002	102.22179	49.2	0.48130638291503214	48.14	152.22	0.0	iteration	10     100002  1.0222179E+02  4.92E+01   48.14  152.22*   0.00
P_W15_LI_M1_A07_S7	adaptive	W15_LI_M1_A07_S7	A07		S7	M1	LI	W15	SR_MINUS	161	10	999992	0.2360046	0.00631	0.026736766995219582	2.68	26.76	0.0	aggregate	10     999992  2.3600460E-01  6.31E-03    2.68   26.76    0.00    1.95  10
C_W15_LI_M1_A07_S7_F0	fixed	W15_LI_M1_A07_S7_F0	A07	F0	S7	M1	LI	W15	SR_MINUS	146	1	99993	0.37936773	0.114	0.3004999924479607	30.09	95.14	1.28	iteration	1      99993  3.7936773E-01  1.14E-01   30.09   95.14*   1.28
C_W15_LI_M1_A07_S7_F0	fixed	W15_LI_M1_A07_S7_F0	A07	F0	S7	M1	LI	W15	SR_MINUS	147	2	100001	0.25748599	0.0164	0.06369278577059669	6.38	20.18	0.33	iteration	2     100001  2.5748599E-01  1.64E-02    6.38   20.18*   0.33
C_W15_LI_M1_A07_S7_F0	fixed	W15_LI_M1_A07_S7_F0	A07	F0	S7	M1	LI	W15	SR_MINUS	148	3	99997	0.47316532	0.2	0.4226852466702336	42.24	133.58	0.06	iteration	3      99997  4.7316532E-01  2.00E-01   42.24  133.58    0.06
C_W15_LI_M1_A07_S7_F0	fixed	W15_LI_M1_A07_S7_F0	A07	F0	S7	M1	LI	W15	SR_MINUS	149	4	100003	0.38475161	0.145	0.3768665191550465	37.79	119.51	0.64	iteration	4     100003  3.8475161E-01  1.45E-01   37.79  119.51*   0.64
C_W15_LI_M1_A07_S7_F0	fixed	W15_LI_M1_A07_S7_F0	A07	F0	S7	M1	LI	W15	SR_MINUS	150	5	100004	0.22893763	0.007	0.03057601321372987	3.06	9.67	0.43	iteration	5     100004  2.2893763E-01  7.00E-03    3.06    9.67*   0.43
C_W15_LI_M1_A07_S7_F0	fixed	W15_LI_M1_A07_S7_F0	A07	F0	S7	M1	LI	W15	SR_MINUS	151	6	99999	0.27847221	0.0356	0.1278404046134442	12.79	40.44	0.06	iteration	6      99999  2.7847221E-01  3.56E-02   12.79   40.44    0.06
C_W15_LI_M1_A07_S7_F0	fixed	W15_LI_M1_A07_S7_F0	A07	F0	S7	M1	LI	W15	SR_MINUS	152	7	99995	0.41690264	0.167	0.4005731410096132	40.16	127.0	0.01	iteration	7      99995  4.1690264E-01  1.67E-01   40.16  127.00    0.01
C_W15_LI_M1_A07_S7_F0	fixed	W15_LI_M1_A07_S7_F0	A07	F0	S7	M1	LI	W15	SR_MINUS	153	8	99997	3.3547283	2.22	0.6617525478889006	66.03	208.8	0.0	iteration	8      99997  3.3547283E+00  2.22E+00   66.03  208.80    0.00
C_W15_LI_M1_A07_S7_F0	fixed	W15_LI_M1_A07_S7_F0	A07	F0	S7	M1	LI	W15	SR_MINUS	154	9	100001	56.410821	40.2	0.7126292311895266	71.23	225.26	0.0	iteration	9     100001  5.6410821E+01  4.02E+01   71.23  225.26    0.00
C_W15_LI_M1_A07_S7_F0	fixed	W15_LI_M1_A07_S7_F0	A07	F0	S7	M1	LI	W15	SR_MINUS	155	10	100002	102.22179	49.2	0.48130638291503214	48.14	152.22	0.0	iteration	10     100002  1.0222179E+02  4.92E+01   48.14  152.22*   0.00
C_W15_LI_M1_A07_S7_F0	fixed	W15_LI_M1_A07_S7_F0	A07	F0	S7	M1	LI	W15	SR_MINUS	157	10	999992	0.2360046	0.00631	0.026736766995219582	2.68	26.76	0.0	aggregate	10     999992  2.3600460E-01  6.31E-03    2.68   26.76    0.00    1.95  10
C_W15_LI_M1_A07_S7_F0	fixed	W15_LI_M1_A07_S7_F0	A07	F0	S7	M1	LI	W15	SR_MINUS	160	11	149057	304.82395	155.0	0.508490228540113	50.92	196.59	0.0	iteration	11     149057  3.0482395E+02  1.55E+02   50.92  196.59    0.00
C_W15_LI_M1_A07_S7_F0	fixed	W15_LI_M1_A07_S7_F0	A07	F0	S7	M1	LI	W15	SR_MINUS	161	12	149057	1651.0763	1470.0	0.8903283270433959	89.01	343.64	0.0	iteration	12     149057  1.6510763E+03  1.47E+03   89.01  343.64    0.00
C_W15_LI_M1_A07_S7_F0	fixed	W15_LI_M1_A07_S7_F0	A07	F0	S7	M1	LI	W15	SR_MINUS	162	13	149057	151.95999	28.9	0.1901816392591234	19.04	73.52	0.01	iteration	13     149057  1.5195999E+02  2.89E+01   19.04   73.52*   0.01
C_W15_LI_M1_A07_S7_F0	fixed	W15_LI_M1_A07_S7_F0	A07	F0	S7	M1	LI	W15	SR_MINUS	164	13	447171	157.65479	28.4	0.1801404194569667	18.04	120.64	0.01	aggregate	13     447171  1.5765479E+02  2.84E+01   18.04  120.64    0.01    0.99   3
P_W15_LI_M2_A10_S0	adaptive	W15_LI_M2_A10_S0	A10		S0	M2	LI	W15	SR_MINUS	150	1	999980	0.28913838	0.0324	0.11205707108132791	11.22	112.17	0.27	iteration	1     999980  2.8913838E-01  3.24E-02   11.22  112.17*   0.27
P_W15_LI_M2_A10_S0	adaptive	W15_LI_M2_A10_S0	A10		S0	M2	LI	W15	SR_MINUS	152	1	999980	0.28913838	0.0324	0.11205707108132791	11.22	112.17	0.27	iteration	1     999980  2.8913838E-01  3.24E-02   11.22  112.17    0.27
C_W15_LI_M2_A10_S0_F2	fixed	W15_LI_M2_A10_S0_F2	A10	F2	S0	M2	LI	W15	SR_MINUS	146	1	999980	0.28913838	0.0324	0.11205707108132791	11.22	112.17	0.27	iteration	1     999980  2.8913838E-01  3.24E-02   11.22  112.17*   0.27
C_W15_LI_M2_A10_S0_F2	fixed	W15_LI_M2_A10_S0_F2	A10	F2	S0	M2	LI	W15	SR_MINUS	148	1	999980	0.28913838	0.0324	0.11205707108132791	11.22	112.17	0.27	iteration	1     999980  2.8913838E-01  3.24E-02   11.22  112.17    0.27
C_W15_LI_M2_A10_S0_F2	fixed	W15_LI_M2_A10_S0_F2	A10	F2	S0	M2	LI	W15	SR_MINUS	151	2	2000032	0.32426298	0.0367	0.11317974071539097	11.31	159.89	0.04	iteration	2    2000032  3.2426298E-01  3.67E-02   11.31  159.89    0.04
C_W15_LI_M2_A10_S0_F2	fixed	W15_LI_M2_A10_S0_F2	A10	F2	S0	M2	LI	W15	SR_MINUS	153	2	2000032	0.32426298	0.0367	0.11317974071539097	11.31	159.89	0.04	iteration	2    2000032  3.2426298E-01  3.67E-02   11.31  159.89    0.04
P_W15_LI_M2_A10_S1	adaptive	W15_LI_M2_A10_S1	A10		S1	M2	LI	W15	SR_MINUS	150	1	1000019	0.24171195	0.0112	0.04633614515128441	4.63	46.26	0.41	iteration	1    1000019  2.4171195E-01  1.12E-02    4.63   46.26*   0.41
P_W15_LI_M2_A10_S1	adaptive	W15_LI_M2_A10_S1	A10		S1	M2	LI	W15	SR_MINUS	152	1	1000019	0.24171195	0.0112	0.04633614515128441	4.63	46.26	0.41	iteration	1    1000019  2.4171195E-01  1.12E-02    4.63   46.26    0.41
C_W15_LI_M2_A10_S1_F2	fixed	W15_LI_M2_A10_S1_F2	A10	F2	S1	M2	LI	W15	SR_MINUS	146	1	1000019	0.24171195	0.0112	0.04633614515128441	4.63	46.26	0.41	iteration	1    1000019  2.4171195E-01  1.12E-02    4.63   46.26*   0.41
C_W15_LI_M2_A10_S1_F2	fixed	W15_LI_M2_A10_S1_F2	A10	F2	S1	M2	LI	W15	SR_MINUS	148	1	1000019	0.24171195	0.0112	0.04633614515128441	4.63	46.26	0.41	iteration	1    1000019  2.4171195E-01  1.12E-02    4.63   46.26    0.41
C_W15_LI_M2_A10_S1_F2	fixed	W15_LI_M2_A10_S1_F2	A10	F2	S1	M2	LI	W15	SR_MINUS	151	2	1999965	19.961382	19.0	0.9518379038084638	95.0	1343.51	0.01	iteration	2    1999965  1.9961382E+01  1.90E+01   95.00 1343.51    0.01
C_W15_LI_M2_A10_S1_F2	fixed	W15_LI_M2_A10_S1_F2	A10	F2	S1	M2	LI	W15	SR_MINUS	153	2	1999965	19.961382	19.0	0.9518379038084638	95.0	1343.51	0.01	iteration	2    1999965  1.9961382E+01  1.90E+01   95.00 1343.51    0.01
P_W15_LI_M2_A10_S2	adaptive	W15_LI_M2_A10_S2	A10		S2	M2	LI	W15	SR_MINUS	150	1	1000010	0.28202934	0.0255	0.09041612479042073	9.03	90.3	0.27	iteration	1    1000010  2.8202934E-01  2.55E-02    9.03   90.30*   0.27
P_W15_LI_M2_A10_S2	adaptive	W15_LI_M2_A10_S2	A10		S2	M2	LI	W15	SR_MINUS	152	1	1000010	0.28202934	0.0255	0.09041612479042073	9.03	90.3	0.27	iteration	1    1000010  2.8202934E-01  2.55E-02    9.03   90.30    0.27
C_W15_LI_M2_A10_S2_F2	fixed	W15_LI_M2_A10_S2_F2	A10	F2	S2	M2	LI	W15	SR_MINUS	146	1	1000010	0.28202934	0.0255	0.09041612479042073	9.03	90.3	0.27	iteration	1    1000010  2.8202934E-01  2.55E-02    9.03   90.30*   0.27
C_W15_LI_M2_A10_S2_F2	fixed	W15_LI_M2_A10_S2_F2	A10	F2	S2	M2	LI	W15	SR_MINUS	148	1	1000010	0.28202934	0.0255	0.09041612479042073	9.03	90.3	0.27	iteration	1    1000010  2.8202934E-01  2.55E-02    9.03   90.30    0.27
C_W15_LI_M2_A10_S2_F2	fixed	W15_LI_M2_A10_S2_F2	A10	F2	S2	M2	LI	W15	SR_MINUS	151	2	2000030	1.2183268	0.701	0.5753792824716651	57.52	813.52	0.01	iteration	2    2000030  1.2183268E+00  7.01E-01   57.52  813.52    0.01
C_W15_LI_M2_A10_S2_F2	fixed	W15_LI_M2_A10_S2_F2	A10	F2	S2	M2	LI	W15	SR_MINUS	153	2	2000030	1.2183268	0.701	0.5753792824716651	57.52	813.52	0.01	iteration	2    2000030  1.2183268E+00  7.01E-01   57.52  813.52    0.01
P_W15_LI_M2_A10_S3	adaptive	W15_LI_M2_A10_S3	A10		S3	M2	LI	W15	SR_MINUS	150	1	1000007	0.28765639	0.0136	0.04727862989589767	4.74	47.36	0.38	iteration	1    1000007  2.8765639E-01  1.36E-02    4.74   47.36*   0.38
P_W15_LI_M2_A10_S3	adaptive	W15_LI_M2_A10_S3	A10		S3	M2	LI	W15	SR_MINUS	152	1	1000007	0.28765639	0.0136	0.04727862989589767	4.74	47.36	0.38	iteration	1    1000007  2.8765639E-01  1.36E-02    4.74   47.36    0.38
C_W15_LI_M2_A10_S3_F2	fixed	W15_LI_M2_A10_S3_F2	A10	F2	S3	M2	LI	W15	SR_MINUS	146	1	1000007	0.28765639	0.0136	0.04727862989589767	4.74	47.36	0.38	iteration	1    1000007  2.8765639E-01  1.36E-02    4.74   47.36*   0.38
C_W15_LI_M2_A10_S3_F2	fixed	W15_LI_M2_A10_S3_F2	A10	F2	S3	M2	LI	W15	SR_MINUS	148	1	1000007	0.28765639	0.0136	0.04727862989589767	4.74	47.36	0.38	iteration	1    1000007  2.8765639E-01  1.36E-02    4.74   47.36    0.38
C_W15_LI_M2_A10_S3_F2	fixed	W15_LI_M2_A10_S3_F2	A10	F2	S3	M2	LI	W15	SR_MINUS	151	2	1999985	0.79755087	0.344	0.431320449816574	43.13	610.01	0.01	iteration	2    1999985  7.9755087E-01  3.44E-01   43.13  610.01    0.01
C_W15_LI_M2_A10_S3_F2	fixed	W15_LI_M2_A10_S3_F2	A10	F2	S3	M2	LI	W15	SR_MINUS	153	2	1999985	0.79755087	0.344	0.431320449816574	43.13	610.01	0.01	iteration	2    1999985  7.9755087E-01  3.44E-01   43.13  610.01    0.01
P_W15_LI_M2_A10_S4	adaptive	W15_LI_M2_A10_S4	A10		S4	M2	LI	W15	SR_MINUS	150	1	999999	0.28742038	0.0247	0.08593684275276514	8.58	85.79	0.31	iteration	1     999999  2.8742038E-01  2.47E-02    8.58   85.79*   0.31
P_W15_LI_M2_A10_S4	adaptive	W15_LI_M2_A10_S4	A10		S4	M2	LI	W15	SR_MINUS	152	1	999999	0.28742038	0.0247	0.08593684275276514	8.58	85.79	0.31	iteration	1     999999  2.8742038E-01  2.47E-02    8.58   85.79    0.31
C_W15_LI_M2_A10_S4_F2	fixed	W15_LI_M2_A10_S4_F2	A10	F2	S4	M2	LI	W15	SR_MINUS	146	1	999999	0.28742038	0.0247	0.08593684275276514	8.58	85.79	0.31	iteration	1     999999  2.8742038E-01  2.47E-02    8.58   85.79*   0.31
C_W15_LI_M2_A10_S4_F2	fixed	W15_LI_M2_A10_S4_F2	A10	F2	S4	M2	LI	W15	SR_MINUS	148	1	999999	0.28742038	0.0247	0.08593684275276514	8.58	85.79	0.31	iteration	1     999999  2.8742038E-01  2.47E-02    8.58   85.79    0.31
C_W15_LI_M2_A10_S4_F2	fixed	W15_LI_M2_A10_S4_F2	A10	F2	S4	M2	LI	W15	SR_MINUS	151	2	1999976	0.3104598	0.0233	0.07504997426397879	7.5	106.08	0.03	iteration	2    1999976  3.1045980E-01  2.33E-02    7.50  106.08    0.03
C_W15_LI_M2_A10_S4_F2	fixed	W15_LI_M2_A10_S4_F2	A10	F2	S4	M2	LI	W15	SR_MINUS	153	2	1999976	0.3104598	0.0233	0.07504997426397879	7.5	106.08	0.03	iteration	2    1999976  3.1045980E-01  2.33E-02    7.50  106.08    0.03
P_W15_LI_M2_A10_S5	adaptive	W15_LI_M2_A10_S5	A10		S5	M2	LI	W15	SR_MINUS	150	1	999958	0.35319732	0.101	0.28595913468426093	28.57	285.74	0.22	iteration	1     999958  3.5319732E-01  1.01E-01   28.57  285.74*   0.22
P_W15_LI_M2_A10_S5	adaptive	W15_LI_M2_A10_S5	A10		S5	M2	LI	W15	SR_MINUS	152	1	999958	0.35319732	0.101	0.28595913468426093	28.57	285.74	0.22	iteration	1     999958  3.5319732E-01  1.01E-01   28.57  285.74    0.22
C_W15_LI_M2_A10_S5_F2	fixed	W15_LI_M2_A10_S5_F2	A10	F2	S5	M2	LI	W15	SR_MINUS	146	1	999958	0.35319732	0.101	0.28595913468426093	28.57	285.74	0.22	iteration	1     999958  3.5319732E-01  1.01E-01   28.57  285.74*   0.22
C_W15_LI_M2_A10_S5_F2	fixed	W15_LI_M2_A10_S5_F2	A10	F2	S5	M2	LI	W15	SR_MINUS	148	1	999958	0.35319732	0.101	0.28595913468426093	28.57	285.74	0.22	iteration	1     999958  3.5319732E-01  1.01E-01   28.57  285.74    0.22
C_W15_LI_M2_A10_S5_F2	fixed	W15_LI_M2_A10_S5_F2	A10	F2	S5	M2	LI	W15	SR_MINUS	151	2	1955030	0.46410934	0.145	0.3124263778014034	31.2	436.24	0.04	iteration	2    1955030  4.6410934E-01  1.45E-01   31.20  436.24    0.04
C_W15_LI_M2_A10_S5_F2	fixed	W15_LI_M2_A10_S5_F2	A10	F2	S5	M2	LI	W15	SR_MINUS	153	2	1955030	0.46410934	0.145	0.3124263778014034	31.2	436.24	0.04	iteration	2    1955030  4.6410934E-01  1.45E-01   31.20  436.24    0.04
P_W15_LI_M2_A10_S6	adaptive	W15_LI_M2_A10_S6	A10		S6	M2	LI	W15	SR_MINUS	150	1	999969	0.24389431	0.00996	0.040837361068407046	4.09	40.85	0.46	iteration	1     999969  2.4389431E-01  9.96E-03    4.09   40.85*   0.46
P_W15_LI_M2_A10_S6	adaptive	W15_LI_M2_A10_S6	A10		S6	M2	LI	W15	SR_MINUS	152	1	999969	0.24389431	0.00996	0.040837361068407046	4.09	40.85	0.46	iteration	1     999969  2.4389431E-01  9.96E-03    4.09   40.85    0.46
C_W15_LI_M2_A10_S6_F2	fixed	W15_LI_M2_A10_S6_F2	A10	F2	S6	M2	LI	W15	SR_MINUS	146	1	999969	0.24389431	0.00996	0.040837361068407046	4.09	40.85	0.46	iteration	1     999969  2.4389431E-01  9.96E-03    4.09   40.85*   0.46
C_W15_LI_M2_A10_S6_F2	fixed	W15_LI_M2_A10_S6_F2	A10	F2	S6	M2	LI	W15	SR_MINUS	148	1	999969	0.24389431	0.00996	0.040837361068407046	4.09	40.85	0.46	iteration	1     999969  2.4389431E-01  9.96E-03    4.09   40.85    0.46
C_W15_LI_M2_A10_S6_F2	fixed	W15_LI_M2_A10_S6_F2	A10	F2	S6	M2	LI	W15	SR_MINUS	151	2	2000001	3.8830172	3.46	0.8910596636038595	89.14	1260.69	0.02	iteration	2    2000001  3.8830172E+00  3.46E+00   89.14 1260.69    0.02
C_W15_LI_M2_A10_S6_F2	fixed	W15_LI_M2_A10_S6_F2	A10	F2	S6	M2	LI	W15	SR_MINUS	153	2	2000001	3.8830172	3.46	0.8910596636038595	89.14	1260.69	0.02	iteration	2    2000001  3.8830172E+00  3.46E+00   89.14 1260.69    0.02
P_W15_LI_M2_A10_S7	adaptive	W15_LI_M2_A10_S7	A10		S7	M2	LI	W15	SR_MINUS	150	1	954423	0.87747132	0.584	0.6655488181653617	66.58	650.49	0.11	iteration	1     954423  8.7747132E-01  5.84E-01   66.58  650.49*   0.11
P_W15_LI_M2_A10_S7	adaptive	W15_LI_M2_A10_S7	A10		S7	M2	LI	W15	SR_MINUS	152	1	954423	0.87747132	0.584	0.6655488181653617	66.58	650.49	0.11	iteration	1     954423  8.7747132E-01  5.84E-01   66.58  650.49    0.11
C_W15_LI_M2_A10_S7_F2	fixed	W15_LI_M2_A10_S7_F2	A10	F2	S7	M2	LI	W15	SR_MINUS	146	1	954423	0.87747132	0.584	0.6655488181653617	66.58	650.49	0.11	iteration	1     954423  8.7747132E-01  5.84E-01   66.58  650.49*   0.11
C_W15_LI_M2_A10_S7_F2	fixed	W15_LI_M2_A10_S7_F2	A10	F2	S7	M2	LI	W15	SR_MINUS	148	1	954423	0.87747132	0.584	0.6655488181653617	66.58	650.49	0.11	iteration	1     954423  8.7747132E-01  5.84E-01   66.58  650.49    0.11
C_W15_LI_M2_A10_S7_F2	fixed	W15_LI_M2_A10_S7_F2	A10	F2	S7	M2	LI	W15	SR_MINUS	151	2	1974376	1.7299286	1.43	0.8266237115219668	82.61	1160.73	0.05	iteration	2    1974376  1.7299286E+00  1.43E+00   82.61 1160.73    0.05
C_W15_LI_M2_A10_S7_F2	fixed	W15_LI_M2_A10_S7_F2	A10	F2	S7	M2	LI	W15	SR_MINUS	153	2	1974376	1.7299286	1.43	0.8266237115219668	82.61	1160.73	0.05	iteration	2    1974376  1.7299286E+00  1.43E+00   82.61 1160.73    0.05
P_W15_LH_M0_A00_S0	adaptive	W15_LH_M0_A00_S0	A00		S0	M0	LH	W15	NR	150	1	50015	0.090077844	0.0175	0.1942764083030229	19.4	43.39	2.8	iteration	1      50015  9.0077844E-02  1.75E-02   19.40   43.39*   2.80
P_W15_LH_M0_A00_S0	adaptive	W15_LH_M0_A00_S0	A00		S0	M0	LH	W15	NR	151	2	50014	0.061071532	0.00974	0.15948511001819965	15.96	35.68	0.58	iteration	2      50014  6.1071532E-02  9.74E-03   15.96   35.68*   0.58
P_W15_LH_M0_A00_S0	adaptive	W15_LH_M0_A00_S0	A00		S0	M0	LH	W15	NR	152	3	50019	0.073495037	0.00626	0.08517581942301763	8.52	19.04	0.59	iteration	3      50019  7.3495037E-02  6.26E-03    8.52   19.04*   0.59
P_W15_LH_M0_A00_S0	adaptive	W15_LH_M0_A00_S0	A00		S0	M0	LH	W15	NR	153	4	50008	0.084290105	0.00744	0.0882665883498425	8.83	19.74	0.47	iteration	4      50008  8.4290105E-02  7.44E-03    8.83   19.74    0.47
P_W15_LH_M0_A00_S0	adaptive	W15_LH_M0_A00_S0	A00		S0	M0	LH	W15	NR	154	5	50005	0.075787184	0.00342	0.04512636331757623	4.52	10.1	0.59	iteration	5      50005  7.5787184E-02  3.42E-03    4.52   10.10*   0.59
P_W15_LH_M0_A00_S0	adaptive	W15_LH_M0_A00_S0	A00		S0	M0	LH	W15	NR	156	5	250061	0.075695686	0.00265	0.03500860009380191	3.5	17.48	0.59	aggregate	5     250061  7.5695686E-02  2.65E-03    3.50   17.48    0.59    1.10   5
C_W15_LH_M0_A00_S0_F0	fixed	W15_LH_M0_A00_S0_F0	A00	F0	S0	M0	LH	W15	NR	146	1	50015	0.090077844	0.0175	0.1942764083030229	19.4	43.39	2.8	iteration	1      50015  9.0077844E-02  1.75E-02   19.40   43.39*   2.80
C_W15_LH_M0_A00_S0_F0	fixed	W15_LH_M0_A00_S0_F0	A00	F0	S0	M0	LH	W15	NR	147	2	50014	0.061071532	0.00974	0.15948511001819965	15.96	35.68	0.58	iteration	2      50014  6.1071532E-02  9.74E-03   15.96   35.68*   0.58
C_W15_LH_M0_A00_S0_F0	fixed	W15_LH_M0_A00_S0_F0	A00	F0	S0	M0	LH	W15	NR	148	3	50019	0.073495037	0.00626	0.08517581942301763	8.52	19.04	0.59	iteration	3      50019  7.3495037E-02  6.26E-03    8.52   19.04*   0.59
C_W15_LH_M0_A00_S0_F0	fixed	W15_LH_M0_A00_S0_F0	A00	F0	S0	M0	LH	W15	NR	149	4	50008	0.084290105	0.00744	0.0882665883498425	8.83	19.74	0.47	iteration	4      50008  8.4290105E-02  7.44E-03    8.83   19.74    0.47
C_W15_LH_M0_A00_S0_F0	fixed	W15_LH_M0_A00_S0_F0	A00	F0	S0	M0	LH	W15	NR	150	5	50005	0.075787184	0.00342	0.04512636331757623	4.52	10.1	0.59	iteration	5      50005  7.5787184E-02  3.42E-03    4.52   10.10*   0.59
C_W15_LH_M0_A00_S0_F0	fixed	W15_LH_M0_A00_S0_F0	A00	F0	S0	M0	LH	W15	NR	152	5	250061	0.075695686	0.00265	0.03500860009380191	3.5	17.48	0.59	aggregate	5     250061  7.5695686E-02  2.65E-03    3.50   17.48    0.59    1.10   5
C_W15_LH_M0_A00_S0_F0	fixed	W15_LH_M0_A00_S0_F0	A00	F0	S0	M0	LH	W15	NR	155	6	200002	0.077073667	0.00164	0.021278344003017268	2.12	9.5	0.27	iteration	6     200002  7.7073667E-02  1.64E-03    2.12    9.50*   0.27
C_W15_LH_M0_A00_S0_F0	fixed	W15_LH_M0_A00_S0_F0	A00	F0	S0	M0	LH	W15	NR	156	7	200002	0.077940789	0.00356	0.04567569876666247	4.56	20.41	0.21	iteration	7     200002  7.7940789E-02  3.56E-03    4.56   20.41    0.21
C_W15_LH_M0_A00_S0_F0	fixed	W15_LH_M0_A00_S0_F0	A00	F0	S0	M0	LH	W15	NR	157	8	200002	0.076051195	0.00168	0.022090382669200662	2.21	9.88	0.31	iteration	8     200002  7.6051195E-02  1.68E-03    2.21    9.88*   0.31
C_W15_LH_M0_A00_S0_F0	fixed	W15_LH_M0_A00_S0_F0	A00	F0	S0	M0	LH	W15	NR	159	8	600006	0.076709321	0.00111	0.01447021021082953	1.45	11.24	0.31	aggregate	8     600006  7.6709321E-02  1.11E-03    1.45   11.24    0.31    0.16   3
P_W15_LH_M0_A00_S1	adaptive	W15_LH_M0_A00_S1	A00		S1	M0	LH	W15	NR	150	1	50016	0.071469266	0.0126	0.1762995579106689	17.66	39.49	2.88	iteration	1      50016  7.1469266E-02  1.26E-02   17.66   39.49*   2.88
P_W15_LH_M0_A00_S1	adaptive	W15_LH_M0_A00_S1	A00		S1	M0	LH	W15	NR	151	2	49998	0.04597959	0.00576	0.12527297437841442	12.53	28.01	0.66	iteration	2      49998  4.5979590E-02  5.76E-03   12.53   28.01*   0.66
P_W15_LH_M0_A00_S1	adaptive	W15_LH_M0_A00_S1	A00		S1	M0	LH	W15	NR	152	3	50006	0.057420294	0.00478	0.0832458294274843	8.33	18.62	0.43	iteration	3      50006  5.7420294E-02  4.78E-03    8.33   18.62*   0.43
P_W15_LH_M0_A00_S1	adaptive	W15_LH_M0_A00_S1	A00		S1	M0	LH	W15	NR	153	4	49989	0.08146652	0.00843	0.10347809136808593	10.34	23.12	0.38	iteration	4      49989  8.1466520E-02  8.43E-03   10.34   23.12    0.38
P_W15_LH_M0_A00_S1	adaptive	W15_LH_M0_A00_S1	A00		S1	M0	LH	W15	NR	154	5	50008	0.076367707	0.00739	0.09676865117869782	9.68	21.64	0.43	iteration	5      50008  7.6367707E-02  7.39E-03    9.68   21.64*   0.43
P_W15_LH_M0_A00_S1	adaptive	W15_LH_M0_A00_S1	A00		S1	M0	LH	W15	NR	156	5	250017	0.06123282	0.00298	0.04866671174053391	4.87	24.34	0.43	aggregate	5     250017  6.1232820E-02  2.98E-03    4.87   24.34    0.43    4.57   5
C_W15_LH_M0_A00_S1_F0	fixed	W15_LH_M0_A00_S1_F0	A00	F0	S1	M0	LH	W15	NR	146	1	50016	0.071469266	0.0126	0.1762995579106689	17.66	39.49	2.88	iteration	1      50016  7.1469266E-02  1.26E-02   17.66   39.49*   2.88
C_W15_LH_M0_A00_S1_F0	fixed	W15_LH_M0_A00_S1_F0	A00	F0	S1	M0	LH	W15	NR	147	2	49998	0.04597959	0.00576	0.12527297437841442	12.53	28.01	0.66	iteration	2      49998  4.5979590E-02  5.76E-03   12.53   28.01*   0.66
C_W15_LH_M0_A00_S1_F0	fixed	W15_LH_M0_A00_S1_F0	A00	F0	S1	M0	LH	W15	NR	148	3	50006	0.057420294	0.00478	0.0832458294274843	8.33	18.62	0.43	iteration	3      50006  5.7420294E-02  4.78E-03    8.33   18.62*   0.43
C_W15_LH_M0_A00_S1_F0	fixed	W15_LH_M0_A00_S1_F0	A00	F0	S1	M0	LH	W15	NR	149	4	49989	0.08146652	0.00843	0.10347809136808593	10.34	23.12	0.38	iteration	4      49989  8.1466520E-02  8.43E-03   10.34   23.12    0.38
C_W15_LH_M0_A00_S1_F0	fixed	W15_LH_M0_A00_S1_F0	A00	F0	S1	M0	LH	W15	NR	150	5	50008	0.076367707	0.00739	0.09676865117869782	9.68	21.64	0.43	iteration	5      50008  7.6367707E-02  7.39E-03    9.68   21.64*   0.43
C_W15_LH_M0_A00_S1_F0	fixed	W15_LH_M0_A00_S1_F0	A00	F0	S1	M0	LH	W15	NR	152	5	250017	0.06123282	0.00298	0.04866671174053391	4.87	24.34	0.43	aggregate	5     250017  6.1232820E-02  2.98E-03    4.87   24.34    0.43    4.57   5
C_W15_LH_M0_A00_S1_F0	fixed	W15_LH_M0_A00_S1_F0	A00	F0	S1	M0	LH	W15	NR	155	6	200010	0.084760971	0.00639	0.0753884709508578	7.54	33.7	0.15	iteration	6     200010  8.4760971E-02  6.39E-03    7.54   33.70    0.15
C_W15_LH_M0_A00_S1_F0	fixed	W15_LH_M0_A00_S1_F0	A00	F0	S1	M0	LH	W15	NR	156	7	200010	0.076535954	0.00276	0.03606148294695588	3.61	16.14	0.18	iteration	7     200010  7.6535954E-02  2.76E-03    3.61   16.14*   0.18
C_W15_LH_M0_A00_S1_F0	fixed	W15_LH_M0_A00_S1_F0	A00	F0	S1	M0	LH	W15	NR	157	8	200010	0.14403252	0.0666	0.46239557566582884	46.24	206.8	0.25	iteration	8     200010  1.4403252E-01  6.66E-02   46.24  206.80    0.25
C_W15_LH_M0_A00_S1_F0	fixed	W15_LH_M0_A00_S1_F0	A00	F0	S1	M0	LH	W15	NR	159	8	600030	0.07792798	0.00253	0.03246587425979732	3.25	25.19	0.25	aggregate	8     600030  7.7927980E-02  2.53E-03    3.25   25.19    0.25    1.19   3
P_W15_LH_M0_A00_S2	adaptive	W15_LH_M0_A00_S2	A00		S2	M0	LH	W15	NR	150	1	49997	0.089582029	0.0176	0.19646797685281278	19.64	43.91	2.58	iteration	1      49997  8.9582029E-02  1.76E-02   19.64   43.91*   2.58
P_W15_LH_M0_A00_S2	adaptive	W15_LH_M0_A00_S2	A00		S2	M0	LH	W15	NR	151	2	50000	0.061674731	0.00865	0.14025192910853554	14.03	31.36	0.45	iteration	2      50000  6.1674731E-02  8.65E-03   14.03   31.36*   0.45
P_W15_LH_M0_A00_S2	adaptive	W15_LH_M0_A00_S2	A00		S2	M0	LH	W15	NR	152	3	50007	0.065580157	0.00439	0.06694098033342616	6.7	14.99	0.55	iteration	3      50007  6.5580157E-02  4.39E-03    6.70   14.99*   0.55
P_W15_LH_M0_A00_S2	adaptive	W15_LH_M0_A00_S2	A00		S2	M0	LH	W15	NR	153	4	50001	0.09215591	0.0268	0.29081151713438674	29.05	64.97	0.18	iteration	4      50001  9.2155910E-02  2.68E-02   29.05   64.97    0.18
P_W15_LH_M0_A00_S2	adaptive	W15_LH_M0_A00_S2	A00		S2	M0	LH	W15	NR	154	5	50002	0.074057661	0.00865	0.1168008803302605	11.67	26.1	0.29	iteration	5      50002  7.4057661E-02  8.65E-03   11.67   26.10*   0.29
P_W15_LH_M0_A00_S2	adaptive	W15_LH_M0_A00_S2	A00		S2	M0	LH	W15	NR	156	5	250007	0.067695441	0.00347	0.05125899098581838	5.12	25.62	0.29	aggregate	5     250007  6.7695441E-02  3.47E-03    5.12   25.62    0.29    0.91   5
C_W15_LH_M0_A00_S2_F0	fixed	W15_LH_M0_A00_S2_F0	A00	F0	S2	M0	LH	W15	NR	146	1	49997	0.089582029	0.0176	0.19646797685281278	19.64	43.91	2.58	iteration	1      49997  8.9582029E-02  1.76E-02   19.64   43.91*   2.58
C_W15_LH_M0_A00_S2_F0	fixed	W15_LH_M0_A00_S2_F0	A00	F0	S2	M0	LH	W15	NR	147	2	50000	0.061674731	0.00865	0.14025192910853554	14.03	31.36	0.45	iteration	2      50000  6.1674731E-02  8.65E-03   14.03   31.36*   0.45
C_W15_LH_M0_A00_S2_F0	fixed	W15_LH_M0_A00_S2_F0	A00	F0	S2	M0	LH	W15	NR	148	3	50007	0.065580157	0.00439	0.06694098033342616	6.7	14.99	0.55	iteration	3      50007  6.5580157E-02  4.39E-03    6.70   14.99*   0.55
C_W15_LH_M0_A00_S2_F0	fixed	W15_LH_M0_A00_S2_F0	A00	F0	S2	M0	LH	W15	NR	149	4	50001	0.09215591	0.0268	0.29081151713438674	29.05	64.97	0.18	iteration	4      50001  9.2155910E-02  2.68E-02   29.05   64.97    0.18
C_W15_LH_M0_A00_S2_F0	fixed	W15_LH_M0_A00_S2_F0	A00	F0	S2	M0	LH	W15	NR	150	5	50002	0.074057661	0.00865	0.1168008803302605	11.67	26.1	0.29	iteration	5      50002  7.4057661E-02  8.65E-03   11.67   26.10*   0.29
C_W15_LH_M0_A00_S2_F0	fixed	W15_LH_M0_A00_S2_F0	A00	F0	S2	M0	LH	W15	NR	152	5	250007	0.067695441	0.00347	0.05125899098581838	5.12	25.62	0.29	aggregate	5     250007  6.7695441E-02  3.47E-03    5.12   25.62    0.29    0.91   5
C_W15_LH_M0_A00_S2_F0	fixed	W15_LH_M0_A00_S2_F0	A00	F0	S2	M0	LH	W15	NR	155	6	200000	0.070351252	0.00217	0.030845222200167808	3.09	13.81	0.17	iteration	6     200000  7.0351252E-02  2.17E-03    3.09   13.81*   0.17
C_W15_LH_M0_A00_S2_F0	fixed	W15_LH_M0_A00_S2_F0	A00	F0	S2	M0	LH	W15	NR	156	7	200000	0.083250358	0.00945	0.11351302537341641	11.35	50.77	0.06	iteration	7     200000  8.3250358E-02  9.45E-03   11.35   50.77    0.06
C_W15_LH_M0_A00_S2_F0	fixed	W15_LH_M0_A00_S2_F0	A00	F0	S2	M0	LH	W15	NR	157	8	200000	0.076841574	0.00429	0.05582915310922705	5.59	24.99	0.1	iteration	8     200000  7.6841574E-02  4.29E-03    5.59   24.99*   0.10
C_W15_LH_M0_A00_S2_F0	fixed	W15_LH_M0_A00_S2_F0	A00	F0	S2	M0	LH	W15	NR	159	8	600000	0.072140385	0.0019	0.026337536180323962	2.63	20.39	0.1	aggregate	8     600000  7.2140385E-02  1.90E-03    2.63   20.39    0.10    1.63   3
P_W15_LH_M0_A00_S3	adaptive	W15_LH_M0_A00_S3	A00		S3	M0	LH	W15	NR	150	1	50005	0.059631365	0.0105	0.17608183210295456	17.57	39.3	2.5	iteration	1      50005  5.9631365E-02  1.05E-02   17.57   39.30*   2.50
P_W15_LH_M0_A00_S3	adaptive	W15_LH_M0_A00_S3	A00		S3	M0	LH	W15	NR	151	2	50005	0.048351863	0.00742	0.15345840965838276	15.34	34.31	0.36	iteration	2      50005  4.8351863E-02  7.42E-03   15.34   34.31*   0.36
P_W15_LH_M0_A00_S3	adaptive	W15_LH_M0_A00_S3	A00		S3	M0	LH	W15	NR	152	3	49995	0.057257941	0.0098	0.17115529879078256	17.11	38.26	0.29	iteration	3      49995  5.7257941E-02  9.80E-03   17.11   38.26    0.29
P_W15_LH_M0_A00_S3	adaptive	W15_LH_M0_A00_S3	A00		S3	M0	LH	W15	NR	153	4	50001	0.065917486	0.00892	0.13532069472431035	13.54	30.27	0.19	iteration	4      50001  6.5917486E-02  8.92E-03   13.54   30.27*   0.19
P_W15_LH_M0_A00_S3	adaptive	W15_LH_M0_A00_S3	A00		S3	M0	LH	W15	NR	154	5	49996	0.068295348	0.00828	0.12123812591159208	12.12	27.1	0.18	iteration	5      49996  6.8295348E-02  8.28E-03   12.12   27.10*   0.18
P_W15_LH_M0_A00_S3	adaptive	W15_LH_M0_A00_S3	A00		S3	M0	LH	W15	NR	156	5	250002	0.059256956	0.00393	0.0663213277442061	6.63	33.13	0.18	aggregate	5     250002  5.9256956E-02  3.93E-03    6.63   33.13    0.18    0.99   5
C_W15_LH_M0_A00_S3_F0	fixed	W15_LH_M0_A00_S3_F0	A00	F0	S3	M0	LH	W15	NR	146	1	50005	0.059631365	0.0105	0.17608183210295456	17.57	39.3	2.5	iteration	1      50005  5.9631365E-02  1.05E-02   17.57   39.30*   2.50
C_W15_LH_M0_A00_S3_F0	fixed	W15_LH_M0_A00_S3_F0	A00	F0	S3	M0	LH	W15	NR	147	2	50005	0.048351863	0.00742	0.15345840965838276	15.34	34.31	0.36	iteration	2      50005  4.8351863E-02  7.42E-03   15.34   34.31*   0.36
C_W15_LH_M0_A00_S3_F0	fixed	W15_LH_M0_A00_S3_F0	A00	F0	S3	M0	LH	W15	NR	148	3	49995	0.057257941	0.0098	0.17115529879078256	17.11	38.26	0.29	iteration	3      49995  5.7257941E-02  9.80E-03   17.11   38.26    0.29
C_W15_LH_M0_A00_S3_F0	fixed	W15_LH_M0_A00_S3_F0	A00	F0	S3	M0	LH	W15	NR	149	4	50001	0.065917486	0.00892	0.13532069472431035	13.54	30.27	0.19	iteration	4      50001  6.5917486E-02  8.92E-03   13.54   30.27*   0.19
C_W15_LH_M0_A00_S3_F0	fixed	W15_LH_M0_A00_S3_F0	A00	F0	S3	M0	LH	W15	NR	150	5	49996	0.068295348	0.00828	0.12123812591159208	12.12	27.1	0.18	iteration	5      49996  6.8295348E-02  8.28E-03   12.12   27.10*   0.18
C_W15_LH_M0_A00_S3_F0	fixed	W15_LH_M0_A00_S3_F0	A00	F0	S3	M0	LH	W15	NR	152	5	250002	0.059256956	0.00393	0.0663213277442061	6.63	33.13	0.18	aggregate	5     250002  5.9256956E-02  3.93E-03    6.63   33.13    0.18    0.99   5
C_W15_LH_M0_A00_S3_F0	fixed	W15_LH_M0_A00_S3_F0	A00	F0	S3	M0	LH	W15	NR	155	6	200007	0.071296993	0.00361	0.05063327144806794	5.06	22.64	0.11	iteration	6     200007  7.1296993E-02  3.61E-03    5.06   22.64*   0.11
C_W15_LH_M0_A00_S3_F0	fixed	W15_LH_M0_A00_S3_F0	A00	F0	S3	M0	LH	W15	NR	156	7	200007	0.088628824	0.00969	0.1093323770154053	10.93	48.9	0.08	iteration	7     200007  8.8628824E-02  9.69E-03   10.93   48.90    0.08
C_W15_LH_M0_A00_S3_F0	fixed	W15_LH_M0_A00_S3_F0	A00	F0	S3	M0	LH	W15	NR	157	8	200007	0.08252052	0.00846	0.10251995503663816	10.25	45.86	0.06	iteration	8     200007  8.2520520E-02  8.46E-03   10.25   45.86*   0.06
C_W15_LH_M0_A00_S3_F0	fixed	W15_LH_M0_A00_S3_F0	A00	F0	S3	M0	LH	W15	NR	159	8	600021	0.07466413	0.00314	0.04205500017210406	4.21	32.59	0.06	aggregate	8     600021  7.4664130E-02  3.14E-03    4.21   32.59    0.06    1.90   3
P_W15_LH_M0_A00_S4	adaptive	W15_LH_M0_A00_S4	A00		S4	M0	LH	W15	NR	150	1	50006	0.056939925	0.0115	0.2019672488153084	20.21	45.2	2.36	iteration	1      50006  5.6939925E-02  1.15E-02   20.21   45.20*   2.36
P_W15_LH_M0_A00_S4	adaptive	W15_LH_M0_A00_S4	A00		S4	M0	LH	W15	NR	151	2	50005	0.047193282	0.00671	0.14218125367928425	14.22	31.79	0.46	iteration	2      50005  4.7193282E-02  6.71E-03   14.22   31.79*   0.46
P_W15_LH_M0_A00_S4	adaptive	W15_LH_M0_A00_S4	A00		S4	M0	LH	W15	NR	152	3	50000	0.055316803	0.00838	0.15149103971174907	15.15	33.88	0.25	iteration	3      50000  5.5316803E-02  8.38E-03   15.15   33.88    0.25
P_W15_LH_M0_A00_S4	adaptive	W15_LH_M0_A00_S4	A00		S4	M0	LH	W15	NR	153	4	50000	0.062022372	0.0144	0.2321742870459711	23.23	51.95	0.15	iteration	4      50000  6.2022372E-02  1.44E-02   23.23   51.95    0.15
P_W15_LH_M0_A00_S4	adaptive	W15_LH_M0_A00_S4	A00		S4	M0	LH	W15	NR	154	5	50009	0.046308849	0.004	0.08637657999230341	8.63	19.3	0.3	iteration	5      50009  4.6308849E-02  4.00E-03    8.63   19.30*   0.30
P_W15_LH_M0_A00_S4	adaptive	W15_LH_M0_A00_S4	A00		S4	M0	LH	W15	NR	156	5	250020	0.049036004	0.003	0.06117953657072057	6.11	30.55	0.3	aggregate	5     250020  4.9036004E-02  3.00E-03    6.11   30.55    0.30    0.60   5
C_W15_LH_M0_A00_S4_F0	fixed	W15_LH_M0_A00_S4_F0	A00	F0	S4	M0	LH	W15	NR	146	1	50006	0.056939925	0.0115	0.2019672488153084	20.21	45.2	2.36	iteration	1      50006  5.6939925E-02  1.15E-02   20.21   45.20*   2.36
C_W15_LH_M0_A00_S4_F0	fixed	W15_LH_M0_A00_S4_F0	A00	F0	S4	M0	LH	W15	NR	147	2	50005	0.047193282	0.00671	0.14218125367928425	14.22	31.79	0.46	iteration	2      50005  4.7193282E-02  6.71E-03   14.22   31.79*   0.46
C_W15_LH_M0_A00_S4_F0	fixed	W15_LH_M0_A00_S4_F0	A00	F0	S4	M0	LH	W15	NR	148	3	50000	0.055316803	0.00838	0.15149103971174907	15.15	33.88	0.25	iteration	3      50000  5.5316803E-02  8.38E-03   15.15   33.88    0.25
C_W15_LH_M0_A00_S4_F0	fixed	W15_LH_M0_A00_S4_F0	A00	F0	S4	M0	LH	W15	NR	149	4	50000	0.062022372	0.0144	0.2321742870459711	23.23	51.95	0.15	iteration	4      50000  6.2022372E-02  1.44E-02   23.23   51.95    0.15
C_W15_LH_M0_A00_S4_F0	fixed	W15_LH_M0_A00_S4_F0	A00	F0	S4	M0	LH	W15	NR	150	5	50009	0.046308849	0.004	0.08637657999230341	8.63	19.3	0.3	iteration	5      50009  4.6308849E-02  4.00E-03    8.63   19.30*   0.30
C_W15_LH_M0_A00_S4_F0	fixed	W15_LH_M0_A00_S4_F0	A00	F0	S4	M0	LH	W15	NR	152	5	250020	0.049036004	0.003	0.06117953657072057	6.11	30.55	0.3	aggregate	5     250020  4.9036004E-02  3.00E-03    6.11   30.55    0.30    0.60   5
C_W15_LH_M0_A00_S4_F0	fixed	W15_LH_M0_A00_S4_F0	A00	F0	S4	M0	LH	W15	NR	155	6	199999	0.082526842	0.0155	0.1878176799737472	18.79	84.04	0.08	iteration	6     199999  8.2526842E-02  1.55E-02   18.79   84.04    0.08
C_W15_LH_M0_A00_S4_F0	fixed	W15_LH_M0_A00_S4_F0	A00	F0	S4	M0	LH	W15	NR	156	7	199999	0.11249009	0.0477	0.4240373529792713	42.45	189.83	0.14	iteration	7     199999  1.1249009E-01  4.77E-02   42.45  189.83    0.14
C_W15_LH_M0_A00_S4_F0	fixed	W15_LH_M0_A00_S4_F0	A00	F0	S4	M0	LH	W15	NR	157	8	199999	0.074503034	0.0104	0.13959163059050722	13.99	62.56	0.06	iteration	8     199999  7.4503034E-02  1.04E-02   13.99   62.56*   0.06
C_W15_LH_M0_A00_S4_F0	fixed	W15_LH_M0_A00_S4_F0	A00	F0	S4	M0	LH	W15	NR	159	8	599997	0.078127016	0.00851	0.10892518920727756	10.89	84.39	0.06	aggregate	8     599997  7.8127016E-02  8.51E-03   10.89   84.39    0.06    0.36   3
P_W15_LH_M0_A00_S5	adaptive	W15_LH_M0_A00_S5	A00		S5	M0	LH	W15	NR	150	1	50020	0.097503431	0.0196	0.2010185672338033	20.14	45.04	2.67	iteration	1      50020  9.7503431E-02  1.96E-02   20.14   45.04*   2.67
P_W15_LH_M0_A00_S5	adaptive	W15_LH_M0_A00_S5	A00		S5	M0	LH	W15	NR	151	2	49996	0.048391353	0.00721	0.14899356089506322	14.89	33.3	0.42	iteration	2      49996  4.8391353E-02  7.21E-03   14.89   33.30*   0.42
P_W15_LH_M0_A00_S5	adaptive	W15_LH_M0_A00_S5	A00		S5	M0	LH	W15	NR	152	3	50002	0.32177782	0.246	0.7645026621163634	76.51	171.09	0.41	iteration	3      50002  3.2177782E-01  2.46E-01   76.51  171.09    0.41
P_W15_LH_M0_A00_S5	adaptive	W15_LH_M0_A00_S5	A00		S5	M0	LH	W15	NR	153	4	50002	0.070874757	0.00792	0.11174641487659705	11.17	24.98	0.27	iteration	4      50002  7.0874757E-02  7.92E-03   11.17   24.98*   0.27
P_W15_LH_M0_A00_S5	adaptive	W15_LH_M0_A00_S5	A00		S5	M0	LH	W15	NR	154	5	50001	0.085670872	0.00891	0.10400267666237832	10.4	23.26	0.44	iteration	5      50001  8.5670872E-02  8.91E-03   10.40   23.26*   0.44
P_W15_LH_M0_A00_S5	adaptive	W15_LH_M0_A00_S5	A00		S5	M0	LH	W15	NR	156	5	250021	0.067436019	0.00445	0.06598847420100525	6.6	33.02	0.44	aggregate	5     250021  6.7436019E-02  4.45E-03    6.60   33.02    0.44    3.69   5
C_W15_LH_M0_A00_S5_F0	fixed	W15_LH_M0_A00_S5_F0	A00	F0	S5	M0	LH	W15	NR	146	1	50020	0.097503431	0.0196	0.2010185672338033	20.14	45.04	2.67	iteration	1      50020  9.7503431E-02  1.96E-02   20.14   45.04*   2.67
C_W15_LH_M0_A00_S5_F0	fixed	W15_LH_M0_A00_S5_F0	A00	F0	S5	M0	LH	W15	NR	147	2	49996	0.048391353	0.00721	0.14899356089506322	14.89	33.3	0.42	iteration	2      49996  4.8391353E-02  7.21E-03   14.89   33.30*   0.42
C_W15_LH_M0_A00_S5_F0	fixed	W15_LH_M0_A00_S5_F0	A00	F0	S5	M0	LH	W15	NR	148	3	50002	0.32177782	0.246	0.7645026621163634	76.51	171.09	0.41	iteration	3      50002  3.2177782E-01  2.46E-01   76.51  171.09    0.41
C_W15_LH_M0_A00_S5_F0	fixed	W15_LH_M0_A00_S5_F0	A00	F0	S5	M0	LH	W15	NR	149	4	50002	0.070874757	0.00792	0.11174641487659705	11.17	24.98	0.27	iteration	4      50002  7.0874757E-02  7.92E-03   11.17   24.98*   0.27
C_W15_LH_M0_A00_S5_F0	fixed	W15_LH_M0_A00_S5_F0	A00	F0	S5	M0	LH	W15	NR	150	5	50001	0.085670872	0.00891	0.10400267666237832	10.4	23.26	0.44	iteration	5      50001  8.5670872E-02  8.91E-03   10.40   23.26*   0.44
C_W15_LH_M0_A00_S5_F0	fixed	W15_LH_M0_A00_S5_F0	A00	F0	S5	M0	LH	W15	NR	152	5	250021	0.067436019	0.00445	0.06598847420100525	6.6	33.02	0.44	aggregate	5     250021  6.7436019E-02  4.45E-03    6.60   33.02    0.44    3.69   5
C_W15_LH_M0_A00_S5_F0	fixed	W15_LH_M0_A00_S5_F0	A00	F0	S5	M0	LH	W15	NR	155	6	199991	0.22566063	0.0947	0.4196567208023837	41.95	187.58	0.07	iteration	6     199991  2.2566063E-01  9.47E-02   41.95  187.58    0.07
C_W15_LH_M0_A00_S5_F0	fixed	W15_LH_M0_A00_S5_F0	A00	F0	S5	M0	LH	W15	NR	156	7	199991	0.084075357	0.0119	0.14153969039941158	14.21	63.54	0.17	iteration	7     199991  8.4075357E-02  1.19E-02   14.21   63.54*   0.17
C_W15_LH_M0_A00_S5_F0	fixed	W15_LH_M0_A00_S5_F0	A00	F0	S5	M0	LH	W15	NR	157	8	199991	0.075182357	0.00433	0.057593299449231146	5.76	25.76	0.14	iteration	8     199991  7.5182357E-02  4.33E-03    5.76   25.76*   0.14
C_W15_LH_M0_A00_S5_F0	fixed	W15_LH_M0_A00_S5_F0	A00	F0	S5	M0	LH	W15	NR	159	8	599973	0.076491397	0.00407	0.05320859808587363	5.32	41.19	0.14	aggregate	8     599973  7.6491397E-02  4.07E-03    5.32   41.19    0.14    1.49   3
P_W15_LH_M0_A00_S6	adaptive	W15_LH_M0_A00_S6	A00		S6	M0	LH	W15	NR	150	1	50026	0.063471784	0.00966	0.15219361094372263	15.22	34.05	2.84	iteration	1      50026  6.3471784E-02  9.66E-03   15.22   34.05*   2.84
P_W15_LH_M0_A00_S6	adaptive	W15_LH_M0_A00_S6	A00		S6	M0	LH	W15	NR	151	2	49994	0.073442033	0.0198	0.26960037993501623	26.92	60.19	0.38	iteration	2      49994  7.3442033E-02  1.98E-02   26.92   60.19    0.38
P_W15_LH_M0_A00_S6	adaptive	W15_LH_M0_A00_S6	A00		S6	M0	LH	W15	NR	152	3	50000	0.060407348	0.00764	0.126474679868416	12.65	28.28	0.34	iteration	3      50000  6.0407348E-02  7.64E-03   12.65   28.28*   0.34
P_W15_LH_M0_A00_S6	adaptive	W15_LH_M0_A00_S6	A00		S6	M0	LH	W15	NR	153	4	49989	0.05805346	0.00587	0.10111369761595605	10.1	22.59	0.27	iteration	4      49989  5.8053460E-02  5.87E-03   10.10   22.59*   0.27
P_W15_LH_M0_A00_S6	adaptive	W15_LH_M0_A00_S6	A00		S6	M0	LH	W15	NR	154	5	50003	0.091881371	0.0207	0.22529049985551478	22.54	50.4	0.15	iteration	5      50003  9.1881371E-02  2.07E-02   22.54   50.40    0.15
P_W15_LH_M0_A00_S6	adaptive	W15_LH_M0_A00_S6	A00		S6	M0	LH	W15	NR	156	5	250012	0.061558687	0.00402	0.06530353709461022	6.53	32.67	0.15	aggregate	5     250012  6.1558687E-02  4.02E-03    6.53   32.67    0.15    0.73   5
C_W15_LH_M0_A00_S6_F0	fixed	W15_LH_M0_A00_S6_F0	A00	F0	S6	M0	LH	W15	NR	146	1	50026	0.063471784	0.00966	0.15219361094372263	15.22	34.05	2.84	iteration	1      50026  6.3471784E-02  9.66E-03   15.22   34.05*   2.84
C_W15_LH_M0_A00_S6_F0	fixed	W15_LH_M0_A00_S6_F0	A00	F0	S6	M0	LH	W15	NR	147	2	49994	0.073442033	0.0198	0.26960037993501623	26.92	60.19	0.38	iteration	2      49994  7.3442033E-02  1.98E-02   26.92   60.19    0.38
C_W15_LH_M0_A00_S6_F0	fixed	W15_LH_M0_A00_S6_F0	A00	F0	S6	M0	LH	W15	NR	148	3	50000	0.060407348	0.00764	0.126474679868416	12.65	28.28	0.34	iteration	3      50000  6.0407348E-02  7.64E-03   12.65   28.28*   0.34
C_W15_LH_M0_A00_S6_F0	fixed	W15_LH_M0_A00_S6_F0	A00	F0	S6	M0	LH	W15	NR	149	4	49989	0.05805346	0.00587	0.10111369761595605	10.1	22.59	0.27	iteration	4      49989  5.8053460E-02  5.87E-03   10.10   22.59*   0.27
C_W15_LH_M0_A00_S6_F0	fixed	W15_LH_M0_A00_S6_F0	A00	F0	S6	M0	LH	W15	NR	150	5	50003	0.091881371	0.0207	0.22529049985551478	22.54	50.4	0.15	iteration	5      50003  9.1881371E-02  2.07E-02   22.54   50.40    0.15
C_W15_LH_M0_A00_S6_F0	fixed	W15_LH_M0_A00_S6_F0	A00	F0	S6	M0	LH	W15	NR	152	5	250012	0.061558687	0.00402	0.06530353709461022	6.53	32.67	0.15	aggregate	5     250012  6.1558687E-02  4.02E-03    6.53   32.67    0.15    0.73   5
C_W15_LH_M0_A00_S6_F0	fixed	W15_LH_M0_A00_S6_F0	A00	F0	S6	M0	LH	W15	NR	155	6	200004	0.10366823	0.0179	0.17266620641637268	17.3	77.37	0.03	iteration	6     200004  1.0366823E-01  1.79E-02   17.30   77.37    0.03
C_W15_LH_M0_A00_S6_F0	fixed	W15_LH_M0_A00_S6_F0	A00	F0	S6	M0	LH	W15	NR	156	7	200004	0.067511835	0.00465	0.06887681248776602	6.89	30.8	0.06	iteration	7     200004  6.7511835E-02  4.65E-03    6.89   30.80*   0.06
C_W15_LH_M0_A00_S6_F0	fixed	W15_LH_M0_A00_S6_F0	A00	F0	S6	M0	LH	W15	NR	157	8	200004	0.064829213	0.00379	0.05846129892090469	5.84	26.12	0.07	iteration	8     200004  6.4829213E-02  3.79E-03    5.84   26.12*   0.07
C_W15_LH_M0_A00_S6_F0	fixed	W15_LH_M0_A00_S6_F0	A00	F0	S6	M0	LH	W15	NR	159	8	600012	0.066884274	0.0029	0.0433584731741276	4.33	33.56	0.07	aggregate	8     600012  6.6884274E-02  2.90E-03    4.33   33.56    0.07    2.26   3
P_W15_LH_M0_A00_S7	adaptive	W15_LH_M0_A00_S7	A00		S7	M0	LH	W15	NR	150	1	50029	0.094645965	0.0194	0.20497440118022994	20.55	45.96	2.44	iteration	1      50029  9.4645965E-02  1.94E-02   20.55   45.96*   2.44
P_W15_LH_M0_A00_S7	adaptive	W15_LH_M0_A00_S7	A00		S7	M0	LH	W15	NR	151	2	50000	0.060857672	0.0125	0.20539727513730727	20.48	45.79	0.4	iteration	2      50000  6.0857672E-02  1.25E-02   20.48   45.79*   0.40
P_W15_LH_M0_A00_S7	adaptive	W15_LH_M0_A00_S7	A00		S7	M0	LH	W15	NR	152	3	50017	0.060697521	0.00613	0.10099259243223459	10.1	22.58	0.45	iteration	3      50017  6.0697521E-02  6.13E-03   10.10   22.58*   0.45
P_W15_LH_M0_A00_S7	adaptive	W15_LH_M0_A00_S7	A00		S7	M0	LH	W15	NR	153	4	49997	0.08740856	0.013	0.14872685238150588	14.92	33.37	0.21	iteration	4      49997  8.7408560E-02  1.30E-02   14.92   33.37    0.21
P_W15_LH_M0_A00_S7	adaptive	W15_LH_M0_A00_S7	A00		S7	M0	LH	W15	NR	154	5	50004	0.085105202	0.0129	0.15157710335967475	15.19	33.96	0.15	iteration	5      50004  8.5105202E-02  1.29E-02   15.19   33.96    0.15
P_W15_LH_M0_A00_S7	adaptive	W15_LH_M0_A00_S7	A00		S7	M0	LH	W15	NR	156	5	250047	0.068977012	0.00458	0.0663989330242371	6.65	33.24	0.15	aggregate	5     250047  6.8977012E-02  4.58E-03    6.65   33.24    0.15    1.89   5
C_W15_LH_M0_A00_S7_F0	fixed	W15_LH_M0_A00_S7_F0	A00	F0	S7	M0	LH	W15	NR	146	1	50029	0.094645965	0.0194	0.20497440118022994	20.55	45.96	2.44	iteration	1      50029  9.4645965E-02  1.94E-02   20.55   45.96*   2.44
C_W15_LH_M0_A00_S7_F0	fixed	W15_LH_M0_A00_S7_F0	A00	F0	S7	M0	LH	W15	NR	147	2	50000	0.060857672	0.0125	0.20539727513730727	20.48	45.79	0.4	iteration	2      50000  6.0857672E-02  1.25E-02   20.48   45.79*   0.40
C_W15_LH_M0_A00_S7_F0	fixed	W15_LH_M0_A00_S7_F0	A00	F0	S7	M0	LH	W15	NR	148	3	50017	0.060697521	0.00613	0.10099259243223459	10.1	22.58	0.45	iteration	3      50017  6.0697521E-02  6.13E-03   10.10   22.58*   0.45
C_W15_LH_M0_A00_S7_F0	fixed	W15_LH_M0_A00_S7_F0	A00	F0	S7	M0	LH	W15	NR	149	4	49997	0.08740856	0.013	0.14872685238150588	14.92	33.37	0.21	iteration	4      49997  8.7408560E-02  1.30E-02   14.92   33.37    0.21
C_W15_LH_M0_A00_S7_F0	fixed	W15_LH_M0_A00_S7_F0	A00	F0	S7	M0	LH	W15	NR	150	5	50004	0.085105202	0.0129	0.15157710335967475	15.19	33.96	0.15	iteration	5      50004  8.5105202E-02  1.29E-02   15.19   33.96    0.15
C_W15_LH_M0_A00_S7_F0	fixed	W15_LH_M0_A00_S7_F0	A00	F0	S7	M0	LH	W15	NR	152	5	250047	0.068977012	0.00458	0.0663989330242371	6.65	33.24	0.15	aggregate	5     250047  6.8977012E-02  4.58E-03    6.65   33.24    0.15    1.89   5
C_W15_LH_M0_A00_S7_F0	fixed	W15_LH_M0_A00_S7_F0	A00	F0	S7	M0	LH	W15	NR	155	6	200005	0.083259096	0.00627	0.07530708716798942	7.54	33.7	0.05	iteration	6     200005  8.3259096E-02  6.27E-03    7.54   33.70*   0.05
C_W15_LH_M0_A00_S7_F0	fixed	W15_LH_M0_A00_S7_F0	A00	F0	S7	M0	LH	W15	NR	156	7	200005	0.10021754	0.0198	0.1975702057743585	19.77	88.41	0.02	iteration	7     200005  1.0021754E-01  1.98E-02   19.77   88.41    0.02
C_W15_LH_M0_A00_S7_F0	fixed	W15_LH_M0_A00_S7_F0	A00	F0	S7	M0	LH	W15	NR	157	8	200005	0.068543259	0.00194	0.02830329383667036	2.83	12.65	0.15	iteration	8     200005  6.8543259E-02  1.94E-03    2.83   12.65*   0.15
C_W15_LH_M0_A00_S7_F0	fixed	W15_LH_M0_A00_S7_F0	A00	F0	S7	M0	LH	W15	NR	159	8	600015	0.070089808	0.00184	0.026252033676565357	2.63	20.39	0.15	aggregate	8     600015  7.0089808E-02  1.84E-03    2.63   20.39    0.15    3.68   3
P_W15_LH_M1_A07_S0	adaptive	W15_LH_M1_A07_S0	A07		S0	M1	LH	W15	NR	150	1	99979	0.091482981	0.0171	0.1869200130240618	18.68	59.05	1.47	iteration	1      99979  9.1482981E-02  1.71E-02   18.68   59.05*   1.47
P_W15_LH_M1_A07_S0	adaptive	W15_LH_M1_A07_S0	A07		S0	M1	LH	W15	NR	151	2	100016	0.065866348	0.00841	0.1276828039714605	12.77	40.37	0.27	iteration	2     100016  6.5866348E-02  8.41E-03   12.77   40.37*   0.27
P_W15_LH_M1_A07_S0	adaptive	W15_LH_M1_A07_S0	A07		S0	M1	LH	W15	NR	152	3	99992	0.083244014	0.00821	0.09862571019220673	9.86	31.19	0.16	iteration	3      99992  8.3244014E-02  8.21E-03    9.86   31.19*   0.16
P_W15_LH_M1_A07_S0	adaptive	W15_LH_M1_A07_S0	A07		S0	M1	LH	W15	NR	153	4	100007	0.075754294	0.00563	0.07431921944913115	7.43	23.49	0.21	iteration	4     100007  7.5754294E-02  5.63E-03    7.43   23.49*   0.21
P_W15_LH_M1_A07_S0	adaptive	W15_LH_M1_A07_S0	A07		S0	M1	LH	W15	NR	154	5	100006	0.083001871	0.00353	0.04252916178238922	4.26	13.46	0.22	iteration	5     100006  8.3001871E-02  3.53E-03    4.26   13.46*   0.22
P_W15_LH_M1_A07_S0	adaptive	W15_LH_M1_A07_S0	A07		S0	M1	LH	W15	NR	155	6	99991	0.083331638	0.00576	0.06912140620588786	6.91	21.84	0.18	iteration	6      99991  8.3331638E-02  5.76E-03    6.91   21.84    0.18
P_W15_LH_M1_A07_S0	adaptive	W15_LH_M1_A07_S0	A07		S0	M1	LH	W15	NR	156	7	99997	0.079142518	0.00181	0.022870134104148673	2.28	7.22	0.59	iteration	7      99997  7.9142518E-02  1.81E-03    2.28    7.22*   0.59
P_W15_LH_M1_A07_S0	adaptive	W15_LH_M1_A07_S0	A07		S0	M1	LH	W15	NR	157	8	99995	0.092489465	0.0147	0.15893702055688178	15.92	50.33	0.12	iteration	8      99995  9.2489465E-02  1.47E-02   15.92   50.33    0.12
P_W15_LH_M1_A07_S0	adaptive	W15_LH_M1_A07_S0	A07		S0	M1	LH	W15	NR	158	9	99993	0.081281567	0.00317	0.03900023236510684	3.9	12.33	0.45	iteration	9      99993  8.1281567E-02  3.17E-03    3.90   12.33*   0.45
P_W15_LH_M1_A07_S0	adaptive	W15_LH_M1_A07_S0	A07		S0	M1	LH	W15	NR	159	10	100001	0.094965431	0.0103	0.10846051970216404	10.86	34.35	0.22	iteration	10     100001  9.4965431E-02  1.03E-02   10.86   34.35    0.22
P_W15_LH_M1_A07_S0	adaptive	W15_LH_M1_A07_S0	A07		S0	M1	LH	W15	NR	161	10	999977	0.080265745	0.0013	0.01619619926283622	1.62	16.16	0.22	aggregate	10     999977  8.0265745E-02  1.30E-03    1.62   16.16    0.22    0.91  10
C_W15_LH_M1_A07_S0_F0	fixed	W15_LH_M1_A07_S0_F0	A07	F0	S0	M1	LH	W15	NR	146	1	99979	0.091482981	0.0171	0.1869200130240618	18.68	59.05	1.47	iteration	1      99979  9.1482981E-02  1.71E-02   18.68   59.05*   1.47
C_W15_LH_M1_A07_S0_F0	fixed	W15_LH_M1_A07_S0_F0	A07	F0	S0	M1	LH	W15	NR	147	2	100016	0.065866348	0.00841	0.1276828039714605	12.77	40.37	0.27	iteration	2     100016  6.5866348E-02  8.41E-03   12.77   40.37*   0.27
C_W15_LH_M1_A07_S0_F0	fixed	W15_LH_M1_A07_S0_F0	A07	F0	S0	M1	LH	W15	NR	148	3	99992	0.083244014	0.00821	0.09862571019220673	9.86	31.19	0.16	iteration	3      99992  8.3244014E-02  8.21E-03    9.86   31.19*   0.16
C_W15_LH_M1_A07_S0_F0	fixed	W15_LH_M1_A07_S0_F0	A07	F0	S0	M1	LH	W15	NR	149	4	100007	0.075754294	0.00563	0.07431921944913115	7.43	23.49	0.21	iteration	4     100007  7.5754294E-02  5.63E-03    7.43   23.49*   0.21
C_W15_LH_M1_A07_S0_F0	fixed	W15_LH_M1_A07_S0_F0	A07	F0	S0	M1	LH	W15	NR	150	5	100006	0.083001871	0.00353	0.04252916178238922	4.26	13.46	0.22	iteration	5     100006  8.3001871E-02  3.53E-03    4.26   13.46*   0.22
C_W15_LH_M1_A07_S0_F0	fixed	W15_LH_M1_A07_S0_F0	A07	F0	S0	M1	LH	W15	NR	151	6	99991	0.083331638	0.00576	0.06912140620588786	6.91	21.84	0.18	iteration	6      99991  8.3331638E-02  5.76E-03    6.91   21.84    0.18
C_W15_LH_M1_A07_S0_F0	fixed	W15_LH_M1_A07_S0_F0	A07	F0	S0	M1	LH	W15	NR	152	7	99997	0.079142518	0.00181	0.022870134104148673	2.28	7.22	0.59	iteration	7      99997  7.9142518E-02  1.81E-03    2.28    7.22*   0.59
C_W15_LH_M1_A07_S0_F0	fixed	W15_LH_M1_A07_S0_F0	A07	F0	S0	M1	LH	W15	NR	153	8	99995	0.092489465	0.0147	0.15893702055688178	15.92	50.33	0.12	iteration	8      99995  9.2489465E-02  1.47E-02   15.92   50.33    0.12
C_W15_LH_M1_A07_S0_F0	fixed	W15_LH_M1_A07_S0_F0	A07	F0	S0	M1	LH	W15	NR	154	9	99993	0.081281567	0.00317	0.03900023236510684	3.9	12.33	0.45	iteration	9      99993  8.1281567E-02  3.17E-03    3.90   12.33*   0.45
C_W15_LH_M1_A07_S0_F0	fixed	W15_LH_M1_A07_S0_F0	A07	F0	S0	M1	LH	W15	NR	155	10	100001	0.094965431	0.0103	0.10846051970216404	10.86	34.35	0.22	iteration	10     100001  9.4965431E-02  1.03E-02   10.86   34.35    0.22
C_W15_LH_M1_A07_S0_F0	fixed	W15_LH_M1_A07_S0_F0	A07	F0	S0	M1	LH	W15	NR	157	10	999977	0.080265745	0.0013	0.01619619926283622	1.62	16.16	0.22	aggregate	10     999977  8.0265745E-02  1.30E-03    1.62   16.16    0.22    0.91  10
C_W15_LH_M1_A07_S0_F0	fixed	W15_LH_M1_A07_S0_F0	A07	F0	S0	M1	LH	W15	NR	160	11	200006	0.079665175	0.00139	0.017448025438970036	1.74	7.8	0.43	iteration	11     200006  7.9665175E-02  1.39E-03    1.74    7.80*   0.43
C_W15_LH_M1_A07_S0_F0	fixed	W15_LH_M1_A07_S0_F0	A07	F0	S0	M1	LH	W15	NR	161	12	200006	0.083771453	0.0033	0.039392894378947926	3.94	17.64	0.35	iteration	12     200006  8.3771453E-02  3.30E-03    3.94   17.64    0.35
C_W15_LH_M1_A07_S0_F0	fixed	W15_LH_M1_A07_S0_F0	A07	F0	S0	M1	LH	W15	NR	162	13	200006	0.080972845	0.0012	0.014819783101359472	1.48	6.63	0.38	iteration	13     200006  8.0972845E-02  1.20E-03    1.48    6.63*   0.38
C_W15_LH_M1_A07_S0_F0	fixed	W15_LH_M1_A07_S0_F0	A07	F0	S0	M1	LH	W15	NR	164	13	600018	0.080649579	0.000875	0.010849405673896946	1.09	8.41	0.38	aggregate	13     600018  8.0649579E-02  8.75E-04    1.09    8.41    0.38    0.73   3
P_W15_LH_M1_A07_S1	adaptive	W15_LH_M1_A07_S1	A07		S1	M1	LH	W15	NR	150	1	99980	0.075528146	0.01	0.1324009727446507	13.27	41.96	1.61	iteration	1      99980  7.5528146E-02  1.00E-02   13.27   41.96*   1.61
P_W15_LH_M1_A07_S1	adaptive	W15_LH_M1_A07_S1	A07		S1	M1	LH	W15	NR	151	2	99997	0.071961951	0.012	0.1667547896248672	16.71	52.83	0.19	iteration	2      99997  7.1961951E-02  1.20E-02   16.71   52.83    0.19
P_W15_LH_M1_A07_S1	adaptive	W15_LH_M1_A07_S1	A07		S1	M1	LH	W15	NR	152	3	99986	0.070394516	0.00461	0.06548805591617393	6.55	20.7	0.21	iteration	3      99986  7.0394516E-02  4.61E-03    6.55   20.70*   0.21
P_W15_LH_M1_A07_S1	adaptive	W15_LH_M1_A07_S1	A07		S1	M1	LH	W15	NR	153	4	99999	0.84801966	0.766	0.9032809451611064	90.34	285.68	0.03	iteration	4      99999  8.4801966E-01  7.66E-01   90.34  285.68    0.03
P_W15_LH_M1_A07_S1	adaptive	W15_LH_M1_A07_S1	A07		S1	M1	LH	W15	NR	154	5	99999	0.079435264	0.00421	0.052999131468865014	5.29	16.74	0.11	iteration	5      99999  7.9435264E-02  4.21E-03    5.29   16.74*   0.11
P_W15_LH_M1_A07_S1	adaptive	W15_LH_M1_A07_S1	A07		S1	M1	LH	W15	NR	155	6	99996	0.081856865	0.00386	0.0471554829274246	4.71	14.9	0.22	iteration	6      99996  8.1856865E-02  3.86E-03    4.71   14.90*   0.22
P_W15_LH_M1_A07_S1	adaptive	W15_LH_M1_A07_S1	A07		S1	M1	LH	W15	NR	156	7	99991	0.2087084	0.0788	0.37756027069346515	37.75	119.36	0.02	iteration	7      99991  2.0870840E-01  7.88E-02   37.75  119.36    0.02
P_W15_LH_M1_A07_S1	adaptive	W15_LH_M1_A07_S1	A07		S1	M1	LH	W15	NR	157	8	100001	0.31871521	0.0618	0.1939035165595015	19.39	61.3	0.01	iteration	8     100001  3.1871521E-01  6.18E-02   19.39   61.30*   0.01
P_W15_LH_M1_A07_S1	adaptive	W15_LH_M1_A07_S1	A07		S1	M1	LH	W15	NR	158	9	100000	4.2022953	1.34	0.3188733547592431	32.0	101.18	0.01	iteration	9     100000  4.2022953E+00  1.34E+00   32.00  101.18    0.01
P_W15_LH_M1_A07_S1	adaptive	W15_LH_M1_A07_S1	A07		S1	M1	LH	W15	NR	159	10	100003	33.349748	14.5	0.43478589403434176	43.44	137.37	0.0	iteration	10     100003  3.3349748E+01  1.45E+01   43.44  137.37    0.00
P_W15_LH_M1_A07_S1	adaptive	W15_LH_M1_A07_S1	A07		S1	M1	LH	W15	NR	161	10	999952	0.078020159	0.00231	0.029607732534869608	2.96	29.55	0.0	aggregate	10     999952  7.8020159E-02  2.31E-03    2.96   29.55    0.00    4.20  10
C_W15_LH_M1_A07_S1_F0	fixed	W15_LH_M1_A07_S1_F0	A07	F0	S1	M1	LH	W15	NR	146	1	99980	0.075528146	0.01	0.1324009727446507	13.27	41.96	1.61	iteration	1      99980  7.5528146E-02  1.00E-02   13.27   41.96*   1.61
C_W15_LH_M1_A07_S1_F0	fixed	W15_LH_M1_A07_S1_F0	A07	F0	S1	M1	LH	W15	NR	147	2	99997	0.071961951	0.012	0.1667547896248672	16.71	52.83	0.19	iteration	2      99997  7.1961951E-02  1.20E-02   16.71   52.83    0.19
C_W15_LH_M1_A07_S1_F0	fixed	W15_LH_M1_A07_S1_F0	A07	F0	S1	M1	LH	W15	NR	148	3	99986	0.070394516	0.00461	0.06548805591617393	6.55	20.7	0.21	iteration	3      99986  7.0394516E-02  4.61E-03    6.55   20.70*   0.21
C_W15_LH_M1_A07_S1_F0	fixed	W15_LH_M1_A07_S1_F0	A07	F0	S1	M1	LH	W15	NR	149	4	99999	0.84801966	0.766	0.9032809451611064	90.34	285.68	0.03	iteration	4      99999  8.4801966E-01  7.66E-01   90.34  285.68    0.03
C_W15_LH_M1_A07_S1_F0	fixed	W15_LH_M1_A07_S1_F0	A07	F0	S1	M1	LH	W15	NR	150	5	99999	0.079435264	0.00421	0.052999131468865014	5.29	16.74	0.11	iteration	5      99999  7.9435264E-02  4.21E-03    5.29   16.74*   0.11
C_W15_LH_M1_A07_S1_F0	fixed	W15_LH_M1_A07_S1_F0	A07	F0	S1	M1	LH	W15	NR	151	6	99996	0.081856865	0.00386	0.0471554829274246	4.71	14.9	0.22	iteration	6      99996  8.1856865E-02  3.86E-03    4.71   14.90*   0.22
C_W15_LH_M1_A07_S1_F0	fixed	W15_LH_M1_A07_S1_F0	A07	F0	S1	M1	LH	W15	NR	152	7	99991	0.2087084	0.0788	0.37756027069346515	37.75	119.36	0.02	iteration	7      99991  2.0870840E-01  7.88E-02   37.75  119.36    0.02
C_W15_LH_M1_A07_S1_F0	fixed	W15_LH_M1_A07_S1_F0	A07	F0	S1	M1	LH	W15	NR	153	8	100001	0.31871521	0.0618	0.1939035165595015	19.39	61.3	0.01	iteration	8     100001  3.1871521E-01  6.18E-02   19.39   61.30*   0.01
C_W15_LH_M1_A07_S1_F0	fixed	W15_LH_M1_A07_S1_F0	A07	F0	S1	M1	LH	W15	NR	154	9	100000	4.2022953	1.34	0.3188733547592431	32.0	101.18	0.01	iteration	9     100000  4.2022953E+00  1.34E+00   32.00  101.18    0.01
C_W15_LH_M1_A07_S1_F0	fixed	W15_LH_M1_A07_S1_F0	A07	F0	S1	M1	LH	W15	NR	155	10	100003	33.349748	14.5	0.43478589403434176	43.44	137.37	0.0	iteration	10     100003  3.3349748E+01  1.45E+01   43.44  137.37    0.00
C_W15_LH_M1_A07_S1_F0	fixed	W15_LH_M1_A07_S1_F0	A07	F0	S1	M1	LH	W15	NR	157	10	999952	0.078020159	0.00231	0.029607732534869608	2.96	29.55	0.0	aggregate	10     999952  7.8020159E-02  2.31E-03    2.96   29.55    0.00    4.20  10
C_W15_LH_M1_A07_S1_F0	fixed	W15_LH_M1_A07_S1_F0	A07	F0	S1	M1	LH	W15	NR	160	11	149813	95.776638	24.1	0.2516271243515564	25.15	97.33	0.01	iteration	11     149813  9.5776638E+01  2.41E+01   25.15   97.33*   0.01
C_W15_LH_M1_A07_S1_F0	fixed	W15_LH_M1_A07_S1_F0	A07	F0	S1	M1	LH	W15	NR	161	12	149813	59.107883	10.8	0.1827167452436082	18.29	70.78	0.01	iteration	12     149813  5.9107883E+01  1.08E+01   18.29   70.78*   0.01
C_W15_LH_M1_A07_S1_F0	fixed	W15_LH_M1_A07_S1_F0	A07	F0	S1	M1	LH	W15	NR	162	13	149813	184.08302	109.0	0.5921241405100807	59.42	230.0	0.0	iteration	13     149813  1.8408302E+02  1.09E+02   59.42  230.00    0.00
C_W15_LH_M1_A07_S1_F0	fixed	W15_LH_M1_A07_S1_F0	A07	F0	S1	M1	LH	W15	NR	164	13	449439	66.212825	9.82	0.14830963638841874	14.83	99.44	0.0	aggregate	13     449439  6.6212825E+01  9.82E+00   14.83   99.44    0.00    1.55   3
P_W15_LH_M1_A07_S2	adaptive	W15_LH_M1_A07_S2	A07		S2	M1	LH	W15	NR	150	1	100008	0.12226534	0.0441	0.3606909366137615	36.06	114.05	1.28	iteration	1     100008  1.2226534E-01  4.41E-02   36.06  114.05*   1.28
P_W15_LH_M1_A07_S2	adaptive	W15_LH_M1_A07_S2	A07		S2	M1	LH	W15	NR	151	2	100003	0.078957933	0.00767	0.09714033420809028	9.72	30.73	0.34	iteration	2     100003  7.8957933E-02  7.67E-03    9.72   30.73*   0.34
P_W15_LH_M1_A07_S2	adaptive	W15_LH_M1_A07_S2	A07		S2	M1	LH	W15	NR	152	3	99999	0.079091367	0.00509	0.06435594924032607	6.43	20.33	0.24	iteration	3      99999  7.9091367E-02  5.09E-03    6.43   20.33*   0.24
P_W15_LH_M1_A07_S2	adaptive	W15_LH_M1_A07_S2	A07		S2	M1	LH	W15	NR	153	4	99994	0.074097548	0.00312	0.04210665648477329	4.21	13.33	0.35	iteration	4      99994  7.4097548E-02  3.12E-03    4.21   13.33*   0.35
P_W15_LH_M1_A07_S2	adaptive	W15_LH_M1_A07_S2	A07		S2	M1	LH	W15	NR	154	5	99991	0.37977643	0.298	0.7846721819992883	78.59	248.51	0.06	iteration	5      99991  3.7977643E-01  2.98E-01   78.59  248.51    0.06
P_W15_LH_M1_A07_S2	adaptive	W15_LH_M1_A07_S2	A07		S2	M1	LH	W15	NR	155	6	99991	0.093930212	0.0129	0.13733600430924184	13.7	43.32	0.09	iteration	6      99991  9.3930212E-02  1.29E-02   13.70   43.32*   0.09
P_W15_LH_M1_A07_S2	adaptive	W15_LH_M1_A07_S2	A07		S2	M1	LH	W15	NR	156	7	100000	0.86558825	0.461	0.5325857877576319	53.3	168.56	0.01	iteration	7     100000  8.6558825E-01  4.61E-01   53.30  168.56    0.01
P_W15_LH_M1_A07_S2	adaptive	W15_LH_M1_A07_S2	A07		S2	M1	LH	W15	NR	157	8	100005	0.30933735	0.0707	0.22855306674088982	22.85	72.26	0.01	iteration	8     100005  3.0933735E-01  7.07E-02   22.85   72.26*   0.01
P_W15_LH_M1_A07_S2	adaptive	W15_LH_M1_A07_S2	A07		S2	M1	LH	W15	NR	158	9	99997	15.238287	3.27	0.21459104950576138	21.49	67.94	0.01	iteration	9      99997  1.5238287E+01  3.27E+00   21.49   67.94*   0.01
P_W15_LH_M1_A07_S2	adaptive	W15_LH_M1_A07_S2	A07		S2	M1	LH	W15	NR	159	10	100001	89.234992	21.6	0.24205751035423415	24.21	76.56	0.01	iteration	10     100001  8.9234992E+01  2.16E+01   24.21   76.56    0.01
P_W15_LH_M1_A07_S2	adaptive	W15_LH_M1_A07_S2	A07		S2	M1	LH	W15	NR	161	10	999989	0.076983337	0.00246	0.03195496708592926	3.2	31.98	0.01	aggregate	10     999989  7.6983337E-02  2.46E-03    3.20   31.98    0.01    6.35  10
C_W15_LH_M1_A07_S2_F0	fixed	W15_LH_M1_A07_S2_F0	A07	F0	S2	M1	LH	W15	NR	146	1	100008	0.12226534	0.0441	0.3606909366137615	36.06	114.05	1.28	iteration	1     100008  1.2226534E-01  4.41E-02   36.06  114.05*   1.28
C_W15_LH_M1_A07_S2_F0	fixed	W15_LH_M1_A07_S2_F0	A07	F0	S2	M1	LH	W15	NR	147	2	100003	0.078957933	0.00767	0.09714033420809028	9.72	30.73	0.34	iteration	2     100003  7.8957933E-02  7.67E-03    9.72   30.73*   0.34
C_W15_LH_M1_A07_S2_F0	fixed	W15_LH_M1_A07_S2_F0	A07	F0	S2	M1	LH	W15	NR	148	3	99999	0.079091367	0.00509	0.06435594924032607	6.43	20.33	0.24	iteration	3      99999  7.9091367E-02  5.09E-03    6.43   20.33*   0.24
C_W15_LH_M1_A07_S2_F0	fixed	W15_LH_M1_A07_S2_F0	A07	F0	S2	M1	LH	W15	NR	149	4	99994	0.074097548	0.00312	0.04210665648477329	4.21	13.33	0.35	iteration	4      99994  7.4097548E-02  3.12E-03    4.21   13.33*   0.35
C_W15_LH_M1_A07_S2_F0	fixed	W15_LH_M1_A07_S2_F0	A07	F0	S2	M1	LH	W15	NR	150	5	99991	0.37977643	0.298	0.7846721819992883	78.59	248.51	0.06	iteration	5      99991  3.7977643E-01  2.98E-01   78.59  248.51    0.06
C_W15_LH_M1_A07_S2_F0	fixed	W15_LH_M1_A07_S2_F0	A07	F0	S2	M1	LH	W15	NR	151	6	99991	0.093930212	0.0129	0.13733600430924184	13.7	43.32	0.09	iteration	6      99991  9.3930212E-02  1.29E-02   13.70   43.32*   0.09
C_W15_LH_M1_A07_S2_F0	fixed	W15_LH_M1_A07_S2_F0	A07	F0	S2	M1	LH	W15	NR	152	7	100000	0.86558825	0.461	0.5325857877576319	53.3	168.56	0.01	iteration	7     100000  8.6558825E-01  4.61E-01   53.30  168.56    0.01
C_W15_LH_M1_A07_S2_F0	fixed	W15_LH_M1_A07_S2_F0	A07	F0	S2	M1	LH	W15	NR	153	8	100005	0.30933735	0.0707	0.22855306674088982	22.85	72.26	0.01	iteration	8     100005  3.0933735E-01  7.07E-02   22.85   72.26*   0.01
C_W15_LH_M1_A07_S2_F0	fixed	W15_LH_M1_A07_S2_F0	A07	F0	S2	M1	LH	W15	NR	154	9	99997	15.238287	3.27	0.21459104950576138	21.49	67.94	0.01	iteration	9      99997  1.5238287E+01  3.27E+00   21.49   67.94*   0.01
C_W15_LH_M1_A07_S2_F0	fixed	W15_LH_M1_A07_S2_F0	A07	F0	S2	M1	LH	W15	NR	155	10	100001	89.234992	21.6	0.24205751035423415	24.21	76.56	0.01	iteration	10     100001  8.9234992E+01  2.16E+01   24.21   76.56    0.01
C_W15_LH_M1_A07_S2_F0	fixed	W15_LH_M1_A07_S2_F0	A07	F0	S2	M1	LH	W15	NR	157	10	999989	0.076983337	0.00246	0.03195496708592926	3.2	31.98	0.01	aggregate	10     999989  7.6983337E-02  2.46E-03    3.20   31.98    0.01    6.35  10
C_W15_LH_M1_A07_S2_F0	fixed	W15_LH_M1_A07_S2_F0	A07	F0	S2	M1	LH	W15	NR	160	11	149310	216.63614	63.9	0.2949646351712138	29.49	113.96	0.0	iteration	11     149310  2.1663614E+02  6.39E+01   29.49  113.96    0.00
C_W15_LH_M1_A07_S2_F0	fixed	W15_LH_M1_A07_S2_F0	A07	F0	S2	M1	LH	W15	NR	161	12	149310	195.00691	25.8	0.13230300403201098	13.21	51.05	0.01	iteration	12     149310  1.9500691E+02  2.58E+01   13.21   51.05*   0.01
C_W15_LH_M1_A07_S2_F0	fixed	W15_LH_M1_A07_S2_F0	A07	F0	S2	M1	LH	W15	NR	162	13	149310	237.74008	64.3	0.2704634405776258	27.05	104.51	0.0	iteration	13     149310  2.3774008E+02  6.43E+01   27.05  104.51    0.00
C_W15_LH_M1_A07_S2_F0	fixed	W15_LH_M1_A07_S2_F0	A07	F0	S2	M1	LH	W15	NR	164	13	447930	202.85002	22.4	0.11042641257812051	11.04	73.9	0.0	aggregate	13     447930  2.0285002E+02  2.24E+01   11.04   73.90    0.00    0.22   3
P_W15_LH_M1_A07_S3	adaptive	W15_LH_M1_A07_S3	A07		S3	M1	LH	W15	NR	150	1	100028	0.074586813	0.00942	0.12629578367961639	12.63	39.94	1.76	iteration	1     100028  7.4586813E-02  9.42E-03   12.63   39.94*   1.76
P_W15_LH_M1_A07_S3	adaptive	W15_LH_M1_A07_S3	A07		S3	M1	LH	W15	NR	151	2	100009	0.079537044	0.014	0.1760186109003498	17.61	55.69	0.21	iteration	2     100009  7.9537044E-02  1.40E-02   17.61   55.69    0.21
P_W15_LH_M1_A07_S3	adaptive	W15_LH_M1_A07_S3	A07		S3	M1	LH	W15	NR	152	3	100003	0.074480854	0.00609	0.08176597975098406	8.18	25.85	0.22	iteration	3     100003  7.4480854E-02  6.09E-03    8.18   25.85*   0.22
P_W15_LH_M1_A07_S3	adaptive	W15_LH_M1_A07_S3	A07		S3	M1	LH	W15	NR	153	4	100001	0.093929385	0.0198	0.21079665325180189	21.07	66.62	0.28	iteration	4     100001  9.3929385E-02  1.98E-02   21.07   66.62    0.28
P_W15_LH_M1_A07_S3	adaptive	W15_LH_M1_A07_S3	A07		S3	M1	LH	W15	NR	154	5	99989	0.076330123	0.00283	0.037075795095993756	3.7	11.71	0.27	iteration	5      99989  7.6330123E-02  2.83E-03    3.70   11.71*   0.27
P_W15_LH_M1_A07_S3	adaptive	W15_LH_M1_A07_S3	A07		S3	M1	LH	W15	NR	155	6	99998	0.077153654	0.00238	0.03084753445377973	3.09	9.77	0.34	iteration	6      99998  7.7153654E-02  2.38E-03    3.09    9.77*   0.34
P_W15_LH_M1_A07_S3	adaptive	W15_LH_M1_A07_S3	A07		S3	M1	LH	W15	NR	156	7	99994	0.080180332	0.00287	0.035794314246541156	3.58	11.31	0.35	iteration	7      99994  8.0180332E-02  2.87E-03    3.58   11.31    0.35
P_W15_LH_M1_A07_S3	adaptive	W15_LH_M1_A07_S3	A07		S3	M1	LH	W15	NR	157	8	99998	0.076258627	0.00149	0.019538772970565024	1.96	6.19	0.7	iteration	8      99998  7.6258627E-02  1.49E-03    1.96    6.19*   0.70
P_W15_LH_M1_A07_S3	adaptive	W15_LH_M1_A07_S3	A07		S3	M1	LH	W15	NR	158	9	100007	0.1739658	0.0969	0.557006032220126	55.72	176.2	0.1	iteration	9     100007  1.7396580E-01  9.69E-02   55.72  176.20    0.10
P_W15_LH_M1_A07_S3	adaptive	W15_LH_M1_A07_S3	A07		S3	M1	LH	W15	NR	159	10	99991	0.082040633	0.00329	0.0401020796609407	4.01	12.69	0.27	iteration	10      99991  8.2040633E-02  3.29E-03    4.01   12.69*   0.27
P_W15_LH_M1_A07_S3	adaptive	W15_LH_M1_A07_S3	A07		S3	M1	LH	W15	NR	161	10	1000018	0.077429331	0.000995	0.012850427443316022	1.29	12.86	0.27	aggregate	10    1000018  7.7429331E-02  9.95E-04    1.29   12.86    0.27    0.63  10
C_W15_LH_M1_A07_S3_F0	fixed	W15_LH_M1_A07_S3_F0	A07	F0	S3	M1	LH	W15	NR	146	1	100028	0.074586813	0.00942	0.12629578367961639	12.63	39.94	1.76	iteration	1     100028  7.4586813E-02  9.42E-03   12.63   39.94*   1.76
C_W15_LH_M1_A07_S3_F0	fixed	W15_LH_M1_A07_S3_F0	A07	F0	S3	M1	LH	W15	NR	147	2	100009	0.079537044	0.014	0.1760186109003498	17.61	55.69	0.21	iteration	2     100009  7.9537044E-02  1.40E-02   17.61   55.69    0.21
C_W15_LH_M1_A07_S3_F0	fixed	W15_LH_M1_A07_S3_F0	A07	F0	S3	M1	LH	W15	NR	148	3	100003	0.074480854	0.00609	0.08176597975098406	8.18	25.85	0.22	iteration	3     100003  7.4480854E-02  6.09E-03    8.18   25.85*   0.22
C_W15_LH_M1_A07_S3_F0	fixed	W15_LH_M1_A07_S3_F0	A07	F0	S3	M1	LH	W15	NR	149	4	100001	0.093929385	0.0198	0.21079665325180189	21.07	66.62	0.28	iteration	4     100001  9.3929385E-02  1.98E-02   21.07   66.62    0.28
C_W15_LH_M1_A07_S3_F0	fixed	W15_LH_M1_A07_S3_F0	A07	F0	S3	M1	LH	W15	NR	150	5	99989	0.076330123	0.00283	0.037075795095993756	3.7	11.71	0.27	iteration	5      99989  7.6330123E-02  2.83E-03    3.70   11.71*   0.27
C_W15_LH_M1_A07_S3_F0	fixed	W15_LH_M1_A07_S3_F0	A07	F0	S3	M1	LH	W15	NR	151	6	99998	0.077153654	0.00238	0.03084753445377973	3.09	9.77	0.34	iteration	6      99998  7.7153654E-02  2.38E-03    3.09    9.77*   0.34
C_W15_LH_M1_A07_S3_F0	fixed	W15_LH_M1_A07_S3_F0	A07	F0	S3	M1	LH	W15	NR	152	7	99994	0.080180332	0.00287	0.035794314246541156	3.58	11.31	0.35	iteration	7      99994  8.0180332E-02  2.87E-03    3.58   11.31    0.35
C_W15_LH_M1_A07_S3_F0	fixed	W15_LH_M1_A07_S3_F0	A07	F0	S3	M1	LH	W15	NR	153	8	99998	0.076258627	0.00149	0.019538772970565024	1.96	6.19	0.7	iteration	8      99998  7.6258627E-02  1.49E-03    1.96    6.19*   0.70
C_W15_LH_M1_A07_S3_F0	fixed	W15_LH_M1_A07_S3_F0	A07	F0	S3	M1	LH	W15	NR	154	9	100007	0.1739658	0.0969	0.557006032220126	55.72	176.2	0.1	iteration	9     100007  1.7396580E-01  9.69E-02   55.72  176.20    0.10
C_W15_LH_M1_A07_S3_F0	fixed	W15_LH_M1_A07_S3_F0	A07	F0	S3	M1	LH	W15	NR	155	10	99991	0.082040633	0.00329	0.0401020796609407	4.01	12.69	0.27	iteration	10      99991  8.2040633E-02  3.29E-03    4.01   12.69*   0.27
C_W15_LH_M1_A07_S3_F0	fixed	W15_LH_M1_A07_S3_F0	A07	F0	S3	M1	LH	W15	NR	157	10	1000018	0.077429331	0.000995	0.012850427443316022	1.29	12.86	0.27	aggregate	10    1000018  7.7429331E-02  9.95E-04    1.29   12.86    0.27    0.63  10
C_W15_LH_M1_A07_S3_F0	fixed	W15_LH_M1_A07_S3_F0	A07	F0	S3	M1	LH	W15	NR	160	11	200001	0.083187781	0.00227	0.027287661393444306	2.73	12.21	0.19	iteration	11     200001  8.3187781E-02  2.27E-03    2.73   12.21*   0.19
C_W15_LH_M1_A07_S3_F0	fixed	W15_LH_M1_A07_S3_F0	A07	F0	S3	M1	LH	W15	NR	161	12	200001	0.14279517	0.0582	0.40757681089633496	40.79	182.42	0.16	iteration	12     200001  1.4279517E-01  5.82E-02   40.79  182.42    0.16
C_W15_LH_M1_A07_S3_F0	fixed	W15_LH_M1_A07_S3_F0	A07	F0	S3	M1	LH	W15	NR	162	13	200001	0.082091245	0.00326	0.039711908377074806	3.97	17.77	0.14	iteration	13     200001  8.2091245E-02  3.26E-03    3.97   17.77*   0.14
C_W15_LH_M1_A07_S3_F0	fixed	W15_LH_M1_A07_S3_F0	A07	F0	S3	M1	LH	W15	NR	164	13	600003	0.082891013	0.00186	0.02243910325960186	2.25	17.41	0.14	aggregate	13     600003  8.2891013E-02  1.86E-03    2.25   17.41    0.14    0.57   3
P_W15_LH_M1_A07_S4	adaptive	W15_LH_M1_A07_S4	A07		S4	M1	LH	W15	NR	150	1	99995	0.06617027	0.00958	0.14477800982223588	14.48	45.8	1.44	iteration	1      99995  6.6170270E-02  9.58E-03   14.48   45.80*   1.44
P_W15_LH_M1_A07_S4	adaptive	W15_LH_M1_A07_S4	A07		S4	M1	LH	W15	NR	151	2	100003	0.078060993	0.0155	0.19856268033894983	19.87	62.82	0.34	iteration	2     100003  7.8060993E-02  1.55E-02   19.87   62.82    0.34
P_W15_LH_M1_A07_S4	adaptive	W15_LH_M1_A07_S4	A07		S4	M1	LH	W15	NR	152	3	99988	0.066692101	0.00499	0.07482145449278918	7.49	23.67	0.23	iteration	3      99988  6.6692101E-02  4.99E-03    7.49   23.67*   0.23
P_W15_LH_M1_A07_S4	adaptive	W15_LH_M1_A07_S4	A07		S4	M1	LH	W15	NR	153	4	100008	0.079656289	0.006	0.0753236194570902	7.53	23.82	0.19	iteration	4     100008  7.9656289E-02  6.00E-03    7.53   23.82    0.19
P_W15_LH_M1_A07_S4	adaptive	W15_LH_M1_A07_S4	A07		S4	M1	LH	W15	NR	154	5	99997	0.081349599	0.00498	0.061217265496293354	6.12	19.35	0.26	iteration	5      99997  8.1349599E-02  4.98E-03    6.12   19.35*   0.26
P_W15_LH_M1_A07_S4	adaptive	W15_LH_M1_A07_S4	A07		S4	M1	LH	W15	NR	155	6	100002	0.12943549	0.0512	0.39556384419759993	39.58	125.16	0.12	iteration	6     100002  1.2943549E-01  5.12E-02   39.58  125.16    0.12
P_W15_LH_M1_A07_S4	adaptive	W15_LH_M1_A07_S4	A07		S4	M1	LH	W15	NR	156	7	100008	0.082329517	0.00376	0.045670133106696105	4.57	14.46	0.49	iteration	7     100008  8.2329517E-02  3.76E-03    4.57   14.46*   0.49
P_W15_LH_M1_A07_S4	adaptive	W15_LH_M1_A07_S4	A07		S4	M1	LH	W15	NR	157	8	100010	0.52190658	0.444	0.8507269634347204	85.1	269.12	0.15	iteration	8     100010  5.2190658E-01  4.44E-01   85.10  269.12    0.15
P_W15_LH_M1_A07_S4	adaptive	W15_LH_M1_A07_S4	A07		S4	M1	LH	W15	NR	158	9	100001	0.083369208	0.00466	0.05589593702269548	5.59	17.67	0.09	iteration	9     100001  8.3369208E-02  4.66E-03    5.59   17.67*   0.09
P_W15_LH_M1_A07_S4	adaptive	W15_LH_M1_A07_S4	A07		S4	M1	LH	W15	NR	159	10	100005	2.0652779	1.8	0.8715534117708809	87.15	275.6	0.01	iteration	10     100005  2.0652779E+00  1.80E+00   87.15  275.60    0.01
P_W15_LH_M1_A07_S4	adaptive	W15_LH_M1_A07_S4	A07		S4	M1	LH	W15	NR	161	10	1000017	0.078726475	0.00204	0.025912502750821752	2.59	25.91	0.01	aggregate	10    1000017  7.8726475E-02  2.04E-03    2.59   25.91    0.01    1.44  10
C_W15_LH_M1_A07_S4_F0	fixed	W15_LH_M1_A07_S4_F0	A07	F0	S4	M1	LH	W15	NR	146	1	99995	0.06617027	0.00958	0.14477800982223588	14.48	45.8	1.44	iteration	1      99995  6.6170270E-02  9.58E-03   14.48   45.80*   1.44
C_W15_LH_M1_A07_S4_F0	fixed	W15_LH_M1_A07_S4_F0	A07	F0	S4	M1	LH	W15	NR	147	2	100003	0.078060993	0.0155	0.19856268033894983	19.87	62.82	0.34	iteration	2     100003  7.8060993E-02  1.55E-02   19.87   62.82    0.34
C_W15_LH_M1_A07_S4_F0	fixed	W15_LH_M1_A07_S4_F0	A07	F0	S4	M1	LH	W15	NR	148	3	99988	0.066692101	0.00499	0.07482145449278918	7.49	23.67	0.23	iteration	3      99988  6.6692101E-02  4.99E-03    7.49   23.67*   0.23
C_W15_LH_M1_A07_S4_F0	fixed	W15_LH_M1_A07_S4_F0	A07	F0	S4	M1	LH	W15	NR	149	4	100008	0.079656289	0.006	0.0753236194570902	7.53	23.82	0.19	iteration	4     100008  7.9656289E-02  6.00E-03    7.53   23.82    0.19
C_W15_LH_M1_A07_S4_F0	fixed	W15_LH_M1_A07_S4_F0	A07	F0	S4	M1	LH	W15	NR	150	5	99997	0.081349599	0.00498	0.061217265496293354	6.12	19.35	0.26	iteration	5      99997  8.1349599E-02  4.98E-03    6.12   19.35*   0.26
C_W15_LH_M1_A07_S4_F0	fixed	W15_LH_M1_A07_S4_F0	A07	F0	S4	M1	LH	W15	NR	151	6	100002	0.12943549	0.0512	0.39556384419759993	39.58	125.16	0.12	iteration	6     100002  1.2943549E-01  5.12E-02   39.58  125.16    0.12
C_W15_LH_M1_A07_S4_F0	fixed	W15_LH_M1_A07_S4_F0	A07	F0	S4	M1	LH	W15	NR	152	7	100008	0.082329517	0.00376	0.045670133106696105	4.57	14.46	0.49	iteration	7     100008  8.2329517E-02  3.76E-03    4.57   14.46*   0.49
C_W15_LH_M1_A07_S4_F0	fixed	W15_LH_M1_A07_S4_F0	A07	F0	S4	M1	LH	W15	NR	153	8	100010	0.52190658	0.444	0.8507269634347204	85.1	269.12	0.15	iteration	8     100010  5.2190658E-01  4.44E-01   85.10  269.12    0.15
C_W15_LH_M1_A07_S4_F0	fixed	W15_LH_M1_A07_S4_F0	A07	F0	S4	M1	LH	W15	NR	154	9	100001	0.083369208	0.00466	0.05589593702269548	5.59	17.67	0.09	iteration	9     100001  8.3369208E-02  4.66E-03    5.59   17.67*   0.09
C_W15_LH_M1_A07_S4_F0	fixed	W15_LH_M1_A07_S4_F0	A07	F0	S4	M1	LH	W15	NR	155	10	100005	2.0652779	1.8	0.8715534117708809	87.15	275.6	0.01	iteration	10     100005  2.0652779E+00  1.80E+00   87.15  275.60    0.01
C_W15_LH_M1_A07_S4_F0	fixed	W15_LH_M1_A07_S4_F0	A07	F0	S4	M1	LH	W15	NR	157	10	1000017	0.078726475	0.00204	0.025912502750821752	2.59	25.91	0.01	aggregate	10    1000017  7.8726475E-02  2.04E-03    2.59   25.91    0.01    1.44  10
C_W15_LH_M1_A07_S4_F0	fixed	W15_LH_M1_A07_S4_F0	A07	F0	S4	M1	LH	W15	NR	160	11	199989	1.5146781	0.481	0.31755922264935366	31.78	142.12	0.0	iteration	11     199989  1.5146781E+00  4.81E-01   31.78  142.12*   0.00
C_W15_LH_M1_A07_S4_F0	fixed	W15_LH_M1_A07_S4_F0	A07	F0	S4	M1	LH	W15	NR	161	12	199989	8.8297996	6.79	0.768986874855008	76.92	343.99	0.0	iteration	12     199989  8.8297996E+00  6.79E+00   76.92  343.99    0.00
C_W15_LH_M1_A07_S4_F0	fixed	W15_LH_M1_A07_S4_F0	A07	F0	S4	M1	LH	W15	NR	162	13	199989	6.7623564	3.4	0.5027833197315658	50.24	224.65	0.0	iteration	13     199989  6.7623564E+00  3.40E+00   50.24  224.65*   0.00
C_W15_LH_M1_A07_S4_F0	fixed	W15_LH_M1_A07_S4_F0	A07	F0	S4	M1	LH	W15	NR	164	13	599967	1.6533096	0.475	0.28730251127798445	28.76	222.74	0.0	aggregate	13     599967  1.6533096E+00  4.75E-01   28.76  222.74    0.00    1.73   3
P_W15_LH_M1_A07_S5	adaptive	W15_LH_M1_A07_S5	A07		S5	M1	LH	W15	NR	150	1	100019	0.087770473	0.0122	0.13899890912061053	13.95	44.1	1.76	iteration	1     100019  8.7770473E-02  1.22E-02   13.95   44.10*   1.76
P_W15_LH_M1_A07_S5	adaptive	W15_LH_M1_A07_S5	A07		S5	M1	LH	W15	NR	151	2	99981	0.072221637	0.00829	0.11478554550072023	11.47	36.27	0.25	iteration	2      99981  7.2221637E-02  8.29E-03   11.47   36.27*   0.25
P_W15_LH_M1_A07_S5	adaptive	W15_LH_M1_A07_S5	A07		S5	M1	LH	W15	NR	152	3	99986	0.062023503	0.00441	0.071102078836147	7.11	22.48	0.24	iteration	3      99986  6.2023503E-02  4.41E-03    7.11   22.48*   0.24
P_W15_LH_M1_A07_S5	adaptive	W15_LH_M1_A07_S5	A07		S5	M1	LH	W15	NR	153	4	100003	0.081165977	0.00583	0.07182812571824276	7.19	22.72	0.18	iteration	4     100003  8.1165977E-02  5.83E-03    7.19   22.72    0.18
P_W15_LH_M1_A07_S5	adaptive	W15_LH_M1_A07_S5	A07		S5	M1	LH	W15	NR	154	5	99997	0.077340134	0.00305	0.03943618716771295	3.95	12.48	0.37	iteration	5      99997  7.7340134E-02  3.05E-03    3.95   12.48*   0.37
P_W15_LH_M1_A07_S5	adaptive	W15_LH_M1_A07_S5	A07		S5	M1	LH	W15	NR	155	6	100003	0.079073728	0.00394	0.04982691596379521	4.99	15.78	0.48	iteration	6     100003  7.9073728E-02  3.94E-03    4.99   15.78    0.48
P_W15_LH_M1_A07_S5	adaptive	W15_LH_M1_A07_S5	A07		S5	M1	LH	W15	NR	156	7	100005	0.075205927	0.00172	0.02287053785002876	2.29	7.25	0.52	iteration	7     100005  7.5205927E-02  1.72E-03    2.29    7.25*   0.52
P_W15_LH_M1_A07_S5	adaptive	W15_LH_M1_A07_S5	A07		S5	M1	LH	W15	NR	157	8	99996	0.088455121	0.00915	0.10344228685188278	10.35	32.72	0.26	iteration	8      99996  8.8455121E-02  9.15E-03   10.35   32.72    0.26
P_W15_LH_M1_A07_S5	adaptive	W15_LH_M1_A07_S5	A07		S5	M1	LH	W15	NR	158	9	100003	0.077654281	0.00183	0.023565989877621814	2.35	7.44	0.43	iteration	9     100003  7.7654281E-02  1.83E-03    2.35    7.44*   0.43
P_W15_LH_M1_A07_S5	adaptive	W15_LH_M1_A07_S5	A07		S5	M1	LH	W15	NR	159	10	100004	0.079531567	0.00218	0.027410499783060985	2.74	8.66	0.4	iteration	10     100004  7.9531567E-02  2.18E-03    2.74    8.66    0.40
P_W15_LH_M1_A07_S5	adaptive	W15_LH_M1_A07_S5	A07		S5	M1	LH	W15	NR	161	10	999997	0.076812803	0.00094	0.012237543264760172	1.22	12.23	0.4	aggregate	10     999997  7.6812803E-02  9.40E-04    1.22   12.23    0.40    1.95  10
C_W15_LH_M1_A07_S5_F0	fixed	W15_LH_M1_A07_S5_F0	A07	F0	S5	M1	LH	W15	NR	146	1	100019	0.087770473	0.0122	0.13899890912061053	13.95	44.1	1.76	iteration	1     100019  8.7770473E-02  1.22E-02   13.95   44.10*   1.76
C_W15_LH_M1_A07_S5_F0	fixed	W15_LH_M1_A07_S5_F0	A07	F0	S5	M1	LH	W15	NR	147	2	99981	0.072221637	0.00829	0.11478554550072023	11.47	36.27	0.25	iteration	2      99981  7.2221637E-02  8.29E-03   11.47   36.27*   0.25
C_W15_LH_M1_A07_S5_F0	fixed	W15_LH_M1_A07_S5_F0	A07	F0	S5	M1	LH	W15	NR	148	3	99986	0.062023503	0.00441	0.071102078836147	7.11	22.48	0.24	iteration	3      99986  6.2023503E-02  4.41E-03    7.11   22.48*   0.24
C_W15_LH_M1_A07_S5_F0	fixed	W15_LH_M1_A07_S5_F0	A07	F0	S5	M1	LH	W15	NR	149	4	100003	0.081165977	0.00583	0.07182812571824276	7.19	22.72	0.18	iteration	4     100003  8.1165977E-02  5.83E-03    7.19   22.72    0.18
C_W15_LH_M1_A07_S5_F0	fixed	W15_LH_M1_A07_S5_F0	A07	F0	S5	M1	LH	W15	NR	150	5	99997	0.077340134	0.00305	0.03943618716771295	3.95	12.48	0.37	iteration	5      99997  7.7340134E-02  3.05E-03    3.95   12.48*   0.37
C_W15_LH_M1_A07_S5_F0	fixed	W15_LH_M1_A07_S5_F0	A07	F0	S5	M1	LH	W15	NR	151	6	100003	0.079073728	0.00394	0.04982691596379521	4.99	15.78	0.48	iteration	6     100003  7.9073728E-02  3.94E-03    4.99   15.78    0.48
C_W15_LH_M1_A07_S5_F0	fixed	W15_LH_M1_A07_S5_F0	A07	F0	S5	M1	LH	W15	NR	152	7	100005	0.075205927	0.00172	0.02287053785002876	2.29	7.25	0.52	iteration	7     100005  7.5205927E-02  1.72E-03    2.29    7.25*   0.52
C_W15_LH_M1_A07_S5_F0	fixed	W15_LH_M1_A07_S5_F0	A07	F0	S5	M1	LH	W15	NR	153	8	99996	0.088455121	0.00915	0.10344228685188278	10.35	32.72	0.26	iteration	8      99996  8.8455121E-02  9.15E-03   10.35   32.72    0.26
C_W15_LH_M1_A07_S5_F0	fixed	W15_LH_M1_A07_S5_F0	A07	F0	S5	M1	LH	W15	NR	154	9	100003	0.077654281	0.00183	0.023565989877621814	2.35	7.44	0.43	iteration	9     100003  7.7654281E-02  1.83E-03    2.35    7.44*   0.43
C_W15_LH_M1_A07_S5_F0	fixed	W15_LH_M1_A07_S5_F0	A07	F0	S5	M1	LH	W15	NR	155	10	100004	0.079531567	0.00218	0.027410499783060985	2.74	8.66	0.4	iteration	10     100004  7.9531567E-02  2.18E-03    2.74    8.66    0.40
C_W15_LH_M1_A07_S5_F0	fixed	W15_LH_M1_A07_S5_F0	A07	F0	S5	M1	LH	W15	NR	157	10	999997	0.076812803	0.00094	0.012237543264760172	1.22	12.23	0.4	aggregate	10     999997  7.6812803E-02  9.40E-04    1.22   12.23    0.40    1.95  10
C_W15_LH_M1_A07_S5_F0	fixed	W15_LH_M1_A07_S5_F0	A07	F0	S5	M1	LH	W15	NR	160	11	200005	0.079589673	0.00121	0.015202977401352057	1.52	6.8	0.37	iteration	11     200005  7.9589673E-02  1.21E-03    1.52    6.80*   0.37
C_W15_LH_M1_A07_S5_F0	fixed	W15_LH_M1_A07_S5_F0	A07	F0	S5	M1	LH	W15	NR	161	12	200005	0.083509592	0.00285	0.03412781611961414	3.41	15.26	0.16	iteration	12     200005  8.3509592E-02  2.85E-03    3.41   15.26    0.16
C_W15_LH_M1_A07_S5_F0	fixed	W15_LH_M1_A07_S5_F0	A07	F0	S5	M1	LH	W15	NR	162	13	200005	0.082796432	0.00223	0.026933527763611843	2.7	12.06	0.26	iteration	13     200005  8.2796432E-02  2.23E-03    2.70   12.06*   0.26
C_W15_LH_M1_A07_S5_F0	fixed	W15_LH_M1_A07_S5_F0	A07	F0	S5	M1	LH	W15	NR	164	13	600015	0.080707385	0.000996	0.012340878099321393	1.23	9.56	0.26	aggregate	13     600015  8.0707385E-02  9.96E-04    1.23    9.56    0.26    1.35   3
P_W15_LH_M1_A07_S6	adaptive	W15_LH_M1_A07_S6	A07		S6	M1	LH	W15	NR	150	1	100008	0.076705653	0.0112	0.14601270652112172	14.63	46.26	1.57	iteration	1     100008  7.6705653E-02  1.12E-02   14.63   46.26*   1.57
P_W15_LH_M1_A07_S6	adaptive	W15_LH_M1_A07_S6	A07		S6	M1	LH	W15	NR	151	2	99990	0.084777263	0.0167	0.19698677934436262	19.75	62.45	0.33	iteration	2      99990  8.4777263E-02  1.67E-02   19.75   62.45    0.33
P_W15_LH_M1_A07_S6	adaptive	W15_LH_M1_A07_S6	A07		S6	M1	LH	W15	NR	152	3	99992	0.072982332	0.00424	0.05809625266564516	5.81	18.38	0.28	iteration	3      99992  7.2982332E-02  4.24E-03    5.81   18.38*   0.28
P_W15_LH_M1_A07_S6	adaptive	W15_LH_M1_A07_S6	A07		S6	M1	LH	W15	NR	153	4	100003	0.11024239	0.0377	0.34197371809519006	34.22	108.21	0.3	iteration	4     100003  1.1024239E-01  3.77E-02   34.22  108.21    0.30
P_W15_LH_M1_A07_S6	adaptive	W15_LH_M1_A07_S6	A07		S6	M1	LH	W15	NR	154	5	99995	0.093574793	0.0116	0.12396500839707975	12.44	39.33	0.2	iteration	5      99995  9.3574793E-02  1.16E-02   12.44   39.33*   0.20
P_W15_LH_M1_A07_S6	adaptive	W15_LH_M1_A07_S6	A07		S6	M1	LH	W15	NR	155	6	99993	1.1000528	0.803	0.7299649616818393	73.03	230.94	0.06	iteration	6      99993  1.1000528E+00  8.03E-01   73.03  230.94    0.06
P_W15_LH_M1_A07_S6	adaptive	W15_LH_M1_A07_S6	A07		S6	M1	LH	W15	NR	156	7	100005	2.2723761	1.19	0.5236809170805836	52.42	165.76	0.0	iteration	7     100005  2.2723761E+00  1.19E+00   52.42  165.76*   0.00
P_W15_LH_M1_A07_S6	adaptive	W15_LH_M1_A07_S6	A07		S6	M1	LH	W15	NR	157	8	99995	1.4389847	0.454	0.315500227347796	31.57	99.83	0.01	iteration	8      99995  1.4389847E+00  4.54E-01   31.57   99.83*   0.01
P_W15_LH_M1_A07_S6	adaptive	W15_LH_M1_A07_S6	A07		S6	M1	LH	W15	NR	158	9	100001	161.64589	97.6	0.6037889364214579	60.38	190.93	0.0	iteration	9     100001  1.6164589E+02  9.76E+01   60.38  190.93    0.00
P_W15_LH_M1_A07_S6	adaptive	W15_LH_M1_A07_S6	A07		S6	M1	LH	W15	NR	159	10	100000	193.57576	60.8	0.3140889127853611	31.41	99.34	0.01	iteration	10     100000  1.9357576E+02  6.08E+01   31.41   99.34*   0.01
P_W15_LH_M1_A07_S6	adaptive	W15_LH_M1_A07_S6	A07		S6	M1	LH	W15	NR	161	10	999982	0.076435988	0.00365	0.04775237549097946	4.77	47.71	0.01	aggregate	10     999982  7.6435988E-02  3.65E-03    4.77   47.71    0.01    3.42  10
C_W15_LH_M1_A07_S6_F0	fixed	W15_LH_M1_A07_S6_F0	A07	F0	S6	M1	LH	W15	NR	146	1	100008	0.076705653	0.0112	0.14601270652112172	14.63	46.26	1.57	iteration	1     100008  7.6705653E-02  1.12E-02   14.63   46.26*   1.57
C_W15_LH_M1_A07_S6_F0	fixed	W15_LH_M1_A07_S6_F0	A07	F0	S6	M1	LH	W15	NR	147	2	99990	0.084777263	0.0167	0.19698677934436262	19.75	62.45	0.33	iteration	2      99990  8.4777263E-02  1.67E-02   19.75   62.45    0.33
C_W15_LH_M1_A07_S6_F0	fixed	W15_LH_M1_A07_S6_F0	A07	F0	S6	M1	LH	W15	NR	148	3	99992	0.072982332	0.00424	0.05809625266564516	5.81	18.38	0.28	iteration	3      99992  7.2982332E-02  4.24E-03    5.81   18.38*   0.28
C_W15_LH_M1_A07_S6_F0	fixed	W15_LH_M1_A07_S6_F0	A07	F0	S6	M1	LH	W15	NR	149	4	100003	0.11024239	0.0377	0.34197371809519006	34.22	108.21	0.3	iteration	4     100003  1.1024239E-01  3.77E-02   34.22  108.21    0.30
C_W15_LH_M1_A07_S6_F0	fixed	W15_LH_M1_A07_S6_F0	A07	F0	S6	M1	LH	W15	NR	150	5	99995	0.093574793	0.0116	0.12396500839707975	12.44	39.33	0.2	iteration	5      99995  9.3574793E-02  1.16E-02   12.44   39.33*   0.20
C_W15_LH_M1_A07_S6_F0	fixed	W15_LH_M1_A07_S6_F0	A07	F0	S6	M1	LH	W15	NR	151	6	99993	1.1000528	0.803	0.7299649616818393	73.03	230.94	0.06	iteration	6      99993  1.1000528E+00  8.03E-01   73.03  230.94    0.06
C_W15_LH_M1_A07_S6_F0	fixed	W15_LH_M1_A07_S6_F0	A07	F0	S6	M1	LH	W15	NR	152	7	100005	2.2723761	1.19	0.5236809170805836	52.42	165.76	0.0	iteration	7     100005  2.2723761E+00  1.19E+00   52.42  165.76*   0.00
C_W15_LH_M1_A07_S6_F0	fixed	W15_LH_M1_A07_S6_F0	A07	F0	S6	M1	LH	W15	NR	153	8	99995	1.4389847	0.454	0.315500227347796	31.57	99.83	0.01	iteration	8      99995  1.4389847E+00  4.54E-01   31.57   99.83*   0.01
C_W15_LH_M1_A07_S6_F0	fixed	W15_LH_M1_A07_S6_F0	A07	F0	S6	M1	LH	W15	NR	154	9	100001	161.64589	97.6	0.6037889364214579	60.38	190.93	0.0	iteration	9     100001  1.6164589E+02  9.76E+01   60.38  190.93    0.00
C_W15_LH_M1_A07_S6_F0	fixed	W15_LH_M1_A07_S6_F0	A07	F0	S6	M1	LH	W15	NR	155	10	100000	193.57576	60.8	0.3140889127853611	31.41	99.34	0.01	iteration	10     100000  1.9357576E+02  6.08E+01   31.41   99.34*   0.01
C_W15_LH_M1_A07_S6_F0	fixed	W15_LH_M1_A07_S6_F0	A07	F0	S6	M1	LH	W15	NR	157	10	999982	0.076435988	0.00365	0.04775237549097946	4.77	47.71	0.01	aggregate	10     999982  7.6435988E-02  3.65E-03    4.77   47.71    0.01    3.42  10
C_W15_LH_M1_A07_S6_F0	fixed	W15_LH_M1_A07_S6_F0	A07	F0	S6	M1	LH	W15	NR	160	11	200000	220.71669	32.3	0.14634144794396833	14.63	65.44	0.01	iteration	11     200000  2.2071669E+02  3.23E+01   14.63   65.44*   0.01
C_W15_LH_M1_A07_S6_F0	fixed	W15_LH_M1_A07_S6_F0	A07	F0	S6	M1	LH	W15	NR	161	12	200000	355.93348	91.4	0.25678955517193836	25.68	114.85	0.0	iteration	12     200000  3.5593348E+02  9.14E+01   25.68  114.85    0.00
C_W15_LH_M1_A07_S6_F0	fixed	W15_LH_M1_A07_S6_F0	A07	F0	S6	M1	LH	W15	NR	162	13	200000	249.81744	35.9	0.1437049390947245	14.39	64.35	0.01	iteration	13     200000  2.4981744E+02  3.59E+01   14.39   64.35*   0.01
C_W15_LH_M1_A07_S6_F0	fixed	W15_LH_M1_A07_S6_F0	A07	F0	S6	M1	LH	W15	NR	164	13	600000	241.61371	23.2	0.0960210411900881	9.62	74.5	0.01	aggregate	13     600000  2.4161371E+02  2.32E+01    9.62   74.50    0.01    1.02   3
P_W15_LH_M1_A07_S7	adaptive	W15_LH_M1_A07_S7	A07		S7	M1	LH	W15	NR	150	1	100013	0.10573558	0.0141	0.13335151705792886	13.37	42.29	1.63	iteration	1     100013  1.0573558E-01  1.41E-02   13.37   42.29*   1.63
P_W15_LH_M1_A07_S7	adaptive	W15_LH_M1_A07_S7	A07		S7	M1	LH	W15	NR	151	2	100004	0.094401425	0.0133	0.14088770376082776	14.13	44.68	0.27	iteration	2     100004  9.4401425E-02  1.33E-02   14.13   44.68    0.27
P_W15_LH_M1_A07_S7	adaptive	W15_LH_M1_A07_S7	A07		S7	M1	LH	W15	NR	152	3	100017	0.086298207	0.00756	0.08760321057423591	8.76	27.69	0.2	iteration	3     100017  8.6298207E-02  7.56E-03    8.76   27.69*   0.20
P_W15_LH_M1_A07_S7	adaptive	W15_LH_M1_A07_S7	A07		S7	M1	LH	W15	NR	153	4	99999	0.087749628	0.00654	0.07453023048713095	7.46	23.58	0.19	iteration	4      99999  8.7749628E-02  6.54E-03    7.46   23.58*   0.19
P_W15_LH_M1_A07_S7	adaptive	W15_LH_M1_A07_S7	A07		S7	M1	LH	W15	NR	154	5	100006	0.07650623	0.00238	0.03110857769360744	3.11	9.83	0.36	iteration	5     100006  7.6506230E-02  2.38E-03    3.11    9.83*   0.36
P_W15_LH_M1_A07_S7	adaptive	W15_LH_M1_A07_S7	A07		S7	M1	LH	W15	NR	155	6	100000	0.080613321	0.00232	0.028779362656452274	2.88	9.11	0.37	iteration	6     100000  8.0613321E-02  2.32E-03    2.88    9.11*   0.37
P_W15_LH_M1_A07_S7	adaptive	W15_LH_M1_A07_S7	A07		S7	M1	LH	W15	NR	156	7	99997	0.081931842	0.00451	0.05504575376201111	5.5	17.4	0.22	iteration	7      99997  8.1931842E-02  4.51E-03    5.50   17.40    0.22
P_W15_LH_M1_A07_S7	adaptive	W15_LH_M1_A07_S7	A07		S7	M1	LH	W15	NR	157	8	100000	0.077816916	0.00299	0.038423522206919636	3.84	12.13	0.53	iteration	8     100000  7.7816916E-02  2.99E-03    3.84   12.13*   0.53
P_W15_LH_M1_A07_S7	adaptive	W15_LH_M1_A07_S7	A07		S7	M1	LH	W15	NR	158	9	100002	0.080228812	0.00281	0.03502482375035044	3.5	11.07	0.61	iteration	9     100002  8.0228812E-02  2.81E-03    3.50   11.07*   0.61
P_W15_LH_M1_A07_S7	adaptive	W15_LH_M1_A07_S7	A07		S7	M1	LH	W15	NR	159	10	99997	0.07757161	0.00181	0.023333278760103084	2.34	7.4	0.64	iteration	10      99997  7.7571610E-02  1.81E-03    2.34    7.40*   0.64
P_W15_LH_M1_A07_S7	adaptive	W15_LH_M1_A07_S7	A07		S7	M1	LH	W15	NR	161	10	1000035	0.079142849	0.000997	0.012597474220317746	1.26	12.6	0.64	aggregate	10    1000035  7.9142849E-02  9.97E-04    1.26   12.60    0.64    1.18  10
C_W15_LH_M1_A07_S7_F0	fixed	W15_LH_M1_A07_S7_F0	A07	F0	S7	M1	LH	W15	NR	146	1	100013	0.10573558	0.0141	0.13335151705792886	13.37	42.29	1.63	iteration	1     100013  1.0573558E-01  1.41E-02   13.37   42.29*   1.63
C_W15_LH_M1_A07_S7_F0	fixed	W15_LH_M1_A07_S7_F0	A07	F0	S7	M1	LH	W15	NR	147	2	100004	0.094401425	0.0133	0.14088770376082776	14.13	44.68	0.27	iteration	2     100004  9.4401425E-02  1.33E-02   14.13   44.68    0.27
C_W15_LH_M1_A07_S7_F0	fixed	W15_LH_M1_A07_S7_F0	A07	F0	S7	M1	LH	W15	NR	148	3	100017	0.086298207	0.00756	0.08760321057423591	8.76	27.69	0.2	iteration	3     100017  8.6298207E-02  7.56E-03    8.76   27.69*   0.20
C_W15_LH_M1_A07_S7_F0	fixed	W15_LH_M1_A07_S7_F0	A07	F0	S7	M1	LH	W15	NR	149	4	99999	0.087749628	0.00654	0.07453023048713095	7.46	23.58	0.19	iteration	4      99999  8.7749628E-02  6.54E-03    7.46   23.58*   0.19
C_W15_LH_M1_A07_S7_F0	fixed	W15_LH_M1_A07_S7_F0	A07	F0	S7	M1	LH	W15	NR	150	5	100006	0.07650623	0.00238	0.03110857769360744	3.11	9.83	0.36	iteration	5     100006  7.6506230E-02  2.38E-03    3.11    9.83*   0.36
C_W15_LH_M1_A07_S7_F0	fixed	W15_LH_M1_A07_S7_F0	A07	F0	S7	M1	LH	W15	NR	151	6	100000	0.080613321	0.00232	0.028779362656452274	2.88	9.11	0.37	iteration	6     100000  8.0613321E-02  2.32E-03    2.88    9.11*   0.37
C_W15_LH_M1_A07_S7_F0	fixed	W15_LH_M1_A07_S7_F0	A07	F0	S7	M1	LH	W15	NR	152	7	99997	0.081931842	0.00451	0.05504575376201111	5.5	17.4	0.22	iteration	7      99997  8.1931842E-02  4.51E-03    5.50   17.40    0.22
C_W15_LH_M1_A07_S7_F0	fixed	W15_LH_M1_A07_S7_F0	A07	F0	S7	M1	LH	W15	NR	153	8	100000	0.077816916	0.00299	0.038423522206919636	3.84	12.13	0.53	iteration	8     100000  7.7816916E-02  2.99E-03    3.84   12.13*   0.53
C_W15_LH_M1_A07_S7_F0	fixed	W15_LH_M1_A07_S7_F0	A07	F0	S7	M1	LH	W15	NR	154	9	100002	0.080228812	0.00281	0.03502482375035044	3.5	11.07	0.61	iteration	9     100002  8.0228812E-02  2.81E-03    3.50   11.07*   0.61
C_W15_LH_M1_A07_S7_F0	fixed	W15_LH_M1_A07_S7_F0	A07	F0	S7	M1	LH	W15	NR	155	10	99997	0.07757161	0.00181	0.023333278760103084	2.34	7.4	0.64	iteration	10      99997  7.7571610E-02  1.81E-03    2.34    7.40*   0.64
C_W15_LH_M1_A07_S7_F0	fixed	W15_LH_M1_A07_S7_F0	A07	F0	S7	M1	LH	W15	NR	157	10	1000035	0.079142849	0.000997	0.012597474220317746	1.26	12.6	0.64	aggregate	10    1000035  7.9142849E-02  9.97E-04    1.26   12.60    0.64    1.18  10
C_W15_LH_M1_A07_S7_F0	fixed	W15_LH_M1_A07_S7_F0	A07	F0	S7	M1	LH	W15	NR	160	11	200008	0.084247305	0.00519	0.06160434449505537	6.16	27.54	0.23	iteration	11     200008  8.4247305E-02  5.19E-03    6.16   27.54    0.23
C_W15_LH_M1_A07_S7_F0	fixed	W15_LH_M1_A07_S7_F0	A07	F0	S7	M1	LH	W15	NR	161	12	200008	0.085711837	0.00729	0.08505242980616551	8.5	38.02	0.11	iteration	12     200008  8.5711837E-02  7.29E-03    8.50   38.02    0.11
C_W15_LH_M1_A07_S7_F0	fixed	W15_LH_M1_A07_S7_F0	A07	F0	S7	M1	LH	W15	NR	162	13	200008	0.080634998	0.00178	0.02207478196998281	2.2	9.86	0.62	iteration	13     200008  8.0634998E-02  1.78E-03    2.20    9.86*   0.62
C_W15_LH_M1_A07_S7_F0	fixed	W15_LH_M1_A07_S7_F0	A07	F0	S7	M1	LH	W15	NR	164	13	600024	0.081251902	0.00164	0.020184142889356608	2.02	15.62	0.62	aggregate	13     600024  8.1251902E-02  1.64E-03    2.02   15.62    0.62    0.41   3
P_W15_LH_M2_A10_S0	adaptive	W15_LH_M2_A10_S0	A10		S0	M2	LH	W15	NR	150	1	999992	0.18179246	0.0945	0.519823539436124	51.96	519.64	0.14	iteration	1     999992  1.8179246E-01  9.45E-02   51.96  519.64*   0.14
P_W15_LH_M2_A10_S0	adaptive	W15_LH_M2_A10_S0	A10		S0	M2	LH	W15	NR	152	1	999992	0.18179246	0.0945	0.519823539436124	51.96	519.64	0.14	iteration	1     999992  1.8179246E-01  9.45E-02   51.96  519.64    0.14
C_W15_LH_M2_A10_S0_F2	fixed	W15_LH_M2_A10_S0_F2	A10	F2	S0	M2	LH	W15	NR	146	1	999992	0.18179246	0.0945	0.519823539436124	51.96	519.64	0.14	iteration	1     999992  1.8179246E-01  9.45E-02   51.96  519.64*   0.14
C_W15_LH_M2_A10_S0_F2	fixed	W15_LH_M2_A10_S0_F2	A10	F2	S0	M2	LH	W15	NR	148	1	999992	0.18179246	0.0945	0.519823539436124	51.96	519.64	0.14	iteration	1     999992  1.8179246E-01  9.45E-02   51.96  519.64    0.14
C_W15_LH_M2_A10_S0_F2	fixed	W15_LH_M2_A10_S0_F2	A10	F2	S0	M2	LH	W15	NR	151	2	2000006	0.11766615	0.0123	0.10453303690143682	10.43	147.44	0.05	iteration	2    2000006  1.1766615E-01  1.23E-02   10.43  147.44*   0.05
C_W15_LH_M2_A10_S0_F2	fixed	W15_LH_M2_A10_S0_F2	A10	F2	S0	M2	LH	W15	NR	153	2	2000006	0.11766615	0.0123	0.10453303690143682	10.43	147.44	0.05	iteration	2    2000006  1.1766615E-01  1.23E-02   10.43  147.44    0.05
P_W15_LH_M2_A10_S1	adaptive	W15_LH_M2_A10_S1	A10		S1	M2	LH	W15	NR	150	1	957823	0.3520267	0.188	0.5340504001543065	53.42	522.86	0.2	iteration	1     957823  3.5202670E-01  1.88E-01   53.42  522.86*   0.20
P_W15_LH_M2_A10_S1	adaptive	W15_LH_M2_A10_S1	A10		S1	M2	LH	W15	NR	152	1	957823	0.3520267	0.188	0.5340504001543065	53.42	522.86	0.2	iteration	1     957823  3.5202670E-01  1.88E-01   53.42  522.86    0.20
C_W15_LH_M2_A10_S1_F2	fixed	W15_LH_M2_A10_S1_F2	A10	F2	S1	M2	LH	W15	NR	146	1	957823	0.3520267	0.188	0.5340504001543065	53.42	522.86	0.2	iteration	1     957823  3.5202670E-01  1.88E-01   53.42  522.86*   0.20
C_W15_LH_M2_A10_S1_F2	fixed	W15_LH_M2_A10_S1_F2	A10	F2	S1	M2	LH	W15	NR	148	1	957823	0.3520267	0.188	0.5340504001543065	53.42	522.86	0.2	iteration	1     957823  3.5202670E-01  1.88E-01   53.42  522.86    0.20
C_W15_LH_M2_A10_S1_F2	fixed	W15_LH_M2_A10_S1_F2	A10	F2	S1	M2	LH	W15	NR	151	2	1981146	10.701882	9.9	0.9250709361213291	92.49	1301.76	0.01	iteration	2    1981146  1.0701882E+01  9.90E+00   92.49 1301.76    0.01
C_W15_LH_M2_A10_S1_F2	fixed	W15_LH_M2_A10_S1_F2	A10	F2	S1	M2	LH	W15	NR	153	2	1981146	10.701882	9.9	0.9250709361213291	92.49	1301.76	0.01	iteration	2    1981146  1.0701882E+01  9.90E+00   92.49 1301.76    0.01
P_W15_LH_M2_A10_S2	adaptive	W15_LH_M2_A10_S2	A10		S2	M2	LH	W15	NR	150	1	1000017	0.093510723	0.00691	0.0738952686741605	7.38	73.85	0.3	iteration	1    1000017  9.3510723E-02  6.91E-03    7.38   73.85*   0.30
P_W15_LH_M2_A10_S2	adaptive	W15_LH_M2_A10_S2	A10		S2	M2	LH	W15	NR	152	1	1000017	0.093510723	0.00691	0.0738952686741605	7.38	73.85	0.3	iteration	1    1000017  9.3510723E-02  6.91E-03    7.38   73.85    0.30
C_W15_LH_M2_A10_S2_F2	fixed	W15_LH_M2_A10_S2_F2	A10	F2	S2	M2	LH	W15	NR	146	1	1000017	0.093510723	0.00691	0.0738952686741605	7.38	73.85	0.3	iteration	1    1000017  9.3510723E-02  6.91E-03    7.38   73.85*   0.30
C_W15_LH_M2_A10_S2_F2	fixed	W15_LH_M2_A10_S2_F2	A10	F2	S2	M2	LH	W15	NR	148	1	1000017	0.093510723	0.00691	0.0738952686741605	7.38	73.85	0.3	iteration	1    1000017  9.3510723E-02  6.91E-03    7.38   73.85    0.30
C_W15_LH_M2_A10_S2_F2	fixed	W15_LH_M2_A10_S2_F2	A10	F2	S2	M2	LH	W15	NR	151	2	1999969	0.2661717	0.135	0.5071914106571059	50.75	717.75	0.06	iteration	2    1999969  2.6617170E-01  1.35E-01   50.75  717.75    0.06
C_W15_LH_M2_A10_S2_F2	fixed	W15_LH_M2_A10_S2_F2	A10	F2	S2	M2	LH	W15	NR	153	2	1999969	0.2661717	0.135	0.5071914106571059	50.75	717.75	0.06	iteration	2    1999969  2.6617170E-01  1.35E-01   50.75  717.75    0.06
P_W15_LH_M2_A10_S3	adaptive	W15_LH_M2_A10_S3	A10		S3	M2	LH	W15	NR	150	1	999965	0.21699294	0.14	0.6451822810456415	64.4	644.02	0.12	iteration	1     999965  2.1699294E-01  1.40E-01   64.40  644.02*   0.12
P_W15_LH_M2_A10_S3	adaptive	W15_LH_M2_A10_S3	A10		S3	M2	LH	W15	NR	152	1	999965	0.21699294	0.14	0.6451822810456415	64.4	644.02	0.12	iteration	1     999965  2.1699294E-01  1.40E-01   64.40  644.02    0.12
C_W15_LH_M2_A10_S3_F2	fixed	W15_LH_M2_A10_S3_F2	A10	F2	S3	M2	LH	W15	NR	146	1	999965	0.21699294	0.14	0.6451822810456415	64.4	644.02	0.12	iteration	1     999965  2.1699294E-01  1.40E-01   64.40  644.02*   0.12
C_W15_LH_M2_A10_S3_F2	fixed	W15_LH_M2_A10_S3_F2	A10	F2	S3	M2	LH	W15	NR	148	1	999965	0.21699294	0.14	0.6451822810456415	64.4	644.02	0.12	iteration	1     999965  2.1699294E-01  1.40E-01   64.40  644.02    0.12
C_W15_LH_M2_A10_S3_F2	fixed	W15_LH_M2_A10_S3_F2	A10	F2	S3	M2	LH	W15	NR	151	2	1999989	0.12728562	0.0239	0.18776669351966077	18.81	266.02	0.01	iteration	2    1999989  1.2728562E-01  2.39E-02   18.81  266.02*   0.01
C_W15_LH_M2_A10_S3_F2	fixed	W15_LH_M2_A10_S3_F2	A10	F2	S3	M2	LH	W15	NR	153	2	1999989	0.12728562	0.0239	0.18776669351966077	18.81	266.02	0.01	iteration	2    1999989  1.2728562E-01  2.39E-02   18.81  266.02    0.01
P_W15_LH_M2_A10_S4	adaptive	W15_LH_M2_A10_S4	A10		S4	M2	LH	W15	NR	150	1	999977	0.10065186	0.0102	0.10133940892895572	10.1	101.02	0.27	iteration	1     999977  1.0065186E-01  1.02E-02   10.10  101.02*   0.27
P_W15_LH_M2_A10_S4	adaptive	W15_LH_M2_A10_S4	A10		S4	M2	LH	W15	NR	152	1	999977	0.10065186	0.0102	0.10133940892895572	10.1	101.02	0.27	iteration	1     999977  1.0065186E-01  1.02E-02   10.10  101.02    0.27
C_W15_LH_M2_A10_S4_F2	fixed	W15_LH_M2_A10_S4_F2	A10	F2	S4	M2	LH	W15	NR	146	1	999977	0.10065186	0.0102	0.10133940892895572	10.1	101.02	0.27	iteration	1     999977  1.0065186E-01  1.02E-02   10.10  101.02*   0.27
C_W15_LH_M2_A10_S4_F2	fixed	W15_LH_M2_A10_S4_F2	A10	F2	S4	M2	LH	W15	NR	148	1	999977	0.10065186	0.0102	0.10133940892895572	10.1	101.02	0.27	iteration	1     999977  1.0065186E-01  1.02E-02   10.10  101.02    0.27
C_W15_LH_M2_A10_S4_F2	fixed	W15_LH_M2_A10_S4_F2	A10	F2	S4	M2	LH	W15	NR	151	2	2000039	0.19175748	0.0642	0.33479789158681056	33.5	473.8	0.01	iteration	2    2000039  1.9175748E-01  6.42E-02   33.50  473.80    0.01
C_W15_LH_M2_A10_S4_F2	fixed	W15_LH_M2_A10_S4_F2	A10	F2	S4	M2	LH	W15	NR	153	2	2000039	0.19175748	0.0642	0.33479789158681056	33.5	473.8	0.01	iteration	2    2000039  1.9175748E-01  6.42E-02   33.50  473.80    0.01
P_W15_LH_M2_A10_S5	adaptive	W15_LH_M2_A10_S5	A10		S5	M2	LH	W15	NR	150	1	1000012	0.089223459	0.00515	0.05772024597253061	5.77	57.75	0.36	iteration	1    1000012  8.9223459E-02  5.15E-03    5.77   57.75*   0.36
P_W15_LH_M2_A10_S5	adaptive	W15_LH_M2_A10_S5	A10		S5	M2	LH	W15	NR	152	1	1000012	0.089223459	0.00515	0.05772024597253061	5.77	57.75	0.36	iteration	1    1000012  8.9223459E-02  5.15E-03    5.77   57.75    0.36
C_W15_LH_M2_A10_S5_F2	fixed	W15_LH_M2_A10_S5_F2	A10	F2	S5	M2	LH	W15	NR	146	1	1000012	0.089223459	0.00515	0.05772024597253061	5.77	57.75	0.36	iteration	1    1000012  8.9223459E-02  5.15E-03    5.77   57.75*   0.36
C_W15_LH_M2_A10_S5_F2	fixed	W15_LH_M2_A10_S5_F2	A10	F2	S5	M2	LH	W15	NR	148	1	1000012	0.089223459	0.00515	0.05772024597253061	5.77	57.75	0.36	iteration	1    1000012  8.9223459E-02  5.15E-03    5.77   57.75    0.36
C_W15_LH_M2_A10_S5_F2	fixed	W15_LH_M2_A10_S5_F2	A10	F2	S5	M2	LH	W15	NR	151	2	2000016	0.22200172	0.0667	0.3004481226541848	30.06	425.11	0.03	iteration	2    2000016  2.2200172E-01  6.67E-02   30.06  425.11    0.03
C_W15_LH_M2_A10_S5_F2	fixed	W15_LH_M2_A10_S5_F2	A10	F2	S5	M2	LH	W15	NR	153	2	2000016	0.22200172	0.0667	0.3004481226541848	30.06	425.11	0.03	iteration	2    2000016  2.2200172E-01  6.67E-02   30.06  425.11    0.03
P_W15_LH_M2_A10_S6	adaptive	W15_LH_M2_A10_S6	A10		S6	M2	LH	W15	NR	150	1	1000017	0.12098523	0.0404	0.33392505845548254	33.36	333.65	0.19	iteration	1    1000017  1.2098523E-01  4.04E-02   33.36  333.65*   0.19
P_W15_LH_M2_A10_S6	adaptive	W15_LH_M2_A10_S6	A10		S6	M2	LH	W15	NR	152	1	1000017	0.12098523	0.0404	0.33392505845548254	33.36	333.65	0.19	iteration	1    1000017  1.2098523E-01  4.04E-02   33.36  333.65    0.19
C_W15_LH_M2_A10_S6_F2	fixed	W15_LH_M2_A10_S6_F2	A10	F2	S6	M2	LH	W15	NR	146	1	1000017	0.12098523	0.0404	0.33392505845548254	33.36	333.65	0.19	iteration	1    1000017  1.2098523E-01  4.04E-02   33.36  333.65*   0.19
C_W15_LH_M2_A10_S6_F2	fixed	W15_LH_M2_A10_S6_F2	A10	F2	S6	M2	LH	W15	NR	148	1	1000017	0.12098523	0.0404	0.33392505845548254	33.36	333.65	0.19	iteration	1    1000017  1.2098523E-01  4.04E-02   33.36  333.65    0.19
C_W15_LH_M2_A10_S6_F2	fixed	W15_LH_M2_A10_S6_F2	A10	F2	S6	M2	LH	W15	NR	151	2	2000014	1.829593	0.905	0.49464553045404086	49.44	699.2	0.01	iteration	2    2000014  1.8295930E+00  9.05E-01   49.44  699.20    0.01
C_W15_LH_M2_A10_S6_F2	fixed	W15_LH_M2_A10_S6_F2	A10	F2	S6	M2	LH	W15	NR	153	2	2000014	1.829593	0.905	0.49464553045404086	49.44	699.2	0.01	iteration	2    2000014  1.8295930E+00  9.05E-01   49.44  699.20    0.01
P_W15_LH_M2_A10_S7	adaptive	W15_LH_M2_A10_S7	A10		S7	M2	LH	W15	NR	150	1	1000002	0.117796	0.0308	0.261468980270977	26.16	261.63	0.22	iteration	1    1000002  1.1779600E-01  3.08E-02   26.16  261.63*   0.22
P_W15_LH_M2_A10_S7	adaptive	W15_LH_M2_A10_S7	A10		S7	M2	LH	W15	NR	152	1	1000002	0.117796	0.0308	0.261468980270977	26.16	261.63	0.22	iteration	1    1000002  1.1779600E-01  3.08E-02   26.16  261.63    0.22
C_W15_LH_M2_A10_S7_F2	fixed	W15_LH_M2_A10_S7_F2	A10	F2	S7	M2	LH	W15	NR	146	1	1000002	0.117796	0.0308	0.261468980270977	26.16	261.63	0.22	iteration	1    1000002  1.1779600E-01  3.08E-02   26.16  261.63*   0.22
C_W15_LH_M2_A10_S7_F2	fixed	W15_LH_M2_A10_S7_F2	A10	F2	S7	M2	LH	W15	NR	148	1	1000002	0.117796	0.0308	0.261468980270977	26.16	261.63	0.22	iteration	1    1000002  1.1779600E-01  3.08E-02   26.16  261.63    0.22
C_W15_LH_M2_A10_S7_F2	fixed	W15_LH_M2_A10_S7_F2	A10	F2	S7	M2	LH	W15	NR	151	2	1972058	2.928104	1.89	0.6454688767885294	64.52	906.01	0.0	iteration	2    1972058  2.9281040E+00  1.89E+00   64.52  906.01    0.00
C_W15_LH_M2_A10_S7_F2	fixed	W15_LH_M2_A10_S7_F2	A10	F2	S7	M2	LH	W15	NR	153	2	1972058	2.928104	1.89	0.6454688767885294	64.52	906.01	0.0	iteration	2    1972058  2.9281040E+00  1.89E+00   64.52  906.01    0.00
P_W15_IL_M0_A00_S0	adaptive	W15_IL_M0_A00_S0	A00		S0	M0	IL	W15	SR_PLUS	150	1	49995	0.3262962	0.0619	0.18970493680281902	18.96	42.39	2.77	iteration	1      49995  3.2629620E-01  6.19E-02   18.96   42.39*   2.77
P_W15_IL_M0_A00_S0	adaptive	W15_IL_M0_A00_S0	A00		S0	M0	IL	W15	SR_PLUS	151	2	49992	0.22781092	0.0231	0.10139988021645319	10.12	22.64	0.33	iteration	2      49992  2.2781092E-01  2.31E-02   10.12   22.64*   0.33
P_W15_IL_M0_A00_S0	adaptive	W15_IL_M0_A00_S0	A00		S0	M0	IL	W15	SR_PLUS	152	3	49997	0.22028363	0.0128	0.05810690517493288	5.81	12.99	0.43	iteration	3      49997  2.2028363E-01  1.28E-02    5.81   12.99*   0.43
P_W15_IL_M0_A00_S0	adaptive	W15_IL_M0_A00_S0	A00		S0	M0	IL	W15	SR_PLUS	153	4	50002	0.22437274	0.015	0.06685304106015731	6.68	14.94	0.19	iteration	4      50002  2.2437274E-01  1.50E-02    6.68   14.94    0.19
P_W15_IL_M0_A00_S0	adaptive	W15_IL_M0_A00_S0	A00		S0	M0	IL	W15	SR_PLUS	154	5	50001	0.30923078	0.0768	0.2483582003059333	24.84	55.54	0.43	iteration	5      50001  3.0923078E-01  7.68E-02   24.84   55.54    0.43
P_W15_IL_M0_A00_S0	adaptive	W15_IL_M0_A00_S0	A00		S0	M0	IL	W15	SR_PLUS	156	5	249987	0.22612054	0.00881	0.03896152025817734	3.9	19.49	0.43	aggregate	5     249987  2.2612054E-01  8.81E-03    3.90   19.49    0.43    1.01   5
C_W15_IL_M0_A00_S0_F0	fixed	W15_IL_M0_A00_S0_F0	A00	F0	S0	M0	IL	W15	SR_PLUS	146	1	49995	0.3262962	0.0619	0.18970493680281902	18.96	42.39	2.77	iteration	1      49995  3.2629620E-01  6.19E-02   18.96   42.39*   2.77
C_W15_IL_M0_A00_S0_F0	fixed	W15_IL_M0_A00_S0_F0	A00	F0	S0	M0	IL	W15	SR_PLUS	147	2	49992	0.22781092	0.0231	0.10139988021645319	10.12	22.64	0.33	iteration	2      49992  2.2781092E-01  2.31E-02   10.12   22.64*   0.33
C_W15_IL_M0_A00_S0_F0	fixed	W15_IL_M0_A00_S0_F0	A00	F0	S0	M0	IL	W15	SR_PLUS	148	3	49997	0.22028363	0.0128	0.05810690517493288	5.81	12.99	0.43	iteration	3      49997  2.2028363E-01  1.28E-02    5.81   12.99*   0.43
C_W15_IL_M0_A00_S0_F0	fixed	W15_IL_M0_A00_S0_F0	A00	F0	S0	M0	IL	W15	SR_PLUS	149	4	50002	0.22437274	0.015	0.06685304106015731	6.68	14.94	0.19	iteration	4      50002  2.2437274E-01  1.50E-02    6.68   14.94    0.19
C_W15_IL_M0_A00_S0_F0	fixed	W15_IL_M0_A00_S0_F0	A00	F0	S0	M0	IL	W15	SR_PLUS	150	5	50001	0.30923078	0.0768	0.2483582003059333	24.84	55.54	0.43	iteration	5      50001  3.0923078E-01  7.68E-02   24.84   55.54    0.43
C_W15_IL_M0_A00_S0_F0	fixed	W15_IL_M0_A00_S0_F0	A00	F0	S0	M0	IL	W15	SR_PLUS	152	5	249987	0.22612054	0.00881	0.03896152025817734	3.9	19.49	0.43	aggregate	5     249987  2.2612054E-01  8.81E-03    3.90   19.49    0.43    1.01   5
C_W15_IL_M0_A00_S0_F0	fixed	W15_IL_M0_A00_S0_F0	A00	F0	S0	M0	IL	W15	SR_PLUS	155	6	200003	0.22331294	0.00353	0.015807413578451838	1.58	7.06	0.35	iteration	6     200003  2.2331294E-01  3.53E-03    1.58    7.06*   0.35
C_W15_IL_M0_A00_S0_F0	fixed	W15_IL_M0_A00_S0_F0	A00	F0	S0	M0	IL	W15	SR_PLUS	156	7	200003	0.21907574	0.00404	0.01844111082313359	1.84	8.25	0.28	iteration	7     200003  2.1907574E-01  4.04E-03    1.84    8.25    0.28
C_W15_IL_M0_A00_S0_F0	fixed	W15_IL_M0_A00_S0_F0	A00	F0	S0	M0	IL	W15	SR_PLUS	157	8	200003	0.23591233	0.0101	0.04281251429291551	4.28	19.14	0.16	iteration	8     200003  2.3591233E-01  1.01E-02    4.28   19.14    0.16
C_W15_IL_M0_A00_S0_F0	fixed	W15_IL_M0_A00_S0_F0	A00	F0	S0	M0	IL	W15	SR_PLUS	159	8	600009	0.22241449	0.00257	0.011555002554015252	1.16	8.95	0.16	aggregate	8     600009  2.2241449E-01  2.57E-03    1.16    8.95    0.16    1.27   3
P_W15_IL_M0_A00_S1	adaptive	W15_IL_M0_A00_S1	A00		S1	M0	IL	W15	SR_PLUS	150	1	50010	0.22434657	0.0421	0.1876560894155859	18.79	42.01	3.66	iteration	1      50010  2.2434657E-01  4.21E-02   18.79   42.01*   3.66
P_W15_IL_M0_A00_S1	adaptive	W15_IL_M0_A00_S1	A00		S1	M0	IL	W15	SR_PLUS	151	2	49995	0.18138667	0.0197	0.10860776042693765	10.84	24.24	0.36	iteration	2      49995  1.8138667E-01  1.97E-02   10.84   24.24*   0.36
P_W15_IL_M0_A00_S1	adaptive	W15_IL_M0_A00_S1	A00		S1	M0	IL	W15	SR_PLUS	152	3	50001	0.20438791	0.0132	0.0645830763668947	6.46	14.44	0.36	iteration	3      50001  2.0438791E-01  1.32E-02    6.46   14.44*   0.36
P_W15_IL_M0_A00_S1	adaptive	W15_IL_M0_A00_S1	A00		S1	M0	IL	W15	SR_PLUS	153	4	50007	0.22472632	0.0102	0.04538854193847877	4.53	10.13	0.4	iteration	4      50007  2.2472632E-01  1.02E-02    4.53   10.13*   0.40
P_W15_IL_M0_A00_S1	adaptive	W15_IL_M0_A00_S1	A00		S1	M0	IL	W15	SR_PLUS	154	5	50006	0.20665915	0.00511	0.0247267057858314	2.47	5.53	0.67	iteration	5      50006  2.0665915E-01  5.11E-03    2.47    5.53*   0.67
P_W15_IL_M0_A00_S1	adaptive	W15_IL_M0_A00_S1	A00		S1	M0	IL	W15	SR_PLUS	156	5	250019	0.20852586	0.0042	0.020141386780517294	2.01	10.06	0.67	aggregate	5     250019  2.0852586E-01  4.20E-03    2.01   10.06    0.67    1.20   5
C_W15_IL_M0_A00_S1_F0	fixed	W15_IL_M0_A00_S1_F0	A00	F0	S1	M0	IL	W15	SR_PLUS	146	1	50010	0.22434657	0.0421	0.1876560894155859	18.79	42.01	3.66	iteration	1      50010  2.2434657E-01  4.21E-02   18.79   42.01*   3.66
C_W15_IL_M0_A00_S1_F0	fixed	W15_IL_M0_A00_S1_F0	A00	F0	S1	M0	IL	W15	SR_PLUS	147	2	49995	0.18138667	0.0197	0.10860776042693765	10.84	24.24	0.36	iteration	2      49995  1.8138667E-01  1.97E-02   10.84   24.24*   0.36
C_W15_IL_M0_A00_S1_F0	fixed	W15_IL_M0_A00_S1_F0	A00	F0	S1	M0	IL	W15	SR_PLUS	148	3	50001	0.20438791	0.0132	0.0645830763668947	6.46	14.44	0.36	iteration	3      50001  2.0438791E-01  1.32E-02    6.46   14.44*   0.36
C_W15_IL_M0_A00_S1_F0	fixed	W15_IL_M0_A00_S1_F0	A00	F0	S1	M0	IL	W15	SR_PLUS	149	4	50007	0.22472632	0.0102	0.04538854193847877	4.53	10.13	0.4	iteration	4      50007  2.2472632E-01  1.02E-02    4.53   10.13*   0.40
C_W15_IL_M0_A00_S1_F0	fixed	W15_IL_M0_A00_S1_F0	A00	F0	S1	M0	IL	W15	SR_PLUS	150	5	50006	0.20665915	0.00511	0.0247267057858314	2.47	5.53	0.67	iteration	5      50006  2.0665915E-01  5.11E-03    2.47    5.53*   0.67
C_W15_IL_M0_A00_S1_F0	fixed	W15_IL_M0_A00_S1_F0	A00	F0	S1	M0	IL	W15	SR_PLUS	152	5	250019	0.20852586	0.0042	0.020141386780517294	2.01	10.06	0.67	aggregate	5     250019  2.0852586E-01  4.20E-03    2.01   10.06    0.67    1.20   5
C_W15_IL_M0_A00_S1_F0	fixed	W15_IL_M0_A00_S1_F0	A00	F0	S1	M0	IL	W15	SR_PLUS	155	6	199996	0.22176603	0.0077	0.03472127809655969	3.47	15.53	0.44	iteration	6     199996  2.2176603E-01  7.70E-03    3.47   15.53    0.44
C_W15_IL_M0_A00_S1_F0	fixed	W15_IL_M0_A00_S1_F0	A00	F0	S1	M0	IL	W15	SR_PLUS	156	7	199996	0.21656025	0.00285	0.013160309890665531	1.32	5.89	0.38	iteration	7     199996  2.1656025E-01  2.85E-03    1.32    5.89*   0.38
C_W15_IL_M0_A00_S1_F0	fixed	W15_IL_M0_A00_S1_F0	A00	F0	S1	M0	IL	W15	SR_PLUS	157	8	199996	0.25649003	0.0296	0.11540409582391957	11.55	51.67	0.16	iteration	8     199996  2.5649003E-01  2.96E-02   11.55   51.67    0.16
C_W15_IL_M0_A00_S1_F0	fixed	W15_IL_M0_A00_S1_F0	A00	F0	S1	M0	IL	W15	SR_PLUS	159	8	599988	0.21750597	0.00266	0.012229549377426284	1.22	9.49	0.16	aggregate	8     599988  2.1750597E-01  2.66E-03    1.22    9.49    0.16    1.07   3
P_W15_IL_M0_A00_S2	adaptive	W15_IL_M0_A00_S2	A00		S2	M0	IL	W15	SR_PLUS	150	1	50018	0.28173454	0.0639	0.22680925100628416	22.67	50.7	2.97	iteration	1      50018  2.8173454E-01  6.39E-02   22.67   50.70*   2.97
P_W15_IL_M0_A00_S2	adaptive	W15_IL_M0_A00_S2	A00		S2	M0	IL	W15	SR_PLUS	151	2	49998	0.27319875	0.033	0.12079118224369623	12.09	27.03	0.28	iteration	2      49998  2.7319875E-01  3.30E-02   12.09   27.03*   0.28
P_W15_IL_M0_A00_S2	adaptive	W15_IL_M0_A00_S2	A00		S2	M0	IL	W15	SR_PLUS	152	3	50007	0.22735577	0.0135	0.05937830388030178	5.94	13.29	0.35	iteration	3      50007  2.2735577E-01  1.35E-02    5.94   13.29*   0.35
P_W15_IL_M0_A00_S2	adaptive	W15_IL_M0_A00_S2	A00		S2	M0	IL	W15	SR_PLUS	153	4	49995	0.2122638	0.00719	0.03387294489215778	3.39	7.57	0.48	iteration	4      49995  2.1226380E-01  7.19E-03    3.39    7.57*   0.48
P_W15_IL_M0_A00_S2	adaptive	W15_IL_M0_A00_S2	A00		S2	M0	IL	W15	SR_PLUS	154	5	50002	0.21642355	0.0063	0.029109586271919115	2.91	6.51	0.54	iteration	5      50002  2.1642355E-01  6.30E-03    2.91    6.51*   0.54
P_W15_IL_M0_A00_S2	adaptive	W15_IL_M0_A00_S2	A00		S2	M0	IL	W15	SR_PLUS	156	5	250020	0.21734978	0.00442	0.020335884397950622	2.03	10.17	0.54	aggregate	5     250020  2.1734978E-01  4.42E-03    2.03   10.17    0.54    1.24   5
C_W15_IL_M0_A00_S2_F0	fixed	W15_IL_M0_A00_S2_F0	A00	F0	S2	M0	IL	W15	SR_PLUS	146	1	50018	0.28173454	0.0639	0.22680925100628416	22.67	50.7	2.97	iteration	1      50018  2.8173454E-01  6.39E-02   22.67   50.70*   2.97
C_W15_IL_M0_A00_S2_F0	fixed	W15_IL_M0_A00_S2_F0	A00	F0	S2	M0	IL	W15	SR_PLUS	147	2	49998	0.27319875	0.033	0.12079118224369623	12.09	27.03	0.28	iteration	2      49998  2.7319875E-01  3.30E-02   12.09   27.03*   0.28
C_W15_IL_M0_A00_S2_F0	fixed	W15_IL_M0_A00_S2_F0	A00	F0	S2	M0	IL	W15	SR_PLUS	148	3	50007	0.22735577	0.0135	0.05937830388030178	5.94	13.29	0.35	iteration	3      50007  2.2735577E-01  1.35E-02    5.94   13.29*   0.35
C_W15_IL_M0_A00_S2_F0	fixed	W15_IL_M0_A00_S2_F0	A00	F0	S2	M0	IL	W15	SR_PLUS	149	4	49995	0.2122638	0.00719	0.03387294489215778	3.39	7.57	0.48	iteration	4      49995  2.1226380E-01  7.19E-03    3.39    7.57*   0.48
C_W15_IL_M0_A00_S2_F0	fixed	W15_IL_M0_A00_S2_F0	A00	F0	S2	M0	IL	W15	SR_PLUS	150	5	50002	0.21642355	0.0063	0.029109586271919115	2.91	6.51	0.54	iteration	5      50002  2.1642355E-01  6.30E-03    2.91    6.51*   0.54
C_W15_IL_M0_A00_S2_F0	fixed	W15_IL_M0_A00_S2_F0	A00	F0	S2	M0	IL	W15	SR_PLUS	152	5	250020	0.21734978	0.00442	0.020335884397950622	2.03	10.17	0.54	aggregate	5     250020  2.1734978E-01  4.42E-03    2.03   10.17    0.54    1.24   5
C_W15_IL_M0_A00_S2_F0	fixed	W15_IL_M0_A00_S2_F0	A00	F0	S2	M0	IL	W15	SR_PLUS	155	6	199999	0.34364196	0.113	0.3288306235943946	32.75	146.44	0.01	iteration	6     199999  3.4364196E-01  1.13E-01   32.75  146.44    0.01
C_W15_IL_M0_A00_S2_F0	fixed	W15_IL_M0_A00_S2_F0	A00	F0	S2	M0	IL	W15	SR_PLUS	156	7	199999	0.22245726	0.00545	0.02449908804954264	2.45	10.95	0.53	iteration	7     199999  2.2245726E-01  5.45E-03    2.45   10.95*   0.53
C_W15_IL_M0_A00_S2_F0	fixed	W15_IL_M0_A00_S2_F0	A00	F0	S2	M0	IL	W15	SR_PLUS	157	8	199999	0.22364366	0.00406	0.018153879255955657	1.82	8.13	0.31	iteration	8     199999  2.2364366E-01  4.06E-03    1.82    8.13*   0.31
C_W15_IL_M0_A00_S2_F0	fixed	W15_IL_M0_A00_S2_F0	A00	F0	S2	M0	IL	W15	SR_PLUS	159	8	599997	0.22332026	0.00326	0.014597869445432314	1.46	11.29	0.31	aggregate	8     599997  2.2332026E-01  3.26E-03    1.46   11.29    0.31    0.59   3
P_W15_IL_M0_A00_S3	adaptive	W15_IL_M0_A00_S3	A00		S3	M0	IL	W15	SR_PLUS	150	1	50003	0.23475142	0.0422	0.17976462080612762	17.99	40.24	3.03	iteration	1      50003  2.3475142E-01  4.22E-02   17.99   40.24*   3.03
P_W15_IL_M0_A00_S3	adaptive	W15_IL_M0_A00_S3	A00		S3	M0	IL	W15	SR_PLUS	151	2	49997	0.20472522	0.018	0.08792272881670367	8.81	19.7	0.46	iteration	2      49997  2.0472522E-01  1.80E-02    8.81   19.70*   0.46
P_W15_IL_M0_A00_S3	adaptive	W15_IL_M0_A00_S3	A00		S3	M0	IL	W15	SR_PLUS	152	3	49996	0.28449076	0.0469	0.1648559693116219	16.49	36.88	0.19	iteration	3      49996  2.8449076E-01  4.69E-02   16.49   36.88    0.19
P_W15_IL_M0_A00_S3	adaptive	W15_IL_M0_A00_S3	A00		S3	M0	IL	W15	SR_PLUS	153	4	49999	0.23368138	0.012	0.05135197335791153	5.12	11.44	0.27	iteration	4      49999  2.3368138E-01  1.20E-02    5.12   11.44*   0.27
P_W15_IL_M0_A00_S3	adaptive	W15_IL_M0_A00_S3	A00		S3	M0	IL	W15	SR_PLUS	154	5	50003	0.24949454	0.0281	0.11262771521973988	11.26	25.18	0.21	iteration	5      50003  2.4949454E-01  2.81E-02   11.26   25.18    0.21
P_W15_IL_M0_A00_S3	adaptive	W15_IL_M0_A00_S3	A00		S3	M0	IL	W15	SR_PLUS	156	5	249998	0.23001177	0.009	0.03912843242761011	3.91	19.56	0.21	aggregate	5     249998  2.3001177E-01  9.00E-03    3.91   19.56    0.21    0.98   5
C_W15_IL_M0_A00_S3_F0	fixed	W15_IL_M0_A00_S3_F0	A00	F0	S3	M0	IL	W15	SR_PLUS	146	1	50003	0.23475142	0.0422	0.17976462080612762	17.99	40.24	3.03	iteration	1      50003  2.3475142E-01  4.22E-02   17.99   40.24*   3.03
C_W15_IL_M0_A00_S3_F0	fixed	W15_IL_M0_A00_S3_F0	A00	F0	S3	M0	IL	W15	SR_PLUS	147	2	49997	0.20472522	0.018	0.08792272881670367	8.81	19.7	0.46	iteration	2      49997  2.0472522E-01  1.80E-02    8.81   19.70*   0.46
C_W15_IL_M0_A00_S3_F0	fixed	W15_IL_M0_A00_S3_F0	A00	F0	S3	M0	IL	W15	SR_PLUS	148	3	49996	0.28449076	0.0469	0.1648559693116219	16.49	36.88	0.19	iteration	3      49996  2.8449076E-01  4.69E-02   16.49   36.88    0.19
C_W15_IL_M0_A00_S3_F0	fixed	W15_IL_M0_A00_S3_F0	A00	F0	S3	M0	IL	W15	SR_PLUS	149	4	49999	0.23368138	0.012	0.05135197335791153	5.12	11.44	0.27	iteration	4      49999  2.3368138E-01  1.20E-02    5.12   11.44*   0.27
C_W15_IL_M0_A00_S3_F0	fixed	W15_IL_M0_A00_S3_F0	A00	F0	S3	M0	IL	W15	SR_PLUS	150	5	50003	0.24949454	0.0281	0.11262771521973988	11.26	25.18	0.21	iteration	5      50003  2.4949454E-01  2.81E-02   11.26   25.18    0.21
C_W15_IL_M0_A00_S3_F0	fixed	W15_IL_M0_A00_S3_F0	A00	F0	S3	M0	IL	W15	SR_PLUS	152	5	249998	0.23001177	0.009	0.03912843242761011	3.91	19.56	0.21	aggregate	5     249998  2.3001177E-01  9.00E-03    3.91   19.56    0.21    0.98   5
C_W15_IL_M0_A00_S3_F0	fixed	W15_IL_M0_A00_S3_F0	A00	F0	S3	M0	IL	W15	SR_PLUS	155	6	199999	0.24781235	0.0152	0.06133673321769476	6.12	27.37	0.06	iteration	6     199999  2.4781235E-01  1.52E-02    6.12   27.37    0.06
C_W15_IL_M0_A00_S3_F0	fixed	W15_IL_M0_A00_S3_F0	A00	F0	S3	M0	IL	W15	SR_PLUS	156	7	199999	0.26199554	0.0345	0.13168163091631255	13.18	58.92	0.16	iteration	7     199999  2.6199554E-01  3.45E-02   13.18   58.92    0.16
C_W15_IL_M0_A00_S3_F0	fixed	W15_IL_M0_A00_S3_F0	A00	F0	S3	M0	IL	W15	SR_PLUS	157	8	199999	0.23487676	0.00638	0.027163181235980948	2.72	12.15	0.21	iteration	8     199999  2.3487676E-01  6.38E-03    2.72   12.15*   0.21
C_W15_IL_M0_A00_S3_F0	fixed	W15_IL_M0_A00_S3_F0	A00	F0	S3	M0	IL	W15	SR_PLUS	159	8	599997	0.23753311	0.0058	0.024417648554342593	2.44	18.91	0.21	aggregate	8     599997  2.3753311E-01  5.80E-03    2.44   18.91    0.21    0.57   3
P_W15_IL_M0_A00_S4	adaptive	W15_IL_M0_A00_S4	A00		S4	M0	IL	W15	SR_PLUS	150	1	50016	0.24322426	0.0453	0.18624786853087763	18.62	41.64	2.71	iteration	1      50016  2.4322426E-01  4.53E-02   18.62   41.64*   2.71
P_W15_IL_M0_A00_S4	adaptive	W15_IL_M0_A00_S4	A00		S4	M0	IL	W15	SR_PLUS	151	2	50003	0.23732365	0.0298	0.12556692095372712	12.54	28.05	0.29	iteration	2      50003  2.3732365E-01  2.98E-02   12.54   28.05*   0.29
P_W15_IL_M0_A00_S4	adaptive	W15_IL_M0_A00_S4	A00		S4	M0	IL	W15	SR_PLUS	152	3	49993	0.20963525	0.0166	0.07918515612236016	7.94	17.74	0.21	iteration	3      49993  2.0963525E-01  1.66E-02    7.94   17.74*   0.21
P_W15_IL_M0_A00_S4	adaptive	W15_IL_M0_A00_S4	A00		S4	M0	IL	W15	SR_PLUS	153	4	50010	0.21868435	0.00977	0.04467626512825449	4.47	9.99	0.36	iteration	4      50010  2.1868435E-01  9.77E-03    4.47    9.99*   0.36
P_W15_IL_M0_A00_S4	adaptive	W15_IL_M0_A00_S4	A00		S4	M0	IL	W15	SR_PLUS	154	5	49998	0.29670916	0.0771	0.2598504205262824	25.98	58.09	0.25	iteration	5      49998  2.9670916E-01  7.71E-02   25.98   58.09    0.25
P_W15_IL_M0_A00_S4	adaptive	W15_IL_M0_A00_S4	A00		S4	M0	IL	W15	SR_PLUS	156	5	250020	0.21953045	0.00794	0.03616810333145128	3.61	18.07	0.25	aggregate	5     250020  2.1953045E-01  7.94E-03    3.61   18.07    0.25    0.50   5
C_W15_IL_M0_A00_S4_F0	fixed	W15_IL_M0_A00_S4_F0	A00	F0	S4	M0	IL	W15	SR_PLUS	146	1	50016	0.24322426	0.0453	0.18624786853087763	18.62	41.64	2.71	iteration	1      50016  2.4322426E-01  4.53E-02   18.62   41.64*   2.71
C_W15_IL_M0_A00_S4_F0	fixed	W15_IL_M0_A00_S4_F0	A00	F0	S4	M0	IL	W15	SR_PLUS	147	2	50003	0.23732365	0.0298	0.12556692095372712	12.54	28.05	0.29	iteration	2      50003  2.3732365E-01  2.98E-02   12.54   28.05*   0.29
C_W15_IL_M0_A00_S4_F0	fixed	W15_IL_M0_A00_S4_F0	A00	F0	S4	M0	IL	W15	SR_PLUS	148	3	49993	0.20963525	0.0166	0.07918515612236016	7.94	17.74	0.21	iteration	3      49993  2.0963525E-01  1.66E-02    7.94   17.74*   0.21
C_W15_IL_M0_A00_S4_F0	fixed	W15_IL_M0_A00_S4_F0	A00	F0	S4	M0	IL	W15	SR_PLUS	149	4	50010	0.21868435	0.00977	0.04467626512825449	4.47	9.99	0.36	iteration	4      50010  2.1868435E-01  9.77E-03    4.47    9.99*   0.36
C_W15_IL_M0_A00_S4_F0	fixed	W15_IL_M0_A00_S4_F0	A00	F0	S4	M0	IL	W15	SR_PLUS	150	5	49998	0.29670916	0.0771	0.2598504205262824	25.98	58.09	0.25	iteration	5      49998  2.9670916E-01  7.71E-02   25.98   58.09    0.25
C_W15_IL_M0_A00_S4_F0	fixed	W15_IL_M0_A00_S4_F0	A00	F0	S4	M0	IL	W15	SR_PLUS	152	5	250020	0.21953045	0.00794	0.03616810333145128	3.61	18.07	0.25	aggregate	5     250020  2.1953045E-01  7.94E-03    3.61   18.07    0.25    0.50   5
C_W15_IL_M0_A00_S4_F0	fixed	W15_IL_M0_A00_S4_F0	A00	F0	S4	M0	IL	W15	SR_PLUS	155	6	200000	0.21506556	0.00787	0.03659349270055141	3.66	16.36	0.13	iteration	6     200000  2.1506556E-01  7.87E-03    3.66   16.36*   0.13
C_W15_IL_M0_A00_S4_F0	fixed	W15_IL_M0_A00_S4_F0	A00	F0	S4	M0	IL	W15	SR_PLUS	156	7	200000	0.21509166	0.0048	0.022316067484903876	2.23	9.99	0.19	iteration	7     200000  2.1509166E-01  4.80E-03    2.23    9.99*   0.19
C_W15_IL_M0_A00_S4_F0	fixed	W15_IL_M0_A00_S4_F0	A00	F0	S4	M0	IL	W15	SR_PLUS	157	8	200000	0.21779691	0.00677	0.03108400390069813	3.11	13.91	0.11	iteration	8     200000  2.1779691E-01  6.77E-03    3.11   13.91    0.11
C_W15_IL_M0_A00_S4_F0	fixed	W15_IL_M0_A00_S4_F0	A00	F0	S4	M0	IL	W15	SR_PLUS	159	8	600000	0.21581199	0.00351	0.016264156592967795	1.63	12.59	0.11	aggregate	8     600000  2.1581199E-01  3.51E-03    1.63   12.59    0.11    0.06   3
P_W15_IL_M0_A00_S5	adaptive	W15_IL_M0_A00_S5	A00		S5	M0	IL	W15	SR_PLUS	150	1	50021	0.17631969	0.0259	0.14689227278019829	14.69	32.85	2.77	iteration	1      50021  1.7631969E-01  2.59E-02   14.69   32.85*   2.77
P_W15_IL_M0_A00_S5	adaptive	W15_IL_M0_A00_S5	A00		S5	M0	IL	W15	SR_PLUS	151	2	50002	0.20185801	0.0214	0.10601511428751328	10.62	23.74	0.52	iteration	2      50002  2.0185801E-01  2.14E-02   10.62   23.74*   0.52
P_W15_IL_M0_A00_S5	adaptive	W15_IL_M0_A00_S5	A00		S5	M0	IL	W15	SR_PLUS	152	3	50000	0.20839711	0.0208	0.09980944553405754	9.99	22.33	0.22	iteration	3      50000  2.0839711E-01  2.08E-02    9.99   22.33*   0.22
P_W15_IL_M0_A00_S5	adaptive	W15_IL_M0_A00_S5	A00		S5	M0	IL	W15	SR_PLUS	153	4	50008	0.22202541	0.0159	0.07161342478773038	7.15	15.98	0.32	iteration	4      50008  2.2202541E-01  1.59E-02    7.15   15.98*   0.32
P_W15_IL_M0_A00_S5	adaptive	W15_IL_M0_A00_S5	A00		S5	M0	IL	W15	SR_PLUS	154	5	50007	0.22088754	0.00797	0.03608170927160491	3.61	8.07	0.49	iteration	5      50007  2.2088754E-01  7.97E-03    3.61    8.07*   0.49
P_W15_IL_M0_A00_S5	adaptive	W15_IL_M0_A00_S5	A00		S5	M0	IL	W15	SR_PLUS	156	5	250038	0.21574495	0.00624	0.028923040840585144	2.89	14.46	0.49	aggregate	5     250038  2.1574495E-01  6.24E-03    2.89   14.46    0.49    0.86   5
C_W15_IL_M0_A00_S5_F0	fixed	W15_IL_M0_A00_S5_F0	A00	F0	S5	M0	IL	W15	SR_PLUS	146	1	50021	0.17631969	0.0259	0.14689227278019829	14.69	32.85	2.77	iteration	1      50021  1.7631969E-01  2.59E-02   14.69   32.85*   2.77
C_W15_IL_M0_A00_S5_F0	fixed	W15_IL_M0_A00_S5_F0	A00	F0	S5	M0	IL	W15	SR_PLUS	147	2	50002	0.20185801	0.0214	0.10601511428751328	10.62	23.74	0.52	iteration	2      50002  2.0185801E-01  2.14E-02   10.62   23.74*   0.52
C_W15_IL_M0_A00_S5_F0	fixed	W15_IL_M0_A00_S5_F0	A00	F0	S5	M0	IL	W15	SR_PLUS	148	3	50000	0.20839711	0.0208	0.09980944553405754	9.99	22.33	0.22	iteration	3      50000  2.0839711E-01  2.08E-02    9.99   22.33*   0.22
C_W15_IL_M0_A00_S5_F0	fixed	W15_IL_M0_A00_S5_F0	A00	F0	S5	M0	IL	W15	SR_PLUS	149	4	50008	0.22202541	0.0159	0.07161342478773038	7.15	15.98	0.32	iteration	4      50008  2.2202541E-01  1.59E-02    7.15   15.98*   0.32
C_W15_IL_M0_A00_S5_F0	fixed	W15_IL_M0_A00_S5_F0	A00	F0	S5	M0	IL	W15	SR_PLUS	150	5	50007	0.22088754	0.00797	0.03608170927160491	3.61	8.07	0.49	iteration	5      50007  2.2088754E-01  7.97E-03    3.61    8.07*   0.49
C_W15_IL_M0_A00_S5_F0	fixed	W15_IL_M0_A00_S5_F0	A00	F0	S5	M0	IL	W15	SR_PLUS	152	5	250038	0.21574495	0.00624	0.028923040840585144	2.89	14.46	0.49	aggregate	5     250038  2.1574495E-01  6.24E-03    2.89   14.46    0.49    0.86   5
C_W15_IL_M0_A00_S5_F0	fixed	W15_IL_M0_A00_S5_F0	A00	F0	S5	M0	IL	W15	SR_PLUS	155	6	199999	0.232975	0.00769	0.03300783345852559	3.3	14.77	0.4	iteration	6     199999  2.3297500E-01  7.69E-03    3.30   14.77    0.40
C_W15_IL_M0_A00_S5_F0	fixed	W15_IL_M0_A00_S5_F0	A00	F0	S5	M0	IL	W15	SR_PLUS	156	7	199999	0.24203403	0.0119	0.049166639914230245	4.93	22.06	0.17	iteration	7     199999  2.4203403E-01  1.19E-02    4.93   22.06    0.17
C_W15_IL_M0_A00_S5_F0	fixed	W15_IL_M0_A00_S5_F0	A00	F0	S5	M0	IL	W15	SR_PLUS	157	8	199999	0.24788199	0.0141	0.056881905781053316	5.7	25.48	0.25	iteration	8     199999  2.4788199E-01  1.41E-02    5.70   25.48    0.25
C_W15_IL_M0_A00_S5_F0	fixed	W15_IL_M0_A00_S5_F0	A00	F0	S5	M0	IL	W15	SR_PLUS	159	8	599997	0.23775611	0.00588	0.024731225624443468	2.47	19.16	0.25	aggregate	8     599997  2.3775611E-01  5.88E-03    2.47   19.16    0.25    0.51   3
P_W15_IL_M0_A00_S6	adaptive	W15_IL_M0_A00_S6	A00		S6	M0	IL	W15	SR_PLUS	150	1	50023	0.23119255	0.0476	0.20588898733977373	20.58	46.03	2.84	iteration	1      50023  2.3119255E-01  4.76E-02   20.58   46.03*   2.84
P_W15_IL_M0_A00_S6	adaptive	W15_IL_M0_A00_S6	A00		S6	M0	IL	W15	SR_PLUS	151	2	50009	0.28076591	0.0404	0.14389211282808514	14.4	32.21	0.3	iteration	2      50009  2.8076591E-01  4.04E-02   14.40   32.21*   0.30
P_W15_IL_M0_A00_S6	adaptive	W15_IL_M0_A00_S6	A00		S6	M0	IL	W15	SR_PLUS	152	3	50001	0.2121797	0.01	0.04712986209331053	4.74	10.59	0.48	iteration	3      50001  2.1217970E-01  1.00E-02    4.74   10.59*   0.48
P_W15_IL_M0_A00_S6	adaptive	W15_IL_M0_A00_S6	A00		S6	M0	IL	W15	SR_PLUS	153	4	50002	0.22278858	0.00735	0.032990919013892	3.3	7.37	0.64	iteration	4      50002  2.2278858E-01  7.35E-03    3.30    7.37*   0.64
P_W15_IL_M0_A00_S6	adaptive	W15_IL_M0_A00_S6	A00		S6	M0	IL	W15	SR_PLUS	154	5	49999	0.2223327	0.00479	0.021544289256596082	2.16	4.82	1.02	iteration	5      49999  2.2233270E-01  4.79E-03    2.16    4.82*   1.02
P_W15_IL_M0_A00_S6	adaptive	W15_IL_M0_A00_S6	A00		S6	M0	IL	W15	SR_PLUS	156	5	250034	0.22161478	0.0037	0.016695637357761067	1.67	8.35	1.02	aggregate	5     250034  2.2161478E-01  3.70E-03    1.67    8.35    1.02    0.78   5
C_W15_IL_M0_A00_S6_F0	fixed	W15_IL_M0_A00_S6_F0	A00	F0	S6	M0	IL	W15	SR_PLUS	146	1	50023	0.23119255	0.0476	0.20588898733977373	20.58	46.03	2.84	iteration	1      50023  2.3119255E-01  4.76E-02   20.58   46.03*   2.84
C_W15_IL_M0_A00_S6_F0	fixed	W15_IL_M0_A00_S6_F0	A00	F0	S6	M0	IL	W15	SR_PLUS	147	2	50009	0.28076591	0.0404	0.14389211282808514	14.4	32.21	0.3	iteration	2      50009  2.8076591E-01  4.04E-02   14.40   32.21*   0.30
C_W15_IL_M0_A00_S6_F0	fixed	W15_IL_M0_A00_S6_F0	A00	F0	S6	M0	IL	W15	SR_PLUS	148	3	50001	0.2121797	0.01	0.04712986209331053	4.74	10.59	0.48	iteration	3      50001  2.1217970E-01  1.00E-02    4.74   10.59*   0.48
C_W15_IL_M0_A00_S6_F0	fixed	W15_IL_M0_A00_S6_F0	A00	F0	S6	M0	IL	W15	SR_PLUS	149	4	50002	0.22278858	0.00735	0.032990919013892	3.3	7.37	0.64	iteration	4      50002  2.2278858E-01  7.35E-03    3.30    7.37*   0.64
C_W15_IL_M0_A00_S6_F0	fixed	W15_IL_M0_A00_S6_F0	A00	F0	S6	M0	IL	W15	SR_PLUS	150	5	49999	0.2223327	0.00479	0.021544289256596082	2.16	4.82	1.02	iteration	5      49999  2.2233270E-01  4.79E-03    2.16    4.82*   1.02
C_W15_IL_M0_A00_S6_F0	fixed	W15_IL_M0_A00_S6_F0	A00	F0	S6	M0	IL	W15	SR_PLUS	152	5	250034	0.22161478	0.0037	0.016695637357761067	1.67	8.35	1.02	aggregate	5     250034  2.2161478E-01  3.70E-03    1.67    8.35    1.02    0.78   5
C_W15_IL_M0_A00_S6_F0	fixed	W15_IL_M0_A00_S6_F0	A00	F0	S6	M0	IL	W15	SR_PLUS	155	6	199999	0.22601971	0.00378	0.016724205158921757	1.67	7.48	0.33	iteration	6     199999  2.2601971E-01  3.78E-03    1.67    7.48    0.33
C_W15_IL_M0_A00_S6_F0	fixed	W15_IL_M0_A00_S6_F0	A00	F0	S6	M0	IL	W15	SR_PLUS	156	7	199999	0.23250508	0.00948	0.04077330267364481	4.08	18.24	0.09	iteration	7     199999  2.3250508E-01  9.48E-03    4.08   18.24    0.09
C_W15_IL_M0_A00_S6_F0	fixed	W15_IL_M0_A00_S6_F0	A00	F0	S6	M0	IL	W15	SR_PLUS	157	8	199999	0.27820961	0.0544	0.19553602048469856	19.56	87.49	0.08	iteration	8     199999  2.7820961E-01  5.44E-02   19.56   87.49    0.08
C_W15_IL_M0_A00_S6_F0	fixed	W15_IL_M0_A00_S6_F0	A00	F0	S6	M0	IL	W15	SR_PLUS	159	8	599997	0.22712288	0.00351	0.015454189379775388	1.54	11.96	0.08	aggregate	8     599997  2.2712288E-01  3.51E-03    1.54   11.96    0.08    0.64   3
P_W15_IL_M0_A00_S7	adaptive	W15_IL_M0_A00_S7	A00		S7	M0	IL	W15	SR_PLUS	150	1	50011	0.50538754	0.179	0.3541836429129218	35.51	79.41	2.67	iteration	1      50011  5.0538754E-01  1.79E-01   35.51   79.41*   2.67
P_W15_IL_M0_A00_S7	adaptive	W15_IL_M0_A00_S7	A00		S7	M0	IL	W15	SR_PLUS	151	2	50002	0.23173602	0.0345	0.14887629467356867	14.89	33.3	0.29	iteration	2      50002  2.3173602E-01  3.45E-02   14.89   33.30*   0.29
P_W15_IL_M0_A00_S7	adaptive	W15_IL_M0_A00_S7	A00		S7	M0	IL	W15	SR_PLUS	152	3	50007	0.21656781	0.0144	0.0664918761472446	6.66	14.9	0.31	iteration	3      50007  2.1656781E-01  1.44E-02    6.66   14.90*   0.31
P_W15_IL_M0_A00_S7	adaptive	W15_IL_M0_A00_S7	A00		S7	M0	IL	W15	SR_PLUS	153	4	49998	0.24017817	0.023	0.09576224183904807	9.57	21.4	0.25	iteration	4      49998  2.4017817E-01  2.30E-02    9.57   21.40    0.25
P_W15_IL_M0_A00_S7	adaptive	W15_IL_M0_A00_S7	A00		S7	M0	IL	W15	SR_PLUS	154	5	49998	0.21143207	0.0071	0.03358052541414366	3.36	7.51	0.49	iteration	5      49998  2.1143207E-01  7.10E-03    3.36    7.51*   0.49
P_W15_IL_M0_A00_S7	adaptive	W15_IL_M0_A00_S7	A00		S7	M0	IL	W15	SR_PLUS	156	5	250016	0.21527067	0.00604	0.028057700568312444	2.81	14.03	0.49	aggregate	5     250016  2.1527067E-01  6.04E-03    2.81   14.03    0.49    1.08   5
C_W15_IL_M0_A00_S7_F0	fixed	W15_IL_M0_A00_S7_F0	A00	F0	S7	M0	IL	W15	SR_PLUS	146	1	50011	0.50538754	0.179	0.3541836429129218	35.51	79.41	2.67	iteration	1      50011  5.0538754E-01  1.79E-01   35.51   79.41*   2.67
C_W15_IL_M0_A00_S7_F0	fixed	W15_IL_M0_A00_S7_F0	A00	F0	S7	M0	IL	W15	SR_PLUS	147	2	50002	0.23173602	0.0345	0.14887629467356867	14.89	33.3	0.29	iteration	2      50002  2.3173602E-01  3.45E-02   14.89   33.30*   0.29
C_W15_IL_M0_A00_S7_F0	fixed	W15_IL_M0_A00_S7_F0	A00	F0	S7	M0	IL	W15	SR_PLUS	148	3	50007	0.21656781	0.0144	0.0664918761472446	6.66	14.9	0.31	iteration	3      50007  2.1656781E-01  1.44E-02    6.66   14.90*   0.31
C_W15_IL_M0_A00_S7_F0	fixed	W15_IL_M0_A00_S7_F0	A00	F0	S7	M0	IL	W15	SR_PLUS	149	4	49998	0.24017817	0.023	0.09576224183904807	9.57	21.4	0.25	iteration	4      49998  2.4017817E-01  2.30E-02    9.57   21.40    0.25
C_W15_IL_M0_A00_S7_F0	fixed	W15_IL_M0_A00_S7_F0	A00	F0	S7	M0	IL	W15	SR_PLUS	150	5	49998	0.21143207	0.0071	0.03358052541414366	3.36	7.51	0.49	iteration	5      49998  2.1143207E-01  7.10E-03    3.36    7.51*   0.49
C_W15_IL_M0_A00_S7_F0	fixed	W15_IL_M0_A00_S7_F0	A00	F0	S7	M0	IL	W15	SR_PLUS	152	5	250016	0.21527067	0.00604	0.028057700568312444	2.81	14.03	0.49	aggregate	5     250016  2.1527067E-01  6.04E-03    2.81   14.03    0.49    1.08   5
C_W15_IL_M0_A00_S7_F0	fixed	W15_IL_M0_A00_S7_F0	A00	F0	S7	M0	IL	W15	SR_PLUS	155	6	200003	0.21554248	0.00505	0.023429256265400676	2.34	10.47	0.17	iteration	6     200003  2.1554248E-01  5.05E-03    2.34   10.47    0.17
C_W15_IL_M0_A00_S7_F0	fixed	W15_IL_M0_A00_S7_F0	A00	F0	S7	M0	IL	W15	SR_PLUS	156	7	200003	0.2290538	0.0135	0.05893811846823759	5.89	26.34	0.22	iteration	7     200003  2.2905380E-01  1.35E-02    5.89   26.34    0.22
C_W15_IL_M0_A00_S7_F0	fixed	W15_IL_M0_A00_S7_F0	A00	F0	S7	M0	IL	W15	SR_PLUS	157	8	200003	0.21069032	0.00303	0.014381296682258588	1.44	6.43	0.26	iteration	8     200003  2.1069032E-01  3.03E-03    1.44    6.43*   0.26
C_W15_IL_M0_A00_S7_F0	fixed	W15_IL_M0_A00_S7_F0	A00	F0	S7	M0	IL	W15	SR_PLUS	159	8	600009	0.21258561	0.00255	0.01199516749981337	1.2	9.29	0.26	aggregate	8     600009  2.1258561E-01  2.55E-03    1.20    9.29    0.26    1.11   3
P_W15_IL_M1_A07_S0	adaptive	W15_IL_M1_A07_S0	A07		S0	M1	IL	W15	SR_PLUS	150	1	99996	0.2526766	0.0343	0.1357466421504801	13.59	42.98	1.58	iteration	1      99996  2.5267660E-01  3.43E-02   13.59   42.98*   1.58
P_W15_IL_M1_A07_S0	adaptive	W15_IL_M1_A07_S0	A07		S0	M1	IL	W15	SR_PLUS	151	2	99990	0.22463545	0.0109	0.048523062588741006	4.86	15.36	0.46	iteration	2      99990  2.2463545E-01  1.09E-02    4.86   15.36*   0.46
P_W15_IL_M1_A07_S0	adaptive	W15_IL_M1_A07_S0	A07		S0	M1	IL	W15	SR_PLUS	152	3	100002	0.23746813	0.00823	0.03465728222140798	3.47	10.97	0.51	iteration	3     100002  2.3746813E-01  8.23E-03    3.47   10.97*   0.51
P_W15_IL_M1_A07_S0	adaptive	W15_IL_M1_A07_S0	A07		S0	M1	IL	W15	SR_PLUS	153	4	100006	0.22608321	0.00492	0.02176189908131612	2.18	6.88	0.54	iteration	4     100006  2.2608321E-01  4.92E-03    2.18    6.88*   0.54
P_W15_IL_M1_A07_S0	adaptive	W15_IL_M1_A07_S0	A07		S0	M1	IL	W15	SR_PLUS	154	5	99990	0.23519916	0.0133	0.05654782100412263	5.64	17.83	0.33	iteration	5      99990  2.3519916E-01  1.33E-02    5.64   17.83    0.33
P_W15_IL_M1_A07_S0	adaptive	W15_IL_M1_A07_S0	A07		S0	M1	IL	W15	SR_PLUS	155	6	100003	0.23004199	0.00354	0.01538849494390133	1.54	4.86	0.59	iteration	6     100003  2.3004199E-01  3.54E-03    1.54    4.86*   0.59
P_W15_IL_M1_A07_S0	adaptive	W15_IL_M1_A07_S0	A07		S0	M1	IL	W15	SR_PLUS	156	7	99994	0.23228115	0.0034	0.014637433988939696	1.47	4.63	0.62	iteration	7      99994  2.3228115E-01  3.40E-03    1.47    4.63*   0.62
P_W15_IL_M1_A07_S0	adaptive	W15_IL_M1_A07_S0	A07		S0	M1	IL	W15	SR_PLUS	157	8	100001	0.23518549	0.00499	0.02121729533569439	2.12	6.71	0.52	iteration	8     100001  2.3518549E-01  4.99E-03    2.12    6.71    0.52
P_W15_IL_M1_A07_S0	adaptive	W15_IL_M1_A07_S0	A07		S0	M1	IL	W15	SR_PLUS	158	9	100001	0.23309206	0.00298	0.012784648263008187	1.28	4.05	0.81	iteration	9     100001  2.3309206E-01  2.98E-03    1.28    4.05*   0.81
P_W15_IL_M1_A07_S0	adaptive	W15_IL_M1_A07_S0	A07		S0	M1	IL	W15	SR_PLUS	159	10	100002	0.23699414	0.00952	0.040169769598522566	4.02	12.7	0.89	iteration	10     100002  2.3699414E-01  9.52E-03    4.02   12.70    0.89
P_W15_IL_M1_A07_S0	adaptive	W15_IL_M1_A07_S0	A07		S0	M1	IL	W15	SR_PLUS	161	10	999985	0.23195943	0.00158	0.006811535965578119	0.68	6.81	0.89	aggregate	10     999985  2.3195943E-01  1.58E-03    0.68    6.81    0.89    0.43  10
C_W15_IL_M1_A07_S0_F0	fixed	W15_IL_M1_A07_S0_F0	A07	F0	S0	M1	IL	W15	SR_PLUS	146	1	99996	0.2526766	0.0343	0.1357466421504801	13.59	42.98	1.58	iteration	1      99996  2.5267660E-01  3.43E-02   13.59   42.98*   1.58
C_W15_IL_M1_A07_S0_F0	fixed	W15_IL_M1_A07_S0_F0	A07	F0	S0	M1	IL	W15	SR_PLUS	147	2	99990	0.22463545	0.0109	0.048523062588741006	4.86	15.36	0.46	iteration	2      99990  2.2463545E-01  1.09E-02    4.86   15.36*   0.46
C_W15_IL_M1_A07_S0_F0	fixed	W15_IL_M1_A07_S0_F0	A07	F0	S0	M1	IL	W15	SR_PLUS	148	3	100002	0.23746813	0.00823	0.03465728222140798	3.47	10.97	0.51	iteration	3     100002  2.3746813E-01  8.23E-03    3.47   10.97*   0.51
C_W15_IL_M1_A07_S0_F0	fixed	W15_IL_M1_A07_S0_F0	A07	F0	S0	M1	IL	W15	SR_PLUS	149	4	100006	0.22608321	0.00492	0.02176189908131612	2.18	6.88	0.54	iteration	4     100006  2.2608321E-01  4.92E-03    2.18    6.88*   0.54
C_W15_IL_M1_A07_S0_F0	fixed	W15_IL_M1_A07_S0_F0	A07	F0	S0	M1	IL	W15	SR_PLUS	150	5	99990	0.23519916	0.0133	0.05654782100412263	5.64	17.83	0.33	iteration	5      99990  2.3519916E-01  1.33E-02    5.64   17.83    0.33
C_W15_IL_M1_A07_S0_F0	fixed	W15_IL_M1_A07_S0_F0	A07	F0	S0	M1	IL	W15	SR_PLUS	151	6	100003	0.23004199	0.00354	0.01538849494390133	1.54	4.86	0.59	iteration	6     100003  2.3004199E-01  3.54E-03    1.54    4.86*   0.59
C_W15_IL_M1_A07_S0_F0	fixed	W15_IL_M1_A07_S0_F0	A07	F0	S0	M1	IL	W15	SR_PLUS	152	7	99994	0.23228115	0.0034	0.014637433988939696	1.47	4.63	0.62	iteration	7      99994  2.3228115E-01  3.40E-03    1.47    4.63*   0.62
C_W15_IL_M1_A07_S0_F0	fixed	W15_IL_M1_A07_S0_F0	A07	F0	S0	M1	IL	W15	SR_PLUS	153	8	100001	0.23518549	0.00499	0.02121729533569439	2.12	6.71	0.52	iteration	8     100001  2.3518549E-01  4.99E-03    2.12    6.71    0.52
C_W15_IL_M1_A07_S0_F0	fixed	W15_IL_M1_A07_S0_F0	A07	F0	S0	M1	IL	W15	SR_PLUS	154	9	100001	0.23309206	0.00298	0.012784648263008187	1.28	4.05	0.81	iteration	9     100001  2.3309206E-01  2.98E-03    1.28    4.05*   0.81
C_W15_IL_M1_A07_S0_F0	fixed	W15_IL_M1_A07_S0_F0	A07	F0	S0	M1	IL	W15	SR_PLUS	155	10	100002	0.23699414	0.00952	0.040169769598522566	4.02	12.7	0.89	iteration	10     100002  2.3699414E-01  9.52E-03    4.02   12.70    0.89
C_W15_IL_M1_A07_S0_F0	fixed	W15_IL_M1_A07_S0_F0	A07	F0	S0	M1	IL	W15	SR_PLUS	157	10	999985	0.23195943	0.00158	0.006811535965578119	0.68	6.81	0.89	aggregate	10     999985  2.3195943E-01  1.58E-03    0.68    6.81    0.89    0.43  10
C_W15_IL_M1_A07_S0_F0	fixed	W15_IL_M1_A07_S0_F0	A07	F0	S0	M1	IL	W15	SR_PLUS	160	11	200000	0.22615205	0.00157	0.006942232007182778	0.7	3.11	1.16	iteration	11     200000  2.2615205E-01  1.57E-03    0.70    3.11*   1.16
C_W15_IL_M1_A07_S0_F0	fixed	W15_IL_M1_A07_S0_F0	A07	F0	S0	M1	IL	W15	SR_PLUS	161	12	200000	0.2295672	0.00173	0.007535919765541419	0.75	3.37	0.94	iteration	12     200000  2.2956720E-01  1.73E-03    0.75    3.37    0.94
C_W15_IL_M1_A07_S0_F0	fixed	W15_IL_M1_A07_S0_F0	A07	F0	S0	M1	IL	W15	SR_PLUS	162	13	200000	0.23008299	0.00199	0.008649053109054259	0.87	3.87	0.87	iteration	13     200000  2.3008299E-01  1.99E-03    0.87    3.87    0.87
C_W15_IL_M1_A07_S0_F0	fixed	W15_IL_M1_A07_S0_F0	A07	F0	S0	M1	IL	W15	SR_PLUS	164	13	600000	0.22830606	0.00101	0.0044238860764361666	0.44	3.41	0.87	aggregate	13     600000  2.2830606E-01  1.01E-03    0.44    3.41    0.87    1.60   3
P_W15_IL_M1_A07_S1	adaptive	W15_IL_M1_A07_S1	A07		S1	M1	IL	W15	SR_PLUS	150	1	100017	0.36426192	0.144	0.3953199390153107	39.41	124.63	1.29	iteration	1     100017  3.6426192E-01  1.44E-01   39.41  124.63*   1.29
P_W15_IL_M1_A07_S1	adaptive	W15_IL_M1_A07_S1	A07		S1	M1	IL	W15	SR_PLUS	151	2	99995	0.22351087	0.0139	0.062189369134485493	6.21	19.64	0.4	iteration	2      99995  2.2351087E-01  1.39E-02    6.21   19.64*   0.40
P_W15_IL_M1_A07_S1	adaptive	W15_IL_M1_A07_S1	A07		S1	M1	IL	W15	SR_PLUS	152	3	99996	0.22704748	0.00741	0.032636345490379366	3.26	10.32	0.41	iteration	3      99996  2.2704748E-01  7.41E-03    3.26   10.32*   0.41
P_W15_IL_M1_A07_S1	adaptive	W15_IL_M1_A07_S1	A07		S1	M1	IL	W15	SR_PLUS	153	4	99995	0.23865577	0.0147	0.06159499097800988	6.17	19.52	0.28	iteration	4      99995  2.3865577E-01  1.47E-02    6.17   19.52    0.28
P_W15_IL_M1_A07_S1	adaptive	W15_IL_M1_A07_S1	A07		S1	M1	IL	W15	SR_PLUS	154	5	100001	0.2287186	0.00455	0.019893441110604912	1.99	6.28	0.54	iteration	5     100001  2.2871860E-01  4.55E-03    1.99    6.28*   0.54
P_W15_IL_M1_A07_S1	adaptive	W15_IL_M1_A07_S1	A07		S1	M1	IL	W15	SR_PLUS	155	6	100000	0.2327951	0.00557	0.02392662044862628	2.39	7.57	0.54	iteration	6     100000  2.3279510E-01  5.57E-03    2.39    7.57    0.54
P_W15_IL_M1_A07_S1	adaptive	W15_IL_M1_A07_S1	A07		S1	M1	IL	W15	SR_PLUS	156	7	100002	0.22434316	0.00278	0.012391730597001485	1.24	3.92	0.99	iteration	7     100002  2.2434316E-01  2.78E-03    1.24    3.92*   0.99
P_W15_IL_M1_A07_S1	adaptive	W15_IL_M1_A07_S1	A07		S1	M1	IL	W15	SR_PLUS	157	8	99999	0.22877893	0.00246	0.010752738462409978	1.08	3.41	1.37	iteration	8      99999  2.2877893E-01  2.46E-03    1.08    3.41*   1.37
P_W15_IL_M1_A07_S1	adaptive	W15_IL_M1_A07_S1	A07		S1	M1	IL	W15	SR_PLUS	158	9	100004	0.33366996	0.108	0.32367312898050515	32.5	102.78	0.08	iteration	9     100004  3.3366996E-01  1.08E-01   32.50  102.78    0.08
P_W15_IL_M1_A07_S1	adaptive	W15_IL_M1_A07_S1	A07		S1	M1	IL	W15	SR_PLUS	159	10	99998	0.23245163	0.00241	0.01036774833542789	1.04	3.28	1.15	iteration	10      99998  2.3245163E-01  2.41E-03    1.04    3.28*   1.15
P_W15_IL_M1_A07_S1	adaptive	W15_IL_M1_A07_S1	A07		S1	M1	IL	W15	SR_PLUS	161	10	1000007	0.22910492	0.00132	0.005761552392676683	0.58	5.75	1.15	aggregate	10    1000007  2.2910492E-01  1.32E-03    0.58    5.75    1.15    0.87  10
C_W15_IL_M1_A07_S1_F0	fixed	W15_IL_M1_A07_S1_F0	A07	F0	S1	M1	IL	W15	SR_PLUS	146	1	100017	0.36426192	0.144	0.3953199390153107	39.41	124.63	1.29	iteration	1     100017  3.6426192E-01  1.44E-01   39.41  124.63*   1.29
C_W15_IL_M1_A07_S1_F0	fixed	W15_IL_M1_A07_S1_F0	A07	F0	S1	M1	IL	W15	SR_PLUS	147	2	99995	0.22351087	0.0139	0.062189369134485493	6.21	19.64	0.4	iteration	2      99995  2.2351087E-01  1.39E-02    6.21   19.64*   0.40
C_W15_IL_M1_A07_S1_F0	fixed	W15_IL_M1_A07_S1_F0	A07	F0	S1	M1	IL	W15	SR_PLUS	148	3	99996	0.22704748	0.00741	0.032636345490379366	3.26	10.32	0.41	iteration	3      99996  2.2704748E-01  7.41E-03    3.26   10.32*   0.41
C_W15_IL_M1_A07_S1_F0	fixed	W15_IL_M1_A07_S1_F0	A07	F0	S1	M1	IL	W15	SR_PLUS	149	4	99995	0.23865577	0.0147	0.06159499097800988	6.17	19.52	0.28	iteration	4      99995  2.3865577E-01  1.47E-02    6.17   19.52    0.28
C_W15_IL_M1_A07_S1_F0	fixed	W15_IL_M1_A07_S1_F0	A07	F0	S1	M1	IL	W15	SR_PLUS	150	5	100001	0.2287186	0.00455	0.019893441110604912	1.99	6.28	0.54	iteration	5     100001  2.2871860E-01  4.55E-03    1.99    6.28*   0.54
C_W15_IL_M1_A07_S1_F0	fixed	W15_IL_M1_A07_S1_F0	A07	F0	S1	M1	IL	W15	SR_PLUS	151	6	100000	0.2327951	0.00557	0.02392662044862628	2.39	7.57	0.54	iteration	6     100000  2.3279510E-01  5.57E-03    2.39    7.57    0.54
C_W15_IL_M1_A07_S1_F0	fixed	W15_IL_M1_A07_S1_F0	A07	F0	S1	M1	IL	W15	SR_PLUS	152	7	100002	0.22434316	0.00278	0.012391730597001485	1.24	3.92	0.99	iteration	7     100002  2.2434316E-01  2.78E-03    1.24    3.92*   0.99
C_W15_IL_M1_A07_S1_F0	fixed	W15_IL_M1_A07_S1_F0	A07	F0	S1	M1	IL	W15	SR_PLUS	153	8	99999	0.22877893	0.00246	0.010752738462409978	1.08	3.41	1.37	iteration	8      99999  2.2877893E-01  2.46E-03    1.08    3.41*   1.37
C_W15_IL_M1_A07_S1_F0	fixed	W15_IL_M1_A07_S1_F0	A07	F0	S1	M1	IL	W15	SR_PLUS	154	9	100004	0.33366996	0.108	0.32367312898050515	32.5	102.78	0.08	iteration	9     100004  3.3366996E-01  1.08E-01   32.50  102.78    0.08
C_W15_IL_M1_A07_S1_F0	fixed	W15_IL_M1_A07_S1_F0	A07	F0	S1	M1	IL	W15	SR_PLUS	155	10	99998	0.23245163	0.00241	0.01036774833542789	1.04	3.28	1.15	iteration	10      99998  2.3245163E-01  2.41E-03    1.04    3.28*   1.15
C_W15_IL_M1_A07_S1_F0	fixed	W15_IL_M1_A07_S1_F0	A07	F0	S1	M1	IL	W15	SR_PLUS	157	10	1000007	0.22910492	0.00132	0.005761552392676683	0.58	5.75	1.15	aggregate	10    1000007  2.2910492E-01  1.32E-03    0.58    5.75    1.15    0.87  10
C_W15_IL_M1_A07_S1_F0	fixed	W15_IL_M1_A07_S1_F0	A07	F0	S1	M1	IL	W15	SR_PLUS	160	11	200001	0.22795104	0.00159	0.0069751820390905	0.7	3.11	1.14	iteration	11     200001  2.2795104E-01  1.59E-03    0.70    3.11*   1.14
C_W15_IL_M1_A07_S1_F0	fixed	W15_IL_M1_A07_S1_F0	A07	F0	S1	M1	IL	W15	SR_PLUS	161	12	200001	0.23016015	0.00334	0.014511634616157489	1.45	6.49	0.66	iteration	12     200001  2.3016015E-01  3.34E-03    1.45    6.49    0.66
C_W15_IL_M1_A07_S1_F0	fixed	W15_IL_M1_A07_S1_F0	A07	F0	S1	M1	IL	W15	SR_PLUS	162	13	200001	0.23002605	0.00218	0.009477187475070759	0.95	4.24	0.68	iteration	13     200001  2.3002605E-01  2.18E-03    0.95    4.24*   0.68
C_W15_IL_M1_A07_S1_F0	fixed	W15_IL_M1_A07_S1_F0	A07	F0	S1	M1	IL	W15	SR_PLUS	164	13	600003	0.22886213	0.0012	0.0052433314327713365	0.52	4.05	0.68	aggregate	13     600003  2.2886213E-01  1.20E-03    0.52    4.05    0.68    0.38   3
P_W15_IL_M1_A07_S2	adaptive	W15_IL_M1_A07_S2	A07		S2	M1	IL	W15	SR_PLUS	150	1	99999	0.2445506	0.0352	0.1439374918728476	14.38	45.48	1.89	iteration	1      99999  2.4455060E-01  3.52E-02   14.38   45.48*   1.89
P_W15_IL_M1_A07_S2	adaptive	W15_IL_M1_A07_S2	A07		S2	M1	IL	W15	SR_PLUS	151	2	99996	0.22917384	0.0159	0.06937964647273878	6.96	22.01	0.37	iteration	2      99996  2.2917384E-01  1.59E-02    6.96   22.01*   0.37
P_W15_IL_M1_A07_S2	adaptive	W15_IL_M1_A07_S2	A07		S2	M1	IL	W15	SR_PLUS	152	3	99994	0.23857302	0.0166	0.06958037417642615	6.98	22.06	0.4	iteration	3      99994  2.3857302E-01  1.66E-02    6.98   22.06    0.40
P_W15_IL_M1_A07_S2	adaptive	W15_IL_M1_A07_S2	A07		S2	M1	IL	W15	SR_PLUS	153	4	100004	0.21700905	0.00433	0.019953084905905995	1.99	6.31	0.54	iteration	4     100004  2.1700905E-01  4.33E-03    1.99    6.31*   0.54
P_W15_IL_M1_A07_S2	adaptive	W15_IL_M1_A07_S2	A07		S2	M1	IL	W15	SR_PLUS	154	5	99996	0.23993137	0.00982	0.040928370475273826	4.09	12.95	0.57	iteration	5      99996  2.3993137E-01  9.82E-03    4.09   12.95    0.57
P_W15_IL_M1_A07_S2	adaptive	W15_IL_M1_A07_S2	A07		S2	M1	IL	W15	SR_PLUS	155	6	100001	0.23395354	0.00636	0.027184884657013526	2.72	8.59	0.53	iteration	6     100001  2.3395354E-01  6.36E-03    2.72    8.59*   0.53
P_W15_IL_M1_A07_S2	adaptive	W15_IL_M1_A07_S2	A07		S2	M1	IL	W15	SR_PLUS	156	7	99998	0.24242658	0.015	0.061874403376065444	6.2	19.61	0.63	iteration	7      99998  2.4242658E-01  1.50E-02    6.20   19.61    0.63
P_W15_IL_M1_A07_S2	adaptive	W15_IL_M1_A07_S2	A07		S2	M1	IL	W15	SR_PLUS	157	8	100000	0.22698793	0.00307	0.013524948220815089	1.35	4.28	0.72	iteration	8     100000  2.2698793E-01  3.07E-03    1.35    4.28*   0.72
P_W15_IL_M1_A07_S2	adaptive	W15_IL_M1_A07_S2	A07		S2	M1	IL	W15	SR_PLUS	158	9	99998	0.23019996	0.00455	0.019765424807198055	1.98	6.26	0.7	iteration	9      99998  2.3019996E-01  4.55E-03    1.98    6.26    0.70
P_W15_IL_M1_A07_S2	adaptive	W15_IL_M1_A07_S2	A07		S2	M1	IL	W15	SR_PLUS	159	10	99999	0.23853916	0.00975	0.040873791959357954	4.09	12.92	0.98	iteration	10      99999  2.3853916E-01  9.75E-03    4.09   12.92    0.98
P_W15_IL_M1_A07_S2	adaptive	W15_IL_M1_A07_S2	A07		S2	M1	IL	W15	SR_PLUS	161	10	999985	0.22767569	0.00194	0.008520892151463339	0.85	8.52	0.98	aggregate	10     999985  2.2767569E-01  1.94E-03    0.85    8.52    0.98    1.32  10
C_W15_IL_M1_A07_S2_F0	fixed	W15_IL_M1_A07_S2_F0	A07	F0	S2	M1	IL	W15	SR_PLUS	146	1	99999	0.2445506	0.0352	0.1439374918728476	14.38	45.48	1.89	iteration	1      99999  2.4455060E-01  3.52E-02   14.38   45.48*   1.89
C_W15_IL_M1_A07_S2_F0	fixed	W15_IL_M1_A07_S2_F0	A07	F0	S2	M1	IL	W15	SR_PLUS	147	2	99996	0.22917384	0.0159	0.06937964647273878	6.96	22.01	0.37	iteration	2      99996  2.2917384E-01  1.59E-02    6.96   22.01*   0.37
C_W15_IL_M1_A07_S2_F0	fixed	W15_IL_M1_A07_S2_F0	A07	F0	S2	M1	IL	W15	SR_PLUS	148	3	99994	0.23857302	0.0166	0.06958037417642615	6.98	22.06	0.4	iteration	3      99994  2.3857302E-01  1.66E-02    6.98   22.06    0.40
C_W15_IL_M1_A07_S2_F0	fixed	W15_IL_M1_A07_S2_F0	A07	F0	S2	M1	IL	W15	SR_PLUS	149	4	100004	0.21700905	0.00433	0.019953084905905995	1.99	6.31	0.54	iteration	4     100004  2.1700905E-01  4.33E-03    1.99    6.31*   0.54
C_W15_IL_M1_A07_S2_F0	fixed	W15_IL_M1_A07_S2_F0	A07	F0	S2	M1	IL	W15	SR_PLUS	150	5	99996	0.23993137	0.00982	0.040928370475273826	4.09	12.95	0.57	iteration	5      99996  2.3993137E-01  9.82E-03    4.09   12.95    0.57
C_W15_IL_M1_A07_S2_F0	fixed	W15_IL_M1_A07_S2_F0	A07	F0	S2	M1	IL	W15	SR_PLUS	151	6	100001	0.23395354	0.00636	0.027184884657013526	2.72	8.59	0.53	iteration	6     100001  2.3395354E-01  6.36E-03    2.72    8.59*   0.53
C_W15_IL_M1_A07_S2_F0	fixed	W15_IL_M1_A07_S2_F0	A07	F0	S2	M1	IL	W15	SR_PLUS	152	7	99998	0.24242658	0.015	0.061874403376065444	6.2	19.61	0.63	iteration	7      99998  2.4242658E-01  1.50E-02    6.20   19.61    0.63
C_W15_IL_M1_A07_S2_F0	fixed	W15_IL_M1_A07_S2_F0	A07	F0	S2	M1	IL	W15	SR_PLUS	153	8	100000	0.22698793	0.00307	0.013524948220815089	1.35	4.28	0.72	iteration	8     100000  2.2698793E-01  3.07E-03    1.35    4.28*   0.72
C_W15_IL_M1_A07_S2_F0	fixed	W15_IL_M1_A07_S2_F0	A07	F0	S2	M1	IL	W15	SR_PLUS	154	9	99998	0.23019996	0.00455	0.019765424807198055	1.98	6.26	0.7	iteration	9      99998  2.3019996E-01  4.55E-03    1.98    6.26    0.70
C_W15_IL_M1_A07_S2_F0	fixed	W15_IL_M1_A07_S2_F0	A07	F0	S2	M1	IL	W15	SR_PLUS	155	10	99999	0.23853916	0.00975	0.040873791959357954	4.09	12.92	0.98	iteration	10      99999  2.3853916E-01  9.75E-03    4.09   12.92    0.98
C_W15_IL_M1_A07_S2_F0	fixed	W15_IL_M1_A07_S2_F0	A07	F0	S2	M1	IL	W15	SR_PLUS	157	10	999985	0.22767569	0.00194	0.008520892151463339	0.85	8.52	0.98	aggregate	10     999985  2.2767569E-01  1.94E-03    0.85    8.52    0.98    1.32  10
C_W15_IL_M1_A07_S2_F0	fixed	W15_IL_M1_A07_S2_F0	A07	F0	S2	M1	IL	W15	SR_PLUS	160	11	200002	0.22838316	0.00162	0.007093342608973446	0.71	3.18	1.25	iteration	11     200002  2.2838316E-01  1.62E-03    0.71    3.18*   1.25
C_W15_IL_M1_A07_S2_F0	fixed	W15_IL_M1_A07_S2_F0	A07	F0	S2	M1	IL	W15	SR_PLUS	161	12	200002	0.22779297	0.00158	0.006936122743384047	0.69	3.1	1.12	iteration	12     200002  2.2779297E-01  1.58E-03    0.69    3.10*   1.12
C_W15_IL_M1_A07_S2_F0	fixed	W15_IL_M1_A07_S2_F0	A07	F0	S2	M1	IL	W15	SR_PLUS	162	13	200002	0.25635289	0.0295	0.11507574578152795	11.52	51.54	0.22	iteration	13     200002  2.5635289E-01  2.95E-02   11.52   51.54    0.22
C_W15_IL_M1_A07_S2_F0	fixed	W15_IL_M1_A07_S2_F0	A07	F0	S2	M1	IL	W15	SR_PLUS	164	13	600006	0.22812103	0.00113	0.004953510862194511	0.5	3.84	0.22	aggregate	13     600006  2.2812103E-01  1.13E-03    0.50    3.84    0.22    0.49   3
P_W15_IL_M1_A07_S3	adaptive	W15_IL_M1_A07_S3	A07		S3	M1	IL	W15	SR_PLUS	150	1	100022	0.21412795	0.0263	0.12282376027977664	12.27	38.8	2.03	iteration	1     100022  2.1412795E-01  2.63E-02   12.27   38.80*   2.03
P_W15_IL_M1_A07_S3	adaptive	W15_IL_M1_A07_S3	A07		S3	M1	IL	W15	SR_PLUS	151	2	100003	0.22055233	0.00943	0.042756292803617174	4.28	13.53	0.53	iteration	2     100003  2.2055233E-01  9.43E-03    4.28   13.53*   0.53
P_W15_IL_M1_A07_S3	adaptive	W15_IL_M1_A07_S3	A07		S3	M1	IL	W15	SR_PLUS	152	3	100007	0.22854532	0.0078	0.034128898373416705	3.41	10.79	0.54	iteration	3     100007  2.2854532E-01  7.80E-03    3.41   10.79*   0.54
P_W15_IL_M1_A07_S3	adaptive	W15_IL_M1_A07_S3	A07		S3	M1	IL	W15	SR_PLUS	153	4	99996	0.22961185	0.00809	0.035233373190451625	3.52	11.14	0.37	iteration	4      99996  2.2961185E-01  8.09E-03    3.52   11.14    0.37
P_W15_IL_M1_A07_S3	adaptive	W15_IL_M1_A07_S3	A07		S3	M1	IL	W15	SR_PLUS	154	5	99999	0.23300251	0.00713	0.03060052872391804	3.06	9.68	0.34	iteration	5      99999  2.3300251E-01  7.13E-03    3.06    9.68*   0.34
P_W15_IL_M1_A07_S3	adaptive	W15_IL_M1_A07_S3	A07		S3	M1	IL	W15	SR_PLUS	155	6	100001	0.26065669	0.04	0.15345855884228407	15.33	48.48	0.11	iteration	6     100001  2.6065669E-01  4.00E-02   15.33   48.48    0.11
P_W15_IL_M1_A07_S3	adaptive	W15_IL_M1_A07_S3	A07		S3	M1	IL	W15	SR_PLUS	156	7	99999	0.23070722	0.00564	0.024446569119076552	2.44	7.73	0.35	iteration	7      99999  2.3070722E-01  5.64E-03    2.44    7.73*   0.35
P_W15_IL_M1_A07_S3	adaptive	W15_IL_M1_A07_S3	A07		S3	M1	IL	W15	SR_PLUS	157	8	100002	0.23156184	0.00387	0.016712598241575557	1.67	5.28	0.57	iteration	8     100002  2.3156184E-01  3.87E-03    1.67    5.28*   0.57
P_W15_IL_M1_A07_S3	adaptive	W15_IL_M1_A07_S3	A07		S3	M1	IL	W15	SR_PLUS	158	9	100002	0.65884012	0.432	0.6556977738392737	65.57	207.35	0.04	iteration	9     100002  6.5884012E-01  4.32E-01   65.57  207.35    0.04
P_W15_IL_M1_A07_S3	adaptive	W15_IL_M1_A07_S3	A07		S3	M1	IL	W15	SR_PLUS	159	10	99998	0.23640141	0.009	0.038070838917585136	3.81	12.04	0.13	iteration	10      99998  2.3640141E-01  9.00E-03    3.81   12.04*   0.13
P_W15_IL_M1_A07_S3	adaptive	W15_IL_M1_A07_S3	A07		S3	M1	IL	W15	SR_PLUS	161	10	1000029	0.23072574	0.00239	0.010358618851975511	1.03	10.35	0.13	aggregate	10    1000029  2.3072574E-01  2.39E-03    1.03   10.35    0.13    0.42  10
C_W15_IL_M1_A07_S3_F0	fixed	W15_IL_M1_A07_S3_F0	A07	F0	S3	M1	IL	W15	SR_PLUS	146	1	100022	0.21412795	0.0263	0.12282376027977664	12.27	38.8	2.03	iteration	1     100022  2.1412795E-01  2.63E-02   12.27   38.80*   2.03
C_W15_IL_M1_A07_S3_F0	fixed	W15_IL_M1_A07_S3_F0	A07	F0	S3	M1	IL	W15	SR_PLUS	147	2	100003	0.22055233	0.00943	0.042756292803617174	4.28	13.53	0.53	iteration	2     100003  2.2055233E-01  9.43E-03    4.28   13.53*   0.53
C_W15_IL_M1_A07_S3_F0	fixed	W15_IL_M1_A07_S3_F0	A07	F0	S3	M1	IL	W15	SR_PLUS	148	3	100007	0.22854532	0.0078	0.034128898373416705	3.41	10.79	0.54	iteration	3     100007  2.2854532E-01  7.80E-03    3.41   10.79*   0.54
C_W15_IL_M1_A07_S3_F0	fixed	W15_IL_M1_A07_S3_F0	A07	F0	S3	M1	IL	W15	SR_PLUS	149	4	99996	0.22961185	0.00809	0.035233373190451625	3.52	11.14	0.37	iteration	4      99996  2.2961185E-01  8.09E-03    3.52   11.14    0.37
C_W15_IL_M1_A07_S3_F0	fixed	W15_IL_M1_A07_S3_F0	A07	F0	S3	M1	IL	W15	SR_PLUS	150	5	99999	0.23300251	0.00713	0.03060052872391804	3.06	9.68	0.34	iteration	5      99999  2.3300251E-01  7.13E-03    3.06    9.68*   0.34
C_W15_IL_M1_A07_S3_F0	fixed	W15_IL_M1_A07_S3_F0	A07	F0	S3	M1	IL	W15	SR_PLUS	151	6	100001	0.26065669	0.04	0.15345855884228407	15.33	48.48	0.11	iteration	6     100001  2.6065669E-01  4.00E-02   15.33   48.48    0.11
C_W15_IL_M1_A07_S3_F0	fixed	W15_IL_M1_A07_S3_F0	A07	F0	S3	M1	IL	W15	SR_PLUS	152	7	99999	0.23070722	0.00564	0.024446569119076552	2.44	7.73	0.35	iteration	7      99999  2.3070722E-01  5.64E-03    2.44    7.73*   0.35
C_W15_IL_M1_A07_S3_F0	fixed	W15_IL_M1_A07_S3_F0	A07	F0	S3	M1	IL	W15	SR_PLUS	153	8	100002	0.23156184	0.00387	0.016712598241575557	1.67	5.28	0.57	iteration	8     100002  2.3156184E-01  3.87E-03    1.67    5.28*   0.57
C_W15_IL_M1_A07_S3_F0	fixed	W15_IL_M1_A07_S3_F0	A07	F0	S3	M1	IL	W15	SR_PLUS	154	9	100002	0.65884012	0.432	0.6556977738392737	65.57	207.35	0.04	iteration	9     100002  6.5884012E-01  4.32E-01   65.57  207.35    0.04
C_W15_IL_M1_A07_S3_F0	fixed	W15_IL_M1_A07_S3_F0	A07	F0	S3	M1	IL	W15	SR_PLUS	155	10	99998	0.23640141	0.009	0.038070838917585136	3.81	12.04	0.13	iteration	10      99998  2.3640141E-01  9.00E-03    3.81   12.04*   0.13
C_W15_IL_M1_A07_S3_F0	fixed	W15_IL_M1_A07_S3_F0	A07	F0	S3	M1	IL	W15	SR_PLUS	157	10	1000029	0.23072574	0.00239	0.010358618851975511	1.03	10.35	0.13	aggregate	10    1000029  2.3072574E-01  2.39E-03    1.03   10.35    0.13    0.42  10
C_W15_IL_M1_A07_S3_F0	fixed	W15_IL_M1_A07_S3_F0	A07	F0	S3	M1	IL	W15	SR_PLUS	160	11	199999	0.22902602	0.00332	0.014496169474542674	1.45	6.48	0.43	iteration	11     199999  2.2902602E-01  3.32E-03    1.45    6.48*   0.43
C_W15_IL_M1_A07_S3_F0	fixed	W15_IL_M1_A07_S3_F0	A07	F0	S3	M1	IL	W15	SR_PLUS	161	12	199999	0.29107686	0.0578	0.19857298172036073	19.85	88.75	0.07	iteration	12     199999  2.9107686E-01  5.78E-02   19.85   88.75    0.07
C_W15_IL_M1_A07_S3_F0	fixed	W15_IL_M1_A07_S3_F0	A07	F0	S3	M1	IL	W15	SR_PLUS	162	13	199999	0.23621565	0.00684	0.028956591148808303	2.9	12.96	0.12	iteration	13     199999  2.3621565E-01  6.84E-03    2.90   12.96*   0.12
C_W15_IL_M1_A07_S3_F0	fixed	W15_IL_M1_A07_S3_F0	A07	F0	S3	M1	IL	W15	SR_PLUS	164	13	599997	0.23055711	0.00298	0.012925214060845921	1.29	10.02	0.12	aggregate	13     599997  2.3055711E-01  2.98E-03    1.29   10.02    0.12    1.00   3
P_W15_IL_M1_A07_S4	adaptive	W15_IL_M1_A07_S4	A07		S4	M1	IL	W15	SR_PLUS	150	1	99997	0.19894312	0.0252	0.12666937162742797	12.65	39.99	1.77	iteration	1      99997  1.9894312E-01  2.52E-02   12.65   39.99*   1.77
P_W15_IL_M1_A07_S4	adaptive	W15_IL_M1_A07_S4	A07		S4	M1	IL	W15	SR_PLUS	151	2	100000	0.22007817	0.0122	0.05543484844498662	5.52	17.47	0.36	iteration	2     100000  2.2007817E-01  1.22E-02    5.52   17.47*   0.36
P_W15_IL_M1_A07_S4	adaptive	W15_IL_M1_A07_S4	A07		S4	M1	IL	W15	SR_PLUS	152	3	100009	0.22923889	0.00872	0.03803892088292698	3.8	12.03	0.33	iteration	3     100009  2.2923889E-01  8.72E-03    3.80   12.03*   0.33
P_W15_IL_M1_A07_S4	adaptive	W15_IL_M1_A07_S4	A07		S4	M1	IL	W15	SR_PLUS	153	4	100006	0.22977363	0.00543	0.02363195463291414	2.36	7.47	0.35	iteration	4     100006  2.2977363E-01  5.43E-03    2.36    7.47*   0.35
P_W15_IL_M1_A07_S4	adaptive	W15_IL_M1_A07_S4	A07		S4	M1	IL	W15	SR_PLUS	154	5	99998	0.21742242	0.00429	0.01973117583734005	1.97	6.24	0.94	iteration	5      99998  2.1742242E-01  4.29E-03    1.97    6.24*   0.94
P_W15_IL_M1_A07_S4	adaptive	W15_IL_M1_A07_S4	A07		S4	M1	IL	W15	SR_PLUS	155	6	99990	0.22770836	0.00388	0.01703933926712221	1.7	5.38	0.98	iteration	6      99990  2.2770836E-01  3.88E-03    1.70    5.38*   0.98
P_W15_IL_M1_A07_S4	adaptive	W15_IL_M1_A07_S4	A07		S4	M1	IL	W15	SR_PLUS	156	7	99998	0.22801961	0.00281	0.012323501474281092	1.23	3.89	1.19	iteration	7      99998  2.2801961E-01  2.81E-03    1.23    3.89*   1.19
P_W15_IL_M1_A07_S4	adaptive	W15_IL_M1_A07_S4	A07		S4	M1	IL	W15	SR_PLUS	157	8	100005	0.23120007	0.00269	0.011634944574194983	1.16	3.68	1.14	iteration	8     100005  2.3120007E-01  2.69E-03    1.16    3.68*   1.14
P_W15_IL_M1_A07_S4	adaptive	W15_IL_M1_A07_S4	A07		S4	M1	IL	W15	SR_PLUS	158	9	100005	0.24084822	0.0133	0.055221500080008895	5.52	17.46	0.38	iteration	9     100005  2.4084822E-01  1.33E-02    5.52   17.46    0.38
P_W15_IL_M1_A07_S4	adaptive	W15_IL_M1_A07_S4	A07		S4	M1	IL	W15	SR_PLUS	159	10	100000	0.3614946	0.132	0.365150682748788	36.39	115.07	0.07	iteration	10     100000  3.6149460E-01  1.32E-01   36.39  115.07    0.07
P_W15_IL_M1_A07_S4	adaptive	W15_IL_M1_A07_S4	A07		S4	M1	IL	W15	SR_PLUS	161	10	1000008	0.2277928	0.0015	0.006584931569391131	0.66	6.57	0.07	aggregate	10    1000008  2.2779280E-01  1.50E-03    0.66    6.57    0.07    1.26  10
C_W15_IL_M1_A07_S4_F0	fixed	W15_IL_M1_A07_S4_F0	A07	F0	S4	M1	IL	W15	SR_PLUS	146	1	99997	0.19894312	0.0252	0.12666937162742797	12.65	39.99	1.77	iteration	1      99997  1.9894312E-01  2.52E-02   12.65   39.99*   1.77
C_W15_IL_M1_A07_S4_F0	fixed	W15_IL_M1_A07_S4_F0	A07	F0	S4	M1	IL	W15	SR_PLUS	147	2	100000	0.22007817	0.0122	0.05543484844498662	5.52	17.47	0.36	iteration	2     100000  2.2007817E-01  1.22E-02    5.52   17.47*   0.36
C_W15_IL_M1_A07_S4_F0	fixed	W15_IL_M1_A07_S4_F0	A07	F0	S4	M1	IL	W15	SR_PLUS	148	3	100009	0.22923889	0.00872	0.03803892088292698	3.8	12.03	0.33	iteration	3     100009  2.2923889E-01  8.72E-03    3.80   12.03*   0.33
C_W15_IL_M1_A07_S4_F0	fixed	W15_IL_M1_A07_S4_F0	A07	F0	S4	M1	IL	W15	SR_PLUS	149	4	100006	0.22977363	0.00543	0.02363195463291414	2.36	7.47	0.35	iteration	4     100006  2.2977363E-01  5.43E-03    2.36    7.47*   0.35
C_W15_IL_M1_A07_S4_F0	fixed	W15_IL_M1_A07_S4_F0	A07	F0	S4	M1	IL	W15	SR_PLUS	150	5	99998	0.21742242	0.00429	0.01973117583734005	1.97	6.24	0.94	iteration	5      99998  2.1742242E-01  4.29E-03    1.97    6.24*   0.94
C_W15_IL_M1_A07_S4_F0	fixed	W15_IL_M1_A07_S4_F0	A07	F0	S4	M1	IL	W15	SR_PLUS	151	6	99990	0.22770836	0.00388	0.01703933926712221	1.7	5.38	0.98	iteration	6      99990  2.2770836E-01  3.88E-03    1.70    5.38*   0.98
C_W15_IL_M1_A07_S4_F0	fixed	W15_IL_M1_A07_S4_F0	A07	F0	S4	M1	IL	W15	SR_PLUS	152	7	99998	0.22801961	0.00281	0.012323501474281092	1.23	3.89	1.19	iteration	7      99998  2.2801961E-01  2.81E-03    1.23    3.89*   1.19
C_W15_IL_M1_A07_S4_F0	fixed	W15_IL_M1_A07_S4_F0	A07	F0	S4	M1	IL	W15	SR_PLUS	153	8	100005	0.23120007	0.00269	0.011634944574194983	1.16	3.68	1.14	iteration	8     100005  2.3120007E-01  2.69E-03    1.16    3.68*   1.14
C_W15_IL_M1_A07_S4_F0	fixed	W15_IL_M1_A07_S4_F0	A07	F0	S4	M1	IL	W15	SR_PLUS	154	9	100005	0.24084822	0.0133	0.055221500080008895	5.52	17.46	0.38	iteration	9     100005  2.4084822E-01  1.33E-02    5.52   17.46    0.38
C_W15_IL_M1_A07_S4_F0	fixed	W15_IL_M1_A07_S4_F0	A07	F0	S4	M1	IL	W15	SR_PLUS	155	10	100000	0.3614946	0.132	0.365150682748788	36.39	115.07	0.07	iteration	10     100000  3.6149460E-01  1.32E-01   36.39  115.07    0.07
C_W15_IL_M1_A07_S4_F0	fixed	W15_IL_M1_A07_S4_F0	A07	F0	S4	M1	IL	W15	SR_PLUS	157	10	1000008	0.2277928	0.0015	0.006584931569391131	0.66	6.57	0.07	aggregate	10    1000008  2.2779280E-01  1.50E-03    0.66    6.57    0.07    1.26  10
C_W15_IL_M1_A07_S4_F0	fixed	W15_IL_M1_A07_S4_F0	A07	F0	S4	M1	IL	W15	SR_PLUS	160	11	199997	0.2408407	0.0107	0.04442770677879611	4.46	19.94	0.36	iteration	11     199997  2.4084070E-01  1.07E-02    4.46   19.94*   0.36
C_W15_IL_M1_A07_S4_F0	fixed	W15_IL_M1_A07_S4_F0	A07	F0	S4	M1	IL	W15	SR_PLUS	161	12	199997	0.2286543	0.00198	0.008659360440630244	0.87	3.87	0.76	iteration	12     199997  2.2865430E-01  1.98E-03    0.87    3.87*   0.76
C_W15_IL_M1_A07_S4_F0	fixed	W15_IL_M1_A07_S4_F0	A07	F0	S4	M1	IL	W15	SR_PLUS	162	13	199997	0.22860504	0.00195	0.008529995664137587	0.85	3.82	0.56	iteration	13     199997  2.2860504E-01  1.95E-03    0.85    3.82*   0.56
C_W15_IL_M1_A07_S4_F0	fixed	W15_IL_M1_A07_S4_F0	A07	F0	S4	M1	IL	W15	SR_PLUS	164	13	599991	0.22883021	0.00138	0.0060306722613242365	0.6	4.66	0.56	aggregate	13     599991  2.2883021E-01  1.38E-03    0.60    4.66    0.56    0.64   3
P_W15_IL_M1_A07_S5	adaptive	W15_IL_M1_A07_S5	A07		S5	M1	IL	W15	SR_PLUS	150	1	100011	0.20940976	0.0252	0.12033823065362378	12.01	37.99	1.91	iteration	1     100011  2.0940976E-01  2.52E-02   12.01   37.99*   1.91
P_W15_IL_M1_A07_S5	adaptive	W15_IL_M1_A07_S5	A07		S5	M1	IL	W15	SR_PLUS	151	2	100013	0.23077229	0.00946	0.04099278990558182	4.1	12.96	0.46	iteration	2     100013  2.3077229E-01  9.46E-03    4.10   12.96*   0.46
P_W15_IL_M1_A07_S5	adaptive	W15_IL_M1_A07_S5	A07		S5	M1	IL	W15	SR_PLUS	152	3	100000	0.22221719	0.0066	0.029700672571730386	2.97	9.39	0.44	iteration	3     100000  2.2221719E-01  6.60E-03    2.97    9.39*   0.44
P_W15_IL_M1_A07_S5	adaptive	W15_IL_M1_A07_S5	A07		S5	M1	IL	W15	SR_PLUS	153	4	99990	0.23097136	0.0065	0.02814201726136089	2.81	8.9	0.6	iteration	4      99990  2.3097136E-01  6.50E-03    2.81    8.90*   0.60
P_W15_IL_M1_A07_S5	adaptive	W15_IL_M1_A07_S5	A07		S5	M1	IL	W15	SR_PLUS	154	5	100000	0.22663875	0.00333	0.014692986084683224	1.47	4.65	0.88	iteration	5     100000  2.2663875E-01  3.33E-03    1.47    4.65*   0.88
P_W15_IL_M1_A07_S5	adaptive	W15_IL_M1_A07_S5	A07		S5	M1	IL	W15	SR_PLUS	155	6	100004	0.23470764	0.0081	0.03451101975206261	3.45	10.91	0.32	iteration	6     100004  2.3470764E-01  8.10E-03    3.45   10.91    0.32
P_W15_IL_M1_A07_S5	adaptive	W15_IL_M1_A07_S5	A07		S5	M1	IL	W15	SR_PLUS	156	7	99997	0.23021774	0.00316	0.013726135961546664	1.37	4.34	0.96	iteration	7      99997  2.3021774E-01  3.16E-03    1.37    4.34*   0.96
P_W15_IL_M1_A07_S5	adaptive	W15_IL_M1_A07_S5	A07		S5	M1	IL	W15	SR_PLUS	157	8	100000	0.22898983	0.00333	0.014542130539159752	1.45	4.6	0.83	iteration	8     100000  2.2898983E-01  3.33E-03    1.45    4.60    0.83
P_W15_IL_M1_A07_S5	adaptive	W15_IL_M1_A07_S5	A07		S5	M1	IL	W15	SR_PLUS	158	9	99997	0.2299358	0.0035	0.015221640127374685	1.52	4.81	0.98	iteration	9      99997  2.2993580E-01  3.50E-03    1.52    4.81    0.98
P_W15_IL_M1_A07_S5	adaptive	W15_IL_M1_A07_S5	A07		S5	M1	IL	W15	SR_PLUS	159	10	99995	0.22923567	0.00223	0.00972797994308652	0.97	3.08	1.49	iteration	10      99995  2.2923567E-01  2.23E-03    0.97    3.08*   1.49
P_W15_IL_M1_A07_S5	adaptive	W15_IL_M1_A07_S5	A07		S5	M1	IL	W15	SR_PLUS	161	10	1000007	0.22899904	0.00125	0.0054585381667975556	0.55	5.47	1.49	aggregate	10    1000007  2.2899904E-01  1.25E-03    0.55    5.47    1.49    0.34  10
C_W15_IL_M1_A07_S5_F0	fixed	W15_IL_M1_A07_S5_F0	A07	F0	S5	M1	IL	W15	SR_PLUS	146	1	100011	0.20940976	0.0252	0.12033823065362378	12.01	37.99	1.91	iteration	1     100011  2.0940976E-01  2.52E-02   12.01   37.99*   1.91
C_W15_IL_M1_A07_S5_F0	fixed	W15_IL_M1_A07_S5_F0	A07	F0	S5	M1	IL	W15	SR_PLUS	147	2	100013	0.23077229	0.00946	0.04099278990558182	4.1	12.96	0.46	iteration	2     100013  2.3077229E-01  9.46E-03    4.10   12.96*   0.46
C_W15_IL_M1_A07_S5_F0	fixed	W15_IL_M1_A07_S5_F0	A07	F0	S5	M1	IL	W15	SR_PLUS	148	3	100000	0.22221719	0.0066	0.029700672571730386	2.97	9.39	0.44	iteration	3     100000  2.2221719E-01  6.60E-03    2.97    9.39*   0.44
C_W15_IL_M1_A07_S5_F0	fixed	W15_IL_M1_A07_S5_F0	A07	F0	S5	M1	IL	W15	SR_PLUS	149	4	99990	0.23097136	0.0065	0.02814201726136089	2.81	8.9	0.6	iteration	4      99990  2.3097136E-01  6.50E-03    2.81    8.90*   0.60
C_W15_IL_M1_A07_S5_F0	fixed	W15_IL_M1_A07_S5_F0	A07	F0	S5	M1	IL	W15	SR_PLUS	150	5	100000	0.22663875	0.00333	0.014692986084683224	1.47	4.65	0.88	iteration	5     100000  2.2663875E-01  3.33E-03    1.47    4.65*   0.88
C_W15_IL_M1_A07_S5_F0	fixed	W15_IL_M1_A07_S5_F0	A07	F0	S5	M1	IL	W15	SR_PLUS	151	6	100004	0.23470764	0.0081	0.03451101975206261	3.45	10.91	0.32	iteration	6     100004  2.3470764E-01  8.10E-03    3.45   10.91    0.32
C_W15_IL_M1_A07_S5_F0	fixed	W15_IL_M1_A07_S5_F0	A07	F0	S5	M1	IL	W15	SR_PLUS	152	7	99997	0.23021774	0.00316	0.013726135961546664	1.37	4.34	0.96	iteration	7      99997  2.3021774E-01  3.16E-03    1.37    4.34*   0.96
C_W15_IL_M1_A07_S5_F0	fixed	W15_IL_M1_A07_S5_F0	A07	F0	S5	M1	IL	W15	SR_PLUS	153	8	100000	0.22898983	0.00333	0.014542130539159752	1.45	4.6	0.83	iteration	8     100000  2.2898983E-01  3.33E-03    1.45    4.60    0.83
C_W15_IL_M1_A07_S5_F0	fixed	W15_IL_M1_A07_S5_F0	A07	F0	S5	M1	IL	W15	SR_PLUS	154	9	99997	0.2299358	0.0035	0.015221640127374685	1.52	4.81	0.98	iteration	9      99997  2.2993580E-01  3.50E-03    1.52    4.81    0.98
C_W15_IL_M1_A07_S5_F0	fixed	W15_IL_M1_A07_S5_F0	A07	F0	S5	M1	IL	W15	SR_PLUS	155	10	99995	0.22923567	0.00223	0.00972797994308652	0.97	3.08	1.49	iteration	10      99995  2.2923567E-01  2.23E-03    0.97    3.08*   1.49
C_W15_IL_M1_A07_S5_F0	fixed	W15_IL_M1_A07_S5_F0	A07	F0	S5	M1	IL	W15	SR_PLUS	157	10	1000007	0.22899904	0.00125	0.0054585381667975556	0.55	5.47	1.49	aggregate	10    1000007  2.2899904E-01  1.25E-03    0.55    5.47    1.49    0.34  10
C_W15_IL_M1_A07_S5_F0	fixed	W15_IL_M1_A07_S5_F0	A07	F0	S5	M1	IL	W15	SR_PLUS	160	11	200006	0.22684503	0.00141	0.006215697121510663	0.62	2.77	1.48	iteration	11     200006  2.2684503E-01  1.41E-03    0.62    2.77*   1.48
C_W15_IL_M1_A07_S5_F0	fixed	W15_IL_M1_A07_S5_F0	A07	F0	S5	M1	IL	W15	SR_PLUS	161	12	200006	0.24042766	0.00975	0.04055273839956684	4.06	18.14	0.9	iteration	12     200006  2.4042766E-01  9.75E-03    4.06   18.14    0.90
C_W15_IL_M1_A07_S5_F0	fixed	W15_IL_M1_A07_S5_F0	A07	F0	S5	M1	IL	W15	SR_PLUS	162	13	200006	0.22848638	0.00313	0.013698847169796292	1.37	6.12	0.77	iteration	13     200006  2.2848638E-01  3.13E-03    1.37    6.12*   0.77
C_W15_IL_M1_A07_S5_F0	fixed	W15_IL_M1_A07_S5_F0	A07	F0	S5	M1	IL	W15	SR_PLUS	164	13	600018	0.22734704	0.00127	0.005586173455348264	0.56	4.33	0.77	aggregate	13     600018  2.2734704E-01  1.27E-03    0.56    4.33    0.77    1.03   3
P_W15_IL_M1_A07_S6	adaptive	W15_IL_M1_A07_S6	A07		S6	M1	IL	W15	SR_PLUS	150	1	100017	0.24472447	0.0331	0.13525414928878995	13.51	42.72	1.93	iteration	1     100017  2.4472447E-01  3.31E-02   13.51   42.72*   1.93
P_W15_IL_M1_A07_S6	adaptive	W15_IL_M1_A07_S6	A07		S6	M1	IL	W15	SR_PLUS	151	2	99994	0.23251358	0.0106	0.04558873507517282	4.58	14.47	0.5	iteration	2      99994  2.3251358E-01  1.06E-02    4.58   14.47*   0.50
P_W15_IL_M1_A07_S6	adaptive	W15_IL_M1_A07_S6	A07		S6	M1	IL	W15	SR_PLUS	152	3	100002	0.22435588	0.00516	0.02299917434746974	2.3	7.27	0.57	iteration	3     100002  2.2435588E-01  5.16E-03    2.30    7.27*   0.57
P_W15_IL_M1_A07_S6	adaptive	W15_IL_M1_A07_S6	A07		S6	M1	IL	W15	SR_PLUS	153	4	99999	0.22140296	0.00392	0.017705273678364553	1.77	5.6	0.75	iteration	4      99999  2.2140296E-01  3.92E-03    1.77    5.60*   0.75
P_W15_IL_M1_A07_S6	adaptive	W15_IL_M1_A07_S6	A07		S6	M1	IL	W15	SR_PLUS	154	5	99993	0.31248	0.0713	0.2281746031746032	22.82	72.17	0.14	iteration	5      99993  3.1248000E-01  7.13E-02   22.82   72.17    0.14
P_W15_IL_M1_A07_S6	adaptive	W15_IL_M1_A07_S6	A07		S6	M1	IL	W15	SR_PLUS	155	6	99989	0.23047722	0.00364	0.01579331788191475	1.58	4.99	0.78	iteration	6      99989  2.3047722E-01  3.64E-03    1.58    4.99*   0.78
P_W15_IL_M1_A07_S6	adaptive	W15_IL_M1_A07_S6	A07		S6	M1	IL	W15	SR_PLUS	156	7	99998	0.2325914	0.00294	0.012640192199711596	1.27	4.0	0.85	iteration	7      99998  2.3259140E-01  2.94E-03    1.27    4.00*   0.85
P_W15_IL_M1_A07_S6	adaptive	W15_IL_M1_A07_S6	A07		S6	M1	IL	W15	SR_PLUS	157	8	99999	0.23543394	0.00278	0.011807983165044087	1.18	3.73	1.26	iteration	8      99999  2.3543394E-01  2.78E-03    1.18    3.73*   1.26
P_W15_IL_M1_A07_S6	adaptive	W15_IL_M1_A07_S6	A07		S6	M1	IL	W15	SR_PLUS	158	9	100005	0.23318458	0.0048	0.020584551517085735	2.06	6.51	0.59	iteration	9     100005  2.3318458E-01  4.80E-03    2.06    6.51    0.59
P_W15_IL_M1_A07_S6	adaptive	W15_IL_M1_A07_S6	A07		S6	M1	IL	W15	SR_PLUS	159	10	100002	0.22470867	0.00228	0.010146470983963369	1.01	3.2	1.19	iteration	10     100002  2.2470867E-01  2.28E-03    1.01    3.20*   1.19
P_W15_IL_M1_A07_S6	adaptive	W15_IL_M1_A07_S6	A07		S6	M1	IL	W15	SR_PLUS	161	10	999998	0.22916216	0.00122	0.00532374105742414	0.53	5.33	1.19	aggregate	10     999998  2.2916216E-01  1.22E-03    0.53    5.33    1.19    1.95  10
C_W15_IL_M1_A07_S6_F0	fixed	W15_IL_M1_A07_S6_F0	A07	F0	S6	M1	IL	W15	SR_PLUS	146	1	100017	0.24472447	0.0331	0.13525414928878995	13.51	42.72	1.93	iteration	1     100017  2.4472447E-01  3.31E-02   13.51   42.72*   1.93
C_W15_IL_M1_A07_S6_F0	fixed	W15_IL_M1_A07_S6_F0	A07	F0	S6	M1	IL	W15	SR_PLUS	147	2	99994	0.23251358	0.0106	0.04558873507517282	4.58	14.47	0.5	iteration	2      99994  2.3251358E-01  1.06E-02    4.58   14.47*   0.50
C_W15_IL_M1_A07_S6_F0	fixed	W15_IL_M1_A07_S6_F0	A07	F0	S6	M1	IL	W15	SR_PLUS	148	3	100002	0.22435588	0.00516	0.02299917434746974	2.3	7.27	0.57	iteration	3     100002  2.2435588E-01  5.16E-03    2.30    7.27*   0.57
C_W15_IL_M1_A07_S6_F0	fixed	W15_IL_M1_A07_S6_F0	A07	F0	S6	M1	IL	W15	SR_PLUS	149	4	99999	0.22140296	0.00392	0.017705273678364553	1.77	5.6	0.75	iteration	4      99999  2.2140296E-01  3.92E-03    1.77    5.60*   0.75
C_W15_IL_M1_A07_S6_F0	fixed	W15_IL_M1_A07_S6_F0	A07	F0	S6	M1	IL	W15	SR_PLUS	150	5	99993	0.31248	0.0713	0.2281746031746032	22.82	72.17	0.14	iteration	5      99993  3.1248000E-01  7.13E-02   22.82   72.17    0.14
C_W15_IL_M1_A07_S6_F0	fixed	W15_IL_M1_A07_S6_F0	A07	F0	S6	M1	IL	W15	SR_PLUS	151	6	99989	0.23047722	0.00364	0.01579331788191475	1.58	4.99	0.78	iteration	6      99989  2.3047722E-01  3.64E-03    1.58    4.99*   0.78
C_W15_IL_M1_A07_S6_F0	fixed	W15_IL_M1_A07_S6_F0	A07	F0	S6	M1	IL	W15	SR_PLUS	152	7	99998	0.2325914	0.00294	0.012640192199711596	1.27	4.0	0.85	iteration	7      99998  2.3259140E-01  2.94E-03    1.27    4.00*   0.85
C_W15_IL_M1_A07_S6_F0	fixed	W15_IL_M1_A07_S6_F0	A07	F0	S6	M1	IL	W15	SR_PLUS	153	8	99999	0.23543394	0.00278	0.011807983165044087	1.18	3.73	1.26	iteration	8      99999  2.3543394E-01  2.78E-03    1.18    3.73*   1.26
C_W15_IL_M1_A07_S6_F0	fixed	W15_IL_M1_A07_S6_F0	A07	F0	S6	M1	IL	W15	SR_PLUS	154	9	100005	0.23318458	0.0048	0.020584551517085735	2.06	6.51	0.59	iteration	9     100005  2.3318458E-01  4.80E-03    2.06    6.51    0.59
C_W15_IL_M1_A07_S6_F0	fixed	W15_IL_M1_A07_S6_F0	A07	F0	S6	M1	IL	W15	SR_PLUS	155	10	100002	0.22470867	0.00228	0.010146470983963369	1.01	3.2	1.19	iteration	10     100002  2.2470867E-01  2.28E-03    1.01    3.20*   1.19
C_W15_IL_M1_A07_S6_F0	fixed	W15_IL_M1_A07_S6_F0	A07	F0	S6	M1	IL	W15	SR_PLUS	157	10	999998	0.22916216	0.00122	0.00532374105742414	0.53	5.33	1.19	aggregate	10     999998  2.2916216E-01  1.22E-03    0.53    5.33    1.19    1.95  10
C_W15_IL_M1_A07_S6_F0	fixed	W15_IL_M1_A07_S6_F0	A07	F0	S6	M1	IL	W15	SR_PLUS	160	11	199998	0.22994926	0.00184	0.008001765258996704	0.8	3.58	1.42	iteration	11     199998  2.2994926E-01  1.84E-03    0.80    3.58    1.42
C_W15_IL_M1_A07_S6_F0	fixed	W15_IL_M1_A07_S6_F0	A07	F0	S6	M1	IL	W15	SR_PLUS	161	12	199998	0.2302719	0.00186	0.008077407621164372	0.81	3.61	1.05	iteration	12     199998  2.3027190E-01  1.86E-03    0.81    3.61    1.05
C_W15_IL_M1_A07_S6_F0	fixed	W15_IL_M1_A07_S6_F0	A07	F0	S6	M1	IL	W15	SR_PLUS	162	13	199998	0.22672052	0.00173	0.00763054001464005	0.76	3.42	0.94	iteration	13     199998  2.2672052E-01  1.73E-03    0.76    3.42*   0.94
C_W15_IL_M1_A07_S6_F0	fixed	W15_IL_M1_A07_S6_F0	A07	F0	S6	M1	IL	W15	SR_PLUS	164	13	599994	0.22888019	0.00104	0.004543862009202281	0.46	3.53	0.94	aggregate	13     599994  2.2888019E-01  1.04E-03    0.46    3.53    0.94    1.23   3
P_W15_IL_M1_A07_S7	adaptive	W15_IL_M1_A07_S7	A07		S7	M1	IL	W15	SR_PLUS	150	1	99979	0.39237563	0.0977	0.24899609590942232	24.89	78.69	1.48	iteration	1      99979  3.9237563E-01  9.77E-02   24.89   78.69*   1.48
P_W15_IL_M1_A07_S7	adaptive	W15_IL_M1_A07_S7	A07		S7	M1	IL	W15	SR_PLUS	151	2	100005	0.2154476	0.0119	0.055233848044721784	5.54	17.51	0.29	iteration	2     100005  2.1544760E-01  1.19E-02    5.54   17.51*   0.29
P_W15_IL_M1_A07_S7	adaptive	W15_IL_M1_A07_S7	A07		S7	M1	IL	W15	SR_PLUS	152	3	100007	0.21467055	0.00545	0.02538773949197969	2.54	8.02	0.61	iteration	3     100007  2.1467055E-01  5.45E-03    2.54    8.02*   0.61
P_W15_IL_M1_A07_S7	adaptive	W15_IL_M1_A07_S7	A07		S7	M1	IL	W15	SR_PLUS	153	4	100003	0.23635061	0.0128	0.05415683082011086	5.43	17.16	0.4	iteration	4     100003  2.3635061E-01  1.28E-02    5.43   17.16    0.40
P_W15_IL_M1_A07_S7	adaptive	W15_IL_M1_A07_S7	A07		S7	M1	IL	W15	SR_PLUS	154	5	99997	0.22679862	0.00644	0.02839523450363146	2.84	8.98	0.54	iteration	5      99997  2.2679862E-01  6.44E-03    2.84    8.98*   0.54
P_W15_IL_M1_A07_S7	adaptive	W15_IL_M1_A07_S7	A07		S7	M1	IL	W15	SR_PLUS	155	6	99992	0.23294692	0.0074	0.03176689350518135	3.18	10.05	0.27	iteration	6      99992  2.3294692E-01  7.40E-03    3.18   10.05    0.27
P_W15_IL_M1_A07_S7	adaptive	W15_IL_M1_A07_S7	A07		S7	M1	IL	W15	SR_PLUS	156	7	99996	0.22648935	0.00483	0.021325506033727414	2.13	6.75	0.32	iteration	7      99996  2.2648935E-01  4.83E-03    2.13    6.75*   0.32
P_W15_IL_M1_A07_S7	adaptive	W15_IL_M1_A07_S7	A07		S7	M1	IL	W15	SR_PLUS	157	8	100000	0.22862282	0.00334	0.014609215300554862	1.46	4.62	0.71	iteration	8     100000  2.2862282E-01  3.34E-03    1.46    4.62*   0.71
P_W15_IL_M1_A07_S7	adaptive	W15_IL_M1_A07_S7	A07		S7	M1	IL	W15	SR_PLUS	158	9	100002	0.24045604	0.0106	0.044082901806084804	4.4	13.91	0.26	iteration	9     100002  2.4045604E-01  1.06E-02    4.40   13.91    0.26
P_W15_IL_M1_A07_S7	adaptive	W15_IL_M1_A07_S7	A07		S7	M1	IL	W15	SR_PLUS	159	10	100000	0.22463238	0.0028	0.012464810282471298	1.25	3.95	1.0	iteration	10     100000  2.2463238E-01  2.80E-03    1.25    3.95*   1.00
P_W15_IL_M1_A07_S7	adaptive	W15_IL_M1_A07_S7	A07		S7	M1	IL	W15	SR_PLUS	161	10	999981	0.22594731	0.00167	0.007391103704664596	0.74	7.4	1.0	aggregate	10     999981  2.2594731E-01  1.67E-03    0.74    7.40    1.00    1.37  10
C_W15_IL_M1_A07_S7_F0	fixed	W15_IL_M1_A07_S7_F0	A07	F0	S7	M1	IL	W15	SR_PLUS	146	1	99979	0.39237563	0.0977	0.24899609590942232	24.89	78.69	1.48	iteration	1      99979  3.9237563E-01  9.77E-02   24.89   78.69*   1.48
C_W15_IL_M1_A07_S7_F0	fixed	W15_IL_M1_A07_S7_F0	A07	F0	S7	M1	IL	W15	SR_PLUS	147	2	100005	0.2154476	0.0119	0.055233848044721784	5.54	17.51	0.29	iteration	2     100005  2.1544760E-01  1.19E-02    5.54   17.51*   0.29
C_W15_IL_M1_A07_S7_F0	fixed	W15_IL_M1_A07_S7_F0	A07	F0	S7	M1	IL	W15	SR_PLUS	148	3	100007	0.21467055	0.00545	0.02538773949197969	2.54	8.02	0.61	iteration	3     100007  2.1467055E-01  5.45E-03    2.54    8.02*   0.61
C_W15_IL_M1_A07_S7_F0	fixed	W15_IL_M1_A07_S7_F0	A07	F0	S7	M1	IL	W15	SR_PLUS	149	4	100003	0.23635061	0.0128	0.05415683082011086	5.43	17.16	0.4	iteration	4     100003  2.3635061E-01  1.28E-02    5.43   17.16    0.40
C_W15_IL_M1_A07_S7_F0	fixed	W15_IL_M1_A07_S7_F0	A07	F0	S7	M1	IL	W15	SR_PLUS	150	5	99997	0.22679862	0.00644	0.02839523450363146	2.84	8.98	0.54	iteration	5      99997  2.2679862E-01  6.44E-03    2.84    8.98*   0.54
C_W15_IL_M1_A07_S7_F0	fixed	W15_IL_M1_A07_S7_F0	A07	F0	S7	M1	IL	W15	SR_PLUS	151	6	99992	0.23294692	0.0074	0.03176689350518135	3.18	10.05	0.27	iteration	6      99992  2.3294692E-01  7.40E-03    3.18   10.05    0.27
C_W15_IL_M1_A07_S7_F0	fixed	W15_IL_M1_A07_S7_F0	A07	F0	S7	M1	IL	W15	SR_PLUS	152	7	99996	0.22648935	0.00483	0.021325506033727414	2.13	6.75	0.32	iteration	7      99996  2.2648935E-01  4.83E-03    2.13    6.75*   0.32
C_W15_IL_M1_A07_S7_F0	fixed	W15_IL_M1_A07_S7_F0	A07	F0	S7	M1	IL	W15	SR_PLUS	153	8	100000	0.22862282	0.00334	0.014609215300554862	1.46	4.62	0.71	iteration	8     100000  2.2862282E-01  3.34E-03    1.46    4.62*   0.71
C_W15_IL_M1_A07_S7_F0	fixed	W15_IL_M1_A07_S7_F0	A07	F0	S7	M1	IL	W15	SR_PLUS	154	9	100002	0.24045604	0.0106	0.044082901806084804	4.4	13.91	0.26	iteration	9     100002  2.4045604E-01  1.06E-02    4.40   13.91    0.26
C_W15_IL_M1_A07_S7_F0	fixed	W15_IL_M1_A07_S7_F0	A07	F0	S7	M1	IL	W15	SR_PLUS	155	10	100000	0.22463238	0.0028	0.012464810282471298	1.25	3.95	1.0	iteration	10     100000  2.2463238E-01  2.80E-03    1.25    3.95*   1.00
C_W15_IL_M1_A07_S7_F0	fixed	W15_IL_M1_A07_S7_F0	A07	F0	S7	M1	IL	W15	SR_PLUS	157	10	999981	0.22594731	0.00167	0.007391103704664596	0.74	7.4	1.0	aggregate	10     999981  2.2594731E-01  1.67E-03    0.74    7.40    1.00    1.37  10
C_W15_IL_M1_A07_S7_F0	fixed	W15_IL_M1_A07_S7_F0	A07	F0	S7	M1	IL	W15	SR_PLUS	160	11	199995	0.22782765	0.00184	0.008076280469029988	0.81	3.6	0.82	iteration	11     199995  2.2782765E-01  1.84E-03    0.81    3.60*   0.82
C_W15_IL_M1_A07_S7_F0	fixed	W15_IL_M1_A07_S7_F0	A07	F0	S7	M1	IL	W15	SR_PLUS	161	12	199995	0.25307264	0.0177	0.06994039339851198	7.0	31.29	0.11	iteration	12     199995  2.5307264E-01  1.77E-02    7.00   31.29    0.11
C_W15_IL_M1_A07_S7_F0	fixed	W15_IL_M1_A07_S7_F0	A07	F0	S7	M1	IL	W15	SR_PLUS	162	13	199995	0.22776843	0.00173	0.007595433660406757	0.76	3.39	0.96	iteration	13     199995  2.2776843E-01  1.73E-03    0.76    3.39*   0.96
C_W15_IL_M1_A07_S7_F0	fixed	W15_IL_M1_A07_S7_F0	A07	F0	S7	M1	IL	W15	SR_PLUS	164	13	599985	0.22792321	0.00125	0.005484303244061893	0.55	4.26	0.96	aggregate	13     599985  2.2792321E-01  1.25E-03    0.55    4.26    0.96    1.01   3
P_W15_IL_M2_A10_S0	adaptive	W15_IL_M2_A10_S0	A10		S0	M2	IL	W15	SR_PLUS	150	1	999974	0.23240265	0.0107	0.046040783097783096	4.61	46.06	0.4	iteration	1     999974  2.3240265E-01  1.07E-02    4.61   46.06*   0.40
P_W15_IL_M2_A10_S0	adaptive	W15_IL_M2_A10_S0	A10		S0	M2	IL	W15	SR_PLUS	152	1	999974	0.23240265	0.0107	0.046040783097783096	4.61	46.06	0.4	iteration	1     999974  2.3240265E-01  1.07E-02    4.61   46.06    0.40
C_W15_IL_M2_A10_S0_F2	fixed	W15_IL_M2_A10_S0_F2	A10	F2	S0	M2	IL	W15	SR_PLUS	146	1	999974	0.23240265	0.0107	0.046040783097783096	4.61	46.06	0.4	iteration	1     999974  2.3240265E-01  1.07E-02    4.61   46.06*   0.40
C_W15_IL_M2_A10_S0_F2	fixed	W15_IL_M2_A10_S0_F2	A10	F2	S0	M2	IL	W15	SR_PLUS	148	1	999974	0.23240265	0.0107	0.046040783097783096	4.61	46.06	0.4	iteration	1     999974  2.3240265E-01  1.07E-02    4.61   46.06    0.40
C_W15_IL_M2_A10_S0_F2	fixed	W15_IL_M2_A10_S0_F2	A10	F2	S0	M2	IL	W15	SR_PLUS	151	2	2000005	0.24610415	0.0025	0.010158300865710717	1.01	14.34	0.37	iteration	2    2000005  2.4610415E-01  2.50E-03    1.01   14.34*   0.37
C_W15_IL_M2_A10_S0_F2	fixed	W15_IL_M2_A10_S0_F2	A10	F2	S0	M2	IL	W15	SR_PLUS	153	2	2000005	0.24610415	0.0025	0.010158300865710717	1.01	14.34	0.37	iteration	2    2000005  2.4610415E-01  2.50E-03    1.01   14.34    0.37
P_W15_IL_M2_A10_S1	adaptive	W15_IL_M2_A10_S1	A10		S1	M2	IL	W15	SR_PLUS	150	1	999985	0.44340361	0.159	0.3585897733218726	35.88	358.75	0.16	iteration	1     999985  4.4340361E-01  1.59E-01   35.88  358.75*   0.16
P_W15_IL_M2_A10_S1	adaptive	W15_IL_M2_A10_S1	A10		S1	M2	IL	W15	SR_PLUS	152	1	999985	0.44340361	0.159	0.3585897733218726	35.88	358.75	0.16	iteration	1     999985  4.4340361E-01  1.59E-01   35.88  358.75    0.16
C_W15_IL_M2_A10_S1_F2	fixed	W15_IL_M2_A10_S1_F2	A10	F2	S1	M2	IL	W15	SR_PLUS	146	1	999985	0.44340361	0.159	0.3585897733218726	35.88	358.75	0.16	iteration	1     999985  4.4340361E-01  1.59E-01   35.88  358.75*   0.16
C_W15_IL_M2_A10_S1_F2	fixed	W15_IL_M2_A10_S1_F2	A10	F2	S1	M2	IL	W15	SR_PLUS	148	1	999985	0.44340361	0.159	0.3585897733218726	35.88	358.75	0.16	iteration	1     999985  4.4340361E-01  1.59E-01   35.88  358.75    0.16
C_W15_IL_M2_A10_S1_F2	fixed	W15_IL_M2_A10_S1_F2	A10	F2	S1	M2	IL	W15	SR_PLUS	151	2	2000018	0.24809049	0.00305	0.01229390130996154	1.23	17.38	0.11	iteration	2    2000018  2.4809049E-01  3.05E-03    1.23   17.38*   0.11
C_W15_IL_M2_A10_S1_F2	fixed	W15_IL_M2_A10_S1_F2	A10	F2	S1	M2	IL	W15	SR_PLUS	153	2	2000018	0.24809049	0.00305	0.01229390130996154	1.23	17.38	0.11	iteration	2    2000018  2.4809049E-01  3.05E-03    1.23   17.38    0.11
P_W15_IL_M2_A10_S2	adaptive	W15_IL_M2_A10_S2	A10		S2	M2	IL	W15	SR_PLUS	150	1	1000028	0.23046869	0.0101	0.04382374022258728	4.38	43.77	0.5	iteration	1    1000028  2.3046869E-01  1.01E-02    4.38   43.77*   0.50
P_W15_IL_M2_A10_S2	adaptive	W15_IL_M2_A10_S2	A10		S2	M2	IL	W15	SR_PLUS	152	1	1000028	0.23046869	0.0101	0.04382374022258728	4.38	43.77	0.5	iteration	1    1000028  2.3046869E-01  1.01E-02    4.38   43.77    0.50
C_W15_IL_M2_A10_S2_F2	fixed	W15_IL_M2_A10_S2_F2	A10	F2	S2	M2	IL	W15	SR_PLUS	146	1	1000028	0.23046869	0.0101	0.04382374022258728	4.38	43.77	0.5	iteration	1    1000028  2.3046869E-01  1.01E-02    4.38   43.77*   0.50
C_W15_IL_M2_A10_S2_F2	fixed	W15_IL_M2_A10_S2_F2	A10	F2	S2	M2	IL	W15	SR_PLUS	148	1	1000028	0.23046869	0.0101	0.04382374022258728	4.38	43.77	0.5	iteration	1    1000028  2.3046869E-01  1.01E-02    4.38   43.77    0.50
C_W15_IL_M2_A10_S2_F2	fixed	W15_IL_M2_A10_S2_F2	A10	F2	S2	M2	IL	W15	SR_PLUS	151	2	2000011	0.25713486	0.0145	0.056390642637874924	5.63	79.62	0.41	iteration	2    2000011  2.5713486E-01  1.45E-02    5.63   79.62    0.41
C_W15_IL_M2_A10_S2_F2	fixed	W15_IL_M2_A10_S2_F2	A10	F2	S2	M2	IL	W15	SR_PLUS	153	2	2000011	0.25713486	0.0145	0.056390642637874924	5.63	79.62	0.41	iteration	2    2000011  2.5713486E-01  1.45E-02    5.63   79.62    0.41
P_W15_IL_M2_A10_S3	adaptive	W15_IL_M2_A10_S3	A10		S3	M2	IL	W15	SR_PLUS	150	1	999987	0.27125926	0.0243	0.08958219527694648	8.96	89.62	0.36	iteration	1     999987  2.7125926E-01  2.43E-02    8.96   89.62*   0.36
P_W15_IL_M2_A10_S3	adaptive	W15_IL_M2_A10_S3	A10		S3	M2	IL	W15	SR_PLUS	152	1	999987	0.27125926	0.0243	0.08958219527694648	8.96	89.62	0.36	iteration	1     999987  2.7125926E-01  2.43E-02    8.96   89.62    0.36
C_W15_IL_M2_A10_S3_F2	fixed	W15_IL_M2_A10_S3_F2	A10	F2	S3	M2	IL	W15	SR_PLUS	146	1	999987	0.27125926	0.0243	0.08958219527694648	8.96	89.62	0.36	iteration	1     999987  2.7125926E-01  2.43E-02    8.96   89.62*   0.36
C_W15_IL_M2_A10_S3_F2	fixed	W15_IL_M2_A10_S3_F2	A10	F2	S3	M2	IL	W15	SR_PLUS	148	1	999987	0.27125926	0.0243	0.08958219527694648	8.96	89.62	0.36	iteration	1     999987  2.7125926E-01  2.43E-02    8.96   89.62    0.36
C_W15_IL_M2_A10_S3_F2	fixed	W15_IL_M2_A10_S3_F2	A10	F2	S3	M2	IL	W15	SR_PLUS	151	2	1999960	0.43213561	0.148	0.34248508240272074	34.29	484.97	0.02	iteration	2    1999960  4.3213561E-01  1.48E-01   34.29  484.97    0.02
C_W15_IL_M2_A10_S3_F2	fixed	W15_IL_M2_A10_S3_F2	A10	F2	S3	M2	IL	W15	SR_PLUS	153	2	1999960	0.43213561	0.148	0.34248508240272074	34.29	484.97	0.02	iteration	2    1999960  4.3213561E-01  1.48E-01   34.29  484.97    0.02
P_W15_IL_M2_A10_S4	adaptive	W15_IL_M2_A10_S4	A10		S4	M2	IL	W15	SR_PLUS	150	1	999996	0.23191551	0.0111	0.04786225811287913	4.77	47.71	0.45	iteration	1     999996  2.3191551E-01  1.11E-02    4.77   47.71*   0.45
P_W15_IL_M2_A10_S4	adaptive	W15_IL_M2_A10_S4	A10		S4	M2	IL	W15	SR_PLUS	152	1	999996	0.23191551	0.0111	0.04786225811287913	4.77	47.71	0.45	iteration	1     999996  2.3191551E-01  1.11E-02    4.77   47.71    0.45
C_W15_IL_M2_A10_S4_F2	fixed	W15_IL_M2_A10_S4_F2	A10	F2	S4	M2	IL	W15	SR_PLUS	146	1	999996	0.23191551	0.0111	0.04786225811287913	4.77	47.71	0.45	iteration	1     999996  2.3191551E-01  1.11E-02    4.77   47.71*   0.45
C_W15_IL_M2_A10_S4_F2	fixed	W15_IL_M2_A10_S4_F2	A10	F2	S4	M2	IL	W15	SR_PLUS	148	1	999996	0.23191551	0.0111	0.04786225811287913	4.77	47.71	0.45	iteration	1     999996  2.3191551E-01  1.11E-02    4.77   47.71    0.45
C_W15_IL_M2_A10_S4_F2	fixed	W15_IL_M2_A10_S4_F2	A10	F2	S4	M2	IL	W15	SR_PLUS	151	2	1999998	0.25036229	0.00364	0.014538930763095353	1.46	20.59	0.17	iteration	2    1999998  2.5036229E-01  3.64E-03    1.46   20.59*   0.17
C_W15_IL_M2_A10_S4_F2	fixed	W15_IL_M2_A10_S4_F2	A10	F2	S4	M2	IL	W15	SR_PLUS	153	2	1999998	0.25036229	0.00364	0.014538930763095353	1.46	20.59	0.17	iteration	2    1999998  2.5036229E-01  3.64E-03    1.46   20.59    0.17
P_W15_IL_M2_A10_S5	adaptive	W15_IL_M2_A10_S5	A10		S5	M2	IL	W15	SR_PLUS	150	1	1000009	0.22910955	0.00976	0.04259970830548094	4.26	42.59	0.47	iteration	1    1000009  2.2910955E-01  9.76E-03    4.26   42.59*   0.47
P_W15_IL_M2_A10_S5	adaptive	W15_IL_M2_A10_S5	A10		S5	M2	IL	W15	SR_PLUS	152	1	1000009	0.22910955	0.00976	0.04259970830548094	4.26	42.59	0.47	iteration	1    1000009  2.2910955E-01  9.76E-03    4.26   42.59    0.47
C_W15_IL_M2_A10_S5_F2	fixed	W15_IL_M2_A10_S5_F2	A10	F2	S5	M2	IL	W15	SR_PLUS	146	1	1000009	0.22910955	0.00976	0.04259970830548094	4.26	42.59	0.47	iteration	1    1000009  2.2910955E-01  9.76E-03    4.26   42.59*   0.47
C_W15_IL_M2_A10_S5_F2	fixed	W15_IL_M2_A10_S5_F2	A10	F2	S5	M2	IL	W15	SR_PLUS	148	1	1000009	0.22910955	0.00976	0.04259970830548094	4.26	42.59	0.47	iteration	1    1000009  2.2910955E-01  9.76E-03    4.26   42.59    0.47
C_W15_IL_M2_A10_S5_F2	fixed	W15_IL_M2_A10_S5_F2	A10	F2	S5	M2	IL	W15	SR_PLUS	151	2	1999981	0.24334058	0.00209	0.00858878531480446	0.86	12.16	0.49	iteration	2    1999981  2.4334058E-01  2.09E-03    0.86   12.16*   0.49
C_W15_IL_M2_A10_S5_F2	fixed	W15_IL_M2_A10_S5_F2	A10	F2	S5	M2	IL	W15	SR_PLUS	153	2	1999981	0.24334058	0.00209	0.00858878531480446	0.86	12.16	0.49	iteration	2    1999981  2.4334058E-01  2.09E-03    0.86   12.16    0.49
P_W15_IL_M2_A10_S6	adaptive	W15_IL_M2_A10_S6	A10		S6	M2	IL	W15	SR_PLUS	150	1	999983	0.23020799	0.0107	0.04647970732901147	4.65	46.53	0.41	iteration	1     999983  2.3020799E-01  1.07E-02    4.65   46.53*   0.41
P_W15_IL_M2_A10_S6	adaptive	W15_IL_M2_A10_S6	A10		S6	M2	IL	W15	SR_PLUS	152	1	999983	0.23020799	0.0107	0.04647970732901147	4.65	46.53	0.41	iteration	1     999983  2.3020799E-01  1.07E-02    4.65   46.53    0.41
C_W15_IL_M2_A10_S6_F2	fixed	W15_IL_M2_A10_S6_F2	A10	F2	S6	M2	IL	W15	SR_PLUS	146	1	999983	0.23020799	0.0107	0.04647970732901147	4.65	46.53	0.41	iteration	1     999983  2.3020799E-01  1.07E-02    4.65   46.53*   0.41
C_W15_IL_M2_A10_S6_F2	fixed	W15_IL_M2_A10_S6_F2	A10	F2	S6	M2	IL	W15	SR_PLUS	148	1	999983	0.23020799	0.0107	0.04647970732901147	4.65	46.53	0.41	iteration	1     999983  2.3020799E-01  1.07E-02    4.65   46.53    0.41
C_W15_IL_M2_A10_S6_F2	fixed	W15_IL_M2_A10_S6_F2	A10	F2	S6	M2	IL	W15	SR_PLUS	151	2	2000005	0.2573894	0.00656	0.02548667505344043	2.55	36.03	0.14	iteration	2    2000005  2.5738940E-01  6.56E-03    2.55   36.03*   0.14
C_W15_IL_M2_A10_S6_F2	fixed	W15_IL_M2_A10_S6_F2	A10	F2	S6	M2	IL	W15	SR_PLUS	153	2	2000005	0.2573894	0.00656	0.02548667505344043	2.55	36.03	0.14	iteration	2    2000005  2.5738940E-01  6.56E-03    2.55   36.03    0.14
P_W15_IL_M2_A10_S7	adaptive	W15_IL_M2_A10_S7	A10		S7	M2	IL	W15	SR_PLUS	150	1	999997	0.25762409	0.0143	0.05550723148599963	5.55	55.47	0.42	iteration	1     999997  2.5762409E-01  1.43E-02    5.55   55.47*   0.42
P_W15_IL_M2_A10_S7	adaptive	W15_IL_M2_A10_S7	A10		S7	M2	IL	W15	SR_PLUS	152	1	999997	0.25762409	0.0143	0.05550723148599963	5.55	55.47	0.42	iteration	1     999997  2.5762409E-01  1.43E-02    5.55   55.47    0.42
C_W15_IL_M2_A10_S7_F2	fixed	W15_IL_M2_A10_S7_F2	A10	F2	S7	M2	IL	W15	SR_PLUS	146	1	999997	0.25762409	0.0143	0.05550723148599963	5.55	55.47	0.42	iteration	1     999997  2.5762409E-01  1.43E-02    5.55   55.47*   0.42
C_W15_IL_M2_A10_S7_F2	fixed	W15_IL_M2_A10_S7_F2	A10	F2	S7	M2	IL	W15	SR_PLUS	148	1	999997	0.25762409	0.0143	0.05550723148599963	5.55	55.47	0.42	iteration	1     999997  2.5762409E-01  1.43E-02    5.55   55.47    0.42
C_W15_IL_M2_A10_S7_F2	fixed	W15_IL_M2_A10_S7_F2	A10	F2	S7	M2	IL	W15	SR_PLUS	151	2	1999976	0.31504334	0.0727	0.23076190088639867	23.06	326.14	0.03	iteration	2    1999976  3.1504334E-01  7.27E-02   23.06  326.14    0.03
C_W15_IL_M2_A10_S7_F2	fixed	W15_IL_M2_A10_S7_F2	A10	F2	S7	M2	IL	W15	SR_PLUS	153	2	1999976	0.31504334	0.0727	0.23076190088639867	23.06	326.14	0.03	iteration	2    1999976  3.1504334E-01  7.27E-02   23.06  326.14    0.03
P_W15_II_M0_A00_S0	adaptive	W15_II_M0_A00_S0	A00		S0	M0	II	W15	DR	150	1	50005	11.147588	1.88	0.16864634753275773	16.87	37.72	3.88	iteration	1      50005  1.1147588E+01  1.88E+00   16.87   37.72*   3.88
P_W15_II_M0_A00_S0	adaptive	W15_II_M0_A00_S0	A00		S0	M0	II	W15	DR	151	2	50005	11.104159	0.521	0.046919356972464105	4.69	10.49	1.01	iteration	2      50005  1.1104159E+01  5.21E-01    4.69   10.49*   1.01
P_W15_II_M0_A00_S0	adaptive	W15_II_M0_A00_S0	A00		S0	M0	II	W15	DR	152	3	50000	11.350032	0.196	0.017268673779950575	1.73	3.86	1.52	iteration	3      50000  1.1350032E+01  1.96E-01    1.73    3.86*   1.52
P_W15_II_M0_A00_S0	adaptive	W15_II_M0_A00_S0	A00		S0	M0	II	W15	DR	153	4	50001	11.452076	0.116	0.010129167846947576	1.01	2.26	4.3	iteration	4      50001  1.1452076E+01  1.16E-01    1.01    2.26*   4.30
P_W15_II_M0_A00_S0	adaptive	W15_II_M0_A00_S0	A00		S0	M0	II	W15	DR	154	5	49998	11.383853	0.0978	0.008591115855062429	0.86	1.92	5.66	iteration	5      49998  1.1383853E+01  9.78E-02    0.86    1.92*   5.66
P_W15_II_M0_A00_S0	adaptive	W15_II_M0_A00_S0	A00		S0	M0	II	W15	DR	156	5	250009	11.398728	0.0692	0.006070852817963548	0.61	3.03	5.66	aggregate	5     250009  1.1398728E+01  6.92E-02    0.61    3.03    5.66    0.16   5
C_W15_II_M0_A00_S0_F0	fixed	W15_II_M0_A00_S0_F0	A00	F0	S0	M0	II	W15	DR	146	1	50005	11.147588	1.88	0.16864634753275773	16.87	37.72	3.88	iteration	1      50005  1.1147588E+01  1.88E+00   16.87   37.72*   3.88
C_W15_II_M0_A00_S0_F0	fixed	W15_II_M0_A00_S0_F0	A00	F0	S0	M0	II	W15	DR	147	2	50005	11.104159	0.521	0.046919356972464105	4.69	10.49	1.01	iteration	2      50005  1.1104159E+01  5.21E-01    4.69   10.49*   1.01
C_W15_II_M0_A00_S0_F0	fixed	W15_II_M0_A00_S0_F0	A00	F0	S0	M0	II	W15	DR	148	3	50000	11.350032	0.196	0.017268673779950575	1.73	3.86	1.52	iteration	3      50000  1.1350032E+01  1.96E-01    1.73    3.86*   1.52
C_W15_II_M0_A00_S0_F0	fixed	W15_II_M0_A00_S0_F0	A00	F0	S0	M0	II	W15	DR	149	4	50001	11.452076	0.116	0.010129167846947576	1.01	2.26	4.3	iteration	4      50001  1.1452076E+01  1.16E-01    1.01    2.26*   4.30
C_W15_II_M0_A00_S0_F0	fixed	W15_II_M0_A00_S0_F0	A00	F0	S0	M0	II	W15	DR	150	5	49998	11.383853	0.0978	0.008591115855062429	0.86	1.92	5.66	iteration	5      49998  1.1383853E+01  9.78E-02    0.86    1.92*   5.66
C_W15_II_M0_A00_S0_F0	fixed	W15_II_M0_A00_S0_F0	A00	F0	S0	M0	II	W15	DR	152	5	250009	11.398728	0.0692	0.006070852817963548	0.61	3.03	5.66	aggregate	5     250009  1.1398728E+01  6.92E-02    0.61    3.03    5.66    0.16   5
C_W15_II_M0_A00_S0_F0	fixed	W15_II_M0_A00_S0_F0	A00	F0	S0	M0	II	W15	DR	155	6	200001	11.509168	0.122	0.010600244952545657	1.06	4.73	0.89	iteration	6     200001  1.1509168E+01  1.22E-01    1.06    4.73    0.89
C_W15_II_M0_A00_S0_F0	fixed	W15_II_M0_A00_S0_F0	A00	F0	S0	M0	II	W15	DR	156	7	200001	11.365514	0.0464	0.004082525436157133	0.41	1.82	4.61	iteration	7     200001  1.1365514E+01  4.64E-02    0.41    1.82*   4.61
C_W15_II_M0_A00_S0_F0	fixed	W15_II_M0_A00_S0_F0	A00	F0	S0	M0	II	W15	DR	157	8	200001	11.403306	0.0479	0.004200536230458079	0.42	1.88	1.43	iteration	8     200001  1.1403306E+01  4.79E-02    0.42    1.88    1.43
C_W15_II_M0_A00_S0_F0	fixed	W15_II_M0_A00_S0_F0	A00	F0	S0	M0	II	W15	DR	159	8	600003	11.392516	0.0321	0.002817639229121995	0.28	2.18	1.43	aggregate	8     600003  1.1392516E+01  3.21E-02    0.28    2.18    1.43    0.65   3
P_W15_II_M0_A00_S1	adaptive	W15_II_M0_A00_S1	A00		S1	M0	II	W15	DR	150	1	50010	9.2890928	1.62	0.17439808546212393	17.47	39.07	5.11	iteration	1      50010  9.2890928E+00  1.62E+00   17.47   39.07*   5.11
P_W15_II_M0_A00_S1	adaptive	W15_II_M0_A00_S1	A00		S1	M0	II	W15	DR	151	2	50014	11.548442	0.663	0.057410341585471016	5.74	12.83	0.35	iteration	2      50014  1.1548442E+01  6.63E-01    5.74   12.83*   0.35
P_W15_II_M0_A00_S1	adaptive	W15_II_M0_A00_S1	A00		S1	M0	II	W15	DR	152	3	50004	11.152027	0.256	0.022955468095620643	2.29	5.13	0.64	iteration	3      50004  1.1152027E+01  2.56E-01    2.29    5.13*   0.64
P_W15_II_M0_A00_S1	adaptive	W15_II_M0_A00_S1	A00		S1	M0	II	W15	DR	153	4	50003	11.264335	0.133	0.011807177254582716	1.18	2.63	2.1	iteration	4      50003  1.1264335E+01  1.33E-01    1.18    2.63*   2.10
P_W15_II_M0_A00_S1	adaptive	W15_II_M0_A00_S1	A00		S1	M0	II	W15	DR	154	5	50001	11.351999	0.0967	0.008518323512889668	0.85	1.9	6.03	iteration	5      50001  1.1351999E+01  9.67E-02    0.85    1.90*   6.03
P_W15_II_M0_A00_S1	adaptive	W15_II_M0_A00_S1	A00		S1	M0	II	W15	DR	156	5	250032	11.305921	0.0741	0.006554087897836894	0.66	3.28	6.03	aggregate	5     250032  1.1305921E+01  7.41E-02    0.66    3.28    6.03    0.59   5
C_W15_II_M0_A00_S1_F0	fixed	W15_II_M0_A00_S1_F0	A00	F0	S1	M0	II	W15	DR	146	1	50010	9.2890928	1.62	0.17439808546212393	17.47	39.07	5.11	iteration	1      50010  9.2890928E+00  1.62E+00   17.47   39.07*   5.11
C_W15_II_M0_A00_S1_F0	fixed	W15_II_M0_A00_S1_F0	A00	F0	S1	M0	II	W15	DR	147	2	50014	11.548442	0.663	0.057410341585471016	5.74	12.83	0.35	iteration	2      50014  1.1548442E+01  6.63E-01    5.74   12.83*   0.35
C_W15_II_M0_A00_S1_F0	fixed	W15_II_M0_A00_S1_F0	A00	F0	S1	M0	II	W15	DR	148	3	50004	11.152027	0.256	0.022955468095620643	2.29	5.13	0.64	iteration	3      50004  1.1152027E+01  2.56E-01    2.29    5.13*   0.64
C_W15_II_M0_A00_S1_F0	fixed	W15_II_M0_A00_S1_F0	A00	F0	S1	M0	II	W15	DR	149	4	50003	11.264335	0.133	0.011807177254582716	1.18	2.63	2.1	iteration	4      50003  1.1264335E+01  1.33E-01    1.18    2.63*   2.10
C_W15_II_M0_A00_S1_F0	fixed	W15_II_M0_A00_S1_F0	A00	F0	S1	M0	II	W15	DR	150	5	50001	11.351999	0.0967	0.008518323512889668	0.85	1.9	6.03	iteration	5      50001  1.1351999E+01  9.67E-02    0.85    1.90*   6.03
C_W15_II_M0_A00_S1_F0	fixed	W15_II_M0_A00_S1_F0	A00	F0	S1	M0	II	W15	DR	152	5	250032	11.305921	0.0741	0.006554087897836894	0.66	3.28	6.03	aggregate	5     250032  1.1305921E+01  7.41E-02    0.66    3.28    6.03    0.59   5
C_W15_II_M0_A00_S1_F0	fixed	W15_II_M0_A00_S1_F0	A00	F0	S1	M0	II	W15	DR	155	6	200001	11.393751	0.044	0.003861765980316754	0.39	1.73	4.59	iteration	6     200001  1.1393751E+01  4.40E-02    0.39    1.73*   4.59
C_W15_II_M0_A00_S1_F0	fixed	W15_II_M0_A00_S1_F0	A00	F0	S1	M0	II	W15	DR	156	7	200001	11.46925	0.0913	0.007960415894674892	0.8	3.56	5.12	iteration	7     200001  1.1469250E+01  9.13E-02    0.80    3.56    5.12
C_W15_II_M0_A00_S1_F0	fixed	W15_II_M0_A00_S1_F0	A00	F0	S1	M0	II	W15	DR	157	8	200001	11.347233	0.0533	0.004697180361062473	0.47	2.1	1.18	iteration	8     200001  1.1347233E+01  5.33E-02    0.47    2.10*   1.18
C_W15_II_M0_A00_S1_F0	fixed	W15_II_M0_A00_S1_F0	A00	F0	S1	M0	II	W15	DR	159	8	600003	11.386352	0.0318	0.0027928172253940506	0.28	2.16	1.18	aggregate	8     600003  1.1386352E+01  3.18E-02    0.28    2.16    1.18    0.70   3
P_W15_II_M0_A00_S2	adaptive	W15_II_M0_A00_S2	A00		S2	M0	II	W15	DR	150	1	50002	12.361783	2.29	0.1852483577813977	18.56	41.51	5.55	iteration	1      50002  1.2361783E+01  2.29E+00   18.56   41.51*   5.55
P_W15_II_M0_A00_S2	adaptive	W15_II_M0_A00_S2	A00		S2	M0	II	W15	DR	151	2	49997	11.148137	0.456	0.04090369538874522	4.09	9.15	0.52	iteration	2      49997  1.1148137E+01  4.56E-01    4.09    9.15*   0.52
P_W15_II_M0_A00_S2	adaptive	W15_II_M0_A00_S2	A00		S2	M0	II	W15	DR	152	3	50000	11.402843	0.197	0.01727639326438152	1.73	3.86	1.49	iteration	3      50000  1.1402843E+01  1.97E-01    1.73    3.86*   1.49
P_W15_II_M0_A00_S2	adaptive	W15_II_M0_A00_S2	A00		S2	M0	II	W15	DR	153	4	49999	11.593619	0.118	0.010178012577435915	1.02	2.27	3.51	iteration	4      49999  1.1593619E+01  1.18E-01    1.02    2.27*   3.51
P_W15_II_M0_A00_S2	adaptive	W15_II_M0_A00_S2	A00		S2	M0	II	W15	DR	154	5	50005	11.398365	0.0961	0.008431033749138584	0.84	1.89	4.07	iteration	5      50005  1.1398365E+01  9.61E-02    0.84    1.89*   4.07
P_W15_II_M0_A00_S2	adaptive	W15_II_M0_A00_S2	A00		S2	M0	II	W15	DR	156	5	250003	11.460767	0.0688	0.006003088623998725	0.6	3.0	4.07	aggregate	5     250003  1.1460767E+01  6.88E-02    0.60    3.00    4.07    0.60   5
C_W15_II_M0_A00_S2_F0	fixed	W15_II_M0_A00_S2_F0	A00	F0	S2	M0	II	W15	DR	146	1	50002	12.361783	2.29	0.1852483577813977	18.56	41.51	5.55	iteration	1      50002  1.2361783E+01  2.29E+00   18.56   41.51*   5.55
C_W15_II_M0_A00_S2_F0	fixed	W15_II_M0_A00_S2_F0	A00	F0	S2	M0	II	W15	DR	147	2	49997	11.148137	0.456	0.04090369538874522	4.09	9.15	0.52	iteration	2      49997  1.1148137E+01  4.56E-01    4.09    9.15*   0.52
C_W15_II_M0_A00_S2_F0	fixed	W15_II_M0_A00_S2_F0	A00	F0	S2	M0	II	W15	DR	148	3	50000	11.402843	0.197	0.01727639326438152	1.73	3.86	1.49	iteration	3      50000  1.1402843E+01  1.97E-01    1.73    3.86*   1.49
C_W15_II_M0_A00_S2_F0	fixed	W15_II_M0_A00_S2_F0	A00	F0	S2	M0	II	W15	DR	149	4	49999	11.593619	0.118	0.010178012577435915	1.02	2.27	3.51	iteration	4      49999  1.1593619E+01  1.18E-01    1.02    2.27*   3.51
C_W15_II_M0_A00_S2_F0	fixed	W15_II_M0_A00_S2_F0	A00	F0	S2	M0	II	W15	DR	150	5	50005	11.398365	0.0961	0.008431033749138584	0.84	1.89	4.07	iteration	5      50005  1.1398365E+01  9.61E-02    0.84    1.89*   4.07
C_W15_II_M0_A00_S2_F0	fixed	W15_II_M0_A00_S2_F0	A00	F0	S2	M0	II	W15	DR	152	5	250003	11.460767	0.0688	0.006003088623998725	0.6	3.0	4.07	aggregate	5     250003  1.1460767E+01  6.88E-02    0.60    3.00    4.07    0.60   5
C_W15_II_M0_A00_S2_F0	fixed	W15_II_M0_A00_S2_F0	A00	F0	S2	M0	II	W15	DR	155	6	200004	11.535461	0.148	0.012830003066197354	1.28	5.72	0.67	iteration	6     200004  1.1535461E+01  1.48E-01    1.28    5.72    0.67
C_W15_II_M0_A00_S2_F0	fixed	W15_II_M0_A00_S2_F0	A00	F0	S2	M0	II	W15	DR	156	7	200004	11.354138	0.0564	0.00496735199096576	0.5	2.22	1.38	iteration	7     200004  1.1354138E+01  5.64E-02    0.50    2.22*   1.38
C_W15_II_M0_A00_S2_F0	fixed	W15_II_M0_A00_S2_F0	A00	F0	S2	M0	II	W15	DR	157	8	200004	11.405562	0.0638	0.0055937620610014656	0.56	2.5	2.04	iteration	8     200004  1.1405562E+01  6.38E-02    0.56    2.50    2.04
C_W15_II_M0_A00_S2_F0	fixed	W15_II_M0_A00_S2_F0	A00	F0	S2	M0	II	W15	DR	159	8	600012	11.388736	0.0407	0.0035737065114161922	0.36	2.77	2.04	aggregate	8     600012  1.1388736E+01  4.07E-02    0.36    2.77    2.04    0.72   3
P_W15_II_M0_A00_S3	adaptive	W15_II_M0_A00_S3	A00		S3	M0	II	W15	DR	150	1	50012	9.6588129	2.28	0.23605385295329614	23.59	52.76	3.75	iteration	1      50012  9.6588129E+00  2.28E+00   23.59   52.76*   3.75
P_W15_II_M0_A00_S3	adaptive	W15_II_M0_A00_S3	A00		S3	M0	II	W15	DR	151	2	50009	11.021423	0.959	0.08701235766016784	8.7	19.46	0.23	iteration	2      50009  1.1021423E+01  9.59E-01    8.70   19.46*   0.23
P_W15_II_M0_A00_S3	adaptive	W15_II_M0_A00_S3	A00		S3	M0	II	W15	DR	152	3	50004	10.993931	0.322	0.029288886750335256	2.93	6.55	0.7	iteration	3      50004  1.0993931E+01  3.22E-01    2.93    6.55*   0.70
P_W15_II_M0_A00_S3	adaptive	W15_II_M0_A00_S3	A00		S3	M0	II	W15	DR	153	4	49998	11.398636	0.145	0.012720820280601994	1.27	2.84	2.39	iteration	4      49998  1.1398636E+01  1.45E-01    1.27    2.84*   2.39
P_W15_II_M0_A00_S3	adaptive	W15_II_M0_A00_S3	A00		S3	M0	II	W15	DR	154	5	50000	11.256307	0.101	0.008972747456159468	0.9	2.0	3.83	iteration	5      50000  1.1256307E+01  1.01E-01    0.90    2.00*   3.83
P_W15_II_M0_A00_S3	adaptive	W15_II_M0_A00_S3	A00		S3	M0	II	W15	DR	156	5	250023	11.279849	0.0798	0.007074562788916766	0.71	3.54	3.83	aggregate	5     250023  1.1279849E+01  7.98E-02    0.71    3.54    3.83    0.52   5
C_W15_II_M0_A00_S3_F0	fixed	W15_II_M0_A00_S3_F0	A00	F0	S3	M0	II	W15	DR	146	1	50012	9.6588129	2.28	0.23605385295329614	23.59	52.76	3.75	iteration	1      50012  9.6588129E+00  2.28E+00   23.59   52.76*   3.75
C_W15_II_M0_A00_S3_F0	fixed	W15_II_M0_A00_S3_F0	A00	F0	S3	M0	II	W15	DR	147	2	50009	11.021423	0.959	0.08701235766016784	8.7	19.46	0.23	iteration	2      50009  1.1021423E+01  9.59E-01    8.70   19.46*   0.23
C_W15_II_M0_A00_S3_F0	fixed	W15_II_M0_A00_S3_F0	A00	F0	S3	M0	II	W15	DR	148	3	50004	10.993931	0.322	0.029288886750335256	2.93	6.55	0.7	iteration	3      50004  1.0993931E+01  3.22E-01    2.93    6.55*   0.70
C_W15_II_M0_A00_S3_F0	fixed	W15_II_M0_A00_S3_F0	A00	F0	S3	M0	II	W15	DR	149	4	49998	11.398636	0.145	0.012720820280601994	1.27	2.84	2.39	iteration	4      49998  1.1398636E+01  1.45E-01    1.27    2.84*   2.39
C_W15_II_M0_A00_S3_F0	fixed	W15_II_M0_A00_S3_F0	A00	F0	S3	M0	II	W15	DR	150	5	50000	11.256307	0.101	0.008972747456159468	0.9	2.0	3.83	iteration	5      50000  1.1256307E+01  1.01E-01    0.90    2.00*   3.83
C_W15_II_M0_A00_S3_F0	fixed	W15_II_M0_A00_S3_F0	A00	F0	S3	M0	II	W15	DR	152	5	250023	11.279849	0.0798	0.007074562788916766	0.71	3.54	3.83	aggregate	5     250023  1.1279849E+01  7.98E-02    0.71    3.54    3.83    0.52   5
C_W15_II_M0_A00_S3_F0	fixed	W15_II_M0_A00_S3_F0	A00	F0	S3	M0	II	W15	DR	155	6	200001	11.37589	0.0442	0.003885410284382145	0.39	1.74	6.15	iteration	6     200001  1.1375890E+01  4.42E-02    0.39    1.74*   6.15
C_W15_II_M0_A00_S3_F0	fixed	W15_II_M0_A00_S3_F0	A00	F0	S3	M0	II	W15	DR	156	7	200001	11.358067	0.0449	0.003953137448476048	0.4	1.77	2.75	iteration	7     200001  1.1358067E+01  4.49E-02    0.40    1.77    2.75
C_W15_II_M0_A00_S3_F0	fixed	W15_II_M0_A00_S3_F0	A00	F0	S3	M0	II	W15	DR	157	8	200001	11.893902	0.507	0.04262688560911297	4.26	19.07	0.09	iteration	8     200001  1.1893902E+01  5.07E-01    4.26   19.07    0.09
C_W15_II_M0_A00_S3_F0	fixed	W15_II_M0_A00_S3_F0	A00	F0	S3	M0	II	W15	DR	159	8	600003	11.36914	0.0314	0.0027618623748146298	0.28	2.14	0.09	aggregate	8     600003  1.1369140E+01  3.14E-02    0.28    2.14    0.09    0.58   3
P_W15_II_M0_A00_S4	adaptive	W15_II_M0_A00_S4	A00		S4	M0	II	W15	DR	150	1	49992	12.339782	2.12	0.17180206262963155	17.17	38.39	5.35	iteration	1      49992  1.2339782E+01  2.12E+00   17.17   38.39*   5.35
P_W15_II_M0_A00_S4	adaptive	W15_II_M0_A00_S4	A00		S4	M0	II	W15	DR	151	2	49994	12.022297	0.395	0.03285561819010128	3.28	7.34	1.14	iteration	2      49994  1.2022297E+01  3.95E-01    3.28    7.34*   1.14
P_W15_II_M0_A00_S4	adaptive	W15_II_M0_A00_S4	A00		S4	M0	II	W15	DR	152	3	50005	11.424113	0.154	0.013480258817467929	1.35	3.02	3.0	iteration	3      50005  1.1424113E+01  1.54E-01    1.35    3.02*   3.00
P_W15_II_M0_A00_S4	adaptive	W15_II_M0_A00_S4	A00		S4	M0	II	W15	DR	153	4	50001	11.482832	0.107	0.009318258771007013	0.93	2.08	4.45	iteration	4      50001  1.1482832E+01  1.07E-01    0.93    2.08*   4.45
P_W15_II_M0_A00_S4	adaptive	W15_II_M0_A00_S4	A00		S4	M0	II	W15	DR	154	5	49998	11.417735	0.106	0.009283802785753916	0.92	2.07	5.24	iteration	5      49998  1.1417735E+01  1.06E-01    0.92    2.07*   5.24
P_W15_II_M0_A00_S4	adaptive	W15_II_M0_A00_S4	A00		S4	M0	II	W15	DR	156	5	249990	11.462258	0.0665	0.005801649203847968	0.58	2.9	5.24	aggregate	5     249990  1.1462258E+01  6.65E-02    0.58    2.90    5.24    0.61   5
C_W15_II_M0_A00_S4_F0	fixed	W15_II_M0_A00_S4_F0	A00	F0	S4	M0	II	W15	DR	146	1	49992	12.339782	2.12	0.17180206262963155	17.17	38.39	5.35	iteration	1      49992  1.2339782E+01  2.12E+00   17.17   38.39*   5.35
C_W15_II_M0_A00_S4_F0	fixed	W15_II_M0_A00_S4_F0	A00	F0	S4	M0	II	W15	DR	147	2	49994	12.022297	0.395	0.03285561819010128	3.28	7.34	1.14	iteration	2      49994  1.2022297E+01  3.95E-01    3.28    7.34*   1.14
C_W15_II_M0_A00_S4_F0	fixed	W15_II_M0_A00_S4_F0	A00	F0	S4	M0	II	W15	DR	148	3	50005	11.424113	0.154	0.013480258817467929	1.35	3.02	3.0	iteration	3      50005  1.1424113E+01  1.54E-01    1.35    3.02*   3.00
C_W15_II_M0_A00_S4_F0	fixed	W15_II_M0_A00_S4_F0	A00	F0	S4	M0	II	W15	DR	149	4	50001	11.482832	0.107	0.009318258771007013	0.93	2.08	4.45	iteration	4      50001  1.1482832E+01  1.07E-01    0.93    2.08*   4.45
C_W15_II_M0_A00_S4_F0	fixed	W15_II_M0_A00_S4_F0	A00	F0	S4	M0	II	W15	DR	150	5	49998	11.417735	0.106	0.009283802785753916	0.92	2.07	5.24	iteration	5      49998  1.1417735E+01  1.06E-01    0.92    2.07*   5.24
C_W15_II_M0_A00_S4_F0	fixed	W15_II_M0_A00_S4_F0	A00	F0	S4	M0	II	W15	DR	152	5	249990	11.462258	0.0665	0.005801649203847968	0.58	2.9	5.24	aggregate	5     249990  1.1462258E+01  6.65E-02    0.58    2.90    5.24    0.61   5
C_W15_II_M0_A00_S4_F0	fixed	W15_II_M0_A00_S4_F0	A00	F0	S4	M0	II	W15	DR	155	6	199996	11.282944	0.0443	0.003926280233244089	0.39	1.76	4.26	iteration	6     199996  1.1282944E+01  4.43E-02    0.39    1.76*   4.26
C_W15_II_M0_A00_S4_F0	fixed	W15_II_M0_A00_S4_F0	A00	F0	S4	M0	II	W15	DR	156	7	199996	11.361013	0.0465	0.004092944880883421	0.41	1.83	2.01	iteration	7     199996  1.1361013E+01  4.65E-02    0.41    1.83    2.01
C_W15_II_M0_A00_S4_F0	fixed	W15_II_M0_A00_S4_F0	A00	F0	S4	M0	II	W15	DR	157	8	199996	11.321818	0.0443	0.0039127991635265645	0.39	1.75	5.82	iteration	8     199996  1.1321818E+01  4.43E-02    0.39    1.75*   5.82
C_W15_II_M0_A00_S4_F0	fixed	W15_II_M0_A00_S4_F0	A00	F0	S4	M0	II	W15	DR	159	8	599988	11.320723	0.026	0.0022966731011791384	0.23	1.78	5.82	aggregate	8     599988  1.1320723E+01  2.60E-02    0.23    1.78    5.82    0.74   3
P_W15_II_M0_A00_S5	adaptive	W15_II_M0_A00_S5	A00		S5	M0	II	W15	DR	150	1	49997	10.879641	2.29	0.21048488640388044	21.01	46.97	4.74	iteration	1      49997  1.0879641E+01  2.29E+00   21.01   46.97*   4.74
P_W15_II_M0_A00_S5	adaptive	W15_II_M0_A00_S5	A00		S5	M0	II	W15	DR	151	2	49995	12.088959	0.793	0.06559704603183782	6.56	14.67	0.32	iteration	2      49995  1.2088959E+01  7.93E-01    6.56   14.67*   0.32
P_W15_II_M0_A00_S5	adaptive	W15_II_M0_A00_S5	A00		S5	M0	II	W15	DR	152	3	49998	11.554991	0.255	0.02206838586027458	2.2	4.93	0.59	iteration	3      49998  1.1554991E+01  2.55E-01    2.20    4.93*   0.59
P_W15_II_M0_A00_S5	adaptive	W15_II_M0_A00_S5	A00		S5	M0	II	W15	DR	153	4	49998	11.412767	0.127	0.011127888618071322	1.11	2.48	3.03	iteration	4      49998  1.1412767E+01  1.27E-01    1.11    2.48*   3.03
P_W15_II_M0_A00_S5	adaptive	W15_II_M0_A00_S5	A00		S5	M0	II	W15	DR	154	5	50004	11.488341	0.103	0.008965611309761782	0.9	2.01	6.62	iteration	5      50004  1.1488341E+01  1.03E-01    0.90    2.01*   6.62
P_W15_II_M0_A00_S5	adaptive	W15_II_M0_A00_S5	A00		S5	M0	II	W15	DR	156	5	249992	11.472005	0.0759	0.006616105903022183	0.66	3.31	6.62	aggregate	5     249992  1.1472005E+01  7.59E-02    0.66    3.31    6.62    0.26   5
C_W15_II_M0_A00_S5_F0	fixed	W15_II_M0_A00_S5_F0	A00	F0	S5	M0	II	W15	DR	146	1	49997	10.879641	2.29	0.21048488640388044	21.01	46.97	4.74	iteration	1      49997  1.0879641E+01  2.29E+00   21.01   46.97*   4.74
C_W15_II_M0_A00_S5_F0	fixed	W15_II_M0_A00_S5_F0	A00	F0	S5	M0	II	W15	DR	147	2	49995	12.088959	0.793	0.06559704603183782	6.56	14.67	0.32	iteration	2      49995  1.2088959E+01  7.93E-01    6.56   14.67*   0.32
C_W15_II_M0_A00_S5_F0	fixed	W15_II_M0_A00_S5_F0	A00	F0	S5	M0	II	W15	DR	148	3	49998	11.554991	0.255	0.02206838586027458	2.2	4.93	0.59	iteration	3      49998  1.1554991E+01  2.55E-01    2.20    4.93*   0.59
C_W15_II_M0_A00_S5_F0	fixed	W15_II_M0_A00_S5_F0	A00	F0	S5	M0	II	W15	DR	149	4	49998	11.412767	0.127	0.011127888618071322	1.11	2.48	3.03	iteration	4      49998  1.1412767E+01  1.27E-01    1.11    2.48*   3.03
C_W15_II_M0_A00_S5_F0	fixed	W15_II_M0_A00_S5_F0	A00	F0	S5	M0	II	W15	DR	150	5	50004	11.488341	0.103	0.008965611309761782	0.9	2.01	6.62	iteration	5      50004  1.1488341E+01  1.03E-01    0.90    2.01*   6.62
C_W15_II_M0_A00_S5_F0	fixed	W15_II_M0_A00_S5_F0	A00	F0	S5	M0	II	W15	DR	152	5	249992	11.472005	0.0759	0.006616105903022183	0.66	3.31	6.62	aggregate	5     249992  1.1472005E+01  7.59E-02    0.66    3.31    6.62    0.26   5
C_W15_II_M0_A00_S5_F0	fixed	W15_II_M0_A00_S5_F0	A00	F0	S5	M0	II	W15	DR	155	6	200001	12.226435	0.806	0.06592273217826783	6.6	29.5	0.22	iteration	6     200001  1.2226435E+01  8.06E-01    6.60   29.50    0.22
C_W15_II_M0_A00_S5_F0	fixed	W15_II_M0_A00_S5_F0	A00	F0	S5	M0	II	W15	DR	156	7	200001	11.422535	0.0447	0.003913316965104506	0.39	1.75	5.55	iteration	7     200001  1.1422535E+01  4.47E-02    0.39    1.75*   5.55
C_W15_II_M0_A00_S5_F0	fixed	W15_II_M0_A00_S5_F0	A00	F0	S5	M0	II	W15	DR	157	8	200001	11.736041	0.316	0.026925604639588426	2.7	12.06	0.08	iteration	8     200001  1.1736041E+01  3.16E-01    2.70   12.06    0.08
C_W15_II_M0_A00_S5_F0	fixed	W15_II_M0_A00_S5_F0	A00	F0	S5	M0	II	W15	DR	159	8	600003	11.431053	0.0442	0.003866660403026738	0.39	2.99	0.08	aggregate	8     600003  1.1431053E+01  4.42E-02    0.39    2.99    0.08    0.97   3
P_W15_II_M0_A00_S6	adaptive	W15_II_M0_A00_S6	A00		S6	M0	II	W15	DR	150	1	50001	11.225646	1.9	0.1692552927466268	16.95	37.91	5.12	iteration	1      50001  1.1225646E+01  1.90E+00   16.95   37.91*   5.12
P_W15_II_M0_A00_S6	adaptive	W15_II_M0_A00_S6	A00		S6	M0	II	W15	DR	151	2	50001	10.564165	0.369	0.03492940521091823	3.49	7.81	1.04	iteration	2      50001  1.0564165E+01  3.69E-01    3.49    7.81*   1.04
P_W15_II_M0_A00_S6	adaptive	W15_II_M0_A00_S6	A00		S6	M0	II	W15	DR	152	3	49998	11.180312	0.151	0.013505884272281488	1.35	3.03	2.6	iteration	3      49998  1.1180312E+01  1.51E-01    1.35    3.03*   2.60
P_W15_II_M0_A00_S6	adaptive	W15_II_M0_A00_S6	A00		S6	M0	II	W15	DR	153	4	50001	11.402405	0.108	0.009471686017116565	0.95	2.11	5.9	iteration	4      50001  1.1402405E+01  1.08E-01    0.95    2.11*   5.90
P_W15_II_M0_A00_S6	adaptive	W15_II_M0_A00_S6	A00		S6	M0	II	W15	DR	154	5	49996	11.401663	0.0949	0.008323347216980541	0.83	1.86	6.57	iteration	5      49996  1.1401663E+01  9.49E-02    0.83    1.86*   6.57
P_W15_II_M0_A00_S6	adaptive	W15_II_M0_A00_S6	A00		S6	M0	II	W15	DR	156	5	249997	11.338135	0.0634	0.0055917485547667236	0.56	2.8	6.57	aggregate	5     249997  1.1338135E+01  6.34E-02    0.56    2.80    6.57    1.57   5
C_W15_II_M0_A00_S6_F0	fixed	W15_II_M0_A00_S6_F0	A00	F0	S6	M0	II	W15	DR	146	1	50001	11.225646	1.9	0.1692552927466268	16.95	37.91	5.12	iteration	1      50001  1.1225646E+01  1.90E+00   16.95   37.91*   5.12
C_W15_II_M0_A00_S6_F0	fixed	W15_II_M0_A00_S6_F0	A00	F0	S6	M0	II	W15	DR	147	2	50001	10.564165	0.369	0.03492940521091823	3.49	7.81	1.04	iteration	2      50001  1.0564165E+01  3.69E-01    3.49    7.81*   1.04
C_W15_II_M0_A00_S6_F0	fixed	W15_II_M0_A00_S6_F0	A00	F0	S6	M0	II	W15	DR	148	3	49998	11.180312	0.151	0.013505884272281488	1.35	3.03	2.6	iteration	3      49998  1.1180312E+01  1.51E-01    1.35    3.03*   2.60
C_W15_II_M0_A00_S6_F0	fixed	W15_II_M0_A00_S6_F0	A00	F0	S6	M0	II	W15	DR	149	4	50001	11.402405	0.108	0.009471686017116565	0.95	2.11	5.9	iteration	4      50001  1.1402405E+01  1.08E-01    0.95    2.11*   5.90
C_W15_II_M0_A00_S6_F0	fixed	W15_II_M0_A00_S6_F0	A00	F0	S6	M0	II	W15	DR	150	5	49996	11.401663	0.0949	0.008323347216980541	0.83	1.86	6.57	iteration	5      49996  1.1401663E+01  9.49E-02    0.83    1.86*   6.57
C_W15_II_M0_A00_S6_F0	fixed	W15_II_M0_A00_S6_F0	A00	F0	S6	M0	II	W15	DR	152	5	249997	11.338135	0.0634	0.0055917485547667236	0.56	2.8	6.57	aggregate	5     249997  1.1338135E+01  6.34E-02    0.56    2.80    6.57    1.57   5
C_W15_II_M0_A00_S6_F0	fixed	W15_II_M0_A00_S6_F0	A00	F0	S6	M0	II	W15	DR	155	6	199998	11.379253	0.0443	0.0038930499216424837	0.39	1.74	5.21	iteration	6     199998  1.1379253E+01  4.43E-02    0.39    1.74*   5.21
C_W15_II_M0_A00_S6_F0	fixed	W15_II_M0_A00_S6_F0	A00	F0	S6	M0	II	W15	DR	156	7	199998	11.349391	0.0461	0.0040618919552599785	0.41	1.82	1.6	iteration	7     199998  1.1349391E+01  4.61E-02    0.41    1.82    1.60
C_W15_II_M0_A00_S6_F0	fixed	W15_II_M0_A00_S6_F0	A00	F0	S6	M0	II	W15	DR	157	8	199998	11.407513	0.047	0.0041200917325275015	0.41	1.84	5.22	iteration	8     199998  1.1407513E+01  4.70E-02    0.41    1.84    5.22
C_W15_II_M0_A00_S6_F0	fixed	W15_II_M0_A00_S6_F0	A00	F0	S6	M0	II	W15	DR	159	8	599994	11.378366	0.0264	0.002320192547857926	0.23	1.8	5.22	aggregate	8     599994  1.1378366E+01  2.64E-02    0.23    1.80    5.22    0.39   3
P_W15_II_M0_A00_S7	adaptive	W15_II_M0_A00_S7	A00		S7	M0	II	W15	DR	150	1	49998	12.331863	2.1	0.1702905716678818	17.06	38.16	5.19	iteration	1      49998  1.2331863E+01  2.10E+00   17.06   38.16*   5.19
P_W15_II_M0_A00_S7	adaptive	W15_II_M0_A00_S7	A00		S7	M0	II	W15	DR	151	2	49998	12.191926	0.837	0.06865199149010583	6.87	15.35	0.35	iteration	2      49998  1.2191926E+01  8.37E-01    6.87   15.35*   0.35
P_W15_II_M0_A00_S7	adaptive	W15_II_M0_A00_S7	A00		S7	M0	II	W15	DR	152	3	49999	11.217224	0.237	0.02112822209844432	2.11	4.72	1.19	iteration	3      49999  1.1217224E+01  2.37E-01    2.11    4.72*   1.19
P_W15_II_M0_A00_S7	adaptive	W15_II_M0_A00_S7	A00		S7	M0	II	W15	DR	153	4	50003	11.439995	0.132	0.011538466581497632	1.16	2.59	1.95	iteration	4      50003  1.1439995E+01  1.32E-01    1.16    2.59*   1.95
P_W15_II_M0_A00_S7	adaptive	W15_II_M0_A00_S7	A00		S7	M0	II	W15	DR	154	5	49998	11.371287	0.099	0.00870613853999112	0.87	1.95	6.66	iteration	5      49998  1.1371287E+01  9.90E-02    0.87    1.95*   6.66
P_W15_II_M0_A00_S7	adaptive	W15_II_M0_A00_S7	A00		S7	M0	II	W15	DR	156	5	249996	11.385633	0.0748	0.0065696830382641	0.66	3.29	6.66	aggregate	5     249996  1.1385633E+01  7.48E-02    0.66    3.29    6.66    0.46   5
C_W15_II_M0_A00_S7_F0	fixed	W15_II_M0_A00_S7_F0	A00	F0	S7	M0	II	W15	DR	146	1	49998	12.331863	2.1	0.1702905716678818	17.06	38.16	5.19	iteration	1      49998  1.2331863E+01  2.10E+00   17.06   38.16*   5.19
C_W15_II_M0_A00_S7_F0	fixed	W15_II_M0_A00_S7_F0	A00	F0	S7	M0	II	W15	DR	147	2	49998	12.191926	0.837	0.06865199149010583	6.87	15.35	0.35	iteration	2      49998  1.2191926E+01  8.37E-01    6.87   15.35*   0.35
C_W15_II_M0_A00_S7_F0	fixed	W15_II_M0_A00_S7_F0	A00	F0	S7	M0	II	W15	DR	148	3	49999	11.217224	0.237	0.02112822209844432	2.11	4.72	1.19	iteration	3      49999  1.1217224E+01  2.37E-01    2.11    4.72*   1.19
C_W15_II_M0_A00_S7_F0	fixed	W15_II_M0_A00_S7_F0	A00	F0	S7	M0	II	W15	DR	149	4	50003	11.439995	0.132	0.011538466581497632	1.16	2.59	1.95	iteration	4      50003  1.1439995E+01  1.32E-01    1.16    2.59*   1.95
C_W15_II_M0_A00_S7_F0	fixed	W15_II_M0_A00_S7_F0	A00	F0	S7	M0	II	W15	DR	150	5	49998	11.371287	0.099	0.00870613853999112	0.87	1.95	6.66	iteration	5      49998  1.1371287E+01  9.90E-02    0.87    1.95*   6.66
C_W15_II_M0_A00_S7_F0	fixed	W15_II_M0_A00_S7_F0	A00	F0	S7	M0	II	W15	DR	152	5	249996	11.385633	0.0748	0.0065696830382641	0.66	3.29	6.66	aggregate	5     249996  1.1385633E+01  7.48E-02    0.66    3.29    6.66    0.46   5
C_W15_II_M0_A00_S7_F0	fixed	W15_II_M0_A00_S7_F0	A00	F0	S7	M0	II	W15	DR	155	6	200003	11.374557	0.045	0.0039561980303936236	0.4	1.77	5.55	iteration	6     200003  1.1374557E+01  4.50E-02    0.40    1.77*   5.55
C_W15_II_M0_A00_S7_F0	fixed	W15_II_M0_A00_S7_F0	A00	F0	S7	M0	II	W15	DR	156	7	200003	11.386043	0.0692	0.006077616253513182	0.61	2.72	4.73	iteration	7     200003  1.1386043E+01  6.92E-02    0.61    2.72    4.73
C_W15_II_M0_A00_S7_F0	fixed	W15_II_M0_A00_S7_F0	A00	F0	S7	M0	II	W15	DR	157	8	200003	11.344377	0.044	0.003878573499452636	0.39	1.74	3.31	iteration	8     200003  1.1344377E+01  4.40E-02    0.39    1.74*   3.31
C_W15_II_M0_A00_S7_F0	fixed	W15_II_M0_A00_S7_F0	A00	F0	S7	M0	II	W15	DR	159	8	600009	11.36375	0.0286	0.0025167748322516776	0.25	1.95	3.31	aggregate	8     600009  1.1363750E+01  2.86E-02    0.25    1.95    3.31    0.18   3
P_W15_II_M1_A07_S0	adaptive	W15_II_M1_A07_S0	A07		S0	M1	II	W15	DR	150	1	99995	12.552345	1.54	0.12268623910512338	12.3	38.89	2.92	iteration	1      99995  1.2552345E+01  1.54E+00   12.30   38.89*   2.92
P_W15_II_M1_A07_S0	adaptive	W15_II_M1_A07_S0	A07		S0	M1	II	W15	DR	151	2	100005	11.614454	0.257	0.022127600660349595	2.21	7.0	0.82	iteration	2     100005  1.1614454E+01  2.57E-01    2.21    7.00*   0.82
P_W15_II_M1_A07_S0	adaptive	W15_II_M1_A07_S0	A07		S0	M1	II	W15	DR	152	3	100005	11.361961	0.103	0.009065336520693917	0.9	2.86	2.85	iteration	3     100005  1.1361961E+01  1.03E-01    0.90    2.86*   2.85
P_W15_II_M1_A07_S0	adaptive	W15_II_M1_A07_S0	A07		S0	M1	II	W15	DR	153	4	100002	11.393668	0.0723	0.006345629870907245	0.63	2.01	4.41	iteration	4     100002  1.1393668E+01  7.23E-02    0.63    2.01*   4.41
P_W15_II_M1_A07_S0	adaptive	W15_II_M1_A07_S0	A07		S0	M1	II	W15	DR	154	5	99998	11.445729	0.0633	0.005530447208736114	0.55	1.75	5.06	iteration	5      99998  1.1445729E+01  6.33E-02    0.55    1.75*   5.06
P_W15_II_M1_A07_S0	adaptive	W15_II_M1_A07_S0	A07		S0	M1	II	W15	DR	155	6	100001	11.339053	0.0605	0.005335542571324078	0.53	1.69	5.99	iteration	6     100001  1.1339053E+01  6.05E-02    0.53    1.69*   5.99
P_W15_II_M1_A07_S0	adaptive	W15_II_M1_A07_S0	A07		S0	M1	II	W15	DR	156	7	99995	11.47489	0.171	0.014902103636723316	1.49	4.71	4.77	iteration	7      99995  1.1474890E+01  1.71E-01    1.49    4.71    4.77
P_W15_II_M1_A07_S0	adaptive	W15_II_M1_A07_S0	A07		S0	M1	II	W15	DR	157	8	100003	11.532612	0.249	0.02159094574585532	2.16	6.84	0.92	iteration	8     100003  1.1532612E+01  2.49E-01    2.16    6.84    0.92
P_W15_II_M1_A07_S0	adaptive	W15_II_M1_A07_S0	A07		S0	M1	II	W15	DR	158	9	99999	11.39495	0.0635	0.005572644022132612	0.56	1.76	5.85	iteration	9      99999  1.1394950E+01  6.35E-02    0.56    1.76*   5.85
P_W15_II_M1_A07_S0	adaptive	W15_II_M1_A07_S0	A07		S0	M1	II	W15	DR	159	10	100003	11.318541	0.0544	0.004806273176021538	0.48	1.52	7.7	iteration	10     100003  1.1318541E+01  5.44E-02    0.48    1.52*   7.70
P_W15_II_M1_A07_S0	adaptive	W15_II_M1_A07_S0	A07		S0	M1	II	W15	DR	161	10	1000006	11.379156	0.0262	0.0023024554720930093	0.23	2.3	7.7	aggregate	10    1000006  1.1379156E+01  2.62E-02    0.23    2.30    7.70    0.56  10
C_W15_II_M1_A07_S0_F0	fixed	W15_II_M1_A07_S0_F0	A07	F0	S0	M1	II	W15	DR	146	1	99995	12.552345	1.54	0.12268623910512338	12.3	38.89	2.92	iteration	1      99995  1.2552345E+01  1.54E+00   12.30   38.89*   2.92
C_W15_II_M1_A07_S0_F0	fixed	W15_II_M1_A07_S0_F0	A07	F0	S0	M1	II	W15	DR	147	2	100005	11.614454	0.257	0.022127600660349595	2.21	7.0	0.82	iteration	2     100005  1.1614454E+01  2.57E-01    2.21    7.00*   0.82
C_W15_II_M1_A07_S0_F0	fixed	W15_II_M1_A07_S0_F0	A07	F0	S0	M1	II	W15	DR	148	3	100005	11.361961	0.103	0.009065336520693917	0.9	2.86	2.85	iteration	3     100005  1.1361961E+01  1.03E-01    0.90    2.86*   2.85
C_W15_II_M1_A07_S0_F0	fixed	W15_II_M1_A07_S0_F0	A07	F0	S0	M1	II	W15	DR	149	4	100002	11.393668	0.0723	0.006345629870907245	0.63	2.01	4.41	iteration	4     100002  1.1393668E+01  7.23E-02    0.63    2.01*   4.41
C_W15_II_M1_A07_S0_F0	fixed	W15_II_M1_A07_S0_F0	A07	F0	S0	M1	II	W15	DR	150	5	99998	11.445729	0.0633	0.005530447208736114	0.55	1.75	5.06	iteration	5      99998  1.1445729E+01  6.33E-02    0.55    1.75*   5.06
C_W15_II_M1_A07_S0_F0	fixed	W15_II_M1_A07_S0_F0	A07	F0	S0	M1	II	W15	DR	151	6	100001	11.339053	0.0605	0.005335542571324078	0.53	1.69	5.99	iteration	6     100001  1.1339053E+01  6.05E-02    0.53    1.69*   5.99
C_W15_II_M1_A07_S0_F0	fixed	W15_II_M1_A07_S0_F0	A07	F0	S0	M1	II	W15	DR	152	7	99995	11.47489	0.171	0.014902103636723316	1.49	4.71	4.77	iteration	7      99995  1.1474890E+01  1.71E-01    1.49    4.71    4.77
C_W15_II_M1_A07_S0_F0	fixed	W15_II_M1_A07_S0_F0	A07	F0	S0	M1	II	W15	DR	153	8	100003	11.532612	0.249	0.02159094574585532	2.16	6.84	0.92	iteration	8     100003  1.1532612E+01  2.49E-01    2.16    6.84    0.92
C_W15_II_M1_A07_S0_F0	fixed	W15_II_M1_A07_S0_F0	A07	F0	S0	M1	II	W15	DR	154	9	99999	11.39495	0.0635	0.005572644022132612	0.56	1.76	5.85	iteration	9      99999  1.1394950E+01  6.35E-02    0.56    1.76*   5.85
C_W15_II_M1_A07_S0_F0	fixed	W15_II_M1_A07_S0_F0	A07	F0	S0	M1	II	W15	DR	155	10	100003	11.318541	0.0544	0.004806273176021538	0.48	1.52	7.7	iteration	10     100003  1.1318541E+01  5.44E-02    0.48    1.52*   7.70
C_W15_II_M1_A07_S0_F0	fixed	W15_II_M1_A07_S0_F0	A07	F0	S0	M1	II	W15	DR	157	10	1000006	11.379156	0.0262	0.0023024554720930093	0.23	2.3	7.7	aggregate	10    1000006  1.1379156E+01  2.62E-02    0.23    2.30    7.70    0.56  10
C_W15_II_M1_A07_S0_F0	fixed	W15_II_M1_A07_S0_F0	A07	F0	S0	M1	II	W15	DR	160	11	199996	11.307544	0.0374	0.0033075263735431854	0.33	1.48	6.31	iteration	11     199996  1.1307544E+01  3.74E-02    0.33    1.48*   6.31
C_W15_II_M1_A07_S0_F0	fixed	W15_II_M1_A07_S0_F0	A07	F0	S0	M1	II	W15	DR	161	12	199996	11.40103	0.0443	0.0038856138436614935	0.39	1.74	3.96	iteration	12     199996  1.1401030E+01  4.43E-02    0.39    1.74    3.96
C_W15_II_M1_A07_S0_F0	fixed	W15_II_M1_A07_S0_F0	A07	F0	S0	M1	II	W15	DR	162	13	199996	11.389923	0.0376	0.003301163668973004	0.33	1.48	6.25	iteration	13     199996  1.1389923E+01  3.76E-02    0.33    1.48*   6.25
C_W15_II_M1_A07_S0_F0	fixed	W15_II_M1_A07_S0_F0	A07	F0	S0	M1	II	W15	DR	164	13	599988	11.36234	0.0228	0.002006628916226763	0.2	1.55	6.25	aggregate	13     599988  1.1362340E+01  2.28E-02    0.20    1.55    6.25    1.72   3
P_W15_II_M1_A07_S1	adaptive	W15_II_M1_A07_S1	A07		S1	M1	II	W15	DR	150	1	100001	12.166996	1.49	0.12246243855097841	12.28	38.83	3.02	iteration	1     100001  1.2166996E+01  1.49E+00   12.28   38.83*   3.02
P_W15_II_M1_A07_S1	adaptive	W15_II_M1_A07_S1	A07		S1	M1	II	W15	DR	151	2	99989	11.513478	0.227	0.019716023255527133	1.97	6.23	1.01	iteration	2      99989  1.1513478E+01  2.27E-01    1.97    6.23*   1.01
P_W15_II_M1_A07_S1	adaptive	W15_II_M1_A07_S1	A07		S1	M1	II	W15	DR	152	3	100005	11.217821	0.0985	0.008780671397769673	0.88	2.78	3.62	iteration	3     100005  1.1217821E+01  9.85E-02    0.88    2.78*   3.62
P_W15_II_M1_A07_S1	adaptive	W15_II_M1_A07_S1	A07		S1	M1	II	W15	DR	153	4	99998	11.211686	0.0731	0.0065199828107922395	0.65	2.06	4.35	iteration	4      99998  1.1211686E+01  7.31E-02    0.65    2.06*   4.35
P_W15_II_M1_A07_S1	adaptive	W15_II_M1_A07_S1	A07		S1	M1	II	W15	DR	154	5	100002	11.412801	0.0652	0.005712883279047799	0.57	1.81	4.99	iteration	5     100002  1.1412801E+01  6.52E-02    0.57    1.81*   4.99
P_W15_II_M1_A07_S1	adaptive	W15_II_M1_A07_S1	A07		S1	M1	II	W15	DR	155	6	100001	11.383075	0.0599	0.005262198483274511	0.53	1.66	7.19	iteration	6     100001  1.1383075E+01  5.99E-02    0.53    1.66*   7.19
P_W15_II_M1_A07_S1	adaptive	W15_II_M1_A07_S1	A07		S1	M1	II	W15	DR	156	7	100000	11.392383	0.057	0.005003343023140988	0.5	1.58	7.69	iteration	7     100000  1.1392383E+01  5.70E-02    0.50    1.58*   7.69
P_W15_II_M1_A07_S1	adaptive	W15_II_M1_A07_S1	A07		S1	M1	II	W15	DR	157	8	100000	11.391962	0.0569	0.004994749806925269	0.5	1.58	5.89	iteration	8     100000  1.1391962E+01  5.69E-02    0.50    1.58*   5.89
P_W15_II_M1_A07_S1	adaptive	W15_II_M1_A07_S1	A07		S1	M1	II	W15	DR	158	9	100003	11.380034	0.0565	0.0049648357816857135	0.5	1.57	5.54	iteration	9     100003  1.1380034E+01  5.65E-02    0.50    1.57*   5.54
P_W15_II_M1_A07_S1	adaptive	W15_II_M1_A07_S1	A07		S1	M1	II	W15	DR	159	10	100003	14.28398	2.92	0.20442481717280478	20.45	64.65	0.15	iteration	10     100003  1.4283980E+01  2.92E+00   20.45   64.65    0.15
P_W15_II_M1_A07_S1	adaptive	W15_II_M1_A07_S1	A07		S1	M1	II	W15	DR	161	10	1000002	11.363548	0.0239	0.0021032163546103734	0.21	2.1	0.15	aggregate	10    1000002  1.1363548E+01  2.39E-02    0.21    2.10    0.15    1.06  10
C_W15_II_M1_A07_S1_F0	fixed	W15_II_M1_A07_S1_F0	A07	F0	S1	M1	II	W15	DR	146	1	100001	12.166996	1.49	0.12246243855097841	12.28	38.83	3.02	iteration	1     100001  1.2166996E+01  1.49E+00   12.28   38.83*   3.02
C_W15_II_M1_A07_S1_F0	fixed	W15_II_M1_A07_S1_F0	A07	F0	S1	M1	II	W15	DR	147	2	99989	11.513478	0.227	0.019716023255527133	1.97	6.23	1.01	iteration	2      99989  1.1513478E+01  2.27E-01    1.97    6.23*   1.01
C_W15_II_M1_A07_S1_F0	fixed	W15_II_M1_A07_S1_F0	A07	F0	S1	M1	II	W15	DR	148	3	100005	11.217821	0.0985	0.008780671397769673	0.88	2.78	3.62	iteration	3     100005  1.1217821E+01  9.85E-02    0.88    2.78*   3.62
C_W15_II_M1_A07_S1_F0	fixed	W15_II_M1_A07_S1_F0	A07	F0	S1	M1	II	W15	DR	149	4	99998	11.211686	0.0731	0.0065199828107922395	0.65	2.06	4.35	iteration	4      99998  1.1211686E+01  7.31E-02    0.65    2.06*   4.35
C_W15_II_M1_A07_S1_F0	fixed	W15_II_M1_A07_S1_F0	A07	F0	S1	M1	II	W15	DR	150	5	100002	11.412801	0.0652	0.005712883279047799	0.57	1.81	4.99	iteration	5     100002  1.1412801E+01  6.52E-02    0.57    1.81*   4.99
C_W15_II_M1_A07_S1_F0	fixed	W15_II_M1_A07_S1_F0	A07	F0	S1	M1	II	W15	DR	151	6	100001	11.383075	0.0599	0.005262198483274511	0.53	1.66	7.19	iteration	6     100001  1.1383075E+01  5.99E-02    0.53    1.66*   7.19
C_W15_II_M1_A07_S1_F0	fixed	W15_II_M1_A07_S1_F0	A07	F0	S1	M1	II	W15	DR	152	7	100000	11.392383	0.057	0.005003343023140988	0.5	1.58	7.69	iteration	7     100000  1.1392383E+01  5.70E-02    0.50    1.58*   7.69
C_W15_II_M1_A07_S1_F0	fixed	W15_II_M1_A07_S1_F0	A07	F0	S1	M1	II	W15	DR	153	8	100000	11.391962	0.0569	0.004994749806925269	0.5	1.58	5.89	iteration	8     100000  1.1391962E+01  5.69E-02    0.50    1.58*   5.89
C_W15_II_M1_A07_S1_F0	fixed	W15_II_M1_A07_S1_F0	A07	F0	S1	M1	II	W15	DR	154	9	100003	11.380034	0.0565	0.0049648357816857135	0.5	1.57	5.54	iteration	9     100003  1.1380034E+01  5.65E-02    0.50    1.57*   5.54
C_W15_II_M1_A07_S1_F0	fixed	W15_II_M1_A07_S1_F0	A07	F0	S1	M1	II	W15	DR	155	10	100003	14.28398	2.92	0.20442481717280478	20.45	64.65	0.15	iteration	10     100003  1.4283980E+01  2.92E+00   20.45   64.65    0.15
C_W15_II_M1_A07_S1_F0	fixed	W15_II_M1_A07_S1_F0	A07	F0	S1	M1	II	W15	DR	157	10	1000002	11.363548	0.0239	0.0021032163546103734	0.21	2.1	0.15	aggregate	10    1000002  1.1363548E+01  2.39E-02    0.21    2.10    0.15    1.06  10
C_W15_II_M1_A07_S1_F0	fixed	W15_II_M1_A07_S1_F0	A07	F0	S1	M1	II	W15	DR	160	11	200001	11.410372	0.0608	0.005328485346490018	0.53	2.38	3.32	iteration	11     200001  1.1410372E+01  6.08E-02    0.53    2.38*   3.32
C_W15_II_M1_A07_S1_F0	fixed	W15_II_M1_A07_S1_F0	A07	F0	S1	M1	II	W15	DR	161	12	200001	11.342653	0.0523	0.004610914219098477	0.46	2.06	5.2	iteration	12     200001  1.1342653E+01  5.23E-02    0.46    2.06*   5.20
C_W15_II_M1_A07_S1_F0	fixed	W15_II_M1_A07_S1_F0	A07	F0	S1	M1	II	W15	DR	162	13	200001	11.371076	0.0525	0.004616977320352093	0.46	2.06	5.19	iteration	13     200001  1.1371076E+01  5.25E-02    0.46    2.06    5.19
C_W15_II_M1_A07_S1_F0	fixed	W15_II_M1_A07_S1_F0	A07	F0	S1	M1	II	W15	DR	164	13	600003	11.371317	0.0316	0.002778921737913032	0.28	2.15	5.19	aggregate	13     600003  1.1371317E+01  3.16E-02    0.28    2.15    5.19    0.36   3
P_W15_II_M1_A07_S2	adaptive	W15_II_M1_A07_S2	A07		S2	M1	II	W15	DR	150	1	100002	11.49217	1.41	0.12269223305955272	12.25	38.75	3.25	iteration	1     100002  1.1492170E+01  1.41E+00   12.25   38.75*   3.25
P_W15_II_M1_A07_S2	adaptive	W15_II_M1_A07_S2	A07		S2	M1	II	W15	DR	151	2	100004	11.718018	0.216	0.018433151408369573	1.84	5.82	1.13	iteration	2     100004  1.1718018E+01  2.16E-01    1.84    5.82*   1.13
P_W15_II_M1_A07_S2	adaptive	W15_II_M1_A07_S2	A07		S2	M1	II	W15	DR	152	3	100000	11.519088	0.093	0.008073555823169334	0.81	2.55	2.94	iteration	3     100000  1.1519088E+01  9.30E-02    0.81    2.55*   2.94
P_W15_II_M1_A07_S2	adaptive	W15_II_M1_A07_S2	A07		S2	M1	II	W15	DR	153	4	99999	11.411336	0.0701	0.006143014279835419	0.61	1.94	3.73	iteration	4      99999  1.1411336E+01  7.01E-02    0.61    1.94*   3.73
P_W15_II_M1_A07_S2	adaptive	W15_II_M1_A07_S2	A07		S2	M1	II	W15	DR	154	5	100000	11.450774	0.0632	0.005519277561499337	0.55	1.75	5.42	iteration	5     100000  1.1450774E+01  6.32E-02    0.55    1.75*   5.42
P_W15_II_M1_A07_S2	adaptive	W15_II_M1_A07_S2	A07		S2	M1	II	W15	DR	155	6	99999	11.315103	0.0574	0.005072865885533698	0.51	1.6	6.85	iteration	6      99999  1.1315103E+01  5.74E-02    0.51    1.60*   6.85
P_W15_II_M1_A07_S2	adaptive	W15_II_M1_A07_S2	A07		S2	M1	II	W15	DR	156	7	99996	11.379416	0.0625	0.0054923732465708254	0.55	1.74	3.86	iteration	7      99996  1.1379416E+01  6.25E-02    0.55    1.74    3.86
P_W15_II_M1_A07_S2	adaptive	W15_II_M1_A07_S2	A07		S2	M1	II	W15	DR	157	8	100003	11.439498	0.0548	0.004790419999199266	0.48	1.52	6.57	iteration	8     100003  1.1439498E+01  5.48E-02    0.48    1.52*   6.57
P_W15_II_M1_A07_S2	adaptive	W15_II_M1_A07_S2	A07		S2	M1	II	W15	DR	158	9	99999	11.38562	0.1	0.008783008742606903	0.88	2.79	2.28	iteration	9      99999  1.1385620E+01  1.00E-01    0.88    2.79    2.28
P_W15_II_M1_A07_S2	adaptive	W15_II_M1_A07_S2	A07		S2	M1	II	W15	DR	159	10	99997	11.318231	0.0561	0.004956604967684437	0.5	1.57	6.69	iteration	10      99997  1.1318231E+01  5.61E-02    0.50    1.57*   6.69
P_W15_II_M1_A07_S2	adaptive	W15_II_M1_A07_S2	A07		S2	M1	II	W15	DR	161	10	999999	11.394944	0.0229	0.0020096632330970647	0.2	2.01	6.69	aggregate	10     999999  1.1394944E+01  2.29E-02    0.20    2.01    6.69    1.04  10
C_W15_II_M1_A07_S2_F0	fixed	W15_II_M1_A07_S2_F0	A07	F0	S2	M1	II	W15	DR	146	1	100002	11.49217	1.41	0.12269223305955272	12.25	38.75	3.25	iteration	1     100002  1.1492170E+01  1.41E+00   12.25   38.75*   3.25
C_W15_II_M1_A07_S2_F0	fixed	W15_II_M1_A07_S2_F0	A07	F0	S2	M1	II	W15	DR	147	2	100004	11.718018	0.216	0.018433151408369573	1.84	5.82	1.13	iteration	2     100004  1.1718018E+01  2.16E-01    1.84    5.82*   1.13
C_W15_II_M1_A07_S2_F0	fixed	W15_II_M1_A07_S2_F0	A07	F0	S2	M1	II	W15	DR	148	3	100000	11.519088	0.093	0.008073555823169334	0.81	2.55	2.94	iteration	3     100000  1.1519088E+01  9.30E-02    0.81    2.55*   2.94
C_W15_II_M1_A07_S2_F0	fixed	W15_II_M1_A07_S2_F0	A07	F0	S2	M1	II	W15	DR	149	4	99999	11.411336	0.0701	0.006143014279835419	0.61	1.94	3.73	iteration	4      99999  1.1411336E+01  7.01E-02    0.61    1.94*   3.73
C_W15_II_M1_A07_S2_F0	fixed	W15_II_M1_A07_S2_F0	A07	F0	S2	M1	II	W15	DR	150	5	100000	11.450774	0.0632	0.005519277561499337	0.55	1.75	5.42	iteration	5     100000  1.1450774E+01  6.32E-02    0.55    1.75*   5.42
C_W15_II_M1_A07_S2_F0	fixed	W15_II_M1_A07_S2_F0	A07	F0	S2	M1	II	W15	DR	151	6	99999	11.315103	0.0574	0.005072865885533698	0.51	1.6	6.85	iteration	6      99999  1.1315103E+01  5.74E-02    0.51    1.60*   6.85
C_W15_II_M1_A07_S2_F0	fixed	W15_II_M1_A07_S2_F0	A07	F0	S2	M1	II	W15	DR	152	7	99996	11.379416	0.0625	0.0054923732465708254	0.55	1.74	3.86	iteration	7      99996  1.1379416E+01  6.25E-02    0.55    1.74    3.86
C_W15_II_M1_A07_S2_F0	fixed	W15_II_M1_A07_S2_F0	A07	F0	S2	M1	II	W15	DR	153	8	100003	11.439498	0.0548	0.004790419999199266	0.48	1.52	6.57	iteration	8     100003  1.1439498E+01  5.48E-02    0.48    1.52*   6.57
C_W15_II_M1_A07_S2_F0	fixed	W15_II_M1_A07_S2_F0	A07	F0	S2	M1	II	W15	DR	154	9	99999	11.38562	0.1	0.008783008742606903	0.88	2.79	2.28	iteration	9      99999  1.1385620E+01  1.00E-01    0.88    2.79    2.28
C_W15_II_M1_A07_S2_F0	fixed	W15_II_M1_A07_S2_F0	A07	F0	S2	M1	II	W15	DR	155	10	99997	11.318231	0.0561	0.004956604967684437	0.5	1.57	6.69	iteration	10      99997  1.1318231E+01  5.61E-02    0.50    1.57*   6.69
C_W15_II_M1_A07_S2_F0	fixed	W15_II_M1_A07_S2_F0	A07	F0	S2	M1	II	W15	DR	157	10	999999	11.394944	0.0229	0.0020096632330970647	0.2	2.01	6.69	aggregate	10     999999  1.1394944E+01  2.29E-02    0.20    2.01    6.69    1.04  10
C_W15_II_M1_A07_S2_F0	fixed	W15_II_M1_A07_S2_F0	A07	F0	S2	M1	II	W15	DR	160	11	200000	11.40772	0.039	0.0034187374865442	0.34	1.53	4.48	iteration	11     200000  1.1407720E+01  3.90E-02    0.34    1.53*   4.48
C_W15_II_M1_A07_S2_F0	fixed	W15_II_M1_A07_S2_F0	A07	F0	S2	M1	II	W15	DR	161	12	200000	11.384108	0.0432	0.003794763717982999	0.38	1.7	3.86	iteration	12     200000  1.1384108E+01  4.32E-02    0.38    1.70    3.86
C_W15_II_M1_A07_S2_F0	fixed	W15_II_M1_A07_S2_F0	A07	F0	S2	M1	II	W15	DR	162	13	200000	11.420092	0.0382	0.003344981809253375	0.33	1.5	5.45	iteration	13     200000  1.1420092E+01  3.82E-02    0.33    1.50*   5.45
C_W15_II_M1_A07_S2_F0	fixed	W15_II_M1_A07_S2_F0	A07	F0	S2	M1	II	W15	DR	164	13	600000	11.405487	0.0231	0.0020253409608901396	0.2	1.57	5.45	aggregate	13     600000  1.1405487E+01  2.31E-02    0.20    1.57    5.45    0.20   3
P_W15_II_M1_A07_S3	adaptive	W15_II_M1_A07_S3	A07		S3	M1	II	W15	DR	150	1	99993	10.399964	1.48	0.14230818491294778	14.25	45.08	3.27	iteration	1      99993  1.0399964E+01  1.48E+00   14.25   45.08*   3.27
P_W15_II_M1_A07_S3	adaptive	W15_II_M1_A07_S3	A07		S3	M1	II	W15	DR	151	2	99999	11.509955	0.274	0.023805479691275947	2.38	7.52	0.59	iteration	2      99999  1.1509955E+01  2.74E-01    2.38    7.52*   0.59
P_W15_II_M1_A07_S3	adaptive	W15_II_M1_A07_S3	A07		S3	M1	II	W15	DR	152	3	100004	11.347738	0.107	0.009429191967597419	0.94	2.99	2.41	iteration	3     100004  1.1347738E+01  1.07E-01    0.94    2.99*   2.41
P_W15_II_M1_A07_S3	adaptive	W15_II_M1_A07_S3	A07		S3	M1	II	W15	DR	153	4	99996	11.478344	0.0738	0.006429498889386832	0.64	2.03	4.24	iteration	4      99996  1.1478344E+01  7.38E-02    0.64    2.03*   4.24
P_W15_II_M1_A07_S3	adaptive	W15_II_M1_A07_S3	A07		S3	M1	II	W15	DR	154	5	100000	11.372513	0.0626	0.005504500192701473	0.55	1.74	6.11	iteration	5     100000  1.1372513E+01  6.26E-02    0.55    1.74*   6.11
P_W15_II_M1_A07_S3	adaptive	W15_II_M1_A07_S3	A07		S3	M1	II	W15	DR	155	6	100003	11.31824	0.0569	0.005027283393884562	0.5	1.59	5.48	iteration	6     100003  1.1318240E+01  5.69E-02    0.50    1.59*   5.48
P_W15_II_M1_A07_S3	adaptive	W15_II_M1_A07_S3	A07		S3	M1	II	W15	DR	156	7	100002	11.45729	0.0674	0.005882717466346754	0.59	1.86	2.14	iteration	7     100002  1.1457290E+01  6.74E-02    0.59    1.86    2.14
P_W15_II_M1_A07_S3	adaptive	W15_II_M1_A07_S3	A07		S3	M1	II	W15	DR	157	8	100001	11.416517	0.0603	0.0052818210667929626	0.53	1.67	4.89	iteration	8     100001  1.1416517E+01  6.03E-02    0.53    1.67*   4.89
P_W15_II_M1_A07_S3	adaptive	W15_II_M1_A07_S3	A07		S3	M1	II	W15	DR	158	9	99997	11.351756	0.0547	0.004818637750846653	0.48	1.52	6.37	iteration	9      99997  1.1351756E+01  5.47E-02    0.48    1.52*   6.37
P_W15_II_M1_A07_S3	adaptive	W15_II_M1_A07_S3	A07		S3	M1	II	W15	DR	159	10	100006	11.964365	0.644	0.053826508970597264	5.38	17.02	0.19	iteration	10     100006  1.1964365E+01  6.44E-01    5.38   17.02    0.19
P_W15_II_M1_A07_S3	adaptive	W15_II_M1_A07_S3	A07		S3	M1	II	W15	DR	161	10	1000001	11.388674	0.0244	0.002142479449319561	0.21	2.14	0.19	aggregate	10    1000001  1.1388674E+01  2.44E-02    0.21    2.14    0.19    0.71  10
C_W15_II_M1_A07_S3_F0	fixed	W15_II_M1_A07_S3_F0	A07	F0	S3	M1	II	W15	DR	146	1	99993	10.399964	1.48	0.14230818491294778	14.25	45.08	3.27	iteration	1      99993  1.0399964E+01  1.48E+00   14.25   45.08*   3.27
C_W15_II_M1_A07_S3_F0	fixed	W15_II_M1_A07_S3_F0	A07	F0	S3	M1	II	W15	DR	147	2	99999	11.509955	0.274	0.023805479691275947	2.38	7.52	0.59	iteration	2      99999  1.1509955E+01  2.74E-01    2.38    7.52*   0.59
C_W15_II_M1_A07_S3_F0	fixed	W15_II_M1_A07_S3_F0	A07	F0	S3	M1	II	W15	DR	148	3	100004	11.347738	0.107	0.009429191967597419	0.94	2.99	2.41	iteration	3     100004  1.1347738E+01  1.07E-01    0.94    2.99*   2.41
C_W15_II_M1_A07_S3_F0	fixed	W15_II_M1_A07_S3_F0	A07	F0	S3	M1	II	W15	DR	149	4	99996	11.478344	0.0738	0.006429498889386832	0.64	2.03	4.24	iteration	4      99996  1.1478344E+01  7.38E-02    0.64    2.03*   4.24
C_W15_II_M1_A07_S3_F0	fixed	W15_II_M1_A07_S3_F0	A07	F0	S3	M1	II	W15	DR	150	5	100000	11.372513	0.0626	0.005504500192701473	0.55	1.74	6.11	iteration	5     100000  1.1372513E+01  6.26E-02    0.55    1.74*   6.11
C_W15_II_M1_A07_S3_F0	fixed	W15_II_M1_A07_S3_F0	A07	F0	S3	M1	II	W15	DR	151	6	100003	11.31824	0.0569	0.005027283393884562	0.5	1.59	5.48	iteration	6     100003  1.1318240E+01  5.69E-02    0.50    1.59*   5.48
C_W15_II_M1_A07_S3_F0	fixed	W15_II_M1_A07_S3_F0	A07	F0	S3	M1	II	W15	DR	152	7	100002	11.45729	0.0674	0.005882717466346754	0.59	1.86	2.14	iteration	7     100002  1.1457290E+01  6.74E-02    0.59    1.86    2.14
C_W15_II_M1_A07_S3_F0	fixed	W15_II_M1_A07_S3_F0	A07	F0	S3	M1	II	W15	DR	153	8	100001	11.416517	0.0603	0.0052818210667929626	0.53	1.67	4.89	iteration	8     100001  1.1416517E+01  6.03E-02    0.53    1.67*   4.89
C_W15_II_M1_A07_S3_F0	fixed	W15_II_M1_A07_S3_F0	A07	F0	S3	M1	II	W15	DR	154	9	99997	11.351756	0.0547	0.004818637750846653	0.48	1.52	6.37	iteration	9      99997  1.1351756E+01  5.47E-02    0.48    1.52*   6.37
C_W15_II_M1_A07_S3_F0	fixed	W15_II_M1_A07_S3_F0	A07	F0	S3	M1	II	W15	DR	155	10	100006	11.964365	0.644	0.053826508970597264	5.38	17.02	0.19	iteration	10     100006  1.1964365E+01  6.44E-01    5.38   17.02    0.19
C_W15_II_M1_A07_S3_F0	fixed	W15_II_M1_A07_S3_F0	A07	F0	S3	M1	II	W15	DR	157	10	1000001	11.388674	0.0244	0.002142479449319561	0.21	2.14	0.19	aggregate	10    1000001  1.1388674E+01  2.44E-02    0.21    2.14    0.19    0.71  10
C_W15_II_M1_A07_S3_F0	fixed	W15_II_M1_A07_S3_F0	A07	F0	S3	M1	II	W15	DR	160	11	199999	11.477715	0.0637	0.005549885147000079	0.56	2.48	2.83	iteration	11     199999  1.1477715E+01  6.37E-02    0.56    2.48*   2.83
C_W15_II_M1_A07_S3_F0	fixed	W15_II_M1_A07_S3_F0	A07	F0	S3	M1	II	W15	DR	161	12	199999	11.371557	0.0546	0.004801453310219524	0.48	2.15	2.16	iteration	12     199999  1.1371557E+01  5.46E-02    0.48    2.15*   2.16
C_W15_II_M1_A07_S3_F0	fixed	W15_II_M1_A07_S3_F0	A07	F0	S3	M1	II	W15	DR	162	13	199999	11.378113	0.0543	0.004772320331148056	0.48	2.13	3.76	iteration	13     199999  1.1378113E+01  5.43E-02    0.48    2.13*   3.76
C_W15_II_M1_A07_S3_F0	fixed	W15_II_M1_A07_S3_F0	A07	F0	S3	M1	II	W15	DR	164	13	599997	11.402366	0.033	0.002894136181911719	0.29	2.24	3.76	aggregate	13     599997  1.1402366E+01  3.30E-02    0.29    2.24    3.76    0.96   3
P_W15_II_M1_A07_S4	adaptive	W15_II_M1_A07_S4	A07		S4	M1	II	W15	DR	150	1	100006	11.700033	1.48	0.12649536971391448	12.65	40.01	3.69	iteration	1     100006  1.1700033E+01  1.48E+00   12.65   40.01*   3.69
P_W15_II_M1_A07_S4	adaptive	W15_II_M1_A07_S4	A07		S4	M1	II	W15	DR	151	2	99993	11.832648	0.28	0.023663342305120544	2.37	7.48	1.24	iteration	2      99993  1.1832648E+01  2.80E-01    2.37    7.48*   1.24
P_W15_II_M1_A07_S4	adaptive	W15_II_M1_A07_S4	A07		S4	M1	II	W15	DR	152	3	100003	11.30639	0.0972	0.008596908473880699	0.86	2.72	3.78	iteration	3     100003  1.1306390E+01  9.72E-02    0.86    2.72*   3.78
P_W15_II_M1_A07_S4	adaptive	W15_II_M1_A07_S4	A07		S4	M1	II	W15	DR	153	4	99996	11.359057	0.0846	0.007447801344777123	0.74	2.36	4.35	iteration	4      99996  1.1359057E+01  8.46E-02    0.74    2.36*   4.35
P_W15_II_M1_A07_S4	adaptive	W15_II_M1_A07_S4	A07		S4	M1	II	W15	DR	154	5	99997	11.365852	0.0647	0.005692490101050057	0.57	1.8	5.69	iteration	5      99997  1.1365852E+01  6.47E-02    0.57    1.80*   5.69
P_W15_II_M1_A07_S4	adaptive	W15_II_M1_A07_S4	A07		S4	M1	II	W15	DR	155	6	99994	11.422605	0.0588	0.005147687414560864	0.51	1.63	6.75	iteration	6      99994  1.1422605E+01  5.88E-02    0.51    1.63*   6.75
P_W15_II_M1_A07_S4	adaptive	W15_II_M1_A07_S4	A07		S4	M1	II	W15	DR	156	7	100003	13.611113	2.23	0.16383671195735428	16.39	51.83	0.13	iteration	7     100003  1.3611113E+01  2.23E+00   16.39   51.83    0.13
P_W15_II_M1_A07_S4	adaptive	W15_II_M1_A07_S4	A07		S4	M1	II	W15	DR	157	8	100003	11.406311	0.078	0.006838319593425078	0.68	2.16	5.28	iteration	8     100003  1.1406311E+01  7.80E-02    0.68    2.16*   5.28
P_W15_II_M1_A07_S4	adaptive	W15_II_M1_A07_S4	A07		S4	M1	II	W15	DR	158	9	100001	27.951186	16.6	0.5938925096058536	59.26	187.38	0.15	iteration	9     100001  2.7951186E+01  1.66E+01   59.26  187.38    0.15
P_W15_II_M1_A07_S4	adaptive	W15_II_M1_A07_S4	A07		S4	M1	II	W15	DR	159	10	100000	11.167862	0.0795	0.007118640971745532	0.71	2.25	8.38	iteration	10     100000  1.1167862E+01  7.95E-02    0.71    2.25*   8.38
P_W15_II_M1_A07_S4	adaptive	W15_II_M1_A07_S4	A07		S4	M1	II	W15	DR	161	10	999996	11.35782	0.03	0.0026413519495818738	0.26	2.64	8.38	aggregate	10     999996  1.1357820E+01  3.00E-02    0.26    2.64    8.38    1.40  10
C_W15_II_M1_A07_S4_F0	fixed	W15_II_M1_A07_S4_F0	A07	F0	S4	M1	II	W15	DR	146	1	100006	11.700033	1.48	0.12649536971391448	12.65	40.01	3.69	iteration	1     100006  1.1700033E+01  1.48E+00   12.65   40.01*   3.69
C_W15_II_M1_A07_S4_F0	fixed	W15_II_M1_A07_S4_F0	A07	F0	S4	M1	II	W15	DR	147	2	99993	11.832648	0.28	0.023663342305120544	2.37	7.48	1.24	iteration	2      99993  1.1832648E+01  2.80E-01    2.37    7.48*   1.24
C_W15_II_M1_A07_S4_F0	fixed	W15_II_M1_A07_S4_F0	A07	F0	S4	M1	II	W15	DR	148	3	100003	11.30639	0.0972	0.008596908473880699	0.86	2.72	3.78	iteration	3     100003  1.1306390E+01  9.72E-02    0.86    2.72*   3.78
C_W15_II_M1_A07_S4_F0	fixed	W15_II_M1_A07_S4_F0	A07	F0	S4	M1	II	W15	DR	149	4	99996	11.359057	0.0846	0.007447801344777123	0.74	2.36	4.35	iteration	4      99996  1.1359057E+01  8.46E-02    0.74    2.36*   4.35
C_W15_II_M1_A07_S4_F0	fixed	W15_II_M1_A07_S4_F0	A07	F0	S4	M1	II	W15	DR	150	5	99997	11.365852	0.0647	0.005692490101050057	0.57	1.8	5.69	iteration	5      99997  1.1365852E+01  6.47E-02    0.57    1.80*   5.69
C_W15_II_M1_A07_S4_F0	fixed	W15_II_M1_A07_S4_F0	A07	F0	S4	M1	II	W15	DR	151	6	99994	11.422605	0.0588	0.005147687414560864	0.51	1.63	6.75	iteration	6      99994  1.1422605E+01  5.88E-02    0.51    1.63*   6.75
C_W15_II_M1_A07_S4_F0	fixed	W15_II_M1_A07_S4_F0	A07	F0	S4	M1	II	W15	DR	152	7	100003	13.611113	2.23	0.16383671195735428	16.39	51.83	0.13	iteration	7     100003  1.3611113E+01  2.23E+00   16.39   51.83    0.13
C_W15_II_M1_A07_S4_F0	fixed	W15_II_M1_A07_S4_F0	A07	F0	S4	M1	II	W15	DR	153	8	100003	11.406311	0.078	0.006838319593425078	0.68	2.16	5.28	iteration	8     100003  1.1406311E+01  7.80E-02    0.68    2.16*   5.28
C_W15_II_M1_A07_S4_F0	fixed	W15_II_M1_A07_S4_F0	A07	F0	S4	M1	II	W15	DR	154	9	100001	27.951186	16.6	0.5938925096058536	59.26	187.38	0.15	iteration	9     100001  2.7951186E+01  1.66E+01   59.26  187.38    0.15
C_W15_II_M1_A07_S4_F0	fixed	W15_II_M1_A07_S4_F0	A07	F0	S4	M1	II	W15	DR	155	10	100000	11.167862	0.0795	0.007118640971745532	0.71	2.25	8.38	iteration	10     100000  1.1167862E+01  7.95E-02    0.71    2.25*   8.38
C_W15_II_M1_A07_S4_F0	fixed	W15_II_M1_A07_S4_F0	A07	F0	S4	M1	II	W15	DR	157	10	999996	11.35782	0.03	0.0026413519495818738	0.26	2.64	8.38	aggregate	10     999996  1.1357820E+01  3.00E-02    0.26    2.64    8.38    1.40  10
C_W15_II_M1_A07_S4_F0	fixed	W15_II_M1_A07_S4_F0	A07	F0	S4	M1	II	W15	DR	160	11	200000	11.297859	0.0368	0.003257254316946246	0.33	1.46	6.5	iteration	11     200000  1.1297859E+01  3.68E-02    0.33    1.46*   6.50
C_W15_II_M1_A07_S4_F0	fixed	W15_II_M1_A07_S4_F0	A07	F0	S4	M1	II	W15	DR	161	12	200000	11.377576	0.0371	0.0032608000157502794	0.33	1.46	7.3	iteration	12     200000  1.1377576E+01  3.71E-02    0.33    1.46*   7.30
C_W15_II_M1_A07_S4_F0	fixed	W15_II_M1_A07_S4_F0	A07	F0	S4	M1	II	W15	DR	162	13	200000	11.347306	0.0373	0.0032871238336218307	0.33	1.47	5.37	iteration	13     200000  1.1347306E+01  3.73E-02    0.33    1.47    5.37
C_W15_II_M1_A07_S4_F0	fixed	W15_II_M1_A07_S4_F0	A07	F0	S4	M1	II	W15	DR	164	13	600000	11.340685	0.0214	0.0018870112343302011	0.19	1.46	5.37	aggregate	13     600000  1.1340685E+01  2.14E-02    0.19    1.46    5.37    1.19   3
P_W15_II_M1_A07_S5	adaptive	W15_II_M1_A07_S5	A07		S5	M1	II	W15	DR	150	1	100010	12.368493	1.67	0.1350204911786747	13.54	42.81	3.35	iteration	1     100010  1.2368493E+01  1.67E+00   13.54   42.81*   3.35
P_W15_II_M1_A07_S5	adaptive	W15_II_M1_A07_S5	A07		S5	M1	II	W15	DR	151	2	100004	11.177062	0.206	0.018430603677424353	1.84	5.83	1.01	iteration	2     100004  1.1177062E+01  2.06E-01    1.84    5.83*   1.01
P_W15_II_M1_A07_S5	adaptive	W15_II_M1_A07_S5	A07		S5	M1	II	W15	DR	152	3	99999	11.515185	0.101	0.00877102712635533	0.88	2.77	3.25	iteration	3      99999  1.1515185E+01  1.01E-01    0.88    2.77*   3.25
P_W15_II_M1_A07_S5	adaptive	W15_II_M1_A07_S5	A07		S5	M1	II	W15	DR	153	4	100003	11.420405	0.074	0.006479630100683819	0.65	2.05	5.41	iteration	4     100003  1.1420405E+01  7.40E-02    0.65    2.05*   5.41
P_W15_II_M1_A07_S5	adaptive	W15_II_M1_A07_S5	A07		S5	M1	II	W15	DR	154	5	100002	11.451511	0.0668	0.005833291344696782	0.58	1.84	4.32	iteration	5     100002  1.1451511E+01  6.68E-02    0.58    1.84*   4.32
P_W15_II_M1_A07_S5	adaptive	W15_II_M1_A07_S5	A07		S5	M1	II	W15	DR	155	6	100001	11.340726	0.0597	0.005264213243490761	0.53	1.66	7.1	iteration	6     100001  1.1340726E+01  5.97E-02    0.53    1.66*   7.10
P_W15_II_M1_A07_S5	adaptive	W15_II_M1_A07_S5	A07		S5	M1	II	W15	DR	156	7	100000	11.333388	0.0568	0.0050117405316044954	0.5	1.59	6.79	iteration	7     100000  1.1333388E+01  5.68E-02    0.50    1.59*   6.79
P_W15_II_M1_A07_S5	adaptive	W15_II_M1_A07_S5	A07		S5	M1	II	W15	DR	157	8	99998	11.424145	0.0556	0.004866885005398653	0.49	1.54	6.7	iteration	8      99998  1.1424145E+01  5.56E-02    0.49    1.54*   6.70
P_W15_II_M1_A07_S5	adaptive	W15_II_M1_A07_S5	A07		S5	M1	II	W15	DR	158	9	100004	11.430524	0.0542	0.004741689882283612	0.47	1.5	7.31	iteration	9     100004  1.1430524E+01  5.42E-02    0.47    1.50*   7.31
P_W15_II_M1_A07_S5	adaptive	W15_II_M1_A07_S5	A07		S5	M1	II	W15	DR	159	10	100000	11.331565	0.0529	0.004668375462700872	0.47	1.48	7.89	iteration	10     100000  1.1331565E+01  5.29E-02    0.47    1.48*   7.89
P_W15_II_M1_A07_S5	adaptive	W15_II_M1_A07_S5	A07		S5	M1	II	W15	DR	161	10	1000021	11.389807	0.0216	0.0018964324856426454	0.19	1.9	7.89	aggregate	10    1000021  1.1389807E+01  2.16E-02    0.19    1.90    7.89    0.87  10
C_W15_II_M1_A07_S5_F0	fixed	W15_II_M1_A07_S5_F0	A07	F0	S5	M1	II	W15	DR	146	1	100010	12.368493	1.67	0.1350204911786747	13.54	42.81	3.35	iteration	1     100010  1.2368493E+01  1.67E+00   13.54   42.81*   3.35
C_W15_II_M1_A07_S5_F0	fixed	W15_II_M1_A07_S5_F0	A07	F0	S5	M1	II	W15	DR	147	2	100004	11.177062	0.206	0.018430603677424353	1.84	5.83	1.01	iteration	2     100004  1.1177062E+01  2.06E-01    1.84    5.83*   1.01
C_W15_II_M1_A07_S5_F0	fixed	W15_II_M1_A07_S5_F0	A07	F0	S5	M1	II	W15	DR	148	3	99999	11.515185	0.101	0.00877102712635533	0.88	2.77	3.25	iteration	3      99999  1.1515185E+01  1.01E-01    0.88    2.77*   3.25
C_W15_II_M1_A07_S5_F0	fixed	W15_II_M1_A07_S5_F0	A07	F0	S5	M1	II	W15	DR	149	4	100003	11.420405	0.074	0.006479630100683819	0.65	2.05	5.41	iteration	4     100003  1.1420405E+01  7.40E-02    0.65    2.05*   5.41
C_W15_II_M1_A07_S5_F0	fixed	W15_II_M1_A07_S5_F0	A07	F0	S5	M1	II	W15	DR	150	5	100002	11.451511	0.0668	0.005833291344696782	0.58	1.84	4.32	iteration	5     100002  1.1451511E+01  6.68E-02    0.58    1.84*   4.32
C_W15_II_M1_A07_S5_F0	fixed	W15_II_M1_A07_S5_F0	A07	F0	S5	M1	II	W15	DR	151	6	100001	11.340726	0.0597	0.005264213243490761	0.53	1.66	7.1	iteration	6     100001  1.1340726E+01  5.97E-02    0.53    1.66*   7.10
C_W15_II_M1_A07_S5_F0	fixed	W15_II_M1_A07_S5_F0	A07	F0	S5	M1	II	W15	DR	152	7	100000	11.333388	0.0568	0.0050117405316044954	0.5	1.59	6.79	iteration	7     100000  1.1333388E+01  5.68E-02    0.50    1.59*   6.79
C_W15_II_M1_A07_S5_F0	fixed	W15_II_M1_A07_S5_F0	A07	F0	S5	M1	II	W15	DR	153	8	99998	11.424145	0.0556	0.004866885005398653	0.49	1.54	6.7	iteration	8      99998  1.1424145E+01  5.56E-02    0.49    1.54*   6.70
C_W15_II_M1_A07_S5_F0	fixed	W15_II_M1_A07_S5_F0	A07	F0	S5	M1	II	W15	DR	154	9	100004	11.430524	0.0542	0.004741689882283612	0.47	1.5	7.31	iteration	9     100004  1.1430524E+01  5.42E-02    0.47    1.50*   7.31
C_W15_II_M1_A07_S5_F0	fixed	W15_II_M1_A07_S5_F0	A07	F0	S5	M1	II	W15	DR	155	10	100000	11.331565	0.0529	0.004668375462700872	0.47	1.48	7.89	iteration	10     100000  1.1331565E+01  5.29E-02    0.47    1.48*   7.89
C_W15_II_M1_A07_S5_F0	fixed	W15_II_M1_A07_S5_F0	A07	F0	S5	M1	II	W15	DR	157	10	1000021	11.389807	0.0216	0.0018964324856426454	0.19	1.9	7.89	aggregate	10    1000021  1.1389807E+01  2.16E-02    0.19    1.90    7.89    0.87  10
C_W15_II_M1_A07_S5_F0	fixed	W15_II_M1_A07_S5_F0	A07	F0	S5	M1	II	W15	DR	160	11	199997	11.377152	0.0377	0.003313658813734755	0.33	1.48	6.17	iteration	11     199997  1.1377152E+01  3.77E-02    0.33    1.48    6.17
C_W15_II_M1_A07_S5_F0	fixed	W15_II_M1_A07_S5_F0	A07	F0	S5	M1	II	W15	DR	161	12	199997	11.389887	0.0379	0.003327513258033201	0.33	1.49	5.44	iteration	12     199997  1.1389887E+01  3.79E-02    0.33    1.49    5.44
C_W15_II_M1_A07_S5_F0	fixed	W15_II_M1_A07_S5_F0	A07	F0	S5	M1	II	W15	DR	162	13	199997	11.368346	0.0372	0.0032722438250911783	0.33	1.46	7.02	iteration	13     199997  1.1368346E+01  3.72E-02    0.33    1.46*   7.02
C_W15_II_M1_A07_S5_F0	fixed	W15_II_M1_A07_S5_F0	A07	F0	S5	M1	II	W15	DR	164	13	599991	11.378339	0.0217	0.0019071324909549626	0.19	1.48	7.02	aggregate	13     599991  1.1378339E+01  2.17E-02    0.19    1.48    7.02    0.08   3
P_W15_II_M1_A07_S6	adaptive	W15_II_M1_A07_S6	A07		S6	M1	II	W15	DR	150	1	99999	11.430696	1.38	0.12072755674720069	12.07	38.16	3.68	iteration	1      99999  1.1430696E+01  1.38E+00   12.07   38.16*   3.68
P_W15_II_M1_A07_S6	adaptive	W15_II_M1_A07_S6	A07		S6	M1	II	W15	DR	151	2	100003	11.416555	0.209	0.018306748401772686	1.83	5.79	1.2	iteration	2     100003  1.1416555E+01  2.09E-01    1.83    5.79*   1.20
P_W15_II_M1_A07_S6	adaptive	W15_II_M1_A07_S6	A07		S6	M1	II	W15	DR	152	3	100002	11.454247	0.101	0.008817690067273736	0.88	2.79	2.12	iteration	3     100002  1.1454247E+01  1.01E-01    0.88    2.79*   2.12
P_W15_II_M1_A07_S6	adaptive	W15_II_M1_A07_S6	A07		S6	M1	II	W15	DR	153	4	99999	11.366426	0.0743	0.006536795295196573	0.65	2.07	5.44	iteration	4      99999  1.1366426E+01  7.43E-02    0.65    2.07*   5.44
P_W15_II_M1_A07_S6	adaptive	W15_II_M1_A07_S6	A07		S6	M1	II	W15	DR	154	5	100001	11.399469	0.0657	0.005763426349069417	0.58	1.82	5.17	iteration	5     100001  1.1399469E+01  6.57E-02    0.58    1.82*   5.17
P_W15_II_M1_A07_S6	adaptive	W15_II_M1_A07_S6	A07		S6	M1	II	W15	DR	155	6	99998	11.310862	0.059	0.005216224899569988	0.52	1.65	6.83	iteration	6      99998  1.1310862E+01  5.90E-02    0.52    1.65*   6.83
P_W15_II_M1_A07_S6	adaptive	W15_II_M1_A07_S6	A07		S6	M1	II	W15	DR	156	7	100001	11.441708	0.0699	0.006109227748164872	0.61	1.93	5.51	iteration	7     100001  1.1441708E+01  6.99E-02    0.61    1.93    5.51
P_W15_II_M1_A07_S6	adaptive	W15_II_M1_A07_S6	A07		S6	M1	II	W15	DR	157	8	99996	11.360043	0.0571	0.00502638942475834	0.5	1.59	5.73	iteration	8      99996  1.1360043E+01  5.71E-02    0.50    1.59*   5.73
P_W15_II_M1_A07_S6	adaptive	W15_II_M1_A07_S6	A07		S6	M1	II	W15	DR	158	9	100003	11.394672	0.055	0.004826817305491549	0.48	1.53	7.08	iteration	9     100003  1.1394672E+01  5.50E-02    0.48    1.53*   7.08
P_W15_II_M1_A07_S6	adaptive	W15_II_M1_A07_S6	A07		S6	M1	II	W15	DR	159	10	99997	11.397961	0.0593	0.005202684936367127	0.52	1.65	4.63	iteration	10      99997  1.1397961E+01  5.93E-02    0.52    1.65    4.63
P_W15_II_M1_A07_S6	adaptive	W15_II_M1_A07_S6	A07		S6	M1	II	W15	DR	161	10	999999	11.383477	0.0227	0.0019941183172768745	0.2	1.99	4.63	aggregate	10     999999  1.1383477E+01  2.27E-02    0.20    1.99    4.63    0.35  10
C_W15_II_M1_A07_S6_F0	fixed	W15_II_M1_A07_S6_F0	A07	F0	S6	M1	II	W15	DR	146	1	99999	11.430696	1.38	0.12072755674720069	12.07	38.16	3.68	iteration	1      99999  1.1430696E+01  1.38E+00   12.07   38.16*   3.68
C_W15_II_M1_A07_S6_F0	fixed	W15_II_M1_A07_S6_F0	A07	F0	S6	M1	II	W15	DR	147	2	100003	11.416555	0.209	0.018306748401772686	1.83	5.79	1.2	iteration	2     100003  1.1416555E+01  2.09E-01    1.83    5.79*   1.20
C_W15_II_M1_A07_S6_F0	fixed	W15_II_M1_A07_S6_F0	A07	F0	S6	M1	II	W15	DR	148	3	100002	11.454247	0.101	0.008817690067273736	0.88	2.79	2.12	iteration	3     100002  1.1454247E+01  1.01E-01    0.88    2.79*   2.12
C_W15_II_M1_A07_S6_F0	fixed	W15_II_M1_A07_S6_F0	A07	F0	S6	M1	II	W15	DR	149	4	99999	11.366426	0.0743	0.006536795295196573	0.65	2.07	5.44	iteration	4      99999  1.1366426E+01  7.43E-02    0.65    2.07*   5.44
C_W15_II_M1_A07_S6_F0	fixed	W15_II_M1_A07_S6_F0	A07	F0	S6	M1	II	W15	DR	150	5	100001	11.399469	0.0657	0.005763426349069417	0.58	1.82	5.17	iteration	5     100001  1.1399469E+01  6.57E-02    0.58    1.82*   5.17
C_W15_II_M1_A07_S6_F0	fixed	W15_II_M1_A07_S6_F0	A07	F0	S6	M1	II	W15	DR	151	6	99998	11.310862	0.059	0.005216224899569988	0.52	1.65	6.83	iteration	6      99998  1.1310862E+01  5.90E-02    0.52    1.65*   6.83
C_W15_II_M1_A07_S6_F0	fixed	W15_II_M1_A07_S6_F0	A07	F0	S6	M1	II	W15	DR	152	7	100001	11.441708	0.0699	0.006109227748164872	0.61	1.93	5.51	iteration	7     100001  1.1441708E+01  6.99E-02    0.61    1.93    5.51
C_W15_II_M1_A07_S6_F0	fixed	W15_II_M1_A07_S6_F0	A07	F0	S6	M1	II	W15	DR	153	8	99996	11.360043	0.0571	0.00502638942475834	0.5	1.59	5.73	iteration	8      99996  1.1360043E+01  5.71E-02    0.50    1.59*   5.73
C_W15_II_M1_A07_S6_F0	fixed	W15_II_M1_A07_S6_F0	A07	F0	S6	M1	II	W15	DR	154	9	100003	11.394672	0.055	0.004826817305491549	0.48	1.53	7.08	iteration	9     100003  1.1394672E+01  5.50E-02    0.48    1.53*   7.08
C_W15_II_M1_A07_S6_F0	fixed	W15_II_M1_A07_S6_F0	A07	F0	S6	M1	II	W15	DR	155	10	99997	11.397961	0.0593	0.005202684936367127	0.52	1.65	4.63	iteration	10      99997  1.1397961E+01  5.93E-02    0.52    1.65    4.63
C_W15_II_M1_A07_S6_F0	fixed	W15_II_M1_A07_S6_F0	A07	F0	S6	M1	II	W15	DR	157	10	999999	11.383477	0.0227	0.0019941183172768745	0.2	1.99	4.63	aggregate	10     999999  1.1383477E+01  2.27E-02    0.20    1.99    4.63    0.35  10
C_W15_II_M1_A07_S6_F0	fixed	W15_II_M1_A07_S6_F0	A07	F0	S6	M1	II	W15	DR	160	11	199998	11.416327	0.043	0.003766535418966187	0.38	1.69	5.66	iteration	11     199998  1.1416327E+01  4.30E-02    0.38    1.69    5.66
C_W15_II_M1_A07_S6_F0	fixed	W15_II_M1_A07_S6_F0	A07	F0	S6	M1	II	W15	DR	161	12	199998	11.566689	0.117	0.010115254244321777	1.01	4.53	1.35	iteration	12     199998  1.1566689E+01  1.17E-01    1.01    4.53    1.35
C_W15_II_M1_A07_S6_F0	fixed	W15_II_M1_A07_S6_F0	A07	F0	S6	M1	II	W15	DR	162	13	199998	11.419921	0.0725	0.006348555300864165	0.63	2.84	2.53	iteration	13     199998  1.1419921E+01  7.25E-02    0.63    2.84*   2.53
C_W15_II_M1_A07_S6_F0	fixed	W15_II_M1_A07_S6_F0	A07	F0	S6	M1	II	W15	DR	164	13	599994	11.430838	0.0353	0.0030881375451213638	0.31	2.39	2.53	aggregate	13     599994  1.1430838E+01  3.53E-02    0.31    2.39    2.53    0.74   3
P_W15_II_M1_A07_S7	adaptive	W15_II_M1_A07_S7	A07		S7	M1	II	W15	DR	150	1	99985	13.010143	1.57	0.12067507636157421	12.08	38.18	3.13	iteration	1      99985  1.3010143E+01  1.57E+00   12.08   38.18*   3.13
P_W15_II_M1_A07_S7	adaptive	W15_II_M1_A07_S7	A07		S7	M1	II	W15	DR	151	2	99991	11.242881	0.202	0.017966925025711827	1.8	5.69	1.1	iteration	2      99991  1.1242881E+01  2.02E-01    1.80    5.69*   1.10
P_W15_II_M1_A07_S7	adaptive	W15_II_M1_A07_S7	A07		S7	M1	II	W15	DR	152	3	100009	11.50729	0.197	0.017119582455990944	1.72	5.42	0.39	iteration	3     100009  1.1507290E+01  1.97E-01    1.72    5.42*   0.39
P_W15_II_M1_A07_S7	adaptive	W15_II_M1_A07_S7	A07		S7	M1	II	W15	DR	153	4	99999	11.564523	0.129	0.011154805087940074	1.11	3.52	0.73	iteration	4      99999  1.1564523E+01  1.29E-01    1.11    3.52*   0.73
P_W15_II_M1_A07_S7	adaptive	W15_II_M1_A07_S7	A07		S7	M1	II	W15	DR	154	5	100000	11.426148	0.0849	0.0074303256005435955	0.74	2.35	2.72	iteration	5     100000  1.1426148E+01  8.49E-02    0.74    2.35*   2.72
P_W15_II_M1_A07_S7	adaptive	W15_II_M1_A07_S7	A07		S7	M1	II	W15	DR	155	6	99999	11.352054	0.0615	0.00541752179825783	0.54	1.71	5.74	iteration	6      99999  1.1352054E+01  6.15E-02    0.54    1.71*   5.74
P_W15_II_M1_A07_S7	adaptive	W15_II_M1_A07_S7	A07		S7	M1	II	W15	DR	156	7	100000	11.3081	0.0559	0.004943359185008976	0.49	1.56	7.77	iteration	7     100000  1.1308100E+01  5.59E-02    0.49    1.56*   7.77
P_W15_II_M1_A07_S7	adaptive	W15_II_M1_A07_S7	A07		S7	M1	II	W15	DR	157	8	100000	11.351468	0.0534	0.004704237372646428	0.47	1.49	7.0	iteration	8     100000  1.1351468E+01  5.34E-02    0.47    1.49*   7.00
P_W15_II_M1_A07_S7	adaptive	W15_II_M1_A07_S7	A07		S7	M1	II	W15	DR	158	9	99998	11.371586	0.0525	0.004616770255266064	0.46	1.46	7.34	iteration	9      99998  1.1371586E+01  5.25E-02    0.46    1.46*   7.34
P_W15_II_M1_A07_S7	adaptive	W15_II_M1_A07_S7	A07		S7	M1	II	W15	DR	159	10	99999	11.462758	0.0629	0.005487335595848748	0.55	1.73	2.64	iteration	10      99999  1.1462758E+01  6.29E-02    0.55    1.73    2.64
P_W15_II_M1_A07_S7	adaptive	W15_II_M1_A07_S7	A07		S7	M1	II	W15	DR	161	10	999980	11.377578	0.0236	0.0020742551710038813	0.21	2.07	2.64	aggregate	10     999980  1.1377578E+01  2.36E-02    0.21    2.07    2.64    0.91  10
C_W15_II_M1_A07_S7_F0	fixed	W15_II_M1_A07_S7_F0	A07	F0	S7	M1	II	W15	DR	146	1	99985	13.010143	1.57	0.12067507636157421	12.08	38.18	3.13	iteration	1      99985  1.3010143E+01  1.57E+00   12.08   38.18*   3.13
C_W15_II_M1_A07_S7_F0	fixed	W15_II_M1_A07_S7_F0	A07	F0	S7	M1	II	W15	DR	147	2	99991	11.242881	0.202	0.017966925025711827	1.8	5.69	1.1	iteration	2      99991  1.1242881E+01  2.02E-01    1.80    5.69*   1.10
C_W15_II_M1_A07_S7_F0	fixed	W15_II_M1_A07_S7_F0	A07	F0	S7	M1	II	W15	DR	148	3	100009	11.50729	0.197	0.017119582455990944	1.72	5.42	0.39	iteration	3     100009  1.1507290E+01  1.97E-01    1.72    5.42*   0.39
C_W15_II_M1_A07_S7_F0	fixed	W15_II_M1_A07_S7_F0	A07	F0	S7	M1	II	W15	DR	149	4	99999	11.564523	0.129	0.011154805087940074	1.11	3.52	0.73	iteration	4      99999  1.1564523E+01  1.29E-01    1.11    3.52*   0.73
C_W15_II_M1_A07_S7_F0	fixed	W15_II_M1_A07_S7_F0	A07	F0	S7	M1	II	W15	DR	150	5	100000	11.426148	0.0849	0.0074303256005435955	0.74	2.35	2.72	iteration	5     100000  1.1426148E+01  8.49E-02    0.74    2.35*   2.72
C_W15_II_M1_A07_S7_F0	fixed	W15_II_M1_A07_S7_F0	A07	F0	S7	M1	II	W15	DR	151	6	99999	11.352054	0.0615	0.00541752179825783	0.54	1.71	5.74	iteration	6      99999  1.1352054E+01  6.15E-02    0.54    1.71*   5.74
C_W15_II_M1_A07_S7_F0	fixed	W15_II_M1_A07_S7_F0	A07	F0	S7	M1	II	W15	DR	152	7	100000	11.3081	0.0559	0.004943359185008976	0.49	1.56	7.77	iteration	7     100000  1.1308100E+01  5.59E-02    0.49    1.56*   7.77
C_W15_II_M1_A07_S7_F0	fixed	W15_II_M1_A07_S7_F0	A07	F0	S7	M1	II	W15	DR	153	8	100000	11.351468	0.0534	0.004704237372646428	0.47	1.49	7.0	iteration	8     100000  1.1351468E+01  5.34E-02    0.47    1.49*   7.00
C_W15_II_M1_A07_S7_F0	fixed	W15_II_M1_A07_S7_F0	A07	F0	S7	M1	II	W15	DR	154	9	99998	11.371586	0.0525	0.004616770255266064	0.46	1.46	7.34	iteration	9      99998  1.1371586E+01  5.25E-02    0.46    1.46*   7.34
C_W15_II_M1_A07_S7_F0	fixed	W15_II_M1_A07_S7_F0	A07	F0	S7	M1	II	W15	DR	155	10	99999	11.462758	0.0629	0.005487335595848748	0.55	1.73	2.64	iteration	10      99999  1.1462758E+01  6.29E-02    0.55    1.73    2.64
C_W15_II_M1_A07_S7_F0	fixed	W15_II_M1_A07_S7_F0	A07	F0	S7	M1	II	W15	DR	157	10	999980	11.377578	0.0236	0.0020742551710038813	0.21	2.07	2.64	aggregate	10     999980  1.1377578E+01  2.36E-02    0.21    2.07    2.64    0.91  10
C_W15_II_M1_A07_S7_F0	fixed	W15_II_M1_A07_S7_F0	A07	F0	S7	M1	II	W15	DR	160	11	200001	11.382679	0.0408	0.003584393445514892	0.36	1.6	4.36	iteration	11     200001  1.1382679E+01  4.08E-02    0.36    1.60*   4.36
C_W15_II_M1_A07_S7_F0	fixed	W15_II_M1_A07_S7_F0	A07	F0	S7	M1	II	W15	DR	161	12	200001	11.377296	0.039	0.0034278795242736063	0.34	1.53	5.29	iteration	12     200001  1.1377296E+01  3.90E-02    0.34    1.53*   5.29
C_W15_II_M1_A07_S7_F0	fixed	W15_II_M1_A07_S7_F0	A07	F0	S7	M1	II	W15	DR	162	13	200001	11.328157	0.0387	0.003416266211705929	0.34	1.53	5.66	iteration	13     200001  1.1328157E+01  3.87E-02    0.34    1.53*   5.66
C_W15_II_M1_A07_S7_F0	fixed	W15_II_M1_A07_S7_F0	A07	F0	S7	M1	II	W15	DR	164	13	600003	11.361939	0.0228	0.0020066997367262753	0.2	1.55	5.66	aggregate	13     600003  1.1361939E+01  2.28E-02    0.20    1.55    5.66    0.59   3
P_W15_II_M2_A10_S0	adaptive	W15_II_M2_A10_S0	A10		S0	M2	II	W15	DR	150	1	999994	12.246066	0.502	0.04099275636763675	4.1	41.0	1.05	iteration	1     999994  1.2246066E+01  5.02E-01    4.10   41.00*   1.05
P_W15_II_M2_A10_S0	adaptive	W15_II_M2_A10_S0	A10		S0	M2	II	W15	DR	152	1	999994	12.246066	0.502	0.04099275636763675	4.1	41.0	1.05	iteration	1     999994  1.2246066E+01  5.02E-01    4.10   41.00    1.05
C_W15_II_M2_A10_S0_F2	fixed	W15_II_M2_A10_S0_F2	A10	F2	S0	M2	II	W15	DR	146	1	999994	12.246066	0.502	0.04099275636763675	4.1	41.0	1.05	iteration	1     999994  1.2246066E+01  5.02E-01    4.10   41.00*   1.05
C_W15_II_M2_A10_S0_F2	fixed	W15_II_M2_A10_S0_F2	A10	F2	S0	M2	II	W15	DR	148	1	999994	12.246066	0.502	0.04099275636763675	4.1	41.0	1.05	iteration	1     999994  1.2246066E+01  5.02E-01    4.10   41.00    1.05
C_W15_II_M2_A10_S0_F2	fixed	W15_II_M2_A10_S0_F2	A10	F2	S0	M2	II	W15	DR	151	2	2000009	11.400149	0.0347	0.0030438198658631565	0.3	4.3	0.68	iteration	2    2000009  1.1400149E+01  3.47E-02    0.30    4.30*   0.68
C_W15_II_M2_A10_S0_F2	fixed	W15_II_M2_A10_S0_F2	A10	F2	S0	M2	II	W15	DR	153	2	2000009	11.400149	0.0347	0.0030438198658631565	0.3	4.3	0.68	iteration	2    2000009  1.1400149E+01  3.47E-02    0.30    4.30    0.68
P_W15_II_M2_A10_S1	adaptive	W15_II_M2_A10_S1	A10		S1	M2	II	W15	DR	150	1	1000022	11.45158	0.46	0.04016912950003406	4.02	40.19	1.12	iteration	1    1000022  1.1451580E+01  4.60E-01    4.02   40.19*   1.12
P_W15_II_M2_A10_S1	adaptive	W15_II_M2_A10_S1	A10		S1	M2	II	W15	DR	152	1	1000022	11.45158	0.46	0.04016912950003406	4.02	40.19	1.12	iteration	1    1000022  1.1451580E+01  4.60E-01    4.02   40.19    1.12
C_W15_II_M2_A10_S1_F2	fixed	W15_II_M2_A10_S1_F2	A10	F2	S1	M2	II	W15	DR	146	1	1000022	11.45158	0.46	0.04016912950003406	4.02	40.19	1.12	iteration	1    1000022  1.1451580E+01  4.60E-01    4.02   40.19*   1.12
C_W15_II_M2_A10_S1_F2	fixed	W15_II_M2_A10_S1_F2	A10	F2	S1	M2	II	W15	DR	148	1	1000022	11.45158	0.46	0.04016912950003406	4.02	40.19	1.12	iteration	1    1000022  1.1451580E+01  4.60E-01    4.02   40.19    1.12
C_W15_II_M2_A10_S1_F2	fixed	W15_II_M2_A10_S1_F2	A10	F2	S1	M2	II	W15	DR	151	2	1999975	11.415524	0.03	0.002628000256492825	0.26	3.72	1.79	iteration	2    1999975  1.1415524E+01  3.00E-02    0.26    3.72*   1.79
C_W15_II_M2_A10_S1_F2	fixed	W15_II_M2_A10_S1_F2	A10	F2	S1	M2	II	W15	DR	153	2	1999975	11.415524	0.03	0.002628000256492825	0.26	3.72	1.79	iteration	2    1999975  1.1415524E+01  3.00E-02    0.26    3.72    1.79
P_W15_II_M2_A10_S2	adaptive	W15_II_M2_A10_S2	A10		S2	M2	II	W15	DR	150	1	999994	12.105407	0.51	0.04212993416908659	4.22	42.16	1.04	iteration	1     999994  1.2105407E+01  5.10E-01    4.22   42.16*   1.04
P_W15_II_M2_A10_S2	adaptive	W15_II_M2_A10_S2	A10		S2	M2	II	W15	DR	152	1	999994	12.105407	0.51	0.04212993416908659	4.22	42.16	1.04	iteration	1     999994  1.2105407E+01  5.10E-01    4.22   42.16    1.04
C_W15_II_M2_A10_S2_F2	fixed	W15_II_M2_A10_S2_F2	A10	F2	S2	M2	II	W15	DR	146	1	999994	12.105407	0.51	0.04212993416908659	4.22	42.16	1.04	iteration	1     999994  1.2105407E+01  5.10E-01    4.22   42.16*   1.04
C_W15_II_M2_A10_S2_F2	fixed	W15_II_M2_A10_S2_F2	A10	F2	S2	M2	II	W15	DR	148	1	999994	12.105407	0.51	0.04212993416908659	4.22	42.16	1.04	iteration	1     999994  1.2105407E+01  5.10E-01    4.22   42.16    1.04
C_W15_II_M2_A10_S2_F2	fixed	W15_II_M2_A10_S2_F2	A10	F2	S2	M2	II	W15	DR	151	2	1999992	11.387932	0.0285	0.00250264929576327	0.25	3.54	1.94	iteration	2    1999992  1.1387932E+01  2.85E-02    0.25    3.54*   1.94
C_W15_II_M2_A10_S2_F2	fixed	W15_II_M2_A10_S2_F2	A10	F2	S2	M2	II	W15	DR	153	2	1999992	11.387932	0.0285	0.00250264929576327	0.25	3.54	1.94	iteration	2    1999992  1.1387932E+01  2.85E-02    0.25    3.54    1.94
P_W15_II_M2_A10_S3	adaptive	W15_II_M2_A10_S3	A10		S3	M2	II	W15	DR	150	1	1000014	11.335705	0.473	0.04172656222087642	4.17	41.71	1.06	iteration	1    1000014  1.1335705E+01  4.73E-01    4.17   41.71*   1.06
P_W15_II_M2_A10_S3	adaptive	W15_II_M2_A10_S3	A10		S3	M2	II	W15	DR	152	1	1000014	11.335705	0.473	0.04172656222087642	4.17	41.71	1.06	iteration	1    1000014  1.1335705E+01  4.73E-01    4.17   41.71    1.06
C_W15_II_M2_A10_S3_F2	fixed	W15_II_M2_A10_S3_F2	A10	F2	S3	M2	II	W15	DR	146	1	1000014	11.335705	0.473	0.04172656222087642	4.17	41.71	1.06	iteration	1    1000014  1.1335705E+01  4.73E-01    4.17   41.71*   1.06
C_W15_II_M2_A10_S3_F2	fixed	W15_II_M2_A10_S3_F2	A10	F2	S3	M2	II	W15	DR	148	1	1000014	11.335705	0.473	0.04172656222087642	4.17	41.71	1.06	iteration	1    1000014  1.1335705E+01  4.73E-01    4.17   41.71    1.06
C_W15_II_M2_A10_S3_F2	fixed	W15_II_M2_A10_S3_F2	A10	F2	S3	M2	II	W15	DR	151	2	1999999	11.405169	0.0316	0.0027706735428471075	0.28	3.91	1.41	iteration	2    1999999  1.1405169E+01  3.16E-02    0.28    3.91*   1.41
C_W15_II_M2_A10_S3_F2	fixed	W15_II_M2_A10_S3_F2	A10	F2	S3	M2	II	W15	DR	153	2	1999999	11.405169	0.0316	0.0027706735428471075	0.28	3.91	1.41	iteration	2    1999999  1.1405169E+01  3.16E-02    0.28    3.91    1.41
P_W15_II_M2_A10_S4	adaptive	W15_II_M2_A10_S4	A10		S4	M2	II	W15	DR	150	1	999988	12.028463	0.512	0.04256570436305952	4.26	42.55	1.0	iteration	1     999988  1.2028463E+01  5.12E-01    4.26   42.55*   1.00
P_W15_II_M2_A10_S4	adaptive	W15_II_M2_A10_S4	A10		S4	M2	II	W15	DR	152	1	999988	12.028463	0.512	0.04256570436305952	4.26	42.55	1.0	iteration	1     999988  1.2028463E+01  5.12E-01    4.26   42.55    1.00
C_W15_II_M2_A10_S4_F2	fixed	W15_II_M2_A10_S4_F2	A10	F2	S4	M2	II	W15	DR	146	1	999988	12.028463	0.512	0.04256570436305952	4.26	42.55	1.0	iteration	1     999988  1.2028463E+01  5.12E-01    4.26   42.55*   1.00
C_W15_II_M2_A10_S4_F2	fixed	W15_II_M2_A10_S4_F2	A10	F2	S4	M2	II	W15	DR	148	1	999988	12.028463	0.512	0.04256570436305952	4.26	42.55	1.0	iteration	1     999988  1.2028463E+01  5.12E-01    4.26   42.55    1.00
C_W15_II_M2_A10_S4_F2	fixed	W15_II_M2_A10_S4_F2	A10	F2	S4	M2	II	W15	DR	151	2	1999995	11.3527	0.029	0.0025544584107745293	0.26	3.61	1.71	iteration	2    1999995  1.1352700E+01  2.90E-02    0.26    3.61*   1.71
C_W15_II_M2_A10_S4_F2	fixed	W15_II_M2_A10_S4_F2	A10	F2	S4	M2	II	W15	DR	153	2	1999995	11.3527	0.029	0.0025544584107745293	0.26	3.61	1.71	iteration	2    1999995  1.1352700E+01  2.90E-02    0.26    3.61    1.71
P_W15_II_M2_A10_S5	adaptive	W15_II_M2_A10_S5	A10		S5	M2	II	W15	DR	150	1	999974	11.697491	0.465	0.03975211436366996	3.98	39.78	1.01	iteration	1     999974  1.1697491E+01  4.65E-01    3.98   39.78*   1.01
P_W15_II_M2_A10_S5	adaptive	W15_II_M2_A10_S5	A10		S5	M2	II	W15	DR	152	1	999974	11.697491	0.465	0.03975211436366996	3.98	39.78	1.01	iteration	1     999974  1.1697491E+01  4.65E-01    3.98   39.78    1.01
C_W15_II_M2_A10_S5_F2	fixed	W15_II_M2_A10_S5_F2	A10	F2	S5	M2	II	W15	DR	146	1	999974	11.697491	0.465	0.03975211436366996	3.98	39.78	1.01	iteration	1     999974  1.1697491E+01  4.65E-01    3.98   39.78*   1.01
C_W15_II_M2_A10_S5_F2	fixed	W15_II_M2_A10_S5_F2	A10	F2	S5	M2	II	W15	DR	148	1	999974	11.697491	0.465	0.03975211436366996	3.98	39.78	1.01	iteration	1     999974  1.1697491E+01  4.65E-01    3.98   39.78    1.01
C_W15_II_M2_A10_S5_F2	fixed	W15_II_M2_A10_S5_F2	A10	F2	S5	M2	II	W15	DR	151	2	2000008	11.380627	0.0301	0.0026448454904988974	0.26	3.74	1.47	iteration	2    2000008  1.1380627E+01  3.01E-02    0.26    3.74*   1.47
C_W15_II_M2_A10_S5_F2	fixed	W15_II_M2_A10_S5_F2	A10	F2	S5	M2	II	W15	DR	153	2	2000008	11.380627	0.0301	0.0026448454904988974	0.26	3.74	1.47	iteration	2    2000008  1.1380627E+01  3.01E-02    0.26    3.74    1.47
P_W15_II_M2_A10_S6	adaptive	W15_II_M2_A10_S6	A10		S6	M2	II	W15	DR	150	1	1000046	12.136301	0.494	0.04070432992721588	4.07	40.67	0.95	iteration	1    1000046  1.2136301E+01  4.94E-01    4.07   40.67*   0.95
P_W15_II_M2_A10_S6	adaptive	W15_II_M2_A10_S6	A10		S6	M2	II	W15	DR	152	1	1000046	12.136301	0.494	0.04070432992721588	4.07	40.67	0.95	iteration	1    1000046  1.2136301E+01  4.94E-01    4.07   40.67    0.95
C_W15_II_M2_A10_S6_F2	fixed	W15_II_M2_A10_S6_F2	A10	F2	S6	M2	II	W15	DR	146	1	1000046	12.136301	0.494	0.04070432992721588	4.07	40.67	0.95	iteration	1    1000046  1.2136301E+01  4.94E-01    4.07   40.67*   0.95
C_W15_II_M2_A10_S6_F2	fixed	W15_II_M2_A10_S6_F2	A10	F2	S6	M2	II	W15	DR	148	1	1000046	12.136301	0.494	0.04070432992721588	4.07	40.67	0.95	iteration	1    1000046  1.2136301E+01  4.94E-01    4.07   40.67    0.95
C_W15_II_M2_A10_S6_F2	fixed	W15_II_M2_A10_S6_F2	A10	F2	S6	M2	II	W15	DR	151	2	1999989	11.434385	0.0455	0.003979225817566926	0.4	5.63	1.18	iteration	2    1999989  1.1434385E+01  4.55E-02    0.40    5.63*   1.18
C_W15_II_M2_A10_S6_F2	fixed	W15_II_M2_A10_S6_F2	A10	F2	S6	M2	II	W15	DR	153	2	1999989	11.434385	0.0455	0.003979225817566926	0.4	5.63	1.18	iteration	2    1999989  1.1434385E+01  4.55E-02    0.40    5.63    1.18
P_W15_II_M2_A10_S7	adaptive	W15_II_M2_A10_S7	A10		S7	M2	II	W15	DR	150	1	999996	11.605666	0.457	0.03937731794108154	3.94	39.35	0.96	iteration	1     999996  1.1605666E+01  4.57E-01    3.94   39.35*   0.96
P_W15_II_M2_A10_S7	adaptive	W15_II_M2_A10_S7	A10		S7	M2	II	W15	DR	152	1	999996	11.605666	0.457	0.03937731794108154	3.94	39.35	0.96	iteration	1     999996  1.1605666E+01  4.57E-01    3.94   39.35    0.96
C_W15_II_M2_A10_S7_F2	fixed	W15_II_M2_A10_S7_F2	A10	F2	S7	M2	II	W15	DR	146	1	999996	11.605666	0.457	0.03937731794108154	3.94	39.35	0.96	iteration	1     999996  1.1605666E+01  4.57E-01    3.94   39.35*   0.96
C_W15_II_M2_A10_S7_F2	fixed	W15_II_M2_A10_S7_F2	A10	F2	S7	M2	II	W15	DR	148	1	999996	11.605666	0.457	0.03937731794108154	3.94	39.35	0.96	iteration	1     999996  1.1605666E+01  4.57E-01    3.94   39.35    0.96
C_W15_II_M2_A10_S7_F2	fixed	W15_II_M2_A10_S7_F2	A10	F2	S7	M2	II	W15	DR	151	2	2000018	15.086811	3.72	0.2465729835152041	24.64	348.43	0.05	iteration	2    2000018  1.5086811E+01  3.72E+00   24.64  348.43    0.05
C_W15_II_M2_A10_S7_F2	fixed	W15_II_M2_A10_S7_F2	A10	F2	S7	M2	II	W15	DR	153	2	2000018	15.086811	3.72	0.2465729835152041	24.64	348.43	0.05	iteration	2    2000018  1.5086811E+01  3.72E+00   24.64  348.43    0.05
P_W15_IH_M0_A00_S0	adaptive	W15_IH_M0_A00_S0	A00		S0	M0	IH	W15	SR_PLUS	150	1	50004	0.04503176	0.0384	0.8527314943941786	85.19	190.51	1.79	iteration	1      50004  4.5031760E-02  3.84E-02   85.19  190.51*   1.79
P_W15_IH_M0_A00_S0	adaptive	W15_IH_M0_A00_S0	A00		S0	M0	IH	W15	SR_PLUS	151	2	50001	0.028982409	0.00619	0.2135778292273772	21.37	47.79	0.08	iteration	2      50001  2.8982409E-02  6.19E-03   21.37   47.79*   0.08
P_W15_IH_M0_A00_S0	adaptive	W15_IH_M0_A00_S0	A00		S0	M0	IH	W15	SR_PLUS	152	3	49999	0.026417181	0.0021	0.0794937203935575	7.96	17.81	0.13	iteration	3      49999  2.6417181E-02  2.10E-03    7.96   17.81*   0.13
P_W15_IH_M0_A00_S0	adaptive	W15_IH_M0_A00_S0	A00		S0	M0	IH	W15	SR_PLUS	153	4	49999	0.023593219	0.00073	0.030941093710018967	3.09	6.92	0.75	iteration	4      49999  2.3593219E-02  7.30E-04    3.09    6.92*   0.75
P_W15_IH_M0_A00_S0	adaptive	W15_IH_M0_A00_S0	A00		S0	M0	IH	W15	SR_PLUS	154	5	50001	0.024863553	0.000844	0.03394526920589346	3.39	7.59	0.2	iteration	5      50001  2.4863553E-02  8.44E-04    3.39    7.59    0.20
P_W15_IH_M0_A00_S0	adaptive	W15_IH_M0_A00_S0	A00		S0	M0	IH	W15	SR_PLUS	156	5	250004	0.024322624	0.000532	0.02187264005725698	2.19	10.94	0.2	aggregate	5     250004  2.4322624E-02  5.32E-04    2.19   10.94    0.20    0.81   5
C_W15_IH_M0_A00_S0_F0	fixed	W15_IH_M0_A00_S0_F0	A00	F0	S0	M0	IH	W15	SR_PLUS	146	1	50004	0.04503176	0.0384	0.8527314943941786	85.19	190.51	1.79	iteration	1      50004  4.5031760E-02  3.84E-02   85.19  190.51*   1.79
C_W15_IH_M0_A00_S0_F0	fixed	W15_IH_M0_A00_S0_F0	A00	F0	S0	M0	IH	W15	SR_PLUS	147	2	50001	0.028982409	0.00619	0.2135778292273772	21.37	47.79	0.08	iteration	2      50001  2.8982409E-02  6.19E-03   21.37   47.79*   0.08
C_W15_IH_M0_A00_S0_F0	fixed	W15_IH_M0_A00_S0_F0	A00	F0	S0	M0	IH	W15	SR_PLUS	148	3	49999	0.026417181	0.0021	0.0794937203935575	7.96	17.81	0.13	iteration	3      49999  2.6417181E-02  2.10E-03    7.96   17.81*   0.13
C_W15_IH_M0_A00_S0_F0	fixed	W15_IH_M0_A00_S0_F0	A00	F0	S0	M0	IH	W15	SR_PLUS	149	4	49999	0.023593219	0.00073	0.030941093710018967	3.09	6.92	0.75	iteration	4      49999  2.3593219E-02  7.30E-04    3.09    6.92*   0.75
C_W15_IH_M0_A00_S0_F0	fixed	W15_IH_M0_A00_S0_F0	A00	F0	S0	M0	IH	W15	SR_PLUS	150	5	50001	0.024863553	0.000844	0.03394526920589346	3.39	7.59	0.2	iteration	5      50001  2.4863553E-02  8.44E-04    3.39    7.59    0.20
C_W15_IH_M0_A00_S0_F0	fixed	W15_IH_M0_A00_S0_F0	A00	F0	S0	M0	IH	W15	SR_PLUS	152	5	250004	0.024322624	0.000532	0.02187264005725698	2.19	10.94	0.2	aggregate	5     250004  2.4322624E-02  5.32E-04    2.19   10.94    0.20    0.81   5
C_W15_IH_M0_A00_S0_F0	fixed	W15_IH_M0_A00_S0_F0	A00	F0	S0	M0	IH	W15	SR_PLUS	155	6	199998	0.02487711	0.000436	0.017526151550561943	1.75	7.83	0.13	iteration	6     199998  2.4877110E-02  4.36E-04    1.75    7.83    0.13
C_W15_IH_M0_A00_S0_F0	fixed	W15_IH_M0_A00_S0_F0	A00	F0	S0	M0	IH	W15	SR_PLUS	156	7	199998	0.025099848	0.00121	0.048207463248383015	4.81	21.52	0.3	iteration	7     199998  2.5099848E-02  1.21E-03    4.81   21.52    0.30
C_W15_IH_M0_A00_S0_F0	fixed	W15_IH_M0_A00_S0_F0	A00	F0	S0	M0	IH	W15	SR_PLUS	157	8	199998	0.026013073	0.00108	0.04151758617676581	4.15	18.56	0.03	iteration	8     199998  2.6013073E-02  1.08E-03    4.15   18.56*   0.03
C_W15_IH_M0_A00_S0_F0	fixed	W15_IH_M0_A00_S0_F0	A00	F0	S0	M0	IH	W15	SR_PLUS	159	8	599994	0.025042474	0.000383	0.015294016078443369	1.53	11.85	0.03	aggregate	8     599994  2.5042474E-02  3.83E-04    1.53   11.85    0.03    0.48   3
P_W15_IH_M0_A00_S1	adaptive	W15_IH_M0_A00_S1	A00		S1	M0	IH	W15	SR_PLUS	150	1	50006	0.0087073191	0.00648	0.7442015074421702	74.39	166.35	1.79	iteration	1      50006  8.7073191E-03  6.48E-03   74.39  166.35*   1.79
P_W15_IH_M0_A00_S1	adaptive	W15_IH_M0_A00_S1	A00		S1	M0	IH	W15	SR_PLUS	151	2	49993	0.042041918	0.0417	0.9918672121476476	99.18	221.75	1.55	iteration	2      49993  4.2041918E-02  4.17E-02   99.18  221.75    1.55
P_W15_IH_M0_A00_S1	adaptive	W15_IH_M0_A00_S1	A00		S1	M0	IH	W15	SR_PLUS	152	3	50003	0.0048262629	0.00239	0.49520717157782684	49.52	110.73	0.03	iteration	3      50003  4.8262629E-03  2.39E-03   49.52  110.73*   0.03
P_W15_IH_M0_A00_S1	adaptive	W15_IH_M0_A00_S1	A00		S1	M0	IH	W15	SR_PLUS	153	4	50002	0.071417635	0.0511	0.7155095516674559	71.59	160.08	0.18	iteration	4      50002  7.1417635E-02  5.11E-02   71.59  160.08    0.18
P_W15_IH_M0_A00_S1	adaptive	W15_IH_M0_A00_S1	A00		S1	M0	IH	W15	SR_PLUS	154	5	50004	0.010180286	0.00361	0.35460693343978744	35.5	79.37	0.09	iteration	5      50004  1.0180286E-02  3.61E-03   35.50   79.37*   0.09
P_W15_IH_M0_A00_S1	adaptive	W15_IH_M0_A00_S1	A00		S1	M0	IH	W15	SR_PLUS	156	5	250008	0.0068135445	0.0019	0.2788563280095991	27.91	139.57	0.09	aggregate	5     250008  6.8135445E-03  1.90E-03   27.91  139.57    0.09    0.99   5
C_W15_IH_M0_A00_S1_F0	fixed	W15_IH_M0_A00_S1_F0	A00	F0	S1	M0	IH	W15	SR_PLUS	146	1	50006	0.0087073191	0.00648	0.7442015074421702	74.39	166.35	1.79	iteration	1      50006  8.7073191E-03  6.48E-03   74.39  166.35*   1.79
C_W15_IH_M0_A00_S1_F0	fixed	W15_IH_M0_A00_S1_F0	A00	F0	S1	M0	IH	W15	SR_PLUS	147	2	49993	0.042041918	0.0417	0.9918672121476476	99.18	221.75	1.55	iteration	2      49993  4.2041918E-02  4.17E-02   99.18  221.75    1.55
C_W15_IH_M0_A00_S1_F0	fixed	W15_IH_M0_A00_S1_F0	A00	F0	S1	M0	IH	W15	SR_PLUS	148	3	50003	0.0048262629	0.00239	0.49520717157782684	49.52	110.73	0.03	iteration	3      50003  4.8262629E-03  2.39E-03   49.52  110.73*   0.03
C_W15_IH_M0_A00_S1_F0	fixed	W15_IH_M0_A00_S1_F0	A00	F0	S1	M0	IH	W15	SR_PLUS	149	4	50002	0.071417635	0.0511	0.7155095516674559	71.59	160.08	0.18	iteration	4      50002  7.1417635E-02  5.11E-02   71.59  160.08    0.18
C_W15_IH_M0_A00_S1_F0	fixed	W15_IH_M0_A00_S1_F0	A00	F0	S1	M0	IH	W15	SR_PLUS	150	5	50004	0.010180286	0.00361	0.35460693343978744	35.5	79.37	0.09	iteration	5      50004  1.0180286E-02  3.61E-03   35.50   79.37*   0.09
C_W15_IH_M0_A00_S1_F0	fixed	W15_IH_M0_A00_S1_F0	A00	F0	S1	M0	IH	W15	SR_PLUS	152	5	250008	0.0068135445	0.0019	0.2788563280095991	27.91	139.57	0.09	aggregate	5     250008  6.8135445E-03  1.90E-03   27.91  139.57    0.09    0.99   5
C_W15_IH_M0_A00_S1_F0	fixed	W15_IH_M0_A00_S1_F0	A00	F0	S1	M0	IH	W15	SR_PLUS	155	6	200004	0.018767244	0.00804	0.4284060035666399	42.86	191.67	0.04	iteration	6     200004  1.8767244E-02  8.04E-03   42.86  191.67    0.04
C_W15_IH_M0_A00_S1_F0	fixed	W15_IH_M0_A00_S1_F0	A00	F0	S1	M0	IH	W15	SR_PLUS	156	7	200004	0.011767305	0.00269	0.22859949665620122	22.86	102.23	0.02	iteration	7     200004  1.1767305E-02  2.69E-03   22.86  102.23*   0.02
C_W15_IH_M0_A00_S1_F0	fixed	W15_IH_M0_A00_S1_F0	A00	F0	S1	M0	IH	W15	SR_PLUS	157	8	200004	0.015387565	0.00421	0.27359754451077867	27.35	122.32	0.04	iteration	8     200004  1.5387565E-02  4.21E-03   27.35  122.32    0.04
C_W15_IH_M0_A00_S1_F0	fixed	W15_IH_M0_A00_S1_F0	A00	F0	S1	M0	IH	W15	SR_PLUS	159	8	600012	0.013254892	0.00218	0.1644675792152814	16.46	127.48	0.04	aggregate	8     600012  1.3254892E-02  2.18E-03   16.46  127.48    0.04    0.52   3
P_W15_IH_M0_A00_S2	adaptive	W15_IH_M0_A00_S2	A00		S2	M0	IH	W15	SR_PLUS	150	1	49999	0.0085057609	0.00516	0.6066476662893263	60.62	135.55	1.95	iteration	1      49999  8.5057609E-03  5.16E-03   60.62  135.55*   1.95
P_W15_IH_M0_A00_S2	adaptive	W15_IH_M0_A00_S2	A00		S2	M0	IH	W15	SR_PLUS	151	2	50004	0.011265474	0.00607	0.5388144342617097	53.84	120.4	0.06	iteration	2      50004  1.1265474E-02  6.07E-03   53.84  120.40*   0.06
P_W15_IH_M0_A00_S2	adaptive	W15_IH_M0_A00_S2	A00		S2	M0	IH	W15	SR_PLUS	152	3	49999	0.017706723	0.00604	0.34111337258735	34.08	76.21	0.05	iteration	3      49999  1.7706723E-02  6.04E-03   34.08   76.21*   0.05
P_W15_IH_M0_A00_S2	adaptive	W15_IH_M0_A00_S2	A00		S2	M0	IH	W15	SR_PLUS	153	4	50001	0.022595894	0.00566	0.2504879868882373	25.06	56.03	0.06	iteration	4      50001  2.2595894E-02  5.66E-03   25.06   56.03*   0.06
P_W15_IH_M0_A00_S2	adaptive	W15_IH_M0_A00_S2	A00		S2	M0	IH	W15	SR_PLUS	154	5	49998	0.01980947	0.00444	0.22413522421346965	22.42	50.14	0.03	iteration	5      49998  1.9809470E-02  4.44E-03   22.42   50.14*   0.03
P_W15_IH_M0_A00_S2	adaptive	W15_IH_M0_A00_S2	A00		S2	M0	IH	W15	SR_PLUS	156	5	250001	0.016201914	0.0024	0.1481306467865463	14.79	73.95	0.03	aggregate	5     250001  1.6201914E-02  2.40E-03   14.79   73.95    0.03    1.22   5
C_W15_IH_M0_A00_S2_F0	fixed	W15_IH_M0_A00_S2_F0	A00	F0	S2	M0	IH	W15	SR_PLUS	146	1	49999	0.0085057609	0.00516	0.6066476662893263	60.62	135.55	1.95	iteration	1      49999  8.5057609E-03  5.16E-03   60.62  135.55*   1.95
C_W15_IH_M0_A00_S2_F0	fixed	W15_IH_M0_A00_S2_F0	A00	F0	S2	M0	IH	W15	SR_PLUS	147	2	50004	0.011265474	0.00607	0.5388144342617097	53.84	120.4	0.06	iteration	2      50004  1.1265474E-02  6.07E-03   53.84  120.40*   0.06
C_W15_IH_M0_A00_S2_F0	fixed	W15_IH_M0_A00_S2_F0	A00	F0	S2	M0	IH	W15	SR_PLUS	148	3	49999	0.017706723	0.00604	0.34111337258735	34.08	76.21	0.05	iteration	3      49999  1.7706723E-02  6.04E-03   34.08   76.21*   0.05
C_W15_IH_M0_A00_S2_F0	fixed	W15_IH_M0_A00_S2_F0	A00	F0	S2	M0	IH	W15	SR_PLUS	149	4	50001	0.022595894	0.00566	0.2504879868882373	25.06	56.03	0.06	iteration	4      50001  2.2595894E-02  5.66E-03   25.06   56.03*   0.06
C_W15_IH_M0_A00_S2_F0	fixed	W15_IH_M0_A00_S2_F0	A00	F0	S2	M0	IH	W15	SR_PLUS	150	5	49998	0.01980947	0.00444	0.22413522421346965	22.42	50.14	0.03	iteration	5      49998  1.9809470E-02  4.44E-03   22.42   50.14*   0.03
C_W15_IH_M0_A00_S2_F0	fixed	W15_IH_M0_A00_S2_F0	A00	F0	S2	M0	IH	W15	SR_PLUS	152	5	250001	0.016201914	0.0024	0.1481306467865463	14.79	73.95	0.03	aggregate	5     250001  1.6201914E-02  2.40E-03   14.79   73.95    0.03    1.22   5
C_W15_IH_M0_A00_S2_F0	fixed	W15_IH_M0_A00_S2_F0	A00	F0	S2	M0	IH	W15	SR_PLUS	155	6	199999	0.020260025	0.00238	0.11747270795569108	11.76	52.59	0.01	iteration	6     199999  2.0260025E-02  2.38E-03   11.76   52.59    0.01
C_W15_IH_M0_A00_S2_F0	fixed	W15_IH_M0_A00_S2_F0	A00	F0	S2	M0	IH	W15	SR_PLUS	156	7	199999	0.025523242	0.00426	0.16690669625747387	16.68	74.59	0.01	iteration	7     199999  2.5523242E-02  4.26E-03   16.68   74.59    0.01
C_W15_IH_M0_A00_S2_F0	fixed	W15_IH_M0_A00_S2_F0	A00	F0	S2	M0	IH	W15	SR_PLUS	157	8	199999	0.023048169	0.00241	0.10456362065029981	10.46	46.77	0.02	iteration	8     199999  2.3048169E-02  2.41E-03   10.46   46.77*   0.02
C_W15_IH_M0_A00_S2_F0	fixed	W15_IH_M0_A00_S2_F0	A00	F0	S2	M0	IH	W15	SR_PLUS	159	8	599997	0.0221693	0.00157	0.0708186546259918	7.1	55.01	0.02	aggregate	8     599997  2.2169300E-02  1.57E-03    7.10   55.01    0.02    0.70   3
P_W15_IH_M0_A00_S3	adaptive	W15_IH_M0_A00_S3	A00		S3	M0	IH	W15	SR_PLUS	150	1	50004	0.02537405	0.0169	0.666034787509286	66.54	148.8	1.79	iteration	1      50004  2.5374050E-02  1.69E-02   66.54  148.80*   1.79
P_W15_IH_M0_A00_S3	adaptive	W15_IH_M0_A00_S3	A00		S3	M0	IH	W15	SR_PLUS	151	2	50001	0.056333317	0.0404	0.7171599712475656	71.67	160.27	0.31	iteration	2      50001  5.6333317E-02  4.04E-02   71.67  160.27    0.31
P_W15_IH_M0_A00_S3	adaptive	W15_IH_M0_A00_S3	A00		S3	M0	IH	W15	SR_PLUS	152	3	49999	0.080253037	0.0777	0.968187658742435	96.83	216.51	1.63	iteration	3      49999  8.0253037E-02  7.77E-02   96.83  216.51    1.63
P_W15_IH_M0_A00_S3	adaptive	W15_IH_M0_A00_S3	A00		S3	M0	IH	W15	SR_PLUS	153	4	50000	0.033728154	0.0146	0.4328727863374912	43.37	96.99	0.14	iteration	4      50000  3.3728154E-02  1.46E-02   43.37   96.99*   0.14
P_W15_IH_M0_A00_S3	adaptive	W15_IH_M0_A00_S3	A00		S3	M0	IH	W15	SR_PLUS	154	5	49999	0.024782464	0.00837	0.3377388140259177	33.76	75.49	0.03	iteration	5      49999  2.4782464E-02  8.37E-03   33.76   75.49*   0.03
P_W15_IH_M0_A00_S3	adaptive	W15_IH_M0_A00_S3	A00		S3	M0	IH	W15	SR_PLUS	156	5	250003	0.027898016	0.00656	0.23514216924959824	23.51	117.56	0.03	aggregate	5     250003  2.7898016E-02  6.56E-03   23.51  117.56    0.03    0.32   5
C_W15_IH_M0_A00_S3_F0	fixed	W15_IH_M0_A00_S3_F0	A00	F0	S3	M0	IH	W15	SR_PLUS	146	1	50004	0.02537405	0.0169	0.666034787509286	66.54	148.8	1.79	iteration	1      50004  2.5374050E-02  1.69E-02   66.54  148.80*   1.79
C_W15_IH_M0_A00_S3_F0	fixed	W15_IH_M0_A00_S3_F0	A00	F0	S3	M0	IH	W15	SR_PLUS	147	2	50001	0.056333317	0.0404	0.7171599712475656	71.67	160.27	0.31	iteration	2      50001  5.6333317E-02  4.04E-02   71.67  160.27    0.31
C_W15_IH_M0_A00_S3_F0	fixed	W15_IH_M0_A00_S3_F0	A00	F0	S3	M0	IH	W15	SR_PLUS	148	3	49999	0.080253037	0.0777	0.968187658742435	96.83	216.51	1.63	iteration	3      49999  8.0253037E-02  7.77E-02   96.83  216.51    1.63
C_W15_IH_M0_A00_S3_F0	fixed	W15_IH_M0_A00_S3_F0	A00	F0	S3	M0	IH	W15	SR_PLUS	149	4	50000	0.033728154	0.0146	0.4328727863374912	43.37	96.99	0.14	iteration	4      50000  3.3728154E-02  1.46E-02   43.37   96.99*   0.14
C_W15_IH_M0_A00_S3_F0	fixed	W15_IH_M0_A00_S3_F0	A00	F0	S3	M0	IH	W15	SR_PLUS	150	5	49999	0.024782464	0.00837	0.3377388140259177	33.76	75.49	0.03	iteration	5      49999  2.4782464E-02  8.37E-03   33.76   75.49*   0.03
C_W15_IH_M0_A00_S3_F0	fixed	W15_IH_M0_A00_S3_F0	A00	F0	S3	M0	IH	W15	SR_PLUS	152	5	250003	0.027898016	0.00656	0.23514216924959824	23.51	117.56	0.03	aggregate	5     250003  2.7898016E-02  6.56E-03   23.51  117.56    0.03    0.32   5
C_W15_IH_M0_A00_S3_F0	fixed	W15_IH_M0_A00_S3_F0	A00	F0	S3	M0	IH	W15	SR_PLUS	155	6	199999	0.024837677	0.00283	0.11393980201932734	11.38	50.9	0.03	iteration	6     199999  2.4837677E-02  2.83E-03   11.38   50.90*   0.03
C_W15_IH_M0_A00_S3_F0	fixed	W15_IH_M0_A00_S3_F0	A00	F0	S3	M0	IH	W15	SR_PLUS	156	7	199999	0.028139197	0.00897	0.318772422681429	31.87	142.51	0.01	iteration	7     199999  2.8139197E-02  8.97E-03   31.87  142.51    0.01
C_W15_IH_M0_A00_S3_F0	fixed	W15_IH_M0_A00_S3_F0	A00	F0	S3	M0	IH	W15	SR_PLUS	157	8	199999	0.043186765	0.0127	0.29407157493736796	29.45	131.69	0.03	iteration	8     199999  4.3186765E-02  1.27E-02   29.45  131.69*   0.03
C_W15_IH_M0_A00_S3_F0	fixed	W15_IH_M0_A00_S3_F0	A00	F0	S3	M0	IH	W15	SR_PLUS	159	8	599997	0.025912582	0.00264	0.10188100900172742	10.18	78.84	0.03	aggregate	8     599997  2.5912582E-02  2.64E-03   10.18   78.84    0.03    1.03   3
P_W15_IH_M0_A00_S4	adaptive	W15_IH_M0_A00_S4	A00		S4	M0	IH	W15	SR_PLUS	150	1	49997	0.054573394	0.0456	0.8355720005246513	83.53	186.78	1.86	iteration	1      49997  5.4573394E-02  4.56E-02   83.53  186.78*   1.86
P_W15_IH_M0_A00_S4	adaptive	W15_IH_M0_A00_S4	A00		S4	M0	IH	W15	SR_PLUS	151	2	50001	0.029928699	0.00583	0.1947963057131217	19.47	43.53	0.06	iteration	2      50001  2.9928699E-02  5.83E-03   19.47   43.53*   0.06
P_W15_IH_M0_A00_S4	adaptive	W15_IH_M0_A00_S4	A00		S4	M0	IH	W15	SR_PLUS	152	3	50000	0.023713538	0.00174	0.07337580752395531	7.33	16.38	0.16	iteration	3      50000  2.3713538E-02  1.74E-03    7.33   16.38*   0.16
P_W15_IH_M0_A00_S4	adaptive	W15_IH_M0_A00_S4	A00		S4	M0	IH	W15	SR_PLUS	153	4	50005	0.024884891	0.00102	0.04098872685437924	4.11	9.19	0.21	iteration	4      50005  2.4884891E-02  1.02E-03    4.11    9.19*   0.21
P_W15_IH_M0_A00_S4	adaptive	W15_IH_M0_A00_S4	A00		S4	M0	IH	W15	SR_PLUS	154	5	50002	0.023169756	0.00057	0.02460103593667538	2.46	5.5	0.59	iteration	5      50002  2.3169756E-02  5.70E-04    2.46    5.50*   0.59
P_W15_IH_M0_A00_S4	adaptive	W15_IH_M0_A00_S4	A00		S4	M0	IH	W15	SR_PLUS	156	5	250005	0.023632045	0.000477	0.020184457163990675	2.02	10.09	0.59	aggregate	5     250005  2.3632045E-02  4.77E-04    2.02   10.09    0.59    0.95   5
C_W15_IH_M0_A00_S4_F0	fixed	W15_IH_M0_A00_S4_F0	A00	F0	S4	M0	IH	W15	SR_PLUS	146	1	49997	0.054573394	0.0456	0.8355720005246513	83.53	186.78	1.86	iteration	1      49997  5.4573394E-02  4.56E-02   83.53  186.78*   1.86
C_W15_IH_M0_A00_S4_F0	fixed	W15_IH_M0_A00_S4_F0	A00	F0	S4	M0	IH	W15	SR_PLUS	147	2	50001	0.029928699	0.00583	0.1947963057131217	19.47	43.53	0.06	iteration	2      50001  2.9928699E-02  5.83E-03   19.47   43.53*   0.06
C_W15_IH_M0_A00_S4_F0	fixed	W15_IH_M0_A00_S4_F0	A00	F0	S4	M0	IH	W15	SR_PLUS	148	3	50000	0.023713538	0.00174	0.07337580752395531	7.33	16.38	0.16	iteration	3      50000  2.3713538E-02  1.74E-03    7.33   16.38*   0.16
C_W15_IH_M0_A00_S4_F0	fixed	W15_IH_M0_A00_S4_F0	A00	F0	S4	M0	IH	W15	SR_PLUS	149	4	50005	0.024884891	0.00102	0.04098872685437924	4.11	9.19	0.21	iteration	4      50005  2.4884891E-02  1.02E-03    4.11    9.19*   0.21
C_W15_IH_M0_A00_S4_F0	fixed	W15_IH_M0_A00_S4_F0	A00	F0	S4	M0	IH	W15	SR_PLUS	150	5	50002	0.023169756	0.00057	0.02460103593667538	2.46	5.5	0.59	iteration	5      50002  2.3169756E-02  5.70E-04    2.46    5.50*   0.59
C_W15_IH_M0_A00_S4_F0	fixed	W15_IH_M0_A00_S4_F0	A00	F0	S4	M0	IH	W15	SR_PLUS	152	5	250005	0.023632045	0.000477	0.020184457163990675	2.02	10.09	0.59	aggregate	5     250005  2.3632045E-02  4.77E-04    2.02   10.09    0.59    0.95   5
C_W15_IH_M0_A00_S4_F0	fixed	W15_IH_M0_A00_S4_F0	A00	F0	S4	M0	IH	W15	SR_PLUS	155	6	200001	0.031345212	0.00464	0.14802898764889516	14.8	66.17	0.01	iteration	6     200001  3.1345212E-02  4.64E-03   14.80   66.17    0.01
C_W15_IH_M0_A00_S4_F0	fixed	W15_IH_M0_A00_S4_F0	A00	F0	S4	M0	IH	W15	SR_PLUS	156	7	200001	0.025562804	0.000426	0.01666483848954911	1.67	7.46	0.12	iteration	7     200001  2.5562804E-02  4.26E-04    1.67    7.46*   0.12
C_W15_IH_M0_A00_S4_F0	fixed	W15_IH_M0_A00_S4_F0	A00	F0	S4	M0	IH	W15	SR_PLUS	157	8	200001	0.024564483	0.000375	0.015265943109814278	1.53	6.83	0.17	iteration	8     200001  2.4564483E-02  3.75E-04    1.53    6.83*   0.17
C_W15_IH_M0_A00_S4_F0	fixed	W15_IH_M0_A00_S4_F0	A00	F0	S4	M0	IH	W15	SR_PLUS	159	8	600003	0.025023725	0.000281	0.011229343353157853	1.12	8.7	0.17	aggregate	8     600003  2.5023725E-02  2.81E-04    1.12    8.70    0.17    2.48   3
P_W15_IH_M0_A00_S5	adaptive	W15_IH_M0_A00_S5	A00		S5	M0	IH	W15	SR_PLUS	150	1	50007	0.060363581	0.0543	0.8995490178092649	89.9	201.04	1.79	iteration	1      50007  6.0363581E-02  5.43E-02   89.90  201.04*   1.79
P_W15_IH_M0_A00_S5	adaptive	W15_IH_M0_A00_S5	A00		S5	M0	IH	W15	SR_PLUS	151	2	49997	0.022792409	0.00552	0.2421858961902623	24.24	54.19	0.05	iteration	2      49997  2.2792409E-02  5.52E-03   24.24   54.19*   0.05
P_W15_IH_M0_A00_S5	adaptive	W15_IH_M0_A00_S5	A00		S5	M0	IH	W15	SR_PLUS	152	3	50002	0.023296504	0.000833	0.03575643796167871	3.58	8.0	0.48	iteration	3      50002  2.3296504E-02  8.33E-04    3.58    8.00*   0.48
P_W15_IH_M0_A00_S5	adaptive	W15_IH_M0_A00_S5	A00		S5	M0	IH	W15	SR_PLUS	153	4	50000	0.039454087	0.0144	0.3649811995396066	36.46	81.53	0.02	iteration	4      50000  3.9454087E-02  1.44E-02   36.46   81.53    0.02
P_W15_IH_M0_A00_S5	adaptive	W15_IH_M0_A00_S5	A00		S5	M0	IH	W15	SR_PLUS	154	5	50003	0.023077558	0.00155	0.06716481873862043	6.71	15.01	0.11	iteration	5      50003  2.3077558E-02  1.55E-03    6.71   15.01*   0.11
P_W15_IH_M0_A00_S5	adaptive	W15_IH_M0_A00_S5	A00		S5	M0	IH	W15	SR_PLUS	156	5	250009	0.023287497	0.000726	0.03117552736560739	3.12	15.6	0.11	aggregate	5     250009  2.3287497E-02  7.26E-04    3.12   15.60    0.11    0.44   5
C_W15_IH_M0_A00_S5_F0	fixed	W15_IH_M0_A00_S5_F0	A00	F0	S5	M0	IH	W15	SR_PLUS	146	1	50007	0.060363581	0.0543	0.8995490178092649	89.9	201.04	1.79	iteration	1      50007  6.0363581E-02  5.43E-02   89.90  201.04*   1.79
C_W15_IH_M0_A00_S5_F0	fixed	W15_IH_M0_A00_S5_F0	A00	F0	S5	M0	IH	W15	SR_PLUS	147	2	49997	0.022792409	0.00552	0.2421858961902623	24.24	54.19	0.05	iteration	2      49997  2.2792409E-02  5.52E-03   24.24   54.19*   0.05
C_W15_IH_M0_A00_S5_F0	fixed	W15_IH_M0_A00_S5_F0	A00	F0	S5	M0	IH	W15	SR_PLUS	148	3	50002	0.023296504	0.000833	0.03575643796167871	3.58	8.0	0.48	iteration	3      50002  2.3296504E-02  8.33E-04    3.58    8.00*   0.48
C_W15_IH_M0_A00_S5_F0	fixed	W15_IH_M0_A00_S5_F0	A00	F0	S5	M0	IH	W15	SR_PLUS	149	4	50000	0.039454087	0.0144	0.3649811995396066	36.46	81.53	0.02	iteration	4      50000  3.9454087E-02  1.44E-02   36.46   81.53    0.02
C_W15_IH_M0_A00_S5_F0	fixed	W15_IH_M0_A00_S5_F0	A00	F0	S5	M0	IH	W15	SR_PLUS	150	5	50003	0.023077558	0.00155	0.06716481873862043	6.71	15.01	0.11	iteration	5      50003  2.3077558E-02  1.55E-03    6.71   15.01*   0.11
C_W15_IH_M0_A00_S5_F0	fixed	W15_IH_M0_A00_S5_F0	A00	F0	S5	M0	IH	W15	SR_PLUS	152	5	250009	0.023287497	0.000726	0.03117552736560739	3.12	15.6	0.11	aggregate	5     250009  2.3287497E-02  7.26E-04    3.12   15.60    0.11    0.44   5
C_W15_IH_M0_A00_S5_F0	fixed	W15_IH_M0_A00_S5_F0	A00	F0	S5	M0	IH	W15	SR_PLUS	155	6	200000	0.02436162	0.000736	0.030211455560016122	3.02	13.51	0.08	iteration	6     200000  2.4361620E-02  7.36E-04    3.02   13.51*   0.08
C_W15_IH_M0_A00_S5_F0	fixed	W15_IH_M0_A00_S5_F0	A00	F0	S5	M0	IH	W15	SR_PLUS	156	7	200000	0.030227353	0.00414	0.13696204229328315	13.68	61.19	0.01	iteration	7     200000  3.0227353E-02  4.14E-03   13.68   61.19    0.01
C_W15_IH_M0_A00_S5_F0	fixed	W15_IH_M0_A00_S5_F0	A00	F0	S5	M0	IH	W15	SR_PLUS	157	8	200000	0.033377574	0.00879	0.2633504759812681	26.33	117.77	0.18	iteration	8     200000  3.3377574E-02  8.79E-03   26.33  117.77    0.18
C_W15_IH_M0_A00_S5_F0	fixed	W15_IH_M0_A00_S5_F0	A00	F0	S5	M0	IH	W15	SR_PLUS	159	8	600000	0.024601124	0.000722	0.02934825254325778	2.93	22.73	0.18	aggregate	8     600000  2.4601124E-02  7.22E-04    2.93   22.73    0.18    1.48   3
P_W15_IH_M0_A00_S6	adaptive	W15_IH_M0_A00_S6	A00		S6	M0	IH	W15	SR_PLUS	150	1	50005	0.0074411098	0.00505	0.6786622070809921	67.83	151.67	1.89	iteration	1      50005  7.4411098E-03  5.05E-03   67.83  151.67*   1.89
P_W15_IH_M0_A00_S6	adaptive	W15_IH_M0_A00_S6	A00		S6	M0	IH	W15	SR_PLUS	151	2	50011	0.0070086573	0.00408	0.5821371805409861	58.17	130.1	0.07	iteration	2      50011  7.0086573E-03  4.08E-03   58.17  130.10*   0.07
P_W15_IH_M0_A00_S6	adaptive	W15_IH_M0_A00_S6	A00		S6	M0	IH	W15	SR_PLUS	152	3	49998	0.0012458949	0.000409	0.3282780915147819	32.79	73.32	0.03	iteration	3      49998  1.2458949E-03  4.09E-04   32.79   73.32*   0.03
P_W15_IH_M0_A00_S6	adaptive	W15_IH_M0_A00_S6	A00		S6	M0	IH	W15	SR_PLUS	153	4	50003	0.0084529083	0.0034	0.40222842592531133	40.2	89.88	0.02	iteration	4      50003  8.4529083E-03  3.40E-03   40.20   89.88    0.02
P_W15_IH_M0_A00_S6	adaptive	W15_IH_M0_A00_S6	A00		S6	M0	IH	W15	SR_PLUS	154	5	50003	0.010597561	0.00294	0.27742232387244575	27.76	62.08	0.04	iteration	5      50003  1.0597561E-02  2.94E-03   27.76   62.08*   0.04
P_W15_IH_M0_A00_S6	adaptive	W15_IH_M0_A00_S6	A00		S6	M0	IH	W15	SR_PLUS	156	5	250020	0.0016104999	0.000399	0.2477491616112488	24.75	123.77	0.04	aggregate	5     250020  1.6104999E-03  3.99E-04   24.75  123.77    0.04    4.32   5
C_W15_IH_M0_A00_S6_F0	fixed	W15_IH_M0_A00_S6_F0	A00	F0	S6	M0	IH	W15	SR_PLUS	146	1	50005	0.0074411098	0.00505	0.6786622070809921	67.83	151.67	1.89	iteration	1      50005  7.4411098E-03  5.05E-03   67.83  151.67*   1.89
C_W15_IH_M0_A00_S6_F0	fixed	W15_IH_M0_A00_S6_F0	A00	F0	S6	M0	IH	W15	SR_PLUS	147	2	50011	0.0070086573	0.00408	0.5821371805409861	58.17	130.1	0.07	iteration	2      50011  7.0086573E-03  4.08E-03   58.17  130.10*   0.07
C_W15_IH_M0_A00_S6_F0	fixed	W15_IH_M0_A00_S6_F0	A00	F0	S6	M0	IH	W15	SR_PLUS	148	3	49998	0.0012458949	0.000409	0.3282780915147819	32.79	73.32	0.03	iteration	3      49998  1.2458949E-03  4.09E-04   32.79   73.32*   0.03
C_W15_IH_M0_A00_S6_F0	fixed	W15_IH_M0_A00_S6_F0	A00	F0	S6	M0	IH	W15	SR_PLUS	149	4	50003	0.0084529083	0.0034	0.40222842592531133	40.2	89.88	0.02	iteration	4      50003  8.4529083E-03  3.40E-03   40.20   89.88    0.02
C_W15_IH_M0_A00_S6_F0	fixed	W15_IH_M0_A00_S6_F0	A00	F0	S6	M0	IH	W15	SR_PLUS	150	5	50003	0.010597561	0.00294	0.27742232387244575	27.76	62.08	0.04	iteration	5      50003  1.0597561E-02  2.94E-03   27.76   62.08*   0.04
C_W15_IH_M0_A00_S6_F0	fixed	W15_IH_M0_A00_S6_F0	A00	F0	S6	M0	IH	W15	SR_PLUS	152	5	250020	0.0016104999	0.000399	0.2477491616112488	24.75	123.77	0.04	aggregate	5     250020  1.6104999E-03  3.99E-04   24.75  123.77    0.04    4.32   5
C_W15_IH_M0_A00_S6_F0	fixed	W15_IH_M0_A00_S6_F0	A00	F0	S6	M0	IH	W15	SR_PLUS	155	6	199999	0.030167009	0.00956	0.3169024811177005	31.7	141.76	0.01	iteration	6     199999  3.0167009E-02  9.56E-03   31.70  141.76    0.01
C_W15_IH_M0_A00_S6_F0	fixed	W15_IH_M0_A00_S6_F0	A00	F0	S6	M0	IH	W15	SR_PLUS	156	7	199999	0.019142075	0.00217	0.11336284075785932	11.34	50.7	0.02	iteration	7     199999  1.9142075E-02  2.17E-03   11.34   50.70*   0.02
C_W15_IH_M0_A00_S6_F0	fixed	W15_IH_M0_A00_S6_F0	A00	F0	S6	M0	IH	W15	SR_PLUS	157	8	199999	0.021570897	0.00587	0.2721259111292405	27.21	121.67	0.05	iteration	8     199999  2.1570897E-02  5.87E-03   27.21  121.67    0.05
C_W15_IH_M0_A00_S6_F0	fixed	W15_IH_M0_A00_S6_F0	A00	F0	S6	M0	IH	W15	SR_PLUS	159	8	599997	0.019899487	0.00199	0.10000257795590409	10.0	77.5	0.05	aggregate	8     599997  1.9899487E-02  1.99E-03   10.00   77.50    0.05    0.68   3
P_W15_IH_M0_A00_S7	adaptive	W15_IH_M0_A00_S7	A00		S7	M0	IH	W15	SR_PLUS	150	1	50007	0.025422627	0.0161	0.6332941123669085	63.19	141.31	1.79	iteration	1      50007  2.5422627E-02  1.61E-02   63.19  141.31*   1.79
P_W15_IH_M0_A00_S7	adaptive	W15_IH_M0_A00_S7	A00		S7	M0	IH	W15	SR_PLUS	151	2	50001	0.022895245	0.005	0.2183859574335195	21.83	48.81	0.13	iteration	2      50001  2.2895245E-02  5.00E-03   21.83   48.81*   0.13
P_W15_IH_M0_A00_S7	adaptive	W15_IH_M0_A00_S7	A00		S7	M0	IH	W15	SR_PLUS	152	3	49999	0.022544082	0.00139	0.06165697942369088	6.15	13.76	0.23	iteration	3      49999  2.2544082E-02  1.39E-03    6.15   13.76*   0.23
P_W15_IH_M0_A00_S7	adaptive	W15_IH_M0_A00_S7	A00		S7	M0	IH	W15	SR_PLUS	153	4	49998	0.029531036	0.00581	0.19674216644482098	19.68	44.01	0.44	iteration	4      49998  2.9531036E-02  5.81E-03   19.68   44.01    0.44
P_W15_IH_M0_A00_S7	adaptive	W15_IH_M0_A00_S7	A00		S7	M0	IH	W15	SR_PLUS	154	5	50002	0.029642531	0.00298	0.10053122656766388	10.06	22.5	0.55	iteration	5      50002  2.9642531E-02  2.98E-03   10.06   22.50*   0.55
P_W15_IH_M0_A00_S7	adaptive	W15_IH_M0_A00_S7	A00		S7	M0	IH	W15	SR_PLUS	156	5	250007	0.024004672	0.00119	0.049573682989711335	4.96	24.8	0.55	aggregate	5     250007  2.4004672E-02  1.19E-03    4.96   24.80    0.55    1.41   5
C_W15_IH_M0_A00_S7_F0	fixed	W15_IH_M0_A00_S7_F0	A00	F0	S7	M0	IH	W15	SR_PLUS	146	1	50007	0.025422627	0.0161	0.6332941123669085	63.19	141.31	1.79	iteration	1      50007  2.5422627E-02  1.61E-02   63.19  141.31*   1.79
C_W15_IH_M0_A00_S7_F0	fixed	W15_IH_M0_A00_S7_F0	A00	F0	S7	M0	IH	W15	SR_PLUS	147	2	50001	0.022895245	0.005	0.2183859574335195	21.83	48.81	0.13	iteration	2      50001  2.2895245E-02  5.00E-03   21.83   48.81*   0.13
C_W15_IH_M0_A00_S7_F0	fixed	W15_IH_M0_A00_S7_F0	A00	F0	S7	M0	IH	W15	SR_PLUS	148	3	49999	0.022544082	0.00139	0.06165697942369088	6.15	13.76	0.23	iteration	3      49999  2.2544082E-02  1.39E-03    6.15   13.76*   0.23
C_W15_IH_M0_A00_S7_F0	fixed	W15_IH_M0_A00_S7_F0	A00	F0	S7	M0	IH	W15	SR_PLUS	149	4	49998	0.029531036	0.00581	0.19674216644482098	19.68	44.01	0.44	iteration	4      49998  2.9531036E-02  5.81E-03   19.68   44.01    0.44
C_W15_IH_M0_A00_S7_F0	fixed	W15_IH_M0_A00_S7_F0	A00	F0	S7	M0	IH	W15	SR_PLUS	150	5	50002	0.029642531	0.00298	0.10053122656766388	10.06	22.5	0.55	iteration	5      50002  2.9642531E-02  2.98E-03   10.06   22.50*   0.55
C_W15_IH_M0_A00_S7_F0	fixed	W15_IH_M0_A00_S7_F0	A00	F0	S7	M0	IH	W15	SR_PLUS	152	5	250007	0.024004672	0.00119	0.049573682989711335	4.96	24.8	0.55	aggregate	5     250007  2.4004672E-02  1.19E-03    4.96   24.80    0.55    1.41   5
C_W15_IH_M0_A00_S7_F0	fixed	W15_IH_M0_A00_S7_F0	A00	F0	S7	M0	IH	W15	SR_PLUS	155	6	200001	0.025367401	0.000945	0.03725253525183758	3.72	16.66	0.12	iteration	6     200001  2.5367401E-02  9.45E-04    3.72   16.66*   0.12
C_W15_IH_M0_A00_S7_F0	fixed	W15_IH_M0_A00_S7_F0	A00	F0	S7	M0	IH	W15	SR_PLUS	156	7	200001	0.024936016	0.000509	0.02041224227639251	2.04	9.14	0.12	iteration	7     200001  2.4936016E-02  5.09E-04    2.04    9.14*   0.12
C_W15_IH_M0_A00_S7_F0	fixed	W15_IH_M0_A00_S7_F0	A00	F0	S7	M0	IH	W15	SR_PLUS	157	8	200001	0.025692565	0.00116	0.04514924843043114	4.53	20.26	0.37	iteration	8     200001  2.5692565E-02  1.16E-03    4.53   20.26    0.37
C_W15_IH_M0_A00_S7_F0	fixed	W15_IH_M0_A00_S7_F0	A00	F0	S7	M0	IH	W15	SR_PLUS	159	8	600003	0.025118401	0.000418	0.016641186674263224	1.67	12.9	0.37	aggregate	8     600003  2.5118401E-02  4.18E-04    1.67   12.90    0.37    0.22   3
P_W15_IH_M1_A07_S0	adaptive	W15_IH_M1_A07_S0	A07		S0	M1	IH	W15	SR_PLUS	150	1	99999	0.025496275	0.0192	0.7530511810058528	75.17	237.7	0.89	iteration	1      99999  2.5496275E-02  1.92E-02   75.17  237.70*   0.89
P_W15_IH_M1_A07_S0	adaptive	W15_IH_M1_A07_S0	A07		S0	M1	IH	W15	SR_PLUS	151	2	99999	0.033088866	0.0083	0.25083966310601274	25.08	79.3	0.05	iteration	2      99999  3.3088866E-02  8.30E-03   25.08   79.30*   0.05
P_W15_IH_M1_A07_S0	adaptive	W15_IH_M1_A07_S0	A07		S0	M1	IH	W15	SR_PLUS	152	3	100005	0.024927063	0.0013	0.05215215286293455	5.22	16.52	0.19	iteration	3     100005  2.4927063E-02  1.30E-03    5.22   16.52*   0.19
P_W15_IH_M1_A07_S0	adaptive	W15_IH_M1_A07_S0	A07		S0	M1	IH	W15	SR_PLUS	153	4	100001	0.026322659	0.00217	0.08243848009427923	8.24	26.07	0.11	iteration	4     100001  2.6322659E-02  2.17E-03    8.24   26.07    0.11
P_W15_IH_M1_A07_S0	adaptive	W15_IH_M1_A07_S0	A07		S0	M1	IH	W15	SR_PLUS	154	5	100001	0.025218559	0.00127	0.050359737049210464	5.02	15.87	0.12	iteration	5     100001  2.5218559E-02  1.27E-03    5.02   15.87*   0.12
P_W15_IH_M1_A07_S0	adaptive	W15_IH_M1_A07_S0	A07		S0	M1	IH	W15	SR_PLUS	155	6	99998	0.026387681	0.00115	0.04358094218283145	4.38	13.84	0.14	iteration	6      99998  2.6387681E-02  1.15E-03    4.38   13.84*   0.14
P_W15_IH_M1_A07_S0	adaptive	W15_IH_M1_A07_S0	A07		S0	M1	IH	W15	SR_PLUS	156	7	99999	0.02520316	0.000649	0.025750739193021826	2.57	8.14	0.18	iteration	7      99999  2.5203160E-02  6.49E-04    2.57    8.14*   0.18
P_W15_IH_M1_A07_S0	adaptive	W15_IH_M1_A07_S0	A07		S0	M1	IH	W15	SR_PLUS	157	8	100008	0.025459873	0.000718	0.028201240438237848	2.82	8.92	0.37	iteration	8     100008  2.5459873E-02  7.18E-04    2.82    8.92    0.37
P_W15_IH_M1_A07_S0	adaptive	W15_IH_M1_A07_S0	A07		S0	M1	IH	W15	SR_PLUS	158	9	100001	0.024918313	0.000311	0.01248078070132597	1.25	3.95	0.45	iteration	9     100001  2.4918313E-02  3.11E-04    1.25    3.95*   0.45
P_W15_IH_M1_A07_S0	adaptive	W15_IH_M1_A07_S0	A07		S0	M1	IH	W15	SR_PLUS	159	10	100003	0.025987586	0.000645	0.024819542684726466	2.48	7.85	0.21	iteration	10     100003  2.5987586E-02  6.45E-04    2.48    7.85    0.21
P_W15_IH_M1_A07_S0	adaptive	W15_IH_M1_A07_S0	A07		S0	M1	IH	W15	SR_PLUS	161	10	1000014	0.025230774	0.000228	0.009036583657718943	0.9	9.04	0.21	aggregate	10    1000014  2.5230774E-02  2.28E-04    0.90    9.04    0.21    0.52  10
C_W15_IH_M1_A07_S0_F0	fixed	W15_IH_M1_A07_S0_F0	A07	F0	S0	M1	IH	W15	SR_PLUS	146	1	99999	0.025496275	0.0192	0.7530511810058528	75.17	237.7	0.89	iteration	1      99999  2.5496275E-02  1.92E-02   75.17  237.70*   0.89
C_W15_IH_M1_A07_S0_F0	fixed	W15_IH_M1_A07_S0_F0	A07	F0	S0	M1	IH	W15	SR_PLUS	147	2	99999	0.033088866	0.0083	0.25083966310601274	25.08	79.3	0.05	iteration	2      99999  3.3088866E-02  8.30E-03   25.08   79.30*   0.05
C_W15_IH_M1_A07_S0_F0	fixed	W15_IH_M1_A07_S0_F0	A07	F0	S0	M1	IH	W15	SR_PLUS	148	3	100005	0.024927063	0.0013	0.05215215286293455	5.22	16.52	0.19	iteration	3     100005  2.4927063E-02  1.30E-03    5.22   16.52*   0.19
C_W15_IH_M1_A07_S0_F0	fixed	W15_IH_M1_A07_S0_F0	A07	F0	S0	M1	IH	W15	SR_PLUS	149	4	100001	0.026322659	0.00217	0.08243848009427923	8.24	26.07	0.11	iteration	4     100001  2.6322659E-02  2.17E-03    8.24   26.07    0.11
C_W15_IH_M1_A07_S0_F0	fixed	W15_IH_M1_A07_S0_F0	A07	F0	S0	M1	IH	W15	SR_PLUS	150	5	100001	0.025218559	0.00127	0.050359737049210464	5.02	15.87	0.12	iteration	5     100001  2.5218559E-02  1.27E-03    5.02   15.87*   0.12
C_W15_IH_M1_A07_S0_F0	fixed	W15_IH_M1_A07_S0_F0	A07	F0	S0	M1	IH	W15	SR_PLUS	151	6	99998	0.026387681	0.00115	0.04358094218283145	4.38	13.84	0.14	iteration	6      99998  2.6387681E-02  1.15E-03    4.38   13.84*   0.14
C_W15_IH_M1_A07_S0_F0	fixed	W15_IH_M1_A07_S0_F0	A07	F0	S0	M1	IH	W15	SR_PLUS	152	7	99999	0.02520316	0.000649	0.025750739193021826	2.57	8.14	0.18	iteration	7      99999  2.5203160E-02  6.49E-04    2.57    8.14*   0.18
C_W15_IH_M1_A07_S0_F0	fixed	W15_IH_M1_A07_S0_F0	A07	F0	S0	M1	IH	W15	SR_PLUS	153	8	100008	0.025459873	0.000718	0.028201240438237848	2.82	8.92	0.37	iteration	8     100008  2.5459873E-02  7.18E-04    2.82    8.92    0.37
C_W15_IH_M1_A07_S0_F0	fixed	W15_IH_M1_A07_S0_F0	A07	F0	S0	M1	IH	W15	SR_PLUS	154	9	100001	0.024918313	0.000311	0.01248078070132597	1.25	3.95	0.45	iteration	9     100001  2.4918313E-02  3.11E-04    1.25    3.95*   0.45
C_W15_IH_M1_A07_S0_F0	fixed	W15_IH_M1_A07_S0_F0	A07	F0	S0	M1	IH	W15	SR_PLUS	155	10	100003	0.025987586	0.000645	0.024819542684726466	2.48	7.85	0.21	iteration	10     100003  2.5987586E-02  6.45E-04    2.48    7.85    0.21
C_W15_IH_M1_A07_S0_F0	fixed	W15_IH_M1_A07_S0_F0	A07	F0	S0	M1	IH	W15	SR_PLUS	157	10	1000014	0.025230774	0.000228	0.009036583657718943	0.9	9.04	0.21	aggregate	10    1000014  2.5230774E-02  2.28E-04    0.90    9.04    0.21    0.52  10
C_W15_IH_M1_A07_S0_F0	fixed	W15_IH_M1_A07_S0_F0	A07	F0	S0	M1	IH	W15	SR_PLUS	160	11	199998	0.026142903	0.00106	0.04054637696509833	4.07	18.19	0.07	iteration	11     199998  2.6142903E-02  1.06E-03    4.07   18.19    0.07
C_W15_IH_M1_A07_S0_F0	fixed	W15_IH_M1_A07_S0_F0	A07	F0	S0	M1	IH	W15	SR_PLUS	161	12	199998	0.026492982	0.000842	0.031782001739177564	3.18	14.22	0.08	iteration	12     199998  2.6492982E-02  8.42E-04    3.18   14.22*   0.08
C_W15_IH_M1_A07_S0_F0	fixed	W15_IH_M1_A07_S0_F0	A07	F0	S0	M1	IH	W15	SR_PLUS	162	13	199998	0.025598932	0.000252	0.009844160686078622	0.98	4.4	0.34	iteration	13     199998  2.5598932E-02  2.52E-04    0.98    4.40*   0.34
C_W15_IH_M1_A07_S0_F0	fixed	W15_IH_M1_A07_S0_F0	A07	F0	S0	M1	IH	W15	SR_PLUS	164	13	599994	0.025695302	0.000235	0.009145640708951387	0.92	7.09	0.34	aggregate	13     599994  2.5695302E-02  2.35E-04    0.92    7.09    0.34    0.61   3
P_W15_IH_M1_A07_S1	adaptive	W15_IH_M1_A07_S1	A07		S1	M1	IH	W15	SR_PLUS	150	1	99986	0.013201465	0.00741	0.5613013404194155	56.16	177.58	0.9	iteration	1      99986  1.3201465E-02  7.41E-03   56.16  177.58*   0.90
P_W15_IH_M1_A07_S1	adaptive	W15_IH_M1_A07_S1	A07		S1	M1	IH	W15	SR_PLUS	151	2	100000	0.015963628	0.00297	0.18604793346474874	18.63	58.93	0.13	iteration	2     100000  1.5963628E-02  2.97E-03   18.63   58.93*   0.13
P_W15_IH_M1_A07_S1	adaptive	W15_IH_M1_A07_S1	A07		S1	M1	IH	W15	SR_PLUS	152	3	99996	0.022607693	0.00188	0.08315753403056207	8.34	26.36	0.13	iteration	3      99996  2.2607693E-02  1.88E-03    8.34   26.36*   0.13
P_W15_IH_M1_A07_S1	adaptive	W15_IH_M1_A07_S1	A07		S1	M1	IH	W15	SR_PLUS	153	4	99997	0.028244249	0.00385	0.13631093536953312	13.64	43.12	0.43	iteration	4      99997  2.8244249E-02  3.85E-03   13.64   43.12    0.43
P_W15_IH_M1_A07_S1	adaptive	W15_IH_M1_A07_S1	A07		S1	M1	IH	W15	SR_PLUS	154	5	100001	0.025918429	0.00224	0.08642499126779636	8.66	27.37	0.21	iteration	5     100001  2.5918429E-02  2.24E-03    8.66   27.37*   0.21
P_W15_IH_M1_A07_S1	adaptive	W15_IH_M1_A07_S1	A07		S1	M1	IH	W15	SR_PLUS	155	6	99999	0.024736618	0.000866	0.0350088278033804	3.5	11.07	0.14	iteration	6      99999  2.4736618E-02  8.66E-04    3.50   11.07*   0.14
P_W15_IH_M1_A07_S1	adaptive	W15_IH_M1_A07_S1	A07		S1	M1	IH	W15	SR_PLUS	156	7	99999	0.025279833	0.000846	0.033465410946346044	3.35	10.59	0.18	iteration	7      99999  2.5279833E-02  8.46E-04    3.35   10.59*   0.18
P_W15_IH_M1_A07_S1	adaptive	W15_IH_M1_A07_S1	A07		S1	M1	IH	W15	SR_PLUS	157	8	99998	0.027017633	0.00156	0.05774006923552481	5.77	18.24	0.1	iteration	8      99998  2.7017633E-02  1.56E-03    5.77   18.24    0.10
P_W15_IH_M1_A07_S1	adaptive	W15_IH_M1_A07_S1	A07		S1	M1	IH	W15	SR_PLUS	158	9	99997	0.028604493	0.00417	0.1457812938687639	14.57	46.08	0.02	iteration	9      99997  2.8604493E-02  4.17E-03   14.57   46.08    0.02
P_W15_IH_M1_A07_S1	adaptive	W15_IH_M1_A07_S1	A07		S1	M1	IH	W15	SR_PLUS	159	10	100003	0.023643798	0.000618	0.026137932662087537	2.62	8.27	0.18	iteration	10     100003  2.3643798E-02  6.18E-04    2.62    8.27*   0.18
P_W15_IH_M1_A07_S1	adaptive	W15_IH_M1_A07_S1	A07		S1	M1	IH	W15	SR_PLUS	161	10	999976	0.024387395	0.000392	0.01607387750926247	1.61	16.09	0.18	aggregate	10     999976  2.4387395E-02  3.92E-04    1.61   16.09    0.18    2.14  10
C_W15_IH_M1_A07_S1_F0	fixed	W15_IH_M1_A07_S1_F0	A07	F0	S1	M1	IH	W15	SR_PLUS	146	1	99986	0.013201465	0.00741	0.5613013404194155	56.16	177.58	0.9	iteration	1      99986  1.3201465E-02  7.41E-03   56.16  177.58*   0.90
C_W15_IH_M1_A07_S1_F0	fixed	W15_IH_M1_A07_S1_F0	A07	F0	S1	M1	IH	W15	SR_PLUS	147	2	100000	0.015963628	0.00297	0.18604793346474874	18.63	58.93	0.13	iteration	2     100000  1.5963628E-02  2.97E-03   18.63   58.93*   0.13
C_W15_IH_M1_A07_S1_F0	fixed	W15_IH_M1_A07_S1_F0	A07	F0	S1	M1	IH	W15	SR_PLUS	148	3	99996	0.022607693	0.00188	0.08315753403056207	8.34	26.36	0.13	iteration	3      99996  2.2607693E-02  1.88E-03    8.34   26.36*   0.13
C_W15_IH_M1_A07_S1_F0	fixed	W15_IH_M1_A07_S1_F0	A07	F0	S1	M1	IH	W15	SR_PLUS	149	4	99997	0.028244249	0.00385	0.13631093536953312	13.64	43.12	0.43	iteration	4      99997  2.8244249E-02  3.85E-03   13.64   43.12    0.43
C_W15_IH_M1_A07_S1_F0	fixed	W15_IH_M1_A07_S1_F0	A07	F0	S1	M1	IH	W15	SR_PLUS	150	5	100001	0.025918429	0.00224	0.08642499126779636	8.66	27.37	0.21	iteration	5     100001  2.5918429E-02  2.24E-03    8.66   27.37*   0.21
C_W15_IH_M1_A07_S1_F0	fixed	W15_IH_M1_A07_S1_F0	A07	F0	S1	M1	IH	W15	SR_PLUS	151	6	99999	0.024736618	0.000866	0.0350088278033804	3.5	11.07	0.14	iteration	6      99999  2.4736618E-02  8.66E-04    3.50   11.07*   0.14
C_W15_IH_M1_A07_S1_F0	fixed	W15_IH_M1_A07_S1_F0	A07	F0	S1	M1	IH	W15	SR_PLUS	152	7	99999	0.025279833	0.000846	0.033465410946346044	3.35	10.59	0.18	iteration	7      99999  2.5279833E-02  8.46E-04    3.35   10.59*   0.18
C_W15_IH_M1_A07_S1_F0	fixed	W15_IH_M1_A07_S1_F0	A07	F0	S1	M1	IH	W15	SR_PLUS	153	8	99998	0.027017633	0.00156	0.05774006923552481	5.77	18.24	0.1	iteration	8      99998  2.7017633E-02  1.56E-03    5.77   18.24    0.10
C_W15_IH_M1_A07_S1_F0	fixed	W15_IH_M1_A07_S1_F0	A07	F0	S1	M1	IH	W15	SR_PLUS	154	9	99997	0.028604493	0.00417	0.1457812938687639	14.57	46.08	0.02	iteration	9      99997  2.8604493E-02  4.17E-03   14.57   46.08    0.02
C_W15_IH_M1_A07_S1_F0	fixed	W15_IH_M1_A07_S1_F0	A07	F0	S1	M1	IH	W15	SR_PLUS	155	10	100003	0.023643798	0.000618	0.026137932662087537	2.62	8.27	0.18	iteration	10     100003  2.3643798E-02  6.18E-04    2.62    8.27*   0.18
C_W15_IH_M1_A07_S1_F0	fixed	W15_IH_M1_A07_S1_F0	A07	F0	S1	M1	IH	W15	SR_PLUS	157	10	999976	0.024387395	0.000392	0.01607387750926247	1.61	16.09	0.18	aggregate	10     999976  2.4387395E-02  3.92E-04    1.61   16.09    0.18    2.14  10
C_W15_IH_M1_A07_S1_F0	fixed	W15_IH_M1_A07_S1_F0	A07	F0	S1	M1	IH	W15	SR_PLUS	160	11	200003	0.023996591	0.000393	0.0163773262627179	1.64	7.33	0.13	iteration	11     200003  2.3996591E-02  3.93E-04    1.64    7.33*   0.13
C_W15_IH_M1_A07_S1_F0	fixed	W15_IH_M1_A07_S1_F0	A07	F0	S1	M1	IH	W15	SR_PLUS	161	12	200003	0.026036828	0.00127	0.048777063012437616	4.86	21.74	0.04	iteration	12     200003  2.6036828E-02  1.27E-03    4.86   21.74    0.04
C_W15_IH_M1_A07_S1_F0	fixed	W15_IH_M1_A07_S1_F0	A07	F0	S1	M1	IH	W15	SR_PLUS	162	13	200003	0.02410787	0.000358	0.014849922452709425	1.49	6.65	0.16	iteration	13     200003  2.4107870E-02  3.58E-04    1.49    6.65*   0.16
C_W15_IH_M1_A07_S1_F0	fixed	W15_IH_M1_A07_S1_F0	A07	F0	S1	M1	IH	W15	SR_PLUS	164	13	600009	0.024140444	0.000259	0.010728883031314586	1.07	8.32	0.16	aggregate	13     600009  2.4140444E-02  2.59E-04    1.07    8.32    0.16    1.19   3
P_W15_IH_M1_A07_S2	adaptive	W15_IH_M1_A07_S2	A07		S2	M1	IH	W15	SR_PLUS	150	1	100005	0.0088765752	0.00463	0.5215975638892801	52.17	164.98	0.94	iteration	1     100005  8.8765752E-03  4.63E-03   52.17  164.98*   0.94
P_W15_IH_M1_A07_S2	adaptive	W15_IH_M1_A07_S2	A07		S2	M1	IH	W15	SR_PLUS	151	2	99999	0.034193259	0.0139	0.40651287436509054	40.61	128.42	0.05	iteration	2      99999  3.4193259E-02  1.39E-02   40.61  128.42*   0.05
P_W15_IH_M1_A07_S2	adaptive	W15_IH_M1_A07_S2	A07		S2	M1	IH	W15	SR_PLUS	152	3	100005	0.035150855	0.0227	0.645787990078762	64.65	204.46	0.06	iteration	3     100005  3.5150855E-02  2.27E-02   64.65  204.46    0.06
P_W15_IH_M1_A07_S2	adaptive	W15_IH_M1_A07_S2	A07		S2	M1	IH	W15	SR_PLUS	153	4	99998	0.02442027	0.0058	0.23750761150470487	23.76	75.13	0.04	iteration	4      99998  2.4420270E-02  5.80E-03   23.76   75.13*   0.04
P_W15_IH_M1_A07_S2	adaptive	W15_IH_M1_A07_S2	A07		S2	M1	IH	W15	SR_PLUS	154	5	100001	0.036926897	0.0072	0.19497982730582533	19.51	61.7	0.04	iteration	5     100001  3.6926897E-02  7.20E-03   19.51   61.70*   0.04
P_W15_IH_M1_A07_S2	adaptive	W15_IH_M1_A07_S2	A07		S2	M1	IH	W15	SR_PLUS	155	6	99999	0.026224608	0.00217	0.08274670874012684	8.29	26.22	0.07	iteration	6      99999  2.6224608E-02  2.17E-03    8.29   26.22*   0.07
P_W15_IH_M1_A07_S2	adaptive	W15_IH_M1_A07_S2	A07		S2	M1	IH	W15	SR_PLUS	156	7	99997	0.026644524	0.00135	0.05066707140273927	5.06	16.01	0.16	iteration	7      99997  2.6644524E-02  1.35E-03    5.06   16.01*   0.16
P_W15_IH_M1_A07_S2	adaptive	W15_IH_M1_A07_S2	A07		S2	M1	IH	W15	SR_PLUS	157	8	100002	0.02457143	0.000899	0.036587207175162374	3.66	11.58	0.17	iteration	8     100002  2.4571430E-02  8.99E-04    3.66   11.58*   0.17
P_W15_IH_M1_A07_S2	adaptive	W15_IH_M1_A07_S2	A07		S2	M1	IH	W15	SR_PLUS	158	9	100002	0.023406096	0.0005	0.021361956304032932	2.13	6.75	0.42	iteration	9     100002  2.3406096E-02  5.00E-04    2.13    6.75*   0.42
P_W15_IH_M1_A07_S2	adaptive	W15_IH_M1_A07_S2	A07		S2	M1	IH	W15	SR_PLUS	159	10	100002	0.030347554	0.0042	0.13839665628406164	13.83	43.73	0.05	iteration	10     100002  3.0347554E-02  4.20E-03   13.83   43.73    0.05
P_W15_IH_M1_A07_S2	adaptive	W15_IH_M1_A07_S2	A07		S2	M1	IH	W15	SR_PLUS	161	10	1000010	0.024039592	0.000403	0.016764011635472018	1.68	16.76	0.05	aggregate	10    1000010  2.4039592E-02  4.03E-04    1.68   16.76    0.05    2.63  10
C_W15_IH_M1_A07_S2_F0	fixed	W15_IH_M1_A07_S2_F0	A07	F0	S2	M1	IH	W15	SR_PLUS	146	1	100005	0.0088765752	0.00463	0.5215975638892801	52.17	164.98	0.94	iteration	1     100005  8.8765752E-03  4.63E-03   52.17  164.98*   0.94
C_W15_IH_M1_A07_S2_F0	fixed	W15_IH_M1_A07_S2_F0	A07	F0	S2	M1	IH	W15	SR_PLUS	147	2	99999	0.034193259	0.0139	0.40651287436509054	40.61	128.42	0.05	iteration	2      99999  3.4193259E-02  1.39E-02   40.61  128.42*   0.05
C_W15_IH_M1_A07_S2_F0	fixed	W15_IH_M1_A07_S2_F0	A07	F0	S2	M1	IH	W15	SR_PLUS	148	3	100005	0.035150855	0.0227	0.645787990078762	64.65	204.46	0.06	iteration	3     100005  3.5150855E-02  2.27E-02   64.65  204.46    0.06
C_W15_IH_M1_A07_S2_F0	fixed	W15_IH_M1_A07_S2_F0	A07	F0	S2	M1	IH	W15	SR_PLUS	149	4	99998	0.02442027	0.0058	0.23750761150470487	23.76	75.13	0.04	iteration	4      99998  2.4420270E-02  5.80E-03   23.76   75.13*   0.04
C_W15_IH_M1_A07_S2_F0	fixed	W15_IH_M1_A07_S2_F0	A07	F0	S2	M1	IH	W15	SR_PLUS	150	5	100001	0.036926897	0.0072	0.19497982730582533	19.51	61.7	0.04	iteration	5     100001  3.6926897E-02  7.20E-03   19.51   61.70*   0.04
C_W15_IH_M1_A07_S2_F0	fixed	W15_IH_M1_A07_S2_F0	A07	F0	S2	M1	IH	W15	SR_PLUS	151	6	99999	0.026224608	0.00217	0.08274670874012684	8.29	26.22	0.07	iteration	6      99999  2.6224608E-02  2.17E-03    8.29   26.22*   0.07
C_W15_IH_M1_A07_S2_F0	fixed	W15_IH_M1_A07_S2_F0	A07	F0	S2	M1	IH	W15	SR_PLUS	152	7	99997	0.026644524	0.00135	0.05066707140273927	5.06	16.01	0.16	iteration	7      99997  2.6644524E-02  1.35E-03    5.06   16.01*   0.16
C_W15_IH_M1_A07_S2_F0	fixed	W15_IH_M1_A07_S2_F0	A07	F0	S2	M1	IH	W15	SR_PLUS	153	8	100002	0.02457143	0.000899	0.036587207175162374	3.66	11.58	0.17	iteration	8     100002  2.4571430E-02  8.99E-04    3.66   11.58*   0.17
C_W15_IH_M1_A07_S2_F0	fixed	W15_IH_M1_A07_S2_F0	A07	F0	S2	M1	IH	W15	SR_PLUS	154	9	100002	0.023406096	0.0005	0.021361956304032932	2.13	6.75	0.42	iteration	9     100002  2.3406096E-02  5.00E-04    2.13    6.75*   0.42
C_W15_IH_M1_A07_S2_F0	fixed	W15_IH_M1_A07_S2_F0	A07	F0	S2	M1	IH	W15	SR_PLUS	155	10	100002	0.030347554	0.0042	0.13839665628406164	13.83	43.73	0.05	iteration	10     100002  3.0347554E-02  4.20E-03   13.83   43.73    0.05
C_W15_IH_M1_A07_S2_F0	fixed	W15_IH_M1_A07_S2_F0	A07	F0	S2	M1	IH	W15	SR_PLUS	157	10	1000010	0.024039592	0.000403	0.016764011635472018	1.68	16.76	0.05	aggregate	10    1000010  2.4039592E-02  4.03E-04    1.68   16.76    0.05    2.63  10
C_W15_IH_M1_A07_S2_F0	fixed	W15_IH_M1_A07_S2_F0	A07	F0	S2	M1	IH	W15	SR_PLUS	160	11	200000	0.02506489	0.000723	0.02884512958165785	2.88	12.9	0.22	iteration	11     200000  2.5064890E-02  7.23E-04    2.88   12.90*   0.22
C_W15_IH_M1_A07_S2_F0	fixed	W15_IH_M1_A07_S2_F0	A07	F0	S2	M1	IH	W15	SR_PLUS	161	12	200000	0.024730078	0.000871	0.03522026901815676	3.52	15.76	0.26	iteration	12     200000  2.4730078E-02  8.71E-04    3.52   15.76    0.26
C_W15_IH_M1_A07_S2_F0	fixed	W15_IH_M1_A07_S2_F0	A07	F0	S2	M1	IH	W15	SR_PLUS	162	13	200000	0.031973216	0.00751	0.23488409799001767	23.5	105.08	0.05	iteration	13     200000  3.1973216E-02  7.51E-03   23.50  105.08    0.05
C_W15_IH_M1_A07_S2_F0	fixed	W15_IH_M1_A07_S2_F0	A07	F0	S2	M1	IH	W15	SR_PLUS	164	13	600000	0.024966834	0.000555	0.02222949053131847	2.22	17.22	0.05	aggregate	13     600000  2.4966834E-02  5.55E-04    2.22   17.22    0.05    0.48   3
P_W15_IH_M1_A07_S3	adaptive	W15_IH_M1_A07_S3	A07		S3	M1	IH	W15	SR_PLUS	150	1	99998	0.021735828	0.0113	0.5198789758549801	51.95	164.27	1.36	iteration	1      99998  2.1735828E-02  1.13E-02   51.95  164.27*   1.36
P_W15_IH_M1_A07_S3	adaptive	W15_IH_M1_A07_S3	A07		S3	M1	IH	W15	SR_PLUS	151	2	99997	0.025637322	0.0107	0.41736028435419265	41.84	132.32	0.02	iteration	2      99997  2.5637322E-02  1.07E-02   41.84  132.32*   0.02
P_W15_IH_M1_A07_S3	adaptive	W15_IH_M1_A07_S3	A07		S3	M1	IH	W15	SR_PLUS	152	3	100000	0.014998185	0.00276	0.18402226669427	18.38	58.12	0.03	iteration	3     100000  1.4998185E-02  2.76E-03   18.38   58.12*   0.03
P_W15_IH_M1_A07_S3	adaptive	W15_IH_M1_A07_S3	A07		S3	M1	IH	W15	SR_PLUS	153	4	100000	0.020749825	0.00256	0.12337453448402579	12.34	39.02	0.06	iteration	4     100000  2.0749825E-02  2.56E-03   12.34   39.02*   0.06
P_W15_IH_M1_A07_S3	adaptive	W15_IH_M1_A07_S3	A07		S3	M1	IH	W15	SR_PLUS	154	5	100000	0.026777573	0.00267	0.09971030608337807	9.98	31.55	0.03	iteration	5     100000  2.6777573E-02  2.67E-03    9.98   31.55*   0.03
P_W15_IH_M1_A07_S3	adaptive	W15_IH_M1_A07_S3	A07		S3	M1	IH	W15	SR_PLUS	155	6	100000	0.025790673	0.0027	0.10468900908479589	10.45	33.06	0.18	iteration	6     100000  2.5790673E-02  2.70E-03   10.45   33.06    0.18
P_W15_IH_M1_A07_S3	adaptive	W15_IH_M1_A07_S3	A07		S3	M1	IH	W15	SR_PLUS	156	7	99995	0.025204467	0.000794	0.031502352340956066	3.15	9.96	0.14	iteration	7      99995  2.5204467E-02  7.94E-04    3.15    9.96*   0.14
P_W15_IH_M1_A07_S3	adaptive	W15_IH_M1_A07_S3	A07		S3	M1	IH	W15	SR_PLUS	157	8	99999	0.024023207	0.000591	0.024601211653381666	2.46	7.78	0.18	iteration	8      99999  2.4023207E-02  5.91E-04    2.46    7.78*   0.18
P_W15_IH_M1_A07_S3	adaptive	W15_IH_M1_A07_S3	A07		S3	M1	IH	W15	SR_PLUS	158	9	99997	0.025168549	0.000815	0.03238168398186165	3.24	10.24	0.15	iteration	9      99997  2.5168549E-02  8.15E-04    3.24   10.24    0.15
P_W15_IH_M1_A07_S3	adaptive	W15_IH_M1_A07_S3	A07		S3	M1	IH	W15	SR_PLUS	159	10	99999	0.024806475	0.000726	0.029266552381988973	2.93	9.26	0.16	iteration	10      99999  2.4806475E-02  7.26E-04    2.93    9.26*   0.16
P_W15_IH_M1_A07_S3	adaptive	W15_IH_M1_A07_S3	A07		S3	M1	IH	W15	SR_PLUS	161	10	999985	0.024500286	0.000345	0.014081468273472399	1.41	14.06	0.16	aggregate	10     999985  2.4500286E-02  3.45E-04    1.41   14.06    0.16    1.93  10
C_W15_IH_M1_A07_S3_F0	fixed	W15_IH_M1_A07_S3_F0	A07	F0	S3	M1	IH	W15	SR_PLUS	146	1	99998	0.021735828	0.0113	0.5198789758549801	51.95	164.27	1.36	iteration	1      99998  2.1735828E-02  1.13E-02   51.95  164.27*   1.36
C_W15_IH_M1_A07_S3_F0	fixed	W15_IH_M1_A07_S3_F0	A07	F0	S3	M1	IH	W15	SR_PLUS	147	2	99997	0.025637322	0.0107	0.41736028435419265	41.84	132.32	0.02	iteration	2      99997  2.5637322E-02  1.07E-02   41.84  132.32*   0.02
C_W15_IH_M1_A07_S3_F0	fixed	W15_IH_M1_A07_S3_F0	A07	F0	S3	M1	IH	W15	SR_PLUS	148	3	100000	0.014998185	0.00276	0.18402226669427	18.38	58.12	0.03	iteration	3     100000  1.4998185E-02  2.76E-03   18.38   58.12*   0.03
C_W15_IH_M1_A07_S3_F0	fixed	W15_IH_M1_A07_S3_F0	A07	F0	S3	M1	IH	W15	SR_PLUS	149	4	100000	0.020749825	0.00256	0.12337453448402579	12.34	39.02	0.06	iteration	4     100000  2.0749825E-02  2.56E-03   12.34   39.02*   0.06
C_W15_IH_M1_A07_S3_F0	fixed	W15_IH_M1_A07_S3_F0	A07	F0	S3	M1	IH	W15	SR_PLUS	150	5	100000	0.026777573	0.00267	0.09971030608337807	9.98	31.55	0.03	iteration	5     100000  2.6777573E-02  2.67E-03    9.98   31.55*   0.03
C_W15_IH_M1_A07_S3_F0	fixed	W15_IH_M1_A07_S3_F0	A07	F0	S3	M1	IH	W15	SR_PLUS	151	6	100000	0.025790673	0.0027	0.10468900908479589	10.45	33.06	0.18	iteration	6     100000  2.5790673E-02  2.70E-03   10.45   33.06    0.18
C_W15_IH_M1_A07_S3_F0	fixed	W15_IH_M1_A07_S3_F0	A07	F0	S3	M1	IH	W15	SR_PLUS	152	7	99995	0.025204467	0.000794	0.031502352340956066	3.15	9.96	0.14	iteration	7      99995  2.5204467E-02  7.94E-04    3.15    9.96*   0.14
C_W15_IH_M1_A07_S3_F0	fixed	W15_IH_M1_A07_S3_F0	A07	F0	S3	M1	IH	W15	SR_PLUS	153	8	99999	0.024023207	0.000591	0.024601211653381666	2.46	7.78	0.18	iteration	8      99999  2.4023207E-02  5.91E-04    2.46    7.78*   0.18
C_W15_IH_M1_A07_S3_F0	fixed	W15_IH_M1_A07_S3_F0	A07	F0	S3	M1	IH	W15	SR_PLUS	154	9	99997	0.025168549	0.000815	0.03238168398186165	3.24	10.24	0.15	iteration	9      99997  2.5168549E-02  8.15E-04    3.24   10.24    0.15
C_W15_IH_M1_A07_S3_F0	fixed	W15_IH_M1_A07_S3_F0	A07	F0	S3	M1	IH	W15	SR_PLUS	155	10	99999	0.024806475	0.000726	0.029266552381988973	2.93	9.26	0.16	iteration	10      99999  2.4806475E-02  7.26E-04    2.93    9.26*   0.16
C_W15_IH_M1_A07_S3_F0	fixed	W15_IH_M1_A07_S3_F0	A07	F0	S3	M1	IH	W15	SR_PLUS	157	10	999985	0.024500286	0.000345	0.014081468273472399	1.41	14.06	0.16	aggregate	10     999985  2.4500286E-02  3.45E-04    1.41   14.06    0.16    1.93  10
C_W15_IH_M1_A07_S3_F0	fixed	W15_IH_M1_A07_S3_F0	A07	F0	S3	M1	IH	W15	SR_PLUS	160	11	199999	0.02469988	0.000509	0.020607387566255384	2.06	9.21	0.09	iteration	11     199999  2.4699880E-02  5.09E-04    2.06    9.21*   0.09
C_W15_IH_M1_A07_S3_F0	fixed	W15_IH_M1_A07_S3_F0	A07	F0	S3	M1	IH	W15	SR_PLUS	161	12	199999	0.025401748	0.000923	0.03633608206805296	3.63	16.25	0.05	iteration	12     199999  2.5401748E-02  9.23E-04    3.63   16.25    0.05
C_W15_IH_M1_A07_S3_F0	fixed	W15_IH_M1_A07_S3_F0	A07	F0	S3	M1	IH	W15	SR_PLUS	162	13	199999	0.02431608	0.000335	0.013776891670038921	1.38	6.15	0.15	iteration	13     199999  2.4316080E-02  3.35E-04    1.38    6.15*   0.15
C_W15_IH_M1_A07_S3_F0	fixed	W15_IH_M1_A07_S3_F0	A07	F0	S3	M1	IH	W15	SR_PLUS	164	13	599997	0.024513419	0.000268	0.010932787466326097	1.09	8.45	0.15	aggregate	13     599997  2.4513419E-02  2.68E-04    1.09    8.45    0.15    0.70   3
P_W15_IH_M1_A07_S4	adaptive	W15_IH_M1_A07_S4	A07		S4	M1	IH	W15	SR_PLUS	150	1	99999	0.039129987	0.0242	0.6184515215913565	61.86	195.61	0.92	iteration	1      99999  3.9129987E-02  2.42E-02   61.86  195.61*   0.92
P_W15_IH_M1_A07_S4	adaptive	W15_IH_M1_A07_S4	A07		S4	M1	IH	W15	SR_PLUS	151	2	99999	0.024348444	0.00408	0.1675671759558845	16.77	53.04	0.08	iteration	2      99999  2.4348444E-02  4.08E-03   16.77   53.04*   0.08
P_W15_IH_M1_A07_S4	adaptive	W15_IH_M1_A07_S4	A07		S4	M1	IH	W15	SR_PLUS	152	3	100000	0.028506758	0.00329	0.11541122985644316	11.55	36.54	0.09	iteration	3     100000  2.8506758E-02  3.29E-03   11.55   36.54*   0.09
P_W15_IH_M1_A07_S4	adaptive	W15_IH_M1_A07_S4	A07		S4	M1	IH	W15	SR_PLUS	153	4	99999	0.024961034	0.000971	0.03890063208118702	3.89	12.3	0.23	iteration	4      99999  2.4961034E-02  9.71E-04    3.89   12.30*   0.23
P_W15_IH_M1_A07_S4	adaptive	W15_IH_M1_A07_S4	A07		S4	M1	IH	W15	SR_PLUS	154	5	99998	0.024896569	0.00058	0.023296382726471266	2.33	7.36	0.33	iteration	5      99998  2.4896569E-02  5.80E-04    2.33    7.36*   0.33
P_W15_IH_M1_A07_S4	adaptive	W15_IH_M1_A07_S4	A07		S4	M1	IH	W15	SR_PLUS	155	6	100003	0.025579411	0.000668	0.026114752994117026	2.61	8.26	0.27	iteration	6     100003  2.5579411E-02  6.68E-04    2.61    8.26    0.27
P_W15_IH_M1_A07_S4	adaptive	W15_IH_M1_A07_S4	A07		S4	M1	IH	W15	SR_PLUS	156	7	100000	0.025236769	0.000513	0.020327483284409347	2.03	6.43	0.52	iteration	7     100000  2.5236769E-02  5.13E-04    2.03    6.43*   0.52
P_W15_IH_M1_A07_S4	adaptive	W15_IH_M1_A07_S4	A07		S4	M1	IH	W15	SR_PLUS	157	8	100001	0.027321895	0.00218	0.07978948751541576	7.97	25.21	0.08	iteration	8     100001  2.7321895E-02  2.18E-03    7.97   25.21    0.08
P_W15_IH_M1_A07_S4	adaptive	W15_IH_M1_A07_S4	A07		S4	M1	IH	W15	SR_PLUS	158	9	100001	0.02788083	0.00163	0.05846310888162225	5.84	18.46	0.06	iteration	9     100001  2.7880830E-02  1.63E-03    5.84   18.46*   0.06
P_W15_IH_M1_A07_S4	adaptive	W15_IH_M1_A07_S4	A07		S4	M1	IH	W15	SR_PLUS	159	10	100002	0.0252892	0.000727	0.02874744950413615	2.88	9.09	0.12	iteration	10     100002  2.5289200E-02  7.27E-04    2.88    9.09*   0.12
P_W15_IH_M1_A07_S4	adaptive	W15_IH_M1_A07_S4	A07		S4	M1	IH	W15	SR_PLUS	161	10	1000002	0.025336789	0.000281	0.011090592418794664	1.11	11.07	0.12	aggregate	10    1000002  2.5336789E-02  2.81E-04    1.11   11.07    0.12    0.61  10
C_W15_IH_M1_A07_S4_F0	fixed	W15_IH_M1_A07_S4_F0	A07	F0	S4	M1	IH	W15	SR_PLUS	146	1	99999	0.039129987	0.0242	0.6184515215913565	61.86	195.61	0.92	iteration	1      99999  3.9129987E-02  2.42E-02   61.86  195.61*   0.92
C_W15_IH_M1_A07_S4_F0	fixed	W15_IH_M1_A07_S4_F0	A07	F0	S4	M1	IH	W15	SR_PLUS	147	2	99999	0.024348444	0.00408	0.1675671759558845	16.77	53.04	0.08	iteration	2      99999  2.4348444E-02  4.08E-03   16.77   53.04*   0.08
C_W15_IH_M1_A07_S4_F0	fixed	W15_IH_M1_A07_S4_F0	A07	F0	S4	M1	IH	W15	SR_PLUS	148	3	100000	0.028506758	0.00329	0.11541122985644316	11.55	36.54	0.09	iteration	3     100000  2.8506758E-02  3.29E-03   11.55   36.54*   0.09
C_W15_IH_M1_A07_S4_F0	fixed	W15_IH_M1_A07_S4_F0	A07	F0	S4	M1	IH	W15	SR_PLUS	149	4	99999	0.024961034	0.000971	0.03890063208118702	3.89	12.3	0.23	iteration	4      99999  2.4961034E-02  9.71E-04    3.89   12.30*   0.23
C_W15_IH_M1_A07_S4_F0	fixed	W15_IH_M1_A07_S4_F0	A07	F0	S4	M1	IH	W15	SR_PLUS	150	5	99998	0.024896569	0.00058	0.023296382726471266	2.33	7.36	0.33	iteration	5      99998  2.4896569E-02  5.80E-04    2.33    7.36*   0.33
C_W15_IH_M1_A07_S4_F0	fixed	W15_IH_M1_A07_S4_F0	A07	F0	S4	M1	IH	W15	SR_PLUS	151	6	100003	0.025579411	0.000668	0.026114752994117026	2.61	8.26	0.27	iteration	6     100003  2.5579411E-02  6.68E-04    2.61    8.26    0.27
C_W15_IH_M1_A07_S4_F0	fixed	W15_IH_M1_A07_S4_F0	A07	F0	S4	M1	IH	W15	SR_PLUS	152	7	100000	0.025236769	0.000513	0.020327483284409347	2.03	6.43	0.52	iteration	7     100000  2.5236769E-02  5.13E-04    2.03    6.43*   0.52
C_W15_IH_M1_A07_S4_F0	fixed	W15_IH_M1_A07_S4_F0	A07	F0	S4	M1	IH	W15	SR_PLUS	153	8	100001	0.027321895	0.00218	0.07978948751541576	7.97	25.21	0.08	iteration	8     100001  2.7321895E-02  2.18E-03    7.97   25.21    0.08
C_W15_IH_M1_A07_S4_F0	fixed	W15_IH_M1_A07_S4_F0	A07	F0	S4	M1	IH	W15	SR_PLUS	154	9	100001	0.02788083	0.00163	0.05846310888162225	5.84	18.46	0.06	iteration	9     100001  2.7880830E-02  1.63E-03    5.84   18.46*   0.06
C_W15_IH_M1_A07_S4_F0	fixed	W15_IH_M1_A07_S4_F0	A07	F0	S4	M1	IH	W15	SR_PLUS	155	10	100002	0.0252892	0.000727	0.02874744950413615	2.88	9.09	0.12	iteration	10     100002  2.5289200E-02  7.27E-04    2.88    9.09*   0.12
C_W15_IH_M1_A07_S4_F0	fixed	W15_IH_M1_A07_S4_F0	A07	F0	S4	M1	IH	W15	SR_PLUS	157	10	1000002	0.025336789	0.000281	0.011090592418794664	1.11	11.07	0.12	aggregate	10    1000002  2.5336789E-02  2.81E-04    1.11   11.07    0.12    0.61  10
C_W15_IH_M1_A07_S4_F0	fixed	W15_IH_M1_A07_S4_F0	A07	F0	S4	M1	IH	W15	SR_PLUS	160	11	199997	0.024649472	0.000248	0.01006106743381765	1.01	4.5	0.4	iteration	11     199997  2.4649472E-02  2.48E-04    1.01    4.50*   0.40
C_W15_IH_M1_A07_S4_F0	fixed	W15_IH_M1_A07_S4_F0	A07	F0	S4	M1	IH	W15	SR_PLUS	161	12	199997	0.025780651	0.000654	0.025367862122643834	2.53	11.34	0.1	iteration	12     199997  2.5780651E-02  6.54E-04    2.53   11.34    0.10
C_W15_IH_M1_A07_S4_F0	fixed	W15_IH_M1_A07_S4_F0	A07	F0	S4	M1	IH	W15	SR_PLUS	162	13	199997	0.025177995	0.000524	0.02081182397565811	2.08	9.31	0.1	iteration	13     199997  2.5177995E-02  5.24E-04    2.08    9.31*   0.10
C_W15_IH_M1_A07_S4_F0	fixed	W15_IH_M1_A07_S4_F0	A07	F0	S4	M1	IH	W15	SR_PLUS	164	13	599991	0.024854805	0.000212	0.008529537849924794	0.85	6.6	0.1	aggregate	13     599991  2.4854805E-02  2.12E-04    0.85    6.60    0.10    1.54   3
P_W15_IH_M1_A07_S5	adaptive	W15_IH_M1_A07_S5	A07		S5	M1	IH	W15	SR_PLUS	150	1	100005	0.034377452	0.0272	0.7912162890955384	79.17	250.38	0.9	iteration	1     100005  3.4377452E-02  2.72E-02   79.17  250.38*   0.90
P_W15_IH_M1_A07_S5	adaptive	W15_IH_M1_A07_S5	A07		S5	M1	IH	W15	SR_PLUS	151	2	99993	0.029804152	0.00507	0.17011052688229478	17.02	53.81	0.06	iteration	2      99993  2.9804152E-02  5.07E-03   17.02   53.81*   0.06
P_W15_IH_M1_A07_S5	adaptive	W15_IH_M1_A07_S5	A07		S5	M1	IH	W15	SR_PLUS	152	3	100000	0.025176103	0.000909	0.03610566734653096	3.61	11.42	0.1	iteration	3     100000  2.5176103E-02  9.09E-04    3.61   11.42*   0.10
P_W15_IH_M1_A07_S5	adaptive	W15_IH_M1_A07_S5	A07		S5	M1	IH	W15	SR_PLUS	153	4	100001	0.023755442	0.000653	0.027488438228175253	2.75	8.69	0.27	iteration	4     100001  2.3755442E-02  6.53E-04    2.75    8.69*   0.27
P_W15_IH_M1_A07_S5	adaptive	W15_IH_M1_A07_S5	A07		S5	M1	IH	W15	SR_PLUS	154	5	99996	0.024113311	0.000363	0.015053926024509865	1.51	4.76	0.36	iteration	5      99996  2.4113311E-02  3.63E-04    1.51    4.76*   0.36
P_W15_IH_M1_A07_S5	adaptive	W15_IH_M1_A07_S5	A07		S5	M1	IH	W15	SR_PLUS	155	6	100001	0.024496137	0.000371	0.015145245146204073	1.51	4.79	0.26	iteration	6     100001  2.4496137E-02  3.71E-04    1.51    4.79    0.26
P_W15_IH_M1_A07_S5	adaptive	W15_IH_M1_A07_S5	A07		S5	M1	IH	W15	SR_PLUS	156	7	100001	0.028389298	0.00334	0.11764996795623478	11.78	37.24	0.46	iteration	7     100001  2.8389298E-02  3.34E-03   11.78   37.24    0.46
P_W15_IH_M1_A07_S5	adaptive	W15_IH_M1_A07_S5	A07		S5	M1	IH	W15	SR_PLUS	157	8	100002	0.026130907	0.00126	0.048218762555773516	4.83	15.28	0.08	iteration	8     100002  2.6130907E-02  1.26E-03    4.83   15.28*   0.08
P_W15_IH_M1_A07_S5	adaptive	W15_IH_M1_A07_S5	A07		S5	M1	IH	W15	SR_PLUS	158	9	100001	0.024261019	0.000318	0.013107446146429379	1.31	4.14	0.52	iteration	9     100001  2.4261019E-02  3.18E-04    1.31    4.14*   0.52
P_W15_IH_M1_A07_S5	adaptive	W15_IH_M1_A07_S5	A07		S5	M1	IH	W15	SR_PLUS	159	10	99997	0.024829621	0.000627	0.025252097081949015	2.52	7.98	0.15	iteration	10      99997  2.4829621E-02  6.27E-04    2.52    7.98    0.15
P_W15_IH_M1_A07_S5	adaptive	W15_IH_M1_A07_S5	A07		S5	M1	IH	W15	SR_PLUS	161	10	999997	0.024378999	0.000178	0.007301366229187671	0.73	7.29	0.15	aggregate	10     999997  2.4378999E-02  1.78E-04    0.73    7.29    0.15    0.85  10
C_W15_IH_M1_A07_S5_F0	fixed	W15_IH_M1_A07_S5_F0	A07	F0	S5	M1	IH	W15	SR_PLUS	146	1	100005	0.034377452	0.0272	0.7912162890955384	79.17	250.38	0.9	iteration	1     100005  3.4377452E-02  2.72E-02   79.17  250.38*   0.90
C_W15_IH_M1_A07_S5_F0	fixed	W15_IH_M1_A07_S5_F0	A07	F0	S5	M1	IH	W15	SR_PLUS	147	2	99993	0.029804152	0.00507	0.17011052688229478	17.02	53.81	0.06	iteration	2      99993  2.9804152E-02  5.07E-03   17.02   53.81*   0.06
C_W15_IH_M1_A07_S5_F0	fixed	W15_IH_M1_A07_S5_F0	A07	F0	S5	M1	IH	W15	SR_PLUS	148	3	100000	0.025176103	0.000909	0.03610566734653096	3.61	11.42	0.1	iteration	3     100000  2.5176103E-02  9.09E-04    3.61   11.42*   0.10
C_W15_IH_M1_A07_S5_F0	fixed	W15_IH_M1_A07_S5_F0	A07	F0	S5	M1	IH	W15	SR_PLUS	149	4	100001	0.023755442	0.000653	0.027488438228175253	2.75	8.69	0.27	iteration	4     100001  2.3755442E-02  6.53E-04    2.75    8.69*   0.27
C_W15_IH_M1_A07_S5_F0	fixed	W15_IH_M1_A07_S5_F0	A07	F0	S5	M1	IH	W15	SR_PLUS	150	5	99996	0.024113311	0.000363	0.015053926024509865	1.51	4.76	0.36	iteration	5      99996  2.4113311E-02  3.63E-04    1.51    4.76*   0.36
C_W15_IH_M1_A07_S5_F0	fixed	W15_IH_M1_A07_S5_F0	A07	F0	S5	M1	IH	W15	SR_PLUS	151	6	100001	0.024496137	0.000371	0.015145245146204073	1.51	4.79	0.26	iteration	6     100001  2.4496137E-02  3.71E-04    1.51    4.79    0.26
C_W15_IH_M1_A07_S5_F0	fixed	W15_IH_M1_A07_S5_F0	A07	F0	S5	M1	IH	W15	SR_PLUS	152	7	100001	0.028389298	0.00334	0.11764996795623478	11.78	37.24	0.46	iteration	7     100001  2.8389298E-02  3.34E-03   11.78   37.24    0.46
C_W15_IH_M1_A07_S5_F0	fixed	W15_IH_M1_A07_S5_F0	A07	F0	S5	M1	IH	W15	SR_PLUS	153	8	100002	0.026130907	0.00126	0.048218762555773516	4.83	15.28	0.08	iteration	8     100002  2.6130907E-02  1.26E-03    4.83   15.28*   0.08
C_W15_IH_M1_A07_S5_F0	fixed	W15_IH_M1_A07_S5_F0	A07	F0	S5	M1	IH	W15	SR_PLUS	154	9	100001	0.024261019	0.000318	0.013107446146429379	1.31	4.14	0.52	iteration	9     100001  2.4261019E-02  3.18E-04    1.31    4.14*   0.52
C_W15_IH_M1_A07_S5_F0	fixed	W15_IH_M1_A07_S5_F0	A07	F0	S5	M1	IH	W15	SR_PLUS	155	10	99997	0.024829621	0.000627	0.025252097081949015	2.52	7.98	0.15	iteration	10      99997  2.4829621E-02  6.27E-04    2.52    7.98    0.15
C_W15_IH_M1_A07_S5_F0	fixed	W15_IH_M1_A07_S5_F0	A07	F0	S5	M1	IH	W15	SR_PLUS	157	10	999997	0.024378999	0.000178	0.007301366229187671	0.73	7.29	0.15	aggregate	10     999997  2.4378999E-02  1.78E-04    0.73    7.29    0.15    0.85  10
C_W15_IH_M1_A07_S5_F0	fixed	W15_IH_M1_A07_S5_F0	A07	F0	S5	M1	IH	W15	SR_PLUS	160	11	199999	0.02495073	0.0006	0.024047392601338716	2.4	10.75	0.27	iteration	11     199999  2.4950730E-02  6.00E-04    2.40   10.75    0.27
C_W15_IH_M1_A07_S5_F0	fixed	W15_IH_M1_A07_S5_F0	A07	F0	S5	M1	IH	W15	SR_PLUS	161	12	199999	0.024991044	0.000641	0.025649188565311634	2.57	11.47	0.1	iteration	12     199999  2.4991044E-02  6.41E-04    2.57   11.47    0.10
C_W15_IH_M1_A07_S5_F0	fixed	W15_IH_M1_A07_S5_F0	A07	F0	S5	M1	IH	W15	SR_PLUS	162	13	199999	0.026335856	0.00154	0.05847541086190629	5.84	26.12	0.03	iteration	13     199999  2.6335856E-02  1.54E-03    5.84   26.12    0.03
C_W15_IH_M1_A07_S5_F0	fixed	W15_IH_M1_A07_S5_F0	A07	F0	S5	M1	IH	W15	SR_PLUS	164	13	599997	0.02507196	0.000421	0.01679166686609264	1.68	13.01	0.03	aggregate	13     599997  2.5071960E-02  4.21E-04    1.68   13.01    0.03    0.37   3
P_W15_IH_M1_A07_S6	adaptive	W15_IH_M1_A07_S6	A07		S6	M1	IH	W15	SR_PLUS	150	1	100002	0.0064378881	0.00292	0.4535648887715212	45.3	143.27	0.92	iteration	1     100002  6.4378881E-03  2.92E-03   45.30  143.27*   0.92
P_W15_IH_M1_A07_S6	adaptive	W15_IH_M1_A07_S6	A07		S6	M1	IH	W15	SR_PLUS	151	2	99994	0.0081928426	0.00381	0.4650400582576797	46.49	147.01	0.08	iteration	2      99994  8.1928426E-03  3.81E-03   46.49  147.01    0.08
P_W15_IH_M1_A07_S6	adaptive	W15_IH_M1_A07_S6	A07		S6	M1	IH	W15	SR_PLUS	152	3	100000	0.048011796	0.0304	0.6331777299062088	63.38	200.42	0.04	iteration	3     100000  4.8011796E-02  3.04E-02   63.38  200.42    0.04
P_W15_IH_M1_A07_S6	adaptive	W15_IH_M1_A07_S6	A07		S6	M1	IH	W15	SR_PLUS	153	4	100000	0.010414313	0.00226	0.21700903362516566	21.7	68.62	0.06	iteration	4     100000  1.0414313E-02  2.26E-03   21.70   68.62*   0.06
P_W15_IH_M1_A07_S6	adaptive	W15_IH_M1_A07_S6	A07		S6	M1	IH	W15	SR_PLUS	154	5	100000	0.015523925	0.00156	0.10049005003567076	10.04	31.76	0.06	iteration	5     100000  1.5523925E-02  1.56E-03   10.04   31.76*   0.06
P_W15_IH_M1_A07_S6	adaptive	W15_IH_M1_A07_S6	A07		S6	M1	IH	W15	SR_PLUS	155	6	100005	0.041961925	0.0203	0.48377189559344574	48.37	152.95	0.14	iteration	6     100005  4.1961925E-02  2.03E-02   48.37  152.95    0.14
P_W15_IH_M1_A07_S6	adaptive	W15_IH_M1_A07_S6	A07		S6	M1	IH	W15	SR_PLUS	156	7	100010	0.030048841	0.003	0.09983746128511246	9.99	31.6	0.16	iteration	7     100010  3.0048841E-02  3.00E-03    9.99   31.60*   0.16
P_W15_IH_M1_A07_S6	adaptive	W15_IH_M1_A07_S6	A07		S6	M1	IH	W15	SR_PLUS	157	8	100005	0.025214873	0.000676	0.02680957385746103	2.68	8.48	0.27	iteration	8     100005  2.5214873E-02  6.76E-04    2.68    8.48*   0.27
P_W15_IH_M1_A07_S6	adaptive	W15_IH_M1_A07_S6	A07		S6	M1	IH	W15	SR_PLUS	158	9	99999	0.025152602	0.000446	0.01773176389464597	1.77	5.6	0.39	iteration	9      99999  2.5152602E-02  4.46E-04    1.77    5.60*   0.39
P_W15_IH_M1_A07_S6	adaptive	W15_IH_M1_A07_S6	A07		S6	M1	IH	W15	SR_PLUS	159	10	99998	0.025533368	0.000379	0.014843321883740523	1.49	4.7	0.48	iteration	10      99998  2.5533368E-02  3.79E-04    1.49    4.70*   0.48
P_W15_IH_M1_A07_S6	adaptive	W15_IH_M1_A07_S6	A07		S6	M1	IH	W15	SR_PLUS	161	10	1000013	0.024700359	0.000257	0.010404707073285857	1.04	10.42	0.48	aggregate	10    1000013  2.4700359E-02  2.57E-04    1.04   10.42    0.48   15.95  10
C_W15_IH_M1_A07_S6_F0	fixed	W15_IH_M1_A07_S6_F0	A07	F0	S6	M1	IH	W15	SR_PLUS	146	1	100002	0.0064378881	0.00292	0.4535648887715212	45.3	143.27	0.92	iteration	1     100002  6.4378881E-03  2.92E-03   45.30  143.27*   0.92
C_W15_IH_M1_A07_S6_F0	fixed	W15_IH_M1_A07_S6_F0	A07	F0	S6	M1	IH	W15	SR_PLUS	147	2	99994	0.0081928426	0.00381	0.4650400582576797	46.49	147.01	0.08	iteration	2      99994  8.1928426E-03  3.81E-03   46.49  147.01    0.08
C_W15_IH_M1_A07_S6_F0	fixed	W15_IH_M1_A07_S6_F0	A07	F0	S6	M1	IH	W15	SR_PLUS	148	3	100000	0.048011796	0.0304	0.6331777299062088	63.38	200.42	0.04	iteration	3     100000  4.8011796E-02  3.04E-02   63.38  200.42    0.04
C_W15_IH_M1_A07_S6_F0	fixed	W15_IH_M1_A07_S6_F0	A07	F0	S6	M1	IH	W15	SR_PLUS	149	4	100000	0.010414313	0.00226	0.21700903362516566	21.7	68.62	0.06	iteration	4     100000  1.0414313E-02  2.26E-03   21.70   68.62*   0.06
C_W15_IH_M1_A07_S6_F0	fixed	W15_IH_M1_A07_S6_F0	A07	F0	S6	M1	IH	W15	SR_PLUS	150	5	100000	0.015523925	0.00156	0.10049005003567076	10.04	31.76	0.06	iteration	5     100000  1.5523925E-02  1.56E-03   10.04   31.76*   0.06
C_W15_IH_M1_A07_S6_F0	fixed	W15_IH_M1_A07_S6_F0	A07	F0	S6	M1	IH	W15	SR_PLUS	151	6	100005	0.041961925	0.0203	0.48377189559344574	48.37	152.95	0.14	iteration	6     100005  4.1961925E-02  2.03E-02   48.37  152.95    0.14
C_W15_IH_M1_A07_S6_F0	fixed	W15_IH_M1_A07_S6_F0	A07	F0	S6	M1	IH	W15	SR_PLUS	152	7	100010	0.030048841	0.003	0.09983746128511246	9.99	31.6	0.16	iteration	7     100010  3.0048841E-02  3.00E-03    9.99   31.60*   0.16
C_W15_IH_M1_A07_S6_F0	fixed	W15_IH_M1_A07_S6_F0	A07	F0	S6	M1	IH	W15	SR_PLUS	153	8	100005	0.025214873	0.000676	0.02680957385746103	2.68	8.48	0.27	iteration	8     100005  2.5214873E-02  6.76E-04    2.68    8.48*   0.27
C_W15_IH_M1_A07_S6_F0	fixed	W15_IH_M1_A07_S6_F0	A07	F0	S6	M1	IH	W15	SR_PLUS	154	9	99999	0.025152602	0.000446	0.01773176389464597	1.77	5.6	0.39	iteration	9      99999  2.5152602E-02  4.46E-04    1.77    5.60*   0.39
C_W15_IH_M1_A07_S6_F0	fixed	W15_IH_M1_A07_S6_F0	A07	F0	S6	M1	IH	W15	SR_PLUS	155	10	99998	0.025533368	0.000379	0.014843321883740523	1.49	4.7	0.48	iteration	10      99998  2.5533368E-02  3.79E-04    1.49    4.70*   0.48
C_W15_IH_M1_A07_S6_F0	fixed	W15_IH_M1_A07_S6_F0	A07	F0	S6	M1	IH	W15	SR_PLUS	157	10	1000013	0.024700359	0.000257	0.010404707073285857	1.04	10.42	0.48	aggregate	10    1000013  2.4700359E-02  2.57E-04    1.04   10.42    0.48   15.95  10
C_W15_IH_M1_A07_S6_F0	fixed	W15_IH_M1_A07_S6_F0	A07	F0	S6	M1	IH	W15	SR_PLUS	160	11	199999	0.025367023	0.000232	0.009145732236691708	0.91	4.09	0.48	iteration	11     199999  2.5367023E-02  2.32E-04    0.91    4.09*   0.48
C_W15_IH_M1_A07_S6_F0	fixed	W15_IH_M1_A07_S6_F0	A07	F0	S6	M1	IH	W15	SR_PLUS	161	12	199999	0.026578496	0.000706	0.02656282733229149	2.66	11.88	0.24	iteration	12     199999  2.6578496E-02  7.06E-04    2.66   11.88    0.24
C_W15_IH_M1_A07_S6_F0	fixed	W15_IH_M1_A07_S6_F0	A07	F0	S6	M1	IH	W15	SR_PLUS	162	13	199999	0.025892165	0.000348	0.013440359274707232	1.34	6.0	0.39	iteration	13     199999  2.5892165E-02  3.48E-04    1.34    6.00*   0.39
C_W15_IH_M1_A07_S6_F0	fixed	W15_IH_M1_A07_S6_F0	A07	F0	S6	M1	IH	W15	SR_PLUS	164	13	599997	0.02560163	0.000186	0.007265162413486953	0.73	5.63	0.39	aggregate	13     599997  2.5601630E-02  1.86E-04    0.73    5.63    0.39    1.82   3
P_W15_IH_M1_A07_S7	adaptive	W15_IH_M1_A07_S7	A07		S7	M1	IH	W15	SR_PLUS	150	1	99997	0.032855869	0.0182	0.5539345192787322	55.45	175.35	0.89	iteration	1      99997  3.2855869E-02  1.82E-02   55.45  175.35*   0.89
P_W15_IH_M1_A07_S7	adaptive	W15_IH_M1_A07_S7	A07		S7	M1	IH	W15	SR_PLUS	151	2	100000	0.02861812	0.0058	0.2026687986492474	20.27	64.11	0.06	iteration	2     100000  2.8618120E-02  5.80E-03   20.27   64.11*   0.06
P_W15_IH_M1_A07_S7	adaptive	W15_IH_M1_A07_S7	A07		S7	M1	IH	W15	SR_PLUS	152	3	100000	0.025667684	0.00153	0.05960802696495718	5.95	18.81	0.12	iteration	3     100000  2.5667684E-02  1.53E-03    5.95   18.81*   0.12
P_W15_IH_M1_A07_S7	adaptive	W15_IH_M1_A07_S7	A07		S7	M1	IH	W15	SR_PLUS	153	4	100002	0.023765902	0.000965	0.04060439195617318	4.06	12.84	0.19	iteration	4     100002  2.3765902E-02  9.65E-04    4.06   12.84*   0.19
P_W15_IH_M1_A07_S7	adaptive	W15_IH_M1_A07_S7	A07		S7	M1	IH	W15	SR_PLUS	154	5	99999	0.028375883	0.00403	0.1420220121431992	14.22	44.96	0.04	iteration	5      99999  2.8375883E-02  4.03E-03   14.22   44.96    0.04
P_W15_IH_M1_A07_S7	adaptive	W15_IH_M1_A07_S7	A07		S7	M1	IH	W15	SR_PLUS	155	6	100002	0.025510137	0.000829	0.03249688545380999	3.25	10.28	0.17	iteration	6     100002  2.5510137E-02  8.29E-04    3.25   10.28*   0.17
P_W15_IH_M1_A07_S7	adaptive	W15_IH_M1_A07_S7	A07		S7	M1	IH	W15	SR_PLUS	156	7	99999	0.025007135	0.00055	0.02199372299145824	2.2	6.96	0.36	iteration	7      99999  2.5007135E-02  5.50E-04    2.20    6.96*   0.36
P_W15_IH_M1_A07_S7	adaptive	W15_IH_M1_A07_S7	A07		S7	M1	IH	W15	SR_PLUS	157	8	100003	0.024491431	0.000585	0.02388590523763189	2.39	7.55	0.32	iteration	8     100003  2.4491431E-02  5.85E-04    2.39    7.55    0.32
P_W15_IH_M1_A07_S7	adaptive	W15_IH_M1_A07_S7	A07		S7	M1	IH	W15	SR_PLUS	158	9	99999	0.026861007	0.00289	0.10759090305140087	10.77	34.05	0.06	iteration	9      99999  2.6861007E-02  2.89E-03   10.77   34.05    0.06
P_W15_IH_M1_A07_S7	adaptive	W15_IH_M1_A07_S7	A07		S7	M1	IH	W15	SR_PLUS	159	10	100001	0.025257792	0.00058	0.02296321071929011	2.3	7.27	0.2	iteration	10     100001  2.5257792E-02  5.80E-04    2.30    7.27*   0.20
P_W15_IH_M1_A07_S7	adaptive	W15_IH_M1_A07_S7	A07		S7	M1	IH	W15	SR_PLUS	161	10	1000002	0.024964927	0.000284	0.011375959561187582	1.14	11.39	0.2	aggregate	10    1000002  2.4964927E-02  2.84E-04    1.14   11.39    0.20    0.54  10
C_W15_IH_M1_A07_S7_F0	fixed	W15_IH_M1_A07_S7_F0	A07	F0	S7	M1	IH	W15	SR_PLUS	146	1	99997	0.032855869	0.0182	0.5539345192787322	55.45	175.35	0.89	iteration	1      99997  3.2855869E-02  1.82E-02   55.45  175.35*   0.89
C_W15_IH_M1_A07_S7_F0	fixed	W15_IH_M1_A07_S7_F0	A07	F0	S7	M1	IH	W15	SR_PLUS	147	2	100000	0.02861812	0.0058	0.2026687986492474	20.27	64.11	0.06	iteration	2     100000  2.8618120E-02  5.80E-03   20.27   64.11*   0.06
C_W15_IH_M1_A07_S7_F0	fixed	W15_IH_M1_A07_S7_F0	A07	F0	S7	M1	IH	W15	SR_PLUS	148	3	100000	0.025667684	0.00153	0.05960802696495718	5.95	18.81	0.12	iteration	3     100000  2.5667684E-02  1.53E-03    5.95   18.81*   0.12
C_W15_IH_M1_A07_S7_F0	fixed	W15_IH_M1_A07_S7_F0	A07	F0	S7	M1	IH	W15	SR_PLUS	149	4	100002	0.023765902	0.000965	0.04060439195617318	4.06	12.84	0.19	iteration	4     100002  2.3765902E-02  9.65E-04    4.06   12.84*   0.19
C_W15_IH_M1_A07_S7_F0	fixed	W15_IH_M1_A07_S7_F0	A07	F0	S7	M1	IH	W15	SR_PLUS	150	5	99999	0.028375883	0.00403	0.1420220121431992	14.22	44.96	0.04	iteration	5      99999  2.8375883E-02  4.03E-03   14.22   44.96    0.04
C_W15_IH_M1_A07_S7_F0	fixed	W15_IH_M1_A07_S7_F0	A07	F0	S7	M1	IH	W15	SR_PLUS	151	6	100002	0.025510137	0.000829	0.03249688545380999	3.25	10.28	0.17	iteration	6     100002  2.5510137E-02  8.29E-04    3.25   10.28*   0.17
C_W15_IH_M1_A07_S7_F0	fixed	W15_IH_M1_A07_S7_F0	A07	F0	S7	M1	IH	W15	SR_PLUS	152	7	99999	0.025007135	0.00055	0.02199372299145824	2.2	6.96	0.36	iteration	7      99999  2.5007135E-02  5.50E-04    2.20    6.96*   0.36
C_W15_IH_M1_A07_S7_F0	fixed	W15_IH_M1_A07_S7_F0	A07	F0	S7	M1	IH	W15	SR_PLUS	153	8	100003	0.024491431	0.000585	0.02388590523763189	2.39	7.55	0.32	iteration	8     100003  2.4491431E-02  5.85E-04    2.39    7.55    0.32
C_W15_IH_M1_A07_S7_F0	fixed	W15_IH_M1_A07_S7_F0	A07	F0	S7	M1	IH	W15	SR_PLUS	154	9	99999	0.026861007	0.00289	0.10759090305140087	10.77	34.05	0.06	iteration	9      99999  2.6861007E-02  2.89E-03   10.77   34.05    0.06
C_W15_IH_M1_A07_S7_F0	fixed	W15_IH_M1_A07_S7_F0	A07	F0	S7	M1	IH	W15	SR_PLUS	155	10	100001	0.025257792	0.00058	0.02296321071929011	2.3	7.27	0.2	iteration	10     100001  2.5257792E-02  5.80E-04    2.30    7.27*   0.20
C_W15_IH_M1_A07_S7_F0	fixed	W15_IH_M1_A07_S7_F0	A07	F0	S7	M1	IH	W15	SR_PLUS	157	10	1000002	0.024964927	0.000284	0.011375959561187582	1.14	11.39	0.2	aggregate	10    1000002  2.4964927E-02  2.84E-04    1.14   11.39    0.20    0.54  10
C_W15_IH_M1_A07_S7_F0	fixed	W15_IH_M1_A07_S7_F0	A07	F0	S7	M1	IH	W15	SR_PLUS	160	11	199996	0.025457966	0.000975	0.0382984249409399	3.83	17.13	0.05	iteration	11     199996  2.5457966E-02  9.75E-04    3.83   17.13    0.05
C_W15_IH_M1_A07_S7_F0	fixed	W15_IH_M1_A07_S7_F0	A07	F0	S7	M1	IH	W15	SR_PLUS	161	12	199996	0.025063867	0.000548	0.021864144108329334	2.19	9.78	0.16	iteration	12     199996  2.5063867E-02  5.48E-04    2.19    9.78*   0.16
C_W15_IH_M1_A07_S7_F0	fixed	W15_IH_M1_A07_S7_F0	A07	F0	S7	M1	IH	W15	SR_PLUS	162	13	199996	0.028639319	0.00361	0.12605048325346005	12.62	56.43	0.06	iteration	13     199996  2.8639319E-02  3.61E-03   12.62   56.43    0.06
C_W15_IH_M1_A07_S7_F0	fixed	W15_IH_M1_A07_S7_F0	A07	F0	S7	M1	IH	W15	SR_PLUS	164	13	599988	0.025218264	0.000474	0.018795901256327557	1.88	14.55	0.06	aggregate	13     599988  2.5218264E-02  4.74E-04    1.88   14.55    0.06    0.52   3
P_W15_IH_M2_A10_S0	adaptive	W15_IH_M2_A10_S0	A10		S0	M2	IH	W15	SR_PLUS	150	1	1000019	0.025895495	0.00503	0.19424228036575472	19.42	194.16	0.14	iteration	1    1000019  2.5895495E-02  5.03E-03   19.42  194.16*   0.14
P_W15_IH_M2_A10_S0	adaptive	W15_IH_M2_A10_S0	A10		S0	M2	IH	W15	SR_PLUS	152	1	1000019	0.025895495	0.00503	0.19424228036575472	19.42	194.16	0.14	iteration	1    1000019  2.5895495E-02  5.03E-03   19.42  194.16    0.14
C_W15_IH_M2_A10_S0_F2	fixed	W15_IH_M2_A10_S0_F2	A10	F2	S0	M2	IH	W15	SR_PLUS	146	1	1000019	0.025895495	0.00503	0.19424228036575472	19.42	194.16	0.14	iteration	1    1000019  2.5895495E-02  5.03E-03   19.42  194.16*   0.14
C_W15_IH_M2_A10_S0_F2	fixed	W15_IH_M2_A10_S0_F2	A10	F2	S0	M2	IH	W15	SR_PLUS	148	1	1000019	0.025895495	0.00503	0.19424228036575472	19.42	194.16	0.14	iteration	1    1000019  2.5895495E-02  5.03E-03   19.42  194.16    0.14
C_W15_IH_M2_A10_S0_F2	fixed	W15_IH_M2_A10_S0_F2	A10	F2	S0	M2	IH	W15	SR_PLUS	151	2	1999990	0.076627435	0.0472	0.6159673751313743	61.65	871.82	0.01	iteration	2    1999990  7.6627435E-02  4.72E-02   61.65  871.82    0.01
C_W15_IH_M2_A10_S0_F2	fixed	W15_IH_M2_A10_S0_F2	A10	F2	S0	M2	IH	W15	SR_PLUS	153	2	1999990	0.076627435	0.0472	0.6159673751313743	61.65	871.82	0.01	iteration	2    1999990  7.6627435E-02  4.72E-02   61.65  871.82    0.01
P_W15_IH_M2_A10_S1	adaptive	W15_IH_M2_A10_S1	A10		S1	M2	IH	W15	SR_PLUS	150	1	1000028	0.035183491	0.00764	0.21714729786194328	21.71	217.06	0.15	iteration	1    1000028  3.5183491E-02  7.64E-03   21.71  217.06*   0.15
P_W15_IH_M2_A10_S1	adaptive	W15_IH_M2_A10_S1	A10		S1	M2	IH	W15	SR_PLUS	152	1	1000028	0.035183491	0.00764	0.21714729786194328	21.71	217.06	0.15	iteration	1    1000028  3.5183491E-02  7.64E-03   21.71  217.06    0.15
C_W15_IH_M2_A10_S1_F2	fixed	W15_IH_M2_A10_S1_F2	A10	F2	S1	M2	IH	W15	SR_PLUS	146	1	1000028	0.035183491	0.00764	0.21714729786194328	21.71	217.06	0.15	iteration	1    1000028  3.5183491E-02  7.64E-03   21.71  217.06*   0.15
C_W15_IH_M2_A10_S1_F2	fixed	W15_IH_M2_A10_S1_F2	A10	F2	S1	M2	IH	W15	SR_PLUS	148	1	1000028	0.035183491	0.00764	0.21714729786194328	21.71	217.06	0.15	iteration	1    1000028  3.5183491E-02  7.64E-03   21.71  217.06    0.15
C_W15_IH_M2_A10_S1_F2	fixed	W15_IH_M2_A10_S1_F2	A10	F2	S1	M2	IH	W15	SR_PLUS	151	2	1993679	0.024397632	0.00196	0.08033566536293359	8.04	113.49	0.01	iteration	2    1993679  2.4397632E-02  1.96E-03    8.04  113.49*   0.01
C_W15_IH_M2_A10_S1_F2	fixed	W15_IH_M2_A10_S1_F2	A10	F2	S1	M2	IH	W15	SR_PLUS	153	2	1993679	0.024397632	0.00196	0.08033566536293359	8.04	113.49	0.01	iteration	2    1993679  2.4397632E-02  1.96E-03    8.04  113.49    0.01
P_W15_IH_M2_A10_S2	adaptive	W15_IH_M2_A10_S2	A10		S2	M2	IH	W15	SR_PLUS	150	1	999996	0.021372524	0.00462	0.2161653906670078	21.6	216.0	0.12	iteration	1     999996  2.1372524E-02  4.62E-03   21.60  216.00*   0.12
P_W15_IH_M2_A10_S2	adaptive	W15_IH_M2_A10_S2	A10		S2	M2	IH	W15	SR_PLUS	152	1	999996	0.021372524	0.00462	0.2161653906670078	21.6	216.0	0.12	iteration	1     999996  2.1372524E-02  4.62E-03   21.60  216.00    0.12
C_W15_IH_M2_A10_S2_F2	fixed	W15_IH_M2_A10_S2_F2	A10	F2	S2	M2	IH	W15	SR_PLUS	146	1	999996	0.021372524	0.00462	0.2161653906670078	21.6	216.0	0.12	iteration	1     999996  2.1372524E-02  4.62E-03   21.60  216.00*   0.12
C_W15_IH_M2_A10_S2_F2	fixed	W15_IH_M2_A10_S2_F2	A10	F2	S2	M2	IH	W15	SR_PLUS	148	1	999996	0.021372524	0.00462	0.2161653906670078	21.6	216.0	0.12	iteration	1     999996  2.1372524E-02  4.62E-03   21.60  216.00    0.12
C_W15_IH_M2_A10_S2_F2	fixed	W15_IH_M2_A10_S2_F2	A10	F2	S2	M2	IH	W15	SR_PLUS	151	2	2000020	0.025786962	0.00307	0.11905241105951138	11.91	168.43	0.01	iteration	2    2000020  2.5786962E-02  3.07E-03   11.91  168.43*   0.01
C_W15_IH_M2_A10_S2_F2	fixed	W15_IH_M2_A10_S2_F2	A10	F2	S2	M2	IH	W15	SR_PLUS	153	2	2000020	0.025786962	0.00307	0.11905241105951138	11.91	168.43	0.01	iteration	2    2000020  2.5786962E-02  3.07E-03   11.91  168.43    0.01
P_W15_IH_M2_A10_S3	adaptive	W15_IH_M2_A10_S3	A10		S3	M2	IH	W15	SR_PLUS	150	1	1000004	0.01673118	0.00386	0.23070697942404544	23.1	230.96	0.13	iteration	1    1000004  1.6731180E-02  3.86E-03   23.10  230.96*   0.13
P_W15_IH_M2_A10_S3	adaptive	W15_IH_M2_A10_S3	A10		S3	M2	IH	W15	SR_PLUS	152	1	1000004	0.01673118	0.00386	0.23070697942404544	23.1	230.96	0.13	iteration	1    1000004  1.6731180E-02  3.86E-03   23.10  230.96    0.13
C_W15_IH_M2_A10_S3_F2	fixed	W15_IH_M2_A10_S3_F2	A10	F2	S3	M2	IH	W15	SR_PLUS	146	1	1000004	0.01673118	0.00386	0.23070697942404544	23.1	230.96	0.13	iteration	1    1000004  1.6731180E-02  3.86E-03   23.10  230.96*   0.13
C_W15_IH_M2_A10_S3_F2	fixed	W15_IH_M2_A10_S3_F2	A10	F2	S3	M2	IH	W15	SR_PLUS	148	1	1000004	0.01673118	0.00386	0.23070697942404544	23.1	230.96	0.13	iteration	1    1000004  1.6731180E-02  3.86E-03   23.10  230.96    0.13
C_W15_IH_M2_A10_S3_F2	fixed	W15_IH_M2_A10_S3_F2	A10	F2	S3	M2	IH	W15	SR_PLUS	151	2	1992007	0.025941803	0.00391	0.15072198335636117	15.06	212.55	0.0	iteration	2    1992007  2.5941803E-02  3.91E-03   15.06  212.55*   0.00
C_W15_IH_M2_A10_S3_F2	fixed	W15_IH_M2_A10_S3_F2	A10	F2	S3	M2	IH	W15	SR_PLUS	153	2	1992007	0.025941803	0.00391	0.15072198335636117	15.06	212.55	0.0	iteration	2    1992007  2.5941803E-02  3.91E-03   15.06  212.55    0.00
P_W15_IH_M2_A10_S4	adaptive	W15_IH_M2_A10_S4	A10		S4	M2	IH	W15	SR_PLUS	150	1	999994	0.023122624	0.00474	0.204994035279041	20.5	204.98	0.13	iteration	1     999994  2.3122624E-02  4.74E-03   20.50  204.98*   0.13
P_W15_IH_M2_A10_S4	adaptive	W15_IH_M2_A10_S4	A10		S4	M2	IH	W15	SR_PLUS	152	1	999994	0.023122624	0.00474	0.204994035279041	20.5	204.98	0.13	iteration	1     999994  2.3122624E-02  4.74E-03   20.50  204.98    0.13
C_W15_IH_M2_A10_S4_F2	fixed	W15_IH_M2_A10_S4_F2	A10	F2	S4	M2	IH	W15	SR_PLUS	146	1	999994	0.023122624	0.00474	0.204994035279041	20.5	204.98	0.13	iteration	1     999994  2.3122624E-02  4.74E-03   20.50  204.98*   0.13
C_W15_IH_M2_A10_S4_F2	fixed	W15_IH_M2_A10_S4_F2	A10	F2	S4	M2	IH	W15	SR_PLUS	148	1	999994	0.023122624	0.00474	0.204994035279041	20.5	204.98	0.13	iteration	1     999994  2.3122624E-02  4.74E-03   20.50  204.98    0.13
C_W15_IH_M2_A10_S4_F2	fixed	W15_IH_M2_A10_S4_F2	A10	F2	S4	M2	IH	W15	SR_PLUS	151	2	2000011	0.023956594	0.00552	0.23041672785371742	23.02	325.61	0.01	iteration	2    2000011  2.3956594E-02  5.52E-03   23.02  325.61    0.01
C_W15_IH_M2_A10_S4_F2	fixed	W15_IH_M2_A10_S4_F2	A10	F2	S4	M2	IH	W15	SR_PLUS	153	2	2000011	0.023956594	0.00552	0.23041672785371742	23.02	325.61	0.01	iteration	2    2000011  2.3956594E-02  5.52E-03   23.02  325.61    0.01
P_W15_IH_M2_A10_S5	adaptive	W15_IH_M2_A10_S5	A10		S5	M2	IH	W15	SR_PLUS	150	1	999969	0.019133802	0.00454	0.23727641793303808	23.75	237.48	0.14	iteration	1     999969  1.9133802E-02  4.54E-03   23.75  237.48*   0.14
P_W15_IH_M2_A10_S5	adaptive	W15_IH_M2_A10_S5	A10		S5	M2	IH	W15	SR_PLUS	152	1	999969	0.019133802	0.00454	0.23727641793303808	23.75	237.48	0.14	iteration	1     999969  1.9133802E-02  4.54E-03   23.75  237.48    0.14
C_W15_IH_M2_A10_S5_F2	fixed	W15_IH_M2_A10_S5_F2	A10	F2	S5	M2	IH	W15	SR_PLUS	146	1	999969	0.019133802	0.00454	0.23727641793303808	23.75	237.48	0.14	iteration	1     999969  1.9133802E-02  4.54E-03   23.75  237.48*   0.14
C_W15_IH_M2_A10_S5_F2	fixed	W15_IH_M2_A10_S5_F2	A10	F2	S5	M2	IH	W15	SR_PLUS	148	1	999969	0.019133802	0.00454	0.23727641793303808	23.75	237.48	0.14	iteration	1     999969  1.9133802E-02  4.54E-03   23.75  237.48    0.14
C_W15_IH_M2_A10_S5_F2	fixed	W15_IH_M2_A10_S5_F2	A10	F2	S5	M2	IH	W15	SR_PLUS	151	2	2000008	0.018988494	0.00206	0.10848674992340099	10.87	153.74	0.01	iteration	2    2000008  1.8988494E-02  2.06E-03   10.87  153.74*   0.01
C_W15_IH_M2_A10_S5_F2	fixed	W15_IH_M2_A10_S5_F2	A10	F2	S5	M2	IH	W15	SR_PLUS	153	2	2000008	0.018988494	0.00206	0.10848674992340099	10.87	153.74	0.01	iteration	2    2000008  1.8988494E-02  2.06E-03   10.87  153.74    0.01
P_W15_IH_M2_A10_S6	adaptive	W15_IH_M2_A10_S6	A10		S6	M2	IH	W15	SR_PLUS	150	1	1000034	0.032788328	0.0072	0.2195903371468042	21.96	219.6	0.13	iteration	1    1000034  3.2788328E-02  7.20E-03   21.96  219.60*   0.13
P_W15_IH_M2_A10_S6	adaptive	W15_IH_M2_A10_S6	A10		S6	M2	IH	W15	SR_PLUS	152	1	1000034	0.032788328	0.0072	0.2195903371468042	21.96	219.6	0.13	iteration	1    1000034  3.2788328E-02  7.20E-03   21.96  219.60    0.13
C_W15_IH_M2_A10_S6_F2	fixed	W15_IH_M2_A10_S6_F2	A10	F2	S6	M2	IH	W15	SR_PLUS	146	1	1000034	0.032788328	0.0072	0.2195903371468042	21.96	219.6	0.13	iteration	1    1000034  3.2788328E-02  7.20E-03   21.96  219.60*   0.13
C_W15_IH_M2_A10_S6_F2	fixed	W15_IH_M2_A10_S6_F2	A10	F2	S6	M2	IH	W15	SR_PLUS	148	1	1000034	0.032788328	0.0072	0.2195903371468042	21.96	219.6	0.13	iteration	1    1000034  3.2788328E-02  7.20E-03   21.96  219.60    0.13
C_W15_IH_M2_A10_S6_F2	fixed	W15_IH_M2_A10_S6_F2	A10	F2	S6	M2	IH	W15	SR_PLUS	151	2	1995745	0.022426021	0.00147	0.06554885505547328	6.54	92.35	0.01	iteration	2    1995745  2.2426021E-02  1.47E-03    6.54   92.35*   0.01
C_W15_IH_M2_A10_S6_F2	fixed	W15_IH_M2_A10_S6_F2	A10	F2	S6	M2	IH	W15	SR_PLUS	153	2	1995745	0.022426021	0.00147	0.06554885505547328	6.54	92.35	0.01	iteration	2    1995745  2.2426021E-02  1.47E-03    6.54   92.35    0.01
P_W15_IH_M2_A10_S7	adaptive	W15_IH_M2_A10_S7	A10		S7	M2	IH	W15	SR_PLUS	150	1	999978	0.034202456	0.0061	0.1783497652917089	17.85	178.45	0.16	iteration	1     999978  3.4202456E-02  6.10E-03   17.85  178.45*   0.16
P_W15_IH_M2_A10_S7	adaptive	W15_IH_M2_A10_S7	A10		S7	M2	IH	W15	SR_PLUS	152	1	999978	0.034202456	0.0061	0.1783497652917089	17.85	178.45	0.16	iteration	1     999978  3.4202456E-02  6.10E-03   17.85  178.45    0.16
C_W15_IH_M2_A10_S7_F2	fixed	W15_IH_M2_A10_S7_F2	A10	F2	S7	M2	IH	W15	SR_PLUS	146	1	999978	0.034202456	0.0061	0.1783497652917089	17.85	178.45	0.16	iteration	1     999978  3.4202456E-02  6.10E-03   17.85  178.45*   0.16
C_W15_IH_M2_A10_S7_F2	fixed	W15_IH_M2_A10_S7_F2	A10	F2	S7	M2	IH	W15	SR_PLUS	148	1	999978	0.034202456	0.0061	0.1783497652917089	17.85	178.45	0.16	iteration	1     999978  3.4202456E-02  6.10E-03   17.85  178.45    0.16
C_W15_IH_M2_A10_S7_F2	fixed	W15_IH_M2_A10_S7_F2	A10	F2	S7	M2	IH	W15	SR_PLUS	151	2	1999990	0.024722893	0.00128	0.051773876139819076	5.17	73.05	0.01	iteration	2    1999990  2.4722893E-02  1.28E-03    5.17   73.05*   0.01
C_W15_IH_M2_A10_S7_F2	fixed	W15_IH_M2_A10_S7_F2	A10	F2	S7	M2	IH	W15	SR_PLUS	153	2	1999990	0.024722893	0.00128	0.051773876139819076	5.17	73.05	0.01	iteration	2    1999990  2.4722893E-02  1.28E-03    5.17   73.05    0.01
P_W15_HL_M0_A00_S0	adaptive	W15_HL_M0_A00_S0	A00		S0	M0	HL	W15	NR	150	1	50014	0.092158138	0.0163	0.17686989292253277	17.69	39.56	3.02	iteration	1      50014  9.2158138E-02  1.63E-02   17.69   39.56*   3.02
P_W15_HL_M0_A00_S0	adaptive	W15_HL_M0_A00_S0	A00		S0	M0	HL	W15	NR	151	2	49998	0.12476966	0.0712	0.5706515510261068	57.07	127.6	0.18	iteration	2      49998  1.2476966E-01  7.12E-02   57.07  127.60    0.18
P_W15_HL_M0_A00_S0	adaptive	W15_HL_M0_A00_S0	A00		S0	M0	HL	W15	NR	152	3	50001	0.082013546	0.0258	0.3145821789000563	31.42	70.25	0.15	iteration	3      50001  8.2013546E-02  2.58E-02   31.42   70.25*   0.15
P_W15_HL_M0_A00_S0	adaptive	W15_HL_M0_A00_S0	A00		S0	M0	HL	W15	NR	153	4	49995	0.05538712	0.0118	0.21304592114556598	21.3	47.63	0.26	iteration	4      49995  5.5387120E-02  1.18E-02   21.30   47.63*   0.26
P_W15_HL_M0_A00_S0	adaptive	W15_HL_M0_A00_S0	A00		S0	M0	HL	W15	NR	154	5	50006	0.051678453	0.00812	0.15712544646024912	15.72	35.16	0.21	iteration	5      50006  5.1678453E-02  8.12E-03   15.72   35.16*   0.21
P_W15_HL_M0_A00_S0	adaptive	W15_HL_M0_A00_S0	A00		S0	M0	HL	W15	NR	156	5	250014	0.060278618	0.006	0.09953778303278288	9.95	49.75	0.21	aggregate	5     250014  6.0278618E-02  6.00E-03    9.95   49.75    0.21    1.66   5
C_W15_HL_M0_A00_S0_F0	fixed	W15_HL_M0_A00_S0_F0	A00	F0	S0	M0	HL	W15	NR	146	1	50014	0.092158138	0.0163	0.17686989292253277	17.69	39.56	3.02	iteration	1      50014  9.2158138E-02  1.63E-02   17.69   39.56*   3.02
C_W15_HL_M0_A00_S0_F0	fixed	W15_HL_M0_A00_S0_F0	A00	F0	S0	M0	HL	W15	NR	147	2	49998	0.12476966	0.0712	0.5706515510261068	57.07	127.6	0.18	iteration	2      49998  1.2476966E-01  7.12E-02   57.07  127.60    0.18
C_W15_HL_M0_A00_S0_F0	fixed	W15_HL_M0_A00_S0_F0	A00	F0	S0	M0	HL	W15	NR	148	3	50001	0.082013546	0.0258	0.3145821789000563	31.42	70.25	0.15	iteration	3      50001  8.2013546E-02  2.58E-02   31.42   70.25*   0.15
C_W15_HL_M0_A00_S0_F0	fixed	W15_HL_M0_A00_S0_F0	A00	F0	S0	M0	HL	W15	NR	149	4	49995	0.05538712	0.0118	0.21304592114556598	21.3	47.63	0.26	iteration	4      49995  5.5387120E-02  1.18E-02   21.30   47.63*   0.26
C_W15_HL_M0_A00_S0_F0	fixed	W15_HL_M0_A00_S0_F0	A00	F0	S0	M0	HL	W15	NR	150	5	50006	0.051678453	0.00812	0.15712544646024912	15.72	35.16	0.21	iteration	5      50006  5.1678453E-02  8.12E-03   15.72   35.16*   0.21
C_W15_HL_M0_A00_S0_F0	fixed	W15_HL_M0_A00_S0_F0	A00	F0	S0	M0	HL	W15	NR	152	5	250014	0.060278618	0.006	0.09953778303278288	9.95	49.75	0.21	aggregate	5     250014  6.0278618E-02  6.00E-03    9.95   49.75    0.21    1.66   5
C_W15_HL_M0_A00_S0_F0	fixed	W15_HL_M0_A00_S0_F0	A00	F0	S0	M0	HL	W15	NR	155	6	199996	0.075469833	0.00761	0.10083499190994631	10.08	45.09	0.05	iteration	6     199996  7.5469833E-02  7.61E-03   10.08   45.09    0.05
C_W15_HL_M0_A00_S0_F0	fixed	W15_HL_M0_A00_S0_F0	A00	F0	S0	M0	HL	W15	NR	156	7	199996	0.071748543	0.00682	0.09505419503780028	9.5	42.5	0.05	iteration	7     199996  7.1748543E-02  6.82E-03    9.50   42.50*   0.05
C_W15_HL_M0_A00_S0_F0	fixed	W15_HL_M0_A00_S0_F0	A00	F0	S0	M0	HL	W15	NR	157	8	199996	0.085176369	0.011	0.1291438004360106	12.96	57.95	0.04	iteration	8     199996  8.5176369E-02  1.10E-02   12.96   57.95    0.04
C_W15_HL_M0_A00_S0_F0	fixed	W15_HL_M0_A00_S0_F0	A00	F0	S0	M0	HL	W15	NR	159	8	599988	0.075461619	0.00461	0.061090658550540786	6.11	47.35	0.04	aggregate	8     599988  7.5461619E-02  4.61E-03    6.11   47.35    0.04    0.54   3
P_W15_HL_M0_A00_S1	adaptive	W15_HL_M0_A00_S1	A00		S1	M0	HL	W15	NR	150	1	50006	0.076076655	0.0147	0.1932261611659976	19.33	43.23	2.4	iteration	1      50006  7.6076655E-02  1.47E-02   19.33   43.23*   2.40
P_W15_HL_M0_A00_S1	adaptive	W15_HL_M0_A00_S1	A00		S1	M0	HL	W15	NR	151	2	50024	0.043971233	0.00834	0.18966945957599143	18.97	42.43	0.34	iteration	2      50024  4.3971233E-02  8.34E-03   18.97   42.43*   0.34
P_W15_HL_M0_A00_S1	adaptive	W15_HL_M0_A00_S1	A00		S1	M0	HL	W15	NR	152	3	50001	0.065069102	0.0102	0.15675642795869535	15.6	34.89	0.27	iteration	3      50001  6.5069102E-02  1.02E-02   15.60   34.89*   0.27
P_W15_HL_M0_A00_S1	adaptive	W15_HL_M0_A00_S1	A00		S1	M0	HL	W15	NR	153	4	50000	0.15392494	0.0578	0.37550769875239187	37.53	83.93	0.16	iteration	4      50000  1.5392494E-01  5.78E-02   37.53   83.93    0.16
P_W15_HL_M0_A00_S1	adaptive	W15_HL_M0_A00_S1	A00		S1	M0	HL	W15	NR	154	5	49993	0.060393803	0.00502	0.08312111095239358	8.31	18.57	0.32	iteration	5      49993  6.0393803E-02  5.02E-03    8.31   18.57*   0.32
P_W15_HL_M0_A00_S1	adaptive	W15_HL_M0_A00_S1	A00		S1	M0	HL	W15	NR	156	5	250024	0.059081624	0.00381	0.06448705607686071	6.46	32.28	0.32	aggregate	5     250024  5.9081624E-02  3.81E-03    6.46   32.28    0.32    1.93   5
C_W15_HL_M0_A00_S1_F0	fixed	W15_HL_M0_A00_S1_F0	A00	F0	S1	M0	HL	W15	NR	146	1	50006	0.076076655	0.0147	0.1932261611659976	19.33	43.23	2.4	iteration	1      50006  7.6076655E-02  1.47E-02   19.33   43.23*   2.40
C_W15_HL_M0_A00_S1_F0	fixed	W15_HL_M0_A00_S1_F0	A00	F0	S1	M0	HL	W15	NR	147	2	50024	0.043971233	0.00834	0.18966945957599143	18.97	42.43	0.34	iteration	2      50024  4.3971233E-02  8.34E-03   18.97   42.43*   0.34
C_W15_HL_M0_A00_S1_F0	fixed	W15_HL_M0_A00_S1_F0	A00	F0	S1	M0	HL	W15	NR	148	3	50001	0.065069102	0.0102	0.15675642795869535	15.6	34.89	0.27	iteration	3      50001  6.5069102E-02  1.02E-02   15.60   34.89*   0.27
C_W15_HL_M0_A00_S1_F0	fixed	W15_HL_M0_A00_S1_F0	A00	F0	S1	M0	HL	W15	NR	149	4	50000	0.15392494	0.0578	0.37550769875239187	37.53	83.93	0.16	iteration	4      50000  1.5392494E-01  5.78E-02   37.53   83.93    0.16
C_W15_HL_M0_A00_S1_F0	fixed	W15_HL_M0_A00_S1_F0	A00	F0	S1	M0	HL	W15	NR	150	5	49993	0.060393803	0.00502	0.08312111095239358	8.31	18.57	0.32	iteration	5      49993  6.0393803E-02  5.02E-03    8.31   18.57*   0.32
C_W15_HL_M0_A00_S1_F0	fixed	W15_HL_M0_A00_S1_F0	A00	F0	S1	M0	HL	W15	NR	152	5	250024	0.059081624	0.00381	0.06448705607686071	6.46	32.28	0.32	aggregate	5     250024  5.9081624E-02  3.81E-03    6.46   32.28    0.32    1.93   5
C_W15_HL_M0_A00_S1_F0	fixed	W15_HL_M0_A00_S1_F0	A00	F0	S1	M0	HL	W15	NR	155	6	200001	0.10299789	0.0251	0.243694312572811	24.35	108.91	0.1	iteration	6     200001  1.0299789E-01  2.51E-02   24.35  108.91    0.10
C_W15_HL_M0_A00_S1_F0	fixed	W15_HL_M0_A00_S1_F0	A00	F0	S1	M0	HL	W15	NR	156	7	200001	0.074545658	0.00332	0.0445364638138951	4.45	19.91	0.14	iteration	7     200001  7.4545658E-02  3.32E-03    4.45   19.91*   0.14
C_W15_HL_M0_A00_S1_F0	fixed	W15_HL_M0_A00_S1_F0	A00	F0	S1	M0	HL	W15	NR	157	8	200001	0.086963892	0.00638	0.07336378183257944	7.33	32.79	0.08	iteration	8     200001  8.6963892E-02  6.38E-03    7.33   32.79    0.08
C_W15_HL_M0_A00_S1_F0	fixed	W15_HL_M0_A00_S1_F0	A00	F0	S1	M0	HL	W15	NR	159	8	600003	0.077543435	0.00292	0.03765631481246607	3.77	29.2	0.08	aggregate	8     600003  7.7543435E-02  2.92E-03    3.77   29.20    0.08    2.01   3
P_W15_HL_M0_A00_S2	adaptive	W15_HL_M0_A00_S2	A00		S2	M0	HL	W15	NR	150	1	50017	0.097873887	0.0187	0.1910621982347549	19.08	42.67	3.22	iteration	1      50017  9.7873887E-02  1.87E-02   19.08   42.67*   3.22
P_W15_HL_M0_A00_S2	adaptive	W15_HL_M0_A00_S2	A00		S2	M0	HL	W15	NR	151	2	50003	0.1175697	0.0291	0.24751275201008424	24.73	55.3	0.22	iteration	2      50003  1.1756970E-01  2.91E-02   24.73   55.30    0.22
P_W15_HL_M0_A00_S2	adaptive	W15_HL_M0_A00_S2	A00		S2	M0	HL	W15	NR	152	3	49995	0.071790947	0.0123	0.17133079467526735	17.2	38.45	0.25	iteration	3      49995  7.1790947E-02  1.23E-02   17.20   38.45*   0.25
P_W15_HL_M0_A00_S2	adaptive	W15_HL_M0_A00_S2	A00		S2	M0	HL	W15	NR	153	4	50003	0.066461718	0.00906	0.13631907619360667	13.63	30.48	0.24	iteration	4      50003  6.6461718E-02  9.06E-03   13.63   30.48*   0.24
P_W15_HL_M0_A00_S2	adaptive	W15_HL_M0_A00_S2	A00		S2	M0	HL	W15	NR	154	5	49999	0.063446496	0.00789	0.12435674934672514	12.44	27.82	0.24	iteration	5      49999  6.3446496E-02  7.89E-03   12.44   27.82*   0.24
P_W15_HL_M0_A00_S2	adaptive	W15_HL_M0_A00_S2	A00		S2	M0	HL	W15	NR	156	5	250017	0.069991924	0.00507	0.07243692858050309	7.25	36.25	0.24	aggregate	5     250017  6.9991924E-02  5.07E-03    7.25   36.25    0.24    1.44   5
C_W15_HL_M0_A00_S2_F0	fixed	W15_HL_M0_A00_S2_F0	A00	F0	S2	M0	HL	W15	NR	146	1	50017	0.097873887	0.0187	0.1910621982347549	19.08	42.67	3.22	iteration	1      50017  9.7873887E-02  1.87E-02   19.08   42.67*   3.22
C_W15_HL_M0_A00_S2_F0	fixed	W15_HL_M0_A00_S2_F0	A00	F0	S2	M0	HL	W15	NR	147	2	50003	0.1175697	0.0291	0.24751275201008424	24.73	55.3	0.22	iteration	2      50003  1.1756970E-01  2.91E-02   24.73   55.30    0.22
C_W15_HL_M0_A00_S2_F0	fixed	W15_HL_M0_A00_S2_F0	A00	F0	S2	M0	HL	W15	NR	148	3	49995	0.071790947	0.0123	0.17133079467526735	17.2	38.45	0.25	iteration	3      49995  7.1790947E-02  1.23E-02   17.20   38.45*   0.25
C_W15_HL_M0_A00_S2_F0	fixed	W15_HL_M0_A00_S2_F0	A00	F0	S2	M0	HL	W15	NR	149	4	50003	0.066461718	0.00906	0.13631907619360667	13.63	30.48	0.24	iteration	4      50003  6.6461718E-02  9.06E-03   13.63   30.48*   0.24
C_W15_HL_M0_A00_S2_F0	fixed	W15_HL_M0_A00_S2_F0	A00	F0	S2	M0	HL	W15	NR	150	5	49999	0.063446496	0.00789	0.12435674934672514	12.44	27.82	0.24	iteration	5      49999  6.3446496E-02  7.89E-03   12.44   27.82*   0.24
C_W15_HL_M0_A00_S2_F0	fixed	W15_HL_M0_A00_S2_F0	A00	F0	S2	M0	HL	W15	NR	152	5	250017	0.069991924	0.00507	0.07243692858050309	7.25	36.25	0.24	aggregate	5     250017  6.9991924E-02  5.07E-03    7.25   36.25    0.24    1.44   5
C_W15_HL_M0_A00_S2_F0	fixed	W15_HL_M0_A00_S2_F0	A00	F0	S2	M0	HL	W15	NR	155	6	200006	0.089102707	0.00942	0.10572069376074061	10.57	47.27	0.13	iteration	6     200006  8.9102707E-02  9.42E-03   10.57   47.27    0.13
C_W15_HL_M0_A00_S2_F0	fixed	W15_HL_M0_A00_S2_F0	A00	F0	S2	M0	HL	W15	NR	156	7	200006	0.078824612	0.00709	0.0899465258389093	8.99	40.2	0.11	iteration	7     200006  7.8824612E-02  7.09E-03    8.99   40.20*   0.11
C_W15_HL_M0_A00_S2_F0	fixed	W15_HL_M0_A00_S2_F0	A00	F0	S2	M0	HL	W15	NR	157	8	200006	0.082688264	0.00815	0.09856295930943719	9.86	44.1	0.11	iteration	8     200006  8.2688264E-02  8.15E-03    9.86   44.10    0.11
C_W15_HL_M0_A00_S2_F0	fixed	W15_HL_M0_A00_S2_F0	A00	F0	S2	M0	HL	W15	NR	159	8	600018	0.082588329	0.00465	0.0563033549207661	5.63	43.62	0.11	aggregate	8     600018  8.2588329E-02  4.65E-03    5.63   43.62    0.11    0.38   3
P_W15_HL_M0_A00_S3	adaptive	W15_HL_M0_A00_S3	A00		S3	M0	HL	W15	NR	150	1	49997	0.089321098	0.0127	0.1421836529595729	14.23	31.83	2.96	iteration	1      49997  8.9321098E-02  1.27E-02   14.23   31.83*   2.96
P_W15_HL_M0_A00_S3	adaptive	W15_HL_M0_A00_S3	A00		S3	M0	HL	W15	NR	151	2	50003	0.098418182	0.0248	0.25198595926106415	25.16	56.26	0.32	iteration	2      50003  9.8418182E-02  2.48E-02   25.16   56.26    0.32
P_W15_HL_M0_A00_S3	adaptive	W15_HL_M0_A00_S3	A00		S3	M0	HL	W15	NR	152	3	50027	0.14039552	0.0759	0.5406155410087159	54.08	120.96	0.17	iteration	3      50027  1.4039552E-01  7.59E-02   54.08  120.96    0.17
P_W15_HL_M0_A00_S3	adaptive	W15_HL_M0_A00_S3	A00		S3	M0	HL	W15	NR	153	4	50000	0.076947115	0.00828	0.10760637354629865	10.76	24.06	0.25	iteration	4      50000  7.6947115E-02  8.28E-03   10.76   24.06*   0.25
P_W15_HL_M0_A00_S3	adaptive	W15_HL_M0_A00_S3	A00		S3	M0	HL	W15	NR	154	5	50004	0.091420759	0.0112	0.12251046832809602	12.24	27.36	0.27	iteration	5      50004  9.1420759E-02  1.12E-02   12.24   27.36    0.27
P_W15_HL_M0_A00_S3	adaptive	W15_HL_M0_A00_S3	A00		S3	M0	HL	W15	NR	156	5	250031	0.084739633	0.00572	0.06750088237932303	6.75	33.75	0.27	aggregate	5     250031  8.4739633E-02  5.72E-03    6.75   33.75    0.27    0.55   5
C_W15_HL_M0_A00_S3_F0	fixed	W15_HL_M0_A00_S3_F0	A00	F0	S3	M0	HL	W15	NR	146	1	49997	0.089321098	0.0127	0.1421836529595729	14.23	31.83	2.96	iteration	1      49997  8.9321098E-02  1.27E-02   14.23   31.83*   2.96
C_W15_HL_M0_A00_S3_F0	fixed	W15_HL_M0_A00_S3_F0	A00	F0	S3	M0	HL	W15	NR	147	2	50003	0.098418182	0.0248	0.25198595926106415	25.16	56.26	0.32	iteration	2      50003  9.8418182E-02  2.48E-02   25.16   56.26    0.32
C_W15_HL_M0_A00_S3_F0	fixed	W15_HL_M0_A00_S3_F0	A00	F0	S3	M0	HL	W15	NR	148	3	50027	0.14039552	0.0759	0.5406155410087159	54.08	120.96	0.17	iteration	3      50027  1.4039552E-01  7.59E-02   54.08  120.96    0.17
C_W15_HL_M0_A00_S3_F0	fixed	W15_HL_M0_A00_S3_F0	A00	F0	S3	M0	HL	W15	NR	149	4	50000	0.076947115	0.00828	0.10760637354629865	10.76	24.06	0.25	iteration	4      50000  7.6947115E-02  8.28E-03   10.76   24.06*   0.25
C_W15_HL_M0_A00_S3_F0	fixed	W15_HL_M0_A00_S3_F0	A00	F0	S3	M0	HL	W15	NR	150	5	50004	0.091420759	0.0112	0.12251046832809602	12.24	27.36	0.27	iteration	5      50004  9.1420759E-02  1.12E-02   12.24   27.36    0.27
C_W15_HL_M0_A00_S3_F0	fixed	W15_HL_M0_A00_S3_F0	A00	F0	S3	M0	HL	W15	NR	152	5	250031	0.084739633	0.00572	0.06750088237932303	6.75	33.75	0.27	aggregate	5     250031  8.4739633E-02  5.72E-03    6.75   33.75    0.27    0.55   5
C_W15_HL_M0_A00_S3_F0	fixed	W15_HL_M0_A00_S3_F0	A00	F0	S3	M0	HL	W15	NR	155	6	199987	0.077055833	0.00327	0.04243676140649858	4.24	18.96	0.12	iteration	6     199987  7.7055833E-02  3.27E-03    4.24   18.96*   0.12
C_W15_HL_M0_A00_S3_F0	fixed	W15_HL_M0_A00_S3_F0	A00	F0	S3	M0	HL	W15	NR	156	7	199987	0.082593778	0.00624	0.07555048517092897	7.56	33.79	0.13	iteration	7     199987  8.2593778E-02  6.24E-03    7.56   33.79    0.13
C_W15_HL_M0_A00_S3_F0	fixed	W15_HL_M0_A00_S3_F0	A00	F0	S3	M0	HL	W15	NR	157	8	199987	0.078041775	0.00604	0.07739444675624049	7.74	34.6	0.21	iteration	8     199987  7.8041775E-02  6.04E-03    7.74   34.60    0.21
C_W15_HL_M0_A00_S3_F0	fixed	W15_HL_M0_A00_S3_F0	A00	F0	S3	M0	HL	W15	NR	159	8	599961	0.078208861	0.00261	0.03337217761041169	3.34	25.85	0.21	aggregate	8     599961  7.8208861E-02  2.61E-03    3.34   25.85    0.21    0.31   3
P_W15_HL_M0_A00_S4	adaptive	W15_HL_M0_A00_S4	A00		S4	M0	HL	W15	NR	150	1	49997	0.12257972	0.0323	0.26350198874658876	26.37	58.97	2.4	iteration	1      49997  1.2257972E-01  3.23E-02   26.37   58.97*   2.40
P_W15_HL_M0_A00_S4	adaptive	W15_HL_M0_A00_S4	A00		S4	M0	HL	W15	NR	151	2	49999	0.056263093	0.00818	0.14538838097649553	14.55	32.52	0.45	iteration	2      49999  5.6263093E-02  8.18E-03   14.55   32.52*   0.45
P_W15_HL_M0_A00_S4	adaptive	W15_HL_M0_A00_S4	A00		S4	M0	HL	W15	NR	152	3	50003	0.051785021	0.00479	0.09249779004627612	9.26	20.7	0.39	iteration	3      50003  5.1785021E-02  4.79E-03    9.26   20.70*   0.39
P_W15_HL_M0_A00_S4	adaptive	W15_HL_M0_A00_S4	A00		S4	M0	HL	W15	NR	153	4	50000	0.080061202	0.0183	0.22857513430787613	22.8	50.99	0.43	iteration	4      50000  8.0061202E-02  1.83E-02   22.80   50.99    0.43
P_W15_HL_M0_A00_S4	adaptive	W15_HL_M0_A00_S4	A00		S4	M0	HL	W15	NR	154	5	49995	0.079001501	0.0126	0.15949064056390524	16.01	35.79	0.14	iteration	5      49995  7.9001501E-02  1.26E-02   16.01   35.79*   0.14
P_W15_HL_M0_A00_S4	adaptive	W15_HL_M0_A00_S4	A00		S4	M0	HL	W15	NR	156	5	249994	0.057461171	0.00382	0.06647967546641192	6.64	33.21	0.14	aggregate	5     249994  5.7461171E-02  3.82E-03    6.64   33.21    0.14    2.48   5
C_W15_HL_M0_A00_S4_F0	fixed	W15_HL_M0_A00_S4_F0	A00	F0	S4	M0	HL	W15	NR	146	1	49997	0.12257972	0.0323	0.26350198874658876	26.37	58.97	2.4	iteration	1      49997  1.2257972E-01  3.23E-02   26.37   58.97*   2.40
C_W15_HL_M0_A00_S4_F0	fixed	W15_HL_M0_A00_S4_F0	A00	F0	S4	M0	HL	W15	NR	147	2	49999	0.056263093	0.00818	0.14538838097649553	14.55	32.52	0.45	iteration	2      49999  5.6263093E-02  8.18E-03   14.55   32.52*   0.45
C_W15_HL_M0_A00_S4_F0	fixed	W15_HL_M0_A00_S4_F0	A00	F0	S4	M0	HL	W15	NR	148	3	50003	0.051785021	0.00479	0.09249779004627612	9.26	20.7	0.39	iteration	3      50003  5.1785021E-02  4.79E-03    9.26   20.70*   0.39
C_W15_HL_M0_A00_S4_F0	fixed	W15_HL_M0_A00_S4_F0	A00	F0	S4	M0	HL	W15	NR	149	4	50000	0.080061202	0.0183	0.22857513430787613	22.8	50.99	0.43	iteration	4      50000  8.0061202E-02  1.83E-02   22.80   50.99    0.43
C_W15_HL_M0_A00_S4_F0	fixed	W15_HL_M0_A00_S4_F0	A00	F0	S4	M0	HL	W15	NR	150	5	49995	0.079001501	0.0126	0.15949064056390524	16.01	35.79	0.14	iteration	5      49995  7.9001501E-02  1.26E-02   16.01   35.79*   0.14
C_W15_HL_M0_A00_S4_F0	fixed	W15_HL_M0_A00_S4_F0	A00	F0	S4	M0	HL	W15	NR	152	5	249994	0.057461171	0.00382	0.06647967546641192	6.64	33.21	0.14	aggregate	5     249994  5.7461171E-02  3.82E-03    6.64   33.21    0.14    2.48   5
C_W15_HL_M0_A00_S4_F0	fixed	W15_HL_M0_A00_S4_F0	A00	F0	S4	M0	HL	W15	NR	155	6	199995	0.077810776	0.00981	0.12607508245387503	12.61	56.4	0.03	iteration	6     199995  7.7810776E-02  9.81E-03   12.61   56.40    0.03
C_W15_HL_M0_A00_S4_F0	fixed	W15_HL_M0_A00_S4_F0	A00	F0	S4	M0	HL	W15	NR	156	7	199995	0.071831455	0.0145	0.20186142686376046	20.18	90.23	0.09	iteration	7     199995  7.1831455E-02  1.45E-02   20.18   90.23    0.09
C_W15_HL_M0_A00_S4_F0	fixed	W15_HL_M0_A00_S4_F0	A00	F0	S4	M0	HL	W15	NR	157	8	199995	0.069957812	0.00729	0.10420566040573138	10.42	46.58	0.06	iteration	8     199995  6.9957812E-02  7.29E-03   10.42   46.58*   0.06
C_W15_HL_M0_A00_S4_F0	fixed	W15_HL_M0_A00_S4_F0	A00	F0	S4	M0	HL	W15	NR	159	8	599985	0.072620404	0.00543	0.07477237389095219	7.47	57.87	0.06	aggregate	8     599985  7.2620404E-02  5.43E-03    7.47   57.87    0.06    0.21   3
P_W15_HL_M0_A00_S5	adaptive	W15_HL_M0_A00_S5	A00		S5	M0	HL	W15	NR	150	1	49986	0.064171863	0.0112	0.17453132068177607	17.46	39.04	2.43	iteration	1      49986  6.4171863E-02  1.12E-02   17.46   39.04*   2.43
P_W15_HL_M0_A00_S5	adaptive	W15_HL_M0_A00_S5	A00		S5	M0	HL	W15	NR	151	2	49997	0.071633864	0.011	0.1535586576762074	15.3	34.22	0.51	iteration	2      49997  7.1633864E-02  1.10E-02   15.30   34.22*   0.51
P_W15_HL_M0_A00_S5	adaptive	W15_HL_M0_A00_S5	A00		S5	M0	HL	W15	NR	152	3	49990	0.063716527	0.00982	0.15412013903394328	15.42	34.47	0.35	iteration	3      49990  6.3716527E-02  9.82E-03   15.42   34.47    0.35
P_W15_HL_M0_A00_S5	adaptive	W15_HL_M0_A00_S5	A00		S5	M0	HL	W15	NR	153	4	49997	0.082787368	0.0274	0.33096836705812416	33.1	74.01	0.45	iteration	4      49997  8.2787368E-02  2.74E-02   33.10   74.01    0.45
P_W15_HL_M0_A00_S5	adaptive	W15_HL_M0_A00_S5	A00		S5	M0	HL	W15	NR	154	5	50015	0.077502942	0.0095	0.12257599201847072	12.25	27.41	0.27	iteration	5      50015  7.7502942E-02  9.50E-03   12.25   27.41*   0.27
P_W15_HL_M0_A00_S5	adaptive	W15_HL_M0_A00_S5	A00		S5	M0	HL	W15	NR	156	5	249985	0.070058249	0.00506	0.07222561328930731	7.22	36.11	0.27	aggregate	5     249985  7.0058249E-02  5.06E-03    7.22   36.11    0.27    0.39   5
C_W15_HL_M0_A00_S5_F0	fixed	W15_HL_M0_A00_S5_F0	A00	F0	S5	M0	HL	W15	NR	146	1	49986	0.064171863	0.0112	0.17453132068177607	17.46	39.04	2.43	iteration	1      49986  6.4171863E-02  1.12E-02   17.46   39.04*   2.43
C_W15_HL_M0_A00_S5_F0	fixed	W15_HL_M0_A00_S5_F0	A00	F0	S5	M0	HL	W15	NR	147	2	49997	0.071633864	0.011	0.1535586576762074	15.3	34.22	0.51	iteration	2      49997  7.1633864E-02  1.10E-02   15.30   34.22*   0.51
C_W15_HL_M0_A00_S5_F0	fixed	W15_HL_M0_A00_S5_F0	A00	F0	S5	M0	HL	W15	NR	148	3	49990	0.063716527	0.00982	0.15412013903394328	15.42	34.47	0.35	iteration	3      49990  6.3716527E-02  9.82E-03   15.42   34.47    0.35
C_W15_HL_M0_A00_S5_F0	fixed	W15_HL_M0_A00_S5_F0	A00	F0	S5	M0	HL	W15	NR	149	4	49997	0.082787368	0.0274	0.33096836705812416	33.1	74.01	0.45	iteration	4      49997  8.2787368E-02  2.74E-02   33.10   74.01    0.45
C_W15_HL_M0_A00_S5_F0	fixed	W15_HL_M0_A00_S5_F0	A00	F0	S5	M0	HL	W15	NR	150	5	50015	0.077502942	0.0095	0.12257599201847072	12.25	27.41	0.27	iteration	5      50015  7.7502942E-02  9.50E-03   12.25   27.41*   0.27
C_W15_HL_M0_A00_S5_F0	fixed	W15_HL_M0_A00_S5_F0	A00	F0	S5	M0	HL	W15	NR	152	5	249985	0.070058249	0.00506	0.07222561328930731	7.22	36.11	0.27	aggregate	5     249985  7.0058249E-02  5.06E-03    7.22   36.11    0.27    0.39   5
C_W15_HL_M0_A00_S5_F0	fixed	W15_HL_M0_A00_S5_F0	A00	F0	S5	M0	HL	W15	NR	155	6	200000	0.071680867	0.005	0.06975362058609029	6.98	31.22	0.09	iteration	6     200000  7.1680867E-02  5.00E-03    6.98   31.22    0.09
C_W15_HL_M0_A00_S5_F0	fixed	W15_HL_M0_A00_S5_F0	A00	F0	S5	M0	HL	W15	NR	156	7	200000	0.08926041	0.0102	0.11427238570828882	11.4	50.96	0.06	iteration	7     200000  8.9260410E-02  1.02E-02   11.40   50.96    0.06
C_W15_HL_M0_A00_S5_F0	fixed	W15_HL_M0_A00_S5_F0	A00	F0	S5	M0	HL	W15	NR	157	8	200000	0.13206998	0.0514	0.38918761099229365	38.93	174.11	0.03	iteration	8     200000  1.3206998E-01  5.14E-02   38.93  174.11    0.03
C_W15_HL_M0_A00_S5_F0	fixed	W15_HL_M0_A00_S5_F0	A00	F0	S5	M0	HL	W15	NR	159	8	600000	0.075536503	0.00447	0.059176687064795674	5.92	45.86	0.03	aggregate	8     600000  7.5536503E-02  4.47E-03    5.92   45.86    0.03    1.81   3
P_W15_HL_M0_A00_S6	adaptive	W15_HL_M0_A00_S6	A00		S6	M0	HL	W15	NR	150	1	50005	0.063917517	0.0115	0.1799193795340955	18.02	40.29	3.01	iteration	1      50005  6.3917517E-02  1.15E-02   18.02   40.29*   3.01
P_W15_HL_M0_A00_S6	adaptive	W15_HL_M0_A00_S6	A00		S6	M0	HL	W15	NR	151	2	49987	0.068156248	0.0178	0.26116461105664146	26.08	58.32	0.43	iteration	2      49987  6.8156248E-02  1.78E-02   26.08   58.32    0.43
P_W15_HL_M0_A00_S6	adaptive	W15_HL_M0_A00_S6	A00		S6	M0	HL	W15	NR	152	3	49991	0.06754472	0.0109	0.16137456784186832	16.2	36.22	0.37	iteration	3      49991  6.7544720E-02  1.09E-02   16.20   36.22*   0.37
P_W15_HL_M0_A00_S6	adaptive	W15_HL_M0_A00_S6	A00		S6	M0	HL	W15	NR	153	4	49997	0.066622301	0.00725	0.10882241968796606	10.89	24.34	0.25	iteration	4      49997  6.6622301E-02  7.25E-03   10.89   24.34*   0.25
P_W15_HL_M0_A00_S6	adaptive	W15_HL_M0_A00_S6	A00		S6	M0	HL	W15	NR	154	5	50002	0.070572867	0.0115	0.16295214420012155	16.31	36.47	0.23	iteration	5      50002  7.0572867E-02  1.15E-02   16.31   36.47    0.23
P_W15_HL_M0_A00_S6	adaptive	W15_HL_M0_A00_S6	A00		S6	M0	HL	W15	NR	156	5	249982	0.067104218	0.00468	0.06974226269949231	6.98	34.89	0.23	aggregate	5     249982  6.7104218E-02  4.68E-03    6.98   34.89    0.23    0.04   5
C_W15_HL_M0_A00_S6_F0	fixed	W15_HL_M0_A00_S6_F0	A00	F0	S6	M0	HL	W15	NR	146	1	50005	0.063917517	0.0115	0.1799193795340955	18.02	40.29	3.01	iteration	1      50005  6.3917517E-02  1.15E-02   18.02   40.29*   3.01
C_W15_HL_M0_A00_S6_F0	fixed	W15_HL_M0_A00_S6_F0	A00	F0	S6	M0	HL	W15	NR	147	2	49987	0.068156248	0.0178	0.26116461105664146	26.08	58.32	0.43	iteration	2      49987  6.8156248E-02  1.78E-02   26.08   58.32    0.43
C_W15_HL_M0_A00_S6_F0	fixed	W15_HL_M0_A00_S6_F0	A00	F0	S6	M0	HL	W15	NR	148	3	49991	0.06754472	0.0109	0.16137456784186832	16.2	36.22	0.37	iteration	3      49991  6.7544720E-02  1.09E-02   16.20   36.22*   0.37
C_W15_HL_M0_A00_S6_F0	fixed	W15_HL_M0_A00_S6_F0	A00	F0	S6	M0	HL	W15	NR	149	4	49997	0.066622301	0.00725	0.10882241968796606	10.89	24.34	0.25	iteration	4      49997  6.6622301E-02  7.25E-03   10.89   24.34*   0.25
C_W15_HL_M0_A00_S6_F0	fixed	W15_HL_M0_A00_S6_F0	A00	F0	S6	M0	HL	W15	NR	150	5	50002	0.070572867	0.0115	0.16295214420012155	16.31	36.47	0.23	iteration	5      50002  7.0572867E-02  1.15E-02   16.31   36.47    0.23
C_W15_HL_M0_A00_S6_F0	fixed	W15_HL_M0_A00_S6_F0	A00	F0	S6	M0	HL	W15	NR	152	5	249982	0.067104218	0.00468	0.06974226269949231	6.98	34.89	0.23	aggregate	5     249982  6.7104218E-02  4.68E-03    6.98   34.89    0.23    0.04   5
C_W15_HL_M0_A00_S6_F0	fixed	W15_HL_M0_A00_S6_F0	A00	F0	S6	M0	HL	W15	NR	155	6	200000	0.18726615	0.116	0.619439231275914	62.08	277.64	0.02	iteration	6     200000  1.8726615E-01  1.16E-01   62.08  277.64    0.02
C_W15_HL_M0_A00_S6_F0	fixed	W15_HL_M0_A00_S6_F0	A00	F0	S6	M0	HL	W15	NR	156	7	200000	0.076776155	0.00453	0.05900269426099809	5.9	26.39	0.09	iteration	7     200000  7.6776155E-02  4.53E-03    5.90   26.39*   0.09
C_W15_HL_M0_A00_S6_F0	fixed	W15_HL_M0_A00_S6_F0	A00	F0	S6	M0	HL	W15	NR	157	8	200000	0.086402613	0.00606	0.07013676773872568	7.01	31.34	0.09	iteration	8     200000  8.6402613E-02  6.06E-03    7.01   31.34    0.09
C_W15_HL_M0_A00_S6_F0	fixed	W15_HL_M0_A00_S6_F0	A00	F0	S6	M0	HL	W15	NR	159	8	600000	0.080335381	0.00363	0.045185570228390405	4.51	34.96	0.09	aggregate	8     600000  8.0335381E-02  3.63E-03    4.51   34.96    0.09    1.23   3
P_W15_HL_M0_A00_S7	adaptive	W15_HL_M0_A00_S7	A00		S7	M0	HL	W15	NR	150	1	49986	0.10330673	0.0178	0.17230242405310864	17.19	38.43	2.91	iteration	1      49986  1.0330673E-01  1.78E-02   17.19   38.43*   2.91
P_W15_HL_M0_A00_S7	adaptive	W15_HL_M0_A00_S7	A00		S7	M0	HL	W15	NR	151	2	50024	0.048562665	0.00834	0.1717368682299458	17.18	38.42	0.49	iteration	2      50024  4.8562665E-02  8.34E-03   17.18   38.42*   0.49
P_W15_HL_M0_A00_S7	adaptive	W15_HL_M0_A00_S7	A00		S7	M0	HL	W15	NR	152	3	50004	0.080601683	0.0166	0.20595103454601563	20.58	46.02	0.21	iteration	3      50004  8.0601683E-02  1.66E-02   20.58   46.02    0.21
P_W15_HL_M0_A00_S7	adaptive	W15_HL_M0_A00_S7	A00		S7	M0	HL	W15	NR	153	4	50008	0.095056045	0.0373	0.39240008355070943	39.28	87.84	0.1	iteration	4      50008  9.5056045E-02  3.73E-02   39.28   87.84    0.10
P_W15_HL_M0_A00_S7	adaptive	W15_HL_M0_A00_S7	A00		S7	M0	HL	W15	NR	154	5	50004	0.24793298	0.176	0.7098692557964656	70.87	158.47	0.02	iteration	5      50004  2.4793298E-01  1.76E-01   70.87  158.47    0.02
P_W15_HL_M0_A00_S7	adaptive	W15_HL_M0_A00_S7	A00		S7	M0	HL	W15	NR	156	5	250026	0.063607301	0.00675	0.10611989337513314	10.62	53.09	0.02	aggregate	5     250026  6.3607301E-02  6.75E-03   10.62   53.09    0.02    2.78   5
C_W15_HL_M0_A00_S7_F0	fixed	W15_HL_M0_A00_S7_F0	A00	F0	S7	M0	HL	W15	NR	146	1	49986	0.10330673	0.0178	0.17230242405310864	17.19	38.43	2.91	iteration	1      49986  1.0330673E-01  1.78E-02   17.19   38.43*   2.91
C_W15_HL_M0_A00_S7_F0	fixed	W15_HL_M0_A00_S7_F0	A00	F0	S7	M0	HL	W15	NR	147	2	50024	0.048562665	0.00834	0.1717368682299458	17.18	38.42	0.49	iteration	2      50024  4.8562665E-02  8.34E-03   17.18   38.42*   0.49
C_W15_HL_M0_A00_S7_F0	fixed	W15_HL_M0_A00_S7_F0	A00	F0	S7	M0	HL	W15	NR	148	3	50004	0.080601683	0.0166	0.20595103454601563	20.58	46.02	0.21	iteration	3      50004  8.0601683E-02  1.66E-02   20.58   46.02    0.21
C_W15_HL_M0_A00_S7_F0	fixed	W15_HL_M0_A00_S7_F0	A00	F0	S7	M0	HL	W15	NR	149	4	50008	0.095056045	0.0373	0.39240008355070943	39.28	87.84	0.1	iteration	4      50008  9.5056045E-02  3.73E-02   39.28   87.84    0.10
C_W15_HL_M0_A00_S7_F0	fixed	W15_HL_M0_A00_S7_F0	A00	F0	S7	M0	HL	W15	NR	150	5	50004	0.24793298	0.176	0.7098692557964656	70.87	158.47	0.02	iteration	5      50004  2.4793298E-01  1.76E-01   70.87  158.47    0.02
C_W15_HL_M0_A00_S7_F0	fixed	W15_HL_M0_A00_S7_F0	A00	F0	S7	M0	HL	W15	NR	152	5	250026	0.063607301	0.00675	0.10611989337513314	10.62	53.09	0.02	aggregate	5     250026  6.3607301E-02  6.75E-03   10.62   53.09    0.02    2.78   5
C_W15_HL_M0_A00_S7_F0	fixed	W15_HL_M0_A00_S7_F0	A00	F0	S7	M0	HL	W15	NR	155	6	200001	0.12305888	0.0438	0.3559271789244303	35.6	159.23	0.05	iteration	6     200001  1.2305888E-01  4.38E-02   35.60  159.23    0.05
C_W15_HL_M0_A00_S7_F0	fixed	W15_HL_M0_A00_S7_F0	A00	F0	S7	M0	HL	W15	NR	156	7	200001	0.055270458	0.00474	0.08576009990725968	8.57	38.31	0.03	iteration	7     200001  5.5270458E-02  4.74E-03    8.57   38.31*   0.03
C_W15_HL_M0_A00_S7_F0	fixed	W15_HL_M0_A00_S7_F0	A00	F0	S7	M0	HL	W15	NR	157	8	200001	0.8355952	0.751	0.8987605481697358	89.89	401.99	0.3	iteration	8     200001  8.3559520E-01  7.51E-01   89.89  401.99    0.30
C_W15_HL_M0_A00_S7_F0	fixed	W15_HL_M0_A00_S7_F0	A00	F0	S7	M0	HL	W15	NR	159	8	600003	0.056083757	0.00471	0.083981534974556	8.39	65.02	0.3	aggregate	8     600003  5.6083757E-02  4.71E-03    8.39   65.02    0.30    1.72   3
P_W15_HL_M1_A07_S0	adaptive	W15_HL_M1_A07_S0	A07		S0	M1	HL	W15	NR	150	1	99988	0.090807259	0.012	0.13214802574318427	13.26	41.94	1.72	iteration	1      99988  9.0807259E-02  1.20E-02   13.26   41.94*   1.72
P_W15_HL_M1_A07_S0	adaptive	W15_HL_M1_A07_S0	A07		S0	M1	HL	W15	NR	151	2	100014	0.085776263	0.0216	0.25181791843741197	25.13	79.48	0.21	iteration	2     100014  8.5776263E-02  2.16E-02   25.13   79.48    0.21
P_W15_HL_M1_A07_S0	adaptive	W15_HL_M1_A07_S0	A07		S0	M1	HL	W15	NR	152	3	99997	0.081248221	0.00672	0.08270950326407762	8.27	26.14	0.16	iteration	3      99997  8.1248221E-02  6.72E-03    8.27   26.14*   0.16
P_W15_HL_M1_A07_S0	adaptive	W15_HL_M1_A07_S0	A07		S0	M1	HL	W15	NR	153	4	100014	0.080977429	0.00541	0.0668087400008711	6.68	21.14	0.16	iteration	4     100014  8.0977429E-02  5.41E-03    6.68   21.14*   0.16
P_W15_HL_M1_A07_S0	adaptive	W15_HL_M1_A07_S0	A07		S0	M1	HL	W15	NR	154	5	99995	0.080601327	0.004	0.049626974503782055	4.96	15.68	0.27	iteration	5      99995  8.0601327E-02  4.00E-03    4.96   15.68*   0.27
P_W15_HL_M1_A07_S0	adaptive	W15_HL_M1_A07_S0	A07		S0	M1	HL	W15	NR	155	6	100011	0.59006522	0.507	0.8592270529010336	85.86	271.53	0.07	iteration	6     100011  5.9006522E-01  5.07E-01   85.86  271.53    0.07
P_W15_HL_M1_A07_S0	adaptive	W15_HL_M1_A07_S0	A07		S0	M1	HL	W15	NR	156	7	99989	0.080330988	0.00249	0.030996755573328687	3.1	9.81	0.53	iteration	7      99989  8.0330988E-02  2.49E-03    3.10    9.81*   0.53
P_W15_HL_M1_A07_S0	adaptive	W15_HL_M1_A07_S0	A07		S0	M1	HL	W15	NR	157	8	99988	0.086566405	0.00626	0.0723144272885076	7.23	22.86	0.4	iteration	8      99988  8.6566405E-02  6.26E-03    7.23   22.86    0.40
P_W15_HL_M1_A07_S0	adaptive	W15_HL_M1_A07_S0	A07		S0	M1	HL	W15	NR	158	9	100008	0.18814556	0.0663	0.35238673716243957	35.22	111.37	0.19	iteration	9     100008  1.8814556E-01  6.63E-02   35.22  111.37    0.19
P_W15_HL_M1_A07_S0	adaptive	W15_HL_M1_A07_S0	A07		S0	M1	HL	W15	NR	159	10	99999	0.28567696	0.0562	0.19672570024548008	19.67	62.19	0.07	iteration	10      99999  2.8567696E-01  5.62E-02   19.67   62.19*   0.07
P_W15_HL_M1_A07_S0	adaptive	W15_HL_M1_A07_S0	A07		S0	M1	HL	W15	NR	161	10	1000003	0.081582189	0.00178	0.021818487856460924	2.18	21.84	0.07	aggregate	10    1000003  8.1582189E-02  1.78E-03    2.18   21.84    0.07    2.04  10
C_W15_HL_M1_A07_S0_F0	fixed	W15_HL_M1_A07_S0_F0	A07	F0	S0	M1	HL	W15	NR	146	1	99988	0.090807259	0.012	0.13214802574318427	13.26	41.94	1.72	iteration	1      99988  9.0807259E-02  1.20E-02   13.26   41.94*   1.72
C_W15_HL_M1_A07_S0_F0	fixed	W15_HL_M1_A07_S0_F0	A07	F0	S0	M1	HL	W15	NR	147	2	100014	0.085776263	0.0216	0.25181791843741197	25.13	79.48	0.21	iteration	2     100014  8.5776263E-02  2.16E-02   25.13   79.48    0.21
C_W15_HL_M1_A07_S0_F0	fixed	W15_HL_M1_A07_S0_F0	A07	F0	S0	M1	HL	W15	NR	148	3	99997	0.081248221	0.00672	0.08270950326407762	8.27	26.14	0.16	iteration	3      99997  8.1248221E-02  6.72E-03    8.27   26.14*   0.16
C_W15_HL_M1_A07_S0_F0	fixed	W15_HL_M1_A07_S0_F0	A07	F0	S0	M1	HL	W15	NR	149	4	100014	0.080977429	0.00541	0.0668087400008711	6.68	21.14	0.16	iteration	4     100014  8.0977429E-02  5.41E-03    6.68   21.14*   0.16
C_W15_HL_M1_A07_S0_F0	fixed	W15_HL_M1_A07_S0_F0	A07	F0	S0	M1	HL	W15	NR	150	5	99995	0.080601327	0.004	0.049626974503782055	4.96	15.68	0.27	iteration	5      99995  8.0601327E-02  4.00E-03    4.96   15.68*   0.27
C_W15_HL_M1_A07_S0_F0	fixed	W15_HL_M1_A07_S0_F0	A07	F0	S0	M1	HL	W15	NR	151	6	100011	0.59006522	0.507	0.8592270529010336	85.86	271.53	0.07	iteration	6     100011  5.9006522E-01  5.07E-01   85.86  271.53    0.07
C_W15_HL_M1_A07_S0_F0	fixed	W15_HL_M1_A07_S0_F0	A07	F0	S0	M1	HL	W15	NR	152	7	99989	0.080330988	0.00249	0.030996755573328687	3.1	9.81	0.53	iteration	7      99989  8.0330988E-02  2.49E-03    3.10    9.81*   0.53
C_W15_HL_M1_A07_S0_F0	fixed	W15_HL_M1_A07_S0_F0	A07	F0	S0	M1	HL	W15	NR	153	8	99988	0.086566405	0.00626	0.0723144272885076	7.23	22.86	0.4	iteration	8      99988  8.6566405E-02  6.26E-03    7.23   22.86    0.40
C_W15_HL_M1_A07_S0_F0	fixed	W15_HL_M1_A07_S0_F0	A07	F0	S0	M1	HL	W15	NR	154	9	100008	0.18814556	0.0663	0.35238673716243957	35.22	111.37	0.19	iteration	9     100008  1.8814556E-01  6.63E-02   35.22  111.37    0.19
C_W15_HL_M1_A07_S0_F0	fixed	W15_HL_M1_A07_S0_F0	A07	F0	S0	M1	HL	W15	NR	155	10	99999	0.28567696	0.0562	0.19672570024548008	19.67	62.19	0.07	iteration	10      99999  2.8567696E-01  5.62E-02   19.67   62.19*   0.07
C_W15_HL_M1_A07_S0_F0	fixed	W15_HL_M1_A07_S0_F0	A07	F0	S0	M1	HL	W15	NR	157	10	1000003	0.081582189	0.00178	0.021818487856460924	2.18	21.84	0.07	aggregate	10    1000003  8.1582189E-02  1.78E-03    2.18   21.84    0.07    2.04  10
C_W15_HL_M1_A07_S0_F0	fixed	W15_HL_M1_A07_S0_F0	A07	F0	S0	M1	HL	W15	NR	160	11	200003	83.115006	35.0	0.42110326022234784	42.1	188.29	0.01	iteration	11     200003  8.3115006E+01  3.50E+01   42.10  188.29    0.01
C_W15_HL_M1_A07_S0_F0	fixed	W15_HL_M1_A07_S0_F0	A07	F0	S0	M1	HL	W15	NR	161	12	200003	1542.5769	1390.0	0.9010895988394484	90.2	403.39	0.0	iteration	12     200003  1.5425769E+03  1.39E+03   90.20  403.39    0.00
C_W15_HL_M1_A07_S0_F0	fixed	W15_HL_M1_A07_S0_F0	A07	F0	S0	M1	HL	W15	NR	162	13	200003	211.82819	129.0	0.6089841016910922	61.07	273.1	0.01	iteration	13     200003  2.1182819E+02  1.29E+02   61.07  273.10*   0.01
C_W15_HL_M1_A07_S0_F0	fixed	W15_HL_M1_A07_S0_F0	A07	F0	S0	M1	HL	W15	NR	164	13	600009	92.746628	33.8	0.364433734453397	36.41	282.03	0.01	aggregate	13     600009  9.2746628E+01  3.38E+01   36.41  282.03    0.01    1.00   3
P_W15_HL_M1_A07_S1	adaptive	W15_HL_M1_A07_S1	A07		S1	M1	HL	W15	NR	150	1	99980	0.080595315	0.0106	0.13152129252177996	13.17	41.65	1.55	iteration	1      99980  8.0595315E-02  1.06E-02   13.17   41.65*   1.55
P_W15_HL_M1_A07_S1	adaptive	W15_HL_M1_A07_S1	A07		S1	M1	HL	W15	NR	151	2	100016	0.083794645	0.0131	0.15633457245388413	15.61	49.35	0.26	iteration	2     100016  8.3794645E-02  1.31E-02   15.61   49.35    0.26
P_W15_HL_M1_A07_S1	adaptive	W15_HL_M1_A07_S1	A07		S1	M1	HL	W15	NR	152	3	100016	0.081312649	0.0121	0.14880833608065086	14.92	47.2	0.13	iteration	3     100016  8.1312649E-02  1.21E-02   14.92   47.20*   0.13
P_W15_HL_M1_A07_S1	adaptive	W15_HL_M1_A07_S1	A07		S1	M1	HL	W15	NR	153	4	99992	0.068429934	0.00365	0.053339230167896996	5.33	16.87	0.23	iteration	4      99992  6.8429934E-02  3.65E-03    5.33   16.87*   0.23
P_W15_HL_M1_A07_S1	adaptive	W15_HL_M1_A07_S1	A07		S1	M1	HL	W15	NR	154	5	100013	0.078781454	0.00431	0.054708307363811784	5.47	17.3	0.28	iteration	5     100013  7.8781454E-02  4.31E-03    5.47   17.30    0.28
P_W15_HL_M1_A07_S1	adaptive	W15_HL_M1_A07_S1	A07		S1	M1	HL	W15	NR	155	6	99999	0.081562297	0.0036	0.0441380408891623	4.41	13.94	0.4	iteration	6      99999  8.1562297E-02  3.60E-03    4.41   13.94*   0.40
P_W15_HL_M1_A07_S1	adaptive	W15_HL_M1_A07_S1	A07		S1	M1	HL	W15	NR	156	7	99997	0.080077287	0.00295	0.036839409906581876	3.69	11.66	0.27	iteration	7      99997  8.0077287E-02  2.95E-03    3.69   11.66*   0.27
P_W15_HL_M1_A07_S1	adaptive	W15_HL_M1_A07_S1	A07		S1	M1	HL	W15	NR	157	8	99993	0.077788928	0.00156	0.02005426787729997	2.0	6.34	0.5	iteration	8      99993  7.7788928E-02  1.56E-03    2.00    6.34*   0.50
P_W15_HL_M1_A07_S1	adaptive	W15_HL_M1_A07_S1	A07		S1	M1	HL	W15	NR	158	9	100004	0.083372359	0.00186	0.022309552258201068	2.24	7.07	0.47	iteration	9     100004  8.3372359E-02  1.86E-03    2.24    7.07    0.47
P_W15_HL_M1_A07_S1	adaptive	W15_HL_M1_A07_S1	A07		S1	M1	HL	W15	NR	159	10	100000	0.12352342	0.0397	0.3213965416436818	32.11	101.53	0.21	iteration	10     100000  1.2352342E-01  3.97E-02   32.11  101.53    0.21
P_W15_HL_M1_A07_S1	adaptive	W15_HL_M1_A07_S1	A07		S1	M1	HL	W15	NR	161	10	1000010	0.079348463	0.00098	0.012350585795215719	1.23	12.35	0.21	aggregate	10    1000010  7.9348463E-02  9.80E-04    1.23   12.35    0.21    1.83  10
C_W15_HL_M1_A07_S1_F0	fixed	W15_HL_M1_A07_S1_F0	A07	F0	S1	M1	HL	W15	NR	146	1	99980	0.080595315	0.0106	0.13152129252177996	13.17	41.65	1.55	iteration	1      99980  8.0595315E-02  1.06E-02   13.17   41.65*   1.55
C_W15_HL_M1_A07_S1_F0	fixed	W15_HL_M1_A07_S1_F0	A07	F0	S1	M1	HL	W15	NR	147	2	100016	0.083794645	0.0131	0.15633457245388413	15.61	49.35	0.26	iteration	2     100016  8.3794645E-02  1.31E-02   15.61   49.35    0.26
C_W15_HL_M1_A07_S1_F0	fixed	W15_HL_M1_A07_S1_F0	A07	F0	S1	M1	HL	W15	NR	148	3	100016	0.081312649	0.0121	0.14880833608065086	14.92	47.2	0.13	iteration	3     100016  8.1312649E-02  1.21E-02   14.92   47.20*   0.13
C_W15_HL_M1_A07_S1_F0	fixed	W15_HL_M1_A07_S1_F0	A07	F0	S1	M1	HL	W15	NR	149	4	99992	0.068429934	0.00365	0.053339230167896996	5.33	16.87	0.23	iteration	4      99992  6.8429934E-02  3.65E-03    5.33   16.87*   0.23
C_W15_HL_M1_A07_S1_F0	fixed	W15_HL_M1_A07_S1_F0	A07	F0	S1	M1	HL	W15	NR	150	5	100013	0.078781454	0.00431	0.054708307363811784	5.47	17.3	0.28	iteration	5     100013  7.8781454E-02  4.31E-03    5.47   17.30    0.28
C_W15_HL_M1_A07_S1_F0	fixed	W15_HL_M1_A07_S1_F0	A07	F0	S1	M1	HL	W15	NR	151	6	99999	0.081562297	0.0036	0.0441380408891623	4.41	13.94	0.4	iteration	6      99999  8.1562297E-02  3.60E-03    4.41   13.94*   0.40
C_W15_HL_M1_A07_S1_F0	fixed	W15_HL_M1_A07_S1_F0	A07	F0	S1	M1	HL	W15	NR	152	7	99997	0.080077287	0.00295	0.036839409906581876	3.69	11.66	0.27	iteration	7      99997  8.0077287E-02  2.95E-03    3.69   11.66*   0.27
C_W15_HL_M1_A07_S1_F0	fixed	W15_HL_M1_A07_S1_F0	A07	F0	S1	M1	HL	W15	NR	153	8	99993	0.077788928	0.00156	0.02005426787729997	2.0	6.34	0.5	iteration	8      99993  7.7788928E-02  1.56E-03    2.00    6.34*   0.50
C_W15_HL_M1_A07_S1_F0	fixed	W15_HL_M1_A07_S1_F0	A07	F0	S1	M1	HL	W15	NR	154	9	100004	0.083372359	0.00186	0.022309552258201068	2.24	7.07	0.47	iteration	9     100004  8.3372359E-02  1.86E-03    2.24    7.07    0.47
C_W15_HL_M1_A07_S1_F0	fixed	W15_HL_M1_A07_S1_F0	A07	F0	S1	M1	HL	W15	NR	155	10	100000	0.12352342	0.0397	0.3213965416436818	32.11	101.53	0.21	iteration	10     100000  1.2352342E-01  3.97E-02   32.11  101.53    0.21
C_W15_HL_M1_A07_S1_F0	fixed	W15_HL_M1_A07_S1_F0	A07	F0	S1	M1	HL	W15	NR	157	10	1000010	0.079348463	0.00098	0.012350585795215719	1.23	12.35	0.21	aggregate	10    1000010  7.9348463E-02  9.80E-04    1.23   12.35    0.21    1.83  10
C_W15_HL_M1_A07_S1_F0	fixed	W15_HL_M1_A07_S1_F0	A07	F0	S1	M1	HL	W15	NR	160	11	199997	0.67942434	0.49	0.721198772478478	72.18	322.8	0.01	iteration	11     199997  6.7942434E-01  4.90E-01   72.18  322.80    0.01
C_W15_HL_M1_A07_S1_F0	fixed	W15_HL_M1_A07_S1_F0	A07	F0	S1	M1	HL	W15	NR	161	12	199997	1.1492723	0.982	0.8544537269366015	85.46	382.17	0.01	iteration	12     199997  1.1492723E+00  9.82E-01   85.46  382.17    0.01
C_W15_HL_M1_A07_S1_F0	fixed	W15_HL_M1_A07_S1_F0	A07	F0	S1	M1	HL	W15	NR	162	13	199997	0.3657434	0.252	0.6890076485317301	68.91	308.19	0.02	iteration	13     199997  3.6574340E-01  2.52E-01   68.91  308.19*   0.02
C_W15_HL_M1_A07_S1_F0	fixed	W15_HL_M1_A07_S1_F0	A07	F0	S1	M1	HL	W15	NR	164	13	599991	0.46683985	0.219	0.4691116236113948	46.81	362.62	0.02	aggregate	13     599991  4.6683985E-01  2.19E-01   46.81  362.62    0.02    0.42   3
P_W15_HL_M1_A07_S2	adaptive	W15_HL_M1_A07_S2	A07		S2	M1	HL	W15	NR	150	1	99975	0.086839297	0.0114	0.13127697245176917	13.14	41.55	1.87	iteration	1      99975  8.6839297E-02  1.14E-02   13.14   41.55*   1.87
P_W15_HL_M1_A07_S2	adaptive	W15_HL_M1_A07_S2	A07		S2	M1	HL	W15	NR	151	2	99997	0.087689185	0.0102	0.11631993158563397	11.66	36.86	0.25	iteration	2      99997  8.7689185E-02  1.02E-02   11.66   36.86*   0.25
P_W15_HL_M1_A07_S2	adaptive	W15_HL_M1_A07_S2	A07		S2	M1	HL	W15	NR	152	3	99999	0.08192447	0.00908	0.11083379605629429	11.08	35.04	0.18	iteration	3      99999  8.1924470E-02  9.08E-03   11.08   35.04*   0.18
P_W15_HL_M1_A07_S2	adaptive	W15_HL_M1_A07_S2	A07		S2	M1	HL	W15	NR	153	4	100008	0.080633015	0.00454	0.056304480242987315	5.63	17.79	0.21	iteration	4     100008  8.0633015E-02  4.54E-03    5.63   17.79*   0.21
P_W15_HL_M1_A07_S2	adaptive	W15_HL_M1_A07_S2	A07		S2	M1	HL	W15	NR	154	5	100005	0.090272963	0.0103	0.11409839289311907	11.43	36.13	0.16	iteration	5     100005  9.0272963E-02  1.03E-02   11.43   36.13    0.16
P_W15_HL_M1_A07_S2	adaptive	W15_HL_M1_A07_S2	A07		S2	M1	HL	W15	NR	155	6	100011	0.10964439	0.0209	0.1906162276063554	19.08	60.35	0.09	iteration	6     100011  1.0964439E-01  2.09E-02   19.08   60.35    0.09
P_W15_HL_M1_A07_S2	adaptive	W15_HL_M1_A07_S2	A07		S2	M1	HL	W15	NR	156	7	100006	0.087843205	0.00736	0.08378564966977242	8.37	26.48	0.13	iteration	7     100006  8.7843205E-02  7.36E-03    8.37   26.48*   0.13
P_W15_HL_M1_A07_S2	adaptive	W15_HL_M1_A07_S2	A07		S2	M1	HL	W15	NR	157	8	100009	0.079965438	0.00263	0.03288920896050116	3.29	10.4	0.27	iteration	8     100009  7.9965438E-02  2.63E-03    3.29   10.40*   0.27
P_W15_HL_M1_A07_S2	adaptive	W15_HL_M1_A07_S2	A07		S2	M1	HL	W15	NR	158	9	99988	0.079809343	0.00264	0.03307883389041305	3.3	10.44	0.29	iteration	9      99988  7.9809343E-02  2.64E-03    3.30   10.44    0.29
P_W15_HL_M1_A07_S2	adaptive	W15_HL_M1_A07_S2	A07		S2	M1	HL	W15	NR	159	10	100000	0.083094441	0.00222	0.02671658865843986	2.67	8.44	0.36	iteration	10     100000  8.3094441E-02  2.22E-03    2.67    8.44*   0.36
P_W15_HL_M1_A07_S2	adaptive	W15_HL_M1_A07_S2	A07		S2	M1	HL	W15	NR	161	10	999998	0.081809968	0.00129	0.01576824965877019	1.58	15.78	0.36	aggregate	10     999998  8.1809968E-02  1.29E-03    1.58   15.78    0.36    0.57  10
C_W15_HL_M1_A07_S2_F0	fixed	W15_HL_M1_A07_S2_F0	A07	F0	S2	M1	HL	W15	NR	146	1	99975	0.086839297	0.0114	0.13127697245176917	13.14	41.55	1.87	iteration	1      99975  8.6839297E-02  1.14E-02   13.14   41.55*   1.87
C_W15_HL_M1_A07_S2_F0	fixed	W15_HL_M1_A07_S2_F0	A07	F0	S2	M1	HL	W15	NR	147	2	99997	0.087689185	0.0102	0.11631993158563397	11.66	36.86	0.25	iteration	2      99997  8.7689185E-02  1.02E-02   11.66   36.86*   0.25
C_W15_HL_M1_A07_S2_F0	fixed	W15_HL_M1_A07_S2_F0	A07	F0	S2	M1	HL	W15	NR	148	3	99999	0.08192447	0.00908	0.11083379605629429	11.08	35.04	0.18	iteration	3      99999  8.1924470E-02  9.08E-03   11.08   35.04*   0.18
C_W15_HL_M1_A07_S2_F0	fixed	W15_HL_M1_A07_S2_F0	A07	F0	S2	M1	HL	W15	NR	149	4	100008	0.080633015	0.00454	0.056304480242987315	5.63	17.79	0.21	iteration	4     100008  8.0633015E-02  4.54E-03    5.63   17.79*   0.21
C_W15_HL_M1_A07_S2_F0	fixed	W15_HL_M1_A07_S2_F0	A07	F0	S2	M1	HL	W15	NR	150	5	100005	0.090272963	0.0103	0.11409839289311907	11.43	36.13	0.16	iteration	5     100005  9.0272963E-02  1.03E-02   11.43   36.13    0.16
C_W15_HL_M1_A07_S2_F0	fixed	W15_HL_M1_A07_S2_F0	A07	F0	S2	M1	HL	W15	NR	151	6	100011	0.10964439	0.0209	0.1906162276063554	19.08	60.35	0.09	iteration	6     100011  1.0964439E-01  2.09E-02   19.08   60.35    0.09
C_W15_HL_M1_A07_S2_F0	fixed	W15_HL_M1_A07_S2_F0	A07	F0	S2	M1	HL	W15	NR	152	7	100006	0.087843205	0.00736	0.08378564966977242	8.37	26.48	0.13	iteration	7     100006  8.7843205E-02  7.36E-03    8.37   26.48*   0.13
C_W15_HL_M1_A07_S2_F0	fixed	W15_HL_M1_A07_S2_F0	A07	F0	S2	M1	HL	W15	NR	153	8	100009	0.079965438	0.00263	0.03288920896050116	3.29	10.4	0.27	iteration	8     100009  7.9965438E-02  2.63E-03    3.29   10.40*   0.27
C_W15_HL_M1_A07_S2_F0	fixed	W15_HL_M1_A07_S2_F0	A07	F0	S2	M1	HL	W15	NR	154	9	99988	0.079809343	0.00264	0.03307883389041305	3.3	10.44	0.29	iteration	9      99988  7.9809343E-02  2.64E-03    3.30   10.44    0.29
C_W15_HL_M1_A07_S2_F0	fixed	W15_HL_M1_A07_S2_F0	A07	F0	S2	M1	HL	W15	NR	155	10	100000	0.083094441	0.00222	0.02671658865843986	2.67	8.44	0.36	iteration	10     100000  8.3094441E-02  2.22E-03    2.67    8.44*   0.36
C_W15_HL_M1_A07_S2_F0	fixed	W15_HL_M1_A07_S2_F0	A07	F0	S2	M1	HL	W15	NR	157	10	999998	0.081809968	0.00129	0.01576824965877019	1.58	15.78	0.36	aggregate	10     999998  8.1809968E-02  1.29E-03    1.58   15.78    0.36    0.57  10
C_W15_HL_M1_A07_S2_F0	fixed	W15_HL_M1_A07_S2_F0	A07	F0	S2	M1	HL	W15	NR	160	11	200004	0.0889069	0.00319	0.03588022976844317	3.58	16.03	0.13	iteration	11     200004  8.8906900E-02  3.19E-03    3.58   16.03    0.13
C_W15_HL_M1_A07_S2_F0	fixed	W15_HL_M1_A07_S2_F0	A07	F0	S2	M1	HL	W15	NR	161	12	200004	0.08670748	0.0038	0.04382551539959413	4.38	19.61	0.16	iteration	12     200004  8.6707480E-02  3.80E-03    4.38   19.61    0.16
C_W15_HL_M1_A07_S2_F0	fixed	W15_HL_M1_A07_S2_F0	A07	F0	S2	M1	HL	W15	NR	162	13	200004	0.088828707	0.00793	0.089272941910547	8.92	39.91	0.14	iteration	13     200004  8.8828707E-02  7.93E-03    8.92   39.91    0.14
C_W15_HL_M1_A07_S2_F0	fixed	W15_HL_M1_A07_S2_F0	A07	F0	S2	M1	HL	W15	NR	164	13	600012	0.08807112	0.00233	0.026455891556732787	2.65	20.53	0.14	aggregate	13     600012  8.8071120E-02  2.33E-03    2.65   20.53    0.14    0.10   3
P_W15_HL_M1_A07_S3	adaptive	W15_HL_M1_A07_S3	A07		S3	M1	HL	W15	NR	150	1	100002	0.08880485	0.0101	0.11373252699599176	11.4	36.05	1.88	iteration	1     100002  8.8804850E-02  1.01E-02   11.40   36.05*   1.88
P_W15_HL_M1_A07_S3	adaptive	W15_HL_M1_A07_S3	A07		S3	M1	HL	W15	NR	151	2	100008	0.079571949	0.00714	0.08973011330915119	8.97	28.37	0.38	iteration	2     100008  7.9571949E-02  7.14E-03    8.97   28.37*   0.38
P_W15_HL_M1_A07_S3	adaptive	W15_HL_M1_A07_S3	A07		S3	M1	HL	W15	NR	152	3	100003	0.0818399	0.00448	0.0547410248546247	5.47	17.29	0.3	iteration	3     100003  8.1839900E-02  4.48E-03    5.47   17.29*   0.30
P_W15_HL_M1_A07_S3	adaptive	W15_HL_M1_A07_S3	A07		S3	M1	HL	W15	NR	153	4	99995	0.076580066	0.0023	0.03003392553879491	3.0	9.49	0.51	iteration	4      99995  7.6580066E-02  2.30E-03    3.00    9.49*   0.51
P_W15_HL_M1_A07_S3	adaptive	W15_HL_M1_A07_S3	A07		S3	M1	HL	W15	NR	154	5	100010	0.084555034	0.00317	0.03749037579477527	3.75	11.87	0.57	iteration	5     100010  8.4555034E-02  3.17E-03    3.75   11.87    0.57
P_W15_HL_M1_A07_S3	adaptive	W15_HL_M1_A07_S3	A07		S3	M1	HL	W15	NR	155	6	100004	0.10188756	0.0189	0.18549860257719392	18.57	58.72	0.28	iteration	6     100004  1.0188756E-01  1.89E-02   18.57   58.72    0.28
P_W15_HL_M1_A07_S3	adaptive	W15_HL_M1_A07_S3	A07		S3	M1	HL	W15	NR	156	7	100008	0.081349625	0.0017	0.020897453430178688	2.09	6.6	0.77	iteration	7     100008  8.1349625E-02  1.70E-03    2.09    6.60*   0.77
P_W15_HL_M1_A07_S3	adaptive	W15_HL_M1_A07_S3	A07		S3	M1	HL	W15	NR	157	8	100007	0.093266706	0.00759	0.08137952250613419	8.14	25.73	0.43	iteration	8     100007  9.3266706E-02  7.59E-03    8.14   25.73    0.43
P_W15_HL_M1_A07_S3	adaptive	W15_HL_M1_A07_S3	A07		S3	M1	HL	W15	NR	158	9	99993	0.08206849	0.00222	0.027050576902292223	2.71	8.57	0.6	iteration	9      99993  8.2068490E-02  2.22E-03    2.71    8.57*   0.60
P_W15_HL_M1_A07_S3	adaptive	W15_HL_M1_A07_S3	A07		S3	M1	HL	W15	NR	159	10	100004	0.19976348	0.108	0.5406393601072629	53.83	170.23	0.21	iteration	10     100004  1.9976348E-01  1.08E-01   53.83  170.23    0.21
P_W15_HL_M1_A07_S3	adaptive	W15_HL_M1_A07_S3	A07		S3	M1	HL	W15	NR	161	10	1000034	0.081239729	0.00103	0.012678525798627419	1.27	12.72	0.21	aggregate	10    1000034  8.1239729E-02  1.03E-03    1.27   12.72    0.21    1.21  10
C_W15_HL_M1_A07_S3_F0	fixed	W15_HL_M1_A07_S3_F0	A07	F0	S3	M1	HL	W15	NR	146	1	100002	0.08880485	0.0101	0.11373252699599176	11.4	36.05	1.88	iteration	1     100002  8.8804850E-02  1.01E-02   11.40   36.05*   1.88
C_W15_HL_M1_A07_S3_F0	fixed	W15_HL_M1_A07_S3_F0	A07	F0	S3	M1	HL	W15	NR	147	2	100008	0.079571949	0.00714	0.08973011330915119	8.97	28.37	0.38	iteration	2     100008  7.9571949E-02  7.14E-03    8.97   28.37*   0.38
C_W15_HL_M1_A07_S3_F0	fixed	W15_HL_M1_A07_S3_F0	A07	F0	S3	M1	HL	W15	NR	148	3	100003	0.0818399	0.00448	0.0547410248546247	5.47	17.29	0.3	iteration	3     100003  8.1839900E-02  4.48E-03    5.47   17.29*   0.30
C_W15_HL_M1_A07_S3_F0	fixed	W15_HL_M1_A07_S3_F0	A07	F0	S3	M1	HL	W15	NR	149	4	99995	0.076580066	0.0023	0.03003392553879491	3.0	9.49	0.51	iteration	4      99995  7.6580066E-02  2.30E-03    3.00    9.49*   0.51
C_W15_HL_M1_A07_S3_F0	fixed	W15_HL_M1_A07_S3_F0	A07	F0	S3	M1	HL	W15	NR	150	5	100010	0.084555034	0.00317	0.03749037579477527	3.75	11.87	0.57	iteration	5     100010  8.4555034E-02  3.17E-03    3.75   11.87    0.57
C_W15_HL_M1_A07_S3_F0	fixed	W15_HL_M1_A07_S3_F0	A07	F0	S3	M1	HL	W15	NR	151	6	100004	0.10188756	0.0189	0.18549860257719392	18.57	58.72	0.28	iteration	6     100004  1.0188756E-01  1.89E-02   18.57   58.72    0.28
C_W15_HL_M1_A07_S3_F0	fixed	W15_HL_M1_A07_S3_F0	A07	F0	S3	M1	HL	W15	NR	152	7	100008	0.081349625	0.0017	0.020897453430178688	2.09	6.6	0.77	iteration	7     100008  8.1349625E-02  1.70E-03    2.09    6.60*   0.77
C_W15_HL_M1_A07_S3_F0	fixed	W15_HL_M1_A07_S3_F0	A07	F0	S3	M1	HL	W15	NR	153	8	100007	0.093266706	0.00759	0.08137952250613419	8.14	25.73	0.43	iteration	8     100007  9.3266706E-02  7.59E-03    8.14   25.73    0.43
C_W15_HL_M1_A07_S3_F0	fixed	W15_HL_M1_A07_S3_F0	A07	F0	S3	M1	HL	W15	NR	154	9	99993	0.08206849	0.00222	0.027050576902292223	2.71	8.57	0.6	iteration	9      99993  8.2068490E-02  2.22E-03    2.71    8.57*   0.60
C_W15_HL_M1_A07_S3_F0	fixed	W15_HL_M1_A07_S3_F0	A07	F0	S3	M1	HL	W15	NR	155	10	100004	0.19976348	0.108	0.5406393601072629	53.83	170.23	0.21	iteration	10     100004  1.9976348E-01  1.08E-01   53.83  170.23    0.21
C_W15_HL_M1_A07_S3_F0	fixed	W15_HL_M1_A07_S3_F0	A07	F0	S3	M1	HL	W15	NR	157	10	1000034	0.081239729	0.00103	0.012678525798627419	1.27	12.72	0.21	aggregate	10    1000034  8.1239729E-02  1.03E-03    1.27   12.72    0.21    1.21  10
C_W15_HL_M1_A07_S3_F0	fixed	W15_HL_M1_A07_S3_F0	A07	F0	S3	M1	HL	W15	NR	160	11	199994	0.095514342	0.00792	0.08291948448956493	8.29	37.07	0.1	iteration	11     199994  9.5514342E-02  7.92E-03    8.29   37.07*   0.10
C_W15_HL_M1_A07_S3_F0	fixed	W15_HL_M1_A07_S3_F0	A07	F0	S3	M1	HL	W15	NR	161	12	199994	0.09590144	0.0116	0.12095751638348703	12.12	54.19	0.07	iteration	12     199994  9.5901440E-02  1.16E-02   12.12   54.19    0.07
C_W15_HL_M1_A07_S3_F0	fixed	W15_HL_M1_A07_S3_F0	A07	F0	S3	M1	HL	W15	NR	162	13	199994	0.091977469	0.00418	0.04544591241144067	4.54	20.31	0.21	iteration	13     199994  9.1977469E-02  4.18E-03    4.54   20.31*   0.21
C_W15_HL_M1_A07_S3_F0	fixed	W15_HL_M1_A07_S3_F0	A07	F0	S3	M1	HL	W15	NR	164	13	599982	0.09303737	0.00352	0.03783425950239135	3.78	29.32	0.21	aggregate	13     599982  9.3037370E-02  3.52E-03    3.78   29.32    0.21    0.11   3
P_W15_HL_M1_A07_S4	adaptive	W15_HL_M1_A07_S4	A07		S4	M1	HL	W15	NR	150	1	100022	0.10480946	0.0184	0.17555667207902798	17.52	55.39	1.45	iteration	1     100022  1.0480946E-01  1.84E-02   17.52   55.39*   1.45
P_W15_HL_M1_A07_S4	adaptive	W15_HL_M1_A07_S4	A07		S4	M1	HL	W15	NR	151	2	100010	0.092543299	0.0262	0.28311071988043135	28.36	89.67	0.11	iteration	2     100010  9.2543299E-02  2.62E-02   28.36   89.67    0.11
P_W15_HL_M1_A07_S4	adaptive	W15_HL_M1_A07_S4	A07		S4	M1	HL	W15	NR	152	3	100011	0.074620403	0.0122	0.1634941585614326	16.3	51.53	0.09	iteration	3     100011  7.4620403E-02  1.22E-02   16.30   51.53*   0.09
P_W15_HL_M1_A07_S4	adaptive	W15_HL_M1_A07_S4	A07		S4	M1	HL	W15	NR	153	4	99987	0.10991312	0.0329	0.2993273232531294	29.9	94.55	0.08	iteration	4      99987  1.0991312E-01  3.29E-02   29.90   94.55    0.08
P_W15_HL_M1_A07_S4	adaptive	W15_HL_M1_A07_S4	A07		S4	M1	HL	W15	NR	154	5	99997	0.076251051	0.00441	0.05783526839518579	5.79	18.3	0.22	iteration	5      99997  7.6251051E-02  4.41E-03    5.79   18.30*   0.22
P_W15_HL_M1_A07_S4	adaptive	W15_HL_M1_A07_S4	A07		S4	M1	HL	W15	NR	155	6	99999	0.079718216	0.00232	0.02910250776309395	2.91	9.22	0.38	iteration	6      99999  7.9718216E-02  2.32E-03    2.91    9.22*   0.38
P_W15_HL_M1_A07_S4	adaptive	W15_HL_M1_A07_S4	A07		S4	M1	HL	W15	NR	156	7	99999	0.083473299	0.00352	0.042169173162785865	4.22	13.34	0.47	iteration	7      99999  8.3473299E-02  3.52E-03    4.22   13.34    0.47
P_W15_HL_M1_A07_S4	adaptive	W15_HL_M1_A07_S4	A07		S4	M1	HL	W15	NR	157	8	100005	1.382679	1.27	0.918506753917576	91.91	290.67	0.15	iteration	8     100005  1.3826790E+00  1.27E+00   91.91  290.67    0.15
P_W15_HL_M1_A07_S4	adaptive	W15_HL_M1_A07_S4	A07		S4	M1	HL	W15	NR	158	9	100007	0.09330835	0.00834	0.0893810682538058	8.94	28.26	0.07	iteration	9     100007  9.3308350E-02  8.34E-03    8.94   28.26*   0.07
P_W15_HL_M1_A07_S4	adaptive	W15_HL_M1_A07_S4	A07		S4	M1	HL	W15	NR	159	10	99993	0.3229937	0.155	0.47988552098694187	47.86	151.35	0.01	iteration	10      99993  3.2299370E-01  1.55E-01   47.86  151.35    0.01
P_W15_HL_M1_A07_S4	adaptive	W15_HL_M1_A07_S4	A07		S4	M1	HL	W15	NR	161	10	1000030	0.080934169	0.00171	0.021128282666372962	2.11	21.07	0.01	aggregate	10    1000030  8.0934169E-02  1.71E-03    2.11   21.07    0.01    1.17  10
C_W15_HL_M1_A07_S4_F0	fixed	W15_HL_M1_A07_S4_F0	A07	F0	S4	M1	HL	W15	NR	146	1	100022	0.10480946	0.0184	0.17555667207902798	17.52	55.39	1.45	iteration	1     100022  1.0480946E-01  1.84E-02   17.52   55.39*   1.45
C_W15_HL_M1_A07_S4_F0	fixed	W15_HL_M1_A07_S4_F0	A07	F0	S4	M1	HL	W15	NR	147	2	100010	0.092543299	0.0262	0.28311071988043135	28.36	89.67	0.11	iteration	2     100010  9.2543299E-02  2.62E-02   28.36   89.67    0.11
C_W15_HL_M1_A07_S4_F0	fixed	W15_HL_M1_A07_S4_F0	A07	F0	S4	M1	HL	W15	NR	148	3	100011	0.074620403	0.0122	0.1634941585614326	16.3	51.53	0.09	iteration	3     100011  7.4620403E-02  1.22E-02   16.30   51.53*   0.09
C_W15_HL_M1_A07_S4_F0	fixed	W15_HL_M1_A07_S4_F0	A07	F0	S4	M1	HL	W15	NR	149	4	99987	0.10991312	0.0329	0.2993273232531294	29.9	94.55	0.08	iteration	4      99987  1.0991312E-01  3.29E-02   29.90   94.55    0.08
C_W15_HL_M1_A07_S4_F0	fixed	W15_HL_M1_A07_S4_F0	A07	F0	S4	M1	HL	W15	NR	150	5	99997	0.076251051	0.00441	0.05783526839518579	5.79	18.3	0.22	iteration	5      99997  7.6251051E-02  4.41E-03    5.79   18.30*   0.22
C_W15_HL_M1_A07_S4_F0	fixed	W15_HL_M1_A07_S4_F0	A07	F0	S4	M1	HL	W15	NR	151	6	99999	0.079718216	0.00232	0.02910250776309395	2.91	9.22	0.38	iteration	6      99999  7.9718216E-02  2.32E-03    2.91    9.22*   0.38
C_W15_HL_M1_A07_S4_F0	fixed	W15_HL_M1_A07_S4_F0	A07	F0	S4	M1	HL	W15	NR	152	7	99999	0.083473299	0.00352	0.042169173162785865	4.22	13.34	0.47	iteration	7      99999  8.3473299E-02  3.52E-03    4.22   13.34    0.47
C_W15_HL_M1_A07_S4_F0	fixed	W15_HL_M1_A07_S4_F0	A07	F0	S4	M1	HL	W15	NR	153	8	100005	1.382679	1.27	0.918506753917576	91.91	290.67	0.15	iteration	8     100005  1.3826790E+00  1.27E+00   91.91  290.67    0.15
C_W15_HL_M1_A07_S4_F0	fixed	W15_HL_M1_A07_S4_F0	A07	F0	S4	M1	HL	W15	NR	154	9	100007	0.09330835	0.00834	0.0893810682538058	8.94	28.26	0.07	iteration	9     100007  9.3308350E-02  8.34E-03    8.94   28.26*   0.07
C_W15_HL_M1_A07_S4_F0	fixed	W15_HL_M1_A07_S4_F0	A07	F0	S4	M1	HL	W15	NR	155	10	99993	0.3229937	0.155	0.47988552098694187	47.86	151.35	0.01	iteration	10      99993  3.2299370E-01  1.55E-01   47.86  151.35    0.01
C_W15_HL_M1_A07_S4_F0	fixed	W15_HL_M1_A07_S4_F0	A07	F0	S4	M1	HL	W15	NR	157	10	1000030	0.080934169	0.00171	0.021128282666372962	2.11	21.07	0.01	aggregate	10    1000030  8.0934169E-02  1.71E-03    2.11   21.07    0.01    1.17  10
C_W15_HL_M1_A07_S4_F0	fixed	W15_HL_M1_A07_S4_F0	A07	F0	S4	M1	HL	W15	NR	160	11	199994	2.1252381	1.2	0.5646426158085535	56.43	252.37	0.01	iteration	11     199994  2.1252381E+00  1.20E+00   56.43  252.37    0.01
C_W15_HL_M1_A07_S4_F0	fixed	W15_HL_M1_A07_S4_F0	A07	F0	S4	M1	HL	W15	NR	161	12	199994	0.63379104	0.289	0.4559862506102958	45.63	204.04	0.01	iteration	12     199994  6.3379104E-01  2.89E-01   45.63  204.04*   0.01
C_W15_HL_M1_A07_S4_F0	fixed	W15_HL_M1_A07_S4_F0	A07	F0	S4	M1	HL	W15	NR	162	13	199994	1.5670791	0.668	0.4262707606782581	42.65	190.72	0.01	iteration	13     199994  1.5670791E+00  6.68E-01   42.65  190.72*   0.01
C_W15_HL_M1_A07_S4_F0	fixed	W15_HL_M1_A07_S4_F0	A07	F0	S4	M1	HL	W15	NR	164	13	599982	0.8437193	0.259	0.3069741322736128	30.71	237.89	0.01	aggregate	13     599982  8.4371930E-01  2.59E-01   30.71  237.89    0.01    1.42   3
P_W15_HL_M1_A07_S5	adaptive	W15_HL_M1_A07_S5	A07		S5	M1	HL	W15	NR	150	1	99982	0.076276074	0.0103	0.1350357911708985	13.54	42.82	1.69	iteration	1      99982  7.6276074E-02  1.03E-02   13.54   42.82*   1.69
P_W15_HL_M1_A07_S5	adaptive	W15_HL_M1_A07_S5	A07		S5	M1	HL	W15	NR	151	2	99980	0.082576033	0.0103	0.12473352891631402	12.52	39.58	0.26	iteration	2      99980  8.2576033E-02  1.03E-02   12.52   39.58*   0.26
P_W15_HL_M1_A07_S5	adaptive	W15_HL_M1_A07_S5	A07		S5	M1	HL	W15	NR	152	3	99990	0.075177268	0.00558	0.07422456479796526	7.42	23.46	0.21	iteration	3      99990  7.5177268E-02  5.58E-03    7.42   23.46*   0.21
P_W15_HL_M1_A07_S5	adaptive	W15_HL_M1_A07_S5	A07		S5	M1	HL	W15	NR	153	4	99979	0.07890247	0.00516	0.06539719225519809	6.54	20.67	0.22	iteration	4      99979  7.8902470E-02  5.16E-03    6.54   20.67*   0.22
P_W15_HL_M1_A07_S5	adaptive	W15_HL_M1_A07_S5	A07		S5	M1	HL	W15	NR	154	5	99990	0.14874823	0.0689	0.4631987889872706	46.35	146.56	0.42	iteration	5      99990  1.4874823E-01  6.89E-02   46.35  146.56    0.42
P_W15_HL_M1_A07_S5	adaptive	W15_HL_M1_A07_S5	A07		S5	M1	HL	W15	NR	155	6	99994	0.13680312	0.0564	0.4122712990756351	41.21	130.3	0.22	iteration	6      99994  1.3680312E-01  5.64E-02   41.21  130.30*   0.22
P_W15_HL_M1_A07_S5	adaptive	W15_HL_M1_A07_S5	A07		S5	M1	HL	W15	NR	156	7	100005	0.081729847	0.00421	0.05151116947521021	5.15	16.27	0.37	iteration	7     100005  8.1729847E-02  4.21E-03    5.15   16.27*   0.37
P_W15_HL_M1_A07_S5	adaptive	W15_HL_M1_A07_S5	A07		S5	M1	HL	W15	NR	157	8	99999	0.093480179	0.00707	0.07563100622646433	7.56	23.91	0.19	iteration	8      99999  9.3480179E-02  7.07E-03    7.56   23.91    0.19
P_W15_HL_M1_A07_S5	adaptive	W15_HL_M1_A07_S5	A07		S5	M1	HL	W15	NR	158	9	99990	0.12676558	0.0361	0.2847776186564208	28.47	90.03	0.29	iteration	9      99990  1.2676558E-01  3.61E-02   28.47   90.03    0.29
P_W15_HL_M1_A07_S5	adaptive	W15_HL_M1_A07_S5	A07		S5	M1	HL	W15	NR	159	10	99998	0.088474971	0.00315	0.035603289431990884	3.56	11.26	0.39	iteration	10      99998  8.8474971E-02  3.15E-03    3.56   11.26*   0.39
P_W15_HL_M1_A07_S5	adaptive	W15_HL_M1_A07_S5	A07		S5	M1	HL	W15	NR	161	10	999907	0.08405506	0.00193	0.02296113999561716	2.3	23.02	0.39	aggregate	10     999907  8.4055060E-02  1.93E-03    2.30   23.02    0.39    1.26  10
C_W15_HL_M1_A07_S5_F0	fixed	W15_HL_M1_A07_S5_F0	A07	F0	S5	M1	HL	W15	NR	146	1	99982	0.076276074	0.0103	0.1350357911708985	13.54	42.82	1.69	iteration	1      99982  7.6276074E-02  1.03E-02   13.54   42.82*   1.69
C_W15_HL_M1_A07_S5_F0	fixed	W15_HL_M1_A07_S5_F0	A07	F0	S5	M1	HL	W15	NR	147	2	99980	0.082576033	0.0103	0.12473352891631402	12.52	39.58	0.26	iteration	2      99980  8.2576033E-02  1.03E-02   12.52   39.58*   0.26
C_W15_HL_M1_A07_S5_F0	fixed	W15_HL_M1_A07_S5_F0	A07	F0	S5	M1	HL	W15	NR	148	3	99990	0.075177268	0.00558	0.07422456479796526	7.42	23.46	0.21	iteration	3      99990  7.5177268E-02  5.58E-03    7.42   23.46*   0.21
C_W15_HL_M1_A07_S5_F0	fixed	W15_HL_M1_A07_S5_F0	A07	F0	S5	M1	HL	W15	NR	149	4	99979	0.07890247	0.00516	0.06539719225519809	6.54	20.67	0.22	iteration	4      99979  7.8902470E-02  5.16E-03    6.54   20.67*   0.22
C_W15_HL_M1_A07_S5_F0	fixed	W15_HL_M1_A07_S5_F0	A07	F0	S5	M1	HL	W15	NR	150	5	99990	0.14874823	0.0689	0.4631987889872706	46.35	146.56	0.42	iteration	5      99990  1.4874823E-01  6.89E-02   46.35  146.56    0.42
C_W15_HL_M1_A07_S5_F0	fixed	W15_HL_M1_A07_S5_F0	A07	F0	S5	M1	HL	W15	NR	151	6	99994	0.13680312	0.0564	0.4122712990756351	41.21	130.3	0.22	iteration	6      99994  1.3680312E-01  5.64E-02   41.21  130.30*   0.22
C_W15_HL_M1_A07_S5_F0	fixed	W15_HL_M1_A07_S5_F0	A07	F0	S5	M1	HL	W15	NR	152	7	100005	0.081729847	0.00421	0.05151116947521021	5.15	16.27	0.37	iteration	7     100005  8.1729847E-02  4.21E-03    5.15   16.27*   0.37
C_W15_HL_M1_A07_S5_F0	fixed	W15_HL_M1_A07_S5_F0	A07	F0	S5	M1	HL	W15	NR	153	8	99999	0.093480179	0.00707	0.07563100622646433	7.56	23.91	0.19	iteration	8      99999  9.3480179E-02  7.07E-03    7.56   23.91    0.19
C_W15_HL_M1_A07_S5_F0	fixed	W15_HL_M1_A07_S5_F0	A07	F0	S5	M1	HL	W15	NR	154	9	99990	0.12676558	0.0361	0.2847776186564208	28.47	90.03	0.29	iteration	9      99990  1.2676558E-01  3.61E-02   28.47   90.03    0.29
C_W15_HL_M1_A07_S5_F0	fixed	W15_HL_M1_A07_S5_F0	A07	F0	S5	M1	HL	W15	NR	155	10	99998	0.088474971	0.00315	0.035603289431990884	3.56	11.26	0.39	iteration	10      99998  8.8474971E-02  3.15E-03    3.56   11.26*   0.39
C_W15_HL_M1_A07_S5_F0	fixed	W15_HL_M1_A07_S5_F0	A07	F0	S5	M1	HL	W15	NR	157	10	999907	0.08405506	0.00193	0.02296113999561716	2.3	23.02	0.39	aggregate	10     999907  8.4055060E-02  1.93E-03    2.30   23.02    0.39    1.26  10
C_W15_HL_M1_A07_S5_F0	fixed	W15_HL_M1_A07_S5_F0	A07	F0	S5	M1	HL	W15	NR	160	11	199997	51.931381	38.4	0.7394372970747687	73.98	330.86	0.04	iteration	11     199997  5.1931381E+01  3.84E+01   73.98  330.86    0.04
C_W15_HL_M1_A07_S5_F0	fixed	W15_HL_M1_A07_S5_F0	A07	F0	S5	M1	HL	W15	NR	161	12	199997	12.477847	6.43	0.515313258769722	51.51	230.34	0.07	iteration	12     199997  1.2477847E+01  6.43E+00   51.51  230.34*   0.07
C_W15_HL_M1_A07_S5_F0	fixed	W15_HL_M1_A07_S5_F0	A07	F0	S5	M1	HL	W15	NR	162	13	199997	16.546047	8.11	0.4901472841216998	49.0	219.12	0.06	iteration	13     199997  1.6546047E+01  8.11E+00   49.00  219.12*   0.06
C_W15_HL_M1_A07_S5_F0	fixed	W15_HL_M1_A07_S5_F0	A07	F0	S5	M1	HL	W15	NR	164	13	599991	14.687832	4.99	0.339737001349144	34.0	263.35	0.06	aggregate	13     599991  1.4687832E+01  4.99E+00   34.00  263.35    0.06    0.56   3
P_W15_HL_M1_A07_S6	adaptive	W15_HL_M1_A07_S6	A07		S6	M1	HL	W15	NR	150	1	100016	0.076692433	0.0099	0.12908705086980354	12.91	40.83	1.8	iteration	1     100016  7.6692433E-02  9.90E-03   12.91   40.83*   1.80
P_W15_HL_M1_A07_S6	adaptive	W15_HL_M1_A07_S6	A07		S6	M1	HL	W15	NR	151	2	99998	0.13534977	0.0397	0.2933141297543394	29.34	92.79	0.15	iteration	2      99998  1.3534977E-01  3.97E-02   29.34   92.79    0.15
P_W15_HL_M1_A07_S6	adaptive	W15_HL_M1_A07_S6	A07		S6	M1	HL	W15	NR	152	3	100011	0.075036465	0.00523	0.06969944546294926	6.97	22.05	0.28	iteration	3     100011  7.5036465E-02  5.23E-03    6.97   22.05*   0.28
P_W15_HL_M1_A07_S6	adaptive	W15_HL_M1_A07_S6	A07		S6	M1	HL	W15	NR	153	4	100007	0.076540465	0.00372	0.04860174288201672	4.86	15.36	0.28	iteration	4     100007  7.6540465E-02  3.72E-03    4.86   15.36*   0.28
P_W15_HL_M1_A07_S6	adaptive	W15_HL_M1_A07_S6	A07		S6	M1	HL	W15	NR	154	5	99996	0.083300585	0.00765	0.0918360897465486	9.19	29.05	0.44	iteration	5      99996  8.3300585E-02  7.65E-03    9.19   29.05    0.44
P_W15_HL_M1_A07_S6	adaptive	W15_HL_M1_A07_S6	A07		S6	M1	HL	W15	NR	155	6	100001	0.077323791	0.00221	0.028581112894477716	2.85	9.02	0.59	iteration	6     100001  7.7323791E-02  2.21E-03    2.85    9.02*   0.59
P_W15_HL_M1_A07_S6	adaptive	W15_HL_M1_A07_S6	A07		S6	M1	HL	W15	NR	156	7	99999	0.077429716	0.00175	0.02260114191817519	2.25	7.13	0.61	iteration	7      99999  7.7429716E-02  1.75E-03    2.25    7.13*   0.61
P_W15_HL_M1_A07_S6	adaptive	W15_HL_M1_A07_S6	A07		S6	M1	HL	W15	NR	157	8	99995	0.076891826	0.0016	0.020808453684010575	2.08	6.58	0.6	iteration	8      99995  7.6891826E-02  1.60E-03    2.08    6.58*   0.60
P_W15_HL_M1_A07_S6	adaptive	W15_HL_M1_A07_S6	A07		S6	M1	HL	W15	NR	158	9	100002	0.088395107	0.0116	0.13122898307029596	13.17	41.66	0.2	iteration	9     100002  8.8395107E-02  1.16E-02   13.17   41.66    0.20
P_W15_HL_M1_A07_S6	adaptive	W15_HL_M1_A07_S6	A07		S6	M1	HL	W15	NR	159	10	100007	0.14731059	0.0607	0.412054557652644	41.19	130.24	0.16	iteration	10     100007  1.4731059E-01  6.07E-02   41.19  130.24    0.16
P_W15_HL_M1_A07_S6	adaptive	W15_HL_M1_A07_S6	A07		S6	M1	HL	W15	NR	161	10	1000032	0.077285265	0.000967	0.012512087524057787	1.25	12.52	0.16	aggregate	10    1000032  7.7285265E-02  9.67E-04    1.25   12.52    0.16    0.59  10
C_W15_HL_M1_A07_S6_F0	fixed	W15_HL_M1_A07_S6_F0	A07	F0	S6	M1	HL	W15	NR	146	1	100016	0.076692433	0.0099	0.12908705086980354	12.91	40.83	1.8	iteration	1     100016  7.6692433E-02  9.90E-03   12.91   40.83*   1.80
C_W15_HL_M1_A07_S6_F0	fixed	W15_HL_M1_A07_S6_F0	A07	F0	S6	M1	HL	W15	NR	147	2	99998	0.13534977	0.0397	0.2933141297543394	29.34	92.79	0.15	iteration	2      99998  1.3534977E-01  3.97E-02   29.34   92.79    0.15
C_W15_HL_M1_A07_S6_F0	fixed	W15_HL_M1_A07_S6_F0	A07	F0	S6	M1	HL	W15	NR	148	3	100011	0.075036465	0.00523	0.06969944546294926	6.97	22.05	0.28	iteration	3     100011  7.5036465E-02  5.23E-03    6.97   22.05*   0.28
C_W15_HL_M1_A07_S6_F0	fixed	W15_HL_M1_A07_S6_F0	A07	F0	S6	M1	HL	W15	NR	149	4	100007	0.076540465	0.00372	0.04860174288201672	4.86	15.36	0.28	iteration	4     100007  7.6540465E-02  3.72E-03    4.86   15.36*   0.28
C_W15_HL_M1_A07_S6_F0	fixed	W15_HL_M1_A07_S6_F0	A07	F0	S6	M1	HL	W15	NR	150	5	99996	0.083300585	0.00765	0.0918360897465486	9.19	29.05	0.44	iteration	5      99996  8.3300585E-02  7.65E-03    9.19   29.05    0.44
C_W15_HL_M1_A07_S6_F0	fixed	W15_HL_M1_A07_S6_F0	A07	F0	S6	M1	HL	W15	NR	151	6	100001	0.077323791	0.00221	0.028581112894477716	2.85	9.02	0.59	iteration	6     100001  7.7323791E-02  2.21E-03    2.85    9.02*   0.59
C_W15_HL_M1_A07_S6_F0	fixed	W15_HL_M1_A07_S6_F0	A07	F0	S6	M1	HL	W15	NR	152	7	99999	0.077429716	0.00175	0.02260114191817519	2.25	7.13	0.61	iteration	7      99999  7.7429716E-02  1.75E-03    2.25    7.13*   0.61
C_W15_HL_M1_A07_S6_F0	fixed	W15_HL_M1_A07_S6_F0	A07	F0	S6	M1	HL	W15	NR	153	8	99995	0.076891826	0.0016	0.020808453684010575	2.08	6.58	0.6	iteration	8      99995  7.6891826E-02  1.60E-03    2.08    6.58*   0.60
C_W15_HL_M1_A07_S6_F0	fixed	W15_HL_M1_A07_S6_F0	A07	F0	S6	M1	HL	W15	NR	154	9	100002	0.088395107	0.0116	0.13122898307029596	13.17	41.66	0.2	iteration	9     100002  8.8395107E-02  1.16E-02   13.17   41.66    0.20
C_W15_HL_M1_A07_S6_F0	fixed	W15_HL_M1_A07_S6_F0	A07	F0	S6	M1	HL	W15	NR	155	10	100007	0.14731059	0.0607	0.412054557652644	41.19	130.24	0.16	iteration	10     100007  1.4731059E-01  6.07E-02   41.19  130.24    0.16
C_W15_HL_M1_A07_S6_F0	fixed	W15_HL_M1_A07_S6_F0	A07	F0	S6	M1	HL	W15	NR	157	10	1000032	0.077285265	0.000967	0.012512087524057787	1.25	12.52	0.16	aggregate	10    1000032  7.7285265E-02  9.67E-04    1.25   12.52    0.16    0.59  10
C_W15_HL_M1_A07_S6_F0	fixed	W15_HL_M1_A07_S6_F0	A07	F0	S6	M1	HL	W15	NR	160	11	199994	0.22068483	0.138	0.6253261721705112	62.38	278.96	0.03	iteration	11     199994  2.2068483E-01  1.38E-01   62.38  278.96    0.03
C_W15_HL_M1_A07_S6_F0	fixed	W15_HL_M1_A07_S6_F0	A07	F0	S6	M1	HL	W15	NR	161	12	199994	0.082542859	0.00159	0.01926272023119529	1.93	8.62	0.33	iteration	12     199994  8.2542859E-02  1.59E-03    1.93    8.62*   0.33
C_W15_HL_M1_A07_S6_F0	fixed	W15_HL_M1_A07_S6_F0	A07	F0	S6	M1	HL	W15	NR	162	13	199994	0.0872722	0.00325	0.03723980832384196	3.73	16.66	0.13	iteration	13     199994  8.7272200E-02  3.25E-03    3.73   16.66    0.13
C_W15_HL_M1_A07_S6_F0	fixed	W15_HL_M1_A07_S6_F0	A07	F0	S6	M1	HL	W15	NR	164	13	599982	0.083472137	0.00143	0.01713146507798165	1.71	13.27	0.13	aggregate	13     599982  8.3472137E-02  1.43E-03    1.71   13.27    0.13    1.35   3
P_W15_HL_M1_A07_S7	adaptive	W15_HL_M1_A07_S7	A07		S7	M1	HL	W15	NR	150	1	99999	0.10101923	0.012	0.11878926418267097	11.93	37.72	1.74	iteration	1      99999  1.0101923E-01  1.20E-02   11.93   37.72*   1.74
P_W15_HL_M1_A07_S7	adaptive	W15_HL_M1_A07_S7	A07		S7	M1	HL	W15	NR	151	2	100005	0.072598103	0.0058	0.07989189469592614	7.99	25.25	0.36	iteration	2     100005  7.2598103E-02  5.80E-03    7.99   25.25*   0.36
P_W15_HL_M1_A07_S7	adaptive	W15_HL_M1_A07_S7	A07		S7	M1	HL	W15	NR	152	3	100016	0.075202039	0.00502	0.06675350917014365	6.67	21.1	0.26	iteration	3     100016  7.5202039E-02  5.02E-03    6.67   21.10*   0.26
P_W15_HL_M1_A07_S7	adaptive	W15_HL_M1_A07_S7	A07		S7	M1	HL	W15	NR	153	4	100005	0.092435786	0.0111	0.12008336251936019	11.97	37.86	0.26	iteration	4     100005  9.2435786E-02  1.11E-02   11.97   37.86    0.26
P_W15_HL_M1_A07_S7	adaptive	W15_HL_M1_A07_S7	A07		S7	M1	HL	W15	NR	154	5	100012	0.091586541	0.00931	0.10165249062086537	10.16	32.13	0.13	iteration	5     100012  9.1586541E-02  9.31E-03   10.16   32.13*   0.13
P_W15_HL_M1_A07_S7	adaptive	W15_HL_M1_A07_S7	A07		S7	M1	HL	W15	NR	155	6	100012	0.093434103	0.0101	0.10809757546449608	10.82	34.2	0.18	iteration	6     100012  9.3434103E-02  1.01E-02   10.82   34.20    0.18
P_W15_HL_M1_A07_S7	adaptive	W15_HL_M1_A07_S7	A07		S7	M1	HL	W15	NR	156	7	100002	0.08498457	0.00408	0.04800871499379241	4.81	15.2	0.18	iteration	7     100002  8.4984570E-02  4.08E-03    4.81   15.20*   0.18
P_W15_HL_M1_A07_S7	adaptive	W15_HL_M1_A07_S7	A07		S7	M1	HL	W15	NR	157	8	100000	0.081259403	0.00305	0.037534117743887443	3.76	11.88	0.41	iteration	8     100000  8.1259403E-02  3.05E-03    3.76   11.88*   0.41
P_W15_HL_M1_A07_S7	adaptive	W15_HL_M1_A07_S7	A07		S7	M1	HL	W15	NR	158	9	100005	0.07930031	0.00178	0.022446318305691364	2.25	7.12	0.47	iteration	9     100005  7.9300310E-02  1.78E-03    2.25    7.12*   0.47
P_W15_HL_M1_A07_S7	adaptive	W15_HL_M1_A07_S7	A07		S7	M1	HL	W15	NR	159	10	100009	0.082389582	0.0021	0.02548865947638865	2.55	8.07	0.43	iteration	10     100009  8.2389582E-02  2.10E-03    2.55    8.07    0.43
P_W15_HL_M1_A07_S7	adaptive	W15_HL_M1_A07_S7	A07		S7	M1	HL	W15	NR	161	10	1000065	0.081052176	0.00111	0.013694882170714332	1.37	13.68	0.43	aggregate	10    1000065  8.1052176E-02  1.11E-03    1.37   13.68    0.43    1.37  10
C_W15_HL_M1_A07_S7_F0	fixed	W15_HL_M1_A07_S7_F0	A07	F0	S7	M1	HL	W15	NR	146	1	99999	0.10101923	0.012	0.11878926418267097	11.93	37.72	1.74	iteration	1      99999  1.0101923E-01  1.20E-02   11.93   37.72*   1.74
C_W15_HL_M1_A07_S7_F0	fixed	W15_HL_M1_A07_S7_F0	A07	F0	S7	M1	HL	W15	NR	147	2	100005	0.072598103	0.0058	0.07989189469592614	7.99	25.25	0.36	iteration	2     100005  7.2598103E-02  5.80E-03    7.99   25.25*   0.36
C_W15_HL_M1_A07_S7_F0	fixed	W15_HL_M1_A07_S7_F0	A07	F0	S7	M1	HL	W15	NR	148	3	100016	0.075202039	0.00502	0.06675350917014365	6.67	21.1	0.26	iteration	3     100016  7.5202039E-02  5.02E-03    6.67   21.10*   0.26
C_W15_HL_M1_A07_S7_F0	fixed	W15_HL_M1_A07_S7_F0	A07	F0	S7	M1	HL	W15	NR	149	4	100005	0.092435786	0.0111	0.12008336251936019	11.97	37.86	0.26	iteration	4     100005  9.2435786E-02  1.11E-02   11.97   37.86    0.26
C_W15_HL_M1_A07_S7_F0	fixed	W15_HL_M1_A07_S7_F0	A07	F0	S7	M1	HL	W15	NR	150	5	100012	0.091586541	0.00931	0.10165249062086537	10.16	32.13	0.13	iteration	5     100012  9.1586541E-02  9.31E-03   10.16   32.13*   0.13
C_W15_HL_M1_A07_S7_F0	fixed	W15_HL_M1_A07_S7_F0	A07	F0	S7	M1	HL	W15	NR	151	6	100012	0.093434103	0.0101	0.10809757546449608	10.82	34.2	0.18	iteration	6     100012  9.3434103E-02  1.01E-02   10.82   34.20    0.18
C_W15_HL_M1_A07_S7_F0	fixed	W15_HL_M1_A07_S7_F0	A07	F0	S7	M1	HL	W15	NR	152	7	100002	0.08498457	0.00408	0.04800871499379241	4.81	15.2	0.18	iteration	7     100002  8.4984570E-02  4.08E-03    4.81   15.20*   0.18
C_W15_HL_M1_A07_S7_F0	fixed	W15_HL_M1_A07_S7_F0	A07	F0	S7	M1	HL	W15	NR	153	8	100000	0.081259403	0.00305	0.037534117743887443	3.76	11.88	0.41	iteration	8     100000  8.1259403E-02  3.05E-03    3.76   11.88*   0.41
C_W15_HL_M1_A07_S7_F0	fixed	W15_HL_M1_A07_S7_F0	A07	F0	S7	M1	HL	W15	NR	154	9	100005	0.07930031	0.00178	0.022446318305691364	2.25	7.12	0.47	iteration	9     100005  7.9300310E-02  1.78E-03    2.25    7.12*   0.47
C_W15_HL_M1_A07_S7_F0	fixed	W15_HL_M1_A07_S7_F0	A07	F0	S7	M1	HL	W15	NR	155	10	100009	0.082389582	0.0021	0.02548865947638865	2.55	8.07	0.43	iteration	10     100009  8.2389582E-02  2.10E-03    2.55    8.07    0.43
C_W15_HL_M1_A07_S7_F0	fixed	W15_HL_M1_A07_S7_F0	A07	F0	S7	M1	HL	W15	NR	157	10	1000065	0.081052176	0.00111	0.013694882170714332	1.37	13.68	0.43	aggregate	10    1000065  8.1052176E-02  1.11E-03    1.37   13.68    0.43    1.37  10
C_W15_HL_M1_A07_S7_F0	fixed	W15_HL_M1_A07_S7_F0	A07	F0	S7	M1	HL	W15	NR	160	11	199999	0.086694082	0.00305	0.03518117880295451	3.52	15.76	0.29	iteration	11     199999  8.6694082E-02  3.05E-03    3.52   15.76    0.29
C_W15_HL_M1_A07_S7_F0	fixed	W15_HL_M1_A07_S7_F0	A07	F0	S7	M1	HL	W15	NR	161	12	199999	0.11252024	0.021	0.1866330893002006	18.69	83.59	0.1	iteration	12     199999  1.1252024E-01  2.10E-02   18.69   83.59    0.10
C_W15_HL_M1_A07_S7_F0	fixed	W15_HL_M1_A07_S7_F0	A07	F0	S7	M1	HL	W15	NR	162	13	199999	0.085673661	0.00246	0.02871360895853394	2.87	12.85	0.2	iteration	13     199999  8.5673661E-02  2.46E-03    2.87   12.85*   0.20
C_W15_HL_M1_A07_S7_F0	fixed	W15_HL_M1_A07_S7_F0	A07	F0	S7	M1	HL	W15	NR	164	13	599997	0.086293459	0.00191	0.02213377493652213	2.21	17.14	0.2	aggregate	13     599997  8.6293459E-02  1.91E-03    2.21   17.14    0.20    0.82   3
P_W15_HL_M2_A10_S0	adaptive	W15_HL_M2_A10_S0	A10		S0	M2	HL	W15	NR	150	1	999984	0.085629725	0.00696	0.08128018629044996	8.13	81.29	0.3	iteration	1     999984  8.5629725E-02  6.96E-03    8.13   81.29*   0.30
P_W15_HL_M2_A10_S0	adaptive	W15_HL_M2_A10_S0	A10		S0	M2	HL	W15	NR	152	1	999984	0.085629725	0.00696	0.08128018629044996	8.13	81.29	0.3	iteration	1     999984  8.5629725E-02  6.96E-03    8.13   81.29    0.30
C_W15_HL_M2_A10_S0_F2	fixed	W15_HL_M2_A10_S0_F2	A10	F2	S0	M2	HL	W15	NR	146	1	999984	0.085629725	0.00696	0.08128018629044996	8.13	81.29	0.3	iteration	1     999984  8.5629725E-02  6.96E-03    8.13   81.29*   0.30
C_W15_HL_M2_A10_S0_F2	fixed	W15_HL_M2_A10_S0_F2	A10	F2	S0	M2	HL	W15	NR	148	1	999984	0.085629725	0.00696	0.08128018629044996	8.13	81.29	0.3	iteration	1     999984  8.5629725E-02  6.96E-03    8.13   81.29    0.30
C_W15_HL_M2_A10_S0_F2	fixed	W15_HL_M2_A10_S0_F2	A10	F2	S0	M2	HL	W15	NR	151	2	2000018	0.53143764	0.252	0.47418545664172373	47.44	670.92	0.01	iteration	2    2000018  5.3143764E-01  2.52E-01   47.44  670.92    0.01
C_W15_HL_M2_A10_S0_F2	fixed	W15_HL_M2_A10_S0_F2	A10	F2	S0	M2	HL	W15	NR	153	2	2000018	0.53143764	0.252	0.47418545664172373	47.44	670.92	0.01	iteration	2    2000018  5.3143764E-01  2.52E-01   47.44  670.92    0.01
P_W15_HL_M2_A10_S1	adaptive	W15_HL_M2_A10_S1	A10		S1	M2	HL	W15	NR	150	1	999998	0.095476637	0.00472	0.049436177774045395	4.94	49.42	0.33	iteration	1     999998  9.5476637E-02  4.72E-03    4.94   49.42*   0.33
P_W15_HL_M2_A10_S1	adaptive	W15_HL_M2_A10_S1	A10		S1	M2	HL	W15	NR	152	1	999998	0.095476637	0.00472	0.049436177774045395	4.94	49.42	0.33	iteration	1     999998  9.5476637E-02  4.72E-03    4.94   49.42    0.33
C_W15_HL_M2_A10_S1_F2	fixed	W15_HL_M2_A10_S1_F2	A10	F2	S1	M2	HL	W15	NR	146	1	999998	0.095476637	0.00472	0.049436177774045395	4.94	49.42	0.33	iteration	1     999998  9.5476637E-02  4.72E-03    4.94   49.42*   0.33
C_W15_HL_M2_A10_S1_F2	fixed	W15_HL_M2_A10_S1_F2	A10	F2	S1	M2	HL	W15	NR	148	1	999998	0.095476637	0.00472	0.049436177774045395	4.94	49.42	0.33	iteration	1     999998  9.5476637E-02  4.72E-03    4.94   49.42    0.33
C_W15_HL_M2_A10_S1_F2	fixed	W15_HL_M2_A10_S1_F2	A10	F2	S1	M2	HL	W15	NR	151	2	2000013	2.562235	2.15	0.8391111666182064	83.92	1186.8	0.01	iteration	2    2000013  2.5622350E+00  2.15E+00   83.92 1186.80    0.01
C_W15_HL_M2_A10_S1_F2	fixed	W15_HL_M2_A10_S1_F2	A10	F2	S1	M2	HL	W15	NR	153	2	2000013	2.562235	2.15	0.8391111666182064	83.92	1186.8	0.01	iteration	2    2000013  2.5622350E+00  2.15E+00   83.92 1186.80    0.01
P_W15_HL_M2_A10_S2	adaptive	W15_HL_M2_A10_S2	A10		S2	M2	HL	W15	NR	150	1	999965	0.089322143	0.00445	0.04981967349350317	4.99	49.86	0.38	iteration	1     999965  8.9322143E-02  4.45E-03    4.99   49.86*   0.38
P_W15_HL_M2_A10_S2	adaptive	W15_HL_M2_A10_S2	A10		S2	M2	HL	W15	NR	152	1	999965	0.089322143	0.00445	0.04981967349350317	4.99	49.86	0.38	iteration	1     999965  8.9322143E-02  4.45E-03    4.99   49.86    0.38
C_W15_HL_M2_A10_S2_F2	fixed	W15_HL_M2_A10_S2_F2	A10	F2	S2	M2	HL	W15	NR	146	1	999965	0.089322143	0.00445	0.04981967349350317	4.99	49.86	0.38	iteration	1     999965  8.9322143E-02  4.45E-03    4.99   49.86*   0.38
C_W15_HL_M2_A10_S2_F2	fixed	W15_HL_M2_A10_S2_F2	A10	F2	S2	M2	HL	W15	NR	148	1	999965	0.089322143	0.00445	0.04981967349350317	4.99	49.86	0.38	iteration	1     999965  8.9322143E-02  4.45E-03    4.99   49.86    0.38
C_W15_HL_M2_A10_S2_F2	fixed	W15_HL_M2_A10_S2_F2	A10	F2	S2	M2	HL	W15	NR	151	2	1999995	0.17993131	0.0404	0.2245301276359295	22.47	317.84	0.04	iteration	2    1999995  1.7993131E-01  4.04E-02   22.47  317.84    0.04
C_W15_HL_M2_A10_S2_F2	fixed	W15_HL_M2_A10_S2_F2	A10	F2	S2	M2	HL	W15	NR	153	2	1999995	0.17993131	0.0404	0.2245301276359295	22.47	317.84	0.04	iteration	2    1999995  1.7993131E-01  4.04E-02   22.47  317.84    0.04
P_W15_HL_M2_A10_S3	adaptive	W15_HL_M2_A10_S3	A10		S3	M2	HL	W15	NR	150	1	999989	0.13635847	0.0379	0.27794386369984936	27.78	277.81	0.18	iteration	1     999989  1.3635847E-01  3.79E-02   27.78  277.81*   0.18
P_W15_HL_M2_A10_S3	adaptive	W15_HL_M2_A10_S3	A10		S3	M2	HL	W15	NR	152	1	999989	0.13635847	0.0379	0.27794386369984936	27.78	277.81	0.18	iteration	1     999989  1.3635847E-01  3.79E-02   27.78  277.81    0.18
C_W15_HL_M2_A10_S3_F2	fixed	W15_HL_M2_A10_S3_F2	A10	F2	S3	M2	HL	W15	NR	146	1	999989	0.13635847	0.0379	0.27794386369984936	27.78	277.81	0.18	iteration	1     999989  1.3635847E-01  3.79E-02   27.78  277.81*   0.18
C_W15_HL_M2_A10_S3_F2	fixed	W15_HL_M2_A10_S3_F2	A10	F2	S3	M2	HL	W15	NR	148	1	999989	0.13635847	0.0379	0.27794386369984936	27.78	277.81	0.18	iteration	1     999989  1.3635847E-01  3.79E-02   27.78  277.81    0.18
C_W15_HL_M2_A10_S3_F2	fixed	W15_HL_M2_A10_S3_F2	A10	F2	S3	M2	HL	W15	NR	151	2	1979716	1.1095457	0.866	0.7804996225031561	78.05	1098.15	0.01	iteration	2    1979716  1.1095457E+00  8.66E-01   78.05 1098.15    0.01
C_W15_HL_M2_A10_S3_F2	fixed	W15_HL_M2_A10_S3_F2	A10	F2	S3	M2	HL	W15	NR	153	2	1979716	1.1095457	0.866	0.7804996225031561	78.05	1098.15	0.01	iteration	2    1979716  1.1095457E+00  8.66E-01   78.05 1098.15    0.01
P_W15_HL_M2_A10_S4	adaptive	W15_HL_M2_A10_S4	A10		S4	M2	HL	W15	NR	150	1	1000035	0.097200713	0.00844	0.086830638783483	8.68	86.83	0.3	iteration	1    1000035  9.7200713E-02  8.44E-03    8.68   86.83*   0.30
P_W15_HL_M2_A10_S4	adaptive	W15_HL_M2_A10_S4	A10		S4	M2	HL	W15	NR	152	1	1000035	0.097200713	0.00844	0.086830638783483	8.68	86.83	0.3	iteration	1    1000035  9.7200713E-02  8.44E-03    8.68   86.83    0.30
C_W15_HL_M2_A10_S4_F2	fixed	W15_HL_M2_A10_S4_F2	A10	F2	S4	M2	HL	W15	NR	146	1	1000035	0.097200713	0.00844	0.086830638783483	8.68	86.83	0.3	iteration	1    1000035  9.7200713E-02  8.44E-03    8.68   86.83*   0.30
C_W15_HL_M2_A10_S4_F2	fixed	W15_HL_M2_A10_S4_F2	A10	F2	S4	M2	HL	W15	NR	148	1	1000035	0.097200713	0.00844	0.086830638783483	8.68	86.83	0.3	iteration	1    1000035  9.7200713E-02  8.44E-03    8.68   86.83    0.30
C_W15_HL_M2_A10_S4_F2	fixed	W15_HL_M2_A10_S4_F2	A10	F2	S4	M2	HL	W15	NR	151	2	1999984	2.4767928	1.69	0.6823340248728113	68.37	966.93	0.01	iteration	2    1999984  2.4767928E+00  1.69E+00   68.37  966.93    0.01
C_W15_HL_M2_A10_S4_F2	fixed	W15_HL_M2_A10_S4_F2	A10	F2	S4	M2	HL	W15	NR	153	2	1999984	2.4767928	1.69	0.6823340248728113	68.37	966.93	0.01	iteration	2    1999984  2.4767928E+00  1.69E+00   68.37  966.93    0.01
P_W15_HL_M2_A10_S5	adaptive	W15_HL_M2_A10_S5	A10		S5	M2	HL	W15	NR	150	1	999985	0.085260294	0.00513	0.06016868766603127	6.02	60.22	0.34	iteration	1     999985  8.5260294E-02  5.13E-03    6.02   60.22*   0.34
P_W15_HL_M2_A10_S5	adaptive	W15_HL_M2_A10_S5	A10		S5	M2	HL	W15	NR	152	1	999985	0.085260294	0.00513	0.06016868766603127	6.02	60.22	0.34	iteration	1     999985  8.5260294E-02  5.13E-03    6.02   60.22    0.34
C_W15_HL_M2_A10_S5_F2	fixed	W15_HL_M2_A10_S5_F2	A10	F2	S5	M2	HL	W15	NR	146	1	999985	0.085260294	0.00513	0.06016868766603127	6.02	60.22	0.34	iteration	1     999985  8.5260294E-02  5.13E-03    6.02   60.22*   0.34
C_W15_HL_M2_A10_S5_F2	fixed	W15_HL_M2_A10_S5_F2	A10	F2	S5	M2	HL	W15	NR	148	1	999985	0.085260294	0.00513	0.06016868766603127	6.02	60.22	0.34	iteration	1     999985  8.5260294E-02  5.13E-03    6.02   60.22    0.34
C_W15_HL_M2_A10_S5_F2	fixed	W15_HL_M2_A10_S5_F2	A10	F2	S5	M2	HL	W15	NR	151	2	2000011	0.11397855	0.0102	0.0894905225588499	8.93	126.27	0.08	iteration	2    2000011  1.1397855E-01  1.02E-02    8.93  126.27    0.08
C_W15_HL_M2_A10_S5_F2	fixed	W15_HL_M2_A10_S5_F2	A10	F2	S5	M2	HL	W15	NR	153	2	2000011	0.11397855	0.0102	0.0894905225588499	8.93	126.27	0.08	iteration	2    2000011  1.1397855E-01  1.02E-02    8.93  126.27    0.08
P_W15_HL_M2_A10_S6	adaptive	W15_HL_M2_A10_S6	A10		S6	M2	HL	W15	NR	150	1	1000000	0.11362152	0.0148	0.13025701469228718	13.03	130.34	0.24	iteration	1    1000000  1.1362152E-01  1.48E-02   13.03  130.34*   0.24
P_W15_HL_M2_A10_S6	adaptive	W15_HL_M2_A10_S6	A10		S6	M2	HL	W15	NR	152	1	1000000	0.11362152	0.0148	0.13025701469228718	13.03	130.34	0.24	iteration	1    1000000  1.1362152E-01  1.48E-02   13.03  130.34    0.24
C_W15_HL_M2_A10_S6_F2	fixed	W15_HL_M2_A10_S6_F2	A10	F2	S6	M2	HL	W15	NR	146	1	1000000	0.11362152	0.0148	0.13025701469228718	13.03	130.34	0.24	iteration	1    1000000  1.1362152E-01  1.48E-02   13.03  130.34*   0.24
C_W15_HL_M2_A10_S6_F2	fixed	W15_HL_M2_A10_S6_F2	A10	F2	S6	M2	HL	W15	NR	148	1	1000000	0.11362152	0.0148	0.13025701469228718	13.03	130.34	0.24	iteration	1    1000000  1.1362152E-01  1.48E-02   13.03  130.34    0.24
C_W15_HL_M2_A10_S6_F2	fixed	W15_HL_M2_A10_S6_F2	A10	F2	S6	M2	HL	W15	NR	151	2	1999961	1.3317172	1.11	0.8335102978320023	83.04	1174.3	0.01	iteration	2    1999961  1.3317172E+00  1.11E+00   83.04 1174.30    0.01
C_W15_HL_M2_A10_S6_F2	fixed	W15_HL_M2_A10_S6_F2	A10	F2	S6	M2	HL	W15	NR	153	2	1999961	1.3317172	1.11	0.8335102978320023	83.04	1174.3	0.01	iteration	2    1999961  1.3317172E+00  1.11E+00   83.04 1174.30    0.01
P_W15_HL_M2_A10_S7	adaptive	W15_HL_M2_A10_S7	A10		S7	M2	HL	W15	NR	150	1	1000010	0.091970207	0.00569	0.06186786118682977	6.19	61.89	0.34	iteration	1    1000010  9.1970207E-02  5.69E-03    6.19   61.89*   0.34
P_W15_HL_M2_A10_S7	adaptive	W15_HL_M2_A10_S7	A10		S7	M2	HL	W15	NR	152	1	1000010	0.091970207	0.00569	0.06186786118682977	6.19	61.89	0.34	iteration	1    1000010  9.1970207E-02  5.69E-03    6.19   61.89    0.34
C_W15_HL_M2_A10_S7_F2	fixed	W15_HL_M2_A10_S7_F2	A10	F2	S7	M2	HL	W15	NR	146	1	1000010	0.091970207	0.00569	0.06186786118682977	6.19	61.89	0.34	iteration	1    1000010  9.1970207E-02  5.69E-03    6.19   61.89*   0.34
C_W15_HL_M2_A10_S7_F2	fixed	W15_HL_M2_A10_S7_F2	A10	F2	S7	M2	HL	W15	NR	148	1	1000010	0.091970207	0.00569	0.06186786118682977	6.19	61.89	0.34	iteration	1    1000010  9.1970207E-02  5.69E-03    6.19   61.89    0.34
C_W15_HL_M2_A10_S7_F2	fixed	W15_HL_M2_A10_S7_F2	A10	F2	S7	M2	HL	W15	NR	151	2	2000025	0.49548209	0.321	0.6478538911467012	64.88	917.5	0.04	iteration	2    2000025  4.9548209E-01  3.21E-01   64.88  917.50    0.04
C_W15_HL_M2_A10_S7_F2	fixed	W15_HL_M2_A10_S7_F2	A10	F2	S7	M2	HL	W15	NR	153	2	2000025	0.49548209	0.321	0.6478538911467012	64.88	917.5	0.04	iteration	2    2000025  4.9548209E-01  3.21E-01   64.88  917.50    0.04
P_W15_HI_M0_A00_S0	adaptive	W15_HI_M0_A00_S0	A00		S0	M0	HI	W15	SR_MINUS	150	1	50007	0.029383203	0.0122	0.41520320300002694	41.58	92.98	1.79	iteration	1      50007  2.9383203E-02  1.22E-02   41.58   92.98*   1.79
P_W15_HI_M0_A00_S0	adaptive	W15_HI_M0_A00_S0	A00		S0	M0	HI	W15	SR_MINUS	151	2	49994	0.019024439	0.00511	0.2686018757241672	26.86	60.05	0.12	iteration	2      49994  1.9024439E-02  5.11E-03   26.86   60.05*   0.12
P_W15_HI_M0_A00_S0	adaptive	W15_HI_M0_A00_S0	A00		S0	M0	HI	W15	SR_MINUS	152	3	50003	0.011860612	0.0022	0.18548789893809867	18.53	41.43	0.1	iteration	3      50003  1.1860612E-02  2.20E-03   18.53   41.43*   0.10
P_W15_HI_M0_A00_S0	adaptive	W15_HI_M0_A00_S0	A00		S0	M0	HI	W15	SR_MINUS	153	4	50002	0.024208564	0.00327	0.13507616560817073	13.49	30.17	0.08	iteration	4      50002  2.4208564E-02  3.27E-03   13.49   30.17*   0.08
P_W15_HI_M0_A00_S0	adaptive	W15_HI_M0_A00_S0	A00		S0	M0	HI	W15	SR_MINUS	154	5	49999	0.024855199	0.00313	0.1259293880527772	12.61	28.2	0.09	iteration	5      49999  2.4855199E-02  3.13E-03   12.61   28.20*   0.09
P_W15_HI_M0_A00_S0	adaptive	W15_HI_M0_A00_S0	A00		S0	M0	HI	W15	SR_MINUS	156	5	250005	0.018276824	0.00149	0.08152401095507622	8.18	40.89	0.09	aggregate	5     250005  1.8276824E-02  1.49E-03    8.18   40.89    0.09    4.27   5
C_W15_HI_M0_A00_S0_F0	fixed	W15_HI_M0_A00_S0_F0	A00	F0	S0	M0	HI	W15	SR_MINUS	146	1	50007	0.029383203	0.0122	0.41520320300002694	41.58	92.98	1.79	iteration	1      50007  2.9383203E-02  1.22E-02   41.58   92.98*   1.79
C_W15_HI_M0_A00_S0_F0	fixed	W15_HI_M0_A00_S0_F0	A00	F0	S0	M0	HI	W15	SR_MINUS	147	2	49994	0.019024439	0.00511	0.2686018757241672	26.86	60.05	0.12	iteration	2      49994  1.9024439E-02  5.11E-03   26.86   60.05*   0.12
C_W15_HI_M0_A00_S0_F0	fixed	W15_HI_M0_A00_S0_F0	A00	F0	S0	M0	HI	W15	SR_MINUS	148	3	50003	0.011860612	0.0022	0.18548789893809867	18.53	41.43	0.1	iteration	3      50003  1.1860612E-02  2.20E-03   18.53   41.43*   0.10
C_W15_HI_M0_A00_S0_F0	fixed	W15_HI_M0_A00_S0_F0	A00	F0	S0	M0	HI	W15	SR_MINUS	149	4	50002	0.024208564	0.00327	0.13507616560817073	13.49	30.17	0.08	iteration	4      50002  2.4208564E-02  3.27E-03   13.49   30.17*   0.08
C_W15_HI_M0_A00_S0_F0	fixed	W15_HI_M0_A00_S0_F0	A00	F0	S0	M0	HI	W15	SR_MINUS	150	5	49999	0.024855199	0.00313	0.1259293880527772	12.61	28.2	0.09	iteration	5      49999  2.4855199E-02  3.13E-03   12.61   28.20*   0.09
C_W15_HI_M0_A00_S0_F0	fixed	W15_HI_M0_A00_S0_F0	A00	F0	S0	M0	HI	W15	SR_MINUS	152	5	250005	0.018276824	0.00149	0.08152401095507622	8.18	40.89	0.09	aggregate	5     250005  1.8276824E-02  1.49E-03    8.18   40.89    0.09    4.27   5
C_W15_HI_M0_A00_S0_F0	fixed	W15_HI_M0_A00_S0_F0	A00	F0	S0	M0	HI	W15	SR_MINUS	155	6	200001	0.025411492	0.000792	0.031167001134762173	3.12	13.93	0.1	iteration	6     200001  2.5411492E-02  7.92E-04    3.12   13.93*   0.10
C_W15_HI_M0_A00_S0_F0	fixed	W15_HI_M0_A00_S0_F0	A00	F0	S0	M0	HI	W15	SR_MINUS	156	7	200001	0.026308328	0.00205	0.07792209371876466	7.8	34.87	0.07	iteration	7     200001  2.6308328E-02  2.05E-03    7.80   34.87    0.07
C_W15_HI_M0_A00_S0_F0	fixed	W15_HI_M0_A00_S0_F0	A00	F0	S0	M0	HI	W15	SR_MINUS	157	8	200001	0.026084372	0.00182	0.06977357936775322	6.97	31.18	0.05	iteration	8     200001  2.6084372E-02  1.82E-03    6.97   31.18*   0.05
C_W15_HI_M0_A00_S0_F0	fixed	W15_HI_M0_A00_S0_F0	A00	F0	S0	M0	HI	W15	SR_MINUS	159	8	600003	0.025606598	0.000684	0.02671186543405727	2.67	20.7	0.05	aggregate	8     600003  2.5606598E-02  6.84E-04    2.67   20.70    0.05    0.12   3
P_W15_HI_M0_A00_S1	adaptive	W15_HI_M0_A00_S1	A00		S1	M0	HI	W15	SR_MINUS	150	1	50002	0.028400675	0.0143	0.5035091595534261	50.19	112.24	1.79	iteration	1      50002  2.8400675E-02  1.43E-02   50.19  112.24*   1.79
P_W15_HI_M0_A00_S1	adaptive	W15_HI_M0_A00_S1	A00		S1	M0	HI	W15	SR_MINUS	151	2	49993	0.049478069	0.0398	0.8043967924455581	80.35	179.67	0.53	iteration	2      49993  4.9478069E-02  3.98E-02   80.35  179.67    0.53
P_W15_HI_M0_A00_S1	adaptive	W15_HI_M0_A00_S1	A00		S1	M0	HI	W15	SR_MINUS	152	3	50006	0.0041435965	0.00101	0.24374960254937952	24.41	54.59	0.09	iteration	3      50006  4.1435965E-03  1.01E-03   24.41   54.59*   0.09
P_W15_HI_M0_A00_S1	adaptive	W15_HI_M0_A00_S1	A00		S1	M0	HI	W15	SR_MINUS	153	4	49997	0.0076126403	0.00187	0.24564407699651852	24.54	54.88	0.09	iteration	4      49997  7.6126403E-03  1.87E-03   24.54   54.88    0.09
P_W15_HI_M0_A00_S1	adaptive	W15_HI_M0_A00_S1	A00		S1	M0	HI	W15	SR_MINUS	154	5	50004	0.010797129	0.00212	0.1963484922704915	19.59	43.81	0.05	iteration	5      50004  1.0797129E-02  2.12E-03   19.59   43.81*   0.05
P_W15_HI_M0_A00_S1	adaptive	W15_HI_M0_A00_S1	A00		S1	M0	HI	W15	SR_MINUS	156	5	250002	0.005904326	0.000818	0.1385424856283342	13.86	69.31	0.05	aggregate	5     250002  5.9043260E-03  8.18E-04   13.86   69.31    0.05    3.23   5
C_W15_HI_M0_A00_S1_F0	fixed	W15_HI_M0_A00_S1_F0	A00	F0	S1	M0	HI	W15	SR_MINUS	146	1	50002	0.028400675	0.0143	0.5035091595534261	50.19	112.24	1.79	iteration	1      50002  2.8400675E-02  1.43E-02   50.19  112.24*   1.79
C_W15_HI_M0_A00_S1_F0	fixed	W15_HI_M0_A00_S1_F0	A00	F0	S1	M0	HI	W15	SR_MINUS	147	2	49993	0.049478069	0.0398	0.8043967924455581	80.35	179.67	0.53	iteration	2      49993  4.9478069E-02  3.98E-02   80.35  179.67    0.53
C_W15_HI_M0_A00_S1_F0	fixed	W15_HI_M0_A00_S1_F0	A00	F0	S1	M0	HI	W15	SR_MINUS	148	3	50006	0.0041435965	0.00101	0.24374960254937952	24.41	54.59	0.09	iteration	3      50006  4.1435965E-03  1.01E-03   24.41   54.59*   0.09
C_W15_HI_M0_A00_S1_F0	fixed	W15_HI_M0_A00_S1_F0	A00	F0	S1	M0	HI	W15	SR_MINUS	149	4	49997	0.0076126403	0.00187	0.24564407699651852	24.54	54.88	0.09	iteration	4      49997  7.6126403E-03  1.87E-03   24.54   54.88    0.09
C_W15_HI_M0_A00_S1_F0	fixed	W15_HI_M0_A00_S1_F0	A00	F0	S1	M0	HI	W15	SR_MINUS	150	5	50004	0.010797129	0.00212	0.1963484922704915	19.59	43.81	0.05	iteration	5      50004  1.0797129E-02  2.12E-03   19.59   43.81*   0.05
C_W15_HI_M0_A00_S1_F0	fixed	W15_HI_M0_A00_S1_F0	A00	F0	S1	M0	HI	W15	SR_MINUS	152	5	250002	0.005904326	0.000818	0.1385424856283342	13.86	69.31	0.05	aggregate	5     250002  5.9043260E-03  8.18E-04   13.86   69.31    0.05    3.23   5
C_W15_HI_M0_A00_S1_F0	fixed	W15_HI_M0_A00_S1_F0	A00	F0	S1	M0	HI	W15	SR_MINUS	155	6	200010	0.03317367	0.00997	0.30053955441167646	30.07	134.47	0.01	iteration	6     200010  3.3173670E-02  9.97E-03   30.07  134.47    0.01
C_W15_HI_M0_A00_S1_F0	fixed	W15_HI_M0_A00_S1_F0	A00	F0	S1	M0	HI	W15	SR_MINUS	156	7	200010	0.01689475	0.00306	0.18112135426685805	18.11	80.99	0.02	iteration	7     200010  1.6894750E-02  3.06E-03   18.11   80.99*   0.02
C_W15_HI_M0_A00_S1_F0	fixed	W15_HI_M0_A00_S1_F0	A00	F0	S1	M0	HI	W15	SR_MINUS	157	8	200010	0.023103597	0.00852	0.36877374549079955	36.86	164.86	0.05	iteration	8     200010  2.3103597E-02  8.52E-03   36.86  164.86    0.05
C_W15_HI_M0_A00_S1_F0	fixed	W15_HI_M0_A00_S1_F0	A00	F0	S1	M0	HI	W15	SR_MINUS	159	8	600030	0.018802221	0.00277	0.1473230210409717	14.71	113.97	0.05	aggregate	8     600030  1.8802221E-02  2.77E-03   14.71  113.97    0.05    1.36   3
P_W15_HI_M0_A00_S2	adaptive	W15_HI_M0_A00_S2	A00		S2	M0	HI	W15	SR_MINUS	150	1	50003	0.013461102	0.0083	0.6165914202269621	61.66	137.89	1.79	iteration	1      50003  1.3461102E-02  8.30E-03   61.66  137.89*   1.79
P_W15_HI_M0_A00_S2	adaptive	W15_HI_M0_A00_S2	A00		S2	M0	HI	W15	SR_MINUS	151	2	50001	0.030166113	0.0161	0.533711452980369	53.42	119.46	0.03	iteration	2      50001  3.0166113E-02  1.61E-02   53.42  119.46*   0.03
P_W15_HI_M0_A00_S2	adaptive	W15_HI_M0_A00_S2	A00		S2	M0	HI	W15	SR_MINUS	152	3	50003	0.017223186	0.00905	0.5254544658578267	52.53	117.46	0.02	iteration	3      50003  1.7223186E-02  9.05E-03   52.53  117.46*   0.02
P_W15_HI_M0_A00_S2	adaptive	W15_HI_M0_A00_S2	A00		S2	M0	HI	W15	SR_MINUS	153	4	50000	0.030414074	0.016	0.5260722387931325	52.47	117.32	0.01	iteration	4      50000  3.0414074E-02  1.60E-02   52.47  117.32*   0.01
P_W15_HI_M0_A00_S2	adaptive	W15_HI_M0_A00_S2	A00		S2	M0	HI	W15	SR_MINUS	154	5	50000	0.011224743	0.00244	0.21737691455385658	21.71	48.55	0.03	iteration	5      50000  1.1224743E-02  2.44E-03   21.71   48.55*   0.03
P_W15_HI_M0_A00_S2	adaptive	W15_HI_M0_A00_S2	A00		S2	M0	HI	W15	SR_MINUS	156	5	250007	0.012476884	0.00222	0.1779290406162308	17.79	88.97	0.03	aggregate	5     250007  1.2476884E-02  2.22E-03   17.79   88.97    0.03    0.76   5
C_W15_HI_M0_A00_S2_F0	fixed	W15_HI_M0_A00_S2_F0	A00	F0	S2	M0	HI	W15	SR_MINUS	146	1	50003	0.013461102	0.0083	0.6165914202269621	61.66	137.89	1.79	iteration	1      50003  1.3461102E-02  8.30E-03   61.66  137.89*   1.79
C_W15_HI_M0_A00_S2_F0	fixed	W15_HI_M0_A00_S2_F0	A00	F0	S2	M0	HI	W15	SR_MINUS	147	2	50001	0.030166113	0.0161	0.533711452980369	53.42	119.46	0.03	iteration	2      50001  3.0166113E-02  1.61E-02   53.42  119.46*   0.03
C_W15_HI_M0_A00_S2_F0	fixed	W15_HI_M0_A00_S2_F0	A00	F0	S2	M0	HI	W15	SR_MINUS	148	3	50003	0.017223186	0.00905	0.5254544658578267	52.53	117.46	0.02	iteration	3      50003  1.7223186E-02  9.05E-03   52.53  117.46*   0.02
C_W15_HI_M0_A00_S2_F0	fixed	W15_HI_M0_A00_S2_F0	A00	F0	S2	M0	HI	W15	SR_MINUS	149	4	50000	0.030414074	0.016	0.5260722387931325	52.47	117.32	0.01	iteration	4      50000  3.0414074E-02  1.60E-02   52.47  117.32*   0.01
C_W15_HI_M0_A00_S2_F0	fixed	W15_HI_M0_A00_S2_F0	A00	F0	S2	M0	HI	W15	SR_MINUS	150	5	50000	0.011224743	0.00244	0.21737691455385658	21.71	48.55	0.03	iteration	5      50000  1.1224743E-02  2.44E-03   21.71   48.55*   0.03
C_W15_HI_M0_A00_S2_F0	fixed	W15_HI_M0_A00_S2_F0	A00	F0	S2	M0	HI	W15	SR_MINUS	152	5	250007	0.012476884	0.00222	0.1779290406162308	17.79	88.97	0.03	aggregate	5     250007  1.2476884E-02  2.22E-03   17.79   88.97    0.03    0.76   5
C_W15_HI_M0_A00_S2_F0	fixed	W15_HI_M0_A00_S2_F0	A00	F0	S2	M0	HI	W15	SR_MINUS	155	6	199998	0.02244037	0.0045	0.2005314529127639	20.07	89.75	0.01	iteration	6     199998  2.2440370E-02  4.50E-03   20.07   89.75    0.01
C_W15_HI_M0_A00_S2_F0	fixed	W15_HI_M0_A00_S2_F0	A00	F0	S2	M0	HI	W15	SR_MINUS	156	7	199998	0.02935983	0.00754	0.2568134760998276	25.68	114.84	0.01	iteration	7     199998  2.9359830E-02  7.54E-03   25.68  114.84    0.01
C_W15_HI_M0_A00_S2_F0	fixed	W15_HI_M0_A00_S2_F0	A00	F0	S2	M0	HI	W15	SR_MINUS	157	8	199998	0.018810231	0.00239	0.12705851406077895	12.71	56.85	0.02	iteration	8     199998  1.8810231E-02  2.39E-03   12.71   56.85*   0.02
C_W15_HI_M0_A00_S2_F0	fixed	W15_HI_M0_A00_S2_F0	A00	F0	S2	M0	HI	W15	SR_MINUS	159	8	599994	0.020318023	0.00203	0.09991129550350446	10.01	77.53	0.02	aggregate	8     599994  2.0318023E-02  2.03E-03   10.01   77.53    0.02    1.03   3
P_W15_HI_M0_A00_S3	adaptive	W15_HI_M0_A00_S3	A00		S3	M0	HI	W15	SR_MINUS	150	1	49997	0.013643028	0.00898	0.6582116521347021	65.79	147.11	1.8	iteration	1      49997  1.3643028E-02  8.98E-03   65.79  147.11*   1.80
P_W15_HI_M0_A00_S3	adaptive	W15_HI_M0_A00_S3	A00		S3	M0	HI	W15	SR_MINUS	151	2	50003	0.016952897	0.011	0.6488566526417283	64.93	145.18	0.03	iteration	2      50003  1.6952897E-02  1.10E-02   64.93  145.18*   0.03
P_W15_HI_M0_A00_S3	adaptive	W15_HI_M0_A00_S3	A00		S3	M0	HI	W15	SR_MINUS	152	3	50000	0.011443795	0.00291	0.2542862747890888	25.4	56.8	0.06	iteration	3      50000  1.1443795E-02  2.91E-03   25.40   56.80*   0.06
P_W15_HI_M0_A00_S3	adaptive	W15_HI_M0_A00_S3	A00		S3	M0	HI	W15	SR_MINUS	153	4	50003	0.027414971	0.00416	0.15174190773355184	15.16	33.91	0.06	iteration	4      50003  2.7414971E-02  4.16E-03   15.16   33.91*   0.06
P_W15_HI_M0_A00_S3	adaptive	W15_HI_M0_A00_S3	A00		S3	M0	HI	W15	SR_MINUS	154	5	49998	0.019778545	0.00235	0.11881561560772039	11.86	26.53	0.1	iteration	5      49998  1.9778545E-02  2.35E-03   11.86   26.53*   0.10
P_W15_HI_M0_A00_S3	adaptive	W15_HI_M0_A00_S3	A00		S3	M0	HI	W15	SR_MINUS	156	5	250001	0.018077001	0.00163	0.09016982407646047	8.99	44.96	0.1	aggregate	5     250001  1.8077001E-02  1.63E-03    8.99   44.96    0.10    2.76   5
C_W15_HI_M0_A00_S3_F0	fixed	W15_HI_M0_A00_S3_F0	A00	F0	S3	M0	HI	W15	SR_MINUS	146	1	49997	0.013643028	0.00898	0.6582116521347021	65.79	147.11	1.8	iteration	1      49997  1.3643028E-02  8.98E-03   65.79  147.11*   1.80
C_W15_HI_M0_A00_S3_F0	fixed	W15_HI_M0_A00_S3_F0	A00	F0	S3	M0	HI	W15	SR_MINUS	147	2	50003	0.016952897	0.011	0.6488566526417283	64.93	145.18	0.03	iteration	2      50003  1.6952897E-02  1.10E-02   64.93  145.18*   0.03
C_W15_HI_M0_A00_S3_F0	fixed	W15_HI_M0_A00_S3_F0	A00	F0	S3	M0	HI	W15	SR_MINUS	148	3	50000	0.011443795	0.00291	0.2542862747890888	25.4	56.8	0.06	iteration	3      50000  1.1443795E-02  2.91E-03   25.40   56.80*   0.06
C_W15_HI_M0_A00_S3_F0	fixed	W15_HI_M0_A00_S3_F0	A00	F0	S3	M0	HI	W15	SR_MINUS	149	4	50003	0.027414971	0.00416	0.15174190773355184	15.16	33.91	0.06	iteration	4      50003  2.7414971E-02  4.16E-03   15.16   33.91*   0.06
C_W15_HI_M0_A00_S3_F0	fixed	W15_HI_M0_A00_S3_F0	A00	F0	S3	M0	HI	W15	SR_MINUS	150	5	49998	0.019778545	0.00235	0.11881561560772039	11.86	26.53	0.1	iteration	5      49998  1.9778545E-02  2.35E-03   11.86   26.53*   0.10
C_W15_HI_M0_A00_S3_F0	fixed	W15_HI_M0_A00_S3_F0	A00	F0	S3	M0	HI	W15	SR_MINUS	152	5	250001	0.018077001	0.00163	0.09016982407646047	8.99	44.96	0.1	aggregate	5     250001  1.8077001E-02  1.63E-03    8.99   44.96    0.10    2.76   5
C_W15_HI_M0_A00_S3_F0	fixed	W15_HI_M0_A00_S3_F0	A00	F0	S3	M0	HI	W15	SR_MINUS	155	6	200000	0.026006039	0.00194	0.07459805778188673	7.44	33.29	0.04	iteration	6     200000  2.6006039E-02  1.94E-03    7.44   33.29    0.04
C_W15_HI_M0_A00_S3_F0	fixed	W15_HI_M0_A00_S3_F0	A00	F0	S3	M0	HI	W15	SR_MINUS	156	7	200000	0.022911067	0.00102	0.04451996932312232	4.47	19.97	0.05	iteration	7     200000  2.2911067E-02  1.02E-03    4.47   19.97*   0.05
C_W15_HI_M0_A00_S3_F0	fixed	W15_HI_M0_A00_S3_F0	A00	F0	S3	M0	HI	W15	SR_MINUS	157	8	200000	0.041071285	0.0123	0.2994793077450584	29.99	134.14	0.01	iteration	8     200000  4.1071285E-02  1.23E-02   29.99  134.14    0.01
C_W15_HI_M0_A00_S3_F0	fixed	W15_HI_M0_A00_S3_F0	A00	F0	S3	M0	HI	W15	SR_MINUS	159	8	600000	0.02368075	0.000902	0.0380900098181012	3.81	29.51	0.01	aggregate	8     600000  2.3680750E-02  9.02E-04    3.81   29.51    0.01    2.00   3
P_W15_HI_M0_A00_S4	adaptive	W15_HI_M0_A00_S4	A00		S4	M0	HI	W15	SR_MINUS	150	1	50006	0.006217474	0.00367	0.5902718692510818	59.07	132.09	1.79	iteration	1      50006  6.2174740E-03  3.67E-03   59.07  132.09*   1.79
P_W15_HI_M0_A00_S4	adaptive	W15_HI_M0_A00_S4	A00		S4	M0	HI	W15	SR_MINUS	151	2	50003	0.02539969	0.00698	0.2748065035439409	27.48	61.46	0.19	iteration	2      50003  2.5399690E-02  6.98E-03   27.48   61.46*   0.19
P_W15_HI_M0_A00_S4	adaptive	W15_HI_M0_A00_S4	A00		S4	M0	HI	W15	SR_MINUS	152	3	50000	0.018106187	0.002	0.11045947995566378	11.06	24.72	0.19	iteration	3      50000  1.8106187E-02  2.00E-03   11.06   24.72*   0.19
P_W15_HI_M0_A00_S4	adaptive	W15_HI_M0_A00_S4	A00		S4	M0	HI	W15	SR_MINUS	153	4	50000	0.030297461	0.00467	0.15413832862100224	15.41	34.45	0.11	iteration	4      50000  3.0297461E-02  4.67E-03   15.41   34.45    0.11
P_W15_HI_M0_A00_S4	adaptive	W15_HI_M0_A00_S4	A00		S4	M0	HI	W15	SR_MINUS	154	5	49998	0.025002911	0.0022	0.08798975447298918	8.78	19.64	0.16	iteration	5      49998  2.5002911E-02  2.20E-03    8.78   19.64*   0.16
P_W15_HI_M0_A00_S4	adaptive	W15_HI_M0_A00_S4	A00		S4	M0	HI	W15	SR_MINUS	156	5	250007	0.020211582	0.00129	0.06382479115192467	6.4	32.0	0.16	aggregate	5     250007  2.0211582E-02  1.29E-03    6.40   32.00    0.16    6.40   5
C_W15_HI_M0_A00_S4_F0	fixed	W15_HI_M0_A00_S4_F0	A00	F0	S4	M0	HI	W15	SR_MINUS	146	1	50006	0.006217474	0.00367	0.5902718692510818	59.07	132.09	1.79	iteration	1      50006  6.2174740E-03  3.67E-03   59.07  132.09*   1.79
C_W15_HI_M0_A00_S4_F0	fixed	W15_HI_M0_A00_S4_F0	A00	F0	S4	M0	HI	W15	SR_MINUS	147	2	50003	0.02539969	0.00698	0.2748065035439409	27.48	61.46	0.19	iteration	2      50003  2.5399690E-02  6.98E-03   27.48   61.46*   0.19
C_W15_HI_M0_A00_S4_F0	fixed	W15_HI_M0_A00_S4_F0	A00	F0	S4	M0	HI	W15	SR_MINUS	148	3	50000	0.018106187	0.002	0.11045947995566378	11.06	24.72	0.19	iteration	3      50000  1.8106187E-02  2.00E-03   11.06   24.72*   0.19
C_W15_HI_M0_A00_S4_F0	fixed	W15_HI_M0_A00_S4_F0	A00	F0	S4	M0	HI	W15	SR_MINUS	149	4	50000	0.030297461	0.00467	0.15413832862100224	15.41	34.45	0.11	iteration	4      50000  3.0297461E-02  4.67E-03   15.41   34.45    0.11
C_W15_HI_M0_A00_S4_F0	fixed	W15_HI_M0_A00_S4_F0	A00	F0	S4	M0	HI	W15	SR_MINUS	150	5	49998	0.025002911	0.0022	0.08798975447298918	8.78	19.64	0.16	iteration	5      49998  2.5002911E-02  2.20E-03    8.78   19.64*   0.16
C_W15_HI_M0_A00_S4_F0	fixed	W15_HI_M0_A00_S4_F0	A00	F0	S4	M0	HI	W15	SR_MINUS	152	5	250007	0.020211582	0.00129	0.06382479115192467	6.4	32.0	0.16	aggregate	5     250007  2.0211582E-02  1.29E-03    6.40   32.00    0.16    6.40   5
C_W15_HI_M0_A00_S4_F0	fixed	W15_HI_M0_A00_S4_F0	A00	F0	S4	M0	HI	W15	SR_MINUS	155	6	200002	0.025805549	0.000897	0.034759965773252875	3.48	15.55	0.06	iteration	6     200002  2.5805549E-02  8.97E-04    3.48   15.55*   0.06
C_W15_HI_M0_A00_S4_F0	fixed	W15_HI_M0_A00_S4_F0	A00	F0	S4	M0	HI	W15	SR_MINUS	156	7	200002	0.025396175	0.000967	0.038076600117931146	3.81	17.03	0.05	iteration	7     200002  2.5396175E-02  9.67E-04    3.81   17.03    0.05
C_W15_HI_M0_A00_S4_F0	fixed	W15_HI_M0_A00_S4_F0	A00	F0	S4	M0	HI	W15	SR_MINUS	157	8	200002	0.037069654	0.00915	0.2468326248742435	24.69	110.43	0.01	iteration	8     200002  3.7069654E-02  9.15E-03   24.69  110.43    0.01
C_W15_HI_M0_A00_S4_F0	fixed	W15_HI_M0_A00_S4_F0	A00	F0	S4	M0	HI	W15	SR_MINUS	159	8	600006	0.025674964	0.000656	0.025550181881462422	2.56	19.79	0.01	aggregate	8     600006  2.5674964E-02  6.56E-04    2.56   19.79    0.01    0.83   3
P_W15_HI_M0_A00_S5	adaptive	W15_HI_M0_A00_S5	A00		S5	M0	HI	W15	SR_MINUS	150	1	49996	0.0050701891	0.0022	0.4339088654504031	43.39	97.02	1.89	iteration	1      49996  5.0701891E-03  2.20E-03   43.39   97.02*   1.89
P_W15_HI_M0_A00_S5	adaptive	W15_HI_M0_A00_S5	A00		S5	M0	HI	W15	SR_MINUS	151	2	49997	0.0026950695	0.00118	0.43783657527199205	43.9	98.16	0.08	iteration	2      49997  2.6950695E-03  1.18E-03   43.90   98.16    0.08
P_W15_HI_M0_A00_S5	adaptive	W15_HI_M0_A00_S5	A00		S5	M0	HI	W15	SR_MINUS	152	3	50001	0.010440276	0.00502	0.4808302002743989	48.05	107.44	0.04	iteration	3      50001  1.0440276E-02  5.02E-03   48.05  107.44    0.04
P_W15_HI_M0_A00_S5	adaptive	W15_HI_M0_A00_S5	A00		S5	M0	HI	W15	SR_MINUS	153	4	50000	0.016142814	0.00928	0.5748687930121725	57.48	128.53	0.02	iteration	4      50000  1.6142814E-02  9.28E-03   57.48  128.53    0.02
P_W15_HI_M0_A00_S5	adaptive	W15_HI_M0_A00_S5	A00		S5	M0	HI	W15	SR_MINUS	154	5	49999	0.028199014	0.0192	0.6808748703057489	68.07	152.2	0.14	iteration	5      49999  2.8199014E-02  1.92E-02   68.07  152.20    0.14
P_W15_HI_M0_A00_S5	adaptive	W15_HI_M0_A00_S5	A00		S5	M0	HI	W15	SR_MINUS	156	5	249993	0.0037452376	0.00101	0.2696758144262997	27.04	135.2	0.14	aggregate	5     249993  3.7452376E-03  1.01E-03   27.04  135.20    0.14    1.59   5
C_W15_HI_M0_A00_S5_F0	fixed	W15_HI_M0_A00_S5_F0	A00	F0	S5	M0	HI	W15	SR_MINUS	146	1	49996	0.0050701891	0.0022	0.4339088654504031	43.39	97.02	1.89	iteration	1      49996  5.0701891E-03  2.20E-03   43.39   97.02*   1.89
C_W15_HI_M0_A00_S5_F0	fixed	W15_HI_M0_A00_S5_F0	A00	F0	S5	M0	HI	W15	SR_MINUS	147	2	49997	0.0026950695	0.00118	0.43783657527199205	43.9	98.16	0.08	iteration	2      49997  2.6950695E-03  1.18E-03   43.90   98.16    0.08
C_W15_HI_M0_A00_S5_F0	fixed	W15_HI_M0_A00_S5_F0	A00	F0	S5	M0	HI	W15	SR_MINUS	148	3	50001	0.010440276	0.00502	0.4808302002743989	48.05	107.44	0.04	iteration	3      50001  1.0440276E-02  5.02E-03   48.05  107.44    0.04
C_W15_HI_M0_A00_S5_F0	fixed	W15_HI_M0_A00_S5_F0	A00	F0	S5	M0	HI	W15	SR_MINUS	149	4	50000	0.016142814	0.00928	0.5748687930121725	57.48	128.53	0.02	iteration	4      50000  1.6142814E-02  9.28E-03   57.48  128.53    0.02
C_W15_HI_M0_A00_S5_F0	fixed	W15_HI_M0_A00_S5_F0	A00	F0	S5	M0	HI	W15	SR_MINUS	150	5	49999	0.028199014	0.0192	0.6808748703057489	68.07	152.2	0.14	iteration	5      49999  2.8199014E-02  1.92E-02   68.07  152.20    0.14
C_W15_HI_M0_A00_S5_F0	fixed	W15_HI_M0_A00_S5_F0	A00	F0	S5	M0	HI	W15	SR_MINUS	152	5	249993	0.0037452376	0.00101	0.2696758144262997	27.04	135.2	0.14	aggregate	5     249993  3.7452376E-03  1.01E-03   27.04  135.20    0.14    1.59   5
C_W15_HI_M0_A00_S5_F0	fixed	W15_HI_M0_A00_S5_F0	A00	F0	S5	M0	HI	W15	SR_MINUS	155	6	200000	0.023172614	0.00406	0.17520681956727022	17.52	78.36	0.02	iteration	6     200000  2.3172614E-02  4.06E-03   17.52   78.36*   0.02
C_W15_HI_M0_A00_S5_F0	fixed	W15_HI_M0_A00_S5_F0	A00	F0	S5	M0	HI	W15	SR_MINUS	156	7	200000	0.030294884	0.0086	0.2838763139017136	28.38	126.91	0.01	iteration	7     200000  3.0294884E-02  8.60E-03   28.38  126.91    0.01
C_W15_HI_M0_A00_S5_F0	fixed	W15_HI_M0_A00_S5_F0	A00	F0	S5	M0	HI	W15	SR_MINUS	157	8	200000	0.025809548	0.00373	0.14452015974863255	14.47	64.69	0.02	iteration	8     200000  2.5809548E-02  3.73E-03   14.47   64.69*   0.02
C_W15_HI_M0_A00_S5_F0	fixed	W15_HI_M0_A00_S5_F0	A00	F0	S5	M0	HI	W15	SR_MINUS	159	8	600000	0.025129251	0.00262	0.10426096663207352	10.42	80.69	0.02	aggregate	8     600000  2.5129251E-02  2.62E-03   10.42   80.69    0.02    0.31   3
P_W15_HI_M0_A00_S6	adaptive	W15_HI_M0_A00_S6	A00		S6	M0	HI	W15	SR_MINUS	150	1	49997	0.0023182973	0.00114	0.49174020950634756	49.27	110.16	1.79	iteration	1      49997  2.3182973E-03  1.14E-03   49.27  110.16*   1.79
P_W15_HI_M0_A00_S6	adaptive	W15_HI_M0_A00_S6	A00		S6	M0	HI	W15	SR_MINUS	151	2	49993	0.039598742	0.033	0.8333598072383209	83.22	186.06	0.73	iteration	2      49993  3.9598742E-02  3.30E-02   83.22  186.06    0.73
P_W15_HI_M0_A00_S6	adaptive	W15_HI_M0_A00_S6	A00		S6	M0	HI	W15	SR_MINUS	152	3	50002	0.020223998	0.00577	0.28530461682205466	28.54	63.83	0.13	iteration	3      50002  2.0223998E-02  5.77E-03   28.54   63.83*   0.13
P_W15_HI_M0_A00_S6	adaptive	W15_HI_M0_A00_S6	A00		S6	M0	HI	W15	SR_MINUS	153	4	50000	0.015574868	0.00351	0.22536306567734635	22.54	50.4	0.06	iteration	4      50000  1.5574868E-02  3.51E-03   22.54   50.40*   0.06
P_W15_HI_M0_A00_S6	adaptive	W15_HI_M0_A00_S6	A00		S6	M0	HI	W15	SR_MINUS	154	5	50003	0.024442125	0.00495	0.20251921631200237	20.26	45.32	0.07	iteration	5      50003  2.4442125E-02  4.95E-03   20.26   45.32*   0.07
P_W15_HI_M0_A00_S6	adaptive	W15_HI_M0_A00_S6	A00		S6	M0	HI	W15	SR_MINUS	156	5	249995	0.0050907041	0.00104	0.20429394040011084	20.49	102.43	0.07	aggregate	5     249995  5.0907041E-03  1.04E-03   20.49  102.43    0.07    9.51   5
C_W15_HI_M0_A00_S6_F0	fixed	W15_HI_M0_A00_S6_F0	A00	F0	S6	M0	HI	W15	SR_MINUS	146	1	49997	0.0023182973	0.00114	0.49174020950634756	49.27	110.16	1.79	iteration	1      49997  2.3182973E-03  1.14E-03   49.27  110.16*   1.79
C_W15_HI_M0_A00_S6_F0	fixed	W15_HI_M0_A00_S6_F0	A00	F0	S6	M0	HI	W15	SR_MINUS	147	2	49993	0.039598742	0.033	0.8333598072383209	83.22	186.06	0.73	iteration	2      49993  3.9598742E-02  3.30E-02   83.22  186.06    0.73
C_W15_HI_M0_A00_S6_F0	fixed	W15_HI_M0_A00_S6_F0	A00	F0	S6	M0	HI	W15	SR_MINUS	148	3	50002	0.020223998	0.00577	0.28530461682205466	28.54	63.83	0.13	iteration	3      50002  2.0223998E-02  5.77E-03   28.54   63.83*   0.13
C_W15_HI_M0_A00_S6_F0	fixed	W15_HI_M0_A00_S6_F0	A00	F0	S6	M0	HI	W15	SR_MINUS	149	4	50000	0.015574868	0.00351	0.22536306567734635	22.54	50.4	0.06	iteration	4      50000  1.5574868E-02  3.51E-03   22.54   50.40*   0.06
C_W15_HI_M0_A00_S6_F0	fixed	W15_HI_M0_A00_S6_F0	A00	F0	S6	M0	HI	W15	SR_MINUS	150	5	50003	0.024442125	0.00495	0.20251921631200237	20.26	45.32	0.07	iteration	5      50003  2.4442125E-02  4.95E-03   20.26   45.32*   0.07
C_W15_HI_M0_A00_S6_F0	fixed	W15_HI_M0_A00_S6_F0	A00	F0	S6	M0	HI	W15	SR_MINUS	152	5	249995	0.0050907041	0.00104	0.20429394040011084	20.49	102.43	0.07	aggregate	5     249995  5.0907041E-03  1.04E-03   20.49  102.43    0.07    9.51   5
C_W15_HI_M0_A00_S6_F0	fixed	W15_HI_M0_A00_S6_F0	A00	F0	S6	M0	HI	W15	SR_MINUS	155	6	200001	0.029477313	0.00441	0.14960658049124081	14.95	66.86	0.02	iteration	6     200001  2.9477313E-02  4.41E-03   14.95   66.86    0.02
C_W15_HI_M0_A00_S6_F0	fixed	W15_HI_M0_A00_S6_F0	A00	F0	S6	M0	HI	W15	SR_MINUS	156	7	200001	0.022459038	0.00172	0.07658386792880442	7.66	34.26	0.04	iteration	7     200001  2.2459038E-02  1.72E-03    7.66   34.26*   0.04
C_W15_HI_M0_A00_S6_F0	fixed	W15_HI_M0_A00_S6_F0	A00	F0	S6	M0	HI	W15	SR_MINUS	157	8	200001	0.029653288	0.00441	0.14871875253766126	14.87	66.5	0.03	iteration	8     200001  2.9653288E-02  4.41E-03   14.87   66.50    0.03
C_W15_HI_M0_A00_S6_F0	fixed	W15_HI_M0_A00_S6_F0	A00	F0	S6	M0	HI	W15	SR_MINUS	159	8	600003	0.024118461	0.00151	0.06260764316595491	6.25	48.38	0.03	aggregate	8     600003  2.4118461E-02  1.51E-03    6.25   48.38    0.03    1.99   3
P_W15_HI_M0_A00_S7	adaptive	W15_HI_M0_A00_S7	A00		S7	M0	HI	W15	SR_MINUS	150	1	50002	0.039892917	0.0255	0.6392112163670558	63.92	142.93	1.82	iteration	1      50002  3.9892917E-02  2.55E-02   63.92  142.93*   1.82
P_W15_HI_M0_A00_S7	adaptive	W15_HI_M0_A00_S7	A00		S7	M0	HI	W15	SR_MINUS	151	2	49999	0.016836498	0.00501	0.2975678196261479	29.74	66.5	0.09	iteration	2      49999  1.6836498E-02  5.01E-03   29.74   66.50*   0.09
P_W15_HI_M0_A00_S7	adaptive	W15_HI_M0_A00_S7	A00		S7	M0	HI	W15	SR_MINUS	152	3	50000	0.046476194	0.0283	0.6089138882585782	60.95	136.29	0.02	iteration	3      50000  4.6476194E-02  2.83E-02   60.95  136.29    0.02
P_W15_HI_M0_A00_S7	adaptive	W15_HI_M0_A00_S7	A00		S7	M0	HI	W15	SR_MINUS	153	4	49999	0.045218578	0.0204	0.4511420062789237	45.04	100.71	0.07	iteration	4      49999  4.5218578E-02  2.04E-02   45.04  100.71*   0.07
P_W15_HI_M0_A00_S7	adaptive	W15_HI_M0_A00_S7	A00		S7	M0	HI	W15	SR_MINUS	154	5	50003	0.027892887	0.00366	0.13121624878772856	13.14	29.38	0.06	iteration	5      50003  2.7892887E-02  3.66E-03   13.14   29.38*   0.06
P_W15_HI_M0_A00_S7	adaptive	W15_HI_M0_A00_S7	A00		S7	M0	HI	W15	SR_MINUS	156	5	250003	0.024901574	0.00289	0.11605692073922717	11.61	58.07	0.06	aggregate	5     250003  2.4901574E-02  2.89E-03   11.61   58.07    0.06    1.30   5
C_W15_HI_M0_A00_S7_F0	fixed	W15_HI_M0_A00_S7_F0	A00	F0	S7	M0	HI	W15	SR_MINUS	146	1	50002	0.039892917	0.0255	0.6392112163670558	63.92	142.93	1.82	iteration	1      50002  3.9892917E-02  2.55E-02   63.92  142.93*   1.82
C_W15_HI_M0_A00_S7_F0	fixed	W15_HI_M0_A00_S7_F0	A00	F0	S7	M0	HI	W15	SR_MINUS	147	2	49999	0.016836498	0.00501	0.2975678196261479	29.74	66.5	0.09	iteration	2      49999  1.6836498E-02  5.01E-03   29.74   66.50*   0.09
C_W15_HI_M0_A00_S7_F0	fixed	W15_HI_M0_A00_S7_F0	A00	F0	S7	M0	HI	W15	SR_MINUS	148	3	50000	0.046476194	0.0283	0.6089138882585782	60.95	136.29	0.02	iteration	3      50000  4.6476194E-02  2.83E-02   60.95  136.29    0.02
C_W15_HI_M0_A00_S7_F0	fixed	W15_HI_M0_A00_S7_F0	A00	F0	S7	M0	HI	W15	SR_MINUS	149	4	49999	0.045218578	0.0204	0.4511420062789237	45.04	100.71	0.07	iteration	4      49999  4.5218578E-02  2.04E-02   45.04  100.71*   0.07
C_W15_HI_M0_A00_S7_F0	fixed	W15_HI_M0_A00_S7_F0	A00	F0	S7	M0	HI	W15	SR_MINUS	150	5	50003	0.027892887	0.00366	0.13121624878772856	13.14	29.38	0.06	iteration	5      50003  2.7892887E-02  3.66E-03   13.14   29.38*   0.06
C_W15_HI_M0_A00_S7_F0	fixed	W15_HI_M0_A00_S7_F0	A00	F0	S7	M0	HI	W15	SR_MINUS	152	5	250003	0.024901574	0.00289	0.11605692073922717	11.61	58.07	0.06	aggregate	5     250003  2.4901574E-02  2.89E-03   11.61   58.07    0.06    1.30   5
C_W15_HI_M0_A00_S7_F0	fixed	W15_HI_M0_A00_S7_F0	A00	F0	S7	M0	HI	W15	SR_MINUS	155	6	200001	0.024680444	0.000636	0.025769390534465263	2.58	11.52	0.12	iteration	6     200001  2.4680444E-02  6.36E-04    2.58   11.52*   0.12
C_W15_HI_M0_A00_S7_F0	fixed	W15_HI_M0_A00_S7_F0	A00	F0	S7	M0	HI	W15	SR_MINUS	156	7	200001	0.02486093	0.0015	0.06033563507077169	6.02	26.92	0.12	iteration	7     200001  2.4860930E-02  1.50E-03    6.02   26.92    0.12
C_W15_HI_M0_A00_S7_F0	fixed	W15_HI_M0_A00_S7_F0	A00	F0	S7	M0	HI	W15	SR_MINUS	157	8	200001	0.026936819	0.0014	0.05197347170057459	5.19	23.22	0.04	iteration	8     200001  2.6936819E-02  1.40E-03    5.19   23.22*   0.04
C_W15_HI_M0_A00_S7_F0	fixed	W15_HI_M0_A00_S7_F0	A00	F0	S7	M0	HI	W15	SR_MINUS	159	8	600003	0.025040107	0.00054	0.021565403055186626	2.16	16.7	0.04	aggregate	8     600003  2.5040107E-02  5.40E-04    2.16   16.70    0.04    1.09   3
P_W15_HI_M1_A07_S0	adaptive	W15_HI_M1_A07_S0	A07		S0	M1	HI	W15	SR_MINUS	150	1	99997	0.037010367	0.0191	0.5160716185278573	51.71	163.51	0.91	iteration	1      99997  3.7010367E-02  1.91E-02   51.71  163.51*   0.91
P_W15_HI_M1_A07_S0	adaptive	W15_HI_M1_A07_S0	A07		S0	M1	HI	W15	SR_MINUS	151	2	99998	0.026832397	0.00986	0.3674662386666387	36.73	116.15	0.05	iteration	2      99998  2.6832397E-02  9.86E-03   36.73  116.15*   0.05
P_W15_HI_M1_A07_S0	adaptive	W15_HI_M1_A07_S0	A07		S0	M1	HI	W15	SR_MINUS	152	3	99997	0.01749856	0.00234	0.13372528939524167	13.39	42.34	0.05	iteration	3      99997  1.7498560E-02  2.34E-03   13.39   42.34*   0.05
P_W15_HI_M1_A07_S0	adaptive	W15_HI_M1_A07_S0	A07		S0	M1	HI	W15	SR_MINUS	153	4	99999	0.02167942	0.00214	0.09871112788072743	9.85	31.15	0.06	iteration	4      99999  2.1679420E-02  2.14E-03    9.85   31.15*   0.06
P_W15_HI_M1_A07_S0	adaptive	W15_HI_M1_A07_S0	A07		S0	M1	HI	W15	SR_MINUS	154	5	99998	0.025396233	0.0013	0.051188694008280675	5.1	16.13	0.1	iteration	5      99998  2.5396233E-02  1.30E-03    5.10   16.13*   0.10
P_W15_HI_M1_A07_S0	adaptive	W15_HI_M1_A07_S0	A07		S0	M1	HI	W15	SR_MINUS	155	6	100002	0.029216648	0.00365	0.1249287734855826	12.51	39.54	0.05	iteration	6     100002  2.9216648E-02  3.65E-03   12.51   39.54    0.05
P_W15_HI_M1_A07_S0	adaptive	W15_HI_M1_A07_S0	A07		S0	M1	HI	W15	SR_MINUS	156	7	100001	0.029524763	0.00446	0.15105963763367045	15.12	47.82	0.16	iteration	7     100001  2.9524763E-02  4.46E-03   15.12   47.82    0.16
P_W15_HI_M1_A07_S0	adaptive	W15_HI_M1_A07_S0	A07		S0	M1	HI	W15	SR_MINUS	157	8	100000	0.025881284	0.00148	0.057184179888447574	5.7	18.03	0.19	iteration	8     100000  2.5881284E-02  1.48E-03    5.70   18.03*   0.19
P_W15_HI_M1_A07_S0	adaptive	W15_HI_M1_A07_S0	A07		S0	M1	HI	W15	SR_MINUS	158	9	100001	0.027661968	0.00246	0.08893076588043193	8.9	28.16	0.07	iteration	9     100001  2.7661968E-02  2.46E-03    8.90   28.16    0.07
P_W15_HI_M1_A07_S0	adaptive	W15_HI_M1_A07_S0	A07		S0	M1	HI	W15	SR_MINUS	159	10	100000	0.024980542	0.000568	0.0227376972044882	2.27	7.19	0.44	iteration	10     100000  2.4980542E-02  5.68E-04    2.27    7.19*   0.44
P_W15_HI_M1_A07_S0	adaptive	W15_HI_M1_A07_S0	A07		S0	M1	HI	W15	SR_MINUS	161	10	999993	0.02490103	0.000454	0.01823217754446302	1.82	18.22	0.44	aggregate	10     999993  2.4901030E-02  4.54E-04    1.82   18.22    0.44    1.89  10
C_W15_HI_M1_A07_S0_F0	fixed	W15_HI_M1_A07_S0_F0	A07	F0	S0	M1	HI	W15	SR_MINUS	146	1	99997	0.037010367	0.0191	0.5160716185278573	51.71	163.51	0.91	iteration	1      99997  3.7010367E-02  1.91E-02   51.71  163.51*   0.91
C_W15_HI_M1_A07_S0_F0	fixed	W15_HI_M1_A07_S0_F0	A07	F0	S0	M1	HI	W15	SR_MINUS	147	2	99998	0.026832397	0.00986	0.3674662386666387	36.73	116.15	0.05	iteration	2      99998  2.6832397E-02  9.86E-03   36.73  116.15*   0.05
C_W15_HI_M1_A07_S0_F0	fixed	W15_HI_M1_A07_S0_F0	A07	F0	S0	M1	HI	W15	SR_MINUS	148	3	99997	0.01749856	0.00234	0.13372528939524167	13.39	42.34	0.05	iteration	3      99997  1.7498560E-02  2.34E-03   13.39   42.34*   0.05
C_W15_HI_M1_A07_S0_F0	fixed	W15_HI_M1_A07_S0_F0	A07	F0	S0	M1	HI	W15	SR_MINUS	149	4	99999	0.02167942	0.00214	0.09871112788072743	9.85	31.15	0.06	iteration	4      99999  2.1679420E-02  2.14E-03    9.85   31.15*   0.06
C_W15_HI_M1_A07_S0_F0	fixed	W15_HI_M1_A07_S0_F0	A07	F0	S0	M1	HI	W15	SR_MINUS	150	5	99998	0.025396233	0.0013	0.051188694008280675	5.1	16.13	0.1	iteration	5      99998  2.5396233E-02  1.30E-03    5.10   16.13*   0.10
C_W15_HI_M1_A07_S0_F0	fixed	W15_HI_M1_A07_S0_F0	A07	F0	S0	M1	HI	W15	SR_MINUS	151	6	100002	0.029216648	0.00365	0.1249287734855826	12.51	39.54	0.05	iteration	6     100002  2.9216648E-02  3.65E-03   12.51   39.54    0.05
C_W15_HI_M1_A07_S0_F0	fixed	W15_HI_M1_A07_S0_F0	A07	F0	S0	M1	HI	W15	SR_MINUS	152	7	100001	0.029524763	0.00446	0.15105963763367045	15.12	47.82	0.16	iteration	7     100001  2.9524763E-02  4.46E-03   15.12   47.82    0.16
C_W15_HI_M1_A07_S0_F0	fixed	W15_HI_M1_A07_S0_F0	A07	F0	S0	M1	HI	W15	SR_MINUS	153	8	100000	0.025881284	0.00148	0.057184179888447574	5.7	18.03	0.19	iteration	8     100000  2.5881284E-02  1.48E-03    5.70   18.03*   0.19
C_W15_HI_M1_A07_S0_F0	fixed	W15_HI_M1_A07_S0_F0	A07	F0	S0	M1	HI	W15	SR_MINUS	154	9	100001	0.027661968	0.00246	0.08893076588043193	8.9	28.16	0.07	iteration	9     100001  2.7661968E-02  2.46E-03    8.90   28.16    0.07
C_W15_HI_M1_A07_S0_F0	fixed	W15_HI_M1_A07_S0_F0	A07	F0	S0	M1	HI	W15	SR_MINUS	155	10	100000	0.024980542	0.000568	0.0227376972044882	2.27	7.19	0.44	iteration	10     100000  2.4980542E-02  5.68E-04    2.27    7.19*   0.44
C_W15_HI_M1_A07_S0_F0	fixed	W15_HI_M1_A07_S0_F0	A07	F0	S0	M1	HI	W15	SR_MINUS	157	10	999993	0.02490103	0.000454	0.01823217754446302	1.82	18.22	0.44	aggregate	10     999993  2.4901030E-02  4.54E-04    1.82   18.22    0.44    1.89  10
C_W15_HI_M1_A07_S0_F0	fixed	W15_HI_M1_A07_S0_F0	A07	F0	S0	M1	HI	W15	SR_MINUS	160	11	199999	0.028269626	0.00159	0.056244111612937506	5.63	25.16	0.04	iteration	11     199999  2.8269626E-02  1.59E-03    5.63   25.16    0.04
C_W15_HI_M1_A07_S0_F0	fixed	W15_HI_M1_A07_S0_F0	A07	F0	S0	M1	HI	W15	SR_MINUS	161	12	199999	0.026365024	0.000909	0.03447749563967778	3.45	15.41	0.08	iteration	12     199999  2.6365024E-02  9.09E-04    3.45   15.41*   0.08
C_W15_HI_M1_A07_S0_F0	fixed	W15_HI_M1_A07_S0_F0	A07	F0	S0	M1	HI	W15	SR_MINUS	162	13	199999	1.8056639	1.78	0.9857870005597387	98.57	440.82	0.0	iteration	13     199999  1.8056639E+00  1.78E+00   98.57  440.82    0.00
C_W15_HI_M1_A07_S0_F0	fixed	W15_HI_M1_A07_S0_F0	A07	F0	S0	M1	HI	W15	SR_MINUS	164	13	599997	0.026833944	0.000789	0.02940305756023043	2.94	22.77	0.0	aggregate	13     599997  2.6833944E-02  7.89E-04    2.94   22.77    0.00    1.04   3
P_W15_HI_M1_A07_S1	adaptive	W15_HI_M1_A07_S1	A07		S1	M1	HI	W15	SR_MINUS	150	1	100011	0.022625369	0.00838	0.37038069964737375	37.03	117.1	0.89	iteration	1     100011  2.2625369E-02  8.38E-03   37.03  117.10*   0.89
P_W15_HI_M1_A07_S1	adaptive	W15_HI_M1_A07_S1	A07		S1	M1	HI	W15	SR_MINUS	151	2	100002	0.075335307	0.0404	0.5362691360639175	53.58	169.44	0.23	iteration	2     100002  7.5335307E-02  4.04E-02   53.58  169.44    0.23
P_W15_HI_M1_A07_S1	adaptive	W15_HI_M1_A07_S1	A07		S1	M1	HI	W15	SR_MINUS	152	3	100006	0.023064919	0.00319	0.13830527651105126	13.82	43.7	0.1	iteration	3     100006  2.3064919E-02  3.19E-03   13.82   43.70*   0.10
P_W15_HI_M1_A07_S1	adaptive	W15_HI_M1_A07_S1	A07		S1	M1	HI	W15	SR_MINUS	153	4	100000	0.022271454	0.000898	0.04032067237280512	4.03	12.75	0.17	iteration	4     100000  2.2271454E-02  8.98E-04    4.03   12.75*   0.17
P_W15_HI_M1_A07_S1	adaptive	W15_HI_M1_A07_S1	A07		S1	M1	HI	W15	SR_MINUS	154	5	100004	0.027407809	0.00319	0.11639018646109216	11.63	36.78	0.05	iteration	5     100004  2.7407809E-02  3.19E-03   11.63   36.78    0.05
P_W15_HI_M1_A07_S1	adaptive	W15_HI_M1_A07_S1	A07		S1	M1	HI	W15	SR_MINUS	155	6	100002	0.026390391	0.00274	0.1038256689717102	10.4	32.88	0.05	iteration	6     100002  2.6390391E-02  2.74E-03   10.40   32.88*   0.05
P_W15_HI_M1_A07_S1	adaptive	W15_HI_M1_A07_S1	A07		S1	M1	HI	W15	SR_MINUS	156	7	100000	0.025252654	0.00126	0.049895745611530574	4.99	15.77	0.08	iteration	7     100000  2.5252654E-02  1.26E-03    4.99   15.77*   0.08
P_W15_HI_M1_A07_S1	adaptive	W15_HI_M1_A07_S1	A07		S1	M1	HI	W15	SR_MINUS	157	8	99998	0.026740461	0.00198	0.0740450959315922	7.42	23.47	0.14	iteration	8      99998  2.6740461E-02  1.98E-03    7.42   23.47    0.14
P_W15_HI_M1_A07_S1	adaptive	W15_HI_M1_A07_S1	A07		S1	M1	HI	W15	SR_MINUS	158	9	100001	0.023699195	0.000592	0.024979751421936484	2.5	7.9	0.21	iteration	9     100001  2.3699195E-02  5.92E-04    2.50    7.90*   0.21
P_W15_HI_M1_A07_S1	adaptive	W15_HI_M1_A07_S1	A07		S1	M1	HI	W15	SR_MINUS	159	10	99998	0.025820258	0.00145	0.056157455901486346	5.6	17.72	0.08	iteration	10      99998  2.5820258E-02  1.45E-03    5.60   17.72    0.08
P_W15_HI_M1_A07_S1	adaptive	W15_HI_M1_A07_S1	A07		S1	M1	HI	W15	SR_MINUS	161	10	1000022	0.023987172	0.000415	0.017300914005202447	1.73	17.31	0.08	aggregate	10    1000022  2.3987172E-02  4.15E-04    1.73   17.31    0.08    1.34  10
C_W15_HI_M1_A07_S1_F0	fixed	W15_HI_M1_A07_S1_F0	A07	F0	S1	M1	HI	W15	SR_MINUS	146	1	100011	0.022625369	0.00838	0.37038069964737375	37.03	117.1	0.89	iteration	1     100011  2.2625369E-02  8.38E-03   37.03  117.10*   0.89
C_W15_HI_M1_A07_S1_F0	fixed	W15_HI_M1_A07_S1_F0	A07	F0	S1	M1	HI	W15	SR_MINUS	147	2	100002	0.075335307	0.0404	0.5362691360639175	53.58	169.44	0.23	iteration	2     100002  7.5335307E-02  4.04E-02   53.58  169.44    0.23
C_W15_HI_M1_A07_S1_F0	fixed	W15_HI_M1_A07_S1_F0	A07	F0	S1	M1	HI	W15	SR_MINUS	148	3	100006	0.023064919	0.00319	0.13830527651105126	13.82	43.7	0.1	iteration	3     100006  2.3064919E-02  3.19E-03   13.82   43.70*   0.10
C_W15_HI_M1_A07_S1_F0	fixed	W15_HI_M1_A07_S1_F0	A07	F0	S1	M1	HI	W15	SR_MINUS	149	4	100000	0.022271454	0.000898	0.04032067237280512	4.03	12.75	0.17	iteration	4     100000  2.2271454E-02  8.98E-04    4.03   12.75*   0.17
C_W15_HI_M1_A07_S1_F0	fixed	W15_HI_M1_A07_S1_F0	A07	F0	S1	M1	HI	W15	SR_MINUS	150	5	100004	0.027407809	0.00319	0.11639018646109216	11.63	36.78	0.05	iteration	5     100004  2.7407809E-02  3.19E-03   11.63   36.78    0.05
C_W15_HI_M1_A07_S1_F0	fixed	W15_HI_M1_A07_S1_F0	A07	F0	S1	M1	HI	W15	SR_MINUS	151	6	100002	0.026390391	0.00274	0.1038256689717102	10.4	32.88	0.05	iteration	6     100002  2.6390391E-02  2.74E-03   10.40   32.88*   0.05
C_W15_HI_M1_A07_S1_F0	fixed	W15_HI_M1_A07_S1_F0	A07	F0	S1	M1	HI	W15	SR_MINUS	152	7	100000	0.025252654	0.00126	0.049895745611530574	4.99	15.77	0.08	iteration	7     100000  2.5252654E-02  1.26E-03    4.99   15.77*   0.08
C_W15_HI_M1_A07_S1_F0	fixed	W15_HI_M1_A07_S1_F0	A07	F0	S1	M1	HI	W15	SR_MINUS	153	8	99998	0.026740461	0.00198	0.0740450959315922	7.42	23.47	0.14	iteration	8      99998  2.6740461E-02  1.98E-03    7.42   23.47    0.14
C_W15_HI_M1_A07_S1_F0	fixed	W15_HI_M1_A07_S1_F0	A07	F0	S1	M1	HI	W15	SR_MINUS	154	9	100001	0.023699195	0.000592	0.024979751421936484	2.5	7.9	0.21	iteration	9     100001  2.3699195E-02  5.92E-04    2.50    7.90*   0.21
C_W15_HI_M1_A07_S1_F0	fixed	W15_HI_M1_A07_S1_F0	A07	F0	S1	M1	HI	W15	SR_MINUS	155	10	99998	0.025820258	0.00145	0.056157455901486346	5.6	17.72	0.08	iteration	10      99998  2.5820258E-02  1.45E-03    5.60   17.72    0.08
C_W15_HI_M1_A07_S1_F0	fixed	W15_HI_M1_A07_S1_F0	A07	F0	S1	M1	HI	W15	SR_MINUS	157	10	1000022	0.023987172	0.000415	0.017300914005202447	1.73	17.31	0.08	aggregate	10    1000022  2.3987172E-02  4.15E-04    1.73   17.31    0.08    1.34  10
C_W15_HI_M1_A07_S1_F0	fixed	W15_HI_M1_A07_S1_F0	A07	F0	S1	M1	HI	W15	SR_MINUS	160	11	200000	0.027270581	0.00142	0.05207076446226064	5.2	23.26	0.09	iteration	11     200000  2.7270581E-02  1.42E-03    5.20   23.26    0.09
C_W15_HI_M1_A07_S1_F0	fixed	W15_HI_M1_A07_S1_F0	A07	F0	S1	M1	HI	W15	SR_MINUS	161	12	200000	0.025374038	0.000543	0.021399826074194415	2.14	9.58	0.15	iteration	12     200000  2.5374038E-02  5.43E-04    2.14    9.58*   0.15
C_W15_HI_M1_A07_S1_F0	fixed	W15_HI_M1_A07_S1_F0	A07	F0	S1	M1	HI	W15	SR_MINUS	162	13	200000	0.025020155	0.000456	0.01822530675769195	1.82	8.16	0.15	iteration	13     200000  2.5020155E-02  4.56E-04    1.82    8.16*   0.15
C_W15_HI_M1_A07_S1_F0	fixed	W15_HI_M1_A07_S1_F0	A07	F0	S1	M1	HI	W15	SR_MINUS	164	13	600000	0.025287037	0.000339	0.013406078379210661	1.34	10.4	0.15	aggregate	13     600000  2.5287037E-02  3.39E-04    1.34   10.40    0.15    1.16   3
P_W15_HI_M1_A07_S2	adaptive	W15_HI_M1_A07_S2	A07		S2	M1	HI	W15	SR_MINUS	150	1	100001	0.0085307657	0.00425	0.49819677968649406	49.86	157.66	0.9	iteration	1     100001  8.5307657E-03  4.25E-03   49.86  157.66*   0.90
P_W15_HI_M1_A07_S2	adaptive	W15_HI_M1_A07_S2	A07		S2	M1	HI	W15	SR_MINUS	151	2	100000	0.022885535	0.0113	0.4937616708545376	49.26	155.76	0.02	iteration	2     100000  2.2885535E-02  1.13E-02   49.26  155.76*   0.02
P_W15_HI_M1_A07_S2	adaptive	W15_HI_M1_A07_S2	A07		S2	M1	HI	W15	SR_MINUS	152	3	100008	0.015728197	0.00236	0.15004898527148408	14.98	47.39	0.03	iteration	3     100008  1.5728197E-02  2.36E-03   14.98   47.39*   0.03
P_W15_HI_M1_A07_S2	adaptive	W15_HI_M1_A07_S2	A07		S2	M1	HI	W15	SR_MINUS	153	4	100000	0.027816868	0.00464	0.1668052636263723	16.67	52.7	0.02	iteration	4     100000  2.7816868E-02  4.64E-03   16.67   52.70    0.02
P_W15_HI_M1_A07_S2	adaptive	W15_HI_M1_A07_S2	A07		S2	M1	HI	W15	SR_MINUS	154	5	99999	0.026759333	0.00273	0.10202048010688457	10.19	32.24	0.03	iteration	5      99999  2.6759333E-02  2.73E-03   10.19   32.24*   0.03
P_W15_HI_M1_A07_S2	adaptive	W15_HI_M1_A07_S2	A07		S2	M1	HI	W15	SR_MINUS	155	6	100000	0.024006047	0.00257	0.10705635959139795	10.71	33.85	0.05	iteration	6     100000  2.4006047E-02  2.57E-03   10.71   33.85    0.05
P_W15_HI_M1_A07_S2	adaptive	W15_HI_M1_A07_S2	A07		S2	M1	HI	W15	SR_MINUS	156	7	100006	0.028675693	0.00337	0.11752113540900302	11.75	37.16	0.07	iteration	7     100006  2.8675693E-02  3.37E-03   11.75   37.16    0.07
P_W15_HI_M1_A07_S2	adaptive	W15_HI_M1_A07_S2	A07		S2	M1	HI	W15	SR_MINUS	157	8	99998	0.027096417	0.0037	0.13654941906156817	13.65	43.16	0.03	iteration	8      99998  2.7096417E-02  3.70E-03   13.65   43.16    0.03
P_W15_HI_M1_A07_S2	adaptive	W15_HI_M1_A07_S2	A07		S2	M1	HI	W15	SR_MINUS	158	9	100005	0.024682413	0.00264	0.10695874832010954	10.69	33.82	0.05	iteration	9     100005  2.4682413E-02  2.64E-03   10.69   33.82*   0.05
P_W15_HI_M1_A07_S2	adaptive	W15_HI_M1_A07_S2	A07		S2	M1	HI	W15	SR_MINUS	159	10	99995	0.043714925	0.0203	0.46437229390191104	46.46	146.9	0.02	iteration	10      99995  4.3714925E-02  2.03E-02   46.46  146.90    0.02
P_W15_HI_M1_A07_S2	adaptive	W15_HI_M1_A07_S2	A07		S2	M1	HI	W15	SR_MINUS	161	10	1000012	0.022844374	0.00106	0.046400921294669745	4.66	46.59	0.02	aggregate	10    1000012  2.2844374E-02  1.06E-03    4.66   46.59    0.02    3.30  10
C_W15_HI_M1_A07_S2_F0	fixed	W15_HI_M1_A07_S2_F0	A07	F0	S2	M1	HI	W15	SR_MINUS	146	1	100001	0.0085307657	0.00425	0.49819677968649406	49.86	157.66	0.9	iteration	1     100001  8.5307657E-03  4.25E-03   49.86  157.66*   0.90
C_W15_HI_M1_A07_S2_F0	fixed	W15_HI_M1_A07_S2_F0	A07	F0	S2	M1	HI	W15	SR_MINUS	147	2	100000	0.022885535	0.0113	0.4937616708545376	49.26	155.76	0.02	iteration	2     100000  2.2885535E-02  1.13E-02   49.26  155.76*   0.02
C_W15_HI_M1_A07_S2_F0	fixed	W15_HI_M1_A07_S2_F0	A07	F0	S2	M1	HI	W15	SR_MINUS	148	3	100008	0.015728197	0.00236	0.15004898527148408	14.98	47.39	0.03	iteration	3     100008  1.5728197E-02  2.36E-03   14.98   47.39*   0.03
C_W15_HI_M1_A07_S2_F0	fixed	W15_HI_M1_A07_S2_F0	A07	F0	S2	M1	HI	W15	SR_MINUS	149	4	100000	0.027816868	0.00464	0.1668052636263723	16.67	52.7	0.02	iteration	4     100000  2.7816868E-02  4.64E-03   16.67   52.70    0.02
C_W15_HI_M1_A07_S2_F0	fixed	W15_HI_M1_A07_S2_F0	A07	F0	S2	M1	HI	W15	SR_MINUS	150	5	99999	0.026759333	0.00273	0.10202048010688457	10.19	32.24	0.03	iteration	5      99999  2.6759333E-02  2.73E-03   10.19   32.24*   0.03
C_W15_HI_M1_A07_S2_F0	fixed	W15_HI_M1_A07_S2_F0	A07	F0	S2	M1	HI	W15	SR_MINUS	151	6	100000	0.024006047	0.00257	0.10705635959139795	10.71	33.85	0.05	iteration	6     100000  2.4006047E-02  2.57E-03   10.71   33.85    0.05
C_W15_HI_M1_A07_S2_F0	fixed	W15_HI_M1_A07_S2_F0	A07	F0	S2	M1	HI	W15	SR_MINUS	152	7	100006	0.028675693	0.00337	0.11752113540900302	11.75	37.16	0.07	iteration	7     100006  2.8675693E-02  3.37E-03   11.75   37.16    0.07
C_W15_HI_M1_A07_S2_F0	fixed	W15_HI_M1_A07_S2_F0	A07	F0	S2	M1	HI	W15	SR_MINUS	153	8	99998	0.027096417	0.0037	0.13654941906156817	13.65	43.16	0.03	iteration	8      99998  2.7096417E-02  3.70E-03   13.65   43.16    0.03
C_W15_HI_M1_A07_S2_F0	fixed	W15_HI_M1_A07_S2_F0	A07	F0	S2	M1	HI	W15	SR_MINUS	154	9	100005	0.024682413	0.00264	0.10695874832010954	10.69	33.82	0.05	iteration	9     100005  2.4682413E-02  2.64E-03   10.69   33.82*   0.05
C_W15_HI_M1_A07_S2_F0	fixed	W15_HI_M1_A07_S2_F0	A07	F0	S2	M1	HI	W15	SR_MINUS	155	10	99995	0.043714925	0.0203	0.46437229390191104	46.46	146.9	0.02	iteration	10      99995  4.3714925E-02  2.03E-02   46.46  146.90    0.02
C_W15_HI_M1_A07_S2_F0	fixed	W15_HI_M1_A07_S2_F0	A07	F0	S2	M1	HI	W15	SR_MINUS	157	10	1000012	0.022844374	0.00106	0.046400921294669745	4.66	46.59	0.02	aggregate	10    1000012  2.2844374E-02  1.06E-03    4.66   46.59    0.02    3.30  10
C_W15_HI_M1_A07_S2_F0	fixed	W15_HI_M1_A07_S2_F0	A07	F0	S2	M1	HI	W15	SR_MINUS	160	11	200000	0.031626494	0.00513	0.1622057759548055	16.21	72.5	0.05	iteration	11     200000  3.1626494E-02  5.13E-03   16.21   72.50*   0.05
C_W15_HI_M1_A07_S2_F0	fixed	W15_HI_M1_A07_S2_F0	A07	F0	S2	M1	HI	W15	SR_MINUS	161	12	200000	0.029882186	0.00379	0.12683141721961036	12.67	56.65	0.1	iteration	12     200000  2.9882186E-02  3.79E-03   12.67   56.65*   0.10
C_W15_HI_M1_A07_S2_F0	fixed	W15_HI_M1_A07_S2_F0	A07	F0	S2	M1	HI	W15	SR_MINUS	162	13	200000	0.026507433	0.00167	0.06300119668320957	6.31	28.22	0.04	iteration	13     200000  2.6507433E-02  1.67E-03    6.31   28.22*   0.04
C_W15_HI_M1_A07_S2_F0	fixed	W15_HI_M1_A07_S2_F0	A07	F0	S2	M1	HI	W15	SR_MINUS	164	13	600000	0.027432184	0.00147	0.05358669218608333	5.34	41.4	0.04	aggregate	13     600000  2.7432184E-02  1.47E-03    5.34   41.40    0.04    0.70   3
P_W15_HI_M1_A07_S3	adaptive	W15_HI_M1_A07_S3	A07		S3	M1	HI	W15	SR_MINUS	150	1	100005	0.031391906	0.0171	0.5447264017673856	54.42	172.08	0.9	iteration	1     100005  3.1391906E-02  1.71E-02   54.42  172.08*   0.90
P_W15_HI_M1_A07_S3	adaptive	W15_HI_M1_A07_S3	A07		S3	M1	HI	W15	SR_MINUS	151	2	100005	0.028810246	0.00615	0.21346572327081137	21.36	67.55	0.07	iteration	2     100005  2.8810246E-02  6.15E-03   21.36   67.55*   0.07
P_W15_HI_M1_A07_S3	adaptive	W15_HI_M1_A07_S3	A07		S3	M1	HI	W15	SR_MINUS	152	3	99997	0.023471589	0.00116	0.04942145161113719	4.94	15.62	0.22	iteration	3      99997  2.3471589E-02  1.16E-03    4.94   15.62*   0.22
P_W15_HI_M1_A07_S3	adaptive	W15_HI_M1_A07_S3	A07		S3	M1	HI	W15	SR_MINUS	153	4	99996	0.025061009	0.00102	0.040700675699051066	4.07	12.87	0.25	iteration	4      99996  2.5061009E-02  1.02E-03    4.07   12.87*   0.25
P_W15_HI_M1_A07_S3	adaptive	W15_HI_M1_A07_S3	A07		S3	M1	HI	W15	SR_MINUS	154	5	100000	0.023911805	0.000622	0.02601225628930982	2.6	8.23	0.39	iteration	5     100000  2.3911805E-02  6.22E-04    2.60    8.23*   0.39
P_W15_HI_M1_A07_S3	adaptive	W15_HI_M1_A07_S3	A07		S3	M1	HI	W15	SR_MINUS	155	6	100001	0.025544117	0.000767	0.030026483201591972	3.0	9.49	0.18	iteration	6     100001  2.5544117E-02  7.67E-04    3.00    9.49    0.18
P_W15_HI_M1_A07_S3	adaptive	W15_HI_M1_A07_S3	A07		S3	M1	HI	W15	SR_MINUS	156	7	100005	0.027441755	0.00253	0.0921952695809725	9.23	29.18	0.05	iteration	7     100005  2.7441755E-02  2.53E-03    9.23   29.18    0.05
P_W15_HI_M1_A07_S3	adaptive	W15_HI_M1_A07_S3	A07		S3	M1	HI	W15	SR_MINUS	157	8	100000	0.028720184	0.00246	0.08565404734175798	8.56	27.07	0.06	iteration	8     100000  2.8720184E-02  2.46E-03    8.56   27.07*   0.06
P_W15_HI_M1_A07_S3	adaptive	W15_HI_M1_A07_S3	A07		S3	M1	HI	W15	SR_MINUS	158	9	100002	0.024205951	0.000621	0.025654848264379287	2.57	8.11	0.18	iteration	9     100002  2.4205951E-02  6.21E-04    2.57    8.11*   0.18
P_W15_HI_M1_A07_S3	adaptive	W15_HI_M1_A07_S3	A07		S3	M1	HI	W15	SR_MINUS	159	10	100000	0.030977771	0.0064	0.2065997582589141	20.65	65.3	0.19	iteration	10     100000  3.0977771E-02  6.40E-03   20.65   65.30    0.19
P_W15_HI_M1_A07_S3	adaptive	W15_HI_M1_A07_S3	A07		S3	M1	HI	W15	SR_MINUS	161	10	1000011	0.024580678	0.000334	0.013587908356311407	1.36	13.59	0.19	aggregate	10    1000011  2.4580678E-02  3.34E-04    1.36   13.59    0.19    1.11  10
C_W15_HI_M1_A07_S3_F0	fixed	W15_HI_M1_A07_S3_F0	A07	F0	S3	M1	HI	W15	SR_MINUS	146	1	100005	0.031391906	0.0171	0.5447264017673856	54.42	172.08	0.9	iteration	1     100005  3.1391906E-02  1.71E-02   54.42  172.08*   0.90
C_W15_HI_M1_A07_S3_F0	fixed	W15_HI_M1_A07_S3_F0	A07	F0	S3	M1	HI	W15	SR_MINUS	147	2	100005	0.028810246	0.00615	0.21346572327081137	21.36	67.55	0.07	iteration	2     100005  2.8810246E-02  6.15E-03   21.36   67.55*   0.07
C_W15_HI_M1_A07_S3_F0	fixed	W15_HI_M1_A07_S3_F0	A07	F0	S3	M1	HI	W15	SR_MINUS	148	3	99997	0.023471589	0.00116	0.04942145161113719	4.94	15.62	0.22	iteration	3      99997  2.3471589E-02  1.16E-03    4.94   15.62*   0.22
C_W15_HI_M1_A07_S3_F0	fixed	W15_HI_M1_A07_S3_F0	A07	F0	S3	M1	HI	W15	SR_MINUS	149	4	99996	0.025061009	0.00102	0.040700675699051066	4.07	12.87	0.25	iteration	4      99996  2.5061009E-02  1.02E-03    4.07   12.87*   0.25
C_W15_HI_M1_A07_S3_F0	fixed	W15_HI_M1_A07_S3_F0	A07	F0	S3	M1	HI	W15	SR_MINUS	150	5	100000	0.023911805	0.000622	0.02601225628930982	2.6	8.23	0.39	iteration	5     100000  2.3911805E-02  6.22E-04    2.60    8.23*   0.39
C_W15_HI_M1_A07_S3_F0	fixed	W15_HI_M1_A07_S3_F0	A07	F0	S3	M1	HI	W15	SR_MINUS	151	6	100001	0.025544117	0.000767	0.030026483201591972	3.0	9.49	0.18	iteration	6     100001  2.5544117E-02  7.67E-04    3.00    9.49    0.18
C_W15_HI_M1_A07_S3_F0	fixed	W15_HI_M1_A07_S3_F0	A07	F0	S3	M1	HI	W15	SR_MINUS	152	7	100005	0.027441755	0.00253	0.0921952695809725	9.23	29.18	0.05	iteration	7     100005  2.7441755E-02  2.53E-03    9.23   29.18    0.05
C_W15_HI_M1_A07_S3_F0	fixed	W15_HI_M1_A07_S3_F0	A07	F0	S3	M1	HI	W15	SR_MINUS	153	8	100000	0.028720184	0.00246	0.08565404734175798	8.56	27.07	0.06	iteration	8     100000  2.8720184E-02  2.46E-03    8.56   27.07*   0.06
C_W15_HI_M1_A07_S3_F0	fixed	W15_HI_M1_A07_S3_F0	A07	F0	S3	M1	HI	W15	SR_MINUS	154	9	100002	0.024205951	0.000621	0.025654848264379287	2.57	8.11	0.18	iteration	9     100002  2.4205951E-02  6.21E-04    2.57    8.11*   0.18
C_W15_HI_M1_A07_S3_F0	fixed	W15_HI_M1_A07_S3_F0	A07	F0	S3	M1	HI	W15	SR_MINUS	155	10	100000	0.030977771	0.0064	0.2065997582589141	20.65	65.3	0.19	iteration	10     100000  3.0977771E-02  6.40E-03   20.65   65.30    0.19
C_W15_HI_M1_A07_S3_F0	fixed	W15_HI_M1_A07_S3_F0	A07	F0	S3	M1	HI	W15	SR_MINUS	157	10	1000011	0.024580678	0.000334	0.013587908356311407	1.36	13.59	0.19	aggregate	10    1000011  2.4580678E-02  3.34E-04    1.36   13.59    0.19    1.11  10
C_W15_HI_M1_A07_S3_F0	fixed	W15_HI_M1_A07_S3_F0	A07	F0	S3	M1	HI	W15	SR_MINUS	160	11	199998	0.024972998	0.000683	0.02734953969082927	2.74	12.23	0.1	iteration	11     199998  2.4972998E-02  6.83E-04    2.74   12.23*   0.10
C_W15_HI_M1_A07_S3_F0	fixed	W15_HI_M1_A07_S3_F0	A07	F0	S3	M1	HI	W15	SR_MINUS	161	12	199998	0.024811403	0.000497	0.020031112307514413	2.0	8.95	0.13	iteration	12     199998  2.4811403E-02  4.97E-04    2.00    8.95*   0.13
C_W15_HI_M1_A07_S3_F0	fixed	W15_HI_M1_A07_S3_F0	A07	F0	S3	M1	HI	W15	SR_MINUS	162	13	199998	0.028171859	0.00266	0.09442046405244325	9.43	42.17	0.02	iteration	13     199998  2.8171859E-02  2.66E-03    9.43   42.17    0.02
C_W15_HI_M1_A07_S3_F0	fixed	W15_HI_M1_A07_S3_F0	A07	F0	S3	M1	HI	W15	SR_MINUS	164	13	599994	0.024941144	0.000397	0.015917473552937267	1.59	12.33	0.02	aggregate	13     599994  2.4941144E-02  3.97E-04    1.59   12.33    0.02    0.77   3
P_W15_HI_M1_A07_S4	adaptive	W15_HI_M1_A07_S4	A07		S4	M1	HI	W15	SR_MINUS	150	1	99995	0.003735217	0.00185	0.49528581605834415	49.46	156.41	0.91	iteration	1      99995  3.7352170E-03  1.85E-03   49.46  156.41*   0.91
P_W15_HI_M1_A07_S4	adaptive	W15_HI_M1_A07_S4	A07		S4	M1	HI	W15	SR_MINUS	151	2	100001	0.032005673	0.00781	0.24401923996411512	24.39	77.12	0.1	iteration	2     100001  3.2005673E-02  7.81E-03   24.39   77.12*   0.10
P_W15_HI_M1_A07_S4	adaptive	W15_HI_M1_A07_S4	A07		S4	M1	HI	W15	SR_MINUS	152	3	100005	0.024528077	0.00146	0.05952362266312194	5.96	18.85	0.23	iteration	3     100005  2.4528077E-02  1.46E-03    5.96   18.85*   0.23
P_W15_HI_M1_A07_S4	adaptive	W15_HI_M1_A07_S4	A07		S4	M1	HI	W15	SR_MINUS	153	4	99999	0.02457092	0.00115	0.0468032943007425	4.68	14.8	0.16	iteration	4      99999  2.4570920E-02  1.15E-03    4.68   14.80*   0.16
P_W15_HI_M1_A07_S4	adaptive	W15_HI_M1_A07_S4	A07		S4	M1	HI	W15	SR_MINUS	154	5	100007	0.022678977	0.00058	0.025574345791699513	2.56	8.09	0.26	iteration	5     100007  2.2678977E-02  5.80E-04    2.56    8.09*   0.26
P_W15_HI_M1_A07_S4	adaptive	W15_HI_M1_A07_S4	A07		S4	M1	HI	W15	SR_MINUS	155	6	100001	0.025275531	0.000511	0.02021718158957768	2.02	6.39	0.24	iteration	6     100001  2.5275531E-02  5.11E-04    2.02    6.39*   0.24
P_W15_HI_M1_A07_S4	adaptive	W15_HI_M1_A07_S4	A07		S4	M1	HI	W15	SR_MINUS	156	7	99999	0.025110583	0.000483	0.019234917803381945	1.92	6.09	0.24	iteration	7      99999  2.5110583E-02  4.83E-04    1.92    6.09*   0.24
P_W15_HI_M1_A07_S4	adaptive	W15_HI_M1_A07_S4	A07		S4	M1	HI	W15	SR_MINUS	157	8	99997	0.027192907	0.0013	0.047806584268463834	4.79	15.13	0.08	iteration	8      99997  2.7192907E-02  1.30E-03    4.79   15.13    0.08
P_W15_HI_M1_A07_S4	adaptive	W15_HI_M1_A07_S4	A07		S4	M1	HI	W15	SR_MINUS	158	9	100002	0.025777236	0.000981	0.03805683433243193	3.81	12.04	0.09	iteration	9     100002  2.5777236E-02  9.81E-04    3.81   12.04*   0.09
P_W15_HI_M1_A07_S4	adaptive	W15_HI_M1_A07_S4	A07		S4	M1	HI	W15	SR_MINUS	159	10	100002	0.025828992	0.00108	0.041813478435395394	4.17	13.2	0.09	iteration	10     100002  2.5828992E-02  1.08E-03    4.17   13.20    0.09
P_W15_HI_M1_A07_S4	adaptive	W15_HI_M1_A07_S4	A07		S4	M1	HI	W15	SR_MINUS	161	10	1000008	0.024390426	0.000257	0.010536921331345341	1.05	10.55	0.09	aggregate	10    1000008  2.4390426E-02  2.57E-04    1.05   10.55    0.09   16.48  10
C_W15_HI_M1_A07_S4_F0	fixed	W15_HI_M1_A07_S4_F0	A07	F0	S4	M1	HI	W15	SR_MINUS	146	1	99995	0.003735217	0.00185	0.49528581605834415	49.46	156.41	0.91	iteration	1      99995  3.7352170E-03  1.85E-03   49.46  156.41*   0.91
C_W15_HI_M1_A07_S4_F0	fixed	W15_HI_M1_A07_S4_F0	A07	F0	S4	M1	HI	W15	SR_MINUS	147	2	100001	0.032005673	0.00781	0.24401923996411512	24.39	77.12	0.1	iteration	2     100001  3.2005673E-02  7.81E-03   24.39   77.12*   0.10
C_W15_HI_M1_A07_S4_F0	fixed	W15_HI_M1_A07_S4_F0	A07	F0	S4	M1	HI	W15	SR_MINUS	148	3	100005	0.024528077	0.00146	0.05952362266312194	5.96	18.85	0.23	iteration	3     100005  2.4528077E-02  1.46E-03    5.96   18.85*   0.23
C_W15_HI_M1_A07_S4_F0	fixed	W15_HI_M1_A07_S4_F0	A07	F0	S4	M1	HI	W15	SR_MINUS	149	4	99999	0.02457092	0.00115	0.0468032943007425	4.68	14.8	0.16	iteration	4      99999  2.4570920E-02  1.15E-03    4.68   14.80*   0.16
C_W15_HI_M1_A07_S4_F0	fixed	W15_HI_M1_A07_S4_F0	A07	F0	S4	M1	HI	W15	SR_MINUS	150	5	100007	0.022678977	0.00058	0.025574345791699513	2.56	8.09	0.26	iteration	5     100007  2.2678977E-02  5.80E-04    2.56    8.09*   0.26
C_W15_HI_M1_A07_S4_F0	fixed	W15_HI_M1_A07_S4_F0	A07	F0	S4	M1	HI	W15	SR_MINUS	151	6	100001	0.025275531	0.000511	0.02021718158957768	2.02	6.39	0.24	iteration	6     100001  2.5275531E-02  5.11E-04    2.02    6.39*   0.24
C_W15_HI_M1_A07_S4_F0	fixed	W15_HI_M1_A07_S4_F0	A07	F0	S4	M1	HI	W15	SR_MINUS	152	7	99999	0.025110583	0.000483	0.019234917803381945	1.92	6.09	0.24	iteration	7      99999  2.5110583E-02  4.83E-04    1.92    6.09*   0.24
C_W15_HI_M1_A07_S4_F0	fixed	W15_HI_M1_A07_S4_F0	A07	F0	S4	M1	HI	W15	SR_MINUS	153	8	99997	0.027192907	0.0013	0.047806584268463834	4.79	15.13	0.08	iteration	8      99997  2.7192907E-02  1.30E-03    4.79   15.13    0.08
C_W15_HI_M1_A07_S4_F0	fixed	W15_HI_M1_A07_S4_F0	A07	F0	S4	M1	HI	W15	SR_MINUS	154	9	100002	0.025777236	0.000981	0.03805683433243193	3.81	12.04	0.09	iteration	9     100002  2.5777236E-02  9.81E-04    3.81   12.04*   0.09
C_W15_HI_M1_A07_S4_F0	fixed	W15_HI_M1_A07_S4_F0	A07	F0	S4	M1	HI	W15	SR_MINUS	155	10	100002	0.025828992	0.00108	0.041813478435395394	4.17	13.2	0.09	iteration	10     100002  2.5828992E-02  1.08E-03    4.17   13.20    0.09
C_W15_HI_M1_A07_S4_F0	fixed	W15_HI_M1_A07_S4_F0	A07	F0	S4	M1	HI	W15	SR_MINUS	157	10	1000008	0.024390426	0.000257	0.010536921331345341	1.05	10.55	0.09	aggregate	10    1000008  2.4390426E-02  2.57E-04    1.05   10.55    0.09   16.48  10
C_W15_HI_M1_A07_S4_F0	fixed	W15_HI_M1_A07_S4_F0	A07	F0	S4	M1	HI	W15	SR_MINUS	160	11	200000	0.025366138	0.000434	0.017109423594557437	1.71	7.66	0.15	iteration	11     200000  2.5366138E-02  4.34E-04    1.71    7.66*   0.15
C_W15_HI_M1_A07_S4_F0	fixed	W15_HI_M1_A07_S4_F0	A07	F0	S4	M1	HI	W15	SR_MINUS	161	12	200000	0.025151771	0.000467	0.01856728100776681	1.86	8.3	0.14	iteration	12     200000  2.5151771E-02  4.67E-04    1.86    8.30    0.14
C_W15_HI_M1_A07_S4_F0	fixed	W15_HI_M1_A07_S4_F0	A07	F0	S4	M1	HI	W15	SR_MINUS	162	13	200000	0.02440627	0.000367	0.015037119559850808	1.5	6.72	0.2	iteration	13     200000  2.4406270E-02  3.67E-04    1.50    6.72*   0.20
C_W15_HI_M1_A07_S4_F0	fixed	W15_HI_M1_A07_S4_F0	A07	F0	S4	M1	HI	W15	SR_MINUS	164	13	600000	0.02489755	0.00024	0.009639502681990798	0.97	7.48	0.2	aggregate	13     600000  2.4897550E-02  2.40E-04    0.97    7.48    0.20    1.63   3
P_W15_HI_M1_A07_S5	adaptive	W15_HI_M1_A07_S5	A07		S5	M1	HI	W15	SR_MINUS	150	1	99995	0.0090210323	0.00387	0.4289974662877551	42.86	135.54	0.91	iteration	1      99995  9.0210323E-03  3.87E-03   42.86  135.54*   0.91
P_W15_HI_M1_A07_S5	adaptive	W15_HI_M1_A07_S5	A07		S5	M1	HI	W15	SR_MINUS	151	2	100002	0.026767902	0.00858	0.3205331519818027	32.06	101.38	0.04	iteration	2     100002  2.6767902E-02  8.58E-03   32.06  101.38*   0.04
P_W15_HI_M1_A07_S5	adaptive	W15_HI_M1_A07_S5	A07		S5	M1	HI	W15	SR_MINUS	152	3	100002	0.018232383	0.00324	0.1777057886508856	17.77	56.19	0.04	iteration	3     100002  1.8232383E-02  3.24E-03   17.77   56.19*   0.04
P_W15_HI_M1_A07_S5	adaptive	W15_HI_M1_A07_S5	A07		S5	M1	HI	W15	SR_MINUS	153	4	100000	0.024147452	0.00292	0.1209237314148093	12.09	38.24	0.06	iteration	4     100000  2.4147452E-02  2.92E-03   12.09   38.24*   0.06
P_W15_HI_M1_A07_S5	adaptive	W15_HI_M1_A07_S5	A07		S5	M1	HI	W15	SR_MINUS	154	5	100001	0.020726086	0.00132	0.06368785693545805	6.36	20.12	0.1	iteration	5     100001  2.0726086E-02  1.32E-03    6.36   20.12*   0.10
P_W15_HI_M1_A07_S5	adaptive	W15_HI_M1_A07_S5	A07		S5	M1	HI	W15	SR_MINUS	155	6	100000	0.0275521	0.0028	0.10162564740981632	10.17	32.16	0.07	iteration	6     100000  2.7552100E-02  2.80E-03   10.17   32.16    0.07
P_W15_HI_M1_A07_S5	adaptive	W15_HI_M1_A07_S5	A07		S5	M1	HI	W15	SR_MINUS	156	7	100005	0.025476887	0.00114	0.04474644017536365	4.46	14.12	0.14	iteration	7     100005  2.5476887E-02  1.14E-03    4.46   14.12*   0.14
P_W15_HI_M1_A07_S5	adaptive	W15_HI_M1_A07_S5	A07		S5	M1	HI	W15	SR_MINUS	157	8	99998	0.039912829	0.0155	0.3883463134121613	38.83	122.79	0.24	iteration	8      99998  3.9912829E-02  1.55E-02   38.83  122.79    0.24
P_W15_HI_M1_A07_S5	adaptive	W15_HI_M1_A07_S5	A07		S5	M1	HI	W15	SR_MINUS	158	9	100003	0.024926412	0.000572	0.022947546562256938	2.29	7.26	0.27	iteration	9     100003  2.4926412E-02  5.72E-04    2.29    7.26*   0.27
P_W15_HI_M1_A07_S5	adaptive	W15_HI_M1_A07_S5	A07		S5	M1	HI	W15	SR_MINUS	159	10	99998	0.025490529	0.00045	0.01765361558404692	1.76	5.58	0.38	iteration	10      99998  2.5490529E-02  4.50E-04    1.76    5.58*   0.38
P_W15_HI_M1_A07_S5	adaptive	W15_HI_M1_A07_S5	A07		S5	M1	HI	W15	SR_MINUS	161	10	1000004	0.024867772	0.00032	0.012868060717301092	1.29	12.86	0.38	aggregate	10    1000004  2.4867772E-02  3.20E-04    1.29   12.86    0.38    3.89  10
C_W15_HI_M1_A07_S5_F0	fixed	W15_HI_M1_A07_S5_F0	A07	F0	S5	M1	HI	W15	SR_MINUS	146	1	99995	0.0090210323	0.00387	0.4289974662877551	42.86	135.54	0.91	iteration	1      99995  9.0210323E-03  3.87E-03   42.86  135.54*   0.91
C_W15_HI_M1_A07_S5_F0	fixed	W15_HI_M1_A07_S5_F0	A07	F0	S5	M1	HI	W15	SR_MINUS	147	2	100002	0.026767902	0.00858	0.3205331519818027	32.06	101.38	0.04	iteration	2     100002  2.6767902E-02  8.58E-03   32.06  101.38*   0.04
C_W15_HI_M1_A07_S5_F0	fixed	W15_HI_M1_A07_S5_F0	A07	F0	S5	M1	HI	W15	SR_MINUS	148	3	100002	0.018232383	0.00324	0.1777057886508856	17.77	56.19	0.04	iteration	3     100002  1.8232383E-02  3.24E-03   17.77   56.19*   0.04
C_W15_HI_M1_A07_S5_F0	fixed	W15_HI_M1_A07_S5_F0	A07	F0	S5	M1	HI	W15	SR_MINUS	149	4	100000	0.024147452	0.00292	0.1209237314148093	12.09	38.24	0.06	iteration	4     100000  2.4147452E-02  2.92E-03   12.09   38.24*   0.06
C_W15_HI_M1_A07_S5_F0	fixed	W15_HI_M1_A07_S5_F0	A07	F0	S5	M1	HI	W15	SR_MINUS	150	5	100001	0.020726086	0.00132	0.06368785693545805	6.36	20.12	0.1	iteration	5     100001  2.0726086E-02  1.32E-03    6.36   20.12*   0.10
C_W15_HI_M1_A07_S5_F0	fixed	W15_HI_M1_A07_S5_F0	A07	F0	S5	M1	HI	W15	SR_MINUS	151	6	100000	0.0275521	0.0028	0.10162564740981632	10.17	32.16	0.07	iteration	6     100000  2.7552100E-02  2.80E-03   10.17   32.16    0.07
C_W15_HI_M1_A07_S5_F0	fixed	W15_HI_M1_A07_S5_F0	A07	F0	S5	M1	HI	W15	SR_MINUS	152	7	100005	0.025476887	0.00114	0.04474644017536365	4.46	14.12	0.14	iteration	7     100005  2.5476887E-02  1.14E-03    4.46   14.12*   0.14
C_W15_HI_M1_A07_S5_F0	fixed	W15_HI_M1_A07_S5_F0	A07	F0	S5	M1	HI	W15	SR_MINUS	153	8	99998	0.039912829	0.0155	0.3883463134121613	38.83	122.79	0.24	iteration	8      99998  3.9912829E-02  1.55E-02   38.83  122.79    0.24
C_W15_HI_M1_A07_S5_F0	fixed	W15_HI_M1_A07_S5_F0	A07	F0	S5	M1	HI	W15	SR_MINUS	154	9	100003	0.024926412	0.000572	0.022947546562256938	2.29	7.26	0.27	iteration	9     100003  2.4926412E-02  5.72E-04    2.29    7.26*   0.27
C_W15_HI_M1_A07_S5_F0	fixed	W15_HI_M1_A07_S5_F0	A07	F0	S5	M1	HI	W15	SR_MINUS	155	10	99998	0.025490529	0.00045	0.01765361558404692	1.76	5.58	0.38	iteration	10      99998  2.5490529E-02  4.50E-04    1.76    5.58*   0.38
C_W15_HI_M1_A07_S5_F0	fixed	W15_HI_M1_A07_S5_F0	A07	F0	S5	M1	HI	W15	SR_MINUS	157	10	1000004	0.024867772	0.00032	0.012868060717301092	1.29	12.86	0.38	aggregate	10    1000004  2.4867772E-02  3.20E-04    1.29   12.86    0.38    3.89  10
C_W15_HI_M1_A07_S5_F0	fixed	W15_HI_M1_A07_S5_F0	A07	F0	S5	M1	HI	W15	SR_MINUS	160	11	200001	0.025694957	0.000736	0.02864375293564414	2.86	12.81	0.08	iteration	11     200001  2.5694957E-02  7.36E-04    2.86   12.81    0.08
C_W15_HI_M1_A07_S5_F0	fixed	W15_HI_M1_A07_S5_F0	A07	F0	S5	M1	HI	W15	SR_MINUS	161	12	200001	0.037051171	0.011	0.29688670298706615	29.63	132.5	0.01	iteration	12     200001  3.7051171E-02  1.10E-02   29.63  132.50    0.01
C_W15_HI_M1_A07_S5_F0	fixed	W15_HI_M1_A07_S5_F0	A07	F0	S5	M1	HI	W15	SR_MINUS	162	13	200001	0.035911711	0.00888	0.24727309706853012	24.73	110.6	0.01	iteration	13     200001  3.5911711E-02  8.88E-03   24.73  110.60*   0.01
C_W15_HI_M1_A07_S5_F0	fixed	W15_HI_M1_A07_S5_F0	A07	F0	S5	M1	HI	W15	SR_MINUS	164	13	600003	0.025814758	0.000732	0.02835587302426	2.83	21.96	0.01	aggregate	13     600003  2.5814758E-02  7.32E-04    2.83   21.96    0.01    1.18   3
P_W15_HI_M1_A07_S6	adaptive	W15_HI_M1_A07_S6	A07		S6	M1	HI	W15	SR_MINUS	150	1	100001	0.0033695585	0.0018	0.5341946133299066	53.44	169.0	0.89	iteration	1     100001  3.3695585E-03  1.80E-03   53.44  169.00*   0.89
P_W15_HI_M1_A07_S6	adaptive	W15_HI_M1_A07_S6	A07		S6	M1	HI	W15	SR_MINUS	151	2	99999	0.010362866	0.00566	0.546180950327834	54.61	172.68	0.12	iteration	2      99999  1.0362866E-02  5.66E-03   54.61  172.68    0.12
P_W15_HI_M1_A07_S6	adaptive	W15_HI_M1_A07_S6	A07		S6	M1	HI	W15	SR_MINUS	152	3	100004	0.023228252	0.00798	0.34354715972600947	34.37	108.68	0.03	iteration	3     100004  2.3228252E-02  7.98E-03   34.37  108.68*   0.03
P_W15_HI_M1_A07_S6	adaptive	W15_HI_M1_A07_S6	A07		S6	M1	HI	W15	SR_MINUS	153	4	100001	0.017400094	0.00529	0.3040213460915786	30.39	96.12	0.02	iteration	4     100001  1.7400094E-02  5.29E-03   30.39   96.12*   0.02
P_W15_HI_M1_A07_S6	adaptive	W15_HI_M1_A07_S6	A07		S6	M1	HI	W15	SR_MINUS	154	5	100004	0.014017463	0.0025	0.17834896371761422	17.81	56.34	0.04	iteration	5     100004  1.4017463E-02  2.50E-03   17.81   56.34*   0.04
P_W15_HI_M1_A07_S6	adaptive	W15_HI_M1_A07_S6	A07		S6	M1	HI	W15	SR_MINUS	155	6	100001	0.023276967	0.00303	0.13017159838736722	13.03	41.19	0.06	iteration	6     100001  2.3276967E-02  3.03E-03   13.03   41.19*   0.06
P_W15_HI_M1_A07_S6	adaptive	W15_HI_M1_A07_S6	A07		S6	M1	HI	W15	SR_MINUS	156	7	99996	0.024335608	0.00292	0.11998878351426435	12.0	37.96	0.04	iteration	7      99996  2.4335608E-02  2.92E-03   12.00   37.96*   0.04
P_W15_HI_M1_A07_S6	adaptive	W15_HI_M1_A07_S6	A07		S6	M1	HI	W15	SR_MINUS	157	8	99998	0.022394121	0.00125	0.05581822121975674	5.56	17.58	0.08	iteration	8      99998  2.2394121E-02  1.25E-03    5.56   17.58*   0.08
P_W15_HI_M1_A07_S6	adaptive	W15_HI_M1_A07_S6	A07		S6	M1	HI	W15	SR_MINUS	158	9	100000	0.025872051	0.000959	0.03706702649898147	3.71	11.72	0.17	iteration	9     100000  2.5872051E-02  9.59E-04    3.71   11.72*   0.17
P_W15_HI_M1_A07_S6	adaptive	W15_HI_M1_A07_S6	A07		S6	M1	HI	W15	SR_MINUS	159	10	100001	0.032464682	0.00802	0.24703768852564145	24.71	78.15	0.29	iteration	10     100001  3.2464682E-02  8.02E-03   24.71   78.15    0.29
P_W15_HI_M1_A07_S6	adaptive	W15_HI_M1_A07_S6	A07		S6	M1	HI	W15	SR_MINUS	161	10	1000005	0.021012225	0.000629	0.02993495453242101	2.99	29.95	0.29	aggregate	10    1000005  2.1012225E-02  6.29E-04    2.99   29.95    0.29   15.41  10
C_W15_HI_M1_A07_S6_F0	fixed	W15_HI_M1_A07_S6_F0	A07	F0	S6	M1	HI	W15	SR_MINUS	146	1	100001	0.0033695585	0.0018	0.5341946133299066	53.44	169.0	0.89	iteration	1     100001  3.3695585E-03  1.80E-03   53.44  169.00*   0.89
C_W15_HI_M1_A07_S6_F0	fixed	W15_HI_M1_A07_S6_F0	A07	F0	S6	M1	HI	W15	SR_MINUS	147	2	99999	0.010362866	0.00566	0.546180950327834	54.61	172.68	0.12	iteration	2      99999  1.0362866E-02  5.66E-03   54.61  172.68    0.12
C_W15_HI_M1_A07_S6_F0	fixed	W15_HI_M1_A07_S6_F0	A07	F0	S6	M1	HI	W15	SR_MINUS	148	3	100004	0.023228252	0.00798	0.34354715972600947	34.37	108.68	0.03	iteration	3     100004  2.3228252E-02  7.98E-03   34.37  108.68*   0.03
C_W15_HI_M1_A07_S6_F0	fixed	W15_HI_M1_A07_S6_F0	A07	F0	S6	M1	HI	W15	SR_MINUS	149	4	100001	0.017400094	0.00529	0.3040213460915786	30.39	96.12	0.02	iteration	4     100001  1.7400094E-02  5.29E-03   30.39   96.12*   0.02
C_W15_HI_M1_A07_S6_F0	fixed	W15_HI_M1_A07_S6_F0	A07	F0	S6	M1	HI	W15	SR_MINUS	150	5	100004	0.014017463	0.0025	0.17834896371761422	17.81	56.34	0.04	iteration	5     100004  1.4017463E-02  2.50E-03   17.81   56.34*   0.04
C_W15_HI_M1_A07_S6_F0	fixed	W15_HI_M1_A07_S6_F0	A07	F0	S6	M1	HI	W15	SR_MINUS	151	6	100001	0.023276967	0.00303	0.13017159838736722	13.03	41.19	0.06	iteration	6     100001  2.3276967E-02  3.03E-03   13.03   41.19*   0.06
C_W15_HI_M1_A07_S6_F0	fixed	W15_HI_M1_A07_S6_F0	A07	F0	S6	M1	HI	W15	SR_MINUS	152	7	99996	0.024335608	0.00292	0.11998878351426435	12.0	37.96	0.04	iteration	7      99996  2.4335608E-02  2.92E-03   12.00   37.96*   0.04
C_W15_HI_M1_A07_S6_F0	fixed	W15_HI_M1_A07_S6_F0	A07	F0	S6	M1	HI	W15	SR_MINUS	153	8	99998	0.022394121	0.00125	0.05581822121975674	5.56	17.58	0.08	iteration	8      99998  2.2394121E-02  1.25E-03    5.56   17.58*   0.08
C_W15_HI_M1_A07_S6_F0	fixed	W15_HI_M1_A07_S6_F0	A07	F0	S6	M1	HI	W15	SR_MINUS	154	9	100000	0.025872051	0.000959	0.03706702649898147	3.71	11.72	0.17	iteration	9     100000  2.5872051E-02  9.59E-04    3.71   11.72*   0.17
C_W15_HI_M1_A07_S6_F0	fixed	W15_HI_M1_A07_S6_F0	A07	F0	S6	M1	HI	W15	SR_MINUS	155	10	100001	0.032464682	0.00802	0.24703768852564145	24.71	78.15	0.29	iteration	10     100001  3.2464682E-02  8.02E-03   24.71   78.15    0.29
C_W15_HI_M1_A07_S6_F0	fixed	W15_HI_M1_A07_S6_F0	A07	F0	S6	M1	HI	W15	SR_MINUS	157	10	1000005	0.021012225	0.000629	0.02993495453242101	2.99	29.95	0.29	aggregate	10    1000005  2.1012225E-02  6.29E-04    2.99   29.95    0.29   15.41  10
C_W15_HI_M1_A07_S6_F0	fixed	W15_HI_M1_A07_S6_F0	A07	F0	S6	M1	HI	W15	SR_MINUS	160	11	200004	0.028224704	0.00244	0.08644909083900401	8.65	38.66	0.23	iteration	11     200004  2.8224704E-02  2.44E-03    8.65   38.66*   0.23
C_W15_HI_M1_A07_S6_F0	fixed	W15_HI_M1_A07_S6_F0	A07	F0	S6	M1	HI	W15	SR_MINUS	161	12	200004	0.025711502	0.000377	0.014662698429675559	1.47	6.56	0.26	iteration	12     200004  2.5711502E-02  3.77E-04    1.47    6.56*   0.26
C_W15_HI_M1_A07_S6_F0	fixed	W15_HI_M1_A07_S6_F0	A07	F0	S6	M1	HI	W15	SR_MINUS	162	13	200004	0.025945387	0.000427	0.0164576462089388	1.65	7.37	0.18	iteration	13     200004  2.5945387E-02  4.27E-04    1.65    7.37    0.18
C_W15_HI_M1_A07_S6_F0	fixed	W15_HI_M1_A07_S6_F0	A07	F0	S6	M1	HI	W15	SR_MINUS	164	13	600012	0.025845777	0.000281	0.0108721823298251	1.09	8.42	0.18	aggregate	13     600012  2.5845777E-02  2.81E-04    1.09    8.42    0.18    0.57   3
P_W15_HI_M1_A07_S7	adaptive	W15_HI_M1_A07_S7	A07		S7	M1	HI	W15	SR_MINUS	150	1	100002	0.032498323	0.0149	0.4584851962976674	45.88	145.07	0.9	iteration	1     100002  3.2498323E-02  1.49E-02   45.88  145.07*   0.90
P_W15_HI_M1_A07_S7	adaptive	W15_HI_M1_A07_S7	A07		S7	M1	HI	W15	SR_MINUS	151	2	100000	0.029805078	0.0101	0.33886843040638914	33.73	106.66	0.04	iteration	2     100000  2.9805078E-02  1.01E-02   33.73  106.66*   0.04
P_W15_HI_M1_A07_S7	adaptive	W15_HI_M1_A07_S7	A07		S7	M1	HI	W15	SR_MINUS	152	3	100000	0.036574448	0.00908	0.24826075297158276	24.82	78.48	0.03	iteration	3     100000  3.6574448E-02  9.08E-03   24.82   78.48*   0.03
P_W15_HI_M1_A07_S7	adaptive	W15_HI_M1_A07_S7	A07		S7	M1	HI	W15	SR_MINUS	153	4	99999	0.024734968	0.00502	0.20295154616735306	20.31	64.21	0.03	iteration	4      99999  2.4734968E-02  5.02E-03   20.31   64.21*   0.03
P_W15_HI_M1_A07_S7	adaptive	W15_HI_M1_A07_S7	A07		S7	M1	HI	W15	SR_MINUS	154	5	99999	0.035554333	0.00914	0.2570713392373301	25.7	81.27	0.02	iteration	5      99999  3.5554333E-02  9.14E-03   25.70   81.27    0.02
P_W15_HI_M1_A07_S7	adaptive	W15_HI_M1_A07_S7	A07		S7	M1	HI	W15	SR_MINUS	155	6	100002	0.024908906	0.00128	0.051387242779751145	5.12	16.2	0.09	iteration	6     100002  2.4908906E-02  1.28E-03    5.12   16.20*   0.09
P_W15_HI_M1_A07_S7	adaptive	W15_HI_M1_A07_S7	A07		S7	M1	HI	W15	SR_MINUS	156	7	99998	0.025336383	0.000977	0.03856114742187154	3.86	12.2	0.09	iteration	7      99998  2.5336383E-02  9.77E-04    3.86   12.20*   0.09
P_W15_HI_M1_A07_S7	adaptive	W15_HI_M1_A07_S7	A07		S7	M1	HI	W15	SR_MINUS	157	8	100000	0.046083993	0.0197	0.4274803183830012	42.75	135.2	0.17	iteration	8     100000  4.6083993E-02  1.97E-02   42.75  135.20    0.17
P_W15_HI_M1_A07_S7	adaptive	W15_HI_M1_A07_S7	A07		S7	M1	HI	W15	SR_MINUS	158	9	99998	0.024706614	0.000652	0.02638969467851807	2.64	8.35	0.19	iteration	9      99998  2.4706614E-02  6.52E-04    2.64    8.35*   0.19
P_W15_HI_M1_A07_S7	adaptive	W15_HI_M1_A07_S7	A07		S7	M1	HI	W15	SR_MINUS	159	10	99999	0.038346516	0.011	0.28685787256396383	28.71	90.78	0.03	iteration	10      99999  3.8346516E-02  1.10E-02   28.71   90.78    0.03
P_W15_HI_M1_A07_S7	adaptive	W15_HI_M1_A07_S7	A07		S7	M1	HI	W15	SR_MINUS	161	10	999997	0.025026598	0.000494	0.01973899928388189	1.97	19.74	0.03	aggregate	10     999997  2.5026598E-02  4.94E-04    1.97   19.74    0.03    0.71  10
C_W15_HI_M1_A07_S7_F0	fixed	W15_HI_M1_A07_S7_F0	A07	F0	S7	M1	HI	W15	SR_MINUS	146	1	100002	0.032498323	0.0149	0.4584851962976674	45.88	145.07	0.9	iteration	1     100002  3.2498323E-02  1.49E-02   45.88  145.07*   0.90
C_W15_HI_M1_A07_S7_F0	fixed	W15_HI_M1_A07_S7_F0	A07	F0	S7	M1	HI	W15	SR_MINUS	147	2	100000	0.029805078	0.0101	0.33886843040638914	33.73	106.66	0.04	iteration	2     100000  2.9805078E-02  1.01E-02   33.73  106.66*   0.04
C_W15_HI_M1_A07_S7_F0	fixed	W15_HI_M1_A07_S7_F0	A07	F0	S7	M1	HI	W15	SR_MINUS	148	3	100000	0.036574448	0.00908	0.24826075297158276	24.82	78.48	0.03	iteration	3     100000  3.6574448E-02  9.08E-03   24.82   78.48*   0.03
C_W15_HI_M1_A07_S7_F0	fixed	W15_HI_M1_A07_S7_F0	A07	F0	S7	M1	HI	W15	SR_MINUS	149	4	99999	0.024734968	0.00502	0.20295154616735306	20.31	64.21	0.03	iteration	4      99999  2.4734968E-02  5.02E-03   20.31   64.21*   0.03
C_W15_HI_M1_A07_S7_F0	fixed	W15_HI_M1_A07_S7_F0	A07	F0	S7	M1	HI	W15	SR_MINUS	150	5	99999	0.035554333	0.00914	0.2570713392373301	25.7	81.27	0.02	iteration	5      99999  3.5554333E-02  9.14E-03   25.70   81.27    0.02
C_W15_HI_M1_A07_S7_F0	fixed	W15_HI_M1_A07_S7_F0	A07	F0	S7	M1	HI	W15	SR_MINUS	151	6	100002	0.024908906	0.00128	0.051387242779751145	5.12	16.2	0.09	iteration	6     100002  2.4908906E-02  1.28E-03    5.12   16.20*   0.09
C_W15_HI_M1_A07_S7_F0	fixed	W15_HI_M1_A07_S7_F0	A07	F0	S7	M1	HI	W15	SR_MINUS	152	7	99998	0.025336383	0.000977	0.03856114742187154	3.86	12.2	0.09	iteration	7      99998  2.5336383E-02  9.77E-04    3.86   12.20*   0.09
C_W15_HI_M1_A07_S7_F0	fixed	W15_HI_M1_A07_S7_F0	A07	F0	S7	M1	HI	W15	SR_MINUS	153	8	100000	0.046083993	0.0197	0.4274803183830012	42.75	135.2	0.17	iteration	8     100000  4.6083993E-02  1.97E-02   42.75  135.20    0.17
C_W15_HI_M1_A07_S7_F0	fixed	W15_HI_M1_A07_S7_F0	A07	F0	S7	M1	HI	W15	SR_MINUS	154	9	99998	0.024706614	0.000652	0.02638969467851807	2.64	8.35	0.19	iteration	9      99998  2.4706614E-02  6.52E-04    2.64    8.35*   0.19
C_W15_HI_M1_A07_S7_F0	fixed	W15_HI_M1_A07_S7_F0	A07	F0	S7	M1	HI	W15	SR_MINUS	155	10	99999	0.038346516	0.011	0.28685787256396383	28.71	90.78	0.03	iteration	10      99999  3.8346516E-02  1.10E-02   28.71   90.78    0.03
C_W15_HI_M1_A07_S7_F0	fixed	W15_HI_M1_A07_S7_F0	A07	F0	S7	M1	HI	W15	SR_MINUS	157	10	999997	0.025026598	0.000494	0.01973899928388189	1.97	19.74	0.03	aggregate	10     999997  2.5026598E-02  4.94E-04    1.97   19.74    0.03    0.71  10
C_W15_HI_M1_A07_S7_F0	fixed	W15_HI_M1_A07_S7_F0	A07	F0	S7	M1	HI	W15	SR_MINUS	160	11	200001	0.025896095	0.000921	0.035565207804497165	3.56	15.9	0.08	iteration	11     200001  2.5896095E-02  9.21E-04    3.56   15.90*   0.08
C_W15_HI_M1_A07_S7_F0	fixed	W15_HI_M1_A07_S7_F0	A07	F0	S7	M1	HI	W15	SR_MINUS	161	12	200001	0.026630456	0.00127	0.04768975792228267	4.77	21.33	0.13	iteration	12     200001  2.6630456E-02  1.27E-03    4.77   21.33    0.13
C_W15_HI_M1_A07_S7_F0	fixed	W15_HI_M1_A07_S7_F0	A07	F0	S7	M1	HI	W15	SR_MINUS	162	13	200001	0.025364261	0.000735	0.028977780980884875	2.9	12.96	0.12	iteration	13     200001  2.5364261E-02  7.35E-04    2.90   12.96*   0.12
C_W15_HI_M1_A07_S7_F0	fixed	W15_HI_M1_A07_S7_F0	A07	F0	S7	M1	HI	W15	SR_MINUS	164	13	600003	0.025751244	0.000524	0.020348531511720367	2.03	15.75	0.12	aggregate	13     600003  2.5751244E-02  5.24E-04    2.03   15.75    0.12    0.39   3
P_W15_HI_M2_A10_S0	adaptive	W15_HI_M2_A10_S0	A10		S0	M2	HI	W15	SR_MINUS	150	1	999987	0.022455837	0.00447	0.1990573764852319	19.91	199.08	0.15	iteration	1     999987  2.2455837E-02  4.47E-03   19.91  199.08*   0.15
P_W15_HI_M2_A10_S0	adaptive	W15_HI_M2_A10_S0	A10		S0	M2	HI	W15	SR_MINUS	152	1	999987	0.022455837	0.00447	0.1990573764852319	19.91	199.08	0.15	iteration	1     999987  2.2455837E-02  4.47E-03   19.91  199.08    0.15
C_W15_HI_M2_A10_S0_F2	fixed	W15_HI_M2_A10_S0_F2	A10	F2	S0	M2	HI	W15	SR_MINUS	146	1	999987	0.022455837	0.00447	0.1990573764852319	19.91	199.08	0.15	iteration	1     999987  2.2455837E-02  4.47E-03   19.91  199.08*   0.15
C_W15_HI_M2_A10_S0_F2	fixed	W15_HI_M2_A10_S0_F2	A10	F2	S0	M2	HI	W15	SR_MINUS	148	1	999987	0.022455837	0.00447	0.1990573764852319	19.91	199.08	0.15	iteration	1     999987  2.2455837E-02  4.47E-03   19.91  199.08    0.15
C_W15_HI_M2_A10_S0_F2	fixed	W15_HI_M2_A10_S0_F2	A10	F2	S0	M2	HI	W15	SR_MINUS	151	2	2000006	0.026344657	0.00154	0.05845587589164664	5.84	82.66	0.02	iteration	2    2000006  2.6344657E-02  1.54E-03    5.84   82.66*   0.02
C_W15_HI_M2_A10_S0_F2	fixed	W15_HI_M2_A10_S0_F2	A10	F2	S0	M2	HI	W15	SR_MINUS	153	2	2000006	0.026344657	0.00154	0.05845587589164664	5.84	82.66	0.02	iteration	2    2000006  2.6344657E-02  1.54E-03    5.84   82.66    0.02
P_W15_HI_M2_A10_S1	adaptive	W15_HI_M2_A10_S1	A10		S1	M2	HI	W15	SR_MINUS	150	1	1000004	0.02360841	0.00539	0.22830847143030808	22.84	228.43	0.15	iteration	1    1000004  2.3608410E-02  5.39E-03   22.84  228.43*   0.15
P_W15_HI_M2_A10_S1	adaptive	W15_HI_M2_A10_S1	A10		S1	M2	HI	W15	SR_MINUS	152	1	1000004	0.02360841	0.00539	0.22830847143030808	22.84	228.43	0.15	iteration	1    1000004  2.3608410E-02  5.39E-03   22.84  228.43    0.15
C_W15_HI_M2_A10_S1_F2	fixed	W15_HI_M2_A10_S1_F2	A10	F2	S1	M2	HI	W15	SR_MINUS	146	1	1000004	0.02360841	0.00539	0.22830847143030808	22.84	228.43	0.15	iteration	1    1000004  2.3608410E-02  5.39E-03   22.84  228.43*   0.15
C_W15_HI_M2_A10_S1_F2	fixed	W15_HI_M2_A10_S1_F2	A10	F2	S1	M2	HI	W15	SR_MINUS	148	1	1000004	0.02360841	0.00539	0.22830847143030808	22.84	228.43	0.15	iteration	1    1000004  2.3608410E-02  5.39E-03   22.84  228.43    0.15
C_W15_HI_M2_A10_S1_F2	fixed	W15_HI_M2_A10_S1_F2	A10	F2	S1	M2	HI	W15	SR_MINUS	151	2	2000008	0.022819903	0.00224	0.09815992644666369	9.81	138.71	0.01	iteration	2    2000008  2.2819903E-02  2.24E-03    9.81  138.71*   0.01
C_W15_HI_M2_A10_S1_F2	fixed	W15_HI_M2_A10_S1_F2	A10	F2	S1	M2	HI	W15	SR_MINUS	153	2	2000008	0.022819903	0.00224	0.09815992644666369	9.81	138.71	0.01	iteration	2    2000008  2.2819903E-02  2.24E-03    9.81  138.71    0.01
P_W15_HI_M2_A10_S2	adaptive	W15_HI_M2_A10_S2	A10		S2	M2	HI	W15	SR_MINUS	150	1	1000010	0.020482844	0.00444	0.2167667732078612	21.69	216.92	0.12	iteration	1    1000010  2.0482844E-02  4.44E-03   21.69  216.92*   0.12
P_W15_HI_M2_A10_S2	adaptive	W15_HI_M2_A10_S2	A10		S2	M2	HI	W15	SR_MINUS	152	1	1000010	0.020482844	0.00444	0.2167667732078612	21.69	216.92	0.12	iteration	1    1000010  2.0482844E-02  4.44E-03   21.69  216.92    0.12
C_W15_HI_M2_A10_S2_F2	fixed	W15_HI_M2_A10_S2_F2	A10	F2	S2	M2	HI	W15	SR_MINUS	146	1	1000010	0.020482844	0.00444	0.2167667732078612	21.69	216.92	0.12	iteration	1    1000010  2.0482844E-02  4.44E-03   21.69  216.92*   0.12
C_W15_HI_M2_A10_S2_F2	fixed	W15_HI_M2_A10_S2_F2	A10	F2	S2	M2	HI	W15	SR_MINUS	148	1	1000010	0.020482844	0.00444	0.2167667732078612	21.69	216.92	0.12	iteration	1    1000010  2.0482844E-02  4.44E-03   21.69  216.92    0.12
C_W15_HI_M2_A10_S2_F2	fixed	W15_HI_M2_A10_S2_F2	A10	F2	S2	M2	HI	W15	SR_MINUS	151	2	1999985	0.028892107	0.00595	0.2059385976938269	20.6	291.3	0.0	iteration	2    1999985  2.8892107E-02  5.95E-03   20.60  291.30    0.00
C_W15_HI_M2_A10_S2_F2	fixed	W15_HI_M2_A10_S2_F2	A10	F2	S2	M2	HI	W15	SR_MINUS	153	2	1999985	0.028892107	0.00595	0.2059385976938269	20.6	291.3	0.0	iteration	2    1999985  2.8892107E-02  5.95E-03   20.60  291.30    0.00
P_W15_HI_M2_A10_S3	adaptive	W15_HI_M2_A10_S3	A10		S3	M2	HI	W15	SR_MINUS	150	1	1000012	0.027639068	0.00559	0.20224994562045293	20.22	202.17	0.14	iteration	1    1000012  2.7639068E-02  5.59E-03   20.22  202.17*   0.14
P_W15_HI_M2_A10_S3	adaptive	W15_HI_M2_A10_S3	A10		S3	M2	HI	W15	SR_MINUS	152	1	1000012	0.027639068	0.00559	0.20224994562045293	20.22	202.17	0.14	iteration	1    1000012  2.7639068E-02  5.59E-03   20.22  202.17    0.14
C_W15_HI_M2_A10_S3_F2	fixed	W15_HI_M2_A10_S3_F2	A10	F2	S3	M2	HI	W15	SR_MINUS	146	1	1000012	0.027639068	0.00559	0.20224994562045293	20.22	202.17	0.14	iteration	1    1000012  2.7639068E-02  5.59E-03   20.22  202.17*   0.14
C_W15_HI_M2_A10_S3_F2	fixed	W15_HI_M2_A10_S3_F2	A10	F2	S3	M2	HI	W15	SR_MINUS	148	1	1000012	0.027639068	0.00559	0.20224994562045293	20.22	202.17	0.14	iteration	1    1000012  2.7639068E-02  5.59E-03   20.22  202.17    0.14
C_W15_HI_M2_A10_S3_F2	fixed	W15_HI_M2_A10_S3_F2	A10	F2	S3	M2	HI	W15	SR_MINUS	151	2	1999996	0.065839523	0.0402	0.6105755049288556	61.07	863.62	0.01	iteration	2    1999996  6.5839523E-02  4.02E-02   61.07  863.62    0.01
C_W15_HI_M2_A10_S3_F2	fixed	W15_HI_M2_A10_S3_F2	A10	F2	S3	M2	HI	W15	SR_MINUS	153	2	1999996	0.065839523	0.0402	0.6105755049288556	61.07	863.62	0.01	iteration	2    1999996  6.5839523E-02  4.02E-02   61.07  863.62    0.01
P_W15_HI_M2_A10_S4	adaptive	W15_HI_M2_A10_S4	A10		S4	M2	HI	W15	SR_MINUS	150	1	1000009	0.020178699	0.00431	0.21359157000161405	21.38	213.79	0.12	iteration	1    1000009  2.0178699E-02  4.31E-03   21.38  213.79*   0.12
P_W15_HI_M2_A10_S4	adaptive	W15_HI_M2_A10_S4	A10		S4	M2	HI	W15	SR_MINUS	152	1	1000009	0.020178699	0.00431	0.21359157000161405	21.38	213.79	0.12	iteration	1    1000009  2.0178699E-02  4.31E-03   21.38  213.79    0.12
C_W15_HI_M2_A10_S4_F2	fixed	W15_HI_M2_A10_S4_F2	A10	F2	S4	M2	HI	W15	SR_MINUS	146	1	1000009	0.020178699	0.00431	0.21359157000161405	21.38	213.79	0.12	iteration	1    1000009  2.0178699E-02  4.31E-03   21.38  213.79*   0.12
C_W15_HI_M2_A10_S4_F2	fixed	W15_HI_M2_A10_S4_F2	A10	F2	S4	M2	HI	W15	SR_MINUS	148	1	1000009	0.020178699	0.00431	0.21359157000161405	21.38	213.79	0.12	iteration	1    1000009  2.0178699E-02  4.31E-03   21.38  213.79    0.12
C_W15_HI_M2_A10_S4_F2	fixed	W15_HI_M2_A10_S4_F2	A10	F2	S4	M2	HI	W15	SR_MINUS	151	2	1999990	0.025107955	0.00229	0.09120615358757811	9.11	128.8	0.01	iteration	2    1999990  2.5107955E-02  2.29E-03    9.11  128.80*   0.01
C_W15_HI_M2_A10_S4_F2	fixed	W15_HI_M2_A10_S4_F2	A10	F2	S4	M2	HI	W15	SR_MINUS	153	2	1999990	0.025107955	0.00229	0.09120615358757811	9.11	128.8	0.01	iteration	2    1999990  2.5107955E-02  2.29E-03    9.11  128.80    0.01
P_W15_HI_M2_A10_S5	adaptive	W15_HI_M2_A10_S5	A10		S5	M2	HI	W15	SR_MINUS	150	1	999984	0.023275107	0.00438	0.1881838824629249	18.83	188.33	0.15	iteration	1     999984  2.3275107E-02  4.38E-03   18.83  188.33*   0.15
P_W15_HI_M2_A10_S5	adaptive	W15_HI_M2_A10_S5	A10		S5	M2	HI	W15	SR_MINUS	152	1	999984	0.023275107	0.00438	0.1881838824629249	18.83	188.33	0.15	iteration	1     999984  2.3275107E-02  4.38E-03   18.83  188.33    0.15
C_W15_HI_M2_A10_S5_F2	fixed	W15_HI_M2_A10_S5_F2	A10	F2	S5	M2	HI	W15	SR_MINUS	146	1	999984	0.023275107	0.00438	0.1881838824629249	18.83	188.33	0.15	iteration	1     999984  2.3275107E-02  4.38E-03   18.83  188.33*   0.15
C_W15_HI_M2_A10_S5_F2	fixed	W15_HI_M2_A10_S5_F2	A10	F2	S5	M2	HI	W15	SR_MINUS	148	1	999984	0.023275107	0.00438	0.1881838824629249	18.83	188.33	0.15	iteration	1     999984  2.3275107E-02  4.38E-03   18.83  188.33    0.15
C_W15_HI_M2_A10_S5_F2	fixed	W15_HI_M2_A10_S5_F2	A10	F2	S5	M2	HI	W15	SR_MINUS	151	2	2000038	0.025051784	0.00154	0.06147266797446441	6.13	86.66	0.02	iteration	2    2000038  2.5051784E-02  1.54E-03    6.13   86.66*   0.02
C_W15_HI_M2_A10_S5_F2	fixed	W15_HI_M2_A10_S5_F2	A10	F2	S5	M2	HI	W15	SR_MINUS	153	2	2000038	0.025051784	0.00154	0.06147266797446441	6.13	86.66	0.02	iteration	2    2000038  2.5051784E-02  1.54E-03    6.13   86.66    0.02
P_W15_HI_M2_A10_S6	adaptive	W15_HI_M2_A10_S6	A10		S6	M2	HI	W15	SR_MINUS	150	1	1000012	0.02076617	0.00607	0.2923023359627702	29.22	292.15	0.12	iteration	1    1000012  2.0766170E-02  6.07E-03   29.22  292.15*   0.12
P_W15_HI_M2_A10_S6	adaptive	W15_HI_M2_A10_S6	A10		S6	M2	HI	W15	SR_MINUS	152	1	1000012	0.02076617	0.00607	0.2923023359627702	29.22	292.15	0.12	iteration	1    1000012  2.0766170E-02  6.07E-03   29.22  292.15    0.12
C_W15_HI_M2_A10_S6_F2	fixed	W15_HI_M2_A10_S6_F2	A10	F2	S6	M2	HI	W15	SR_MINUS	146	1	1000012	0.02076617	0.00607	0.2923023359627702	29.22	292.15	0.12	iteration	1    1000012  2.0766170E-02  6.07E-03   29.22  292.15*   0.12
C_W15_HI_M2_A10_S6_F2	fixed	W15_HI_M2_A10_S6_F2	A10	F2	S6	M2	HI	W15	SR_MINUS	148	1	1000012	0.02076617	0.00607	0.2923023359627702	29.22	292.15	0.12	iteration	1    1000012  2.0766170E-02  6.07E-03   29.22  292.15    0.12
C_W15_HI_M2_A10_S6_F2	fixed	W15_HI_M2_A10_S6_F2	A10	F2	S6	M2	HI	W15	SR_MINUS	151	2	2000015	0.030776268	0.00504	0.16376254586813452	16.37	231.56	0.0	iteration	2    2000015  3.0776268E-02  5.04E-03   16.37  231.56*   0.00
C_W15_HI_M2_A10_S6_F2	fixed	W15_HI_M2_A10_S6_F2	A10	F2	S6	M2	HI	W15	SR_MINUS	153	2	2000015	0.030776268	0.00504	0.16376254586813452	16.37	231.56	0.0	iteration	2    2000015  3.0776268E-02  5.04E-03   16.37  231.56    0.00
P_W15_HI_M2_A10_S7	adaptive	W15_HI_M2_A10_S7	A10		S7	M2	HI	W15	SR_MINUS	150	1	999997	0.025133568	0.00503	0.2001307573998248	20.02	200.2	0.14	iteration	1     999997  2.5133568E-02  5.03E-03   20.02  200.20*   0.14
P_W15_HI_M2_A10_S7	adaptive	W15_HI_M2_A10_S7	A10		S7	M2	HI	W15	SR_MINUS	152	1	999997	0.025133568	0.00503	0.2001307573998248	20.02	200.2	0.14	iteration	1     999997  2.5133568E-02  5.03E-03   20.02  200.20    0.14
C_W15_HI_M2_A10_S7_F2	fixed	W15_HI_M2_A10_S7_F2	A10	F2	S7	M2	HI	W15	SR_MINUS	146	1	999997	0.025133568	0.00503	0.2001307573998248	20.02	200.2	0.14	iteration	1     999997  2.5133568E-02  5.03E-03   20.02  200.20*   0.14
C_W15_HI_M2_A10_S7_F2	fixed	W15_HI_M2_A10_S7_F2	A10	F2	S7	M2	HI	W15	SR_MINUS	148	1	999997	0.025133568	0.00503	0.2001307573998248	20.02	200.2	0.14	iteration	1     999997  2.5133568E-02  5.03E-03   20.02  200.20    0.14
C_W15_HI_M2_A10_S7_F2	fixed	W15_HI_M2_A10_S7_F2	A10	F2	S7	M2	HI	W15	SR_MINUS	151	2	1999990	0.047535349	0.0168	0.3534211981908453	35.33	499.69	0.01	iteration	2    1999990  4.7535349E-02  1.68E-02   35.33  499.69    0.01
C_W15_HI_M2_A10_S7_F2	fixed	W15_HI_M2_A10_S7_F2	A10	F2	S7	M2	HI	W15	SR_MINUS	153	2	1999990	0.047535349	0.0168	0.3534211981908453	35.33	499.69	0.01	iteration	2    1999990  4.7535349E-02  1.68E-02   35.33  499.69    0.01
P_W15_HH_M0_A00_S0	adaptive	W15_HH_M0_A00_S0	A00		S0	M0	HH	W15	NR	150	1	0	0.0	0.0	inf	0.0	0.0	0.0	iteration	1          0  0.0000000E+00  0.00E+00    0.00    0.00*   0.00
P_W15_HH_M0_A00_S0	adaptive	W15_HH_M0_A00_S0	A00		S0	M0	HH	W15	NR	151	2	0	0.0	0.0	inf	0.0	0.0	0.0	iteration	2          0  0.0000000E+00  0.00E+00    0.00    0.00    0.00
P_W15_HH_M0_A00_S0	adaptive	W15_HH_M0_A00_S0	A00		S0	M0	HH	W15	NR	152	3	0	0.0	0.0	inf	0.0	0.0	0.0	iteration	3          0  0.0000000E+00  0.00E+00    0.00    0.00    0.00
P_W15_HH_M0_A00_S0	adaptive	W15_HH_M0_A00_S0	A00		S0	M0	HH	W15	NR	153	4	0	0.0	0.0	inf	0.0	0.0	0.0	iteration	4          0  0.0000000E+00  0.00E+00    0.00    0.00    0.00
P_W15_HH_M0_A00_S0	adaptive	W15_HH_M0_A00_S0	A00		S0	M0	HH	W15	NR	154	5	0	0.0	0.0	inf	0.0	0.0	0.0	iteration	5          0  0.0000000E+00  0.00E+00    0.00    0.00    0.00
P_W15_HH_M0_A00_S0	adaptive	W15_HH_M0_A00_S0	A00		S0	M0	HH	W15	NR	156	5	0	0.0	0.0	inf	0.0	0.0	0.0	aggregate	5          0  0.0000000E+00  0.00E+00    0.00    0.00    0.00    0.00   5
C_W15_HH_M0_A00_S0_F0	fixed	W15_HH_M0_A00_S0_F0	A00	F0	S0	M0	HH	W15	NR	146	1	0	0.0	0.0	inf	0.0	0.0	0.0	iteration	1          0  0.0000000E+00  0.00E+00    0.00    0.00*   0.00
C_W15_HH_M0_A00_S0_F0	fixed	W15_HH_M0_A00_S0_F0	A00	F0	S0	M0	HH	W15	NR	147	2	0	0.0	0.0	inf	0.0	0.0	0.0	iteration	2          0  0.0000000E+00  0.00E+00    0.00    0.00    0.00
C_W15_HH_M0_A00_S0_F0	fixed	W15_HH_M0_A00_S0_F0	A00	F0	S0	M0	HH	W15	NR	148	3	0	0.0	0.0	inf	0.0	0.0	0.0	iteration	3          0  0.0000000E+00  0.00E+00    0.00    0.00    0.00
C_W15_HH_M0_A00_S0_F0	fixed	W15_HH_M0_A00_S0_F0	A00	F0	S0	M0	HH	W15	NR	149	4	0	0.0	0.0	inf	0.0	0.0	0.0	iteration	4          0  0.0000000E+00  0.00E+00    0.00    0.00    0.00
C_W15_HH_M0_A00_S0_F0	fixed	W15_HH_M0_A00_S0_F0	A00	F0	S0	M0	HH	W15	NR	150	5	0	0.0	0.0	inf	0.0	0.0	0.0	iteration	5          0  0.0000000E+00  0.00E+00    0.00    0.00    0.00
C_W15_HH_M0_A00_S0_F0	fixed	W15_HH_M0_A00_S0_F0	A00	F0	S0	M0	HH	W15	NR	152	5	0	0.0	0.0	inf	0.0	0.0	0.0	aggregate	5          0  0.0000000E+00  0.00E+00    0.00    0.00    0.00    0.00   5
C_W15_HH_M0_A00_S0_F0	fixed	W15_HH_M0_A00_S0_F0	A00	F0	S0	M0	HH	W15	NR	154	6	0	0.0	0.0	inf	0.0	0.0	0.0	iteration	6          0  0.0000000E+00  0.00E+00    0.00    0.00    0.00
C_W15_HH_M0_A00_S0_F0	fixed	W15_HH_M0_A00_S0_F0	A00	F0	S0	M0	HH	W15	NR	155	7	0	0.0	0.0	inf	0.0	0.0	0.0	iteration	7          0  0.0000000E+00  0.00E+00    0.00    0.00    0.00
C_W15_HH_M0_A00_S0_F0	fixed	W15_HH_M0_A00_S0_F0	A00	F0	S0	M0	HH	W15	NR	156	8	0	0.0	0.0	inf	0.0	0.0	0.0	iteration	8          0  0.0000000E+00  0.00E+00    0.00    0.00    0.00
C_W15_HH_M0_A00_S0_F0	fixed	W15_HH_M0_A00_S0_F0	A00	F0	S0	M0	HH	W15	NR	158	8	0	0.0	0.0	inf	0.0	0.0	0.0	aggregate	8          0  0.0000000E+00  0.00E+00    0.00    0.00    0.00    0.00   3
P_W15_HH_M0_A00_S1	adaptive	W15_HH_M0_A00_S1	A00		S1	M0	HH	W15	NR	150	1	0	0.0	0.0	inf	0.0	0.0	0.0	iteration	1          0  0.0000000E+00  0.00E+00    0.00    0.00*   0.00
P_W15_HH_M0_A00_S1	adaptive	W15_HH_M0_A00_S1	A00		S1	M0	HH	W15	NR	151	2	0	0.0	0.0	inf	0.0	0.0	0.0	iteration	2          0  0.0000000E+00  0.00E+00    0.00    0.00    0.00
P_W15_HH_M0_A00_S1	adaptive	W15_HH_M0_A00_S1	A00		S1	M0	HH	W15	NR	152	3	0	0.0	0.0	inf	0.0	0.0	0.0	iteration	3          0  0.0000000E+00  0.00E+00    0.00    0.00    0.00
P_W15_HH_M0_A00_S1	adaptive	W15_HH_M0_A00_S1	A00		S1	M0	HH	W15	NR	153	4	0	0.0	0.0	inf	0.0	0.0	0.0	iteration	4          0  0.0000000E+00  0.00E+00    0.00    0.00    0.00
P_W15_HH_M0_A00_S1	adaptive	W15_HH_M0_A00_S1	A00		S1	M0	HH	W15	NR	154	5	0	0.0	0.0	inf	0.0	0.0	0.0	iteration	5          0  0.0000000E+00  0.00E+00    0.00    0.00    0.00
P_W15_HH_M0_A00_S1	adaptive	W15_HH_M0_A00_S1	A00		S1	M0	HH	W15	NR	156	5	0	0.0	0.0	inf	0.0	0.0	0.0	aggregate	5          0  0.0000000E+00  0.00E+00    0.00    0.00    0.00    0.00   5
C_W15_HH_M0_A00_S1_F0	fixed	W15_HH_M0_A00_S1_F0	A00	F0	S1	M0	HH	W15	NR	146	1	0	0.0	0.0	inf	0.0	0.0	0.0	iteration	1          0  0.0000000E+00  0.00E+00    0.00    0.00*   0.00
C_W15_HH_M0_A00_S1_F0	fixed	W15_HH_M0_A00_S1_F0	A00	F0	S1	M0	HH	W15	NR	147	2	0	0.0	0.0	inf	0.0	0.0	0.0	iteration	2          0  0.0000000E+00  0.00E+00    0.00    0.00    0.00
C_W15_HH_M0_A00_S1_F0	fixed	W15_HH_M0_A00_S1_F0	A00	F0	S1	M0	HH	W15	NR	148	3	0	0.0	0.0	inf	0.0	0.0	0.0	iteration	3          0  0.0000000E+00  0.00E+00    0.00    0.00    0.00
C_W15_HH_M0_A00_S1_F0	fixed	W15_HH_M0_A00_S1_F0	A00	F0	S1	M0	HH	W15	NR	149	4	0	0.0	0.0	inf	0.0	0.0	0.0	iteration	4          0  0.0000000E+00  0.00E+00    0.00    0.00    0.00
C_W15_HH_M0_A00_S1_F0	fixed	W15_HH_M0_A00_S1_F0	A00	F0	S1	M0	HH	W15	NR	150	5	0	0.0	0.0	inf	0.0	0.0	0.0	iteration	5          0  0.0000000E+00  0.00E+00    0.00    0.00    0.00
C_W15_HH_M0_A00_S1_F0	fixed	W15_HH_M0_A00_S1_F0	A00	F0	S1	M0	HH	W15	NR	152	5	0	0.0	0.0	inf	0.0	0.0	0.0	aggregate	5          0  0.0000000E+00  0.00E+00    0.00    0.00    0.00    0.00   5
C_W15_HH_M0_A00_S1_F0	fixed	W15_HH_M0_A00_S1_F0	A00	F0	S1	M0	HH	W15	NR	154	6	0	0.0	0.0	inf	0.0	0.0	0.0	iteration	6          0  0.0000000E+00  0.00E+00    0.00    0.00    0.00
C_W15_HH_M0_A00_S1_F0	fixed	W15_HH_M0_A00_S1_F0	A00	F0	S1	M0	HH	W15	NR	155	7	0	0.0	0.0	inf	0.0	0.0	0.0	iteration	7          0  0.0000000E+00  0.00E+00    0.00    0.00    0.00
C_W15_HH_M0_A00_S1_F0	fixed	W15_HH_M0_A00_S1_F0	A00	F0	S1	M0	HH	W15	NR	156	8	0	0.0	0.0	inf	0.0	0.0	0.0	iteration	8          0  0.0000000E+00  0.00E+00    0.00    0.00    0.00
C_W15_HH_M0_A00_S1_F0	fixed	W15_HH_M0_A00_S1_F0	A00	F0	S1	M0	HH	W15	NR	158	8	0	0.0	0.0	inf	0.0	0.0	0.0	aggregate	8          0  0.0000000E+00  0.00E+00    0.00    0.00    0.00    0.00   3
P_W15_HH_M0_A00_S2	adaptive	W15_HH_M0_A00_S2	A00		S2	M0	HH	W15	NR	150	1	0	0.0	0.0	inf	0.0	0.0	0.0	iteration	1          0  0.0000000E+00  0.00E+00    0.00    0.00*   0.00
P_W15_HH_M0_A00_S2	adaptive	W15_HH_M0_A00_S2	A00		S2	M0	HH	W15	NR	151	2	0	0.0	0.0	inf	0.0	0.0	0.0	iteration	2          0  0.0000000E+00  0.00E+00    0.00    0.00    0.00
P_W15_HH_M0_A00_S2	adaptive	W15_HH_M0_A00_S2	A00		S2	M0	HH	W15	NR	152	3	0	0.0	0.0	inf	0.0	0.0	0.0	iteration	3          0  0.0000000E+00  0.00E+00    0.00    0.00    0.00
P_W15_HH_M0_A00_S2	adaptive	W15_HH_M0_A00_S2	A00		S2	M0	HH	W15	NR	153	4	0	0.0	0.0	inf	0.0	0.0	0.0	iteration	4          0  0.0000000E+00  0.00E+00    0.00    0.00    0.00
P_W15_HH_M0_A00_S2	adaptive	W15_HH_M0_A00_S2	A00		S2	M0	HH	W15	NR	154	5	0	0.0	0.0	inf	0.0	0.0	0.0	iteration	5          0  0.0000000E+00  0.00E+00    0.00    0.00    0.00
P_W15_HH_M0_A00_S2	adaptive	W15_HH_M0_A00_S2	A00		S2	M0	HH	W15	NR	156	5	0	0.0	0.0	inf	0.0	0.0	0.0	aggregate	5          0  0.0000000E+00  0.00E+00    0.00    0.00    0.00    0.00   5
C_W15_HH_M0_A00_S2_F0	fixed	W15_HH_M0_A00_S2_F0	A00	F0	S2	M0	HH	W15	NR	146	1	0	0.0	0.0	inf	0.0	0.0	0.0	iteration	1          0  0.0000000E+00  0.00E+00    0.00    0.00*   0.00
C_W15_HH_M0_A00_S2_F0	fixed	W15_HH_M0_A00_S2_F0	A00	F0	S2	M0	HH	W15	NR	147	2	0	0.0	0.0	inf	0.0	0.0	0.0	iteration	2          0  0.0000000E+00  0.00E+00    0.00    0.00    0.00
C_W15_HH_M0_A00_S2_F0	fixed	W15_HH_M0_A00_S2_F0	A00	F0	S2	M0	HH	W15	NR	148	3	0	0.0	0.0	inf	0.0	0.0	0.0	iteration	3          0  0.0000000E+00  0.00E+00    0.00    0.00    0.00
C_W15_HH_M0_A00_S2_F0	fixed	W15_HH_M0_A00_S2_F0	A00	F0	S2	M0	HH	W15	NR	149	4	0	0.0	0.0	inf	0.0	0.0	0.0	iteration	4          0  0.0000000E+00  0.00E+00    0.00    0.00    0.00
C_W15_HH_M0_A00_S2_F0	fixed	W15_HH_M0_A00_S2_F0	A00	F0	S2	M0	HH	W15	NR	150	5	0	0.0	0.0	inf	0.0	0.0	0.0	iteration	5          0  0.0000000E+00  0.00E+00    0.00    0.00    0.00
C_W15_HH_M0_A00_S2_F0	fixed	W15_HH_M0_A00_S2_F0	A00	F0	S2	M0	HH	W15	NR	152	5	0	0.0	0.0	inf	0.0	0.0	0.0	aggregate	5          0  0.0000000E+00  0.00E+00    0.00    0.00    0.00    0.00   5
C_W15_HH_M0_A00_S2_F0	fixed	W15_HH_M0_A00_S2_F0	A00	F0	S2	M0	HH	W15	NR	154	6	0	0.0	0.0	inf	0.0	0.0	0.0	iteration	6          0  0.0000000E+00  0.00E+00    0.00    0.00    0.00
C_W15_HH_M0_A00_S2_F0	fixed	W15_HH_M0_A00_S2_F0	A00	F0	S2	M0	HH	W15	NR	155	7	0	0.0	0.0	inf	0.0	0.0	0.0	iteration	7          0  0.0000000E+00  0.00E+00    0.00    0.00    0.00
C_W15_HH_M0_A00_S2_F0	fixed	W15_HH_M0_A00_S2_F0	A00	F0	S2	M0	HH	W15	NR	156	8	0	0.0	0.0	inf	0.0	0.0	0.0	iteration	8          0  0.0000000E+00  0.00E+00    0.00    0.00    0.00
C_W15_HH_M0_A00_S2_F0	fixed	W15_HH_M0_A00_S2_F0	A00	F0	S2	M0	HH	W15	NR	158	8	0	0.0	0.0	inf	0.0	0.0	0.0	aggregate	8          0  0.0000000E+00  0.00E+00    0.00    0.00    0.00    0.00   3
P_W15_HH_M0_A00_S3	adaptive	W15_HH_M0_A00_S3	A00		S3	M0	HH	W15	NR	150	1	0	0.0	0.0	inf	0.0	0.0	0.0	iteration	1          0  0.0000000E+00  0.00E+00    0.00    0.00*   0.00
P_W15_HH_M0_A00_S3	adaptive	W15_HH_M0_A00_S3	A00		S3	M0	HH	W15	NR	151	2	0	0.0	0.0	inf	0.0	0.0	0.0	iteration	2          0  0.0000000E+00  0.00E+00    0.00    0.00    0.00
P_W15_HH_M0_A00_S3	adaptive	W15_HH_M0_A00_S3	A00		S3	M0	HH	W15	NR	152	3	0	0.0	0.0	inf	0.0	0.0	0.0	iteration	3          0  0.0000000E+00  0.00E+00    0.00    0.00    0.00
P_W15_HH_M0_A00_S3	adaptive	W15_HH_M0_A00_S3	A00		S3	M0	HH	W15	NR	153	4	0	0.0	0.0	inf	0.0	0.0	0.0	iteration	4          0  0.0000000E+00  0.00E+00    0.00    0.00    0.00
P_W15_HH_M0_A00_S3	adaptive	W15_HH_M0_A00_S3	A00		S3	M0	HH	W15	NR	154	5	0	0.0	0.0	inf	0.0	0.0	0.0	iteration	5          0  0.0000000E+00  0.00E+00    0.00    0.00    0.00
P_W15_HH_M0_A00_S3	adaptive	W15_HH_M0_A00_S3	A00		S3	M0	HH	W15	NR	156	5	0	0.0	0.0	inf	0.0	0.0	0.0	aggregate	5          0  0.0000000E+00  0.00E+00    0.00    0.00    0.00    0.00   5
C_W15_HH_M0_A00_S3_F0	fixed	W15_HH_M0_A00_S3_F0	A00	F0	S3	M0	HH	W15	NR	146	1	0	0.0	0.0	inf	0.0	0.0	0.0	iteration	1          0  0.0000000E+00  0.00E+00    0.00    0.00*   0.00
C_W15_HH_M0_A00_S3_F0	fixed	W15_HH_M0_A00_S3_F0	A00	F0	S3	M0	HH	W15	NR	147	2	0	0.0	0.0	inf	0.0	0.0	0.0	iteration	2          0  0.0000000E+00  0.00E+00    0.00    0.00    0.00
C_W15_HH_M0_A00_S3_F0	fixed	W15_HH_M0_A00_S3_F0	A00	F0	S3	M0	HH	W15	NR	148	3	0	0.0	0.0	inf	0.0	0.0	0.0	iteration	3          0  0.0000000E+00  0.00E+00    0.00    0.00    0.00
C_W15_HH_M0_A00_S3_F0	fixed	W15_HH_M0_A00_S3_F0	A00	F0	S3	M0	HH	W15	NR	149	4	0	0.0	0.0	inf	0.0	0.0	0.0	iteration	4          0  0.0000000E+00  0.00E+00    0.00    0.00    0.00
C_W15_HH_M0_A00_S3_F0	fixed	W15_HH_M0_A00_S3_F0	A00	F0	S3	M0	HH	W15	NR	150	5	0	0.0	0.0	inf	0.0	0.0	0.0	iteration	5          0  0.0000000E+00  0.00E+00    0.00    0.00    0.00
C_W15_HH_M0_A00_S3_F0	fixed	W15_HH_M0_A00_S3_F0	A00	F0	S3	M0	HH	W15	NR	152	5	0	0.0	0.0	inf	0.0	0.0	0.0	aggregate	5          0  0.0000000E+00  0.00E+00    0.00    0.00    0.00    0.00   5
C_W15_HH_M0_A00_S3_F0	fixed	W15_HH_M0_A00_S3_F0	A00	F0	S3	M0	HH	W15	NR	154	6	0	0.0	0.0	inf	0.0	0.0	0.0	iteration	6          0  0.0000000E+00  0.00E+00    0.00    0.00    0.00
C_W15_HH_M0_A00_S3_F0	fixed	W15_HH_M0_A00_S3_F0	A00	F0	S3	M0	HH	W15	NR	155	7	0	0.0	0.0	inf	0.0	0.0	0.0	iteration	7          0  0.0000000E+00  0.00E+00    0.00    0.00    0.00
C_W15_HH_M0_A00_S3_F0	fixed	W15_HH_M0_A00_S3_F0	A00	F0	S3	M0	HH	W15	NR	156	8	0	0.0	0.0	inf	0.0	0.0	0.0	iteration	8          0  0.0000000E+00  0.00E+00    0.00    0.00    0.00
C_W15_HH_M0_A00_S3_F0	fixed	W15_HH_M0_A00_S3_F0	A00	F0	S3	M0	HH	W15	NR	158	8	0	0.0	0.0	inf	0.0	0.0	0.0	aggregate	8          0  0.0000000E+00  0.00E+00    0.00    0.00    0.00    0.00   3
P_W15_HH_M0_A00_S4	adaptive	W15_HH_M0_A00_S4	A00		S4	M0	HH	W15	NR	150	1	0	0.0	0.0	inf	0.0	0.0	0.0	iteration	1          0  0.0000000E+00  0.00E+00    0.00    0.00*   0.00
P_W15_HH_M0_A00_S4	adaptive	W15_HH_M0_A00_S4	A00		S4	M0	HH	W15	NR	151	2	0	0.0	0.0	inf	0.0	0.0	0.0	iteration	2          0  0.0000000E+00  0.00E+00    0.00    0.00    0.00
P_W15_HH_M0_A00_S4	adaptive	W15_HH_M0_A00_S4	A00		S4	M0	HH	W15	NR	152	3	0	0.0	0.0	inf	0.0	0.0	0.0	iteration	3          0  0.0000000E+00  0.00E+00    0.00    0.00    0.00
P_W15_HH_M0_A00_S4	adaptive	W15_HH_M0_A00_S4	A00		S4	M0	HH	W15	NR	153	4	0	0.0	0.0	inf	0.0	0.0	0.0	iteration	4          0  0.0000000E+00  0.00E+00    0.00    0.00    0.00
P_W15_HH_M0_A00_S4	adaptive	W15_HH_M0_A00_S4	A00		S4	M0	HH	W15	NR	154	5	0	0.0	0.0	inf	0.0	0.0	0.0	iteration	5          0  0.0000000E+00  0.00E+00    0.00    0.00    0.00
P_W15_HH_M0_A00_S4	adaptive	W15_HH_M0_A00_S4	A00		S4	M0	HH	W15	NR	156	5	0	0.0	0.0	inf	0.0	0.0	0.0	aggregate	5          0  0.0000000E+00  0.00E+00    0.00    0.00    0.00    0.00   5
C_W15_HH_M0_A00_S4_F0	fixed	W15_HH_M0_A00_S4_F0	A00	F0	S4	M0	HH	W15	NR	146	1	0	0.0	0.0	inf	0.0	0.0	0.0	iteration	1          0  0.0000000E+00  0.00E+00    0.00    0.00*   0.00
C_W15_HH_M0_A00_S4_F0	fixed	W15_HH_M0_A00_S4_F0	A00	F0	S4	M0	HH	W15	NR	147	2	0	0.0	0.0	inf	0.0	0.0	0.0	iteration	2          0  0.0000000E+00  0.00E+00    0.00    0.00    0.00
C_W15_HH_M0_A00_S4_F0	fixed	W15_HH_M0_A00_S4_F0	A00	F0	S4	M0	HH	W15	NR	148	3	0	0.0	0.0	inf	0.0	0.0	0.0	iteration	3          0  0.0000000E+00  0.00E+00    0.00    0.00    0.00
C_W15_HH_M0_A00_S4_F0	fixed	W15_HH_M0_A00_S4_F0	A00	F0	S4	M0	HH	W15	NR	149	4	0	0.0	0.0	inf	0.0	0.0	0.0	iteration	4          0  0.0000000E+00  0.00E+00    0.00    0.00    0.00
C_W15_HH_M0_A00_S4_F0	fixed	W15_HH_M0_A00_S4_F0	A00	F0	S4	M0	HH	W15	NR	150	5	0	0.0	0.0	inf	0.0	0.0	0.0	iteration	5          0  0.0000000E+00  0.00E+00    0.00    0.00    0.00
C_W15_HH_M0_A00_S4_F0	fixed	W15_HH_M0_A00_S4_F0	A00	F0	S4	M0	HH	W15	NR	152	5	0	0.0	0.0	inf	0.0	0.0	0.0	aggregate	5          0  0.0000000E+00  0.00E+00    0.00    0.00    0.00    0.00   5
C_W15_HH_M0_A00_S4_F0	fixed	W15_HH_M0_A00_S4_F0	A00	F0	S4	M0	HH	W15	NR	154	6	0	0.0	0.0	inf	0.0	0.0	0.0	iteration	6          0  0.0000000E+00  0.00E+00    0.00    0.00    0.00
C_W15_HH_M0_A00_S4_F0	fixed	W15_HH_M0_A00_S4_F0	A00	F0	S4	M0	HH	W15	NR	155	7	0	0.0	0.0	inf	0.0	0.0	0.0	iteration	7          0  0.0000000E+00  0.00E+00    0.00    0.00    0.00
C_W15_HH_M0_A00_S4_F0	fixed	W15_HH_M0_A00_S4_F0	A00	F0	S4	M0	HH	W15	NR	156	8	0	0.0	0.0	inf	0.0	0.0	0.0	iteration	8          0  0.0000000E+00  0.00E+00    0.00    0.00    0.00
C_W15_HH_M0_A00_S4_F0	fixed	W15_HH_M0_A00_S4_F0	A00	F0	S4	M0	HH	W15	NR	158	8	0	0.0	0.0	inf	0.0	0.0	0.0	aggregate	8          0  0.0000000E+00  0.00E+00    0.00    0.00    0.00    0.00   3
P_W15_HH_M0_A00_S5	adaptive	W15_HH_M0_A00_S5	A00		S5	M0	HH	W15	NR	150	1	0	0.0	0.0	inf	0.0	0.0	0.0	iteration	1          0  0.0000000E+00  0.00E+00    0.00    0.00*   0.00
P_W15_HH_M0_A00_S5	adaptive	W15_HH_M0_A00_S5	A00		S5	M0	HH	W15	NR	151	2	0	0.0	0.0	inf	0.0	0.0	0.0	iteration	2          0  0.0000000E+00  0.00E+00    0.00    0.00    0.00
P_W15_HH_M0_A00_S5	adaptive	W15_HH_M0_A00_S5	A00		S5	M0	HH	W15	NR	152	3	0	0.0	0.0	inf	0.0	0.0	0.0	iteration	3          0  0.0000000E+00  0.00E+00    0.00    0.00    0.00
P_W15_HH_M0_A00_S5	adaptive	W15_HH_M0_A00_S5	A00		S5	M0	HH	W15	NR	153	4	0	0.0	0.0	inf	0.0	0.0	0.0	iteration	4          0  0.0000000E+00  0.00E+00    0.00    0.00    0.00
P_W15_HH_M0_A00_S5	adaptive	W15_HH_M0_A00_S5	A00		S5	M0	HH	W15	NR	154	5	0	0.0	0.0	inf	0.0	0.0	0.0	iteration	5          0  0.0000000E+00  0.00E+00    0.00    0.00    0.00
P_W15_HH_M0_A00_S5	adaptive	W15_HH_M0_A00_S5	A00		S5	M0	HH	W15	NR	156	5	0	0.0	0.0	inf	0.0	0.0	0.0	aggregate	5          0  0.0000000E+00  0.00E+00    0.00    0.00    0.00    0.00   5
C_W15_HH_M0_A00_S5_F0	fixed	W15_HH_M0_A00_S5_F0	A00	F0	S5	M0	HH	W15	NR	146	1	0	0.0	0.0	inf	0.0	0.0	0.0	iteration	1          0  0.0000000E+00  0.00E+00    0.00    0.00*   0.00
C_W15_HH_M0_A00_S5_F0	fixed	W15_HH_M0_A00_S5_F0	A00	F0	S5	M0	HH	W15	NR	147	2	0	0.0	0.0	inf	0.0	0.0	0.0	iteration	2          0  0.0000000E+00  0.00E+00    0.00    0.00    0.00
C_W15_HH_M0_A00_S5_F0	fixed	W15_HH_M0_A00_S5_F0	A00	F0	S5	M0	HH	W15	NR	148	3	0	0.0	0.0	inf	0.0	0.0	0.0	iteration	3          0  0.0000000E+00  0.00E+00    0.00    0.00    0.00
C_W15_HH_M0_A00_S5_F0	fixed	W15_HH_M0_A00_S5_F0	A00	F0	S5	M0	HH	W15	NR	149	4	0	0.0	0.0	inf	0.0	0.0	0.0	iteration	4          0  0.0000000E+00  0.00E+00    0.00    0.00    0.00
C_W15_HH_M0_A00_S5_F0	fixed	W15_HH_M0_A00_S5_F0	A00	F0	S5	M0	HH	W15	NR	150	5	0	0.0	0.0	inf	0.0	0.0	0.0	iteration	5          0  0.0000000E+00  0.00E+00    0.00    0.00    0.00
C_W15_HH_M0_A00_S5_F0	fixed	W15_HH_M0_A00_S5_F0	A00	F0	S5	M0	HH	W15	NR	152	5	0	0.0	0.0	inf	0.0	0.0	0.0	aggregate	5          0  0.0000000E+00  0.00E+00    0.00    0.00    0.00    0.00   5
C_W15_HH_M0_A00_S5_F0	fixed	W15_HH_M0_A00_S5_F0	A00	F0	S5	M0	HH	W15	NR	154	6	0	0.0	0.0	inf	0.0	0.0	0.0	iteration	6          0  0.0000000E+00  0.00E+00    0.00    0.00    0.00
C_W15_HH_M0_A00_S5_F0	fixed	W15_HH_M0_A00_S5_F0	A00	F0	S5	M0	HH	W15	NR	155	7	0	0.0	0.0	inf	0.0	0.0	0.0	iteration	7          0  0.0000000E+00  0.00E+00    0.00    0.00    0.00
C_W15_HH_M0_A00_S5_F0	fixed	W15_HH_M0_A00_S5_F0	A00	F0	S5	M0	HH	W15	NR	156	8	0	0.0	0.0	inf	0.0	0.0	0.0	iteration	8          0  0.0000000E+00  0.00E+00    0.00    0.00    0.00
C_W15_HH_M0_A00_S5_F0	fixed	W15_HH_M0_A00_S5_F0	A00	F0	S5	M0	HH	W15	NR	158	8	0	0.0	0.0	inf	0.0	0.0	0.0	aggregate	8          0  0.0000000E+00  0.00E+00    0.00    0.00    0.00    0.00   3
P_W15_HH_M0_A00_S6	adaptive	W15_HH_M0_A00_S6	A00		S6	M0	HH	W15	NR	150	1	0	0.0	0.0	inf	0.0	0.0	0.0	iteration	1          0  0.0000000E+00  0.00E+00    0.00    0.00*   0.00
P_W15_HH_M0_A00_S6	adaptive	W15_HH_M0_A00_S6	A00		S6	M0	HH	W15	NR	151	2	0	0.0	0.0	inf	0.0	0.0	0.0	iteration	2          0  0.0000000E+00  0.00E+00    0.00    0.00    0.00
P_W15_HH_M0_A00_S6	adaptive	W15_HH_M0_A00_S6	A00		S6	M0	HH	W15	NR	152	3	0	0.0	0.0	inf	0.0	0.0	0.0	iteration	3          0  0.0000000E+00  0.00E+00    0.00    0.00    0.00
P_W15_HH_M0_A00_S6	adaptive	W15_HH_M0_A00_S6	A00		S6	M0	HH	W15	NR	153	4	0	0.0	0.0	inf	0.0	0.0	0.0	iteration	4          0  0.0000000E+00  0.00E+00    0.00    0.00    0.00
P_W15_HH_M0_A00_S6	adaptive	W15_HH_M0_A00_S6	A00		S6	M0	HH	W15	NR	154	5	0	0.0	0.0	inf	0.0	0.0	0.0	iteration	5          0  0.0000000E+00  0.00E+00    0.00    0.00    0.00
P_W15_HH_M0_A00_S6	adaptive	W15_HH_M0_A00_S6	A00		S6	M0	HH	W15	NR	156	5	0	0.0	0.0	inf	0.0	0.0	0.0	aggregate	5          0  0.0000000E+00  0.00E+00    0.00    0.00    0.00    0.00   5
C_W15_HH_M0_A00_S6_F0	fixed	W15_HH_M0_A00_S6_F0	A00	F0	S6	M0	HH	W15	NR	146	1	0	0.0	0.0	inf	0.0	0.0	0.0	iteration	1          0  0.0000000E+00  0.00E+00    0.00    0.00*   0.00
C_W15_HH_M0_A00_S6_F0	fixed	W15_HH_M0_A00_S6_F0	A00	F0	S6	M0	HH	W15	NR	147	2	0	0.0	0.0	inf	0.0	0.0	0.0	iteration	2          0  0.0000000E+00  0.00E+00    0.00    0.00    0.00
C_W15_HH_M0_A00_S6_F0	fixed	W15_HH_M0_A00_S6_F0	A00	F0	S6	M0	HH	W15	NR	148	3	0	0.0	0.0	inf	0.0	0.0	0.0	iteration	3          0  0.0000000E+00  0.00E+00    0.00    0.00    0.00
C_W15_HH_M0_A00_S6_F0	fixed	W15_HH_M0_A00_S6_F0	A00	F0	S6	M0	HH	W15	NR	149	4	0	0.0	0.0	inf	0.0	0.0	0.0	iteration	4          0  0.0000000E+00  0.00E+00    0.00    0.00    0.00
C_W15_HH_M0_A00_S6_F0	fixed	W15_HH_M0_A00_S6_F0	A00	F0	S6	M0	HH	W15	NR	150	5	0	0.0	0.0	inf	0.0	0.0	0.0	iteration	5          0  0.0000000E+00  0.00E+00    0.00    0.00    0.00
C_W15_HH_M0_A00_S6_F0	fixed	W15_HH_M0_A00_S6_F0	A00	F0	S6	M0	HH	W15	NR	152	5	0	0.0	0.0	inf	0.0	0.0	0.0	aggregate	5          0  0.0000000E+00  0.00E+00    0.00    0.00    0.00    0.00   5
C_W15_HH_M0_A00_S6_F0	fixed	W15_HH_M0_A00_S6_F0	A00	F0	S6	M0	HH	W15	NR	154	6	0	0.0	0.0	inf	0.0	0.0	0.0	iteration	6          0  0.0000000E+00  0.00E+00    0.00    0.00    0.00
C_W15_HH_M0_A00_S6_F0	fixed	W15_HH_M0_A00_S6_F0	A00	F0	S6	M0	HH	W15	NR	155	7	0	0.0	0.0	inf	0.0	0.0	0.0	iteration	7          0  0.0000000E+00  0.00E+00    0.00    0.00    0.00
C_W15_HH_M0_A00_S6_F0	fixed	W15_HH_M0_A00_S6_F0	A00	F0	S6	M0	HH	W15	NR	156	8	0	0.0	0.0	inf	0.0	0.0	0.0	iteration	8          0  0.0000000E+00  0.00E+00    0.00    0.00    0.00
C_W15_HH_M0_A00_S6_F0	fixed	W15_HH_M0_A00_S6_F0	A00	F0	S6	M0	HH	W15	NR	158	8	0	0.0	0.0	inf	0.0	0.0	0.0	aggregate	8          0  0.0000000E+00  0.00E+00    0.00    0.00    0.00    0.00   3
P_W15_HH_M0_A00_S7	adaptive	W15_HH_M0_A00_S7	A00		S7	M0	HH	W15	NR	150	1	0	0.0	0.0	inf	0.0	0.0	0.0	iteration	1          0  0.0000000E+00  0.00E+00    0.00    0.00*   0.00
P_W15_HH_M0_A00_S7	adaptive	W15_HH_M0_A00_S7	A00		S7	M0	HH	W15	NR	151	2	0	0.0	0.0	inf	0.0	0.0	0.0	iteration	2          0  0.0000000E+00  0.00E+00    0.00    0.00    0.00
P_W15_HH_M0_A00_S7	adaptive	W15_HH_M0_A00_S7	A00		S7	M0	HH	W15	NR	152	3	0	0.0	0.0	inf	0.0	0.0	0.0	iteration	3          0  0.0000000E+00  0.00E+00    0.00    0.00    0.00
P_W15_HH_M0_A00_S7	adaptive	W15_HH_M0_A00_S7	A00		S7	M0	HH	W15	NR	153	4	0	0.0	0.0	inf	0.0	0.0	0.0	iteration	4          0  0.0000000E+00  0.00E+00    0.00    0.00    0.00
P_W15_HH_M0_A00_S7	adaptive	W15_HH_M0_A00_S7	A00		S7	M0	HH	W15	NR	154	5	0	0.0	0.0	inf	0.0	0.0	0.0	iteration	5          0  0.0000000E+00  0.00E+00    0.00    0.00    0.00
P_W15_HH_M0_A00_S7	adaptive	W15_HH_M0_A00_S7	A00		S7	M0	HH	W15	NR	156	5	0	0.0	0.0	inf	0.0	0.0	0.0	aggregate	5          0  0.0000000E+00  0.00E+00    0.00    0.00    0.00    0.00   5
C_W15_HH_M0_A00_S7_F0	fixed	W15_HH_M0_A00_S7_F0	A00	F0	S7	M0	HH	W15	NR	146	1	0	0.0	0.0	inf	0.0	0.0	0.0	iteration	1          0  0.0000000E+00  0.00E+00    0.00    0.00*   0.00
C_W15_HH_M0_A00_S7_F0	fixed	W15_HH_M0_A00_S7_F0	A00	F0	S7	M0	HH	W15	NR	147	2	0	0.0	0.0	inf	0.0	0.0	0.0	iteration	2          0  0.0000000E+00  0.00E+00    0.00    0.00    0.00
C_W15_HH_M0_A00_S7_F0	fixed	W15_HH_M0_A00_S7_F0	A00	F0	S7	M0	HH	W15	NR	148	3	0	0.0	0.0	inf	0.0	0.0	0.0	iteration	3          0  0.0000000E+00  0.00E+00    0.00    0.00    0.00
C_W15_HH_M0_A00_S7_F0	fixed	W15_HH_M0_A00_S7_F0	A00	F0	S7	M0	HH	W15	NR	149	4	0	0.0	0.0	inf	0.0	0.0	0.0	iteration	4          0  0.0000000E+00  0.00E+00    0.00    0.00    0.00
C_W15_HH_M0_A00_S7_F0	fixed	W15_HH_M0_A00_S7_F0	A00	F0	S7	M0	HH	W15	NR	150	5	0	0.0	0.0	inf	0.0	0.0	0.0	iteration	5          0  0.0000000E+00  0.00E+00    0.00    0.00    0.00
C_W15_HH_M0_A00_S7_F0	fixed	W15_HH_M0_A00_S7_F0	A00	F0	S7	M0	HH	W15	NR	152	5	0	0.0	0.0	inf	0.0	0.0	0.0	aggregate	5          0  0.0000000E+00  0.00E+00    0.00    0.00    0.00    0.00   5
C_W15_HH_M0_A00_S7_F0	fixed	W15_HH_M0_A00_S7_F0	A00	F0	S7	M0	HH	W15	NR	154	6	0	0.0	0.0	inf	0.0	0.0	0.0	iteration	6          0  0.0000000E+00  0.00E+00    0.00    0.00    0.00
C_W15_HH_M0_A00_S7_F0	fixed	W15_HH_M0_A00_S7_F0	A00	F0	S7	M0	HH	W15	NR	155	7	0	0.0	0.0	inf	0.0	0.0	0.0	iteration	7          0  0.0000000E+00  0.00E+00    0.00    0.00    0.00
C_W15_HH_M0_A00_S7_F0	fixed	W15_HH_M0_A00_S7_F0	A00	F0	S7	M0	HH	W15	NR	156	8	0	0.0	0.0	inf	0.0	0.0	0.0	iteration	8          0  0.0000000E+00  0.00E+00    0.00    0.00    0.00
C_W15_HH_M0_A00_S7_F0	fixed	W15_HH_M0_A00_S7_F0	A00	F0	S7	M0	HH	W15	NR	158	8	0	0.0	0.0	inf	0.0	0.0	0.0	aggregate	8          0  0.0000000E+00  0.00E+00    0.00    0.00    0.00    0.00   3
P_W15_HH_M1_A07_S0	adaptive	W15_HH_M1_A07_S0	A07		S0	M1	HH	W15	NR	150	1	0	0.0	0.0	inf	0.0	0.0	0.0	iteration	1          0  0.0000000E+00  0.00E+00    0.00    0.00*   0.00
P_W15_HH_M1_A07_S0	adaptive	W15_HH_M1_A07_S0	A07		S0	M1	HH	W15	NR	151	2	0	0.0	0.0	inf	0.0	0.0	0.0	iteration	2          0  0.0000000E+00  0.00E+00    0.00    0.00    0.00
P_W15_HH_M1_A07_S0	adaptive	W15_HH_M1_A07_S0	A07		S0	M1	HH	W15	NR	152	3	0	0.0	0.0	inf	0.0	0.0	0.0	iteration	3          0  0.0000000E+00  0.00E+00    0.00    0.00    0.00
P_W15_HH_M1_A07_S0	adaptive	W15_HH_M1_A07_S0	A07		S0	M1	HH	W15	NR	153	4	0	0.0	0.0	inf	0.0	0.0	0.0	iteration	4          0  0.0000000E+00  0.00E+00    0.00    0.00    0.00
P_W15_HH_M1_A07_S0	adaptive	W15_HH_M1_A07_S0	A07		S0	M1	HH	W15	NR	154	5	0	0.0	0.0	inf	0.0	0.0	0.0	iteration	5          0  0.0000000E+00  0.00E+00    0.00    0.00    0.00
P_W15_HH_M1_A07_S0	adaptive	W15_HH_M1_A07_S0	A07		S0	M1	HH	W15	NR	155	6	0	0.0	0.0	inf	0.0	0.0	0.0	iteration	6          0  0.0000000E+00  0.00E+00    0.00    0.00    0.00
P_W15_HH_M1_A07_S0	adaptive	W15_HH_M1_A07_S0	A07		S0	M1	HH	W15	NR	156	7	0	0.0	0.0	inf	0.0	0.0	0.0	iteration	7          0  0.0000000E+00  0.00E+00    0.00    0.00    0.00
P_W15_HH_M1_A07_S0	adaptive	W15_HH_M1_A07_S0	A07		S0	M1	HH	W15	NR	157	8	0	0.0	0.0	inf	0.0	0.0	0.0	iteration	8          0  0.0000000E+00  0.00E+00    0.00    0.00    0.00
P_W15_HH_M1_A07_S0	adaptive	W15_HH_M1_A07_S0	A07		S0	M1	HH	W15	NR	158	9	0	0.0	0.0	inf	0.0	0.0	0.0	iteration	9          0  0.0000000E+00  0.00E+00    0.00    0.00    0.00
P_W15_HH_M1_A07_S0	adaptive	W15_HH_M1_A07_S0	A07		S0	M1	HH	W15	NR	159	10	0	0.0	0.0	inf	0.0	0.0	0.0	iteration	10          0  0.0000000E+00  0.00E+00    0.00    0.00    0.00
P_W15_HH_M1_A07_S0	adaptive	W15_HH_M1_A07_S0	A07		S0	M1	HH	W15	NR	161	10	0	0.0	0.0	inf	0.0	0.0	0.0	aggregate	10          0  0.0000000E+00  0.00E+00    0.00    0.00    0.00    0.00  10
C_W15_HH_M1_A07_S0_F0	fixed	W15_HH_M1_A07_S0_F0	A07	F0	S0	M1	HH	W15	NR	146	1	0	0.0	0.0	inf	0.0	0.0	0.0	iteration	1          0  0.0000000E+00  0.00E+00    0.00    0.00*   0.00
C_W15_HH_M1_A07_S0_F0	fixed	W15_HH_M1_A07_S0_F0	A07	F0	S0	M1	HH	W15	NR	147	2	0	0.0	0.0	inf	0.0	0.0	0.0	iteration	2          0  0.0000000E+00  0.00E+00    0.00    0.00    0.00
C_W15_HH_M1_A07_S0_F0	fixed	W15_HH_M1_A07_S0_F0	A07	F0	S0	M1	HH	W15	NR	148	3	0	0.0	0.0	inf	0.0	0.0	0.0	iteration	3          0  0.0000000E+00  0.00E+00    0.00    0.00    0.00
C_W15_HH_M1_A07_S0_F0	fixed	W15_HH_M1_A07_S0_F0	A07	F0	S0	M1	HH	W15	NR	149	4	0	0.0	0.0	inf	0.0	0.0	0.0	iteration	4          0  0.0000000E+00  0.00E+00    0.00    0.00    0.00
C_W15_HH_M1_A07_S0_F0	fixed	W15_HH_M1_A07_S0_F0	A07	F0	S0	M1	HH	W15	NR	150	5	0	0.0	0.0	inf	0.0	0.0	0.0	iteration	5          0  0.0000000E+00  0.00E+00    0.00    0.00    0.00
C_W15_HH_M1_A07_S0_F0	fixed	W15_HH_M1_A07_S0_F0	A07	F0	S0	M1	HH	W15	NR	151	6	0	0.0	0.0	inf	0.0	0.0	0.0	iteration	6          0  0.0000000E+00  0.00E+00    0.00    0.00    0.00
C_W15_HH_M1_A07_S0_F0	fixed	W15_HH_M1_A07_S0_F0	A07	F0	S0	M1	HH	W15	NR	152	7	0	0.0	0.0	inf	0.0	0.0	0.0	iteration	7          0  0.0000000E+00  0.00E+00    0.00    0.00    0.00
C_W15_HH_M1_A07_S0_F0	fixed	W15_HH_M1_A07_S0_F0	A07	F0	S0	M1	HH	W15	NR	153	8	0	0.0	0.0	inf	0.0	0.0	0.0	iteration	8          0  0.0000000E+00  0.00E+00    0.00    0.00    0.00
C_W15_HH_M1_A07_S0_F0	fixed	W15_HH_M1_A07_S0_F0	A07	F0	S0	M1	HH	W15	NR	154	9	0	0.0	0.0	inf	0.0	0.0	0.0	iteration	9          0  0.0000000E+00  0.00E+00    0.00    0.00    0.00
C_W15_HH_M1_A07_S0_F0	fixed	W15_HH_M1_A07_S0_F0	A07	F0	S0	M1	HH	W15	NR	155	10	0	0.0	0.0	inf	0.0	0.0	0.0	iteration	10          0  0.0000000E+00  0.00E+00    0.00    0.00    0.00
C_W15_HH_M1_A07_S0_F0	fixed	W15_HH_M1_A07_S0_F0	A07	F0	S0	M1	HH	W15	NR	157	10	0	0.0	0.0	inf	0.0	0.0	0.0	aggregate	10          0  0.0000000E+00  0.00E+00    0.00    0.00    0.00    0.00  10
C_W15_HH_M1_A07_S0_F0	fixed	W15_HH_M1_A07_S0_F0	A07	F0	S0	M1	HH	W15	NR	159	11	0	0.0	0.0	inf	0.0	0.0	0.0	iteration	11          0  0.0000000E+00  0.00E+00    0.00    0.00    0.00
C_W15_HH_M1_A07_S0_F0	fixed	W15_HH_M1_A07_S0_F0	A07	F0	S0	M1	HH	W15	NR	160	12	0	0.0	0.0	inf	0.0	0.0	0.0	iteration	12          0  0.0000000E+00  0.00E+00    0.00    0.00    0.00
C_W15_HH_M1_A07_S0_F0	fixed	W15_HH_M1_A07_S0_F0	A07	F0	S0	M1	HH	W15	NR	161	13	0	0.0	0.0	inf	0.0	0.0	0.0	iteration	13          0  0.0000000E+00  0.00E+00    0.00    0.00    0.00
C_W15_HH_M1_A07_S0_F0	fixed	W15_HH_M1_A07_S0_F0	A07	F0	S0	M1	HH	W15	NR	163	13	0	0.0	0.0	inf	0.0	0.0	0.0	aggregate	13          0  0.0000000E+00  0.00E+00    0.00    0.00    0.00    0.00   3
P_W15_HH_M1_A07_S1	adaptive	W15_HH_M1_A07_S1	A07		S1	M1	HH	W15	NR	150	1	0	0.0	0.0	inf	0.0	0.0	0.0	iteration	1          0  0.0000000E+00  0.00E+00    0.00    0.00*   0.00
P_W15_HH_M1_A07_S1	adaptive	W15_HH_M1_A07_S1	A07		S1	M1	HH	W15	NR	151	2	0	0.0	0.0	inf	0.0	0.0	0.0	iteration	2          0  0.0000000E+00  0.00E+00    0.00    0.00    0.00
P_W15_HH_M1_A07_S1	adaptive	W15_HH_M1_A07_S1	A07		S1	M1	HH	W15	NR	152	3	0	0.0	0.0	inf	0.0	0.0	0.0	iteration	3          0  0.0000000E+00  0.00E+00    0.00    0.00    0.00
P_W15_HH_M1_A07_S1	adaptive	W15_HH_M1_A07_S1	A07		S1	M1	HH	W15	NR	153	4	0	0.0	0.0	inf	0.0	0.0	0.0	iteration	4          0  0.0000000E+00  0.00E+00    0.00    0.00    0.00
P_W15_HH_M1_A07_S1	adaptive	W15_HH_M1_A07_S1	A07		S1	M1	HH	W15	NR	154	5	0	0.0	0.0	inf	0.0	0.0	0.0	iteration	5          0  0.0000000E+00  0.00E+00    0.00    0.00    0.00
P_W15_HH_M1_A07_S1	adaptive	W15_HH_M1_A07_S1	A07		S1	M1	HH	W15	NR	155	6	0	0.0	0.0	inf	0.0	0.0	0.0	iteration	6          0  0.0000000E+00  0.00E+00    0.00    0.00    0.00
P_W15_HH_M1_A07_S1	adaptive	W15_HH_M1_A07_S1	A07		S1	M1	HH	W15	NR	156	7	0	0.0	0.0	inf	0.0	0.0	0.0	iteration	7          0  0.0000000E+00  0.00E+00    0.00    0.00    0.00
P_W15_HH_M1_A07_S1	adaptive	W15_HH_M1_A07_S1	A07		S1	M1	HH	W15	NR	157	8	0	0.0	0.0	inf	0.0	0.0	0.0	iteration	8          0  0.0000000E+00  0.00E+00    0.00    0.00    0.00
P_W15_HH_M1_A07_S1	adaptive	W15_HH_M1_A07_S1	A07		S1	M1	HH	W15	NR	158	9	0	0.0	0.0	inf	0.0	0.0	0.0	iteration	9          0  0.0000000E+00  0.00E+00    0.00    0.00    0.00
P_W15_HH_M1_A07_S1	adaptive	W15_HH_M1_A07_S1	A07		S1	M1	HH	W15	NR	159	10	0	0.0	0.0	inf	0.0	0.0	0.0	iteration	10          0  0.0000000E+00  0.00E+00    0.00    0.00    0.00
P_W15_HH_M1_A07_S1	adaptive	W15_HH_M1_A07_S1	A07		S1	M1	HH	W15	NR	161	10	0	0.0	0.0	inf	0.0	0.0	0.0	aggregate	10          0  0.0000000E+00  0.00E+00    0.00    0.00    0.00    0.00  10
C_W15_HH_M1_A07_S1_F0	fixed	W15_HH_M1_A07_S1_F0	A07	F0	S1	M1	HH	W15	NR	146	1	0	0.0	0.0	inf	0.0	0.0	0.0	iteration	1          0  0.0000000E+00  0.00E+00    0.00    0.00*   0.00
C_W15_HH_M1_A07_S1_F0	fixed	W15_HH_M1_A07_S1_F0	A07	F0	S1	M1	HH	W15	NR	147	2	0	0.0	0.0	inf	0.0	0.0	0.0	iteration	2          0  0.0000000E+00  0.00E+00    0.00    0.00    0.00
C_W15_HH_M1_A07_S1_F0	fixed	W15_HH_M1_A07_S1_F0	A07	F0	S1	M1	HH	W15	NR	148	3	0	0.0	0.0	inf	0.0	0.0	0.0	iteration	3          0  0.0000000E+00  0.00E+00    0.00    0.00    0.00
C_W15_HH_M1_A07_S1_F0	fixed	W15_HH_M1_A07_S1_F0	A07	F0	S1	M1	HH	W15	NR	149	4	0	0.0	0.0	inf	0.0	0.0	0.0	iteration	4          0  0.0000000E+00  0.00E+00    0.00    0.00    0.00
C_W15_HH_M1_A07_S1_F0	fixed	W15_HH_M1_A07_S1_F0	A07	F0	S1	M1	HH	W15	NR	150	5	0	0.0	0.0	inf	0.0	0.0	0.0	iteration	5          0  0.0000000E+00  0.00E+00    0.00    0.00    0.00
C_W15_HH_M1_A07_S1_F0	fixed	W15_HH_M1_A07_S1_F0	A07	F0	S1	M1	HH	W15	NR	151	6	0	0.0	0.0	inf	0.0	0.0	0.0	iteration	6          0  0.0000000E+00  0.00E+00    0.00    0.00    0.00
C_W15_HH_M1_A07_S1_F0	fixed	W15_HH_M1_A07_S1_F0	A07	F0	S1	M1	HH	W15	NR	152	7	0	0.0	0.0	inf	0.0	0.0	0.0	iteration	7          0  0.0000000E+00  0.00E+00    0.00    0.00    0.00
C_W15_HH_M1_A07_S1_F0	fixed	W15_HH_M1_A07_S1_F0	A07	F0	S1	M1	HH	W15	NR	153	8	0	0.0	0.0	inf	0.0	0.0	0.0	iteration	8          0  0.0000000E+00  0.00E+00    0.00    0.00    0.00
C_W15_HH_M1_A07_S1_F0	fixed	W15_HH_M1_A07_S1_F0	A07	F0	S1	M1	HH	W15	NR	154	9	0	0.0	0.0	inf	0.0	0.0	0.0	iteration	9          0  0.0000000E+00  0.00E+00    0.00    0.00    0.00
C_W15_HH_M1_A07_S1_F0	fixed	W15_HH_M1_A07_S1_F0	A07	F0	S1	M1	HH	W15	NR	155	10	0	0.0	0.0	inf	0.0	0.0	0.0	iteration	10          0  0.0000000E+00  0.00E+00    0.00    0.00    0.00
C_W15_HH_M1_A07_S1_F0	fixed	W15_HH_M1_A07_S1_F0	A07	F0	S1	M1	HH	W15	NR	157	10	0	0.0	0.0	inf	0.0	0.0	0.0	aggregate	10          0  0.0000000E+00  0.00E+00    0.00    0.00    0.00    0.00  10
C_W15_HH_M1_A07_S1_F0	fixed	W15_HH_M1_A07_S1_F0	A07	F0	S1	M1	HH	W15	NR	159	11	0	0.0	0.0	inf	0.0	0.0	0.0	iteration	11          0  0.0000000E+00  0.00E+00    0.00    0.00    0.00
C_W15_HH_M1_A07_S1_F0	fixed	W15_HH_M1_A07_S1_F0	A07	F0	S1	M1	HH	W15	NR	160	12	0	0.0	0.0	inf	0.0	0.0	0.0	iteration	12          0  0.0000000E+00  0.00E+00    0.00    0.00    0.00
C_W15_HH_M1_A07_S1_F0	fixed	W15_HH_M1_A07_S1_F0	A07	F0	S1	M1	HH	W15	NR	161	13	0	0.0	0.0	inf	0.0	0.0	0.0	iteration	13          0  0.0000000E+00  0.00E+00    0.00    0.00    0.00
C_W15_HH_M1_A07_S1_F0	fixed	W15_HH_M1_A07_S1_F0	A07	F0	S1	M1	HH	W15	NR	163	13	0	0.0	0.0	inf	0.0	0.0	0.0	aggregate	13          0  0.0000000E+00  0.00E+00    0.00    0.00    0.00    0.00   3
P_W15_HH_M1_A07_S2	adaptive	W15_HH_M1_A07_S2	A07		S2	M1	HH	W15	NR	150	1	0	0.0	0.0	inf	0.0	0.0	0.0	iteration	1          0  0.0000000E+00  0.00E+00    0.00    0.00*   0.00
P_W15_HH_M1_A07_S2	adaptive	W15_HH_M1_A07_S2	A07		S2	M1	HH	W15	NR	151	2	0	0.0	0.0	inf	0.0	0.0	0.0	iteration	2          0  0.0000000E+00  0.00E+00    0.00    0.00    0.00
P_W15_HH_M1_A07_S2	adaptive	W15_HH_M1_A07_S2	A07		S2	M1	HH	W15	NR	152	3	0	0.0	0.0	inf	0.0	0.0	0.0	iteration	3          0  0.0000000E+00  0.00E+00    0.00    0.00    0.00
P_W15_HH_M1_A07_S2	adaptive	W15_HH_M1_A07_S2	A07		S2	M1	HH	W15	NR	153	4	0	0.0	0.0	inf	0.0	0.0	0.0	iteration	4          0  0.0000000E+00  0.00E+00    0.00    0.00    0.00
P_W15_HH_M1_A07_S2	adaptive	W15_HH_M1_A07_S2	A07		S2	M1	HH	W15	NR	154	5	0	0.0	0.0	inf	0.0	0.0	0.0	iteration	5          0  0.0000000E+00  0.00E+00    0.00    0.00    0.00
P_W15_HH_M1_A07_S2	adaptive	W15_HH_M1_A07_S2	A07		S2	M1	HH	W15	NR	155	6	0	0.0	0.0	inf	0.0	0.0	0.0	iteration	6          0  0.0000000E+00  0.00E+00    0.00    0.00    0.00
P_W15_HH_M1_A07_S2	adaptive	W15_HH_M1_A07_S2	A07		S2	M1	HH	W15	NR	156	7	0	0.0	0.0	inf	0.0	0.0	0.0	iteration	7          0  0.0000000E+00  0.00E+00    0.00    0.00    0.00
P_W15_HH_M1_A07_S2	adaptive	W15_HH_M1_A07_S2	A07		S2	M1	HH	W15	NR	157	8	0	0.0	0.0	inf	0.0	0.0	0.0	iteration	8          0  0.0000000E+00  0.00E+00    0.00    0.00    0.00
P_W15_HH_M1_A07_S2	adaptive	W15_HH_M1_A07_S2	A07		S2	M1	HH	W15	NR	158	9	0	0.0	0.0	inf	0.0	0.0	0.0	iteration	9          0  0.0000000E+00  0.00E+00    0.00    0.00    0.00
P_W15_HH_M1_A07_S2	adaptive	W15_HH_M1_A07_S2	A07		S2	M1	HH	W15	NR	159	10	0	0.0	0.0	inf	0.0	0.0	0.0	iteration	10          0  0.0000000E+00  0.00E+00    0.00    0.00    0.00
P_W15_HH_M1_A07_S2	adaptive	W15_HH_M1_A07_S2	A07		S2	M1	HH	W15	NR	161	10	0	0.0	0.0	inf	0.0	0.0	0.0	aggregate	10          0  0.0000000E+00  0.00E+00    0.00    0.00    0.00    0.00  10
C_W15_HH_M1_A07_S2_F0	fixed	W15_HH_M1_A07_S2_F0	A07	F0	S2	M1	HH	W15	NR	146	1	0	0.0	0.0	inf	0.0	0.0	0.0	iteration	1          0  0.0000000E+00  0.00E+00    0.00    0.00*   0.00
C_W15_HH_M1_A07_S2_F0	fixed	W15_HH_M1_A07_S2_F0	A07	F0	S2	M1	HH	W15	NR	147	2	0	0.0	0.0	inf	0.0	0.0	0.0	iteration	2          0  0.0000000E+00  0.00E+00    0.00    0.00    0.00
C_W15_HH_M1_A07_S2_F0	fixed	W15_HH_M1_A07_S2_F0	A07	F0	S2	M1	HH	W15	NR	148	3	0	0.0	0.0	inf	0.0	0.0	0.0	iteration	3          0  0.0000000E+00  0.00E+00    0.00    0.00    0.00
C_W15_HH_M1_A07_S2_F0	fixed	W15_HH_M1_A07_S2_F0	A07	F0	S2	M1	HH	W15	NR	149	4	0	0.0	0.0	inf	0.0	0.0	0.0	iteration	4          0  0.0000000E+00  0.00E+00    0.00    0.00    0.00
C_W15_HH_M1_A07_S2_F0	fixed	W15_HH_M1_A07_S2_F0	A07	F0	S2	M1	HH	W15	NR	150	5	0	0.0	0.0	inf	0.0	0.0	0.0	iteration	5          0  0.0000000E+00  0.00E+00    0.00    0.00    0.00
C_W15_HH_M1_A07_S2_F0	fixed	W15_HH_M1_A07_S2_F0	A07	F0	S2	M1	HH	W15	NR	151	6	0	0.0	0.0	inf	0.0	0.0	0.0	iteration	6          0  0.0000000E+00  0.00E+00    0.00    0.00    0.00
C_W15_HH_M1_A07_S2_F0	fixed	W15_HH_M1_A07_S2_F0	A07	F0	S2	M1	HH	W15	NR	152	7	0	0.0	0.0	inf	0.0	0.0	0.0	iteration	7          0  0.0000000E+00  0.00E+00    0.00    0.00    0.00
C_W15_HH_M1_A07_S2_F0	fixed	W15_HH_M1_A07_S2_F0	A07	F0	S2	M1	HH	W15	NR	153	8	0	0.0	0.0	inf	0.0	0.0	0.0	iteration	8          0  0.0000000E+00  0.00E+00    0.00    0.00    0.00
C_W15_HH_M1_A07_S2_F0	fixed	W15_HH_M1_A07_S2_F0	A07	F0	S2	M1	HH	W15	NR	154	9	0	0.0	0.0	inf	0.0	0.0	0.0	iteration	9          0  0.0000000E+00  0.00E+00    0.00    0.00    0.00
C_W15_HH_M1_A07_S2_F0	fixed	W15_HH_M1_A07_S2_F0	A07	F0	S2	M1	HH	W15	NR	155	10	0	0.0	0.0	inf	0.0	0.0	0.0	iteration	10          0  0.0000000E+00  0.00E+00    0.00    0.00    0.00
C_W15_HH_M1_A07_S2_F0	fixed	W15_HH_M1_A07_S2_F0	A07	F0	S2	M1	HH	W15	NR	157	10	0	0.0	0.0	inf	0.0	0.0	0.0	aggregate	10          0  0.0000000E+00  0.00E+00    0.00    0.00    0.00    0.00  10
C_W15_HH_M1_A07_S2_F0	fixed	W15_HH_M1_A07_S2_F0	A07	F0	S2	M1	HH	W15	NR	159	11	0	0.0	0.0	inf	0.0	0.0	0.0	iteration	11          0  0.0000000E+00  0.00E+00    0.00    0.00    0.00
C_W15_HH_M1_A07_S2_F0	fixed	W15_HH_M1_A07_S2_F0	A07	F0	S2	M1	HH	W15	NR	160	12	0	0.0	0.0	inf	0.0	0.0	0.0	iteration	12          0  0.0000000E+00  0.00E+00    0.00    0.00    0.00
C_W15_HH_M1_A07_S2_F0	fixed	W15_HH_M1_A07_S2_F0	A07	F0	S2	M1	HH	W15	NR	161	13	0	0.0	0.0	inf	0.0	0.0	0.0	iteration	13          0  0.0000000E+00  0.00E+00    0.00    0.00    0.00
C_W15_HH_M1_A07_S2_F0	fixed	W15_HH_M1_A07_S2_F0	A07	F0	S2	M1	HH	W15	NR	163	13	0	0.0	0.0	inf	0.0	0.0	0.0	aggregate	13          0  0.0000000E+00  0.00E+00    0.00    0.00    0.00    0.00   3
P_W15_HH_M1_A07_S3	adaptive	W15_HH_M1_A07_S3	A07		S3	M1	HH	W15	NR	150	1	0	0.0	0.0	inf	0.0	0.0	0.0	iteration	1          0  0.0000000E+00  0.00E+00    0.00    0.00*   0.00
P_W15_HH_M1_A07_S3	adaptive	W15_HH_M1_A07_S3	A07		S3	M1	HH	W15	NR	151	2	0	0.0	0.0	inf	0.0	0.0	0.0	iteration	2          0  0.0000000E+00  0.00E+00    0.00    0.00    0.00
P_W15_HH_M1_A07_S3	adaptive	W15_HH_M1_A07_S3	A07		S3	M1	HH	W15	NR	152	3	0	0.0	0.0	inf	0.0	0.0	0.0	iteration	3          0  0.0000000E+00  0.00E+00    0.00    0.00    0.00
P_W15_HH_M1_A07_S3	adaptive	W15_HH_M1_A07_S3	A07		S3	M1	HH	W15	NR	153	4	0	0.0	0.0	inf	0.0	0.0	0.0	iteration	4          0  0.0000000E+00  0.00E+00    0.00    0.00    0.00
P_W15_HH_M1_A07_S3	adaptive	W15_HH_M1_A07_S3	A07		S3	M1	HH	W15	NR	154	5	0	0.0	0.0	inf	0.0	0.0	0.0	iteration	5          0  0.0000000E+00  0.00E+00    0.00    0.00    0.00
P_W15_HH_M1_A07_S3	adaptive	W15_HH_M1_A07_S3	A07		S3	M1	HH	W15	NR	155	6	0	0.0	0.0	inf	0.0	0.0	0.0	iteration	6          0  0.0000000E+00  0.00E+00    0.00    0.00    0.00
P_W15_HH_M1_A07_S3	adaptive	W15_HH_M1_A07_S3	A07		S3	M1	HH	W15	NR	156	7	0	0.0	0.0	inf	0.0	0.0	0.0	iteration	7          0  0.0000000E+00  0.00E+00    0.00    0.00    0.00
P_W15_HH_M1_A07_S3	adaptive	W15_HH_M1_A07_S3	A07		S3	M1	HH	W15	NR	157	8	0	0.0	0.0	inf	0.0	0.0	0.0	iteration	8          0  0.0000000E+00  0.00E+00    0.00    0.00    0.00
P_W15_HH_M1_A07_S3	adaptive	W15_HH_M1_A07_S3	A07		S3	M1	HH	W15	NR	158	9	0	0.0	0.0	inf	0.0	0.0	0.0	iteration	9          0  0.0000000E+00  0.00E+00    0.00    0.00    0.00
P_W15_HH_M1_A07_S3	adaptive	W15_HH_M1_A07_S3	A07		S3	M1	HH	W15	NR	159	10	0	0.0	0.0	inf	0.0	0.0	0.0	iteration	10          0  0.0000000E+00  0.00E+00    0.00    0.00    0.00
P_W15_HH_M1_A07_S3	adaptive	W15_HH_M1_A07_S3	A07		S3	M1	HH	W15	NR	161	10	0	0.0	0.0	inf	0.0	0.0	0.0	aggregate	10          0  0.0000000E+00  0.00E+00    0.00    0.00    0.00    0.00  10
C_W15_HH_M1_A07_S3_F0	fixed	W15_HH_M1_A07_S3_F0	A07	F0	S3	M1	HH	W15	NR	146	1	0	0.0	0.0	inf	0.0	0.0	0.0	iteration	1          0  0.0000000E+00  0.00E+00    0.00    0.00*   0.00
C_W15_HH_M1_A07_S3_F0	fixed	W15_HH_M1_A07_S3_F0	A07	F0	S3	M1	HH	W15	NR	147	2	0	0.0	0.0	inf	0.0	0.0	0.0	iteration	2          0  0.0000000E+00  0.00E+00    0.00    0.00    0.00
C_W15_HH_M1_A07_S3_F0	fixed	W15_HH_M1_A07_S3_F0	A07	F0	S3	M1	HH	W15	NR	148	3	0	0.0	0.0	inf	0.0	0.0	0.0	iteration	3          0  0.0000000E+00  0.00E+00    0.00    0.00    0.00
C_W15_HH_M1_A07_S3_F0	fixed	W15_HH_M1_A07_S3_F0	A07	F0	S3	M1	HH	W15	NR	149	4	0	0.0	0.0	inf	0.0	0.0	0.0	iteration	4          0  0.0000000E+00  0.00E+00    0.00    0.00    0.00
C_W15_HH_M1_A07_S3_F0	fixed	W15_HH_M1_A07_S3_F0	A07	F0	S3	M1	HH	W15	NR	150	5	0	0.0	0.0	inf	0.0	0.0	0.0	iteration	5          0  0.0000000E+00  0.00E+00    0.00    0.00    0.00
C_W15_HH_M1_A07_S3_F0	fixed	W15_HH_M1_A07_S3_F0	A07	F0	S3	M1	HH	W15	NR	151	6	0	0.0	0.0	inf	0.0	0.0	0.0	iteration	6          0  0.0000000E+00  0.00E+00    0.00    0.00    0.00
C_W15_HH_M1_A07_S3_F0	fixed	W15_HH_M1_A07_S3_F0	A07	F0	S3	M1	HH	W15	NR	152	7	0	0.0	0.0	inf	0.0	0.0	0.0	iteration	7          0  0.0000000E+00  0.00E+00    0.00    0.00    0.00
C_W15_HH_M1_A07_S3_F0	fixed	W15_HH_M1_A07_S3_F0	A07	F0	S3	M1	HH	W15	NR	153	8	0	0.0	0.0	inf	0.0	0.0	0.0	iteration	8          0  0.0000000E+00  0.00E+00    0.00    0.00    0.00
C_W15_HH_M1_A07_S3_F0	fixed	W15_HH_M1_A07_S3_F0	A07	F0	S3	M1	HH	W15	NR	154	9	0	0.0	0.0	inf	0.0	0.0	0.0	iteration	9          0  0.0000000E+00  0.00E+00    0.00    0.00    0.00
C_W15_HH_M1_A07_S3_F0	fixed	W15_HH_M1_A07_S3_F0	A07	F0	S3	M1	HH	W15	NR	155	10	0	0.0	0.0	inf	0.0	0.0	0.0	iteration	10          0  0.0000000E+00  0.00E+00    0.00    0.00    0.00
C_W15_HH_M1_A07_S3_F0	fixed	W15_HH_M1_A07_S3_F0	A07	F0	S3	M1	HH	W15	NR	157	10	0	0.0	0.0	inf	0.0	0.0	0.0	aggregate	10          0  0.0000000E+00  0.00E+00    0.00    0.00    0.00    0.00  10
C_W15_HH_M1_A07_S3_F0	fixed	W15_HH_M1_A07_S3_F0	A07	F0	S3	M1	HH	W15	NR	159	11	0	0.0	0.0	inf	0.0	0.0	0.0	iteration	11          0  0.0000000E+00  0.00E+00    0.00    0.00    0.00
C_W15_HH_M1_A07_S3_F0	fixed	W15_HH_M1_A07_S3_F0	A07	F0	S3	M1	HH	W15	NR	160	12	0	0.0	0.0	inf	0.0	0.0	0.0	iteration	12          0  0.0000000E+00  0.00E+00    0.00    0.00    0.00
C_W15_HH_M1_A07_S3_F0	fixed	W15_HH_M1_A07_S3_F0	A07	F0	S3	M1	HH	W15	NR	161	13	0	0.0	0.0	inf	0.0	0.0	0.0	iteration	13          0  0.0000000E+00  0.00E+00    0.00    0.00    0.00
C_W15_HH_M1_A07_S3_F0	fixed	W15_HH_M1_A07_S3_F0	A07	F0	S3	M1	HH	W15	NR	163	13	0	0.0	0.0	inf	0.0	0.0	0.0	aggregate	13          0  0.0000000E+00  0.00E+00    0.00    0.00    0.00    0.00   3
P_W15_HH_M1_A07_S4	adaptive	W15_HH_M1_A07_S4	A07		S4	M1	HH	W15	NR	150	1	0	0.0	0.0	inf	0.0	0.0	0.0	iteration	1          0  0.0000000E+00  0.00E+00    0.00    0.00*   0.00
P_W15_HH_M1_A07_S4	adaptive	W15_HH_M1_A07_S4	A07		S4	M1	HH	W15	NR	151	2	0	0.0	0.0	inf	0.0	0.0	0.0	iteration	2          0  0.0000000E+00  0.00E+00    0.00    0.00    0.00
P_W15_HH_M1_A07_S4	adaptive	W15_HH_M1_A07_S4	A07		S4	M1	HH	W15	NR	152	3	0	0.0	0.0	inf	0.0	0.0	0.0	iteration	3          0  0.0000000E+00  0.00E+00    0.00    0.00    0.00
P_W15_HH_M1_A07_S4	adaptive	W15_HH_M1_A07_S4	A07		S4	M1	HH	W15	NR	153	4	0	0.0	0.0	inf	0.0	0.0	0.0	iteration	4          0  0.0000000E+00  0.00E+00    0.00    0.00    0.00
P_W15_HH_M1_A07_S4	adaptive	W15_HH_M1_A07_S4	A07		S4	M1	HH	W15	NR	154	5	0	0.0	0.0	inf	0.0	0.0	0.0	iteration	5          0  0.0000000E+00  0.00E+00    0.00    0.00    0.00
P_W15_HH_M1_A07_S4	adaptive	W15_HH_M1_A07_S4	A07		S4	M1	HH	W15	NR	155	6	0	0.0	0.0	inf	0.0	0.0	0.0	iteration	6          0  0.0000000E+00  0.00E+00    0.00    0.00    0.00
P_W15_HH_M1_A07_S4	adaptive	W15_HH_M1_A07_S4	A07		S4	M1	HH	W15	NR	156	7	0	0.0	0.0	inf	0.0	0.0	0.0	iteration	7          0  0.0000000E+00  0.00E+00    0.00    0.00    0.00
P_W15_HH_M1_A07_S4	adaptive	W15_HH_M1_A07_S4	A07		S4	M1	HH	W15	NR	157	8	0	0.0	0.0	inf	0.0	0.0	0.0	iteration	8          0  0.0000000E+00  0.00E+00    0.00    0.00    0.00
P_W15_HH_M1_A07_S4	adaptive	W15_HH_M1_A07_S4	A07		S4	M1	HH	W15	NR	158	9	0	0.0	0.0	inf	0.0	0.0	0.0	iteration	9          0  0.0000000E+00  0.00E+00    0.00    0.00    0.00
P_W15_HH_M1_A07_S4	adaptive	W15_HH_M1_A07_S4	A07		S4	M1	HH	W15	NR	159	10	0	0.0	0.0	inf	0.0	0.0	0.0	iteration	10          0  0.0000000E+00  0.00E+00    0.00    0.00    0.00
P_W15_HH_M1_A07_S4	adaptive	W15_HH_M1_A07_S4	A07		S4	M1	HH	W15	NR	161	10	0	0.0	0.0	inf	0.0	0.0	0.0	aggregate	10          0  0.0000000E+00  0.00E+00    0.00    0.00    0.00    0.00  10
C_W15_HH_M1_A07_S4_F0	fixed	W15_HH_M1_A07_S4_F0	A07	F0	S4	M1	HH	W15	NR	146	1	0	0.0	0.0	inf	0.0	0.0	0.0	iteration	1          0  0.0000000E+00  0.00E+00    0.00    0.00*   0.00
C_W15_HH_M1_A07_S4_F0	fixed	W15_HH_M1_A07_S4_F0	A07	F0	S4	M1	HH	W15	NR	147	2	0	0.0	0.0	inf	0.0	0.0	0.0	iteration	2          0  0.0000000E+00  0.00E+00    0.00    0.00    0.00
C_W15_HH_M1_A07_S4_F0	fixed	W15_HH_M1_A07_S4_F0	A07	F0	S4	M1	HH	W15	NR	148	3	0	0.0	0.0	inf	0.0	0.0	0.0	iteration	3          0  0.0000000E+00  0.00E+00    0.00    0.00    0.00
C_W15_HH_M1_A07_S4_F0	fixed	W15_HH_M1_A07_S4_F0	A07	F0	S4	M1	HH	W15	NR	149	4	0	0.0	0.0	inf	0.0	0.0	0.0	iteration	4          0  0.0000000E+00  0.00E+00    0.00    0.00    0.00
C_W15_HH_M1_A07_S4_F0	fixed	W15_HH_M1_A07_S4_F0	A07	F0	S4	M1	HH	W15	NR	150	5	0	0.0	0.0	inf	0.0	0.0	0.0	iteration	5          0  0.0000000E+00  0.00E+00    0.00    0.00    0.00
C_W15_HH_M1_A07_S4_F0	fixed	W15_HH_M1_A07_S4_F0	A07	F0	S4	M1	HH	W15	NR	151	6	0	0.0	0.0	inf	0.0	0.0	0.0	iteration	6          0  0.0000000E+00  0.00E+00    0.00    0.00    0.00
C_W15_HH_M1_A07_S4_F0	fixed	W15_HH_M1_A07_S4_F0	A07	F0	S4	M1	HH	W15	NR	152	7	0	0.0	0.0	inf	0.0	0.0	0.0	iteration	7          0  0.0000000E+00  0.00E+00    0.00    0.00    0.00
C_W15_HH_M1_A07_S4_F0	fixed	W15_HH_M1_A07_S4_F0	A07	F0	S4	M1	HH	W15	NR	153	8	0	0.0	0.0	inf	0.0	0.0	0.0	iteration	8          0  0.0000000E+00  0.00E+00    0.00    0.00    0.00
C_W15_HH_M1_A07_S4_F0	fixed	W15_HH_M1_A07_S4_F0	A07	F0	S4	M1	HH	W15	NR	154	9	0	0.0	0.0	inf	0.0	0.0	0.0	iteration	9          0  0.0000000E+00  0.00E+00    0.00    0.00    0.00
C_W15_HH_M1_A07_S4_F0	fixed	W15_HH_M1_A07_S4_F0	A07	F0	S4	M1	HH	W15	NR	155	10	0	0.0	0.0	inf	0.0	0.0	0.0	iteration	10          0  0.0000000E+00  0.00E+00    0.00    0.00    0.00
C_W15_HH_M1_A07_S4_F0	fixed	W15_HH_M1_A07_S4_F0	A07	F0	S4	M1	HH	W15	NR	157	10	0	0.0	0.0	inf	0.0	0.0	0.0	aggregate	10          0  0.0000000E+00  0.00E+00    0.00    0.00    0.00    0.00  10
C_W15_HH_M1_A07_S4_F0	fixed	W15_HH_M1_A07_S4_F0	A07	F0	S4	M1	HH	W15	NR	159	11	0	0.0	0.0	inf	0.0	0.0	0.0	iteration	11          0  0.0000000E+00  0.00E+00    0.00    0.00    0.00
C_W15_HH_M1_A07_S4_F0	fixed	W15_HH_M1_A07_S4_F0	A07	F0	S4	M1	HH	W15	NR	160	12	0	0.0	0.0	inf	0.0	0.0	0.0	iteration	12          0  0.0000000E+00  0.00E+00    0.00    0.00    0.00
C_W15_HH_M1_A07_S4_F0	fixed	W15_HH_M1_A07_S4_F0	A07	F0	S4	M1	HH	W15	NR	161	13	0	0.0	0.0	inf	0.0	0.0	0.0	iteration	13          0  0.0000000E+00  0.00E+00    0.00    0.00    0.00
C_W15_HH_M1_A07_S4_F0	fixed	W15_HH_M1_A07_S4_F0	A07	F0	S4	M1	HH	W15	NR	163	13	0	0.0	0.0	inf	0.0	0.0	0.0	aggregate	13          0  0.0000000E+00  0.00E+00    0.00    0.00    0.00    0.00   3
P_W15_HH_M1_A07_S5	adaptive	W15_HH_M1_A07_S5	A07		S5	M1	HH	W15	NR	150	1	0	0.0	0.0	inf	0.0	0.0	0.0	iteration	1          0  0.0000000E+00  0.00E+00    0.00    0.00*   0.00
P_W15_HH_M1_A07_S5	adaptive	W15_HH_M1_A07_S5	A07		S5	M1	HH	W15	NR	151	2	0	0.0	0.0	inf	0.0	0.0	0.0	iteration	2          0  0.0000000E+00  0.00E+00    0.00    0.00    0.00
P_W15_HH_M1_A07_S5	adaptive	W15_HH_M1_A07_S5	A07		S5	M1	HH	W15	NR	152	3	0	0.0	0.0	inf	0.0	0.0	0.0	iteration	3          0  0.0000000E+00  0.00E+00    0.00    0.00    0.00
P_W15_HH_M1_A07_S5	adaptive	W15_HH_M1_A07_S5	A07		S5	M1	HH	W15	NR	153	4	0	0.0	0.0	inf	0.0	0.0	0.0	iteration	4          0  0.0000000E+00  0.00E+00    0.00    0.00    0.00
P_W15_HH_M1_A07_S5	adaptive	W15_HH_M1_A07_S5	A07		S5	M1	HH	W15	NR	154	5	0	0.0	0.0	inf	0.0	0.0	0.0	iteration	5          0  0.0000000E+00  0.00E+00    0.00    0.00    0.00
P_W15_HH_M1_A07_S5	adaptive	W15_HH_M1_A07_S5	A07		S5	M1	HH	W15	NR	155	6	0	0.0	0.0	inf	0.0	0.0	0.0	iteration	6          0  0.0000000E+00  0.00E+00    0.00    0.00    0.00
P_W15_HH_M1_A07_S5	adaptive	W15_HH_M1_A07_S5	A07		S5	M1	HH	W15	NR	156	7	0	0.0	0.0	inf	0.0	0.0	0.0	iteration	7          0  0.0000000E+00  0.00E+00    0.00    0.00    0.00
P_W15_HH_M1_A07_S5	adaptive	W15_HH_M1_A07_S5	A07		S5	M1	HH	W15	NR	157	8	0	0.0	0.0	inf	0.0	0.0	0.0	iteration	8          0  0.0000000E+00  0.00E+00    0.00    0.00    0.00
P_W15_HH_M1_A07_S5	adaptive	W15_HH_M1_A07_S5	A07		S5	M1	HH	W15	NR	158	9	0	0.0	0.0	inf	0.0	0.0	0.0	iteration	9          0  0.0000000E+00  0.00E+00    0.00    0.00    0.00
P_W15_HH_M1_A07_S5	adaptive	W15_HH_M1_A07_S5	A07		S5	M1	HH	W15	NR	159	10	0	0.0	0.0	inf	0.0	0.0	0.0	iteration	10          0  0.0000000E+00  0.00E+00    0.00    0.00    0.00
P_W15_HH_M1_A07_S5	adaptive	W15_HH_M1_A07_S5	A07		S5	M1	HH	W15	NR	161	10	0	0.0	0.0	inf	0.0	0.0	0.0	aggregate	10          0  0.0000000E+00  0.00E+00    0.00    0.00    0.00    0.00  10
C_W15_HH_M1_A07_S5_F0	fixed	W15_HH_M1_A07_S5_F0	A07	F0	S5	M1	HH	W15	NR	146	1	0	0.0	0.0	inf	0.0	0.0	0.0	iteration	1          0  0.0000000E+00  0.00E+00    0.00    0.00*   0.00
C_W15_HH_M1_A07_S5_F0	fixed	W15_HH_M1_A07_S5_F0	A07	F0	S5	M1	HH	W15	NR	147	2	0	0.0	0.0	inf	0.0	0.0	0.0	iteration	2          0  0.0000000E+00  0.00E+00    0.00    0.00    0.00
C_W15_HH_M1_A07_S5_F0	fixed	W15_HH_M1_A07_S5_F0	A07	F0	S5	M1	HH	W15	NR	148	3	0	0.0	0.0	inf	0.0	0.0	0.0	iteration	3          0  0.0000000E+00  0.00E+00    0.00    0.00    0.00
C_W15_HH_M1_A07_S5_F0	fixed	W15_HH_M1_A07_S5_F0	A07	F0	S5	M1	HH	W15	NR	149	4	0	0.0	0.0	inf	0.0	0.0	0.0	iteration	4          0  0.0000000E+00  0.00E+00    0.00    0.00    0.00
C_W15_HH_M1_A07_S5_F0	fixed	W15_HH_M1_A07_S5_F0	A07	F0	S5	M1	HH	W15	NR	150	5	0	0.0	0.0	inf	0.0	0.0	0.0	iteration	5          0  0.0000000E+00  0.00E+00    0.00    0.00    0.00
C_W15_HH_M1_A07_S5_F0	fixed	W15_HH_M1_A07_S5_F0	A07	F0	S5	M1	HH	W15	NR	151	6	0	0.0	0.0	inf	0.0	0.0	0.0	iteration	6          0  0.0000000E+00  0.00E+00    0.00    0.00    0.00
C_W15_HH_M1_A07_S5_F0	fixed	W15_HH_M1_A07_S5_F0	A07	F0	S5	M1	HH	W15	NR	152	7	0	0.0	0.0	inf	0.0	0.0	0.0	iteration	7          0  0.0000000E+00  0.00E+00    0.00    0.00    0.00
C_W15_HH_M1_A07_S5_F0	fixed	W15_HH_M1_A07_S5_F0	A07	F0	S5	M1	HH	W15	NR	153	8	0	0.0	0.0	inf	0.0	0.0	0.0	iteration	8          0  0.0000000E+00  0.00E+00    0.00    0.00    0.00
C_W15_HH_M1_A07_S5_F0	fixed	W15_HH_M1_A07_S5_F0	A07	F0	S5	M1	HH	W15	NR	154	9	0	0.0	0.0	inf	0.0	0.0	0.0	iteration	9          0  0.0000000E+00  0.00E+00    0.00    0.00    0.00
C_W15_HH_M1_A07_S5_F0	fixed	W15_HH_M1_A07_S5_F0	A07	F0	S5	M1	HH	W15	NR	155	10	0	0.0	0.0	inf	0.0	0.0	0.0	iteration	10          0  0.0000000E+00  0.00E+00    0.00    0.00    0.00
C_W15_HH_M1_A07_S5_F0	fixed	W15_HH_M1_A07_S5_F0	A07	F0	S5	M1	HH	W15	NR	157	10	0	0.0	0.0	inf	0.0	0.0	0.0	aggregate	10          0  0.0000000E+00  0.00E+00    0.00    0.00    0.00    0.00  10
C_W15_HH_M1_A07_S5_F0	fixed	W15_HH_M1_A07_S5_F0	A07	F0	S5	M1	HH	W15	NR	159	11	0	0.0	0.0	inf	0.0	0.0	0.0	iteration	11          0  0.0000000E+00  0.00E+00    0.00    0.00    0.00
C_W15_HH_M1_A07_S5_F0	fixed	W15_HH_M1_A07_S5_F0	A07	F0	S5	M1	HH	W15	NR	160	12	0	0.0	0.0	inf	0.0	0.0	0.0	iteration	12          0  0.0000000E+00  0.00E+00    0.00    0.00    0.00
C_W15_HH_M1_A07_S5_F0	fixed	W15_HH_M1_A07_S5_F0	A07	F0	S5	M1	HH	W15	NR	161	13	0	0.0	0.0	inf	0.0	0.0	0.0	iteration	13          0  0.0000000E+00  0.00E+00    0.00    0.00    0.00
C_W15_HH_M1_A07_S5_F0	fixed	W15_HH_M1_A07_S5_F0	A07	F0	S5	M1	HH	W15	NR	163	13	0	0.0	0.0	inf	0.0	0.0	0.0	aggregate	13          0  0.0000000E+00  0.00E+00    0.00    0.00    0.00    0.00   3
P_W15_HH_M1_A07_S6	adaptive	W15_HH_M1_A07_S6	A07		S6	M1	HH	W15	NR	150	1	0	0.0	0.0	inf	0.0	0.0	0.0	iteration	1          0  0.0000000E+00  0.00E+00    0.00    0.00*   0.00
P_W15_HH_M1_A07_S6	adaptive	W15_HH_M1_A07_S6	A07		S6	M1	HH	W15	NR	151	2	0	0.0	0.0	inf	0.0	0.0	0.0	iteration	2          0  0.0000000E+00  0.00E+00    0.00    0.00    0.00
P_W15_HH_M1_A07_S6	adaptive	W15_HH_M1_A07_S6	A07		S6	M1	HH	W15	NR	152	3	0	0.0	0.0	inf	0.0	0.0	0.0	iteration	3          0  0.0000000E+00  0.00E+00    0.00    0.00    0.00
P_W15_HH_M1_A07_S6	adaptive	W15_HH_M1_A07_S6	A07		S6	M1	HH	W15	NR	153	4	0	0.0	0.0	inf	0.0	0.0	0.0	iteration	4          0  0.0000000E+00  0.00E+00    0.00    0.00    0.00
P_W15_HH_M1_A07_S6	adaptive	W15_HH_M1_A07_S6	A07		S6	M1	HH	W15	NR	154	5	0	0.0	0.0	inf	0.0	0.0	0.0	iteration	5          0  0.0000000E+00  0.00E+00    0.00    0.00    0.00
P_W15_HH_M1_A07_S6	adaptive	W15_HH_M1_A07_S6	A07		S6	M1	HH	W15	NR	155	6	0	0.0	0.0	inf	0.0	0.0	0.0	iteration	6          0  0.0000000E+00  0.00E+00    0.00    0.00    0.00
P_W15_HH_M1_A07_S6	adaptive	W15_HH_M1_A07_S6	A07		S6	M1	HH	W15	NR	156	7	0	0.0	0.0	inf	0.0	0.0	0.0	iteration	7          0  0.0000000E+00  0.00E+00    0.00    0.00    0.00
P_W15_HH_M1_A07_S6	adaptive	W15_HH_M1_A07_S6	A07		S6	M1	HH	W15	NR	157	8	0	0.0	0.0	inf	0.0	0.0	0.0	iteration	8          0  0.0000000E+00  0.00E+00    0.00    0.00    0.00
P_W15_HH_M1_A07_S6	adaptive	W15_HH_M1_A07_S6	A07		S6	M1	HH	W15	NR	158	9	0	0.0	0.0	inf	0.0	0.0	0.0	iteration	9          0  0.0000000E+00  0.00E+00    0.00    0.00    0.00
P_W15_HH_M1_A07_S6	adaptive	W15_HH_M1_A07_S6	A07		S6	M1	HH	W15	NR	159	10	0	0.0	0.0	inf	0.0	0.0	0.0	iteration	10          0  0.0000000E+00  0.00E+00    0.00    0.00    0.00
P_W15_HH_M1_A07_S6	adaptive	W15_HH_M1_A07_S6	A07		S6	M1	HH	W15	NR	161	10	0	0.0	0.0	inf	0.0	0.0	0.0	aggregate	10          0  0.0000000E+00  0.00E+00    0.00    0.00    0.00    0.00  10
C_W15_HH_M1_A07_S6_F0	fixed	W15_HH_M1_A07_S6_F0	A07	F0	S6	M1	HH	W15	NR	146	1	0	0.0	0.0	inf	0.0	0.0	0.0	iteration	1          0  0.0000000E+00  0.00E+00    0.00    0.00*   0.00
C_W15_HH_M1_A07_S6_F0	fixed	W15_HH_M1_A07_S6_F0	A07	F0	S6	M1	HH	W15	NR	147	2	0	0.0	0.0	inf	0.0	0.0	0.0	iteration	2          0  0.0000000E+00  0.00E+00    0.00    0.00    0.00
C_W15_HH_M1_A07_S6_F0	fixed	W15_HH_M1_A07_S6_F0	A07	F0	S6	M1	HH	W15	NR	148	3	0	0.0	0.0	inf	0.0	0.0	0.0	iteration	3          0  0.0000000E+00  0.00E+00    0.00    0.00    0.00
C_W15_HH_M1_A07_S6_F0	fixed	W15_HH_M1_A07_S6_F0	A07	F0	S6	M1	HH	W15	NR	149	4	0	0.0	0.0	inf	0.0	0.0	0.0	iteration	4          0  0.0000000E+00  0.00E+00    0.00    0.00    0.00
C_W15_HH_M1_A07_S6_F0	fixed	W15_HH_M1_A07_S6_F0	A07	F0	S6	M1	HH	W15	NR	150	5	0	0.0	0.0	inf	0.0	0.0	0.0	iteration	5          0  0.0000000E+00  0.00E+00    0.00    0.00    0.00
C_W15_HH_M1_A07_S6_F0	fixed	W15_HH_M1_A07_S6_F0	A07	F0	S6	M1	HH	W15	NR	151	6	0	0.0	0.0	inf	0.0	0.0	0.0	iteration	6          0  0.0000000E+00  0.00E+00    0.00    0.00    0.00
C_W15_HH_M1_A07_S6_F0	fixed	W15_HH_M1_A07_S6_F0	A07	F0	S6	M1	HH	W15	NR	152	7	0	0.0	0.0	inf	0.0	0.0	0.0	iteration	7          0  0.0000000E+00  0.00E+00    0.00    0.00    0.00
C_W15_HH_M1_A07_S6_F0	fixed	W15_HH_M1_A07_S6_F0	A07	F0	S6	M1	HH	W15	NR	153	8	0	0.0	0.0	inf	0.0	0.0	0.0	iteration	8          0  0.0000000E+00  0.00E+00    0.00    0.00    0.00
C_W15_HH_M1_A07_S6_F0	fixed	W15_HH_M1_A07_S6_F0	A07	F0	S6	M1	HH	W15	NR	154	9	0	0.0	0.0	inf	0.0	0.0	0.0	iteration	9          0  0.0000000E+00  0.00E+00    0.00    0.00    0.00
C_W15_HH_M1_A07_S6_F0	fixed	W15_HH_M1_A07_S6_F0	A07	F0	S6	M1	HH	W15	NR	155	10	0	0.0	0.0	inf	0.0	0.0	0.0	iteration	10          0  0.0000000E+00  0.00E+00    0.00    0.00    0.00
C_W15_HH_M1_A07_S6_F0	fixed	W15_HH_M1_A07_S6_F0	A07	F0	S6	M1	HH	W15	NR	157	10	0	0.0	0.0	inf	0.0	0.0	0.0	aggregate	10          0  0.0000000E+00  0.00E+00    0.00    0.00    0.00    0.00  10
C_W15_HH_M1_A07_S6_F0	fixed	W15_HH_M1_A07_S6_F0	A07	F0	S6	M1	HH	W15	NR	159	11	0	0.0	0.0	inf	0.0	0.0	0.0	iteration	11          0  0.0000000E+00  0.00E+00    0.00    0.00    0.00
C_W15_HH_M1_A07_S6_F0	fixed	W15_HH_M1_A07_S6_F0	A07	F0	S6	M1	HH	W15	NR	160	12	0	0.0	0.0	inf	0.0	0.0	0.0	iteration	12          0  0.0000000E+00  0.00E+00    0.00    0.00    0.00
C_W15_HH_M1_A07_S6_F0	fixed	W15_HH_M1_A07_S6_F0	A07	F0	S6	M1	HH	W15	NR	161	13	0	0.0	0.0	inf	0.0	0.0	0.0	iteration	13          0  0.0000000E+00  0.00E+00    0.00    0.00    0.00
C_W15_HH_M1_A07_S6_F0	fixed	W15_HH_M1_A07_S6_F0	A07	F0	S6	M1	HH	W15	NR	163	13	0	0.0	0.0	inf	0.0	0.0	0.0	aggregate	13          0  0.0000000E+00  0.00E+00    0.00    0.00    0.00    0.00   3
P_W15_HH_M1_A07_S7	adaptive	W15_HH_M1_A07_S7	A07		S7	M1	HH	W15	NR	150	1	0	0.0	0.0	inf	0.0	0.0	0.0	iteration	1          0  0.0000000E+00  0.00E+00    0.00    0.00*   0.00
P_W15_HH_M1_A07_S7	adaptive	W15_HH_M1_A07_S7	A07		S7	M1	HH	W15	NR	151	2	0	0.0	0.0	inf	0.0	0.0	0.0	iteration	2          0  0.0000000E+00  0.00E+00    0.00    0.00    0.00
P_W15_HH_M1_A07_S7	adaptive	W15_HH_M1_A07_S7	A07		S7	M1	HH	W15	NR	152	3	0	0.0	0.0	inf	0.0	0.0	0.0	iteration	3          0  0.0000000E+00  0.00E+00    0.00    0.00    0.00
P_W15_HH_M1_A07_S7	adaptive	W15_HH_M1_A07_S7	A07		S7	M1	HH	W15	NR	153	4	0	0.0	0.0	inf	0.0	0.0	0.0	iteration	4          0  0.0000000E+00  0.00E+00    0.00    0.00    0.00
P_W15_HH_M1_A07_S7	adaptive	W15_HH_M1_A07_S7	A07		S7	M1	HH	W15	NR	154	5	0	0.0	0.0	inf	0.0	0.0	0.0	iteration	5          0  0.0000000E+00  0.00E+00    0.00    0.00    0.00
P_W15_HH_M1_A07_S7	adaptive	W15_HH_M1_A07_S7	A07		S7	M1	HH	W15	NR	155	6	0	0.0	0.0	inf	0.0	0.0	0.0	iteration	6          0  0.0000000E+00  0.00E+00    0.00    0.00    0.00
P_W15_HH_M1_A07_S7	adaptive	W15_HH_M1_A07_S7	A07		S7	M1	HH	W15	NR	156	7	0	0.0	0.0	inf	0.0	0.0	0.0	iteration	7          0  0.0000000E+00  0.00E+00    0.00    0.00    0.00
P_W15_HH_M1_A07_S7	adaptive	W15_HH_M1_A07_S7	A07		S7	M1	HH	W15	NR	157	8	0	0.0	0.0	inf	0.0	0.0	0.0	iteration	8          0  0.0000000E+00  0.00E+00    0.00    0.00    0.00
P_W15_HH_M1_A07_S7	adaptive	W15_HH_M1_A07_S7	A07		S7	M1	HH	W15	NR	158	9	0	0.0	0.0	inf	0.0	0.0	0.0	iteration	9          0  0.0000000E+00  0.00E+00    0.00    0.00    0.00
P_W15_HH_M1_A07_S7	adaptive	W15_HH_M1_A07_S7	A07		S7	M1	HH	W15	NR	159	10	0	0.0	0.0	inf	0.0	0.0	0.0	iteration	10          0  0.0000000E+00  0.00E+00    0.00    0.00    0.00
P_W15_HH_M1_A07_S7	adaptive	W15_HH_M1_A07_S7	A07		S7	M1	HH	W15	NR	161	10	0	0.0	0.0	inf	0.0	0.0	0.0	aggregate	10          0  0.0000000E+00  0.00E+00    0.00    0.00    0.00    0.00  10
C_W15_HH_M1_A07_S7_F0	fixed	W15_HH_M1_A07_S7_F0	A07	F0	S7	M1	HH	W15	NR	146	1	0	0.0	0.0	inf	0.0	0.0	0.0	iteration	1          0  0.0000000E+00  0.00E+00    0.00    0.00*   0.00
C_W15_HH_M1_A07_S7_F0	fixed	W15_HH_M1_A07_S7_F0	A07	F0	S7	M1	HH	W15	NR	147	2	0	0.0	0.0	inf	0.0	0.0	0.0	iteration	2          0  0.0000000E+00  0.00E+00    0.00    0.00    0.00
C_W15_HH_M1_A07_S7_F0	fixed	W15_HH_M1_A07_S7_F0	A07	F0	S7	M1	HH	W15	NR	148	3	0	0.0	0.0	inf	0.0	0.0	0.0	iteration	3          0  0.0000000E+00  0.00E+00    0.00    0.00    0.00
C_W15_HH_M1_A07_S7_F0	fixed	W15_HH_M1_A07_S7_F0	A07	F0	S7	M1	HH	W15	NR	149	4	0	0.0	0.0	inf	0.0	0.0	0.0	iteration	4          0  0.0000000E+00  0.00E+00    0.00    0.00    0.00
C_W15_HH_M1_A07_S7_F0	fixed	W15_HH_M1_A07_S7_F0	A07	F0	S7	M1	HH	W15	NR	150	5	0	0.0	0.0	inf	0.0	0.0	0.0	iteration	5          0  0.0000000E+00  0.00E+00    0.00    0.00    0.00
C_W15_HH_M1_A07_S7_F0	fixed	W15_HH_M1_A07_S7_F0	A07	F0	S7	M1	HH	W15	NR	151	6	0	0.0	0.0	inf	0.0	0.0	0.0	iteration	6          0  0.0000000E+00  0.00E+00    0.00    0.00    0.00
C_W15_HH_M1_A07_S7_F0	fixed	W15_HH_M1_A07_S7_F0	A07	F0	S7	M1	HH	W15	NR	152	7	0	0.0	0.0	inf	0.0	0.0	0.0	iteration	7          0  0.0000000E+00  0.00E+00    0.00    0.00    0.00
C_W15_HH_M1_A07_S7_F0	fixed	W15_HH_M1_A07_S7_F0	A07	F0	S7	M1	HH	W15	NR	153	8	0	0.0	0.0	inf	0.0	0.0	0.0	iteration	8          0  0.0000000E+00  0.00E+00    0.00    0.00    0.00
C_W15_HH_M1_A07_S7_F0	fixed	W15_HH_M1_A07_S7_F0	A07	F0	S7	M1	HH	W15	NR	154	9	0	0.0	0.0	inf	0.0	0.0	0.0	iteration	9          0  0.0000000E+00  0.00E+00    0.00    0.00    0.00
C_W15_HH_M1_A07_S7_F0	fixed	W15_HH_M1_A07_S7_F0	A07	F0	S7	M1	HH	W15	NR	155	10	0	0.0	0.0	inf	0.0	0.0	0.0	iteration	10          0  0.0000000E+00  0.00E+00    0.00    0.00    0.00
C_W15_HH_M1_A07_S7_F0	fixed	W15_HH_M1_A07_S7_F0	A07	F0	S7	M1	HH	W15	NR	157	10	0	0.0	0.0	inf	0.0	0.0	0.0	aggregate	10          0  0.0000000E+00  0.00E+00    0.00    0.00    0.00    0.00  10
C_W15_HH_M1_A07_S7_F0	fixed	W15_HH_M1_A07_S7_F0	A07	F0	S7	M1	HH	W15	NR	159	11	0	0.0	0.0	inf	0.0	0.0	0.0	iteration	11          0  0.0000000E+00  0.00E+00    0.00    0.00    0.00
C_W15_HH_M1_A07_S7_F0	fixed	W15_HH_M1_A07_S7_F0	A07	F0	S7	M1	HH	W15	NR	160	12	0	0.0	0.0	inf	0.0	0.0	0.0	iteration	12          0  0.0000000E+00  0.00E+00    0.00    0.00    0.00
C_W15_HH_M1_A07_S7_F0	fixed	W15_HH_M1_A07_S7_F0	A07	F0	S7	M1	HH	W15	NR	161	13	0	0.0	0.0	inf	0.0	0.0	0.0	iteration	13          0  0.0000000E+00  0.00E+00    0.00    0.00    0.00
C_W15_HH_M1_A07_S7_F0	fixed	W15_HH_M1_A07_S7_F0	A07	F0	S7	M1	HH	W15	NR	163	13	0	0.0	0.0	inf	0.0	0.0	0.0	aggregate	13          0  0.0000000E+00  0.00E+00    0.00    0.00    0.00    0.00   3
P_W15_HH_M2_A10_S0	adaptive	W15_HH_M2_A10_S0	A10		S0	M2	HH	W15	NR	150	1	0	0.0	0.0	inf	0.0	0.0	0.0	iteration	1          0  0.0000000E+00  0.00E+00    0.00    0.00*   0.00
P_W15_HH_M2_A10_S0	adaptive	W15_HH_M2_A10_S0	A10		S0	M2	HH	W15	NR	152	1	0	0.0	0.0	inf	0.0	0.0	0.0	iteration	1          0  0.0000000E+00  0.00E+00    0.00    0.00    0.00
C_W15_HH_M2_A10_S0_F2	fixed	W15_HH_M2_A10_S0_F2	A10	F2	S0	M2	HH	W15	NR	146	1	0	0.0	0.0	inf	0.0	0.0	0.0	iteration	1          0  0.0000000E+00  0.00E+00    0.00    0.00*   0.00
C_W15_HH_M2_A10_S0_F2	fixed	W15_HH_M2_A10_S0_F2	A10	F2	S0	M2	HH	W15	NR	148	1	0	0.0	0.0	inf	0.0	0.0	0.0	iteration	1          0  0.0000000E+00  0.00E+00    0.00    0.00    0.00
C_W15_HH_M2_A10_S0_F2	fixed	W15_HH_M2_A10_S0_F2	A10	F2	S0	M2	HH	W15	NR	150	2	0	0.0	0.0	inf	0.0	0.0	0.0	iteration	2          0  0.0000000E+00  0.00E+00    0.00    0.00    0.00
C_W15_HH_M2_A10_S0_F2	fixed	W15_HH_M2_A10_S0_F2	A10	F2	S0	M2	HH	W15	NR	152	2	0	0.0	0.0	inf	0.0	0.0	0.0	iteration	2          0  0.0000000E+00  0.00E+00    0.00    0.00    0.00
P_W15_HH_M2_A10_S1	adaptive	W15_HH_M2_A10_S1	A10		S1	M2	HH	W15	NR	150	1	0	0.0	0.0	inf	0.0	0.0	0.0	iteration	1          0  0.0000000E+00  0.00E+00    0.00    0.00*   0.00
P_W15_HH_M2_A10_S1	adaptive	W15_HH_M2_A10_S1	A10		S1	M2	HH	W15	NR	152	1	0	0.0	0.0	inf	0.0	0.0	0.0	iteration	1          0  0.0000000E+00  0.00E+00    0.00    0.00    0.00
C_W15_HH_M2_A10_S1_F2	fixed	W15_HH_M2_A10_S1_F2	A10	F2	S1	M2	HH	W15	NR	146	1	0	0.0	0.0	inf	0.0	0.0	0.0	iteration	1          0  0.0000000E+00  0.00E+00    0.00    0.00*   0.00
C_W15_HH_M2_A10_S1_F2	fixed	W15_HH_M2_A10_S1_F2	A10	F2	S1	M2	HH	W15	NR	148	1	0	0.0	0.0	inf	0.0	0.0	0.0	iteration	1          0  0.0000000E+00  0.00E+00    0.00    0.00    0.00
C_W15_HH_M2_A10_S1_F2	fixed	W15_HH_M2_A10_S1_F2	A10	F2	S1	M2	HH	W15	NR	150	2	0	0.0	0.0	inf	0.0	0.0	0.0	iteration	2          0  0.0000000E+00  0.00E+00    0.00    0.00    0.00
C_W15_HH_M2_A10_S1_F2	fixed	W15_HH_M2_A10_S1_F2	A10	F2	S1	M2	HH	W15	NR	152	2	0	0.0	0.0	inf	0.0	0.0	0.0	iteration	2          0  0.0000000E+00  0.00E+00    0.00    0.00    0.00
P_W15_HH_M2_A10_S2	adaptive	W15_HH_M2_A10_S2	A10		S2	M2	HH	W15	NR	150	1	0	0.0	0.0	inf	0.0	0.0	0.0	iteration	1          0  0.0000000E+00  0.00E+00    0.00    0.00*   0.00
P_W15_HH_M2_A10_S2	adaptive	W15_HH_M2_A10_S2	A10		S2	M2	HH	W15	NR	152	1	0	0.0	0.0	inf	0.0	0.0	0.0	iteration	1          0  0.0000000E+00  0.00E+00    0.00    0.00    0.00
C_W15_HH_M2_A10_S2_F2	fixed	W15_HH_M2_A10_S2_F2	A10	F2	S2	M2	HH	W15	NR	146	1	0	0.0	0.0	inf	0.0	0.0	0.0	iteration	1          0  0.0000000E+00  0.00E+00    0.00    0.00*   0.00
C_W15_HH_M2_A10_S2_F2	fixed	W15_HH_M2_A10_S2_F2	A10	F2	S2	M2	HH	W15	NR	148	1	0	0.0	0.0	inf	0.0	0.0	0.0	iteration	1          0  0.0000000E+00  0.00E+00    0.00    0.00    0.00
C_W15_HH_M2_A10_S2_F2	fixed	W15_HH_M2_A10_S2_F2	A10	F2	S2	M2	HH	W15	NR	150	2	0	0.0	0.0	inf	0.0	0.0	0.0	iteration	2          0  0.0000000E+00  0.00E+00    0.00    0.00    0.00
C_W15_HH_M2_A10_S2_F2	fixed	W15_HH_M2_A10_S2_F2	A10	F2	S2	M2	HH	W15	NR	152	2	0	0.0	0.0	inf	0.0	0.0	0.0	iteration	2          0  0.0000000E+00  0.00E+00    0.00    0.00    0.00
P_W15_HH_M2_A10_S3	adaptive	W15_HH_M2_A10_S3	A10		S3	M2	HH	W15	NR	150	1	0	0.0	0.0	inf	0.0	0.0	0.0	iteration	1          0  0.0000000E+00  0.00E+00    0.00    0.00*   0.00
P_W15_HH_M2_A10_S3	adaptive	W15_HH_M2_A10_S3	A10		S3	M2	HH	W15	NR	152	1	0	0.0	0.0	inf	0.0	0.0	0.0	iteration	1          0  0.0000000E+00  0.00E+00    0.00    0.00    0.00
C_W15_HH_M2_A10_S3_F2	fixed	W15_HH_M2_A10_S3_F2	A10	F2	S3	M2	HH	W15	NR	146	1	0	0.0	0.0	inf	0.0	0.0	0.0	iteration	1          0  0.0000000E+00  0.00E+00    0.00    0.00*   0.00
C_W15_HH_M2_A10_S3_F2	fixed	W15_HH_M2_A10_S3_F2	A10	F2	S3	M2	HH	W15	NR	148	1	0	0.0	0.0	inf	0.0	0.0	0.0	iteration	1          0  0.0000000E+00  0.00E+00    0.00    0.00    0.00
C_W15_HH_M2_A10_S3_F2	fixed	W15_HH_M2_A10_S3_F2	A10	F2	S3	M2	HH	W15	NR	150	2	0	0.0	0.0	inf	0.0	0.0	0.0	iteration	2          0  0.0000000E+00  0.00E+00    0.00    0.00    0.00
C_W15_HH_M2_A10_S3_F2	fixed	W15_HH_M2_A10_S3_F2	A10	F2	S3	M2	HH	W15	NR	152	2	0	0.0	0.0	inf	0.0	0.0	0.0	iteration	2          0  0.0000000E+00  0.00E+00    0.00    0.00    0.00
P_W15_HH_M2_A10_S4	adaptive	W15_HH_M2_A10_S4	A10		S4	M2	HH	W15	NR	150	1	0	0.0	0.0	inf	0.0	0.0	0.0	iteration	1          0  0.0000000E+00  0.00E+00    0.00    0.00*   0.00
P_W15_HH_M2_A10_S4	adaptive	W15_HH_M2_A10_S4	A10		S4	M2	HH	W15	NR	152	1	0	0.0	0.0	inf	0.0	0.0	0.0	iteration	1          0  0.0000000E+00  0.00E+00    0.00    0.00    0.00
C_W15_HH_M2_A10_S4_F2	fixed	W15_HH_M2_A10_S4_F2	A10	F2	S4	M2	HH	W15	NR	146	1	0	0.0	0.0	inf	0.0	0.0	0.0	iteration	1          0  0.0000000E+00  0.00E+00    0.00    0.00*   0.00
C_W15_HH_M2_A10_S4_F2	fixed	W15_HH_M2_A10_S4_F2	A10	F2	S4	M2	HH	W15	NR	148	1	0	0.0	0.0	inf	0.0	0.0	0.0	iteration	1          0  0.0000000E+00  0.00E+00    0.00    0.00    0.00
C_W15_HH_M2_A10_S4_F2	fixed	W15_HH_M2_A10_S4_F2	A10	F2	S4	M2	HH	W15	NR	150	2	0	0.0	0.0	inf	0.0	0.0	0.0	iteration	2          0  0.0000000E+00  0.00E+00    0.00    0.00    0.00
C_W15_HH_M2_A10_S4_F2	fixed	W15_HH_M2_A10_S4_F2	A10	F2	S4	M2	HH	W15	NR	152	2	0	0.0	0.0	inf	0.0	0.0	0.0	iteration	2          0  0.0000000E+00  0.00E+00    0.00    0.00    0.00
P_W15_HH_M2_A10_S5	adaptive	W15_HH_M2_A10_S5	A10		S5	M2	HH	W15	NR	150	1	0	0.0	0.0	inf	0.0	0.0	0.0	iteration	1          0  0.0000000E+00  0.00E+00    0.00    0.00*   0.00
P_W15_HH_M2_A10_S5	adaptive	W15_HH_M2_A10_S5	A10		S5	M2	HH	W15	NR	152	1	0	0.0	0.0	inf	0.0	0.0	0.0	iteration	1          0  0.0000000E+00  0.00E+00    0.00    0.00    0.00
C_W15_HH_M2_A10_S5_F2	fixed	W15_HH_M2_A10_S5_F2	A10	F2	S5	M2	HH	W15	NR	146	1	0	0.0	0.0	inf	0.0	0.0	0.0	iteration	1          0  0.0000000E+00  0.00E+00    0.00    0.00*   0.00
C_W15_HH_M2_A10_S5_F2	fixed	W15_HH_M2_A10_S5_F2	A10	F2	S5	M2	HH	W15	NR	148	1	0	0.0	0.0	inf	0.0	0.0	0.0	iteration	1          0  0.0000000E+00  0.00E+00    0.00    0.00    0.00
C_W15_HH_M2_A10_S5_F2	fixed	W15_HH_M2_A10_S5_F2	A10	F2	S5	M2	HH	W15	NR	150	2	0	0.0	0.0	inf	0.0	0.0	0.0	iteration	2          0  0.0000000E+00  0.00E+00    0.00    0.00    0.00
C_W15_HH_M2_A10_S5_F2	fixed	W15_HH_M2_A10_S5_F2	A10	F2	S5	M2	HH	W15	NR	152	2	0	0.0	0.0	inf	0.0	0.0	0.0	iteration	2          0  0.0000000E+00  0.00E+00    0.00    0.00    0.00
P_W15_HH_M2_A10_S6	adaptive	W15_HH_M2_A10_S6	A10		S6	M2	HH	W15	NR	150	1	0	0.0	0.0	inf	0.0	0.0	0.0	iteration	1          0  0.0000000E+00  0.00E+00    0.00    0.00*   0.00
P_W15_HH_M2_A10_S6	adaptive	W15_HH_M2_A10_S6	A10		S6	M2	HH	W15	NR	152	1	0	0.0	0.0	inf	0.0	0.0	0.0	iteration	1          0  0.0000000E+00  0.00E+00    0.00    0.00    0.00
C_W15_HH_M2_A10_S6_F2	fixed	W15_HH_M2_A10_S6_F2	A10	F2	S6	M2	HH	W15	NR	146	1	0	0.0	0.0	inf	0.0	0.0	0.0	iteration	1          0  0.0000000E+00  0.00E+00    0.00    0.00*   0.00
C_W15_HH_M2_A10_S6_F2	fixed	W15_HH_M2_A10_S6_F2	A10	F2	S6	M2	HH	W15	NR	148	1	0	0.0	0.0	inf	0.0	0.0	0.0	iteration	1          0  0.0000000E+00  0.00E+00    0.00    0.00    0.00
C_W15_HH_M2_A10_S6_F2	fixed	W15_HH_M2_A10_S6_F2	A10	F2	S6	M2	HH	W15	NR	150	2	0	0.0	0.0	inf	0.0	0.0	0.0	iteration	2          0  0.0000000E+00  0.00E+00    0.00    0.00    0.00
C_W15_HH_M2_A10_S6_F2	fixed	W15_HH_M2_A10_S6_F2	A10	F2	S6	M2	HH	W15	NR	152	2	0	0.0	0.0	inf	0.0	0.0	0.0	iteration	2          0  0.0000000E+00  0.00E+00    0.00    0.00    0.00
P_W15_HH_M2_A10_S7	adaptive	W15_HH_M2_A10_S7	A10		S7	M2	HH	W15	NR	150	1	0	0.0	0.0	inf	0.0	0.0	0.0	iteration	1          0  0.0000000E+00  0.00E+00    0.00    0.00*   0.00
P_W15_HH_M2_A10_S7	adaptive	W15_HH_M2_A10_S7	A10		S7	M2	HH	W15	NR	152	1	0	0.0	0.0	inf	0.0	0.0	0.0	iteration	1          0  0.0000000E+00  0.00E+00    0.00    0.00    0.00
C_W15_HH_M2_A10_S7_F2	fixed	W15_HH_M2_A10_S7_F2	A10	F2	S7	M2	HH	W15	NR	146	1	0	0.0	0.0	inf	0.0	0.0	0.0	iteration	1          0  0.0000000E+00  0.00E+00    0.00    0.00*   0.00
C_W15_HH_M2_A10_S7_F2	fixed	W15_HH_M2_A10_S7_F2	A10	F2	S7	M2	HH	W15	NR	148	1	0	0.0	0.0	inf	0.0	0.0	0.0	iteration	1          0  0.0000000E+00  0.00E+00    0.00    0.00    0.00
C_W15_HH_M2_A10_S7_F2	fixed	W15_HH_M2_A10_S7_F2	A10	F2	S7	M2	HH	W15	NR	150	2	0	0.0	0.0	inf	0.0	0.0	0.0	iteration	2          0  0.0000000E+00  0.00E+00    0.00    0.00    0.00
C_W15_HH_M2_A10_S7_F2	fixed	W15_HH_M2_A10_S7_F2	A10	F2	S7	M2	HH	W15	NR	152	2	0	0.0	0.0	inf	0.0	0.0	0.0	iteration	2          0  0.0000000E+00  0.00E+00    0.00    0.00    0.00
