node	stage	mode	parent_mode	adaptive_id	fixed_id	seed_id	adaptive_seed	fixed_seed	adaptive_schedule	fixed_schedule	recipe_id	region_id	window_id	aggregate	half_width_GeV	output_dir	manifest_output_dir	resolved_output_dir	output_layout_resolution	output_status	metadata_status	whizard_rc	phs_sha256	vg2_sha256	parent_vg2_sha256	reuse_message_count	new_grid_init_count	phs_unchanged	console_log	artifact_present
P_W15_LL_M0_A00_S0	adaptive	W15_LL_M0_A00_S0		A00		S0	1740114216	648318690	"5:50000:""gw"""		M0	LL	W15	NR	15.0	/eos/user/c/cglenn/FCCWork/whizard/whizard_ttbar_spinpol/production/full6f_365gev_ee_ttbar_spinpol_v1/phase11_diagnostics/excess_weight_rootcause_v1/ttbar_restricted_region_suite_v1/regions/20260816T231425Z_U9region_core_W15_S8_np1_v1p0p1/W15/LL/M0/adaptive/W15_LL_M0_A00_S0	/eos/user/c/cglenn/FCCWork/whizard/whizard_ttbar_spinpol/production/full6f_365gev_ee_ttbar_spinpol_v1/phase11_diagnostics/excess_weight_rootcause_v1/ttbar_restricted_region_suite_v1/regions/20260816T231425Z_U9region_core_W15_S8_np1_v1p0p1/W15/LL/M0/adaptive/W15_LL_M0_A00_S0	/eos/user/c/cglenn/FCCWork/whizard/whizard_ttbar_spinpol/production/full6f_365gev_ee_ttbar_spinpol_v1/phase11_diagnostics/excess_weight_rootcause_v1/ttbar_restricted_region_suite_v1/regions/20260816T231425Z_U9region_core_W15_S8_np1_v1p0p1/adaptive/W15_LL_M0_A00_S0	runtime_flat_fallback	PASS	PASS	0	20733e0e17025d2c73f73a666c5b62f92c105ca98114231020130b77f5730d5d	c991ebd355b0592178227d2e0077ff7d6b2a832809fc023df3862a583eb88d40		0	1		/eos/user/c/cglenn/FCCWork/whizard/whizard_ttbar_spinpol/production/full6f_365gev_ee_ttbar_spinpol_v1/phase11_diagnostics/excess_weight_rootcause_v1/ttbar_restricted_region_suite_v1/regions/20260816T231425Z_U9region_core_W15_S8_np1_v1p0p1/adaptive/W15_LL_M0_A00_S0/console.log	1
C_W15_LL_M0_A00_S0_F0	fixed	W15_LL_M0_A00_S0_F0	W15_LL_M0_A00_S0	A00	F0	S0	1740114216	648318690	"5:50000:""gw"""	"3:200000:"""""	M0	LL	W15	NR	15.0	/eos/user/c/cglenn/FCCWork/whizard/whizard_ttbar_spinpol/production/full6f_365gev_ee_ttbar_spinpol_v1/phase11_diagnostics/excess_weight_rootcause_v1/ttbar_restricted_region_suite_v1/regions/20260816T231425Z_U9region_core_W15_S8_np1_v1p0p1/W15/LL/M0/fixed/W15_LL_M0_A00_S0/F0	/eos/user/c/cglenn/FCCWork/whizard/whizard_ttbar_spinpol/production/full6f_365gev_ee_ttbar_spinpol_v1/phase11_diagnostics/excess_weight_rootcause_v1/ttbar_restricted_region_suite_v1/regions/20260816T231425Z_U9region_core_W15_S8_np1_v1p0p1/W15/LL/M0/fixed/W15_LL_M0_A00_S0/F0	/eos/user/c/cglenn/FCCWork/whizard/whizard_ttbar_spinpol/production/full6f_365gev_ee_ttbar_spinpol_v1/phase11_diagnostics/excess_weight_rootcause_v1/ttbar_restricted_region_suite_v1/regions/20260816T231425Z_U9region_core_W15_S8_np1_v1p0p1/fixed/W15_LL_M0_A00_S0/F0	runtime_flat_fallback	PASS	PASS	0	20733e0e17025d2c73f73a666c5b62f92c105ca98114231020130b77f5730d5d	4f06d4dc836aacd0347cdcceeffb62b1e947680d99d5e90917f361f94e2e7bb9	c991ebd355b0592178227d2e0077ff7d6b2a832809fc023df3862a583eb88d40	1	0	1	/eos/user/c/cglenn/FCCWork/whizard/whizard_ttbar_spinpol/production/full6f_365gev_ee_ttbar_spinpol_v1/phase11_diagnostics/excess_weight_rootcause_v1/ttbar_restricted_region_suite_v1/regions/20260816T231425Z_U9region_core_W15_S8_np1_v1p0p1/fixed/W15_LL_M0_A00_S0/F0/console.log	1
P_W15_LL_M0_A00_S1	adaptive	W15_LL_M0_A00_S1		A00		S1	1751949026	1404282457	"5:50000:""gw"""		M0	LL	W15	NR	15.0	/eos/user/c/cglenn/FCCWork/whizard/whizard_ttbar_spinpol/production/full6f_365gev_ee_ttbar_spinpol_v1/phase11_diagnostics/excess_weight_rootcause_v1/ttbar_restricted_region_suite_v1/regions/20260816T231425Z_U9region_core_W15_S8_np1_v1p0p1/W15/LL/M0/adaptive/W15_LL_M0_A00_S1	/eos/user/c/cglenn/FCCWork/whizard/whizard_ttbar_spinpol/production/full6f_365gev_ee_ttbar_spinpol_v1/phase11_diagnostics/excess_weight_rootcause_v1/ttbar_restricted_region_suite_v1/regions/20260816T231425Z_U9region_core_W15_S8_np1_v1p0p1/W15/LL/M0/adaptive/W15_LL_M0_A00_S1	/eos/user/c/cglenn/FCCWork/whizard/whizard_ttbar_spinpol/production/full6f_365gev_ee_ttbar_spinpol_v1/phase11_diagnostics/excess_weight_rootcause_v1/ttbar_restricted_region_suite_v1/regions/20260816T231425Z_U9region_core_W15_S8_np1_v1p0p1/adaptive/W15_LL_M0_A00_S1	runtime_flat_fallback	PASS	PASS	0	20733e0e17025d2c73f73a666c5b62f92c105ca98114231020130b77f5730d5d	0f3733f652e38d431d51952b26ef89aebb8b4ed5ee5e8656c6cdc4bbc880ca6a		0	1		/eos/user/c/cglenn/FCCWork/whizard/whizard_ttbar_spinpol/production/full6f_365gev_ee_ttbar_spinpol_v1/phase11_diagnostics/excess_weight_rootcause_v1/ttbar_restricted_region_suite_v1/regions/20260816T231425Z_U9region_core_W15_S8_np1_v1p0p1/adaptive/W15_LL_M0_A00_S1/console.log	1
C_W15_LL_M0_A00_S1_F0	fixed	W15_LL_M0_A00_S1_F0	W15_LL_M0_A00_S1	A00	F0	S1	1751949026	1404282457	"5:50000:""gw"""	"3:200000:"""""	M0	LL	W15	NR	15.0	/eos/user/c/cglenn/FCCWork/whizard/whizard_ttbar_spinpol/production/full6f_365gev_ee_ttbar_spinpol_v1/phase11_diagnostics/excess_weight_rootcause_v1/ttbar_restricted_region_suite_v1/regions/20260816T231425Z_U9region_core_W15_S8_np1_v1p0p1/W15/LL/M0/fixed/W15_LL_M0_A00_S1/F0	/eos/user/c/cglenn/FCCWork/whizard/whizard_ttbar_spinpol/production/full6f_365gev_ee_ttbar_spinpol_v1/phase11_diagnostics/excess_weight_rootcause_v1/ttbar_restricted_region_suite_v1/regions/20260816T231425Z_U9region_core_W15_S8_np1_v1p0p1/W15/LL/M0/fixed/W15_LL_M0_A00_S1/F0	/eos/user/c/cglenn/FCCWork/whizard/whizard_ttbar_spinpol/production/full6f_365gev_ee_ttbar_spinpol_v1/phase11_diagnostics/excess_weight_rootcause_v1/ttbar_restricted_region_suite_v1/regions/20260816T231425Z_U9region_core_W15_S8_np1_v1p0p1/fixed/W15_LL_M0_A00_S1/F0	runtime_flat_fallback	PASS	PASS	0	20733e0e17025d2c73f73a666c5b62f92c105ca98114231020130b77f5730d5d	b7f031c9529d055672508cc38669b971e9c01d3808fd1283611a4c30f26ecb95	0f3733f652e38d431d51952b26ef89aebb8b4ed5ee5e8656c6cdc4bbc880ca6a	1	0	1	/eos/user/c/cglenn/FCCWork/whizard/whizard_ttbar_spinpol/production/full6f_365gev_ee_ttbar_spinpol_v1/phase11_diagnostics/excess_weight_rootcause_v1/ttbar_restricted_region_suite_v1/regions/20260816T231425Z_U9region_core_W15_S8_np1_v1p0p1/fixed/W15_LL_M0_A00_S1/F0/console.log	1
P_W15_LL_M0_A00_S2	adaptive	W15_LL_M0_A00_S2		A00		S2	1885084773	1596606550	"5:50000:""gw"""		M0	LL	W15	NR	15.0	/eos/user/c/cglenn/FCCWork/whizard/whizard_ttbar_spinpol/production/full6f_365gev_ee_ttbar_spinpol_v1/phase11_diagnostics/excess_weight_rootcause_v1/ttbar_restricted_region_suite_v1/regions/20260816T231425Z_U9region_core_W15_S8_np1_v1p0p1/W15/LL/M0/adaptive/W15_LL_M0_A00_S2	/eos/user/c/cglenn/FCCWork/whizard/whizard_ttbar_spinpol/production/full6f_365gev_ee_ttbar_spinpol_v1/phase11_diagnostics/excess_weight_rootcause_v1/ttbar_restricted_region_suite_v1/regions/20260816T231425Z_U9region_core_W15_S8_np1_v1p0p1/W15/LL/M0/adaptive/W15_LL_M0_A00_S2	/eos/user/c/cglenn/FCCWork/whizard/whizard_ttbar_spinpol/production/full6f_365gev_ee_ttbar_spinpol_v1/phase11_diagnostics/excess_weight_rootcause_v1/ttbar_restricted_region_suite_v1/regions/20260816T231425Z_U9region_core_W15_S8_np1_v1p0p1/adaptive/W15_LL_M0_A00_S2	runtime_flat_fallback	PASS	PASS	0	20733e0e17025d2c73f73a666c5b62f92c105ca98114231020130b77f5730d5d	688560bc2122350090d6dc7dc69efa735fa07755661ccd56a5aac744e800abb6		0	1		/eos/user/c/cglenn/FCCWork/whizard/whizard_ttbar_spinpol/production/full6f_365gev_ee_ttbar_spinpol_v1/phase11_diagnostics/excess_weight_rootcause_v1/ttbar_restricted_region_suite_v1/regions/20260816T231425Z_U9region_core_W15_S8_np1_v1p0p1/adaptive/W15_LL_M0_A00_S2/console.log	1
C_W15_LL_M0_A00_S2_F0	fixed	W15_LL_M0_A00_S2_F0	W15_LL_M0_A00_S2	A00	F0	S2	1885084773	1596606550	"5:50000:""gw"""	"3:200000:"""""	M0	LL	W15	NR	15.0	/eos/user/c/cglenn/FCCWork/whizard/whizard_ttbar_spinpol/production/full6f_365gev_ee_ttbar_spinpol_v1/phase11_diagnostics/excess_weight_rootcause_v1/ttbar_restricted_region_suite_v1/regions/20260816T231425Z_U9region_core_W15_S8_np1_v1p0p1/W15/LL/M0/fixed/W15_LL_M0_A00_S2/F0	/eos/user/c/cglenn/FCCWork/whizard/whizard_ttbar_spinpol/production/full6f_365gev_ee_ttbar_spinpol_v1/phase11_diagnostics/excess_weight_rootcause_v1/ttbar_restricted_region_suite_v1/regions/20260816T231425Z_U9region_core_W15_S8_np1_v1p0p1/W15/LL/M0/fixed/W15_LL_M0_A00_S2/F0	/eos/user/c/cglenn/FCCWork/whizard/whizard_ttbar_spinpol/production/full6f_365gev_ee_ttbar_spinpol_v1/phase11_diagnostics/excess_weight_rootcause_v1/ttbar_restricted_region_suite_v1/regions/20260816T231425Z_U9region_core_W15_S8_np1_v1p0p1/fixed/W15_LL_M0_A00_S2/F0	runtime_flat_fallback	PASS	PASS	0	20733e0e17025d2c73f73a666c5b62f92c105ca98114231020130b77f5730d5d	6090b601ee04b7a609d1219bcb92f60b37ae5fe731a545394b767b63173aeca6	688560bc2122350090d6dc7dc69efa735fa07755661ccd56a5aac744e800abb6	1	0	1	/eos/user/c/cglenn/FCCWork/whizard/whizard_ttbar_spinpol/production/full6f_365gev_ee_ttbar_spinpol_v1/phase11_diagnostics/excess_weight_rootcause_v1/ttbar_restricted_region_suite_v1/regions/20260816T231425Z_U9region_core_W15_S8_np1_v1p0p1/fixed/W15_LL_M0_A00_S2/F0/console.log	1
P_W15_LL_M0_A00_S3	adaptive	W15_LL_M0_A00_S3		A00		S3	134326786	769890491	"5:50000:""gw"""		M0	LL	W15	NR	15.0	/eos/user/c/cglenn/FCCWork/whizard/whizard_ttbar_spinpol/production/full6f_365gev_ee_ttbar_spinpol_v1/phase11_diagnostics/excess_weight_rootcause_v1/ttbar_restricted_region_suite_v1/regions/20260816T231425Z_U9region_core_W15_S8_np1_v1p0p1/W15/LL/M0/adaptive/W15_LL_M0_A00_S3	/eos/user/c/cglenn/FCCWork/whizard/whizard_ttbar_spinpol/production/full6f_365gev_ee_ttbar_spinpol_v1/phase11_diagnostics/excess_weight_rootcause_v1/ttbar_restricted_region_suite_v1/regions/20260816T231425Z_U9region_core_W15_S8_np1_v1p0p1/W15/LL/M0/adaptive/W15_LL_M0_A00_S3	/eos/user/c/cglenn/FCCWork/whizard/whizard_ttbar_spinpol/production/full6f_365gev_ee_ttbar_spinpol_v1/phase11_diagnostics/excess_weight_rootcause_v1/ttbar_restricted_region_suite_v1/regions/20260816T231425Z_U9region_core_W15_S8_np1_v1p0p1/adaptive/W15_LL_M0_A00_S3	runtime_flat_fallback	PASS	PASS	0	20733e0e17025d2c73f73a666c5b62f92c105ca98114231020130b77f5730d5d	d4a4d7982912ff05f7ec7d92aa3a827c33dc1d20e4160abcbbae32721170a5d6		0	1		/eos/user/c/cglenn/FCCWork/whizard/whizard_ttbar_spinpol/production/full6f_365gev_ee_ttbar_spinpol_v1/phase11_diagnostics/excess_weight_rootcause_v1/ttbar_restricted_region_suite_v1/regions/20260816T231425Z_U9region_core_W15_S8_np1_v1p0p1/adaptive/W15_LL_M0_A00_S3/console.log	1
C_W15_LL_M0_A00_S3_F0	fixed	W15_LL_M0_A00_S3_F0	W15_LL_M0_A00_S3	A00	F0	S3	134326786	769890491	"5:50000:""gw"""	"3:200000:"""""	M0	LL	W15	NR	15.0	/eos/user/c/cglenn/FCCWork/whizard/whizard_ttbar_spinpol/production/full6f_365gev_ee_ttbar_spinpol_v1/phase11_diagnostics/excess_weight_rootcause_v1/ttbar_restricted_region_suite_v1/regions/20260816T231425Z_U9region_core_W15_S8_np1_v1p0p1/W15/LL/M0/fixed/W15_LL_M0_A00_S3/F0	/eos/user/c/cglenn/FCCWork/whizard/whizard_ttbar_spinpol/production/full6f_365gev_ee_ttbar_spinpol_v1/phase11_diagnostics/excess_weight_rootcause_v1/ttbar_restricted_region_suite_v1/regions/20260816T231425Z_U9region_core_W15_S8_np1_v1p0p1/W15/LL/M0/fixed/W15_LL_M0_A00_S3/F0	/eos/user/c/cglenn/FCCWork/whizard/whizard_ttbar_spinpol/production/full6f_365gev_ee_ttbar_spinpol_v1/phase11_diagnostics/excess_weight_rootcause_v1/ttbar_restricted_region_suite_v1/regions/20260816T231425Z_U9region_core_W15_S8_np1_v1p0p1/fixed/W15_LL_M0_A00_S3/F0	runtime_flat_fallback	PASS	PASS	0	20733e0e17025d2c73f73a666c5b62f92c105ca98114231020130b77f5730d5d	644d7d16f8617a6a69442d4fe023758037d95b6b4ed8c02115ca835235e7a155	d4a4d7982912ff05f7ec7d92aa3a827c33dc1d20e4160abcbbae32721170a5d6	1	0	1	/eos/user/c/cglenn/FCCWork/whizard/whizard_ttbar_spinpol/production/full6f_365gev_ee_ttbar_spinpol_v1/phase11_diagnostics/excess_weight_rootcause_v1/ttbar_restricted_region_suite_v1/regions/20260816T231425Z_U9region_core_W15_S8_np1_v1p0p1/fixed/W15_LL_M0_A00_S3/F0/console.log	1
P_W15_LL_M0_A00_S4	adaptive	W15_LL_M0_A00_S4		A00		S4	249371675	462903030	"5:50000:""gw"""		M0	LL	W15	NR	15.0	/eos/user/c/cglenn/FCCWork/whizard/whizard_ttbar_spinpol/production/full6f_365gev_ee_ttbar_spinpol_v1/phase11_diagnostics/excess_weight_rootcause_v1/ttbar_restricted_region_suite_v1/regions/20260816T231425Z_U9region_core_W15_S8_np1_v1p0p1/W15/LL/M0/adaptive/W15_LL_M0_A00_S4	/eos/user/c/cglenn/FCCWork/whizard/whizard_ttbar_spinpol/production/full6f_365gev_ee_ttbar_spinpol_v1/phase11_diagnostics/excess_weight_rootcause_v1/ttbar_restricted_region_suite_v1/regions/20260816T231425Z_U9region_core_W15_S8_np1_v1p0p1/W15/LL/M0/adaptive/W15_LL_M0_A00_S4	/eos/user/c/cglenn/FCCWork/whizard/whizard_ttbar_spinpol/production/full6f_365gev_ee_ttbar_spinpol_v1/phase11_diagnostics/excess_weight_rootcause_v1/ttbar_restricted_region_suite_v1/regions/20260816T231425Z_U9region_core_W15_S8_np1_v1p0p1/adaptive/W15_LL_M0_A00_S4	runtime_flat_fallback	PASS	PASS	0	20733e0e17025d2c73f73a666c5b62f92c105ca98114231020130b77f5730d5d	a27f3049834c67aba5ec15fe67ce0147a59eefbec804595f194cbcedb33a9bac		0	1		/eos/user/c/cglenn/FCCWork/whizard/whizard_ttbar_spinpol/production/full6f_365gev_ee_ttbar_spinpol_v1/phase11_diagnostics/excess_weight_rootcause_v1/ttbar_restricted_region_suite_v1/regions/20260816T231425Z_U9region_core_W15_S8_np1_v1p0p1/adaptive/W15_LL_M0_A00_S4/console.log	1
C_W15_LL_M0_A00_S4_F0	fixed	W15_LL_M0_A00_S4_F0	W15_LL_M0_A00_S4	A00	F0	S4	249371675	462903030	"5:50000:""gw"""	"3:200000:"""""	M0	LL	W15	NR	15.0	/eos/user/c/cglenn/FCCWork/whizard/whizard_ttbar_spinpol/production/full6f_365gev_ee_ttbar_spinpol_v1/phase11_diagnostics/excess_weight_rootcause_v1/ttbar_restricted_region_suite_v1/regions/20260816T231425Z_U9region_core_W15_S8_np1_v1p0p1/W15/LL/M0/fixed/W15_LL_M0_A00_S4/F0	/eos/user/c/cglenn/FCCWork/whizard/whizard_ttbar_spinpol/production/full6f_365gev_ee_ttbar_spinpol_v1/phase11_diagnostics/excess_weight_rootcause_v1/ttbar_restricted_region_suite_v1/regions/20260816T231425Z_U9region_core_W15_S8_np1_v1p0p1/W15/LL/M0/fixed/W15_LL_M0_A00_S4/F0	/eos/user/c/cglenn/FCCWork/whizard/whizard_ttbar_spinpol/production/full6f_365gev_ee_ttbar_spinpol_v1/phase11_diagnostics/excess_weight_rootcause_v1/ttbar_restricted_region_suite_v1/regions/20260816T231425Z_U9region_core_W15_S8_np1_v1p0p1/fixed/W15_LL_M0_A00_S4/F0	runtime_flat_fallback	PASS	PASS	0	20733e0e17025d2c73f73a666c5b62f92c105ca98114231020130b77f5730d5d	ef9130fdb2f6bbcac3f912c3e8ea7422120d452d2b64559ce5b09f208b251126	a27f3049834c67aba5ec15fe67ce0147a59eefbec804595f194cbcedb33a9bac	1	0	1	/eos/user/c/cglenn/FCCWork/whizard/whizard_ttbar_spinpol/production/full6f_365gev_ee_ttbar_spinpol_v1/phase11_diagnostics/excess_weight_rootcause_v1/ttbar_restricted_region_suite_v1/regions/20260816T231425Z_U9region_core_W15_S8_np1_v1p0p1/fixed/W15_LL_M0_A00_S4/F0/console.log	1
P_W15_LL_M0_A00_S5	adaptive	W15_LL_M0_A00_S5		A00		S5	531087687	197846737	"5:50000:""gw"""		M0	LL	W15	NR	15.0	/eos/user/c/cglenn/FCCWork/whizard/whizard_ttbar_spinpol/production/full6f_365gev_ee_ttbar_spinpol_v1/phase11_diagnostics/excess_weight_rootcause_v1/ttbar_restricted_region_suite_v1/regions/20260816T231425Z_U9region_core_W15_S8_np1_v1p0p1/W15/LL/M0/adaptive/W15_LL_M0_A00_S5	/eos/user/c/cglenn/FCCWork/whizard/whizard_ttbar_spinpol/production/full6f_365gev_ee_ttbar_spinpol_v1/phase11_diagnostics/excess_weight_rootcause_v1/ttbar_restricted_region_suite_v1/regions/20260816T231425Z_U9region_core_W15_S8_np1_v1p0p1/W15/LL/M0/adaptive/W15_LL_M0_A00_S5	/eos/user/c/cglenn/FCCWork/whizard/whizard_ttbar_spinpol/production/full6f_365gev_ee_ttbar_spinpol_v1/phase11_diagnostics/excess_weight_rootcause_v1/ttbar_restricted_region_suite_v1/regions/20260816T231425Z_U9region_core_W15_S8_np1_v1p0p1/adaptive/W15_LL_M0_A00_S5	runtime_flat_fallback	PASS	PASS	0	20733e0e17025d2c73f73a666c5b62f92c105ca98114231020130b77f5730d5d	a02c6ad8bc1540f5abfbff6fdb518926a3852d9d4c6826e04191ab4d19b3ed09		0	1		/eos/user/c/cglenn/FCCWork/whizard/whizard_ttbar_spinpol/production/full6f_365gev_ee_ttbar_spinpol_v1/phase11_diagnostics/excess_weight_rootcause_v1/ttbar_restricted_region_suite_v1/regions/20260816T231425Z_U9region_core_W15_S8_np1_v1p0p1/adaptive/W15_LL_M0_A00_S5/console.log	1
C_W15_LL_M0_A00_S5_F0	fixed	W15_LL_M0_A00_S5_F0	W15_LL_M0_A00_S5	A00	F0	S5	531087687	197846737	"5:50000:""gw"""	"3:200000:"""""	M0	LL	W15	NR	15.0	/eos/user/c/cglenn/FCCWork/whizard/whizard_ttbar_spinpol/production/full6f_365gev_ee_ttbar_spinpol_v1/phase11_diagnostics/excess_weight_rootcause_v1/ttbar_restricted_region_suite_v1/regions/20260816T231425Z_U9region_core_W15_S8_np1_v1p0p1/W15/LL/M0/fixed/W15_LL_M0_A00_S5/F0	/eos/user/c/cglenn/FCCWork/whizard/whizard_ttbar_spinpol/production/full6f_365gev_ee_ttbar_spinpol_v1/phase11_diagnostics/excess_weight_rootcause_v1/ttbar_restricted_region_suite_v1/regions/20260816T231425Z_U9region_core_W15_S8_np1_v1p0p1/W15/LL/M0/fixed/W15_LL_M0_A00_S5/F0	/eos/user/c/cglenn/FCCWork/whizard/whizard_ttbar_spinpol/production/full6f_365gev_ee_ttbar_spinpol_v1/phase11_diagnostics/excess_weight_rootcause_v1/ttbar_restricted_region_suite_v1/regions/20260816T231425Z_U9region_core_W15_S8_np1_v1p0p1/fixed/W15_LL_M0_A00_S5/F0	runtime_flat_fallback	PASS	PASS	0	20733e0e17025d2c73f73a666c5b62f92c105ca98114231020130b77f5730d5d	f1c4a155a6c12442744470d1c0e4cd675d4c898311c79b66e9eac3abd75a7ded	a02c6ad8bc1540f5abfbff6fdb518926a3852d9d4c6826e04191ab4d19b3ed09	1	0	1	/eos/user/c/cglenn/FCCWork/whizard/whizard_ttbar_spinpol/production/full6f_365gev_ee_ttbar_spinpol_v1/phase11_diagnostics/excess_weight_rootcause_v1/ttbar_restricted_region_suite_v1/regions/20260816T231425Z_U9region_core_W15_S8_np1_v1p0p1/fixed/W15_LL_M0_A00_S5/F0/console.log	1
P_W15_LL_M0_A00_S6	adaptive	W15_LL_M0_A00_S6		A00		S6	519963689	958460417	"5:50000:""gw"""		M0	LL	W15	NR	15.0	/eos/user/c/cglenn/FCCWork/whizard/whizard_ttbar_spinpol/production/full6f_365gev_ee_ttbar_spinpol_v1/phase11_diagnostics/excess_weight_rootcause_v1/ttbar_restricted_region_suite_v1/regions/20260816T231425Z_U9region_core_W15_S8_np1_v1p0p1/W15/LL/M0/adaptive/W15_LL_M0_A00_S6	/eos/user/c/cglenn/FCCWork/whizard/whizard_ttbar_spinpol/production/full6f_365gev_ee_ttbar_spinpol_v1/phase11_diagnostics/excess_weight_rootcause_v1/ttbar_restricted_region_suite_v1/regions/20260816T231425Z_U9region_core_W15_S8_np1_v1p0p1/W15/LL/M0/adaptive/W15_LL_M0_A00_S6	/eos/user/c/cglenn/FCCWork/whizard/whizard_ttbar_spinpol/production/full6f_365gev_ee_ttbar_spinpol_v1/phase11_diagnostics/excess_weight_rootcause_v1/ttbar_restricted_region_suite_v1/regions/20260816T231425Z_U9region_core_W15_S8_np1_v1p0p1/adaptive/W15_LL_M0_A00_S6	runtime_flat_fallback	PASS	PASS	0	20733e0e17025d2c73f73a666c5b62f92c105ca98114231020130b77f5730d5d	442d561659a64af40b5ffcc0fa37ba862f58a6fb12f329b0eef79138861ae7a6		0	1		/eos/user/c/cglenn/FCCWork/whizard/whizard_ttbar_spinpol/production/full6f_365gev_ee_ttbar_spinpol_v1/phase11_diagnostics/excess_weight_rootcause_v1/ttbar_restricted_region_suite_v1/regions/20260816T231425Z_U9region_core_W15_S8_np1_v1p0p1/adaptive/W15_LL_M0_A00_S6/console.log	1
C_W15_LL_M0_A00_S6_F0	fixed	W15_LL_M0_A00_S6_F0	W15_LL_M0_A00_S6	A00	F0	S6	519963689	958460417	"5:50000:""gw"""	"3:200000:"""""	M0	LL	W15	NR	15.0	/eos/user/c/cglenn/FCCWork/whizard/whizard_ttbar_spinpol/production/full6f_365gev_ee_ttbar_spinpol_v1/phase11_diagnostics/excess_weight_rootcause_v1/ttbar_restricted_region_suite_v1/regions/20260816T231425Z_U9region_core_W15_S8_np1_v1p0p1/W15/LL/M0/fixed/W15_LL_M0_A00_S6/F0	/eos/user/c/cglenn/FCCWork/whizard/whizard_ttbar_spinpol/production/full6f_365gev_ee_ttbar_spinpol_v1/phase11_diagnostics/excess_weight_rootcause_v1/ttbar_restricted_region_suite_v1/regions/20260816T231425Z_U9region_core_W15_S8_np1_v1p0p1/W15/LL/M0/fixed/W15_LL_M0_A00_S6/F0	/eos/user/c/cglenn/FCCWork/whizard/whizard_ttbar_spinpol/production/full6f_365gev_ee_ttbar_spinpol_v1/phase11_diagnostics/excess_weight_rootcause_v1/ttbar_restricted_region_suite_v1/regions/20260816T231425Z_U9region_core_W15_S8_np1_v1p0p1/fixed/W15_LL_M0_A00_S6/F0	runtime_flat_fallback	PASS	PASS	0	20733e0e17025d2c73f73a666c5b62f92c105ca98114231020130b77f5730d5d	63cf561e4a5ad248b34f9d9e4b625e3b38eaf8922b891817e71e79e34c122117	442d561659a64af40b5ffcc0fa37ba862f58a6fb12f329b0eef79138861ae7a6	1	0	1	/eos/user/c/cglenn/FCCWork/whizard/whizard_ttbar_spinpol/production/full6f_365gev_ee_ttbar_spinpol_v1/phase11_diagnostics/excess_weight_rootcause_v1/ttbar_restricted_region_suite_v1/regions/20260816T231425Z_U9region_core_W15_S8_np1_v1p0p1/fixed/W15_LL_M0_A00_S6/F0/console.log	1
P_W15_LL_M0_A00_S7	adaptive	W15_LL_M0_A00_S7		A00		S7	1552803368	239117595	"5:50000:""gw"""		M0	LL	W15	NR	15.0	/eos/user/c/cglenn/FCCWork/whizard/whizard_ttbar_spinpol/production/full6f_365gev_ee_ttbar_spinpol_v1/phase11_diagnostics/excess_weight_rootcause_v1/ttbar_restricted_region_suite_v1/regions/20260816T231425Z_U9region_core_W15_S8_np1_v1p0p1/W15/LL/M0/adaptive/W15_LL_M0_A00_S7	/eos/user/c/cglenn/FCCWork/whizard/whizard_ttbar_spinpol/production/full6f_365gev_ee_ttbar_spinpol_v1/phase11_diagnostics/excess_weight_rootcause_v1/ttbar_restricted_region_suite_v1/regions/20260816T231425Z_U9region_core_W15_S8_np1_v1p0p1/W15/LL/M0/adaptive/W15_LL_M0_A00_S7	/eos/user/c/cglenn/FCCWork/whizard/whizard_ttbar_spinpol/production/full6f_365gev_ee_ttbar_spinpol_v1/phase11_diagnostics/excess_weight_rootcause_v1/ttbar_restricted_region_suite_v1/regions/20260816T231425Z_U9region_core_W15_S8_np1_v1p0p1/adaptive/W15_LL_M0_A00_S7	runtime_flat_fallback	PASS	PASS	0	20733e0e17025d2c73f73a666c5b62f92c105ca98114231020130b77f5730d5d	be5f221113c81bffb22da14f3133bd786a321d7e1fa8f5261c1b1d136014152c		0	1		/eos/user/c/cglenn/FCCWork/whizard/whizard_ttbar_spinpol/production/full6f_365gev_ee_ttbar_spinpol_v1/phase11_diagnostics/excess_weight_rootcause_v1/ttbar_restricted_region_suite_v1/regions/20260816T231425Z_U9region_core_W15_S8_np1_v1p0p1/adaptive/W15_LL_M0_A00_S7/console.log	1
C_W15_LL_M0_A00_S7_F0	fixed	W15_LL_M0_A00_S7_F0	W15_LL_M0_A00_S7	A00	F0	S7	1552803368	239117595	"5:50000:""gw"""	"3:200000:"""""	M0	LL	W15	NR	15.0	/eos/user/c/cglenn/FCCWork/whizard/whizard_ttbar_spinpol/production/full6f_365gev_ee_ttbar_spinpol_v1/phase11_diagnostics/excess_weight_rootcause_v1/ttbar_restricted_region_suite_v1/regions/20260816T231425Z_U9region_core_W15_S8_np1_v1p0p1/W15/LL/M0/fixed/W15_LL_M0_A00_S7/F0	/eos/user/c/cglenn/FCCWork/whizard/whizard_ttbar_spinpol/production/full6f_365gev_ee_ttbar_spinpol_v1/phase11_diagnostics/excess_weight_rootcause_v1/ttbar_restricted_region_suite_v1/regions/20260816T231425Z_U9region_core_W15_S8_np1_v1p0p1/W15/LL/M0/fixed/W15_LL_M0_A00_S7/F0	/eos/user/c/cglenn/FCCWork/whizard/whizard_ttbar_spinpol/production/full6f_365gev_ee_ttbar_spinpol_v1/phase11_diagnostics/excess_weight_rootcause_v1/ttbar_restricted_region_suite_v1/regions/20260816T231425Z_U9region_core_W15_S8_np1_v1p0p1/fixed/W15_LL_M0_A00_S7/F0	runtime_flat_fallback	PASS	PASS	0	20733e0e17025d2c73f73a666c5b62f92c105ca98114231020130b77f5730d5d	5a5556adedbd3bed650b56ff39a3fe5f123c58f9719d65d37c7afd0b5d6f1426	be5f221113c81bffb22da14f3133bd786a321d7e1fa8f5261c1b1d136014152c	1	0	1	/eos/user/c/cglenn/FCCWork/whizard/whizard_ttbar_spinpol/production/full6f_365gev_ee_ttbar_spinpol_v1/phase11_diagnostics/excess_weight_rootcause_v1/ttbar_restricted_region_suite_v1/regions/20260816T231425Z_U9region_core_W15_S8_np1_v1p0p1/fixed/W15_LL_M0_A00_S7/F0/console.log	1
P_W15_LL_M1_A07_S0	adaptive	W15_LL_M1_A07_S0		A07		S0	1740114216	648318690	"10:100000:""gw"""		M1	LL	W15	NR	15.0	/eos/user/c/cglenn/FCCWork/whizard/whizard_ttbar_spinpol/production/full6f_365gev_ee_ttbar_spinpol_v1/phase11_diagnostics/excess_weight_rootcause_v1/ttbar_restricted_region_suite_v1/regions/20260816T231425Z_U9region_core_W15_S8_np1_v1p0p1/W15/LL/M1/adaptive/W15_LL_M1_A07_S0	/eos/user/c/cglenn/FCCWork/whizard/whizard_ttbar_spinpol/production/full6f_365gev_ee_ttbar_spinpol_v1/phase11_diagnostics/excess_weight_rootcause_v1/ttbar_restricted_region_suite_v1/regions/20260816T231425Z_U9region_core_W15_S8_np1_v1p0p1/W15/LL/M1/adaptive/W15_LL_M1_A07_S0	/eos/user/c/cglenn/FCCWork/whizard/whizard_ttbar_spinpol/production/full6f_365gev_ee_ttbar_spinpol_v1/phase11_diagnostics/excess_weight_rootcause_v1/ttbar_restricted_region_suite_v1/regions/20260816T231425Z_U9region_core_W15_S8_np1_v1p0p1/adaptive/W15_LL_M1_A07_S0	runtime_flat_fallback	PASS	PASS	0	20733e0e17025d2c73f73a666c5b62f92c105ca98114231020130b77f5730d5d	525ee688d69c89a239a7872960405d39169a742bcef0481d00e9cc21bdcc225e		0	1		/eos/user/c/cglenn/FCCWork/whizard/whizard_ttbar_spinpol/production/full6f_365gev_ee_ttbar_spinpol_v1/phase11_diagnostics/excess_weight_rootcause_v1/ttbar_restricted_region_suite_v1/regions/20260816T231425Z_U9region_core_W15_S8_np1_v1p0p1/adaptive/W15_LL_M1_A07_S0/console.log	1
C_W15_LL_M1_A07_S0_F0	fixed	W15_LL_M1_A07_S0_F0	W15_LL_M1_A07_S0	A07	F0	S0	1740114216	648318690	"10:100000:""gw"""	"3:200000:"""""	M1	LL	W15	NR	15.0	/eos/user/c/cglenn/FCCWork/whizard/whizard_ttbar_spinpol/production/full6f_365gev_ee_ttbar_spinpol_v1/phase11_diagnostics/excess_weight_rootcause_v1/ttbar_restricted_region_suite_v1/regions/20260816T231425Z_U9region_core_W15_S8_np1_v1p0p1/W15/LL/M1/fixed/W15_LL_M1_A07_S0/F0	/eos/user/c/cglenn/FCCWork/whizard/whizard_ttbar_spinpol/production/full6f_365gev_ee_ttbar_spinpol_v1/phase11_diagnostics/excess_weight_rootcause_v1/ttbar_restricted_region_suite_v1/regions/20260816T231425Z_U9region_core_W15_S8_np1_v1p0p1/W15/LL/M1/fixed/W15_LL_M1_A07_S0/F0	/eos/user/c/cglenn/FCCWork/whizard/whizard_ttbar_spinpol/production/full6f_365gev_ee_ttbar_spinpol_v1/phase11_diagnostics/excess_weight_rootcause_v1/ttbar_restricted_region_suite_v1/regions/20260816T231425Z_U9region_core_W15_S8_np1_v1p0p1/fixed/W15_LL_M1_A07_S0/F0	runtime_flat_fallback	PASS	PASS	0	20733e0e17025d2c73f73a666c5b62f92c105ca98114231020130b77f5730d5d	644aef149b9f8931bd5d1e09801e79ff81e521f4ff6f75432098a341e10b80d9	525ee688d69c89a239a7872960405d39169a742bcef0481d00e9cc21bdcc225e	1	0	1	/eos/user/c/cglenn/FCCWork/whizard/whizard_ttbar_spinpol/production/full6f_365gev_ee_ttbar_spinpol_v1/phase11_diagnostics/excess_weight_rootcause_v1/ttbar_restricted_region_suite_v1/regions/20260816T231425Z_U9region_core_W15_S8_np1_v1p0p1/fixed/W15_LL_M1_A07_S0/F0/console.log	1
P_W15_LL_M1_A07_S1	adaptive	W15_LL_M1_A07_S1		A07		S1	1751949026	1404282457	"10:100000:""gw"""		M1	LL	W15	NR	15.0	/eos/user/c/cglenn/FCCWork/whizard/whizard_ttbar_spinpol/production/full6f_365gev_ee_ttbar_spinpol_v1/phase11_diagnostics/excess_weight_rootcause_v1/ttbar_restricted_region_suite_v1/regions/20260816T231425Z_U9region_core_W15_S8_np1_v1p0p1/W15/LL/M1/adaptive/W15_LL_M1_A07_S1	/eos/user/c/cglenn/FCCWork/whizard/whizard_ttbar_spinpol/production/full6f_365gev_ee_ttbar_spinpol_v1/phase11_diagnostics/excess_weight_rootcause_v1/ttbar_restricted_region_suite_v1/regions/20260816T231425Z_U9region_core_W15_S8_np1_v1p0p1/W15/LL/M1/adaptive/W15_LL_M1_A07_S1	/eos/user/c/cglenn/FCCWork/whizard/whizard_ttbar_spinpol/production/full6f_365gev_ee_ttbar_spinpol_v1/phase11_diagnostics/excess_weight_rootcause_v1/ttbar_restricted_region_suite_v1/regions/20260816T231425Z_U9region_core_W15_S8_np1_v1p0p1/adaptive/W15_LL_M1_A07_S1	runtime_flat_fallback	PASS	PASS	0	20733e0e17025d2c73f73a666c5b62f92c105ca98114231020130b77f5730d5d	ce57d3d021dbf77d12ea9f929d5e1ac6515bc78d1db730fb36c5f208bbd2c3b4		0	1		/eos/user/c/cglenn/FCCWork/whizard/whizard_ttbar_spinpol/production/full6f_365gev_ee_ttbar_spinpol_v1/phase11_diagnostics/excess_weight_rootcause_v1/ttbar_restricted_region_suite_v1/regions/20260816T231425Z_U9region_core_W15_S8_np1_v1p0p1/adaptive/W15_LL_M1_A07_S1/console.log	1
C_W15_LL_M1_A07_S1_F0	fixed	W15_LL_M1_A07_S1_F0	W15_LL_M1_A07_S1	A07	F0	S1	1751949026	1404282457	"10:100000:""gw"""	"3:200000:"""""	M1	LL	W15	NR	15.0	/eos/user/c/cglenn/FCCWork/whizard/whizard_ttbar_spinpol/production/full6f_365gev_ee_ttbar_spinpol_v1/phase11_diagnostics/excess_weight_rootcause_v1/ttbar_restricted_region_suite_v1/regions/20260816T231425Z_U9region_core_W15_S8_np1_v1p0p1/W15/LL/M1/fixed/W15_LL_M1_A07_S1/F0	/eos/user/c/cglenn/FCCWork/whizard/whizard_ttbar_spinpol/production/full6f_365gev_ee_ttbar_spinpol_v1/phase11_diagnostics/excess_weight_rootcause_v1/ttbar_restricted_region_suite_v1/regions/20260816T231425Z_U9region_core_W15_S8_np1_v1p0p1/W15/LL/M1/fixed/W15_LL_M1_A07_S1/F0	/eos/user/c/cglenn/FCCWork/whizard/whizard_ttbar_spinpol/production/full6f_365gev_ee_ttbar_spinpol_v1/phase11_diagnostics/excess_weight_rootcause_v1/ttbar_restricted_region_suite_v1/regions/20260816T231425Z_U9region_core_W15_S8_np1_v1p0p1/fixed/W15_LL_M1_A07_S1/F0	runtime_flat_fallback	PASS	PASS	0	20733e0e17025d2c73f73a666c5b62f92c105ca98114231020130b77f5730d5d	4e66a17a15c59292a37afacdaa3f9397ee0875d10f2707b768866efe12f71908	ce57d3d021dbf77d12ea9f929d5e1ac6515bc78d1db730fb36c5f208bbd2c3b4	1	0	1	/eos/user/c/cglenn/FCCWork/whizard/whizard_ttbar_spinpol/production/full6f_365gev_ee_ttbar_spinpol_v1/phase11_diagnostics/excess_weight_rootcause_v1/ttbar_restricted_region_suite_v1/regions/20260816T231425Z_U9region_core_W15_S8_np1_v1p0p1/fixed/W15_LL_M1_A07_S1/F0/console.log	1
P_W15_LL_M1_A07_S2	adaptive	W15_LL_M1_A07_S2		A07		S2	1885084773	1596606550	"10:100000:""gw"""		M1	LL	W15	NR	15.0	/eos/user/c/cglenn/FCCWork/whizard/whizard_ttbar_spinpol/production/full6f_365gev_ee_ttbar_spinpol_v1/phase11_diagnostics/excess_weight_rootcause_v1/ttbar_restricted_region_suite_v1/regions/20260816T231425Z_U9region_core_W15_S8_np1_v1p0p1/W15/LL/M1/adaptive/W15_LL_M1_A07_S2	/eos/user/c/cglenn/FCCWork/whizard/whizard_ttbar_spinpol/production/full6f_365gev_ee_ttbar_spinpol_v1/phase11_diagnostics/excess_weight_rootcause_v1/ttbar_restricted_region_suite_v1/regions/20260816T231425Z_U9region_core_W15_S8_np1_v1p0p1/W15/LL/M1/adaptive/W15_LL_M1_A07_S2	/eos/user/c/cglenn/FCCWork/whizard/whizard_ttbar_spinpol/production/full6f_365gev_ee_ttbar_spinpol_v1/phase11_diagnostics/excess_weight_rootcause_v1/ttbar_restricted_region_suite_v1/regions/20260816T231425Z_U9region_core_W15_S8_np1_v1p0p1/adaptive/W15_LL_M1_A07_S2	runtime_flat_fallback	PASS	PASS	0	20733e0e17025d2c73f73a666c5b62f92c105ca98114231020130b77f5730d5d	7462146a08f3290e4fcd528a654823c53573c9c8e8675bf7e66b1229584c817e		0	1		/eos/user/c/cglenn/FCCWork/whizard/whizard_ttbar_spinpol/production/full6f_365gev_ee_ttbar_spinpol_v1/phase11_diagnostics/excess_weight_rootcause_v1/ttbar_restricted_region_suite_v1/regions/20260816T231425Z_U9region_core_W15_S8_np1_v1p0p1/adaptive/W15_LL_M1_A07_S2/console.log	1
C_W15_LL_M1_A07_S2_F0	fixed	W15_LL_M1_A07_S2_F0	W15_LL_M1_A07_S2	A07	F0	S2	1885084773	1596606550	"10:100000:""gw"""	"3:200000:"""""	M1	LL	W15	NR	15.0	/eos/user/c/cglenn/FCCWork/whizard/whizard_ttbar_spinpol/production/full6f_365gev_ee_ttbar_spinpol_v1/phase11_diagnostics/excess_weight_rootcause_v1/ttbar_restricted_region_suite_v1/regions/20260816T231425Z_U9region_core_W15_S8_np1_v1p0p1/W15/LL/M1/fixed/W15_LL_M1_A07_S2/F0	/eos/user/c/cglenn/FCCWork/whizard/whizard_ttbar_spinpol/production/full6f_365gev_ee_ttbar_spinpol_v1/phase11_diagnostics/excess_weight_rootcause_v1/ttbar_restricted_region_suite_v1/regions/20260816T231425Z_U9region_core_W15_S8_np1_v1p0p1/W15/LL/M1/fixed/W15_LL_M1_A07_S2/F0	/eos/user/c/cglenn/FCCWork/whizard/whizard_ttbar_spinpol/production/full6f_365gev_ee_ttbar_spinpol_v1/phase11_diagnostics/excess_weight_rootcause_v1/ttbar_restricted_region_suite_v1/regions/20260816T231425Z_U9region_core_W15_S8_np1_v1p0p1/fixed/W15_LL_M1_A07_S2/F0	runtime_flat_fallback	PASS	PASS	0	20733e0e17025d2c73f73a666c5b62f92c105ca98114231020130b77f5730d5d	f0adafbb078d41585686cf412c64eeb912521a8f7ea1c85f430fa06805d98945	7462146a08f3290e4fcd528a654823c53573c9c8e8675bf7e66b1229584c817e	1	0	1	/eos/user/c/cglenn/FCCWork/whizard/whizard_ttbar_spinpol/production/full6f_365gev_ee_ttbar_spinpol_v1/phase11_diagnostics/excess_weight_rootcause_v1/ttbar_restricted_region_suite_v1/regions/20260816T231425Z_U9region_core_W15_S8_np1_v1p0p1/fixed/W15_LL_M1_A07_S2/F0/console.log	1
P_W15_LL_M1_A07_S3	adaptive	W15_LL_M1_A07_S3		A07		S3	134326786	769890491	"10:100000:""gw"""		M1	LL	W15	NR	15.0	/eos/user/c/cglenn/FCCWork/whizard/whizard_ttbar_spinpol/production/full6f_365gev_ee_ttbar_spinpol_v1/phase11_diagnostics/excess_weight_rootcause_v1/ttbar_restricted_region_suite_v1/regions/20260816T231425Z_U9region_core_W15_S8_np1_v1p0p1/W15/LL/M1/adaptive/W15_LL_M1_A07_S3	/eos/user/c/cglenn/FCCWork/whizard/whizard_ttbar_spinpol/production/full6f_365gev_ee_ttbar_spinpol_v1/phase11_diagnostics/excess_weight_rootcause_v1/ttbar_restricted_region_suite_v1/regions/20260816T231425Z_U9region_core_W15_S8_np1_v1p0p1/W15/LL/M1/adaptive/W15_LL_M1_A07_S3	/eos/user/c/cglenn/FCCWork/whizard/whizard_ttbar_spinpol/production/full6f_365gev_ee_ttbar_spinpol_v1/phase11_diagnostics/excess_weight_rootcause_v1/ttbar_restricted_region_suite_v1/regions/20260816T231425Z_U9region_core_W15_S8_np1_v1p0p1/adaptive/W15_LL_M1_A07_S3	runtime_flat_fallback	PASS	PASS	0	20733e0e17025d2c73f73a666c5b62f92c105ca98114231020130b77f5730d5d	5e7e0b8b831ced3e1f44cf787181e9de56c66f86c2cc87ad16dafcc8eff48161		0	1		/eos/user/c/cglenn/FCCWork/whizard/whizard_ttbar_spinpol/production/full6f_365gev_ee_ttbar_spinpol_v1/phase11_diagnostics/excess_weight_rootcause_v1/ttbar_restricted_region_suite_v1/regions/20260816T231425Z_U9region_core_W15_S8_np1_v1p0p1/adaptive/W15_LL_M1_A07_S3/console.log	1
C_W15_LL_M1_A07_S3_F0	fixed	W15_LL_M1_A07_S3_F0	W15_LL_M1_A07_S3	A07	F0	S3	134326786	769890491	"10:100000:""gw"""	"3:200000:"""""	M1	LL	W15	NR	15.0	/eos/user/c/cglenn/FCCWork/whizard/whizard_ttbar_spinpol/production/full6f_365gev_ee_ttbar_spinpol_v1/phase11_diagnostics/excess_weight_rootcause_v1/ttbar_restricted_region_suite_v1/regions/20260816T231425Z_U9region_core_W15_S8_np1_v1p0p1/W15/LL/M1/fixed/W15_LL_M1_A07_S3/F0	/eos/user/c/cglenn/FCCWork/whizard/whizard_ttbar_spinpol/production/full6f_365gev_ee_ttbar_spinpol_v1/phase11_diagnostics/excess_weight_rootcause_v1/ttbar_restricted_region_suite_v1/regions/20260816T231425Z_U9region_core_W15_S8_np1_v1p0p1/W15/LL/M1/fixed/W15_LL_M1_A07_S3/F0	/eos/user/c/cglenn/FCCWork/whizard/whizard_ttbar_spinpol/production/full6f_365gev_ee_ttbar_spinpol_v1/phase11_diagnostics/excess_weight_rootcause_v1/ttbar_restricted_region_suite_v1/regions/20260816T231425Z_U9region_core_W15_S8_np1_v1p0p1/fixed/W15_LL_M1_A07_S3/F0	runtime_flat_fallback	PASS	PASS	0	20733e0e17025d2c73f73a666c5b62f92c105ca98114231020130b77f5730d5d	9b77a8d00ed156f1689a7bf051862b3f1b379cdaa768fe2c960f709432e9ff9b	5e7e0b8b831ced3e1f44cf787181e9de56c66f86c2cc87ad16dafcc8eff48161	1	0	1	/eos/user/c/cglenn/FCCWork/whizard/whizard_ttbar_spinpol/production/full6f_365gev_ee_ttbar_spinpol_v1/phase11_diagnostics/excess_weight_rootcause_v1/ttbar_restricted_region_suite_v1/regions/20260816T231425Z_U9region_core_W15_S8_np1_v1p0p1/fixed/W15_LL_M1_A07_S3/F0/console.log	1
P_W15_LL_M1_A07_S4	adaptive	W15_LL_M1_A07_S4		A07		S4	249371675	462903030	"10:100000:""gw"""		M1	LL	W15	NR	15.0	/eos/user/c/cglenn/FCCWork/whizard/whizard_ttbar_spinpol/production/full6f_365gev_ee_ttbar_spinpol_v1/phase11_diagnostics/excess_weight_rootcause_v1/ttbar_restricted_region_suite_v1/regions/20260816T231425Z_U9region_core_W15_S8_np1_v1p0p1/W15/LL/M1/adaptive/W15_LL_M1_A07_S4	/eos/user/c/cglenn/FCCWork/whizard/whizard_ttbar_spinpol/production/full6f_365gev_ee_ttbar_spinpol_v1/phase11_diagnostics/excess_weight_rootcause_v1/ttbar_restricted_region_suite_v1/regions/20260816T231425Z_U9region_core_W15_S8_np1_v1p0p1/W15/LL/M1/adaptive/W15_LL_M1_A07_S4	/eos/user/c/cglenn/FCCWork/whizard/whizard_ttbar_spinpol/production/full6f_365gev_ee_ttbar_spinpol_v1/phase11_diagnostics/excess_weight_rootcause_v1/ttbar_restricted_region_suite_v1/regions/20260816T231425Z_U9region_core_W15_S8_np1_v1p0p1/adaptive/W15_LL_M1_A07_S4	runtime_flat_fallback	PASS	PASS	0	20733e0e17025d2c73f73a666c5b62f92c105ca98114231020130b77f5730d5d	328561a77b6e03f8721e8a2946d95d4163f9cc0bbf343f0d71976473007f4aa2		0	1		/eos/user/c/cglenn/FCCWork/whizard/whizard_ttbar_spinpol/production/full6f_365gev_ee_ttbar_spinpol_v1/phase11_diagnostics/excess_weight_rootcause_v1/ttbar_restricted_region_suite_v1/regions/20260816T231425Z_U9region_core_W15_S8_np1_v1p0p1/adaptive/W15_LL_M1_A07_S4/console.log	1
C_W15_LL_M1_A07_S4_F0	fixed	W15_LL_M1_A07_S4_F0	W15_LL_M1_A07_S4	A07	F0	S4	249371675	462903030	"10:100000:""gw"""	"3:200000:"""""	M1	LL	W15	NR	15.0	/eos/user/c/cglenn/FCCWork/whizard/whizard_ttbar_spinpol/production/full6f_365gev_ee_ttbar_spinpol_v1/phase11_diagnostics/excess_weight_rootcause_v1/ttbar_restricted_region_suite_v1/regions/20260816T231425Z_U9region_core_W15_S8_np1_v1p0p1/W15/LL/M1/fixed/W15_LL_M1_A07_S4/F0	/eos/user/c/cglenn/FCCWork/whizard/whizard_ttbar_spinpol/production/full6f_365gev_ee_ttbar_spinpol_v1/phase11_diagnostics/excess_weight_rootcause_v1/ttbar_restricted_region_suite_v1/regions/20260816T231425Z_U9region_core_W15_S8_np1_v1p0p1/W15/LL/M1/fixed/W15_LL_M1_A07_S4/F0	/eos/user/c/cglenn/FCCWork/whizard/whizard_ttbar_spinpol/production/full6f_365gev_ee_ttbar_spinpol_v1/phase11_diagnostics/excess_weight_rootcause_v1/ttbar_restricted_region_suite_v1/regions/20260816T231425Z_U9region_core_W15_S8_np1_v1p0p1/fixed/W15_LL_M1_A07_S4/F0	runtime_flat_fallback	PASS	PASS	0	20733e0e17025d2c73f73a666c5b62f92c105ca98114231020130b77f5730d5d	b833c634f9e0cdf962f3b4fa1f4d66314aad7514e40176ce30790145efdc3191	328561a77b6e03f8721e8a2946d95d4163f9cc0bbf343f0d71976473007f4aa2	1	0	1	/eos/user/c/cglenn/FCCWork/whizard/whizard_ttbar_spinpol/production/full6f_365gev_ee_ttbar_spinpol_v1/phase11_diagnostics/excess_weight_rootcause_v1/ttbar_restricted_region_suite_v1/regions/20260816T231425Z_U9region_core_W15_S8_np1_v1p0p1/fixed/W15_LL_M1_A07_S4/F0/console.log	1
P_W15_LL_M1_A07_S5	adaptive	W15_LL_M1_A07_S5		A07		S5	531087687	197846737	"10:100000:""gw"""		M1	LL	W15	NR	15.0	/eos/user/c/cglenn/FCCWork/whizard/whizard_ttbar_spinpol/production/full6f_365gev_ee_ttbar_spinpol_v1/phase11_diagnostics/excess_weight_rootcause_v1/ttbar_restricted_region_suite_v1/regions/20260816T231425Z_U9region_core_W15_S8_np1_v1p0p1/W15/LL/M1/adaptive/W15_LL_M1_A07_S5	/eos/user/c/cglenn/FCCWork/whizard/whizard_ttbar_spinpol/production/full6f_365gev_ee_ttbar_spinpol_v1/phase11_diagnostics/excess_weight_rootcause_v1/ttbar_restricted_region_suite_v1/regions/20260816T231425Z_U9region_core_W15_S8_np1_v1p0p1/W15/LL/M1/adaptive/W15_LL_M1_A07_S5	/eos/user/c/cglenn/FCCWork/whizard/whizard_ttbar_spinpol/production/full6f_365gev_ee_ttbar_spinpol_v1/phase11_diagnostics/excess_weight_rootcause_v1/ttbar_restricted_region_suite_v1/regions/20260816T231425Z_U9region_core_W15_S8_np1_v1p0p1/adaptive/W15_LL_M1_A07_S5	runtime_flat_fallback	PASS	PASS	0	20733e0e17025d2c73f73a666c5b62f92c105ca98114231020130b77f5730d5d	4ba7c2ca8e7694276163caf1a2a51f1e04bc85156ce863a4fe87a12745289855		0	1		/eos/user/c/cglenn/FCCWork/whizard/whizard_ttbar_spinpol/production/full6f_365gev_ee_ttbar_spinpol_v1/phase11_diagnostics/excess_weight_rootcause_v1/ttbar_restricted_region_suite_v1/regions/20260816T231425Z_U9region_core_W15_S8_np1_v1p0p1/adaptive/W15_LL_M1_A07_S5/console.log	1
C_W15_LL_M1_A07_S5_F0	fixed	W15_LL_M1_A07_S5_F0	W15_LL_M1_A07_S5	A07	F0	S5	531087687	197846737	"10:100000:""gw"""	"3:200000:"""""	M1	LL	W15	NR	15.0	/eos/user/c/cglenn/FCCWork/whizard/whizard_ttbar_spinpol/production/full6f_365gev_ee_ttbar_spinpol_v1/phase11_diagnostics/excess_weight_rootcause_v1/ttbar_restricted_region_suite_v1/regions/20260816T231425Z_U9region_core_W15_S8_np1_v1p0p1/W15/LL/M1/fixed/W15_LL_M1_A07_S5/F0	/eos/user/c/cglenn/FCCWork/whizard/whizard_ttbar_spinpol/production/full6f_365gev_ee_ttbar_spinpol_v1/phase11_diagnostics/excess_weight_rootcause_v1/ttbar_restricted_region_suite_v1/regions/20260816T231425Z_U9region_core_W15_S8_np1_v1p0p1/W15/LL/M1/fixed/W15_LL_M1_A07_S5/F0	/eos/user/c/cglenn/FCCWork/whizard/whizard_ttbar_spinpol/production/full6f_365gev_ee_ttbar_spinpol_v1/phase11_diagnostics/excess_weight_rootcause_v1/ttbar_restricted_region_suite_v1/regions/20260816T231425Z_U9region_core_W15_S8_np1_v1p0p1/fixed/W15_LL_M1_A07_S5/F0	runtime_flat_fallback	PASS	PASS	0	20733e0e17025d2c73f73a666c5b62f92c105ca98114231020130b77f5730d5d	32a49bd8453580f5c73dd58e11565a89cebdd3d403704a1ab2cd70d3091d5f25	4ba7c2ca8e7694276163caf1a2a51f1e04bc85156ce863a4fe87a12745289855	1	0	1	/eos/user/c/cglenn/FCCWork/whizard/whizard_ttbar_spinpol/production/full6f_365gev_ee_ttbar_spinpol_v1/phase11_diagnostics/excess_weight_rootcause_v1/ttbar_restricted_region_suite_v1/regions/20260816T231425Z_U9region_core_W15_S8_np1_v1p0p1/fixed/W15_LL_M1_A07_S5/F0/console.log	1
P_W15_LL_M1_A07_S6	adaptive	W15_LL_M1_A07_S6		A07		S6	519963689	958460417	"10:100000:""gw"""		M1	LL	W15	NR	15.0	/eos/user/c/cglenn/FCCWork/whizard/whizard_ttbar_spinpol/production/full6f_365gev_ee_ttbar_spinpol_v1/phase11_diagnostics/excess_weight_rootcause_v1/ttbar_restricted_region_suite_v1/regions/20260816T231425Z_U9region_core_W15_S8_np1_v1p0p1/W15/LL/M1/adaptive/W15_LL_M1_A07_S6	/eos/user/c/cglenn/FCCWork/whizard/whizard_ttbar_spinpol/production/full6f_365gev_ee_ttbar_spinpol_v1/phase11_diagnostics/excess_weight_rootcause_v1/ttbar_restricted_region_suite_v1/regions/20260816T231425Z_U9region_core_W15_S8_np1_v1p0p1/W15/LL/M1/adaptive/W15_LL_M1_A07_S6	/eos/user/c/cglenn/FCCWork/whizard/whizard_ttbar_spinpol/production/full6f_365gev_ee_ttbar_spinpol_v1/phase11_diagnostics/excess_weight_rootcause_v1/ttbar_restricted_region_suite_v1/regions/20260816T231425Z_U9region_core_W15_S8_np1_v1p0p1/adaptive/W15_LL_M1_A07_S6	runtime_flat_fallback	PASS	PASS	0	20733e0e17025d2c73f73a666c5b62f92c105ca98114231020130b77f5730d5d	2ec1599b1b8ed3a4d644be9c9bf43c14a6382760a5b31961dcdb8077a06d461d		0	1		/eos/user/c/cglenn/FCCWork/whizard/whizard_ttbar_spinpol/production/full6f_365gev_ee_ttbar_spinpol_v1/phase11_diagnostics/excess_weight_rootcause_v1/ttbar_restricted_region_suite_v1/regions/20260816T231425Z_U9region_core_W15_S8_np1_v1p0p1/adaptive/W15_LL_M1_A07_S6/console.log	1
C_W15_LL_M1_A07_S6_F0	fixed	W15_LL_M1_A07_S6_F0	W15_LL_M1_A07_S6	A07	F0	S6	519963689	958460417	"10:100000:""gw"""	"3:200000:"""""	M1	LL	W15	NR	15.0	/eos/user/c/cglenn/FCCWork/whizard/whizard_ttbar_spinpol/production/full6f_365gev_ee_ttbar_spinpol_v1/phase11_diagnostics/excess_weight_rootcause_v1/ttbar_restricted_region_suite_v1/regions/20260816T231425Z_U9region_core_W15_S8_np1_v1p0p1/W15/LL/M1/fixed/W15_LL_M1_A07_S6/F0	/eos/user/c/cglenn/FCCWork/whizard/whizard_ttbar_spinpol/production/full6f_365gev_ee_ttbar_spinpol_v1/phase11_diagnostics/excess_weight_rootcause_v1/ttbar_restricted_region_suite_v1/regions/20260816T231425Z_U9region_core_W15_S8_np1_v1p0p1/W15/LL/M1/fixed/W15_LL_M1_A07_S6/F0	/eos/user/c/cglenn/FCCWork/whizard/whizard_ttbar_spinpol/production/full6f_365gev_ee_ttbar_spinpol_v1/phase11_diagnostics/excess_weight_rootcause_v1/ttbar_restricted_region_suite_v1/regions/20260816T231425Z_U9region_core_W15_S8_np1_v1p0p1/fixed/W15_LL_M1_A07_S6/F0	runtime_flat_fallback	PASS	PASS	0	20733e0e17025d2c73f73a666c5b62f92c105ca98114231020130b77f5730d5d	57aaba6e4e9e373367a900860af4e5841e89fdbce4557c097b29f69b865ef6f1	2ec1599b1b8ed3a4d644be9c9bf43c14a6382760a5b31961dcdb8077a06d461d	1	0	1	/eos/user/c/cglenn/FCCWork/whizard/whizard_ttbar_spinpol/production/full6f_365gev_ee_ttbar_spinpol_v1/phase11_diagnostics/excess_weight_rootcause_v1/ttbar_restricted_region_suite_v1/regions/20260816T231425Z_U9region_core_W15_S8_np1_v1p0p1/fixed/W15_LL_M1_A07_S6/F0/console.log	1
P_W15_LL_M1_A07_S7	adaptive	W15_LL_M1_A07_S7		A07		S7	1552803368	239117595	"10:100000:""gw"""		M1	LL	W15	NR	15.0	/eos/user/c/cglenn/FCCWork/whizard/whizard_ttbar_spinpol/production/full6f_365gev_ee_ttbar_spinpol_v1/phase11_diagnostics/excess_weight_rootcause_v1/ttbar_restricted_region_suite_v1/regions/20260816T231425Z_U9region_core_W15_S8_np1_v1p0p1/W15/LL/M1/adaptive/W15_LL_M1_A07_S7	/eos/user/c/cglenn/FCCWork/whizard/whizard_ttbar_spinpol/production/full6f_365gev_ee_ttbar_spinpol_v1/phase11_diagnostics/excess_weight_rootcause_v1/ttbar_restricted_region_suite_v1/regions/20260816T231425Z_U9region_core_W15_S8_np1_v1p0p1/W15/LL/M1/adaptive/W15_LL_M1_A07_S7	/eos/user/c/cglenn/FCCWork/whizard/whizard_ttbar_spinpol/production/full6f_365gev_ee_ttbar_spinpol_v1/phase11_diagnostics/excess_weight_rootcause_v1/ttbar_restricted_region_suite_v1/regions/20260816T231425Z_U9region_core_W15_S8_np1_v1p0p1/adaptive/W15_LL_M1_A07_S7	runtime_flat_fallback	PASS	PASS	0	20733e0e17025d2c73f73a666c5b62f92c105ca98114231020130b77f5730d5d	8b59170b665c8866a663e404d4ac8702a93f093cd36b6ff1dcc39519c566fffb		0	1		/eos/user/c/cglenn/FCCWork/whizard/whizard_ttbar_spinpol/production/full6f_365gev_ee_ttbar_spinpol_v1/phase11_diagnostics/excess_weight_rootcause_v1/ttbar_restricted_region_suite_v1/regions/20260816T231425Z_U9region_core_W15_S8_np1_v1p0p1/adaptive/W15_LL_M1_A07_S7/console.log	1
C_W15_LL_M1_A07_S7_F0	fixed	W15_LL_M1_A07_S7_F0	W15_LL_M1_A07_S7	A07	F0	S7	1552803368	239117595	"10:100000:""gw"""	"3:200000:"""""	M1	LL	W15	NR	15.0	/eos/user/c/cglenn/FCCWork/whizard/whizard_ttbar_spinpol/production/full6f_365gev_ee_ttbar_spinpol_v1/phase11_diagnostics/excess_weight_rootcause_v1/ttbar_restricted_region_suite_v1/regions/20260816T231425Z_U9region_core_W15_S8_np1_v1p0p1/W15/LL/M1/fixed/W15_LL_M1_A07_S7/F0	/eos/user/c/cglenn/FCCWork/whizard/whizard_ttbar_spinpol/production/full6f_365gev_ee_ttbar_spinpol_v1/phase11_diagnostics/excess_weight_rootcause_v1/ttbar_restricted_region_suite_v1/regions/20260816T231425Z_U9region_core_W15_S8_np1_v1p0p1/W15/LL/M1/fixed/W15_LL_M1_A07_S7/F0	/eos/user/c/cglenn/FCCWork/whizard/whizard_ttbar_spinpol/production/full6f_365gev_ee_ttbar_spinpol_v1/phase11_diagnostics/excess_weight_rootcause_v1/ttbar_restricted_region_suite_v1/regions/20260816T231425Z_U9region_core_W15_S8_np1_v1p0p1/fixed/W15_LL_M1_A07_S7/F0	runtime_flat_fallback	PASS	PASS	0	20733e0e17025d2c73f73a666c5b62f92c105ca98114231020130b77f5730d5d	c3f5111da2f51b08e2bed62ed134adfa2f68765a6e43b8cf596d3ac3bebd3a15	8b59170b665c8866a663e404d4ac8702a93f093cd36b6ff1dcc39519c566fffb	1	0	1	/eos/user/c/cglenn/FCCWork/whizard/whizard_ttbar_spinpol/production/full6f_365gev_ee_ttbar_spinpol_v1/phase11_diagnostics/excess_weight_rootcause_v1/ttbar_restricted_region_suite_v1/regions/20260816T231425Z_U9region_core_W15_S8_np1_v1p0p1/fixed/W15_LL_M1_A07_S7/F0/console.log	1
P_W15_LL_M2_A10_S0	adaptive	W15_LL_M2_A10_S0		A10		S0	1740114216	648318690	"1:1000000:""gw"""		M2	LL	W15	NR	15.0	/eos/user/c/cglenn/FCCWork/whizard/whizard_ttbar_spinpol/production/full6f_365gev_ee_ttbar_spinpol_v1/phase11_diagnostics/excess_weight_rootcause_v1/ttbar_restricted_region_suite_v1/regions/20260816T231425Z_U9region_core_W15_S8_np1_v1p0p1/W15/LL/M2/adaptive/W15_LL_M2_A10_S0	/eos/user/c/cglenn/FCCWork/whizard/whizard_ttbar_spinpol/production/full6f_365gev_ee_ttbar_spinpol_v1/phase11_diagnostics/excess_weight_rootcause_v1/ttbar_restricted_region_suite_v1/regions/20260816T231425Z_U9region_core_W15_S8_np1_v1p0p1/W15/LL/M2/adaptive/W15_LL_M2_A10_S0	/eos/user/c/cglenn/FCCWork/whizard/whizard_ttbar_spinpol/production/full6f_365gev_ee_ttbar_spinpol_v1/phase11_diagnostics/excess_weight_rootcause_v1/ttbar_restricted_region_suite_v1/regions/20260816T231425Z_U9region_core_W15_S8_np1_v1p0p1/adaptive/W15_LL_M2_A10_S0	runtime_flat_fallback	PASS	PASS	0	20733e0e17025d2c73f73a666c5b62f92c105ca98114231020130b77f5730d5d	d840f0371b79979adb4287581f3d1d2fc6ecac442ccb026c55271777fe670220		0	1		/eos/user/c/cglenn/FCCWork/whizard/whizard_ttbar_spinpol/production/full6f_365gev_ee_ttbar_spinpol_v1/phase11_diagnostics/excess_weight_rootcause_v1/ttbar_restricted_region_suite_v1/regions/20260816T231425Z_U9region_core_W15_S8_np1_v1p0p1/adaptive/W15_LL_M2_A10_S0/console.log	1
C_W15_LL_M2_A10_S0_F2	fixed	W15_LL_M2_A10_S0_F2	W15_LL_M2_A10_S0	A10	F2	S0	1740114216	648318690	"1:1000000:""gw"""	"1:2000000:"""""	M2	LL	W15	NR	15.0	/eos/user/c/cglenn/FCCWork/whizard/whizard_ttbar_spinpol/production/full6f_365gev_ee_ttbar_spinpol_v1/phase11_diagnostics/excess_weight_rootcause_v1/ttbar_restricted_region_suite_v1/regions/20260816T231425Z_U9region_core_W15_S8_np1_v1p0p1/W15/LL/M2/fixed/W15_LL_M2_A10_S0/F2	/eos/user/c/cglenn/FCCWork/whizard/whizard_ttbar_spinpol/production/full6f_365gev_ee_ttbar_spinpol_v1/phase11_diagnostics/excess_weight_rootcause_v1/ttbar_restricted_region_suite_v1/regions/20260816T231425Z_U9region_core_W15_S8_np1_v1p0p1/W15/LL/M2/fixed/W15_LL_M2_A10_S0/F2	/eos/user/c/cglenn/FCCWork/whizard/whizard_ttbar_spinpol/production/full6f_365gev_ee_ttbar_spinpol_v1/phase11_diagnostics/excess_weight_rootcause_v1/ttbar_restricted_region_suite_v1/regions/20260816T231425Z_U9region_core_W15_S8_np1_v1p0p1/fixed/W15_LL_M2_A10_S0/F2	runtime_flat_fallback	PASS	PASS	0	20733e0e17025d2c73f73a666c5b62f92c105ca98114231020130b77f5730d5d	20ae8c099108721bd252b29a00f182894757e41346a572938610b448453fbfea	d840f0371b79979adb4287581f3d1d2fc6ecac442ccb026c55271777fe670220	1	0	1	/eos/user/c/cglenn/FCCWork/whizard/whizard_ttbar_spinpol/production/full6f_365gev_ee_ttbar_spinpol_v1/phase11_diagnostics/excess_weight_rootcause_v1/ttbar_restricted_region_suite_v1/regions/20260816T231425Z_U9region_core_W15_S8_np1_v1p0p1/fixed/W15_LL_M2_A10_S0/F2/console.log	1
P_W15_LL_M2_A10_S1	adaptive	W15_LL_M2_A10_S1		A10		S1	1751949026	1404282457	"1:1000000:""gw"""		M2	LL	W15	NR	15.0	/eos/user/c/cglenn/FCCWork/whizard/whizard_ttbar_spinpol/production/full6f_365gev_ee_ttbar_spinpol_v1/phase11_diagnostics/excess_weight_rootcause_v1/ttbar_restricted_region_suite_v1/regions/20260816T231425Z_U9region_core_W15_S8_np1_v1p0p1/W15/LL/M2/adaptive/W15_LL_M2_A10_S1	/eos/user/c/cglenn/FCCWork/whizard/whizard_ttbar_spinpol/production/full6f_365gev_ee_ttbar_spinpol_v1/phase11_diagnostics/excess_weight_rootcause_v1/ttbar_restricted_region_suite_v1/regions/20260816T231425Z_U9region_core_W15_S8_np1_v1p0p1/W15/LL/M2/adaptive/W15_LL_M2_A10_S1	/eos/user/c/cglenn/FCCWork/whizard/whizard_ttbar_spinpol/production/full6f_365gev_ee_ttbar_spinpol_v1/phase11_diagnostics/excess_weight_rootcause_v1/ttbar_restricted_region_suite_v1/regions/20260816T231425Z_U9region_core_W15_S8_np1_v1p0p1/adaptive/W15_LL_M2_A10_S1	runtime_flat_fallback	PASS	PASS	0	20733e0e17025d2c73f73a666c5b62f92c105ca98114231020130b77f5730d5d	bafeb5691ce08c3e0bb8617fce62c4ce8bc9e883fe9169f75d68d90e914a393e		0	1		/eos/user/c/cglenn/FCCWork/whizard/whizard_ttbar_spinpol/production/full6f_365gev_ee_ttbar_spinpol_v1/phase11_diagnostics/excess_weight_rootcause_v1/ttbar_restricted_region_suite_v1/regions/20260816T231425Z_U9region_core_W15_S8_np1_v1p0p1/adaptive/W15_LL_M2_A10_S1/console.log	1
C_W15_LL_M2_A10_S1_F2	fixed	W15_LL_M2_A10_S1_F2	W15_LL_M2_A10_S1	A10	F2	S1	1751949026	1404282457	"1:1000000:""gw"""	"1:2000000:"""""	M2	LL	W15	NR	15.0	/eos/user/c/cglenn/FCCWork/whizard/whizard_ttbar_spinpol/production/full6f_365gev_ee_ttbar_spinpol_v1/phase11_diagnostics/excess_weight_rootcause_v1/ttbar_restricted_region_suite_v1/regions/20260816T231425Z_U9region_core_W15_S8_np1_v1p0p1/W15/LL/M2/fixed/W15_LL_M2_A10_S1/F2	/eos/user/c/cglenn/FCCWork/whizard/whizard_ttbar_spinpol/production/full6f_365gev_ee_ttbar_spinpol_v1/phase11_diagnostics/excess_weight_rootcause_v1/ttbar_restricted_region_suite_v1/regions/20260816T231425Z_U9region_core_W15_S8_np1_v1p0p1/W15/LL/M2/fixed/W15_LL_M2_A10_S1/F2	/eos/user/c/cglenn/FCCWork/whizard/whizard_ttbar_spinpol/production/full6f_365gev_ee_ttbar_spinpol_v1/phase11_diagnostics/excess_weight_rootcause_v1/ttbar_restricted_region_suite_v1/regions/20260816T231425Z_U9region_core_W15_S8_np1_v1p0p1/fixed/W15_LL_M2_A10_S1/F2	runtime_flat_fallback	PASS	PASS	0	20733e0e17025d2c73f73a666c5b62f92c105ca98114231020130b77f5730d5d	6c6a13b82e5910fd35ac5b262c2ea2ef783bfc6abfb3df6c24ea697316ac6df7	bafeb5691ce08c3e0bb8617fce62c4ce8bc9e883fe9169f75d68d90e914a393e	1	0	1	/eos/user/c/cglenn/FCCWork/whizard/whizard_ttbar_spinpol/production/full6f_365gev_ee_ttbar_spinpol_v1/phase11_diagnostics/excess_weight_rootcause_v1/ttbar_restricted_region_suite_v1/regions/20260816T231425Z_U9region_core_W15_S8_np1_v1p0p1/fixed/W15_LL_M2_A10_S1/F2/console.log	1
P_W15_LL_M2_A10_S2	adaptive	W15_LL_M2_A10_S2		A10		S2	1885084773	1596606550	"1:1000000:""gw"""		M2	LL	W15	NR	15.0	/eos/user/c/cglenn/FCCWork/whizard/whizard_ttbar_spinpol/production/full6f_365gev_ee_ttbar_spinpol_v1/phase11_diagnostics/excess_weight_rootcause_v1/ttbar_restricted_region_suite_v1/regions/20260816T231425Z_U9region_core_W15_S8_np1_v1p0p1/W15/LL/M2/adaptive/W15_LL_M2_A10_S2	/eos/user/c/cglenn/FCCWork/whizard/whizard_ttbar_spinpol/production/full6f_365gev_ee_ttbar_spinpol_v1/phase11_diagnostics/excess_weight_rootcause_v1/ttbar_restricted_region_suite_v1/regions/20260816T231425Z_U9region_core_W15_S8_np1_v1p0p1/W15/LL/M2/adaptive/W15_LL_M2_A10_S2	/eos/user/c/cglenn/FCCWork/whizard/whizard_ttbar_spinpol/production/full6f_365gev_ee_ttbar_spinpol_v1/phase11_diagnostics/excess_weight_rootcause_v1/ttbar_restricted_region_suite_v1/regions/20260816T231425Z_U9region_core_W15_S8_np1_v1p0p1/adaptive/W15_LL_M2_A10_S2	runtime_flat_fallback	PASS	PASS	0	20733e0e17025d2c73f73a666c5b62f92c105ca98114231020130b77f5730d5d	e5433f4da8fafe421033793961def6e420495c735fdf195f67fd45e2768de7e9		0	1		/eos/user/c/cglenn/FCCWork/whizard/whizard_ttbar_spinpol/production/full6f_365gev_ee_ttbar_spinpol_v1/phase11_diagnostics/excess_weight_rootcause_v1/ttbar_restricted_region_suite_v1/regions/20260816T231425Z_U9region_core_W15_S8_np1_v1p0p1/adaptive/W15_LL_M2_A10_S2/console.log	1
C_W15_LL_M2_A10_S2_F2	fixed	W15_LL_M2_A10_S2_F2	W15_LL_M2_A10_S2	A10	F2	S2	1885084773	1596606550	"1:1000000:""gw"""	"1:2000000:"""""	M2	LL	W15	NR	15.0	/eos/user/c/cglenn/FCCWork/whizard/whizard_ttbar_spinpol/production/full6f_365gev_ee_ttbar_spinpol_v1/phase11_diagnostics/excess_weight_rootcause_v1/ttbar_restricted_region_suite_v1/regions/20260816T231425Z_U9region_core_W15_S8_np1_v1p0p1/W15/LL/M2/fixed/W15_LL_M2_A10_S2/F2	/eos/user/c/cglenn/FCCWork/whizard/whizard_ttbar_spinpol/production/full6f_365gev_ee_ttbar_spinpol_v1/phase11_diagnostics/excess_weight_rootcause_v1/ttbar_restricted_region_suite_v1/regions/20260816T231425Z_U9region_core_W15_S8_np1_v1p0p1/W15/LL/M2/fixed/W15_LL_M2_A10_S2/F2	/eos/user/c/cglenn/FCCWork/whizard/whizard_ttbar_spinpol/production/full6f_365gev_ee_ttbar_spinpol_v1/phase11_diagnostics/excess_weight_rootcause_v1/ttbar_restricted_region_suite_v1/regions/20260816T231425Z_U9region_core_W15_S8_np1_v1p0p1/fixed/W15_LL_M2_A10_S2/F2	runtime_flat_fallback	PASS	PASS	0	20733e0e17025d2c73f73a666c5b62f92c105ca98114231020130b77f5730d5d	e605af553a421846cfeb56e788c256903f822c3eeb0d3928a2e0b13e134cb657	e5433f4da8fafe421033793961def6e420495c735fdf195f67fd45e2768de7e9	1	0	1	/eos/user/c/cglenn/FCCWork/whizard/whizard_ttbar_spinpol/production/full6f_365gev_ee_ttbar_spinpol_v1/phase11_diagnostics/excess_weight_rootcause_v1/ttbar_restricted_region_suite_v1/regions/20260816T231425Z_U9region_core_W15_S8_np1_v1p0p1/fixed/W15_LL_M2_A10_S2/F2/console.log	1
P_W15_LL_M2_A10_S3	adaptive	W15_LL_M2_A10_S3		A10		S3	134326786	769890491	"1:1000000:""gw"""		M2	LL	W15	NR	15.0	/eos/user/c/cglenn/FCCWork/whizard/whizard_ttbar_spinpol/production/full6f_365gev_ee_ttbar_spinpol_v1/phase11_diagnostics/excess_weight_rootcause_v1/ttbar_restricted_region_suite_v1/regions/20260816T231425Z_U9region_core_W15_S8_np1_v1p0p1/W15/LL/M2/adaptive/W15_LL_M2_A10_S3	/eos/user/c/cglenn/FCCWork/whizard/whizard_ttbar_spinpol/production/full6f_365gev_ee_ttbar_spinpol_v1/phase11_diagnostics/excess_weight_rootcause_v1/ttbar_restricted_region_suite_v1/regions/20260816T231425Z_U9region_core_W15_S8_np1_v1p0p1/W15/LL/M2/adaptive/W15_LL_M2_A10_S3	/eos/user/c/cglenn/FCCWork/whizard/whizard_ttbar_spinpol/production/full6f_365gev_ee_ttbar_spinpol_v1/phase11_diagnostics/excess_weight_rootcause_v1/ttbar_restricted_region_suite_v1/regions/20260816T231425Z_U9region_core_W15_S8_np1_v1p0p1/adaptive/W15_LL_M2_A10_S3	runtime_flat_fallback	PASS	PASS	0	20733e0e17025d2c73f73a666c5b62f92c105ca98114231020130b77f5730d5d	a7566b125eecf34223fa6ef593972b699fc802646e067d60f799df76fda1043b		0	1		/eos/user/c/cglenn/FCCWork/whizard/whizard_ttbar_spinpol/production/full6f_365gev_ee_ttbar_spinpol_v1/phase11_diagnostics/excess_weight_rootcause_v1/ttbar_restricted_region_suite_v1/regions/20260816T231425Z_U9region_core_W15_S8_np1_v1p0p1/adaptive/W15_LL_M2_A10_S3/console.log	1
C_W15_LL_M2_A10_S3_F2	fixed	W15_LL_M2_A10_S3_F2	W15_LL_M2_A10_S3	A10	F2	S3	134326786	769890491	"1:1000000:""gw"""	"1:2000000:"""""	M2	LL	W15	NR	15.0	/eos/user/c/cglenn/FCCWork/whizard/whizard_ttbar_spinpol/production/full6f_365gev_ee_ttbar_spinpol_v1/phase11_diagnostics/excess_weight_rootcause_v1/ttbar_restricted_region_suite_v1/regions/20260816T231425Z_U9region_core_W15_S8_np1_v1p0p1/W15/LL/M2/fixed/W15_LL_M2_A10_S3/F2	/eos/user/c/cglenn/FCCWork/whizard/whizard_ttbar_spinpol/production/full6f_365gev_ee_ttbar_spinpol_v1/phase11_diagnostics/excess_weight_rootcause_v1/ttbar_restricted_region_suite_v1/regions/20260816T231425Z_U9region_core_W15_S8_np1_v1p0p1/W15/LL/M2/fixed/W15_LL_M2_A10_S3/F2	/eos/user/c/cglenn/FCCWork/whizard/whizard_ttbar_spinpol/production/full6f_365gev_ee_ttbar_spinpol_v1/phase11_diagnostics/excess_weight_rootcause_v1/ttbar_restricted_region_suite_v1/regions/20260816T231425Z_U9region_core_W15_S8_np1_v1p0p1/fixed/W15_LL_M2_A10_S3/F2	runtime_flat_fallback	PASS	PASS	0	20733e0e17025d2c73f73a666c5b62f92c105ca98114231020130b77f5730d5d	dc3b188b78d08fe49b4cf0b9fc6c67ba37e098ce8cac69bd3650871b104d5de1	a7566b125eecf34223fa6ef593972b699fc802646e067d60f799df76fda1043b	1	0	1	/eos/user/c/cglenn/FCCWork/whizard/whizard_ttbar_spinpol/production/full6f_365gev_ee_ttbar_spinpol_v1/phase11_diagnostics/excess_weight_rootcause_v1/ttbar_restricted_region_suite_v1/regions/20260816T231425Z_U9region_core_W15_S8_np1_v1p0p1/fixed/W15_LL_M2_A10_S3/F2/console.log	1
P_W15_LL_M2_A10_S4	adaptive	W15_LL_M2_A10_S4		A10		S4	249371675	462903030	"1:1000000:""gw"""		M2	LL	W15	NR	15.0	/eos/user/c/cglenn/FCCWork/whizard/whizard_ttbar_spinpol/production/full6f_365gev_ee_ttbar_spinpol_v1/phase11_diagnostics/excess_weight_rootcause_v1/ttbar_restricted_region_suite_v1/regions/20260816T231425Z_U9region_core_W15_S8_np1_v1p0p1/W15/LL/M2/adaptive/W15_LL_M2_A10_S4	/eos/user/c/cglenn/FCCWork/whizard/whizard_ttbar_spinpol/production/full6f_365gev_ee_ttbar_spinpol_v1/phase11_diagnostics/excess_weight_rootcause_v1/ttbar_restricted_region_suite_v1/regions/20260816T231425Z_U9region_core_W15_S8_np1_v1p0p1/W15/LL/M2/adaptive/W15_LL_M2_A10_S4	/eos/user/c/cglenn/FCCWork/whizard/whizard_ttbar_spinpol/production/full6f_365gev_ee_ttbar_spinpol_v1/phase11_diagnostics/excess_weight_rootcause_v1/ttbar_restricted_region_suite_v1/regions/20260816T231425Z_U9region_core_W15_S8_np1_v1p0p1/adaptive/W15_LL_M2_A10_S4	runtime_flat_fallback	PASS	PASS	0	20733e0e17025d2c73f73a666c5b62f92c105ca98114231020130b77f5730d5d	f09c86fb90a231033ebf6c79c898620882aa154928abd4f1463d77445df518be		0	1		/eos/user/c/cglenn/FCCWork/whizard/whizard_ttbar_spinpol/production/full6f_365gev_ee_ttbar_spinpol_v1/phase11_diagnostics/excess_weight_rootcause_v1/ttbar_restricted_region_suite_v1/regions/20260816T231425Z_U9region_core_W15_S8_np1_v1p0p1/adaptive/W15_LL_M2_A10_S4/console.log	1
C_W15_LL_M2_A10_S4_F2	fixed	W15_LL_M2_A10_S4_F2	W15_LL_M2_A10_S4	A10	F2	S4	249371675	462903030	"1:1000000:""gw"""	"1:2000000:"""""	M2	LL	W15	NR	15.0	/eos/user/c/cglenn/FCCWork/whizard/whizard_ttbar_spinpol/production/full6f_365gev_ee_ttbar_spinpol_v1/phase11_diagnostics/excess_weight_rootcause_v1/ttbar_restricted_region_suite_v1/regions/20260816T231425Z_U9region_core_W15_S8_np1_v1p0p1/W15/LL/M2/fixed/W15_LL_M2_A10_S4/F2	/eos/user/c/cglenn/FCCWork/whizard/whizard_ttbar_spinpol/production/full6f_365gev_ee_ttbar_spinpol_v1/phase11_diagnostics/excess_weight_rootcause_v1/ttbar_restricted_region_suite_v1/regions/20260816T231425Z_U9region_core_W15_S8_np1_v1p0p1/W15/LL/M2/fixed/W15_LL_M2_A10_S4/F2	/eos/user/c/cglenn/FCCWork/whizard/whizard_ttbar_spinpol/production/full6f_365gev_ee_ttbar_spinpol_v1/phase11_diagnostics/excess_weight_rootcause_v1/ttbar_restricted_region_suite_v1/regions/20260816T231425Z_U9region_core_W15_S8_np1_v1p0p1/fixed/W15_LL_M2_A10_S4/F2	runtime_flat_fallback	PASS	PASS	0	20733e0e17025d2c73f73a666c5b62f92c105ca98114231020130b77f5730d5d	6f6ffc7edf28dd0ce18cbb419e8ae2b90b00ab4f6c64df24976ae713f151ca68	f09c86fb90a231033ebf6c79c898620882aa154928abd4f1463d77445df518be	1	0	1	/eos/user/c/cglenn/FCCWork/whizard/whizard_ttbar_spinpol/production/full6f_365gev_ee_ttbar_spinpol_v1/phase11_diagnostics/excess_weight_rootcause_v1/ttbar_restricted_region_suite_v1/regions/20260816T231425Z_U9region_core_W15_S8_np1_v1p0p1/fixed/W15_LL_M2_A10_S4/F2/console.log	1
P_W15_LL_M2_A10_S5	adaptive	W15_LL_M2_A10_S5		A10		S5	531087687	197846737	"1:1000000:""gw"""		M2	LL	W15	NR	15.0	/eos/user/c/cglenn/FCCWork/whizard/whizard_ttbar_spinpol/production/full6f_365gev_ee_ttbar_spinpol_v1/phase11_diagnostics/excess_weight_rootcause_v1/ttbar_restricted_region_suite_v1/regions/20260816T231425Z_U9region_core_W15_S8_np1_v1p0p1/W15/LL/M2/adaptive/W15_LL_M2_A10_S5	/eos/user/c/cglenn/FCCWork/whizard/whizard_ttbar_spinpol/production/full6f_365gev_ee_ttbar_spinpol_v1/phase11_diagnostics/excess_weight_rootcause_v1/ttbar_restricted_region_suite_v1/regions/20260816T231425Z_U9region_core_W15_S8_np1_v1p0p1/W15/LL/M2/adaptive/W15_LL_M2_A10_S5	/eos/user/c/cglenn/FCCWork/whizard/whizard_ttbar_spinpol/production/full6f_365gev_ee_ttbar_spinpol_v1/phase11_diagnostics/excess_weight_rootcause_v1/ttbar_restricted_region_suite_v1/regions/20260816T231425Z_U9region_core_W15_S8_np1_v1p0p1/adaptive/W15_LL_M2_A10_S5	runtime_flat_fallback	PASS	PASS	0	20733e0e17025d2c73f73a666c5b62f92c105ca98114231020130b77f5730d5d	16a2273ca1dcf6d6fb292820f778e8f806dbebe3fe1cdb3dcedd66e0b8e603fa		0	1		/eos/user/c/cglenn/FCCWork/whizard/whizard_ttbar_spinpol/production/full6f_365gev_ee_ttbar_spinpol_v1/phase11_diagnostics/excess_weight_rootcause_v1/ttbar_restricted_region_suite_v1/regions/20260816T231425Z_U9region_core_W15_S8_np1_v1p0p1/adaptive/W15_LL_M2_A10_S5/console.log	1
C_W15_LL_M2_A10_S5_F2	fixed	W15_LL_M2_A10_S5_F2	W15_LL_M2_A10_S5	A10	F2	S5	531087687	197846737	"1:1000000:""gw"""	"1:2000000:"""""	M2	LL	W15	NR	15.0	/eos/user/c/cglenn/FCCWork/whizard/whizard_ttbar_spinpol/production/full6f_365gev_ee_ttbar_spinpol_v1/phase11_diagnostics/excess_weight_rootcause_v1/ttbar_restricted_region_suite_v1/regions/20260816T231425Z_U9region_core_W15_S8_np1_v1p0p1/W15/LL/M2/fixed/W15_LL_M2_A10_S5/F2	/eos/user/c/cglenn/FCCWork/whizard/whizard_ttbar_spinpol/production/full6f_365gev_ee_ttbar_spinpol_v1/phase11_diagnostics/excess_weight_rootcause_v1/ttbar_restricted_region_suite_v1/regions/20260816T231425Z_U9region_core_W15_S8_np1_v1p0p1/W15/LL/M2/fixed/W15_LL_M2_A10_S5/F2	/eos/user/c/cglenn/FCCWork/whizard/whizard_ttbar_spinpol/production/full6f_365gev_ee_ttbar_spinpol_v1/phase11_diagnostics/excess_weight_rootcause_v1/ttbar_restricted_region_suite_v1/regions/20260816T231425Z_U9region_core_W15_S8_np1_v1p0p1/fixed/W15_LL_M2_A10_S5/F2	runtime_flat_fallback	PASS	PASS	0	20733e0e17025d2c73f73a666c5b62f92c105ca98114231020130b77f5730d5d	08d0c2cf39a5bcebcb38a884998f270661cd921311f159867851f588dc88e8e3	16a2273ca1dcf6d6fb292820f778e8f806dbebe3fe1cdb3dcedd66e0b8e603fa	1	0	1	/eos/user/c/cglenn/FCCWork/whizard/whizard_ttbar_spinpol/production/full6f_365gev_ee_ttbar_spinpol_v1/phase11_diagnostics/excess_weight_rootcause_v1/ttbar_restricted_region_suite_v1/regions/20260816T231425Z_U9region_core_W15_S8_np1_v1p0p1/fixed/W15_LL_M2_A10_S5/F2/console.log	1
P_W15_LL_M2_A10_S6	adaptive	W15_LL_M2_A10_S6		A10		S6	519963689	958460417	"1:1000000:""gw"""		M2	LL	W15	NR	15.0	/eos/user/c/cglenn/FCCWork/whizard/whizard_ttbar_spinpol/production/full6f_365gev_ee_ttbar_spinpol_v1/phase11_diagnostics/excess_weight_rootcause_v1/ttbar_restricted_region_suite_v1/regions/20260816T231425Z_U9region_core_W15_S8_np1_v1p0p1/W15/LL/M2/adaptive/W15_LL_M2_A10_S6	/eos/user/c/cglenn/FCCWork/whizard/whizard_ttbar_spinpol/production/full6f_365gev_ee_ttbar_spinpol_v1/phase11_diagnostics/excess_weight_rootcause_v1/ttbar_restricted_region_suite_v1/regions/20260816T231425Z_U9region_core_W15_S8_np1_v1p0p1/W15/LL/M2/adaptive/W15_LL_M2_A10_S6	/eos/user/c/cglenn/FCCWork/whizard/whizard_ttbar_spinpol/production/full6f_365gev_ee_ttbar_spinpol_v1/phase11_diagnostics/excess_weight_rootcause_v1/ttbar_restricted_region_suite_v1/regions/20260816T231425Z_U9region_core_W15_S8_np1_v1p0p1/adaptive/W15_LL_M2_A10_S6	runtime_flat_fallback	PASS	PASS	0	20733e0e17025d2c73f73a666c5b62f92c105ca98114231020130b77f5730d5d	34264199898c5f2c0f7fd5c5b623f36d9a1588f9d46f2748cac6446fe6d9872e		0	1		/eos/user/c/cglenn/FCCWork/whizard/whizard_ttbar_spinpol/production/full6f_365gev_ee_ttbar_spinpol_v1/phase11_diagnostics/excess_weight_rootcause_v1/ttbar_restricted_region_suite_v1/regions/20260816T231425Z_U9region_core_W15_S8_np1_v1p0p1/adaptive/W15_LL_M2_A10_S6/console.log	1
C_W15_LL_M2_A10_S6_F2	fixed	W15_LL_M2_A10_S6_F2	W15_LL_M2_A10_S6	A10	F2	S6	519963689	958460417	"1:1000000:""gw"""	"1:2000000:"""""	M2	LL	W15	NR	15.0	/eos/user/c/cglenn/FCCWork/whizard/whizard_ttbar_spinpol/production/full6f_365gev_ee_ttbar_spinpol_v1/phase11_diagnostics/excess_weight_rootcause_v1/ttbar_restricted_region_suite_v1/regions/20260816T231425Z_U9region_core_W15_S8_np1_v1p0p1/W15/LL/M2/fixed/W15_LL_M2_A10_S6/F2	/eos/user/c/cglenn/FCCWork/whizard/whizard_ttbar_spinpol/production/full6f_365gev_ee_ttbar_spinpol_v1/phase11_diagnostics/excess_weight_rootcause_v1/ttbar_restricted_region_suite_v1/regions/20260816T231425Z_U9region_core_W15_S8_np1_v1p0p1/W15/LL/M2/fixed/W15_LL_M2_A10_S6/F2	/eos/user/c/cglenn/FCCWork/whizard/whizard_ttbar_spinpol/production/full6f_365gev_ee_ttbar_spinpol_v1/phase11_diagnostics/excess_weight_rootcause_v1/ttbar_restricted_region_suite_v1/regions/20260816T231425Z_U9region_core_W15_S8_np1_v1p0p1/fixed/W15_LL_M2_A10_S6/F2	runtime_flat_fallback	PASS	PASS	0	20733e0e17025d2c73f73a666c5b62f92c105ca98114231020130b77f5730d5d	304d209dffaed48648949b7aecb331b9328f6785bbbdb0805188c77d88f8e0a4	34264199898c5f2c0f7fd5c5b623f36d9a1588f9d46f2748cac6446fe6d9872e	1	0	1	/eos/user/c/cglenn/FCCWork/whizard/whizard_ttbar_spinpol/production/full6f_365gev_ee_ttbar_spinpol_v1/phase11_diagnostics/excess_weight_rootcause_v1/ttbar_restricted_region_suite_v1/regions/20260816T231425Z_U9region_core_W15_S8_np1_v1p0p1/fixed/W15_LL_M2_A10_S6/F2/console.log	1
P_W15_LL_M2_A10_S7	adaptive	W15_LL_M2_A10_S7		A10		S7	1552803368	239117595	"1:1000000:""gw"""		M2	LL	W15	NR	15.0	/eos/user/c/cglenn/FCCWork/whizard/whizard_ttbar_spinpol/production/full6f_365gev_ee_ttbar_spinpol_v1/phase11_diagnostics/excess_weight_rootcause_v1/ttbar_restricted_region_suite_v1/regions/20260816T231425Z_U9region_core_W15_S8_np1_v1p0p1/W15/LL/M2/adaptive/W15_LL_M2_A10_S7	/eos/user/c/cglenn/FCCWork/whizard/whizard_ttbar_spinpol/production/full6f_365gev_ee_ttbar_spinpol_v1/phase11_diagnostics/excess_weight_rootcause_v1/ttbar_restricted_region_suite_v1/regions/20260816T231425Z_U9region_core_W15_S8_np1_v1p0p1/W15/LL/M2/adaptive/W15_LL_M2_A10_S7	/eos/user/c/cglenn/FCCWork/whizard/whizard_ttbar_spinpol/production/full6f_365gev_ee_ttbar_spinpol_v1/phase11_diagnostics/excess_weight_rootcause_v1/ttbar_restricted_region_suite_v1/regions/20260816T231425Z_U9region_core_W15_S8_np1_v1p0p1/adaptive/W15_LL_M2_A10_S7	runtime_flat_fallback	PASS	PASS	0	20733e0e17025d2c73f73a666c5b62f92c105ca98114231020130b77f5730d5d	34ae443981d4d2f3f90782d832d8f25f382c92cbed54de39f30369abb284cf0d		0	1		/eos/user/c/cglenn/FCCWork/whizard/whizard_ttbar_spinpol/production/full6f_365gev_ee_ttbar_spinpol_v1/phase11_diagnostics/excess_weight_rootcause_v1/ttbar_restricted_region_suite_v1/regions/20260816T231425Z_U9region_core_W15_S8_np1_v1p0p1/adaptive/W15_LL_M2_A10_S7/console.log	1
C_W15_LL_M2_A10_S7_F2	fixed	W15_LL_M2_A10_S7_F2	W15_LL_M2_A10_S7	A10	F2	S7	1552803368	239117595	"1:1000000:""gw"""	"1:2000000:"""""	M2	LL	W15	NR	15.0	/eos/user/c/cglenn/FCCWork/whizard/whizard_ttbar_spinpol/production/full6f_365gev_ee_ttbar_spinpol_v1/phase11_diagnostics/excess_weight_rootcause_v1/ttbar_restricted_region_suite_v1/regions/20260816T231425Z_U9region_core_W15_S8_np1_v1p0p1/W15/LL/M2/fixed/W15_LL_M2_A10_S7/F2	/eos/user/c/cglenn/FCCWork/whizard/whizard_ttbar_spinpol/production/full6f_365gev_ee_ttbar_spinpol_v1/phase11_diagnostics/excess_weight_rootcause_v1/ttbar_restricted_region_suite_v1/regions/20260816T231425Z_U9region_core_W15_S8_np1_v1p0p1/W15/LL/M2/fixed/W15_LL_M2_A10_S7/F2	/eos/user/c/cglenn/FCCWork/whizard/whizard_ttbar_spinpol/production/full6f_365gev_ee_ttbar_spinpol_v1/phase11_diagnostics/excess_weight_rootcause_v1/ttbar_restricted_region_suite_v1/regions/20260816T231425Z_U9region_core_W15_S8_np1_v1p0p1/fixed/W15_LL_M2_A10_S7/F2	runtime_flat_fallback	PASS	PASS	0	20733e0e17025d2c73f73a666c5b62f92c105ca98114231020130b77f5730d5d	fde0196d261c8867ca1a5d9984fe4d36afed1e72014ba0a63262c9c6a6614a4a	34ae443981d4d2f3f90782d832d8f25f382c92cbed54de39f30369abb284cf0d	1	0	1	/eos/user/c/cglenn/FCCWork/whizard/whizard_ttbar_spinpol/production/full6f_365gev_ee_ttbar_spinpol_v1/phase11_diagnostics/excess_weight_rootcause_v1/ttbar_restricted_region_suite_v1/regions/20260816T231425Z_U9region_core_W15_S8_np1_v1p0p1/fixed/W15_LL_M2_A10_S7/F2/console.log	1
P_W15_LI_M0_A00_S0	adaptive	W15_LI_M0_A00_S0		A00		S0	1740114216	648318690	"5:50000:""gw"""		M0	LI	W15	SR_MINUS	15.0	/eos/user/c/cglenn/FCCWork/whizard/whizard_ttbar_spinpol/production/full6f_365gev_ee_ttbar_spinpol_v1/phase11_diagnostics/excess_weight_rootcause_v1/ttbar_restricted_region_suite_v1/regions/20260816T231425Z_U9region_core_W15_S8_np1_v1p0p1/W15/LI/M0/adaptive/W15_LI_M0_A00_S0	/eos/user/c/cglenn/FCCWork/whizard/whizard_ttbar_spinpol/production/full6f_365gev_ee_ttbar_spinpol_v1/phase11_diagnostics/excess_weight_rootcause_v1/ttbar_restricted_region_suite_v1/regions/20260816T231425Z_U9region_core_W15_S8_np1_v1p0p1/W15/LI/M0/adaptive/W15_LI_M0_A00_S0	/eos/user/c/cglenn/FCCWork/whizard/whizard_ttbar_spinpol/production/full6f_365gev_ee_ttbar_spinpol_v1/phase11_diagnostics/excess_weight_rootcause_v1/ttbar_restricted_region_suite_v1/regions/20260816T231425Z_U9region_core_W15_S8_np1_v1p0p1/adaptive/W15_LI_M0_A00_S0	runtime_flat_fallback	PASS	PASS	0	20733e0e17025d2c73f73a666c5b62f92c105ca98114231020130b77f5730d5d	7a3cd33e6b9b8bd2edefcabdc9b439817e82fdd2c2ea07f0dccbc8d0decc4979		0	1		/eos/user/c/cglenn/FCCWork/whizard/whizard_ttbar_spinpol/production/full6f_365gev_ee_ttbar_spinpol_v1/phase11_diagnostics/excess_weight_rootcause_v1/ttbar_restricted_region_suite_v1/regions/20260816T231425Z_U9region_core_W15_S8_np1_v1p0p1/adaptive/W15_LI_M0_A00_S0/console.log	1
C_W15_LI_M0_A00_S0_F0	fixed	W15_LI_M0_A00_S0_F0	W15_LI_M0_A00_S0	A00	F0	S0	1740114216	648318690	"5:50000:""gw"""	"3:200000:"""""	M0	LI	W15	SR_MINUS	15.0	/eos/user/c/cglenn/FCCWork/whizard/whizard_ttbar_spinpol/production/full6f_365gev_ee_ttbar_spinpol_v1/phase11_diagnostics/excess_weight_rootcause_v1/ttbar_restricted_region_suite_v1/regions/20260816T231425Z_U9region_core_W15_S8_np1_v1p0p1/W15/LI/M0/fixed/W15_LI_M0_A00_S0/F0	/eos/user/c/cglenn/FCCWork/whizard/whizard_ttbar_spinpol/production/full6f_365gev_ee_ttbar_spinpol_v1/phase11_diagnostics/excess_weight_rootcause_v1/ttbar_restricted_region_suite_v1/regions/20260816T231425Z_U9region_core_W15_S8_np1_v1p0p1/W15/LI/M0/fixed/W15_LI_M0_A00_S0/F0	/eos/user/c/cglenn/FCCWork/whizard/whizard_ttbar_spinpol/production/full6f_365gev_ee_ttbar_spinpol_v1/phase11_diagnostics/excess_weight_rootcause_v1/ttbar_restricted_region_suite_v1/regions/20260816T231425Z_U9region_core_W15_S8_np1_v1p0p1/fixed/W15_LI_M0_A00_S0/F0	runtime_flat_fallback	PASS	PASS	0	20733e0e17025d2c73f73a666c5b62f92c105ca98114231020130b77f5730d5d	36df7d09796b462dee21971af88a8b2f91dc9dfa7969ae23174ae1dbabb77183	7a3cd33e6b9b8bd2edefcabdc9b439817e82fdd2c2ea07f0dccbc8d0decc4979	1	0	1	/eos/user/c/cglenn/FCCWork/whizard/whizard_ttbar_spinpol/production/full6f_365gev_ee_ttbar_spinpol_v1/phase11_diagnostics/excess_weight_rootcause_v1/ttbar_restricted_region_suite_v1/regions/20260816T231425Z_U9region_core_W15_S8_np1_v1p0p1/fixed/W15_LI_M0_A00_S0/F0/console.log	1
P_W15_LI_M0_A00_S1	adaptive	W15_LI_M0_A00_S1		A00		S1	1751949026	1404282457	"5:50000:""gw"""		M0	LI	W15	SR_MINUS	15.0	/eos/user/c/cglenn/FCCWork/whizard/whizard_ttbar_spinpol/production/full6f_365gev_ee_ttbar_spinpol_v1/phase11_diagnostics/excess_weight_rootcause_v1/ttbar_restricted_region_suite_v1/regions/20260816T231425Z_U9region_core_W15_S8_np1_v1p0p1/W15/LI/M0/adaptive/W15_LI_M0_A00_S1	/eos/user/c/cglenn/FCCWork/whizard/whizard_ttbar_spinpol/production/full6f_365gev_ee_ttbar_spinpol_v1/phase11_diagnostics/excess_weight_rootcause_v1/ttbar_restricted_region_suite_v1/regions/20260816T231425Z_U9region_core_W15_S8_np1_v1p0p1/W15/LI/M0/adaptive/W15_LI_M0_A00_S1	/eos/user/c/cglenn/FCCWork/whizard/whizard_ttbar_spinpol/production/full6f_365gev_ee_ttbar_spinpol_v1/phase11_diagnostics/excess_weight_rootcause_v1/ttbar_restricted_region_suite_v1/regions/20260816T231425Z_U9region_core_W15_S8_np1_v1p0p1/adaptive/W15_LI_M0_A00_S1	runtime_flat_fallback	PASS	PASS	0	20733e0e17025d2c73f73a666c5b62f92c105ca98114231020130b77f5730d5d	f3737407e51267c18a8a941c59c61a48b1bbaa9200557174cfd8049e3b11cd08		0	1		/eos/user/c/cglenn/FCCWork/whizard/whizard_ttbar_spinpol/production/full6f_365gev_ee_ttbar_spinpol_v1/phase11_diagnostics/excess_weight_rootcause_v1/ttbar_restricted_region_suite_v1/regions/20260816T231425Z_U9region_core_W15_S8_np1_v1p0p1/adaptive/W15_LI_M0_A00_S1/console.log	1
C_W15_LI_M0_A00_S1_F0	fixed	W15_LI_M0_A00_S1_F0	W15_LI_M0_A00_S1	A00	F0	S1	1751949026	1404282457	"5:50000:""gw"""	"3:200000:"""""	M0	LI	W15	SR_MINUS	15.0	/eos/user/c/cglenn/FCCWork/whizard/whizard_ttbar_spinpol/production/full6f_365gev_ee_ttbar_spinpol_v1/phase11_diagnostics/excess_weight_rootcause_v1/ttbar_restricted_region_suite_v1/regions/20260816T231425Z_U9region_core_W15_S8_np1_v1p0p1/W15/LI/M0/fixed/W15_LI_M0_A00_S1/F0	/eos/user/c/cglenn/FCCWork/whizard/whizard_ttbar_spinpol/production/full6f_365gev_ee_ttbar_spinpol_v1/phase11_diagnostics/excess_weight_rootcause_v1/ttbar_restricted_region_suite_v1/regions/20260816T231425Z_U9region_core_W15_S8_np1_v1p0p1/W15/LI/M0/fixed/W15_LI_M0_A00_S1/F0	/eos/user/c/cglenn/FCCWork/whizard/whizard_ttbar_spinpol/production/full6f_365gev_ee_ttbar_spinpol_v1/phase11_diagnostics/excess_weight_rootcause_v1/ttbar_restricted_region_suite_v1/regions/20260816T231425Z_U9region_core_W15_S8_np1_v1p0p1/fixed/W15_LI_M0_A00_S1/F0	runtime_flat_fallback	PASS	PASS	0	20733e0e17025d2c73f73a666c5b62f92c105ca98114231020130b77f5730d5d	01682d36fdaa36337c68d93f716369fc3a77b74b681affd90e56cc3d10b655d4	f3737407e51267c18a8a941c59c61a48b1bbaa9200557174cfd8049e3b11cd08	1	0	1	/eos/user/c/cglenn/FCCWork/whizard/whizard_ttbar_spinpol/production/full6f_365gev_ee_ttbar_spinpol_v1/phase11_diagnostics/excess_weight_rootcause_v1/ttbar_restricted_region_suite_v1/regions/20260816T231425Z_U9region_core_W15_S8_np1_v1p0p1/fixed/W15_LI_M0_A00_S1/F0/console.log	1
P_W15_LI_M0_A00_S2	adaptive	W15_LI_M0_A00_S2		A00		S2	1885084773	1596606550	"5:50000:""gw"""		M0	LI	W15	SR_MINUS	15.0	/eos/user/c/cglenn/FCCWork/whizard/whizard_ttbar_spinpol/production/full6f_365gev_ee_ttbar_spinpol_v1/phase11_diagnostics/excess_weight_rootcause_v1/ttbar_restricted_region_suite_v1/regions/20260816T231425Z_U9region_core_W15_S8_np1_v1p0p1/W15/LI/M0/adaptive/W15_LI_M0_A00_S2	/eos/user/c/cglenn/FCCWork/whizard/whizard_ttbar_spinpol/production/full6f_365gev_ee_ttbar_spinpol_v1/phase11_diagnostics/excess_weight_rootcause_v1/ttbar_restricted_region_suite_v1/regions/20260816T231425Z_U9region_core_W15_S8_np1_v1p0p1/W15/LI/M0/adaptive/W15_LI_M0_A00_S2	/eos/user/c/cglenn/FCCWork/whizard/whizard_ttbar_spinpol/production/full6f_365gev_ee_ttbar_spinpol_v1/phase11_diagnostics/excess_weight_rootcause_v1/ttbar_restricted_region_suite_v1/regions/20260816T231425Z_U9region_core_W15_S8_np1_v1p0p1/adaptive/W15_LI_M0_A00_S2	runtime_flat_fallback	PASS	PASS	0	20733e0e17025d2c73f73a666c5b62f92c105ca98114231020130b77f5730d5d	61808a84adba14f8528d449832931de3a5069c2c324f2b73b48157d9ee113916		0	1		/eos/user/c/cglenn/FCCWork/whizard/whizard_ttbar_spinpol/production/full6f_365gev_ee_ttbar_spinpol_v1/phase11_diagnostics/excess_weight_rootcause_v1/ttbar_restricted_region_suite_v1/regions/20260816T231425Z_U9region_core_W15_S8_np1_v1p0p1/adaptive/W15_LI_M0_A00_S2/console.log	1
C_W15_LI_M0_A00_S2_F0	fixed	W15_LI_M0_A00_S2_F0	W15_LI_M0_A00_S2	A00	F0	S2	1885084773	1596606550	"5:50000:""gw"""	"3:200000:"""""	M0	LI	W15	SR_MINUS	15.0	/eos/user/c/cglenn/FCCWork/whizard/whizard_ttbar_spinpol/production/full6f_365gev_ee_ttbar_spinpol_v1/phase11_diagnostics/excess_weight_rootcause_v1/ttbar_restricted_region_suite_v1/regions/20260816T231425Z_U9region_core_W15_S8_np1_v1p0p1/W15/LI/M0/fixed/W15_LI_M0_A00_S2/F0	/eos/user/c/cglenn/FCCWork/whizard/whizard_ttbar_spinpol/production/full6f_365gev_ee_ttbar_spinpol_v1/phase11_diagnostics/excess_weight_rootcause_v1/ttbar_restricted_region_suite_v1/regions/20260816T231425Z_U9region_core_W15_S8_np1_v1p0p1/W15/LI/M0/fixed/W15_LI_M0_A00_S2/F0	/eos/user/c/cglenn/FCCWork/whizard/whizard_ttbar_spinpol/production/full6f_365gev_ee_ttbar_spinpol_v1/phase11_diagnostics/excess_weight_rootcause_v1/ttbar_restricted_region_suite_v1/regions/20260816T231425Z_U9region_core_W15_S8_np1_v1p0p1/fixed/W15_LI_M0_A00_S2/F0	runtime_flat_fallback	PASS	PASS	0	20733e0e17025d2c73f73a666c5b62f92c105ca98114231020130b77f5730d5d	4f3dcf89aa13a838d74629e3981214b90e728dccdf59191974f44614e97f465d	61808a84adba14f8528d449832931de3a5069c2c324f2b73b48157d9ee113916	1	0	1	/eos/user/c/cglenn/FCCWork/whizard/whizard_ttbar_spinpol/production/full6f_365gev_ee_ttbar_spinpol_v1/phase11_diagnostics/excess_weight_rootcause_v1/ttbar_restricted_region_suite_v1/regions/20260816T231425Z_U9region_core_W15_S8_np1_v1p0p1/fixed/W15_LI_M0_A00_S2/F0/console.log	1
P_W15_LI_M0_A00_S3	adaptive	W15_LI_M0_A00_S3		A00		S3	134326786	769890491	"5:50000:""gw"""		M0	LI	W15	SR_MINUS	15.0	/eos/user/c/cglenn/FCCWork/whizard/whizard_ttbar_spinpol/production/full6f_365gev_ee_ttbar_spinpol_v1/phase11_diagnostics/excess_weight_rootcause_v1/ttbar_restricted_region_suite_v1/regions/20260816T231425Z_U9region_core_W15_S8_np1_v1p0p1/W15/LI/M0/adaptive/W15_LI_M0_A00_S3	/eos/user/c/cglenn/FCCWork/whizard/whizard_ttbar_spinpol/production/full6f_365gev_ee_ttbar_spinpol_v1/phase11_diagnostics/excess_weight_rootcause_v1/ttbar_restricted_region_suite_v1/regions/20260816T231425Z_U9region_core_W15_S8_np1_v1p0p1/W15/LI/M0/adaptive/W15_LI_M0_A00_S3	/eos/user/c/cglenn/FCCWork/whizard/whizard_ttbar_spinpol/production/full6f_365gev_ee_ttbar_spinpol_v1/phase11_diagnostics/excess_weight_rootcause_v1/ttbar_restricted_region_suite_v1/regions/20260816T231425Z_U9region_core_W15_S8_np1_v1p0p1/adaptive/W15_LI_M0_A00_S3	runtime_flat_fallback	PASS	PASS	0	20733e0e17025d2c73f73a666c5b62f92c105ca98114231020130b77f5730d5d	a6968d62a558937cfc9446ac5fa3793b2aa26182783ca8b0373fabff6dcdeb96		0	1		/eos/user/c/cglenn/FCCWork/whizard/whizard_ttbar_spinpol/production/full6f_365gev_ee_ttbar_spinpol_v1/phase11_diagnostics/excess_weight_rootcause_v1/ttbar_restricted_region_suite_v1/regions/20260816T231425Z_U9region_core_W15_S8_np1_v1p0p1/adaptive/W15_LI_M0_A00_S3/console.log	1
C_W15_LI_M0_A00_S3_F0	fixed	W15_LI_M0_A00_S3_F0	W15_LI_M0_A00_S3	A00	F0	S3	134326786	769890491	"5:50000:""gw"""	"3:200000:"""""	M0	LI	W15	SR_MINUS	15.0	/eos/user/c/cglenn/FCCWork/whizard/whizard_ttbar_spinpol/production/full6f_365gev_ee_ttbar_spinpol_v1/phase11_diagnostics/excess_weight_rootcause_v1/ttbar_restricted_region_suite_v1/regions/20260816T231425Z_U9region_core_W15_S8_np1_v1p0p1/W15/LI/M0/fixed/W15_LI_M0_A00_S3/F0	/eos/user/c/cglenn/FCCWork/whizard/whizard_ttbar_spinpol/production/full6f_365gev_ee_ttbar_spinpol_v1/phase11_diagnostics/excess_weight_rootcause_v1/ttbar_restricted_region_suite_v1/regions/20260816T231425Z_U9region_core_W15_S8_np1_v1p0p1/W15/LI/M0/fixed/W15_LI_M0_A00_S3/F0	/eos/user/c/cglenn/FCCWork/whizard/whizard_ttbar_spinpol/production/full6f_365gev_ee_ttbar_spinpol_v1/phase11_diagnostics/excess_weight_rootcause_v1/ttbar_restricted_region_suite_v1/regions/20260816T231425Z_U9region_core_W15_S8_np1_v1p0p1/fixed/W15_LI_M0_A00_S3/F0	runtime_flat_fallback	PASS	PASS	0	20733e0e17025d2c73f73a666c5b62f92c105ca98114231020130b77f5730d5d	93bb9d60e0f2466969e5143aebf1acbba68368ef6465c188da58e4defe2a88ae	a6968d62a558937cfc9446ac5fa3793b2aa26182783ca8b0373fabff6dcdeb96	1	0	1	/eos/user/c/cglenn/FCCWork/whizard/whizard_ttbar_spinpol/production/full6f_365gev_ee_ttbar_spinpol_v1/phase11_diagnostics/excess_weight_rootcause_v1/ttbar_restricted_region_suite_v1/regions/20260816T231425Z_U9region_core_W15_S8_np1_v1p0p1/fixed/W15_LI_M0_A00_S3/F0/console.log	1
P_W15_LI_M0_A00_S4	adaptive	W15_LI_M0_A00_S4		A00		S4	249371675	462903030	"5:50000:""gw"""		M0	LI	W15	SR_MINUS	15.0	/eos/user/c/cglenn/FCCWork/whizard/whizard_ttbar_spinpol/production/full6f_365gev_ee_ttbar_spinpol_v1/phase11_diagnostics/excess_weight_rootcause_v1/ttbar_restricted_region_suite_v1/regions/20260816T231425Z_U9region_core_W15_S8_np1_v1p0p1/W15/LI/M0/adaptive/W15_LI_M0_A00_S4	/eos/user/c/cglenn/FCCWork/whizard/whizard_ttbar_spinpol/production/full6f_365gev_ee_ttbar_spinpol_v1/phase11_diagnostics/excess_weight_rootcause_v1/ttbar_restricted_region_suite_v1/regions/20260816T231425Z_U9region_core_W15_S8_np1_v1p0p1/W15/LI/M0/adaptive/W15_LI_M0_A00_S4	/eos/user/c/cglenn/FCCWork/whizard/whizard_ttbar_spinpol/production/full6f_365gev_ee_ttbar_spinpol_v1/phase11_diagnostics/excess_weight_rootcause_v1/ttbar_restricted_region_suite_v1/regions/20260816T231425Z_U9region_core_W15_S8_np1_v1p0p1/adaptive/W15_LI_M0_A00_S4	runtime_flat_fallback	PASS	PASS	0	20733e0e17025d2c73f73a666c5b62f92c105ca98114231020130b77f5730d5d	df818f26d404b55aebe73b9996b18fa491b1c7a4deab70d5c5c9bd7b715569c8		0	1		/eos/user/c/cglenn/FCCWork/whizard/whizard_ttbar_spinpol/production/full6f_365gev_ee_ttbar_spinpol_v1/phase11_diagnostics/excess_weight_rootcause_v1/ttbar_restricted_region_suite_v1/regions/20260816T231425Z_U9region_core_W15_S8_np1_v1p0p1/adaptive/W15_LI_M0_A00_S4/console.log	1
C_W15_LI_M0_A00_S4_F0	fixed	W15_LI_M0_A00_S4_F0	W15_LI_M0_A00_S4	A00	F0	S4	249371675	462903030	"5:50000:""gw"""	"3:200000:"""""	M0	LI	W15	SR_MINUS	15.0	/eos/user/c/cglenn/FCCWork/whizard/whizard_ttbar_spinpol/production/full6f_365gev_ee_ttbar_spinpol_v1/phase11_diagnostics/excess_weight_rootcause_v1/ttbar_restricted_region_suite_v1/regions/20260816T231425Z_U9region_core_W15_S8_np1_v1p0p1/W15/LI/M0/fixed/W15_LI_M0_A00_S4/F0	/eos/user/c/cglenn/FCCWork/whizard/whizard_ttbar_spinpol/production/full6f_365gev_ee_ttbar_spinpol_v1/phase11_diagnostics/excess_weight_rootcause_v1/ttbar_restricted_region_suite_v1/regions/20260816T231425Z_U9region_core_W15_S8_np1_v1p0p1/W15/LI/M0/fixed/W15_LI_M0_A00_S4/F0	/eos/user/c/cglenn/FCCWork/whizard/whizard_ttbar_spinpol/production/full6f_365gev_ee_ttbar_spinpol_v1/phase11_diagnostics/excess_weight_rootcause_v1/ttbar_restricted_region_suite_v1/regions/20260816T231425Z_U9region_core_W15_S8_np1_v1p0p1/fixed/W15_LI_M0_A00_S4/F0	runtime_flat_fallback	PASS	PASS	0	20733e0e17025d2c73f73a666c5b62f92c105ca98114231020130b77f5730d5d	79b703205aca6c2d37dccbc2f517b7c225544f925e12875dff8baa948963ffb6	df818f26d404b55aebe73b9996b18fa491b1c7a4deab70d5c5c9bd7b715569c8	1	0	1	/eos/user/c/cglenn/FCCWork/whizard/whizard_ttbar_spinpol/production/full6f_365gev_ee_ttbar_spinpol_v1/phase11_diagnostics/excess_weight_rootcause_v1/ttbar_restricted_region_suite_v1/regions/20260816T231425Z_U9region_core_W15_S8_np1_v1p0p1/fixed/W15_LI_M0_A00_S4/F0/console.log	1
P_W15_LI_M0_A00_S5	adaptive	W15_LI_M0_A00_S5		A00		S5	531087687	197846737	"5:50000:""gw"""		M0	LI	W15	SR_MINUS	15.0	/eos/user/c/cglenn/FCCWork/whizard/whizard_ttbar_spinpol/production/full6f_365gev_ee_ttbar_spinpol_v1/phase11_diagnostics/excess_weight_rootcause_v1/ttbar_restricted_region_suite_v1/regions/20260816T231425Z_U9region_core_W15_S8_np1_v1p0p1/W15/LI/M0/adaptive/W15_LI_M0_A00_S5	/eos/user/c/cglenn/FCCWork/whizard/whizard_ttbar_spinpol/production/full6f_365gev_ee_ttbar_spinpol_v1/phase11_diagnostics/excess_weight_rootcause_v1/ttbar_restricted_region_suite_v1/regions/20260816T231425Z_U9region_core_W15_S8_np1_v1p0p1/W15/LI/M0/adaptive/W15_LI_M0_A00_S5	/eos/user/c/cglenn/FCCWork/whizard/whizard_ttbar_spinpol/production/full6f_365gev_ee_ttbar_spinpol_v1/phase11_diagnostics/excess_weight_rootcause_v1/ttbar_restricted_region_suite_v1/regions/20260816T231425Z_U9region_core_W15_S8_np1_v1p0p1/adaptive/W15_LI_M0_A00_S5	runtime_flat_fallback	PASS	PASS	0	20733e0e17025d2c73f73a666c5b62f92c105ca98114231020130b77f5730d5d	65c58586651aacb7d0ed1475e17eeac9a64714d610e01d4eba2a14ca577a12a7		0	1		/eos/user/c/cglenn/FCCWork/whizard/whizard_ttbar_spinpol/production/full6f_365gev_ee_ttbar_spinpol_v1/phase11_diagnostics/excess_weight_rootcause_v1/ttbar_restricted_region_suite_v1/regions/20260816T231425Z_U9region_core_W15_S8_np1_v1p0p1/adaptive/W15_LI_M0_A00_S5/console.log	1
C_W15_LI_M0_A00_S5_F0	fixed	W15_LI_M0_A00_S5_F0	W15_LI_M0_A00_S5	A00	F0	S5	531087687	197846737	"5:50000:""gw"""	"3:200000:"""""	M0	LI	W15	SR_MINUS	15.0	/eos/user/c/cglenn/FCCWork/whizard/whizard_ttbar_spinpol/production/full6f_365gev_ee_ttbar_spinpol_v1/phase11_diagnostics/excess_weight_rootcause_v1/ttbar_restricted_region_suite_v1/regions/20260816T231425Z_U9region_core_W15_S8_np1_v1p0p1/W15/LI/M0/fixed/W15_LI_M0_A00_S5/F0	/eos/user/c/cglenn/FCCWork/whizard/whizard_ttbar_spinpol/production/full6f_365gev_ee_ttbar_spinpol_v1/phase11_diagnostics/excess_weight_rootcause_v1/ttbar_restricted_region_suite_v1/regions/20260816T231425Z_U9region_core_W15_S8_np1_v1p0p1/W15/LI/M0/fixed/W15_LI_M0_A00_S5/F0	/eos/user/c/cglenn/FCCWork/whizard/whizard_ttbar_spinpol/production/full6f_365gev_ee_ttbar_spinpol_v1/phase11_diagnostics/excess_weight_rootcause_v1/ttbar_restricted_region_suite_v1/regions/20260816T231425Z_U9region_core_W15_S8_np1_v1p0p1/fixed/W15_LI_M0_A00_S5/F0	runtime_flat_fallback	PASS	PASS	0	20733e0e17025d2c73f73a666c5b62f92c105ca98114231020130b77f5730d5d	dbe4205f690f11a63cc393120df0d7728601469916a979bc6a804ebdb7e81e6e	65c58586651aacb7d0ed1475e17eeac9a64714d610e01d4eba2a14ca577a12a7	1	0	1	/eos/user/c/cglenn/FCCWork/whizard/whizard_ttbar_spinpol/production/full6f_365gev_ee_ttbar_spinpol_v1/phase11_diagnostics/excess_weight_rootcause_v1/ttbar_restricted_region_suite_v1/regions/20260816T231425Z_U9region_core_W15_S8_np1_v1p0p1/fixed/W15_LI_M0_A00_S5/F0/console.log	1
P_W15_LI_M0_A00_S6	adaptive	W15_LI_M0_A00_S6		A00		S6	519963689	958460417	"5:50000:""gw"""		M0	LI	W15	SR_MINUS	15.0	/eos/user/c/cglenn/FCCWork/whizard/whizard_ttbar_spinpol/production/full6f_365gev_ee_ttbar_spinpol_v1/phase11_diagnostics/excess_weight_rootcause_v1/ttbar_restricted_region_suite_v1/regions/20260816T231425Z_U9region_core_W15_S8_np1_v1p0p1/W15/LI/M0/adaptive/W15_LI_M0_A00_S6	/eos/user/c/cglenn/FCCWork/whizard/whizard_ttbar_spinpol/production/full6f_365gev_ee_ttbar_spinpol_v1/phase11_diagnostics/excess_weight_rootcause_v1/ttbar_restricted_region_suite_v1/regions/20260816T231425Z_U9region_core_W15_S8_np1_v1p0p1/W15/LI/M0/adaptive/W15_LI_M0_A00_S6	/eos/user/c/cglenn/FCCWork/whizard/whizard_ttbar_spinpol/production/full6f_365gev_ee_ttbar_spinpol_v1/phase11_diagnostics/excess_weight_rootcause_v1/ttbar_restricted_region_suite_v1/regions/20260816T231425Z_U9region_core_W15_S8_np1_v1p0p1/adaptive/W15_LI_M0_A00_S6	runtime_flat_fallback	PASS	PASS	0	20733e0e17025d2c73f73a666c5b62f92c105ca98114231020130b77f5730d5d	aae71d83182d68e4d434a33ee9ffd1dc13b67198ff743c216b40100a3478a757		0	1		/eos/user/c/cglenn/FCCWork/whizard/whizard_ttbar_spinpol/production/full6f_365gev_ee_ttbar_spinpol_v1/phase11_diagnostics/excess_weight_rootcause_v1/ttbar_restricted_region_suite_v1/regions/20260816T231425Z_U9region_core_W15_S8_np1_v1p0p1/adaptive/W15_LI_M0_A00_S6/console.log	1
C_W15_LI_M0_A00_S6_F0	fixed	W15_LI_M0_A00_S6_F0	W15_LI_M0_A00_S6	A00	F0	S6	519963689	958460417	"5:50000:""gw"""	"3:200000:"""""	M0	LI	W15	SR_MINUS	15.0	/eos/user/c/cglenn/FCCWork/whizard/whizard_ttbar_spinpol/production/full6f_365gev_ee_ttbar_spinpol_v1/phase11_diagnostics/excess_weight_rootcause_v1/ttbar_restricted_region_suite_v1/regions/20260816T231425Z_U9region_core_W15_S8_np1_v1p0p1/W15/LI/M0/fixed/W15_LI_M0_A00_S6/F0	/eos/user/c/cglenn/FCCWork/whizard/whizard_ttbar_spinpol/production/full6f_365gev_ee_ttbar_spinpol_v1/phase11_diagnostics/excess_weight_rootcause_v1/ttbar_restricted_region_suite_v1/regions/20260816T231425Z_U9region_core_W15_S8_np1_v1p0p1/W15/LI/M0/fixed/W15_LI_M0_A00_S6/F0	/eos/user/c/cglenn/FCCWork/whizard/whizard_ttbar_spinpol/production/full6f_365gev_ee_ttbar_spinpol_v1/phase11_diagnostics/excess_weight_rootcause_v1/ttbar_restricted_region_suite_v1/regions/20260816T231425Z_U9region_core_W15_S8_np1_v1p0p1/fixed/W15_LI_M0_A00_S6/F0	runtime_flat_fallback	PASS	PASS	0	20733e0e17025d2c73f73a666c5b62f92c105ca98114231020130b77f5730d5d	c8763b7433da3498f082d2796e91bcc938273dfb57cf0939979029a7ca32f729	aae71d83182d68e4d434a33ee9ffd1dc13b67198ff743c216b40100a3478a757	1	0	1	/eos/user/c/cglenn/FCCWork/whizard/whizard_ttbar_spinpol/production/full6f_365gev_ee_ttbar_spinpol_v1/phase11_diagnostics/excess_weight_rootcause_v1/ttbar_restricted_region_suite_v1/regions/20260816T231425Z_U9region_core_W15_S8_np1_v1p0p1/fixed/W15_LI_M0_A00_S6/F0/console.log	1
P_W15_LI_M0_A00_S7	adaptive	W15_LI_M0_A00_S7		A00		S7	1552803368	239117595	"5:50000:""gw"""		M0	LI	W15	SR_MINUS	15.0	/eos/user/c/cglenn/FCCWork/whizard/whizard_ttbar_spinpol/production/full6f_365gev_ee_ttbar_spinpol_v1/phase11_diagnostics/excess_weight_rootcause_v1/ttbar_restricted_region_suite_v1/regions/20260816T231425Z_U9region_core_W15_S8_np1_v1p0p1/W15/LI/M0/adaptive/W15_LI_M0_A00_S7	/eos/user/c/cglenn/FCCWork/whizard/whizard_ttbar_spinpol/production/full6f_365gev_ee_ttbar_spinpol_v1/phase11_diagnostics/excess_weight_rootcause_v1/ttbar_restricted_region_suite_v1/regions/20260816T231425Z_U9region_core_W15_S8_np1_v1p0p1/W15/LI/M0/adaptive/W15_LI_M0_A00_S7	/eos/user/c/cglenn/FCCWork/whizard/whizard_ttbar_spinpol/production/full6f_365gev_ee_ttbar_spinpol_v1/phase11_diagnostics/excess_weight_rootcause_v1/ttbar_restricted_region_suite_v1/regions/20260816T231425Z_U9region_core_W15_S8_np1_v1p0p1/adaptive/W15_LI_M0_A00_S7	runtime_flat_fallback	PASS	PASS	0	20733e0e17025d2c73f73a666c5b62f92c105ca98114231020130b77f5730d5d	7bf45eccb3d16cc6022524fc116876d6c4d1570a25f166f4257f745b7d658d32		0	1		/eos/user/c/cglenn/FCCWork/whizard/whizard_ttbar_spinpol/production/full6f_365gev_ee_ttbar_spinpol_v1/phase11_diagnostics/excess_weight_rootcause_v1/ttbar_restricted_region_suite_v1/regions/20260816T231425Z_U9region_core_W15_S8_np1_v1p0p1/adaptive/W15_LI_M0_A00_S7/console.log	1
C_W15_LI_M0_A00_S7_F0	fixed	W15_LI_M0_A00_S7_F0	W15_LI_M0_A00_S7	A00	F0	S7	1552803368	239117595	"5:50000:""gw"""	"3:200000:"""""	M0	LI	W15	SR_MINUS	15.0	/eos/user/c/cglenn/FCCWork/whizard/whizard_ttbar_spinpol/production/full6f_365gev_ee_ttbar_spinpol_v1/phase11_diagnostics/excess_weight_rootcause_v1/ttbar_restricted_region_suite_v1/regions/20260816T231425Z_U9region_core_W15_S8_np1_v1p0p1/W15/LI/M0/fixed/W15_LI_M0_A00_S7/F0	/eos/user/c/cglenn/FCCWork/whizard/whizard_ttbar_spinpol/production/full6f_365gev_ee_ttbar_spinpol_v1/phase11_diagnostics/excess_weight_rootcause_v1/ttbar_restricted_region_suite_v1/regions/20260816T231425Z_U9region_core_W15_S8_np1_v1p0p1/W15/LI/M0/fixed/W15_LI_M0_A00_S7/F0	/eos/user/c/cglenn/FCCWork/whizard/whizard_ttbar_spinpol/production/full6f_365gev_ee_ttbar_spinpol_v1/phase11_diagnostics/excess_weight_rootcause_v1/ttbar_restricted_region_suite_v1/regions/20260816T231425Z_U9region_core_W15_S8_np1_v1p0p1/fixed/W15_LI_M0_A00_S7/F0	runtime_flat_fallback	PASS	PASS	0	20733e0e17025d2c73f73a666c5b62f92c105ca98114231020130b77f5730d5d	4b890c0979843d3304f5155e0700b8e90bf2323a5e43027fe76d65ad16107299	7bf45eccb3d16cc6022524fc116876d6c4d1570a25f166f4257f745b7d658d32	1	0	1	/eos/user/c/cglenn/FCCWork/whizard/whizard_ttbar_spinpol/production/full6f_365gev_ee_ttbar_spinpol_v1/phase11_diagnostics/excess_weight_rootcause_v1/ttbar_restricted_region_suite_v1/regions/20260816T231425Z_U9region_core_W15_S8_np1_v1p0p1/fixed/W15_LI_M0_A00_S7/F0/console.log	1
P_W15_LI_M1_A07_S0	adaptive	W15_LI_M1_A07_S0		A07		S0	1740114216	648318690	"10:100000:""gw"""		M1	LI	W15	SR_MINUS	15.0	/eos/user/c/cglenn/FCCWork/whizard/whizard_ttbar_spinpol/production/full6f_365gev_ee_ttbar_spinpol_v1/phase11_diagnostics/excess_weight_rootcause_v1/ttbar_restricted_region_suite_v1/regions/20260816T231425Z_U9region_core_W15_S8_np1_v1p0p1/W15/LI/M1/adaptive/W15_LI_M1_A07_S0	/eos/user/c/cglenn/FCCWork/whizard/whizard_ttbar_spinpol/production/full6f_365gev_ee_ttbar_spinpol_v1/phase11_diagnostics/excess_weight_rootcause_v1/ttbar_restricted_region_suite_v1/regions/20260816T231425Z_U9region_core_W15_S8_np1_v1p0p1/W15/LI/M1/adaptive/W15_LI_M1_A07_S0	/eos/user/c/cglenn/FCCWork/whizard/whizard_ttbar_spinpol/production/full6f_365gev_ee_ttbar_spinpol_v1/phase11_diagnostics/excess_weight_rootcause_v1/ttbar_restricted_region_suite_v1/regions/20260816T231425Z_U9region_core_W15_S8_np1_v1p0p1/adaptive/W15_LI_M1_A07_S0	runtime_flat_fallback	PASS	PASS	0	20733e0e17025d2c73f73a666c5b62f92c105ca98114231020130b77f5730d5d	ad4bbfead7c6240d5daeece95a6268b0c1a124e333b517c8925b2d7d6b226c1c		0	1		/eos/user/c/cglenn/FCCWork/whizard/whizard_ttbar_spinpol/production/full6f_365gev_ee_ttbar_spinpol_v1/phase11_diagnostics/excess_weight_rootcause_v1/ttbar_restricted_region_suite_v1/regions/20260816T231425Z_U9region_core_W15_S8_np1_v1p0p1/adaptive/W15_LI_M1_A07_S0/console.log	1
C_W15_LI_M1_A07_S0_F0	fixed	W15_LI_M1_A07_S0_F0	W15_LI_M1_A07_S0	A07	F0	S0	1740114216	648318690	"10:100000:""gw"""	"3:200000:"""""	M1	LI	W15	SR_MINUS	15.0	/eos/user/c/cglenn/FCCWork/whizard/whizard_ttbar_spinpol/production/full6f_365gev_ee_ttbar_spinpol_v1/phase11_diagnostics/excess_weight_rootcause_v1/ttbar_restricted_region_suite_v1/regions/20260816T231425Z_U9region_core_W15_S8_np1_v1p0p1/W15/LI/M1/fixed/W15_LI_M1_A07_S0/F0	/eos/user/c/cglenn/FCCWork/whizard/whizard_ttbar_spinpol/production/full6f_365gev_ee_ttbar_spinpol_v1/phase11_diagnostics/excess_weight_rootcause_v1/ttbar_restricted_region_suite_v1/regions/20260816T231425Z_U9region_core_W15_S8_np1_v1p0p1/W15/LI/M1/fixed/W15_LI_M1_A07_S0/F0	/eos/user/c/cglenn/FCCWork/whizard/whizard_ttbar_spinpol/production/full6f_365gev_ee_ttbar_spinpol_v1/phase11_diagnostics/excess_weight_rootcause_v1/ttbar_restricted_region_suite_v1/regions/20260816T231425Z_U9region_core_W15_S8_np1_v1p0p1/fixed/W15_LI_M1_A07_S0/F0	runtime_flat_fallback	PASS	PASS	0	20733e0e17025d2c73f73a666c5b62f92c105ca98114231020130b77f5730d5d	eb5f6fbb53e0c0757ce1e8fea3f3515187578a0f1be1e9831e55c8d9da962bc8	ad4bbfead7c6240d5daeece95a6268b0c1a124e333b517c8925b2d7d6b226c1c	1	0	1	/eos/user/c/cglenn/FCCWork/whizard/whizard_ttbar_spinpol/production/full6f_365gev_ee_ttbar_spinpol_v1/phase11_diagnostics/excess_weight_rootcause_v1/ttbar_restricted_region_suite_v1/regions/20260816T231425Z_U9region_core_W15_S8_np1_v1p0p1/fixed/W15_LI_M1_A07_S0/F0/console.log	1
P_W15_LI_M1_A07_S1	adaptive	W15_LI_M1_A07_S1		A07		S1	1751949026	1404282457	"10:100000:""gw"""		M1	LI	W15	SR_MINUS	15.0	/eos/user/c/cglenn/FCCWork/whizard/whizard_ttbar_spinpol/production/full6f_365gev_ee_ttbar_spinpol_v1/phase11_diagnostics/excess_weight_rootcause_v1/ttbar_restricted_region_suite_v1/regions/20260816T231425Z_U9region_core_W15_S8_np1_v1p0p1/W15/LI/M1/adaptive/W15_LI_M1_A07_S1	/eos/user/c/cglenn/FCCWork/whizard/whizard_ttbar_spinpol/production/full6f_365gev_ee_ttbar_spinpol_v1/phase11_diagnostics/excess_weight_rootcause_v1/ttbar_restricted_region_suite_v1/regions/20260816T231425Z_U9region_core_W15_S8_np1_v1p0p1/W15/LI/M1/adaptive/W15_LI_M1_A07_S1	/eos/user/c/cglenn/FCCWork/whizard/whizard_ttbar_spinpol/production/full6f_365gev_ee_ttbar_spinpol_v1/phase11_diagnostics/excess_weight_rootcause_v1/ttbar_restricted_region_suite_v1/regions/20260816T231425Z_U9region_core_W15_S8_np1_v1p0p1/adaptive/W15_LI_M1_A07_S1	runtime_flat_fallback	PASS	PASS	0	20733e0e17025d2c73f73a666c5b62f92c105ca98114231020130b77f5730d5d	2cff9b2ccc900afbd971c7634f631891682ca6019cd1c7e101a392a1c53ff205		0	1		/eos/user/c/cglenn/FCCWork/whizard/whizard_ttbar_spinpol/production/full6f_365gev_ee_ttbar_spinpol_v1/phase11_diagnostics/excess_weight_rootcause_v1/ttbar_restricted_region_suite_v1/regions/20260816T231425Z_U9region_core_W15_S8_np1_v1p0p1/adaptive/W15_LI_M1_A07_S1/console.log	1
C_W15_LI_M1_A07_S1_F0	fixed	W15_LI_M1_A07_S1_F0	W15_LI_M1_A07_S1	A07	F0	S1	1751949026	1404282457	"10:100000:""gw"""	"3:200000:"""""	M1	LI	W15	SR_MINUS	15.0	/eos/user/c/cglenn/FCCWork/whizard/whizard_ttbar_spinpol/production/full6f_365gev_ee_ttbar_spinpol_v1/phase11_diagnostics/excess_weight_rootcause_v1/ttbar_restricted_region_suite_v1/regions/20260816T231425Z_U9region_core_W15_S8_np1_v1p0p1/W15/LI/M1/fixed/W15_LI_M1_A07_S1/F0	/eos/user/c/cglenn/FCCWork/whizard/whizard_ttbar_spinpol/production/full6f_365gev_ee_ttbar_spinpol_v1/phase11_diagnostics/excess_weight_rootcause_v1/ttbar_restricted_region_suite_v1/regions/20260816T231425Z_U9region_core_W15_S8_np1_v1p0p1/W15/LI/M1/fixed/W15_LI_M1_A07_S1/F0	/eos/user/c/cglenn/FCCWork/whizard/whizard_ttbar_spinpol/production/full6f_365gev_ee_ttbar_spinpol_v1/phase11_diagnostics/excess_weight_rootcause_v1/ttbar_restricted_region_suite_v1/regions/20260816T231425Z_U9region_core_W15_S8_np1_v1p0p1/fixed/W15_LI_M1_A07_S1/F0	runtime_flat_fallback	PASS	PASS	0	20733e0e17025d2c73f73a666c5b62f92c105ca98114231020130b77f5730d5d	9956ac6eba775f4133aa569ca55d06a486d45b3f66e23bb0e0f5bd168c174da1	2cff9b2ccc900afbd971c7634f631891682ca6019cd1c7e101a392a1c53ff205	1	0	1	/eos/user/c/cglenn/FCCWork/whizard/whizard_ttbar_spinpol/production/full6f_365gev_ee_ttbar_spinpol_v1/phase11_diagnostics/excess_weight_rootcause_v1/ttbar_restricted_region_suite_v1/regions/20260816T231425Z_U9region_core_W15_S8_np1_v1p0p1/fixed/W15_LI_M1_A07_S1/F0/console.log	1
P_W15_LI_M1_A07_S2	adaptive	W15_LI_M1_A07_S2		A07		S2	1885084773	1596606550	"10:100000:""gw"""		M1	LI	W15	SR_MINUS	15.0	/eos/user/c/cglenn/FCCWork/whizard/whizard_ttbar_spinpol/production/full6f_365gev_ee_ttbar_spinpol_v1/phase11_diagnostics/excess_weight_rootcause_v1/ttbar_restricted_region_suite_v1/regions/20260816T231425Z_U9region_core_W15_S8_np1_v1p0p1/W15/LI/M1/adaptive/W15_LI_M1_A07_S2	/eos/user/c/cglenn/FCCWork/whizard/whizard_ttbar_spinpol/production/full6f_365gev_ee_ttbar_spinpol_v1/phase11_diagnostics/excess_weight_rootcause_v1/ttbar_restricted_region_suite_v1/regions/20260816T231425Z_U9region_core_W15_S8_np1_v1p0p1/W15/LI/M1/adaptive/W15_LI_M1_A07_S2	/eos/user/c/cglenn/FCCWork/whizard/whizard_ttbar_spinpol/production/full6f_365gev_ee_ttbar_spinpol_v1/phase11_diagnostics/excess_weight_rootcause_v1/ttbar_restricted_region_suite_v1/regions/20260816T231425Z_U9region_core_W15_S8_np1_v1p0p1/adaptive/W15_LI_M1_A07_S2	runtime_flat_fallback	PASS	PASS	0	20733e0e17025d2c73f73a666c5b62f92c105ca98114231020130b77f5730d5d	bf97974bde569e635dec98361057349466c734d10f023b9a34d812458305f572		0	1		/eos/user/c/cglenn/FCCWork/whizard/whizard_ttbar_spinpol/production/full6f_365gev_ee_ttbar_spinpol_v1/phase11_diagnostics/excess_weight_rootcause_v1/ttbar_restricted_region_suite_v1/regions/20260816T231425Z_U9region_core_W15_S8_np1_v1p0p1/adaptive/W15_LI_M1_A07_S2/console.log	1
C_W15_LI_M1_A07_S2_F0	fixed	W15_LI_M1_A07_S2_F0	W15_LI_M1_A07_S2	A07	F0	S2	1885084773	1596606550	"10:100000:""gw"""	"3:200000:"""""	M1	LI	W15	SR_MINUS	15.0	/eos/user/c/cglenn/FCCWork/whizard/whizard_ttbar_spinpol/production/full6f_365gev_ee_ttbar_spinpol_v1/phase11_diagnostics/excess_weight_rootcause_v1/ttbar_restricted_region_suite_v1/regions/20260816T231425Z_U9region_core_W15_S8_np1_v1p0p1/W15/LI/M1/fixed/W15_LI_M1_A07_S2/F0	/eos/user/c/cglenn/FCCWork/whizard/whizard_ttbar_spinpol/production/full6f_365gev_ee_ttbar_spinpol_v1/phase11_diagnostics/excess_weight_rootcause_v1/ttbar_restricted_region_suite_v1/regions/20260816T231425Z_U9region_core_W15_S8_np1_v1p0p1/W15/LI/M1/fixed/W15_LI_M1_A07_S2/F0	/eos/user/c/cglenn/FCCWork/whizard/whizard_ttbar_spinpol/production/full6f_365gev_ee_ttbar_spinpol_v1/phase11_diagnostics/excess_weight_rootcause_v1/ttbar_restricted_region_suite_v1/regions/20260816T231425Z_U9region_core_W15_S8_np1_v1p0p1/fixed/W15_LI_M1_A07_S2/F0	runtime_flat_fallback	PASS	PASS	0	20733e0e17025d2c73f73a666c5b62f92c105ca98114231020130b77f5730d5d	a5af3f918dc5961bdf3ae936cc4d9e1dbfd039e9a0002b79c2cdc27041ff4f21	bf97974bde569e635dec98361057349466c734d10f023b9a34d812458305f572	1	0	1	/eos/user/c/cglenn/FCCWork/whizard/whizard_ttbar_spinpol/production/full6f_365gev_ee_ttbar_spinpol_v1/phase11_diagnostics/excess_weight_rootcause_v1/ttbar_restricted_region_suite_v1/regions/20260816T231425Z_U9region_core_W15_S8_np1_v1p0p1/fixed/W15_LI_M1_A07_S2/F0/console.log	1
P_W15_LI_M1_A07_S3	adaptive	W15_LI_M1_A07_S3		A07		S3	134326786	769890491	"10:100000:""gw"""		M1	LI	W15	SR_MINUS	15.0	/eos/user/c/cglenn/FCCWork/whizard/whizard_ttbar_spinpol/production/full6f_365gev_ee_ttbar_spinpol_v1/phase11_diagnostics/excess_weight_rootcause_v1/ttbar_restricted_region_suite_v1/regions/20260816T231425Z_U9region_core_W15_S8_np1_v1p0p1/W15/LI/M1/adaptive/W15_LI_M1_A07_S3	/eos/user/c/cglenn/FCCWork/whizard/whizard_ttbar_spinpol/production/full6f_365gev_ee_ttbar_spinpol_v1/phase11_diagnostics/excess_weight_rootcause_v1/ttbar_restricted_region_suite_v1/regions/20260816T231425Z_U9region_core_W15_S8_np1_v1p0p1/W15/LI/M1/adaptive/W15_LI_M1_A07_S3	/eos/user/c/cglenn/FCCWork/whizard/whizard_ttbar_spinpol/production/full6f_365gev_ee_ttbar_spinpol_v1/phase11_diagnostics/excess_weight_rootcause_v1/ttbar_restricted_region_suite_v1/regions/20260816T231425Z_U9region_core_W15_S8_np1_v1p0p1/adaptive/W15_LI_M1_A07_S3	runtime_flat_fallback	PASS	PASS	0	20733e0e17025d2c73f73a666c5b62f92c105ca98114231020130b77f5730d5d	89994ef8bd02b2d874d339134d8b267207a99546cab59ff1ea2acfb269ee4c72		0	1		/eos/user/c/cglenn/FCCWork/whizard/whizard_ttbar_spinpol/production/full6f_365gev_ee_ttbar_spinpol_v1/phase11_diagnostics/excess_weight_rootcause_v1/ttbar_restricted_region_suite_v1/regions/20260816T231425Z_U9region_core_W15_S8_np1_v1p0p1/adaptive/W15_LI_M1_A07_S3/console.log	1
C_W15_LI_M1_A07_S3_F0	fixed	W15_LI_M1_A07_S3_F0	W15_LI_M1_A07_S3	A07	F0	S3	134326786	769890491	"10:100000:""gw"""	"3:200000:"""""	M1	LI	W15	SR_MINUS	15.0	/eos/user/c/cglenn/FCCWork/whizard/whizard_ttbar_spinpol/production/full6f_365gev_ee_ttbar_spinpol_v1/phase11_diagnostics/excess_weight_rootcause_v1/ttbar_restricted_region_suite_v1/regions/20260816T231425Z_U9region_core_W15_S8_np1_v1p0p1/W15/LI/M1/fixed/W15_LI_M1_A07_S3/F0	/eos/user/c/cglenn/FCCWork/whizard/whizard_ttbar_spinpol/production/full6f_365gev_ee_ttbar_spinpol_v1/phase11_diagnostics/excess_weight_rootcause_v1/ttbar_restricted_region_suite_v1/regions/20260816T231425Z_U9region_core_W15_S8_np1_v1p0p1/W15/LI/M1/fixed/W15_LI_M1_A07_S3/F0	/eos/user/c/cglenn/FCCWork/whizard/whizard_ttbar_spinpol/production/full6f_365gev_ee_ttbar_spinpol_v1/phase11_diagnostics/excess_weight_rootcause_v1/ttbar_restricted_region_suite_v1/regions/20260816T231425Z_U9region_core_W15_S8_np1_v1p0p1/fixed/W15_LI_M1_A07_S3/F0	runtime_flat_fallback	PASS	PASS	0	20733e0e17025d2c73f73a666c5b62f92c105ca98114231020130b77f5730d5d	fa44e47f79c8cfc4bb192b19985f9792e4e17b4c00dfd20d66abb2aa4f3e2423	89994ef8bd02b2d874d339134d8b267207a99546cab59ff1ea2acfb269ee4c72	1	0	1	/eos/user/c/cglenn/FCCWork/whizard/whizard_ttbar_spinpol/production/full6f_365gev_ee_ttbar_spinpol_v1/phase11_diagnostics/excess_weight_rootcause_v1/ttbar_restricted_region_suite_v1/regions/20260816T231425Z_U9region_core_W15_S8_np1_v1p0p1/fixed/W15_LI_M1_A07_S3/F0/console.log	1
P_W15_LI_M1_A07_S4	adaptive	W15_LI_M1_A07_S4		A07		S4	249371675	462903030	"10:100000:""gw"""		M1	LI	W15	SR_MINUS	15.0	/eos/user/c/cglenn/FCCWork/whizard/whizard_ttbar_spinpol/production/full6f_365gev_ee_ttbar_spinpol_v1/phase11_diagnostics/excess_weight_rootcause_v1/ttbar_restricted_region_suite_v1/regions/20260816T231425Z_U9region_core_W15_S8_np1_v1p0p1/W15/LI/M1/adaptive/W15_LI_M1_A07_S4	/eos/user/c/cglenn/FCCWork/whizard/whizard_ttbar_spinpol/production/full6f_365gev_ee_ttbar_spinpol_v1/phase11_diagnostics/excess_weight_rootcause_v1/ttbar_restricted_region_suite_v1/regions/20260816T231425Z_U9region_core_W15_S8_np1_v1p0p1/W15/LI/M1/adaptive/W15_LI_M1_A07_S4	/eos/user/c/cglenn/FCCWork/whizard/whizard_ttbar_spinpol/production/full6f_365gev_ee_ttbar_spinpol_v1/phase11_diagnostics/excess_weight_rootcause_v1/ttbar_restricted_region_suite_v1/regions/20260816T231425Z_U9region_core_W15_S8_np1_v1p0p1/adaptive/W15_LI_M1_A07_S4	runtime_flat_fallback	PASS	PASS	0	20733e0e17025d2c73f73a666c5b62f92c105ca98114231020130b77f5730d5d	fe8ea3ecd33df0bf1ee286da75f2ade361972ac9728cec52b434e3663b03ee09		0	1		/eos/user/c/cglenn/FCCWork/whizard/whizard_ttbar_spinpol/production/full6f_365gev_ee_ttbar_spinpol_v1/phase11_diagnostics/excess_weight_rootcause_v1/ttbar_restricted_region_suite_v1/regions/20260816T231425Z_U9region_core_W15_S8_np1_v1p0p1/adaptive/W15_LI_M1_A07_S4/console.log	1
C_W15_LI_M1_A07_S4_F0	fixed	W15_LI_M1_A07_S4_F0	W15_LI_M1_A07_S4	A07	F0	S4	249371675	462903030	"10:100000:""gw"""	"3:200000:"""""	M1	LI	W15	SR_MINUS	15.0	/eos/user/c/cglenn/FCCWork/whizard/whizard_ttbar_spinpol/production/full6f_365gev_ee_ttbar_spinpol_v1/phase11_diagnostics/excess_weight_rootcause_v1/ttbar_restricted_region_suite_v1/regions/20260816T231425Z_U9region_core_W15_S8_np1_v1p0p1/W15/LI/M1/fixed/W15_LI_M1_A07_S4/F0	/eos/user/c/cglenn/FCCWork/whizard/whizard_ttbar_spinpol/production/full6f_365gev_ee_ttbar_spinpol_v1/phase11_diagnostics/excess_weight_rootcause_v1/ttbar_restricted_region_suite_v1/regions/20260816T231425Z_U9region_core_W15_S8_np1_v1p0p1/W15/LI/M1/fixed/W15_LI_M1_A07_S4/F0	/eos/user/c/cglenn/FCCWork/whizard/whizard_ttbar_spinpol/production/full6f_365gev_ee_ttbar_spinpol_v1/phase11_diagnostics/excess_weight_rootcause_v1/ttbar_restricted_region_suite_v1/regions/20260816T231425Z_U9region_core_W15_S8_np1_v1p0p1/fixed/W15_LI_M1_A07_S4/F0	runtime_flat_fallback	PASS	PASS	0	20733e0e17025d2c73f73a666c5b62f92c105ca98114231020130b77f5730d5d	f8f22d70ad8e80944bd131e19b1ecfba05c5da8a18e0a74c83793373aafa0ccf	fe8ea3ecd33df0bf1ee286da75f2ade361972ac9728cec52b434e3663b03ee09	1	0	1	/eos/user/c/cglenn/FCCWork/whizard/whizard_ttbar_spinpol/production/full6f_365gev_ee_ttbar_spinpol_v1/phase11_diagnostics/excess_weight_rootcause_v1/ttbar_restricted_region_suite_v1/regions/20260816T231425Z_U9region_core_W15_S8_np1_v1p0p1/fixed/W15_LI_M1_A07_S4/F0/console.log	1
P_W15_LI_M1_A07_S5	adaptive	W15_LI_M1_A07_S5		A07		S5	531087687	197846737	"10:100000:""gw"""		M1	LI	W15	SR_MINUS	15.0	/eos/user/c/cglenn/FCCWork/whizard/whizard_ttbar_spinpol/production/full6f_365gev_ee_ttbar_spinpol_v1/phase11_diagnostics/excess_weight_rootcause_v1/ttbar_restricted_region_suite_v1/regions/20260816T231425Z_U9region_core_W15_S8_np1_v1p0p1/W15/LI/M1/adaptive/W15_LI_M1_A07_S5	/eos/user/c/cglenn/FCCWork/whizard/whizard_ttbar_spinpol/production/full6f_365gev_ee_ttbar_spinpol_v1/phase11_diagnostics/excess_weight_rootcause_v1/ttbar_restricted_region_suite_v1/regions/20260816T231425Z_U9region_core_W15_S8_np1_v1p0p1/W15/LI/M1/adaptive/W15_LI_M1_A07_S5	/eos/user/c/cglenn/FCCWork/whizard/whizard_ttbar_spinpol/production/full6f_365gev_ee_ttbar_spinpol_v1/phase11_diagnostics/excess_weight_rootcause_v1/ttbar_restricted_region_suite_v1/regions/20260816T231425Z_U9region_core_W15_S8_np1_v1p0p1/adaptive/W15_LI_M1_A07_S5	runtime_flat_fallback	PASS	PASS	0	20733e0e17025d2c73f73a666c5b62f92c105ca98114231020130b77f5730d5d	c2f8c1c5316873e359e9eb1173743927c420bee7d709f0c74981b53121faaf4c		0	1		/eos/user/c/cglenn/FCCWork/whizard/whizard_ttbar_spinpol/production/full6f_365gev_ee_ttbar_spinpol_v1/phase11_diagnostics/excess_weight_rootcause_v1/ttbar_restricted_region_suite_v1/regions/20260816T231425Z_U9region_core_W15_S8_np1_v1p0p1/adaptive/W15_LI_M1_A07_S5/console.log	1
C_W15_LI_M1_A07_S5_F0	fixed	W15_LI_M1_A07_S5_F0	W15_LI_M1_A07_S5	A07	F0	S5	531087687	197846737	"10:100000:""gw"""	"3:200000:"""""	M1	LI	W15	SR_MINUS	15.0	/eos/user/c/cglenn/FCCWork/whizard/whizard_ttbar_spinpol/production/full6f_365gev_ee_ttbar_spinpol_v1/phase11_diagnostics/excess_weight_rootcause_v1/ttbar_restricted_region_suite_v1/regions/20260816T231425Z_U9region_core_W15_S8_np1_v1p0p1/W15/LI/M1/fixed/W15_LI_M1_A07_S5/F0	/eos/user/c/cglenn/FCCWork/whizard/whizard_ttbar_spinpol/production/full6f_365gev_ee_ttbar_spinpol_v1/phase11_diagnostics/excess_weight_rootcause_v1/ttbar_restricted_region_suite_v1/regions/20260816T231425Z_U9region_core_W15_S8_np1_v1p0p1/W15/LI/M1/fixed/W15_LI_M1_A07_S5/F0	/eos/user/c/cglenn/FCCWork/whizard/whizard_ttbar_spinpol/production/full6f_365gev_ee_ttbar_spinpol_v1/phase11_diagnostics/excess_weight_rootcause_v1/ttbar_restricted_region_suite_v1/regions/20260816T231425Z_U9region_core_W15_S8_np1_v1p0p1/fixed/W15_LI_M1_A07_S5/F0	runtime_flat_fallback	PASS	PASS	0	20733e0e17025d2c73f73a666c5b62f92c105ca98114231020130b77f5730d5d	a82df5e293f2a9427768a717891514371664b6cbc27716a542ac9f9f34a736be	c2f8c1c5316873e359e9eb1173743927c420bee7d709f0c74981b53121faaf4c	1	0	1	/eos/user/c/cglenn/FCCWork/whizard/whizard_ttbar_spinpol/production/full6f_365gev_ee_ttbar_spinpol_v1/phase11_diagnostics/excess_weight_rootcause_v1/ttbar_restricted_region_suite_v1/regions/20260816T231425Z_U9region_core_W15_S8_np1_v1p0p1/fixed/W15_LI_M1_A07_S5/F0/console.log	1
P_W15_LI_M1_A07_S6	adaptive	W15_LI_M1_A07_S6		A07		S6	519963689	958460417	"10:100000:""gw"""		M1	LI	W15	SR_MINUS	15.0	/eos/user/c/cglenn/FCCWork/whizard/whizard_ttbar_spinpol/production/full6f_365gev_ee_ttbar_spinpol_v1/phase11_diagnostics/excess_weight_rootcause_v1/ttbar_restricted_region_suite_v1/regions/20260816T231425Z_U9region_core_W15_S8_np1_v1p0p1/W15/LI/M1/adaptive/W15_LI_M1_A07_S6	/eos/user/c/cglenn/FCCWork/whizard/whizard_ttbar_spinpol/production/full6f_365gev_ee_ttbar_spinpol_v1/phase11_diagnostics/excess_weight_rootcause_v1/ttbar_restricted_region_suite_v1/regions/20260816T231425Z_U9region_core_W15_S8_np1_v1p0p1/W15/LI/M1/adaptive/W15_LI_M1_A07_S6	/eos/user/c/cglenn/FCCWork/whizard/whizard_ttbar_spinpol/production/full6f_365gev_ee_ttbar_spinpol_v1/phase11_diagnostics/excess_weight_rootcause_v1/ttbar_restricted_region_suite_v1/regions/20260816T231425Z_U9region_core_W15_S8_np1_v1p0p1/adaptive/W15_LI_M1_A07_S6	runtime_flat_fallback	PASS	PASS	0	20733e0e17025d2c73f73a666c5b62f92c105ca98114231020130b77f5730d5d	aa65573acafea13e29678402e25888c19aca6935886055adcb8d3a722656c43f		0	1		/eos/user/c/cglenn/FCCWork/whizard/whizard_ttbar_spinpol/production/full6f_365gev_ee_ttbar_spinpol_v1/phase11_diagnostics/excess_weight_rootcause_v1/ttbar_restricted_region_suite_v1/regions/20260816T231425Z_U9region_core_W15_S8_np1_v1p0p1/adaptive/W15_LI_M1_A07_S6/console.log	1
C_W15_LI_M1_A07_S6_F0	fixed	W15_LI_M1_A07_S6_F0	W15_LI_M1_A07_S6	A07	F0	S6	519963689	958460417	"10:100000:""gw"""	"3:200000:"""""	M1	LI	W15	SR_MINUS	15.0	/eos/user/c/cglenn/FCCWork/whizard/whizard_ttbar_spinpol/production/full6f_365gev_ee_ttbar_spinpol_v1/phase11_diagnostics/excess_weight_rootcause_v1/ttbar_restricted_region_suite_v1/regions/20260816T231425Z_U9region_core_W15_S8_np1_v1p0p1/W15/LI/M1/fixed/W15_LI_M1_A07_S6/F0	/eos/user/c/cglenn/FCCWork/whizard/whizard_ttbar_spinpol/production/full6f_365gev_ee_ttbar_spinpol_v1/phase11_diagnostics/excess_weight_rootcause_v1/ttbar_restricted_region_suite_v1/regions/20260816T231425Z_U9region_core_W15_S8_np1_v1p0p1/W15/LI/M1/fixed/W15_LI_M1_A07_S6/F0	/eos/user/c/cglenn/FCCWork/whizard/whizard_ttbar_spinpol/production/full6f_365gev_ee_ttbar_spinpol_v1/phase11_diagnostics/excess_weight_rootcause_v1/ttbar_restricted_region_suite_v1/regions/20260816T231425Z_U9region_core_W15_S8_np1_v1p0p1/fixed/W15_LI_M1_A07_S6/F0	runtime_flat_fallback	PASS	PASS	0	20733e0e17025d2c73f73a666c5b62f92c105ca98114231020130b77f5730d5d	41869f2e383ea1001e706987fed85546ff36ba2c26434db2c504fe3a4008b107	aa65573acafea13e29678402e25888c19aca6935886055adcb8d3a722656c43f	1	0	1	/eos/user/c/cglenn/FCCWork/whizard/whizard_ttbar_spinpol/production/full6f_365gev_ee_ttbar_spinpol_v1/phase11_diagnostics/excess_weight_rootcause_v1/ttbar_restricted_region_suite_v1/regions/20260816T231425Z_U9region_core_W15_S8_np1_v1p0p1/fixed/W15_LI_M1_A07_S6/F0/console.log	1
P_W15_LI_M1_A07_S7	adaptive	W15_LI_M1_A07_S7		A07		S7	1552803368	239117595	"10:100000:""gw"""		M1	LI	W15	SR_MINUS	15.0	/eos/user/c/cglenn/FCCWork/whizard/whizard_ttbar_spinpol/production/full6f_365gev_ee_ttbar_spinpol_v1/phase11_diagnostics/excess_weight_rootcause_v1/ttbar_restricted_region_suite_v1/regions/20260816T231425Z_U9region_core_W15_S8_np1_v1p0p1/W15/LI/M1/adaptive/W15_LI_M1_A07_S7	/eos/user/c/cglenn/FCCWork/whizard/whizard_ttbar_spinpol/production/full6f_365gev_ee_ttbar_spinpol_v1/phase11_diagnostics/excess_weight_rootcause_v1/ttbar_restricted_region_suite_v1/regions/20260816T231425Z_U9region_core_W15_S8_np1_v1p0p1/W15/LI/M1/adaptive/W15_LI_M1_A07_S7	/eos/user/c/cglenn/FCCWork/whizard/whizard_ttbar_spinpol/production/full6f_365gev_ee_ttbar_spinpol_v1/phase11_diagnostics/excess_weight_rootcause_v1/ttbar_restricted_region_suite_v1/regions/20260816T231425Z_U9region_core_W15_S8_np1_v1p0p1/adaptive/W15_LI_M1_A07_S7	runtime_flat_fallback	PASS	PASS	0	20733e0e17025d2c73f73a666c5b62f92c105ca98114231020130b77f5730d5d	ac9f3b324899dd593b8d522bc4658aeaccf63b51c661ccb4aa356b26bc767bae		0	1		/eos/user/c/cglenn/FCCWork/whizard/whizard_ttbar_spinpol/production/full6f_365gev_ee_ttbar_spinpol_v1/phase11_diagnostics/excess_weight_rootcause_v1/ttbar_restricted_region_suite_v1/regions/20260816T231425Z_U9region_core_W15_S8_np1_v1p0p1/adaptive/W15_LI_M1_A07_S7/console.log	1
C_W15_LI_M1_A07_S7_F0	fixed	W15_LI_M1_A07_S7_F0	W15_LI_M1_A07_S7	A07	F0	S7	1552803368	239117595	"10:100000:""gw"""	"3:200000:"""""	M1	LI	W15	SR_MINUS	15.0	/eos/user/c/cglenn/FCCWork/whizard/whizard_ttbar_spinpol/production/full6f_365gev_ee_ttbar_spinpol_v1/phase11_diagnostics/excess_weight_rootcause_v1/ttbar_restricted_region_suite_v1/regions/20260816T231425Z_U9region_core_W15_S8_np1_v1p0p1/W15/LI/M1/fixed/W15_LI_M1_A07_S7/F0	/eos/user/c/cglenn/FCCWork/whizard/whizard_ttbar_spinpol/production/full6f_365gev_ee_ttbar_spinpol_v1/phase11_diagnostics/excess_weight_rootcause_v1/ttbar_restricted_region_suite_v1/regions/20260816T231425Z_U9region_core_W15_S8_np1_v1p0p1/W15/LI/M1/fixed/W15_LI_M1_A07_S7/F0	/eos/user/c/cglenn/FCCWork/whizard/whizard_ttbar_spinpol/production/full6f_365gev_ee_ttbar_spinpol_v1/phase11_diagnostics/excess_weight_rootcause_v1/ttbar_restricted_region_suite_v1/regions/20260816T231425Z_U9region_core_W15_S8_np1_v1p0p1/fixed/W15_LI_M1_A07_S7/F0	runtime_flat_fallback	PASS	PASS	0	20733e0e17025d2c73f73a666c5b62f92c105ca98114231020130b77f5730d5d	7cf2f7c320044232799a29c8eb6491ba6aee49ce62037658edbffde792ab9d61	ac9f3b324899dd593b8d522bc4658aeaccf63b51c661ccb4aa356b26bc767bae	1	0	1	/eos/user/c/cglenn/FCCWork/whizard/whizard_ttbar_spinpol/production/full6f_365gev_ee_ttbar_spinpol_v1/phase11_diagnostics/excess_weight_rootcause_v1/ttbar_restricted_region_suite_v1/regions/20260816T231425Z_U9region_core_W15_S8_np1_v1p0p1/fixed/W15_LI_M1_A07_S7/F0/console.log	1
P_W15_LI_M2_A10_S0	adaptive	W15_LI_M2_A10_S0		A10		S0	1740114216	648318690	"1:1000000:""gw"""		M2	LI	W15	SR_MINUS	15.0	/eos/user/c/cglenn/FCCWork/whizard/whizard_ttbar_spinpol/production/full6f_365gev_ee_ttbar_spinpol_v1/phase11_diagnostics/excess_weight_rootcause_v1/ttbar_restricted_region_suite_v1/regions/20260816T231425Z_U9region_core_W15_S8_np1_v1p0p1/W15/LI/M2/adaptive/W15_LI_M2_A10_S0	/eos/user/c/cglenn/FCCWork/whizard/whizard_ttbar_spinpol/production/full6f_365gev_ee_ttbar_spinpol_v1/phase11_diagnostics/excess_weight_rootcause_v1/ttbar_restricted_region_suite_v1/regions/20260816T231425Z_U9region_core_W15_S8_np1_v1p0p1/W15/LI/M2/adaptive/W15_LI_M2_A10_S0	/eos/user/c/cglenn/FCCWork/whizard/whizard_ttbar_spinpol/production/full6f_365gev_ee_ttbar_spinpol_v1/phase11_diagnostics/excess_weight_rootcause_v1/ttbar_restricted_region_suite_v1/regions/20260816T231425Z_U9region_core_W15_S8_np1_v1p0p1/adaptive/W15_LI_M2_A10_S0	runtime_flat_fallback	PASS	PASS	0	20733e0e17025d2c73f73a666c5b62f92c105ca98114231020130b77f5730d5d	f051fbf0e371899852f2d23f1d49602539ada19186f9331462ed859ab5c1f05f		0	1		/eos/user/c/cglenn/FCCWork/whizard/whizard_ttbar_spinpol/production/full6f_365gev_ee_ttbar_spinpol_v1/phase11_diagnostics/excess_weight_rootcause_v1/ttbar_restricted_region_suite_v1/regions/20260816T231425Z_U9region_core_W15_S8_np1_v1p0p1/adaptive/W15_LI_M2_A10_S0/console.log	1
C_W15_LI_M2_A10_S0_F2	fixed	W15_LI_M2_A10_S0_F2	W15_LI_M2_A10_S0	A10	F2	S0	1740114216	648318690	"1:1000000:""gw"""	"1:2000000:"""""	M2	LI	W15	SR_MINUS	15.0	/eos/user/c/cglenn/FCCWork/whizard/whizard_ttbar_spinpol/production/full6f_365gev_ee_ttbar_spinpol_v1/phase11_diagnostics/excess_weight_rootcause_v1/ttbar_restricted_region_suite_v1/regions/20260816T231425Z_U9region_core_W15_S8_np1_v1p0p1/W15/LI/M2/fixed/W15_LI_M2_A10_S0/F2	/eos/user/c/cglenn/FCCWork/whizard/whizard_ttbar_spinpol/production/full6f_365gev_ee_ttbar_spinpol_v1/phase11_diagnostics/excess_weight_rootcause_v1/ttbar_restricted_region_suite_v1/regions/20260816T231425Z_U9region_core_W15_S8_np1_v1p0p1/W15/LI/M2/fixed/W15_LI_M2_A10_S0/F2	/eos/user/c/cglenn/FCCWork/whizard/whizard_ttbar_spinpol/production/full6f_365gev_ee_ttbar_spinpol_v1/phase11_diagnostics/excess_weight_rootcause_v1/ttbar_restricted_region_suite_v1/regions/20260816T231425Z_U9region_core_W15_S8_np1_v1p0p1/fixed/W15_LI_M2_A10_S0/F2	runtime_flat_fallback	PASS	PASS	0	20733e0e17025d2c73f73a666c5b62f92c105ca98114231020130b77f5730d5d	5525e2ef833af179894e862ffd90f790d6ef1fe6b7ec5600a59950c2d18fb9f2	f051fbf0e371899852f2d23f1d49602539ada19186f9331462ed859ab5c1f05f	1	0	1	/eos/user/c/cglenn/FCCWork/whizard/whizard_ttbar_spinpol/production/full6f_365gev_ee_ttbar_spinpol_v1/phase11_diagnostics/excess_weight_rootcause_v1/ttbar_restricted_region_suite_v1/regions/20260816T231425Z_U9region_core_W15_S8_np1_v1p0p1/fixed/W15_LI_M2_A10_S0/F2/console.log	1
P_W15_LI_M2_A10_S1	adaptive	W15_LI_M2_A10_S1		A10		S1	1751949026	1404282457	"1:1000000:""gw"""		M2	LI	W15	SR_MINUS	15.0	/eos/user/c/cglenn/FCCWork/whizard/whizard_ttbar_spinpol/production/full6f_365gev_ee_ttbar_spinpol_v1/phase11_diagnostics/excess_weight_rootcause_v1/ttbar_restricted_region_suite_v1/regions/20260816T231425Z_U9region_core_W15_S8_np1_v1p0p1/W15/LI/M2/adaptive/W15_LI_M2_A10_S1	/eos/user/c/cglenn/FCCWork/whizard/whizard_ttbar_spinpol/production/full6f_365gev_ee_ttbar_spinpol_v1/phase11_diagnostics/excess_weight_rootcause_v1/ttbar_restricted_region_suite_v1/regions/20260816T231425Z_U9region_core_W15_S8_np1_v1p0p1/W15/LI/M2/adaptive/W15_LI_M2_A10_S1	/eos/user/c/cglenn/FCCWork/whizard/whizard_ttbar_spinpol/production/full6f_365gev_ee_ttbar_spinpol_v1/phase11_diagnostics/excess_weight_rootcause_v1/ttbar_restricted_region_suite_v1/regions/20260816T231425Z_U9region_core_W15_S8_np1_v1p0p1/adaptive/W15_LI_M2_A10_S1	runtime_flat_fallback	PASS	PASS	0	20733e0e17025d2c73f73a666c5b62f92c105ca98114231020130b77f5730d5d	85f25fae53745153e59d90f29feebf8bdbdfb9b8f6588edd09be57a3415f1756		0	1		/eos/user/c/cglenn/FCCWork/whizard/whizard_ttbar_spinpol/production/full6f_365gev_ee_ttbar_spinpol_v1/phase11_diagnostics/excess_weight_rootcause_v1/ttbar_restricted_region_suite_v1/regions/20260816T231425Z_U9region_core_W15_S8_np1_v1p0p1/adaptive/W15_LI_M2_A10_S1/console.log	1
C_W15_LI_M2_A10_S1_F2	fixed	W15_LI_M2_A10_S1_F2	W15_LI_M2_A10_S1	A10	F2	S1	1751949026	1404282457	"1:1000000:""gw"""	"1:2000000:"""""	M2	LI	W15	SR_MINUS	15.0	/eos/user/c/cglenn/FCCWork/whizard/whizard_ttbar_spinpol/production/full6f_365gev_ee_ttbar_spinpol_v1/phase11_diagnostics/excess_weight_rootcause_v1/ttbar_restricted_region_suite_v1/regions/20260816T231425Z_U9region_core_W15_S8_np1_v1p0p1/W15/LI/M2/fixed/W15_LI_M2_A10_S1/F2	/eos/user/c/cglenn/FCCWork/whizard/whizard_ttbar_spinpol/production/full6f_365gev_ee_ttbar_spinpol_v1/phase11_diagnostics/excess_weight_rootcause_v1/ttbar_restricted_region_suite_v1/regions/20260816T231425Z_U9region_core_W15_S8_np1_v1p0p1/W15/LI/M2/fixed/W15_LI_M2_A10_S1/F2	/eos/user/c/cglenn/FCCWork/whizard/whizard_ttbar_spinpol/production/full6f_365gev_ee_ttbar_spinpol_v1/phase11_diagnostics/excess_weight_rootcause_v1/ttbar_restricted_region_suite_v1/regions/20260816T231425Z_U9region_core_W15_S8_np1_v1p0p1/fixed/W15_LI_M2_A10_S1/F2	runtime_flat_fallback	PASS	PASS	0	20733e0e17025d2c73f73a666c5b62f92c105ca98114231020130b77f5730d5d	2d88f87a4ffd0c10bb16f237af101771e77e91590f4f59520e854c705d411fb6	85f25fae53745153e59d90f29feebf8bdbdfb9b8f6588edd09be57a3415f1756	1	0	1	/eos/user/c/cglenn/FCCWork/whizard/whizard_ttbar_spinpol/production/full6f_365gev_ee_ttbar_spinpol_v1/phase11_diagnostics/excess_weight_rootcause_v1/ttbar_restricted_region_suite_v1/regions/20260816T231425Z_U9region_core_W15_S8_np1_v1p0p1/fixed/W15_LI_M2_A10_S1/F2/console.log	1
P_W15_LI_M2_A10_S2	adaptive	W15_LI_M2_A10_S2		A10		S2	1885084773	1596606550	"1:1000000:""gw"""		M2	LI	W15	SR_MINUS	15.0	/eos/user/c/cglenn/FCCWork/whizard/whizard_ttbar_spinpol/production/full6f_365gev_ee_ttbar_spinpol_v1/phase11_diagnostics/excess_weight_rootcause_v1/ttbar_restricted_region_suite_v1/regions/20260816T231425Z_U9region_core_W15_S8_np1_v1p0p1/W15/LI/M2/adaptive/W15_LI_M2_A10_S2	/eos/user/c/cglenn/FCCWork/whizard/whizard_ttbar_spinpol/production/full6f_365gev_ee_ttbar_spinpol_v1/phase11_diagnostics/excess_weight_rootcause_v1/ttbar_restricted_region_suite_v1/regions/20260816T231425Z_U9region_core_W15_S8_np1_v1p0p1/W15/LI/M2/adaptive/W15_LI_M2_A10_S2	/eos/user/c/cglenn/FCCWork/whizard/whizard_ttbar_spinpol/production/full6f_365gev_ee_ttbar_spinpol_v1/phase11_diagnostics/excess_weight_rootcause_v1/ttbar_restricted_region_suite_v1/regions/20260816T231425Z_U9region_core_W15_S8_np1_v1p0p1/adaptive/W15_LI_M2_A10_S2	runtime_flat_fallback	PASS	PASS	0	20733e0e17025d2c73f73a666c5b62f92c105ca98114231020130b77f5730d5d	236221e7c5c55b709a4be94aa65bce808f329dcc6b1f2fd90960be4a069162ea		0	1		/eos/user/c/cglenn/FCCWork/whizard/whizard_ttbar_spinpol/production/full6f_365gev_ee_ttbar_spinpol_v1/phase11_diagnostics/excess_weight_rootcause_v1/ttbar_restricted_region_suite_v1/regions/20260816T231425Z_U9region_core_W15_S8_np1_v1p0p1/adaptive/W15_LI_M2_A10_S2/console.log	1
C_W15_LI_M2_A10_S2_F2	fixed	W15_LI_M2_A10_S2_F2	W15_LI_M2_A10_S2	A10	F2	S2	1885084773	1596606550	"1:1000000:""gw"""	"1:2000000:"""""	M2	LI	W15	SR_MINUS	15.0	/eos/user/c/cglenn/FCCWork/whizard/whizard_ttbar_spinpol/production/full6f_365gev_ee_ttbar_spinpol_v1/phase11_diagnostics/excess_weight_rootcause_v1/ttbar_restricted_region_suite_v1/regions/20260816T231425Z_U9region_core_W15_S8_np1_v1p0p1/W15/LI/M2/fixed/W15_LI_M2_A10_S2/F2	/eos/user/c/cglenn/FCCWork/whizard/whizard_ttbar_spinpol/production/full6f_365gev_ee_ttbar_spinpol_v1/phase11_diagnostics/excess_weight_rootcause_v1/ttbar_restricted_region_suite_v1/regions/20260816T231425Z_U9region_core_W15_S8_np1_v1p0p1/W15/LI/M2/fixed/W15_LI_M2_A10_S2/F2	/eos/user/c/cglenn/FCCWork/whizard/whizard_ttbar_spinpol/production/full6f_365gev_ee_ttbar_spinpol_v1/phase11_diagnostics/excess_weight_rootcause_v1/ttbar_restricted_region_suite_v1/regions/20260816T231425Z_U9region_core_W15_S8_np1_v1p0p1/fixed/W15_LI_M2_A10_S2/F2	runtime_flat_fallback	PASS	PASS	0	20733e0e17025d2c73f73a666c5b62f92c105ca98114231020130b77f5730d5d	ca2633014ce02fde59fff1df3b09af6143788a15f2bce67a754d36c95920db4f	236221e7c5c55b709a4be94aa65bce808f329dcc6b1f2fd90960be4a069162ea	1	0	1	/eos/user/c/cglenn/FCCWork/whizard/whizard_ttbar_spinpol/production/full6f_365gev_ee_ttbar_spinpol_v1/phase11_diagnostics/excess_weight_rootcause_v1/ttbar_restricted_region_suite_v1/regions/20260816T231425Z_U9region_core_W15_S8_np1_v1p0p1/fixed/W15_LI_M2_A10_S2/F2/console.log	1
P_W15_LI_M2_A10_S3	adaptive	W15_LI_M2_A10_S3		A10		S3	134326786	769890491	"1:1000000:""gw"""		M2	LI	W15	SR_MINUS	15.0	/eos/user/c/cglenn/FCCWork/whizard/whizard_ttbar_spinpol/production/full6f_365gev_ee_ttbar_spinpol_v1/phase11_diagnostics/excess_weight_rootcause_v1/ttbar_restricted_region_suite_v1/regions/20260816T231425Z_U9region_core_W15_S8_np1_v1p0p1/W15/LI/M2/adaptive/W15_LI_M2_A10_S3	/eos/user/c/cglenn/FCCWork/whizard/whizard_ttbar_spinpol/production/full6f_365gev_ee_ttbar_spinpol_v1/phase11_diagnostics/excess_weight_rootcause_v1/ttbar_restricted_region_suite_v1/regions/20260816T231425Z_U9region_core_W15_S8_np1_v1p0p1/W15/LI/M2/adaptive/W15_LI_M2_A10_S3	/eos/user/c/cglenn/FCCWork/whizard/whizard_ttbar_spinpol/production/full6f_365gev_ee_ttbar_spinpol_v1/phase11_diagnostics/excess_weight_rootcause_v1/ttbar_restricted_region_suite_v1/regions/20260816T231425Z_U9region_core_W15_S8_np1_v1p0p1/adaptive/W15_LI_M2_A10_S3	runtime_flat_fallback	PASS	PASS	0	20733e0e17025d2c73f73a666c5b62f92c105ca98114231020130b77f5730d5d	833500e9984fb4d65ba5d4c93551f7ebdc58255d296989459a1dd81fb1694b9f		0	1		/eos/user/c/cglenn/FCCWork/whizard/whizard_ttbar_spinpol/production/full6f_365gev_ee_ttbar_spinpol_v1/phase11_diagnostics/excess_weight_rootcause_v1/ttbar_restricted_region_suite_v1/regions/20260816T231425Z_U9region_core_W15_S8_np1_v1p0p1/adaptive/W15_LI_M2_A10_S3/console.log	1
C_W15_LI_M2_A10_S3_F2	fixed	W15_LI_M2_A10_S3_F2	W15_LI_M2_A10_S3	A10	F2	S3	134326786	769890491	"1:1000000:""gw"""	"1:2000000:"""""	M2	LI	W15	SR_MINUS	15.0	/eos/user/c/cglenn/FCCWork/whizard/whizard_ttbar_spinpol/production/full6f_365gev_ee_ttbar_spinpol_v1/phase11_diagnostics/excess_weight_rootcause_v1/ttbar_restricted_region_suite_v1/regions/20260816T231425Z_U9region_core_W15_S8_np1_v1p0p1/W15/LI/M2/fixed/W15_LI_M2_A10_S3/F2	/eos/user/c/cglenn/FCCWork/whizard/whizard_ttbar_spinpol/production/full6f_365gev_ee_ttbar_spinpol_v1/phase11_diagnostics/excess_weight_rootcause_v1/ttbar_restricted_region_suite_v1/regions/20260816T231425Z_U9region_core_W15_S8_np1_v1p0p1/W15/LI/M2/fixed/W15_LI_M2_A10_S3/F2	/eos/user/c/cglenn/FCCWork/whizard/whizard_ttbar_spinpol/production/full6f_365gev_ee_ttbar_spinpol_v1/phase11_diagnostics/excess_weight_rootcause_v1/ttbar_restricted_region_suite_v1/regions/20260816T231425Z_U9region_core_W15_S8_np1_v1p0p1/fixed/W15_LI_M2_A10_S3/F2	runtime_flat_fallback	PASS	PASS	0	20733e0e17025d2c73f73a666c5b62f92c105ca98114231020130b77f5730d5d	cce7be0950129dbe982e57113d6297e92733c19246ab90ca9bceaf790f43b280	833500e9984fb4d65ba5d4c93551f7ebdc58255d296989459a1dd81fb1694b9f	1	0	1	/eos/user/c/cglenn/FCCWork/whizard/whizard_ttbar_spinpol/production/full6f_365gev_ee_ttbar_spinpol_v1/phase11_diagnostics/excess_weight_rootcause_v1/ttbar_restricted_region_suite_v1/regions/20260816T231425Z_U9region_core_W15_S8_np1_v1p0p1/fixed/W15_LI_M2_A10_S3/F2/console.log	1
P_W15_LI_M2_A10_S4	adaptive	W15_LI_M2_A10_S4		A10		S4	249371675	462903030	"1:1000000:""gw"""		M2	LI	W15	SR_MINUS	15.0	/eos/user/c/cglenn/FCCWork/whizard/whizard_ttbar_spinpol/production/full6f_365gev_ee_ttbar_spinpol_v1/phase11_diagnostics/excess_weight_rootcause_v1/ttbar_restricted_region_suite_v1/regions/20260816T231425Z_U9region_core_W15_S8_np1_v1p0p1/W15/LI/M2/adaptive/W15_LI_M2_A10_S4	/eos/user/c/cglenn/FCCWork/whizard/whizard_ttbar_spinpol/production/full6f_365gev_ee_ttbar_spinpol_v1/phase11_diagnostics/excess_weight_rootcause_v1/ttbar_restricted_region_suite_v1/regions/20260816T231425Z_U9region_core_W15_S8_np1_v1p0p1/W15/LI/M2/adaptive/W15_LI_M2_A10_S4	/eos/user/c/cglenn/FCCWork/whizard/whizard_ttbar_spinpol/production/full6f_365gev_ee_ttbar_spinpol_v1/phase11_diagnostics/excess_weight_rootcause_v1/ttbar_restricted_region_suite_v1/regions/20260816T231425Z_U9region_core_W15_S8_np1_v1p0p1/adaptive/W15_LI_M2_A10_S4	runtime_flat_fallback	PASS	PASS	0	20733e0e17025d2c73f73a666c5b62f92c105ca98114231020130b77f5730d5d	2c95f66dbc0f4f991c06aede2557d7bac4640e54ee25069c04b5246f27fdbb7b		0	1		/eos/user/c/cglenn/FCCWork/whizard/whizard_ttbar_spinpol/production/full6f_365gev_ee_ttbar_spinpol_v1/phase11_diagnostics/excess_weight_rootcause_v1/ttbar_restricted_region_suite_v1/regions/20260816T231425Z_U9region_core_W15_S8_np1_v1p0p1/adaptive/W15_LI_M2_A10_S4/console.log	1
C_W15_LI_M2_A10_S4_F2	fixed	W15_LI_M2_A10_S4_F2	W15_LI_M2_A10_S4	A10	F2	S4	249371675	462903030	"1:1000000:""gw"""	"1:2000000:"""""	M2	LI	W15	SR_MINUS	15.0	/eos/user/c/cglenn/FCCWork/whizard/whizard_ttbar_spinpol/production/full6f_365gev_ee_ttbar_spinpol_v1/phase11_diagnostics/excess_weight_rootcause_v1/ttbar_restricted_region_suite_v1/regions/20260816T231425Z_U9region_core_W15_S8_np1_v1p0p1/W15/LI/M2/fixed/W15_LI_M2_A10_S4/F2	/eos/user/c/cglenn/FCCWork/whizard/whizard_ttbar_spinpol/production/full6f_365gev_ee_ttbar_spinpol_v1/phase11_diagnostics/excess_weight_rootcause_v1/ttbar_restricted_region_suite_v1/regions/20260816T231425Z_U9region_core_W15_S8_np1_v1p0p1/W15/LI/M2/fixed/W15_LI_M2_A10_S4/F2	/eos/user/c/cglenn/FCCWork/whizard/whizard_ttbar_spinpol/production/full6f_365gev_ee_ttbar_spinpol_v1/phase11_diagnostics/excess_weight_rootcause_v1/ttbar_restricted_region_suite_v1/regions/20260816T231425Z_U9region_core_W15_S8_np1_v1p0p1/fixed/W15_LI_M2_A10_S4/F2	runtime_flat_fallback	PASS	PASS	0	20733e0e17025d2c73f73a666c5b62f92c105ca98114231020130b77f5730d5d	9ec42b17aeb37bdec531a80623ff3681e1a49b48f6f4742bc43074cfccc3ddec	2c95f66dbc0f4f991c06aede2557d7bac4640e54ee25069c04b5246f27fdbb7b	1	0	1	/eos/user/c/cglenn/FCCWork/whizard/whizard_ttbar_spinpol/production/full6f_365gev_ee_ttbar_spinpol_v1/phase11_diagnostics/excess_weight_rootcause_v1/ttbar_restricted_region_suite_v1/regions/20260816T231425Z_U9region_core_W15_S8_np1_v1p0p1/fixed/W15_LI_M2_A10_S4/F2/console.log	1
P_W15_LI_M2_A10_S5	adaptive	W15_LI_M2_A10_S5		A10		S5	531087687	197846737	"1:1000000:""gw"""		M2	LI	W15	SR_MINUS	15.0	/eos/user/c/cglenn/FCCWork/whizard/whizard_ttbar_spinpol/production/full6f_365gev_ee_ttbar_spinpol_v1/phase11_diagnostics/excess_weight_rootcause_v1/ttbar_restricted_region_suite_v1/regions/20260816T231425Z_U9region_core_W15_S8_np1_v1p0p1/W15/LI/M2/adaptive/W15_LI_M2_A10_S5	/eos/user/c/cglenn/FCCWork/whizard/whizard_ttbar_spinpol/production/full6f_365gev_ee_ttbar_spinpol_v1/phase11_diagnostics/excess_weight_rootcause_v1/ttbar_restricted_region_suite_v1/regions/20260816T231425Z_U9region_core_W15_S8_np1_v1p0p1/W15/LI/M2/adaptive/W15_LI_M2_A10_S5	/eos/user/c/cglenn/FCCWork/whizard/whizard_ttbar_spinpol/production/full6f_365gev_ee_ttbar_spinpol_v1/phase11_diagnostics/excess_weight_rootcause_v1/ttbar_restricted_region_suite_v1/regions/20260816T231425Z_U9region_core_W15_S8_np1_v1p0p1/adaptive/W15_LI_M2_A10_S5	runtime_flat_fallback	PASS	PASS	0	20733e0e17025d2c73f73a666c5b62f92c105ca98114231020130b77f5730d5d	3f1672f577bdce7336bca152cdf2f4e069a04a50cf23d7f642a8e8c0ac455290		0	1		/eos/user/c/cglenn/FCCWork/whizard/whizard_ttbar_spinpol/production/full6f_365gev_ee_ttbar_spinpol_v1/phase11_diagnostics/excess_weight_rootcause_v1/ttbar_restricted_region_suite_v1/regions/20260816T231425Z_U9region_core_W15_S8_np1_v1p0p1/adaptive/W15_LI_M2_A10_S5/console.log	1
C_W15_LI_M2_A10_S5_F2	fixed	W15_LI_M2_A10_S5_F2	W15_LI_M2_A10_S5	A10	F2	S5	531087687	197846737	"1:1000000:""gw"""	"1:2000000:"""""	M2	LI	W15	SR_MINUS	15.0	/eos/user/c/cglenn/FCCWork/whizard/whizard_ttbar_spinpol/production/full6f_365gev_ee_ttbar_spinpol_v1/phase11_diagnostics/excess_weight_rootcause_v1/ttbar_restricted_region_suite_v1/regions/20260816T231425Z_U9region_core_W15_S8_np1_v1p0p1/W15/LI/M2/fixed/W15_LI_M2_A10_S5/F2	/eos/user/c/cglenn/FCCWork/whizard/whizard_ttbar_spinpol/production/full6f_365gev_ee_ttbar_spinpol_v1/phase11_diagnostics/excess_weight_rootcause_v1/ttbar_restricted_region_suite_v1/regions/20260816T231425Z_U9region_core_W15_S8_np1_v1p0p1/W15/LI/M2/fixed/W15_LI_M2_A10_S5/F2	/eos/user/c/cglenn/FCCWork/whizard/whizard_ttbar_spinpol/production/full6f_365gev_ee_ttbar_spinpol_v1/phase11_diagnostics/excess_weight_rootcause_v1/ttbar_restricted_region_suite_v1/regions/20260816T231425Z_U9region_core_W15_S8_np1_v1p0p1/fixed/W15_LI_M2_A10_S5/F2	runtime_flat_fallback	PASS	PASS	0	20733e0e17025d2c73f73a666c5b62f92c105ca98114231020130b77f5730d5d	6680d16539fb1fcbb69764f875ec00206c921005c9ae257f241cbd1e2855c111	3f1672f577bdce7336bca152cdf2f4e069a04a50cf23d7f642a8e8c0ac455290	1	0	1	/eos/user/c/cglenn/FCCWork/whizard/whizard_ttbar_spinpol/production/full6f_365gev_ee_ttbar_spinpol_v1/phase11_diagnostics/excess_weight_rootcause_v1/ttbar_restricted_region_suite_v1/regions/20260816T231425Z_U9region_core_W15_S8_np1_v1p0p1/fixed/W15_LI_M2_A10_S5/F2/console.log	1
P_W15_LI_M2_A10_S6	adaptive	W15_LI_M2_A10_S6		A10		S6	519963689	958460417	"1:1000000:""gw"""		M2	LI	W15	SR_MINUS	15.0	/eos/user/c/cglenn/FCCWork/whizard/whizard_ttbar_spinpol/production/full6f_365gev_ee_ttbar_spinpol_v1/phase11_diagnostics/excess_weight_rootcause_v1/ttbar_restricted_region_suite_v1/regions/20260816T231425Z_U9region_core_W15_S8_np1_v1p0p1/W15/LI/M2/adaptive/W15_LI_M2_A10_S6	/eos/user/c/cglenn/FCCWork/whizard/whizard_ttbar_spinpol/production/full6f_365gev_ee_ttbar_spinpol_v1/phase11_diagnostics/excess_weight_rootcause_v1/ttbar_restricted_region_suite_v1/regions/20260816T231425Z_U9region_core_W15_S8_np1_v1p0p1/W15/LI/M2/adaptive/W15_LI_M2_A10_S6	/eos/user/c/cglenn/FCCWork/whizard/whizard_ttbar_spinpol/production/full6f_365gev_ee_ttbar_spinpol_v1/phase11_diagnostics/excess_weight_rootcause_v1/ttbar_restricted_region_suite_v1/regions/20260816T231425Z_U9region_core_W15_S8_np1_v1p0p1/adaptive/W15_LI_M2_A10_S6	runtime_flat_fallback	PASS	PASS	0	20733e0e17025d2c73f73a666c5b62f92c105ca98114231020130b77f5730d5d	86ef2f9e41d8d9d140a82bca66cba2734316ae2276fc9b5363653b0b0e1b9d54		0	1		/eos/user/c/cglenn/FCCWork/whizard/whizard_ttbar_spinpol/production/full6f_365gev_ee_ttbar_spinpol_v1/phase11_diagnostics/excess_weight_rootcause_v1/ttbar_restricted_region_suite_v1/regions/20260816T231425Z_U9region_core_W15_S8_np1_v1p0p1/adaptive/W15_LI_M2_A10_S6/console.log	1
C_W15_LI_M2_A10_S6_F2	fixed	W15_LI_M2_A10_S6_F2	W15_LI_M2_A10_S6	A10	F2	S6	519963689	958460417	"1:1000000:""gw"""	"1:2000000:"""""	M2	LI	W15	SR_MINUS	15.0	/eos/user/c/cglenn/FCCWork/whizard/whizard_ttbar_spinpol/production/full6f_365gev_ee_ttbar_spinpol_v1/phase11_diagnostics/excess_weight_rootcause_v1/ttbar_restricted_region_suite_v1/regions/20260816T231425Z_U9region_core_W15_S8_np1_v1p0p1/W15/LI/M2/fixed/W15_LI_M2_A10_S6/F2	/eos/user/c/cglenn/FCCWork/whizard/whizard_ttbar_spinpol/production/full6f_365gev_ee_ttbar_spinpol_v1/phase11_diagnostics/excess_weight_rootcause_v1/ttbar_restricted_region_suite_v1/regions/20260816T231425Z_U9region_core_W15_S8_np1_v1p0p1/W15/LI/M2/fixed/W15_LI_M2_A10_S6/F2	/eos/user/c/cglenn/FCCWork/whizard/whizard_ttbar_spinpol/production/full6f_365gev_ee_ttbar_spinpol_v1/phase11_diagnostics/excess_weight_rootcause_v1/ttbar_restricted_region_suite_v1/regions/20260816T231425Z_U9region_core_W15_S8_np1_v1p0p1/fixed/W15_LI_M2_A10_S6/F2	runtime_flat_fallback	PASS	PASS	0	20733e0e17025d2c73f73a666c5b62f92c105ca98114231020130b77f5730d5d	550cdfcdfd4449370ca85b7ba979c913d39a57ca07a38d0c6daf06fbd860444c	86ef2f9e41d8d9d140a82bca66cba2734316ae2276fc9b5363653b0b0e1b9d54	1	0	1	/eos/user/c/cglenn/FCCWork/whizard/whizard_ttbar_spinpol/production/full6f_365gev_ee_ttbar_spinpol_v1/phase11_diagnostics/excess_weight_rootcause_v1/ttbar_restricted_region_suite_v1/regions/20260816T231425Z_U9region_core_W15_S8_np1_v1p0p1/fixed/W15_LI_M2_A10_S6/F2/console.log	1
P_W15_LI_M2_A10_S7	adaptive	W15_LI_M2_A10_S7		A10		S7	1552803368	239117595	"1:1000000:""gw"""		M2	LI	W15	SR_MINUS	15.0	/eos/user/c/cglenn/FCCWork/whizard/whizard_ttbar_spinpol/production/full6f_365gev_ee_ttbar_spinpol_v1/phase11_diagnostics/excess_weight_rootcause_v1/ttbar_restricted_region_suite_v1/regions/20260816T231425Z_U9region_core_W15_S8_np1_v1p0p1/W15/LI/M2/adaptive/W15_LI_M2_A10_S7	/eos/user/c/cglenn/FCCWork/whizard/whizard_ttbar_spinpol/production/full6f_365gev_ee_ttbar_spinpol_v1/phase11_diagnostics/excess_weight_rootcause_v1/ttbar_restricted_region_suite_v1/regions/20260816T231425Z_U9region_core_W15_S8_np1_v1p0p1/W15/LI/M2/adaptive/W15_LI_M2_A10_S7	/eos/user/c/cglenn/FCCWork/whizard/whizard_ttbar_spinpol/production/full6f_365gev_ee_ttbar_spinpol_v1/phase11_diagnostics/excess_weight_rootcause_v1/ttbar_restricted_region_suite_v1/regions/20260816T231425Z_U9region_core_W15_S8_np1_v1p0p1/adaptive/W15_LI_M2_A10_S7	runtime_flat_fallback	PASS	PASS	0	20733e0e17025d2c73f73a666c5b62f92c105ca98114231020130b77f5730d5d	1ef9803cea47a685e18aa2cf4d92de009f0791ab8396d2e9ef57f2f59d9e0e1e		0	1		/eos/user/c/cglenn/FCCWork/whizard/whizard_ttbar_spinpol/production/full6f_365gev_ee_ttbar_spinpol_v1/phase11_diagnostics/excess_weight_rootcause_v1/ttbar_restricted_region_suite_v1/regions/20260816T231425Z_U9region_core_W15_S8_np1_v1p0p1/adaptive/W15_LI_M2_A10_S7/console.log	1
C_W15_LI_M2_A10_S7_F2	fixed	W15_LI_M2_A10_S7_F2	W15_LI_M2_A10_S7	A10	F2	S7	1552803368	239117595	"1:1000000:""gw"""	"1:2000000:"""""	M2	LI	W15	SR_MINUS	15.0	/eos/user/c/cglenn/FCCWork/whizard/whizard_ttbar_spinpol/production/full6f_365gev_ee_ttbar_spinpol_v1/phase11_diagnostics/excess_weight_rootcause_v1/ttbar_restricted_region_suite_v1/regions/20260816T231425Z_U9region_core_W15_S8_np1_v1p0p1/W15/LI/M2/fixed/W15_LI_M2_A10_S7/F2	/eos/user/c/cglenn/FCCWork/whizard/whizard_ttbar_spinpol/production/full6f_365gev_ee_ttbar_spinpol_v1/phase11_diagnostics/excess_weight_rootcause_v1/ttbar_restricted_region_suite_v1/regions/20260816T231425Z_U9region_core_W15_S8_np1_v1p0p1/W15/LI/M2/fixed/W15_LI_M2_A10_S7/F2	/eos/user/c/cglenn/FCCWork/whizard/whizard_ttbar_spinpol/production/full6f_365gev_ee_ttbar_spinpol_v1/phase11_diagnostics/excess_weight_rootcause_v1/ttbar_restricted_region_suite_v1/regions/20260816T231425Z_U9region_core_W15_S8_np1_v1p0p1/fixed/W15_LI_M2_A10_S7/F2	runtime_flat_fallback	PASS	PASS	0	20733e0e17025d2c73f73a666c5b62f92c105ca98114231020130b77f5730d5d	39949885a269bc1aecb46a3407f98e97a76a174712fd054c9acf2726067f07d6	1ef9803cea47a685e18aa2cf4d92de009f0791ab8396d2e9ef57f2f59d9e0e1e	1	0	1	/eos/user/c/cglenn/FCCWork/whizard/whizard_ttbar_spinpol/production/full6f_365gev_ee_ttbar_spinpol_v1/phase11_diagnostics/excess_weight_rootcause_v1/ttbar_restricted_region_suite_v1/regions/20260816T231425Z_U9region_core_W15_S8_np1_v1p0p1/fixed/W15_LI_M2_A10_S7/F2/console.log	1
P_W15_LH_M0_A00_S0	adaptive	W15_LH_M0_A00_S0		A00		S0	1740114216	648318690	"5:50000:""gw"""		M0	LH	W15	NR	15.0	/eos/user/c/cglenn/FCCWork/whizard/whizard_ttbar_spinpol/production/full6f_365gev_ee_ttbar_spinpol_v1/phase11_diagnostics/excess_weight_rootcause_v1/ttbar_restricted_region_suite_v1/regions/20260816T231425Z_U9region_core_W15_S8_np1_v1p0p1/W15/LH/M0/adaptive/W15_LH_M0_A00_S0	/eos/user/c/cglenn/FCCWork/whizard/whizard_ttbar_spinpol/production/full6f_365gev_ee_ttbar_spinpol_v1/phase11_diagnostics/excess_weight_rootcause_v1/ttbar_restricted_region_suite_v1/regions/20260816T231425Z_U9region_core_W15_S8_np1_v1p0p1/W15/LH/M0/adaptive/W15_LH_M0_A00_S0	/eos/user/c/cglenn/FCCWork/whizard/whizard_ttbar_spinpol/production/full6f_365gev_ee_ttbar_spinpol_v1/phase11_diagnostics/excess_weight_rootcause_v1/ttbar_restricted_region_suite_v1/regions/20260816T231425Z_U9region_core_W15_S8_np1_v1p0p1/adaptive/W15_LH_M0_A00_S0	runtime_flat_fallback	PASS	PASS	0	20733e0e17025d2c73f73a666c5b62f92c105ca98114231020130b77f5730d5d	09090b1439894cc210ffbdd01fcd4e8087c8c1569668681a6c85ab822128de4b		0	1		/eos/user/c/cglenn/FCCWork/whizard/whizard_ttbar_spinpol/production/full6f_365gev_ee_ttbar_spinpol_v1/phase11_diagnostics/excess_weight_rootcause_v1/ttbar_restricted_region_suite_v1/regions/20260816T231425Z_U9region_core_W15_S8_np1_v1p0p1/adaptive/W15_LH_M0_A00_S0/console.log	1
C_W15_LH_M0_A00_S0_F0	fixed	W15_LH_M0_A00_S0_F0	W15_LH_M0_A00_S0	A00	F0	S0	1740114216	648318690	"5:50000:""gw"""	"3:200000:"""""	M0	LH	W15	NR	15.0	/eos/user/c/cglenn/FCCWork/whizard/whizard_ttbar_spinpol/production/full6f_365gev_ee_ttbar_spinpol_v1/phase11_diagnostics/excess_weight_rootcause_v1/ttbar_restricted_region_suite_v1/regions/20260816T231425Z_U9region_core_W15_S8_np1_v1p0p1/W15/LH/M0/fixed/W15_LH_M0_A00_S0/F0	/eos/user/c/cglenn/FCCWork/whizard/whizard_ttbar_spinpol/production/full6f_365gev_ee_ttbar_spinpol_v1/phase11_diagnostics/excess_weight_rootcause_v1/ttbar_restricted_region_suite_v1/regions/20260816T231425Z_U9region_core_W15_S8_np1_v1p0p1/W15/LH/M0/fixed/W15_LH_M0_A00_S0/F0	/eos/user/c/cglenn/FCCWork/whizard/whizard_ttbar_spinpol/production/full6f_365gev_ee_ttbar_spinpol_v1/phase11_diagnostics/excess_weight_rootcause_v1/ttbar_restricted_region_suite_v1/regions/20260816T231425Z_U9region_core_W15_S8_np1_v1p0p1/fixed/W15_LH_M0_A00_S0/F0	runtime_flat_fallback	PASS	PASS	0	20733e0e17025d2c73f73a666c5b62f92c105ca98114231020130b77f5730d5d	a432579de11699544bf3b54ab31e4e89dcfeeb82d254e40a4c6e07a78aba9309	09090b1439894cc210ffbdd01fcd4e8087c8c1569668681a6c85ab822128de4b	1	0	1	/eos/user/c/cglenn/FCCWork/whizard/whizard_ttbar_spinpol/production/full6f_365gev_ee_ttbar_spinpol_v1/phase11_diagnostics/excess_weight_rootcause_v1/ttbar_restricted_region_suite_v1/regions/20260816T231425Z_U9region_core_W15_S8_np1_v1p0p1/fixed/W15_LH_M0_A00_S0/F0/console.log	1
P_W15_LH_M0_A00_S1	adaptive	W15_LH_M0_A00_S1		A00		S1	1751949026	1404282457	"5:50000:""gw"""		M0	LH	W15	NR	15.0	/eos/user/c/cglenn/FCCWork/whizard/whizard_ttbar_spinpol/production/full6f_365gev_ee_ttbar_spinpol_v1/phase11_diagnostics/excess_weight_rootcause_v1/ttbar_restricted_region_suite_v1/regions/20260816T231425Z_U9region_core_W15_S8_np1_v1p0p1/W15/LH/M0/adaptive/W15_LH_M0_A00_S1	/eos/user/c/cglenn/FCCWork/whizard/whizard_ttbar_spinpol/production/full6f_365gev_ee_ttbar_spinpol_v1/phase11_diagnostics/excess_weight_rootcause_v1/ttbar_restricted_region_suite_v1/regions/20260816T231425Z_U9region_core_W15_S8_np1_v1p0p1/W15/LH/M0/adaptive/W15_LH_M0_A00_S1	/eos/user/c/cglenn/FCCWork/whizard/whizard_ttbar_spinpol/production/full6f_365gev_ee_ttbar_spinpol_v1/phase11_diagnostics/excess_weight_rootcause_v1/ttbar_restricted_region_suite_v1/regions/20260816T231425Z_U9region_core_W15_S8_np1_v1p0p1/adaptive/W15_LH_M0_A00_S1	runtime_flat_fallback	PASS	PASS	0	20733e0e17025d2c73f73a666c5b62f92c105ca98114231020130b77f5730d5d	56970d9264da670ffc3acb1c1b88c24e91dff688dddeda06280d450143405fc0		0	1		/eos/user/c/cglenn/FCCWork/whizard/whizard_ttbar_spinpol/production/full6f_365gev_ee_ttbar_spinpol_v1/phase11_diagnostics/excess_weight_rootcause_v1/ttbar_restricted_region_suite_v1/regions/20260816T231425Z_U9region_core_W15_S8_np1_v1p0p1/adaptive/W15_LH_M0_A00_S1/console.log	1
C_W15_LH_M0_A00_S1_F0	fixed	W15_LH_M0_A00_S1_F0	W15_LH_M0_A00_S1	A00	F0	S1	1751949026	1404282457	"5:50000:""gw"""	"3:200000:"""""	M0	LH	W15	NR	15.0	/eos/user/c/cglenn/FCCWork/whizard/whizard_ttbar_spinpol/production/full6f_365gev_ee_ttbar_spinpol_v1/phase11_diagnostics/excess_weight_rootcause_v1/ttbar_restricted_region_suite_v1/regions/20260816T231425Z_U9region_core_W15_S8_np1_v1p0p1/W15/LH/M0/fixed/W15_LH_M0_A00_S1/F0	/eos/user/c/cglenn/FCCWork/whizard/whizard_ttbar_spinpol/production/full6f_365gev_ee_ttbar_spinpol_v1/phase11_diagnostics/excess_weight_rootcause_v1/ttbar_restricted_region_suite_v1/regions/20260816T231425Z_U9region_core_W15_S8_np1_v1p0p1/W15/LH/M0/fixed/W15_LH_M0_A00_S1/F0	/eos/user/c/cglenn/FCCWork/whizard/whizard_ttbar_spinpol/production/full6f_365gev_ee_ttbar_spinpol_v1/phase11_diagnostics/excess_weight_rootcause_v1/ttbar_restricted_region_suite_v1/regions/20260816T231425Z_U9region_core_W15_S8_np1_v1p0p1/fixed/W15_LH_M0_A00_S1/F0	runtime_flat_fallback	PASS	PASS	0	20733e0e17025d2c73f73a666c5b62f92c105ca98114231020130b77f5730d5d	36d4101ee2477a3aafc86775da6bba832dbb674ae42a4078857a8541d23c6841	56970d9264da670ffc3acb1c1b88c24e91dff688dddeda06280d450143405fc0	1	0	1	/eos/user/c/cglenn/FCCWork/whizard/whizard_ttbar_spinpol/production/full6f_365gev_ee_ttbar_spinpol_v1/phase11_diagnostics/excess_weight_rootcause_v1/ttbar_restricted_region_suite_v1/regions/20260816T231425Z_U9region_core_W15_S8_np1_v1p0p1/fixed/W15_LH_M0_A00_S1/F0/console.log	1
P_W15_LH_M0_A00_S2	adaptive	W15_LH_M0_A00_S2		A00		S2	1885084773	1596606550	"5:50000:""gw"""		M0	LH	W15	NR	15.0	/eos/user/c/cglenn/FCCWork/whizard/whizard_ttbar_spinpol/production/full6f_365gev_ee_ttbar_spinpol_v1/phase11_diagnostics/excess_weight_rootcause_v1/ttbar_restricted_region_suite_v1/regions/20260816T231425Z_U9region_core_W15_S8_np1_v1p0p1/W15/LH/M0/adaptive/W15_LH_M0_A00_S2	/eos/user/c/cglenn/FCCWork/whizard/whizard_ttbar_spinpol/production/full6f_365gev_ee_ttbar_spinpol_v1/phase11_diagnostics/excess_weight_rootcause_v1/ttbar_restricted_region_suite_v1/regions/20260816T231425Z_U9region_core_W15_S8_np1_v1p0p1/W15/LH/M0/adaptive/W15_LH_M0_A00_S2	/eos/user/c/cglenn/FCCWork/whizard/whizard_ttbar_spinpol/production/full6f_365gev_ee_ttbar_spinpol_v1/phase11_diagnostics/excess_weight_rootcause_v1/ttbar_restricted_region_suite_v1/regions/20260816T231425Z_U9region_core_W15_S8_np1_v1p0p1/adaptive/W15_LH_M0_A00_S2	runtime_flat_fallback	PASS	PASS	0	20733e0e17025d2c73f73a666c5b62f92c105ca98114231020130b77f5730d5d	8558e51ef9ce5ddcbaf9cf6fafea476e5b24db18389565b220bba9ebd672f7fb		0	1		/eos/user/c/cglenn/FCCWork/whizard/whizard_ttbar_spinpol/production/full6f_365gev_ee_ttbar_spinpol_v1/phase11_diagnostics/excess_weight_rootcause_v1/ttbar_restricted_region_suite_v1/regions/20260816T231425Z_U9region_core_W15_S8_np1_v1p0p1/adaptive/W15_LH_M0_A00_S2/console.log	1
C_W15_LH_M0_A00_S2_F0	fixed	W15_LH_M0_A00_S2_F0	W15_LH_M0_A00_S2	A00	F0	S2	1885084773	1596606550	"5:50000:""gw"""	"3:200000:"""""	M0	LH	W15	NR	15.0	/eos/user/c/cglenn/FCCWork/whizard/whizard_ttbar_spinpol/production/full6f_365gev_ee_ttbar_spinpol_v1/phase11_diagnostics/excess_weight_rootcause_v1/ttbar_restricted_region_suite_v1/regions/20260816T231425Z_U9region_core_W15_S8_np1_v1p0p1/W15/LH/M0/fixed/W15_LH_M0_A00_S2/F0	/eos/user/c/cglenn/FCCWork/whizard/whizard_ttbar_spinpol/production/full6f_365gev_ee_ttbar_spinpol_v1/phase11_diagnostics/excess_weight_rootcause_v1/ttbar_restricted_region_suite_v1/regions/20260816T231425Z_U9region_core_W15_S8_np1_v1p0p1/W15/LH/M0/fixed/W15_LH_M0_A00_S2/F0	/eos/user/c/cglenn/FCCWork/whizard/whizard_ttbar_spinpol/production/full6f_365gev_ee_ttbar_spinpol_v1/phase11_diagnostics/excess_weight_rootcause_v1/ttbar_restricted_region_suite_v1/regions/20260816T231425Z_U9region_core_W15_S8_np1_v1p0p1/fixed/W15_LH_M0_A00_S2/F0	runtime_flat_fallback	PASS	PASS	0	20733e0e17025d2c73f73a666c5b62f92c105ca98114231020130b77f5730d5d	21d5030fb892ad1668a74dd38b43caab34eff06b70676f2b9d7bceb1bb0d217f	8558e51ef9ce5ddcbaf9cf6fafea476e5b24db18389565b220bba9ebd672f7fb	1	0	1	/eos/user/c/cglenn/FCCWork/whizard/whizard_ttbar_spinpol/production/full6f_365gev_ee_ttbar_spinpol_v1/phase11_diagnostics/excess_weight_rootcause_v1/ttbar_restricted_region_suite_v1/regions/20260816T231425Z_U9region_core_W15_S8_np1_v1p0p1/fixed/W15_LH_M0_A00_S2/F0/console.log	1
P_W15_LH_M0_A00_S3	adaptive	W15_LH_M0_A00_S3		A00		S3	134326786	769890491	"5:50000:""gw"""		M0	LH	W15	NR	15.0	/eos/user/c/cglenn/FCCWork/whizard/whizard_ttbar_spinpol/production/full6f_365gev_ee_ttbar_spinpol_v1/phase11_diagnostics/excess_weight_rootcause_v1/ttbar_restricted_region_suite_v1/regions/20260816T231425Z_U9region_core_W15_S8_np1_v1p0p1/W15/LH/M0/adaptive/W15_LH_M0_A00_S3	/eos/user/c/cglenn/FCCWork/whizard/whizard_ttbar_spinpol/production/full6f_365gev_ee_ttbar_spinpol_v1/phase11_diagnostics/excess_weight_rootcause_v1/ttbar_restricted_region_suite_v1/regions/20260816T231425Z_U9region_core_W15_S8_np1_v1p0p1/W15/LH/M0/adaptive/W15_LH_M0_A00_S3	/eos/user/c/cglenn/FCCWork/whizard/whizard_ttbar_spinpol/production/full6f_365gev_ee_ttbar_spinpol_v1/phase11_diagnostics/excess_weight_rootcause_v1/ttbar_restricted_region_suite_v1/regions/20260816T231425Z_U9region_core_W15_S8_np1_v1p0p1/adaptive/W15_LH_M0_A00_S3	runtime_flat_fallback	PASS	PASS	0	20733e0e17025d2c73f73a666c5b62f92c105ca98114231020130b77f5730d5d	c5e0b6da80b62f33e705c522b5c4a05b71b14d538315f8ff1a5e06065eebce5e		0	1		/eos/user/c/cglenn/FCCWork/whizard/whizard_ttbar_spinpol/production/full6f_365gev_ee_ttbar_spinpol_v1/phase11_diagnostics/excess_weight_rootcause_v1/ttbar_restricted_region_suite_v1/regions/20260816T231425Z_U9region_core_W15_S8_np1_v1p0p1/adaptive/W15_LH_M0_A00_S3/console.log	1
C_W15_LH_M0_A00_S3_F0	fixed	W15_LH_M0_A00_S3_F0	W15_LH_M0_A00_S3	A00	F0	S3	134326786	769890491	"5:50000:""gw"""	"3:200000:"""""	M0	LH	W15	NR	15.0	/eos/user/c/cglenn/FCCWork/whizard/whizard_ttbar_spinpol/production/full6f_365gev_ee_ttbar_spinpol_v1/phase11_diagnostics/excess_weight_rootcause_v1/ttbar_restricted_region_suite_v1/regions/20260816T231425Z_U9region_core_W15_S8_np1_v1p0p1/W15/LH/M0/fixed/W15_LH_M0_A00_S3/F0	/eos/user/c/cglenn/FCCWork/whizard/whizard_ttbar_spinpol/production/full6f_365gev_ee_ttbar_spinpol_v1/phase11_diagnostics/excess_weight_rootcause_v1/ttbar_restricted_region_suite_v1/regions/20260816T231425Z_U9region_core_W15_S8_np1_v1p0p1/W15/LH/M0/fixed/W15_LH_M0_A00_S3/F0	/eos/user/c/cglenn/FCCWork/whizard/whizard_ttbar_spinpol/production/full6f_365gev_ee_ttbar_spinpol_v1/phase11_diagnostics/excess_weight_rootcause_v1/ttbar_restricted_region_suite_v1/regions/20260816T231425Z_U9region_core_W15_S8_np1_v1p0p1/fixed/W15_LH_M0_A00_S3/F0	runtime_flat_fallback	PASS	PASS	0	20733e0e17025d2c73f73a666c5b62f92c105ca98114231020130b77f5730d5d	fc57e01208bb26e0434bda97546292bcc960b3b18019d6b9e0f46f50df5a3551	c5e0b6da80b62f33e705c522b5c4a05b71b14d538315f8ff1a5e06065eebce5e	1	0	1	/eos/user/c/cglenn/FCCWork/whizard/whizard_ttbar_spinpol/production/full6f_365gev_ee_ttbar_spinpol_v1/phase11_diagnostics/excess_weight_rootcause_v1/ttbar_restricted_region_suite_v1/regions/20260816T231425Z_U9region_core_W15_S8_np1_v1p0p1/fixed/W15_LH_M0_A00_S3/F0/console.log	1
P_W15_LH_M0_A00_S4	adaptive	W15_LH_M0_A00_S4		A00		S4	249371675	462903030	"5:50000:""gw"""		M0	LH	W15	NR	15.0	/eos/user/c/cglenn/FCCWork/whizard/whizard_ttbar_spinpol/production/full6f_365gev_ee_ttbar_spinpol_v1/phase11_diagnostics/excess_weight_rootcause_v1/ttbar_restricted_region_suite_v1/regions/20260816T231425Z_U9region_core_W15_S8_np1_v1p0p1/W15/LH/M0/adaptive/W15_LH_M0_A00_S4	/eos/user/c/cglenn/FCCWork/whizard/whizard_ttbar_spinpol/production/full6f_365gev_ee_ttbar_spinpol_v1/phase11_diagnostics/excess_weight_rootcause_v1/ttbar_restricted_region_suite_v1/regions/20260816T231425Z_U9region_core_W15_S8_np1_v1p0p1/W15/LH/M0/adaptive/W15_LH_M0_A00_S4	/eos/user/c/cglenn/FCCWork/whizard/whizard_ttbar_spinpol/production/full6f_365gev_ee_ttbar_spinpol_v1/phase11_diagnostics/excess_weight_rootcause_v1/ttbar_restricted_region_suite_v1/regions/20260816T231425Z_U9region_core_W15_S8_np1_v1p0p1/adaptive/W15_LH_M0_A00_S4	runtime_flat_fallback	PASS	PASS	0	20733e0e17025d2c73f73a666c5b62f92c105ca98114231020130b77f5730d5d	da11ec9174568e83d22ebca27addc5b74f8386ae30d78304a1033361aa1a79a6		0	1		/eos/user/c/cglenn/FCCWork/whizard/whizard_ttbar_spinpol/production/full6f_365gev_ee_ttbar_spinpol_v1/phase11_diagnostics/excess_weight_rootcause_v1/ttbar_restricted_region_suite_v1/regions/20260816T231425Z_U9region_core_W15_S8_np1_v1p0p1/adaptive/W15_LH_M0_A00_S4/console.log	1
C_W15_LH_M0_A00_S4_F0	fixed	W15_LH_M0_A00_S4_F0	W15_LH_M0_A00_S4	A00	F0	S4	249371675	462903030	"5:50000:""gw"""	"3:200000:"""""	M0	LH	W15	NR	15.0	/eos/user/c/cglenn/FCCWork/whizard/whizard_ttbar_spinpol/production/full6f_365gev_ee_ttbar_spinpol_v1/phase11_diagnostics/excess_weight_rootcause_v1/ttbar_restricted_region_suite_v1/regions/20260816T231425Z_U9region_core_W15_S8_np1_v1p0p1/W15/LH/M0/fixed/W15_LH_M0_A00_S4/F0	/eos/user/c/cglenn/FCCWork/whizard/whizard_ttbar_spinpol/production/full6f_365gev_ee_ttbar_spinpol_v1/phase11_diagnostics/excess_weight_rootcause_v1/ttbar_restricted_region_suite_v1/regions/20260816T231425Z_U9region_core_W15_S8_np1_v1p0p1/W15/LH/M0/fixed/W15_LH_M0_A00_S4/F0	/eos/user/c/cglenn/FCCWork/whizard/whizard_ttbar_spinpol/production/full6f_365gev_ee_ttbar_spinpol_v1/phase11_diagnostics/excess_weight_rootcause_v1/ttbar_restricted_region_suite_v1/regions/20260816T231425Z_U9region_core_W15_S8_np1_v1p0p1/fixed/W15_LH_M0_A00_S4/F0	runtime_flat_fallback	PASS	PASS	0	20733e0e17025d2c73f73a666c5b62f92c105ca98114231020130b77f5730d5d	594db47829f18c6f5df0bd90272ce722b0cecb16676bc232dd1619223fc280f8	da11ec9174568e83d22ebca27addc5b74f8386ae30d78304a1033361aa1a79a6	1	0	1	/eos/user/c/cglenn/FCCWork/whizard/whizard_ttbar_spinpol/production/full6f_365gev_ee_ttbar_spinpol_v1/phase11_diagnostics/excess_weight_rootcause_v1/ttbar_restricted_region_suite_v1/regions/20260816T231425Z_U9region_core_W15_S8_np1_v1p0p1/fixed/W15_LH_M0_A00_S4/F0/console.log	1
P_W15_LH_M0_A00_S5	adaptive	W15_LH_M0_A00_S5		A00		S5	531087687	197846737	"5:50000:""gw"""		M0	LH	W15	NR	15.0	/eos/user/c/cglenn/FCCWork/whizard/whizard_ttbar_spinpol/production/full6f_365gev_ee_ttbar_spinpol_v1/phase11_diagnostics/excess_weight_rootcause_v1/ttbar_restricted_region_suite_v1/regions/20260816T231425Z_U9region_core_W15_S8_np1_v1p0p1/W15/LH/M0/adaptive/W15_LH_M0_A00_S5	/eos/user/c/cglenn/FCCWork/whizard/whizard_ttbar_spinpol/production/full6f_365gev_ee_ttbar_spinpol_v1/phase11_diagnostics/excess_weight_rootcause_v1/ttbar_restricted_region_suite_v1/regions/20260816T231425Z_U9region_core_W15_S8_np1_v1p0p1/W15/LH/M0/adaptive/W15_LH_M0_A00_S5	/eos/user/c/cglenn/FCCWork/whizard/whizard_ttbar_spinpol/production/full6f_365gev_ee_ttbar_spinpol_v1/phase11_diagnostics/excess_weight_rootcause_v1/ttbar_restricted_region_suite_v1/regions/20260816T231425Z_U9region_core_W15_S8_np1_v1p0p1/adaptive/W15_LH_M0_A00_S5	runtime_flat_fallback	PASS	PASS	0	20733e0e17025d2c73f73a666c5b62f92c105ca98114231020130b77f5730d5d	8b7d75eb1cf370c96c95059e73a9f86af5ba7e68b12db45351b1378c819cb0a6		0	1		/eos/user/c/cglenn/FCCWork/whizard/whizard_ttbar_spinpol/production/full6f_365gev_ee_ttbar_spinpol_v1/phase11_diagnostics/excess_weight_rootcause_v1/ttbar_restricted_region_suite_v1/regions/20260816T231425Z_U9region_core_W15_S8_np1_v1p0p1/adaptive/W15_LH_M0_A00_S5/console.log	1
C_W15_LH_M0_A00_S5_F0	fixed	W15_LH_M0_A00_S5_F0	W15_LH_M0_A00_S5	A00	F0	S5	531087687	197846737	"5:50000:""gw"""	"3:200000:"""""	M0	LH	W15	NR	15.0	/eos/user/c/cglenn/FCCWork/whizard/whizard_ttbar_spinpol/production/full6f_365gev_ee_ttbar_spinpol_v1/phase11_diagnostics/excess_weight_rootcause_v1/ttbar_restricted_region_suite_v1/regions/20260816T231425Z_U9region_core_W15_S8_np1_v1p0p1/W15/LH/M0/fixed/W15_LH_M0_A00_S5/F0	/eos/user/c/cglenn/FCCWork/whizard/whizard_ttbar_spinpol/production/full6f_365gev_ee_ttbar_spinpol_v1/phase11_diagnostics/excess_weight_rootcause_v1/ttbar_restricted_region_suite_v1/regions/20260816T231425Z_U9region_core_W15_S8_np1_v1p0p1/W15/LH/M0/fixed/W15_LH_M0_A00_S5/F0	/eos/user/c/cglenn/FCCWork/whizard/whizard_ttbar_spinpol/production/full6f_365gev_ee_ttbar_spinpol_v1/phase11_diagnostics/excess_weight_rootcause_v1/ttbar_restricted_region_suite_v1/regions/20260816T231425Z_U9region_core_W15_S8_np1_v1p0p1/fixed/W15_LH_M0_A00_S5/F0	runtime_flat_fallback	PASS	PASS	0	20733e0e17025d2c73f73a666c5b62f92c105ca98114231020130b77f5730d5d	e840c272f1ed6cc06d7434ab2fa8bdb15b419f8715df76a19b5d87a384e9a9f8	8b7d75eb1cf370c96c95059e73a9f86af5ba7e68b12db45351b1378c819cb0a6	1	0	1	/eos/user/c/cglenn/FCCWork/whizard/whizard_ttbar_spinpol/production/full6f_365gev_ee_ttbar_spinpol_v1/phase11_diagnostics/excess_weight_rootcause_v1/ttbar_restricted_region_suite_v1/regions/20260816T231425Z_U9region_core_W15_S8_np1_v1p0p1/fixed/W15_LH_M0_A00_S5/F0/console.log	1
P_W15_LH_M0_A00_S6	adaptive	W15_LH_M0_A00_S6		A00		S6	519963689	958460417	"5:50000:""gw"""		M0	LH	W15	NR	15.0	/eos/user/c/cglenn/FCCWork/whizard/whizard_ttbar_spinpol/production/full6f_365gev_ee_ttbar_spinpol_v1/phase11_diagnostics/excess_weight_rootcause_v1/ttbar_restricted_region_suite_v1/regions/20260816T231425Z_U9region_core_W15_S8_np1_v1p0p1/W15/LH/M0/adaptive/W15_LH_M0_A00_S6	/eos/user/c/cglenn/FCCWork/whizard/whizard_ttbar_spinpol/production/full6f_365gev_ee_ttbar_spinpol_v1/phase11_diagnostics/excess_weight_rootcause_v1/ttbar_restricted_region_suite_v1/regions/20260816T231425Z_U9region_core_W15_S8_np1_v1p0p1/W15/LH/M0/adaptive/W15_LH_M0_A00_S6	/eos/user/c/cglenn/FCCWork/whizard/whizard_ttbar_spinpol/production/full6f_365gev_ee_ttbar_spinpol_v1/phase11_diagnostics/excess_weight_rootcause_v1/ttbar_restricted_region_suite_v1/regions/20260816T231425Z_U9region_core_W15_S8_np1_v1p0p1/adaptive/W15_LH_M0_A00_S6	runtime_flat_fallback	PASS	PASS	0	20733e0e17025d2c73f73a666c5b62f92c105ca98114231020130b77f5730d5d	a4fcdd6fca5c92b9cee4cec6f105a9d26dd9acbaa47960ff9b31b7c279b9ce09		0	1		/eos/user/c/cglenn/FCCWork/whizard/whizard_ttbar_spinpol/production/full6f_365gev_ee_ttbar_spinpol_v1/phase11_diagnostics/excess_weight_rootcause_v1/ttbar_restricted_region_suite_v1/regions/20260816T231425Z_U9region_core_W15_S8_np1_v1p0p1/adaptive/W15_LH_M0_A00_S6/console.log	1
C_W15_LH_M0_A00_S6_F0	fixed	W15_LH_M0_A00_S6_F0	W15_LH_M0_A00_S6	A00	F0	S6	519963689	958460417	"5:50000:""gw"""	"3:200000:"""""	M0	LH	W15	NR	15.0	/eos/user/c/cglenn/FCCWork/whizard/whizard_ttbar_spinpol/production/full6f_365gev_ee_ttbar_spinpol_v1/phase11_diagnostics/excess_weight_rootcause_v1/ttbar_restricted_region_suite_v1/regions/20260816T231425Z_U9region_core_W15_S8_np1_v1p0p1/W15/LH/M0/fixed/W15_LH_M0_A00_S6/F0	/eos/user/c/cglenn/FCCWork/whizard/whizard_ttbar_spinpol/production/full6f_365gev_ee_ttbar_spinpol_v1/phase11_diagnostics/excess_weight_rootcause_v1/ttbar_restricted_region_suite_v1/regions/20260816T231425Z_U9region_core_W15_S8_np1_v1p0p1/W15/LH/M0/fixed/W15_LH_M0_A00_S6/F0	/eos/user/c/cglenn/FCCWork/whizard/whizard_ttbar_spinpol/production/full6f_365gev_ee_ttbar_spinpol_v1/phase11_diagnostics/excess_weight_rootcause_v1/ttbar_restricted_region_suite_v1/regions/20260816T231425Z_U9region_core_W15_S8_np1_v1p0p1/fixed/W15_LH_M0_A00_S6/F0	runtime_flat_fallback	PASS	PASS	0	20733e0e17025d2c73f73a666c5b62f92c105ca98114231020130b77f5730d5d	788d3f34c6e261bf87362ad711b1140a1fedff1d1aded0636bae2b98663dd0ae	a4fcdd6fca5c92b9cee4cec6f105a9d26dd9acbaa47960ff9b31b7c279b9ce09	1	0	1	/eos/user/c/cglenn/FCCWork/whizard/whizard_ttbar_spinpol/production/full6f_365gev_ee_ttbar_spinpol_v1/phase11_diagnostics/excess_weight_rootcause_v1/ttbar_restricted_region_suite_v1/regions/20260816T231425Z_U9region_core_W15_S8_np1_v1p0p1/fixed/W15_LH_M0_A00_S6/F0/console.log	1
P_W15_LH_M0_A00_S7	adaptive	W15_LH_M0_A00_S7		A00		S7	1552803368	239117595	"5:50000:""gw"""		M0	LH	W15	NR	15.0	/eos/user/c/cglenn/FCCWork/whizard/whizard_ttbar_spinpol/production/full6f_365gev_ee_ttbar_spinpol_v1/phase11_diagnostics/excess_weight_rootcause_v1/ttbar_restricted_region_suite_v1/regions/20260816T231425Z_U9region_core_W15_S8_np1_v1p0p1/W15/LH/M0/adaptive/W15_LH_M0_A00_S7	/eos/user/c/cglenn/FCCWork/whizard/whizard_ttbar_spinpol/production/full6f_365gev_ee_ttbar_spinpol_v1/phase11_diagnostics/excess_weight_rootcause_v1/ttbar_restricted_region_suite_v1/regions/20260816T231425Z_U9region_core_W15_S8_np1_v1p0p1/W15/LH/M0/adaptive/W15_LH_M0_A00_S7	/eos/user/c/cglenn/FCCWork/whizard/whizard_ttbar_spinpol/production/full6f_365gev_ee_ttbar_spinpol_v1/phase11_diagnostics/excess_weight_rootcause_v1/ttbar_restricted_region_suite_v1/regions/20260816T231425Z_U9region_core_W15_S8_np1_v1p0p1/adaptive/W15_LH_M0_A00_S7	runtime_flat_fallback	PASS	PASS	0	20733e0e17025d2c73f73a666c5b62f92c105ca98114231020130b77f5730d5d	7f333ad6c5b536647bda1bf133ef32966498768fdb9aba9f98fa9e93fe235d89		0	1		/eos/user/c/cglenn/FCCWork/whizard/whizard_ttbar_spinpol/production/full6f_365gev_ee_ttbar_spinpol_v1/phase11_diagnostics/excess_weight_rootcause_v1/ttbar_restricted_region_suite_v1/regions/20260816T231425Z_U9region_core_W15_S8_np1_v1p0p1/adaptive/W15_LH_M0_A00_S7/console.log	1
C_W15_LH_M0_A00_S7_F0	fixed	W15_LH_M0_A00_S7_F0	W15_LH_M0_A00_S7	A00	F0	S7	1552803368	239117595	"5:50000:""gw"""	"3:200000:"""""	M0	LH	W15	NR	15.0	/eos/user/c/cglenn/FCCWork/whizard/whizard_ttbar_spinpol/production/full6f_365gev_ee_ttbar_spinpol_v1/phase11_diagnostics/excess_weight_rootcause_v1/ttbar_restricted_region_suite_v1/regions/20260816T231425Z_U9region_core_W15_S8_np1_v1p0p1/W15/LH/M0/fixed/W15_LH_M0_A00_S7/F0	/eos/user/c/cglenn/FCCWork/whizard/whizard_ttbar_spinpol/production/full6f_365gev_ee_ttbar_spinpol_v1/phase11_diagnostics/excess_weight_rootcause_v1/ttbar_restricted_region_suite_v1/regions/20260816T231425Z_U9region_core_W15_S8_np1_v1p0p1/W15/LH/M0/fixed/W15_LH_M0_A00_S7/F0	/eos/user/c/cglenn/FCCWork/whizard/whizard_ttbar_spinpol/production/full6f_365gev_ee_ttbar_spinpol_v1/phase11_diagnostics/excess_weight_rootcause_v1/ttbar_restricted_region_suite_v1/regions/20260816T231425Z_U9region_core_W15_S8_np1_v1p0p1/fixed/W15_LH_M0_A00_S7/F0	runtime_flat_fallback	PASS	PASS	0	20733e0e17025d2c73f73a666c5b62f92c105ca98114231020130b77f5730d5d	53a92738d92959217aebebb32a2f9517e575a3746613c348ad56bee0582a0aa2	7f333ad6c5b536647bda1bf133ef32966498768fdb9aba9f98fa9e93fe235d89	1	0	1	/eos/user/c/cglenn/FCCWork/whizard/whizard_ttbar_spinpol/production/full6f_365gev_ee_ttbar_spinpol_v1/phase11_diagnostics/excess_weight_rootcause_v1/ttbar_restricted_region_suite_v1/regions/20260816T231425Z_U9region_core_W15_S8_np1_v1p0p1/fixed/W15_LH_M0_A00_S7/F0/console.log	1
P_W15_LH_M1_A07_S0	adaptive	W15_LH_M1_A07_S0		A07		S0	1740114216	648318690	"10:100000:""gw"""		M1	LH	W15	NR	15.0	/eos/user/c/cglenn/FCCWork/whizard/whizard_ttbar_spinpol/production/full6f_365gev_ee_ttbar_spinpol_v1/phase11_diagnostics/excess_weight_rootcause_v1/ttbar_restricted_region_suite_v1/regions/20260816T231425Z_U9region_core_W15_S8_np1_v1p0p1/W15/LH/M1/adaptive/W15_LH_M1_A07_S0	/eos/user/c/cglenn/FCCWork/whizard/whizard_ttbar_spinpol/production/full6f_365gev_ee_ttbar_spinpol_v1/phase11_diagnostics/excess_weight_rootcause_v1/ttbar_restricted_region_suite_v1/regions/20260816T231425Z_U9region_core_W15_S8_np1_v1p0p1/W15/LH/M1/adaptive/W15_LH_M1_A07_S0	/eos/user/c/cglenn/FCCWork/whizard/whizard_ttbar_spinpol/production/full6f_365gev_ee_ttbar_spinpol_v1/phase11_diagnostics/excess_weight_rootcause_v1/ttbar_restricted_region_suite_v1/regions/20260816T231425Z_U9region_core_W15_S8_np1_v1p0p1/adaptive/W15_LH_M1_A07_S0	runtime_flat_fallback	PASS	PASS	0	20733e0e17025d2c73f73a666c5b62f92c105ca98114231020130b77f5730d5d	047eb473bf0ad429e0aaa2be1839bda76319be4f18dd92197c8f6ab49db5ff67		0	1		/eos/user/c/cglenn/FCCWork/whizard/whizard_ttbar_spinpol/production/full6f_365gev_ee_ttbar_spinpol_v1/phase11_diagnostics/excess_weight_rootcause_v1/ttbar_restricted_region_suite_v1/regions/20260816T231425Z_U9region_core_W15_S8_np1_v1p0p1/adaptive/W15_LH_M1_A07_S0/console.log	1
C_W15_LH_M1_A07_S0_F0	fixed	W15_LH_M1_A07_S0_F0	W15_LH_M1_A07_S0	A07	F0	S0	1740114216	648318690	"10:100000:""gw"""	"3:200000:"""""	M1	LH	W15	NR	15.0	/eos/user/c/cglenn/FCCWork/whizard/whizard_ttbar_spinpol/production/full6f_365gev_ee_ttbar_spinpol_v1/phase11_diagnostics/excess_weight_rootcause_v1/ttbar_restricted_region_suite_v1/regions/20260816T231425Z_U9region_core_W15_S8_np1_v1p0p1/W15/LH/M1/fixed/W15_LH_M1_A07_S0/F0	/eos/user/c/cglenn/FCCWork/whizard/whizard_ttbar_spinpol/production/full6f_365gev_ee_ttbar_spinpol_v1/phase11_diagnostics/excess_weight_rootcause_v1/ttbar_restricted_region_suite_v1/regions/20260816T231425Z_U9region_core_W15_S8_np1_v1p0p1/W15/LH/M1/fixed/W15_LH_M1_A07_S0/F0	/eos/user/c/cglenn/FCCWork/whizard/whizard_ttbar_spinpol/production/full6f_365gev_ee_ttbar_spinpol_v1/phase11_diagnostics/excess_weight_rootcause_v1/ttbar_restricted_region_suite_v1/regions/20260816T231425Z_U9region_core_W15_S8_np1_v1p0p1/fixed/W15_LH_M1_A07_S0/F0	runtime_flat_fallback	PASS	PASS	0	20733e0e17025d2c73f73a666c5b62f92c105ca98114231020130b77f5730d5d	4fe97a7923a3644519efd7409789620c54fe3028a8405fda9e704c5d1133da4b	047eb473bf0ad429e0aaa2be1839bda76319be4f18dd92197c8f6ab49db5ff67	1	0	1	/eos/user/c/cglenn/FCCWork/whizard/whizard_ttbar_spinpol/production/full6f_365gev_ee_ttbar_spinpol_v1/phase11_diagnostics/excess_weight_rootcause_v1/ttbar_restricted_region_suite_v1/regions/20260816T231425Z_U9region_core_W15_S8_np1_v1p0p1/fixed/W15_LH_M1_A07_S0/F0/console.log	1
P_W15_LH_M1_A07_S1	adaptive	W15_LH_M1_A07_S1		A07		S1	1751949026	1404282457	"10:100000:""gw"""		M1	LH	W15	NR	15.0	/eos/user/c/cglenn/FCCWork/whizard/whizard_ttbar_spinpol/production/full6f_365gev_ee_ttbar_spinpol_v1/phase11_diagnostics/excess_weight_rootcause_v1/ttbar_restricted_region_suite_v1/regions/20260816T231425Z_U9region_core_W15_S8_np1_v1p0p1/W15/LH/M1/adaptive/W15_LH_M1_A07_S1	/eos/user/c/cglenn/FCCWork/whizard/whizard_ttbar_spinpol/production/full6f_365gev_ee_ttbar_spinpol_v1/phase11_diagnostics/excess_weight_rootcause_v1/ttbar_restricted_region_suite_v1/regions/20260816T231425Z_U9region_core_W15_S8_np1_v1p0p1/W15/LH/M1/adaptive/W15_LH_M1_A07_S1	/eos/user/c/cglenn/FCCWork/whizard/whizard_ttbar_spinpol/production/full6f_365gev_ee_ttbar_spinpol_v1/phase11_diagnostics/excess_weight_rootcause_v1/ttbar_restricted_region_suite_v1/regions/20260816T231425Z_U9region_core_W15_S8_np1_v1p0p1/adaptive/W15_LH_M1_A07_S1	runtime_flat_fallback	PASS	PASS	0	20733e0e17025d2c73f73a666c5b62f92c105ca98114231020130b77f5730d5d	66053d852193ae75395cf4043497e4765d130a1d3588ad1a0b1b4c67876cdd28		0	1		/eos/user/c/cglenn/FCCWork/whizard/whizard_ttbar_spinpol/production/full6f_365gev_ee_ttbar_spinpol_v1/phase11_diagnostics/excess_weight_rootcause_v1/ttbar_restricted_region_suite_v1/regions/20260816T231425Z_U9region_core_W15_S8_np1_v1p0p1/adaptive/W15_LH_M1_A07_S1/console.log	1
C_W15_LH_M1_A07_S1_F0	fixed	W15_LH_M1_A07_S1_F0	W15_LH_M1_A07_S1	A07	F0	S1	1751949026	1404282457	"10:100000:""gw"""	"3:200000:"""""	M1	LH	W15	NR	15.0	/eos/user/c/cglenn/FCCWork/whizard/whizard_ttbar_spinpol/production/full6f_365gev_ee_ttbar_spinpol_v1/phase11_diagnostics/excess_weight_rootcause_v1/ttbar_restricted_region_suite_v1/regions/20260816T231425Z_U9region_core_W15_S8_np1_v1p0p1/W15/LH/M1/fixed/W15_LH_M1_A07_S1/F0	/eos/user/c/cglenn/FCCWork/whizard/whizard_ttbar_spinpol/production/full6f_365gev_ee_ttbar_spinpol_v1/phase11_diagnostics/excess_weight_rootcause_v1/ttbar_restricted_region_suite_v1/regions/20260816T231425Z_U9region_core_W15_S8_np1_v1p0p1/W15/LH/M1/fixed/W15_LH_M1_A07_S1/F0	/eos/user/c/cglenn/FCCWork/whizard/whizard_ttbar_spinpol/production/full6f_365gev_ee_ttbar_spinpol_v1/phase11_diagnostics/excess_weight_rootcause_v1/ttbar_restricted_region_suite_v1/regions/20260816T231425Z_U9region_core_W15_S8_np1_v1p0p1/fixed/W15_LH_M1_A07_S1/F0	runtime_flat_fallback	PASS	PASS	0	20733e0e17025d2c73f73a666c5b62f92c105ca98114231020130b77f5730d5d	b71fa64863828b6a8a9984a6b5a1b4ebd553d8460ed347c571cbb654b94a20ef	66053d852193ae75395cf4043497e4765d130a1d3588ad1a0b1b4c67876cdd28	1	0	1	/eos/user/c/cglenn/FCCWork/whizard/whizard_ttbar_spinpol/production/full6f_365gev_ee_ttbar_spinpol_v1/phase11_diagnostics/excess_weight_rootcause_v1/ttbar_restricted_region_suite_v1/regions/20260816T231425Z_U9region_core_W15_S8_np1_v1p0p1/fixed/W15_LH_M1_A07_S1/F0/console.log	1
P_W15_LH_M1_A07_S2	adaptive	W15_LH_M1_A07_S2		A07		S2	1885084773	1596606550	"10:100000:""gw"""		M1	LH	W15	NR	15.0	/eos/user/c/cglenn/FCCWork/whizard/whizard_ttbar_spinpol/production/full6f_365gev_ee_ttbar_spinpol_v1/phase11_diagnostics/excess_weight_rootcause_v1/ttbar_restricted_region_suite_v1/regions/20260816T231425Z_U9region_core_W15_S8_np1_v1p0p1/W15/LH/M1/adaptive/W15_LH_M1_A07_S2	/eos/user/c/cglenn/FCCWork/whizard/whizard_ttbar_spinpol/production/full6f_365gev_ee_ttbar_spinpol_v1/phase11_diagnostics/excess_weight_rootcause_v1/ttbar_restricted_region_suite_v1/regions/20260816T231425Z_U9region_core_W15_S8_np1_v1p0p1/W15/LH/M1/adaptive/W15_LH_M1_A07_S2	/eos/user/c/cglenn/FCCWork/whizard/whizard_ttbar_spinpol/production/full6f_365gev_ee_ttbar_spinpol_v1/phase11_diagnostics/excess_weight_rootcause_v1/ttbar_restricted_region_suite_v1/regions/20260816T231425Z_U9region_core_W15_S8_np1_v1p0p1/adaptive/W15_LH_M1_A07_S2	runtime_flat_fallback	PASS	PASS	0	20733e0e17025d2c73f73a666c5b62f92c105ca98114231020130b77f5730d5d	3f10d1d1f9624082ccc0907b653878644944e8a0155569682b849908d3ceb282		0	1		/eos/user/c/cglenn/FCCWork/whizard/whizard_ttbar_spinpol/production/full6f_365gev_ee_ttbar_spinpol_v1/phase11_diagnostics/excess_weight_rootcause_v1/ttbar_restricted_region_suite_v1/regions/20260816T231425Z_U9region_core_W15_S8_np1_v1p0p1/adaptive/W15_LH_M1_A07_S2/console.log	1
C_W15_LH_M1_A07_S2_F0	fixed	W15_LH_M1_A07_S2_F0	W15_LH_M1_A07_S2	A07	F0	S2	1885084773	1596606550	"10:100000:""gw"""	"3:200000:"""""	M1	LH	W15	NR	15.0	/eos/user/c/cglenn/FCCWork/whizard/whizard_ttbar_spinpol/production/full6f_365gev_ee_ttbar_spinpol_v1/phase11_diagnostics/excess_weight_rootcause_v1/ttbar_restricted_region_suite_v1/regions/20260816T231425Z_U9region_core_W15_S8_np1_v1p0p1/W15/LH/M1/fixed/W15_LH_M1_A07_S2/F0	/eos/user/c/cglenn/FCCWork/whizard/whizard_ttbar_spinpol/production/full6f_365gev_ee_ttbar_spinpol_v1/phase11_diagnostics/excess_weight_rootcause_v1/ttbar_restricted_region_suite_v1/regions/20260816T231425Z_U9region_core_W15_S8_np1_v1p0p1/W15/LH/M1/fixed/W15_LH_M1_A07_S2/F0	/eos/user/c/cglenn/FCCWork/whizard/whizard_ttbar_spinpol/production/full6f_365gev_ee_ttbar_spinpol_v1/phase11_diagnostics/excess_weight_rootcause_v1/ttbar_restricted_region_suite_v1/regions/20260816T231425Z_U9region_core_W15_S8_np1_v1p0p1/fixed/W15_LH_M1_A07_S2/F0	runtime_flat_fallback	PASS	PASS	0	20733e0e17025d2c73f73a666c5b62f92c105ca98114231020130b77f5730d5d	798c7eab9dc7487d1cf7c1bc9a77151fa5615ab2634ec6edb1abce5e192e31d5	3f10d1d1f9624082ccc0907b653878644944e8a0155569682b849908d3ceb282	1	0	1	/eos/user/c/cglenn/FCCWork/whizard/whizard_ttbar_spinpol/production/full6f_365gev_ee_ttbar_spinpol_v1/phase11_diagnostics/excess_weight_rootcause_v1/ttbar_restricted_region_suite_v1/regions/20260816T231425Z_U9region_core_W15_S8_np1_v1p0p1/fixed/W15_LH_M1_A07_S2/F0/console.log	1
P_W15_LH_M1_A07_S3	adaptive	W15_LH_M1_A07_S3		A07		S3	134326786	769890491	"10:100000:""gw"""		M1	LH	W15	NR	15.0	/eos/user/c/cglenn/FCCWork/whizard/whizard_ttbar_spinpol/production/full6f_365gev_ee_ttbar_spinpol_v1/phase11_diagnostics/excess_weight_rootcause_v1/ttbar_restricted_region_suite_v1/regions/20260816T231425Z_U9region_core_W15_S8_np1_v1p0p1/W15/LH/M1/adaptive/W15_LH_M1_A07_S3	/eos/user/c/cglenn/FCCWork/whizard/whizard_ttbar_spinpol/production/full6f_365gev_ee_ttbar_spinpol_v1/phase11_diagnostics/excess_weight_rootcause_v1/ttbar_restricted_region_suite_v1/regions/20260816T231425Z_U9region_core_W15_S8_np1_v1p0p1/W15/LH/M1/adaptive/W15_LH_M1_A07_S3	/eos/user/c/cglenn/FCCWork/whizard/whizard_ttbar_spinpol/production/full6f_365gev_ee_ttbar_spinpol_v1/phase11_diagnostics/excess_weight_rootcause_v1/ttbar_restricted_region_suite_v1/regions/20260816T231425Z_U9region_core_W15_S8_np1_v1p0p1/adaptive/W15_LH_M1_A07_S3	runtime_flat_fallback	PASS	PASS	0	20733e0e17025d2c73f73a666c5b62f92c105ca98114231020130b77f5730d5d	23e8fd9480315ed549e0c47aec19aed06002e43a7e275b6c612fdd6ae4a88a1c		0	1		/eos/user/c/cglenn/FCCWork/whizard/whizard_ttbar_spinpol/production/full6f_365gev_ee_ttbar_spinpol_v1/phase11_diagnostics/excess_weight_rootcause_v1/ttbar_restricted_region_suite_v1/regions/20260816T231425Z_U9region_core_W15_S8_np1_v1p0p1/adaptive/W15_LH_M1_A07_S3/console.log	1
C_W15_LH_M1_A07_S3_F0	fixed	W15_LH_M1_A07_S3_F0	W15_LH_M1_A07_S3	A07	F0	S3	134326786	769890491	"10:100000:""gw"""	"3:200000:"""""	M1	LH	W15	NR	15.0	/eos/user/c/cglenn/FCCWork/whizard/whizard_ttbar_spinpol/production/full6f_365gev_ee_ttbar_spinpol_v1/phase11_diagnostics/excess_weight_rootcause_v1/ttbar_restricted_region_suite_v1/regions/20260816T231425Z_U9region_core_W15_S8_np1_v1p0p1/W15/LH/M1/fixed/W15_LH_M1_A07_S3/F0	/eos/user/c/cglenn/FCCWork/whizard/whizard_ttbar_spinpol/production/full6f_365gev_ee_ttbar_spinpol_v1/phase11_diagnostics/excess_weight_rootcause_v1/ttbar_restricted_region_suite_v1/regions/20260816T231425Z_U9region_core_W15_S8_np1_v1p0p1/W15/LH/M1/fixed/W15_LH_M1_A07_S3/F0	/eos/user/c/cglenn/FCCWork/whizard/whizard_ttbar_spinpol/production/full6f_365gev_ee_ttbar_spinpol_v1/phase11_diagnostics/excess_weight_rootcause_v1/ttbar_restricted_region_suite_v1/regions/20260816T231425Z_U9region_core_W15_S8_np1_v1p0p1/fixed/W15_LH_M1_A07_S3/F0	runtime_flat_fallback	PASS	PASS	0	20733e0e17025d2c73f73a666c5b62f92c105ca98114231020130b77f5730d5d	e7df2da2b1fc057d2b64c423ef3e49bcb8c37e9ea4ab8274613db24c1367ace4	23e8fd9480315ed549e0c47aec19aed06002e43a7e275b6c612fdd6ae4a88a1c	1	0	1	/eos/user/c/cglenn/FCCWork/whizard/whizard_ttbar_spinpol/production/full6f_365gev_ee_ttbar_spinpol_v1/phase11_diagnostics/excess_weight_rootcause_v1/ttbar_restricted_region_suite_v1/regions/20260816T231425Z_U9region_core_W15_S8_np1_v1p0p1/fixed/W15_LH_M1_A07_S3/F0/console.log	1
P_W15_LH_M1_A07_S4	adaptive	W15_LH_M1_A07_S4		A07		S4	249371675	462903030	"10:100000:""gw"""		M1	LH	W15	NR	15.0	/eos/user/c/cglenn/FCCWork/whizard/whizard_ttbar_spinpol/production/full6f_365gev_ee_ttbar_spinpol_v1/phase11_diagnostics/excess_weight_rootcause_v1/ttbar_restricted_region_suite_v1/regions/20260816T231425Z_U9region_core_W15_S8_np1_v1p0p1/W15/LH/M1/adaptive/W15_LH_M1_A07_S4	/eos/user/c/cglenn/FCCWork/whizard/whizard_ttbar_spinpol/production/full6f_365gev_ee_ttbar_spinpol_v1/phase11_diagnostics/excess_weight_rootcause_v1/ttbar_restricted_region_suite_v1/regions/20260816T231425Z_U9region_core_W15_S8_np1_v1p0p1/W15/LH/M1/adaptive/W15_LH_M1_A07_S4	/eos/user/c/cglenn/FCCWork/whizard/whizard_ttbar_spinpol/production/full6f_365gev_ee_ttbar_spinpol_v1/phase11_diagnostics/excess_weight_rootcause_v1/ttbar_restricted_region_suite_v1/regions/20260816T231425Z_U9region_core_W15_S8_np1_v1p0p1/adaptive/W15_LH_M1_A07_S4	runtime_flat_fallback	PASS	PASS	0	20733e0e17025d2c73f73a666c5b62f92c105ca98114231020130b77f5730d5d	a4421a01767df2e444be6715d1fb6871dc251300ec08790475bd2437a62d9551		0	1		/eos/user/c/cglenn/FCCWork/whizard/whizard_ttbar_spinpol/production/full6f_365gev_ee_ttbar_spinpol_v1/phase11_diagnostics/excess_weight_rootcause_v1/ttbar_restricted_region_suite_v1/regions/20260816T231425Z_U9region_core_W15_S8_np1_v1p0p1/adaptive/W15_LH_M1_A07_S4/console.log	1
C_W15_LH_M1_A07_S4_F0	fixed	W15_LH_M1_A07_S4_F0	W15_LH_M1_A07_S4	A07	F0	S4	249371675	462903030	"10:100000:""gw"""	"3:200000:"""""	M1	LH	W15	NR	15.0	/eos/user/c/cglenn/FCCWork/whizard/whizard_ttbar_spinpol/production/full6f_365gev_ee_ttbar_spinpol_v1/phase11_diagnostics/excess_weight_rootcause_v1/ttbar_restricted_region_suite_v1/regions/20260816T231425Z_U9region_core_W15_S8_np1_v1p0p1/W15/LH/M1/fixed/W15_LH_M1_A07_S4/F0	/eos/user/c/cglenn/FCCWork/whizard/whizard_ttbar_spinpol/production/full6f_365gev_ee_ttbar_spinpol_v1/phase11_diagnostics/excess_weight_rootcause_v1/ttbar_restricted_region_suite_v1/regions/20260816T231425Z_U9region_core_W15_S8_np1_v1p0p1/W15/LH/M1/fixed/W15_LH_M1_A07_S4/F0	/eos/user/c/cglenn/FCCWork/whizard/whizard_ttbar_spinpol/production/full6f_365gev_ee_ttbar_spinpol_v1/phase11_diagnostics/excess_weight_rootcause_v1/ttbar_restricted_region_suite_v1/regions/20260816T231425Z_U9region_core_W15_S8_np1_v1p0p1/fixed/W15_LH_M1_A07_S4/F0	runtime_flat_fallback	PASS	PASS	0	20733e0e17025d2c73f73a666c5b62f92c105ca98114231020130b77f5730d5d	559c70214cb9daaa2d3af8b285081f136cb0ed9a84324d20cab7f59a2851524e	a4421a01767df2e444be6715d1fb6871dc251300ec08790475bd2437a62d9551	1	0	1	/eos/user/c/cglenn/FCCWork/whizard/whizard_ttbar_spinpol/production/full6f_365gev_ee_ttbar_spinpol_v1/phase11_diagnostics/excess_weight_rootcause_v1/ttbar_restricted_region_suite_v1/regions/20260816T231425Z_U9region_core_W15_S8_np1_v1p0p1/fixed/W15_LH_M1_A07_S4/F0/console.log	1
P_W15_LH_M1_A07_S5	adaptive	W15_LH_M1_A07_S5		A07		S5	531087687	197846737	"10:100000:""gw"""		M1	LH	W15	NR	15.0	/eos/user/c/cglenn/FCCWork/whizard/whizard_ttbar_spinpol/production/full6f_365gev_ee_ttbar_spinpol_v1/phase11_diagnostics/excess_weight_rootcause_v1/ttbar_restricted_region_suite_v1/regions/20260816T231425Z_U9region_core_W15_S8_np1_v1p0p1/W15/LH/M1/adaptive/W15_LH_M1_A07_S5	/eos/user/c/cglenn/FCCWork/whizard/whizard_ttbar_spinpol/production/full6f_365gev_ee_ttbar_spinpol_v1/phase11_diagnostics/excess_weight_rootcause_v1/ttbar_restricted_region_suite_v1/regions/20260816T231425Z_U9region_core_W15_S8_np1_v1p0p1/W15/LH/M1/adaptive/W15_LH_M1_A07_S5	/eos/user/c/cglenn/FCCWork/whizard/whizard_ttbar_spinpol/production/full6f_365gev_ee_ttbar_spinpol_v1/phase11_diagnostics/excess_weight_rootcause_v1/ttbar_restricted_region_suite_v1/regions/20260816T231425Z_U9region_core_W15_S8_np1_v1p0p1/adaptive/W15_LH_M1_A07_S5	runtime_flat_fallback	PASS	PASS	0	20733e0e17025d2c73f73a666c5b62f92c105ca98114231020130b77f5730d5d	e8cf3bb53ba14ded6b2be09170899bb60247acf239d91b0cc130c9758565d361		0	1		/eos/user/c/cglenn/FCCWork/whizard/whizard_ttbar_spinpol/production/full6f_365gev_ee_ttbar_spinpol_v1/phase11_diagnostics/excess_weight_rootcause_v1/ttbar_restricted_region_suite_v1/regions/20260816T231425Z_U9region_core_W15_S8_np1_v1p0p1/adaptive/W15_LH_M1_A07_S5/console.log	1
C_W15_LH_M1_A07_S5_F0	fixed	W15_LH_M1_A07_S5_F0	W15_LH_M1_A07_S5	A07	F0	S5	531087687	197846737	"10:100000:""gw"""	"3:200000:"""""	M1	LH	W15	NR	15.0	/eos/user/c/cglenn/FCCWork/whizard/whizard_ttbar_spinpol/production/full6f_365gev_ee_ttbar_spinpol_v1/phase11_diagnostics/excess_weight_rootcause_v1/ttbar_restricted_region_suite_v1/regions/20260816T231425Z_U9region_core_W15_S8_np1_v1p0p1/W15/LH/M1/fixed/W15_LH_M1_A07_S5/F0	/eos/user/c/cglenn/FCCWork/whizard/whizard_ttbar_spinpol/production/full6f_365gev_ee_ttbar_spinpol_v1/phase11_diagnostics/excess_weight_rootcause_v1/ttbar_restricted_region_suite_v1/regions/20260816T231425Z_U9region_core_W15_S8_np1_v1p0p1/W15/LH/M1/fixed/W15_LH_M1_A07_S5/F0	/eos/user/c/cglenn/FCCWork/whizard/whizard_ttbar_spinpol/production/full6f_365gev_ee_ttbar_spinpol_v1/phase11_diagnostics/excess_weight_rootcause_v1/ttbar_restricted_region_suite_v1/regions/20260816T231425Z_U9region_core_W15_S8_np1_v1p0p1/fixed/W15_LH_M1_A07_S5/F0	runtime_flat_fallback	PASS	PASS	0	20733e0e17025d2c73f73a666c5b62f92c105ca98114231020130b77f5730d5d	04bb40e4bc2610b1ef839bbca45d3ecb816e3621ae4bef7c7f0666a6f69f164d	e8cf3bb53ba14ded6b2be09170899bb60247acf239d91b0cc130c9758565d361	1	0	1	/eos/user/c/cglenn/FCCWork/whizard/whizard_ttbar_spinpol/production/full6f_365gev_ee_ttbar_spinpol_v1/phase11_diagnostics/excess_weight_rootcause_v1/ttbar_restricted_region_suite_v1/regions/20260816T231425Z_U9region_core_W15_S8_np1_v1p0p1/fixed/W15_LH_M1_A07_S5/F0/console.log	1
P_W15_LH_M1_A07_S6	adaptive	W15_LH_M1_A07_S6		A07		S6	519963689	958460417	"10:100000:""gw"""		M1	LH	W15	NR	15.0	/eos/user/c/cglenn/FCCWork/whizard/whizard_ttbar_spinpol/production/full6f_365gev_ee_ttbar_spinpol_v1/phase11_diagnostics/excess_weight_rootcause_v1/ttbar_restricted_region_suite_v1/regions/20260816T231425Z_U9region_core_W15_S8_np1_v1p0p1/W15/LH/M1/adaptive/W15_LH_M1_A07_S6	/eos/user/c/cglenn/FCCWork/whizard/whizard_ttbar_spinpol/production/full6f_365gev_ee_ttbar_spinpol_v1/phase11_diagnostics/excess_weight_rootcause_v1/ttbar_restricted_region_suite_v1/regions/20260816T231425Z_U9region_core_W15_S8_np1_v1p0p1/W15/LH/M1/adaptive/W15_LH_M1_A07_S6	/eos/user/c/cglenn/FCCWork/whizard/whizard_ttbar_spinpol/production/full6f_365gev_ee_ttbar_spinpol_v1/phase11_diagnostics/excess_weight_rootcause_v1/ttbar_restricted_region_suite_v1/regions/20260816T231425Z_U9region_core_W15_S8_np1_v1p0p1/adaptive/W15_LH_M1_A07_S6	runtime_flat_fallback	PASS	PASS	0	20733e0e17025d2c73f73a666c5b62f92c105ca98114231020130b77f5730d5d	e5bea85693c896c612b4fb70f5b35ccc874bf5d0fe9c68a0bf1027501a382eff		0	1		/eos/user/c/cglenn/FCCWork/whizard/whizard_ttbar_spinpol/production/full6f_365gev_ee_ttbar_spinpol_v1/phase11_diagnostics/excess_weight_rootcause_v1/ttbar_restricted_region_suite_v1/regions/20260816T231425Z_U9region_core_W15_S8_np1_v1p0p1/adaptive/W15_LH_M1_A07_S6/console.log	1
C_W15_LH_M1_A07_S6_F0	fixed	W15_LH_M1_A07_S6_F0	W15_LH_M1_A07_S6	A07	F0	S6	519963689	958460417	"10:100000:""gw"""	"3:200000:"""""	M1	LH	W15	NR	15.0	/eos/user/c/cglenn/FCCWork/whizard/whizard_ttbar_spinpol/production/full6f_365gev_ee_ttbar_spinpol_v1/phase11_diagnostics/excess_weight_rootcause_v1/ttbar_restricted_region_suite_v1/regions/20260816T231425Z_U9region_core_W15_S8_np1_v1p0p1/W15/LH/M1/fixed/W15_LH_M1_A07_S6/F0	/eos/user/c/cglenn/FCCWork/whizard/whizard_ttbar_spinpol/production/full6f_365gev_ee_ttbar_spinpol_v1/phase11_diagnostics/excess_weight_rootcause_v1/ttbar_restricted_region_suite_v1/regions/20260816T231425Z_U9region_core_W15_S8_np1_v1p0p1/W15/LH/M1/fixed/W15_LH_M1_A07_S6/F0	/eos/user/c/cglenn/FCCWork/whizard/whizard_ttbar_spinpol/production/full6f_365gev_ee_ttbar_spinpol_v1/phase11_diagnostics/excess_weight_rootcause_v1/ttbar_restricted_region_suite_v1/regions/20260816T231425Z_U9region_core_W15_S8_np1_v1p0p1/fixed/W15_LH_M1_A07_S6/F0	runtime_flat_fallback	PASS	PASS	0	20733e0e17025d2c73f73a666c5b62f92c105ca98114231020130b77f5730d5d	4e13202560cf5865571e724c4ba592141ca3d5aae9a41e624e5f7356511eb75c	e5bea85693c896c612b4fb70f5b35ccc874bf5d0fe9c68a0bf1027501a382eff	1	0	1	/eos/user/c/cglenn/FCCWork/whizard/whizard_ttbar_spinpol/production/full6f_365gev_ee_ttbar_spinpol_v1/phase11_diagnostics/excess_weight_rootcause_v1/ttbar_restricted_region_suite_v1/regions/20260816T231425Z_U9region_core_W15_S8_np1_v1p0p1/fixed/W15_LH_M1_A07_S6/F0/console.log	1
P_W15_LH_M1_A07_S7	adaptive	W15_LH_M1_A07_S7		A07		S7	1552803368	239117595	"10:100000:""gw"""		M1	LH	W15	NR	15.0	/eos/user/c/cglenn/FCCWork/whizard/whizard_ttbar_spinpol/production/full6f_365gev_ee_ttbar_spinpol_v1/phase11_diagnostics/excess_weight_rootcause_v1/ttbar_restricted_region_suite_v1/regions/20260816T231425Z_U9region_core_W15_S8_np1_v1p0p1/W15/LH/M1/adaptive/W15_LH_M1_A07_S7	/eos/user/c/cglenn/FCCWork/whizard/whizard_ttbar_spinpol/production/full6f_365gev_ee_ttbar_spinpol_v1/phase11_diagnostics/excess_weight_rootcause_v1/ttbar_restricted_region_suite_v1/regions/20260816T231425Z_U9region_core_W15_S8_np1_v1p0p1/W15/LH/M1/adaptive/W15_LH_M1_A07_S7	/eos/user/c/cglenn/FCCWork/whizard/whizard_ttbar_spinpol/production/full6f_365gev_ee_ttbar_spinpol_v1/phase11_diagnostics/excess_weight_rootcause_v1/ttbar_restricted_region_suite_v1/regions/20260816T231425Z_U9region_core_W15_S8_np1_v1p0p1/adaptive/W15_LH_M1_A07_S7	runtime_flat_fallback	PASS	PASS	0	20733e0e17025d2c73f73a666c5b62f92c105ca98114231020130b77f5730d5d	6304d29d127940241bca56d08232da51473d4848ef7936385970f6d43a5ccd60		0	1		/eos/user/c/cglenn/FCCWork/whizard/whizard_ttbar_spinpol/production/full6f_365gev_ee_ttbar_spinpol_v1/phase11_diagnostics/excess_weight_rootcause_v1/ttbar_restricted_region_suite_v1/regions/20260816T231425Z_U9region_core_W15_S8_np1_v1p0p1/adaptive/W15_LH_M1_A07_S7/console.log	1
C_W15_LH_M1_A07_S7_F0	fixed	W15_LH_M1_A07_S7_F0	W15_LH_M1_A07_S7	A07	F0	S7	1552803368	239117595	"10:100000:""gw"""	"3:200000:"""""	M1	LH	W15	NR	15.0	/eos/user/c/cglenn/FCCWork/whizard/whizard_ttbar_spinpol/production/full6f_365gev_ee_ttbar_spinpol_v1/phase11_diagnostics/excess_weight_rootcause_v1/ttbar_restricted_region_suite_v1/regions/20260816T231425Z_U9region_core_W15_S8_np1_v1p0p1/W15/LH/M1/fixed/W15_LH_M1_A07_S7/F0	/eos/user/c/cglenn/FCCWork/whizard/whizard_ttbar_spinpol/production/full6f_365gev_ee_ttbar_spinpol_v1/phase11_diagnostics/excess_weight_rootcause_v1/ttbar_restricted_region_suite_v1/regions/20260816T231425Z_U9region_core_W15_S8_np1_v1p0p1/W15/LH/M1/fixed/W15_LH_M1_A07_S7/F0	/eos/user/c/cglenn/FCCWork/whizard/whizard_ttbar_spinpol/production/full6f_365gev_ee_ttbar_spinpol_v1/phase11_diagnostics/excess_weight_rootcause_v1/ttbar_restricted_region_suite_v1/regions/20260816T231425Z_U9region_core_W15_S8_np1_v1p0p1/fixed/W15_LH_M1_A07_S7/F0	runtime_flat_fallback	PASS	PASS	0	20733e0e17025d2c73f73a666c5b62f92c105ca98114231020130b77f5730d5d	75e6ffc34a64261ac2d700cc16646ca109df54ad8933bc3bfcc3c1d8ae0c1e55	6304d29d127940241bca56d08232da51473d4848ef7936385970f6d43a5ccd60	1	0	1	/eos/user/c/cglenn/FCCWork/whizard/whizard_ttbar_spinpol/production/full6f_365gev_ee_ttbar_spinpol_v1/phase11_diagnostics/excess_weight_rootcause_v1/ttbar_restricted_region_suite_v1/regions/20260816T231425Z_U9region_core_W15_S8_np1_v1p0p1/fixed/W15_LH_M1_A07_S7/F0/console.log	1
P_W15_LH_M2_A10_S0	adaptive	W15_LH_M2_A10_S0		A10		S0	1740114216	648318690	"1:1000000:""gw"""		M2	LH	W15	NR	15.0	/eos/user/c/cglenn/FCCWork/whizard/whizard_ttbar_spinpol/production/full6f_365gev_ee_ttbar_spinpol_v1/phase11_diagnostics/excess_weight_rootcause_v1/ttbar_restricted_region_suite_v1/regions/20260816T231425Z_U9region_core_W15_S8_np1_v1p0p1/W15/LH/M2/adaptive/W15_LH_M2_A10_S0	/eos/user/c/cglenn/FCCWork/whizard/whizard_ttbar_spinpol/production/full6f_365gev_ee_ttbar_spinpol_v1/phase11_diagnostics/excess_weight_rootcause_v1/ttbar_restricted_region_suite_v1/regions/20260816T231425Z_U9region_core_W15_S8_np1_v1p0p1/W15/LH/M2/adaptive/W15_LH_M2_A10_S0	/eos/user/c/cglenn/FCCWork/whizard/whizard_ttbar_spinpol/production/full6f_365gev_ee_ttbar_spinpol_v1/phase11_diagnostics/excess_weight_rootcause_v1/ttbar_restricted_region_suite_v1/regions/20260816T231425Z_U9region_core_W15_S8_np1_v1p0p1/adaptive/W15_LH_M2_A10_S0	runtime_flat_fallback	PASS	PASS	0	20733e0e17025d2c73f73a666c5b62f92c105ca98114231020130b77f5730d5d	9429b6b2bdd668bd97b096f58b6062ab7491f7c5d44114c9edf9ab3b3370944a		0	1		/eos/user/c/cglenn/FCCWork/whizard/whizard_ttbar_spinpol/production/full6f_365gev_ee_ttbar_spinpol_v1/phase11_diagnostics/excess_weight_rootcause_v1/ttbar_restricted_region_suite_v1/regions/20260816T231425Z_U9region_core_W15_S8_np1_v1p0p1/adaptive/W15_LH_M2_A10_S0/console.log	1
C_W15_LH_M2_A10_S0_F2	fixed	W15_LH_M2_A10_S0_F2	W15_LH_M2_A10_S0	A10	F2	S0	1740114216	648318690	"1:1000000:""gw"""	"1:2000000:"""""	M2	LH	W15	NR	15.0	/eos/user/c/cglenn/FCCWork/whizard/whizard_ttbar_spinpol/production/full6f_365gev_ee_ttbar_spinpol_v1/phase11_diagnostics/excess_weight_rootcause_v1/ttbar_restricted_region_suite_v1/regions/20260816T231425Z_U9region_core_W15_S8_np1_v1p0p1/W15/LH/M2/fixed/W15_LH_M2_A10_S0/F2	/eos/user/c/cglenn/FCCWork/whizard/whizard_ttbar_spinpol/production/full6f_365gev_ee_ttbar_spinpol_v1/phase11_diagnostics/excess_weight_rootcause_v1/ttbar_restricted_region_suite_v1/regions/20260816T231425Z_U9region_core_W15_S8_np1_v1p0p1/W15/LH/M2/fixed/W15_LH_M2_A10_S0/F2	/eos/user/c/cglenn/FCCWork/whizard/whizard_ttbar_spinpol/production/full6f_365gev_ee_ttbar_spinpol_v1/phase11_diagnostics/excess_weight_rootcause_v1/ttbar_restricted_region_suite_v1/regions/20260816T231425Z_U9region_core_W15_S8_np1_v1p0p1/fixed/W15_LH_M2_A10_S0/F2	runtime_flat_fallback	PASS	PASS	0	20733e0e17025d2c73f73a666c5b62f92c105ca98114231020130b77f5730d5d	6312ad404271b4c2a3822da38b98ecaf8013fdcce17c448b60ad3f9ed3578461	9429b6b2bdd668bd97b096f58b6062ab7491f7c5d44114c9edf9ab3b3370944a	1	0	1	/eos/user/c/cglenn/FCCWork/whizard/whizard_ttbar_spinpol/production/full6f_365gev_ee_ttbar_spinpol_v1/phase11_diagnostics/excess_weight_rootcause_v1/ttbar_restricted_region_suite_v1/regions/20260816T231425Z_U9region_core_W15_S8_np1_v1p0p1/fixed/W15_LH_M2_A10_S0/F2/console.log	1
P_W15_LH_M2_A10_S1	adaptive	W15_LH_M2_A10_S1		A10		S1	1751949026	1404282457	"1:1000000:""gw"""		M2	LH	W15	NR	15.0	/eos/user/c/cglenn/FCCWork/whizard/whizard_ttbar_spinpol/production/full6f_365gev_ee_ttbar_spinpol_v1/phase11_diagnostics/excess_weight_rootcause_v1/ttbar_restricted_region_suite_v1/regions/20260816T231425Z_U9region_core_W15_S8_np1_v1p0p1/W15/LH/M2/adaptive/W15_LH_M2_A10_S1	/eos/user/c/cglenn/FCCWork/whizard/whizard_ttbar_spinpol/production/full6f_365gev_ee_ttbar_spinpol_v1/phase11_diagnostics/excess_weight_rootcause_v1/ttbar_restricted_region_suite_v1/regions/20260816T231425Z_U9region_core_W15_S8_np1_v1p0p1/W15/LH/M2/adaptive/W15_LH_M2_A10_S1	/eos/user/c/cglenn/FCCWork/whizard/whizard_ttbar_spinpol/production/full6f_365gev_ee_ttbar_spinpol_v1/phase11_diagnostics/excess_weight_rootcause_v1/ttbar_restricted_region_suite_v1/regions/20260816T231425Z_U9region_core_W15_S8_np1_v1p0p1/adaptive/W15_LH_M2_A10_S1	runtime_flat_fallback	PASS	PASS	0	20733e0e17025d2c73f73a666c5b62f92c105ca98114231020130b77f5730d5d	231be4ea8893c1020cecd51caf9e921650fed2116947b4caeb365fe9b8124bd2		0	1		/eos/user/c/cglenn/FCCWork/whizard/whizard_ttbar_spinpol/production/full6f_365gev_ee_ttbar_spinpol_v1/phase11_diagnostics/excess_weight_rootcause_v1/ttbar_restricted_region_suite_v1/regions/20260816T231425Z_U9region_core_W15_S8_np1_v1p0p1/adaptive/W15_LH_M2_A10_S1/console.log	1
C_W15_LH_M2_A10_S1_F2	fixed	W15_LH_M2_A10_S1_F2	W15_LH_M2_A10_S1	A10	F2	S1	1751949026	1404282457	"1:1000000:""gw"""	"1:2000000:"""""	M2	LH	W15	NR	15.0	/eos/user/c/cglenn/FCCWork/whizard/whizard_ttbar_spinpol/production/full6f_365gev_ee_ttbar_spinpol_v1/phase11_diagnostics/excess_weight_rootcause_v1/ttbar_restricted_region_suite_v1/regions/20260816T231425Z_U9region_core_W15_S8_np1_v1p0p1/W15/LH/M2/fixed/W15_LH_M2_A10_S1/F2	/eos/user/c/cglenn/FCCWork/whizard/whizard_ttbar_spinpol/production/full6f_365gev_ee_ttbar_spinpol_v1/phase11_diagnostics/excess_weight_rootcause_v1/ttbar_restricted_region_suite_v1/regions/20260816T231425Z_U9region_core_W15_S8_np1_v1p0p1/W15/LH/M2/fixed/W15_LH_M2_A10_S1/F2	/eos/user/c/cglenn/FCCWork/whizard/whizard_ttbar_spinpol/production/full6f_365gev_ee_ttbar_spinpol_v1/phase11_diagnostics/excess_weight_rootcause_v1/ttbar_restricted_region_suite_v1/regions/20260816T231425Z_U9region_core_W15_S8_np1_v1p0p1/fixed/W15_LH_M2_A10_S1/F2	runtime_flat_fallback	PASS	PASS	0	20733e0e17025d2c73f73a666c5b62f92c105ca98114231020130b77f5730d5d	bb8c6fd8b056914a5d8c74e19d9670f9739a2efb2fea7d946c9e47dde257610f	231be4ea8893c1020cecd51caf9e921650fed2116947b4caeb365fe9b8124bd2	1	0	1	/eos/user/c/cglenn/FCCWork/whizard/whizard_ttbar_spinpol/production/full6f_365gev_ee_ttbar_spinpol_v1/phase11_diagnostics/excess_weight_rootcause_v1/ttbar_restricted_region_suite_v1/regions/20260816T231425Z_U9region_core_W15_S8_np1_v1p0p1/fixed/W15_LH_M2_A10_S1/F2/console.log	1
P_W15_LH_M2_A10_S2	adaptive	W15_LH_M2_A10_S2		A10		S2	1885084773	1596606550	"1:1000000:""gw"""		M2	LH	W15	NR	15.0	/eos/user/c/cglenn/FCCWork/whizard/whizard_ttbar_spinpol/production/full6f_365gev_ee_ttbar_spinpol_v1/phase11_diagnostics/excess_weight_rootcause_v1/ttbar_restricted_region_suite_v1/regions/20260816T231425Z_U9region_core_W15_S8_np1_v1p0p1/W15/LH/M2/adaptive/W15_LH_M2_A10_S2	/eos/user/c/cglenn/FCCWork/whizard/whizard_ttbar_spinpol/production/full6f_365gev_ee_ttbar_spinpol_v1/phase11_diagnostics/excess_weight_rootcause_v1/ttbar_restricted_region_suite_v1/regions/20260816T231425Z_U9region_core_W15_S8_np1_v1p0p1/W15/LH/M2/adaptive/W15_LH_M2_A10_S2	/eos/user/c/cglenn/FCCWork/whizard/whizard_ttbar_spinpol/production/full6f_365gev_ee_ttbar_spinpol_v1/phase11_diagnostics/excess_weight_rootcause_v1/ttbar_restricted_region_suite_v1/regions/20260816T231425Z_U9region_core_W15_S8_np1_v1p0p1/adaptive/W15_LH_M2_A10_S2	runtime_flat_fallback	PASS	PASS	0	20733e0e17025d2c73f73a666c5b62f92c105ca98114231020130b77f5730d5d	b74402337c5974d082c00feebf429e28fa2ad90d66d37691e8f755686d286305		0	1		/eos/user/c/cglenn/FCCWork/whizard/whizard_ttbar_spinpol/production/full6f_365gev_ee_ttbar_spinpol_v1/phase11_diagnostics/excess_weight_rootcause_v1/ttbar_restricted_region_suite_v1/regions/20260816T231425Z_U9region_core_W15_S8_np1_v1p0p1/adaptive/W15_LH_M2_A10_S2/console.log	1
C_W15_LH_M2_A10_S2_F2	fixed	W15_LH_M2_A10_S2_F2	W15_LH_M2_A10_S2	A10	F2	S2	1885084773	1596606550	"1:1000000:""gw"""	"1:2000000:"""""	M2	LH	W15	NR	15.0	/eos/user/c/cglenn/FCCWork/whizard/whizard_ttbar_spinpol/production/full6f_365gev_ee_ttbar_spinpol_v1/phase11_diagnostics/excess_weight_rootcause_v1/ttbar_restricted_region_suite_v1/regions/20260816T231425Z_U9region_core_W15_S8_np1_v1p0p1/W15/LH/M2/fixed/W15_LH_M2_A10_S2/F2	/eos/user/c/cglenn/FCCWork/whizard/whizard_ttbar_spinpol/production/full6f_365gev_ee_ttbar_spinpol_v1/phase11_diagnostics/excess_weight_rootcause_v1/ttbar_restricted_region_suite_v1/regions/20260816T231425Z_U9region_core_W15_S8_np1_v1p0p1/W15/LH/M2/fixed/W15_LH_M2_A10_S2/F2	/eos/user/c/cglenn/FCCWork/whizard/whizard_ttbar_spinpol/production/full6f_365gev_ee_ttbar_spinpol_v1/phase11_diagnostics/excess_weight_rootcause_v1/ttbar_restricted_region_suite_v1/regions/20260816T231425Z_U9region_core_W15_S8_np1_v1p0p1/fixed/W15_LH_M2_A10_S2/F2	runtime_flat_fallback	PASS	PASS	0	20733e0e17025d2c73f73a666c5b62f92c105ca98114231020130b77f5730d5d	35116fa5a51e914b378701da508cb49fc066b27400aaa7d5507dbe6c8a603a4a	b74402337c5974d082c00feebf429e28fa2ad90d66d37691e8f755686d286305	1	0	1	/eos/user/c/cglenn/FCCWork/whizard/whizard_ttbar_spinpol/production/full6f_365gev_ee_ttbar_spinpol_v1/phase11_diagnostics/excess_weight_rootcause_v1/ttbar_restricted_region_suite_v1/regions/20260816T231425Z_U9region_core_W15_S8_np1_v1p0p1/fixed/W15_LH_M2_A10_S2/F2/console.log	1
P_W15_LH_M2_A10_S3	adaptive	W15_LH_M2_A10_S3		A10		S3	134326786	769890491	"1:1000000:""gw"""		M2	LH	W15	NR	15.0	/eos/user/c/cglenn/FCCWork/whizard/whizard_ttbar_spinpol/production/full6f_365gev_ee_ttbar_spinpol_v1/phase11_diagnostics/excess_weight_rootcause_v1/ttbar_restricted_region_suite_v1/regions/20260816T231425Z_U9region_core_W15_S8_np1_v1p0p1/W15/LH/M2/adaptive/W15_LH_M2_A10_S3	/eos/user/c/cglenn/FCCWork/whizard/whizard_ttbar_spinpol/production/full6f_365gev_ee_ttbar_spinpol_v1/phase11_diagnostics/excess_weight_rootcause_v1/ttbar_restricted_region_suite_v1/regions/20260816T231425Z_U9region_core_W15_S8_np1_v1p0p1/W15/LH/M2/adaptive/W15_LH_M2_A10_S3	/eos/user/c/cglenn/FCCWork/whizard/whizard_ttbar_spinpol/production/full6f_365gev_ee_ttbar_spinpol_v1/phase11_diagnostics/excess_weight_rootcause_v1/ttbar_restricted_region_suite_v1/regions/20260816T231425Z_U9region_core_W15_S8_np1_v1p0p1/adaptive/W15_LH_M2_A10_S3	runtime_flat_fallback	PASS	PASS	0	20733e0e17025d2c73f73a666c5b62f92c105ca98114231020130b77f5730d5d	23ae4e4883de29518bc38f26f70090103c30ecc51dada27adc12a00ef10cfa4e		0	1		/eos/user/c/cglenn/FCCWork/whizard/whizard_ttbar_spinpol/production/full6f_365gev_ee_ttbar_spinpol_v1/phase11_diagnostics/excess_weight_rootcause_v1/ttbar_restricted_region_suite_v1/regions/20260816T231425Z_U9region_core_W15_S8_np1_v1p0p1/adaptive/W15_LH_M2_A10_S3/console.log	1
C_W15_LH_M2_A10_S3_F2	fixed	W15_LH_M2_A10_S3_F2	W15_LH_M2_A10_S3	A10	F2	S3	134326786	769890491	"1:1000000:""gw"""	"1:2000000:"""""	M2	LH	W15	NR	15.0	/eos/user/c/cglenn/FCCWork/whizard/whizard_ttbar_spinpol/production/full6f_365gev_ee_ttbar_spinpol_v1/phase11_diagnostics/excess_weight_rootcause_v1/ttbar_restricted_region_suite_v1/regions/20260816T231425Z_U9region_core_W15_S8_np1_v1p0p1/W15/LH/M2/fixed/W15_LH_M2_A10_S3/F2	/eos/user/c/cglenn/FCCWork/whizard/whizard_ttbar_spinpol/production/full6f_365gev_ee_ttbar_spinpol_v1/phase11_diagnostics/excess_weight_rootcause_v1/ttbar_restricted_region_suite_v1/regions/20260816T231425Z_U9region_core_W15_S8_np1_v1p0p1/W15/LH/M2/fixed/W15_LH_M2_A10_S3/F2	/eos/user/c/cglenn/FCCWork/whizard/whizard_ttbar_spinpol/production/full6f_365gev_ee_ttbar_spinpol_v1/phase11_diagnostics/excess_weight_rootcause_v1/ttbar_restricted_region_suite_v1/regions/20260816T231425Z_U9region_core_W15_S8_np1_v1p0p1/fixed/W15_LH_M2_A10_S3/F2	runtime_flat_fallback	PASS	PASS	0	20733e0e17025d2c73f73a666c5b62f92c105ca98114231020130b77f5730d5d	e436cb32ced730888bceb7874f7299427dfb9d4793c635091d880b2d238daf96	23ae4e4883de29518bc38f26f70090103c30ecc51dada27adc12a00ef10cfa4e	1	0	1	/eos/user/c/cglenn/FCCWork/whizard/whizard_ttbar_spinpol/production/full6f_365gev_ee_ttbar_spinpol_v1/phase11_diagnostics/excess_weight_rootcause_v1/ttbar_restricted_region_suite_v1/regions/20260816T231425Z_U9region_core_W15_S8_np1_v1p0p1/fixed/W15_LH_M2_A10_S3/F2/console.log	1
P_W15_LH_M2_A10_S4	adaptive	W15_LH_M2_A10_S4		A10		S4	249371675	462903030	"1:1000000:""gw"""		M2	LH	W15	NR	15.0	/eos/user/c/cglenn/FCCWork/whizard/whizard_ttbar_spinpol/production/full6f_365gev_ee_ttbar_spinpol_v1/phase11_diagnostics/excess_weight_rootcause_v1/ttbar_restricted_region_suite_v1/regions/20260816T231425Z_U9region_core_W15_S8_np1_v1p0p1/W15/LH/M2/adaptive/W15_LH_M2_A10_S4	/eos/user/c/cglenn/FCCWork/whizard/whizard_ttbar_spinpol/production/full6f_365gev_ee_ttbar_spinpol_v1/phase11_diagnostics/excess_weight_rootcause_v1/ttbar_restricted_region_suite_v1/regions/20260816T231425Z_U9region_core_W15_S8_np1_v1p0p1/W15/LH/M2/adaptive/W15_LH_M2_A10_S4	/eos/user/c/cglenn/FCCWork/whizard/whizard_ttbar_spinpol/production/full6f_365gev_ee_ttbar_spinpol_v1/phase11_diagnostics/excess_weight_rootcause_v1/ttbar_restricted_region_suite_v1/regions/20260816T231425Z_U9region_core_W15_S8_np1_v1p0p1/adaptive/W15_LH_M2_A10_S4	runtime_flat_fallback	PASS	PASS	0	20733e0e17025d2c73f73a666c5b62f92c105ca98114231020130b77f5730d5d	6db1ac95fe60a2596ad4840ef967cfb8870e72047d38f2b906c9dbec37f1d01b		0	1		/eos/user/c/cglenn/FCCWork/whizard/whizard_ttbar_spinpol/production/full6f_365gev_ee_ttbar_spinpol_v1/phase11_diagnostics/excess_weight_rootcause_v1/ttbar_restricted_region_suite_v1/regions/20260816T231425Z_U9region_core_W15_S8_np1_v1p0p1/adaptive/W15_LH_M2_A10_S4/console.log	1
C_W15_LH_M2_A10_S4_F2	fixed	W15_LH_M2_A10_S4_F2	W15_LH_M2_A10_S4	A10	F2	S4	249371675	462903030	"1:1000000:""gw"""	"1:2000000:"""""	M2	LH	W15	NR	15.0	/eos/user/c/cglenn/FCCWork/whizard/whizard_ttbar_spinpol/production/full6f_365gev_ee_ttbar_spinpol_v1/phase11_diagnostics/excess_weight_rootcause_v1/ttbar_restricted_region_suite_v1/regions/20260816T231425Z_U9region_core_W15_S8_np1_v1p0p1/W15/LH/M2/fixed/W15_LH_M2_A10_S4/F2	/eos/user/c/cglenn/FCCWork/whizard/whizard_ttbar_spinpol/production/full6f_365gev_ee_ttbar_spinpol_v1/phase11_diagnostics/excess_weight_rootcause_v1/ttbar_restricted_region_suite_v1/regions/20260816T231425Z_U9region_core_W15_S8_np1_v1p0p1/W15/LH/M2/fixed/W15_LH_M2_A10_S4/F2	/eos/user/c/cglenn/FCCWork/whizard/whizard_ttbar_spinpol/production/full6f_365gev_ee_ttbar_spinpol_v1/phase11_diagnostics/excess_weight_rootcause_v1/ttbar_restricted_region_suite_v1/regions/20260816T231425Z_U9region_core_W15_S8_np1_v1p0p1/fixed/W15_LH_M2_A10_S4/F2	runtime_flat_fallback	PASS	PASS	0	20733e0e17025d2c73f73a666c5b62f92c105ca98114231020130b77f5730d5d	b34ccd6fca0d3cab1c55cb359ea931c5bb28984822db9f6f444774245aa08b79	6db1ac95fe60a2596ad4840ef967cfb8870e72047d38f2b906c9dbec37f1d01b	1	0	1	/eos/user/c/cglenn/FCCWork/whizard/whizard_ttbar_spinpol/production/full6f_365gev_ee_ttbar_spinpol_v1/phase11_diagnostics/excess_weight_rootcause_v1/ttbar_restricted_region_suite_v1/regions/20260816T231425Z_U9region_core_W15_S8_np1_v1p0p1/fixed/W15_LH_M2_A10_S4/F2/console.log	1
P_W15_LH_M2_A10_S5	adaptive	W15_LH_M2_A10_S5		A10		S5	531087687	197846737	"1:1000000:""gw"""		M2	LH	W15	NR	15.0	/eos/user/c/cglenn/FCCWork/whizard/whizard_ttbar_spinpol/production/full6f_365gev_ee_ttbar_spinpol_v1/phase11_diagnostics/excess_weight_rootcause_v1/ttbar_restricted_region_suite_v1/regions/20260816T231425Z_U9region_core_W15_S8_np1_v1p0p1/W15/LH/M2/adaptive/W15_LH_M2_A10_S5	/eos/user/c/cglenn/FCCWork/whizard/whizard_ttbar_spinpol/production/full6f_365gev_ee_ttbar_spinpol_v1/phase11_diagnostics/excess_weight_rootcause_v1/ttbar_restricted_region_suite_v1/regions/20260816T231425Z_U9region_core_W15_S8_np1_v1p0p1/W15/LH/M2/adaptive/W15_LH_M2_A10_S5	/eos/user/c/cglenn/FCCWork/whizard/whizard_ttbar_spinpol/production/full6f_365gev_ee_ttbar_spinpol_v1/phase11_diagnostics/excess_weight_rootcause_v1/ttbar_restricted_region_suite_v1/regions/20260816T231425Z_U9region_core_W15_S8_np1_v1p0p1/adaptive/W15_LH_M2_A10_S5	runtime_flat_fallback	PASS	PASS	0	20733e0e17025d2c73f73a666c5b62f92c105ca98114231020130b77f5730d5d	ba02edec7bf7392a9a5ca24a7b21c57eb301382e49364e1786b37d41011e04e9		0	1		/eos/user/c/cglenn/FCCWork/whizard/whizard_ttbar_spinpol/production/full6f_365gev_ee_ttbar_spinpol_v1/phase11_diagnostics/excess_weight_rootcause_v1/ttbar_restricted_region_suite_v1/regions/20260816T231425Z_U9region_core_W15_S8_np1_v1p0p1/adaptive/W15_LH_M2_A10_S5/console.log	1
C_W15_LH_M2_A10_S5_F2	fixed	W15_LH_M2_A10_S5_F2	W15_LH_M2_A10_S5	A10	F2	S5	531087687	197846737	"1:1000000:""gw"""	"1:2000000:"""""	M2	LH	W15	NR	15.0	/eos/user/c/cglenn/FCCWork/whizard/whizard_ttbar_spinpol/production/full6f_365gev_ee_ttbar_spinpol_v1/phase11_diagnostics/excess_weight_rootcause_v1/ttbar_restricted_region_suite_v1/regions/20260816T231425Z_U9region_core_W15_S8_np1_v1p0p1/W15/LH/M2/fixed/W15_LH_M2_A10_S5/F2	/eos/user/c/cglenn/FCCWork/whizard/whizard_ttbar_spinpol/production/full6f_365gev_ee_ttbar_spinpol_v1/phase11_diagnostics/excess_weight_rootcause_v1/ttbar_restricted_region_suite_v1/regions/20260816T231425Z_U9region_core_W15_S8_np1_v1p0p1/W15/LH/M2/fixed/W15_LH_M2_A10_S5/F2	/eos/user/c/cglenn/FCCWork/whizard/whizard_ttbar_spinpol/production/full6f_365gev_ee_ttbar_spinpol_v1/phase11_diagnostics/excess_weight_rootcause_v1/ttbar_restricted_region_suite_v1/regions/20260816T231425Z_U9region_core_W15_S8_np1_v1p0p1/fixed/W15_LH_M2_A10_S5/F2	runtime_flat_fallback	PASS	PASS	0	20733e0e17025d2c73f73a666c5b62f92c105ca98114231020130b77f5730d5d	dc328cb5bb724d4ddcfcc26aabf3be4a14e375f974dd1ef99bbd13cb6545c3c6	ba02edec7bf7392a9a5ca24a7b21c57eb301382e49364e1786b37d41011e04e9	1	0	1	/eos/user/c/cglenn/FCCWork/whizard/whizard_ttbar_spinpol/production/full6f_365gev_ee_ttbar_spinpol_v1/phase11_diagnostics/excess_weight_rootcause_v1/ttbar_restricted_region_suite_v1/regions/20260816T231425Z_U9region_core_W15_S8_np1_v1p0p1/fixed/W15_LH_M2_A10_S5/F2/console.log	1
P_W15_LH_M2_A10_S6	adaptive	W15_LH_M2_A10_S6		A10		S6	519963689	958460417	"1:1000000:""gw"""		M2	LH	W15	NR	15.0	/eos/user/c/cglenn/FCCWork/whizard/whizard_ttbar_spinpol/production/full6f_365gev_ee_ttbar_spinpol_v1/phase11_diagnostics/excess_weight_rootcause_v1/ttbar_restricted_region_suite_v1/regions/20260816T231425Z_U9region_core_W15_S8_np1_v1p0p1/W15/LH/M2/adaptive/W15_LH_M2_A10_S6	/eos/user/c/cglenn/FCCWork/whizard/whizard_ttbar_spinpol/production/full6f_365gev_ee_ttbar_spinpol_v1/phase11_diagnostics/excess_weight_rootcause_v1/ttbar_restricted_region_suite_v1/regions/20260816T231425Z_U9region_core_W15_S8_np1_v1p0p1/W15/LH/M2/adaptive/W15_LH_M2_A10_S6	/eos/user/c/cglenn/FCCWork/whizard/whizard_ttbar_spinpol/production/full6f_365gev_ee_ttbar_spinpol_v1/phase11_diagnostics/excess_weight_rootcause_v1/ttbar_restricted_region_suite_v1/regions/20260816T231425Z_U9region_core_W15_S8_np1_v1p0p1/adaptive/W15_LH_M2_A10_S6	runtime_flat_fallback	PASS	PASS	0	20733e0e17025d2c73f73a666c5b62f92c105ca98114231020130b77f5730d5d	b9b839b35230279c243f3b02c44ca888967447a5307587a489c9ce251efed6a9		0	1		/eos/user/c/cglenn/FCCWork/whizard/whizard_ttbar_spinpol/production/full6f_365gev_ee_ttbar_spinpol_v1/phase11_diagnostics/excess_weight_rootcause_v1/ttbar_restricted_region_suite_v1/regions/20260816T231425Z_U9region_core_W15_S8_np1_v1p0p1/adaptive/W15_LH_M2_A10_S6/console.log	1
C_W15_LH_M2_A10_S6_F2	fixed	W15_LH_M2_A10_S6_F2	W15_LH_M2_A10_S6	A10	F2	S6	519963689	958460417	"1:1000000:""gw"""	"1:2000000:"""""	M2	LH	W15	NR	15.0	/eos/user/c/cglenn/FCCWork/whizard/whizard_ttbar_spinpol/production/full6f_365gev_ee_ttbar_spinpol_v1/phase11_diagnostics/excess_weight_rootcause_v1/ttbar_restricted_region_suite_v1/regions/20260816T231425Z_U9region_core_W15_S8_np1_v1p0p1/W15/LH/M2/fixed/W15_LH_M2_A10_S6/F2	/eos/user/c/cglenn/FCCWork/whizard/whizard_ttbar_spinpol/production/full6f_365gev_ee_ttbar_spinpol_v1/phase11_diagnostics/excess_weight_rootcause_v1/ttbar_restricted_region_suite_v1/regions/20260816T231425Z_U9region_core_W15_S8_np1_v1p0p1/W15/LH/M2/fixed/W15_LH_M2_A10_S6/F2	/eos/user/c/cglenn/FCCWork/whizard/whizard_ttbar_spinpol/production/full6f_365gev_ee_ttbar_spinpol_v1/phase11_diagnostics/excess_weight_rootcause_v1/ttbar_restricted_region_suite_v1/regions/20260816T231425Z_U9region_core_W15_S8_np1_v1p0p1/fixed/W15_LH_M2_A10_S6/F2	runtime_flat_fallback	PASS	PASS	0	20733e0e17025d2c73f73a666c5b62f92c105ca98114231020130b77f5730d5d	94c97a33e260581a493a2086440a834ce7f32fe5813b62109949d9fa3d9b9561	b9b839b35230279c243f3b02c44ca888967447a5307587a489c9ce251efed6a9	1	0	1	/eos/user/c/cglenn/FCCWork/whizard/whizard_ttbar_spinpol/production/full6f_365gev_ee_ttbar_spinpol_v1/phase11_diagnostics/excess_weight_rootcause_v1/ttbar_restricted_region_suite_v1/regions/20260816T231425Z_U9region_core_W15_S8_np1_v1p0p1/fixed/W15_LH_M2_A10_S6/F2/console.log	1
P_W15_LH_M2_A10_S7	adaptive	W15_LH_M2_A10_S7		A10		S7	1552803368	239117595	"1:1000000:""gw"""		M2	LH	W15	NR	15.0	/eos/user/c/cglenn/FCCWork/whizard/whizard_ttbar_spinpol/production/full6f_365gev_ee_ttbar_spinpol_v1/phase11_diagnostics/excess_weight_rootcause_v1/ttbar_restricted_region_suite_v1/regions/20260816T231425Z_U9region_core_W15_S8_np1_v1p0p1/W15/LH/M2/adaptive/W15_LH_M2_A10_S7	/eos/user/c/cglenn/FCCWork/whizard/whizard_ttbar_spinpol/production/full6f_365gev_ee_ttbar_spinpol_v1/phase11_diagnostics/excess_weight_rootcause_v1/ttbar_restricted_region_suite_v1/regions/20260816T231425Z_U9region_core_W15_S8_np1_v1p0p1/W15/LH/M2/adaptive/W15_LH_M2_A10_S7	/eos/user/c/cglenn/FCCWork/whizard/whizard_ttbar_spinpol/production/full6f_365gev_ee_ttbar_spinpol_v1/phase11_diagnostics/excess_weight_rootcause_v1/ttbar_restricted_region_suite_v1/regions/20260816T231425Z_U9region_core_W15_S8_np1_v1p0p1/adaptive/W15_LH_M2_A10_S7	runtime_flat_fallback	PASS	PASS	0	20733e0e17025d2c73f73a666c5b62f92c105ca98114231020130b77f5730d5d	3390351764937eecdd3bde6c8e0214681c51d6add216ccd4f3f13932aef2c046		0	1		/eos/user/c/cglenn/FCCWork/whizard/whizard_ttbar_spinpol/production/full6f_365gev_ee_ttbar_spinpol_v1/phase11_diagnostics/excess_weight_rootcause_v1/ttbar_restricted_region_suite_v1/regions/20260816T231425Z_U9region_core_W15_S8_np1_v1p0p1/adaptive/W15_LH_M2_A10_S7/console.log	1
C_W15_LH_M2_A10_S7_F2	fixed	W15_LH_M2_A10_S7_F2	W15_LH_M2_A10_S7	A10	F2	S7	1552803368	239117595	"1:1000000:""gw"""	"1:2000000:"""""	M2	LH	W15	NR	15.0	/eos/user/c/cglenn/FCCWork/whizard/whizard_ttbar_spinpol/production/full6f_365gev_ee_ttbar_spinpol_v1/phase11_diagnostics/excess_weight_rootcause_v1/ttbar_restricted_region_suite_v1/regions/20260816T231425Z_U9region_core_W15_S8_np1_v1p0p1/W15/LH/M2/fixed/W15_LH_M2_A10_S7/F2	/eos/user/c/cglenn/FCCWork/whizard/whizard_ttbar_spinpol/production/full6f_365gev_ee_ttbar_spinpol_v1/phase11_diagnostics/excess_weight_rootcause_v1/ttbar_restricted_region_suite_v1/regions/20260816T231425Z_U9region_core_W15_S8_np1_v1p0p1/W15/LH/M2/fixed/W15_LH_M2_A10_S7/F2	/eos/user/c/cglenn/FCCWork/whizard/whizard_ttbar_spinpol/production/full6f_365gev_ee_ttbar_spinpol_v1/phase11_diagnostics/excess_weight_rootcause_v1/ttbar_restricted_region_suite_v1/regions/20260816T231425Z_U9region_core_W15_S8_np1_v1p0p1/fixed/W15_LH_M2_A10_S7/F2	runtime_flat_fallback	PASS	PASS	0	20733e0e17025d2c73f73a666c5b62f92c105ca98114231020130b77f5730d5d	80b3c9f93dfdf837aa2f55f69bba29bc9db958a5bdbe1c19759091f136f95a46	3390351764937eecdd3bde6c8e0214681c51d6add216ccd4f3f13932aef2c046	1	0	1	/eos/user/c/cglenn/FCCWork/whizard/whizard_ttbar_spinpol/production/full6f_365gev_ee_ttbar_spinpol_v1/phase11_diagnostics/excess_weight_rootcause_v1/ttbar_restricted_region_suite_v1/regions/20260816T231425Z_U9region_core_W15_S8_np1_v1p0p1/fixed/W15_LH_M2_A10_S7/F2/console.log	1
P_W15_IL_M0_A00_S0	adaptive	W15_IL_M0_A00_S0		A00		S0	1740114216	648318690	"5:50000:""gw"""		M0	IL	W15	SR_PLUS	15.0	/eos/user/c/cglenn/FCCWork/whizard/whizard_ttbar_spinpol/production/full6f_365gev_ee_ttbar_spinpol_v1/phase11_diagnostics/excess_weight_rootcause_v1/ttbar_restricted_region_suite_v1/regions/20260816T231425Z_U9region_core_W15_S8_np1_v1p0p1/W15/IL/M0/adaptive/W15_IL_M0_A00_S0	/eos/user/c/cglenn/FCCWork/whizard/whizard_ttbar_spinpol/production/full6f_365gev_ee_ttbar_spinpol_v1/phase11_diagnostics/excess_weight_rootcause_v1/ttbar_restricted_region_suite_v1/regions/20260816T231425Z_U9region_core_W15_S8_np1_v1p0p1/W15/IL/M0/adaptive/W15_IL_M0_A00_S0	/eos/user/c/cglenn/FCCWork/whizard/whizard_ttbar_spinpol/production/full6f_365gev_ee_ttbar_spinpol_v1/phase11_diagnostics/excess_weight_rootcause_v1/ttbar_restricted_region_suite_v1/regions/20260816T231425Z_U9region_core_W15_S8_np1_v1p0p1/adaptive/W15_IL_M0_A00_S0	runtime_flat_fallback	PASS	PASS	0	20733e0e17025d2c73f73a666c5b62f92c105ca98114231020130b77f5730d5d	711278ad5fd781488e0c7f2e8a86a5862acb4c7c3d13cca61e005ed3ab4f2920		0	1		/eos/user/c/cglenn/FCCWork/whizard/whizard_ttbar_spinpol/production/full6f_365gev_ee_ttbar_spinpol_v1/phase11_diagnostics/excess_weight_rootcause_v1/ttbar_restricted_region_suite_v1/regions/20260816T231425Z_U9region_core_W15_S8_np1_v1p0p1/adaptive/W15_IL_M0_A00_S0/console.log	1
C_W15_IL_M0_A00_S0_F0	fixed	W15_IL_M0_A00_S0_F0	W15_IL_M0_A00_S0	A00	F0	S0	1740114216	648318690	"5:50000:""gw"""	"3:200000:"""""	M0	IL	W15	SR_PLUS	15.0	/eos/user/c/cglenn/FCCWork/whizard/whizard_ttbar_spinpol/production/full6f_365gev_ee_ttbar_spinpol_v1/phase11_diagnostics/excess_weight_rootcause_v1/ttbar_restricted_region_suite_v1/regions/20260816T231425Z_U9region_core_W15_S8_np1_v1p0p1/W15/IL/M0/fixed/W15_IL_M0_A00_S0/F0	/eos/user/c/cglenn/FCCWork/whizard/whizard_ttbar_spinpol/production/full6f_365gev_ee_ttbar_spinpol_v1/phase11_diagnostics/excess_weight_rootcause_v1/ttbar_restricted_region_suite_v1/regions/20260816T231425Z_U9region_core_W15_S8_np1_v1p0p1/W15/IL/M0/fixed/W15_IL_M0_A00_S0/F0	/eos/user/c/cglenn/FCCWork/whizard/whizard_ttbar_spinpol/production/full6f_365gev_ee_ttbar_spinpol_v1/phase11_diagnostics/excess_weight_rootcause_v1/ttbar_restricted_region_suite_v1/regions/20260816T231425Z_U9region_core_W15_S8_np1_v1p0p1/fixed/W15_IL_M0_A00_S0/F0	runtime_flat_fallback	PASS	PASS	0	20733e0e17025d2c73f73a666c5b62f92c105ca98114231020130b77f5730d5d	1c60ad24f577a2551bc4e152945c2c58da67ae9efa401867e85c56f25d2c0330	711278ad5fd781488e0c7f2e8a86a5862acb4c7c3d13cca61e005ed3ab4f2920	1	0	1	/eos/user/c/cglenn/FCCWork/whizard/whizard_ttbar_spinpol/production/full6f_365gev_ee_ttbar_spinpol_v1/phase11_diagnostics/excess_weight_rootcause_v1/ttbar_restricted_region_suite_v1/regions/20260816T231425Z_U9region_core_W15_S8_np1_v1p0p1/fixed/W15_IL_M0_A00_S0/F0/console.log	1
P_W15_IL_M0_A00_S1	adaptive	W15_IL_M0_A00_S1		A00		S1	1751949026	1404282457	"5:50000:""gw"""		M0	IL	W15	SR_PLUS	15.0	/eos/user/c/cglenn/FCCWork/whizard/whizard_ttbar_spinpol/production/full6f_365gev_ee_ttbar_spinpol_v1/phase11_diagnostics/excess_weight_rootcause_v1/ttbar_restricted_region_suite_v1/regions/20260816T231425Z_U9region_core_W15_S8_np1_v1p0p1/W15/IL/M0/adaptive/W15_IL_M0_A00_S1	/eos/user/c/cglenn/FCCWork/whizard/whizard_ttbar_spinpol/production/full6f_365gev_ee_ttbar_spinpol_v1/phase11_diagnostics/excess_weight_rootcause_v1/ttbar_restricted_region_suite_v1/regions/20260816T231425Z_U9region_core_W15_S8_np1_v1p0p1/W15/IL/M0/adaptive/W15_IL_M0_A00_S1	/eos/user/c/cglenn/FCCWork/whizard/whizard_ttbar_spinpol/production/full6f_365gev_ee_ttbar_spinpol_v1/phase11_diagnostics/excess_weight_rootcause_v1/ttbar_restricted_region_suite_v1/regions/20260816T231425Z_U9region_core_W15_S8_np1_v1p0p1/adaptive/W15_IL_M0_A00_S1	runtime_flat_fallback	PASS	PASS	0	20733e0e17025d2c73f73a666c5b62f92c105ca98114231020130b77f5730d5d	d4174abce1238094504a3eab3d2c6615711399ed048efc8da74f6c73498c6434		0	1		/eos/user/c/cglenn/FCCWork/whizard/whizard_ttbar_spinpol/production/full6f_365gev_ee_ttbar_spinpol_v1/phase11_diagnostics/excess_weight_rootcause_v1/ttbar_restricted_region_suite_v1/regions/20260816T231425Z_U9region_core_W15_S8_np1_v1p0p1/adaptive/W15_IL_M0_A00_S1/console.log	1
C_W15_IL_M0_A00_S1_F0	fixed	W15_IL_M0_A00_S1_F0	W15_IL_M0_A00_S1	A00	F0	S1	1751949026	1404282457	"5:50000:""gw"""	"3:200000:"""""	M0	IL	W15	SR_PLUS	15.0	/eos/user/c/cglenn/FCCWork/whizard/whizard_ttbar_spinpol/production/full6f_365gev_ee_ttbar_spinpol_v1/phase11_diagnostics/excess_weight_rootcause_v1/ttbar_restricted_region_suite_v1/regions/20260816T231425Z_U9region_core_W15_S8_np1_v1p0p1/W15/IL/M0/fixed/W15_IL_M0_A00_S1/F0	/eos/user/c/cglenn/FCCWork/whizard/whizard_ttbar_spinpol/production/full6f_365gev_ee_ttbar_spinpol_v1/phase11_diagnostics/excess_weight_rootcause_v1/ttbar_restricted_region_suite_v1/regions/20260816T231425Z_U9region_core_W15_S8_np1_v1p0p1/W15/IL/M0/fixed/W15_IL_M0_A00_S1/F0	/eos/user/c/cglenn/FCCWork/whizard/whizard_ttbar_spinpol/production/full6f_365gev_ee_ttbar_spinpol_v1/phase11_diagnostics/excess_weight_rootcause_v1/ttbar_restricted_region_suite_v1/regions/20260816T231425Z_U9region_core_W15_S8_np1_v1p0p1/fixed/W15_IL_M0_A00_S1/F0	runtime_flat_fallback	PASS	PASS	0	20733e0e17025d2c73f73a666c5b62f92c105ca98114231020130b77f5730d5d	68a459228a0cc89e7ea74d3726709cd92dc727b5ab2cc0fc9b236ded4721246a	d4174abce1238094504a3eab3d2c6615711399ed048efc8da74f6c73498c6434	1	0	1	/eos/user/c/cglenn/FCCWork/whizard/whizard_ttbar_spinpol/production/full6f_365gev_ee_ttbar_spinpol_v1/phase11_diagnostics/excess_weight_rootcause_v1/ttbar_restricted_region_suite_v1/regions/20260816T231425Z_U9region_core_W15_S8_np1_v1p0p1/fixed/W15_IL_M0_A00_S1/F0/console.log	1
P_W15_IL_M0_A00_S2	adaptive	W15_IL_M0_A00_S2		A00		S2	1885084773	1596606550	"5:50000:""gw"""		M0	IL	W15	SR_PLUS	15.0	/eos/user/c/cglenn/FCCWork/whizard/whizard_ttbar_spinpol/production/full6f_365gev_ee_ttbar_spinpol_v1/phase11_diagnostics/excess_weight_rootcause_v1/ttbar_restricted_region_suite_v1/regions/20260816T231425Z_U9region_core_W15_S8_np1_v1p0p1/W15/IL/M0/adaptive/W15_IL_M0_A00_S2	/eos/user/c/cglenn/FCCWork/whizard/whizard_ttbar_spinpol/production/full6f_365gev_ee_ttbar_spinpol_v1/phase11_diagnostics/excess_weight_rootcause_v1/ttbar_restricted_region_suite_v1/regions/20260816T231425Z_U9region_core_W15_S8_np1_v1p0p1/W15/IL/M0/adaptive/W15_IL_M0_A00_S2	/eos/user/c/cglenn/FCCWork/whizard/whizard_ttbar_spinpol/production/full6f_365gev_ee_ttbar_spinpol_v1/phase11_diagnostics/excess_weight_rootcause_v1/ttbar_restricted_region_suite_v1/regions/20260816T231425Z_U9region_core_W15_S8_np1_v1p0p1/adaptive/W15_IL_M0_A00_S2	runtime_flat_fallback	PASS	PASS	0	20733e0e17025d2c73f73a666c5b62f92c105ca98114231020130b77f5730d5d	d4fc1a744a315560bf232aea5361eb59ed995132c3298feeb59db2d155ee1d12		0	1		/eos/user/c/cglenn/FCCWork/whizard/whizard_ttbar_spinpol/production/full6f_365gev_ee_ttbar_spinpol_v1/phase11_diagnostics/excess_weight_rootcause_v1/ttbar_restricted_region_suite_v1/regions/20260816T231425Z_U9region_core_W15_S8_np1_v1p0p1/adaptive/W15_IL_M0_A00_S2/console.log	1
C_W15_IL_M0_A00_S2_F0	fixed	W15_IL_M0_A00_S2_F0	W15_IL_M0_A00_S2	A00	F0	S2	1885084773	1596606550	"5:50000:""gw"""	"3:200000:"""""	M0	IL	W15	SR_PLUS	15.0	/eos/user/c/cglenn/FCCWork/whizard/whizard_ttbar_spinpol/production/full6f_365gev_ee_ttbar_spinpol_v1/phase11_diagnostics/excess_weight_rootcause_v1/ttbar_restricted_region_suite_v1/regions/20260816T231425Z_U9region_core_W15_S8_np1_v1p0p1/W15/IL/M0/fixed/W15_IL_M0_A00_S2/F0	/eos/user/c/cglenn/FCCWork/whizard/whizard_ttbar_spinpol/production/full6f_365gev_ee_ttbar_spinpol_v1/phase11_diagnostics/excess_weight_rootcause_v1/ttbar_restricted_region_suite_v1/regions/20260816T231425Z_U9region_core_W15_S8_np1_v1p0p1/W15/IL/M0/fixed/W15_IL_M0_A00_S2/F0	/eos/user/c/cglenn/FCCWork/whizard/whizard_ttbar_spinpol/production/full6f_365gev_ee_ttbar_spinpol_v1/phase11_diagnostics/excess_weight_rootcause_v1/ttbar_restricted_region_suite_v1/regions/20260816T231425Z_U9region_core_W15_S8_np1_v1p0p1/fixed/W15_IL_M0_A00_S2/F0	runtime_flat_fallback	PASS	PASS	0	20733e0e17025d2c73f73a666c5b62f92c105ca98114231020130b77f5730d5d	17d169edca3aabe507ef7ce8d0512a15fc3e55f3dd74262e36ffcd02cfadfcc2	d4fc1a744a315560bf232aea5361eb59ed995132c3298feeb59db2d155ee1d12	1	0	1	/eos/user/c/cglenn/FCCWork/whizard/whizard_ttbar_spinpol/production/full6f_365gev_ee_ttbar_spinpol_v1/phase11_diagnostics/excess_weight_rootcause_v1/ttbar_restricted_region_suite_v1/regions/20260816T231425Z_U9region_core_W15_S8_np1_v1p0p1/fixed/W15_IL_M0_A00_S2/F0/console.log	1
P_W15_IL_M0_A00_S3	adaptive	W15_IL_M0_A00_S3		A00		S3	134326786	769890491	"5:50000:""gw"""		M0	IL	W15	SR_PLUS	15.0	/eos/user/c/cglenn/FCCWork/whizard/whizard_ttbar_spinpol/production/full6f_365gev_ee_ttbar_spinpol_v1/phase11_diagnostics/excess_weight_rootcause_v1/ttbar_restricted_region_suite_v1/regions/20260816T231425Z_U9region_core_W15_S8_np1_v1p0p1/W15/IL/M0/adaptive/W15_IL_M0_A00_S3	/eos/user/c/cglenn/FCCWork/whizard/whizard_ttbar_spinpol/production/full6f_365gev_ee_ttbar_spinpol_v1/phase11_diagnostics/excess_weight_rootcause_v1/ttbar_restricted_region_suite_v1/regions/20260816T231425Z_U9region_core_W15_S8_np1_v1p0p1/W15/IL/M0/adaptive/W15_IL_M0_A00_S3	/eos/user/c/cglenn/FCCWork/whizard/whizard_ttbar_spinpol/production/full6f_365gev_ee_ttbar_spinpol_v1/phase11_diagnostics/excess_weight_rootcause_v1/ttbar_restricted_region_suite_v1/regions/20260816T231425Z_U9region_core_W15_S8_np1_v1p0p1/adaptive/W15_IL_M0_A00_S3	runtime_flat_fallback	PASS	PASS	0	20733e0e17025d2c73f73a666c5b62f92c105ca98114231020130b77f5730d5d	5d64202b36a14823bf27f4d739d55ef91afa53c967515db47da6d2f5772ef785		0	1		/eos/user/c/cglenn/FCCWork/whizard/whizard_ttbar_spinpol/production/full6f_365gev_ee_ttbar_spinpol_v1/phase11_diagnostics/excess_weight_rootcause_v1/ttbar_restricted_region_suite_v1/regions/20260816T231425Z_U9region_core_W15_S8_np1_v1p0p1/adaptive/W15_IL_M0_A00_S3/console.log	1
C_W15_IL_M0_A00_S3_F0	fixed	W15_IL_M0_A00_S3_F0	W15_IL_M0_A00_S3	A00	F0	S3	134326786	769890491	"5:50000:""gw"""	"3:200000:"""""	M0	IL	W15	SR_PLUS	15.0	/eos/user/c/cglenn/FCCWork/whizard/whizard_ttbar_spinpol/production/full6f_365gev_ee_ttbar_spinpol_v1/phase11_diagnostics/excess_weight_rootcause_v1/ttbar_restricted_region_suite_v1/regions/20260816T231425Z_U9region_core_W15_S8_np1_v1p0p1/W15/IL/M0/fixed/W15_IL_M0_A00_S3/F0	/eos/user/c/cglenn/FCCWork/whizard/whizard_ttbar_spinpol/production/full6f_365gev_ee_ttbar_spinpol_v1/phase11_diagnostics/excess_weight_rootcause_v1/ttbar_restricted_region_suite_v1/regions/20260816T231425Z_U9region_core_W15_S8_np1_v1p0p1/W15/IL/M0/fixed/W15_IL_M0_A00_S3/F0	/eos/user/c/cglenn/FCCWork/whizard/whizard_ttbar_spinpol/production/full6f_365gev_ee_ttbar_spinpol_v1/phase11_diagnostics/excess_weight_rootcause_v1/ttbar_restricted_region_suite_v1/regions/20260816T231425Z_U9region_core_W15_S8_np1_v1p0p1/fixed/W15_IL_M0_A00_S3/F0	runtime_flat_fallback	PASS	PASS	0	20733e0e17025d2c73f73a666c5b62f92c105ca98114231020130b77f5730d5d	d34b6ee0606a9d42362ef1e15dddf3ad974ad1c6c1d4565327fd2950acc6e2e1	5d64202b36a14823bf27f4d739d55ef91afa53c967515db47da6d2f5772ef785	1	0	1	/eos/user/c/cglenn/FCCWork/whizard/whizard_ttbar_spinpol/production/full6f_365gev_ee_ttbar_spinpol_v1/phase11_diagnostics/excess_weight_rootcause_v1/ttbar_restricted_region_suite_v1/regions/20260816T231425Z_U9region_core_W15_S8_np1_v1p0p1/fixed/W15_IL_M0_A00_S3/F0/console.log	1
P_W15_IL_M0_A00_S4	adaptive	W15_IL_M0_A00_S4		A00		S4	249371675	462903030	"5:50000:""gw"""		M0	IL	W15	SR_PLUS	15.0	/eos/user/c/cglenn/FCCWork/whizard/whizard_ttbar_spinpol/production/full6f_365gev_ee_ttbar_spinpol_v1/phase11_diagnostics/excess_weight_rootcause_v1/ttbar_restricted_region_suite_v1/regions/20260816T231425Z_U9region_core_W15_S8_np1_v1p0p1/W15/IL/M0/adaptive/W15_IL_M0_A00_S4	/eos/user/c/cglenn/FCCWork/whizard/whizard_ttbar_spinpol/production/full6f_365gev_ee_ttbar_spinpol_v1/phase11_diagnostics/excess_weight_rootcause_v1/ttbar_restricted_region_suite_v1/regions/20260816T231425Z_U9region_core_W15_S8_np1_v1p0p1/W15/IL/M0/adaptive/W15_IL_M0_A00_S4	/eos/user/c/cglenn/FCCWork/whizard/whizard_ttbar_spinpol/production/full6f_365gev_ee_ttbar_spinpol_v1/phase11_diagnostics/excess_weight_rootcause_v1/ttbar_restricted_region_suite_v1/regions/20260816T231425Z_U9region_core_W15_S8_np1_v1p0p1/adaptive/W15_IL_M0_A00_S4	runtime_flat_fallback	PASS	PASS	0	20733e0e17025d2c73f73a666c5b62f92c105ca98114231020130b77f5730d5d	98d059795c0201b77ac1ec2380f465ecfd27096e4b6bc652d1f96ad27654d7e7		0	1		/eos/user/c/cglenn/FCCWork/whizard/whizard_ttbar_spinpol/production/full6f_365gev_ee_ttbar_spinpol_v1/phase11_diagnostics/excess_weight_rootcause_v1/ttbar_restricted_region_suite_v1/regions/20260816T231425Z_U9region_core_W15_S8_np1_v1p0p1/adaptive/W15_IL_M0_A00_S4/console.log	1
C_W15_IL_M0_A00_S4_F0	fixed	W15_IL_M0_A00_S4_F0	W15_IL_M0_A00_S4	A00	F0	S4	249371675	462903030	"5:50000:""gw"""	"3:200000:"""""	M0	IL	W15	SR_PLUS	15.0	/eos/user/c/cglenn/FCCWork/whizard/whizard_ttbar_spinpol/production/full6f_365gev_ee_ttbar_spinpol_v1/phase11_diagnostics/excess_weight_rootcause_v1/ttbar_restricted_region_suite_v1/regions/20260816T231425Z_U9region_core_W15_S8_np1_v1p0p1/W15/IL/M0/fixed/W15_IL_M0_A00_S4/F0	/eos/user/c/cglenn/FCCWork/whizard/whizard_ttbar_spinpol/production/full6f_365gev_ee_ttbar_spinpol_v1/phase11_diagnostics/excess_weight_rootcause_v1/ttbar_restricted_region_suite_v1/regions/20260816T231425Z_U9region_core_W15_S8_np1_v1p0p1/W15/IL/M0/fixed/W15_IL_M0_A00_S4/F0	/eos/user/c/cglenn/FCCWork/whizard/whizard_ttbar_spinpol/production/full6f_365gev_ee_ttbar_spinpol_v1/phase11_diagnostics/excess_weight_rootcause_v1/ttbar_restricted_region_suite_v1/regions/20260816T231425Z_U9region_core_W15_S8_np1_v1p0p1/fixed/W15_IL_M0_A00_S4/F0	runtime_flat_fallback	PASS	PASS	0	20733e0e17025d2c73f73a666c5b62f92c105ca98114231020130b77f5730d5d	f6f3b2215539ed29bb384026427bba892c3a0d23d56d95c28c84f629a87740fb	98d059795c0201b77ac1ec2380f465ecfd27096e4b6bc652d1f96ad27654d7e7	1	0	1	/eos/user/c/cglenn/FCCWork/whizard/whizard_ttbar_spinpol/production/full6f_365gev_ee_ttbar_spinpol_v1/phase11_diagnostics/excess_weight_rootcause_v1/ttbar_restricted_region_suite_v1/regions/20260816T231425Z_U9region_core_W15_S8_np1_v1p0p1/fixed/W15_IL_M0_A00_S4/F0/console.log	1
P_W15_IL_M0_A00_S5	adaptive	W15_IL_M0_A00_S5		A00		S5	531087687	197846737	"5:50000:""gw"""		M0	IL	W15	SR_PLUS	15.0	/eos/user/c/cglenn/FCCWork/whizard/whizard_ttbar_spinpol/production/full6f_365gev_ee_ttbar_spinpol_v1/phase11_diagnostics/excess_weight_rootcause_v1/ttbar_restricted_region_suite_v1/regions/20260816T231425Z_U9region_core_W15_S8_np1_v1p0p1/W15/IL/M0/adaptive/W15_IL_M0_A00_S5	/eos/user/c/cglenn/FCCWork/whizard/whizard_ttbar_spinpol/production/full6f_365gev_ee_ttbar_spinpol_v1/phase11_diagnostics/excess_weight_rootcause_v1/ttbar_restricted_region_suite_v1/regions/20260816T231425Z_U9region_core_W15_S8_np1_v1p0p1/W15/IL/M0/adaptive/W15_IL_M0_A00_S5	/eos/user/c/cglenn/FCCWork/whizard/whizard_ttbar_spinpol/production/full6f_365gev_ee_ttbar_spinpol_v1/phase11_diagnostics/excess_weight_rootcause_v1/ttbar_restricted_region_suite_v1/regions/20260816T231425Z_U9region_core_W15_S8_np1_v1p0p1/adaptive/W15_IL_M0_A00_S5	runtime_flat_fallback	PASS	PASS	0	20733e0e17025d2c73f73a666c5b62f92c105ca98114231020130b77f5730d5d	6ae1e9f48c253054164c01dbd06d36e95158138d699111a65a5bbd7594eeb398		0	1		/eos/user/c/cglenn/FCCWork/whizard/whizard_ttbar_spinpol/production/full6f_365gev_ee_ttbar_spinpol_v1/phase11_diagnostics/excess_weight_rootcause_v1/ttbar_restricted_region_suite_v1/regions/20260816T231425Z_U9region_core_W15_S8_np1_v1p0p1/adaptive/W15_IL_M0_A00_S5/console.log	1
C_W15_IL_M0_A00_S5_F0	fixed	W15_IL_M0_A00_S5_F0	W15_IL_M0_A00_S5	A00	F0	S5	531087687	197846737	"5:50000:""gw"""	"3:200000:"""""	M0	IL	W15	SR_PLUS	15.0	/eos/user/c/cglenn/FCCWork/whizard/whizard_ttbar_spinpol/production/full6f_365gev_ee_ttbar_spinpol_v1/phase11_diagnostics/excess_weight_rootcause_v1/ttbar_restricted_region_suite_v1/regions/20260816T231425Z_U9region_core_W15_S8_np1_v1p0p1/W15/IL/M0/fixed/W15_IL_M0_A00_S5/F0	/eos/user/c/cglenn/FCCWork/whizard/whizard_ttbar_spinpol/production/full6f_365gev_ee_ttbar_spinpol_v1/phase11_diagnostics/excess_weight_rootcause_v1/ttbar_restricted_region_suite_v1/regions/20260816T231425Z_U9region_core_W15_S8_np1_v1p0p1/W15/IL/M0/fixed/W15_IL_M0_A00_S5/F0	/eos/user/c/cglenn/FCCWork/whizard/whizard_ttbar_spinpol/production/full6f_365gev_ee_ttbar_spinpol_v1/phase11_diagnostics/excess_weight_rootcause_v1/ttbar_restricted_region_suite_v1/regions/20260816T231425Z_U9region_core_W15_S8_np1_v1p0p1/fixed/W15_IL_M0_A00_S5/F0	runtime_flat_fallback	PASS	PASS	0	20733e0e17025d2c73f73a666c5b62f92c105ca98114231020130b77f5730d5d	f478701741ba3ef7236cdb0fcbc69ca862c03ce5dfb20bcdd2f6045c6a6a777d	6ae1e9f48c253054164c01dbd06d36e95158138d699111a65a5bbd7594eeb398	1	0	1	/eos/user/c/cglenn/FCCWork/whizard/whizard_ttbar_spinpol/production/full6f_365gev_ee_ttbar_spinpol_v1/phase11_diagnostics/excess_weight_rootcause_v1/ttbar_restricted_region_suite_v1/regions/20260816T231425Z_U9region_core_W15_S8_np1_v1p0p1/fixed/W15_IL_M0_A00_S5/F0/console.log	1
P_W15_IL_M0_A00_S6	adaptive	W15_IL_M0_A00_S6		A00		S6	519963689	958460417	"5:50000:""gw"""		M0	IL	W15	SR_PLUS	15.0	/eos/user/c/cglenn/FCCWork/whizard/whizard_ttbar_spinpol/production/full6f_365gev_ee_ttbar_spinpol_v1/phase11_diagnostics/excess_weight_rootcause_v1/ttbar_restricted_region_suite_v1/regions/20260816T231425Z_U9region_core_W15_S8_np1_v1p0p1/W15/IL/M0/adaptive/W15_IL_M0_A00_S6	/eos/user/c/cglenn/FCCWork/whizard/whizard_ttbar_spinpol/production/full6f_365gev_ee_ttbar_spinpol_v1/phase11_diagnostics/excess_weight_rootcause_v1/ttbar_restricted_region_suite_v1/regions/20260816T231425Z_U9region_core_W15_S8_np1_v1p0p1/W15/IL/M0/adaptive/W15_IL_M0_A00_S6	/eos/user/c/cglenn/FCCWork/whizard/whizard_ttbar_spinpol/production/full6f_365gev_ee_ttbar_spinpol_v1/phase11_diagnostics/excess_weight_rootcause_v1/ttbar_restricted_region_suite_v1/regions/20260816T231425Z_U9region_core_W15_S8_np1_v1p0p1/adaptive/W15_IL_M0_A00_S6	runtime_flat_fallback	PASS	PASS	0	20733e0e17025d2c73f73a666c5b62f92c105ca98114231020130b77f5730d5d	9f6bc1767e88d078910274a1606991e2a542cc037de7281a0bf0acd22ccd6729		0	1		/eos/user/c/cglenn/FCCWork/whizard/whizard_ttbar_spinpol/production/full6f_365gev_ee_ttbar_spinpol_v1/phase11_diagnostics/excess_weight_rootcause_v1/ttbar_restricted_region_suite_v1/regions/20260816T231425Z_U9region_core_W15_S8_np1_v1p0p1/adaptive/W15_IL_M0_A00_S6/console.log	1
C_W15_IL_M0_A00_S6_F0	fixed	W15_IL_M0_A00_S6_F0	W15_IL_M0_A00_S6	A00	F0	S6	519963689	958460417	"5:50000:""gw"""	"3:200000:"""""	M0	IL	W15	SR_PLUS	15.0	/eos/user/c/cglenn/FCCWork/whizard/whizard_ttbar_spinpol/production/full6f_365gev_ee_ttbar_spinpol_v1/phase11_diagnostics/excess_weight_rootcause_v1/ttbar_restricted_region_suite_v1/regions/20260816T231425Z_U9region_core_W15_S8_np1_v1p0p1/W15/IL/M0/fixed/W15_IL_M0_A00_S6/F0	/eos/user/c/cglenn/FCCWork/whizard/whizard_ttbar_spinpol/production/full6f_365gev_ee_ttbar_spinpol_v1/phase11_diagnostics/excess_weight_rootcause_v1/ttbar_restricted_region_suite_v1/regions/20260816T231425Z_U9region_core_W15_S8_np1_v1p0p1/W15/IL/M0/fixed/W15_IL_M0_A00_S6/F0	/eos/user/c/cglenn/FCCWork/whizard/whizard_ttbar_spinpol/production/full6f_365gev_ee_ttbar_spinpol_v1/phase11_diagnostics/excess_weight_rootcause_v1/ttbar_restricted_region_suite_v1/regions/20260816T231425Z_U9region_core_W15_S8_np1_v1p0p1/fixed/W15_IL_M0_A00_S6/F0	runtime_flat_fallback	PASS	PASS	0	20733e0e17025d2c73f73a666c5b62f92c105ca98114231020130b77f5730d5d	fc2fe93363a9a3a050b396b3d06fd0a759e10ccd7d06dd294c471395ec46e206	9f6bc1767e88d078910274a1606991e2a542cc037de7281a0bf0acd22ccd6729	1	0	1	/eos/user/c/cglenn/FCCWork/whizard/whizard_ttbar_spinpol/production/full6f_365gev_ee_ttbar_spinpol_v1/phase11_diagnostics/excess_weight_rootcause_v1/ttbar_restricted_region_suite_v1/regions/20260816T231425Z_U9region_core_W15_S8_np1_v1p0p1/fixed/W15_IL_M0_A00_S6/F0/console.log	1
P_W15_IL_M0_A00_S7	adaptive	W15_IL_M0_A00_S7		A00		S7	1552803368	239117595	"5:50000:""gw"""		M0	IL	W15	SR_PLUS	15.0	/eos/user/c/cglenn/FCCWork/whizard/whizard_ttbar_spinpol/production/full6f_365gev_ee_ttbar_spinpol_v1/phase11_diagnostics/excess_weight_rootcause_v1/ttbar_restricted_region_suite_v1/regions/20260816T231425Z_U9region_core_W15_S8_np1_v1p0p1/W15/IL/M0/adaptive/W15_IL_M0_A00_S7	/eos/user/c/cglenn/FCCWork/whizard/whizard_ttbar_spinpol/production/full6f_365gev_ee_ttbar_spinpol_v1/phase11_diagnostics/excess_weight_rootcause_v1/ttbar_restricted_region_suite_v1/regions/20260816T231425Z_U9region_core_W15_S8_np1_v1p0p1/W15/IL/M0/adaptive/W15_IL_M0_A00_S7	/eos/user/c/cglenn/FCCWork/whizard/whizard_ttbar_spinpol/production/full6f_365gev_ee_ttbar_spinpol_v1/phase11_diagnostics/excess_weight_rootcause_v1/ttbar_restricted_region_suite_v1/regions/20260816T231425Z_U9region_core_W15_S8_np1_v1p0p1/adaptive/W15_IL_M0_A00_S7	runtime_flat_fallback	PASS	PASS	0	20733e0e17025d2c73f73a666c5b62f92c105ca98114231020130b77f5730d5d	70012ae2ebe8db49b1bcb06a6bd0fe5e4e3a3649e6f6c5b3762532a843bfc180		0	1		/eos/user/c/cglenn/FCCWork/whizard/whizard_ttbar_spinpol/production/full6f_365gev_ee_ttbar_spinpol_v1/phase11_diagnostics/excess_weight_rootcause_v1/ttbar_restricted_region_suite_v1/regions/20260816T231425Z_U9region_core_W15_S8_np1_v1p0p1/adaptive/W15_IL_M0_A00_S7/console.log	1
C_W15_IL_M0_A00_S7_F0	fixed	W15_IL_M0_A00_S7_F0	W15_IL_M0_A00_S7	A00	F0	S7	1552803368	239117595	"5:50000:""gw"""	"3:200000:"""""	M0	IL	W15	SR_PLUS	15.0	/eos/user/c/cglenn/FCCWork/whizard/whizard_ttbar_spinpol/production/full6f_365gev_ee_ttbar_spinpol_v1/phase11_diagnostics/excess_weight_rootcause_v1/ttbar_restricted_region_suite_v1/regions/20260816T231425Z_U9region_core_W15_S8_np1_v1p0p1/W15/IL/M0/fixed/W15_IL_M0_A00_S7/F0	/eos/user/c/cglenn/FCCWork/whizard/whizard_ttbar_spinpol/production/full6f_365gev_ee_ttbar_spinpol_v1/phase11_diagnostics/excess_weight_rootcause_v1/ttbar_restricted_region_suite_v1/regions/20260816T231425Z_U9region_core_W15_S8_np1_v1p0p1/W15/IL/M0/fixed/W15_IL_M0_A00_S7/F0	/eos/user/c/cglenn/FCCWork/whizard/whizard_ttbar_spinpol/production/full6f_365gev_ee_ttbar_spinpol_v1/phase11_diagnostics/excess_weight_rootcause_v1/ttbar_restricted_region_suite_v1/regions/20260816T231425Z_U9region_core_W15_S8_np1_v1p0p1/fixed/W15_IL_M0_A00_S7/F0	runtime_flat_fallback	PASS	PASS	0	20733e0e17025d2c73f73a666c5b62f92c105ca98114231020130b77f5730d5d	777aaefef2c78a94fd16d603c3f9820a464151563b5dfb0e7c9b7db053ba5eb0	70012ae2ebe8db49b1bcb06a6bd0fe5e4e3a3649e6f6c5b3762532a843bfc180	1	0	1	/eos/user/c/cglenn/FCCWork/whizard/whizard_ttbar_spinpol/production/full6f_365gev_ee_ttbar_spinpol_v1/phase11_diagnostics/excess_weight_rootcause_v1/ttbar_restricted_region_suite_v1/regions/20260816T231425Z_U9region_core_W15_S8_np1_v1p0p1/fixed/W15_IL_M0_A00_S7/F0/console.log	1
P_W15_IL_M1_A07_S0	adaptive	W15_IL_M1_A07_S0		A07		S0	1740114216	648318690	"10:100000:""gw"""		M1	IL	W15	SR_PLUS	15.0	/eos/user/c/cglenn/FCCWork/whizard/whizard_ttbar_spinpol/production/full6f_365gev_ee_ttbar_spinpol_v1/phase11_diagnostics/excess_weight_rootcause_v1/ttbar_restricted_region_suite_v1/regions/20260816T231425Z_U9region_core_W15_S8_np1_v1p0p1/W15/IL/M1/adaptive/W15_IL_M1_A07_S0	/eos/user/c/cglenn/FCCWork/whizard/whizard_ttbar_spinpol/production/full6f_365gev_ee_ttbar_spinpol_v1/phase11_diagnostics/excess_weight_rootcause_v1/ttbar_restricted_region_suite_v1/regions/20260816T231425Z_U9region_core_W15_S8_np1_v1p0p1/W15/IL/M1/adaptive/W15_IL_M1_A07_S0	/eos/user/c/cglenn/FCCWork/whizard/whizard_ttbar_spinpol/production/full6f_365gev_ee_ttbar_spinpol_v1/phase11_diagnostics/excess_weight_rootcause_v1/ttbar_restricted_region_suite_v1/regions/20260816T231425Z_U9region_core_W15_S8_np1_v1p0p1/adaptive/W15_IL_M1_A07_S0	runtime_flat_fallback	PASS	PASS	0	20733e0e17025d2c73f73a666c5b62f92c105ca98114231020130b77f5730d5d	2601fdc0237856b07274de7fce9cdde1d58df9ea0c169051257f3cbaa79dfb9b		0	1		/eos/user/c/cglenn/FCCWork/whizard/whizard_ttbar_spinpol/production/full6f_365gev_ee_ttbar_spinpol_v1/phase11_diagnostics/excess_weight_rootcause_v1/ttbar_restricted_region_suite_v1/regions/20260816T231425Z_U9region_core_W15_S8_np1_v1p0p1/adaptive/W15_IL_M1_A07_S0/console.log	1
C_W15_IL_M1_A07_S0_F0	fixed	W15_IL_M1_A07_S0_F0	W15_IL_M1_A07_S0	A07	F0	S0	1740114216	648318690	"10:100000:""gw"""	"3:200000:"""""	M1	IL	W15	SR_PLUS	15.0	/eos/user/c/cglenn/FCCWork/whizard/whizard_ttbar_spinpol/production/full6f_365gev_ee_ttbar_spinpol_v1/phase11_diagnostics/excess_weight_rootcause_v1/ttbar_restricted_region_suite_v1/regions/20260816T231425Z_U9region_core_W15_S8_np1_v1p0p1/W15/IL/M1/fixed/W15_IL_M1_A07_S0/F0	/eos/user/c/cglenn/FCCWork/whizard/whizard_ttbar_spinpol/production/full6f_365gev_ee_ttbar_spinpol_v1/phase11_diagnostics/excess_weight_rootcause_v1/ttbar_restricted_region_suite_v1/regions/20260816T231425Z_U9region_core_W15_S8_np1_v1p0p1/W15/IL/M1/fixed/W15_IL_M1_A07_S0/F0	/eos/user/c/cglenn/FCCWork/whizard/whizard_ttbar_spinpol/production/full6f_365gev_ee_ttbar_spinpol_v1/phase11_diagnostics/excess_weight_rootcause_v1/ttbar_restricted_region_suite_v1/regions/20260816T231425Z_U9region_core_W15_S8_np1_v1p0p1/fixed/W15_IL_M1_A07_S0/F0	runtime_flat_fallback	PASS	PASS	0	20733e0e17025d2c73f73a666c5b62f92c105ca98114231020130b77f5730d5d	15eca4c789a6b38da5c50a8ed7d1c12ef85a51e13b7169a7a2e9158034916d07	2601fdc0237856b07274de7fce9cdde1d58df9ea0c169051257f3cbaa79dfb9b	1	0	1	/eos/user/c/cglenn/FCCWork/whizard/whizard_ttbar_spinpol/production/full6f_365gev_ee_ttbar_spinpol_v1/phase11_diagnostics/excess_weight_rootcause_v1/ttbar_restricted_region_suite_v1/regions/20260816T231425Z_U9region_core_W15_S8_np1_v1p0p1/fixed/W15_IL_M1_A07_S0/F0/console.log	1
P_W15_IL_M1_A07_S1	adaptive	W15_IL_M1_A07_S1		A07		S1	1751949026	1404282457	"10:100000:""gw"""		M1	IL	W15	SR_PLUS	15.0	/eos/user/c/cglenn/FCCWork/whizard/whizard_ttbar_spinpol/production/full6f_365gev_ee_ttbar_spinpol_v1/phase11_diagnostics/excess_weight_rootcause_v1/ttbar_restricted_region_suite_v1/regions/20260816T231425Z_U9region_core_W15_S8_np1_v1p0p1/W15/IL/M1/adaptive/W15_IL_M1_A07_S1	/eos/user/c/cglenn/FCCWork/whizard/whizard_ttbar_spinpol/production/full6f_365gev_ee_ttbar_spinpol_v1/phase11_diagnostics/excess_weight_rootcause_v1/ttbar_restricted_region_suite_v1/regions/20260816T231425Z_U9region_core_W15_S8_np1_v1p0p1/W15/IL/M1/adaptive/W15_IL_M1_A07_S1	/eos/user/c/cglenn/FCCWork/whizard/whizard_ttbar_spinpol/production/full6f_365gev_ee_ttbar_spinpol_v1/phase11_diagnostics/excess_weight_rootcause_v1/ttbar_restricted_region_suite_v1/regions/20260816T231425Z_U9region_core_W15_S8_np1_v1p0p1/adaptive/W15_IL_M1_A07_S1	runtime_flat_fallback	PASS	PASS	0	20733e0e17025d2c73f73a666c5b62f92c105ca98114231020130b77f5730d5d	059a3bc31ac375d53740c84652676b164a5a8a494ce2f4a92c933783fc496ce3		0	1		/eos/user/c/cglenn/FCCWork/whizard/whizard_ttbar_spinpol/production/full6f_365gev_ee_ttbar_spinpol_v1/phase11_diagnostics/excess_weight_rootcause_v1/ttbar_restricted_region_suite_v1/regions/20260816T231425Z_U9region_core_W15_S8_np1_v1p0p1/adaptive/W15_IL_M1_A07_S1/console.log	1
C_W15_IL_M1_A07_S1_F0	fixed	W15_IL_M1_A07_S1_F0	W15_IL_M1_A07_S1	A07	F0	S1	1751949026	1404282457	"10:100000:""gw"""	"3:200000:"""""	M1	IL	W15	SR_PLUS	15.0	/eos/user/c/cglenn/FCCWork/whizard/whizard_ttbar_spinpol/production/full6f_365gev_ee_ttbar_spinpol_v1/phase11_diagnostics/excess_weight_rootcause_v1/ttbar_restricted_region_suite_v1/regions/20260816T231425Z_U9region_core_W15_S8_np1_v1p0p1/W15/IL/M1/fixed/W15_IL_M1_A07_S1/F0	/eos/user/c/cglenn/FCCWork/whizard/whizard_ttbar_spinpol/production/full6f_365gev_ee_ttbar_spinpol_v1/phase11_diagnostics/excess_weight_rootcause_v1/ttbar_restricted_region_suite_v1/regions/20260816T231425Z_U9region_core_W15_S8_np1_v1p0p1/W15/IL/M1/fixed/W15_IL_M1_A07_S1/F0	/eos/user/c/cglenn/FCCWork/whizard/whizard_ttbar_spinpol/production/full6f_365gev_ee_ttbar_spinpol_v1/phase11_diagnostics/excess_weight_rootcause_v1/ttbar_restricted_region_suite_v1/regions/20260816T231425Z_U9region_core_W15_S8_np1_v1p0p1/fixed/W15_IL_M1_A07_S1/F0	runtime_flat_fallback	PASS	PASS	0	20733e0e17025d2c73f73a666c5b62f92c105ca98114231020130b77f5730d5d	ada8a78c52d81d561ceb70380e73aad261cb7469570f091c49c5619780e0dcdf	059a3bc31ac375d53740c84652676b164a5a8a494ce2f4a92c933783fc496ce3	1	0	1	/eos/user/c/cglenn/FCCWork/whizard/whizard_ttbar_spinpol/production/full6f_365gev_ee_ttbar_spinpol_v1/phase11_diagnostics/excess_weight_rootcause_v1/ttbar_restricted_region_suite_v1/regions/20260816T231425Z_U9region_core_W15_S8_np1_v1p0p1/fixed/W15_IL_M1_A07_S1/F0/console.log	1
P_W15_IL_M1_A07_S2	adaptive	W15_IL_M1_A07_S2		A07		S2	1885084773	1596606550	"10:100000:""gw"""		M1	IL	W15	SR_PLUS	15.0	/eos/user/c/cglenn/FCCWork/whizard/whizard_ttbar_spinpol/production/full6f_365gev_ee_ttbar_spinpol_v1/phase11_diagnostics/excess_weight_rootcause_v1/ttbar_restricted_region_suite_v1/regions/20260816T231425Z_U9region_core_W15_S8_np1_v1p0p1/W15/IL/M1/adaptive/W15_IL_M1_A07_S2	/eos/user/c/cglenn/FCCWork/whizard/whizard_ttbar_spinpol/production/full6f_365gev_ee_ttbar_spinpol_v1/phase11_diagnostics/excess_weight_rootcause_v1/ttbar_restricted_region_suite_v1/regions/20260816T231425Z_U9region_core_W15_S8_np1_v1p0p1/W15/IL/M1/adaptive/W15_IL_M1_A07_S2	/eos/user/c/cglenn/FCCWork/whizard/whizard_ttbar_spinpol/production/full6f_365gev_ee_ttbar_spinpol_v1/phase11_diagnostics/excess_weight_rootcause_v1/ttbar_restricted_region_suite_v1/regions/20260816T231425Z_U9region_core_W15_S8_np1_v1p0p1/adaptive/W15_IL_M1_A07_S2	runtime_flat_fallback	PASS	PASS	0	20733e0e17025d2c73f73a666c5b62f92c105ca98114231020130b77f5730d5d	8ca813bbeb9379ea2a522726793be16223ee94b9a4ad7ba9b107abe54b8b6274		0	1		/eos/user/c/cglenn/FCCWork/whizard/whizard_ttbar_spinpol/production/full6f_365gev_ee_ttbar_spinpol_v1/phase11_diagnostics/excess_weight_rootcause_v1/ttbar_restricted_region_suite_v1/regions/20260816T231425Z_U9region_core_W15_S8_np1_v1p0p1/adaptive/W15_IL_M1_A07_S2/console.log	1
C_W15_IL_M1_A07_S2_F0	fixed	W15_IL_M1_A07_S2_F0	W15_IL_M1_A07_S2	A07	F0	S2	1885084773	1596606550	"10:100000:""gw"""	"3:200000:"""""	M1	IL	W15	SR_PLUS	15.0	/eos/user/c/cglenn/FCCWork/whizard/whizard_ttbar_spinpol/production/full6f_365gev_ee_ttbar_spinpol_v1/phase11_diagnostics/excess_weight_rootcause_v1/ttbar_restricted_region_suite_v1/regions/20260816T231425Z_U9region_core_W15_S8_np1_v1p0p1/W15/IL/M1/fixed/W15_IL_M1_A07_S2/F0	/eos/user/c/cglenn/FCCWork/whizard/whizard_ttbar_spinpol/production/full6f_365gev_ee_ttbar_spinpol_v1/phase11_diagnostics/excess_weight_rootcause_v1/ttbar_restricted_region_suite_v1/regions/20260816T231425Z_U9region_core_W15_S8_np1_v1p0p1/W15/IL/M1/fixed/W15_IL_M1_A07_S2/F0	/eos/user/c/cglenn/FCCWork/whizard/whizard_ttbar_spinpol/production/full6f_365gev_ee_ttbar_spinpol_v1/phase11_diagnostics/excess_weight_rootcause_v1/ttbar_restricted_region_suite_v1/regions/20260816T231425Z_U9region_core_W15_S8_np1_v1p0p1/fixed/W15_IL_M1_A07_S2/F0	runtime_flat_fallback	PASS	PASS	0	20733e0e17025d2c73f73a666c5b62f92c105ca98114231020130b77f5730d5d	6bcd1602aa61860a34295710bd0fc113da7c1af9bfe729adc78f8e5157942861	8ca813bbeb9379ea2a522726793be16223ee94b9a4ad7ba9b107abe54b8b6274	1	0	1	/eos/user/c/cglenn/FCCWork/whizard/whizard_ttbar_spinpol/production/full6f_365gev_ee_ttbar_spinpol_v1/phase11_diagnostics/excess_weight_rootcause_v1/ttbar_restricted_region_suite_v1/regions/20260816T231425Z_U9region_core_W15_S8_np1_v1p0p1/fixed/W15_IL_M1_A07_S2/F0/console.log	1
P_W15_IL_M1_A07_S3	adaptive	W15_IL_M1_A07_S3		A07		S3	134326786	769890491	"10:100000:""gw"""		M1	IL	W15	SR_PLUS	15.0	/eos/user/c/cglenn/FCCWork/whizard/whizard_ttbar_spinpol/production/full6f_365gev_ee_ttbar_spinpol_v1/phase11_diagnostics/excess_weight_rootcause_v1/ttbar_restricted_region_suite_v1/regions/20260816T231425Z_U9region_core_W15_S8_np1_v1p0p1/W15/IL/M1/adaptive/W15_IL_M1_A07_S3	/eos/user/c/cglenn/FCCWork/whizard/whizard_ttbar_spinpol/production/full6f_365gev_ee_ttbar_spinpol_v1/phase11_diagnostics/excess_weight_rootcause_v1/ttbar_restricted_region_suite_v1/regions/20260816T231425Z_U9region_core_W15_S8_np1_v1p0p1/W15/IL/M1/adaptive/W15_IL_M1_A07_S3	/eos/user/c/cglenn/FCCWork/whizard/whizard_ttbar_spinpol/production/full6f_365gev_ee_ttbar_spinpol_v1/phase11_diagnostics/excess_weight_rootcause_v1/ttbar_restricted_region_suite_v1/regions/20260816T231425Z_U9region_core_W15_S8_np1_v1p0p1/adaptive/W15_IL_M1_A07_S3	runtime_flat_fallback	PASS	PASS	0	20733e0e17025d2c73f73a666c5b62f92c105ca98114231020130b77f5730d5d	dcac583cada1c6001eb37e72f75baf20793be572405784606bacb2a8f939a6bb		0	1		/eos/user/c/cglenn/FCCWork/whizard/whizard_ttbar_spinpol/production/full6f_365gev_ee_ttbar_spinpol_v1/phase11_diagnostics/excess_weight_rootcause_v1/ttbar_restricted_region_suite_v1/regions/20260816T231425Z_U9region_core_W15_S8_np1_v1p0p1/adaptive/W15_IL_M1_A07_S3/console.log	1
C_W15_IL_M1_A07_S3_F0	fixed	W15_IL_M1_A07_S3_F0	W15_IL_M1_A07_S3	A07	F0	S3	134326786	769890491	"10:100000:""gw"""	"3:200000:"""""	M1	IL	W15	SR_PLUS	15.0	/eos/user/c/cglenn/FCCWork/whizard/whizard_ttbar_spinpol/production/full6f_365gev_ee_ttbar_spinpol_v1/phase11_diagnostics/excess_weight_rootcause_v1/ttbar_restricted_region_suite_v1/regions/20260816T231425Z_U9region_core_W15_S8_np1_v1p0p1/W15/IL/M1/fixed/W15_IL_M1_A07_S3/F0	/eos/user/c/cglenn/FCCWork/whizard/whizard_ttbar_spinpol/production/full6f_365gev_ee_ttbar_spinpol_v1/phase11_diagnostics/excess_weight_rootcause_v1/ttbar_restricted_region_suite_v1/regions/20260816T231425Z_U9region_core_W15_S8_np1_v1p0p1/W15/IL/M1/fixed/W15_IL_M1_A07_S3/F0	/eos/user/c/cglenn/FCCWork/whizard/whizard_ttbar_spinpol/production/full6f_365gev_ee_ttbar_spinpol_v1/phase11_diagnostics/excess_weight_rootcause_v1/ttbar_restricted_region_suite_v1/regions/20260816T231425Z_U9region_core_W15_S8_np1_v1p0p1/fixed/W15_IL_M1_A07_S3/F0	runtime_flat_fallback	PASS	PASS	0	20733e0e17025d2c73f73a666c5b62f92c105ca98114231020130b77f5730d5d	2d61cf771e00aea0957e2a6b3d09ef98c4f9bbee1c76bbfa797def702924bbb3	dcac583cada1c6001eb37e72f75baf20793be572405784606bacb2a8f939a6bb	1	0	1	/eos/user/c/cglenn/FCCWork/whizard/whizard_ttbar_spinpol/production/full6f_365gev_ee_ttbar_spinpol_v1/phase11_diagnostics/excess_weight_rootcause_v1/ttbar_restricted_region_suite_v1/regions/20260816T231425Z_U9region_core_W15_S8_np1_v1p0p1/fixed/W15_IL_M1_A07_S3/F0/console.log	1
P_W15_IL_M1_A07_S4	adaptive	W15_IL_M1_A07_S4		A07		S4	249371675	462903030	"10:100000:""gw"""		M1	IL	W15	SR_PLUS	15.0	/eos/user/c/cglenn/FCCWork/whizard/whizard_ttbar_spinpol/production/full6f_365gev_ee_ttbar_spinpol_v1/phase11_diagnostics/excess_weight_rootcause_v1/ttbar_restricted_region_suite_v1/regions/20260816T231425Z_U9region_core_W15_S8_np1_v1p0p1/W15/IL/M1/adaptive/W15_IL_M1_A07_S4	/eos/user/c/cglenn/FCCWork/whizard/whizard_ttbar_spinpol/production/full6f_365gev_ee_ttbar_spinpol_v1/phase11_diagnostics/excess_weight_rootcause_v1/ttbar_restricted_region_suite_v1/regions/20260816T231425Z_U9region_core_W15_S8_np1_v1p0p1/W15/IL/M1/adaptive/W15_IL_M1_A07_S4	/eos/user/c/cglenn/FCCWork/whizard/whizard_ttbar_spinpol/production/full6f_365gev_ee_ttbar_spinpol_v1/phase11_diagnostics/excess_weight_rootcause_v1/ttbar_restricted_region_suite_v1/regions/20260816T231425Z_U9region_core_W15_S8_np1_v1p0p1/adaptive/W15_IL_M1_A07_S4	runtime_flat_fallback	PASS	PASS	0	20733e0e17025d2c73f73a666c5b62f92c105ca98114231020130b77f5730d5d	d39dbc12990d603f9935896600826b6b8a9171523b1e501eb4163cc805e28fed		0	1		/eos/user/c/cglenn/FCCWork/whizard/whizard_ttbar_spinpol/production/full6f_365gev_ee_ttbar_spinpol_v1/phase11_diagnostics/excess_weight_rootcause_v1/ttbar_restricted_region_suite_v1/regions/20260816T231425Z_U9region_core_W15_S8_np1_v1p0p1/adaptive/W15_IL_M1_A07_S4/console.log	1
C_W15_IL_M1_A07_S4_F0	fixed	W15_IL_M1_A07_S4_F0	W15_IL_M1_A07_S4	A07	F0	S4	249371675	462903030	"10:100000:""gw"""	"3:200000:"""""	M1	IL	W15	SR_PLUS	15.0	/eos/user/c/cglenn/FCCWork/whizard/whizard_ttbar_spinpol/production/full6f_365gev_ee_ttbar_spinpol_v1/phase11_diagnostics/excess_weight_rootcause_v1/ttbar_restricted_region_suite_v1/regions/20260816T231425Z_U9region_core_W15_S8_np1_v1p0p1/W15/IL/M1/fixed/W15_IL_M1_A07_S4/F0	/eos/user/c/cglenn/FCCWork/whizard/whizard_ttbar_spinpol/production/full6f_365gev_ee_ttbar_spinpol_v1/phase11_diagnostics/excess_weight_rootcause_v1/ttbar_restricted_region_suite_v1/regions/20260816T231425Z_U9region_core_W15_S8_np1_v1p0p1/W15/IL/M1/fixed/W15_IL_M1_A07_S4/F0	/eos/user/c/cglenn/FCCWork/whizard/whizard_ttbar_spinpol/production/full6f_365gev_ee_ttbar_spinpol_v1/phase11_diagnostics/excess_weight_rootcause_v1/ttbar_restricted_region_suite_v1/regions/20260816T231425Z_U9region_core_W15_S8_np1_v1p0p1/fixed/W15_IL_M1_A07_S4/F0	runtime_flat_fallback	PASS	PASS	0	20733e0e17025d2c73f73a666c5b62f92c105ca98114231020130b77f5730d5d	e4c0b5134c142660cd4a75a4736c7a7038f8dcfea26e2b7e07310a61accc73af	d39dbc12990d603f9935896600826b6b8a9171523b1e501eb4163cc805e28fed	1	0	1	/eos/user/c/cglenn/FCCWork/whizard/whizard_ttbar_spinpol/production/full6f_365gev_ee_ttbar_spinpol_v1/phase11_diagnostics/excess_weight_rootcause_v1/ttbar_restricted_region_suite_v1/regions/20260816T231425Z_U9region_core_W15_S8_np1_v1p0p1/fixed/W15_IL_M1_A07_S4/F0/console.log	1
P_W15_IL_M1_A07_S5	adaptive	W15_IL_M1_A07_S5		A07		S5	531087687	197846737	"10:100000:""gw"""		M1	IL	W15	SR_PLUS	15.0	/eos/user/c/cglenn/FCCWork/whizard/whizard_ttbar_spinpol/production/full6f_365gev_ee_ttbar_spinpol_v1/phase11_diagnostics/excess_weight_rootcause_v1/ttbar_restricted_region_suite_v1/regions/20260816T231425Z_U9region_core_W15_S8_np1_v1p0p1/W15/IL/M1/adaptive/W15_IL_M1_A07_S5	/eos/user/c/cglenn/FCCWork/whizard/whizard_ttbar_spinpol/production/full6f_365gev_ee_ttbar_spinpol_v1/phase11_diagnostics/excess_weight_rootcause_v1/ttbar_restricted_region_suite_v1/regions/20260816T231425Z_U9region_core_W15_S8_np1_v1p0p1/W15/IL/M1/adaptive/W15_IL_M1_A07_S5	/eos/user/c/cglenn/FCCWork/whizard/whizard_ttbar_spinpol/production/full6f_365gev_ee_ttbar_spinpol_v1/phase11_diagnostics/excess_weight_rootcause_v1/ttbar_restricted_region_suite_v1/regions/20260816T231425Z_U9region_core_W15_S8_np1_v1p0p1/adaptive/W15_IL_M1_A07_S5	runtime_flat_fallback	PASS	PASS	0	20733e0e17025d2c73f73a666c5b62f92c105ca98114231020130b77f5730d5d	16374e4222c97185f88e356e9c6dc8b26f32d9e9283ad6a9bc2d5e279cdbb1c9		0	1		/eos/user/c/cglenn/FCCWork/whizard/whizard_ttbar_spinpol/production/full6f_365gev_ee_ttbar_spinpol_v1/phase11_diagnostics/excess_weight_rootcause_v1/ttbar_restricted_region_suite_v1/regions/20260816T231425Z_U9region_core_W15_S8_np1_v1p0p1/adaptive/W15_IL_M1_A07_S5/console.log	1
C_W15_IL_M1_A07_S5_F0	fixed	W15_IL_M1_A07_S5_F0	W15_IL_M1_A07_S5	A07	F0	S5	531087687	197846737	"10:100000:""gw"""	"3:200000:"""""	M1	IL	W15	SR_PLUS	15.0	/eos/user/c/cglenn/FCCWork/whizard/whizard_ttbar_spinpol/production/full6f_365gev_ee_ttbar_spinpol_v1/phase11_diagnostics/excess_weight_rootcause_v1/ttbar_restricted_region_suite_v1/regions/20260816T231425Z_U9region_core_W15_S8_np1_v1p0p1/W15/IL/M1/fixed/W15_IL_M1_A07_S5/F0	/eos/user/c/cglenn/FCCWork/whizard/whizard_ttbar_spinpol/production/full6f_365gev_ee_ttbar_spinpol_v1/phase11_diagnostics/excess_weight_rootcause_v1/ttbar_restricted_region_suite_v1/regions/20260816T231425Z_U9region_core_W15_S8_np1_v1p0p1/W15/IL/M1/fixed/W15_IL_M1_A07_S5/F0	/eos/user/c/cglenn/FCCWork/whizard/whizard_ttbar_spinpol/production/full6f_365gev_ee_ttbar_spinpol_v1/phase11_diagnostics/excess_weight_rootcause_v1/ttbar_restricted_region_suite_v1/regions/20260816T231425Z_U9region_core_W15_S8_np1_v1p0p1/fixed/W15_IL_M1_A07_S5/F0	runtime_flat_fallback	PASS	PASS	0	20733e0e17025d2c73f73a666c5b62f92c105ca98114231020130b77f5730d5d	c9143840e6059e80cde5e90d1b366959ea75c6ebe2264532e667018e704a15b4	16374e4222c97185f88e356e9c6dc8b26f32d9e9283ad6a9bc2d5e279cdbb1c9	1	0	1	/eos/user/c/cglenn/FCCWork/whizard/whizard_ttbar_spinpol/production/full6f_365gev_ee_ttbar_spinpol_v1/phase11_diagnostics/excess_weight_rootcause_v1/ttbar_restricted_region_suite_v1/regions/20260816T231425Z_U9region_core_W15_S8_np1_v1p0p1/fixed/W15_IL_M1_A07_S5/F0/console.log	1
P_W15_IL_M1_A07_S6	adaptive	W15_IL_M1_A07_S6		A07		S6	519963689	958460417	"10:100000:""gw"""		M1	IL	W15	SR_PLUS	15.0	/eos/user/c/cglenn/FCCWork/whizard/whizard_ttbar_spinpol/production/full6f_365gev_ee_ttbar_spinpol_v1/phase11_diagnostics/excess_weight_rootcause_v1/ttbar_restricted_region_suite_v1/regions/20260816T231425Z_U9region_core_W15_S8_np1_v1p0p1/W15/IL/M1/adaptive/W15_IL_M1_A07_S6	/eos/user/c/cglenn/FCCWork/whizard/whizard_ttbar_spinpol/production/full6f_365gev_ee_ttbar_spinpol_v1/phase11_diagnostics/excess_weight_rootcause_v1/ttbar_restricted_region_suite_v1/regions/20260816T231425Z_U9region_core_W15_S8_np1_v1p0p1/W15/IL/M1/adaptive/W15_IL_M1_A07_S6	/eos/user/c/cglenn/FCCWork/whizard/whizard_ttbar_spinpol/production/full6f_365gev_ee_ttbar_spinpol_v1/phase11_diagnostics/excess_weight_rootcause_v1/ttbar_restricted_region_suite_v1/regions/20260816T231425Z_U9region_core_W15_S8_np1_v1p0p1/adaptive/W15_IL_M1_A07_S6	runtime_flat_fallback	PASS	PASS	0	20733e0e17025d2c73f73a666c5b62f92c105ca98114231020130b77f5730d5d	55d24ed923ccebd353cf353f0aaa0b2becc8fe5128bb17bf559d3c5d1f4d4bc0		0	1		/eos/user/c/cglenn/FCCWork/whizard/whizard_ttbar_spinpol/production/full6f_365gev_ee_ttbar_spinpol_v1/phase11_diagnostics/excess_weight_rootcause_v1/ttbar_restricted_region_suite_v1/regions/20260816T231425Z_U9region_core_W15_S8_np1_v1p0p1/adaptive/W15_IL_M1_A07_S6/console.log	1
C_W15_IL_M1_A07_S6_F0	fixed	W15_IL_M1_A07_S6_F0	W15_IL_M1_A07_S6	A07	F0	S6	519963689	958460417	"10:100000:""gw"""	"3:200000:"""""	M1	IL	W15	SR_PLUS	15.0	/eos/user/c/cglenn/FCCWork/whizard/whizard_ttbar_spinpol/production/full6f_365gev_ee_ttbar_spinpol_v1/phase11_diagnostics/excess_weight_rootcause_v1/ttbar_restricted_region_suite_v1/regions/20260816T231425Z_U9region_core_W15_S8_np1_v1p0p1/W15/IL/M1/fixed/W15_IL_M1_A07_S6/F0	/eos/user/c/cglenn/FCCWork/whizard/whizard_ttbar_spinpol/production/full6f_365gev_ee_ttbar_spinpol_v1/phase11_diagnostics/excess_weight_rootcause_v1/ttbar_restricted_region_suite_v1/regions/20260816T231425Z_U9region_core_W15_S8_np1_v1p0p1/W15/IL/M1/fixed/W15_IL_M1_A07_S6/F0	/eos/user/c/cglenn/FCCWork/whizard/whizard_ttbar_spinpol/production/full6f_365gev_ee_ttbar_spinpol_v1/phase11_diagnostics/excess_weight_rootcause_v1/ttbar_restricted_region_suite_v1/regions/20260816T231425Z_U9region_core_W15_S8_np1_v1p0p1/fixed/W15_IL_M1_A07_S6/F0	runtime_flat_fallback	PASS	PASS	0	20733e0e17025d2c73f73a666c5b62f92c105ca98114231020130b77f5730d5d	7880b22c47e89b5eb582fb5380ac2a4f8a1f5e983ac5f37784edc335ccb2aa77	55d24ed923ccebd353cf353f0aaa0b2becc8fe5128bb17bf559d3c5d1f4d4bc0	1	0	1	/eos/user/c/cglenn/FCCWork/whizard/whizard_ttbar_spinpol/production/full6f_365gev_ee_ttbar_spinpol_v1/phase11_diagnostics/excess_weight_rootcause_v1/ttbar_restricted_region_suite_v1/regions/20260816T231425Z_U9region_core_W15_S8_np1_v1p0p1/fixed/W15_IL_M1_A07_S6/F0/console.log	1
P_W15_IL_M1_A07_S7	adaptive	W15_IL_M1_A07_S7		A07		S7	1552803368	239117595	"10:100000:""gw"""		M1	IL	W15	SR_PLUS	15.0	/eos/user/c/cglenn/FCCWork/whizard/whizard_ttbar_spinpol/production/full6f_365gev_ee_ttbar_spinpol_v1/phase11_diagnostics/excess_weight_rootcause_v1/ttbar_restricted_region_suite_v1/regions/20260816T231425Z_U9region_core_W15_S8_np1_v1p0p1/W15/IL/M1/adaptive/W15_IL_M1_A07_S7	/eos/user/c/cglenn/FCCWork/whizard/whizard_ttbar_spinpol/production/full6f_365gev_ee_ttbar_spinpol_v1/phase11_diagnostics/excess_weight_rootcause_v1/ttbar_restricted_region_suite_v1/regions/20260816T231425Z_U9region_core_W15_S8_np1_v1p0p1/W15/IL/M1/adaptive/W15_IL_M1_A07_S7	/eos/user/c/cglenn/FCCWork/whizard/whizard_ttbar_spinpol/production/full6f_365gev_ee_ttbar_spinpol_v1/phase11_diagnostics/excess_weight_rootcause_v1/ttbar_restricted_region_suite_v1/regions/20260816T231425Z_U9region_core_W15_S8_np1_v1p0p1/adaptive/W15_IL_M1_A07_S7	runtime_flat_fallback	PASS	PASS	0	20733e0e17025d2c73f73a666c5b62f92c105ca98114231020130b77f5730d5d	a1d3de907ed26611a9a2b08ab2a02663cc8d0dec336506e86a0ebbf6cebb769a		0	1		/eos/user/c/cglenn/FCCWork/whizard/whizard_ttbar_spinpol/production/full6f_365gev_ee_ttbar_spinpol_v1/phase11_diagnostics/excess_weight_rootcause_v1/ttbar_restricted_region_suite_v1/regions/20260816T231425Z_U9region_core_W15_S8_np1_v1p0p1/adaptive/W15_IL_M1_A07_S7/console.log	1
C_W15_IL_M1_A07_S7_F0	fixed	W15_IL_M1_A07_S7_F0	W15_IL_M1_A07_S7	A07	F0	S7	1552803368	239117595	"10:100000:""gw"""	"3:200000:"""""	M1	IL	W15	SR_PLUS	15.0	/eos/user/c/cglenn/FCCWork/whizard/whizard_ttbar_spinpol/production/full6f_365gev_ee_ttbar_spinpol_v1/phase11_diagnostics/excess_weight_rootcause_v1/ttbar_restricted_region_suite_v1/regions/20260816T231425Z_U9region_core_W15_S8_np1_v1p0p1/W15/IL/M1/fixed/W15_IL_M1_A07_S7/F0	/eos/user/c/cglenn/FCCWork/whizard/whizard_ttbar_spinpol/production/full6f_365gev_ee_ttbar_spinpol_v1/phase11_diagnostics/excess_weight_rootcause_v1/ttbar_restricted_region_suite_v1/regions/20260816T231425Z_U9region_core_W15_S8_np1_v1p0p1/W15/IL/M1/fixed/W15_IL_M1_A07_S7/F0	/eos/user/c/cglenn/FCCWork/whizard/whizard_ttbar_spinpol/production/full6f_365gev_ee_ttbar_spinpol_v1/phase11_diagnostics/excess_weight_rootcause_v1/ttbar_restricted_region_suite_v1/regions/20260816T231425Z_U9region_core_W15_S8_np1_v1p0p1/fixed/W15_IL_M1_A07_S7/F0	runtime_flat_fallback	PASS	PASS	0	20733e0e17025d2c73f73a666c5b62f92c105ca98114231020130b77f5730d5d	87d90f71c7415e96893924ab906bce10ca58a22429bd7a531f542d1e07b89590	a1d3de907ed26611a9a2b08ab2a02663cc8d0dec336506e86a0ebbf6cebb769a	1	0	1	/eos/user/c/cglenn/FCCWork/whizard/whizard_ttbar_spinpol/production/full6f_365gev_ee_ttbar_spinpol_v1/phase11_diagnostics/excess_weight_rootcause_v1/ttbar_restricted_region_suite_v1/regions/20260816T231425Z_U9region_core_W15_S8_np1_v1p0p1/fixed/W15_IL_M1_A07_S7/F0/console.log	1
P_W15_IL_M2_A10_S0	adaptive	W15_IL_M2_A10_S0		A10		S0	1740114216	648318690	"1:1000000:""gw"""		M2	IL	W15	SR_PLUS	15.0	/eos/user/c/cglenn/FCCWork/whizard/whizard_ttbar_spinpol/production/full6f_365gev_ee_ttbar_spinpol_v1/phase11_diagnostics/excess_weight_rootcause_v1/ttbar_restricted_region_suite_v1/regions/20260816T231425Z_U9region_core_W15_S8_np1_v1p0p1/W15/IL/M2/adaptive/W15_IL_M2_A10_S0	/eos/user/c/cglenn/FCCWork/whizard/whizard_ttbar_spinpol/production/full6f_365gev_ee_ttbar_spinpol_v1/phase11_diagnostics/excess_weight_rootcause_v1/ttbar_restricted_region_suite_v1/regions/20260816T231425Z_U9region_core_W15_S8_np1_v1p0p1/W15/IL/M2/adaptive/W15_IL_M2_A10_S0	/eos/user/c/cglenn/FCCWork/whizard/whizard_ttbar_spinpol/production/full6f_365gev_ee_ttbar_spinpol_v1/phase11_diagnostics/excess_weight_rootcause_v1/ttbar_restricted_region_suite_v1/regions/20260816T231425Z_U9region_core_W15_S8_np1_v1p0p1/adaptive/W15_IL_M2_A10_S0	runtime_flat_fallback	PASS	PASS	0	20733e0e17025d2c73f73a666c5b62f92c105ca98114231020130b77f5730d5d	83831940e940f4bd80907a44299e9f8980dff2e315ccf3253abd432076ed6e63		0	1		/eos/user/c/cglenn/FCCWork/whizard/whizard_ttbar_spinpol/production/full6f_365gev_ee_ttbar_spinpol_v1/phase11_diagnostics/excess_weight_rootcause_v1/ttbar_restricted_region_suite_v1/regions/20260816T231425Z_U9region_core_W15_S8_np1_v1p0p1/adaptive/W15_IL_M2_A10_S0/console.log	1
C_W15_IL_M2_A10_S0_F2	fixed	W15_IL_M2_A10_S0_F2	W15_IL_M2_A10_S0	A10	F2	S0	1740114216	648318690	"1:1000000:""gw"""	"1:2000000:"""""	M2	IL	W15	SR_PLUS	15.0	/eos/user/c/cglenn/FCCWork/whizard/whizard_ttbar_spinpol/production/full6f_365gev_ee_ttbar_spinpol_v1/phase11_diagnostics/excess_weight_rootcause_v1/ttbar_restricted_region_suite_v1/regions/20260816T231425Z_U9region_core_W15_S8_np1_v1p0p1/W15/IL/M2/fixed/W15_IL_M2_A10_S0/F2	/eos/user/c/cglenn/FCCWork/whizard/whizard_ttbar_spinpol/production/full6f_365gev_ee_ttbar_spinpol_v1/phase11_diagnostics/excess_weight_rootcause_v1/ttbar_restricted_region_suite_v1/regions/20260816T231425Z_U9region_core_W15_S8_np1_v1p0p1/W15/IL/M2/fixed/W15_IL_M2_A10_S0/F2	/eos/user/c/cglenn/FCCWork/whizard/whizard_ttbar_spinpol/production/full6f_365gev_ee_ttbar_spinpol_v1/phase11_diagnostics/excess_weight_rootcause_v1/ttbar_restricted_region_suite_v1/regions/20260816T231425Z_U9region_core_W15_S8_np1_v1p0p1/fixed/W15_IL_M2_A10_S0/F2	runtime_flat_fallback	PASS	PASS	0	20733e0e17025d2c73f73a666c5b62f92c105ca98114231020130b77f5730d5d	183e7c54883993f6a25678ebf258adf47042fe614ddfbb43f57faeed5418a138	83831940e940f4bd80907a44299e9f8980dff2e315ccf3253abd432076ed6e63	1	0	1	/eos/user/c/cglenn/FCCWork/whizard/whizard_ttbar_spinpol/production/full6f_365gev_ee_ttbar_spinpol_v1/phase11_diagnostics/excess_weight_rootcause_v1/ttbar_restricted_region_suite_v1/regions/20260816T231425Z_U9region_core_W15_S8_np1_v1p0p1/fixed/W15_IL_M2_A10_S0/F2/console.log	1
P_W15_IL_M2_A10_S1	adaptive	W15_IL_M2_A10_S1		A10		S1	1751949026	1404282457	"1:1000000:""gw"""		M2	IL	W15	SR_PLUS	15.0	/eos/user/c/cglenn/FCCWork/whizard/whizard_ttbar_spinpol/production/full6f_365gev_ee_ttbar_spinpol_v1/phase11_diagnostics/excess_weight_rootcause_v1/ttbar_restricted_region_suite_v1/regions/20260816T231425Z_U9region_core_W15_S8_np1_v1p0p1/W15/IL/M2/adaptive/W15_IL_M2_A10_S1	/eos/user/c/cglenn/FCCWork/whizard/whizard_ttbar_spinpol/production/full6f_365gev_ee_ttbar_spinpol_v1/phase11_diagnostics/excess_weight_rootcause_v1/ttbar_restricted_region_suite_v1/regions/20260816T231425Z_U9region_core_W15_S8_np1_v1p0p1/W15/IL/M2/adaptive/W15_IL_M2_A10_S1	/eos/user/c/cglenn/FCCWork/whizard/whizard_ttbar_spinpol/production/full6f_365gev_ee_ttbar_spinpol_v1/phase11_diagnostics/excess_weight_rootcause_v1/ttbar_restricted_region_suite_v1/regions/20260816T231425Z_U9region_core_W15_S8_np1_v1p0p1/adaptive/W15_IL_M2_A10_S1	runtime_flat_fallback	PASS	PASS	0	20733e0e17025d2c73f73a666c5b62f92c105ca98114231020130b77f5730d5d	8c37443502cc02150e5fca5040dd569e111678a683d0c9f822514654c97d84e7		0	1		/eos/user/c/cglenn/FCCWork/whizard/whizard_ttbar_spinpol/production/full6f_365gev_ee_ttbar_spinpol_v1/phase11_diagnostics/excess_weight_rootcause_v1/ttbar_restricted_region_suite_v1/regions/20260816T231425Z_U9region_core_W15_S8_np1_v1p0p1/adaptive/W15_IL_M2_A10_S1/console.log	1
C_W15_IL_M2_A10_S1_F2	fixed	W15_IL_M2_A10_S1_F2	W15_IL_M2_A10_S1	A10	F2	S1	1751949026	1404282457	"1:1000000:""gw"""	"1:2000000:"""""	M2	IL	W15	SR_PLUS	15.0	/eos/user/c/cglenn/FCCWork/whizard/whizard_ttbar_spinpol/production/full6f_365gev_ee_ttbar_spinpol_v1/phase11_diagnostics/excess_weight_rootcause_v1/ttbar_restricted_region_suite_v1/regions/20260816T231425Z_U9region_core_W15_S8_np1_v1p0p1/W15/IL/M2/fixed/W15_IL_M2_A10_S1/F2	/eos/user/c/cglenn/FCCWork/whizard/whizard_ttbar_spinpol/production/full6f_365gev_ee_ttbar_spinpol_v1/phase11_diagnostics/excess_weight_rootcause_v1/ttbar_restricted_region_suite_v1/regions/20260816T231425Z_U9region_core_W15_S8_np1_v1p0p1/W15/IL/M2/fixed/W15_IL_M2_A10_S1/F2	/eos/user/c/cglenn/FCCWork/whizard/whizard_ttbar_spinpol/production/full6f_365gev_ee_ttbar_spinpol_v1/phase11_diagnostics/excess_weight_rootcause_v1/ttbar_restricted_region_suite_v1/regions/20260816T231425Z_U9region_core_W15_S8_np1_v1p0p1/fixed/W15_IL_M2_A10_S1/F2	runtime_flat_fallback	PASS	PASS	0	20733e0e17025d2c73f73a666c5b62f92c105ca98114231020130b77f5730d5d	e46c3a1f9334962851d5ea44d2253db5f355cafe8069d12cf02c5c14eacf5950	8c37443502cc02150e5fca5040dd569e111678a683d0c9f822514654c97d84e7	1	0	1	/eos/user/c/cglenn/FCCWork/whizard/whizard_ttbar_spinpol/production/full6f_365gev_ee_ttbar_spinpol_v1/phase11_diagnostics/excess_weight_rootcause_v1/ttbar_restricted_region_suite_v1/regions/20260816T231425Z_U9region_core_W15_S8_np1_v1p0p1/fixed/W15_IL_M2_A10_S1/F2/console.log	1
P_W15_IL_M2_A10_S2	adaptive	W15_IL_M2_A10_S2		A10		S2	1885084773	1596606550	"1:1000000:""gw"""		M2	IL	W15	SR_PLUS	15.0	/eos/user/c/cglenn/FCCWork/whizard/whizard_ttbar_spinpol/production/full6f_365gev_ee_ttbar_spinpol_v1/phase11_diagnostics/excess_weight_rootcause_v1/ttbar_restricted_region_suite_v1/regions/20260816T231425Z_U9region_core_W15_S8_np1_v1p0p1/W15/IL/M2/adaptive/W15_IL_M2_A10_S2	/eos/user/c/cglenn/FCCWork/whizard/whizard_ttbar_spinpol/production/full6f_365gev_ee_ttbar_spinpol_v1/phase11_diagnostics/excess_weight_rootcause_v1/ttbar_restricted_region_suite_v1/regions/20260816T231425Z_U9region_core_W15_S8_np1_v1p0p1/W15/IL/M2/adaptive/W15_IL_M2_A10_S2	/eos/user/c/cglenn/FCCWork/whizard/whizard_ttbar_spinpol/production/full6f_365gev_ee_ttbar_spinpol_v1/phase11_diagnostics/excess_weight_rootcause_v1/ttbar_restricted_region_suite_v1/regions/20260816T231425Z_U9region_core_W15_S8_np1_v1p0p1/adaptive/W15_IL_M2_A10_S2	runtime_flat_fallback	PASS	PASS	0	20733e0e17025d2c73f73a666c5b62f92c105ca98114231020130b77f5730d5d	35b808e86ca61b82ed1830b68660b7314331d37bae18d7f5901c318614f6833c		0	1		/eos/user/c/cglenn/FCCWork/whizard/whizard_ttbar_spinpol/production/full6f_365gev_ee_ttbar_spinpol_v1/phase11_diagnostics/excess_weight_rootcause_v1/ttbar_restricted_region_suite_v1/regions/20260816T231425Z_U9region_core_W15_S8_np1_v1p0p1/adaptive/W15_IL_M2_A10_S2/console.log	1
C_W15_IL_M2_A10_S2_F2	fixed	W15_IL_M2_A10_S2_F2	W15_IL_M2_A10_S2	A10	F2	S2	1885084773	1596606550	"1:1000000:""gw"""	"1:2000000:"""""	M2	IL	W15	SR_PLUS	15.0	/eos/user/c/cglenn/FCCWork/whizard/whizard_ttbar_spinpol/production/full6f_365gev_ee_ttbar_spinpol_v1/phase11_diagnostics/excess_weight_rootcause_v1/ttbar_restricted_region_suite_v1/regions/20260816T231425Z_U9region_core_W15_S8_np1_v1p0p1/W15/IL/M2/fixed/W15_IL_M2_A10_S2/F2	/eos/user/c/cglenn/FCCWork/whizard/whizard_ttbar_spinpol/production/full6f_365gev_ee_ttbar_spinpol_v1/phase11_diagnostics/excess_weight_rootcause_v1/ttbar_restricted_region_suite_v1/regions/20260816T231425Z_U9region_core_W15_S8_np1_v1p0p1/W15/IL/M2/fixed/W15_IL_M2_A10_S2/F2	/eos/user/c/cglenn/FCCWork/whizard/whizard_ttbar_spinpol/production/full6f_365gev_ee_ttbar_spinpol_v1/phase11_diagnostics/excess_weight_rootcause_v1/ttbar_restricted_region_suite_v1/regions/20260816T231425Z_U9region_core_W15_S8_np1_v1p0p1/fixed/W15_IL_M2_A10_S2/F2	runtime_flat_fallback	PASS	PASS	0	20733e0e17025d2c73f73a666c5b62f92c105ca98114231020130b77f5730d5d	4db78618e88d8f01e3813e2933aa9f9e262fabe63275d95987f7e231a98fc427	35b808e86ca61b82ed1830b68660b7314331d37bae18d7f5901c318614f6833c	1	0	1	/eos/user/c/cglenn/FCCWork/whizard/whizard_ttbar_spinpol/production/full6f_365gev_ee_ttbar_spinpol_v1/phase11_diagnostics/excess_weight_rootcause_v1/ttbar_restricted_region_suite_v1/regions/20260816T231425Z_U9region_core_W15_S8_np1_v1p0p1/fixed/W15_IL_M2_A10_S2/F2/console.log	1
P_W15_IL_M2_A10_S3	adaptive	W15_IL_M2_A10_S3		A10		S3	134326786	769890491	"1:1000000:""gw"""		M2	IL	W15	SR_PLUS	15.0	/eos/user/c/cglenn/FCCWork/whizard/whizard_ttbar_spinpol/production/full6f_365gev_ee_ttbar_spinpol_v1/phase11_diagnostics/excess_weight_rootcause_v1/ttbar_restricted_region_suite_v1/regions/20260816T231425Z_U9region_core_W15_S8_np1_v1p0p1/W15/IL/M2/adaptive/W15_IL_M2_A10_S3	/eos/user/c/cglenn/FCCWork/whizard/whizard_ttbar_spinpol/production/full6f_365gev_ee_ttbar_spinpol_v1/phase11_diagnostics/excess_weight_rootcause_v1/ttbar_restricted_region_suite_v1/regions/20260816T231425Z_U9region_core_W15_S8_np1_v1p0p1/W15/IL/M2/adaptive/W15_IL_M2_A10_S3	/eos/user/c/cglenn/FCCWork/whizard/whizard_ttbar_spinpol/production/full6f_365gev_ee_ttbar_spinpol_v1/phase11_diagnostics/excess_weight_rootcause_v1/ttbar_restricted_region_suite_v1/regions/20260816T231425Z_U9region_core_W15_S8_np1_v1p0p1/adaptive/W15_IL_M2_A10_S3	runtime_flat_fallback	PASS	PASS	0	20733e0e17025d2c73f73a666c5b62f92c105ca98114231020130b77f5730d5d	4c988011a9f05c198dd322e860b255c1ffdf42df4cb526979866e6b8457a2e55		0	1		/eos/user/c/cglenn/FCCWork/whizard/whizard_ttbar_spinpol/production/full6f_365gev_ee_ttbar_spinpol_v1/phase11_diagnostics/excess_weight_rootcause_v1/ttbar_restricted_region_suite_v1/regions/20260816T231425Z_U9region_core_W15_S8_np1_v1p0p1/adaptive/W15_IL_M2_A10_S3/console.log	1
C_W15_IL_M2_A10_S3_F2	fixed	W15_IL_M2_A10_S3_F2	W15_IL_M2_A10_S3	A10	F2	S3	134326786	769890491	"1:1000000:""gw"""	"1:2000000:"""""	M2	IL	W15	SR_PLUS	15.0	/eos/user/c/cglenn/FCCWork/whizard/whizard_ttbar_spinpol/production/full6f_365gev_ee_ttbar_spinpol_v1/phase11_diagnostics/excess_weight_rootcause_v1/ttbar_restricted_region_suite_v1/regions/20260816T231425Z_U9region_core_W15_S8_np1_v1p0p1/W15/IL/M2/fixed/W15_IL_M2_A10_S3/F2	/eos/user/c/cglenn/FCCWork/whizard/whizard_ttbar_spinpol/production/full6f_365gev_ee_ttbar_spinpol_v1/phase11_diagnostics/excess_weight_rootcause_v1/ttbar_restricted_region_suite_v1/regions/20260816T231425Z_U9region_core_W15_S8_np1_v1p0p1/W15/IL/M2/fixed/W15_IL_M2_A10_S3/F2	/eos/user/c/cglenn/FCCWork/whizard/whizard_ttbar_spinpol/production/full6f_365gev_ee_ttbar_spinpol_v1/phase11_diagnostics/excess_weight_rootcause_v1/ttbar_restricted_region_suite_v1/regions/20260816T231425Z_U9region_core_W15_S8_np1_v1p0p1/fixed/W15_IL_M2_A10_S3/F2	runtime_flat_fallback	PASS	PASS	0	20733e0e17025d2c73f73a666c5b62f92c105ca98114231020130b77f5730d5d	0f903fa9f2f0bad29d1c80bca66169dfe1c875a8e717016ee2ac57ddc8cca61c	4c988011a9f05c198dd322e860b255c1ffdf42df4cb526979866e6b8457a2e55	1	0	1	/eos/user/c/cglenn/FCCWork/whizard/whizard_ttbar_spinpol/production/full6f_365gev_ee_ttbar_spinpol_v1/phase11_diagnostics/excess_weight_rootcause_v1/ttbar_restricted_region_suite_v1/regions/20260816T231425Z_U9region_core_W15_S8_np1_v1p0p1/fixed/W15_IL_M2_A10_S3/F2/console.log	1
P_W15_IL_M2_A10_S4	adaptive	W15_IL_M2_A10_S4		A10		S4	249371675	462903030	"1:1000000:""gw"""		M2	IL	W15	SR_PLUS	15.0	/eos/user/c/cglenn/FCCWork/whizard/whizard_ttbar_spinpol/production/full6f_365gev_ee_ttbar_spinpol_v1/phase11_diagnostics/excess_weight_rootcause_v1/ttbar_restricted_region_suite_v1/regions/20260816T231425Z_U9region_core_W15_S8_np1_v1p0p1/W15/IL/M2/adaptive/W15_IL_M2_A10_S4	/eos/user/c/cglenn/FCCWork/whizard/whizard_ttbar_spinpol/production/full6f_365gev_ee_ttbar_spinpol_v1/phase11_diagnostics/excess_weight_rootcause_v1/ttbar_restricted_region_suite_v1/regions/20260816T231425Z_U9region_core_W15_S8_np1_v1p0p1/W15/IL/M2/adaptive/W15_IL_M2_A10_S4	/eos/user/c/cglenn/FCCWork/whizard/whizard_ttbar_spinpol/production/full6f_365gev_ee_ttbar_spinpol_v1/phase11_diagnostics/excess_weight_rootcause_v1/ttbar_restricted_region_suite_v1/regions/20260816T231425Z_U9region_core_W15_S8_np1_v1p0p1/adaptive/W15_IL_M2_A10_S4	runtime_flat_fallback	PASS	PASS	0	20733e0e17025d2c73f73a666c5b62f92c105ca98114231020130b77f5730d5d	75a6a8f7eaea48f44dec43a5f58b8d84db1718e212fc05cd762be3495427d60e		0	1		/eos/user/c/cglenn/FCCWork/whizard/whizard_ttbar_spinpol/production/full6f_365gev_ee_ttbar_spinpol_v1/phase11_diagnostics/excess_weight_rootcause_v1/ttbar_restricted_region_suite_v1/regions/20260816T231425Z_U9region_core_W15_S8_np1_v1p0p1/adaptive/W15_IL_M2_A10_S4/console.log	1
C_W15_IL_M2_A10_S4_F2	fixed	W15_IL_M2_A10_S4_F2	W15_IL_M2_A10_S4	A10	F2	S4	249371675	462903030	"1:1000000:""gw"""	"1:2000000:"""""	M2	IL	W15	SR_PLUS	15.0	/eos/user/c/cglenn/FCCWork/whizard/whizard_ttbar_spinpol/production/full6f_365gev_ee_ttbar_spinpol_v1/phase11_diagnostics/excess_weight_rootcause_v1/ttbar_restricted_region_suite_v1/regions/20260816T231425Z_U9region_core_W15_S8_np1_v1p0p1/W15/IL/M2/fixed/W15_IL_M2_A10_S4/F2	/eos/user/c/cglenn/FCCWork/whizard/whizard_ttbar_spinpol/production/full6f_365gev_ee_ttbar_spinpol_v1/phase11_diagnostics/excess_weight_rootcause_v1/ttbar_restricted_region_suite_v1/regions/20260816T231425Z_U9region_core_W15_S8_np1_v1p0p1/W15/IL/M2/fixed/W15_IL_M2_A10_S4/F2	/eos/user/c/cglenn/FCCWork/whizard/whizard_ttbar_spinpol/production/full6f_365gev_ee_ttbar_spinpol_v1/phase11_diagnostics/excess_weight_rootcause_v1/ttbar_restricted_region_suite_v1/regions/20260816T231425Z_U9region_core_W15_S8_np1_v1p0p1/fixed/W15_IL_M2_A10_S4/F2	runtime_flat_fallback	PASS	PASS	0	20733e0e17025d2c73f73a666c5b62f92c105ca98114231020130b77f5730d5d	13cda73f06a1703c1d9ebdf9183020dc0775e0dcfca097c1248954fc4975c6a8	75a6a8f7eaea48f44dec43a5f58b8d84db1718e212fc05cd762be3495427d60e	1	0	1	/eos/user/c/cglenn/FCCWork/whizard/whizard_ttbar_spinpol/production/full6f_365gev_ee_ttbar_spinpol_v1/phase11_diagnostics/excess_weight_rootcause_v1/ttbar_restricted_region_suite_v1/regions/20260816T231425Z_U9region_core_W15_S8_np1_v1p0p1/fixed/W15_IL_M2_A10_S4/F2/console.log	1
P_W15_IL_M2_A10_S5	adaptive	W15_IL_M2_A10_S5		A10		S5	531087687	197846737	"1:1000000:""gw"""		M2	IL	W15	SR_PLUS	15.0	/eos/user/c/cglenn/FCCWork/whizard/whizard_ttbar_spinpol/production/full6f_365gev_ee_ttbar_spinpol_v1/phase11_diagnostics/excess_weight_rootcause_v1/ttbar_restricted_region_suite_v1/regions/20260816T231425Z_U9region_core_W15_S8_np1_v1p0p1/W15/IL/M2/adaptive/W15_IL_M2_A10_S5	/eos/user/c/cglenn/FCCWork/whizard/whizard_ttbar_spinpol/production/full6f_365gev_ee_ttbar_spinpol_v1/phase11_diagnostics/excess_weight_rootcause_v1/ttbar_restricted_region_suite_v1/regions/20260816T231425Z_U9region_core_W15_S8_np1_v1p0p1/W15/IL/M2/adaptive/W15_IL_M2_A10_S5	/eos/user/c/cglenn/FCCWork/whizard/whizard_ttbar_spinpol/production/full6f_365gev_ee_ttbar_spinpol_v1/phase11_diagnostics/excess_weight_rootcause_v1/ttbar_restricted_region_suite_v1/regions/20260816T231425Z_U9region_core_W15_S8_np1_v1p0p1/adaptive/W15_IL_M2_A10_S5	runtime_flat_fallback	PASS	PASS	0	20733e0e17025d2c73f73a666c5b62f92c105ca98114231020130b77f5730d5d	4892a209977ccbba8cb40b2ada30d31a8a6af9d4e8532202a36314ed7db393aa		0	1		/eos/user/c/cglenn/FCCWork/whizard/whizard_ttbar_spinpol/production/full6f_365gev_ee_ttbar_spinpol_v1/phase11_diagnostics/excess_weight_rootcause_v1/ttbar_restricted_region_suite_v1/regions/20260816T231425Z_U9region_core_W15_S8_np1_v1p0p1/adaptive/W15_IL_M2_A10_S5/console.log	1
C_W15_IL_M2_A10_S5_F2	fixed	W15_IL_M2_A10_S5_F2	W15_IL_M2_A10_S5	A10	F2	S5	531087687	197846737	"1:1000000:""gw"""	"1:2000000:"""""	M2	IL	W15	SR_PLUS	15.0	/eos/user/c/cglenn/FCCWork/whizard/whizard_ttbar_spinpol/production/full6f_365gev_ee_ttbar_spinpol_v1/phase11_diagnostics/excess_weight_rootcause_v1/ttbar_restricted_region_suite_v1/regions/20260816T231425Z_U9region_core_W15_S8_np1_v1p0p1/W15/IL/M2/fixed/W15_IL_M2_A10_S5/F2	/eos/user/c/cglenn/FCCWork/whizard/whizard_ttbar_spinpol/production/full6f_365gev_ee_ttbar_spinpol_v1/phase11_diagnostics/excess_weight_rootcause_v1/ttbar_restricted_region_suite_v1/regions/20260816T231425Z_U9region_core_W15_S8_np1_v1p0p1/W15/IL/M2/fixed/W15_IL_M2_A10_S5/F2	/eos/user/c/cglenn/FCCWork/whizard/whizard_ttbar_spinpol/production/full6f_365gev_ee_ttbar_spinpol_v1/phase11_diagnostics/excess_weight_rootcause_v1/ttbar_restricted_region_suite_v1/regions/20260816T231425Z_U9region_core_W15_S8_np1_v1p0p1/fixed/W15_IL_M2_A10_S5/F2	runtime_flat_fallback	PASS	PASS	0	20733e0e17025d2c73f73a666c5b62f92c105ca98114231020130b77f5730d5d	84ac940a8f28b12b7b0dfd6597165758af42480058f618d0988e2a074bf52ead	4892a209977ccbba8cb40b2ada30d31a8a6af9d4e8532202a36314ed7db393aa	1	0	1	/eos/user/c/cglenn/FCCWork/whizard/whizard_ttbar_spinpol/production/full6f_365gev_ee_ttbar_spinpol_v1/phase11_diagnostics/excess_weight_rootcause_v1/ttbar_restricted_region_suite_v1/regions/20260816T231425Z_U9region_core_W15_S8_np1_v1p0p1/fixed/W15_IL_M2_A10_S5/F2/console.log	1
P_W15_IL_M2_A10_S6	adaptive	W15_IL_M2_A10_S6		A10		S6	519963689	958460417	"1:1000000:""gw"""		M2	IL	W15	SR_PLUS	15.0	/eos/user/c/cglenn/FCCWork/whizard/whizard_ttbar_spinpol/production/full6f_365gev_ee_ttbar_spinpol_v1/phase11_diagnostics/excess_weight_rootcause_v1/ttbar_restricted_region_suite_v1/regions/20260816T231425Z_U9region_core_W15_S8_np1_v1p0p1/W15/IL/M2/adaptive/W15_IL_M2_A10_S6	/eos/user/c/cglenn/FCCWork/whizard/whizard_ttbar_spinpol/production/full6f_365gev_ee_ttbar_spinpol_v1/phase11_diagnostics/excess_weight_rootcause_v1/ttbar_restricted_region_suite_v1/regions/20260816T231425Z_U9region_core_W15_S8_np1_v1p0p1/W15/IL/M2/adaptive/W15_IL_M2_A10_S6	/eos/user/c/cglenn/FCCWork/whizard/whizard_ttbar_spinpol/production/full6f_365gev_ee_ttbar_spinpol_v1/phase11_diagnostics/excess_weight_rootcause_v1/ttbar_restricted_region_suite_v1/regions/20260816T231425Z_U9region_core_W15_S8_np1_v1p0p1/adaptive/W15_IL_M2_A10_S6	runtime_flat_fallback	PASS	PASS	0	20733e0e17025d2c73f73a666c5b62f92c105ca98114231020130b77f5730d5d	de31adf70cc4263bfdb936c0552d4f7bad34c3b16cba3878087aee4939726178		0	1		/eos/user/c/cglenn/FCCWork/whizard/whizard_ttbar_spinpol/production/full6f_365gev_ee_ttbar_spinpol_v1/phase11_diagnostics/excess_weight_rootcause_v1/ttbar_restricted_region_suite_v1/regions/20260816T231425Z_U9region_core_W15_S8_np1_v1p0p1/adaptive/W15_IL_M2_A10_S6/console.log	1
C_W15_IL_M2_A10_S6_F2	fixed	W15_IL_M2_A10_S6_F2	W15_IL_M2_A10_S6	A10	F2	S6	519963689	958460417	"1:1000000:""gw"""	"1:2000000:"""""	M2	IL	W15	SR_PLUS	15.0	/eos/user/c/cglenn/FCCWork/whizard/whizard_ttbar_spinpol/production/full6f_365gev_ee_ttbar_spinpol_v1/phase11_diagnostics/excess_weight_rootcause_v1/ttbar_restricted_region_suite_v1/regions/20260816T231425Z_U9region_core_W15_S8_np1_v1p0p1/W15/IL/M2/fixed/W15_IL_M2_A10_S6/F2	/eos/user/c/cglenn/FCCWork/whizard/whizard_ttbar_spinpol/production/full6f_365gev_ee_ttbar_spinpol_v1/phase11_diagnostics/excess_weight_rootcause_v1/ttbar_restricted_region_suite_v1/regions/20260816T231425Z_U9region_core_W15_S8_np1_v1p0p1/W15/IL/M2/fixed/W15_IL_M2_A10_S6/F2	/eos/user/c/cglenn/FCCWork/whizard/whizard_ttbar_spinpol/production/full6f_365gev_ee_ttbar_spinpol_v1/phase11_diagnostics/excess_weight_rootcause_v1/ttbar_restricted_region_suite_v1/regions/20260816T231425Z_U9region_core_W15_S8_np1_v1p0p1/fixed/W15_IL_M2_A10_S6/F2	runtime_flat_fallback	PASS	PASS	0	20733e0e17025d2c73f73a666c5b62f92c105ca98114231020130b77f5730d5d	c08ab5e44788307141d2a6dd3359e7604d890b2e8290e0d31b0fb9ac6bf7e770	de31adf70cc4263bfdb936c0552d4f7bad34c3b16cba3878087aee4939726178	1	0	1	/eos/user/c/cglenn/FCCWork/whizard/whizard_ttbar_spinpol/production/full6f_365gev_ee_ttbar_spinpol_v1/phase11_diagnostics/excess_weight_rootcause_v1/ttbar_restricted_region_suite_v1/regions/20260816T231425Z_U9region_core_W15_S8_np1_v1p0p1/fixed/W15_IL_M2_A10_S6/F2/console.log	1
P_W15_IL_M2_A10_S7	adaptive	W15_IL_M2_A10_S7		A10		S7	1552803368	239117595	"1:1000000:""gw"""		M2	IL	W15	SR_PLUS	15.0	/eos/user/c/cglenn/FCCWork/whizard/whizard_ttbar_spinpol/production/full6f_365gev_ee_ttbar_spinpol_v1/phase11_diagnostics/excess_weight_rootcause_v1/ttbar_restricted_region_suite_v1/regions/20260816T231425Z_U9region_core_W15_S8_np1_v1p0p1/W15/IL/M2/adaptive/W15_IL_M2_A10_S7	/eos/user/c/cglenn/FCCWork/whizard/whizard_ttbar_spinpol/production/full6f_365gev_ee_ttbar_spinpol_v1/phase11_diagnostics/excess_weight_rootcause_v1/ttbar_restricted_region_suite_v1/regions/20260816T231425Z_U9region_core_W15_S8_np1_v1p0p1/W15/IL/M2/adaptive/W15_IL_M2_A10_S7	/eos/user/c/cglenn/FCCWork/whizard/whizard_ttbar_spinpol/production/full6f_365gev_ee_ttbar_spinpol_v1/phase11_diagnostics/excess_weight_rootcause_v1/ttbar_restricted_region_suite_v1/regions/20260816T231425Z_U9region_core_W15_S8_np1_v1p0p1/adaptive/W15_IL_M2_A10_S7	runtime_flat_fallback	PASS	PASS	0	20733e0e17025d2c73f73a666c5b62f92c105ca98114231020130b77f5730d5d	776b9fa3988902eb3df732619e1cc6c09d193881d34bc3aa339dfa311c70b2bc		0	1		/eos/user/c/cglenn/FCCWork/whizard/whizard_ttbar_spinpol/production/full6f_365gev_ee_ttbar_spinpol_v1/phase11_diagnostics/excess_weight_rootcause_v1/ttbar_restricted_region_suite_v1/regions/20260816T231425Z_U9region_core_W15_S8_np1_v1p0p1/adaptive/W15_IL_M2_A10_S7/console.log	1
C_W15_IL_M2_A10_S7_F2	fixed	W15_IL_M2_A10_S7_F2	W15_IL_M2_A10_S7	A10	F2	S7	1552803368	239117595	"1:1000000:""gw"""	"1:2000000:"""""	M2	IL	W15	SR_PLUS	15.0	/eos/user/c/cglenn/FCCWork/whizard/whizard_ttbar_spinpol/production/full6f_365gev_ee_ttbar_spinpol_v1/phase11_diagnostics/excess_weight_rootcause_v1/ttbar_restricted_region_suite_v1/regions/20260816T231425Z_U9region_core_W15_S8_np1_v1p0p1/W15/IL/M2/fixed/W15_IL_M2_A10_S7/F2	/eos/user/c/cglenn/FCCWork/whizard/whizard_ttbar_spinpol/production/full6f_365gev_ee_ttbar_spinpol_v1/phase11_diagnostics/excess_weight_rootcause_v1/ttbar_restricted_region_suite_v1/regions/20260816T231425Z_U9region_core_W15_S8_np1_v1p0p1/W15/IL/M2/fixed/W15_IL_M2_A10_S7/F2	/eos/user/c/cglenn/FCCWork/whizard/whizard_ttbar_spinpol/production/full6f_365gev_ee_ttbar_spinpol_v1/phase11_diagnostics/excess_weight_rootcause_v1/ttbar_restricted_region_suite_v1/regions/20260816T231425Z_U9region_core_W15_S8_np1_v1p0p1/fixed/W15_IL_M2_A10_S7/F2	runtime_flat_fallback	PASS	PASS	0	20733e0e17025d2c73f73a666c5b62f92c105ca98114231020130b77f5730d5d	ca61f86f8f1ad2c540b44a92fe2357dc5c545b535ae83f9a01461db95164e5ea	776b9fa3988902eb3df732619e1cc6c09d193881d34bc3aa339dfa311c70b2bc	1	0	1	/eos/user/c/cglenn/FCCWork/whizard/whizard_ttbar_spinpol/production/full6f_365gev_ee_ttbar_spinpol_v1/phase11_diagnostics/excess_weight_rootcause_v1/ttbar_restricted_region_suite_v1/regions/20260816T231425Z_U9region_core_W15_S8_np1_v1p0p1/fixed/W15_IL_M2_A10_S7/F2/console.log	1
P_W15_II_M0_A00_S0	adaptive	W15_II_M0_A00_S0		A00		S0	1740114216	648318690	"5:50000:""gw"""		M0	II	W15	DR	15.0	/eos/user/c/cglenn/FCCWork/whizard/whizard_ttbar_spinpol/production/full6f_365gev_ee_ttbar_spinpol_v1/phase11_diagnostics/excess_weight_rootcause_v1/ttbar_restricted_region_suite_v1/regions/20260816T231425Z_U9region_core_W15_S8_np1_v1p0p1/W15/II/M0/adaptive/W15_II_M0_A00_S0	/eos/user/c/cglenn/FCCWork/whizard/whizard_ttbar_spinpol/production/full6f_365gev_ee_ttbar_spinpol_v1/phase11_diagnostics/excess_weight_rootcause_v1/ttbar_restricted_region_suite_v1/regions/20260816T231425Z_U9region_core_W15_S8_np1_v1p0p1/W15/II/M0/adaptive/W15_II_M0_A00_S0	/eos/user/c/cglenn/FCCWork/whizard/whizard_ttbar_spinpol/production/full6f_365gev_ee_ttbar_spinpol_v1/phase11_diagnostics/excess_weight_rootcause_v1/ttbar_restricted_region_suite_v1/regions/20260816T231425Z_U9region_core_W15_S8_np1_v1p0p1/adaptive/W15_II_M0_A00_S0	runtime_flat_fallback	PASS	PASS	0	20733e0e17025d2c73f73a666c5b62f92c105ca98114231020130b77f5730d5d	e8ffb36cb79f0fa506044665d0188d530929818bc336d7485178b0925af9665e		0	1		/eos/user/c/cglenn/FCCWork/whizard/whizard_ttbar_spinpol/production/full6f_365gev_ee_ttbar_spinpol_v1/phase11_diagnostics/excess_weight_rootcause_v1/ttbar_restricted_region_suite_v1/regions/20260816T231425Z_U9region_core_W15_S8_np1_v1p0p1/adaptive/W15_II_M0_A00_S0/console.log	1
C_W15_II_M0_A00_S0_F0	fixed	W15_II_M0_A00_S0_F0	W15_II_M0_A00_S0	A00	F0	S0	1740114216	648318690	"5:50000:""gw"""	"3:200000:"""""	M0	II	W15	DR	15.0	/eos/user/c/cglenn/FCCWork/whizard/whizard_ttbar_spinpol/production/full6f_365gev_ee_ttbar_spinpol_v1/phase11_diagnostics/excess_weight_rootcause_v1/ttbar_restricted_region_suite_v1/regions/20260816T231425Z_U9region_core_W15_S8_np1_v1p0p1/W15/II/M0/fixed/W15_II_M0_A00_S0/F0	/eos/user/c/cglenn/FCCWork/whizard/whizard_ttbar_spinpol/production/full6f_365gev_ee_ttbar_spinpol_v1/phase11_diagnostics/excess_weight_rootcause_v1/ttbar_restricted_region_suite_v1/regions/20260816T231425Z_U9region_core_W15_S8_np1_v1p0p1/W15/II/M0/fixed/W15_II_M0_A00_S0/F0	/eos/user/c/cglenn/FCCWork/whizard/whizard_ttbar_spinpol/production/full6f_365gev_ee_ttbar_spinpol_v1/phase11_diagnostics/excess_weight_rootcause_v1/ttbar_restricted_region_suite_v1/regions/20260816T231425Z_U9region_core_W15_S8_np1_v1p0p1/fixed/W15_II_M0_A00_S0/F0	runtime_flat_fallback	PASS	PASS	0	20733e0e17025d2c73f73a666c5b62f92c105ca98114231020130b77f5730d5d	9a47ee6b52f6865a6b55cb1bd259265e6e122a2c13265cf6b0cc8ec1c467fe42	e8ffb36cb79f0fa506044665d0188d530929818bc336d7485178b0925af9665e	1	0	1	/eos/user/c/cglenn/FCCWork/whizard/whizard_ttbar_spinpol/production/full6f_365gev_ee_ttbar_spinpol_v1/phase11_diagnostics/excess_weight_rootcause_v1/ttbar_restricted_region_suite_v1/regions/20260816T231425Z_U9region_core_W15_S8_np1_v1p0p1/fixed/W15_II_M0_A00_S0/F0/console.log	1
P_W15_II_M0_A00_S1	adaptive	W15_II_M0_A00_S1		A00		S1	1751949026	1404282457	"5:50000:""gw"""		M0	II	W15	DR	15.0	/eos/user/c/cglenn/FCCWork/whizard/whizard_ttbar_spinpol/production/full6f_365gev_ee_ttbar_spinpol_v1/phase11_diagnostics/excess_weight_rootcause_v1/ttbar_restricted_region_suite_v1/regions/20260816T231425Z_U9region_core_W15_S8_np1_v1p0p1/W15/II/M0/adaptive/W15_II_M0_A00_S1	/eos/user/c/cglenn/FCCWork/whizard/whizard_ttbar_spinpol/production/full6f_365gev_ee_ttbar_spinpol_v1/phase11_diagnostics/excess_weight_rootcause_v1/ttbar_restricted_region_suite_v1/regions/20260816T231425Z_U9region_core_W15_S8_np1_v1p0p1/W15/II/M0/adaptive/W15_II_M0_A00_S1	/eos/user/c/cglenn/FCCWork/whizard/whizard_ttbar_spinpol/production/full6f_365gev_ee_ttbar_spinpol_v1/phase11_diagnostics/excess_weight_rootcause_v1/ttbar_restricted_region_suite_v1/regions/20260816T231425Z_U9region_core_W15_S8_np1_v1p0p1/adaptive/W15_II_M0_A00_S1	runtime_flat_fallback	PASS	PASS	0	20733e0e17025d2c73f73a666c5b62f92c105ca98114231020130b77f5730d5d	fb16511f53d136056d13d02186a48b02e7f118a86e42d7b1105a0a319a91bda9		0	1		/eos/user/c/cglenn/FCCWork/whizard/whizard_ttbar_spinpol/production/full6f_365gev_ee_ttbar_spinpol_v1/phase11_diagnostics/excess_weight_rootcause_v1/ttbar_restricted_region_suite_v1/regions/20260816T231425Z_U9region_core_W15_S8_np1_v1p0p1/adaptive/W15_II_M0_A00_S1/console.log	1
C_W15_II_M0_A00_S1_F0	fixed	W15_II_M0_A00_S1_F0	W15_II_M0_A00_S1	A00	F0	S1	1751949026	1404282457	"5:50000:""gw"""	"3:200000:"""""	M0	II	W15	DR	15.0	/eos/user/c/cglenn/FCCWork/whizard/whizard_ttbar_spinpol/production/full6f_365gev_ee_ttbar_spinpol_v1/phase11_diagnostics/excess_weight_rootcause_v1/ttbar_restricted_region_suite_v1/regions/20260816T231425Z_U9region_core_W15_S8_np1_v1p0p1/W15/II/M0/fixed/W15_II_M0_A00_S1/F0	/eos/user/c/cglenn/FCCWork/whizard/whizard_ttbar_spinpol/production/full6f_365gev_ee_ttbar_spinpol_v1/phase11_diagnostics/excess_weight_rootcause_v1/ttbar_restricted_region_suite_v1/regions/20260816T231425Z_U9region_core_W15_S8_np1_v1p0p1/W15/II/M0/fixed/W15_II_M0_A00_S1/F0	/eos/user/c/cglenn/FCCWork/whizard/whizard_ttbar_spinpol/production/full6f_365gev_ee_ttbar_spinpol_v1/phase11_diagnostics/excess_weight_rootcause_v1/ttbar_restricted_region_suite_v1/regions/20260816T231425Z_U9region_core_W15_S8_np1_v1p0p1/fixed/W15_II_M0_A00_S1/F0	runtime_flat_fallback	PASS	PASS	0	20733e0e17025d2c73f73a666c5b62f92c105ca98114231020130b77f5730d5d	45ea0fbc3ac19d83190428a552ec5dbb012161c83638a91c9519ef557925ce9a	fb16511f53d136056d13d02186a48b02e7f118a86e42d7b1105a0a319a91bda9	1	0	1	/eos/user/c/cglenn/FCCWork/whizard/whizard_ttbar_spinpol/production/full6f_365gev_ee_ttbar_spinpol_v1/phase11_diagnostics/excess_weight_rootcause_v1/ttbar_restricted_region_suite_v1/regions/20260816T231425Z_U9region_core_W15_S8_np1_v1p0p1/fixed/W15_II_M0_A00_S1/F0/console.log	1
P_W15_II_M0_A00_S2	adaptive	W15_II_M0_A00_S2		A00		S2	1885084773	1596606550	"5:50000:""gw"""		M0	II	W15	DR	15.0	/eos/user/c/cglenn/FCCWork/whizard/whizard_ttbar_spinpol/production/full6f_365gev_ee_ttbar_spinpol_v1/phase11_diagnostics/excess_weight_rootcause_v1/ttbar_restricted_region_suite_v1/regions/20260816T231425Z_U9region_core_W15_S8_np1_v1p0p1/W15/II/M0/adaptive/W15_II_M0_A00_S2	/eos/user/c/cglenn/FCCWork/whizard/whizard_ttbar_spinpol/production/full6f_365gev_ee_ttbar_spinpol_v1/phase11_diagnostics/excess_weight_rootcause_v1/ttbar_restricted_region_suite_v1/regions/20260816T231425Z_U9region_core_W15_S8_np1_v1p0p1/W15/II/M0/adaptive/W15_II_M0_A00_S2	/eos/user/c/cglenn/FCCWork/whizard/whizard_ttbar_spinpol/production/full6f_365gev_ee_ttbar_spinpol_v1/phase11_diagnostics/excess_weight_rootcause_v1/ttbar_restricted_region_suite_v1/regions/20260816T231425Z_U9region_core_W15_S8_np1_v1p0p1/adaptive/W15_II_M0_A00_S2	runtime_flat_fallback	PASS	PASS	0	20733e0e17025d2c73f73a666c5b62f92c105ca98114231020130b77f5730d5d	5253d2893e863797ed0bf00322f8c6f78614d05e5dbfa55b87dcc18f71e7d795		0	1		/eos/user/c/cglenn/FCCWork/whizard/whizard_ttbar_spinpol/production/full6f_365gev_ee_ttbar_spinpol_v1/phase11_diagnostics/excess_weight_rootcause_v1/ttbar_restricted_region_suite_v1/regions/20260816T231425Z_U9region_core_W15_S8_np1_v1p0p1/adaptive/W15_II_M0_A00_S2/console.log	1
C_W15_II_M0_A00_S2_F0	fixed	W15_II_M0_A00_S2_F0	W15_II_M0_A00_S2	A00	F0	S2	1885084773	1596606550	"5:50000:""gw"""	"3:200000:"""""	M0	II	W15	DR	15.0	/eos/user/c/cglenn/FCCWork/whizard/whizard_ttbar_spinpol/production/full6f_365gev_ee_ttbar_spinpol_v1/phase11_diagnostics/excess_weight_rootcause_v1/ttbar_restricted_region_suite_v1/regions/20260816T231425Z_U9region_core_W15_S8_np1_v1p0p1/W15/II/M0/fixed/W15_II_M0_A00_S2/F0	/eos/user/c/cglenn/FCCWork/whizard/whizard_ttbar_spinpol/production/full6f_365gev_ee_ttbar_spinpol_v1/phase11_diagnostics/excess_weight_rootcause_v1/ttbar_restricted_region_suite_v1/regions/20260816T231425Z_U9region_core_W15_S8_np1_v1p0p1/W15/II/M0/fixed/W15_II_M0_A00_S2/F0	/eos/user/c/cglenn/FCCWork/whizard/whizard_ttbar_spinpol/production/full6f_365gev_ee_ttbar_spinpol_v1/phase11_diagnostics/excess_weight_rootcause_v1/ttbar_restricted_region_suite_v1/regions/20260816T231425Z_U9region_core_W15_S8_np1_v1p0p1/fixed/W15_II_M0_A00_S2/F0	runtime_flat_fallback	PASS	PASS	0	20733e0e17025d2c73f73a666c5b62f92c105ca98114231020130b77f5730d5d	c39d2c95abc90f7583573577ecfa4d3dd843b87429c2fde2d54c30b29e839717	5253d2893e863797ed0bf00322f8c6f78614d05e5dbfa55b87dcc18f71e7d795	1	0	1	/eos/user/c/cglenn/FCCWork/whizard/whizard_ttbar_spinpol/production/full6f_365gev_ee_ttbar_spinpol_v1/phase11_diagnostics/excess_weight_rootcause_v1/ttbar_restricted_region_suite_v1/regions/20260816T231425Z_U9region_core_W15_S8_np1_v1p0p1/fixed/W15_II_M0_A00_S2/F0/console.log	1
P_W15_II_M0_A00_S3	adaptive	W15_II_M0_A00_S3		A00		S3	134326786	769890491	"5:50000:""gw"""		M0	II	W15	DR	15.0	/eos/user/c/cglenn/FCCWork/whizard/whizard_ttbar_spinpol/production/full6f_365gev_ee_ttbar_spinpol_v1/phase11_diagnostics/excess_weight_rootcause_v1/ttbar_restricted_region_suite_v1/regions/20260816T231425Z_U9region_core_W15_S8_np1_v1p0p1/W15/II/M0/adaptive/W15_II_M0_A00_S3	/eos/user/c/cglenn/FCCWork/whizard/whizard_ttbar_spinpol/production/full6f_365gev_ee_ttbar_spinpol_v1/phase11_diagnostics/excess_weight_rootcause_v1/ttbar_restricted_region_suite_v1/regions/20260816T231425Z_U9region_core_W15_S8_np1_v1p0p1/W15/II/M0/adaptive/W15_II_M0_A00_S3	/eos/user/c/cglenn/FCCWork/whizard/whizard_ttbar_spinpol/production/full6f_365gev_ee_ttbar_spinpol_v1/phase11_diagnostics/excess_weight_rootcause_v1/ttbar_restricted_region_suite_v1/regions/20260816T231425Z_U9region_core_W15_S8_np1_v1p0p1/adaptive/W15_II_M0_A00_S3	runtime_flat_fallback	PASS	PASS	0	20733e0e17025d2c73f73a666c5b62f92c105ca98114231020130b77f5730d5d	a8f18852b68d447a71876fbd784d0f2bf61d1b9bd998f046639da1b1db45ea83		0	1		/eos/user/c/cglenn/FCCWork/whizard/whizard_ttbar_spinpol/production/full6f_365gev_ee_ttbar_spinpol_v1/phase11_diagnostics/excess_weight_rootcause_v1/ttbar_restricted_region_suite_v1/regions/20260816T231425Z_U9region_core_W15_S8_np1_v1p0p1/adaptive/W15_II_M0_A00_S3/console.log	1
C_W15_II_M0_A00_S3_F0	fixed	W15_II_M0_A00_S3_F0	W15_II_M0_A00_S3	A00	F0	S3	134326786	769890491	"5:50000:""gw"""	"3:200000:"""""	M0	II	W15	DR	15.0	/eos/user/c/cglenn/FCCWork/whizard/whizard_ttbar_spinpol/production/full6f_365gev_ee_ttbar_spinpol_v1/phase11_diagnostics/excess_weight_rootcause_v1/ttbar_restricted_region_suite_v1/regions/20260816T231425Z_U9region_core_W15_S8_np1_v1p0p1/W15/II/M0/fixed/W15_II_M0_A00_S3/F0	/eos/user/c/cglenn/FCCWork/whizard/whizard_ttbar_spinpol/production/full6f_365gev_ee_ttbar_spinpol_v1/phase11_diagnostics/excess_weight_rootcause_v1/ttbar_restricted_region_suite_v1/regions/20260816T231425Z_U9region_core_W15_S8_np1_v1p0p1/W15/II/M0/fixed/W15_II_M0_A00_S3/F0	/eos/user/c/cglenn/FCCWork/whizard/whizard_ttbar_spinpol/production/full6f_365gev_ee_ttbar_spinpol_v1/phase11_diagnostics/excess_weight_rootcause_v1/ttbar_restricted_region_suite_v1/regions/20260816T231425Z_U9region_core_W15_S8_np1_v1p0p1/fixed/W15_II_M0_A00_S3/F0	runtime_flat_fallback	PASS	PASS	0	20733e0e17025d2c73f73a666c5b62f92c105ca98114231020130b77f5730d5d	624dd4e80bbc68f84e056c93b2d1eb10a379bd2db59359f31b3f5d463a5dd554	a8f18852b68d447a71876fbd784d0f2bf61d1b9bd998f046639da1b1db45ea83	1	0	1	/eos/user/c/cglenn/FCCWork/whizard/whizard_ttbar_spinpol/production/full6f_365gev_ee_ttbar_spinpol_v1/phase11_diagnostics/excess_weight_rootcause_v1/ttbar_restricted_region_suite_v1/regions/20260816T231425Z_U9region_core_W15_S8_np1_v1p0p1/fixed/W15_II_M0_A00_S3/F0/console.log	1
P_W15_II_M0_A00_S4	adaptive	W15_II_M0_A00_S4		A00		S4	249371675	462903030	"5:50000:""gw"""		M0	II	W15	DR	15.0	/eos/user/c/cglenn/FCCWork/whizard/whizard_ttbar_spinpol/production/full6f_365gev_ee_ttbar_spinpol_v1/phase11_diagnostics/excess_weight_rootcause_v1/ttbar_restricted_region_suite_v1/regions/20260816T231425Z_U9region_core_W15_S8_np1_v1p0p1/W15/II/M0/adaptive/W15_II_M0_A00_S4	/eos/user/c/cglenn/FCCWork/whizard/whizard_ttbar_spinpol/production/full6f_365gev_ee_ttbar_spinpol_v1/phase11_diagnostics/excess_weight_rootcause_v1/ttbar_restricted_region_suite_v1/regions/20260816T231425Z_U9region_core_W15_S8_np1_v1p0p1/W15/II/M0/adaptive/W15_II_M0_A00_S4	/eos/user/c/cglenn/FCCWork/whizard/whizard_ttbar_spinpol/production/full6f_365gev_ee_ttbar_spinpol_v1/phase11_diagnostics/excess_weight_rootcause_v1/ttbar_restricted_region_suite_v1/regions/20260816T231425Z_U9region_core_W15_S8_np1_v1p0p1/adaptive/W15_II_M0_A00_S4	runtime_flat_fallback	PASS	PASS	0	20733e0e17025d2c73f73a666c5b62f92c105ca98114231020130b77f5730d5d	9aa1c97f8760a525173187f7b77524aecc0223d1fb2b4ca2a188594bf9c5c87b		0	1		/eos/user/c/cglenn/FCCWork/whizard/whizard_ttbar_spinpol/production/full6f_365gev_ee_ttbar_spinpol_v1/phase11_diagnostics/excess_weight_rootcause_v1/ttbar_restricted_region_suite_v1/regions/20260816T231425Z_U9region_core_W15_S8_np1_v1p0p1/adaptive/W15_II_M0_A00_S4/console.log	1
C_W15_II_M0_A00_S4_F0	fixed	W15_II_M0_A00_S4_F0	W15_II_M0_A00_S4	A00	F0	S4	249371675	462903030	"5:50000:""gw"""	"3:200000:"""""	M0	II	W15	DR	15.0	/eos/user/c/cglenn/FCCWork/whizard/whizard_ttbar_spinpol/production/full6f_365gev_ee_ttbar_spinpol_v1/phase11_diagnostics/excess_weight_rootcause_v1/ttbar_restricted_region_suite_v1/regions/20260816T231425Z_U9region_core_W15_S8_np1_v1p0p1/W15/II/M0/fixed/W15_II_M0_A00_S4/F0	/eos/user/c/cglenn/FCCWork/whizard/whizard_ttbar_spinpol/production/full6f_365gev_ee_ttbar_spinpol_v1/phase11_diagnostics/excess_weight_rootcause_v1/ttbar_restricted_region_suite_v1/regions/20260816T231425Z_U9region_core_W15_S8_np1_v1p0p1/W15/II/M0/fixed/W15_II_M0_A00_S4/F0	/eos/user/c/cglenn/FCCWork/whizard/whizard_ttbar_spinpol/production/full6f_365gev_ee_ttbar_spinpol_v1/phase11_diagnostics/excess_weight_rootcause_v1/ttbar_restricted_region_suite_v1/regions/20260816T231425Z_U9region_core_W15_S8_np1_v1p0p1/fixed/W15_II_M0_A00_S4/F0	runtime_flat_fallback	PASS	PASS	0	20733e0e17025d2c73f73a666c5b62f92c105ca98114231020130b77f5730d5d	e2dd66ea40c66fbf0fa81afe081ff1fcc8a038038d6ed0128f257dc67990b3cf	9aa1c97f8760a525173187f7b77524aecc0223d1fb2b4ca2a188594bf9c5c87b	1	0	1	/eos/user/c/cglenn/FCCWork/whizard/whizard_ttbar_spinpol/production/full6f_365gev_ee_ttbar_spinpol_v1/phase11_diagnostics/excess_weight_rootcause_v1/ttbar_restricted_region_suite_v1/regions/20260816T231425Z_U9region_core_W15_S8_np1_v1p0p1/fixed/W15_II_M0_A00_S4/F0/console.log	1
P_W15_II_M0_A00_S5	adaptive	W15_II_M0_A00_S5		A00		S5	531087687	197846737	"5:50000:""gw"""		M0	II	W15	DR	15.0	/eos/user/c/cglenn/FCCWork/whizard/whizard_ttbar_spinpol/production/full6f_365gev_ee_ttbar_spinpol_v1/phase11_diagnostics/excess_weight_rootcause_v1/ttbar_restricted_region_suite_v1/regions/20260816T231425Z_U9region_core_W15_S8_np1_v1p0p1/W15/II/M0/adaptive/W15_II_M0_A00_S5	/eos/user/c/cglenn/FCCWork/whizard/whizard_ttbar_spinpol/production/full6f_365gev_ee_ttbar_spinpol_v1/phase11_diagnostics/excess_weight_rootcause_v1/ttbar_restricted_region_suite_v1/regions/20260816T231425Z_U9region_core_W15_S8_np1_v1p0p1/W15/II/M0/adaptive/W15_II_M0_A00_S5	/eos/user/c/cglenn/FCCWork/whizard/whizard_ttbar_spinpol/production/full6f_365gev_ee_ttbar_spinpol_v1/phase11_diagnostics/excess_weight_rootcause_v1/ttbar_restricted_region_suite_v1/regions/20260816T231425Z_U9region_core_W15_S8_np1_v1p0p1/adaptive/W15_II_M0_A00_S5	runtime_flat_fallback	PASS	PASS	0	20733e0e17025d2c73f73a666c5b62f92c105ca98114231020130b77f5730d5d	9e369c64b8c053f06dc4526bf272f00e5fcc6099799efc0776b4bf313014b350		0	1		/eos/user/c/cglenn/FCCWork/whizard/whizard_ttbar_spinpol/production/full6f_365gev_ee_ttbar_spinpol_v1/phase11_diagnostics/excess_weight_rootcause_v1/ttbar_restricted_region_suite_v1/regions/20260816T231425Z_U9region_core_W15_S8_np1_v1p0p1/adaptive/W15_II_M0_A00_S5/console.log	1
C_W15_II_M0_A00_S5_F0	fixed	W15_II_M0_A00_S5_F0	W15_II_M0_A00_S5	A00	F0	S5	531087687	197846737	"5:50000:""gw"""	"3:200000:"""""	M0	II	W15	DR	15.0	/eos/user/c/cglenn/FCCWork/whizard/whizard_ttbar_spinpol/production/full6f_365gev_ee_ttbar_spinpol_v1/phase11_diagnostics/excess_weight_rootcause_v1/ttbar_restricted_region_suite_v1/regions/20260816T231425Z_U9region_core_W15_S8_np1_v1p0p1/W15/II/M0/fixed/W15_II_M0_A00_S5/F0	/eos/user/c/cglenn/FCCWork/whizard/whizard_ttbar_spinpol/production/full6f_365gev_ee_ttbar_spinpol_v1/phase11_diagnostics/excess_weight_rootcause_v1/ttbar_restricted_region_suite_v1/regions/20260816T231425Z_U9region_core_W15_S8_np1_v1p0p1/W15/II/M0/fixed/W15_II_M0_A00_S5/F0	/eos/user/c/cglenn/FCCWork/whizard/whizard_ttbar_spinpol/production/full6f_365gev_ee_ttbar_spinpol_v1/phase11_diagnostics/excess_weight_rootcause_v1/ttbar_restricted_region_suite_v1/regions/20260816T231425Z_U9region_core_W15_S8_np1_v1p0p1/fixed/W15_II_M0_A00_S5/F0	runtime_flat_fallback	PASS	PASS	0	20733e0e17025d2c73f73a666c5b62f92c105ca98114231020130b77f5730d5d	b18c43ead746a0bb2c1d08e4a1c98f70d64c31658bb1d8432c523b871f31449d	9e369c64b8c053f06dc4526bf272f00e5fcc6099799efc0776b4bf313014b350	1	0	1	/eos/user/c/cglenn/FCCWork/whizard/whizard_ttbar_spinpol/production/full6f_365gev_ee_ttbar_spinpol_v1/phase11_diagnostics/excess_weight_rootcause_v1/ttbar_restricted_region_suite_v1/regions/20260816T231425Z_U9region_core_W15_S8_np1_v1p0p1/fixed/W15_II_M0_A00_S5/F0/console.log	1
P_W15_II_M0_A00_S6	adaptive	W15_II_M0_A00_S6		A00		S6	519963689	958460417	"5:50000:""gw"""		M0	II	W15	DR	15.0	/eos/user/c/cglenn/FCCWork/whizard/whizard_ttbar_spinpol/production/full6f_365gev_ee_ttbar_spinpol_v1/phase11_diagnostics/excess_weight_rootcause_v1/ttbar_restricted_region_suite_v1/regions/20260816T231425Z_U9region_core_W15_S8_np1_v1p0p1/W15/II/M0/adaptive/W15_II_M0_A00_S6	/eos/user/c/cglenn/FCCWork/whizard/whizard_ttbar_spinpol/production/full6f_365gev_ee_ttbar_spinpol_v1/phase11_diagnostics/excess_weight_rootcause_v1/ttbar_restricted_region_suite_v1/regions/20260816T231425Z_U9region_core_W15_S8_np1_v1p0p1/W15/II/M0/adaptive/W15_II_M0_A00_S6	/eos/user/c/cglenn/FCCWork/whizard/whizard_ttbar_spinpol/production/full6f_365gev_ee_ttbar_spinpol_v1/phase11_diagnostics/excess_weight_rootcause_v1/ttbar_restricted_region_suite_v1/regions/20260816T231425Z_U9region_core_W15_S8_np1_v1p0p1/adaptive/W15_II_M0_A00_S6	runtime_flat_fallback	PASS	PASS	0	20733e0e17025d2c73f73a666c5b62f92c105ca98114231020130b77f5730d5d	4eea591b7dbd57832b4b301b1d7d933531921143d3dcd785a52ab822e31edb59		0	1		/eos/user/c/cglenn/FCCWork/whizard/whizard_ttbar_spinpol/production/full6f_365gev_ee_ttbar_spinpol_v1/phase11_diagnostics/excess_weight_rootcause_v1/ttbar_restricted_region_suite_v1/regions/20260816T231425Z_U9region_core_W15_S8_np1_v1p0p1/adaptive/W15_II_M0_A00_S6/console.log	1
C_W15_II_M0_A00_S6_F0	fixed	W15_II_M0_A00_S6_F0	W15_II_M0_A00_S6	A00	F0	S6	519963689	958460417	"5:50000:""gw"""	"3:200000:"""""	M0	II	W15	DR	15.0	/eos/user/c/cglenn/FCCWork/whizard/whizard_ttbar_spinpol/production/full6f_365gev_ee_ttbar_spinpol_v1/phase11_diagnostics/excess_weight_rootcause_v1/ttbar_restricted_region_suite_v1/regions/20260816T231425Z_U9region_core_W15_S8_np1_v1p0p1/W15/II/M0/fixed/W15_II_M0_A00_S6/F0	/eos/user/c/cglenn/FCCWork/whizard/whizard_ttbar_spinpol/production/full6f_365gev_ee_ttbar_spinpol_v1/phase11_diagnostics/excess_weight_rootcause_v1/ttbar_restricted_region_suite_v1/regions/20260816T231425Z_U9region_core_W15_S8_np1_v1p0p1/W15/II/M0/fixed/W15_II_M0_A00_S6/F0	/eos/user/c/cglenn/FCCWork/whizard/whizard_ttbar_spinpol/production/full6f_365gev_ee_ttbar_spinpol_v1/phase11_diagnostics/excess_weight_rootcause_v1/ttbar_restricted_region_suite_v1/regions/20260816T231425Z_U9region_core_W15_S8_np1_v1p0p1/fixed/W15_II_M0_A00_S6/F0	runtime_flat_fallback	PASS	PASS	0	20733e0e17025d2c73f73a666c5b62f92c105ca98114231020130b77f5730d5d	c1c89a3233d28813862e632379435211aabd4e4c08e581de179ec27bda47083a	4eea591b7dbd57832b4b301b1d7d933531921143d3dcd785a52ab822e31edb59	1	0	1	/eos/user/c/cglenn/FCCWork/whizard/whizard_ttbar_spinpol/production/full6f_365gev_ee_ttbar_spinpol_v1/phase11_diagnostics/excess_weight_rootcause_v1/ttbar_restricted_region_suite_v1/regions/20260816T231425Z_U9region_core_W15_S8_np1_v1p0p1/fixed/W15_II_M0_A00_S6/F0/console.log	1
P_W15_II_M0_A00_S7	adaptive	W15_II_M0_A00_S7		A00		S7	1552803368	239117595	"5:50000:""gw"""		M0	II	W15	DR	15.0	/eos/user/c/cglenn/FCCWork/whizard/whizard_ttbar_spinpol/production/full6f_365gev_ee_ttbar_spinpol_v1/phase11_diagnostics/excess_weight_rootcause_v1/ttbar_restricted_region_suite_v1/regions/20260816T231425Z_U9region_core_W15_S8_np1_v1p0p1/W15/II/M0/adaptive/W15_II_M0_A00_S7	/eos/user/c/cglenn/FCCWork/whizard/whizard_ttbar_spinpol/production/full6f_365gev_ee_ttbar_spinpol_v1/phase11_diagnostics/excess_weight_rootcause_v1/ttbar_restricted_region_suite_v1/regions/20260816T231425Z_U9region_core_W15_S8_np1_v1p0p1/W15/II/M0/adaptive/W15_II_M0_A00_S7	/eos/user/c/cglenn/FCCWork/whizard/whizard_ttbar_spinpol/production/full6f_365gev_ee_ttbar_spinpol_v1/phase11_diagnostics/excess_weight_rootcause_v1/ttbar_restricted_region_suite_v1/regions/20260816T231425Z_U9region_core_W15_S8_np1_v1p0p1/adaptive/W15_II_M0_A00_S7	runtime_flat_fallback	PASS	PASS	0	20733e0e17025d2c73f73a666c5b62f92c105ca98114231020130b77f5730d5d	b955f633a809239c82f21c8777c1a6048cb1560c8dfb8bdd92568a2ccd8b7b9e		0	1		/eos/user/c/cglenn/FCCWork/whizard/whizard_ttbar_spinpol/production/full6f_365gev_ee_ttbar_spinpol_v1/phase11_diagnostics/excess_weight_rootcause_v1/ttbar_restricted_region_suite_v1/regions/20260816T231425Z_U9region_core_W15_S8_np1_v1p0p1/adaptive/W15_II_M0_A00_S7/console.log	1
C_W15_II_M0_A00_S7_F0	fixed	W15_II_M0_A00_S7_F0	W15_II_M0_A00_S7	A00	F0	S7	1552803368	239117595	"5:50000:""gw"""	"3:200000:"""""	M0	II	W15	DR	15.0	/eos/user/c/cglenn/FCCWork/whizard/whizard_ttbar_spinpol/production/full6f_365gev_ee_ttbar_spinpol_v1/phase11_diagnostics/excess_weight_rootcause_v1/ttbar_restricted_region_suite_v1/regions/20260816T231425Z_U9region_core_W15_S8_np1_v1p0p1/W15/II/M0/fixed/W15_II_M0_A00_S7/F0	/eos/user/c/cglenn/FCCWork/whizard/whizard_ttbar_spinpol/production/full6f_365gev_ee_ttbar_spinpol_v1/phase11_diagnostics/excess_weight_rootcause_v1/ttbar_restricted_region_suite_v1/regions/20260816T231425Z_U9region_core_W15_S8_np1_v1p0p1/W15/II/M0/fixed/W15_II_M0_A00_S7/F0	/eos/user/c/cglenn/FCCWork/whizard/whizard_ttbar_spinpol/production/full6f_365gev_ee_ttbar_spinpol_v1/phase11_diagnostics/excess_weight_rootcause_v1/ttbar_restricted_region_suite_v1/regions/20260816T231425Z_U9region_core_W15_S8_np1_v1p0p1/fixed/W15_II_M0_A00_S7/F0	runtime_flat_fallback	PASS	PASS	0	20733e0e17025d2c73f73a666c5b62f92c105ca98114231020130b77f5730d5d	f02c3b0b7aba7b5ba7258b69c71902eb77b786b5fecc2717fd0ac6fe70d7572d	b955f633a809239c82f21c8777c1a6048cb1560c8dfb8bdd92568a2ccd8b7b9e	1	0	1	/eos/user/c/cglenn/FCCWork/whizard/whizard_ttbar_spinpol/production/full6f_365gev_ee_ttbar_spinpol_v1/phase11_diagnostics/excess_weight_rootcause_v1/ttbar_restricted_region_suite_v1/regions/20260816T231425Z_U9region_core_W15_S8_np1_v1p0p1/fixed/W15_II_M0_A00_S7/F0/console.log	1
P_W15_II_M1_A07_S0	adaptive	W15_II_M1_A07_S0		A07		S0	1740114216	648318690	"10:100000:""gw"""		M1	II	W15	DR	15.0	/eos/user/c/cglenn/FCCWork/whizard/whizard_ttbar_spinpol/production/full6f_365gev_ee_ttbar_spinpol_v1/phase11_diagnostics/excess_weight_rootcause_v1/ttbar_restricted_region_suite_v1/regions/20260816T231425Z_U9region_core_W15_S8_np1_v1p0p1/W15/II/M1/adaptive/W15_II_M1_A07_S0	/eos/user/c/cglenn/FCCWork/whizard/whizard_ttbar_spinpol/production/full6f_365gev_ee_ttbar_spinpol_v1/phase11_diagnostics/excess_weight_rootcause_v1/ttbar_restricted_region_suite_v1/regions/20260816T231425Z_U9region_core_W15_S8_np1_v1p0p1/W15/II/M1/adaptive/W15_II_M1_A07_S0	/eos/user/c/cglenn/FCCWork/whizard/whizard_ttbar_spinpol/production/full6f_365gev_ee_ttbar_spinpol_v1/phase11_diagnostics/excess_weight_rootcause_v1/ttbar_restricted_region_suite_v1/regions/20260816T231425Z_U9region_core_W15_S8_np1_v1p0p1/adaptive/W15_II_M1_A07_S0	runtime_flat_fallback	PASS	PASS	0	20733e0e17025d2c73f73a666c5b62f92c105ca98114231020130b77f5730d5d	96e248538c455fd5f39d04f0205a8a84b8b34c41f959d62288215f6005a9b9b1		0	1		/eos/user/c/cglenn/FCCWork/whizard/whizard_ttbar_spinpol/production/full6f_365gev_ee_ttbar_spinpol_v1/phase11_diagnostics/excess_weight_rootcause_v1/ttbar_restricted_region_suite_v1/regions/20260816T231425Z_U9region_core_W15_S8_np1_v1p0p1/adaptive/W15_II_M1_A07_S0/console.log	1
C_W15_II_M1_A07_S0_F0	fixed	W15_II_M1_A07_S0_F0	W15_II_M1_A07_S0	A07	F0	S0	1740114216	648318690	"10:100000:""gw"""	"3:200000:"""""	M1	II	W15	DR	15.0	/eos/user/c/cglenn/FCCWork/whizard/whizard_ttbar_spinpol/production/full6f_365gev_ee_ttbar_spinpol_v1/phase11_diagnostics/excess_weight_rootcause_v1/ttbar_restricted_region_suite_v1/regions/20260816T231425Z_U9region_core_W15_S8_np1_v1p0p1/W15/II/M1/fixed/W15_II_M1_A07_S0/F0	/eos/user/c/cglenn/FCCWork/whizard/whizard_ttbar_spinpol/production/full6f_365gev_ee_ttbar_spinpol_v1/phase11_diagnostics/excess_weight_rootcause_v1/ttbar_restricted_region_suite_v1/regions/20260816T231425Z_U9region_core_W15_S8_np1_v1p0p1/W15/II/M1/fixed/W15_II_M1_A07_S0/F0	/eos/user/c/cglenn/FCCWork/whizard/whizard_ttbar_spinpol/production/full6f_365gev_ee_ttbar_spinpol_v1/phase11_diagnostics/excess_weight_rootcause_v1/ttbar_restricted_region_suite_v1/regions/20260816T231425Z_U9region_core_W15_S8_np1_v1p0p1/fixed/W15_II_M1_A07_S0/F0	runtime_flat_fallback	PASS	PASS	0	20733e0e17025d2c73f73a666c5b62f92c105ca98114231020130b77f5730d5d	73956a3e4859cd3414663a541eb32859a3435c5598c9e60a9b57dbe3978a2ecb	96e248538c455fd5f39d04f0205a8a84b8b34c41f959d62288215f6005a9b9b1	1	0	1	/eos/user/c/cglenn/FCCWork/whizard/whizard_ttbar_spinpol/production/full6f_365gev_ee_ttbar_spinpol_v1/phase11_diagnostics/excess_weight_rootcause_v1/ttbar_restricted_region_suite_v1/regions/20260816T231425Z_U9region_core_W15_S8_np1_v1p0p1/fixed/W15_II_M1_A07_S0/F0/console.log	1
P_W15_II_M1_A07_S1	adaptive	W15_II_M1_A07_S1		A07		S1	1751949026	1404282457	"10:100000:""gw"""		M1	II	W15	DR	15.0	/eos/user/c/cglenn/FCCWork/whizard/whizard_ttbar_spinpol/production/full6f_365gev_ee_ttbar_spinpol_v1/phase11_diagnostics/excess_weight_rootcause_v1/ttbar_restricted_region_suite_v1/regions/20260816T231425Z_U9region_core_W15_S8_np1_v1p0p1/W15/II/M1/adaptive/W15_II_M1_A07_S1	/eos/user/c/cglenn/FCCWork/whizard/whizard_ttbar_spinpol/production/full6f_365gev_ee_ttbar_spinpol_v1/phase11_diagnostics/excess_weight_rootcause_v1/ttbar_restricted_region_suite_v1/regions/20260816T231425Z_U9region_core_W15_S8_np1_v1p0p1/W15/II/M1/adaptive/W15_II_M1_A07_S1	/eos/user/c/cglenn/FCCWork/whizard/whizard_ttbar_spinpol/production/full6f_365gev_ee_ttbar_spinpol_v1/phase11_diagnostics/excess_weight_rootcause_v1/ttbar_restricted_region_suite_v1/regions/20260816T231425Z_U9region_core_W15_S8_np1_v1p0p1/adaptive/W15_II_M1_A07_S1	runtime_flat_fallback	PASS	PASS	0	20733e0e17025d2c73f73a666c5b62f92c105ca98114231020130b77f5730d5d	0c6288039122d39ae9961389a9e84e77501ab11e7184bd6ca2a96e19e15a7915		0	1		/eos/user/c/cglenn/FCCWork/whizard/whizard_ttbar_spinpol/production/full6f_365gev_ee_ttbar_spinpol_v1/phase11_diagnostics/excess_weight_rootcause_v1/ttbar_restricted_region_suite_v1/regions/20260816T231425Z_U9region_core_W15_S8_np1_v1p0p1/adaptive/W15_II_M1_A07_S1/console.log	1
C_W15_II_M1_A07_S1_F0	fixed	W15_II_M1_A07_S1_F0	W15_II_M1_A07_S1	A07	F0	S1	1751949026	1404282457	"10:100000:""gw"""	"3:200000:"""""	M1	II	W15	DR	15.0	/eos/user/c/cglenn/FCCWork/whizard/whizard_ttbar_spinpol/production/full6f_365gev_ee_ttbar_spinpol_v1/phase11_diagnostics/excess_weight_rootcause_v1/ttbar_restricted_region_suite_v1/regions/20260816T231425Z_U9region_core_W15_S8_np1_v1p0p1/W15/II/M1/fixed/W15_II_M1_A07_S1/F0	/eos/user/c/cglenn/FCCWork/whizard/whizard_ttbar_spinpol/production/full6f_365gev_ee_ttbar_spinpol_v1/phase11_diagnostics/excess_weight_rootcause_v1/ttbar_restricted_region_suite_v1/regions/20260816T231425Z_U9region_core_W15_S8_np1_v1p0p1/W15/II/M1/fixed/W15_II_M1_A07_S1/F0	/eos/user/c/cglenn/FCCWork/whizard/whizard_ttbar_spinpol/production/full6f_365gev_ee_ttbar_spinpol_v1/phase11_diagnostics/excess_weight_rootcause_v1/ttbar_restricted_region_suite_v1/regions/20260816T231425Z_U9region_core_W15_S8_np1_v1p0p1/fixed/W15_II_M1_A07_S1/F0	runtime_flat_fallback	PASS	PASS	0	20733e0e17025d2c73f73a666c5b62f92c105ca98114231020130b77f5730d5d	6a871f06f9fe02ee66ff75072bccc38b42093751317b9d757633f65e57a3105e	0c6288039122d39ae9961389a9e84e77501ab11e7184bd6ca2a96e19e15a7915	1	0	1	/eos/user/c/cglenn/FCCWork/whizard/whizard_ttbar_spinpol/production/full6f_365gev_ee_ttbar_spinpol_v1/phase11_diagnostics/excess_weight_rootcause_v1/ttbar_restricted_region_suite_v1/regions/20260816T231425Z_U9region_core_W15_S8_np1_v1p0p1/fixed/W15_II_M1_A07_S1/F0/console.log	1
P_W15_II_M1_A07_S2	adaptive	W15_II_M1_A07_S2		A07		S2	1885084773	1596606550	"10:100000:""gw"""		M1	II	W15	DR	15.0	/eos/user/c/cglenn/FCCWork/whizard/whizard_ttbar_spinpol/production/full6f_365gev_ee_ttbar_spinpol_v1/phase11_diagnostics/excess_weight_rootcause_v1/ttbar_restricted_region_suite_v1/regions/20260816T231425Z_U9region_core_W15_S8_np1_v1p0p1/W15/II/M1/adaptive/W15_II_M1_A07_S2	/eos/user/c/cglenn/FCCWork/whizard/whizard_ttbar_spinpol/production/full6f_365gev_ee_ttbar_spinpol_v1/phase11_diagnostics/excess_weight_rootcause_v1/ttbar_restricted_region_suite_v1/regions/20260816T231425Z_U9region_core_W15_S8_np1_v1p0p1/W15/II/M1/adaptive/W15_II_M1_A07_S2	/eos/user/c/cglenn/FCCWork/whizard/whizard_ttbar_spinpol/production/full6f_365gev_ee_ttbar_spinpol_v1/phase11_diagnostics/excess_weight_rootcause_v1/ttbar_restricted_region_suite_v1/regions/20260816T231425Z_U9region_core_W15_S8_np1_v1p0p1/adaptive/W15_II_M1_A07_S2	runtime_flat_fallback	PASS	PASS	0	20733e0e17025d2c73f73a666c5b62f92c105ca98114231020130b77f5730d5d	edfc6391fa9d84f5800d842d2e0721515012abca9b440ab4411eb53a9ec2b0dc		0	1		/eos/user/c/cglenn/FCCWork/whizard/whizard_ttbar_spinpol/production/full6f_365gev_ee_ttbar_spinpol_v1/phase11_diagnostics/excess_weight_rootcause_v1/ttbar_restricted_region_suite_v1/regions/20260816T231425Z_U9region_core_W15_S8_np1_v1p0p1/adaptive/W15_II_M1_A07_S2/console.log	1
C_W15_II_M1_A07_S2_F0	fixed	W15_II_M1_A07_S2_F0	W15_II_M1_A07_S2	A07	F0	S2	1885084773	1596606550	"10:100000:""gw"""	"3:200000:"""""	M1	II	W15	DR	15.0	/eos/user/c/cglenn/FCCWork/whizard/whizard_ttbar_spinpol/production/full6f_365gev_ee_ttbar_spinpol_v1/phase11_diagnostics/excess_weight_rootcause_v1/ttbar_restricted_region_suite_v1/regions/20260816T231425Z_U9region_core_W15_S8_np1_v1p0p1/W15/II/M1/fixed/W15_II_M1_A07_S2/F0	/eos/user/c/cglenn/FCCWork/whizard/whizard_ttbar_spinpol/production/full6f_365gev_ee_ttbar_spinpol_v1/phase11_diagnostics/excess_weight_rootcause_v1/ttbar_restricted_region_suite_v1/regions/20260816T231425Z_U9region_core_W15_S8_np1_v1p0p1/W15/II/M1/fixed/W15_II_M1_A07_S2/F0	/eos/user/c/cglenn/FCCWork/whizard/whizard_ttbar_spinpol/production/full6f_365gev_ee_ttbar_spinpol_v1/phase11_diagnostics/excess_weight_rootcause_v1/ttbar_restricted_region_suite_v1/regions/20260816T231425Z_U9region_core_W15_S8_np1_v1p0p1/fixed/W15_II_M1_A07_S2/F0	runtime_flat_fallback	PASS	PASS	0	20733e0e17025d2c73f73a666c5b62f92c105ca98114231020130b77f5730d5d	fd7c979130883bc721ac54c34e01a62073fe670f90456f3e4b2900af747deac3	edfc6391fa9d84f5800d842d2e0721515012abca9b440ab4411eb53a9ec2b0dc	1	0	1	/eos/user/c/cglenn/FCCWork/whizard/whizard_ttbar_spinpol/production/full6f_365gev_ee_ttbar_spinpol_v1/phase11_diagnostics/excess_weight_rootcause_v1/ttbar_restricted_region_suite_v1/regions/20260816T231425Z_U9region_core_W15_S8_np1_v1p0p1/fixed/W15_II_M1_A07_S2/F0/console.log	1
P_W15_II_M1_A07_S3	adaptive	W15_II_M1_A07_S3		A07		S3	134326786	769890491	"10:100000:""gw"""		M1	II	W15	DR	15.0	/eos/user/c/cglenn/FCCWork/whizard/whizard_ttbar_spinpol/production/full6f_365gev_ee_ttbar_spinpol_v1/phase11_diagnostics/excess_weight_rootcause_v1/ttbar_restricted_region_suite_v1/regions/20260816T231425Z_U9region_core_W15_S8_np1_v1p0p1/W15/II/M1/adaptive/W15_II_M1_A07_S3	/eos/user/c/cglenn/FCCWork/whizard/whizard_ttbar_spinpol/production/full6f_365gev_ee_ttbar_spinpol_v1/phase11_diagnostics/excess_weight_rootcause_v1/ttbar_restricted_region_suite_v1/regions/20260816T231425Z_U9region_core_W15_S8_np1_v1p0p1/W15/II/M1/adaptive/W15_II_M1_A07_S3	/eos/user/c/cglenn/FCCWork/whizard/whizard_ttbar_spinpol/production/full6f_365gev_ee_ttbar_spinpol_v1/phase11_diagnostics/excess_weight_rootcause_v1/ttbar_restricted_region_suite_v1/regions/20260816T231425Z_U9region_core_W15_S8_np1_v1p0p1/adaptive/W15_II_M1_A07_S3	runtime_flat_fallback	PASS	PASS	0	20733e0e17025d2c73f73a666c5b62f92c105ca98114231020130b77f5730d5d	d1633f4e06c90fd345c609102f2cdd4f3c1ea35d1cc72b018f1d54988dbc87f1		0	1		/eos/user/c/cglenn/FCCWork/whizard/whizard_ttbar_spinpol/production/full6f_365gev_ee_ttbar_spinpol_v1/phase11_diagnostics/excess_weight_rootcause_v1/ttbar_restricted_region_suite_v1/regions/20260816T231425Z_U9region_core_W15_S8_np1_v1p0p1/adaptive/W15_II_M1_A07_S3/console.log	1
C_W15_II_M1_A07_S3_F0	fixed	W15_II_M1_A07_S3_F0	W15_II_M1_A07_S3	A07	F0	S3	134326786	769890491	"10:100000:""gw"""	"3:200000:"""""	M1	II	W15	DR	15.0	/eos/user/c/cglenn/FCCWork/whizard/whizard_ttbar_spinpol/production/full6f_365gev_ee_ttbar_spinpol_v1/phase11_diagnostics/excess_weight_rootcause_v1/ttbar_restricted_region_suite_v1/regions/20260816T231425Z_U9region_core_W15_S8_np1_v1p0p1/W15/II/M1/fixed/W15_II_M1_A07_S3/F0	/eos/user/c/cglenn/FCCWork/whizard/whizard_ttbar_spinpol/production/full6f_365gev_ee_ttbar_spinpol_v1/phase11_diagnostics/excess_weight_rootcause_v1/ttbar_restricted_region_suite_v1/regions/20260816T231425Z_U9region_core_W15_S8_np1_v1p0p1/W15/II/M1/fixed/W15_II_M1_A07_S3/F0	/eos/user/c/cglenn/FCCWork/whizard/whizard_ttbar_spinpol/production/full6f_365gev_ee_ttbar_spinpol_v1/phase11_diagnostics/excess_weight_rootcause_v1/ttbar_restricted_region_suite_v1/regions/20260816T231425Z_U9region_core_W15_S8_np1_v1p0p1/fixed/W15_II_M1_A07_S3/F0	runtime_flat_fallback	PASS	PASS	0	20733e0e17025d2c73f73a666c5b62f92c105ca98114231020130b77f5730d5d	996df4cfe51b391fbeee5d719e6d73148c977e9bd59f77808754d0ab05f19152	d1633f4e06c90fd345c609102f2cdd4f3c1ea35d1cc72b018f1d54988dbc87f1	1	0	1	/eos/user/c/cglenn/FCCWork/whizard/whizard_ttbar_spinpol/production/full6f_365gev_ee_ttbar_spinpol_v1/phase11_diagnostics/excess_weight_rootcause_v1/ttbar_restricted_region_suite_v1/regions/20260816T231425Z_U9region_core_W15_S8_np1_v1p0p1/fixed/W15_II_M1_A07_S3/F0/console.log	1
P_W15_II_M1_A07_S4	adaptive	W15_II_M1_A07_S4		A07		S4	249371675	462903030	"10:100000:""gw"""		M1	II	W15	DR	15.0	/eos/user/c/cglenn/FCCWork/whizard/whizard_ttbar_spinpol/production/full6f_365gev_ee_ttbar_spinpol_v1/phase11_diagnostics/excess_weight_rootcause_v1/ttbar_restricted_region_suite_v1/regions/20260816T231425Z_U9region_core_W15_S8_np1_v1p0p1/W15/II/M1/adaptive/W15_II_M1_A07_S4	/eos/user/c/cglenn/FCCWork/whizard/whizard_ttbar_spinpol/production/full6f_365gev_ee_ttbar_spinpol_v1/phase11_diagnostics/excess_weight_rootcause_v1/ttbar_restricted_region_suite_v1/regions/20260816T231425Z_U9region_core_W15_S8_np1_v1p0p1/W15/II/M1/adaptive/W15_II_M1_A07_S4	/eos/user/c/cglenn/FCCWork/whizard/whizard_ttbar_spinpol/production/full6f_365gev_ee_ttbar_spinpol_v1/phase11_diagnostics/excess_weight_rootcause_v1/ttbar_restricted_region_suite_v1/regions/20260816T231425Z_U9region_core_W15_S8_np1_v1p0p1/adaptive/W15_II_M1_A07_S4	runtime_flat_fallback	PASS	PASS	0	20733e0e17025d2c73f73a666c5b62f92c105ca98114231020130b77f5730d5d	a193e5a58c8439a243123205eafe1bd84d388c3542fe43755cb0fd19050dbb78		0	1		/eos/user/c/cglenn/FCCWork/whizard/whizard_ttbar_spinpol/production/full6f_365gev_ee_ttbar_spinpol_v1/phase11_diagnostics/excess_weight_rootcause_v1/ttbar_restricted_region_suite_v1/regions/20260816T231425Z_U9region_core_W15_S8_np1_v1p0p1/adaptive/W15_II_M1_A07_S4/console.log	1
C_W15_II_M1_A07_S4_F0	fixed	W15_II_M1_A07_S4_F0	W15_II_M1_A07_S4	A07	F0	S4	249371675	462903030	"10:100000:""gw"""	"3:200000:"""""	M1	II	W15	DR	15.0	/eos/user/c/cglenn/FCCWork/whizard/whizard_ttbar_spinpol/production/full6f_365gev_ee_ttbar_spinpol_v1/phase11_diagnostics/excess_weight_rootcause_v1/ttbar_restricted_region_suite_v1/regions/20260816T231425Z_U9region_core_W15_S8_np1_v1p0p1/W15/II/M1/fixed/W15_II_M1_A07_S4/F0	/eos/user/c/cglenn/FCCWork/whizard/whizard_ttbar_spinpol/production/full6f_365gev_ee_ttbar_spinpol_v1/phase11_diagnostics/excess_weight_rootcause_v1/ttbar_restricted_region_suite_v1/regions/20260816T231425Z_U9region_core_W15_S8_np1_v1p0p1/W15/II/M1/fixed/W15_II_M1_A07_S4/F0	/eos/user/c/cglenn/FCCWork/whizard/whizard_ttbar_spinpol/production/full6f_365gev_ee_ttbar_spinpol_v1/phase11_diagnostics/excess_weight_rootcause_v1/ttbar_restricted_region_suite_v1/regions/20260816T231425Z_U9region_core_W15_S8_np1_v1p0p1/fixed/W15_II_M1_A07_S4/F0	runtime_flat_fallback	PASS	PASS	0	20733e0e17025d2c73f73a666c5b62f92c105ca98114231020130b77f5730d5d	10bd898a3986faaecd20aa73dec2cfef948fb771dff0897f238463dc22bf5b12	a193e5a58c8439a243123205eafe1bd84d388c3542fe43755cb0fd19050dbb78	1	0	1	/eos/user/c/cglenn/FCCWork/whizard/whizard_ttbar_spinpol/production/full6f_365gev_ee_ttbar_spinpol_v1/phase11_diagnostics/excess_weight_rootcause_v1/ttbar_restricted_region_suite_v1/regions/20260816T231425Z_U9region_core_W15_S8_np1_v1p0p1/fixed/W15_II_M1_A07_S4/F0/console.log	1
P_W15_II_M1_A07_S5	adaptive	W15_II_M1_A07_S5		A07		S5	531087687	197846737	"10:100000:""gw"""		M1	II	W15	DR	15.0	/eos/user/c/cglenn/FCCWork/whizard/whizard_ttbar_spinpol/production/full6f_365gev_ee_ttbar_spinpol_v1/phase11_diagnostics/excess_weight_rootcause_v1/ttbar_restricted_region_suite_v1/regions/20260816T231425Z_U9region_core_W15_S8_np1_v1p0p1/W15/II/M1/adaptive/W15_II_M1_A07_S5	/eos/user/c/cglenn/FCCWork/whizard/whizard_ttbar_spinpol/production/full6f_365gev_ee_ttbar_spinpol_v1/phase11_diagnostics/excess_weight_rootcause_v1/ttbar_restricted_region_suite_v1/regions/20260816T231425Z_U9region_core_W15_S8_np1_v1p0p1/W15/II/M1/adaptive/W15_II_M1_A07_S5	/eos/user/c/cglenn/FCCWork/whizard/whizard_ttbar_spinpol/production/full6f_365gev_ee_ttbar_spinpol_v1/phase11_diagnostics/excess_weight_rootcause_v1/ttbar_restricted_region_suite_v1/regions/20260816T231425Z_U9region_core_W15_S8_np1_v1p0p1/adaptive/W15_II_M1_A07_S5	runtime_flat_fallback	PASS	PASS	0	20733e0e17025d2c73f73a666c5b62f92c105ca98114231020130b77f5730d5d	914fb26163699cd44309ae0d1b09eef7f141527d0e39d048d9c34c37390fabda		0	1		/eos/user/c/cglenn/FCCWork/whizard/whizard_ttbar_spinpol/production/full6f_365gev_ee_ttbar_spinpol_v1/phase11_diagnostics/excess_weight_rootcause_v1/ttbar_restricted_region_suite_v1/regions/20260816T231425Z_U9region_core_W15_S8_np1_v1p0p1/adaptive/W15_II_M1_A07_S5/console.log	1
C_W15_II_M1_A07_S5_F0	fixed	W15_II_M1_A07_S5_F0	W15_II_M1_A07_S5	A07	F0	S5	531087687	197846737	"10:100000:""gw"""	"3:200000:"""""	M1	II	W15	DR	15.0	/eos/user/c/cglenn/FCCWork/whizard/whizard_ttbar_spinpol/production/full6f_365gev_ee_ttbar_spinpol_v1/phase11_diagnostics/excess_weight_rootcause_v1/ttbar_restricted_region_suite_v1/regions/20260816T231425Z_U9region_core_W15_S8_np1_v1p0p1/W15/II/M1/fixed/W15_II_M1_A07_S5/F0	/eos/user/c/cglenn/FCCWork/whizard/whizard_ttbar_spinpol/production/full6f_365gev_ee_ttbar_spinpol_v1/phase11_diagnostics/excess_weight_rootcause_v1/ttbar_restricted_region_suite_v1/regions/20260816T231425Z_U9region_core_W15_S8_np1_v1p0p1/W15/II/M1/fixed/W15_II_M1_A07_S5/F0	/eos/user/c/cglenn/FCCWork/whizard/whizard_ttbar_spinpol/production/full6f_365gev_ee_ttbar_spinpol_v1/phase11_diagnostics/excess_weight_rootcause_v1/ttbar_restricted_region_suite_v1/regions/20260816T231425Z_U9region_core_W15_S8_np1_v1p0p1/fixed/W15_II_M1_A07_S5/F0	runtime_flat_fallback	PASS	PASS	0	20733e0e17025d2c73f73a666c5b62f92c105ca98114231020130b77f5730d5d	ab00c41462c3f5ee6faa499372034c736fd24c3f19a5b0a3264bbb169bc9aa77	914fb26163699cd44309ae0d1b09eef7f141527d0e39d048d9c34c37390fabda	1	0	1	/eos/user/c/cglenn/FCCWork/whizard/whizard_ttbar_spinpol/production/full6f_365gev_ee_ttbar_spinpol_v1/phase11_diagnostics/excess_weight_rootcause_v1/ttbar_restricted_region_suite_v1/regions/20260816T231425Z_U9region_core_W15_S8_np1_v1p0p1/fixed/W15_II_M1_A07_S5/F0/console.log	1
P_W15_II_M1_A07_S6	adaptive	W15_II_M1_A07_S6		A07		S6	519963689	958460417	"10:100000:""gw"""		M1	II	W15	DR	15.0	/eos/user/c/cglenn/FCCWork/whizard/whizard_ttbar_spinpol/production/full6f_365gev_ee_ttbar_spinpol_v1/phase11_diagnostics/excess_weight_rootcause_v1/ttbar_restricted_region_suite_v1/regions/20260816T231425Z_U9region_core_W15_S8_np1_v1p0p1/W15/II/M1/adaptive/W15_II_M1_A07_S6	/eos/user/c/cglenn/FCCWork/whizard/whizard_ttbar_spinpol/production/full6f_365gev_ee_ttbar_spinpol_v1/phase11_diagnostics/excess_weight_rootcause_v1/ttbar_restricted_region_suite_v1/regions/20260816T231425Z_U9region_core_W15_S8_np1_v1p0p1/W15/II/M1/adaptive/W15_II_M1_A07_S6	/eos/user/c/cglenn/FCCWork/whizard/whizard_ttbar_spinpol/production/full6f_365gev_ee_ttbar_spinpol_v1/phase11_diagnostics/excess_weight_rootcause_v1/ttbar_restricted_region_suite_v1/regions/20260816T231425Z_U9region_core_W15_S8_np1_v1p0p1/adaptive/W15_II_M1_A07_S6	runtime_flat_fallback	PASS	PASS	0	20733e0e17025d2c73f73a666c5b62f92c105ca98114231020130b77f5730d5d	452dd3d35b7d4417c28cb8a4fed75c8f5f69a73af242d7ac6330940849913148		0	1		/eos/user/c/cglenn/FCCWork/whizard/whizard_ttbar_spinpol/production/full6f_365gev_ee_ttbar_spinpol_v1/phase11_diagnostics/excess_weight_rootcause_v1/ttbar_restricted_region_suite_v1/regions/20260816T231425Z_U9region_core_W15_S8_np1_v1p0p1/adaptive/W15_II_M1_A07_S6/console.log	1
C_W15_II_M1_A07_S6_F0	fixed	W15_II_M1_A07_S6_F0	W15_II_M1_A07_S6	A07	F0	S6	519963689	958460417	"10:100000:""gw"""	"3:200000:"""""	M1	II	W15	DR	15.0	/eos/user/c/cglenn/FCCWork/whizard/whizard_ttbar_spinpol/production/full6f_365gev_ee_ttbar_spinpol_v1/phase11_diagnostics/excess_weight_rootcause_v1/ttbar_restricted_region_suite_v1/regions/20260816T231425Z_U9region_core_W15_S8_np1_v1p0p1/W15/II/M1/fixed/W15_II_M1_A07_S6/F0	/eos/user/c/cglenn/FCCWork/whizard/whizard_ttbar_spinpol/production/full6f_365gev_ee_ttbar_spinpol_v1/phase11_diagnostics/excess_weight_rootcause_v1/ttbar_restricted_region_suite_v1/regions/20260816T231425Z_U9region_core_W15_S8_np1_v1p0p1/W15/II/M1/fixed/W15_II_M1_A07_S6/F0	/eos/user/c/cglenn/FCCWork/whizard/whizard_ttbar_spinpol/production/full6f_365gev_ee_ttbar_spinpol_v1/phase11_diagnostics/excess_weight_rootcause_v1/ttbar_restricted_region_suite_v1/regions/20260816T231425Z_U9region_core_W15_S8_np1_v1p0p1/fixed/W15_II_M1_A07_S6/F0	runtime_flat_fallback	PASS	PASS	0	20733e0e17025d2c73f73a666c5b62f92c105ca98114231020130b77f5730d5d	6ee6b92955044287ef6e18160c39183f1c97cbbc2feb864e3a8b156ac8b00383	452dd3d35b7d4417c28cb8a4fed75c8f5f69a73af242d7ac6330940849913148	1	0	1	/eos/user/c/cglenn/FCCWork/whizard/whizard_ttbar_spinpol/production/full6f_365gev_ee_ttbar_spinpol_v1/phase11_diagnostics/excess_weight_rootcause_v1/ttbar_restricted_region_suite_v1/regions/20260816T231425Z_U9region_core_W15_S8_np1_v1p0p1/fixed/W15_II_M1_A07_S6/F0/console.log	1
P_W15_II_M1_A07_S7	adaptive	W15_II_M1_A07_S7		A07		S7	1552803368	239117595	"10:100000:""gw"""		M1	II	W15	DR	15.0	/eos/user/c/cglenn/FCCWork/whizard/whizard_ttbar_spinpol/production/full6f_365gev_ee_ttbar_spinpol_v1/phase11_diagnostics/excess_weight_rootcause_v1/ttbar_restricted_region_suite_v1/regions/20260816T231425Z_U9region_core_W15_S8_np1_v1p0p1/W15/II/M1/adaptive/W15_II_M1_A07_S7	/eos/user/c/cglenn/FCCWork/whizard/whizard_ttbar_spinpol/production/full6f_365gev_ee_ttbar_spinpol_v1/phase11_diagnostics/excess_weight_rootcause_v1/ttbar_restricted_region_suite_v1/regions/20260816T231425Z_U9region_core_W15_S8_np1_v1p0p1/W15/II/M1/adaptive/W15_II_M1_A07_S7	/eos/user/c/cglenn/FCCWork/whizard/whizard_ttbar_spinpol/production/full6f_365gev_ee_ttbar_spinpol_v1/phase11_diagnostics/excess_weight_rootcause_v1/ttbar_restricted_region_suite_v1/regions/20260816T231425Z_U9region_core_W15_S8_np1_v1p0p1/adaptive/W15_II_M1_A07_S7	runtime_flat_fallback	PASS	PASS	0	20733e0e17025d2c73f73a666c5b62f92c105ca98114231020130b77f5730d5d	8a50db776350f4d1d52fde89f8bc8796d6ce816a45d2adb35b86ed205776f562		0	1		/eos/user/c/cglenn/FCCWork/whizard/whizard_ttbar_spinpol/production/full6f_365gev_ee_ttbar_spinpol_v1/phase11_diagnostics/excess_weight_rootcause_v1/ttbar_restricted_region_suite_v1/regions/20260816T231425Z_U9region_core_W15_S8_np1_v1p0p1/adaptive/W15_II_M1_A07_S7/console.log	1
C_W15_II_M1_A07_S7_F0	fixed	W15_II_M1_A07_S7_F0	W15_II_M1_A07_S7	A07	F0	S7	1552803368	239117595	"10:100000:""gw"""	"3:200000:"""""	M1	II	W15	DR	15.0	/eos/user/c/cglenn/FCCWork/whizard/whizard_ttbar_spinpol/production/full6f_365gev_ee_ttbar_spinpol_v1/phase11_diagnostics/excess_weight_rootcause_v1/ttbar_restricted_region_suite_v1/regions/20260816T231425Z_U9region_core_W15_S8_np1_v1p0p1/W15/II/M1/fixed/W15_II_M1_A07_S7/F0	/eos/user/c/cglenn/FCCWork/whizard/whizard_ttbar_spinpol/production/full6f_365gev_ee_ttbar_spinpol_v1/phase11_diagnostics/excess_weight_rootcause_v1/ttbar_restricted_region_suite_v1/regions/20260816T231425Z_U9region_core_W15_S8_np1_v1p0p1/W15/II/M1/fixed/W15_II_M1_A07_S7/F0	/eos/user/c/cglenn/FCCWork/whizard/whizard_ttbar_spinpol/production/full6f_365gev_ee_ttbar_spinpol_v1/phase11_diagnostics/excess_weight_rootcause_v1/ttbar_restricted_region_suite_v1/regions/20260816T231425Z_U9region_core_W15_S8_np1_v1p0p1/fixed/W15_II_M1_A07_S7/F0	runtime_flat_fallback	PASS	PASS	0	20733e0e17025d2c73f73a666c5b62f92c105ca98114231020130b77f5730d5d	5ebdf482a982275314a5d987dd29d9b3f66e7bdd9fb29294ce69d6f07b68dd00	8a50db776350f4d1d52fde89f8bc8796d6ce816a45d2adb35b86ed205776f562	1	0	1	/eos/user/c/cglenn/FCCWork/whizard/whizard_ttbar_spinpol/production/full6f_365gev_ee_ttbar_spinpol_v1/phase11_diagnostics/excess_weight_rootcause_v1/ttbar_restricted_region_suite_v1/regions/20260816T231425Z_U9region_core_W15_S8_np1_v1p0p1/fixed/W15_II_M1_A07_S7/F0/console.log	1
P_W15_II_M2_A10_S0	adaptive	W15_II_M2_A10_S0		A10		S0	1740114216	648318690	"1:1000000:""gw"""		M2	II	W15	DR	15.0	/eos/user/c/cglenn/FCCWork/whizard/whizard_ttbar_spinpol/production/full6f_365gev_ee_ttbar_spinpol_v1/phase11_diagnostics/excess_weight_rootcause_v1/ttbar_restricted_region_suite_v1/regions/20260816T231425Z_U9region_core_W15_S8_np1_v1p0p1/W15/II/M2/adaptive/W15_II_M2_A10_S0	/eos/user/c/cglenn/FCCWork/whizard/whizard_ttbar_spinpol/production/full6f_365gev_ee_ttbar_spinpol_v1/phase11_diagnostics/excess_weight_rootcause_v1/ttbar_restricted_region_suite_v1/regions/20260816T231425Z_U9region_core_W15_S8_np1_v1p0p1/W15/II/M2/adaptive/W15_II_M2_A10_S0	/eos/user/c/cglenn/FCCWork/whizard/whizard_ttbar_spinpol/production/full6f_365gev_ee_ttbar_spinpol_v1/phase11_diagnostics/excess_weight_rootcause_v1/ttbar_restricted_region_suite_v1/regions/20260816T231425Z_U9region_core_W15_S8_np1_v1p0p1/adaptive/W15_II_M2_A10_S0	runtime_flat_fallback	PASS	PASS	0	20733e0e17025d2c73f73a666c5b62f92c105ca98114231020130b77f5730d5d	abcdd88879cbed8b02b853eeaaeeed4b564fce87a9d2750d0b9528e3f5ec20a5		0	1		/eos/user/c/cglenn/FCCWork/whizard/whizard_ttbar_spinpol/production/full6f_365gev_ee_ttbar_spinpol_v1/phase11_diagnostics/excess_weight_rootcause_v1/ttbar_restricted_region_suite_v1/regions/20260816T231425Z_U9region_core_W15_S8_np1_v1p0p1/adaptive/W15_II_M2_A10_S0/console.log	1
C_W15_II_M2_A10_S0_F2	fixed	W15_II_M2_A10_S0_F2	W15_II_M2_A10_S0	A10	F2	S0	1740114216	648318690	"1:1000000:""gw"""	"1:2000000:"""""	M2	II	W15	DR	15.0	/eos/user/c/cglenn/FCCWork/whizard/whizard_ttbar_spinpol/production/full6f_365gev_ee_ttbar_spinpol_v1/phase11_diagnostics/excess_weight_rootcause_v1/ttbar_restricted_region_suite_v1/regions/20260816T231425Z_U9region_core_W15_S8_np1_v1p0p1/W15/II/M2/fixed/W15_II_M2_A10_S0/F2	/eos/user/c/cglenn/FCCWork/whizard/whizard_ttbar_spinpol/production/full6f_365gev_ee_ttbar_spinpol_v1/phase11_diagnostics/excess_weight_rootcause_v1/ttbar_restricted_region_suite_v1/regions/20260816T231425Z_U9region_core_W15_S8_np1_v1p0p1/W15/II/M2/fixed/W15_II_M2_A10_S0/F2	/eos/user/c/cglenn/FCCWork/whizard/whizard_ttbar_spinpol/production/full6f_365gev_ee_ttbar_spinpol_v1/phase11_diagnostics/excess_weight_rootcause_v1/ttbar_restricted_region_suite_v1/regions/20260816T231425Z_U9region_core_W15_S8_np1_v1p0p1/fixed/W15_II_M2_A10_S0/F2	runtime_flat_fallback	PASS	PASS	0	20733e0e17025d2c73f73a666c5b62f92c105ca98114231020130b77f5730d5d	bb10a2ed97d8cff44bd366ed237a992ef7e7b1a885e1f20d9dc61df35297685b	abcdd88879cbed8b02b853eeaaeeed4b564fce87a9d2750d0b9528e3f5ec20a5	1	0	1	/eos/user/c/cglenn/FCCWork/whizard/whizard_ttbar_spinpol/production/full6f_365gev_ee_ttbar_spinpol_v1/phase11_diagnostics/excess_weight_rootcause_v1/ttbar_restricted_region_suite_v1/regions/20260816T231425Z_U9region_core_W15_S8_np1_v1p0p1/fixed/W15_II_M2_A10_S0/F2/console.log	1
P_W15_II_M2_A10_S1	adaptive	W15_II_M2_A10_S1		A10		S1	1751949026	1404282457	"1:1000000:""gw"""		M2	II	W15	DR	15.0	/eos/user/c/cglenn/FCCWork/whizard/whizard_ttbar_spinpol/production/full6f_365gev_ee_ttbar_spinpol_v1/phase11_diagnostics/excess_weight_rootcause_v1/ttbar_restricted_region_suite_v1/regions/20260816T231425Z_U9region_core_W15_S8_np1_v1p0p1/W15/II/M2/adaptive/W15_II_M2_A10_S1	/eos/user/c/cglenn/FCCWork/whizard/whizard_ttbar_spinpol/production/full6f_365gev_ee_ttbar_spinpol_v1/phase11_diagnostics/excess_weight_rootcause_v1/ttbar_restricted_region_suite_v1/regions/20260816T231425Z_U9region_core_W15_S8_np1_v1p0p1/W15/II/M2/adaptive/W15_II_M2_A10_S1	/eos/user/c/cglenn/FCCWork/whizard/whizard_ttbar_spinpol/production/full6f_365gev_ee_ttbar_spinpol_v1/phase11_diagnostics/excess_weight_rootcause_v1/ttbar_restricted_region_suite_v1/regions/20260816T231425Z_U9region_core_W15_S8_np1_v1p0p1/adaptive/W15_II_M2_A10_S1	runtime_flat_fallback	PASS	PASS	0	20733e0e17025d2c73f73a666c5b62f92c105ca98114231020130b77f5730d5d	7be2a3b17ae9034f9cfe5d55fe80c32b77f5beda37927709c79860ce4897cd9e		0	1		/eos/user/c/cglenn/FCCWork/whizard/whizard_ttbar_spinpol/production/full6f_365gev_ee_ttbar_spinpol_v1/phase11_diagnostics/excess_weight_rootcause_v1/ttbar_restricted_region_suite_v1/regions/20260816T231425Z_U9region_core_W15_S8_np1_v1p0p1/adaptive/W15_II_M2_A10_S1/console.log	1
C_W15_II_M2_A10_S1_F2	fixed	W15_II_M2_A10_S1_F2	W15_II_M2_A10_S1	A10	F2	S1	1751949026	1404282457	"1:1000000:""gw"""	"1:2000000:"""""	M2	II	W15	DR	15.0	/eos/user/c/cglenn/FCCWork/whizard/whizard_ttbar_spinpol/production/full6f_365gev_ee_ttbar_spinpol_v1/phase11_diagnostics/excess_weight_rootcause_v1/ttbar_restricted_region_suite_v1/regions/20260816T231425Z_U9region_core_W15_S8_np1_v1p0p1/W15/II/M2/fixed/W15_II_M2_A10_S1/F2	/eos/user/c/cglenn/FCCWork/whizard/whizard_ttbar_spinpol/production/full6f_365gev_ee_ttbar_spinpol_v1/phase11_diagnostics/excess_weight_rootcause_v1/ttbar_restricted_region_suite_v1/regions/20260816T231425Z_U9region_core_W15_S8_np1_v1p0p1/W15/II/M2/fixed/W15_II_M2_A10_S1/F2	/eos/user/c/cglenn/FCCWork/whizard/whizard_ttbar_spinpol/production/full6f_365gev_ee_ttbar_spinpol_v1/phase11_diagnostics/excess_weight_rootcause_v1/ttbar_restricted_region_suite_v1/regions/20260816T231425Z_U9region_core_W15_S8_np1_v1p0p1/fixed/W15_II_M2_A10_S1/F2	runtime_flat_fallback	PASS	PASS	0	20733e0e17025d2c73f73a666c5b62f92c105ca98114231020130b77f5730d5d	1825e6dc6e92fda2d57765d0560cc46de8d4fd14d2cff0b7e1b091e36e552c92	7be2a3b17ae9034f9cfe5d55fe80c32b77f5beda37927709c79860ce4897cd9e	1	0	1	/eos/user/c/cglenn/FCCWork/whizard/whizard_ttbar_spinpol/production/full6f_365gev_ee_ttbar_spinpol_v1/phase11_diagnostics/excess_weight_rootcause_v1/ttbar_restricted_region_suite_v1/regions/20260816T231425Z_U9region_core_W15_S8_np1_v1p0p1/fixed/W15_II_M2_A10_S1/F2/console.log	1
P_W15_II_M2_A10_S2	adaptive	W15_II_M2_A10_S2		A10		S2	1885084773	1596606550	"1:1000000:""gw"""		M2	II	W15	DR	15.0	/eos/user/c/cglenn/FCCWork/whizard/whizard_ttbar_spinpol/production/full6f_365gev_ee_ttbar_spinpol_v1/phase11_diagnostics/excess_weight_rootcause_v1/ttbar_restricted_region_suite_v1/regions/20260816T231425Z_U9region_core_W15_S8_np1_v1p0p1/W15/II/M2/adaptive/W15_II_M2_A10_S2	/eos/user/c/cglenn/FCCWork/whizard/whizard_ttbar_spinpol/production/full6f_365gev_ee_ttbar_spinpol_v1/phase11_diagnostics/excess_weight_rootcause_v1/ttbar_restricted_region_suite_v1/regions/20260816T231425Z_U9region_core_W15_S8_np1_v1p0p1/W15/II/M2/adaptive/W15_II_M2_A10_S2	/eos/user/c/cglenn/FCCWork/whizard/whizard_ttbar_spinpol/production/full6f_365gev_ee_ttbar_spinpol_v1/phase11_diagnostics/excess_weight_rootcause_v1/ttbar_restricted_region_suite_v1/regions/20260816T231425Z_U9region_core_W15_S8_np1_v1p0p1/adaptive/W15_II_M2_A10_S2	runtime_flat_fallback	PASS	PASS	0	20733e0e17025d2c73f73a666c5b62f92c105ca98114231020130b77f5730d5d	321331fafbc089e86715dabcdf2d88ea80bf6ead675c16c755a3ae2b8dbb1a78		0	1		/eos/user/c/cglenn/FCCWork/whizard/whizard_ttbar_spinpol/production/full6f_365gev_ee_ttbar_spinpol_v1/phase11_diagnostics/excess_weight_rootcause_v1/ttbar_restricted_region_suite_v1/regions/20260816T231425Z_U9region_core_W15_S8_np1_v1p0p1/adaptive/W15_II_M2_A10_S2/console.log	1
C_W15_II_M2_A10_S2_F2	fixed	W15_II_M2_A10_S2_F2	W15_II_M2_A10_S2	A10	F2	S2	1885084773	1596606550	"1:1000000:""gw"""	"1:2000000:"""""	M2	II	W15	DR	15.0	/eos/user/c/cglenn/FCCWork/whizard/whizard_ttbar_spinpol/production/full6f_365gev_ee_ttbar_spinpol_v1/phase11_diagnostics/excess_weight_rootcause_v1/ttbar_restricted_region_suite_v1/regions/20260816T231425Z_U9region_core_W15_S8_np1_v1p0p1/W15/II/M2/fixed/W15_II_M2_A10_S2/F2	/eos/user/c/cglenn/FCCWork/whizard/whizard_ttbar_spinpol/production/full6f_365gev_ee_ttbar_spinpol_v1/phase11_diagnostics/excess_weight_rootcause_v1/ttbar_restricted_region_suite_v1/regions/20260816T231425Z_U9region_core_W15_S8_np1_v1p0p1/W15/II/M2/fixed/W15_II_M2_A10_S2/F2	/eos/user/c/cglenn/FCCWork/whizard/whizard_ttbar_spinpol/production/full6f_365gev_ee_ttbar_spinpol_v1/phase11_diagnostics/excess_weight_rootcause_v1/ttbar_restricted_region_suite_v1/regions/20260816T231425Z_U9region_core_W15_S8_np1_v1p0p1/fixed/W15_II_M2_A10_S2/F2	runtime_flat_fallback	PASS	PASS	0	20733e0e17025d2c73f73a666c5b62f92c105ca98114231020130b77f5730d5d	c9267c90efd8878724ab0e917ef751beb43d246fcc2d85a4871049bc4024e4cc	321331fafbc089e86715dabcdf2d88ea80bf6ead675c16c755a3ae2b8dbb1a78	1	0	1	/eos/user/c/cglenn/FCCWork/whizard/whizard_ttbar_spinpol/production/full6f_365gev_ee_ttbar_spinpol_v1/phase11_diagnostics/excess_weight_rootcause_v1/ttbar_restricted_region_suite_v1/regions/20260816T231425Z_U9region_core_W15_S8_np1_v1p0p1/fixed/W15_II_M2_A10_S2/F2/console.log	1
P_W15_II_M2_A10_S3	adaptive	W15_II_M2_A10_S3		A10		S3	134326786	769890491	"1:1000000:""gw"""		M2	II	W15	DR	15.0	/eos/user/c/cglenn/FCCWork/whizard/whizard_ttbar_spinpol/production/full6f_365gev_ee_ttbar_spinpol_v1/phase11_diagnostics/excess_weight_rootcause_v1/ttbar_restricted_region_suite_v1/regions/20260816T231425Z_U9region_core_W15_S8_np1_v1p0p1/W15/II/M2/adaptive/W15_II_M2_A10_S3	/eos/user/c/cglenn/FCCWork/whizard/whizard_ttbar_spinpol/production/full6f_365gev_ee_ttbar_spinpol_v1/phase11_diagnostics/excess_weight_rootcause_v1/ttbar_restricted_region_suite_v1/regions/20260816T231425Z_U9region_core_W15_S8_np1_v1p0p1/W15/II/M2/adaptive/W15_II_M2_A10_S3	/eos/user/c/cglenn/FCCWork/whizard/whizard_ttbar_spinpol/production/full6f_365gev_ee_ttbar_spinpol_v1/phase11_diagnostics/excess_weight_rootcause_v1/ttbar_restricted_region_suite_v1/regions/20260816T231425Z_U9region_core_W15_S8_np1_v1p0p1/adaptive/W15_II_M2_A10_S3	runtime_flat_fallback	PASS	PASS	0	20733e0e17025d2c73f73a666c5b62f92c105ca98114231020130b77f5730d5d	b895816bc1c48340d297194a8969af915a94fdc99f7b514a34eb4621c463bf37		0	1		/eos/user/c/cglenn/FCCWork/whizard/whizard_ttbar_spinpol/production/full6f_365gev_ee_ttbar_spinpol_v1/phase11_diagnostics/excess_weight_rootcause_v1/ttbar_restricted_region_suite_v1/regions/20260816T231425Z_U9region_core_W15_S8_np1_v1p0p1/adaptive/W15_II_M2_A10_S3/console.log	1
C_W15_II_M2_A10_S3_F2	fixed	W15_II_M2_A10_S3_F2	W15_II_M2_A10_S3	A10	F2	S3	134326786	769890491	"1:1000000:""gw"""	"1:2000000:"""""	M2	II	W15	DR	15.0	/eos/user/c/cglenn/FCCWork/whizard/whizard_ttbar_spinpol/production/full6f_365gev_ee_ttbar_spinpol_v1/phase11_diagnostics/excess_weight_rootcause_v1/ttbar_restricted_region_suite_v1/regions/20260816T231425Z_U9region_core_W15_S8_np1_v1p0p1/W15/II/M2/fixed/W15_II_M2_A10_S3/F2	/eos/user/c/cglenn/FCCWork/whizard/whizard_ttbar_spinpol/production/full6f_365gev_ee_ttbar_spinpol_v1/phase11_diagnostics/excess_weight_rootcause_v1/ttbar_restricted_region_suite_v1/regions/20260816T231425Z_U9region_core_W15_S8_np1_v1p0p1/W15/II/M2/fixed/W15_II_M2_A10_S3/F2	/eos/user/c/cglenn/FCCWork/whizard/whizard_ttbar_spinpol/production/full6f_365gev_ee_ttbar_spinpol_v1/phase11_diagnostics/excess_weight_rootcause_v1/ttbar_restricted_region_suite_v1/regions/20260816T231425Z_U9region_core_W15_S8_np1_v1p0p1/fixed/W15_II_M2_A10_S3/F2	runtime_flat_fallback	PASS	PASS	0	20733e0e17025d2c73f73a666c5b62f92c105ca98114231020130b77f5730d5d	ea18c010da27e13455f0bd98c5ce5d79d2be9d75c2baa8209eee58143a3a5606	b895816bc1c48340d297194a8969af915a94fdc99f7b514a34eb4621c463bf37	1	0	1	/eos/user/c/cglenn/FCCWork/whizard/whizard_ttbar_spinpol/production/full6f_365gev_ee_ttbar_spinpol_v1/phase11_diagnostics/excess_weight_rootcause_v1/ttbar_restricted_region_suite_v1/regions/20260816T231425Z_U9region_core_W15_S8_np1_v1p0p1/fixed/W15_II_M2_A10_S3/F2/console.log	1
P_W15_II_M2_A10_S4	adaptive	W15_II_M2_A10_S4		A10		S4	249371675	462903030	"1:1000000:""gw"""		M2	II	W15	DR	15.0	/eos/user/c/cglenn/FCCWork/whizard/whizard_ttbar_spinpol/production/full6f_365gev_ee_ttbar_spinpol_v1/phase11_diagnostics/excess_weight_rootcause_v1/ttbar_restricted_region_suite_v1/regions/20260816T231425Z_U9region_core_W15_S8_np1_v1p0p1/W15/II/M2/adaptive/W15_II_M2_A10_S4	/eos/user/c/cglenn/FCCWork/whizard/whizard_ttbar_spinpol/production/full6f_365gev_ee_ttbar_spinpol_v1/phase11_diagnostics/excess_weight_rootcause_v1/ttbar_restricted_region_suite_v1/regions/20260816T231425Z_U9region_core_W15_S8_np1_v1p0p1/W15/II/M2/adaptive/W15_II_M2_A10_S4	/eos/user/c/cglenn/FCCWork/whizard/whizard_ttbar_spinpol/production/full6f_365gev_ee_ttbar_spinpol_v1/phase11_diagnostics/excess_weight_rootcause_v1/ttbar_restricted_region_suite_v1/regions/20260816T231425Z_U9region_core_W15_S8_np1_v1p0p1/adaptive/W15_II_M2_A10_S4	runtime_flat_fallback	PASS	PASS	0	20733e0e17025d2c73f73a666c5b62f92c105ca98114231020130b77f5730d5d	5d122cdeaa92363c55245445330413ca2c372c060b2ef03ad00af837259874d7		0	1		/eos/user/c/cglenn/FCCWork/whizard/whizard_ttbar_spinpol/production/full6f_365gev_ee_ttbar_spinpol_v1/phase11_diagnostics/excess_weight_rootcause_v1/ttbar_restricted_region_suite_v1/regions/20260816T231425Z_U9region_core_W15_S8_np1_v1p0p1/adaptive/W15_II_M2_A10_S4/console.log	1
C_W15_II_M2_A10_S4_F2	fixed	W15_II_M2_A10_S4_F2	W15_II_M2_A10_S4	A10	F2	S4	249371675	462903030	"1:1000000:""gw"""	"1:2000000:"""""	M2	II	W15	DR	15.0	/eos/user/c/cglenn/FCCWork/whizard/whizard_ttbar_spinpol/production/full6f_365gev_ee_ttbar_spinpol_v1/phase11_diagnostics/excess_weight_rootcause_v1/ttbar_restricted_region_suite_v1/regions/20260816T231425Z_U9region_core_W15_S8_np1_v1p0p1/W15/II/M2/fixed/W15_II_M2_A10_S4/F2	/eos/user/c/cglenn/FCCWork/whizard/whizard_ttbar_spinpol/production/full6f_365gev_ee_ttbar_spinpol_v1/phase11_diagnostics/excess_weight_rootcause_v1/ttbar_restricted_region_suite_v1/regions/20260816T231425Z_U9region_core_W15_S8_np1_v1p0p1/W15/II/M2/fixed/W15_II_M2_A10_S4/F2	/eos/user/c/cglenn/FCCWork/whizard/whizard_ttbar_spinpol/production/full6f_365gev_ee_ttbar_spinpol_v1/phase11_diagnostics/excess_weight_rootcause_v1/ttbar_restricted_region_suite_v1/regions/20260816T231425Z_U9region_core_W15_S8_np1_v1p0p1/fixed/W15_II_M2_A10_S4/F2	runtime_flat_fallback	PASS	PASS	0	20733e0e17025d2c73f73a666c5b62f92c105ca98114231020130b77f5730d5d	0089990ed6db5922f97378985306c520b1399c4ef41eb86700e06490a32b34c7	5d122cdeaa92363c55245445330413ca2c372c060b2ef03ad00af837259874d7	1	0	1	/eos/user/c/cglenn/FCCWork/whizard/whizard_ttbar_spinpol/production/full6f_365gev_ee_ttbar_spinpol_v1/phase11_diagnostics/excess_weight_rootcause_v1/ttbar_restricted_region_suite_v1/regions/20260816T231425Z_U9region_core_W15_S8_np1_v1p0p1/fixed/W15_II_M2_A10_S4/F2/console.log	1
P_W15_II_M2_A10_S5	adaptive	W15_II_M2_A10_S5		A10		S5	531087687	197846737	"1:1000000:""gw"""		M2	II	W15	DR	15.0	/eos/user/c/cglenn/FCCWork/whizard/whizard_ttbar_spinpol/production/full6f_365gev_ee_ttbar_spinpol_v1/phase11_diagnostics/excess_weight_rootcause_v1/ttbar_restricted_region_suite_v1/regions/20260816T231425Z_U9region_core_W15_S8_np1_v1p0p1/W15/II/M2/adaptive/W15_II_M2_A10_S5	/eos/user/c/cglenn/FCCWork/whizard/whizard_ttbar_spinpol/production/full6f_365gev_ee_ttbar_spinpol_v1/phase11_diagnostics/excess_weight_rootcause_v1/ttbar_restricted_region_suite_v1/regions/20260816T231425Z_U9region_core_W15_S8_np1_v1p0p1/W15/II/M2/adaptive/W15_II_M2_A10_S5	/eos/user/c/cglenn/FCCWork/whizard/whizard_ttbar_spinpol/production/full6f_365gev_ee_ttbar_spinpol_v1/phase11_diagnostics/excess_weight_rootcause_v1/ttbar_restricted_region_suite_v1/regions/20260816T231425Z_U9region_core_W15_S8_np1_v1p0p1/adaptive/W15_II_M2_A10_S5	runtime_flat_fallback	PASS	PASS	0	20733e0e17025d2c73f73a666c5b62f92c105ca98114231020130b77f5730d5d	98e424912d1468fabf7e097363dd11b0228b48e27bc48402836219c7d72bd09d		0	1		/eos/user/c/cglenn/FCCWork/whizard/whizard_ttbar_spinpol/production/full6f_365gev_ee_ttbar_spinpol_v1/phase11_diagnostics/excess_weight_rootcause_v1/ttbar_restricted_region_suite_v1/regions/20260816T231425Z_U9region_core_W15_S8_np1_v1p0p1/adaptive/W15_II_M2_A10_S5/console.log	1
C_W15_II_M2_A10_S5_F2	fixed	W15_II_M2_A10_S5_F2	W15_II_M2_A10_S5	A10	F2	S5	531087687	197846737	"1:1000000:""gw"""	"1:2000000:"""""	M2	II	W15	DR	15.0	/eos/user/c/cglenn/FCCWork/whizard/whizard_ttbar_spinpol/production/full6f_365gev_ee_ttbar_spinpol_v1/phase11_diagnostics/excess_weight_rootcause_v1/ttbar_restricted_region_suite_v1/regions/20260816T231425Z_U9region_core_W15_S8_np1_v1p0p1/W15/II/M2/fixed/W15_II_M2_A10_S5/F2	/eos/user/c/cglenn/FCCWork/whizard/whizard_ttbar_spinpol/production/full6f_365gev_ee_ttbar_spinpol_v1/phase11_diagnostics/excess_weight_rootcause_v1/ttbar_restricted_region_suite_v1/regions/20260816T231425Z_U9region_core_W15_S8_np1_v1p0p1/W15/II/M2/fixed/W15_II_M2_A10_S5/F2	/eos/user/c/cglenn/FCCWork/whizard/whizard_ttbar_spinpol/production/full6f_365gev_ee_ttbar_spinpol_v1/phase11_diagnostics/excess_weight_rootcause_v1/ttbar_restricted_region_suite_v1/regions/20260816T231425Z_U9region_core_W15_S8_np1_v1p0p1/fixed/W15_II_M2_A10_S5/F2	runtime_flat_fallback	PASS	PASS	0	20733e0e17025d2c73f73a666c5b62f92c105ca98114231020130b77f5730d5d	4b425a0434de26799e82eb40172f6e403b5a32525016b06fa4416b5757ec5497	98e424912d1468fabf7e097363dd11b0228b48e27bc48402836219c7d72bd09d	1	0	1	/eos/user/c/cglenn/FCCWork/whizard/whizard_ttbar_spinpol/production/full6f_365gev_ee_ttbar_spinpol_v1/phase11_diagnostics/excess_weight_rootcause_v1/ttbar_restricted_region_suite_v1/regions/20260816T231425Z_U9region_core_W15_S8_np1_v1p0p1/fixed/W15_II_M2_A10_S5/F2/console.log	1
P_W15_II_M2_A10_S6	adaptive	W15_II_M2_A10_S6		A10		S6	519963689	958460417	"1:1000000:""gw"""		M2	II	W15	DR	15.0	/eos/user/c/cglenn/FCCWork/whizard/whizard_ttbar_spinpol/production/full6f_365gev_ee_ttbar_spinpol_v1/phase11_diagnostics/excess_weight_rootcause_v1/ttbar_restricted_region_suite_v1/regions/20260816T231425Z_U9region_core_W15_S8_np1_v1p0p1/W15/II/M2/adaptive/W15_II_M2_A10_S6	/eos/user/c/cglenn/FCCWork/whizard/whizard_ttbar_spinpol/production/full6f_365gev_ee_ttbar_spinpol_v1/phase11_diagnostics/excess_weight_rootcause_v1/ttbar_restricted_region_suite_v1/regions/20260816T231425Z_U9region_core_W15_S8_np1_v1p0p1/W15/II/M2/adaptive/W15_II_M2_A10_S6	/eos/user/c/cglenn/FCCWork/whizard/whizard_ttbar_spinpol/production/full6f_365gev_ee_ttbar_spinpol_v1/phase11_diagnostics/excess_weight_rootcause_v1/ttbar_restricted_region_suite_v1/regions/20260816T231425Z_U9region_core_W15_S8_np1_v1p0p1/adaptive/W15_II_M2_A10_S6	runtime_flat_fallback	PASS	PASS	0	20733e0e17025d2c73f73a666c5b62f92c105ca98114231020130b77f5730d5d	06fd0dd1851a118f0267ba1bc1e6e38c961632c756d9c19f7885f4e75d6373de		0	1		/eos/user/c/cglenn/FCCWork/whizard/whizard_ttbar_spinpol/production/full6f_365gev_ee_ttbar_spinpol_v1/phase11_diagnostics/excess_weight_rootcause_v1/ttbar_restricted_region_suite_v1/regions/20260816T231425Z_U9region_core_W15_S8_np1_v1p0p1/adaptive/W15_II_M2_A10_S6/console.log	1
C_W15_II_M2_A10_S6_F2	fixed	W15_II_M2_A10_S6_F2	W15_II_M2_A10_S6	A10	F2	S6	519963689	958460417	"1:1000000:""gw"""	"1:2000000:"""""	M2	II	W15	DR	15.0	/eos/user/c/cglenn/FCCWork/whizard/whizard_ttbar_spinpol/production/full6f_365gev_ee_ttbar_spinpol_v1/phase11_diagnostics/excess_weight_rootcause_v1/ttbar_restricted_region_suite_v1/regions/20260816T231425Z_U9region_core_W15_S8_np1_v1p0p1/W15/II/M2/fixed/W15_II_M2_A10_S6/F2	/eos/user/c/cglenn/FCCWork/whizard/whizard_ttbar_spinpol/production/full6f_365gev_ee_ttbar_spinpol_v1/phase11_diagnostics/excess_weight_rootcause_v1/ttbar_restricted_region_suite_v1/regions/20260816T231425Z_U9region_core_W15_S8_np1_v1p0p1/W15/II/M2/fixed/W15_II_M2_A10_S6/F2	/eos/user/c/cglenn/FCCWork/whizard/whizard_ttbar_spinpol/production/full6f_365gev_ee_ttbar_spinpol_v1/phase11_diagnostics/excess_weight_rootcause_v1/ttbar_restricted_region_suite_v1/regions/20260816T231425Z_U9region_core_W15_S8_np1_v1p0p1/fixed/W15_II_M2_A10_S6/F2	runtime_flat_fallback	PASS	PASS	0	20733e0e17025d2c73f73a666c5b62f92c105ca98114231020130b77f5730d5d	914df982a73bab477e9c00697e793b3b9e9b8d014a1882f502002302e63d93ef	06fd0dd1851a118f0267ba1bc1e6e38c961632c756d9c19f7885f4e75d6373de	1	0	1	/eos/user/c/cglenn/FCCWork/whizard/whizard_ttbar_spinpol/production/full6f_365gev_ee_ttbar_spinpol_v1/phase11_diagnostics/excess_weight_rootcause_v1/ttbar_restricted_region_suite_v1/regions/20260816T231425Z_U9region_core_W15_S8_np1_v1p0p1/fixed/W15_II_M2_A10_S6/F2/console.log	1
P_W15_II_M2_A10_S7	adaptive	W15_II_M2_A10_S7		A10		S7	1552803368	239117595	"1:1000000:""gw"""		M2	II	W15	DR	15.0	/eos/user/c/cglenn/FCCWork/whizard/whizard_ttbar_spinpol/production/full6f_365gev_ee_ttbar_spinpol_v1/phase11_diagnostics/excess_weight_rootcause_v1/ttbar_restricted_region_suite_v1/regions/20260816T231425Z_U9region_core_W15_S8_np1_v1p0p1/W15/II/M2/adaptive/W15_II_M2_A10_S7	/eos/user/c/cglenn/FCCWork/whizard/whizard_ttbar_spinpol/production/full6f_365gev_ee_ttbar_spinpol_v1/phase11_diagnostics/excess_weight_rootcause_v1/ttbar_restricted_region_suite_v1/regions/20260816T231425Z_U9region_core_W15_S8_np1_v1p0p1/W15/II/M2/adaptive/W15_II_M2_A10_S7	/eos/user/c/cglenn/FCCWork/whizard/whizard_ttbar_spinpol/production/full6f_365gev_ee_ttbar_spinpol_v1/phase11_diagnostics/excess_weight_rootcause_v1/ttbar_restricted_region_suite_v1/regions/20260816T231425Z_U9region_core_W15_S8_np1_v1p0p1/adaptive/W15_II_M2_A10_S7	runtime_flat_fallback	PASS	PASS	0	20733e0e17025d2c73f73a666c5b62f92c105ca98114231020130b77f5730d5d	a6f839668ecb95c3a878059aaa9380d3a4cc98305bfd3caaf4f3d968fab4f66f		0	1		/eos/user/c/cglenn/FCCWork/whizard/whizard_ttbar_spinpol/production/full6f_365gev_ee_ttbar_spinpol_v1/phase11_diagnostics/excess_weight_rootcause_v1/ttbar_restricted_region_suite_v1/regions/20260816T231425Z_U9region_core_W15_S8_np1_v1p0p1/adaptive/W15_II_M2_A10_S7/console.log	1
C_W15_II_M2_A10_S7_F2	fixed	W15_II_M2_A10_S7_F2	W15_II_M2_A10_S7	A10	F2	S7	1552803368	239117595	"1:1000000:""gw"""	"1:2000000:"""""	M2	II	W15	DR	15.0	/eos/user/c/cglenn/FCCWork/whizard/whizard_ttbar_spinpol/production/full6f_365gev_ee_ttbar_spinpol_v1/phase11_diagnostics/excess_weight_rootcause_v1/ttbar_restricted_region_suite_v1/regions/20260816T231425Z_U9region_core_W15_S8_np1_v1p0p1/W15/II/M2/fixed/W15_II_M2_A10_S7/F2	/eos/user/c/cglenn/FCCWork/whizard/whizard_ttbar_spinpol/production/full6f_365gev_ee_ttbar_spinpol_v1/phase11_diagnostics/excess_weight_rootcause_v1/ttbar_restricted_region_suite_v1/regions/20260816T231425Z_U9region_core_W15_S8_np1_v1p0p1/W15/II/M2/fixed/W15_II_M2_A10_S7/F2	/eos/user/c/cglenn/FCCWork/whizard/whizard_ttbar_spinpol/production/full6f_365gev_ee_ttbar_spinpol_v1/phase11_diagnostics/excess_weight_rootcause_v1/ttbar_restricted_region_suite_v1/regions/20260816T231425Z_U9region_core_W15_S8_np1_v1p0p1/fixed/W15_II_M2_A10_S7/F2	runtime_flat_fallback	PASS	PASS	0	20733e0e17025d2c73f73a666c5b62f92c105ca98114231020130b77f5730d5d	4f1ebadd55d686ee9043ae5767caba8f9b3eccf5304138eeff12b4c3e4205738	a6f839668ecb95c3a878059aaa9380d3a4cc98305bfd3caaf4f3d968fab4f66f	1	0	1	/eos/user/c/cglenn/FCCWork/whizard/whizard_ttbar_spinpol/production/full6f_365gev_ee_ttbar_spinpol_v1/phase11_diagnostics/excess_weight_rootcause_v1/ttbar_restricted_region_suite_v1/regions/20260816T231425Z_U9region_core_W15_S8_np1_v1p0p1/fixed/W15_II_M2_A10_S7/F2/console.log	1
P_W15_IH_M0_A00_S0	adaptive	W15_IH_M0_A00_S0		A00		S0	1740114216	648318690	"5:50000:""gw"""		M0	IH	W15	SR_PLUS	15.0	/eos/user/c/cglenn/FCCWork/whizard/whizard_ttbar_spinpol/production/full6f_365gev_ee_ttbar_spinpol_v1/phase11_diagnostics/excess_weight_rootcause_v1/ttbar_restricted_region_suite_v1/regions/20260816T231425Z_U9region_core_W15_S8_np1_v1p0p1/W15/IH/M0/adaptive/W15_IH_M0_A00_S0	/eos/user/c/cglenn/FCCWork/whizard/whizard_ttbar_spinpol/production/full6f_365gev_ee_ttbar_spinpol_v1/phase11_diagnostics/excess_weight_rootcause_v1/ttbar_restricted_region_suite_v1/regions/20260816T231425Z_U9region_core_W15_S8_np1_v1p0p1/W15/IH/M0/adaptive/W15_IH_M0_A00_S0	/eos/user/c/cglenn/FCCWork/whizard/whizard_ttbar_spinpol/production/full6f_365gev_ee_ttbar_spinpol_v1/phase11_diagnostics/excess_weight_rootcause_v1/ttbar_restricted_region_suite_v1/regions/20260816T231425Z_U9region_core_W15_S8_np1_v1p0p1/adaptive/W15_IH_M0_A00_S0	runtime_flat_fallback	PASS	PASS	0	20733e0e17025d2c73f73a666c5b62f92c105ca98114231020130b77f5730d5d	97796532d91c48b17ca57b9356fd7f7dedd9e0b9d99eceda930c6daf73fb0035		0	1		/eos/user/c/cglenn/FCCWork/whizard/whizard_ttbar_spinpol/production/full6f_365gev_ee_ttbar_spinpol_v1/phase11_diagnostics/excess_weight_rootcause_v1/ttbar_restricted_region_suite_v1/regions/20260816T231425Z_U9region_core_W15_S8_np1_v1p0p1/adaptive/W15_IH_M0_A00_S0/console.log	1
C_W15_IH_M0_A00_S0_F0	fixed	W15_IH_M0_A00_S0_F0	W15_IH_M0_A00_S0	A00	F0	S0	1740114216	648318690	"5:50000:""gw"""	"3:200000:"""""	M0	IH	W15	SR_PLUS	15.0	/eos/user/c/cglenn/FCCWork/whizard/whizard_ttbar_spinpol/production/full6f_365gev_ee_ttbar_spinpol_v1/phase11_diagnostics/excess_weight_rootcause_v1/ttbar_restricted_region_suite_v1/regions/20260816T231425Z_U9region_core_W15_S8_np1_v1p0p1/W15/IH/M0/fixed/W15_IH_M0_A00_S0/F0	/eos/user/c/cglenn/FCCWork/whizard/whizard_ttbar_spinpol/production/full6f_365gev_ee_ttbar_spinpol_v1/phase11_diagnostics/excess_weight_rootcause_v1/ttbar_restricted_region_suite_v1/regions/20260816T231425Z_U9region_core_W15_S8_np1_v1p0p1/W15/IH/M0/fixed/W15_IH_M0_A00_S0/F0	/eos/user/c/cglenn/FCCWork/whizard/whizard_ttbar_spinpol/production/full6f_365gev_ee_ttbar_spinpol_v1/phase11_diagnostics/excess_weight_rootcause_v1/ttbar_restricted_region_suite_v1/regions/20260816T231425Z_U9region_core_W15_S8_np1_v1p0p1/fixed/W15_IH_M0_A00_S0/F0	runtime_flat_fallback	PASS	PASS	0	20733e0e17025d2c73f73a666c5b62f92c105ca98114231020130b77f5730d5d	d33dfbc6512d77628dce90aa1f6baff91049f7f37328537d9fa72b3d9f76ce9a	97796532d91c48b17ca57b9356fd7f7dedd9e0b9d99eceda930c6daf73fb0035	1	0	1	/eos/user/c/cglenn/FCCWork/whizard/whizard_ttbar_spinpol/production/full6f_365gev_ee_ttbar_spinpol_v1/phase11_diagnostics/excess_weight_rootcause_v1/ttbar_restricted_region_suite_v1/regions/20260816T231425Z_U9region_core_W15_S8_np1_v1p0p1/fixed/W15_IH_M0_A00_S0/F0/console.log	1
P_W15_IH_M0_A00_S1	adaptive	W15_IH_M0_A00_S1		A00		S1	1751949026	1404282457	"5:50000:""gw"""		M0	IH	W15	SR_PLUS	15.0	/eos/user/c/cglenn/FCCWork/whizard/whizard_ttbar_spinpol/production/full6f_365gev_ee_ttbar_spinpol_v1/phase11_diagnostics/excess_weight_rootcause_v1/ttbar_restricted_region_suite_v1/regions/20260816T231425Z_U9region_core_W15_S8_np1_v1p0p1/W15/IH/M0/adaptive/W15_IH_M0_A00_S1	/eos/user/c/cglenn/FCCWork/whizard/whizard_ttbar_spinpol/production/full6f_365gev_ee_ttbar_spinpol_v1/phase11_diagnostics/excess_weight_rootcause_v1/ttbar_restricted_region_suite_v1/regions/20260816T231425Z_U9region_core_W15_S8_np1_v1p0p1/W15/IH/M0/adaptive/W15_IH_M0_A00_S1	/eos/user/c/cglenn/FCCWork/whizard/whizard_ttbar_spinpol/production/full6f_365gev_ee_ttbar_spinpol_v1/phase11_diagnostics/excess_weight_rootcause_v1/ttbar_restricted_region_suite_v1/regions/20260816T231425Z_U9region_core_W15_S8_np1_v1p0p1/adaptive/W15_IH_M0_A00_S1	runtime_flat_fallback	PASS	PASS	0	20733e0e17025d2c73f73a666c5b62f92c105ca98114231020130b77f5730d5d	ba1179adcf8b28ed5d44b1f222212adc26a3294abcf402b189bf80919c8d92e3		0	1		/eos/user/c/cglenn/FCCWork/whizard/whizard_ttbar_spinpol/production/full6f_365gev_ee_ttbar_spinpol_v1/phase11_diagnostics/excess_weight_rootcause_v1/ttbar_restricted_region_suite_v1/regions/20260816T231425Z_U9region_core_W15_S8_np1_v1p0p1/adaptive/W15_IH_M0_A00_S1/console.log	1
C_W15_IH_M0_A00_S1_F0	fixed	W15_IH_M0_A00_S1_F0	W15_IH_M0_A00_S1	A00	F0	S1	1751949026	1404282457	"5:50000:""gw"""	"3:200000:"""""	M0	IH	W15	SR_PLUS	15.0	/eos/user/c/cglenn/FCCWork/whizard/whizard_ttbar_spinpol/production/full6f_365gev_ee_ttbar_spinpol_v1/phase11_diagnostics/excess_weight_rootcause_v1/ttbar_restricted_region_suite_v1/regions/20260816T231425Z_U9region_core_W15_S8_np1_v1p0p1/W15/IH/M0/fixed/W15_IH_M0_A00_S1/F0	/eos/user/c/cglenn/FCCWork/whizard/whizard_ttbar_spinpol/production/full6f_365gev_ee_ttbar_spinpol_v1/phase11_diagnostics/excess_weight_rootcause_v1/ttbar_restricted_region_suite_v1/regions/20260816T231425Z_U9region_core_W15_S8_np1_v1p0p1/W15/IH/M0/fixed/W15_IH_M0_A00_S1/F0	/eos/user/c/cglenn/FCCWork/whizard/whizard_ttbar_spinpol/production/full6f_365gev_ee_ttbar_spinpol_v1/phase11_diagnostics/excess_weight_rootcause_v1/ttbar_restricted_region_suite_v1/regions/20260816T231425Z_U9region_core_W15_S8_np1_v1p0p1/fixed/W15_IH_M0_A00_S1/F0	runtime_flat_fallback	PASS	PASS	0	20733e0e17025d2c73f73a666c5b62f92c105ca98114231020130b77f5730d5d	bac82e0061da327238bbbd98ed12648be954e54cbae4034b90547264d567c47f	ba1179adcf8b28ed5d44b1f222212adc26a3294abcf402b189bf80919c8d92e3	1	0	1	/eos/user/c/cglenn/FCCWork/whizard/whizard_ttbar_spinpol/production/full6f_365gev_ee_ttbar_spinpol_v1/phase11_diagnostics/excess_weight_rootcause_v1/ttbar_restricted_region_suite_v1/regions/20260816T231425Z_U9region_core_W15_S8_np1_v1p0p1/fixed/W15_IH_M0_A00_S1/F0/console.log	1
P_W15_IH_M0_A00_S2	adaptive	W15_IH_M0_A00_S2		A00		S2	1885084773	1596606550	"5:50000:""gw"""		M0	IH	W15	SR_PLUS	15.0	/eos/user/c/cglenn/FCCWork/whizard/whizard_ttbar_spinpol/production/full6f_365gev_ee_ttbar_spinpol_v1/phase11_diagnostics/excess_weight_rootcause_v1/ttbar_restricted_region_suite_v1/regions/20260816T231425Z_U9region_core_W15_S8_np1_v1p0p1/W15/IH/M0/adaptive/W15_IH_M0_A00_S2	/eos/user/c/cglenn/FCCWork/whizard/whizard_ttbar_spinpol/production/full6f_365gev_ee_ttbar_spinpol_v1/phase11_diagnostics/excess_weight_rootcause_v1/ttbar_restricted_region_suite_v1/regions/20260816T231425Z_U9region_core_W15_S8_np1_v1p0p1/W15/IH/M0/adaptive/W15_IH_M0_A00_S2	/eos/user/c/cglenn/FCCWork/whizard/whizard_ttbar_spinpol/production/full6f_365gev_ee_ttbar_spinpol_v1/phase11_diagnostics/excess_weight_rootcause_v1/ttbar_restricted_region_suite_v1/regions/20260816T231425Z_U9region_core_W15_S8_np1_v1p0p1/adaptive/W15_IH_M0_A00_S2	runtime_flat_fallback	PASS	PASS	0	20733e0e17025d2c73f73a666c5b62f92c105ca98114231020130b77f5730d5d	02d355dd61b454123be4d020dc02f059bff3de70dd6c3e67a620a283e3099810		0	1		/eos/user/c/cglenn/FCCWork/whizard/whizard_ttbar_spinpol/production/full6f_365gev_ee_ttbar_spinpol_v1/phase11_diagnostics/excess_weight_rootcause_v1/ttbar_restricted_region_suite_v1/regions/20260816T231425Z_U9region_core_W15_S8_np1_v1p0p1/adaptive/W15_IH_M0_A00_S2/console.log	1
C_W15_IH_M0_A00_S2_F0	fixed	W15_IH_M0_A00_S2_F0	W15_IH_M0_A00_S2	A00	F0	S2	1885084773	1596606550	"5:50000:""gw"""	"3:200000:"""""	M0	IH	W15	SR_PLUS	15.0	/eos/user/c/cglenn/FCCWork/whizard/whizard_ttbar_spinpol/production/full6f_365gev_ee_ttbar_spinpol_v1/phase11_diagnostics/excess_weight_rootcause_v1/ttbar_restricted_region_suite_v1/regions/20260816T231425Z_U9region_core_W15_S8_np1_v1p0p1/W15/IH/M0/fixed/W15_IH_M0_A00_S2/F0	/eos/user/c/cglenn/FCCWork/whizard/whizard_ttbar_spinpol/production/full6f_365gev_ee_ttbar_spinpol_v1/phase11_diagnostics/excess_weight_rootcause_v1/ttbar_restricted_region_suite_v1/regions/20260816T231425Z_U9region_core_W15_S8_np1_v1p0p1/W15/IH/M0/fixed/W15_IH_M0_A00_S2/F0	/eos/user/c/cglenn/FCCWork/whizard/whizard_ttbar_spinpol/production/full6f_365gev_ee_ttbar_spinpol_v1/phase11_diagnostics/excess_weight_rootcause_v1/ttbar_restricted_region_suite_v1/regions/20260816T231425Z_U9region_core_W15_S8_np1_v1p0p1/fixed/W15_IH_M0_A00_S2/F0	runtime_flat_fallback	PASS	PASS	0	20733e0e17025d2c73f73a666c5b62f92c105ca98114231020130b77f5730d5d	7ee033d691f9996b0d121bce952563c19efbbb743178bb14be95c085dc519555	02d355dd61b454123be4d020dc02f059bff3de70dd6c3e67a620a283e3099810	1	0	1	/eos/user/c/cglenn/FCCWork/whizard/whizard_ttbar_spinpol/production/full6f_365gev_ee_ttbar_spinpol_v1/phase11_diagnostics/excess_weight_rootcause_v1/ttbar_restricted_region_suite_v1/regions/20260816T231425Z_U9region_core_W15_S8_np1_v1p0p1/fixed/W15_IH_M0_A00_S2/F0/console.log	1
P_W15_IH_M0_A00_S3	adaptive	W15_IH_M0_A00_S3		A00		S3	134326786	769890491	"5:50000:""gw"""		M0	IH	W15	SR_PLUS	15.0	/eos/user/c/cglenn/FCCWork/whizard/whizard_ttbar_spinpol/production/full6f_365gev_ee_ttbar_spinpol_v1/phase11_diagnostics/excess_weight_rootcause_v1/ttbar_restricted_region_suite_v1/regions/20260816T231425Z_U9region_core_W15_S8_np1_v1p0p1/W15/IH/M0/adaptive/W15_IH_M0_A00_S3	/eos/user/c/cglenn/FCCWork/whizard/whizard_ttbar_spinpol/production/full6f_365gev_ee_ttbar_spinpol_v1/phase11_diagnostics/excess_weight_rootcause_v1/ttbar_restricted_region_suite_v1/regions/20260816T231425Z_U9region_core_W15_S8_np1_v1p0p1/W15/IH/M0/adaptive/W15_IH_M0_A00_S3	/eos/user/c/cglenn/FCCWork/whizard/whizard_ttbar_spinpol/production/full6f_365gev_ee_ttbar_spinpol_v1/phase11_diagnostics/excess_weight_rootcause_v1/ttbar_restricted_region_suite_v1/regions/20260816T231425Z_U9region_core_W15_S8_np1_v1p0p1/adaptive/W15_IH_M0_A00_S3	runtime_flat_fallback	PASS	PASS	0	20733e0e17025d2c73f73a666c5b62f92c105ca98114231020130b77f5730d5d	aa672725a8b6f3d13e9932077b2810685ab6467cd0a7a25fe5a3e665a937b766		0	1		/eos/user/c/cglenn/FCCWork/whizard/whizard_ttbar_spinpol/production/full6f_365gev_ee_ttbar_spinpol_v1/phase11_diagnostics/excess_weight_rootcause_v1/ttbar_restricted_region_suite_v1/regions/20260816T231425Z_U9region_core_W15_S8_np1_v1p0p1/adaptive/W15_IH_M0_A00_S3/console.log	1
C_W15_IH_M0_A00_S3_F0	fixed	W15_IH_M0_A00_S3_F0	W15_IH_M0_A00_S3	A00	F0	S3	134326786	769890491	"5:50000:""gw"""	"3:200000:"""""	M0	IH	W15	SR_PLUS	15.0	/eos/user/c/cglenn/FCCWork/whizard/whizard_ttbar_spinpol/production/full6f_365gev_ee_ttbar_spinpol_v1/phase11_diagnostics/excess_weight_rootcause_v1/ttbar_restricted_region_suite_v1/regions/20260816T231425Z_U9region_core_W15_S8_np1_v1p0p1/W15/IH/M0/fixed/W15_IH_M0_A00_S3/F0	/eos/user/c/cglenn/FCCWork/whizard/whizard_ttbar_spinpol/production/full6f_365gev_ee_ttbar_spinpol_v1/phase11_diagnostics/excess_weight_rootcause_v1/ttbar_restricted_region_suite_v1/regions/20260816T231425Z_U9region_core_W15_S8_np1_v1p0p1/W15/IH/M0/fixed/W15_IH_M0_A00_S3/F0	/eos/user/c/cglenn/FCCWork/whizard/whizard_ttbar_spinpol/production/full6f_365gev_ee_ttbar_spinpol_v1/phase11_diagnostics/excess_weight_rootcause_v1/ttbar_restricted_region_suite_v1/regions/20260816T231425Z_U9region_core_W15_S8_np1_v1p0p1/fixed/W15_IH_M0_A00_S3/F0	runtime_flat_fallback	PASS	PASS	0	20733e0e17025d2c73f73a666c5b62f92c105ca98114231020130b77f5730d5d	faa03e38eb522650cd96c7a1897a95c06975602ffea121d5226089567921a85d	aa672725a8b6f3d13e9932077b2810685ab6467cd0a7a25fe5a3e665a937b766	1	0	1	/eos/user/c/cglenn/FCCWork/whizard/whizard_ttbar_spinpol/production/full6f_365gev_ee_ttbar_spinpol_v1/phase11_diagnostics/excess_weight_rootcause_v1/ttbar_restricted_region_suite_v1/regions/20260816T231425Z_U9region_core_W15_S8_np1_v1p0p1/fixed/W15_IH_M0_A00_S3/F0/console.log	1
P_W15_IH_M0_A00_S4	adaptive	W15_IH_M0_A00_S4		A00		S4	249371675	462903030	"5:50000:""gw"""		M0	IH	W15	SR_PLUS	15.0	/eos/user/c/cglenn/FCCWork/whizard/whizard_ttbar_spinpol/production/full6f_365gev_ee_ttbar_spinpol_v1/phase11_diagnostics/excess_weight_rootcause_v1/ttbar_restricted_region_suite_v1/regions/20260816T231425Z_U9region_core_W15_S8_np1_v1p0p1/W15/IH/M0/adaptive/W15_IH_M0_A00_S4	/eos/user/c/cglenn/FCCWork/whizard/whizard_ttbar_spinpol/production/full6f_365gev_ee_ttbar_spinpol_v1/phase11_diagnostics/excess_weight_rootcause_v1/ttbar_restricted_region_suite_v1/regions/20260816T231425Z_U9region_core_W15_S8_np1_v1p0p1/W15/IH/M0/adaptive/W15_IH_M0_A00_S4	/eos/user/c/cglenn/FCCWork/whizard/whizard_ttbar_spinpol/production/full6f_365gev_ee_ttbar_spinpol_v1/phase11_diagnostics/excess_weight_rootcause_v1/ttbar_restricted_region_suite_v1/regions/20260816T231425Z_U9region_core_W15_S8_np1_v1p0p1/adaptive/W15_IH_M0_A00_S4	runtime_flat_fallback	PASS	PASS	0	20733e0e17025d2c73f73a666c5b62f92c105ca98114231020130b77f5730d5d	6e0f7b77935cbba72109bf6e6b39d07f1317310bafc3ac4aad4b6fce6b8a6525		0	1		/eos/user/c/cglenn/FCCWork/whizard/whizard_ttbar_spinpol/production/full6f_365gev_ee_ttbar_spinpol_v1/phase11_diagnostics/excess_weight_rootcause_v1/ttbar_restricted_region_suite_v1/regions/20260816T231425Z_U9region_core_W15_S8_np1_v1p0p1/adaptive/W15_IH_M0_A00_S4/console.log	1
C_W15_IH_M0_A00_S4_F0	fixed	W15_IH_M0_A00_S4_F0	W15_IH_M0_A00_S4	A00	F0	S4	249371675	462903030	"5:50000:""gw"""	"3:200000:"""""	M0	IH	W15	SR_PLUS	15.0	/eos/user/c/cglenn/FCCWork/whizard/whizard_ttbar_spinpol/production/full6f_365gev_ee_ttbar_spinpol_v1/phase11_diagnostics/excess_weight_rootcause_v1/ttbar_restricted_region_suite_v1/regions/20260816T231425Z_U9region_core_W15_S8_np1_v1p0p1/W15/IH/M0/fixed/W15_IH_M0_A00_S4/F0	/eos/user/c/cglenn/FCCWork/whizard/whizard_ttbar_spinpol/production/full6f_365gev_ee_ttbar_spinpol_v1/phase11_diagnostics/excess_weight_rootcause_v1/ttbar_restricted_region_suite_v1/regions/20260816T231425Z_U9region_core_W15_S8_np1_v1p0p1/W15/IH/M0/fixed/W15_IH_M0_A00_S4/F0	/eos/user/c/cglenn/FCCWork/whizard/whizard_ttbar_spinpol/production/full6f_365gev_ee_ttbar_spinpol_v1/phase11_diagnostics/excess_weight_rootcause_v1/ttbar_restricted_region_suite_v1/regions/20260816T231425Z_U9region_core_W15_S8_np1_v1p0p1/fixed/W15_IH_M0_A00_S4/F0	runtime_flat_fallback	PASS	PASS	0	20733e0e17025d2c73f73a666c5b62f92c105ca98114231020130b77f5730d5d	7fa140ee1708461ac37e4446164356d28551b3683baaf28cdd6eb781df1740a7	6e0f7b77935cbba72109bf6e6b39d07f1317310bafc3ac4aad4b6fce6b8a6525	1	0	1	/eos/user/c/cglenn/FCCWork/whizard/whizard_ttbar_spinpol/production/full6f_365gev_ee_ttbar_spinpol_v1/phase11_diagnostics/excess_weight_rootcause_v1/ttbar_restricted_region_suite_v1/regions/20260816T231425Z_U9region_core_W15_S8_np1_v1p0p1/fixed/W15_IH_M0_A00_S4/F0/console.log	1
P_W15_IH_M0_A00_S5	adaptive	W15_IH_M0_A00_S5		A00		S5	531087687	197846737	"5:50000:""gw"""		M0	IH	W15	SR_PLUS	15.0	/eos/user/c/cglenn/FCCWork/whizard/whizard_ttbar_spinpol/production/full6f_365gev_ee_ttbar_spinpol_v1/phase11_diagnostics/excess_weight_rootcause_v1/ttbar_restricted_region_suite_v1/regions/20260816T231425Z_U9region_core_W15_S8_np1_v1p0p1/W15/IH/M0/adaptive/W15_IH_M0_A00_S5	/eos/user/c/cglenn/FCCWork/whizard/whizard_ttbar_spinpol/production/full6f_365gev_ee_ttbar_spinpol_v1/phase11_diagnostics/excess_weight_rootcause_v1/ttbar_restricted_region_suite_v1/regions/20260816T231425Z_U9region_core_W15_S8_np1_v1p0p1/W15/IH/M0/adaptive/W15_IH_M0_A00_S5	/eos/user/c/cglenn/FCCWork/whizard/whizard_ttbar_spinpol/production/full6f_365gev_ee_ttbar_spinpol_v1/phase11_diagnostics/excess_weight_rootcause_v1/ttbar_restricted_region_suite_v1/regions/20260816T231425Z_U9region_core_W15_S8_np1_v1p0p1/adaptive/W15_IH_M0_A00_S5	runtime_flat_fallback	PASS	PASS	0	20733e0e17025d2c73f73a666c5b62f92c105ca98114231020130b77f5730d5d	b78c39527b19a9a8e107678ace13d490dca3a4ef6010f4bc8f29aa1c779d8379		0	1		/eos/user/c/cglenn/FCCWork/whizard/whizard_ttbar_spinpol/production/full6f_365gev_ee_ttbar_spinpol_v1/phase11_diagnostics/excess_weight_rootcause_v1/ttbar_restricted_region_suite_v1/regions/20260816T231425Z_U9region_core_W15_S8_np1_v1p0p1/adaptive/W15_IH_M0_A00_S5/console.log	1
C_W15_IH_M0_A00_S5_F0	fixed	W15_IH_M0_A00_S5_F0	W15_IH_M0_A00_S5	A00	F0	S5	531087687	197846737	"5:50000:""gw"""	"3:200000:"""""	M0	IH	W15	SR_PLUS	15.0	/eos/user/c/cglenn/FCCWork/whizard/whizard_ttbar_spinpol/production/full6f_365gev_ee_ttbar_spinpol_v1/phase11_diagnostics/excess_weight_rootcause_v1/ttbar_restricted_region_suite_v1/regions/20260816T231425Z_U9region_core_W15_S8_np1_v1p0p1/W15/IH/M0/fixed/W15_IH_M0_A00_S5/F0	/eos/user/c/cglenn/FCCWork/whizard/whizard_ttbar_spinpol/production/full6f_365gev_ee_ttbar_spinpol_v1/phase11_diagnostics/excess_weight_rootcause_v1/ttbar_restricted_region_suite_v1/regions/20260816T231425Z_U9region_core_W15_S8_np1_v1p0p1/W15/IH/M0/fixed/W15_IH_M0_A00_S5/F0	/eos/user/c/cglenn/FCCWork/whizard/whizard_ttbar_spinpol/production/full6f_365gev_ee_ttbar_spinpol_v1/phase11_diagnostics/excess_weight_rootcause_v1/ttbar_restricted_region_suite_v1/regions/20260816T231425Z_U9region_core_W15_S8_np1_v1p0p1/fixed/W15_IH_M0_A00_S5/F0	runtime_flat_fallback	PASS	PASS	0	20733e0e17025d2c73f73a666c5b62f92c105ca98114231020130b77f5730d5d	0001a2021522d029096b653e0dce9344a2a77deb19bf6d4951ff6756f1fda4e7	b78c39527b19a9a8e107678ace13d490dca3a4ef6010f4bc8f29aa1c779d8379	1	0	1	/eos/user/c/cglenn/FCCWork/whizard/whizard_ttbar_spinpol/production/full6f_365gev_ee_ttbar_spinpol_v1/phase11_diagnostics/excess_weight_rootcause_v1/ttbar_restricted_region_suite_v1/regions/20260816T231425Z_U9region_core_W15_S8_np1_v1p0p1/fixed/W15_IH_M0_A00_S5/F0/console.log	1
P_W15_IH_M0_A00_S6	adaptive	W15_IH_M0_A00_S6		A00		S6	519963689	958460417	"5:50000:""gw"""		M0	IH	W15	SR_PLUS	15.0	/eos/user/c/cglenn/FCCWork/whizard/whizard_ttbar_spinpol/production/full6f_365gev_ee_ttbar_spinpol_v1/phase11_diagnostics/excess_weight_rootcause_v1/ttbar_restricted_region_suite_v1/regions/20260816T231425Z_U9region_core_W15_S8_np1_v1p0p1/W15/IH/M0/adaptive/W15_IH_M0_A00_S6	/eos/user/c/cglenn/FCCWork/whizard/whizard_ttbar_spinpol/production/full6f_365gev_ee_ttbar_spinpol_v1/phase11_diagnostics/excess_weight_rootcause_v1/ttbar_restricted_region_suite_v1/regions/20260816T231425Z_U9region_core_W15_S8_np1_v1p0p1/W15/IH/M0/adaptive/W15_IH_M0_A00_S6	/eos/user/c/cglenn/FCCWork/whizard/whizard_ttbar_spinpol/production/full6f_365gev_ee_ttbar_spinpol_v1/phase11_diagnostics/excess_weight_rootcause_v1/ttbar_restricted_region_suite_v1/regions/20260816T231425Z_U9region_core_W15_S8_np1_v1p0p1/adaptive/W15_IH_M0_A00_S6	runtime_flat_fallback	PASS	PASS	0	20733e0e17025d2c73f73a666c5b62f92c105ca98114231020130b77f5730d5d	b6a92e494817f2834fda37384d7284411db724cabfdfb4e1f89af9f0ddf953a3		0	1		/eos/user/c/cglenn/FCCWork/whizard/whizard_ttbar_spinpol/production/full6f_365gev_ee_ttbar_spinpol_v1/phase11_diagnostics/excess_weight_rootcause_v1/ttbar_restricted_region_suite_v1/regions/20260816T231425Z_U9region_core_W15_S8_np1_v1p0p1/adaptive/W15_IH_M0_A00_S6/console.log	1
C_W15_IH_M0_A00_S6_F0	fixed	W15_IH_M0_A00_S6_F0	W15_IH_M0_A00_S6	A00	F0	S6	519963689	958460417	"5:50000:""gw"""	"3:200000:"""""	M0	IH	W15	SR_PLUS	15.0	/eos/user/c/cglenn/FCCWork/whizard/whizard_ttbar_spinpol/production/full6f_365gev_ee_ttbar_spinpol_v1/phase11_diagnostics/excess_weight_rootcause_v1/ttbar_restricted_region_suite_v1/regions/20260816T231425Z_U9region_core_W15_S8_np1_v1p0p1/W15/IH/M0/fixed/W15_IH_M0_A00_S6/F0	/eos/user/c/cglenn/FCCWork/whizard/whizard_ttbar_spinpol/production/full6f_365gev_ee_ttbar_spinpol_v1/phase11_diagnostics/excess_weight_rootcause_v1/ttbar_restricted_region_suite_v1/regions/20260816T231425Z_U9region_core_W15_S8_np1_v1p0p1/W15/IH/M0/fixed/W15_IH_M0_A00_S6/F0	/eos/user/c/cglenn/FCCWork/whizard/whizard_ttbar_spinpol/production/full6f_365gev_ee_ttbar_spinpol_v1/phase11_diagnostics/excess_weight_rootcause_v1/ttbar_restricted_region_suite_v1/regions/20260816T231425Z_U9region_core_W15_S8_np1_v1p0p1/fixed/W15_IH_M0_A00_S6/F0	runtime_flat_fallback	PASS	PASS	0	20733e0e17025d2c73f73a666c5b62f92c105ca98114231020130b77f5730d5d	d8fc66e5678e5c0d2b128399f5fb171a42c3b581d5404c788de0f6b1fea31c24	b6a92e494817f2834fda37384d7284411db724cabfdfb4e1f89af9f0ddf953a3	1	0	1	/eos/user/c/cglenn/FCCWork/whizard/whizard_ttbar_spinpol/production/full6f_365gev_ee_ttbar_spinpol_v1/phase11_diagnostics/excess_weight_rootcause_v1/ttbar_restricted_region_suite_v1/regions/20260816T231425Z_U9region_core_W15_S8_np1_v1p0p1/fixed/W15_IH_M0_A00_S6/F0/console.log	1
P_W15_IH_M0_A00_S7	adaptive	W15_IH_M0_A00_S7		A00		S7	1552803368	239117595	"5:50000:""gw"""		M0	IH	W15	SR_PLUS	15.0	/eos/user/c/cglenn/FCCWork/whizard/whizard_ttbar_spinpol/production/full6f_365gev_ee_ttbar_spinpol_v1/phase11_diagnostics/excess_weight_rootcause_v1/ttbar_restricted_region_suite_v1/regions/20260816T231425Z_U9region_core_W15_S8_np1_v1p0p1/W15/IH/M0/adaptive/W15_IH_M0_A00_S7	/eos/user/c/cglenn/FCCWork/whizard/whizard_ttbar_spinpol/production/full6f_365gev_ee_ttbar_spinpol_v1/phase11_diagnostics/excess_weight_rootcause_v1/ttbar_restricted_region_suite_v1/regions/20260816T231425Z_U9region_core_W15_S8_np1_v1p0p1/W15/IH/M0/adaptive/W15_IH_M0_A00_S7	/eos/user/c/cglenn/FCCWork/whizard/whizard_ttbar_spinpol/production/full6f_365gev_ee_ttbar_spinpol_v1/phase11_diagnostics/excess_weight_rootcause_v1/ttbar_restricted_region_suite_v1/regions/20260816T231425Z_U9region_core_W15_S8_np1_v1p0p1/adaptive/W15_IH_M0_A00_S7	runtime_flat_fallback	PASS	PASS	0	20733e0e17025d2c73f73a666c5b62f92c105ca98114231020130b77f5730d5d	7d60917fcf2050394c571a5f5e0f83488601c6c419671e7cd86a8252a0d4ac0f		0	1		/eos/user/c/cglenn/FCCWork/whizard/whizard_ttbar_spinpol/production/full6f_365gev_ee_ttbar_spinpol_v1/phase11_diagnostics/excess_weight_rootcause_v1/ttbar_restricted_region_suite_v1/regions/20260816T231425Z_U9region_core_W15_S8_np1_v1p0p1/adaptive/W15_IH_M0_A00_S7/console.log	1
C_W15_IH_M0_A00_S7_F0	fixed	W15_IH_M0_A00_S7_F0	W15_IH_M0_A00_S7	A00	F0	S7	1552803368	239117595	"5:50000:""gw"""	"3:200000:"""""	M0	IH	W15	SR_PLUS	15.0	/eos/user/c/cglenn/FCCWork/whizard/whizard_ttbar_spinpol/production/full6f_365gev_ee_ttbar_spinpol_v1/phase11_diagnostics/excess_weight_rootcause_v1/ttbar_restricted_region_suite_v1/regions/20260816T231425Z_U9region_core_W15_S8_np1_v1p0p1/W15/IH/M0/fixed/W15_IH_M0_A00_S7/F0	/eos/user/c/cglenn/FCCWork/whizard/whizard_ttbar_spinpol/production/full6f_365gev_ee_ttbar_spinpol_v1/phase11_diagnostics/excess_weight_rootcause_v1/ttbar_restricted_region_suite_v1/regions/20260816T231425Z_U9region_core_W15_S8_np1_v1p0p1/W15/IH/M0/fixed/W15_IH_M0_A00_S7/F0	/eos/user/c/cglenn/FCCWork/whizard/whizard_ttbar_spinpol/production/full6f_365gev_ee_ttbar_spinpol_v1/phase11_diagnostics/excess_weight_rootcause_v1/ttbar_restricted_region_suite_v1/regions/20260816T231425Z_U9region_core_W15_S8_np1_v1p0p1/fixed/W15_IH_M0_A00_S7/F0	runtime_flat_fallback	PASS	PASS	0	20733e0e17025d2c73f73a666c5b62f92c105ca98114231020130b77f5730d5d	461714f641a48660364a3aa76ab8ba40a72255a531509423c883d2d6b0bb5543	7d60917fcf2050394c571a5f5e0f83488601c6c419671e7cd86a8252a0d4ac0f	1	0	1	/eos/user/c/cglenn/FCCWork/whizard/whizard_ttbar_spinpol/production/full6f_365gev_ee_ttbar_spinpol_v1/phase11_diagnostics/excess_weight_rootcause_v1/ttbar_restricted_region_suite_v1/regions/20260816T231425Z_U9region_core_W15_S8_np1_v1p0p1/fixed/W15_IH_M0_A00_S7/F0/console.log	1
P_W15_IH_M1_A07_S0	adaptive	W15_IH_M1_A07_S0		A07		S0	1740114216	648318690	"10:100000:""gw"""		M1	IH	W15	SR_PLUS	15.0	/eos/user/c/cglenn/FCCWork/whizard/whizard_ttbar_spinpol/production/full6f_365gev_ee_ttbar_spinpol_v1/phase11_diagnostics/excess_weight_rootcause_v1/ttbar_restricted_region_suite_v1/regions/20260816T231425Z_U9region_core_W15_S8_np1_v1p0p1/W15/IH/M1/adaptive/W15_IH_M1_A07_S0	/eos/user/c/cglenn/FCCWork/whizard/whizard_ttbar_spinpol/production/full6f_365gev_ee_ttbar_spinpol_v1/phase11_diagnostics/excess_weight_rootcause_v1/ttbar_restricted_region_suite_v1/regions/20260816T231425Z_U9region_core_W15_S8_np1_v1p0p1/W15/IH/M1/adaptive/W15_IH_M1_A07_S0	/eos/user/c/cglenn/FCCWork/whizard/whizard_ttbar_spinpol/production/full6f_365gev_ee_ttbar_spinpol_v1/phase11_diagnostics/excess_weight_rootcause_v1/ttbar_restricted_region_suite_v1/regions/20260816T231425Z_U9region_core_W15_S8_np1_v1p0p1/adaptive/W15_IH_M1_A07_S0	runtime_flat_fallback	PASS	PASS	0	20733e0e17025d2c73f73a666c5b62f92c105ca98114231020130b77f5730d5d	a6cad4eacb8b7b3eb14a71a2bd122661ecbf0071b6195030d0c956aa45b8966f		0	1		/eos/user/c/cglenn/FCCWork/whizard/whizard_ttbar_spinpol/production/full6f_365gev_ee_ttbar_spinpol_v1/phase11_diagnostics/excess_weight_rootcause_v1/ttbar_restricted_region_suite_v1/regions/20260816T231425Z_U9region_core_W15_S8_np1_v1p0p1/adaptive/W15_IH_M1_A07_S0/console.log	1
C_W15_IH_M1_A07_S0_F0	fixed	W15_IH_M1_A07_S0_F0	W15_IH_M1_A07_S0	A07	F0	S0	1740114216	648318690	"10:100000:""gw"""	"3:200000:"""""	M1	IH	W15	SR_PLUS	15.0	/eos/user/c/cglenn/FCCWork/whizard/whizard_ttbar_spinpol/production/full6f_365gev_ee_ttbar_spinpol_v1/phase11_diagnostics/excess_weight_rootcause_v1/ttbar_restricted_region_suite_v1/regions/20260816T231425Z_U9region_core_W15_S8_np1_v1p0p1/W15/IH/M1/fixed/W15_IH_M1_A07_S0/F0	/eos/user/c/cglenn/FCCWork/whizard/whizard_ttbar_spinpol/production/full6f_365gev_ee_ttbar_spinpol_v1/phase11_diagnostics/excess_weight_rootcause_v1/ttbar_restricted_region_suite_v1/regions/20260816T231425Z_U9region_core_W15_S8_np1_v1p0p1/W15/IH/M1/fixed/W15_IH_M1_A07_S0/F0	/eos/user/c/cglenn/FCCWork/whizard/whizard_ttbar_spinpol/production/full6f_365gev_ee_ttbar_spinpol_v1/phase11_diagnostics/excess_weight_rootcause_v1/ttbar_restricted_region_suite_v1/regions/20260816T231425Z_U9region_core_W15_S8_np1_v1p0p1/fixed/W15_IH_M1_A07_S0/F0	runtime_flat_fallback	PASS	PASS	0	20733e0e17025d2c73f73a666c5b62f92c105ca98114231020130b77f5730d5d	d97bef7ed4106d45ecf518f391e443f0133506ff9e47dbc312aa2a5c092b5f9b	a6cad4eacb8b7b3eb14a71a2bd122661ecbf0071b6195030d0c956aa45b8966f	1	0	1	/eos/user/c/cglenn/FCCWork/whizard/whizard_ttbar_spinpol/production/full6f_365gev_ee_ttbar_spinpol_v1/phase11_diagnostics/excess_weight_rootcause_v1/ttbar_restricted_region_suite_v1/regions/20260816T231425Z_U9region_core_W15_S8_np1_v1p0p1/fixed/W15_IH_M1_A07_S0/F0/console.log	1
P_W15_IH_M1_A07_S1	adaptive	W15_IH_M1_A07_S1		A07		S1	1751949026	1404282457	"10:100000:""gw"""		M1	IH	W15	SR_PLUS	15.0	/eos/user/c/cglenn/FCCWork/whizard/whizard_ttbar_spinpol/production/full6f_365gev_ee_ttbar_spinpol_v1/phase11_diagnostics/excess_weight_rootcause_v1/ttbar_restricted_region_suite_v1/regions/20260816T231425Z_U9region_core_W15_S8_np1_v1p0p1/W15/IH/M1/adaptive/W15_IH_M1_A07_S1	/eos/user/c/cglenn/FCCWork/whizard/whizard_ttbar_spinpol/production/full6f_365gev_ee_ttbar_spinpol_v1/phase11_diagnostics/excess_weight_rootcause_v1/ttbar_restricted_region_suite_v1/regions/20260816T231425Z_U9region_core_W15_S8_np1_v1p0p1/W15/IH/M1/adaptive/W15_IH_M1_A07_S1	/eos/user/c/cglenn/FCCWork/whizard/whizard_ttbar_spinpol/production/full6f_365gev_ee_ttbar_spinpol_v1/phase11_diagnostics/excess_weight_rootcause_v1/ttbar_restricted_region_suite_v1/regions/20260816T231425Z_U9region_core_W15_S8_np1_v1p0p1/adaptive/W15_IH_M1_A07_S1	runtime_flat_fallback	PASS	PASS	0	20733e0e17025d2c73f73a666c5b62f92c105ca98114231020130b77f5730d5d	618ef950b4583f18bc615e2eb86b8a73ee1171f7e55d6cb291580f9b18f9249b		0	1		/eos/user/c/cglenn/FCCWork/whizard/whizard_ttbar_spinpol/production/full6f_365gev_ee_ttbar_spinpol_v1/phase11_diagnostics/excess_weight_rootcause_v1/ttbar_restricted_region_suite_v1/regions/20260816T231425Z_U9region_core_W15_S8_np1_v1p0p1/adaptive/W15_IH_M1_A07_S1/console.log	1
C_W15_IH_M1_A07_S1_F0	fixed	W15_IH_M1_A07_S1_F0	W15_IH_M1_A07_S1	A07	F0	S1	1751949026	1404282457	"10:100000:""gw"""	"3:200000:"""""	M1	IH	W15	SR_PLUS	15.0	/eos/user/c/cglenn/FCCWork/whizard/whizard_ttbar_spinpol/production/full6f_365gev_ee_ttbar_spinpol_v1/phase11_diagnostics/excess_weight_rootcause_v1/ttbar_restricted_region_suite_v1/regions/20260816T231425Z_U9region_core_W15_S8_np1_v1p0p1/W15/IH/M1/fixed/W15_IH_M1_A07_S1/F0	/eos/user/c/cglenn/FCCWork/whizard/whizard_ttbar_spinpol/production/full6f_365gev_ee_ttbar_spinpol_v1/phase11_diagnostics/excess_weight_rootcause_v1/ttbar_restricted_region_suite_v1/regions/20260816T231425Z_U9region_core_W15_S8_np1_v1p0p1/W15/IH/M1/fixed/W15_IH_M1_A07_S1/F0	/eos/user/c/cglenn/FCCWork/whizard/whizard_ttbar_spinpol/production/full6f_365gev_ee_ttbar_spinpol_v1/phase11_diagnostics/excess_weight_rootcause_v1/ttbar_restricted_region_suite_v1/regions/20260816T231425Z_U9region_core_W15_S8_np1_v1p0p1/fixed/W15_IH_M1_A07_S1/F0	runtime_flat_fallback	PASS	PASS	0	20733e0e17025d2c73f73a666c5b62f92c105ca98114231020130b77f5730d5d	7c04bbc72cf1588f7161ae69789bb276613060d547ccc77224927fe701fdfd75	618ef950b4583f18bc615e2eb86b8a73ee1171f7e55d6cb291580f9b18f9249b	1	0	1	/eos/user/c/cglenn/FCCWork/whizard/whizard_ttbar_spinpol/production/full6f_365gev_ee_ttbar_spinpol_v1/phase11_diagnostics/excess_weight_rootcause_v1/ttbar_restricted_region_suite_v1/regions/20260816T231425Z_U9region_core_W15_S8_np1_v1p0p1/fixed/W15_IH_M1_A07_S1/F0/console.log	1
P_W15_IH_M1_A07_S2	adaptive	W15_IH_M1_A07_S2		A07		S2	1885084773	1596606550	"10:100000:""gw"""		M1	IH	W15	SR_PLUS	15.0	/eos/user/c/cglenn/FCCWork/whizard/whizard_ttbar_spinpol/production/full6f_365gev_ee_ttbar_spinpol_v1/phase11_diagnostics/excess_weight_rootcause_v1/ttbar_restricted_region_suite_v1/regions/20260816T231425Z_U9region_core_W15_S8_np1_v1p0p1/W15/IH/M1/adaptive/W15_IH_M1_A07_S2	/eos/user/c/cglenn/FCCWork/whizard/whizard_ttbar_spinpol/production/full6f_365gev_ee_ttbar_spinpol_v1/phase11_diagnostics/excess_weight_rootcause_v1/ttbar_restricted_region_suite_v1/regions/20260816T231425Z_U9region_core_W15_S8_np1_v1p0p1/W15/IH/M1/adaptive/W15_IH_M1_A07_S2	/eos/user/c/cglenn/FCCWork/whizard/whizard_ttbar_spinpol/production/full6f_365gev_ee_ttbar_spinpol_v1/phase11_diagnostics/excess_weight_rootcause_v1/ttbar_restricted_region_suite_v1/regions/20260816T231425Z_U9region_core_W15_S8_np1_v1p0p1/adaptive/W15_IH_M1_A07_S2	runtime_flat_fallback	PASS	PASS	0	20733e0e17025d2c73f73a666c5b62f92c105ca98114231020130b77f5730d5d	fadf5d3de083b2443ff06c668e417046fd7c260b5e31fb46a343533f9f4999a1		0	1		/eos/user/c/cglenn/FCCWork/whizard/whizard_ttbar_spinpol/production/full6f_365gev_ee_ttbar_spinpol_v1/phase11_diagnostics/excess_weight_rootcause_v1/ttbar_restricted_region_suite_v1/regions/20260816T231425Z_U9region_core_W15_S8_np1_v1p0p1/adaptive/W15_IH_M1_A07_S2/console.log	1
C_W15_IH_M1_A07_S2_F0	fixed	W15_IH_M1_A07_S2_F0	W15_IH_M1_A07_S2	A07	F0	S2	1885084773	1596606550	"10:100000:""gw"""	"3:200000:"""""	M1	IH	W15	SR_PLUS	15.0	/eos/user/c/cglenn/FCCWork/whizard/whizard_ttbar_spinpol/production/full6f_365gev_ee_ttbar_spinpol_v1/phase11_diagnostics/excess_weight_rootcause_v1/ttbar_restricted_region_suite_v1/regions/20260816T231425Z_U9region_core_W15_S8_np1_v1p0p1/W15/IH/M1/fixed/W15_IH_M1_A07_S2/F0	/eos/user/c/cglenn/FCCWork/whizard/whizard_ttbar_spinpol/production/full6f_365gev_ee_ttbar_spinpol_v1/phase11_diagnostics/excess_weight_rootcause_v1/ttbar_restricted_region_suite_v1/regions/20260816T231425Z_U9region_core_W15_S8_np1_v1p0p1/W15/IH/M1/fixed/W15_IH_M1_A07_S2/F0	/eos/user/c/cglenn/FCCWork/whizard/whizard_ttbar_spinpol/production/full6f_365gev_ee_ttbar_spinpol_v1/phase11_diagnostics/excess_weight_rootcause_v1/ttbar_restricted_region_suite_v1/regions/20260816T231425Z_U9region_core_W15_S8_np1_v1p0p1/fixed/W15_IH_M1_A07_S2/F0	runtime_flat_fallback	PASS	PASS	0	20733e0e17025d2c73f73a666c5b62f92c105ca98114231020130b77f5730d5d	708f9c72c720eeffea5293fbdc370bbcad7b4943a7dba20102ad7d16afc091cf	fadf5d3de083b2443ff06c668e417046fd7c260b5e31fb46a343533f9f4999a1	1	0	1	/eos/user/c/cglenn/FCCWork/whizard/whizard_ttbar_spinpol/production/full6f_365gev_ee_ttbar_spinpol_v1/phase11_diagnostics/excess_weight_rootcause_v1/ttbar_restricted_region_suite_v1/regions/20260816T231425Z_U9region_core_W15_S8_np1_v1p0p1/fixed/W15_IH_M1_A07_S2/F0/console.log	1
P_W15_IH_M1_A07_S3	adaptive	W15_IH_M1_A07_S3		A07		S3	134326786	769890491	"10:100000:""gw"""		M1	IH	W15	SR_PLUS	15.0	/eos/user/c/cglenn/FCCWork/whizard/whizard_ttbar_spinpol/production/full6f_365gev_ee_ttbar_spinpol_v1/phase11_diagnostics/excess_weight_rootcause_v1/ttbar_restricted_region_suite_v1/regions/20260816T231425Z_U9region_core_W15_S8_np1_v1p0p1/W15/IH/M1/adaptive/W15_IH_M1_A07_S3	/eos/user/c/cglenn/FCCWork/whizard/whizard_ttbar_spinpol/production/full6f_365gev_ee_ttbar_spinpol_v1/phase11_diagnostics/excess_weight_rootcause_v1/ttbar_restricted_region_suite_v1/regions/20260816T231425Z_U9region_core_W15_S8_np1_v1p0p1/W15/IH/M1/adaptive/W15_IH_M1_A07_S3	/eos/user/c/cglenn/FCCWork/whizard/whizard_ttbar_spinpol/production/full6f_365gev_ee_ttbar_spinpol_v1/phase11_diagnostics/excess_weight_rootcause_v1/ttbar_restricted_region_suite_v1/regions/20260816T231425Z_U9region_core_W15_S8_np1_v1p0p1/adaptive/W15_IH_M1_A07_S3	runtime_flat_fallback	PASS	PASS	0	20733e0e17025d2c73f73a666c5b62f92c105ca98114231020130b77f5730d5d	872417c8ff0540249173781ec1b822a7493e0f5ec3ee665321356173ebb6f1c1		0	1		/eos/user/c/cglenn/FCCWork/whizard/whizard_ttbar_spinpol/production/full6f_365gev_ee_ttbar_spinpol_v1/phase11_diagnostics/excess_weight_rootcause_v1/ttbar_restricted_region_suite_v1/regions/20260816T231425Z_U9region_core_W15_S8_np1_v1p0p1/adaptive/W15_IH_M1_A07_S3/console.log	1
C_W15_IH_M1_A07_S3_F0	fixed	W15_IH_M1_A07_S3_F0	W15_IH_M1_A07_S3	A07	F0	S3	134326786	769890491	"10:100000:""gw"""	"3:200000:"""""	M1	IH	W15	SR_PLUS	15.0	/eos/user/c/cglenn/FCCWork/whizard/whizard_ttbar_spinpol/production/full6f_365gev_ee_ttbar_spinpol_v1/phase11_diagnostics/excess_weight_rootcause_v1/ttbar_restricted_region_suite_v1/regions/20260816T231425Z_U9region_core_W15_S8_np1_v1p0p1/W15/IH/M1/fixed/W15_IH_M1_A07_S3/F0	/eos/user/c/cglenn/FCCWork/whizard/whizard_ttbar_spinpol/production/full6f_365gev_ee_ttbar_spinpol_v1/phase11_diagnostics/excess_weight_rootcause_v1/ttbar_restricted_region_suite_v1/regions/20260816T231425Z_U9region_core_W15_S8_np1_v1p0p1/W15/IH/M1/fixed/W15_IH_M1_A07_S3/F0	/eos/user/c/cglenn/FCCWork/whizard/whizard_ttbar_spinpol/production/full6f_365gev_ee_ttbar_spinpol_v1/phase11_diagnostics/excess_weight_rootcause_v1/ttbar_restricted_region_suite_v1/regions/20260816T231425Z_U9region_core_W15_S8_np1_v1p0p1/fixed/W15_IH_M1_A07_S3/F0	runtime_flat_fallback	PASS	PASS	0	20733e0e17025d2c73f73a666c5b62f92c105ca98114231020130b77f5730d5d	ec69c15927c9274534244e6ee0faacac52e27b5dd31ab033a4db8f70ca70bea0	872417c8ff0540249173781ec1b822a7493e0f5ec3ee665321356173ebb6f1c1	1	0	1	/eos/user/c/cglenn/FCCWork/whizard/whizard_ttbar_spinpol/production/full6f_365gev_ee_ttbar_spinpol_v1/phase11_diagnostics/excess_weight_rootcause_v1/ttbar_restricted_region_suite_v1/regions/20260816T231425Z_U9region_core_W15_S8_np1_v1p0p1/fixed/W15_IH_M1_A07_S3/F0/console.log	1
P_W15_IH_M1_A07_S4	adaptive	W15_IH_M1_A07_S4		A07		S4	249371675	462903030	"10:100000:""gw"""		M1	IH	W15	SR_PLUS	15.0	/eos/user/c/cglenn/FCCWork/whizard/whizard_ttbar_spinpol/production/full6f_365gev_ee_ttbar_spinpol_v1/phase11_diagnostics/excess_weight_rootcause_v1/ttbar_restricted_region_suite_v1/regions/20260816T231425Z_U9region_core_W15_S8_np1_v1p0p1/W15/IH/M1/adaptive/W15_IH_M1_A07_S4	/eos/user/c/cglenn/FCCWork/whizard/whizard_ttbar_spinpol/production/full6f_365gev_ee_ttbar_spinpol_v1/phase11_diagnostics/excess_weight_rootcause_v1/ttbar_restricted_region_suite_v1/regions/20260816T231425Z_U9region_core_W15_S8_np1_v1p0p1/W15/IH/M1/adaptive/W15_IH_M1_A07_S4	/eos/user/c/cglenn/FCCWork/whizard/whizard_ttbar_spinpol/production/full6f_365gev_ee_ttbar_spinpol_v1/phase11_diagnostics/excess_weight_rootcause_v1/ttbar_restricted_region_suite_v1/regions/20260816T231425Z_U9region_core_W15_S8_np1_v1p0p1/adaptive/W15_IH_M1_A07_S4	runtime_flat_fallback	PASS	PASS	0	20733e0e17025d2c73f73a666c5b62f92c105ca98114231020130b77f5730d5d	bf1728958de6db6a4f9b589e9016b040772fe1c4e020a249ed0235d09f2350e8		0	1		/eos/user/c/cglenn/FCCWork/whizard/whizard_ttbar_spinpol/production/full6f_365gev_ee_ttbar_spinpol_v1/phase11_diagnostics/excess_weight_rootcause_v1/ttbar_restricted_region_suite_v1/regions/20260816T231425Z_U9region_core_W15_S8_np1_v1p0p1/adaptive/W15_IH_M1_A07_S4/console.log	1
C_W15_IH_M1_A07_S4_F0	fixed	W15_IH_M1_A07_S4_F0	W15_IH_M1_A07_S4	A07	F0	S4	249371675	462903030	"10:100000:""gw"""	"3:200000:"""""	M1	IH	W15	SR_PLUS	15.0	/eos/user/c/cglenn/FCCWork/whizard/whizard_ttbar_spinpol/production/full6f_365gev_ee_ttbar_spinpol_v1/phase11_diagnostics/excess_weight_rootcause_v1/ttbar_restricted_region_suite_v1/regions/20260816T231425Z_U9region_core_W15_S8_np1_v1p0p1/W15/IH/M1/fixed/W15_IH_M1_A07_S4/F0	/eos/user/c/cglenn/FCCWork/whizard/whizard_ttbar_spinpol/production/full6f_365gev_ee_ttbar_spinpol_v1/phase11_diagnostics/excess_weight_rootcause_v1/ttbar_restricted_region_suite_v1/regions/20260816T231425Z_U9region_core_W15_S8_np1_v1p0p1/W15/IH/M1/fixed/W15_IH_M1_A07_S4/F0	/eos/user/c/cglenn/FCCWork/whizard/whizard_ttbar_spinpol/production/full6f_365gev_ee_ttbar_spinpol_v1/phase11_diagnostics/excess_weight_rootcause_v1/ttbar_restricted_region_suite_v1/regions/20260816T231425Z_U9region_core_W15_S8_np1_v1p0p1/fixed/W15_IH_M1_A07_S4/F0	runtime_flat_fallback	PASS	PASS	0	20733e0e17025d2c73f73a666c5b62f92c105ca98114231020130b77f5730d5d	343d5702b8063e49b039995193a3aad4fc8b083699c134cd369b8747f08f73f6	bf1728958de6db6a4f9b589e9016b040772fe1c4e020a249ed0235d09f2350e8	1	0	1	/eos/user/c/cglenn/FCCWork/whizard/whizard_ttbar_spinpol/production/full6f_365gev_ee_ttbar_spinpol_v1/phase11_diagnostics/excess_weight_rootcause_v1/ttbar_restricted_region_suite_v1/regions/20260816T231425Z_U9region_core_W15_S8_np1_v1p0p1/fixed/W15_IH_M1_A07_S4/F0/console.log	1
P_W15_IH_M1_A07_S5	adaptive	W15_IH_M1_A07_S5		A07		S5	531087687	197846737	"10:100000:""gw"""		M1	IH	W15	SR_PLUS	15.0	/eos/user/c/cglenn/FCCWork/whizard/whizard_ttbar_spinpol/production/full6f_365gev_ee_ttbar_spinpol_v1/phase11_diagnostics/excess_weight_rootcause_v1/ttbar_restricted_region_suite_v1/regions/20260816T231425Z_U9region_core_W15_S8_np1_v1p0p1/W15/IH/M1/adaptive/W15_IH_M1_A07_S5	/eos/user/c/cglenn/FCCWork/whizard/whizard_ttbar_spinpol/production/full6f_365gev_ee_ttbar_spinpol_v1/phase11_diagnostics/excess_weight_rootcause_v1/ttbar_restricted_region_suite_v1/regions/20260816T231425Z_U9region_core_W15_S8_np1_v1p0p1/W15/IH/M1/adaptive/W15_IH_M1_A07_S5	/eos/user/c/cglenn/FCCWork/whizard/whizard_ttbar_spinpol/production/full6f_365gev_ee_ttbar_spinpol_v1/phase11_diagnostics/excess_weight_rootcause_v1/ttbar_restricted_region_suite_v1/regions/20260816T231425Z_U9region_core_W15_S8_np1_v1p0p1/adaptive/W15_IH_M1_A07_S5	runtime_flat_fallback	PASS	PASS	0	20733e0e17025d2c73f73a666c5b62f92c105ca98114231020130b77f5730d5d	2cc74161aa4876d87748ee1a93ded8bf4fe889a8ece35494bd170c8866f9deb8		0	1		/eos/user/c/cglenn/FCCWork/whizard/whizard_ttbar_spinpol/production/full6f_365gev_ee_ttbar_spinpol_v1/phase11_diagnostics/excess_weight_rootcause_v1/ttbar_restricted_region_suite_v1/regions/20260816T231425Z_U9region_core_W15_S8_np1_v1p0p1/adaptive/W15_IH_M1_A07_S5/console.log	1
C_W15_IH_M1_A07_S5_F0	fixed	W15_IH_M1_A07_S5_F0	W15_IH_M1_A07_S5	A07	F0	S5	531087687	197846737	"10:100000:""gw"""	"3:200000:"""""	M1	IH	W15	SR_PLUS	15.0	/eos/user/c/cglenn/FCCWork/whizard/whizard_ttbar_spinpol/production/full6f_365gev_ee_ttbar_spinpol_v1/phase11_diagnostics/excess_weight_rootcause_v1/ttbar_restricted_region_suite_v1/regions/20260816T231425Z_U9region_core_W15_S8_np1_v1p0p1/W15/IH/M1/fixed/W15_IH_M1_A07_S5/F0	/eos/user/c/cglenn/FCCWork/whizard/whizard_ttbar_spinpol/production/full6f_365gev_ee_ttbar_spinpol_v1/phase11_diagnostics/excess_weight_rootcause_v1/ttbar_restricted_region_suite_v1/regions/20260816T231425Z_U9region_core_W15_S8_np1_v1p0p1/W15/IH/M1/fixed/W15_IH_M1_A07_S5/F0	/eos/user/c/cglenn/FCCWork/whizard/whizard_ttbar_spinpol/production/full6f_365gev_ee_ttbar_spinpol_v1/phase11_diagnostics/excess_weight_rootcause_v1/ttbar_restricted_region_suite_v1/regions/20260816T231425Z_U9region_core_W15_S8_np1_v1p0p1/fixed/W15_IH_M1_A07_S5/F0	runtime_flat_fallback	PASS	PASS	0	20733e0e17025d2c73f73a666c5b62f92c105ca98114231020130b77f5730d5d	d5f215cbcf42fa9b8bfbdbe404c29714e9451f7137f1f5c1b7d6fb6953656152	2cc74161aa4876d87748ee1a93ded8bf4fe889a8ece35494bd170c8866f9deb8	1	0	1	/eos/user/c/cglenn/FCCWork/whizard/whizard_ttbar_spinpol/production/full6f_365gev_ee_ttbar_spinpol_v1/phase11_diagnostics/excess_weight_rootcause_v1/ttbar_restricted_region_suite_v1/regions/20260816T231425Z_U9region_core_W15_S8_np1_v1p0p1/fixed/W15_IH_M1_A07_S5/F0/console.log	1
P_W15_IH_M1_A07_S6	adaptive	W15_IH_M1_A07_S6		A07		S6	519963689	958460417	"10:100000:""gw"""		M1	IH	W15	SR_PLUS	15.0	/eos/user/c/cglenn/FCCWork/whizard/whizard_ttbar_spinpol/production/full6f_365gev_ee_ttbar_spinpol_v1/phase11_diagnostics/excess_weight_rootcause_v1/ttbar_restricted_region_suite_v1/regions/20260816T231425Z_U9region_core_W15_S8_np1_v1p0p1/W15/IH/M1/adaptive/W15_IH_M1_A07_S6	/eos/user/c/cglenn/FCCWork/whizard/whizard_ttbar_spinpol/production/full6f_365gev_ee_ttbar_spinpol_v1/phase11_diagnostics/excess_weight_rootcause_v1/ttbar_restricted_region_suite_v1/regions/20260816T231425Z_U9region_core_W15_S8_np1_v1p0p1/W15/IH/M1/adaptive/W15_IH_M1_A07_S6	/eos/user/c/cglenn/FCCWork/whizard/whizard_ttbar_spinpol/production/full6f_365gev_ee_ttbar_spinpol_v1/phase11_diagnostics/excess_weight_rootcause_v1/ttbar_restricted_region_suite_v1/regions/20260816T231425Z_U9region_core_W15_S8_np1_v1p0p1/adaptive/W15_IH_M1_A07_S6	runtime_flat_fallback	PASS	PASS	0	20733e0e17025d2c73f73a666c5b62f92c105ca98114231020130b77f5730d5d	f889b698477fc21cb8164cc63fcb75c8054c60f580ba66b6ca7f10b0b8611daa		0	1		/eos/user/c/cglenn/FCCWork/whizard/whizard_ttbar_spinpol/production/full6f_365gev_ee_ttbar_spinpol_v1/phase11_diagnostics/excess_weight_rootcause_v1/ttbar_restricted_region_suite_v1/regions/20260816T231425Z_U9region_core_W15_S8_np1_v1p0p1/adaptive/W15_IH_M1_A07_S6/console.log	1
C_W15_IH_M1_A07_S6_F0	fixed	W15_IH_M1_A07_S6_F0	W15_IH_M1_A07_S6	A07	F0	S6	519963689	958460417	"10:100000:""gw"""	"3:200000:"""""	M1	IH	W15	SR_PLUS	15.0	/eos/user/c/cglenn/FCCWork/whizard/whizard_ttbar_spinpol/production/full6f_365gev_ee_ttbar_spinpol_v1/phase11_diagnostics/excess_weight_rootcause_v1/ttbar_restricted_region_suite_v1/regions/20260816T231425Z_U9region_core_W15_S8_np1_v1p0p1/W15/IH/M1/fixed/W15_IH_M1_A07_S6/F0	/eos/user/c/cglenn/FCCWork/whizard/whizard_ttbar_spinpol/production/full6f_365gev_ee_ttbar_spinpol_v1/phase11_diagnostics/excess_weight_rootcause_v1/ttbar_restricted_region_suite_v1/regions/20260816T231425Z_U9region_core_W15_S8_np1_v1p0p1/W15/IH/M1/fixed/W15_IH_M1_A07_S6/F0	/eos/user/c/cglenn/FCCWork/whizard/whizard_ttbar_spinpol/production/full6f_365gev_ee_ttbar_spinpol_v1/phase11_diagnostics/excess_weight_rootcause_v1/ttbar_restricted_region_suite_v1/regions/20260816T231425Z_U9region_core_W15_S8_np1_v1p0p1/fixed/W15_IH_M1_A07_S6/F0	runtime_flat_fallback	PASS	PASS	0	20733e0e17025d2c73f73a666c5b62f92c105ca98114231020130b77f5730d5d	616c1d6d698f21c8833197190a158b1d55f12abf66d2e0fd2a84088dff54eed3	f889b698477fc21cb8164cc63fcb75c8054c60f580ba66b6ca7f10b0b8611daa	1	0	1	/eos/user/c/cglenn/FCCWork/whizard/whizard_ttbar_spinpol/production/full6f_365gev_ee_ttbar_spinpol_v1/phase11_diagnostics/excess_weight_rootcause_v1/ttbar_restricted_region_suite_v1/regions/20260816T231425Z_U9region_core_W15_S8_np1_v1p0p1/fixed/W15_IH_M1_A07_S6/F0/console.log	1
P_W15_IH_M1_A07_S7	adaptive	W15_IH_M1_A07_S7		A07		S7	1552803368	239117595	"10:100000:""gw"""		M1	IH	W15	SR_PLUS	15.0	/eos/user/c/cglenn/FCCWork/whizard/whizard_ttbar_spinpol/production/full6f_365gev_ee_ttbar_spinpol_v1/phase11_diagnostics/excess_weight_rootcause_v1/ttbar_restricted_region_suite_v1/regions/20260816T231425Z_U9region_core_W15_S8_np1_v1p0p1/W15/IH/M1/adaptive/W15_IH_M1_A07_S7	/eos/user/c/cglenn/FCCWork/whizard/whizard_ttbar_spinpol/production/full6f_365gev_ee_ttbar_spinpol_v1/phase11_diagnostics/excess_weight_rootcause_v1/ttbar_restricted_region_suite_v1/regions/20260816T231425Z_U9region_core_W15_S8_np1_v1p0p1/W15/IH/M1/adaptive/W15_IH_M1_A07_S7	/eos/user/c/cglenn/FCCWork/whizard/whizard_ttbar_spinpol/production/full6f_365gev_ee_ttbar_spinpol_v1/phase11_diagnostics/excess_weight_rootcause_v1/ttbar_restricted_region_suite_v1/regions/20260816T231425Z_U9region_core_W15_S8_np1_v1p0p1/adaptive/W15_IH_M1_A07_S7	runtime_flat_fallback	PASS	PASS	0	20733e0e17025d2c73f73a666c5b62f92c105ca98114231020130b77f5730d5d	aa54ff375283524cb750a14d60d91ef96a873da67259bed32a7464d184cca177		0	1		/eos/user/c/cglenn/FCCWork/whizard/whizard_ttbar_spinpol/production/full6f_365gev_ee_ttbar_spinpol_v1/phase11_diagnostics/excess_weight_rootcause_v1/ttbar_restricted_region_suite_v1/regions/20260816T231425Z_U9region_core_W15_S8_np1_v1p0p1/adaptive/W15_IH_M1_A07_S7/console.log	1
C_W15_IH_M1_A07_S7_F0	fixed	W15_IH_M1_A07_S7_F0	W15_IH_M1_A07_S7	A07	F0	S7	1552803368	239117595	"10:100000:""gw"""	"3:200000:"""""	M1	IH	W15	SR_PLUS	15.0	/eos/user/c/cglenn/FCCWork/whizard/whizard_ttbar_spinpol/production/full6f_365gev_ee_ttbar_spinpol_v1/phase11_diagnostics/excess_weight_rootcause_v1/ttbar_restricted_region_suite_v1/regions/20260816T231425Z_U9region_core_W15_S8_np1_v1p0p1/W15/IH/M1/fixed/W15_IH_M1_A07_S7/F0	/eos/user/c/cglenn/FCCWork/whizard/whizard_ttbar_spinpol/production/full6f_365gev_ee_ttbar_spinpol_v1/phase11_diagnostics/excess_weight_rootcause_v1/ttbar_restricted_region_suite_v1/regions/20260816T231425Z_U9region_core_W15_S8_np1_v1p0p1/W15/IH/M1/fixed/W15_IH_M1_A07_S7/F0	/eos/user/c/cglenn/FCCWork/whizard/whizard_ttbar_spinpol/production/full6f_365gev_ee_ttbar_spinpol_v1/phase11_diagnostics/excess_weight_rootcause_v1/ttbar_restricted_region_suite_v1/regions/20260816T231425Z_U9region_core_W15_S8_np1_v1p0p1/fixed/W15_IH_M1_A07_S7/F0	runtime_flat_fallback	PASS	PASS	0	20733e0e17025d2c73f73a666c5b62f92c105ca98114231020130b77f5730d5d	3b2d119838202bd5781775bec85f904a6aadb28882ed87d9bbed71c95d10e92c	aa54ff375283524cb750a14d60d91ef96a873da67259bed32a7464d184cca177	1	0	1	/eos/user/c/cglenn/FCCWork/whizard/whizard_ttbar_spinpol/production/full6f_365gev_ee_ttbar_spinpol_v1/phase11_diagnostics/excess_weight_rootcause_v1/ttbar_restricted_region_suite_v1/regions/20260816T231425Z_U9region_core_W15_S8_np1_v1p0p1/fixed/W15_IH_M1_A07_S7/F0/console.log	1
P_W15_IH_M2_A10_S0	adaptive	W15_IH_M2_A10_S0		A10		S0	1740114216	648318690	"1:1000000:""gw"""		M2	IH	W15	SR_PLUS	15.0	/eos/user/c/cglenn/FCCWork/whizard/whizard_ttbar_spinpol/production/full6f_365gev_ee_ttbar_spinpol_v1/phase11_diagnostics/excess_weight_rootcause_v1/ttbar_restricted_region_suite_v1/regions/20260816T231425Z_U9region_core_W15_S8_np1_v1p0p1/W15/IH/M2/adaptive/W15_IH_M2_A10_S0	/eos/user/c/cglenn/FCCWork/whizard/whizard_ttbar_spinpol/production/full6f_365gev_ee_ttbar_spinpol_v1/phase11_diagnostics/excess_weight_rootcause_v1/ttbar_restricted_region_suite_v1/regions/20260816T231425Z_U9region_core_W15_S8_np1_v1p0p1/W15/IH/M2/adaptive/W15_IH_M2_A10_S0	/eos/user/c/cglenn/FCCWork/whizard/whizard_ttbar_spinpol/production/full6f_365gev_ee_ttbar_spinpol_v1/phase11_diagnostics/excess_weight_rootcause_v1/ttbar_restricted_region_suite_v1/regions/20260816T231425Z_U9region_core_W15_S8_np1_v1p0p1/adaptive/W15_IH_M2_A10_S0	runtime_flat_fallback	PASS	PASS	0	20733e0e17025d2c73f73a666c5b62f92c105ca98114231020130b77f5730d5d	06b61dfb1505f6333c6cdeb5632fc2f0efbabc5ef1c2cfa182cc5b51373c109f		0	1		/eos/user/c/cglenn/FCCWork/whizard/whizard_ttbar_spinpol/production/full6f_365gev_ee_ttbar_spinpol_v1/phase11_diagnostics/excess_weight_rootcause_v1/ttbar_restricted_region_suite_v1/regions/20260816T231425Z_U9region_core_W15_S8_np1_v1p0p1/adaptive/W15_IH_M2_A10_S0/console.log	1
C_W15_IH_M2_A10_S0_F2	fixed	W15_IH_M2_A10_S0_F2	W15_IH_M2_A10_S0	A10	F2	S0	1740114216	648318690	"1:1000000:""gw"""	"1:2000000:"""""	M2	IH	W15	SR_PLUS	15.0	/eos/user/c/cglenn/FCCWork/whizard/whizard_ttbar_spinpol/production/full6f_365gev_ee_ttbar_spinpol_v1/phase11_diagnostics/excess_weight_rootcause_v1/ttbar_restricted_region_suite_v1/regions/20260816T231425Z_U9region_core_W15_S8_np1_v1p0p1/W15/IH/M2/fixed/W15_IH_M2_A10_S0/F2	/eos/user/c/cglenn/FCCWork/whizard/whizard_ttbar_spinpol/production/full6f_365gev_ee_ttbar_spinpol_v1/phase11_diagnostics/excess_weight_rootcause_v1/ttbar_restricted_region_suite_v1/regions/20260816T231425Z_U9region_core_W15_S8_np1_v1p0p1/W15/IH/M2/fixed/W15_IH_M2_A10_S0/F2	/eos/user/c/cglenn/FCCWork/whizard/whizard_ttbar_spinpol/production/full6f_365gev_ee_ttbar_spinpol_v1/phase11_diagnostics/excess_weight_rootcause_v1/ttbar_restricted_region_suite_v1/regions/20260816T231425Z_U9region_core_W15_S8_np1_v1p0p1/fixed/W15_IH_M2_A10_S0/F2	runtime_flat_fallback	PASS	PASS	0	20733e0e17025d2c73f73a666c5b62f92c105ca98114231020130b77f5730d5d	76632a825e5d68e795df39f3d5a20b9ef1e1373a0584aa00468801539b5857b4	06b61dfb1505f6333c6cdeb5632fc2f0efbabc5ef1c2cfa182cc5b51373c109f	1	0	1	/eos/user/c/cglenn/FCCWork/whizard/whizard_ttbar_spinpol/production/full6f_365gev_ee_ttbar_spinpol_v1/phase11_diagnostics/excess_weight_rootcause_v1/ttbar_restricted_region_suite_v1/regions/20260816T231425Z_U9region_core_W15_S8_np1_v1p0p1/fixed/W15_IH_M2_A10_S0/F2/console.log	1
P_W15_IH_M2_A10_S1	adaptive	W15_IH_M2_A10_S1		A10		S1	1751949026	1404282457	"1:1000000:""gw"""		M2	IH	W15	SR_PLUS	15.0	/eos/user/c/cglenn/FCCWork/whizard/whizard_ttbar_spinpol/production/full6f_365gev_ee_ttbar_spinpol_v1/phase11_diagnostics/excess_weight_rootcause_v1/ttbar_restricted_region_suite_v1/regions/20260816T231425Z_U9region_core_W15_S8_np1_v1p0p1/W15/IH/M2/adaptive/W15_IH_M2_A10_S1	/eos/user/c/cglenn/FCCWork/whizard/whizard_ttbar_spinpol/production/full6f_365gev_ee_ttbar_spinpol_v1/phase11_diagnostics/excess_weight_rootcause_v1/ttbar_restricted_region_suite_v1/regions/20260816T231425Z_U9region_core_W15_S8_np1_v1p0p1/W15/IH/M2/adaptive/W15_IH_M2_A10_S1	/eos/user/c/cglenn/FCCWork/whizard/whizard_ttbar_spinpol/production/full6f_365gev_ee_ttbar_spinpol_v1/phase11_diagnostics/excess_weight_rootcause_v1/ttbar_restricted_region_suite_v1/regions/20260816T231425Z_U9region_core_W15_S8_np1_v1p0p1/adaptive/W15_IH_M2_A10_S1	runtime_flat_fallback	PASS	PASS	0	20733e0e17025d2c73f73a666c5b62f92c105ca98114231020130b77f5730d5d	3af3a86ec769bb7a58a9434b97ef6f321da8eb57ca84d0e1b7d64ccbfcd4958b		0	1		/eos/user/c/cglenn/FCCWork/whizard/whizard_ttbar_spinpol/production/full6f_365gev_ee_ttbar_spinpol_v1/phase11_diagnostics/excess_weight_rootcause_v1/ttbar_restricted_region_suite_v1/regions/20260816T231425Z_U9region_core_W15_S8_np1_v1p0p1/adaptive/W15_IH_M2_A10_S1/console.log	1
C_W15_IH_M2_A10_S1_F2	fixed	W15_IH_M2_A10_S1_F2	W15_IH_M2_A10_S1	A10	F2	S1	1751949026	1404282457	"1:1000000:""gw"""	"1:2000000:"""""	M2	IH	W15	SR_PLUS	15.0	/eos/user/c/cglenn/FCCWork/whizard/whizard_ttbar_spinpol/production/full6f_365gev_ee_ttbar_spinpol_v1/phase11_diagnostics/excess_weight_rootcause_v1/ttbar_restricted_region_suite_v1/regions/20260816T231425Z_U9region_core_W15_S8_np1_v1p0p1/W15/IH/M2/fixed/W15_IH_M2_A10_S1/F2	/eos/user/c/cglenn/FCCWork/whizard/whizard_ttbar_spinpol/production/full6f_365gev_ee_ttbar_spinpol_v1/phase11_diagnostics/excess_weight_rootcause_v1/ttbar_restricted_region_suite_v1/regions/20260816T231425Z_U9region_core_W15_S8_np1_v1p0p1/W15/IH/M2/fixed/W15_IH_M2_A10_S1/F2	/eos/user/c/cglenn/FCCWork/whizard/whizard_ttbar_spinpol/production/full6f_365gev_ee_ttbar_spinpol_v1/phase11_diagnostics/excess_weight_rootcause_v1/ttbar_restricted_region_suite_v1/regions/20260816T231425Z_U9region_core_W15_S8_np1_v1p0p1/fixed/W15_IH_M2_A10_S1/F2	runtime_flat_fallback	PASS	PASS	0	20733e0e17025d2c73f73a666c5b62f92c105ca98114231020130b77f5730d5d	ad5b024c7a0b35623b7528b9cd126203326055acf65902ae263c8693677a45ba	3af3a86ec769bb7a58a9434b97ef6f321da8eb57ca84d0e1b7d64ccbfcd4958b	1	0	1	/eos/user/c/cglenn/FCCWork/whizard/whizard_ttbar_spinpol/production/full6f_365gev_ee_ttbar_spinpol_v1/phase11_diagnostics/excess_weight_rootcause_v1/ttbar_restricted_region_suite_v1/regions/20260816T231425Z_U9region_core_W15_S8_np1_v1p0p1/fixed/W15_IH_M2_A10_S1/F2/console.log	1
P_W15_IH_M2_A10_S2	adaptive	W15_IH_M2_A10_S2		A10		S2	1885084773	1596606550	"1:1000000:""gw"""		M2	IH	W15	SR_PLUS	15.0	/eos/user/c/cglenn/FCCWork/whizard/whizard_ttbar_spinpol/production/full6f_365gev_ee_ttbar_spinpol_v1/phase11_diagnostics/excess_weight_rootcause_v1/ttbar_restricted_region_suite_v1/regions/20260816T231425Z_U9region_core_W15_S8_np1_v1p0p1/W15/IH/M2/adaptive/W15_IH_M2_A10_S2	/eos/user/c/cglenn/FCCWork/whizard/whizard_ttbar_spinpol/production/full6f_365gev_ee_ttbar_spinpol_v1/phase11_diagnostics/excess_weight_rootcause_v1/ttbar_restricted_region_suite_v1/regions/20260816T231425Z_U9region_core_W15_S8_np1_v1p0p1/W15/IH/M2/adaptive/W15_IH_M2_A10_S2	/eos/user/c/cglenn/FCCWork/whizard/whizard_ttbar_spinpol/production/full6f_365gev_ee_ttbar_spinpol_v1/phase11_diagnostics/excess_weight_rootcause_v1/ttbar_restricted_region_suite_v1/regions/20260816T231425Z_U9region_core_W15_S8_np1_v1p0p1/adaptive/W15_IH_M2_A10_S2	runtime_flat_fallback	PASS	PASS	0	20733e0e17025d2c73f73a666c5b62f92c105ca98114231020130b77f5730d5d	d7f4d31c608377972394a33b02c87932e688834c827a2afb4ba14a192e75e926		0	1		/eos/user/c/cglenn/FCCWork/whizard/whizard_ttbar_spinpol/production/full6f_365gev_ee_ttbar_spinpol_v1/phase11_diagnostics/excess_weight_rootcause_v1/ttbar_restricted_region_suite_v1/regions/20260816T231425Z_U9region_core_W15_S8_np1_v1p0p1/adaptive/W15_IH_M2_A10_S2/console.log	1
C_W15_IH_M2_A10_S2_F2	fixed	W15_IH_M2_A10_S2_F2	W15_IH_M2_A10_S2	A10	F2	S2	1885084773	1596606550	"1:1000000:""gw"""	"1:2000000:"""""	M2	IH	W15	SR_PLUS	15.0	/eos/user/c/cglenn/FCCWork/whizard/whizard_ttbar_spinpol/production/full6f_365gev_ee_ttbar_spinpol_v1/phase11_diagnostics/excess_weight_rootcause_v1/ttbar_restricted_region_suite_v1/regions/20260816T231425Z_U9region_core_W15_S8_np1_v1p0p1/W15/IH/M2/fixed/W15_IH_M2_A10_S2/F2	/eos/user/c/cglenn/FCCWork/whizard/whizard_ttbar_spinpol/production/full6f_365gev_ee_ttbar_spinpol_v1/phase11_diagnostics/excess_weight_rootcause_v1/ttbar_restricted_region_suite_v1/regions/20260816T231425Z_U9region_core_W15_S8_np1_v1p0p1/W15/IH/M2/fixed/W15_IH_M2_A10_S2/F2	/eos/user/c/cglenn/FCCWork/whizard/whizard_ttbar_spinpol/production/full6f_365gev_ee_ttbar_spinpol_v1/phase11_diagnostics/excess_weight_rootcause_v1/ttbar_restricted_region_suite_v1/regions/20260816T231425Z_U9region_core_W15_S8_np1_v1p0p1/fixed/W15_IH_M2_A10_S2/F2	runtime_flat_fallback	PASS	PASS	0	20733e0e17025d2c73f73a666c5b62f92c105ca98114231020130b77f5730d5d	0a9105c3668a8bd9e9eb7b5ed5bf35930d405546e834d11e048b3b128f0aabc3	d7f4d31c608377972394a33b02c87932e688834c827a2afb4ba14a192e75e926	1	0	1	/eos/user/c/cglenn/FCCWork/whizard/whizard_ttbar_spinpol/production/full6f_365gev_ee_ttbar_spinpol_v1/phase11_diagnostics/excess_weight_rootcause_v1/ttbar_restricted_region_suite_v1/regions/20260816T231425Z_U9region_core_W15_S8_np1_v1p0p1/fixed/W15_IH_M2_A10_S2/F2/console.log	1
P_W15_IH_M2_A10_S3	adaptive	W15_IH_M2_A10_S3		A10		S3	134326786	769890491	"1:1000000:""gw"""		M2	IH	W15	SR_PLUS	15.0	/eos/user/c/cglenn/FCCWork/whizard/whizard_ttbar_spinpol/production/full6f_365gev_ee_ttbar_spinpol_v1/phase11_diagnostics/excess_weight_rootcause_v1/ttbar_restricted_region_suite_v1/regions/20260816T231425Z_U9region_core_W15_S8_np1_v1p0p1/W15/IH/M2/adaptive/W15_IH_M2_A10_S3	/eos/user/c/cglenn/FCCWork/whizard/whizard_ttbar_spinpol/production/full6f_365gev_ee_ttbar_spinpol_v1/phase11_diagnostics/excess_weight_rootcause_v1/ttbar_restricted_region_suite_v1/regions/20260816T231425Z_U9region_core_W15_S8_np1_v1p0p1/W15/IH/M2/adaptive/W15_IH_M2_A10_S3	/eos/user/c/cglenn/FCCWork/whizard/whizard_ttbar_spinpol/production/full6f_365gev_ee_ttbar_spinpol_v1/phase11_diagnostics/excess_weight_rootcause_v1/ttbar_restricted_region_suite_v1/regions/20260816T231425Z_U9region_core_W15_S8_np1_v1p0p1/adaptive/W15_IH_M2_A10_S3	runtime_flat_fallback	PASS	PASS	0	20733e0e17025d2c73f73a666c5b62f92c105ca98114231020130b77f5730d5d	1bda77c9a3110885aa22774fb62cf4ecec1aaff2606be8471463a8b4ec062a47		0	1		/eos/user/c/cglenn/FCCWork/whizard/whizard_ttbar_spinpol/production/full6f_365gev_ee_ttbar_spinpol_v1/phase11_diagnostics/excess_weight_rootcause_v1/ttbar_restricted_region_suite_v1/regions/20260816T231425Z_U9region_core_W15_S8_np1_v1p0p1/adaptive/W15_IH_M2_A10_S3/console.log	1
C_W15_IH_M2_A10_S3_F2	fixed	W15_IH_M2_A10_S3_F2	W15_IH_M2_A10_S3	A10	F2	S3	134326786	769890491	"1:1000000:""gw"""	"1:2000000:"""""	M2	IH	W15	SR_PLUS	15.0	/eos/user/c/cglenn/FCCWork/whizard/whizard_ttbar_spinpol/production/full6f_365gev_ee_ttbar_spinpol_v1/phase11_diagnostics/excess_weight_rootcause_v1/ttbar_restricted_region_suite_v1/regions/20260816T231425Z_U9region_core_W15_S8_np1_v1p0p1/W15/IH/M2/fixed/W15_IH_M2_A10_S3/F2	/eos/user/c/cglenn/FCCWork/whizard/whizard_ttbar_spinpol/production/full6f_365gev_ee_ttbar_spinpol_v1/phase11_diagnostics/excess_weight_rootcause_v1/ttbar_restricted_region_suite_v1/regions/20260816T231425Z_U9region_core_W15_S8_np1_v1p0p1/W15/IH/M2/fixed/W15_IH_M2_A10_S3/F2	/eos/user/c/cglenn/FCCWork/whizard/whizard_ttbar_spinpol/production/full6f_365gev_ee_ttbar_spinpol_v1/phase11_diagnostics/excess_weight_rootcause_v1/ttbar_restricted_region_suite_v1/regions/20260816T231425Z_U9region_core_W15_S8_np1_v1p0p1/fixed/W15_IH_M2_A10_S3/F2	runtime_flat_fallback	PASS	PASS	0	20733e0e17025d2c73f73a666c5b62f92c105ca98114231020130b77f5730d5d	f3f93abbae860bfbb7b455c20b1b666fe0ca909ceabe33c5418d6ccb308d9e9f	1bda77c9a3110885aa22774fb62cf4ecec1aaff2606be8471463a8b4ec062a47	1	0	1	/eos/user/c/cglenn/FCCWork/whizard/whizard_ttbar_spinpol/production/full6f_365gev_ee_ttbar_spinpol_v1/phase11_diagnostics/excess_weight_rootcause_v1/ttbar_restricted_region_suite_v1/regions/20260816T231425Z_U9region_core_W15_S8_np1_v1p0p1/fixed/W15_IH_M2_A10_S3/F2/console.log	1
P_W15_IH_M2_A10_S4	adaptive	W15_IH_M2_A10_S4		A10		S4	249371675	462903030	"1:1000000:""gw"""		M2	IH	W15	SR_PLUS	15.0	/eos/user/c/cglenn/FCCWork/whizard/whizard_ttbar_spinpol/production/full6f_365gev_ee_ttbar_spinpol_v1/phase11_diagnostics/excess_weight_rootcause_v1/ttbar_restricted_region_suite_v1/regions/20260816T231425Z_U9region_core_W15_S8_np1_v1p0p1/W15/IH/M2/adaptive/W15_IH_M2_A10_S4	/eos/user/c/cglenn/FCCWork/whizard/whizard_ttbar_spinpol/production/full6f_365gev_ee_ttbar_spinpol_v1/phase11_diagnostics/excess_weight_rootcause_v1/ttbar_restricted_region_suite_v1/regions/20260816T231425Z_U9region_core_W15_S8_np1_v1p0p1/W15/IH/M2/adaptive/W15_IH_M2_A10_S4	/eos/user/c/cglenn/FCCWork/whizard/whizard_ttbar_spinpol/production/full6f_365gev_ee_ttbar_spinpol_v1/phase11_diagnostics/excess_weight_rootcause_v1/ttbar_restricted_region_suite_v1/regions/20260816T231425Z_U9region_core_W15_S8_np1_v1p0p1/adaptive/W15_IH_M2_A10_S4	runtime_flat_fallback	PASS	PASS	0	20733e0e17025d2c73f73a666c5b62f92c105ca98114231020130b77f5730d5d	2f6056f6b9dd129b1707ec9f9ac9444a9dd53f7c9051f829ff04d7118e97a030		0	1		/eos/user/c/cglenn/FCCWork/whizard/whizard_ttbar_spinpol/production/full6f_365gev_ee_ttbar_spinpol_v1/phase11_diagnostics/excess_weight_rootcause_v1/ttbar_restricted_region_suite_v1/regions/20260816T231425Z_U9region_core_W15_S8_np1_v1p0p1/adaptive/W15_IH_M2_A10_S4/console.log	1
C_W15_IH_M2_A10_S4_F2	fixed	W15_IH_M2_A10_S4_F2	W15_IH_M2_A10_S4	A10	F2	S4	249371675	462903030	"1:1000000:""gw"""	"1:2000000:"""""	M2	IH	W15	SR_PLUS	15.0	/eos/user/c/cglenn/FCCWork/whizard/whizard_ttbar_spinpol/production/full6f_365gev_ee_ttbar_spinpol_v1/phase11_diagnostics/excess_weight_rootcause_v1/ttbar_restricted_region_suite_v1/regions/20260816T231425Z_U9region_core_W15_S8_np1_v1p0p1/W15/IH/M2/fixed/W15_IH_M2_A10_S4/F2	/eos/user/c/cglenn/FCCWork/whizard/whizard_ttbar_spinpol/production/full6f_365gev_ee_ttbar_spinpol_v1/phase11_diagnostics/excess_weight_rootcause_v1/ttbar_restricted_region_suite_v1/regions/20260816T231425Z_U9region_core_W15_S8_np1_v1p0p1/W15/IH/M2/fixed/W15_IH_M2_A10_S4/F2	/eos/user/c/cglenn/FCCWork/whizard/whizard_ttbar_spinpol/production/full6f_365gev_ee_ttbar_spinpol_v1/phase11_diagnostics/excess_weight_rootcause_v1/ttbar_restricted_region_suite_v1/regions/20260816T231425Z_U9region_core_W15_S8_np1_v1p0p1/fixed/W15_IH_M2_A10_S4/F2	runtime_flat_fallback	PASS	PASS	0	20733e0e17025d2c73f73a666c5b62f92c105ca98114231020130b77f5730d5d	c9d66802ab1171de2871f34007b301dd1c98655a2285eeb54a5b525f3a12f1e4	2f6056f6b9dd129b1707ec9f9ac9444a9dd53f7c9051f829ff04d7118e97a030	1	0	1	/eos/user/c/cglenn/FCCWork/whizard/whizard_ttbar_spinpol/production/full6f_365gev_ee_ttbar_spinpol_v1/phase11_diagnostics/excess_weight_rootcause_v1/ttbar_restricted_region_suite_v1/regions/20260816T231425Z_U9region_core_W15_S8_np1_v1p0p1/fixed/W15_IH_M2_A10_S4/F2/console.log	1
P_W15_IH_M2_A10_S5	adaptive	W15_IH_M2_A10_S5		A10		S5	531087687	197846737	"1:1000000:""gw"""		M2	IH	W15	SR_PLUS	15.0	/eos/user/c/cglenn/FCCWork/whizard/whizard_ttbar_spinpol/production/full6f_365gev_ee_ttbar_spinpol_v1/phase11_diagnostics/excess_weight_rootcause_v1/ttbar_restricted_region_suite_v1/regions/20260816T231425Z_U9region_core_W15_S8_np1_v1p0p1/W15/IH/M2/adaptive/W15_IH_M2_A10_S5	/eos/user/c/cglenn/FCCWork/whizard/whizard_ttbar_spinpol/production/full6f_365gev_ee_ttbar_spinpol_v1/phase11_diagnostics/excess_weight_rootcause_v1/ttbar_restricted_region_suite_v1/regions/20260816T231425Z_U9region_core_W15_S8_np1_v1p0p1/W15/IH/M2/adaptive/W15_IH_M2_A10_S5	/eos/user/c/cglenn/FCCWork/whizard/whizard_ttbar_spinpol/production/full6f_365gev_ee_ttbar_spinpol_v1/phase11_diagnostics/excess_weight_rootcause_v1/ttbar_restricted_region_suite_v1/regions/20260816T231425Z_U9region_core_W15_S8_np1_v1p0p1/adaptive/W15_IH_M2_A10_S5	runtime_flat_fallback	PASS	PASS	0	20733e0e17025d2c73f73a666c5b62f92c105ca98114231020130b77f5730d5d	c31960b60a4e37ea4d5e9d48b3fc3812890595996284ac466ae89e4da92409e4		0	1		/eos/user/c/cglenn/FCCWork/whizard/whizard_ttbar_spinpol/production/full6f_365gev_ee_ttbar_spinpol_v1/phase11_diagnostics/excess_weight_rootcause_v1/ttbar_restricted_region_suite_v1/regions/20260816T231425Z_U9region_core_W15_S8_np1_v1p0p1/adaptive/W15_IH_M2_A10_S5/console.log	1
C_W15_IH_M2_A10_S5_F2	fixed	W15_IH_M2_A10_S5_F2	W15_IH_M2_A10_S5	A10	F2	S5	531087687	197846737	"1:1000000:""gw"""	"1:2000000:"""""	M2	IH	W15	SR_PLUS	15.0	/eos/user/c/cglenn/FCCWork/whizard/whizard_ttbar_spinpol/production/full6f_365gev_ee_ttbar_spinpol_v1/phase11_diagnostics/excess_weight_rootcause_v1/ttbar_restricted_region_suite_v1/regions/20260816T231425Z_U9region_core_W15_S8_np1_v1p0p1/W15/IH/M2/fixed/W15_IH_M2_A10_S5/F2	/eos/user/c/cglenn/FCCWork/whizard/whizard_ttbar_spinpol/production/full6f_365gev_ee_ttbar_spinpol_v1/phase11_diagnostics/excess_weight_rootcause_v1/ttbar_restricted_region_suite_v1/regions/20260816T231425Z_U9region_core_W15_S8_np1_v1p0p1/W15/IH/M2/fixed/W15_IH_M2_A10_S5/F2	/eos/user/c/cglenn/FCCWork/whizard/whizard_ttbar_spinpol/production/full6f_365gev_ee_ttbar_spinpol_v1/phase11_diagnostics/excess_weight_rootcause_v1/ttbar_restricted_region_suite_v1/regions/20260816T231425Z_U9region_core_W15_S8_np1_v1p0p1/fixed/W15_IH_M2_A10_S5/F2	runtime_flat_fallback	PASS	PASS	0	20733e0e17025d2c73f73a666c5b62f92c105ca98114231020130b77f5730d5d	3b95e4e95090deb2434e82e5c9ddc50678b3b28e53d858c43a9f9d74c3fa9ce4	c31960b60a4e37ea4d5e9d48b3fc3812890595996284ac466ae89e4da92409e4	1	0	1	/eos/user/c/cglenn/FCCWork/whizard/whizard_ttbar_spinpol/production/full6f_365gev_ee_ttbar_spinpol_v1/phase11_diagnostics/excess_weight_rootcause_v1/ttbar_restricted_region_suite_v1/regions/20260816T231425Z_U9region_core_W15_S8_np1_v1p0p1/fixed/W15_IH_M2_A10_S5/F2/console.log	1
P_W15_IH_M2_A10_S6	adaptive	W15_IH_M2_A10_S6		A10		S6	519963689	958460417	"1:1000000:""gw"""		M2	IH	W15	SR_PLUS	15.0	/eos/user/c/cglenn/FCCWork/whizard/whizard_ttbar_spinpol/production/full6f_365gev_ee_ttbar_spinpol_v1/phase11_diagnostics/excess_weight_rootcause_v1/ttbar_restricted_region_suite_v1/regions/20260816T231425Z_U9region_core_W15_S8_np1_v1p0p1/W15/IH/M2/adaptive/W15_IH_M2_A10_S6	/eos/user/c/cglenn/FCCWork/whizard/whizard_ttbar_spinpol/production/full6f_365gev_ee_ttbar_spinpol_v1/phase11_diagnostics/excess_weight_rootcause_v1/ttbar_restricted_region_suite_v1/regions/20260816T231425Z_U9region_core_W15_S8_np1_v1p0p1/W15/IH/M2/adaptive/W15_IH_M2_A10_S6	/eos/user/c/cglenn/FCCWork/whizard/whizard_ttbar_spinpol/production/full6f_365gev_ee_ttbar_spinpol_v1/phase11_diagnostics/excess_weight_rootcause_v1/ttbar_restricted_region_suite_v1/regions/20260816T231425Z_U9region_core_W15_S8_np1_v1p0p1/adaptive/W15_IH_M2_A10_S6	runtime_flat_fallback	PASS	PASS	0	20733e0e17025d2c73f73a666c5b62f92c105ca98114231020130b77f5730d5d	5cf6cf25bfa3312d4a7c112550587d527ba94dcfae3416aa923ad56a6eb894bb		0	1		/eos/user/c/cglenn/FCCWork/whizard/whizard_ttbar_spinpol/production/full6f_365gev_ee_ttbar_spinpol_v1/phase11_diagnostics/excess_weight_rootcause_v1/ttbar_restricted_region_suite_v1/regions/20260816T231425Z_U9region_core_W15_S8_np1_v1p0p1/adaptive/W15_IH_M2_A10_S6/console.log	1
C_W15_IH_M2_A10_S6_F2	fixed	W15_IH_M2_A10_S6_F2	W15_IH_M2_A10_S6	A10	F2	S6	519963689	958460417	"1:1000000:""gw"""	"1:2000000:"""""	M2	IH	W15	SR_PLUS	15.0	/eos/user/c/cglenn/FCCWork/whizard/whizard_ttbar_spinpol/production/full6f_365gev_ee_ttbar_spinpol_v1/phase11_diagnostics/excess_weight_rootcause_v1/ttbar_restricted_region_suite_v1/regions/20260816T231425Z_U9region_core_W15_S8_np1_v1p0p1/W15/IH/M2/fixed/W15_IH_M2_A10_S6/F2	/eos/user/c/cglenn/FCCWork/whizard/whizard_ttbar_spinpol/production/full6f_365gev_ee_ttbar_spinpol_v1/phase11_diagnostics/excess_weight_rootcause_v1/ttbar_restricted_region_suite_v1/regions/20260816T231425Z_U9region_core_W15_S8_np1_v1p0p1/W15/IH/M2/fixed/W15_IH_M2_A10_S6/F2	/eos/user/c/cglenn/FCCWork/whizard/whizard_ttbar_spinpol/production/full6f_365gev_ee_ttbar_spinpol_v1/phase11_diagnostics/excess_weight_rootcause_v1/ttbar_restricted_region_suite_v1/regions/20260816T231425Z_U9region_core_W15_S8_np1_v1p0p1/fixed/W15_IH_M2_A10_S6/F2	runtime_flat_fallback	PASS	PASS	0	20733e0e17025d2c73f73a666c5b62f92c105ca98114231020130b77f5730d5d	40edb67ed077d9bdcb1997a3dc1c763dfcf817233859c74a013bede3bf784fa2	5cf6cf25bfa3312d4a7c112550587d527ba94dcfae3416aa923ad56a6eb894bb	1	0	1	/eos/user/c/cglenn/FCCWork/whizard/whizard_ttbar_spinpol/production/full6f_365gev_ee_ttbar_spinpol_v1/phase11_diagnostics/excess_weight_rootcause_v1/ttbar_restricted_region_suite_v1/regions/20260816T231425Z_U9region_core_W15_S8_np1_v1p0p1/fixed/W15_IH_M2_A10_S6/F2/console.log	1
P_W15_IH_M2_A10_S7	adaptive	W15_IH_M2_A10_S7		A10		S7	1552803368	239117595	"1:1000000:""gw"""		M2	IH	W15	SR_PLUS	15.0	/eos/user/c/cglenn/FCCWork/whizard/whizard_ttbar_spinpol/production/full6f_365gev_ee_ttbar_spinpol_v1/phase11_diagnostics/excess_weight_rootcause_v1/ttbar_restricted_region_suite_v1/regions/20260816T231425Z_U9region_core_W15_S8_np1_v1p0p1/W15/IH/M2/adaptive/W15_IH_M2_A10_S7	/eos/user/c/cglenn/FCCWork/whizard/whizard_ttbar_spinpol/production/full6f_365gev_ee_ttbar_spinpol_v1/phase11_diagnostics/excess_weight_rootcause_v1/ttbar_restricted_region_suite_v1/regions/20260816T231425Z_U9region_core_W15_S8_np1_v1p0p1/W15/IH/M2/adaptive/W15_IH_M2_A10_S7	/eos/user/c/cglenn/FCCWork/whizard/whizard_ttbar_spinpol/production/full6f_365gev_ee_ttbar_spinpol_v1/phase11_diagnostics/excess_weight_rootcause_v1/ttbar_restricted_region_suite_v1/regions/20260816T231425Z_U9region_core_W15_S8_np1_v1p0p1/adaptive/W15_IH_M2_A10_S7	runtime_flat_fallback	PASS	PASS	0	20733e0e17025d2c73f73a666c5b62f92c105ca98114231020130b77f5730d5d	2e32246f3a277dafcab68bb15d73c2e3d38716f0c55dce3a2d3d066e09ab18ca		0	1		/eos/user/c/cglenn/FCCWork/whizard/whizard_ttbar_spinpol/production/full6f_365gev_ee_ttbar_spinpol_v1/phase11_diagnostics/excess_weight_rootcause_v1/ttbar_restricted_region_suite_v1/regions/20260816T231425Z_U9region_core_W15_S8_np1_v1p0p1/adaptive/W15_IH_M2_A10_S7/console.log	1
C_W15_IH_M2_A10_S7_F2	fixed	W15_IH_M2_A10_S7_F2	W15_IH_M2_A10_S7	A10	F2	S7	1552803368	239117595	"1:1000000:""gw"""	"1:2000000:"""""	M2	IH	W15	SR_PLUS	15.0	/eos/user/c/cglenn/FCCWork/whizard/whizard_ttbar_spinpol/production/full6f_365gev_ee_ttbar_spinpol_v1/phase11_diagnostics/excess_weight_rootcause_v1/ttbar_restricted_region_suite_v1/regions/20260816T231425Z_U9region_core_W15_S8_np1_v1p0p1/W15/IH/M2/fixed/W15_IH_M2_A10_S7/F2	/eos/user/c/cglenn/FCCWork/whizard/whizard_ttbar_spinpol/production/full6f_365gev_ee_ttbar_spinpol_v1/phase11_diagnostics/excess_weight_rootcause_v1/ttbar_restricted_region_suite_v1/regions/20260816T231425Z_U9region_core_W15_S8_np1_v1p0p1/W15/IH/M2/fixed/W15_IH_M2_A10_S7/F2	/eos/user/c/cglenn/FCCWork/whizard/whizard_ttbar_spinpol/production/full6f_365gev_ee_ttbar_spinpol_v1/phase11_diagnostics/excess_weight_rootcause_v1/ttbar_restricted_region_suite_v1/regions/20260816T231425Z_U9region_core_W15_S8_np1_v1p0p1/fixed/W15_IH_M2_A10_S7/F2	runtime_flat_fallback	PASS	PASS	0	20733e0e17025d2c73f73a666c5b62f92c105ca98114231020130b77f5730d5d	b496d68267f9913d49d132c3f3b2bf9fedec0fe8db24bae31ec6527b9da35879	2e32246f3a277dafcab68bb15d73c2e3d38716f0c55dce3a2d3d066e09ab18ca	1	0	1	/eos/user/c/cglenn/FCCWork/whizard/whizard_ttbar_spinpol/production/full6f_365gev_ee_ttbar_spinpol_v1/phase11_diagnostics/excess_weight_rootcause_v1/ttbar_restricted_region_suite_v1/regions/20260816T231425Z_U9region_core_W15_S8_np1_v1p0p1/fixed/W15_IH_M2_A10_S7/F2/console.log	1
P_W15_HL_M0_A00_S0	adaptive	W15_HL_M0_A00_S0		A00		S0	1740114216	648318690	"5:50000:""gw"""		M0	HL	W15	NR	15.0	/eos/user/c/cglenn/FCCWork/whizard/whizard_ttbar_spinpol/production/full6f_365gev_ee_ttbar_spinpol_v1/phase11_diagnostics/excess_weight_rootcause_v1/ttbar_restricted_region_suite_v1/regions/20260816T231425Z_U9region_core_W15_S8_np1_v1p0p1/W15/HL/M0/adaptive/W15_HL_M0_A00_S0	/eos/user/c/cglenn/FCCWork/whizard/whizard_ttbar_spinpol/production/full6f_365gev_ee_ttbar_spinpol_v1/phase11_diagnostics/excess_weight_rootcause_v1/ttbar_restricted_region_suite_v1/regions/20260816T231425Z_U9region_core_W15_S8_np1_v1p0p1/W15/HL/M0/adaptive/W15_HL_M0_A00_S0	/eos/user/c/cglenn/FCCWork/whizard/whizard_ttbar_spinpol/production/full6f_365gev_ee_ttbar_spinpol_v1/phase11_diagnostics/excess_weight_rootcause_v1/ttbar_restricted_region_suite_v1/regions/20260816T231425Z_U9region_core_W15_S8_np1_v1p0p1/adaptive/W15_HL_M0_A00_S0	runtime_flat_fallback	PASS	PASS	0	20733e0e17025d2c73f73a666c5b62f92c105ca98114231020130b77f5730d5d	148d84000cc497c823d0a52963e8ebeef8a3836a06a951a2a479f442ee3062d6		0	1		/eos/user/c/cglenn/FCCWork/whizard/whizard_ttbar_spinpol/production/full6f_365gev_ee_ttbar_spinpol_v1/phase11_diagnostics/excess_weight_rootcause_v1/ttbar_restricted_region_suite_v1/regions/20260816T231425Z_U9region_core_W15_S8_np1_v1p0p1/adaptive/W15_HL_M0_A00_S0/console.log	1
C_W15_HL_M0_A00_S0_F0	fixed	W15_HL_M0_A00_S0_F0	W15_HL_M0_A00_S0	A00	F0	S0	1740114216	648318690	"5:50000:""gw"""	"3:200000:"""""	M0	HL	W15	NR	15.0	/eos/user/c/cglenn/FCCWork/whizard/whizard_ttbar_spinpol/production/full6f_365gev_ee_ttbar_spinpol_v1/phase11_diagnostics/excess_weight_rootcause_v1/ttbar_restricted_region_suite_v1/regions/20260816T231425Z_U9region_core_W15_S8_np1_v1p0p1/W15/HL/M0/fixed/W15_HL_M0_A00_S0/F0	/eos/user/c/cglenn/FCCWork/whizard/whizard_ttbar_spinpol/production/full6f_365gev_ee_ttbar_spinpol_v1/phase11_diagnostics/excess_weight_rootcause_v1/ttbar_restricted_region_suite_v1/regions/20260816T231425Z_U9region_core_W15_S8_np1_v1p0p1/W15/HL/M0/fixed/W15_HL_M0_A00_S0/F0	/eos/user/c/cglenn/FCCWork/whizard/whizard_ttbar_spinpol/production/full6f_365gev_ee_ttbar_spinpol_v1/phase11_diagnostics/excess_weight_rootcause_v1/ttbar_restricted_region_suite_v1/regions/20260816T231425Z_U9region_core_W15_S8_np1_v1p0p1/fixed/W15_HL_M0_A00_S0/F0	runtime_flat_fallback	PASS	PASS	0	20733e0e17025d2c73f73a666c5b62f92c105ca98114231020130b77f5730d5d	61a876ea2948642bf27546787cb742500c0d2813e5fd86bd3c26ed2e1aa6dd93	148d84000cc497c823d0a52963e8ebeef8a3836a06a951a2a479f442ee3062d6	1	0	1	/eos/user/c/cglenn/FCCWork/whizard/whizard_ttbar_spinpol/production/full6f_365gev_ee_ttbar_spinpol_v1/phase11_diagnostics/excess_weight_rootcause_v1/ttbar_restricted_region_suite_v1/regions/20260816T231425Z_U9region_core_W15_S8_np1_v1p0p1/fixed/W15_HL_M0_A00_S0/F0/console.log	1
P_W15_HL_M0_A00_S1	adaptive	W15_HL_M0_A00_S1		A00		S1	1751949026	1404282457	"5:50000:""gw"""		M0	HL	W15	NR	15.0	/eos/user/c/cglenn/FCCWork/whizard/whizard_ttbar_spinpol/production/full6f_365gev_ee_ttbar_spinpol_v1/phase11_diagnostics/excess_weight_rootcause_v1/ttbar_restricted_region_suite_v1/regions/20260816T231425Z_U9region_core_W15_S8_np1_v1p0p1/W15/HL/M0/adaptive/W15_HL_M0_A00_S1	/eos/user/c/cglenn/FCCWork/whizard/whizard_ttbar_spinpol/production/full6f_365gev_ee_ttbar_spinpol_v1/phase11_diagnostics/excess_weight_rootcause_v1/ttbar_restricted_region_suite_v1/regions/20260816T231425Z_U9region_core_W15_S8_np1_v1p0p1/W15/HL/M0/adaptive/W15_HL_M0_A00_S1	/eos/user/c/cglenn/FCCWork/whizard/whizard_ttbar_spinpol/production/full6f_365gev_ee_ttbar_spinpol_v1/phase11_diagnostics/excess_weight_rootcause_v1/ttbar_restricted_region_suite_v1/regions/20260816T231425Z_U9region_core_W15_S8_np1_v1p0p1/adaptive/W15_HL_M0_A00_S1	runtime_flat_fallback	PASS	PASS	0	20733e0e17025d2c73f73a666c5b62f92c105ca98114231020130b77f5730d5d	f89ff600cbc87d30c1ced0af093f09e8049e30775538d12142952284b3572214		0	1		/eos/user/c/cglenn/FCCWork/whizard/whizard_ttbar_spinpol/production/full6f_365gev_ee_ttbar_spinpol_v1/phase11_diagnostics/excess_weight_rootcause_v1/ttbar_restricted_region_suite_v1/regions/20260816T231425Z_U9region_core_W15_S8_np1_v1p0p1/adaptive/W15_HL_M0_A00_S1/console.log	1
C_W15_HL_M0_A00_S1_F0	fixed	W15_HL_M0_A00_S1_F0	W15_HL_M0_A00_S1	A00	F0	S1	1751949026	1404282457	"5:50000:""gw"""	"3:200000:"""""	M0	HL	W15	NR	15.0	/eos/user/c/cglenn/FCCWork/whizard/whizard_ttbar_spinpol/production/full6f_365gev_ee_ttbar_spinpol_v1/phase11_diagnostics/excess_weight_rootcause_v1/ttbar_restricted_region_suite_v1/regions/20260816T231425Z_U9region_core_W15_S8_np1_v1p0p1/W15/HL/M0/fixed/W15_HL_M0_A00_S1/F0	/eos/user/c/cglenn/FCCWork/whizard/whizard_ttbar_spinpol/production/full6f_365gev_ee_ttbar_spinpol_v1/phase11_diagnostics/excess_weight_rootcause_v1/ttbar_restricted_region_suite_v1/regions/20260816T231425Z_U9region_core_W15_S8_np1_v1p0p1/W15/HL/M0/fixed/W15_HL_M0_A00_S1/F0	/eos/user/c/cglenn/FCCWork/whizard/whizard_ttbar_spinpol/production/full6f_365gev_ee_ttbar_spinpol_v1/phase11_diagnostics/excess_weight_rootcause_v1/ttbar_restricted_region_suite_v1/regions/20260816T231425Z_U9region_core_W15_S8_np1_v1p0p1/fixed/W15_HL_M0_A00_S1/F0	runtime_flat_fallback	PASS	PASS	0	20733e0e17025d2c73f73a666c5b62f92c105ca98114231020130b77f5730d5d	34f032c226f9560616c6694801a89b7d6392485adeeda343a383975257bdc4c1	f89ff600cbc87d30c1ced0af093f09e8049e30775538d12142952284b3572214	1	0	1	/eos/user/c/cglenn/FCCWork/whizard/whizard_ttbar_spinpol/production/full6f_365gev_ee_ttbar_spinpol_v1/phase11_diagnostics/excess_weight_rootcause_v1/ttbar_restricted_region_suite_v1/regions/20260816T231425Z_U9region_core_W15_S8_np1_v1p0p1/fixed/W15_HL_M0_A00_S1/F0/console.log	1
P_W15_HL_M0_A00_S2	adaptive	W15_HL_M0_A00_S2		A00		S2	1885084773	1596606550	"5:50000:""gw"""		M0	HL	W15	NR	15.0	/eos/user/c/cglenn/FCCWork/whizard/whizard_ttbar_spinpol/production/full6f_365gev_ee_ttbar_spinpol_v1/phase11_diagnostics/excess_weight_rootcause_v1/ttbar_restricted_region_suite_v1/regions/20260816T231425Z_U9region_core_W15_S8_np1_v1p0p1/W15/HL/M0/adaptive/W15_HL_M0_A00_S2	/eos/user/c/cglenn/FCCWork/whizard/whizard_ttbar_spinpol/production/full6f_365gev_ee_ttbar_spinpol_v1/phase11_diagnostics/excess_weight_rootcause_v1/ttbar_restricted_region_suite_v1/regions/20260816T231425Z_U9region_core_W15_S8_np1_v1p0p1/W15/HL/M0/adaptive/W15_HL_M0_A00_S2	/eos/user/c/cglenn/FCCWork/whizard/whizard_ttbar_spinpol/production/full6f_365gev_ee_ttbar_spinpol_v1/phase11_diagnostics/excess_weight_rootcause_v1/ttbar_restricted_region_suite_v1/regions/20260816T231425Z_U9region_core_W15_S8_np1_v1p0p1/adaptive/W15_HL_M0_A00_S2	runtime_flat_fallback	PASS	PASS	0	20733e0e17025d2c73f73a666c5b62f92c105ca98114231020130b77f5730d5d	7a26e337eb67055309bedcea4b08942f25b65f8604276d651169a5d8ffdc73fd		0	1		/eos/user/c/cglenn/FCCWork/whizard/whizard_ttbar_spinpol/production/full6f_365gev_ee_ttbar_spinpol_v1/phase11_diagnostics/excess_weight_rootcause_v1/ttbar_restricted_region_suite_v1/regions/20260816T231425Z_U9region_core_W15_S8_np1_v1p0p1/adaptive/W15_HL_M0_A00_S2/console.log	1
C_W15_HL_M0_A00_S2_F0	fixed	W15_HL_M0_A00_S2_F0	W15_HL_M0_A00_S2	A00	F0	S2	1885084773	1596606550	"5:50000:""gw"""	"3:200000:"""""	M0	HL	W15	NR	15.0	/eos/user/c/cglenn/FCCWork/whizard/whizard_ttbar_spinpol/production/full6f_365gev_ee_ttbar_spinpol_v1/phase11_diagnostics/excess_weight_rootcause_v1/ttbar_restricted_region_suite_v1/regions/20260816T231425Z_U9region_core_W15_S8_np1_v1p0p1/W15/HL/M0/fixed/W15_HL_M0_A00_S2/F0	/eos/user/c/cglenn/FCCWork/whizard/whizard_ttbar_spinpol/production/full6f_365gev_ee_ttbar_spinpol_v1/phase11_diagnostics/excess_weight_rootcause_v1/ttbar_restricted_region_suite_v1/regions/20260816T231425Z_U9region_core_W15_S8_np1_v1p0p1/W15/HL/M0/fixed/W15_HL_M0_A00_S2/F0	/eos/user/c/cglenn/FCCWork/whizard/whizard_ttbar_spinpol/production/full6f_365gev_ee_ttbar_spinpol_v1/phase11_diagnostics/excess_weight_rootcause_v1/ttbar_restricted_region_suite_v1/regions/20260816T231425Z_U9region_core_W15_S8_np1_v1p0p1/fixed/W15_HL_M0_A00_S2/F0	runtime_flat_fallback	PASS	PASS	0	20733e0e17025d2c73f73a666c5b62f92c105ca98114231020130b77f5730d5d	f88eebcbf14810db9a5ceb69b24b0e50091ca8ed24ff07c1941a7f6c9fcf9bb5	7a26e337eb67055309bedcea4b08942f25b65f8604276d651169a5d8ffdc73fd	1	0	1	/eos/user/c/cglenn/FCCWork/whizard/whizard_ttbar_spinpol/production/full6f_365gev_ee_ttbar_spinpol_v1/phase11_diagnostics/excess_weight_rootcause_v1/ttbar_restricted_region_suite_v1/regions/20260816T231425Z_U9region_core_W15_S8_np1_v1p0p1/fixed/W15_HL_M0_A00_S2/F0/console.log	1
P_W15_HL_M0_A00_S3	adaptive	W15_HL_M0_A00_S3		A00		S3	134326786	769890491	"5:50000:""gw"""		M0	HL	W15	NR	15.0	/eos/user/c/cglenn/FCCWork/whizard/whizard_ttbar_spinpol/production/full6f_365gev_ee_ttbar_spinpol_v1/phase11_diagnostics/excess_weight_rootcause_v1/ttbar_restricted_region_suite_v1/regions/20260816T231425Z_U9region_core_W15_S8_np1_v1p0p1/W15/HL/M0/adaptive/W15_HL_M0_A00_S3	/eos/user/c/cglenn/FCCWork/whizard/whizard_ttbar_spinpol/production/full6f_365gev_ee_ttbar_spinpol_v1/phase11_diagnostics/excess_weight_rootcause_v1/ttbar_restricted_region_suite_v1/regions/20260816T231425Z_U9region_core_W15_S8_np1_v1p0p1/W15/HL/M0/adaptive/W15_HL_M0_A00_S3	/eos/user/c/cglenn/FCCWork/whizard/whizard_ttbar_spinpol/production/full6f_365gev_ee_ttbar_spinpol_v1/phase11_diagnostics/excess_weight_rootcause_v1/ttbar_restricted_region_suite_v1/regions/20260816T231425Z_U9region_core_W15_S8_np1_v1p0p1/adaptive/W15_HL_M0_A00_S3	runtime_flat_fallback	PASS	PASS	0	20733e0e17025d2c73f73a666c5b62f92c105ca98114231020130b77f5730d5d	86e9dc81c25a789b3279b0b24db76c7ef84e8ddca6e716f28d90b67da624e985		0	1		/eos/user/c/cglenn/FCCWork/whizard/whizard_ttbar_spinpol/production/full6f_365gev_ee_ttbar_spinpol_v1/phase11_diagnostics/excess_weight_rootcause_v1/ttbar_restricted_region_suite_v1/regions/20260816T231425Z_U9region_core_W15_S8_np1_v1p0p1/adaptive/W15_HL_M0_A00_S3/console.log	1
C_W15_HL_M0_A00_S3_F0	fixed	W15_HL_M0_A00_S3_F0	W15_HL_M0_A00_S3	A00	F0	S3	134326786	769890491	"5:50000:""gw"""	"3:200000:"""""	M0	HL	W15	NR	15.0	/eos/user/c/cglenn/FCCWork/whizard/whizard_ttbar_spinpol/production/full6f_365gev_ee_ttbar_spinpol_v1/phase11_diagnostics/excess_weight_rootcause_v1/ttbar_restricted_region_suite_v1/regions/20260816T231425Z_U9region_core_W15_S8_np1_v1p0p1/W15/HL/M0/fixed/W15_HL_M0_A00_S3/F0	/eos/user/c/cglenn/FCCWork/whizard/whizard_ttbar_spinpol/production/full6f_365gev_ee_ttbar_spinpol_v1/phase11_diagnostics/excess_weight_rootcause_v1/ttbar_restricted_region_suite_v1/regions/20260816T231425Z_U9region_core_W15_S8_np1_v1p0p1/W15/HL/M0/fixed/W15_HL_M0_A00_S3/F0	/eos/user/c/cglenn/FCCWork/whizard/whizard_ttbar_spinpol/production/full6f_365gev_ee_ttbar_spinpol_v1/phase11_diagnostics/excess_weight_rootcause_v1/ttbar_restricted_region_suite_v1/regions/20260816T231425Z_U9region_core_W15_S8_np1_v1p0p1/fixed/W15_HL_M0_A00_S3/F0	runtime_flat_fallback	PASS	PASS	0	20733e0e17025d2c73f73a666c5b62f92c105ca98114231020130b77f5730d5d	fad5a58aae61678e7e7fdbe29f5255a96aba649b7cc33d80d46c26c58086d32f	86e9dc81c25a789b3279b0b24db76c7ef84e8ddca6e716f28d90b67da624e985	1	0	1	/eos/user/c/cglenn/FCCWork/whizard/whizard_ttbar_spinpol/production/full6f_365gev_ee_ttbar_spinpol_v1/phase11_diagnostics/excess_weight_rootcause_v1/ttbar_restricted_region_suite_v1/regions/20260816T231425Z_U9region_core_W15_S8_np1_v1p0p1/fixed/W15_HL_M0_A00_S3/F0/console.log	1
P_W15_HL_M0_A00_S4	adaptive	W15_HL_M0_A00_S4		A00		S4	249371675	462903030	"5:50000:""gw"""		M0	HL	W15	NR	15.0	/eos/user/c/cglenn/FCCWork/whizard/whizard_ttbar_spinpol/production/full6f_365gev_ee_ttbar_spinpol_v1/phase11_diagnostics/excess_weight_rootcause_v1/ttbar_restricted_region_suite_v1/regions/20260816T231425Z_U9region_core_W15_S8_np1_v1p0p1/W15/HL/M0/adaptive/W15_HL_M0_A00_S4	/eos/user/c/cglenn/FCCWork/whizard/whizard_ttbar_spinpol/production/full6f_365gev_ee_ttbar_spinpol_v1/phase11_diagnostics/excess_weight_rootcause_v1/ttbar_restricted_region_suite_v1/regions/20260816T231425Z_U9region_core_W15_S8_np1_v1p0p1/W15/HL/M0/adaptive/W15_HL_M0_A00_S4	/eos/user/c/cglenn/FCCWork/whizard/whizard_ttbar_spinpol/production/full6f_365gev_ee_ttbar_spinpol_v1/phase11_diagnostics/excess_weight_rootcause_v1/ttbar_restricted_region_suite_v1/regions/20260816T231425Z_U9region_core_W15_S8_np1_v1p0p1/adaptive/W15_HL_M0_A00_S4	runtime_flat_fallback	PASS	PASS	0	20733e0e17025d2c73f73a666c5b62f92c105ca98114231020130b77f5730d5d	34937d559cc063a496b7a5933e089659f7691693340e92869116752959a6ffb0		0	1		/eos/user/c/cglenn/FCCWork/whizard/whizard_ttbar_spinpol/production/full6f_365gev_ee_ttbar_spinpol_v1/phase11_diagnostics/excess_weight_rootcause_v1/ttbar_restricted_region_suite_v1/regions/20260816T231425Z_U9region_core_W15_S8_np1_v1p0p1/adaptive/W15_HL_M0_A00_S4/console.log	1
C_W15_HL_M0_A00_S4_F0	fixed	W15_HL_M0_A00_S4_F0	W15_HL_M0_A00_S4	A00	F0	S4	249371675	462903030	"5:50000:""gw"""	"3:200000:"""""	M0	HL	W15	NR	15.0	/eos/user/c/cglenn/FCCWork/whizard/whizard_ttbar_spinpol/production/full6f_365gev_ee_ttbar_spinpol_v1/phase11_diagnostics/excess_weight_rootcause_v1/ttbar_restricted_region_suite_v1/regions/20260816T231425Z_U9region_core_W15_S8_np1_v1p0p1/W15/HL/M0/fixed/W15_HL_M0_A00_S4/F0	/eos/user/c/cglenn/FCCWork/whizard/whizard_ttbar_spinpol/production/full6f_365gev_ee_ttbar_spinpol_v1/phase11_diagnostics/excess_weight_rootcause_v1/ttbar_restricted_region_suite_v1/regions/20260816T231425Z_U9region_core_W15_S8_np1_v1p0p1/W15/HL/M0/fixed/W15_HL_M0_A00_S4/F0	/eos/user/c/cglenn/FCCWork/whizard/whizard_ttbar_spinpol/production/full6f_365gev_ee_ttbar_spinpol_v1/phase11_diagnostics/excess_weight_rootcause_v1/ttbar_restricted_region_suite_v1/regions/20260816T231425Z_U9region_core_W15_S8_np1_v1p0p1/fixed/W15_HL_M0_A00_S4/F0	runtime_flat_fallback	PASS	PASS	0	20733e0e17025d2c73f73a666c5b62f92c105ca98114231020130b77f5730d5d	6591a58fe06bda61db1022465a53b20c85092f610da007edb34532845371c30f	34937d559cc063a496b7a5933e089659f7691693340e92869116752959a6ffb0	1	0	1	/eos/user/c/cglenn/FCCWork/whizard/whizard_ttbar_spinpol/production/full6f_365gev_ee_ttbar_spinpol_v1/phase11_diagnostics/excess_weight_rootcause_v1/ttbar_restricted_region_suite_v1/regions/20260816T231425Z_U9region_core_W15_S8_np1_v1p0p1/fixed/W15_HL_M0_A00_S4/F0/console.log	1
P_W15_HL_M0_A00_S5	adaptive	W15_HL_M0_A00_S5		A00		S5	531087687	197846737	"5:50000:""gw"""		M0	HL	W15	NR	15.0	/eos/user/c/cglenn/FCCWork/whizard/whizard_ttbar_spinpol/production/full6f_365gev_ee_ttbar_spinpol_v1/phase11_diagnostics/excess_weight_rootcause_v1/ttbar_restricted_region_suite_v1/regions/20260816T231425Z_U9region_core_W15_S8_np1_v1p0p1/W15/HL/M0/adaptive/W15_HL_M0_A00_S5	/eos/user/c/cglenn/FCCWork/whizard/whizard_ttbar_spinpol/production/full6f_365gev_ee_ttbar_spinpol_v1/phase11_diagnostics/excess_weight_rootcause_v1/ttbar_restricted_region_suite_v1/regions/20260816T231425Z_U9region_core_W15_S8_np1_v1p0p1/W15/HL/M0/adaptive/W15_HL_M0_A00_S5	/eos/user/c/cglenn/FCCWork/whizard/whizard_ttbar_spinpol/production/full6f_365gev_ee_ttbar_spinpol_v1/phase11_diagnostics/excess_weight_rootcause_v1/ttbar_restricted_region_suite_v1/regions/20260816T231425Z_U9region_core_W15_S8_np1_v1p0p1/adaptive/W15_HL_M0_A00_S5	runtime_flat_fallback	PASS	PASS	0	20733e0e17025d2c73f73a666c5b62f92c105ca98114231020130b77f5730d5d	eb94f677d3dc1a71f777d754f7641c9efd14d0532db668b422815f6b7b226f99		0	1		/eos/user/c/cglenn/FCCWork/whizard/whizard_ttbar_spinpol/production/full6f_365gev_ee_ttbar_spinpol_v1/phase11_diagnostics/excess_weight_rootcause_v1/ttbar_restricted_region_suite_v1/regions/20260816T231425Z_U9region_core_W15_S8_np1_v1p0p1/adaptive/W15_HL_M0_A00_S5/console.log	1
C_W15_HL_M0_A00_S5_F0	fixed	W15_HL_M0_A00_S5_F0	W15_HL_M0_A00_S5	A00	F0	S5	531087687	197846737	"5:50000:""gw"""	"3:200000:"""""	M0	HL	W15	NR	15.0	/eos/user/c/cglenn/FCCWork/whizard/whizard_ttbar_spinpol/production/full6f_365gev_ee_ttbar_spinpol_v1/phase11_diagnostics/excess_weight_rootcause_v1/ttbar_restricted_region_suite_v1/regions/20260816T231425Z_U9region_core_W15_S8_np1_v1p0p1/W15/HL/M0/fixed/W15_HL_M0_A00_S5/F0	/eos/user/c/cglenn/FCCWork/whizard/whizard_ttbar_spinpol/production/full6f_365gev_ee_ttbar_spinpol_v1/phase11_diagnostics/excess_weight_rootcause_v1/ttbar_restricted_region_suite_v1/regions/20260816T231425Z_U9region_core_W15_S8_np1_v1p0p1/W15/HL/M0/fixed/W15_HL_M0_A00_S5/F0	/eos/user/c/cglenn/FCCWork/whizard/whizard_ttbar_spinpol/production/full6f_365gev_ee_ttbar_spinpol_v1/phase11_diagnostics/excess_weight_rootcause_v1/ttbar_restricted_region_suite_v1/regions/20260816T231425Z_U9region_core_W15_S8_np1_v1p0p1/fixed/W15_HL_M0_A00_S5/F0	runtime_flat_fallback	PASS	PASS	0	20733e0e17025d2c73f73a666c5b62f92c105ca98114231020130b77f5730d5d	9ac4c09d878b90466dc4fa8aa2d299620cfbc5ed6b292c0e899f8681f372b484	eb94f677d3dc1a71f777d754f7641c9efd14d0532db668b422815f6b7b226f99	1	0	1	/eos/user/c/cglenn/FCCWork/whizard/whizard_ttbar_spinpol/production/full6f_365gev_ee_ttbar_spinpol_v1/phase11_diagnostics/excess_weight_rootcause_v1/ttbar_restricted_region_suite_v1/regions/20260816T231425Z_U9region_core_W15_S8_np1_v1p0p1/fixed/W15_HL_M0_A00_S5/F0/console.log	1
P_W15_HL_M0_A00_S6	adaptive	W15_HL_M0_A00_S6		A00		S6	519963689	958460417	"5:50000:""gw"""		M0	HL	W15	NR	15.0	/eos/user/c/cglenn/FCCWork/whizard/whizard_ttbar_spinpol/production/full6f_365gev_ee_ttbar_spinpol_v1/phase11_diagnostics/excess_weight_rootcause_v1/ttbar_restricted_region_suite_v1/regions/20260816T231425Z_U9region_core_W15_S8_np1_v1p0p1/W15/HL/M0/adaptive/W15_HL_M0_A00_S6	/eos/user/c/cglenn/FCCWork/whizard/whizard_ttbar_spinpol/production/full6f_365gev_ee_ttbar_spinpol_v1/phase11_diagnostics/excess_weight_rootcause_v1/ttbar_restricted_region_suite_v1/regions/20260816T231425Z_U9region_core_W15_S8_np1_v1p0p1/W15/HL/M0/adaptive/W15_HL_M0_A00_S6	/eos/user/c/cglenn/FCCWork/whizard/whizard_ttbar_spinpol/production/full6f_365gev_ee_ttbar_spinpol_v1/phase11_diagnostics/excess_weight_rootcause_v1/ttbar_restricted_region_suite_v1/regions/20260816T231425Z_U9region_core_W15_S8_np1_v1p0p1/adaptive/W15_HL_M0_A00_S6	runtime_flat_fallback	PASS	PASS	0	20733e0e17025d2c73f73a666c5b62f92c105ca98114231020130b77f5730d5d	f9d87706bc5f88322afd1e514697b2c15432ac57ae18389e8b0bb876392ba0ae		0	1		/eos/user/c/cglenn/FCCWork/whizard/whizard_ttbar_spinpol/production/full6f_365gev_ee_ttbar_spinpol_v1/phase11_diagnostics/excess_weight_rootcause_v1/ttbar_restricted_region_suite_v1/regions/20260816T231425Z_U9region_core_W15_S8_np1_v1p0p1/adaptive/W15_HL_M0_A00_S6/console.log	1
C_W15_HL_M0_A00_S6_F0	fixed	W15_HL_M0_A00_S6_F0	W15_HL_M0_A00_S6	A00	F0	S6	519963689	958460417	"5:50000:""gw"""	"3:200000:"""""	M0	HL	W15	NR	15.0	/eos/user/c/cglenn/FCCWork/whizard/whizard_ttbar_spinpol/production/full6f_365gev_ee_ttbar_spinpol_v1/phase11_diagnostics/excess_weight_rootcause_v1/ttbar_restricted_region_suite_v1/regions/20260816T231425Z_U9region_core_W15_S8_np1_v1p0p1/W15/HL/M0/fixed/W15_HL_M0_A00_S6/F0	/eos/user/c/cglenn/FCCWork/whizard/whizard_ttbar_spinpol/production/full6f_365gev_ee_ttbar_spinpol_v1/phase11_diagnostics/excess_weight_rootcause_v1/ttbar_restricted_region_suite_v1/regions/20260816T231425Z_U9region_core_W15_S8_np1_v1p0p1/W15/HL/M0/fixed/W15_HL_M0_A00_S6/F0	/eos/user/c/cglenn/FCCWork/whizard/whizard_ttbar_spinpol/production/full6f_365gev_ee_ttbar_spinpol_v1/phase11_diagnostics/excess_weight_rootcause_v1/ttbar_restricted_region_suite_v1/regions/20260816T231425Z_U9region_core_W15_S8_np1_v1p0p1/fixed/W15_HL_M0_A00_S6/F0	runtime_flat_fallback	PASS	PASS	0	20733e0e17025d2c73f73a666c5b62f92c105ca98114231020130b77f5730d5d	3dda652d37d1d131077b016ea7fe9406e850d2b0ddf8ac30917b8c40c414f87d	f9d87706bc5f88322afd1e514697b2c15432ac57ae18389e8b0bb876392ba0ae	1	0	1	/eos/user/c/cglenn/FCCWork/whizard/whizard_ttbar_spinpol/production/full6f_365gev_ee_ttbar_spinpol_v1/phase11_diagnostics/excess_weight_rootcause_v1/ttbar_restricted_region_suite_v1/regions/20260816T231425Z_U9region_core_W15_S8_np1_v1p0p1/fixed/W15_HL_M0_A00_S6/F0/console.log	1
P_W15_HL_M0_A00_S7	adaptive	W15_HL_M0_A00_S7		A00		S7	1552803368	239117595	"5:50000:""gw"""		M0	HL	W15	NR	15.0	/eos/user/c/cglenn/FCCWork/whizard/whizard_ttbar_spinpol/production/full6f_365gev_ee_ttbar_spinpol_v1/phase11_diagnostics/excess_weight_rootcause_v1/ttbar_restricted_region_suite_v1/regions/20260816T231425Z_U9region_core_W15_S8_np1_v1p0p1/W15/HL/M0/adaptive/W15_HL_M0_A00_S7	/eos/user/c/cglenn/FCCWork/whizard/whizard_ttbar_spinpol/production/full6f_365gev_ee_ttbar_spinpol_v1/phase11_diagnostics/excess_weight_rootcause_v1/ttbar_restricted_region_suite_v1/regions/20260816T231425Z_U9region_core_W15_S8_np1_v1p0p1/W15/HL/M0/adaptive/W15_HL_M0_A00_S7	/eos/user/c/cglenn/FCCWork/whizard/whizard_ttbar_spinpol/production/full6f_365gev_ee_ttbar_spinpol_v1/phase11_diagnostics/excess_weight_rootcause_v1/ttbar_restricted_region_suite_v1/regions/20260816T231425Z_U9region_core_W15_S8_np1_v1p0p1/adaptive/W15_HL_M0_A00_S7	runtime_flat_fallback	PASS	PASS	0	20733e0e17025d2c73f73a666c5b62f92c105ca98114231020130b77f5730d5d	e1a3be33d5313fe8f9a33df64ca71589f0259eda6d3f9d0f232bc6190acbc4f7		0	1		/eos/user/c/cglenn/FCCWork/whizard/whizard_ttbar_spinpol/production/full6f_365gev_ee_ttbar_spinpol_v1/phase11_diagnostics/excess_weight_rootcause_v1/ttbar_restricted_region_suite_v1/regions/20260816T231425Z_U9region_core_W15_S8_np1_v1p0p1/adaptive/W15_HL_M0_A00_S7/console.log	1
C_W15_HL_M0_A00_S7_F0	fixed	W15_HL_M0_A00_S7_F0	W15_HL_M0_A00_S7	A00	F0	S7	1552803368	239117595	"5:50000:""gw"""	"3:200000:"""""	M0	HL	W15	NR	15.0	/eos/user/c/cglenn/FCCWork/whizard/whizard_ttbar_spinpol/production/full6f_365gev_ee_ttbar_spinpol_v1/phase11_diagnostics/excess_weight_rootcause_v1/ttbar_restricted_region_suite_v1/regions/20260816T231425Z_U9region_core_W15_S8_np1_v1p0p1/W15/HL/M0/fixed/W15_HL_M0_A00_S7/F0	/eos/user/c/cglenn/FCCWork/whizard/whizard_ttbar_spinpol/production/full6f_365gev_ee_ttbar_spinpol_v1/phase11_diagnostics/excess_weight_rootcause_v1/ttbar_restricted_region_suite_v1/regions/20260816T231425Z_U9region_core_W15_S8_np1_v1p0p1/W15/HL/M0/fixed/W15_HL_M0_A00_S7/F0	/eos/user/c/cglenn/FCCWork/whizard/whizard_ttbar_spinpol/production/full6f_365gev_ee_ttbar_spinpol_v1/phase11_diagnostics/excess_weight_rootcause_v1/ttbar_restricted_region_suite_v1/regions/20260816T231425Z_U9region_core_W15_S8_np1_v1p0p1/fixed/W15_HL_M0_A00_S7/F0	runtime_flat_fallback	PASS	PASS	0	20733e0e17025d2c73f73a666c5b62f92c105ca98114231020130b77f5730d5d	06f2676e78fd4e0a29fad89d7df20702736eb4f870fda732039cbd4979cfd29b	e1a3be33d5313fe8f9a33df64ca71589f0259eda6d3f9d0f232bc6190acbc4f7	1	0	1	/eos/user/c/cglenn/FCCWork/whizard/whizard_ttbar_spinpol/production/full6f_365gev_ee_ttbar_spinpol_v1/phase11_diagnostics/excess_weight_rootcause_v1/ttbar_restricted_region_suite_v1/regions/20260816T231425Z_U9region_core_W15_S8_np1_v1p0p1/fixed/W15_HL_M0_A00_S7/F0/console.log	1
P_W15_HL_M1_A07_S0	adaptive	W15_HL_M1_A07_S0		A07		S0	1740114216	648318690	"10:100000:""gw"""		M1	HL	W15	NR	15.0	/eos/user/c/cglenn/FCCWork/whizard/whizard_ttbar_spinpol/production/full6f_365gev_ee_ttbar_spinpol_v1/phase11_diagnostics/excess_weight_rootcause_v1/ttbar_restricted_region_suite_v1/regions/20260816T231425Z_U9region_core_W15_S8_np1_v1p0p1/W15/HL/M1/adaptive/W15_HL_M1_A07_S0	/eos/user/c/cglenn/FCCWork/whizard/whizard_ttbar_spinpol/production/full6f_365gev_ee_ttbar_spinpol_v1/phase11_diagnostics/excess_weight_rootcause_v1/ttbar_restricted_region_suite_v1/regions/20260816T231425Z_U9region_core_W15_S8_np1_v1p0p1/W15/HL/M1/adaptive/W15_HL_M1_A07_S0	/eos/user/c/cglenn/FCCWork/whizard/whizard_ttbar_spinpol/production/full6f_365gev_ee_ttbar_spinpol_v1/phase11_diagnostics/excess_weight_rootcause_v1/ttbar_restricted_region_suite_v1/regions/20260816T231425Z_U9region_core_W15_S8_np1_v1p0p1/adaptive/W15_HL_M1_A07_S0	runtime_flat_fallback	PASS	PASS	0	20733e0e17025d2c73f73a666c5b62f92c105ca98114231020130b77f5730d5d	13bc346da73c60c9e7c91f7141cf72f370defe5cd44f7689fbf33dffb592e2d2		0	1		/eos/user/c/cglenn/FCCWork/whizard/whizard_ttbar_spinpol/production/full6f_365gev_ee_ttbar_spinpol_v1/phase11_diagnostics/excess_weight_rootcause_v1/ttbar_restricted_region_suite_v1/regions/20260816T231425Z_U9region_core_W15_S8_np1_v1p0p1/adaptive/W15_HL_M1_A07_S0/console.log	1
C_W15_HL_M1_A07_S0_F0	fixed	W15_HL_M1_A07_S0_F0	W15_HL_M1_A07_S0	A07	F0	S0	1740114216	648318690	"10:100000:""gw"""	"3:200000:"""""	M1	HL	W15	NR	15.0	/eos/user/c/cglenn/FCCWork/whizard/whizard_ttbar_spinpol/production/full6f_365gev_ee_ttbar_spinpol_v1/phase11_diagnostics/excess_weight_rootcause_v1/ttbar_restricted_region_suite_v1/regions/20260816T231425Z_U9region_core_W15_S8_np1_v1p0p1/W15/HL/M1/fixed/W15_HL_M1_A07_S0/F0	/eos/user/c/cglenn/FCCWork/whizard/whizard_ttbar_spinpol/production/full6f_365gev_ee_ttbar_spinpol_v1/phase11_diagnostics/excess_weight_rootcause_v1/ttbar_restricted_region_suite_v1/regions/20260816T231425Z_U9region_core_W15_S8_np1_v1p0p1/W15/HL/M1/fixed/W15_HL_M1_A07_S0/F0	/eos/user/c/cglenn/FCCWork/whizard/whizard_ttbar_spinpol/production/full6f_365gev_ee_ttbar_spinpol_v1/phase11_diagnostics/excess_weight_rootcause_v1/ttbar_restricted_region_suite_v1/regions/20260816T231425Z_U9region_core_W15_S8_np1_v1p0p1/fixed/W15_HL_M1_A07_S0/F0	runtime_flat_fallback	PASS	PASS	0	20733e0e17025d2c73f73a666c5b62f92c105ca98114231020130b77f5730d5d	06cb6443988ed1b32e8472332258d7ce25be6ffbcfd03aabf4f21bbe253b58f2	13bc346da73c60c9e7c91f7141cf72f370defe5cd44f7689fbf33dffb592e2d2	1	0	1	/eos/user/c/cglenn/FCCWork/whizard/whizard_ttbar_spinpol/production/full6f_365gev_ee_ttbar_spinpol_v1/phase11_diagnostics/excess_weight_rootcause_v1/ttbar_restricted_region_suite_v1/regions/20260816T231425Z_U9region_core_W15_S8_np1_v1p0p1/fixed/W15_HL_M1_A07_S0/F0/console.log	1
P_W15_HL_M1_A07_S1	adaptive	W15_HL_M1_A07_S1		A07		S1	1751949026	1404282457	"10:100000:""gw"""		M1	HL	W15	NR	15.0	/eos/user/c/cglenn/FCCWork/whizard/whizard_ttbar_spinpol/production/full6f_365gev_ee_ttbar_spinpol_v1/phase11_diagnostics/excess_weight_rootcause_v1/ttbar_restricted_region_suite_v1/regions/20260816T231425Z_U9region_core_W15_S8_np1_v1p0p1/W15/HL/M1/adaptive/W15_HL_M1_A07_S1	/eos/user/c/cglenn/FCCWork/whizard/whizard_ttbar_spinpol/production/full6f_365gev_ee_ttbar_spinpol_v1/phase11_diagnostics/excess_weight_rootcause_v1/ttbar_restricted_region_suite_v1/regions/20260816T231425Z_U9region_core_W15_S8_np1_v1p0p1/W15/HL/M1/adaptive/W15_HL_M1_A07_S1	/eos/user/c/cglenn/FCCWork/whizard/whizard_ttbar_spinpol/production/full6f_365gev_ee_ttbar_spinpol_v1/phase11_diagnostics/excess_weight_rootcause_v1/ttbar_restricted_region_suite_v1/regions/20260816T231425Z_U9region_core_W15_S8_np1_v1p0p1/adaptive/W15_HL_M1_A07_S1	runtime_flat_fallback	PASS	PASS	0	20733e0e17025d2c73f73a666c5b62f92c105ca98114231020130b77f5730d5d	a04ab09c52340c7b4cc072500cd3c363829dae58607ebe8507633e95649382b4		0	1		/eos/user/c/cglenn/FCCWork/whizard/whizard_ttbar_spinpol/production/full6f_365gev_ee_ttbar_spinpol_v1/phase11_diagnostics/excess_weight_rootcause_v1/ttbar_restricted_region_suite_v1/regions/20260816T231425Z_U9region_core_W15_S8_np1_v1p0p1/adaptive/W15_HL_M1_A07_S1/console.log	1
C_W15_HL_M1_A07_S1_F0	fixed	W15_HL_M1_A07_S1_F0	W15_HL_M1_A07_S1	A07	F0	S1	1751949026	1404282457	"10:100000:""gw"""	"3:200000:"""""	M1	HL	W15	NR	15.0	/eos/user/c/cglenn/FCCWork/whizard/whizard_ttbar_spinpol/production/full6f_365gev_ee_ttbar_spinpol_v1/phase11_diagnostics/excess_weight_rootcause_v1/ttbar_restricted_region_suite_v1/regions/20260816T231425Z_U9region_core_W15_S8_np1_v1p0p1/W15/HL/M1/fixed/W15_HL_M1_A07_S1/F0	/eos/user/c/cglenn/FCCWork/whizard/whizard_ttbar_spinpol/production/full6f_365gev_ee_ttbar_spinpol_v1/phase11_diagnostics/excess_weight_rootcause_v1/ttbar_restricted_region_suite_v1/regions/20260816T231425Z_U9region_core_W15_S8_np1_v1p0p1/W15/HL/M1/fixed/W15_HL_M1_A07_S1/F0	/eos/user/c/cglenn/FCCWork/whizard/whizard_ttbar_spinpol/production/full6f_365gev_ee_ttbar_spinpol_v1/phase11_diagnostics/excess_weight_rootcause_v1/ttbar_restricted_region_suite_v1/regions/20260816T231425Z_U9region_core_W15_S8_np1_v1p0p1/fixed/W15_HL_M1_A07_S1/F0	runtime_flat_fallback	PASS	PASS	0	20733e0e17025d2c73f73a666c5b62f92c105ca98114231020130b77f5730d5d	6938a7d0989976605cee5b9e0ffddb0ca2d0d39de5cf3479d063617f905c4e19	a04ab09c52340c7b4cc072500cd3c363829dae58607ebe8507633e95649382b4	1	0	1	/eos/user/c/cglenn/FCCWork/whizard/whizard_ttbar_spinpol/production/full6f_365gev_ee_ttbar_spinpol_v1/phase11_diagnostics/excess_weight_rootcause_v1/ttbar_restricted_region_suite_v1/regions/20260816T231425Z_U9region_core_W15_S8_np1_v1p0p1/fixed/W15_HL_M1_A07_S1/F0/console.log	1
P_W15_HL_M1_A07_S2	adaptive	W15_HL_M1_A07_S2		A07		S2	1885084773	1596606550	"10:100000:""gw"""		M1	HL	W15	NR	15.0	/eos/user/c/cglenn/FCCWork/whizard/whizard_ttbar_spinpol/production/full6f_365gev_ee_ttbar_spinpol_v1/phase11_diagnostics/excess_weight_rootcause_v1/ttbar_restricted_region_suite_v1/regions/20260816T231425Z_U9region_core_W15_S8_np1_v1p0p1/W15/HL/M1/adaptive/W15_HL_M1_A07_S2	/eos/user/c/cglenn/FCCWork/whizard/whizard_ttbar_spinpol/production/full6f_365gev_ee_ttbar_spinpol_v1/phase11_diagnostics/excess_weight_rootcause_v1/ttbar_restricted_region_suite_v1/regions/20260816T231425Z_U9region_core_W15_S8_np1_v1p0p1/W15/HL/M1/adaptive/W15_HL_M1_A07_S2	/eos/user/c/cglenn/FCCWork/whizard/whizard_ttbar_spinpol/production/full6f_365gev_ee_ttbar_spinpol_v1/phase11_diagnostics/excess_weight_rootcause_v1/ttbar_restricted_region_suite_v1/regions/20260816T231425Z_U9region_core_W15_S8_np1_v1p0p1/adaptive/W15_HL_M1_A07_S2	runtime_flat_fallback	PASS	PASS	0	20733e0e17025d2c73f73a666c5b62f92c105ca98114231020130b77f5730d5d	45b65b5f35e1ad1829dc3a733ff58c8adb652f2f02740e89d2e82be4469d2b09		0	1		/eos/user/c/cglenn/FCCWork/whizard/whizard_ttbar_spinpol/production/full6f_365gev_ee_ttbar_spinpol_v1/phase11_diagnostics/excess_weight_rootcause_v1/ttbar_restricted_region_suite_v1/regions/20260816T231425Z_U9region_core_W15_S8_np1_v1p0p1/adaptive/W15_HL_M1_A07_S2/console.log	1
C_W15_HL_M1_A07_S2_F0	fixed	W15_HL_M1_A07_S2_F0	W15_HL_M1_A07_S2	A07	F0	S2	1885084773	1596606550	"10:100000:""gw"""	"3:200000:"""""	M1	HL	W15	NR	15.0	/eos/user/c/cglenn/FCCWork/whizard/whizard_ttbar_spinpol/production/full6f_365gev_ee_ttbar_spinpol_v1/phase11_diagnostics/excess_weight_rootcause_v1/ttbar_restricted_region_suite_v1/regions/20260816T231425Z_U9region_core_W15_S8_np1_v1p0p1/W15/HL/M1/fixed/W15_HL_M1_A07_S2/F0	/eos/user/c/cglenn/FCCWork/whizard/whizard_ttbar_spinpol/production/full6f_365gev_ee_ttbar_spinpol_v1/phase11_diagnostics/excess_weight_rootcause_v1/ttbar_restricted_region_suite_v1/regions/20260816T231425Z_U9region_core_W15_S8_np1_v1p0p1/W15/HL/M1/fixed/W15_HL_M1_A07_S2/F0	/eos/user/c/cglenn/FCCWork/whizard/whizard_ttbar_spinpol/production/full6f_365gev_ee_ttbar_spinpol_v1/phase11_diagnostics/excess_weight_rootcause_v1/ttbar_restricted_region_suite_v1/regions/20260816T231425Z_U9region_core_W15_S8_np1_v1p0p1/fixed/W15_HL_M1_A07_S2/F0	runtime_flat_fallback	PASS	PASS	0	20733e0e17025d2c73f73a666c5b62f92c105ca98114231020130b77f5730d5d	2565f9e5a43f9e000afd6f2bab54401ac676c7646e457789caf973a5bbba08e4	45b65b5f35e1ad1829dc3a733ff58c8adb652f2f02740e89d2e82be4469d2b09	1	0	1	/eos/user/c/cglenn/FCCWork/whizard/whizard_ttbar_spinpol/production/full6f_365gev_ee_ttbar_spinpol_v1/phase11_diagnostics/excess_weight_rootcause_v1/ttbar_restricted_region_suite_v1/regions/20260816T231425Z_U9region_core_W15_S8_np1_v1p0p1/fixed/W15_HL_M1_A07_S2/F0/console.log	1
P_W15_HL_M1_A07_S3	adaptive	W15_HL_M1_A07_S3		A07		S3	134326786	769890491	"10:100000:""gw"""		M1	HL	W15	NR	15.0	/eos/user/c/cglenn/FCCWork/whizard/whizard_ttbar_spinpol/production/full6f_365gev_ee_ttbar_spinpol_v1/phase11_diagnostics/excess_weight_rootcause_v1/ttbar_restricted_region_suite_v1/regions/20260816T231425Z_U9region_core_W15_S8_np1_v1p0p1/W15/HL/M1/adaptive/W15_HL_M1_A07_S3	/eos/user/c/cglenn/FCCWork/whizard/whizard_ttbar_spinpol/production/full6f_365gev_ee_ttbar_spinpol_v1/phase11_diagnostics/excess_weight_rootcause_v1/ttbar_restricted_region_suite_v1/regions/20260816T231425Z_U9region_core_W15_S8_np1_v1p0p1/W15/HL/M1/adaptive/W15_HL_M1_A07_S3	/eos/user/c/cglenn/FCCWork/whizard/whizard_ttbar_spinpol/production/full6f_365gev_ee_ttbar_spinpol_v1/phase11_diagnostics/excess_weight_rootcause_v1/ttbar_restricted_region_suite_v1/regions/20260816T231425Z_U9region_core_W15_S8_np1_v1p0p1/adaptive/W15_HL_M1_A07_S3	runtime_flat_fallback	PASS	PASS	0	20733e0e17025d2c73f73a666c5b62f92c105ca98114231020130b77f5730d5d	8ac22af6d2839033b9479dbc4c1d527389331ffa384955279078172ff7a80a75		0	1		/eos/user/c/cglenn/FCCWork/whizard/whizard_ttbar_spinpol/production/full6f_365gev_ee_ttbar_spinpol_v1/phase11_diagnostics/excess_weight_rootcause_v1/ttbar_restricted_region_suite_v1/regions/20260816T231425Z_U9region_core_W15_S8_np1_v1p0p1/adaptive/W15_HL_M1_A07_S3/console.log	1
C_W15_HL_M1_A07_S3_F0	fixed	W15_HL_M1_A07_S3_F0	W15_HL_M1_A07_S3	A07	F0	S3	134326786	769890491	"10:100000:""gw"""	"3:200000:"""""	M1	HL	W15	NR	15.0	/eos/user/c/cglenn/FCCWork/whizard/whizard_ttbar_spinpol/production/full6f_365gev_ee_ttbar_spinpol_v1/phase11_diagnostics/excess_weight_rootcause_v1/ttbar_restricted_region_suite_v1/regions/20260816T231425Z_U9region_core_W15_S8_np1_v1p0p1/W15/HL/M1/fixed/W15_HL_M1_A07_S3/F0	/eos/user/c/cglenn/FCCWork/whizard/whizard_ttbar_spinpol/production/full6f_365gev_ee_ttbar_spinpol_v1/phase11_diagnostics/excess_weight_rootcause_v1/ttbar_restricted_region_suite_v1/regions/20260816T231425Z_U9region_core_W15_S8_np1_v1p0p1/W15/HL/M1/fixed/W15_HL_M1_A07_S3/F0	/eos/user/c/cglenn/FCCWork/whizard/whizard_ttbar_spinpol/production/full6f_365gev_ee_ttbar_spinpol_v1/phase11_diagnostics/excess_weight_rootcause_v1/ttbar_restricted_region_suite_v1/regions/20260816T231425Z_U9region_core_W15_S8_np1_v1p0p1/fixed/W15_HL_M1_A07_S3/F0	runtime_flat_fallback	PASS	PASS	0	20733e0e17025d2c73f73a666c5b62f92c105ca98114231020130b77f5730d5d	647e9b8529975879a67f02b2045af126d9dfda2c01fb4d0503c21c51df7cb6b2	8ac22af6d2839033b9479dbc4c1d527389331ffa384955279078172ff7a80a75	1	0	1	/eos/user/c/cglenn/FCCWork/whizard/whizard_ttbar_spinpol/production/full6f_365gev_ee_ttbar_spinpol_v1/phase11_diagnostics/excess_weight_rootcause_v1/ttbar_restricted_region_suite_v1/regions/20260816T231425Z_U9region_core_W15_S8_np1_v1p0p1/fixed/W15_HL_M1_A07_S3/F0/console.log	1
P_W15_HL_M1_A07_S4	adaptive	W15_HL_M1_A07_S4		A07		S4	249371675	462903030	"10:100000:""gw"""		M1	HL	W15	NR	15.0	/eos/user/c/cglenn/FCCWork/whizard/whizard_ttbar_spinpol/production/full6f_365gev_ee_ttbar_spinpol_v1/phase11_diagnostics/excess_weight_rootcause_v1/ttbar_restricted_region_suite_v1/regions/20260816T231425Z_U9region_core_W15_S8_np1_v1p0p1/W15/HL/M1/adaptive/W15_HL_M1_A07_S4	/eos/user/c/cglenn/FCCWork/whizard/whizard_ttbar_spinpol/production/full6f_365gev_ee_ttbar_spinpol_v1/phase11_diagnostics/excess_weight_rootcause_v1/ttbar_restricted_region_suite_v1/regions/20260816T231425Z_U9region_core_W15_S8_np1_v1p0p1/W15/HL/M1/adaptive/W15_HL_M1_A07_S4	/eos/user/c/cglenn/FCCWork/whizard/whizard_ttbar_spinpol/production/full6f_365gev_ee_ttbar_spinpol_v1/phase11_diagnostics/excess_weight_rootcause_v1/ttbar_restricted_region_suite_v1/regions/20260816T231425Z_U9region_core_W15_S8_np1_v1p0p1/adaptive/W15_HL_M1_A07_S4	runtime_flat_fallback	PASS	PASS	0	20733e0e17025d2c73f73a666c5b62f92c105ca98114231020130b77f5730d5d	de0c19182e2055daec061366db4ff153de4b70895facb6b3f24b944a90ba17b7		0	1		/eos/user/c/cglenn/FCCWork/whizard/whizard_ttbar_spinpol/production/full6f_365gev_ee_ttbar_spinpol_v1/phase11_diagnostics/excess_weight_rootcause_v1/ttbar_restricted_region_suite_v1/regions/20260816T231425Z_U9region_core_W15_S8_np1_v1p0p1/adaptive/W15_HL_M1_A07_S4/console.log	1
C_W15_HL_M1_A07_S4_F0	fixed	W15_HL_M1_A07_S4_F0	W15_HL_M1_A07_S4	A07	F0	S4	249371675	462903030	"10:100000:""gw"""	"3:200000:"""""	M1	HL	W15	NR	15.0	/eos/user/c/cglenn/FCCWork/whizard/whizard_ttbar_spinpol/production/full6f_365gev_ee_ttbar_spinpol_v1/phase11_diagnostics/excess_weight_rootcause_v1/ttbar_restricted_region_suite_v1/regions/20260816T231425Z_U9region_core_W15_S8_np1_v1p0p1/W15/HL/M1/fixed/W15_HL_M1_A07_S4/F0	/eos/user/c/cglenn/FCCWork/whizard/whizard_ttbar_spinpol/production/full6f_365gev_ee_ttbar_spinpol_v1/phase11_diagnostics/excess_weight_rootcause_v1/ttbar_restricted_region_suite_v1/regions/20260816T231425Z_U9region_core_W15_S8_np1_v1p0p1/W15/HL/M1/fixed/W15_HL_M1_A07_S4/F0	/eos/user/c/cglenn/FCCWork/whizard/whizard_ttbar_spinpol/production/full6f_365gev_ee_ttbar_spinpol_v1/phase11_diagnostics/excess_weight_rootcause_v1/ttbar_restricted_region_suite_v1/regions/20260816T231425Z_U9region_core_W15_S8_np1_v1p0p1/fixed/W15_HL_M1_A07_S4/F0	runtime_flat_fallback	PASS	PASS	0	20733e0e17025d2c73f73a666c5b62f92c105ca98114231020130b77f5730d5d	b893bd301b77bf841cb195b6f9fd2664520fa460d8b5aa4fb565a4fd00cb9f48	de0c19182e2055daec061366db4ff153de4b70895facb6b3f24b944a90ba17b7	1	0	1	/eos/user/c/cglenn/FCCWork/whizard/whizard_ttbar_spinpol/production/full6f_365gev_ee_ttbar_spinpol_v1/phase11_diagnostics/excess_weight_rootcause_v1/ttbar_restricted_region_suite_v1/regions/20260816T231425Z_U9region_core_W15_S8_np1_v1p0p1/fixed/W15_HL_M1_A07_S4/F0/console.log	1
P_W15_HL_M1_A07_S5	adaptive	W15_HL_M1_A07_S5		A07		S5	531087687	197846737	"10:100000:""gw"""		M1	HL	W15	NR	15.0	/eos/user/c/cglenn/FCCWork/whizard/whizard_ttbar_spinpol/production/full6f_365gev_ee_ttbar_spinpol_v1/phase11_diagnostics/excess_weight_rootcause_v1/ttbar_restricted_region_suite_v1/regions/20260816T231425Z_U9region_core_W15_S8_np1_v1p0p1/W15/HL/M1/adaptive/W15_HL_M1_A07_S5	/eos/user/c/cglenn/FCCWork/whizard/whizard_ttbar_spinpol/production/full6f_365gev_ee_ttbar_spinpol_v1/phase11_diagnostics/excess_weight_rootcause_v1/ttbar_restricted_region_suite_v1/regions/20260816T231425Z_U9region_core_W15_S8_np1_v1p0p1/W15/HL/M1/adaptive/W15_HL_M1_A07_S5	/eos/user/c/cglenn/FCCWork/whizard/whizard_ttbar_spinpol/production/full6f_365gev_ee_ttbar_spinpol_v1/phase11_diagnostics/excess_weight_rootcause_v1/ttbar_restricted_region_suite_v1/regions/20260816T231425Z_U9region_core_W15_S8_np1_v1p0p1/adaptive/W15_HL_M1_A07_S5	runtime_flat_fallback	PASS	PASS	0	20733e0e17025d2c73f73a666c5b62f92c105ca98114231020130b77f5730d5d	129c139933173c3205c93fbbf4d0b4a74c85ac263e63a34e51586853866a0bfd		0	1		/eos/user/c/cglenn/FCCWork/whizard/whizard_ttbar_spinpol/production/full6f_365gev_ee_ttbar_spinpol_v1/phase11_diagnostics/excess_weight_rootcause_v1/ttbar_restricted_region_suite_v1/regions/20260816T231425Z_U9region_core_W15_S8_np1_v1p0p1/adaptive/W15_HL_M1_A07_S5/console.log	1
C_W15_HL_M1_A07_S5_F0	fixed	W15_HL_M1_A07_S5_F0	W15_HL_M1_A07_S5	A07	F0	S5	531087687	197846737	"10:100000:""gw"""	"3:200000:"""""	M1	HL	W15	NR	15.0	/eos/user/c/cglenn/FCCWork/whizard/whizard_ttbar_spinpol/production/full6f_365gev_ee_ttbar_spinpol_v1/phase11_diagnostics/excess_weight_rootcause_v1/ttbar_restricted_region_suite_v1/regions/20260816T231425Z_U9region_core_W15_S8_np1_v1p0p1/W15/HL/M1/fixed/W15_HL_M1_A07_S5/F0	/eos/user/c/cglenn/FCCWork/whizard/whizard_ttbar_spinpol/production/full6f_365gev_ee_ttbar_spinpol_v1/phase11_diagnostics/excess_weight_rootcause_v1/ttbar_restricted_region_suite_v1/regions/20260816T231425Z_U9region_core_W15_S8_np1_v1p0p1/W15/HL/M1/fixed/W15_HL_M1_A07_S5/F0	/eos/user/c/cglenn/FCCWork/whizard/whizard_ttbar_spinpol/production/full6f_365gev_ee_ttbar_spinpol_v1/phase11_diagnostics/excess_weight_rootcause_v1/ttbar_restricted_region_suite_v1/regions/20260816T231425Z_U9region_core_W15_S8_np1_v1p0p1/fixed/W15_HL_M1_A07_S5/F0	runtime_flat_fallback	PASS	PASS	0	20733e0e17025d2c73f73a666c5b62f92c105ca98114231020130b77f5730d5d	488f8130708cba9f853eaba5ced97dab89108b7115776b6aa637afe129e3e2b4	129c139933173c3205c93fbbf4d0b4a74c85ac263e63a34e51586853866a0bfd	1	0	1	/eos/user/c/cglenn/FCCWork/whizard/whizard_ttbar_spinpol/production/full6f_365gev_ee_ttbar_spinpol_v1/phase11_diagnostics/excess_weight_rootcause_v1/ttbar_restricted_region_suite_v1/regions/20260816T231425Z_U9region_core_W15_S8_np1_v1p0p1/fixed/W15_HL_M1_A07_S5/F0/console.log	1
P_W15_HL_M1_A07_S6	adaptive	W15_HL_M1_A07_S6		A07		S6	519963689	958460417	"10:100000:""gw"""		M1	HL	W15	NR	15.0	/eos/user/c/cglenn/FCCWork/whizard/whizard_ttbar_spinpol/production/full6f_365gev_ee_ttbar_spinpol_v1/phase11_diagnostics/excess_weight_rootcause_v1/ttbar_restricted_region_suite_v1/regions/20260816T231425Z_U9region_core_W15_S8_np1_v1p0p1/W15/HL/M1/adaptive/W15_HL_M1_A07_S6	/eos/user/c/cglenn/FCCWork/whizard/whizard_ttbar_spinpol/production/full6f_365gev_ee_ttbar_spinpol_v1/phase11_diagnostics/excess_weight_rootcause_v1/ttbar_restricted_region_suite_v1/regions/20260816T231425Z_U9region_core_W15_S8_np1_v1p0p1/W15/HL/M1/adaptive/W15_HL_M1_A07_S6	/eos/user/c/cglenn/FCCWork/whizard/whizard_ttbar_spinpol/production/full6f_365gev_ee_ttbar_spinpol_v1/phase11_diagnostics/excess_weight_rootcause_v1/ttbar_restricted_region_suite_v1/regions/20260816T231425Z_U9region_core_W15_S8_np1_v1p0p1/adaptive/W15_HL_M1_A07_S6	runtime_flat_fallback	PASS	PASS	0	20733e0e17025d2c73f73a666c5b62f92c105ca98114231020130b77f5730d5d	f746ad220c219a3f7838b492dbf440acc3079a727676e1ae34af5b5fba9b7eba		0	1		/eos/user/c/cglenn/FCCWork/whizard/whizard_ttbar_spinpol/production/full6f_365gev_ee_ttbar_spinpol_v1/phase11_diagnostics/excess_weight_rootcause_v1/ttbar_restricted_region_suite_v1/regions/20260816T231425Z_U9region_core_W15_S8_np1_v1p0p1/adaptive/W15_HL_M1_A07_S6/console.log	1
C_W15_HL_M1_A07_S6_F0	fixed	W15_HL_M1_A07_S6_F0	W15_HL_M1_A07_S6	A07	F0	S6	519963689	958460417	"10:100000:""gw"""	"3:200000:"""""	M1	HL	W15	NR	15.0	/eos/user/c/cglenn/FCCWork/whizard/whizard_ttbar_spinpol/production/full6f_365gev_ee_ttbar_spinpol_v1/phase11_diagnostics/excess_weight_rootcause_v1/ttbar_restricted_region_suite_v1/regions/20260816T231425Z_U9region_core_W15_S8_np1_v1p0p1/W15/HL/M1/fixed/W15_HL_M1_A07_S6/F0	/eos/user/c/cglenn/FCCWork/whizard/whizard_ttbar_spinpol/production/full6f_365gev_ee_ttbar_spinpol_v1/phase11_diagnostics/excess_weight_rootcause_v1/ttbar_restricted_region_suite_v1/regions/20260816T231425Z_U9region_core_W15_S8_np1_v1p0p1/W15/HL/M1/fixed/W15_HL_M1_A07_S6/F0	/eos/user/c/cglenn/FCCWork/whizard/whizard_ttbar_spinpol/production/full6f_365gev_ee_ttbar_spinpol_v1/phase11_diagnostics/excess_weight_rootcause_v1/ttbar_restricted_region_suite_v1/regions/20260816T231425Z_U9region_core_W15_S8_np1_v1p0p1/fixed/W15_HL_M1_A07_S6/F0	runtime_flat_fallback	PASS	PASS	0	20733e0e17025d2c73f73a666c5b62f92c105ca98114231020130b77f5730d5d	7b40ace090a190d801ca59aaed8a4313a7da2638b71372b64f0b7af2d03003ae	f746ad220c219a3f7838b492dbf440acc3079a727676e1ae34af5b5fba9b7eba	1	0	1	/eos/user/c/cglenn/FCCWork/whizard/whizard_ttbar_spinpol/production/full6f_365gev_ee_ttbar_spinpol_v1/phase11_diagnostics/excess_weight_rootcause_v1/ttbar_restricted_region_suite_v1/regions/20260816T231425Z_U9region_core_W15_S8_np1_v1p0p1/fixed/W15_HL_M1_A07_S6/F0/console.log	1
P_W15_HL_M1_A07_S7	adaptive	W15_HL_M1_A07_S7		A07		S7	1552803368	239117595	"10:100000:""gw"""		M1	HL	W15	NR	15.0	/eos/user/c/cglenn/FCCWork/whizard/whizard_ttbar_spinpol/production/full6f_365gev_ee_ttbar_spinpol_v1/phase11_diagnostics/excess_weight_rootcause_v1/ttbar_restricted_region_suite_v1/regions/20260816T231425Z_U9region_core_W15_S8_np1_v1p0p1/W15/HL/M1/adaptive/W15_HL_M1_A07_S7	/eos/user/c/cglenn/FCCWork/whizard/whizard_ttbar_spinpol/production/full6f_365gev_ee_ttbar_spinpol_v1/phase11_diagnostics/excess_weight_rootcause_v1/ttbar_restricted_region_suite_v1/regions/20260816T231425Z_U9region_core_W15_S8_np1_v1p0p1/W15/HL/M1/adaptive/W15_HL_M1_A07_S7	/eos/user/c/cglenn/FCCWork/whizard/whizard_ttbar_spinpol/production/full6f_365gev_ee_ttbar_spinpol_v1/phase11_diagnostics/excess_weight_rootcause_v1/ttbar_restricted_region_suite_v1/regions/20260816T231425Z_U9region_core_W15_S8_np1_v1p0p1/adaptive/W15_HL_M1_A07_S7	runtime_flat_fallback	PASS	PASS	0	20733e0e17025d2c73f73a666c5b62f92c105ca98114231020130b77f5730d5d	6d87f61da355b67843dec70a475da9c626d2e7808b4b4b4a25f2b4be316881f5		0	1		/eos/user/c/cglenn/FCCWork/whizard/whizard_ttbar_spinpol/production/full6f_365gev_ee_ttbar_spinpol_v1/phase11_diagnostics/excess_weight_rootcause_v1/ttbar_restricted_region_suite_v1/regions/20260816T231425Z_U9region_core_W15_S8_np1_v1p0p1/adaptive/W15_HL_M1_A07_S7/console.log	1
C_W15_HL_M1_A07_S7_F0	fixed	W15_HL_M1_A07_S7_F0	W15_HL_M1_A07_S7	A07	F0	S7	1552803368	239117595	"10:100000:""gw"""	"3:200000:"""""	M1	HL	W15	NR	15.0	/eos/user/c/cglenn/FCCWork/whizard/whizard_ttbar_spinpol/production/full6f_365gev_ee_ttbar_spinpol_v1/phase11_diagnostics/excess_weight_rootcause_v1/ttbar_restricted_region_suite_v1/regions/20260816T231425Z_U9region_core_W15_S8_np1_v1p0p1/W15/HL/M1/fixed/W15_HL_M1_A07_S7/F0	/eos/user/c/cglenn/FCCWork/whizard/whizard_ttbar_spinpol/production/full6f_365gev_ee_ttbar_spinpol_v1/phase11_diagnostics/excess_weight_rootcause_v1/ttbar_restricted_region_suite_v1/regions/20260816T231425Z_U9region_core_W15_S8_np1_v1p0p1/W15/HL/M1/fixed/W15_HL_M1_A07_S7/F0	/eos/user/c/cglenn/FCCWork/whizard/whizard_ttbar_spinpol/production/full6f_365gev_ee_ttbar_spinpol_v1/phase11_diagnostics/excess_weight_rootcause_v1/ttbar_restricted_region_suite_v1/regions/20260816T231425Z_U9region_core_W15_S8_np1_v1p0p1/fixed/W15_HL_M1_A07_S7/F0	runtime_flat_fallback	PASS	PASS	0	20733e0e17025d2c73f73a666c5b62f92c105ca98114231020130b77f5730d5d	6f73cc03beddd62cc21b7ebbc8a17ae2ff615420ca06c85b437ee66818bb541d	6d87f61da355b67843dec70a475da9c626d2e7808b4b4b4a25f2b4be316881f5	1	0	1	/eos/user/c/cglenn/FCCWork/whizard/whizard_ttbar_spinpol/production/full6f_365gev_ee_ttbar_spinpol_v1/phase11_diagnostics/excess_weight_rootcause_v1/ttbar_restricted_region_suite_v1/regions/20260816T231425Z_U9region_core_W15_S8_np1_v1p0p1/fixed/W15_HL_M1_A07_S7/F0/console.log	1
P_W15_HL_M2_A10_S0	adaptive	W15_HL_M2_A10_S0		A10		S0	1740114216	648318690	"1:1000000:""gw"""		M2	HL	W15	NR	15.0	/eos/user/c/cglenn/FCCWork/whizard/whizard_ttbar_spinpol/production/full6f_365gev_ee_ttbar_spinpol_v1/phase11_diagnostics/excess_weight_rootcause_v1/ttbar_restricted_region_suite_v1/regions/20260816T231425Z_U9region_core_W15_S8_np1_v1p0p1/W15/HL/M2/adaptive/W15_HL_M2_A10_S0	/eos/user/c/cglenn/FCCWork/whizard/whizard_ttbar_spinpol/production/full6f_365gev_ee_ttbar_spinpol_v1/phase11_diagnostics/excess_weight_rootcause_v1/ttbar_restricted_region_suite_v1/regions/20260816T231425Z_U9region_core_W15_S8_np1_v1p0p1/W15/HL/M2/adaptive/W15_HL_M2_A10_S0	/eos/user/c/cglenn/FCCWork/whizard/whizard_ttbar_spinpol/production/full6f_365gev_ee_ttbar_spinpol_v1/phase11_diagnostics/excess_weight_rootcause_v1/ttbar_restricted_region_suite_v1/regions/20260816T231425Z_U9region_core_W15_S8_np1_v1p0p1/adaptive/W15_HL_M2_A10_S0	runtime_flat_fallback	PASS	PASS	0	20733e0e17025d2c73f73a666c5b62f92c105ca98114231020130b77f5730d5d	86016c2384ce2b75bf27c082c33919f66d24dd02e3166f686274e89399a72898		0	1		/eos/user/c/cglenn/FCCWork/whizard/whizard_ttbar_spinpol/production/full6f_365gev_ee_ttbar_spinpol_v1/phase11_diagnostics/excess_weight_rootcause_v1/ttbar_restricted_region_suite_v1/regions/20260816T231425Z_U9region_core_W15_S8_np1_v1p0p1/adaptive/W15_HL_M2_A10_S0/console.log	1
C_W15_HL_M2_A10_S0_F2	fixed	W15_HL_M2_A10_S0_F2	W15_HL_M2_A10_S0	A10	F2	S0	1740114216	648318690	"1:1000000:""gw"""	"1:2000000:"""""	M2	HL	W15	NR	15.0	/eos/user/c/cglenn/FCCWork/whizard/whizard_ttbar_spinpol/production/full6f_365gev_ee_ttbar_spinpol_v1/phase11_diagnostics/excess_weight_rootcause_v1/ttbar_restricted_region_suite_v1/regions/20260816T231425Z_U9region_core_W15_S8_np1_v1p0p1/W15/HL/M2/fixed/W15_HL_M2_A10_S0/F2	/eos/user/c/cglenn/FCCWork/whizard/whizard_ttbar_spinpol/production/full6f_365gev_ee_ttbar_spinpol_v1/phase11_diagnostics/excess_weight_rootcause_v1/ttbar_restricted_region_suite_v1/regions/20260816T231425Z_U9region_core_W15_S8_np1_v1p0p1/W15/HL/M2/fixed/W15_HL_M2_A10_S0/F2	/eos/user/c/cglenn/FCCWork/whizard/whizard_ttbar_spinpol/production/full6f_365gev_ee_ttbar_spinpol_v1/phase11_diagnostics/excess_weight_rootcause_v1/ttbar_restricted_region_suite_v1/regions/20260816T231425Z_U9region_core_W15_S8_np1_v1p0p1/fixed/W15_HL_M2_A10_S0/F2	runtime_flat_fallback	PASS	PASS	0	20733e0e17025d2c73f73a666c5b62f92c105ca98114231020130b77f5730d5d	4e7f2037aaebd4511084b1d27d7c4b5e0474166810c9134921c8721cb9cdc42e	86016c2384ce2b75bf27c082c33919f66d24dd02e3166f686274e89399a72898	1	0	1	/eos/user/c/cglenn/FCCWork/whizard/whizard_ttbar_spinpol/production/full6f_365gev_ee_ttbar_spinpol_v1/phase11_diagnostics/excess_weight_rootcause_v1/ttbar_restricted_region_suite_v1/regions/20260816T231425Z_U9region_core_W15_S8_np1_v1p0p1/fixed/W15_HL_M2_A10_S0/F2/console.log	1
P_W15_HL_M2_A10_S1	adaptive	W15_HL_M2_A10_S1		A10		S1	1751949026	1404282457	"1:1000000:""gw"""		M2	HL	W15	NR	15.0	/eos/user/c/cglenn/FCCWork/whizard/whizard_ttbar_spinpol/production/full6f_365gev_ee_ttbar_spinpol_v1/phase11_diagnostics/excess_weight_rootcause_v1/ttbar_restricted_region_suite_v1/regions/20260816T231425Z_U9region_core_W15_S8_np1_v1p0p1/W15/HL/M2/adaptive/W15_HL_M2_A10_S1	/eos/user/c/cglenn/FCCWork/whizard/whizard_ttbar_spinpol/production/full6f_365gev_ee_ttbar_spinpol_v1/phase11_diagnostics/excess_weight_rootcause_v1/ttbar_restricted_region_suite_v1/regions/20260816T231425Z_U9region_core_W15_S8_np1_v1p0p1/W15/HL/M2/adaptive/W15_HL_M2_A10_S1	/eos/user/c/cglenn/FCCWork/whizard/whizard_ttbar_spinpol/production/full6f_365gev_ee_ttbar_spinpol_v1/phase11_diagnostics/excess_weight_rootcause_v1/ttbar_restricted_region_suite_v1/regions/20260816T231425Z_U9region_core_W15_S8_np1_v1p0p1/adaptive/W15_HL_M2_A10_S1	runtime_flat_fallback	PASS	PASS	0	20733e0e17025d2c73f73a666c5b62f92c105ca98114231020130b77f5730d5d	ea554c577255879c06efedaa85f967e38589daa1314dea0fbc5037ae82ce7974		0	1		/eos/user/c/cglenn/FCCWork/whizard/whizard_ttbar_spinpol/production/full6f_365gev_ee_ttbar_spinpol_v1/phase11_diagnostics/excess_weight_rootcause_v1/ttbar_restricted_region_suite_v1/regions/20260816T231425Z_U9region_core_W15_S8_np1_v1p0p1/adaptive/W15_HL_M2_A10_S1/console.log	1
C_W15_HL_M2_A10_S1_F2	fixed	W15_HL_M2_A10_S1_F2	W15_HL_M2_A10_S1	A10	F2	S1	1751949026	1404282457	"1:1000000:""gw"""	"1:2000000:"""""	M2	HL	W15	NR	15.0	/eos/user/c/cglenn/FCCWork/whizard/whizard_ttbar_spinpol/production/full6f_365gev_ee_ttbar_spinpol_v1/phase11_diagnostics/excess_weight_rootcause_v1/ttbar_restricted_region_suite_v1/regions/20260816T231425Z_U9region_core_W15_S8_np1_v1p0p1/W15/HL/M2/fixed/W15_HL_M2_A10_S1/F2	/eos/user/c/cglenn/FCCWork/whizard/whizard_ttbar_spinpol/production/full6f_365gev_ee_ttbar_spinpol_v1/phase11_diagnostics/excess_weight_rootcause_v1/ttbar_restricted_region_suite_v1/regions/20260816T231425Z_U9region_core_W15_S8_np1_v1p0p1/W15/HL/M2/fixed/W15_HL_M2_A10_S1/F2	/eos/user/c/cglenn/FCCWork/whizard/whizard_ttbar_spinpol/production/full6f_365gev_ee_ttbar_spinpol_v1/phase11_diagnostics/excess_weight_rootcause_v1/ttbar_restricted_region_suite_v1/regions/20260816T231425Z_U9region_core_W15_S8_np1_v1p0p1/fixed/W15_HL_M2_A10_S1/F2	runtime_flat_fallback	PASS	PASS	0	20733e0e17025d2c73f73a666c5b62f92c105ca98114231020130b77f5730d5d	6ff281fe014628985eedece6200a937f0cdc06c3218ba9b836523d5503b64128	ea554c577255879c06efedaa85f967e38589daa1314dea0fbc5037ae82ce7974	1	0	1	/eos/user/c/cglenn/FCCWork/whizard/whizard_ttbar_spinpol/production/full6f_365gev_ee_ttbar_spinpol_v1/phase11_diagnostics/excess_weight_rootcause_v1/ttbar_restricted_region_suite_v1/regions/20260816T231425Z_U9region_core_W15_S8_np1_v1p0p1/fixed/W15_HL_M2_A10_S1/F2/console.log	1
P_W15_HL_M2_A10_S2	adaptive	W15_HL_M2_A10_S2		A10		S2	1885084773	1596606550	"1:1000000:""gw"""		M2	HL	W15	NR	15.0	/eos/user/c/cglenn/FCCWork/whizard/whizard_ttbar_spinpol/production/full6f_365gev_ee_ttbar_spinpol_v1/phase11_diagnostics/excess_weight_rootcause_v1/ttbar_restricted_region_suite_v1/regions/20260816T231425Z_U9region_core_W15_S8_np1_v1p0p1/W15/HL/M2/adaptive/W15_HL_M2_A10_S2	/eos/user/c/cglenn/FCCWork/whizard/whizard_ttbar_spinpol/production/full6f_365gev_ee_ttbar_spinpol_v1/phase11_diagnostics/excess_weight_rootcause_v1/ttbar_restricted_region_suite_v1/regions/20260816T231425Z_U9region_core_W15_S8_np1_v1p0p1/W15/HL/M2/adaptive/W15_HL_M2_A10_S2	/eos/user/c/cglenn/FCCWork/whizard/whizard_ttbar_spinpol/production/full6f_365gev_ee_ttbar_spinpol_v1/phase11_diagnostics/excess_weight_rootcause_v1/ttbar_restricted_region_suite_v1/regions/20260816T231425Z_U9region_core_W15_S8_np1_v1p0p1/adaptive/W15_HL_M2_A10_S2	runtime_flat_fallback	PASS	PASS	0	20733e0e17025d2c73f73a666c5b62f92c105ca98114231020130b77f5730d5d	66fe904317cee779a846315daf8d9c2f931ed3b0afb8d17cd7e6e40d44fce65d		0	1		/eos/user/c/cglenn/FCCWork/whizard/whizard_ttbar_spinpol/production/full6f_365gev_ee_ttbar_spinpol_v1/phase11_diagnostics/excess_weight_rootcause_v1/ttbar_restricted_region_suite_v1/regions/20260816T231425Z_U9region_core_W15_S8_np1_v1p0p1/adaptive/W15_HL_M2_A10_S2/console.log	1
C_W15_HL_M2_A10_S2_F2	fixed	W15_HL_M2_A10_S2_F2	W15_HL_M2_A10_S2	A10	F2	S2	1885084773	1596606550	"1:1000000:""gw"""	"1:2000000:"""""	M2	HL	W15	NR	15.0	/eos/user/c/cglenn/FCCWork/whizard/whizard_ttbar_spinpol/production/full6f_365gev_ee_ttbar_spinpol_v1/phase11_diagnostics/excess_weight_rootcause_v1/ttbar_restricted_region_suite_v1/regions/20260816T231425Z_U9region_core_W15_S8_np1_v1p0p1/W15/HL/M2/fixed/W15_HL_M2_A10_S2/F2	/eos/user/c/cglenn/FCCWork/whizard/whizard_ttbar_spinpol/production/full6f_365gev_ee_ttbar_spinpol_v1/phase11_diagnostics/excess_weight_rootcause_v1/ttbar_restricted_region_suite_v1/regions/20260816T231425Z_U9region_core_W15_S8_np1_v1p0p1/W15/HL/M2/fixed/W15_HL_M2_A10_S2/F2	/eos/user/c/cglenn/FCCWork/whizard/whizard_ttbar_spinpol/production/full6f_365gev_ee_ttbar_spinpol_v1/phase11_diagnostics/excess_weight_rootcause_v1/ttbar_restricted_region_suite_v1/regions/20260816T231425Z_U9region_core_W15_S8_np1_v1p0p1/fixed/W15_HL_M2_A10_S2/F2	runtime_flat_fallback	PASS	PASS	0	20733e0e17025d2c73f73a666c5b62f92c105ca98114231020130b77f5730d5d	744a8df82ece3345ea9301eaf40682e7637df23b62a548dfeef96f39e872c903	66fe904317cee779a846315daf8d9c2f931ed3b0afb8d17cd7e6e40d44fce65d	1	0	1	/eos/user/c/cglenn/FCCWork/whizard/whizard_ttbar_spinpol/production/full6f_365gev_ee_ttbar_spinpol_v1/phase11_diagnostics/excess_weight_rootcause_v1/ttbar_restricted_region_suite_v1/regions/20260816T231425Z_U9region_core_W15_S8_np1_v1p0p1/fixed/W15_HL_M2_A10_S2/F2/console.log	1
P_W15_HL_M2_A10_S3	adaptive	W15_HL_M2_A10_S3		A10		S3	134326786	769890491	"1:1000000:""gw"""		M2	HL	W15	NR	15.0	/eos/user/c/cglenn/FCCWork/whizard/whizard_ttbar_spinpol/production/full6f_365gev_ee_ttbar_spinpol_v1/phase11_diagnostics/excess_weight_rootcause_v1/ttbar_restricted_region_suite_v1/regions/20260816T231425Z_U9region_core_W15_S8_np1_v1p0p1/W15/HL/M2/adaptive/W15_HL_M2_A10_S3	/eos/user/c/cglenn/FCCWork/whizard/whizard_ttbar_spinpol/production/full6f_365gev_ee_ttbar_spinpol_v1/phase11_diagnostics/excess_weight_rootcause_v1/ttbar_restricted_region_suite_v1/regions/20260816T231425Z_U9region_core_W15_S8_np1_v1p0p1/W15/HL/M2/adaptive/W15_HL_M2_A10_S3	/eos/user/c/cglenn/FCCWork/whizard/whizard_ttbar_spinpol/production/full6f_365gev_ee_ttbar_spinpol_v1/phase11_diagnostics/excess_weight_rootcause_v1/ttbar_restricted_region_suite_v1/regions/20260816T231425Z_U9region_core_W15_S8_np1_v1p0p1/adaptive/W15_HL_M2_A10_S3	runtime_flat_fallback	PASS	PASS	0	20733e0e17025d2c73f73a666c5b62f92c105ca98114231020130b77f5730d5d	a65042fb7998bdde84fe6a7b01f8ab83a66540eec2af2214848f706e2680dce5		0	1		/eos/user/c/cglenn/FCCWork/whizard/whizard_ttbar_spinpol/production/full6f_365gev_ee_ttbar_spinpol_v1/phase11_diagnostics/excess_weight_rootcause_v1/ttbar_restricted_region_suite_v1/regions/20260816T231425Z_U9region_core_W15_S8_np1_v1p0p1/adaptive/W15_HL_M2_A10_S3/console.log	1
C_W15_HL_M2_A10_S3_F2	fixed	W15_HL_M2_A10_S3_F2	W15_HL_M2_A10_S3	A10	F2	S3	134326786	769890491	"1:1000000:""gw"""	"1:2000000:"""""	M2	HL	W15	NR	15.0	/eos/user/c/cglenn/FCCWork/whizard/whizard_ttbar_spinpol/production/full6f_365gev_ee_ttbar_spinpol_v1/phase11_diagnostics/excess_weight_rootcause_v1/ttbar_restricted_region_suite_v1/regions/20260816T231425Z_U9region_core_W15_S8_np1_v1p0p1/W15/HL/M2/fixed/W15_HL_M2_A10_S3/F2	/eos/user/c/cglenn/FCCWork/whizard/whizard_ttbar_spinpol/production/full6f_365gev_ee_ttbar_spinpol_v1/phase11_diagnostics/excess_weight_rootcause_v1/ttbar_restricted_region_suite_v1/regions/20260816T231425Z_U9region_core_W15_S8_np1_v1p0p1/W15/HL/M2/fixed/W15_HL_M2_A10_S3/F2	/eos/user/c/cglenn/FCCWork/whizard/whizard_ttbar_spinpol/production/full6f_365gev_ee_ttbar_spinpol_v1/phase11_diagnostics/excess_weight_rootcause_v1/ttbar_restricted_region_suite_v1/regions/20260816T231425Z_U9region_core_W15_S8_np1_v1p0p1/fixed/W15_HL_M2_A10_S3/F2	runtime_flat_fallback	PASS	PASS	0	20733e0e17025d2c73f73a666c5b62f92c105ca98114231020130b77f5730d5d	07ce328a53ca899b7c2ed88980180f4a5a40899d645e85862f2bb0542a853b6b	a65042fb7998bdde84fe6a7b01f8ab83a66540eec2af2214848f706e2680dce5	1	0	1	/eos/user/c/cglenn/FCCWork/whizard/whizard_ttbar_spinpol/production/full6f_365gev_ee_ttbar_spinpol_v1/phase11_diagnostics/excess_weight_rootcause_v1/ttbar_restricted_region_suite_v1/regions/20260816T231425Z_U9region_core_W15_S8_np1_v1p0p1/fixed/W15_HL_M2_A10_S3/F2/console.log	1
P_W15_HL_M2_A10_S4	adaptive	W15_HL_M2_A10_S4		A10		S4	249371675	462903030	"1:1000000:""gw"""		M2	HL	W15	NR	15.0	/eos/user/c/cglenn/FCCWork/whizard/whizard_ttbar_spinpol/production/full6f_365gev_ee_ttbar_spinpol_v1/phase11_diagnostics/excess_weight_rootcause_v1/ttbar_restricted_region_suite_v1/regions/20260816T231425Z_U9region_core_W15_S8_np1_v1p0p1/W15/HL/M2/adaptive/W15_HL_M2_A10_S4	/eos/user/c/cglenn/FCCWork/whizard/whizard_ttbar_spinpol/production/full6f_365gev_ee_ttbar_spinpol_v1/phase11_diagnostics/excess_weight_rootcause_v1/ttbar_restricted_region_suite_v1/regions/20260816T231425Z_U9region_core_W15_S8_np1_v1p0p1/W15/HL/M2/adaptive/W15_HL_M2_A10_S4	/eos/user/c/cglenn/FCCWork/whizard/whizard_ttbar_spinpol/production/full6f_365gev_ee_ttbar_spinpol_v1/phase11_diagnostics/excess_weight_rootcause_v1/ttbar_restricted_region_suite_v1/regions/20260816T231425Z_U9region_core_W15_S8_np1_v1p0p1/adaptive/W15_HL_M2_A10_S4	runtime_flat_fallback	PASS	PASS	0	20733e0e17025d2c73f73a666c5b62f92c105ca98114231020130b77f5730d5d	1f00fd33ff150663e1d92ef3d3ec56cf6c155ee28d7b8210e2e239395f34dcba		0	1		/eos/user/c/cglenn/FCCWork/whizard/whizard_ttbar_spinpol/production/full6f_365gev_ee_ttbar_spinpol_v1/phase11_diagnostics/excess_weight_rootcause_v1/ttbar_restricted_region_suite_v1/regions/20260816T231425Z_U9region_core_W15_S8_np1_v1p0p1/adaptive/W15_HL_M2_A10_S4/console.log	1
C_W15_HL_M2_A10_S4_F2	fixed	W15_HL_M2_A10_S4_F2	W15_HL_M2_A10_S4	A10	F2	S4	249371675	462903030	"1:1000000:""gw"""	"1:2000000:"""""	M2	HL	W15	NR	15.0	/eos/user/c/cglenn/FCCWork/whizard/whizard_ttbar_spinpol/production/full6f_365gev_ee_ttbar_spinpol_v1/phase11_diagnostics/excess_weight_rootcause_v1/ttbar_restricted_region_suite_v1/regions/20260816T231425Z_U9region_core_W15_S8_np1_v1p0p1/W15/HL/M2/fixed/W15_HL_M2_A10_S4/F2	/eos/user/c/cglenn/FCCWork/whizard/whizard_ttbar_spinpol/production/full6f_365gev_ee_ttbar_spinpol_v1/phase11_diagnostics/excess_weight_rootcause_v1/ttbar_restricted_region_suite_v1/regions/20260816T231425Z_U9region_core_W15_S8_np1_v1p0p1/W15/HL/M2/fixed/W15_HL_M2_A10_S4/F2	/eos/user/c/cglenn/FCCWork/whizard/whizard_ttbar_spinpol/production/full6f_365gev_ee_ttbar_spinpol_v1/phase11_diagnostics/excess_weight_rootcause_v1/ttbar_restricted_region_suite_v1/regions/20260816T231425Z_U9region_core_W15_S8_np1_v1p0p1/fixed/W15_HL_M2_A10_S4/F2	runtime_flat_fallback	PASS	PASS	0	20733e0e17025d2c73f73a666c5b62f92c105ca98114231020130b77f5730d5d	a192575d86f2f818b659991866e296dc6fad7083015ef2b413716bfa12272fef	1f00fd33ff150663e1d92ef3d3ec56cf6c155ee28d7b8210e2e239395f34dcba	1	0	1	/eos/user/c/cglenn/FCCWork/whizard/whizard_ttbar_spinpol/production/full6f_365gev_ee_ttbar_spinpol_v1/phase11_diagnostics/excess_weight_rootcause_v1/ttbar_restricted_region_suite_v1/regions/20260816T231425Z_U9region_core_W15_S8_np1_v1p0p1/fixed/W15_HL_M2_A10_S4/F2/console.log	1
P_W15_HL_M2_A10_S5	adaptive	W15_HL_M2_A10_S5		A10		S5	531087687	197846737	"1:1000000:""gw"""		M2	HL	W15	NR	15.0	/eos/user/c/cglenn/FCCWork/whizard/whizard_ttbar_spinpol/production/full6f_365gev_ee_ttbar_spinpol_v1/phase11_diagnostics/excess_weight_rootcause_v1/ttbar_restricted_region_suite_v1/regions/20260816T231425Z_U9region_core_W15_S8_np1_v1p0p1/W15/HL/M2/adaptive/W15_HL_M2_A10_S5	/eos/user/c/cglenn/FCCWork/whizard/whizard_ttbar_spinpol/production/full6f_365gev_ee_ttbar_spinpol_v1/phase11_diagnostics/excess_weight_rootcause_v1/ttbar_restricted_region_suite_v1/regions/20260816T231425Z_U9region_core_W15_S8_np1_v1p0p1/W15/HL/M2/adaptive/W15_HL_M2_A10_S5	/eos/user/c/cglenn/FCCWork/whizard/whizard_ttbar_spinpol/production/full6f_365gev_ee_ttbar_spinpol_v1/phase11_diagnostics/excess_weight_rootcause_v1/ttbar_restricted_region_suite_v1/regions/20260816T231425Z_U9region_core_W15_S8_np1_v1p0p1/adaptive/W15_HL_M2_A10_S5	runtime_flat_fallback	PASS	PASS	0	20733e0e17025d2c73f73a666c5b62f92c105ca98114231020130b77f5730d5d	fc10b8f29a27ae4fae7971b9b209bf5c07d3a3a753b875e793525046cee94cf3		0	1		/eos/user/c/cglenn/FCCWork/whizard/whizard_ttbar_spinpol/production/full6f_365gev_ee_ttbar_spinpol_v1/phase11_diagnostics/excess_weight_rootcause_v1/ttbar_restricted_region_suite_v1/regions/20260816T231425Z_U9region_core_W15_S8_np1_v1p0p1/adaptive/W15_HL_M2_A10_S5/console.log	1
C_W15_HL_M2_A10_S5_F2	fixed	W15_HL_M2_A10_S5_F2	W15_HL_M2_A10_S5	A10	F2	S5	531087687	197846737	"1:1000000:""gw"""	"1:2000000:"""""	M2	HL	W15	NR	15.0	/eos/user/c/cglenn/FCCWork/whizard/whizard_ttbar_spinpol/production/full6f_365gev_ee_ttbar_spinpol_v1/phase11_diagnostics/excess_weight_rootcause_v1/ttbar_restricted_region_suite_v1/regions/20260816T231425Z_U9region_core_W15_S8_np1_v1p0p1/W15/HL/M2/fixed/W15_HL_M2_A10_S5/F2	/eos/user/c/cglenn/FCCWork/whizard/whizard_ttbar_spinpol/production/full6f_365gev_ee_ttbar_spinpol_v1/phase11_diagnostics/excess_weight_rootcause_v1/ttbar_restricted_region_suite_v1/regions/20260816T231425Z_U9region_core_W15_S8_np1_v1p0p1/W15/HL/M2/fixed/W15_HL_M2_A10_S5/F2	/eos/user/c/cglenn/FCCWork/whizard/whizard_ttbar_spinpol/production/full6f_365gev_ee_ttbar_spinpol_v1/phase11_diagnostics/excess_weight_rootcause_v1/ttbar_restricted_region_suite_v1/regions/20260816T231425Z_U9region_core_W15_S8_np1_v1p0p1/fixed/W15_HL_M2_A10_S5/F2	runtime_flat_fallback	PASS	PASS	0	20733e0e17025d2c73f73a666c5b62f92c105ca98114231020130b77f5730d5d	5bf587f382bd6696cb780e8e11be021b088363dea19f842d630b3e43656376fb	fc10b8f29a27ae4fae7971b9b209bf5c07d3a3a753b875e793525046cee94cf3	1	0	1	/eos/user/c/cglenn/FCCWork/whizard/whizard_ttbar_spinpol/production/full6f_365gev_ee_ttbar_spinpol_v1/phase11_diagnostics/excess_weight_rootcause_v1/ttbar_restricted_region_suite_v1/regions/20260816T231425Z_U9region_core_W15_S8_np1_v1p0p1/fixed/W15_HL_M2_A10_S5/F2/console.log	1
P_W15_HL_M2_A10_S6	adaptive	W15_HL_M2_A10_S6		A10		S6	519963689	958460417	"1:1000000:""gw"""		M2	HL	W15	NR	15.0	/eos/user/c/cglenn/FCCWork/whizard/whizard_ttbar_spinpol/production/full6f_365gev_ee_ttbar_spinpol_v1/phase11_diagnostics/excess_weight_rootcause_v1/ttbar_restricted_region_suite_v1/regions/20260816T231425Z_U9region_core_W15_S8_np1_v1p0p1/W15/HL/M2/adaptive/W15_HL_M2_A10_S6	/eos/user/c/cglenn/FCCWork/whizard/whizard_ttbar_spinpol/production/full6f_365gev_ee_ttbar_spinpol_v1/phase11_diagnostics/excess_weight_rootcause_v1/ttbar_restricted_region_suite_v1/regions/20260816T231425Z_U9region_core_W15_S8_np1_v1p0p1/W15/HL/M2/adaptive/W15_HL_M2_A10_S6	/eos/user/c/cglenn/FCCWork/whizard/whizard_ttbar_spinpol/production/full6f_365gev_ee_ttbar_spinpol_v1/phase11_diagnostics/excess_weight_rootcause_v1/ttbar_restricted_region_suite_v1/regions/20260816T231425Z_U9region_core_W15_S8_np1_v1p0p1/adaptive/W15_HL_M2_A10_S6	runtime_flat_fallback	PASS	PASS	0	20733e0e17025d2c73f73a666c5b62f92c105ca98114231020130b77f5730d5d	dfd0094273b869646000be7b8cc02758e053d68929dfc19340aba33f94b8f3e7		0	1		/eos/user/c/cglenn/FCCWork/whizard/whizard_ttbar_spinpol/production/full6f_365gev_ee_ttbar_spinpol_v1/phase11_diagnostics/excess_weight_rootcause_v1/ttbar_restricted_region_suite_v1/regions/20260816T231425Z_U9region_core_W15_S8_np1_v1p0p1/adaptive/W15_HL_M2_A10_S6/console.log	1
C_W15_HL_M2_A10_S6_F2	fixed	W15_HL_M2_A10_S6_F2	W15_HL_M2_A10_S6	A10	F2	S6	519963689	958460417	"1:1000000:""gw"""	"1:2000000:"""""	M2	HL	W15	NR	15.0	/eos/user/c/cglenn/FCCWork/whizard/whizard_ttbar_spinpol/production/full6f_365gev_ee_ttbar_spinpol_v1/phase11_diagnostics/excess_weight_rootcause_v1/ttbar_restricted_region_suite_v1/regions/20260816T231425Z_U9region_core_W15_S8_np1_v1p0p1/W15/HL/M2/fixed/W15_HL_M2_A10_S6/F2	/eos/user/c/cglenn/FCCWork/whizard/whizard_ttbar_spinpol/production/full6f_365gev_ee_ttbar_spinpol_v1/phase11_diagnostics/excess_weight_rootcause_v1/ttbar_restricted_region_suite_v1/regions/20260816T231425Z_U9region_core_W15_S8_np1_v1p0p1/W15/HL/M2/fixed/W15_HL_M2_A10_S6/F2	/eos/user/c/cglenn/FCCWork/whizard/whizard_ttbar_spinpol/production/full6f_365gev_ee_ttbar_spinpol_v1/phase11_diagnostics/excess_weight_rootcause_v1/ttbar_restricted_region_suite_v1/regions/20260816T231425Z_U9region_core_W15_S8_np1_v1p0p1/fixed/W15_HL_M2_A10_S6/F2	runtime_flat_fallback	PASS	PASS	0	20733e0e17025d2c73f73a666c5b62f92c105ca98114231020130b77f5730d5d	4585d8f77f86e0faa5fa8815878f8786b9279f11f9d41d8599b925727f55ddee	dfd0094273b869646000be7b8cc02758e053d68929dfc19340aba33f94b8f3e7	1	0	1	/eos/user/c/cglenn/FCCWork/whizard/whizard_ttbar_spinpol/production/full6f_365gev_ee_ttbar_spinpol_v1/phase11_diagnostics/excess_weight_rootcause_v1/ttbar_restricted_region_suite_v1/regions/20260816T231425Z_U9region_core_W15_S8_np1_v1p0p1/fixed/W15_HL_M2_A10_S6/F2/console.log	1
P_W15_HL_M2_A10_S7	adaptive	W15_HL_M2_A10_S7		A10		S7	1552803368	239117595	"1:1000000:""gw"""		M2	HL	W15	NR	15.0	/eos/user/c/cglenn/FCCWork/whizard/whizard_ttbar_spinpol/production/full6f_365gev_ee_ttbar_spinpol_v1/phase11_diagnostics/excess_weight_rootcause_v1/ttbar_restricted_region_suite_v1/regions/20260816T231425Z_U9region_core_W15_S8_np1_v1p0p1/W15/HL/M2/adaptive/W15_HL_M2_A10_S7	/eos/user/c/cglenn/FCCWork/whizard/whizard_ttbar_spinpol/production/full6f_365gev_ee_ttbar_spinpol_v1/phase11_diagnostics/excess_weight_rootcause_v1/ttbar_restricted_region_suite_v1/regions/20260816T231425Z_U9region_core_W15_S8_np1_v1p0p1/W15/HL/M2/adaptive/W15_HL_M2_A10_S7	/eos/user/c/cglenn/FCCWork/whizard/whizard_ttbar_spinpol/production/full6f_365gev_ee_ttbar_spinpol_v1/phase11_diagnostics/excess_weight_rootcause_v1/ttbar_restricted_region_suite_v1/regions/20260816T231425Z_U9region_core_W15_S8_np1_v1p0p1/adaptive/W15_HL_M2_A10_S7	runtime_flat_fallback	PASS	PASS	0	20733e0e17025d2c73f73a666c5b62f92c105ca98114231020130b77f5730d5d	15e23d9aa1108eaf39f9d66a35168be63bc72b9eb7d25c304c90ab46ef4a38aa		0	1		/eos/user/c/cglenn/FCCWork/whizard/whizard_ttbar_spinpol/production/full6f_365gev_ee_ttbar_spinpol_v1/phase11_diagnostics/excess_weight_rootcause_v1/ttbar_restricted_region_suite_v1/regions/20260816T231425Z_U9region_core_W15_S8_np1_v1p0p1/adaptive/W15_HL_M2_A10_S7/console.log	1
C_W15_HL_M2_A10_S7_F2	fixed	W15_HL_M2_A10_S7_F2	W15_HL_M2_A10_S7	A10	F2	S7	1552803368	239117595	"1:1000000:""gw"""	"1:2000000:"""""	M2	HL	W15	NR	15.0	/eos/user/c/cglenn/FCCWork/whizard/whizard_ttbar_spinpol/production/full6f_365gev_ee_ttbar_spinpol_v1/phase11_diagnostics/excess_weight_rootcause_v1/ttbar_restricted_region_suite_v1/regions/20260816T231425Z_U9region_core_W15_S8_np1_v1p0p1/W15/HL/M2/fixed/W15_HL_M2_A10_S7/F2	/eos/user/c/cglenn/FCCWork/whizard/whizard_ttbar_spinpol/production/full6f_365gev_ee_ttbar_spinpol_v1/phase11_diagnostics/excess_weight_rootcause_v1/ttbar_restricted_region_suite_v1/regions/20260816T231425Z_U9region_core_W15_S8_np1_v1p0p1/W15/HL/M2/fixed/W15_HL_M2_A10_S7/F2	/eos/user/c/cglenn/FCCWork/whizard/whizard_ttbar_spinpol/production/full6f_365gev_ee_ttbar_spinpol_v1/phase11_diagnostics/excess_weight_rootcause_v1/ttbar_restricted_region_suite_v1/regions/20260816T231425Z_U9region_core_W15_S8_np1_v1p0p1/fixed/W15_HL_M2_A10_S7/F2	runtime_flat_fallback	PASS	PASS	0	20733e0e17025d2c73f73a666c5b62f92c105ca98114231020130b77f5730d5d	3bb10b8c91f55d86e157cbd41838ffd02fdd37480447e2fb892fdfd2fd1968c1	15e23d9aa1108eaf39f9d66a35168be63bc72b9eb7d25c304c90ab46ef4a38aa	1	0	1	/eos/user/c/cglenn/FCCWork/whizard/whizard_ttbar_spinpol/production/full6f_365gev_ee_ttbar_spinpol_v1/phase11_diagnostics/excess_weight_rootcause_v1/ttbar_restricted_region_suite_v1/regions/20260816T231425Z_U9region_core_W15_S8_np1_v1p0p1/fixed/W15_HL_M2_A10_S7/F2/console.log	1
P_W15_HI_M0_A00_S0	adaptive	W15_HI_M0_A00_S0		A00		S0	1740114216	648318690	"5:50000:""gw"""		M0	HI	W15	SR_MINUS	15.0	/eos/user/c/cglenn/FCCWork/whizard/whizard_ttbar_spinpol/production/full6f_365gev_ee_ttbar_spinpol_v1/phase11_diagnostics/excess_weight_rootcause_v1/ttbar_restricted_region_suite_v1/regions/20260816T231425Z_U9region_core_W15_S8_np1_v1p0p1/W15/HI/M0/adaptive/W15_HI_M0_A00_S0	/eos/user/c/cglenn/FCCWork/whizard/whizard_ttbar_spinpol/production/full6f_365gev_ee_ttbar_spinpol_v1/phase11_diagnostics/excess_weight_rootcause_v1/ttbar_restricted_region_suite_v1/regions/20260816T231425Z_U9region_core_W15_S8_np1_v1p0p1/W15/HI/M0/adaptive/W15_HI_M0_A00_S0	/eos/user/c/cglenn/FCCWork/whizard/whizard_ttbar_spinpol/production/full6f_365gev_ee_ttbar_spinpol_v1/phase11_diagnostics/excess_weight_rootcause_v1/ttbar_restricted_region_suite_v1/regions/20260816T231425Z_U9region_core_W15_S8_np1_v1p0p1/adaptive/W15_HI_M0_A00_S0	runtime_flat_fallback	PASS	PASS	0	20733e0e17025d2c73f73a666c5b62f92c105ca98114231020130b77f5730d5d	d40594af522f071ea2596bf238c53f200f6a27b3a8724644ee499dfffe02c874		0	1		/eos/user/c/cglenn/FCCWork/whizard/whizard_ttbar_spinpol/production/full6f_365gev_ee_ttbar_spinpol_v1/phase11_diagnostics/excess_weight_rootcause_v1/ttbar_restricted_region_suite_v1/regions/20260816T231425Z_U9region_core_W15_S8_np1_v1p0p1/adaptive/W15_HI_M0_A00_S0/console.log	1
C_W15_HI_M0_A00_S0_F0	fixed	W15_HI_M0_A00_S0_F0	W15_HI_M0_A00_S0	A00	F0	S0	1740114216	648318690	"5:50000:""gw"""	"3:200000:"""""	M0	HI	W15	SR_MINUS	15.0	/eos/user/c/cglenn/FCCWork/whizard/whizard_ttbar_spinpol/production/full6f_365gev_ee_ttbar_spinpol_v1/phase11_diagnostics/excess_weight_rootcause_v1/ttbar_restricted_region_suite_v1/regions/20260816T231425Z_U9region_core_W15_S8_np1_v1p0p1/W15/HI/M0/fixed/W15_HI_M0_A00_S0/F0	/eos/user/c/cglenn/FCCWork/whizard/whizard_ttbar_spinpol/production/full6f_365gev_ee_ttbar_spinpol_v1/phase11_diagnostics/excess_weight_rootcause_v1/ttbar_restricted_region_suite_v1/regions/20260816T231425Z_U9region_core_W15_S8_np1_v1p0p1/W15/HI/M0/fixed/W15_HI_M0_A00_S0/F0	/eos/user/c/cglenn/FCCWork/whizard/whizard_ttbar_spinpol/production/full6f_365gev_ee_ttbar_spinpol_v1/phase11_diagnostics/excess_weight_rootcause_v1/ttbar_restricted_region_suite_v1/regions/20260816T231425Z_U9region_core_W15_S8_np1_v1p0p1/fixed/W15_HI_M0_A00_S0/F0	runtime_flat_fallback	PASS	PASS	0	20733e0e17025d2c73f73a666c5b62f92c105ca98114231020130b77f5730d5d	957a2f3a4d46f302c655288ca1bd3c1c194c822bc2371d6aa866ec25b6df40d8	d40594af522f071ea2596bf238c53f200f6a27b3a8724644ee499dfffe02c874	1	0	1	/eos/user/c/cglenn/FCCWork/whizard/whizard_ttbar_spinpol/production/full6f_365gev_ee_ttbar_spinpol_v1/phase11_diagnostics/excess_weight_rootcause_v1/ttbar_restricted_region_suite_v1/regions/20260816T231425Z_U9region_core_W15_S8_np1_v1p0p1/fixed/W15_HI_M0_A00_S0/F0/console.log	1
P_W15_HI_M0_A00_S1	adaptive	W15_HI_M0_A00_S1		A00		S1	1751949026	1404282457	"5:50000:""gw"""		M0	HI	W15	SR_MINUS	15.0	/eos/user/c/cglenn/FCCWork/whizard/whizard_ttbar_spinpol/production/full6f_365gev_ee_ttbar_spinpol_v1/phase11_diagnostics/excess_weight_rootcause_v1/ttbar_restricted_region_suite_v1/regions/20260816T231425Z_U9region_core_W15_S8_np1_v1p0p1/W15/HI/M0/adaptive/W15_HI_M0_A00_S1	/eos/user/c/cglenn/FCCWork/whizard/whizard_ttbar_spinpol/production/full6f_365gev_ee_ttbar_spinpol_v1/phase11_diagnostics/excess_weight_rootcause_v1/ttbar_restricted_region_suite_v1/regions/20260816T231425Z_U9region_core_W15_S8_np1_v1p0p1/W15/HI/M0/adaptive/W15_HI_M0_A00_S1	/eos/user/c/cglenn/FCCWork/whizard/whizard_ttbar_spinpol/production/full6f_365gev_ee_ttbar_spinpol_v1/phase11_diagnostics/excess_weight_rootcause_v1/ttbar_restricted_region_suite_v1/regions/20260816T231425Z_U9region_core_W15_S8_np1_v1p0p1/adaptive/W15_HI_M0_A00_S1	runtime_flat_fallback	PASS	PASS	0	20733e0e17025d2c73f73a666c5b62f92c105ca98114231020130b77f5730d5d	ffee5d8e2a1ff35950a46e16511d5725f18a2c15d87fe740d30b2d04e3eb471e		0	1		/eos/user/c/cglenn/FCCWork/whizard/whizard_ttbar_spinpol/production/full6f_365gev_ee_ttbar_spinpol_v1/phase11_diagnostics/excess_weight_rootcause_v1/ttbar_restricted_region_suite_v1/regions/20260816T231425Z_U9region_core_W15_S8_np1_v1p0p1/adaptive/W15_HI_M0_A00_S1/console.log	1
C_W15_HI_M0_A00_S1_F0	fixed	W15_HI_M0_A00_S1_F0	W15_HI_M0_A00_S1	A00	F0	S1	1751949026	1404282457	"5:50000:""gw"""	"3:200000:"""""	M0	HI	W15	SR_MINUS	15.0	/eos/user/c/cglenn/FCCWork/whizard/whizard_ttbar_spinpol/production/full6f_365gev_ee_ttbar_spinpol_v1/phase11_diagnostics/excess_weight_rootcause_v1/ttbar_restricted_region_suite_v1/regions/20260816T231425Z_U9region_core_W15_S8_np1_v1p0p1/W15/HI/M0/fixed/W15_HI_M0_A00_S1/F0	/eos/user/c/cglenn/FCCWork/whizard/whizard_ttbar_spinpol/production/full6f_365gev_ee_ttbar_spinpol_v1/phase11_diagnostics/excess_weight_rootcause_v1/ttbar_restricted_region_suite_v1/regions/20260816T231425Z_U9region_core_W15_S8_np1_v1p0p1/W15/HI/M0/fixed/W15_HI_M0_A00_S1/F0	/eos/user/c/cglenn/FCCWork/whizard/whizard_ttbar_spinpol/production/full6f_365gev_ee_ttbar_spinpol_v1/phase11_diagnostics/excess_weight_rootcause_v1/ttbar_restricted_region_suite_v1/regions/20260816T231425Z_U9region_core_W15_S8_np1_v1p0p1/fixed/W15_HI_M0_A00_S1/F0	runtime_flat_fallback	PASS	PASS	0	20733e0e17025d2c73f73a666c5b62f92c105ca98114231020130b77f5730d5d	a981158d033cd69209e7f6d78f189462ebb0dce4c667eeb3829e305a7cc0f56f	ffee5d8e2a1ff35950a46e16511d5725f18a2c15d87fe740d30b2d04e3eb471e	1	0	1	/eos/user/c/cglenn/FCCWork/whizard/whizard_ttbar_spinpol/production/full6f_365gev_ee_ttbar_spinpol_v1/phase11_diagnostics/excess_weight_rootcause_v1/ttbar_restricted_region_suite_v1/regions/20260816T231425Z_U9region_core_W15_S8_np1_v1p0p1/fixed/W15_HI_M0_A00_S1/F0/console.log	1
P_W15_HI_M0_A00_S2	adaptive	W15_HI_M0_A00_S2		A00		S2	1885084773	1596606550	"5:50000:""gw"""		M0	HI	W15	SR_MINUS	15.0	/eos/user/c/cglenn/FCCWork/whizard/whizard_ttbar_spinpol/production/full6f_365gev_ee_ttbar_spinpol_v1/phase11_diagnostics/excess_weight_rootcause_v1/ttbar_restricted_region_suite_v1/regions/20260816T231425Z_U9region_core_W15_S8_np1_v1p0p1/W15/HI/M0/adaptive/W15_HI_M0_A00_S2	/eos/user/c/cglenn/FCCWork/whizard/whizard_ttbar_spinpol/production/full6f_365gev_ee_ttbar_spinpol_v1/phase11_diagnostics/excess_weight_rootcause_v1/ttbar_restricted_region_suite_v1/regions/20260816T231425Z_U9region_core_W15_S8_np1_v1p0p1/W15/HI/M0/adaptive/W15_HI_M0_A00_S2	/eos/user/c/cglenn/FCCWork/whizard/whizard_ttbar_spinpol/production/full6f_365gev_ee_ttbar_spinpol_v1/phase11_diagnostics/excess_weight_rootcause_v1/ttbar_restricted_region_suite_v1/regions/20260816T231425Z_U9region_core_W15_S8_np1_v1p0p1/adaptive/W15_HI_M0_A00_S2	runtime_flat_fallback	PASS	PASS	0	20733e0e17025d2c73f73a666c5b62f92c105ca98114231020130b77f5730d5d	7226f47bb06e95ab1dce3a8c962100694974a43c9ad0a5a4c9e60c4b151716c9		0	1		/eos/user/c/cglenn/FCCWork/whizard/whizard_ttbar_spinpol/production/full6f_365gev_ee_ttbar_spinpol_v1/phase11_diagnostics/excess_weight_rootcause_v1/ttbar_restricted_region_suite_v1/regions/20260816T231425Z_U9region_core_W15_S8_np1_v1p0p1/adaptive/W15_HI_M0_A00_S2/console.log	1
C_W15_HI_M0_A00_S2_F0	fixed	W15_HI_M0_A00_S2_F0	W15_HI_M0_A00_S2	A00	F0	S2	1885084773	1596606550	"5:50000:""gw"""	"3:200000:"""""	M0	HI	W15	SR_MINUS	15.0	/eos/user/c/cglenn/FCCWork/whizard/whizard_ttbar_spinpol/production/full6f_365gev_ee_ttbar_spinpol_v1/phase11_diagnostics/excess_weight_rootcause_v1/ttbar_restricted_region_suite_v1/regions/20260816T231425Z_U9region_core_W15_S8_np1_v1p0p1/W15/HI/M0/fixed/W15_HI_M0_A00_S2/F0	/eos/user/c/cglenn/FCCWork/whizard/whizard_ttbar_spinpol/production/full6f_365gev_ee_ttbar_spinpol_v1/phase11_diagnostics/excess_weight_rootcause_v1/ttbar_restricted_region_suite_v1/regions/20260816T231425Z_U9region_core_W15_S8_np1_v1p0p1/W15/HI/M0/fixed/W15_HI_M0_A00_S2/F0	/eos/user/c/cglenn/FCCWork/whizard/whizard_ttbar_spinpol/production/full6f_365gev_ee_ttbar_spinpol_v1/phase11_diagnostics/excess_weight_rootcause_v1/ttbar_restricted_region_suite_v1/regions/20260816T231425Z_U9region_core_W15_S8_np1_v1p0p1/fixed/W15_HI_M0_A00_S2/F0	runtime_flat_fallback	PASS	PASS	0	20733e0e17025d2c73f73a666c5b62f92c105ca98114231020130b77f5730d5d	147f7baf5fd072579e8bd445c9855849a65d7880b2c54d33356eb87f027d559f	7226f47bb06e95ab1dce3a8c962100694974a43c9ad0a5a4c9e60c4b151716c9	1	0	1	/eos/user/c/cglenn/FCCWork/whizard/whizard_ttbar_spinpol/production/full6f_365gev_ee_ttbar_spinpol_v1/phase11_diagnostics/excess_weight_rootcause_v1/ttbar_restricted_region_suite_v1/regions/20260816T231425Z_U9region_core_W15_S8_np1_v1p0p1/fixed/W15_HI_M0_A00_S2/F0/console.log	1
P_W15_HI_M0_A00_S3	adaptive	W15_HI_M0_A00_S3		A00		S3	134326786	769890491	"5:50000:""gw"""		M0	HI	W15	SR_MINUS	15.0	/eos/user/c/cglenn/FCCWork/whizard/whizard_ttbar_spinpol/production/full6f_365gev_ee_ttbar_spinpol_v1/phase11_diagnostics/excess_weight_rootcause_v1/ttbar_restricted_region_suite_v1/regions/20260816T231425Z_U9region_core_W15_S8_np1_v1p0p1/W15/HI/M0/adaptive/W15_HI_M0_A00_S3	/eos/user/c/cglenn/FCCWork/whizard/whizard_ttbar_spinpol/production/full6f_365gev_ee_ttbar_spinpol_v1/phase11_diagnostics/excess_weight_rootcause_v1/ttbar_restricted_region_suite_v1/regions/20260816T231425Z_U9region_core_W15_S8_np1_v1p0p1/W15/HI/M0/adaptive/W15_HI_M0_A00_S3	/eos/user/c/cglenn/FCCWork/whizard/whizard_ttbar_spinpol/production/full6f_365gev_ee_ttbar_spinpol_v1/phase11_diagnostics/excess_weight_rootcause_v1/ttbar_restricted_region_suite_v1/regions/20260816T231425Z_U9region_core_W15_S8_np1_v1p0p1/adaptive/W15_HI_M0_A00_S3	runtime_flat_fallback	PASS	PASS	0	20733e0e17025d2c73f73a666c5b62f92c105ca98114231020130b77f5730d5d	5dfbfa87f4c2e00361f8086376d8331a6ccda50da9244e69414e9b6703880114		0	1		/eos/user/c/cglenn/FCCWork/whizard/whizard_ttbar_spinpol/production/full6f_365gev_ee_ttbar_spinpol_v1/phase11_diagnostics/excess_weight_rootcause_v1/ttbar_restricted_region_suite_v1/regions/20260816T231425Z_U9region_core_W15_S8_np1_v1p0p1/adaptive/W15_HI_M0_A00_S3/console.log	1
C_W15_HI_M0_A00_S3_F0	fixed	W15_HI_M0_A00_S3_F0	W15_HI_M0_A00_S3	A00	F0	S3	134326786	769890491	"5:50000:""gw"""	"3:200000:"""""	M0	HI	W15	SR_MINUS	15.0	/eos/user/c/cglenn/FCCWork/whizard/whizard_ttbar_spinpol/production/full6f_365gev_ee_ttbar_spinpol_v1/phase11_diagnostics/excess_weight_rootcause_v1/ttbar_restricted_region_suite_v1/regions/20260816T231425Z_U9region_core_W15_S8_np1_v1p0p1/W15/HI/M0/fixed/W15_HI_M0_A00_S3/F0	/eos/user/c/cglenn/FCCWork/whizard/whizard_ttbar_spinpol/production/full6f_365gev_ee_ttbar_spinpol_v1/phase11_diagnostics/excess_weight_rootcause_v1/ttbar_restricted_region_suite_v1/regions/20260816T231425Z_U9region_core_W15_S8_np1_v1p0p1/W15/HI/M0/fixed/W15_HI_M0_A00_S3/F0	/eos/user/c/cglenn/FCCWork/whizard/whizard_ttbar_spinpol/production/full6f_365gev_ee_ttbar_spinpol_v1/phase11_diagnostics/excess_weight_rootcause_v1/ttbar_restricted_region_suite_v1/regions/20260816T231425Z_U9region_core_W15_S8_np1_v1p0p1/fixed/W15_HI_M0_A00_S3/F0	runtime_flat_fallback	PASS	PASS	0	20733e0e17025d2c73f73a666c5b62f92c105ca98114231020130b77f5730d5d	0de4bae63897d85db7a277a1e6742e1c2aa54c80786612d0ecf09bda1c976e25	5dfbfa87f4c2e00361f8086376d8331a6ccda50da9244e69414e9b6703880114	1	0	1	/eos/user/c/cglenn/FCCWork/whizard/whizard_ttbar_spinpol/production/full6f_365gev_ee_ttbar_spinpol_v1/phase11_diagnostics/excess_weight_rootcause_v1/ttbar_restricted_region_suite_v1/regions/20260816T231425Z_U9region_core_W15_S8_np1_v1p0p1/fixed/W15_HI_M0_A00_S3/F0/console.log	1
P_W15_HI_M0_A00_S4	adaptive	W15_HI_M0_A00_S4		A00		S4	249371675	462903030	"5:50000:""gw"""		M0	HI	W15	SR_MINUS	15.0	/eos/user/c/cglenn/FCCWork/whizard/whizard_ttbar_spinpol/production/full6f_365gev_ee_ttbar_spinpol_v1/phase11_diagnostics/excess_weight_rootcause_v1/ttbar_restricted_region_suite_v1/regions/20260816T231425Z_U9region_core_W15_S8_np1_v1p0p1/W15/HI/M0/adaptive/W15_HI_M0_A00_S4	/eos/user/c/cglenn/FCCWork/whizard/whizard_ttbar_spinpol/production/full6f_365gev_ee_ttbar_spinpol_v1/phase11_diagnostics/excess_weight_rootcause_v1/ttbar_restricted_region_suite_v1/regions/20260816T231425Z_U9region_core_W15_S8_np1_v1p0p1/W15/HI/M0/adaptive/W15_HI_M0_A00_S4	/eos/user/c/cglenn/FCCWork/whizard/whizard_ttbar_spinpol/production/full6f_365gev_ee_ttbar_spinpol_v1/phase11_diagnostics/excess_weight_rootcause_v1/ttbar_restricted_region_suite_v1/regions/20260816T231425Z_U9region_core_W15_S8_np1_v1p0p1/adaptive/W15_HI_M0_A00_S4	runtime_flat_fallback	PASS	PASS	0	20733e0e17025d2c73f73a666c5b62f92c105ca98114231020130b77f5730d5d	3178fa693150fe6462e15bcae78fcf9ee2dba5adbd5ae82fd81f749bdb933e9e		0	1		/eos/user/c/cglenn/FCCWork/whizard/whizard_ttbar_spinpol/production/full6f_365gev_ee_ttbar_spinpol_v1/phase11_diagnostics/excess_weight_rootcause_v1/ttbar_restricted_region_suite_v1/regions/20260816T231425Z_U9region_core_W15_S8_np1_v1p0p1/adaptive/W15_HI_M0_A00_S4/console.log	1
C_W15_HI_M0_A00_S4_F0	fixed	W15_HI_M0_A00_S4_F0	W15_HI_M0_A00_S4	A00	F0	S4	249371675	462903030	"5:50000:""gw"""	"3:200000:"""""	M0	HI	W15	SR_MINUS	15.0	/eos/user/c/cglenn/FCCWork/whizard/whizard_ttbar_spinpol/production/full6f_365gev_ee_ttbar_spinpol_v1/phase11_diagnostics/excess_weight_rootcause_v1/ttbar_restricted_region_suite_v1/regions/20260816T231425Z_U9region_core_W15_S8_np1_v1p0p1/W15/HI/M0/fixed/W15_HI_M0_A00_S4/F0	/eos/user/c/cglenn/FCCWork/whizard/whizard_ttbar_spinpol/production/full6f_365gev_ee_ttbar_spinpol_v1/phase11_diagnostics/excess_weight_rootcause_v1/ttbar_restricted_region_suite_v1/regions/20260816T231425Z_U9region_core_W15_S8_np1_v1p0p1/W15/HI/M0/fixed/W15_HI_M0_A00_S4/F0	/eos/user/c/cglenn/FCCWork/whizard/whizard_ttbar_spinpol/production/full6f_365gev_ee_ttbar_spinpol_v1/phase11_diagnostics/excess_weight_rootcause_v1/ttbar_restricted_region_suite_v1/regions/20260816T231425Z_U9region_core_W15_S8_np1_v1p0p1/fixed/W15_HI_M0_A00_S4/F0	runtime_flat_fallback	PASS	PASS	0	20733e0e17025d2c73f73a666c5b62f92c105ca98114231020130b77f5730d5d	c6fcc53892b82a71ecd5aebe9a5362d4fa1e8b4af728266ad905cadb36508201	3178fa693150fe6462e15bcae78fcf9ee2dba5adbd5ae82fd81f749bdb933e9e	1	0	1	/eos/user/c/cglenn/FCCWork/whizard/whizard_ttbar_spinpol/production/full6f_365gev_ee_ttbar_spinpol_v1/phase11_diagnostics/excess_weight_rootcause_v1/ttbar_restricted_region_suite_v1/regions/20260816T231425Z_U9region_core_W15_S8_np1_v1p0p1/fixed/W15_HI_M0_A00_S4/F0/console.log	1
P_W15_HI_M0_A00_S5	adaptive	W15_HI_M0_A00_S5		A00		S5	531087687	197846737	"5:50000:""gw"""		M0	HI	W15	SR_MINUS	15.0	/eos/user/c/cglenn/FCCWork/whizard/whizard_ttbar_spinpol/production/full6f_365gev_ee_ttbar_spinpol_v1/phase11_diagnostics/excess_weight_rootcause_v1/ttbar_restricted_region_suite_v1/regions/20260816T231425Z_U9region_core_W15_S8_np1_v1p0p1/W15/HI/M0/adaptive/W15_HI_M0_A00_S5	/eos/user/c/cglenn/FCCWork/whizard/whizard_ttbar_spinpol/production/full6f_365gev_ee_ttbar_spinpol_v1/phase11_diagnostics/excess_weight_rootcause_v1/ttbar_restricted_region_suite_v1/regions/20260816T231425Z_U9region_core_W15_S8_np1_v1p0p1/W15/HI/M0/adaptive/W15_HI_M0_A00_S5	/eos/user/c/cglenn/FCCWork/whizard/whizard_ttbar_spinpol/production/full6f_365gev_ee_ttbar_spinpol_v1/phase11_diagnostics/excess_weight_rootcause_v1/ttbar_restricted_region_suite_v1/regions/20260816T231425Z_U9region_core_W15_S8_np1_v1p0p1/adaptive/W15_HI_M0_A00_S5	runtime_flat_fallback	PASS	PASS	0	20733e0e17025d2c73f73a666c5b62f92c105ca98114231020130b77f5730d5d	415fb9adbb96d1e8d43cb76a29e2a6af88bddf907bddbe52d4cb2adff4dc694e		0	1		/eos/user/c/cglenn/FCCWork/whizard/whizard_ttbar_spinpol/production/full6f_365gev_ee_ttbar_spinpol_v1/phase11_diagnostics/excess_weight_rootcause_v1/ttbar_restricted_region_suite_v1/regions/20260816T231425Z_U9region_core_W15_S8_np1_v1p0p1/adaptive/W15_HI_M0_A00_S5/console.log	1
C_W15_HI_M0_A00_S5_F0	fixed	W15_HI_M0_A00_S5_F0	W15_HI_M0_A00_S5	A00	F0	S5	531087687	197846737	"5:50000:""gw"""	"3:200000:"""""	M0	HI	W15	SR_MINUS	15.0	/eos/user/c/cglenn/FCCWork/whizard/whizard_ttbar_spinpol/production/full6f_365gev_ee_ttbar_spinpol_v1/phase11_diagnostics/excess_weight_rootcause_v1/ttbar_restricted_region_suite_v1/regions/20260816T231425Z_U9region_core_W15_S8_np1_v1p0p1/W15/HI/M0/fixed/W15_HI_M0_A00_S5/F0	/eos/user/c/cglenn/FCCWork/whizard/whizard_ttbar_spinpol/production/full6f_365gev_ee_ttbar_spinpol_v1/phase11_diagnostics/excess_weight_rootcause_v1/ttbar_restricted_region_suite_v1/regions/20260816T231425Z_U9region_core_W15_S8_np1_v1p0p1/W15/HI/M0/fixed/W15_HI_M0_A00_S5/F0	/eos/user/c/cglenn/FCCWork/whizard/whizard_ttbar_spinpol/production/full6f_365gev_ee_ttbar_spinpol_v1/phase11_diagnostics/excess_weight_rootcause_v1/ttbar_restricted_region_suite_v1/regions/20260816T231425Z_U9region_core_W15_S8_np1_v1p0p1/fixed/W15_HI_M0_A00_S5/F0	runtime_flat_fallback	PASS	PASS	0	20733e0e17025d2c73f73a666c5b62f92c105ca98114231020130b77f5730d5d	83fd184744baed6caebc4f2276bc867fc54b7b40f62959a4cea6f414ebdcfb22	415fb9adbb96d1e8d43cb76a29e2a6af88bddf907bddbe52d4cb2adff4dc694e	1	0	1	/eos/user/c/cglenn/FCCWork/whizard/whizard_ttbar_spinpol/production/full6f_365gev_ee_ttbar_spinpol_v1/phase11_diagnostics/excess_weight_rootcause_v1/ttbar_restricted_region_suite_v1/regions/20260816T231425Z_U9region_core_W15_S8_np1_v1p0p1/fixed/W15_HI_M0_A00_S5/F0/console.log	1
P_W15_HI_M0_A00_S6	adaptive	W15_HI_M0_A00_S6		A00		S6	519963689	958460417	"5:50000:""gw"""		M0	HI	W15	SR_MINUS	15.0	/eos/user/c/cglenn/FCCWork/whizard/whizard_ttbar_spinpol/production/full6f_365gev_ee_ttbar_spinpol_v1/phase11_diagnostics/excess_weight_rootcause_v1/ttbar_restricted_region_suite_v1/regions/20260816T231425Z_U9region_core_W15_S8_np1_v1p0p1/W15/HI/M0/adaptive/W15_HI_M0_A00_S6	/eos/user/c/cglenn/FCCWork/whizard/whizard_ttbar_spinpol/production/full6f_365gev_ee_ttbar_spinpol_v1/phase11_diagnostics/excess_weight_rootcause_v1/ttbar_restricted_region_suite_v1/regions/20260816T231425Z_U9region_core_W15_S8_np1_v1p0p1/W15/HI/M0/adaptive/W15_HI_M0_A00_S6	/eos/user/c/cglenn/FCCWork/whizard/whizard_ttbar_spinpol/production/full6f_365gev_ee_ttbar_spinpol_v1/phase11_diagnostics/excess_weight_rootcause_v1/ttbar_restricted_region_suite_v1/regions/20260816T231425Z_U9region_core_W15_S8_np1_v1p0p1/adaptive/W15_HI_M0_A00_S6	runtime_flat_fallback	PASS	PASS	0	20733e0e17025d2c73f73a666c5b62f92c105ca98114231020130b77f5730d5d	eb5f61150e44d595444cd33a7702faa9d84c14c59efa51648d17780d315fab77		0	1		/eos/user/c/cglenn/FCCWork/whizard/whizard_ttbar_spinpol/production/full6f_365gev_ee_ttbar_spinpol_v1/phase11_diagnostics/excess_weight_rootcause_v1/ttbar_restricted_region_suite_v1/regions/20260816T231425Z_U9region_core_W15_S8_np1_v1p0p1/adaptive/W15_HI_M0_A00_S6/console.log	1
C_W15_HI_M0_A00_S6_F0	fixed	W15_HI_M0_A00_S6_F0	W15_HI_M0_A00_S6	A00	F0	S6	519963689	958460417	"5:50000:""gw"""	"3:200000:"""""	M0	HI	W15	SR_MINUS	15.0	/eos/user/c/cglenn/FCCWork/whizard/whizard_ttbar_spinpol/production/full6f_365gev_ee_ttbar_spinpol_v1/phase11_diagnostics/excess_weight_rootcause_v1/ttbar_restricted_region_suite_v1/regions/20260816T231425Z_U9region_core_W15_S8_np1_v1p0p1/W15/HI/M0/fixed/W15_HI_M0_A00_S6/F0	/eos/user/c/cglenn/FCCWork/whizard/whizard_ttbar_spinpol/production/full6f_365gev_ee_ttbar_spinpol_v1/phase11_diagnostics/excess_weight_rootcause_v1/ttbar_restricted_region_suite_v1/regions/20260816T231425Z_U9region_core_W15_S8_np1_v1p0p1/W15/HI/M0/fixed/W15_HI_M0_A00_S6/F0	/eos/user/c/cglenn/FCCWork/whizard/whizard_ttbar_spinpol/production/full6f_365gev_ee_ttbar_spinpol_v1/phase11_diagnostics/excess_weight_rootcause_v1/ttbar_restricted_region_suite_v1/regions/20260816T231425Z_U9region_core_W15_S8_np1_v1p0p1/fixed/W15_HI_M0_A00_S6/F0	runtime_flat_fallback	PASS	PASS	0	20733e0e17025d2c73f73a666c5b62f92c105ca98114231020130b77f5730d5d	8730155d0a4c21445a11aecafd272fc24b9d5b7bdaa1db5663f82d77526ad2bf	eb5f61150e44d595444cd33a7702faa9d84c14c59efa51648d17780d315fab77	1	0	1	/eos/user/c/cglenn/FCCWork/whizard/whizard_ttbar_spinpol/production/full6f_365gev_ee_ttbar_spinpol_v1/phase11_diagnostics/excess_weight_rootcause_v1/ttbar_restricted_region_suite_v1/regions/20260816T231425Z_U9region_core_W15_S8_np1_v1p0p1/fixed/W15_HI_M0_A00_S6/F0/console.log	1
P_W15_HI_M0_A00_S7	adaptive	W15_HI_M0_A00_S7		A00		S7	1552803368	239117595	"5:50000:""gw"""		M0	HI	W15	SR_MINUS	15.0	/eos/user/c/cglenn/FCCWork/whizard/whizard_ttbar_spinpol/production/full6f_365gev_ee_ttbar_spinpol_v1/phase11_diagnostics/excess_weight_rootcause_v1/ttbar_restricted_region_suite_v1/regions/20260816T231425Z_U9region_core_W15_S8_np1_v1p0p1/W15/HI/M0/adaptive/W15_HI_M0_A00_S7	/eos/user/c/cglenn/FCCWork/whizard/whizard_ttbar_spinpol/production/full6f_365gev_ee_ttbar_spinpol_v1/phase11_diagnostics/excess_weight_rootcause_v1/ttbar_restricted_region_suite_v1/regions/20260816T231425Z_U9region_core_W15_S8_np1_v1p0p1/W15/HI/M0/adaptive/W15_HI_M0_A00_S7	/eos/user/c/cglenn/FCCWork/whizard/whizard_ttbar_spinpol/production/full6f_365gev_ee_ttbar_spinpol_v1/phase11_diagnostics/excess_weight_rootcause_v1/ttbar_restricted_region_suite_v1/regions/20260816T231425Z_U9region_core_W15_S8_np1_v1p0p1/adaptive/W15_HI_M0_A00_S7	runtime_flat_fallback	PASS	PASS	0	20733e0e17025d2c73f73a666c5b62f92c105ca98114231020130b77f5730d5d	df5bcc0cb0aa7128268edb10d38e132a065943e697aeb27d80d5d013d7d88cfb		0	1		/eos/user/c/cglenn/FCCWork/whizard/whizard_ttbar_spinpol/production/full6f_365gev_ee_ttbar_spinpol_v1/phase11_diagnostics/excess_weight_rootcause_v1/ttbar_restricted_region_suite_v1/regions/20260816T231425Z_U9region_core_W15_S8_np1_v1p0p1/adaptive/W15_HI_M0_A00_S7/console.log	1
C_W15_HI_M0_A00_S7_F0	fixed	W15_HI_M0_A00_S7_F0	W15_HI_M0_A00_S7	A00	F0	S7	1552803368	239117595	"5:50000:""gw"""	"3:200000:"""""	M0	HI	W15	SR_MINUS	15.0	/eos/user/c/cglenn/FCCWork/whizard/whizard_ttbar_spinpol/production/full6f_365gev_ee_ttbar_spinpol_v1/phase11_diagnostics/excess_weight_rootcause_v1/ttbar_restricted_region_suite_v1/regions/20260816T231425Z_U9region_core_W15_S8_np1_v1p0p1/W15/HI/M0/fixed/W15_HI_M0_A00_S7/F0	/eos/user/c/cglenn/FCCWork/whizard/whizard_ttbar_spinpol/production/full6f_365gev_ee_ttbar_spinpol_v1/phase11_diagnostics/excess_weight_rootcause_v1/ttbar_restricted_region_suite_v1/regions/20260816T231425Z_U9region_core_W15_S8_np1_v1p0p1/W15/HI/M0/fixed/W15_HI_M0_A00_S7/F0	/eos/user/c/cglenn/FCCWork/whizard/whizard_ttbar_spinpol/production/full6f_365gev_ee_ttbar_spinpol_v1/phase11_diagnostics/excess_weight_rootcause_v1/ttbar_restricted_region_suite_v1/regions/20260816T231425Z_U9region_core_W15_S8_np1_v1p0p1/fixed/W15_HI_M0_A00_S7/F0	runtime_flat_fallback	PASS	PASS	0	20733e0e17025d2c73f73a666c5b62f92c105ca98114231020130b77f5730d5d	0c81515ad38948405487b66e4d2cda65c37315cc5f3f7142180b30216bec71c6	df5bcc0cb0aa7128268edb10d38e132a065943e697aeb27d80d5d013d7d88cfb	1	0	1	/eos/user/c/cglenn/FCCWork/whizard/whizard_ttbar_spinpol/production/full6f_365gev_ee_ttbar_spinpol_v1/phase11_diagnostics/excess_weight_rootcause_v1/ttbar_restricted_region_suite_v1/regions/20260816T231425Z_U9region_core_W15_S8_np1_v1p0p1/fixed/W15_HI_M0_A00_S7/F0/console.log	1
P_W15_HI_M1_A07_S0	adaptive	W15_HI_M1_A07_S0		A07		S0	1740114216	648318690	"10:100000:""gw"""		M1	HI	W15	SR_MINUS	15.0	/eos/user/c/cglenn/FCCWork/whizard/whizard_ttbar_spinpol/production/full6f_365gev_ee_ttbar_spinpol_v1/phase11_diagnostics/excess_weight_rootcause_v1/ttbar_restricted_region_suite_v1/regions/20260816T231425Z_U9region_core_W15_S8_np1_v1p0p1/W15/HI/M1/adaptive/W15_HI_M1_A07_S0	/eos/user/c/cglenn/FCCWork/whizard/whizard_ttbar_spinpol/production/full6f_365gev_ee_ttbar_spinpol_v1/phase11_diagnostics/excess_weight_rootcause_v1/ttbar_restricted_region_suite_v1/regions/20260816T231425Z_U9region_core_W15_S8_np1_v1p0p1/W15/HI/M1/adaptive/W15_HI_M1_A07_S0	/eos/user/c/cglenn/FCCWork/whizard/whizard_ttbar_spinpol/production/full6f_365gev_ee_ttbar_spinpol_v1/phase11_diagnostics/excess_weight_rootcause_v1/ttbar_restricted_region_suite_v1/regions/20260816T231425Z_U9region_core_W15_S8_np1_v1p0p1/adaptive/W15_HI_M1_A07_S0	runtime_flat_fallback	PASS	PASS	0	20733e0e17025d2c73f73a666c5b62f92c105ca98114231020130b77f5730d5d	0ca71b63446be5a977fa6c81728a491b88b99c9dee42ad8ea8b392f589340db5		0	1		/eos/user/c/cglenn/FCCWork/whizard/whizard_ttbar_spinpol/production/full6f_365gev_ee_ttbar_spinpol_v1/phase11_diagnostics/excess_weight_rootcause_v1/ttbar_restricted_region_suite_v1/regions/20260816T231425Z_U9region_core_W15_S8_np1_v1p0p1/adaptive/W15_HI_M1_A07_S0/console.log	1
C_W15_HI_M1_A07_S0_F0	fixed	W15_HI_M1_A07_S0_F0	W15_HI_M1_A07_S0	A07	F0	S0	1740114216	648318690	"10:100000:""gw"""	"3:200000:"""""	M1	HI	W15	SR_MINUS	15.0	/eos/user/c/cglenn/FCCWork/whizard/whizard_ttbar_spinpol/production/full6f_365gev_ee_ttbar_spinpol_v1/phase11_diagnostics/excess_weight_rootcause_v1/ttbar_restricted_region_suite_v1/regions/20260816T231425Z_U9region_core_W15_S8_np1_v1p0p1/W15/HI/M1/fixed/W15_HI_M1_A07_S0/F0	/eos/user/c/cglenn/FCCWork/whizard/whizard_ttbar_spinpol/production/full6f_365gev_ee_ttbar_spinpol_v1/phase11_diagnostics/excess_weight_rootcause_v1/ttbar_restricted_region_suite_v1/regions/20260816T231425Z_U9region_core_W15_S8_np1_v1p0p1/W15/HI/M1/fixed/W15_HI_M1_A07_S0/F0	/eos/user/c/cglenn/FCCWork/whizard/whizard_ttbar_spinpol/production/full6f_365gev_ee_ttbar_spinpol_v1/phase11_diagnostics/excess_weight_rootcause_v1/ttbar_restricted_region_suite_v1/regions/20260816T231425Z_U9region_core_W15_S8_np1_v1p0p1/fixed/W15_HI_M1_A07_S0/F0	runtime_flat_fallback	PASS	PASS	0	20733e0e17025d2c73f73a666c5b62f92c105ca98114231020130b77f5730d5d	7d9c76c14508da351c010fce8cd9fb6e61b24bc49d0edb5a0c957beef290beba	0ca71b63446be5a977fa6c81728a491b88b99c9dee42ad8ea8b392f589340db5	1	0	1	/eos/user/c/cglenn/FCCWork/whizard/whizard_ttbar_spinpol/production/full6f_365gev_ee_ttbar_spinpol_v1/phase11_diagnostics/excess_weight_rootcause_v1/ttbar_restricted_region_suite_v1/regions/20260816T231425Z_U9region_core_W15_S8_np1_v1p0p1/fixed/W15_HI_M1_A07_S0/F0/console.log	1
P_W15_HI_M1_A07_S1	adaptive	W15_HI_M1_A07_S1		A07		S1	1751949026	1404282457	"10:100000:""gw"""		M1	HI	W15	SR_MINUS	15.0	/eos/user/c/cglenn/FCCWork/whizard/whizard_ttbar_spinpol/production/full6f_365gev_ee_ttbar_spinpol_v1/phase11_diagnostics/excess_weight_rootcause_v1/ttbar_restricted_region_suite_v1/regions/20260816T231425Z_U9region_core_W15_S8_np1_v1p0p1/W15/HI/M1/adaptive/W15_HI_M1_A07_S1	/eos/user/c/cglenn/FCCWork/whizard/whizard_ttbar_spinpol/production/full6f_365gev_ee_ttbar_spinpol_v1/phase11_diagnostics/excess_weight_rootcause_v1/ttbar_restricted_region_suite_v1/regions/20260816T231425Z_U9region_core_W15_S8_np1_v1p0p1/W15/HI/M1/adaptive/W15_HI_M1_A07_S1	/eos/user/c/cglenn/FCCWork/whizard/whizard_ttbar_spinpol/production/full6f_365gev_ee_ttbar_spinpol_v1/phase11_diagnostics/excess_weight_rootcause_v1/ttbar_restricted_region_suite_v1/regions/20260816T231425Z_U9region_core_W15_S8_np1_v1p0p1/adaptive/W15_HI_M1_A07_S1	runtime_flat_fallback	PASS	PASS	0	20733e0e17025d2c73f73a666c5b62f92c105ca98114231020130b77f5730d5d	5ffbe4bbc3e040b073cf99715e45f2f7e130c14cf35669ab837397b8cedf2956		0	1		/eos/user/c/cglenn/FCCWork/whizard/whizard_ttbar_spinpol/production/full6f_365gev_ee_ttbar_spinpol_v1/phase11_diagnostics/excess_weight_rootcause_v1/ttbar_restricted_region_suite_v1/regions/20260816T231425Z_U9region_core_W15_S8_np1_v1p0p1/adaptive/W15_HI_M1_A07_S1/console.log	1
C_W15_HI_M1_A07_S1_F0	fixed	W15_HI_M1_A07_S1_F0	W15_HI_M1_A07_S1	A07	F0	S1	1751949026	1404282457	"10:100000:""gw"""	"3:200000:"""""	M1	HI	W15	SR_MINUS	15.0	/eos/user/c/cglenn/FCCWork/whizard/whizard_ttbar_spinpol/production/full6f_365gev_ee_ttbar_spinpol_v1/phase11_diagnostics/excess_weight_rootcause_v1/ttbar_restricted_region_suite_v1/regions/20260816T231425Z_U9region_core_W15_S8_np1_v1p0p1/W15/HI/M1/fixed/W15_HI_M1_A07_S1/F0	/eos/user/c/cglenn/FCCWork/whizard/whizard_ttbar_spinpol/production/full6f_365gev_ee_ttbar_spinpol_v1/phase11_diagnostics/excess_weight_rootcause_v1/ttbar_restricted_region_suite_v1/regions/20260816T231425Z_U9region_core_W15_S8_np1_v1p0p1/W15/HI/M1/fixed/W15_HI_M1_A07_S1/F0	/eos/user/c/cglenn/FCCWork/whizard/whizard_ttbar_spinpol/production/full6f_365gev_ee_ttbar_spinpol_v1/phase11_diagnostics/excess_weight_rootcause_v1/ttbar_restricted_region_suite_v1/regions/20260816T231425Z_U9region_core_W15_S8_np1_v1p0p1/fixed/W15_HI_M1_A07_S1/F0	runtime_flat_fallback	PASS	PASS	0	20733e0e17025d2c73f73a666c5b62f92c105ca98114231020130b77f5730d5d	fa325028141e256dbd963af55ae7ce05d3f7541a37e5dcc7d5acd078ec103ec2	5ffbe4bbc3e040b073cf99715e45f2f7e130c14cf35669ab837397b8cedf2956	1	0	1	/eos/user/c/cglenn/FCCWork/whizard/whizard_ttbar_spinpol/production/full6f_365gev_ee_ttbar_spinpol_v1/phase11_diagnostics/excess_weight_rootcause_v1/ttbar_restricted_region_suite_v1/regions/20260816T231425Z_U9region_core_W15_S8_np1_v1p0p1/fixed/W15_HI_M1_A07_S1/F0/console.log	1
P_W15_HI_M1_A07_S2	adaptive	W15_HI_M1_A07_S2		A07		S2	1885084773	1596606550	"10:100000:""gw"""		M1	HI	W15	SR_MINUS	15.0	/eos/user/c/cglenn/FCCWork/whizard/whizard_ttbar_spinpol/production/full6f_365gev_ee_ttbar_spinpol_v1/phase11_diagnostics/excess_weight_rootcause_v1/ttbar_restricted_region_suite_v1/regions/20260816T231425Z_U9region_core_W15_S8_np1_v1p0p1/W15/HI/M1/adaptive/W15_HI_M1_A07_S2	/eos/user/c/cglenn/FCCWork/whizard/whizard_ttbar_spinpol/production/full6f_365gev_ee_ttbar_spinpol_v1/phase11_diagnostics/excess_weight_rootcause_v1/ttbar_restricted_region_suite_v1/regions/20260816T231425Z_U9region_core_W15_S8_np1_v1p0p1/W15/HI/M1/adaptive/W15_HI_M1_A07_S2	/eos/user/c/cglenn/FCCWork/whizard/whizard_ttbar_spinpol/production/full6f_365gev_ee_ttbar_spinpol_v1/phase11_diagnostics/excess_weight_rootcause_v1/ttbar_restricted_region_suite_v1/regions/20260816T231425Z_U9region_core_W15_S8_np1_v1p0p1/adaptive/W15_HI_M1_A07_S2	runtime_flat_fallback	PASS	PASS	0	20733e0e17025d2c73f73a666c5b62f92c105ca98114231020130b77f5730d5d	09921ba10dfad8f3bedee64f483c72f680aad2645c921356b3b96ee1179aef48		0	1		/eos/user/c/cglenn/FCCWork/whizard/whizard_ttbar_spinpol/production/full6f_365gev_ee_ttbar_spinpol_v1/phase11_diagnostics/excess_weight_rootcause_v1/ttbar_restricted_region_suite_v1/regions/20260816T231425Z_U9region_core_W15_S8_np1_v1p0p1/adaptive/W15_HI_M1_A07_S2/console.log	1
C_W15_HI_M1_A07_S2_F0	fixed	W15_HI_M1_A07_S2_F0	W15_HI_M1_A07_S2	A07	F0	S2	1885084773	1596606550	"10:100000:""gw"""	"3:200000:"""""	M1	HI	W15	SR_MINUS	15.0	/eos/user/c/cglenn/FCCWork/whizard/whizard_ttbar_spinpol/production/full6f_365gev_ee_ttbar_spinpol_v1/phase11_diagnostics/excess_weight_rootcause_v1/ttbar_restricted_region_suite_v1/regions/20260816T231425Z_U9region_core_W15_S8_np1_v1p0p1/W15/HI/M1/fixed/W15_HI_M1_A07_S2/F0	/eos/user/c/cglenn/FCCWork/whizard/whizard_ttbar_spinpol/production/full6f_365gev_ee_ttbar_spinpol_v1/phase11_diagnostics/excess_weight_rootcause_v1/ttbar_restricted_region_suite_v1/regions/20260816T231425Z_U9region_core_W15_S8_np1_v1p0p1/W15/HI/M1/fixed/W15_HI_M1_A07_S2/F0	/eos/user/c/cglenn/FCCWork/whizard/whizard_ttbar_spinpol/production/full6f_365gev_ee_ttbar_spinpol_v1/phase11_diagnostics/excess_weight_rootcause_v1/ttbar_restricted_region_suite_v1/regions/20260816T231425Z_U9region_core_W15_S8_np1_v1p0p1/fixed/W15_HI_M1_A07_S2/F0	runtime_flat_fallback	PASS	PASS	0	20733e0e17025d2c73f73a666c5b62f92c105ca98114231020130b77f5730d5d	64022c006987f7faf36e2a0a014b7863d594b47c29ff9add9412b51ea893f35f	09921ba10dfad8f3bedee64f483c72f680aad2645c921356b3b96ee1179aef48	1	0	1	/eos/user/c/cglenn/FCCWork/whizard/whizard_ttbar_spinpol/production/full6f_365gev_ee_ttbar_spinpol_v1/phase11_diagnostics/excess_weight_rootcause_v1/ttbar_restricted_region_suite_v1/regions/20260816T231425Z_U9region_core_W15_S8_np1_v1p0p1/fixed/W15_HI_M1_A07_S2/F0/console.log	1
P_W15_HI_M1_A07_S3	adaptive	W15_HI_M1_A07_S3		A07		S3	134326786	769890491	"10:100000:""gw"""		M1	HI	W15	SR_MINUS	15.0	/eos/user/c/cglenn/FCCWork/whizard/whizard_ttbar_spinpol/production/full6f_365gev_ee_ttbar_spinpol_v1/phase11_diagnostics/excess_weight_rootcause_v1/ttbar_restricted_region_suite_v1/regions/20260816T231425Z_U9region_core_W15_S8_np1_v1p0p1/W15/HI/M1/adaptive/W15_HI_M1_A07_S3	/eos/user/c/cglenn/FCCWork/whizard/whizard_ttbar_spinpol/production/full6f_365gev_ee_ttbar_spinpol_v1/phase11_diagnostics/excess_weight_rootcause_v1/ttbar_restricted_region_suite_v1/regions/20260816T231425Z_U9region_core_W15_S8_np1_v1p0p1/W15/HI/M1/adaptive/W15_HI_M1_A07_S3	/eos/user/c/cglenn/FCCWork/whizard/whizard_ttbar_spinpol/production/full6f_365gev_ee_ttbar_spinpol_v1/phase11_diagnostics/excess_weight_rootcause_v1/ttbar_restricted_region_suite_v1/regions/20260816T231425Z_U9region_core_W15_S8_np1_v1p0p1/adaptive/W15_HI_M1_A07_S3	runtime_flat_fallback	PASS	PASS	0	20733e0e17025d2c73f73a666c5b62f92c105ca98114231020130b77f5730d5d	f1c48316a7d43796e5a14e8cee5ee1443f5a94f5551e00c8a7d35b75ffa716b4		0	1		/eos/user/c/cglenn/FCCWork/whizard/whizard_ttbar_spinpol/production/full6f_365gev_ee_ttbar_spinpol_v1/phase11_diagnostics/excess_weight_rootcause_v1/ttbar_restricted_region_suite_v1/regions/20260816T231425Z_U9region_core_W15_S8_np1_v1p0p1/adaptive/W15_HI_M1_A07_S3/console.log	1
C_W15_HI_M1_A07_S3_F0	fixed	W15_HI_M1_A07_S3_F0	W15_HI_M1_A07_S3	A07	F0	S3	134326786	769890491	"10:100000:""gw"""	"3:200000:"""""	M1	HI	W15	SR_MINUS	15.0	/eos/user/c/cglenn/FCCWork/whizard/whizard_ttbar_spinpol/production/full6f_365gev_ee_ttbar_spinpol_v1/phase11_diagnostics/excess_weight_rootcause_v1/ttbar_restricted_region_suite_v1/regions/20260816T231425Z_U9region_core_W15_S8_np1_v1p0p1/W15/HI/M1/fixed/W15_HI_M1_A07_S3/F0	/eos/user/c/cglenn/FCCWork/whizard/whizard_ttbar_spinpol/production/full6f_365gev_ee_ttbar_spinpol_v1/phase11_diagnostics/excess_weight_rootcause_v1/ttbar_restricted_region_suite_v1/regions/20260816T231425Z_U9region_core_W15_S8_np1_v1p0p1/W15/HI/M1/fixed/W15_HI_M1_A07_S3/F0	/eos/user/c/cglenn/FCCWork/whizard/whizard_ttbar_spinpol/production/full6f_365gev_ee_ttbar_spinpol_v1/phase11_diagnostics/excess_weight_rootcause_v1/ttbar_restricted_region_suite_v1/regions/20260816T231425Z_U9region_core_W15_S8_np1_v1p0p1/fixed/W15_HI_M1_A07_S3/F0	runtime_flat_fallback	PASS	PASS	0	20733e0e17025d2c73f73a666c5b62f92c105ca98114231020130b77f5730d5d	9fb48371a8c1dedc3a2b66ca39698f879cbd688c4007de53999d0540629dbfbf	f1c48316a7d43796e5a14e8cee5ee1443f5a94f5551e00c8a7d35b75ffa716b4	1	0	1	/eos/user/c/cglenn/FCCWork/whizard/whizard_ttbar_spinpol/production/full6f_365gev_ee_ttbar_spinpol_v1/phase11_diagnostics/excess_weight_rootcause_v1/ttbar_restricted_region_suite_v1/regions/20260816T231425Z_U9region_core_W15_S8_np1_v1p0p1/fixed/W15_HI_M1_A07_S3/F0/console.log	1
P_W15_HI_M1_A07_S4	adaptive	W15_HI_M1_A07_S4		A07		S4	249371675	462903030	"10:100000:""gw"""		M1	HI	W15	SR_MINUS	15.0	/eos/user/c/cglenn/FCCWork/whizard/whizard_ttbar_spinpol/production/full6f_365gev_ee_ttbar_spinpol_v1/phase11_diagnostics/excess_weight_rootcause_v1/ttbar_restricted_region_suite_v1/regions/20260816T231425Z_U9region_core_W15_S8_np1_v1p0p1/W15/HI/M1/adaptive/W15_HI_M1_A07_S4	/eos/user/c/cglenn/FCCWork/whizard/whizard_ttbar_spinpol/production/full6f_365gev_ee_ttbar_spinpol_v1/phase11_diagnostics/excess_weight_rootcause_v1/ttbar_restricted_region_suite_v1/regions/20260816T231425Z_U9region_core_W15_S8_np1_v1p0p1/W15/HI/M1/adaptive/W15_HI_M1_A07_S4	/eos/user/c/cglenn/FCCWork/whizard/whizard_ttbar_spinpol/production/full6f_365gev_ee_ttbar_spinpol_v1/phase11_diagnostics/excess_weight_rootcause_v1/ttbar_restricted_region_suite_v1/regions/20260816T231425Z_U9region_core_W15_S8_np1_v1p0p1/adaptive/W15_HI_M1_A07_S4	runtime_flat_fallback	PASS	PASS	0	20733e0e17025d2c73f73a666c5b62f92c105ca98114231020130b77f5730d5d	bf2d40991318f18685f4020033ae8c4c45bc74a115ccbc769b323c8fa7e6ad25		0	1		/eos/user/c/cglenn/FCCWork/whizard/whizard_ttbar_spinpol/production/full6f_365gev_ee_ttbar_spinpol_v1/phase11_diagnostics/excess_weight_rootcause_v1/ttbar_restricted_region_suite_v1/regions/20260816T231425Z_U9region_core_W15_S8_np1_v1p0p1/adaptive/W15_HI_M1_A07_S4/console.log	1
C_W15_HI_M1_A07_S4_F0	fixed	W15_HI_M1_A07_S4_F0	W15_HI_M1_A07_S4	A07	F0	S4	249371675	462903030	"10:100000:""gw"""	"3:200000:"""""	M1	HI	W15	SR_MINUS	15.0	/eos/user/c/cglenn/FCCWork/whizard/whizard_ttbar_spinpol/production/full6f_365gev_ee_ttbar_spinpol_v1/phase11_diagnostics/excess_weight_rootcause_v1/ttbar_restricted_region_suite_v1/regions/20260816T231425Z_U9region_core_W15_S8_np1_v1p0p1/W15/HI/M1/fixed/W15_HI_M1_A07_S4/F0	/eos/user/c/cglenn/FCCWork/whizard/whizard_ttbar_spinpol/production/full6f_365gev_ee_ttbar_spinpol_v1/phase11_diagnostics/excess_weight_rootcause_v1/ttbar_restricted_region_suite_v1/regions/20260816T231425Z_U9region_core_W15_S8_np1_v1p0p1/W15/HI/M1/fixed/W15_HI_M1_A07_S4/F0	/eos/user/c/cglenn/FCCWork/whizard/whizard_ttbar_spinpol/production/full6f_365gev_ee_ttbar_spinpol_v1/phase11_diagnostics/excess_weight_rootcause_v1/ttbar_restricted_region_suite_v1/regions/20260816T231425Z_U9region_core_W15_S8_np1_v1p0p1/fixed/W15_HI_M1_A07_S4/F0	runtime_flat_fallback	PASS	PASS	0	20733e0e17025d2c73f73a666c5b62f92c105ca98114231020130b77f5730d5d	6a6b9f4b179f72c101bc9155f134c1b302cd47a19a57e43cbdf6031ebebe89f5	bf2d40991318f18685f4020033ae8c4c45bc74a115ccbc769b323c8fa7e6ad25	1	0	1	/eos/user/c/cglenn/FCCWork/whizard/whizard_ttbar_spinpol/production/full6f_365gev_ee_ttbar_spinpol_v1/phase11_diagnostics/excess_weight_rootcause_v1/ttbar_restricted_region_suite_v1/regions/20260816T231425Z_U9region_core_W15_S8_np1_v1p0p1/fixed/W15_HI_M1_A07_S4/F0/console.log	1
P_W15_HI_M1_A07_S5	adaptive	W15_HI_M1_A07_S5		A07		S5	531087687	197846737	"10:100000:""gw"""		M1	HI	W15	SR_MINUS	15.0	/eos/user/c/cglenn/FCCWork/whizard/whizard_ttbar_spinpol/production/full6f_365gev_ee_ttbar_spinpol_v1/phase11_diagnostics/excess_weight_rootcause_v1/ttbar_restricted_region_suite_v1/regions/20260816T231425Z_U9region_core_W15_S8_np1_v1p0p1/W15/HI/M1/adaptive/W15_HI_M1_A07_S5	/eos/user/c/cglenn/FCCWork/whizard/whizard_ttbar_spinpol/production/full6f_365gev_ee_ttbar_spinpol_v1/phase11_diagnostics/excess_weight_rootcause_v1/ttbar_restricted_region_suite_v1/regions/20260816T231425Z_U9region_core_W15_S8_np1_v1p0p1/W15/HI/M1/adaptive/W15_HI_M1_A07_S5	/eos/user/c/cglenn/FCCWork/whizard/whizard_ttbar_spinpol/production/full6f_365gev_ee_ttbar_spinpol_v1/phase11_diagnostics/excess_weight_rootcause_v1/ttbar_restricted_region_suite_v1/regions/20260816T231425Z_U9region_core_W15_S8_np1_v1p0p1/adaptive/W15_HI_M1_A07_S5	runtime_flat_fallback	PASS	PASS	0	20733e0e17025d2c73f73a666c5b62f92c105ca98114231020130b77f5730d5d	cce9eece97ba5f84f4dac968252d2a13184b9bbc893511e56023d16239e4f1a1		0	1		/eos/user/c/cglenn/FCCWork/whizard/whizard_ttbar_spinpol/production/full6f_365gev_ee_ttbar_spinpol_v1/phase11_diagnostics/excess_weight_rootcause_v1/ttbar_restricted_region_suite_v1/regions/20260816T231425Z_U9region_core_W15_S8_np1_v1p0p1/adaptive/W15_HI_M1_A07_S5/console.log	1
C_W15_HI_M1_A07_S5_F0	fixed	W15_HI_M1_A07_S5_F0	W15_HI_M1_A07_S5	A07	F0	S5	531087687	197846737	"10:100000:""gw"""	"3:200000:"""""	M1	HI	W15	SR_MINUS	15.0	/eos/user/c/cglenn/FCCWork/whizard/whizard_ttbar_spinpol/production/full6f_365gev_ee_ttbar_spinpol_v1/phase11_diagnostics/excess_weight_rootcause_v1/ttbar_restricted_region_suite_v1/regions/20260816T231425Z_U9region_core_W15_S8_np1_v1p0p1/W15/HI/M1/fixed/W15_HI_M1_A07_S5/F0	/eos/user/c/cglenn/FCCWork/whizard/whizard_ttbar_spinpol/production/full6f_365gev_ee_ttbar_spinpol_v1/phase11_diagnostics/excess_weight_rootcause_v1/ttbar_restricted_region_suite_v1/regions/20260816T231425Z_U9region_core_W15_S8_np1_v1p0p1/W15/HI/M1/fixed/W15_HI_M1_A07_S5/F0	/eos/user/c/cglenn/FCCWork/whizard/whizard_ttbar_spinpol/production/full6f_365gev_ee_ttbar_spinpol_v1/phase11_diagnostics/excess_weight_rootcause_v1/ttbar_restricted_region_suite_v1/regions/20260816T231425Z_U9region_core_W15_S8_np1_v1p0p1/fixed/W15_HI_M1_A07_S5/F0	runtime_flat_fallback	PASS	PASS	0	20733e0e17025d2c73f73a666c5b62f92c105ca98114231020130b77f5730d5d	2037fe1404eade2071aa2df164e97bf8134680568514f4e1c4873780bd863328	cce9eece97ba5f84f4dac968252d2a13184b9bbc893511e56023d16239e4f1a1	1	0	1	/eos/user/c/cglenn/FCCWork/whizard/whizard_ttbar_spinpol/production/full6f_365gev_ee_ttbar_spinpol_v1/phase11_diagnostics/excess_weight_rootcause_v1/ttbar_restricted_region_suite_v1/regions/20260816T231425Z_U9region_core_W15_S8_np1_v1p0p1/fixed/W15_HI_M1_A07_S5/F0/console.log	1
P_W15_HI_M1_A07_S6	adaptive	W15_HI_M1_A07_S6		A07		S6	519963689	958460417	"10:100000:""gw"""		M1	HI	W15	SR_MINUS	15.0	/eos/user/c/cglenn/FCCWork/whizard/whizard_ttbar_spinpol/production/full6f_365gev_ee_ttbar_spinpol_v1/phase11_diagnostics/excess_weight_rootcause_v1/ttbar_restricted_region_suite_v1/regions/20260816T231425Z_U9region_core_W15_S8_np1_v1p0p1/W15/HI/M1/adaptive/W15_HI_M1_A07_S6	/eos/user/c/cglenn/FCCWork/whizard/whizard_ttbar_spinpol/production/full6f_365gev_ee_ttbar_spinpol_v1/phase11_diagnostics/excess_weight_rootcause_v1/ttbar_restricted_region_suite_v1/regions/20260816T231425Z_U9region_core_W15_S8_np1_v1p0p1/W15/HI/M1/adaptive/W15_HI_M1_A07_S6	/eos/user/c/cglenn/FCCWork/whizard/whizard_ttbar_spinpol/production/full6f_365gev_ee_ttbar_spinpol_v1/phase11_diagnostics/excess_weight_rootcause_v1/ttbar_restricted_region_suite_v1/regions/20260816T231425Z_U9region_core_W15_S8_np1_v1p0p1/adaptive/W15_HI_M1_A07_S6	runtime_flat_fallback	PASS	PASS	0	20733e0e17025d2c73f73a666c5b62f92c105ca98114231020130b77f5730d5d	38e472d02f32d5ef6123793e0b349eada5cb0f42041d1169f2083022edda7d53		0	1		/eos/user/c/cglenn/FCCWork/whizard/whizard_ttbar_spinpol/production/full6f_365gev_ee_ttbar_spinpol_v1/phase11_diagnostics/excess_weight_rootcause_v1/ttbar_restricted_region_suite_v1/regions/20260816T231425Z_U9region_core_W15_S8_np1_v1p0p1/adaptive/W15_HI_M1_A07_S6/console.log	1
C_W15_HI_M1_A07_S6_F0	fixed	W15_HI_M1_A07_S6_F0	W15_HI_M1_A07_S6	A07	F0	S6	519963689	958460417	"10:100000:""gw"""	"3:200000:"""""	M1	HI	W15	SR_MINUS	15.0	/eos/user/c/cglenn/FCCWork/whizard/whizard_ttbar_spinpol/production/full6f_365gev_ee_ttbar_spinpol_v1/phase11_diagnostics/excess_weight_rootcause_v1/ttbar_restricted_region_suite_v1/regions/20260816T231425Z_U9region_core_W15_S8_np1_v1p0p1/W15/HI/M1/fixed/W15_HI_M1_A07_S6/F0	/eos/user/c/cglenn/FCCWork/whizard/whizard_ttbar_spinpol/production/full6f_365gev_ee_ttbar_spinpol_v1/phase11_diagnostics/excess_weight_rootcause_v1/ttbar_restricted_region_suite_v1/regions/20260816T231425Z_U9region_core_W15_S8_np1_v1p0p1/W15/HI/M1/fixed/W15_HI_M1_A07_S6/F0	/eos/user/c/cglenn/FCCWork/whizard/whizard_ttbar_spinpol/production/full6f_365gev_ee_ttbar_spinpol_v1/phase11_diagnostics/excess_weight_rootcause_v1/ttbar_restricted_region_suite_v1/regions/20260816T231425Z_U9region_core_W15_S8_np1_v1p0p1/fixed/W15_HI_M1_A07_S6/F0	runtime_flat_fallback	PASS	PASS	0	20733e0e17025d2c73f73a666c5b62f92c105ca98114231020130b77f5730d5d	eb886efa0d62a9847a28b825824d3d5e6ae932a95334b11e94dc8a0ffb8d66dc	38e472d02f32d5ef6123793e0b349eada5cb0f42041d1169f2083022edda7d53	1	0	1	/eos/user/c/cglenn/FCCWork/whizard/whizard_ttbar_spinpol/production/full6f_365gev_ee_ttbar_spinpol_v1/phase11_diagnostics/excess_weight_rootcause_v1/ttbar_restricted_region_suite_v1/regions/20260816T231425Z_U9region_core_W15_S8_np1_v1p0p1/fixed/W15_HI_M1_A07_S6/F0/console.log	1
P_W15_HI_M1_A07_S7	adaptive	W15_HI_M1_A07_S7		A07		S7	1552803368	239117595	"10:100000:""gw"""		M1	HI	W15	SR_MINUS	15.0	/eos/user/c/cglenn/FCCWork/whizard/whizard_ttbar_spinpol/production/full6f_365gev_ee_ttbar_spinpol_v1/phase11_diagnostics/excess_weight_rootcause_v1/ttbar_restricted_region_suite_v1/regions/20260816T231425Z_U9region_core_W15_S8_np1_v1p0p1/W15/HI/M1/adaptive/W15_HI_M1_A07_S7	/eos/user/c/cglenn/FCCWork/whizard/whizard_ttbar_spinpol/production/full6f_365gev_ee_ttbar_spinpol_v1/phase11_diagnostics/excess_weight_rootcause_v1/ttbar_restricted_region_suite_v1/regions/20260816T231425Z_U9region_core_W15_S8_np1_v1p0p1/W15/HI/M1/adaptive/W15_HI_M1_A07_S7	/eos/user/c/cglenn/FCCWork/whizard/whizard_ttbar_spinpol/production/full6f_365gev_ee_ttbar_spinpol_v1/phase11_diagnostics/excess_weight_rootcause_v1/ttbar_restricted_region_suite_v1/regions/20260816T231425Z_U9region_core_W15_S8_np1_v1p0p1/adaptive/W15_HI_M1_A07_S7	runtime_flat_fallback	PASS	PASS	0	20733e0e17025d2c73f73a666c5b62f92c105ca98114231020130b77f5730d5d	20ac14b1e0b3810fac2cf6fd9f911c2793af7ccaee6a82caea89d6b096e8a794		0	1		/eos/user/c/cglenn/FCCWork/whizard/whizard_ttbar_spinpol/production/full6f_365gev_ee_ttbar_spinpol_v1/phase11_diagnostics/excess_weight_rootcause_v1/ttbar_restricted_region_suite_v1/regions/20260816T231425Z_U9region_core_W15_S8_np1_v1p0p1/adaptive/W15_HI_M1_A07_S7/console.log	1
C_W15_HI_M1_A07_S7_F0	fixed	W15_HI_M1_A07_S7_F0	W15_HI_M1_A07_S7	A07	F0	S7	1552803368	239117595	"10:100000:""gw"""	"3:200000:"""""	M1	HI	W15	SR_MINUS	15.0	/eos/user/c/cglenn/FCCWork/whizard/whizard_ttbar_spinpol/production/full6f_365gev_ee_ttbar_spinpol_v1/phase11_diagnostics/excess_weight_rootcause_v1/ttbar_restricted_region_suite_v1/regions/20260816T231425Z_U9region_core_W15_S8_np1_v1p0p1/W15/HI/M1/fixed/W15_HI_M1_A07_S7/F0	/eos/user/c/cglenn/FCCWork/whizard/whizard_ttbar_spinpol/production/full6f_365gev_ee_ttbar_spinpol_v1/phase11_diagnostics/excess_weight_rootcause_v1/ttbar_restricted_region_suite_v1/regions/20260816T231425Z_U9region_core_W15_S8_np1_v1p0p1/W15/HI/M1/fixed/W15_HI_M1_A07_S7/F0	/eos/user/c/cglenn/FCCWork/whizard/whizard_ttbar_spinpol/production/full6f_365gev_ee_ttbar_spinpol_v1/phase11_diagnostics/excess_weight_rootcause_v1/ttbar_restricted_region_suite_v1/regions/20260816T231425Z_U9region_core_W15_S8_np1_v1p0p1/fixed/W15_HI_M1_A07_S7/F0	runtime_flat_fallback	PASS	PASS	0	20733e0e17025d2c73f73a666c5b62f92c105ca98114231020130b77f5730d5d	75161fe6e0b6f52d1928583841172109cfd2653e47592343d71786696a3454d1	20ac14b1e0b3810fac2cf6fd9f911c2793af7ccaee6a82caea89d6b096e8a794	1	0	1	/eos/user/c/cglenn/FCCWork/whizard/whizard_ttbar_spinpol/production/full6f_365gev_ee_ttbar_spinpol_v1/phase11_diagnostics/excess_weight_rootcause_v1/ttbar_restricted_region_suite_v1/regions/20260816T231425Z_U9region_core_W15_S8_np1_v1p0p1/fixed/W15_HI_M1_A07_S7/F0/console.log	1
P_W15_HI_M2_A10_S0	adaptive	W15_HI_M2_A10_S0		A10		S0	1740114216	648318690	"1:1000000:""gw"""		M2	HI	W15	SR_MINUS	15.0	/eos/user/c/cglenn/FCCWork/whizard/whizard_ttbar_spinpol/production/full6f_365gev_ee_ttbar_spinpol_v1/phase11_diagnostics/excess_weight_rootcause_v1/ttbar_restricted_region_suite_v1/regions/20260816T231425Z_U9region_core_W15_S8_np1_v1p0p1/W15/HI/M2/adaptive/W15_HI_M2_A10_S0	/eos/user/c/cglenn/FCCWork/whizard/whizard_ttbar_spinpol/production/full6f_365gev_ee_ttbar_spinpol_v1/phase11_diagnostics/excess_weight_rootcause_v1/ttbar_restricted_region_suite_v1/regions/20260816T231425Z_U9region_core_W15_S8_np1_v1p0p1/W15/HI/M2/adaptive/W15_HI_M2_A10_S0	/eos/user/c/cglenn/FCCWork/whizard/whizard_ttbar_spinpol/production/full6f_365gev_ee_ttbar_spinpol_v1/phase11_diagnostics/excess_weight_rootcause_v1/ttbar_restricted_region_suite_v1/regions/20260816T231425Z_U9region_core_W15_S8_np1_v1p0p1/adaptive/W15_HI_M2_A10_S0	runtime_flat_fallback	PASS	PASS	0	20733e0e17025d2c73f73a666c5b62f92c105ca98114231020130b77f5730d5d	229f6983051f26c484104f485fbc2f32f02b1e5c5628ff77e8da08b71716dbc3		0	1		/eos/user/c/cglenn/FCCWork/whizard/whizard_ttbar_spinpol/production/full6f_365gev_ee_ttbar_spinpol_v1/phase11_diagnostics/excess_weight_rootcause_v1/ttbar_restricted_region_suite_v1/regions/20260816T231425Z_U9region_core_W15_S8_np1_v1p0p1/adaptive/W15_HI_M2_A10_S0/console.log	1
C_W15_HI_M2_A10_S0_F2	fixed	W15_HI_M2_A10_S0_F2	W15_HI_M2_A10_S0	A10	F2	S0	1740114216	648318690	"1:1000000:""gw"""	"1:2000000:"""""	M2	HI	W15	SR_MINUS	15.0	/eos/user/c/cglenn/FCCWork/whizard/whizard_ttbar_spinpol/production/full6f_365gev_ee_ttbar_spinpol_v1/phase11_diagnostics/excess_weight_rootcause_v1/ttbar_restricted_region_suite_v1/regions/20260816T231425Z_U9region_core_W15_S8_np1_v1p0p1/W15/HI/M2/fixed/W15_HI_M2_A10_S0/F2	/eos/user/c/cglenn/FCCWork/whizard/whizard_ttbar_spinpol/production/full6f_365gev_ee_ttbar_spinpol_v1/phase11_diagnostics/excess_weight_rootcause_v1/ttbar_restricted_region_suite_v1/regions/20260816T231425Z_U9region_core_W15_S8_np1_v1p0p1/W15/HI/M2/fixed/W15_HI_M2_A10_S0/F2	/eos/user/c/cglenn/FCCWork/whizard/whizard_ttbar_spinpol/production/full6f_365gev_ee_ttbar_spinpol_v1/phase11_diagnostics/excess_weight_rootcause_v1/ttbar_restricted_region_suite_v1/regions/20260816T231425Z_U9region_core_W15_S8_np1_v1p0p1/fixed/W15_HI_M2_A10_S0/F2	runtime_flat_fallback	PASS	PASS	0	20733e0e17025d2c73f73a666c5b62f92c105ca98114231020130b77f5730d5d	6361c1a13cfd06ad05c1de39d6a550b506f9f28cd999ad060189315e1a83a4ff	229f6983051f26c484104f485fbc2f32f02b1e5c5628ff77e8da08b71716dbc3	1	0	1	/eos/user/c/cglenn/FCCWork/whizard/whizard_ttbar_spinpol/production/full6f_365gev_ee_ttbar_spinpol_v1/phase11_diagnostics/excess_weight_rootcause_v1/ttbar_restricted_region_suite_v1/regions/20260816T231425Z_U9region_core_W15_S8_np1_v1p0p1/fixed/W15_HI_M2_A10_S0/F2/console.log	1
P_W15_HI_M2_A10_S1	adaptive	W15_HI_M2_A10_S1		A10		S1	1751949026	1404282457	"1:1000000:""gw"""		M2	HI	W15	SR_MINUS	15.0	/eos/user/c/cglenn/FCCWork/whizard/whizard_ttbar_spinpol/production/full6f_365gev_ee_ttbar_spinpol_v1/phase11_diagnostics/excess_weight_rootcause_v1/ttbar_restricted_region_suite_v1/regions/20260816T231425Z_U9region_core_W15_S8_np1_v1p0p1/W15/HI/M2/adaptive/W15_HI_M2_A10_S1	/eos/user/c/cglenn/FCCWork/whizard/whizard_ttbar_spinpol/production/full6f_365gev_ee_ttbar_spinpol_v1/phase11_diagnostics/excess_weight_rootcause_v1/ttbar_restricted_region_suite_v1/regions/20260816T231425Z_U9region_core_W15_S8_np1_v1p0p1/W15/HI/M2/adaptive/W15_HI_M2_A10_S1	/eos/user/c/cglenn/FCCWork/whizard/whizard_ttbar_spinpol/production/full6f_365gev_ee_ttbar_spinpol_v1/phase11_diagnostics/excess_weight_rootcause_v1/ttbar_restricted_region_suite_v1/regions/20260816T231425Z_U9region_core_W15_S8_np1_v1p0p1/adaptive/W15_HI_M2_A10_S1	runtime_flat_fallback	PASS	PASS	0	20733e0e17025d2c73f73a666c5b62f92c105ca98114231020130b77f5730d5d	a225d3b73fa4ae902b0c7c0796b1f8e528eae5c5157ff1964bc201be31e3f4a4		0	1		/eos/user/c/cglenn/FCCWork/whizard/whizard_ttbar_spinpol/production/full6f_365gev_ee_ttbar_spinpol_v1/phase11_diagnostics/excess_weight_rootcause_v1/ttbar_restricted_region_suite_v1/regions/20260816T231425Z_U9region_core_W15_S8_np1_v1p0p1/adaptive/W15_HI_M2_A10_S1/console.log	1
C_W15_HI_M2_A10_S1_F2	fixed	W15_HI_M2_A10_S1_F2	W15_HI_M2_A10_S1	A10	F2	S1	1751949026	1404282457	"1:1000000:""gw"""	"1:2000000:"""""	M2	HI	W15	SR_MINUS	15.0	/eos/user/c/cglenn/FCCWork/whizard/whizard_ttbar_spinpol/production/full6f_365gev_ee_ttbar_spinpol_v1/phase11_diagnostics/excess_weight_rootcause_v1/ttbar_restricted_region_suite_v1/regions/20260816T231425Z_U9region_core_W15_S8_np1_v1p0p1/W15/HI/M2/fixed/W15_HI_M2_A10_S1/F2	/eos/user/c/cglenn/FCCWork/whizard/whizard_ttbar_spinpol/production/full6f_365gev_ee_ttbar_spinpol_v1/phase11_diagnostics/excess_weight_rootcause_v1/ttbar_restricted_region_suite_v1/regions/20260816T231425Z_U9region_core_W15_S8_np1_v1p0p1/W15/HI/M2/fixed/W15_HI_M2_A10_S1/F2	/eos/user/c/cglenn/FCCWork/whizard/whizard_ttbar_spinpol/production/full6f_365gev_ee_ttbar_spinpol_v1/phase11_diagnostics/excess_weight_rootcause_v1/ttbar_restricted_region_suite_v1/regions/20260816T231425Z_U9region_core_W15_S8_np1_v1p0p1/fixed/W15_HI_M2_A10_S1/F2	runtime_flat_fallback	PASS	PASS	0	20733e0e17025d2c73f73a666c5b62f92c105ca98114231020130b77f5730d5d	9d4396e32c7c9d75cea9b6babf97c4cb039a6398d25261ba01fae013e3f222b2	a225d3b73fa4ae902b0c7c0796b1f8e528eae5c5157ff1964bc201be31e3f4a4	1	0	1	/eos/user/c/cglenn/FCCWork/whizard/whizard_ttbar_spinpol/production/full6f_365gev_ee_ttbar_spinpol_v1/phase11_diagnostics/excess_weight_rootcause_v1/ttbar_restricted_region_suite_v1/regions/20260816T231425Z_U9region_core_W15_S8_np1_v1p0p1/fixed/W15_HI_M2_A10_S1/F2/console.log	1
P_W15_HI_M2_A10_S2	adaptive	W15_HI_M2_A10_S2		A10		S2	1885084773	1596606550	"1:1000000:""gw"""		M2	HI	W15	SR_MINUS	15.0	/eos/user/c/cglenn/FCCWork/whizard/whizard_ttbar_spinpol/production/full6f_365gev_ee_ttbar_spinpol_v1/phase11_diagnostics/excess_weight_rootcause_v1/ttbar_restricted_region_suite_v1/regions/20260816T231425Z_U9region_core_W15_S8_np1_v1p0p1/W15/HI/M2/adaptive/W15_HI_M2_A10_S2	/eos/user/c/cglenn/FCCWork/whizard/whizard_ttbar_spinpol/production/full6f_365gev_ee_ttbar_spinpol_v1/phase11_diagnostics/excess_weight_rootcause_v1/ttbar_restricted_region_suite_v1/regions/20260816T231425Z_U9region_core_W15_S8_np1_v1p0p1/W15/HI/M2/adaptive/W15_HI_M2_A10_S2	/eos/user/c/cglenn/FCCWork/whizard/whizard_ttbar_spinpol/production/full6f_365gev_ee_ttbar_spinpol_v1/phase11_diagnostics/excess_weight_rootcause_v1/ttbar_restricted_region_suite_v1/regions/20260816T231425Z_U9region_core_W15_S8_np1_v1p0p1/adaptive/W15_HI_M2_A10_S2	runtime_flat_fallback	PASS	PASS	0	20733e0e17025d2c73f73a666c5b62f92c105ca98114231020130b77f5730d5d	c2081439fa8c47ae7d0e4a1a425c647b0584dd41e9bc5c1334602ab57c0ca877		0	1		/eos/user/c/cglenn/FCCWork/whizard/whizard_ttbar_spinpol/production/full6f_365gev_ee_ttbar_spinpol_v1/phase11_diagnostics/excess_weight_rootcause_v1/ttbar_restricted_region_suite_v1/regions/20260816T231425Z_U9region_core_W15_S8_np1_v1p0p1/adaptive/W15_HI_M2_A10_S2/console.log	1
C_W15_HI_M2_A10_S2_F2	fixed	W15_HI_M2_A10_S2_F2	W15_HI_M2_A10_S2	A10	F2	S2	1885084773	1596606550	"1:1000000:""gw"""	"1:2000000:"""""	M2	HI	W15	SR_MINUS	15.0	/eos/user/c/cglenn/FCCWork/whizard/whizard_ttbar_spinpol/production/full6f_365gev_ee_ttbar_spinpol_v1/phase11_diagnostics/excess_weight_rootcause_v1/ttbar_restricted_region_suite_v1/regions/20260816T231425Z_U9region_core_W15_S8_np1_v1p0p1/W15/HI/M2/fixed/W15_HI_M2_A10_S2/F2	/eos/user/c/cglenn/FCCWork/whizard/whizard_ttbar_spinpol/production/full6f_365gev_ee_ttbar_spinpol_v1/phase11_diagnostics/excess_weight_rootcause_v1/ttbar_restricted_region_suite_v1/regions/20260816T231425Z_U9region_core_W15_S8_np1_v1p0p1/W15/HI/M2/fixed/W15_HI_M2_A10_S2/F2	/eos/user/c/cglenn/FCCWork/whizard/whizard_ttbar_spinpol/production/full6f_365gev_ee_ttbar_spinpol_v1/phase11_diagnostics/excess_weight_rootcause_v1/ttbar_restricted_region_suite_v1/regions/20260816T231425Z_U9region_core_W15_S8_np1_v1p0p1/fixed/W15_HI_M2_A10_S2/F2	runtime_flat_fallback	PASS	PASS	0	20733e0e17025d2c73f73a666c5b62f92c105ca98114231020130b77f5730d5d	501af6faa0f08cd312b0b24ec360c7dc0a24cb8c6b1b1d660afb17f4c1f624b5	c2081439fa8c47ae7d0e4a1a425c647b0584dd41e9bc5c1334602ab57c0ca877	1	0	1	/eos/user/c/cglenn/FCCWork/whizard/whizard_ttbar_spinpol/production/full6f_365gev_ee_ttbar_spinpol_v1/phase11_diagnostics/excess_weight_rootcause_v1/ttbar_restricted_region_suite_v1/regions/20260816T231425Z_U9region_core_W15_S8_np1_v1p0p1/fixed/W15_HI_M2_A10_S2/F2/console.log	1
P_W15_HI_M2_A10_S3	adaptive	W15_HI_M2_A10_S3		A10		S3	134326786	769890491	"1:1000000:""gw"""		M2	HI	W15	SR_MINUS	15.0	/eos/user/c/cglenn/FCCWork/whizard/whizard_ttbar_spinpol/production/full6f_365gev_ee_ttbar_spinpol_v1/phase11_diagnostics/excess_weight_rootcause_v1/ttbar_restricted_region_suite_v1/regions/20260816T231425Z_U9region_core_W15_S8_np1_v1p0p1/W15/HI/M2/adaptive/W15_HI_M2_A10_S3	/eos/user/c/cglenn/FCCWork/whizard/whizard_ttbar_spinpol/production/full6f_365gev_ee_ttbar_spinpol_v1/phase11_diagnostics/excess_weight_rootcause_v1/ttbar_restricted_region_suite_v1/regions/20260816T231425Z_U9region_core_W15_S8_np1_v1p0p1/W15/HI/M2/adaptive/W15_HI_M2_A10_S3	/eos/user/c/cglenn/FCCWork/whizard/whizard_ttbar_spinpol/production/full6f_365gev_ee_ttbar_spinpol_v1/phase11_diagnostics/excess_weight_rootcause_v1/ttbar_restricted_region_suite_v1/regions/20260816T231425Z_U9region_core_W15_S8_np1_v1p0p1/adaptive/W15_HI_M2_A10_S3	runtime_flat_fallback	PASS	PASS	0	20733e0e17025d2c73f73a666c5b62f92c105ca98114231020130b77f5730d5d	f2bc2a1a924d45d769dd6982b70d94d0bc2ad6a8d3bb63e54a49b55099820b0a		0	1		/eos/user/c/cglenn/FCCWork/whizard/whizard_ttbar_spinpol/production/full6f_365gev_ee_ttbar_spinpol_v1/phase11_diagnostics/excess_weight_rootcause_v1/ttbar_restricted_region_suite_v1/regions/20260816T231425Z_U9region_core_W15_S8_np1_v1p0p1/adaptive/W15_HI_M2_A10_S3/console.log	1
C_W15_HI_M2_A10_S3_F2	fixed	W15_HI_M2_A10_S3_F2	W15_HI_M2_A10_S3	A10	F2	S3	134326786	769890491	"1:1000000:""gw"""	"1:2000000:"""""	M2	HI	W15	SR_MINUS	15.0	/eos/user/c/cglenn/FCCWork/whizard/whizard_ttbar_spinpol/production/full6f_365gev_ee_ttbar_spinpol_v1/phase11_diagnostics/excess_weight_rootcause_v1/ttbar_restricted_region_suite_v1/regions/20260816T231425Z_U9region_core_W15_S8_np1_v1p0p1/W15/HI/M2/fixed/W15_HI_M2_A10_S3/F2	/eos/user/c/cglenn/FCCWork/whizard/whizard_ttbar_spinpol/production/full6f_365gev_ee_ttbar_spinpol_v1/phase11_diagnostics/excess_weight_rootcause_v1/ttbar_restricted_region_suite_v1/regions/20260816T231425Z_U9region_core_W15_S8_np1_v1p0p1/W15/HI/M2/fixed/W15_HI_M2_A10_S3/F2	/eos/user/c/cglenn/FCCWork/whizard/whizard_ttbar_spinpol/production/full6f_365gev_ee_ttbar_spinpol_v1/phase11_diagnostics/excess_weight_rootcause_v1/ttbar_restricted_region_suite_v1/regions/20260816T231425Z_U9region_core_W15_S8_np1_v1p0p1/fixed/W15_HI_M2_A10_S3/F2	runtime_flat_fallback	PASS	PASS	0	20733e0e17025d2c73f73a666c5b62f92c105ca98114231020130b77f5730d5d	5dd6051538f629148163dc7742590e1b034cbb45850c50e4f471b33039580e8d	f2bc2a1a924d45d769dd6982b70d94d0bc2ad6a8d3bb63e54a49b55099820b0a	1	0	1	/eos/user/c/cglenn/FCCWork/whizard/whizard_ttbar_spinpol/production/full6f_365gev_ee_ttbar_spinpol_v1/phase11_diagnostics/excess_weight_rootcause_v1/ttbar_restricted_region_suite_v1/regions/20260816T231425Z_U9region_core_W15_S8_np1_v1p0p1/fixed/W15_HI_M2_A10_S3/F2/console.log	1
P_W15_HI_M2_A10_S4	adaptive	W15_HI_M2_A10_S4		A10		S4	249371675	462903030	"1:1000000:""gw"""		M2	HI	W15	SR_MINUS	15.0	/eos/user/c/cglenn/FCCWork/whizard/whizard_ttbar_spinpol/production/full6f_365gev_ee_ttbar_spinpol_v1/phase11_diagnostics/excess_weight_rootcause_v1/ttbar_restricted_region_suite_v1/regions/20260816T231425Z_U9region_core_W15_S8_np1_v1p0p1/W15/HI/M2/adaptive/W15_HI_M2_A10_S4	/eos/user/c/cglenn/FCCWork/whizard/whizard_ttbar_spinpol/production/full6f_365gev_ee_ttbar_spinpol_v1/phase11_diagnostics/excess_weight_rootcause_v1/ttbar_restricted_region_suite_v1/regions/20260816T231425Z_U9region_core_W15_S8_np1_v1p0p1/W15/HI/M2/adaptive/W15_HI_M2_A10_S4	/eos/user/c/cglenn/FCCWork/whizard/whizard_ttbar_spinpol/production/full6f_365gev_ee_ttbar_spinpol_v1/phase11_diagnostics/excess_weight_rootcause_v1/ttbar_restricted_region_suite_v1/regions/20260816T231425Z_U9region_core_W15_S8_np1_v1p0p1/adaptive/W15_HI_M2_A10_S4	runtime_flat_fallback	PASS	PASS	0	20733e0e17025d2c73f73a666c5b62f92c105ca98114231020130b77f5730d5d	036700cdeec956866c53a72a60bd15313e551b5abc1baa6b0c6a1d19fa84ab03		0	1		/eos/user/c/cglenn/FCCWork/whizard/whizard_ttbar_spinpol/production/full6f_365gev_ee_ttbar_spinpol_v1/phase11_diagnostics/excess_weight_rootcause_v1/ttbar_restricted_region_suite_v1/regions/20260816T231425Z_U9region_core_W15_S8_np1_v1p0p1/adaptive/W15_HI_M2_A10_S4/console.log	1
C_W15_HI_M2_A10_S4_F2	fixed	W15_HI_M2_A10_S4_F2	W15_HI_M2_A10_S4	A10	F2	S4	249371675	462903030	"1:1000000:""gw"""	"1:2000000:"""""	M2	HI	W15	SR_MINUS	15.0	/eos/user/c/cglenn/FCCWork/whizard/whizard_ttbar_spinpol/production/full6f_365gev_ee_ttbar_spinpol_v1/phase11_diagnostics/excess_weight_rootcause_v1/ttbar_restricted_region_suite_v1/regions/20260816T231425Z_U9region_core_W15_S8_np1_v1p0p1/W15/HI/M2/fixed/W15_HI_M2_A10_S4/F2	/eos/user/c/cglenn/FCCWork/whizard/whizard_ttbar_spinpol/production/full6f_365gev_ee_ttbar_spinpol_v1/phase11_diagnostics/excess_weight_rootcause_v1/ttbar_restricted_region_suite_v1/regions/20260816T231425Z_U9region_core_W15_S8_np1_v1p0p1/W15/HI/M2/fixed/W15_HI_M2_A10_S4/F2	/eos/user/c/cglenn/FCCWork/whizard/whizard_ttbar_spinpol/production/full6f_365gev_ee_ttbar_spinpol_v1/phase11_diagnostics/excess_weight_rootcause_v1/ttbar_restricted_region_suite_v1/regions/20260816T231425Z_U9region_core_W15_S8_np1_v1p0p1/fixed/W15_HI_M2_A10_S4/F2	runtime_flat_fallback	PASS	PASS	0	20733e0e17025d2c73f73a666c5b62f92c105ca98114231020130b77f5730d5d	c9365b8c5714e1eacf2fbab001e243d425d8addb406c3fad26bcbe0d8f2c5a00	036700cdeec956866c53a72a60bd15313e551b5abc1baa6b0c6a1d19fa84ab03	1	0	1	/eos/user/c/cglenn/FCCWork/whizard/whizard_ttbar_spinpol/production/full6f_365gev_ee_ttbar_spinpol_v1/phase11_diagnostics/excess_weight_rootcause_v1/ttbar_restricted_region_suite_v1/regions/20260816T231425Z_U9region_core_W15_S8_np1_v1p0p1/fixed/W15_HI_M2_A10_S4/F2/console.log	1
P_W15_HI_M2_A10_S5	adaptive	W15_HI_M2_A10_S5		A10		S5	531087687	197846737	"1:1000000:""gw"""		M2	HI	W15	SR_MINUS	15.0	/eos/user/c/cglenn/FCCWork/whizard/whizard_ttbar_spinpol/production/full6f_365gev_ee_ttbar_spinpol_v1/phase11_diagnostics/excess_weight_rootcause_v1/ttbar_restricted_region_suite_v1/regions/20260816T231425Z_U9region_core_W15_S8_np1_v1p0p1/W15/HI/M2/adaptive/W15_HI_M2_A10_S5	/eos/user/c/cglenn/FCCWork/whizard/whizard_ttbar_spinpol/production/full6f_365gev_ee_ttbar_spinpol_v1/phase11_diagnostics/excess_weight_rootcause_v1/ttbar_restricted_region_suite_v1/regions/20260816T231425Z_U9region_core_W15_S8_np1_v1p0p1/W15/HI/M2/adaptive/W15_HI_M2_A10_S5	/eos/user/c/cglenn/FCCWork/whizard/whizard_ttbar_spinpol/production/full6f_365gev_ee_ttbar_spinpol_v1/phase11_diagnostics/excess_weight_rootcause_v1/ttbar_restricted_region_suite_v1/regions/20260816T231425Z_U9region_core_W15_S8_np1_v1p0p1/adaptive/W15_HI_M2_A10_S5	runtime_flat_fallback	PASS	PASS	0	20733e0e17025d2c73f73a666c5b62f92c105ca98114231020130b77f5730d5d	580b1d6fb956bc04754755a74b6da517141957fbacf97399cc9aba2e8aaf384c		0	1		/eos/user/c/cglenn/FCCWork/whizard/whizard_ttbar_spinpol/production/full6f_365gev_ee_ttbar_spinpol_v1/phase11_diagnostics/excess_weight_rootcause_v1/ttbar_restricted_region_suite_v1/regions/20260816T231425Z_U9region_core_W15_S8_np1_v1p0p1/adaptive/W15_HI_M2_A10_S5/console.log	1
C_W15_HI_M2_A10_S5_F2	fixed	W15_HI_M2_A10_S5_F2	W15_HI_M2_A10_S5	A10	F2	S5	531087687	197846737	"1:1000000:""gw"""	"1:2000000:"""""	M2	HI	W15	SR_MINUS	15.0	/eos/user/c/cglenn/FCCWork/whizard/whizard_ttbar_spinpol/production/full6f_365gev_ee_ttbar_spinpol_v1/phase11_diagnostics/excess_weight_rootcause_v1/ttbar_restricted_region_suite_v1/regions/20260816T231425Z_U9region_core_W15_S8_np1_v1p0p1/W15/HI/M2/fixed/W15_HI_M2_A10_S5/F2	/eos/user/c/cglenn/FCCWork/whizard/whizard_ttbar_spinpol/production/full6f_365gev_ee_ttbar_spinpol_v1/phase11_diagnostics/excess_weight_rootcause_v1/ttbar_restricted_region_suite_v1/regions/20260816T231425Z_U9region_core_W15_S8_np1_v1p0p1/W15/HI/M2/fixed/W15_HI_M2_A10_S5/F2	/eos/user/c/cglenn/FCCWork/whizard/whizard_ttbar_spinpol/production/full6f_365gev_ee_ttbar_spinpol_v1/phase11_diagnostics/excess_weight_rootcause_v1/ttbar_restricted_region_suite_v1/regions/20260816T231425Z_U9region_core_W15_S8_np1_v1p0p1/fixed/W15_HI_M2_A10_S5/F2	runtime_flat_fallback	PASS	PASS	0	20733e0e17025d2c73f73a666c5b62f92c105ca98114231020130b77f5730d5d	104f55985b61cbee44959f9792547911806577954d2ca62d1901c463b69a8127	580b1d6fb956bc04754755a74b6da517141957fbacf97399cc9aba2e8aaf384c	1	0	1	/eos/user/c/cglenn/FCCWork/whizard/whizard_ttbar_spinpol/production/full6f_365gev_ee_ttbar_spinpol_v1/phase11_diagnostics/excess_weight_rootcause_v1/ttbar_restricted_region_suite_v1/regions/20260816T231425Z_U9region_core_W15_S8_np1_v1p0p1/fixed/W15_HI_M2_A10_S5/F2/console.log	1
P_W15_HI_M2_A10_S6	adaptive	W15_HI_M2_A10_S6		A10		S6	519963689	958460417	"1:1000000:""gw"""		M2	HI	W15	SR_MINUS	15.0	/eos/user/c/cglenn/FCCWork/whizard/whizard_ttbar_spinpol/production/full6f_365gev_ee_ttbar_spinpol_v1/phase11_diagnostics/excess_weight_rootcause_v1/ttbar_restricted_region_suite_v1/regions/20260816T231425Z_U9region_core_W15_S8_np1_v1p0p1/W15/HI/M2/adaptive/W15_HI_M2_A10_S6	/eos/user/c/cglenn/FCCWork/whizard/whizard_ttbar_spinpol/production/full6f_365gev_ee_ttbar_spinpol_v1/phase11_diagnostics/excess_weight_rootcause_v1/ttbar_restricted_region_suite_v1/regions/20260816T231425Z_U9region_core_W15_S8_np1_v1p0p1/W15/HI/M2/adaptive/W15_HI_M2_A10_S6	/eos/user/c/cglenn/FCCWork/whizard/whizard_ttbar_spinpol/production/full6f_365gev_ee_ttbar_spinpol_v1/phase11_diagnostics/excess_weight_rootcause_v1/ttbar_restricted_region_suite_v1/regions/20260816T231425Z_U9region_core_W15_S8_np1_v1p0p1/adaptive/W15_HI_M2_A10_S6	runtime_flat_fallback	PASS	PASS	0	20733e0e17025d2c73f73a666c5b62f92c105ca98114231020130b77f5730d5d	31606a035506784698ff1bcc07613675d336b82331daeb1e78ac3767e24bcb65		0	1		/eos/user/c/cglenn/FCCWork/whizard/whizard_ttbar_spinpol/production/full6f_365gev_ee_ttbar_spinpol_v1/phase11_diagnostics/excess_weight_rootcause_v1/ttbar_restricted_region_suite_v1/regions/20260816T231425Z_U9region_core_W15_S8_np1_v1p0p1/adaptive/W15_HI_M2_A10_S6/console.log	1
C_W15_HI_M2_A10_S6_F2	fixed	W15_HI_M2_A10_S6_F2	W15_HI_M2_A10_S6	A10	F2	S6	519963689	958460417	"1:1000000:""gw"""	"1:2000000:"""""	M2	HI	W15	SR_MINUS	15.0	/eos/user/c/cglenn/FCCWork/whizard/whizard_ttbar_spinpol/production/full6f_365gev_ee_ttbar_spinpol_v1/phase11_diagnostics/excess_weight_rootcause_v1/ttbar_restricted_region_suite_v1/regions/20260816T231425Z_U9region_core_W15_S8_np1_v1p0p1/W15/HI/M2/fixed/W15_HI_M2_A10_S6/F2	/eos/user/c/cglenn/FCCWork/whizard/whizard_ttbar_spinpol/production/full6f_365gev_ee_ttbar_spinpol_v1/phase11_diagnostics/excess_weight_rootcause_v1/ttbar_restricted_region_suite_v1/regions/20260816T231425Z_U9region_core_W15_S8_np1_v1p0p1/W15/HI/M2/fixed/W15_HI_M2_A10_S6/F2	/eos/user/c/cglenn/FCCWork/whizard/whizard_ttbar_spinpol/production/full6f_365gev_ee_ttbar_spinpol_v1/phase11_diagnostics/excess_weight_rootcause_v1/ttbar_restricted_region_suite_v1/regions/20260816T231425Z_U9region_core_W15_S8_np1_v1p0p1/fixed/W15_HI_M2_A10_S6/F2	runtime_flat_fallback	PASS	PASS	0	20733e0e17025d2c73f73a666c5b62f92c105ca98114231020130b77f5730d5d	06d1cddb50d5b19828786ccf45204a03f6832df07133bc49722760b988dd6b4c	31606a035506784698ff1bcc07613675d336b82331daeb1e78ac3767e24bcb65	1	0	1	/eos/user/c/cglenn/FCCWork/whizard/whizard_ttbar_spinpol/production/full6f_365gev_ee_ttbar_spinpol_v1/phase11_diagnostics/excess_weight_rootcause_v1/ttbar_restricted_region_suite_v1/regions/20260816T231425Z_U9region_core_W15_S8_np1_v1p0p1/fixed/W15_HI_M2_A10_S6/F2/console.log	1
P_W15_HI_M2_A10_S7	adaptive	W15_HI_M2_A10_S7		A10		S7	1552803368	239117595	"1:1000000:""gw"""		M2	HI	W15	SR_MINUS	15.0	/eos/user/c/cglenn/FCCWork/whizard/whizard_ttbar_spinpol/production/full6f_365gev_ee_ttbar_spinpol_v1/phase11_diagnostics/excess_weight_rootcause_v1/ttbar_restricted_region_suite_v1/regions/20260816T231425Z_U9region_core_W15_S8_np1_v1p0p1/W15/HI/M2/adaptive/W15_HI_M2_A10_S7	/eos/user/c/cglenn/FCCWork/whizard/whizard_ttbar_spinpol/production/full6f_365gev_ee_ttbar_spinpol_v1/phase11_diagnostics/excess_weight_rootcause_v1/ttbar_restricted_region_suite_v1/regions/20260816T231425Z_U9region_core_W15_S8_np1_v1p0p1/W15/HI/M2/adaptive/W15_HI_M2_A10_S7	/eos/user/c/cglenn/FCCWork/whizard/whizard_ttbar_spinpol/production/full6f_365gev_ee_ttbar_spinpol_v1/phase11_diagnostics/excess_weight_rootcause_v1/ttbar_restricted_region_suite_v1/regions/20260816T231425Z_U9region_core_W15_S8_np1_v1p0p1/adaptive/W15_HI_M2_A10_S7	runtime_flat_fallback	PASS	PASS	0	20733e0e17025d2c73f73a666c5b62f92c105ca98114231020130b77f5730d5d	fb4b58461676e765b0465559973ff620da0b3eb2784becb772d3358813bb3e43		0	1		/eos/user/c/cglenn/FCCWork/whizard/whizard_ttbar_spinpol/production/full6f_365gev_ee_ttbar_spinpol_v1/phase11_diagnostics/excess_weight_rootcause_v1/ttbar_restricted_region_suite_v1/regions/20260816T231425Z_U9region_core_W15_S8_np1_v1p0p1/adaptive/W15_HI_M2_A10_S7/console.log	1
C_W15_HI_M2_A10_S7_F2	fixed	W15_HI_M2_A10_S7_F2	W15_HI_M2_A10_S7	A10	F2	S7	1552803368	239117595	"1:1000000:""gw"""	"1:2000000:"""""	M2	HI	W15	SR_MINUS	15.0	/eos/user/c/cglenn/FCCWork/whizard/whizard_ttbar_spinpol/production/full6f_365gev_ee_ttbar_spinpol_v1/phase11_diagnostics/excess_weight_rootcause_v1/ttbar_restricted_region_suite_v1/regions/20260816T231425Z_U9region_core_W15_S8_np1_v1p0p1/W15/HI/M2/fixed/W15_HI_M2_A10_S7/F2	/eos/user/c/cglenn/FCCWork/whizard/whizard_ttbar_spinpol/production/full6f_365gev_ee_ttbar_spinpol_v1/phase11_diagnostics/excess_weight_rootcause_v1/ttbar_restricted_region_suite_v1/regions/20260816T231425Z_U9region_core_W15_S8_np1_v1p0p1/W15/HI/M2/fixed/W15_HI_M2_A10_S7/F2	/eos/user/c/cglenn/FCCWork/whizard/whizard_ttbar_spinpol/production/full6f_365gev_ee_ttbar_spinpol_v1/phase11_diagnostics/excess_weight_rootcause_v1/ttbar_restricted_region_suite_v1/regions/20260816T231425Z_U9region_core_W15_S8_np1_v1p0p1/fixed/W15_HI_M2_A10_S7/F2	runtime_flat_fallback	PASS	PASS	0	20733e0e17025d2c73f73a666c5b62f92c105ca98114231020130b77f5730d5d	bbf3477fa050576340955d9546053b09ad54ae48e82aaf16d341f1421dd1c385	fb4b58461676e765b0465559973ff620da0b3eb2784becb772d3358813bb3e43	1	0	1	/eos/user/c/cglenn/FCCWork/whizard/whizard_ttbar_spinpol/production/full6f_365gev_ee_ttbar_spinpol_v1/phase11_diagnostics/excess_weight_rootcause_v1/ttbar_restricted_region_suite_v1/regions/20260816T231425Z_U9region_core_W15_S8_np1_v1p0p1/fixed/W15_HI_M2_A10_S7/F2/console.log	1
P_W15_HH_M0_A00_S0	adaptive	W15_HH_M0_A00_S0		A00		S0	1740114216	648318690	"5:50000:""gw"""		M0	HH	W15	NR	15.0	/eos/user/c/cglenn/FCCWork/whizard/whizard_ttbar_spinpol/production/full6f_365gev_ee_ttbar_spinpol_v1/phase11_diagnostics/excess_weight_rootcause_v1/ttbar_restricted_region_suite_v1/regions/20260816T231425Z_U9region_core_W15_S8_np1_v1p0p1/W15/HH/M0/adaptive/W15_HH_M0_A00_S0	/eos/user/c/cglenn/FCCWork/whizard/whizard_ttbar_spinpol/production/full6f_365gev_ee_ttbar_spinpol_v1/phase11_diagnostics/excess_weight_rootcause_v1/ttbar_restricted_region_suite_v1/regions/20260816T231425Z_U9region_core_W15_S8_np1_v1p0p1/W15/HH/M0/adaptive/W15_HH_M0_A00_S0	/eos/user/c/cglenn/FCCWork/whizard/whizard_ttbar_spinpol/production/full6f_365gev_ee_ttbar_spinpol_v1/phase11_diagnostics/excess_weight_rootcause_v1/ttbar_restricted_region_suite_v1/regions/20260816T231425Z_U9region_core_W15_S8_np1_v1p0p1/adaptive/W15_HH_M0_A00_S0	runtime_flat_fallback	PASS	PASS	0	20733e0e17025d2c73f73a666c5b62f92c105ca98114231020130b77f5730d5d	f436d83c172581f670f224465049b3cc94329aa5a8b63d8cb0448cdad352b2b7		0	1		/eos/user/c/cglenn/FCCWork/whizard/whizard_ttbar_spinpol/production/full6f_365gev_ee_ttbar_spinpol_v1/phase11_diagnostics/excess_weight_rootcause_v1/ttbar_restricted_region_suite_v1/regions/20260816T231425Z_U9region_core_W15_S8_np1_v1p0p1/adaptive/W15_HH_M0_A00_S0/console.log	1
C_W15_HH_M0_A00_S0_F0	fixed	W15_HH_M0_A00_S0_F0	W15_HH_M0_A00_S0	A00	F0	S0	1740114216	648318690	"5:50000:""gw"""	"3:200000:"""""	M0	HH	W15	NR	15.0	/eos/user/c/cglenn/FCCWork/whizard/whizard_ttbar_spinpol/production/full6f_365gev_ee_ttbar_spinpol_v1/phase11_diagnostics/excess_weight_rootcause_v1/ttbar_restricted_region_suite_v1/regions/20260816T231425Z_U9region_core_W15_S8_np1_v1p0p1/W15/HH/M0/fixed/W15_HH_M0_A00_S0/F0	/eos/user/c/cglenn/FCCWork/whizard/whizard_ttbar_spinpol/production/full6f_365gev_ee_ttbar_spinpol_v1/phase11_diagnostics/excess_weight_rootcause_v1/ttbar_restricted_region_suite_v1/regions/20260816T231425Z_U9region_core_W15_S8_np1_v1p0p1/W15/HH/M0/fixed/W15_HH_M0_A00_S0/F0	/eos/user/c/cglenn/FCCWork/whizard/whizard_ttbar_spinpol/production/full6f_365gev_ee_ttbar_spinpol_v1/phase11_diagnostics/excess_weight_rootcause_v1/ttbar_restricted_region_suite_v1/regions/20260816T231425Z_U9region_core_W15_S8_np1_v1p0p1/fixed/W15_HH_M0_A00_S0/F0	runtime_flat_fallback	PASS	PASS	0	20733e0e17025d2c73f73a666c5b62f92c105ca98114231020130b77f5730d5d	32479178918992626ee4c941d4f3bff65fc3210ada8e4e2e5cea4455fb85a8dc	f436d83c172581f670f224465049b3cc94329aa5a8b63d8cb0448cdad352b2b7	1	0	1	/eos/user/c/cglenn/FCCWork/whizard/whizard_ttbar_spinpol/production/full6f_365gev_ee_ttbar_spinpol_v1/phase11_diagnostics/excess_weight_rootcause_v1/ttbar_restricted_region_suite_v1/regions/20260816T231425Z_U9region_core_W15_S8_np1_v1p0p1/fixed/W15_HH_M0_A00_S0/F0/console.log	1
P_W15_HH_M0_A00_S1	adaptive	W15_HH_M0_A00_S1		A00		S1	1751949026	1404282457	"5:50000:""gw"""		M0	HH	W15	NR	15.0	/eos/user/c/cglenn/FCCWork/whizard/whizard_ttbar_spinpol/production/full6f_365gev_ee_ttbar_spinpol_v1/phase11_diagnostics/excess_weight_rootcause_v1/ttbar_restricted_region_suite_v1/regions/20260816T231425Z_U9region_core_W15_S8_np1_v1p0p1/W15/HH/M0/adaptive/W15_HH_M0_A00_S1	/eos/user/c/cglenn/FCCWork/whizard/whizard_ttbar_spinpol/production/full6f_365gev_ee_ttbar_spinpol_v1/phase11_diagnostics/excess_weight_rootcause_v1/ttbar_restricted_region_suite_v1/regions/20260816T231425Z_U9region_core_W15_S8_np1_v1p0p1/W15/HH/M0/adaptive/W15_HH_M0_A00_S1	/eos/user/c/cglenn/FCCWork/whizard/whizard_ttbar_spinpol/production/full6f_365gev_ee_ttbar_spinpol_v1/phase11_diagnostics/excess_weight_rootcause_v1/ttbar_restricted_region_suite_v1/regions/20260816T231425Z_U9region_core_W15_S8_np1_v1p0p1/adaptive/W15_HH_M0_A00_S1	runtime_flat_fallback	PASS	PASS	0	20733e0e17025d2c73f73a666c5b62f92c105ca98114231020130b77f5730d5d	f29442ce384e493b8d3c61d6d8632c4dc778eb9ae00cb4153cae1e25ca67b273		0	1		/eos/user/c/cglenn/FCCWork/whizard/whizard_ttbar_spinpol/production/full6f_365gev_ee_ttbar_spinpol_v1/phase11_diagnostics/excess_weight_rootcause_v1/ttbar_restricted_region_suite_v1/regions/20260816T231425Z_U9region_core_W15_S8_np1_v1p0p1/adaptive/W15_HH_M0_A00_S1/console.log	1
C_W15_HH_M0_A00_S1_F0	fixed	W15_HH_M0_A00_S1_F0	W15_HH_M0_A00_S1	A00	F0	S1	1751949026	1404282457	"5:50000:""gw"""	"3:200000:"""""	M0	HH	W15	NR	15.0	/eos/user/c/cglenn/FCCWork/whizard/whizard_ttbar_spinpol/production/full6f_365gev_ee_ttbar_spinpol_v1/phase11_diagnostics/excess_weight_rootcause_v1/ttbar_restricted_region_suite_v1/regions/20260816T231425Z_U9region_core_W15_S8_np1_v1p0p1/W15/HH/M0/fixed/W15_HH_M0_A00_S1/F0	/eos/user/c/cglenn/FCCWork/whizard/whizard_ttbar_spinpol/production/full6f_365gev_ee_ttbar_spinpol_v1/phase11_diagnostics/excess_weight_rootcause_v1/ttbar_restricted_region_suite_v1/regions/20260816T231425Z_U9region_core_W15_S8_np1_v1p0p1/W15/HH/M0/fixed/W15_HH_M0_A00_S1/F0	/eos/user/c/cglenn/FCCWork/whizard/whizard_ttbar_spinpol/production/full6f_365gev_ee_ttbar_spinpol_v1/phase11_diagnostics/excess_weight_rootcause_v1/ttbar_restricted_region_suite_v1/regions/20260816T231425Z_U9region_core_W15_S8_np1_v1p0p1/fixed/W15_HH_M0_A00_S1/F0	runtime_flat_fallback	PASS	PASS	0	20733e0e17025d2c73f73a666c5b62f92c105ca98114231020130b77f5730d5d	a6afa51d335eca06705442c2cae7a845081e45476d09a9b3278819f6ec3ceaea	f29442ce384e493b8d3c61d6d8632c4dc778eb9ae00cb4153cae1e25ca67b273	1	0	1	/eos/user/c/cglenn/FCCWork/whizard/whizard_ttbar_spinpol/production/full6f_365gev_ee_ttbar_spinpol_v1/phase11_diagnostics/excess_weight_rootcause_v1/ttbar_restricted_region_suite_v1/regions/20260816T231425Z_U9region_core_W15_S8_np1_v1p0p1/fixed/W15_HH_M0_A00_S1/F0/console.log	1
P_W15_HH_M0_A00_S2	adaptive	W15_HH_M0_A00_S2		A00		S2	1885084773	1596606550	"5:50000:""gw"""		M0	HH	W15	NR	15.0	/eos/user/c/cglenn/FCCWork/whizard/whizard_ttbar_spinpol/production/full6f_365gev_ee_ttbar_spinpol_v1/phase11_diagnostics/excess_weight_rootcause_v1/ttbar_restricted_region_suite_v1/regions/20260816T231425Z_U9region_core_W15_S8_np1_v1p0p1/W15/HH/M0/adaptive/W15_HH_M0_A00_S2	/eos/user/c/cglenn/FCCWork/whizard/whizard_ttbar_spinpol/production/full6f_365gev_ee_ttbar_spinpol_v1/phase11_diagnostics/excess_weight_rootcause_v1/ttbar_restricted_region_suite_v1/regions/20260816T231425Z_U9region_core_W15_S8_np1_v1p0p1/W15/HH/M0/adaptive/W15_HH_M0_A00_S2	/eos/user/c/cglenn/FCCWork/whizard/whizard_ttbar_spinpol/production/full6f_365gev_ee_ttbar_spinpol_v1/phase11_diagnostics/excess_weight_rootcause_v1/ttbar_restricted_region_suite_v1/regions/20260816T231425Z_U9region_core_W15_S8_np1_v1p0p1/adaptive/W15_HH_M0_A00_S2	runtime_flat_fallback	PASS	PASS	0	20733e0e17025d2c73f73a666c5b62f92c105ca98114231020130b77f5730d5d	7140a981bc4c5a1c51c65c84bd70a25cb57ae80a4ea0d021b2994d9ddbe4ed5a		0	1		/eos/user/c/cglenn/FCCWork/whizard/whizard_ttbar_spinpol/production/full6f_365gev_ee_ttbar_spinpol_v1/phase11_diagnostics/excess_weight_rootcause_v1/ttbar_restricted_region_suite_v1/regions/20260816T231425Z_U9region_core_W15_S8_np1_v1p0p1/adaptive/W15_HH_M0_A00_S2/console.log	1
C_W15_HH_M0_A00_S2_F0	fixed	W15_HH_M0_A00_S2_F0	W15_HH_M0_A00_S2	A00	F0	S2	1885084773	1596606550	"5:50000:""gw"""	"3:200000:"""""	M0	HH	W15	NR	15.0	/eos/user/c/cglenn/FCCWork/whizard/whizard_ttbar_spinpol/production/full6f_365gev_ee_ttbar_spinpol_v1/phase11_diagnostics/excess_weight_rootcause_v1/ttbar_restricted_region_suite_v1/regions/20260816T231425Z_U9region_core_W15_S8_np1_v1p0p1/W15/HH/M0/fixed/W15_HH_M0_A00_S2/F0	/eos/user/c/cglenn/FCCWork/whizard/whizard_ttbar_spinpol/production/full6f_365gev_ee_ttbar_spinpol_v1/phase11_diagnostics/excess_weight_rootcause_v1/ttbar_restricted_region_suite_v1/regions/20260816T231425Z_U9region_core_W15_S8_np1_v1p0p1/W15/HH/M0/fixed/W15_HH_M0_A00_S2/F0	/eos/user/c/cglenn/FCCWork/whizard/whizard_ttbar_spinpol/production/full6f_365gev_ee_ttbar_spinpol_v1/phase11_diagnostics/excess_weight_rootcause_v1/ttbar_restricted_region_suite_v1/regions/20260816T231425Z_U9region_core_W15_S8_np1_v1p0p1/fixed/W15_HH_M0_A00_S2/F0	runtime_flat_fallback	PASS	PASS	0	20733e0e17025d2c73f73a666c5b62f92c105ca98114231020130b77f5730d5d	b478199e64d2a6e5b6e1aab8e5930c12703344fc62fb8a83a2af9ca88d9de0c8	7140a981bc4c5a1c51c65c84bd70a25cb57ae80a4ea0d021b2994d9ddbe4ed5a	1	0	1	/eos/user/c/cglenn/FCCWork/whizard/whizard_ttbar_spinpol/production/full6f_365gev_ee_ttbar_spinpol_v1/phase11_diagnostics/excess_weight_rootcause_v1/ttbar_restricted_region_suite_v1/regions/20260816T231425Z_U9region_core_W15_S8_np1_v1p0p1/fixed/W15_HH_M0_A00_S2/F0/console.log	1
P_W15_HH_M0_A00_S3	adaptive	W15_HH_M0_A00_S3		A00		S3	134326786	769890491	"5:50000:""gw"""		M0	HH	W15	NR	15.0	/eos/user/c/cglenn/FCCWork/whizard/whizard_ttbar_spinpol/production/full6f_365gev_ee_ttbar_spinpol_v1/phase11_diagnostics/excess_weight_rootcause_v1/ttbar_restricted_region_suite_v1/regions/20260816T231425Z_U9region_core_W15_S8_np1_v1p0p1/W15/HH/M0/adaptive/W15_HH_M0_A00_S3	/eos/user/c/cglenn/FCCWork/whizard/whizard_ttbar_spinpol/production/full6f_365gev_ee_ttbar_spinpol_v1/phase11_diagnostics/excess_weight_rootcause_v1/ttbar_restricted_region_suite_v1/regions/20260816T231425Z_U9region_core_W15_S8_np1_v1p0p1/W15/HH/M0/adaptive/W15_HH_M0_A00_S3	/eos/user/c/cglenn/FCCWork/whizard/whizard_ttbar_spinpol/production/full6f_365gev_ee_ttbar_spinpol_v1/phase11_diagnostics/excess_weight_rootcause_v1/ttbar_restricted_region_suite_v1/regions/20260816T231425Z_U9region_core_W15_S8_np1_v1p0p1/adaptive/W15_HH_M0_A00_S3	runtime_flat_fallback	PASS	PASS	0	20733e0e17025d2c73f73a666c5b62f92c105ca98114231020130b77f5730d5d	aa722c94880c1d190d0176abcfd3dab2807334b0501998196ec86a7c92ca9890		0	1		/eos/user/c/cglenn/FCCWork/whizard/whizard_ttbar_spinpol/production/full6f_365gev_ee_ttbar_spinpol_v1/phase11_diagnostics/excess_weight_rootcause_v1/ttbar_restricted_region_suite_v1/regions/20260816T231425Z_U9region_core_W15_S8_np1_v1p0p1/adaptive/W15_HH_M0_A00_S3/console.log	1
C_W15_HH_M0_A00_S3_F0	fixed	W15_HH_M0_A00_S3_F0	W15_HH_M0_A00_S3	A00	F0	S3	134326786	769890491	"5:50000:""gw"""	"3:200000:"""""	M0	HH	W15	NR	15.0	/eos/user/c/cglenn/FCCWork/whizard/whizard_ttbar_spinpol/production/full6f_365gev_ee_ttbar_spinpol_v1/phase11_diagnostics/excess_weight_rootcause_v1/ttbar_restricted_region_suite_v1/regions/20260816T231425Z_U9region_core_W15_S8_np1_v1p0p1/W15/HH/M0/fixed/W15_HH_M0_A00_S3/F0	/eos/user/c/cglenn/FCCWork/whizard/whizard_ttbar_spinpol/production/full6f_365gev_ee_ttbar_spinpol_v1/phase11_diagnostics/excess_weight_rootcause_v1/ttbar_restricted_region_suite_v1/regions/20260816T231425Z_U9region_core_W15_S8_np1_v1p0p1/W15/HH/M0/fixed/W15_HH_M0_A00_S3/F0	/eos/user/c/cglenn/FCCWork/whizard/whizard_ttbar_spinpol/production/full6f_365gev_ee_ttbar_spinpol_v1/phase11_diagnostics/excess_weight_rootcause_v1/ttbar_restricted_region_suite_v1/regions/20260816T231425Z_U9region_core_W15_S8_np1_v1p0p1/fixed/W15_HH_M0_A00_S3/F0	runtime_flat_fallback	PASS	PASS	0	20733e0e17025d2c73f73a666c5b62f92c105ca98114231020130b77f5730d5d	439af01e4327634a655977c172cc875f44eb20d1b6eb9be328ebe78949d7cd23	aa722c94880c1d190d0176abcfd3dab2807334b0501998196ec86a7c92ca9890	1	0	1	/eos/user/c/cglenn/FCCWork/whizard/whizard_ttbar_spinpol/production/full6f_365gev_ee_ttbar_spinpol_v1/phase11_diagnostics/excess_weight_rootcause_v1/ttbar_restricted_region_suite_v1/regions/20260816T231425Z_U9region_core_W15_S8_np1_v1p0p1/fixed/W15_HH_M0_A00_S3/F0/console.log	1
P_W15_HH_M0_A00_S4	adaptive	W15_HH_M0_A00_S4		A00		S4	249371675	462903030	"5:50000:""gw"""		M0	HH	W15	NR	15.0	/eos/user/c/cglenn/FCCWork/whizard/whizard_ttbar_spinpol/production/full6f_365gev_ee_ttbar_spinpol_v1/phase11_diagnostics/excess_weight_rootcause_v1/ttbar_restricted_region_suite_v1/regions/20260816T231425Z_U9region_core_W15_S8_np1_v1p0p1/W15/HH/M0/adaptive/W15_HH_M0_A00_S4	/eos/user/c/cglenn/FCCWork/whizard/whizard_ttbar_spinpol/production/full6f_365gev_ee_ttbar_spinpol_v1/phase11_diagnostics/excess_weight_rootcause_v1/ttbar_restricted_region_suite_v1/regions/20260816T231425Z_U9region_core_W15_S8_np1_v1p0p1/W15/HH/M0/adaptive/W15_HH_M0_A00_S4	/eos/user/c/cglenn/FCCWork/whizard/whizard_ttbar_spinpol/production/full6f_365gev_ee_ttbar_spinpol_v1/phase11_diagnostics/excess_weight_rootcause_v1/ttbar_restricted_region_suite_v1/regions/20260816T231425Z_U9region_core_W15_S8_np1_v1p0p1/adaptive/W15_HH_M0_A00_S4	runtime_flat_fallback	PASS	PASS	0	20733e0e17025d2c73f73a666c5b62f92c105ca98114231020130b77f5730d5d	448e166479b53d853057c4a04f415d95918422661b280cf3eabbf6a772239990		0	1		/eos/user/c/cglenn/FCCWork/whizard/whizard_ttbar_spinpol/production/full6f_365gev_ee_ttbar_spinpol_v1/phase11_diagnostics/excess_weight_rootcause_v1/ttbar_restricted_region_suite_v1/regions/20260816T231425Z_U9region_core_W15_S8_np1_v1p0p1/adaptive/W15_HH_M0_A00_S4/console.log	1
C_W15_HH_M0_A00_S4_F0	fixed	W15_HH_M0_A00_S4_F0	W15_HH_M0_A00_S4	A00	F0	S4	249371675	462903030	"5:50000:""gw"""	"3:200000:"""""	M0	HH	W15	NR	15.0	/eos/user/c/cglenn/FCCWork/whizard/whizard_ttbar_spinpol/production/full6f_365gev_ee_ttbar_spinpol_v1/phase11_diagnostics/excess_weight_rootcause_v1/ttbar_restricted_region_suite_v1/regions/20260816T231425Z_U9region_core_W15_S8_np1_v1p0p1/W15/HH/M0/fixed/W15_HH_M0_A00_S4/F0	/eos/user/c/cglenn/FCCWork/whizard/whizard_ttbar_spinpol/production/full6f_365gev_ee_ttbar_spinpol_v1/phase11_diagnostics/excess_weight_rootcause_v1/ttbar_restricted_region_suite_v1/regions/20260816T231425Z_U9region_core_W15_S8_np1_v1p0p1/W15/HH/M0/fixed/W15_HH_M0_A00_S4/F0	/eos/user/c/cglenn/FCCWork/whizard/whizard_ttbar_spinpol/production/full6f_365gev_ee_ttbar_spinpol_v1/phase11_diagnostics/excess_weight_rootcause_v1/ttbar_restricted_region_suite_v1/regions/20260816T231425Z_U9region_core_W15_S8_np1_v1p0p1/fixed/W15_HH_M0_A00_S4/F0	runtime_flat_fallback	PASS	PASS	0	20733e0e17025d2c73f73a666c5b62f92c105ca98114231020130b77f5730d5d	aa99e0d9aa5911ad856d63c4c9cdb9fd5b71b23ba4fc46fe80915199fcb0b7c4	448e166479b53d853057c4a04f415d95918422661b280cf3eabbf6a772239990	1	0	1	/eos/user/c/cglenn/FCCWork/whizard/whizard_ttbar_spinpol/production/full6f_365gev_ee_ttbar_spinpol_v1/phase11_diagnostics/excess_weight_rootcause_v1/ttbar_restricted_region_suite_v1/regions/20260816T231425Z_U9region_core_W15_S8_np1_v1p0p1/fixed/W15_HH_M0_A00_S4/F0/console.log	1
P_W15_HH_M0_A00_S5	adaptive	W15_HH_M0_A00_S5		A00		S5	531087687	197846737	"5:50000:""gw"""		M0	HH	W15	NR	15.0	/eos/user/c/cglenn/FCCWork/whizard/whizard_ttbar_spinpol/production/full6f_365gev_ee_ttbar_spinpol_v1/phase11_diagnostics/excess_weight_rootcause_v1/ttbar_restricted_region_suite_v1/regions/20260816T231425Z_U9region_core_W15_S8_np1_v1p0p1/W15/HH/M0/adaptive/W15_HH_M0_A00_S5	/eos/user/c/cglenn/FCCWork/whizard/whizard_ttbar_spinpol/production/full6f_365gev_ee_ttbar_spinpol_v1/phase11_diagnostics/excess_weight_rootcause_v1/ttbar_restricted_region_suite_v1/regions/20260816T231425Z_U9region_core_W15_S8_np1_v1p0p1/W15/HH/M0/adaptive/W15_HH_M0_A00_S5	/eos/user/c/cglenn/FCCWork/whizard/whizard_ttbar_spinpol/production/full6f_365gev_ee_ttbar_spinpol_v1/phase11_diagnostics/excess_weight_rootcause_v1/ttbar_restricted_region_suite_v1/regions/20260816T231425Z_U9region_core_W15_S8_np1_v1p0p1/adaptive/W15_HH_M0_A00_S5	runtime_flat_fallback	PASS	PASS	0	20733e0e17025d2c73f73a666c5b62f92c105ca98114231020130b77f5730d5d	63c1dcc195a1e16532eefcafec6a85befd28b6311730274d98c2199296529e48		0	1		/eos/user/c/cglenn/FCCWork/whizard/whizard_ttbar_spinpol/production/full6f_365gev_ee_ttbar_spinpol_v1/phase11_diagnostics/excess_weight_rootcause_v1/ttbar_restricted_region_suite_v1/regions/20260816T231425Z_U9region_core_W15_S8_np1_v1p0p1/adaptive/W15_HH_M0_A00_S5/console.log	1
C_W15_HH_M0_A00_S5_F0	fixed	W15_HH_M0_A00_S5_F0	W15_HH_M0_A00_S5	A00	F0	S5	531087687	197846737	"5:50000:""gw"""	"3:200000:"""""	M0	HH	W15	NR	15.0	/eos/user/c/cglenn/FCCWork/whizard/whizard_ttbar_spinpol/production/full6f_365gev_ee_ttbar_spinpol_v1/phase11_diagnostics/excess_weight_rootcause_v1/ttbar_restricted_region_suite_v1/regions/20260816T231425Z_U9region_core_W15_S8_np1_v1p0p1/W15/HH/M0/fixed/W15_HH_M0_A00_S5/F0	/eos/user/c/cglenn/FCCWork/whizard/whizard_ttbar_spinpol/production/full6f_365gev_ee_ttbar_spinpol_v1/phase11_diagnostics/excess_weight_rootcause_v1/ttbar_restricted_region_suite_v1/regions/20260816T231425Z_U9region_core_W15_S8_np1_v1p0p1/W15/HH/M0/fixed/W15_HH_M0_A00_S5/F0	/eos/user/c/cglenn/FCCWork/whizard/whizard_ttbar_spinpol/production/full6f_365gev_ee_ttbar_spinpol_v1/phase11_diagnostics/excess_weight_rootcause_v1/ttbar_restricted_region_suite_v1/regions/20260816T231425Z_U9region_core_W15_S8_np1_v1p0p1/fixed/W15_HH_M0_A00_S5/F0	runtime_flat_fallback	PASS	PASS	0	20733e0e17025d2c73f73a666c5b62f92c105ca98114231020130b77f5730d5d	ac95d9e218562c19c8072f4f44fbcfbed446e322bee07f702cfa0052d3394234	63c1dcc195a1e16532eefcafec6a85befd28b6311730274d98c2199296529e48	1	0	1	/eos/user/c/cglenn/FCCWork/whizard/whizard_ttbar_spinpol/production/full6f_365gev_ee_ttbar_spinpol_v1/phase11_diagnostics/excess_weight_rootcause_v1/ttbar_restricted_region_suite_v1/regions/20260816T231425Z_U9region_core_W15_S8_np1_v1p0p1/fixed/W15_HH_M0_A00_S5/F0/console.log	1
P_W15_HH_M0_A00_S6	adaptive	W15_HH_M0_A00_S6		A00		S6	519963689	958460417	"5:50000:""gw"""		M0	HH	W15	NR	15.0	/eos/user/c/cglenn/FCCWork/whizard/whizard_ttbar_spinpol/production/full6f_365gev_ee_ttbar_spinpol_v1/phase11_diagnostics/excess_weight_rootcause_v1/ttbar_restricted_region_suite_v1/regions/20260816T231425Z_U9region_core_W15_S8_np1_v1p0p1/W15/HH/M0/adaptive/W15_HH_M0_A00_S6	/eos/user/c/cglenn/FCCWork/whizard/whizard_ttbar_spinpol/production/full6f_365gev_ee_ttbar_spinpol_v1/phase11_diagnostics/excess_weight_rootcause_v1/ttbar_restricted_region_suite_v1/regions/20260816T231425Z_U9region_core_W15_S8_np1_v1p0p1/W15/HH/M0/adaptive/W15_HH_M0_A00_S6	/eos/user/c/cglenn/FCCWork/whizard/whizard_ttbar_spinpol/production/full6f_365gev_ee_ttbar_spinpol_v1/phase11_diagnostics/excess_weight_rootcause_v1/ttbar_restricted_region_suite_v1/regions/20260816T231425Z_U9region_core_W15_S8_np1_v1p0p1/adaptive/W15_HH_M0_A00_S6	runtime_flat_fallback	PASS	PASS	0	20733e0e17025d2c73f73a666c5b62f92c105ca98114231020130b77f5730d5d	6c8895379bf7926448c8591fa2a3061a93a907862e7d3bc79744431a85cd6f91		0	1		/eos/user/c/cglenn/FCCWork/whizard/whizard_ttbar_spinpol/production/full6f_365gev_ee_ttbar_spinpol_v1/phase11_diagnostics/excess_weight_rootcause_v1/ttbar_restricted_region_suite_v1/regions/20260816T231425Z_U9region_core_W15_S8_np1_v1p0p1/adaptive/W15_HH_M0_A00_S6/console.log	1
C_W15_HH_M0_A00_S6_F0	fixed	W15_HH_M0_A00_S6_F0	W15_HH_M0_A00_S6	A00	F0	S6	519963689	958460417	"5:50000:""gw"""	"3:200000:"""""	M0	HH	W15	NR	15.0	/eos/user/c/cglenn/FCCWork/whizard/whizard_ttbar_spinpol/production/full6f_365gev_ee_ttbar_spinpol_v1/phase11_diagnostics/excess_weight_rootcause_v1/ttbar_restricted_region_suite_v1/regions/20260816T231425Z_U9region_core_W15_S8_np1_v1p0p1/W15/HH/M0/fixed/W15_HH_M0_A00_S6/F0	/eos/user/c/cglenn/FCCWork/whizard/whizard_ttbar_spinpol/production/full6f_365gev_ee_ttbar_spinpol_v1/phase11_diagnostics/excess_weight_rootcause_v1/ttbar_restricted_region_suite_v1/regions/20260816T231425Z_U9region_core_W15_S8_np1_v1p0p1/W15/HH/M0/fixed/W15_HH_M0_A00_S6/F0	/eos/user/c/cglenn/FCCWork/whizard/whizard_ttbar_spinpol/production/full6f_365gev_ee_ttbar_spinpol_v1/phase11_diagnostics/excess_weight_rootcause_v1/ttbar_restricted_region_suite_v1/regions/20260816T231425Z_U9region_core_W15_S8_np1_v1p0p1/fixed/W15_HH_M0_A00_S6/F0	runtime_flat_fallback	PASS	PASS	0	20733e0e17025d2c73f73a666c5b62f92c105ca98114231020130b77f5730d5d	82e4c461d9973f3e0bab535e0a1de5b8e23b99d16705cb3ddf81a42e455bdbcd	6c8895379bf7926448c8591fa2a3061a93a907862e7d3bc79744431a85cd6f91	1	0	1	/eos/user/c/cglenn/FCCWork/whizard/whizard_ttbar_spinpol/production/full6f_365gev_ee_ttbar_spinpol_v1/phase11_diagnostics/excess_weight_rootcause_v1/ttbar_restricted_region_suite_v1/regions/20260816T231425Z_U9region_core_W15_S8_np1_v1p0p1/fixed/W15_HH_M0_A00_S6/F0/console.log	1
P_W15_HH_M0_A00_S7	adaptive	W15_HH_M0_A00_S7		A00		S7	1552803368	239117595	"5:50000:""gw"""		M0	HH	W15	NR	15.0	/eos/user/c/cglenn/FCCWork/whizard/whizard_ttbar_spinpol/production/full6f_365gev_ee_ttbar_spinpol_v1/phase11_diagnostics/excess_weight_rootcause_v1/ttbar_restricted_region_suite_v1/regions/20260816T231425Z_U9region_core_W15_S8_np1_v1p0p1/W15/HH/M0/adaptive/W15_HH_M0_A00_S7	/eos/user/c/cglenn/FCCWork/whizard/whizard_ttbar_spinpol/production/full6f_365gev_ee_ttbar_spinpol_v1/phase11_diagnostics/excess_weight_rootcause_v1/ttbar_restricted_region_suite_v1/regions/20260816T231425Z_U9region_core_W15_S8_np1_v1p0p1/W15/HH/M0/adaptive/W15_HH_M0_A00_S7	/eos/user/c/cglenn/FCCWork/whizard/whizard_ttbar_spinpol/production/full6f_365gev_ee_ttbar_spinpol_v1/phase11_diagnostics/excess_weight_rootcause_v1/ttbar_restricted_region_suite_v1/regions/20260816T231425Z_U9region_core_W15_S8_np1_v1p0p1/adaptive/W15_HH_M0_A00_S7	runtime_flat_fallback	PASS	PASS	0	20733e0e17025d2c73f73a666c5b62f92c105ca98114231020130b77f5730d5d	19e486c4bca0663c61403b77bd7ea2dc176483455e795252693549754e4ac531		0	1		/eos/user/c/cglenn/FCCWork/whizard/whizard_ttbar_spinpol/production/full6f_365gev_ee_ttbar_spinpol_v1/phase11_diagnostics/excess_weight_rootcause_v1/ttbar_restricted_region_suite_v1/regions/20260816T231425Z_U9region_core_W15_S8_np1_v1p0p1/adaptive/W15_HH_M0_A00_S7/console.log	1
C_W15_HH_M0_A00_S7_F0	fixed	W15_HH_M0_A00_S7_F0	W15_HH_M0_A00_S7	A00	F0	S7	1552803368	239117595	"5:50000:""gw"""	"3:200000:"""""	M0	HH	W15	NR	15.0	/eos/user/c/cglenn/FCCWork/whizard/whizard_ttbar_spinpol/production/full6f_365gev_ee_ttbar_spinpol_v1/phase11_diagnostics/excess_weight_rootcause_v1/ttbar_restricted_region_suite_v1/regions/20260816T231425Z_U9region_core_W15_S8_np1_v1p0p1/W15/HH/M0/fixed/W15_HH_M0_A00_S7/F0	/eos/user/c/cglenn/FCCWork/whizard/whizard_ttbar_spinpol/production/full6f_365gev_ee_ttbar_spinpol_v1/phase11_diagnostics/excess_weight_rootcause_v1/ttbar_restricted_region_suite_v1/regions/20260816T231425Z_U9region_core_W15_S8_np1_v1p0p1/W15/HH/M0/fixed/W15_HH_M0_A00_S7/F0	/eos/user/c/cglenn/FCCWork/whizard/whizard_ttbar_spinpol/production/full6f_365gev_ee_ttbar_spinpol_v1/phase11_diagnostics/excess_weight_rootcause_v1/ttbar_restricted_region_suite_v1/regions/20260816T231425Z_U9region_core_W15_S8_np1_v1p0p1/fixed/W15_HH_M0_A00_S7/F0	runtime_flat_fallback	PASS	PASS	0	20733e0e17025d2c73f73a666c5b62f92c105ca98114231020130b77f5730d5d	5c9f19f41e954d768771dbf80c6690758b0d50564f0fb48d5481ea5f3a4405e0	19e486c4bca0663c61403b77bd7ea2dc176483455e795252693549754e4ac531	1	0	1	/eos/user/c/cglenn/FCCWork/whizard/whizard_ttbar_spinpol/production/full6f_365gev_ee_ttbar_spinpol_v1/phase11_diagnostics/excess_weight_rootcause_v1/ttbar_restricted_region_suite_v1/regions/20260816T231425Z_U9region_core_W15_S8_np1_v1p0p1/fixed/W15_HH_M0_A00_S7/F0/console.log	1
P_W15_HH_M1_A07_S0	adaptive	W15_HH_M1_A07_S0		A07		S0	1740114216	648318690	"10:100000:""gw"""		M1	HH	W15	NR	15.0	/eos/user/c/cglenn/FCCWork/whizard/whizard_ttbar_spinpol/production/full6f_365gev_ee_ttbar_spinpol_v1/phase11_diagnostics/excess_weight_rootcause_v1/ttbar_restricted_region_suite_v1/regions/20260816T231425Z_U9region_core_W15_S8_np1_v1p0p1/W15/HH/M1/adaptive/W15_HH_M1_A07_S0	/eos/user/c/cglenn/FCCWork/whizard/whizard_ttbar_spinpol/production/full6f_365gev_ee_ttbar_spinpol_v1/phase11_diagnostics/excess_weight_rootcause_v1/ttbar_restricted_region_suite_v1/regions/20260816T231425Z_U9region_core_W15_S8_np1_v1p0p1/W15/HH/M1/adaptive/W15_HH_M1_A07_S0	/eos/user/c/cglenn/FCCWork/whizard/whizard_ttbar_spinpol/production/full6f_365gev_ee_ttbar_spinpol_v1/phase11_diagnostics/excess_weight_rootcause_v1/ttbar_restricted_region_suite_v1/regions/20260816T231425Z_U9region_core_W15_S8_np1_v1p0p1/adaptive/W15_HH_M1_A07_S0	runtime_flat_fallback	PASS	PASS	0	20733e0e17025d2c73f73a666c5b62f92c105ca98114231020130b77f5730d5d	15d0ecb4184ea4ceab09e9ad8bd1191dca55db456d5c450529c5792bbe44c60b		0	1		/eos/user/c/cglenn/FCCWork/whizard/whizard_ttbar_spinpol/production/full6f_365gev_ee_ttbar_spinpol_v1/phase11_diagnostics/excess_weight_rootcause_v1/ttbar_restricted_region_suite_v1/regions/20260816T231425Z_U9region_core_W15_S8_np1_v1p0p1/adaptive/W15_HH_M1_A07_S0/console.log	1
C_W15_HH_M1_A07_S0_F0	fixed	W15_HH_M1_A07_S0_F0	W15_HH_M1_A07_S0	A07	F0	S0	1740114216	648318690	"10:100000:""gw"""	"3:200000:"""""	M1	HH	W15	NR	15.0	/eos/user/c/cglenn/FCCWork/whizard/whizard_ttbar_spinpol/production/full6f_365gev_ee_ttbar_spinpol_v1/phase11_diagnostics/excess_weight_rootcause_v1/ttbar_restricted_region_suite_v1/regions/20260816T231425Z_U9region_core_W15_S8_np1_v1p0p1/W15/HH/M1/fixed/W15_HH_M1_A07_S0/F0	/eos/user/c/cglenn/FCCWork/whizard/whizard_ttbar_spinpol/production/full6f_365gev_ee_ttbar_spinpol_v1/phase11_diagnostics/excess_weight_rootcause_v1/ttbar_restricted_region_suite_v1/regions/20260816T231425Z_U9region_core_W15_S8_np1_v1p0p1/W15/HH/M1/fixed/W15_HH_M1_A07_S0/F0	/eos/user/c/cglenn/FCCWork/whizard/whizard_ttbar_spinpol/production/full6f_365gev_ee_ttbar_spinpol_v1/phase11_diagnostics/excess_weight_rootcause_v1/ttbar_restricted_region_suite_v1/regions/20260816T231425Z_U9region_core_W15_S8_np1_v1p0p1/fixed/W15_HH_M1_A07_S0/F0	runtime_flat_fallback	PASS	PASS	0	20733e0e17025d2c73f73a666c5b62f92c105ca98114231020130b77f5730d5d	2d13c48c590f917b330abbe427596cb6b7f2c5d911711a0331ba79df2e3f6bdf	15d0ecb4184ea4ceab09e9ad8bd1191dca55db456d5c450529c5792bbe44c60b	1	0	1	/eos/user/c/cglenn/FCCWork/whizard/whizard_ttbar_spinpol/production/full6f_365gev_ee_ttbar_spinpol_v1/phase11_diagnostics/excess_weight_rootcause_v1/ttbar_restricted_region_suite_v1/regions/20260816T231425Z_U9region_core_W15_S8_np1_v1p0p1/fixed/W15_HH_M1_A07_S0/F0/console.log	1
P_W15_HH_M1_A07_S1	adaptive	W15_HH_M1_A07_S1		A07		S1	1751949026	1404282457	"10:100000:""gw"""		M1	HH	W15	NR	15.0	/eos/user/c/cglenn/FCCWork/whizard/whizard_ttbar_spinpol/production/full6f_365gev_ee_ttbar_spinpol_v1/phase11_diagnostics/excess_weight_rootcause_v1/ttbar_restricted_region_suite_v1/regions/20260816T231425Z_U9region_core_W15_S8_np1_v1p0p1/W15/HH/M1/adaptive/W15_HH_M1_A07_S1	/eos/user/c/cglenn/FCCWork/whizard/whizard_ttbar_spinpol/production/full6f_365gev_ee_ttbar_spinpol_v1/phase11_diagnostics/excess_weight_rootcause_v1/ttbar_restricted_region_suite_v1/regions/20260816T231425Z_U9region_core_W15_S8_np1_v1p0p1/W15/HH/M1/adaptive/W15_HH_M1_A07_S1	/eos/user/c/cglenn/FCCWork/whizard/whizard_ttbar_spinpol/production/full6f_365gev_ee_ttbar_spinpol_v1/phase11_diagnostics/excess_weight_rootcause_v1/ttbar_restricted_region_suite_v1/regions/20260816T231425Z_U9region_core_W15_S8_np1_v1p0p1/adaptive/W15_HH_M1_A07_S1	runtime_flat_fallback	PASS	PASS	0	20733e0e17025d2c73f73a666c5b62f92c105ca98114231020130b77f5730d5d	f7005083bebc49f0787b250694b9087c5954574f4f49b136100f43ef816a7041		0	1		/eos/user/c/cglenn/FCCWork/whizard/whizard_ttbar_spinpol/production/full6f_365gev_ee_ttbar_spinpol_v1/phase11_diagnostics/excess_weight_rootcause_v1/ttbar_restricted_region_suite_v1/regions/20260816T231425Z_U9region_core_W15_S8_np1_v1p0p1/adaptive/W15_HH_M1_A07_S1/console.log	1
C_W15_HH_M1_A07_S1_F0	fixed	W15_HH_M1_A07_S1_F0	W15_HH_M1_A07_S1	A07	F0	S1	1751949026	1404282457	"10:100000:""gw"""	"3:200000:"""""	M1	HH	W15	NR	15.0	/eos/user/c/cglenn/FCCWork/whizard/whizard_ttbar_spinpol/production/full6f_365gev_ee_ttbar_spinpol_v1/phase11_diagnostics/excess_weight_rootcause_v1/ttbar_restricted_region_suite_v1/regions/20260816T231425Z_U9region_core_W15_S8_np1_v1p0p1/W15/HH/M1/fixed/W15_HH_M1_A07_S1/F0	/eos/user/c/cglenn/FCCWork/whizard/whizard_ttbar_spinpol/production/full6f_365gev_ee_ttbar_spinpol_v1/phase11_diagnostics/excess_weight_rootcause_v1/ttbar_restricted_region_suite_v1/regions/20260816T231425Z_U9region_core_W15_S8_np1_v1p0p1/W15/HH/M1/fixed/W15_HH_M1_A07_S1/F0	/eos/user/c/cglenn/FCCWork/whizard/whizard_ttbar_spinpol/production/full6f_365gev_ee_ttbar_spinpol_v1/phase11_diagnostics/excess_weight_rootcause_v1/ttbar_restricted_region_suite_v1/regions/20260816T231425Z_U9region_core_W15_S8_np1_v1p0p1/fixed/W15_HH_M1_A07_S1/F0	runtime_flat_fallback	PASS	PASS	0	20733e0e17025d2c73f73a666c5b62f92c105ca98114231020130b77f5730d5d	f9d58214f01708d38b006a5fa8ff40105e8ebfaf644f08a7cad91e546105992d	f7005083bebc49f0787b250694b9087c5954574f4f49b136100f43ef816a7041	1	0	1	/eos/user/c/cglenn/FCCWork/whizard/whizard_ttbar_spinpol/production/full6f_365gev_ee_ttbar_spinpol_v1/phase11_diagnostics/excess_weight_rootcause_v1/ttbar_restricted_region_suite_v1/regions/20260816T231425Z_U9region_core_W15_S8_np1_v1p0p1/fixed/W15_HH_M1_A07_S1/F0/console.log	1
P_W15_HH_M1_A07_S2	adaptive	W15_HH_M1_A07_S2		A07		S2	1885084773	1596606550	"10:100000:""gw"""		M1	HH	W15	NR	15.0	/eos/user/c/cglenn/FCCWork/whizard/whizard_ttbar_spinpol/production/full6f_365gev_ee_ttbar_spinpol_v1/phase11_diagnostics/excess_weight_rootcause_v1/ttbar_restricted_region_suite_v1/regions/20260816T231425Z_U9region_core_W15_S8_np1_v1p0p1/W15/HH/M1/adaptive/W15_HH_M1_A07_S2	/eos/user/c/cglenn/FCCWork/whizard/whizard_ttbar_spinpol/production/full6f_365gev_ee_ttbar_spinpol_v1/phase11_diagnostics/excess_weight_rootcause_v1/ttbar_restricted_region_suite_v1/regions/20260816T231425Z_U9region_core_W15_S8_np1_v1p0p1/W15/HH/M1/adaptive/W15_HH_M1_A07_S2	/eos/user/c/cglenn/FCCWork/whizard/whizard_ttbar_spinpol/production/full6f_365gev_ee_ttbar_spinpol_v1/phase11_diagnostics/excess_weight_rootcause_v1/ttbar_restricted_region_suite_v1/regions/20260816T231425Z_U9region_core_W15_S8_np1_v1p0p1/adaptive/W15_HH_M1_A07_S2	runtime_flat_fallback	PASS	PASS	0	20733e0e17025d2c73f73a666c5b62f92c105ca98114231020130b77f5730d5d	f841b438ddfb4ca7e56f3e291e8c87499bb23e90cbbe7ee11017ef5baebc7380		0	1		/eos/user/c/cglenn/FCCWork/whizard/whizard_ttbar_spinpol/production/full6f_365gev_ee_ttbar_spinpol_v1/phase11_diagnostics/excess_weight_rootcause_v1/ttbar_restricted_region_suite_v1/regions/20260816T231425Z_U9region_core_W15_S8_np1_v1p0p1/adaptive/W15_HH_M1_A07_S2/console.log	1
C_W15_HH_M1_A07_S2_F0	fixed	W15_HH_M1_A07_S2_F0	W15_HH_M1_A07_S2	A07	F0	S2	1885084773	1596606550	"10:100000:""gw"""	"3:200000:"""""	M1	HH	W15	NR	15.0	/eos/user/c/cglenn/FCCWork/whizard/whizard_ttbar_spinpol/production/full6f_365gev_ee_ttbar_spinpol_v1/phase11_diagnostics/excess_weight_rootcause_v1/ttbar_restricted_region_suite_v1/regions/20260816T231425Z_U9region_core_W15_S8_np1_v1p0p1/W15/HH/M1/fixed/W15_HH_M1_A07_S2/F0	/eos/user/c/cglenn/FCCWork/whizard/whizard_ttbar_spinpol/production/full6f_365gev_ee_ttbar_spinpol_v1/phase11_diagnostics/excess_weight_rootcause_v1/ttbar_restricted_region_suite_v1/regions/20260816T231425Z_U9region_core_W15_S8_np1_v1p0p1/W15/HH/M1/fixed/W15_HH_M1_A07_S2/F0	/eos/user/c/cglenn/FCCWork/whizard/whizard_ttbar_spinpol/production/full6f_365gev_ee_ttbar_spinpol_v1/phase11_diagnostics/excess_weight_rootcause_v1/ttbar_restricted_region_suite_v1/regions/20260816T231425Z_U9region_core_W15_S8_np1_v1p0p1/fixed/W15_HH_M1_A07_S2/F0	runtime_flat_fallback	PASS	PASS	0	20733e0e17025d2c73f73a666c5b62f92c105ca98114231020130b77f5730d5d	3e6b4a0f4c6674a58ce2b4ba2d1d7fefc201342518f32e7244efb9bd6ce96abb	f841b438ddfb4ca7e56f3e291e8c87499bb23e90cbbe7ee11017ef5baebc7380	1	0	1	/eos/user/c/cglenn/FCCWork/whizard/whizard_ttbar_spinpol/production/full6f_365gev_ee_ttbar_spinpol_v1/phase11_diagnostics/excess_weight_rootcause_v1/ttbar_restricted_region_suite_v1/regions/20260816T231425Z_U9region_core_W15_S8_np1_v1p0p1/fixed/W15_HH_M1_A07_S2/F0/console.log	1
P_W15_HH_M1_A07_S3	adaptive	W15_HH_M1_A07_S3		A07		S3	134326786	769890491	"10:100000:""gw"""		M1	HH	W15	NR	15.0	/eos/user/c/cglenn/FCCWork/whizard/whizard_ttbar_spinpol/production/full6f_365gev_ee_ttbar_spinpol_v1/phase11_diagnostics/excess_weight_rootcause_v1/ttbar_restricted_region_suite_v1/regions/20260816T231425Z_U9region_core_W15_S8_np1_v1p0p1/W15/HH/M1/adaptive/W15_HH_M1_A07_S3	/eos/user/c/cglenn/FCCWork/whizard/whizard_ttbar_spinpol/production/full6f_365gev_ee_ttbar_spinpol_v1/phase11_diagnostics/excess_weight_rootcause_v1/ttbar_restricted_region_suite_v1/regions/20260816T231425Z_U9region_core_W15_S8_np1_v1p0p1/W15/HH/M1/adaptive/W15_HH_M1_A07_S3	/eos/user/c/cglenn/FCCWork/whizard/whizard_ttbar_spinpol/production/full6f_365gev_ee_ttbar_spinpol_v1/phase11_diagnostics/excess_weight_rootcause_v1/ttbar_restricted_region_suite_v1/regions/20260816T231425Z_U9region_core_W15_S8_np1_v1p0p1/adaptive/W15_HH_M1_A07_S3	runtime_flat_fallback	PASS	PASS	0	20733e0e17025d2c73f73a666c5b62f92c105ca98114231020130b77f5730d5d	89cf04646d8dd234f0970b6170205b99ad572262c806fa4349ec34606dc478d2		0	1		/eos/user/c/cglenn/FCCWork/whizard/whizard_ttbar_spinpol/production/full6f_365gev_ee_ttbar_spinpol_v1/phase11_diagnostics/excess_weight_rootcause_v1/ttbar_restricted_region_suite_v1/regions/20260816T231425Z_U9region_core_W15_S8_np1_v1p0p1/adaptive/W15_HH_M1_A07_S3/console.log	1
C_W15_HH_M1_A07_S3_F0	fixed	W15_HH_M1_A07_S3_F0	W15_HH_M1_A07_S3	A07	F0	S3	134326786	769890491	"10:100000:""gw"""	"3:200000:"""""	M1	HH	W15	NR	15.0	/eos/user/c/cglenn/FCCWork/whizard/whizard_ttbar_spinpol/production/full6f_365gev_ee_ttbar_spinpol_v1/phase11_diagnostics/excess_weight_rootcause_v1/ttbar_restricted_region_suite_v1/regions/20260816T231425Z_U9region_core_W15_S8_np1_v1p0p1/W15/HH/M1/fixed/W15_HH_M1_A07_S3/F0	/eos/user/c/cglenn/FCCWork/whizard/whizard_ttbar_spinpol/production/full6f_365gev_ee_ttbar_spinpol_v1/phase11_diagnostics/excess_weight_rootcause_v1/ttbar_restricted_region_suite_v1/regions/20260816T231425Z_U9region_core_W15_S8_np1_v1p0p1/W15/HH/M1/fixed/W15_HH_M1_A07_S3/F0	/eos/user/c/cglenn/FCCWork/whizard/whizard_ttbar_spinpol/production/full6f_365gev_ee_ttbar_spinpol_v1/phase11_diagnostics/excess_weight_rootcause_v1/ttbar_restricted_region_suite_v1/regions/20260816T231425Z_U9region_core_W15_S8_np1_v1p0p1/fixed/W15_HH_M1_A07_S3/F0	runtime_flat_fallback	PASS	PASS	0	20733e0e17025d2c73f73a666c5b62f92c105ca98114231020130b77f5730d5d	27e95e57095b8cd734deeb947ea12d8d86f9d383443f9a298b28a27b7b8eb0b0	89cf04646d8dd234f0970b6170205b99ad572262c806fa4349ec34606dc478d2	1	0	1	/eos/user/c/cglenn/FCCWork/whizard/whizard_ttbar_spinpol/production/full6f_365gev_ee_ttbar_spinpol_v1/phase11_diagnostics/excess_weight_rootcause_v1/ttbar_restricted_region_suite_v1/regions/20260816T231425Z_U9region_core_W15_S8_np1_v1p0p1/fixed/W15_HH_M1_A07_S3/F0/console.log	1
P_W15_HH_M1_A07_S4	adaptive	W15_HH_M1_A07_S4		A07		S4	249371675	462903030	"10:100000:""gw"""		M1	HH	W15	NR	15.0	/eos/user/c/cglenn/FCCWork/whizard/whizard_ttbar_spinpol/production/full6f_365gev_ee_ttbar_spinpol_v1/phase11_diagnostics/excess_weight_rootcause_v1/ttbar_restricted_region_suite_v1/regions/20260816T231425Z_U9region_core_W15_S8_np1_v1p0p1/W15/HH/M1/adaptive/W15_HH_M1_A07_S4	/eos/user/c/cglenn/FCCWork/whizard/whizard_ttbar_spinpol/production/full6f_365gev_ee_ttbar_spinpol_v1/phase11_diagnostics/excess_weight_rootcause_v1/ttbar_restricted_region_suite_v1/regions/20260816T231425Z_U9region_core_W15_S8_np1_v1p0p1/W15/HH/M1/adaptive/W15_HH_M1_A07_S4	/eos/user/c/cglenn/FCCWork/whizard/whizard_ttbar_spinpol/production/full6f_365gev_ee_ttbar_spinpol_v1/phase11_diagnostics/excess_weight_rootcause_v1/ttbar_restricted_region_suite_v1/regions/20260816T231425Z_U9region_core_W15_S8_np1_v1p0p1/adaptive/W15_HH_M1_A07_S4	runtime_flat_fallback	PASS	PASS	0	20733e0e17025d2c73f73a666c5b62f92c105ca98114231020130b77f5730d5d	f08c3a4de0c294190e30015100eb9e87c3d04e7d860be62ce359905ca1860bec		0	1		/eos/user/c/cglenn/FCCWork/whizard/whizard_ttbar_spinpol/production/full6f_365gev_ee_ttbar_spinpol_v1/phase11_diagnostics/excess_weight_rootcause_v1/ttbar_restricted_region_suite_v1/regions/20260816T231425Z_U9region_core_W15_S8_np1_v1p0p1/adaptive/W15_HH_M1_A07_S4/console.log	1
C_W15_HH_M1_A07_S4_F0	fixed	W15_HH_M1_A07_S4_F0	W15_HH_M1_A07_S4	A07	F0	S4	249371675	462903030	"10:100000:""gw"""	"3:200000:"""""	M1	HH	W15	NR	15.0	/eos/user/c/cglenn/FCCWork/whizard/whizard_ttbar_spinpol/production/full6f_365gev_ee_ttbar_spinpol_v1/phase11_diagnostics/excess_weight_rootcause_v1/ttbar_restricted_region_suite_v1/regions/20260816T231425Z_U9region_core_W15_S8_np1_v1p0p1/W15/HH/M1/fixed/W15_HH_M1_A07_S4/F0	/eos/user/c/cglenn/FCCWork/whizard/whizard_ttbar_spinpol/production/full6f_365gev_ee_ttbar_spinpol_v1/phase11_diagnostics/excess_weight_rootcause_v1/ttbar_restricted_region_suite_v1/regions/20260816T231425Z_U9region_core_W15_S8_np1_v1p0p1/W15/HH/M1/fixed/W15_HH_M1_A07_S4/F0	/eos/user/c/cglenn/FCCWork/whizard/whizard_ttbar_spinpol/production/full6f_365gev_ee_ttbar_spinpol_v1/phase11_diagnostics/excess_weight_rootcause_v1/ttbar_restricted_region_suite_v1/regions/20260816T231425Z_U9region_core_W15_S8_np1_v1p0p1/fixed/W15_HH_M1_A07_S4/F0	runtime_flat_fallback	PASS	PASS	0	20733e0e17025d2c73f73a666c5b62f92c105ca98114231020130b77f5730d5d	c1aff041d1e758b8b54b3fe998dda6f2d566929a2c8413f3c967369a439e73c3	f08c3a4de0c294190e30015100eb9e87c3d04e7d860be62ce359905ca1860bec	1	0	1	/eos/user/c/cglenn/FCCWork/whizard/whizard_ttbar_spinpol/production/full6f_365gev_ee_ttbar_spinpol_v1/phase11_diagnostics/excess_weight_rootcause_v1/ttbar_restricted_region_suite_v1/regions/20260816T231425Z_U9region_core_W15_S8_np1_v1p0p1/fixed/W15_HH_M1_A07_S4/F0/console.log	1
P_W15_HH_M1_A07_S5	adaptive	W15_HH_M1_A07_S5		A07		S5	531087687	197846737	"10:100000:""gw"""		M1	HH	W15	NR	15.0	/eos/user/c/cglenn/FCCWork/whizard/whizard_ttbar_spinpol/production/full6f_365gev_ee_ttbar_spinpol_v1/phase11_diagnostics/excess_weight_rootcause_v1/ttbar_restricted_region_suite_v1/regions/20260816T231425Z_U9region_core_W15_S8_np1_v1p0p1/W15/HH/M1/adaptive/W15_HH_M1_A07_S5	/eos/user/c/cglenn/FCCWork/whizard/whizard_ttbar_spinpol/production/full6f_365gev_ee_ttbar_spinpol_v1/phase11_diagnostics/excess_weight_rootcause_v1/ttbar_restricted_region_suite_v1/regions/20260816T231425Z_U9region_core_W15_S8_np1_v1p0p1/W15/HH/M1/adaptive/W15_HH_M1_A07_S5	/eos/user/c/cglenn/FCCWork/whizard/whizard_ttbar_spinpol/production/full6f_365gev_ee_ttbar_spinpol_v1/phase11_diagnostics/excess_weight_rootcause_v1/ttbar_restricted_region_suite_v1/regions/20260816T231425Z_U9region_core_W15_S8_np1_v1p0p1/adaptive/W15_HH_M1_A07_S5	runtime_flat_fallback	PASS	PASS	0	20733e0e17025d2c73f73a666c5b62f92c105ca98114231020130b77f5730d5d	e897538c1c0b4fa24fe57657d29d8646b9923e910b16a5c80c862e5c07369700		0	1		/eos/user/c/cglenn/FCCWork/whizard/whizard_ttbar_spinpol/production/full6f_365gev_ee_ttbar_spinpol_v1/phase11_diagnostics/excess_weight_rootcause_v1/ttbar_restricted_region_suite_v1/regions/20260816T231425Z_U9region_core_W15_S8_np1_v1p0p1/adaptive/W15_HH_M1_A07_S5/console.log	1
C_W15_HH_M1_A07_S5_F0	fixed	W15_HH_M1_A07_S5_F0	W15_HH_M1_A07_S5	A07	F0	S5	531087687	197846737	"10:100000:""gw"""	"3:200000:"""""	M1	HH	W15	NR	15.0	/eos/user/c/cglenn/FCCWork/whizard/whizard_ttbar_spinpol/production/full6f_365gev_ee_ttbar_spinpol_v1/phase11_diagnostics/excess_weight_rootcause_v1/ttbar_restricted_region_suite_v1/regions/20260816T231425Z_U9region_core_W15_S8_np1_v1p0p1/W15/HH/M1/fixed/W15_HH_M1_A07_S5/F0	/eos/user/c/cglenn/FCCWork/whizard/whizard_ttbar_spinpol/production/full6f_365gev_ee_ttbar_spinpol_v1/phase11_diagnostics/excess_weight_rootcause_v1/ttbar_restricted_region_suite_v1/regions/20260816T231425Z_U9region_core_W15_S8_np1_v1p0p1/W15/HH/M1/fixed/W15_HH_M1_A07_S5/F0	/eos/user/c/cglenn/FCCWork/whizard/whizard_ttbar_spinpol/production/full6f_365gev_ee_ttbar_spinpol_v1/phase11_diagnostics/excess_weight_rootcause_v1/ttbar_restricted_region_suite_v1/regions/20260816T231425Z_U9region_core_W15_S8_np1_v1p0p1/fixed/W15_HH_M1_A07_S5/F0	runtime_flat_fallback	PASS	PASS	0	20733e0e17025d2c73f73a666c5b62f92c105ca98114231020130b77f5730d5d	57c866030b02611b519e96a7e9c97bb47a5e6b16a37944fd9881b675a98d98d2	e897538c1c0b4fa24fe57657d29d8646b9923e910b16a5c80c862e5c07369700	1	0	1	/eos/user/c/cglenn/FCCWork/whizard/whizard_ttbar_spinpol/production/full6f_365gev_ee_ttbar_spinpol_v1/phase11_diagnostics/excess_weight_rootcause_v1/ttbar_restricted_region_suite_v1/regions/20260816T231425Z_U9region_core_W15_S8_np1_v1p0p1/fixed/W15_HH_M1_A07_S5/F0/console.log	1
P_W15_HH_M1_A07_S6	adaptive	W15_HH_M1_A07_S6		A07		S6	519963689	958460417	"10:100000:""gw"""		M1	HH	W15	NR	15.0	/eos/user/c/cglenn/FCCWork/whizard/whizard_ttbar_spinpol/production/full6f_365gev_ee_ttbar_spinpol_v1/phase11_diagnostics/excess_weight_rootcause_v1/ttbar_restricted_region_suite_v1/regions/20260816T231425Z_U9region_core_W15_S8_np1_v1p0p1/W15/HH/M1/adaptive/W15_HH_M1_A07_S6	/eos/user/c/cglenn/FCCWork/whizard/whizard_ttbar_spinpol/production/full6f_365gev_ee_ttbar_spinpol_v1/phase11_diagnostics/excess_weight_rootcause_v1/ttbar_restricted_region_suite_v1/regions/20260816T231425Z_U9region_core_W15_S8_np1_v1p0p1/W15/HH/M1/adaptive/W15_HH_M1_A07_S6	/eos/user/c/cglenn/FCCWork/whizard/whizard_ttbar_spinpol/production/full6f_365gev_ee_ttbar_spinpol_v1/phase11_diagnostics/excess_weight_rootcause_v1/ttbar_restricted_region_suite_v1/regions/20260816T231425Z_U9region_core_W15_S8_np1_v1p0p1/adaptive/W15_HH_M1_A07_S6	runtime_flat_fallback	PASS	PASS	0	20733e0e17025d2c73f73a666c5b62f92c105ca98114231020130b77f5730d5d	e798d72c88936558bfbd40c48d2595c2afe3e4df3a22ab77f135f154c65d28de		0	1		/eos/user/c/cglenn/FCCWork/whizard/whizard_ttbar_spinpol/production/full6f_365gev_ee_ttbar_spinpol_v1/phase11_diagnostics/excess_weight_rootcause_v1/ttbar_restricted_region_suite_v1/regions/20260816T231425Z_U9region_core_W15_S8_np1_v1p0p1/adaptive/W15_HH_M1_A07_S6/console.log	1
C_W15_HH_M1_A07_S6_F0	fixed	W15_HH_M1_A07_S6_F0	W15_HH_M1_A07_S6	A07	F0	S6	519963689	958460417	"10:100000:""gw"""	"3:200000:"""""	M1	HH	W15	NR	15.0	/eos/user/c/cglenn/FCCWork/whizard/whizard_ttbar_spinpol/production/full6f_365gev_ee_ttbar_spinpol_v1/phase11_diagnostics/excess_weight_rootcause_v1/ttbar_restricted_region_suite_v1/regions/20260816T231425Z_U9region_core_W15_S8_np1_v1p0p1/W15/HH/M1/fixed/W15_HH_M1_A07_S6/F0	/eos/user/c/cglenn/FCCWork/whizard/whizard_ttbar_spinpol/production/full6f_365gev_ee_ttbar_spinpol_v1/phase11_diagnostics/excess_weight_rootcause_v1/ttbar_restricted_region_suite_v1/regions/20260816T231425Z_U9region_core_W15_S8_np1_v1p0p1/W15/HH/M1/fixed/W15_HH_M1_A07_S6/F0	/eos/user/c/cglenn/FCCWork/whizard/whizard_ttbar_spinpol/production/full6f_365gev_ee_ttbar_spinpol_v1/phase11_diagnostics/excess_weight_rootcause_v1/ttbar_restricted_region_suite_v1/regions/20260816T231425Z_U9region_core_W15_S8_np1_v1p0p1/fixed/W15_HH_M1_A07_S6/F0	runtime_flat_fallback	PASS	PASS	0	20733e0e17025d2c73f73a666c5b62f92c105ca98114231020130b77f5730d5d	c6825c8600d32e9fdd6c52aaebe32247fe61c3ba29cde5b19223aefe7edad05c	e798d72c88936558bfbd40c48d2595c2afe3e4df3a22ab77f135f154c65d28de	1	0	1	/eos/user/c/cglenn/FCCWork/whizard/whizard_ttbar_spinpol/production/full6f_365gev_ee_ttbar_spinpol_v1/phase11_diagnostics/excess_weight_rootcause_v1/ttbar_restricted_region_suite_v1/regions/20260816T231425Z_U9region_core_W15_S8_np1_v1p0p1/fixed/W15_HH_M1_A07_S6/F0/console.log	1
P_W15_HH_M1_A07_S7	adaptive	W15_HH_M1_A07_S7		A07		S7	1552803368	239117595	"10:100000:""gw"""		M1	HH	W15	NR	15.0	/eos/user/c/cglenn/FCCWork/whizard/whizard_ttbar_spinpol/production/full6f_365gev_ee_ttbar_spinpol_v1/phase11_diagnostics/excess_weight_rootcause_v1/ttbar_restricted_region_suite_v1/regions/20260816T231425Z_U9region_core_W15_S8_np1_v1p0p1/W15/HH/M1/adaptive/W15_HH_M1_A07_S7	/eos/user/c/cglenn/FCCWork/whizard/whizard_ttbar_spinpol/production/full6f_365gev_ee_ttbar_spinpol_v1/phase11_diagnostics/excess_weight_rootcause_v1/ttbar_restricted_region_suite_v1/regions/20260816T231425Z_U9region_core_W15_S8_np1_v1p0p1/W15/HH/M1/adaptive/W15_HH_M1_A07_S7	/eos/user/c/cglenn/FCCWork/whizard/whizard_ttbar_spinpol/production/full6f_365gev_ee_ttbar_spinpol_v1/phase11_diagnostics/excess_weight_rootcause_v1/ttbar_restricted_region_suite_v1/regions/20260816T231425Z_U9region_core_W15_S8_np1_v1p0p1/adaptive/W15_HH_M1_A07_S7	runtime_flat_fallback	PASS	PASS	0	20733e0e17025d2c73f73a666c5b62f92c105ca98114231020130b77f5730d5d	153885bb648d8ed25e847d8336678522d42e284e4b337f1e36c6dbc61707a867		0	1		/eos/user/c/cglenn/FCCWork/whizard/whizard_ttbar_spinpol/production/full6f_365gev_ee_ttbar_spinpol_v1/phase11_diagnostics/excess_weight_rootcause_v1/ttbar_restricted_region_suite_v1/regions/20260816T231425Z_U9region_core_W15_S8_np1_v1p0p1/adaptive/W15_HH_M1_A07_S7/console.log	1
C_W15_HH_M1_A07_S7_F0	fixed	W15_HH_M1_A07_S7_F0	W15_HH_M1_A07_S7	A07	F0	S7	1552803368	239117595	"10:100000:""gw"""	"3:200000:"""""	M1	HH	W15	NR	15.0	/eos/user/c/cglenn/FCCWork/whizard/whizard_ttbar_spinpol/production/full6f_365gev_ee_ttbar_spinpol_v1/phase11_diagnostics/excess_weight_rootcause_v1/ttbar_restricted_region_suite_v1/regions/20260816T231425Z_U9region_core_W15_S8_np1_v1p0p1/W15/HH/M1/fixed/W15_HH_M1_A07_S7/F0	/eos/user/c/cglenn/FCCWork/whizard/whizard_ttbar_spinpol/production/full6f_365gev_ee_ttbar_spinpol_v1/phase11_diagnostics/excess_weight_rootcause_v1/ttbar_restricted_region_suite_v1/regions/20260816T231425Z_U9region_core_W15_S8_np1_v1p0p1/W15/HH/M1/fixed/W15_HH_M1_A07_S7/F0	/eos/user/c/cglenn/FCCWork/whizard/whizard_ttbar_spinpol/production/full6f_365gev_ee_ttbar_spinpol_v1/phase11_diagnostics/excess_weight_rootcause_v1/ttbar_restricted_region_suite_v1/regions/20260816T231425Z_U9region_core_W15_S8_np1_v1p0p1/fixed/W15_HH_M1_A07_S7/F0	runtime_flat_fallback	PASS	PASS	0	20733e0e17025d2c73f73a666c5b62f92c105ca98114231020130b77f5730d5d	752c9a618bffe3326506422494195a81666604bb12760b6237ce4f8f8da02871	153885bb648d8ed25e847d8336678522d42e284e4b337f1e36c6dbc61707a867	1	0	1	/eos/user/c/cglenn/FCCWork/whizard/whizard_ttbar_spinpol/production/full6f_365gev_ee_ttbar_spinpol_v1/phase11_diagnostics/excess_weight_rootcause_v1/ttbar_restricted_region_suite_v1/regions/20260816T231425Z_U9region_core_W15_S8_np1_v1p0p1/fixed/W15_HH_M1_A07_S7/F0/console.log	1
P_W15_HH_M2_A10_S0	adaptive	W15_HH_M2_A10_S0		A10		S0	1740114216	648318690	"1:1000000:""gw"""		M2	HH	W15	NR	15.0	/eos/user/c/cglenn/FCCWork/whizard/whizard_ttbar_spinpol/production/full6f_365gev_ee_ttbar_spinpol_v1/phase11_diagnostics/excess_weight_rootcause_v1/ttbar_restricted_region_suite_v1/regions/20260816T231425Z_U9region_core_W15_S8_np1_v1p0p1/W15/HH/M2/adaptive/W15_HH_M2_A10_S0	/eos/user/c/cglenn/FCCWork/whizard/whizard_ttbar_spinpol/production/full6f_365gev_ee_ttbar_spinpol_v1/phase11_diagnostics/excess_weight_rootcause_v1/ttbar_restricted_region_suite_v1/regions/20260816T231425Z_U9region_core_W15_S8_np1_v1p0p1/W15/HH/M2/adaptive/W15_HH_M2_A10_S0	/eos/user/c/cglenn/FCCWork/whizard/whizard_ttbar_spinpol/production/full6f_365gev_ee_ttbar_spinpol_v1/phase11_diagnostics/excess_weight_rootcause_v1/ttbar_restricted_region_suite_v1/regions/20260816T231425Z_U9region_core_W15_S8_np1_v1p0p1/adaptive/W15_HH_M2_A10_S0	runtime_flat_fallback	PASS	PASS	0	20733e0e17025d2c73f73a666c5b62f92c105ca98114231020130b77f5730d5d	a1505f21bdd69884c56d528588fb678f85ac66d0651d363bccb1fab0c8e44cb9		0	1		/eos/user/c/cglenn/FCCWork/whizard/whizard_ttbar_spinpol/production/full6f_365gev_ee_ttbar_spinpol_v1/phase11_diagnostics/excess_weight_rootcause_v1/ttbar_restricted_region_suite_v1/regions/20260816T231425Z_U9region_core_W15_S8_np1_v1p0p1/adaptive/W15_HH_M2_A10_S0/console.log	1
C_W15_HH_M2_A10_S0_F2	fixed	W15_HH_M2_A10_S0_F2	W15_HH_M2_A10_S0	A10	F2	S0	1740114216	648318690	"1:1000000:""gw"""	"1:2000000:"""""	M2	HH	W15	NR	15.0	/eos/user/c/cglenn/FCCWork/whizard/whizard_ttbar_spinpol/production/full6f_365gev_ee_ttbar_spinpol_v1/phase11_diagnostics/excess_weight_rootcause_v1/ttbar_restricted_region_suite_v1/regions/20260816T231425Z_U9region_core_W15_S8_np1_v1p0p1/W15/HH/M2/fixed/W15_HH_M2_A10_S0/F2	/eos/user/c/cglenn/FCCWork/whizard/whizard_ttbar_spinpol/production/full6f_365gev_ee_ttbar_spinpol_v1/phase11_diagnostics/excess_weight_rootcause_v1/ttbar_restricted_region_suite_v1/regions/20260816T231425Z_U9region_core_W15_S8_np1_v1p0p1/W15/HH/M2/fixed/W15_HH_M2_A10_S0/F2	/eos/user/c/cglenn/FCCWork/whizard/whizard_ttbar_spinpol/production/full6f_365gev_ee_ttbar_spinpol_v1/phase11_diagnostics/excess_weight_rootcause_v1/ttbar_restricted_region_suite_v1/regions/20260816T231425Z_U9region_core_W15_S8_np1_v1p0p1/fixed/W15_HH_M2_A10_S0/F2	runtime_flat_fallback	PASS	PASS	0	20733e0e17025d2c73f73a666c5b62f92c105ca98114231020130b77f5730d5d	0a8cd2766012646977a846521ce9507915d58fb4af5227ebaf924b3781d00846	a1505f21bdd69884c56d528588fb678f85ac66d0651d363bccb1fab0c8e44cb9	1	0	1	/eos/user/c/cglenn/FCCWork/whizard/whizard_ttbar_spinpol/production/full6f_365gev_ee_ttbar_spinpol_v1/phase11_diagnostics/excess_weight_rootcause_v1/ttbar_restricted_region_suite_v1/regions/20260816T231425Z_U9region_core_W15_S8_np1_v1p0p1/fixed/W15_HH_M2_A10_S0/F2/console.log	1
P_W15_HH_M2_A10_S1	adaptive	W15_HH_M2_A10_S1		A10		S1	1751949026	1404282457	"1:1000000:""gw"""		M2	HH	W15	NR	15.0	/eos/user/c/cglenn/FCCWork/whizard/whizard_ttbar_spinpol/production/full6f_365gev_ee_ttbar_spinpol_v1/phase11_diagnostics/excess_weight_rootcause_v1/ttbar_restricted_region_suite_v1/regions/20260816T231425Z_U9region_core_W15_S8_np1_v1p0p1/W15/HH/M2/adaptive/W15_HH_M2_A10_S1	/eos/user/c/cglenn/FCCWork/whizard/whizard_ttbar_spinpol/production/full6f_365gev_ee_ttbar_spinpol_v1/phase11_diagnostics/excess_weight_rootcause_v1/ttbar_restricted_region_suite_v1/regions/20260816T231425Z_U9region_core_W15_S8_np1_v1p0p1/W15/HH/M2/adaptive/W15_HH_M2_A10_S1	/eos/user/c/cglenn/FCCWork/whizard/whizard_ttbar_spinpol/production/full6f_365gev_ee_ttbar_spinpol_v1/phase11_diagnostics/excess_weight_rootcause_v1/ttbar_restricted_region_suite_v1/regions/20260816T231425Z_U9region_core_W15_S8_np1_v1p0p1/adaptive/W15_HH_M2_A10_S1	runtime_flat_fallback	PASS	PASS	0	20733e0e17025d2c73f73a666c5b62f92c105ca98114231020130b77f5730d5d	149b1ea7d070b699071863d4be31b7b13d2cb19273c8d49c70e059fd5f0b108c		0	1		/eos/user/c/cglenn/FCCWork/whizard/whizard_ttbar_spinpol/production/full6f_365gev_ee_ttbar_spinpol_v1/phase11_diagnostics/excess_weight_rootcause_v1/ttbar_restricted_region_suite_v1/regions/20260816T231425Z_U9region_core_W15_S8_np1_v1p0p1/adaptive/W15_HH_M2_A10_S1/console.log	1
C_W15_HH_M2_A10_S1_F2	fixed	W15_HH_M2_A10_S1_F2	W15_HH_M2_A10_S1	A10	F2	S1	1751949026	1404282457	"1:1000000:""gw"""	"1:2000000:"""""	M2	HH	W15	NR	15.0	/eos/user/c/cglenn/FCCWork/whizard/whizard_ttbar_spinpol/production/full6f_365gev_ee_ttbar_spinpol_v1/phase11_diagnostics/excess_weight_rootcause_v1/ttbar_restricted_region_suite_v1/regions/20260816T231425Z_U9region_core_W15_S8_np1_v1p0p1/W15/HH/M2/fixed/W15_HH_M2_A10_S1/F2	/eos/user/c/cglenn/FCCWork/whizard/whizard_ttbar_spinpol/production/full6f_365gev_ee_ttbar_spinpol_v1/phase11_diagnostics/excess_weight_rootcause_v1/ttbar_restricted_region_suite_v1/regions/20260816T231425Z_U9region_core_W15_S8_np1_v1p0p1/W15/HH/M2/fixed/W15_HH_M2_A10_S1/F2	/eos/user/c/cglenn/FCCWork/whizard/whizard_ttbar_spinpol/production/full6f_365gev_ee_ttbar_spinpol_v1/phase11_diagnostics/excess_weight_rootcause_v1/ttbar_restricted_region_suite_v1/regions/20260816T231425Z_U9region_core_W15_S8_np1_v1p0p1/fixed/W15_HH_M2_A10_S1/F2	runtime_flat_fallback	PASS	PASS	0	20733e0e17025d2c73f73a666c5b62f92c105ca98114231020130b77f5730d5d	7af377183616b505cb7c13111e084df57a94400dcd6a4b2aed00c2e98398cb83	149b1ea7d070b699071863d4be31b7b13d2cb19273c8d49c70e059fd5f0b108c	1	0	1	/eos/user/c/cglenn/FCCWork/whizard/whizard_ttbar_spinpol/production/full6f_365gev_ee_ttbar_spinpol_v1/phase11_diagnostics/excess_weight_rootcause_v1/ttbar_restricted_region_suite_v1/regions/20260816T231425Z_U9region_core_W15_S8_np1_v1p0p1/fixed/W15_HH_M2_A10_S1/F2/console.log	1
P_W15_HH_M2_A10_S2	adaptive	W15_HH_M2_A10_S2		A10		S2	1885084773	1596606550	"1:1000000:""gw"""		M2	HH	W15	NR	15.0	/eos/user/c/cglenn/FCCWork/whizard/whizard_ttbar_spinpol/production/full6f_365gev_ee_ttbar_spinpol_v1/phase11_diagnostics/excess_weight_rootcause_v1/ttbar_restricted_region_suite_v1/regions/20260816T231425Z_U9region_core_W15_S8_np1_v1p0p1/W15/HH/M2/adaptive/W15_HH_M2_A10_S2	/eos/user/c/cglenn/FCCWork/whizard/whizard_ttbar_spinpol/production/full6f_365gev_ee_ttbar_spinpol_v1/phase11_diagnostics/excess_weight_rootcause_v1/ttbar_restricted_region_suite_v1/regions/20260816T231425Z_U9region_core_W15_S8_np1_v1p0p1/W15/HH/M2/adaptive/W15_HH_M2_A10_S2	/eos/user/c/cglenn/FCCWork/whizard/whizard_ttbar_spinpol/production/full6f_365gev_ee_ttbar_spinpol_v1/phase11_diagnostics/excess_weight_rootcause_v1/ttbar_restricted_region_suite_v1/regions/20260816T231425Z_U9region_core_W15_S8_np1_v1p0p1/adaptive/W15_HH_M2_A10_S2	runtime_flat_fallback	PASS	PASS	0	20733e0e17025d2c73f73a666c5b62f92c105ca98114231020130b77f5730d5d	30338f23b0655748b7c11fac0e5b25da6e1752c2ca2b483914cc63750bff0f6e		0	1		/eos/user/c/cglenn/FCCWork/whizard/whizard_ttbar_spinpol/production/full6f_365gev_ee_ttbar_spinpol_v1/phase11_diagnostics/excess_weight_rootcause_v1/ttbar_restricted_region_suite_v1/regions/20260816T231425Z_U9region_core_W15_S8_np1_v1p0p1/adaptive/W15_HH_M2_A10_S2/console.log	1
C_W15_HH_M2_A10_S2_F2	fixed	W15_HH_M2_A10_S2_F2	W15_HH_M2_A10_S2	A10	F2	S2	1885084773	1596606550	"1:1000000:""gw"""	"1:2000000:"""""	M2	HH	W15	NR	15.0	/eos/user/c/cglenn/FCCWork/whizard/whizard_ttbar_spinpol/production/full6f_365gev_ee_ttbar_spinpol_v1/phase11_diagnostics/excess_weight_rootcause_v1/ttbar_restricted_region_suite_v1/regions/20260816T231425Z_U9region_core_W15_S8_np1_v1p0p1/W15/HH/M2/fixed/W15_HH_M2_A10_S2/F2	/eos/user/c/cglenn/FCCWork/whizard/whizard_ttbar_spinpol/production/full6f_365gev_ee_ttbar_spinpol_v1/phase11_diagnostics/excess_weight_rootcause_v1/ttbar_restricted_region_suite_v1/regions/20260816T231425Z_U9region_core_W15_S8_np1_v1p0p1/W15/HH/M2/fixed/W15_HH_M2_A10_S2/F2	/eos/user/c/cglenn/FCCWork/whizard/whizard_ttbar_spinpol/production/full6f_365gev_ee_ttbar_spinpol_v1/phase11_diagnostics/excess_weight_rootcause_v1/ttbar_restricted_region_suite_v1/regions/20260816T231425Z_U9region_core_W15_S8_np1_v1p0p1/fixed/W15_HH_M2_A10_S2/F2	runtime_flat_fallback	PASS	PASS	0	20733e0e17025d2c73f73a666c5b62f92c105ca98114231020130b77f5730d5d	a60acdfcdd08d553acaa07f6dd4b36af5d0673fbe44c05d26bb71d4f0026a92d	30338f23b0655748b7c11fac0e5b25da6e1752c2ca2b483914cc63750bff0f6e	1	0	1	/eos/user/c/cglenn/FCCWork/whizard/whizard_ttbar_spinpol/production/full6f_365gev_ee_ttbar_spinpol_v1/phase11_diagnostics/excess_weight_rootcause_v1/ttbar_restricted_region_suite_v1/regions/20260816T231425Z_U9region_core_W15_S8_np1_v1p0p1/fixed/W15_HH_M2_A10_S2/F2/console.log	1
P_W15_HH_M2_A10_S3	adaptive	W15_HH_M2_A10_S3		A10		S3	134326786	769890491	"1:1000000:""gw"""		M2	HH	W15	NR	15.0	/eos/user/c/cglenn/FCCWork/whizard/whizard_ttbar_spinpol/production/full6f_365gev_ee_ttbar_spinpol_v1/phase11_diagnostics/excess_weight_rootcause_v1/ttbar_restricted_region_suite_v1/regions/20260816T231425Z_U9region_core_W15_S8_np1_v1p0p1/W15/HH/M2/adaptive/W15_HH_M2_A10_S3	/eos/user/c/cglenn/FCCWork/whizard/whizard_ttbar_spinpol/production/full6f_365gev_ee_ttbar_spinpol_v1/phase11_diagnostics/excess_weight_rootcause_v1/ttbar_restricted_region_suite_v1/regions/20260816T231425Z_U9region_core_W15_S8_np1_v1p0p1/W15/HH/M2/adaptive/W15_HH_M2_A10_S3	/eos/user/c/cglenn/FCCWork/whizard/whizard_ttbar_spinpol/production/full6f_365gev_ee_ttbar_spinpol_v1/phase11_diagnostics/excess_weight_rootcause_v1/ttbar_restricted_region_suite_v1/regions/20260816T231425Z_U9region_core_W15_S8_np1_v1p0p1/adaptive/W15_HH_M2_A10_S3	runtime_flat_fallback	PASS	PASS	0	20733e0e17025d2c73f73a666c5b62f92c105ca98114231020130b77f5730d5d	f51c4c110b863bf44cb1c1f822fdb1a9345124aaf09ed9374cfe620809ce5ef2		0	1		/eos/user/c/cglenn/FCCWork/whizard/whizard_ttbar_spinpol/production/full6f_365gev_ee_ttbar_spinpol_v1/phase11_diagnostics/excess_weight_rootcause_v1/ttbar_restricted_region_suite_v1/regions/20260816T231425Z_U9region_core_W15_S8_np1_v1p0p1/adaptive/W15_HH_M2_A10_S3/console.log	1
C_W15_HH_M2_A10_S3_F2	fixed	W15_HH_M2_A10_S3_F2	W15_HH_M2_A10_S3	A10	F2	S3	134326786	769890491	"1:1000000:""gw"""	"1:2000000:"""""	M2	HH	W15	NR	15.0	/eos/user/c/cglenn/FCCWork/whizard/whizard_ttbar_spinpol/production/full6f_365gev_ee_ttbar_spinpol_v1/phase11_diagnostics/excess_weight_rootcause_v1/ttbar_restricted_region_suite_v1/regions/20260816T231425Z_U9region_core_W15_S8_np1_v1p0p1/W15/HH/M2/fixed/W15_HH_M2_A10_S3/F2	/eos/user/c/cglenn/FCCWork/whizard/whizard_ttbar_spinpol/production/full6f_365gev_ee_ttbar_spinpol_v1/phase11_diagnostics/excess_weight_rootcause_v1/ttbar_restricted_region_suite_v1/regions/20260816T231425Z_U9region_core_W15_S8_np1_v1p0p1/W15/HH/M2/fixed/W15_HH_M2_A10_S3/F2	/eos/user/c/cglenn/FCCWork/whizard/whizard_ttbar_spinpol/production/full6f_365gev_ee_ttbar_spinpol_v1/phase11_diagnostics/excess_weight_rootcause_v1/ttbar_restricted_region_suite_v1/regions/20260816T231425Z_U9region_core_W15_S8_np1_v1p0p1/fixed/W15_HH_M2_A10_S3/F2	runtime_flat_fallback	PASS	PASS	0	20733e0e17025d2c73f73a666c5b62f92c105ca98114231020130b77f5730d5d	50f48d0496075e7ef5e918167dc33017fdca28befb4973c9dc1e300268e9ec00	f51c4c110b863bf44cb1c1f822fdb1a9345124aaf09ed9374cfe620809ce5ef2	1	0	1	/eos/user/c/cglenn/FCCWork/whizard/whizard_ttbar_spinpol/production/full6f_365gev_ee_ttbar_spinpol_v1/phase11_diagnostics/excess_weight_rootcause_v1/ttbar_restricted_region_suite_v1/regions/20260816T231425Z_U9region_core_W15_S8_np1_v1p0p1/fixed/W15_HH_M2_A10_S3/F2/console.log	1
P_W15_HH_M2_A10_S4	adaptive	W15_HH_M2_A10_S4		A10		S4	249371675	462903030	"1:1000000:""gw"""		M2	HH	W15	NR	15.0	/eos/user/c/cglenn/FCCWork/whizard/whizard_ttbar_spinpol/production/full6f_365gev_ee_ttbar_spinpol_v1/phase11_diagnostics/excess_weight_rootcause_v1/ttbar_restricted_region_suite_v1/regions/20260816T231425Z_U9region_core_W15_S8_np1_v1p0p1/W15/HH/M2/adaptive/W15_HH_M2_A10_S4	/eos/user/c/cglenn/FCCWork/whizard/whizard_ttbar_spinpol/production/full6f_365gev_ee_ttbar_spinpol_v1/phase11_diagnostics/excess_weight_rootcause_v1/ttbar_restricted_region_suite_v1/regions/20260816T231425Z_U9region_core_W15_S8_np1_v1p0p1/W15/HH/M2/adaptive/W15_HH_M2_A10_S4	/eos/user/c/cglenn/FCCWork/whizard/whizard_ttbar_spinpol/production/full6f_365gev_ee_ttbar_spinpol_v1/phase11_diagnostics/excess_weight_rootcause_v1/ttbar_restricted_region_suite_v1/regions/20260816T231425Z_U9region_core_W15_S8_np1_v1p0p1/adaptive/W15_HH_M2_A10_S4	runtime_flat_fallback	PASS	PASS	0	20733e0e17025d2c73f73a666c5b62f92c105ca98114231020130b77f5730d5d	581e818fdfedf7a3fea92ce5b1e4670144bf03a3f6015284d79715eb388ed995		0	1		/eos/user/c/cglenn/FCCWork/whizard/whizard_ttbar_spinpol/production/full6f_365gev_ee_ttbar_spinpol_v1/phase11_diagnostics/excess_weight_rootcause_v1/ttbar_restricted_region_suite_v1/regions/20260816T231425Z_U9region_core_W15_S8_np1_v1p0p1/adaptive/W15_HH_M2_A10_S4/console.log	1
C_W15_HH_M2_A10_S4_F2	fixed	W15_HH_M2_A10_S4_F2	W15_HH_M2_A10_S4	A10	F2	S4	249371675	462903030	"1:1000000:""gw"""	"1:2000000:"""""	M2	HH	W15	NR	15.0	/eos/user/c/cglenn/FCCWork/whizard/whizard_ttbar_spinpol/production/full6f_365gev_ee_ttbar_spinpol_v1/phase11_diagnostics/excess_weight_rootcause_v1/ttbar_restricted_region_suite_v1/regions/20260816T231425Z_U9region_core_W15_S8_np1_v1p0p1/W15/HH/M2/fixed/W15_HH_M2_A10_S4/F2	/eos/user/c/cglenn/FCCWork/whizard/whizard_ttbar_spinpol/production/full6f_365gev_ee_ttbar_spinpol_v1/phase11_diagnostics/excess_weight_rootcause_v1/ttbar_restricted_region_suite_v1/regions/20260816T231425Z_U9region_core_W15_S8_np1_v1p0p1/W15/HH/M2/fixed/W15_HH_M2_A10_S4/F2	/eos/user/c/cglenn/FCCWork/whizard/whizard_ttbar_spinpol/production/full6f_365gev_ee_ttbar_spinpol_v1/phase11_diagnostics/excess_weight_rootcause_v1/ttbar_restricted_region_suite_v1/regions/20260816T231425Z_U9region_core_W15_S8_np1_v1p0p1/fixed/W15_HH_M2_A10_S4/F2	runtime_flat_fallback	PASS	PASS	0	20733e0e17025d2c73f73a666c5b62f92c105ca98114231020130b77f5730d5d	3ac0b51ab9d31a060ddcc74efb2b76e89c91f5fadd71bdf21cbb89da5c1909f0	581e818fdfedf7a3fea92ce5b1e4670144bf03a3f6015284d79715eb388ed995	1	0	1	/eos/user/c/cglenn/FCCWork/whizard/whizard_ttbar_spinpol/production/full6f_365gev_ee_ttbar_spinpol_v1/phase11_diagnostics/excess_weight_rootcause_v1/ttbar_restricted_region_suite_v1/regions/20260816T231425Z_U9region_core_W15_S8_np1_v1p0p1/fixed/W15_HH_M2_A10_S4/F2/console.log	1
P_W15_HH_M2_A10_S5	adaptive	W15_HH_M2_A10_S5		A10		S5	531087687	197846737	"1:1000000:""gw"""		M2	HH	W15	NR	15.0	/eos/user/c/cglenn/FCCWork/whizard/whizard_ttbar_spinpol/production/full6f_365gev_ee_ttbar_spinpol_v1/phase11_diagnostics/excess_weight_rootcause_v1/ttbar_restricted_region_suite_v1/regions/20260816T231425Z_U9region_core_W15_S8_np1_v1p0p1/W15/HH/M2/adaptive/W15_HH_M2_A10_S5	/eos/user/c/cglenn/FCCWork/whizard/whizard_ttbar_spinpol/production/full6f_365gev_ee_ttbar_spinpol_v1/phase11_diagnostics/excess_weight_rootcause_v1/ttbar_restricted_region_suite_v1/regions/20260816T231425Z_U9region_core_W15_S8_np1_v1p0p1/W15/HH/M2/adaptive/W15_HH_M2_A10_S5	/eos/user/c/cglenn/FCCWork/whizard/whizard_ttbar_spinpol/production/full6f_365gev_ee_ttbar_spinpol_v1/phase11_diagnostics/excess_weight_rootcause_v1/ttbar_restricted_region_suite_v1/regions/20260816T231425Z_U9region_core_W15_S8_np1_v1p0p1/adaptive/W15_HH_M2_A10_S5	runtime_flat_fallback	PASS	PASS	0	20733e0e17025d2c73f73a666c5b62f92c105ca98114231020130b77f5730d5d	d69f1b8ad682a0bfa6a8a6d85b39a6e847bb676199afe733edcb8fac5edc5833		0	1		/eos/user/c/cglenn/FCCWork/whizard/whizard_ttbar_spinpol/production/full6f_365gev_ee_ttbar_spinpol_v1/phase11_diagnostics/excess_weight_rootcause_v1/ttbar_restricted_region_suite_v1/regions/20260816T231425Z_U9region_core_W15_S8_np1_v1p0p1/adaptive/W15_HH_M2_A10_S5/console.log	1
C_W15_HH_M2_A10_S5_F2	fixed	W15_HH_M2_A10_S5_F2	W15_HH_M2_A10_S5	A10	F2	S5	531087687	197846737	"1:1000000:""gw"""	"1:2000000:"""""	M2	HH	W15	NR	15.0	/eos/user/c/cglenn/FCCWork/whizard/whizard_ttbar_spinpol/production/full6f_365gev_ee_ttbar_spinpol_v1/phase11_diagnostics/excess_weight_rootcause_v1/ttbar_restricted_region_suite_v1/regions/20260816T231425Z_U9region_core_W15_S8_np1_v1p0p1/W15/HH/M2/fixed/W15_HH_M2_A10_S5/F2	/eos/user/c/cglenn/FCCWork/whizard/whizard_ttbar_spinpol/production/full6f_365gev_ee_ttbar_spinpol_v1/phase11_diagnostics/excess_weight_rootcause_v1/ttbar_restricted_region_suite_v1/regions/20260816T231425Z_U9region_core_W15_S8_np1_v1p0p1/W15/HH/M2/fixed/W15_HH_M2_A10_S5/F2	/eos/user/c/cglenn/FCCWork/whizard/whizard_ttbar_spinpol/production/full6f_365gev_ee_ttbar_spinpol_v1/phase11_diagnostics/excess_weight_rootcause_v1/ttbar_restricted_region_suite_v1/regions/20260816T231425Z_U9region_core_W15_S8_np1_v1p0p1/fixed/W15_HH_M2_A10_S5/F2	runtime_flat_fallback	PASS	PASS	0	20733e0e17025d2c73f73a666c5b62f92c105ca98114231020130b77f5730d5d	1665c81aecea41544b7267ba07ff8be912a88e8cb98f6fe9a1da83917c385d9f	d69f1b8ad682a0bfa6a8a6d85b39a6e847bb676199afe733edcb8fac5edc5833	1	0	1	/eos/user/c/cglenn/FCCWork/whizard/whizard_ttbar_spinpol/production/full6f_365gev_ee_ttbar_spinpol_v1/phase11_diagnostics/excess_weight_rootcause_v1/ttbar_restricted_region_suite_v1/regions/20260816T231425Z_U9region_core_W15_S8_np1_v1p0p1/fixed/W15_HH_M2_A10_S5/F2/console.log	1
P_W15_HH_M2_A10_S6	adaptive	W15_HH_M2_A10_S6		A10		S6	519963689	958460417	"1:1000000:""gw"""		M2	HH	W15	NR	15.0	/eos/user/c/cglenn/FCCWork/whizard/whizard_ttbar_spinpol/production/full6f_365gev_ee_ttbar_spinpol_v1/phase11_diagnostics/excess_weight_rootcause_v1/ttbar_restricted_region_suite_v1/regions/20260816T231425Z_U9region_core_W15_S8_np1_v1p0p1/W15/HH/M2/adaptive/W15_HH_M2_A10_S6	/eos/user/c/cglenn/FCCWork/whizard/whizard_ttbar_spinpol/production/full6f_365gev_ee_ttbar_spinpol_v1/phase11_diagnostics/excess_weight_rootcause_v1/ttbar_restricted_region_suite_v1/regions/20260816T231425Z_U9region_core_W15_S8_np1_v1p0p1/W15/HH/M2/adaptive/W15_HH_M2_A10_S6	/eos/user/c/cglenn/FCCWork/whizard/whizard_ttbar_spinpol/production/full6f_365gev_ee_ttbar_spinpol_v1/phase11_diagnostics/excess_weight_rootcause_v1/ttbar_restricted_region_suite_v1/regions/20260816T231425Z_U9region_core_W15_S8_np1_v1p0p1/adaptive/W15_HH_M2_A10_S6	runtime_flat_fallback	PASS	PASS	0	20733e0e17025d2c73f73a666c5b62f92c105ca98114231020130b77f5730d5d	ae38ca3735908f94777106c9ee2cf65329a9196ccc7239876828f538b81b4022		0	1		/eos/user/c/cglenn/FCCWork/whizard/whizard_ttbar_spinpol/production/full6f_365gev_ee_ttbar_spinpol_v1/phase11_diagnostics/excess_weight_rootcause_v1/ttbar_restricted_region_suite_v1/regions/20260816T231425Z_U9region_core_W15_S8_np1_v1p0p1/adaptive/W15_HH_M2_A10_S6/console.log	1
C_W15_HH_M2_A10_S6_F2	fixed	W15_HH_M2_A10_S6_F2	W15_HH_M2_A10_S6	A10	F2	S6	519963689	958460417	"1:1000000:""gw"""	"1:2000000:"""""	M2	HH	W15	NR	15.0	/eos/user/c/cglenn/FCCWork/whizard/whizard_ttbar_spinpol/production/full6f_365gev_ee_ttbar_spinpol_v1/phase11_diagnostics/excess_weight_rootcause_v1/ttbar_restricted_region_suite_v1/regions/20260816T231425Z_U9region_core_W15_S8_np1_v1p0p1/W15/HH/M2/fixed/W15_HH_M2_A10_S6/F2	/eos/user/c/cglenn/FCCWork/whizard/whizard_ttbar_spinpol/production/full6f_365gev_ee_ttbar_spinpol_v1/phase11_diagnostics/excess_weight_rootcause_v1/ttbar_restricted_region_suite_v1/regions/20260816T231425Z_U9region_core_W15_S8_np1_v1p0p1/W15/HH/M2/fixed/W15_HH_M2_A10_S6/F2	/eos/user/c/cglenn/FCCWork/whizard/whizard_ttbar_spinpol/production/full6f_365gev_ee_ttbar_spinpol_v1/phase11_diagnostics/excess_weight_rootcause_v1/ttbar_restricted_region_suite_v1/regions/20260816T231425Z_U9region_core_W15_S8_np1_v1p0p1/fixed/W15_HH_M2_A10_S6/F2	runtime_flat_fallback	PASS	PASS	0	20733e0e17025d2c73f73a666c5b62f92c105ca98114231020130b77f5730d5d	aa0cda61c6d7ed7f33f3c762872dc66eb78953f7a637d6db344b40f61952632f	ae38ca3735908f94777106c9ee2cf65329a9196ccc7239876828f538b81b4022	1	0	1	/eos/user/c/cglenn/FCCWork/whizard/whizard_ttbar_spinpol/production/full6f_365gev_ee_ttbar_spinpol_v1/phase11_diagnostics/excess_weight_rootcause_v1/ttbar_restricted_region_suite_v1/regions/20260816T231425Z_U9region_core_W15_S8_np1_v1p0p1/fixed/W15_HH_M2_A10_S6/F2/console.log	1
P_W15_HH_M2_A10_S7	adaptive	W15_HH_M2_A10_S7		A10		S7	1552803368	239117595	"1:1000000:""gw"""		M2	HH	W15	NR	15.0	/eos/user/c/cglenn/FCCWork/whizard/whizard_ttbar_spinpol/production/full6f_365gev_ee_ttbar_spinpol_v1/phase11_diagnostics/excess_weight_rootcause_v1/ttbar_restricted_region_suite_v1/regions/20260816T231425Z_U9region_core_W15_S8_np1_v1p0p1/W15/HH/M2/adaptive/W15_HH_M2_A10_S7	/eos/user/c/cglenn/FCCWork/whizard/whizard_ttbar_spinpol/production/full6f_365gev_ee_ttbar_spinpol_v1/phase11_diagnostics/excess_weight_rootcause_v1/ttbar_restricted_region_suite_v1/regions/20260816T231425Z_U9region_core_W15_S8_np1_v1p0p1/W15/HH/M2/adaptive/W15_HH_M2_A10_S7	/eos/user/c/cglenn/FCCWork/whizard/whizard_ttbar_spinpol/production/full6f_365gev_ee_ttbar_spinpol_v1/phase11_diagnostics/excess_weight_rootcause_v1/ttbar_restricted_region_suite_v1/regions/20260816T231425Z_U9region_core_W15_S8_np1_v1p0p1/adaptive/W15_HH_M2_A10_S7	runtime_flat_fallback	PASS	PASS	0	20733e0e17025d2c73f73a666c5b62f92c105ca98114231020130b77f5730d5d	58e1da2b45f8270d8aae0ab79c6cce5288c428fcabaa2010e2f1df0bc0d4600b		0	1		/eos/user/c/cglenn/FCCWork/whizard/whizard_ttbar_spinpol/production/full6f_365gev_ee_ttbar_spinpol_v1/phase11_diagnostics/excess_weight_rootcause_v1/ttbar_restricted_region_suite_v1/regions/20260816T231425Z_U9region_core_W15_S8_np1_v1p0p1/adaptive/W15_HH_M2_A10_S7/console.log	1
C_W15_HH_M2_A10_S7_F2	fixed	W15_HH_M2_A10_S7_F2	W15_HH_M2_A10_S7	A10	F2	S7	1552803368	239117595	"1:1000000:""gw"""	"1:2000000:"""""	M2	HH	W15	NR	15.0	/eos/user/c/cglenn/FCCWork/whizard/whizard_ttbar_spinpol/production/full6f_365gev_ee_ttbar_spinpol_v1/phase11_diagnostics/excess_weight_rootcause_v1/ttbar_restricted_region_suite_v1/regions/20260816T231425Z_U9region_core_W15_S8_np1_v1p0p1/W15/HH/M2/fixed/W15_HH_M2_A10_S7/F2	/eos/user/c/cglenn/FCCWork/whizard/whizard_ttbar_spinpol/production/full6f_365gev_ee_ttbar_spinpol_v1/phase11_diagnostics/excess_weight_rootcause_v1/ttbar_restricted_region_suite_v1/regions/20260816T231425Z_U9region_core_W15_S8_np1_v1p0p1/W15/HH/M2/fixed/W15_HH_M2_A10_S7/F2	/eos/user/c/cglenn/FCCWork/whizard/whizard_ttbar_spinpol/production/full6f_365gev_ee_ttbar_spinpol_v1/phase11_diagnostics/excess_weight_rootcause_v1/ttbar_restricted_region_suite_v1/regions/20260816T231425Z_U9region_core_W15_S8_np1_v1p0p1/fixed/W15_HH_M2_A10_S7/F2	runtime_flat_fallback	PASS	PASS	0	20733e0e17025d2c73f73a666c5b62f92c105ca98114231020130b77f5730d5d	1023f86ef761d7960313199cb37730d923b30a2bd657e9600ccf57d1dd2241fa	58e1da2b45f8270d8aae0ab79c6cce5288c428fcabaa2010e2f1df0bc0d4600b	1	0	1	/eos/user/c/cglenn/FCCWork/whizard/whizard_ttbar_spinpol/production/full6f_365gev_ee_ttbar_spinpol_v1/phase11_diagnostics/excess_weight_rootcause_v1/ttbar_restricted_region_suite_v1/regions/20260816T231425Z_U9region_core_W15_S8_np1_v1p0p1/fixed/W15_HH_M2_A10_S7/F2/console.log	1
